timestamp,elapsed_s,bottle_psi,tank_psi,chamber_psi,loadcell_lbs,gse_fill,gse_relief,gse_dump,rkt_ox,rkt_fuel,rkt_relief,rkt_dump,rkt_ign
2026-04-01 21:28:29.308,75.475,1155,1153,1134,-5.33,0,0,0,0,0,0,0,0
2026-04-01 21:28:29.309,75.475,1155,1154,1134,-5.33,0,0,0,0,0,0,0,0
2026-04-01 21:28:29.357,75.523,1155,1154,1134,-5.6,0,0,0,0,0,0,0,0
2026-04-01 21:28:29.436,75.603,1155,1153,1134,-4.94,0,0,0,0,0,0,0,0
2026-04-01 21:28:29.484,75.651,1155,1153,1134,-5.36,0,0,0,0,0,0,0,0
2026-04-01 21:28:29.676,75.843,1157,1153,1135,-5.43,0,0,0,0,0,0,0,0
2026-04-01 21:28:29.677,75.844,1157,1153,1135,-6.34,0,0,0,0,0,0,0,0
2026-04-01 21:28:29.757,75.924,1157,1152,1134,-6.34,0,0,0,0,0,0,0,0
2026-04-01 21:28:29.836,76.003,1156,1152,1135,-5.07,0,0,0,0,0,0,0,0
2026-04-01 21:28:29.932,76.099,1156,1153,1135,-4.95,0,0,0,0,0,0,0,0
2026-04-01 21:28:29.996,76.163,1156,1152,1134,-5.13,0,0,0,0,0,0,0,0
2026-04-01 21:28:30.140,76.307,1155,1155,1134,-5.56,0,0,0,0,0,0,0,0
2026-04-01 21:28:30.236,76.403,1155,1154,1134,-5.38,0,0,0,0,0,0,0,0
2026-04-01 21:28:30.380,76.547,1155,1154,1134,-6.23,0,0,0,0,0,0,0,0
2026-04-01 21:28:30.381,76.547,1155,1154,1134,-6.24,0,0,0,0,0,0,0,0
2026-04-01 21:28:30.460,76.627,1155,1153,1134,-5.53,0,0,0,0,0,0,0,0
2026-04-01 21:28:30.460,76.627,1155,1153,1135,-5.14,0,0,0,0,0,0,0,0
2026-04-01 21:28:30.460,76.627,1155,1153,1135,-5.14,0,0,0,0,0,0,0,0
2026-04-01 21:28:30.540,76.707,1155,1153,1134,-5.59,0,0,0,0,0,0,0,0
2026-04-01 21:28:30.636,76.803,1157,1153,1135,-5.66,0,0,0,0,0,0,0,0
2026-04-01 21:28:30.684,76.851,1157,1152,1133,-5.29,0,0,0,0,0,0,0,0
2026-04-01 21:28:30.828,76.995,1156,1152,1134,-5.44,0,0,0,0,0,0,0,0
2026-04-01 21:28:30.844,77.011,1156,1152,1134,-5.44,0,0,0,0,0,0,0,0
2026-04-01 21:28:30.924,77.091,1156,1152,1134,-5.95,0,0,0,0,0,0,0,0
2026-04-01 21:28:31.036,77.203,1155,1152,1134,-5.02,0,0,0,0,0,0,0,0
2026-04-01 21:28:31.180,77.347,1156,1152,1135,-5.32,0,0,0,0,0,0,0,0
2026-04-01 21:28:31.308,77.475,1156,1154,1134,-5.88,0,0,0,0,0,0,0,0
2026-04-01 21:28:31.420,77.587,1156,1153,1135,-5.31,0,0,0,0,0,0,0,0
2026-04-01 21:28:31.420,77.587,1156,1154,1135,-5.6,0,0,0,0,0,0,0,0
2026-04-01 21:28:31.421,77.587,1155,1153,1134,-5.45,0,0,0,0,0,0,0,0
2026-04-01 21:28:31.452,77.619,1155,1153,1134,-5.45,0,0,0,0,0,0,0,0
2026-04-01 21:28:31.453,77.620,1155,1153,1134,-5.14,0,0,0,0,0,0,0,0
2026-04-01 21:28:31.596,77.763,1155,1153,1135,-6.01,0,0,0,0,0,0,0,0
2026-04-01 21:28:31.612,77.779,1155,1153,1135,-5.9,0,0,0,0,0,0,0,0
2026-04-01 21:28:31.628,77.795,1155,1152,1134,-5.9,0,0,0,0,0,0,0,0
2026-04-01 21:28:31.644,77.811,1155,1152,1134,-5.27,0,0,0,0,0,0,0,0
2026-04-01 21:28:31.644,77.811,1155,1152,1135,-5.24,0,0,0,0,0,0,0,0
2026-04-01 21:28:31.740,77.907,1155,1152,1134,-5.83,0,0,0,0,0,0,0,0
2026-04-01 21:28:31.932,78.099,1157,1152,1134,-5.15,0,0,0,0,0,0,0,0
2026-04-01 21:28:31.980,78.147,1157,1152,1134,-5.17,0,0,0,0,0,0,0,0
2026-04-01 21:28:32.108,78.275,1156,1152,1134,-5.73,0,0,0,0,0,0,0,0
2026-04-01 21:28:32.172,78.339,1155,1151,1134,-6.22,0,0,0,0,0,0,0,0
2026-04-01 21:28:32.284,78.451,1155,1152,1134,-4.92,0,0,0,0,0,0,0,0
2026-04-01 21:28:32.332,78.499,1155,1154,1134,-4.77,0,0,0,0,0,0,0,0
2026-04-01 21:28:32.492,78.659,1155,1154,1135,-5.6,0,0,0,0,0,0,0,0
2026-04-01 21:28:32.493,78.659,1155,1154,1135,-5.32,0,0,0,0,0,0,0,0
2026-04-01 21:28:32.797,78.963,1155,1153,1134,-5.17,0,0,0,0,0,0,0,0
2026-04-01 21:28:32.812,78.979,1155,1152,1134,-5.23,0,0,0,0,0,0,0,0
2026-04-01 21:28:32.892,79.059,1157,1152,1134,-5.23,0,0,0,0,0,0,0,0
2026-04-01 21:28:32.988,79.155,1157,1152,1134,-5.69,0,0,0,0,0,0,0,0
2026-04-01 21:28:33.068,79.235,1156,1152,1134,-5.35,0,0,0,0,0,0,0,0
2026-04-01 21:28:33.132,79.299,1156,1152,1134,-5.53,0,0,0,0,0,0,0,0
2026-04-01 21:28:33.228,79.395,1155,1152,1134,-5.32,0,0,0,0,0,0,0,0
2026-04-01 21:28:33.340,79.507,1155,1152,1135,-5.86,0,0,0,0,0,0,0,0
2026-04-01 21:28:33.340,79.507,1155,1152,1135,-5.27,0,0,0,0,0,0,0,0
2026-04-01 21:28:33.436,79.603,1156,1154,1135,-5.27,0,0,0,0,0,0,0,0
2026-04-01 21:28:33.580,79.747,1155,1154,1134,-4.82,0,0,0,0,0,0,0,0
2026-04-01 21:28:33.580,79.747,1155,1153,1134,-5.1,0,0,0,0,0,0,0,0
2026-04-01 21:28:33.676,79.843,1155,1154,1134,-5.1,0,0,0,0,0,0,0,0
2026-04-01 21:28:33.740,79.907,1155,1153,1134,-6.12,0,0,0,0,0,0,0,0
2026-04-01 21:28:33.884,80.051,1155,1153,1136,-5.78,0,0,0,0,0,0,0,0
2026-04-01 21:28:33.900,80.067,1156,1153,1135,-5.68,0,0,0,0,0,0,0,0
2026-04-01 21:28:33.964,80.131,1156,1153,1135,-5.68,0,0,0,0,0,0,0,0
2026-04-01 21:28:34.092,80.259,1157,1153,1134,-5.6,0,0,0,0,0,0,0,0
2026-04-01 21:28:34.108,80.275,1157,1152,1134,-5.6,0,0,0,0,0,0,0,0
2026-04-01 21:28:34.220,80.387,1156,1152,1134,-4.75,0,0,0,0,0,0,0,0
2026-04-01 21:28:34.316,80.483,1155,1152,1135,-5.69,0,0,0,0,0,0,0,0
2026-04-01 21:28:34.444,80.611,1155,1152,1135,-5.03,0,0,0,0,0,0,0,0
2026-04-01 21:28:34.492,80.659,1155,1152,1134,-5.45,0,0,0,0,0,0,0,0
2026-04-01 21:28:34.636,80.803,1155,1153,1134,-5.59,0,0,0,0,0,0,0,0
2026-04-01 21:28:34.636,80.803,1155,1153,1134,-5.59,0,0,0,0,0,0,0,0
2026-04-01 21:28:34.716,80.883,1155,1153,1134,-5.67,0,0,0,0,0,0,0,0
2026-04-01 21:28:34.860,81.027,1155,1153,1133,-5.06,0,0,0,0,0,0,0,0
2026-04-01 21:28:34.908,81.075,1155,1153,1134,-5.37,0,0,0,0,0,0,0,0
2026-04-01 21:28:35.036,81.203,1155,1153,1134,-5.43,0,0,0,0,0,0,0,0
2026-04-01 21:28:35.116,81.283,1157,1153,1135,-5.26,0,0,0,0,0,0,0,0
2026-04-01 21:28:35.116,81.283,1157,1152,1135,-5.55,0,0,0,0,0,0,0,0
2026-04-01 21:28:35.164,81.331,1156,1152,1134,-5.17,0,0,0,0,0,0,0,0
2026-04-01 21:28:35.261,81.427,1155,1152,1134,-5.44,0,0,0,0,0,0,0,0
2026-04-01 21:28:35.420,81.586,1155,1152,1134,-6.26,0,0,0,0,0,0,0,0
2026-04-01 21:28:35.484,81.651,1155,1152,1134,-6.16,0,0,0,0,0,0,0,0
2026-04-01 21:28:35.564,81.731,1155,1152,1135,-5.47,0,0,0,0,0,0,0,0
2026-04-01 21:28:35.788,81.955,1155,1153,1135,-5.15,0,0,0,0,0,0,0,0
2026-04-01 21:28:35.932,82.099,1154,1152,1134,-5.42,0,0,0,0,0,0,0,0
2026-04-01 21:28:35.948,82.115,1155,1152,1136,-5.9,0,0,0,0,0,0,0,0
2026-04-01 21:28:36.028,82.195,1155,1152,1135,-5.9,0,0,0,0,0,0,0,0
2026-04-01 21:28:36.044,82.211,1155,1152,1135,-5.07,0,0,0,0,0,0,0,0
2026-04-01 21:28:36.044,82.211,1155,1152,1135,-4.96,0,0,0,0,0,0,0,0
2026-04-01 21:28:36.108,82.274,1155,1152,1135,-4.84,0,0,0,0,0,0,0,0
2026-04-01 21:28:36.108,82.275,1157,1152,1135,-4.84,0,0,0,0,0,0,0,0
2026-04-01 21:28:36.220,82.387,1156,1152,1134,-4.95,0,0,0,0,0,0,0,0
2026-04-01 21:28:36.220,82.387,1158,1152,1134,-5.01,0,0,0,0,0,0,0,0
2026-04-01 21:28:36.316,82.483,1157,1152,1134,-5.49,0,0,0,0,0,0,0,0
2026-04-01 21:28:36.317,82.483,1157,1152,1134,-5.49,0,0,0,0,0,0,0,0
2026-04-01 21:28:36.317,82.484,1156,1152,1135,-5.23,0,0,0,0,0,0,0,0
2026-04-01 21:28:36.508,82.675,1156,1152,1134,-5.29,0,0,0,0,0,0,0,0
2026-04-01 21:28:36.524,82.691,1156,1152,1135,-6.0,0,0,0,0,0,0,0,0
2026-04-01 21:28:36.684,82.851,1155,1152,1134,-5.14,0,0,0,0,0,0,0,0
2026-04-01 21:28:36.764,82.931,1155,1152,1134,-5.63,0,0,0,0,0,0,0,0
2026-04-01 21:28:36.860,83.027,1155,1153,1134,-6.34,0,0,0,0,0,0,0,0
2026-04-01 21:28:36.860,83.027,1155,1153,1134,-6.34,0,0,0,0,0,0,0,0
2026-04-01 21:28:36.924,83.091,1155,1153,1135,-5.69,0,0,0,0,0,0,0,0
2026-04-01 21:28:36.924,83.091,1155,1154,1134,-5.69,0,0,0,0,0,0,0,0
2026-04-01 21:28:37.036,83.203,1155,1154,1134,-5.1,0,0,0,0,0,0,0,0
2026-04-01 21:28:37.100,83.266,1155,1153,1134,-5.63,0,0,0,0,0,0,0,0
2026-04-01 21:28:37.260,83.427,1155,1152,1135,-5.39,0,0,0,0,0,0,0,0
2026-04-01 21:28:37.356,83.523,1157,1153,1135,-4.78,0,0,0,0,0,0,0,0
2026-04-01 21:28:37.436,83.603,1155,1152,1134,-5.47,0,0,0,0,0,0,0,0
2026-04-01 21:28:37.452,83.618,1156,1153,1134,-47,0,0,0,0,0,0,0,0
2026-04-01 21:28:37.500,83.667,1156,1153,1134,-5.1,0,0,0,0,0,0,0,0
2026-04-01 21:28:37.644,83.811,1156,1153,1134,-5.43,0,0,0,0,0,0,0,0
2026-04-01 21:28:37.644,83.811,1155,1152,1135,-5.28,0,0,0,0,0,0,0,0
2026-04-01 21:28:37.788,83.955,1155,1152,1135,-5.8,0,0,0,0,0,0,0,0
2026-04-01 21:28:37.789,83.955,1155,1152,1135,-5.45,0,0,0,0,0,0,0,0
2026-04-01 21:28:37.884,84.051,1155,1154,1135,-5.45,0,0,0,0,0,0,0,0
2026-04-01 21:28:37.884,84.051,1155,1153,1135,-5.38,0,0,0,0,0,0,0,0
2026-04-01 21:28:37.964,84.130,1155,1154,1135,-5.32,0,0,0,0,0,0,0,0
2026-04-01 21:28:37.980,84.146,1155,1153,1134,-5.32,0,0,0,0,0,0,0,0
2026-04-01 21:28:38.140,84.306,1155,1153,1134,-5.51,0,0,0,0,0,0,0,0
2026-04-01 21:28:38.204,84.371,1155,1153,1134,-6.11,0,0,0,0,0,0,0,0
2026-04-01 21:28:38.204,84.371,1155,1153,1136,-5.36,0,0,0,0,0,0,0,0
2026-04-01 21:28:38.300,84.467,1155,1153,1135,-5.36,0,0,0,0,0,0,0,0
2026-04-01 21:28:38.364,84.531,1155,1152,1135,-5.23,0,0,0,0,0,0,0,0
2026-04-01 21:28:38.524,84.691,1156,1152,1134,-5.57,0,0,0,0,0,0,0,0
2026-04-01 21:28:38.588,84.754,1156,1152,1134,-4.89,0,0,0,0,0,0,0,0
2026-04-01 21:28:38.668,84.834,1155,1152,1134,-4.77,0,0,0,0,0,0,0,0
2026-04-01 21:28:38.812,84.978,1155,1152,1134,-5.09,0,0,0,0,0,0,0,0
2026-04-01 21:28:38.940,85.106,1155,1152,1135,-5.73,0,0,0,0,0,0,0,0
2026-04-01 21:28:39.052,85.219,1155,1153,1134,-5.33,0,0,0,0,0,0,0,0
2026-04-01 21:28:39.100,85.267,1155,1153,1134,-6.02,0,0,0,0,0,0,0,0
2026-04-01 21:28:39.100,85.267,1155,1153,1134,-5.47,0,0,0,0,0,0,0,0
2026-04-01 21:28:39.228,85.394,1155,1153,1134,-5.47,0,0,0,0,0,0,0,0
2026-04-01 21:28:39.292,85.459,1155,1153,1134,-5.17,0,0,0,0,0,0,0,0
2026-04-01 21:28:39.564,85.731,1157,1152,1134,-5.89,0,0,0,0,0,0,0,0
2026-04-01 21:28:39.644,85.811,1156,1152,1134,-5.89,0,0,0,0,0,0,0,0
2026-04-01 21:28:39.804,85.971,1155,1152,1134,-5.3,0,0,0,0,0,0,0,0
2026-04-01 21:28:39.868,86.035,1155,1152,1134,-5.38,0,0,0,0,0,0,0,0
2026-04-01 21:28:39.932,86.098,1154,1152,1134,-5.98,0,0,0,0,0,0,0,0
2026-04-01 21:28:40.108,86.274,1155,1152,1135,-5.06,0,0,0,0,0,0,0,0
2026-04-01 21:28:40.188,86.355,1155,1154,1134,-5.32,0,0,0,0,0,0,0,0
2026-04-01 21:28:40.188,86.355,1155,1154,1135,-6.18,0,0,0,0,0,0,0,0
2026-04-01 21:28:40.300,86.466,1155,1153,1134,-5.14,0,0,0,0,0,0,0,0
2026-04-01 21:28:40.316,86.482,1155,1153,1134,-4.89,0,0,0,0,0,0,0,0
2026-04-01 21:28:40.316,86.483,1155,1154,1135,-4.89,0,0,0,0,0,0,0,0
2026-04-01 21:28:40.411,86.578,1155,1154,1135,-5.06,0,0,0,0,0,0,0,0
2026-04-01 21:28:40.523,86.690,1155,1153,1133,-5.74,0,0,0,0,0,0,0,0
2026-04-01 21:28:40.572,86.739,1156,1153,1134,-5.83,0,0,0,0,0,0,0,0
2026-04-01 21:28:40.572,86.739,1156,1152,1135,-5.85,0,0,0,0,0,0,0,0
2026-04-01 21:28:40.699,86.866,1156,1152,1134,-5.39,0,0,0,0,0,0,0,0
2026-04-01 21:28:40.747,86.914,1156,1152,1134,-5.87,0,0,0,0,0,0,0,0
2026-04-01 21:28:40.876,87.042,1155,1152,1134,-4.91,0,0,0,0,0,0,0,0
2026-04-01 21:28:40.971,87.138,1155,1152,1134,-5.26,0,0,0,0,0,0,0,0
2026-04-01 21:28:41.083,87.250,1155,1152,1134,-5.84,0,0,0,0,0,0,0,0
2026-04-01 21:28:41.212,87.379,1155,1153,1135,-5.92,0,0,0,0,0,0,0,0
2026-04-01 21:28:41.340,87.506,1155,1154,1133,-4.91,0,0,0,0,0,0,0,0
2026-04-01 21:28:41.340,87.507,1155,1154,1133,-5.41,0,0,0,0,0,0,0,0
2026-04-01 21:28:41.419,87.586,1154,1154,1134,-5.41,0,0,0,0,0,0,0,0
2026-04-01 21:28:41.564,87.731,1155,1153,1135,-5.3,0,0,0,0,0,0,0,0
2026-04-01 21:28:41.564,87.731,1155,1153,1135,-5.3,0,0,0,0,0,0,0,0
2026-04-01 21:28:41.628,87.794,1155,1153,1134,-5.34,0,0,0,0,0,0,0,0
2026-04-01 21:28:41.676,87.842,1156,1153,1135,-5.95,0,0,0,0,0,0,0,0
2026-04-01 21:28:41.804,87.971,1156,1152,1134,-5.72,0,0,0,0,0,0,0,0
2026-04-01 21:28:42.172,88.339,1156,11529,0,0,0,0,0,0,0,0,0,0
2026-04-01 21:28:42.316,88.483,1155,1152,1135,-4.99,0,0,0,0,0,0,0,0
2026-04-01 21:28:42.331,88.498,1155,1153,1134,-5.3,1,0,0,0,0,0,0,0
2026-04-01 21:28:42.379,88.546,1155,1154,1134,-5.33,1,0,0,0,0,0,0,0
2026-04-01 21:28:42.380,88.547,1155,1154,1134,-5.37,1,0,0,0,0,0,0,0
2026-04-01 21:28:42.539,88.706,1155,1154,1135,-5.37,1,0,0,0,0,0,0,0
2026-04-01 21:28:42.635,88.802,1155,1153,1134,-5.45,1,0,0,0,0,0,0,0
2026-04-01 21:28:42.763,88.930,1155,1152,1134,-5.19,1,0,0,0,0,0,0,0
2026-04-01 21:28:42.780,88.947,1155,1152,1134,-5.49,1,0,0,0,0,0,0,0
2026-04-01 21:28:42.860,89.027,1156,1152,1134,-5.49,1,0,0,0,0,0,0,0
2026-04-01 21:28:42.971,89.138,1157,1153,1135,-5.19,1,0,0,0,0,0,0,0
2026-04-01 21:28:43.115,89.282,1155,1152,1134,-6.19,1,0,0,0,0,0,0,0
2026-04-01 21:28:43.116,89.282,1155,1152,1135,-5.53,1,0,0,0,0,0,0,0
2026-04-01 21:28:43.211,89.378,1155,1152,1134,-5.7,1,0,0,0,0,0,0,0
2026-04-01 21:28:43.323,89.490,1155,1152,1134,-5.9,1,0,0,0,0,0,0,0
2026-04-01 21:28:43.451,89.618,1155,1152,1134,-5.29,1,0,0,0,0,0,0,0
2026-04-01 21:28:43.563,89.730,1155,1154,1135,-5.89,1,0,0,0,0,0,0,0
2026-04-01 21:28:43.611,89.778,1155,1153,1135,-5.45,1,0,0,0,0,0,0,0
2026-04-01 21:28:43.739,89.906,1155,1152,1134,-5.32,1,0,0,0,0,0,0,0
2026-04-01 21:28:43.740,89.907,1155,1153,1136,-5.56,1,0,0,0,0,0,0,0
2026-04-01 21:28:43.835,90.002,1155,1152,1135,-5.56,1,0,0,0,0,0,0,0
2026-04-01 21:28:43.979,90.146,1157,1152,1134,-5.42,0,0,0,0,0,0,0,0
2026-04-01 21:28:44.171,90.338,1155,1152,1134,-5.09,0,0,0,0,0,0,0,0
2026-04-01 21:28:44.203,90.370,1156,1152,1136,-5.65,0,0,0,0,0,0,0,0
2026-04-01 21:28:44.380,90.547,1155,1152,1134,-5.66,0,0,0,0,0,0,0,0
2026-04-01 21:28:44.412,90.578,1155,1152,1134,-5.49,0,0,0,0,0,0,0,0
2026-04-01 21:28:44.492,90.658,1155,1153,1134,-5.11,0,0,0,0,0,0,0,0
2026-04-01 21:28:44.619,90.786,1155,1154,1134,-5.46,0,0,0,0,0,0,0,0
2026-04-01 21:28:44.635,90.802,1155,1154,1135,-5.12,0,0,0,0,0,0,0,0
2026-04-01 21:28:44.732,90.899,1156,1154,1135,-5.12,0,0,0,0,0,0,0,0
2026-04-01 21:28:44.732,90.899,1156,1154,1134,-5.67,0,0,0,0,0,0,0,0
2026-04-01 21:28:44.924,91.091,1156,1154,1135,-4.8,0,0,0,0,0,0,0,0
2026-04-01 21:28:44.924,91.091,1155,1153,1135,-5.0,0,0,0,0,0,0,0,0
2026-04-01 21:28:44.924,91.091,1155,1153,1135,-5.0,0,0,0,0,0,0,0,0
2026-04-01 21:28:45.003,91.170,1155,1153,1134,-5.41,0,0,0,0,0,0,0,0
2026-04-01 21:28:45.099,91.266,1157,1152,1133,-6.02,0,0,0,0,0,0,0,0
2026-04-01 21:28:45.195,91.362,1156,1152,1134,-4.73,0,0,0,0,0,0,0,0
2026-04-01 21:28:45.339,91.506,1156,1152,1134,-5.14,0,0,0,0,0,0,0,0
2026-04-01 21:28:45.419,91.586,1156,1152,1134,-5.41,0,0,0,0,0,0,0,0
2026-04-01 21:28:45.483,91.650,1155,1152,1134,-4.87,0,0,0,0,0,0,0,0
2026-04-01 21:28:45.595,91.762,1155,1152,1135,-5.37,0,0,0,0,0,0,0,0
2026-04-01 21:28:45.691,91.858,1155,1153,1133,-6.14,0,0,0,0,0,0,0,0
2026-04-01 21:28:45.819,91.986,1155,1154,1135,-6.11,0,0,0,0,0,0,0,0
2026-04-01 21:28:45.995,92.162,1155,1153,1134,-6.12,0,0,0,0,0,0,0,0
2026-04-01 21:28:46.043,92.210,1155,1153,1134,-5.31,0,0,0,0,0,0,0,0
2026-04-01 21:28:46.059,92.226,1155,1152,1134,-5.42,0,0,0,0,0,0,0,0
2026-04-01 21:28:46.187,92.354,1157,1152,1134,-5.42,0,0,0,0,0,0,0,0
2026-04-01 21:28:46.203,92.370,1157,1152,1134,-5.16,0,0,0,0,0,0,0,0
2026-04-01 21:28:46.332,92.499,1155,1152,1134,-5.99,0,0,0,0,0,0,0,0
2026-04-01 21:28:46.427,92.594,1155,1152,1135,-6.07,0,0,0,0,0,0,0,0
2026-04-01 21:28:46.539,92.706,1155,1152,1135,-4.94,0,0,0,0,0,0,0,0
2026-04-01 21:28:46.539,92.706,1155,1153,1135,-4.98,0,0,0,0,0,0,0,0
2026-04-01 21:28:46.667,92.834,1155,1152,1135,-4.99,0,0,0,0,0,0,0,0
2026-04-01 21:28:46.668,92.835,1155,1152,1134,-4.91,0,0,0,0,0,0,0,0
2026-04-01 21:28:46.668,92.835,1155,1154,1134,-4.91,0,0,0,0,0,0,0,0
2026-04-01 21:28:46.699,92.866,1155,1154,1134,-5.49,0,0,0,0,0,0,0,0
2026-04-01 21:28:46.843,93.010,1155,1153,1135,-5.44,0,0,0,0,0,0,0,0
2026-04-01 21:28:46.891,93.058,1155,1153,1135,-5.97,0,0,0,0,0,0,0,0
2026-04-01 21:28:46.891,93.058,1155,1153,1135,-5.62,0,0,0,0,0,0,0,0
2026-04-01 21:28:47.035,93.202,1155,1153,1135,-5.62,0,0,0,0,0,0,0,0
2026-04-01 21:28:47.244,93.410,1155,1152,1135,-5.09,0,0,0,0,0,0,0,0
2026-04-01 21:28:47.244,93.411,1156,1152,1134,-5.09,0,0,0,0,0,0,0,0
2026-04-01 21:28:47.387,93.554,1156,1152,1135,-5.52,0,0,0,0,0,0,0,0
2026-04-01 21:28:47.499,93.666,1156,1152,1134,-5.63,0,0,0,0,0,0,0,0
2026-04-01 21:28:47.643,93.810,1155,1152,1135,-5.25,0,0,0,0,0,0,0,0
2026-04-01 21:28:47.707,93.874,1154,1151,1134,-5.61,0,0,0,0,0,0,0,0
2026-04-01 21:28:47.836,94.003,1155,1152,1135,-4.8,0,0,0,0,0,0,0,0
2026-04-01 21:28:47.947,94.114,1155,1153,1134,-4.86,0,0,0,0,0,0,0,0
2026-04-01 21:28:47.964,94.130,1155,1153,1134,-4.92,0,0,0,0,0,0,0,0
2026-04-01 21:28:48.043,94.210,1155,1154,1134,-4.83,0,0,0,0,0,0,0,0
2026-04-01 21:28:48.059,94.226,1155,1154,1134,-5.77,0,0,0,0,0,0,0,0
2026-04-01 21:28:48.187,94.354,1155,1153,1134,-5.77,0,0,0,0,0,0,0,0
2026-04-01 21:28:48.283,94.450,1155,1152,1135,-6.06,0,0,0,0,0,0,0,0
2026-04-01 21:28:48.395,94.562,1156,1152,1134,-6.02,0,0,0,0,0,0,0,0
2026-04-01 21:28:48.411,94.578,1156,1152,1135,-5.42,0,0,0,0,0,0,0,0
2026-04-01 21:28:48.507,94.674,1156,1152,1135,-5.42,0,0,0,0,0,0,0,0
2026-04-01 21:28:48.635,94.802,1156,1152,1135,-4.97,0,0,0,0,0,0,0,0
2026-04-01 21:28:48.747,94.914,1155,1152,1134,-5.06,0,0,0,0,0,0,0,0
2026-04-01 21:28:48.859,95.026,1155,1152,1134,-5.27,0,0,0,0,0,0,0,0
2026-04-01 21:28:48.971,95.138,1155,1153,1134,-5.68,0,0,0,0,0,0,0,0
2026-04-01 21:28:49.067,95.234,1155,1153,1134,-4.98,0,0,0,0,0,0,0,0
2026-04-01 21:28:49.211,95.378,1155,1153,1135,-5.36,0,0,0,0,0,0,0,0
2026-04-01 21:28:49.291,95.458,1155,1153,1135,-5.9,0,0,0,0,0,0,0,0
2026-04-01 21:28:49.419,95.586,1155,1153,1135,-5.83,0,0,0,0,0,0,0,0
2026-04-01 21:28:49.419,95.586,1155,1153,1135,-4.74,0,0,0,0,0,0,0,0
2026-04-01 21:28:49.499,95.666,1157,1153,1134,-4.74,0,0,0,0,0,0,0,0
2026-04-01 21:28:49.579,95.746,1156,1152,1134,-5.99,0,0,0,0,0,0,0,0
2026-04-01 21:28:49.723,95.890,1156,1152,1134,-5.8,0,0,0,0,0,0,0,0
2026-04-01 21:28:49.852,96.019,1155,1152,1134,-5.02,0,0,0,0,0,0,0,0
2026-04-01 21:28:49.931,96.098,1155,1152,1135,-4.98,0,0,0,0,0,0,0,0
2026-04-01 21:28:50.075,96.242,1155,1153,1133,-4.7,0,0,0,0,0,0,0,0
2026-04-01 21:28:50.155,96.322,1155,1153,1134,-5.63,0,0,0,0,0,0,0,0
2026-04-01 21:28:50.267,96.434,1155,1154,1133,-6.06,0,0,0,0,0,0,0,0
2026-04-01 21:28:50.379,96.546,1155,1153,1135,-4.44,0,0,0,0,0,0,0,0
2026-04-01 21:28:50.475,96.642,1155,1153,1136,-4.35,0,0,0,0,0,0,0,0
2026-04-01 21:28:50.475,96.642,1155,1153,1135,-4.35,0,0,0,0,0,0,0,0
2026-04-01 21:28:50.587,96.754,1158,1153,1135,-4.35,0,0,0,0,0,0,0,0
2026-04-01 21:28:50.668,96.834,1157,1153,1135,-4.4,0,0,0,0,0,0,0,0
2026-04-01 21:28:56.331,102.497,1199,2001,748,-19.52,0,0,0,0,0,0,0,0
2026-04-01 21:28:56.427,102.594,1187,1678,1123,-19.87,0,0,0,0,0,0,0,0
2026-04-01 21:28:56.539,102.705,1156,1474,1128,-19.92,0,0,0,0,0,0,0,0
2026-04-01 21:28:56.603,102.770,1157,1353,1133,-20.03,0,0,0,0,0,0,0,0
2026-04-01 21:28:56.667,102.833,1157,1278,1134,-20.09,0,0,0,0,0,0,0,0
2026-04-01 21:28:56.714,102.881,1156,1229,1134,-20.06,0,0,0,0,0,0,0,0
2026-04-01 21:28:56.843,103.009,1155,1201,1133,-20.63,0,0,0,0,0,0,0,0
2026-04-01 21:28:56.923,103.089,1156,1183,1134,-21.06,0,0,0,0,0,0,0,0
2026-04-01 21:28:57.035,103.201,1156,1171,1134,-20.69,0,0,0,0,0,0,0,0
2026-04-01 21:28:57.115,103.281,1156,1165,1134,-21.02,0,0,0,0,0,0,0,0
2026-04-01 21:28:57.163,103.329,1156,1161,1134,-20.97,0,0,0,0,0,0,0,0
2026-04-01 21:28:57.227,103.393,1157,1158,1134,-21.1,0,0,0,0,0,0,0,0
2026-04-01 21:28:57.291,103.457,1156,1157,1134,-21.04,0,0,0,0,0,0,0,0
2026-04-01 21:28:57.387,103.553,1156,1155,1134,-20.31,0,0,0,0,0,0,0,0
2026-04-01 21:28:57.466,103.633,1156,1154,1134,-20.28,0,0,0,0,0,0,0,0
2026-04-01 21:28:57.579,103.745,1155,1154,1134,-19.37,0,0,0,0,0,0,0,0
2026-04-01 21:28:57.675,103.841,1156,1154,1134,-17.57,0,0,0,0,0,0,0,0
2026-04-01 21:28:57.755,103.921,1156,1154,1134,-15.8,0,0,0,0,0,0,0,0
2026-04-01 21:28:57.835,104.001,1156,1153,1134,-14.7,0,0,0,0,0,0,0,0
2026-04-01 21:28:57.931,104.097,1157,1154,1135,-17.63,0,0,0,0,0,0,0,0
2026-04-01 21:28:58.027,104.194,1157,1154,1134,-13.58,0,0,0,0,0,0,0,0
2026-04-01 21:28:58.075,104.241,1156,1153,1133,-11.59,0,0,0,0,0,0,0,0
2026-04-01 21:28:58.139,104.305,1156,1153,1133,-11.6,0,0,0,0,0,0,0,0
2026-04-01 21:28:58.298,104.465,1156,1153,1134,-10.38,0,0,0,0,0,0,0,0
2026-04-01 21:28:58.410,104.577,1156,1153,1134,-9.32,0,0,0,0,0,0,0,0
2026-04-01 21:28:58.507,104.674,1156,1154,1134,-10.46,0,0,0,0,0,0,0,0
2026-04-01 21:28:58.587,104.754,1156,1153,1133,-8.04,0,0,0,0,0,0,0,0
2026-04-01 21:28:58.651,104.817,1156,1153,1134,-7.36,0,0,0,0,0,0,0,0
2026-04-01 21:28:58.698,104.865,1156,1153,1135,-6.91,0,0,0,0,0,0,0,0
2026-04-01 21:28:58.795,104.962,1156,1153,1134,-6.2,0,0,0,0,0,0,0,0
2026-04-01 21:28:58.859,105.025,1156,1153,1134,-6.22,0,0,0,0,0,0,0,0
2026-04-01 21:28:58.954,105.121,1156,1152,1134,-7.08,0,0,0,0,0,0,0,0
2026-04-01 21:28:58.987,105.154,1157,1153,1134,-6.56,0,0,0,0,0,0,0,0
2026-04-01 21:28:59.067,105.233,1156,1153,1134,-6.02,0,0,0,0,0,0,0,0
2026-04-01 21:28:59.162,105.329,1156,1153,1134,-5.54,0,0,0,0,0,0,0,0
2026-04-01 21:28:59.291,105.457,1156,1153,1134,-6.15,0,0,0,0,0,0,0,0
2026-04-01 21:28:59.323,105.489,1157,1153,1134,-5.02,0,0,0,0,0,0,0,0
2026-04-01 21:28:59.387,105.553,1157,1154,1134,-5.64,0,0,0,0,0,0,0,0
2026-04-01 21:28:59.498,105.665,1156,1153,1134,-6.97,0,0,0,0,0,0,0,0
2026-04-01 21:28:59.547,105.714,1156,1154,1135,-6.86,0,0,0,0,0,0,0,0
2026-04-01 21:28:59.627,105.794,1156,1153,1134,-6.2,0,0,0,0,0,0,0,0
2026-04-01 21:28:59.723,105.890,1156,1153,1134,-6.0,0,0,0,0,0,0,0,0
2026-04-01 21:28:59.803,105.969,1156,1152,1134,-5.9,0,0,0,0,0,0,0,0
2026-04-01 21:28:59.898,106.065,1156,1153,1134,-6.15,0,0,0,0,0,0,0,0
2026-04-01 21:28:59.994,106.161,1156,1153,1134,-6.33,0,0,0,0,0,0,0,0
2026-04-01 21:29:00.139,106.305,1155,1152,1133,-5.59,0,0,0,0,0,0,0,0
2026-04-01 21:29:00.154,106.321,1155,1152,1134,-5.27,0,0,0,0,0,0,0,0
2026-04-01 21:29:00.234,106.401,1156,1153,1134,-6.1,0,0,0,0,0,0,0,0
2026-04-01 21:29:00.378,106.545,1157,1153,1134,-6.51,0,0,0,0,0,0,0,0
2026-04-01 21:29:00.442,106.609,1156,1153,1134,-5.68,0,0,0,0,0,0,0,0
2026-04-01 21:29:00.474,106.641,1156,1153,1135,-5.04,0,0,0,0,0,0,0,0
2026-04-01 21:29:00.602,106.769,1157,1153,1134,-6.35,0,0,0,0,0,0,0,0
2026-04-01 21:29:00.682,106.849,1156,1152,1134,-6.08,0,0,0,0,0,0,0,0
2026-04-01 21:29:00.746,106.913,1155,1153,1134,-5.88,0,0,0,0,0,0,0,0
2026-04-01 21:29:00.858,107.025,1157,1153,1135,-5.89,0,0,0,0,0,0,0,0
2026-04-01 21:29:00.906,107.073,1156,1152,1134,-5.39,0,0,0,0,0,0,0,0
2026-04-01 21:29:00.954,107.121,1156,1152,1134,-5.33,0,0,0,0,0,0,0,0
2026-04-01 21:29:01.066,107.233,1156,1153,1135,-5.61,0,0,0,0,0,0,0,0
2026-04-01 21:29:01.178,107.345,1157,1153,1134,-5.79,0,0,0,0,0,0,0,0
2026-04-01 21:29:01.210,107.377,1156,1153,1134,-6.0,0,0,0,0,0,0,0,0
2026-04-01 21:29:01.322,107.489,1156,1153,1133,-5.14,0,0,0,0,0,0,0,0
2026-04-01 21:29:01.354,107.521,1157,1153,1134,-5.6,0,0,0,0,0,0,0,0
2026-04-01 21:29:01.434,107.601,1157,1154,1135,-5.61,0,0,0,0,0,0,0,0
2026-04-01 21:29:01.546,107.713,1156,1153,1134,-5.61,0,0,0,0,0,0,0,0
2026-04-01 21:29:01.594,107.761,1156,1153,1133,-5.9,0,0,0,0,0,0,0,0
2026-04-01 21:29:01.690,107.857,1157,1153,1135,-5.62,0,0,0,0,0,0,0,0
2026-04-01 21:29:01.786,107.953,1156,1153,1134,-5.08,0,0,0,0,0,0,0,0
2026-04-01 21:29:01.834,108.001,1156,1154,1134,-6.59,0,0,0,0,0,0,0,0
2026-04-01 21:29:01.898,108.065,1157,1154,1134,-6.05,0,0,0,0,0,0,0,0
2026-04-01 21:29:01.979,108.145,1157,1154,1134,-5.65,0,0,0,0,0,0,0,0
2026-04-01 21:29:02.026,108.193,1157,1153,1134,-5.19,0,0,0,0,0,0,0,0
2026-04-01 21:29:02.122,108.289,1156,1153,1134,-4.58,0,0,0,0,0,0,0,0
2026-04-01 21:29:02.202,108.369,1156,1153,1135,-5.35,0,0,0,0,0,0,0,0
2026-04-01 21:29:02.266,108.433,1156,1153,1135,-5.64,0,0,0,0,0,0,0,0
2026-04-01 21:29:02.362,108.529,1156,1153,1135,-5.02,0,0,0,0,0,0,0,0
2026-04-01 21:29:02.442,108.609,1156,1154,1134,-5.82,0,0,0,0,0,0,0,0
2026-04-01 21:29:02.506,108.673,1156,1153,1134,-6.09,0,0,0,0,0,0,0,0
2026-04-01 21:29:02.586,108.753,1157,1153,1134,-6.29,0,0,0,0,0,0,0,0
2026-04-01 21:29:02.698,108.865,1156,1153,1134,-5.76,0,0,0,0,0,0,0,0
2026-04-01 21:29:02.794,108.961,1155,1153,1134,-5.39,0,0,0,0,0,0,0,0
2026-04-01 21:29:02.842,109.009,1157,1152,1133,-5.72,0,0,0,0,0,0,0,0
2026-04-01 21:29:02.906,109.073,1157,1153,1134,-5.42,0,0,0,0,0,0,0,0
2026-04-01 21:29:02.970,109.137,1156,1153,1134,-5.61,0,0,0,0,0,0,0,0
2026-04-01 21:29:03.066,109.233,1156,1153,1133,-5.04,0,0,0,0,0,0,0,0
2026-04-01 21:29:03.146,109.313,1156,1153,1134,-4.97,0,0,0,0,0,0,0,0
2026-04-01 21:29:03.226,109.393,1156,1153,1135,-5.32,0,0,0,0,0,0,0,0
2026-04-01 21:29:03.338,109.505,1155,1153,1134,-6.28,0,0,0,0,0,0,0,0
2026-04-01 21:29:03.386,109.553,1156,1153,1134,-5.23,0,0,0,0,0,0,0,0
2026-04-01 21:29:03.466,109.633,1155,1153,1134,-5.8,0,0,0,0,0,0,0,0
2026-04-01 21:29:03.530,109.697,1156,1153,1134,-6.08,0,0,0,0,0,0,0,0
2026-04-01 21:29:03.626,109.793,1156,1153,1134,-5.05,0,0,0,0,0,0,0,0
2026-04-01 21:29:03.722,109.889,1156,1153,1134,-5.77,0,0,0,0,0,0,0,0
2026-04-01 21:29:03.818,109.985,1156,1153,1134,-5.69,0,0,0,0,0,0,0,0
2026-04-01 21:29:03.882,110.049,1156,1153,1134,-5.67,0,0,0,0,0,0,0,0
2026-04-01 21:29:03.962,110.129,1156,1153,1135,-5.5,0,0,0,0,0,0,0,0
2026-04-01 21:29:04.074,110.241,1157,1153,1134,-5.36,0,0,0,0,0,0,0,0
2026-04-01 21:29:04.170,110.337,1156,1152,1133,-4.63,0,0,0,0,0,0,0,0
2026-04-01 21:29:04.218,110.385,1155,1152,1134,-5.04,0,0,0,0,0,0,0,0
2026-04-01 21:29:04.266,110.433,1157,1153,1134,-5.69,0,0,0,0,0,0,0,0
2026-04-01 21:29:04.346,110.513,1157,1153,1135,-5.86,0,0,0,0,0,0,0,0
2026-04-01 21:29:04.458,110.625,1156,1153,1135,-4.91,0,0,0,0,0,0,0,0
2026-04-01 21:29:04.506,110.673,1156,1152,1134,-5.2,0,0,0,0,0,0,0,0
2026-04-01 21:29:04.602,110.769,1156,1153,1134,-5.34,0,0,0,0,0,0,0,0
2026-04-01 21:29:04.666,110.833,1156,1153,1134,-5.67,0,0,0,0,0,0,0,0
2026-04-01 21:29:04.762,110.929,1155,1152,1134,-5.92,0,0,0,0,0,0,0,0
2026-04-01 21:29:04.874,111.041,1155,1152,1134,-5.96,0,0,0,0,0,0,0,0
2026-04-01 21:29:04.906,111.073,1156,1152,1134,-5.57,0,0,0,0,0,0,0,0
2026-04-01 21:29:05.002,111.169,1156,1152,1134,-5.95,0,0,0,0,0,0,0,0
2026-04-01 21:29:05.050,111.217,1156,1153,1135,-6.19,0,0,0,0,0,0,0,0
2026-04-01 21:29:05.204,111.370,1156,1153,1134,-4.94,0,0,0,0,0,0,0,0
2026-04-01 21:29:05.242,111.409,1157,1153,1134,-5.33,0,0,0,0,0,0,0,0
2026-04-01 21:29:05.338,111.505,1156,1152,1134,-6.24,0,0,0,0,0,0,0,0
2026-04-01 21:29:05.445,111.612,1156,1153,1134,-5.66,0,0,0,0,0,0,0,0
2026-04-01 21:29:05.474,111.641,1157,1153,1134,-6.55,0,0,0,0,0,0,0,0
2026-04-01 21:29:05.602,111.769,1156,1153,1134,-6.11,0,0,0,0,0,0,0,0
2026-04-01 21:29:05.650,111.817,1155,1152,1134,-5.95,0,0,0,0,0,0,0,0
2026-04-01 21:29:05.730,111.897,1156,1152,1134,-5.6,0,0,0,0,0,0,0,0
2026-04-01 21:29:05.794,111.961,1156,1153,1134,-5.07,0,0,0,0,0,0,0,0
2026-04-01 21:29:05.858,112.025,1157,1153,1134,-6.44,0,0,0,0,0,0,0,0
2026-04-01 21:29:05.970,112.137,1155,1153,1134,-5.35,0,0,0,0,0,0,0,0
2026-04-01 21:29:06.018,112.185,1155,1153,1134,-6.18,0,0,0,0,0,0,0,0
2026-04-01 21:29:06.098,112.265,1156,1153,1134,-4.7,0,0,0,0,0,0,0,0
2026-04-01 21:29:06.226,112.393,1157,1153,1134,-5.85,0,0,0,0,0,0,0,0
2026-04-01 21:29:06.258,112.425,1157,1153,1134,-6.65,0,0,0,0,0,0,0,0
2026-04-01 21:29:06.338,112.505,1156,1153,1134,-5.04,0,0,0,0,0,0,0,0
2026-04-01 21:29:06.434,112.601,1156,1152,1134,-6.02,0,0,0,0,0,0,0,0
2026-04-01 21:29:06.514,112.681,1156,1152,1134,-5.5,0,0,0,0,0,0,0,0
2026-04-01 21:29:06.578,112.745,1156,1153,1134,-5.86,0,0,0,0,0,0,0,0
2026-04-01 21:29:06.642,112.809,1156,1152,1134,-5.52,0,0,0,0,0,0,0,0
2026-04-01 21:29:06.739,112.906,1156,1152,1134,-5.4,0,0,0,0,0,0,0,0
2026-04-01 21:29:06.802,112.969,1156,1152,1134,-6.14,0,0,0,0,0,0,0,0
2026-04-01 21:29:06.898,113.065,1156,1152,1134,-5.1,0,0,0,0,0,0,0,0
2026-04-01 21:29:06.978,113.145,1156,1152,1134,-5.31,0,0,0,0,0,0,0,0
2026-04-01 21:29:07.042,113.209,1156,1152,1133,-6.1,0,0,0,0,0,0,0,0
2026-04-01 21:29:07.138,113.305,1156,1152,1134,-5.33,0,0,0,0,0,0,0,0
2026-04-01 21:29:07.266,113.433,1156,1153,1134,-6.04,0,0,0,0,0,0,0,0
2026-04-01 21:29:07.282,113.449,1155,1152,1134,-5.71,0,0,0,0,0,0,0,0
2026-04-01 21:29:07.426,113.593,1155,1152,1134,-6.04,0,0,0,0,0,0,0,0
2026-04-01 21:29:07.490,113.657,1155,1153,1135,-6.92,0,0,0,0,0,0,0,0
2026-04-01 21:29:07.570,113.737,1156,1153,1134,-5.63,0,0,0,0,0,0,0,0
2026-04-01 21:29:07.634,113.801,1158,1152,1133,-5.71,0,0,0,0,0,0,0,0
2026-04-01 21:29:07.714,113.881,1157,1153,1134,-6.57,0,0,0,0,0,0,0,0
2026-04-01 21:29:07.794,113.961,1157,1153,1134,-5.81,0,0,0,0,0,0,0,0
2026-04-01 21:29:07.842,114.009,1156,1153,1134,-5.59,0,0,0,0,0,0,0,0
2026-04-01 21:29:07.938,114.105,1156,1152,1134,-5.48,0,0,0,0,0,0,0,0
2026-04-01 21:29:08.002,114.169,1156,1153,1134,-5.05,0,0,0,0,0,0,0,0
2026-04-01 21:29:08.146,114.313,1156,1152,1134,-4.65,0,0,0,0,0,0,0,0
2026-04-01 21:29:08.194,114.361,1155,1152,1134,-4.91,0,0,0,0,0,0,0,0
2026-04-01 21:29:08.354,114.521,1157,1153,1134,-5.52,0,0,0,0,0,0,0,0
2026-04-01 21:29:08.386,114.553,1156,1153,1134,-4.98,0,0,0,0,0,0,0,0
2026-04-01 21:29:08.482,114.649,1156,1153,1135,-5.64,0,0,0,0,0,0,0,0
2026-04-01 21:29:08.546,114.713,1156,1153,1134,-7.06,0,0,0,0,0,0,0,0
2026-04-01 21:29:08.610,114.777,1157,1153,1133,-5.89,0,0,0,0,0,0,0,0
2026-04-01 21:29:08.706,114.873,1156,1152,1133,-5.76,0,0,0,0,0,0,0,0
2026-04-01 21:29:08.802,114.969,1156,1153,1135,-5.54,0,0,0,0,0,0,0,0
2026-04-01 21:29:08.898,115.065,1157,1153,1134,-5.09,0,0,0,0,0,0,0,0
2026-04-01 21:29:08.946,115.113,1157,1153,1134,-5.83,0,0,0,0,0,0,0,0
2026-04-01 21:29:09.042,115.209,1156,1153,1134,-5.34,0,0,0,0,0,0,0,0
2026-04-01 21:29:09.090,115.257,1156,1153,1135,-5.72,0,0,0,0,0,0,0,0
2026-04-01 21:29:09.186,115.353,1157,1153,1134,-5.0,0,0,0,0,0,0,0,0
2026-04-01 21:29:09.314,115.481,1156,1153,1134,-4.88,0,0,0,0,0,0,0,0
2026-04-01 21:29:09.362,115.529,1157,1153,1134,-5.07,0,0,0,0,0,0,0,0
2026-04-01 21:29:09.458,115.625,1156,1153,1134,-4.96,0,0,0,0,0,0,0,0
2026-04-01 21:29:09.522,115.689,1156,1153,1133,-6.08,0,0,0,0,0,0,0,0
2026-04-01 21:29:09.650,115.817,1156,1153,1135,-5.5,0,0,0,0,0,0,0,0
2026-04-01 21:29:09.698,115.865,1156,1153,1134,-5.58,0,0,0,0,0,0,0,0
2026-04-01 21:29:09.762,115.929,1156,1153,1134,-6.2,0,0,0,0,0,0,0,0
2026-04-01 21:29:09.874,116.041,1157,1153,1135,-6.15,0,0,0,0,0,0,0,0
2026-04-01 21:29:09.906,116.073,1157,1153,1134,-5.54,0,0,0,0,0,0,0,0
2026-04-01 21:29:09.970,116.137,1155,1153,1134,-5.18,0,0,0,0,0,0,0,0
2026-04-01 21:29:10.034,116.201,1156,1153,1134,-5.23,0,0,0,0,0,0,0,0
2026-04-01 21:29:10.146,116.313,1155,1153,1134,-4.66,0,0,0,0,0,0,0,0
2026-04-01 21:29:10.178,116.345,1156,1152,1134,-5.04,0,0,0,0,0,0,0,0
2026-04-01 21:29:10.306,116.473,1157,1153,1135,-5.94,0,0,0,0,0,0,0,0
2026-04-01 21:29:10.402,116.569,1156,1153,1135,-5.61,0,0,0,0,0,0,0,0
2026-04-01 21:29:10.562,116.729,1156,1153,1133,-4.82,0,0,0,0,0,0,0,0
2026-04-01 21:29:10.658,116.825,1156,1153,1134,-5.28,0,0,0,0,0,0,0,0
2026-04-01 21:29:10.690,116.857,1156,1153,1134,-5.77,0,0,0,0,0,0,0,0
2026-04-01 21:29:10.770,116.937,1156,1152,1134,-6.52,0,0,0,0,0,0,0,0
2026-04-01 21:29:10.850,117.017,1156,1153,1134,-6.12,0,0,0,0,0,0,0,0
2026-04-01 21:29:10.978,117.145,1156,1153,1135,-4.95,0,0,0,0,0,0,0,0
2026-04-01 21:29:11.074,117.241,1155,1152,1134,-5.72,0,0,0,0,0,0,0,0
2026-04-01 21:29:11.106,117.273,1156,1153,1134,-6.38,0,0,0,0,0,0,0,0
2026-04-01 21:29:11.186,117.353,1156,1152,1134,-4.76,0,0,0,0,0,0,0,0
2026-04-01 21:29:11.266,117.433,1157,1153,1134,-5.22,0,0,0,0,0,0,0,0
2026-04-01 21:29:11.378,117.545,1157,1153,1135,-6.62,0,0,0,0,0,0,0,0
2026-04-01 21:29:11.490,117.657,1156,1153,1134,-4.83,0,0,0,0,0,0,0,0
2026-04-01 21:29:11.602,117.769,1156,1152,1133,-5.26,0,0,0,0,0,0,0,0
2026-04-01 21:29:11.682,117.849,1155,1152,1134,-5.77,0,0,0,0,0,0,0,0
2026-04-01 21:29:11.746,117.912,1155,1152,1134,-4.98,0,0,0,0,0,0,0,0
2026-04-01 21:29:11.810,117.977,1156,1152,1134,-6.32,0,0,0,0,0,0,0,0
2026-04-01 21:29:11.954,118.120,1155,1152,1134,-6.02,0,0,0,0,0,0,0,0
2026-04-01 21:29:11.970,118.137,1156,1152,1135,-6.23,0,0,0,0,0,0,0,0
2026-04-01 21:29:12.066,118.233,1157,1153,1134,-6.09,0,0,0,0,0,0,0,0
2026-04-01 21:29:12.130,118.296,1156,1153,1134,-5.54,0,0,0,0,0,0,0,0
2026-04-01 21:29:12.194,118.360,1156,1153,1135,-5.06,0,0,0,0,0,0,0,0
2026-04-01 21:29:12.338,118.505,1156,1153,1134,-5.43,0,0,0,0,0,0,0,0
2026-04-01 21:29:12.370,118.537,1156,1153,1133,-4.59,0,0,0,0,0,0,0,0
2026-04-01 21:29:12.434,118.601,1156,1152,1134,-5.54,0,0,0,0,0,0,0,0
2026-04-01 21:29:12.626,118.792,1156,1152,1134,-5.05,0,0,0,0,0,0,0,0
2026-04-01 21:29:12.658,118.824,1156,1153,1134,-5.13,0,0,0,0,0,0,0,0
2026-04-01 21:29:12.690,118.856,1156,1153,1135,-6.22,0,0,0,0,0,0,0,0
2026-04-01 21:29:12.770,118.936,1157,1153,1134,-5.16,0,0,0,0,0,0,0,0
2026-04-01 21:29:12.850,119.016,1157,1153,1135,-6.2,0,0,0,0,0,0,0,0
2026-04-01 21:29:12.978,119.145,1156,1153,1135,-5.56,0,0,0,0,0,0,0,0
2026-04-01 21:29:13.058,119.224,1156,1153,1133,-5.31,0,0,0,0,0,0,0,0
2026-04-01 21:29:13.106,119.272,1155,1152,1134,-5.16,0,0,0,0,0,0,0,0
2026-04-01 21:29:13.234,119.400,1156,1152,1134,-5.44,0,0,0,0,0,0,0,0
2026-04-01 21:29:13.298,119.464,1157,1152,1134,-5.14,0,0,0,0,0,0,0,0
2026-04-01 21:29:13.346,119.512,1157,1153,1134,-4.83,0,0,0,0,0,0,0,0
2026-04-01 21:29:13.442,119.608,1156,1153,1134,-5.12,0,0,0,0,0,0,0,0
2026-04-01 21:29:13.570,119.737,1156,1153,1135,-5.17,0,0,0,0,0,0,0,0
2026-04-01 21:29:13.682,119.848,1156,1153,1134,-4.79,0,0,0,0,0,0,0,0
2026-04-01 21:29:13.682,119.849,1156,1153,1134,-5.88,0,0,0,0,0,0,0,0
2026-04-01 21:29:13.794,119.961,1157,1153,1134,-6.76,0,0,0,0,0,0,0,0
2026-04-01 21:29:13.842,120.008,1156,1153,1134,-6.21,0,0,0,0,0,0,0,0
2026-04-01 21:29:13.874,120.040,1157,1153,1135,-6.73,0,0,0,0,0,0,0,0
2026-04-01 21:29:13.969,120.136,1156,1153,1134,-6.0,0,0,0,0,0,0,0,0
2026-04-01 21:29:14.066,120.232,1156,1153,1135,-5.58,0,0,0,0,0,0,0,0
2026-04-01 21:29:14.178,120.345,1156,1153,1135,-5.29,0,0,0,0,0,0,0,0
2026-04-01 21:29:14.242,120.408,1157,1153,1134,-5.28,0,0,0,0,0,0,0,0
2026-04-01 21:29:14.290,120.456,1156,1153,1134,-5.73,0,0,0,0,0,0,0,0
2026-04-01 21:29:14.434,120.600,1156,1153,1135,-4.79,0,0,0,0,0,0,0,0
2026-04-01 21:29:14.466,120.632,1156,1153,1134,-5.28,0,0,0,0,0,0,0,0
2026-04-01 21:29:14.546,120.712,1156,1153,1134,-5.55,0,0,0,0,0,0,0,0
2026-04-01 21:29:14.642,120.808,1157,1153,1134,-4.92,0,0,0,0,0,0,0,0
2026-04-01 21:29:14.706,120.873,1157,1152,1135,-6.24,0,0,0,0,0,0,0,0
2026-04-01 21:29:14.866,121.032,1157,1153,1134,-5.4,0,0,0,0,0,0,0,0
2026-04-01 21:29:14.882,121.048,1157,1153,1134,-5.69,0,0,0,0,0,0,0,0
2026-04-01 21:29:15.026,121.192,1157,1153,1134,-5.34,0,0,0,0,0,0,0,0
2026-04-01 21:29:15.090,121.257,1156,1153,1134,-5.09,0,0,0,0,0,0,0,0
2026-04-01 21:29:15.122,121.288,1157,1153,1134,-6.23,0,0,0,0,0,0,0,0
2026-04-01 21:29:15.361,121.528,1156,1152,1134,-5.61,0,0,0,0,0,0,0,0
2026-04-01 21:29:15.474,121.640,1155,1152,1134,-6.25,0,0,0,0,0,0,0,0
2026-04-01 21:29:15.506,121.672,1156,1152,1134,-4.9,0,0,0,0,0,0,0,0
2026-04-01 21:29:15.586,121.752,1156,1153,1135,-5.58,0,0,0,0,0,0,0,0
2026-04-01 21:29:15.650,121.816,1156,1153,1135,-5.22,0,0,0,0,0,0,0,0
2026-04-01 21:29:15.729,121.896,1156,1153,1134,-5.73,0,0,0,0,0,0,0,0
2026-04-01 21:29:15.794,121.960,1157,1153,1135,-6.43,0,0,0,0,0,0,0,0
2026-04-01 21:29:15.857,122.024,1156,1153,1134,-5.59,0,0,0,0,0,0,0,0
2026-04-01 21:29:15.937,122.104,1157,1153,1135,-5.93,0,0,0,0,0,0,0,0
2026-04-01 21:29:16.017,122.184,1157,1153,1134,-5.7,0,0,0,0,0,0,0,0
2026-04-01 21:29:16.129,122.296,1157,1153,1134,-6.35,0,0,0,0,0,0,0,0
2026-04-01 21:29:16.241,122.408,1157,1153,1134,-5.4,0,0,0,0,0,0,0,0
2026-04-01 21:29:16.305,122.472,1156,1152,1134,-5.7,0,0,0,0,0,0,0,0
2026-04-01 21:29:16.417,122.584,1156,1152,1134,-5.51,0,0,0,0,0,0,0,0
2026-04-01 21:29:16.497,122.664,1157,1153,1134,-4.78,0,0,0,0,0,0,0,0
2026-04-01 21:29:16.561,122.728,1157,1153,1135,-5.39,0,0,0,0,0,0,0,0
2026-04-01 21:29:16.657,122.824,1155,1153,1135,-5.29,0,0,0,0,0,0,0,0
2026-04-01 21:29:16.740,122.907,1157,1152,1133,-6.14,0,0,0,0,0,0,0,0
2026-04-01 21:29:16.783,122.949,1156,1152,1135,-6.25,0,0,0,0,0,0,0,0
2026-04-01 21:29:16.833,123.000,1156,1153,1134,-6.03,0,0,0,0,0,0,0,0
2026-04-01 21:29:16.945,123.112,1156,1153,1134,-5.21,0,0,0,0,0,0,0,0
2026-04-01 21:29:17.089,123.256,1157,1153,1134,-5.98,0,0,0,0,0,0,0,0
2026-04-01 21:29:17.137,123.304,1156,1152,1134,-5.9,0,0,0,0,0,0,0,0
2026-04-01 21:29:17.217,123.384,1155,1153,1134,-5.84,0,0,0,0,0,0,0,0
2026-04-01 21:29:17.313,123.480,1157,1153,1134,-6.05,0,0,0,0,0,0,0,0
2026-04-01 21:29:17.361,123.528,1156,1153,1134,-5.18,0,0,0,0,0,0,0,0
2026-04-01 21:29:17.489,123.656,1156,1153,1134,-5.41,0,0,0,0,0,0,0,0
2026-04-01 21:29:17.585,123.752,1156,1153,1134,-4.98,0,0,0,0,0,0,0,0
2026-04-01 21:29:17.617,123.784,1157,1153,1135,-5.53,0,0,0,0,0,0,0,0
2026-04-01 21:29:17.729,123.896,1157,1153,1134,-5.04,0,0,0,0,0,0,0,0
2026-04-01 21:29:17.777,123.944,1156,1153,1134,-4.87,0,0,0,0,0,0,0,0
2026-04-01 21:29:17.873,124.040,1155,1153,1135,-6.23,0,0,0,0,0,0,0,0
2026-04-01 21:29:17.922,124.088,1155,1152,1134,-6.8,0,0,0,0,0,0,0,0
2026-04-01 21:29:17.969,124.136,1155,1152,1134,-5.97,0,0,0,0,0,0,0,0
2026-04-01 21:29:18.065,124.232,1156,1152,1134,-6.47,0,0,0,0,0,0,0,0
2026-04-01 21:29:18.193,124.360,1156,1153,1135,-6.99,0,0,0,0,0,0,0,0
2026-04-01 21:29:18.209,124.376,1156,1153,1135,-5.99,0,0,0,0,0,0,0,0
2026-04-01 21:29:18.289,124.456,1156,1152,1135,-5.5,0,0,0,0,0,0,0,0
2026-04-01 21:29:18.353,124.520,1157,1153,1134,-5.26,0,0,0,0,0,0,0,0
2026-04-01 21:29:18.417,124.584,1156,1152,1134,-5.91,0,0,0,0,0,0,0,0
2026-04-01 21:29:18.513,124.680,1156,1152,1135,-4.98,0,0,0,0,0,0,0,0
2026-04-01 21:29:18.545,124.712,1156,1153,1135,-5.82,0,0,0,0,0,0,0,0
2026-04-01 21:29:18.705,124.872,1156,1153,1135,-5.8,0,0,0,0,0,0,0,0
2026-04-01 21:29:18.753,124.920,1156,1153,1134,-5.68,0,0,0,0,0,0,0,0
2026-04-01 21:29:18.817,124.984,1157,1153,1134,-5.12,0,0,0,0,0,0,0,0
2026-04-01 21:29:18.897,125.064,1157,1153,1134,-5.29,0,0,0,0,0,0,0,0
2026-04-01 21:29:18.961,125.128,1156,1153,1134,-5.93,0,0,0,0,0,0,0,0
2026-04-01 21:29:19.073,125.240,1157,1153,1134,-5.92,0,0,0,0,0,0,0,0
2026-04-01 21:29:19.137,125.304,1157,1153,1134,-4.93,0,0,0,0,0,0,0,0
2026-04-01 21:29:19.153,125.320,1157,1153,1134,-5.83,0,0,0,0,0,0,0,0
2026-04-01 21:29:19.233,125.400,1157,1153,1134,-6.32,0,0,0,0,0,0,0,0
2026-04-01 21:29:19.313,125.480,1156,1153,1135,-5.07,0,0,0,0,0,0,0,0
2026-04-01 21:29:19.473,125.640,1157,1153,1134,-6.76,0,0,0,0,0,0,0,0
2026-04-01 21:29:19.585,125.752,1157,1154,1135,-6.29,0,0,0,0,0,0,0,0
2026-04-01 21:29:19.633,125.800,1156,1153,1134,-5.44,0,0,0,0,0,0,0,0
2026-04-01 21:29:19.713,125.880,1156,1153,1134,-5.21,0,0,0,0,0,0,0,0
2026-04-01 21:29:19.793,125.960,1156,1153,1135,-6.13,0,0,0,0,0,0,0,0
2026-04-01 21:29:19.873,126.040,1156,1153,1135,-5.76,0,0,0,0,0,0,0,0
2026-04-01 21:29:19.985,126.152,1157,1153,1134,-6.38,0,0,0,0,0,0,0,0
2026-04-01 21:29:20.113,126.280,1156,1153,1134,-5.85,0,0,0,0,0,0,0,0
2026-04-01 21:29:20.145,126.312,1156,1153,1134,-5.32,0,0,0,0,0,0,0,0
2026-04-01 21:29:20.209,126.376,1157,1153,1134,-5.56,0,0,0,0,0,0,0,0
2026-04-01 21:29:20.273,126.440,1157,1153,1134,-5.97,0,0,0,0,0,0,0,0
2026-04-01 21:29:20.353,126.520,1157,1153,1135,-4.9,0,0,0,0,0,0,0,0
2026-04-01 21:29:20.465,126.632,1156,1153,1134,-5.44,0,0,0,0,0,0,0,0
2026-04-01 21:29:20.529,126.696,1156,1153,1135,-4.9,0,0,0,0,0,0,0,0
2026-04-01 21:29:20.577,126.744,1157,1154,1135,-5.64,0,0,0,0,0,0,0,0
2026-04-01 21:29:20.657,126.824,1156,1154,1135,-5.78,0,0,0,0,0,0,0,0
2026-04-01 21:29:20.753,126.920,1156,1154,1135,-5.62,0,0,0,0,0,0,0,0
2026-04-01 21:29:20.801,126.968,1156,1154,1134,-5.72,0,0,0,0,0,0,0,0
2026-04-01 21:29:20.865,127.032,1157,1154,1134,-5.59,0,0,0,0,0,0,0,0
2026-04-01 21:29:20.961,127.128,1157,1153,1134,-5.46,0,0,0,0,0,0,0,0
2026-04-01 21:29:21.057,127.224,1156,1153,1134,-4.92,0,0,0,0,0,0,0,0
2026-04-01 21:29:21.121,127.288,1156,1152,1134,-5.54,0,0,0,0,0,0,0,0
2026-04-01 21:29:21.201,127.368,1155,1152,1134,-5.32,0,0,0,0,0,0,0,0
2026-04-01 21:29:21.281,127.448,1157,1153,1135,-4.8,0,0,0,0,0,0,0,0
2026-04-01 21:29:21.409,127.576,1157,1152,1135,-5.16,0,0,0,0,0,0,0,0
2026-04-01 21:29:21.473,127.640,1156,1152,1133,-5.16,0,0,0,0,0,0,0,0
2026-04-01 21:29:21.521,127.688,1156,1152,1134,-5.63,0,0,0,0,0,0,0,0
2026-04-01 21:29:21.617,127.784,1156,1153,1134,-5.72,0,0,0,0,0,0,0,0
2026-04-01 21:29:21.729,127.896,1155,1153,1134,-5.47,0,0,0,0,0,0,0,0
2026-04-01 21:29:21.777,127.944,1156,1153,1133,-6.63,0,0,0,0,0,0,0,0
2026-04-01 21:29:21.889,128.056,1155,1153,1134,-6.31,0,0,0,0,0,0,0,0
2026-04-01 21:29:21.953,128.120,1155,1153,1134,-5.15,0,0,0,0,0,0,0,0
2026-04-01 21:29:22.081,128.248,1157,1153,1134,-5.65,0,0,0,0,0,0,0,0
2026-04-01 21:29:22.113,128.280,1156,1153,1134,-5.92,0,0,0,0,0,0,0,0
2026-04-01 21:29:22.225,128.392,1156,1153,1134,-5.31,0,0,0,0,0,0,0,0
2026-04-01 21:29:22.321,128.488,1156,1153,1134,-6.23,0,0,0,0,0,0,0,0
2026-04-01 21:29:22.369,128.536,1156,1153,1134,-5.56,0,0,0,0,0,0,0,0
2026-04-01 21:29:22.481,128.648,1155,1152,1134,-5.39,0,0,0,0,0,0,0,0
2026-04-01 21:29:22.545,128.712,1157,1153,1134,-6.83,0,0,0,0,0,0,0,0
2026-04-01 21:29:22.689,128.856,1156,1153,1134,-5.01,0,0,0,0,0,0,0,0
2026-04-01 21:29:22.753,128.920,1156,1153,1135,-6.54,0,0,0,0,0,0,0,0
2026-04-01 21:29:22.801,128.968,1156,1153,1134,-5.25,0,0,0,0,0,0,0,0
2026-04-01 21:29:22.865,129.032,1156,1153,1134,-5.15,0,0,0,0,0,0,0,0
2026-04-01 21:29:22.961,129.128,1156,1153,1134,-5.74,0,0,0,0,0,0,0,0
2026-04-01 21:29:23.089,129.256,1156,1153,1134,-6.29,0,0,0,0,0,0,0,0
2026-04-01 21:29:23.153,129.320,1156,1152,1135,-5.88,0,0,0,0,0,0,0,0
2026-04-01 21:29:23.233,129.400,1156,1152,1134,-5.27,0,0,0,0,0,0,0,0
2026-04-01 21:29:23.313,129.480,1156,1153,1134,-5.8,0,0,0,0,0,0,0,0
2026-04-01 21:29:23.441,129.608,1155,1152,1134,-6.14,0,0,0,0,0,0,0,0
2026-04-01 21:29:23.489,129.656,1156,1153,1134,-5.29,0,0,0,0,0,0,0,0
2026-04-01 21:29:23.553,129.720,1155,1153,1134,-5.01,0,0,0,0,0,0,0,0
2026-04-01 21:29:23.617,129.784,1156,1152,1134,-5.9,0,0,0,0,0,0,0,0
2026-04-01 21:29:23.697,129.864,1156,1153,1134,-6.08,0,0,0,0,0,0,0,0
2026-04-01 21:29:23.793,129.960,1157,1153,1135,-5.93,0,0,0,0,0,0,0,0
2026-04-01 21:29:23.905,130.072,1156,1153,1134,-5.45,0,0,0,0,0,0,0,0
2026-04-01 21:29:23.969,130.136,1156,1153,1135,-5.86,0,0,0,0,0,0,0,0
2026-04-01 21:29:24.033,130.200,1156,1152,1134,-6.07,0,0,0,0,0,0,0,0
2026-04-01 21:29:24.145,130.312,1157,1153,1134,-5.8,0,0,0,0,0,0,0,0
2026-04-01 21:29:24.225,130.392,1156,1153,1135,-5.42,0,0,0,0,0,0,0,0
2026-04-01 21:29:24.321,130.488,1156,1153,1135,-4.97,0,0,0,0,0,0,0,0
2026-04-01 21:29:24.353,130.520,1157,1153,1134,-5.4,0,0,0,0,0,0,0,0
2026-04-01 21:29:24.433,130.600,1156,1153,1134,-4.58,0,0,0,0,0,0,0,0
2026-04-01 21:29:24.529,130.696,1156,1152,1134,-5.15,0,0,0,0,0,0,0,0
2026-04-01 21:29:24.609,130.776,1156,1152,1134,-5.77,0,0,0,0,0,0,0,0
2026-04-01 21:29:24.689,130.856,1156,1153,1134,-5.03,0,0,0,0,0,0,0,0
2026-04-01 21:29:24.785,130.952,1158,1153,1134,-5.55,0,0,0,0,0,0,0,0
2026-04-01 21:29:24.865,131.032,1156,1153,1134,-5.61,0,0,0,0,0,0,0,0
2026-04-01 21:29:24.993,131.160,1157,1153,1134,-5.63,0,0,0,0,0,0,0,0
2026-04-01 21:29:25.057,131.224,1156,1153,1134,-5.39,0,0,0,0,0,0,0,0
2026-04-01 21:29:25.137,131.304,1157,1153,1134,-5.85,0,0,0,0,0,0,0,0
2026-04-01 21:29:25.201,131.368,1155,1152,1134,-5.21,0,0,0,0,0,0,0,0
2026-04-01 21:29:25.313,131.480,1156,1154,1134,-6.23,0,0,0,0,0,0,0,0
2026-04-01 21:29:25.345,131.512,1157,1153,1135,-5.44,0,0,0,0,0,0,0,0
2026-04-01 21:29:25.425,131.592,1157,1153,1135,-5.17,0,0,0,0,0,0,0,0
2026-04-01 21:29:25.553,131.720,1156,1153,1134,-6.46,0,0,0,0,0,0,0,0
2026-04-01 21:29:25.601,131.768,1156,1153,1134,-5.29,0,0,0,0,0,0,0,0
2026-04-01 21:29:25.697,131.864,1155,1153,1134,-5.2,0,0,0,0,0,0,0,0
2026-04-01 21:29:25.761,131.928,1157,1153,1134,-6.69,0,0,0,0,0,0,0,0
2026-04-01 21:29:25.889,132.056,1157,1153,1135,-5.96,0,0,0,0,0,0,0,0
2026-04-01 21:29:25.969,132.136,1156,1153,1134,-5.43,0,0,0,0,0,0,0,0
2026-04-01 21:29:26.049,132.216,1156,1153,1134,-5.77,0,0,0,0,0,0,0,0
2026-04-01 21:29:26.113,132.280,1155,1153,1135,-6.44,0,0,0,0,0,0,0,0
2026-04-01 21:29:26.177,132.344,1155,1153,1134,-6.0,0,0,0,0,0,0,0,0
2026-04-01 21:29:26.257,132.424,1156,1153,1134,-6.16,0,0,0,0,0,0,0,0
2026-04-01 21:29:26.369,132.536,1157,1153,1134,-5.98,0,0,0,0,0,0,0,0
2026-04-01 21:29:26.433,132.600,1157,1153,1135,-6.16,0,0,0,0,0,0,0,0
2026-04-01 21:29:26.545,132.712,1155,1152,1134,-5.25,0,0,0,0,0,0,0,0
2026-04-01 21:29:26.625,132.792,1156,1153,1134,-5.67,0,0,0,0,0,0,0,0
2026-04-01 21:29:26.689,132.856,1156,1153,1134,-5.97,0,0,0,0,0,0,0,0
2026-04-01 21:29:26.753,132.920,1156,1154,1135,-5.43,0,0,0,0,0,0,0,0
2026-04-01 21:29:26.865,133.032,1156,1153,1134,-5.9,0,0,0,0,0,0,0,0
2026-04-01 21:29:26.913,133.080,1155,1152,1134,-6.12,0,0,0,0,0,0,0,0
2026-04-01 21:29:27.025,133.192,1157,1153,1135,-6.37,0,0,0,0,0,0,0,0
2026-04-01 21:29:27.153,133.320,1156,1152,1133,-5.79,0,0,0,0,0,0,0,0
2026-04-01 21:29:27.217,133.384,1157,1153,1135,-6.01,0,0,0,0,0,0,0,0
2026-04-01 21:29:27.265,133.432,1156,1153,1135,-5.38,0,0,0,0,0,0,0,0
2026-04-01 21:29:27.393,133.560,1157,1153,1134,-5.16,0,0,0,0,0,0,0,0
2026-04-01 21:29:27.441,133.608,1157,1153,1134,-4.75,0,0,0,0,0,0,0,0
2026-04-01 21:29:27.505,133.672,1156,1153,1134,-5.46,0,0,0,0,0,0,0,0
2026-04-01 21:29:27.585,133.752,1157,1153,1135,-6.12,0,0,0,0,0,0,0,0
2026-04-01 21:29:27.697,133.864,1156,1153,1134,-4.5,0,0,0,0,0,0,0,0
2026-04-01 21:29:27.745,133.912,1156,1153,1134,-5.06,0,0,0,0,0,0,0,0
2026-04-01 21:29:27.809,133.976,1157,1153,1135,-5.6,0,0,0,0,0,0,0,0
2026-04-01 21:29:27.889,134.056,1157,1153,1134,-4.91,0,0,0,0,0,0,0,0
2026-04-01 21:29:27.937,134.104,1157,1153,1134,-6.02,0,0,0,0,0,0,0,0
2026-04-01 21:29:28.081,134.248,1157,1153,1135,-6.95,0,0,0,0,0,0,0,0
2026-04-01 21:29:28.097,134.264,1156,1153,1134,-5.59,0,0,0,0,0,0,0,0
2026-04-01 21:29:28.193,134.360,1157,1153,1135,-5.68,0,0,0,0,0,0,0,0
2026-04-01 21:29:28.289,134.456,1156,1152,1134,-6.32,0,0,0,0,0,0,0,0
2026-04-01 21:29:28.353,134.520,1156,1153,1134,-5.07,0,0,0,0,0,0,0,0
2026-04-01 21:29:28.481,134.648,1156,1153,1134,-5.62,0,0,0,0,0,0,0,0
2026-04-01 21:29:28.513,134.680,1157,1153,1134,-5.57,0,0,0,0,0,0,0,0
2026-04-01 21:29:28.593,134.760,1156,1153,1134,-4.68,0,0,0,0,0,0,0,0
2026-04-01 21:29:28.689,134.856,1156,1153,1135,-5.29,0,0,0,0,0,0,0,0
2026-04-01 21:29:28.769,134.935,1156,1153,1134,-5.9,0,0,0,0,0,0,0,0
2026-04-01 21:29:28.849,135.016,1156,1152,1134,-5.18,0,0,0,0,0,0,0,0
2026-04-01 21:29:28.913,135.080,1157,1153,1134,-6.23,0,0,0,0,0,0,0,0
2026-04-01 21:29:29.009,135.176,1156,1153,1135,-6.29,0,0,0,0,0,0,0,0
2026-04-01 21:29:29.137,135.304,1156,1153,1135,-5.48,0,0,0,0,0,0,0,0
2026-04-01 21:29:29.217,135.384,1156,1153,1134,-6.6,0,0,0,0,0,0,0,0
2026-04-01 21:29:29.249,135.416,1156,1153,1134,-5.37,0,0,0,0,0,0,0,0
2026-04-01 21:29:29.313,135.479,1156,1153,1135,-4.87,0,0,0,0,0,0,0,0
2026-04-01 21:29:29.361,135.527,1157,1153,1134,-5.52,0,0,0,0,0,0,0,0
2026-04-01 21:29:29.489,135.656,1157,1153,1134,-5.11,0,0,0,0,0,0,0,0
2026-04-01 21:29:29.553,135.719,1156,1154,1135,-4.95,0,0,0,0,0,0,0,0
2026-04-01 21:29:29.633,135.800,1156,1153,1135,-5.83,0,0,0,0,0,0,0,0
2026-04-01 21:29:29.777,135.944,1156,1154,1135,-6.19,0,0,0,0,0,0,0,0
2026-04-01 21:29:29.857,136.023,1156,1153,1134,-6.32,0,0,0,0,0,0,0,0
2026-04-01 21:29:29.889,136.056,1155,1153,1133,-5.32,0,0,0,0,0,0,0,0
2026-04-01 21:29:29.937,136.104,1156,1153,1135,-6.71,0,0,0,0,0,0,0,0
2026-04-01 21:29:30.001,136.168,1156,1153,1134,-5.75,0,0,0,0,0,0,0,0
2026-04-01 21:29:30.145,136.311,1158,1153,1134,-6.61,0,0,0,0,0,0,0,0
2026-04-01 21:29:30.161,136.328,1156,1153,1134,-5.3,0,0,0,0,0,0,0,0
2026-04-01 21:29:30.225,136.392,1156,1153,1134,-5.57,0,0,0,0,0,0,0,0
2026-04-01 21:29:30.305,136.472,1156,1154,1135,-6.58,0,0,0,0,0,0,0,0
2026-04-01 21:29:30.401,136.568,1156,1153,1134,-5.19,0,0,0,0,0,0,0,0
2026-04-01 21:29:30.449,136.616,1156,1153,1136,-5.0,0,0,0,0,0,0,0,0
2026-04-01 21:29:30.513,136.680,1157,1153,1134,-6.2,0,0,0,0,0,0,0,0
2026-04-01 21:29:30.609,136.775,1156,1153,1134,-6.09,0,0,0,0,0,0,0,0
2026-04-01 21:29:30.753,136.920,1158,1153,1134,-5.78,0,0,0,0,0,0,0,0
2026-04-01 21:29:30.833,137.000,1157,1153,1134,-5.47,0,0,0,0,0,0,0,0
2026-04-01 21:29:30.945,137.111,1156,1153,1135,-5.4,0,0,0,0,0,0,0,0
2026-04-01 21:29:31.009,137.176,1156,1153,1135,-6.02,0,0,0,0,0,0,0,0
2026-04-01 21:29:31.105,137.271,1157,1153,1135,-5.59,0,0,0,0,0,0,0,0
2026-04-01 21:29:31.153,137.320,1155,1153,1134,-5.59,0,0,0,0,0,0,0,0
2026-04-01 21:29:31.201,137.367,1156,1153,1134,-6.21,0,0,0,0,0,0,0,0
2026-04-01 21:29:31.313,137.480,1156,1153,1134,-5.06,0,0,0,0,0,0,0,0
2026-04-01 21:29:31.345,137.511,1156,1152,1134,-5.48,0,0,0,0,0,0,0,0
2026-04-01 21:29:31.441,137.607,1157,1153,1134,-7.2,0,0,0,0,0,0,0,0
2026-04-01 21:29:31.553,137.720,1156,1152,1135,-5.45,0,0,0,0,0,0,0,0
2026-04-01 21:29:31.633,137.799,1156,1152,1134,-6.58,0,0,0,0,0,0,0,0
2026-04-01 21:29:31.697,137.864,1157,1152,1134,-5.61,0,0,0,0,0,0,0,0
2026-04-01 21:29:31.745,137.911,1157,1152,1134,-5.91,0,0,0,0,0,0,0,0
2026-04-01 21:29:31.841,138.007,1156,1153,1135,-5.99,0,0,0,0,0,0,0,0
2026-04-01 21:29:31.921,138.087,1157,1153,1134,-5.84,0,0,0,0,0,0,0,0
2026-04-01 21:29:31.985,138.152,1156,1152,1134,-5.05,0,0,0,0,0,0,0,0
2026-04-01 21:29:32.033,138.199,1156,1153,1134,-5.77,0,0,0,0,0,0,0,0
2026-04-01 21:29:32.193,138.360,1156,1152,1134,-6.3,0,0,0,0,0,0,0,0
2026-04-01 21:29:32.257,138.423,1155,1152,1133,-5.24,0,0,0,0,0,0,0,0
2026-04-01 21:29:32.321,138.487,1156,1153,1134,-4.86,0,0,0,0,0,0,0,0
2026-04-01 21:29:32.417,138.584,1156,1153,1135,-7.42,0,0,0,0,0,0,0,0
2026-04-01 21:29:32.513,138.680,1156,1153,1134,-5.71,0,0,0,0,0,0,0,0
2026-04-01 21:29:32.529,138.696,1157,1154,1134,-5.83,0,0,0,0,0,0,0,0
2026-04-01 21:29:32.657,138.823,1157,1153,1134,-5.36,0,0,0,0,0,0,0,0
2026-04-01 21:29:32.753,138.920,1156,1153,1134,-5.74,0,0,0,0,0,0,0,0
2026-04-01 21:29:32.785,138.951,1155,1153,1134,-5.06,0,0,0,0,0,0,0,0
2026-04-01 21:29:32.849,139.015,1156,1153,1134,-6.03,0,0,0,0,0,0,0,0
2026-04-01 21:29:32.977,139.143,1156,1152,1134,-5.38,0,0,0,0,0,0,0,0
2026-04-01 21:29:33.089,139.255,1157,1152,1134,-6.03,0,0,0,0,0,0,0,0
2026-04-01 21:29:33.137,139.303,1156,1152,1134,-4.87,0,0,0,0,0,0,0,0
2026-04-01 21:29:33.217,139.383,1157,1152,1135,-5.45,0,0,0,0,0,0,0,0
2026-04-01 21:29:33.297,139.463,1157,1152,1135,-6.46,0,0,0,0,0,0,0,0
2026-04-01 21:29:33.377,139.543,1157,1153,1134,-5.04,0,0,0,0,0,0,0,0
2026-04-01 21:29:33.425,139.591,1156,1153,1135,-6.2,0,0,0,0,0,0,0,0
2026-04-01 21:29:33.521,139.687,1157,1152,1134,-5.54,0,0,0,0,0,0,0,0
2026-04-01 21:29:33.585,139.751,1157,1153,1134,-5.69,0,0,0,0,0,0,0,0
2026-04-01 21:29:33.681,139.847,1156,1153,1134,-5.56,0,0,0,0,0,0,0,0
2026-04-01 21:29:33.760,139.927,1157,1153,1134,-5.36,0,0,0,0,0,0,0,0
2026-04-01 21:29:33.856,140.023,1156,1153,1134,-5.61,0,0,0,0,0,0,0,0
2026-04-01 21:29:33.953,140.120,1156,1153,1134,-5.45,0,0,0,0,0,0,0,0
2026-04-01 21:29:34.016,140.183,1156,1153,1134,-5.31,0,0,0,0,0,0,0,0
2026-04-01 21:29:34.096,140.263,1156,1153,1134,-4.95,0,0,0,0,0,0,0,0
2026-04-01 21:29:34.209,140.375,1155,1153,1135,-4.81,0,0,0,0,0,0,0,0
2026-04-01 21:29:34.273,140.439,1156,1153,1134,-5.5,0,0,0,0,0,0,0,0
2026-04-01 21:29:34.385,140.551,1156,1153,1134,-5.33,0,0,0,0,0,0,0,0
2026-04-01 21:29:34.480,140.647,1156,1153,1135,-6.01,0,0,0,0,0,0,0,0
2026-04-01 21:29:34.513,140.680,1156,1153,1134,-5.85,0,0,0,0,0,0,0,0
2026-04-01 21:29:34.608,140.775,1156,1153,1134,-6.34,0,0,0,0,0,0,0,0
2026-04-01 21:29:34.689,140.855,1156,1153,1134,-6.02,0,0,0,0,0,0,0,0
2026-04-01 21:29:34.736,140.903,1156,1152,1134,-5.9,0,0,0,0,0,0,0,0
2026-04-01 21:29:34.833,141.000,1156,1153,1135,-5.74,0,0,0,0,0,0,0,0
2026-04-01 21:29:34.912,141.079,1156,1152,1135,-5.35,0,0,0,0,0,0,0,0
2026-04-01 21:29:34.961,141.127,1157,1153,1135,-5.6,0,0,0,0,0,0,0,0
2026-04-01 21:29:35.137,141.303,1156,1153,1134,-4.74,0,0,0,0,0,0,0,0
2026-04-01 21:29:35.248,141.415,1156,1153,1134,-5.26,0,0,0,0,0,0,0,0
2026-04-01 21:29:35.280,141.447,1156,1153,1135,-6.26,0,0,0,0,0,0,0,0
2026-04-01 21:29:35.344,141.511,1157,1153,1134,-6.21,0,0,0,0,0,0,0,0
2026-04-01 21:29:35.457,141.623,1156,1153,1134,-5.56,0,0,0,0,0,0,0,0
2026-04-01 21:29:35.520,141.687,1156,1153,1135,-6.5,0,0,0,0,0,0,0,0
2026-04-01 21:29:35.649,141.816,1156,1153,1134,-5.51,0,0,0,0,0,0,0,0
2026-04-01 21:29:35.681,141.847,1157,1153,1135,-6.42,0,0,0,0,0,0,0,0
2026-04-01 21:29:35.744,141.911,1156,1153,1134,-5.82,0,0,0,0,0,0,0,0
2026-04-01 21:29:35.872,142.039,1156,1152,1134,-6.03,0,0,0,0,0,0,0,0
2026-04-01 21:29:35.968,142.135,1156,1153,1134,-5.48,0,0,0,0,0,0,0,0
2026-04-01 21:29:36.080,142.247,1156,1153,1134,-6.14,0,0,0,0,0,0,0,0
2026-04-01 21:29:36.113,142.279,1155,1153,1134,-6.11,0,0,0,0,0,0,0,0
2026-04-01 21:29:36.193,142.359,1157,1153,1134,-5.27,0,0,0,0,0,0,0,0
2026-04-01 21:29:36.288,142.455,1157,1153,1134,-6.12,0,0,0,0,0,0,0,0
2026-04-01 21:29:36.336,142.503,1157,1153,1134,-6.22,0,0,0,0,0,0,0,0
2026-04-01 21:29:36.433,142.599,1156,1153,1135,-5.61,0,0,0,0,0,0,0,0
2026-04-01 21:29:36.496,142.663,1156,1153,1135,-5.53,0,0,0,0,0,0,0,0
2026-04-01 21:29:36.656,142.823,1157,1153,1135,-5.79,0,0,0,0,0,0,0,0
2026-04-01 21:29:36.720,142.887,1156,1153,1134,-5.11,0,0,0,0,0,0,0,0
2026-04-01 21:29:36.848,143.015,1157,1153,1134,-5.66,0,0,0,0,0,0,0,0
2026-04-01 21:29:36.912,143.079,1156,1153,1135,-5.36,0,0,0,0,0,0,0,0
2026-04-01 21:29:37.008,143.175,1156,1153,1134,-5.82,0,0,0,0,0,0,0,0
2026-04-01 21:29:37.088,143.255,1156,1153,1134,-6.08,0,0,0,0,0,0,0,0
2026-04-01 21:29:37.200,143.367,1156,1153,1135,-5.02,0,0,0,0,0,0,0,0
2026-04-01 21:29:37.280,143.447,1156,1152,1135,-5.36,0,0,0,0,0,0,0,0
2026-04-01 21:29:37.344,143.511,1157,1152,1134,-6.23,0,0,0,0,0,0,0,0
2026-04-01 21:29:37.376,143.543,1156,1153,1134,-5.7,0,0,0,0,0,0,0,0
2026-04-01 21:29:37.441,143.608,1157,1153,1134,-5.39,0,0,0,0,0,0,0,0
2026-04-01 21:29:37.568,143.735,1156,1153,1134,-5.37,0,0,0,0,0,0,0,0
2026-04-01 21:29:37.648,143.815,1156,1153,1135,-5.82,0,0,0,0,0,0,0,0
2026-04-01 21:29:37.696,143.863,1155,1153,1134,-5.53,0,0,0,0,0,0,0,0
2026-04-01 21:29:37.760,143.927,1157,1153,1134,-5.88,0,0,0,0,0,0,0,0
2026-04-01 21:29:37.857,144.023,1157,1153,1134,-5.5,0,0,0,0,0,0,0,0
2026-04-01 21:29:37.920,144.087,1157,1153,1134,-5.01,0,0,0,0,0,0,0,0
2026-04-01 21:29:38.000,144.167,1156,1152,1134,-5.47,0,0,0,0,0,0,0,0
2026-04-01 21:29:38.096,144.263,1156,1152,1134,-5.01,0,0,0,0,0,0,0,0
2026-04-01 21:29:38.193,144.359,1156,1153,1135,-5.37,0,0,0,0,0,0,0,0
2026-04-01 21:29:38.320,144.487,1156,1153,1135,-5.08,0,0,0,0,0,0,0,0
2026-04-01 21:29:38.400,144.567,1157,1153,1134,-6.0,0,0,0,0,0,0,0,0
2026-04-01 21:29:38.448,144.615,1156,1153,1134,-5.71,0,0,0,0,0,0,0,0
2026-04-01 21:29:38.593,144.759,1156,1153,1134,-5.92,0,0,0,0,0,0,0,0
2026-04-01 21:29:38.624,144.791,1156,1153,1134,-4.78,0,0,0,0,0,0,0,0
2026-04-01 21:29:38.720,144.887,1156,1152,1134,-5.73,0,0,0,0,0,0,0,0
2026-04-01 21:29:38.832,144.999,1156,1153,1134,-5.85,0,0,0,0,0,0,0,0
2026-04-01 21:29:38.896,145.063,1156,1153,1134,-5.89,0,0,0,0,0,0,0,0
2026-04-01 21:29:38.960,145.127,1156,1153,1135,-6.17,0,0,0,0,0,0,0,0
2026-04-01 21:29:39.040,145.207,1156,1153,1134,-5.31,0,0,0,0,0,0,0,0
2026-04-01 21:29:39.120,145.287,1157,1153,1135,-5.73,0,0,0,0,0,0,0,0
2026-04-01 21:29:39.248,145.415,1157,1153,1134,-5.09,0,0,0,0,0,0,0,0
2026-04-01 21:29:39.297,145.463,1156,1153,1134,-4.88,0,0,0,0,0,0,0,0
2026-04-01 21:29:39.408,145.575,1156,1153,1134,-5.44,0,0,0,0,0,0,0,0
2026-04-01 21:29:39.472,145.639,1157,1153,1135,-6.4,0,0,0,0,0,0,0,0
2026-04-01 21:29:39.552,145.719,1156,1153,1135,-4.72,0,0,0,0,0,0,0,0
2026-04-01 21:29:39.648,145.815,1155,1153,1135,-6.12,0,0,0,0,0,0,0,0
2026-04-01 21:29:39.712,145.879,1155,1153,1134,-5.41,0,0,0,0,0,0,0,0
2026-04-01 21:29:39.792,145.959,1156,1152,1134,-5.98,0,0,0,0,0,0,0,0
2026-04-01 21:29:39.872,146.039,1156,1152,1134,-5.35,0,0,0,0,0,0,0,0
2026-04-01 21:29:39.920,146.087,1156,1152,1134,-5.4,0,0,0,0,0,0,0,0
2026-04-01 21:29:40.016,146.183,1157,1154,1134,-5.94,0,0,0,0,0,0,0,0
2026-04-01 21:29:40.064,146.231,1156,1153,1134,-5.31,0,0,0,0,0,0,0,0
2026-04-01 21:29:40.160,146.327,1156,1153,1134,-5.77,0,0,0,0,0,0,0,0
2026-04-01 21:29:40.224,146.391,1156,1153,1134,-4.63,0,0,0,0,0,0,0,0
2026-04-01 21:29:40.336,146.503,1155,1153,1134,-4.98,0,0,0,0,0,0,0,0
2026-04-01 21:29:40.448,146.615,1157,1153,1134,-6.13,0,0,0,0,0,0,0,0
2026-04-01 21:29:40.464,146.631,1156,1153,1134,-4.9,0,0,0,0,0,0,0,0
2026-04-01 21:29:40.544,146.711,1157,1153,1135,-5.31,0,0,0,0,0,0,0,0
2026-04-01 21:29:40.640,146.807,1156,1153,1134,-5.2,0,0,0,0,0,0,0,0
2026-04-01 21:29:40.736,146.903,1156,1153,1134,-5.56,0,0,0,0,0,0,0,0
2026-04-01 21:29:40.801,146.968,1157,1153,1135,-5.39,0,0,0,0,0,0,0,0
2026-04-01 21:29:40.864,147.031,1156,1153,1134,-5.09,0,0,0,0,0,0,0,0
2026-04-01 21:29:40.944,147.111,1157,1153,1134,-5.76,0,0,0,0,0,0,0,0
2026-04-01 21:29:41.088,147.255,1156,1153,1135,-5.69,0,0,0,0,0,0,0,0
2026-04-01 21:29:41.184,147.351,1155,1153,1134,-4.92,0,0,0,0,0,0,0,0
2026-04-01 21:29:41.296,147.463,1156,1153,1134,-4.99,0,0,0,0,0,0,0,0
2026-04-01 21:29:41.360,147.527,1156,1153,1135,-5.59,0,0,0,0,0,0,0,0
2026-04-01 21:29:41.440,147.607,1157,1153,1135,-5.05,0,0,0,0,0,0,0,0
2026-04-01 21:29:41.536,147.703,1157,1153,1135,-5.64,0,0,0,0,0,0,0,0
2026-04-01 21:29:41.632,147.799,1156,1153,1134,-5.26,0,0,0,0,0,0,0,0
2026-04-01 21:29:41.744,147.911,1155,1152,1134,-4.93,0,0,0,0,0,0,0,0
2026-04-01 21:29:41.808,147.975,1157,1152,1135,-6.23,0,0,0,0,0,0,0,0
2026-04-01 21:29:41.872,148.039,1157,1153,1135,-6.25,0,0,0,0,0,0,0,0
2026-04-01 21:29:41.952,148.119,1156,1153,1134,-5.67,0,0,0,0,0,0,0,0
2026-04-01 21:29:42.016,148.183,1156,1153,1135,-5.28,0,0,0,0,0,0,0,0
2026-04-01 21:29:42.113,148.279,1156,1153,1134,-5.66,0,0,0,0,0,0,0,0
2026-04-01 21:29:42.160,148.327,1156,1153,1134,-5.41,0,0,0,0,0,0,0,0
2026-04-01 21:29:42.240,148.407,1155,1153,1134,-4.71,0,0,0,0,0,0,0,0
2026-04-01 21:29:42.352,148.519,1155,1153,1134,-5.05,0,0,0,0,0,0,0,0
2026-04-01 21:29:42.400,148.567,1157,1153,1134,-5.58,0,0,0,0,0,0,0,0
2026-04-01 21:29:42.480,148.647,1155,1153,1134,-5.07,0,0,0,0,0,0,0,0
2026-04-01 21:29:42.640,148.807,1156,1153,1134,-5.75,0,0,0,0,0,0,0,0
2026-04-01 21:29:42.641,148.807,1156,1153,1134,-5.52,0,0,0,0,0,0,0,0
2026-04-01 21:29:42.704,148.871,1156,1153,1135,-6.29,0,0,0,0,0,0,0,0
2026-04-01 21:29:42.800,148.967,1156,1153,1135,-5.92,0,0,0,0,0,0,0,0
2026-04-01 21:29:42.896,149.063,1157,1153,1134,-6.14,0,0,0,0,0,0,0,0
2026-04-01 21:29:42.976,149.143,1156,1153,1135,-5.41,0,0,0,0,0,0,0,0
2026-04-01 21:29:43.072,149.239,1156,1153,1134,-5.2,0,0,0,0,0,0,0,0
2026-04-01 21:29:43.088,149.255,1157,1153,1134,-5.08,0,0,0,0,0,0,0,0
2026-04-01 21:29:43.184,149.351,1155,1153,1134,-4.97,0,0,0,0,0,0,0,0
2026-04-01 21:29:43.280,149.447,1155,1153,1134,-5.39,0,0,0,0,0,0,0,0
2026-04-01 21:29:43.392,149.559,1156,1153,1134,-5.24,0,0,0,0,0,0,0,0
2026-04-01 21:29:43.488,149.655,1157,1153,1134,-6.68,0,0,0,0,0,0,0,0
2026-04-01 21:29:43.552,149.719,1157,1153,1134,-5.95,0,0,0,0,0,0,0,0
2026-04-01 21:29:43.648,149.815,1156,1153,1134,-5.12,0,0,0,0,0,0,0,0
2026-04-01 21:29:43.744,149.911,1157,1153,1134,-5.23,0,0,0,0,0,0,0,0
2026-04-01 21:29:43.856,150.023,1156,1153,1134,-5.65,0,0,0,0,0,0,0,0
2026-04-01 21:29:43.920,150.087,1157,1153,1134,-5.99,0,0,0,0,0,0,0,0
2026-04-01 21:29:43.968,150.135,1156,1153,1135,-6.29,0,0,0,0,0,0,0,0
2026-04-01 21:29:44.096,150.263,1156,1153,1134,-5.86,0,0,0,0,0,0,0,0
2026-04-01 21:29:44.176,150.343,1156,1152,1134,-5.32,0,0,0,0,0,0,0,0
2026-04-01 21:29:44.304,150.471,1156,1152,1134,-5.28,0,0,0,0,0,0,0,0
2026-04-01 21:29:44.352,150.519,1155,1152,1135,-5.52,0,0,0,0,0,0,0,0
2026-04-01 21:29:44.480,150.647,1155,1152,1134,-5.61,0,0,0,0,0,0,0,0
2026-04-01 21:29:44.512,150.679,1156,1152,1134,-5.32,0,0,0,0,0,0,0,0
2026-04-01 21:29:44.656,150.823,1155,1152,1134,-5.37,0,0,0,0,0,0,0,0
2026-04-01 21:29:44.656,150.823,1157,1152,1134,-5.91,0,0,0,0,0,0,0,0
2026-04-01 21:29:44.736,150.903,1157,1153,1134,-5.68,0,0,0,0,0,0,0,0
2026-04-01 21:29:44.816,150.983,1157,1153,1135,-5.67,0,0,0,0,0,0,0,0
2026-04-01 21:29:44.944,151.111,1156,1153,1135,-5.12,0,0,0,0,0,0,0,0
2026-04-01 21:29:44.960,151.127,1156,1153,1134,-5.36,0,0,0,0,0,0,0,0
2026-04-01 21:29:45.056,151.223,1156,1153,1134,-6.12,0,0,0,0,0,0,0,0
2026-04-01 21:29:45.120,151.287,1157,1153,1134,-5.62,0,0,0,0,0,0,0,0
2026-04-01 21:29:45.200,151.367,1156,1153,1133,-5.65,0,0,0,0,0,0,0,0
2026-04-01 21:29:45.248,151.415,1156,1153,1135,-5.46,0,0,0,0,0,0,0,0
2026-04-01 21:29:45.312,151.479,1157,1154,1135,-5.22,0,0,0,0,0,0,0,0
2026-04-01 21:29:45.472,151.639,1156,1153,1135,-5.41,0,0,0,0,0,0,0,0
2026-04-01 21:29:45.504,151.671,1156,1154,1134,-5.22,0,0,0,0,0,0,0,0
2026-04-01 21:29:45.568,151.735,1156,1153,1133,-5.44,0,0,0,0,0,0,0,0
2026-04-01 21:29:45.664,151.831,1156,1153,1134,-5.56,0,0,0,0,0,0,0,0
2026-04-01 21:29:45.696,151.863,1156,1153,1135,-5.44,0,0,0,0,0,0,0,0
2026-04-01 21:29:45.760,151.927,1157,1154,1134,-6.02,0,0,0,0,0,0,0,0
2026-04-01 21:29:45.888,152.055,1157,1154,1135,-5.9,0,0,0,0,0,0,0,0
2026-04-01 21:29:45.984,152.151,1157,1153,1134,-5.59,0,0,0,0,0,0,0,0
2026-04-01 21:29:46.144,152.311,1156,1153,1135,-5.34,0,0,0,0,0,0,0,0
2026-04-01 21:29:46.176,152.343,1155,1152,1134,-5.31,0,0,0,0,0,0,0,0
2026-04-01 21:29:46.208,152.375,1157,1153,1134,-5.66,0,0,0,0,0,0,0,0
2026-04-01 21:29:46.288,152.455,1157,1153,1135,-5.54,0,0,0,0,0,0,0,0
2026-04-01 21:29:46.368,152.535,1156,1153,1135,-6.68,0,0,0,0,0,0,0,0
2026-04-01 21:29:46.448,152.615,1156,1153,1134,-4.96,0,0,0,0,0,0,0,0
2026-04-01 21:29:46.544,152.711,1156,1153,1134,-6.24,0,0,0,0,0,0,0,0
2026-04-01 21:29:46.592,152.759,1156,1153,1135,-5.59,0,0,0,0,0,0,0,0
2026-04-01 21:29:46.720,152.887,1156,1153,1135,-4.86,0,0,0,0,0,0,0,0
2026-04-01 21:29:46.864,153.031,1155,1152,1134,-5.27,0,0,0,0,0,0,0,0
2026-04-01 21:29:46.928,153.095,1156,1152,1134,-5.75,0,0,0,0,0,0,0,0
2026-04-01 21:29:47.008,153.175,1156,1152,1135,-5.52,0,0,0,0,0,0,0,0
2026-04-01 21:29:47.104,153.271,1156,1152,1134,-5.32,0,0,0,0,0,0,0,0
2026-04-01 21:29:47.232,153.399,1157,1152,1134,-5.95,0,0,0,0,0,0,0,0
2026-04-01 21:29:47.296,153.463,1156,1152,1134,-5.55,0,0,0,0,0,0,0,0
2026-04-01 21:29:47.360,153.526,1155,1152,1134,-5.16,0,0,0,0,0,0,0,0
2026-04-01 21:29:47.456,153.623,1156,1153,1135,-6.02,0,0,0,0,0,0,0,0
2026-04-01 21:29:47.488,153.655,1157,1152,1134,-5.58,0,0,0,0,0,0,0,0
2026-04-01 21:29:47.568,153.735,1156,1153,1134,-5.45,0,0,0,0,0,0,0,0
2026-04-01 21:29:47.632,153.799,1157,1154,1135,-5.54,0,0,0,0,0,0,0,0
2026-04-01 21:29:47.712,153.879,1156,1153,1134,-5.1,0,0,0,0,0,0,0,0
2026-04-01 21:29:47.792,153.959,1157,1154,1135,-6.97,0,0,0,0,0,0,0,0
2026-04-01 21:29:47.904,154.071,1156,1153,1134,-5.41,0,0,0,0,0,0,0,0
2026-04-01 21:29:47.968,154.135,1156,1153,1135,-6.13,0,0,0,0,0,0,0,0
2026-04-01 21:29:48.048,154.215,1156,1153,1135,-5.38,0,0,0,0,0,0,0,0
2026-04-01 21:29:48.112,154.279,1157,1153,1134,-6.2,0,0,0,0,0,0,0,0
2026-04-01 21:29:48.240,154.407,1157,1153,1134,-4.73,0,0,0,0,0,0,0,0
2026-04-01 21:29:48.320,154.487,1157,1154,1134,-5.66,0,0,0,0,0,0,0,0
2026-04-01 21:29:48.384,154.551,1156,1153,1135,-6.77,0,0,0,0,0,0,0,0
2026-04-01 21:29:48.464,154.631,1157,1153,1134,-6.17,0,0,0,0,0,0,0,0
2026-04-01 21:29:48.560,154.727,1156,1152,1134,-5.65,0,0,0,0,0,0,0,0
2026-04-01 21:29:48.592,154.759,1156,1153,1135,-4.73,0,0,0,0,0,0,0,0
2026-04-01 21:29:48.704,154.870,1156,1153,1134,-6.02,0,0,0,0,0,0,0,0
2026-04-01 21:29:48.784,154.950,1156,1153,1134,-5.04,0,0,0,0,0,0,0,0
2026-04-01 21:29:48.880,155.047,1157,1153,1135,-6.58,0,0,0,0,0,0,0,0
2026-04-01 21:29:48.928,155.094,1155,1153,1134,-4.93,0,0,0,0,0,0,0,0
2026-04-01 21:29:49.024,155.191,1155,1153,1134,-4.8,0,0,0,0,0,0,0,0
2026-04-01 21:29:49.104,155.271,1157,1153,1135,-6.17,0,0,0,0,0,0,0,0
2026-04-01 21:29:49.168,155.334,1155,1153,1134,-4.76,0,0,0,0,0,0,0,0
2026-04-01 21:29:49.248,155.415,1156,1153,1135,-6.0,0,0,0,0,0,0,0,0
2026-04-01 21:29:49.430,155.596,1157,1153,1134,-4.85,0,0,0,0,0,0,0,0
2026-04-01 21:29:53.360,159.526,1156,1152,1134,-5.59,0,0,0,0,0,0,0,0
2026-04-01 21:29:53.360,159.527,1157,1153,1135,-5.75,0,0,0,0,0,0,0,0
2026-04-01 21:29:53.360,159.527,1156,1153,1134,-5.25,0,0,0,0,0,0,0,0
2026-04-01 21:29:53.361,159.527,1156,1153,1134,-6.31,0,0,0,0,0,0,0,0
2026-04-01 21:29:53.361,159.528,1156,1153,1134,-5.43,0,0,0,0,0,0,0,0
2026-04-01 21:29:53.361,159.528,1156,1153,1135,-5.49,0,0,0,0,0,0,0,0
2026-04-01 21:29:53.361,159.528,1157,1153,1135,-5.48,0,0,0,0,0,0,0,0
2026-04-01 21:29:53.361,159.528,1157,1153,1134,-6.02,0,0,0,0,0,0,0,0
2026-04-01 21:29:53.361,159.528,1156,1153,1134,-5.5,0,0,0,0,0,0,0,0
2026-04-01 21:29:53.362,159.528,1156,1152,1134,-4.7,0,0,0,0,0,0,0,0
2026-04-01 21:29:53.362,159.529,1156,1153,1134,-6.16,0,0,0,0,0,0,0,0
2026-04-01 21:29:53.362,159.529,1156,1153,1134,-5.79,0,0,0,0,0,0,0,0
2026-04-01 21:29:53.362,159.529,1157,1153,1134,-5.68,0,0,0,0,0,0,0,0
2026-04-01 21:29:53.362,159.529,1156,1153,1134,-5.0,0,0,0,0,0,0,0,0
2026-04-01 21:29:53.362,159.529,1156,1153,1135,-5.79,0,0,0,0,0,0,0,0
2026-04-01 21:29:53.362,159.529,1156,1153,1134,-4.97,0,0,0,0,0,0,0,0
2026-04-01 21:29:53.362,159.529,1157,1153,1135,-6.43,0,0,0,0,0,0,0,0
2026-04-01 21:29:53.363,159.529,1156,1153,1134,-5.15,0,0,0,0,0,0,0,0
2026-04-01 21:29:53.363,159.529,1157,1152,1133,-5.34,0,0,0,0,0,0,0,0
2026-04-01 21:29:53.515,159.681,1157,1154,1134,-5.19,0,0,0,0,0,0,0,0
2026-04-01 21:29:53.547,159.713,1156,1153,1134,-4.73,0,0,0,0,0,0,0,0
2026-04-01 21:29:53.675,159.842,1156,1153,1134,-5.93,0,0,0,0,0,0,0,0
2026-04-01 21:29:53.787,159.953,1156,1153,1134,-5.79,0,0,0,0,0,0,0,0
2026-04-01 21:29:53.835,160.002,1158,1153,1134,-5.82,0,0,0,0,0,0,0,0
2026-04-01 21:29:53.883,160.050,1157,1153,1134,-5.22,0,0,0,0,0,0,0,0
2026-04-01 21:29:54.027,160.193,1156,1153,1134,-6.05,0,0,0,0,0,0,0,0
2026-04-01 21:29:54.059,160.225,1155,1152,1134,-6.18,0,0,0,0,0,0,0,0
2026-04-01 21:29:54.187,160.354,1155,1153,1134,-5.43,0,0,0,0,0,0,0,0
2026-04-01 21:29:54.235,160.401,1156,1152,1134,-5.35,0,0,0,0,0,0,0,0
2026-04-01 21:29:54.315,160.482,1156,1153,1134,-5.44,0,0,0,0,0,0,0,0
2026-04-01 21:29:54.379,160.545,1156,1153,1134,-4.88,0,0,0,0,0,0,0,0
2026-04-01 21:29:54.491,160.658,1156,1152,1134,-5.31,0,0,0,0,0,0,0,0
2026-04-01 21:29:54.539,160.705,1157,1153,1134,-5.43,0,0,0,0,0,0,0,0
2026-04-01 21:29:54.619,160.785,1156,1153,1134,-5.45,0,0,0,0,0,0,0,0
2026-04-01 21:29:54.683,160.850,1156,1153,1134,-5.32,0,0,0,0,0,0,0,0
2026-04-01 21:29:54.827,160.993,1156,1152,1134,-5.36,0,0,0,0,0,0,0,0
2026-04-01 21:29:54.891,161.057,1157,1153,1135,-5.83,0,0,0,0,0,0,0,0
2026-04-01 21:29:54.955,161.121,1158,1153,1134,-5.49,0,0,0,0,0,0,0,0
2026-04-01 21:29:55.003,161.169,1157,1153,1135,-5.58,0,0,0,0,0,0,0,0
2026-04-01 21:29:55.083,161.250,1156,1153,1135,-5.48,0,0,0,0,0,0,0,0
2026-04-01 21:29:55.163,161.330,1155,1153,1134,-4.96,0,0,0,0,0,0,0,0
2026-04-01 21:29:55.291,161.457,1156,1153,1134,-5.18,0,0,0,0,0,0,0,0
2026-04-01 21:29:55.339,161.506,1156,1154,1135,-5.57,0,0,0,0,0,0,0,0
2026-04-01 21:29:55.467,161.633,1156,1153,1133,-5.86,0,0,0,0,0,0,0,0
2026-04-01 21:29:55.563,161.729,1156,1152,1133,-5.88,0,0,0,0,0,0,0,0
2026-04-01 21:29:55.627,161.793,1157,1153,1134,-4.69,0,0,0,0,0,0,0,0
2026-04-01 21:29:55.675,161.842,1155,1153,1135,-5.95,0,0,0,0,0,0,0,0
2026-04-01 21:29:55.803,161.970,1157,1154,1135,-5.82,0,0,0,0,0,0,0,0
2026-04-01 21:29:55.867,162.033,1155,1152,1134,-5.83,0,0,0,0,0,0,0,0
2026-04-01 21:29:55.930,162.097,1156,1152,1134,-5.69,0,0,0,0,0,0,0,0
2026-04-01 21:29:56.043,162.209,1157,1153,1135,-6.26,0,0,0,0,0,0,0,0
2026-04-01 21:29:56.123,162.290,1156,1153,1134,-5.32,0,0,0,0,0,0,0,0
2026-04-01 21:29:56.154,162.321,1157,1153,1134,-4.94,0,0,0,0,0,0,0,0
2026-04-01 21:29:56.298,162.465,1156,1153,1134,-5.54,0,0,0,0,0,0,0,0
2026-04-01 21:29:56.330,162.497,1156,1153,1135,-5.09,0,0,0,0,0,0,0,0
2026-04-01 21:29:56.427,162.594,1156,1153,1134,-5.62,0,0,0,0,0,0,0,0
2026-04-01 21:29:56.443,162.610,1156,1153,1134,-5.26,0,0,0,0,0,0,0,0
2026-04-01 21:29:56.570,162.737,1155,1153,1133,-5.5,0,0,0,0,0,0,0,0
2026-04-01 21:29:56.603,162.769,1156,1153,1134,-4.98,0,0,0,0,0,0,0,0
2026-04-01 21:29:56.682,162.849,1156,1153,1135,-5.61,0,0,0,0,0,0,0,0
2026-04-01 21:29:56.747,162.913,1157,1153,1135,-5.29,0,0,0,0,0,0,0,0
2026-04-01 21:29:56.795,162.961,1158,1153,1134,-5.07,0,0,0,0,0,0,0,0
2026-04-01 21:29:56.858,163.025,1157,1153,1135,-5.06,0,0,0,0,0,0,0,0
2026-04-01 21:29:56.938,163.105,1157,1153,1134,-5.19,0,0,0,0,0,0,0,0
2026-04-01 21:29:57.003,163.169,1157,1153,1134,-5.03,0,0,0,0,0,0,0,0
2026-04-01 21:29:57.098,163.265,1156,1153,1134,-5.13,0,0,0,0,0,0,0,0
2026-04-01 21:29:57.210,163.377,1155,1152,1134,-4.97,0,0,0,0,0,0,0,0
2026-04-01 21:29:57.322,163.489,1156,1153,1134,-6.66,0,0,0,0,0,0,0,0
2026-04-01 21:29:57.419,163.585,1156,1153,1134,-5.66,0,0,0,0,0,0,0,0
2026-04-01 21:29:57.498,163.665,1155,1152,1134,-5.23,0,0,0,0,0,0,0,0
2026-04-01 21:29:57.658,163.825,1156,1153,1134,-5.74,0,0,0,0,0,0,0,0
2026-04-01 21:29:57.690,163.857,1156,1153,1134,-5.68,0,0,0,0,0,0,0,0
2026-04-01 21:29:57.834,164.001,1156,1153,1134,-5.72,0,0,0,0,0,0,0,0
2026-04-01 21:29:57.931,164.097,1156,1153,1135,-5.56,0,0,0,0,0,0,0,0
2026-04-01 21:29:58.010,164.177,1156,1153,1135,-5.91,0,0,0,0,0,0,0,0
2026-04-01 21:29:58.074,164.241,1156,1153,1134,-5.09,0,0,0,0,0,0,0,0
2026-04-01 21:29:58.154,164.321,1156,1152,1134,-5.3,0,0,0,0,0,0,0,0
2026-04-01 21:29:58.218,164.385,1156,1153,1134,-5.45,0,0,0,0,0,0,0,0
2026-04-01 21:29:58.298,164.465,1157,1153,1134,-5.39,0,0,0,0,0,0,0,0
2026-04-01 21:29:58.394,164.561,1156,1152,1135,-6.2,0,0,0,0,0,0,0,0
2026-04-01 21:29:58.490,164.657,1156,1152,1134,-5.04,0,0,0,0,0,0,0,0
2026-04-01 21:29:58.538,164.705,1156,1153,1135,-6.09,0,0,0,0,0,0,0,0
2026-04-01 21:29:58.554,164.721,1156,1153,1134,-5.54,0,0,0,0,0,0,0,0
2026-04-01 21:29:58.650,164.817,1157,1153,1134,-5.98,0,0,0,0,0,0,0,0
2026-04-01 21:29:58.730,164.897,1156,1153,1134,-5.69,0,0,0,0,0,0,0,0
2026-04-01 21:29:58.858,165.025,1156,1153,1133,-5.86,0,0,0,0,0,0,0,0
2026-04-01 21:29:58.923,165.090,1157,1153,1135,-5.2,0,0,0,0,0,0,0,0
2026-04-01 21:29:58.954,165.121,1156,1153,1135,-5.41,0,0,0,0,0,0,0,0
2026-04-01 21:29:59.002,165.169,1156,1153,1135,-5.28,0,0,0,0,0,0,0,0
2026-04-01 21:29:59.114,165.281,1156,1153,1134,-4.96,0,0,0,0,0,0,0,0
2026-04-01 21:29:59.178,165.345,1157,1153,1134,-5.29,0,0,0,0,0,0,0,0
2026-04-01 21:29:59.258,165.425,1156,1152,1134,-4.97,0,0,0,0,0,0,0,0
2026-04-01 21:29:59.418,165.585,1155,1152,1134,-5.52,0,0,0,0,0,0,0,0
2026-04-01 21:29:59.467,165.633,1156,1152,1134,-6.24,0,0,0,0,0,0,0,0
2026-04-01 21:29:59.546,165.713,1155,1152,1134,-5.64,0,0,0,0,0,0,0,0
2026-04-01 21:29:59.642,165.809,1156,1152,1134,-5.49,0,0,0,0,0,0,0,0
2026-04-01 21:29:59.674,165.841,1158,1153,1134,-5.89,0,0,0,0,0,0,0,0
2026-04-01 21:29:59.738,165.905,1156,1152,1134,-5.48,0,0,0,0,0,0,0,0
2026-04-01 21:29:59.834,166.001,1157,1152,1134,-5.94,0,0,0,0,0,0,0,0
2026-04-01 21:29:59.946,166.113,1155,1152,1134,-5.39,0,0,0,0,0,0,0,0
2026-04-01 21:30:00.075,166.241,1155,1152,1134,-5.63,0,0,0,0,0,0,0,0
2026-04-01 21:30:00.138,166.305,1156,1153,1135,-5.84,0,0,0,0,0,0,0,0
2026-04-01 21:30:00.154,166.321,1156,1152,1134,-5.34,0,0,0,0,0,0,0,0
2026-04-01 21:30:00.234,166.401,1156,1153,1136,-6.2,0,0,0,0,0,0,0,0
2026-04-01 21:30:00.282,166.449,1157,1154,1135,-5.7,0,0,0,0,0,0,0,0
2026-04-01 21:30:00.395,166.561,1156,1153,1134,-5.62,0,0,0,0,0,0,0,0
2026-04-01 21:30:00.442,166.609,1156,1153,1134,-5.5,0,0,0,0,0,0,0,0
2026-04-01 21:30:00.554,166.721,1156,1153,1134,-5.27,0,0,0,0,0,0,0,0
2026-04-01 21:30:00.666,166.833,1157,1153,1134,-5.75,0,0,0,0,0,0,0,0
2026-04-01 21:30:00.698,166.865,1156,1152,1134,-5.86,0,0,0,0,0,0,0,0
2026-04-01 21:30:00.794,166.961,1156,1153,1134,-6.48,0,0,0,0,0,0,0,0
2026-04-01 21:30:00.858,167.025,1157,1152,1134,-5.16,0,0,0,0,0,0,0,0
2026-04-01 21:30:00.954,167.121,1157,1153,1134,-5.29,0,0,0,0,0,0,0,0
2026-04-01 21:30:01.018,167.185,1155,1152,1134,-5.34,0,0,0,0,0,0,0,0
2026-04-01 21:30:01.098,167.265,1157,1153,1134,-5.02,0,0,0,0,0,0,0,0
2026-04-01 21:30:01.178,167.345,1157,1153,1135,-5.87,0,0,0,0,0,0,0,0
2026-04-01 21:30:01.258,167.425,1156,1153,1134,-6.27,0,0,0,0,0,0,0,0
2026-04-01 21:30:01.370,167.537,1156,1153,1135,-5.88,0,0,0,0,0,0,0,0
2026-04-01 21:30:01.434,167.601,1156,1153,1134,-6.65,0,0,0,0,0,0,0,0
2026-04-01 21:30:01.498,167.665,1156,1153,1135,-4.97,0,0,0,0,0,0,0,0
2026-04-01 21:30:01.578,167.745,1157,1152,1135,-5.73,0,0,0,0,0,0,0,0
2026-04-01 21:30:01.642,167.809,1156,1152,1134,-6.14,0,0,0,0,0,0,0,0
2026-04-01 21:30:01.787,167.954,1156,1152,1134,-5.37,0,0,0,0,0,0,0,0
2026-04-01 21:30:01.898,168.065,1156,1152,1134,-5.67,0,0,0,0,0,0,0,0
2026-04-01 21:30:01.914,168.081,1155,1152,1134,-5.52,0,0,0,0,0,0,0,0
2026-04-01 21:30:02.074,168.241,1156,1153,1135,-4.66,0,0,0,0,0,0,0,0
2026-04-01 21:30:02.122,168.289,1155,1153,1134,-5.15,0,0,0,0,0,0,0,0
2026-04-01 21:30:02.266,168.433,1155,1153,1134,-5.28,0,0,0,0,0,0,0,0
2026-04-01 21:30:02.362,168.529,1157,1153,1134,-5.14,0,0,0,0,0,0,0,0
2026-04-01 21:30:02.426,168.593,1157,1153,1135,-5.33,0,0,0,0,0,0,0,0
2026-04-01 21:30:02.522,168.689,1156,1153,1134,-6.1,0,0,0,0,0,0,0,0
2026-04-01 21:30:02.603,168.769,1157,1153,1134,-5.29,0,0,0,0,0,0,0,0
2026-04-01 21:30:02.698,168.865,1156,1153,1134,-5.25,0,0,0,0,0,0,0,0
2026-04-01 21:30:41.248,207.415,1156,1152,1133,-5.35,0,0,0,0,0,0,0,0
2026-04-01 21:30:41.248,207.415,1156,1153,1134,-5.26,0,0,0,0,0,0,0,0
2026-04-01 21:30:41.270,207.436,1156,1153,1134,-5.15,0,0,0,0,0,0,0,0
2026-04-01 21:30:41.334,207.500,1158,1154,1134,-6.86,0,0,0,0,0,0,0,0
2026-04-01 21:30:41.462,207.628,1156,1153,1134,-6.15,0,0,0,0,0,0,0,0
2026-04-01 21:30:41.462,207.629,1156,1153,1134,-5.49,0,0,0,0,0,0,0,0
2026-04-01 21:30:41.574,207.740,1157,1153,1135,-5.85,0,0,0,0,0,0,0,0
2026-04-01 21:30:41.638,207.804,1156,1154,1135,-5.6,0,0,0,0,0,0,0,0
2026-04-01 21:30:41.829,207.996,1156,1153,1135,-5.85,0,0,0,0,0,0,0,0
2026-04-01 21:30:41.926,208.093,1157,1153,1134,-6.2,0,0,0,0,0,0,0,0
2026-04-01 21:30:41.958,208.125,1157,1153,1134,-4.92,0,0,0,0,0,0,0,0
2026-04-01 21:30:42.006,208.172,1156,1153,1134,-5.23,0,0,0,0,0,0,0,0
2026-04-01 21:30:42.102,208.268,1157,1152,1134,-5.63,0,0,0,0,0,0,0,0
2026-04-01 21:30:42.134,208.300,1157,1153,1135,-5.16,0,0,0,0,0,0,0,0
2026-04-01 21:30:42.262,208.428,1157,1153,1134,-5.13,0,0,0,0,0,0,0,0
2026-04-01 21:30:42.390,208.556,1156,1153,1134,-6.25,0,0,0,0,0,0,0,0
2026-04-01 21:30:42.454,208.620,1156,1153,1134,-5.63,0,0,0,0,0,0,0,0
2026-04-01 21:30:42.533,208.700,1156,1153,1134,-5.97,0,0,0,0,0,0,0,0
2026-04-01 21:30:42.677,208.844,1155,1153,1134,-5.6,0,0,0,0,0,0,0,0
2026-04-01 21:30:42.693,208.860,1156,1153,1134,-6.01,0,0,0,0,0,0,0,0
2026-04-01 21:30:42.805,208.972,1157,1153,1134,-5.92,0,0,0,0,0,0,0,0
2026-04-01 21:30:42.822,208.988,1156,1153,1135,-5.35,0,0,0,0,0,0,0,0
2026-04-01 21:30:42.918,209.084,1157,1154,1135,-6.22,0,0,0,0,0,0,0,0
2026-04-01 21:30:42.998,209.164,1157,1154,1135,-5.47,0,0,0,0,0,0,0,0
2026-04-01 21:30:43.157,209.324,1156,1153,1134,-4.96,0,0,0,0,0,0,0,0
2026-04-01 21:30:43.206,209.372,1156,1153,1133,-5.12,0,0,0,0,0,0,0,0
2026-04-01 21:30:43.238,209.404,1156,1152,1133,-5.36,0,0,0,0,0,0,0,0
2026-04-01 21:30:43.301,209.468,1156,1153,1134,-5.05,0,0,0,0,0,0,0,0
2026-04-01 21:30:43.398,209.564,1157,1153,1134,-7.41,0,0,0,0,0,0,0,0
2026-04-01 21:30:43.462,209.628,1156,1153,1134,-5.59,0,0,0,0,0,0,0,0
2026-04-01 21:30:43.573,209.740,1157,1153,1133,-6.35,0,0,0,0,0,0,0,0
2026-04-01 21:30:43.638,209.804,1156,1152,1134,-5.71,0,0,0,0,0,0,0,0
2026-04-01 21:30:43.733,209.900,1156,1153,1134,-5.14,0,0,0,0,0,0,0,0
2026-04-01 21:30:43.813,209.980,1156,1153,1135,-5.75,0,0,0,0,0,0,0,0
2026-04-01 21:30:43.909,210.076,1157,1153,1134,-5.28,0,0,0,0,0,0,0,0
2026-04-01 21:30:43.957,210.124,1156,1152,1134,-5.53,0,0,0,0,0,0,0,0
2026-04-01 21:30:44.021,210.188,1156,1152,1134,-5.73,0,0,0,0,0,0,0,0
2026-04-01 21:30:44.133,210.300,1156,1153,1134,-4.77,0,0,0,0,0,0,0,0
2026-04-01 21:30:44.230,210.396,1157,1153,1136,-5.2,0,0,0,0,0,0,0,0
2026-04-01 21:30:44.309,210.476,1156,1153,1134,-6.62,0,0,0,0,0,0,0,0
2026-04-01 21:30:44.357,210.524,1156,1153,1134,-5.88,0,0,0,0,0,0,0,0
2026-04-01 21:30:44.438,210.604,1157,1152,1134,-6.86,0,0,0,0,0,0,0,0
2026-04-01 21:30:44.550,210.717,1155,1152,1134,-5.88,0,0,0,0,0,0,0,0
2026-04-01 21:30:44.662,210.828,1156,1153,1135,-5.89,0,0,0,0,0,0,0,0
2026-04-01 21:30:44.725,210.892,1156,1153,1135,-5.4,0,0,0,0,0,0,0,0
2026-04-01 21:30:44.837,211.004,1156,1153,1134,-5.17,0,0,0,0,0,0,0,0
2026-04-01 21:30:44.933,211.100,1156,1153,1135,-4.94,0,0,0,0,0,0,0,0
2026-04-01 21:30:44.965,211.132,1156,1153,1134,-5.77,0,0,0,0,0,0,0,0
2026-04-01 21:30:45.029,211.196,1157,1153,1135,-5.27,0,0,0,0,0,0,0,0
2026-04-01 21:30:45.142,211.308,1156,1153,1133,-4.75,0,0,0,0,0,0,0,0
2026-04-01 21:30:45.221,211.388,1156,1153,1134,-5.12,0,0,0,0,0,0,0,0
2026-04-01 21:30:45.302,211.468,1157,1153,1135,-5.57,0,0,0,0,0,0,0,0
2026-04-01 21:30:45.349,211.516,1157,1153,1135,-5.89,0,0,0,0,0,0,0,0
2026-04-01 21:30:45.462,211.629,1156,1153,1134,-5.24,0,0,0,0,0,0,0,0
2026-04-01 21:30:45.557,211.724,1155,1152,1134,-5.08,0,0,0,0,0,0,0,0
2026-04-01 21:30:45.637,211.804,1155,1152,1134,-5.54,0,0,0,0,0,0,0,0
2026-04-01 21:30:45.717,211.884,1155,1152,1134,-6.25,0,0,0,0,0,0,0,0
2026-04-01 21:30:45.829,211.996,1155,1153,1134,-6.19,0,0,0,0,0,0,0,0
2026-04-01 21:30:45.925,212.092,1155,1152,1134,-5.9,0,0,0,0,0,0,0,0
2026-04-01 21:30:45.990,212.156,1156,1153,1134,-6.01,0,0,0,0,0,0,0,0
2026-04-01 21:30:46.053,212.220,1157,1153,1134,-5.52,0,0,0,0,0,0,0,0
2026-04-01 21:30:46.133,212.300,1156,1153,1134,-5.75,0,0,0,0,0,0,0,0
2026-04-01 21:30:46.197,212.364,1156,1153,1135,-5.92,0,0,0,0,0,0,0,0
2026-04-01 21:30:46.294,212.460,1156,1152,1134,-5.33,0,0,0,0,0,0,0,0
2026-04-01 21:30:46.374,212.541,1157,1153,1135,-5.79,0,0,0,0,0,0,0,0
2026-04-01 21:30:46.501,212.668,1156,1152,1134,-6.66,0,0,0,0,0,0,0,0
2026-04-01 21:30:46.565,212.732,1156,1152,1134,-5.45,0,0,0,0,0,0,0,0
2026-04-01 21:30:46.678,212.845,1156,1153,1134,-5.15,0,0,0,0,0,0,0,0
2026-04-01 21:30:46.710,212.876,1156,1153,1134,-5.09,0,0,0,0,0,0,0,0
2026-04-01 21:30:46.806,212.972,1157,1153,1134,-5.7,0,0,0,0,0,0,0,0
2026-04-01 21:30:46.837,213.004,1156,1153,1134,-5.41,0,0,0,0,0,0,0,0
2026-04-01 21:30:46.981,213.148,1156,1153,1135,-6.78,0,0,0,0,0,0,0,0
2026-04-01 21:30:47.045,213.212,1156,1153,1134,-5.81,0,0,0,0,0,0,0,0
2026-04-01 21:30:47.126,213.292,1156,1153,1134,-5.66,0,0,0,0,0,0,0,0
2026-04-01 21:30:47.206,213.372,1156,1153,1135,-4.99,0,0,0,0,0,0,0,0
2026-04-01 21:30:47.285,213.452,1155,1153,1134,-4.86,0,0,0,0,0,0,0,0
2026-04-01 21:30:47.365,213.532,1155,1153,1134,-4.95,0,0,0,0,0,0,0,0
2026-04-01 21:30:47.477,213.644,1156,1153,1134,-5.51,0,0,0,0,0,0,0,0
2026-04-01 21:30:47.509,213.676,1157,1153,1135,-5.12,0,0,0,0,0,0,0,0
2026-04-01 21:30:47.589,213.756,1156,1153,1134,-5.15,0,0,0,0,0,0,0,0
2026-04-01 21:30:47.701,213.868,1157,1153,1134,-6.64,0,0,0,0,0,0,0,0
2026-04-01 21:30:47.750,213.916,1157,1153,1134,-5.41,0,0,0,0,0,0,0,0
2026-04-01 21:30:47.877,214.044,1157,1153,1134,-5.59,0,0,0,0,0,0,0,0
2026-04-01 21:30:47.941,214.108,1156,1153,1134,-5.79,0,0,0,0,0,0,0,0
2026-04-01 21:30:48.053,214.220,1156,1153,1134,-4.99,0,0,0,0,0,0,0,0
2026-04-01 21:30:48.086,214.253,1156,1153,1134,-5.56,0,0,0,0,0,0,0,0
2026-04-01 21:30:48.165,214.332,1156,1153,1134,-5.35,0,0,0,0,0,0,0,0
2026-04-01 21:30:48.245,214.412,1157,1153,1135,-5.42,0,0,0,0,0,0,0,0
2026-04-01 21:30:48.357,214.524,1157,1153,1134,-4.57,0,0,0,0,0,0,0,0
2026-04-01 21:30:48.453,214.620,1156,1153,1134,-5.72,0,0,0,0,0,0,0,0
2026-04-01 21:30:48.501,214.668,1156,1153,1135,-6.34,0,0,0,0,0,0,0,0
2026-04-01 21:30:48.613,214.780,1156,1153,1134,-5.17,0,0,0,0,0,0,0,0
2026-04-01 21:30:48.709,214.876,1156,1153,1134,-6.0,0,0,0,0,0,0,0,0
2026-04-01 21:30:48.741,214.908,1155,1153,1134,-5.39,0,0,0,0,0,0,0,0
2026-04-01 21:30:48.837,215.004,1156,1153,1135,-6.51,0,0,0,0,0,0,0,0
2026-04-01 21:30:48.901,215.068,1156,1153,1134,-5.45,0,0,0,0,0,0,0,0
2026-04-01 21:30:49.045,215.212,1156,1152,1134,-5.76,0,0,0,0,0,0,0,0
2026-04-01 21:30:49.093,215.260,1157,1153,1134,-5.31,0,0,0,0,0,0,0,0
2026-04-01 21:30:49.125,215.292,1155,1153,1134,-5.28,0,0,0,0,0,0,0,0
2026-04-01 21:30:49.173,215.340,1156,1153,1134,-5.3,0,0,0,0,0,0,0,0
2026-04-01 21:30:49.253,215.420,1156,1153,1134,-5.08,0,0,0,0,0,0,0,0
2026-04-01 21:30:49.397,215.564,1157,1153,1134,-5.17,0,0,0,0,0,0,0,0
2026-04-01 21:30:49.413,215.580,1158,1153,1134,-5.5,0,0,0,0,0,0,0,0
2026-04-01 21:30:49.509,215.676,1156,1153,1134,-5.72,0,0,0,0,0,0,0,0
2026-04-01 21:30:49.573,215.740,1157,1154,1134,-5.04,0,0,0,0,0,0,0,0
2026-04-01 21:30:49.669,215.836,1156,1153,1134,-5.25,0,0,0,0,0,0,0,0
2026-04-01 21:30:49.765,215.932,1156,1154,1135,-5.29,0,0,0,0,0,0,0,0
2026-04-01 21:30:49.861,216.028,1156,1153,1134,-5.52,0,0,0,0,0,0,0,0
2026-04-01 21:30:49.941,216.108,1157,1153,1133,-5.69,0,0,0,0,0,0,0,0
2026-04-01 21:30:50.005,216.172,1157,1153,1134,-6.07,0,0,0,0,0,0,0,0
2026-04-01 21:30:50.085,216.252,1157,1153,1134,-5.17,0,0,0,0,0,0,0,0
2026-04-01 21:30:50.197,216.364,1156,1153,1134,-5.4,0,0,0,0,0,0,0,0
2026-04-01 21:30:50.213,216.380,1155,1153,1134,-5.85,0,0,0,0,0,0,0,0
2026-04-01 21:30:50.293,216.460,1157,1153,1135,-4.76,0,0,0,0,0,0,0,0
2026-04-01 21:30:50.405,216.572,1158,1153,1133,-5.12,0,0,0,0,0,0,0,0
2026-04-01 21:30:50.469,216.636,1157,1153,1134,-5.89,0,0,0,0,0,0,0,0
2026-04-01 21:30:50.581,216.748,1156,1154,1135,-5.79,0,0,0,0,0,0,0,0
2026-04-01 21:30:50.661,216.828,1157,1153,1134,-6.17,0,0,0,0,0,0,0,0
2026-04-01 21:30:50.725,216.892,1156,1153,1134,-5.74,0,0,0,0,0,0,0,0
2026-04-01 21:30:50.789,216.956,1156,1153,1134,-5.38,0,0,0,0,0,0,0,0
2026-04-01 21:30:50.853,217.020,1157,1153,1134,-5.19,0,0,0,0,0,0,0,0
2026-04-01 21:30:50.917,217.084,1157,1153,1134,-5.98,0,0,0,0,0,0,0,0
2026-04-01 21:30:50.997,217.164,1157,1153,1134,-6.13,0,0,0,0,0,0,0,0
2026-04-01 21:30:51.045,217.212,1157,1153,1135,-5.47,0,0,0,0,0,0,0,0
2026-04-01 21:30:51.173,217.340,1157,1154,1135,-5.46,0,0,0,0,0,0,0,0
2026-04-01 21:30:51.221,217.388,1156,1153,1135,-4.86,0,0,0,0,0,0,0,0
2026-04-01 21:30:51.285,217.452,1157,1153,1135,-5.14,0,0,0,0,0,0,0,0
2026-04-01 21:30:51.349,217.516,1157,1153,1134,-4.76,0,0,0,0,0,0,0,0
2026-04-01 21:30:51.461,217.628,1157,1154,1134,-6.28,0,0,0,0,0,0,0,0
2026-04-01 21:30:51.525,217.692,1157,1154,1135,-4.98,0,0,0,0,0,0,0,0
2026-04-01 21:30:51.557,217.724,1156,1153,1135,-6.26,0,0,0,0,0,0,0,0
2026-04-01 21:30:51.653,217.820,1156,1153,1135,-5.72,0,0,0,0,0,0,0,0
2026-04-01 21:30:51.701,217.868,1158,1154,1135,-5.92,0,0,0,0,0,0,0,0
2026-04-01 21:30:51.781,217.948,1157,1154,1135,-5.71,0,0,0,0,0,0,0,0
2026-04-01 21:30:51.861,218.028,1156,1153,1134,-5.4,0,0,0,0,0,0,0,0
2026-04-01 21:30:51.973,218.140,1157,1152,1133,-5.01,0,0,0,0,0,0,0,0
2026-04-01 21:30:52.085,218.252,1156,1152,1134,-4.67,0,0,0,0,0,0,0,0
2026-04-01 21:30:52.229,218.396,1156,1152,1134,-5.35,0,0,0,0,0,0,0,0
2026-04-01 21:30:52.293,218.460,1156,1152,1134,-5.76,0,0,0,0,0,0,0,0
2026-04-01 21:30:52.373,218.540,1157,1153,1135,-5.42,0,0,0,0,0,0,0,0
2026-04-01 21:30:52.438,218.604,1157,1153,1134,-6.33,0,0,0,0,0,0,0,0
2026-04-01 21:30:52.517,218.684,1156,1153,1134,-5.51,0,0,0,0,0,0,0,0
2026-04-01 21:30:52.581,218.748,1156,1152,1133,-5.45,0,0,0,0,0,0,0,0
2026-04-01 21:30:52.661,218.828,1156,1153,1134,-5.94,0,0,0,0,0,0,0,0
2026-04-01 21:30:52.725,218.892,1157,1153,1135,-5.89,0,0,0,0,0,0,0,0
2026-04-01 21:30:52.821,218.988,1155,1153,1134,-5.45,0,0,0,0,0,0,0,0
2026-04-01 21:30:52.885,219.052,1156,1153,1134,-5.22,0,0,0,0,0,0,0,0
2026-04-01 21:30:52.981,219.148,1155,1152,1134,-5.45,0,0,0,0,0,0,0,0
2026-04-01 21:30:53.093,219.260,1156,1153,1134,-5.1,0,0,0,0,0,0,0,0
2026-04-01 21:30:53.173,219.340,1155,1153,1134,-5.35,0,0,0,0,0,0,0,0
2026-04-01 21:30:53.285,219.452,1156,1153,1135,-6.08,0,0,0,0,0,0,0,0
2026-04-01 21:30:53.301,219.468,1157,1153,1134,-5.51,0,0,0,0,0,0,0,0
2026-04-01 21:30:53.397,219.564,1156,1153,1134,-5.58,0,0,0,0,0,0,0,0
2026-04-01 21:30:53.541,219.708,1156,1153,1134,-5.16,0,0,0,0,0,0,0,0
2026-04-01 21:30:53.573,219.740,1156,1153,1135,-5.66,0,0,0,0,0,0,0,0
2026-04-01 21:30:53.653,219.820,1156,1153,1134,-5.61,0,0,0,0,0,0,0,0
2026-04-01 21:30:53.701,219.868,1156,1153,1134,-6.74,0,0,0,0,0,0,0,0
2026-04-01 21:30:53.813,219.980,1156,1153,1134,-5.9,0,0,0,0,0,0,0,0
2026-04-01 21:30:53.861,220.028,1155,1153,1135,-5.76,0,0,0,0,0,0,0,0
2026-04-01 21:30:54.005,220.172,1156,1153,1134,-4.63,0,0,0,0,0,0,0,0
2026-04-01 21:30:54.117,220.284,1157,1153,1135,-5.29,0,0,0,0,0,0,0,0
2026-04-01 21:30:54.181,220.348,1157,1153,1134,-6.14,0,0,0,0,0,0,0,0
2026-04-01 21:30:54.261,220.428,1156,1153,1134,-5.25,0,0,0,0,0,0,0,0
2026-04-01 21:30:54.341,220.508,1155,1153,1134,-5.83,0,0,0,0,0,0,0,0
2026-04-01 21:30:54.437,220.604,1156,1153,1135,-5.4,0,0,0,0,0,0,0,0
2026-04-01 21:30:54.501,220.668,1156,1152,1133,-5.5,0,0,0,0,0,0,0,0
2026-04-01 21:30:54.597,220.764,1155,1153,1135,-5.65,0,0,0,0,0,0,0,0
2026-04-01 21:30:54.661,220.828,1156,1153,1134,-5.62,0,0,0,0,0,0,0,0
2026-04-01 21:30:54.741,220.908,1156,1153,1134,-5.59,0,0,0,0,0,0,0,0
2026-04-01 21:30:54.837,221.004,1157,1152,1134,-5.21,0,0,0,0,0,0,0,0
2026-04-01 21:30:54.933,221.100,1156,1152,1134,-5.08,0,0,0,0,0,0,0,0
2026-04-01 21:30:54.997,221.164,1156,1152,1134,-5.94,0,0,0,0,0,0,0,0
2026-04-01 21:30:55.045,221.212,1157,1152,1134,-5.04,0,0,0,0,0,0,0,0
2026-04-01 21:30:55.141,221.308,1156,1152,1134,-4.9,0,0,0,0,0,0,0,0
2026-04-01 21:30:55.253,221.420,1156,1152,1133,-6.36,0,0,0,0,0,0,0,0
2026-04-01 21:30:55.349,221.515,1156,1152,1135,-5.84,0,0,0,0,0,0,0,0
2026-04-01 21:30:55.397,221.564,1155,1152,1134,-6.15,0,0,0,0,0,0,0,0
2026-04-01 21:30:55.461,221.628,1156,1152,1134,-5.26,0,0,0,0,0,0,0,0
2026-04-01 21:30:55.557,221.724,1156,1153,1135,-5.73,0,0,0,0,0,0,0,0
2026-04-01 21:30:55.653,221.820,1156,1153,1135,-5.56,0,0,0,0,0,0,0,0
2026-04-01 21:30:55.717,221.884,1157,1153,1135,-6.33,0,0,0,0,0,0,0,0
2026-04-01 21:30:55.861,222.028,1155,1153,1134,-5.8,0,0,0,0,0,0,0,0
2026-04-01 21:30:55.877,222.044,1156,1154,1134,-5.65,0,0,0,0,0,0,0,0
2026-04-01 21:30:55.989,222.156,1156,1153,1135,-5.27,0,0,0,0,0,0,0,0
2026-04-01 21:30:56.021,222.188,1156,1154,1134,-6.13,0,0,0,0,0,0,0,0
2026-04-01 21:30:56.117,222.284,1156,1153,1135,-5.23,0,0,0,0,0,0,0,0
2026-04-01 21:30:56.213,222.380,1156,1153,1135,-5.41,0,0,0,0,0,0,0,0
2026-04-01 21:30:56.293,222.459,1157,1153,1135,-5.7,0,0,0,0,0,0,0,0
2026-04-01 21:30:56.325,222.492,1156,1153,1134,-5.74,0,0,0,0,0,0,0,0
2026-04-01 21:30:56.437,222.604,1157,1153,1134,-5.01,0,0,0,0,0,0,0,0
2026-04-01 21:30:56.517,222.684,1157,1153,1135,-5.94,0,0,0,0,0,0,0,0
2026-04-01 21:30:56.597,222.764,1156,1153,1135,-5.37,0,0,0,0,0,0,0,0
2026-04-01 21:30:56.661,222.828,1156,1153,1134,-6.3,0,0,0,0,0,0,0,0
2026-04-01 21:30:56.709,222.876,1157,1153,1134,-5.75,0,0,0,0,0,0,0,0
2026-04-01 21:30:56.821,222.987,1156,1152,1133,-5.01,0,0,0,0,0,0,0,0
2026-04-01 21:30:56.965,223.131,1155,1153,1133,-5.62,0,0,0,0,0,0,0,0
2026-04-01 21:30:56.981,223.148,1156,1153,1134,-6.48,0,0,0,0,0,0,0,0
2026-04-01 21:30:57.045,223.212,1156,1153,1134,-5.49,0,0,0,0,0,0,0,0
2026-04-01 21:30:57.189,223.356,1157,1152,1133,-5.54,0,0,0,0,0,0,0,0
2026-04-01 21:30:57.237,223.404,1156,1153,1135,-6.42,0,0,0,0,0,0,0,0
2026-04-01 21:30:57.365,223.532,1156,1153,1134,-5.22,0,0,0,0,0,0,0,0
2026-04-01 21:30:57.445,223.612,1156,1153,1134,-6.02,0,0,0,0,0,0,0,0
2026-04-01 21:30:57.557,223.723,1156,1153,1134,-5.46,0,0,0,0,0,0,0,0
2026-04-01 21:30:57.653,223.820,1156,1153,1133,-5.94,0,0,0,0,0,0,0,0
2026-04-01 21:30:57.701,223.867,1157,1152,1134,-5.5,0,0,0,0,0,0,0,0
2026-04-01 21:30:57.797,223.964,1156,1152,1134,-5.52,0,0,0,0,0,0,0,0
2026-04-01 21:30:57.925,224.092,1156,1152,1134,-5.14,0,0,0,0,0,0,0,0
2026-04-01 21:30:57.989,224.155,1157,1152,1134,-5.38,0,0,0,0,0,0,0,0
2026-04-01 21:30:58.021,224.187,1156,1153,1134,-4.83,0,0,0,0,0,0,0,0
2026-04-01 21:30:58.101,224.267,1156,1152,1134,-5.16,0,0,0,0,0,0,0,0
2026-04-01 21:30:58.261,224.427,1156,1153,1135,-6.41,0,0,0,0,0,0,0,0
2026-04-01 21:30:58.293,224.460,1155,1152,1134,-4.83,0,0,0,0,0,0,0,0
2026-04-01 21:30:58.437,224.603,1156,1153,1134,-5.94,0,0,0,0,0,0,0,0
2026-04-01 21:30:58.485,224.651,1156,1153,1134,-5.43,0,0,0,0,0,0,0,0
2026-04-01 21:30:58.533,224.700,1156,1153,1135,-6.28,0,0,0,0,0,0,0,0
2026-04-01 21:30:58.629,224.795,1156,1153,1135,-5.51,0,0,0,0,0,0,0,0
2026-04-01 21:30:58.741,224.908,1155,1153,1135,-6.69,0,0,0,0,0,0,0,0
2026-04-01 21:30:58.773,224.939,1156,1154,1135,-5.89,0,0,0,0,0,0,0,0
2026-04-01 21:30:58.853,225.020,1157,1153,1134,-5.46,0,0,0,0,0,0,0,0
2026-04-01 21:30:58.965,225.132,1156,1153,1133,-5.25,0,0,0,0,0,0,0,0
2026-04-01 21:30:58.997,225.163,1156,1153,1134,-6.14,0,0,0,0,0,0,0,0
2026-04-01 21:30:59.077,225.244,1156,1153,1135,-4.66,0,0,0,0,0,0,0,0
2026-04-01 21:30:59.189,225.355,1157,1153,1134,-5.24,0,0,0,0,0,0,0,0
2026-04-01 21:30:59.253,225.420,1156,1153,1134,-6.72,0,0,0,0,0,0,0,0
2026-04-01 21:30:59.365,225.531,1156,1153,1135,-5.09,0,0,0,0,0,0,0,0
2026-04-01 21:30:59.397,225.563,1156,1152,1134,-5.49,0,0,0,0,0,0,0,0
2026-04-01 21:30:59.541,225.707,1156,1153,1135,-5.44,0,0,0,0,0,0,0,0
2026-04-01 21:30:59.621,225.787,1156,1153,1135,-5.5,0,0,0,0,0,0,0,0
2026-04-01 21:30:59.669,225.835,1157,1153,1134,-5.05,0,0,0,0,0,0,0,0
2026-04-01 21:30:59.717,225.883,1157,1153,1135,-5.73,0,0,0,0,0,0,0,0
2026-04-01 21:30:59.797,225.963,1157,1153,1134,-6.0,0,0,0,0,0,0,0,0
2026-04-01 21:30:59.909,226.075,1156,1153,1135,-5.97,0,0,0,0,0,0,0,0
2026-04-01 21:30:59.941,226.107,1156,1153,1134,-5.32,0,0,0,0,0,0,0,0
2026-04-01 21:31:00.037,226.203,1157,1153,1134,-5.98,0,0,0,0,0,0,0,0
2026-04-01 21:31:00.197,226.363,1156,1153,1134,-5.76,0,0,0,0,0,0,0,0
2026-04-01 21:31:00.229,226.395,1156,1153,1135,-6.14,0,0,0,0,0,0,0,0
2026-04-01 21:31:00.293,226.459,1156,1153,1134,-5.7,0,0,0,0,0,0,0,0
2026-04-01 21:31:00.357,226.523,1156,1153,1134,-6.62,0,0,0,0,0,0,0,0
2026-04-01 21:31:00.501,226.668,1156,1153,1135,-6.1,0,0,0,0,0,0,0,0
2026-04-01 21:31:00.565,226.731,1156,1153,1135,-5.82,0,0,0,0,0,0,0,0
2026-04-01 21:31:00.629,226.795,1155,1153,1134,-5.92,0,0,0,0,0,0,0,0
2026-04-01 21:31:00.724,226.891,1155,1153,1134,-6.15,0,0,0,0,0,0,0,0
2026-04-01 21:31:00.773,226.939,1157,1153,1134,-5.98,0,0,0,0,0,0,0,0
2026-04-01 21:31:00.853,227.019,1156,1153,1134,-5.63,0,0,0,0,0,0,0,0
2026-04-01 21:31:00.949,227.115,1156,1153,1134,-5.86,0,0,0,0,0,0,0,0
2026-04-01 21:31:01.012,227.179,1156,1153,1134,-4.89,0,0,0,0,0,0,0,0
2026-04-01 21:31:01.092,227.259,1157,1153,1134,-4.64,0,0,0,0,0,0,0,0
2026-04-01 21:31:01.221,227.387,1156,1152,1134,-5.58,0,0,0,0,0,0,0,0
2026-04-01 21:31:01.316,227.483,1155,1152,1134,-5.15,0,0,0,0,0,0,0,0
2026-04-01 21:31:01.397,227.564,1155,1152,1134,-5.73,0,0,0,0,0,0,0,0
2026-04-01 21:31:01.445,227.611,1155,1153,1134,-5.41,0,0,0,0,0,0,0,0
2026-04-01 21:31:01.524,227.691,1156,1153,1134,-5.91,0,0,0,0,0,0,0,0
2026-04-01 21:31:01.636,227.803,1156,1153,1135,-6.1,0,0,0,0,0,0,0,0
2026-04-01 21:31:01.717,227.884,1155,1153,1134,-5.8,0,0,0,0,0,0,0,0
2026-04-01 21:31:01.812,227.979,1157,1153,1134,-5.21,0,0,0,0,0,0,0,0
2026-04-01 21:31:01.845,228.012,1157,1153,1135,-5.88,0,0,0,0,0,0,0,0
2026-04-01 21:31:01.924,228.091,1156,1153,1135,-5.9,0,0,0,0,0,0,0,0
2026-04-01 21:31:02.021,228.187,1157,1153,1134,-5.47,0,0,0,0,0,0,0,0
2026-04-01 21:31:02.148,228.315,1157,1153,1134,-6.21,0,0,0,0,0,0,0,0
2026-04-01 21:31:02.196,228.363,1156,1153,1134,-4.69,0,0,0,0,0,0,0,0
2026-04-01 21:31:02.292,228.459,1156,1153,1134,-5.63,0,0,0,0,0,0,0,0
2026-04-01 21:31:02.404,228.571,1156,1153,1134,-5.52,0,0,0,0,0,0,0,0
2026-04-01 21:31:02.484,228.651,1156,1152,1134,-5.91,0,0,0,0,0,0,0,0
2026-04-01 21:31:02.532,228.699,1156,1153,1135,-5.75,0,0,0,0,0,0,0,0
2026-04-01 21:31:02.628,228.795,1157,1153,1134,-6.5,0,0,0,0,0,0,0,0
2026-04-01 21:31:02.677,228.843,1157,1153,1135,-6.35,0,0,0,0,0,0,0,0
2026-04-01 21:31:02.788,228.955,1156,1153,1134,-5.32,0,0,0,0,0,0,0,0
2026-04-01 21:31:02.869,229.035,1157,1153,1135,-6.68,0,0,0,0,0,0,0,0
2026-04-01 21:31:02.916,229.083,1157,1153,1135,-6.16,0,0,0,0,0,0,0,0
2026-04-01 21:31:02.980,229.147,1156,1154,1135,-4.87,0,0,0,0,0,0,0,0
2026-04-01 21:31:03.076,229.243,1156,1153,1135,-5.92,0,0,0,0,0,0,0,0
2026-04-01 21:31:03.204,229.371,1156,1153,1134,-5.89,0,0,0,0,0,0,0,0
2026-04-01 21:31:03.253,229.419,1155,1152,1134,-4.59,0,0,0,0,0,0,0,0
2026-04-01 21:31:03.316,229.483,1157,1153,1134,-4.95,0,0,0,0,0,0,0,0
2026-04-01 21:31:03.396,229.563,1157,1153,1135,-7.47,0,0,0,0,0,0,0,0
2026-04-01 21:31:03.492,229.659,1155,1153,1134,-5.06,0,0,0,0,0,0,0,0
2026-04-01 21:31:03.560,229.727,1156,1153,1134,-6.22,0,0,0,0,0,0,0,0
2026-04-01 21:31:03.637,229.803,1156,1153,1134,-5.66,0,0,0,0,0,0,0,0
2026-04-01 21:31:03.717,229.884,1155,1153,1135,-5.44,0,0,0,0,0,0,0,0
2026-04-01 21:31:03.844,230.011,1156,1152,1134,-5.19,0,0,0,0,0,0,0,0
2026-04-01 21:31:03.908,230.075,1156,1153,1135,-7.02,0,0,0,0,0,0,0,0
2026-04-01 21:31:03.988,230.155,1156,1153,1135,-6.2,0,0,0,0,0,0,0,0
2026-04-01 21:31:04.052,230.219,1156,1153,1134,-5.52,0,0,0,0,0,0,0,0
2026-04-01 21:31:04.132,230.299,1156,1153,1134,-5.32,0,0,0,0,0,0,0,0
2026-04-01 21:31:04.212,230.379,1156,1153,1135,-6.17,0,0,0,0,0,0,0,0
2026-04-01 21:31:04.276,230.443,1157,1153,1134,-5.18,0,0,0,0,0,0,0,0
2026-04-01 21:31:04.404,230.571,1157,1153,1134,-5.83,0,0,0,0,0,0,0,0
2026-04-01 21:31:04.420,230.587,1156,1154,1134,-6.09,0,0,0,0,0,0,0,0
2026-04-01 21:31:04.548,230.715,1156,1153,1134,-5.77,0,0,0,0,0,0,0,0
2026-04-01 21:31:04.596,230.763,1156,1153,1134,-4.96,0,0,0,0,0,0,0,0
2026-04-01 21:31:04.676,230.843,1157,1153,1133,-6.24,0,0,0,0,0,0,0,0
2026-04-01 21:31:04.788,230.955,1156,1153,1134,-6.06,0,0,0,0,0,0,0,0
2026-04-01 21:31:04.836,231.003,1156,1153,1133,-6.06,0,0,0,0,0,0,0,0
2026-04-01 21:31:04.900,231.067,1157,1153,1134,-5.78,0,0,0,0,0,0,0,0
2026-04-01 21:31:04.997,231.164,1156,1153,1134,-5.94,0,0,0,0,0,0,0,0
2026-04-01 21:31:05.140,231.307,1156,1153,1135,-5.62,0,0,0,0,0,0,0,0
2026-04-01 21:31:05.188,231.355,1156,1153,1135,-5.32,0,0,0,0,0,0,0,0
2026-04-01 21:31:05.285,231.451,1157,1153,1134,-4.64,0,0,0,0,0,0,0,0
2026-04-01 21:31:05.348,231.515,1156,1152,1134,-5.26,0,0,0,0,0,0,0,0
2026-04-01 21:31:05.428,231.595,1156,1153,1135,-5.56,0,0,0,0,0,0,0,0
2026-04-01 21:31:05.524,231.691,1157,1153,1134,-4.87,0,0,0,0,0,0,0,0
2026-04-01 21:31:05.588,231.755,1156,1153,1134,-4.96,0,0,0,0,0,0,0,0
2026-04-01 21:31:05.668,231.835,1157,1153,1135,-6.46,0,0,0,0,0,0,0,0
2026-04-01 21:31:05.732,231.899,1157,1153,1134,-5.71,0,0,0,0,0,0,0,0
2026-04-01 21:31:05.876,232.043,1156,1153,1134,-5.76,0,0,0,0,0,0,0,0
2026-04-01 21:31:05.924,232.091,1157,1153,1134,-6.52,0,0,0,0,0,0,0,0
2026-04-01 21:31:05.972,232.139,1157,1153,1134,-5.27,0,0,0,0,0,0,0,0
2026-04-01 21:31:06.036,232.203,1157,1153,1134,-6.42,0,0,0,0,0,0,0,0
2026-04-01 21:31:06.180,232.347,1157,1153,1135,-6.4,0,0,0,0,0,0,0,0
2026-04-01 21:31:06.197,232.363,1157,1153,1134,-5.49,0,0,0,0,0,0,0,0
2026-04-01 21:31:06.276,232.443,1156,1152,1135,-5.08,0,0,0,0,0,0,0,0
2026-04-01 21:31:06.324,232.491,1156,1153,1136,-5.34,0,0,0,0,0,0,0,0
2026-04-01 21:31:06.388,232.555,1157,1153,1134,-5.72,0,0,0,0,0,0,0,0
2026-04-01 21:31:06.564,232.731,1157,1153,1134,-5.28,0,0,0,0,0,0,0,0
2026-04-01 21:31:06.673,232.840,1157,1153,1134,-5.96,0,0,0,0,0,0,0,0
2026-04-01 21:31:06.740,232.907,1156,1152,1133,-5.42,0,0,0,0,0,0,0,0
2026-04-01 21:31:06.836,233.003,1156,1153,1134,-6.32,0,0,0,0,0,0,0,0
2026-04-01 21:31:06.852,233.019,1156,1153,1135,-6.34,0,0,0,0,0,0,0,0
2026-04-01 21:31:06.916,233.083,1156,1153,1134,-5.63,0,0,0,0,0,0,0,0
2026-04-01 21:31:06.980,233.147,1157,1154,1135,-5.65,0,0,0,0,0,0,0,0
2026-04-01 21:31:07.028,233.195,1157,1154,1134,-4.99,0,0,0,0,0,0,0,0
2026-04-01 21:31:07.124,233.291,1157,1153,1134,-5.03,0,0,0,0,0,0,0,0
2026-04-01 21:31:07.204,233.371,1155,1153,1134,-6.44,0,0,0,0,0,0,0,0
2026-04-01 21:31:07.284,233.451,1156,1153,1135,-5.78,0,0,0,0,0,0,0,0
2026-04-01 21:31:07.412,233.579,1155,1153,1134,-5.16,0,0,0,0,0,0,0,0
2026-04-01 21:31:07.444,233.611,1156,1152,1134,-5.45,0,0,0,0,0,0,0,0
2026-04-01 21:31:07.588,233.755,1157,1153,1135,-5.83,0,0,0,0,0,0,0,0
2026-04-01 21:31:07.604,233.771,1156,1153,1134,-6.3,0,0,0,0,0,0,0,0
2026-04-01 21:31:07.685,233.851,1157,1154,1134,-7.25,0,0,0,0,0,0,0,0
2026-04-01 21:31:07.796,233.963,1156,1153,1134,-5.93,0,0,0,0,0,0,0,0
2026-04-01 21:31:07.860,234.027,1156,1153,1134,-5.75,0,0,0,0,0,0,0,0
2026-04-01 21:31:07.972,234.139,1156,1153,1135,-5.6,0,0,0,0,0,0,0,0
2026-04-01 21:31:08.020,234.187,1156,1153,1134,-4.71,0,0,0,0,0,0,0,0
2026-04-01 21:31:08.164,234.331,1156,1153,1134,-5.91,0,0,0,0,0,0,0,0
2026-04-01 21:31:08.244,234.411,1157,1153,1134,-5.22,0,0,0,0,0,0,0,0
2026-04-01 21:31:08.356,234.523,1157,1153,1134,-6.02,0,0,0,0,0,0,0,0
2026-04-01 21:31:08.436,234.603,1156,1153,1134,-5.71,0,0,0,0,0,0,0,0
2026-04-01 21:31:08.516,234.683,1156,1153,1135,-6.07,0,0,0,0,0,0,0,0
2026-04-01 21:31:08.596,234.763,1156,1153,1134,-6.13,0,0,0,0,0,0,0,0
2026-04-01 21:31:08.676,234.843,1155,1153,1135,-5.41,0,0,0,0,0,0,0,0
2026-04-01 21:31:08.788,234.955,1155,1152,1134,-5.95,0,0,0,0,0,0,0,0
2026-04-01 21:31:08.884,235.051,1155,1152,1133,-5.34,0,0,0,0,0,0,0,0
2026-04-01 21:31:08.916,235.083,1156,1153,1134,-5.7,0,0,0,0,0,0,0,0
2026-04-01 21:31:09.060,235.227,1156,1153,1134,-5.97,0,0,0,0,0,0,0,0
2026-04-01 21:31:09.076,235.243,1156,1152,1134,-5.0,0,0,0,0,0,0,0,0
2026-04-01 21:31:09.140,235.307,1156,1153,1136,-5.56,0,0,0,0,0,0,0,0
2026-04-01 21:31:09.236,235.403,1156,1153,1134,-6.67,0,0,0,0,0,0,0,0
2026-04-01 21:31:09.300,235.467,1156,1154,1135,-6.05,0,0,0,0,0,0,0,0
2026-04-01 21:31:09.364,235.531,1157,1154,1135,-5.46,0,0,0,0,0,0,0,0
2026-04-01 21:31:09.492,235.659,1157,1154,1135,-5.94,0,0,0,0,0,0,0,0
2026-04-01 21:31:09.540,235.707,1156,1153,1134,-6.06,0,0,0,0,0,0,0,0
2026-04-01 21:31:09.652,235.819,1156,1153,1134,-6.11,0,0,0,0,0,0,0,0
2026-04-01 21:31:09.732,235.899,1156,1153,1134,-6.08,0,0,0,0,0,0,0,0
2026-04-01 21:31:09.828,235.995,1156,1152,1134,-5.66,0,0,0,0,0,0,0,0
2026-04-01 21:31:09.828,235.995,1157,1152,1133,-5.72,0,0,0,0,0,0,0,0
2026-04-01 21:31:10.004,236.171,1155,1152,1134,-5.58,0,0,0,0,0,0,0,0
2026-04-01 21:31:10.020,236.187,1155,1152,1134,-4.87,0,0,0,0,0,0,0,0
2026-04-01 21:31:10.116,236.283,1155,1152,1133,-5.34,0,0,0,0,0,0,0,0
2026-04-01 21:31:10.164,236.331,1156,1152,1134,-6.35,0,0,0,0,0,0,0,0
2026-04-01 21:31:10.292,236.459,1156,1153,1135,-5.16,0,0,0,0,0,0,0,0
2026-04-01 21:31:10.388,236.555,1156,1153,1134,-5.77,0,0,0,0,0,0,0,0
2026-04-01 21:31:10.468,236.635,1156,1153,1134,-5.75,0,0,0,0,0,0,0,0
2026-04-01 21:31:10.484,236.651,1156,1153,1134,-6.34,0,0,0,0,0,0,0,0
2026-04-01 21:31:10.596,236.763,1157,1153,1134,-5.59,0,0,0,0,0,0,0,0
2026-04-01 21:31:10.676,236.843,1156,1152,1133,-5.84,0,0,0,0,0,0,0,0
2026-04-01 21:31:10.772,236.939,1156,1152,1134,-5.98,0,0,0,0,0,0,0,0
2026-04-01 21:31:10.900,237.067,1156,1152,1134,-5.55,0,0,0,0,0,0,0,0
2026-04-01 21:31:10.980,237.147,1156,1152,1133,-5.02,0,0,0,0,0,0,0,0
2026-04-01 21:31:11.060,237.227,1156,1153,1134,-5.28,0,0,0,0,0,0,0,0
2026-04-01 21:31:11.172,237.339,1155,1153,1134,-6.45,0,0,0,0,0,0,0,0
2026-04-01 21:31:11.220,237.387,1156,1153,1135,-5.2,0,0,0,0,0,0,0,0
2026-04-01 21:31:11.268,237.435,1155,1152,1134,-5.3,0,0,0,0,0,0,0,0
2026-04-01 21:31:11.348,237.515,1157,1153,1135,-6.5,0,0,0,0,0,0,0,0
2026-04-01 21:31:11.492,237.659,1157,1153,1135,-5.42,0,0,0,0,0,0,0,0
2026-04-01 21:31:11.588,237.755,1156,1153,1134,-5.49,0,0,0,0,0,0,0,0
2026-04-01 21:31:11.700,237.867,1155,1153,1134,-5.31,0,0,0,0,0,0,0,0
2026-04-01 21:31:11.748,237.915,1156,1154,1134,-5.76,0,0,0,0,0,0,0,0
2026-04-01 21:31:11.892,238.059,1156,1154,1134,-5.64,0,0,0,0,0,0,0,0
2026-04-01 21:31:12.020,238.187,1155,1153,1134,-5.79,0,0,0,0,0,0,0,0
2026-04-01 21:31:12.052,238.219,1157,1154,1134,-5.45,0,0,0,0,0,0,0,0
2026-04-01 21:31:12.132,238.299,1157,1154,1134,-4.74,0,0,0,0,0,0,0,0
2026-04-01 21:31:12.196,238.363,1156,1153,1134,-5.51,0,0,0,0,0,0,0,0
2026-04-01 21:31:12.372,238.539,1157,1154,1134,-6.3,0,0,0,0,0,0,0,0
2026-04-01 21:31:12.436,238.603,1156,1153,1133,-5.57,0,0,0,0,0,0,0,0
2026-04-01 21:31:12.516,238.683,1156,1153,1134,-5.56,0,0,0,0,0,0,0,0
2026-04-01 21:31:12.564,238.731,1156,1154,1134,-6.03,0,0,0,0,0,0,0,0
2026-04-01 21:31:12.612,238.779,1156,1153,1134,-5.4,0,0,0,0,0,0,0,0
2026-04-01 21:31:12.692,238.859,1156,1153,1134,-5.87,0,0,0,0,0,0,0,0
2026-04-01 21:31:12.836,239.003,1156,1153,1133,-6.15,0,0,0,0,0,0,0,0
2026-04-01 21:31:12.916,239.083,1157,1153,1134,-5.24,0,0,0,0,0,0,0,0
2026-04-01 21:31:12.964,239.131,1156,1153,1134,-5.52,0,0,0,0,0,0,0,0
2026-04-01 21:31:13.060,239.227,1157,1153,1135,-6.06,0,0,0,0,0,0,0,0
2026-04-01 21:31:13.108,239.275,1155,1153,1133,-4.79,0,0,0,0,0,0,0,0
2026-04-01 21:31:13.220,239.387,1155,1152,1134,-5.0,0,0,0,0,0,0,0,0
2026-04-01 21:31:13.316,239.483,1157,1152,1134,-5.39,0,0,0,0,0,0,0,0
2026-04-01 21:31:13.412,239.579,1156,1152,1134,-6.52,0,0,0,0,0,0,0,0
2026-04-01 21:31:13.476,239.643,1155,1152,1134,-5.69,0,0,0,0,0,0,0,0
2026-04-01 21:31:13.588,239.755,1156,1152,1134,-5.86,0,0,0,0,0,0,0,0
2026-04-01 21:31:13.668,239.835,1157,1152,1134,-5.77,0,0,0,0,0,0,0,0
2026-04-01 21:31:13.732,239.899,1156,1152,1134,-6.16,0,0,0,0,0,0,0,0
2026-04-01 21:31:13.844,240.011,1156,1153,1134,-5.59,0,0,0,0,0,0,0,0
2026-04-01 21:31:13.876,240.043,1156,1152,1134,-6.56,0,0,0,0,0,0,0,0
2026-04-01 21:31:13.956,240.123,1155,1152,1134,-6.17,0,0,0,0,0,0,0,0
2026-04-01 21:31:14.036,240.203,1156,1153,1135,-5.51,0,0,0,0,0,0,0,0
2026-04-01 21:31:14.100,240.267,1156,1152,1134,-5.69,0,0,0,0,0,0,0,0
2026-04-01 21:31:14.228,240.395,1156,1153,1134,-5.53,0,0,0,0,0,0,0,0
2026-04-01 21:31:14.276,240.443,1156,1153,1135,-4.8,0,0,0,0,0,0,0,0
2026-04-01 21:31:14.372,240.539,1157,1153,1134,-5.45,0,0,0,0,0,0,0,0
2026-04-01 21:31:14.404,240.571,1156,1153,1135,-5.26,0,0,0,0,0,0,0,0
2026-04-01 21:31:14.484,240.651,1156,1153,1135,-5.36,0,0,0,0,0,0,0,0
2026-04-01 21:31:14.564,240.731,1155,1153,1135,-6.07,0,0,0,0,0,0,0,0
2026-04-01 21:31:14.644,240.810,1155,1153,1134,-5.94,0,0,0,0,0,0,0,0
2026-04-01 21:31:14.724,240.891,1156,1153,1134,-6.22,0,0,0,0,0,0,0,0
2026-04-01 21:31:14.820,240.987,1156,1153,1134,-6.03,0,0,0,0,0,0,0,0
2026-04-01 21:31:14.948,241.115,1156,1153,1135,-6.34,0,0,0,0,0,0,0,0
2026-04-01 21:31:15.012,241.179,1157,1153,1134,-5.6,0,0,0,0,0,0,0,0
2026-04-01 21:31:15.108,241.275,1156,1153,1134,-5.96,0,0,0,0,0,0,0,0
2026-04-01 21:31:15.204,241.371,1156,1153,1134,-6.7,0,0,0,0,0,0,0,0
2026-04-01 21:31:15.300,241.467,1156,1153,1134,-4.68,0,0,0,0,0,0,0,0
2026-04-01 21:31:15.332,241.499,1157,1153,1134,-5.54,0,0,0,0,0,0,0,0
2026-04-01 21:31:15.460,241.627,1156,1153,1134,-6.66,0,0,0,0,0,0,0,0
2026-04-01 21:31:15.508,241.675,1156,1153,1134,-5.2,0,0,0,0,0,0,0,0
2026-04-01 21:31:15.572,241.739,1156,1153,1134,-6.08,0,0,0,0,0,0,0,0
2026-04-01 21:31:15.668,241.835,1156,1153,1134,-5.63,0,0,0,0,0,0,0,0
2026-04-01 21:31:15.732,241.899,1157,1153,1135,-5.9,0,0,0,0,0,0,0,0
2026-04-01 21:31:15.844,242.010,1156,1152,1134,-5.52,0,0,0,0,0,0,0,0
2026-04-01 21:31:15.924,242.090,1156,1153,1135,-6.89,0,0,0,0,0,0,0,0
2026-04-01 21:31:16.020,242.186,1156,1152,1133,-5.65,0,0,0,0,0,0,0,0
2026-04-01 21:31:16.052,242.218,1156,1153,1134,-5.82,0,0,0,0,0,0,0,0
2026-04-01 21:31:16.132,242.298,1156,1153,1134,-6.22,0,0,0,0,0,0,0,0
2026-04-01 21:31:16.180,242.346,1157,1153,1134,-6.56,0,0,0,0,0,0,0,0
2026-04-01 21:31:16.244,242.411,1156,1152,1134,-5.23,0,0,0,0,0,0,0,0
2026-04-01 21:31:16.324,242.490,1156,1153,1135,-6.02,0,0,0,0,0,0,0,0
2026-04-01 21:31:16.404,242.570,1156,1153,1134,-5.71,0,0,0,0,0,0,0,0
2026-04-01 21:31:16.452,242.619,1156,1152,1134,-5.75,0,0,0,0,0,0,0,0
2026-04-01 21:31:16.532,242.699,1156,1152,1134,-5.83,0,0,0,0,0,0,0,0
2026-04-01 21:31:16.596,242.762,1157,1152,1134,-6.02,0,0,0,0,0,0,0,0
2026-04-01 21:31:16.660,242.827,1157,1153,1134,-6.16,0,0,0,0,0,0,0,0
