  0
SECTION
  2
HEADER
  9
$ACADVER
  1
AC1027
  9
$ACADMAINTVER
 70
   125
  9
$DWGCODEPAGE
  3
ANSI_1252
  9
$LASTSAVEDBY
  1
etang
  9
$REQUIREDVERSIONS
160
                 0
  9
$INSBASE
 10
0.0
 20
0.0
 30
0.0
  9
$EXTMIN
 10
119.9628540340663
 20
119.9770504944945
 30
-0.0000305152498541
  9
$EXTMAX
 10
997.5577914505819
 20
571.0218413849998
 30
1.000030519906466
  9
$LIMMIN
 10
0.0
 20
0.0
  9
$LIMMAX
 10
420.0
 20
297.0
  9
$ORTHOMODE
 70
     1
  9
$REGENMODE
 70
     1
  9
$FILLMODE
 70
     1
  9
$QTEXTMODE
 70
     0
  9
$MIRRTEXT
 70
     0
  9
$LTSCALE
 40
0.25
  9
$ATTMODE
 70
     1
  9
$TEXTSIZE
 40
7.0
  9
$TRACEWID
 40
1.0
  9
$TEXTSTYLE
  7
Romans-450
  9
$CLAYER
  8
Boundaries
  9
$CELTYPE
  6
ByLayer
  9
$CECOLOR
 62
   256
  9
$CELTSCALE
 40
1.0
  9
$DISPSILH
 70
     0
  9
$DIMSCALE
 40
100.0
  9
$DIMASZ
 40
2.0
  9
$DIMEXO
 40
0.625
  9
$DIMDLI
 40
3.75
  9
$DIMRND
 40
0.0
  9
$DIMDLE
 40
1.25
  9
$DIMEXE
 40
1.25
  9
$DIMTP
 40
0.0
  9
$DIMTM
 40
0.0
  9
$DIMTXT
 40
2.0
  9
$DIMCEN
 40
2.5
  9
$DIMTSZ
 40
0.0
  9
$DIMTOL
 70
     0
  9
$DIMLIM
 70
     0
  9
$DIMTIH
 70
     0
  9
$DIMTOH
 70
     0
  9
$DIMSE1
 70
     0
  9
$DIMSE2
 70
     0
  9
$DIMTAD
 70
     1
  9
$DIMZIN
 70
     8
  9
$DIMBLK
  1
ArchTick
  9
$DIMASO
 70
     1
  9
$DIMSHO
 70
     1
  9
$DIMPOST
  1

  9
$DIMAPOST
  1

  9
$DIMALT
 70
     0
  9
$DIMALTD
 70
     3
  9
$DIMALTF
 40
0.03937007874016
  9
$DIMLFAC
 40
1.0
  9
$DIMTOFL
 70
     1
  9
$DIMTVP
 40
0.0
  9
$DIMTIX
 70
     1
  9
$DIMSOXD
 70
     0
  9
$DIMSAH
 70
     0
  9
$DIMBLK1
  1

  9
$DIMBLK2
  1

  9
$DIMSTYLE
  2
Dim-100
  9
$DIMCLRD
 70
   256
  9
$DIMCLRE
 70
   256
  9
$DIMCLRT
 70
   256
  9
$DIMTFAC
 40
1.0
  9
$DIMGAP
 40
0.625
  9
$DIMJUST
 70
     0
  9
$DIMSD1
 70
     0
  9
$DIMSD2
 70
     0
  9
$DIMTOLJ
 70
     0
  9
$DIMTZIN
 70
     8
  9
$DIMALTZ
 70
     0
  9
$DIMALTTZ
 70
     0
  9
$DIMUPT
 70
     0
  9
$DIMDEC
 70
     2
  9
$DIMTDEC
 70
     2
  9
$DIMALTU
 70
     2
  9
$DIMALTTD
 70
     3
  9
$DIMTXSTY
  7
Romans
  9
$DIMAUNIT
 70
     0
  9
$DIMADEC
 70
     2
  9
$DIMALTRND
 40
0.0
  9
$DIMAZIN
 70
     0
  9
$DIMDSEP
 70
    46
  9
$DIMATFIT
 70
     3
  9
$DIMFRAC
 70
     0
  9
$DIMLDRBLK
  1
Open90
  9
$DIMLUNIT
 70
     2
  9
$DIMLWD
 70
    13
  9
$DIMLWE
 70
    13
  9
$DIMTMOVE
 70
     0
  9
$DIMFXL
 40
1.25
  9
$DIMFXLON
 70
     0
  9
$DIMJOGANG
 40
1.570796326794896
  9
$DIMTFILL
 70
     0
  9
$DIMTFILLCLR
 70
     0
  9
$DIMARCSYM
 70
     0
  9
$DIMLTYPE
  6
ByLayer
  9
$DIMLTEX1
  6
ByLayer
  9
$DIMLTEX2
  6
ByLayer
  9
$DIMTXTDIRECTION
 70
     0
  9
$LUNITS
 70
     2
  9
$LUPREC
 70
     8
  9
$SKETCHINC
 40
1.0
  9
$FILLETRAD
 40
0.0
  9
$AUNITS
 70
     0
  9
$AUPREC
 70
     8
  9
$MENU
  1
.
  9
$ELEVATION
 40
0.0
  9
$PELEVATION
 40
0.0
  9
$THICKNESS
 40
0.0
  9
$LIMCHECK
 70
     0
  9
$CHAMFERA
 40
0.0
  9
$CHAMFERB
 40
0.0
  9
$CHAMFERC
 40
0.0
  9
$CHAMFERD
 40
0.0
  9
$SKPOLY
 70
     0
  9
$TDCREATE
 40
2460958.817106482
  9
$TDUCREATE
 40
2460959.108773148
  9
$TDUPDATE
 40
2461099.877569445
  9
$TDUUPDATE
 40
2461100.169236111
  9
$TDINDWG
 40
1.4189930556
  9
$TDUSRTIMER
 40
1.4189930556
  9
$USRTIMER
 70
     1
  9
$ANGBASE
 50
0.0
  9
$ANGDIR
 70
     0
  9
$PDMODE
 70
    99
  9
$PDSIZE
 40
0.0
  9
$PLINEWID
 40
0.0
  9
$SPLFRAME
 70
     0
  9
$SPLINETYPE
 70
     6
  9
$SPLINESEGS
 70
     8
  9
$HANDSEED
  5
1484B
  9
$SURFTAB1
 70
     6
  9
$SURFTAB2
 70
     6
  9
$SURFTYPE
 70
     6
  9
$SURFU
 70
     6
  9
$SURFV
 70
     6
  9
$UCSBASE
  2

  9
$UCSNAME
  2

  9
$UCSORG
 10
0.0
 20
0.0
 30
0.0
  9
$UCSXDIR
 10
1.0
 20
0.0
 30
0.0
  9
$UCSYDIR
 10
0.0
 20
1.0
 30
0.0
  9
$UCSORTHOREF
  2

  9
$UCSORTHOVIEW
 70
     0
  9
$UCSORGTOP
 10
0.0
 20
0.0
 30
0.0
  9
$UCSORGBOTTOM
 10
0.0
 20
0.0
 30
0.0
  9
$UCSORGLEFT
 10
0.0
 20
0.0
 30
0.0
  9
$UCSORGRIGHT
 10
0.0
 20
0.0
 30
0.0
  9
$UCSORGFRONT
 10
0.0
 20
0.0
 30
0.0
  9
$UCSORGBACK
 10
0.0
 20
0.0
 30
0.0
  9
$PUCSBASE
  2

  9
$PUCSNAME
  2

  9
$PUCSORG
 10
0.0
 20
0.0
 30
0.0
  9
$PUCSXDIR
 10
1.0
 20
0.0
 30
0.0
  9
$PUCSYDIR
 10
0.0
 20
1.0
 30
0.0
  9
$PUCSORTHOREF
  2

  9
$PUCSORTHOVIEW
 70
     0
  9
$PUCSORGTOP
 10
0.0
 20
0.0
 30
0.0
  9
$PUCSORGBOTTOM
 10
0.0
 20
0.0
 30
0.0
  9
$PUCSORGLEFT
 10
0.0
 20
0.0
 30
0.0
  9
$PUCSORGRIGHT
 10
0.0
 20
0.0
 30
0.0
  9
$PUCSORGFRONT
 10
0.0
 20
0.0
 30
0.0
  9
$PUCSORGBACK
 10
0.0
 20
0.0
 30
0.0
  9
$USERI1
 70
     0
  9
$USERI2
 70
     0
  9
$USERI3
 70
     0
  9
$USERI4
 70
     0
  9
$USERI5
 70
     0
  9
$USERR1
 40
0.0
  9
$USERR2
 40
0.0
  9
$USERR3
 40
0.0
  9
$USERR4
 40
0.0
  9
$USERR5
 40
0.0
  9
$WORLDVIEW
 70
     1
  9
$SHADEDGE
 70
     3
  9
$SHADEDIF
 70
    70
  9
$TILEMODE
 70
     1
  9
$MAXACTVP
 70
    64
  9
$PINSBASE
 10
0.0
 20
0.0
 30
0.0
  9
$PLIMCHECK
 70
     0
  9
$PEXTMIN
 10
-735.7070063694266
 20
-520.1968731905036
 30
0.0
  9
$PEXTMAX
 10
1032.707006369427
 20
730.1968731905036
 30
0.0
  9
$PLIMMIN
 10
0.0
 20
0.0
  9
$PLIMMAX
 10
297.0
 20
210.0
  9
$UNITMODE
 70
     0
  9
$VISRETAIN
 70
     1
  9
$PLINEGEN
 70
     0
  9
$PSLTSCALE
 70
     1
  9
$TREEDEPTH
 70
  3020
  9
$CMLSTYLE
  2
Standard
  9
$CMLJUST
 70
     0
  9
$CMLSCALE
 40
20.0
  9
$PROXYGRAPHICS
 70
     1
  9
$MEASUREMENT
 70
     1
  9
$CELWEIGHT
370
    -1
  9
$ENDCAPS
280
     0
  9
$JOINSTYLE
280
     0
  9
$LWDISPLAY
290
     1
  9
$INSUNITS
 70
     4
  9
$HYPERLINKBASE
  1

  9
$STYLESHEET
  1
acad.ctb
  9
$XEDIT
290
     1
  9
$CEPSNTYPE
380
     0
  9
$PSTYLEMODE
290
     1
  9
$FINGERPRINTGUID
  2
{47385B73-150D-DE4D-8985-D1B7D846D99F}
  9
$VERSIONGUID
  2
{5A9F2E72-5552-8340-9D80-C66C2C022167}
  9
$EXTNAMES
290
     1
  9
$PSVPSCALE
 40
0.0
  9
$OLESTARTUP
290
     0
  9
$SORTENTS
280
   127
  9
$INDEXCTL
280
     0
  9
$HIDETEXT
280
     1
  9
$XCLIPFRAME
280
     2
  9
$HALOGAP
280
     0
  9
$OBSCOLOR
 70
   257
  9
$OBSLTYPE
280
     0
  9
$INTERSECTIONDISPLAY
280
     0
  9
$INTERSECTIONCOLOR
 70
   257
  9
$DIMASSOC
280
     2
  9
$PROJECTNAME
  1

  9
$CAMERADISPLAY
290
     0
  9
$LENSLENGTH
 40
50.0
  9
$CAMERAHEIGHT
 40
0.0
  9
$STEPSPERSEC
 40
2.0
  9
$STEPSIZE
 40
6.0
  9
$3DDWFPREC
 40
2.0
  9
$PSOLWIDTH
 40
0.25
  9
$PSOLHEIGHT
 40
4.0
  9
$LOFTANG1
 40
1.570796326794896
  9
$LOFTANG2
 40
1.570796326794896
  9
$LOFTMAG1
 40
0.0
  9
$LOFTMAG2
 40
0.0
  9
$LOFTPARAM
 70
     7
  9
$LOFTNORMALS
280
     1
  9
$LATITUDE
 40
37.795
  9
$LONGITUDE
 40
-122.394
  9
$NORTHDIRECTION
 40
0.0
  9
$TIMEZONE
 70
 -8000
  9
$LIGHTGLYPHDISPLAY
280
     1
  9
$TILEMODELIGHTSYNCH
280
     1
  9
$CMATERIAL
347
12A51
  9
$SOLIDHIST
280
     1
  9
$SHOWHIST
280
     1
  9
$DWFFRAME
280
     2
  9
$DGNFRAME
280
     0
  9
$REALWORLDSCALE
290
     1
  9
$INTERFERECOLOR
 62
     1
  9
$INTERFEREOBJVS
345
12A73
  9
$INTERFEREVPVS
346
12B5E
  9
$CSHADOW
280
     0
  9
$SHADOWPLANELOCATION
 40
0.0
  0
ENDSEC
  0
SECTION
  2
CLASSES
  0
CLASS
  1
ACDBDICTIONARYWDFLT
  2
AcDbDictionaryWithDefault
  3
ObjectDBX Classes
 90
        0
 91
        1
280
     0
281
     0
  0
CLASS
  1
ACDBPLACEHOLDER
  2
AcDbPlaceHolder
  3
ObjectDBX Classes
 90
        0
 91
        1
280
     0
281
     0
  0
CLASS
  1
LAYOUT
  2
AcDbLayout
  3
ObjectDBX Classes
 90
        0
 91
        2
280
     0
281
     0
  0
CLASS
  1
DICTIONARYVAR
  2
AcDbDictionaryVar
  3
ObjectDBX Classes
 90
        0
 91
       13
280
     0
281
     0
  0
CLASS
  1
TABLESTYLE
  2
AcDbTableStyle
  3
ObjectDBX Classes
 90
     4095
 91
        1
280
     0
281
     0
  0
CLASS
  1
IMAGEDEF
  2
AcDbRasterImageDef
  3
ISM
 90
        0
 91
        0
280
     0
281
     0
  0
CLASS
  1
RASTERVARIABLES
  2
AcDbRasterVariables
  3
ISM
 90
        0
 91
        1
280
     0
281
     0
  0
CLASS
  1
IMAGEDEF_REACTOR
  2
AcDbRasterImageDefReactor
  3
ISM
 90
        1
 91
        0
280
     0
281
     0
  0
CLASS
  1
IMAGE
  2
AcDbRasterImage
  3
ISM
 90
     2175
 91
        0
280
     0
281
     1
  0
CLASS
  1
SORTENTSTABLE
  2
AcDbSortentsTable
  3
ObjectDBX Classes
 90
        0
 91
       20
280
     0
281
     0
  0
CLASS
  1
DIMASSOC
  2
AcDbDimAssoc
  3
"AcDbDimAssoc|Product Desc:     AcDim ARX App For Dimension|Company:          Autodesk, Inc.|WEB Address:      www.autodesk.com"
 90
        0
 91
        0
280
     0
281
     0
  0
CLASS
  1
ACAD_EVALUATION_GRAPH
  2
AcDbEvalGraph
  3
ObjectDBX Classes
 90
     1153
 91
        0
280
     0
281
     0
  0
CLASS
  1
ACAECUSTOBJ
  2
AcAeEditorObj
  3
AcAeEditorObj
 90
     1024
 91
        0
280
     0
281
     0
  0
CLASS
  1
ACDB_DYNAMICBLOCKPURGEPREVENTER_VERSION
  2
AcDbDynamicBlockPurgePreventer
  3
ObjectDBX Classes
 90
     1153
 91
        0
280
     0
281
     0
  0
CLASS
  1
ARC_DIMENSION
  2
AcDbArcDimension
  3
ObjectDBX Classes
 90
     1025
 91
        0
280
     0
281
     1
  0
CLASS
  1
AECIDBCUSTOMLINE
  2
AeciDbCustomLine
  3
AECIRSLINE
 90
        1
 91
        0
280
     0
281
     1
  0
CLASS
  1
MATERIAL
  2
AcDbMaterial
  3
ObjectDBX Classes
 90
     1153
 91
        3
280
     0
281
     0
  0
CLASS
  1
VISUALSTYLE
  2
AcDbVisualStyle
  3
ObjectDBX Classes
 90
     4095
 91
       26
280
     0
281
     0
  0
CLASS
  1
SCALE
  2
AcDbScale
  3
ObjectDBX Classes
 90
     1153
 91
       17
280
     0
281
     0
  0
CLASS
  1
MLEADERSTYLE
  2
AcDbMLeaderStyle
  3
ACDB_MLEADERSTYLE_CLASS
 90
     4095
 91
        1
280
     0
281
     0
  0
CLASS
  1
EXACXREFPANELOBJECT
  2
ExAcXREFPanelObject
  3
EXAC_ESW
 90
     1025
 91
        0
280
     0
281
     0
  0
CLASS
  1
NPOCOLLECTION
  2
AcDbImpNonPersistentObjectsCollection
  3
ObjectDBX Classes
 90
     1153
 91
        0
280
     0
281
     0
  0
CLASS
  1
CELLSTYLEMAP
  2
AcDbCellStyleMap
  3
ObjectDBX Classes
 90
     1152
 91
        5
280
     0
281
     0
  0
CLASS
  1
ACDBSECTIONVIEWSTYLE
  2
AcDbSectionViewStyle
  3
ObjectDBX Classes
 90
     1025
 91
        1
280
     0
281
     0
  0
CLASS
  1
ACDBDETAILVIEWSTYLE
  2
AcDbDetailViewStyle
  3
ObjectDBX Classes
 90
     1025
 91
        1
280
     0
281
     0
  0
CLASS
  1
ACDBASSOCNETWORK
  2
AcDbAssocNetwork
  3
ObjectDBX Classes
 90
     1025
 91
        0
280
     0
281
     0
  0
CLASS
  1
ACDBASSOCACTION
  2
AcDbAssocAction
  3
ObjectDBX Classes
 90
     1025
 91
        0
280
     0
281
     0
  0
CLASS
  1
AcDbCenterLineActionBody
  2
AcDbCenterLineActionBody
  3
AcDbSmartCenter
 90
     1153
 91
        0
280
     0
281
     0
  0
CLASS
  1
ACDBASSOCEDGEACTIONPARAM
  2
AcDbAssocEdgeActionParam
  3
ObjectDBX Classes
 90
     1025
 91
        0
280
     0
281
     0
  0
CLASS
  1
ACDBASSOCGEOMDEPENDENCY
  2
AcDbAssocGeomDependency
  3
ObjectDBX Classes
 90
     1025
 91
        0
280
     0
281
     0
  0
CLASS
  1
ACDBASSOCDEPENDENCY
  2
AcDbAssocDependency
  3
ObjectDBX Classes
 90
     1025
 91
        0
280
     0
281
     0
  0
CLASS
  1
RAPIDRTRENDERSETTINGS
  2
AcDbRapidRTRenderSettings
  3
ObjectDBX Classes
 90
     1024
 91
        6
280
     0
281
     0
  0
CLASS
  1
SOLID_BACKGROUND
  2
AcDbSolidBackground
  3
SCENEOE
 90
     4095
 91
        0
280
     0
281
     0
  0
ENDSEC
  0
SECTION
  2
TABLES
  0
TABLE
  2
VPORT
  5
8
330
0
100
AcDbSymbolTable
 70
     1
1001
ACAD
1000
DbSaveVer
1071
      378
  0
VPORT
  5
12A47
330
8
100
AcDbSymbolTableRecord
100
AcDbViewportTableRecord
  2
*Active
 70
     0
 10
0.0
 20
0.0
 11
1.0
 21
1.0
 12
376.9913296530241
 22
138.4432303040905
 13
0.0
 23
0.0
 14
0.25
 24
0.25
 15
10.0
 25
10.0
 16
0.0
 26
0.0
 36
1541.138859246823
 17
223.2280394990686
 27
206.8778973090256
 37
0.0
 40
521.7343000884234
 41
2.144217687074829
 42
50.0
 43
0.0
 44
0.0
 50
0.0
 51
0.0
 71
     0
 72
  1000
 73
     1
 74
     3
 75
     1
 76
     0
 77
     0
 78
     0
281
     0
 65
     1
110
0.0
120
0.0
130
0.0
111
1.0
121
0.0
131
0.0
112
0.0
122
1.0
132
0.0
 79
     0
146
0.0
348
12A6F
 60
     3
 61
     5
292
     1
282
     1
141
0.0
142
0.0
 63
   250
421
  3355443
1001
ACAD_NAV_VCDISPLAY
1070
     3
  0
ENDTAB
  0
TABLE
  2
LTYPE
  5
5
330
0
100
AcDbSymbolTable
 70
     7
  0
LTYPE
  5
14
330
5
100
AcDbSymbolTableRecord
100
AcDbLinetypeTableRecord
  2
ByBlock
 70
     0
  3

 72
    65
 73
     0
 40
0.0
  0
LTYPE
  5
15
330
5
100
AcDbSymbolTableRecord
100
AcDbLinetypeTableRecord
  2
ByLayer
 70
     0
  3

 72
    65
 73
     0
 40
0.0
  0
LTYPE
  5
16
330
5
100
AcDbSymbolTableRecord
100
AcDbLinetypeTableRecord
  2
Continuous
 70
     0
  3
Solid line
 72
    65
 73
     0
 40
0.0
  0
LTYPE
  5
13910
330
5
100
AcDbSymbolTableRecord
100
AcDbLinetypeTableRecord
  2
ZIGZAG
 70
     0
  3
Zig zag /\/\/\/\/\/\/\/\/\/\/\/\/\/\/\/\/\/\/\/
 72
    65
 73
     4
 40
20.32254
 49
0.00254
 74
     0
 49
-5.08
 74
     4
 75
   131
340
1390F
 46
5.08
 50
0.0
 44
-5.08
 45
0.0
 49
-10.16
 74
     4
 75
   131
340
1390F
 46
5.08
 50
180.0
 44
5.08
 45
0.0
 49
-5.08
 74
     0
  0
LTYPE
  5
1399A
330
5
100
AcDbSymbolTableRecord
100
AcDbLinetypeTableRecord
  2
ACAD_ISO03W100
 70
     0
  3
ISO dash space __    __    __    __    __    __
 72
    65
 73
     2
 40
30.0
 49
12.0
 74
     0
 49
-18.0
 74
     0
  0
LTYPE
  5
1399B
330
5
100
AcDbSymbolTableRecord
100
AcDbLinetypeTableRecord
  2
DASHEDX2
 70
     0
  3
Dashed (2x) ____  ____  ____  ____  ____  ___
 72
    65
 73
     2
 40
38.1
 49
25.4
 74
     0
 49
-12.7
 74
     0
  0
LTYPE
  5
13C25
330
5
100
AcDbSymbolTableRecord
100
AcDbLinetypeTableRecord
  2
FENCELINE1
 70
     0
  3
Fenceline circle ----0-----0----0-----0----0---
 72
    65
 73
     4
 40
36.83
 49
6.349999999999999
 74
     0
 49
-2.54
 74
     4
 75
   133
340
1390F
 46
2.54
 50
0.0
 44
-2.54
 45
0.0
 49
-2.54
 74
     0
 49
25.4
 74
     0
  0
LTYPE
  5
13C26
330
5
100
AcDbSymbolTableRecord
100
AcDbLinetypeTableRecord
  2
BATTING
 70
     0
  3
Batting SSSSSSSSSSSSSSSSSSSSSSSSSSSSSSSSSSSSSSS
 72
    65
 73
     4
 40
10.16254
 49
0.00254
 74
     0
 49
-2.54
 74
     4
 75
   134
340
1390F
 46
2.54
 50
0.0
 44
-2.54
 45
0.0
 49
-5.08
 74
     4
 75
   134
340
1390F
 46
2.54
 50
180.0
 44
2.54
 45
0.0
 49
-2.54
 74
     0
  0
ENDTAB
  0
TABLE
  2
LAYER
  5
2
102
{ACAD_XDICTIONARY
360
7793
102
}
330
0
100
AcDbSymbolTable
 70
     9
  0
LAYER
  5
10
102
{ACAD_XDICTIONARY
360
12A9F
102
}
330
2
100
AcDbSymbolTableRecord
100
AcDbLayerTableRecord
  2
0
 70
     0
 62
     7
  6
Continuous
370
    -3
390
F
347
12A61
348
0
1001
RAK
1000
{ACET-LAYISO
1070
     0
1070
     7
1000
Continuous
1071
       -3
1071
        1
1005
F
1000
ACET-LAYISO}
  0
LAYER
  5
12E
102
{ACAD_XDICTIONARY
360
12AA1
102
}
330
2
100
AcDbSymbolTableRecord
100
AcDbLayerTableRecord
  2
Text
 70
     0
 62
     7
  6
Continuous
370
    -3
390
F
347
12A61
348
0
1001
RAK
1000
{ACET-LAYISO
1070
     0
1070
     7
1000
Continuous
1071
       -3
1071
        1
1005
F
1000
ACET-LAYISO}
  0
LAYER
  5
21C
330
2
100
AcDbSymbolTableRecord
100
AcDbLayerTableRecord
  2
Defpoints
 70
     0
 62
     7
  6
Continuous
290
     0
370
    25
390
F
347
12A61
348
0
1001
RAK
1000
{ACET-LAYISO
1070
     0
1070
     7
1000
Continuous
1071
       -3
1071
        0
1005
F
1000
ACET-LAYISO}
  0
LAYER
  5
12F26
330
2
100
AcDbSymbolTableRecord
100
AcDbLayerTableRecord
  2
Plumbing
 70
     0
 62
   160
  6
Continuous
370
    25
390
F
347
12A61
348
0
1001
AcAecLayerStandard
1000

1000

1001
AcCmTransparency
1071
        0
  0
LAYER
  5
13537
330
2
100
AcDbSymbolTableRecord
100
AcDbLayerTableRecord
  2
Text Red Color
 70
     0
 62
     1
420
 16714250
  6
Continuous
370
    -3
390
F
347
12A61
348
0
1001
AcAecLayerStandard
1000

1000

1001
AcCmTransparency
1071
        0
  0
LAYER
  5
1378A
330
2
100
AcDbSymbolTableRecord
100
AcDbLayerTableRecord
  2
GSE Electronics
 70
     0
 62
    10
  6
Continuous
370
    25
390
F
347
12A61
348
0
1001
AcAecLayerStandard
1000

1000

1001
AcCmTransparency
1071
        0
  0
LAYER
  5
1378B
330
2
100
AcDbSymbolTableRecord
100
AcDbLayerTableRecord
  2
WRECtangle
 70
     0
 62
    50
  6
Continuous
370
    25
390
F
347
12A61
348
0
1001
AcAecLayerStandard
1000

1000

1001
AcCmTransparency
1071
        0
  0
LAYER
  5
13999
330
2
100
AcDbSymbolTableRecord
100
AcDbLayerTableRecord
  2
Boundaries
 70
     0
 62
   250
  6
DASHEDX2
370
    20
390
F
347
12A61
348
0
1001
AcAecLayerStandard
1000

1000

1001
AcCmTransparency
1071
        0
  0
LAYER
  5
13EE4
330
2
100
AcDbSymbolTableRecord
100
AcDbLayerTableRecord
  2
Mechanical - ValveSymbols
 70
     0
 62
   250
  6
Continuous
370
    20
390
F
347
12A61
348
0
1001
AcAecLayerStandard
1000

1000

1001
AcCmTransparency
1071
        0
  0
ENDTAB
  0
TABLE
  2
STYLE
  5
3
330
0
100
AcDbSymbolTable
 70
     7
  0
STYLE
  5
11
330
3
100
AcDbSymbolTableRecord
100
AcDbTextStyleTableRecord
  2
Standard
 70
     0
 40
0.0
 41
1.0
 50
0.0
 71
     0
 42
2.5
  3
txt
  4

  0
STYLE
  5
131
330
3
100
AcDbSymbolTableRecord
100
AcDbTextStyleTableRecord
  2
Romans
 70
     0
 40
0.0
 41
1.0
 50
0.0
 71
     0
 42
200.0
  3
romans.shx
  4

  0
STYLE
  5
2287
330
3
100
AcDbSymbolTableRecord
100
AcDbTextStyleTableRecord
  2
Arial
 70
     0
 40
2.5
 41
1.0
 50
0.0
 71
     0
 42
300.0
  3
arial.ttf
  4

1001
ACAD
1000
Arial
1071
       34
  0
STYLE
  5
2ED8
330
3
100
AcDbSymbolTableRecord
100
AcDbTextStyleTableRecord
  2
Romantic
 70
     0
 40
200.0
 41
1.0
 50
0.0
 71
     0
 42
200.0
  3
romantic.ttf
  4

1001
ACAD
1000
Romantic
1071
      514
  0
STYLE
  5
10B09
330
3
100
AcDbSymbolTableRecord
100
AcDbTextStyleTableRecord
  2
Romans-450
 70
     0
 40
0.0
 41
1.0
 50
0.0
 71
     0
 42
7.0
  3
romans.shx
  4

  0
STYLE
  5
1390F
330
3
100
AcDbSymbolTableRecord
100
AcDbTextStyleTableRecord
  2

 70
     1
 40
0.0
 41
1.0
 50
0.0
 71
     0
 42
5.871461342331713
  3
ltypeshp.shx
  4

  0
ENDTAB
  0
TABLE
  2
VIEW
  5
6
330
0
100
AcDbSymbolTable
 70
     3
  0
ENDTAB
  0
TABLE
  2
UCS
  5
7
330
0
100
AcDbSymbolTable
 70
     0
  0
ENDTAB
  0
TABLE
  2
APPID
  5
9
330
0
100
AcDbSymbolTable
 70
    28
  0
APPID
  5
12
330
9
100
AcDbSymbolTableRecord
100
AcDbRegAppTableRecord
  2
ACAD
 70
     0
  0
APPID
  5
9E
330
9
100
AcDbSymbolTableRecord
100
AcDbRegAppTableRecord
  2
ACAD_PSEXT
 70
     0
  0
APPID
  5
13E
330
9
100
AcDbSymbolTableRecord
100
AcDbRegAppTableRecord
  2
ACAD_DSTYLE_DIMTEXT_FILL
 70
     0
  0
APPID
  5
13F
330
9
100
AcDbSymbolTableRecord
100
AcDbRegAppTableRecord
  2
ACAD_DSTYLE_DIMEXT_LENGTH
 70
     0
  0
APPID
  5
140
330
9
100
AcDbSymbolTableRecord
100
AcDbRegAppTableRecord
  2
ACAD_DSTYLE_DIMEXT_ENABLED
 70
     0
  0
APPID
  5
141
330
9
100
AcDbSymbolTableRecord
100
AcDbRegAppTableRecord
  2
ACAD_DSTYLE_DIM_LINETYPE
 70
     0
  0
APPID
  5
142
330
9
100
AcDbSymbolTableRecord
100
AcDbRegAppTableRecord
  2
ACAD_DSTYLE_DIM_EXT1_LINETYPE
 70
     0
  0
APPID
  5
143
330
9
100
AcDbSymbolTableRecord
100
AcDbRegAppTableRecord
  2
ACAD_DSTYLE_DIM_EXT2_LINETYPE
 70
     0
  0
APPID
  5
39D
330
9
100
AcDbSymbolTableRecord
100
AcDbRegAppTableRecord
  2
ACAD_DSTYLE_DIMJOGGED_JOGANGLE_SYMBOL
 70
     0
  0
APPID
  5
825
330
9
100
AcDbSymbolTableRecord
100
AcDbRegAppTableRecord
  2
ACAD_DSTYLE_DIMARC_LENGTH_SYMBOL
 70
     0
  0
APPID
  5
1220
330
9
100
AcDbSymbolTableRecord
100
AcDbRegAppTableRecord
  2
DCO15
 70
     0
  0
APPID
  5
1222
330
9
100
AcDbSymbolTableRecord
100
AcDbRegAppTableRecord
  2
ADE
 70
     0
  0
APPID
  5
178A
330
9
100
AcDbSymbolTableRecord
100
AcDbRegAppTableRecord
  2
ACAD_EXEMPT_FROM_CAD_STANDARDS
 70
     0
  0
APPID
  5
2275
330
9
100
AcDbSymbolTableRecord
100
AcDbRegAppTableRecord
  2
AcDbAttr
 70
     0
  0
APPID
  5
23EB
330
9
100
AcDbSymbolTableRecord
100
AcDbRegAppTableRecord
  2
ACAUTHENVIRON
 70
     0
  0
APPID
  5
23EF
330
9
100
AcDbSymbolTableRecord
100
AcDbRegAppTableRecord
  2
AcDbDynamicBlockTrueName
 70
     0
  0
APPID
  5
23F0
330
9
100
AcDbSymbolTableRecord
100
AcDbRegAppTableRecord
  2
AcDbDynamicBlockGUID
 70
     0
  0
APPID
  5
23F2
330
9
100
AcDbSymbolTableRecord
100
AcDbRegAppTableRecord
  2
AcDbBlockRepETag
 70
     0
  0
APPID
  5
3045
330
9
100
AcDbSymbolTableRecord
100
AcDbRegAppTableRecord
  2
RAK
 70
     0
  0
APPID
  5
12B15
330
9
100
AcDbSymbolTableRecord
100
AcDbRegAppTableRecord
  2
ACAD_MLEADERVER
 70
     0
  0
APPID
  5
12B27
330
9
100
AcDbSymbolTableRecord
100
AcDbRegAppTableRecord
  2
AcadAnnoPO
 70
     0
  0
APPID
  5
12B28
330
9
100
AcDbSymbolTableRecord
100
AcDbRegAppTableRecord
  2
ACAD_DSTYLE_DIMJAG
 70
     0
  0
APPID
  5
12B29
330
9
100
AcDbSymbolTableRecord
100
AcDbRegAppTableRecord
  2
ACAD_DSTYLE_DIMTALN
 70
     0
  0
APPID
  5
12B7D
330
9
100
AcDbSymbolTableRecord
100
AcDbRegAppTableRecord
  2
ACAD_NAV_VCDISPLAY
 70
     0
  0
APPID
  5
12BDF
330
9
100
AcDbSymbolTableRecord
100
AcDbRegAppTableRecord
  2
GradientColor1ACI
 70
     0
  0
APPID
  5
12BE0
330
9
100
AcDbSymbolTableRecord
100
AcDbRegAppTableRecord
  2
GradientColor2ACI
 70
     0
  0
APPID
  5
12F27
330
9
100
AcDbSymbolTableRecord
100
AcDbRegAppTableRecord
  2
AcAecLayerStandard
 70
     0
  0
APPID
  5
12F28
330
9
100
AcDbSymbolTableRecord
100
AcDbRegAppTableRecord
  2
AcCmTransparency
 70
     0
  0
ENDTAB
  0
TABLE
  2
DIMSTYLE
  5
A
330
0
100
AcDbSymbolTable
 70
     3
100
AcDbDimStyleTable
 71
     2
340
82A
340
F4
  0
DIMSTYLE
105
F4
330
A
100
AcDbSymbolTableRecord
100
AcDbDimStyleTableRecord
  2
Standard
 70
     0
340
11
  0
DIMSTYLE
105
82A
330
A
100
AcDbSymbolTableRecord
100
AcDbDimStyleTableRecord
  2
Dim-100
 70
     0
 40
100.0
 41
2.0
 42
0.625
 43
3.75
 44
1.25
 46
1.25
 49
1.25
 50
90.0
 73
     0
 74
     0
 77
     1
 78
     8
140
2.0
141
2.5
143
0.03937007874016
147
0.625
171
     3
172
     1
174
     1
176
   256
177
   256
178
   256
179
     2
271
     2
272
     2
274
     3
283
     0
284
     8
340
131
341
8E41
342
5DE
345
15
346
15
347
15
371
    13
372
    13
1001
ACAD_DSTYLE_DIMJOGGED_JOGANGLE_SYMBOL
1070
   384
1040
1.570796326794896
1001
ACAD_DSTYLE_DIMJAG
1070
   388
1040
1.5
1001
ACAD_DSTYLE_DIMTALN
1070
   392
1070
     0
  0
ENDTAB
  0
TABLE
  2
BLOCK_RECORD
  5
1
330
0
100
AcDbSymbolTable
 70
    60
  0
BLOCK_RECORD
  5
1F
102
{ACAD_XDICTIONARY
360
100
102
}
330
1
100
AcDbSymbolTableRecord
100
AcDbBlockTableRecord
  2
*Model_Space
340
22
 70
     0
280
     1
281
     0
  0
BLOCK_RECORD
  5
14581
330
1
100
AcDbSymbolTableRecord
100
AcDbBlockTableRecord
  2
*Paper_Space
340
14582
 70
     0
280
     1
281
     0
  0
BLOCK_RECORD
  5
5DE
330
1
100
AcDbSymbolTableRecord
100
AcDbBlockTableRecord
  2
_ArchTick
340
0
 70
     0
280
     1
281
     0
  0
BLOCK_RECORD
  5
8E41
330
1
100
AcDbSymbolTableRecord
100
AcDbBlockTableRecord
  2
_Open90
340
0
 70
     0
280
     1
281
     0
  0
BLOCK_RECORD
  5
12F07
330
1
100
AcDbSymbolTableRecord
100
AcDbBlockTableRecord
  2
GV-G
340
0
310
2800000020000000200000000100080000000000000400000000000000000000000000000000000000000000000080000080000000808000800000008000800080800000C0C0C000C0DCC000F0CAA6000020400000206000002080000020A0000020C0000020E00000400000004020000040400000406000004080000040A0
310
000040C0000040E00000600000006020000060400000606000006080000060A0000060C0000060E00000800000008020000080400000806000008080000080A0000080C0000080E00000A0000000A0200000A0400000A0600000A0800000A0A00000A0C00000A0E00000C0000000C0200000C0400000C0600000C0800000C0
310
A00000C0C00000C0E00000E0000000E0200000E0400000E0600000E0800000E0A00000E0C00000E0E00040000000400020004000400040006000400080004000A0004000C0004000E00040200000402020004020400040206000402080004020A0004020C0004020E000404000004040200040404000404060004040800040
310
40A0004040C0004040E00040600000406020004060400040606000406080004060A0004060C0004060E00040800000408020004080400040806000408080004080A0004080C0004080E00040A0000040A0200040A0400040A0600040A0800040A0A00040A0C00040A0E00040C0000040C0200040C0400040C0600040C08000
310
40C0A00040C0C00040C0E00040E0000040E0200040E0400040E0600040E0800040E0A00040E0C00040E0E00080000000800020008000400080006000800080008000A0008000C0008000E00080200000802020008020400080206000802080008020A0008020C0008020E00080400000804020008040400080406000804080
310
008040A0008040C0008040E00080600000806020008060400080606000806080008060A0008060C0008060E00080800000808020008080400080806000808080008080A0008080C0008080E00080A0000080A0200080A0400080A0600080A0800080A0A00080A0C00080A0E00080C0000080C0200080C0400080C0600080C0
310
800080C0A00080C0C00080C0E00080E0000080E0200080E0400080E0600080E0800080E0A00080E0C00080E0E000C0000000C0002000C0004000C0006000C0008000C000A000C000C000C000E000C0200000C0202000C0204000C0206000C0208000C020A000C020C000C020E000C0400000C0402000C0404000C0406000C0
310
408000C040A000C040C000C040E000C0600000C0602000C0604000C0606000C0608000C060A000C060C000C060E000C0800000C0802000C0804000C0806000C0808000C080A000C080C000C080E000C0A00000C0A02000C0A04000C0A06000C0A08000C0A0A000C0A0C000C0A0E000C0C00000C0C02000C0C04000C0C06000
310
C0C08000C0C0A000F0FBFF00A4A0A000808080000000FF0000FF000000FFFF00FF000000FF00FF00FFFF0000FFFFFF0000000000000000000000000000000000000000000000000000000000000000000000000000000000000000000000000000000000000000000000000000000000000000000000000000000000000000
310
00000000000000000000000000000000000000000000000000000000000000000000000000000000000000000000000000000000000000000000000000000000000000000000000000000000000000000000000000000000000000000000000000000000000000000000000000000000000000000000000000000000000000
310
00000000000000000000000000000000000000000000000000000000000000000000000000000000000000000000000000000000000000000000000000000000000000000000000000000000000000000000000000000000000000000000000000000000000000000000000000000000000000000000000000000000000000
310
00000000000000000000000000000000000000000000000000000000FF000000000000000000000000FF000000000000000000000000000000000000FFFFFF0000000000000000FFFFFF000000000000000000000000000000000000FF0000FF000000000000FF0000FF000000000000000000000000000000000000FF0000
310
00FFFF0000FFFF000000FF000000000000000000000000000000000000FF0000000000FFFF0000000000FF00000000000000000000FFFFFFFFFFFFFFFFFF0000000000FFFF0000000000FFFFFFFFFFFFFFFFFF00000000000000000000FF000000FFFF0000FFFF000000FF000000000000000000000000000000000000FF00
310
00FF000000000000FF0000FF000000000000000000000000000000000000FFFFFF0000000000000000FFFFFF000000000000000000000000000000000000FF000000000000000000000000FF000000000000000000000000000000000000000000000000000000000000000000000000000000000000000000000000000000
310
00000000000000000000000000000000000000000000000000000000000000000000000000000000000000000000000000000000000000000000000000000000000000000000000000000000000000000000000000000000000000000000000000000000000000000000000000000000000000000000000000000000000000
310
00000000000000000000000000000000000000000000000000000000000000000000000000000000000000000000000000000000000000000000000000000000000000000000000000000000000000000000000000000000000000000000000000000000000000000000000000000000000000000000000000000000000000
310
0000000000000000000000000000000000000000000000000000000000000000000000000000000000000000000000000000000000000000
 70
     4
280
     1
281
     0
  0
BLOCK_RECORD
  5
12F0E
330
1
100
AcDbSymbolTableRecord
100
AcDbBlockTableRecord
  2
GV-MO
340
0
310
2800000020000000200000000100080000000000000400000000000000000000000000000000000000000000000080000080000000808000800000008000800080800000C0C0C000C0DCC000F0CAA6000020400000206000002080000020A0000020C0000020E00000400000004020000040400000406000004080000040A0
310
000040C0000040E00000600000006020000060400000606000006080000060A0000060C0000060E00000800000008020000080400000806000008080000080A0000080C0000080E00000A0000000A0200000A0400000A0600000A0800000A0A00000A0C00000A0E00000C0000000C0200000C0400000C0600000C0800000C0
310
A00000C0C00000C0E00000E0000000E0200000E0400000E0600000E0800000E0A00000E0C00000E0E00040000000400020004000400040006000400080004000A0004000C0004000E00040200000402020004020400040206000402080004020A0004020C0004020E000404000004040200040404000404060004040800040
310
40A0004040C0004040E00040600000406020004060400040606000406080004060A0004060C0004060E00040800000408020004080400040806000408080004080A0004080C0004080E00040A0000040A0200040A0400040A0600040A0800040A0A00040A0C00040A0E00040C0000040C0200040C0400040C0600040C08000
310
40C0A00040C0C00040C0E00040E0000040E0200040E0400040E0600040E0800040E0A00040E0C00040E0E00080000000800020008000400080006000800080008000A0008000C0008000E00080200000802020008020400080206000802080008020A0008020C0008020E00080400000804020008040400080406000804080
310
008040A0008040C0008040E00080600000806020008060400080606000806080008060A0008060C0008060E00080800000808020008080400080806000808080008080A0008080C0008080E00080A0000080A0200080A0400080A0600080A0800080A0A00080A0C00080A0E00080C0000080C0200080C0400080C0600080C0
310
800080C0A00080C0C00080C0E00080E0000080E0200080E0400080E0600080E0800080E0A00080E0C00080E0E000C0000000C0002000C0004000C0006000C0008000C000A000C000C000C000E000C0200000C0202000C0204000C0206000C0208000C020A000C020C000C020E000C0400000C0402000C0404000C0406000C0
310
408000C040A000C040C000C040E000C0600000C0602000C0604000C0606000C0608000C060A000C060C000C060E000C0800000C0802000C0804000C0806000C0808000C080A000C080C000C080E000C0A00000C0A02000C0A04000C0A06000C0A08000C0A0A000C0A0C000C0A0E000C0C00000C0C02000C0C04000C0C06000
310
C0C08000C0C0A000F0FBFF00A4A0A000808080000000FF0000FF000000FFFF00FF000000FF00FF00FFFF0000FFFFFF0000000000000000000000000000000000000000000000000000000000000000000000000000000000000000000000000000000000000000000000000000000000000000000000000000000000000000
310
00000000000000000000000000000000000000000000000000000000000000000000000000000000000000000000000000000000000000000000000000000000000000000000000000000000000000000000000000000000000000000000000000000000000000000000000000000000000000000000000000000000000000
310
000000000000000000000000000000000000000000000000000000000000000000000000000000000000000000000000000000000000000000000000000000000000000000000000000000000000000000000000000000000000000000000000000000000000000000000000000000000000000000000000000000FF000000
310
000000000000000000FF000000000000000000000000000000000000FFFFFF0000000000000000FFFFFF000000000000000000000000000000000000FF0000FFFF00000000FFFF0000FF000000000000000000000000000000000000FF00000000FF0000FF00000000FF00000000000000000000FFFFFFFFFFFFFFFFFF0000
310
000000FFFF0000000000FFFFFFFFFFFFFFFFFF00000000000000000000FF00000000FF00FFFF00000000FF000000000000000000000000000000000000FF0000FFFF0000FF00FFFF0000FF000000000000000000000000000000000000FFFFFF00000000FF000000FFFFFF000000000000000000000000000000000000FF00
310
0000000000FF0000000000FF00000000000000000000000000000000000000000000000000FF00000000000000000000000000000000000000000000000000000000000000FF00000000000000000000000000000000000000000000000000000000000000FFFFFFFFFFFFFF00000000000000000000000000000000000000
310
00000000000000000000000000000000000000000000000000000000000000000000000000000000000000000000000000000000000000000000000000000000000000000000000000000000000000000000000000000000000000000000000000000000000000000000000000000000000000000000000000000000000000
310
00000000000000000000000000000000000000000000000000000000000000000000000000000000000000000000000000000000000000000000000000000000000000000000000000000000000000000000000000000000000000000000000000000000000000000000000000000000000000000000000000000000000000
310
0000000000000000000000000000000000000000000000000000000000000000000000000000000000000000000000000000000000000000
 70
     4
280
     1
281
     0
  0
BLOCK_RECORD
  5
12F16
330
1
100
AcDbSymbolTableRecord
100
AcDbBlockTableRecord
  2
GV-P
340
0
310
2800000020000000200000000100080000000000000400000000000000000000000000000000000000000000000080000080000000808000800000008000800080800000C0C0C000C0DCC000F0CAA6000020400000206000002080000020A0000020C0000020E00000400000004020000040400000406000004080000040A0
310
000040C0000040E00000600000006020000060400000606000006080000060A0000060C0000060E00000800000008020000080400000806000008080000080A0000080C0000080E00000A0000000A0200000A0400000A0600000A0800000A0A00000A0C00000A0E00000C0000000C0200000C0400000C0600000C0800000C0
310
A00000C0C00000C0E00000E0000000E0200000E0400000E0600000E0800000E0A00000E0C00000E0E00040000000400020004000400040006000400080004000A0004000C0004000E00040200000402020004020400040206000402080004020A0004020C0004020E000404000004040200040404000404060004040800040
310
40A0004040C0004040E00040600000406020004060400040606000406080004060A0004060C0004060E00040800000408020004080400040806000408080004080A0004080C0004080E00040A0000040A0200040A0400040A0600040A0800040A0A00040A0C00040A0E00040C0000040C0200040C0400040C0600040C08000
310
40C0A00040C0C00040C0E00040E0000040E0200040E0400040E0600040E0800040E0A00040E0C00040E0E00080000000800020008000400080006000800080008000A0008000C0008000E00080200000802020008020400080206000802080008020A0008020C0008020E00080400000804020008040400080406000804080
310
008040A0008040C0008040E00080600000806020008060400080606000806080008060A0008060C0008060E00080800000808020008080400080806000808080008080A0008080C0008080E00080A0000080A0200080A0400080A0600080A0800080A0A00080A0C00080A0E00080C0000080C0200080C0400080C0600080C0
310
800080C0A00080C0C00080C0E00080E0000080E0200080E0400080E0600080E0800080E0A00080E0C00080E0E000C0000000C0002000C0004000C0006000C0008000C000A000C000C000C000E000C0200000C0202000C0204000C0206000C0208000C020A000C020C000C020E000C0400000C0402000C0404000C0406000C0
310
408000C040A000C040C000C040E000C0600000C0602000C0604000C0606000C0608000C060A000C060C000C060E000C0800000C0802000C0804000C0806000C0808000C080A000C080C000C080E000C0A00000C0A02000C0A04000C0A06000C0A08000C0A0A000C0A0C000C0A0E000C0C00000C0C02000C0C04000C0C06000
310
C0C08000C0C0A000F0FBFF00A4A0A000808080000000FF0000FF000000FFFF00FF000000FF00FF00FFFF0000FFFFFF0000000000000000000000000000000000000000000000000000000000000000000000000000000000000000000000000000000000000000000000000000000000000000000000000000000000000000
310
00000000000000000000000000000000000000000000000000000000000000000000000000000000000000000000000000000000000000000000000000000000000000000000000000000000000000000000000000000000000000000000000000000000000000000000000000000000000000000000000000000000000000
310
0000000000000000000000000000000000000000000000000000000000000000000000000000000000000000000000000000000000000000000000FF000000000000000000000000FF000000000000000000000000000000000000FFFFFF0000000000000000FFFFFF000000000000000000000000000000000000FF0000FF
310
FF00000000FFFF0000FF000000000000000000000000000000000000FF00000000FF0000FF00000000FF00000000000000000000FFFFFFFFFFFFFFFFFF0000000000FFFF0000000000FFFFFFFFFFFFFFFFFF00000000000000000000FF00000000FF00FFFF00000000FF000000000000000000000000000000000000FF0000
310
FFFF0000FF00FFFF0000FF000000000000000000000000000000000000FFFFFF00000000FF000000FFFFFF000000000000000000000000000000000000FF000000000000FF0000000000FF00000000000000000000000000000000000000000000000000FF00000000000000000000000000000000000000000000000000FF
310
FFFFFFFFFFFFFFFFFFFFFF000000000000000000000000000000000000000000FF0000000000000000FF00000000000000000000000000000000000000000000FF0000000000000000FF00000000000000000000000000000000000000000000FF0000000000000000FF000000000000000000000000000000000000000000
310
0000FFFF00000000FFFF0000000000000000000000000000000000000000000000000000FFFFFFFF000000000000000000000000000000000000000000000000000000000000000000000000000000000000000000000000000000000000000000000000000000000000000000000000000000000000000000000000000000
310
00000000000000000000000000000000000000000000000000000000000000000000000000000000000000000000000000000000000000000000000000000000000000000000000000000000000000000000000000000000000000000000000000000000000000000000000000000000000000000000000000000000000000
310
0000000000000000000000000000000000000000000000000000000000000000000000000000000000000000000000000000000000000000
 70
     4
280
     1
281
     0
  0
BLOCK_RECORD
  5
12F30
102
{ACAD_XDICTIONARY
360
12F45
102
}
330
1
100
AcDbSymbolTableRecord
100
AcDbBlockTableRecord
  2
GV-M
340
0
310
2800000020000000200000000100080000000000000400000000000000000000000000000000000000000000000080000080000000808000800000008000800080800000C0C0C000C0DCC000F0CAA6000020400000206000002080000020A0000020C0000020E00000400000004020000040400000406000004080000040A0
310
000040C0000040E00000600000006020000060400000606000006080000060A0000060C0000060E00000800000008020000080400000806000008080000080A0000080C0000080E00000A0000000A0200000A0400000A0600000A0800000A0A00000A0C00000A0E00000C0000000C0200000C0400000C0600000C0800000C0
310
A00000C0C00000C0E00000E0000000E0200000E0400000E0600000E0800000E0A00000E0C00000E0E00040000000400020004000400040006000400080004000A0004000C0004000E00040200000402020004020400040206000402080004020A0004020C0004020E000404000004040200040404000404060004040800040
310
40A0004040C0004040E00040600000406020004060400040606000406080004060A0004060C0004060E00040800000408020004080400040806000408080004080A0004080C0004080E00040A0000040A0200040A0400040A0600040A0800040A0A00040A0C00040A0E00040C0000040C0200040C0400040C0600040C08000
310
40C0A00040C0C00040C0E00040E0000040E0200040E0400040E0600040E0800040E0A00040E0C00040E0E00080000000800020008000400080006000800080008000A0008000C0008000E00080200000802020008020400080206000802080008020A0008020C0008020E00080400000804020008040400080406000804080
310
008040A0008040C0008040E00080600000806020008060400080606000806080008060A0008060C0008060E00080800000808020008080400080806000808080008080A0008080C0008080E00080A0000080A0200080A0400080A0600080A0800080A0A00080A0C00080A0E00080C0000080C0200080C0400080C0600080C0
310
800080C0A00080C0C00080C0E00080E0000080E0200080E0400080E0600080E0800080E0A00080E0C00080E0E000C0000000C0002000C0004000C0006000C0008000C000A000C000C000C000E000C0200000C0202000C0204000C0206000C0208000C020A000C020C000C020E000C0400000C0402000C0404000C0406000C0
310
408000C040A000C040C000C040E000C0600000C0602000C0604000C0606000C0608000C060A000C060C000C060E000C0800000C0802000C0804000C0806000C0808000C080A000C080C000C080E000C0A00000C0A02000C0A04000C0A06000C0A08000C0A0A000C0A0C000C0A0E000C0C00000C0C02000C0C04000C0C06000
310
C0C08000C0C0A000F0FBFF00A4A0A000808080000000FF0000FF000000FFFF00FF000000FF00FF00FFFF0000FFFFFF0000000000000000000000000000000000000000000000000000000000000000000000000000000000000000000000000000000000000000000000000000000000000000000000000000000000000000
310
000000000000000000000000000000000000000000000000000000000000000000000000000000000000000000000000000000000000000000000000000000000000000000000000000000000000000000000000000000000000FF000000000000000000000000FF000000000000000000000000000000000000FFFFFF0000
310
000000000000FFFFFF000000000000000000000000000000000000FF0000FF000000000000FF0000FF000000000000000000000000000000000000FF000000FFFF0000FFFF000000FF000000000000000000000000000000000000FF0000000000FFFF0000000000FF00000000000000000000FFFFFFFFFFFFFFFFFF000000
310
0000FFFF0000000000FFFFFFFFFFFFFFFFFF00000000000000000000FF000000FFFF00FFFFFF000000FF000000000000000000000000000000000000FF0000FF000000FF0000FF0000FF000000000000000000000000000000000000FFFFFF00000000FF000000FFFFFF000000000000000000000000000000000000FF0000
310
00000000FF0000000000FF00000000000000000000000000000000000000000000000000FF00000000000000000000000000000000000000000000000000000000000000FF00000000000000000000000000000000000000000000000000000000000000FF00000000000000000000000000000000000000000000000000FF
310
FFFFFFFFFFFFFFFFFFFFFF0000000000000000000000000000000000000000FF000000FFFF00FF000000FF0000000000000000000000000000000000000000FF000000FFFFFFFF000000FF0000000000000000000000000000000000000000FF000000FFFFFFFF000000FF0000000000000000000000000000000000000000
310
FFFFFFFFFFFFFFFFFFFFFFFF0000000000000000000000000000000000000000FF000000FF0000FF000000FF0000000000000000000000000000000000000000FF00000000000000000000FF0000000000000000000000000000000000000000FF00000000000000000000FF00000000000000000000000000000000000000
310
00FFFFFFFFFFFFFFFFFFFFFFFF000000000000000000000000000000000000000000000000000000000000000000000000000000000000000000000000000000000000000000000000000000000000000000000000000000000000000000000000000000000000000000000000000000000000000000000000000000000000
310
0000000000000000000000000000000000000000000000000000000000000000000000000000000000000000000000000000000000000000
 70
     4
280
     1
281
     0
1001
AcDbDynamicBlockGUID
1000
{CB2FCE06-AD7D-40C6-B3C8-395D0F24CED5}
  0
BLOCK_RECORD
  5
12F49
330
1
100
AcDbSymbolTableRecord
100
AcDbBlockTableRecord
  2
GV-H
340
0
310
2800000020000000200000000100080000000000000400000000000000000000000000000000000000000000000080000080000000808000800000008000800080800000C0C0C000C0DCC000F0CAA6000020400000206000002080000020A0000020C0000020E00000400000004020000040400000406000004080000040A0
310
000040C0000040E00000600000006020000060400000606000006080000060A0000060C0000060E00000800000008020000080400000806000008080000080A0000080C0000080E00000A0000000A0200000A0400000A0600000A0800000A0A00000A0C00000A0E00000C0000000C0200000C0400000C0600000C0800000C0
310
A00000C0C00000C0E00000E0000000E0200000E0400000E0600000E0800000E0A00000E0C00000E0E00040000000400020004000400040006000400080004000A0004000C0004000E00040200000402020004020400040206000402080004020A0004020C0004020E000404000004040200040404000404060004040800040
310
40A0004040C0004040E00040600000406020004060400040606000406080004060A0004060C0004060E00040800000408020004080400040806000408080004080A0004080C0004080E00040A0000040A0200040A0400040A0600040A0800040A0A00040A0C00040A0E00040C0000040C0200040C0400040C0600040C08000
310
40C0A00040C0C00040C0E00040E0000040E0200040E0400040E0600040E0800040E0A00040E0C00040E0E00080000000800020008000400080006000800080008000A0008000C0008000E00080200000802020008020400080206000802080008020A0008020C0008020E00080400000804020008040400080406000804080
310
008040A0008040C0008040E00080600000806020008060400080606000806080008060A0008060C0008060E00080800000808020008080400080806000808080008080A0008080C0008080E00080A0000080A0200080A0400080A0600080A0800080A0A00080A0C00080A0E00080C0000080C0200080C0400080C0600080C0
310
800080C0A00080C0C00080C0E00080E0000080E0200080E0400080E0600080E0800080E0A00080E0C00080E0E000C0000000C0002000C0004000C0006000C0008000C000A000C000C000C000E000C0200000C0202000C0204000C0206000C0208000C020A000C020C000C020E000C0400000C0402000C0404000C0406000C0
310
408000C040A000C040C000C040E000C0600000C0602000C0604000C0606000C0608000C060A000C060C000C060E000C0800000C0802000C0804000C0806000C0808000C080A000C080C000C080E000C0A00000C0A02000C0A04000C0A06000C0A08000C0A0A000C0A0C000C0A0E000C0C00000C0C02000C0C04000C0C06000
310
C0C08000C0C0A000F0FBFF00A4A0A000808080000000FF0000FF000000FFFF00FF000000FF00FF00FFFF0000FFFFFF0000000000000000000000000000000000000000000000000000000000000000000000000000000000000000000000000000000000000000000000000000000000000000000000000000000000000000
310
000000000000000000000000000000000000000000000000000000000000000000000000000000000000000000000000000000000000000000000000000000000000000000000000000000000000000000000000000000000000FF000000000000000000000000FF000000000000000000000000000000000000FFFFFF0000
310
000000000000FFFFFF000000000000000000000000000000000000FF0000FF000000000000FF0000FF000000000000000000000000000000000000FF000000FFFF0000FFFF000000FF000000000000000000000000000000000000FF0000000000FFFF0000000000FF00000000000000000000FFFFFFFFFFFFFFFFFF000000
310
0000FFFF0000000000FFFFFFFFFFFFFFFFFF00000000000000000000FF000000FFFF00FFFFFF000000FF000000000000000000000000000000000000FF0000FF000000FF0000FF0000FF000000000000000000000000000000000000FFFFFF00000000FF000000FFFFFF000000000000000000000000000000000000FF0000
310
00000000FF0000000000FF00000000000000000000000000000000000000000000000000FF00000000000000000000000000000000000000000000000000000000000000FF00000000000000000000000000000000000000000000000000000000000000FF00000000000000000000000000000000000000000000000000FF
310
FFFFFFFFFFFFFFFFFFFFFF0000000000000000000000000000000000000000FF000000FF00FFFF000000FF0000000000000000000000000000000000000000FF000000FF00FFFF000000FF0000000000000000000000000000000000000000FF000000FFFFFFFF000000FF0000000000000000000000000000000000000000
310
FFFFFFFFFFFFFFFFFFFFFFFF0000000000000000000000000000000000000000FF000000FF0000FF000000FF0000000000000000000000000000000000000000FF00000000000000000000FF0000000000000000000000000000000000000000FF00000000000000000000FF00000000000000000000000000000000000000
310
00FFFFFFFFFFFFFFFFFFFFFFFF000000000000000000000000000000000000000000000000000000000000000000000000000000000000000000000000000000000000000000000000000000000000000000000000000000000000000000000000000000000000000000000000000000000000000000000000000000000000
310
0000000000000000000000000000000000000000000000000000000000000000000000000000000000000000000000000000000000000000
 70
     4
280
     1
281
     0
  0
BLOCK_RECORD
  5
12F5B
330
1
100
AcDbSymbolTableRecord
100
AcDbBlockTableRecord
  2
GV-B1
340
0
310
2800000020000000200000000100080000000000000400000000000000000000000000000000000000000000000080000080000000808000800000008000800080800000C0C0C000C0DCC000F0CAA6000020400000206000002080000020A0000020C0000020E00000400000004020000040400000406000004080000040A0
310
000040C0000040E00000600000006020000060400000606000006080000060A0000060C0000060E00000800000008020000080400000806000008080000080A0000080C0000080E00000A0000000A0200000A0400000A0600000A0800000A0A00000A0C00000A0E00000C0000000C0200000C0400000C0600000C0800000C0
310
A00000C0C00000C0E00000E0000000E0200000E0400000E0600000E0800000E0A00000E0C00000E0E00040000000400020004000400040006000400080004000A0004000C0004000E00040200000402020004020400040206000402080004020A0004020C0004020E000404000004040200040404000404060004040800040
310
40A0004040C0004040E00040600000406020004060400040606000406080004060A0004060C0004060E00040800000408020004080400040806000408080004080A0004080C0004080E00040A0000040A0200040A0400040A0600040A0800040A0A00040A0C00040A0E00040C0000040C0200040C0400040C0600040C08000
310
40C0A00040C0C00040C0E00040E0000040E0200040E0400040E0600040E0800040E0A00040E0C00040E0E00080000000800020008000400080006000800080008000A0008000C0008000E00080200000802020008020400080206000802080008020A0008020C0008020E00080400000804020008040400080406000804080
310
008040A0008040C0008040E00080600000806020008060400080606000806080008060A0008060C0008060E00080800000808020008080400080806000808080008080A0008080C0008080E00080A0000080A0200080A0400080A0600080A0800080A0A00080A0C00080A0E00080C0000080C0200080C0400080C0600080C0
310
800080C0A00080C0C00080C0E00080E0000080E0200080E0400080E0600080E0800080E0A00080E0C00080E0E000C0000000C0002000C0004000C0006000C0008000C000A000C000C000C000E000C0200000C0202000C0204000C0206000C0208000C020A000C020C000C020E000C0400000C0402000C0404000C0406000C0
310
408000C040A000C040C000C040E000C0600000C0602000C0604000C0606000C0608000C060A000C060C000C060E000C0800000C0802000C0804000C0806000C0808000C080A000C080C000C080E000C0A00000C0A02000C0A04000C0A06000C0A08000C0A0A000C0A0C000C0A0E000C0C00000C0C02000C0C04000C0C06000
310
C0C08000C0C0A000F0FBFF00A4A0A000808080000000FF0000FF000000FFFF00FF000000FF00FF00FFFF0000FFFFFF000000000000000000000000000000000000000000000000000000000000000000000000000000000000FFFFFFFFFFFFFFFFFFFFFFFFFFFF00000000000000000000000000000000000000FFFFFFFFFF
310
FFFFFFFFFFFFFF000000000000000000000000000000000000000000FFFFFFFFFFFFFFFFFFFFFF000000000000000000000000000000000000000000FFFFFFFFFFFFFFFFFFFF0000000000000000000000000000000000000000000000FFFFFFFFFFFFFFFF00000000000000000000000000000000000000000000000000FF
310
FFFFFFFFFF000000000000000000000000000000000000000000000000000000FFFFFFFFFF00000000000000000000000000000000000000000000000000000000FFFFFF000000000000000000000000000000000000000000000000000000000000FF00000000000000000000000000000000000000000000000000000000
310
0000FFFFFF00000000000000000000000000000000000000000000000000000000FFFFFFFFFF0000000000000000000000000000000000000000000000000000FFFFFFFFFFFF00000000000000000000000000000000000000000000000000FFFFFFFFFFFFFFFF0000000000000000000000000000000000000000000000FF
310
FFFFFFFFFFFFFFFFFF00000000000000000000000000000000000000000000FFFFFFFFFFFFFFFFFFFFFF0000000000000000000000000000000000000000FFFFFFFFFFFFFFFFFFFFFFFF00000000000000000000000000000000000000FFFFFFFFFFFFFFFFFFFFFFFFFFFF0000000000000000000000000000000000000000
310
0000000000FF00000000000000000000000000000000000000000000000000000000000000FF00000000000000000000000000000000000000000000000000000000000000FF00000000000000000000000000000000000000000000000000000000000000FF00000000000000000000000000000000000000000000000000
310
000000000000FF00000000000000000000000000000000000000000000000000000000000000FF00000000000000000000000000000000000000000000000000000000000000FF00000000000000000000000000000000000000000000000000000000000000FF000000000000000000000000000000000000000000000000
310
00000000000000FF00000000000000000000000000000000000000000000000000000000000000FF00000000000000000000000000000000000000000000000000000000000000FF00000000000000000000000000000000000000000000000000000000000000FF0000000000000000000000000000000000000000000000
310
0000000000000000FF0000000000000000000000000000000000000000000000000000000000000000000000000000000000000000000000
 70
     4
280
     1
281
     0
  0
BLOCK_RECORD
  5
12F62
330
1
100
AcDbSymbolTableRecord
100
AcDbBlockTableRecord
  2
GV-B2
340
0
310
2800000020000000200000000100080000000000000400000000000000000000000000000000000000000000000080000080000000808000800000008000800080800000C0C0C000C0DCC000F0CAA6000020400000206000002080000020A0000020C0000020E00000400000004020000040400000406000004080000040A0
310
000040C0000040E00000600000006020000060400000606000006080000060A0000060C0000060E00000800000008020000080400000806000008080000080A0000080C0000080E00000A0000000A0200000A0400000A0600000A0800000A0A00000A0C00000A0E00000C0000000C0200000C0400000C0600000C0800000C0
310
A00000C0C00000C0E00000E0000000E0200000E0400000E0600000E0800000E0A00000E0C00000E0E00040000000400020004000400040006000400080004000A0004000C0004000E00040200000402020004020400040206000402080004020A0004020C0004020E000404000004040200040404000404060004040800040
310
40A0004040C0004040E00040600000406020004060400040606000406080004060A0004060C0004060E00040800000408020004080400040806000408080004080A0004080C0004080E00040A0000040A0200040A0400040A0600040A0800040A0A00040A0C00040A0E00040C0000040C0200040C0400040C0600040C08000
310
40C0A00040C0C00040C0E00040E0000040E0200040E0400040E0600040E0800040E0A00040E0C00040E0E00080000000800020008000400080006000800080008000A0008000C0008000E00080200000802020008020400080206000802080008020A0008020C0008020E00080400000804020008040400080406000804080
310
008040A0008040C0008040E00080600000806020008060400080606000806080008060A0008060C0008060E00080800000808020008080400080806000808080008080A0008080C0008080E00080A0000080A0200080A0400080A0600080A0800080A0A00080A0C00080A0E00080C0000080C0200080C0400080C0600080C0
310
800080C0A00080C0C00080C0E00080E0000080E0200080E0400080E0600080E0800080E0A00080E0C00080E0E000C0000000C0002000C0004000C0006000C0008000C000A000C000C000C000E000C0200000C0202000C0204000C0206000C0208000C020A000C020C000C020E000C0400000C0402000C0404000C0406000C0
310
408000C040A000C040C000C040E000C0600000C0602000C0604000C0606000C0608000C060A000C060C000C060E000C0800000C0802000C0804000C0806000C0808000C080A000C080C000C080E000C0A00000C0A02000C0A04000C0A06000C0A08000C0A0A000C0A0C000C0A0E000C0C00000C0C02000C0C04000C0C06000
310
C0C08000C0C0A000F0FBFF00A4A0A000808080000000FF0000FF000000FFFF00FF000000FF00FF00FFFF0000FFFFFF0000000000000000000000000000000000000000000000000000000000000000000000000000000000000000FF000000000000000000000000000000000000000000000000000000000000FFFF000000
310
0000000000000000000000000000000000000000000000000000FFFFFF00000000000000000000000000000000000000000000000000000000FFFFFFFF000000000000000000000000000000000000000000000000000000FFFFFFFFFFFF00000000000000000000000000000000000000000000000000FFFFFFFFFFFFFF00
310
0000000000000000000000000000000000000000000000FFFFFFFFFFFFFFFF0000000000000000000000000000000000000000000000FFFFFFFFFFFFFFFFFF00000000000000000000000000000000000000000000FFFFFFFFFFFFFFFFFFFF00000000000000000000000000000000000000000000000000FFFFFFFFFFFFFF
310
0000000000000000000000000000000000000000000000000000000000FFFFFFFFFFFFFFFF0000000000000000000000000000000000000000000000000000FFFFFFFFFFFFFFFFFFFF00000000000000000000000000000000000000000000FFFFFFFFFFFFFFFFFF0000000000000000000000000000000000000000000000
310
00FFFFFFFFFFFFFF000000FF000000000000000000000000000000000000000000FFFFFFFFFFFF000000FF00000000000000000000000000000000000000000000FFFFFFFFFFFF0000FF0000000000000000000000000000000000000000000000FFFFFFFFFF00FFFF00000000000000000000000000000000000000000000
310
000000FFFFFF00FFFFFF00000000000000000000000000000000000000000000000000FFFF00FF000000FF000000000000000000000000000000000000000000FF0000FF00FF0000000000FF0000000000FF0000000000000000000000000000FF000000FF000000000000FF0000000000FF00000000000000000000000000
310
00FF0000000000000000000000FF00000000FF0000000000000000000000000000FF000000000000000000000000FF000000FF0000000000000000000000000000FF00000000000000000000000000FF0000FF0000000000000000000000000000FFFFFFFFFFFFFFFFFFFFFFFFFFFFFFFFFFFF000000000000000000000000
310
0000FF00000000000000000000000000000000FF0000000000000000000000000000FF00000000000000000000000000000000FF0000000000000000000000000000FF00000000000000000000000000000000FF0000000000000000000000000000FF00000000000000000000000000000000FF0000000000000000000000
310
000000FF00000000000000000000000000000000FF0000000000000000000000000000000000000000000000000000000000000000000000
 70
     4
280
     1
281
     0
  0
BLOCK_RECORD
  5
12F6D
330
1
100
AcDbSymbolTableRecord
100
AcDbBlockTableRecord
  2
GLV-G
340
0
310
2800000020000000200000000100080000000000000400000000000000000000000000000000000000000000000080000080000000808000800000008000800080800000C0C0C000C0DCC000F0CAA6000020400000206000002080000020A0000020C0000020E00000400000004020000040400000406000004080000040A0
310
000040C0000040E00000600000006020000060400000606000006080000060A0000060C0000060E00000800000008020000080400000806000008080000080A0000080C0000080E00000A0000000A0200000A0400000A0600000A0800000A0A00000A0C00000A0E00000C0000000C0200000C0400000C0600000C0800000C0
310
A00000C0C00000C0E00000E0000000E0200000E0400000E0600000E0800000E0A00000E0C00000E0E00040000000400020004000400040006000400080004000A0004000C0004000E00040200000402020004020400040206000402080004020A0004020C0004020E000404000004040200040404000404060004040800040
310
40A0004040C0004040E00040600000406020004060400040606000406080004060A0004060C0004060E00040800000408020004080400040806000408080004080A0004080C0004080E00040A0000040A0200040A0400040A0600040A0800040A0A00040A0C00040A0E00040C0000040C0200040C0400040C0600040C08000
310
40C0A00040C0C00040C0E00040E0000040E0200040E0400040E0600040E0800040E0A00040E0C00040E0E00080000000800020008000400080006000800080008000A0008000C0008000E00080200000802020008020400080206000802080008020A0008020C0008020E00080400000804020008040400080406000804080
310
008040A0008040C0008040E00080600000806020008060400080606000806080008060A0008060C0008060E00080800000808020008080400080806000808080008080A0008080C0008080E00080A0000080A0200080A0400080A0600080A0800080A0A00080A0C00080A0E00080C0000080C0200080C0400080C0600080C0
310
800080C0A00080C0C00080C0E00080E0000080E0200080E0400080E0600080E0800080E0A00080E0C00080E0E000C0000000C0002000C0004000C0006000C0008000C000A000C000C000C000E000C0200000C0202000C0204000C0206000C0208000C020A000C020C000C020E000C0400000C0402000C0404000C0406000C0
310
408000C040A000C040C000C040E000C0600000C0602000C0604000C0606000C0608000C060A000C060C000C060E000C0800000C0802000C0804000C0806000C0808000C080A000C080C000C080E000C0A00000C0A02000C0A04000C0A06000C0A08000C0A0A000C0A0C000C0A0E000C0C00000C0C02000C0C04000C0C06000
310
C0C08000C0C0A000F0FBFF00A4A0A000808080000000FF0000FF000000FFFF00FF000000FF00FF00FFFF0000FFFFFF0000000000000000000000000000000000000000000000000000000000000000000000000000000000000000000000000000000000000000000000000000000000000000000000000000000000000000
310
00000000000000000000000000000000000000000000000000000000000000000000000000000000000000000000000000000000000000000000000000000000000000000000000000000000000000000000000000000000000000000000000000000000000000000000000000000000000000000000000000000000000000
310
00000000000000000000000000000000000000000000000000000000000000000000000000000000000000000000000000000000000000000000000000000000000000000000000000000000000000000000000000000000000000000000000000000000000000000000000000000000000000000000000000000000000000
310
00000000000000000000000000000000000000000000000000000000FF000000000000000000000000FF000000000000000000000000000000000000FFFFFF0000000000000000FFFFFF000000000000000000000000000000000000FF0000FF00FFFFFFFF00FF0000FF000000000000000000000000000000000000FF0000
310
00FFFFFFFFFFFF000000FF000000000000000000000000000000000000FF000000FFFFFFFFFFFF000000FF00000000000000000000FFFFFFFFFFFFFFFFFF000000FFFFFFFFFFFF000000FFFFFFFFFFFFFFFFFF00000000000000000000FF000000FFFFFFFFFFFF000000FF000000000000000000000000000000000000FF00
310
00FF00FFFFFFFF00FF0000FF000000000000000000000000000000000000FFFFFF0000000000000000FFFFFF000000000000000000000000000000000000FF000000000000000000000000FF000000000000000000000000000000000000000000000000000000000000000000000000000000000000000000000000000000
310
00000000000000000000000000000000000000000000000000000000000000000000000000000000000000000000000000000000000000000000000000000000000000000000000000000000000000000000000000000000000000000000000000000000000000000000000000000000000000000000000000000000000000
310
00000000000000000000000000000000000000000000000000000000000000000000000000000000000000000000000000000000000000000000000000000000000000000000000000000000000000000000000000000000000000000000000000000000000000000000000000000000000000000000000000000000000000
310
0000000000000000000000000000000000000000000000000000000000000000000000000000000000000000000000000000000000000000
 70
     4
280
     1
281
     0
  0
BLOCK_RECORD
  5
12F76
330
1
100
AcDbSymbolTableRecord
100
AcDbBlockTableRecord
  2
GLV-P
340
0
310
2800000020000000200000000100080000000000000400000000000000000000000000000000000000000000000080000080000000808000800000008000800080800000C0C0C000C0DCC000F0CAA6000020400000206000002080000020A0000020C0000020E00000400000004020000040400000406000004080000040A0
310
000040C0000040E00000600000006020000060400000606000006080000060A0000060C0000060E00000800000008020000080400000806000008080000080A0000080C0000080E00000A0000000A0200000A0400000A0600000A0800000A0A00000A0C00000A0E00000C0000000C0200000C0400000C0600000C0800000C0
310
A00000C0C00000C0E00000E0000000E0200000E0400000E0600000E0800000E0A00000E0C00000E0E00040000000400020004000400040006000400080004000A0004000C0004000E00040200000402020004020400040206000402080004020A0004020C0004020E000404000004040200040404000404060004040800040
310
40A0004040C0004040E00040600000406020004060400040606000406080004060A0004060C0004060E00040800000408020004080400040806000408080004080A0004080C0004080E00040A0000040A0200040A0400040A0600040A0800040A0A00040A0C00040A0E00040C0000040C0200040C0400040C0600040C08000
310
40C0A00040C0C00040C0E00040E0000040E0200040E0400040E0600040E0800040E0A00040E0C00040E0E00080000000800020008000400080006000800080008000A0008000C0008000E00080200000802020008020400080206000802080008020A0008020C0008020E00080400000804020008040400080406000804080
310
008040A0008040C0008040E00080600000806020008060400080606000806080008060A0008060C0008060E00080800000808020008080400080806000808080008080A0008080C0008080E00080A0000080A0200080A0400080A0600080A0800080A0A00080A0C00080A0E00080C0000080C0200080C0400080C0600080C0
310
800080C0A00080C0C00080C0E00080E0000080E0200080E0400080E0600080E0800080E0A00080E0C00080E0E000C0000000C0002000C0004000C0006000C0008000C000A000C000C000C000E000C0200000C0202000C0204000C0206000C0208000C020A000C020C000C020E000C0400000C0402000C0404000C0406000C0
310
408000C040A000C040C000C040E000C0600000C0602000C0604000C0606000C0608000C060A000C060C000C060E000C0800000C0802000C0804000C0806000C0808000C080A000C080C000C080E000C0A00000C0A02000C0A04000C0A06000C0A08000C0A0A000C0A0C000C0A0E000C0C00000C0C02000C0C04000C0C06000
310
C0C08000C0C0A000F0FBFF00A4A0A000808080000000FF0000FF000000FFFF00FF000000FF00FF00FFFF0000FFFFFF0000000000000000000000000000000000000000000000000000000000000000000000000000000000000000000000000000000000000000000000000000000000000000000000000000000000000000
310
00000000000000000000000000000000000000000000000000000000000000000000000000000000000000000000000000000000000000000000000000000000000000000000000000000000000000000000000000000000000000000000000000000000000000000000000000000000000000000000000000000000000000
310
0000000000000000000000000000000000000000000000000000000000000000000000000000000000000000000000000000000000000000000000FF000000000000000000000000FF000000000000000000000000000000000000FFFFFF0000000000000000FFFFFF000000000000000000000000000000000000FF0000FF
310
FFFFFFFFFFFFFF0000FF000000000000000000000000000000000000FF000000FFFFFFFFFFFF000000FF00000000000000000000FFFFFFFFFFFFFFFFFF000000FFFFFFFFFFFF000000FFFFFFFFFFFFFFFFFF00000000000000000000FF000000FFFFFFFFFFFF000000FF000000000000000000000000000000000000FF0000
310
FFFFFFFFFFFFFFFF0000FF000000000000000000000000000000000000FFFFFF00000000FF000000FFFFFF000000000000000000000000000000000000FF000000000000FF0000000000FF00000000000000000000000000000000000000000000000000FF0000000000000000000000000000000000000000000000000000
310
0000000000FF0000000000000000000000000000000000000000000000000000FFFFFFFFFFFFFFFFFFFF00000000000000000000000000000000000000000000FF0000000000000000FF0000000000000000000000000000000000000000000000FF000000000000FF00000000000000000000000000000000000000000000
310
000000FF00000000FF0000000000000000000000000000000000000000000000000000FFFFFFFFFFFF0000000000000000000000000000000000000000000000000000000000000000000000000000000000000000000000000000000000000000000000000000000000000000000000000000000000000000000000000000
310
00000000000000000000000000000000000000000000000000000000000000000000000000000000000000000000000000000000000000000000000000000000000000000000000000000000000000000000000000000000000000000000000000000000000000000000000000000000000000000000000000000000000000
310
0000000000000000000000000000000000000000000000000000000000000000000000000000000000000000000000000000000000000000
 70
     4
280
     1
281
     0
  0
BLOCK_RECORD
  5
12F88
330
1
100
AcDbSymbolTableRecord
100
AcDbBlockTableRecord
  2
GLV-M
340
0
310
2800000020000000200000000100080000000000000400000000000000000000000000000000000000000000000080000080000000808000800000008000800080800000C0C0C000C0DCC000F0CAA6000020400000206000002080000020A0000020C0000020E00000400000004020000040400000406000004080000040A0
310
000040C0000040E00000600000006020000060400000606000006080000060A0000060C0000060E00000800000008020000080400000806000008080000080A0000080C0000080E00000A0000000A0200000A0400000A0600000A0800000A0A00000A0C00000A0E00000C0000000C0200000C0400000C0600000C0800000C0
310
A00000C0C00000C0E00000E0000000E0200000E0400000E0600000E0800000E0A00000E0C00000E0E00040000000400020004000400040006000400080004000A0004000C0004000E00040200000402020004020400040206000402080004020A0004020C0004020E000404000004040200040404000404060004040800040
310
40A0004040C0004040E00040600000406020004060400040606000406080004060A0004060C0004060E00040800000408020004080400040806000408080004080A0004080C0004080E00040A0000040A0200040A0400040A0600040A0800040A0A00040A0C00040A0E00040C0000040C0200040C0400040C0600040C08000
310
40C0A00040C0C00040C0E00040E0000040E0200040E0400040E0600040E0800040E0A00040E0C00040E0E00080000000800020008000400080006000800080008000A0008000C0008000E00080200000802020008020400080206000802080008020A0008020C0008020E00080400000804020008040400080406000804080
310
008040A0008040C0008040E00080600000806020008060400080606000806080008060A0008060C0008060E00080800000808020008080400080806000808080008080A0008080C0008080E00080A0000080A0200080A0400080A0600080A0800080A0A00080A0C00080A0E00080C0000080C0200080C0400080C0600080C0
310
800080C0A00080C0C00080C0E00080E0000080E0200080E0400080E0600080E0800080E0A00080E0C00080E0E000C0000000C0002000C0004000C0006000C0008000C000A000C000C000C000E000C0200000C0202000C0204000C0206000C0208000C020A000C020C000C020E000C0400000C0402000C0404000C0406000C0
310
408000C040A000C040C000C040E000C0600000C0602000C0604000C0606000C0608000C060A000C060C000C060E000C0800000C0802000C0804000C0806000C0808000C080A000C080C000C080E000C0A00000C0A02000C0A04000C0A06000C0A08000C0A0A000C0A0C000C0A0E000C0C00000C0C02000C0C04000C0C06000
310
C0C08000C0C0A000F0FBFF00A4A0A000808080000000FF0000FF000000FFFF00FF000000FF00FF00FFFF0000FFFFFF0000000000000000000000000000000000000000000000000000000000000000000000000000000000000000000000000000000000000000000000000000000000000000000000000000000000000000
310
000000000000000000000000000000000000000000000000000000000000000000000000000000000000000000000000000000000000000000000000000000000000000000000000000000000000000000000000000000000000FF000000000000000000000000FF000000000000000000000000000000000000FFFFFF0000
310
00FFFF000000FFFFFF000000000000000000000000000000000000FF0000FFFFFFFFFFFFFFFF0000FF000000000000000000000000000000000000FF000000FFFFFFFFFFFF000000FF00000000000000000000FFFFFFFFFFFFFFFFFF000000FFFFFFFFFFFF000000FFFFFFFFFFFFFFFFFF00000000000000000000FF000000
310
FFFFFFFFFFFF000000FF000000000000000000000000000000000000FF0000FFFFFFFFFFFFFFFF0000FF000000000000000000000000000000000000FFFFFF00000000FF000000FFFFFF000000000000000000000000000000000000FF000000000000FF0000000000FF000000000000000000000000000000000000000000
310
00000000FF00000000000000000000000000000000000000000000000000000000000000FF00000000000000000000000000000000000000000000000000000000000000FF00000000000000000000000000000000000000000000000000000000000000FF0000000000000000000000000000000000000000000000000000
310
0000000000FF00000000000000000000000000000000000000000000000000FFFFFFFFFFFFFFFFFFFFFFFF0000000000000000000000000000000000000000FF000000FF00FFFF000000FF0000000000000000000000000000000000000000FF000000FF00FFFF000000FF0000000000000000000000000000000000000000
310
FF000000FFFF00FF000000FF0000000000000000000000000000000000000000FFFFFFFFFFFFFFFFFFFFFFFF0000000000000000000000000000000000000000FF000000FF0000FF000000FF0000000000000000000000000000000000000000FF00000000000000000000FF00000000000000000000000000000000000000
310
00FFFFFFFFFFFFFFFFFFFFFFFF000000000000000000000000000000000000000000000000000000000000000000000000000000000000000000000000000000000000000000000000000000000000000000000000000000000000000000000000000000000000000000000000000000000000000000000000000000000000
310
0000000000000000000000000000000000000000000000000000000000000000000000000000000000000000000000000000000000000000
 70
     4
280
     1
281
     0
  0
BLOCK_RECORD
  5
12F95
330
1
100
AcDbSymbolTableRecord
100
AcDbBlockTableRecord
  2
GLV-H
340
0
310
2800000020000000200000000100080000000000000400000000000000000000000000000000000000000000000080000080000000808000800000008000800080800000C0C0C000C0DCC000F0CAA6000020400000206000002080000020A0000020C0000020E00000400000004020000040400000406000004080000040A0
310
000040C0000040E00000600000006020000060400000606000006080000060A0000060C0000060E00000800000008020000080400000806000008080000080A0000080C0000080E00000A0000000A0200000A0400000A0600000A0800000A0A00000A0C00000A0E00000C0000000C0200000C0400000C0600000C0800000C0
310
A00000C0C00000C0E00000E0000000E0200000E0400000E0600000E0800000E0A00000E0C00000E0E00040000000400020004000400040006000400080004000A0004000C0004000E00040200000402020004020400040206000402080004020A0004020C0004020E000404000004040200040404000404060004040800040
310
40A0004040C0004040E00040600000406020004060400040606000406080004060A0004060C0004060E00040800000408020004080400040806000408080004080A0004080C0004080E00040A0000040A0200040A0400040A0600040A0800040A0A00040A0C00040A0E00040C0000040C0200040C0400040C0600040C08000
310
40C0A00040C0C00040C0E00040E0000040E0200040E0400040E0600040E0800040E0A00040E0C00040E0E00080000000800020008000400080006000800080008000A0008000C0008000E00080200000802020008020400080206000802080008020A0008020C0008020E00080400000804020008040400080406000804080
310
008040A0008040C0008040E00080600000806020008060400080606000806080008060A0008060C0008060E00080800000808020008080400080806000808080008080A0008080C0008080E00080A0000080A0200080A0400080A0600080A0800080A0A00080A0C00080A0E00080C0000080C0200080C0400080C0600080C0
310
800080C0A00080C0C00080C0E00080E0000080E0200080E0400080E0600080E0800080E0A00080E0C00080E0E000C0000000C0002000C0004000C0006000C0008000C000A000C000C000C000E000C0200000C0202000C0204000C0206000C0208000C020A000C020C000C020E000C0400000C0402000C0404000C0406000C0
310
408000C040A000C040C000C040E000C0600000C0602000C0604000C0606000C0608000C060A000C060C000C060E000C0800000C0802000C0804000C0806000C0808000C080A000C080C000C080E000C0A00000C0A02000C0A04000C0A06000C0A08000C0A0A000C0A0C000C0A0E000C0C00000C0C02000C0C04000C0C06000
310
C0C08000C0C0A000F0FBFF00A4A0A000808080000000FF0000FF000000FFFF00FF000000FF00FF00FFFF0000FFFFFF0000000000000000000000000000000000000000000000000000000000000000000000000000000000000000000000000000000000000000000000000000000000000000000000000000000000000000
310
000000000000000000000000000000000000000000000000000000000000000000000000000000000000000000000000000000000000000000000000000000000000000000000000000000000000000000000000000000000000FF000000000000000000000000FF000000000000000000000000000000000000FFFFFF0000
310
00FFFF000000FFFFFF000000000000000000000000000000000000FF0000FFFFFFFFFFFFFFFF0000FF000000000000000000000000000000000000FF000000FFFFFFFFFFFF000000FF00000000000000000000FFFFFFFFFFFFFFFFFF000000FFFFFFFFFFFF000000FFFFFFFFFFFFFFFFFF00000000000000000000FF000000
310
FFFFFFFFFFFF000000FF000000000000000000000000000000000000FF0000FFFFFFFFFFFFFFFF0000FF000000000000000000000000000000000000FFFFFF00000000FF000000FFFFFF000000000000000000000000000000000000FF000000000000FF0000000000FF000000000000000000000000000000000000000000
310
00000000FF00000000000000000000000000000000000000000000000000000000000000FF00000000000000000000000000000000000000000000000000000000000000FF00000000000000000000000000000000000000000000000000000000000000FF0000000000000000000000000000000000000000000000000000
310
0000000000FF00000000000000000000000000000000000000000000000000FFFFFFFFFFFFFFFFFFFFFFFF0000000000000000000000000000000000000000FF000000FF0000FF000000FF0000000000000000000000000000000000000000FF000000FF0000FF000000FF0000000000000000000000000000000000000000
310
FF000000FFFFFFFF000000FF0000000000000000000000000000000000000000FFFFFFFFFFFFFFFFFFFFFFFF0000000000000000000000000000000000000000FF000000FF0000FF000000FF0000000000000000000000000000000000000000FF00000000000000000000FF00000000000000000000000000000000000000
310
00FFFFFFFFFFFFFFFFFFFFFFFF000000000000000000000000000000000000000000000000000000000000000000000000000000000000000000000000000000000000000000000000000000000000000000000000000000000000000000000000000000000000000000000000000000000000000000000000000000000000
310
0000000000000000000000000000000000000000000000000000000000000000000000000000000000000000000000000000000000000000
 70
     4
280
     1
281
     0
  0
BLOCK_RECORD
  5
12FA2
330
1
100
AcDbSymbolTableRecord
100
AcDbBlockTableRecord
  2
GLV-A
340
0
310
2800000020000000200000000100080000000000000400000000000000000000000000000000000000000000000080000080000000808000800000008000800080800000C0C0C000C0DCC000F0CAA6000020400000206000002080000020A0000020C0000020E00000400000004020000040400000406000004080000040A0
310
000040C0000040E00000600000006020000060400000606000006080000060A0000060C0000060E00000800000008020000080400000806000008080000080A0000080C0000080E00000A0000000A0200000A0400000A0600000A0800000A0A00000A0C00000A0E00000C0000000C0200000C0400000C0600000C0800000C0
310
A00000C0C00000C0E00000E0000000E0200000E0400000E0600000E0800000E0A00000E0C00000E0E00040000000400020004000400040006000400080004000A0004000C0004000E00040200000402020004020400040206000402080004020A0004020C0004020E000404000004040200040404000404060004040800040
310
40A0004040C0004040E00040600000406020004060400040606000406080004060A0004060C0004060E00040800000408020004080400040806000408080004080A0004080C0004080E00040A0000040A0200040A0400040A0600040A0800040A0A00040A0C00040A0E00040C0000040C0200040C0400040C0600040C08000
310
40C0A00040C0C00040C0E00040E0000040E0200040E0400040E0600040E0800040E0A00040E0C00040E0E00080000000800020008000400080006000800080008000A0008000C0008000E00080200000802020008020400080206000802080008020A0008020C0008020E00080400000804020008040400080406000804080
310
008040A0008040C0008040E00080600000806020008060400080606000806080008060A0008060C0008060E00080800000808020008080400080806000808080008080A0008080C0008080E00080A0000080A0200080A0400080A0600080A0800080A0A00080A0C00080A0E00080C0000080C0200080C0400080C0600080C0
310
800080C0A00080C0C00080C0E00080E0000080E0200080E0400080E0600080E0800080E0A00080E0C00080E0E000C0000000C0002000C0004000C0006000C0008000C000A000C000C000C000E000C0200000C0202000C0204000C0206000C0208000C020A000C020C000C020E000C0400000C0402000C0404000C0406000C0
310
408000C040A000C040C000C040E000C0600000C0602000C0604000C0606000C0608000C060A000C060C000C060E000C0800000C0802000C0804000C0806000C0808000C080A000C080C000C080E000C0A00000C0A02000C0A04000C0A06000C0A08000C0A0A000C0A0C000C0A0E000C0C00000C0C02000C0C04000C0C06000
310
C0C08000C0C0A000F0FBFF00A4A0A000808080000000FF0000FF000000FFFF00FF000000FF00FF00FFFF0000FFFFFF0000000000000000000000000000000000000000000000000000000000000000000000000000000000FF00000000000000000000000000000000000000000000000000000000000000FF000000000000
310
00000000000000000000000000000000000000000000000000FF00000000000000000000000000000000000000000000000000000000000000FF00000000000000000000000000000000000000000000000000000000000000FF00000000000000000000000000000000000000000000000000000000000000FF0000000000
310
0000000000000000000000000000000000000000000000000000FF00000000000000000000000000000000000000000000000000000000000000FF00000000000000000000000000000000000000000000000000000000000000FF00000000000000000000000000000000000000000000000000000000000000FF00000000
310
000000000000000000000000000000000000000000000000000000FF00000000000000000000000000000000000000000000000000000000000000FF000000000000000000000000000000000000000000000000FFFFFFFFFFFFFFFFFFFFFFFFFFFF00000000000000000000000000000000000000FF000000000000000000
310
00FF0000000000000000000000000000000000000000FF00000000000000000000FF000000000000000000000000000000000000000000FF0000000000000000FF0000000000000000000000000000000000000000000000FF00000000000000FF0000000000FF0000000000000000000000000000000000FF000000000000
310
FF00000000FFFFFF000000000000000000000000000000000000FF00000000FF000000FFFF0000FF00000000000000000000000000000000000000FF000000FF0000FF00000000FF0000000000000000000000000000000000000000FF00FF00FFFF0000000000FF0000000000000000000000000000000000000000FF00FF
310
FF00000000000000FF000000000000000000000000000000000000000000FF000000000000000000FFFFFFFFFFFFFFFFFFFFFFFFFF00000000000000000000FFFF00000000000000FF000000000000000000000000000000000000000000000000FF000000000000FF00000000000000000000000000000000000000000000
310
000000FFFF00000000FF000000000000000000000000000000000000000000000000000000FF000000FF00000000000000000000000000000000000000000000000000000000FF0000FF0000000000000000000000000000000000000000000000000000000000FFFFFF000000000000000000000000000000000000000000
310
00000000000000000000FF000000000000000000000000000000000000000000000000000000000000000000000000000000000000000000
102
{BLKREFS
331
13A6E
331
14346
102
}
 70
     4
280
     1
281
     0
  0
BLOCK_RECORD
  5
12FB1
330
1
100
AcDbSymbolTableRecord
100
AcDbBlockTableRecord
  2
GLV-P1
340
0
310
2800000020000000200000000100080000000000000400000000000000000000000000000000000000000000000080000080000000808000800000008000800080800000C0C0C000C0DCC000F0CAA6000020400000206000002080000020A0000020C0000020E00000400000004020000040400000406000004080000040A0
310
000040C0000040E00000600000006020000060400000606000006080000060A0000060C0000060E00000800000008020000080400000806000008080000080A0000080C0000080E00000A0000000A0200000A0400000A0600000A0800000A0A00000A0C00000A0E00000C0000000C0200000C0400000C0600000C0800000C0
310
A00000C0C00000C0E00000E0000000E0200000E0400000E0600000E0800000E0A00000E0C00000E0E00040000000400020004000400040006000400080004000A0004000C0004000E00040200000402020004020400040206000402080004020A0004020C0004020E000404000004040200040404000404060004040800040
310
40A0004040C0004040E00040600000406020004060400040606000406080004060A0004060C0004060E00040800000408020004080400040806000408080004080A0004080C0004080E00040A0000040A0200040A0400040A0600040A0800040A0A00040A0C00040A0E00040C0000040C0200040C0400040C0600040C08000
310
40C0A00040C0C00040C0E00040E0000040E0200040E0400040E0600040E0800040E0A00040E0C00040E0E00080000000800020008000400080006000800080008000A0008000C0008000E00080200000802020008020400080206000802080008020A0008020C0008020E00080400000804020008040400080406000804080
310
008040A0008040C0008040E00080600000806020008060400080606000806080008060A0008060C0008060E00080800000808020008080400080806000808080008080A0008080C0008080E00080A0000080A0200080A0400080A0600080A0800080A0A00080A0C00080A0E00080C0000080C0200080C0400080C0600080C0
310
800080C0A00080C0C00080C0E00080E0000080E0200080E0400080E0600080E0800080E0A00080E0C00080E0E000C0000000C0002000C0004000C0006000C0008000C000A000C000C000C000E000C0200000C0202000C0204000C0206000C0208000C020A000C020C000C020E000C0400000C0402000C0404000C0406000C0
310
408000C040A000C040C000C040E000C0600000C0602000C0604000C0606000C0608000C060A000C060C000C060E000C0800000C0802000C0804000C0806000C0808000C080A000C080C000C080E000C0A00000C0A02000C0A04000C0A06000C0A08000C0A0A000C0A0C000C0A0E000C0C00000C0C02000C0C04000C0C06000
310
C0C08000C0C0A000F0FBFF00A4A0A000808080000000FF0000FF000000FFFF00FF000000FF00FF00FFFF0000FFFFFF00000000000000000000000000000000000000000000000000000000000000000000000000000000000000FF00000000000000000000000000000000000000000000000000000000000000FF00000000
310
000000000000000000000000000000000000000000000000000000FF00000000000000000000000000000000000000000000000000000000000000FF00000000000000000000000000000000000000000000000000000000000000FF00000000000000000000000000000000000000000000000000000000000000FF000000
310
00000000000000000000000000000000000000000000000000000000FF00000000000000000000000000000000000000000000000000000000000000FF00000000000000000000000000000000000000000000000000000000000000FF000000000000000000000000000000000000000000000000000000FFFFFFFFFFFFFF
310
FFFFFF0000000000000000000000000000000000000000000000FF000000000000FF000000000000000000000000000000000000000000000000FF000000000000FF00000000000000000000000000000000000000000000000000FF00000000FF000000FF00000000000000000000000000000000000000000000FF000000
310
FF0000FFFFFF0000000000000000000000000000000000000000000000FF00FF00FFFF0000FF0000000000000000000000000000000000000000000000FF00FFFF00000000FF000000000000000000000000000000000000000000000000FF000000000000FFFFFFFFFFFFFFFFFFFF000000000000000000000000000000FF
310
FFFF00000000FF000000000000000000000000000000000000000000000000FF0000FF000000FF000000000000000000000000000000000000000000000000FF000000FF0000FF000000000000000000000000000000000000000000000000FF00000000FFFFFF000000000000000000000000000000000000000000000000
310
FF000000000000FF000000000000000000000000000000000000000000000000FF0000000000000000000000000000000000000000000000000000FFFFFFFFFFFFFFFFFFFFFFFF0000000000000000000000000000000000000000FF00000000000000000000FF0000000000000000000000000000000000000000FF000000
310
000000000000FF00000000000000000000000000000000000000000000FF0000000000000000FF00000000000000000000000000000000000000000000FF00000000000000FF000000000000000000000000000000000000000000000000FFFFFF00FFFFFF0000000000000000000000000000000000000000000000000000
310
0000FF0000000000000000000000000000000000000000000000000000000000000000000000000000000000000000000000000000000000
 70
     4
280
     1
281
     0
  0
BLOCK_RECORD
  5
12FBB
102
{ACAD_XDICTIONARY
360
13291
102
}
330
1
100
AcDbSymbolTableRecord
100
AcDbBlockTableRecord
  2
GLV-M1
340
0
310
2800000020000000200000000100080000000000000400000000000000000000000000000000000000000000000080000080000000808000800000008000800080800000C0C0C000C0DCC000F0CAA6000020400000206000002080000020A0000020C0000020E00000400000004020000040400000406000004080000040A0
310
000040C0000040E00000600000006020000060400000606000006080000060A0000060C0000060E00000800000008020000080400000806000008080000080A0000080C0000080E00000A0000000A0200000A0400000A0600000A0800000A0A00000A0C00000A0E00000C0000000C0200000C0400000C0600000C0800000C0
310
A00000C0C00000C0E00000E0000000E0200000E0400000E0600000E0800000E0A00000E0C00000E0E00040000000400020004000400040006000400080004000A0004000C0004000E00040200000402020004020400040206000402080004020A0004020C0004020E000404000004040200040404000404060004040800040
310
40A0004040C0004040E00040600000406020004060400040606000406080004060A0004060C0004060E00040800000408020004080400040806000408080004080A0004080C0004080E00040A0000040A0200040A0400040A0600040A0800040A0A00040A0C00040A0E00040C0000040C0200040C0400040C0600040C08000
310
40C0A00040C0C00040C0E00040E0000040E0200040E0400040E0600040E0800040E0A00040E0C00040E0E00080000000800020008000400080006000800080008000A0008000C0008000E00080200000802020008020400080206000802080008020A0008020C0008020E00080400000804020008040400080406000804080
310
008040A0008040C0008040E00080600000806020008060400080606000806080008060A0008060C0008060E00080800000808020008080400080806000808080008080A0008080C0008080E00080A0000080A0200080A0400080A0600080A0800080A0A00080A0C00080A0E00080C0000080C0200080C0400080C0600080C0
310
800080C0A00080C0C00080C0E00080E0000080E0200080E0400080E0600080E0800080E0A00080E0C00080E0E000C0000000C0002000C0004000C0006000C0008000C000A000C000C000C000E000C0200000C0202000C0204000C0206000C0208000C020A000C020C000C020E000C0400000C0402000C0404000C0406000C0
310
408000C040A000C040C000C040E000C0600000C0602000C0604000C0606000C0608000C060A000C060C000C060E000C0800000C0802000C0804000C0806000C0808000C080A000C080C000C080E000C0A00000C0A02000C0A04000C0A06000C0A08000C0A0A000C0A0C000C0A0E000C0C00000C0C02000C0C04000C0C06000
310
C0C08000C0C0A000F0FBFF00A4A0A000808080000000FF0000FF000000FFFF00FF000000FF00FF00FFFF0000FFFFFF0000000000000000000000000000000000000000000000000000000000000000000000000000000000000000FF00000000000000000000000000000000000000000000000000000000000000FF000000
310
00000000000000000000000000000000000000000000000000000000FF00000000000000000000000000000000000000000000000000000000000000FF00000000000000000000000000000000000000000000000000000000000000FF00000000000000000000000000000000000000000000000000000000000000FF0000
310
0000000000000000000000000000000000000000000000000000000000FF00000000000000000000000000000000000000000000000000000000000000FF000000000000000000000000000000000000000000000000000000FFFFFFFFFFFFFFFFFF000000000000000000000000000000000000000000000000FF00000000
310
00FF00000000000000000000000000000000000000000000000000FF0000000000FF0000FF0000000000000000000000000000000000000000000000FF000000FF00FFFFFF000000000000000000000000000000000000000000000000FF00FF00FF0000FF000000000000000000000000000000000000000000000000FF00
310
FFFF000000FF00000000000000000000000000000000000000000000000000FF0000000000FFFFFFFFFFFFFFFFFF0000000000000000000000000000000000FFFFFF000000FF00000000000000000000000000000000000000000000000000FF0000FF0000FF00000000000000000000000000000000000000000000000000
310
FF000000FFFFFF00000000000000000000000000000000000000000000000000FF0000000000FF00000000000000000000000000000000000000000000000000FF00000000000000000000000000000000000000000000000000000000000000FF000000000000000000000000000000000000000000000000000000000000
310
00FF0000000000000000000000000000000000000000000000000000FFFFFFFFFFFFFFFFFFFFFF000000000000000000000000000000000000000000FF000000FFFF00FF0000FF000000000000000000000000000000000000000000FF000000FFFFFFFF0000FF000000000000000000000000000000000000000000FFFFFF
310
FFFFFFFFFFFFFFFF000000000000000000000000000000000000000000FF000000FF0000FF0000FF000000000000000000000000000000000000000000FF000000FF0000FF0000FF000000000000000000000000000000000000000000FF000000000000000000FF000000000000000000000000000000000000000000FFFF
310
FFFFFFFFFFFFFFFFFF0000000000000000000000000000000000000000000000000000000000000000000000000000000000000000000000
 70
     4
280
     1
281
     0
1001
AcDbDynamicBlockGUID
1000
{0C12C0C7-7CB5-468C-BA95-38B6FF07676A}
  0
BLOCK_RECORD
  5
12FC7
330
1
100
AcDbSymbolTableRecord
100
AcDbBlockTableRecord
  2
GLV-N
340
0
310
2800000020000000200000000100080000000000000400000000000000000000000000000000000000000000000080000080000000808000800000008000800080800000C0C0C000C0DCC000F0CAA6000020400000206000002080000020A0000020C0000020E00000400000004020000040400000406000004080000040A0
310
000040C0000040E00000600000006020000060400000606000006080000060A0000060C0000060E00000800000008020000080400000806000008080000080A0000080C0000080E00000A0000000A0200000A0400000A0600000A0800000A0A00000A0C00000A0E00000C0000000C0200000C0400000C0600000C0800000C0
310
A00000C0C00000C0E00000E0000000E0200000E0400000E0600000E0800000E0A00000E0C00000E0E00040000000400020004000400040006000400080004000A0004000C0004000E00040200000402020004020400040206000402080004020A0004020C0004020E000404000004040200040404000404060004040800040
310
40A0004040C0004040E00040600000406020004060400040606000406080004060A0004060C0004060E00040800000408020004080400040806000408080004080A0004080C0004080E00040A0000040A0200040A0400040A0600040A0800040A0A00040A0C00040A0E00040C0000040C0200040C0400040C0600040C08000
310
40C0A00040C0C00040C0E00040E0000040E0200040E0400040E0600040E0800040E0A00040E0C00040E0E00080000000800020008000400080006000800080008000A0008000C0008000E00080200000802020008020400080206000802080008020A0008020C0008020E00080400000804020008040400080406000804080
310
008040A0008040C0008040E00080600000806020008060400080606000806080008060A0008060C0008060E00080800000808020008080400080806000808080008080A0008080C0008080E00080A0000080A0200080A0400080A0600080A0800080A0A00080A0C00080A0E00080C0000080C0200080C0400080C0600080C0
310
800080C0A00080C0C00080C0E00080E0000080E0200080E0400080E0600080E0800080E0A00080E0C00080E0E000C0000000C0002000C0004000C0006000C0008000C000A000C000C000C000E000C0200000C0202000C0204000C0206000C0208000C020A000C020C000C020E000C0400000C0402000C0404000C0406000C0
310
408000C040A000C040C000C040E000C0600000C0602000C0604000C0606000C0608000C060A000C060C000C060E000C0800000C0802000C0804000C0806000C0808000C080A000C080C000C080E000C0A00000C0A02000C0A04000C0A06000C0A08000C0A0A000C0A0C000C0A0E000C0C00000C0C02000C0C04000C0C06000
310
C0C08000C0C0A000F0FBFF00A4A0A000808080000000FF0000FF000000FFFF00FF000000FF00FF00FFFF0000FFFFFF0000000000000000000000000000000000000000000000000000000000000000000000000000000000000000000000000000000000000000000000000000000000000000000000000000000000000000
310
00000000000000000000000000000000000000000000000000000000000000000000000000000000000000000000000000000000000000000000000000000000000000000000000000000000000000000000000000000000000000000000000000000000000000000000000000000000000000000000000000000000000000
310
00000000000000000000000000000000000000000000000000000000000000000000000000000000000000000000000000000000000000000000000000000000000000000000000000000000000000000000000000000000000000000000000000000000000000000000000000000000000000000000000000000000000000
310
00000000000000000000000000000000000000000000000000000000FF000000000000000000000000FF000000000000000000000000000000000000FFFFFF0000000000000000FFFFFF000000000000000000000000000000000000FF0000FF000000FF0000FF0000FF000000000000000000000000000000000000FF0000
310
00FFFF00FFFFFF000000FF000000000000000000000000000000000000FF0000000000FFFF0000000000FF00000000000000000000FFFFFFFFFFFFFFFFFF0000000000FFFF0000000000FFFFFFFFFFFFFFFFFF00000000000000000000FF000000FFFF00FFFFFF000000FF000000000000000000000000000000000000FF00
310
00FF000000FF0000FF0000FF000000000000000000000000000000000000FFFFFF0000000000000000FFFFFF000000000000000000000000000000000000FF000000000000000000000000FF000000000000000000000000000000000000000000000000000000000000000000000000000000000000000000000000000000
310
00000000000000000000000000000000000000000000000000000000000000000000000000000000000000000000000000000000000000000000000000000000000000000000000000000000000000000000000000000000000000000000000000000000000000000000000000000000000000000000000000000000000000
310
00000000000000000000000000000000000000000000000000000000000000000000000000000000000000000000000000000000000000000000000000000000000000000000000000000000000000000000000000000000000000000000000000000000000000000000000000000000000000000000000000000000000000
310
0000000000000000000000000000000000000000000000000000000000000000000000000000000000000000000000000000000000000000
 70
     4
280
     1
281
     0
  0
BLOCK_RECORD
  5
13018
102
{ACAD_XDICTIONARY
360
13CCC
102
}
330
1
100
AcDbSymbolTableRecord
100
AcDbBlockTableRecord
  2
BV-MH1
340
0
310
2800000020000000200000000100080000000000000400000000000000000000000000000000000000000000000080000080000000808000800000008000800080800000C0C0C000C0DCC000F0CAA6000020400000206000002080000020A0000020C0000020E00000400000004020000040400000406000004080000040A0
310
000040C0000040E00000600000006020000060400000606000006080000060A0000060C0000060E00000800000008020000080400000806000008080000080A0000080C0000080E00000A0000000A0200000A0400000A0600000A0800000A0A00000A0C00000A0E00000C0000000C0200000C0400000C0600000C0800000C0
310
A00000C0C00000C0E00000E0000000E0200000E0400000E0600000E0800000E0A00000E0C00000E0E00040000000400020004000400040006000400080004000A0004000C0004000E00040200000402020004020400040206000402080004020A0004020C0004020E000404000004040200040404000404060004040800040
310
40A0004040C0004040E00040600000406020004060400040606000406080004060A0004060C0004060E00040800000408020004080400040806000408080004080A0004080C0004080E00040A0000040A0200040A0400040A0600040A0800040A0A00040A0C00040A0E00040C0000040C0200040C0400040C0600040C08000
310
40C0A00040C0C00040C0E00040E0000040E0200040E0400040E0600040E0800040E0A00040E0C00040E0E00080000000800020008000400080006000800080008000A0008000C0008000E00080200000802020008020400080206000802080008020A0008020C0008020E00080400000804020008040400080406000804080
310
008040A0008040C0008040E00080600000806020008060400080606000806080008060A0008060C0008060E00080800000808020008080400080806000808080008080A0008080C0008080E00080A0000080A0200080A0400080A0600080A0800080A0A00080A0C00080A0E00080C0000080C0200080C0400080C0600080C0
310
800080C0A00080C0C00080C0E00080E0000080E0200080E0400080E0600080E0800080E0A00080E0C00080E0E000C0000000C0002000C0004000C0006000C0008000C000A000C000C000C000E000C0200000C0202000C0204000C0206000C0208000C020A000C020C000C020E000C0400000C0402000C0404000C0406000C0
310
408000C040A000C040C000C040E000C0600000C0602000C0604000C0606000C0608000C060A000C060C000C060E000C0800000C0802000C0804000C0806000C0808000C080A000C080C000C080E000C0A00000C0A02000C0A04000C0A06000C0A08000C0A0A000C0A0C000C0A0E000C0C00000C0C02000C0C04000C0C06000
310
C0C08000C0C0A000F0FBFF00A4A0A000808080000000FF0000FF000000FFFF00FF000000FF00FF00FFFF0000FFFFFF0000000000000000000000000000000000000000000000000000000000000000000000000000000000000000000000000000000000000000000000000000000000000000000000000000000000000000
310
00000000000000000000000000000000000000000000000000000000000000000000000000000000000000000000000000000000000000000000000000000000000000000000000000000000000000000000000000000000000000000000000000000000000000000000000000000000000000000000000000000000000000
310
00000000000000000000000000000000000000000000000000000000000000000000000000000000000000000000000000000000000000000000000000000000000000000000000000000000000000000000000000000000000000000000000000000000000000000000000000000000000000000000000000000000000000
310
00000000000000000000000000000000000000000000000000000000FF000000000000000000000000FF000000000000000000000000000000000000FFFFFF0000000000000000FFFFFF000000000000000000000000000000000000FF0000FF00FFFFFFFF00FF0000FF000000000000000000000000000000000000FF0000
310
00FFFF0000FFFF000000FF000000000000000000000000000000000000FF000000FF00FFFF00FF000000FF00000000000000000000FFFFFFFFFFFFFFFFFF000000FF00FFFF00FF000000FFFFFFFFFFFFFFFFFF00000000000000000000FF000000FFFF0000FFFF000000FF000000000000000000000000000000000000FF00
310
00FF00FFFFFFFF00FF0000FF000000000000000000000000000000000000FFFFFF0000000000000000FFFFFF000000000000000000000000000000000000FF000000000000000000000000FF000000000000000000000000000000000000000000000000000000000000000000000000000000000000000000000000000000
310
00000000000000000000000000000000000000000000000000000000000000000000000000000000000000000000000000000000000000000000000000000000000000000000000000000000000000000000000000000000000000000000000000000000000000000000000000000000000000000000000000000000000000
310
00000000000000000000000000000000000000000000000000000000000000000000000000000000000000000000000000000000000000000000000000000000000000000000000000000000000000000000000000000000000000000000000000000000000000000000000000000000000000000000000000000000000000
310
0000000000000000000000000000000000000000000000000000000000000000000000000000000000000000000000000000000000000000
102
{BLKREFS
331
136D8
331
136DF
331
136E2
331
13EF7
331
13F3F
331
13B9A
331
13C67
331
13CAD
331
14360
331
14380
331
1438C
331
1438E
331
143A4
331
143AC
331
14348
102
}
 70
     4
280
     1
281
     0
  0
BLOCK_RECORD
  5
13027
330
1
100
AcDbSymbolTableRecord
100
AcDbBlockTableRecord
  2
BV-MH2
340
0
310
2800000020000000200000000100080000000000000400000000000000000000000000000000000000000000000080000080000000808000800000008000800080800000C0C0C000C0DCC000F0CAA6000020400000206000002080000020A0000020C0000020E00000400000004020000040400000406000004080000040A0
310
000040C0000040E00000600000006020000060400000606000006080000060A0000060C0000060E00000800000008020000080400000806000008080000080A0000080C0000080E00000A0000000A0200000A0400000A0600000A0800000A0A00000A0C00000A0E00000C0000000C0200000C0400000C0600000C0800000C0
310
A00000C0C00000C0E00000E0000000E0200000E0400000E0600000E0800000E0A00000E0C00000E0E00040000000400020004000400040006000400080004000A0004000C0004000E00040200000402020004020400040206000402080004020A0004020C0004020E000404000004040200040404000404060004040800040
310
40A0004040C0004040E00040600000406020004060400040606000406080004060A0004060C0004060E00040800000408020004080400040806000408080004080A0004080C0004080E00040A0000040A0200040A0400040A0600040A0800040A0A00040A0C00040A0E00040C0000040C0200040C0400040C0600040C08000
310
40C0A00040C0C00040C0E00040E0000040E0200040E0400040E0600040E0800040E0A00040E0C00040E0E00080000000800020008000400080006000800080008000A0008000C0008000E00080200000802020008020400080206000802080008020A0008020C0008020E00080400000804020008040400080406000804080
310
008040A0008040C0008040E00080600000806020008060400080606000806080008060A0008060C0008060E00080800000808020008080400080806000808080008080A0008080C0008080E00080A0000080A0200080A0400080A0600080A0800080A0A00080A0C00080A0E00080C0000080C0200080C0400080C0600080C0
310
800080C0A00080C0C00080C0E00080E0000080E0200080E0400080E0600080E0800080E0A00080E0C00080E0E000C0000000C0002000C0004000C0006000C0008000C000A000C000C000C000E000C0200000C0202000C0204000C0206000C0208000C020A000C020C000C020E000C0400000C0402000C0404000C0406000C0
310
408000C040A000C040C000C040E000C0600000C0602000C0604000C0606000C0608000C060A000C060C000C060E000C0800000C0802000C0804000C0806000C0808000C080A000C080C000C080E000C0A00000C0A02000C0A04000C0A06000C0A08000C0A0A000C0A0C000C0A0E000C0C00000C0C02000C0C04000C0C06000
310
C0C08000C0C0A000F0FBFF00A4A0A000808080000000FF0000FF000000FFFF00FF000000FF00FF00FFFF0000FFFFFF0000000000000000000000000000000000000000000000000000000000000000000000000000000000000000000000000000000000000000000000000000000000000000000000000000000000000000
310
00000000000000000000000000000000000000000000000000000000000000000000000000000000000000000000000000000000000000000000000000000000000000000000000000000000000000000000000000000000000000000000000000000000000000000000000000000000000000000000000000000000000000
310
00000000000000000000000000000000000000000000000000000000000000000000000000000000000000000000000000000000000000000000000000000000000000000000000000000000000000000000000000000000000000000000000000000000000000000000000000000000000000000000000000000000000000
310
00000000000000000000000000000000000000000000000000000000FF0000000000FFFF0000000000FF000000000000000000000000000000000000FFFFFF00FFFF0000FFFF00FFFFFF000000000000000000000000000000000000FF0000FF000000000000FF0000FF000000000000000000000000000000000000FF00FF
310
FFFFFF0000FFFFFF0000FF000000000000000000000000000000000000FF00FF000000FFFF000000FF00FF00000000000000000000FFFFFFFFFFFFFFFFFF00FF000000FFFF000000FF00FFFFFFFFFFFFFFFFFF00000000000000000000FF00FFFFFFFF0000FFFFFF0000FF000000000000000000000000000000000000FF00
310
00FF000000000000FF0000FF000000000000000000000000000000000000FFFFFF00FFFF0000FFFF00FFFFFF000000000000000000000000000000000000FF0000000000FFFF0000000000FF000000000000000000000000000000000000000000000000000000000000000000000000000000000000000000000000000000
310
00000000000000000000000000000000000000000000000000000000000000000000000000000000000000000000000000000000000000000000000000000000000000000000000000000000000000000000000000000000000000000000000000000000000000000000000000000000000000000000000000000000000000
310
00000000000000000000000000000000000000000000000000000000000000000000000000000000000000000000000000000000000000000000000000000000000000000000000000000000000000000000000000000000000000000000000000000000000000000000000000000000000000000000000000000000000000
310
0000000000000000000000000000000000000000000000000000000000000000000000000000000000000000000000000000000000000000
 70
     4
280
     1
281
     0
  0
BLOCK_RECORD
  5
1302F
330
1
100
AcDbSymbolTableRecord
100
AcDbBlockTableRecord
  2
BV-MH3
340
0
310
2800000020000000200000000100080000000000000400000000000000000000000000000000000000000000000080000080000000808000800000008000800080800000C0C0C000C0DCC000F0CAA6000020400000206000002080000020A0000020C0000020E00000400000004020000040400000406000004080000040A0
310
000040C0000040E00000600000006020000060400000606000006080000060A0000060C0000060E00000800000008020000080400000806000008080000080A0000080C0000080E00000A0000000A0200000A0400000A0600000A0800000A0A00000A0C00000A0E00000C0000000C0200000C0400000C0600000C0800000C0
310
A00000C0C00000C0E00000E0000000E0200000E0400000E0600000E0800000E0A00000E0C00000E0E00040000000400020004000400040006000400080004000A0004000C0004000E00040200000402020004020400040206000402080004020A0004020C0004020E000404000004040200040404000404060004040800040
310
40A0004040C0004040E00040600000406020004060400040606000406080004060A0004060C0004060E00040800000408020004080400040806000408080004080A0004080C0004080E00040A0000040A0200040A0400040A0600040A0800040A0A00040A0C00040A0E00040C0000040C0200040C0400040C0600040C08000
310
40C0A00040C0C00040C0E00040E0000040E0200040E0400040E0600040E0800040E0A00040E0C00040E0E00080000000800020008000400080006000800080008000A0008000C0008000E00080200000802020008020400080206000802080008020A0008020C0008020E00080400000804020008040400080406000804080
310
008040A0008040C0008040E00080600000806020008060400080606000806080008060A0008060C0008060E00080800000808020008080400080806000808080008080A0008080C0008080E00080A0000080A0200080A0400080A0600080A0800080A0A00080A0C00080A0E00080C0000080C0200080C0400080C0600080C0
310
800080C0A00080C0C00080C0E00080E0000080E0200080E0400080E0600080E0800080E0A00080E0C00080E0E000C0000000C0002000C0004000C0006000C0008000C000A000C000C000C000E000C0200000C0202000C0204000C0206000C0208000C020A000C020C000C020E000C0400000C0402000C0404000C0406000C0
310
408000C040A000C040C000C040E000C0600000C0602000C0604000C0606000C0608000C060A000C060C000C060E000C0800000C0802000C0804000C0806000C0808000C080A000C080C000C080E000C0A00000C0A02000C0A04000C0A06000C0A08000C0A0A000C0A0C000C0A0E000C0C00000C0C02000C0C04000C0C06000
310
C0C08000C0C0A000F0FBFF00A4A0A000808080000000FF0000FF000000FFFF00FF000000FF00FF00FFFF0000FFFFFF0000000000000000000000000000000000000000000000000000000000000000000000000000000000000000000000000000000000000000000000000000000000000000000000000000000000000000
310
000000000000000000000000000000000000000000000000000000000000000000000000000000000000000000000000000000000000000000000000000000000000000000000000000000000000000000000000000000000000FF000000000000000000000000FF000000000000000000000000000000000000FFFFFF0000
310
00FFFF000000FFFFFF000000000000000000000000000000000000FF0000FFFFFFFF00FFFFFF0000FF000000000000000000000000000000000000FF000000FFFF0000FFFF000000FF00000000000000000000FFFFFFFFFFFFFFFFFF000000FF00FFFF00FF000000FFFFFFFFFFFFFFFFFF00000000000000000000FF000000
310
FFFF0000FFFF000000FF000000000000000000000000000000000000FF0000FFFFFFFFFFFFFFFF0000FF000000000000000000000000000000000000FFFFFF00000000FF000000FFFFFF000000000000000000000000000000000000FF000000000000FF0000000000FF000000000000000000000000000000000000000000
310
00000000FF00000000000000000000000000000000000000000000000000000000000000FF00000000000000000000000000000000000000000000000000000000000000FF00000000000000000000000000000000000000000000000000000000000000FF0000000000000000000000000000000000000000000000000000
310
0000000000FF00000000000000000000000000000000000000000000000000FFFFFFFFFFFFFFFFFFFFFFFF0000000000000000000000000000000000000000FF000000FF0000FF000000FF0000000000000000000000000000000000000000FF000000FF0000FF000000FF0000000000000000000000000000000000000000
310
FF000000FFFFFFFF000000FF0000000000000000000000000000000000000000FFFFFFFFFFFFFFFFFFFFFFFF0000000000000000000000000000000000000000FF000000FF0000FF000000FF0000000000000000000000000000000000000000FF00000000000000000000FF00000000000000000000000000000000000000
310
00FFFFFFFFFFFFFFFFFFFFFFFF000000000000000000000000000000000000000000000000000000000000000000000000000000000000000000000000000000000000000000000000000000000000000000000000000000000000000000000000000000000000000000000000000000000000000000000000000000000000
310
0000000000000000000000000000000000000000000000000000000000000000000000000000000000000000000000000000000000000000
 70
     4
280
     1
281
     0
  0
BLOCK_RECORD
  5
1308B
330
1
100
AcDbSymbolTableRecord
100
AcDbBlockTableRecord
  2
PV-MH1
340
0
310
2800000020000000200000000100080000000000000400000000000000000000000000000000000000000000000080000080000000808000800000008000800080800000C0C0C000C0DCC000F0CAA6000020400000206000002080000020A0000020C0000020E00000400000004020000040400000406000004080000040A0
310
000040C0000040E00000600000006020000060400000606000006080000060A0000060C0000060E00000800000008020000080400000806000008080000080A0000080C0000080E00000A0000000A0200000A0400000A0600000A0800000A0A00000A0C00000A0E00000C0000000C0200000C0400000C0600000C0800000C0
310
A00000C0C00000C0E00000E0000000E0200000E0400000E0600000E0800000E0A00000E0C00000E0E00040000000400020004000400040006000400080004000A0004000C0004000E00040200000402020004020400040206000402080004020A0004020C0004020E000404000004040200040404000404060004040800040
310
40A0004040C0004040E00040600000406020004060400040606000406080004060A0004060C0004060E00040800000408020004080400040806000408080004080A0004080C0004080E00040A0000040A0200040A0400040A0600040A0800040A0A00040A0C00040A0E00040C0000040C0200040C0400040C0600040C08000
310
40C0A00040C0C00040C0E00040E0000040E0200040E0400040E0600040E0800040E0A00040E0C00040E0E00080000000800020008000400080006000800080008000A0008000C0008000E00080200000802020008020400080206000802080008020A0008020C0008020E00080400000804020008040400080406000804080
310
008040A0008040C0008040E00080600000806020008060400080606000806080008060A0008060C0008060E00080800000808020008080400080806000808080008080A0008080C0008080E00080A0000080A0200080A0400080A0600080A0800080A0A00080A0C00080A0E00080C0000080C0200080C0400080C0600080C0
310
800080C0A00080C0C00080C0E00080E0000080E0200080E0400080E0600080E0800080E0A00080E0C00080E0E000C0000000C0002000C0004000C0006000C0008000C000A000C000C000C000E000C0200000C0202000C0204000C0206000C0208000C020A000C020C000C020E000C0400000C0402000C0404000C0406000C0
310
408000C040A000C040C000C040E000C0600000C0602000C0604000C0606000C0608000C060A000C060C000C060E000C0800000C0802000C0804000C0806000C0808000C080A000C080C000C080E000C0A00000C0A02000C0A04000C0A06000C0A08000C0A0A000C0A0C000C0A0E000C0C00000C0C02000C0C04000C0C06000
310
C0C08000C0C0A000F0FBFF00A4A0A000808080000000FF0000FF000000FFFF00FF000000FF00FF00FFFF0000FFFFFF0000000000000000000000000000000000000000000000000000000000000000000000000000000000000000000000000000000000000000000000000000000000000000000000000000000000000000
310
00000000000000000000000000000000000000000000000000000000000000000000000000000000000000000000000000000000000000000000000000000000000000000000000000000000000000000000000000000000000000000000000000000000000000000000000000000000000000000000000000000000000000
310
00000000000000000000000000000000000000000000000000000000000000000000000000000000000000000000000000000000000000000000000000000000000000000000000000000000000000000000000000000000000000000000000000000000000000000000000000000000000000000000000000000000000000
310
00000000000000000000000000000000000000000000000000000000FF000000000000000000000000FF000000000000000000000000000000000000FFFFFF0000000000000000FFFFFF000000000000000000000000000000000000FF0000FF00FFFFFFFF00FF0000FF000000000000000000000000000000000000FF0000
310
00FFFF0000FFFF000000FF000000000000000000000000000000000000FF000000FF00FFFF00FF000000FF00000000000000000000FFFFFFFFFFFFFFFFFF000000FF00FFFF00FF000000FFFFFFFFFFFFFFFFFF00000000000000000000FF0000FFFFFF0000FFFFFF0000FF000000000000000000000000000000000000FF00
310
00FFFFFFFFFFFFFFFF0000FF000000000000000000000000000000000000FFFFFF0000000000000000FFFFFF000000000000000000000000000000000000FF000000000000000000000000FF000000000000000000000000000000000000000000000000000000000000000000000000000000000000000000000000000000
310
00000000000000000000000000000000000000000000000000000000000000000000000000000000000000000000000000000000000000000000000000000000000000000000000000000000000000000000000000000000000000000000000000000000000000000000000000000000000000000000000000000000000000
310
00000000000000000000000000000000000000000000000000000000000000000000000000000000000000000000000000000000000000000000000000000000000000000000000000000000000000000000000000000000000000000000000000000000000000000000000000000000000000000000000000000000000000
310
0000000000000000000000000000000000000000000000000000000000000000000000000000000000000000000000000000000000000000
 70
     4
280
     1
281
     0
  0
BLOCK_RECORD
  5
13093
330
1
100
AcDbSymbolTableRecord
100
AcDbBlockTableRecord
  2
PV-MH2
340
0
310
2800000020000000200000000100080000000000000400000000000000000000000000000000000000000000000080000080000000808000800000008000800080800000C0C0C000C0DCC000F0CAA6000020400000206000002080000020A0000020C0000020E00000400000004020000040400000406000004080000040A0
310
000040C0000040E00000600000006020000060400000606000006080000060A0000060C0000060E00000800000008020000080400000806000008080000080A0000080C0000080E00000A0000000A0200000A0400000A0600000A0800000A0A00000A0C00000A0E00000C0000000C0200000C0400000C0600000C0800000C0
310
A00000C0C00000C0E00000E0000000E0200000E0400000E0600000E0800000E0A00000E0C00000E0E00040000000400020004000400040006000400080004000A0004000C0004000E00040200000402020004020400040206000402080004020A0004020C0004020E000404000004040200040404000404060004040800040
310
40A0004040C0004040E00040600000406020004060400040606000406080004060A0004060C0004060E00040800000408020004080400040806000408080004080A0004080C0004080E00040A0000040A0200040A0400040A0600040A0800040A0A00040A0C00040A0E00040C0000040C0200040C0400040C0600040C08000
310
40C0A00040C0C00040C0E00040E0000040E0200040E0400040E0600040E0800040E0A00040E0C00040E0E00080000000800020008000400080006000800080008000A0008000C0008000E00080200000802020008020400080206000802080008020A0008020C0008020E00080400000804020008040400080406000804080
310
008040A0008040C0008040E00080600000806020008060400080606000806080008060A0008060C0008060E00080800000808020008080400080806000808080008080A0008080C0008080E00080A0000080A0200080A0400080A0600080A0800080A0A00080A0C00080A0E00080C0000080C0200080C0400080C0600080C0
310
800080C0A00080C0C00080C0E00080E0000080E0200080E0400080E0600080E0800080E0A00080E0C00080E0E000C0000000C0002000C0004000C0006000C0008000C000A000C000C000C000E000C0200000C0202000C0204000C0206000C0208000C020A000C020C000C020E000C0400000C0402000C0404000C0406000C0
310
408000C040A000C040C000C040E000C0600000C0602000C0604000C0606000C0608000C060A000C060C000C060E000C0800000C0802000C0804000C0806000C0808000C080A000C080C000C080E000C0A00000C0A02000C0A04000C0A06000C0A08000C0A0A000C0A0C000C0A0E000C0C00000C0C02000C0C04000C0C06000
310
C0C08000C0C0A000F0FBFF00A4A0A000808080000000FF0000FF000000FFFF00FF000000FF00FF00FFFF0000FFFFFF0000000000000000000000000000000000000000000000000000000000000000000000000000000000000000000000000000000000000000000000000000000000000000000000000000000000000000
310
00000000000000000000000000000000000000000000000000000000000000000000000000000000000000000000000000000000000000000000000000000000000000000000000000000000000000000000000000000000000000000000000000000000000000000000000000000000000000000000000000000000000000
310
00000000000000000000000000000000000000000000000000000000000000000000000000000000000000000000000000000000000000000000000000000000000000000000000000000000000000000000000000000000000000000000000000000000000000000000000000000000000000000000000000000000000000
310
00000000000000000000000000000000000000000000000000000000FF000000000000000000000000FF000000000000000000000000000000000000FFFFFF00000000FF000000FFFFFF000000000000000000000000000000000000FF0000FF0000FF00FF00FF0000FF000000000000000000000000000000000000FF0000
310
00FFFF0000FFFF000000FF000000000000000000000000000000000000FF000000FF00FFFF00FF000000FF00000000000000000000FFFFFFFFFFFFFFFFFF0000FF0000FFFF0000FF0000FFFFFFFFFFFFFFFFFF00000000000000000000FF000000FFFF0000FFFF000000FF000000000000000000000000000000000000FF00
310
00FF00FFFF00FF00FF0000FF000000000000000000000000000000000000FFFFFF00000000FF000000FFFFFF000000000000000000000000000000000000FF000000000000000000000000FF000000000000000000000000000000000000000000000000000000000000000000000000000000000000000000000000000000
310
00000000000000000000000000000000000000000000000000000000000000000000000000000000000000000000000000000000000000000000000000000000000000000000000000000000000000000000000000000000000000000000000000000000000000000000000000000000000000000000000000000000000000
310
00000000000000000000000000000000000000000000000000000000000000000000000000000000000000000000000000000000000000000000000000000000000000000000000000000000000000000000000000000000000000000000000000000000000000000000000000000000000000000000000000000000000000
310
0000000000000000000000000000000000000000000000000000000000000000000000000000000000000000000000000000000000000000
 70
     4
280
     1
281
     0
  0
BLOCK_RECORD
  5
1309B
330
1
100
AcDbSymbolTableRecord
100
AcDbBlockTableRecord
  2
PV-MH3
340
0
310
2800000020000000200000000100080000000000000400000000000000000000000000000000000000000000000080000080000000808000800000008000800080800000C0C0C000C0DCC000F0CAA6000020400000206000002080000020A0000020C0000020E00000400000004020000040400000406000004080000040A0
310
000040C0000040E00000600000006020000060400000606000006080000060A0000060C0000060E00000800000008020000080400000806000008080000080A0000080C0000080E00000A0000000A0200000A0400000A0600000A0800000A0A00000A0C00000A0E00000C0000000C0200000C0400000C0600000C0800000C0
310
A00000C0C00000C0E00000E0000000E0200000E0400000E0600000E0800000E0A00000E0C00000E0E00040000000400020004000400040006000400080004000A0004000C0004000E00040200000402020004020400040206000402080004020A0004020C0004020E000404000004040200040404000404060004040800040
310
40A0004040C0004040E00040600000406020004060400040606000406080004060A0004060C0004060E00040800000408020004080400040806000408080004080A0004080C0004080E00040A0000040A0200040A0400040A0600040A0800040A0A00040A0C00040A0E00040C0000040C0200040C0400040C0600040C08000
310
40C0A00040C0C00040C0E00040E0000040E0200040E0400040E0600040E0800040E0A00040E0C00040E0E00080000000800020008000400080006000800080008000A0008000C0008000E00080200000802020008020400080206000802080008020A0008020C0008020E00080400000804020008040400080406000804080
310
008040A0008040C0008040E00080600000806020008060400080606000806080008060A0008060C0008060E00080800000808020008080400080806000808080008080A0008080C0008080E00080A0000080A0200080A0400080A0600080A0800080A0A00080A0C00080A0E00080C0000080C0200080C0400080C0600080C0
310
800080C0A00080C0C00080C0E00080E0000080E0200080E0400080E0600080E0800080E0A00080E0C00080E0E000C0000000C0002000C0004000C0006000C0008000C000A000C000C000C000E000C0200000C0202000C0204000C0206000C0208000C020A000C020C000C020E000C0400000C0402000C0404000C0406000C0
310
408000C040A000C040C000C040E000C0600000C0602000C0604000C0606000C0608000C060A000C060C000C060E000C0800000C0802000C0804000C0806000C0808000C080A000C080C000C080E000C0A00000C0A02000C0A04000C0A06000C0A08000C0A0A000C0A0C000C0A0E000C0C00000C0C02000C0C04000C0C06000
310
C0C08000C0C0A000F0FBFF00A4A0A000808080000000FF0000FF000000FFFF00FF000000FF00FF00FFFF0000FFFFFF0000000000000000000000000000000000000000000000000000000000000000000000000000000000000000000000000000000000000000000000000000000000000000000000000000000000000000
310
000000000000000000000000000000000000000000000000000000000000000000000000000000000000000000000000000000000000000000000000000000000000000000000000000000000000000000000000000000000000FF000000000000000000000000FF000000000000000000000000000000000000FFFFFF0000
310
000000000000FFFFFF000000000000000000000000000000000000FF0000FFFFFFFFFFFFFFFF0000FF000000000000000000000000000000000000FF00000000FF0000FFFF000000FF00000000000000000000FFFFFFFFFFFFFFFFFF000000FF00FFFF00FF000000FFFFFFFFFFFFFFFFFF00000000000000000000FF000000
310
FFFF0000FF00FF0000FF000000000000000000000000000000000000FF0000FFFFFFFFFFFFFFFF0000FF000000000000000000000000000000000000FFFFFF00000000FF000000FFFFFF000000000000000000000000000000000000FF000000000000FF0000000000FF000000000000000000000000000000000000000000
310
00000000FF00000000000000000000000000000000000000000000000000000000000000FF00000000000000000000000000000000000000000000000000000000000000FF00000000000000000000000000000000000000000000000000000000000000FF0000000000000000000000000000000000000000000000000000
310
0000000000FF00000000000000000000000000000000000000000000000000FFFFFFFFFFFFFFFFFFFFFFFF0000000000000000000000000000000000000000FF000000FFFF00FF000000FF0000000000000000000000000000000000000000FF000000FFFFFFFF000000FF0000000000000000000000000000000000000000
310
FF000000FFFFFFFF000000FF0000000000000000000000000000000000000000FFFFFFFFFFFFFFFFFFFFFFFF0000000000000000000000000000000000000000FF000000FF0000FF000000FF0000000000000000000000000000000000000000FF00000000000000000000FF00000000000000000000000000000000000000
310
00FFFFFFFFFFFFFFFFFFFFFFFF000000000000000000000000000000000000000000000000000000000000000000000000000000000000000000000000000000000000000000000000000000000000000000000000000000000000000000000000000000000000000000000000000000000000000000000000000000000000
310
0000000000000000000000000000000000000000000000000000000000000000000000000000000000000000000000000000000000000000
 70
     4
280
     1
281
     0
  0
BLOCK_RECORD
  5
130AE
330
1
100
AcDbSymbolTableRecord
100
AcDbBlockTableRecord
  2
BTV-1
340
0
310
2800000020000000200000000100080000000000000400000000000000000000000000000000000000000000000080000080000000808000800000008000800080800000C0C0C000C0DCC000F0CAA6000020400000206000002080000020A0000020C0000020E00000400000004020000040400000406000004080000040A0
310
000040C0000040E00000600000006020000060400000606000006080000060A0000060C0000060E00000800000008020000080400000806000008080000080A0000080C0000080E00000A0000000A0200000A0400000A0600000A0800000A0A00000A0C00000A0E00000C0000000C0200000C0400000C0600000C0800000C0
310
A00000C0C00000C0E00000E0000000E0200000E0400000E0600000E0800000E0A00000E0C00000E0E00040000000400020004000400040006000400080004000A0004000C0004000E00040200000402020004020400040206000402080004020A0004020C0004020E000404000004040200040404000404060004040800040
310
40A0004040C0004040E00040600000406020004060400040606000406080004060A0004060C0004060E00040800000408020004080400040806000408080004080A0004080C0004080E00040A0000040A0200040A0400040A0600040A0800040A0A00040A0C00040A0E00040C0000040C0200040C0400040C0600040C08000
310
40C0A00040C0C00040C0E00040E0000040E0200040E0400040E0600040E0800040E0A00040E0C00040E0E00080000000800020008000400080006000800080008000A0008000C0008000E00080200000802020008020400080206000802080008020A0008020C0008020E00080400000804020008040400080406000804080
310
008040A0008040C0008040E00080600000806020008060400080606000806080008060A0008060C0008060E00080800000808020008080400080806000808080008080A0008080C0008080E00080A0000080A0200080A0400080A0600080A0800080A0A00080A0C00080A0E00080C0000080C0200080C0400080C0600080C0
310
800080C0A00080C0C00080C0E00080E0000080E0200080E0400080E0600080E0800080E0A00080E0C00080E0E000C0000000C0002000C0004000C0006000C0008000C000A000C000C000C000E000C0200000C0202000C0204000C0206000C0208000C020A000C020C000C020E000C0400000C0402000C0404000C0406000C0
310
408000C040A000C040C000C040E000C0600000C0602000C0604000C0606000C0608000C060A000C060C000C060E000C0800000C0802000C0804000C0806000C0808000C080A000C080C000C080E000C0A00000C0A02000C0A04000C0A06000C0A08000C0A0A000C0A0C000C0A0E000C0C00000C0C02000C0C04000C0C06000
310
C0C08000C0C0A000F0FBFF00A4A0A000808080000000FF0000FF000000FFFF00FF000000FF00FF00FFFF0000FFFFFF0000000000000000000000000000000000000000000000000000000000000000000000000000000000000000000000000000000000000000000000000000000000000000000000000000000000000000
310
00000000000000000000000000000000000000000000000000000000000000000000000000000000000000000000000000000000000000000000000000000000000000000000000000000000000000000000000000000000000000000000000000000000000000000000000000000000000000000000000000000000000000
310
00000000000000000000000000000000000000000000000000000000000000000000000000000000000000000000000000000000000000000000000000000000000000000000000000000000000000000000000000000000000000000000000000000000000000000000000000000000000000000000000000000000000000
310
00000000000000000000000000000000000000000000000000000000FF000000000000000000000000FF000000000000000000000000000000000000FFFFFF0000000000000000FFFFFF000000000000000000000000000000000000FF0000FF00FF00000000FF0000FF000000000000000000000000000000000000FF0000
310
00FFFFFF00FFFF000000FF000000000000000000000000000000000000FF0000000000FFFF0000000000FF00000000000000000000FFFFFFFFFFFFFFFFFF0000000000FFFF0000000000FFFFFFFFFFFFFFFFFF00000000000000000000FF000000FFFF00FFFFFF000000FF000000000000000000000000000000000000FF00
310
00FF00000000FF00FF0000FF000000000000000000000000000000000000FFFFFF0000000000000000FFFFFF000000000000000000000000000000000000FF000000000000000000000000FF000000000000000000000000000000000000000000000000000000000000000000000000000000000000000000000000000000
310
00000000000000000000000000000000000000000000000000000000000000000000000000000000000000000000000000000000000000000000000000000000000000000000000000000000000000000000000000000000000000000000000000000000000000000000000000000000000000000000000000000000000000
310
00000000000000000000000000000000000000000000000000000000000000000000000000000000000000000000000000000000000000000000000000000000000000000000000000000000000000000000000000000000000000000000000000000000000000000000000000000000000000000000000000000000000000
310
0000000000000000000000000000000000000000000000000000000000000000000000000000000000000000000000000000000000000000
 70
     4
280
     1
281
     0
  0
BLOCK_RECORD
  5
130B6
330
1
100
AcDbSymbolTableRecord
100
AcDbBlockTableRecord
  2
BTV-2
340
0
310
2800000020000000200000000100080000000000000400000000000000000000000000000000000000000000000080000080000000808000800000008000800080800000C0C0C000C0DCC000F0CAA6000020400000206000002080000020A0000020C0000020E00000400000004020000040400000406000004080000040A0
310
000040C0000040E00000600000006020000060400000606000006080000060A0000060C0000060E00000800000008020000080400000806000008080000080A0000080C0000080E00000A0000000A0200000A0400000A0600000A0800000A0A00000A0C00000A0E00000C0000000C0200000C0400000C0600000C0800000C0
310
A00000C0C00000C0E00000E0000000E0200000E0400000E0600000E0800000E0A00000E0C00000E0E00040000000400020004000400040006000400080004000A0004000C0004000E00040200000402020004020400040206000402080004020A0004020C0004020E000404000004040200040404000404060004040800040
310
40A0004040C0004040E00040600000406020004060400040606000406080004060A0004060C0004060E00040800000408020004080400040806000408080004080A0004080C0004080E00040A0000040A0200040A0400040A0600040A0800040A0A00040A0C00040A0E00040C0000040C0200040C0400040C0600040C08000
310
40C0A00040C0C00040C0E00040E0000040E0200040E0400040E0600040E0800040E0A00040E0C00040E0E00080000000800020008000400080006000800080008000A0008000C0008000E00080200000802020008020400080206000802080008020A0008020C0008020E00080400000804020008040400080406000804080
310
008040A0008040C0008040E00080600000806020008060400080606000806080008060A0008060C0008060E00080800000808020008080400080806000808080008080A0008080C0008080E00080A0000080A0200080A0400080A0600080A0800080A0A00080A0C00080A0E00080C0000080C0200080C0400080C0600080C0
310
800080C0A00080C0C00080C0E00080E0000080E0200080E0400080E0600080E0800080E0A00080E0C00080E0E000C0000000C0002000C0004000C0006000C0008000C000A000C000C000C000E000C0200000C0202000C0204000C0206000C0208000C020A000C020C000C020E000C0400000C0402000C0404000C0406000C0
310
408000C040A000C040C000C040E000C0600000C0602000C0604000C0606000C0608000C060A000C060C000C060E000C0800000C0802000C0804000C0806000C0808000C080A000C080C000C080E000C0A00000C0A02000C0A04000C0A06000C0A08000C0A0A000C0A0C000C0A0E000C0C00000C0C02000C0C04000C0C06000
310
C0C08000C0C0A000F0FBFF00A4A0A000808080000000FF0000FF000000FFFF00FF000000FF00FF00FFFF0000FFFFFF0000000000000000000000000000000000000000000000000000000000000000000000000000000000000000000000000000000000000000000000000000000000000000000000000000000000000000
310
00000000000000000000000000000000000000000000000000000000000000000000000000000000000000000000000000000000000000000000000000000000000000000000000000000000000000000000000000000000000000000000000000000000000000000000000000000000000000000000000000000000000000
310
00000000000000000000000000000000000000000000000000000000000000000000000000000000000000000000000000000000000000000000000000000000000000000000000000000000000000000000000000000000000000000000000000000000000000000000000000000000000000000000000000000000000000
310
00000000000000000000000000000000000000000000000000000000FF000000000000000000000000FF000000000000000000000000000000000000FF00000000000000000000FFFFFF000000000000000000000000000000000000FF000000000000000000FF0000FF000000000000000000000000000000000000FF0000
310
000000FFFFFFFF000000FF000000000000000000000000000000000000FF00000000FFFFFFFF00000000FF00000000000000000000FFFFFFFFFFFFFFFFFF00000000FFFFFFFF00000000FFFFFFFFFFFFFFFFFF00000000000000000000FF000000FFFFFFFF0000000000FF000000000000000000000000000000000000FF00
310
00FF000000000000000000FF000000000000000000000000000000000000FFFFFF00000000000000000000FF000000000000000000000000000000000000FF000000000000000000000000FF000000000000000000000000000000000000000000000000000000000000000000000000000000000000000000000000000000
310
00000000000000000000000000000000000000000000000000000000000000000000000000000000000000000000000000000000000000000000000000000000000000000000000000000000000000000000000000000000000000000000000000000000000000000000000000000000000000000000000000000000000000
310
00000000000000000000000000000000000000000000000000000000000000000000000000000000000000000000000000000000000000000000000000000000000000000000000000000000000000000000000000000000000000000000000000000000000000000000000000000000000000000000000000000000000000
310
0000000000000000000000000000000000000000000000000000000000000000000000000000000000000000000000000000000000000000
 70
     4
280
     1
281
     0
  0
BLOCK_RECORD
  5
130BF
102
{ACAD_XDICTIONARY
360
1352B
102
}
330
1
100
AcDbSymbolTableRecord
100
AcDbBlockTableRecord
  2
BTV-3
340
0
310
2800000020000000200000000100080000000000000400000000000000000000000000000000000000000000000080000080000000808000800000008000800080800000C0C0C000C0DCC000F0CAA6000020400000206000002080000020A0000020C0000020E00000400000004020000040400000406000004080000040A0
310
000040C0000040E00000600000006020000060400000606000006080000060A0000060C0000060E00000800000008020000080400000806000008080000080A0000080C0000080E00000A0000000A0200000A0400000A0600000A0800000A0A00000A0C00000A0E00000C0000000C0200000C0400000C0600000C0800000C0
310
A00000C0C00000C0E00000E0000000E0200000E0400000E0600000E0800000E0A00000E0C00000E0E00040000000400020004000400040006000400080004000A0004000C0004000E00040200000402020004020400040206000402080004020A0004020C0004020E000404000004040200040404000404060004040800040
310
40A0004040C0004040E00040600000406020004060400040606000406080004060A0004060C0004060E00040800000408020004080400040806000408080004080A0004080C0004080E00040A0000040A0200040A0400040A0600040A0800040A0A00040A0C00040A0E00040C0000040C0200040C0400040C0600040C08000
310
40C0A00040C0C00040C0E00040E0000040E0200040E0400040E0600040E0800040E0A00040E0C00040E0E00080000000800020008000400080006000800080008000A0008000C0008000E00080200000802020008020400080206000802080008020A0008020C0008020E00080400000804020008040400080406000804080
310
008040A0008040C0008040E00080600000806020008060400080606000806080008060A0008060C0008060E00080800000808020008080400080806000808080008080A0008080C0008080E00080A0000080A0200080A0400080A0600080A0800080A0A00080A0C00080A0E00080C0000080C0200080C0400080C0600080C0
310
800080C0A00080C0C00080C0E00080E0000080E0200080E0400080E0600080E0800080E0A00080E0C00080E0E000C0000000C0002000C0004000C0006000C0008000C000A000C000C000C000E000C0200000C0202000C0204000C0206000C0208000C020A000C020C000C020E000C0400000C0402000C0404000C0406000C0
310
408000C040A000C040C000C040E000C0600000C0602000C0604000C0606000C0608000C060A000C060C000C060E000C0800000C0802000C0804000C0806000C0808000C080A000C080C000C080E000C0A00000C0A02000C0A04000C0A06000C0A08000C0A0A000C0A0C000C0A0E000C0C00000C0C02000C0C04000C0C06000
310
C0C08000C0C0A000F0FBFF00A4A0A000808080000000FF0000FF000000FFFF00FF000000FF00FF00FFFF0000FFFFFF0000000000000000000000000000000000000000000000000000000000000000000000000000000000000000000000000000000000000000000000000000000000000000000000000000000000000000
310
0000000000000000000000000000000000000000000000000000000000000000000000000000000000000000000000000000000000000000000000000000000000000000000000000000000000000000000000000000000000000000000000000000000000000000000000000000000000000000000000000000FFFFFFFFFF
310
FFFFFFFFFFFFFFFFFF000000000000000000000000000000000000FF000000000000000000000000FF000000000000000000000000000000000000FF00FF00000000000000000000FF000000000000000000000000000000000000FF0000FFFF00FFFF0000000000FF000000000000000000000000000000000000FF000000
310
00FFFFFFFF00000000FF00000000000000000000FFFFFFFFFFFFFFFFFF00000000FFFFFFFF00000000FFFFFFFFFFFFFFFFFF00000000000000000000FF0000000000FFFFFF00000000FF000000000000000000000000000000000000FF000000000000FF00FFFF0000FF000000000000000000000000000000000000FF0000
310
00000000FF000000FF00FF000000000000000000000000000000000000FFFFFFFFFFFFFFFFFFFFFFFFFFFF00000000000000000000000000000000000000000000000000FF00000000000000000000000000000000000000000000000000000000000000FF0000000000000000000000000000000000000000000000000000
310
0000000000FF00000000000000000000000000000000000000000000000000000000000000FF00000000000000000000000000000000000000000000000000000000000000FF0000000000000000000000000000000000000000000000000000FFFFFFFFFFFFFFFFFFFF000000000000000000000000000000000000000000
310
0000FF000000000000FF000000000000000000000000000000000000000000000000FFFF00000000FFFF00000000000000000000000000000000000000000000000000FFFFFFFFFFFF0000000000000000000000000000000000000000000000000000000000FF000000000000000000000000000000000000000000000000
310
00000000000000000000000000000000000000000000000000000000000000000000000000000000000000000000000000000000000000000000000000000000000000000000000000000000000000000000000000000000000000000000000000000000000000000000000000000000000000000000000000000000000000
310
0000000000000000000000000000000000000000000000000000000000000000000000000000000000000000000000000000000000000000
 70
     4
280
     1
281
     0
1001
AcDbDynamicBlockGUID
1000
{071D1D4A-144A-3247-B323-6D57B4686843}
  0
BLOCK_RECORD
  5
130D2
330
1
100
AcDbSymbolTableRecord
100
AcDbBlockTableRecord
  2
PO-1
340
0
310
2800000020000000200000000100080000000000000400000000000000000000000000000000000000000000000080000080000000808000800000008000800080800000C0C0C000C0DCC000F0CAA6000020400000206000002080000020A0000020C0000020E00000400000004020000040400000406000004080000040A0
310
000040C0000040E00000600000006020000060400000606000006080000060A0000060C0000060E00000800000008020000080400000806000008080000080A0000080C0000080E00000A0000000A0200000A0400000A0600000A0800000A0A00000A0C00000A0E00000C0000000C0200000C0400000C0600000C0800000C0
310
A00000C0C00000C0E00000E0000000E0200000E0400000E0600000E0800000E0A00000E0C00000E0E00040000000400020004000400040006000400080004000A0004000C0004000E00040200000402020004020400040206000402080004020A0004020C0004020E000404000004040200040404000404060004040800040
310
40A0004040C0004040E00040600000406020004060400040606000406080004060A0004060C0004060E00040800000408020004080400040806000408080004080A0004080C0004080E00040A0000040A0200040A0400040A0600040A0800040A0A00040A0C00040A0E00040C0000040C0200040C0400040C0600040C08000
310
40C0A00040C0C00040C0E00040E0000040E0200040E0400040E0600040E0800040E0A00040E0C00040E0E00080000000800020008000400080006000800080008000A0008000C0008000E00080200000802020008020400080206000802080008020A0008020C0008020E00080400000804020008040400080406000804080
310
008040A0008040C0008040E00080600000806020008060400080606000806080008060A0008060C0008060E00080800000808020008080400080806000808080008080A0008080C0008080E00080A0000080A0200080A0400080A0600080A0800080A0A00080A0C00080A0E00080C0000080C0200080C0400080C0600080C0
310
800080C0A00080C0C00080C0E00080E0000080E0200080E0400080E0600080E0800080E0A00080E0C00080E0E000C0000000C0002000C0004000C0006000C0008000C000A000C000C000C000E000C0200000C0202000C0204000C0206000C0208000C020A000C020C000C020E000C0400000C0402000C0404000C0406000C0
310
408000C040A000C040C000C040E000C0600000C0602000C0604000C0606000C0608000C060A000C060C000C060E000C0800000C0802000C0804000C0806000C0808000C080A000C080C000C080E000C0A00000C0A02000C0A04000C0A06000C0A08000C0A0A000C0A0C000C0A0E000C0C00000C0C02000C0C04000C0C06000
310
C0C08000C0C0A000F0FBFF00A4A0A000808080000000FF0000FF000000FFFF00FF000000FF00FF00FFFF0000FFFFFF0000000000000000000000000000000000000000000000000000000000000000000000FF000000000000000000000000000000000000FF000000000000000000000000FFFFFF00000000000000000000
310
00000000FFFFFF000000000000000000000000FFFFFFFF000000000000000000000000FFFFFFFF000000000000000000000000FFFFFFFFFFFF000000000000000000FFFFFFFFFF000000000000000000000000FFFFFFFFFFFFFF000000000000FFFFFFFFFFFFFF000000000000000000000000FFFFFFFFFFFFFFFF00000000
310
FFFFFFFFFFFFFFFF000000000000000000000000FFFFFFFFFFFFFFFFFFFF00FFFFFFFFFFFFFFFFFF000000000000000000000000FFFFFFFFFFFFFFFFFFFFFFFFFFFFFFFFFFFFFFFF000000000000000000000000FFFFFFFFFFFFFFFFFFFFFFFFFFFFFFFFFFFFFFFF000000000000000000000000FFFFFFFFFFFFFFFF0000FF
310
00FFFFFFFFFFFFFFFF000000000000000000000000FFFFFFFFFFFFFF000000FF00FFFFFFFFFFFFFFFF000000000000000000000000FFFFFFFFFFFF00000000FF0000FF00FFFFFFFFFF000000000000000000000000FFFFFFFF000000000000FF000000FF00FFFFFFFF000000000000000000000000FFFFFF00000000000000
310
FF00000000FF00FFFFFF000000000000000000000000FF000000000000000000FF00000000FF000000FF00000000000000000000000000000000000000000000FF0000000000FF00000000000000000000000000000000000000000000000000FF000000000000FF0000000000000000000000000000000000000000000000
310
00FF00000000000000FF00000000000000000000000000000000FFFFFFFFFFFFFFFFFFFFFFFFFFFF00FF00000000000000000000000000000000FF000000000000000000000000FF0000FF000000000000000000000000000000FF000000000000000000000000FF000000FF0000000000000000000000000000FF00000000
310
0000000000000000FF00000000FF0000000000000000000000000000FF00000000000000000000FF000000000000FF0000000000000000000000000000FF0000000000000000FF00000000000000FF000000000000000000000000000000FFFF00000000FFFF000000000000000000FF000000000000000000000000000000
310
00FFFFFFFF000000000000000000000000FF0000000000000000000000000000000000FF0000000000000000000000000000FF00000000000000000000000000000000FF0000000000000000000000000000FF00000000000000000000000000000000FF000000000000000000000000000000FF0000000000000000000000
310
00000000FFFFFFFFFFFFFFFFFFFFFFFFFFFFFFFFFFFF00000000000000000000000000000000000000000000000000000000000000000000
 70
     4
280
     1
281
     0
  0
BLOCK_RECORD
  5
130E2
330
1
100
AcDbSymbolTableRecord
100
AcDbBlockTableRecord
  2
PO-2
340
0
310
2800000020000000200000000100080000000000000400000000000000000000000000000000000000000000000080000080000000808000800000008000800080800000C0C0C000C0DCC000F0CAA6000020400000206000002080000020A0000020C0000020E00000400000004020000040400000406000004080000040A0
310
000040C0000040E00000600000006020000060400000606000006080000060A0000060C0000060E00000800000008020000080400000806000008080000080A0000080C0000080E00000A0000000A0200000A0400000A0600000A0800000A0A00000A0C00000A0E00000C0000000C0200000C0400000C0600000C0800000C0
310
A00000C0C00000C0E00000E0000000E0200000E0400000E0600000E0800000E0A00000E0C00000E0E00040000000400020004000400040006000400080004000A0004000C0004000E00040200000402020004020400040206000402080004020A0004020C0004020E000404000004040200040404000404060004040800040
310
40A0004040C0004040E00040600000406020004060400040606000406080004060A0004060C0004060E00040800000408020004080400040806000408080004080A0004080C0004080E00040A0000040A0200040A0400040A0600040A0800040A0A00040A0C00040A0E00040C0000040C0200040C0400040C0600040C08000
310
40C0A00040C0C00040C0E00040E0000040E0200040E0400040E0600040E0800040E0A00040E0C00040E0E00080000000800020008000400080006000800080008000A0008000C0008000E00080200000802020008020400080206000802080008020A0008020C0008020E00080400000804020008040400080406000804080
310
008040A0008040C0008040E00080600000806020008060400080606000806080008060A0008060C0008060E00080800000808020008080400080806000808080008080A0008080C0008080E00080A0000080A0200080A0400080A0600080A0800080A0A00080A0C00080A0E00080C0000080C0200080C0400080C0600080C0
310
800080C0A00080C0C00080C0E00080E0000080E0200080E0400080E0600080E0800080E0A00080E0C00080E0E000C0000000C0002000C0004000C0006000C0008000C000A000C000C000C000E000C0200000C0202000C0204000C0206000C0208000C020A000C020C000C020E000C0400000C0402000C0404000C0406000C0
310
408000C040A000C040C000C040E000C0600000C0602000C0604000C0606000C0608000C060A000C060C000C060E000C0800000C0802000C0804000C0806000C0808000C080A000C080C000C080E000C0A00000C0A02000C0A04000C0A06000C0A08000C0A0A000C0A0C000C0A0E000C0C00000C0C02000C0C04000C0C06000
310
C0C08000C0C0A000F0FBFF00A4A0A000808080000000FF0000FF000000FFFF00FF000000FF00FF00FFFF0000FFFFFF00000000000000000000000000000000000000000000000000000000000000000000000000000000000000FF000000000000000000000000000000000000FF000000000000000000000000FFFFFF0000
310
000000000000000000000000FFFFFF000000000000000000000000FF0000FF000000000000000000000000FF0000FF000000000000000000000000FF000000FF00000000000000000000FF000000FF000000000000000000000000FF00000000FFFF000000000000FFFF00000000FF000000000000000000000000FF000000
310
000000FF00000000FF000000000000FF000000000000000000000000FF00000000000000FF0000FF00000000000000FF000000000000000000000000FF0000000000000000FFFF0000000000000000FF000000000000000000000000FF00000000000000FFFF00FF00000000000000FF000000000000000000000000FF0000
310
00000000FF00FF0000FF000000000000FF000000000000000000000000FF00000000FFFFFF00FF000000FFFF00000000FF000000000000000000000000FF000000FF00FF0000FF0000000000FF000000FF000000000000000000000000FF0000FF00FF000000FF000000000000FF0000FF000000000000000000000000FFFF
310
FF00FF00000000FF00000000000000FFFFFF000000000000000000000000FF000000FF00000000FF000000000000000000FF000000000000000000000000000000FF0000000000FF000000000000000000000000000000000000000000000000FF000000000000FF0000000000000000000000000000000000000000000000
310
FF00000000000000FF0000000000000000000000000000000000000000000000FF00FFFFFFFFFFFFFFFFFFFFFFFFFFFF000000000000000000000000000000FF0000FF000000000000000000000000FF0000000000000000000000000000FF000000FF000000000000000000000000FF00000000000000000000000000FF00
310
000000FF000000000000000000000000FF000000000000000000000000FF000000000000FF00000000000000000000FF00000000000000000000000000FF00000000000000FF0000000000000000FF00000000000000000000000000FF000000000000000000FFFF00000000FFFF00000000000000000000000000FF000000
310
000000000000000000FFFFFFFF0000000000000000000000000000FF0000000000000000000000000000FF00000000000000000000000000000000FF0000000000000000000000000000FF000000000000000000000000000000FF000000000000000000000000000000FF0000000000000000000000000000FFFFFFFFFFFF
310
FFFFFFFFFFFFFFFFFFFFFFFF0000000000000000000000000000000000000000000000000000000000000000000000000000000000000000
 70
     4
280
     1
281
     0
  0
BLOCK_RECORD
  5
130EA
330
1
100
AcDbSymbolTableRecord
100
AcDbBlockTableRecord
  2
SC
340
0
310
2800000020000000200000000100080000000000000400000000000000000000000000000000000000000000000080000080000000808000800000008000800080800000C0C0C000C0DCC000F0CAA6000020400000206000002080000020A0000020C0000020E00000400000004020000040400000406000004080000040A0
310
000040C0000040E00000600000006020000060400000606000006080000060A0000060C0000060E00000800000008020000080400000806000008080000080A0000080C0000080E00000A0000000A0200000A0400000A0600000A0800000A0A00000A0C00000A0E00000C0000000C0200000C0400000C0600000C0800000C0
310
A00000C0C00000C0E00000E0000000E0200000E0400000E0600000E0800000E0A00000E0C00000E0E00040000000400020004000400040006000400080004000A0004000C0004000E00040200000402020004020400040206000402080004020A0004020C0004020E000404000004040200040404000404060004040800040
310
40A0004040C0004040E00040600000406020004060400040606000406080004060A0004060C0004060E00040800000408020004080400040806000408080004080A0004080C0004080E00040A0000040A0200040A0400040A0600040A0800040A0A00040A0C00040A0E00040C0000040C0200040C0400040C0600040C08000
310
40C0A00040C0C00040C0E00040E0000040E0200040E0400040E0600040E0800040E0A00040E0C00040E0E00080000000800020008000400080006000800080008000A0008000C0008000E00080200000802020008020400080206000802080008020A0008020C0008020E00080400000804020008040400080406000804080
310
008040A0008040C0008040E00080600000806020008060400080606000806080008060A0008060C0008060E00080800000808020008080400080806000808080008080A0008080C0008080E00080A0000080A0200080A0400080A0600080A0800080A0A00080A0C00080A0E00080C0000080C0200080C0400080C0600080C0
310
800080C0A00080C0C00080C0E00080E0000080E0200080E0400080E0600080E0800080E0A00080E0C00080E0E000C0000000C0002000C0004000C0006000C0008000C000A000C000C000C000E000C0200000C0202000C0204000C0206000C0208000C020A000C020C000C020E000C0400000C0402000C0404000C0406000C0
310
408000C040A000C040C000C040E000C0600000C0602000C0604000C0606000C0608000C060A000C060C000C060E000C0800000C0802000C0804000C0806000C0808000C080A000C080C000C080E000C0A00000C0A02000C0A04000C0A06000C0A08000C0A0A000C0A0C000C0A0E000C0C00000C0C02000C0C04000C0C06000
310
C0C08000C0C0A000F0FBFF00A4A0A000808080000000FF0000FF000000FFFF00FF000000FF00FF00FFFF0000FFFFFF0000000000000000000000000000000000000000000000000000000000000000000000000000000000000000000000000000000000000000000000000000000000000000000000000000000000000000
310
00000000000000000000000000000000000000000000000000000000000000000000000000000000000000000000000000000000000000000000000000000000000000000000000000000000000000000000000000000000000000000000000000000000000000000000000000000000000000000000000000000000000000
310
000000000000000000000000000000000000000000000000000000FF000000000000000000000000FF000000000000000000000000000000000000FFFFFF0000000000000000FFFFFF000000000000000000000000000000000000FFFFFFFFFF0000000000FFFFFFFF000000000000000000000000000000000000FFFFFFFF
310
FFFFFF00FFFFFFFFFFFF00000000000000000000FFFFFFFFFFFFFFFFFFFFFFFFFFFFFFFFFFFFFFFFFFFFFFFFFFFFFFFFFFFF00000000000000000000FFFFFFFFFFFFFFFFFFFFFFFFFFFF000000000000000000000000000000000000FFFFFFFFFFFF00FFFFFFFFFFFFFF000000000000000000000000000000000000FFFFFF
310
FF000000FF0000FFFFFFFF000000000000000000000000000000000000FFFFFF00000000FF000000FFFFFF000000000000000000000000000000000000FF000000000000FF0000000000FF00000000000000000000000000000000000000000000000000FF0000000000000000000000000000000000000000000000000000
310
FFFFFFFFFFFFFFFFFFFF00000000000000000000000000000000000000000000FF0000FFFFFFFF0000FF00000000000000000000000000000000000000000000FF0000FF00FFFF0000FF00000000000000000000000000000000000000000000FFFFFFFFFFFFFFFFFFFF000000000000000000000000000000000000000000
310
00FF0000FF0000000000FF00000000000000000000000000000000000000000000FF0000FFFFFFFF0000FF00000000000000000000000000000000000000000000FFFFFFFFFFFFFFFFFFFF00000000000000000000000000000000000000000000000000000000000000000000000000000000000000000000000000000000
310
00000000000000000000000000000000000000000000000000000000000000000000000000000000000000000000000000000000000000000000000000000000000000000000000000000000000000000000000000000000000000000000000000000000000000000000000000000000000000000000000000000000000000
310
0000000000000000000000000000000000000000000000000000000000000000000000000000000000000000000000000000000000000000
 70
     4
280
     1
281
     0
  0
BLOCK_RECORD
  5
130F6
330
1
100
AcDbSymbolTableRecord
100
AcDbBlockTableRecord
  2
TW
340
0
310
2800000020000000200000000100080000000000000400000000000000000000000000000000000000000000000080000080000000808000800000008000800080800000C0C0C000C0DCC000F0CAA6000020400000206000002080000020A0000020C0000020E00000400000004020000040400000406000004080000040A0
310
000040C0000040E00000600000006020000060400000606000006080000060A0000060C0000060E00000800000008020000080400000806000008080000080A0000080C0000080E00000A0000000A0200000A0400000A0600000A0800000A0A00000A0C00000A0E00000C0000000C0200000C0400000C0600000C0800000C0
310
A00000C0C00000C0E00000E0000000E0200000E0400000E0600000E0800000E0A00000E0C00000E0E00040000000400020004000400040006000400080004000A0004000C0004000E00040200000402020004020400040206000402080004020A0004020C0004020E000404000004040200040404000404060004040800040
310
40A0004040C0004040E00040600000406020004060400040606000406080004060A0004060C0004060E00040800000408020004080400040806000408080004080A0004080C0004080E00040A0000040A0200040A0400040A0600040A0800040A0A00040A0C00040A0E00040C0000040C0200040C0400040C0600040C08000
310
40C0A00040C0C00040C0E00040E0000040E0200040E0400040E0600040E0800040E0A00040E0C00040E0E00080000000800020008000400080006000800080008000A0008000C0008000E00080200000802020008020400080206000802080008020A0008020C0008020E00080400000804020008040400080406000804080
310
008040A0008040C0008040E00080600000806020008060400080606000806080008060A0008060C0008060E00080800000808020008080400080806000808080008080A0008080C0008080E00080A0000080A0200080A0400080A0600080A0800080A0A00080A0C00080A0E00080C0000080C0200080C0400080C0600080C0
310
800080C0A00080C0C00080C0E00080E0000080E0200080E0400080E0600080E0800080E0A00080E0C00080E0E000C0000000C0002000C0004000C0006000C0008000C000A000C000C000C000E000C0200000C0202000C0204000C0206000C0208000C020A000C020C000C020E000C0400000C0402000C0404000C0406000C0
310
408000C040A000C040C000C040E000C0600000C0602000C0604000C0606000C0608000C060A000C060C000C060E000C0800000C0802000C0804000C0806000C0808000C080A000C080C000C080E000C0A00000C0A02000C0A04000C0A06000C0A08000C0A0A000C0A0C000C0A0E000C0C00000C0C02000C0C04000C0C06000
310
C0C08000C0C0A000F0FBFF00A4A0A000808080000000FF0000FF000000FFFF00FF000000FF00FF00FFFF0000FFFFFF0000000000000000000000000000000000000000000000000000000000000000000000000000000000000000000000000000000000000000000000000000000000000000000000000000000000000000
310
00000000000000000000000000000000000000000000000000000000000000000000000000000000000000000000000000000000000000000000000000000000000000000000000000000000000000000000000000000000000000000000000000000000000000000000000000000000000000000000000000000000000000
310
0000FF00000000000000000000000000000000000000000000000000000000000000FF00000000000000000000000000000000000000000000000000000000000000FF00000000000000000000000000000000000000000000000000000000000000FF00000000000000000000000000000000000000000000000000000000
310
000000FF00000000000000000000000000000000000000000000000000000000000000FF00000000000000000000000000000000000000000000000000000000000000FF00000000000000000000000000000000000000000000000000000000000000FF0000000000000000000000000000000000000000000000000000FF
310
FFFFFFFFFFFFFFFFFF0000000000000000000000000000000000000000000000FF000000000000FF000000000000000000000000000000000000000000FF000000FF0000000000FF0000FF000000000000000000000000000000000000FFFFFF00FF00000000FF00FFFFFF000000000000000000000000000000000000FF00
310
00FFFFFF0000FF00FF0000FF000000000000000000000000000000000000FF00000000FFFF00FFFF000000FF00000000000000000000FFFFFFFFFFFFFFFFFF000000000000FF0000000000FFFFFFFFFFFFFFFFFF00000000000000000000FF00000000FFFF00FF00000000FF000000000000000000000000000000000000FF
310
000000FF00000000FFFF0000FF000000000000000000000000000000000000FF0000FF00000000000000FF00FF000000000000000000000000000000000000FFFFFF000000000000000000FFFF000000000000000000000000000000000000FF000000000000000000000000FF000000000000000000000000000000000000
310
00000000000000000000000000000000000000000000000000000000000000000000000000000000000000000000000000000000000000000000000000000000000000000000000000000000000000000000000000000000000000000000000000000000000000000000000000000000000000000000000000000000000000
310
0000000000000000000000000000000000000000000000000000000000000000000000000000000000000000000000000000000000000000
 70
     4
280
     1
281
     0
  0
BLOCK_RECORD
  5
13100
330
1
100
AcDbSymbolTableRecord
100
AcDbBlockTableRecord
  2
DV-D1
340
0
310
2800000020000000200000000100080000000000000400000000000000000000000000000000000000000000000080000080000000808000800000008000800080800000C0C0C000C0DCC000F0CAA6000020400000206000002080000020A0000020C0000020E00000400000004020000040400000406000004080000040A0
310
000040C0000040E00000600000006020000060400000606000006080000060A0000060C0000060E00000800000008020000080400000806000008080000080A0000080C0000080E00000A0000000A0200000A0400000A0600000A0800000A0A00000A0C00000A0E00000C0000000C0200000C0400000C0600000C0800000C0
310
A00000C0C00000C0E00000E0000000E0200000E0400000E0600000E0800000E0A00000E0C00000E0E00040000000400020004000400040006000400080004000A0004000C0004000E00040200000402020004020400040206000402080004020A0004020C0004020E000404000004040200040404000404060004040800040
310
40A0004040C0004040E00040600000406020004060400040606000406080004060A0004060C0004060E00040800000408020004080400040806000408080004080A0004080C0004080E00040A0000040A0200040A0400040A0600040A0800040A0A00040A0C00040A0E00040C0000040C0200040C0400040C0600040C08000
310
40C0A00040C0C00040C0E00040E0000040E0200040E0400040E0600040E0800040E0A00040E0C00040E0E00080000000800020008000400080006000800080008000A0008000C0008000E00080200000802020008020400080206000802080008020A0008020C0008020E00080400000804020008040400080406000804080
310
008040A0008040C0008040E00080600000806020008060400080606000806080008060A0008060C0008060E00080800000808020008080400080806000808080008080A0008080C0008080E00080A0000080A0200080A0400080A0600080A0800080A0A00080A0C00080A0E00080C0000080C0200080C0400080C0600080C0
310
800080C0A00080C0C00080C0E00080E0000080E0200080E0400080E0600080E0800080E0A00080E0C00080E0E000C0000000C0002000C0004000C0006000C0008000C000A000C000C000C000E000C0200000C0202000C0204000C0206000C0208000C020A000C020C000C020E000C0400000C0402000C0404000C0406000C0
310
408000C040A000C040C000C040E000C0600000C0602000C0604000C0606000C0608000C060A000C060C000C060E000C0800000C0802000C0804000C0806000C0808000C080A000C080C000C080E000C0A00000C0A02000C0A04000C0A06000C0A08000C0A0A000C0A0C000C0A0E000C0C00000C0C02000C0C04000C0C06000
310
C0C08000C0C0A000F0FBFF00A4A0A000808080000000FF0000FF000000FFFF00FF000000FF00FF00FFFF0000FFFFFF0000000000000000000000000000000000000000000000000000000000000000000000000000000000000000000000000000000000000000000000000000000000000000000000000000000000000000
310
00000000000000000000000000000000000000000000000000000000000000000000000000000000000000000000000000000000000000000000000000000000000000000000000000000000000000000000000000000000000000000000000000000000000000000000000000000000000000000000000000000000000000
310
00000000000000000000000000000000000000000000000000000000000000000000000000000000000000000000000000000000000000000000000000000000000000000000000000000000000000000000000000000000000000000000000000000000000000000000000000000000000000000000000000000000000000
310
00000000000000000000000000000000000000000000000000000000FF000000000000000000000000FF000000000000000000000000000000000000FFFFFF0000000000000000FFFFFF000000000000000000000000000000000000FF0000FF000000000000FF0000FF000000000000000000000000000000000000FF0000
310
00FFFF0000FFFF000000FF000000000000000000000000000000000000FF0000000000FFFF0000000000FF00000000000000000000FFFFFFFFFFFFFFFFFF0000000000FFFF0000000000FFFFFFFFFFFFFFFFFF00000000000000000000FF000000FFFF0000FFFF000000FF000000000000000000000000000000000000FF00
310
00FFFF00000000FFFF0000FF000000000000000000000000000000000000FFFFFF0000FFFFFFFF0000FFFFFF000000000000000000000000000000000000FF000000000000000000000000FF000000000000000000000000000000000000000000000000000000000000000000000000000000000000000000000000000000
310
00000000000000000000000000000000000000000000000000000000000000000000000000000000000000000000000000000000000000000000000000000000000000000000000000000000000000000000000000000000000000000000000000000000000000000000000000000000000000000000000000000000000000
310
00000000000000000000000000000000000000000000000000000000000000000000000000000000000000000000000000000000000000000000000000000000000000000000000000000000000000000000000000000000000000000000000000000000000000000000000000000000000000000000000000000000000000
310
0000000000000000000000000000000000000000000000000000000000000000000000000000000000000000000000000000000000000000
 70
     4
280
     1
281
     0
  0
BLOCK_RECORD
  5
1310F
330
1
100
AcDbSymbolTableRecord
100
AcDbBlockTableRecord
  2
DV-D2
340
0
310
2800000020000000200000000100080000000000000400000000000000000000000000000000000000000000000080000080000000808000800000008000800080800000C0C0C000C0DCC000F0CAA6000020400000206000002080000020A0000020C0000020E00000400000004020000040400000406000004080000040A0
310
000040C0000040E00000600000006020000060400000606000006080000060A0000060C0000060E00000800000008020000080400000806000008080000080A0000080C0000080E00000A0000000A0200000A0400000A0600000A0800000A0A00000A0C00000A0E00000C0000000C0200000C0400000C0600000C0800000C0
310
A00000C0C00000C0E00000E0000000E0200000E0400000E0600000E0800000E0A00000E0C00000E0E00040000000400020004000400040006000400080004000A0004000C0004000E00040200000402020004020400040206000402080004020A0004020C0004020E000404000004040200040404000404060004040800040
310
40A0004040C0004040E00040600000406020004060400040606000406080004060A0004060C0004060E00040800000408020004080400040806000408080004080A0004080C0004080E00040A0000040A0200040A0400040A0600040A0800040A0A00040A0C00040A0E00040C0000040C0200040C0400040C0600040C08000
310
40C0A00040C0C00040C0E00040E0000040E0200040E0400040E0600040E0800040E0A00040E0C00040E0E00080000000800020008000400080006000800080008000A0008000C0008000E00080200000802020008020400080206000802080008020A0008020C0008020E00080400000804020008040400080406000804080
310
008040A0008040C0008040E00080600000806020008060400080606000806080008060A0008060C0008060E00080800000808020008080400080806000808080008080A0008080C0008080E00080A0000080A0200080A0400080A0600080A0800080A0A00080A0C00080A0E00080C0000080C0200080C0400080C0600080C0
310
800080C0A00080C0C00080C0E00080E0000080E0200080E0400080E0600080E0800080E0A00080E0C00080E0E000C0000000C0002000C0004000C0006000C0008000C000A000C000C000C000E000C0200000C0202000C0204000C0206000C0208000C020A000C020C000C020E000C0400000C0402000C0404000C0406000C0
310
408000C040A000C040C000C040E000C0600000C0602000C0604000C0606000C0608000C060A000C060C000C060E000C0800000C0802000C0804000C0806000C0808000C080A000C080C000C080E000C0A00000C0A02000C0A04000C0A06000C0A08000C0A0A000C0A0C000C0A0E000C0C00000C0C02000C0C04000C0C06000
310
C0C08000C0C0A000F0FBFF00A4A0A000808080000000FF0000FF000000FFFF00FF000000FF00FF00FFFF0000FFFFFF0000000000000000000000000000000000000000000000000000000000000000000000000000000000000000000000000000000000000000000000000000000000000000000000000000000000000000
310
00000000000000000000000000000000000000000000000000000000000000000000000000000000000000000000000000000000000000000000000000000000000000000000000000000000000000000000000000000000000000000000000000000000000000000000000000000000000000000000000000000000000000
310
0000000000000000000000000000000000000000000000000000000000000000000000000000000000000000000000000000000000000000000000000000000000000000000000000000000000000000000000FF00000000000000000000000000000000000000000000000000000000FF0000FFFFFF000000000000000000
310
000000000000000000000000000000FFFFFF0000FF0000FFFF000000000000000000000000000000000000000000FF0000FF0000FF00000000FF000000000000000000000000000000000000FFFF000000FF0000FF0000000000FFFF0000000000000000000000000000FFFF0000000000FF0000FF00000000000000FFFF00
310
00000000000000000000FF00000000000000FF0000FF000000000000000000FF0000000000000000FFFF0000000000000000FF0000FF00000000000000000000FFFF0000000000FF00000000000000000000FF0000FF000000000000000000000000FFFF00FFFF0000000000000000000000FF0000FF000000000000000000
310
0000000000FF00000000000000000000000000FF0000FF00000000000000000000000000000000000000000000000000000000FF0000FF00000000000000000000000000000000000000000000000000000000FF0000FF00000000000000000000000000000000000000000000000000000000FF0000FFFFFFFFFFFFFFFFFF
310
FFFFFFFFFFFFFFFFFFFFFFFFFFFFFFFFFFFFFFFFFF00000000000000000000000000000000000000000000000000000000000000000000000000000000000000000000000000000000000000000000000000000000000000000000000000000000000000000000000000000000000000000000000000000000000000000000
310
00000000000000000000000000000000000000000000000000000000000000000000000000000000000000000000000000000000000000000000000000000000000000000000000000000000000000000000000000000000000000000000000000000000000000000000000000000000000000000000000000000000000000
310
0000000000000000000000000000000000000000000000000000000000000000000000000000000000000000000000000000000000000000
 70
     4
280
     1
281
     0
  0
BLOCK_RECORD
  5
13114
330
1
100
AcDbSymbolTableRecord
100
AcDbBlockTableRecord
  2
DV-M
340
0
310
2800000020000000200000000100080000000000000400000000000000000000000000000000000000000000000080000080000000808000800000008000800080800000C0C0C000C0DCC000F0CAA6000020400000206000002080000020A0000020C0000020E00000400000004020000040400000406000004080000040A0
310
000040C0000040E00000600000006020000060400000606000006080000060A0000060C0000060E00000800000008020000080400000806000008080000080A0000080C0000080E00000A0000000A0200000A0400000A0600000A0800000A0A00000A0C00000A0E00000C0000000C0200000C0400000C0600000C0800000C0
310
A00000C0C00000C0E00000E0000000E0200000E0400000E0600000E0800000E0A00000E0C00000E0E00040000000400020004000400040006000400080004000A0004000C0004000E00040200000402020004020400040206000402080004020A0004020C0004020E000404000004040200040404000404060004040800040
310
40A0004040C0004040E00040600000406020004060400040606000406080004060A0004060C0004060E00040800000408020004080400040806000408080004080A0004080C0004080E00040A0000040A0200040A0400040A0600040A0800040A0A00040A0C00040A0E00040C0000040C0200040C0400040C0600040C08000
310
40C0A00040C0C00040C0E00040E0000040E0200040E0400040E0600040E0800040E0A00040E0C00040E0E00080000000800020008000400080006000800080008000A0008000C0008000E00080200000802020008020400080206000802080008020A0008020C0008020E00080400000804020008040400080406000804080
310
008040A0008040C0008040E00080600000806020008060400080606000806080008060A0008060C0008060E00080800000808020008080400080806000808080008080A0008080C0008080E00080A0000080A0200080A0400080A0600080A0800080A0A00080A0C00080A0E00080C0000080C0200080C0400080C0600080C0
310
800080C0A00080C0C00080C0E00080E0000080E0200080E0400080E0600080E0800080E0A00080E0C00080E0E000C0000000C0002000C0004000C0006000C0008000C000A000C000C000C000E000C0200000C0202000C0204000C0206000C0208000C020A000C020C000C020E000C0400000C0402000C0404000C0406000C0
310
408000C040A000C040C000C040E000C0600000C0602000C0604000C0606000C0608000C060A000C060C000C060E000C0800000C0802000C0804000C0806000C0808000C080A000C080C000C080E000C0A00000C0A02000C0A04000C0A06000C0A08000C0A0A000C0A0C000C0A0E000C0C00000C0C02000C0C04000C0C06000
310
C0C08000C0C0A000F0FBFF00A4A0A000808080000000FF0000FF000000FFFF00FF000000FF00FF00FFFF0000FFFFFF0000000000000000000000000000000000000000000000000000000000000000000000000000000000FF0000000000000000000000000000FF00000000000000000000000000000000FFFFFF00000000
310
000000000000FFFFFF00000000000000000000000000000000FF0000FF0000000000000000FF0000FF00000000000000000000000000000000FF000000FF000000000000FF000000FF00000000000000000000000000000000FF00000000FFFF0000FFFF00000000FF00000000000000000000000000000000FF0000000000
310
00FFFF000000000000FF00000000000000000000000000000000FF000000000000FFFF000000000000FF00000000000000000000000000000000FF00000000FFFF0000FFFF00000000FF00000000000000000000000000000000FF000000FF000000000000FF000000FF00000000000000000000000000000000FF0000FFFF
310
FF00000000FFFFFF0000FF00000000000000000000000000000000FFFFFF000000FFFFFFFF000000FFFFFF00000000000000000000000000000000FF00000000000000FF000000000000FF000000000000000000000000000000000000000000000000FF000000000000000000000000000000000000000000000000000000
310
00000000FF00000000000000000000000000000000000000000000000000000000000000FF00000000000000000000000000000000000000000000000000000000000000FF00000000000000000000000000000000000000000000000000000000000000FF0000000000000000000000000000000000000000000000000000
310
0000000000FF00000000000000000000000000000000000000000000000000000000000000FF00000000000000000000000000000000000000000000000000000000000000FF000000000000000000000000000000000000000000000000FFFFFFFFFFFFFFFFFFFFFFFFFFFF000000000000000000000000000000000000FF
310
00000000FF00FFFF00000000FF000000000000000000000000000000000000FF00000000FF00FFFF00000000FF000000000000000000000000000000000000FF00000000FFFFFFFF00000000FF000000000000000000000000000000000000FFFFFFFFFFFFFFFFFFFFFFFFFFFF000000000000000000000000000000000000
310
FF00000000FF0000FF00000000FF000000000000000000000000000000000000FF00000000FF0000FF00000000FF000000000000000000000000000000000000FF000000000000000000000000FF000000000000000000000000000000000000FF000000000000000000000000FF0000000000000000000000000000000000
310
00FFFFFFFFFFFFFFFFFFFFFFFFFFFF0000000000000000000000000000000000000000000000000000000000000000000000000000000000
 70
     4
280
     1
281
     0
  0
BLOCK_RECORD
  5
1311E
330
1
100
AcDbSymbolTableRecord
100
AcDbBlockTableRecord
  2
CV-1
340
0
310
2800000020000000200000000100080000000000000400000000000000000000000000000000000000000000000080000080000000808000800000008000800080800000C0C0C000C0DCC000F0CAA6000020400000206000002080000020A0000020C0000020E00000400000004020000040400000406000004080000040A0
310
000040C0000040E00000600000006020000060400000606000006080000060A0000060C0000060E00000800000008020000080400000806000008080000080A0000080C0000080E00000A0000000A0200000A0400000A0600000A0800000A0A00000A0C00000A0E00000C0000000C0200000C0400000C0600000C0800000C0
310
A00000C0C00000C0E00000E0000000E0200000E0400000E0600000E0800000E0A00000E0C00000E0E00040000000400020004000400040006000400080004000A0004000C0004000E00040200000402020004020400040206000402080004020A0004020C0004020E000404000004040200040404000404060004040800040
310
40A0004040C0004040E00040600000406020004060400040606000406080004060A0004060C0004060E00040800000408020004080400040806000408080004080A0004080C0004080E00040A0000040A0200040A0400040A0600040A0800040A0A00040A0C00040A0E00040C0000040C0200040C0400040C0600040C08000
310
40C0A00040C0C00040C0E00040E0000040E0200040E0400040E0600040E0800040E0A00040E0C00040E0E00080000000800020008000400080006000800080008000A0008000C0008000E00080200000802020008020400080206000802080008020A0008020C0008020E00080400000804020008040400080406000804080
310
008040A0008040C0008040E00080600000806020008060400080606000806080008060A0008060C0008060E00080800000808020008080400080806000808080008080A0008080C0008080E00080A0000080A0200080A0400080A0600080A0800080A0A00080A0C00080A0E00080C0000080C0200080C0400080C0600080C0
310
800080C0A00080C0C00080C0E00080E0000080E0200080E0400080E0600080E0800080E0A00080E0C00080E0E000C0000000C0002000C0004000C0006000C0008000C000A000C000C000C000E000C0200000C0202000C0204000C0206000C0208000C020A000C020C000C020E000C0400000C0402000C0404000C0406000C0
310
408000C040A000C040C000C040E000C0600000C0602000C0604000C0606000C0608000C060A000C060C000C060E000C0800000C0802000C0804000C0806000C0808000C080A000C080C000C080E000C0A00000C0A02000C0A04000C0A06000C0A08000C0A0A000C0A0C000C0A0E000C0C00000C0C02000C0C04000C0C06000
310
C0C08000C0C0A000F0FBFF00A4A0A000808080000000FF0000FF000000FFFF00FF000000FF00FF00FFFF0000FFFFFF0000000000000000000000000000000000000000000000000000000000000000000000000000000000000000000000000000000000000000000000000000000000000000000000000000000000000000
310
00000000000000000000000000000000000000000000000000000000000000000000000000000000000000000000000000000000000000000000000000000000000000000000000000000000000000000000000000000000000000000000000000000000000000000000000000000000000000000000000000000000000000
310
00000000000000000000000000000000000000000000000000000000000000000000000000000000000000000000000000000000000000000000000000000000000000000000000000000000000000000000000000000000000000000000000000000000000000000000000000000000000000000000000000000000000000
310
00000000000000000000000000000000000000000000000000000000FF00000000000000000000FFFFFF000000000000000000000000000000000000FF000000000000FFFFFFFFFFFFFF000000000000000000000000000000000000FF0000000000000000FFFFFFFFFF000000000000000000000000000000000000FF0000
310
0000000000FFFFFFFF00FF00000000000000000000FFFFFFFFFFFFFFFFFF0000000000FFFF0000FF0000FFFFFFFFFFFFFFFFFF00000000000000000000FF00000000FF00000000000000FF000000000000000000000000000000000000FF0000FFFF0000000000000000FF0000000000000000000000000000000000FFFFFF
310
FF00000000000000000000FF0000000000000000000000000000000000FFFFFF0000000000000000000000FF0000000000000000000000000000000000FFFFFF000000000000000000000000000000000000000000000000000000000000000000000000000000000000000000000000000000000000000000000000000000
310
00000000000000000000000000000000000000000000000000000000000000000000000000000000000000000000000000000000000000000000000000000000000000000000000000000000000000000000000000000000000000000000000000000000000000000000000000000000000000000000000000000000000000
310
00000000000000000000000000000000000000000000000000000000000000000000000000000000000000000000000000000000000000000000000000000000000000000000000000000000000000000000000000000000000000000000000000000000000000000000000000000000000000000000000000000000000000
310
0000000000000000000000000000000000000000000000000000000000000000000000000000000000000000000000000000000000000000
102
{BLKREFS
331
13596
331
13F57
331
13FAA
331
13FB4
331
13FEF
331
14395
331
143BC
331
1440C
102
}
 70
     4
280
     1
281
     0
  0
BLOCK_RECORD
  5
13131
102
{ACAD_XDICTIONARY
360
13340
102
}
330
1
100
AcDbSymbolTableRecord
100
AcDbBlockTableRecord
  2
CV-2
340
0
310
2800000020000000200000000100080000000000000400000000000000000000000000000000000000000000000080000080000000808000800000008000800080800000C0C0C000C0DCC000F0CAA6000020400000206000002080000020A0000020C0000020E00000400000004020000040400000406000004080000040A0
310
000040C0000040E00000600000006020000060400000606000006080000060A0000060C0000060E00000800000008020000080400000806000008080000080A0000080C0000080E00000A0000000A0200000A0400000A0600000A0800000A0A00000A0C00000A0E00000C0000000C0200000C0400000C0600000C0800000C0
310
A00000C0C00000C0E00000E0000000E0200000E0400000E0600000E0800000E0A00000E0C00000E0E00040000000400020004000400040006000400080004000A0004000C0004000E00040200000402020004020400040206000402080004020A0004020C0004020E000404000004040200040404000404060004040800040
310
40A0004040C0004040E00040600000406020004060400040606000406080004060A0004060C0004060E00040800000408020004080400040806000408080004080A0004080C0004080E00040A0000040A0200040A0400040A0600040A0800040A0A00040A0C00040A0E00040C0000040C0200040C0400040C0600040C08000
310
40C0A00040C0C00040C0E00040E0000040E0200040E0400040E0600040E0800040E0A00040E0C00040E0E00080000000800020008000400080006000800080008000A0008000C0008000E00080200000802020008020400080206000802080008020A0008020C0008020E00080400000804020008040400080406000804080
310
008040A0008040C0008040E00080600000806020008060400080606000806080008060A0008060C0008060E00080800000808020008080400080806000808080008080A0008080C0008080E00080A0000080A0200080A0400080A0600080A0800080A0A00080A0C00080A0E00080C0000080C0200080C0400080C0600080C0
310
800080C0A00080C0C00080C0E00080E0000080E0200080E0400080E0600080E0800080E0A00080E0C00080E0E000C0000000C0002000C0004000C0006000C0008000C000A000C000C000C000E000C0200000C0202000C0204000C0206000C0208000C020A000C020C000C020E000C0400000C0402000C0404000C0406000C0
310
408000C040A000C040C000C040E000C0600000C0602000C0604000C0606000C0608000C060A000C060C000C060E000C0800000C0802000C0804000C0806000C0808000C080A000C080C000C080E000C0A00000C0A02000C0A04000C0A06000C0A08000C0A0A000C0A0C000C0A0E000C0C00000C0C02000C0C04000C0C06000
310
C0C08000C0C0A000F0FBFF00A4A0A000808080000000FF0000FF000000FFFF00FF000000FF00FF00FFFF0000FFFFFF0000000000000000000000000000000000000000000000000000000000000000000000000000000000000000000000000000000000000000000000000000000000000000000000000000000000000000
310
00000000000000000000000000000000000000000000000000000000000000000000000000000000000000000000000000000000000000000000000000000000000000000000000000000000000000000000000000000000000000000000000000000000000000000000000000000000000000000000000000000000000000
310
00000000000000000000000000000000000000000000000000000000000000000000000000000000000000000000000000000000000000000000000000000000000000000000000000000000000000000000000000000000000000000000000000000000000000000000000000000000000000000000000000000000000000
310
00000000000000000000000000000000000000000000000000000000FFFFFF00000000000000000000FF000000000000000000000000000000000000FFFFFFFFFFFFFF000000000000FF000000000000000000000000000000000000FF00FFFFFF0000000000000000FF000000000000000000000000000000000000FF00FF
310
FFFFFF00000000000000FF00000000000000000000FFFFFFFFFFFFFFFFFF0000FF0000FFFF0000000000FFFFFFFFFFFFFFFFFF00000000000000000000FF00000000000000FF00000000FF000000000000000000000000000000000000FF0000000000000000FFFF0000FF000000000000000000000000000000000000FF00
310
000000000000000000FFFFFFFF0000000000000000000000000000000000FF0000000000000000000000FFFFFF0000000000000000000000000000000000000000000000000000000000FFFFFF0000000000000000000000000000000000000000000000000000000000000000000000000000000000000000000000000000
310
00000000000000000000000000000000000000000000000000000000000000000000000000000000000000000000000000000000000000000000000000000000000000000000000000000000000000000000000000000000000000000000000000000000000000000000000000000000000000000000000000000000000000
310
00000000000000000000000000000000000000000000000000000000000000000000000000000000000000000000000000000000000000000000000000000000000000000000000000000000000000000000000000000000000000000000000000000000000000000000000000000000000000000000000000000000000000
310
0000000000000000000000000000000000000000000000000000000000000000000000000000000000000000000000000000000000000000
 70
     4
280
     1
281
     0
1001
AcDbDynamicBlockGUID
1000
{B32A36D6-07AF-46B2-BCDA-D906D9BC599A}
  0
BLOCK_RECORD
  5
1313D
102
{ACAD_XDICTIONARY
360
13351
102
}
330
1
100
AcDbSymbolTableRecord
100
AcDbBlockTableRecord
  2
STC
340
0
310
2800000020000000200000000100080000000000000400000000000000000000000000000000000000000000000080000080000000808000800000008000800080800000C0C0C000C0DCC000F0CAA6000020400000206000002080000020A0000020C0000020E00000400000004020000040400000406000004080000040A0
310
000040C0000040E00000600000006020000060400000606000006080000060A0000060C0000060E00000800000008020000080400000806000008080000080A0000080C0000080E00000A0000000A0200000A0400000A0600000A0800000A0A00000A0C00000A0E00000C0000000C0200000C0400000C0600000C0800000C0
310
A00000C0C00000C0E00000E0000000E0200000E0400000E0600000E0800000E0A00000E0C00000E0E00040000000400020004000400040006000400080004000A0004000C0004000E00040200000402020004020400040206000402080004020A0004020C0004020E000404000004040200040404000404060004040800040
310
40A0004040C0004040E00040600000406020004060400040606000406080004060A0004060C0004060E00040800000408020004080400040806000408080004080A0004080C0004080E00040A0000040A0200040A0400040A0600040A0800040A0A00040A0C00040A0E00040C0000040C0200040C0400040C0600040C08000
310
40C0A00040C0C00040C0E00040E0000040E0200040E0400040E0600040E0800040E0A00040E0C00040E0E00080000000800020008000400080006000800080008000A0008000C0008000E00080200000802020008020400080206000802080008020A0008020C0008020E00080400000804020008040400080406000804080
310
008040A0008040C0008040E00080600000806020008060400080606000806080008060A0008060C0008060E00080800000808020008080400080806000808080008080A0008080C0008080E00080A0000080A0200080A0400080A0600080A0800080A0A00080A0C00080A0E00080C0000080C0200080C0400080C0600080C0
310
800080C0A00080C0C00080C0E00080E0000080E0200080E0400080E0600080E0800080E0A00080E0C00080E0E000C0000000C0002000C0004000C0006000C0008000C000A000C000C000C000E000C0200000C0202000C0204000C0206000C0208000C020A000C020C000C020E000C0400000C0402000C0404000C0406000C0
310
408000C040A000C040C000C040E000C0600000C0602000C0604000C0606000C0608000C060A000C060C000C060E000C0800000C0802000C0804000C0806000C0808000C080A000C080C000C080E000C0A00000C0A02000C0A04000C0A06000C0A08000C0A0A000C0A0C000C0A0E000C0C00000C0C02000C0C04000C0C06000
310
C0C08000C0C0A000F0FBFF00A4A0A000808080000000FF0000FF000000FFFF00FF000000FF00FF00FFFF0000FFFFFF0000000000000000000000000000000000000000000000000000000000000000000000000000000000000000000000000000000000000000000000000000000000000000000000000000000000000000
310
00000000000000000000000000000000000000000000000000000000000000000000000000000000000000000000000000000000000000000000000000000000000000000000000000000000000000000000000000000000000000000000000000000000000000000000000000000000000000000000000000000000000000
310
000000000000000000000000000000000000000000000000000000000000000000000000000000000000000000000000000000000000000000000000000000000000000000000000000000000000000000000000000000000000000000000000000000000000000000000000000000000000000000000000000000FFFFFF00
310
000000000000000000FF000000000000000000000000000000000000FFFFFFFFFFFFFF000000000000FF000000000000000000000000000000000000FFFFFFFFFF0000000000000000FF000000000000000000000000000000000000FF00FFFFFFFF00000000000000FF00000000000000000000FFFFFFFFFFFFFFFFFF00FF
310
FF0000FFFF0000000000FFFFFFFFFFFFFFFFFF00000000000000000000FF0000FF000000FFFF00000000FF000000000000000000000000000000000000FF000000000000FF00FFFF0000FF000000000000000000000000000000000000FF000000000000FF000000FFFFFFFF0000000000000000000000000000000000FF00
310
0000000000FF00000000FFFFFF000000000000000000000000000000000000000000000000FF00000000FFFFFF000000000000000000000000000000000000000000000000FF00000000FFFF000000000000000000000000000000000000000000FFFFFFFFFFFFFFFF00000000000000000000000000000000000000000000
310
00000000000000000000000000000000000000000000000000000000000000000000000000000000000000000000000000000000000000000000000000000000000000000000000000000000000000000000000000000000000000000000000000000000000000000000000000000000000000000000000000000000000000
310
00000000000000000000000000000000000000000000000000000000000000000000000000000000000000000000000000000000000000000000000000000000000000000000000000000000000000000000000000000000000000000000000000000000000000000000000000000000000000000000000000000000000000
310
0000000000000000000000000000000000000000000000000000000000000000000000000000000000000000000000000000000000000000
 70
     4
280
     1
281
     0
1001
AcDbDynamicBlockGUID
1000
{D263C5E5-7EE9-45C1-A4C9-4B782882402C}
  0
BLOCK_RECORD
  5
1314B
330
1
100
AcDbSymbolTableRecord
100
AcDbBlockTableRecord
  2
SG-1
340
0
310
2800000020000000200000000100080000000000000400000000000000000000000000000000000000000000000080000080000000808000800000008000800080800000C0C0C000C0DCC000F0CAA6000020400000206000002080000020A0000020C0000020E00000400000004020000040400000406000004080000040A0
310
000040C0000040E00000600000006020000060400000606000006080000060A0000060C0000060E00000800000008020000080400000806000008080000080A0000080C0000080E00000A0000000A0200000A0400000A0600000A0800000A0A00000A0C00000A0E00000C0000000C0200000C0400000C0600000C0800000C0
310
A00000C0C00000C0E00000E0000000E0200000E0400000E0600000E0800000E0A00000E0C00000E0E00040000000400020004000400040006000400080004000A0004000C0004000E00040200000402020004020400040206000402080004020A0004020C0004020E000404000004040200040404000404060004040800040
310
40A0004040C0004040E00040600000406020004060400040606000406080004060A0004060C0004060E00040800000408020004080400040806000408080004080A0004080C0004080E00040A0000040A0200040A0400040A0600040A0800040A0A00040A0C00040A0E00040C0000040C0200040C0400040C0600040C08000
310
40C0A00040C0C00040C0E00040E0000040E0200040E0400040E0600040E0800040E0A00040E0C00040E0E00080000000800020008000400080006000800080008000A0008000C0008000E00080200000802020008020400080206000802080008020A0008020C0008020E00080400000804020008040400080406000804080
310
008040A0008040C0008040E00080600000806020008060400080606000806080008060A0008060C0008060E00080800000808020008080400080806000808080008080A0008080C0008080E00080A0000080A0200080A0400080A0600080A0800080A0A00080A0C00080A0E00080C0000080C0200080C0400080C0600080C0
310
800080C0A00080C0C00080C0E00080E0000080E0200080E0400080E0600080E0800080E0A00080E0C00080E0E000C0000000C0002000C0004000C0006000C0008000C000A000C000C000C000E000C0200000C0202000C0204000C0206000C0208000C020A000C020C000C020E000C0400000C0402000C0404000C0406000C0
310
408000C040A000C040C000C040E000C0600000C0602000C0604000C0606000C0608000C060A000C060C000C060E000C0800000C0802000C0804000C0806000C0808000C080A000C080C000C080E000C0A00000C0A02000C0A04000C0A06000C0A08000C0A0A000C0A0C000C0A0E000C0C00000C0C02000C0C04000C0C06000
310
C0C08000C0C0A000F0FBFF00A4A0A000808080000000FF0000FF000000FFFF00FF000000FF00FF00FFFF0000FFFFFF00000000000000000000000000000000000000000000000000000000000000000000000000000000000000FF00000000000000000000000000000000000000000000000000000000000000FF00000000
310
000000000000000000000000000000000000000000000000000000FF00000000000000000000000000000000000000000000000000000000000000FF00000000000000000000000000000000000000000000000000000000000000FF00000000000000000000000000000000000000000000000000000000000000FF000000
310
00000000000000000000000000000000000000000000000000000000FF00000000000000000000000000000000000000000000000000000000000000FF00000000000000000000000000000000000000000000000000000000000000FF000000000000000000000000000000000000000000000000000000FFFFFFFFFFFFFF
310
FFFFFF0000000000000000000000000000000000000000000000FF000000000000FF000000000000000000000000000000000000000000000000FF0000000000FF000000FF00000000000000000000000000000000000000000000FF00000000FF00FFFFFF0000000000000000000000000000000000000000000000FF0000
310
FFFFFF0000FF0000000000000000000000000000000000000000000000FF00FFFF00000000FF000000000000000000000000000000000000000000000000FF000000000000FFFFFFFFFFFFFFFFFF00000000000000000000000000000000FFFFFF00000000FF000000000000000000000000000000000000000000000000FF
310
0000FF000000FF000000000000000000000000000000000000000000000000FF000000FF0000FF000000000000000000000000000000000000000000FF0000FF00000000FFFFFF00000000000000000000000000000000000000000000FF00FF000000000000FF000000000000000000000000000000000000000000FF00FF
310
FF0000000000000000000000000000000000000000000000000000000000FFFFFFFF000000000000000000000000000000000000000000000000000000FF0000FF00FF000000000000000000000000000000000000000000000000000000FFFFFFFFFFFF000000000000000000000000000000000000000000000000000000
310
00FF0000FF00000000000000000000000000000000000000000000000000000000FFFFFF0000000000000000000000000000000000000000000000000000000000FF0000FF00000000000000000000000000000000000000000000000000000000FF0000000000000000000000000000000000000000000000000000000000
310
0000FF0000000000000000000000000000000000000000000000000000000000000000000000000000000000000000000000000000000000
 70
     4
280
     1
281
     0
  0
BLOCK_RECORD
  5
1315E
330
1
100
AcDbSymbolTableRecord
100
AcDbBlockTableRecord
  2
SG-2
340
0
310
2800000020000000200000000100080000000000000400000000000000000000000000000000000000000000000080000080000000808000800000008000800080800000C0C0C000C0DCC000F0CAA6000020400000206000002080000020A0000020C0000020E00000400000004020000040400000406000004080000040A0
310
000040C0000040E00000600000006020000060400000606000006080000060A0000060C0000060E00000800000008020000080400000806000008080000080A0000080C0000080E00000A0000000A0200000A0400000A0600000A0800000A0A00000A0C00000A0E00000C0000000C0200000C0400000C0600000C0800000C0
310
A00000C0C00000C0E00000E0000000E0200000E0400000E0600000E0800000E0A00000E0C00000E0E00040000000400020004000400040006000400080004000A0004000C0004000E00040200000402020004020400040206000402080004020A0004020C0004020E000404000004040200040404000404060004040800040
310
40A0004040C0004040E00040600000406020004060400040606000406080004060A0004060C0004060E00040800000408020004080400040806000408080004080A0004080C0004080E00040A0000040A0200040A0400040A0600040A0800040A0A00040A0C00040A0E00040C0000040C0200040C0400040C0600040C08000
310
40C0A00040C0C00040C0E00040E0000040E0200040E0400040E0600040E0800040E0A00040E0C00040E0E00080000000800020008000400080006000800080008000A0008000C0008000E00080200000802020008020400080206000802080008020A0008020C0008020E00080400000804020008040400080406000804080
310
008040A0008040C0008040E00080600000806020008060400080606000806080008060A0008060C0008060E00080800000808020008080400080806000808080008080A0008080C0008080E00080A0000080A0200080A0400080A0600080A0800080A0A00080A0C00080A0E00080C0000080C0200080C0400080C0600080C0
310
800080C0A00080C0C00080C0E00080E0000080E0200080E0400080E0600080E0800080E0A00080E0C00080E0E000C0000000C0002000C0004000C0006000C0008000C000A000C000C000C000E000C0200000C0202000C0204000C0206000C0208000C020A000C020C000C020E000C0400000C0402000C0404000C0406000C0
310
408000C040A000C040C000C040E000C0600000C0602000C0604000C0606000C0608000C060A000C060C000C060E000C0800000C0802000C0804000C0806000C0808000C080A000C080C000C080E000C0A00000C0A02000C0A04000C0A06000C0A08000C0A0A000C0A0C000C0A0E000C0C00000C0C02000C0C04000C0C06000
310
C0C08000C0C0A000F0FBFF00A4A0A000808080000000FF0000FF000000FFFF00FF000000FF00FF00FFFF0000FFFFFF000000000000000000000000000000000000000000000000000000000000000000000000000000000000000000000000000000000000FF00000000000000000000000000000000000000000000000000
310
000000000000FF00000000000000000000000000000000000000000000000000000000000000FF00000000000000000000000000000000000000000000000000000000000000FF00000000000000000000000000000000000000000000000000000000000000FF000000000000000000000000000000000000000000000000
310
00000000000000FF00000000000000000000000000000000000000000000000000000000000000FF00000000000000000000000000000000000000000000000000000000000000FF00000000000000000000000000000000000000000000000000000000000000FF0000000000000000000000000000000000000000000000
310
000000FFFFFFFFFFFFFFFFFFFF0000000000000000000000000000000000000000000000FF000000000000FF000000000000000000000000000000000000000000FF000000FF0000000000FF000000000000000000000000000000000000000000FFFFFF00FF00000000FF0000000000000000000000000000000000000000
310
0000FF0000FFFFFF0000FF0000000000000000000000000000000000000000000000FF00000000FFFF00FF000000000000000000000000000000FFFFFFFFFFFFFFFFFF000000000000FF000000000000000000000000000000000000000000000000FF00000000FFFFFF000000000000000000000000000000000000000000
310
000000FF000000FF0000FF000000000000000000000000000000000000000000000000FF0000FF000000FF000000000000000000000000000000000000000000000000FFFFFF00000000FF0000FF000000000000000000000000000000000000000000FF000000000000FF00FF000000000000000000000000000000000000
310
0000000000000000000000FFFF00FF000000000000000000000000000000000000000000000000000000FFFFFFFF000000000000000000000000000000000000000000000000000000FF00FF0000FF00000000000000000000000000000000000000000000000000FFFFFFFFFFFF0000000000000000000000000000000000
310
000000000000000000FF0000FF0000000000000000000000000000000000000000000000000000000000FFFFFF00000000000000000000000000000000000000000000000000000000FF0000FF00000000000000000000000000000000000000000000000000000000000000FF000000000000000000000000000000000000
310
00000000000000000000000000FF000000000000000000000000000000000000000000000000000000000000000000000000000000000000
 70
     4
280
     1
281
     0
  0
BLOCK_RECORD
  5
1316A
330
1
100
AcDbSymbolTableRecord
100
AcDbBlockTableRecord
  2
RL
340
0
310
2800000020000000200000000100080000000000000400000000000000000000000000000000000000000000000080000080000000808000800000008000800080800000C0C0C000C0DCC000F0CAA6000020400000206000002080000020A0000020C0000020E00000400000004020000040400000406000004080000040A0
310
000040C0000040E00000600000006020000060400000606000006080000060A0000060C0000060E00000800000008020000080400000806000008080000080A0000080C0000080E00000A0000000A0200000A0400000A0600000A0800000A0A00000A0C00000A0E00000C0000000C0200000C0400000C0600000C0800000C0
310
A00000C0C00000C0E00000E0000000E0200000E0400000E0600000E0800000E0A00000E0C00000E0E00040000000400020004000400040006000400080004000A0004000C0004000E00040200000402020004020400040206000402080004020A0004020C0004020E000404000004040200040404000404060004040800040
310
40A0004040C0004040E00040600000406020004060400040606000406080004060A0004060C0004060E00040800000408020004080400040806000408080004080A0004080C0004080E00040A0000040A0200040A0400040A0600040A0800040A0A00040A0C00040A0E00040C0000040C0200040C0400040C0600040C08000
310
40C0A00040C0C00040C0E00040E0000040E0200040E0400040E0600040E0800040E0A00040E0C00040E0E00080000000800020008000400080006000800080008000A0008000C0008000E00080200000802020008020400080206000802080008020A0008020C0008020E00080400000804020008040400080406000804080
310
008040A0008040C0008040E00080600000806020008060400080606000806080008060A0008060C0008060E00080800000808020008080400080806000808080008080A0008080C0008080E00080A0000080A0200080A0400080A0600080A0800080A0A00080A0C00080A0E00080C0000080C0200080C0400080C0600080C0
310
800080C0A00080C0C00080C0E00080E0000080E0200080E0400080E0600080E0800080E0A00080E0C00080E0E000C0000000C0002000C0004000C0006000C0008000C000A000C000C000C000E000C0200000C0202000C0204000C0206000C0208000C020A000C020C000C020E000C0400000C0402000C0404000C0406000C0
310
408000C040A000C040C000C040E000C0600000C0602000C0604000C0606000C0608000C060A000C060C000C060E000C0800000C0802000C0804000C0806000C0808000C080A000C080C000C080E000C0A00000C0A02000C0A04000C0A06000C0A08000C0A0A000C0A0C000C0A0E000C0C00000C0C02000C0C04000C0C06000
310
C0C08000C0C0A000F0FBFF00A4A0A000808080000000FF0000FF000000FFFF00FF000000FF00FF00FFFF0000FFFFFF0000000000000000000000000000000000000000000000000000000000000000000000000000000000000000000000000000000000000000000000000000000000000000000000000000000000000000
310
0000000000000000000000000000000000000000000000000000000000000000000000000000000000000000000000000000000000000000000000000000000000000000000000000000000000000000000000000000000000FF00000000000000000000000000000000000000000000000000000000000000FF0000000000
310
0000000000000000000000000000000000000000000000000000FF00000000000000000000000000000000000000000000000000000000000000FF00000000000000000000000000000000000000000000000000000000000000FF00000000000000000000000000000000000000000000000000000000000000FF00000000
310
000000000000000000000000000000000000000000000000000000FF00000000000000000000000000000000000000000000000000000000000000FF00000000000000000000000000000000000000000000000000000000000000FF00000000000000000000000000000000000000000000000000000000000000FF000000
310
00000000000000000000000000000000000000000000000000000000FF00000000000000000000000000000000000000000000000000000000000000FF00000000000000000000000000000000000000000000000000000000000000FFFFFFFFFFFFFFFF000000000000000000000000000000000000000000000000FF0000
310
00000000FFFFFFFFFFFFFFFFFFFFFFFFFFFFFFFF0000FFFFFFFFFFFFFFFFFFFFFFFFFFFFFF000000000000000000000000000000000000FF000000000000000000000000FF000000000000000000000000000000000000FF000000000000000000000000FF000000000000000000000000000000000000FF00000000000000
310
0000000000FF00000000000000000000000000000000000000FF00000000000000000000FF000000000000000000000000000000000000000000FF0000000000000000FF0000000000000000000000000000000000000000000000FF000000000000FF00000000000000000000000000000000000000000000000000FFFFFF
310
FFFFFF00000000000000000000000000000000000000000000000000000000000000000000000000000000000000000000000000000000000000000000000000000000000000000000000000000000000000000000000000000000000000000000000000000000000000000000000000000000000000000000000000000000
310
0000000000000000000000000000000000000000000000000000000000000000000000000000000000000000000000000000000000000000
 70
     4
280
     1
281
     0
  0
BLOCK_RECORD
  5
13173
330
1
100
AcDbSymbolTableRecord
100
AcDbBlockTableRecord
  2
PINCH
340
0
310
2800000020000000200000000100080000000000000400000000000000000000000000000000000000000000000080000080000000808000800000008000800080800000C0C0C000C0DCC000F0CAA6000020400000206000002080000020A0000020C0000020E00000400000004020000040400000406000004080000040A0
310
000040C0000040E00000600000006020000060400000606000006080000060A0000060C0000060E00000800000008020000080400000806000008080000080A0000080C0000080E00000A0000000A0200000A0400000A0600000A0800000A0A00000A0C00000A0E00000C0000000C0200000C0400000C0600000C0800000C0
310
A00000C0C00000C0E00000E0000000E0200000E0400000E0600000E0800000E0A00000E0C00000E0E00040000000400020004000400040006000400080004000A0004000C0004000E00040200000402020004020400040206000402080004020A0004020C0004020E000404000004040200040404000404060004040800040
310
40A0004040C0004040E00040600000406020004060400040606000406080004060A0004060C0004060E00040800000408020004080400040806000408080004080A0004080C0004080E00040A0000040A0200040A0400040A0600040A0800040A0A00040A0C00040A0E00040C0000040C0200040C0400040C0600040C08000
310
40C0A00040C0C00040C0E00040E0000040E0200040E0400040E0600040E0800040E0A00040E0C00040E0E00080000000800020008000400080006000800080008000A0008000C0008000E00080200000802020008020400080206000802080008020A0008020C0008020E00080400000804020008040400080406000804080
310
008040A0008040C0008040E00080600000806020008060400080606000806080008060A0008060C0008060E00080800000808020008080400080806000808080008080A0008080C0008080E00080A0000080A0200080A0400080A0600080A0800080A0A00080A0C00080A0E00080C0000080C0200080C0400080C0600080C0
310
800080C0A00080C0C00080C0E00080E0000080E0200080E0400080E0600080E0800080E0A00080E0C00080E0E000C0000000C0002000C0004000C0006000C0008000C000A000C000C000C000E000C0200000C0202000C0204000C0206000C0208000C020A000C020C000C020E000C0400000C0402000C0404000C0406000C0
310
408000C040A000C040C000C040E000C0600000C0602000C0604000C0606000C0608000C060A000C060C000C060E000C0800000C0802000C0804000C0806000C0808000C080A000C080C000C080E000C0A00000C0A02000C0A04000C0A06000C0A08000C0A0A000C0A0C000C0A0E000C0C00000C0C02000C0C04000C0C06000
310
C0C08000C0C0A000F0FBFF00A4A0A000808080000000FF0000FF000000FFFF00FF000000FF00FF00FFFF0000FFFFFF0000000000000000000000000000000000000000000000000000000000000000000000000000000000000000000000000000000000000000000000000000000000000000000000000000000000000000
310
00000000000000000000000000000000000000000000000000000000000000000000000000000000000000000000000000000000000000000000000000000000000000000000000000000000000000000000000000000000000000000000000000000000000000000000000000000000000000000000000000000000000000
310
00000000000000000000000000000000000000000000000000000000000000000000000000000000000000000000000000000000000000000000000000000000000000000000000000000000000000000000000000000000000000000000000000000000000000000000000000000000000000000000000000000000000000
310
00000000000000000000000000000000000000000000000000000000FF0000FF000000000000FF0000FF000000000000000000000000000000000000FFFFFF00FFFF0000FFFF00FFFFFF000000000000000000000000000000000000FF0000FF0000FFFF0000FF0000FF000000000000000000000000000000000000FF0000
310
00FFFF0000FFFF000000FF000000000000000000000000000000000000FF0000000000FFFF0000000000FF00000000000000000000FFFFFFFFFFFFFFFFFF0000000000FFFF0000000000FFFFFFFFFFFFFFFFFF00000000000000000000FF000000FFFF0000FFFF000000FF000000000000000000000000000000000000FF00
310
00FF000000FF0000FF0000FF000000000000000000000000000000000000FFFFFF0000FFFF00FFFF00FFFFFF000000000000000000000000000000000000FF0000FFFF0000000000FF0000FF000000000000000000000000000000000000000000000000000000000000000000000000000000000000000000000000000000
310
00000000000000000000000000000000000000000000000000000000000000000000000000000000000000000000000000000000000000000000000000000000000000000000000000000000000000000000000000000000000000000000000000000000000000000000000000000000000000000000000000000000000000
310
00000000000000000000000000000000000000000000000000000000000000000000000000000000000000000000000000000000000000000000000000000000000000000000000000000000000000000000000000000000000000000000000000000000000000000000000000000000000000000000000000000000000000
310
0000000000000000000000000000000000000000000000000000000000000000000000000000000000000000000000000000000000000000
 70
     4
280
     1
281
     0
  0
BLOCK_RECORD
  5
1317C
330
1
100
AcDbSymbolTableRecord
100
AcDbBlockTableRecord
  2
GAUGE
340
0
310
2800000020000000200000000100080000000000000400000000000000000000000000000000000000000000000080000080000000808000800000008000800080800000C0C0C000C0DCC000F0CAA6000020400000206000002080000020A0000020C0000020E00000400000004020000040400000406000004080000040A0
310
000040C0000040E00000600000006020000060400000606000006080000060A0000060C0000060E00000800000008020000080400000806000008080000080A0000080C0000080E00000A0000000A0200000A0400000A0600000A0800000A0A00000A0C00000A0E00000C0000000C0200000C0400000C0600000C0800000C0
310
A00000C0C00000C0E00000E0000000E0200000E0400000E0600000E0800000E0A00000E0C00000E0E00040000000400020004000400040006000400080004000A0004000C0004000E00040200000402020004020400040206000402080004020A0004020C0004020E000404000004040200040404000404060004040800040
310
40A0004040C0004040E00040600000406020004060400040606000406080004060A0004060C0004060E00040800000408020004080400040806000408080004080A0004080C0004080E00040A0000040A0200040A0400040A0600040A0800040A0A00040A0C00040A0E00040C0000040C0200040C0400040C0600040C08000
310
40C0A00040C0C00040C0E00040E0000040E0200040E0400040E0600040E0800040E0A00040E0C00040E0E00080000000800020008000400080006000800080008000A0008000C0008000E00080200000802020008020400080206000802080008020A0008020C0008020E00080400000804020008040400080406000804080
310
008040A0008040C0008040E00080600000806020008060400080606000806080008060A0008060C0008060E00080800000808020008080400080806000808080008080A0008080C0008080E00080A0000080A0200080A0400080A0600080A0800080A0A00080A0C00080A0E00080C0000080C0200080C0400080C0600080C0
310
800080C0A00080C0C00080C0E00080E0000080E0200080E0400080E0600080E0800080E0A00080E0C00080E0E000C0000000C0002000C0004000C0006000C0008000C000A000C000C000C000E000C0200000C0202000C0204000C0206000C0208000C020A000C020C000C020E000C0400000C0402000C0404000C0406000C0
310
408000C040A000C040C000C040E000C0600000C0602000C0604000C0606000C0608000C060A000C060C000C060E000C0800000C0802000C0804000C0806000C0808000C080A000C080C000C080E000C0A00000C0A02000C0A04000C0A06000C0A08000C0A0A000C0A0C000C0A0E000C0C00000C0C02000C0C04000C0C06000
310
C0C08000C0C0A000F0FBFF00A4A0A000808080000000FF0000FF000000FFFF00FF000000FF00FF00FFFF0000FFFFFF00000000000000000000000000000000000000000000000000000000000000000000000000000000000000000000FF00000000000000000000000000000000000000000000000000000000000000FF00
310
000000000000000000000000000000000000000000000000000000000000FF00000000000000000000000000000000000000000000000000000000000000FF00000000000000000000000000000000000000000000000000000000000000FF0000000000000000000000000000000000000000000000000000000000FFFFFF
310
FFFF00000000000000000000000000000000000000000000000000000000FF00FF0000000000000000000000000000000000000000000000000000000000FF00FF000000000000000000000000000000000000000000000000000000000000FF000000000000000000000000000000000000000000000000000000000000FF
310
00FF0000000000000000000000000000000000000000000000000000000000FF00FF00000000000000000000000000000000000000000000000000000000FFFFFFFFFF0000000000000000000000000000000000000000000000000000000000FF000000FF0000000000FF0000000000000000000000000000000000000000
310
00FF000000FFFFFF00FFFFFF000000000000000000000000000000000000000000FFFFFFFFFF0000FF0000FF000000000000000000000000000000000000000000FF000000FFFFFF00FFFFFF000000000000000000000000000000000000000000FF000000FF0000000000FF00000000000000000000000000000000000000
310
0000FF00000000000000000000000000000000000000000000000000000000000000FF0000000000000000000000000000000000000000000000000000000000FFFFFFFFFF0000000000000000000000000000000000000000000000000000FF0000000000FF000000000000000000000000000000000000000000000000FF
310
00000000000000FF00000000000000000000000000000000000000000000FF0000000000000000FF00000000000000000000000000000000000000000000FF000000000000000000FF000000000000000000000000000000000000000000FF000000000000000000FF000000000000000000000000000000000000000000FF
310
000000000000000000FF00000000000000000000000000000000000000000000FF00000000000000FF0000000000000000000000000000000000000000000000FFFF0000000000FF00000000000000000000000000000000000000000000000000FFFF0000FFFFFF0000000000000000000000000000000000000000000000
310
00000000FFFF0000000000000000000000000000000000000000000000000000000000000000000000000000000000000000000000000000
 70
     4
280
     1
281
     0
  0
BLOCK_RECORD
  5
1318D
330
1
100
AcDbSymbolTableRecord
100
AcDbBlockTableRecord
  2
ORIFICE
340
0
310
2800000020000000200000000100080000000000000400000000000000000000000000000000000000000000000080000080000000808000800000008000800080800000C0C0C000C0DCC000F0CAA6000020400000206000002080000020A0000020C0000020E00000400000004020000040400000406000004080000040A0
310
000040C0000040E00000600000006020000060400000606000006080000060A0000060C0000060E00000800000008020000080400000806000008080000080A0000080C0000080E00000A0000000A0200000A0400000A0600000A0800000A0A00000A0C00000A0E00000C0000000C0200000C0400000C0600000C0800000C0
310
A00000C0C00000C0E00000E0000000E0200000E0400000E0600000E0800000E0A00000E0C00000E0E00040000000400020004000400040006000400080004000A0004000C0004000E00040200000402020004020400040206000402080004020A0004020C0004020E000404000004040200040404000404060004040800040
310
40A0004040C0004040E00040600000406020004060400040606000406080004060A0004060C0004060E00040800000408020004080400040806000408080004080A0004080C0004080E00040A0000040A0200040A0400040A0600040A0800040A0A00040A0C00040A0E00040C0000040C0200040C0400040C0600040C08000
310
40C0A00040C0C00040C0E00040E0000040E0200040E0400040E0600040E0800040E0A00040E0C00040E0E00080000000800020008000400080006000800080008000A0008000C0008000E00080200000802020008020400080206000802080008020A0008020C0008020E00080400000804020008040400080406000804080
310
008040A0008040C0008040E00080600000806020008060400080606000806080008060A0008060C0008060E00080800000808020008080400080806000808080008080A0008080C0008080E00080A0000080A0200080A0400080A0600080A0800080A0A00080A0C00080A0E00080C0000080C0200080C0400080C0600080C0
310
800080C0A00080C0C00080C0E00080E0000080E0200080E0400080E0600080E0800080E0A00080E0C00080E0E000C0000000C0002000C0004000C0006000C0008000C000A000C000C000C000E000C0200000C0202000C0204000C0206000C0208000C020A000C020C000C020E000C0400000C0402000C0404000C0406000C0
310
408000C040A000C040C000C040E000C0600000C0602000C0604000C0606000C0608000C060A000C060C000C060E000C0800000C0802000C0804000C0806000C0808000C080A000C080C000C080E000C0A00000C0A02000C0A04000C0A06000C0A08000C0A0A000C0A0C000C0A0E000C0C00000C0C02000C0C04000C0C06000
310
C0C08000C0C0A000F0FBFF00A4A0A000808080000000FF0000FF000000FFFF00FF000000FF00FF00FFFF0000FFFFFF00000000000000000000000000000000000000000000000000000000000000000000000000000000000000FF00000000000000000000FF0000000000000000000000000000000000000000FF00000000
310
000000000000FF0000000000000000000000000000000000000000FF00000000000000000000FF0000000000000000000000000000000000000000FF00000000000000000000FF0000000000000000000000000000000000000000FF0000000000FF00000000FF0000000000000000000000000000000000000000FF000000
310
0000FF00000000FF0000000000000000000000000000000000000000FF0000000000FF00000000FF0000000000000000000000000000000000000000FF0000000000FF00000000FF0000000000000000000000000000000000000000FF0000000000FF00000000FF0000000000000000000000000000000000000000FF0000
310
000000FF00000000FF0000000000000000000000000000000000000000FF0000000000FF00000000FF0000000000000000000000000000000000000000FF0000000000FF00000000FF0000000000000000000000000000000000000000FF0000000000FF00000000FF0000000000000000000000000000000000000000FF00
310
00000000FF00000000FF0000000000000000000000000000000000000000FF0000000000FF00000000FF00000000000000000000000000FFFFFFFFFFFFFFFF0000000000FF00000000FFFFFFFFFFFFFFFF00000000000000000000000000FF0000000000FF00000000FF0000000000000000000000000000000000000000FF
310
0000000000FF00000000FF0000000000000000000000000000000000000000FF0000000000FF00000000FF0000000000000000000000000000000000000000FF0000000000FF00000000FF0000000000000000000000000000000000000000FF0000000000FF00000000FF0000000000000000000000000000000000000000
310
FF0000000000FF00000000FF0000000000000000000000000000000000000000FF0000000000FF00000000FF0000000000000000000000000000000000000000FF0000000000FF00000000FF0000000000000000000000000000000000000000FF0000000000FF00000000FF00000000000000000000000000000000000000
310
00FF0000000000FF00000000FF0000000000000000000000000000000000000000FF00000000000000000000FF0000000000000000000000000000000000000000FF00000000000000000000FF0000000000000000000000000000000000000000FF00000000000000000000FF000000000000000000000000000000000000
310
0000FF00000000000000000000FF000000000000000000000000000000000000000000000000000000000000000000000000000000000000
 70
     4
280
     1
281
     0
  0
BLOCK_RECORD
  5
13595
102
{ACAD_XDICTIONARY
360
13597
102
}
330
1
100
AcDbSymbolTableRecord
100
AcDbBlockTableRecord
  2
A$Ce88d4986
340
0
 70
     4
280
     1
281
     0
  0
BLOCK_RECORD
  5
135B8
102
{ACAD_XDICTIONARY
360
135BA
102
}
330
1
100
AcDbSymbolTableRecord
100
AcDbBlockTableRecord
  2
A$C3a99db70
340
0
 70
     4
280
     1
281
     0
  0
BLOCK_RECORD
  5
13A3E
102
{ACAD_XDICTIONARY
360
13A40
102
}
330
1
100
AcDbSymbolTableRecord
100
AcDbBlockTableRecord
  2
A$Cdffe5fdf
340
0
 70
     4
280
     1
281
     0
  0
BLOCK_RECORD
  5
13A6D
102
{ACAD_XDICTIONARY
360
13A70
102
}
330
1
100
AcDbSymbolTableRecord
100
AcDbBlockTableRecord
  2
A$C2a998889
340
0
 70
     4
280
     1
281
     0
  0
BLOCK_RECORD
  5
13B2A
102
{ACAD_XDICTIONARY
360
13B2C
102
}
330
1
100
AcDbSymbolTableRecord
100
AcDbBlockTableRecord
  2
A$Ce2052aaa
340
0
 70
     4
280
     1
281
     0
  0
BLOCK_RECORD
  5
13B38
102
{ACAD_XDICTIONARY
360
13B3A
102
}
330
1
100
AcDbSymbolTableRecord
100
AcDbBlockTableRecord
  2
A$Cfecd0bc2
340
0
 70
     4
280
     1
281
     0
  0
BLOCK_RECORD
  5
13B8D
102
{ACAD_XDICTIONARY
360
13B8F
102
}
330
1
100
AcDbSymbolTableRecord
100
AcDbBlockTableRecord
  2
A$C0c4eaf34
340
0
 70
     4
280
     1
281
     0
  0
BLOCK_RECORD
  5
13C66
102
{ACAD_XDICTIONARY
360
13C68
102
}
330
1
100
AcDbSymbolTableRecord
100
AcDbBlockTableRecord
  2
A$C718d4aef
340
0
 70
     4
280
     1
281
     0
  0
BLOCK_RECORD
  5
13CAC
102
{ACAD_XDICTIONARY
360
13CAE
102
}
330
1
100
AcDbSymbolTableRecord
100
AcDbBlockTableRecord
  2
A$C7bbb0b82
340
0
 70
     4
280
     1
281
     0
  0
BLOCK_RECORD
  5
13CCE
102
{ACAD_XDICTIONARY
360
13D70
102
}
330
1
100
AcDbSymbolTableRecord
100
AcDbBlockTableRecord
  2
SolenoidValve
340
0
 70
     4
280
     1
281
     0
1001
AcDbDynamicBlockGUID
1000
{F008932F-9D53-5E45-AFE1-F9E137520332}
  0
BLOCK_RECORD
  5
13EF6
102
{ACAD_XDICTIONARY
360
13EF8
102
}
330
1
100
AcDbSymbolTableRecord
100
AcDbBlockTableRecord
  2
A$C446ecbb0
340
0
 70
     4
280
     1
281
     0
  0
BLOCK_RECORD
  5
13F1E
102
{ACAD_XDICTIONARY
360
13F22
102
}
330
1
100
AcDbSymbolTableRecord
100
AcDbBlockTableRecord
  2
A$Ceb99f209
340
0
 70
     4
280
     1
281
     0
  0
BLOCK_RECORD
  5
13F56
102
{ACAD_XDICTIONARY
360
13F58
102
}
330
1
100
AcDbSymbolTableRecord
100
AcDbBlockTableRecord
  2
A$C92fb24a1
340
0
 70
     4
280
     1
281
     0
  0
BLOCK_RECORD
  5
13F6C
102
{ACAD_XDICTIONARY
360
13F6E
102
}
330
1
100
AcDbSymbolTableRecord
100
AcDbBlockTableRecord
  2
A$Ce514632c
340
0
 70
     4
280
     1
281
     0
  0
BLOCK_RECORD
  5
13FA8
102
{ACAD_XDICTIONARY
360
13FAE
102
}
330
1
100
AcDbSymbolTableRecord
100
AcDbBlockTableRecord
  2
A$Cff14f830
340
0
 70
     4
280
     1
281
     0
  0
BLOCK_RECORD
  5
14037
102
{ACAD_XDICTIONARY
360
1403C
102
}
330
1
100
AcDbSymbolTableRecord
100
AcDbBlockTableRecord
  2
A$C7e17a21b
340
0
 70
     4
280
     1
281
     0
  0
BLOCK_RECORD
  5
14046
102
{ACAD_XDICTIONARY
360
1404B
102
}
330
1
100
AcDbSymbolTableRecord
100
AcDbBlockTableRecord
  2
A$C36764b74
340
0
 70
     4
280
     1
281
     0
  0
BLOCK_RECORD
  5
141EA
102
{ACAD_XDICTIONARY
360
141F8
102
}
330
1
100
AcDbSymbolTableRecord
100
AcDbBlockTableRecord
  2
A$Cd84a3916
340
0
 70
     4
280
     1
281
     0
  0
ENDTAB
  0
ENDSEC
  0
SECTION
  2
BLOCKS
  0
BLOCK
  5
20
330
1F
100
AcDbEntity
  8
0
100
AcDbBlockBegin
  2
*Model_Space
 70
     0
 10
0.0
 20
0.0
 30
0.0
  3
*Model_Space
  1

  0
ENDBLK
  5
21
330
1F
100
AcDbEntity
  8
0
100
AcDbBlockEnd
  0
BLOCK
  5
14583
330
14581
100
AcDbEntity
 67
     1
  8
0
100
AcDbBlockBegin
  2
*Paper_Space
 70
     0
 10
0.0
 20
0.0
 30
0.0
  3
*Paper_Space
  1

  0
ENDBLK
  5
14584
330
14581
100
AcDbEntity
 67
     1
  8
0
100
AcDbBlockEnd
  0
BLOCK
  5
5E0
330
5DE
100
AcDbEntity
  8
0
100
AcDbBlockBegin
  2
_ArchTick
 70
     0
 10
0.0
 20
0.0
 30
0.0
  3
_ArchTick
  1

  0
LWPOLYLINE
  5
5DF
330
5DE
100
AcDbEntity
  8
0
  6
ByBlock
 62
     0
100
AcDbPolyline
 90
        2
 70
     0
 43
0.15
 10
-0.5
 20
-0.5
 10
0.5
 20
0.5
  0
ENDBLK
  5
5E1
330
5DE
100
AcDbEntity
  8
0
100
AcDbBlockEnd
  0
BLOCK
  5
8E45
330
8E41
100
AcDbEntity
  8
0
100
AcDbBlockBegin
  2
_Open90
 70
     0
 10
0.0
 20
0.0
 30
0.0
  3
_Open90
  1

  0
LINE
  5
8E42
330
8E41
100
AcDbEntity
  8
0
  6
ByBlock
 62
     0
370
    -2
100
AcDbLine
 10
-0.5
 20
0.5
 30
0.0
 11
0.0
 21
0.0
 31
0.0
  0
LINE
  5
8E43
330
8E41
100
AcDbEntity
  8
0
  6
ByBlock
 62
     0
370
    -2
100
AcDbLine
 10
0.0
 20
0.0
 30
0.0
 11
-0.5
 21
-0.5
 31
0.0
  0
LINE
  5
8E44
330
8E41
100
AcDbEntity
  8
0
  6
ByBlock
 62
     0
370
    -2
100
AcDbLine
 10
0.0
 20
0.0
 30
0.0
 11
-1.0
 21
0.0
 31
0.0
  0
ENDBLK
  5
8E46
330
8E41
100
AcDbEntity
  8
0
100
AcDbBlockEnd
  0
BLOCK
  5
12F08
330
12F07
100
AcDbEntity
  8
0
100
AcDbBlockBegin
  2
GV-G
 70
     0
 10
0.0
 20
0.0
 30
0.0
  3
GV-G
  1

  0
LWPOLYLINE
  5
12F0A
330
12F07
100
AcDbEntity
  8
0
  6
ByBlock
 62
     0
370
    -2
100
AcDbPolyline
 90
        4
 70
     1
 43
0.0
 10
-3.0
 20
2.0
 10
3.0
 20
-2.0
 10
3.0
 20
2.0
 10
-3.0
 20
-2.0
  0
LINE
  5
12F0B
330
12F07
100
AcDbEntity
  8
0
  6
ByBlock
 62
     0
370
    -2
100
AcDbLine
 10
-3.0
 20
0.0
 30
0.0
 11
-6.5
 21
0.0
 31
0.0
  0
LINE
  5
12F0C
330
12F07
100
AcDbEntity
  8
0
  6
ByBlock
 62
     0
370
    -2
100
AcDbLine
 10
3.0
 20
0.0
 30
0.0
 11
6.5
 21
0.0
 31
0.0
  0
ENDBLK
  5
12F09
330
12F07
100
AcDbEntity
  8
0
100
AcDbBlockEnd
  0
BLOCK
  5
12F0F
330
12F0E
100
AcDbEntity
  8
0
100
AcDbBlockBegin
  2
GV-MO
 70
     0
 10
0.0
 20
0.0
 30
0.0
  3
GV-MO
  1

  0
LWPOLYLINE
  5
12F11
330
12F0E
100
AcDbEntity
  8
0
  6
ByBlock
 62
     0
370
    -2
100
AcDbPolyline
 90
        4
 70
     1
 43
0.0
 10
-3.0
 20
2.0
 10
3.0
 20
-2.0
 10
3.0
 20
2.0
 10
-3.0
 20
-2.0
  0
LINE
  5
12F12
330
12F0E
100
AcDbEntity
  8
0
  6
ByBlock
 62
     0
370
    -2
100
AcDbLine
 10
-3.0
 20
0.0
 30
0.0
 11
-6.5
 21
0.0
 31
0.0
  0
LINE
  5
12F13
330
12F0E
100
AcDbEntity
  8
0
  6
ByBlock
 62
     0
370
    -2
100
AcDbLine
 10
3.0
 20
0.0
 30
0.0
 11
6.5
 21
0.0
 31
0.0
  0
LWPOLYLINE
  5
12F14
330
12F0E
100
AcDbEntity
  8
0
  6
ByBlock
 62
     0
370
    -2
100
AcDbPolyline
 90
        3
 70
     0
 43
0.0
 10
0.0
 20
0.0
 10
0.0
 20
3.526631105443698
 10
2.999999999999971
 20
3.526631105443641
  0
ENDBLK
  5
12F10
330
12F0E
100
AcDbEntity
  8
0
100
AcDbBlockEnd
  0
BLOCK
  5
12F17
330
12F16
100
AcDbEntity
  8
0
100
AcDbBlockBegin
  2
GV-P
 70
     0
 10
0.0
 20
0.0
 30
0.0
  3
GV-P
  1

  0
LWPOLYLINE
  5
12F19
330
12F16
100
AcDbEntity
  8
0
  6
ByBlock
 62
     0
370
    -2
100
AcDbPolyline
 90
        4
 70
     1
 43
0.0
 10
-3.0
 20
2.0
 10
3.0
 20
-2.0
 10
3.0
 20
2.0
 10
-3.0
 20
-2.0
  0
LINE
  5
12F1A
330
12F16
100
AcDbEntity
  8
0
  6
ByBlock
 62
     0
370
    -2
100
AcDbLine
 10
-3.0
 20
0.0
 30
0.0
 11
-6.5
 21
0.0
 31
0.0
  0
LINE
  5
12F1B
330
12F16
100
AcDbEntity
  8
0
  6
ByBlock
 62
     0
370
    -2
100
AcDbLine
 10
3.0
 20
0.0
 30
0.0
 11
6.5
 21
0.0
 31
0.0
  0
LWPOLYLINE
  5
12F1C
330
12F16
100
AcDbEntity
  8
0
  6
ByBlock
 62
     0
370
    -2
100
AcDbPolyline
 90
        2
 70
     0
 43
0.0
 10
0.0
 20
0.0
 10
0.0
 20
2.887956153764207
  0
LWPOLYLINE
  5
12F1D
330
12F16
100
AcDbEntity
  8
0
  6
ByBlock
 62
     0
370
    -2
100
AcDbPolyline
 90
        2
 70
     1
 43
0.0
 10
-2.331411768750285
 20
2.887956153764207
 10
2.331411768750285
 20
2.887956153764207
 42
0.9668797960269568
  0
ENDBLK
  5
12F18
330
12F16
100
AcDbEntity
  8
0
100
AcDbBlockEnd
  0
BLOCK
  5
12F31
330
12F30
100
AcDbEntity
  8
0
100
AcDbBlockBegin
  2
GV-M
 70
     0
 10
0.0
 20
0.0
 30
0.0
  3
GV-M
  1

  0
LWPOLYLINE
  5
12F3E
330
12F30
100
AcDbEntity
  8
0
  6
ByBlock
 62
     0
370
    -2
100
AcDbPolyline
 90
        4
 70
     1
 43
0.0
 10
-3.0
 20
2.0
 10
3.0
 20
-2.0
 10
3.0
 20
2.0
 10
-3.0
 20
-2.0
  0
LINE
  5
12F3F
330
12F30
100
AcDbEntity
  8
0
  6
ByBlock
 62
     0
370
    -2
100
AcDbLine
 10
-3.0
 20
0.0
 30
0.0
 11
-6.5
 21
0.0
 31
0.0
  0
LINE
  5
12F40
330
12F30
100
AcDbEntity
  8
0
  6
ByBlock
 62
     0
370
    -2
100
AcDbLine
 10
3.0
 20
0.0
 30
0.0
 11
6.5
 21
0.0
 31
0.0
  0
LWPOLYLINE
  5
12F41
330
12F30
100
AcDbEntity
  8
0
  6
ByBlock
 62
     0
370
    -2
100
AcDbPolyline
 90
        2
 70
     0
 43
0.0
 10
0.0
 20
0.0
 10
0.0
 20
5.617145522458542
  0
LWPOLYLINE
  5
12F42
330
12F30
100
AcDbEntity
  8
0
  6
ByBlock
 62
     0
370
    -2
100
AcDbPolyline
 90
        4
 70
     1
 43
0.0
 10
-2.491277716062313
 20
7.333303700830242
 10
2.491277716062313
 20
7.333303700830242
 10
2.491277716062313
 20
3.900987344086843
 10
-2.491277716062313
 20
3.900987344086843
  0
LINE
  5
12F43
330
12F30
100
AcDbEntity
  8
0
  6
ByBlock
 62
     0
370
    -2
100
AcDbLine
 10
-2.491277716062313
 20
5.617145522458542
 30
0.0
 11
2.491277716062313
 21
5.617145522458542
 31
0.0
  0
TEXT
  5
12F44
330
12F30
100
AcDbEntity
  8
0
  6
ByBlock
 62
     0
370
    -2
100
AcDbText
 10
-1.142857142857142
 20
4.312994252549117
 30
0.0
 40
2.0
  1
M
  7
Romans
 72
     1
 11
0.0
 21
5.312994252549117
 31
0.0
100
AcDbText
 73
     2
  0
ENDBLK
  5
12F32
330
12F30
100
AcDbEntity
  8
0
100
AcDbBlockEnd
  0
BLOCK
  5
12F4A
330
12F49
100
AcDbEntity
  8
0
100
AcDbBlockBegin
  2
GV-H
 70
     0
 10
0.0
 20
0.0
 30
0.0
  3
GV-H
  1

  0
LWPOLYLINE
  5
12F4C
330
12F49
100
AcDbEntity
  8
0
  6
ByBlock
 62
     0
370
    -2
100
AcDbPolyline
 90
        4
 70
     1
 43
0.0
 10
-3.0
 20
2.0
 10
3.0
 20
-2.0
 10
3.0
 20
2.0
 10
-3.0
 20
-2.0
  0
LINE
  5
12F4D
330
12F49
100
AcDbEntity
  8
0
  6
ByBlock
 62
     0
370
    -2
100
AcDbLine
 10
-3.0
 20
0.0
 30
0.0
 11
-6.5
 21
0.0
 31
0.0
  0
LINE
  5
12F4E
330
12F49
100
AcDbEntity
  8
0
  6
ByBlock
 62
     0
370
    -2
100
AcDbLine
 10
3.0
 20
0.0
 30
0.0
 11
6.5
 21
0.0
 31
0.0
  0
LWPOLYLINE
  5
12F4F
330
12F49
100
AcDbEntity
  8
0
  6
ByBlock
 62
     0
370
    -2
100
AcDbPolyline
 90
        2
 70
     0
 43
0.0
 10
0.0
 20
0.0
 10
0.0
 20
5.617145522458542
  0
LWPOLYLINE
  5
12F50
330
12F49
100
AcDbEntity
  8
0
  6
ByBlock
 62
     0
370
    -2
100
AcDbPolyline
 90
        4
 70
     1
 43
0.0
 10
-2.491277716062313
 20
7.333303700830242
 10
2.491277716062313
 20
7.333303700830242
 10
2.491277716062313
 20
3.900987344086843
 10
-2.491277716062313
 20
3.900987344086843
  0
LINE
  5
12F51
330
12F49
100
AcDbEntity
  8
0
  6
ByBlock
 62
     0
370
    -2
100
AcDbLine
 10
-2.491277716062313
 20
5.617145522458542
 30
0.0
 11
2.491277716062313
 21
5.617145522458542
 31
0.0
  0
TEXT
  5
12F52
330
12F49
100
AcDbEntity
  8
0
  6
ByBlock
 62
     0
370
    -2
100
AcDbText
 10
-1.047619047619047
 20
4.312994252549117
 30
0.0
 40
2.0
  1
H
  7
Romans
 72
     1
 11
0.0
 21
5.312994252549117
 31
0.0
100
AcDbText
 73
     2
  0
ENDBLK
  5
12F4B
330
12F49
100
AcDbEntity
  8
0
100
AcDbBlockEnd
  0
BLOCK
  5
12F5C
330
12F5B
100
AcDbEntity
  8
0
100
AcDbBlockBegin
  2
GV-B1
 70
     0
 10
0.0
 20
0.0
 30
0.0
  3
GV-B1
  1

  0
HATCH
  5
12F5E
330
12F5B
100
AcDbEntity
  8
0
  6
ByBlock
 62
     0
370
    -2
100
AcDbHatch
 10
0.0
 20
0.0
 30
0.0
210
0.0
220
0.0
230
1.0
  2
SOLID
 70
     1
 71
     0
 91
        2
 92
        7
 72
     0
 73
     1
 93
        3
 10
2.0
 20
2.25
 10
-2.0
 20
2.25
 10
0.0
 20
0.0
 97
        0
 92
        7
 72
     0
 73
     1
 93
        3
 10
0.0
 20
0.0
 10
-2.0
 20
-2.25
 10
2.0
 20
-2.25
 97
        0
 75
     1
 76
     1
 47
0.0597488487105489
 98
        2
 10
0.1069596443783212
 20
1.36958387437113
 10
-0.0724568617019941
 20
-1.199616741906595
450
        0
451
        0
460
0.0
461
0.0
452
        0
462
1.0
453
        2
463
0.0
 63
     5
421
      255
463
1.0
 63
     2
421
 16776960
470
LINEAR
1001
GradientColor1ACI
1070
     5
1001
GradientColor2ACI
1070
     2
1001
ACAD
1010
0.0
1020
0.0
1030
0.0
  0
LWPOLYLINE
  5
12F5F
330
12F5B
100
AcDbEntity
  8
0
  6
ByBlock
 62
     0
370
    -2
100
AcDbPolyline
 90
        4
 70
     1
 43
0.0
 10
2.0
 20
2.25
 10
-2.0
 20
-2.25
 10
2.0
 20
-2.25
 10
-2.0
 20
2.25
  0
LINE
  5
12F60
330
12F5B
100
AcDbEntity
  8
0
  6
ByBlock
 62
     0
370
    -2
100
AcDbLine
 10
0.0
 20
2.25
 30
0.0
 11
0.0
 21
6.033158275514409
 31
0.0
  0
ENDBLK
  5
12F5D
330
12F5B
100
AcDbEntity
  8
0
100
AcDbBlockEnd
  0
BLOCK
  5
12F63
330
12F62
100
AcDbEntity
  8
0
100
AcDbBlockBegin
  2
GV-B2
 70
     0
 10
0.0
 20
0.0
 30
0.0
  3
GV-B2
  1

  0
HATCH
  5
12F65
330
12F62
100
AcDbEntity
  8
0
  6
ByBlock
 62
     0
370
    -2
100
AcDbHatch
 10
0.0
 20
0.0
 30
0.0
210
0.0
220
0.0
230
1.0
  2
SOLID
 70
     1
 71
     0
 91
        2
 92
        7
 72
     0
 73
     1
 93
        3
 10
-5.162472515333718
 20
-1.822980563816429
 10
-5.655377200910265
 20
-5.144312374139133
 10
-2.334045390587505
 20
-4.651407688562642
 97
        0
 92
        7
 72
     0
 73
     1
 93
        3
 10
-5.655377200910265
 20
-5.144312374139133
 10
-8.976709011232969
 20
-5.637217059715624
 10
-6.148281886486756
 20
-8.46564418446178
 97
        0
 75
     1
 76
     1
 47
0.0375345331213679
 98
        2
 10
-3.880891117296187
 20
-3.818380519431912
 10
-6.322936107905889
 20
-6.220590801126149
450
        0
451
        0
460
0.0
461
0.0
452
        0
462
1.0
453
        2
463
0.0
 63
     5
421
      255
463
1.0
 63
     2
421
 16776960
470
LINEAR
1001
GradientColor1ACI
1070
     5
1001
GradientColor2ACI
1070
     2
1001
ACAD
1010
0.0
1020
0.0
1030
0.0
  0
LWPOLYLINE
  5
12F66
330
12F62
100
AcDbEntity
  8
0
  6
ByBlock
 62
     0
370
    -2
100
AcDbPolyline
 90
        4
 70
     1
 43
0.0
 10
-8.976709011232969
 20
-5.637217059715624
 10
-2.334045390587505
 20
-4.651407688562642
 10
-5.162472515333718
 20
-1.822980563816429
 10
-6.148281886486756
 20
-8.46564418446178
  0
LINE
  5
12F67
330
12F62
100
AcDbEntity
  8
0
  6
ByBlock
 62
     0
370
    -2
100
AcDbLine
 10
-1.768359965638239
 20
-4.085722263613405
 30
0.0
 11
-4.596787090384509
 21
-1.257295138867192
 31
0.0
  0
LINE
  5
12F68
330
12F62
100
AcDbEntity
  8
0
  6
ByBlock
 62
     0
370
    -2
100
AcDbLine
 10
-6.093133050651204
 20
1.727121030497301
 30
0.0
 11
-6.093133050651204
 21
-1.727121030497301
 31
0.0
  0
LINE
  5
12F69
330
12F62
100
AcDbEntity
  8
0
  6
ByBlock
 62
     0
370
    -2
100
AcDbLine
 10
0.0
 20
1.727121030497301
 30
0.0
 11
0.0
 21
-1.727121030497301
 31
0.0
  0
LINE
  5
12F6A
330
12F62
100
AcDbEntity
  8
0
  6
ByBlock
 62
     0
370
    -2
100
AcDbLine
 10
-6.093133050651204
 20
0.0
 30
0.0
 11
0.0
 21
0.0
 31
0.0
  0
LINE
  5
12F6B
330
12F62
100
AcDbEntity
  8
0
  6
ByBlock
 62
     0
370
    -2
100
AcDbLine
 10
-0.5110648267712464
 20
0.0
 30
0.0
 11
-3.748258952960611
 21
-3.237194126189535
 31
0.0
  0
ENDBLK
  5
12F64
330
12F62
100
AcDbEntity
  8
0
100
AcDbBlockEnd
  0
BLOCK
  5
12F6E
330
12F6D
100
AcDbEntity
  8
0
100
AcDbBlockBegin
  2
GLV-G
 70
     0
 10
0.0
 20
0.0
 30
0.0
  3
GLV-G
  1

  0
LWPOLYLINE
  5
12F70
330
12F6D
100
AcDbEntity
  8
0
  6
ByBlock
 62
     0
370
    -2
100
AcDbPolyline
 90
        4
 70
     1
 43
0.0
 10
-3.0
 20
2.0
 10
3.0
 20
-2.0
 10
3.0
 20
2.0
 10
-3.0
 20
-2.0
  0
LINE
  5
12F71
330
12F6D
100
AcDbEntity
  8
0
  6
ByBlock
 62
     0
370
    -2
100
AcDbLine
 10
3.0
 20
0.0
 30
0.0
 11
6.682453782612128
 21
0.0
 31
0.0
  0
LINE
  5
12F72
330
12F6D
100
AcDbEntity
  8
0
  6
ByBlock
 62
     0
370
    -2
100
AcDbLine
 10
-3.0
 20
0.0
 30
0.0
 11
-6.682453782612128
 21
0.0
 31
0.0
  0
HATCH
  5
12F73
330
12F6D
100
AcDbEntity
  8
0
  6
ByBlock
 62
     0
370
    -2
100
AcDbHatch
 10
0.0
 20
0.0
 30
0.0
210
0.0
220
0.0
230
1.0
  2
SOLID
 70
     1
 71
     0
 91
        1
 92
        1
 93
        1
 72
     2
 10
0.0
 20
0.0
 40
1.149999999999999
 50
0.0
 51
360.0
 73
     1
 97
        0
 75
     1
 76
     1
 98
        1
 10
-219.0
 20
-206.7640451696034
450
        0
451
        0
460
0.0
461
0.0
452
        0
462
1.0
453
        2
463
0.0
 63
     5
421
      255
463
1.0
 63
     2
421
 16776960
470
LINEAR
1001
GradientColor1ACI
1070
     5
1001
GradientColor2ACI
1070
     2
1001
ACAD
1010
0.0
1020
0.0
1030
0.0
  0
CIRCLE
  5
12F74
330
12F6D
100
AcDbEntity
  8
0
  6
ByBlock
 62
     0
370
    -2
100
AcDbCircle
 10
0.0
 20
0.0
 30
0.0
 40
1.149999999999999
  0
ENDBLK
  5
12F6F
330
12F6D
100
AcDbEntity
  8
0
100
AcDbBlockEnd
  0
BLOCK
  5
12F77
330
12F76
100
AcDbEntity
  8
0
100
AcDbBlockBegin
  2
GLV-P
 70
     0
 10
0.0
 20
0.0
 30
0.0
  3
GLV-P
  1

  0
LWPOLYLINE
  5
12F79
330
12F76
100
AcDbEntity
  8
0
  6
ByBlock
 62
     0
370
    -2
100
AcDbPolyline
 90
        4
 70
     1
 43
0.0
 10
-3.0
 20
2.0
 10
3.0
 20
-2.0
 10
3.0
 20
2.0
 10
-3.0
 20
-2.0
  0
LWPOLYLINE
  5
12F7A
330
12F76
100
AcDbEntity
  8
0
  6
ByBlock
 62
     0
370
    -2
100
AcDbPolyline
 90
        2
 70
     0
 43
0.0
 10
0.0
 20
0.0
 10
0.0
 20
3.433175545064841
  0
LWPOLYLINE
  5
12F7B
330
12F76
100
AcDbEntity
  8
0
  6
ByBlock
 62
     0
370
    -2
100
AcDbPolyline
 90
        2
 70
     1
 43
0.0
 10
-1.966177303826384
 20
3.433175545064841
 10
1.966177303826384
 20
3.433175545064841
 42
0.9668797960269568
  0
LINE
  5
12F7C
330
12F76
100
AcDbEntity
  8
0
  6
ByBlock
 62
     0
370
    -2
100
AcDbLine
 10
3.0
 20
0.0
 30
0.0
 11
6.682453782612128
 21
0.0
 31
0.0
  0
LINE
  5
12F7D
330
12F76
100
AcDbEntity
  8
0
  6
ByBlock
 62
     0
370
    -2
100
AcDbLine
 10
-3.0
 20
0.0
 30
0.0
 11
-6.682453782612128
 21
0.0
 31
0.0
  0
HATCH
  5
12F7E
330
12F76
100
AcDbEntity
  8
0
  6
ByBlock
 62
     0
370
    -2
100
AcDbHatch
 10
0.0
 20
0.0
 30
0.0
210
0.0
220
0.0
230
1.0
  2
SOLID
 70
     1
 71
     0
 91
        1
 92
        1
 93
        1
 72
     2
 10
0.0
 20
0.0
 40
1.149999999999999
 50
0.0
 51
360.0
 73
     1
 97
        0
 75
     1
 76
     1
 98
        1
 10
-219.0
 20
-206.7640451696034
450
        0
451
        0
460
0.0
461
0.0
452
        0
462
1.0
453
        2
463
0.0
 63
     5
421
      255
463
1.0
 63
     2
421
 16776960
470
LINEAR
1001
GradientColor1ACI
1070
     5
1001
GradientColor2ACI
1070
     2
1001
ACAD
1010
0.0
1020
0.0
1030
0.0
  0
CIRCLE
  5
12F7F
330
12F76
100
AcDbEntity
  8
0
  6
ByBlock
 62
     0
370
    -2
100
AcDbCircle
 10
0.0
 20
0.0
 30
0.0
 40
1.149999999999999
  0
ENDBLK
  5
12F78
330
12F76
100
AcDbEntity
  8
0
100
AcDbBlockEnd
  0
BLOCK
  5
12F89
330
12F88
100
AcDbEntity
  8
0
100
AcDbBlockBegin
  2
GLV-M
 70
     0
 10
0.0
 20
0.0
 30
0.0
  3
GLV-M
  1

  0
LWPOLYLINE
  5
12F8B
330
12F88
100
AcDbEntity
  8
0
  6
ByBlock
 62
     0
370
    -2
100
AcDbPolyline
 90
        4
 70
     1
 43
0.0
 10
-3.0
 20
2.0
 10
3.0
 20
-2.0
 10
3.0
 20
2.0
 10
-3.0
 20
-2.0
  0
LWPOLYLINE
  5
12F8C
330
12F88
100
AcDbEntity
  8
0
  6
ByBlock
 62
     0
370
    -2
100
AcDbPolyline
 90
        2
 70
     0
 43
0.0
 10
0.0
 20
0.0
 10
0.0
 20
4.899936500635703
  0
LWPOLYLINE
  5
12F8D
330
12F88
100
AcDbEntity
  8
0
  6
ByBlock
 62
     0
370
    -2
100
AcDbPolyline
 90
        4
 70
     1
 43
0.0
 10
-2.491277716062313
 20
8.332252857379103
 10
2.491277716062313
 20
8.332252857379103
 10
2.491277716062313
 20
4.899936500635703
 10
-2.491277716062313
 20
4.899936500635703
  0
LINE
  5
12F8E
330
12F88
100
AcDbEntity
  8
0
  6
ByBlock
 62
     0
370
    -2
100
AcDbLine
 10
-2.491277716062313
 20
6.616094679007403
 30
0.0
 11
2.491277716062313
 21
6.616094679007403
 31
0.0
  0
TEXT
  5
12F8F
330
12F88
100
AcDbEntity
  8
0
  6
ByBlock
 62
     0
370
    -2
100
AcDbText
 10
-1.142857142857142
 20
5.311943409097978
 30
0.0
 40
2.0
  1
M
  7
Romans
 72
     1
 11
0.0
 21
6.311943409097978
 31
0.0
100
AcDbText
 73
     2
  0
LINE
  5
12F90
330
12F88
100
AcDbEntity
  8
0
  6
ByBlock
 62
     0
370
    -2
100
AcDbLine
 10
3.0
 20
0.0
 30
0.0
 11
6.682453782612128
 21
0.0
 31
0.0
  0
LINE
  5
12F91
330
12F88
100
AcDbEntity
  8
0
  6
ByBlock
 62
     0
370
    -2
100
AcDbLine
 10
-3.0
 20
0.0
 30
0.0
 11
-6.682453782612128
 21
0.0
 31
0.0
  0
HATCH
  5
12F92
330
12F88
100
AcDbEntity
  8
0
  6
ByBlock
 62
     0
370
    -2
100
AcDbHatch
 10
0.0
 20
0.0
 30
0.0
210
0.0
220
0.0
230
1.0
  2
SOLID
 70
     1
 71
     0
 91
        1
 92
        1
 93
        1
 72
     2
 10
0.0
 20
0.0
 40
1.149999999999999
 50
0.0
 51
360.0
 73
     1
 97
        0
 75
     1
 76
     1
 98
        1
 10
-219.0
 20
-206.7640451696034
450
        0
451
        0
460
0.0
461
0.0
452
        0
462
1.0
453
        2
463
0.0
 63
     5
421
      255
463
1.0
 63
     2
421
 16776960
470
LINEAR
1001
GradientColor1ACI
1070
     5
1001
GradientColor2ACI
1070
     2
1001
ACAD
1010
0.0
1020
0.0
1030
0.0
  0
CIRCLE
  5
12F93
330
12F88
100
AcDbEntity
  8
0
  6
ByBlock
 62
     0
370
    -2
100
AcDbCircle
 10
0.0
 20
0.0
 30
0.0
 40
1.149999999999999
  0
ENDBLK
  5
12F8A
330
12F88
100
AcDbEntity
  8
0
100
AcDbBlockEnd
  0
BLOCK
  5
12F96
330
12F95
100
AcDbEntity
  8
0
100
AcDbBlockBegin
  2
GLV-H
 70
     0
 10
0.0
 20
0.0
 30
0.0
  3
GLV-H
  1

  0
LWPOLYLINE
  5
12F98
330
12F95
100
AcDbEntity
  8
0
  6
ByBlock
 62
     0
370
    -2
100
AcDbPolyline
 90
        4
 70
     1
 43
0.0
 10
-3.0
 20
2.0
 10
3.0
 20
-2.0
 10
3.0
 20
2.0
 10
-3.0
 20
-2.0
  0
LWPOLYLINE
  5
12F99
330
12F95
100
AcDbEntity
  8
0
  6
ByBlock
 62
     0
370
    -2
100
AcDbPolyline
 90
        2
 70
     0
 43
0.0
 10
0.0
 20
0.0
 10
0.0
 20
4.899936500635703
  0
LWPOLYLINE
  5
12F9A
330
12F95
100
AcDbEntity
  8
0
  6
ByBlock
 62
     0
370
    -2
100
AcDbPolyline
 90
        4
 70
     1
 43
0.0
 10
-2.491277716062313
 20
8.332252857379103
 10
2.491277716062313
 20
8.332252857379103
 10
2.491277716062313
 20
4.899936500635703
 10
-2.491277716062313
 20
4.899936500635703
  0
LINE
  5
12F9B
330
12F95
100
AcDbEntity
  8
0
  6
ByBlock
 62
     0
370
    -2
100
AcDbLine
 10
-2.491277716062313
 20
6.616094679007403
 30
0.0
 11
2.491277716062313
 21
6.616094679007403
 31
0.0
  0
TEXT
  5
12F9C
330
12F95
100
AcDbEntity
  8
0
  6
ByBlock
 62
     0
370
    -2
100
AcDbText
 10
-1.047619047619047
 20
5.311943409097978
 30
0.0
 40
2.0
  1
H
  7
Romans
 72
     1
 11
0.0
 21
6.311943409097978
 31
0.0
100
AcDbText
 73
     2
  0
LINE
  5
12F9D
330
12F95
100
AcDbEntity
  8
0
  6
ByBlock
 62
     0
370
    -2
100
AcDbLine
 10
3.0
 20
0.0
 30
0.0
 11
6.682453782612128
 21
0.0
 31
0.0
  0
LINE
  5
12F9E
330
12F95
100
AcDbEntity
  8
0
  6
ByBlock
 62
     0
370
    -2
100
AcDbLine
 10
-3.0
 20
0.0
 30
0.0
 11
-6.682453782612128
 21
0.0
 31
0.0
  0
HATCH
  5
12F9F
330
12F95
100
AcDbEntity
  8
0
  6
ByBlock
 62
     0
370
    -2
100
AcDbHatch
 10
0.0
 20
0.0
 30
0.0
210
0.0
220
0.0
230
1.0
  2
SOLID
 70
     1
 71
     0
 91
        1
 92
        1
 93
        1
 72
     2
 10
0.0
 20
0.0
 40
1.149999999999999
 50
0.0
 51
360.0
 73
     1
 97
        0
 75
     1
 76
     1
 98
        1
 10
-219.0
 20
-206.7640451696034
450
        0
451
        0
460
0.0
461
0.0
452
        0
462
1.0
453
        2
463
0.0
 63
     5
421
      255
463
1.0
 63
     2
421
 16776960
470
LINEAR
1001
GradientColor1ACI
1070
     5
1001
GradientColor2ACI
1070
     2
1001
ACAD
1010
0.0
1020
0.0
1030
0.0
  0
CIRCLE
  5
12FA0
330
12F95
100
AcDbEntity
  8
0
  6
ByBlock
 62
     0
370
    -2
100
AcDbCircle
 10
0.0
 20
0.0
 30
0.0
 40
1.149999999999999
  0
ENDBLK
  5
12F97
330
12F95
100
AcDbEntity
  8
0
100
AcDbBlockEnd
  0
BLOCK
  5
12FA3
330
12FA2
100
AcDbEntity
  8
0
100
AcDbBlockBegin
  2
GLV-A
 70
     0
 10
0.0
 20
0.0
 30
0.0
  3
GLV-A
  1

  0
LINE
  5
12FA5
330
12FA2
100
AcDbEntity
  8
0
  6
ByBlock
 62
     0
370
    -2
100
AcDbLine
 10
0.0
 20
-3.0
 30
0.0
 11
0.0
 21
-6.682453782612128
 31
0.0
  0
LWPOLYLINE
  5
12FA6
330
12FA2
100
AcDbEntity
  8
0
  6
ByBlock
 62
     0
370
    -2
100
AcDbPolyline
 90
        4
 70
     0
 43
0.0
 10
2.0
 20
-3.0
 10
0.0
 20
0.0
 10
-2.0
 20
-3.0
 10
2.0
 20
-3.0
  0
LINE
  5
12FA7
330
12FA2
100
AcDbEntity
  8
0
  6
ByBlock
 62
     0
370
    -2
100
AcDbLine
 10
3.0
 20
0.0
 30
0.0
 11
6.682453782612128
 21
0.0
 31
0.0
  0
LWPOLYLINE
  5
12FA8
330
12FA2
100
AcDbEntity
  8
0
  6
ByBlock
 62
     0
370
    -2
100
AcDbPolyline
 90
        4
 70
     0
 43
0.0
 10
3.0
 20
2.0
 10
0.0
 20
0.0
 10
3.0
 20
-2.0
 10
3.0
 20
2.0
  0
ENDBLK
  5
12FA4
330
12FA2
100
AcDbEntity
  8
0
100
AcDbBlockEnd
  0
BLOCK
  5
12FB2
330
12FB1
100
AcDbEntity
  8
0
100
AcDbBlockBegin
  2
GLV-P1
 70
     0
 10
0.0
 20
0.0
 30
0.0
  3
GLV-P1
  1

  0
LWPOLYLINE
  5
12FB4
330
12FB1
100
AcDbEntity
  8
0
  6
ByBlock
 62
     0
370
    -2
100
AcDbPolyline
 90
        2
 70
     0
 43
0.0
 10
0.0
 20
0.0
 10
0.0
 20
2.93127485906848
  0
LWPOLYLINE
  5
12FB5
330
12FB1
100
AcDbEntity
  8
0
  6
ByBlock
 62
     0
370
    -2
100
AcDbPolyline
 90
        2
 70
     1
 43
0.0
 10
-2.331411768750285
 20
2.93127485906848
 10
2.331411768750285
 20
2.93127485906848
 42
0.9668797960269568
  0
LINE
  5
12FB6
330
12FB1
100
AcDbEntity
  8
0
  6
ByBlock
 62
     0
370
    -2
100
AcDbLine
 10
0.0
 20
-3.0
 30
0.0
 11
0.0
 21
-6.682453782612128
 31
0.0
  0
LWPOLYLINE
  5
12FB7
330
12FB1
100
AcDbEntity
  8
0
  6
ByBlock
 62
     0
370
    -2
100
AcDbPolyline
 90
        4
 70
     0
 43
0.0
 10
2.0
 20
-3.0
 10
0.0
 20
0.0
 10
-2.0
 20
-3.0
 10
2.0
 20
-3.0
  0
LINE
  5
12FB8
330
12FB1
100
AcDbEntity
  8
0
  6
ByBlock
 62
     0
370
    -2
100
AcDbLine
 10
3.0
 20
0.0
 30
0.0
 11
6.682453782612128
 21
0.0
 31
0.0
  0
LWPOLYLINE
  5
12FB9
330
12FB1
100
AcDbEntity
  8
0
  6
ByBlock
 62
     0
370
    -2
100
AcDbPolyline
 90
        4
 70
     0
 43
0.0
 10
3.0
 20
2.0
 10
0.0
 20
0.0
 10
3.0
 20
-2.0
 10
3.0
 20
2.0
  0
ENDBLK
  5
12FB3
330
12FB1
100
AcDbEntity
  8
0
100
AcDbBlockEnd
  0
BLOCK
  5
12FBC
330
12FBB
100
AcDbEntity
  8
0
100
AcDbBlockBegin
  2
GLV-M1
 70
     0
 10
0.0
 20
0.0
 30
0.0
  3
GLV-M1
  1

  0
LWPOLYLINE
  5
13289
330
12FBB
100
AcDbEntity
  8
0
  6
ByBlock
 62
     0
370
    -2
100
AcDbPolyline
 90
        2
 70
     0
 43
0.0
 10
0.0
 20
0.0
 10
0.0
 20
3.773063046697643
  0
LWPOLYLINE
  5
1328A
330
12FBB
100
AcDbEntity
  8
0
  6
ByBlock
 62
     0
370
    -2
100
AcDbPolyline
 90
        4
 70
     1
 43
0.0
 10
-2.491277716062313
 20
7.205379403441042
 10
2.491277716062313
 20
7.205379403441042
 10
2.491277716062313
 20
3.773063046697643
 10
-2.491277716062313
 20
3.773063046697643
  0
LINE
  5
1328B
330
12FBB
100
AcDbEntity
  8
0
  6
ByBlock
 62
     0
370
    -2
100
AcDbLine
 10
-2.491277716062313
 20
5.489221225069343
 30
0.0
 11
2.491277716062313
 21
5.489221225069343
 31
0.0
  0
TEXT
  5
1328C
330
12FBB
100
AcDbEntity
  8
0
  6
ByBlock
 62
     0
370
    -2
100
AcDbText
 10
-1.142857142857142
 20
4.869634791990769
 30
0.0
 40
2.0
  1
M
  7
Romans
 72
     1
 11
0.0
 21
5.869634791990769
 31
0.0
100
AcDbText
 73
     2
  0
LINE
  5
1328D
330
12FBB
100
AcDbEntity
  8
0
  6
ByBlock
 62
     0
370
    -2
100
AcDbLine
 10
0.0
 20
-3.0
 30
0.0
 11
0.0
 21
-6.682453782612128
 31
0.0
  0
LWPOLYLINE
  5
1328E
330
12FBB
100
AcDbEntity
  8
0
  6
ByBlock
 62
     0
370
    -2
100
AcDbPolyline
 90
        4
 70
     0
 43
0.0
 10
2.0
 20
-3.0
 10
0.0
 20
0.0
 10
-2.0
 20
-3.0
 10
2.0
 20
-3.0
  0
LINE
  5
1328F
330
12FBB
100
AcDbEntity
  8
0
  6
ByBlock
 62
     0
370
    -2
100
AcDbLine
 10
3.0
 20
0.0
 30
0.0
 11
6.682453782612128
 21
0.0
 31
0.0
  0
LWPOLYLINE
  5
13290
330
12FBB
100
AcDbEntity
  8
0
  6
ByBlock
 62
     0
370
    -2
100
AcDbPolyline
 90
        4
 70
     0
 43
0.0
 10
3.0
 20
2.0
 10
0.0
 20
0.0
 10
3.0
 20
-2.0
 10
3.0
 20
2.0
  0
ENDBLK
  5
12FBD
330
12FBB
100
AcDbEntity
  8
0
100
AcDbBlockEnd
  0
BLOCK
  5
12FC8
330
12FC7
100
AcDbEntity
  8
0
100
AcDbBlockBegin
  2
GLV-N
 70
     0
 10
0.0
 20
0.0
 30
0.0
  3
GLV-N
  1

  0
LWPOLYLINE
  5
12FCA
330
12FC7
100
AcDbEntity
  8
0
  6
ByBlock
 62
     0
370
    -2
100
AcDbPolyline
 90
        4
 70
     1
 43
0.0
 10
-3.0
 20
2.0
 10
3.0
 20
-2.0
 10
3.0
 20
2.0
 10
-3.0
 20
-2.0
  0
LINE
  5
12FCB
330
12FC7
100
AcDbEntity
  8
0
  6
ByBlock
 62
     0
370
    -2
100
AcDbLine
 10
3.0
 20
0.0
 30
0.0
 11
6.682453782612128
 21
0.0
 31
0.0
  0
LINE
  5
12FCC
330
12FC7
100
AcDbEntity
  8
0
  6
ByBlock
 62
     0
370
    -2
100
AcDbLine
 10
-3.0
 20
0.0
 30
0.0
 11
-6.682453782612128
 21
0.0
 31
0.0
  0
LINE
  5
12FCD
330
12FC7
100
AcDbEntity
  8
0
  6
ByBlock
 62
     0
370
    -2
100
AcDbLine
 10
0.0
 20
-1.300000000000011
 30
0.0
 11
0.0
 21
1.300000000000011
 31
0.0
  0
ENDBLK
  5
12FC9
330
12FC7
100
AcDbEntity
  8
0
100
AcDbBlockEnd
  0
BLOCK
  5
13019
330
13018
100
AcDbEntity
  8
0
100
AcDbBlockBegin
  2
BV-MH1
 70
     0
 10
0.0
 20
0.0
 30
0.0
  3
BV-MH1
  1

  0
LWPOLYLINE
  5
1301B
330
13018
100
AcDbEntity
  8
0
  6
ByBlock
 62
     0
370
    -2
100
AcDbPolyline
 90
        4
 70
     1
 43
0.0
 10
-3.0
 20
2.0
 10
3.0
 20
-2.0
 10
3.0
 20
2.0
 10
-3.0
 20
-2.0
  0
LINE
  5
1301C
330
13018
100
AcDbEntity
  8
0
  6
ByBlock
 62
     0
370
    -2
100
AcDbLine
 10
3.0
 20
0.0
 30
0.0
 11
6.682453782612128
 21
0.0
 31
0.0
  0
LINE
  5
1301D
330
13018
100
AcDbEntity
  8
0
  6
ByBlock
 62
     0
370
    -2
100
AcDbLine
 10
-3.0
 20
0.0
 30
0.0
 11
-6.682453782612128
 21
0.0
 31
0.0
  0
CIRCLE
  5
1301E
330
13018
100
AcDbEntity
  8
0
  6
ByBlock
 62
     0
370
    -2
100
AcDbCircle
 10
0.0
 20
0.0
 30
0.0
 40
1.149999999999999
  0
ENDBLK
  5
1301A
330
13018
100
AcDbEntity
  8
0
100
AcDbBlockEnd
  0
BLOCK
  5
13028
330
13027
100
AcDbEntity
  8
0
100
AcDbBlockBegin
  2
BV-MH2
 70
     0
 10
0.0
 20
0.0
 30
0.0
  3
BV-MH2
  1

  0
LWPOLYLINE
  5
1302A
330
13027
100
AcDbEntity
  8
0
  6
ByBlock
 62
     0
370
    -2
100
AcDbPolyline
 90
        4
 70
     1
 43
0.0
 10
-3.0
 20
2.0
 10
3.0
 20
-2.0
 10
3.0
 20
2.0
 10
-3.0
 20
-2.0
  0
LINE
  5
1302B
330
13027
100
AcDbEntity
  8
0
  6
ByBlock
 62
     0
370
    -2
100
AcDbLine
 10
3.0
 20
0.0
 30
0.0
 11
6.682453782612128
 21
0.0
 31
0.0
  0
LINE
  5
1302C
330
13027
100
AcDbEntity
  8
0
  6
ByBlock
 62
     0
370
    -2
100
AcDbLine
 10
-3.0
 20
0.0
 30
0.0
 11
-6.682453782612128
 21
0.0
 31
0.0
  0
CIRCLE
  5
1302D
330
13027
100
AcDbEntity
  8
0
  6
ByBlock
 62
     0
370
    -2
100
AcDbCircle
 10
0.0
 20
0.0
 30
0.0
 40
2.0
  0
ENDBLK
  5
13029
330
13027
100
AcDbEntity
  8
0
100
AcDbBlockEnd
  0
BLOCK
  5
13030
330
1302F
100
AcDbEntity
  8
0
100
AcDbBlockBegin
  2
BV-MH3
 70
     0
 10
0.0
 20
0.0
 30
0.0
  3
BV-MH3
  1

  0
LWPOLYLINE
  5
13032
330
1302F
100
AcDbEntity
  8
0
  6
ByBlock
 62
     0
370
    -2
100
AcDbPolyline
 90
        4
 70
     1
 43
0.0
 10
-3.0
 20
2.0
 10
3.0
 20
-2.0
 10
3.0
 20
2.0
 10
-3.0
 20
-2.0
  0
LINE
  5
13033
330
1302F
100
AcDbEntity
  8
0
  6
ByBlock
 62
     0
370
    -2
100
AcDbLine
 10
3.0
 20
0.0
 30
0.0
 11
6.682453782612128
 21
0.0
 31
0.0
  0
LINE
  5
13034
330
1302F
100
AcDbEntity
  8
0
  6
ByBlock
 62
     0
370
    -2
100
AcDbLine
 10
-3.0
 20
0.0
 30
0.0
 11
-6.682453782612128
 21
0.0
 31
0.0
  0
CIRCLE
  5
13035
330
1302F
100
AcDbEntity
  8
0
  6
ByBlock
 62
     0
370
    -2
100
AcDbCircle
 10
0.0
 20
0.0
 30
0.0
 40
1.149999999999999
  0
LWPOLYLINE
  5
13036
330
1302F
100
AcDbEntity
  8
0
  6
ByBlock
 62
     0
370
    -2
100
AcDbPolyline
 90
        2
 70
     0
 43
0.0
 10
0.0
 20
1.150000000000005
 10
0.0
 20
4.899936500635703
  0
LWPOLYLINE
  5
13037
330
1302F
100
AcDbEntity
  8
0
  6
ByBlock
 62
     0
370
    -2
100
AcDbPolyline
 90
        4
 70
     1
 43
0.0
 10
-2.491277716062313
 20
8.332252857379103
 10
2.491277716062313
 20
8.332252857379103
 10
2.491277716062313
 20
4.899936500635703
 10
-2.491277716062313
 20
4.899936500635703
  0
LINE
  5
13038
330
1302F
100
AcDbEntity
  8
0
  6
ByBlock
 62
     0
370
    -2
100
AcDbLine
 10
-2.491277716062313
 20
6.616094679007403
 30
0.0
 11
2.491277716062313
 21
6.616094679007403
 31
0.0
  0
TEXT
  5
13039
330
1302F
100
AcDbEntity
  8
0
  6
ByBlock
 62
     0
370
    -2
100
AcDbText
 10
-1.047619047619047
 20
5.311943409097978
 30
0.0
 40
2.0
  1
H
  7
Romans
 72
     1
 11
0.0
 21
6.311943409097978
 31
0.0
100
AcDbText
 73
     2
  0
ENDBLK
  5
13031
330
1302F
100
AcDbEntity
  8
0
100
AcDbBlockEnd
  0
BLOCK
  5
1308C
330
1308B
100
AcDbEntity
  8
0
100
AcDbBlockBegin
  2
PV-MH1
 70
     0
 10
0.0
 20
0.0
 30
0.0
  3
PV-MH1
  1

  0
LWPOLYLINE
  5
1308E
330
1308B
100
AcDbEntity
  8
0
  6
ByBlock
 62
     0
370
    -2
100
AcDbPolyline
 90
        4
 70
     1
 43
0.0
 10
-3.0
 20
2.0
 10
3.0
 20
-2.0
 10
3.0
 20
2.0
 10
-3.0
 20
-2.0
  0
LINE
  5
1308F
330
1308B
100
AcDbEntity
  8
0
  6
ByBlock
 62
     0
370
    -2
100
AcDbLine
 10
3.0
 20
0.0
 30
0.0
 11
6.682453782612128
 21
0.0
 31
0.0
  0
LINE
  5
13090
330
1308B
100
AcDbEntity
  8
0
  6
ByBlock
 62
     0
370
    -2
100
AcDbLine
 10
-3.0
 20
0.0
 30
0.0
 11
-6.682453782612128
 21
0.0
 31
0.0
  0
LWPOLYLINE
  5
13091
330
1308B
100
AcDbEntity
  8
0
  6
ByBlock
 62
     0
370
    -2
100
AcDbPolyline
 90
        4
 70
     1
 43
0.0
 10
0.6584247091368525
 20
-1.000451863661965
 10
1.698138954246985
 20
1.132092636164657
 10
-1.698138954246985
 20
1.132092636164657
 10
-0.6584247091368525
 20
-1.000451863661965
  0
ENDBLK
  5
1308D
330
1308B
100
AcDbEntity
  8
0
100
AcDbBlockEnd
  0
BLOCK
  5
13094
330
13093
100
AcDbEntity
  8
0
100
AcDbBlockBegin
  2
PV-MH2
 70
     0
 10
0.0
 20
0.0
 30
0.0
  3
PV-MH2
  1

  0
LWPOLYLINE
  5
13096
330
13093
100
AcDbEntity
  8
0
  6
ByBlock
 62
     0
370
    -2
100
AcDbPolyline
 90
        4
 70
     1
 43
0.0
 10
-3.0
 20
2.0
 10
3.0
 20
-2.0
 10
3.0
 20
2.0
 10
-3.0
 20
-2.0
  0
LINE
  5
13097
330
13093
100
AcDbEntity
  8
0
  6
ByBlock
 62
     0
370
    -2
100
AcDbLine
 10
3.0
 20
0.0
 30
0.0
 11
6.682453782612128
 21
0.0
 31
0.0
  0
LINE
  5
13098
330
13093
100
AcDbEntity
  8
0
  6
ByBlock
 62
     0
370
    -2
100
AcDbLine
 10
-3.0
 20
0.0
 30
0.0
 11
-6.682453782612128
 21
0.0
 31
0.0
  0
LWPOLYLINE
  5
13099
330
13093
100
AcDbEntity
  8
0
  6
ByBlock
 62
     0
370
    -2
100
AcDbPolyline
 90
        4
 70
     1
 43
0.0
 10
-1.449568901432485
 20
0.0000000000000568
 10
0.0
 20
1.449568901432428
 10
1.449568901432371
 20
0.0000000000000568
 10
0.0
 20
-1.449568901432428
  0
ENDBLK
  5
13095
330
13093
100
AcDbEntity
  8
0
100
AcDbBlockEnd
  0
BLOCK
  5
1309C
330
1309B
100
AcDbEntity
  8
0
100
AcDbBlockBegin
  2
PV-MH3
 70
     0
 10
0.0
 20
0.0
 30
0.0
  3
PV-MH3
  1

  0
LWPOLYLINE
  5
1309E
330
1309B
100
AcDbEntity
  8
0
  6
ByBlock
 62
     0
370
    -2
100
AcDbPolyline
 90
        4
 70
     1
 43
0.0
 10
-3.0
 20
2.0
 10
3.0
 20
-2.0
 10
3.0
 20
2.0
 10
-3.0
 20
-2.0
  0
LINE
  5
1309F
330
1309B
100
AcDbEntity
  8
0
  6
ByBlock
 62
     0
370
    -2
100
AcDbLine
 10
3.0
 20
0.0
 30
0.0
 11
6.682453782612128
 21
0.0
 31
0.0
  0
LINE
  5
130A0
330
1309B
100
AcDbEntity
  8
0
  6
ByBlock
 62
     0
370
    -2
100
AcDbLine
 10
-3.0
 20
0.0
 30
0.0
 11
-6.682453782612128
 21
0.0
 31
0.0
  0
LWPOLYLINE
  5
130A1
330
1309B
100
AcDbEntity
  8
0
  6
ByBlock
 62
     0
370
    -2
100
AcDbPolyline
 90
        4
 70
     1
 43
0.0
 10
0.6584247091368525
 20
-1.000451863661965
 10
1.698138954246985
 20
1.132092636164657
 10
-1.698138954246985
 20
1.132092636164657
 10
-0.6584247091368525
 20
-1.000451863661965
  0
LWPOLYLINE
  5
130A2
330
1309B
100
AcDbEntity
  8
0
  6
ByBlock
 62
     0
370
    -2
100
AcDbPolyline
 90
        2
 70
     0
 43
0.0
 10
0.0
 20
1.132092636164657
 10
0.0
 20
4.899936500635703
  0
LWPOLYLINE
  5
130A3
330
1309B
100
AcDbEntity
  8
0
  6
ByBlock
 62
     0
370
    -2
100
AcDbPolyline
 90
        4
 70
     1
 43
0.0
 10
-2.491277716062313
 20
8.332252857379103
 10
2.491277716062313
 20
8.332252857379103
 10
2.491277716062313
 20
4.899936500635703
 10
-2.491277716062313
 20
4.899936500635703
  0
LINE
  5
130A4
330
1309B
100
AcDbEntity
  8
0
  6
ByBlock
 62
     0
370
    -2
100
AcDbLine
 10
-2.491277716062313
 20
6.616094679007403
 30
0.0
 11
2.491277716062313
 21
6.616094679007403
 31
0.0
  0
TEXT
  5
130A5
330
1309B
100
AcDbEntity
  8
0
  6
ByBlock
 62
     0
370
    -2
100
AcDbText
 10
-1.142857142857142
 20
5.311943409097978
 30
0.0
 40
2.0
  1
M
  7
Romans
 72
     1
 11
0.0
 21
6.311943409097978
 31
0.0
100
AcDbText
 73
     2
  0
ENDBLK
  5
1309D
330
1309B
100
AcDbEntity
  8
0
100
AcDbBlockEnd
  0
BLOCK
  5
130AF
330
130AE
100
AcDbEntity
  8
0
100
AcDbBlockBegin
  2
BTV-1
 70
     0
 10
0.0
 20
0.0
 30
0.0
  3
BTV-1
  1

  0
LWPOLYLINE
  5
130B1
330
130AE
100
AcDbEntity
  8
0
  6
ByBlock
 62
     0
370
    -2
100
AcDbPolyline
 90
        4
 70
     1
 43
0.0
 10
-3.0
 20
2.0
 10
3.0
 20
-2.0
 10
3.0
 20
2.0
 10
-3.0
 20
-2.0
  0
LINE
  5
130B2
330
130AE
100
AcDbEntity
  8
0
  6
ByBlock
 62
     0
370
    -2
100
AcDbLine
 10
3.0
 20
0.0
 30
0.0
 11
6.682453782612128
 21
0.0
 31
0.0
  0
LINE
  5
130B3
330
130AE
100
AcDbEntity
  8
0
  6
ByBlock
 62
     0
370
    -2
100
AcDbLine
 10
-3.0
 20
0.0
 30
0.0
 11
-6.682453782612128
 21
0.0
 31
0.0
  0
LINE
  5
130B4
330
130AE
100
AcDbEntity
  8
0
  6
ByBlock
 62
     0
370
    -2
100
AcDbLine
 10
-0.6483516409082313
 20
-1.325744331182818
 30
0.0
 11
0.6483516409082313
 21
1.325744331182818
 31
0.0
  0
ENDBLK
  5
130B0
330
130AE
100
AcDbEntity
  8
0
100
AcDbBlockEnd
  0
BLOCK
  5
130B7
330
130B6
100
AcDbEntity
  8
0
100
AcDbBlockBegin
  2
BTV-2
 70
     0
 10
0.0
 20
0.0
 30
0.0
  3
BTV-2
  1

  0
LWPOLYLINE
  5
130B9
330
130B6
100
AcDbEntity
  8
0
  6
ByBlock
 62
     0
370
    -2
100
AcDbPolyline
 90
        4
 70
     0
 43
0.0
 10
-3.0
 20
-2.0
 10
-3.0
 20
2.0
 10
3.0
 20
-2.0
 10
3.0
 20
2.0
  0
LINE
  5
130BA
330
130B6
100
AcDbEntity
  8
0
  6
ByBlock
 62
     0
370
    -2
100
AcDbLine
 10
3.0
 20
0.0
 30
0.0
 11
6.682453782612128
 21
0.0
 31
0.0
  0
LINE
  5
130BB
330
130B6
100
AcDbEntity
  8
0
  6
ByBlock
 62
     0
370
    -2
100
AcDbLine
 10
-3.0
 20
0.0
 30
0.0
 11
-6.682453782612128
 21
0.0
 31
0.0
  0
HATCH
  5
130BC
330
130B6
100
AcDbEntity
  8
0
  6
ByBlock
 62
     0
370
    -2
100
AcDbHatch
 10
0.0
 20
0.0
 30
0.0
210
0.0
220
0.0
230
1.0
  2
SOLID
 70
     1
 71
     0
 91
        1
 92
        1
 93
        1
 72
     2
 10
0.0
 20
0.0
 40
0.6
 50
0.0
 51
360.0
 73
     1
 97
        0
 75
     1
 76
     1
 98
        1
 10
-236.2659574156614
 20
-163.0957331186285
450
        0
451
        0
460
0.0
461
0.0
452
        0
462
1.0
453
        2
463
0.0
 63
     5
421
      255
463
1.0
 63
     2
421
 16776960
470
LINEAR
1001
GradientColor1ACI
1070
     5
1001
GradientColor2ACI
1070
     2
1001
ACAD
1010
0.0
1020
0.0
1030
0.0
  0
CIRCLE
  5
130BD
330
130B6
100
AcDbEntity
  8
0
  6
ByBlock
 62
     0
370
    -2
100
AcDbCircle
 10
0.0
 20
0.0
 30
0.0
 40
0.6
  0
ENDBLK
  5
130B8
330
130B6
100
AcDbEntity
  8
0
100
AcDbBlockEnd
  0
BLOCK
  5
130C0
330
130BF
100
AcDbEntity
  8
0
100
AcDbBlockBegin
  2
BTV-3
 70
     0
 10
0.0
 20
0.0
 30
0.0
  3
BTV-3
  1

  0
LINE
  5
13523
330
130BF
100
AcDbEntity
  8
0
  6
ByBlock
 62
     0
370
    -2
100
AcDbLine
 10
3.0
 20
0.0
 30
0.0
 11
6.682453782612128
 21
0.0
 31
0.0
  0
LINE
  5
13524
330
130BF
100
AcDbEntity
  8
0
  6
ByBlock
 62
     0
370
    -2
100
AcDbLine
 10
-3.0
 20
0.0
 30
0.0
 11
-6.682453782612128
 21
0.0
 31
0.0
  0
HATCH
  5
13525
330
130BF
100
AcDbEntity
  8
0
  6
ByBlock
 62
     0
370
    -2
100
AcDbHatch
 10
0.0
 20
0.0
 30
0.0
210
0.0
220
0.0
230
1.0
  2
SOLID
 70
     1
 71
     0
 91
        1
 92
        1
 93
        1
 72
     2
 10
0.0
 20
0.0
 40
0.6
 50
0.0
 51
360.0
 73
     1
 97
        0
 75
     1
 76
     1
 98
        1
 10
-236.2659574156614
 20
-163.0957331186285
450
        0
451
        0
460
0.0
461
0.0
452
        0
462
1.0
453
        2
463
0.0
 63
     5
421
      255
463
1.0
 63
     2
421
 16776960
470
LINEAR
1001
GradientColor1ACI
1070
     5
1001
GradientColor2ACI
1070
     2
1001
ACAD
1010
0.0
1020
0.0
1030
0.0
  0
CIRCLE
  5
13526
330
130BF
100
AcDbEntity
  8
0
  6
ByBlock
 62
     0
370
    -2
100
AcDbCircle
 10
0.0
 20
0.0
 30
0.0
 40
0.6
  0
LWPOLYLINE
  5
13527
330
130BF
100
AcDbEntity
  8
0
  6
ByBlock
 62
     0
370
    -2
100
AcDbPolyline
 90
        4
 70
     1
 43
0.0
 10
-3.0
 20
2.0
 10
3.0
 20
2.0
 10
3.0
 20
-2.0
 10
-3.0
 20
-2.0
  0
LINE
  5
13528
330
130BF
100
AcDbEntity
  8
0
  6
ByBlock
 62
     0
370
    -2
100
AcDbLine
 10
-2.220919558959508
 20
-1.480613039306319
 30
0.0
 11
2.220919558959479
 21
1.480613039306348
 31
0.0
  0
LWPOLYLINE
  5
13529
330
130BF
100
AcDbEntity
  8
0
  6
ByBlock
 62
     0
370
    -2
100
AcDbPolyline
 90
        2
 70
     0
 43
0.0
 10
0.0
 20
1.099999999999994
 10
0.0
 20
4.702591173607515
  0
LWPOLYLINE
  5
1352A
330
130BF
100
AcDbEntity
  8
0
  6
ByBlock
 62
     0
370
    -2
100
AcDbPolyline
 90
        2
 70
     1
 43
0.0
 10
-1.966177303826384
 20
4.702591173607515
 10
1.966177303826384
 20
4.702591173607515
 42
0.9668797960269568
  0
ENDBLK
  5
130C1
330
130BF
100
AcDbEntity
  8
0
100
AcDbBlockEnd
  0
BLOCK
  5
130D3
330
130D2
100
AcDbEntity
  8
0
100
AcDbBlockBegin
  2
PO-1
 70
     0
 10
0.0
 20
0.0
 30
0.0
  3
PO-1
  1

  0
HATCH
  5
130D5
330
130D2
100
AcDbEntity
  8
0
  6
ByBlock
 62
     0
370
    -2
100
AcDbHatch
 10
0.0
 20
0.0
 30
0.0
210
0.0
220
0.0
230
1.0
  2
SOLID
 70
     1
 71
     0
 91
        2
 92
        7
 72
     0
 73
     1
 93
        3
 10
2.75
 20
2.0
 10
0.0
 20
0.0
 10
2.75
 20
-2.0
 97
        0
 92
        7
 72
     0
 73
     1
 93
        3
 10
-2.75
 20
2.0
 10
-2.75
 20
-2.0
 10
0.0
 20
0.0
 97
        0
 75
     1
 76
     1
 47
0.0506698399167548
 98
        2
 10
1.057835905438423
 20
-0.0827982545874875
 10
-1.934502507781417
 20
0.1705506267267083
450
        0
451
        0
460
0.0
461
0.0
452
        0
462
1.0
453
        2
463
0.0
 63
     5
421
      255
463
1.0
 63
     2
421
 16776960
470
LINEAR
1001
GradientColor1ACI
1070
     5
1001
GradientColor2ACI
1070
     2
1001
ACAD
1010
0.0
1020
0.0
1030
0.0
  0
LWPOLYLINE
  5
130D6
330
130D2
100
AcDbEntity
  8
0
  6
ByBlock
 62
     0
370
    -2
100
AcDbPolyline
 90
        4
 70
     1
 43
0.0
 10
-2.75
 20
2.0
 10
2.75
 20
-2.0
 10
2.75
 20
2.0
 10
-2.75
 20
-2.0
  0
LWPOLYLINE
  5
130D7
330
130D2
100
AcDbEntity
  8
0
  6
ByBlock
 62
     0
370
    -2
100
AcDbPolyline
 90
        2
 70
     0
 43
0.0
 10
0.0
 20
0.0
 10
0.0
 20
3.100010790721398
  0
LWPOLYLINE
  5
130D8
330
130D2
100
AcDbEntity
  8
0
  6
ByBlock
 62
     0
370
    -2
100
AcDbPolyline
 90
        2
 70
     1
 43
0.0
 10
-1.966177303826384
 20
3.100010790721398
 10
1.966177303826384
 20
3.100010790721398
 42
0.9668797960269568
  0
LWPOLYLINE
  5
130D9
330
130D2
100
AcDbEntity
  8
0
  6
ByBlock
 62
     0
370
    -2
100
AcDbPolyline
 90
        4
 70
     0
 43
0.0
 10
0.0
 20
0.0
 10
4.966668270021727
 20
6.13920696175694
 10
0.0
 20
6.13920696175694
 10
0.0
 20
5.001067901197899
  0
ENDBLK
  5
130D4
330
130D2
100
AcDbEntity
  8
0
100
AcDbBlockEnd
  0
BLOCK
  5
130E3
330
130E2
100
AcDbEntity
  8
0
100
AcDbBlockBegin
  2
PO-2
 70
     0
 10
0.0
 20
0.0
 30
0.0
  3
PO-2
  1

  0
LWPOLYLINE
  5
130E5
330
130E2
100
AcDbEntity
  8
0
  6
ByBlock
 62
     0
370
    -2
100
AcDbPolyline
 90
        4
 70
     1
 43
0.0
 10
2.75
 20
2.0
 10
-2.75
 20
-2.0
 10
-2.75
 20
2.0
 10
2.75
 20
-2.0
  0
LWPOLYLINE
  5
130E6
330
130E2
100
AcDbEntity
  8
0
  6
ByBlock
 62
     0
370
    -2
100
AcDbPolyline
 90
        2
 70
     0
 43
0.0
 10
0.0
 20
0.0
 10
0.0
 20
3.100010790721398
  0
LWPOLYLINE
  5
130E7
330
130E2
100
AcDbEntity
  8
0
  6
ByBlock
 62
     0
370
    -2
100
AcDbPolyline
 90
        2
 70
     1
 43
0.0
 10
1.966177303826384
 20
3.100010790721398
 10
-1.966177303826384
 20
3.100010790721398
 42
-0.9668797960269568
  0
LWPOLYLINE
  5
130E8
330
130E2
100
AcDbEntity
  8
0
  6
ByBlock
 62
     0
370
    -2
100
AcDbPolyline
 90
        4
 70
     0
 43
0.0
 10
0.0
 20
0.0
 10
-4.966668270021727
 20
6.13920696175694
 10
0.0
 20
6.13920696175694
 10
0.0
 20
5.001067901197899
  0
ENDBLK
  5
130E4
330
130E2
100
AcDbEntity
  8
0
100
AcDbBlockEnd
  0
BLOCK
  5
130EB
330
130EA
100
AcDbEntity
  8
0
100
AcDbBlockBegin
  2
SC
 70
     0
 10
0.0
 20
0.0
 30
0.0
  3
SC
  1

  0
HATCH
  5
130ED
330
130EA
100
AcDbEntity
  8
0
  6
ByBlock
 62
     0
370
    -2
100
AcDbHatch
 10
0.0
 20
0.0
 30
0.0
210
0.0
220
0.0
230
1.0
  2
SOLID
 70
     1
 71
     0
 91
        2
 92
        7
 72
     0
 73
     1
 93
        3
 10
2.75
 20
2.0
 10
0.0
 20
0.0
 10
2.75
 20
-2.0
 97
        0
 92
        7
 72
     0
 73
     1
 93
        3
 10
-2.75
 20
2.0
 10
-2.75
 20
-2.0
 10
0.0
 20
0.0
 97
        0
 75
     1
 76
     1
 47
0.0506698399167548
 98
        2
 10
1.057835905438423
 20
-0.0827982545874875
 10
-1.934502507781417
 20
0.1705506267267083
450
        0
451
        0
460
0.0
461
0.0
452
        0
462
1.0
453
        2
463
0.0
 63
     5
421
      255
463
1.0
 63
     2
421
 16776960
470
LINEAR
1001
GradientColor1ACI
1070
     5
1001
GradientColor2ACI
1070
     2
1001
ACAD
1010
0.0
1020
0.0
1030
0.0
  0
LWPOLYLINE
  5
130EE
330
130EA
100
AcDbEntity
  8
0
  6
ByBlock
 62
     0
370
    -2
100
AcDbPolyline
 90
        4
 70
     1
 43
0.0
 10
-2.75
 20
2.0
 10
2.75
 20
-2.0
 10
2.75
 20
2.0
 10
-2.75
 20
-2.0
  0
LWPOLYLINE
  5
130EF
330
130EA
100
AcDbEntity
  8
0
  6
ByBlock
 62
     0
370
    -2
100
AcDbPolyline
 90
        2
 70
     0
 43
0.0
 10
0.0
 20
0.0
 10
0.0
 20
4.466168969093104
  0
LINE
  5
130F0
330
130EA
100
AcDbEntity
  8
0
  6
ByBlock
 62
     0
370
    -2
100
AcDbLine
 10
-2.75
 20
0.0
 30
0.0
 11
-6.432453782612128
 21
0.0
 31
0.0
  0
LINE
  5
130F1
330
130EA
100
AcDbEntity
  8
0
  6
ByBlock
 62
     0
370
    -2
100
AcDbLine
 10
6.432453782612128
 20
0.0
 30
0.0
 11
2.75
 21
0.0
 31
0.0
  0
LWPOLYLINE
  5
130F2
330
130EA
100
AcDbEntity
  8
0
  6
ByBlock
 62
     0
370
    -2
100
AcDbPolyline
 90
        4
 70
     1
 43
0.0
 10
-2.191277716062302
 20
5.832327147464809
 10
2.191277716062302
 20
5.832327147464809
 10
2.191277716062302
 20
3.100010790721398
 10
-2.191277716062302
 20
3.100010790721398
  0
LINE
  5
130F3
330
130EA
100
AcDbEntity
  8
0
  6
ByBlock
 62
     0
370
    -2
100
AcDbLine
 10
-2.191277716062302
 20
4.466168969093104
 30
0.0
 11
2.191277716062302
 21
4.466168969093104
 31
0.0
  0
TEXT
  5
130F4
330
130EA
100
AcDbEntity
  8
0
  6
ByBlock
 62
     0
370
    -2
100
AcDbText
 10
-0.9523809523809523
 20
3.466168969093104
 30
0.0
 40
2.0
  1
S
  7
Romans
 72
     1
 11
0.0
 21
4.466168969093104
 31
0.0
100
AcDbText
 73
     2
  0
ENDBLK
  5
130EC
330
130EA
100
AcDbEntity
  8
0
100
AcDbBlockEnd
  0
BLOCK
  5
130F7
330
130F6
100
AcDbEntity
  8
0
100
AcDbBlockBegin
  2
TW
 70
     0
 10
0.0
 20
0.0
 30
0.0
  3
TW
  1

  0
LINE
  5
130F9
330
130F6
100
AcDbEntity
  8
0
  6
ByBlock
 62
     0
370
    -2
100
AcDbLine
 10
0.0
 20
-3.0
 30
0.0
 11
0.0
 21
-6.682453782612128
 31
0.0
  0
LWPOLYLINE
  5
130FA
330
130F6
100
AcDbEntity
  8
0
  6
ByBlock
 62
     0
370
    -2
100
AcDbPolyline
 90
        4
 70
     0
 43
0.0
 10
2.0
 20
-3.0
 10
0.0
 20
0.0
 10
-2.0
 20
-3.0
 10
2.0
 20
-3.0
  0
LINE
  5
130FB
330
130F6
100
AcDbEntity
  8
0
  6
ByBlock
 62
     0
370
    -2
100
AcDbLine
 10
3.0
 20
0.0
 30
0.0
 11
6.682453782612128
 21
0.0
 31
0.0
  0
LWPOLYLINE
  5
130FC
330
130F6
100
AcDbEntity
  8
0
  6
ByBlock
 62
     0
370
    -2
100
AcDbPolyline
 90
        4
 70
     0
 43
0.0
 10
3.0
 20
2.0
 10
0.0
 20
0.0
 10
3.0
 20
-2.0
 10
3.0
 20
2.0
  0
LINE
  5
130FD
330
130F6
100
AcDbEntity
  8
0
  6
ByBlock
 62
     0
370
    -2
100
AcDbLine
 10
-3.0
 20
0.0
 30
0.0
 11
-6.682453782612128
 21
0.0
 31
0.0
  0
LWPOLYLINE
  5
130FE
330
130F6
100
AcDbEntity
  8
0
  6
ByBlock
 62
     0
370
    -2
100
AcDbPolyline
 90
        4
 70
     0
 43
0.0
 10
-3.0
 20
2.0
 10
0.0
 20
0.0
 10
-3.0
 20
-2.0
 10
-3.0
 20
2.0
  0
ENDBLK
  5
130F8
330
130F6
100
AcDbEntity
  8
0
100
AcDbBlockEnd
  0
BLOCK
  5
13101
330
13100
100
AcDbEntity
  8
0
100
AcDbBlockBegin
  2
DV-D1
 70
     0
 10
0.0
 20
0.0
 30
0.0
  3
DV-D1
  1

  0
LWPOLYLINE
  5
13103
330
13100
100
AcDbEntity
  8
0
  6
ByBlock
 62
     0
370
    -2
100
AcDbPolyline
 90
        4
 70
     1
 43
0.0
 10
-3.0
 20
2.0
 10
3.0
 20
-2.0
 10
3.0
 20
2.0
 10
-3.0
 20
-2.0
  0
LINE
  5
13104
330
13100
100
AcDbEntity
  8
0
  6
ByBlock
 62
     0
370
    -2
100
AcDbLine
 10
3.0
 20
0.0
 30
0.0
 11
6.682453782612128
 21
0.0
 31
0.0
  0
LINE
  5
13105
330
13100
100
AcDbEntity
  8
0
  6
ByBlock
 62
     0
370
    -2
100
AcDbLine
 10
-3.0
 20
0.0
 30
0.0
 11
-6.682453782612128
 21
0.0
 31
0.0
  0
ARC
  5
13106
330
13100
100
AcDbEntity
  8
0
  6
ByBlock
 62
     0
370
    -2
100
AcDbCircle
 10
0.0
 20
0.0
 30
0.0
 40
1.7
100
AcDbArc
 50
33.69006752598025
 51
146.3099324740197
  0
ENDBLK
  5
13102
330
13100
100
AcDbEntity
  8
0
100
AcDbBlockEnd
  0
BLOCK
  5
13110
330
1310F
100
AcDbEntity
  8
0
100
AcDbBlockBegin
  2
DV-D2
 70
     0
 10
0.0
 20
0.0
 30
0.0
  3
DV-D2
  1

  0
LWPOLYLINE
  5
13112
330
1310F
100
AcDbEntity
  8
0
  6
ByBlock
 62
     0
370
    -2
100
AcDbPolyline
 90
        5
 70
     1
 43
0.0
 10
6.0
 20
0.0
 10
0.0
 20
0.0
 10
0.0
 20
-2.812694437835943
 10
3.0
 20
-0.8126944378359439
 10
6.0
 20
-2.812694437835943
  0
ENDBLK
  5
13111
330
1310F
100
AcDbEntity
  8
0
100
AcDbBlockEnd
  0
BLOCK
  5
13115
330
13114
100
AcDbEntity
  8
0
100
AcDbBlockBegin
  2
DV-M
 70
     0
 10
0.0
 20
0.0
 30
0.0
  3
DV-M
  1

  0
LWPOLYLINE
  5
13117
330
13114
100
AcDbEntity
  8
0
  6
ByBlock
 62
     0
370
    -2
100
AcDbPolyline
 90
        4
 70
     1
 43
0.0
 10
-3.0
 20
2.0
 10
3.0
 20
-2.0
 10
3.0
 20
2.0
 10
-3.0
 20
-2.0
  0
ARC
  5
13118
330
13114
100
AcDbEntity
  8
0
  6
ByBlock
 62
     0
370
    -2
100
AcDbCircle
 10
0.0
 20
0.0
 30
0.0
 40
1.7
100
AcDbArc
 50
33.69006752598025
 51
146.3099324740197
  0
LWPOLYLINE
  5
13119
330
13114
100
AcDbEntity
  8
0
  6
ByBlock
 62
     0
370
    -2
100
AcDbPolyline
 90
        2
 70
     0
 43
0.0
 10
0.0
 20
1.699999999999988
 10
0.0
 20
5.502006197197658
  0
LWPOLYLINE
  5
1311A
330
13114
100
AcDbEntity
  8
0
  6
ByBlock
 62
     0
370
    -2
100
AcDbPolyline
 90
        4
 70
     1
 43
0.0
 10
-2.491277716062313
 20
8.934322553941058
 10
2.491277716062313
 20
8.934322553941058
 10
2.491277716062313
 20
5.502006197197658
 10
-2.491277716062313
 20
5.502006197197658
  0
LINE
  5
1311B
330
13114
100
AcDbEntity
  8
0
  6
ByBlock
 62
     0
370
    -2
100
AcDbLine
 10
-2.491277716062313
 20
7.218164375569358
 30
0.0
 11
2.491277716062313
 21
7.218164375569358
 31
0.0
  0
TEXT
  5
1311C
330
13114
100
AcDbEntity
  8
0
  6
ByBlock
 62
     0
370
    -2
100
AcDbText
 10
-1.142857142857142
 20
5.914013105659932
 30
0.0
 40
2.0
  1
M
  7
Romans
 72
     1
 11
0.0
 21
6.914013105659932
 31
0.0
100
AcDbText
 73
     2
  0
ENDBLK
  5
13116
330
13114
100
AcDbEntity
  8
0
100
AcDbBlockEnd
  0
BLOCK
  5
1311F
330
1311E
100
AcDbEntity
  8
0
100
AcDbBlockBegin
  2
CV-1
 70
     0
 10
0.0
 20
0.0
 30
0.0
  3
CV-1
  1

  0
LWPOLYLINE
  5
13121
330
1311E
100
AcDbEntity
  8
0
  6
ByBlock
 62
     0
370
    -2
100
AcDbPolyline
 90
        3
 70
     0
 43
0.0
 10
0.0
 20
-2.0
 10
0.0
 20
2.0
 10
4.452661535991694
 20
-0.9684410239944725
  0
LWPOLYLINE
  5
13122
330
1311E
100
AcDbEntity
  8
0
  6
ByBlock
 62
     0
370
    -2
100
AcDbPolyline
 90
        2
 70
     0
 43
0.0
 10
6.0
 20
-2.0
 10
6.0
 20
2.0
  0
LINE
  5
13123
330
1311E
100
AcDbEntity
  8
0
  6
ByBlock
 62
     0
370
    -2
100
AcDbLine
 10
6.0
 20
0.0
 30
0.0
 11
9.682453782612128
 21
0.0
 31
0.0
  0
LINE
  5
13124
330
1311E
100
AcDbEntity
  8
0
  6
ByBlock
 62
     0
370
    -2
100
AcDbLine
 10
0.0
 20
0.0
 30
0.0
 11
-3.682453782612128
 21
0.0
 31
0.0
  0
HATCH
  5
13125
330
1311E
100
AcDbEntity
  8
0
  6
ByBlock
 62
     0
370
    -2
100
AcDbHatch
 10
0.0
 20
0.0
 30
0.0
210
0.0
220
0.0
230
1.0
  2
SOLID
 70
     1
 71
     0
 91
        1
 92
        1
 93
        1
 72
     2
 10
0.0
 20
2.0
 40
0.6
 50
0.0
 51
360.0
 73
     1
 97
        0
 75
     1
 76
     1
 98
        1
 10
-236.2659574156614
 20
-161.0957331186285
450
        0
451
        0
460
0.0
461
0.0
452
        0
462
1.0
453
        2
463
0.0
 63
     5
421
      255
463
1.0
 63
     2
421
 16776960
470
LINEAR
1001
GradientColor1ACI
1070
     5
1001
GradientColor2ACI
1070
     2
1001
ACAD
1010
0.0
1020
0.0
1030
0.0
  0
CIRCLE
  5
13126
330
1311E
100
AcDbEntity
  8
0
  6
ByBlock
 62
     0
370
    -2
100
AcDbCircle
 10
0.0
 20
2.0
 30
0.0
 40
0.6
  0
HATCH
  5
13127
330
1311E
100
AcDbEntity
  8
0
  6
ByBlock
 62
     0
370
    -2
100
AcDbHatch
 10
0.0
 20
0.0
 30
0.0
210
0.0
220
0.0
230
1.0
  2
SOLID
 70
     1
 71
     0
 91
        1
 92
        7
 72
     0
 73
     1
 93
        4
 10
4.465742314577767
 20
0.2107919312085755
 10
4.452661535991637
 20
-0.968441023994444
 10
3.369169876798878
 20
-1.434066725459729
 10
6.0
 20
-2.0
 97
        0
 75
     1
 76
     1
 47
0.0409387425036625
 98
        1
 10
4.855786312504108
 20
-1.498401656857197
450
        0
451
        0
460
0.0
461
0.0
452
        0
462
1.0
453
        2
463
0.0
 63
     5
421
      255
463
1.0
 63
     2
421
 16776960
470
LINEAR
1001
GradientColor1ACI
1070
     5
1001
GradientColor2ACI
1070
     2
1001
ACAD
1010
0.0
1020
0.0
1030
0.0
  0
LWPOLYLINE
  5
13128
330
1311E
100
AcDbEntity
  8
0
  6
ByBlock
 62
     0
370
    -2
100
AcDbPolyline
 90
        4
 70
     1
 43
0.0
 10
6.0
 20
-2.0
 10
4.465742314577767
 20
0.2107919312085755
 10
4.452661535991637
 20
-0.968441023994444
 10
3.369169876798878
 20
-1.434066725459729
  0
ENDBLK
  5
13120
330
1311E
100
AcDbEntity
  8
0
100
AcDbBlockEnd
  0
BLOCK
  5
13132
330
13131
100
AcDbEntity
  8
0
100
AcDbBlockBegin
  2
CV-2
 70
     0
 10
0.0
 20
0.0
 30
0.0
  3
CV-2
  1

  0
LWPOLYLINE
  5
13338
330
13131
100
AcDbEntity
  8
0
  6
ByBlock
 62
     0
370
    -2
100
AcDbPolyline
 90
        3
 70
     0
 43
0.0
 10
0.0
 20
-2.0
 10
0.0
 20
2.0
 10
-4.452661535991694
 20
-0.9684410239944725
  0
LWPOLYLINE
  5
13339
330
13131
100
AcDbEntity
  8
0
  6
ByBlock
 62
     0
370
    -2
100
AcDbPolyline
 90
        2
 70
     0
 43
0.0
 10
-6.0
 20
-2.0
 10
-6.0
 20
2.0
  0
LINE
  5
1333A
330
13131
100
AcDbEntity
  8
0
  6
ByBlock
 62
     0
370
    -2
100
AcDbLine
 10
-6.0
 20
0.0
 30
0.0
 11
-9.682453782612128
 21
0.0
 31
0.0
  0
LINE
  5
1333B
330
13131
100
AcDbEntity
  8
0
  6
ByBlock
 62
     0
370
    -2
100
AcDbLine
 10
0.0
 20
0.0
 30
0.0
 11
3.682453782612128
 21
0.0
 31
0.0
  0
HATCH
  5
1333C
330
13131
100
AcDbEntity
  8
0
  6
ByBlock
 62
     0
370
    -2
100
AcDbHatch
 10
0.0
 20
0.0
 30
0.0
210
0.0
220
0.0
230
1.0
  2
SOLID
 70
     1
 71
     0
 91
        1
 92
        1
 93
        1
 72
     2
 10
0.0
 20
2.0
 40
0.6
 50
-180.0
 51
180.0
 73
     0
 97
        0
 75
     1
 76
     1
 98
        1
 10
236.2659574156614
 20
-161.0957331186285
450
        0
451
        0
460
0.0
461
0.0
452
        0
462
1.0
453
        2
463
0.0
 63
     5
421
      255
463
1.0
 63
     2
421
 16776960
470
LINEAR
1001
GradientColor1ACI
1070
     5
1001
GradientColor2ACI
1070
     2
1001
ACAD
1010
0.0
1020
0.0
1030
0.0
  0
CIRCLE
  5
1333D
330
13131
100
AcDbEntity
  8
0
  6
ByBlock
 62
     0
370
    -2
100
AcDbCircle
 10
0.0
 20
2.0
 30
0.0
 40
0.6
  0
HATCH
  5
1333E
330
13131
100
AcDbEntity
  8
0
  6
ByBlock
 62
     0
370
    -2
100
AcDbHatch
 10
0.0
 20
0.0
 30
0.0
210
0.0
220
0.0
230
1.0
  2
SOLID
 70
     1
 71
     0
 91
        1
 92
        7
 72
     0
 73
     1
 93
        4
 10
-4.465742314577767
 20
0.2107919312085755
 10
-4.452661535991637
 20
-0.968441023994444
 10
-3.369169876798878
 20
-1.434066725459729
 10
-6.0
 20
-2.0
 97
        0
 75
     1
 76
     1
 47
0.0409387425036625
 98
        1
 10
-4.855786312504108
 20
-1.498401656857197
450
        0
451
        0
460
0.0
461
0.0
452
        0
462
1.0
453
        2
463
0.0
 63
     5
421
      255
463
1.0
 63
     2
421
 16776960
470
LINEAR
1001
GradientColor1ACI
1070
     5
1001
GradientColor2ACI
1070
     2
1001
ACAD
1010
0.0
1020
0.0
1030
0.0
  0
LWPOLYLINE
  5
1333F
330
13131
100
AcDbEntity
  8
0
  6
ByBlock
 62
     0
370
    -2
100
AcDbPolyline
 90
        4
 70
     1
 43
0.0
 10
-6.0
 20
-2.0
 10
-4.465742314577767
 20
0.2107919312085755
 10
-4.452661535991637
 20
-0.968441023994444
 10
-3.369169876798878
 20
-1.434066725459729
  0
ENDBLK
  5
13133
330
13131
100
AcDbEntity
  8
0
100
AcDbBlockEnd
  0
BLOCK
  5
1313E
330
1313D
100
AcDbEntity
  8
0
100
AcDbBlockBegin
  2
STC
 70
     0
 10
0.0
 20
0.0
 30
0.0
  3
STC
  1

  0
LWPOLYLINE
  5
13347
330
1313D
100
AcDbEntity
  8
0
  6
ByBlock
 62
     0
370
    -2
100
AcDbPolyline
 90
        3
 70
     0
 43
0.0
 10
0.0
 20
-2.0
 10
0.0
 20
2.0
 10
-4.452661535991694
 20
-0.9684410239944725
  0
LWPOLYLINE
  5
13348
330
1313D
100
AcDbEntity
  8
0
  6
ByBlock
 62
     0
370
    -2
100
AcDbPolyline
 90
        2
 70
     0
 43
0.0
 10
-6.0
 20
-2.0
 10
-6.0
 20
2.0
  0
LINE
  5
13349
330
1313D
100
AcDbEntity
  8
0
  6
ByBlock
 62
     0
370
    -2
100
AcDbLine
 10
-6.0
 20
0.0
 30
0.0
 11
-9.682453782612128
 21
0.0
 31
0.0
  0
LINE
  5
1334A
330
1313D
100
AcDbEntity
  8
0
  6
ByBlock
 62
     0
370
    -2
100
AcDbLine
 10
0.0
 20
0.0
 30
0.0
 11
3.682453782612128
 21
0.0
 31
0.0
  0
HATCH
  5
1334B
330
1313D
100
AcDbEntity
  8
0
  6
ByBlock
 62
     0
370
    -2
100
AcDbHatch
 10
0.0
 20
0.0
 30
0.0
210
0.0
220
0.0
230
1.0
  2
SOLID
 70
     1
 71
     0
 91
        1
 92
        1
 93
        1
 72
     2
 10
0.0
 20
2.0
 40
0.6
 50
-180.0
 51
180.0
 73
     0
 97
        0
 75
     1
 76
     1
 98
        1
 10
236.2659574156614
 20
-161.0957331186285
450
        0
451
        0
460
0.0
461
0.0
452
        0
462
1.0
453
        2
463
0.0
 63
     5
421
      255
463
1.0
 63
     2
421
 16776960
470
LINEAR
1001
GradientColor1ACI
1070
     5
1001
GradientColor2ACI
1070
     2
1001
ACAD
1010
0.0
1020
0.0
1030
0.0
  0
CIRCLE
  5
1334C
330
1313D
100
AcDbEntity
  8
0
  6
ByBlock
 62
     0
370
    -2
100
AcDbCircle
 10
0.0
 20
2.0
 30
0.0
 40
0.6
  0
HATCH
  5
1334D
330
1313D
100
AcDbEntity
  8
0
  6
ByBlock
 62
     0
370
    -2
100
AcDbHatch
 10
0.0
 20
0.0
 30
0.0
210
0.0
220
0.0
230
1.0
  2
SOLID
 70
     1
 71
     0
 91
        1
 92
        7
 72
     0
 73
     1
 93
        4
 10
-4.465742314577767
 20
0.2107919312085755
 10
-4.452661535991637
 20
-0.968441023994444
 10
-3.369169876798878
 20
-1.434066725459729
 10
-6.0
 20
-2.0
 97
        0
 75
     1
 76
     1
 47
0.0409387425036625
 98
        1
 10
-4.855786312504108
 20
-1.498401656857197
450
        0
451
        0
460
0.0
461
0.0
452
        0
462
1.0
453
        2
463
0.0
 63
     5
421
      255
463
1.0
 63
     2
421
 16776960
470
LINEAR
1001
GradientColor1ACI
1070
     5
1001
GradientColor2ACI
1070
     2
1001
ACAD
1010
0.0
1020
0.0
1030
0.0
  0
LWPOLYLINE
  5
1334E
330
1313D
100
AcDbEntity
  8
0
  6
ByBlock
 62
     0
370
    -2
100
AcDbPolyline
 90
        4
 70
     1
 43
0.0
 10
-6.0
 20
-2.0
 10
-4.465742314577767
 20
0.2107919312085755
 10
-4.452661535991637
 20
-0.968441023994444
 10
-3.369169876798878
 20
-1.434066725459729
  0
LINE
  5
1334F
330
1313D
100
AcDbEntity
  8
0
  6
ByBlock
 62
     0
370
    -2
100
AcDbLine
 10
-3.0
 20
0.0
 30
0.0
 11
-3.0
 21
3.286053072959873
 31
0.0
  0
LINE
  5
13350
330
1313D
100
AcDbEntity
  8
0
  6
ByBlock
 62
     0
370
    -2
100
AcDbLine
 10
-4.5
 20
3.286053072959873
 30
0.0
 11
-1.5
 21
3.286053072959873
 31
0.0
  0
ENDBLK
  5
1313F
330
1313D
100
AcDbEntity
  8
0
100
AcDbBlockEnd
  0
BLOCK
  5
1314C
330
1314B
100
AcDbEntity
  8
0
100
AcDbBlockBegin
  2
SG-1
 70
     0
 10
0.0
 20
0.0
 30
0.0
  3
SG-1
  1

  0
LWPOLYLINE
  5
1314E
330
1314B
100
AcDbEntity
  8
0
  6
ByBlock
 62
     0
370
    -2
100
AcDbPolyline
 90
        2
 70
     0
 43
0.0
 10
0.0
 20
0.0
 10
0.0
 20
5.984078451320215
  0
LINE
  5
1314F
330
1314B
100
AcDbEntity
  8
0
  6
ByBlock
 62
     0
370
    -2
100
AcDbLine
 10
0.0
 20
-3.0
 30
0.0
 11
0.0
 21
-6.682453782612128
 31
0.0
  0
LWPOLYLINE
  5
13150
330
1314B
100
AcDbEntity
  8
0
  6
ByBlock
 62
     0
370
    -2
100
AcDbPolyline
 90
        4
 70
     0
 43
0.0
 10
2.0
 20
-3.0
 10
0.0
 20
0.0
 10
-2.0
 20
-3.0
 10
2.0
 20
-3.0
  0
LINE
  5
13151
330
1314B
100
AcDbEntity
  8
0
  6
ByBlock
 62
     0
370
    -2
100
AcDbLine
 10
3.0
 20
0.0
 30
0.0
 11
6.682453782612128
 21
0.0
 31
0.0
  0
LWPOLYLINE
  5
13152
330
1314B
100
AcDbEntity
  8
0
  6
ByBlock
 62
     0
370
    -2
100
AcDbPolyline
 90
        4
 70
     0
 43
0.0
 10
3.0
 20
2.0
 10
0.0
 20
0.0
 10
3.0
 20
-2.0
 10
3.0
 20
2.0
  0
LINE
  5
13153
330
1314B
100
AcDbEntity
  8
0
  6
ByBlock
 62
     0
370
    -2
100
AcDbLine
 10
-1.313514352897982
 20
3.440370138569079
 30
0.0
 11
1.313514352897982
 21
5.29171437545429
 31
0.0
  0
LINE
  5
13154
330
1314B
100
AcDbEntity
  8
0
  6
ByBlock
 62
     0
370
    -2
100
AcDbLine
 10
-1.313514352897982
 20
2.645380843018102
 30
0.0
 11
1.313514352897982
 21
4.496725079903313
 31
0.0
  0
LINE
  5
13155
330
1314B
100
AcDbEntity
  8
0
  6
ByBlock
 62
     0
370
    -2
100
AcDbLine
 10
-1.313514352897982
 20
1.850391547467125
 30
0.0
 11
1.313514352897982
 21
3.701735784352337
 31
0.0
  0
ENDBLK
  5
1314D
330
1314B
100
AcDbEntity
  8
0
100
AcDbBlockEnd
  0
BLOCK
  5
1315F
330
1315E
100
AcDbEntity
  8
0
100
AcDbBlockBegin
  2
SG-2
 70
     0
 10
0.0
 20
0.0
 30
0.0
  3
SG-2
  1

  0
LWPOLYLINE
  5
13161
330
1315E
100
AcDbEntity
  8
0
  6
ByBlock
 62
     0
370
    -2
100
AcDbPolyline
 90
        2
 70
     0
 43
0.0
 10
0.0
 20
0.0
 10
0.0
 20
5.984078451320215
  0
LINE
  5
13162
330
1315E
100
AcDbEntity
  8
0
  6
ByBlock
 62
     0
370
    -2
100
AcDbLine
 10
0.0
 20
-3.0
 30
0.0
 11
0.0
 21
-6.682453782612128
 31
0.0
  0
LWPOLYLINE
  5
13163
330
1315E
100
AcDbEntity
  8
0
  6
ByBlock
 62
     0
370
    -2
100
AcDbPolyline
 90
        4
 70
     0
 43
0.0
 10
-2.0
 20
-3.0
 10
0.0
 20
0.0
 10
2.0
 20
-3.0
 10
-2.0
 20
-3.0
  0
LINE
  5
13164
330
1315E
100
AcDbEntity
  8
0
  6
ByBlock
 62
     0
370
    -2
100
AcDbLine
 10
-3.0
 20
0.0
 30
0.0
 11
-6.682453782612128
 21
0.0
 31
0.0
  0
LWPOLYLINE
  5
13165
330
1315E
100
AcDbEntity
  8
0
  6
ByBlock
 62
     0
370
    -2
100
AcDbPolyline
 90
        4
 70
     0
 43
0.0
 10
-3.0
 20
2.0
 10
0.0
 20
0.0
 10
-3.0
 20
-2.0
 10
-3.0
 20
2.0
  0
LINE
  5
13166
330
1315E
100
AcDbEntity
  8
0
  6
ByBlock
 62
     0
370
    -2
100
AcDbLine
 10
1.313514352897982
 20
3.440370138569079
 30
0.0
 11
-1.313514352897982
 21
5.29171437545429
 31
0.0
  0
LINE
  5
13167
330
1315E
100
AcDbEntity
  8
0
  6
ByBlock
 62
     0
370
    -2
100
AcDbLine
 10
1.313514352897982
 20
2.645380843018102
 30
0.0
 11
-1.313514352897982
 21
4.496725079903313
 31
0.0
  0
LINE
  5
13168
330
1315E
100
AcDbEntity
  8
0
  6
ByBlock
 62
     0
370
    -2
100
AcDbLine
 10
1.313514352897982
 20
1.850391547467125
 30
0.0
 11
-1.313514352897982
 21
3.701735784352337
 31
0.0
  0
ENDBLK
  5
13160
330
1315E
100
AcDbEntity
  8
0
100
AcDbBlockEnd
  0
BLOCK
  5
1316B
330
1316A
100
AcDbEntity
  8
0
100
AcDbBlockBegin
  2
RL
 70
     0
 10
0.0
 20
0.0
 30
0.0
  3
RL
  1

  0
LWPOLYLINE
  5
1316D
330
1316A
100
AcDbEntity
  8
0
  6
ByBlock
 62
     0
370
    -2
100
AcDbPolyline
 90
        2
 70
     0
 43
0.0
 10
0.0
 20
-4.102591173607521
 10
0.0
 20
0.0
  0
LWPOLYLINE
  5
1316E
330
1316A
100
AcDbEntity
  8
0
  6
ByBlock
 62
     0
370
    -2
100
AcDbPolyline
 90
        2
 70
     1
 43
0.0
 10
-1.966177303826384
 20
0.0
 10
1.966177303826384
 20
0.0
 42
0.9668797960269568
  0
LINE
  5
1316F
330
1316A
100
AcDbEntity
  8
0
  6
ByBlock
 62
     0
370
    -2
100
AcDbLine
 10
1.966177303826384
 20
0.0
 30
0.0
 11
1.966177303826384
 21
-0.6214953730062689
 31
0.0
  0
LINE
  5
13170
330
1316A
100
AcDbEntity
  8
0
  6
ByBlock
 62
     0
370
    -2
100
AcDbLine
 10
1.966177303826384
 20
-0.6214953730062689
 30
0.0
 11
0.0
 21
-0.6214953730062689
 31
0.0
  0
LINE
  5
13171
330
1316A
100
AcDbEntity
  8
0
  6
ByBlock
 62
     0
370
    -2
100
AcDbLine
 10
1.966177303826384
 20
-0.3107476865031344
 30
0.0
 11
5.914515738563068
 21
-0.3107476865031344
 31
0.0
  0
ENDBLK
  5
1316C
330
1316A
100
AcDbEntity
  8
0
100
AcDbBlockEnd
  0
BLOCK
  5
13174
330
13173
100
AcDbEntity
  8
0
100
AcDbBlockBegin
  2
PINCH
 70
     0
 10
0.0
 20
0.0
 30
0.0
  3
PINCH
  1

  0
LWPOLYLINE
  5
13176
330
13173
100
AcDbEntity
  8
0
  6
ByBlock
 62
     0
370
    -2
100
AcDbPolyline
 90
        4
 70
     1
 43
0.0
 10
-3.0
 20
2.0
 10
3.0
 20
-2.0
 10
3.0
 20
2.0
 10
-3.0
 20
-2.0
  0
LINE
  5
13177
330
13173
100
AcDbEntity
  8
0
  6
ByBlock
 62
     0
370
    -2
100
AcDbLine
 10
3.0
 20
0.0
 30
0.0
 11
6.682453782612128
 21
0.0
 31
0.0
  0
LINE
  5
13178
330
13173
100
AcDbEntity
  8
0
  6
ByBlock
 62
     0
370
    -2
100
AcDbLine
 10
-3.0
 20
0.0
 30
0.0
 11
-6.682453782612128
 21
0.0
 31
0.0
  0
LWPOLYLINE
  5
13179
330
13173
100
AcDbEntity
  8
0
  6
ByBlock
 62
     0
370
    -2
100
AcDbPolyline
 90
        3
 70
     0
 43
0.0
 10
-1.551527078497031
 20
2.049462257507641
 10
0.0
 20
1.015110871842949
 10
1.551527078497031
 20
2.049462257507641
  0
LWPOLYLINE
  5
1317A
330
13173
100
AcDbEntity
  8
0
  6
ByBlock
 62
     0
370
    -2
100
AcDbPolyline
 90
        3
 70
     0
 43
0.0
 10
-1.551527078497031
 20
-2.049462257507641
 10
0.0
 20
-1.015110871842949
 10
1.551527078497031
 20
-2.049462257507641
  0
ENDBLK
  5
13175
330
13173
100
AcDbEntity
  8
0
100
AcDbBlockEnd
  0
BLOCK
  5
1317D
330
1317C
100
AcDbEntity
  8
0
100
AcDbBlockBegin
  2
GAUGE
 70
     0
 10
0.0
 20
0.0
 30
0.0
  3
GAUGE
  1

  0
CIRCLE
  5
1317F
330
1317C
100
AcDbEntity
  8
0
  6
ByBlock
 62
     0
370
    -2
100
AcDbCircle
 10
0.0
 20
1.349999999999994
 30
0.0
 40
1.35
  0
LINE
  5
13180
330
1317C
100
AcDbEntity
  8
0
  6
ByBlock
 62
     0
370
    -2
100
AcDbLine
 10
0.0
 20
0.0
 30
0.0
 11
0.0
 21
-2.139849170183907
 31
0.0
  0
LINE
  5
13181
330
1317C
100
AcDbEntity
  8
0
  6
ByBlock
 62
     0
370
    -2
100
AcDbLine
 10
0.0
 20
-3.832141665474438
 30
0.0
 11
0.0
 21
-5.110094605965542
 31
0.0
  0
LWPOLYLINE
  5
13182
330
1317C
100
AcDbEntity
  8
0
  6
ByBlock
 62
     0
370
    -2
100
AcDbPolyline
 90
        4
 70
     1
 43
0.0
 10
0.5640974984301579
 20
-2.139849170183907
 10
-0.5640974984302148
 20
-3.832141665474438
 10
0.5640974984301579
 20
-3.832141665474438
 10
-0.5640974984302148
 20
-2.139849170183907
  0
LINE
  5
13183
330
1317C
100
AcDbEntity
  8
0
  6
ByBlock
 62
     0
370
    -2
100
AcDbLine
 10
-0.0000000000000568
 20
-1.252126164515544
 30
0.0
 11
1.116295008638076
 21
-1.252126164515544
 31
0.0
  0
LWPOLYLINE
  5
13184
330
1317C
100
AcDbEntity
  8
0
  6
ByBlock
 62
     0
370
    -2
100
AcDbPolyline
 90
        4
 70
     1
 43
0.0
 10
1.116295008638076
 20
-0.688028666085387
 10
2.808587503928606
 20
-1.816223662945759
 10
2.808587503928606
 20
-0.688028666085387
 10
1.116295008638076
 20
-1.816223662945759
  0
ENDBLK
  5
1317E
330
1317C
100
AcDbEntity
  8
0
100
AcDbBlockEnd
  0
BLOCK
  5
1318E
330
1318D
100
AcDbEntity
  8
0
100
AcDbBlockBegin
  2
ORIFICE
 70
     0
 10
0.0
 20
0.0
 30
0.0
  3
ORIFICE
  1

  0
LINE
  5
13190
330
1318D
100
AcDbEntity
  8
0
  6
ByBlock
 62
     0
370
    -2
100
AcDbLine
 10
-1.016720683296625
 20
2.693700563664549
 30
0.0
 11
-1.016720683296625
 21
-2.693700563664549
 31
0.0
  0
LINE
  5
13191
330
1318D
100
AcDbEntity
  8
0
  6
ByBlock
 62
     0
370
    -2
100
AcDbLine
 10
1.016720683296625
 20
2.693700563664549
 30
0.0
 11
1.016720683296625
 21
-2.693700563664549
 31
0.0
  0
LINE
  5
13192
330
1318D
100
AcDbEntity
  8
0
  6
ByBlock
 62
     0
370
    -2
100
AcDbLine
 10
0.0
 20
2.037954915016428
 30
0.0
 11
0.0
 21
-2.037954915016428
 31
0.0
  0
LINE
  5
13193
330
1318D
100
AcDbEntity
  8
0
  6
ByBlock
 62
     0
370
    -2
100
AcDbLine
 10
1.016720683296625
 20
0.0
 30
0.0
 11
2.353650062728775
 21
0.0
 31
0.0
  0
LINE
  5
13194
330
1318D
100
AcDbEntity
  8
0
  6
ByBlock
 62
     0
370
    -2
100
AcDbLine
 10
-1.016720683296625
 20
0.0
 30
0.0
 11
-2.353650062728775
 21
0.0
 31
0.0
  0
ENDBLK
  5
1318F
330
1318D
100
AcDbEntity
  8
0
100
AcDbBlockEnd
  0
BLOCK
  5
13599
330
13595
100
AcDbEntity
  8
0
100
AcDbBlockBegin
  2
A$Ce88d4986
 70
     0
 10
0.0
 20
0.0
 30
0.0
  3
A$Ce88d4986
  1

  0
INSERT
  5
13596
330
13595
100
AcDbEntity
  8
Plumbing
100
AcDbBlockReference
  2
CV-1
 10
3.682453782612128
 20
2.0
 30
0.0
  0
ENDBLK
  5
1359A
330
13595
100
AcDbEntity
  8
0
100
AcDbBlockEnd
  0
BLOCK
  5
135BC
330
135B8
100
AcDbEntity
  8
0
100
AcDbBlockBegin
  2
A$C3a99db70
 70
     0
 10
0.0
 20
0.0
 30
0.0
  3
A$C3a99db70
  1

  0
MTEXT
  5
135B9
102
{ACAD_XDICTIONARY
360
147DE
102
}
330
135B8
100
AcDbEntity
  8
Plumbing
100
AcDbMText
 10
0.0
 20
5.871461342331713
 30
0.0
 40
5.871461342331713
 41
50.0
 46
0.0
 71
     1
 72
     5
  1
\A1;\pi18.16394;N{\H0.7x;\S^ 2;}O
  7
Romans-450
 73
     1
 44
1.0
1001
ACAD
1000
ACAD_MTEXT_COLUMN_INFO_BEGIN
1070
    75
1070
     2
1070
    79
1070
     0
1070
    76
1070
     1
1070
    78
1070
     0
1070
    48
1040
50.0
1070
    49
1040
29.35730671165856
1070
    50
1070
     1
1040
0.0
1000
ACAD_MTEXT_COLUMN_INFO_END
  0
ENDBLK
  5
135BD
330
135B8
100
AcDbEntity
  8
0
100
AcDbBlockEnd
  0
BLOCK
  5
13A42
330
13A3E
100
AcDbEntity
  8
0
100
AcDbBlockBegin
  2
A$Cdffe5fdf
 70
     0
 10
0.0
 20
0.0
 30
0.0
  3
A$Cdffe5fdf
  1

  0
MTEXT
  5
13A3F
102
{ACAD_XDICTIONARY
360
147F2
102
}
330
13A3E
100
AcDbEntity
  8
Boundaries
100
AcDbMText
 10
100.0
 20
21.0
 30
0.0
 40
14.0
 41
200.0
 46
0.0
 71
     5
 72
     5
  1
Ground Support Equipment
  7
Romans-450
 73
     1
 44
1.0
1001
ACAD
1000
ACAD_MTEXT_COLUMN_INFO_BEGIN
1070
    75
1070
     2
1070
    79
1070
     0
1070
    76
1070
     1
1070
    78
1070
     0
1070
    48
1040
200.0
1070
    49
1040
29.35730671165856
1070
    50
1070
     1
1040
0.0
1000
ACAD_MTEXT_COLUMN_INFO_END
  0
ENDBLK
  5
13A43
330
13A3E
100
AcDbEntity
  8
0
100
AcDbBlockEnd
  0
BLOCK
  5
13A72
330
13A6D
100
AcDbEntity
  8
0
100
AcDbBlockBegin
  2
A$C2a998889
 70
     0
 10
0.0
 20
0.0
 30
0.0
  3
A$C2a998889
  1

  0
INSERT
  5
13A6E
330
13A6D
100
AcDbEntity
  8
Plumbing
100
AcDbBlockReference
  2
GLV-A
 10
11.51748140603575
 20
38.48251859396422
 30
0.0
 41
5.758740703017874
 42
5.758740703017874
 43
5.758740703017874
  0
LINE
  5
13A6F
330
13A6D
100
AcDbEntity
  8
Plumbing
100
AcDbLine
 10
11.51748140603597
 20
38.48251859396425
 30
0.0
 11
11.51748140603597
 21
63.48251859396424
 31
0.0
  0
ENDBLK
  5
13A73
330
13A6D
100
AcDbEntity
  8
0
100
AcDbBlockEnd
  0
BLOCK
  5
13B2E
330
13B2A
100
AcDbEntity
  8
0
100
AcDbBlockBegin
  2
A$Ce2052aaa
 70
     0
 10
0.0
 20
0.0
 30
0.0
  3
A$Ce2052aaa
  1

  0
MTEXT
  5
13B2B
102
{ACAD_XDICTIONARY
360
147F8
102
}
330
13B2A
100
AcDbEntity
  8
Plumbing
100
AcDbMText
 10
49.04270265852983
 20
2.935730671165856
 30
0.0
 40
5.871461342331713
 41
98.08540531705967
 46
0.0
 71
     5
 72
     5
  1
Pressure Transducer
  7
Romans-450
 73
     1
 44
1.0
1001
ACAD
1000
ACAD_MTEXT_COLUMN_INFO_BEGIN
1070
    75
1070
     2
1070
    79
1070
     0
1070
    76
1070
     1
1070
    78
1070
     0
1070
    48
1040
98.08540531705967
1070
    49
1040
29.35730671165856
1070
    50
1070
     1
1040
0.0
1000
ACAD_MTEXT_COLUMN_INFO_END
  0
ENDBLK
  5
13B2F
330
13B2A
100
AcDbEntity
  8
0
100
AcDbBlockEnd
  0
BLOCK
  5
13B3C
330
13B38
100
AcDbEntity
  8
0
100
AcDbBlockBegin
  2
A$Cfecd0bc2
 70
     0
 10
0.0
 20
0.0
 30
0.0
  3
A$Cfecd0bc2
  1

  0
MTEXT
  5
13B39
102
{ACAD_XDICTIONARY
360
147FA
102
}
330
13B38
100
AcDbEntity
  8
Plumbing
100
AcDbMText
 10
49.04270265852983
 20
2.935730671165856
 30
0.0
 40
5.871461342331713
 41
98.08540531705967
 46
0.0
 71
     5
 72
     5
  1
Pressure Transducer
  7
Romans-450
 73
     1
 44
1.0
1001
ACAD
1000
ACAD_MTEXT_COLUMN_INFO_BEGIN
1070
    75
1070
     2
1070
    79
1070
     0
1070
    76
1070
     1
1070
    78
1070
     0
1070
    48
1040
98.08540531705967
1070
    49
1040
29.35730671165856
1070
    50
1070
     1
1040
0.0
1000
ACAD_MTEXT_COLUMN_INFO_END
  0
ENDBLK
  5
13B3D
330
13B38
100
AcDbEntity
  8
0
100
AcDbBlockEnd
  0
BLOCK
  5
13B91
330
13B8D
100
AcDbEntity
  8
0
100
AcDbBlockBegin
  2
A$C0c4eaf34
 70
     0
 10
0.0
 20
0.0
 30
0.0
  3
A$C0c4eaf34
  1

  0
MTEXT
  5
13B8E
102
{ACAD_XDICTIONARY
360
147FC
102
}
330
13B8D
100
AcDbEntity
  8
Plumbing
100
AcDbMText
 10
35.25
 20
7.828615123108932
 30
0.0
 40
5.871461342331713
 41
70.5
 46
0.0
 71
     5
 72
     5
  1
Servo-Actuated Ball Valve
  7
Romans-450
 73
     1
 44
1.0
1001
ACAD
1000
ACAD_MTEXT_COLUMN_INFO_BEGIN
1070
    75
1070
     2
1070
    79
1070
     0
1070
    76
1070
     1
1070
    78
1070
     0
1070
    48
1040
70.5
1070
    49
1040
29.35730671165856
1070
    50
1070
     1
1040
0.0
1000
ACAD_MTEXT_COLUMN_INFO_END
  0
ENDBLK
  5
13B92
330
13B8D
100
AcDbEntity
  8
0
100
AcDbBlockEnd
  0
BLOCK
  5
13C6A
330
13C66
100
AcDbEntity
  8
0
100
AcDbBlockBegin
  2
A$C718d4aef
 70
     0
 10
0.0
 20
0.0
 30
0.0
  3
A$C718d4aef
  1

  0
INSERT
  5
13C67
330
13C66
100
AcDbEntity
  8
Plumbing
  6
ByBlock
100
AcDbBlockReference
  2
BV-MH1
 10
25.5
 20
7.631927082339558
 30
0.0
 41
3.815963541169784
 42
3.815963541169784
 43
3.815963541169784
  0
ENDBLK
  5
13C6B
330
13C66
100
AcDbEntity
  8
0
100
AcDbBlockEnd
  0
BLOCK
  5
13CB0
330
13CAC
100
AcDbEntity
  8
0
100
AcDbBlockBegin
  2
A$C7bbb0b82
 70
     0
 10
0.0
 20
0.0
 30
0.0
  3
A$C7bbb0b82
  1

  0
INSERT
  5
13CAD
330
13CAC
100
AcDbEntity
  8
Plumbing
  6
ByBlock
100
AcDbBlockReference
  2
BV-MH1
 10
7.482281453274083
 20
25.0
 30
0.0
 41
3.741140726637044
 42
3.741140726637044
 43
3.741140726637044
 50
90.0
  0
ENDBLK
  5
13CB1
330
13CAC
100
AcDbEntity
  8
0
100
AcDbBlockEnd
  0
BLOCK
  5
13CCF
330
13CCE
100
AcDbEntity
  8
0
100
AcDbBlockBegin
  2
SolenoidValve
 70
     0
 10
0.0
 20
0.0
 30
0.0
  3
SolenoidValve
  1

  0
LINE
  5
13D67
330
13CCE
100
AcDbEntity
  8
0
100
AcDbLine
 10
0.0
 20
0.0
 30
0.0
 11
8.0
 21
12.0
 31
0.0
  0
LINE
  5
13D68
330
13CCE
100
AcDbEntity
  8
0
100
AcDbLine
 10
0.0
 20
0.0
 30
0.0
 11
7.5
 21
-11.5
 31
0.0
  0
LINE
  5
13D69
330
13CCE
100
AcDbEntity
  8
0
100
AcDbLine
 10
0.0
 20
0.0
 30
0.0
 11
-8.0
 21
12.0
 31
0.0
  0
LINE
  5
13D6A
330
13CCE
100
AcDbEntity
  8
0
100
AcDbLine
 10
0.0
 20
0.0
 30
0.0
 11
-7.5
 21
-11.5
 31
0.0
  0
LINE
  5
13D6B
330
13CCE
100
AcDbEntity
  8
0
100
AcDbLine
 10
-8.0
 20
12.0
 30
0.0
 11
8.0
 21
12.0
 31
0.0
  0
LINE
  5
13D6C
330
13CCE
100
AcDbEntity
  8
0
100
AcDbLine
 10
7.5
 20
-11.5
 30
0.0
 11
-7.5
 21
-11.5
 31
0.0
  0
LINE
  5
13D6D
330
13CCE
100
AcDbEntity
  8
0
100
AcDbLine
 10
0.0
 20
0.0
 30
0.0
 11
10.0
 21
0.0
 31
0.0
  0
LWPOLYLINE
  5
13D6E
330
13CCE
100
AcDbEntity
  8
0
100
AcDbPolyline
 90
        4
 70
     1
 43
0.0
 10
10.0
 20
-6.0
 10
22.0
 20
-6.0
 10
22.0
 20
6.0
 10
10.0
 20
6.0
  0
TEXT
  5
13D6F
330
13CCE
100
AcDbEntity
  8
0
100
AcDbText
 10
12.5
 20
3.5
 30
0.0
 40
7.0
  1
S
 50
270.0
  7
Romans-450
100
AcDbText
  0
ENDBLK
  5
13CD0
330
13CCE
100
AcDbEntity
  8
0
100
AcDbBlockEnd
  0
BLOCK
  5
13EFA
330
13EF6
100
AcDbEntity
  8
0
100
AcDbBlockBegin
  2
A$C446ecbb0
 70
     0
 10
0.0
 20
0.0
 30
0.0
  3
A$C446ecbb0
  1

  0
INSERT
  5
13EF7
330
13EF6
100
AcDbEntity
  8
Plumbing
  6
ByBlock
100
AcDbBlockReference
  2
BV-MH1
 10
25.5
 20
7.631927082339558
 30
0.0
 41
3.815963541169784
 42
3.815963541169784
 43
3.815963541169784
  0
ENDBLK
  5
13EFB
330
13EF6
100
AcDbEntity
  8
0
100
AcDbBlockEnd
  0
BLOCK
  5
13F24
330
13F1E
100
AcDbEntity
  8
0
100
AcDbBlockBegin
  2
A$Ceb99f209
 70
     0
 10
0.0
 20
0.0
 30
0.0
  3
A$Ceb99f209
  1

  0
LINE
  5
13F1F
330
13F1E
100
AcDbEntity
  8
Plumbing
  6
ByBlock
100
AcDbLine
 10
19.99999999999998
 20
10.0
 30
0.0
 11
0.0
 21
20.0
 31
0.0
  0
LINE
  5
13F20
330
13F1E
100
AcDbEntity
  8
Plumbing
  6
ByBlock
100
AcDbLine
 10
19.99999999999998
 20
10.0
 30
0.0
 11
0.0
 21
10.0
 31
0.0
  0
LINE
  5
13F21
330
13F1E
100
AcDbEntity
  8
Plumbing
  6
ByBlock
100
AcDbLine
 10
0.0
 20
0.0
 30
0.0
 11
19.99999999999998
 21
10.0
 31
0.0
  0
ENDBLK
  5
13F25
330
13F1E
100
AcDbEntity
  8
0
100
AcDbBlockEnd
  0
BLOCK
  5
13F5A
330
13F56
100
AcDbEntity
  8
0
100
AcDbBlockBegin
  2
A$C92fb24a1
 70
     0
 10
0.0
 20
0.0
 30
0.0
  3
A$C92fb24a1
  1

  0
INSERT
  5
13F57
330
13F56
100
AcDbEntity
  8
Plumbing
  6
ByBlock
100
AcDbBlockReference
  2
CV-1
 10
13.77657782008887
 20
7.482281453274083
 30
0.0
 41
3.741140726637044
 42
3.741140726637044
 43
3.741140726637044
  0
ENDBLK
  5
13F5B
330
13F56
100
AcDbEntity
  8
0
100
AcDbBlockEnd
  0
BLOCK
  5
13F70
330
13F6C
100
AcDbEntity
  8
0
100
AcDbBlockBegin
  2
A$Ce514632c
 70
     0
 10
0.0
 20
0.0
 30
0.0
  3
A$Ce514632c
  1

  0
LWPOLYLINE
  5
13F6D
330
13F6C
100
AcDbEntity
  8
Plumbing
100
AcDbPolyline
 90
        3
 70
     1
 43
0.0
 10
0.0
 20
4.330127018922198
 10
7.499999999999996
 20
0.0
 10
7.500000000000007
 20
8.660254037844381
  0
ENDBLK
  5
13F71
330
13F6C
100
AcDbEntity
  8
0
100
AcDbBlockEnd
  0
BLOCK
  5
13FB0
330
13FA8
100
AcDbEntity
  8
0
100
AcDbBlockBegin
  2
A$Cff14f830
 70
     0
 10
0.0
 20
0.0
 30
0.0
  3
A$Cff14f830
  1

  0
CIRCLE
  5
13FA9
330
13FA8
100
AcDbEntity
  8
Plumbing
100
AcDbCircle
 10
23.5
 20
8.5
 30
0.0
 40
8.5
  0
INSERT
  5
13FAA
330
13FA8
100
AcDbEntity
  8
Plumbing
  6
ByBlock
100
AcDbBlockReference
  2
CV-1
 10
19.75
 20
8.5
 30
0.0
 41
1.271987847056595
 42
1.271987847056595
 43
1.271987847056595
  0
LWPOLYLINE
  5
13FAB
330
13FA8
100
AcDbEntity
  8
Plumbing
100
AcDbPolyline
 90
        3
 70
     1
 43
0.0
 10
32.0
 20
8.5
 10
39.5
 20
4.169872981077801
 10
39.50000000000001
 20
12.83012701892218
  0
LWPOLYLINE
  5
13FAC
330
13FA8
100
AcDbEntity
  8
Plumbing
100
AcDbPolyline
 90
        3
 70
     1
 43
0.0
 10
7.5
 20
8.5
 10
0.0000000000000036
 20
4.169872981077801
 10
-0.0000000000000071
 20
12.83012701892218
  0
LINE
  5
13FAD
330
13FA8
100
AcDbEntity
  8
Plumbing
  6
ZIGZAG
 48
0.25
100
AcDbLine
 10
7.5
 20
8.5
 30
0.0
 11
15.0
 21
8.5
 31
0.0
  0
ENDBLK
  5
13FB1
330
13FA8
100
AcDbEntity
  8
0
100
AcDbBlockEnd
  0
BLOCK
  5
1403E
330
14037
100
AcDbEntity
  8
0
100
AcDbBlockBegin
  2
A$C7e17a21b
 70
     0
 10
0.0
 20
0.0
 30
0.0
  3
A$C7e17a21b
  1

  0
LINE
  5
14038
330
14037
100
AcDbEntity
  8
Plumbing
  6
ByBlock
100
AcDbLine
 10
5.0
 20
30.0
 30
0.0
 11
5.0
 21
0.0
 31
0.0
  0
LINE
  5
14039
330
14037
100
AcDbEntity
  8
Plumbing
  6
ByBlock
100
AcDbLine
 10
15.00000000000014
 20
30.0
 30
0.0
 11
15.00000000000014
 21
0.0
 31
0.0
  0
LINE
  5
1403A
330
14037
100
AcDbEntity
  8
Plumbing
  6
ByBlock
100
AcDbLine
 10
15.0
 20
14.5
 30
0.0
 11
20.0
 21
14.5
 31
0.0
  0
LINE
  5
1403B
330
14037
100
AcDbEntity
  8
Plumbing
  6
ByBlock
100
AcDbLine
 10
5.0
 20
14.5
 30
0.0
 11
0.0
 21
14.5
 31
0.0
  0
ENDBLK
  5
1403F
330
14037
100
AcDbEntity
  8
0
100
AcDbBlockEnd
  0
BLOCK
  5
1404D
330
14046
100
AcDbEntity
  8
0
100
AcDbBlockBegin
  2
A$C36764b74
 70
     0
 10
0.0
 20
0.0
 30
0.0
  3
A$C36764b74
  1

  0
LINE
  5
14047
330
14046
100
AcDbEntity
  8
GSE Electronics
  6
ByBlock
100
AcDbLine
 10
5.0
 20
30.0
 30
0.0
 11
5.0
 21
0.0
 31
0.0
  0
LINE
  5
14048
330
14046
100
AcDbEntity
  8
GSE Electronics
  6
ByBlock
100
AcDbLine
 10
15.00000000000014
 20
30.0
 30
0.0
 11
15.00000000000014
 21
0.0
 31
0.0
  0
LINE
  5
14049
330
14046
100
AcDbEntity
  8
GSE Electronics
  6
ByBlock
100
AcDbLine
 10
15.0
 20
14.5
 30
0.0
 11
20.0
 21
14.5
 31
0.0
  0
LINE
  5
1404A
330
14046
100
AcDbEntity
  8
GSE Electronics
  6
ByBlock
100
AcDbLine
 10
5.0
 20
14.5
 30
0.0
 11
0.0
 21
14.5
 31
0.0
  0
ENDBLK
  5
1404E
330
14046
100
AcDbEntity
  8
0
100
AcDbBlockEnd
  0
BLOCK
  5
141FA
330
141EA
100
AcDbEntity
  8
0
100
AcDbBlockBegin
  2
A$Cd84a3916
 70
     0
 10
0.0
 20
0.0
 30
0.0
  3
A$Cd84a3916
  1

  0
LINE
  5
141EB
330
141EA
100
AcDbEntity
  8
GSE Electronics
100
AcDbLine
 10
4.0
 20
16.0
 30
0.0
 11
20.0
 21
16.0
 31
0.0
  0
LINE
  5
141EC
330
141EA
100
AcDbEntity
  8
GSE Electronics
100
AcDbLine
 10
20.0
 20
16.0
 30
0.0
 11
20.0
 21
12.0
 31
0.0
  0
LINE
  5
141ED
330
141EA
100
AcDbEntity
  8
GSE Electronics
100
AcDbLine
 10
20.0
 20
12.0
 30
0.0
 11
16.0
 21
12.0
 31
0.0
  0
LINE
  5
141EE
330
141EA
100
AcDbEntity
  8
GSE Electronics
100
AcDbLine
 10
16.0
 20
12.0
 30
0.0
 11
16.0
 21
4.0
 31
0.0
  0
LINE
  5
141EF
330
141EA
100
AcDbEntity
  8
GSE Electronics
100
AcDbLine
 10
16.0
 20
4.0
 30
0.0
 11
20.0
 21
4.0
 31
0.0
  0
LINE
  5
141F0
330
141EA
100
AcDbEntity
  8
GSE Electronics
100
AcDbLine
 10
20.0
 20
4.0
 30
0.0
 11
20.0
 21
0.0
 31
0.0
  0
LINE
  5
141F1
330
141EA
100
AcDbEntity
  8
GSE Electronics
100
AcDbLine
 10
20.0
 20
0.0
 30
0.0
 11
0.0
 21
0.0
 31
0.0
  0
LINE
  5
141F2
330
141EA
100
AcDbEntity
  8
GSE Electronics
100
AcDbLine
 10
0.0
 20
0.0
 30
0.0
 11
0.0
 21
4.0
 31
0.0
  0
LINE
  5
141F3
330
141EA
100
AcDbEntity
  8
GSE Electronics
100
AcDbLine
 10
0.0
 20
4.0
 30
0.0
 11
4.0
 21
4.0
 31
0.0
  0
LINE
  5
141F4
330
141EA
100
AcDbEntity
  8
GSE Electronics
100
AcDbLine
 10
4.0
 20
4.0
 30
0.0
 11
4.0
 21
12.0
 31
0.0
  0
LINE
  5
141F5
330
141EA
100
AcDbEntity
  8
GSE Electronics
100
AcDbLine
 10
4.0
 20
12.0
 30
0.0
 11
0.0
 21
12.0
 31
0.0
  0
LINE
  5
141F6
330
141EA
100
AcDbEntity
  8
GSE Electronics
100
AcDbLine
 10
0.0
 20
12.0
 30
0.0
 11
0.0
 21
16.0
 31
0.0
  0
LINE
  5
141F7
330
141EA
100
AcDbEntity
  8
GSE Electronics
100
AcDbLine
 10
0.0
 20
16.0
 30
0.0
 11
4.0
 21
16.0
 31
0.0
  0
ENDBLK
  5
141FB
330
141EA
100
AcDbEntity
  8
0
100
AcDbBlockEnd
  0
ENDSEC
  0
SECTION
  2
ENTITIES
  0
LINE
  5
136A7
102
{ACAD_REACTORS
330
13EE3
102
}
330
1F
100
AcDbEntity
  8
Plumbing
  6
ByBlock
100
AcDbLine
 10
851.0000000000001
 20
484.0
 30
0.0
 11
851.0000000000001
 21
409.4999999999999
 31
0.0
  0
LINE
  5
136A8
102
{ACAD_REACTORS
330
13EE3
102
}
330
1F
100
AcDbEntity
  8
Plumbing
  6
ByBlock
100
AcDbLine
 10
941.0000000000001
 20
484.0
 30
0.0
 11
941.0000000000001
 21
409.4999999999999
 31
0.0
  0
ELLIPSE
  5
136A9
102
{ACAD_REACTORS
330
13EE3
102
}
330
1F
100
AcDbEntity
  8
Plumbing
  6
ByBlock
100
AcDbEllipse
 10
896.0000000000002
 20
484.0
 30
0.0
 11
45.0
 21
-0.000000000000011
 31
0.0
210
0.0
220
0.0
230
1.0
 40
0.4444444444444445
 41
0.0
 42
3.141592653589793
  0
ELLIPSE
  5
136AA
102
{ACAD_REACTORS
330
13EE3
102
}
330
1F
100
AcDbEntity
  8
Plumbing
  6
ByBlock
100
AcDbEllipse
 10
896.0000000000002
 20
409.4999999999999
 30
0.0
 11
45.0
 21
-0.000000000000011
 31
0.0
210
0.0
220
0.0
230
-1.0
 40
0.2222222222222222
 41
0.0
 42
3.141592653589793
  0
MTEXT
  5
136B0
102
{ACAD_XDICTIONARY
360
147E0
102
}
330
1F
100
AcDbEntity
  8
Plumbing
  6
ByBlock
100
AcDbMText
 10
911.5000000000001
 20
458.9999999999998
 30
0.0
 40
10.0
 41
30.0
 46
0.0
 71
     1
 72
     5
  1
\A1;\pi3.35714;N{\H0.7x;\S^ 2;}O
  7
Romans-450
 73
     1
 44
1.0
1001
ACAD
1000
ACAD_MTEXT_COLUMN_INFO_BEGIN
1070
    75
1070
     2
1070
    79
1070
     0
1070
    76
1070
     1
1070
    78
1070
     0
1070
    48
1040
30.0
1070
    49
1040
29.35730671165856
1070
    50
1070
     1
1040
0.0
1000
ACAD_MTEXT_COLUMN_INFO_END
  0
MTEXT
  5
136B1
102
{ACAD_XDICTIONARY
360
147E2
102
}
330
1F
100
AcDbEntity
  8
Plumbing
  6
ByBlock
100
AcDbMText
 10
851.0
 20
459.4999999999997
 30
0.0
 40
10.0
 41
30.0
 46
0.0
 71
     1
 72
     5
  1
\A1;\pi3.35714;N{\H0.7x;\S^ 2;}O
  7
Romans-450
 73
     1
 44
1.0
1001
ACAD
1000
ACAD_MTEXT_COLUMN_INFO_BEGIN
1070
    75
1070
     2
1070
    79
1070
     0
1070
    76
1070
     1
1070
    78
1070
     0
1070
    48
1040
30.0
1070
    49
1040
29.35730671165856
1070
    50
1070
     1
1040
0.0
1000
ACAD_MTEXT_COLUMN_INFO_END
  0
MTEXT
  5
136B2
102
{ACAD_XDICTIONARY
360
147E4
102
}
330
1F
100
AcDbEntity
  8
Plumbing
  6
ByBlock
100
AcDbMText
 10
851.5000000000002
 20
444.8714613423316
 30
0.0
 40
7.5
 41
90.0
 46
0.0
 71
     1
 72
     5
  1
\A1;\pi32.32143;FUEL
  7
Romans-450
 73
     1
 44
1.0
1001
ACAD
1000
ACAD_MTEXT_COLUMN_INFO_BEGIN
1070
    75
1070
     2
1070
    79
1070
     0
1070
    76
1070
     1
1070
    78
1070
     0
1070
    48
1040
90.0
1070
    49
1040
29.35730671165856
1070
    50
1070
     1
1040
0.0
1000
ACAD_MTEXT_COLUMN_INFO_END
  0
LINE
  5
136B3
102
{ACAD_REACTORS
330
13EE3
102
}
330
1F
100
AcDbEntity
  8
Plumbing
  6
ByBlock
100
AcDbLine
 10
881.0000000000002
 20
486.0
 30
0.0
 11
881.0000000000002
 21
399.5
 31
0.0
  0
LINE
  5
136B4
102
{ACAD_REACTORS
330
13EE3
102
}
330
1F
100
AcDbEntity
  8
Plumbing
  6
ByBlock
100
AcDbLine
 10
911.0000000000002
 20
399.5
 30
0.0
 11
911.0000000000002
 21
486.0
 31
0.0
  0
LINE
  5
136B5
330
1F
100
AcDbEntity
  8
Plumbing
  6
ByBlock
100
AcDbLine
 10
881.0000000000002
 20
469.9999999999999
 30
0.0
 11
911.0000000000002
 21
469.9999999999999
 31
0.0
  0
LINE
  5
136B7
102
{ACAD_REACTORS
330
13EE3
102
}
330
1F
100
AcDbEntity
  8
Plumbing
  6
ByBlock
100
AcDbLine
 10
911.0000000000002
 20
479.9999999999999
 30
0.0
 11
881.0000000000002
 21
479.9999999999999
 31
0.0
  0
LINE
  5
136B9
102
{ACAD_REACTORS
330
13EE3
102
}
330
1F
100
AcDbEntity
  8
Plumbing
  6
ByBlock
100
AcDbLine
 10
891.0000000000001
 20
479.9999999999999
 30
0.0
 11
881.0000000000002
 21
469.9999999999999
 31
0.0
  0
LINE
  5
136BB
102
{ACAD_REACTORS
330
13EE3
102
}
330
1F
100
AcDbEntity
  8
Plumbing
  6
ByBlock
100
AcDbLine
 10
891.0000000000001
 20
469.9999999999999
 30
0.0
 11
901.0000000000003
 21
479.9999999999999
 31
0.0
  0
LINE
  5
136BD
102
{ACAD_REACTORS
330
13EE3
102
}
330
1F
100
AcDbEntity
  8
Plumbing
  6
ByBlock
100
AcDbLine
 10
911.0000000000002
 20
479.9999999999999
 30
0.0
 11
901.0000000000003
 21
469.9999999999999
 31
0.0
  0
LINE
  5
136BE
102
{ACAD_REACTORS
330
13EE3
102
}
330
1F
100
AcDbEntity
  8
Plumbing
  6
ByBlock
100
AcDbLine
 10
901.0000000000003
 20
469.9999999999999
 30
0.0
 11
911.0000000000002
 21
469.9999999999999
 31
0.0
  0
LINE
  5
136D1
102
{ACAD_REACTORS
330
1410B
102
}
330
1F
100
AcDbEntity
  8
Plumbing
  6
ByBlock
100
AcDbLine
 10
716.0
 20
337.5
 30
0.0
 11
716.0
 21
307.5
 31
0.0
  0
LINE
  5
136D2
102
{ACAD_REACTORS
330
1410B
102
}
330
1F
100
AcDbEntity
  8
Plumbing
  6
ByBlock
100
AcDbLine
 10
724.5
 20
337.5
 30
0.0
 11
724.5
 21
307.5
 31
0.0
  0
INSERT
  5
136D8
330
1F
100
AcDbEntity
  8
Plumbing
  6
ByBlock
100
AcDbBlockReference
  2
BV-MH1
 10
865.991140726637
 20
524.0
 30
0.0
 41
3.741140726637044
 42
3.741140726637044
 43
3.741140726637044
 50
90.0
  0
CIRCLE
  5
136D9
102
{ACAD_REACTORS
330
13EE2
102
}
330
1F
100
AcDbEntity
  8
Plumbing
  6
ByBlock
100
AcDbCircle
 10
844.2500000000002
 20
524.0
 30
0.0
 40
7.5
  0
MTEXT
  5
136DA
102
{ACAD_XDICTIONARY
360
147E6
102
}
102
{ACAD_REACTORS
330
13EE2
102
}
330
1F
100
AcDbEntity
  8
Plumbing
  6
ByBlock
100
AcDbMText
 10
844.25
 20
524.0
 30
0.0
 40
4.5
 41
30.0
 46
0.0
 71
     5
 72
     5
  1
SRV
  7
Romans-450
 73
     1
 44
1.0
1001
ACAD
1000
ACAD_MTEXT_COLUMN_INFO_BEGIN
1070
    75
1070
     2
1070
    79
1070
     0
1070
    76
1070
     1
1070
    78
1070
     0
1070
    48
1040
30.0
1070
    49
1040
88.07192013497569
1070
    50
1070
     1
1040
15.0
1000
ACAD_MTEXT_COLUMN_INFO_END
  0
LINE
  5
136DB
330
1F
100
AcDbEntity
  8
Plumbing
  6
ByBlock
100
AcDbLine
 10
851.75
 20
524.0
 30
0.0
 11
861.7499999999999
 21
524.0
 31
0.0
  0
CIRCLE
  5
136DD
102
{ACAD_REACTORS
330
13EE1
102
}
330
1F
100
AcDbEntity
  8
Plumbing
  6
ByBlock
100
AcDbCircle
 10
844.5
 20
506.7499999999999
 30
0.0
 40
7.5
  0
MTEXT
  5
136DE
102
{ACAD_XDICTIONARY
360
147E8
102
}
102
{ACAD_REACTORS
330
13EE1
102
}
330
1F
100
AcDbEntity
  8
Plumbing
  6
ByBlock
100
AcDbMText
 10
844.5
 20
506.7499999999999
 30
0.0
 40
4.5
 41
30.0
 46
0.0
 71
     5
 72
     5
  1
PT
  7
Romans-450
 73
     1
 44
1.0
1001
ACAD
1000
ACAD_MTEXT_COLUMN_INFO_BEGIN
1070
    75
1070
     2
1070
    79
1070
     0
1070
    76
1070
     1
1070
    78
1070
     0
1070
    48
1040
30.0
1070
    49
1040
88.07192013497569
1070
    50
1070
     1
1040
15.0
1000
ACAD_MTEXT_COLUMN_INFO_END
  0
INSERT
  5
136DF
330
1F
100
AcDbEntity
  8
Plumbing
  6
ByBlock
100
AcDbBlockReference
  2
BV-MH1
 10
896.0000000000002
 20
348.9999999999999
 30
0.0
 41
3.815963541169784
 42
3.815963541169784
 43
3.815963541169784
 50
90.0
  0
CIRCLE
  5
136E0
102
{ACAD_REACTORS
330
13EDF
102
}
330
1F
100
AcDbEntity
  8
Plumbing
  6
ByBlock
100
AcDbCircle
 10
911.0000000000002
 20
348.9999999999999
 30
0.0
 40
7.5
  0
MTEXT
  5
136E1
102
{ACAD_XDICTIONARY
360
147EA
102
}
102
{ACAD_REACTORS
330
13EDF
102
}
330
1F
100
AcDbEntity
  8
Plumbing
  6
ByBlock
100
AcDbMText
 10
911.0000000000002
 20
348.9999999999999
 30
0.0
 40
4.5
 41
30.0
 46
0.0
 71
     5
 72
     5
  1
SRV
  7
Romans-450
 73
     1
 44
1.0
1001
ACAD
1000
ACAD_MTEXT_COLUMN_INFO_BEGIN
1070
    75
1070
     2
1070
    79
1070
     0
1070
    76
1070
     1
1070
    78
1070
     0
1070
    48
1040
30.0
1070
    49
1040
88.07192013497569
1070
    50
1070
     1
1040
15.0
1000
ACAD_MTEXT_COLUMN_INFO_END
  0
INSERT
  5
136E2
330
1F
100
AcDbEntity
  8
Plumbing
  6
ByBlock
100
AcDbBlockReference
  2
BV-MH1
 10
928.5
 20
348.4999999999999
 30
0.0
 41
3.741140726637044
 42
3.741140726637044
 43
3.741140726637044
 50
90.0
  0
CIRCLE
  5
136E3
102
{ACAD_REACTORS
330
13EDE
102
}
330
1F
100
AcDbEntity
  8
Plumbing
  6
ByBlock
100
AcDbCircle
 10
947.0000000000002
 20
348.4999999999999
 30
0.0
 40
7.5
  0
MTEXT
  5
136E4
102
{ACAD_XDICTIONARY
360
147EC
102
}
102
{ACAD_REACTORS
330
13EDE
102
}
330
1F
100
AcDbEntity
  8
Plumbing
  6
ByBlock
100
AcDbMText
 10
947.0
 20
348.4999999999999
 30
0.0
 40
4.5
 41
30.0
 46
0.0
 71
     5
 72
     5
  1
SRV
  7
Romans-450
 73
     1
 44
1.0
1001
ACAD
1000
ACAD_MTEXT_COLUMN_INFO_BEGIN
1070
    75
1070
     2
1070
    79
1070
     0
1070
    76
1070
     1
1070
    78
1070
     0
1070
    48
1040
30.0
1070
    49
1040
88.07192013497569
1070
    50
1070
     1
1040
15.0
1000
ACAD_MTEXT_COLUMN_INFO_END
  0
LINE
  5
136E5
102
{ACAD_REACTORS
330
13817
102
}
330
1F
100
AcDbEntity
  8
Plumbing
  6
ByBlock
100
AcDbLine
 10
855.8461538461537
 20
323.4999999999999
 30
0.0
 11
936.1538461538463
 21
323.4999999999999
 31
0.0
  0
LINE
  5
136E6
102
{ACAD_REACTORS
330
13817
102
}
330
1F
100
AcDbEntity
  8
Plumbing
  6
ByBlock
100
AcDbLine
 10
936.1538461538463
 20
323.4999999999999
 30
0.0
 11
936.1538461538462
 21
278.8846153846153
 31
0.0
  0
LINE
  5
136E7
102
{ACAD_REACTORS
330
13817
102
}
330
1F
100
AcDbEntity
  8
Plumbing
  6
ByBlock
100
AcDbLine
 10
855.8461538461537
 20
323.4999999999999
 30
0.0
 11
855.8461538461537
 21
278.8846153846153
 31
0.0
  0
LINE
  5
136E8
102
{ACAD_REACTORS
330
13817
102
}
330
1F
100
AcDbEntity
  8
Plumbing
  6
ByBlock
100
AcDbLine
 10
855.8461538461537
 20
278.8846153846153
 30
0.0
 11
878.1538461538461
 21
252.1153846153846
 31
0.0
  0
LINE
  5
136E9
102
{ACAD_REACTORS
330
13817
102
}
330
1F
100
AcDbEntity
  8
Plumbing
  6
ByBlock
100
AcDbLine
 10
936.1538461538462
 20
278.8846153846153
 30
0.0
 11
913.8461538461537
 21
252.1153846153846
 31
0.0
  0
LINE
  5
136EA
102
{ACAD_REACTORS
330
13817
102
}
330
1F
100
AcDbEntity
  8
Plumbing
  6
ByBlock
100
AcDbLine
 10
878.1538461538461
 20
252.1153846153846
 30
0.0
 11
851.3846153846156
 21
207.4999999999999
 31
0.0
  0
LINE
  5
136EB
102
{ACAD_REACTORS
330
13817
102
}
330
1F
100
AcDbEntity
  8
Plumbing
  6
ByBlock
100
AcDbLine
 10
913.8461538461537
 20
252.1153846153846
 30
0.0
 11
940.6153846153847
 21
207.4999999999999
 31
0.0
  0
LINE
  5
136EC
102
{ACAD_REACTORS
330
13817
102
}
330
1F
100
AcDbEntity
  8
Plumbing
  6
ByBlock
100
AcDbLine
 10
851.3846153846156
 20
207.4999999999999
 30
0.0
 11
940.6153846153847
 21
207.4999999999999
 31
0.0
  0
CIRCLE
  5
136EE
102
{ACAD_REACTORS
330
13EDC
102
}
330
1F
100
AcDbEntity
  8
Plumbing
  6
ByBlock
100
AcDbCircle
 10
878.5
 20
334.5
 30
0.0
 40
7.5
  0
MTEXT
  5
136EF
102
{ACAD_XDICTIONARY
360
147EE
102
}
102
{ACAD_REACTORS
330
13EDC
102
}
330
1F
100
AcDbEntity
  8
Plumbing
  6
ByBlock
100
AcDbMText
 10
878.5
 20
334.4999999999999
 30
0.0
 40
4.5
 41
30.0
 46
0.0
 71
     5
 72
     5
  1
IGN
  7
Romans-450
 73
     1
 44
1.0
1001
ACAD
1000
ACAD_MTEXT_COLUMN_INFO_BEGIN
1070
    75
1070
     2
1070
    79
1070
     0
1070
    76
1070
     1
1070
    78
1070
     0
1070
    48
1040
30.0
1070
    49
1040
88.07192013497569
1070
    50
1070
     1
1040
15.0
1000
ACAD_MTEXT_COLUMN_INFO_END
  0
CIRCLE
  5
136F0
102
{ACAD_REACTORS
330
13EDD
102
}
330
1F
100
AcDbEntity
  8
Plumbing
  6
ByBlock
100
AcDbCircle
 10
962.0000000000002
 20
318.4999999999999
 30
0.0
 40
7.5
  0
MTEXT
  5
136F1
102
{ACAD_XDICTIONARY
360
147F0
102
}
102
{ACAD_REACTORS
330
13EDD
102
}
330
1F
100
AcDbEntity
  8
Plumbing
  6
ByBlock
100
AcDbMText
 10
962.0
 20
318.5
 30
0.0
 40
4.5
 41
30.0
 46
0.0
 71
     5
 72
     5
  1
PT
  7
Romans-450
 73
     1
 44
1.0
1001
ACAD
1000
ACAD_MTEXT_COLUMN_INFO_BEGIN
1070
    75
1070
     2
1070
    79
1070
     0
1070
    76
1070
     1
1070
    78
1070
     0
1070
    48
1040
30.0
1070
    49
1040
88.07192013497569
1070
    50
1070
     1
1040
15.0
1000
ACAD_MTEXT_COLUMN_INFO_END
  0
LINE
  5
136F2
330
1F
100
AcDbEntity
  8
Plumbing
  6
ByBlock
100
AcDbLine
 10
936.0000000000002
 20
318.5
 30
0.0
 11
954.4999999999999
 21
318.4999999999999
 31
0.0
  0
LINE
  5
136F3
330
1F
100
AcDbEntity
  8
Plumbing
  6
ByBlock
100
AcDbLine
 10
928.5000000000001
 20
348.4999999999999
 30
0.0
 11
939.5000000000003
 21
348.4999999999999
 31
0.0
  0
LINE
  5
136F4
330
1F
100
AcDbEntity
  8
Plumbing
  6
ByBlock
100
AcDbLine
 10
896.0000000000002
 20
348.9999999999999
 30
0.0
 11
903.5000000000001
 21
348.9999999999999
 31
0.0
  0
LINE
  5
13724
330
1F
100
AcDbEntity
  8
Plumbing
  6
ByBlock
100
AcDbLine
 10
896.0000000000002
 20
373.9999999999999
 30
0.0
 11
896.0000000000002
 21
399.5
 31
0.0
  0
LINE
  5
13725
330
1F
100
AcDbEntity
  8
Plumbing
  6
ByBlock
100
AcDbLine
 10
928.5000000000001
 20
371.9999999999999
 30
0.0
 11
928.5000000000001
 21
402.5
 31
0.0
  0
LINE
  5
13727
102
{ACAD_REACTORS
330
1410B
102
}
330
1F
100
AcDbEntity
  8
Plumbing
  6
ByBlock
100
AcDbLine
 10
716.0
 20
322.5
 30
0.0
 11
704.4999999999999
 21
322.5
 31
0.0
  0
LINE
  5
1388E
102
{ACAD_REACTORS
330
1410B
102
}
330
1F
100
AcDbEntity
  8
Plumbing
  6
ByBlock
100
AcDbLine
 10
732.0
 20
322.5
 30
0.0
 11
724.5
 21
322.5
 31
0.0
  0
LINE
  5
13941
330
1F
100
AcDbEntity
  8
Plumbing
  6
ByBlock
100
AcDbLine
 10
730.4999999999999
 20
322.5
 30
0.0
 11
788.4999999999999
 21
322.5
 31
0.0
  0
MTEXT
  5
13A44
102
{ACAD_XDICTIONARY
360
147F4
102
}
330
1F
100
AcDbEntity
  8
Boundaries
  6
ByBlock
100
AcDbMText
 10
730.75
 20
543.0
 30
0.0
 40
16.0
 41
140.0
 46
0.0
 71
     5
 72
     5
  1
Engine P&ID
  7
Romans-450
 73
     1
 44
1.0
1001
ACAD
1000
ACAD_MTEXT_COLUMN_INFO_BEGIN
1070
    75
1070
     2
1070
    79
1070
     0
1070
    76
1070
     1
1070
    78
1070
     0
1070
    48
1040
140.0
1070
    49
1040
29.35730671165856
1070
    50
1070
     1
1040
0.0
1000
ACAD_MTEXT_COLUMN_INFO_END
  0
MTEXT
  5
13B04
102
{ACAD_XDICTIONARY
360
147F6
102
}
330
1F
100
AcDbEntity
  8
Plumbing
  6
ByBlock
100
AcDbMText
 10
896.0
 20
290.5
 30
0.0
 40
10.0
 41
80.0
 46
0.0
 71
     5
 72
     5
  1
ENGINE
  7
Romans-450
 73
     1
 44
1.0
1001
ACAD
1000
ACAD_MTEXT_COLUMN_INFO_BEGIN
1070
    75
1070
     2
1070
    79
1070
     0
1070
    76
1070
     1
1070
    78
1070
     0
1070
    48
1040
80.0
1070
    49
1040
29.35730671165856
1070
    50
1070
     1
1040
0.0
1000
ACAD_MTEXT_COLUMN_INFO_END
  0
INSERT
  5
13B9A
102
{ACAD_REACTORS
330
13FF0
102
}
330
1F
100
AcDbEntity
  8
Plumbing
  6
ByBlock
100
AcDbBlockReference
  2
BV-MH1
 10
810.5
 20
369.25
 30
0.0
 41
3.741140726637044
 42
3.741140726637044
 43
3.741140726637044
  0
LINE
  5
13BA4
102
{ACAD_REACTORS
330
13BA7
102
}
330
1F
100
AcDbEntity
  8
Plumbing
  6
ByBlock
100
AcDbLine
 10
786.0
 20
369.25
 30
0.0
 11
766.0
 21
379.25
 31
0.0
  0
LINE
  5
13BA5
102
{ACAD_REACTORS
330
13BA7
102
}
330
1F
100
AcDbEntity
  8
Plumbing
  6
ByBlock
100
AcDbLine
 10
786.0
 20
369.25
 30
0.0
 11
766.0
 21
369.25
 31
0.0
  0
LINE
  5
13BA6
102
{ACAD_REACTORS
330
13BA7
102
}
330
1F
100
AcDbEntity
  8
Plumbing
  6
ByBlock
100
AcDbLine
 10
766.0
 20
359.25
 30
0.0
 11
786.0
 21
369.25
 31
0.0
  0
LINE
  5
13D9D
102
{ACAD_REACTORS
330
13DA0
102
}
330
1F
100
AcDbEntity
  8
Plumbing
  6
ByBlock
100
AcDbLine
 10
859.0
 20
549.75
 30
0.0
 11
839.0
 21
559.75
 31
0.0
  0
LINE
  5
13D9E
102
{ACAD_REACTORS
330
13DA0
102
}
330
1F
100
AcDbEntity
  8
Plumbing
  6
ByBlock
100
AcDbLine
 10
859.0
 20
549.75
 30
0.0
 11
839.0
 21
549.75
 31
0.0
  0
LINE
  5
13D9F
102
{ACAD_REACTORS
330
13DA0
102
}
330
1F
100
AcDbEntity
  8
Plumbing
  6
ByBlock
100
AcDbLine
 10
839.0
 20
539.7499999999999
 30
0.0
 11
859.0
 21
549.75
 31
0.0
  0
LINE
  5
13E58
330
1F
100
AcDbEntity
  8
GSE Electronics
100
AcDbLine
 10
607.2499999999999
 20
184.25
 30
0.0
 11
740.2499999999999
 21
184.25
 31
0.0
  0
LINE
  5
13F0A
102
{ACAD_REACTORS
330
13FF0
102
}
330
1F
100
AcDbEntity
  8
Plumbing
100
AcDbLine
 10
810.5
 20
373.5
 30
0.0
 11
810.5
 21
381.0
 31
0.0
  0
LINE
  5
13F0B
102
{ACAD_REACTORS
330
13FF0
102
}
330
1F
100
AcDbEntity
  8
Plumbing
100
AcDbLine
 10
806.4999999999999
 20
381.0
 30
0.0
 11
814.4999999999999
 21
381.0
 31
0.0
  0
INSERT
  5
13F3F
102
{ACAD_REACTORS
330
13F43
102
}
330
1F
100
AcDbEntity
  8
Plumbing
  6
ByBlock
100
AcDbBlockReference
  2
BV-MH1
 10
809.75
 20
401.1319270823395
 30
0.0
 41
3.815963541169784
 42
3.815963541169784
 43
3.815963541169784
  0
LWPOLYLINE
  5
13F40
102
{ACAD_REACTORS
330
13F43
102
}
330
1F
100
AcDbEntity
  8
Plumbing
100
AcDbPolyline
 90
        4
 70
     1
 43
0.0
 10
801.2499999999999
 20
414.0
 10
818.25
 20
414.0
 10
818.25
 20
407.5
 10
801.2499999999999
 20
407.5
  0
MTEXT
  5
13F41
102
{ACAD_XDICTIONARY
360
147FE
102
}
102
{ACAD_REACTORS
330
13F43
102
}
330
1F
100
AcDbEntity
  8
Plumbing
100
AcDbMText
 10
805.25
 20
413.0
 30
0.0
 40
4.5
 41
9.0
 46
0.0
 71
     1
 72
     5
  1
\pi-3.53571;PYRO
  7
Romans-450
 73
     1
 44
1.0
1001
ACAD
1000
ACAD_MTEXT_COLUMN_INFO_BEGIN
1070
    75
1070
     2
1070
    79
1070
     0
1070
    76
1070
     1
1070
    78
1070
     0
1070
    48
1040
9.0
1070
    49
1040
35.0
1070
    50
1070
     1
1040
0.0
1000
ACAD_MTEXT_COLUMN_INFO_END
  0
LINE
  5
13F42
102
{ACAD_REACTORS
330
13F43
102
}
330
1F
100
AcDbEntity
  8
Plumbing
100
AcDbLine
 10
809.75
 20
405.4999999999999
 30
0.0
 11
809.75
 21
407.5
 31
0.0
  0
CIRCLE
  5
13FB3
102
{ACAD_REACTORS
330
13FB8
102
}
330
1F
100
AcDbEntity
  8
Plumbing
100
AcDbCircle
 10
919.5
 20
530.4999999999999
 30
0.0
 40
8.5
  0
INSERT
  5
13FB4
102
{ACAD_REACTORS
330
13FB8
102
}
330
1F
100
AcDbEntity
  8
Plumbing
  6
ByBlock
100
AcDbBlockReference
  2
CV-1
 10
919.5
 20
526.75
 30
0.0
 41
1.271987847056595
 42
1.271987847056595
 43
1.271987847056595
 50
90.0
  0
LWPOLYLINE
  5
13FB5
102
{ACAD_REACTORS
330
13FB8
102
}
330
1F
100
AcDbEntity
  8
Plumbing
100
AcDbPolyline
 90
        3
 70
     1
 43
0.0
 10
919.5
 20
539.0
 10
923.8301270189221
 20
546.4999999999999
 10
915.1698729810778
 20
546.4999999999999
  0
LWPOLYLINE
  5
13FB6
102
{ACAD_REACTORS
330
13FB8
102
}
330
1F
100
AcDbEntity
  8
Plumbing
100
AcDbPolyline
 90
        3
 70
     1
 43
0.0
 10
919.5
 20
514.5
 10
923.8301270189221
 20
507.0
 10
915.1698729810778
 20
507.0
  0
LINE
  5
13FB7
102
{ACAD_REACTORS
330
13FB8
102
}
330
1F
100
AcDbEntity
  8
Plumbing
  6
ZIGZAG
 48
0.25
100
AcDbLine
 10
919.5
 20
514.5
 30
0.0
 11
919.5
 21
522.0
 31
0.0
  0
LINE
  5
13FC8
102
{ACAD_REACTORS
330
13FCD
102
}
330
1F
100
AcDbEntity
  8
Plumbing
  6
ByBlock
100
AcDbLine
 10
924.2499999999999
 20
551.4999999999999
 30
0.0
 11
944.25
 21
561.5
 31
0.0
  0
LINE
  5
13FC9
102
{ACAD_REACTORS
330
13FCD
102
}
330
1F
100
AcDbEntity
  8
Plumbing
  6
ByBlock
100
AcDbLine
 10
924.2499999999999
 20
551.4999999999999
 30
0.0
 11
944.25
 21
551.4999999999999
 31
0.0
  0
LINE
  5
13FCA
102
{ACAD_REACTORS
330
13FCD
102
}
330
1F
100
AcDbEntity
  8
Plumbing
  6
ByBlock
100
AcDbLine
 10
944.25
 20
541.5
 30
0.0
 11
924.2499999999999
 21
551.4999999999999
 31
0.0
  0
MTEXT
  5
13FD7
330
1F
100
AcDbEntity
  8
Boundaries
100
AcDbMText
 10
873.2499999999999
 20
525.0
 30
0.0
 40
7.0
 41
24.0
 46
0.0
 71
     1
 72
     5
  1
Vent
  7
Romans-450
 73
     1
 44
1.0
1001
ACAD
1000
ACAD_MTEXT_COLUMN_INFO_BEGIN
1070
    75
1070
     2
1070
    79
1070
     0
1070
    76
1070
     1
1070
    78
1070
     0
1070
    48
1040
24.0
1070
    49
1040
35.0
1070
    50
1070
     1
1040
0.0
1000
ACAD_MTEXT_COLUMN_INFO_END
  0
MTEXT
  5
13FDF
330
1F
100
AcDbEntity
  8
Boundaries
100
AcDbMText
 10
933.0
 20
539.0
 30
0.0
 40
7.0
 41
24.0
 46
0.0
 71
     1
 72
     5
  1
Pressure Relief
  7
Romans-450
 73
     1
 44
1.0
1001
ACAD
1000
ACAD_MTEXT_COLUMN_INFO_BEGIN
1070
    75
1070
     2
1070
    79
1070
     0
1070
    76
1070
     1
1070
    78
1070
     0
1070
    48
1040
24.0
1070
    49
1040
35.0
1070
    50
1070
     1
1040
0.0
1000
ACAD_MTEXT_COLUMN_INFO_END
  0
MTEXT
  5
13FE7
330
1F
100
AcDbEntity
  8
Boundaries
100
AcDbMText
 10
754.75
 20
389.75
 30
0.0
 40
7.0
 41
77.3307670132317
 46
0.0
 71
     1
 72
     5
  1
Dump
  7
Romans-450
 73
     1
 44
1.0
1001
ACAD
1000
ACAD_MTEXT_COLUMN_INFO_BEGIN
1070
    75
1070
     2
1070
    79
1070
     0
1070
    76
1070
     1
1070
    78
1070
     0
1070
    48
1040
77.3307670132317
1070
    49
1040
35.0
1070
    50
1070
     1
1040
0.0
1000
ACAD_MTEXT_COLUMN_INFO_END
  0
INSERT
  5
13FEF
330
1F
100
AcDbEntity
  8
Plumbing
  6
ByBlock
100
AcDbBlockReference
  2
CV-1
 10
865.75
 20
378.75
 30
0.0
 41
2.394330065047708
 42
2.394330065047708
 43
2.394330065047708
 50
90.0
  0
LINE
  5
1400A
330
1F
100
AcDbEntity
  8
Plumbing
100
AcDbLine
 10
835.5
 20
369.25
 30
0.0
 11
835.5
 21
401.15
 31
0.0
  0
LINE
  5
1400B
330
1F
100
AcDbEntity
  8
Plumbing
100
AcDbLine
 10
835.5
 20
387.25
 30
0.0
 11
857.0
 21
387.25
 31
0.0
  0
LINE
  5
1400C
330
1F
100
AcDbEntity
  8
Plumbing
100
AcDbLine
 10
857.0
 20
404.4999999999999
 30
0.0
 11
857.0
 21
387.25
 31
0.0
  0
LINE
  5
1400D
330
1F
100
AcDbEntity
  8
Plumbing
100
AcDbLine
 10
865.75
 20
370.5
 30
0.0
 11
865.75
 21
351.0
 31
0.0
  0
LINE
  5
1400E
330
1F
100
AcDbEntity
  8
Plumbing
100
AcDbLine
 10
865.75
 20
351.0
 30
0.0
 11
788.4999999999999
 21
351.0
 31
0.0
  0
LINE
  5
14085
330
1F
100
AcDbEntity
  8
GSE Electronics
100
AcDbLine
 10
817.75
 20
524.0
 30
0.0
 11
817.75
 21
458.4999999999999
 31
0.0
  0
LINE
  5
14086
330
1F
100
AcDbEntity
  8
GSE Electronics
100
AcDbLine
 10
817.75
 20
458.4999999999999
 30
0.0
 11
745.25
 21
458.4999999999999
 31
0.0
  0
LINE
  5
1408A
330
1F
100
AcDbEntity
  8
Plumbing
100
AcDbLine
 10
919.5
 20
546.4999999999999
 30
0.0
 11
919.5
 21
551.4999999999999
 31
0.0
  0
LINE
  5
1408B
330
1F
100
AcDbEntity
  8
Plumbing
100
AcDbLine
 10
919.5
 20
551.4999999999999
 30
0.0
 11
924.5
 21
551.4999999999999
 31
0.0
  0
LINE
  5
1408C
330
1F
100
AcDbEntity
  8
Plumbing
100
AcDbLine
 10
866.0
 20
549.75
 30
0.0
 11
858.75
 21
549.75
 31
0.0
  0
LINE
  5
1408D
330
1F
100
AcDbEntity
  8
Plumbing
100
AcDbLine
 10
866.0
 20
549.75
 30
0.0
 11
866.0
 21
547.0
 31
0.0
  0
LINE
  5
1408E
330
1F
100
AcDbEntity
  8
Plumbing
100
AcDbLine
 10
858.0
 20
494.7499999999999
 30
0.0
 11
858.0
 21
506.7499999999999
 31
0.0
  0
LINE
  5
1408F
330
1F
100
AcDbEntity
  8
Plumbing
100
AcDbLine
 10
852.0
 20
506.7499999999999
 30
0.0
 11
858.0
 21
506.7499999999999
 31
0.0
  0
LINE
  5
14090
330
1F
100
AcDbEntity
  8
GSE Electronics
100
AcDbLine
 10
817.75
 20
524.0
 30
0.0
 11
836.7499999999999
 21
524.0
 31
0.0
  0
LINE
  5
14097
330
1F
100
AcDbEntity
  8
GSE Electronics
100
AcDbLine
 10
910.7499999999999
 20
356.5
 30
0.0
 11
910.7499999999999
 21
366.5
 31
0.0
  0
LINE
  5
14098
330
1F
100
AcDbEntity
  8
GSE Electronics
100
AcDbLine
 10
910.7499999999999
 20
366.5
 30
0.0
 11
847.4999999999999
 21
366.5
 31
0.0
  0
LINE
  5
14099
330
1F
100
AcDbEntity
  8
GSE Electronics
100
AcDbLine
 10
947.0
 20
356.0
 30
0.0
 11
947.0
 21
366.5
 31
0.0
  0
LINE
  5
1409B
330
1F
100
AcDbEntity
  8
GSE Electronics
100
AcDbLine
 10
962.0
 20
326.0
 30
0.0
 11
962.0
 21
366.5
 31
0.0
  0
LINE
  5
140AA
330
1F
100
AcDbEntity
  8
GSE Electronics
100
AcDbLine
 10
910.7499999999999
 20
366.5
 30
0.0
 11
962.0
 21
366.5
 31
0.0
  0
LINE
  5
140AB
330
1F
100
AcDbEntity
  8
GSE Electronics
100
AcDbLine
 10
837.0
 20
506.7499999999999
 30
0.0
 11
817.75
 21
506.7499999999999
 31
0.0
  0
LINE
  5
140AC
330
1F
100
AcDbEntity
  8
GSE Electronics
100
AcDbLine
 10
745.25
 20
458.4999999999999
 30
0.0
 11
745.25
 21
284.0
 31
0.0
  0
LINE
  5
140AD
330
1F
100
AcDbEntity
  8
GSE Electronics
100
AcDbLine
 10
809.5
 20
414.0
 30
0.0
 11
809.5
 21
419.0
 31
0.0
  0
LINE
  5
140AE
330
1F
100
AcDbEntity
  8
GSE Electronics
100
AcDbLine
 10
809.5
 20
419.0
 30
0.0
 11
745.25
 21
419.0
 31
0.0
  0
LINE
  5
140B8
330
1F
100
AcDbEntity
  8
Plumbing
  6
ByBlock
100
AcDbLine
 10
784.25
 20
401.0
 30
0.0
 11
764.25
 21
411.0
 31
0.0
  0
LINE
  5
140B9
330
1F
100
AcDbEntity
  8
Plumbing
  6
ByBlock
100
AcDbLine
 10
784.25
 20
401.0
 30
0.0
 11
764.25
 21
401.0
 31
0.0
  0
LINE
  5
140BA
330
1F
100
AcDbEntity
  8
Plumbing
  6
ByBlock
100
AcDbLine
 10
764.25
 20
391.0
 30
0.0
 11
784.25
 21
401.0
 31
0.0
  0
LINE
  5
140BB
330
1F
100
AcDbEntity
  8
Plumbing
100
AcDbLine
 10
919.5
 20
501.0
 30
0.0
 11
919.5
 21
507.0
 31
0.0
  0
LINE
  5
140CD
102
{ACAD_REACTORS
330
140D1
102
}
330
1F
100
AcDbEntity
  8
GSE Electronics
  6
ByBlock
100
AcDbLine
 10
714.7499999999999
 20
299.5
 30
0.0
 11
714.7499999999999
 21
269.5
 31
0.0
  0
LINE
  5
140CE
102
{ACAD_REACTORS
330
140D1
102
}
330
1F
100
AcDbEntity
  8
GSE Electronics
  6
ByBlock
100
AcDbLine
 10
724.7500000000001
 20
299.5
 30
0.0
 11
724.7500000000001
 21
269.5
 31
0.0
  0
LINE
  5
140CF
102
{ACAD_REACTORS
330
140D1
102
}
330
1F
100
AcDbEntity
  8
GSE Electronics
  6
ByBlock
100
AcDbLine
 10
724.75
 20
284.0
 30
0.0
 11
729.75
 21
284.0
 31
0.0
  0
LINE
  5
140D0
102
{ACAD_REACTORS
330
140D1
102
}
330
1F
100
AcDbEntity
  8
GSE Electronics
  6
ByBlock
100
AcDbLine
 10
714.7499999999999
 20
284.0
 30
0.0
 11
709.75
 21
284.0
 31
0.0
  0
LINE
  5
140D2
330
1F
100
AcDbEntity
  8
GSE Electronics
100
AcDbLine
 10
710.0
 20
284.0
 30
0.0
 11
704.0
 21
284.0
 31
0.0
  0
LINE
  5
140F6
330
1F
100
AcDbEntity
  8
Plumbing
100
AcDbLine
 10
878.7499999999999
 20
327.0
 30
0.0
 11
878.7499999999999
 21
323.5
 31
0.0
  0
LINE
  5
140F7
330
1F
100
AcDbEntity
  8
GSE Electronics
100
AcDbLine
 10
878.7499999999999
 20
323.5
 30
0.0
 11
878.7499999999999
 21
313.5
 31
0.0
  0
LINE
  5
140F8
330
1F
100
AcDbEntity
  8
GSE Electronics
100
AcDbLine
 10
878.7499999999999
 20
313.5
 30
0.0
 11
900.5
 21
313.5
 31
0.0
  0
LINE
  5
140F9
330
1F
100
AcDbEntity
  8
GSE Electronics
100
AcDbLine
 10
900.5
 20
313.5
 30
0.0
 11
900.5
 21
201.0
 31
0.0
  0
LINE
  5
140FA
330
1F
100
AcDbEntity
  8
GSE Electronics
100
AcDbLine
 10
900.5
 20
201.0
 30
0.0
 11
740.2499999999999
 21
201.0
 31
0.0
  0
LINE
  5
14188
330
1F
100
AcDbEntity
  8
Boundaries
100
AcDbLine
 10
659.75
 20
511.7499999999999
 30
0.0
 11
797.5
 21
511.7499999999999
 31
0.0
  0
LINE
  5
14189
330
1F
100
AcDbEntity
  8
Boundaries
100
AcDbLine
 10
797.5
 20
511.7499999999999
 30
0.0
 11
797.5
 21
571.0
 31
0.0
  0
MTEXT
  5
1419F
330
1F
100
AcDbEntity
  8
Boundaries
100
AcDbMText
 10
933.0
 20
379.5
 30
0.0
 40
7.0
 41
24.0
 46
0.0
 71
     1
 72
     5
  1
Main
  7
Romans-450
 73
     1
 44
1.0
1001
ACAD
1000
ACAD_MTEXT_COLUMN_INFO_BEGIN
1070
    75
1070
     2
1070
    79
1070
     0
1070
    76
1070
     1
1070
    78
1070
     0
1070
    48
1040
24.0
1070
    49
1040
35.0
1070
    50
1070
     1
1040
0.0
1000
ACAD_MTEXT_COLUMN_INFO_END
  0
LINE
  5
141B7
330
1F
100
AcDbEntity
  8
GSE Electronics
100
AcDbLine
 10
847.4999999999999
 20
284.0
 30
0.0
 11
727.0
 21
284.0
 31
0.0
  0
LINE
  5
141B8
330
1F
100
AcDbEntity
  8
GSE Electronics
100
AcDbLine
 10
847.4999999999999
 20
284.0
 30
0.0
 11
847.4999999999999
 21
366.5
 31
0.0
  0
LINE
  5
141D0
102
{ACAD_REACTORS
330
141DE
102
}
330
1F
100
AcDbEntity
  8
GSE Electronics
100
AcDbLine
 10
894.7499999999999
 20
192.0
 30
0.0
 11
910.7499999999999
 21
192.0
 31
0.0
  0
LINE
  5
141D1
102
{ACAD_REACTORS
330
141DE
102
}
330
1F
100
AcDbEntity
  8
GSE Electronics
100
AcDbLine
 10
910.7499999999999
 20
192.0
 30
0.0
 11
910.7499999999999
 21
188.0
 31
0.0
  0
LINE
  5
141D2
102
{ACAD_REACTORS
330
141DE
102
}
330
1F
100
AcDbEntity
  8
GSE Electronics
100
AcDbLine
 10
910.7499999999999
 20
188.0
 30
0.0
 11
906.75
 21
188.0
 31
0.0
  0
LINE
  5
141D3
102
{ACAD_REACTORS
330
141DE
102
}
330
1F
100
AcDbEntity
  8
GSE Electronics
100
AcDbLine
 10
906.75
 20
188.0
 30
0.0
 11
906.75
 21
180.0
 31
0.0
  0
LINE
  5
141D4
102
{ACAD_REACTORS
330
141DE
102
}
330
1F
100
AcDbEntity
  8
GSE Electronics
100
AcDbLine
 10
906.75
 20
180.0
 30
0.0
 11
910.7499999999999
 21
180.0
 31
0.0
  0
LINE
  5
141D5
102
{ACAD_REACTORS
330
141DE
102
}
330
1F
100
AcDbEntity
  8
GSE Electronics
100
AcDbLine
 10
910.7499999999999
 20
180.0
 30
0.0
 11
910.7499999999999
 21
176.0
 31
0.0
  0
LINE
  5
141D6
102
{ACAD_REACTORS
330
141DE
102
}
330
1F
100
AcDbEntity
  8
GSE Electronics
100
AcDbLine
 10
910.7499999999999
 20
176.0
 30
0.0
 11
890.75
 21
176.0
 31
0.0
  0
LINE
  5
141D7
102
{ACAD_REACTORS
330
141DE
102
}
330
1F
100
AcDbEntity
  8
GSE Electronics
100
AcDbLine
 10
890.75
 20
176.0
 30
0.0
 11
890.75
 21
180.0
 31
0.0
  0
LINE
  5
141D8
102
{ACAD_REACTORS
330
141DE
102
}
330
1F
100
AcDbEntity
  8
GSE Electronics
100
AcDbLine
 10
890.75
 20
180.0
 30
0.0
 11
894.7499999999999
 21
180.0
 31
0.0
  0
LINE
  5
141D9
102
{ACAD_REACTORS
330
141DE
102
}
330
1F
100
AcDbEntity
  8
GSE Electronics
100
AcDbLine
 10
894.7499999999999
 20
180.0
 30
0.0
 11
894.7499999999999
 21
188.0
 31
0.0
  0
LINE
  5
141DA
102
{ACAD_REACTORS
330
141DE
102
}
330
1F
100
AcDbEntity
  8
GSE Electronics
100
AcDbLine
 10
894.7499999999999
 20
188.0
 30
0.0
 11
890.75
 21
188.0
 31
0.0
  0
LINE
  5
141DB
102
{ACAD_REACTORS
330
141DE
102
}
330
1F
100
AcDbEntity
  8
GSE Electronics
100
AcDbLine
 10
890.75
 20
188.0
 30
0.0
 11
890.75
 21
192.0
 31
0.0
  0
LINE
  5
141DC
102
{ACAD_REACTORS
330
141DE
102
}
330
1F
100
AcDbEntity
  8
GSE Electronics
100
AcDbLine
 10
890.75
 20
192.0
 30
0.0
 11
894.7499999999999
 21
192.0
 31
0.0
  0
MTEXT
  5
141DD
330
1F
100
AcDbEntity
  8
Boundaries
100
AcDbMText
 10
915.0
 20
194.5
 30
0.0
 40
7.0
 41
12.5
 46
0.0
 71
     1
 72
     5
  1
Load Cell
  7
Romans-450
 73
     1
 44
1.0
1001
ACAD
1000
ACAD_MTEXT_COLUMN_INFO_BEGIN
1070
    75
1070
     2
1070
    79
1070
     0
1070
    76
1070
     1
1070
    78
1070
     0
1070
    48
1040
12.5
1070
    49
1040
35.0
1070
    50
1070
     1
1040
0.0
1000
ACAD_MTEXT_COLUMN_INFO_END
  0
LINE
  5
141E1
330
1F
100
AcDbEntity
  8
GSE Electronics
100
AcDbLine
 10
890.75
 20
178.0
 30
0.0
 11
740.2499999999999
 21
178.0
 31
0.0
  0
LINE
  5
141E2
330
1F
100
AcDbEntity
  8
GSE Electronics
100
AcDbLine
 10
740.2499999999999
 20
183.0
 30
0.0
 11
740.2499999999999
 21
201.0
 31
0.0
  0
MTEXT
  5
14293
102
{ACAD_XDICTIONARY
360
14800
102
}
330
1F
100
AcDbEntity
  8
Boundaries
100
AcDbMText
 10
931.4999999999999
 20
514.7499999999999
 30
0.0
 40
5.871461339999999
 41
48.25
 46
0.0
 71
     1
 72
     5
  1
\pi5.39224;Activates\P\pi7.48919;869 psi
  7
Romans-450
 73
     1
 44
1.0
1001
ACAD
1000
ACAD_MTEXT_COLUMN_INFO_BEGIN
1070
    75
1070
     2
1070
    79
1070
     0
1070
    76
1070
     1
1070
    78
1070
     0
1070
    48
1040
48.25
1070
    49
1040
35.0
1070
    50
1070
     1
1040
28.5
1000
ACAD_MTEXT_COLUMN_INFO_END
  0
LINE
  5
14341
330
1F
100
AcDbEntity
  8
Plumbing
  6
ByBlock
100
AcDbLine
 10
374.0000000000001
 20
189.0
 30
0.0
 11
424.0
 21
189.0
 31
0.0
  0
LINE
  5
14342
330
1F
100
AcDbEntity
  8
Plumbing
  6
ByBlock
100
AcDbLine
 10
424.0
 20
189.0
 30
0.0
 11
424.0
 21
264.0
 31
0.0
  0
LINE
  5
14343
330
1F
100
AcDbEntity
  8
Plumbing
  6
ByBlock
100
AcDbLine
 10
374.0000000000001
 20
264.0000000000001
 30
0.0
 11
374.0000000000001
 21
189.0
 31
0.0
  0
ELLIPSE
  5
14344
330
1F
100
AcDbEntity
  8
Plumbing
  6
ByBlock
100
AcDbEllipse
 10
398.9999999999999
 20
264.0
 30
0.0
 11
25.0
 21
-0.0000000000000061
 31
0.0
210
0.0
220
0.0
230
1.0
 40
0.8
 41
0.0
 42
3.141592653589793
  0
MTEXT
  5
14345
102
{ACAD_XDICTIONARY
360
14802
102
}
330
1F
100
AcDbEntity
  8
Plumbing
  6
ByBlock
100
AcDbMText
 10
373.9999999999999
 20
240.75
 30
0.0
 40
10.0
 41
50.0
 46
0.0
 71
     1
 72
     5
  1
\A1;\pi13.35714;N{\H0.7x;\S^ 2;}O
  7
Romans-450
 73
     1
 44
1.0
1001
ACAD
1000
ACAD_MTEXT_COLUMN_INFO_BEGIN
1070
    75
1070
     2
1070
    79
1070
     0
1070
    76
1070
     1
1070
    78
1070
     0
1070
    48
1040
50.0
1070
    49
1040
29.35730671165856
1070
    50
1070
     1
1040
0.0
1000
ACAD_MTEXT_COLUMN_INFO_END
  0
INSERT
  5
14346
330
1F
100
AcDbEntity
  8
Plumbing
100
AcDbBlockReference
  2
GLV-A
 10
399.0174814060357
 20
322.4912592969821
 30
0.0
 41
5.758740703017874
 42
5.758740703017874
 43
5.758740703017874
  0
LINE
  5
14347
330
1F
100
AcDbEntity
  8
Plumbing
  6
ByBlock
100
AcDbLine
 10
399.017481406036
 20
322.4912592969821
 30
0.0
 11
399.017481406036
 21
347.4912592969821
 31
0.0
  0
INSERT
  5
14348
330
1F
100
AcDbEntity
  8
Plumbing
  6
ByBlock
100
AcDbBlockReference
  2
BV-MH1
 10
569.5000000000001
 20
322.5
 30
0.0
 41
3.741140726637044
 42
3.741140726637044
 43
3.741140726637044
  0
LINE
  5
14349
330
1F
100
AcDbEntity
  8
Plumbing
  6
ByBlock
100
AcDbLine
 10
569.5000000000001
 20
323.5
 30
0.0
 11
569.5000000000001
 21
328.5
 31
0.0
  0
CIRCLE
  5
1434A
330
1F
100
AcDbEntity
  8
Plumbing
  6
ByBlock
100
AcDbCircle
 10
569.5000000000001
 20
342.5
 30
0.0
 40
7.5
  0
MTEXT
  5
1434B
102
{ACAD_XDICTIONARY
360
14804
102
}
330
1F
100
AcDbEntity
  8
Plumbing
  6
ByBlock
100
AcDbMText
 10
569.5
 20
342.5
 30
0.0
 40
4.5
 41
30.0
 46
0.0
 71
     5
 72
     5
  1
SRV
  7
Romans-450
 73
     1
 44
1.0
1001
ACAD
1000
ACAD_MTEXT_COLUMN_INFO_BEGIN
1070
    75
1070
     2
1070
    79
1070
     0
1070
    76
1070
     1
1070
    78
1070
     0
1070
    48
1040
30.0
1070
    49
1040
88.07192013497569
1070
    50
1070
     1
1040
15.0
1000
ACAD_MTEXT_COLUMN_INFO_END
  0
LINE
  5
1434C
330
1F
100
AcDbEntity
  8
Plumbing
  6
ByBlock
100
AcDbLine
 10
544.0000000000001
 20
322.5
 30
0.0
 11
544.0000000000001
 21
335.0
 31
0.0
  0
CIRCLE
  5
1434D
330
1F
100
AcDbEntity
  8
Plumbing
  6
ByBlock
100
AcDbCircle
 10
544.0000000000001
 20
342.5
 30
0.0
 40
7.5
  0
MTEXT
  5
1434E
102
{ACAD_XDICTIONARY
360
14806
102
}
330
1F
100
AcDbEntity
  8
Plumbing
  6
ByBlock
100
AcDbMText
 10
544.0000000000001
 20
342.5
 30
0.0
 40
4.5
 41
30.0
 46
0.0
 71
     5
 72
     5
  1
PT
  7
Romans-450
 73
     1
 44
1.0
1001
ACAD
1000
ACAD_MTEXT_COLUMN_INFO_BEGIN
1070
    75
1070
     2
1070
    79
1070
     0
1070
    76
1070
     1
1070
    78
1070
     0
1070
    48
1040
30.0
1070
    49
1040
88.07192013497569
1070
    50
1070
     1
1040
15.0
1000
ACAD_MTEXT_COLUMN_INFO_END
  0
LINE
  5
1434F
330
1F
100
AcDbEntity
  8
Plumbing
  6
ByBlock
100
AcDbLine
 10
544.5000000000001
 20
191.9999999999999
 30
0.0
 11
524.5
 21
202.0
 31
0.0
  0
LINE
  5
14350
330
1F
100
AcDbEntity
  8
Plumbing
  6
ByBlock
100
AcDbLine
 10
544.5000000000001
 20
191.9999999999999
 30
0.0
 11
524.5
 21
191.9999999999999
 31
0.0
  0
LINE
  5
14351
330
1F
100
AcDbEntity
  8
Plumbing
  6
ByBlock
100
AcDbLine
 10
524.5
 20
182.0
 30
0.0
 11
544.5000000000001
 21
191.9999999999999
 31
0.0
  0
LINE
  5
14352
330
1F
100
AcDbEntity
  8
Plumbing
  6
ByBlock
100
AcDbLine
 10
594.5000000000001
 20
322.0
 30
0.0
 11
594.5000000000001
 21
192.0
 31
0.0
  0
CIRCLE
  5
14353
330
1F
100
AcDbEntity
  8
Plumbing
  6
ByBlock
100
AcDbCircle
 10
569.5000000000001
 20
165.0
 30
0.0
 40
6.5
  0
MTEXT
  5
14354
102
{ACAD_XDICTIONARY
360
14808
102
}
330
1F
100
AcDbEntity
  8
Plumbing
  6
ByBlock
100
AcDbMText
 10
569.5000000000001
 20
165.0
 30
0.0
 40
4.0
 41
26.66666666666666
 46
0.0
 71
     5
 72
     5
  1
SRV
  7
Romans-450
 73
     1
 44
1.0
1001
ACAD
1000
ACAD_MTEXT_COLUMN_INFO_BEGIN
1070
    75
1070
     2
1070
    79
1070
     0
1070
    76
1070
     1
1070
    78
1070
     0
1070
    48
1040
26.66666666666666
1070
    49
1040
78.2861512310895
1070
    50
1070
     1
1040
13.33333333333333
1000
ACAD_MTEXT_COLUMN_INFO_END
  0
LINE
  5
14355
330
1F
100
AcDbEntity
  8
Plumbing
  6
ByBlock
100
AcDbLine
 10
569.5000000000001
 20
191.9999999999999
 30
0.0
 11
569.5000000000001
 21
171.5
 31
0.0
  0
LINE
  5
14356
330
1F
100
AcDbEntity
  8
Plumbing
  6
ByBlock
100
AcDbLine
 10
569.5000000000001
 20
322.5
 30
0.0
 11
569.5000000000001
 21
335.0
 31
0.0
  0
LINE
  5
14357
330
1F
100
AcDbEntity
  8
Plumbing
  6
ByBlock
100
AcDbLine
 10
399.017481406036
 20
347.4912592969821
 30
0.0
 11
419.017481406036
 21
347.4912592969821
 31
0.0
  0
LINE
  5
14358
330
1F
100
AcDbEntity
  8
Plumbing
  6
ByBlock
100
AcDbLine
 10
704.4999999999999
 20
322.5
 30
0.0
 11
594.0
 21
322.5
 31
0.0
  0
LWPOLYLINE
  5
14359
330
1F
100
AcDbEntity
  8
GSE Electronics
  6
ByBlock
100
AcDbPolyline
 90
        4
 70
     1
 43
0.0
 10
289.0
 20
420.0
 10
339.0
 20
420.0
 10
339.0
 20
390.0
 10
289.0
 20
390.0
  0
MTEXT
  5
1435A
330
1F
100
AcDbEntity
  8
GSE Electronics
  6
ByBlock
100
AcDbMText
 10
314.0
 20
405.0
 30
0.0
 40
7.5
 41
45.0
 46
0.0
 71
     5
 72
     5
  1
Ground\PStation
  7
Romans-450
 73
     1
 44
1.0
1001
ACAD
1000
ACAD_MTEXT_COLUMN_INFO_BEGIN
1070
    75
1070
     2
1070
    79
1070
     0
1070
    76
1070
     1
1070
    78
1070
     0
1070
    48
1040
45.0
1070
    49
1040
29.35730671165856
1070
    50
1070
     1
1040
0.0
1000
ACAD_MTEXT_COLUMN_INFO_END
  0
CIRCLE
  5
1435B
330
1F
100
AcDbEntity
  8
GSE Electronics
  6
ByBlock
100
AcDbCircle
 10
361.0
 20
405.0
 30
0.0
 40
13.0
  0
MTEXT
  5
1435C
102
{ACAD_XDICTIONARY
360
1480A
102
}
330
1F
100
AcDbEntity
  8
GSE Electronics
  6
ByBlock
100
AcDbMText
 10
361.0
 20
404.75
 30
0.0
 40
4.5
 41
20.0
 46
0.0
 71
     5
 72
     5
  1
XBee^JRadio
  7
Romans-450
 73
     1
 44
1.0
1001
ACAD
1000
ACAD_MTEXT_COLUMN_INFO_BEGIN
1070
    75
1070
     2
1070
    79
1070
     0
1070
    76
1070
     1
1070
    78
1070
     0
1070
    48
1040
20.0
1070
    49
1040
29.35730671165856
1070
    50
1070
     1
1040
0.0
1000
ACAD_MTEXT_COLUMN_INFO_END
  0
LINE
  5
1435D
330
1F
100
AcDbEntity
  8
Plumbing
  6
ByBlock
100
AcDbLine
 10
547.0
 20
322.5
 30
0.0
 11
436.0
 21
322.5
 31
0.0
  0
LINE
  5
1435E
330
1F
100
AcDbEntity
  8
Plumbing
  6
ACAD_ISO03W100
 62
   114
420
  1284936
100
AcDbLine
 39
1.0
 10
374.0
 20
405.0
 30
0.0
 11
502.0
 21
405.0
 31
0.0
  0
LINE
  5
1435F
330
1F
100
AcDbEntity
  8
GSE Electronics
  6
ByBlock
100
AcDbLine
 10
543.5
 20
350.0
 30
0.0
 11
543.5
 21
368.5
 31
0.0
  0
INSERT
  5
14360
330
1F
100
AcDbEntity
  8
Plumbing
  6
ByBlock
100
AcDbBlockReference
  2
BV-MH1
 10
569.5
 20
191.9822814532741
 30
0.0
 41
3.741140726637044
 42
3.741140726637044
 43
3.741140726637044
  0
LINE
  5
14361
330
1F
100
AcDbEntity
  8
GSE Electronics
  6
ByBlock
100
AcDbLine
 10
576.0
 20
165.5
 30
0.0
 11
607.5
 21
165.5
 31
0.0
  0
LINE
  5
14362
330
1F
100
AcDbEntity
  8
GSE Electronics
  6
ByBlock
100
AcDbLine
 10
607.5
 20
165.5
 30
0.0
 11
607.5
 21
371.0
 31
0.0
  0
LINE
  5
14363
330
1F
100
AcDbEntity
  8
GSE Electronics
  6
ByBlock
100
AcDbLine
 10
607.5
 20
371.0
 30
0.0
 11
599.5
 21
371.0
 31
0.0
  0
LWPOLYLINE
  5
14365
330
1F
100
AcDbEntity
  8
Boundaries
  6
ByBlock
100
AcDbPolyline
 90
        4
 70
     1
 43
0.0
 10
277.5
 20
571.0
 10
120.0
 20
571.0
 10
120.0
 20
120.0
 10
277.5
 20
120.0
  0
MTEXT
  5
14366
102
{ACAD_XDICTIONARY
360
1480C
102
}
330
1F
100
AcDbEntity
  8
Boundaries
  6
ByBlock
100
AcDbMText
 10
398.5
 20
539.5
 30
0.0
 40
16.0
 41
200.0
 46
0.0
 71
     5
 72
     5
  1
Ground Support Equipment P&ID
  7
Romans-450
 73
     1
 44
1.0
1001
ACAD
1000
ACAD_MTEXT_COLUMN_INFO_BEGIN
1070
    75
1070
     2
1070
    79
1070
     0
1070
    76
1070
     1
1070
    78
1070
     0
1070
    48
1040
200.0
1070
    49
1040
29.35730671165856
1070
    50
1070
     1
1040
0.0
1000
ACAD_MTEXT_COLUMN_INFO_END
  0
MTEXT
  5
14367
102
{ACAD_XDICTIONARY
360
1480E
102
}
330
1F
100
AcDbEntity
  8
Boundaries
  6
ByBlock
100
AcDbMText
 10
198.5
 20
554.0
 30
0.0
 40
16.0
 41
150.0
 46
0.0
 71
     5
 72
     5
  1
Legend
  7
Romans-450
 73
     1
 44
1.0
1001
ACAD
1000
ACAD_MTEXT_COLUMN_INFO_BEGIN
1070
    75
1070
     2
1070
    79
1070
     0
1070
    76
1070
     1
1070
    78
1070
     0
1070
    48
1040
150.0
1070
    49
1040
29.35730671165856
1070
    50
1070
     1
1040
0.0
1000
ACAD_MTEXT_COLUMN_INFO_END
  0
MTEXT
  5
14368
102
{ACAD_XDICTIONARY
360
14810
102
}
330
1F
100
AcDbEntity
  8
GSE Electronics
  6
ByBlock
100
AcDbMText
 10
225.5
 20
501.0
 30
0.0
 40
5.871461342331713
 41
98.08540531705967
 46
0.0
 71
     5
 72
     5
  1
XB9X Radio Telemetry Module
  7
Romans-450
 73
     1
 44
1.0
1001
ACAD
1000
ACAD_MTEXT_COLUMN_INFO_BEGIN
1070
    75
1070
     2
1070
    79
1070
     0
1070
    76
1070
     1
1070
    78
1070
     0
1070
    48
1040
98.08540531705967
1070
    49
1040
29.35730671165856
1070
    50
1070
     1
1040
0.0
1000
ACAD_MTEXT_COLUMN_INFO_END
  0
LINE
  5
14369
330
1F
100
AcDbEntity
  8
Plumbing
  6
ByBlock
100
AcDbLine
 10
543.625
 20
247.6170182294151
 30
0.0
 11
523.625
 21
257.6170182294151
 31
0.0
  0
LINE
  5
1436A
330
1F
100
AcDbEntity
  8
Plumbing
  6
ByBlock
100
AcDbLine
 10
543.625
 20
247.6170182294151
 30
0.0
 11
523.625
 21
247.6170182294151
 31
0.0
  0
LINE
  5
1436B
330
1F
100
AcDbEntity
  8
Plumbing
  6
ByBlock
100
AcDbLine
 10
523.625
 20
237.6170182294151
 30
0.0
 11
543.625
 21
247.6170182294151
 31
0.0
  0
CIRCLE
  5
1436F
330
1F
100
AcDbEntity
  8
GSE Electronics
  6
ByBlock
100
AcDbCircle
 10
515.0
 20
405.0
 30
0.0
 40
13.0
  0
MTEXT
  5
14370
102
{ACAD_XDICTIONARY
360
14812
102
}
330
1F
100
AcDbEntity
  8
GSE Electronics
  6
ByBlock
100
AcDbMText
 10
515.0
 20
404.75
 30
0.0
 40
4.5
 41
20.0
 46
0.0
 71
     5
 72
     5
  1
XBee^JRadio
  7
Romans-450
 73
     1
 44
1.0
1001
ACAD
1000
ACAD_MTEXT_COLUMN_INFO_BEGIN
1070
    75
1070
     2
1070
    79
1070
     0
1070
    76
1070
     1
1070
    78
1070
     0
1070
    48
1040
20.0
1070
    49
1040
29.35730671165856
1070
    50
1070
     1
1040
0.0
1000
ACAD_MTEXT_COLUMN_INFO_END
  0
CIRCLE
  5
14371
330
1F
100
AcDbEntity
  8
GSE Electronics
  6
ByBlock
100
AcDbCircle
 10
147.5
 20
502.5
 30
0.0
 40
13.0
  0
MTEXT
  5
14372
102
{ACAD_XDICTIONARY
360
14814
102
}
330
1F
100
AcDbEntity
  8
GSE Electronics
  6
ByBlock
100
AcDbMText
 10
147.5
 20
502.2499999999999
 30
0.0
 40
4.5
 41
20.0
 46
0.0
 71
     5
 72
     5
  1
XBee^JRadio
  7
Romans-450
 73
     1
 44
1.0
1001
ACAD
1000
ACAD_MTEXT_COLUMN_INFO_BEGIN
1070
    75
1070
     2
1070
    79
1070
     0
1070
    76
1070
     1
1070
    78
1070
     0
1070
    48
1040
20.0
1070
    49
1040
29.35730671165856
1070
    50
1070
     1
1040
0.0
1000
ACAD_MTEXT_COLUMN_INFO_END
  0
LINE
  5
14373
330
1F
100
AcDbEntity
  8
GSE Electronics
100
AcDbLine
 10
348.0
 20
404.4999999999999
 30
0.0
 11
339.0
 21
404.4999999999999
 31
0.0
  0
LWPOLYLINE
  5
14374
330
1F
100
AcDbEntity
  8
GSE Electronics
  6
ByBlock
100
AcDbPolyline
 90
        4
 70
     1
 43
0.0
 10
539.25
 20
398.5
 10
599.5
 20
398.5
 10
599.5
 20
368.5
 10
539.25
 20
368.5
  0
MTEXT
  5
14375
330
1F
100
AcDbEntity
  8
GSE Electronics
  6
ByBlock
100
AcDbMText
 10
570.2499999999999
 20
383.0
 30
0.0
 40
7.5
 41
45.0
 46
0.0
 71
     5
 72
     5
  1
STM32 Board
  7
Romans-450
 73
     1
 44
1.0
1001
ACAD
1000
ACAD_MTEXT_COLUMN_INFO_BEGIN
1070
    75
1070
     2
1070
    79
1070
     0
1070
    76
1070
     1
1070
    78
1070
     0
1070
    48
1040
45.0
1070
    49
1040
29.35730671165856
1070
    50
1070
     1
1040
0.0
1000
ACAD_MTEXT_COLUMN_INFO_END
  0
LINE
  5
14376
102
{ACAD_REACTORS
330
143DF
102
}
330
1F
100
AcDbEntity
  8
Plumbing
  6
ByBlock
100
AcDbLine
 10
135.1708745445082
 20
205.9496356064549
 30
0.0
 11
135.1708745445082
 21
185.9079906298802
 31
0.0
  0
LINE
  5
14377
102
{ACAD_REACTORS
330
143DF
102
}
330
1F
100
AcDbEntity
  8
Plumbing
  6
ByBlock
100
AcDbLine
 10
135.1708745445082
 20
185.9079906298802
 30
0.0
 11
165.2333420093702
 21
185.9079906298802
 31
0.0
  0
LINE
  5
14378
102
{ACAD_REACTORS
330
143DF
102
}
330
1F
100
AcDbEntity
  8
Plumbing
  6
ByBlock
100
AcDbLine
 10
165.2333420093702
 20
205.9496356064549
 30
0.0
 11
135.1708745445082
 21
205.9496356064549
 31
0.0
  0
ELLIPSE
  5
14379
102
{ACAD_REACTORS
330
143DF
102
}
330
1F
100
AcDbEntity
  8
Plumbing
  6
ByBlock
100
AcDbEllipse
 10
165.2333420093702
 20
195.9288131181676
 30
0.0
 11
-0.0000000000000043
 21
-10.02082248828734
 31
0.0
210
0.0
220
0.0
230
1.0
 40
0.8
 41
0.0
 42
3.141592653589793
  0
MTEXT
  5
1437A
102
{ACAD_XDICTIONARY
360
14816
102
}
102
{ACAD_REACTORS
330
143DF
102
}
330
1F
100
AcDbEntity
  8
Plumbing
  6
ByBlock
100
AcDbMText
 10
134.75
 20
199.5463300364394
 30
0.0
 40
7.615825091098381
 41
38.07912545549191
 46
0.0
 71
     1
 72
     5
  1
\A1;\pi10.17257;N{\H0.7x;\S^ 2;}O
  7
Romans-450
 73
     1
 44
1.0
1001
ACAD
1000
ACAD_MTEXT_COLUMN_INFO_BEGIN
1070
    75
1070
     2
1070
    79
1070
     0
1070
    76
1070
     1
1070
    78
1070
     0
1070
    48
1040
38.07912545549191
1070
    49
1040
22.35801130617202
1070
    50
1070
     1
1040
0.0
1000
ACAD_MTEXT_COLUMN_INFO_END
  0
CIRCLE
  5
1437B
102
{ACAD_REACTORS
330
143DA
102
}
330
1F
100
AcDbEntity
  8
Plumbing
  6
ByBlock
100
AcDbCircle
 10
155.5
 20
173.0
 30
0.0
 40
7.5
  0
MTEXT
  5
1437C
102
{ACAD_XDICTIONARY
360
14818
102
}
102
{ACAD_REACTORS
330
143DA
102
}
330
1F
100
AcDbEntity
  8
Plumbing
  6
ByBlock
100
AcDbMText
 10
155.5
 20
173.0
 30
0.0
 40
4.5
 41
30.0
 46
0.0
 71
     5
 72
     5
  1
PT
  7
Romans-450
 73
     1
 44
1.0
1001
ACAD
1000
ACAD_MTEXT_COLUMN_INFO_BEGIN
1070
    75
1070
     2
1070
    79
1070
     0
1070
    76
1070
     1
1070
    78
1070
     0
1070
    48
1040
30.0
1070
    49
1040
88.07192013497569
1070
    50
1070
     1
1040
15.0
1000
ACAD_MTEXT_COLUMN_INFO_END
  0
LINE
  5
1437D
102
{ACAD_REACTORS
330
143DE
102
}
330
1F
100
AcDbEntity
  8
Plumbing
  6
ByBlock
100
AcDbLine
 10
160.75
 20
220.5
 30
0.0
 11
144.75
 21
228.5
 31
0.0
  0
LINE
  5
1437E
102
{ACAD_REACTORS
330
143DE
102
}
330
1F
100
AcDbEntity
  8
Plumbing
  6
ByBlock
100
AcDbLine
 10
160.75
 20
220.5
 30
0.0
 11
144.75
 21
220.5
 31
0.0
  0
LINE
  5
1437F
102
{ACAD_REACTORS
330
143DE
102
}
330
1F
100
AcDbEntity
  8
Plumbing
  6
ByBlock
100
AcDbLine
 10
144.75
 20
212.5
 30
0.0
 11
160.75
 21
220.5
 31
0.0
  0
INSERT
  5
14380
102
{ACAD_REACTORS
330
14411
102
}
330
1F
100
AcDbEntity
  8
Plumbing
  6
ByBlock
100
AcDbBlockReference
  2
BV-MH1
 10
151.25
 20
241.741140726637
 30
0.0
 41
3.741140726637044
 42
3.741140726637044
 43
3.741140726637044
 50
180.0
  0
CIRCLE
  5
14381
102
{ACAD_REACTORS
330
14411
102
}
330
1F
100
AcDbEntity
  8
Plumbing
  6
ByBlock
100
AcDbCircle
 10
151.25
 20
260.2411407266373
 30
0.0
 40
7.5
  0
MTEXT
  5
14382
102
{ACAD_XDICTIONARY
360
1481A
102
}
102
{ACAD_REACTORS
330
14411
102
}
330
1F
100
AcDbEntity
  8
Plumbing
  6
ByBlock
100
AcDbMText
 10
151.241140726637
 20
260.25
 30
0.0
 40
4.5
 41
30.0
 46
0.0
 71
     5
 72
     5
  1
SRV
  7
Romans-450
 73
     1
 44
1.0
1001
ACAD
1000
ACAD_MTEXT_COLUMN_INFO_BEGIN
1070
    75
1070
     2
1070
    79
1070
     0
1070
    76
1070
     1
1070
    78
1070
     0
1070
    48
1040
30.0
1070
    49
1040
88.07192013497569
1070
    50
1070
     1
1040
15.0
1000
ACAD_MTEXT_COLUMN_INFO_END
  0
LINE
  5
14383
102
{ACAD_REACTORS
330
14411
102
}
330
1F
100
AcDbEntity
  8
Plumbing
  6
ByBlock
100
AcDbLine
 10
151.25
 20
241.7411407266373
 30
0.0
 11
151.25
 21
252.7411407266373
 31
0.0
  0
LINE
  5
14384
102
{ACAD_REACTORS
330
14412
102
}
330
1F
100
AcDbEntity
  8
Plumbing
  6
ByBlock
100
AcDbLine
 10
147.25
 20
322.5
 30
0.0
 11
147.25
 21
300.5
 31
0.0
  0
LINE
  5
14385
102
{ACAD_REACTORS
330
14412
102
}
330
1F
100
AcDbEntity
  8
Plumbing
  6
ByBlock
100
AcDbLine
 10
154.7500000000001
 20
322.5
 30
0.0
 11
154.7500000000001
 21
300.5
 31
0.0
  0
LINE
  5
14386
102
{ACAD_REACTORS
330
14412
102
}
330
1F
100
AcDbEntity
  8
Plumbing
  6
ByBlock
100
AcDbLine
 10
154.75
 20
311.0
 30
0.0
 11
161.75
 21
311.0
 31
0.0
  0
LINE
  5
14387
102
{ACAD_REACTORS
330
14412
102
}
330
1F
100
AcDbEntity
  8
Plumbing
  6
ByBlock
100
AcDbLine
 10
147.25
 20
311.0
 30
0.0
 11
140.25
 21
311.0
 31
0.0
  0
MTEXT
  5
14388
102
{ACAD_XDICTIONARY
360
1481C
102
}
330
1F
100
AcDbEntity
  8
Boundaries
  6
ByBlock
100
AcDbMText
 10
227.75
 20
174.5
 30
0.0
 40
5.871461342331713
 41
98.08540531705967
 46
0.0
 71
     5
 72
     5
  1
Pressure Transducer
  7
Romans-450
 73
     1
 44
1.0
1001
ACAD
1000
ACAD_MTEXT_COLUMN_INFO_BEGIN
1070
    75
1070
     2
1070
    79
1070
     0
1070
    76
1070
     1
1070
    78
1070
     0
1070
    48
1040
98.08540531705967
1070
    49
1040
29.35730671165856
1070
    50
1070
     1
1040
0.0
1000
ACAD_MTEXT_COLUMN_INFO_END
  0
MTEXT
  5
14389
102
{ACAD_XDICTIONARY
360
1481E
102
}
330
1F
100
AcDbEntity
  8
Boundaries
  6
ByBlock
100
AcDbMText
 10
229.5
 20
311.5
 30
0.0
 40
5.871461342331713
 41
98.08540531705967
 46
0.0
 71
     5
 72
     5
  1
Quick Disconnect
  7
Romans-450
 73
     1
 44
1.0
1001
ACAD
1000
ACAD_MTEXT_COLUMN_INFO_BEGIN
1070
    75
1070
     2
1070
    79
1070
     0
1070
    76
1070
     1
1070
    78
1070
     0
1070
    48
1040
98.08540531705967
1070
    49
1040
29.35730671165856
1070
    50
1070
     1
1040
0.0
1000
ACAD_MTEXT_COLUMN_INFO_END
  0
MTEXT
  5
1438A
102
{ACAD_XDICTIONARY
360
14820
102
}
330
1F
100
AcDbEntity
  8
Boundaries
  6
ByBlock
100
AcDbMText
 10
229.0
 20
242.5
 30
0.0
 40
5.871461342331713
 41
70.5
 46
0.0
 71
     5
 72
     5
  1
Servo-Actuated Ball Valve
  7
Romans-450
 73
     1
 44
1.0
1001
ACAD
1000
ACAD_MTEXT_COLUMN_INFO_BEGIN
1070
    75
1070
     2
1070
    79
1070
     0
1070
    76
1070
     1
1070
    78
1070
     0
1070
    48
1040
70.5
1070
    49
1040
29.35730671165856
1070
    50
1070
     1
1040
0.0
1000
ACAD_MTEXT_COLUMN_INFO_END
  0
MTEXT
  5
1438B
102
{ACAD_XDICTIONARY
360
14822
102
}
330
1F
100
AcDbEntity
  8
Boundaries
  6
ByBlock
100
AcDbMText
 10
227.5
 20
220.0
 30
0.0
 40
5.871461342331713
 41
108.7957660995198
 46
0.0
 71
     5
 72
     5
  1
Vent to atmosphere
  7
Romans-450
 73
     1
 44
1.0
1001
ACAD
1000
ACAD_MTEXT_COLUMN_INFO_BEGIN
1070
    75
1070
     2
1070
    79
1070
     0
1070
    76
1070
     1
1070
    78
1070
     0
1070
    48
1040
108.7957660995198
1070
    49
1040
29.35730671165856
1070
    50
1070
     1
1040
12.55773340620635
1000
ACAD_MTEXT_COLUMN_INFO_END
  0
INSERT
  5
1438C
102
{ACAD_REACTORS
330
143DC
102
}
330
1F
100
AcDbEntity
  8
Plumbing
  6
ByBlock
100
AcDbBlockReference
  2
BV-MH1
 10
151.25
 20
281.3659635411698
 30
0.0
 41
3.815963541169784
 42
3.815963541169784
 43
3.815963541169784
  0
MTEXT
  5
1438D
102
{ACAD_XDICTIONARY
360
14824
102
}
330
1F
100
AcDbEntity
  8
Boundaries
  6
ByBlock
100
AcDbMText
 10
230.0
 20
281.5
 30
0.0
 40
5.871461342331713
 41
70.5
 46
0.0
 71
     5
 72
     5
  1
Manually-Actuated Ball Valve
  7
Romans-450
 73
     1
 44
1.0
1001
ACAD
1000
ACAD_MTEXT_COLUMN_INFO_BEGIN
1070
    75
1070
     2
1070
    79
1070
     0
1070
    76
1070
     1
1070
    78
1070
     0
1070
    48
1040
70.5
1070
    49
1040
29.35730671165856
1070
    50
1070
     1
1040
0.0
1000
ACAD_MTEXT_COLUMN_INFO_END
  0
INSERT
  5
1438E
102
{ACAD_REACTORS
330
143D9
102
}
330
1F
100
AcDbEntity
  8
Plumbing
  6
ByBlock
100
AcDbBlockReference
  2
BV-MH1
 10
151.0
 20
336.6319270823395
 30
0.0
 41
3.815963541169784
 42
3.815963541169784
 43
3.815963541169784
  0
LINE
  5
1438F
102
{ACAD_REACTORS
330
143DC
102
}
330
1F
100
AcDbEntity
  8
Plumbing
100
AcDbLine
 10
151.25
 20
285.7659635411697
 30
0.0
 11
151.25
 21
293.2659635411697
 31
0.0
  0
LINE
  5
14390
102
{ACAD_REACTORS
330
143DC
102
}
330
1F
100
AcDbEntity
  8
Plumbing
100
AcDbLine
 10
147.25
 20
293.2659635411697
 30
0.0
 11
155.25
 21
293.2659635411697
 31
0.0
  0
LWPOLYLINE
  5
14391
102
{ACAD_REACTORS
330
143D9
102
}
330
1F
100
AcDbEntity
  8
Plumbing
100
AcDbPolyline
 90
        4
 70
     1
 43
0.0
 10
142.5
 20
349.5
 10
159.5
 20
349.5
 10
159.5
 20
343.0
 10
142.5
 20
343.0
  0
MTEXT
  5
14392
102
{ACAD_XDICTIONARY
360
14826
102
}
102
{ACAD_REACTORS
330
143D9
102
}
330
1F
100
AcDbEntity
  8
Plumbing
100
AcDbMText
 10
146.5
 20
348.5
 30
0.0
 40
4.5
 41
9.0
 46
0.0
 71
     1
 72
     5
  1
\pi-3.53571;PYRO
  7
Romans-450
 73
     1
 44
1.0
1001
ACAD
1000
ACAD_MTEXT_COLUMN_INFO_BEGIN
1070
    75
1070
     2
1070
    79
1070
     0
1070
    76
1070
     1
1070
    78
1070
     0
1070
    48
1040
9.0
1070
    49
1040
35.0
1070
    50
1070
     1
1040
0.0
1000
ACAD_MTEXT_COLUMN_INFO_END
  0
LINE
  5
14393
102
{ACAD_REACTORS
330
143D9
102
}
330
1F
100
AcDbEntity
  8
Plumbing
100
AcDbLine
 10
151.0
 20
341.0
 30
0.0
 11
151.0
 21
343.0
 31
0.0
  0
CIRCLE
  5
14394
102
{ACAD_REACTORS
330
143D8
102
}
330
1F
100
AcDbEntity
  8
Plumbing
100
AcDbCircle
 10
153.75
 20
389.25
 30
0.0
 40
8.5
  0
INSERT
  5
14395
102
{ACAD_REACTORS
330
143D8
102
}
330
1F
100
AcDbEntity
  8
Plumbing
  6
ByBlock
100
AcDbBlockReference
  2
CV-1
 10
150.0
 20
389.25
 30
0.0
 41
1.271987847056595
 42
1.271987847056595
 43
1.271987847056595
  0
LWPOLYLINE
  5
14396
102
{ACAD_REACTORS
330
143D8
102
}
330
1F
100
AcDbEntity
  8
Plumbing
100
AcDbPolyline
 90
        3
 70
     1
 43
0.0
 10
162.25
 20
389.25
 10
169.75
 20
384.9198729810778
 10
169.75
 20
393.5801270189222
  0
LWPOLYLINE
  5
14397
102
{ACAD_REACTORS
330
143D8
102
}
330
1F
100
AcDbEntity
  8
Plumbing
100
AcDbPolyline
 90
        3
 70
     1
 43
0.0
 10
137.75
 20
389.25
 10
130.25
 20
384.9198729810778
 10
130.25
 20
393.5801270189222
  0
LINE
  5
14398
102
{ACAD_REACTORS
330
143D8
102
}
330
1F
100
AcDbEntity
  8
Plumbing
  6
ZIGZAG
 48
0.25
100
AcDbLine
 10
137.75
 20
389.25
 30
0.0
 11
145.25
 21
389.25
 31
0.0
  0
MTEXT
  5
14399
102
{ACAD_XDICTIONARY
360
14828
102
}
330
1F
100
AcDbEntity
  8
Boundaries
  6
ByBlock
100
AcDbMText
 10
230.0
 20
388.75
 30
0.0
 40
5.871461342331713
 41
145.875
 46
0.0
 71
     5
 72
     5
  1
Mechanical Relief
  7
Romans-450
 73
     1
 44
1.0
1001
ACAD
1000
ACAD_MTEXT_COLUMN_INFO_BEGIN
1070
    75
1070
     2
1070
    79
1070
     0
1070
    76
1070
     1
1070
    78
1070
     0
1070
    48
1040
145.875
1070
    49
1040
29.35730671165856
1070
    50
1070
     1
1040
0.0
1000
ACAD_MTEXT_COLUMN_INFO_END
  0
MTEXT
  5
1439A
102
{ACAD_XDICTIONARY
360
1482A
102
}
330
1F
100
AcDbEntity
  8
Boundaries
  6
ByBlock
100
AcDbMText
 10
227.25
 20
336.75
 30
0.0
 40
5.871461342331713
 41
96.125
 46
0.0
 71
     5
 72
     5
  1
Pyro-Actuated Valve
  7
Romans-450
 73
     1
 44
1.0
1001
ACAD
1000
ACAD_MTEXT_COLUMN_INFO_BEGIN
1070
    75
1070
     2
1070
    79
1070
     0
1070
    76
1070
     1
1070
    78
1070
     0
1070
    48
1040
96.125
1070
    49
1040
29.35730671165856
1070
    50
1070
     1
1040
0.0
1000
ACAD_MTEXT_COLUMN_INFO_END
  0
LINE
  5
1439B
330
1F
100
AcDbEntity
  8
Plumbing
100
AcDbLine
 10
140.0
 20
535.5
 30
0.0
 11
155.0
 21
535.5
 31
0.0
  0
MTEXT
  5
1439C
330
1F
100
AcDbEntity
  8
Plumbing
100
AcDbMText
 10
158.25
 20
536.5
 30
0.0
 40
4.5
 41
90.75000000000001
 46
0.0
 71
     1
 72
     5
  1
Blue = Fluid Component
  7
Romans-450
 73
     1
 44
1.0
1001
ACAD
1000
ACAD_MTEXT_COLUMN_INFO_BEGIN
1070
    75
1070
     2
1070
    79
1070
     0
1070
    76
1070
     1
1070
    78
1070
     0
1070
    48
1040
90.75000000000001
1070
    49
1040
35.0
1070
    50
1070
     1
1040
15.15505151102313
1000
ACAD_MTEXT_COLUMN_INFO_END
  0
MTEXT
  5
1439D
102
{ACAD_XDICTIONARY
360
1482C
102
}
330
1F
100
AcDbEntity
  8
GSE Electronics
100
AcDbMText
 10
155.75
 20
527.5
 30
0.0
 40
4.5
 41
104.8054013894616
 46
0.0
 71
     1
 72
     5
  1
\pi3.33127;Red = Electrical Component
  7
Romans-450
 73
     1
 44
1.0
1001
ACAD
1000
ACAD_MTEXT_COLUMN_INFO_BEGIN
1070
    75
1070
     2
1070
    79
1070
     0
1070
    76
1070
     1
1070
    78
1070
     0
1070
    48
1040
104.8054013894616
1070
    49
1040
35.0
1070
    50
1070
     1
1040
13.98451584730098
1000
ACAD_MTEXT_COLUMN_INFO_END
  0
LINE
  5
1439E
330
1F
100
AcDbEntity
  8
GSE Electronics
100
AcDbLine
 10
139.75
 20
525.25
 30
0.0
 11
154.75
 21
525.25
 31
0.0
  0
LINE
  5
1439F
330
1F
100
AcDbEntity
  8
Boundaries
100
AcDbLine
 10
277.5
 20
518.5
 30
0.0
 11
120.0
 21
518.5
 31
0.0
  0
LINE
  5
143A0
330
1F
100
AcDbEntity
  8
Boundaries
100
AcDbLine
 10
120.0
 20
541.25
 30
0.0
 11
277.5
 21
541.25
 31
0.0
  0
LINE
  5
143A1
330
1F
100
AcDbEntity
  8
Boundaries
100
AcDbLine
 10
277.5
 20
401.4999999999999
 30
0.0
 11
120.0
 21
401.4999999999999
 31
0.0
  0
MTEXT
  5
143A2
102
{ACAD_XDICTIONARY
360
1482E
102
}
330
1F
100
AcDbEntity
  8
Boundaries
  6
ByBlock
100
AcDbMText
 10
211.75
 20
195.75
 30
0.0
 40
5.871461342331713
 41
88.49999999999999
 46
0.0
 71
     5
 72
     5
  1
Nitrous Bottle
  7
Romans-450
 73
     1
 44
1.0
1001
ACAD
1000
ACAD_MTEXT_COLUMN_INFO_BEGIN
1070
    75
1070
     2
1070
    79
1070
     0
1070
    76
1070
     1
1070
    78
1070
     0
1070
    48
1040
88.49999999999999
1070
    49
1040
29.35730671165856
1070
    50
1070
     1
1040
0.0
1000
ACAD_MTEXT_COLUMN_INFO_END
  0
LINE
  5
143A3
330
1F
100
AcDbEntity
  8
GSE Electronics
100
AcDbLine
 10
704.0
 20
284.0
 30
0.0
 11
607.5
 21
284.0
 31
0.0
  0
INSERT
  5
143A4
330
1F
100
AcDbEntity
  8
Plumbing
  6
ByBlock
100
AcDbBlockReference
  2
BV-MH1
 10
568.8749999999999
 20
247.4829817705849
 30
0.0
 41
3.815963541169784
 42
3.815963541169784
 43
3.815963541169784
  0
LINE
  5
143A5
330
1F
100
AcDbEntity
  8
Plumbing
100
AcDbLine
 10
568.8749999999999
 20
251.8829817705849
 30
0.0
 11
568.8749999999999
 21
259.3829817705849
 31
0.0
  0
LINE
  5
143A6
330
1F
100
AcDbEntity
  8
Plumbing
100
AcDbLine
 10
564.8749999999999
 20
259.3829817705849
 30
0.0
 11
572.8749999999999
 21
259.3829817705849
 31
0.0
  0
MTEXT
  5
143A7
330
1F
100
AcDbEntity
  8
Boundaries
100
AcDbMText
 10
385.75
 20
421.25
 30
0.0
 40
7.0
 41
171.2908677567666
 46
0.0
 71
     1
 72
     5
  1
915MHz UART Link
  7
Romans-450
 73
     1
 44
1.0
1001
ACAD
1000
ACAD_MTEXT_COLUMN_INFO_BEGIN
1070
    75
1070
     2
1070
    79
1070
     0
1070
    76
1070
     1
1070
    78
1070
     0
1070
    48
1040
171.2908677567666
1070
    49
1040
35.0
1070
    50
1070
     1
1040
22.71498350954638
1000
ACAD_MTEXT_COLUMN_INFO_END
  0
LINE
  5
143A8
330
1F
100
AcDbEntity
  8
Boundaries
100
AcDbLine
 10
523.0
 20
510.0
 30
0.0
 11
277.5
 21
510.0
 31
0.0
  0
LINE
  5
143A9
330
1F
100
AcDbEntity
  8
Boundaries
100
AcDbLine
 10
523.0
 20
571.0
 30
0.0
 11
523.0
 21
510.0
 31
0.0
  0
LINE
  5
143AA
330
1F
100
AcDbEntity
  8
GSE Electronics
100
AcDbLine
 10
528.0
 20
405.0
 30
0.0
 11
569.5
 21
405.0
 31
0.0
  0
LINE
  5
143AB
330
1F
100
AcDbEntity
  8
GSE Electronics
100
AcDbLine
 10
569.5
 20
405.0
 30
0.0
 11
569.5
 21
398.5
 31
0.0
  0
INSERT
  5
143AC
330
1F
100
AcDbEntity
  8
Plumbing
  6
ByBlock
100
AcDbBlockReference
  2
BV-MH1
 10
569.0
 20
217.8819270823395
 30
0.0
 41
3.815963541169784
 42
3.815963541169784
 43
3.815963541169784
  0
LWPOLYLINE
  5
143AD
330
1F
100
AcDbEntity
  8
Plumbing
100
AcDbPolyline
 90
        4
 70
     1
 43
0.0
 10
560.5
 20
230.75
 10
577.5
 20
230.75
 10
577.5
 20
224.25
 10
560.5
 20
224.25
  0
MTEXT
  5
143AE
102
{ACAD_XDICTIONARY
360
14830
102
}
330
1F
100
AcDbEntity
  8
Plumbing
100
AcDbMText
 10
564.5
 20
229.75
 30
0.0
 40
4.5
 41
9.0
 46
0.0
 71
     1
 72
     5
  1
\pi-3.53571;PYRO
  7
Romans-450
 73
     1
 44
1.0
1001
ACAD
1000
ACAD_MTEXT_COLUMN_INFO_BEGIN
1070
    75
1070
     2
1070
    79
1070
     0
1070
    76
1070
     1
1070
    78
1070
     0
1070
    48
1040
9.0
1070
    49
1040
35.0
1070
    50
1070
     1
1040
0.0
1000
ACAD_MTEXT_COLUMN_INFO_END
  0
LINE
  5
143AF
330
1F
100
AcDbEntity
  8
Plumbing
100
AcDbLine
 10
569.0
 20
222.25
 30
0.0
 11
569.0
 21
224.25
 31
0.0
  0
LINE
  5
143B0
330
1F
100
AcDbEntity
  8
Plumbing
  6
ByBlock
100
AcDbLine
 10
543.5
 20
218.0
 30
0.0
 11
523.5
 21
228.0
 31
0.0
  0
LINE
  5
143B1
330
1F
100
AcDbEntity
  8
Plumbing
  6
ByBlock
100
AcDbLine
 10
543.5
 20
218.0
 30
0.0
 11
523.5
 21
218.0
 31
0.0
  0
LINE
  5
143B2
330
1F
100
AcDbEntity
  8
Plumbing
  6
ByBlock
100
AcDbLine
 10
523.5
 20
208.0
 30
0.0
 11
543.5
 21
218.0
 31
0.0
  0
LINE
  5
143B3
330
1F
100
AcDbEntity
  8
GSE Electronics
100
AcDbLine
 10
577.5
 20
227.5
 30
0.0
 11
607.5
 21
227.5
 31
0.0
  0
LINE
  5
143B4
330
1F
100
AcDbEntity
  8
GSE Electronics
100
AcDbLine
 10
577.0
 20
342.5
 30
0.0
 11
607.5
 21
342.5
 31
0.0
  0
LWPOLYLINE
  5
143B5
330
1F
100
AcDbEntity
  8
GSE Electronics
  6
ByBlock
100
AcDbPolyline
 90
        4
 70
     1
 43
0.0
 10
130.99
 20
485.4
 10
163.99
 20
485.4
 10
163.99
 20
465.6
 10
130.99
 20
465.6
  0
MTEXT
  5
143B6
330
1F
100
AcDbEntity
  8
GSE Electronics
  6
ByBlock
100
AcDbMText
 10
147.49
 20
475.4999999999999
 30
0.0
 40
4.95
 41
29.7
 46
0.0
 71
     5
 72
     5
  1
Ground\PStation
  7
Romans-450
 73
     1
 44
1.0
1001
ACAD
1000
ACAD_MTEXT_COLUMN_INFO_BEGIN
1070
    75
1070
     2
1070
    79
1070
     0
1070
    76
1070
     1
1070
    78
1070
     0
1070
    48
1040
29.7
1070
    49
1040
19.37582242969465
1070
    50
1070
     1
1040
0.0
1000
ACAD_MTEXT_COLUMN_INFO_END
  0
LWPOLYLINE
  5
143B7
330
1F
100
AcDbEntity
  8
GSE Electronics
  6
ByBlock
100
AcDbPolyline
 90
        4
 70
     1
 43
0.0
 10
125.3319502074689
 20
458.4522821576763
 10
171.3319502074689
 20
458.4522821576763
 10
171.3319502074689
 20
435.5477178423236
 10
125.3319502074689
 20
435.5477178423236
  0
MTEXT
  5
143B8
330
1F
100
AcDbEntity
  8
GSE Electronics
  6
ByBlock
100
AcDbMText
 10
149.0
 20
446.6182572614108
 30
0.0
 40
5.726141078838173
 41
34.35684647302905
 46
0.0
 71
     5
 72
     5
  1
STM32 Board
  7
Romans-450
 73
     1
 44
1.0
1001
ACAD
1000
ACAD_MTEXT_COLUMN_INFO_BEGIN
1070
    75
1070
     2
1070
    79
1070
     0
1070
    76
1070
     1
1070
    78
1070
     0
1070
    48
1040
34.35684647302905
1070
    49
1040
22.41387732342397
1070
    50
1070
     1
1040
0.0
1000
ACAD_MTEXT_COLUMN_INFO_END
  0
MTEXT
  5
143B9
102
{ACAD_XDICTIONARY
360
14832
102
}
330
1F
100
AcDbEntity
  8
GSE Electronics
  6
ByBlock
100
AcDbMText
 10
224.5
 20
476.3071920134975
 30
0.0
 40
5.871461342331713
 41
98.08540531705967
 46
0.0
 71
     5
 72
     5
  1
Ground Station Computer w/ GUI
  7
Romans-450
 73
     1
 44
1.0
1001
ACAD
1000
ACAD_MTEXT_COLUMN_INFO_BEGIN
1070
    75
1070
     2
1070
    79
1070
     0
1070
    76
1070
     1
1070
    78
1070
     0
1070
    48
1040
98.08540531705967
1070
    49
1040
29.35730671165856
1070
    50
1070
     1
1040
0.0
1000
ACAD_MTEXT_COLUMN_INFO_END
  0
MTEXT
  5
143BA
102
{ACAD_XDICTIONARY
360
14834
102
}
330
1F
100
AcDbEntity
  8
GSE Electronics
  6
ByBlock
100
AcDbMText
 10
226.0
 20
447.8663788080053
 30
0.0
 40
5.871461342331713
 41
98.08540531705967
 46
0.0
 71
     5
 72
     5
  1
STM32 w/ ADC and other sensors
  7
Romans-450
 73
     1
 44
1.0
1001
ACAD
1000
ACAD_MTEXT_COLUMN_INFO_BEGIN
1070
    75
1070
     2
1070
    79
1070
     0
1070
    76
1070
     1
1070
    78
1070
     0
1070
    48
1040
98.08540531705967
1070
    49
1040
29.35730671165856
1070
    50
1070
     1
1040
0.0
1000
ACAD_MTEXT_COLUMN_INFO_END
  0
CIRCLE
  5
143BB
330
1F
100
AcDbEntity
  8
Plumbing
100
AcDbCircle
 10
562.0
 20
276.0
 30
0.0
 40
8.5
  0
INSERT
  5
143BC
330
1F
100
AcDbEntity
  8
Plumbing
  6
ByBlock
100
AcDbBlockReference
  2
CV-1
 10
565.7499999999999
 20
276.0
 30
0.0
 41
1.271987847056595
 42
1.271987847056595
 43
1.271987847056595
 50
180.0
  0
LWPOLYLINE
  5
143BD
330
1F
100
AcDbEntity
  8
Plumbing
100
AcDbPolyline
 90
        3
 70
     1
 43
0.0
 10
553.5
 20
276.0
 10
546.0
 20
280.3301270189222
 10
546.0
 20
271.6698729810778
  0
LWPOLYLINE
  5
143BE
330
1F
100
AcDbEntity
  8
Plumbing
100
AcDbPolyline
 90
        3
 70
     1
 43
0.0
 10
578.0
 20
276.0
 10
585.5
 20
280.3301270189222
 10
585.5
 20
271.6698729810778
  0
LINE
  5
143BF
330
1F
100
AcDbEntity
  8
Plumbing
  6
ZIGZAG
 48
0.25
100
AcDbLine
 10
578.0
 20
276.0
 30
0.0
 11
570.5
 21
276.0
 31
0.0
  0
LINE
  5
143C0
330
1F
100
AcDbEntity
  8
Plumbing
100
AcDbLine
 10
585.5
 20
276.0
 30
0.0
 11
594.5
 21
276.0
 31
0.0
  0
LINE
  5
143C1
330
1F
100
AcDbEntity
  8
Plumbing
100
AcDbLine
 10
546.0
 20
276.0
 30
0.0
 11
542.4999999999999
 21
276.0
 31
0.0
  0
LINE
  5
143C2
330
1F
100
AcDbEntity
  8
Plumbing
  6
ByBlock
100
AcDbLine
 10
542.4999999999999
 20
276.0
 30
0.0
 11
522.5
 21
286.0
 31
0.0
  0
LINE
  5
143C3
330
1F
100
AcDbEntity
  8
Plumbing
  6
ByBlock
100
AcDbLine
 10
542.4999999999999
 20
276.0
 30
0.0
 11
522.5
 21
276.0
 31
0.0
  0
LINE
  5
143C4
330
1F
100
AcDbEntity
  8
Plumbing
  6
ByBlock
100
AcDbLine
 10
522.5
 20
266.0
 30
0.0
 11
542.4999999999999
 21
276.0
 31
0.0
  0
MTEXT
  5
143C5
102
{ACAD_XDICTIONARY
360
14836
102
}
330
1F
100
AcDbEntity
  8
Boundaries
100
AcDbMText
 10
507.5
 20
295.5
 30
0.0
 40
6.0
 41
84.0
 46
0.0
 71
     1
 72
     5
  1
\pi2;Activates 869 psi
  7
Romans-450
 73
     1
 44
1.0
1001
ACAD
1000
ACAD_MTEXT_COLUMN_INFO_BEGIN
1070
    75
1070
     2
1070
    79
1070
     0
1070
    76
1070
     1
1070
    78
1070
     0
1070
    48
1040
84.0
1070
    49
1040
35.0
1070
    50
1070
     1
1040
14.27576966290235
1000
ACAD_MTEXT_COLUMN_INFO_END
  0
CIRCLE
  5
143CF
102
{ACAD_REACTORS
330
143E0
102
}
330
1F
100
AcDbEntity
  8
Plumbing
  6
ByBlock
100
AcDbCircle
 10
155.25
 20
153.6163788080053
 30
0.0
 40
7.5
  0
MTEXT
  5
143D0
102
{ACAD_XDICTIONARY
360
14838
102
}
102
{ACAD_REACTORS
330
143E0
102
}
330
1F
100
AcDbEntity
  8
Plumbing
  6
ByBlock
100
AcDbMText
 10
155.25
 20
153.6163788080052
 30
0.0
 40
4.5
 41
30.0
 46
0.0
 71
     5
 72
     5
  1
IGN
  7
Romans-450
 73
     1
 44
1.0
1001
ACAD
1000
ACAD_MTEXT_COLUMN_INFO_BEGIN
1070
    75
1070
     2
1070
    79
1070
     0
1070
    76
1070
     1
1070
    78
1070
     0
1070
    48
1040
30.0
1070
    49
1040
88.07192013497569
1070
    50
1070
     1
1040
15.0
1000
ACAD_MTEXT_COLUMN_INFO_END
  0
MTEXT
  5
143D1
102
{ACAD_XDICTIONARY
360
1483A
102
}
330
1F
100
AcDbEntity
  8
Boundaries
  6
ByBlock
100
AcDbMText
 10
195.25
 20
154.6163788080053
 30
0.0
 40
5.871461342331713
 41
134.2944993246974
 46
0.0
 71
     5
 72
     5
  1
Igniter
  7
Romans-450
 73
     1
 44
1.0
1001
ACAD
1000
ACAD_MTEXT_COLUMN_INFO_BEGIN
1070
    75
1070
     2
1070
    79
1070
     0
1070
    76
1070
     1
1070
    78
1070
     0
1070
    48
1040
134.2944993246974
1070
    49
1040
29.35730671165856
1070
    50
1070
     1
1040
19.85113120502627
1000
ACAD_MTEXT_COLUMN_INFO_END
  0
LINE
  5
143F5
102
{ACAD_REACTORS
330
14403
102
}
330
1F
100
AcDbEntity
  8
GSE Electronics
100
AcDbLine
 10
138.5
 20
425.0
 30
0.0
 11
154.5
 21
425.0
 31
0.0
  0
LINE
  5
143F6
102
{ACAD_REACTORS
330
14403
102
}
330
1F
100
AcDbEntity
  8
GSE Electronics
100
AcDbLine
 10
154.5
 20
425.0
 30
0.0
 11
154.5
 21
421.0
 31
0.0
  0
LINE
  5
143F7
102
{ACAD_REACTORS
330
14403
102
}
330
1F
100
AcDbEntity
  8
GSE Electronics
100
AcDbLine
 10
154.5
 20
421.0
 30
0.0
 11
150.5
 21
421.0
 31
0.0
  0
LINE
  5
143F8
102
{ACAD_REACTORS
330
14403
102
}
330
1F
100
AcDbEntity
  8
GSE Electronics
100
AcDbLine
 10
150.5
 20
421.0
 30
0.0
 11
150.5
 21
413.0
 31
0.0
  0
LINE
  5
143F9
102
{ACAD_REACTORS
330
14403
102
}
330
1F
100
AcDbEntity
  8
GSE Electronics
100
AcDbLine
 10
150.5
 20
413.0
 30
0.0
 11
154.5
 21
413.0
 31
0.0
  0
LINE
  5
143FA
102
{ACAD_REACTORS
330
14403
102
}
330
1F
100
AcDbEntity
  8
GSE Electronics
100
AcDbLine
 10
154.5
 20
413.0
 30
0.0
 11
154.5
 21
409.0
 31
0.0
  0
LINE
  5
143FB
102
{ACAD_REACTORS
330
14403
102
}
330
1F
100
AcDbEntity
  8
GSE Electronics
100
AcDbLine
 10
154.5
 20
409.0
 30
0.0
 11
134.5
 21
409.0
 31
0.0
  0
LINE
  5
143FC
102
{ACAD_REACTORS
330
14403
102
}
330
1F
100
AcDbEntity
  8
GSE Electronics
100
AcDbLine
 10
134.5
 20
409.0
 30
0.0
 11
134.5
 21
413.0
 31
0.0
  0
LINE
  5
143FD
102
{ACAD_REACTORS
330
14403
102
}
330
1F
100
AcDbEntity
  8
GSE Electronics
100
AcDbLine
 10
134.5
 20
413.0
 30
0.0
 11
138.5
 21
413.0
 31
0.0
  0
LINE
  5
143FE
102
{ACAD_REACTORS
330
14403
102
}
330
1F
100
AcDbEntity
  8
GSE Electronics
100
AcDbLine
 10
138.5
 20
413.0
 30
0.0
 11
138.5
 21
421.0
 31
0.0
  0
LINE
  5
143FF
102
{ACAD_REACTORS
330
14403
102
}
330
1F
100
AcDbEntity
  8
GSE Electronics
100
AcDbLine
 10
138.5
 20
421.0
 30
0.0
 11
134.5
 21
421.0
 31
0.0
  0
LINE
  5
14400
102
{ACAD_REACTORS
330
14403
102
}
330
1F
100
AcDbEntity
  8
GSE Electronics
100
AcDbLine
 10
134.5
 20
421.0
 30
0.0
 11
134.5
 21
425.0
 31
0.0
  0
LINE
  5
14401
102
{ACAD_REACTORS
330
14403
102
}
330
1F
100
AcDbEntity
  8
GSE Electronics
100
AcDbLine
 10
134.5
 20
425.0
 30
0.0
 11
138.5
 21
425.0
 31
0.0
  0
MTEXT
  5
14402
330
1F
100
AcDbEntity
  8
GSE Electronics
100
AcDbMText
 10
171.5
 20
420.5
 30
0.0
 40
7.0
 41
124.5
 46
0.0
 71
     1
 72
     5
  1
Fill Level Load Cell
  7
Romans-450
 73
     1
 44
1.0
1001
ACAD
1000
ACAD_MTEXT_COLUMN_INFO_BEGIN
1070
    75
1070
     2
1070
    79
1070
     0
1070
    76
1070
     1
1070
    78
1070
     0
1070
    48
1040
124.5
1070
    49
1040
35.0
1070
    50
1070
     1
1040
0.0
1000
ACAD_MTEXT_COLUMN_INFO_END
  0
INSERT
  5
1440C
330
1F
100
AcDbEntity
  8
Plumbing
  6
ByBlock
100
AcDbBlockReference
  2
CV-1
 10
143.0
 20
364.75
 30
0.0
 41
2.394330065047708
 42
2.394330065047708
 43
2.394330065047708
  0
MTEXT
  5
1440D
102
{ACAD_XDICTIONARY
360
1483C
102
}
330
1F
100
AcDbEntity
  8
Boundaries
  6
ByBlock
100
AcDbMText
 10
226.5
 20
364.75
 30
0.0
 40
5.871461342331713
 41
70.0
 46
0.0
 71
     5
 72
     5
  1
Check Valve
  7
Romans-450
 73
     1
 44
1.0
1001
ACAD
1000
ACAD_MTEXT_COLUMN_INFO_BEGIN
1070
    75
1070
     2
1070
    79
1070
     0
1070
    76
1070
     1
1070
    78
1070
     0
1070
    48
1040
70.0
1070
    49
1040
29.35730671165856
1070
    50
1070
     1
1040
0.0
1000
ACAD_MTEXT_COLUMN_INFO_END
  0
LINE
  5
14421
330
1F
100
AcDbEntity
  8
Boundaries
  6
ByBlock
100
AcDbLine
 10
277.5
 20
571.0
 30
0.0
 11
997.4999999999999
 21
571.0
 31
0.0
  0
LINE
  5
14422
330
1F
100
AcDbEntity
  8
Boundaries
  6
ByBlock
100
AcDbLine
 10
997.4999999999999
 20
571.0
 30
0.0
 11
997.4999999999999
 21
120.0
 31
0.0
  0
LINE
  5
14424
330
1F
100
AcDbEntity
  8
Boundaries
  6
ByBlock
100
AcDbLine
 10
277.5
 20
120.0
 30
0.0
 11
997.4999999999999
 21
120.0
 31
0.0
  0
LINE
  5
14425
330
1F
100
AcDbEntity
  8
Boundaries
100
AcDbLine
 10
659.75
 20
511.7499999999999
 30
0.0
 11
659.75
 21
571.0
 31
0.0
  0
LINE
  5
14426
330
1F
100
AcDbEntity
  8
Boundaries
100
AcDbLine
 10
659.75
 20
511.7499999999999
 30
0.0
 11
659.75
 21
336.25
 31
0.0
  0
LINE
  5
14427
330
1F
100
AcDbEntity
  8
Boundaries
  6
ZIGZAG
100
AcDbLine
 10
659.75
 20
336.5
 30
0.0
 11
659.75
 21
272.5
 31
0.0
  0
LINE
  5
14428
330
1F
100
AcDbEntity
  8
Boundaries
100
AcDbLine
 10
659.75
 20
175.0
 30
0.0
 11
659.75
 21
120.0
 31
0.0
  0
LINE
  5
14440
330
1F
100
AcDbEntity
  8
Plumbing
100
AcDbLine
 10
788.4999999999999
 20
351.0
 30
0.0
 11
788.4999999999999
 21
322.5
 31
0.0
  0
LINE
  5
14448
330
1F
100
AcDbEntity
  8
Boundaries
  6
ZIGZAG
100
AcDbLine
 10
659.75
 20
194.75
 30
0.0
 11
659.75
 21
174.75
 31
0.0
  0
LINE
  5
14449
330
1F
100
AcDbEntity
  8
Boundaries
100
AcDbLine
 10
659.75
 20
194.5
 30
0.0
 11
659.75
 21
272.75
 31
0.0
  0
LINE
  5
1448B
330
1F
100
AcDbEntity
  8
GSE Electronics
100
AcDbLine
 10
740.2499999999999
 20
183.0
 30
0.0
 11
740.2499999999999
 21
178.0
 31
0.0
  0
VIEWPORT
  5
14588
102
{ACAD_XDICTIONARY
360
14589
102
}
330
14581
100
AcDbEntity
 67
     1
  8
0
100
AcDbViewport
 10
183.6775786256688
 20
104.0675254240794
 30
0.0
 40
513.664067337351
 41
239.55779790162
 68
     1
 69
     1
 12
183.6775786256688
 22
104.0675254240794
 13
0.0
 23
0.0
 14
0.5
 24
0.5
 15
0.5
 25
0.5
 16
0.0
 26
0.0
 36
1.0
 17
0.0
 27
0.0
 37
0.0
 42
50.0
 43
0.0
 44
0.0
 45
239.55779790162
 50
0.0
 51
0.0
 72
  1000
 90
   819232
  1

281
     0
 71
     1
 74
     0
110
0.0
120
0.0
130
0.0
111
1.0
121
0.0
131
0.0
112
0.0
122
1.0
132
0.0
 79
     0
146
0.0
170
     0
 61
     5
348
12A6F
292
     1
282
     1
141
0.0
142
0.0
 63
   250
421
  3355443
  0
VIEWPORT
  5
1458C
102
{ACAD_XDICTIONARY
360
1458D
102
}
330
14581
100
AcDbEntity
 67
     1
  8
GSE Electronics
100
AcDbViewport
 10
148.4984898098915
 20
104.998522064973
 30
0.0
 40
296.9978911261198
 41
209.9970778133235
 68
     2
 69
     2
 12
335.5169265339033
 22
138.6171762408844
 13
0.0
 23
0.0
 14
0.25
 24
0.25
 15
10.0
 25
10.0
 16
0.0
 26
0.0
 36
1541.138859246823
 17
223.2280394990686
 27
206.8778973090256
 37
0.0
 42
50.0
 43
0.0
 44
0.0
 45
626.8569486964879
 50
0.0
 51
0.0
 72
  1000
 90
   819552
  1

281
     0
 71
     1
 74
     0
110
0.0
120
0.0
130
0.0
111
1.0
121
0.0
131
0.0
112
0.0
122
1.0
132
0.0
 79
     0
146
0.0
170
     0
 61
     5
348
12A6F
292
     1
282
     1
141
0.0
142
0.0
 63
   250
421
  3355443
  0
ENDSEC
  0
SECTION
  2
OBJECTS
  0
DICTIONARY
  5
C
330
0
100
AcDbDictionary
281
     1
  3
ACAD_BACKGROUND
350
13C3C
  3
ACAD_CIP_PREVIOUS_PRODUCT_INFO
350
12B72
  3
ACAD_COLOR
350
6B
  3
ACAD_DETAILVIEWSTYLE
350
12B67
  3
ACAD_GROUP
350
D
  3
ACAD_IMAGE_DICT
350
E5
  3
ACAD_IMAGE_VARS
350
E7
  3
ACAD_LAST_SAVED_VERSION_INFO
350
135F5
  3
ACAD_LAYOUT
350
1A
  3
ACAD_MATERIAL
350
6A
  3
ACAD_MLEADERSTYLE
350
12A8F
  3
ACAD_MLINESTYLE
350
17
  3
ACAD_PLOTSETTINGS
350
19
  3
ACAD_PLOTSTYLENAME
350
E
  3
ACAD_RENDER_RAPIDRT_SETTINGS
350
137F4
  3
ACAD_SCALELIST
350
12A7D
  3
ACAD_SECTIONVIEWSTYLE
350
12B65
  3
ACAD_TABLESTYLE
350
7E
  3
ACAD_VISUALSTYLE
350
12A69
  3
AcadDim
350
102F5
  3
ACDB_RECOMPOSE_DATA
350
1483E
  3
AcDbVariableDictionary
350
5E
  3
AcDsDecomposeData
350
14844
  3
ADE_QUERY_LIBRARY
350
1223
  3
ASE_INDEX_DICTIONARY
350
121F
1001
ADE
1000
ADE02C004
1000
[Query]
1000
CaseSensitiveMatch=0
1000
SaveCurrQueryInSession=1
1000
MkSelSetWithQryObj=0
1000
ShowBlockAsInsPt=0
1000
CreateAssociativeHatchObjects=0
1000
ReferenceBoundaryForAreaLocation=1
1000
ShowImageAsBoundary=1
1000
DefaultJoinOperator=2
1000
ColorForAdd=red
1000
ColorForRemove=red
1000
BlockLocnForQuery=1
1000
TextLocnForQuery=1
1000
[Save Back]
1000
RedefineBlockDefinitions=1
1000
RedefineLayerDefinitions=1
1000
RedefineTextStyleDefinitions=1
1000
RemoveUnusedGroups=1
1000
EraseSavedBackObjects=1
1000
RemoveLockAfterSave=1
1000
CreateHistoryFileOfChanges=0
1000
CreateBackupFileOfSourceDwg=1
1000
DontAddObjectsToSaveSet=0
1000
MarkObjectsForEditingWithoutPrompting=0
1000
[Coordinate Transformation]
1000
RestoreLastActiveDwgsOnStartup=1
1000
ActivateDwgsOnAttach=1
1000
AdjustSizesAndScalesForChangesInUnits=1
1000
AdjustRotationsForMapDistortions=1
1000
AdjustSizesAndScalesForMapDistortions=1
1000
AdjustElevations=1
1000
AdjustZeroRotationObjects=1
1000
ReconnectDbOnWSOpen=1
1000
NoOfSQLConditionsInHistory=10
  0
DICTIONARY
  5
7793
330
2
100
AcDbDictionary
280
     1
281
     1
  3
ACAD_LAYERFILTERS
360
11321
  3
ACAD_LAYERSTATES
360
8604
  3
ACLYDICTIONARY
360
11320
  0
DICTIONARY
  5
12A9F
330
10
100
AcDbDictionary
280
     1
281
     1
  3
ADSK_XREC_LAYER_RECONCILED
360
12AA0
  0
DICTIONARY
  5
12AA1
330
12E
100
AcDbDictionary
280
     1
281
     1
  3
ADSK_XREC_LAYER_RECONCILED
360
12AA2
  0
DICTIONARY
  5
100
330
1F
100
AcDbDictionary
280
     1
281
     1
  3
ACAD_SORTENTS
360
101
  0
DICTIONARY
  5
12F45
330
12F30
100
AcDbDictionary
280
     1
281
     1
  0
DICTIONARY
  5
13291
330
12FBB
100
AcDbDictionary
280
     1
281
     1
  0
DICTIONARY
  5
13CCC
330
13018
100
AcDbDictionary
280
     1
281
     1
  3
ACAD_SORTENTS
360
13CCD
  0
DICTIONARY
  5
1352B
330
130BF
100
AcDbDictionary
280
     1
281
     1
  0
DICTIONARY
  5
13340
330
13131
100
AcDbDictionary
280
     1
281
     1
  0
DICTIONARY
  5
13351
330
1313D
100
AcDbDictionary
280
     1
281
     1
  0
DICTIONARY
  5
13597
330
13595
100
AcDbDictionary
280
     1
281
     1
  3
ACAD_SORTENTS
360
13598
  0
DICTIONARY
  5
135BA
330
135B8
100
AcDbDictionary
280
     1
281
     1
  3
ACAD_SORTENTS
360
135BB
  0
DICTIONARY
  5
13A40
330
13A3E
100
AcDbDictionary
280
     1
281
     1
  3
ACAD_SORTENTS
360
13A41
  0
DICTIONARY
  5
13A70
330
13A6D
100
AcDbDictionary
280
     1
281
     1
  3
ACAD_SORTENTS
360
13A71
  0
DICTIONARY
  5
13B2C
330
13B2A
100
AcDbDictionary
280
     1
281
     1
  3
ACAD_SORTENTS
360
13B2D
  0
DICTIONARY
  5
13B3A
330
13B38
100
AcDbDictionary
280
     1
281
     1
  3
ACAD_SORTENTS
360
13B3B
  0
DICTIONARY
  5
13B8F
330
13B8D
100
AcDbDictionary
280
     1
281
     1
  3
ACAD_SORTENTS
360
13B90
  0
DICTIONARY
  5
13C68
330
13C66
100
AcDbDictionary
280
     1
281
     1
  3
ACAD_SORTENTS
360
13C69
  0
DICTIONARY
  5
13CAE
330
13CAC
100
AcDbDictionary
280
     1
281
     1
  3
ACAD_SORTENTS
360
13CAF
  0
DICTIONARY
  5
13D70
330
13CCE
100
AcDbDictionary
280
     1
281
     1
  3
ACAD_SORTENTS
360
13D72
  0
DICTIONARY
  5
13EF8
330
13EF6
100
AcDbDictionary
280
     1
281
     1
  3
ACAD_SORTENTS
360
13EF9
  0
DICTIONARY
  5
13F22
330
13F1E
100
AcDbDictionary
280
     1
281
     1
  3
ACAD_SORTENTS
360
13F23
  0
DICTIONARY
  5
13F58
330
13F56
100
AcDbDictionary
280
     1
281
     1
  3
ACAD_SORTENTS
360
13F59
  0
DICTIONARY
  5
13F6E
330
13F6C
100
AcDbDictionary
280
     1
281
     1
  3
ACAD_SORTENTS
360
13F6F
  0
DICTIONARY
  5
13FAE
330
13FA8
100
AcDbDictionary
280
     1
281
     1
  3
ACAD_SORTENTS
360
13FAF
  0
DICTIONARY
  5
1403C
330
14037
100
AcDbDictionary
280
     1
281
     1
  3
ACAD_SORTENTS
360
1403D
  0
DICTIONARY
  5
1404B
330
14046
100
AcDbDictionary
280
     1
281
     1
  3
ACAD_SORTENTS
360
1404C
  0
DICTIONARY
  5
141F8
330
141EA
100
AcDbDictionary
280
     1
281
     1
  3
ACAD_SORTENTS
360
141F9
  0
DICTIONARY
  5
147DE
330
135B9
100
AcDbDictionary
280
     1
281
     1
  3
ACAD_MTEXT_2008_RT
360
147DF
  0
DICTIONARY
  5
147F2
330
13A3F
100
AcDbDictionary
280
     1
281
     1
  3
ACAD_MTEXT_2008_RT
360
147F3
  0
DICTIONARY
  5
147F8
330
13B2B
100
AcDbDictionary
280
     1
281
     1
  3
ACAD_MTEXT_2008_RT
360
147F9
  0
DICTIONARY
  5
147FA
330
13B39
100
AcDbDictionary
280
     1
281
     1
  3
ACAD_MTEXT_2008_RT
360
147FB
  0
DICTIONARY
  5
147FC
330
13B8E
100
AcDbDictionary
280
     1
281
     1
  3
ACAD_MTEXT_2008_RT
360
147FD
  0
DICTIONARY
  5
147E0
330
136B0
100
AcDbDictionary
280
     1
281
     1
  3
ACAD_MTEXT_2008_RT
360
147E1
  0
DICTIONARY
  5
147E2
330
136B1
100
AcDbDictionary
280
     1
281
     1
  3
ACAD_MTEXT_2008_RT
360
147E3
  0
DICTIONARY
  5
147E4
330
136B2
100
AcDbDictionary
280
     1
281
     1
  3
ACAD_MTEXT_2008_RT
360
147E5
  0
DICTIONARY
  5
147E6
330
136DA
100
AcDbDictionary
280
     1
281
     1
  3
ACAD_MTEXT_2008_RT
360
147E7
  0
DICTIONARY
  5
147E8
330
136DE
100
AcDbDictionary
280
     1
281
     1
  3
ACAD_MTEXT_2008_RT
360
147E9
  0
DICTIONARY
  5
147EA
330
136E1
100
AcDbDictionary
280
     1
281
     1
  3
ACAD_MTEXT_2008_RT
360
147EB
  0
DICTIONARY
  5
147EC
330
136E4
100
AcDbDictionary
280
     1
281
     1
  3
ACAD_MTEXT_2008_RT
360
147ED
  0
DICTIONARY
  5
147EE
330
136EF
100
AcDbDictionary
280
     1
281
     1
  3
ACAD_MTEXT_2008_RT
360
147EF
  0
DICTIONARY
  5
147F0
330
136F1
100
AcDbDictionary
280
     1
281
     1
  3
ACAD_MTEXT_2008_RT
360
147F1
  0
DICTIONARY
  5
147F4
330
13A44
100
AcDbDictionary
280
     1
281
     1
  3
ACAD_MTEXT_2008_RT
360
147F5
  0
DICTIONARY
  5
147F6
330
13B04
100
AcDbDictionary
280
     1
281
     1
  3
ACAD_MTEXT_2008_RT
360
147F7
  0
DICTIONARY
  5
147FE
330
13F41
100
AcDbDictionary
280
     1
281
     1
  3
ACAD_MTEXT_2008_RT
360
147FF
  0
DICTIONARY
  5
14800
330
14293
100
AcDbDictionary
280
     1
281
     1
  3
ACAD_MTEXT_2008_RT
360
14801
  0
DICTIONARY
  5
14802
330
14345
100
AcDbDictionary
280
     1
281
     1
  3
ACAD_MTEXT_2008_RT
360
14803
  0
DICTIONARY
  5
14804
330
1434B
100
AcDbDictionary
280
     1
281
     1
  3
ACAD_MTEXT_2008_RT
360
14805
  0
DICTIONARY
  5
14806
330
1434E
100
AcDbDictionary
280
     1
281
     1
  3
ACAD_MTEXT_2008_RT
360
14807
  0
DICTIONARY
  5
14808
330
14354
100
AcDbDictionary
280
     1
281
     1
  3
ACAD_MTEXT_2008_RT
360
14809
  0
DICTIONARY
  5
1480A
330
1435C
100
AcDbDictionary
280
     1
281
     1
  3
ACAD_MTEXT_2008_RT
360
1480B
  0
DICTIONARY
  5
1480C
330
14366
100
AcDbDictionary
280
     1
281
     1
  3
ACAD_MTEXT_2008_RT
360
1480D
  0
DICTIONARY
  5
1480E
330
14367
100
AcDbDictionary
280
     1
281
     1
  3
ACAD_MTEXT_2008_RT
360
1480F
  0
DICTIONARY
  5
14810
330
14368
100
AcDbDictionary
280
     1
281
     1
  3
ACAD_MTEXT_2008_RT
360
14811
  0
DICTIONARY
  5
14812
330
14370
100
AcDbDictionary
280
     1
281
     1
  3
ACAD_MTEXT_2008_RT
360
14813
  0
DICTIONARY
  5
14814
330
14372
100
AcDbDictionary
280
     1
281
     1
  3
ACAD_MTEXT_2008_RT
360
14815
  0
DICTIONARY
  5
14816
330
1437A
100
AcDbDictionary
280
     1
281
     1
  3
ACAD_MTEXT_2008_RT
360
14817
  0
DICTIONARY
  5
14818
330
1437C
100
AcDbDictionary
280
     1
281
     1
  3
ACAD_MTEXT_2008_RT
360
14819
  0
DICTIONARY
  5
1481A
330
14382
100
AcDbDictionary
280
     1
281
     1
  3
ACAD_MTEXT_2008_RT
360
1481B
  0
DICTIONARY
  5
1481C
330
14388
100
AcDbDictionary
280
     1
281
     1
  3
ACAD_MTEXT_2008_RT
360
1481D
  0
DICTIONARY
  5
1481E
330
14389
100
AcDbDictionary
280
     1
281
     1
  3
ACAD_MTEXT_2008_RT
360
1481F
  0
DICTIONARY
  5
14820
330
1438A
100
AcDbDictionary
280
     1
281
     1
  3
ACAD_MTEXT_2008_RT
360
14821
  0
DICTIONARY
  5
14822
330
1438B
100
AcDbDictionary
280
     1
281
     1
  3
ACAD_MTEXT_2008_RT
360
14823
  0
DICTIONARY
  5
14824
330
1438D
100
AcDbDictionary
280
     1
281
     1
  3
ACAD_MTEXT_2008_RT
360
14825
  0
DICTIONARY
  5
14826
330
14392
100
AcDbDictionary
280
     1
281
     1
  3
ACAD_MTEXT_2008_RT
360
14827
  0
DICTIONARY
  5
14828
330
14399
100
AcDbDictionary
280
     1
281
     1
  3
ACAD_MTEXT_2008_RT
360
14829
  0
DICTIONARY
  5
1482A
330
1439A
100
AcDbDictionary
280
     1
281
     1
  3
ACAD_MTEXT_2008_RT
360
1482B
  0
DICTIONARY
  5
1482C
330
1439D
100
AcDbDictionary
280
     1
281
     1
  3
ACAD_MTEXT_2008_RT
360
1482D
  0
DICTIONARY
  5
1482E
330
143A2
100
AcDbDictionary
280
     1
281
     1
  3
ACAD_MTEXT_2008_RT
360
1482F
  0
DICTIONARY
  5
14830
330
143AE
100
AcDbDictionary
280
     1
281
     1
  3
ACAD_MTEXT_2008_RT
360
14831
  0
DICTIONARY
  5
14832
330
143B9
100
AcDbDictionary
280
     1
281
     1
  3
ACAD_MTEXT_2008_RT
360
14833
  0
DICTIONARY
  5
14834
330
143BA
100
AcDbDictionary
280
     1
281
     1
  3
ACAD_MTEXT_2008_RT
360
14835
  0
DICTIONARY
  5
14836
330
143C5
100
AcDbDictionary
280
     1
281
     1
  3
ACAD_MTEXT_2008_RT
360
14837
  0
DICTIONARY
  5
14838
330
143D0
100
AcDbDictionary
280
     1
281
     1
  3
ACAD_MTEXT_2008_RT
360
14839
  0
DICTIONARY
  5
1483A
330
143D1
100
AcDbDictionary
280
     1
281
     1
  3
ACAD_MTEXT_2008_RT
360
1483B
  0
DICTIONARY
  5
1483C
330
1440D
100
AcDbDictionary
280
     1
281
     1
  3
ACAD_MTEXT_2008_RT
360
1483D
  0
DICTIONARY
  5
14589
330
14588
100
AcDbDictionary
280
     1
281
     1
  3
ASDK_XREC_ANNOTATION_SCALE_INFO
360
1458A
  0
DICTIONARY
  5
1458D
330
1458C
100
AcDbDictionary
280
     1
281
     1
  3
ASDK_XREC_ANNOTATION_SCALE_INFO
360
1458E
  0
DICTIONARY
  5
13C3C
102
{ACAD_REACTORS
330
C
102
}
330
C
100
AcDbDictionary
281
     1
  0
XRECORD
  5
12B72
102
{ACAD_REACTORS
330
C
102
}
330
C
100
AcDbXrecord
280
     1
300
ACD
300
2025
300

  0
DICTIONARY
  5
6B
102
{ACAD_REACTORS
330
C
102
}
330
C
100
AcDbDictionary
281
     1
  0
DICTIONARY
  5
12B67
102
{ACAD_REACTORS
330
C
102
}
330
C
100
AcDbDictionary
281
     1
  3
Metric50
350
12B68
  0
DICTIONARY
  5
D
102
{ACAD_REACTORS
330
C
102
}
330
C
100
AcDbDictionary
281
     1
  3
*A1
350
13EE2
  3
*A10
350
143D8
  3
*A11
350
143D9
  3
*A12
350
143DA
  3
*A13
350
143DC
  3
*A14
350
13EDC
  3
*A15
350
143DE
  3
*A16
350
143DF
  3
*A17
350
143E0
  3
*A18
350
14403
  3
*A19
350
14411
  3
*A2
350
13FF0
  3
*A20
350
14412
  3
*A21
350
13EDD
  3
*A22
350
13EDE
  3
*A23
350
13EDF
  3
*A24
350
13EE1
  3
*A25
350
13F43
  3
*A26
350
13FB8
  3
*A27
350
13FCD
  3
*A3
350
140D1
  3
*A4
350
1410B
  3
*A5
350
141DE
  3
*A6
350
13EE3
  3
*A7
350
13817
  3
*A8
350
13BA7
  3
*A9
350
13DA0
  0
DICTIONARY
  5
E5
102
{ACAD_REACTORS
330
C
102
}
330
C
100
AcDbDictionary
281
     1
  0
RASTERVARIABLES
  5
E7
102
{ACAD_REACTORS
330
C
102
}
330
C
100
AcDbRasterVariables
 90
        0
 70
     1
 71
     1
 72
     1
  0
XRECORD
  5
135F5
102
{ACAD_REACTORS
330
C
102
}
330
C
100
AcDbXrecord
280
     1
300
{5A9F2E72-5552-8340-9D80-C66C2C022167}
301
{A418C217-F104-EF4A-A5ED-D2A5B584F639}
302
{5A9F2E72-5552-8340-9D80-C66C2C022167}
303
U:\Documents\Documents\School\Clubs\WREC\WREC-github\GSE\GUI\Code\v1\PID_2-27-26.dxf
  0
DICTIONARY
  5
1A
102
{ACAD_REACTORS
330
C
102
}
330
C
100
AcDbDictionary
281
     1
  3
Layout1
350
14582
  3
Model
350
22
  0
DICTIONARY
  5
6A
102
{ACAD_REACTORS
330
C
102
}
330
C
100
AcDbDictionary
281
     1
  3
ByBlock
350
12A59
  3
ByLayer
350
12A51
  3
Global
350
12A61
  0
DICTIONARY
  5
12A8F
102
{ACAD_REACTORS
330
C
102
}
330
C
100
AcDbDictionary
281
     1
  3
Standard
350
12A90
  0
DICTIONARY
  5
17
102
{ACAD_REACTORS
330
C
102
}
330
C
100
AcDbDictionary
281
     1
  3
Standard
350
18
  0
DICTIONARY
  5
19
102
{ACAD_REACTORS
330
C
102
}
330
C
100
AcDbDictionary
281
     1
  0
ACDBDICTIONARYWDFLT
  5
E
102
{ACAD_REACTORS
330
C
102
}
330
C
100
AcDbDictionary
281
     1
  3
Normal
350
F
100
AcDbDictionaryWithDefault
340
F
  0
DICTIONARY
  5
137F4
102
{ACAD_REACTORS
330
C
102
}
330
C
100
AcDbDictionary
281
     1
  3
Coffee-Break Quality
350
137F8
  3
High
350
137F7
  3
Low
350
137F5
  3
Lunch Quality
350
137F9
  3
Medium
350
137F6
  3
Overnight Quality
350
137FA
  0
DICTIONARY
  5
12A7D
102
{ACAD_REACTORS
330
C
102
}
330
C
100
AcDbDictionary
281
     1
  3
A0
350
12A7E
  3
A1
350
12A7F
  3
A2
350
12A80
  3
A3
350
12A81
  3
A4
350
12A82
  3
A5
350
12A83
  3
A6
350
12A84
  3
A7
350
12A85
  3
A8
350
12A86
  3
A9
350
12A87
  3
B0
350
12A88
  3
B1
350
12A89
  3
B2
350
12A8A
  3
B3
350
12A8B
  3
B4
350
12A8C
  3
B5
350
12A8D
  3
B6
350
12A8E
  0
DICTIONARY
  5
12B65
102
{ACAD_REACTORS
330
C
102
}
330
C
100
AcDbDictionary
281
     1
  3
Metric50
350
12B66
  0
DICTIONARY
  5
7E
102
{ACAD_REACTORS
330
C
102
}
330
C
100
AcDbDictionary
281
     1
  3
Standard
350
7F
  0
DICTIONARY
  5
12A69
102
{ACAD_REACTORS
330
C
102
}
330
C
100
AcDbDictionary
281
     1
  3
2dWireframe
350
12A6F
  3
3D Hidden
350
12A71
  3
3dWireframe
350
12A70
  3
Basic
350
12A6E
  3
Brighten
350
12A75
  3
ColorChange
350
12A79
  3
Conceptual
350
12A72
  3
Dim
350
12A74
  3
EdgeColorOff
350
12A7C
  3
Facepattern
350
12A78
  3
Flat
350
12A6A
  3
FlatWithEdges
350
12A6B
  3
Gouraud
350
12A6C
  3
GouraudWithEdges
350
12A6D
  3
Hidden
350
12B5F
  3
JitterOff
350
12A7A
  3
Linepattern
350
12A77
  3
OverhangOff
350
12A7B
  3
Realistic
350
12A73
  3
Shaded
350
12B64
  3
Shaded with edges
350
12B63
  3
Shades of Gray
350
12B60
  3
Sketchy
350
12B61
  3
Thicken
350
12A76
  3
Wireframe
350
12B5E
  3
X-Ray
350
12B62
  0
XRECORD
  5
102F5
102
{ACAD_REACTORS
330
C
102
}
330
C
100
AcDbXrecord
280
     1
 90
   990106
  3

 60
     0
 61
     0
 62
     1
 63
     3
 64
     0
 65
     0
 66
     1
 67
     3
 68
     1
 69
     0
 70
     0
 71
     0
 72
     0
 40
218.2933184309877
170
     1
  0
XRECORD
  5
1483E
102
{ACAD_REACTORS
330
C
102
}
330
C
100
AcDbXrecord
280
     1
 90
        1
330
7F
330
135B9
330
136B0
330
136B1
330
136B2
330
136DA
330
136DE
330
136E1
330
136E4
330
136EF
330
136F1
330
13A3F
330
13A44
330
13B04
330
13B2B
330
13B39
330
13B8E
330
13F41
330
13FD7
330
13FDF
330
13FE7
330
1419F
330
141DD
330
14293
330
14345
330
1434B
330
1434E
330
14354
330
1435A
330
1435C
330
14366
330
14367
330
14368
330
14370
330
14372
330
14375
330
1437A
330
1437C
330
14382
330
14388
330
14389
330
1438A
330
1438B
330
1438D
330
14392
330
14399
330
1439A
330
1439C
330
1439D
330
143A2
330
143A7
330
143AE
330
143B6
330
143B8
330
143B9
330
143BA
330
143C5
330
143D0
330
143D1
330
14402
330
1440D
  0
DICTIONARY
  5
5E
102
{ACAD_REACTORS
330
C
102
}
330
C
100
AcDbDictionary
281
     1
  3
CANNOSCALE
350
12B18
  3
CMLEADERSTYLE
350
12B16
  3
CTABLESTYLE
350
84
  3
CVIEWDETAILSTYLE
350
13516
  3
CVIEWSECTIONSTYLE
350
13517
  3
DIMASSOC
350
5F
  3
DIMLAYER
350
1357D
  3
HIDETEXT
350
63
  3
LAYEREVAL
350
12B1A
  3
LAYERNOTIFY
350
12B1B
  3
LIGHTINGUNITS
350
12B19
  3
MSLTSCALE
350
12B17
  3
PROJECTNAME
350
AB5A
  0
DICTIONARY
  5
14844
102
{ACAD_REACTORS
330
C
102
}
330
C
100
AcDbDictionary
281
     1
  3
AcDsRecords
350
14846
  3
AcDsSchemas
350
14845
1001
ACAD
1070
     2
  0
DICTIONARY
  5
1223
102
{ACAD_REACTORS
330
C
102
}
330
C
100
AcDbDictionary
281
     1
  3
_CurrQry
350
1224
  0
DICTIONARY
  5
121F
102
{ACAD_REACTORS
330
C
102
}
330
C
100
AcDbDictionary
281
     1
  3
ASEBlockHierarchyIndexRecord
350
1221
1001
DCO15
1040
1641189202.062
  0
DICTIONARY
  5
11321
102
{ACAD_REACTORS
330
7793
102
}
330
7793
100
AcDbDictionary
281
     1
  0
DICTIONARY
  5
8604
102
{ACAD_REACTORS
330
7793
102
}
330
7793
100
AcDbDictionary
281
     1
  3
All Layer List
350
10A64
  0
DICTIONARY
  5
11320
102
{ACAD_REACTORS
330
7793
102
}
330
7793
100
AcDbDictionary
281
     1
1001
ACAD
1000
<All
  0
XRECORD
  5
12AA0
102
{ACAD_REACTORS
330
12A9F
102
}
330
12A9F
100
AcDbXrecord
280
     1
290
     1
  0
XRECORD
  5
12AA2
102
{ACAD_REACTORS
330
12AA1
102
}
330
12AA1
100
AcDbXrecord
280
     1
290
     1
  0
SORTENTSTABLE
  5
101
102
{ACAD_REACTORS
330
100
102
}
330
100
100
AcDbSortentsTable
330
1F
  0
SORTENTSTABLE
  5
13CCD
102
{ACAD_REACTORS
330
13CCC
102
}
330
13CCC
100
AcDbSortentsTable
330
13018
  0
SORTENTSTABLE
  5
13598
102
{ACAD_REACTORS
330
13597
102
}
330
13597
100
AcDbSortentsTable
330
13595
  0
SORTENTSTABLE
  5
135BB
102
{ACAD_REACTORS
330
135BA
102
}
330
135BA
100
AcDbSortentsTable
330
135B8
  0
SORTENTSTABLE
  5
13A41
102
{ACAD_REACTORS
330
13A40
102
}
330
13A40
100
AcDbSortentsTable
330
13A3E
  0
SORTENTSTABLE
  5
13A71
102
{ACAD_REACTORS
330
13A70
102
}
330
13A70
100
AcDbSortentsTable
330
13A6D
  0
SORTENTSTABLE
  5
13B2D
102
{ACAD_REACTORS
330
13B2C
102
}
330
13B2C
100
AcDbSortentsTable
330
13B2A
  0
SORTENTSTABLE
  5
13B3B
102
{ACAD_REACTORS
330
13B3A
102
}
330
13B3A
100
AcDbSortentsTable
330
13B38
  0
SORTENTSTABLE
  5
13B90
102
{ACAD_REACTORS
330
13B8F
102
}
330
13B8F
100
AcDbSortentsTable
330
13B8D
  0
SORTENTSTABLE
  5
13C69
102
{ACAD_REACTORS
330
13C68
102
}
330
13C68
100
AcDbSortentsTable
330
13C66
  0
SORTENTSTABLE
  5
13CAF
102
{ACAD_REACTORS
330
13CAE
102
}
330
13CAE
100
AcDbSortentsTable
330
13CAC
  0
SORTENTSTABLE
  5
13D72
102
{ACAD_REACTORS
330
13D70
102
}
330
13D70
100
AcDbSortentsTable
330
13CCE
  0
SORTENTSTABLE
  5
13EF9
102
{ACAD_REACTORS
330
13EF8
102
}
330
13EF8
100
AcDbSortentsTable
330
13EF6
  0
SORTENTSTABLE
  5
13F23
102
{ACAD_REACTORS
330
13F22
102
}
330
13F22
100
AcDbSortentsTable
330
13F1E
  0
SORTENTSTABLE
  5
13F59
102
{ACAD_REACTORS
330
13F58
102
}
330
13F58
100
AcDbSortentsTable
330
13F56
  0
SORTENTSTABLE
  5
13F6F
102
{ACAD_REACTORS
330
13F6E
102
}
330
13F6E
100
AcDbSortentsTable
330
13F6C
  0
SORTENTSTABLE
  5
13FAF
102
{ACAD_REACTORS
330
13FAE
102
}
330
13FAE
100
AcDbSortentsTable
330
13FA8
  0
SORTENTSTABLE
  5
1403D
102
{ACAD_REACTORS
330
1403C
102
}
330
1403C
100
AcDbSortentsTable
330
14037
  0
SORTENTSTABLE
  5
1404C
102
{ACAD_REACTORS
330
1404B
102
}
330
1404B
100
AcDbSortentsTable
330
14046
  0
SORTENTSTABLE
  5
141F9
102
{ACAD_REACTORS
330
141F8
102
}
330
141F8
100
AcDbSortentsTable
330
141EA
  0
XRECORD
  5
147DF
102
{ACAD_REACTORS
330
147DE
102
}
330
147DE
100
AcDbXrecord
280
     1
 40
39456.0
  1
\A1;\pxqc;N{\H0.7x;\S^ 2;}O
  0
XRECORD
  5
147F3
102
{ACAD_REACTORS
330
147F2
102
}
330
147F2
100
AcDbXrecord
280
     1
 40
30652.0
  1
\pxqc;Ground Support Equipment
  0
XRECORD
  5
147F9
102
{ACAD_REACTORS
330
147F8
102
}
330
147F8
100
AcDbXrecord
280
     1
 40
19579.0
  1
\pxqc;Pressure Transducer
  0
XRECORD
  5
147FB
102
{ACAD_REACTORS
330
147FA
102
}
330
147FA
100
AcDbXrecord
280
     1
 40
19579.0
  1
\pxqc;Pressure Transducer
  0
XRECORD
  5
147FD
102
{ACAD_REACTORS
330
147FC
102
}
330
147FC
100
AcDbXrecord
280
     1
 40
30159.0
  1
\pxqc;Servo-Actuated Ball Valve
  0
XRECORD
  5
147E1
102
{ACAD_REACTORS
330
147E0
102
}
330
147E0
100
AcDbXrecord
280
     1
 40
37278.0
  1
\A1;\pxqc;N{\H0.7x;\S^ 2;}O
  0
XRECORD
  5
147E3
102
{ACAD_REACTORS
330
147E2
102
}
330
147E2
100
AcDbXrecord
280
     1
 40
37278.0
  1
\A1;\pxqc;N{\H0.7x;\S^ 2;}O
  0
XRECORD
  5
147E5
102
{ACAD_REACTORS
330
147E4
102
}
330
147E4
100
AcDbXrecord
280
     1
 40
13576.0
  1
\A1;\pxqc;FUEL
  0
XRECORD
  5
147E7
102
{ACAD_REACTORS
330
147E6
102
}
330
147E6
100
AcDbXrecord
280
     1
 40
505.0
  1
\pxqc;SRV
  0
XRECORD
  5
147E9
102
{ACAD_REACTORS
330
147E8
102
}
330
147E8
100
AcDbXrecord
280
     1
 40
248.0
  1
\pxqc;PT
  0
XRECORD
  5
147EB
102
{ACAD_REACTORS
330
147EA
102
}
330
147EA
100
AcDbXrecord
280
     1
 40
505.0
  1
\pxqc;SRV
  0
XRECORD
  5
147ED
102
{ACAD_REACTORS
330
147EC
102
}
330
147EC
100
AcDbXrecord
280
     1
 40
505.0
  1
\pxqc;SRV
  0
XRECORD
  5
147EF
102
{ACAD_REACTORS
330
147EE
102
}
330
147EE
100
AcDbXrecord
280
     1
 40
449.0
  1
\pxqc;IGN
  0
XRECORD
  5
147F1
102
{ACAD_REACTORS
330
147F0
102
}
330
147F0
100
AcDbXrecord
280
     1
 40
248.0
  1
\pxqc;PT
  0
XRECORD
  5
147F5
102
{ACAD_REACTORS
330
147F4
102
}
330
147F4
100
AcDbXrecord
280
     1
 40
4858.0
  1
\pxqc;Engine P&ID
  0
XRECORD
  5
147F7
102
{ACAD_REACTORS
330
147F6
102
}
330
147F6
100
AcDbXrecord
280
     1
 40
1534.0
  1
\pxqc;ENGINE
  0
XRECORD
  5
147FF
102
{ACAD_REACTORS
330
147FE
102
}
330
147FE
100
AcDbXrecord
280
     1
 40
9175.0
  1
\pxqc;PYRO
  0
XRECORD
  5
14801
102
{ACAD_REACTORS
330
14800
102
}
330
14800
100
AcDbXrecord
280
     1
 40
62751.0
  1
\pxqc;Activates\P869 psi
  0
XRECORD
  5
14803
102
{ACAD_REACTORS
330
14802
102
}
330
14802
100
AcDbXrecord
280
     1
 40
39361.0
  1
\A1;\pxqc;N{\H0.7x;\S^ 2;}O
  0
XRECORD
  5
14805
102
{ACAD_REACTORS
330
14804
102
}
330
14804
100
AcDbXrecord
280
     1
 40
505.0
  1
\pxqc;SRV
  0
XRECORD
  5
14807
102
{ACAD_REACTORS
330
14806
102
}
330
14806
100
AcDbXrecord
280
     1
 40
248.0
  1
\pxqc;PT
  0
XRECORD
  5
14809
102
{ACAD_REACTORS
330
14808
102
}
330
14808
100
AcDbXrecord
280
     1
 40
505.0
  1
\pxqc;SRV
  0
XRECORD
  5
1480B
102
{ACAD_REACTORS
330
1480A
102
}
330
1480A
100
AcDbXrecord
280
     1
 40
5003.0
  1
\pxqc;XBee^JRadio
  0
XRECORD
  5
1480D
102
{ACAD_REACTORS
330
1480C
102
}
330
1480C
100
AcDbXrecord
280
     1
 40
38574.0
  1
\pxqc;Ground Support Equipment P&ID
  0
XRECORD
  5
1480F
102
{ACAD_REACTORS
330
1480E
102
}
330
1480E
100
AcDbXrecord
280
     1
 40
2141.0
  1
\pxqc;Legend
  0
XRECORD
  5
14811
102
{ACAD_REACTORS
330
14810
102
}
330
14810
100
AcDbXrecord
280
     1
 40
36543.0
  1
\pxqc;XB9X Radio Telemetry Module
  0
XRECORD
  5
14813
102
{ACAD_REACTORS
330
14812
102
}
330
14812
100
AcDbXrecord
280
     1
 40
5003.0
  1
\pxqc;XBee^JRadio
  0
XRECORD
  5
14815
102
{ACAD_REACTORS
330
14814
102
}
330
14814
100
AcDbXrecord
280
     1
 40
5003.0
  1
\pxqc;XBee^JRadio
  0
XRECORD
  5
14817
102
{ACAD_REACTORS
330
14816
102
}
330
14816
100
AcDbXrecord
280
     1
 40
39372.0
  1
\A1;\pxqc;N{\H0.7x;\S^ 2;}O
  0
XRECORD
  5
14819
102
{ACAD_REACTORS
330
14818
102
}
330
14818
100
AcDbXrecord
280
     1
 40
248.0
  1
\pxqc;PT
  0
XRECORD
  5
1481B
102
{ACAD_REACTORS
330
1481A
102
}
330
1481A
100
AcDbXrecord
280
     1
 40
505.0
  1
\pxqc;SRV
  0
XRECORD
  5
1481D
102
{ACAD_REACTORS
330
1481C
102
}
330
1481C
100
AcDbXrecord
280
     1
 40
19579.0
  1
\pxqc;Pressure Transducer
  0
XRECORD
  5
1481F
102
{ACAD_REACTORS
330
1481E
102
}
330
1481E
100
AcDbXrecord
280
     1
 40
13820.0
  1
\pxqc;Quick Disconnect
  0
XRECORD
  5
14821
102
{ACAD_REACTORS
330
14820
102
}
330
14820
100
AcDbXrecord
280
     1
 40
30159.0
  1
\pxqc;Servo-Actuated Ball Valve
  0
XRECORD
  5
14823
102
{ACAD_REACTORS
330
14822
102
}
330
14822
100
AcDbXrecord
280
     1
 40
17530.0
  1
\pxqc;Vent to atmosphere
  0
XRECORD
  5
14825
102
{ACAD_REACTORS
330
14824
102
}
330
14824
100
AcDbXrecord
280
     1
 40
37858.0
  1
\pxqc;Manually-Actuated Ball Valve
  0
XRECORD
  5
14827
102
{ACAD_REACTORS
330
14826
102
}
330
14826
100
AcDbXrecord
280
     1
 40
9175.0
  1
\pxqc;PYRO
  0
XRECORD
  5
14829
102
{ACAD_REACTORS
330
14828
102
}
330
14828
100
AcDbXrecord
280
     1
 40
14703.0
  1
\pxqc;Mechanical Relief
  0
XRECORD
  5
1482B
102
{ACAD_REACTORS
330
1482A
102
}
330
1482A
100
AcDbXrecord
280
     1
 40
18324.0
  1
\pxqc;Pyro-Actuated Valve
  0
XRECORD
  5
1482D
102
{ACAD_REACTORS
330
1482C
102
}
330
1482C
100
AcDbXrecord
280
     1
 40
64788.0
  1
\pxqc;Red = Electrical Component
  0
XRECORD
  5
1482F
102
{ACAD_REACTORS
330
1482E
102
}
330
1482E
100
AcDbXrecord
280
     1
 40
10600.0
  1
\pxqc;Nitrous Bottle
  0
XRECORD
  5
14831
102
{ACAD_REACTORS
330
14830
102
}
330
14830
100
AcDbXrecord
280
     1
 40
9175.0
  1
\pxqc;PYRO
  0
XRECORD
  5
14833
102
{ACAD_REACTORS
330
14832
102
}
330
14832
100
AcDbXrecord
280
     1
 40
40292.0
  1
\pxqc;Ground Station Computer w/ GUI
  0
XRECORD
  5
14835
102
{ACAD_REACTORS
330
14834
102
}
330
14834
100
AcDbXrecord
280
     1
 40
43156.0
  1
\pxqc;STM32 w/ ADC and other sensors
  0
XRECORD
  5
14837
102
{ACAD_REACTORS
330
14836
102
}
330
14836
100
AcDbXrecord
280
     1
 40
21537.0
  1
\pxqc;Activates 869 psi
  0
XRECORD
  5
14839
102
{ACAD_REACTORS
330
14838
102
}
330
14838
100
AcDbXrecord
280
     1
 40
449.0
  1
\pxqc;IGN
  0
XRECORD
  5
1483B
102
{ACAD_REACTORS
330
1483A
102
}
330
1483A
100
AcDbXrecord
280
     1
 40
3013.0
  1
\pxqc;Igniter
  0
XRECORD
  5
1483D
102
{ACAD_REACTORS
330
1483C
102
}
330
1483C
100
AcDbXrecord
280
     1
 40
6342.0
  1
\pxqc;Check Valve
  0
XRECORD
  5
1458A
102
{ACAD_REACTORS
330
14589
102
}
330
14589
100
AcDbXrecord
280
     1
 90
        1
340
12A7E
  0
XRECORD
  5
1458E
102
{ACAD_REACTORS
330
1458D
102
}
330
1458D
100
AcDbXrecord
280
     1
 90
        1
340
12A7E
  0
ACDBDETAILVIEWSTYLE
  5
12B68
102
{ACAD_XDICTIONARY
360
14849
102
}
102
{ACAD_REACTORS
330
12B67
102
}
330
12B67
100
AcDbModelDocViewStyle
 70
     0
  3
Metric50
290
     0
100
AcDbDetailViewStyle
 70
     0
 71
     0
 90
        3
 71
     1
340
11
 62
   256
 40
5.0
340
0
 62
   256
 40
5.0
300

 40
0.0
280
     1
 71
     2
340
16
 90
       25
 62
   256
 71
     3
340
11
 62
   256
 40
5.0
 90
        0
 40
15.0
 90
        1
300
%<\AcVar ViewDetailId>% (%<\AcVar ViewScale \f "%sn">%)
 71
     4
340
16
 90
       25
 62
   256
340
16
 90
       25
 62
   256
280
     0
  0
GROUP
  5
13EE2
102
{ACAD_REACTORS
330
D
102
}
330
D
100
AcDbGroup
300

 70
     1
 71
     1
340
136DA
340
136D9
  0
GROUP
  5
143D8
102
{ACAD_REACTORS
330
D
102
}
330
D
100
AcDbGroup
300

 70
     1
 71
     1
340
14398
340
14397
340
14396
340
14395
340
14394
  0
GROUP
  5
143D9
102
{ACAD_REACTORS
330
D
102
}
330
D
100
AcDbGroup
300

 70
     1
 71
     1
340
14393
340
14392
340
14391
340
1438E
  0
GROUP
  5
143DA
102
{ACAD_REACTORS
330
D
102
}
330
D
100
AcDbGroup
300

 70
     1
 71
     1
340
1437C
340
1437B
  0
GROUP
  5
143DC
102
{ACAD_REACTORS
330
D
102
}
330
D
100
AcDbGroup
300

 70
     1
 71
     1
340
14390
340
1438F
340
1438C
  0
GROUP
  5
13EDC
102
{ACAD_REACTORS
330
D
102
}
330
D
100
AcDbGroup
300

 70
     1
 71
     1
340
136EF
340
136EE
  0
GROUP
  5
143DE
102
{ACAD_REACTORS
330
D
102
}
330
D
100
AcDbGroup
300

 70
     1
 71
     1
340
1437F
340
1437E
340
1437D
  0
GROUP
  5
143DF
102
{ACAD_REACTORS
330
D
102
}
330
D
100
AcDbGroup
300

 70
     1
 71
     1
340
1437A
340
14379
340
14378
340
14377
340
14376
  0
GROUP
  5
143E0
102
{ACAD_REACTORS
330
D
102
}
330
D
100
AcDbGroup
300

 70
     1
 71
     1
340
143D0
340
143CF
  0
GROUP
  5
14403
102
{ACAD_REACTORS
330
D
102
}
330
D
100
AcDbGroup
300

 70
     1
 71
     1
340
14401
340
14400
340
143FF
340
143FE
340
143FD
340
143FC
340
143FB
340
143FA
340
143F9
340
143F8
340
143F7
340
143F6
340
143F5
  0
GROUP
  5
14411
102
{ACAD_REACTORS
330
D
102
}
330
D
100
AcDbGroup
300

 70
     1
 71
     1
340
14383
340
14382
340
14381
340
14380
  0
GROUP
  5
13FF0
102
{ACAD_REACTORS
330
D
102
}
330
D
100
AcDbGroup
300

 70
     1
 71
     1
340
13F0B
340
13F0A
340
13B9A
  0
GROUP
  5
14412
102
{ACAD_REACTORS
330
D
102
}
330
D
100
AcDbGroup
300

 70
     1
 71
     1
340
14387
340
14386
340
14385
340
14384
  0
GROUP
  5
13EDD
102
{ACAD_REACTORS
330
D
102
}
330
D
100
AcDbGroup
300

 70
     1
 71
     1
340
136F0
340
136F1
  0
GROUP
  5
13EDE
102
{ACAD_REACTORS
330
D
102
}
330
D
100
AcDbGroup
300

 70
     1
 71
     1
340
136E3
340
136E4
  0
GROUP
  5
13EDF
102
{ACAD_REACTORS
330
D
102
}
330
D
100
AcDbGroup
300

 70
     1
 71
     1
340
136E1
340
136E0
  0
GROUP
  5
13EE1
102
{ACAD_REACTORS
330
D
102
}
330
D
100
AcDbGroup
300

 70
     1
 71
     1
340
136DE
340
136DD
  0
GROUP
  5
13F43
102
{ACAD_REACTORS
330
D
102
}
330
D
100
AcDbGroup
300

 70
     1
 71
     1
340
13F42
340
13F41
340
13F40
340
13F3F
  0
GROUP
  5
13FB8
102
{ACAD_REACTORS
330
D
102
}
330
D
100
AcDbGroup
300

 70
     1
 71
     1
340
13FB7
340
13FB6
340
13FB5
340
13FB4
340
13FB3
  0
GROUP
  5
13FCD
102
{ACAD_REACTORS
330
D
102
}
330
D
100
AcDbGroup
300

 70
     1
 71
     1
340
13FCA
340
13FC9
340
13FC8
  0
GROUP
  5
140D1
102
{ACAD_REACTORS
330
D
102
}
330
D
100
AcDbGroup
300

 70
     1
 71
     1
340
140D0
340
140CE
340
140CD
340
140CF
  0
GROUP
  5
1410B
102
{ACAD_REACTORS
330
D
102
}
330
D
100
AcDbGroup
300

 70
     1
 71
     1
340
1388E
340
13727
340
136D2
340
136D1
  0
GROUP
  5
141DE
102
{ACAD_REACTORS
330
D
102
}
330
D
100
AcDbGroup
300

 70
     1
 71
     1
340
141D0
340
141DB
340
141DC
340
141DA
340
141D9
340
141D3
340
141D2
340
141D1
340
141D4
340
141D8
340
141D7
340
141D6
340
141D5
  0
GROUP
  5
13EE3
102
{ACAD_REACTORS
330
D
102
}
330
D
100
AcDbGroup
300

 70
     1
 71
     1
340
136B3
340
136B7
340
136B9
340
136BB
340
136BD
340
136B4
340
136BE
340
136AA
340
136A8
340
136A9
340
136A7
  0
GROUP
  5
13817
102
{ACAD_REACTORS
330
D
102
}
330
D
100
AcDbGroup
300

 70
     1
 71
     1
340
136E7
340
136E5
340
136E6
340
136E9
340
136EB
340
136EC
340
136EA
340
136E8
  0
GROUP
  5
13BA7
102
{ACAD_REACTORS
330
D
102
}
330
D
100
AcDbGroup
300

 70
     1
 71
     1
340
13BA6
340
13BA5
340
13BA4
  0
GROUP
  5
13DA0
102
{ACAD_REACTORS
330
D
102
}
330
D
100
AcDbGroup
300

 70
     1
 71
     1
340
13D9F
340
13D9E
340
13D9D
  0
LAYOUT
  5
14582
102
{ACAD_REACTORS
330
1A
102
}
330
1A
100
AcDbPlotSettings
  1

  2
Microsoft Print to PDF
  4
A4
  6

 40
0.0
 41
0.0
 42
0.0
 43
0.0
 44
210.0
 45
297.0
 46
0.0
 47
0.0
 48
0.0
 49
0.0
140
0.0
141
0.0
142
1.0
143
1.0
 70
   688
 72
     1
 73
     1
 74
     5
  7

 75
    16
147
1.0
 76
     0
 77
     2
 78
   300
148
0.0
149
0.0
100
AcDbLayout
  1
Layout1
 70
     1
 71
     1
 10
0.0
 20
0.0
 11
297.0
 21
210.0
 12
0.0
 22
0.0
 32
0.0
 14
-735.7070063694266
 24
-520.1968731905036
 34
0.0
 15
1032.707006369427
 25
730.1968731905036
 35
0.0
146
0.0
 13
0.0
 23
0.0
 33
0.0
 16
1.0
 26
0.0
 36
0.0
 17
0.0
 27
1.0
 37
0.0
 76
     0
330
14581
331
14588
1001
ACAD_PSEXT
1000
Microsoft Print to PDF
1000
Microsoft Print To PDF
1000
PORTPROMPT:
1000

1070
     0
  0
LAYOUT
  5
22
102
{ACAD_XDICTIONARY
360
12AEA
102
}
102
{ACAD_REACTORS
330
1A
102
}
330
1A
100
AcDbPlotSettings
  1

  2
PublishToWeb PNG.pc3
  4
4K_UHD_(3840.00_x_2160.00_Pixels)
  6

 40
0.0
 41
0.0
 42
0.0
 43
0.0
 44
3840.0
 45
2160.0
 46
0.0
 47
93.21964619170968
 48
50281.90553199999
 49
113768.053399
140
58309.72342499999
141
118493.88134
142
1.0
143
0.2287199285360307
 70
  3764
 72
     2
 73
     0
 74
     1
  7
acad.ctb
 75
     0
147
4.372159463325768
 76
     1
 77
     2
 78
   300
148
103.5160139911696
149
87.04093521856606
100
AcDbLayout
  1
Model
 70
     1
 71
     0
 10
0.0
 20
0.0
 11
12.0
 21
9.0
 12
0.0
 22
0.0
 32
0.0
 14
0.0
 24
0.0
 34
0.0
 15
0.0
 25
0.0
 35
0.0
146
0.0
 13
0.0
 23
0.0
 33
0.0
 16
1.0
 26
0.0
 36
0.0
 17
0.0
 27
1.0
 37
0.0
 76
     0
330
1F
331
12A47
1001
ACAD_PSEXT
1000
PublishToWeb PNG.pc3
1000
Portable Network Graphics PNG (LZH Compression)
1000
File
1000

1070
     0
  0
MATERIAL
  5
12A59
102
{ACAD_XDICTIONARY
360
12A5A
102
}
102
{ACAD_REACTORS
330
6A
102
}
330
6A
100
AcDbMaterial
  1
ByBlock
 72
     0
 43
0.0008202099737533
 43
0.0
 43
0.0
 43
0.0
 43
0.0
 43
0.0008202099737533
 43
0.0
 43
0.0
 43
0.0
 43
0.0
 43
1.0
 43
0.0
 43
0.0
 43
0.0
 43
0.0
 43
1.0
 77
     0
 47
0.0008202099737533
 47
0.0
 47
0.0
 47
0.0
 47
0.0
 47
0.0008202099737533
 47
0.0
 47
0.0
 47
0.0
 47
0.0
 47
1.0
 47
0.0
 47
0.0
 47
0.0
 47
0.0
 47
1.0
171
     0
 49
0.0008202099737533
 49
0.0
 49
0.0
 49
0.0
 49
0.0
 49
0.0008202099737533
 49
0.0
 49
0.0
 49
0.0
 49
0.0
 49
1.0
 49
0.0
 49
0.0
 49
0.0
 49
0.0
 49
1.0
175
     0
142
0.0008202099737533
142
0.0
142
0.0
142
0.0
142
0.0
142
0.0008202099737533
142
0.0
142
0.0
142
0.0
142
0.0
142
1.0
142
0.0
142
0.0
142
0.0
142
0.0
142
1.0
179
     0
144
0.0008202099737533
144
0.0
144
0.0
144
0.0
144
0.0
144
0.0008202099737533
144
0.0
144
0.0
144
0.0
144
0.0
144
1.0
144
0.0
144
0.0
144
0.0
144
0.0
144
1.0
147
0.0008202099737533
147
0.0
147
0.0
147
0.0
147
0.0
147
0.0008202099737533
147
0.0
147
0.0
147
0.0
147
0.0
147
1.0
147
0.0
147
0.0
147
0.0
147
0.0
147
1.0
  0
MATERIAL
  5
12A51
102
{ACAD_XDICTIONARY
360
12A52
102
}
102
{ACAD_REACTORS
330
6A
102
}
330
6A
100
AcDbMaterial
  1
ByLayer
 72
     0
 43
0.0008202099737533
 43
0.0
 43
0.0
 43
0.0
 43
0.0
 43
0.0008202099737533
 43
0.0
 43
0.0
 43
0.0
 43
0.0
 43
1.0
 43
0.0
 43
0.0
 43
0.0
 43
0.0
 43
1.0
 77
     0
 47
0.0008202099737533
 47
0.0
 47
0.0
 47
0.0
 47
0.0
 47
0.0008202099737533
 47
0.0
 47
0.0
 47
0.0
 47
0.0
 47
1.0
 47
0.0
 47
0.0
 47
0.0
 47
0.0
 47
1.0
171
     0
 49
0.0008202099737533
 49
0.0
 49
0.0
 49
0.0
 49
0.0
 49
0.0008202099737533
 49
0.0
 49
0.0
 49
0.0
 49
0.0
 49
1.0
 49
0.0
 49
0.0
 49
0.0
 49
0.0
 49
1.0
175
     0
142
0.0008202099737533
142
0.0
142
0.0
142
0.0
142
0.0
142
0.0008202099737533
142
0.0
142
0.0
142
0.0
142
0.0
142
1.0
142
0.0
142
0.0
142
0.0
142
0.0
142
1.0
179
     0
144
0.0008202099737533
144
0.0
144
0.0
144
0.0
144
0.0
144
0.0008202099737533
144
0.0
144
0.0
144
0.0
144
0.0
144
1.0
144
0.0
144
0.0
144
0.0
144
0.0
144
1.0
147
0.0008202099737533
147
0.0
147
0.0
147
0.0
147
0.0
147
0.0008202099737533
147
0.0
147
0.0
147
0.0
147
0.0
147
1.0
147
0.0
147
0.0
147
0.0
147
0.0
147
1.0
  0
MATERIAL
  5
12A61
102
{ACAD_XDICTIONARY
360
12A62
102
}
102
{ACAD_REACTORS
330
6A
102
}
330
6A
100
AcDbMaterial
  1
Global
 72
     0
 43
0.0008202099737533
 43
0.0
 43
0.0
 43
0.0
 43
0.0
 43
0.0008202099737533
 43
0.0
 43
0.0
 43
0.0
 43
0.0
 43
1.0
 43
0.0
 43
0.0
 43
0.0
 43
0.0
 43
1.0
 77
     0
 47
0.0008202099737533
 47
0.0
 47
0.0
 47
0.0
 47
0.0
 47
0.0008202099737533
 47
0.0
 47
0.0
 47
0.0
 47
0.0
 47
1.0
 47
0.0
 47
0.0
 47
0.0
 47
0.0
 47
1.0
171
     0
 49
0.0008202099737533
 49
0.0
 49
0.0
 49
0.0
 49
0.0
 49
0.0008202099737533
 49
0.0
 49
0.0
 49
0.0
 49
0.0
 49
1.0
 49
0.0
 49
0.0
 49
0.0
 49
0.0
 49
1.0
175
     0
142
0.0008202099737533
142
0.0
142
0.0
142
0.0
142
0.0
142
0.0008202099737533
142
0.0
142
0.0
142
0.0
142
0.0
142
1.0
142
0.0
142
0.0
142
0.0
142
0.0
142
1.0
179
     0
144
0.0008202099737533
144
0.0
144
0.0
144
0.0
144
0.0
144
0.0008202099737533
144
0.0
144
0.0
144
0.0
144
0.0
144
1.0
144
0.0
144
0.0
144
0.0
144
0.0
144
1.0
147
0.0008202099737533
147
0.0
147
0.0
147
0.0
147
0.0
147
0.0008202099737533
147
0.0
147
0.0
147
0.0
147
0.0
147
1.0
147
0.0
147
0.0
147
0.0
147
0.0
147
1.0
  0
MLEADERSTYLE
  5
12A90
102
{ACAD_REACTORS
330
12A8F
102
}
330
12A8F
100
AcDbMLeaderStyle
179
     2
170
     2
171
     1
172
     0
 90
        2
 40
0.0
 41
0.0
173
     1
 91
-1056964608
340
14
 92
       -2
290
     1
 42
2.0
291
     1
 43
0.36
  3
Standard
 44
4.0
300

342
11
174
     1
178
     6
175
     1
176
     0
 93
-1056964608
 45
4.0
292
     0
297
     0
 46
4.0
 94
-1056964608
 47
1.0
 49
1.0
140
1.0
293
     1
141
0.0
294
     1
177
     0
142
1.0
295
     0
296
     0
143
0.125
271
     0
272
     9
273
     9
298
     0
  0
MLINESTYLE
  5
18
102
{ACAD_REACTORS
330
17
102
}
330
17
100
AcDbMlineStyle
  2
STANDARD
 70
     0
  3

 62
   256
 51
90.0
 52
90.0
 71
     2
 49
0.5
 62
   256
  6
BYLAYER
 49
-0.5
 62
   256
  6
BYLAYER
  0
ACDBPLACEHOLDER
  5
F
102
{ACAD_REACTORS
330
E
102
}
330
E
  0
ACAD_PROXY_OBJECT
  5
137F8
102
{ACAD_REACTORS
330
137F4
102
}
330
137F4
100
AcDbProxyObject
 90
      499
 91
      531
 95
 21495841
 70
     0
162
               694
311
4510C01BC019801980194019400B4010801C80194018401AC0080014401D4018401B001A401D001E40245948019401B80190019401C801CC0080019801BC01C8008000C400C0008001B401A401B801D401D0019401CC00
161
               217
310
40AD0340D014050A40502000000000000021000000000000000840CC
 94
        0
  0
ACAD_PROXY_OBJECT
  5
137F7
102
{ACAD_REACTORS
330
137F4
102
}
330
137F4
100
AcDbProxyObject
 90
      499
 91
      531
 95
 21495841
 70
     0
162
               518
311
4112001A4019C01A00246D0401C001C001B001A4019401CC008000C400C0008001C8019401B80190019401C801A401B8019C008001B0019401D8019401B001CC00
161
               209
310
40AD0240E4290140902000000000000021000000000000000840CC
 94
        0
  0
ACAD_PROXY_OBJECT
  5
137F5
102
{ACAD_REACTORS
330
137F4
102
}
330
137F4
100
AcDbProxyObject
 90
      499
 91
      531
 95
 21495841
 70
     0
162
               470
311
40D3001BC01DC024650401C001C001B001A4019401CC008000C4008001C8019401B80190019401C801A401B8019C008001B0019401D8019401B000
161
               193
310
40AE40E40501902000000000000021000000000000000840CC
 94
        0
  0
ACAD_PROXY_OBJECT
  5
137F9
102
{ACAD_REACTORS
330
137F4
102
}
330
137F4
100
AcDbProxyObject
 90
      499
 91
      531
 95
 21495841
 70
     0
162
               582
311
4353001D401B8018C01A00080014401D4018401B001A401D001E40245948019401B80190019401C801CC0080019801BC01C8008000D800C0008001B401A401B801D401D0019401CC00
161
               217
310
40AD0440D014053C40902000000000000021000000000000000840CC
 94
        0
  0
ACAD_PROXY_OBJECT
  5
137F6
102
{ACAD_REACTORS
330
137F4
102
}
330
137F4
100
AcDbProxyObject
 90
      499
 91
      531
 95
 21495841
 70
     0
162
               534
311
419340194019001A401D401B4024690401C001C001B001A4019401CC008000D4008001C8019401B80190019401C801A401B8019C008001B0019401D8019401B001CC00
161
               209
310
40AD0140E4150140502000000000000021000000000000000840CC
 94
        0
  0
ACAD_PROXY_OBJECT
  5
137FA
102
{ACAD_REACTORS
330
137F4
102
}
330
137F4
100
AcDbProxyObject
 90
      499
 91
      531
 95
 21495841
 70
     0
162
               614
311
4453C01D8019401C801B801A4019C01A001D00080014401D4018401B001A401D001E40245148019401B80190019401C801CC0080019801BC01C8008000C400C8008001A001BC01D401C801CC00
161
               241
310
40AD0540D01404D002000040902000000000000021000000000000000840CC
 94
        0
  0
SCALE
  5
12A7E
102
{ACAD_REACTORS
330
12A7D
102
}
330
12A7D
100
AcDbScale
 70
     0
300
1:1
140
1.0
141
1.0
290
     1
  0
SCALE
  5
12A7F
102
{ACAD_REACTORS
330
12A7D
102
}
330
12A7D
100
AcDbScale
 70
     0
300
1:2
140
1.0
141
2.0
290
     0
  0
SCALE
  5
12A80
102
{ACAD_REACTORS
330
12A7D
102
}
330
12A7D
100
AcDbScale
 70
     0
300
1:4
140
1.0
141
4.0
290
     0
  0
SCALE
  5
12A81
102
{ACAD_REACTORS
330
12A7D
102
}
330
12A7D
100
AcDbScale
 70
     0
300
1:5
140
1.0
141
5.0
290
     0
  0
SCALE
  5
12A82
102
{ACAD_REACTORS
330
12A7D
102
}
330
12A7D
100
AcDbScale
 70
     0
300
1:8
140
1.0
141
8.0
290
     0
  0
SCALE
  5
12A83
102
{ACAD_REACTORS
330
12A7D
102
}
330
12A7D
100
AcDbScale
 70
     0
300
1:10
140
1.0
141
10.0
290
     0
  0
SCALE
  5
12A84
102
{ACAD_REACTORS
330
12A7D
102
}
330
12A7D
100
AcDbScale
 70
     0
300
1:16
140
1.0
141
16.0
290
     0
  0
SCALE
  5
12A85
102
{ACAD_REACTORS
330
12A7D
102
}
330
12A7D
100
AcDbScale
 70
     0
300
1:20
140
1.0
141
20.0
290
     0
  0
SCALE
  5
12A86
102
{ACAD_REACTORS
330
12A7D
102
}
330
12A7D
100
AcDbScale
 70
     0
300
1:30
140
1.0
141
30.0
290
     0
  0
SCALE
  5
12A87
102
{ACAD_REACTORS
330
12A7D
102
}
330
12A7D
100
AcDbScale
 70
     0
300
1:40
140
1.0
141
40.0
290
     0
  0
SCALE
  5
12A88
102
{ACAD_REACTORS
330
12A7D
102
}
330
12A7D
100
AcDbScale
 70
     0
300
1:50
140
1.0
141
50.0
290
     0
  0
SCALE
  5
12A89
102
{ACAD_REACTORS
330
12A7D
102
}
330
12A7D
100
AcDbScale
 70
     0
300
1:100
140
1.0
141
100.0
290
     0
  0
SCALE
  5
12A8A
102
{ACAD_REACTORS
330
12A7D
102
}
330
12A7D
100
AcDbScale
 70
     0
300
2:1
140
2.0
141
1.0
290
     0
  0
SCALE
  5
12A8B
102
{ACAD_REACTORS
330
12A7D
102
}
330
12A7D
100
AcDbScale
 70
     0
300
4:1
140
4.0
141
1.0
290
     0
  0
SCALE
  5
12A8C
102
{ACAD_REACTORS
330
12A7D
102
}
330
12A7D
100
AcDbScale
 70
     0
300
8:1
140
8.0
141
1.0
290
     0
  0
SCALE
  5
12A8D
102
{ACAD_REACTORS
330
12A7D
102
}
330
12A7D
100
AcDbScale
 70
     0
300
10:1
140
10.0
141
1.0
290
     0
  0
SCALE
  5
12A8E
102
{ACAD_REACTORS
330
12A7D
102
}
330
12A7D
100
AcDbScale
 70
     0
300
100:1
140
100.0
141
1.0
290
     0
  0
ACDBSECTIONVIEWSTYLE
  5
12B66
102
{ACAD_XDICTIONARY
360
14847
102
}
102
{ACAD_REACTORS
330
12B65
102
}
330
12B65
100
AcDbModelDocViewStyle
 70
     0
  3
Metric50
290
     0
100
AcDbSectionViewStyle
 70
     0
 71
     0
 90
      102
 71
     1
340
11
 62
   256
 40
5.0
340
0
340
0
 62
   256
 40
5.0
300
I, O, Q, S, X, Z
 40
10.0
 90
        0
 40
2.5
 90
        0
 71
     2
340
16
 90
       25
 62
   256
340
16
 90
       50
 62
   256
 40
5.0
 40
2.5
 40
5.0
 71
     3
340
11
 62
   256
 40
5.0
 90
        0
 40
15.0
 90
        1
300
%<\AcVar ViewSectionStartId>%-%<\AcVar ViewSectionEndId>% (%<\AcVar ViewScale \f "%sn">%)
 71
     4
 62
   256
 62
   257
300
ANSI31
 40
1.0
 90
        0
290
     0
290
     0
 90
        6
 40
0.0
 40
1.570796326794896
 40
0.2617993877991494
 40
1.308996938995747
 40
-0.2617993877991494
 40
1.832595714594046
  0
TABLESTYLE
  5
7F
102
{ACAD_XDICTIONARY
360
12AEC
102
}
102
{ACAD_REACTORS
330
7E
102
}
330
7E
100
AcDbTableStyle
280
     0
  3
Standard
 70
     0
 71
     0
 40
1.5
 41
1.5
280
     0
281
     0
  7
Standard
140
4.5
170
     2
 62
     0
 63
     7
283
     0
 90
        4
 91
        0
  1

274
    -2
284
     1
 64
     0
275
    -2
285
     1
 65
     0
276
    -2
286
     1
 66
     0
277
    -2
287
     1
 67
     0
278
    -2
288
     1
 68
     0
279
    -2
289
     1
 69
     0
  7
Standard
140
6.0
170
     5
 62
     0
 63
     7
283
     0
 90
        4
 91
        0
  1

274
    -2
284
     1
 64
     0
275
    -2
285
     1
 65
     0
276
    -2
286
     1
 66
     0
277
    -2
287
     1
 67
     0
278
    -2
288
     1
 68
     0
279
    -2
289
     1
 69
     0
  7
Standard
140
4.5
170
     5
 62
     0
 63
     7
283
     0
 90
        4
 91
        0
  1

274
    -2
284
     1
 64
     0
275
    -2
285
     1
 65
     0
276
    -2
286
     1
 66
     0
277
    -2
287
     1
 67
     0
278
    -2
288
     1
 68
     0
279
    -2
289
     1
 69
     0
  0
VISUALSTYLE
  5
12A6F
102
{ACAD_REACTORS
330
12A69
102
}
330
12A69
100
AcDbVisualStyle
  2
2dWireframe
 70
     4
177
     3
291
     0
 70
    58
 90
        0
176
     1
 90
        2
176
     1
 90
        0
176
     1
 90
        0
176
     1
 40
0.6
176
     1
 40
30.0
176
     1
 62
     7
420
 16777215
176
     1
 90
        1
176
     1
 90
        4
176
     1
 62
     7
176
     1
 62
   257
176
     1
 90
        1
176
     1
 90
        1
176
     1
 40
1.0
176
     1
 90
        0
176
     1
 62
   257
176
     1
 40
1.0
176
     1
 90
        1
176
     1
 90
        6
176
     1
 90
        2
176
     1
 62
     7
176
     1
 90
        5
176
     1
 90
        0
176
     1
 90
        0
176
     1
290
     0
176
     1
 90
        1
176
     1
 40
0.0
176
     1
 90
        0
176
     1
290
     1
176
     1
290
     1
176
     1
290
     0
176
     1
290
     0
176
     1
290
     0
176
     1
290
     0
176
     1
290
     0
176
     1
290
     0
176
     1
290
     0
176
     1
 90
       50
176
     1
 40
0.0
176
     1
 40
1.0
176
     1
 90
        0
176
     1
 62
    18
420
        0
176
     1
 90
       50
176
     1
 90
        3
176
     1
 62
     5
420
      255
176
     1
290
     0
176
     1
 90
       50
176
     1
 90
       50
176
     1
 90
       50
176
     1
290
     0
176
     1
 90
       50
176
     1
 62
   256
176
     0
 40
1.0
176
     0
 90
        2
176
     1
  1
strokes_ogs.tif
176
     1
290
     0
176
     1
 40
1.0
176
     1
 40
1.0
176
     1
1001
ACAD
1000
AcDbSavedByObjectVersion
1070
     0
  0
VISUALSTYLE
  5
12A71
102
{ACAD_REACTORS
330
12A69
102
}
330
12A69
100
AcDbVisualStyle
  2
3D Hidden
 70
     6
177
     3
291
     0
 70
    58
 90
        1
176
     1
 90
        2
176
     1
 90
        2
176
     1
 90
        0
176
     1
 40
0.6
176
     1
 40
30.0
176
     1
 62
     7
420
 16777215
176
     1
 90
        2
176
     1
 90
        2
176
     1
 62
     7
176
     1
 62
   257
176
     1
 90
        2
176
     1
 90
        1
176
     1
 40
179.0
176
     1
 90
        0
176
     1
 62
   257
176
     1
 40
1.0
176
     1
 90
        1
176
     1
 90
        6
176
     1
 90
        2
176
     1
 62
     7
176
     1
 90
        3
176
     1
 90
        0
176
     1
 90
        0
176
     1
290
     0
176
     1
 90
        1
176
     1
 40
0.0
176
     1
 90
        0
176
     1
290
     0
176
     1
290
     1
176
     1
290
     1
176
     1
290
     0
176
     1
290
     0
176
     1
290
     0
176
     1
290
     0
176
     1
290
     0
176
     1
290
     0
176
     1
 90
       50
176
     1
 40
0.0
176
     1
 40
1.0
176
     1
 90
        0
176
     1
 62
    18
420
        0
176
     1
 90
       50
176
     1
 90
        3
176
     1
 62
     5
420
      255
176
     1
290
     0
176
     1
 90
       50
176
     1
 90
       50
176
     1
 90
       50
176
     1
290
     0
176
     1
 90
       50
176
     1
 62
   256
176
     0
 40
1.0
176
     0
 90
        2
176
     1
  1
strokes_ogs.tif
176
     1
290
     0
176
     1
 40
1.0
176
     1
 40
1.0
176
     1
1001
ACAD
1000
AcDbSavedByObjectVersion
1070
     0
  0
VISUALSTYLE
  5
12A70
102
{ACAD_REACTORS
330
12A69
102
}
330
12A69
100
AcDbVisualStyle
  2
3dWireframe
 70
     5
177
     3
291
     0
 70
    58
 90
        0
176
     1
 90
        2
176
     1
 90
        0
176
     1
 90
        0
176
     1
 40
0.6
176
     1
 40
30.0
176
     1
 62
     7
420
 16777215
176
     1
 90
        1
176
     1
 90
        4
176
     1
 62
     7
176
     1
 62
   257
176
     1
 90
        1
176
     1
 90
        1
176
     1
 40
1.0
176
     1
 90
        0
176
     1
 62
   257
176
     1
 40
1.0
176
     1
 90
        1
176
     1
 90
        6
176
     1
 90
        2
176
     1
 62
     7
176
     1
 90
        5
176
     1
 90
        0
176
     1
 90
        0
176
     1
290
     0
176
     1
 90
        1
176
     1
 40
0.0
176
     1
 90
        0
176
     1
290
     0
176
     1
290
     1
176
     1
290
     1
176
     1
290
     0
176
     1
290
     0
176
     1
290
     0
176
     1
290
     0
176
     1
290
     0
176
     1
290
     0
176
     1
 90
       50
176
     1
 40
0.0
176
     1
 40
1.0
176
     1
 90
        0
176
     1
 62
    18
420
        0
176
     1
 90
       50
176
     1
 90
        3
176
     1
 62
     5
420
      255
176
     1
290
     0
176
     1
 90
       50
176
     1
 90
       50
176
     1
 90
       50
176
     1
290
     0
176
     1
 90
       50
176
     1
 62
   256
176
     0
 40
1.0
176
     0
 90
        2
176
     1
  1
strokes_ogs.tif
176
     1
290
     0
176
     1
 40
1.0
176
     1
 40
1.0
176
     1
1001
ACAD
1000
AcDbSavedByObjectVersion
1070
     0
  0
VISUALSTYLE
  5
12A6E
102
{ACAD_REACTORS
330
12A69
102
}
330
12A69
100
AcDbVisualStyle
  2
Basic
 70
     7
177
     3
291
     1
 70
    58
 90
        1
176
     1
 90
        0
176
     1
 90
        1
176
     1
 90
        0
176
     1
 40
0.6
176
     1
 40
30.0
176
     1
 62
     7
420
 16777215
176
     1
 90
        0
176
     1
 90
        4
176
     1
 62
     7
176
     1
 62
   257
176
     1
 90
        1
176
     1
 90
        1
176
     1
 40
1.0
176
     1
 90
        8
176
     1
 62
     7
176
     1
 40
1.0
176
     1
 90
        1
176
     1
 90
        6
176
     1
 90
        2
176
     1
 62
     7
176
     1
 90
        5
176
     1
 90
        0
176
     1
 90
        0
176
     1
290
     0
176
     1
 90
        1
176
     1
 40
0.0
176
     1
 90
        0
176
     1
290
     0
176
     1
290
     1
176
     1
290
     1
176
     1
290
     0
176
     1
290
     0
176
     1
290
     0
176
     1
290
     0
176
     1
290
     0
176
     1
290
     0
176
     1
 90
       50
176
     1
 40
0.0
176
     1
 40
1.0
176
     1
 90
        0
176
     1
 62
    18
420
        0
176
     1
 90
       50
176
     1
 90
        3
176
     1
 62
     5
420
      255
176
     1
290
     0
176
     1
 90
       50
176
     1
 90
       50
176
     1
 90
       50
176
     1
290
     0
176
     1
 90
       50
176
     1
 62
   256
176
     0
 40
1.0
176
     0
 90
        2
176
     1
  1
strokes_ogs.tif
176
     1
290
     0
176
     1
 40
1.0
176
     1
 40
1.0
176
     1
1001
ACAD
1000
AcDbSavedByObjectVersion
1070
     0
  0
VISUALSTYLE
  5
12A75
102
{ACAD_REACTORS
330
12A69
102
}
330
12A69
100
AcDbVisualStyle
  2
Brighten
 70
    12
177
     3
291
     1
 70
    58
 90
        2
176
     1
 90
        2
176
     1
 90
        0
176
     1
 90
        0
176
     1
 40
0.6
176
     1
 40
30.0
176
     1
 62
     7
420
 16777215
176
     1
 90
        1
176
     1
 90
        4
176
     1
 62
     7
176
     1
 62
   257
176
     1
 90
        1
176
     1
 90
        1
176
     1
 40
1.0
176
     1
 90
        8
176
     1
 62
     7
176
     1
 40
1.0
176
     1
 90
        1
176
     1
 90
        6
176
     1
 90
        2
176
     1
 62
     7
176
     1
 90
        5
176
     1
 90
        0
176
     1
 90
        0
176
     1
290
     0
176
     1
 90
        1
176
     1
 40
50.0
176
     1
 90
        0
176
     1
290
     0
176
     1
290
     1
176
     1
290
     1
176
     1
290
     0
176
     1
290
     0
176
     1
290
     0
176
     1
290
     0
176
     1
290
     0
176
     1
290
     0
176
     1
 90
       50
176
     1
 40
0.0
176
     1
 40
1.0
176
     1
 90
        0
176
     1
 62
    18
420
        0
176
     1
 90
       50
176
     1
 90
        3
176
     1
 62
     5
420
      255
176
     1
290
     0
176
     1
 90
       50
176
     1
 90
       50
176
     1
 90
       50
176
     1
290
     0
176
     1
 90
       50
176
     1
 62
   256
176
     0
 40
1.0
176
     0
 90
        2
176
     1
  1
strokes_ogs.tif
176
     1
290
     0
176
     1
 40
1.0
176
     1
 40
1.0
176
     1
1001
ACAD
1000
AcDbSavedByObjectVersion
1070
     0
  0
VISUALSTYLE
  5
12A79
102
{ACAD_REACTORS
330
12A69
102
}
330
12A69
100
AcDbVisualStyle
  2
ColorChange
 70
    16
177
     3
291
     1
 70
    58
 90
        2
176
     1
 90
        2
176
     1
 90
        3
176
     1
 90
        0
176
     1
 40
0.6
176
     1
 40
30.0
176
     1
 62
     8
420
  8421504
176
     1
 90
        1
176
     1
 90
        4
176
     1
 62
     7
176
     1
 62
   257
176
     1
 90
        1
176
     1
 90
        1
176
     1
 40
1.0
176
     1
 90
        8
176
     1
 62
     8
420
  8421504
176
     1
 40
1.0
176
     1
 90
        1
176
     1
 90
        6
176
     1
 90
        2
176
     1
 62
     7
176
     1
 90
        5
176
     1
 90
        0
176
     1
 90
        0
176
     1
290
     0
176
     1
 90
        1
176
     1
 40
0.0
176
     1
 90
        0
176
     1
290
     0
176
     1
290
     1
176
     1
290
     1
176
     1
290
     0
176
     1
290
     0
176
     1
290
     0
176
     1
290
     0
176
     1
290
     0
176
     1
290
     0
176
     1
 90
       50
176
     1
 40
0.0
176
     1
 40
1.0
176
     1
 90
        0
176
     1
 62
    18
420
        0
176
     1
 90
       50
176
     1
 90
        3
176
     1
 62
     5
420
      255
176
     1
290
     0
176
     1
 90
       50
176
     1
 90
       50
176
     1
 90
       50
176
     1
290
     0
176
     1
 90
       50
176
     1
 62
   256
176
     0
 40
1.0
176
     0
 90
        2
176
     1
  1
strokes_ogs.tif
176
     1
290
     0
176
     1
 40
1.0
176
     1
 40
1.0
176
     1
1001
ACAD
1000
AcDbSavedByObjectVersion
1070
     0
  0
VISUALSTYLE
  5
12A72
102
{ACAD_REACTORS
330
12A69
102
}
330
12A69
100
AcDbVisualStyle
  2
Conceptual
 70
     9
177
     3
291
     0
 70
    58
 90
        3
176
     1
 90
        2
176
     1
 90
        0
176
     1
 90
        0
176
     1
 40
0.6
176
     1
 40
30.0
176
     1
 62
     7
420
 16777215
176
     1
 90
        2
176
     1
 90
        2
176
     1
 62
     7
176
     1
 62
   257
176
     1
 90
        1
176
     1
 90
        1
176
     1
 40
179.0
176
     1
 90
        8
176
     1
 62
     7
176
     1
 40
1.0
176
     1
 90
        1
176
     1
 90
        6
176
     1
 90
        2
176
     1
 62
     7
176
     1
 90
        3
176
     1
 90
        0
176
     1
 90
        0
176
     1
290
     0
176
     1
 90
        1
176
     1
 40
0.0
176
     1
 90
        0
176
     1
290
     0
176
     1
290
     1
176
     1
290
     1
176
     1
290
     0
176
     1
290
     0
176
     1
290
     0
176
     1
290
     0
176
     1
290
     0
176
     1
290
     0
176
     1
 90
       50
176
     1
 40
0.0
176
     1
 40
1.0
176
     1
 90
        0
176
     1
 62
    18
420
        0
176
     1
 90
       50
176
     1
 90
        3
176
     1
 62
     5
420
      255
176
     1
290
     0
176
     1
 90
       50
176
     1
 90
       50
176
     1
 90
       50
176
     1
290
     0
176
     1
 90
       50
176
     1
 62
   256
176
     0
 40
1.0
176
     0
 90
        2
176
     1
  1
strokes_ogs.tif
176
     1
290
     0
176
     1
 40
1.0
176
     1
 40
1.0
176
     1
1001
ACAD
1000
AcDbSavedByObjectVersion
1070
     0
  0
VISUALSTYLE
  5
12A74
102
{ACAD_REACTORS
330
12A69
102
}
330
12A69
100
AcDbVisualStyle
  2
Dim
 70
    11
177
     3
291
     1
 70
    58
 90
        2
176
     1
 90
        2
176
     1
 90
        0
176
     1
 90
        0
176
     1
 40
0.6
176
     1
 40
30.0
176
     1
 62
     7
420
 16777215
176
     1
 90
        1
176
     1
 90
        4
176
     1
 62
     7
176
     1
 62
   257
176
     1
 90
        1
176
     1
 90
        1
176
     1
 40
1.0
176
     1
 90
        8
176
     1
 62
     7
176
     1
 40
1.0
176
     1
 90
        1
176
     1
 90
        6
176
     1
 90
        2
176
     1
 62
     7
176
     1
 90
        5
176
     1
 90
        0
176
     1
 90
        0
176
     1
290
     0
176
     1
 90
        1
176
     1
 40
-50.0
176
     1
 90
        0
176
     1
290
     0
176
     1
290
     1
176
     1
290
     1
176
     1
290
     0
176
     1
290
     0
176
     1
290
     0
176
     1
290
     0
176
     1
290
     0
176
     1
290
     0
176
     1
 90
       50
176
     1
 40
0.0
176
     1
 40
1.0
176
     1
 90
        0
176
     1
 62
    18
420
        0
176
     1
 90
       50
176
     1
 90
        3
176
     1
 62
     5
420
      255
176
     1
290
     0
176
     1
 90
       50
176
     1
 90
       50
176
     1
 90
       50
176
     1
290
     0
176
     1
 90
       50
176
     1
 62
   256
176
     0
 40
1.0
176
     0
 90
        2
176
     1
  1
strokes_ogs.tif
176
     1
290
     0
176
     1
 40
1.0
176
     1
 40
1.0
176
     1
1001
ACAD
1000
AcDbSavedByObjectVersion
1070
     0
  0
VISUALSTYLE
  5
12A7C
102
{ACAD_REACTORS
330
12A69
102
}
330
12A69
100
AcDbVisualStyle
  2
EdgeColorOff
 70
    22
177
     3
291
     1
 70
    58
 90
        2
176
     0
 90
        2
176
     0
 90
        0
176
     0
 90
        0
176
     0
 40
0.6
176
     0
 40
30.0
176
     0
 62
     7
420
 16777215
176
     0
 90
        1
176
     0
 90
        4
176
     0
 62
     7
176
     0
 62
   257
176
     0
 90
        1
176
     0
 90
        1
176
     0
 40
1.0
176
     0
 90
        8
176
     2
 62
     7
176
     0
 40
1.0
176
     0
 90
        1
176
     0
 90
        6
176
     0
 90
        2
176
     0
 62
     7
176
     0
 90
        5
176
     0
 90
        0
176
     0
 90
        0
176
     0
290
     0
176
     0
 90
        1
176
     0
 40
0.0
176
     0
 90
        0
176
     0
290
     0
176
     1
290
     1
176
     1
290
     1
176
     1
290
     0
176
     1
290
     0
176
     1
290
     0
176
     1
290
     0
176
     1
290
     0
176
     1
290
     0
176
     1
 90
       50
176
     1
 40
0.0
176
     1
 40
1.0
176
     1
 90
        0
176
     1
 62
    18
420
        0
176
     1
 90
       50
176
     1
 90
        3
176
     1
 62
     5
420
      255
176
     1
290
     0
176
     1
 90
       50
176
     1
 90
       50
176
     1
 90
       50
176
     1
290
     0
176
     1
 90
       50
176
     1
 62
   256
176
     0
 40
1.0
176
     0
 90
        2
176
     1
  1
strokes_ogs.tif
176
     1
290
     0
176
     1
 40
1.0
176
     1
 40
1.0
176
     1
1001
ACAD
1000
AcDbSavedByObjectVersion
1070
     0
  0
VISUALSTYLE
  5
12A78
102
{ACAD_REACTORS
330
12A69
102
}
330
12A69
100
AcDbVisualStyle
  2
Facepattern
 70
    15
177
     3
291
     1
 70
    58
 90
        2
176
     1
 90
        2
176
     1
 90
        0
176
     1
 90
        0
176
     1
 40
0.6
176
     1
 40
30.0
176
     1
 62
     7
420
 16777215
176
     1
 90
        1
176
     1
 90
        4
176
     1
 62
     7
176
     1
 62
   257
176
     1
 90
        1
176
     1
 90
        1
176
     1
 40
1.0
176
     1
 90
        8
176
     1
 62
     7
176
     1
 40
1.0
176
     1
 90
        1
176
     1
 90
        6
176
     1
 90
        2
176
     1
 62
     7
176
     1
 90
        5
176
     1
 90
        0
176
     1
 90
        0
176
     1
290
     0
176
     1
 90
        1
176
     1
 40
0.0
176
     1
 90
        0
176
     1
290
     0
176
     1
290
     1
176
     1
290
     1
176
     1
290
     0
176
     1
290
     0
176
     1
290
     0
176
     1
290
     0
176
     1
290
     0
176
     1
290
     0
176
     1
 90
       50
176
     1
 40
0.0
176
     1
 40
1.0
176
     1
 90
        0
176
     1
 62
    18
420
        0
176
     1
 90
       50
176
     1
 90
        3
176
     1
 62
     5
420
      255
176
     1
290
     0
176
     1
 90
       50
176
     1
 90
       50
176
     1
 90
       50
176
     1
290
     0
176
     1
 90
       50
176
     1
 62
   256
176
     0
 40
1.0
176
     0
 90
        2
176
     1
  1
strokes_ogs.tif
176
     1
290
     0
176
     1
 40
1.0
176
     1
 40
1.0
176
     1
1001
ACAD
1000
AcDbSavedByObjectVersion
1070
     0
  0
VISUALSTYLE
  5
12A6A
102
{ACAD_REACTORS
330
12A69
102
}
330
12A69
100
AcDbVisualStyle
  2
Flat
 70
     0
177
     3
291
     1
 70
    58
 90
        2
176
     1
 90
        1
176
     1
 90
        1
176
     1
 90
        2
176
     1
 40
0.6
176
     1
 40
30.0
176
     1
 62
     7
420
 16777215
176
     1
 90
        0
176
     1
 90
        4
176
     1
 62
     7
176
     1
 62
   257
176
     1
 90
        1
176
     1
 90
        1
176
     1
 40
1.0
176
     1
 90
        8
176
     1
 62
     7
176
     1
 40
1.0
176
     1
 90
        1
176
     1
 90
        6
176
     1
 90
        2
176
     1
 62
     7
176
     1
 90
        5
176
     1
 90
        0
176
     1
 90
        0
176
     1
290
     0
176
     1
 90
       13
176
     1
 40
0.0
176
     1
 90
        0
176
     1
290
     0
176
     1
290
     1
176
     1
290
     1
176
     1
290
     0
176
     1
290
     0
176
     1
290
     0
176
     1
290
     0
176
     1
290
     0
176
     1
290
     0
176
     1
 90
       50
176
     1
 40
0.0
176
     1
 40
1.0
176
     1
 90
        0
176
     1
 62
    18
420
        0
176
     1
 90
       50
176
     1
 90
        3
176
     1
 62
     5
420
      255
176
     1
290
     0
176
     1
 90
       50
176
     1
 90
       50
176
     1
 90
       50
176
     1
290
     0
176
     1
 90
       50
176
     1
 62
   256
176
     0
 40
1.0
176
     0
 90
        2
176
     1
  1
strokes_ogs.tif
176
     1
290
     0
176
     1
 40
1.0
176
     1
 40
1.0
176
     1
1001
ACAD
1000
AcDbSavedByObjectVersion
1070
     0
  0
VISUALSTYLE
  5
12A6B
102
{ACAD_REACTORS
330
12A69
102
}
330
12A69
100
AcDbVisualStyle
  2
FlatWithEdges
 70
     1
177
     3
291
     1
 70
    58
 90
        2
176
     1
 90
        1
176
     1
 90
        1
176
     1
 90
        2
176
     1
 40
0.6
176
     1
 40
30.0
176
     1
 62
     7
420
 16777215
176
     1
 90
        1
176
     1
 90
        4
176
     1
 62
     7
176
     1
 62
   257
176
     1
 90
        1
176
     1
 90
        1
176
     1
 40
1.0
176
     1
 90
        0
176
     1
 62
   257
176
     1
 40
1.0
176
     1
 90
        1
176
     1
 90
        6
176
     1
 90
        2
176
     1
 62
     7
176
     1
 90
        5
176
     1
 90
        0
176
     1
 90
        0
176
     1
290
     0
176
     1
 90
       13
176
     1
 40
0.0
176
     1
 90
        0
176
     1
290
     0
176
     1
290
     1
176
     1
290
     1
176
     1
290
     0
176
     1
290
     0
176
     1
290
     0
176
     1
290
     0
176
     1
290
     0
176
     1
290
     0
176
     1
 90
       50
176
     1
 40
0.0
176
     1
 40
1.0
176
     1
 90
        0
176
     1
 62
    18
420
        0
176
     1
 90
       50
176
     1
 90
        3
176
     1
 62
     5
420
      255
176
     1
290
     0
176
     1
 90
       50
176
     1
 90
       50
176
     1
 90
       50
176
     1
290
     0
176
     1
 90
       50
176
     1
 62
   256
176
     0
 40
1.0
176
     0
 90
        2
176
     1
  1
strokes_ogs.tif
176
     1
290
     0
176
     1
 40
1.0
176
     1
 40
1.0
176
     1
1001
ACAD
1000
AcDbSavedByObjectVersion
1070
     0
  0
VISUALSTYLE
  5
12A6C
102
{ACAD_REACTORS
330
12A69
102
}
330
12A69
100
AcDbVisualStyle
  2
Gouraud
 70
     2
177
     3
291
     1
 70
    58
 90
        2
176
     1
 90
        2
176
     1
 90
        1
176
     1
 90
        2
176
     1
 40
0.6
176
     1
 40
30.0
176
     1
 62
     7
420
 16777215
176
     1
 90
        0
176
     1
 90
        4
176
     1
 62
     7
176
     1
 62
   257
176
     1
 90
        1
176
     1
 90
        1
176
     1
 40
1.0
176
     1
 90
        0
176
     1
 62
     7
176
     1
 40
1.0
176
     1
 90
        1
176
     1
 90
        6
176
     1
 90
        2
176
     1
 62
     7
176
     1
 90
        5
176
     1
 90
        0
176
     1
 90
        0
176
     1
290
     0
176
     1
 90
       13
176
     1
 40
0.0
176
     1
 90
        0
176
     1
290
     0
176
     1
290
     1
176
     1
290
     1
176
     1
290
     0
176
     1
290
     0
176
     1
290
     0
176
     1
290
     0
176
     1
290
     0
176
     1
290
     0
176
     1
 90
       50
176
     1
 40
0.0
176
     1
 40
1.0
176
     1
 90
        0
176
     1
 62
    18
420
        0
176
     1
 90
       50
176
     1
 90
        3
176
     1
 62
     5
420
      255
176
     1
290
     0
176
     1
 90
       50
176
     1
 90
       50
176
     1
 90
       50
176
     1
290
     0
176
     1
 90
       50
176
     1
 62
   256
176
     0
 40
1.0
176
     0
 90
        2
176
     1
  1
strokes_ogs.tif
176
     1
290
     0
176
     1
 40
1.0
176
     1
 40
1.0
176
     1
1001
ACAD
1000
AcDbSavedByObjectVersion
1070
     0
  0
VISUALSTYLE
  5
12A6D
102
{ACAD_REACTORS
330
12A69
102
}
330
12A69
100
AcDbVisualStyle
  2
GouraudWithEdges
 70
     3
177
     3
291
     1
 70
    58
 90
        2
176
     1
 90
        2
176
     1
 90
        1
176
     1
 90
        2
176
     1
 40
0.6
176
     1
 40
30.0
176
     1
 62
     7
420
 16777215
176
     1
 90
        1
176
     1
 90
        4
176
     1
 62
     7
176
     1
 62
   257
176
     1
 90
        1
176
     1
 90
        1
176
     1
 40
1.0
176
     1
 90
        0
176
     1
 62
   257
176
     1
 40
1.0
176
     1
 90
        1
176
     1
 90
        6
176
     1
 90
        2
176
     1
 62
     7
176
     1
 90
        5
176
     1
 90
        0
176
     1
 90
        0
176
     1
290
     0
176
     1
 90
       13
176
     1
 40
0.0
176
     1
 90
        0
176
     1
290
     0
176
     1
290
     1
176
     1
290
     1
176
     1
290
     0
176
     1
290
     0
176
     1
290
     0
176
     1
290
     0
176
     1
290
     0
176
     1
290
     0
176
     1
 90
       50
176
     1
 40
0.0
176
     1
 40
1.0
176
     1
 90
        0
176
     1
 62
    18
420
        0
176
     1
 90
       50
176
     1
 90
        3
176
     1
 62
     5
420
      255
176
     1
290
     0
176
     1
 90
       50
176
     1
 90
       50
176
     1
 90
       50
176
     1
290
     0
176
     1
 90
       50
176
     1
 62
   256
176
     0
 40
1.0
176
     0
 90
        2
176
     1
  1
strokes_ogs.tif
176
     1
290
     0
176
     1
 40
1.0
176
     1
 40
1.0
176
     1
1001
ACAD
1000
AcDbSavedByObjectVersion
1070
     0
  0
VISUALSTYLE
  5
12B5F
102
{ACAD_REACTORS
330
12A69
102
}
330
12A69
100
AcDbVisualStyle
  2
Hidden
 70
     6
177
     3
291
     0
 70
    58
 90
        1
176
     1
 90
        2
176
     1
 90
        2
176
     1
 90
        0
176
     1
 40
0.6
176
     1
 40
30.0
176
     1
 62
     7
420
 16777215
176
     1
 90
        2
176
     1
 90
        2
176
     1
 62
     7
176
     1
 62
   257
176
     1
 90
        2
176
     1
 90
        1
176
     1
 40
40.0
176
     1
 90
        0
176
     1
 62
   257
176
     1
 40
1.0
176
     1
 90
        1
176
     1
 90
        6
176
     1
 90
        2
176
     1
 62
     7
176
     1
 90
        3
176
     1
 90
        0
176
     1
 90
        0
176
     1
290
     0
176
     1
 90
        1
176
     1
 40
0.0
176
     1
 90
        0
176
     1
290
     0
176
     1
290
     1
176
     1
290
     1
176
     1
290
     0
176
     1
290
     0
176
     1
290
     0
176
     1
290
     0
176
     1
290
     0
176
     1
290
     0
176
     1
 90
       50
176
     1
 40
0.0
176
     1
 40
1.0
176
     1
 90
        0
176
     1
 62
    18
420
        0
176
     1
 90
       50
176
     1
 90
        3
176
     1
 62
     5
420
      255
176
     1
290
     0
176
     1
 90
       50
176
     1
 90
       50
176
     1
 90
       50
176
     1
290
     0
176
     1
 90
       50
176
     1
 62
   256
176
     0
 40
1.0
176
     0
 90
        2
176
     1
  1
strokes_ogs.tif
176
     1
290
     0
176
     1
 40
1.0
176
     1
 40
1.0
176
     1
1001
ACAD
1000
AcDbSavedByObjectVersion
1070
     0
  0
VISUALSTYLE
  5
12A7A
102
{ACAD_REACTORS
330
12A69
102
}
330
12A69
100
AcDbVisualStyle
  2
JitterOff
 70
    20
177
     3
291
     1
 70
    58
 90
        2
176
     0
 90
        2
176
     0
 90
        0
176
     0
 90
        0
176
     0
 40
0.6
176
     0
 40
30.0
176
     0
 62
     7
420
 16777215
176
     0
 90
        1
176
     0
 90
        4
176
     0
 62
     7
176
     0
 62
   257
176
     0
 90
        1
176
     0
 90
        1
176
     0
 40
1.0
176
     0
 90
       10
176
     2
 62
     7
176
     0
 40
1.0
176
     0
 90
        1
176
     0
 90
        6
176
     0
 90
        2
176
     0
 62
     7
176
     0
 90
        5
176
     0
 90
        0
176
     0
 90
        0
176
     0
290
     0
176
     0
 90
        1
176
     0
 40
0.0
176
     0
 90
        0
176
     0
290
     0
176
     1
290
     1
176
     1
290
     1
176
     1
290
     0
176
     1
290
     0
176
     1
290
     0
176
     1
290
     0
176
     1
290
     0
176
     1
290
     0
176
     1
 90
       50
176
     1
 40
0.0
176
     1
 40
1.0
176
     1
 90
        0
176
     1
 62
    18
420
        0
176
     1
 90
       50
176
     1
 90
        3
176
     1
 62
     5
420
      255
176
     1
290
     0
176
     1
 90
       50
176
     1
 90
       50
176
     1
 90
       50
176
     1
290
     0
176
     1
 90
       50
176
     1
 62
   256
176
     0
 40
1.0
176
     0
 90
        2
176
     1
  1
strokes_ogs.tif
176
     1
290
     0
176
     1
 40
1.0
176
     1
 40
1.0
176
     1
1001
ACAD
1000
AcDbSavedByObjectVersion
1070
     0
  0
VISUALSTYLE
  5
12A77
102
{ACAD_REACTORS
330
12A69
102
}
330
12A69
100
AcDbVisualStyle
  2
Linepattern
 70
    14
177
     3
291
     1
 70
    58
 90
        2
176
     1
 90
        2
176
     1
 90
        0
176
     1
 90
        0
176
     1
 40
0.6
176
     1
 40
30.0
176
     1
 62
     7
420
 16777215
176
     1
 90
        1
176
     1
 90
        4
176
     1
 62
     7
176
     1
 62
   257
176
     1
 90
        7
176
     1
 90
        7
176
     1
 40
1.0
176
     1
 90
        8
176
     1
 62
     7
176
     1
 40
1.0
176
     1
 90
        1
176
     1
 90
        6
176
     1
 90
        2
176
     1
 62
     7
176
     1
 90
        5
176
     1
 90
        0
176
     1
 90
        0
176
     1
290
     0
176
     1
 90
        1
176
     1
 40
0.0
176
     1
 90
        0
176
     1
290
     0
176
     1
290
     1
176
     1
290
     1
176
     1
290
     0
176
     1
290
     0
176
     1
290
     0
176
     1
290
     0
176
     1
290
     0
176
     1
290
     0
176
     1
 90
       50
176
     1
 40
0.0
176
     1
 40
1.0
176
     1
 90
        0
176
     1
 62
    18
420
        0
176
     1
 90
       50
176
     1
 90
        3
176
     1
 62
     5
420
      255
176
     1
290
     0
176
     1
 90
       50
176
     1
 90
       50
176
     1
 90
       50
176
     1
290
     0
176
     1
 90
       50
176
     1
 62
   256
176
     0
 40
1.0
176
     0
 90
        2
176
     1
  1
strokes_ogs.tif
176
     1
290
     0
176
     1
 40
1.0
176
     1
 40
1.0
176
     1
1001
ACAD
1000
AcDbSavedByObjectVersion
1070
     0
  0
VISUALSTYLE
  5
12A7B
102
{ACAD_REACTORS
330
12A69
102
}
330
12A69
100
AcDbVisualStyle
  2
OverhangOff
 70
    21
177
     3
291
     1
 70
    58
 90
        2
176
     0
 90
        2
176
     0
 90
        0
176
     0
 90
        0
176
     0
 40
0.6
176
     0
 40
30.0
176
     0
 62
     7
420
 16777215
176
     0
 90
        1
176
     0
 90
        4
176
     0
 62
     7
176
     0
 62
   257
176
     0
 90
        1
176
     0
 90
        1
176
     0
 40
1.0
176
     0
 90
        9
176
     2
 62
     7
176
     0
 40
1.0
176
     0
 90
        1
176
     0
 90
        6
176
     0
 90
        2
176
     0
 62
     7
176
     0
 90
        5
176
     0
 90
        0
176
     0
 90
        0
176
     0
290
     0
176
     0
 90
        1
176
     0
 40
0.0
176
     0
 90
        0
176
     0
290
     0
176
     1
290
     1
176
     1
290
     1
176
     1
290
     0
176
     1
290
     0
176
     1
290
     0
176
     1
290
     0
176
     1
290
     0
176
     1
290
     0
176
     1
 90
       50
176
     1
 40
0.0
176
     1
 40
1.0
176
     1
 90
        0
176
     1
 62
    18
420
        0
176
     1
 90
       50
176
     1
 90
        3
176
     1
 62
     5
420
      255
176
     1
290
     0
176
     1
 90
       50
176
     1
 90
       50
176
     1
 90
       50
176
     1
290
     0
176
     1
 90
       50
176
     1
 62
   256
176
     0
 40
1.0
176
     0
 90
        2
176
     1
  1
strokes_ogs.tif
176
     1
290
     0
176
     1
 40
1.0
176
     1
 40
1.0
176
     1
1001
ACAD
1000
AcDbSavedByObjectVersion
1070
     0
  0
VISUALSTYLE
  5
12A73
102
{ACAD_REACTORS
330
12A69
102
}
330
12A69
100
AcDbVisualStyle
  2
Realistic
 70
     8
177
     3
291
     0
 70
    58
 90
        2
176
     1
 90
        2
176
     1
 90
        0
176
     1
 90
        0
176
     1
 40
0.6
176
     1
 40
30.0
176
     1
 62
     7
420
 16777215
176
     1
 90
        1
176
     1
 90
        0
176
     1
 62
     7
176
     1
 62
   257
176
     1
 90
        1
176
     1
 90
        1
176
     1
 40
1.0
176
     1
 90
        8
176
     1
 62
     8
420
  7895160
176
     1
 40
1.0
176
     1
 90
        1
176
     1
 90
        6
176
     1
 90
        2
176
     1
 62
     7
176
     1
 90
        5
176
     1
 90
        0
176
     1
 90
        0
176
     1
290
     0
176
     1
 90
       13
176
     1
 40
0.0
176
     1
 90
        0
176
     1
290
     0
176
     1
290
     1
176
     1
290
     1
176
     1
290
     0
176
     1
290
     0
176
     1
290
     0
176
     1
290
     0
176
     1
290
     0
176
     1
290
     0
176
     1
 90
       50
176
     1
 40
0.0
176
     1
 40
1.0
176
     1
 90
        0
176
     1
 62
    18
420
        0
176
     1
 90
       50
176
     1
 90
        3
176
     1
 62
     5
420
      255
176
     1
290
     0
176
     1
 90
       50
176
     1
 90
       50
176
     1
 90
       50
176
     1
290
     0
176
     1
 90
       50
176
     1
 62
   256
176
     0
 40
1.0
176
     0
 90
        2
176
     1
  1
strokes_ogs.tif
176
     1
290
     0
176
     1
 40
1.0
176
     1
 40
1.0
176
     1
1001
ACAD
1000
AcDbSavedByObjectVersion
1070
     0
  0
VISUALSTYLE
  5
12B64
102
{ACAD_REACTORS
330
12A69
102
}
330
12A69
100
AcDbVisualStyle
  2
Shaded
 70
    27
177
     3
291
     0
 70
    58
 90
        2
176
     1
 90
        2
176
     1
 90
        1
176
     1
 90
        2
176
     1
 40
0.6
176
     1
 40
30.0
176
     1
 62
     7
420
 16777215
176
     1
 90
        0
176
     1
 90
        4
176
     1
 62
     7
176
     1
 62
   257
176
     1
 90
        1
176
     1
 90
        1
176
     1
 40
1.0
176
     1
 90
        8
176
     1
 62
   257
176
     1
 40
1.0
176
     1
 90
        1
176
     1
 90
        6
176
     1
 90
        2
176
     1
 62
     8
420
  7895160
176
     1
 90
        3
176
     1
 90
        0
176
     1
 90
        0
176
     1
290
     0
176
     1
 90
        5
176
     1
 40
0.0
176
     1
 90
        0
176
     1
290
     0
176
     1
290
     1
176
     1
290
     1
176
     1
290
     0
176
     1
290
     0
176
     1
290
     0
176
     1
290
     0
176
     1
290
     0
176
     1
290
     0
176
     1
 90
       50
176
     1
 40
0.0
176
     1
 40
1.0
176
     1
 90
        0
176
     1
 62
    18
420
        0
176
     1
 90
       50
176
     1
 90
        3
176
     1
 62
     5
420
      255
176
     1
290
     0
176
     1
 90
       50
176
     1
 90
       50
176
     1
 90
       50
176
     1
290
     0
176
     1
 90
       50
176
     1
 62
   256
176
     0
 40
1.0
176
     0
 90
        2
176
     1
  1
strokes_ogs.tif
176
     1
290
     0
176
     1
 40
1.0
176
     1
 40
1.0
176
     1
1001
ACAD
1000
AcDbSavedByObjectVersion
1070
     0
  0
VISUALSTYLE
  5
12B63
102
{ACAD_REACTORS
330
12A69
102
}
330
12A69
100
AcDbVisualStyle
  2
Shaded with edges
 70
    26
177
     3
291
     0
 70
    58
 90
        2
176
     1
 90
        2
176
     1
 90
        1
176
     1
 90
        2
176
     1
 40
0.6
176
     1
 40
30.0
176
     1
 62
     7
420
 16777215
176
     1
 90
        1
176
     1
 90
        2
176
     1
 62
     7
176
     1
 62
   257
176
     1
 90
        2
176
     1
 90
        1
176
     1
 40
1.0
176
     1
 90
        8
176
     1
 62
   257
176
     1
 40
1.0
176
     1
 90
        1
176
     1
 90
        6
176
     1
 90
        2
176
     1
 62
     7
176
     1
 90
        3
176
     1
 90
        0
176
     1
 90
        0
176
     1
290
     0
176
     1
 90
        5
176
     1
 40
0.0
176
     1
 90
        0
176
     1
290
     0
176
     1
290
     1
176
     1
290
     1
176
     1
290
     0
176
     1
290
     0
176
     1
290
     0
176
     1
290
     0
176
     1
290
     0
176
     1
290
     0
176
     1
 90
       50
176
     1
 40
0.0
176
     1
 40
1.0
176
     1
 90
        0
176
     1
 62
    18
420
        0
176
     1
 90
       50
176
     1
 90
        3
176
     1
 62
     5
420
      255
176
     1
290
     0
176
     1
 90
       50
176
     1
 90
       50
176
     1
 90
       50
176
     1
290
     0
176
     1
 90
       50
176
     1
 62
   256
176
     0
 40
1.0
176
     0
 90
        2
176
     1
  1
strokes_ogs.tif
176
     1
290
     0
176
     1
 40
1.0
176
     1
 40
1.0
176
     1
1001
ACAD
1000
AcDbSavedByObjectVersion
1070
     0
  0
VISUALSTYLE
  5
12B60
102
{ACAD_REACTORS
330
12A69
102
}
330
12A69
100
AcDbVisualStyle
  2
Shades of Gray
 70
    23
177
     3
291
     0
 70
    58
 90
        2
176
     1
 90
        2
176
     1
 90
        3
176
     1
 90
        0
176
     1
 40
0.6
176
     1
 40
30.0
176
     1
 62
     7
420
 16777215
176
     1
 90
        2
176
     1
 90
        2
176
     1
 62
     7
176
     1
 62
     7
176
     1
 90
        1
176
     1
 90
        1
176
     1
 40
40.0
176
     1
 90
        8
176
     1
 62
     7
176
     1
 40
1.0
176
     1
 90
        1
176
     1
 90
        6
176
     1
 90
        2
176
     1
 62
     7
176
     1
 90
        3
176
     1
 90
        0
176
     1
 90
        0
176
     1
290
     0
176
     1
 90
        1
176
     1
 40
0.0
176
     1
 90
        0
176
     1
290
     0
176
     1
290
     1
176
     1
290
     1
176
     1
290
     0
176
     1
290
     0
176
     1
290
     0
176
     1
290
     0
176
     1
290
     0
176
     1
290
     0
176
     1
 90
       50
176
     1
 40
0.0
176
     1
 40
1.0
176
     1
 90
        0
176
     1
 62
    18
420
        0
176
     1
 90
       50
176
     1
 90
        3
176
     1
 62
     5
420
      255
176
     1
290
     0
176
     1
 90
       50
176
     1
 90
       50
176
     1
 90
       50
176
     1
290
     0
176
     1
 90
       50
176
     1
 62
   256
176
     0
 40
1.0
176
     0
 90
        2
176
     1
  1
strokes_ogs.tif
176
     1
290
     0
176
     1
 40
1.0
176
     1
 40
1.0
176
     1
1001
ACAD
1000
AcDbSavedByObjectVersion
1070
     0
  0
VISUALSTYLE
  5
12B61
102
{ACAD_REACTORS
330
12A69
102
}
330
12A69
100
AcDbVisualStyle
  2
Sketchy
 70
    24
177
     3
291
     0
 70
    58
 90
        1
176
     1
 90
        2
176
     1
 90
        2
176
     1
 90
        0
176
     1
 40
0.6
176
     1
 40
30.0
176
     1
 62
     7
420
 16777215
176
     1
 90
        2
176
     1
 90
        2
176
     1
 62
     7
176
     1
 62
     7
176
     1
 90
        1
176
     1
 90
        1
176
     1
 40
40.0
176
     1
 90
       11
176
     1
 62
     7
176
     1
 40
1.0
176
     1
 90
        1
176
     1
 90
        6
176
     1
 90
        2
176
     1
 62
     7
176
     1
 90
        6
176
     1
 90
        0
176
     1
 90
        0
176
     1
290
     0
176
     1
 90
        1
176
     1
 40
0.0
176
     1
 90
        0
176
     1
290
     0
176
     1
290
     1
176
     1
290
     1
176
     1
290
     0
176
     1
290
     0
176
     1
290
     0
176
     1
290
     0
176
     1
290
     0
176
     1
290
     0
176
     1
 90
       50
176
     1
 40
0.0
176
     1
 40
1.0
176
     1
 90
        0
176
     1
 62
    18
420
        0
176
     1
 90
       50
176
     1
 90
        3
176
     1
 62
     5
420
      255
176
     1
290
     0
176
     1
 90
       50
176
     1
 90
       50
176
     1
 90
       50
176
     1
290
     0
176
     1
 90
       50
176
     1
 62
   256
176
     0
 40
1.0
176
     0
 90
        2
176
     1
  1
strokes_ogs.tif
176
     1
290
     0
176
     1
 40
1.0
176
     1
 40
1.0
176
     1
1001
ACAD
1000
AcDbSavedByObjectVersion
1070
     0
  0
VISUALSTYLE
  5
12A76
102
{ACAD_REACTORS
330
12A69
102
}
330
12A69
100
AcDbVisualStyle
  2
Thicken
 70
    13
177
     3
291
     1
 70
    58
 90
        2
176
     1
 90
        2
176
     1
 90
        0
176
     1
 90
        0
176
     1
 40
0.6
176
     1
 40
30.0
176
     1
 62
     7
420
 16777215
176
     1
 90
        1
176
     1
 90
        4
176
     1
 62
     7
176
     1
 62
   257
176
     1
 90
        1
176
     1
 90
        1
176
     1
 40
1.0
176
     1
 90
       12
176
     1
 62
     7
176
     1
 40
1.0
176
     1
 90
        1
176
     1
 90
        6
176
     1
 90
        2
176
     1
 62
     7
176
     1
 90
        5
176
     1
 90
        0
176
     1
 90
        0
176
     1
290
     0
176
     1
 90
        1
176
     1
 40
0.0
176
     1
 90
        0
176
     1
290
     0
176
     1
290
     1
176
     1
290
     1
176
     1
290
     0
176
     1
290
     0
176
     1
290
     0
176
     1
290
     0
176
     1
290
     0
176
     1
290
     0
176
     1
 90
       50
176
     1
 40
0.0
176
     1
 40
1.0
176
     1
 90
        0
176
     1
 62
    18
420
        0
176
     1
 90
       50
176
     1
 90
        3
176
     1
 62
     5
420
      255
176
     1
290
     0
176
     1
 90
       50
176
     1
 90
       50
176
     1
 90
       50
176
     1
290
     0
176
     1
 90
       50
176
     1
 62
   256
176
     0
 40
1.0
176
     0
 90
        2
176
     1
  1
strokes_ogs.tif
176
     1
290
     0
176
     1
 40
1.0
176
     1
 40
1.0
176
     1
1001
ACAD
1000
AcDbSavedByObjectVersion
1070
     0
  0
VISUALSTYLE
  5
12B5E
102
{ACAD_REACTORS
330
12A69
102
}
330
12A69
100
AcDbVisualStyle
  2
Wireframe
 70
     5
177
     3
291
     0
 70
    58
 90
        0
176
     1
 90
        2
176
     1
 90
        0
176
     1
 90
        0
176
     1
 40
0.6
176
     1
 40
30.0
176
     1
 62
     7
420
 16777215
176
     1
 90
        1
176
     1
 90
        4
176
     1
 62
     7
176
     1
 62
   257
176
     1
 90
        1
176
     1
 90
        1
176
     1
 40
1.0
176
     1
 90
        0
176
     1
 62
   257
176
     1
 40
1.0
176
     1
 90
        1
176
     1
 90
        6
176
     1
 90
        2
176
     1
 62
     7
176
     1
 90
        3
176
     1
 90
        0
176
     1
 90
        0
176
     1
290
     0
176
     1
 90
        1
176
     1
 40
0.0
176
     1
 90
        0
176
     1
290
     0
176
     1
290
     1
176
     1
290
     1
176
     1
290
     0
176
     1
290
     0
176
     1
290
     0
176
     1
290
     0
176
     1
290
     0
176
     1
290
     0
176
     1
 90
       50
176
     1
 40
0.0
176
     1
 40
1.0
176
     1
 90
        0
176
     1
 62
    18
420
        0
176
     1
 90
       50
176
     1
 90
        3
176
     1
 62
     5
420
      255
176
     1
290
     0
176
     1
 90
       50
176
     1
 90
       50
176
     1
 90
       50
176
     1
290
     0
176
     1
 90
       50
176
     1
 62
   256
176
     0
 40
1.0
176
     0
 90
        2
176
     1
  1
strokes_ogs.tif
176
     1
290
     0
176
     1
 40
1.0
176
     1
 40
1.0
176
     1
1001
ACAD
1000
AcDbSavedByObjectVersion
1070
     0
  0
VISUALSTYLE
  5
12B62
102
{ACAD_REACTORS
330
12A69
102
}
330
12A69
100
AcDbVisualStyle
  2
X-Ray
 70
    25
177
     3
291
     0
 70
    58
 90
        2
176
     1
 90
        2
176
     1
 90
        1
176
     1
 90
        1
176
     1
 40
0.5
176
     1
 40
30.0
176
     1
 62
     7
420
 16777215
176
     1
 90
        1
176
     1
 90
        0
176
     1
 62
     7
176
     1
 62
   257
176
     1
 90
        1
176
     1
 90
        1
176
     1
 40
1.0
176
     1
 90
        8
176
     1
 62
     7
176
     1
 40
1.0
176
     1
 90
        1
176
     1
 90
        6
176
     1
 90
        2
176
     1
 62
     7
176
     1
 90
        3
176
     1
 90
        0
176
     1
 90
        0
176
     1
290
     0
176
     1
 90
       13
176
     1
 40
0.0
176
     1
 90
        0
176
     1
290
     0
176
     1
290
     1
176
     1
290
     1
176
     1
290
     0
176
     1
290
     0
176
     1
290
     0
176
     1
290
     0
176
     1
290
     0
176
     1
290
     0
176
     1
 90
       50
176
     1
 40
0.0
176
     1
 40
1.0
176
     1
 90
        0
176
     1
 62
    18
420
        0
176
     1
 90
       50
176
     1
 90
        3
176
     1
 62
     5
420
      255
176
     1
290
     0
176
     1
 90
       50
176
     1
 90
       50
176
     1
 90
       50
176
     1
290
     0
176
     1
 90
       50
176
     1
 62
   256
176
     0
 40
1.0
176
     0
 90
        2
176
     1
  1
strokes_ogs.tif
176
     1
290
     0
176
     1
 40
1.0
176
     1
 40
1.0
176
     1
1001
ACAD
1000
AcDbSavedByObjectVersion
1070
     0
  0
DICTIONARYVAR
  5
12B18
102
{ACAD_REACTORS
330
5E
102
}
330
5E
100
DictionaryVariables
280
     0
  1
1:1
  0
DICTIONARYVAR
  5
12B16
102
{ACAD_REACTORS
330
5E
102
}
330
5E
100
DictionaryVariables
280
     0
  1
STANDARD
  0
DICTIONARYVAR
  5
84
102
{ACAD_REACTORS
330
5E
102
}
330
5E
100
DictionaryVariables
280
     0
  1
STANDARD
  0
DICTIONARYVAR
  5
13516
102
{ACAD_REACTORS
330
5E
102
}
330
5E
100
DictionaryVariables
280
     0
  1
Metric50
  0
DICTIONARYVAR
  5
13517
102
{ACAD_REACTORS
330
5E
102
}
330
5E
100
DictionaryVariables
280
     0
  1
Metric50
  0
DICTIONARYVAR
  5
5F
102
{ACAD_REACTORS
330
5E
102
}
330
5E
100
DictionaryVariables
280
     0
  1
2
  0
DICTIONARYVAR
  5
1357D
102
{ACAD_REACTORS
330
5E
102
}
330
5E
100
DictionaryVariables
280
     0
  1
Mechanical - ValveSymbols
  0
DICTIONARYVAR
  5
63
102
{ACAD_REACTORS
330
5E
102
}
330
5E
100
DictionaryVariables
280
     0
  1
1
  0
DICTIONARYVAR
  5
12B1A
102
{ACAD_REACTORS
330
5E
102
}
330
5E
100
DictionaryVariables
280
     0
  1
1
  0
DICTIONARYVAR
  5
12B1B
102
{ACAD_REACTORS
330
5E
102
}
330
5E
100
DictionaryVariables
280
     0
  1
15
  0
DICTIONARYVAR
  5
12B19
102
{ACAD_REACTORS
330
5E
102
}
330
5E
100
DictionaryVariables
280
     0
  1
0
  0
DICTIONARYVAR
  5
12B17
102
{ACAD_REACTORS
330
5E
102
}
330
5E
100
DictionaryVariables
280
     0
  1
1
  0
DICTIONARYVAR
  5
AB5A
102
{ACAD_REACTORS
330
5E
102
}
330
5E
100
DictionaryVariables
280
     0
  1

  0
DICTIONARY
  5
14846
102
{ACAD_REACTORS
330
14844
102
}
330
14844
100
AcDbDictionary
281
     1
  0
DICTIONARY
  5
14845
102
{ACAD_REACTORS
330
14844
102
}
330
14844
100
AcDbDictionary
281
     1
  3
1808650485360
350
1483F
  3
1808650485376
350
14840
  3
1808650485392
350
14841
  3
1808650485408
350
14842
  3
1808650485424
350
14843
  0
XRECORD
  5
1224
102
{ACAD_REACTORS
330
1223
102
}
330
1223
100
AcDbXrecord
280
     1
1000
ADE02C001
1070
     1
1070
     0
1002
{
1002
}
1002
{
1002
}
1002
{
1002
}
1000

  0
XRECORD
  5
1221
102
{ACAD_REACTORS
330
121F
102
}
330
121F
100
AcDbXrecord
280
     1
330
0
330
0
330
0
330
0
330
0
330
0
330
0
330
0
330
0
330
0
330
0
330
0
330
0
330
0
330
0
330
0
330
0
330
0
330
0
330
0
330
0
330
0
330
0
330
0
330
0
330
0
330
0
330
0
330
0
330
0
330
0
330
0
330
0
330
0
330
0
330
0
330
0
330
0
330
0
330
0
330
0
330
0
330
0
330
0
330
0
330
0
330
0
330
0
330
0
330
0
330
0
330
0
330
0
330
0
330
0
330
0
330
0
330
0
330
0
330
0
  0
XRECORD
  5
10A64
102
{ACAD_REACTORS
330
8604
102
}
330
8604
100
AcDbXrecord
280
     1
 91
      495
301

290
     0
302
0
  8
Sprinkler
 90
        8
 62
   111
370
    -3
331
16
  1
Color_111
  8
Symbol
 90
        8
 62
   210
370
    -3
331
16
  1
Color_210
  8
Spot Elevation
 90
        8
 62
     2
370
    -3
331
16
  1
Color_2
  8
Side Walk
 90
        8
 62
    54
370
    -3
331
16
  1
Color_54
  8
Lot-Line
 90
        8
 62
     4
370
    -3
331
16
  1
Color_4
  8
Fence
 90
        8
 62
     6
370
    -3
331
16
  1
Color_6
  8
Contour
 90
        8
 62
    61
370
    -3
331
16
  1
Color_61
  8
Column
 90
        8
 62
   200
370
    -3
331
16
  1
Color_200
  8
Plumbing
 90
        8
 62
   181
370
    -3
331
16
  1
Color_181
  8
Utility
 90
        8
 62
    12
370
    -3
331
16
  1
Color_12
  8
Wiring
 90
        8
 62
    41
370
    -3
331
16
  1
Color_41
  8
Electrical Symbol
 90
        8
 62
    60
370
    -3
331
16
  1
Color_60
  8
Ceiling Grid
 90
        8
 62
   142
370
    -3
331
16
  1
Color_142
  8
Ceiling Fixture
 90
        8
 62
    81
370
    -3
331
16
  1
Color_81
  8
Roof
 90
        8
 62
    26
370
    -3
331
16
  1
Color_26
  8
HVAC
 90
        8
 62
    40
370
    -3
331
16
  1
Color_40
  8
Structural
 90
        8
 62
     6
370
    -3
331
16
  1
Color_6
  8
Sections & Details
 90
        8
 62
     3
370
    -3
331
16
  1
Color_3
  8
Parking
 90
        8
 62
     5
370
    -3
331
16
  1
Color_5
  8
Greenary
 90
        8
 62
   100
370
    -3
331
16
  1
Color_100
  8
Plumbing & Fixture
 90
        8
 62
   150
370
    -3
331
16
  1
Color_150
  8
Patt
 90
        8
 62
     8
370
    -3
331
16
  1
Color_8
  8
Curb
 90
        8
 62
   144
370
    -3
331
16
  1
Color_144
  8
Property Line
 90
        8
 62
   133
370
    -3
331
16
  1
Color_133
  8
Misc
 90
        8
 62
   160
370
    -3
331
16
  1
Color_160
  8
Stair & Elevator
 90
        8
 62
    15
370
    -3
331
16
  1
Color_15
  8
Door & Window
 90
        8
 62
    11
370
    -3
331
16
  1
Color_11
  8
Dimension
 90
        8
 62
     1
370
    -3
331
16
  1
Color_1
  8
Defpoints
 90
        0
 62
     7
370
    -3
331
16
  1
Color_7
  8
Text
 90
        8
 62
     7
370
    -3
331
16
  1
Color_7
  8
Grid
 90
        8
 62
     9
370
    -3
331
16
  1
Color_9
  8
Title Block
 90
        8
 62
   140
370
    -3
331
16
  1
Color_140
  8
Arch
 90
        8
 62
     4
370
    -3
331
16
  1
Color_4
  8
Image
 90
        8
 62
   250
370
    -3
331
16
  1
Color_250
  8
0
 90
        8
 62
     7
370
    -3
331
16
  1
Color_7
  0
DICTIONARY
  5
14849
330
12B68
100
AcDbDictionary
280
     1
281
     1
  3
ACAD_XREC_ROUNDTRIP
360
1484A
  0
DICTIONARY
  5
12AEA
330
22
100
AcDbDictionary
280
     1
281
     1
  0
DICTIONARY
  5
12A5A
330
12A59
100
AcDbDictionary
280
     1
281
     1
  3
BUMPTILE
360
12A5C
  3
DIFFUSETILE
360
12A5B
  3
OPACITYTILE
360
12A5F
  3
REFLECTIONTILE
360
12A5E
  3
REFRACTIONTILE
360
12A60
  3
SPECULARTILE
360
12A5D
  0
DICTIONARY
  5
12A52
330
12A51
100
AcDbDictionary
280
     1
281
     1
  3
BUMPTILE
360
12A54
  3
DIFFUSETILE
360
12A53
  3
OPACITYTILE
360
12A57
  3
REFLECTIONTILE
360
12A56
  3
REFRACTIONTILE
360
12A58
  3
SPECULARTILE
360
12A55
  0
DICTIONARY
  5
12A62
330
12A61
100
AcDbDictionary
280
     1
281
     1
  3
BUMPTILE
360
12A64
  3
DIFFUSETILE
360
12A63
  3
FBXASSET
360
13560
  3
OPACITYTILE
360
12A67
  3
REFLECTIONTILE
360
12A66
  3
REFRACTIONTILE
360
12A68
  3
SPECULARTILE
360
12A65
  0
DICTIONARY
  5
14847
330
12B66
100
AcDbDictionary
280
     1
281
     1
  3
ACAD_XREC_ROUNDTRIP
360
14848
  0
DICTIONARY
  5
12AEC
330
7F
100
AcDbDictionary
280
     1
281
     1
  3
ACAD_ROUNDTRIP_2008_TABLESTYLE_CELLSTYLEMAP
360
147DD
  0
XRECORD
  5
1483F
102
{ACAD_REACTORS
330
14845
102
}
330
14845
100
AcDbXrecord
280
     1
  1
AcDb_Thumbnail_Schema
102
{ATTRRECORD
341
14840
  2
AcDbDs::TreatedAsObjectData
280
     1
291
     1
102
ATTRRECORD}
102
{ATTRRECORD
341
14841
  2
AcDbDs::Legacy
280
     1
291
     1
102
ATTRRECORD}
  2
AcDbDs::ID
280
    10
 91
        8
102
{ATTRRECORD
341
14842
  2
AcDs:Indexable
280
     1
291
     1
102
ATTRRECORD}
102
{ATTRRECORD
341
14843
  2
AcDbDs::HandleAttribute
280
     7
282
     1
102
ATTRRECORD}
  2
Thumbnail_Data
280
    15
 91
        0
  0
XRECORD
  5
14840
102
{ACAD_REACTORS
330
14845
102
}
330
14845
100
AcDbXrecord
280
     1
  1
AcDbDs::TreatedAsObjectDataSchema
  2
AcDbDs::TreatedAsObjectData
280
     1
 91
        0
  0
XRECORD
  5
14841
102
{ACAD_REACTORS
330
14845
102
}
330
14845
100
AcDbXrecord
280
     1
  1
AcDbDs::LegacySchema
  2
AcDbDs::Legacy
280
     1
 91
        0
  0
XRECORD
  5
14842
102
{ACAD_REACTORS
330
14845
102
}
330
14845
100
AcDbXrecord
280
     1
  1
AcDbDs::IndexedPropertySchema
  2
AcDs:Indexable
280
     1
 91
        0
  0
XRECORD
  5
14843
102
{ACAD_REACTORS
330
14845
102
}
330
14845
100
AcDbXrecord
280
     1
  1
AcDbDs::HandleAttributeSchema
  2
AcDbDs::HandleAttribute
280
     7
 91
        1
284
     1
  0
XRECORD
  5
1484A
102
{ACAD_REACTORS
330
14849
102
}
330
14849
100
AcDbXrecord
280
     1
102
DISPLAYNAME
  1
Metric50
102
FLAGS
 90
        0
  0
XRECORD
  5
12A5C
102
{ACAD_REACTORS
330
12A5A
102
}
330
12A5A
100
AcDbXrecord
280
     1
270
     1
271
     1
  0
XRECORD
  5
12A5B
102
{ACAD_REACTORS
330
12A5A
102
}
330
12A5A
100
AcDbXrecord
280
     1
270
     1
271
     1
  0
XRECORD
  5
12A5F
102
{ACAD_REACTORS
330
12A5A
102
}
330
12A5A
100
AcDbXrecord
280
     1
270
     1
271
     1
  0
XRECORD
  5
12A5E
102
{ACAD_REACTORS
330
12A5A
102
}
330
12A5A
100
AcDbXrecord
280
     1
270
     1
271
     1
  0
XRECORD
  5
12A60
102
{ACAD_REACTORS
330
12A5A
102
}
330
12A5A
100
AcDbXrecord
280
     1
270
     1
271
     1
  0
XRECORD
  5
12A5D
102
{ACAD_REACTORS
330
12A5A
102
}
330
12A5A
100
AcDbXrecord
280
     1
270
     1
271
     1
  0
XRECORD
  5
12A54
102
{ACAD_REACTORS
330
12A52
102
}
330
12A52
100
AcDbXrecord
280
     1
270
     1
271
     1
  0
XRECORD
  5
12A53
102
{ACAD_REACTORS
330
12A52
102
}
330
12A52
100
AcDbXrecord
280
     1
270
     1
271
     1
  0
XRECORD
  5
12A57
102
{ACAD_REACTORS
330
12A52
102
}
330
12A52
100
AcDbXrecord
280
     1
270
     1
271
     1
  0
XRECORD
  5
12A56
102
{ACAD_REACTORS
330
12A52
102
}
330
12A52
100
AcDbXrecord
280
     1
270
     1
271
     1
  0
XRECORD
  5
12A58
102
{ACAD_REACTORS
330
12A52
102
}
330
12A52
100
AcDbXrecord
280
     1
270
     1
271
     1
  0
XRECORD
  5
12A55
102
{ACAD_REACTORS
330
12A52
102
}
330
12A52
100
AcDbXrecord
280
     1
270
     1
271
     1
  0
XRECORD
  5
12A64
102
{ACAD_REACTORS
330
12A62
102
}
330
12A62
100
AcDbXrecord
280
     1
270
     1
271
     1
  0
XRECORD
  5
12A63
102
{ACAD_REACTORS
330
12A62
102
}
330
12A62
100
AcDbXrecord
280
     1
270
     1
271
     1
  0
XRECORD
  5
13560
102
{ACAD_REACTORS
330
12A62
102
}
330
12A62
100
AcDbXrecord
280
     1
 70
     1
 90
-1506045146
 71
     1
  1
81093774-4291-4D6E-9C0A-E4266C9FB50E
311
504B0304140006080800226A81529908109DF6000000A80100004F00000037324533303539462D444242452D344432382D383443382D4339383231463445423633452F4173736574446174612F446566696E6974696F6E4974657261746F7250726F706572746965732E62696EBD504D4FC42010450F1A0F1E4CFC011EBC22
311
948F0226C62C947AF2A23FC0B015779BB0ED6669E3758FFE6B1D62FD0B4EF2989707CCBC992F84D0F71240D109E008E725E4A738C443DFBD76DBB80BE8AC28695C87740B4C1BC7EA5A532C25ADB0A09E63AD9404C68D50CCB66AD59CC2BB7340133FC29CA652F2B9CF5D4C290C719CF315084B8F9B5D98A0574877E5D30542
311
251D01E8EF22974A9B5F47C5E42720BCEFEF1F43CE717A208A794EA5697163ADC7A2611A6BE1347646B3AA15DED6DC939798C7F9D0C54C74450D574A60C10CF86F6A8F8DA32BEC058CE54C6B25F564DACE6535D7C5C67A087D22942C16DEF6C306E47F8B1F504B0304140006080800226A815200E23233EC00000030020000
311
4500000037324533303539462D444242452D344432382D383443382D4339383231463445423633452F4173736574446174612F496E7374616E636550726F706572746965732E62696EEB606060F80F0540260323103700495E20ED9E9A975A94991C9C9C919A9BA80214B03034B034363737D13531B234D435713173D5B574
311
3670D4753531323373B67473323570654768046931363471713532B5D435353131D635313332D475727372D13534373670367376B67474B5042A03DBCBA019D37FE8ABC6157B20CD04146B0062181F4C03F940F0C11EA29A8141C08141002C0426541C106CAC2CA046088033B02A030AC2157C6006F21A8018AAF50194E601
311
0A610250382264E08660284CD9E98021862280A91564B406929A0FF62C401E28B6F88038B83CB1243943D7A928312F25350524432B0000504B0304140006080800226A8152B5A795FFE3790000DE7900006B00000037324533303539462D444242452D344432382D383443382D4339383231463445423633452F5265736F75
311
726365732F38313039333737342D343239312D344436452D394330412D4534323636433946423530452F7468756D626E61696C2F302F67656E657269635F706E6701DE79218689504E470D0A1A0A0000000D49484452000001000000010008030000006BAC58540000000467414D410000B18F0BFC61050000000173524742
311
00AECE1CE900000192504C5445818181B3B3B35A5A5A4848486060605C5C5C6464648383835E5E5E6262624E4E4EAFAFAF4A4A4AB5B5B54C4C4CB1B1B1858585B7B7B7585858ADADAD7C7C7C464646787878ABABAB747474A7A7A7686868707070B9B9B96E6E6E6A6A6A8B8B8B666666545454565656A5A5A5505050A1A1A1
311
BBBBBB8F8F8F9F9F9F4242425252527676764040403E3E3E9B9B9B7A7A7A8989897E7E7E9393939797974444448787873C3C3C727272BDBDBD3A3A3A6C6C6CA9A9A9A3A3A32020209D9D9DBFBFBF8D8D8D9595959191912626269999992222222424241E1E1EC1C1C1282828C3C3C32C2C2C2A2A2A2E2E2E303030C5C5C532
311
32321C1C1C363636383838343434C7C7C71A1A1A0E0E0E121212484A484C4E4C1616160A0A0A4A4C4A787A781414147C7E7C9193915E605E464846838583878987B1B3B18587856668665A5C5A626462818381A7A7A5A3A3A1B1B1AFADAFAD7072705C5E5C9D9D9BABADAB7E817EB7B9B7585A58BBBDBB4C4C4A8D8F8D7476
311
74B5B5B3B7B7B59FA19F606260ABABA9A5A5A39B9B99A9A9A78F8F8D6C6C6AC7C7C5451AD12700002000494441547801DCBD89771BD7B5A70B8EE04C702641712605CE034890E220088028C93245451215B713AF388E7DFD9EEDB8DDCE6ABFF4B57D97137BE50FEFEFDBA74049B6AEED74869B7E87404D2814EBB7F76F0F67
311
A8835CEEBFA0E42B854AA5B2BB5B6BCC951A8D52A93657A914FE0BEEE39FFE2FF395B9B9C6CAD2D4C4606F4B7FFF8D1B37EEDCB97587F7CD9B4343BD134BABE7DB48E3FFA7A228ECD6F6574E4786C0FC8B5FFCE2CD5FFCE297BF7CF3CD5FFC92B52FFE58BFF9E69B776E0EF5F79E55CBBBF9FC3F5D3DFFB07F5898ABAF7CDA
311
3B74E74EC0CE20230561BF096E97E05712BFFCC59BC80539DCE83DDD6E54FE61B7747DE17FB8980BBBFB2BBD4337DF487881AAE6C5ACC6AF25207877B2B527BFF1CB3B77FA47561ABBD7F7FA7FE146A5B6BD74E3164C7F51449AE95DB412200EC539418717E7F2F11B376FF62E95FEAF1442BED0581DBCA1BD2780D23F506A
311
FA16E1A7AD974EF17876F00DD7BCB187A1A97AE51FCED5BF2BC1F2BBE5B3C19BE27B43CF26DE00933658FE129B109C2FFF922CC22C4260FA01BEFB462A77DEBC35F42F600C3F5B0795D2E9E02DAD5E650B4438A92801B65C35CBAB7B1EE5041CE69D3B6F1822DFB873EBD6AD3B6FBC71EBC6C86AE967DFC2DFA4CEBFF1BF54
311
F6276EBC114E2F43FEC60B01A0D440A868B2920E5C4BC10D60931ADCB871F3268B21D3851B08E1D6AD9BFD4BF57F7577909FAB86F29B982571136AF01DF5FE32AC3BD9406CAAF2440A54CF176EDD01FBADA1FEFEFE21FE4C9858DFF4183458A9FD2B6708A5A5A137E0EE1D11A9EC0C7C58B2C73C0AD6B479BD76B7790CF899
311
E287FA5B06FB7B07C9195B7851FA8794031EF1FC5F9406BBFB23375420286399B631E93B08022A785C4DBF9996EC3551874094D71B6F487E80F6837E50F483BDBDBD83232323AC420A18C68DA196EDDADF68A77F938F78FD972BABBDB7B87FB164AC6FC2CB760365821ACB74AED44FFAD7E7431ECD7E08AC421F391D199998
311
989A383D9D98E8E56F84A318C58D9BFD2DAB73FF5222C8EFAEF4DE7AF30D756E5108683DA471E70D0502099A7240F19E4089D3FD203E620F1B47BF43501E85031AE44B4B9F2E4D2D9D4D51D8970983FA861B3706FF950CA170DE82F6B312CC4F42C8966295F7D725ED29882415DC055F36DEA1FE96FEC141493F05FAA9A9A5
311
A595B333DED5B3D5A533F62183323032F46EFF13EA0AAFA5FBF7C8976F8C10F7280A014832593B90004D52341980D907EAEB73411EB2F1EBC9F507F92746C40E7AE0AFAE54292BAB2BAB67CAE0746264A277B06508168C94BF772BE9765F7BF0B548FE1E07F3B5A521340A5CB5297C4B12811B89E82191ECF3E41B3259C529
311
F135E23CF4C7F961FB13537F5A02ECCAEA76B5BA5D3D3FDF3F2FEFEFB3AA22053E5008833428DC6C59FA2F770595F311F235D427F379BB8A121BD901B96076A388DC4C3C61C7933CCCD770FF375A6E0CE9F535FE2534BF5ADD3E3FAFD71BF57AA951B6D4CFEBFB8864758A26154430080B06ABFF557610ECC93726224F155D
311
1471041E0D42F82F4891C926C1355B0831649FF365F46FF05300A7A790BD8ADEEB0D4AA9569A9BDBADCCD56AA55AE377F5F3F3EA2A34983A1DE91D810543138D7F28E57FF4E2B5335A3928B76EA1CB9B00BF158C8F63A2E788826896D0B5E7C461949ECE089144F8EBEFC7FB4D8C9C4E9DAD60F7FBE572B416C2F2423ECF8B
311
86C439E450DA970634ACFDA977629098D0B2FAF313A36B3869E37AF7853378CDA1171FBEBA95DF1E44FD5144A420588641B0055A79ED91CC0DC41E27064512FB33F1F04D09D0D2DF0203A646A6CECE80DF28356A348CED8C4F1EF137B9319E1BCD29867CA556AA97F7B757567006A447FD375A26CAAFDED9CFDCFB2BB0BEEE
311
8AA5911BC2C7F85DF88A3775389990AA72219D582409210F85A4E66F2987D875C30848023088FDF77E87F96FD7CBA5B9DCCEF4F4C9FC7C676777577B7B7B67E7ECCCE4E8DEE85E81A6D55AA3BC7FBEB242589CE8ED4770E785D7DDE23FF2587EBF57F50B9E820527316488E5C32D50F979BCA58207297E2B6D658702FFCD21
311
1840FE43FC9F3A5BAD9E97E6F21B9FCF16BBBB3A3A5A175B5B1787875B5B3B86DFEFFC687A72674F19D46A8DFDF3EACA59E405375ACE76FFA922C817CE86A89BDD92F400F2C55B7462F610459837D3A61ACF50C7471C8F2F2A9D38C3DA2F068007F80EFCDBFBE5DCC674B1D83EBCBEB8BCBCBC3ED0D3D333D0B3DE33BCBEB0
311
D8DA35FBF9F8CECE68AE020BCE61C112A4C1138CD47F9AD13F7DC6AB9CF9CFCFAF9D0E01FFE6CD503F5B91C5218E2899CA15098714848B04FCE5654884ABF0E554F11F6C21D73D5D5AADD64B7B9327DDAD8B0B7D7D6D6D07070763BC0F3E38E8EB4310EBEB8BC3DDB347E3E37B5842B97C4E44A0C630427E5CFDFB71E03F47
311
1E12CA9FF70E055AE141042DD81234B879EB4606361D9328149037D7D76A571A7E974FA20AD0323832713AB5BA7ABE3B3E3D3FBC30307070B0B9B645D93C3CDC3CDCA41CFC6AAC2D64D0D579B4B1B397A7C1BDBEBD7D36657A3CD4B2F44F4909F2B9CA597F4245C59DEC354316F0587020D0C661742BC02869435FD12CF195
311
C422DB3C5A3E2305C000CE6B7B27ED8B7D63079B5B5B878787C787C7C7C757C76C51B60ED60EDAFA06D67B965B3B672677080BB5329E60E9B477847AE2E9EB53E35779FD37EFCD2D0DDD68AA355B6B0D81860502B8B68C801F5C697E9AD62F4B406244CB975560BAC756AAA577675B07C6D03778C17E7C95CAF1B3ABABE3E3
311
ADADE3CDB1B1B6B681014470343EBA979F8B90383545727C63E43549D14FD0F927E5F1FDEFD7263058FE02EBCD1BDCBCA053496BD58E69BC44F9F854D4D979AE9ADB908824382AC1D4014E9756EAF9CE85B6B54DB01F02F8EA5908E0D9D5F1B3E72188C3C3AB67879B07C8A0A767B8B831FE5E7EB754DEAE5261460243FFF0
311
7858D8EF0D658BDC563A2C5EF5833C13C90B69248C4DD97842B61DFA7F210A2F6108A0F96B62E2D3B3F3DD939EA47E30ABF5AB2B903F4BE5F9B36757CF65021E616DAC6F60A1FB647274B4B05B2E5341B082D43278F67D8DFDA48AFF9A13F22B34C7586C9992BA6E66CABC190E313E7C811AA57304B421A75B289B9D174CC8
311
68C24548823E230B9A5A2DCD2CAFE1F98E61C015CA7E96B083FC59F3ED06EE60F360B3AD6F79787ED278D0A86FAFE00BA9220EAEFE1D5DE1F7855939C3FCC1332426B377F692406E022C010DB437EF009803F0DCFD3B7C94440571D8F2C328F115F47FD324802070BAB43FBA80EFDB92FCA1F7E7CF9FA875CBB327CF9EB08C
311
4DE4815BC4210E2CB7CF1CEDECEDCED5B757490968286899FAF95583BF46F9393CEE6A86D6F618CAAD9BFF0BE22B042412C5CFB50556815CC5BBE33E9F61ECEC26A9BCB8145FD10590078F9C9E953B513FAE1FE387FAC246E14F9E3CE7F5F8194BD6594140876B6B84C5D6799C61A16434201E5237582AFD75C07EEED9863F
311
463284E2E13425A036BD41061259289B6BDC1ED656FC8B8592C9D00701E27CEA749F0D8EF44EAD8C1F80FFF8F8F9D513191F6803384C800097F24069C407CFAE88136B7DCB3D5D4A60B711F19070D83235F77331FD35E715966889038E2E0B346EAB7936C4162043E1A1F144093695443A570144898BC4079CEF1912809A30
311
35A1D3F361235F90FFF1E3E0FB93C7E2750719F88E7D8E68123883ADB5B18185AE99F1D11C1238A792DC4BEDE8EC6FF503DF377E0445F68FAF4E08D43082D02170F30131A154206CC559A8D9CFDD762B31273E4947A581E0D9BB71E33FFA07CD02CE2A6BE1EC80167497F2A81CFA3F7EFE58D0CF5D5D170DE4F89070B0BC40
311
40CC17BEAC6B0586C3D3FF0309BC06F44B04A1E13729929B4DF73C44070692C810B08AC3012E8EE9EAE22067796288C193B2139B970B86F47FAD0F98382B1E035D9C32FD318A4FAFCB274F2E1FA772F94411B0CD42493C23393A685B5FEF3E1ACF554AF5F3552A478383374E6B2FDDFC4F6DFE38F4F4ED7A7FE838F488EA85
311
2482F412D3CB07E293D02C9F074F12E84C5AAC423271450572A385449844706475FD38DC3C22486A0639E5F1E38B0CFE93CB4B25910EF309A2224BD8DAD40C682C28341AD69047E8539A6AFC14EC573F7FAD10AE0FE6EB13E87B28E093B513B5803514DE408809BC12A14876DE0A25F643009E9176D9F0C330164285A7444D
311
C8CAF0E9FE41429EE0A2F6A6DE91C0856C501272404A8468822E24C807030B1D33D40D4AFBDBABB411D093D88C86D7205E05FC57EDD1F805FA4CED5920F0CED39157E007CE21757C5DE440ECBCB46CD283E378029B43FB077B4F47E60E9F61E8D01BE017D7E843EB49F50A2028F1E442FCC90C9EE308E4C0C2C94EAE30B75F
311
AD3A0EAFA57FE9EF960F14BE15638840EAF3BA490BB6850EDB38EECAFD21A0C746D0C4234DBD035EFC7EDD121FA585FAB73DB89FE6A03CF833AB0730E5E2F1A36CE3F202A128934B44E396961121E1F2C9F32BFCC0C140CFE22C1CA8E109B182919696BFB98120234F61B59F7BF46EC30CF067B21A33B0FB3E402448EE266C
311
CD93135A8E823DB31F85E677434E608F53F8100BC0098EA2FD6BC01770E0F2F2D1E5452A711C4BB8486248FAD756D852026B6DC90A2AA5C6B69E9068B8F27AFABFFEE8AB36F1D23985D5960014FD711940800B560250D2272CC54FF1D3A660B275AC3881E349689C1616E1E9044129D032313509DE4700BC867C71F128C400
311
159407C761022BA8A040F40A244788808C60B3AD67A17576279F6F946923191921B0545FC2F12AC0EFEFBD7262B6935679FC7F80629160ABFAEC88E8430E76D82A8DE62ACE50BD4A42FBF03B387B37FD321B37E31C3F063D99703F5160E6C9E5A300CF32A91E0A085A29C0FC507F6C21012303C6104B82C1F1E156DB3229D1
311
A855A32A8352C9077AF733A0AFE0FB3EF81FDF2F0F82C21B0EB06998866878B103305E31EC17F4FD43831E570A2118D1667632D4FFFFB125782F96168A833DBE78C3F11F8383A79D49F58F1E3DBC780417AE6581381E8610604888E2913E12492881274822C221AD04CB0B1D273B8542837460898C686864FF6F801E8269F4
311
0AD0481DFAF5E6E9C1F3BE391C325004DF0746A4E4448F7B52C0D5EAD39EC46896B888C4210D68E99DFA2820DF7FF850EC407EB55C3EBC5028611409BFCB8889C90F1C52355AEF98B18100094C9D0EF6F64FD47E5CBF3FF5293DDFB4B50DDD54F351446FA1F14580DC3902C085F593CB24ACC917B213BBC11B3F0A61042FD8
311
B24F4FB9C4556D0CB9E1A880DE89934CE9607F18F81FDD950DD0E1D143F41D56110E227C250621FF098838042BC85B5B6BCBCBC31DD37B34966E9FFD9936A2FEFEA9EBA4182E5CD3E17AE35501FCE0707E5525A7DBC64DFD077825BE37CE0BBE1BBEC061410C660B6E49912665E2B3749C7C9F93834022F74CDE6CA5EB501D
311
9CBC04B768292C5CCB84478F3CA83074092C6082169015E5800D5839DC6C1B58EFE83ECA513BDE3EFB8EF1242D2D4B3FD55AFE03D42F8492AF8A3F21444FA2FA9ABBF525EAF84C09F0168527B0138A85D1EC0443C467B28BF844EAF76323BE13D7C11F72FED783837B970FEFDE7D7817E077C17EF7E2A1C2C0FE851FE4C008
311
388C15E818958746129E1009D054B67530D6B3D8DA3D59D82D9D57CF70039FF50FFE0DE94089DB269C3655A4F25B38C49D0BD48E59F1526887C18FC5272197F85CA72862A593A4843CD25F920487DDF7AA0441A2C0600D062001F103FCEEA3D8560CEC3EBACB01CAE5A51E420349F602191E5F901893142381351CE17047E7
311
64BE50DEAF9E4D8C38B6ECFFACEB141E54A6865A88A60133EE9CBB4C256930B0B168C1C3AB59FE1743FB422C7166082E934AFA5EFA3E4BCE0B69362FA7041818B7FDECE1DDFB4D022007CA23E521F0700AAEB5888BBBF08023E128B4045381542FA256B0D04E28A0C3804E233A1BFB476A2F48FD135BAF9843BEDA3264EB42
311
BA499601F16B566E72C7EA35908ABCB9176BBED43204C696AFD3D7B24B08D3AFA44BE243D88A6D9D0B6562B52F741E1610C0EFBBAF2B0829289A640EC4C8A4FF66A24430786CEBE1E1E61AF9507BFB496EAEB64F8F49B4129EBDEC065EC1F8A3F228A3CD0950883B41BEC6D1944AE06147289600A7726313AC69A3F91197F1
311
438BCB743E76F01F6EF1D1C854071670FFFE43FF1EDED702EE5A14C85D0C42DF90B86068800659AC88981855E3E774A71C0CAC2F76754EE7CC87C808D1E1E0F6CF47FD4224731337BE1E39C5010823EE997B1491BBD99FC8D8EF77482BEB5EB2CF66499A8E0F7511B19B3EFBDACB6507BC78731B1B383D02FFDD7BE8DD9256
311
F7D0BA7B46015941097B80018F700FFA024CC08078F51806100ADBFA163ABA8A3B95B9D2F92AC30BC908ED31FABE0CBEBFFF0279B675868F9AA24E9530B08C174055B7F48E4F58002F3E82F0BDFA003E8B431EB6C4A91E4D9B5FFB791265BA8827BBE5F1BCFA7F789F72F75EC800F8AE43FFAEC42F13009FB905A9A0132015
311
D0068ED7682AC608BA6771038DEDB3B33082891FAB1ABF5614F93238079726B833958796B845B731FCB86316713C1DC581B1E19B424EE32674093F80776F7E27C6FBFAC85C536CD955B96EDA2A3FBF770FF4BE11845470EB3E42D022000E0FE07D161811020742162444668308801E133A4C163BE68F6826A5523071CA78B2
311
FED51F28F8C70FE4190073A3E5D3259D7A288CD19BDE623F10021BAB0C6E327FD507B2741627727EA00D31856492F9F009D7F152D930704E642795C1C1B336E0DEBB7F0FDCB79318543B25341F36802D64A981A690B94259607DE0B19D466BF8C1C5E1CEF9A3FC5C639FD6117B4BAEAB453F8EFBDA500A67E8BAF76C8A0656
311
6E36EE1184E8329419161F83D843D5DE7D8221163E145F56921C3EE383978072129E290A9B7166E63D26BAB1FCDBF710009E4051842390031845F20077CD079407C575F20364C4910ED2A574BC357630B0BCD8DE39335EB175646A698458F6A346F003A93002E846FFE0C459B8006E506D79BF902908A0AA05CB5E73530E33
311
BA1D3C2EF99C712B7C8B41DF4D2A7830BE8707485FCFAEEB85A09AB6D39BBF7B4F23E00509C20DB04E240822A4B810E04D8D53D10D504C059ED86BB8697F514777717A8F8144D48A4C89077F7EDB00E2D89DC02A7B975640A282C49A4AA84B70B12BFED8EA6584860DFB7EE23FCB00C6BAF7332FF259FA3C9346508813E372
311
F1DDE425065BB61FDF8300F7EEDDBE8D0C6EDF46F7D8823478590AE23759D60DA6B7A9F125EDE8F4A5D2B37470D0B63C30DCDE3D3D59A8D1501EB1B0A5377517BDD6E301F995E3F955F0F58FAC2E81CE172A8344AC03DC6781939D2484B8FFC15E8F3ACCD3954CE19576B942D0A029188EC7013FE59AE90B71292DE774F1F6
311
3D60230180B30A2EDC65291B6211B4081128856001A680015CE000708254891851D4B3BED0FA4D7166B466BFF1D2A924885AD12B387FC0FCE6819AC3AE06A7AA4B715F0927B74D119D4A668FB54B8A8C268D8B038A207D10A7B1E95E42195B695BE0240F7408B311257C23F581E987C180140C584A02B1670CB817CEC0A080
311
F259F1360E58452013200E3EC107AC1DF4FD7B0F6D23F33347F9527D9F51E6138E31AF35F1BDAAEEEBA3D71BB402E2FB47CECEE96B4DB85536772B07C82A34F3E66D0BCEC207FEB9E70643761276F7B50D5EE963CFF80C7AF4A2130F5BF8C4EBFB5F07B709840480DBD8007FB7EF3F90104908BA457D43AA2A6A02C9142228
311
5E5AAC143F3313A0CB74D9D164933B86C25587134E8D342B453FC982860D09FD13ABE72055ED020E85D3E312F74C25CB0293D978A1C4001927C80B86FD06349126EC219F0C735C8053D8F5F310817EA01F1B7851F406144C211C6362C27DD51F1E310C0102280ADB891E9B085CC528A2B1369A46BA195B9A2B351862CE4317
311
4BA73FB7CBB430A5798F4C54B7333B96C3224A9863AD02B9FBD8E63092191924E77C199D92887DA594B6DCF0112857162FD0949FE6A441F5E62E42FB2105BC405A2301A3424601DC807912CB2C39C604A27908021CDA30C4C8C2019A883B3A8BD393BB3546136EAF561980FB63E9E035FF73B96D09A905ACB2C11D79571C51
311
59026227DDBDB81396EB03F14100BEB66DE1FA9EF82C3ECCBE318119C4269FD014E66361FC8BB0B4EA9A98EF3D8848A01360430284335004C183CC25BCA82D2302EB03B8419241C64DF4F5ADAF77B533BE786334BFCBB8DA72BDBEFFC36103AFB30608A0B39B58D93F0BF42180841DD26BDC22CF0A770E90240006BAC65197
311
D90920131C7B2EB3CFD3C71C6378A305EE8488FC1FF8D391E2BDDB0F6E3F45E7C8207C419800DB410073A3173942CA8D5242642A74496FF115832A6314D9FA4257577BF7FCF8F8E8CEE8DEDE5EBE76DD3CF892BA7FB8B90F629431B5525E92A15A3A4A6FEA3FDD73136172060959206591F4C927196CF645AA285CF3014630
311
121754261C0D31E1A7E3DA2DBDB54B04703BDE3A4209F02045C4BB0F529A14BED07098A2A1CD47513DA64B512F409BC01663090796D787173B5AA141B1B39BB470EEBCF1E30F9D263ACC4D05110797CEF7B923B027F089F74D1D06F0A4D8C0CDA6604023FCA45B76C5CDE0BF3845ECBE13E0C0ED73700A8A753C1AC8AEFFF1
311
B407FC8A20F42F0D94019121DE304077A027D4112283BB8FF0072444D68AAD111D6F591BC0061854BBC048EBBE9E81F6A33A95C21BFD13AF3C7E7DCDFFEB0DE8903F77B41DF178E99C289895B0EA8CD640549D68935BA7C5294E0A1D66DA0CC419BD398E6265789CA1241441AC94532A3C19C95340BEFC68703077EFC1D307
311
B71F3C500859C11494838E902203A2BE90EACC5135B80B078804340C920C2300BCC06F7A1C71B875DC572C9BD1D84BD5FB9363CA6BA7D03E5C40FDFC54FC23C9B4B9DDD028787D89219038523BF64E638BB37CC25335937A00DFD32869C5B390C8C32FF25C8C47A7181B4A599A224A9DADB0E0406FEFF9F183B7448F081E3C
311
55024FB33828784AB61704482CD0160C04174F9E33BA9291D58C2F1F1B1B3B5863B0D9F3E51C35C253D54A23E560E2C0CB3A6F7A81382601C2079CAE96B7B1560D20A341E85A928A4E01083256420576C2ED477E2E565FD9223BCC691CF394D3D8E281501E0EE5C1C8159E92585D255CF30CC854C75318006EA4A01028EC85
311
3F9407C6053910BE105348324002260254886C156260F9189EE0F8C9A3CBAE9D5A992184568A69D5183A7DB97DB089FDC57AEE54F858FE54F577DBA85309640290F2D220952620750C5811FB772A7876D1E4040FBFC6474D51246D8B3FB378283FB514F8AB3C20B8BF7DBE5DE541C9A5D3D38DDB30E00151E02523081BC89C
311
2214103E0BC1B3D0199A08E002681A2613A2616CEDF0F0F9C5DDC75DA395C25C0309C03DEC8091A4AFD3FEB504AAC6633930556DAC86EE3561941E862C4A75DD6B6BB3A0C59BE153DFA73EDFCBC3CE2188D3D378FC976D0EF9A95B7C8532F527CE3CF539581E0FE501291E9139FFB65EFF5DBD8E0C18DE3077170A64E033FD
311
278F18068028802F156C3809FDEB11B1019C208D020C9BA2870457F0F8E1FDC7EDD393E3B9FC9C4308E9315704233F960E554802C14716B0B45DAB5EAB5E25AB7830EBB8D25E6CA94E4AA01794FB1EE164FE9F040FE82C940A4BCEF913075D087E85A7237D3CF29C47E4E676777779528C4781761F0BFBC1D3A77880E40C9A
311
2E5109180D5255317890394229F0F082010354082D574F1E3FBAB7D6553C2113DACB97BEB5526C7C6F69F9310A94C46CD89FF8F379AD1AA035FD00FF3F320180F01417A6F255A3A8D86319FE0C0B0E06A0DCD33F79841339C01E5BBE1911AFCFF7C1E0A540BFBDBFCF2372352686D863F83F59CB6865F43104007EE06F5240
311
6F680341102048A01BB048823082CBCB0B6AC48C313F3E7CFEF8F2D1FDC3D6F6F9F9D9E98D9D7CAE5EADE2A6512FAD7AB526E17F600C85550DDE9ACFE9D97E694513103BC69F8A2813176032C890C1E9C49FC09C61670FF8705B1D7386260E7C8E7122C7F8208A55139E8C8D4763F7EBF5728DF9C34677364E3A3F9AEFDEC9
311
CD95470788834F9FBEC512379890B38C94205B2557987C4186DF5C0837608DF0F9F3CB87B7EF6E920475752A01460E556919B2B64296FB9FB70DD5F47232A0F77465BF140CD001F00ADCA175090E2665A14E6329B62660E02A1CB50C6025E3DA252A670B3F0FFAA5EAD94A509FE7036B159E0D1D9F2E76B7AE1FD5A606198D
311
3A747AF450023CBDFD162278B9446688111009B4029B0F2180AE20A542D40610C073B47FEFE1416B2B12200F3C991C2F54EC2491027A816B0A34A9D05C6F437AC23462385DADD75642EDDA738AF1600DBE07EE8437804D2D011A94DF71C2085EDD40266A407FFA1D1C00B0C03927E60338E3B9D8C47D1F8CAED578E06F7CFA
311
A4BB63B175FA7C301B747CB377F45192003CB8FD34B12009224543D8604494011A80C1903CE0518C986208E1C5FDDB8FDA161686873BBABABAE74FA637BEA894A44078C19696F326E057D7F95D061A6B0394A9D5F2DCAAFE4C2388D8A6E9AB7695CB0BDD0A332430F1A9333DA41D1FFB97FA09AE84E738C75C407C260408F8
311
DBD5EDED7DE1570A7BE333C54F16963B46AB0C2B71208EA3D16EF4EEDCD7005241166C005A73C03164792151205C007288AE337B4D7103741BDE7B7AC913350B348B2D767515674EC6F72A0402BBCB41C81305AFCF05F2758D3ECAC8D26AB97606DB9581A4B7A8FFB068CD5C0604E6849046B70C2B60FF0CDDF93C13822B4E
311
82FA0479A68220E66D9FD775FB3C1A9CDBDB9829B6AF2F77EC9E0678FB20ED8D1B1A1A39D10F9812E20D6281F5673121AACAA9C53424000DAC173F7E18C3052EEE3E78E7F1160F5AAEAFB70E0F7775CFCE4EF384DDEEBEB9C0889D5243BDF557559FEDE5F17AB21E118C4C31A3DF6A96B56AC62180293910ECD6B721047664
311
BCFCC6B2DD3C65CA0F0C823DFEF84083C7ECCDF05898EEF158F4FEF97EB9C123F1B9D1D1A3D9F9AEC5F5CEDA84A3C96C14A55584D62893D6A54D8D2028D05C8B1F124884543F3223B29D208B04910D3FC43F5C52196AEB5B5F5E58E8E82610F08C21BD443801233C0CE8BD1E40F84A1CA86001990048031ABBAB11EF83F928
311
3EA89F181F2A0D9A9F62D94B7F625FD727E6A93F63F200F614F7CF100D4511C07DB45FC5F0CB4CA359ABE4774631FDAE85E599EA0878A3C33D5AD6430CF4C055EE5FDB80629000D7855DED3F436F3B61B3DC7FFACEFD2B1BC6FB0696312CFA477CE87A87070C7998E04FBA78AE3F915A065E819FCF35B410321D9ABB308146
311
A11AD5196CDDD7C477A171C8AFC74B45CBC6F641AB53C8D4ADA5870C02379BC0470CF83DB55F073E29CF5CE5F7A3F8FD62EB7AEB1774C2C6780B9523F9287193FD23DDB79FBEA513B45200E2E0C1B51350163AC19043C600F2C1DBF7DEBA7BB9B5457BC0D840CF325EB0BBABBB786D301437000020004944415472B491ABCC
311
EDAFC0591201CAC8EBFACBF367FE7B6E40E69F551BBBE7123E3C00AC560CE20C62436E8C3C54CC225EE08C0D74CE26148877689EDD004FB2BFBFFFBB984035373A7954EC5EE8591FE531348654514DB1D1C56411DFA2A7C212BE5ED91278F2851A432244C6822C29C85A8B320ADCBDFDD63BF71FD32648E7D098CD018BC35D
311
7FE89E250EF2AC75F96C15271602687965C844B8807C6E7729D93F22E81D39ABD62A0820C1FE9F11CFA7208125D33E96FD69E83AF6052DD32D49FF0802CD9F9DFD39260389A950887A647CCC99BAB17132DFB5DED35138FB3A060F6295AA5E195BF0BB56495A5A4A8FA440026E46A047D40ED2520A441C302D240F201FB8F7
311
E0EDDB0E12A04D8816215A0579E8FE1B1281E9F19C9900DE79842E2A7CCD48E9876EB01C75DBA0E0C8D44AB5512947A00BE7CF5DE9E1A6A6BE43CF1A78783DFD5A404E4477336C1ED8B18908B2A847B2AFE9839E891137A6673BBB96FBBA2A4B8E9373B001F08369BA11BE8ABC4302FD2345FD6014A127068427D007BE28B4
311
1D9B0D40FFB7EE531FA673C8870A69135B1CEEE8D009C08042A5B4EDA314920B635BF941E7487E45256439DFE9D276295F87E698389CD49FB394FE19720412DEDDC40E9CE9C6DD605E0B719FADC416CB15AB3A61F9B5B9B9426E54F81D8B03DD950946D432B40CEDAB7BB5AF11213CBA73C9BCCCDAFBCF06127C7980FE6D1D
311
C9B4DF14832D6568FEAEEBA76FBF438300B541064ED33F3AC0B0D10505306FD370AED02859234402F6C3FED006766DDED2034D90D119057225EEE3DAF787EBF30EC51ACB4F551678BD6728E1944730C095F13E4D81A4DFFBF67C5BEE37E62A85FCCEC6CC6C7BC77A5B477E22223ECA4FCC0F87E2A5E3EB782BDB25B8CFC673
311
6A044DE5A7CDA604526361D650484FE283B77EFBD65D52C1C73C4F48E7D0D81ACF572F2E2280F98FB230508FA906B42DE240ED651B301CEC83DE1790C9FD96B6CBF986BECF3BD332C18EF627A0B6EECD5B152E02088D03D828AFFAD26B05BF671B4F9A09A8CE0CD2707F67F2A4B3BB75B9ADA331C1305BBAC182FB4A79820B
311
7EEAF73199B8404C0B81231CDCBB871B80FC41FF5860E8E108222A1A076C29E6E03B6F3FBD4F1F295DC457573C7ADED636D6B7B8C88413DDF3B327E1046AA51040B40CB50C7E3F1D2E44DAD34CFA604029BFFBE714DF0C069908027EB275F1F366C132E1A7450B04011CF82B2B647CE754F650FF6E25BF37AAF65B7BDA16CA
311
A791F1D09F6CAB989EC5AB7809BE145FA459E8D3E4B0FB47DAEF093B946FED585B80FE1A0305FD5330FEDB4FDF79FBF6BDE81D8300CF6815E5F9896552412A03F31FCDCC7CB5E32365550CD9365FDCCEC8752E943161D78047336F8AF6539840A1F2E764FDA2970999F205CD2BD1F5CF496571F76EAEFA0E1CF8FD2A55FD06
311
391F9EEF8B9DC9994E72BEBEE1FC928E2F223EBA0FBFBFB4F2DF137BC894B8087643D64ADE6EDED67F7680FAC9060239E845FC94AE93D880F994FBF71FBCF5F66F9F32C292EA900F9C1E6F1105E81C5B5F58A067A448143842008D7275EA3BBA3D2516FDF02FF79260020D6B3C714711F3CFB61BFF56A826E627E82256F740
311
0FB387FEF23C1C1E77FD6A21EBB1B2B35F2F95E7760BE1FA3ABB3A981423477517EEE36FF96F122B942F6FB64D9502BD1B9089162532A2FEFED255028FE653C9F46FA321E0B588B7DE79FBED07C44106CC85133CA65190543004D01D02D8181DDDA5A9C91A7110805B7875B689FC3902200FB192E7DFD936B37B57D9C338BD
311
49E99E181F4E5FCAB2ABC1CA7AAB382CBC7D515457CFABE6FBC63D525E5CDF74B16378B9AD6774A58531912D232DF01BAA913DFB7D3AAFF912984302B84D0500077800D26C60A4742101DE420C610C2E92FA93056022EFBCFD5BB6B38651470CD33BD87630C05831BA864C85997B8754B05167F0706499DC442FCD22592AEC
311
2ABF3FF13F950039BF159FA9B36ABDB2778EFF83F70972B83BFD3F4899E64DD8346AA495CB155A7499F2CE39B0AAE755125EB84FD8CF8D8E4F4E9FB4B72E8F1DBCCB98B31BC4607C2CFF21C8145FB48EA0F2159F86A3098415609554DEFA7B27EF1301033DD06D274BAF6821D220DEF96FA4CBB60B3CA241C021D38E1AA76B
311
4406B4767576166766A6C7F77273F5F395291BBA19F64F2E3095C14F3E60371827741CB27E89543857D6D96BF9A47C6A9A26057840332EB843717AAD171880217B71FCCC0355AED3D4819911F79D0EA8AD6DA31A83E36C5DC2D470295C011302387069158F6C9966022367ECF1D00BA9BB95C389AE7B6105A1FB640689033A
311
7FCCFFEDB762189103A61C3A4FEFE0D6A6B5A19EC5755A443AE78BC5E9235B047890A65919A0D2F96AA3C01CEE913BB3ED239C3E0CD8DDAB99E4348BF3F8B977B6C43DEBEFBD7721A839A63B94C06A10DB87FCBFA3C2932F8C26F88B6D6BB30C3C4E09AFE40FAB52EFAA1EC0316920E031A46D65A0FFE45A673432E907FBCF
311
86717AC04F2CD0EF512D665FF53F05BFCDC43489F150890C60A8E0314E70A06F619D30D841189CA15D3417F3CD50191AE4396543F0C42BCFD696C58DF163F5B46D708BD5FDDA5E5E5FDF9401BC4F7E00E8A17520833D1CBFF495B5D1CE037C664123EEE74737268B5D1D3DBFDA6AAD8C08DF2C0BC7A737E10AAB2A7B958990
311
CEBF556CDBEE823CB09FB344143463C630CFFF585D330CF0320E921744A7918280FEEF981161008E9FBC78C830217A07B7D6985E83F9A79884ABB5AB383B4D7D788F9FB3D867A2112A43F19042B33A108690CF6F472F8661CFAC971478757F6E6F2F7AEB82FEA85E5715941778B278281F28C268AB24BDB470EF3303E09C35
311
9E9DF1CF990D8A096106E6A66C8620DDE7D281DF0B2831F20439A30D68386CE13E002F7EDA8D7806162B205D6A19AA1FABFD6B1B400EC2BFFDD66FDF7E8755B4883C043F43046C1326136680404F1F934EBDDFDD39CB58A98DF1BD7880E0532E671FA1435E9D6EA5E9071000BE8F262E7C4044FD95D5FD526EB40A05A63477
311
5F32205C3D779FDC168CD5E56BF982508BF572BDA4F6F57D3304BE9EB18149461B12F760D7485891CA47CFC44909136FBF4931716A2E100123FC6CCAA6A644F25EDF4AC980B14039009BECE8B798BF69A05DC5B6885CD23F8E13A46FF0C0A986D617F001C52241801E87C2974C31411DA3A5D7B6175472763D637D3E57C33B
311
908F867F4A59CFCA7923375E5F027A983E18BD7BD4E6FDDBB2250C1529F4202EFAAF979DFFB1F2612E87EBEFEC58581EDB9AA95AD1D7C1905F7305BF8182D5BBB524D47C4E3B81CD843220DE1E6536497C0962C225F75A2D6A998303B23FC501F0B3F736EE1FF01200FC8C99F5515207C9C40081DF304C0A17D06E26CCBC5B
311
3C47459308178301FA8057C2C0AE9D99B05F038828B08400F2E3251254DD7EB8BC4853B101F99AB48E387457C96951E5DB670648BAB70A7B04FE93EEC5F5B183F9739C98952C6845C380D401B8FC86E70A20744EC720E09D35955D96A9041720196D183AC2CFE6AEA816652D0234883D788BEC8F5DF2615261DB031C238109
311
2401B48D8D2D870FECEA9C3D99DDB036C8A051058030E32190976718C89F031DFBFF2EEA3D88606A8A19BD0AE305BDFD12BA4FF46F1A0002B07137989C748936E9DB2C91F43B07E4E4D16C3779CF5A4FFE8CC981F07C29E34B7C012AF0054FAEA4A6A3D49D3A16D2B3CF220A029003366663053C89B3FB1827080DEC278007
311
6FBFFD8E39810CB0593CC68B5D9009F2D400418028B0BC6CC74067E7C9CC0C2690FBB084AA5254A12AF63543B35EB40D17B693F7E3464D5094C00AA9E04E0E0524F5C35C5EC6BA94B21AAF2440725E2A9FF94FE7A8F0E769EB83FDEB039B631B18BF396F5C13CF89ACC02C387DA56DC3B1CD84B96CFAAA37B55FE723B61106
311
2258257D331F186AC93D8AD600B4FEF4AD777E4BF68F2168FF08C081A37AC13446C859964803961928476D78F68419390D830C1935B5C2A0A22A3AB17D3D6428BF12DC373B8D464E04C0A496BB3B3B75639DCC2500E0F0B15FB6F47B5A7ED0183A87CAE8D535F2EDBD4B3B7FC762DFE65A07C30B2851DB890082ADC07131EE
311
EFA3DB7DD5CD32C0860CA83CD4B7993A175F422A8149B1C1D94C1145059D9C78A8A572A90B7C8B1E3392FF77A80C50220880FF3669004E90F101740D2B808181455A044904674E7482CC3EC85C4BCE339404C0B0BF6A5611E4F9B8157BAB6DE327EC9BFBA1B4557ECB609C1F45326499EFB90EE78F18227F09E563C9E63D84
311
7EDB3B68EB9C39E95AC4F7ADCF7D87F6752BB6912040281E4A0D8A8314E80D60470999B8A51FB1488A66A9F3F81FFA61C83F4FA6969E472288FADFD61B005E0EA4284822E018911828E868614DA0C36E11F3A051070BF2F0840E35F200E2C0C80A776CC9E7E6841C0503D0EDF15ED9AFE527E798D23BEE5F0604E58DFB7099
311
D739BF0BA5D332EF29F1535995BDBD0DE681C4F71DFE6A7AC5A13554AE6910963E9ABC9A0DB5B202225545F5CFACC942B5B93C207352B6E5310BF349AF200175D7DFDF78F6D683B7C87E087FA9B35812C4F8F13452CED610A2207541E6D659A739441F3833CD0C9C3C3DC2B0712F62333C4FA9327C9CA1124904B4FDE0FE21
311
C119776CB0C212AAFBA5CAF80EB43772ADFE77CD9FA8A4144C54C2FB2304C65F62FC3678E4F6C68F30FEE1BE8383CE7DB86F58B1AE0C51F0F055E188D02F00911DDB0991832228B3172B3E623E513FF1734FF414A611A603163F401BEA790FC9FF7FC3FD3DB02DC00184145B850D01D120424DC03C00FCEB7880EEEE939399
311
F1F18DBD4AA54C939899304D913CC2D5CFBC55E50C7FBE4C0E14AEEF53D6843DFF56BE2D554637EA047D3C210E2C61077875FB5B40E19F43AB7470CAFE1C0D3ED3B3B4778D1DF6D4F837C08747180FE8394F2CA1E0A46B6DA62CE2B2DABEDE0B1924098580FC16B369730E9E90541D3730D47FDE16EE1FFAD3419CDA05ED1F
311
2715C607F2E81893AFC5936303F40EB776F1D808BDE393A3FA401E1C706E154C892860AD74A2949C409E28A8FB3349C764D13E4D1D3468952B7B1B35001BF41142CAD58D6011C8B78961EACAB66E9AFBC627673B61FFDA4167950A274145BF11EA17BA9AA60815C2C43AE1F648E3772E53C94E6364AF826019E723069A8AA3
311
53A3BF7FB5359281700061FF64C28C10B9AF0B70B0B0D30A31CD1CFD22F68C76DA1E44558869257892363C091D313EFA46B57C3BEB252E9C6BF5B4799EC58F1910F469E25AA17B343799DB3E33CF410061F96C6D63FA91B1000CEBB7D2971BDD39A2A76361E000F5DBC1688D47CB812DD60F8001AF25B328D173A9E4BAC18C
311
E9F1F628704330741B2649B92E9714447C68559C6CD2F681919367E4811100750058809D0230C087A89FF3C80C23C4C60882E481F48D531764BABD5CCECA308DE2F63D3BB50373D630796126803C2D1FBAC148F7592881B395ED7D26B7DD38D7096AF98841CB37592561D9C6565317AFBE9FC4AF7371E060736C7635E0CBA1
311
809FC80F544DBAA1F2F9393D970D44C0615A0C6930E758B9E63AE690F73045F0C8C0731DE9CD80F718E94652383458799E02C06D328010011C7090D8C5E5336A83D4059953877EA1E1D66FBE994F04608C4C991917230FB61F9AEE183A40AB9108D032449FD1A7283DD25ED15360EF7EA9303EDDC0043403531EDEAB10DFF8
311
7F5E2FD56DF0F1B701A9F614DB17FA0E0EDF6FD0B1622A81FA3D1DE5A33F551930335C353A87F9AB05C60455193448246944A232C5D07636D864CDD7A50D0B4440CDCC465D1C418321F50E1648D500294065D869559EF3C40C8FCC6C323E989AD0F0C73142480B200842802C061008B480A9954AF282052B3AF67350FD0DD3
311
0D1F4075AC303A5D490250F5400ACF479656861E4C77AFF327F3EBECA4B57B6B6C8FF62602BF150744656A87DABD7BC6BED50527B2120C001A0B3718C74F0C65CD34F275164D7968148DDF259AB8AD6CA81CDA4E8819509B996A7F642D987A401A2B04018C01E6C169A8700F9DE3B489DB2BC49C9B7B858A4F50D22AE15428
311
FCA4A1EDB20C83492690CFE361CC7F8C8066FFD0D77AEE797977F468A36E0B0DFC87F90EE6348BC748F7CB73B5B9DD5C6EE7AB19ADBF6DF359F1DC2A0F9E44F213F8041F64274C0859A2AB7C37440FEDDD2F95BE44065F22067E3EA0CC3BD8C0D8194EAB291CCEE20B9CD8E02950AD806080047A279F19024C837C84881671
311
9AC4A34DF8F0706CED904E8185753A458A27E4C1E37B5F30A104932BE140E0BF4E400160F320B054A8705042FFC47B4940810173F9C9E97240C7FCC3F3813EA239B745DE9F1B1F3FC2F9330374DBD1A7B475923F9A2ED81716D18D1B577DAAB9D1A0458655AD3CA7E211867AE7C702DCACCD291E0F798013DC01BC32608777
311
5C0833E04EA3778FBCB8DA4687A0255CA0AD210C15661E4E92001A4449031D1DD27D327334BE830B64DAD90CBF537A45FBD4E94A7A88888E715B7E74FCD040E818BDC1BF5AC609CCCC015DED23877080FCDC47BD8EF3A7B783A17D33F3ADEB6D6BC7AD75EA7C7852C5B6FDADA6AFEFC2D181C03F8C40DD8A4AB5024F0B72E3
311
4B57BC1182472DC80946789AFB711DB7F1193C03C893B0345F420246114D3EA71D04FBA731C0DAB0D3CD311B218F0D5A15ECC105D02F3AC32F13600084731A83220040019B03180634B5923D438300B05BAC80881F061095FED5D572A3323ABD83F1D37A2301A8C930AB3F66ADF7CBEFED30BAAD7D78A06DEB6A87F15491F5
311
AB7E25842B6B34BEFC12C8A159F187C64B3CBD2356DE5FBAB98BBE9583F0E3280C0076DA15BF34C15238145742B07080B1EFB83382F9FEF2239D003541041083C5AF9EF3C8944DC2030BC3ADEDDD9D27475800693049E05413BFB3FEB4308731512F13400D06F813368A0101D8D863EB3E75FCCADED124F532AD3F123F131A
311
B46A93DF1ECE7F96CE9EB6C365C6D6A07EEC461FC919FE288AF7AE1A7D012D291EB073735FF26BBB1C99FB706E972192819B7A34BF22424BEA1CC7958AC2E04BFC8E02DB90A4A1DD04811ACDBC181037864672C78F6C0EC3073A40CC49D5E813593B7002763BC6A909D31AC86F3F6E335C9E1C309BC58F16418642E2AF6B29
311
0A34FEDC0CFEE08FCA0F56700699CB73B9C99302AA17BD516D7F1FD755A2B32B3FBE7134D3BEC813195BD355020A7DBB541539CD2C06E45F46FC0EE08293E6C0E1972176D9B678340AA1A4823404EF79B1E2347E47C35D0A2260730E0B513025DC0BD1C07E3366E9B9D17F767405FB531070700035618606F0B40C73C974CF
311
D321B0C174A80C0F3AA54945FFEF348F5488895713E89B5C98DA501E06D8D24FF04FF0CD7ECD7BAA755A854EC6A180AD13BE094E8D5D63BFD6DFA5F5D3E4DB1BA18FD8473DC6E17FFC9832B71A2A94D96E808BB53F9192955D62C82E282B05168AA0927D54AB20A20A74800B7CC9655C8B15F62377CA4C91641F9F4D0478F4
311
FEFDCE273A002CC0A725EC165CE3A149F0333E8E9600B2C05A7D15FD831F0938DBE5D0FF13E3C0F0765965A0961C3FA86DEEB0E28304747BFBA5FCDEE44C23544F7BB7BF7A132DDE34F99E44EC3FEEAE92F667A10F7E90B0E8C6442DF5A5318B0F816311DB2E6DC6F172C363FC800EE09186BB9EC82A24C0117700CD884AA4
311
2023B81EA6E0CF8B3056411110D78606EBC5AD5417B45BCC8E61EA01C4006AC233933E35D860BC1B6CB9C9CCCE7840D2E0C1C1FFC11CCE54D59300F2B47D66A10F09D8E24B71B9BDDF98FB62A3B897C53EC88D16D1FFE8C649B17BB8E760EB20B784F52F992544753F2CBF642CD3C9C70D8722C197142C567E74FB431EE248
311
A8F3FC00377F5142144A82FFC28AC2970A780C85A7EE9146FA4B2981F3C93BCB0F3FBCB6DD3DE69C72B6073B99140DE28B8E919D9D9E7C2F5FA99FC1FFD07E9AC0965CDAEA0A945FADE52C791EA989E8E7A21A355FB37E44405D171B98A6E946DB26AE71DBD01FEF07FD378F5B4B518724481820890E7486E3FCE61A60E096
311
D577701890EE07CA5D7F2B086040749FCEF3F81972E510A86359C9BB579883035887542090614E5C4461705D7CA1CF84DB564838606CF1597E8119790D021080C935A908324EDE9F60A04B7830A33F0670CB08605B8D01BF9A3D435693FAB4FD84EF6754930640C1F9D74B052A7ABBA9F502B39DA3BF6BC7514EA4BEC71D75
311
2BFDC198EDA8DFE8F32B3EF811E4576B0A2074B99B070A069F60173E7427BDF285024E35A4418B7A412914F2800F1965C4F1120A2D5D2C64400563D5942044807BE7C738EBF3034C4A6F4D70C04ED1F97673C039FABC4CFF18866E08200BB66BDC9CCDCC3FFD1E43BEFC52C317F0F5E64900FBFCDA4DEE68768FFF46350E0E
311
DADB7B34DBBEDE3776BC55599AF84E312229F931E700D04478D66A0D88D09B2276141AF0F8811C5F8067DC04C0F90929F7F1AC9CCD368488AFB965C97B855A3E2E93AE5B4866502E55991B82D4388614F2C36B8484A5FA06E3EFFA984A6AF17D5C2073299D9F12FD63826F67FC460E54030981684E9FBFC22009A300696228
311
5FDF4FC84B699FB5BEF3736C6072F6844C15EDF25883037DE6BB7AFAD6AE164B367812FA8CFCA6FA25725D99AEC5C6EDEEC64ADDA2BE0056002032E1D7A20A54CF444E360D520A5B69816C0A953CE0434A8A898BF18E2B704588C01BDB2133342F5404FEE698957C200EF54E31BE6DF4E888C9C67F5F3F1B41F922777E7FA6
311
332677C20098C59F762F5DFE4A23F9801A3BB6F8A4F66E0D40EC867E92DEFCE84C714FC7CE8DD3DD3BDBF9C781B1C3B549FAD2C89D711808CAB100E09700BB85240374A7209212F320CA577222A7020E7824500179FC7096C714884BDFD9499E027ABEB3CB0226CD293CAE6E0C41A6788F396606A073E28CBE5CC67D584D36
311
CA39D37974FE1023253E3FFB007A26F657FFC901D851130DDC2BF54884F20D5D40A0B7E5C7BCC7CC87B84F2ED820192CCE1AABA1FF24ADBE1D03635B5B3B53D4A5F84120125FADC36A0E792D3AD7E255792CD5241A4C84171F1104090017DA493D0A7790A7BDE6DF326180398E4B0DEADA5C2763825E43E05C388E184678C8
311
8CE6422606C017F030366981353DF03A753DBF6370879F79889DD0BF75408724DB53C5B0063AB6568D02DC47AE4627B58D7E367A6000267E7840C23A0940B992DB98ED1C4731B4FB4DCFB6D3EAFB6CAC7646F0335C5031888CD74E2103380260AD47176D703960230370FBBF28813524C17FFFBD6288BB28E4F905ADB4A788
311
B40B4A6201C1878BED224DE9906C4C79EF32EE679B9F5D3B5DFA137327320643909A823F62106CB8F9BFE4BFEAFF0FC7A6393EC7F64A698EFF8ACE31BA05ECE6DAB6DF124118D1D13F892F3D3530602E3F3ED3D59DFB821ECFA3D9AE85B1ADAB9E328DE738BF55D5DFD039445AE76D0194180F57B15BEE5F09C07F952F9A10
311
372BC894CF7DA12CF6507E2A8916E0DF430C519485C55D61EFE209912D8C32866214E121611E22A0B1238DB18E86636A3BFAFD5B4EE02FF1E505F902BDF424D0516907BFC95EF3A76B6B3872769D67E25B548F0DA46E2B93DFDFD5F2B9E9EEE1EE1DCC7FBE6380DFBF38A165CAC73DF912AD76A4690D2B766A3EB4AFA2D05B
311
E543EA20B095FB17AE3F1928D84482049B659E671A4763CFA567C08824913D37F2F92F841FC244085C1681225C04AD6DE1684831682CE0D6096B56101C0D4FB3A1BD3F11FC1105AECF5660BD3FEEDF162B0D9DEC6DB55AF27FC98050BDDEDFF63ED14B01336053A19DE9AEF5F5D9E9D9F9E19ECDADCD497BCC57681922F327
311
EB41FF681E17C1921B04FBAE371AC69E53F98183E91B84897A5DB164158BD1D12FF6F6BEF0E02847727BF2628F9FD48B6FB11DF6928C868B29590A0606F92140D0C08850DAA7DD8A5FE8A50389F61288AEB743E9C801BB67DBE0A7F64F63BC87770FDF57AA73FE1F5A84F8DD3AADDFC32087FBC0A7D645C327B97D65E7A8BB
311
A76DFD9BCEE1B1CDE3F5F7CE4E6DF4013ECD7CB60BD1239E8A4E9A5722AD9C4FAC8F7FF17B214AF8801950430639A08E3ABD05A0D94E253BD5951C885B0CE750309070555FF21F2EF83FF53F4E15038B8D8A244740A5C9CBC120043DA0B323FB1DA0A4EDA268C05A304619505000BE10415DE898809DB6B66896E60AE347ED
311
3D6DC707CB7D5B5BC374A158EDC343D0EA61C217D4878CBBDC1D85686782C3CF4272E7DCFB5E9EF628F5A95AC1AC0C6848F5771329EF8DF2BB79EFEDEC8DBEC72EB7F245287FD4B31008AB38EA4D52F2BF57167159E3004CD8950E217DDD6F699FC763E9D1A0AECC701F7BD4430A3E030374066938F883C01DE40E7DAFD609
311
345E33570F4CE6BE467FBD7F793B5AF2A9D331D86DBA7BF98067918F9FCDD609A0384B523F4413B574B818C6889FAEFC5E7B8F90CEFD62BC2C85B2478D54DD076635BE434FCADE68B3ECF1C8708E27863DBEC352D87BCC7A92A8E135700CDE65BC114026DE5DB68275E656D2C0D4087293D43BB4C9C14EA83C0D806783B40D
311
D7CD4F19EE9F33801F55A3F1FD600017A6CD5DE607783D5F74E34680E7DAB98D99F6E5B5ABC7F7DF19D8278322F6A97FDB2FADE1539BD945DDF868EE2B8B70D9EDAA45D1BB0A5801198CF1DA891540474745BF0317F8A3703E02510AE94B084221F887FE950272D62D4232781054A87C58D015CD45EBF9B70E60820A2056E9
311
D4D619E8494BBFA68B61EBDD8CF52CCBA124BACD4A4077E8420A7F36FCDAF661E577B792A7E1B7E337C7CF1FDEBB3B49F501F3C7366C1730E793F51FA20A9C3D2E9F18E63DC277449054CEADA36DA0807467D45F8A744E1BDED725A033868703F1392BBE221158220588F30574A0B0893D0515B0B7C404AD0E7F40C11D504C
311
49BD7DA39A85A19CD7357DFC966E5D92272FF06D59CA5A6A1C8AE30E52F1247C1F1D78F81887F9F3E387075B170F9F5EEE4A7F5BFC69DF02FD8795FCFFAB472E7C88D563DA514861B85BD41594A75F5E866BE69471110A9F75C8609C7E6BF6C7C727431EE3E9E3773D2378C25226E82C08104A57ED273FE0921D6990E02B00
311
6BD038263BA360355E8DC446A380F0BA35FA9945A80CF60DFD54054202F91897C241C147D59F8E0FC67CD0F2BF377A3463F8BBBABCFBD6833C57E214AC3F5AE9C2FDE88852968F20337972C7E04EE5658223008AE82D93BC37D8DDD900BD6B16EF221F0D4149045D740A8A215D4FC186C658E01994B8CCD317465828704BB6
311
30DA2243B3B4ADD3EA554A97408454148C04A1A0CAAC2E04033C04073851F54380E0BF2DFFA43FAD3D6B574F2E1E5EF6E5F4FEFBD1CA87C161FCBCF5C7AAE2F726F814027BAE10F79BC3D765D61D1803952210A9AA07F8C6BB2105B61145B324F96014EF223D4A9261080239F03FF6F4DD4975C183B887E081F7A467A25EAA
311
0C94028FEB808637768B07400A8235D4EF33143253198900E079E3FACB0C59B00F827A5785A6FFE2FCF0C0E6F1714F11CDE5140D931D707950631F3DE877F300002000494441540ADFB08704E252AADE1BD4E8DF55796A32B9B6F17737C67702E5C638682737286CB0E0A89B624D5BF28222432848C9AB8C07170C97B814FF
311
492A61072407D638006F7C8400860444C01B1930A522788045633DFA9507267A3A42BA05925BAD705CDD3792FA23C1075C6EE768A673919EB6C3FCFE7629B7310AA794CC9C0D14A1FB88F95C845BF22543F57996E0B26C9E4C2ADF187F979F8A55F11B47BC26594C52588518D25E6C2B1CCED231EA1B748F093E5726A21A54
311
C91EF95789041030C20FD5AD68613432E19A4D0DA2505B6BD843516E10BB00AF9AC315EE9FDB39CC1F9EA59CD88F9CD071D470C86C4647FDEDDBB1CDAB81DA94034747A779F4CED497CFF817348F69F52E55490840E48840BA72DB71F3E84F6DA2F4717AA928F153DA6E4C7E8E00363CEC9A2E1C8E65F298FC4A52F087FCDE
311
E5CBA38A80CBE11FF7BC2AFF249203FFAB77A128A001B1987BD334AD9B901890A8C2005B6B248196AD09C0025ED841325B31845032E327C531C839E66DBAB39566B631C2FF0A1DA5A3CC47E665AD8751B47CFE33899DF047C9F3C365E3B11278D49DF939298E09002F6430F9958803309827A7C791048CA070061B7E9A64C5
311
57D235F83EE24822E5EAB805F9862F20FC58F483DC0EF02181F572930205107E00E523861895A2811309808F2B6C14B2AA579E893753C155D2F54302007E9FF36AC5FEDBCAD47E182D91A73920CFA5C18E01F8FFF4C3F1FF553BCAD0E58DEF85DD63B91BE38ECE1A9FFC4AD4A1FBA30D462C328C5A0340DFD393D3D3D3C065
311
9195C96990F391EFF4175213BC74C020922D4830FE215E76940962BC0713A3B82784C0CB6623DC40D6E1485BAD454F6892200B225096127FBD82D2B12006BAE2E329C771E25FEBC0DAB3B5395289D56D7A8A89081B34EE06F80F819EFE75C67DEEE95D227E283FE98A7B9F1C97D2D05B4D07A469153C3DA3048EA68FA667A6
311
D90E291C7D7E2D063E4D044964D055F2DBF3E31BB851AE9F78A0A7314F0AD24901F581D74A6929142039C65AF5830D1C809536CDC05E4BA51038F79D713DA930CF18BA3010E385351CF47F74D439BCBC793556A1F99814926AF12835E251C59BEA3C083EC2B2760FEBDF4304C9EB87B35769E1EB24B648542CFA4EBA9EF93C
311
D42F03C08F249A2C98897D8E2225E90077823F4A52171A61219998CED6FA050992B6B0A74A2220ED12123004FB977084208F8E2AFC80F456CB110BCA647A3A0F854085D84FE0052BE31FFE7F925610BAFEC06FC33F9931BF063F39DB3D1BB20EE357F594045F4226131578582CB055A59A073AE0413989D215019B6EB8A21C
311
F154D71164E0D8F4E730C2CD382D098DA5261456A425643686BC8301710F2C50665881399156AA2B4C3191BC555728384800CE10040F746A3D8A80A5F0E500A93456FEC52833BBB45203DACCA37FE1D3EE4B9BF0EC27ED47D89B8266F11EA2DB8B5A8BB93EAEDF0C06B7AD0402B9EAC6E787365535AF19F15158308A9D9785
311
C1BC1C01377F8C6B4D07B50DAD25649764A91DC9812C7B34CA98184084F7C01055466B48058CD44085AF26648520C85C41C67805462D8425680425559F4440F3ABBE1F3F81B1EC72708767DDC8FFB6465796C8FE310FEABE0C9B242A74137EC3E0427091967023299BE5D6D4D0C6D15747DC2AEA4ECC57C72856E827D33CBD
311
319D70FF854369EB841282F84B7CA4881447ACFCB257E252E00FBB3272120A75B99119840858486615636E0E0334031AAA8C08A62E080053A0AAA4158431EC727A084021D41CF5D630C94184F6FE7432E8F5F9A4FCDF3EA7CF136FC2988093F98ED622E38E4976E1BF0CF49D2889E6DF3566719FE1F9B47A2D3BF89C69155D
311
CF24F88C609EE551160F0415900B4C48FB013D8900A9192A700748002924771A3686A0A580FE4009E00ACC090253E280B90AC15048E047020483A038A60ED232831F2CC90498648690D960C48E439F18F4DDBEB0B6F5AC7B7B89F6230243B4FA160A7B9327F3AD5D937C8BFFE5FF8B3A5E64283BEF8EAB9F71159514CFED62
311
DBC880614AA1F7994CCFAE7D8C87057F451733699B8DF87056E1F0654B5021E38097E4E23221B810DE20559AD183A61C2C88A648DB096081E9801CA00BC1DA0124E08DAAC15FD2936905CA8DA1C40E42B13F1764E0C4015EAD7F8BFEC99A310B1B7C0BCC7746D3C0702759C89EAD57122092122D1F857067684A578F1DAB7E
311
AC400841F493A468113282FFE42316CC74C756B1C880FE78795C692813CF4644480EE9B02991BCA257A71861F00666D9410288487618D120D0E80D7773E2B7DD180E100EC98B221C94BFC4FF531A09B986230F1CD08378A8E4D0FDD7D9B1BC75F5C12EAD7FF83F3ED19EB018620303C217A6A35D826E72ABF2D8E2BB1B783F
311
6E48D2E3F360806E1D192085D022103473A10375B63853EC54F500B5B064DBC20945B88160DCF7E4F83A0200BF6FAEAC88E9F54D22D898E43F378D20B51B5D6B1457000922202800DD401A9266483029C0D6D57ED80D42A0E6E08835F0F3AC73D7FAE6D56185F04FC44472B854EB7D9CBF7134DF3DDC35A9F6B38417DD6F50
311
8B37C1A718B0D054124176F7222F62DFB327F34D451799D56216880193254FF782D7DDE26C271BF38C6E422E271CE4AB8823C9510F021126A7A944E00DB4031D013C88EA0746C96D4574069BD5439C4110403B40020C30B07A604F1E41D19C21A93FD9002DFC35F23B1E7B98E95E38387E3603FE7393680410D702FF9ED5A3
311
C5E5CE68B5827D721FA78F3A9A0C08A79722D9C9B418F46C0057BB1640C70AA4A03D29CECF33987596D53CFB27B32C3BE304C540E14BF8464E080918268D254838C91A01F0FFB99154FD8A9C0495EAA6534A6C464440B4A71E16100E7405088122A35F7A511DC003D002E6C8E7E15F6D1D2FD09014139EC11FDC89394621F7
311
7B9F88EB5A583C41E2FEDBC8F82334494C0BFA97FF3C3A34ADE60385B60E5A30CF036E5E75370BE3B83AE73B3B7DC0BB337DA0045299ED0C66681E4AE223D01B1BC3BD4C921E2005FEB5114739040758189BA8A320067B62A3995E4720055065AC2B4A8006BF8CFCC907C0063EACE41813C5F017065AD46CFDC6FF1BFEE052
311
932CA3478C8E5A6F25DC8503D40F61FC1B047E4DFFE8E84407C81F1AC7B5C79DA358551CD0D13785A9AEB38D6EB68A0A8087FC6543E7471082873CDCE5CBEA1EFC5CC0579469E225428E9A43D6A6000B4219DE52E8DF00A55F4BF5035960661C2DB88AC1F67C2890A93FC420193C8326409E7B595FBBBA9AE1D1511B3F6D65
311
B09AC10A71C2317201A603E88C56CC68C91279E83F5C147787EFE6C675F00941D23EF092920330982DF38C65EDFCA89DA98E8ADDECCD77CB86D85118F3DD9884820B1128010D02F1060F582871CC8FF42024C02239273A1CC3BF71E770DFB7E96081682803188118B50310BD620234F230B12711B063E0F0490FCDA9248B58
311
0D3D3DE944A30CFCF2A1E0F6E59E8FBEA289CCCC943785BB8880ADA9C2FD70F6A13F5418444E3A669273C006C4B4EEEC067827539FFBEA9CFF04D84E7F170480037005AAC8829084329899F90B5E013927F8E646514B4824B01D11F72C012CEACD163B6358A4454A4221D06E68A71062520649BF9E9127D0772D6E5EADED52
311
FF216BC2FC513C7D3C5CC4C8AF009811826AE20203B076A2AA66D8D32E317DEE0EFC000FCE16D9E0BEB17C74AB009256C5D8AD1CBABBDA61402612C675FBD72D07E633B1A42F2421208CE01397560811204306617A5141706105C9F4984C459F2D0F6C392FA05BED808512B0B9A8A9FC6CED89640EA347D31F0DF76D3D9E61
311
E800FE9F7601BE4C9614A1C58E6C839F13A12D0EB426DE6386B82369A9E6A7F1F9146EB578A2EF4289AA109B4F6CEFEC0463E0072A05CC9DEDEDFE08407B173B8AA65399C80B2911252E6290C82CC1B8909140C11B7AE161B42B93905045D017E00CED6D27AAA15F2C2179F1E83D411A7020B9408D202381E7E5DEE5A9E7E5
311
CDE3B186433F488AC81554BEC09BC579018ADD1DCB3D9D70F02B14BF9159A4DA376225FE43DA224FED327941705DA582B2FD1BB5DC0540667B650BECDD1D5DDFB0C7F36DEE2B94F6EE2EE4E426F20A1174C31DF153321A24114C4FFF25E505475F6906D4149B21F1BD9D9DF7B059F8E0FD83323CB97991FE80EE131A9003B8
311
1C491B218B1D42C0C0D593D9D548003839DC29A740298B0C23F0CE14BB167BD61989AEF0B985C8FAC8F923A73F31953989F0F6C96CA6C4D0A9A88184BEDBBBDA3BBADE77CD8E2FFEDEEF46184A86671D7DDC51417477BE9F04804F305AC82C2D018A21EA903866A0F959FBD4139916D036635EE03DDB7408BCF0627A03027A
311
D314C09B0A27F0A79490D53839D0DAF1416995CAB24101FA63F75029D57A4CBBA9FB4D120ADB17FB5A999FC9420DFE04FA670430B90FE7F589F7FE8D50A4B5F004CE5F07EB4EA007F8AEAE8E8EF7DB3BE2F81F42166C7246FA9E62D02C8209BA1024414C483498B50229FD923F2414040B2081390AAC353B5283EADA12A30B
311
1080866D746B9ABF5BC107F33C2A015B275480759334B83AB02175EFD0DEC785DFC505E0064F4EBA5A97073A74C5C9FEC97BD25D819E28AEE661FD2732B8BBFB1BF13441B3C1F45E8AC1752BBF80C113DE960E0AC7D9D02C58C80505A19BA0E84B14402601A590A4AE00A825E98C3212342302EE10FC5100681F86834A2804
311
BC409D70270A2091DCE874B16BE0706C974EB3D26EFEDFFCA6C4579AA4DB781708469F055532A7046C6BEB0CF39F3ED2EC4FBCA3D00EA91CA68FD2B87B5C191E0EB2C300F00A1C9881F263571C6CFD83D079D09F176FAD839340CF030F70458F81F09AEE1329505150CA0A00576B56C06D58070B23086F685E44232D9D53DE
311
3FC3731044F286D19F459351863F749F1104198D6E14BBC68E17CAE70D7AFD958E350BEBBC70C9C4DFBA075240DA27D40AD7DB063A097DD3F041EDB3E4B682A7A12A548F3393DB01945547175879989302521EEB1431B08759B632B174E0F700E774FCA1BB83F95029ED1A084288C8893520E49415E00DA080AE8027C34206
311
D35491D050A4C6B080F6A20889A2FF82379AB6234F6710C05F9080ADF002B9C9F9C583AB220F45D618D7E7F7547FB27CED8A8B7A7D24EDA4988B0C1C2A1AFB53FDC61BF3DE50D63C560F0120B0372F0839DDDAF13E583B868717C1CB8CC71D1D7F440CC82184803144196EFD58BBE00B7EE77DE8C015942357FB06FC906A5E
311
2B8882CCF9FFE184B0035A5CF186A962A63F84B3AAEE3D5A2C830008807568B6A9F424086D2095A3E262DBF124350082C4B5DF4704A9D2C93553DE47BD6766B69349610716999FA25854F759CA9792599D3837ACF6247CE8597B0F960FA3EC45B61715050260C5844FCCFEC9666BC71F875B17E3BCB4CB151405D7D08F846B
311
4CB952248B4603CC402B609E90F0044A007FA800EC46D07A51232B00E5683C55D5096E1374DA4FCBBDE2C25A5B8D26008227CA7758033D7D70DF12CAF7F247939F93F1CC63047D63ADA0B7CC8771B234D8095FCDB577B586D1834062035670E204B245EC093FCBE15626C10D210CB38A13F50E10A0D5C0814B0C4B30AA9858
311
516001669002229618F100767AA3D6D2528595FE7A398C2D2300ED0013A0AE60B91644A057327BD3C36BEBF48C91279B45F8BD145494674AFB211A91977CB838DF35DCB3D6D6AA2FB2784B591ED785DFD7DB77747DAC9D2F7674810EFC2895F9ED8007EC7885101679C06F21E4B1C8A6120956F80518D1DAF1717BEBFB5803
311
E20C6F2A11B2E48AFF4AD2810A70054623E341B3D1ACD92DA91150DE631EEB2C28882D092049C0DD38E262A7BD6F98549930C9D44B7C37028AEA9F8C5628A2BEF5704C0DCB2B428181B1BE766F43014498D2E57791E4C8DA6BD2ABF5003F0C40202E2E32EDFB02852D16C30B7F646B98FDF86C7891690043128B0A0DE6B4EA
311
27F08C30CA34C9D0AA0852A5997F8D11A6EE84E040B20472020256F4AFEBBB74E6705A12083B249089218E6452C8E5A69717E904A3F5EF3D5D08EC1F4D4E85086B238CFFC11AB9AE972CB775616C6D1DE04DDF073B4DE3747C41FBAE6072901CAD0237100670C5A00C2C3CE063610ED824826C1F6650700E88C00B62468903
311
A0D71D3A390255AD7040048348C56C4647413C2C2561216E0C469203EF06A5B101AD40D0E207F78B124747DB5B4BBB4E88B1C373C114E0470B345156EDDBCE1B4DBDF81DBC400746B0B54E05F693707B89A5E430982C2AC7D10DFF11D5B102B9505034B35D07E8E5F585757F088B390F2D4C85CF7218E8418BB4F25B885053
311
D07D5A908326809F31D6CC6B77CC948413B28664484439D118DBAC27DB5AC40C1AD166F25E6A2F0AE82100C0BF220405323E1FF80DFC518CACA8DE1003F3C9FAE9C7B2D60703A0004F8EAEAD2DE0F5485452D15B77B4B67F4C2403B8D8F9C533558ADE058A9E177A1698F75DC0EB4C800F74C0270178C8579C1FACD025F056
311
0844502D2BBC01E620030CB93636C1041636A693949CD80139FD15BE107F905590A292840F8860706D07E2970A2F15E5B13B87C3143CB2930374CC46A6F9B9D7A5CCCC14E11B9E879A49FBE27ADBD6DA82410FBB94FAA8487D61B51F4BE0A03FD08743C31020D6628ED20305A22C2C2FAFA7ED1E7881C438AA5B9035F20759
311
E243C51F34D0D5F02F11403B9E204CC1686C0B6C9000470561519CBE1B0E4FBEAB37A39EE4B84C05F023858779341991F36D9D9F351E7BB3B5ADF00148D9D05784F9AD8B037D48C01BFA83D4247F03BB768BEEF973A14E610090D4B96B1EEC5C5E66928F28EBEB6CF578B067DD83086081579848E60DFC7684044D8174993C
311
39F886043481F6A2B743B18749E52447CD4D230513032D20D20206E536E15BCF7B7D211634F98FF9986287F33F9A94615A5A0A7CACF8DF5DCC1AC6EF9AF1945EB78E0A2FED1DA2ACC00EF983F9A012260BD722EF61C9DBCDD8719703ECF839029010CA0B9F100B1D2842153E01A1A3837AB579516A31982FD2908A09100DAE
311
591016CBCD4B011A2F4DE299E1338CE065DC4841BF9895D8C81714800CD08F5AD39601BC929B55D291F6CDCEF2AB40DD5D98F4E6F107C47AEE4A09A079C05316F479DAF4C2BAB83221BCC0CE23FE3D3D4C7BC9AB673D89A3677D6020F6E182332028012FA0FBE0B2668FB85485902A8E7FA0BA2105C213E20BC2169211A4BA
311
BA7D693C3F1DA961F203694853137073AD5CD25F1C017DE0477626D7BA55B88F83B5EE513C41D814639FD1BF759171F4577D3CAB0C3DFF68B2D3B1F8478C18F67BEBB2598FA76A4545E9E961BACF657E0791D2373030E0EC9FAEDD17BEA7703A738185D08236C407448A4CB504CBF01FF43859D3115488EA01B55078000DF0
311
85911805790DE1B41B6F8CB2889C3834FE02AFE07D85143C6C008438A944EA63E047023A7EF37E13B0903AFEA7BBAB9579330FAFDAACD540022980B65A75FBA17D388F1E6576405CCE7032D95BDA420E7DC0EFA320879E5F8B3B04C1D2D9C1114210C19FCC49DC6A855E12010184DB8968109ED016E4683CD552A36B3AFA13
311
BFC2114068935A7E774CD2C7225642B73325938052D8634ABC18DC9442BF9E0402E85B42F9F3273672DA8E8F1070405D1DC3248487574CD98092B8B956E6AFE1566530B78FAE05B4A0DE51FBAF85DD075C7E11939F80E015A58D1F87E400CFFD2306C4D1D3C634380A201545A92BE01F445800BE12302AB477BD6F62600D21
311
1232EB061448A0D2B877BB940D63D059C37E0569A83DE93E214F4BD86209FF6F479C640AFF8AF6D1BFD987D029A94DB7C329B4184D4BB013BF912FB88FEEF913071A8D82B651BC10DB067A7EC52FE1B421883144C00F64FA23A11CF708BF16CA59F18D4C04B8085964B2D8DA4A855187000BE440BC816FFB13374640B0EB1D
311
0998AF38A1AEF503F14302E2811081FC12EA6CD38A63B33035125F40F170C0B0AA45E9FCA38FC6D688D48563B5C4B4B7C359D3C7AE0EFB16ACD5E2FAA47EF8307044B4EBE1C71E84E742D81431FB06B90B600B9C239E277A57C94C427EE10E7826980C0136600D916A06058CBE8604DB4D314FBC014EDAACD0820F14BF7544
311
9B70339490FE5A0491221BF95F949DF1235380E969AABDBE2D32EB4403D3FDF17F42F9A0A7C28ED75BE86BDB7C7EC80C76F86B8800F77B305EB88F00A4352E0F8089EF811EA02A3DF08F7DA008F803BE4B4EF5F41E56087099E920708C3D720916444440FDFA013D4E1201414123A09290F5BD7AB729298209C4306D007BB0
311
829FD4EC3A6D7E4F00B67DF38CA0764F832F0448E58439B952CB4F70DF964AFA74CCFDBABBDF273E2FF4F56D3DBFF2A78D42FFF2755DF307066497F44062AADFC0CC546F6DCCFECECFA232E14F408F05477D311B683A35BC245FCF8A5CD2AF20022C21022266905A5BCC8B20235D6FF04019CC04058AC80023662E25F34206
311
3165956320BE50370F2A657BACC817DDA3DDD3EFE04028645780A768FE38DBA88BF2EF3ADADFC7FEACA952E5A77568ECF0C971DF32BF1D24F8486B22A649EC81B1B60315CBEFC026091CA45F858D7D04C1B437079431E63E38F880758842E780A9E03791C0FAAFE10012588C3C592FE35461A6047802BA18686887023A422A
311
49599399893103942CF6DA53A8E387825FA0678B261F139F801E2B17C901D0F5217E07AC2401A87D0480F753FBED44FE949C93A1D042B879FCE499B3D861AEB23F9C1F372F0C24D0B7D6E70FE1AAF60F84BAE642D82F0A9F53E22783915518494FDBC0AFAE7DA282E5050B703570E06319A015E00D693A6BEFFAE493941C3B
311
08C13B96BD20D0115A9565701DC58568A3009DA13E965765C03091F0FF339F7309D44F6E61F837F1B1FF920450EB8FC48F9B40158BE89C81A597CFB0DAF5F5755D3886DC13D4479599B583758CBF35663AA234F133F91D3BCCFCE0A794367F385C59B19431780F1C099131384056616E15A1563B50021D369C593FB292685A
311
68A8B2A50A0A2085CF05434617E05FC24A6B077B990014421A68401AC4D65788EE25F737EB780D08A6E38F060F2ABD889E1B889C44852C2FF368C1E3E710D73B6589EA83F7417B341ADA1F639A23D15298F087AD0326410E116C3A1B325218433C71AE62C07C1480F1C045629724A076A4BB8D622D24690486727F56108D07
311
046DAB065000678E04C4F8C342DE27F4AC102D854F2D08D59B4ED0E4F697B0FF62F113646BC5B7F3131D4EA8BF8B265EA3F2026E7061B96F6DF3D993276B2180B8E57067587428579460551049049B074CF8B1066C7E14C705F0B39298C0997C17F701097023BAC31081390196801FB0C2A12380042927503D5A01CA127F98
311
41B460310639C674BC8CDF1A320501448E0068905B07F6E5602F8C1F07786253438CEC51AE61FDB25FF71B09893AC026A9EAE3F30F369F5D5EAEA5801FBAD3C98B38C13EE017B054F81A56F05259DBDA64FE270B1FC4C77200FE276FE814B916E222575ED717A62A92956504605268408CFE13FD61F8425222837606020680
311
2B9550F00B9D47E6AF1022538A752CF4FFF1F5931384A9FF8700EDD4FFA2B93FCBFABB3EA6C607FF714B0B8B04EBBE83B52B246092AB018C0D0002FC490849F1E214AE6FC42009D6D86616C835B65DB9862EFC4480C14137603C3089D0A5588FA27E693DD184131BA4E88C35045ACEF1CDE1A82323C20B842F241960482119
311
6EE8185BC834AD44F8E9B7549A32900196E9ECBBE20FFB4706861AACADBBFD9B56A23FFD3AB8BFACC18B1B5AC0ECD7B6AE2E2E9CCD2BE8AF1B1BC3A813B94107E82DE67A42E7CC7D4A6116700B5B2EE3C338A09B840F07C40A64800D7C605AC42B72227C4C7020AB1F20056E26F542717F56534261DE3766AC10A6ED2D006D
311
D03BA9DBA507AE0510A8B385C92363B9154167F1230C40D76AF6F3BE0CA08F8BA2FFBBCEFB09D0986550E0F0EAE2F2780CDF850CB0F88CFC2815FE87BD83909F474F45DD47F1C821DB2107A8817FD45384F57891B65F2543D0C1E20A89B4A8DF806862AC27C60F6A054627FD344250718AC0FA21CDC4E28DBF2650D1B39D8B
311
8A420C348A4F846E2BE824BF8C45E1DB8EEB52F576F47A75FF95F90FCE0FD3A7A08D48D5B9AFBE3EA658E1676FE3372FB57F0AD8D70ED4AEBA3D4C2BE0AAF1C3AD63A6004D12900CFC481A47430C9EACB390038642C8C41B13303166614210592736B8603AD4FAB17189DBB32F3915F0C380795A089A15228460BDE8E52203
311
527D41B5470901B088D84FF8B3FE2BA7F4FD30ACAB3DE0B7E2FF95807AB0010FFDE3A048F7360F9F3FB9380EE537F16F8673131325D3351A3F664022020811A0FE8C019CA17370725CBFF64132025DA1BE2555102212E80A907FB43ED80A991A8AAC183932C19AE17524B06590B6AD286EB99BAD18FF4BD64BAB519202F992
311
A963648ED30E7521F909F090C0213E367A77D8836BEB6F34D92EDA624183070248351F1A079E5D3E7A9EE81F2CE6678F92E299EE312B6C0572C0A7B5EEE07853612403813152C7125E2022A20C18F855DBAFA399817FC97FB6E1CDCA31D348434ACD0012F0D32A5456B4007E6E92D72B1A4E9971223A42C1042819E4049C0C
311
5801300C0013FA48F8944FBAE71DAFC27F1826FA2304ECDF3F6C10FF47D5C7E49748DDD687DE8E91C09394EE0682A4F84CFD6067EEDF43E67EA46CB2F4070160439245F00343D03BF25D7E2F26FC400A896DBF19FB8D4D0A66DA669C3D608F9CD048A0533621B25690EE19D5D15248E390F042B12C682511B02BFE3E5700E4
311
C9A9B2107A8F45248FA48234FD23005ED1F4EFE80D1320836F04003BF42856D478D1DCA3ABEEE3C68F9F30C3A16E5C238EA5DE3FF37DACC2F8B7980033F47FAC34421EF0418A045394802CE032D61C70023D788136788613887C0011A4EA316E005718AE191F8D0D841B9C679CD2FC478442D005429166F5A24403B1E6ACF3
311
298F388B6D0BA933D92339D48969A5C11F09B4FF017A9900A4F887010C474717E10F36468032FF33F4AD610517777104CD920C3CD15FC5F3B3A0C75BBCA3B00F2724863C10BCD4A0E00736C7981F2F72E4B001438B99714FCFAF713A2603BC710376A1715FC602022202E06FDEBBC680A3DF1C4C095A12C50B554FE7623B50
311
374FB2129DDEA4C392C9188077658C87F55FF92FFA507FF03FC8DFD3F31BDAB46DD51AEB03F7E1B38B8B87CFF47EA1479C3EBAD5C6B382C221C0F1B358B39D76D9D3142C4A20935F541E492E0EF081BA41B3620A8E172B584EA1485632E22A8221CEDAC6110AFA4B6D43E2B76A18AB240BB24337721C9321D2C033B2D3E264
311
1A55A400A28403C12D1DADE39AD23FC5FC08C47A64DC3FF6DFF76B5235124022D7E6D6D5F3CB870F9F31C96FE477FAFE54100068A3A87FA5908A2C08011CF31309C10025B089FEF9C510522B8DC07C30AA469841723A10C08E27F00F7FBC181C083F2809EC3B2B328E294AEAD5A071B3A95C81D2DE3F930372D022C9C79353
311
5B92FDAD5426E90490C3C81D000017C6494441544698C416520C1C40C71FC204B22448FD9303782FBA67089A1A7D4CE38E89050FEF5F1E078A4DCCFADA058032C34C1CBC2E1202B1F8962B1A8024F0EB7A11F209E96FB369D4B64202FE7BA230AD24C46413536EAE955B341B726C593B5D4630C0BE822480908522B0D85430
311
230352618DCD4F7BA6D568BF4343801480006658EA3EDCBFFA9702B4FDE9022163C43F9B72B58001A23FCE6F0B3FF0E4E1DDFB9801A6FC42FD0132CC1F2224F89933107AD30B6C9131A53818AE944BE25A70810821C38F098411980E46D108F483DC63F49B91B852351604091D60546702F58A3872A1716411B642C7629C26
311
7E64E77719F46B0548FD6BFFFC86A38DBFADFCDF700228C124C8664FAA02BFB1F92B09800876FCE4F2D1C3FB4FD0A44E0106A8DB8079751CBF0BD9340066C3D52BC64706467C05B5A54401BE4A1B0132A55EAC1CCCB10D378A3DFEB9812022327745EF2102886A9142C812A1A2C9708027BB55B7006357459F9C2080E0BC34
311
489FC629510F3017B62D5073E2A2C64048A0A42580E413BA9E08274091A398EA80B5BF31C87BF5ECF8F1C5DDFB4F22AAC181F070AAFDDAE5650C4000516440D8806786D874215149E69ABEC43FF0EFC820FEA112B0522003C84BE03FB76623513B6D840820358B084119B0CEC8C00AE888826339A54091F5FCA513AFE14797
311
5BB1A86FC50618D9D74502F0C7C8815AA306602FEE3A5E79E0D7DED1B221001118B73182CD439A092FF801105D1AA14E1918EC282F6260869D55108065988BD67F68E5581720A708051F7C8070F582389C682BE53F2AFD85853F2A013D21564028E06E79B7A71E43212180A81541EBC88F451E02385100491AB0C4A3BC5309
311
A95911E66D04C0B448366988ECD204C2FC930F8CEE8FA410EE4C25B58DD1B6EBAD83F6196670F7DE635282C0A56A851AB035831725F0471A10FE52097089C80495804100318405F0DFC2136004B4C40705EC9154315129205EC357930035688F61AC02188250CFA9A980233925F16A117A48CA54DAB6400221976B75D86333
311
0942E20EE3B00B08FBB71AA813B0E502FD2B023DF70114E0D7DF2E2EEEDE7B789504200112075478F2FBD6897835C91F0C20782401E801A2F9142700B74805703426023A81CC0BE88B537D0003E0C5181D29EB8D83050964DD2580910A1E7A8138F76253DC01DC2F3824391AD748276C0B0CDF12366625D038603D0003E026
311
6CB42704C8CE7FA7F11B4D59C0BF454A78F8FCF1E50513715D469607031272358F04E0003C90107223A581218F10008B10247CD20D860FF0BF48801040B361808148714764028EAC137E871501EFDD97C89B52107FF1235B0928C562530082573CE137840EFEF82A0BDC602736C595912FBEC69E6A3A26903B3A300C5A098A
311
9E3F1810CDFFBA019D97B4E7A7A075850F2E92569BD960CA7B8304995FD006FC4213BB1448A6F4BFBB3A9F9FC4962D0A1369129B10073771FEDA38B1737B663A71C088D8848027FC3008DAC4E4397A6F76271DFFFCF77D6BD7F1F67DA51E0E08875A6BAFBD6BD7AE52CC04A0B4A2206F650EC412841A48258258E8662C3838
311
FBE21E25172C2A15A4F78D82DCF68A005DCF07047C183E1CE47731BBCCB5469D9169E0D588945BEB637E87802A03D88FB82486210D28FB3B858D13DC7CE75F5E6F3B03C1744D30CC58C7C7A256146853A05243060B850072A7010CA47CFBF9A1E24F414037B8781E8E9F219A774B36481CB43E48A79819D638C8760D672FAC
311
19FB9D3FC5EA9158DBD0159C27860409682E8FF2595652FE189D2CC2D7C023E944158355806FC320087CC74116030CC376C559C098B93A041C5DDA48AF33827D2327DC761D19C17CC62780D82A170E6CE7415A5E7FE825E053048F88D2AC2A561CA4D4C60098DA28EF1A01382772484698F60C8DD24BF396EA76260542810A
311
625978C03580A9CAB91D10249BE579B0377A3DD15749A45F24C4D81FF3D7D7996F6A1690288008C0FF6CC186DA9D5FC95BB09B1301004B016E707FDFED306A1BE8FA208828F00BF342186839839F1F6FA338DC5A0200FF383DE92614C03A4508DA18F4D85F9354F7E867AA77A42FF49BBE6757A1A7454448D0BFC3C220714F
311
E43A3D8F1547BE10F0BC5A05985AC3C28829A06FE24CD062700601F4AF12AF99099B08E7071DC4626A97C920C3FF96E190C9D1FD7CB6163E800D79E5F3F10A9306C02B799E80F1AB380E0571A584C0370A220C3125000B500900D96FEA40409F980E2083E4EDF4D8D2480AE5667222E020BCDAD4EF19682120818FE18EC7FD
311
6AAD67C03F7DF1955E697456F517AC4F24700C30171C67E9168B109A4F60AFA60F98BE30941BF776DBC7C70792A2FBE98AAA97224F8BEA39B47BFD14A8CD03320DA2B676E3AA397E652E30A42CE2987B7DA1EF7F75242413800A04C0270C62A13372400B435ACD84B8B5009208F5AC73EB149FFF3508E21C2201E0338BE07E
311
50EB47E7FF6D97724A601028C5519073E7978EC88834410450E074DD58AD13A4900103A6444A9CB99103229F0EF8C0C78161EBC68137240734CDCFC349807851E0EB46CE864D2E405ED341B71A390CF2DE20CF5193189E1901E866D0230409684B193D17E2928534D04240937D3C84477494FC5E0FE0B448E35AFC19007926
311
C1C6A6E622FDB8A12E30993C6710E070397C4B26304C0AE38218D19F01FFB15BAE1C0E7E74DF75F2406E373C414E848FF8E500EFAF3C1029C9C0ADAB2313A7426CA9B2C1B9E30032C84EF31A09A88A386F136E8C2F1D582EA0459207015F10F1F001F0B1B7DF7222011EA2001F00BFD36BAEE0850928B08C077030FE3806C8
311
80EAA74BCE0863A952812E6008B3A89199C1EE918AF96AF583F1A073B0A355B9D861AF1460DCFB3BFC6B7EFDC834B09700CBED3510E48DC7129041C991F06BA5006CA6B5B34EE21501374E8DFC910042036111EC9C7CFA1C05D48A7270F7F835BF04A4194DA4CF76CEC66718C84CD020D04C412AC848F03E3C61A1C8D50D0E
311
A6838A00376054D3DF61A0E393E1F8B058A6C994093476D601A4A06F0CFD3C0A6BFA910E75CC10400A80FDA93AC9B5EA4303F6C0D188B559086091CC5910137772E14F2376D03181B5CFE74C0EA38440D0AC256D6C4D104CE05302FCC00B60B9CD4D71E08BD40C144A025E60D4C1F45FE846A2105D717EEA84808A5DD90A16
311
8E133640311CF05DD870768683F5D2F1800F485AEBE5CABD8FFA3C0BEB33702493AEB551B1EB035EF5C8E5757FA7832141F88E8578A363802B560007AF93D7D470B478C4D00B412D634C9140C4F9275C00DCE8DFE3C7F8C0AFBC5B2CE82E3C3BDF393D4375D50C43CD1C17E3777CD2C170725B7B42B41DF15BFC344DAD089C
311
1E9118522B4A2C60B794E4E8F33081BB7C8CFCEEA0B2015E49D586429C6C78646180B7710E06018A3082243C275F077FBE412C17DE80D3E6B9462C5204C5D980D1DF84A864401C483CD01B143F4A4868087A0F780F37230200A4FBF6AED325114C367C22512750A5C7C3E32D545CE20A0904183BA10015DCAD89864B3E1EE9
311
7EBAE8B204266A48E010511838E2FE413FB116E60880C2D8440AC3880DDA6DF6618C138CF1CB2A09637E18D00F80CB0DC05322E31EADB8081C29410903F06BFCDF5AB46024E4A75828056440503C707856EF0C037623DD4922A400E8A6BD75E4D2800905F18450A00CEE88860C8964C7B3F90F56528BA18F71CFBBBCD2D057
311
97E168FC37DB26DBE0DD2EAEF39686C18440820013C1444055402A541400DD362A0A402F1FE51246404E098249FEE30708C10CA0B54601053159480C00BAA9B1223A773234FE72FD5C3BD81804D8D196FE3D5315A0C981D88D04FA01DFC185CA93F9120E1F480B08063364A0A318F08DF95056E4C91F1150D31B0112003835
311
02E079EE43CC18603AE2F88FD139C802A739F208E88D06DC78267C448C27C4113C19B0F51B0E9C1C021CF8F9167C6B1F2E10E461002910105D1042792D1CA303F469714C018C23D72179E165049C40E801CB96CF334562E5807291D1E0C70FE6CAD91656715F0E5C5E70F8D7F83290549B1BAA6F781D25180EBCA93EC84E72
311
A74081CE3020789B3790E1A9E478E658C099BECFF01E530E80EC5FE31204ACFF70AF8177A03059240CD074978A002A878BF883FEEC81DD684E406CA630ACFDE87292822A11953710F000885D6F68A67ED40CD772B0828359B753F7CE23D9479AB9845771B389D6A77130F8C134EFC83947392029B10E4425440A84AF0E5482
311
5228FC1634D369874739C837A9DDC83C20D320C36042610ECDFA750303710224D01202488012CA847424F8D53F78AB6BECE9B3B35A7F32396AC6B7444566327DBB4DF06FD9616744F4D3A397EB3B0A3FBA8D763702883ED742FE5CD24146D8E353ACCF811C806AE09914D8446E93840FF4D6C963FF32BFB6AB015D1D3B0C9A
311
0968776F021F21404B6260CF84A14F35180CE20B5E85BDA2EC91FD5A7DBA7E5705F4F0F97AF26CE18E3BA078138202400A62930FA6CC7882F911A92F33E547E64990B0F27323D73B6222863F86425153FA8009361C675554C25382CE148420C8DCC47A20122806CA178A0918C14CBD33440289078A00EC6070184CA9907FD0
311
A1270478E0B325B67C2193694EDB7DD0F3C238447C8A11485562FB4902134E6AC952FD5320A4F7C780882DA9684285CD81D278C0E8FF8DEC9F45D22DC3C2CA99C2728110888799575B6834BF22B0F01EDE72D7F21B672C40F0A972999E2200B7C91403F9BB3D09C01990819238CBAE5E7510D7D57450507E3DB04AAA0A3C28
311
0064E0775380C8C16EEA4834346A04BF0CE847B4B3AF760D06D24BBB267C32E2C9257DE5EB748AD101AF1FD33265E2B674EED8C01A0AC901392211011AC810560F77778E85B13BAFE3E25C95B70919A4862C15928BD8989664AD8638101D009A80F00BDC41AF27602A4BDA0C077E550048E7F1011410F01405045E1C140B4D
311
0E70E0F6E034171C3D6FD12004FCC1FA304312518910356628A4A326EC9ADF5DFFD1B2C0399503F14B4F8E3E0E4E39A06ABCB56A8014687E86E462BDDE5124615ECDB412B7314F62E6E0C76ADEC0F717B360E741960104CF1706CFA18E0605004B01AE007869B095ED92144A807841EFF2811C047889A04901C80906205719
311
2688C92346F97F279449F89B113500BAD282D1DA80A55C27EFFE02C8D4F395003F285B617BBF0831F49B055342DDDD414378E8888E92C16789F269A27C9A221FAA4A0DFDDB9F935B2ECC04DC51481558A69301E0460B02665AC4DD30C03D480866C3409400051811876014C0F294C542821AB045011A3E3F09001FF304E3A0
311
BED05CC11A811B865001769507FC01ADC611F400CF68C7B093606E30F3C7E0F00C1D10C31951C1E2D7252181DA00345842A19130715C736EC9ECE686A712FDB31E4D3E50AB336E5666D7B212C0113C4A4406029709B43D0228F3FBAF49921B19CA0C82A2D5BC4A2079809240F37D3E10F9637607C3983F0458508A98B8B4EF
311
C92AC13530180CF55359500080061DF59B98BB3FEACEE881DC8127F182A885A86FB12B43C590A4380504E32305E3148BBEEB2D2782029765428092545BA5C2C681FC5F8E869C0EE1034A822FF09A12C94084505AA868080303473F8161F7AA0A6610745E280BE4427FB770106F8800EADABA19F453210435BDB2348471B13B
311
65F2FCB554827632C4C44467333E4127095D22092ED492009930413251B5408345065065E415266E20279A40B3F520370BE2050C8360E6BB4601C1673B9BFE007EF5200B6483CD195400A783E6DEA0653515B0FCE8E86D1618FC1EFC15C2E727F24F2A2DAB57326D8D0877D4E298894E7A0C3C7D9CE8A0E2D17AA2020FA109
311
7D6372F2A9F955060FDD467AD0426368C24A8340FD0D6687A76316DEF5179ED9042005A2BF02A5DD810A4DEFA4A8F700EFC50FF4FB8C06410F0303C106ADF8852ACC6A2CA9046E9ED070739339857222CC009E206479886EA26227BF7A341A15C351A8404A6C10080A2140FA4B4E8D9B9A11645899332363FD69887F436A66
311
0566964250FD752E787B64BCF8E6C8190DF8EA0C854C062D8A5A1346F810414313E606ECA0AC3A01D6928544029D5F42E202C0CB386F880F7842A31287061F32F3CBE09F2950783394F2F2B23D85386C6F51943E99DD10C8A0000BA9569A14805693274BD0E4F4DC3F28E331EEA91C4F33ABE057889BFB92819187840A08E5
311
7A276A8BFCB75B0342668C70C565C8059996D209C2800941A21FB82B2F520BC2E6FE6F1A8827043DE17000DACC8193E78BBB8DF1467978C06F6AFE986123E3A95272CAC122046F4C65C4B88FED2F1CD1D918F7CDBF8903BF1A90057D42F4DC133AF804ACBB58446A0DB78806FC053FA1E45D0AF1112613CC0DD976C5E70AD3
311
282F42725C0D02AC8588DE451B1C01ABF063E7748A3882F0DD484BB78D037F9812240EB88B6034C0AD53E5116D4C6D920C6A89F084E6D0598AD7EB6930CC7B293E27A666E5CDFE9A3FA52FEB3C97976FDAAE9A60008FCA6B33099CF9880D35D419FC687D424378E3099441E110C5B3C6DC311E6653514A67A530D863326C4D
311
8430E0C28024803B5B069B0E60C10EDB6DF087034171DF01F1F3404B27B1056D8C0E56E7CA6056E7798147BE4C2F01CED5987E413AC6A724876DE3F599E0601CE7B9CEF3BEB3671E12DCE8AF9631B8031D3F360B6955DC2342B2A0E4632A00264C0DA002220CFEC3E10D9BADC8904D88DC51928593AA16C91DF6FFF82B3234
311
404C7214D0F8608E0052283EFB2B0563F1D072936C4017706010BCF1B16CDE0C1FA9C777E44E1F5259B0C9BBC8794A82A6C182A3AF56B16921405351FDDC91B5BAAA617860E8D76C97C377FE701A4EB4378FA97C2C8E3CC8950886C6FD93AF70A1F5F676B7ED16CBC56AF5D09110EEB8607CC08A795882358280DDB98AFFE7
311
087C6EB593D62F041CDB4018935238E73F1098100D0C8769818F777057F64C703C6530E142FDF5C837AE1CF66C94C4887D3A3726AB990DEA248F73B5D32C8E04F6714B1E67C53FC52040252E605B322407CBF8C7F05453462A295ABF4D95592DDD76AC23512E9A2DF964715C80DD752CA8E263AC36F02C3C28A133EB22AC8D
311
099BDEFDE28C3E8FFEE3815D5D00C17C00511058354D62443C1A546280E43572A9C661A34FA5891F8E7570608C8DF21DF51DF9D2A84D4501F41B8CD4F4C9DEB2F901E810C0E4CEB6EC08DFB06341C864CF8D0EEE779A606545E1E64AAF30A4324C20FDD3BD558BD966BA994FA915CD162B1978642AD01694E533EC190368A6
311
8234657085B5F88E27A0805E04B8BB6A00A51646EE3C10A50FF007FF410F1963CA69BE2002F0F902E701AEC995FD41F83A3F0C3809A3288A083003A6CC2A20E6D703EE48E3777AC07ADD51EB6101603A9FCF17B3D5928F6D742EE7E4CF38AE2B03C5FB39C81D7B2978FAFE85AF3D2710B0582C970F0FEB0E4D1103B8BE2B4D
311
560CA10002FC8F334C891C07B44FE06B2E3ACE5E1E2D1FC32203110ABF9CA0E8381F68EC3C06701328E5A38278A5FCD944CEA5283DA933DF2A2448BD23F1C5D8BE04CC2DC3B43B3EEC29F8B5FF926D11D3E97EBF7FA1BD1E5E5F5FE6D3D972F548547783146ECD84873F377C5820F7F9FCE5E07378D6CBCB7E036DF7F71040
311
79A05B77C6942D1BA95D47424BFC3DB6411009A42E207871B7EE9B06614BBD20F22F7523FB985F3F7068E37600273A3ED0C1CCC380F6EC4AF01CC1CF95E4848B7BF950AD14C44F10460221E02D21D01DAE800F323704C00035DFE97CB37F797D3D1C0E4FBF35EE1E5E9E0E879FBF3DF6F474780A01FB3DAF01FE0C07982180
311
07C2090A3008BA7682A338F4A8804A06CBFE6A80CEC766F49853F15B2F45FCEA3F8250012841315016E75E797EFEEC4ACA6C79F515CF1738F7C36E2406071051043817C9E8C5888D49D0332E800062FF54FA562BF7446CC0BFDFBF8603D1FEFCC9F7FFB5A7F000430755C2D3F72F2D02A022820897ABDD44594475BDCCA4A1
311
0AF34C06B08B4AB58BBFAE30999DC66C7CE903A83CF8EB006EEEAA063430F84B05F0ECF644825F5E95073870E72A0771AB89B080022A0C5A9FAF34C89286257FB7BEA000EC65B59750C68E0815B0D9834B15606328F80709DE09018AC2A7817F83F96DB3D562C10A0A31300230CD4200B87F85808BAF64D04600254047F9C1
311
4DE93464009E7F5AABB4FDD6D55142A2C0BF1541FCE19C20C899BF4F76AB54B84CB97F88F48ECC029FD253F0C70DF4816B9AC94BCBD653B1A283C4001A0337955E4AFED3FB790B6B1F5EA0B5514074103A38D84280EE0F5F9BE974EAB2D16AB1EA969684B6E4166CA28264B300474C7308D20013B204A65F82970718D05678
311
B3315D442E1C0A327E2F56556040C005D2FAB1326A68A07507C9E46A3648555A7080F5F50219A00E6222E3E0862CE95B5680930530742F1D041805E69B788161F015944D041182B861A2C17F3AF01CF5BFDF6C343F9171F5B004BF59C016719164B888EA206A02AD05E8464D06B48E4381A0E9345FD171625AC22198F57C00
311
3BEA5510F81FF78D31C9B033D0030000000049454E44AE426082504B0304140006080800226A815228BB58AF800100009E0500003D00000037324533303539462D444242452D344432382D383443382D4339383231463445423633452F536368656D61732F436F6D6D6F6E536368656D612E786D6CBD544D4FC23018BEFB2B
311
96DE15493C78601010A34B880709DEDFB52FD0D8B54BD70DF6EFED3AC0B12E6442E2716BFB3CEFF3D18E26FB440405EA8C2B1992E1C323095052C5B8DC842437EBFB673219DF8DA659866649B798C078B48AE6410122242F2A4994AC7F93815DF85C049C8564CA0A901499DD886B2EB9B1E02448F358701A9235880C49A011
311
9892A20C89D1B9FD768815CAD268CB5E0355B40B1E47F3E37A2020464BED06AA57CE8FCC20C3C3446D46761A2632A8C1283D07031EFF2AE7CCB1BFEEE916E406DFAC8E36FFD99A9D60A6944090EEDC3B670C7DC13DE86B6B2C5C240D6E503BB85ACD579D513F1B9F9A69DC9CC22AFA80C426D40AF0B21EA168559156B6276F
311
0F726A6BFF04DCD513A87A62CAD41FB24FCB2858B3952E3D852084DA25B9303C15687973CC8E8AAE11DF2836C38C6A9E765E8C1BA1BFB1DC29CDFE518C8B5A7655A4ED7E77291ABEB80DBD82EC866ADE1B8D05AF9E35CF09D7A061F38A986D9EC412B8F0F65E5D81534D9B231D1E5A8FE577A241F3A5FD01504B0304140006
311
080800226A8152670136ADA9040000B41400003E00000037324533303539462D444242452D344432382D383443382D4339383231463445423633452F536368656D61732F47656E65726963536368656D612E786D6CDD586D6FE3360CFEBE5F21F87BD3245B0E2D90F4905CD12E1F8A0CCDF5BE0A8AAC24DAE417C872DAECD7
311
8FD48BE3D44EE3B5C3E16E010EE75A34C5877C48911A7F7E4914D9095DC82C9D44835E3F2222E5592CD3CD242ACDFAE22AFA7CF3CB785A14C22CF95624EC66FC34BF253BA626D1BD488596DCBD8F2E6FC6335608B7F428D258E807664080A98384D9E75E22F16B2CCF05D32CE502359492C878124DE31DBE89612BB196A934
311
605E44F272A5249F446BA60A11112D589CA56A3F898C2EE16F6B136C595C7AC3C2FF076D3D808BDBC824572211A961A8D96E393F7AF5806BEA91EDDFB1ABFB769EB08DE8BCDFE27EF98E9DE0ABCE3BFCA1C54E8AE777ECE2BFFC92A94C87EDE6A9111BA1ADE75C74BF391275D33FAAC5FABF89F1D33C9836CB3225980B2A47
311
9BE96A4FB3D59F821BCF11CF1FC55602586C7191D99E2C9C0CF2B8A662E3484E59466361985485D7E248E7953C01F19DA23B9D256461B6E09C40FF02D1DEA98C19EBAFBA4659184B7D47DEDF22E2F53DB017721B164F5B845961697F0C699AAC2410982C385725A6361A500F59CD848221F103A8C1A7CA84A55F407794695C
311
905C688E69B111550ACA946B9B4785FC1BDE0E229240B62665328986D5B32C400CEDD88188F35AC25EBCD40836F47F35E5C0EA4B6F767B50568CFFB5665C505E2AD5EA8A9997205F50A2350EAB32C9294B0024108429953DF32C4D812E226658F78A490408362A94987E6F787DFCBBBABAAEDC36758ADEE9B58B41BF0F35D8
311
7BB1E991E02BF0B513748E6C0AA2EB2CE56EC68E97585643D82DE284E51DE03E4E22B00738761F1E66E1616A03EE093B0327B6BB9797262B0DCD72C6A5817ADAC1C3C0A3909CF6639B404D18B15CAF4B3C09CEAA4414BD5F0723F059ED37048E7A64271711EDC9C5230F58FBDA5DE00DA512CF04BA6671A0D201A83D2EC81D
311
2EB552C7E5CD1BF9D6913567B2CD53A659AC362A2B200B440195E2ACBBD167A32A86F7874F7F00686DB55D163481DADE5E417E979BAD827FC6B2B0AD8A6AB1567038E466EB4B10C4C2F3F71196A09260938125FDAB8662456EAD68AB2F7C1DFF709C874887B76A4355564F017256531BF73D7D754A40E23401DA38EFC907CF
311
8D8E3C1E5E7505D8E432C60BE1EDA01E5166683F169B6EAC6EC046153F66C2BE0679FD3F407982ABFA28F92E0E457501938D96B12090869079360D3F947CA8BBC3D9FCE1ECF3C676C9BE80EB67CABE004FC290F8E26BE6A0371AD6CE66781C408A1FAA8CFFA63DD93A94CD5E1F3BA6A3DFB05B34E1247BB3949E3C33210503
311
5203136EA14AE89FF99E3E0B3C4EFE65C581A3A3D2D0EE84EFDB22B49DA31A07059E69B81628A8ED1228B63E42C3D840C3C01F460D1F331FE199821B03F22CCDB6DBF074B49566B12C3B3626074EA1B130B4596BDBFBB642A835954A9509E5769234228129889952870EEE13F494954AD7A27EAD09411BDEEC5B6B6AD752C1
311
1509F826EF4007E86281B1AE63750FD09DBA87A34EF4CE2A75F3E85960004EA6B519F4806609E8C91CD18380BD81691D9F2CB5730631E6DDBAFBC30E96D3E1D3D67EE8FB72BAD92AD4C1FD3CEDFBD2681858ED6583CA3853294B80AF67AECFAC6418D08164D5FD1E52E8B546BCC77B87C6E9D1655FFD384FB26A28AADD82E0
311
4B9C64EBF78FFF00504B0304140006080800226A81528DFFFC99640100009B0300004500000037324533303539462D444242452D344432382D383443382D4339383231463445423633452F536368656D61732F52656E6465724D6174657269616C536368656D612E786D6CA5535D6BC230147DDFAF08799F5FDB600FADA20E
311
A430D968A7AF12D36B1B481349529DFF7EF9A85A718860DFDA73EFB987734EA3D16FC5D10E946652C4B8DFE9610482CA9C8922C6B5D93CBFE3D1F0291A6B0D26A3255464182D920FB4233CC629881CD49C18508CF000E3EE309A100D61622AAB4A8A33B2483F11CB639C545B0E1508438C3D3C0361192846DB7ACD198DF186
311
700D182920B914FC1063A36AFBEE8FBA03FFD3CC1D1F4FC9E151A2AF59F628C5B7821D83FDFD3489305080F2EE04BF962195FB285E9D2DD352320A9E827AE357594914E42B1F5FE35F83688F60C4C91A6C946ED0668E8F244BC2EB0BA6E3BCCFC0B6A4B507F9F9F8D51EB315D9BA9E08D308E89F96931666E577837E2B4172
311
199C68C4FE306156D47DF51C698C7B9D97FE5BEFE2190C3C38BB054E6E8163FB039CB4B993C80BF18D969203116D6BBD26238B821F9BB909AD6D9C71B85BCD8C33D66FEA3D31B4BC0AD45BEA46BBEDDFEC0F504B0304140006080800226A815277795FD851000000570000004700000037324533303539462D444242452D34
311
4432382D383443382D4339383231463445423633452F4173736574446174612F41737365745461626C654F66436F6E74656E74732E62696E53616060B03034B034363737D13531B234D435713173D5B5743670D4753531323373B674733235701502AACB4D2C492DCA4CCC492C28484D2C4ACC4B4E050A82012F90744FCD03
311
CA26072767A4E6260200504B0304140006080800226A8152C55C663656000000680000004500000037324533303539462D444242452D344432382D383443382D4339383231463445423633452F4173736574446174612F53747265616D56657273696F6E5461626C652E696E665D8CBD0A80300C06F73E4B29FE6CDD8A2E82
311
A083B8B7F209014925C9FBA3AEAEC7DD2555D896CB85E51C2A1BD834F6A1F56EC4494C4695278364ABB24ABD2146F88CCEBB89D5321FF8F3F43D672A3B44DF3CB6A1710F504B0304140006080800226A8152951AB8B637010000A20400003600000037324533303539462D444242452D344432382D383443382D4339383231
311
463445423633452F4173736574446174612F636E782E786D6CCD94314FC3301085FF4A648931B6532A8190E30AC1D209242A06B6AB7329561D3BB22F08FE3D769B0154C4D4A1EBE9BBBBE727BF53ABCFC1551F18930DBE650D97AC426F4267FDAE6513F5F52DAB565AC510E807C62A0F03B6AC949956BB18A6712E75D8C3E4
311
4AD559BF9F8BF729216D60EBF0A97F089ED0536295719052CB9279C701384C143A4C7BDE01016F78C414A668304F223BE03CC94404C28EE9855C34B55CD6B2D934D777CDCD9D5CBE295148ADB621B899B779590CE3D5429AE35EA6A51205D06A8A76A6CA6B98FE4B25DF5AAF4426B54A14B32B73077D8DB903C6D1590394CD
311
13C110529D2184418923AC95282EFCF2E2117BEB6D6959676940213E678118C9E2057AF29FDAF37BB3F689C01BBC64474E359EDF8797C32F7A3DC6F2909BCB4BCBA9466E7D7F86AC88C339C9D129D7457F03504B0304140006080800226A8152119FAE55E6000000600100006700000037324533303539462D444242452D34
311
4432382D383443382D4339383231463445423633452F5265736F75726365732F38313039333737342D343239312D344436452D394330412D4534323636433946423530452F7468756D626E61696C2F302F636E782E786D6C4D90C16EC4200C447F2542EA3101D2955AAD08FB137BEAA5A2C49BA2058CC054EDDF175A0E7B1A
311
6BFC6479465DBE839FBE201787716372116C82687177F1D858A5DBFCCAA68B5619911E303645136063DD665A1D196B1AD60E37537D77BD8BF7611E10213BFB9EE2C126EB4D291B2BF61382594C25DCA1DC97DD9059E492A160CD16DA017201C6019BC110EC4CAF6295B338CD425EE5F359BE9CC5E94DF14E6AF581E807EF22
311
41C6F4B40A8B6D8CED1FA17807B4AAD90DAA8760FAE139C5DB52AB42B9E51F10FDA4069994BCB3865A4D1C2D01CD0D021314FF87B5E23D6F93BF329AF66EF42F504B0304140006080800226A8152A233C2345D000000800000006500000037324533303539462D444242452D344432382D383443382D433938323146344542
311
3633452F5265736F75726365732F38313039333737342D343239312D344436452D394330412D4534323636433946423530452F7468756D626E61696C2F636E782E786D6C4D8B490E80201004BF42E6EE76F3C0F216234B883063108CCF170C074F95AE5473F5C4C06E932E4F28601967600677D21E9D8092EDB002539227A2
311
FCCB80E1168D80A6417297A89C5D6963B7129A0D1E8F2EE73AA7B62BBEB8B27DE50B504B0304140006080800226A8152BE89762363000000880000005B00000037324533303539462D444242452D344432382D383443382D4339383231463445423633452F5265736F75726365732F38313039333737342D343239312D3444
311
36452D394330412D4534323636433946423530452F636E782E786D6C4DCC3B0E80201004D0AB90EDFD75167CCE820A4A845D83603CBE602CAC26799919AEEEE0D965E2E908050C6D0FCCE04C8BC355404EB6198129C92351FAD580A10E464065907C8D948F8F166375F655BDC3FDC3B4E530A176BE7057BDC43B2A593FE403
311
504B0304140006080800226A8152966D06447F000000A30000003600000037324533303539462D444242452D344432382D383443382D4339383231463445423633452F5265736F75726365732F636E782E786D6C4D8CD10E822018465F85FDF71418A16C802BA3F77089CE89D0485A8F1F342FBAFAB6B3EF1CD97E5687DE36
311
BEE6E015D0030164FD230CB39F14A46DC40DA056CB18C2F67703E4FBD52A2818B49C6248CF1D0D76EC932BD4CD7ED961438938D535C3AC1214B31B375874E4820DAB38EFC4FD7A26261BC7A2E4F9F5F296BCFE02504B0304140006080800226A8152B92B01020B010000550300003400000037324533303539462D44424245
311
2D344432382D383443382D4339383231463445423633452F536368656D61732F636E782E786D6CCD93314FC3301085FF4A648931891D2A812AC71D1898588089CDD8D7D6AAE38BCE36827F8F1D32B4121B0CDDECA74FA7F79E7D72F739F9E603283A0C23131D670D0483D685C3C872DAB7F7ACD9294988E90C634DD0138CAC
311
CA4CC903619E57C9C25E675F55EFC269151F709A30BC98234C9A35C6EB184716976BA773420BF1D4599D74273A8288990C9409C94DB04E30043A81656AE08368F9A6E5E255DC6EC5DD966FDE645F4925DF11FDCABB908070BE19B8C1720CC510977D0594CCE456AAA660EADC5D57FA907D21948C894A0B2B99BEE642EA79F6
311
CEE854CAEA17F08751B2AF612F223F420072E65A335FD8FBB7D0CF102CD053792972DA5F6BF6DF5CFEAD827ED980F20DEA42A86F504B0304140006080800226A8152E3603EBE7A000000C20000002C00000037324533303539462D444242452D344432382D383443382D4339383231463445423633452F636E782E786D6C6D
311
CD410EC2201085E1AB90D9DBEACE05D09878023D01A1D34A8419C380F1F82DA68B9AB8FDFEC93C3D7C52546FCC12980C9CBA232824CF63A0D9402DD3E10C6AB03A3397DD192872090D3406ABE7CCF5B5D18893ABB1690CF4DCF02282E5EA8A5BB96FFE536F285CB347F95BEFFE81C9ED5AFF9D5B1FB575BB00504B03041400
311
06080800226A81521E17073A7F000000A300000007000000636E782E786D6C4D8CD10E822018465F85FDF79422156E801B8AEFE1121D0BA191B41E3F685E74F56D67DF39BCFB6C0EBD4D7CD9E005D4A70A90F1F7305BBF0A48FB8219A04EF218C2FE7703E4A7CD082818245F6348CF03CD6699922BD459FF38E08DE8A6BAB4
311
231E94D2980E8461467B86FB96917AA45A5D1B9D8D7351F2FC7A794B5E7E01504B0304140006080800226A8152CA1DF9C9A900000073010000130000005B436F6E74656E745F54797065735D2E786D6CA590410EC2300C04BF12E5DEBA70400835E500FC800F84E0B411AD13252E2ABF27A55740421CEDDDD9B55CEFA7A117
311
778CC979527255565220197F75D42A39B22DB652EC9BFAFC089844F65252B2630E3B80643A1C742A7D40CA8AF571D09CC7D842D0E6A65B8475556DC07862242E78CE904D7D44ABC79EC569CAEBA537E3521C16DF5CA5A40EA17746733E0B6615DE7217475F386F18B9481C510F1F021CD9FF027EA0E1F5C4E609504B030414
311
0006080800226A81523DEE336E64000000790000001B0000006175746F6465736B2D64657369676E2D7061636B6167652E786D6C35CBC10E83200C00D05F21DCA56CA76D41FC96062B120735B69A7DBE268BB7777961F8D5AF396893C2ADB70FE7ADA196782C2DF776D7A97B5933C430F15651E5469C55D70F80A4992A3ADC
311
954792C525AE70A1E4D6AD9816CC044FEFDF01FE3FDE907802504B0304140006080800226A815252B43386FA000000960100003700000037324533303539462D444242452D344432382D383443382D4339383231463445423633452F4173736574446174612F636F72652E786D6C8550CB6E833010FC15B477830D3490C838
311
4A42F8829E7AB38C43AC041BF951F5F36B072AB5A79E76353B33BB3BF4F8353FB34F699D32BA039263C8A41666547AEA20F81B6A213B326A8DF1BF6890693ECB0E120C8C4ED684658384D15EEA846A33CA0DE4CE490F9978C6A60327EE72E6390F3E32DC235FB878F049E6245F798C86A0C64DAAC6E8A66E4A5A606F755F95
311
FDB944BBA11E507DD95FD1B9191AD4E06168DBDDE97AC17B5A2431A35ECD3FDB8595DCCB1158894B82708D307927D58134075C7FD022311975DEC69FB7A5E93B60A77475CF3DA7C53AFDE31A96F17FD7A0B4AFCACD75553860241EF91A305AA494627945186B4A947D03504B0304140006080800226A81527369B774F50000
311
008E0100006800000037324533303539462D444242452D344432382D383443382D4339383231463445423633452F5265736F75726365732F38313039333737342D343239312D344436452D394330412D4534323636433946423530452F7468756D626E61696C2F302F636F72652E786D6C8550CB6E833010FC15B477830D34
311
90C8386A1E7C414FBD59B643AD041BF951F5F36B072AB5A79E76353B33BB3BF4F8353F8A4FE5BCB666005262289411566A330D10C30DF5501C1975D6865F34280C9FD5001906462767E3B241C29AA04C468D956A03B9F72A40211EA919C08B0F35F392C79018FE5E2E5CDCF9A44A52AE3C4663D472936A99DCF44D2B07ECA5
311
BD34F5E554A3DDD88EA83DEFAFE8D48D1DEAF038F6FDEEF57AC67B5A6531A341CF3FDB85533C2809ACC63541B84598BC91E640BA036EDF6995998CFAE0D2CFDBD2FC1D304CAB15FDE31617F9BF5BD42634F5E6B62A3C30928E7B0E18AD723AA93CA34B3527C9BE01504B0304140006080800226A8152327A0284FB00000096
311
0100006600000037324533303539462D444242452D344432382D383443382D4339383231463445423633452F5265736F75726365732F38313039333737342D343239312D344436452D394330412D4534323636433946423530452F7468756D626E61696C2F636F72652E786D6C8550CB6E833010FC15B477830D3490C8386A
311
1E7C414FBDB9D82156C0467E54FDFCDA814AEDA9A75DCDCECCEE0E3D7ECD53F629AD53467740720C99D483114A8F1D047F432D644746AD31FE170D32CD67D9418281D1D19AB06CD060B4973AA1DA08B981DC39E9211BA6D874E086BB9C79CE838F0CF7C8173E3CF8287392AF3C46435062932A11DDD44D490BECA5BE54E5E5
311
54A25D5FF7A83EEFAFE8D4F40D6A70DFB7EDEEF57AC67B5A2431A35ECD3FDB072BB9970258894B82708D307923D58134075CBFD322311975DEC69FB7A5E93B60FE1EE60FCDD5448B75FAC7352CE27FD7A0B4AFCACD75553860241EF91C305AA494627946186B4A947D03504B0304140006080800226A8152718245960E0100
311
00B10100005C00000037324533303539462D444242452D344432382D383443382D4339383231463445423633452F5265736F75726365732F38313039333737342D343239312D344436452D394330412D4534323636433946423530452F636F72652E786D6C8590CD6EC32010845FC5DA3B3660E29F0813258EFD043DF5866C
311
92A2C41019A8FAF885C495DA534F8B86193E76F8E16BB9679F6A75DA9A0E488E215366B2B336D70E82BFA006B283E0ABB5FE970D322317D5419241F0EB6AC36393266BBC32493576569B289D531EB2E91E0F1DB8E9432D3297C14787BBE50F39DDE455E5247FF9040F41CF5B54CFF1357DD16A05B163E7929E4F1455231B11
311
EBDB019DEAB146351EC7A6A98E438F5B5EA4B0E05E2F3FF46955D2AB1904C59420CC10266FA4DC937A8FD93B2F925370E7D7B8F3064DDB8168086ECBBA6688D1962076AE06D4F6F8880646ABAA6FC7D30E0FBC7805FF00C363FE1F18B4F125DD80AF840341E2FF9F178217A9C0389EEDC699CA16DF504B0304140006080800
311
226A8152C6E854DBFB000000960100003700000037324533303539462D444242452D344432382D383443382D4339383231463445423633452F5265736F75726365732F636F72652E786D6C8550496EC3300CFC8AC1BB6CC971E3249015348B1F50F4D49B203389905832B4147D7EA5D805DA534F2486334372F8FE6B7C149F
311
E8BCB6A603565228D0283B6873ED20860BD940B117DC591B7ED1A03072C40E320C825F9D8DD302296B029A8C1A3BE0024AEF3140A11EA9E9C0AB1B8EB294312486BF9793547779C59295334FF018F5B048F590DCF445A303F1D29C56F5E9509375DFF4A4396ECFE4D0F62D6969DF6F36EBD7F3916E7995C582073DFE6C570E
311
65C001444D6B466843287B67AB1D6B77B4F9E055660AEE834B3F2F4BF37720DED0DBE8147A5ECDD33FAE711AFE778DDA8455BDB8CE0A0F82A5239F03C1AB9C522ACF0853CD898A6F504B0304140006080800226A815291DD463DF8000000940100003500000037324533303539462D444242452D344432382D383443382D43
311
39383231463445423633452F536368656D61732F636F72652E786D6C8550CB6E833010FC15B477830D3490C8386A1EFC407BEACDC20EB1126CE447D5CFAF0D546A4F3DED6A76667677E8F16B7A669FD23A65740724C790493D18A1F4D841F037D4427664D41AE37FD120D37C921D2418181DAD09F3060D467BA913AA8D901B
311
C89D931EB2E1199B0EDC709713CF79F091E11EF9CC87071F654EF295C768084A6C5225A29BBA296981BDD497AABC9C4AB4EBEB1ED5E7FD159D9ABE410DEEFBB6DDBD5ECF784F8B2466D4ABE967FB6025F752002B714910AE1126EFA43A90E680EB0F5A2426A3CEDBF8F3B6347D07EC6DB9D3D1629DFDF10CB3F8DF3328EDAB
311
72F35C150E1889272E03468B94512C4B80B1A63CD937504B0304140006080800226A8152D045142303010000D80100002D00000037324533303539462D444242452D344432382D383443382D4339383231463445423633452F636F72652E786D6C9591416EC3201045AF62CD1EDB60A771224CA424CE09BAEA8E9A89831283
311
05B8EAF10BB5ABB6BB7605FABC3FC39FE187F7F191BDA1F3DA9A16685E4286A6B74A9BA185395C4903D94170676DF8814166E4882D2419041F9C9DA755EAAD0968926AACC25594DE6380AC7FC44B0BBEBFE12873398748F87B3EC9FE2E07CC69BE7082073D7E597B8732A002C14A46495993923ED36A4FB7FBB27EE1452205
311
9FB509155B9BE1F88A2AB3538891406C2A5E2CCF119BB55A21ADE227F555A303B1655D556E7617723E1E3B529F59439AFAD490D3AE61F45277C7A7AA8B45A259701F5C1CCD5A240DE1AFF6C5F82BDA3CA97F465B1C1E04FD0E55A4390B5E7C2E219E6927E203504B0304140006080800226A8152DB2C2F1008010000B20100
311
0008000000636F72652E786D6C8D50CB6EC32010FC15B4776CB0DD38893051F3F017F4D41B35C441B1C1021CB57F5F885DA9BDF5B4686676671876F81C07F450CE6B6B1AA01901A44C67A5367D0373B8E22DA00367CEDAF04B06C88851359060E0AC77769E56A8B32628935063A55A41E1BD0A80BA213E1AF0DD4D8D221373
311
880A7FCF26D1DD45AF329A2D3ACE821E7F563BA744501278410A8A4985097DA3E59ED67B52BDB33C29399B672D572B2DA3BBBE6AE580BF54E7B2381F0BBC69AB1657A7DD051FEBB6C63569DBED76F37A39911DCBD332673EB8F8E7F548CC1990178FE4CBF285E2ECC3DA6115C4501259337C01272C4FC49FD0F324FF115A9B
311
5016EBC165C303A731D09388C6A9C1389EF5C699DAE6DF504B01021400140006080800226A81529908109DF6000000A80100004F000000000000000000000000000000000037324533303539462D444242452D344432382D383443382D4339383231463445423633452F4173736574446174612F446566696E6974696F6E49
311
74657261746F7250726F706572746965732E62696E504B01021400140006080800226A815200E23233EC0000003002000045000000000000000000000000006301000037324533303539462D444242452D344432382D383443382D4339383231463445423633452F4173736574446174612F496E7374616E636550726F7065
311
72746965732E62696E504B01021400140006080800226A8152B5A795FFE3790000DE7900006B00000000000000000000000000B202000037324533303539462D444242452D344432382D383443382D4339383231463445423633452F5265736F75726365732F38313039333737342D343239312D344436452D394330412D45
311
34323636433946423530452F7468756D626E61696C2F302F67656E657269635F706E67504B01021400140006080800226A815228BB58AF800100009E0500003D000000000000000000000000001E7D000037324533303539462D444242452D344432382D383443382D4339383231463445423633452F536368656D61732F43
311
6F6D6D6F6E536368656D612E786D6C504B01021400140006080800226A8152670136ADA9040000B41400003E00000000000000000000000000F97E000037324533303539462D444242452D344432382D383443382D4339383231463445423633452F536368656D61732F47656E65726963536368656D612E786D6C504B0102
311
1400140006080800226A81528DFFFC99640100009B0300004500000000000000000000000000FE83000037324533303539462D444242452D344432382D383443382D4339383231463445423633452F536368656D61732F52656E6465724D6174657269616C536368656D612E786D6C504B01021400140006080800226A8152
311
77795FD851000000570000004700000000000000000000000000C585000037324533303539462D444242452D344432382D383443382D4339383231463445423633452F4173736574446174612F41737365745461626C654F66436F6E74656E74732E62696E504B01021400140006080800226A8152C55C6636560000006800
311
000045000000000000000000000000007B86000037324533303539462D444242452D344432382D383443382D4339383231463445423633452F4173736574446174612F53747265616D56657273696F6E5461626C652E696E66504B01021400140006080800226A8152951AB8B637010000A204000036000000000000000000
311
000000003487000037324533303539462D444242452D344432382D383443382D4339383231463445423633452F4173736574446174612F636E782E786D6C504B01021400140006080800226A8152119FAE55E6000000600100006700000000000000000000000000BF88000037324533303539462D444242452D344432382D
311
383443382D4339383231463445423633452F5265736F75726365732F38313039333737342D343239312D344436452D394330412D4534323636433946423530452F7468756D626E61696C2F302F636E782E786D6C504B01021400140006080800226A8152A233C2345D0000008000000065000000000000000000000000002A
311
8A000037324533303539462D444242452D344432382D383443382D4339383231463445423633452F5265736F75726365732F38313039333737342D343239312D344436452D394330412D4534323636433946423530452F7468756D626E61696C2F636E782E786D6C504B01021400140006080800226A8152BE897623630000
311
00880000005B000000000000000000000000000A8B000037324533303539462D444242452D344432382D383443382D4339383231463445423633452F5265736F75726365732F38313039333737342D343239312D344436452D394330412D4534323636433946423530452F636E782E786D6C504B0102140014000608080022
311
6A8152966D06447F000000A30000003600000000000000000000000000E68B000037324533303539462D444242452D344432382D383443382D4339383231463445423633452F5265736F75726365732F636E782E786D6C504B01021400140006080800226A8152B92B01020B01000055030000340000000000000000000000
311
0000B98C000037324533303539462D444242452D344432382D383443382D4339383231463445423633452F536368656D61732F636E782E786D6C504B01021400140006080800226A8152E3603EBE7A000000C20000002C00000000000000000000000000168E000037324533303539462D444242452D344432382D38344338
311
2D4339383231463445423633452F636E782E786D6C504B01021400140006080800226A81521E17073A7F000000A30000000700000000000000000000000000DA8E0000636E782E786D6C504B01021400140006080800226A8152CA1DF9C9A90000007301000013000000000000000000000000007E8F00005B436F6E74656E
311
745F54797065735D2E786D6C504B01021400140006080800226A81523DEE336E64000000790000001B00000000000000000000000000589000006175746F6465736B2D64657369676E2D7061636B6167652E786D6C504B01021400140006080800226A815252B43386FA000000960100003700000000000000000000000000
311
F590000037324533303539462D444242452D344432382D383443382D4339383231463445423633452F4173736574446174612F636F72652E786D6C504B01021400140006080800226A81527369B774F50000008E01000068000000000000000000000000004492000037324533303539462D444242452D344432382D383443
311
382D4339383231463445423633452F5265736F75726365732F38313039333737342D343239312D344436452D394330412D4534323636433946423530452F7468756D626E61696C2F302F636F72652E786D6C504B01021400140006080800226A8152327A0284FB000000960100006600000000000000000000000000BF9300
311
0037324533303539462D444242452D344432382D383443382D4339383231463445423633452F5265736F75726365732F38313039333737342D343239312D344436452D394330412D4534323636433946423530452F7468756D626E61696C2F636F72652E786D6C504B01021400140006080800226A8152718245960E010000
311
B10100005C000000000000000000000000003E95000037324533303539462D444242452D344432382D383443382D4339383231463445423633452F5265736F75726365732F38313039333737342D343239312D344436452D394330412D4534323636433946423530452F636F72652E786D6C504B0102140014000608080022
311
6A8152C6E854DBFB000000960100003700000000000000000000000000C696000037324533303539462D444242452D344432382D383443382D4339383231463445423633452F5265736F75726365732F636F72652E786D6C504B01021400140006080800226A815291DD463DF8000000940100003500000000000000000000
311
0000001698000037324533303539462D444242452D344432382D383443382D4339383231463445423633452F536368656D61732F636F72652E786D6C504B01021400140006080800226A8152D045142303010000D80100002D000000000000000000000000006199000037324533303539462D444242452D344432382D3834
311
43382D4339383231463445423633452F636F72652E786D6C504B01021400140006080800226A8152DB2C2F1008010000B20100000800000000000000000000000000AF9A0000636F72652E786D6C504B0506000000001A001A00210B0000DD9B00000000
310
504B0304140006080800226A8152000000000000000000000000370000006662782F39343333384331382D383132322D344235302D394134302D3030434341343742423446432F617474726962757465732E62696E504B0304140006080800226A8152000000000000000000000000350000006662782F3934333338433138
310
2D383132322D344235302D394134302D3030434341343742423446432F76657274696365732E62696E504B0304140006080800226A8152F270F1330600000004000000360000006662782F39343333384331382D383132322D344235302D394134302D3030434341343742423446432F747269616E676C65732E62696E6366
310
60600000504B0304140006080800226A8152B5A795FFE3790000DE790000420000006662782F39343333384331382D383132322D344235302D394134302D3030434341343742423446432F7265736F75726365732F322F305F67656E657269632E706E6701DE79218689504E470D0A1A0A0000000D49484452000001000000
310
010008030000006BAC58540000000467414D410000B18F0BFC6105000000017352474200AECE1CE900000192504C5445818181B3B3B35A5A5A4848486060605C5C5C6464648383835E5E5E6262624E4E4EAFAFAF4A4A4AB5B5B54C4C4CB1B1B1858585B7B7B7585858ADADAD7C7C7C464646787878ABABAB747474A7A7A768
310
6868707070B9B9B96E6E6E6A6A6A8B8B8B666666545454565656A5A5A5505050A1A1A1BBBBBB8F8F8F9F9F9F4242425252527676764040403E3E3E9B9B9B7A7A7A8989897E7E7E9393939797974444448787873C3C3C727272BDBDBD3A3A3A6C6C6CA9A9A9A3A3A32020209D9D9DBFBFBF8D8D8D9595959191912626269999
310
992222222424241E1E1EC1C1C1282828C3C3C32C2C2C2A2A2A2E2E2E303030C5C5C53232321C1C1C363636383838343434C7C7C71A1A1A0E0E0E121212484A484C4E4C1616160A0A0A4A4C4A787A781414147C7E7C9193915E605E464846838583878987B1B3B18587856668665A5C5A626462818381A7A7A5A3A3A1B1B1AF
310
ADAFAD7072705C5E5C9D9D9BABADAB7E817EB7B9B7585A58BBBDBB4C4C4A8D8F8D747674B5B5B3B7B7B59FA19F606260ABABA9A5A5A39B9B99A9A9A78F8F8D6C6C6AC7C7C5451AD12700002000494441547801DCBD89771BD7B5A70B8EE04C702641712605CE034890E220088028C93245451215B713AF388E7DFD9EEDB8DD
310
CE6ABFF4B57D97137BE50FEFEFDBA74049B6AEED74869B7E87404D2814EBB7F76F0F67A8835CEEBFA0E42B854AA5B2BB5B6BCC951A8D52A93657A914FE0BEEE39FFE2FF395B9B9C6CAD2D4C4606F4B7FFF8D1B37EEDCB97587F7CD9B4343BD134BABE7DB48E3FFA7A228ECD6F6574E4786C0FC8B5FFCE2CD5FFCE297BF7CF3
310
CD5FFC92B52FFE58BFF9E69B776E0EF5F79E55CBBBF9FC3F5D3DFFB07F5898ABAF7CDA3B74E74EC0CE20230561BF096E97E05712BFFCC59BC80539DCE83DDD6E54FE61B7747DE17FB8980BBBFB2BBD4337DF487881AAE6C5ACC6AF25207877B2B527BFF1CB3B77FA47561ABBD7F7FA7FE146A5B6BD74E3164C7F51449AE95D
310
B412200EC539418717E7F2F11B376FF62E95FEAF1442BED0581DBCA1BD2780D23F506AFA16E1A7AD974EF17876F00DD7BCB187A1A97AE51FCED5BF2BC1F2BBE5B3C19BE27B43CF26DE00933658FE129B109C2FFF922CC22C4260FA01BEFB462A77DEBC35F42F600C3F5B0795D2E9E02DAD5E650B4438A92801B65C35CBAB7B
310
1EE5041CE69D3B6F1822DFB873EBD6AD3B6FBC71EBC6C86AE967DFC2DFA4CEBFF1BF54F6276EBC114E2F43FEC60B01A0D440A868B2920E5C4BC10D60931ADCB871F3268B21D3851B08E1D6AD9BFD4BF57F7577909FAB86F29B982571136AF01DF5FE32AC3BD9406CAAF2440A54CF176EDD01FBADA1FEFEFE21FE4C9858DFF4
310
183458A9FD2B6708A5A5A137E0EE1D11A9EC0C7C58B2C73C0AD6B479BD76B7790CF899E287FA5B06FB7B07C9195B7851FA8794031EF1FC5F9406BBFB23375420286399B631E93B08022A785C4DBF9996EC3551874094D71B6F487E80F6837E50F483BDBDBD83232323AC420A18C68DA196EDDADF68A77F938F78FD972BABBD
310
B7B87FB164AC6FC2CB760365821ACB74AED44FFAD7E7431ECD7E08AC421F391D199998989A383D9D98E8E56F84A318C58D9BFD2DAB73FF5222C8EFAEF4DE7AF30D756E5108683DA471E70D0502099A7240F19E4089D3FD203E620F1B47BF43501E85031AE44B4B9F2E4D2D9D4D51D8970983FA861B3706FF950CA170DE82F6
310
B312CC4F42C8966295F7D725ED29882415DC055F36DEA1FE96FEC141493F05FAA9A9A5A595B333DED5B3D5A533F62183323032F46EFF13EA0AAFA5FBF7C8976F8C10F7280A014832593B90004D52341980D907EAEB73411EB2F1EBC9F507F92746C40E7AE0AFAE54292BAB2BAB67CAE0746264A277B06508168C94BF772BE9
310
765F7BF0B548FE1E07F3B5A521340A5CB5297C4B12811B89E82191ECF3E41B3259C529F135E23CF4C7F961FB13537F5A02ECCAEA76B5BA5D3D3FDF3F2FEFEFB3AA22053E5008833428DC6C59FA2F770595F311F235D427F379BB8A121BD901B96076A388DC4C3C61C7933CCCD770FF375A6E0CE9F535FE2534BF5ADD3E3FAF
310
D71BF57AA951B6D4CFEBFB8864758A26154430080B06ABFF557610ECC93726224F155D1471041E0D42F82F4891C926C1355B0831649FF365F46FF05300A7A790BD8ADEEB0D4AA9569A9BDBADCCD56AA55AE377F5F3F3EA2A34983A1DE91D810543138D7F28E57FF4E2B5335A3928B76EA1CB9B00BF158C8F63A2E788826896
310
D0B5E7C461949ECE089144F8EBEFC7FB4D8C9C4E9DAD60F7FBE572B416C2F2423ECF8B86C439E450DA970634ACFDA977629098D0B2FAF313A36B3869E37AF7853378CDA1171FBEBA95DF1E44FD5144A420588641B0055A79ED91CC0DC41E27064512FB33F1F04D09D0D2DF0203A646A6CECE80DF28356A348CED8C4F1EF137
310
B9319E1BCD29867CA556AA97F7B757567006A447FD375A26CAAFDED9CFDCFB2BB0BEEE8AA5911BC2C7F85DF88A3775389990AA72219D582409210F85A4E66F2987D875C30848023088FDF77E87F96FD7CBA5B9DCCEF4F4C9FC7C676777577B7B7B67E7ECCCE4E8DEE85E81A6D55AA3BC7FBEB242589CE8ED4770E785D7DDE2
310
3FF2587EBF57F50B9E820527316488E5C32D50F979BCA58207297E2B6D658702FFCD211840FE43FC9F3A5BAD9E97E6F21B9FCF16BBBB3A3A5A175B5B1787875B5B3B86DFEFFC687A72674F19D46A8DFDF3EACA59E405375ACE76FFA922C817CE86A89BDD92F400F2C55B7462F610459837D3A61ACF50C7471C8F2F2A9D38C3
310
DA2F068007F80EFCDBFBE5DCC674B1D83EBCBEB8BCBCBC3ED0D3D333D0B3DE33BCBEB0D8DA35FBF9F8CECE68AE020BCE61C112A4C1138CD47F9AD13F7DC6AB9CF9CFCFAF9D0E01FFE6CD503F5B91C5218E2899CA15098714848B04FCE5654884ABF0E554F11F6C21D73D5D5AADD64B7B9327DDAD8B0B7D7D6D6D07070763BC
310
0F3E38E8EB4310EBEB8BC3DDB347E3E37B5842B97C4E44A0C630427E5CFDFB71E03F471E12CA9FF70E055AE141042DD81234B879EB4606361D9328149037D7D76A571A7E974FA20AD0323832713AB5BA7ABE3B3E3D3FBC30307070B0B9B645D93C3CDC3CDCA41CFC6AAC2D64D0D579B4B1B397A7C1BDBEBD7D36657A3CD4B2
310
F44F4909F2B9CA597F4245C59DEC354316F0587020D0C661742BC02869435FD12CF195C422DB3C5A3E2305C000CE6B7B27ED8B7D63079B5B5B878787C787C7C7C757C76C51B60ED60EDAFA06D67B965B3B672677080BB5329E60E9B477847AE2E9EB53E35779FD37EFCD2D0DDD68AA355B6B0D81860502B8B68C801F5C697E
310
9AD62F4B406244CB975560BAC756AAA577675B07C6D03778C17E7C95CAF1B3ABABE3E3ADADE3CDB1B1B6B681014470343EBA979F8B90383545727C63E43549D14FD0F927E5F1FDEFD7263058FE02EBCD1BDCBCA053496BD58E69BC44F9F854D4D979AE9ADB908824382AC1D4014E9756EAF9CE85B6B54DB01F02F8EA5908E0
310
D9D5F1B3E72188C3C3AB67879B07C8A0A767B8B831FE5E7EB754DEAE5261460243FFF07858D8EF0D658BDC563A2C5EF5833C13C90B69248C4DD97842B61DFA7F210A2F6108A0F96B62E2D3B3F3DD939EA47E30ABF5AB2B903F4BE5F9B36757CF65021E616DAC6F60A1FB647274B4B05B2E5341B082D43278F67D8DFDA48AFF
310
9A13F22B34C7586C9992BA6E66CABC190E313E7C811AA57304B421A75B289B9D174CC868C24548823E230B9A5A2DCD2CAFE1F98E61C015CA7E96B083FC59F3ED06EE60F360B3AD6F79787ED278D0A86FAFE00BA9220EAEFE1D5DE1F7855939C3FCC1332426B377F692406E022C010DB437EF009803F0DCFD3B7C94440571D8
310
F2C328F115F47FD324802070BAB43FBA80EFDB92FCA1F7E7CF9FA875CBB327CF9EB08C4DE4815BC4210E2CB7CF1CEDECEDCED5B757490968286899FAF95583BF46F9393CEE6A86D6F618CAAD9BFF0BE22B042412C5CFB50556815CC5BBE33E9F61ECEC26A9BCB8145FD10590078F9C9E953B513FAE1FE387FAC246E14F9E3C
310
E7F5F8194BD6594140876B6B84C5D6799C61A16434201E5237582AFD75C07EEED9863F463284E2E13425A036BD41061259289B6BDC1ED656FC8B8592C9D00701E27CEA749F0D8EF44EAD8C1F80FFF8F8F9D513191F6803384C800097F24069C407CFAE88136B7DCB3D5D4A60B711F19070D83235F77331FD35E71596688903
310
8E2E0B346EAB7936C4162043E1A1F144093695443A570144898BC4079CEF1912809A3035A1D3F361235F90FFF1E3E0FB93C7E2750719F88E7D8E68123883ADB5B18185AE99F1D11C1238A792DC4BEDE8EC6FF503DF377E0445F68FAF4E08D43082D02170F30131A154206CC559A8D9CFDD762B31273E4947A581E0D9BB71E3
310
3FFA07CD02CE2A6BE1EC80167497F2A81CFA3F7EFE58D0CF5D5D170DE4F89070B0BC4040CC17BEAC6B0586C3D3FF0309BC06F44B04A1E13729929B4DF73C44070692C810B08AC3012E8EE9EAE22067796288C193B2139B970B86F47FAD0F98382B1E035D9C32FD318A4FAFCB274F2E1FA772F94411B0CD42493C23393A685B
310
5FEF3E1ACF554AF5F3552A478383374E6B2FDDFC4F6DFE38F4F4ED7A7FE838F488EA852482F412D3CB07E293D02C9F074F12E84C5AAC423271450572A385449844706475FD38DC3C22486A0639E5F1E38B0CFE93CB4B25910EF309A2224BD8DAD40C682C28341AD69047E8539A6AFC14EC573F7FAD10AE0FE6EB13E87B28E0
310
93B513B5803514DE408809BC12A14876DE0A25F643009E9176D9F0C330164285A7444DC8CAF0E9FE41429EE0A2F6A6DE91C0856C501272404A8468822E24C807030B1D33D40D4AFBDBABB411D093D88C86D7205E05FC57EDD1F805FA4CED5920F0CED39157E007CE21757C5DE440ECBCB46CD283E378029B43FB077B4F47E6
310
0E9F61E8D01BE017D7E843EB49F50A2028F1E442FCC90C9EE308E4C0C2C94EAE30B75FAD3A0EAFA57FE9EF960F14BE15638840EAF3BA490BB6850EDB38EECAFD21A0C746D0C4234DBD035EFC7EDD121FA585FAB73DB89FE6A03CF833AB0730E5E2F1A36CE3F202A128934B44E396961121E1F2C9F32BFCC0C140CFE22C1CA8
310
E109B182919696BFB98120234F61B59F7BF46EC30CF067B21A33B0FB3E402448EE266CCD93135A8E823DB31F85E677434E608F53F8100BC0098EA2FD6BC01770E0F2F2D1E5452A711C4BB8486248FAD756D852026B6DC90A2AA5C6B69E9068B8F27AFABFFEE8AB36F1D23985D5960014FD711940800B560250D2272CC54FF1
310
D3A660B275AC3881E349689C1616E1E9044129D032313509DE4700BC867C71F128C400159407C761022BA8A040F40A244788808C60B3AD67A17576279F6F946923191921B0545FC2F12AC0EFEFBD7262B6935679FC7F80629160ABFAEC88E8430E76D82A8DE62ACE50BD4A42FBF03B387B37FD321B37E31C3F063D99703F51
310
60E6C9E5A300CF32A91E0A085A29C0FC507F6C21012303C6104B82C1F1E156DB3229D1A855A32A8352C9077AF733A0AFE0FB3EF81FDF2F0F82C21B0EB06998866878B103305E31EC17F4FD43831E570A2118D1667632D4FFFFB125782F96168A833DBE78C3F11F8383A79D49F58F1E3DBC780417AE6581381E8610604888E2
310
913E12492881274822C221AD04CB0B1D273B8542837460898C686864FF6F801E8269F40AD0481DFAF5E6E9C1F3BE391C325004DF0746A4E4448F7B52C0D5EAD39EC46896B888C4210D68E99DFA2820DF7FF850EC407EB55C3EBC5028611409BFCB8889C90F1C52355AEF98B18100094C9D0EF6F64FD47E5CBF3FF5293DDFB4
310
B50DDD54F351446FA1F14580DC3902C085F593CB24ACC917B213BBC11B3F0A61042FD8B24F4FB9C4556D0CB9E1A880DE89934CE9607F18F81FDD950DD0E1D143F41D56110E227C250621FF098838042BC85B5B6BCBCBC31DD37B34966E9FFD9936A2FEFEA9EBA4182E5CD3E17AE35501FCE0707E5525A7DBC64DFD077825BE
310
37CE0BBE1BBEC061410C660B6E49912665E2B3749C7C9F93834022F74CDE6CA5EB501D9CBC04B768292C5CCB84478F3CA83074092C6082169015E5800D5839DC6C1B58EFE83ECA513BDE3EFB8EF1242D2D4B3FD55AFE03D42F8492AF8A3F21444FA2FA9ABBF525EAF84C09F0168527B0138A85D1EC0443C467B28BF844EAF7
310
6323BE13D7C11F72FED783837B970FEFDE7D7817E077C17EF7E2A1C2C0FE851FE4C008388C15E818958746129E1009D054B67530D6B3D8DA3D59D82D9D57CF70039FF50FFE0DE94089DB269C3655A4F25B38C49D0BD48E59F1526887C18FC5272197F85CA72862A593A4843CD25F920487DDF7AA0441A2C0600D062001F103
310
FCEEA3D8560CEC3EBACB01CAE5A51E420349F602191E5F901893142381351CE17047E764BE50DEAF9E4D8C38B6ECFFACEB141E54A6865A88A60133EE9CBB4C256930B0B168C1C3AB59FE1743FB422C7166082E934AFA5EFA3E4BCE0B69362FA7041818B7FDECE1DDFB4D022007CA23E521F0700AAEB5888BBBF08023E128B4
310
045381542FA256B0D04E28A0C3804E233A1BFB476A2F48FD135BAF9843BEDA3264EB42BA499601F16B566E72C7EA35908ABCB9176BBED43204C696AFD3D7B24B08D3AFA44BE243D88A6D9D0B6562B52F741E1610C0EFBBAF2B0829289A640EC4C8A4FF66A24430786CEBE1E1E61AF9507BFB496EAEB64F8F49B4129EBDEC06
310
5EC1F8A3F228A3CD0950883B41BEC6D1944AE06147289600A7726313AC69A3F91197F1438BCB743E76F01F6EF1D1C854071670FFFE43FF1EDED702EE5A14C85D0C42DF90B86068800659AC88981855E3E774A71C0CAC2F76754EE7CC87C808D1E1E0F6CF47FD4224731337BE1E39C5010823EE997B1491BBD99FC8D8EF7748
310
2BEB5EB2CF66499A8E0F7511B19B3EFBDACB6507BC78731B1B383D02FFDD7BE8DD9256F7D0BA7B46015941097B80018F700FFA024CC08078F51806100ADBFA163ABA8A3B95B9D2F92AC30BC908ED31FABE0CBEBFFF0279B675868F9AA24E9530B08C174055B7F48E4F58002F3E82F0BDFA003E8B431EB6C4A91E4D9B5FFB79
310
1265BA8827BBE5F1BCFA7F789F72F75EC800F8AE43FFAEC42F13009FB905A9A0132015D0068ED7682AC608BA6771038DEDB3B33082891FAB1ABF5614F93238079726B833958796B845B731FCB86316713C1DC581B1E19B424EE32674093F80776F7E27C6FBFAC85C536CD955B96EDA2A3FBF770FF4BE11845470EB3E42D022
310
000E0FE07D161811020742162444668308801E133A4C163BE68F6826A5523071CA78B2FED51F28F8C70FE4190073A3E5D3259D7A288CD19BDE623F10021BAB0C6E327FD507B2741627727EA00D31856492F9F009D7F152D930704E642795C1C1B336E0DEBB7F0FDCB79318543B25341F36802D64A981A690B94259607DE0B1
310
9D466BF8C1C5E1CEF9A3FC5C639FD6117B4BAEAB453F8EFBDA500A67E8BAF76C8A06566E36EE1184E8329419161F83D843D5DE7D8221163E145F56921C3EE383978072129E290A9B7166E63D26BAB1FCDBF710009E4051842390031845F20077CD079407C575F20364C4910ED2A574BC357630B0BCD8DE39335EB175646A69
310
8458F6A346F003A93002E846FFE0C459B8006E506D79BF902908A0AA05CB5E73530E33BA1D3C2EF99C712B7C8B41DF4D2A7830BE8707485FCFAEEB85A09AB6D39BBF7B4F23E00509C20DB04E240822A4B810E04D8D53D10D504C059ED86BB8697F514777717A8F8144D48A4C89077F7EDB00E2D89DC02A7B975640A282C49A
310
4AA84B70B12BFED8EA6584860DFB7EE23FCB00C6BAF7332FF259FA3C9346508813E372F1DDE425065BB61FDF8300F7EEDDBE8D0C6EDF46F7D8823478590AE23759D60DA6B7A9F125EDE8F4A5D2B37470D0B63C30DCDE3D3D59A8D1501EB1B0A5377517BDD6E301F995E3F955F0F58FAC2E81CE172A8344AC03DC6781939D24
310
84B8FFC15E8F3ACCD3954CE19576B942D0A029188EC7013FE59AE90B71292DE774F1F63D60230180B30A2EDC65291B6211B4081128856001A680015CE000708254891851D4B3BED0FA4D7166B466BFF1D2A924885AD12B387FC0FCE6819AC3AE06A7AA4B715F0927B74D119D4A668FB54B8A8C268D8B038A207D10A7B1E95E
310
42195B695BE0240F7408B311257C23F581E987C180140C584A02B1670CB817CEC0A080F259F1360E58452013200E3EC107AC1DF4FD7B0F6D23F33347F9527D9F51E6138E31AF35F1BDAAEEEBA3D71BB402E2FB47CECEE96B4DB85536772B07C82A34F3E66D0BCEC207FEB9E70643761276F7B50D5EE963CFF80C7AF4A2130F
310
5BF8C4EBFB5F07B709840480DBD8007FB7EF3F90104908BA457D43AA2A6A02C91422285E5AAC143F3313A0CB74D9D164933B86C25587134E8D342B453FC982860D09FD13ABE72055ED020E85D3E312F74C25CB0293D978A1C4001927C80B86FD06349126EC219F0C735C8053D8F5F310817EA01F1B7851F406144C211C6362
310
C27DD51F1E310C0102280ADB891E9B085CC528A2B1369A46BA195B9A2B351862CE43174BA73FB7CBB430A5798F4C54B7333B96C3224A9863AD02B9FBD8E63092191924E77C199D92887DA594B6DCF0112857162FD0949FE6A441F5E62E42FB2105BC405A2301A3424601DC807912CB2C39C604A27908021CDA30C4C8C2019A
310
883B3A8BD393BB3546136EAF561980FB63E9E035FF73B96D09A905ACB2C11D79571C5159026227DDBDB81396EB03F14100BEB66DE1FA9EF82C3ECCBE318119C4269FD014E66361FC8BB0B4EA9A98EF3D8848A01360430284335004C183CC25BCA82D2302EB03B8419241C64DF4F5ADAF77B533BE786334BFCBB8DA72BDBEFF
310
C36103AFB30608A0B39B58D93F0BF42180841DD26BDC22CF0A770E90240006BAC65197D90920131C7B2EB3CFD3C71C6378A305EE8488FC1FF8D391E2BDDB0F6E3F45E7C8207C419800DB410073A3173942CA8D5242642A74496FF115832A6314D9FA4257577BF7FCF8F8E8CEE8DEDE5EBE76DD3CF892BA7FB8B90F629431B5
310
525E92A15A3A4A6FEA3FDD73136172060959206591F4C927196CF645AA285CF3014630121754261C0D31E1A7E3DA2DBDB54B04703BDE3A4209F02045C4BB0F529A14BED07098A2A1CD47513DA64B512F409BC01663090796D787173B5AA141B1B39BB470EEBCF1E30F9D263ACC4D05110797CEF7B923B027F089F74D1D06F0
310
A4D8C0CDA6604023FCA45B76C5CDE0BF3845ECBE13E0C0ED73700A8A753C1AC8AEFFF1B407FC8A20F42F0D94019121DE304077A027D4112283BB8FF0072444D68AAD111D6F591BC0061854BBC048EBBE9E81F6A33A95C21BFD13AF3C7E7DCDFFEB0DE8903F77B41DF178E99C289895B0EA8CD640549D68935BA7C5294E0A1D
310
66DA0CC419BD398E6265789CA1241441AC94532A3C19C95340BEFC68703077EFC1D307B71F3C500859C11494838E902203A2BE90EACC5135B80B078804340C920C2300BCC06F7A1C71B875DC572C9BD1D84BD5FB9363CA6BA7D03E5C40FDFC54FC23C9B4B9DDD028787D89219038523BF64E638BB37CC25335937A00DFD328
310
69C5B390C8C32FF25C8C47A7181B4A599A224A9DADB0E0406FEFF9F183B7448F081E3C55024FB33828784AB61704482CD0160C04174F9E33BA9291D58C2F1F1B1B3B5863B0D9F3E51C35C253D54A23E560E2C0CB3A6F7A81382601C2079CAE96B7B1560D20A341E85A928A4E01083256420576C2ED477E2E565FD9223BCC69
310
1CF394D3D8E281501E0EE5C1C8159E92585D255CF30CC854C75318006EA4A01028EC853F9407C6053910BE105348324002260254886C156260F9189EE0F8C9A3CBAE9D5A992184568A69D5183A7DB97DB089FDC57AEE54F858FE54F577DBA85309640290F2D220952620750C5811FB772A7876D1E4040FBFC6474D51246D8B
310
3FB378283FB514F8AB3C20B8BF7DBE5DE541C9A5D3D38DDB30E00151E02523081BC89C2214103E0BC1B3D0199A08E002681A2613A2616CEDF0F0F9C5DDC75DA395C25C0309C03DEC8091A4AFD3FEB504AAC6633930556DAC86EE3561941E862C4A75DD6B6BB3A0C59BE153DFA73EDFCBC3CE2188D3D378FC976D0EF9A95B7C
310
8532F527CE3CF539581E0FE501291E9139FFB65EFF5DBD8E0C18DE3077170A64E033FD278F18068028802F156C3809FDEB11B1019C208D020C9BA2870457F0F8E1FDC7EDD393E3B9FC9C4308E9315704233F960E554802C14716B0B45DAB5EAB5E25AB7830EBB8D25E6CA94E4AA01794FB1EE164FE9F040FE82C940A4BCEF9
310
13075D087E85A7237D3CF29C47E4E676777779528C4781761F0BFBC1D3A77880E40C9A2E5109180D5255317890394229F0F082010354082D574F1E3FBAB7D6553C2113DACB97BEB5526C7C6F69F9310A94C46CD89FF8F379AD1AA035FD00FF3F320180F01417A6F255A3A8D86319FE0C0B0E06A0DCD33F79841339C01E5BBE
310
1911AFCFF7C1E0A540BFBDBFCF2372352686D863F83F59CB6865F43104007EE06F52406F680341102048A01BB048823082CBCB0B6AC48C313F3E7CFEF8F2D1FDC3D6F6F9F9D9E98D9D7CAE5EADE2A6512FAD7AB526E17F600C85550DDE9ACFE9D97E694513103BC69F8A2813176032C890C1E9C49FC09C61670FF8705B1D73
310
86260E7C8E7122C7F8208A55139E8C8D4763F7EBF5728DF9C34677364E3A3F9AEFDEC9CD95470788834F9FBEC512379890B38C94205B2557987C4186DF5C0837608DF0F9F3CB87B7EF6E920475752A01460E556919B2B64296FB9FB70DD5F47232A0F77465BF140CD001F00ADCA175090E2665A14E6329B62660E02A1CB50C
310
6025E3DA252A670B3F0FFAA5EAD94A509FE7036B159E0D1D9F2E76B7AE1FD5A606198D3A747AF450023CBDFD162278B9446688111009B4029B0F2180AE20A542D40610C073B47FEFE1416B2B12200F3C991C2F54EC2491027A816B0A34A9D05C6F437AC23462385DADD75642EDDA738AF1600DBE07EE8437804D2D011A94DF
310
71C2085EDD40266A407FFA1D1C00B0C03927E60338E3B9D8C47D1F8CAED578E06F7CFAA4BB63B175FA7C301B747CB377F45192003CB8FD34B12009224543D8604494011A80C1903CE0518C986208E1C5FDDB8FDA161686873BBABABAE74FA637BEA894A44078C19696F326E057D7F95D061A6B0394A9D5F2DCAAFE4C2388D8
310
A6E9AB7695CB0BDD0A332430F1A9333DA41D1FFB97FA09AE84E738C75C407C260408F8DBD5EDED7DE1570A7BE333C54F16963B46AB0C2B71208EA3D16EF4EEDCD7005241166C005A73C03164792151205C007288AE337B4D7103741BDE7B7AC913350B348B2D767515674EC6F72A0402BBCB41C81305AFCF05F2758D3ECAC8
310
D26AB97606DB9581A4B7A8FFB068CD5C0604E6849046B70C2B60FF0CDDF93C13822B4E82FA0479A68220E66D9FD775FB3C1A9CDBDB9829B6AF2F77EC9E0678FB20ED8D1B1A1A39D10F9812E20D6281F5673121AACAA9C53424000DAC173F7E18C3052EEE3E78E7F1160F5AAEAFB70E0F7775CFCE4EF384DDEEBEB9C0889D52
310
43BDF557559FEDE5F17AB21E118C4C31A3DF6A96B56AC62180293910ECD6B721047664BCFCC6B2DD3C65CA0F0C823DFEF84083C7ECCDF05898EEF158F4FEF97EB9C123F1B9D1D1A3D9F9AEC5F5CEDA84A3C96C14A55584D62893D6A54D8D2028D05C8B1F124884543F3223B29D208B04910D3FC43F5C52196AEB5B5F5E58E8
310
E82610F08C21BD443801233C0CE8BD1E40F84A1CA86001990048031ABBAB11EF83F9283EA89F181F2A0D9A9F62D94B7F625FD727E6A93F63F200F614F7CF100D4511C07DB45FC5F0CB4CA359ABE4774631FDAE85E599EA0878A3C33D5AD6430CF4C055EE5FDB80629000D7855DED3F436F3B61B3DC7FFACEFD2B1BC6FB0696
310
312CFA477CE87A87070C7998E04FBA78AE3F915A065E819FCF35B410321D9ABB308146A11AD5196CDDD7C477A171C8AFC74B45CBC6F641AB53C8D4ADA5870C02379BC0470CF83DB55F073E29CF5CE5F7A3F8FD62EB7AEB1774C2C6780B9523F9287193FD23DDB79FBEA513B45200E2E0C1B51350163AC19043C600F2C1DBF7
310
DEBA7BB9B5457BC0D840CF325EB0BBABBB786D301437000020004944415472B491ABCCEDAFC0591201CAC8EBFACBF367FE7B6E40E69F551BBBE7123E3C00AC560CE20C62436E8C3C54CC225EE08C0D74CE26148877689EDD004FB2BFBFFFBB984035373A7954EC5EE8591FE531348654514DB1D1C56411DFA2A7C212BE5ED9
310
1278F2851A432244C6822C29C85A8B320ADCBDFDD63BF71FD32648E7D098CD018BC35D7FE89E250EF2AC75F96C15271602687965C844B8807C6E7729D93F22E81D39ABD62A0820C1FE9F11CFA7208125D33E96FD69E83AF6052DD32D49FF0802CD9F9DFD39260389A950887A647CCC99BAB17132DFB5DED35138FB3A060F62
310
95AA5E195BF0BB56495A5A4A8FA440026E46A047D40ED2520A441C302D240F201FB8F7E0EDDB0E12A04D8816215A0579E8FE1B1281E9F19C9900DE79842E2A7CCD48E9876EB01C75DBA0E0C8D44AB5512947A00BE7CF5DE9E1A6A6BE43CF1A78783DFD5A404E4477336C1ED8B18908B2A847B2AFE9839E891137A6673BBB96
310
FBBA2A4B8E9373B001F08369BA11BE8ABC4302FD2345FD6014A127068427D007BE28B41D9B0D40FFB7EE531FA673C8870A69135B1CEEE8D009C08042A5B4EDA314920B635BF941E7487E45256439DFE9D276295F87E698389CD49FB394FE19720412DEDDC40E9CE9C6DD605E0B719FADC416CB15AB3A61F9B5B9B9426E54F8
310
1D8B03DD950946D432B40CEDAB7BB5AF11213CBA73C9BCCCDAFBCF06127C7980FE6D1DC9B4DF14832D6568FEAEEBA76FBF438300B541064ED33F3AC0B0D10505306FD370AED02859234402F6C3FED006766DDED2034D90D119057225EEE3DAF787EBF30EC51ACB4F551678BD6728E1944730C095F13E4D81A4DFFBF67C5BEE
310
37E62A85FCCEC6CC6C7BC77A5B477E22223ECA4FCC0F87E2A5E3EB782BDB25B8CFC6736A044DE5A7CDA604526361D650484FE283B77EFBD65D52C1C73C4F48E7D0D81ACF572F2E2280F98FB230508FA906B42DE240ED651B301CEC83DE1790C9FD96B6CBF986BECF3BD332C18EF627A0B6EECD5B152E02088D03D828AFFAD2
310
6B05BF671B4F9A09A8CE0CD2707F67F2A4B3BB75B9ADA331C1305BBAC182FB4A79820B7EEAF73199B8404C0B81231CDCBB871B80FC41FF5860E8E108222A1A076C29E6E03B6F3FBD4F1F295DC457573C7ADED636D6B7B8C88413DDF3B327E1046AA51040B40CB50C7E3F1D2E44DAD34CFA604029BFFBE714DF0C069908027E
310
B275F1F366C132E1A7450B04011CF82B2B647CE754F650FF6E25BF37AAF65B7BDA16CAA791F1D09F6CAB989EC5AB7809BE145FA459E8D3E4B0FB47DAEF093B946FED585B80FE1A0305FD5330FEDB4FDF79FBF6BDE81D8300CF6815E5F9896552412A03F31FCDCC7CB5E32365550CD9365FDCCEC8752E943161D78047336F8A
310
F6539840A1F2E764FDA2970999F205CD2BD1F5CF496571F76EAEFA0E1CF8FD2A55FD06391F9EEF8B9DC9994E72BEBEE1FC928E2F223EBA0FBFBFB4F2DF137BC894B8087643D64ADE6EDED67F7680FAC9060239E845FC94AE93D880F994FBF71FBCF5F66F9F32C292EA900F9C1E6F1105E81C5B5F58A067A448143842008D72
310
75EA3BBA3D2516FDF02FF79260020D6B3C714711F3CFB61BFF56A826E627E82256F7400FB387FEF23C1C1E77FD6A21EBB1B2B35F2F95E7760BE1FA3ABB3A981423477517EEE36FF96F122B942F6FB64D9502BD1B9089162532A2FEFED255028FE653C9F46FA321E0B588B7DE79FBED07C44106CC85133CA65190543004D01D
310
02D8181DDDA5A9C91A7110805B7875B689FC3902200FB192E7DFD936B37B57D9C338BD49E99E181F4E5FCAB2ABC1CA7AAB382CBC7D515457CFABE6FBC63D525E5CDF74B16378B9AD6774A58531912D232DF01BAA913DFB7D3AAFF912984302B84D0500077800D26C60A4742101DE420C610C2E92FA93056022EFBCFD5BB6B3
310
8651470CD33BD87630C05831BA864C85997B8754B05167F0706499DC442FCD22592AEC2ABF3FF13F950039BF159FA9B36ABDB2778EFF83F70972B83BFD3F4899E64DD8346AA495CB155A7499F2CE39B0AAE755125EB84FD8CF8D8E4F4E9FB4B72E8F1DBCCB98B31BC4607C2CFF21C8145FB48EA0F2159F86A3098415609554
310
DEFA7B27EF1301033DD06D274BAF6821D220DEF96FA4CBB60B3CA241C021D38E1AA76B4406B4767576166766A6C7F77273F5F395291BBA19F64F2E3095C14F3E60371827741CB27E89543857D6D96BF9A47C6A9A26057840332EB843717AAD171880217B71FCCC0355AED3D4819911F79D0EA8AD6DA31A83E36C5DC2D47029
310
5C011302387069158F6C9966022367ECF1D00BA9BB95C389AE7B6105A1FB640689033A7FCCFFEDB762189103A61C3A4FEFE0D6A6B5A19EC5755A443AE78BC5E9235B047890A65919A0D2F96AA3C01CEE913BB3ED239C3E0CD8DDAB99E4348BF3F8B977B6C43DEBEFBD7721A839A63B94C06A10DB87FCBFA3C2932F8C26F88B
310
6D6BB30C3C4E09AFE40FAB52EFAA1EC0316920E031A46D65A0FFE45A673432E907FBCF86717AC04F2CD0EF512D665FF53F05BFCDC43489F150890C60A8E0314E70A06F619D30D841189CA15D3417F3CD50191AE4396543F0C42BCFD696C58DF163F5B46D708BD5FDDA5E5E5FDF9401BC4F7E00E8A17520833D1CBFF495B5D1
310
CE037C664123EEE74737268B5D1D3DBFDA6AAD8C08DF2C0BC7A737E10AAB2A7B958990CEBF556CDBEE823CB09FB344143463C630CFFF585D330CF0320E921744A7918280FEEF981161008E9FBC78C830217A07B7D6985E83F9A79884ABB5AB383B4D7D788F9FB3D867A2112A43F19042B33A108690CF6F472F8661CFAC9714
310
78757F6E6F2F7AEB82FEA85E5715941778B278281F28C268AB24BDB470EF3303E09C359E9DF1CF990D8A096106E6A66C8620DDE7D281DF0B2831F20439A30D68386CE13E002F7EDA8D7806162B205D6A19AA1FABFD6B1B400EC2BFFDD66FDF7E8755B4883C043F43046C1326136680404F1F934EBDDFDD39CB58A98DF1BD78
310
80E0532E671FA1435E9D6EA5E9071000BE8F262E7C4044FD95D5FD526EB40A05A634775F32205C3D779FDC168CD5E56BF982508BF572BDA4F6F57D3304BE9EB18149461B12F760D7485891CA47CFC44909136FBF4931716A2E100123FC6CCAA6A644F25EDF4AC980B14039009BECE8B798BF69A05DC5B6885CD23F8E13A46F
310
F0C0A986D617F001C52241801E87C2974C31411DA3A5D7B6175472763D637D3E57C33B908F867F4A59CFCA7923375E5F027A983E18BD7BD4E6FDDBB2250C1529F4202EFAAF979DFFB1F2612E87EBEFEC58581EDB9AA95AD1D7C1905F7305BF8182D5BBB524D47C4E3B81CD843220DE1E6536497C0962C225F75A2D6A998303
310
B23FC501F0B3F736EE1FF01200FC8C99F5515207C9C40081DF304C0A17D06E26CCBC5B3C47459308178301FA8057C2C0AE9D99B05F038828B08400F2E3251254DD7EB8BC4853B101F99AB48E387457C96951E5DB670648BAB70A7B04FE93EEC5F5B183F9739C98952C6845C380D401B8FC86E70A20744EC720E09D35955D96
310
A9041720196D183AC2CFE6AEA816652D0234883D788BEC8F5DF2615261DB031C2381092401B48D8D2D870FECEA9C3D99DDB036C8A051058030E32190976718C89F031DFBFF2EEA3D88606A8A19BD0AE305BDFD12BA4FF46F1A0002B07137989C748936E9DB2C91F43B07E4E4D16C3779CF5A4FFE8CC981F07C29E34B7C012A
310
F0054FAEA4A6A3D49D3A16D2B3CF220A029003366663053C89B3FB1827080DEC2780076FBFFD8E39810CB0593CC68B5D9009F2D400418028B0BC6CC74067E7C9CC0C2690FBB084AA5254A12AF63543B35EB40D17B693F7E3464D5094C00AA9E04E0E0524F5C35C5EC6BA94B21AAF2440725E2A9FF94FE7A8F0E769EB83FDEB
310
039B631B18BF396F5C13CF89ACC02C387DA56DC3B1CD84B96CFAAA37B55FE723B611062258257D331F186AC93D8AD600B4FEF4AD777E4BF68F2168FF08C081A37AC13446C859964803961928476D78F68419390D830C1935B5C2A0A22A3AB17D3D6428BF12DC373B8D464E04C0A496BB3B3B75639DCC2500E0F0B15FB6F47B
310
5A7ED0183A87CAE8D535F2EDBD4B3B7FC762DFE65A07C30B2851DB890082ADC07131EEEFA3DB7DD5CD32C0860CA83CD4B7993A175F422A8149B1C1D94C1145059D9C78A8A572A90B7C8B1E3392FF77A80C50220880FF3669004E90F101740D2B808181455A044904674E7482CC3EC85C4BCE339404C0B0BF6A5611E4F9B815
310
7BAB6DE327EC9BFBA1B4557ECB609C1F45326499EFB90EE78F18227F09E563C9E63D847EDB3B68EB9C39E95AC4F7ADCF7D87F6752BB6912040281E4A0D8A8314E80D60470999B8A51FB1488A66A9F3F81FFA61C83F4FA6969E472288FADFD61B005E0EA4284822E018911828E868614DA0C36E11F3A051070BF2F0840E35F2
310
00E2C0C80A776CC9E7E6841C0503D0EDF15ED9AFE527E798D23BEE5F0604E58DFB7099D739BF0BA5D332EF29F1535995BDBD0DE681C4F71DFE6A7AC5A13554AE6910963E9ABC9A0DB5B202225545F5CFACC942B5B93C207352B6E5310BF349AF200175D7DFDF78F6D683B7C87E087FA9B35812C4F8F13452CED610A2207541
310
E6D659A739441F3833CD0C9C3C3DC2B0712F62333C4FA9327C9CA1124904B4FDE0FE21C119776CB0C212AAFBA5CAF80EB43772ADFE77CD9FA8A4144C54C2FB2304C65F62FC3678E4F6C68F30FEE1BE8383CE7DB86F58B1AE0C51F0F055E188D02F00911DDB0991832228B3172B3E623E513FF1734FF414A611A603163F401B
310
EA790FC9FF7FC3FD3DB02DC00184145B850D01D120424DC03C00FCEB7880EEEE939399F1F18DBD4AA54C939899304D913CC2D5CFBC55E50C7FBE4C0E14AEEF53D6843DFF56BE2D554637EA047D3C210E2C61077875FB5B40E19F43AB7470CAFE1C0D3ED3B3B4778D1DF6D4F837C08747180FE8394F2CA1E0A46B6DA62CE2B2
310
DABEDE0B1924098580FC16B369730E9E90541D3730D47FDE16EE1FFAD3419CDA05ED1F2715C607F2E81893AFC5936303F40EB776F1D808BDE393A3FA401E1C706E154C892860AD74A2949C409E28A8FB3349C764D13E4D1D3468952B7B1B35001BF41142CAD58D6011C8B78961EACAB66E9AFBC627673B61FFDA4167950A27
310
4145BF11EA17BA9AA60815C2C43AE1F648E3772E53C94E6364AF826019E723069A8AA353A3BF7FB5359281700061FF64C28C10B9AF0B70B0B0D30A31CD1CFD22F68C76DA1E44558869257892363C091D313EFA46B57C3BEB252E9C6BF5B4799EC58F1910F469E25AA17B343799DB3E33CF410061F96C6D63FA91B1000CEBB7
310
D2971BDD39A2A76361E000F5DBC1688D47CB812DD60F8001AF25B328D173A9E4BAC18CE9F1F628704330741B2649B92E9714447C68559C6CD2F681919367E4811100750058809D0230C087A89FF3C80C23C4C60882E481F48D531764BABD5CCECA308DE2F63D3BB50373D630796126803C2D1FBAC148F7592881B395ED7D26
310
B7DD38D7096AF98841CB37592561D9C6565317AFBE9FC4AF7371E060736C7635E0CBA1809FC80F544DBAA1F2F9393D970D44C0615A0C6930E758B9E63AE690F73045F0C8C0731DE9CD80F718E94652383458799E02C06D328010011C7090D8C5E5336A83D4059953877EA1E1D66FBE994F04608C4C991917230FB61F9AEE18
310
3A40AB9108D032449FD1A7283DD25ED15360EF7EA9303EDDC0043403531EDEAB10DFF87F5E2FD56DF0F1B701A9F614DB17FA0E0EDF6FD0B1622A81FA3D1DE5A33F551930335C353A87F9AB05C60455193448246944A232C5D07636D864CDD7A50D0B4440CDCC465D1C418321F50E1648D500294065D869559EF3C40C8FCC6C
310
323E989AD0F0C73142480B200842802C061008B480A9954AF282052B3AF67350FD0DD30D1F4075AC303A5D490250F5400ACF479656861E4C77AFF327F3EBECA4B57B6B6C8FF62602BF150744656A87DABD7BC6BED50527B2120C001A0B3718C74F0C65CD34F275164D7968148DDF259AB8AD6CA81CDA4E8819509B996A7F64
310
2D987A401A2B04018C01E6C169A8700F9DE3B489DB2BC49C9B7B858A4F50D22AE15428FCA4A1EDB20C83492690CFE361CC7F8C8066FFD0D77AEE797977F468A36E0B0DFC87F90EE6348BC748F7CB73B5B9DD5C6EE7AB19ADBF6DF359F1DC2A0F9E44F213F8041F64274C0859A2AB7C37440FEDDD2F95BE44065F22067E3EA0
310
CC3BD8C0D8194EAB291CCEE20B9CD8E02950AD806080047A279F19024C837C848816719AC4A34DF8F0706CED904E8185753A458A27E4C1E37B5F30A104932BE140E0BF4E400160F320B054A8705042FFC47B4940810173F9C9E97240C7FCC3F3813EA239B745DE9F1B1F3FC2F9330374DBD1A7B475923F9A2ED81716D18D1B
310
577DAAB9D1A0458655AD3CA7E211867AE7C702DCACCD291E0F798013DC01BC326087775C0833E04EA3778FBCB8DA4687A0255CA0AD210C15661E4E92001A4449031D1DD27D327334BE830B64DAD90CBF537A45FBD4E94A7A88888E715B7E74FCD040E818BDC1BF5AC609CCCC015DED23877080FCDC47BD8EF3A7B783A17D33
310
F3ADEB6D6BC7AD75EA7C7852C5B6FDADA6AFEFC2D181C03F8C40DD8A4AB5024F0B72E34B57BC1182472DC80946789AFB711DB7F1193C03C893B0345F420246114D3EA71D04FBA731C0DAB0D3CD311B218F0D5A15ECC105D02F3AC32F13600084731A83220040019B03180634B5923D438300B05BAC80881F061095FED5D572
310
A3323ABD83F1D37A2301A8C930AB3F66ADF7CBEFED30BAAD7D78A06DEB6A87F15491F5AB7E25842B6B34BEFC12C8A159F187C64B3CBD2356DE5FBAB98BBE9583F0E3280C0076DA15BF34C15238145742B07080B1EFB83382F9FEF2239D003541041083C5AF9EF3C8944DC2030BC3ADEDDD9D27475800693049E05413BFB3FE
310
B4308731512F13400D06F813368A0101D8D863EB3E75FCCADED124F532AD3F123F131AB46A93DF1ECE7F96CE9EB6C365C6D6A07EEC461FC919FE288AF7AE1A7D012D291EB073735FF26BBB1C99FB706E972192819B7A34BF22424BEA1CC7958AC2E04BFC8E02DB90A4A1DD04811ACDBC181037864672C78F6C0EC3073A40CC
310
49D5E813593B7002763BC6A909D31AC86F3F6E335C9E1C309BC58F16418642E2AF6B290A34FEDC0CFEE08FCA0F56700699CB73B9C99302AA17BD516D7F1FD755A2B32B3FBE7134D3BEC813195BD355020A7DBB541539CD2C06E45F46FC0EE08293E6C0E1972176D9B678340AA1A4823404EF79B1E2347E47C35D0A2260730E
310
0B513025DC0BD1C07E3366E9B9D17F767405FB531070700035618606F0B40C73C974CFD321B0C174A80C0F3AA54945FFEF348F5488895713E89B5C98DA501E06D8D24FF04FF0CD7ECD7BAA755A854EC6A180AD13BE094E8D5D63BFD6DFA5F5D3E4DB1BA18FD8473DC6E17FFC9832B71A2A94D96E808BB53F9192955D62C82E
310
282B05168AA0927D54AB20A20A74800B7CC9655C8B15F62377CA4C91641F9F4D0478F4FEFDCE273A002CC0A725EC165CE3A149F0333E8E9600B2C05A7D15FD831F0938DBE5D0FF13E3C0F0765965A0961C3FA86DEEB0E28304747BFBA5FCDEE44C23544F7BB7BF7A132DDE34F99E44EC3FEEAE92F667A10F7E90B0E8C6442D
310
F5A5318B0F816311DB2E6DC6F172C363FC800EE09186BB9EC82A24C0117700CD884AA42023B81EA6E0CF8B3056411110D78606EBC5AD5417B45BCC8E61EA01C4006AC233933E35D860BC1B6CB9C9CCCE7840D2E0C1C1FFC11CCE54D59300F2B47D66A10F09D8E24B71B9BDDF98FB62A3B897C53EC88D16D1FFE8C649B17BB8
310
E760EB20B784F52F992544753F2CBF642CD3C9C70D8722C197142C567E74FB431EE248A8F3FC00377F5142144A82FFC28AC2970A780C85A7EE9146FA4B2981F3C93BCB0F3FBCB6DD3DE69C72B6073B99140DE28B8E919D9D9E7C2F5FA99FC1FFD07E9AC0965CDAEA0A945FADE52C791EA989E8E7A21A355FB37E44405D171B
310
98A6E946DB26AE71DBD01FEF07FD378F5B4B518724481820890E7486E3FCE61A60E096D577701890EE07CA5D7F2B086040749FCEF3F81972E510A86359C9BB579883035887542090614E5C4461705D7CA1CF84DB564838606CF1597E8119790D021080C935A908324EDE9F60A04B7830A33F0670CB08605B8D01BF9A3D4356
310
93FAB4FD84EF6754930640C1F9D74B052A7ABBA9F502B39DA3BF6BC7514EA4BEC71D752BFDC198EDA8DFE8F32B3EF811E4576B0A2074B99B070A069F60173E7427BDF285024E35A4418B7A412914F2800F1965C4F1120A2D5D2C64400563D5942044807BE7C738EBF3034C4A6F4D70C04ED1F97673C039FABC4CFF18866E08
310
200BB66BDC9CCDCC3FFD1E43BEFC52C317F0F5E64900FBFCDA4DEE68768FFF46350E0EDADB7B34DBBEDE3776BC55599AF84E312229F931E700D04478D66A0D88D09B2276141AF0F8811C5F8067DC04C0F90929F7F1AC9CCD368488AFB965C97B855A3E2E93AE5B4866502E55991B82D4388614F2C36B8484A5FA06E3EFFA98
310
4A6AF17D5C2073299D9F12FD63826F67FC460E54030981684E9FBFC22009A3006962285FDF4FC84B699FB5BEF3736C6072F6844C15EDF25883037DE6BB7AFAD6AE164B367812FA8CFCA6FA25725D99AEC5C6EDEEC64ADDA2BE0056002032E1D7A20A54CF444E360D520A5B69816C0A953CE0434A8A898BF18E2B704588C01B
310
DB2133342F5404FEE698957C200EF54E31BE6DF4E888C9C67F5F3F1B41F922777E7FA6332677C20098C59F762F5DFE4A23F9801A3BB6F8A4F66E0D40EC867E92DEFCE84C714FC7CE8DD3DD3BDBF9C781B1C3B549FAD2C89D711808CAB100E09700BB85240374A7209212F320CA577222A7020E7824500179FC7096C714884B
310
DFD9499E027ABEB3CB0226CD293CAE6E0C41A6788F396606A073E28CBE5CC67D584D36CA39D37974FE1023253E3FFB007A26F657FFC901D851130DDC2BF54884F20D5D40A0B7E5C7BCC7CC87B84F2ED820192CCE1AABA1FF24ADBE1D03635B5B3B53D4A5F84120125FADC36A0E792D3AD7E255792CD5241A4C84171F110409
310
0017DA493D0A7790A7BDE6DF326180398E4B0DEADA5C2763825E43E05C388E184678C88CE6422606C017F030366981353DF03A753DBF6370879F79889DD0BF75408724DB53C5B0063AB6568D02DC47AE4627B58D7E367A6000267E7840C23A0940B992DB98ED1C4731B4FB4DCFB6D3EAFB6CAC7646F0335C5031888CD74E21
310
03380260AD47176D703960230370FBBF28813524C17FFFBD6288BB28E4F905ADB4A788B40B4A6201C1878BED224DE9906C4C79EF32EE679B9F5D3B5DFA137327320643909A823F62106CB8F9BFE4BFEAFF0FC7A6393EC7F64A698EFF8ACE31BA05ECE6DAB6DF124118D1D13F892F3D3530602E3F3ED3D59DFB821ECFA3D9AE
310
85B1ADAB9E328DE738BF55D5DFD039445AE76D0194180F57B15BEE5F09C07F952F9A10372BC894CF7DA12CF6507E2A8916E0DF430C519485C55D61EFE209912D8C32866214E121611E22A0B1238DB18E86636A3BFAFD5B4EE02FF1E505F902BDF424D0516907BFC95EF3A76B6B3872769D67E25B548F0DA46E2B93DFDFD5F2
310
B9E9EEE1EE1DCC7FBE6380DFBF38A165CAC73DF912AD76A4690D2B766A3EB4AFA2D05BE543EA20B095FB17AE3F1928D84482049B659E671A4763CFA567C08824913D37F2F92F841FC244085C1681225C04AD6DE1684831682CE0D6096B56101C0D4FB3A1BD3F11FC1105AECF5660BD3FEEDF162B0D9DEC6DB55AF27FC98050
310
BDDEDFF63ED14B01336053A19DE9AEF5F5D9E9D9F9E19ECDADCD497BCC57681922F327EB41FF681E17C1921B04FBAE371AC69E53F98183E91B84897A5DB164158BD1D12FF6F6BEF0E02847727BF2628F9FD48B6FB11DF6928C868B29590A0606F92140D0C08850DAA7DD8A5FE8A50389F61288AEB743E9C801BB67DBE0A7F6
310
4F63BC87770FDF57AA73FE1F5A84F8DD3AADDFC32087FBC0A7D645C327B97D65E7A8BBA76DFD9BCEE1B1CDE3F5F7CE4E6DF4013ECD7CB60BD1239E8A4E9A5722AD9C4FAC8F7FF17B214AF8801950430639A08E3ABD05A0D94E253BD5951C885B0CE750309070555FF21F2EF83FF53F4E15038B8D8A244740A5C9CBC120043D
310
A0B323FB1DA0A4EDA268C05A304619505000BE10415DE898809DB6B66896E60AE347ED3D6DC707CB7D5B5BC374A158EDC343D0EA61C217D4878CBBDC1D85686782C3CF4272E7DCFB5E9EF628F5A95AC1AC0C6848F5771329EF8DF2BB79EFEDEC8DBEC72EB7F245287FD4B31008AB38EA4D52F2BF57167159E3004CD8950E21
310
7DDD6F699FC763E9D1A0AECC701F7BD4430A3E030374066938F883C01DE40E7DAFD609345E33570F4CE6BE467FBD7F793B5AF2A9D331D86DBA7BF98067918F9FCDD609A0384B523F4413B574B818C6889FAEFC5E7B8F90CEFD62BC2C85B2478D54DD076635BE434FCADE68B3ECF1C8708E27863DBEC352D87BCC7A92A8E135
310
700CDE65BC114026DE5DB68275E656D2C0D4087293D43BB4C9C14EA83C0D806783B40DD7CD4F19EE9F33801F55A3F1FD600017A6CD5DE607783D5F74E34680E7DAB98D99F6E5B5ABC7F7DF19D8278322F6A97FDB2FADE1539BD945DDF868EE2B8B70D9EDAA45D1BB0A5801198CF1DA891540474745BF0317F8A3703E02510A
310
E94B084221F887FE950272D62D4232781054A87C58D015CD45EBF9B70E60820A2056E9D4D619E8494BBFA68B61EBDD8CF52CCBA124BACD4A4077E8420A7F36FCDAF661E577B792A7E1B7E337C7CF1FDEBB3B49F501F3C7366C1730E793F51FA20A9C3D2E9F18E63DC277449054CEADA36DA0807467D45F8A744E1BDED725A0
310
33868703F1392BBE221158220588F30574A0B0893D0515B0B7C404AD0E7F40C11D504C49BD7DA39A85A19CD7357DFC966E5D92272FF06D59CA5A6A1C8AE30E52F1247C1F1D78F81887F9F3E387075B170F9F5EEE4A7F5BFC69DF02FD8795FCFFAB472E7C88D563DA514861B85BD41594A75F5E866BE69471110A9F75C8609C
310
7E6BF6C7C727431EE3E9E3773D2378C25226E82C08104A57ED273FE0921D6990E02B006BD038263BA360355E8DC446A380F0BA35FA9945A80CF60DFD54054202F91897C241C147D59F8E0FC67CD0F2BF377A3463F8BBBABCFBD6833C57E214AC3F5AE9C2FDE88852968F20337972C7E04EE5658223008AE82D93BC37D8DDD9
310
00BD6B16EF221F0D4149045D740A8A215D4FC186C658E01994B8CCD317465828704BB630DA2243B3B4ADD3EA554A97408454148C04A1A0CAAC2E04033C04073851F54380E0BF2DFFA43FAD3D6B574F2E1E5EF6E5F4FEFBD1CA87C161FCBCF5C7AAE2F726F814027BAE10F79BC3D765D61D1803952210A9AA07F8C6BB2105B6
310
1145B324F96014EF223D4A9261080239F03FF6F4DD4975C183B887E081F7A467A25EAA0C94028FEB808637768B07400A8235D4EF33143253198900E079E3FACB0C59B00F827A5785A6FFE2FCF0C0E6F1714F11CDE5140D931D707950631F3DE877F300002000494441540ADFB08704E252AADE1BD4E8DF55796A32B9B6F177
310
37C67702E5C638682737286CB0E0A89B624D5BF28222432848C9AB8C07170C97B814FF492A61072407D638006F7C8400860444C01B1930A522788045633DFA9507267A3A42BA05925BAD705CDD3792FA23C1075C6EE768A673919EB6C3FCFE7629B7310AA794CC9C0D14A1FB88F95C845BF22543F57996E0B26C9E4C2ADF18
310
7F979F8A55F11B47BC26594C52588518D25E6C2B1CCED231EA1B748F093E5726A21A54C91EF95789041030C20FD5AD68613432E19A4D0DA2505B6BD843516E10BB00AF9AC315EE9FDB39CC1F9EA59CD88F9CD071D470C86C4647FDEDDBB1CDAB81DA94034747A779F4CED497CFF817348F69F52E55490840E48840BA72DB71
310
F3E84F6DA2F4717AA928F153DA6E4C7E8E00363CEC9A2E1C8E65F298FC4A52F087FCDEE5CBA38A80CBE11FF7BC2AFF249203FFAB77A128A001B1987BD334AD9B901890A8C2005B6B248196AD09C0025ED841325B31845032E327C531C839E66DBAB39566B631C2FF0A1DA5A3CC47E665AD8751B47CFE33899DF047C9F3C365
310
E3B11278D49DF939298E09002F6430F9958803309827A7C791048CA070061B7E9A64C557D235F83EE24822E5EAB805F9862F20FC58F483DC0EF02181F572930205107E00E523861895A2811309808F2B6C14B2AA579E893753C155D2F54302007E9FF36AC5FEDBCAD47E182D91A73920CFA5C18E01F8FFF4C3F1FF553BCAD0
310
E58DEF85DD63B91BE38ECE1A9FFC4AD4A1FBA30D462C328C5A0340DFD393D3D3D3C0659195C96990F391EFF4175213BC74C020922D4830FE215E76940962BC0713A3B82784C0CB6623DC40D6E1485BAD454F6892200B225096127FBD82D2B12006BAE2E329C771E25FEBC0DAB3B5395289D56D7A8A89081B34EE06F80F819E
310
FE75C67DEEE95D227E283FE98A7B9F1C97D2D05B4D07A469153C3DA3048EA68FA667A6D90E291C7D7E2D063E4D044964D055F2DBF3E31BB851AE9F78A0A7314F0AD24901F581D74A6929142039C65AF5830D1C809536CDC05E4BA51038F79D713DA930CF18BA3010E385351CF47F74D439BCBC793556A1F99814926AF12835
310
E251C59BEA3C083EC2B2760FEBDF4304C9EB87B35769E1EB24B648542CFA4EBA9EF93CD42F03C08F249A2C98897D8E2225E90077823F4A52171A61219998CED6FA050992B6B0A74A2220ED12123004FB977084208F8E2AFC80F456CB110BCA647A3A0F854085D84FE0052BE31FFE7F925610BAFEC06FC33F9931BF063F39DB
310
3D1BB20EE357F594045F4226131578582CB055A59A073AE0413989D215019B6EB8A21CF154D71164E0D8F4E730C2CD382D098DA5261456A425643686BC8301710F2C50665881399156AA2B4C3191BC555728384800CE10040F746A3D8A80A5F0E500A93456FEC52833BBB45203DACCA37FE1D3EE4B9BF0EC27ED47D89B8266
310
F11EA2DB8B5A8BB93EAEDF0C06B7AD0402B9EAC6E787365535AF19F15158308A9D9785C1BC1C01377F8C6B4D07B50DAD25649764A91DC9812C7B34CA98184084F7C01055466B48058CD44085AF26648520C85C41C67805462D8425680425559F4440F3ABBE1F3F81B1EC72708767DDC8FFB6465796C8FE310FEABE0C9B242A
310
74137EC3E0427091967023299BE5D6D4D0C6D15747DC2AEA4ECC57C72856E827D33CBD319D70FF854369EB841282F84B7CA4881447ACFCB257E252E00FBB3272120A75B99119840858486615636E0E0334031AAA8C08A62E080053A0AAA4158431EC727A084021D41CF5D630C94184F6FE7432E8F5F9A4FCDF3EA7CF136FC2
310
988093F98ED622E38E4976E1BF0CF49D2889E6DF3566719FE1F9B47A2D3BF89C69155DCF24F88C609EE551160F0415900B4C48FB013D8900A9192A700748002924771A3686A0A580FE4009E00ACC090253E280B90AC15048E047020483A038A60ED232831F2CC90498648690D960C48E439F18F4DDBEB0B6F5AC7B7B89F623
310
0243B4FA160A7B9327F3AD5D937C8BFFE5FF8B3A5E64283BEF8EAB9F71159514CFED62DBC880614AA1F7994CCFAE7D8C87057F451733699B8DF87056E1F0654B5021E38097E4E23221B810DE20559AD183A61C2C88A648DB096081E9801CA00BC1DA0124E08DAAC15FD2936905CA8DA1C40E42B13F1764E0C4015EAD7F8BFE
310
C99A310B1B7C0BCC7746D3C0702759C89EAD57122092122D1F857067684A578F1DAB7EAC400841F493A468113282FFE42316CC74C756B1C880FE78795C692813CF4644480EE9B02991BCA257A71861F00666D9410288487618D120D0E80D7773E2B7DD180E100EC98B221C94BFC4FF531A09B986230F1CD08378A8E4D0FDD7
310
D9B1BC75F5C12EAD7FF83F3ED19EB018620303C217A6A35D826E72ABF2D8E2BB1B783F6E48D2E3F360806E1D192085D022103473A10375B63853EC54F500B5B064DBC20945B88160DCF7E4F83A0200BF6FAEAC88E9F54D22D898E43F378D20B51B5D6B1457000922202800DD401A9266483029C0D6D57ED80D42A0E6E08835
310
F0F3AC73D7FAE6D56185F04FC44472B854EB7D9CBF7134DF3DDC35A9F6B38417DD6F508B37C1A718B0D054124176F7222F62DFB327F34D451799D56216880193254FF782D7DDE26C271BF38C6E422E271CE4AB8823C9510F021126A7A944E00DB4031D013C88EA0746C96D4574069BD5439C4110403B40020C30B07A604F1E
310
41D19C21A93FD9002DFC35F23B1E7B98E95E38387E3603FE7393680410D702FF9ED5A3C5E5CE68B5827D721FA78F3A9A0C08A79722D9C9B418F46C0057BB1640C70AA4A03D29CECF33987596D53CFB27B32C3BE304C540E14BF8464E080918268D254838C91A01F0FFB99154FD8A9C0495EAA6534A6C464440B4A71E16100E
310
7405088122A35F7A511DC003D002E6C8E7E15F6D1D2FD09014139EC11FDC89394621F77B9F88EB5A583C41E2FEDBC8F82334494C0BFA97FF3C3A34ADE60385B60E5A30CF036E5E75370BE3B83AE73B3B7DC0BB337DA0045299ED0C66681E4AE223D01B1BC3BD4C921E2005FEB5114739040758189BA8A320067B62A3995E47
310
20055065AC2B4A8006BF8CFCC907C0063EACE41813C5F017065AD46CFDC6FF1BFEE052932CA3478C8E5A6F25DC8503D40F61FC1B047E4DFFE8E84407C81F1AC7B5C79DA358551CD0D13785A9AEB38D6EB68A0A8087FC6543E7471082873CDCE5CBEA1EFC5CC0579469E225428E9A43D6A6000B4219DE52E8DF00A55F4BF503
310
5960661C2DB88AC1F67C2890A93FC420193C8326409E7B595FBBBA9AE1D1511B3F6D65B09AC10A71C2317201A603E88C56CC68C91279E83F5C147787EFE6C675F00941D23EF092920330982DF38C65EDFCA89DA98E8ADDECCD77CB86D85118F3DD9884820B1128010D02F1060F582871CC8FF42024C02239273A1CC3BF71E7
310
70DFB7E96081682803188118B50310BD620234F230B12711B063E0F0490FCDA9248B580D3D3DE944A30CFCF2A1E0F6E59E8FBEA289CCCC943785BB8880ADA9C2FD70F6A13F5418444E3A669273C006C4B4EEEC067827539FFBEA9CFF04D84E7F170480037005AAC8829084329899F90B5E013927F8E646514B4824B01D11F7
310
2C012CEACD163B6358A4454A4221D06E68A71062520649BF9E9127D0772D6E5EADED52FF216BC2FC513C7D3C5CC4C8AF009811826AE20203B076A2AA66D8D32E317DEE0EFC000FCE16D9E0BEB17C74AB009256C5D8AD1CBABBDA61402612C675FBD72D07E633B1A42F2421208CE01397560811204306617A5141706105C9F4
310
984C459F2D0F6C392FA05BED808512B0B9A8A9FC6CED89640EA347D31F0DF76D3D9E61E800FE9F7601BE4C9614A1C58E6C839F13A12D0EB426DE6386B82369A9E6A7F1F9146EB578A2EF4289AA109B4F6CEFEC0463E0072A05CC9DEDEDFE08407B173B8AA65399C80B2911252E6290C82CC1B8909140C11B7AE161B42B9390
310
5045D017E00CED6D27AAA15F2C2179F1E83D411A7020B9408D202381E7E5DEE5A9E7E5CDE3B186433F488AC81554BEC09BC579018ADD1DCB3D9D70F02B14BF9159A4DA376225FE43DA224FED327941705DA582B2FD1BB5DC0540667B650BECDD1D5DDFB0C7F36DEE2B94F6EE2EE4E426F20A1174C31DF153321A24114C4FFF
310
25E505475F6906D4149B21F1BD9D9DF7B059F8E0FD83323CB97991FE80EE131A9003B81C491B218B1D42C0C0D593D9D548003839DC29A740298B0C23F0CE14BB167BD61989AEF0B985C8FAC8F923A73F31953989F0F6C96CA6C4D0A9A88184BEDBBBDA3BBADE77CD8E2FFEDEEF46184A86671D7DDC51417477BE9F04804F30
310
5AC82C2D018A21EA903866A0F959FBD4139916D036635EE03DDB7408BCF0627A03027AD314C09B0A27F0A79490D53839D0DAF1416995CAB24101FA63F75029D57A4CBBA9FB4D120ADB17FB5A999FC9420DFE04FA670430B90FE7F589F7FE8D50A4B5F004CE5F07EB4EA007F8AEAE8E8EF7DB3BE2F81F42166C7246FA9E62D0
310
2C8209BA1024414C483498B50229FD923F2414040B2081390AAC353B5283EADA12A30B1080866D746B9ABF5BC107F33C2A015B275480759334B83AB02175EFD0DEC785DFC505E0064F4EBA5A97073A74C5C9FEC97BD25D819E28AEE661FD2732B8BBFB1BF13441B3C1F45E8AC1752BBF80C113DE960E0AC7D9D02C58C80505
310
A19BA0E84B14402601A590A4AE00A825E98C3212342302EE10FC5100681F86834A2804BC409D70270A2091DCE874B16BE0706C974EB3D26EFEDFFCA6C4579AA4DB781708469F055532A7046C6BEB0CF39F3ED2EC4FBCA3D00EA91CA68FD2B87B5C191E0EB2C300F00A1C9881F263571C6CFD83D079D09F176FAD839340CF03
310
0F70458F81F09AEE1329505150CA0A00576B56C06D58070B23086F685E44232D9D53DE3FC3731044F286D19F459351863F749F1104198D6E14BBC68E17CAE70D7AFD958E350BEBBC70C9C4DFBA075240DA27D40AD7DB063A097DD3F041EDB3E4B682A7A12A548F3393DB01945547175879989302521EEB1431B08759B632B1
310
74E0F700E774FCA1BB83F95029ED1A084288C8893520E49415E00DA080AE8027C34206D35491D050A4C6B080F6A20889A2FF82379AB6234F6710C05F9080ADF002B9C9F9C583AB220F45D618D7E7F7547FB27CED8A8B7A7D24EDA4988B0C1C2A1AFB53FDC61BF3DE50D63C560F0120B0372F0839DDDAF13E583B868717C1CB
310
8CC71D1D7F440CC82184803144196EFD58BBE00B7EE77DE8C015942357FB06FC906A5E2B8882CCF9FFE184B0035A5CF186A962A63F84B3AAEE3D5A2C830008807568B6A9F424086D2095A3E262DBF124350082C4B5DF4704A9D2C93553DE47BD6766B69349610716999FA25854F759CA9792599D3837ACF6247CE8597B0F96
310
0FA3EC45B61715050260C5844FCCFEC9666BC71F875B17E3BCB4CB151405D7D08F846B4CB952248B4603CC402B609E90F0044A007FA800EC46D07A51232B00E5683C55D5096E1374DA4FCBBDE2C25A5B8D26008227CA7758033D7D70DF12CAF7F247939F93F1CC63047D63ADA0B7CC8771B234D8095FCDB577B586D1834062
310
035670E204B245EC093FCBE15626C10D210CB38A13F50E10A0D5C0814B0C4B30AA9858516001669002229618F100767AA3D6D2528595FE7A398C2D2300ED0013A0AE60B91644A057327BD3C36BEBF48C91279B45F8BD145494674AFB211A91977CB838DF35DCB3D6D6AA2FB2784B591ED785DFD7DB77747DAC9D2F7674810E
310
FC2895F9ED8007EC7885101679C06F21E4B1C8A6120956F80518D1DAF1717BEBFB5803E20C6F2A11B2E48AFF4AD2810A70054623E341B3D1ACD92DA91150DE631EEB2C28882D092049C0DD38E262A7BD6F98549930C9D44B7C37028AEA9F8C5628A2BEF5704C0DCB2B428181B1BE766F43014498D2E57791E4C8DA6BD2ABF5
310
003F0C40202E2E32EDFB02852D16C30B7F646B98FDF86C7891690043128B0A0DE6B4EA27F08C30CA34C9D0AA0852A5997F8D11A6EE84E040B20472020256F4AFEBBB74E6705A12083B249089218E6452C8E5A69717E904A3F5EF3D5D08EC1F4D4E85086B238CFFC11AB9AE972CB775616C6D1DE04DDF073B4DE3747C41FBAE
310
6072901CAD0237100670C5A00C2C3CE063610ED824826C1F6650700E88C00B62468903A0D71D3A390255AD7040048348C56C4647413C2C2561216E0C469203EF06A5B101AD40D0E207F78B124747DB5B4BBB4E88B1C373C114E0470B345156EDDBCE1B4DBDF81DBC400746B0B54E05F693707B89A5E430982C2AC7D10DFF11
310
D5B102B9505034B35D07E8E5F585757F088B390F2D4C85CF7218E8418BB4F25B885053D07D5A908326809F31D6CC6B77CC948413B28664484439D118DBAC27DB5AC40C1AD166F25E6A2F0AE82100C0BF220405323E1FF80DFC518CACA8DE1003F3C9FAE9C7B2D60703A0004F8EAEAD2DE0F5485452D15B77B4B67F4C2403B8
310
D8F9C533558ADE058A9E177A1698F75DC0EB4C800F74C0270178C8579C1FACD025F0560844502D2BBC01E620030CB93636C1041636A693949CD80139FD15BE107F905590A292840F8860706D07E2970A2F15E5B13B87C3143CB2930374CC46A6F9B9D7A5CCCC14E11B9E879A49FBE27ADBD6DA82410FBB94FAA8487D61B51F
310
4BE0A03FD08743C31020D6628ED20305A22C2C2FAFA7ED1E7881C438AA5B9035F20759E243C51F34D0D5F02F11403B9E204CC1686C0B6C9000470561519CBE1B0E4FBEAB37A39EE4B84C05F023858779341991F36D9D9F351E7BB3B5ADF00148D9D05784F9AD8B037D48C01BFA83D4247F03BB768BEEF973A14E610090D4B9
310
6B1EEC5C5E66928F28EBEB6CF578B067DD83086081579848E60DFC7684044D8174993C39F886043481F6A2B743B18749E52447CD4D230513032D20D20206E536E15BCF7B7D211634F98FF9986287F33F9A94615A5A0A7CACF8DF5DCC1AC6EF9AF1945EB78E0A2FED1DA2ACC00EF983F9A012260BD722EF61C9DBCDD8719703
310
ECF839029010CA0B9F100B1D2842153E01A1A3837AB579516A31982FD2908A09100DAE591016CBCD4B011A2F4DE299E1338CE065DC4841BF9895D8C81714800CD08F5AD39601BC929B55D291F6CDCEF2AB40DD5D98F4E6F107C47AEE4A09A079C05316F479DAF4C2BAB83221BCC0CE23FE3D3D4C7BC9AB673D89A3677D6020
310
F6E182332028012FA0FBE0B2668FB85485902A8E7FA0BA2105C213E20BC2169211A4BABA7D693C3F1DA961F203694853137073AD5CD25F1C017DE0477626D7BA55B88F83B5EE513C41D814639FD1BF759171F4577D3CAB0C3DFF68B2D3B1F8478C18F67BEBB2598FA76A4545E9E961BACF657E0791D2373030E0EC9FAEDD17
310
BEA7703A738185D08236C407448A4CB504CBF01FF43859D3115488EA01B55078000DF085911805790DE1B41B6F8CB2889C3834FE02AFE07D85143C6C008438A944EA63E047023A7EF37E13B0903AFEA7BBAB9579330FAFDAACD540022980B65A75FBA17D388F1E6576405CCE7032D95BDA420E7DC0EFA320879E5F8B3B04C1
310
D2D9C1114210C19FCC49DC6A855E12010184DB8968109ED016E4683CD552A36B3AFA13BFC2114068935A7E774CD2C7225642B73325938052D8634ABC18DC9442BF9E0402E85B42F9F3273672DA8E8F1070405D1DC3248487574CD98092B8B956E6AFE1566530B78FAE05B4A0DE51FBAF85DD075C7E11939F80E015A58D1F87
310
E400CFFD2306C4D1D3C634380A201545A92BE01F445800BE12302AB477BD6F62600D211232EB061448A0D2B877BB940D63D059C37E0569A83DE93E214F4BD86209FF6F479C640AFF8AF6D1BFD987D029A94DB7C329B4184D4BB013BF912FB88FEEF913071A8D82B651BC10DB067A7EC52FE1B421883144C00F64FA23A11CF7
310
08BF16CA59F18D4C04B8085964B2D8DA4A855187000BE440BC816FFB13374640B0EB1D0998AF38A1AEF503F14302E2811081FC12EA6CD38A63B33035125F40F170C0B0AA45E9FCA38FC6D688D48563B5C4B4B7C359D3C7AE0EFB16ACD5E2FAA47EF8307044B4EBE1C71E84E742D81431FB06B90B600B9C239E277A57C94C42
310
7EE10E7826980C0136600D916A06058CBE8604DB4D314FBC014EDAACD0820F14BF75449B70339490FE5A0491221BF95F949DF1235380E969AABDBE2D32EB4403D3FDF17F42F9A0A7C28ED75BE86BDB7C7EC80C76F86B8800F77B305EB88F00A4352E0F8089EF811EA02A3DF08F7DA008F803BE4B4EF5F41E56087099E92070
310
8C3D720916444440FDFA013D4E1201414123A09290F5BD7AB729298209C4306D007BB0829FD4EC3A6D7E4F00B67DF38CA0764F832F0448E58439B952CB4F70DF964AFA74CCFDBABBDF273E2FF4F56D3DBFF2A78D42FFF2755DF307066497F44062AADFC0CC546F6DCCFECECFA232E14F408F05477D311B683A35BC245FCF8A
310
5CD2AF20022C21022266905A5BCC8B20235D6FF04019CC04058AC80023662E25F342063165956320BE50370F2A657BACC817DDA3DDD3EFE04028645780A768FE38DBA88BF2EF3ADADFC7FEACA952E5A77568ECF0C971DF32BF1D24F8486B22A649EC81B1B60315CBEFC026091CA45F858D7D04C1B437079431E63E38F88075
310
8842E780A9E03791C0FAAFE10012588C3C592FE35461A6047802BA18686887023A422A49599399893103942CF6DA53A8E387825FA0678B261F139F801E2B17C901D0F5217E07AC2401A87D0480F753FBED44FE949C93A1D042B879FCE499B3D861AEB23F9C1F372F0C24D0B7D6E70FE1AAF60F84BAE642D82F0A9F53E22783
310
915518494FDBC0AFAE7DA282E5050B703570E06319A015E00D693A6BEFFAE493941C3B08C13B96BD20D0115A9565701DC58568A3009DA13E965765C03091F0FF339F7309D44F6E61F837F1B1FF920450EB8FC48F9B40158BE89C81A597CFB0DAF5F5755D3886DC13D4479599B583758CBF35663AA234F133F91D3BCCFCE0A7
310
94367F385C59B19431780F1C099131384056616E15A1563B50021D369C593FB292685A68A8B2A50A0A2085CF05434617E05FC24A6B077B990014421A68401AC4D65788EE25F737EB780D08A6E38F060F2ABD889E1B889C44852C2FF368C1E3E710D73B6589EA83F7417B341ADA1F639A23D15298F087AD0326410E116C3A1B
310
325218433C71AE62C07C1480F1C045629724A076A4BB8D622D24690486727F56108D07046DAB065000678E04C4F8C342DE27F4AC102D854F2D08D59B4ED0E4F697B0FF62F113646BC5B7F3131D4EA8BF8B265EA3F2026E7061B96F6DF3D993276B2180B8E57067587428579460551049049B074CF8B1066C7E14C705F0B392
310
98C0997C17F701097023BAC31081390196801FB0C2A12380042927503D5A01CA127F9841B460310639C674BC8CDF1A320501448E0068905B07F6E5602F8C1F07786253438CEC51AE61FDB25FF71B09893AC026A9EAE3F30F369F5D5EAEA5801FBAD3C98B38C13EE017B054F81A56F05259DBDA64FE270B1FC4C77200FE276F
310
E814B916E222575ED717A62A92956504605268408CFE13FD61F84252228376060206802B9550F00B9D47E6AF1022538A752CF4FFF1F5931384A9FF8700EDD4FFA2B93FCBFABB3EA6C607FF714B0B8B04EBBE83B52B246092AB018C0D0002FC490849F1E214AE6FC42009D6D86616C835B65DB9862EFC4480C14137603C3089
310
D0A5588FA27E693DD184131BA4E88C35045ACEF1CDE1A82323C20B842F2419604821196EE8185BC834AD44F8E9B7549A32900196E9ECBBE20FFB4706861AACADBBFD9B56A23FFD3AB8BFACC18B1B5AC0ECD7B6AE2E2E9CCD2BE8AF1B1BC3A813B94107E82DE67A42E7CC7D4A6116700B5B2EE3C338A09B840F07C40A64800D
310
7C605AC42B72227C4C7020AB1F20056E26F542717F56534261DE3766AC10A6ED2D006DD03BA9DBA507AE0510A8B385C92363B9154167F1230C40D76AF6F3BE0CA08F8BA2FFBBCEFB09D0986550E0F0EAE2F2780CDF850CB0F88CFC2815FE87BD83909F474F45DD47F1C821DB2107A8817FD45384F57891B65F2543D0C1E20A
310
89B4A8DF806862AC27C60F6A054627FD344250718AC0FA21CDC4E28DBF2650D1B39D8B8A420C348A4F846E2BE824BF8C45E1DB8EEB52F576F47A75FF95F90FCE0FD3A7A08D48D5B9AFBE3EA658E1676FE3372FB57F0AD8D70ED4AEBA3D4C2BE0AAF1C3AD63A6004D12900CFC481A47430C9EACB390038642C8C41B13303166
310
614210592736B8603AD4FAB17189DBB32F3915F0C380795A089A15228460BDE8E52203527D41B5470901B088D84FF8B3FE2BA7F4FD30ACAB3DE0B7E2FF95807AB0010FFDE3A048F7360F9F3FB9380EE537F16F8673131325D3351A3F664022020811A0FE8C019CA17370725CBFF64132025DA1BE2555102212E80A907FB43E
310
D80A991A8AAC183932C19AE17524B06590B6AD286EB99BAD18FF4BD64BAB519202F992A963648ED30E7521F909F090C0213E367A77D8836BEB6F34D92EDA624183070248351F1A079E5D3E7A9EE81F2CE6678F92E299EE312B6C0572C0A7B5EEE07853612403813152C7125E2022A20C18F855DBAFA399817FC97FB6E1CDCA
310
31D348434ACD0012F0D32A5456B4007E6E92D72B1A4E9971223A42C1042819E4049C0C5801300C0013FA48F8944FBAE71DAFC27F1826FA2304ECDF3F6C10FF47D5C7E49748DDD687DE8E91C09394EE0682A4F84CFD6067EEDF43E67EA46CB2F4070160439245F00343D03BF25D7E2F26FC400A896DBF19FB8D4D0A66DA669C
310
3D608F9CD048A0533621B25690EE19D5D15248E390F042B12C682511B02BFE3E5700E4C9A9B2107A8F45248FA48234FD23005ED1F4EFE80D1320836F04003BF42856D478D1DCA3ABEEE3C68F9F30C3A16E5C238EA5DE3FF37DACC2F8B7980033F47FAC34421EF0418A045394802CE032D61C70023D788136788613887C0011
310
A4EA316E005718AE191F8D0D841B9C679CD2FC478442D005429166F5A24403B1E6ACF3298F388B6D0BA933D92339D48969A5C11F09B4FF017A9900A4F887010C474717E10F36468032FF33F4AD610517777104CD920C3CD15FC5F3B3A0C75BBCA3B00F2724863C10BCD4A0E00736C7981F2F72E4B001438B99714FCFAF713A
310
2603BC710376A1715FC602022202E06FDEBBC680A3DF1C4C095A12C50B554FE7623B50374FB2129DDEA4C392C9188077658C87F55FF92FFA507FF03FC8DFD3F31BDAB46DD51AEB03F7E1B38B8B87CFF47EA1479C3EBAD5C6B382C221C0F1B358B39D76D9D3142C4A20935F541E492E0EF081BA41B3620A8E172B584EA14856
310
32E22A8221CEDAC6110AFA4B6D43E2B76A18AB240BB24337721C9321D2C033B2D3E2641A55A400A28403C12D1DADE39AD23FC5FC08C47A64DC3FF6DFF76B5235124022D7E6D6D5F3CB870F9F31C96FE477FAFE54100068A3A87FA5908A2C08011CF31309C10025B089FEF9C510522B8DC07C30AA469841723A10C08E27F00F
310
7FBC181C083F2809EC3B2B328E294AEAD5A071B3A95C81D2DE3F930372D022C9C793535B92FDAD5426E90490C3C81D000017C6494441544698C416520C1C40C71FC204B22448FD9303782FBA67089A1A7D4CE38E89050FEF5F1E078A4DCCFADA058032C34C1CBC2E1202B1F8962B1A8024F0EB7A11F209E96FB369D4B64202
310
FE7BA230AD24C46413536EAE955B341B726C593B5D4630C0BE822480908522B0D85430230352618DCD4F7BA6D568BF4343801480006658EA3EDCBFFA9702B4FDE9022163C43F9B72B58001A23FCE6F0B3FF0E4E1DDFB9801A6FC42FD0132CC1F2224F89933107AD30B6C9131A53818AE944BE25A70810821C38F098411980E
310
46D108F483DC63F49B91B852351604091D60546702F58A3872A1716411B642C7629C267E64E77719F46B0548FD6BFFFC86A38DBFADFCDF700228C124C8664FAA02BFB1F92B09800876FCE4F2D1C3FB4FD0A44E0106A8DB8079751CBF0BD9340066C3D52BC64706467C05B5A54401BE4A1B0132A55EAC1CCCB10D378A3DFEB9
310
812022327745EF2102886A9142C812A1A2C9708027BB55B7006357459F9C2080E0BC34489FC629510F3017B62D5073E2A2C64048A0A42580E413BA9E08274091A398EA80B5BF31C87BF5ECF8F1C5DDFB4F22AAC181F070AAFDDAE5650C4000516440D8806786D874215149E69ABEC43FF0EFC820FEA112B0522003C84BE03F
310
B76623513B6D840820358B084119B0CEC8C00AE888826339A54091F5FCA513AFE147975BB1A86FC50618D9D74502F0C7C8815AA306602FEE3A5E79E0D7DED1B221001118B73182CD439A092FF801105D1AA14E1918EC282F6260869D55108065988BD67F68E5581720A708051F7C8070F582389C682BE53F2AFD85853F2A01
310
3D21564028E06E79B7A71E43212180A81541EBC88F451E02385100491AB0C4A3BC5309A95911E66D04C0B448366988ECD204C2FC930F8CEE8FA410EE4C25B58DD1B6EBAD83F6196670F7DE635282C0A56A851AB035831725F0471A10FE52097089C80495804100318405F0DFC2136004B4C40705EC9154315129205EC35793
310
0035688F61AC02188250CFA9A980233925F16A117A48CA54DAB6400221976B75D863330942E20EE3B00B08FBB71AA813B0E502FD2B023DF70114E0D7DF2E2EEEDE7B789504200112075478F2FBD6897835C91F0C20782401E801A2F9142700B74805703426023A81CC0BE88B537D0003E0C5181D29EB8D83050964DD258091
310
0A1E7A8138F76253DC01DC2F3824391AD748276C0B0CDF12366625D038603D0003E0266CB42704C8CE7FA7F11B4D59C0BF454A78F8FCF1E50513715D469607031272358F04E0003C90107223A581218F10008B10247CD20D860FF0BF48801040B361808148714764028EAC137E871501EFDD97C89B52107FF1235B0928C562
310
530082573CE137840EFEF82A0BDC602736C595912FBEC69E6A3A26903B3A300C5A098A9E3F1810CDFFBA019D97B4E7A7A075850F2E92569BD960CA7B8304995FD006FC4213BB1448A6F4BFBB3A9F9FC4962D0A1369129B10073771FEDA38B1737B663A71C088D8848027FC3008DAC4E4397A6F76271DFFFCF77D6BD7F1F67D
310
A51E0E08875A6BAFBD6BD7AE52CC04A0B4A2206F650EC412841A48258258E8662C3838FBE21E25172C2A15A4F78D82DCF68A005DCF07047C183E1CE47731BBCCB5469D9169E0D588945BEB637E87802A03D88FB82486210D28FB3B858D13DC7CE75F5E6F3B03C1744D30CC58C7C7A256146853A05243060B850072A7010CA4
310
7CFBF9A1E24F414037B8781E8E9F219A774B36481CB43E48A79819D638C8760D672FAC19FB9D3FC5EA9158DBD0159C27860409682E8FF2595652FE189D2CC2D7C023E944158355806FC320087CC74116030CC376C559C098B93A041C5DDA48AF33827D2327DC761D19C17CC62780D82A170E6CE7415A5E7FE825E053048F88
310
D2AC2A561CA4D4C60098DA28EF1A01382772484698F60C8DD24BF396EA76260542810A625978C03580A9CAB91D10249BE579B0377A3DD15749A45F24C4D81FF3D7D7996F6A1690288008C0FF6CC186DA9D5FC95BB09B1301004B016E707FDFED306A1BE8FA208828F00BF342186839839F1F6FA338DC5A0200FF383DE92614
310
C03A4508DA18F4D85F9354F7E867AA77A42FF49BBE6757A1A7454448D0BFC3C220714FE43A3D8F1547BE10F0BC5A05985AC3C28829A06FE24CD062700601F4AF12AF99099B08E7071DC4626A97C920C3FF96E190C9D1FD7CB6163E800D79E5F3F10A9306C02B799E80F1AB380E0571A584C0370A220C3125000B500900D96F
310
EA40409F980E2083E4EDF4D8D2480AE5667222E020BCDAD4EF19682120818FE18EC7FD6AAD67C03F7DF1955E697456F517AC4F24700C30171C67E9168B109A4F60AFA60F98BE30941BF776DBC7C70792A2FBE98AAA97224F8BEA39B47BFD14A8CD03320DA2B676E3AA397E652E30A42CE2987B7DA1EF7F75242413800A04C0
310
270C62A13372400B435ACD84B8B5009208F5AC73EB149FFF3508E21C2201E0338BE07E50EB47E7FF6D97724A601028C5519073E7978EC88834410450E074DD58AD13A4900103A6444A9CB99103229F0EF8C0C78161EBC68137240734CDCFC349807851E0EB46CE864D2E405ED341B71A390CF2DE20CF5193189E1901E866D0
310
230409684B193D17E2928534D04240937D3C84477494FC5E0FE0B448E35AFC19007926C1C6A6E622FDB8A12E30993C6710E070397C4B26304C0AE38218D19F01FFB15BAE1C0E7E74DF75F2406E373C414E848FF8E500EFAF3C1029C9C0ADAB2313A7426CA9B2C1B9E30032C84EF31A09A88A386F136E8C2F1D582EA0459207
310
015F10F1F001F0B1B7DF7222011EA2001F00BFD36BAEE0850928B08C077030FE3806C880EAA74BCE0863A952812E6008B3A89199C1EE918AF96AF583F1A073B0A355B9D861AF1460DCFB3BFC6B7EFDC834B09700CBED3510E48DC7129041C991F06BA5006CA6B5B34EE21501374E8DFC910042036111EC9C7CFA1C05D48A72
310
70F7F835BF04A4194DA4CF76CEC66718C84CD020D04C412AC848F03E3C61A1C8D50D0EA6838A00376054D3DF61A0E393E1F8B058A6C994093476D601A4A06F0CFD3C0A6BFA910E75CC10400A80FDA93AC9B5EA4303F6C0D188B559086091CC5910137772E14F2376D03181B5CFE74C0EA38440D0AC256D6C4D104CE05302FC
310
C00B60B9CD4D71E08BD40C144A025E60D4C1F45FE846A2105D717EEA84808A5DD90A168E133640311CF05DD870768683F5D2F1800F485AEBE5CABD8FFA3C0BEB33702493AEB551B1EB035EF5C8E5757FA7832141F88E8578A363802B560007AF93D7D470B478C4D00B412D634C9140C4F9275C00DCE8DFE3C7F8C0AFBC5B2C
310
E82E3C3BDF393D4375D50C43CD1C17E3777CD2C170725B7B42B41DF15BFC344DAD089C1E9118522B4A2C60B794E4E8F33081BB7C8CFCEEA0B2015E49D586429C6C78646180B7710E06018A3082243C275F077FBE412C17DE80D3E6B9462C5204C5D980D1DF84A864401C483CD01B143F4A4868087A0F780F37230200A4FBF6
310
AED325114C367C22512750A5C7C3E32D545CE20A0904183BA10015DCAD89864B3E1EE97EBAE8B204266A48E010511838E2FE413FB116E60880C2D8440AC3880DDA6DF6618C138CF1CB2A09637E18D00F80CB0DC05322E31EADB8081C29410903F06BFCDF5AB46024E4A75828056440503C707856EF0C037623DD4922A400E8
310
A6BD75E4D2800905F18450A00CEE88860C8964C7B3F90F56528BA18F71CFBBBCD2D05797E168FC37DB26DBE0DD2EAEF39686C18440820013C1444055402A541400DD362A0A402F1FE51246404E098249FEE30708C10CA0B54601053159480C00BAA9B1223A773234FE72FD5C3BD81804D8D196FE3D5315A0C981D88D04FA01
310
DFC185CA93F9120E1F480B08063364A0A318F08DF95056E4C91F1150D31B011200383502E079EE43CC18603AE2F88FD139C802A739F208E88D06DC78267C448C27C4113C19B0F51B0E9C1C021CF8F9167C6B1F2E10E461002910105D1042792D1CA303F469714C018C23D72179E165049C40E801CB96CF334562E5807291D1
310
E0C70FE6CAD91656715F0E5C5E70F8D7F83290549B1BAA6F781D25180EBCA93EC84E72A74081CE3020789B3790E1A9E478E658C099BECFF01E530E80EC5FE31204ACFF70AF8177A03059240CD074978A002A878BF883FEEC81DD684E406CA630ACFDE87292822A11953710F000885D6F68A67ED40CD772B0828359B753F7CE
310
23D9479AB9845771B389D6A77130F8C134EFC83947392029B10E4425440A84AF0E54825228FC1634D369874739C837A9DDC83C20D320C36042610ECDFA750303710224D01202488012CA847424F8D53F78AB6BECE9B3B35A7F32396AC6B7444566327DBB4DF06FD9616744F4D3A397EB3B0A3FBA8D763702883ED742FE5CD2
310
4146D8E353ACCF811C806AE09914D8446E93840FF4D6C963FF32BFB6AB015D1D3B0C9A0968776F021F21404B6260CF84A14F35180CE20B5E85BDA2EC91FD5A7DBA7E5705F4F0F97AF26CE18E3BA078138202400A62930FA6CC7882F911A92F33E547E64990B0F27323D73B6222863F86425153FA8009361C675554C25382CE
310
148420C8DCC47A20122806CA178A0918C14CBD33440289078A00EC6070184CA9907FD0A1270478E0B325B67C2193694EDB7DD0F3C238447C8A11485562FB4902134E6AC952FD5320A4F7C780882DA9684285CD81D278C0E8FF8DEC9F45D22DC3C2CA99C2728110888799575B6834BF22B0F01EDE72D7F21B672C40F0A97299
310
9E2200B7C91403F9BB3D09C01990819238CBAE5E7510D7D57450507E3DB04AAA0A3C280064E0775380C8C16EEA4834346A04BF0CE847B4B3AF760D06D24BBB267C32E2C9257DE5EB748AD101AF1FD33265E2B674EED8C01A0AC901392211011AC810560F77778E85B13BAFE3E25C95B70919A4862C15928BD8989664AD8638
310
101D009A80F00BDC41AF27602A4BDA0C077E550048E7F1011410F01405045E1C140B4D0E70E0F6E034171C3D6FD12004FCC1FA304312518910356628A4A326EC9ADF5DFFD1B2C0399503F14B4F8E3E0E4E39A06ABCB56A8014687E86E462BDDE5124615ECDB412B7314F62E6E0C76ADEC0F717B360E741960104CF1706CFA1
310
8E0605004B01AE007869B095ED92144A807841EFF2811C047889A04901C809062057192688C92346F97F279449F89B113500BAD282D1DA80A55C27EFFE02C8D4F395003F285B617BBF0831F49B055342DDDD414378E8888E92C16789F269A27C9A221FAA4A0DFDDB9F935B2ECC04DC51481558A69301E0460B02665AC4DD30
310
C03D480866C3409400051811876014C0F294C542821AB045011A3E3F09001FF304E3A0BED05CC11A811B865001769507FC01ADC611F400CF68C7B093606E30F3C7E0F00C1D10C31951C1E2D7252181DA00345842A19130715C736EC9ECE686A712FDB31E4D3E50AB336E5666D7B212C0113C4A4406029709B43D0228F3FBAF
310
49921B19CA0C82A2D5BC4A2079809240F37D3E10F9637607C3983F0458508A98B8B4EFC92AC13530180CF55359500080061DF59B98BB3FEACEE881DC8127F182A885A86FB12B43C590A4380504E32305E3148BBEEB2D2782029765428092545BA5C2C681FC5F8E869C0EE1034A822FF09A12C94084505AA868080303473F81
310
61F7AA0A6610745E280BE4427FB770106F8800EADABA19F453210435BDB2348471B13B65F2FCB554827632C4C44467333E4127095D22092ED492009930413251B5408345065065E415266E20279A40B3F520370BE2050C8360E6BB4601C1673B9BFE007EF5200B6483CD195400A783E6DEA0653515B0FCE8E86D1618FC1EFC
310
15C2E727F24F2A2DAB57326D8D0877D4E298894E7A0C3C7D9CE8A0E2D17AA2020FA1097D6372F2A9F955060FDD467AD0426368C24A8340FD0D6687A76316DEF5179ED9042005A2BF02A5DD810A4DEFA4A8F700EFC50FF4FB8C06410F0303C106ADF8852ACC6A2CA9046E9ED070739339857222CC009E206479886EA26227BF
310
7A341A15C351A8404A6C10080A2140FA4B4E8D9B9A11645899332363FD69887F436A660566964250FD752E787B64BCF8E6C8190DF8EA0C854C062D8A5A1346F810414313E606ECA0AC3A01D6928544029D5F42E202C0CB386F880F7842A31287061F32F3CBE09F2950783394F2F2B23D85386C6F51943E99DD10C8A0000BA9
310
569A14805693274BD0E4F4DC3F28E331EEA91C4F33ABE057889BFB92819187840A08E57A276A8BFCB75B0342668C70C565C8059996D209C2800941A21FB82B2F520BC2E6FE6F1A8827043DE17000DACC8193E78BBB8DF1467978C06F6AFE986123E3A95272CAC122046F4C65C4B88FED2F1CD1D918F7CDBF8903BF1A90057D
310
42F4DC133AF804ACBB58446A0DB78806FC053FA1E45D0AF1112613CC0DD976C5E70AD3282F42725C0D02AC8588DE451B1C01ABF063E7748A3882F0DD484BB78D037F9812240EB88B6034C0AD53E5116D4C6D920C6A89F084E6D0598AD7EB6930CC7B293E27A666E5CDFE9A3FA52FEB3C97976FDAAE9A60008FCA6B33099CF9
310
880D35D419FC687D424378E3099441E110C5B3C6DC311E6653514A67A530D863326C4D8430E0C28024803B5B069B0E60C10EDB6DF087034171DF01F1F3404B27B1056D8C0E56E7CA6056E7798147BE4C2F01CED5987E413AC6A724876DE3F599E0601CE7B9CEF3BEB3671E12DCE8AF9631B8031D3F360B6955DC2342B2A0E4
310
632A00264C0DA002220CFEC3E10D9BADC8904D88DC51928593AA16C91DF6FFF82B3234404C7214D0F8608E0052283EFB2B0563F1D072936C4017706010BCF1B16CDE0C1FA9C777E44E1F5259B0C9BBC8794A82A6C182A3AF56B16921405351FDDC91B5BAAA617860E8D76C97C377FE701A4EB4378FA97C2C8E3CC8950886C6
310
FD93AF70A1F5F676B7ED16CBC56AF5D09110EEB8607CC08A795882358280DDB98AFFE7087C6EB593D62F041CDB4018935238E73F1098100D0C8769818F777057F64C703C6530E142FDF5C837AE1CF66C94C4887D3A3726AB990DEA248F73B5D32C8E04F6714B1E67C53FC52040252E605B322407CBF8C7F05453462A295ABF
310
4D95592DDD76AC23512E9A2DF964715C80DD752CA8E263AC36F02C3C28A133EB22AC8D099BDEFDE28C3E8FFEE3815D5D00C17C00511058354D62443C1A546280E43572A9C661A34FA5891F8E7570608C8DF21DF51DF9D2A84D4501F41B8CD4F4C9DEB2F901E810C0E4CEB6EC08DFB06341C864CF8D0EEE779A606545E1E64A
310
AF30A4324C20FDD3BD558BD966BA994FA915CD162B1978642AD01694E533EC190368A68234657085B5F88E27A0805E04B8BB6A00A51646EE3C10A50FF007FF410F1963CA69BE2002F0F902E701AEC995FD41F83A3F0C3809A3288A083003A6CC2A20E6D703EE48E3777AC07ADD51EB6101603A9FCF17B3D5928F6D742EE7E4
310
CF38AE2B03C5FB39C81D7B2978FAFE85AF3D2710B0582C970F0FEB0E4D1103B8BE2B4D560CA10002FC8F334C891C07B44FE06B2E3ACE5E1E2D1FC32203110ABF9CA0E8381F68EC3C06701328E5A38278A5FCD944CEA5283DA933DF2A2448BD23F1C5D8BE04CC2DC3B43B3EEC29F8B5FF926D11D3E97EBF7FA1BD1E5E5F5FE6
310
D3D972F548547783146ECD84873F377C5820F7F9FCE5E07378D6CBCB7E036DF7F7104079A05B77C6942D1BA95D47424BFC3DB6411009A42E207871B7EE9B06614BBD20F22F7523FB985F3F7068E37600273A3ED0C1CCC380F6EC4AF01CC1CF95E4848B7BF950AD14C44F10460221E02D21D01DAE800F323704C00035DFE97C
310
B37F797D3D1C0E4FBF35EE1E5E9E0E879FBF3DF6F474780A01FB3DAF01FE0C0798218007C2090A3008BA7682A338F4A8804A06CBFE6A80CEC766F49853F15B2F45FCEA3F8250012841315016E75E797EFEEC4ACA6C79F515CF1738F7C36E2406071051043817C9E8C5888D49D0332E800062FF54FA562BF7446CC0BFDFBF86
310
03D1FEFCC9F7FFB5A7F000430755C2D3F72F2D02A022820897ABDD44594475BDCCA4A10AF34C06B08B4AB58BBFAE30999DC66C7CE903A83CF8EB006EEEAA063430F84B05F0ECF644825F5E95073870E72A0771AB89B080022A0C5A9FAF34C89286257FB7BEA000EC65B59750C68E0815B0D9834B15606328F80709DE09018A
310
C2A7817F83F96DB3D562C10A0A31300230CD4200B87F85808BAF64D04600254047F9C14DE93464009E7F5AABB4FDD6D55142A2C0BF1541FCE19C20C899BF4F76AB54B84CB97F88F48ECC029FD253F0C70DF4816B9AC94BCBD653B1A283C4001A0337955E4AFED3FB790B6B1F5EA0B5514074103A38D84280EE0F5F9BE974EA
310
B2D16AB1EA969684B6E4166CA28264B300474C7308D20013B204A65F82970718D05678B3315D442E1C0A327E2F56556040C005D2FAB1326A68A07507C9E46A3648555A7080F5F50219A00E6222E3E0862CE95B5680930530742F1D041805E69B788161F015944D041182B861A2C17F3AF01CF5BFDF6C343F9171F5B004BF59
310
C016719164B888EA206A02AD05E8464D06B48E4381A0E9345FD171625AC22198F57C003BEA5510F81FF78D31C9B033D0030000000049454E44AE426082504B0304140006080800226A815251464CB48900000043010000360000006662782F39343333384331382D383132322D344235302D394134302D3030434341343742
310
423446432F6469726563746F72792E786D6C9D8F310EC2300C45AF127987122606C71DD918B841D4B851A43646695A717C52A85029031293A5A76FBF6FACEF7DA7264E43906840EF0FA03836E242F406C6DCEE4EA06AC22492573150D1F66C60C640E8938CB705396EEDD86DE9B5042FE27813D640EA63BB001C722AF6E55C
310
B61E4863F58284D5D3F53DD715CE1C3985E63FD7F1B7EBDD617E9F1E504B0304140006080800226A81527AF369CE45070000541C0000340000006662782F39343333384331382D383132322D344235302D394134302D3030434341343742423446432F6F626A656374732E786D6CDD595B6FE23814FE2B56F665F721E442A0
310
30A28C5ADA8ED0A833A341B3DAB7C80443BD752E729296EEAFDF63C70E711A209D8BB4DA562AD4B18FCFF9CEFD64F67E1F33F444784ED3E4D2F206AE854812A51B9AEC2EADB2D8DA130BBD9FA3194FD3A2B1CF42098EC9A52596ADF96CC7D332534B1BB2C5256BAFDE5DFF85F28824C44211C3797E69E5D10389F1009745BA
310
21F9E360830B3CD86DF7036F506D34C9EE38CE1E5A57659893A40056613D012A8A03CFFC174472E633476C30B60DFB6DF34F6C73A4E026A334C90B9C44AFB86A5DE71FE1AA75DDD00B6E6EFDD1D41E05C1D00EC6BE675FDF5DDFD8DEC5D05D8C178BE9D5EDD442F3D93A4D59AD808C241BD0E28B35F7668E78528BAF50E8E2
310
3B4A9384440ACDAE0D1BA2E85292B7313180F5A4680D8554B23616863D853FB2AD1728064B06DA5A38FDD9B4DE74FD378090F7B1529E1361E579C141D70AFBCA1FDC9953AD1A7AA1398A714138C50C31BAE6988382606BA520838CF016410A09CCA41635BD26AF60D8E77DA98BCB6DC998F05F6B2E3D2D047F24452E39A3FF
310
107EE0BE791BF004D2963429264AD8E2250312D3992317AB67435F3DAC80445B8677602D20A6D834F45B782D442C58DE58F38F77EBFD4AC487EECB339E668417C2F2A4332BBFD31A6C9816185F0F502A5C4DDD1D50F90AD07F02E46B5ED00C34C7E93ED8075A768E937C9BF218B4835C64BBF0C745E2EBAB6F33A73E3C47C8
310
8895C73005B7FD49981A62187737209DCF9EC0E8533E54C2AD22CCC0A6EF6922FC1C0C05B1149620DE6FD77B6BBE84600A8B700A33901E7E678EF88AE0A3A203F1A6A5A1AEF0DB4351DA61DA7E76D0D507B0194EA35A55868CC7F01DFD147CAF6E561F5725DFE288DC2BC7BE215B9AD0029269374306E886CB7F5B7E921EF9
310
81A56BCC0EA78D4D115CB34B45DCE850CB4AA90549BD0027220D579A912BF714BC9D319C90B4CCD57A579C8A5296F270FD12562EDC79D79FDA06AACB940174C63248EE11A799C0C49A2B6DD58170D010142C0C736581BB4AABE1BA8CB310C769998850FBDA14DB7C409C1196085425356DD8DA6B35D90DDD6ECB1C825727C9
310
8501A4F2674DB8B2F000E25817BF9C6C3986249A2621851C0CCED2798371410DDE699E73C2B62165AC8CC32D659047C2186747E8F794A099B91EC9CB73CA379D044DCBD23EA96D4800AE80D520E96C55C57CA5534E9EA82833653ED3D9C0D8A1EA506B1E1C491722537400AA8D519AF9C473A7C38B8BC00EFCA9670737E35B
310
7BBA70AFECDBC01F8F17D3BBEB917BDBE65347AB66BE03558A32C7F0BFE2A18CD709A60C1E08B1F1267BF75E66CF4B0742A3330D86C3C9C29BD813CFF7ED00AEB2A757816BBBEE6271155C5C5F07770B87933C2D794472C777DC509B6496EC8E71A5B97B1D43A1AC399FECB4BEDAC2FC8F63683B27184AFCAF06D13A767514
310
847D83A838DA0EA1387A14292A8CA0EAEB749F56106DF3D115E7DE1897DDC1D0953F9E37F5DDA93F998E463DC39EBCE987235D970C11749E6511A6198E68D19D525BC8F464F94DD96530F4461536FAAFEF23C0ABF76ACDD4E9CCA4980A698C7724DC62D1577484D273127766BD1D4BF39C2624977DE1AB7AB145D31D40F965
310
66E90EB3A5791893027F8FC5CA46A3E50510CD59081D6C21660867EB88DA0554CF728CA2E89721D54BF95FC21CC719AB7AE3731878BE864077455D162A9816573C817D86B808DD0D91A38E73D46BF67545D1A9B536F5E977933F028FAE847E213CFA8AFEC5D660E44DC5CF04C2D078E40DC717B52ACEA1A52F2B44EFC74AE8
310
56A397F099D0DD43AFE2B49F561A655E5588172486D6171725EFE5B1638826DAB6B4402A32B45CA271D31B0B4AD9F3E9AE0F2E934DDFB192B8710DD4AE3481D9582F415E49D169C45217720E28C65D6FF06C8DCD59AA3F1C317F7995DD74BF580E8CCEE3001576158255FC31EAF0CE4ADDA8A1F2675C44104A57F2D3BE068F
310
D890CDA19933C87595F5BAA63D57712F45488D61CA8B45A4BD175FD8570CAA868E3B773E54859E53AD2F456A1BC040FBC087C1B449EBF387558B0AACF43EFD4560449E5B14D4EA4274D027487D5B1EE6042D0A4AA26FCB13C7FF135D88566063F40613E43C651406F96483762485FC0DA38A1E1D0A8F492EF33218AF0A52FA
310
2D428FD34FD51CB6C06BA64F470F1886D94CF56F65048354C89997965A47BFC1E8544C2FE5406BF008AD9B8A61162A39BDB4C0620B0A1DDA600D2330397094D45B234E706C9CEC44C6AF4ED5FF1F8E0974202A1DE4AAF7F4C1454966381394C2997CB700755FF5603EFB7ED1353B0817F0755D16B530878583340A04FD12A1
310
120E26858F0ADE3D9414A7E5F206728F0149AF69FE493BA8A8DA05E63B39926FE07D75F3C511D3F4E56794B17227D479AA633628D9A253676535B99A81612831332CAAC8C53BE70B4FE1B5548CEE281801FA7D3F19FFE12CD2384E936AC9B9522FB7D0EA015E556D1C3D2684D6DFF53D474E0ED4AB80708D7332C09BFC1116
310
40B59C8A796A05B1610075346D1880D688D0051C33F62F6F90AA8E1A539566D815F0C8F700081C49BCFF116ED3DCD0185A822F0057F2E1E18B5E98391C06E7F37F01504B0304140006080800226A8152E48298D5E1000000550100003C0000006662782F39343333384331382D383132322D344235302D394134302D303043
310
4341343742423446432F7265736F75726365732F322F636E782E786D6C4D90DD6A032110855F65117AB9FE6C022DC1352F91ABDE04AB93AD449DC59FD2BE7D34B5D0AB19CEF918CE1C79FE0E7EFA82941DC69508CAC904D1A075715B492DB7F98D4C67251362F9879129EA002BE93251724B58F72159B8E9EABBEA5DBC0F91
310
5F3788909CB9EE712393F13AE79564F30941535D0B5AC8776A75D154D004196B32D04E1417609C300974014BD4C21731F3E3CCC5451C4EE2F5C48FEF927552C90F443F78170B24DC5F166EB0ADB125E2927540C99ADCA0FA1BCDF88B475B3CC99AAD642EA97530B0F2B337CC05BD017B22BFAE92AC3FD9C6B381367B21EA01
310
504B0304140006080800226A8152FF15A4A45D000000800000003A0000006662782F39343333384331382D383132322D344235302D394134302D3030434341343742423446432F7265736F75726365732F636E782E786D6C4D8B3B0E80201005AF42B6F75B59F0390B113044D83508C6E30BC6C26AF226F3B8BA6360974DA7
310
271430F523308B2B198F9B80925DB700539227A2FCCB80A18E5640D320F996A81C9F32D6E9129A0D1EF74FCE750E6D57BC7165FBCA07504B0304140006080800226A81529DED87034201000056050000300000006662782F39343333384331382D383132322D344235302D394134302D3030434341343742423446432F636E
310
782E786D6CCD94C14A033110865F650978DCDD642D28259B82079FC08378CB66A76B6C36599289D8B737A9DB5691A287427B0B932FF0FF337F86AF3E4653BC830FDAD996B08A9202AC72BDB6434B22AECB7B52AC04F7CEE1378C14568ED0925C26820FDEC5692EF5B096D1E4AAD176331725A2D75D4408A4504686D092A05E
310
6194958CE87A089BAA97282B5679082E7A05E93DEA11E6F7CA8344E8896868C34ABA28297B62B74B76B7A48B175E6752F0CE3933F3DA227837DD3454B974B4490EE57506048F5ECF54F640C4515BD569CBEB742F78487AED3073B89D32374D462B89A951B55308582608E4C8EB2F58F03A3BFEE1FBF1E1F9A8219D7AED41A1
310
F3DB8BB5819D6AC3415A9512F1BF2EECC0BFCCBBEE2D59BEDCDC4F1A9E859DCDEE3EB92145F77712529EA41DCC357E8083B4F3E73F2D16D4EA1A4DEF959DC973BD5B8169F079238A4F504B0304140006080800226A8152863757BD7D000000A30000000B0000006662782F636E782E786D6C4D8CD10A832018465F45FE7B37
310
2DC70CD44861EF11CB42663A5C8E1E3F1D5DECEA83C3778EE8F7D5A3AF4D1F1783047A21806C78C6C9854542DE66CC01F54AA418B7BF1BA030AE5642C5A0C492627E9F68B2F3987DA5DE85D7093BD6B6DC508E396D1ACCF48DE06E60041362CCC0EE5AB38729C6B52A657EBDB235AF0E504B0304140006080800226A8152A6
310
D797065F0000008200000007000000636E782E786D6C4DCB3B0E80201045D1AD90E9FD7516806B51190811670C8A61F982B1B0BAC9C97B72CA7B1037C6D3332918DA1E04D2CAC69353902EDB8C20262D23F3F59B81A079470595414B17391D1F19B4730A5583A7ED43BBE4025D9592775E5ADFFA01504B0304140006080800
310
226A8152ECFD112DA800000026010000130000005B436F6E74656E745F54797065735D2E786D6C7D4F4B0EC22010BD0A61DF525D18634ABB506FE00510A79458060253536F2FD89D5197F3FED3F68B9BD80362B21E25DFD40D6780DADF2C1AC9671AAA3D677DD75E9E0112CB5A4C928F44E12044D22338956A1F003333F8E8
310
14E5331A1194BE2B0362DB343BA13D122055543278D79E6050F344ECBC6478EDCD76CE8EABAE5449AE4298AC56946789C28AAFBEABC53F3EAF09A84A1441B91F0101CD4780756578C173A578FFDDBD00504B0304140006080800226A81523DEE336E64000000790000001B0000006175746F6465736B2D64657369676E2D70
310
61636B6167652E786D6C35CBC10E83200C00D05F21DCA56CA76D41FC96062B120735B69A7DBE268BB7777961F8D5AF396893C2ADB70FE7ADA196782C2DF776D7A97B5933C430F15651E5469C55D70F80A4992A3ADC954792C525AE70A1E4D6AD9816CC044FEFDF01FE3FDE907802504B0304140006080800226A8152D09DD2
310
BFF40000008E0100003D0000006662782F39343333384331382D383132322D344235302D394134302D3030434341343742423446432F7265736F75726365732F322F636F72652E786D6C8550CB6EC32010FC158B3B36D8F8910813A5797C414FBD21200E4A0C168FAA9F5F885DA93DF5B4ABD999D9DDA187AFF9597C2AE7B5
310
3523C025028532C24A6DA611C4708303280E8C3A6BC32F1A280C9FD508320C189D9C8DCB06096B8232193556AA0DE4DEAB000AF14CCD08BCB8AB99973C86C4F08F72E1E2C12755E272E5311AA3969B54CBE4A66F5A39C08E974BDF0FDD0E76C31B81E4746CE1AEBD5E61776A08399F1B84494BAB2C6634E8F967BB708A0725
310
01AB518D212210E177DCEC71BF47E4835699C9A80F2EFDBC2DCDDF253AAD56F48F5B5CE4FF6E519BD0D49BDBAAF080E174DC6BC06895D349E5155DAA3949F60D504B0304140006080800226A815281538082FA000000960100003B0000006662782F39343333384331382D383132322D344235302D394134302D3030434341
310
343742423446432F7265736F75726365732F636F72652E786D6C8550CB6EC23010FC9568EF4E626292801C23CAE30B7AEACD7216B02036F2A3EAE7D726A9D49E7ADAD5ECCCECEEF0DDD7F4283ED1796DCD00B4ACA140A3ECA8CD7580182EA4876227B8B336FCA24161E48403641804BF3A1B9F0BA4AC0968326AEC880B28BD
310
C700857AA46600AF6E38C952C69018FE5E3EA5BACB2B96B49C7982C7A8C745AAC7E4A62F1A1D88FDE9D4757DBB216DFFC6083BECD764B33E9F497B68183B1E9B9AB235AFB258F0A0A79FEDCAA10C388258D52B4A6A466AFA4E9B2DEDB635FBE055660AEE834B3F2F4BF377201C7A1B9D42CFAB79FAC7353EC7FF5DA336A159
310
2DAEB3C283A0E9C8D740F02AA794CA2BC25473A2E21B504B0304140006080800226A81523B32B8C7F1000000B1010000310000006662782F39343333384331382D383132322D344235302D394134302D3030434341343742423446432F636F72652E786D6C8D50CB6EC32010FC156BEFD86053C58930516CA95FD0536F0888
310
831283C5A3EAE71762576A6F392D9A9D6166879DBF9747F5A57D30CE0E406A0C95B6D22963E70152BCA21EAA3367DEB9F8870695158B1EA0C0C0D9EC5D5A77483A1BB52DA8754AEFA0084147A8E4233F0608F2A617518B143323DCEB55C8BB98754DEA8DC75934CBAF547A2DA256C05BDC128429C2E4837427723861FAC99A
310
C2E42C25A3762BA3B2BBB91AED811F69D7F513E9514FDA16D1F10DA3E3856284F1345DE8611CE9FBC49A22E62C449F6FDE3F29D7BD2ADF84FF32A755BD90D9D8D8B5BBE1A608C049CEF35C70D69402F378B69B67299BFF00504B0304140006080800226A8152EA3884CD55010000DD0200000C0000006662782F636F72652E
310
786D6C8D52CB6EC32010FC158B3BB6B1C9A311264AF3F8829E7A2398B828365818AC7C7EC10FB93934AD2C6134BB3BB33382EC1F4D1DF5C27452AB02A0380591505C9752550570F606B720DA5362B4B63FDA40A458230A1060404965B46B27886B65850AA8D2A59840D675C28288D7FE52808E7F8986C5CC59DFD1DDE396F1
310
3BAB448CE2B18F12E764398DCAD2B3C99B1406D0C3F9BCD96CD76F70BD7DC7101F0F2BF8B6BA5CE0FA98637C3AE529C22B9284614AAC6C66756E04B3A204344B3304530C53F481F21DDAEC52FC4992D04949678DF73C89067780DEAE0F928CF8139F6BCBBFF99C5436CF26BE71A20314F9F586022549C8C7FF86F09E33F4C2
310
3E3FCBAEF56CE1EEA15E70AB0DF69552BBA5D4B3DA094F9D46C34792B1EA990782DF78B2173CAF397C504C557E3566FDF5EA6C507FDEA91506F6F611296D1A562FCB8D2B2EE722F464691EE7BAD6E63FD3B3D539CC243C4CFA0D504B0304140006080800226A8152C7EA4EBC09010000B201000008000000636F72652E786D
310
6C8D50CB6EC32010FC15B4776CB0B19D449828CDE30B7AEA8D1AE2A2D860191CB57F5F485CA9BDF5B46866766718BEFF1C0774D7B337CEB640330248DBCE2963FB169670C51B407BC167E7C22F19202B47DD428241F07E76CBB4429DB341DB845AA7F40A4AEF7500D40DF1D182EF3EF42833B984A8F0B76C92DD4DF63AA3D9
310
53277830E3CF6A376B19B40251908262C230A1AFB4DCD16647D81BCF9352F065316AB5322ABA9BABD13388C3F9DC349B7A8BEBCD0BC3EC78A8F0B6BA5C707D2C193B9D4A4259C5F3B42CB80F73FCF37A24E60CC8CB7BF2E5F99312FCDDB96115C4500A393B7C81203C4FC49FD0CBA4FE11DAD85016EBC1E786074163A00711
310
8D5383713CEA8D33B52DBE01504B01021400140006080800226A81520000000000000000000000003700000000000000000000000000000000006662782F39343333384331382D383132322D344235302D394134302D3030434341343742423446432F617474726962757465732E62696E504B01021400140006080800226A
310
81520000000000000000000000003500000000000000000000000000550000006662782F39343333384331382D383132322D344235302D394134302D3030434341343742423446432F76657274696365732E62696E504B01021400140006080800226A8152F270F13306000000040000003600000000000000000000000000
310
A80000006662782F39343333384331382D383132322D344235302D394134302D3030434341343742423446432F747269616E676C65732E62696E504B01021400140006080800226A8152B5A795FFE3790000DE7900004200000000000000000000000000020100006662782F39343333384331382D383132322D344235302D
310
394134302D3030434341343742423446432F7265736F75726365732F322F305F67656E657269632E706E67504B01021400140006080800226A815251464CB489000000430100003600000000000000000000000000457B00006662782F39343333384331382D383132322D344235302D394134302D30304343413437424234
310
46432F6469726563746F72792E786D6C504B01021400140006080800226A81527AF369CE45070000541C00003400000000000000000000000000227C00006662782F39343333384331382D383132322D344235302D394134302D3030434341343742423446432F6F626A656374732E786D6C504B0102140014000608080022
310
6A8152E48298D5E1000000550100003C00000000000000000000000000B98300006662782F39343333384331382D383132322D344235302D394134302D3030434341343742423446432F7265736F75726365732F322F636E782E786D6C504B01021400140006080800226A8152FF15A4A45D000000800000003A0000000000
310
0000000000000000F48400006662782F39343333384331382D383132322D344235302D394134302D3030434341343742423446432F7265736F75726365732F636E782E786D6C504B01021400140006080800226A81529DED870342010000560500003000000000000000000000000000A98500006662782F39343333384331
310
382D383132322D344235302D394134302D3030434341343742423446432F636E782E786D6C504B01021400140006080800226A8152863757BD7D000000A30000000B00000000000000000000000000398700006662782F636E782E786D6C504B01021400140006080800226A8152A6D797065F000000820000000700000000
310
000000000000000000DF870000636E782E786D6C504B01021400140006080800226A8152ECFD112DA8000000260100001300000000000000000000000000638800005B436F6E74656E745F54797065735D2E786D6C504B01021400140006080800226A81523DEE336E64000000790000001B00000000000000000000000000
310
3C8900006175746F6465736B2D64657369676E2D7061636B6167652E786D6C504B01021400140006080800226A8152D09DD2BFF40000008E0100003D00000000000000000000000000D98900006662782F39343333384331382D383132322D344235302D394134302D3030434341343742423446432F7265736F7572636573
310
2F322F636F72652E786D6C504B01021400140006080800226A815281538082FA000000960100003B00000000000000000000000000288B00006662782F39343333384331382D383132322D344235302D394134302D3030434341343742423446432F7265736F75726365732F636F72652E786D6C504B010214001400060808
310
00226A81523B32B8C7F1000000B101000031000000000000000000000000007B8C00006662782F39343333384331382D383132322D344235302D394134302D3030434341343742423446432F636F72652E786D6C504B01021400140006080800226A8152EA3884CD55010000DD0200000C00000000000000000000000000BB
310
8D00006662782F636F72652E786D6C504B01021400140006080800226A8152C7EA4EBC09010000B201000008000000000000000000000000003A8F0000636F72652E786D6C504B050600000000120012002D060000699000000000
  0
XRECORD
  5
12A67
102
{ACAD_REACTORS
330
12A62
102
}
330
12A62
100
AcDbXrecord
280
     1
270
     1
271
     1
  0
XRECORD
  5
12A66
102
{ACAD_REACTORS
330
12A62
102
}
330
12A62
100
AcDbXrecord
280
     1
270
     1
271
     1
  0
XRECORD
  5
12A68
102
{ACAD_REACTORS
330
12A62
102
}
330
12A62
100
AcDbXrecord
280
     1
270
     1
271
     1
  0
XRECORD
  5
12A65
102
{ACAD_REACTORS
330
12A62
102
}
330
12A62
100
AcDbXrecord
280
     1
270
     1
271
     1
  0
XRECORD
  5
14848
102
{ACAD_REACTORS
330
14847
102
}
330
14847
100
AcDbXrecord
280
     1
102
DISPLAYNAME
  1
Metric50
102
FLAGS
 90
        0
  0
CELLSTYLEMAP
  5
147DD
102
{ACAD_REACTORS
330
12AEC
102
}
330
12AEC
100
AcDbCellStyleMap
 90
        3
300
CELLSTYLE
  1
TABLEFORMAT_BEGIN
 90
        5
170
     1
 91
        0
 92
    32768
 62
   257
 93
        1
300
CONTENTFORMAT
  1
CONTENTFORMAT_BEGIN
 90
        0
 91
        0
 92
        4
 93
        0
300

 40
0.0
140
1.0
 94
        5
 62
     0
340
11
144
6.0
309
CONTENTFORMAT_END
171
     1
301
MARGIN
  1
CELLMARGIN_BEGIN
 40
1.5
 40
1.5
 40
1.5
 40
1.5
 40
0.18
 40
0.18
309
CELLMARGIN_END
 94
        6
 95
        1
302
GRIDFORMAT
  1
GRIDFORMAT_BEGIN
 90
        0
 91
        1
 62
     0
 92
       -2
340
0
 93
        0
 40
0.045
309
GRIDFORMAT_END
 95
        2
302
GRIDFORMAT
  1
GRIDFORMAT_BEGIN
 90
        0
 91
        1
 62
     0
 92
       -2
340
0
 93
        0
 40
0.045
309
GRIDFORMAT_END
 95
        4
302
GRIDFORMAT
  1
GRIDFORMAT_BEGIN
 90
        0
 91
        1
 62
     0
 92
       -2
340
0
 93
        0
 40
0.045
309
GRIDFORMAT_END
 95
        8
302
GRIDFORMAT
  1
GRIDFORMAT_BEGIN
 90
        0
 91
        1
 62
     0
 92
       -2
340
0
 93
        0
 40
0.045
309
GRIDFORMAT_END
 95
       16
302
GRIDFORMAT
  1
GRIDFORMAT_BEGIN
 90
        0
 91
        1
 62
     0
 92
       -2
340
0
 93
        0
 40
0.045
309
GRIDFORMAT_END
 95
       32
302
GRIDFORMAT
  1
GRIDFORMAT_BEGIN
 90
        0
 91
        1
 62
     0
 92
       -2
340
0
 93
        0
 40
0.045
309
GRIDFORMAT_END
309
TABLEFORMAT_END
  1
CELLSTYLE_BEGIN
 90
        1
 91
        1
300
_TITLE
309
CELLSTYLE_END
300
CELLSTYLE
  1
TABLEFORMAT_BEGIN
 90
        5
170
     1
 91
        0
 92
        0
 62
   257
 93
        1
300
CONTENTFORMAT
  1
CONTENTFORMAT_BEGIN
 90
        0
 91
        0
 92
        4
 93
        0
300

 40
0.0
140
1.0
 94
        5
 62
     0
340
11
144
4.5
309
CONTENTFORMAT_END
171
     1
301
MARGIN
  1
CELLMARGIN_BEGIN
 40
1.5
 40
1.5
 40
1.5
 40
1.5
 40
0.18
 40
0.18
309
CELLMARGIN_END
 94
        6
 95
        1
302
GRIDFORMAT
  1
GRIDFORMAT_BEGIN
 90
        0
 91
        1
 62
     0
 92
       -2
340
0
 93
        0
 40
0.045
309
GRIDFORMAT_END
 95
        2
302
GRIDFORMAT
  1
GRIDFORMAT_BEGIN
 90
        0
 91
        1
 62
     0
 92
       -2
340
0
 93
        0
 40
0.045
309
GRIDFORMAT_END
 95
        4
302
GRIDFORMAT
  1
GRIDFORMAT_BEGIN
 90
        0
 91
        1
 62
     0
 92
       -2
340
0
 93
        0
 40
0.045
309
GRIDFORMAT_END
 95
        8
302
GRIDFORMAT
  1
GRIDFORMAT_BEGIN
 90
        0
 91
        1
 62
     0
 92
       -2
340
0
 93
        0
 40
0.045
309
GRIDFORMAT_END
 95
       16
302
GRIDFORMAT
  1
GRIDFORMAT_BEGIN
 90
        0
 91
        1
 62
     0
 92
       -2
340
0
 93
        0
 40
0.045
309
GRIDFORMAT_END
 95
       32
302
GRIDFORMAT
  1
GRIDFORMAT_BEGIN
 90
        0
 91
        1
 62
     0
 92
       -2
340
0
 93
        0
 40
0.045
309
GRIDFORMAT_END
309
TABLEFORMAT_END
  1
CELLSTYLE_BEGIN
 90
        2
 91
        1
300
_HEADER
309
CELLSTYLE_END
300
CELLSTYLE
  1
TABLEFORMAT_BEGIN
 90
        5
170
     1
 91
        0
 92
        0
 62
   257
 93
        1
300
CONTENTFORMAT
  1
CONTENTFORMAT_BEGIN
 90
        0
 91
        0
 92
        4
 93
        0
300

 40
0.0
140
1.0
 94
        2
 62
     0
340
11
144
4.5
309
CONTENTFORMAT_END
171
     1
301
MARGIN
  1
CELLMARGIN_BEGIN
 40
1.5
 40
1.5
 40
1.5
 40
1.5
 40
0.18
 40
0.18
309
CELLMARGIN_END
 94
        6
 95
        1
302
GRIDFORMAT
  1
GRIDFORMAT_BEGIN
 90
        0
 91
        1
 62
     0
 92
       -2
340
0
 93
        0
 40
0.045
309
GRIDFORMAT_END
 95
        2
302
GRIDFORMAT
  1
GRIDFORMAT_BEGIN
 90
        0
 91
        1
 62
     0
 92
       -2
340
0
 93
        0
 40
0.045
309
GRIDFORMAT_END
 95
        4
302
GRIDFORMAT
  1
GRIDFORMAT_BEGIN
 90
        0
 91
        1
 62
     0
 92
       -2
340
0
 93
        0
 40
0.045
309
GRIDFORMAT_END
 95
        8
302
GRIDFORMAT
  1
GRIDFORMAT_BEGIN
 90
        0
 91
        1
 62
     0
 92
       -2
340
0
 93
        0
 40
0.045
309
GRIDFORMAT_END
 95
       16
302
GRIDFORMAT
  1
GRIDFORMAT_BEGIN
 90
        0
 91
        1
 62
     0
 92
       -2
340
0
 93
        0
 40
0.045
309
GRIDFORMAT_END
 95
       32
302
GRIDFORMAT
  1
GRIDFORMAT_BEGIN
 90
        0
 91
        1
 62
     0
 92
       -2
340
0
 93
        0
 40
0.045
309
GRIDFORMAT_END
309
TABLEFORMAT_END
  1
CELLSTYLE_BEGIN
 90
        3
 91
        2
300
_DATA
309
CELLSTYLE_END
  0
ENDSEC
  0
SECTION
  2
ACDSDATA
 70
     2
 71
     8
  0
ACDSSCHEMA
 90
        0
  1
AcDb_Thumbnail_Schema
  2
AcDbDs::ID
280
    10
 91
        8
  2
Thumbnail_Data
280
    15
 91
        0
101
ACDSRECORD
 95
        0
 90
        1
  2
AcDbDs::TreatedAsObjectData
280
     1
291
     1
101
ACDSRECORD
 95
        0
 90
        2
  2
AcDbDs::Legacy
280
     1
291
     1
101
ACDSRECORD
  1
AcDbDs::ID
 90
        3
  2
AcDs:Indexable
280
     1
291
     1
101
ACDSRECORD
  1
AcDbDs::ID
 90
        4
  2
AcDbDs::HandleAttribute
280
     7
282
     1
  0
ACDSSCHEMA
 90
        1
  1
AcDbDs::TreatedAsObjectDataSchema
  2
AcDbDs::TreatedAsObjectData
280
     1
 91
        0
  0
ACDSSCHEMA
 90
        2
  1
AcDbDs::LegacySchema
  2
AcDbDs::Legacy
280
     1
 91
        0
  0
ACDSSCHEMA
 90
        3
  1
AcDbDs::IndexedPropertySchema
  2
AcDs:Indexable
280
     1
 91
        0
  0
ACDSSCHEMA
 90
        4
  1
AcDbDs::HandleAttributeSchema
  2
AcDbDs::HandleAttribute
280
     7
 91
        1
284
     1
  0
ACDSRECORD
 90
        0
  2
AcDbDs::ID
280
    10
320
22
  2
Thumbnail_Data
280
    15
 94
     2498
310
89504E470D0A1A0A0000000D4948445200000100000000770803000000DBFC6E9900000300504C5445FFFFFFFFFFFFFFFFFF0000000000000000000000000000000000000000000000000000330000660000990000CC0000FF0033000033330033660033990033CC0033FF0066000066330066660066990066CC0066FF0099
310
000099330099660099990099CC0099FF00CC0000CC3300CC6600CC9900CCCC00CCFF00FF0000FF3300FF6600FF9900FFCC00FFFF3300003300333300663300993300CC3300FF3333003333333333663333993333CC3333FF3366003366333366663366993366CC3366FF3399003399333399663399993399CC3399FF33CC00
310
33CC3333CC6633CC9933CCCC33CCFF33FF0033FF3333FF6633FF9933FFCC33FFFF6600006600336600666600996600CC6600FF6633006633336633666633996633CC6633FF6666006666336666666666996666CC6666FF6699006699336699666699996699CC6699FF66CC0066CC3366CC6666CC9966CCCC66CCFF66FF0066
310
FF3366FF6666FF9966FFCC66FFFF9900009900339900669900999900CC9900FF9933009933339933669933999933CC9933FF9966009966339966669966999966CC9966FF9999009999339999669999999999CC9999FF99CC0099CC3399CC6699CC9999CCCC99CCFF99FF0099FF3399FF6699FF9999FFCC99FFFFCC0000CC00
310
33CC0066CC0099CC00CCCC00FFCC3300CC3333CC3366CC3399CC33CCCC33FFCC6600CC6633CC6666CC6699CC66CCCC66FFCC9900CC9933CC9966CC9999CC99CCCC99FFCCCC00CCCC33CCCC66CCCC99CCCCCCCCCCFFCCFF00CCFF33CCFF66CCFF99CCFFCCCCFFFFFF0000FF0033FF0066FF0099FF00CCFF00FFFF3300FF3333
310
FF3366FF3399FF33CCFF33FFFF6600FF6633FF6666FF6699FF66CCFF66FFFF9900FF9933FF9966FF9999FF99CCFF99FFFFCC00FFCC33FFCC66FFCC99FFCCCCFFCCFFFFFF00FFFF33FFFF66FFFF99FFFFCCFFFFFF0000000D0D0D1A1A1A2828283535354343435050505D5D5D6B6B6B787878868686939393A1A1A1AEAEAEBB
310
BBBBC9C9C9D6D6D6E4E4E4F1F1F1FFFFFF000000000000000000000000000000000000000000000000000000000000AD4AB4E40000066C4944415478DAED9D5976EB200C40B5097DBEFDEF82C5B09297C60124811925DB6DD06993269EC2B566E31460CB962D5BB66CD9B2258AFF2B320D20FBA367D1E0BEEB8BD3A7F7035B
310
8F1D4B03408ED9F38F9F8FAC13407914CD21216A0348EAF4FE9100E20A4057385EB26DC396DD1A00613B4F0EECCB233D79530D0044009906401A7B78028620FE35AC01EF4D13866C6B89000FD10540CE7D59037C3A4F904EB4A7EF4744833E20EA109435400C578E5E0540D2C72907E30BABF9A143173D0C5100141AC111CC
310
03300C31DD00DE878896902D46F218DF79ADA96702C824BD942670A22469B9F730EE04A1E840C4D65CEB5F7F8AF3B36E02C701AA008044885C4582FD12EF38A001C4BD96CF29021D3FB2C0B30CC01D129EA9F03098CE14735B349A4D0108FCCA00F0E3037C74344903F49C601B8008F5D46F67717402004B02D8A9090A9986
310
8CA00760CC09FA91A3F9F5C58E387D0E40371576BD9F54154007F608403841B6BD8E0F00620BC91CD60AC6F5FA259900F0448899E42A00570700E679400540182FCA3C20791CD004507483D33B570210A220CD55AC002402F030003CFB8FAFBC8E13AC1C199EA201593DAC160568C80F87FC5100086F3D0700AB0AD00480B4
310
80870040B80A003C1B00AD514C0038E604E1314E3002780783AB00C00301586B806ECBF957F80059FADD0BA0588D923C881A82168098FC02F57C2E1608EE520027EB22B5FED0B55106E00880E800DF0F4F0000C4FA31EF8A6B01881FC2DD6502150074E816003E47CF2A818700308B02BF0B0018007856146801B0488555D6
310
F9CD001A69D03700387E813882F8F4F3E379824236E69D727671572511BAC80488FF932DC1F7A3FF2C2268CC00B0E4C7C55077A5069C0120D942DD6220C29C038034E63DC50764005AE3EB58E55C038E71B374EF73E9328C3C9B20607D652816C889C5BFAA9C1973970608A1D5504C05B51CB51FD192090DA870E8D58008E0
310
38F7005868922E00084936603780D6B534D65D25496527006AE31140AC840A0E601500ABAE7CC1B59F85C1BE8EC61800EF51441224D5900900601A9001584B842600C850CA4F903E00DB543884D8946DB400905C22F8BF9209B0C9144F0730EA0330B6C120C53E7EEA5128CAEA24A98B0038D7030068F7432ABD0580A3C522
310
3303F0CB575EF330D803A09007B8735100205A4C3E4BEB97AA4177FAAA990724FD774C03E22B62558B26000068540E8F032818A4A3BE105DF0896A002C1B22331A700E004277FC4DC9A19606E4938FEF06C0BD80CB5AE2C13D382527582550DB79831DA4F9A78300CEB861D825580008A91FCF85AB001AFB0F000A79F43800
310
32594A129D0710AF33A5B998A40C5E0610427ACB0430FAF5730024258E3AA5A50110675E8D9A402B8DC22C9EAD00C86A011D008D73D9F001D0049012AD2500345CAB0200A80FA26502D82140DC7998FB5C58C161E9CAE76B98D9D6C87DC15D00887637B4046312D7A501D237E64B39293500F21E28EF7D03006213406AED2C
310
02E07326A0306172BA1AE40DA15E00D8D41EB1F61A0066F5AAF70D4E9A0062C7F9FFCB007AF2804E00F566AB3980F9752AADE4D04E0CB9945F04F009158EF749943400D535402695AFDF7500B430D204408259E9BAD01A0050039092014D1310B985BC28D00A838D5230F30144BCE896D5C4D8048437A717451A51A0D551C5
310
18628F94B9A5011D9A66E104854A9142B0BA736C9841A9BB390B201DC4150F7A4B1440681208C5427034F30044F9A37D6568220AC8DBF8DA0E1297EEC46100107401CCF40471B02DB40A00D01600E8034857B3B0590CF513706070EB2CDD63BCF3397CA9C1820620F696C3FD045CF1786A8950E9BB01E63540F43B1EA901B2
310
C992D5C31A1A002A1A606702538910B291D57D0068F8004327584A84FA0094B2D2A972F8EE2830910861EA2461330A86FA4D2B0FB04A840E8B2737E4FB46182C1566B909F45F19BA2B156673C4A0EF8B102E0E83C6B5009D1DA10640330C9AF704A77CC08561F0813DC1915478390CCAB9028A778D956FC3D301A01B068506
310
E8F90012CF62E42F7C9DDE8409D0B98D3D1AE0BAC40680E80832E7B7500ECB097F0D002376EBB50154678BB77CFC724BAC17C0D14ECD63D30D3EA0CF778962F3BC2BDC3911FDB88B4B1780CA3AF5A61996CEF1A4060400DA8990F87A2E952F2D8651009D720100D610B80CC0822C9B80D94449566A3C1880C9CE0980E56AF0
310
1A0DF0C589720A2680165CED7C80E527DD00BED1076C001BC006B0016C004F05F0EDFF6566CB962D5BB66CD9F225F21F725C77218D1B973B0000000049454E44AE4260827DD17FA65D0000000049454E44AE426082
  0
ACDSRECORD
 90
        0
  2
AcDbDs::ID
280
    10
320
14582
  2
Thumbnail_Data
280
    15
 94
     3133
310
89504E470D0A1A0A0000000D4948445200000100000000B408030000004C80028300000300504C5445FFFFFFFFFFFFFFFFFF0000000000000000000000000000000000000000000000000000330000660000990000CC0000FF0033000033330033660033990033CC0033FF0066000066330066660066990066CC0066FF0099
310
000099330099660099990099CC0099FF00CC0000CC3300CC6600CC9900CCCC00CCFF00FF0000FF3300FF6600FF9900FFCC00FFFF3300003300333300663300993300CC3300FF3333003333333333663333993333CC3333FF3366003366333366663366993366CC3366FF3399003399333399663399993399CC3399FF33CC00
310
33CC3333CC6633CC9933CCCC33CCFF33FF0033FF3333FF6633FF9933FFCC33FFFF6600006600336600666600996600CC6600FF6633006633336633666633996633CC6633FF6666006666336666666666996666CC6666FF6699006699336699666699996699CC6699FF66CC0066CC3366CC6666CC9966CCCC66CCFF66FF0066
310
FF3366FF6666FF9966FFCC66FFFF9900009900339900669900999900CC9900FF9933009933339933669933999933CC9933FF9966009966339966669966999966CC9966FF9999009999339999669999999999CC9999FF99CC0099CC3399CC6699CC9999CCCC99CCFF99FF0099FF3399FF6699FF9999FFCC99FFFFCC0000CC00
310
33CC0066CC0099CC00CCCC00FFCC3300CC3333CC3366CC3399CC33CCCC33FFCC6600CC6633CC6666CC6699CC66CCCC66FFCC9900CC9933CC9966CC9999CC99CCCC99FFCCCC00CCCC33CCCC66CCCC99CCCCCCCCCCFFCCFF00CCFF33CCFF66CCFF99CCFFCCCCFFFFFF0000FF0033FF0066FF0099FF00CCFF00FFFF3300FF3333
310
FF3366FF3399FF33CCFF33FFFF6600FF6633FF6666FF6699FF66CCFF66FFFF9900FF9933FF9966FF9999FF99CCFF99FFFFCC00FFCC33FFCC66FFCC99FFCCCCFFCCFFFFFF00FFFF33FFFF66FFFF99FFFFCCFFFFFF0000000D0D0D1A1A1A2828283535354343435050505D5D5D6B6B6B787878868686939393A1A1A1AEAEAEBB
310
BBBBC9C9C9D6D6D6E4E4E4F1F1F1FFFFFF000000000000000000000000000000000000000000000000000000000000AD4AB4E4000008F84944415478DAED9D6B96E3280C85B591D9AF57A5C5DC9F7D6A1153153B460801C260C749A04F75D2298F6DBEE871119821FEF7C58D7F7E88E98BDB0430014C0013C00430014C0013
310
C00430014C0013C00430014C0013C00430014C0013C00430017C1B80E58BDB0AA005D93204FC32F662876F2A0100FB3818D702F207C2FCA5384D3300C853E230007D5F3680DFA31E970BAF0680BFCFD7231E6FD6536F0702B4FD91A792E76907F084B0FD207B3AF8BB9F0100EC77BFBD231B006D0791FCB35F4940D85AA705
310
5038E9FECE3A1DE0ED7E0E40E84C1140F8650280A253841FEAB3809DEC6A965983B2BABA7F0B1500AB6D49BBCDB9009E660D6933F22CC25EA17CE9500CD83ABF5B40C605CC9E3EE9D52C407E8103022E723ED99305503D2EB636114313048BD0017FFFCCBF5BE4679701303D19AE480FFB1B85D302CED60107BB2EA2004AD0
310
0DEEA86601C8701D9C1BCAA796342F571481BC6B7460840C83C574A742E46E3848FA6306411F00D13B79AC887DD15DEF69EC780CC89CCA3A2E0962694ECE00605EC746BFAFEBCFE3EFED77CA02745AA2A07DA422008230EA032032530100763163FEC72AA90B00FC6C0F0AE21FE1BDB2001B8092445A33745980905E0680F5
310
2E95F012D2CCC890CE20C8E93D25A99EB405207615F449E1FCA9048028E1ED4E196B6913409CE72A09D113725F331A6415036477335923B200666EBEA7BB0248B52074A64B6380B27512212184C2504A303492FB9D574E2D0541969E8EA552328550194008748200ED61F0CE05114A82A02D854B2EC0090095075EA1041B01
310
84EF1AA612A430284305C0530F0855B0BDBF3D807D481F0B3F2700FDF52B2DF01600ECC1AFFC27323AC0B0FFB5D7EF07C04A7BAE8AD0CD46833D16E0AA24EC00B4E00D89EFE1006244F0560040F6AB09E0D95DED03648E056E0D00B98EE72A4251773F0180AE0F22E7040100C500820350F004BA3C08522F805099AE01600D
310
4065417A4F007A02E11880D51EDE280D1E7181240BBC731A4CFA5B07F0593AA01D00331B36C0F705C06613AE1F29FEF4030340E8F02E7D984848E16D747C1300542D8A87CAB4F141C5029E3FC41A00BF09008A835F52DC77B900DF380654003CEB4288881855821D80AC09B2E56AEF0660FFE6292A0FBD1B00BA0C80194C5F
310
EF02DD00C82B84DE4D07B8017CAA101A0FC0A7833F1A801804F70088CAE8413F8952CB4D5D2048C14DFCEC2A2892436AE4644EA624D5D4E7494E95C2C301701E80FC0658E5D0A882A4DE84BB1F6D01005BB1FE980B845B26A3136BF9482A047EDABA3785F98F2D03908B67ED64775210645530226B62B108C07B6CCD028058
310
EB1F2F8A36B925E7FCF1BFBFF6FB49F195CBFEDB3AF4870140ACAB948383FC42C9C605121C57D0FA2DE02080785D5BD4C9746ED09E2C396C01A60B5003003B94370741B13617720008DA1709EC1F16018899141C89016DDF22AB6C901D805700685F170082C16703600C402C7CD63504B9627005D0EBC1D964DE02A0F85086
310
5846E505A08B260500C38674DA945A0198ABC29106400F00113A5E0580C700C8F6DB1304E10A82A307F5492C70C70099E1112D073755519A0B5E3B1CEE0640C2CFE10882A9C94400F032007414802184CA16500290150BE70138AE095957BBA19F236A8F01099E34008E2E8870E338DF2985B9DA0C00A1A729007A19808618
310
205E38F9E2C527F182D824065CEA02DD00501A28C8511107F72800B8BE28DA6D017500ABB6E1303CF84000D08DD5B42089470C761E8E207818009CA70A63BA3E00458A3A946F1E91058011009C062016F09E0A403C02BE5EAB0E2044D720B0B629B67100109E6E4146077402801CDF8812410680984644DA9E9F8DB480B87A
310
E1B000C864560510657669DE2900E847F38DC7061B0180FCA4DC31A00980AE845957895D808C11C4D118002F0044A33A0D60E9B58016003EF3750100DC168008BC4E8CE9436A688C017E00E37400D0E00220B98461900B4482207DFC370700830A22C8C451BBC9871CF52D2FE6C1FA3803806D4FE9162FA700B02A2F653110
310
86F25CBE966901E40790EC665200900A286F4D10F9A7D4F299C004E00B8205004A5B20E9A72E88449B021C041087F596866A4DA81180B68334ED965C00C75CC03D107001E8B3801C00BA22080E01707438FC290016A3DF7C2280613AC013259302361C16D004E0A9E959A699B205E01A0B48F3FABE05432506B401909AC161
310
0150332DB1AADB5FFA0144B5891A80A5CB021E67656164F5B2387275A6E7AFC7C400C01E40BECA05F47058ADBEA02600BE2C98CE603C00446D310AFAEC68C782A095C065FF7D3120941F3C0882F16F51D16B012D36E806601C93CE8B9401D8CFA897E36014120701882ECE853B1A9D06D1940BC2B6947BA01D05405EBD0100
310
3A01C01F0BAD25FC230118E58FFA02896E25E807804E29DC42800B978CE706BB27461A2CE072008E8D94D0AD041B2C0046DA1C0B80D00AE0D2189059DD3212803D5BEE95C2B152117A789C0B58AB5BC6EE731E6A07D91D52D5BC0019EB2354F971940BD8AB5B787CFF1B2C20DE81CA14C2032DC05CE6FB2A1748C702222FC0
310
AD04417223629F0E281745AF0C82D10C4D94189B00EC9B9EBE9D0E30C60272EB2D3F00B599E54D74804708758F05A2DDCFBD3A00B25E310EC021293C4607C0B5CD64BC2ABD7581C44983217557944E8C94D7070CD701D702489E1638118053072C03FADF52162FF900DC2ED0A803428D7C9C10CA548408150BA02131A0AD1E
310
20FEC703AF06D05F113A520F38430859EB26CB9BA814F65979DB7A806501851800EF6D8F72811E00DCD6BC00105637258BE330DC028C95EE7E00C3068C3180B0B0EE02004207505E072C8300649FC9511680FAFAB66159C05824E57D6AA80180DA17934E0E82E6A234B705507576F81000733BA473D2605BAA8A9CDF7EDC67
310
690F6B16AD6D3F4C768C052E0380F2C8AD7CADA3165005603D384C0D63817143D7A16990BD00E4F302C9DACC86F501A70318D7927981B094309476224B3807006E02E0E287A783E1F1F082C84100F42200B8EC624E0B407E707CE35D6507C480CCBE3CDF0220CD025F6701173F3B7C3B00AFC902AF6C9FB5B5F60430014C00
310
13C0047008C017B70700FAE236014C0013C00430014C0013C00430014C0013C00430014C0013C00430014C0013C00430014C00DF06E0DF17B70780AF6E3F3FFF0374B0C309A474CEBE0000000049454E44AE426082
  0
ENDSEC
  0
EOF
