timestamp,elapsed_s,bottle_psi,tank_psi,chamber_psi,loadcell_lbs,gse_fill,gse_relief,gse_dump,rkt_ox,rkt_fuel,rkt_relief,rkt_dump,rkt_ign
2026-03-28 09:19:32.807,0.044,-1,1157,1138,-4.39,0,0,0,0,0,0,0,0
2026-03-28 09:19:32.898,0.136,-2,1156,1139,-4.36,0,0,0,0,0,0,0,0
2026-03-28 09:19:32.978,0.216,-1,1156,1139,-4.37,0,0,0,0,0,0,0,0
2026-03-28 09:19:33.057,0.295,-1,1155,1139,-4.36,0,0,0,0,0,0,0,0
2026-03-28 09:19:33.169,0.407,-2,1155,1139,-4.37,0,0,0,0,0,0,0,0
2026-03-28 09:19:33.217,0.455,-1,1155,1139,-4.36,0,0,0,0,0,0,0,0
2026-03-28 09:19:33.313,0.551,-1,1155,1139,-4.38,0,0,0,0,0,0,0,0
2026-03-28 09:19:33.362,0.599,-1,1155,1139,-4.38,0,0,0,0,0,0,0,0
2026-03-28 09:19:33.474,0.711,-1,1155,1139,-4.38,0,0,0,0,0,0,0,0
2026-03-28 09:19:33.505,0.743,-1,1155,1139,-4.39,0,0,0,0,0,0,0,0
2026-03-28 09:19:33.603,0.841,-1,1155,1139,-4.36,0,0,0,0,0,0,0,0
2026-03-28 09:19:33.681,0.919,-1,1155,1139,-4.38,0,0,0,0,0,0,0,0
2026-03-28 09:19:33.730,0.968,-1,1155,1139,-4.37,0,0,0,0,0,0,0,0
2026-03-28 09:19:33.892,1.130,-1,1155,1139,-4.38,0,0,0,0,0,0,0,0
2026-03-28 09:19:33.939,1.177,-1,1155,1139,-4.38,0,0,0,0,0,0,0,0
2026-03-28 09:19:33.969,1.207,-1,1155,1139,-4.38,0,0,0,0,0,0,0,0
2026-03-28 09:19:34.065,1.303,-1,1155,1139,-4.39,0,0,0,0,0,0,0,0
2026-03-28 09:19:34.132,1.370,-1,1155,1139,-4.38,0,0,0,0,0,0,0,0
2026-03-28 09:19:34.225,1.463,-1,1155,1139,-4.38,0,0,0,0,0,0,0,0
2026-03-28 09:19:34.292,1.530,-1,1155,1139,-4.38,0,0,0,0,0,0,0,0
2026-03-28 09:19:34.371,1.609,-1,1155,1139,-4.39,0,0,0,0,0,0,0,0
2026-03-28 09:19:34.449,1.687,-1,1155,1139,-4.38,0,0,0,0,0,0,0,0
2026-03-28 09:19:34.515,1.753,-2,1155,1139,-4.39,0,0,0,0,0,0,0,0
2026-03-28 09:19:34.594,1.832,-1,1155,1139,-4.37,0,0,0,0,0,0,0,0
2026-03-28 09:19:34.676,1.914,-1,1157,1138,-4.38,0,0,0,0,0,0,0,0
2026-03-28 09:19:34.741,1.979,-2,1156,1139,-4.37,0,0,0,0,0,0,0,0
2026-03-28 09:19:34.849,2.087,-2,1156,1139,-4.35,0,0,0,0,0,0,0,0
2026-03-28 09:19:34.945,2.183,-2,1155,1139,-4.37,0,0,0,0,0,0,0,0
2026-03-28 09:19:35.029,2.267,-2,1155,1139,-4.38,0,0,0,0,0,0,0,0
2026-03-28 09:19:35.122,2.360,-1,1155,1139,-4.37,0,0,0,0,0,0,0,0
2026-03-28 09:19:35.189,2.427,-1,1155,1139,-4.37,0,0,0,0,0,0,0,0
2026-03-28 09:19:35.270,2.508,-1,1155,1139,-4.38,0,0,0,0,0,0,0,0
2026-03-28 09:19:35.348,2.586,-1,1155,1139,-4.39,0,0,0,0,0,0,0,0
2026-03-28 09:19:35.466,2.704,-2,1155,1139,-4.39,0,0,0,0,0,0,0,0
2026-03-28 09:19:35.529,2.767,-1,1155,1139,-4.35,0,0,0,0,0,0,0,0
2026-03-28 09:19:35.574,2.811,-2,1155,1139,-4.4,0,0,0,0,0,0,0,0
2026-03-28 09:19:35.652,2.890,-1,1155,1139,-4.39,0,0,0,0,0,0,0,0
2026-03-28 09:19:35.828,3.066,-1,1155,1139,-4.38,0,0,0,0,0,0,0,0
2026-03-28 09:19:35.911,3.149,-1,1155,1139,-4.35,0,0,0,0,0,0,0,0
2026-03-28 09:19:36.005,3.243,-1,1155,1139,-4.36,0,0,0,0,0,0,0,0
2026-03-28 09:19:36.084,3.322,-1,1155,1139,-4.36,0,0,0,0,0,0,0,0
2026-03-28 09:19:36.128,3.366,-1,1155,1139,-4.35,0,0,0,0,0,0,0,0
2026-03-28 09:19:36.199,3.437,-2,1155,1139,-4.38,0,0,0,0,0,0,0,0
2026-03-28 09:19:36.374,3.612,-1,1155,1139,-4.39,0,0,0,0,0,0,0,0
2026-03-28 09:19:36.452,3.690,-2,1155,1139,-4.36,0,0,0,0,0,0,0,0
2026-03-28 09:19:36.528,3.766,-2,1155,1139,-4.37,0,0,0,0,0,0,0,0
2026-03-28 09:19:36.600,3.838,-2,1157,1138,-4.37,0,0,0,0,0,0,0,0
2026-03-28 09:19:36.708,3.946,-1,1156,1139,-4.37,0,0,0,0,0,0,0,0
2026-03-28 09:19:36.795,4.033,-1,1156,1139,-4.36,0,0,0,0,0,0,0,0
2026-03-28 09:19:36.840,4.078,-1,1155,1139,-4.34,0,0,0,0,0,0,0,0
2026-03-28 09:19:36.963,4.201,-1,1155,1139,-4.38,0,0,0,0,0,0,0,0
2026-03-28 09:19:37.011,4.249,-1,1155,1139,-4.38,0,0,0,0,0,0,0,0
2026-03-28 09:19:37.138,4.376,-2,1155,1139,-4.36,0,0,0,0,0,0,0,0
2026-03-28 09:19:37.233,4.471,-2,1155,1139,-4.38,0,0,0,0,0,0,0,0
2026-03-28 09:19:37.281,4.519,-1,1155,1139,-4.37,0,0,0,0,0,0,0,0
2026-03-28 09:19:37.330,4.568,-1,1155,1139,-4.35,0,0,0,0,0,0,0,0
2026-03-28 09:19:37.458,4.696,-1,1155,1139,-4.33,0,0,0,0,0,0,0,0
2026-03-28 09:19:37.507,4.744,-2,1155,1139,-4.37,0,0,0,0,0,0,0,0
2026-03-28 09:19:37.610,4.848,-1,1155,1139,-4.38,0,0,0,0,0,0,0,0
2026-03-28 09:19:37.640,4.877,-1,1155,1139,-4.37,0,0,0,0,0,0,0,0
2026-03-28 09:19:37.748,4.986,-1,1155,1139,-4.36,0,0,0,0,0,0,0,0
2026-03-28 09:19:37.799,5.037,-2,1155,1139,-4.37,0,0,0,0,0,0,0,0
2026-03-28 09:19:37.892,5.130,-2,1155,1139,-4.37,0,0,0,0,0,0,0,0
2026-03-28 09:19:37.989,5.226,-1,1155,1139,-4.38,0,0,0,0,0,0,0,0
2026-03-28 09:19:38.127,5.365,-1,1155,1139,-4.36,0,0,0,0,0,0,0,0
2026-03-28 09:19:38.149,5.387,-1,1155,1139,-4.37,0,0,0,0,0,0,0,0
2026-03-28 09:19:38.214,5.452,-1,1155,1139,-4.38,0,0,0,0,0,0,0,0
2026-03-28 09:19:38.290,5.528,-1,1155,1139,-4.36,0,0,0,0,0,0,0,0
2026-03-28 09:19:38.375,5.613,-2,1155,1139,-4.36,0,0,0,0,0,0,0,0
2026-03-28 09:19:38.496,5.734,-1,1155,1139,-4.38,0,0,0,0,0,0,0,0
2026-03-28 09:19:38.564,5.802,-1,1157,1138,-4.37,0,0,0,0,0,0,0,0
2026-03-28 09:19:38.676,5.914,-1,1156,1139,-4.38,0,0,0,0,0,0,0,0
2026-03-28 09:19:38.740,5.978,-1,1156,1139,-4.4,0,0,0,0,0,0,0,0
2026-03-28 09:19:38.819,6.057,-1,1156,1139,-4.36,0,0,0,0,0,0,0,0
2026-03-28 09:19:38.914,6.152,-2,1155,1139,-4.38,0,0,0,0,0,0,0,0
2026-03-28 09:19:38.949,6.187,-1,1155,1139,-4.39,0,0,0,0,0,0,0,0
2026-03-28 09:19:39.027,6.265,-1,1155,1139,-4.36,0,0,0,0,0,0,0,0
2026-03-28 09:19:39.093,6.331,-2,1155,1139,-4.37,0,0,0,0,0,0,0,0
2026-03-28 09:19:39.190,6.427,-2,1175,1138,-4.36,0,0,0,0,0,0,0,0
2026-03-28 09:19:39.284,6.522,-2,1170,1139,-4.37,0,0,0,0,0,0,0,0
2026-03-28 09:19:39.348,6.586,-2,1166,1139,-4.37,0,0,0,0,0,0,0,0
2026-03-28 09:19:39.445,6.683,-2,1163,1139,-4.38,0,0,0,0,0,0,0,0
2026-03-28 09:19:39.525,6.763,-1,1161,1139,-4.37,0,0,0,0,0,0,0,0
2026-03-28 09:19:39.574,6.812,-2,1158,1138,-4.35,0,0,0,0,0,0,0,0
2026-03-28 09:19:39.657,6.895,-2,1157,1138,-4.35,0,0,0,0,0,0,0,0
2026-03-28 09:19:39.761,6.999,-2,1155,1137,-4.39,0,0,0,0,0,0,0,0
2026-03-28 09:19:39.856,7.094,-1,1158,1137,-4.37,0,0,0,0,0,0,0,0
2026-03-28 09:19:39.953,7.190,-1,1156,1137,-4.37,0,0,0,0,0,0,0,0
2026-03-28 09:19:40.000,7.238,-2,1157,1137,-4.37,0,0,0,0,0,0,0,0
2026-03-28 09:19:40.052,7.290,-2,1155,1137,-4.36,0,0,0,0,0,0,0,0
2026-03-28 09:19:40.165,7.403,-2,1154,1137,-4.38,0,0,0,0,0,0,0,0
2026-03-28 09:19:40.172,7.410,-1,1153,1137,-4.38,0,0,0,0,0,0,0,0
2026-03-28 09:19:40.308,7.546,-1,1152,1139,-4.37,0,0,0,0,0,0,0,0
2026-03-28 09:19:40.314,7.552,-2,1151,1139,-4.34,0,0,0,0,0,0,0,0
2026-03-28 09:19:40.406,7.644,-2,1151,1138,-4.34,0,0,0,0,0,0,0,0
2026-03-28 09:19:40.419,7.657,-1,1150,1139,-4.36,0,0,0,0,0,0,0,0
2026-03-28 09:19:40.516,7.754,-2,1158,1138,-4.38,0,0,0,0,0,0,0,0
2026-03-28 09:19:40.529,7.766,-1,1156,1138,-4.38,0,0,0,0,0,0,0,0
2026-03-28 09:19:40.577,7.815,-2,1154,1139,-4.38,0,0,0,0,0,0,0,0
2026-03-28 09:19:40.592,7.830,-1,1158,1138,-4.37,0,0,0,0,0,0,0,0
2026-03-28 09:19:40.753,7.991,-1,1156,1138,-4.36,0,0,0,0,0,0,0,0
2026-03-28 09:19:40.758,7.996,-2,1157,1137,-4.36,0,0,0,0,0,0,0,0
2026-03-28 09:19:40.768,8.006,-2,1157,1137,-4.36,0,0,0,0,0,0,0,0
2026-03-28 09:19:40.881,8.119,-2,1158,1137,-4.37,0,0,0,0,0,0,0,0
2026-03-28 09:19:40.963,8.201,-2,1154,1139,-4.37,0,0,0,0,0,0,0,0
2026-03-28 09:19:40.969,8.207,-2,1153,1138,-4.39,0,0,0,0,0,0,0,0
2026-03-28 09:19:41.024,8.262,-2,1157,1138,-4.39,0,0,0,0,0,0,0,0
2026-03-28 09:19:41.031,8.268,-2,1155,1137,-4.35,0,0,0,0,0,0,0,0
2026-03-28 09:19:41.088,8.326,-2,1158,1137,-4.37,0,0,0,0,0,0,0,0
2026-03-28 09:19:41.153,8.391,-2,1156,1137,-4.36,0,0,0,0,0,0,0,0
2026-03-28 09:19:41.157,8.394,-2,1157,1137,-4.36,0,0,0,0,0,0,0,0
2026-03-28 09:19:41.249,8.487,-2,1155,1137,-4.36,0,0,0,0,0,0,0,0
2026-03-28 09:19:41.255,8.493,-2,1154,1137,-4.34,0,0,0,0,0,0,0,0
2026-03-28 09:19:41.359,8.596,-2,1153,1137,-4.34,0,0,0,0,0,0,0,0
2026-03-28 09:19:41.366,8.604,-2,1152,1139,-4.37,0,0,0,0,0,0,0,0
2026-03-28 09:19:41.443,8.680,-1,1158,1138,-4.36,0,0,0,0,0,0,0,0
2026-03-28 09:19:41.572,8.810,-2,1158,1138,-4.39,0,0,0,0,0,0,0,0
2026-03-28 09:19:41.682,8.919,-1,1158,1137,-4.37,0,0,0,0,0,0,0,0
2026-03-28 09:19:41.778,9.016,-1,1154,1139,-4.36,0,0,0,0,0,0,0,0
2026-03-28 09:19:41.785,9.023,-2,1153,1138,-4.39,0,0,0,0,0,0,0,0
2026-03-28 09:19:41.922,9.159,-1,1157,1138,-4.39,0,0,0,0,0,0,0,0
2026-03-28 09:19:42.273,9.511,-2,1151,1138,-4.36,0,0,0,0,0,0,0,0
2026-03-28 09:19:42.307,9.545,-1,1156,1138,-4.36,0,0,0,0,0,0,0,0
2026-03-28 09:19:42.417,9.655,-2,1156,1138,-4.37,0,0,0,0,0,0,0,0
2026-03-28 09:19:42.547,9.785,-2,1158,1137,-4.38,0,0,0,0,0,0,0,0
2026-03-28 09:19:42.630,9.867,-2,1154,1139,-4.37,0,0,0,0,0,0,0,0
2026-03-28 09:19:42.637,9.875,-2,1153,1138,-4.37,0,0,0,0,0,0,0,0
2026-03-28 09:19:42.801,10.039,-2,1157,1138,-4.37,0,0,0,0,0,0,0,0
2026-03-28 09:19:42.868,10.105,-2,1156,1137,-4.35,0,0,0,0,0,0,0,0
2026-03-28 09:19:42.980,10.218,-1,1153,1137,-4.37,0,0,0,0,0,0,0,0
2026-03-28 09:19:43.073,10.311,-2,1151,1139,-4.39,0,0,0,0,0,0,0,0
2026-03-28 09:19:43.083,10.321,-1,1155,1139,-4.36,0,0,0,0,0,0,0,0
2026-03-28 09:19:43.203,10.441,-1,1158,1138,-4.38,0,0,0,0,0,0,0,0
2026-03-28 09:19:43.220,10.458,-1,1156,1138,-4.37,0,0,0,0,0,0,0,0
2026-03-28 09:19:43.315,10.553,-1,1157,1137,-4.37,0,0,0,0,0,0,0,0
2026-03-28 09:19:43.441,10.678,-1,1156,1137,-4.36,0,0,0,0,0,0,0,0
2026-03-28 09:19:43.571,10.809,-2,1157,1138,-4.38,0,0,0,0,0,0,0,0
2026-03-28 09:19:43.620,10.857,-2,1156,1137,-4.37,0,0,0,0,0,0,0,0
2026-03-28 09:19:43.767,11.005,-2,1154,1137,-4.36,0,0,0,0,0,0,0,0
2026-03-28 09:19:43.923,11.161,-1,1151,1139,-4.37,0,0,0,0,0,0,0,0
2026-03-28 09:19:43.956,11.194,-1,1156,1138,-4.37,0,0,0,0,0,0,0,0
2026-03-28 09:19:43.963,11.201,-2,1155,1139,-4.36,0,0,0,0,0,0,0,0
2026-03-28 09:19:44.050,11.288,-2,1158,1138,-4.36,0,0,0,0,0,0,0,0
2026-03-28 09:19:44.146,11.383,-2,1157,1137,-4.38,0,0,0,0,0,0,0,0
2026-03-28 09:19:44.258,11.496,-2,1154,1139,-4.38,0,0,0,0,0,0,0,0
2026-03-28 09:19:44.355,11.593,-1,1158,1137,-4.37,0,0,0,0,0,0,0,0
2026-03-28 09:19:44.362,11.600,-2,1156,1137,-4.36,0,0,0,0,0,0,0,0
2026-03-28 09:19:44.481,11.719,-2,1157,1137,-4.36,0,0,0,0,0,0,0,0
2026-03-28 09:19:44.627,11.865,-2,1153,1137,-4.38,0,0,0,0,0,0,0,0
2026-03-28 09:19:44.700,11.938,-1,1151,1138,-4.35,0,0,0,0,0,0,0,0
2026-03-28 09:19:44.747,11.985,-1,1158,1138,-4.36,0,0,0,0,0,0,0,0
2026-03-28 09:19:44.754,11.991,-1,1156,1138,-4.36,0,0,0,0,0,0,0,0
2026-03-28 09:19:44.864,12.101,-2,1157,1137,-4.36,0,0,0,0,0,0,0,0
2026-03-28 09:19:45.073,12.311,-1,1156,1138,-4.37,0,0,0,0,0,0,0,0
2026-03-28 09:19:45.186,12.424,-2,1158,1137,-4.37,0,0,0,0,0,0,0,0
2026-03-28 09:19:45.344,12.582,-1,1155,1137,-4.38,0,0,0,0,0,0,0,0
2026-03-28 09:19:45.412,12.650,-2,1151,1139,-4.37,0,0,0,0,0,0,0,0
2026-03-28 09:19:45.604,12.842,-1,1158,1138,-4.37,0,0,0,0,0,0,0,0
2026-03-28 09:19:45.667,12.905,-2,1158,1138,-4.39,0,0,0,0,0,0,0,0
2026-03-28 09:19:45.681,12.918,-1,1156,1138,-4.37,0,0,0,0,0,0,0,0
2026-03-28 09:19:45.761,12.999,-1,1157,1137,-4.37,0,0,0,0,0,0,0,0
2026-03-28 09:19:45.859,13.097,-1,1156,1137,-4.39,0,0,0,0,0,0,0,0
2026-03-28 09:19:45.989,13.227,-2,1153,1138,-4.37,0,0,0,0,0,0,0,0
2026-03-28 09:19:46.131,13.369,-2,1158,1137,-4.36,0,0,0,0,0,0,0,0
2026-03-28 09:19:46.210,13.448,-1,1154,1137,-4.39,0,0,0,0,0,0,0,0
2026-03-28 09:19:46.291,13.529,-1,1151,1139,-4.36,0,0,0,0,0,0,0,0
2026-03-28 09:19:46.387,13.625,-2,1158,1138,-4.37,0,0,0,0,0,0,0,0
2026-03-28 09:19:46.562,13.800,-1,1156,1138,-4.36,0,0,0,0,0,0,0,0
2026-03-28 09:19:46.585,13.823,-2,1158,1137,-4.34,0,0,0,0,0,0,0,0
2026-03-28 09:19:46.738,13.975,-2,1154,1139,-4.37,0,0,0,0,0,0,0,0
2026-03-28 09:19:46.819,14.057,-2,1155,1138,-4.37,0,0,0,0,0,0,0,0
2026-03-28 09:19:47.012,14.250,-2,1157,1137,-4.38,0,0,0,0,0,0,0,0
2026-03-28 09:19:47.108,14.346,-1,1152,1139,-4.35,0,0,0,0,0,0,0,0
2026-03-28 09:19:47.115,14.353,-1,1151,1139,-4.37,0,0,0,0,0,0,0,0
2026-03-28 09:19:47.202,14.440,-2,1151,1139,-4.37,0,0,0,0,0,0,0,0
2026-03-28 09:19:47.315,14.553,-2,1155,1139,-4.36,0,0,0,0,0,0,0,0
2026-03-28 09:19:47.411,14.649,-2,1157,1137,-4.36,0,0,0,0,0,0,0,0
2026-03-28 09:19:47.507,14.745,-2,1156,1137,-4.36,0,0,0,0,0,0,0,0
2026-03-28 09:19:47.633,14.871,-2,1153,1138,-4.38,0,0,0,0,0,0,0,0
2026-03-28 09:19:47.760,14.998,-2,1158,1137,-4.38,0,0,0,0,0,0,0,0
2026-03-28 09:19:47.904,15.142,-2,1155,1137,-4.38,0,0,0,0,0,0,0,0
2026-03-28 09:19:47.921,15.158,-1,1154,1137,-4.39,0,0,0,0,0,0,0,0
2026-03-28 09:19:47.951,15.189,-2,1153,1137,-4.39,0,0,0,0,0,0,0,0
2026-03-28 09:19:47.968,15.206,-2,1152,1139,-4.35,0,0,0,0,0,0,0,0
2026-03-28 09:19:48.049,15.286,-2,1157,1138,-4.38,0,0,0,0,0,0,0,0
2026-03-28 09:19:48.113,15.351,-2,1156,1138,-4.37,0,0,0,0,0,0,0,0
2026-03-28 09:19:48.240,15.478,-2,1158,1137,-4.36,0,0,0,0,0,0,0,0
2026-03-28 09:19:48.352,15.590,-1,1153,1138,-4.36,0,0,0,0,0,0,0,0
2026-03-28 09:19:48.448,15.686,-2,1158,1137,-4.37,0,0,0,0,0,0,0,0
2026-03-28 09:19:48.575,15.813,-1,1155,1137,-4.36,0,0,0,0,0,0,0,0
2026-03-28 09:19:48.578,15.816,-2,1154,1137,-4.37,0,0,0,0,0,0,0,0
2026-03-28 09:19:48.641,15.879,-1,1158,1138,-4.37,0,0,0,0,0,0,0,0
2026-03-28 09:19:48.768,16.006,-2,1158,1138,-4.36,0,0,0,0,0,0,0,0
2026-03-28 09:19:48.864,16.101,-1,1158,1138,-4.35,0,0,0,0,0,0,0,0
2026-03-28 09:19:48.866,16.103,-2,1156,1138,-4.38,0,0,0,0,0,0,0,0
2026-03-28 09:19:48.911,16.149,-2,1157,1137,-4.38,0,0,0,0,0,0,0,0
2026-03-28 09:19:49.010,16.248,-1,1156,1137,-4.39,0,0,0,0,0,0,0,0
2026-03-28 09:19:49.184,16.421,-1,1153,1138,-4.36,0,0,0,0,0,0,0,0
2026-03-28 09:19:49.279,16.517,-2,1158,1137,-4.39,0,0,0,0,0,0,0,0
2026-03-28 09:19:49.281,16.519,-2,1156,1137,-4.39,0,0,0,0,0,0,0,0
2026-03-28 09:19:49.327,16.565,-2,1157,1137,-4.39,0,0,0,0,0,0,0,0
2026-03-28 09:19:49.425,16.663,-2,1153,1137,-4.38,0,0,0,0,0,0,0,0
2026-03-28 09:19:49.631,16.869,-1,1151,1138,-4.38,0,0,0,0,0,0,0,0
2026-03-28 09:19:49.680,16.918,-2,1156,1138,-4.36,0,0,0,0,0,0,0,0
2026-03-28 09:19:49.808,17.046,-2,1158,1137,-4.35,0,0,0,0,0,0,0,0
2026-03-28 09:19:49.920,17.158,-1,1154,1139,-4.37,0,0,0,0,0,0,0,0
2026-03-28 09:19:50.016,17.253,-1,1158,1137,-4.35,0,0,0,0,0,0,0,0
2026-03-28 09:19:50.018,17.255,-1,1156,1137,-4.36,0,0,0,0,0,0,0,0
2026-03-28 09:19:50.143,17.381,-1,1157,1137,-4.36,0,0,0,0,0,0,0,0
2026-03-28 09:19:50.272,17.510,-1,1153,1137,-4.34,0,0,0,0,0,0,0,0
2026-03-28 09:19:50.274,17.512,-1,1152,1139,-4.37,0,0,0,0,0,0,0,0
2026-03-28 09:19:50.399,17.637,-2,1151,1139,-4.38,1,0,0,0,0,0,0,0
2026-03-28 09:19:50.480,17.718,-2,1158,1138,-4.36,1,0,0,0,0,0,0,0
2026-03-28 09:19:50.576,17.814,-2,1157,1137,-4.35,1,0,0,0,0,0,0,0
2026-03-28 09:19:50.578,17.816,-1,1158,1137,-4.34,1,0,0,0,0,0,0,0
2026-03-28 09:19:50.671,17.909,-2,1156,1137,-4.34,1,0,0,0,0,0,0,0
2026-03-28 09:19:50.752,17.989,-1,1153,1139,-4.37,1,0,0,0,0,0,0,0
2026-03-28 09:19:50.832,18.069,-1,1156,1137,-4.38,1,0,0,0,0,0,0,0
2026-03-28 09:19:50.927,18.165,-2,1154,1137,-4.37,1,0,0,0,0,0,0,0
2026-03-28 09:19:51.056,18.294,-1,1152,1139,-4.38,1,0,0,0,0,0,0,0
2026-03-28 09:19:51.072,18.310,-1,1151,1139,-4.38,1,0,0,0,0,0,0,0
2026-03-28 09:19:51.231,18.469,-2,1150,1139,-4.37,1,0,0,0,0,0,0,0
2026-03-28 09:19:51.247,18.485,-1,1158,1138,-4.37,1,0,0,0,0,0,0,0
2026-03-28 09:19:51.250,18.488,-1,1156,1138,-4.37,1,0,0,0,0,0,0,0
2026-03-28 09:19:51.312,18.550,-1,1155,1139,-4.34,1,0,0,0,0,0,0,0
2026-03-28 09:19:51.328,18.566,-1,1158,1138,-4.38,1,0,0,0,0,0,0,0
2026-03-28 09:19:51.456,18.693,-1,1156,1138,-4.35,1,0,0,0,0,0,0,0
2026-03-28 09:19:51.504,18.742,-1,1158,1137,-4.35,1,0,0,0,0,0,0,0
2026-03-28 09:19:51.599,18.837,-1,1154,1139,-4.38,1,0,0,0,0,0,0,0
2026-03-28 09:19:51.601,18.839,-1,1153,1139,-4.37,1,0,0,0,0,0,0,0
2026-03-28 09:19:51.727,18.965,-2,1157,1138,-4.37,1,0,0,0,0,0,0,0
2026-03-28 09:19:51.872,19.110,-1,1156,1137,-4.39,1,0,0,0,0,0,0,0
2026-03-28 09:19:52.032,19.270,-2,1154,1137,-4.4,1,0,0,0,0,0,0,0
2026-03-28 09:19:52.128,19.366,-2,1151,1139,-4.38,1,0,0,0,0,0,0,0
2026-03-28 09:19:52.160,19.398,-1,1153,1138,-4.35,1,1,0,0,0,0,0,0
2026-03-28 09:19:52.320,19.558,-1,1151,1139,-4.35,1,1,0,0,0,0,0,0
2026-03-28 09:19:52.544,19.781,-1,1156,1137,-4.35,1,1,0,0,0,0,0,0
2026-03-28 09:19:52.688,19.925,-2,1157,1138,-4.39,1,1,0,0,0,0,0,0
2026-03-28 09:19:52.784,20.021,-1,1156,1137,-4.37,1,1,0,0,0,0,0,0
2026-03-28 09:19:52.799,20.037,-1,1157,1137,-4.37,1,1,0,0,0,0,0,0
2026-03-28 09:19:52.911,20.149,-1,1155,1137,-4.36,1,1,0,0,0,0,0,0
2026-03-28 09:19:52.913,20.151,-1,1154,1137,-4.38,1,1,0,0,0,0,0,0
2026-03-28 09:19:53.039,20.277,-1,1153,1137,-4.38,1,1,0,0,0,0,0,0
2026-03-28 09:19:53.056,20.294,-1,1152,1139,-4.34,1,1,0,0,0,0,0,0
2026-03-28 09:19:53.058,20.296,-1,1152,1140,-4.38,1,1,0,0,0,0,0,0
2026-03-28 09:19:53.088,20.325,-1,1151,1139,-4.38,1,1,0,0,0,0,0,0
2026-03-28 09:19:53.248,20.486,-1,1156,1138,-4.36,1,1,0,0,0,0,0,0
2026-03-28 09:19:53.250,20.488,-1,1155,1139,-4.37,1,1,0,0,0,0,0,0
2026-03-28 09:19:53.311,20.549,-1,1158,1138,-4.37,1,1,0,0,0,0,0,0
2026-03-28 09:19:53.407,20.645,-1,1158,1137,-4.38,1,1,0,0,0,0,0,0
2026-03-28 09:19:53.568,20.805,-1,1154,1139,-4.37,1,1,0,0,0,0,0,0
2026-03-28 09:19:53.570,20.808,-1,1153,1138,-4.38,1,1,0,0,0,0,0,0
2026-03-28 09:19:53.599,20.837,-1,1157,1138,-4.38,1,1,0,0,0,0,0,0
2026-03-28 09:19:53.728,20.965,-1,1157,1137,-4.4,1,1,0,0,0,0,0,0
2026-03-28 09:19:53.936,21.174,-1,1153,1137,-4.37,1,1,0,0,0,0,0,0
2026-03-28 09:19:54.064,21.301,-1,1151,1139,-4.37,1,1,0,0,0,0,0,0
2026-03-28 09:19:54.112,21.349,-2,1153,1138,-4.38,1,0,0,0,0,0,0,0
2026-03-28 09:19:54.240,21.478,-1,1151,1138,-4.38,1,0,0,0,0,0,0,0
2026-03-28 09:19:54.400,21.637,-1,1158,1138,-4.34,1,0,0,0,0,0,0,0
2026-03-28 09:19:54.401,21.639,-1,1156,1138,-4.36,1,0,0,0,0,0,0,0
2026-03-28 09:19:54.528,21.765,-1,1157,1137,-4.36,1,0,0,0,0,0,0,0
2026-03-28 09:19:54.592,21.830,-1,1156,1137,-4.38,1,0,0,0,0,0,0,0
2026-03-28 09:19:54.719,21.957,-1,1153,1139,-4.39,1,0,0,0,0,0,0,0
2026-03-28 09:19:54.913,22.151,-2,1153,1137,-4.36,1,0,0,0,0,0,0,0
2026-03-28 09:19:54.975,22.213,-2,1152,1139,-4.37,1,0,0,0,0,0,0,0
2026-03-28 09:19:54.991,22.229,-1,1151,1139,-4.37,1,0,0,0,0,0,0,0
2026-03-28 09:19:55.071,22.309,-2,1151,1138,-4.37,1,0,0,0,0,0,0,0
2026-03-28 09:19:55.072,22.310,-2,1150,1139,-4.36,1,0,0,0,0,0,0,0
2026-03-28 09:19:55.172,22.410,-2,1158,1138,-4.37,1,0,0,0,0,0,0,0
2026-03-28 09:19:55.359,22.597,-1,1158,1137,-4.35,1,0,0,0,0,0,0,0
2026-03-28 09:19:55.440,22.678,-2,1154,1139,-4.38,1,0,0,0,0,0,0,0
2026-03-28 09:19:55.443,22.681,-2,1153,1138,-4.39,1,0,0,0,0,0,0,0
2026-03-28 09:19:55.583,22.821,-1,1157,1138,-4.39,1,0,0,0,0,0,0,0
2026-03-28 09:19:55.696,22.933,-2,1153,1139,-4.38,0,0,0,0,0,0,0,0
2026-03-28 09:19:55.698,22.936,-2,1152,1138,-4.37,0,0,0,0,0,0,0,0
2026-03-28 09:19:55.727,22.965,-1,1157,1138,-4.37,0,0,0,0,0,0,0,0
2026-03-28 09:19:55.919,23.157,-1,1156,1137,-4.4,0,0,0,0,0,0,0,0
2026-03-28 09:19:56.047,23.285,-2,1154,1137,-4.36,0,0,0,0,0,0,0,0
2026-03-28 09:19:56.095,23.333,-2,1151,1139,-4.38,0,0,0,0,0,0,0,0
2026-03-28 09:19:56.192,23.430,-1,1158,1138,-4.38,0,0,0,0,0,0,0,0
2026-03-28 09:19:56.257,23.494,-1,1156,1138,-4.36,0,0,0,0,0,0,0,0
2026-03-28 09:19:56.260,23.497,-2,1157,1137,-4.36,0,0,0,0,0,0,0,0
2026-03-28 09:19:56.383,23.621,-1,1157,1137,-4.39,0,0,0,0,0,0,0,0
2026-03-28 09:19:56.385,23.623,-1,1158,1137,-4.39,0,0,0,0,0,0,0,0
2026-03-28 09:19:56.463,23.700,-2,1156,1137,-4.39,0,0,0,0,0,0,0,0
2026-03-28 09:19:56.480,23.717,-1,1155,1139,-4.34,0,0,0,0,0,0,0,0
2026-03-28 09:19:56.482,23.719,-1,1154,1139,-4.34,0,0,0,0,0,0,0,0
2026-03-28 09:19:56.575,23.813,-1,1153,1138,-4.35,0,0,0,0,0,0,0,0
2026-03-28 09:19:56.735,23.973,-1,1158,1137,-4.37,0,0,0,0,0,0,0,0
2026-03-28 09:19:56.752,23.990,-2,1157,1137,-4.38,0,0,0,0,0,0,0,0
2026-03-28 09:19:56.881,24.119,-1,1156,1137,-4.36,0,0,0,0,0,0,0,0
2026-03-28 09:19:56.912,24.149,-2,1152,1139,-4.34,0,0,0,0,0,0,0,0
2026-03-28 09:19:57.088,24.326,-2,1156,1138,-4.36,0,0,0,0,0,0,0,0
2026-03-28 09:19:57.090,24.328,-1,1155,1139,-4.36,0,0,0,0,0,0,0,0
2026-03-28 09:19:57.151,24.389,-2,1158,1138,-4.36,0,0,0,0,0,0,0,0
2026-03-28 09:19:57.155,24.392,-2,1156,1138,-4.34,0,0,0,0,0,0,0,0
2026-03-28 09:19:57.158,24.396,-2,1157,1137,-4.34,0,0,0,0,0,0,0,0
2026-03-28 09:19:57.233,24.470,-2,1157,1137,-4.34,0,0,0,0,0,0,0,0
2026-03-28 09:19:57.236,24.474,-1,1158,1137,-4.39,0,0,0,0,0,0,0,0
2026-03-28 09:19:57.327,24.565,-1,1156,1137,-4.39,0,0,0,0,0,0,0,0
2026-03-28 09:19:57.440,24.678,-1,1153,1139,-4.36,0,0,0,0,0,0,0,0
2026-03-28 09:19:57.568,24.806,-2,1156,1137,-4.34,0,0,0,0,0,0,0,0
2026-03-28 09:19:57.632,24.869,-2,1154,1137,-4.36,0,0,0,0,0,0,0,0
2026-03-28 09:19:57.791,25.029,-1,1151,1139,-4.38,0,0,0,0,0,0,0,0
2026-03-28 09:19:57.919,25.157,-2,1156,1138,-4.36,0,0,0,0,0,0,0,0
2026-03-28 09:19:58.031,25.269,-1,1156,1138,-4.35,0,0,0,0,0,0,0,0
2026-03-28 09:19:58.111,25.349,-1,1158,1137,-4.35,0,0,0,0,0,0,0,0
2026-03-28 09:19:58.239,25.477,-1,1154,1139,-4.35,0,0,0,0,0,0,0,0
2026-03-28 09:19:58.241,25.479,-2,1153,1138,-4.37,0,0,0,0,0,0,0,0
2026-03-28 09:19:58.351,25.589,-1,1157,1138,-4.37,0,0,0,0,0,0,0,0
2026-03-28 09:19:58.479,25.717,-2,1156,1137,-4.38,0,0,0,0,0,0,0,0
2026-03-28 09:19:58.559,25.797,-1,1153,1137,-4.38,0,0,0,0,0,0,0,0
2026-03-28 09:19:58.639,25.877,-2,1151,1138,-4.38,0,0,0,0,0,0,0,0
2026-03-28 09:19:58.767,26.005,-1,1156,1138,-4.38,0,0,0,0,0,0,0,0
2026-03-28 09:19:58.896,26.134,-2,1157,1137,-4.37,0,0,0,0,0,0,0,0
2026-03-28 09:19:58.928,26.165,-1,1156,1137,-4.4,0,0,0,0,0,0,0,0
2026-03-28 09:19:59.168,26.406,-2,1157,1138,-4.38,0,0,0,0,0,0,0,0
2026-03-28 09:19:59.199,26.436,-1,1156,1137,-4.39,0,0,0,0,0,0,0,0
2026-03-28 09:19:59.344,26.582,-2,1154,1137,-4.38,0,0,0,0,0,0,0,0
2026-03-28 09:19:59.392,26.630,-2,1151,1139,-4.33,0,0,0,0,0,0,0,0
2026-03-28 09:19:59.520,26.757,-1,1158,1138,-4.35,0,0,0,0,0,0,0,0
2026-03-28 09:19:59.647,26.885,-1,1156,1138,-4.38,0,0,0,0,0,0,0,0
2026-03-28 09:19:59.727,26.965,-1,1158,1137,-4.37,0,0,0,0,0,0,0,0
2026-03-28 09:19:59.839,27.077,-1,1154,1139,-4.37,0,0,0,0,0,0,0,0
2026-03-28 09:19:59.855,27.093,-1,1153,1138,-4.37,0,0,0,0,0,0,0,0
2026-03-28 09:19:59.983,27.221,-2,1157,1138,-4.37,0,0,0,0,0,0,0,0
2026-03-28 09:20:00.047,27.285,-1,1157,1137,-4.35,0,0,0,0,0,0,0,0
2026-03-28 09:20:00.175,27.413,-1,1153,1137,-4.34,0,0,0,0,0,0,0,0
2026-03-28 09:20:00.303,27.540,-1,1151,1139,-4.37,0,0,0,0,0,0,0,0
2026-03-28 09:20:00.383,27.621,-1,1156,1138,-4.35,0,0,0,0,0,0,0,0
2026-03-28 09:20:00.575,27.813,-2,1156,1138,-4.39,0,0,0,0,0,0,0,0
2026-03-28 09:20:00.656,27.894,-2,1158,1137,-4.38,0,0,0,0,0,0,0,0
2026-03-28 09:20:00.671,27.908,-1,1154,1139,-4.37,0,0,0,0,0,0,0,0
2026-03-28 09:20:00.751,27.989,-1,1153,1138,-4.37,0,0,0,0,0,0,0,0
2026-03-28 09:20:00.846,28.084,-2,1158,1137,-4.38,0,0,0,0,0,0,0,0
2026-03-28 09:20:00.879,28.117,-1,1157,1137,-4.38,0,0,0,0,0,0,0,0
2026-03-28 09:20:01.039,28.277,-1,1151,1139,-4.35,0,0,0,0,0,0,0,0
2026-03-28 09:20:01.103,28.341,-2,1156,1138,-4.35,0,0,0,0,0,0,0,0
2026-03-28 09:20:01.105,28.343,-1,1155,1139,-4.35,0,0,0,0,0,0,0,0
2026-03-28 09:20:01.107,28.345,-2,1158,1138,-4.39,0,0,0,0,0,0,0,0
2026-03-28 09:20:01.215,28.453,-2,1156,1138,-4.37,0,0,0,0,0,0,0,0
2026-03-28 09:20:01.376,28.614,-1,1158,1137,-4.33,0,0,0,0,0,0,0,0
2026-03-28 09:20:01.408,28.646,-1,1154,1139,-4.36,0,0,0,0,0,0,0,0
2026-03-28 09:20:01.411,28.649,-1,1153,1139,-4.39,0,0,0,0,0,0,0,0
2026-03-28 09:20:01.583,28.820,-2,1157,1138,-4.39,0,0,0,0,0,0,0,0
2026-03-28 09:20:01.679,28.917,-2,1157,1137,-4.38,0,0,0,0,0,0,0,0
2026-03-28 09:20:01.791,29.029,-1,1153,1137,-4.36,0,0,0,0,0,0,0,0
2026-03-28 09:20:01.793,29.031,-1,1152,1139,-4.37,0,0,0,0,0,0,0,0
2026-03-28 09:20:01.839,29.076,-2,1151,1139,-4.38,0,0,0,0,0,0,0,0
2026-03-28 09:20:01.935,29.173,-1,1156,1138,-4.35,0,0,0,0,0,0,0,0
2026-03-28 09:20:02.063,29.301,-2,1156,1138,-4.39,0,0,0,0,0,0,0,0
2026-03-28 09:20:02.126,29.364,-2,1158,1137,-4.36,0,0,0,0,0,0,0,0
2026-03-28 09:20:02.271,29.509,-2,1154,1139,-4.37,0,0,0,0,0,0,0,0
2026-03-28 09:20:02.273,29.510,-2,1153,1139,-4.33,0,0,0,0,0,0,0,0
2026-03-28 09:20:02.350,29.588,-1,1157,1138,-4.33,0,0,0,0,0,0,0,0
2026-03-28 09:20:02.463,29.701,-1,1157,1137,-4.38,0,0,0,0,0,0,0,0
2026-03-28 09:20:02.543,29.781,-2,1153,1137,-4.35,0,0,0,0,0,0,0,0
2026-03-28 09:20:02.639,29.877,-1,1151,1139,-4.36,0,0,0,0,0,0,0,0
2026-03-28 09:20:02.687,29.925,-2,1156,1138,-4.36,0,0,0,0,0,0,0,0
2026-03-28 09:20:02.831,30.068,-1,1156,1138,-4.37,0,0,0,0,0,0,0,0
2026-03-28 09:20:02.927,30.165,-2,1158,1137,-4.36,0,0,0,0,0,0,0,0
2026-03-28 09:20:02.991,30.229,-2,1154,1139,-4.39,0,0,0,0,0,0,0,0
2026-03-28 09:20:03.103,30.341,-1,1158,1137,-4.37,0,0,0,0,0,0,0,0
2026-03-28 09:20:03.119,30.357,-1,1156,1137,-4.37,0,0,0,0,0,0,0,0
2026-03-28 09:20:03.264,30.502,-1,1157,1137,-4.37,0,0,0,0,0,0,0,0
2026-03-28 09:20:03.268,30.506,-2,1155,1137,-4.37,0,0,0,0,0,0,0,0
2026-03-28 09:20:03.274,30.512,-1,1154,1137,-4.37,0,0,0,0,0,0,0,0
2026-03-28 09:20:03.295,30.533,-1,1153,1137,-4.37,0,0,0,0,0,0,0,0
2026-03-28 09:20:03.297,30.535,-2,1152,1139,-4.37,0,0,0,0,0,0,0,0
2026-03-28 09:20:03.423,30.661,-2,1151,1139,-4.36,0,0,0,0,0,0,0,0
2026-03-28 09:20:03.471,30.709,-2,1156,1138,-4.38,0,0,0,0,0,0,0,0
2026-03-28 09:20:03.487,30.725,-2,1155,1139,-4.37,0,0,0,0,0,0,0,0
2026-03-28 09:20:03.582,30.820,-2,1158,1138,-4.38,0,0,0,0,0,0,0,0
2026-03-28 09:20:03.584,30.822,-2,1156,1138,-4.39,0,0,0,0,0,0,0,0
2026-03-28 09:20:03.598,30.836,-1,1157,1138,-4.39,0,0,0,0,0,0,0,0
2026-03-28 09:20:03.727,30.964,-1,1157,1137,-4.39,0,0,0,0,0,0,0,0
2026-03-28 09:20:03.728,30.966,-2,1158,1137,-4.38,0,0,0,0,0,0,0,0
2026-03-28 09:20:03.838,31.076,-2,1156,1137,-4.38,0,0,0,0,0,0,0,0
2026-03-28 09:20:03.935,31.173,-2,1153,1138,-4.4,0,0,0,0,0,0,0,0
2026-03-28 09:20:03.999,31.237,-1,1158,1137,-4.37,0,0,0,0,0,0,0,0
2026-03-28 09:20:04.178,31.415,-1,1150,1139,-4.35,0,0,0,0,0,0,0,0
2026-03-28 09:20:04.288,31.526,-2,1158,1138,-4.38,0,0,0,0,0,0,0,0
2026-03-28 09:20:04.290,31.527,-1,1156,1138,-4.38,0,0,0,0,0,0,0,0
2026-03-28 09:20:04.335,31.573,-2,1155,1139,-4.36,0,0,0,0,0,0,0,0
2026-03-28 09:20:04.337,31.574,-2,1158,1138,-4.4,0,0,0,0,0,0,0,0
2026-03-28 09:20:04.542,31.780,-1,1156,1138,-4.37,0,0,0,0,0,0,0,0
2026-03-28 09:20:04.559,31.797,-2,1157,1137,-4.37,0,0,0,0,0,0,0,0
2026-03-28 09:20:04.639,31.877,-1,1156,1137,-4.36,0,0,0,0,0,0,0,0
2026-03-28 09:20:04.735,31.973,-1,1153,1138,-4.37,0,0,0,0,0,0,0,0
2026-03-28 09:20:04.847,32.085,-2,1158,1137,-4.37,0,0,0,0,0,0,0,0
2026-03-28 09:20:04.849,32.086,-2,1156,1137,-4.36,0,0,0,0,0,0,0,0
2026-03-28 09:20:04.911,32.149,-1,1157,1137,-4.36,0,0,0,0,0,0,0,0
2026-03-28 09:20:05.055,32.292,-2,1153,1137,-4.34,0,0,0,0,0,0,0,0
2026-03-28 09:20:05.119,32.357,-1,1151,1139,-4.37,0,0,0,0,0,0,0,0
2026-03-28 09:20:05.247,32.485,-1,1156,1138,-4.4,0,0,0,0,0,0,0,0
2026-03-28 09:20:05.391,32.629,-1,1156,1138,-4.37,0,0,0,0,0,0,0,0
2026-03-28 09:20:05.439,32.677,-1,1158,1137,-4.35,0,0,0,0,0,0,0,0
2026-03-28 09:20:05.503,32.741,-1,1153,1139,-4.38,0,0,0,0,0,0,0,0
2026-03-28 09:20:05.631,32.869,-2,1158,1137,-4.38,0,0,0,0,0,0,0,0
2026-03-28 09:20:05.647,32.885,-2,1156,1137,-4.37,0,0,0,0,0,0,0,0
2026-03-28 09:20:05.695,32.933,-2,1157,1137,-4.37,0,0,0,0,0,0,0,0
2026-03-28 09:20:05.903,33.141,-2,1153,1137,-4.37,0,0,0,0,0,0,0,0
2026-03-28 09:20:05.935,33.173,-1,1151,1139,-4.37,0,0,0,0,0,0,0,0
2026-03-28 09:20:06.032,33.269,-2,1155,1139,-4.39,0,0,0,0,0,0,0,0
2026-03-28 09:20:06.143,33.380,-2,1157,1137,-4.39,0,0,0,0,0,0,0,0
2026-03-28 09:20:06.144,33.382,-1,1157,1137,-4.39,0,0,0,0,0,0,0,0
2026-03-28 09:20:06.271,33.509,-1,1158,1137,-4.37,0,0,0,0,0,0,0,0
2026-03-28 09:20:06.319,33.557,-2,1154,1139,-4.36,0,0,0,0,0,0,0,0
2026-03-28 09:20:06.415,33.653,-2,1158,1137,-4.37,0,0,0,0,0,0,0,0
2026-03-28 09:20:06.416,33.654,-1,1156,1137,-4.35,0,0,0,0,0,0,0,0
2026-03-28 09:20:06.622,33.860,-1,1157,1137,-4.35,0,0,0,0,0,0,0,0
2026-03-28 09:20:06.671,33.908,-2,1153,1137,-4.37,0,0,0,0,0,0,0,0
2026-03-28 09:20:06.734,33.972,-1,1150,1139,-4.36,0,0,0,0,0,0,0,0
2026-03-28 09:20:06.736,33.974,-1,1158,1138,-4.38,0,0,0,0,0,0,0,0
2026-03-28 09:20:06.738,33.975,-1,1156,1138,-4.38,0,0,0,0,0,0,0,0
2026-03-28 09:20:06.879,34.117,-2,1155,1139,-4.36,0,0,0,0,0,0,0,0
2026-03-28 09:20:06.896,34.134,-2,1157,1137,-4.35,0,0,0,0,0,0,0,0
2026-03-28 09:20:07.023,34.261,-2,1156,1137,-4.36,0,0,0,0,0,0,0,0
2026-03-28 09:20:07.231,34.469,-2,1153,1137,-4.36,0,0,0,0,0,0,0,0
2026-03-28 09:20:07.232,34.470,-2,1156,1137,-4.37,0,0,0,0,0,0,0,0
2026-03-28 09:20:07.327,34.565,-2,1157,1137,-4.37,0,0,0,0,0,0,0,0
2026-03-28 09:20:07.518,34.756,-2,1153,1137,-4.37,0,0,0,0,0,0,0,0
2026-03-28 09:20:07.583,34.821,-1,1151,1139,-4.35,0,0,0,0,0,0,0,0
2026-03-28 09:20:07.584,34.822,-1,1150,1139,-4.38,0,0,0,0,0,0,0,0
2026-03-28 09:20:07.586,34.824,-1,1156,1138,-4.37,0,0,0,0,0,0,0,0
2026-03-28 09:20:07.679,34.917,-1,1155,1139,-4.38,0,0,0,0,0,0,0,0
2026-03-28 09:20:07.681,34.918,-2,1158,1138,-4.36,0,0,0,0,0,0,0,0
2026-03-28 09:20:07.742,34.980,-1,1156,1138,-4.36,0,0,0,0,0,0,0,0
2026-03-28 09:20:07.919,35.156,-2,1158,1137,-4.38,0,0,0,0,0,0,0,0
2026-03-28 09:20:07.983,35.221,-1,1154,1139,-4.37,0,0,0,0,0,0,0,0
2026-03-28 09:20:07.985,35.222,-1,1153,1139,-4.38,0,0,0,0,0,0,0,0
2026-03-28 09:20:08.094,35.332,-1,1157,1138,-4.38,0,0,0,0,0,0,0,0
2026-03-28 09:20:08.175,35.412,-1,1156,1137,-4.37,0,0,0,0,0,0,0,0
2026-03-28 09:20:08.287,35.525,-1,1154,1137,-4.38,0,0,0,0,0,0,0,0
2026-03-28 09:20:08.559,35.796,-2,1152,1138,-4.36,0,0,0,0,0,0,0,0
2026-03-28 09:20:08.655,35.892,-1,1158,1137,-4.36,0,0,0,0,0,0,0,0
2026-03-28 09:20:08.799,36.036,-1,1153,1138,-4.37,0,0,0,0,0,0,0,0
2026-03-28 09:20:08.847,36.084,-1,1158,1137,-4.37,0,0,0,0,0,0,0,0
2026-03-28 09:20:08.848,36.086,-1,1156,1137,-4.36,0,0,0,0,0,0,0,0
2026-03-28 09:20:08.959,36.197,-2,1157,1137,-4.36,0,0,0,0,0,0,0,0
2026-03-28 09:20:09.103,36.341,-2,1153,1137,-4.35,0,0,0,0,0,0,0,0
2026-03-28 09:20:09.169,36.407,-1,1151,1139,-4.38,0,0,0,0,0,0,0,0
2026-03-28 09:20:09.246,36.484,-2,1156,1138,-4.35,0,0,0,0,0,0,0,0
2026-03-28 09:20:09.374,36.612,-1,1156,1138,-4.35,0,0,0,0,0,0,0,0
2026-03-28 09:20:09.471,36.709,-1,1158,1137,-4.36,0,0,0,0,0,0,0,0
2026-03-28 09:20:09.551,36.789,-1,1154,1139,-4.38,0,0,0,0,0,0,0,0
2026-03-28 09:20:09.567,36.804,-1,1153,1138,-4.38,0,0,0,0,0,0,0,0
2026-03-28 09:20:09.742,36.980,-1,1157,1138,-4.38,0,0,0,0,0,0,0,0
2026-03-28 09:20:09.791,37.028,-1,1156,1137,-4.36,0,0,0,0,0,0,0,0
2026-03-28 09:20:09.887,37.124,-1,1154,1137,-4.37,0,0,0,0,0,0,0,0
2026-03-28 09:20:10.111,37.349,-1,1152,1138,-4.38,0,0,0,0,0,0,0,0
2026-03-28 09:20:10.239,37.477,-2,1158,1138,-4.36,0,0,0,0,0,0,0,0
2026-03-28 09:20:10.241,37.479,-1,1156,1138,-4.37,0,0,0,0,0,0,0,0
2026-03-28 09:20:10.286,37.524,-1,1157,1137,-4.37,0,0,0,0,0,0,0,0
2026-03-28 09:20:10.288,37.526,-2,1157,1137,-4.36,0,0,0,0,0,0,0,0
2026-03-28 09:20:10.399,37.636,-2,1155,1139,-4.35,0,0,0,0,0,0,0,0
2026-03-28 09:20:10.607,37.845,-1,1157,1138,-4.36,0,0,0,0,0,0,0,0
2026-03-28 09:20:10.671,37.909,-1,1156,1137,-4.36,0,0,0,0,0,0,0,0
2026-03-28 09:20:10.734,37.972,-2,1154,1137,-4.37,0,0,0,0,0,0,0,0
2026-03-28 09:20:10.863,38.101,-2,1152,1139,-4.35,0,0,0,0,0,0,0,0
2026-03-28 09:20:11.007,38.244,-1,1158,1138,-4.34,0,0,0,0,0,0,0,0
2026-03-28 09:20:11.071,38.309,-2,1158,1138,-4.35,0,0,0,0,0,0,0,0
2026-03-28 09:20:11.167,38.405,-1,1157,1137,-4.38,0,0,0,0,0,0,0,0
2026-03-28 09:20:11.263,38.501,-1,1154,1139,-4.37,0,0,0,0,0,0,0,0
2026-03-28 09:20:11.407,38.645,-1,1155,1138,-4.39,0,0,0,0,0,0,0,0
2026-03-28 09:20:11.409,38.647,-1,1158,1137,-4.38,0,0,0,0,0,0,0,0
2026-03-28 09:20:11.455,38.693,-2,1155,1137,-4.35,0,0,0,0,0,0,0,0
2026-03-28 09:20:11.791,39.028,-2,1158,1138,-4.38,0,0,0,0,0,0,0,0
2026-03-28 09:20:11.792,39.030,-1,1156,1138,-4.37,0,0,0,0,0,0,0,0
2026-03-28 09:20:11.886,39.124,-1,1157,1137,-4.37,0,0,0,0,0,0,0,0
2026-03-28 09:20:12.046,39.284,-1,1156,1137,-4.36,0,0,0,0,0,0,0,0
2026-03-28 09:20:12.110,39.348,-2,1153,1139,-4.37,0,0,0,0,0,0,0,0
2026-03-28 09:20:12.191,39.428,-1,1158,1137,-4.39,0,0,0,0,0,0,0,0
2026-03-28 09:20:12.319,39.556,-2,1154,1139,-4.38,0,0,0,0,0,0,0,0
2026-03-28 09:20:12.335,39.573,-2,1153,1138,-4.37,0,0,0,0,0,0,0,0
2026-03-28 09:20:12.366,39.604,-2,1157,1138,-4.37,0,0,0,0,0,0,0,0
2026-03-28 09:20:12.511,39.749,-2,1156,1137,-4.37,0,0,0,0,0,0,0,0
2026-03-28 09:20:12.607,39.845,-2,1154,1137,-4.38,0,0,0,0,0,0,0,0
2026-03-28 09:20:12.609,39.846,-1,1153,1137,-4.38,0,0,0,0,0,0,0,0
2026-03-28 09:20:12.750,39.988,-1,1152,1139,-4.37,0,0,0,0,0,0,0,0
2026-03-28 09:20:12.815,40.053,-2,1158,1138,-4.36,0,0,0,0,0,0,0,0
2026-03-28 09:20:13.023,40.261,-1,1158,1138,-4.37,0,0,0,0,0,0,0,0
2026-03-28 09:20:13.024,40.262,-2,1156,1138,-4.37,0,0,0,0,0,0,0,0
2026-03-28 09:20:13.071,40.308,-1,1157,1137,-4.37,0,0,0,0,0,0,0,0
2026-03-28 09:20:13.183,40.421,-2,1154,1139,-4.35,0,0,0,0,0,0,0,0
2026-03-28 09:20:13.186,40.423,-1,1153,1138,-4.36,0,0,0,0,0,0,0,0
2026-03-28 09:20:13.279,40.516,-2,1157,1138,-4.36,0,0,0,0,0,0,0,0
2026-03-28 09:20:13.359,40.597,-2,1156,1137,-4.4,0,0,0,0,0,0,0,0
2026-03-28 09:20:13.502,40.740,-2,1154,1137,-4.37,0,0,0,0,0,0,0,0
2026-03-28 09:20:13.614,40.852,-2,1151,1140,-4.37,0,0,0,0,0,0,0,0
2026-03-28 09:20:13.711,40.948,-2,1156,1138,-4.39,0,0,0,0,0,0,0,0
2026-03-28 09:20:13.759,40.996,-2,1156,1138,-4.38,0,0,0,0,0,0,0,0
2026-03-28 09:20:13.886,41.124,-1,1158,1137,-4.35,0,0,0,0,0,0,0,0
2026-03-28 09:20:14.015,41.252,-1,1154,1139,-4.38,0,0,0,0,0,0,0,0
2026-03-28 09:20:14.127,41.365,-1,1151,1138,-4.36,0,0,0,0,0,0,0,0
2026-03-28 09:20:14.129,41.366,-1,1150,1138,-4.38,0,0,0,0,0,0,0,0
2026-03-28 09:20:14.174,41.412,-1,1150,1138,-4.38,0,0,0,0,0,0,0,0
2026-03-28 09:20:14.286,41.524,-1,1149,1138,-4.37,0,0,0,0,0,0,0,0
2026-03-28 09:20:14.399,41.637,-1,1158,1137,-4.37,0,0,0,0,0,0,0,0
2026-03-28 09:20:14.401,41.638,-2,1156,1137,-4.36,0,0,0,0,0,0,0,0
2026-03-28 09:20:14.494,41.732,-1,1157,1137,-4.36,0,0,0,0,0,0,0,0
2026-03-28 09:20:14.590,41.828,-1,1153,1137,-4.35,0,0,0,0,0,0,0,0
2026-03-28 09:20:14.719,41.957,-1,1151,1139,-4.35,0,0,0,0,0,0,0,0
2026-03-28 09:20:14.814,42.052,-2,1156,1138,-4.38,0,0,0,0,0,0,0,0
2026-03-28 09:20:14.831,42.068,-1,1155,1139,-4.37,0,0,0,0,0,0,0,0
2026-03-28 09:20:14.910,42.148,-1,1157,1137,-4.39,0,0,0,0,0,0,0,0
2026-03-28 09:20:15.022,42.260,-2,1156,1137,-4.35,0,0,0,0,0,0,0,0
2026-03-28 09:20:15.103,42.341,-1,1153,1139,-4.36,0,0,0,0,0,0,0,0
2026-03-28 09:20:15.262,42.500,-1,1158,1138,-4.38,0,0,0,0,0,0,0,0
2026-03-28 09:20:15.264,42.502,-2,1156,1137,-4.4,0,0,0,0,0,0,0,0
2026-03-28 09:20:15.342,42.580,-1,1157,1137,-4.4,0,0,0,0,0,0,0,0
2026-03-28 09:20:15.455,42.693,-2,1153,1137,-4.36,0,0,0,0,0,0,0,0
2026-03-28 09:20:15.470,42.708,-1,1152,1139,-4.36,0,0,0,0,0,0,0,0
2026-03-28 09:20:15.583,42.820,-2,1151,1139,-4.38,0,0,0,0,0,0,0,0
2026-03-28 09:20:15.679,42.917,-1,1155,1139,-4.36,0,0,0,0,0,0,0,0
2026-03-28 09:20:15.758,42.996,-2,1157,1137,-4.37,0,0,0,0,0,0,0,0
2026-03-28 09:20:15.871,43.109,-1,1156,1137,-4.34,0,0,0,0,0,0,0,0
2026-03-28 09:20:15.951,43.189,-1,1157,1138,-4.39,0,0,0,0,0,0,0,0
2026-03-28 09:20:15.952,43.190,-1,1155,1138,-4.38,0,0,0,0,0,0,0,0
2026-03-28 09:20:16.111,43.348,-1,1158,1138,-4.36,0,0,0,0,0,0,0,0
2026-03-28 09:20:16.190,43.428,-1,1154,1137,-4.37,0,0,0,0,0,0,0,0
2026-03-28 09:20:16.318,43.556,-2,1152,1140,-4.34,0,0,0,0,0,0,0,0
2026-03-28 09:20:16.399,43.637,-1,1158,1138,-4.36,0,0,0,0,0,0,0,0
2026-03-28 09:20:16.526,43.764,-1,1158,1138,-4.36,0,0,0,0,0,0,0,0
2026-03-28 09:20:16.639,43.877,-1,1158,1137,-4.36,0,0,0,0,0,0,0,0
2026-03-28 09:20:16.703,43.941,-2,1157,1138,-4.36,0,0,0,0,0,0,0,0
2026-03-28 09:20:16.718,43.956,-1,1156,1138,-4.35,0,0,0,0,0,0,0,0
2026-03-28 09:20:16.830,44.068,-1,1155,1138,-4.35,0,0,0,0,0,0,0,0
2026-03-28 09:20:16.942,44.180,-2,1152,1138,-4.36,0,0,0,0,0,0,0,0
2026-03-28 09:20:17.070,44.308,-1,1150,1138,-4.38,0,0,0,0,0,0,0,0
2026-03-28 09:20:17.246,44.484,-2,1158,1137,-4.38,0,0,0,0,0,0,0,0
2026-03-28 09:20:17.248,44.486,-1,1156,1137,-4.36,0,0,0,0,0,0,0,0
2026-03-28 09:20:17.310,44.548,-1,1157,1137,-4.36,0,0,0,0,0,0,0,0
2026-03-28 09:20:17.406,44.644,-2,1153,1137,-4.36,0,0,0,0,0,0,0,0
2026-03-28 09:20:17.470,44.708,-1,1151,1139,-4.36,0,0,0,0,0,0,0,0
2026-03-28 09:20:17.583,44.821,-1,1158,1138,-4.36,0,0,0,0,0,0,0,0
2026-03-28 09:20:17.599,44.837,-1,1156,1138,-4.38,0,0,0,0,0,0,0,0
2026-03-28 09:20:17.678,44.916,-1,1157,1137,-4.38,0,0,0,0,0,0,0,0
2026-03-28 09:20:17.790,45.028,-2,1156,1137,-4.36,0,0,0,0,0,0,0,0
2026-03-28 09:20:17.919,45.157,-1,1153,1139,-4.38,0,0,0,0,0,0,0,0
2026-03-28 09:20:18.046,45.284,-2,1156,1137,-4.38,0,0,0,0,0,0,0,0
2026-03-28 09:20:18.159,45.396,-2,1154,1137,-4.39,0,0,0,0,0,0,0,0
2026-03-28 09:20:18.255,45.493,-1,1152,1140,-4.36,0,0,0,0,0,0,0,0
2026-03-28 09:20:18.350,45.588,-1,1158,1138,-4.37,0,0,0,0,0,0,0,0
2026-03-28 09:20:18.462,45.700,-1,1156,1138,-4.38,0,0,0,0,0,0,0,0
2026-03-28 09:20:18.623,45.861,-2,1158,1137,-4.38,0,0,0,0,0,0,0,0
2026-03-28 09:20:18.670,45.908,-1,1154,1139,-4.38,0,0,0,0,0,0,0,0
2026-03-28 09:20:18.672,45.910,-2,1153,1139,-4.37,0,0,0,0,0,0,0,0
2026-03-28 09:20:18.846,46.084,-1,1157,1138,-4.37,0,0,0,0,0,0,0,0
2026-03-28 09:20:18.959,46.197,-2,1157,1137,-4.35,0,0,0,0,0,0,0,0
2026-03-28 09:20:19.038,46.276,-1,1152,1139,-4.36,0,0,0,0,0,0,0,0
2026-03-28 09:20:19.054,46.292,-1,1151,1139,-4.36,0,0,0,0,0,0,0,0
2026-03-28 09:20:19.134,46.372,-1,1150,1139,-4.38,0,0,0,0,0,0,0,0
2026-03-28 09:20:19.247,46.485,-2,1155,1139,-4.36,0,0,0,0,0,0,0,0
2026-03-28 09:20:19.342,46.580,-2,1157,1137,-4.39,0,0,0,0,0,0,0,0
2026-03-28 09:20:19.423,46.661,-1,1156,1137,-4.38,0,0,0,0,0,0,0,0
2026-03-28 09:20:19.582,46.819,-2,1157,1138,-4.38,0,0,0,0,0,0,0,0
2026-03-28 09:20:19.694,46.932,-1,1156,1137,-4.37,0,0,0,0,0,0,0,0
2026-03-28 09:20:19.726,46.964,-1,1154,1137,-4.38,0,0,0,0,0,0,0,0
2026-03-28 09:20:19.855,47.093,-1,1152,1139,-4.36,0,0,0,0,0,0,0,0
2026-03-28 09:20:19.919,47.157,-2,1156,1138,-4.36,0,0,0,0,0,0,0,0
2026-03-28 09:20:20.063,47.301,-1,1156,1138,-4.36,0,0,0,0,0,0,0,0
2026-03-28 09:20:20.142,47.380,-1,1158,1137,-4.4,0,0,0,0,0,0,0,0
2026-03-28 09:20:20.287,47.525,-1,1156,1138,-4.35,0,0,0,0,0,0,0,0
2026-03-28 09:20:20.289,47.526,-2,1155,1138,-4.35,0,0,0,0,0,0,0,0
2026-03-28 09:20:20.366,47.604,-1,1154,1139,-4.36,0,0,0,0,0,0,0,0
2026-03-28 09:20:20.447,47.684,-2,1151,1137,-4.39,0,0,0,0,0,0,0,0
2026-03-28 09:20:20.623,47.861,-1,1150,1139,-4.35,0,0,0,0,0,0,0,0
2026-03-28 09:20:20.654,47.892,-1,1158,1137,-4.38,0,0,0,0,0,0,0,0
2026-03-28 09:20:20.656,47.894,-1,1156,1137,-4.35,0,0,0,0,0,0,0,0
2026-03-28 09:20:20.750,47.988,-2,1157,1137,-4.35,0,0,0,0,0,0,0,0
2026-03-28 09:20:20.926,48.164,-2,1153,1137,-4.39,0,0,0,0,0,0,0,0
2026-03-28 09:20:20.974,48.212,-2,1151,1139,-4.36,0,0,0,0,0,0,0,0
2026-03-28 09:20:21.008,48.246,-1,1156,1138,-4.37,0,0,0,0,0,0,0,0
2026-03-28 09:20:21.119,48.356,-2,1157,1137,-4.37,0,0,0,0,0,0,0,0
2026-03-28 09:20:21.342,48.580,-1,1156,1137,-4.38,0,0,0,0,0,0,0,0
2026-03-28 09:20:21.374,48.612,-2,1153,1139,-4.36,0,0,0,0,0,0,0,0
2026-03-28 09:20:21.470,48.708,-1,1158,1137,-4.36,0,0,0,0,0,0,0,0
2026-03-28 09:20:21.486,48.724,-1,1156,1137,-4.4,0,0,0,0,0,0,0,0
2026-03-28 09:20:21.582,48.820,-1,1157,1137,-4.4,0,0,0,0,0,0,0,0
2026-03-28 09:20:21.678,48.916,-2,1153,1137,-4.35,0,0,0,0,0,0,0,0
2026-03-28 09:20:21.758,48.996,-1,1151,1139,-4.38,0,0,0,0,0,0,0,0
2026-03-28 09:20:21.935,49.172,-1,1156,1138,-4.36,0,0,0,0,0,0,0,0
2026-03-28 09:20:21.982,49.220,-1,1156,1138,-4.37,0,0,0,0,0,0,0,0
2026-03-28 09:20:22.078,49.316,-2,1158,1137,-4.35,0,0,0,0,0,0,0,0
2026-03-28 09:20:22.286,49.524,-1,1154,1137,-4.36,0,0,0,0,0,0,0,0
2026-03-28 09:20:22.305,49.543,-2,1156,1137,-4.35,0,0,0,0,0,0,0,0
2026-03-28 09:20:22.478,49.716,-1,1157,1137,-4.35,0,0,0,0,0,0,0,0
2026-03-28 09:20:22.542,49.779,-1,1153,1137,-4.36,0,0,0,0,0,0,0,0
2026-03-28 09:20:22.654,49.892,-2,1151,1139,-4.33,0,0,0,0,0,0,0,0
2026-03-28 09:20:22.750,49.988,-2,1156,1138,-4.36,0,0,0,0,0,0,0,0
2026-03-28 09:20:22.879,50.116,-2,1157,1137,-4.35,0,0,0,0,0,0,0,0
2026-03-28 09:20:22.974,50.212,-1,1156,1137,-4.37,0,0,0,0,0,0,0,0
2026-03-28 09:20:23.070,50.308,-2,1153,1138,-4.36,0,0,0,0,0,0,0,0
2026-03-28 09:20:23.150,50.388,-1,1158,1137,-4.37,0,0,0,0,0,0,0,0
2026-03-28 09:20:23.152,50.389,-1,1156,1137,-4.36,0,0,0,0,0,0,0,0
2026-03-28 09:20:23.326,50.563,-1,1157,1137,-4.36,0,0,0,0,0,0,0,0
2026-03-28 09:20:23.422,50.660,-1,1152,1139,-4.37,0,0,0,0,0,0,0,0
2026-03-28 09:20:23.567,50.805,-2,1158,1138,-4.37,0,0,0,0,0,0,0,0
2026-03-28 09:20:23.630,50.868,-2,1156,1138,-4.36,0,0,0,0,0,0,0,0
2026-03-28 09:20:23.678,50.916,-1,1158,1137,-4.36,0,0,0,0,0,0,0,0
2026-03-28 09:20:23.774,51.012,-2,1154,1139,-4.34,0,0,0,0,0,0,0,0
2026-03-28 09:20:23.776,51.014,-2,1153,1138,-4.36,0,0,0,0,0,0,0,0
2026-03-28 09:20:23.950,51.187,-2,1157,1138,-4.36,0,0,0,0,0,0,0,0
2026-03-28 09:20:24.014,51.252,-1,1156,1137,-4.39,0,0,0,0,0,0,0,0
2026-03-28 09:20:24.142,51.380,-2,1154,1137,-4.37,0,0,0,0,0,0,0,0
2026-03-28 09:20:24.206,51.444,-2,1152,1139,-4.37,0,0,0,0,0,0,0,0
2026-03-28 09:20:24.286,51.524,-1,1156,1138,-4.38,0,0,0,0,0,0,0,0
2026-03-28 09:20:24.302,51.539,-2,1155,1139,-4.36,0,0,0,0,0,0,0,0
2026-03-28 09:20:24.381,51.619,-1,1156,1138,-4.38,0,0,0,0,0,0,0,0
2026-03-28 09:20:24.383,51.621,-2,1157,1137,-4.38,0,0,0,0,0,0,0,0
2026-03-28 09:20:24.478,51.716,-2,1157,1137,-4.38,0,0,0,0,0,0,0,0
2026-03-28 09:20:24.494,51.732,-1,1155,1139,-4.36,0,0,0,0,0,0,0,0
2026-03-28 09:20:24.542,51.779,-1,1154,1139,-4.36,0,0,0,0,0,0,0,0
2026-03-28 09:20:24.558,51.796,-2,1153,1139,-4.37,0,0,0,0,0,0,0,0
2026-03-28 09:20:24.560,51.797,-2,1157,1138,-4.37,0,0,0,0,0,0,0,0
2026-03-28 09:20:24.654,51.892,-2,1155,1138,-4.37,0,0,0,0,0,0,0,0
2026-03-28 09:20:24.656,51.894,-2,1158,1137,-4.33,0,0,0,0,0,0,0,0
2026-03-28 09:20:24.718,51.955,-2,1156,1137,-4.35,0,0,0,0,0,0,0,0
2026-03-28 09:20:24.846,52.084,-2,1153,1137,-4.36,0,0,0,0,0,0,0,0
2026-03-28 09:20:24.849,52.086,-1,1152,1139,-4.35,0,0,0,0,0,0,0,0
2026-03-28 09:20:24.974,52.212,-1,1152,1140,-4.35,0,0,0,0,0,0,0,0
2026-03-28 09:20:25.054,52.292,-1,1158,1138,-4.36,0,0,0,0,0,0,0,0
2026-03-28 09:20:25.134,52.372,-1,1156,1138,-4.38,0,0,0,0,0,0,0,0
2026-03-28 09:20:25.150,52.388,-1,1157,1137,-4.38,0,0,0,0,0,0,0,0
2026-03-28 09:20:25.230,52.468,-1,1158,1137,-4.38,0,0,0,0,0,0,0,0
2026-03-28 09:20:25.231,52.469,-2,1158,1137,-4.36,0,0,0,0,0,0,0,0
2026-03-28 09:20:25.246,52.483,-2,1157,1137,-4.36,0,0,0,0,0,0,0,0
2026-03-28 09:20:25.341,52.579,-2,1155,1139,-4.36,0,0,0,0,0,0,0,0
2026-03-28 09:20:25.343,52.581,-1,1154,1139,-4.35,0,0,0,0,0,0,0,0
2026-03-28 09:20:25.470,52.708,-1,1153,1138,-4.37,0,0,0,0,0,0,0,0
2026-03-28 09:20:25.582,52.820,-2,1158,1137,-4.36,0,0,0,0,0,0,0,0
2026-03-28 09:20:25.583,52.821,-2,1156,1138,-4.38,0,0,0,0,0,0,0,0
2026-03-28 09:20:25.629,52.867,-1,1157,1137,-4.38,0,0,0,0,0,0,0,0
2026-03-28 09:20:25.790,53.028,-1,1153,1137,-4.36,0,0,0,0,0,0,0,0
2026-03-28 09:20:25.887,53.124,-1,1151,1139,-4.38,0,0,0,0,0,0,0,0
2026-03-28 09:20:26.030,53.268,-1,1156,1138,-4.38,0,0,0,0,0,0,0,0
2026-03-28 09:20:26.142,53.380,-2,1156,1138,-4.37,0,0,0,0,0,0,0,0
2026-03-28 09:20:26.336,53.573,-1,1153,1139,-4.35,0,0,0,0,0,0,0,0
2026-03-28 09:20:26.494,53.732,-1,1157,1138,-4.35,0,0,0,0,0,0,0,0
2026-03-28 09:20:26.574,53.812,-2,1156,1137,-4.35,0,0,0,0,0,0,0,0
2026-03-28 09:20:26.734,53.972,-2,1153,1137,-4.36,0,0,0,0,0,0,0,0
2026-03-28 09:20:26.814,54.052,-2,1151,1139,-4.35,0,0,0,0,0,0,0,0
2026-03-28 09:20:26.909,54.147,-1,1158,1138,-4.36,0,0,0,0,0,0,0,0
2026-03-28 09:20:26.911,54.149,-2,1156,1138,-4.35,0,0,0,0,0,0,0,0
2026-03-28 09:20:26.991,54.229,-1,1157,1137,-4.35,0,0,0,0,0,0,0,0
2026-03-28 09:20:27.247,54.484,-1,1156,1138,-4.36,0,0,0,0,0,0,0,0
2026-03-28 09:20:27.278,54.515,-2,1156,1137,-4.37,0,0,0,0,0,0,0,0
2026-03-28 09:20:27.406,54.644,-2,1153,1137,-4.36,0,0,0,0,0,0,0,0
2026-03-28 09:20:27.502,54.740,-2,1151,1139,-4.36,0,0,0,0,0,0,0,0
2026-03-28 09:20:27.504,54.741,-2,1150,1139,-4.37,0,0,0,0,0,0,0,0
2026-03-28 09:20:27.582,54.820,-2,1155,1139,-4.39,0,0,0,0,0,0,0,0
2026-03-28 09:20:27.694,54.931,-2,1157,1137,-4.37,0,0,0,0,0,0,0,0
2026-03-28 09:20:27.838,55.076,-1,1157,1137,-4.36,0,0,0,0,0,0,0,0
2026-03-28 09:20:27.966,55.204,-1,1153,1139,-4.37,0,0,0,0,0,0,0,0
2026-03-28 09:20:28.030,55.268,-1,1158,1137,-4.36,0,0,0,0,0,0,0,0
2026-03-28 09:20:28.031,55.269,-1,1156,1137,-4.38,0,0,0,0,0,0,0,0
2026-03-28 09:20:28.141,55.379,-1,1157,1137,-4.38,0,0,0,0,0,0,0,0
2026-03-28 09:20:28.270,55.508,-2,1153,1137,-4.37,0,0,0,0,0,0,0,0
2026-03-28 09:20:28.334,55.572,-1,1151,1139,-4.37,0,0,0,0,0,0,0,0
2026-03-28 09:20:28.526,55.764,-2,1156,1138,-4.38,0,0,0,0,0,0,0,0
2026-03-28 09:20:28.574,55.811,-2,1156,1138,-4.36,0,0,0,0,0,0,0,0
2026-03-28 09:20:28.750,55.988,-1,1156,1137,-4.33,0,0,0,0,0,0,0,0
2026-03-28 09:20:28.800,56.038,-2,1153,1138,-4.36,0,0,0,0,0,0,0,0
2026-03-28 09:20:28.862,56.099,-1,1158,1137,-4.35,0,0,0,0,0,0,0,0
2026-03-28 09:20:28.878,56.115,-1,1156,1137,-4.35,0,0,0,0,0,0,0,0
2026-03-28 09:20:28.957,56.195,-2,1157,1137,-4.35,0,0,0,0,0,0,0,0
2026-03-28 09:20:29.086,56.323,-2,1153,1137,-4.37,0,0,0,0,0,0,0,0
2026-03-28 09:20:29.089,56.327,-1,1151,1139,-4.38,0,0,0,0,0,0,0,0
2026-03-28 09:20:29.262,56.500,-2,1158,1138,-4.38,0,0,0,0,0,0,0,0
2026-03-28 09:20:29.310,56.548,-1,1158,1138,-4.38,0,0,0,0,0,0,0,0
2026-03-28 09:20:29.325,56.563,-1,1157,1137,-4.37,0,0,0,0,0,0,0,0
2026-03-28 09:20:29.375,56.613,-2,1158,1137,-4.37,0,0,0,0,0,0,0,0
2026-03-28 09:20:29.390,56.628,-2,1158,1137,-4.36,0,0,0,0,0,0,0,0
2026-03-28 09:20:29.518,56.756,-2,1156,1137,-4.36,0,0,0,0,0,0,0,0
2026-03-28 09:20:29.598,56.836,-2,1153,1139,-4.37,0,0,0,0,0,0,0,0
2026-03-28 09:20:29.710,56.947,-1,1150,1138,-4.35,0,0,0,0,0,0,0,0
2026-03-28 09:20:29.822,57.060,-1,1149,1139,-4.39,0,0,0,0,0,0,0,0
2026-03-28 09:20:29.823,57.061,-2,1149,1139,-4.36,0,0,0,0,0,0,0,0
2026-03-28 09:20:29.950,57.188,-1,1157,1138,-4.36,0,0,0,0,0,0,0,0
2026-03-28 09:20:30.062,57.299,-1,1156,1137,-4.36,0,0,0,0,0,0,0,0
2026-03-28 09:20:30.158,57.396,-1,1154,1137,-4.39,0,0,0,0,0,0,0,0
2026-03-28 09:20:30.159,57.397,-2,1153,1137,-4.39,0,0,0,0,0,0,0,0
2026-03-28 09:20:30.269,57.507,-1,1152,1139,-4.37,0,0,0,0,0,0,0,0
2026-03-28 09:20:30.272,57.510,-2,1151,1139,-4.37,0,0,0,0,0,0,0,0
2026-03-28 09:20:30.414,57.651,-2,1156,1138,-4.36,0,0,0,0,0,0,0,0
2026-03-28 09:20:30.478,57.716,-1,1156,1138,-4.38,0,0,0,0,0,0,0,0
2026-03-28 09:20:30.574,57.812,-1,1158,1137,-4.38,0,0,0,0,0,0,0,0
2026-03-28 09:20:30.686,57.923,-1,1154,1139,-4.41,0,0,0,0,0,0,0,0
2026-03-28 09:20:30.782,58.020,-1,1158,1137,-4.37,0,0,0,0,0,0,0,0
2026-03-28 09:20:30.784,58.021,-2,1156,1137,-4.38,0,0,0,0,0,0,0,0
2026-03-28 09:20:30.894,58.131,-2,1157,1137,-4.38,0,0,0,0,0,0,0,0
2026-03-28 09:20:30.991,58.229,-2,1153,1137,-4.38,0,0,0,0,0,0,0,0
2026-03-28 09:20:31.086,58.323,-1,1150,1139,-4.35,0,0,0,0,0,0,0,0
2026-03-28 09:20:31.198,58.436,-1,1155,1139,-4.34,0,0,0,0,0,0,0,0
2026-03-28 09:20:31.325,58.563,-2,1157,1137,-4.36,0,0,0,0,0,0,0,0
2026-03-28 09:20:31.406,58.644,-2,1156,1137,-4.38,0,0,0,0,0,0,0,0
2026-03-28 09:20:31.486,58.724,-1,1157,1138,-4.38,0,0,0,0,0,0,0,0
2026-03-28 09:20:31.631,58.868,-1,1156,1137,-4.37,0,0,0,0,0,0,0,0
2026-03-28 09:20:31.742,58.980,-2,1154,1137,-4.36,0,0,0,0,0,0,0,0
2026-03-28 09:20:31.806,59.043,-2,1151,1139,-4.36,0,0,0,0,0,0,0,0
2026-03-28 09:20:31.966,59.204,-1,1158,1138,-4.34,0,0,0,0,0,0,0,0
2026-03-28 09:20:32.061,59.299,-1,1158,1138,-4.36,0,0,0,0,0,0,0,0
2026-03-28 09:20:32.063,59.301,-1,1156,1138,-4.36,0,0,0,0,0,0,0,0
2026-03-28 09:20:32.174,59.411,-2,1157,1137,-4.36,0,0,0,0,0,0,0,0
2026-03-28 09:20:32.318,59.556,-1,1154,1139,-4.38,0,0,0,0,0,0,0,0
2026-03-28 09:20:32.333,59.571,-1,1153,1138,-4.36,0,0,0,0,0,0,0,0
2026-03-28 09:20:32.365,59.603,-1,1157,1138,-4.36,0,0,0,0,0,0,0,0
2026-03-28 09:20:32.509,59.747,-1,1156,1137,-4.39,0,0,0,0,0,0,0,0
2026-03-28 09:20:32.558,59.795,-1,1154,1137,-4.37,0,0,0,0,0,0,0,0
2026-03-28 09:20:32.702,59.940,-2,1152,1139,-4.35,0,0,0,0,0,0,0,0
2026-03-28 09:20:32.830,60.068,-1,1158,1138,-4.36,0,0,0,0,0,0,0,0
2026-03-28 09:20:32.941,60.179,-1,1156,1138,-4.36,0,0,0,0,0,0,0,0
2026-03-28 09:20:33.037,60.275,-2,1158,1137,-4.38,0,0,0,0,0,0,0,0
2026-03-28 09:20:33.118,60.356,-2,1153,1139,-4.35,0,0,0,0,0,0,0,0
2026-03-28 09:20:33.310,60.548,-2,1158,1137,-4.35,0,0,0,0,0,0,0,0
2026-03-28 09:20:33.312,60.549,-2,1156,1137,-4.37,0,0,0,0,0,0,0,0
2026-03-28 09:20:33.326,60.564,-2,1157,1137,-4.37,0,0,0,0,0,0,0,0
2026-03-28 09:20:33.469,60.707,-2,1153,1137,-4.39,0,0,0,0,0,0,0,0
2026-03-28 09:20:33.550,60.788,-2,1151,1139,-4.35,0,0,0,0,0,0,0,0
2026-03-28 09:20:33.710,60.947,-2,1156,1138,-4.38,0,0,0,0,0,0,0,0
2026-03-28 09:20:33.822,61.059,-1,1157,1137,-4.37,0,0,0,0,0,0,0,0
2026-03-28 09:20:33.950,61.188,-2,1156,1137,-4.37,0,0,0,0,0,0,0,0
2026-03-28 09:20:34.045,61.283,-1,1153,1139,-4.35,0,0,0,0,0,0,0,0
2026-03-28 09:20:34.157,61.395,-2,1158,1137,-4.4,0,0,0,0,0,0,0,0
2026-03-28 09:20:34.254,61.492,-1,1154,1137,-4.37,0,0,0,0,0,0,0,0
2026-03-28 09:20:34.334,61.571,-2,1151,1139,-4.38,0,0,0,0,0,0,0,0
2026-03-28 09:20:34.478,61.716,-2,1156,1138,-4.38,0,0,0,0,0,0,0,0
2026-03-28 09:20:34.542,61.779,-2,1156,1138,-4.37,0,0,0,0,0,0,0,0
2026-03-28 09:20:34.653,61.891,-1,1156,1137,-4.36,0,0,0,0,0,0,0,0
2026-03-28 09:20:34.670,61.908,-1,1155,1139,-4.35,0,0,0,0,0,0,0,0
2026-03-28 09:20:34.765,62.003,-1,1154,1139,-4.35,0,0,0,0,0,0,0,0
2026-03-28 09:20:34.925,62.163,-2,1155,1138,-4.37,0,0,0,0,0,0,0,0
2026-03-28 09:20:35.038,62.276,-2,1157,1137,-4.36,0,0,0,0,0,0,0,0
2026-03-28 09:20:35.086,62.324,-1,1153,1137,-4.36,0,0,0,0,0,0,0,0
2026-03-28 09:20:35.246,62.483,-2,1151,1139,-4.38,0,0,0,0,0,0,0,0
2026-03-28 09:20:35.373,62.611,-2,1158,1138,-4.37,0,0,0,0,0,0,0,0
2026-03-28 09:20:35.375,62.613,-2,1156,1138,-4.37,0,0,0,0,0,0,0,0
2026-03-28 09:20:35.469,62.707,-1,1157,1138,-4.37,0,0,0,0,0,0,0,0
2026-03-28 09:20:35.582,62.820,-2,1156,1137,-4.37,0,0,0,0,0,0,0,0
2026-03-28 09:20:35.677,62.915,-2,1157,1138,-4.37,0,0,0,0,0,0,0,0
2026-03-28 09:20:35.822,63.060,-2,1156,1137,-4.35,0,0,0,0,0,0,0,0
2026-03-28 09:20:35.886,63.123,-2,1154,1137,-4.37,0,0,0,0,0,0,0,0
2026-03-28 09:20:36.061,63.299,-2,1151,1139,-4.37,0,0,0,0,0,0,0,0
2026-03-28 09:20:36.222,63.459,-2,1156,1138,-4.37,0,0,0,0,0,0,0,0
2026-03-28 09:20:36.317,63.555,-2,1156,1138,-4.38,0,0,0,0,0,0,0,0
2026-03-28 09:20:36.366,63.604,-1,1156,1137,-4.35,0,0,0,0,0,0,0,0
2026-03-28 09:20:36.477,63.714,-2,1153,1139,-4.38,0,0,0,0,0,0,0,0
2026-03-28 09:20:36.574,63.811,-1,1158,1137,-4.39,0,0,0,0,0,0,0,0
2026-03-28 09:20:36.653,63.891,-2,1154,1137,-4.36,0,0,0,0,0,0,0,0
2026-03-28 09:20:36.829,64.067,-2,1152,1139,-4.36,0,0,0,0,0,0,0,0
2026-03-28 09:20:36.830,64.068,-1,1151,1139,-4.36,0,0,0,0,0,0,0,0
2026-03-28 09:20:36.832,64.070,-1,1158,1138,-4.36,0,0,0,0,0,0,0,0
2026-03-28 09:20:36.925,64.163,-1,1156,1138,-4.36,0,0,0,0,0,0,0,0
2026-03-28 09:20:36.958,64.196,-2,1156,1138,-4.37,0,0,0,0,0,0,0,0
2026-03-28 09:20:37.038,64.276,-2,1156,1137,-4.34,0,0,0,0,0,0,0,0
2026-03-28 09:20:37.118,64.356,-1,1153,1139,-4.34,0,0,0,0,0,0,0,0
2026-03-28 09:20:37.310,64.547,-1,1151,1138,-4.37,0,0,0,0,0,0,0,0
2026-03-28 09:20:37.325,64.563,-1,1150,1138,-4.38,0,0,0,0,0,0,0,0
2026-03-28 09:20:37.341,64.579,-2,1150,1138,-4.38,0,0,0,0,0,0,0,0
2026-03-28 09:20:37.422,64.660,-2,1149,1138,-4.37,0,0,0,0,0,0,0,0
2026-03-28 09:20:37.533,64.771,-2,1158,1137,-4.37,0,0,0,0,0,0,0,0
2026-03-28 09:20:37.549,64.787,-1,1156,1137,-4.35,0,0,0,0,0,0,0,0
2026-03-28 09:20:37.644,64.882,-2,1157,1137,-4.35,0,0,0,0,0,0,0,0
2026-03-28 09:20:37.651,64.889,-1,1155,1137,-4.34,0,0,0,0,0,0,0,0
2026-03-28 09:20:37.709,64.947,-1,1152,1139,-4.36,0,0,0,0,0,0,0,0
2026-03-28 09:20:37.715,64.953,-2,1152,1139,-4.37,0,0,0,0,0,0,0,0
2026-03-28 09:20:37.720,64.958,-1,1151,1139,-4.37,0,0,0,0,0,0,0,0
2026-03-28 09:20:37.789,65.027,-1,1150,1139,-4.36,0,0,0,0,0,0,0,0
2026-03-28 09:20:37.805,65.043,-1,1158,1138,-4.36,0,0,0,0,0,0,0,0
2026-03-28 09:20:37.885,65.123,-1,1156,1138,-4.36,0,0,0,0,0,0,0,0
2026-03-28 09:20:38.125,65.363,-1,1156,1137,-4.37,0,0,0,0,0,0,0,0
2026-03-28 09:20:38.192,65.430,-1,1154,1139,-4.37,0,0,0,0,0,0,0,0
2026-03-28 09:20:38.197,65.434,-1,1153,1139,-4.36,0,0,0,0,0,0,0,0
2026-03-28 09:20:38.301,65.538,-2,1157,1138,-4.36,0,0,0,0,0,0,0,0
2026-03-28 09:20:38.317,65.555,-2,1156,1137,-4.34,0,0,0,0,0,0,0,0
2026-03-28 09:20:38.461,65.699,-1,1157,1137,-4.34,0,0,0,0,0,0,0,0
2026-03-28 09:20:38.463,65.701,-2,1155,1137,-4.33,0,0,0,0,0,0,0,0
2026-03-28 09:20:38.541,65.779,-1,1154,1137,-4.37,0,0,0,0,0,0,0,0
2026-03-28 09:20:38.670,65.908,-1,1151,1139,-4.35,0,0,0,0,0,0,0,0
2026-03-28 09:20:38.717,65.955,-2,1158,1138,-4.36,0,0,0,0,0,0,0,0
2026-03-28 09:20:38.861,66.098,-1,1158,1138,-4.37,0,0,0,0,0,0,0,0
2026-03-28 09:20:38.862,66.100,-1,1156,1138,-4.39,0,0,0,0,0,0,0,0
2026-03-28 09:20:38.958,66.196,-2,1157,1138,-4.39,0,0,0,0,0,0,0,0
2026-03-28 09:20:39.053,66.291,-1,1156,1137,-4.37,0,0,0,0,0,0,0,0
2026-03-28 09:20:39.150,66.388,-2,1153,1138,-4.35,0,0,0,0,0,0,0,0
2026-03-28 09:20:39.230,66.467,-1,1156,1137,-4.36,0,0,0,0,0,0,0,0
2026-03-28 09:20:39.422,66.659,-1,1154,1137,-4.36,0,0,0,0,0,0,0,0
2026-03-28 09:20:39.470,66.708,-1,1152,1139,-4.35,0,0,0,0,0,0,0,0
2026-03-28 09:20:39.662,66.900,-2,1156,1138,-4.39,0,0,0,0,0,0,0,0
2026-03-28 09:20:39.741,66.979,-2,1157,1138,-4.39,0,0,0,0,0,0,0,0
2026-03-28 09:20:39.870,67.108,-1,1156,1137,-4.36,0,0,0,0,0,0,0,0
2026-03-28 09:20:39.917,67.155,-1,1153,1138,-4.37,0,0,0,0,0,0,0,0
2026-03-28 09:20:40.029,67.267,-1,1156,1137,-4.37,0,0,0,0,0,0,0,0
2026-03-28 09:20:40.033,67.271,-2,1157,1137,-4.37,0,0,0,0,0,0,0,0
2026-03-28 09:20:40.125,67.362,-1,1156,1137,-4.38,0,0,0,0,0,0,0,0
2026-03-28 09:20:40.254,67.491,-1,1151,1140,-4.36,0,0,0,0,0,0,0,0
2026-03-28 09:20:40.304,67.542,-1,1158,1138,-4.36,0,0,0,0,0,0,0,0
2026-03-28 09:20:40.461,67.699,-1,1158,1138,-4.38,0,0,0,0,0,0,0,0
2026-03-28 09:20:40.574,67.811,-2,1157,1137,-4.36,0,0,0,0,0,0,0,0
2026-03-28 09:20:40.622,67.859,-1,1155,1139,-4.36,0,0,0,0,0,0,0,0
2026-03-28 09:20:40.830,68.067,-1,1157,1138,-4.36,0,0,0,0,0,0,0,0
2026-03-28 09:20:40.847,68.084,-1,1155,1138,-4.35,0,0,0,0,0,0,0,0
2026-03-28 09:20:40.925,68.163,-2,1158,1137,-4.35,0,0,0,0,0,0,0,0
2026-03-28 09:20:40.931,68.169,-1,1156,1137,-4.35,0,0,0,0,0,0,0,0
2026-03-28 09:20:40.937,68.175,-2,1157,1137,-4.35,0,0,0,0,0,0,0,0
2026-03-28 09:20:40.958,68.195,-1,1155,1137,-4.36,0,0,0,0,0,0,0,0
2026-03-28 09:20:40.964,68.202,-2,1154,1137,-4.34,0,0,0,0,0,0,0,0
2026-03-28 09:20:41.085,68.322,-1,1153,1137,-4.34,0,0,0,0,0,0,0,0
2026-03-28 09:20:41.214,68.451,-1,1151,1139,-4.36,0,0,0,0,0,0,0,0
2026-03-28 09:20:41.358,68.595,-1,1156,1138,-4.37,0,0,0,0,0,0,0,0
2026-03-28 09:20:41.407,68.645,-1,1157,1137,-4.38,0,0,0,0,0,0,0,0
2026-03-28 09:20:41.501,68.739,-1,1157,1137,-4.36,0,0,0,0,0,0,0,0
2026-03-28 09:20:41.632,68.870,-2,1156,1138,-4.38,0,0,0,0,0,0,0,0
2026-03-28 09:20:41.741,68.979,-1,1152,1138,-4.38,0,0,0,0,0,0,0,0
2026-03-28 09:20:41.748,68.985,-2,1151,1138,-4.38,0,0,0,0,0,0,0,0
2026-03-28 09:20:41.821,69.059,-2,1151,1139,-4.38,0,0,0,0,0,0,0,0
2026-03-28 09:20:41.918,69.155,-1,1157,1138,-4.34,0,0,0,0,0,0,0,0
2026-03-28 09:20:41.934,69.172,-1,1156,1137,-4.35,0,0,0,0,0,0,0,0
2026-03-28 09:20:42.013,69.251,-1,1157,1137,-4.35,0,0,0,0,0,0,0,0
2026-03-28 09:20:42.077,69.315,-2,1153,1137,-4.39,0,0,0,0,0,0,0,0
2026-03-28 09:20:42.237,69.475,-1,1151,1138,-4.37,0,0,0,0,0,0,0,0
2026-03-28 09:20:42.381,69.619,-1,1156,1138,-4.35,0,0,0,0,0,0,0,0
2026-03-28 09:20:42.493,69.731,-1,1156,1138,-4.36,0,0,0,0,0,0,0,0
2026-03-28 09:20:42.558,69.796,-2,1153,1137,-4.38,0,0,0,0,0,0,0,0
2026-03-28 09:20:42.638,69.875,-1,1151,1138,-4.4,0,0,0,0,0,0,0,0
2026-03-28 09:20:42.641,69.878,-2,1157,1138,-4.4,0,0,0,0,0,0,0,0
2026-03-28 09:20:42.717,69.955,-1,1155,1138,-4.36,0,0,0,0,0,0,0,0
2026-03-28 09:20:42.721,69.959,-1,1158,1138,-4.38,0,0,0,0,0,0,0,0
2026-03-28 09:20:42.733,69.971,-1,1156,1137,-4.37,0,0,0,0,0,0,0,0
2026-03-28 09:20:42.877,70.115,-1,1157,1137,-4.37,0,0,0,0,0,0,0,0
2026-03-28 09:20:42.893,70.131,-1,1155,1137,-4.36,0,0,0,0,0,0,0,0
2026-03-28 09:20:42.973,70.211,-1,1154,1137,-4.37,0,0,0,0,0,0,0,0
2026-03-28 09:20:43.005,70.243,-2,1152,1139,-4.37,0,0,0,0,0,0,0,0
2026-03-28 09:20:43.149,70.387,-1,1158,1138,-4.39,0,0,0,0,0,0,0,0
2026-03-28 09:20:43.261,70.499,-1,1158,1138,-4.38,0,0,0,0,0,0,0,0
2026-03-28 09:20:43.281,70.519,-1,1158,1137,-4.35,0,0,0,0,0,0,0,0
2026-03-28 09:20:43.485,70.723,-1,1154,1139,-4.39,0,0,0,0,0,0,0,0
2026-03-28 09:20:43.488,70.725,-1,1153,1138,-4.39,0,0,0,0,0,0,0,0
2026-03-28 09:20:43.516,70.754,-1,1157,1138,-4.39,0,0,0,0,0,0,0,0
2026-03-28 09:20:43.629,70.866,-2,1156,1137,-4.4,0,0,0,0,0,0,0,0
2026-03-28 09:20:43.694,70.932,-1,1154,1137,-4.42,0,0,0,0,0,0,0,0
2026-03-28 09:20:43.821,71.059,-1,1152,1139,-4.39,0,0,0,0,0,0,0,0
2026-03-28 09:20:43.886,71.123,-2,1158,1138,-4.36,0,0,0,0,0,0,0,0
2026-03-28 09:20:43.998,71.236,-1,1158,1138,-4.39,0,0,0,0,0,0,0,0
2026-03-28 09:20:44.002,71.239,-2,1156,1138,-4.38,0,0,0,0,0,0,0,0
2026-03-28 09:20:44.157,71.394,-1,1157,1138,-4.38,0,0,0,0,0,0,0,0
2026-03-28 09:20:44.205,71.443,-2,1156,1137,-4.38,0,0,0,0,0,0,0,0
2026-03-28 09:20:44.316,71.554,-1,1153,1139,-4.34,0,0,0,0,0,0,0,0
2026-03-28 09:20:44.319,71.556,-1,1152,1138,-4.34,0,0,0,0,0,0,0,0
2026-03-28 09:20:44.324,71.562,-1,1151,1138,-4.37,0,0,0,0,0,0,0,0
2026-03-28 09:20:44.481,71.718,-2,1150,1138,-4.34,0,0,0,0,0,0,0,0
2026-03-28 09:20:44.493,71.731,-2,1149,1139,-4.35,0,0,0,0,0,0,0,0
2026-03-28 09:20:44.495,71.733,-1,1149,1138,-4.38,0,0,0,0,0,0,0,0
2026-03-28 09:20:44.620,71.858,-2,1157,1138,-4.38,0,0,0,0,0,0,0,0
2026-03-28 09:20:44.702,71.940,-1,1156,1137,-4.36,0,0,0,0,0,0,0,0
2026-03-28 09:20:44.813,72.051,-1,1154,1137,-4.37,0,0,0,0,0,0,0,0
2026-03-28 09:20:44.957,72.195,-2,1151,1139,-4.35,0,0,0,0,0,0,0,0
2026-03-28 09:20:45.037,72.275,-2,1158,1138,-4.38,0,0,0,0,0,0,0,0
2026-03-28 09:20:45.101,72.339,-1,1158,1138,-4.37,0,0,0,0,0,0,0,0
2026-03-28 09:20:45.105,72.342,-1,1156,1138,-4.38,0,0,0,0,0,0,0,0
2026-03-28 09:20:45.229,72.467,-1,1157,1138,-4.38,0,0,0,0,0,0,0,0
2026-03-28 09:20:45.246,72.484,-2,1156,1137,-4.39,0,0,0,0,0,0,0,0
2026-03-28 09:20:45.325,72.563,-1,1155,1139,-4.38,0,0,0,0,0,0,0,0
2026-03-28 09:20:45.332,72.569,-1,1154,1139,-4.37,0,0,0,0,0,0,0,0
2026-03-28 09:20:45.453,72.691,-1,1153,1138,-4.36,0,0,0,0,0,0,0,0
2026-03-28 09:20:45.581,72.819,-1,1158,1137,-4.39,0,0,0,0,0,0,0,0
2026-03-28 09:20:45.661,72.898,-1,1155,1137,-4.37,0,0,0,0,0,0,0,0
2026-03-28 09:20:45.677,72.915,-2,1154,1137,-4.36,0,0,0,0,0,0,0,0
2026-03-28 09:20:45.681,72.919,-1,1153,1137,-4.36,0,0,0,0,0,0,0,0
2026-03-28 09:20:45.789,73.027,-1,1152,1139,-4.33,0,0,0,0,0,0,0,0
2026-03-28 09:20:45.932,73.170,-1,1158,1138,-4.36,0,0,0,0,0,0,0,0
2026-03-28 09:20:45.982,73.220,-1,1158,1138,-4.34,0,0,0,0,0,0,0,0
2026-03-28 09:20:45.989,73.226,-1,1156,1138,-4.38,0,0,0,0,0,0,0,0
2026-03-28 09:20:46.172,73.410,-2,1157,1138,-4.38,0,0,0,0,0,0,0,0
2026-03-28 09:20:46.237,73.475,-2,1156,1137,-4.37,0,0,0,0,0,0,0,0
2026-03-28 09:20:46.285,73.523,-2,1153,1139,-4.39,0,0,0,0,0,0,0,0
2026-03-28 09:20:46.429,73.667,-2,1156,1137,-4.36,0,0,0,0,0,0,0,0
2026-03-28 09:20:46.525,73.763,-2,1155,1139,-4.36,0,0,0,0,0,0,0,0
2026-03-28 09:20:46.685,73.923,-1,1158,1137,-4.36,0,0,0,0,0,0,0,0
2026-03-28 09:20:46.701,73.939,-2,1156,1137,-4.36,0,0,0,0,0,0,0,0
2026-03-28 09:20:46.764,74.002,-2,1157,1137,-4.36,0,0,0,0,0,0,0,0
2026-03-28 09:20:46.864,74.102,-2,1153,1137,-4.37,0,0,0,0,0,0,0,0
2026-03-28 09:20:46.877,74.114,-1,1152,1139,-4.36,0,0,0,0,0,0,0,0
2026-03-28 09:20:46.878,74.116,-2,1151,1139,-4.36,0,0,0,0,0,0,0,0
2026-03-28 09:20:46.957,74.195,-1,1151,1139,-4.38,0,0,0,0,0,0,0,0
2026-03-28 09:20:47.070,74.307,-2,1158,1138,-4.35,0,0,0,0,0,0,0,0
2026-03-28 09:20:47.084,74.322,-2,1156,1138,-4.36,0,0,0,0,0,0,0,0
2026-03-28 09:20:47.165,74.402,-1,1157,1137,-4.36,0,0,0,0,0,0,0,0
2026-03-28 09:20:47.342,74.580,-1,1156,1137,-4.36,0,0,0,0,0,0,0,0
2026-03-28 09:20:47.469,74.706,-1,1156,1138,-4.38,0,0,0,0,0,0,0,0
2026-03-28 09:20:47.551,74.789,-1,1153,1138,-4.36,0,0,0,0,0,0,0,0
2026-03-28 09:20:47.629,74.867,-2,1150,1139,-4.38,0,0,0,0,0,0,0,0
2026-03-28 09:20:47.631,74.869,-2,1150,1139,-4.38,0,0,0,0,0,0,0,0
2026-03-28 09:20:47.740,74.978,-1,1157,1138,-4.38,0,0,0,0,0,0,0,0
2026-03-28 09:20:47.760,74.998,-1,1156,1137,-4.36,0,0,0,0,0,0,0,0
2026-03-28 09:20:47.837,75.075,-1,1154,1137,-4.36,0,0,0,0,0,0,0,0
2026-03-28 09:20:47.965,75.203,-1,1152,1140,-4.37,0,0,0,0,0,0,0,0
2026-03-28 09:20:48.061,75.299,-2,1158,1138,-4.38,0,0,0,0,0,0,0,0
2026-03-28 09:20:48.205,75.443,-1,1156,1138,-4.38,0,0,0,0,0,0,0,0
2026-03-28 09:20:48.349,75.587,-1,1158,1137,-4.33,0,0,0,0,0,0,0,0
2026-03-28 09:20:48.431,75.668,-1,1154,1139,-4.37,0,0,0,0,0,0,0,0
2026-03-28 09:20:48.589,75.826,-1,1156,1137,-4.34,0,0,0,0,0,0,0,0
2026-03-28 09:20:48.595,75.833,-1,1154,1137,-4.36,0,0,0,0,0,0,0,0
2026-03-28 09:20:48.717,75.955,-2,1153,1137,-4.36,0,0,0,0,0,0,0,0
2026-03-28 09:20:48.732,75.970,-2,1152,1139,-4.37,0,0,0,0,0,0,0,0
2026-03-28 09:20:48.813,76.050,-2,1152,1140,-4.36,0,0,0,0,0,0,0,0
2026-03-28 09:20:48.909,76.147,-1,1158,1138,-4.37,0,0,0,0,0,0,0,0
2026-03-28 09:20:49.021,76.259,-2,1156,1138,-4.35,0,0,0,0,0,0,0,0
2026-03-28 09:20:49.133,76.370,-2,1158,1137,-4.36,0,0,0,0,0,0,0,0
2026-03-28 09:20:49.197,76.434,-1,1153,1138,-4.38,0,0,0,0,0,0,0,0
2026-03-28 09:20:49.373,76.610,-1,1158,1137,-4.38,0,0,0,0,0,0,0,0
2026-03-28 09:20:49.374,76.612,-2,1156,1137,-4.36,0,0,0,0,0,0,0,0
2026-03-28 09:20:49.404,76.642,-1,1157,1137,-4.36,0,0,0,0,0,0,0,0
2026-03-28 09:20:49.533,76.771,-1,1153,1137,-4.36,0,0,0,0,0,0,0,0
2026-03-28 09:20:49.660,76.898,-2,1151,1139,-4.38,0,0,0,0,0,0,0,0
2026-03-28 09:20:49.917,77.154,-1,1156,1138,-4.39,0,0,0,0,0,0,0,0
2026-03-28 09:20:50.013,77.251,-2,1158,1137,-4.37,0,0,0,0,0,0,0,0
2026-03-28 09:20:50.044,77.282,-1,1154,1139,-4.37,0,0,0,0,0,0,0,0
2026-03-28 09:20:50.061,77.298,-2,1153,1139,-4.38,0,0,0,0,0,0,0,0
2026-03-28 09:20:50.380,77.618,-2,1154,1139,-4.37,0,0,0,0,0,0,0,0
2026-03-28 09:20:50.429,77.666,-2,1158,1137,-4.35,0,0,0,0,0,0,0,0
2026-03-28 09:20:50.430,77.668,-1,1156,1137,-4.35,0,0,0,0,0,0,0,0
2026-03-28 09:20:50.525,77.763,-1,1157,1137,-4.35,0,0,0,0,0,0,0,0
2026-03-28 09:20:50.669,77.907,-1,1153,1137,-4.37,0,0,0,0,0,0,0,0
2026-03-28 09:20:50.765,78.003,-1,1151,1139,-4.37,0,0,0,0,0,0,0,0
2026-03-28 09:20:50.828,78.066,-1,1155,1139,-4.37,0,0,0,0,0,0,0,0
2026-03-28 09:20:51.069,78.307,-2,1157,1137,-4.38,0,0,0,0,0,0,0,0
2026-03-28 09:20:51.071,78.309,-1,1157,1137,-4.38,0,0,0,0,0,0,0,0
2026-03-28 09:20:51.117,78.355,-1,1158,1138,-4.36,0,0,0,0,0,0,0,0
2026-03-28 09:20:51.197,78.434,-2,1154,1139,-4.39,0,0,0,0,0,0,0,0
2026-03-28 09:20:51.357,78.594,-2,1155,1138,-4.35,0,0,0,0,0,0,0,0
2026-03-28 09:20:51.359,78.597,-2,1158,1138,-4.36,0,0,0,0,0,0,0,0
2026-03-28 09:20:51.437,78.674,-1,1156,1138,-4.38,0,0,0,0,0,0,0,0
2026-03-28 09:20:51.517,78.755,-1,1153,1137,-4.38,0,0,0,0,0,0,0,0
2026-03-28 09:20:51.613,78.851,-1,1151,1139,-4.37,0,0,0,0,0,0,0,0
2026-03-28 09:20:51.773,79.011,-1,1156,1138,-4.35,0,0,0,0,0,0,0,0
2026-03-28 09:20:51.868,79.106,-2,1156,1138,-4.38,0,0,0,0,0,0,0,0
2026-03-28 09:20:51.965,79.203,-1,1156,1137,-4.36,0,0,0,0,0,0,0,0
2026-03-28 09:20:51.967,79.205,-1,1153,1139,-4.36,0,0,0,0,0,0,0,0
2026-03-28 09:20:52.124,79.362,-1,1157,1138,-4.36,0,0,0,0,0,0,0,0
2026-03-28 09:20:52.159,79.397,-2,1156,1137,-4.36,0,0,0,0,0,0,0,0
2026-03-28 09:20:52.253,79.491,-2,1154,1137,-4.37,0,0,0,0,0,0,0,0
2026-03-28 09:20:52.412,79.650,-1,1152,1140,-4.38,0,0,0,0,0,0,0,0
2026-03-28 09:20:52.509,79.746,-1,1158,1138,-4.37,0,0,0,0,0,0,0,0
2026-03-28 09:20:52.637,79.875,-2,1156,1138,-4.35,0,0,0,0,0,0,0,0
2026-03-28 09:20:52.717,79.955,-2,1158,1137,-4.37,0,0,0,0,0,0,0,0
2026-03-28 09:20:52.844,80.082,-2,1154,1139,-4.37,0,0,0,0,0,0,0,0
2026-03-28 09:20:52.972,80.210,-1,1158,1137,-4.36,0,0,0,0,0,0,0,0
2026-03-28 09:20:52.974,80.212,-1,1156,1137,-4.36,0,0,0,0,0,0,0,0
2026-03-28 09:20:52.988,80.226,-1,1157,1137,-4.36,0,0,0,0,0,0,0,0
2026-03-28 09:20:53.165,80.403,-1,1153,1137,-4.37,0,0,0,0,0,0,0,0
2026-03-28 09:20:53.196,80.434,-2,1151,1139,-4.39,0,0,0,0,0,0,0,0
2026-03-28 09:20:53.325,80.563,-2,1156,1138,-4.34,0,0,0,0,0,0,0,0
2026-03-28 09:20:53.420,80.658,-1,1156,1138,-4.38,0,0,0,0,0,0,0,0
2026-03-28 09:20:53.613,80.851,-2,1156,1137,-4.39,0,0,0,0,0,0,0,0
2026-03-28 09:20:53.724,80.962,-1,1153,1138,-4.39,0,0,0,0,0,0,0,0
2026-03-28 09:20:53.837,81.074,-1,1158,1138,-4.38,0,0,0,0,0,0,0,0
2026-03-28 09:20:53.838,81.076,-1,1156,1137,-4.38,0,0,0,0,0,0,0,0
2026-03-28 09:20:53.900,81.138,-1,1157,1137,-4.38,0,0,0,0,0,0,0,0
2026-03-28 09:20:54.093,81.331,-1,1153,1139,-4.33,0,0,0,0,0,0,0,0
2026-03-28 09:20:54.125,81.363,-2,1156,1137,-4.37,0,0,0,0,0,0,0,0
2026-03-28 09:20:54.236,81.474,-1,1156,1137,-4.37,0,0,0,0,0,0,0,0
2026-03-28 09:20:54.333,81.570,-1,1152,1139,-4.4,0,0,0,0,0,0,0,0
2026-03-28 09:20:54.428,81.666,-1,1158,1138,-4.38,0,0,0,0,0,0,0,0
2026-03-28 09:20:54.573,81.811,-1,1156,1138,-4.36,0,0,0,0,0,0,0,0
2026-03-28 09:20:54.575,81.813,-2,1158,1137,-4.38,0,0,0,0,0,0,0,0
2026-03-28 09:20:54.652,81.890,-1,1156,1137,-4.38,0,0,0,0,0,0,0,0
2026-03-28 09:20:54.732,81.970,-1,1153,1139,-4.35,0,0,0,0,0,0,0,0
2026-03-28 09:20:54.861,82.099,-1,1158,1138,-4.38,0,0,0,0,0,0,0,0
2026-03-28 09:20:54.876,82.113,-1,1156,1137,-4.39,0,0,0,0,0,0,0,0
2026-03-28 09:20:54.956,82.194,-1,1157,1137,-4.39,0,0,0,0,0,0,0,0
2026-03-28 09:20:55.052,82.290,-1,1152,1140,-4.37,0,0,0,0,0,0,0,0
2026-03-28 09:20:55.054,82.292,-1,1151,1139,-4.37,0,0,0,0,0,0,0,0
2026-03-28 09:20:55.196,82.434,-1,1151,1139,-4.37,0,0,0,0,0,0,0,0
2026-03-28 09:20:55.325,82.562,-1,1158,1138,-4.36,0,0,0,0,0,0,0,0
2026-03-28 09:20:55.327,82.565,-2,1156,1138,-4.35,0,0,0,0,0,0,0,0
2026-03-28 09:20:55.436,82.674,-1,1157,1138,-4.35,0,0,0,0,0,0,0,0
2026-03-28 09:20:55.580,82.818,-1,1156,1137,-4.37,0,0,0,0,0,0,0,0
2026-03-28 09:20:55.628,82.866,-1,1153,1139,-4.38,0,0,0,0,0,0,0,0
2026-03-28 09:20:55.741,82.979,-2,1158,1137,-4.35,0,0,0,0,0,0,0,0
2026-03-28 09:20:55.743,82.981,-1,1156,1137,-4.37,0,0,0,0,0,0,0,0
2026-03-28 09:20:55.837,83.074,-2,1157,1137,-4.37,0,0,0,0,0,0,0,0
2026-03-28 09:20:55.964,83.202,-1,1152,1139,-4.38,0,0,0,0,0,0,0,0
2026-03-28 09:20:56.044,83.282,-1,1158,1138,-4.37,0,0,0,0,0,0,0,0
2026-03-28 09:20:56.220,83.458,-1,1158,1137,-4.37,0,0,0,0,0,0,0,0
2026-03-28 09:20:56.317,83.555,-1,1154,1139,-4.37,0,0,0,0,0,0,0,0
2026-03-28 09:20:56.332,83.570,-2,1153,1139,-4.36,0,0,0,0,0,0,0,0
2026-03-28 09:20:56.460,83.698,-1,1157,1138,-4.36,0,0,0,0,0,0,0,0
2026-03-28 09:20:56.557,83.795,-2,1157,1137,-4.36,0,0,0,0,0,0,0,0
2026-03-28 09:20:56.669,83.906,-1,1153,1137,-4.38,0,0,0,0,0,0,0,0
2026-03-28 09:20:56.764,84.002,-2,1151,1139,-4.36,0,0,0,0,0,0,0,0
2026-03-28 09:20:56.908,84.146,-1,1156,1138,-4.37,0,0,0,0,0,0,0,0
2026-03-28 09:20:57.004,84.242,-1,1157,1138,-4.38,0,0,0,0,0,0,0,0
2026-03-28 09:20:57.100,84.338,-1,1157,1137,-4.39,0,0,0,0,0,0,0,0
2026-03-28 09:20:57.102,84.339,-1,1155,1139,-4.36,0,0,0,0,0,0,0,0
2026-03-28 09:20:57.196,84.434,-1,1154,1139,-4.38,0,0,0,0,0,0,0,0
2026-03-28 09:20:57.293,84.531,-1,1155,1138,-4.39,0,0,0,0,0,0,0,0
2026-03-28 09:20:57.485,84.723,-1,1157,1137,-4.37,0,0,0,0,0,0,0,0
2026-03-28 09:20:57.488,84.726,-1,1153,1137,-4.36,0,0,0,0,0,0,0,0
2026-03-28 09:20:57.517,84.755,-2,1152,1139,-4.36,0,0,0,0,0,0,0,0
2026-03-28 09:20:57.519,84.756,-1,1152,1140,-4.38,0,0,0,0,0,0,0,0
2026-03-28 09:20:57.644,84.882,-1,1151,1139,-4.38,0,0,0,0,0,0,0,0
2026-03-28 09:20:57.725,84.963,-1,1156,1138,-4.41,0,0,0,0,0,0,0,0
2026-03-28 09:20:57.852,85.090,-1,1156,1138,-4.37,0,0,0,0,0,0,0,0
2026-03-28 09:20:57.980,85.218,-1,1156,1137,-4.36,0,0,0,0,0,0,0,0
2026-03-28 09:20:58.060,85.298,-1,1153,1138,-4.36,0,0,0,0,0,0,0,0
2026-03-28 09:20:58.140,85.378,-1,1158,1137,-4.35,0,0,0,0,0,0,0,0
2026-03-28 09:20:58.142,85.380,-1,1156,1137,-4.37,0,0,0,0,0,0,0,0
2026-03-28 09:20:58.268,85.505,-1,1157,1137,-4.37,0,0,0,0,0,0,0,0
2026-03-28 09:20:58.285,85.523,-2,1153,1137,-4.36,0,0,0,0,0,0,0,0
2026-03-28 09:20:58.428,85.666,-2,1152,1139,-4.35,0,0,0,0,0,0,0,0
2026-03-28 09:20:58.540,85.778,-1,1158,1138,-4.38,0,0,0,0,0,0,0,0
2026-03-28 09:20:58.573,85.810,-1,1158,1138,-4.38,0,0,0,0,0,0,0,0
2026-03-28 09:20:58.588,85.826,-1,1156,1138,-4.38,0,0,0,0,0,0,0,0
2026-03-28 09:20:58.700,85.938,-1,1157,1138,-4.38,0,0,0,0,0,0,0,0
2026-03-28 09:20:58.781,86.018,-1,1156,1137,-4.36,0,0,0,0,0,0,0,0
2026-03-28 09:20:58.908,86.146,-1,1157,1138,-4.37,0,0,0,0,0,0,0,0
2026-03-28 09:20:58.972,86.210,-2,1156,1137,-4.38,0,0,0,0,0,0,0,0
2026-03-28 09:20:59.100,86.338,-1,1154,1137,-4.35,0,0,0,0,0,0,0,0
2026-03-28 09:20:59.196,86.434,-2,1152,1139,-4.36,0,0,0,0,0,0,0,0
2026-03-28 09:20:59.260,86.498,-2,1156,1138,-4.35,0,0,0,0,0,0,0,0
2026-03-28 09:20:59.389,86.627,-1,1157,1138,-4.37,0,0,0,0,0,0,0,0
2026-03-28 09:20:59.390,86.628,-1,1157,1137,-4.37,0,0,0,0,0,0,0,0
2026-03-28 09:20:59.436,86.674,-2,1158,1137,-4.36,0,0,0,0,0,0,0,0
2026-03-28 09:20:59.532,86.770,-1,1154,1139,-4.36,0,0,0,0,0,0,0,0
2026-03-28 09:20:59.644,86.882,-2,1155,1138,-4.37,0,0,0,0,0,0,0,0
2026-03-28 09:20:59.725,86.962,-1,1157,1137,-4.36,0,0,0,0,0,0,0,0
2026-03-28 09:20:59.837,87.075,-1,1153,1137,-4.38,0,0,0,0,0,0,0,0
2026-03-28 09:21:00.028,87.266,-2,1151,1139,-4.36,0,0,0,0,0,0,0,0
2026-03-28 09:21:00.076,87.314,-1,1156,1138,-4.35,0,0,0,0,0,0,0,0
2026-03-28 09:21:00.189,87.426,-1,1156,1138,-4.38,0,0,0,0,0,0,0,0
2026-03-28 09:21:00.364,87.602,-1,1154,1139,-4.37,0,0,0,0,0,0,0,0
2026-03-28 09:21:00.476,87.714,-1,1153,1139,-4.37,0,0,0,0,0,0,0,0
2026-03-28 09:21:00.478,87.716,-1,1157,1138,-4.37,0,0,0,0,0,0,0,0
2026-03-28 09:21:00.509,87.747,-2,1156,1137,-4.34,0,0,0,0,0,0,0,0
2026-03-28 09:21:00.511,87.749,-1,1157,1137,-4.34,0,0,0,0,0,0,0,0
2026-03-28 09:21:00.636,87.874,-2,1156,1137,-4.36,0,0,0,0,0,0,0,0
2026-03-28 09:21:00.765,88.002,-2,1152,1139,-4.37,0,0,0,0,0,0,0,0
2026-03-28 09:21:00.844,88.082,-2,1158,1138,-4.37,0,0,0,0,0,0,0,0
2026-03-28 09:21:00.972,88.210,-2,1156,1138,-4.38,0,0,0,0,0,0,0,0
2026-03-28 09:21:00.974,88.212,-1,1157,1138,-4.38,0,0,0,0,0,0,0,0
2026-03-28 09:21:01.068,88.305,-1,1157,1138,-4.37,0,0,0,0,0,0,0,0
2026-03-28 09:21:01.163,88.401,-2,1155,1139,-4.36,0,0,0,0,0,0,0,0
2026-03-28 09:21:01.276,88.514,-1,1154,1139,-4.37,0,0,0,0,0,0,0,0
2026-03-28 09:21:01.278,88.516,-1,1153,1139,-4.39,0,0,0,0,0,0,0,0
2026-03-28 09:21:01.404,88.642,-1,1157,1138,-4.39,0,0,0,0,0,0,0,0
2026-03-28 09:21:01.406,88.643,-1,1155,1138,-4.38,0,0,0,0,0,0,0,0
2026-03-28 09:21:01.407,88.645,-1,1158,1137,-4.37,0,0,0,0,0,0,0,0
2026-03-28 09:21:01.500,88.738,-1,1156,1138,-4.35,0,0,0,0,0,0,0,0
2026-03-28 09:21:01.502,88.739,-1,1157,1137,-4.35,0,0,0,0,0,0,0,0
2026-03-28 09:21:01.643,88.881,-1,1155,1137,-4.36,0,0,0,0,0,0,0,0
2026-03-28 09:21:01.645,88.883,-1,1154,1137,-4.36,0,0,0,0,0,0,0,0
2026-03-28 09:21:01.707,88.945,-1,1153,1137,-4.36,0,0,0,0,0,0,0,0
2026-03-28 09:21:01.709,88.947,-2,1152,1139,-4.35,0,0,0,0,0,0,0,0
2026-03-28 09:21:01.712,88.949,-1,1152,1140,-4.38,0,0,0,0,0,0,0,0
2026-03-28 09:21:01.900,89.138,-1,1151,1139,-4.39,0,0,0,0,0,0,0,0
2026-03-28 09:21:01.902,89.139,-1,1156,1138,-4.36,0,0,0,0,0,0,0,0
2026-03-28 09:21:01.996,89.234,-1,1157,1138,-4.36,0,0,0,0,0,0,0,0
2026-03-28 09:21:02.140,89.378,-2,1154,1137,-4.35,0,0,0,0,0,0,0,0
2026-03-28 09:21:02.236,89.474,-1,1152,1138,-4.39,0,0,0,0,0,0,0,0
2026-03-28 09:21:02.380,89.618,-1,1157,1137,-4.37,0,0,0,0,0,0,0,0
2026-03-28 09:21:02.477,89.715,-1,1153,1137,-4.37,0,0,0,0,0,0,0,0
2026-03-28 09:21:02.653,89.890,-2,1158,1138,-4.37,0,0,0,0,0,0,0,0
2026-03-28 09:21:02.764,90.002,-2,1158,1138,-4.36,0,0,0,0,0,0,0,0
2026-03-28 09:21:02.766,90.003,-2,1156,1138,-4.36,0,0,0,0,0,0,0,0
2026-03-28 09:21:02.811,90.049,-1,1158,1137,-4.36,0,0,0,0,0,0,0,0
2026-03-28 09:21:02.908,90.146,-2,1154,1139,-4.37,0,0,0,0,0,0,0,0
2026-03-28 09:21:02.910,90.148,-2,1153,1139,-4.39,0,0,0,0,0,0,0,0
2026-03-28 09:21:02.988,90.226,-2,1157,1138,-4.39,0,0,0,0,0,0,0,0
2026-03-28 09:21:03.149,90.387,-1,1157,1137,-4.35,0,0,0,0,0,0,0,0
2026-03-28 09:21:03.259,90.497,-1,1153,1137,-4.39,0,0,0,0,0,0,0,0
2026-03-28 09:21:03.324,90.562,-1,1150,1139,-4.37,0,0,0,0,0,0,0,0
2026-03-28 09:21:03.420,90.658,-1,1158,1138,-4.37,0,0,0,0,0,0,0,0
2026-03-28 09:21:03.421,90.659,-2,1156,1138,-4.38,0,0,0,0,0,0,0,0
2026-03-28 09:21:03.532,90.770,-2,1157,1138,-4.38,0,0,0,0,0,0,0,0
2026-03-28 09:21:03.692,90.930,-1,1156,1137,-4.39,0,0,0,0,0,0,0,0
2026-03-28 09:21:03.771,91.009,-1,1157,1138,-4.37,0,0,0,0,0,0,0,0
2026-03-28 09:21:03.884,91.121,-1,1158,1138,-4.37,0,0,0,0,0,0,0,0
2026-03-28 09:21:03.885,91.123,-1,1156,1137,-4.41,0,0,0,0,0,0,0,0
2026-03-28 09:21:03.964,91.202,-1,1156,1137,-4.36,0,0,0,0,0,0,0,0
2026-03-28 09:21:03.966,91.203,-1,1154,1137,-4.37,0,0,0,0,0,0,0,0
2026-03-28 09:21:04.108,91.345,-2,1152,1140,-4.37,0,0,0,0,0,0,0,0
2026-03-28 09:21:04.204,91.441,-1,1158,1138,-4.35,0,0,0,0,0,0,0,0
2026-03-28 09:21:04.316,91.554,-1,1158,1138,-4.39,0,0,0,0,0,0,0,0
2026-03-28 09:21:04.318,91.555,-1,1156,1138,-4.36,0,0,0,0,0,0,0,0
2026-03-28 09:21:04.524,91.762,-1,1157,1138,-4.36,0,0,0,0,0,0,0,0
2026-03-28 09:21:04.555,91.793,-1,1155,1139,-4.36,0,0,0,0,0,0,0,0
2026-03-28 09:21:04.684,91.922,-2,1157,1138,-4.37,0,0,0,0,0,0,0,0
2026-03-28 09:21:04.924,92.162,-1,1151,1139,-4.35,0,0,0,0,0,0,0,0
2026-03-28 09:21:05.068,92.306,-1,1156,1138,-4.39,0,0,0,0,0,0,0,0
2026-03-28 09:21:05.179,92.417,-1,1156,1138,-4.38,0,0,0,0,0,0,0,0
2026-03-28 09:21:05.244,92.482,-2,1156,1137,-4.37,0,0,0,0,0,0,0,0
2026-03-28 09:21:05.371,92.609,-1,1157,1138,-4.37,0,0,0,0,0,0,0,0
2026-03-28 09:21:05.468,92.705,-2,1156,1137,-4.37,0,0,0,0,0,0,0,0
2026-03-28 09:21:05.484,92.722,-2,1154,1137,-4.39,0,0,0,0,0,0,0,0
2026-03-28 09:21:05.564,92.801,-1,1153,1137,-4.39,0,0,0,0,0,0,0,0
2026-03-28 09:21:05.565,92.803,-1,1152,1139,-4.36,0,0,0,0,0,0,0,0
2026-03-28 09:21:05.675,92.913,-2,1152,1140,-4.37,0,0,0,0,0,0,0,0
2026-03-28 09:21:05.678,92.915,-1,1151,1139,-4.37,0,0,0,0,0,0,0,0
2026-03-28 09:21:05.680,92.917,-1,1150,1139,-4.35,0,0,0,0,0,0,0,0
2026-03-28 09:21:05.853,93.090,-1,1158,1138,-4.34,0,0,0,0,0,0,0,0
2026-03-28 09:21:05.854,93.092,-1,1156,1138,-4.34,0,0,0,0,0,0,0,0
2026-03-28 09:21:05.948,93.186,-2,1155,1139,-4.39,0,0,0,0,0,0,0,0
2026-03-28 09:21:05.980,93.218,-1,1157,1137,-4.37,0,0,0,0,0,0,0,0
2026-03-28 09:21:06.091,93.329,-2,1156,1137,-4.35,0,0,0,0,0,0,0,0
2026-03-28 09:21:06.268,93.505,-2,1157,1138,-4.37,0,0,0,0,0,0,0,0
2026-03-28 09:21:06.284,93.521,-1,1155,1138,-4.36,0,0,0,0,0,0,0,0
2026-03-28 09:21:06.331,93.569,-2,1158,1137,-4.39,0,0,0,0,0,0,0,0
2026-03-28 09:21:06.334,93.572,-1,1156,1137,-4.34,0,0,0,0,0,0,0,0
2026-03-28 09:21:06.412,93.650,-2,1156,1137,-4.38,0,0,0,0,0,0,0,0
2026-03-28 09:21:06.572,93.810,-2,1152,1139,-4.38,0,0,0,0,0,0,0,0
2026-03-28 09:21:06.574,93.812,-1,1151,1139,-4.38,0,0,0,0,0,0,0,0
2026-03-28 09:21:06.652,93.890,-1,1151,1139,-4.36,0,0,0,0,0,0,0,0
2026-03-28 09:21:06.700,93.937,-2,1158,1138,-4.36,0,0,0,0,0,0,0,0
2026-03-28 09:21:06.701,93.939,-2,1156,1138,-4.36,0,0,0,0,0,0,0,0
2026-03-28 09:21:06.811,94.049,-2,1157,1138,-4.36,0,0,0,0,0,0,0,0
2026-03-28 09:21:06.940,94.178,-1,1156,1137,-4.36,0,0,0,0,0,0,0,0
2026-03-28 09:21:07.084,94.322,-2,1153,1138,-4.37,0,0,0,0,0,0,0,0
2026-03-28 09:21:07.196,94.433,-2,1158,1137,-4.36,0,0,0,0,0,0,0,0
2026-03-28 09:21:07.340,94.577,-2,1154,1137,-4.38,0,0,0,0,0,0,0,0
2026-03-28 09:21:07.436,94.674,-1,1152,1139,-4.35,0,0,0,0,0,0,0,0
2026-03-28 09:21:07.489,94.727,-1,1158,1138,-4.37,0,0,0,0,0,0,0,0
2026-03-28 09:21:07.564,94.802,-2,1158,1138,-4.37,0,0,0,0,0,0,0,0
2026-03-28 09:21:07.708,94.945,-1,1158,1137,-4.36,0,0,0,0,0,0,0,0
2026-03-28 09:21:07.788,95.026,-2,1154,1139,-4.35,0,0,0,0,0,0,0,0
2026-03-28 09:21:07.804,95.042,-2,1153,1139,-4.37,0,0,0,0,0,0,0,0
2026-03-28 09:21:07.979,95.217,-1,1155,1138,-4.35,0,0,0,0,0,0,0,0
2026-03-28 09:21:07.981,95.218,-2,1158,1138,-4.37,0,0,0,0,0,0,0,0
2026-03-28 09:21:07.995,95.233,-2,1156,1137,-4.38,0,0,0,0,0,0,0,0
2026-03-28 09:21:08.060,95.298,-2,1157,1137,-4.38,0,0,0,0,0,0,0,0
2026-03-28 09:21:08.155,95.393,-1,1153,1137,-4.38,0,0,0,0,0,0,0,0
2026-03-28 09:21:08.268,95.506,-1,1151,1139,-4.38,0,0,0,0,0,0,0,0
2026-03-28 09:21:08.332,95.569,-2,1156,1138,-4.37,0,0,0,0,0,0,0,0
2026-03-28 09:21:08.444,95.681,-2,1156,1138,-4.38,0,0,0,0,0,0,0,0
2026-03-28 09:21:08.524,95.762,-1,1156,1137,-4.38,0,0,0,0,0,0,0,0
2026-03-28 09:21:08.652,95.890,-1,1153,1139,-4.38,0,0,0,0,0,0,0,0
2026-03-28 09:21:08.748,95.986,-1,1158,1138,-4.35,0,0,0,0,0,0,0,0
2026-03-28 09:21:08.876,96.114,-2,1155,1139,-4.34,0,0,0,0,0,0,0,0
2026-03-28 09:21:08.891,96.129,-1,1154,1139,-4.37,0,0,0,0,0,0,0,0
2026-03-28 09:21:08.955,96.193,-1,1157,1138,-4.37,0,0,0,0,0,0,0,0
2026-03-28 09:21:09.116,96.354,-1,1157,1137,-4.4,0,0,0,0,0,0,0,0
2026-03-28 09:21:09.243,96.481,-1,1154,1137,-4.37,0,0,0,0,0,0,0,0
2026-03-28 09:21:09.245,96.483,-1,1153,1137,-4.37,0,0,0,0,0,0,0,0
2026-03-28 09:21:09.291,96.529,-1,1151,1139,-4.37,0,0,0,0,0,0,0,0
2026-03-28 09:21:09.308,96.545,-2,1151,1139,-4.4,0,0,0,0,0,0,0,0
2026-03-28 09:21:09.388,96.626,-1,1158,1138,-4.36,0,0,0,0,0,0,0,0
2026-03-28 09:21:09.405,96.643,-1,1158,1138,-4.38,0,0,0,0,0,0,0,0
2026-03-28 09:21:09.579,96.817,-1,1156,1138,-4.36,0,0,0,0,0,0,0,0
2026-03-28 09:21:09.661,96.898,-2,1158,1137,-4.37,0,0,0,0,0,0,0,0
2026-03-28 09:21:09.772,97.010,-1,1154,1139,-4.36,0,0,0,0,0,0,0,0
2026-03-28 09:21:09.900,97.138,-1,1155,1138,-4.38,0,0,0,0,0,0,0,0
2026-03-28 09:21:10.012,97.250,-1,1157,1137,-4.37,0,0,0,0,0,0,0,0
2026-03-28 09:21:10.027,97.265,-2,1153,1137,-4.37,0,0,0,0,0,0,0,0
2026-03-28 09:21:10.188,97.425,-1,1151,1139,-4.39,0,0,0,0,0,0,0,0
2026-03-28 09:21:10.299,97.537,-1,1155,1139,-4.38,0,0,0,0,0,0,0,0
2026-03-28 09:21:10.301,97.539,-1,1158,1138,-4.38,0,0,0,0,0,0,0,0
2026-03-28 09:21:10.303,97.540,-1,1156,1138,-4.37,0,0,0,0,0,0,0,0
2026-03-28 09:21:10.379,97.617,-2,1157,1138,-4.37,0,0,0,0,0,0,0,0
2026-03-28 09:21:10.381,97.619,-2,1157,1137,-4.35,0,0,0,0,0,0,0,0
2026-03-28 09:21:10.540,97.778,-1,1156,1137,-4.35,0,0,0,0,0,0,0,0
2026-03-28 09:21:10.668,97.905,-2,1157,1138,-4.38,0,0,0,0,0,0,0,0
2026-03-28 09:21:10.716,97.954,-1,1156,1137,-4.36,0,0,0,0,0,0,0,0
2026-03-28 09:21:10.827,98.065,-1,1154,1137,-4.38,0,0,0,0,0,0,0,0
2026-03-28 09:21:10.988,98.226,-1,1152,1138,-4.37,0,0,0,0,0,0,0,0
2026-03-28 09:21:11.147,98.385,-2,1156,1138,-4.38,0,0,0,0,0,0,0,0
2026-03-28 09:21:11.275,98.513,-1,1158,1137,-4.38,0,0,0,0,0,0,0,0
2026-03-28 09:21:11.388,98.626,-2,1154,1139,-4.34,0,0,0,0,0,0,0,0
2026-03-28 09:21:11.484,98.722,-1,1158,1137,-4.37,0,0,0,0,0,0,0,0
2026-03-28 09:21:11.486,98.724,-1,1156,1138,-4.36,0,0,0,0,0,0,0,0
2026-03-28 09:21:11.531,98.769,-1,1157,1137,-4.36,0,0,0,0,0,0,0,0
2026-03-28 09:21:11.675,98.913,-1,1153,1137,-4.38,0,0,0,0,0,0,0,0
2026-03-28 09:21:11.788,99.026,-1,1151,1139,-4.39,0,0,0,0,0,0,0,0
2026-03-28 09:21:11.884,99.122,-2,1156,1138,-4.37,0,0,0,0,0,0,0,0
2026-03-28 09:21:11.931,99.169,-1,1156,1138,-4.38,0,0,0,0,0,0,0,0
2026-03-28 09:21:12.060,99.298,-2,1158,1137,-4.37,0,0,0,0,0,0,0,0
2026-03-28 09:21:12.156,99.394,-1,1153,1138,-4.36,0,0,0,0,0,0,0,0
2026-03-28 09:21:12.268,99.505,-2,1158,1137,-4.36,0,0,0,0,0,0,0,0
2026-03-28 09:21:12.284,99.521,-1,1156,1137,-4.37,0,0,0,0,0,0,0,0
2026-03-28 09:21:12.299,99.537,-2,1157,1137,-4.37,0,0,0,0,0,0,0,0
2026-03-28 09:21:12.395,99.633,-2,1153,1137,-4.36,0,0,0,0,0,0,0,0
2026-03-28 09:21:12.508,99.746,-1,1151,1139,-4.36,0,0,0,0,0,0,0,0
2026-03-28 09:21:12.604,99.841,-1,1158,1138,-4.37,0,0,0,0,0,0,0,0
2026-03-28 09:21:12.605,99.843,-1,1156,1138,-4.35,0,0,0,0,0,0,0,0
2026-03-28 09:21:12.763,100.001,-1,1157,1138,-4.35,0,0,0,0,0,0,0,0
2026-03-28 09:21:12.859,100.097,-2,1156,1137,-4.35,0,0,0,0,0,0,0,0
2026-03-28 09:21:13.020,100.257,-1,1153,1139,-4.37,0,0,0,0,0,0,0,0
2026-03-28 09:21:13.036,100.274,-2,1157,1138,-4.37,0,0,0,0,0,0,0,0
2026-03-28 09:21:13.131,100.369,-2,1155,1138,-4.38,0,0,0,0,0,0,0,0
2026-03-28 09:21:13.132,100.370,-1,1158,1137,-4.36,0,0,0,0,0,0,0,0
2026-03-28 09:21:13.134,100.372,-1,1156,1137,-4.36,0,0,0,0,0,0,0,0
2026-03-28 09:21:13.179,100.417,-1,1157,1137,-4.36,0,0,0,0,0,0,0,0
2026-03-28 09:21:13.181,100.419,-1,1156,1137,-4.36,0,0,0,0,0,0,0,0
2026-03-28 09:21:13.339,100.577,-2,1154,1137,-4.36,0,0,0,0,0,0,0,0
2026-03-28 09:21:13.436,100.674,-2,1152,1139,-4.37,0,0,0,0,0,0,0,0
2026-03-28 09:21:13.547,100.785,-1,1158,1138,-4.38,0,0,0,0,0,0,0,0
2026-03-28 09:21:13.644,100.882,-1,1156,1138,-4.39,0,0,0,0,0,0,0,0
2026-03-28 09:21:13.756,100.993,-2,1158,1137,-4.37,0,0,0,0,0,0,0,0
2026-03-28 09:21:13.788,101.025,-2,1156,1138,-4.38,0,0,0,0,0,0,0,0
2026-03-28 09:21:13.916,101.154,-2,1153,1138,-4.37,0,0,0,0,0,0,0,0
2026-03-28 09:21:13.932,101.169,-1,1152,1138,-4.36,0,0,0,0,0,0,0,0
2026-03-28 09:21:13.979,101.217,-1,1151,1138,-4.36,0,0,0,0,0,0,0,0
2026-03-28 09:21:14.060,101.298,-1,1150,1139,-4.38,0,0,0,0,0,0,0,0
2026-03-28 09:21:14.204,101.442,-1,1156,1137,-4.38,0,0,0,0,0,0,0,0
2026-03-28 09:21:14.284,101.522,-2,1154,1137,-4.38,0,0,0,0,0,0,0,0
2026-03-28 09:21:14.460,101.698,-2,1152,1138,-4.37,0,0,0,0,0,0,0,0
2026-03-28 09:21:14.540,101.778,-1,1156,1138,-4.36,0,0,0,0,0,0,0,0
2026-03-28 09:21:14.556,101.793,-1,1157,1138,-4.36,0,0,0,0,0,0,0,0
2026-03-28 09:21:14.684,101.921,-1,1157,1137,-4.38,0,0,0,0,0,0,0,0
2026-03-28 09:21:14.747,101.985,-2,1155,1139,-4.36,0,0,0,0,0,0,0,0
2026-03-28 09:21:14.764,102.001,-1,1154,1139,-4.36,0,0,0,0,0,0,0,0
2026-03-28 09:21:14.875,102.113,-2,1153,1139,-4.38,0,0,0,0,0,0,0,0
2026-03-28 09:21:14.988,102.226,-1,1158,1138,-4.36,0,0,0,0,0,0,0,0
2026-03-28 09:21:15.003,102.241,-1,1156,1137,-4.37,0,0,0,0,0,0,0,0
2026-03-28 09:21:15.131,102.369,-1,1157,1137,-4.37,0,0,0,0,0,0,0,0
2026-03-28 09:21:15.244,102.482,-1,1153,1137,-4.38,0,0,0,0,0,0,0,0
2026-03-28 09:21:15.339,102.577,-1,1151,1139,-4.36,0,0,0,0,0,0,0,0
2026-03-28 09:21:15.419,102.657,-1,1156,1138,-4.37,0,0,0,0,0,0,0,0
2026-03-28 09:21:15.548,102.785,-1,1156,1138,-4.39,0,0,0,0,0,0,0,0
2026-03-28 09:21:15.692,102.930,-1,1153,1139,-4.37,0,0,0,0,0,0,0,0
2026-03-28 09:21:15.820,103.058,-2,1158,1138,-4.38,0,0,0,0,0,0,0,0
2026-03-28 09:21:15.932,103.169,-2,1156,1137,-4.37,0,0,0,0,0,0,0,0
2026-03-28 09:21:16.028,103.266,-1,1152,1140,-4.36,0,0,0,0,0,0,0,0
2026-03-28 09:21:16.091,103.329,-1,1158,1138,-4.38,0,0,0,0,0,0,0,0
2026-03-28 09:21:16.268,103.506,-1,1158,1138,-4.37,0,0,0,0,0,0,0,0
2026-03-28 09:21:16.269,103.507,-1,1156,1138,-4.39,0,0,0,0,0,0,0,0
2026-03-28 09:21:16.347,103.585,-1,1157,1138,-4.39,0,0,0,0,0,0,0,0
2026-03-28 09:21:16.492,103.730,-1,1156,1137,-4.37,0,0,0,0,0,0,0,0
2026-03-28 09:21:16.588,103.826,-2,1153,1139,-4.36,0,0,0,0,0,0,0,0
2026-03-28 09:21:16.652,103.889,-1,1151,1138,-4.35,0,0,0,0,0,0,0,0
2026-03-28 09:21:16.683,103.921,-2,1150,1139,-4.37,0,0,0,0,0,0,0,0
2026-03-28 09:21:16.779,104.017,-2,1157,1138,-4.37,0,0,0,0,0,0,0,0
2026-03-28 09:21:16.907,104.145,-2,1156,1137,-4.39,0,0,0,0,0,0,0,0
2026-03-28 09:21:16.923,104.161,-2,1157,1137,-4.39,0,0,0,0,0,0,0,0
2026-03-28 09:21:16.939,104.177,-2,1156,1137,-4.36,0,0,0,0,0,0,0,0
2026-03-28 09:21:16.956,104.194,-2,1153,1137,-4.35,0,0,0,0,0,0,0,0
2026-03-28 09:21:17.099,104.337,-2,1152,1139,-4.37,0,0,0,0,0,0,0,0
2026-03-28 09:21:17.163,104.401,-1,1158,1138,-4.37,0,0,0,0,0,0,0,0
2026-03-28 09:21:17.165,104.402,-1,1156,1138,-4.37,0,0,0,0,0,0,0,0
2026-03-28 09:21:17.275,104.513,-2,1155,1139,-4.37,0,0,0,0,0,0,0,0
2026-03-28 09:21:17.436,104.673,-2,1157,1138,-4.36,0,0,0,0,0,0,0,0
2026-03-28 09:21:17.484,104.721,-2,1156,1137,-4.36,0,0,0,0,0,0,0,0
2026-03-28 09:21:17.499,104.737,-2,1155,1139,-4.34,0,0,0,0,0,0,0,0
2026-03-28 09:21:17.595,104.832,-2,1154,1139,-4.37,0,0,0,0,0,0,0,0
2026-03-28 09:21:17.611,104.849,-2,1153,1139,-4.37,0,0,0,0,0,0,0,0
2026-03-28 09:21:17.613,104.851,-1,1157,1138,-4.37,0,0,0,0,0,0,0,0
2026-03-28 09:21:17.868,105.106,-1,1154,1137,-4.38,0,0,0,0,0,0,0,0
2026-03-28 09:21:18.091,105.329,-2,1152,1139,-4.37,0,0,0,0,0,0,0,0
2026-03-28 09:21:18.123,105.361,-1,1156,1138,-4.32,0,0,0,0,0,0,0,0
2026-03-28 09:21:18.267,105.505,-2,1156,1138,-4.38,0,0,0,0,0,0,0,0
2026-03-28 09:21:18.395,105.633,-2,1156,1137,-4.34,0,0,0,0,0,0,0,0
2026-03-28 09:21:18.397,105.635,-2,1155,1139,-4.36,0,0,0,0,0,0,0,0
2026-03-28 09:21:18.475,105.713,-2,1154,1139,-4.36,0,0,0,0,0,0,0,0
2026-03-28 09:21:18.523,105.761,-2,1156,1138,-4.38,0,0,0,0,0,0,0,0
2026-03-28 09:21:18.540,105.777,-1,1158,1137,-4.36,0,0,0,0,0,0,0,0
2026-03-28 09:21:18.700,105.937,-1,1156,1138,-4.37,0,0,0,0,0,0,0,0
2026-03-28 09:21:18.795,106.033,-1,1155,1139,-4.36,0,0,0,0,0,0,0,0
2026-03-28 09:21:18.891,106.129,-1,1156,1138,-4.37,0,0,0,0,0,0,0,0
2026-03-28 09:21:19.003,106.240,-1,1157,1137,-4.4,0,0,0,0,0,0,0,0
2026-03-28 09:21:19.099,106.337,-2,1153,1137,-4.38,0,0,0,0,0,0,0,0
2026-03-28 09:21:19.147,106.385,-1,1151,1139,-4.35,0,0,0,0,0,0,0,0
2026-03-28 09:21:19.149,106.387,-1,1158,1138,-4.36,0,0,0,0,0,0,0,0
2026-03-28 09:21:19.211,106.449,-2,1156,1138,-4.36,0,0,0,0,0,0,0,0
2026-03-28 09:21:19.291,106.529,-2,1157,1138,-4.38,0,0,0,0,0,0,0,0
2026-03-28 09:21:19.387,106.625,-1,1156,1137,-4.36,0,0,0,0,0,0,0,0
2026-03-28 09:21:19.579,106.817,-2,1153,1139,-4.34,0,0,0,0,0,0,0,0
2026-03-28 09:21:19.611,106.849,-1,1158,1138,-4.37,0,0,0,0,0,0,0,0
2026-03-28 09:21:19.659,106.897,-1,1156,1138,-4.39,0,0,0,0,0,0,0,0
2026-03-28 09:21:19.662,106.899,-1,1157,1137,-4.39,0,0,0,0,0,0,0,0
2026-03-28 09:21:19.787,107.025,-2,1156,1137,-4.38,0,0,0,0,0,0,0,0
2026-03-28 09:21:19.851,107.089,-2,1152,1140,-4.39,0,0,0,0,0,0,0,0
2026-03-28 09:21:19.853,107.091,-1,1151,1139,-4.39,0,0,0,0,0,0,0,0
2026-03-28 09:21:19.947,107.184,-2,1151,1139,-4.37,0,0,0,0,0,0,0,0
2026-03-28 09:21:19.948,107.186,-2,1158,1138,-4.35,0,0,0,0,0,0,0,0
2026-03-28 09:21:19.950,107.187,-1,1156,1138,-4.35,0,0,0,0,0,0,0,0
2026-03-28 09:21:20.060,107.297,-2,1155,1139,-4.35,0,0,0,0,0,0,0,0
2026-03-28 09:21:20.062,107.299,-1,1158,1138,-4.37,0,0,0,0,0,0,0,0
2026-03-28 09:21:20.187,107.424,-1,1156,1138,-4.35,0,0,0,0,0,0,0,0
2026-03-28 09:21:20.299,107.537,-1,1158,1138,-4.36,0,0,0,0,0,0,0,0
2026-03-28 09:21:20.395,107.633,-1,1154,1139,-4.35,0,0,0,0,0,0,0,0
2026-03-28 09:21:20.397,107.635,-1,1153,1139,-4.38,0,0,0,0,0,0,0,0
2026-03-28 09:21:20.507,107.745,-2,1152,1138,-4.38,0,0,0,0,0,0,0,0
2026-03-28 09:21:20.603,107.841,-1,1151,1138,-4.38,0,0,0,0,0,0,0,0
2026-03-28 09:21:20.715,107.953,-1,1149,1139,-4.35,0,0,0,0,0,0,0,0
2026-03-28 09:21:20.812,108.049,-1,1158,1138,-4.38,0,0,0,0,0,0,0,0
2026-03-28 09:21:20.813,108.051,-2,1156,1138,-4.37,0,0,0,0,0,0,0,0
2026-03-28 09:21:20.907,108.145,-2,1157,1137,-4.37,0,0,0,0,0,0,0,0
2026-03-28 09:21:20.924,108.162,-1,1152,1139,-4.39,0,0,0,0,0,0,0,0
2026-03-28 09:21:21.051,108.289,-1,1152,1139,-4.36,0,0,0,0,0,0,0,0
2026-03-28 09:21:21.099,108.337,-2,1158,1138,-4.36,0,0,0,0,0,0,0,0
2026-03-28 09:21:21.212,108.449,-1,1158,1138,-4.35,0,0,0,0,0,0,0,0
2026-03-28 09:21:21.355,108.592,-2,1157,1138,-4.38,0,0,0,0,0,0,0,0
2026-03-28 09:21:21.467,108.705,-1,1155,1139,-4.37,0,0,0,0,0,0,0,0
2026-03-28 09:21:21.563,108.801,-1,1157,1138,-4.36,0,0,0,0,0,0,0,0
2026-03-28 09:21:21.947,109.185,-1,1152,1140,-4.36,0,0,0,0,0,0,0,0
2026-03-28 09:21:21.979,109.217,-1,1158,1138,-4.35,0,0,0,0,0,0,0,0
2026-03-28 09:21:22.139,109.377,-1,1158,1139,-4.35,0,0,0,0,0,0,0,0
2026-03-28 09:21:22.251,109.489,-1,1158,1137,-4.37,0,0,0,0,0,0,0,0
2026-03-28 09:21:22.363,109.601,-1,1158,1138,-4.37,0,0,0,0,0,0,0,0
2026-03-28 09:21:22.365,109.603,-1,1156,1138,-4.37,0,0,0,0,0,0,0,0
2026-03-28 09:21:22.411,109.649,-1,1155,1138,-4.37,0,0,0,0,0,0,0,0
2026-03-28 09:21:22.491,109.729,-2,1151,1138,-4.36,0,0,0,0,0,0,0,0
2026-03-28 09:21:22.651,109.889,-2,1150,1139,-4.35,0,0,0,0,0,0,0,0
2026-03-28 09:21:22.683,109.921,-2,1158,1138,-4.39,0,0,0,0,0,0,0,0
2026-03-28 09:21:22.685,109.923,-2,1156,1138,-4.38,0,0,0,0,0,0,0,0
2026-03-28 09:21:22.746,109.984,-2,1157,1137,-4.38,0,0,0,0,0,0,0,0
2026-03-28 09:21:22.875,110.113,-1,1152,1139,-4.38,0,0,0,0,0,0,0,0
2026-03-28 09:21:22.987,110.225,-1,1158,1138,-4.38,0,0,0,0,0,0,0,0
2026-03-28 09:21:23.099,110.337,-1,1158,1138,-4.39,0,0,0,0,0,0,0,0
2026-03-28 09:21:23.115,110.353,-2,1156,1138,-4.39,0,0,0,0,0,0,0,0
2026-03-28 09:21:23.179,110.416,-1,1157,1138,-4.39,0,0,0,0,0,0,0,0
2026-03-28 09:21:23.323,110.561,-1,1156,1137,-4.38,0,0,0,0,0,0,0,0
2026-03-28 09:21:23.435,110.673,-2,1153,1139,-4.38,0,0,0,0,0,0,0,0
2026-03-28 09:21:23.499,110.737,-1,1158,1138,-4.37,0,0,0,0,0,0,0,0
2026-03-28 09:21:23.501,110.739,-2,1156,1138,-4.36,0,0,0,0,0,0,0,0
2026-03-28 09:21:23.611,110.848,-1,1157,1137,-4.36,0,0,0,0,0,0,0,0
2026-03-28 09:21:23.691,110.929,-2,1153,1137,-4.36,0,0,0,0,0,0,0,0
2026-03-28 09:21:23.755,110.992,-2,1151,1139,-4.37,0,0,0,0,0,0,0,0
2026-03-28 09:21:23.915,111.152,-1,1156,1138,-4.38,0,0,0,0,0,0,0,0
2026-03-28 09:21:23.995,111.233,-2,1156,1138,-4.38,0,0,0,0,0,0,0,0
2026-03-28 09:21:24.139,111.377,-2,1158,1137,-4.37,0,0,0,0,0,0,0,0
2026-03-28 09:21:24.218,111.456,-1,1153,1139,-4.39,0,0,0,0,0,0,0,0
2026-03-28 09:21:24.315,111.553,-1,1155,1138,-4.36,0,0,0,0,0,0,0,0
2026-03-28 09:21:24.316,111.554,-2,1158,1137,-4.36,0,0,0,0,0,0,0,0
2026-03-28 09:21:24.318,111.556,-2,1156,1137,-4.37,0,0,0,0,0,0,0,0
2026-03-28 09:21:24.475,111.713,-1,1157,1137,-4.37,0,0,0,0,0,0,0,0
2026-03-28 09:21:24.477,111.715,-2,1154,1137,-4.37,0,0,0,0,0,0,0,0
2026-03-28 09:21:24.587,111.825,-1,1153,1137,-4.37,0,0,0,0,0,0,0,0
2026-03-28 09:21:24.635,111.873,-2,1151,1139,-4.36,0,0,0,0,0,0,0,0
2026-03-28 09:21:24.763,112.001,-1,1156,1138,-4.36,0,0,0,0,0,0,0,0
2026-03-28 09:21:24.827,112.065,-2,1156,1138,-4.37,0,0,0,0,0,0,0,0
2026-03-28 09:21:24.939,112.177,-2,1158,1137,-4.36,0,0,0,0,0,0,0,0
2026-03-28 09:21:25.035,112.273,-1,1153,1139,-4.38,0,0,0,0,0,0,0,0
2026-03-28 09:21:25.195,112.432,-1,1158,1137,-4.37,0,0,0,0,0,0,0,0
2026-03-28 09:21:25.196,112.434,-1,1156,1137,-4.38,0,0,0,0,0,0,0,0
2026-03-28 09:21:25.242,112.480,-1,1157,1137,-4.38,0,0,0,0,0,0,0,0
2026-03-28 09:21:25.371,112.609,-1,1153,1137,-4.38,0,0,0,0,0,0,0,0
2026-03-28 09:21:25.403,112.641,-1,1150,1139,-4.35,0,0,0,0,0,0,0,0
2026-03-28 09:21:25.563,112.800,-1,1158,1138,-4.37,0,0,0,0,0,0,0,0
2026-03-28 09:21:25.564,112.802,-2,1156,1138,-4.37,0,0,0,0,0,0,0,0
2026-03-28 09:21:25.675,112.913,-1,1157,1138,-4.37,0,0,0,0,0,0,0,0
2026-03-28 09:21:25.755,112.993,-1,1156,1137,-4.38,0,0,0,0,0,0,0,0
2026-03-28 09:21:25.835,113.073,-2,1153,1139,-4.37,0,0,0,0,0,0,0,0
2026-03-28 09:21:25.963,113.201,-2,1158,1137,-4.36,0,0,0,0,0,0,0,0
2026-03-28 09:21:25.978,113.216,-2,1156,1137,-4.35,0,0,0,0,0,0,0,0
2026-03-28 09:21:26.043,113.281,-1,1157,1137,-4.35,0,0,0,0,0,0,0,0
2026-03-28 09:21:26.204,113.442,-2,1153,1137,-4.4,0,0,0,0,0,0,0,0
2026-03-28 09:21:26.235,113.473,-1,1151,1139,-4.35,0,0,0,0,0,0,0,0
2026-03-28 09:21:26.317,113.554,-1,1156,1138,-4.38,0,0,0,0,0,0,0,0
2026-03-28 09:21:26.539,113.776,-1,1157,1137,-4.35,0,0,0,0,0,0,0,0
2026-03-28 09:21:26.619,113.857,-1,1153,1139,-4.37,0,0,0,0,0,0,0,0
2026-03-28 09:21:26.746,113.984,-2,1158,1138,-4.37,0,0,0,0,0,0,0,0
2026-03-28 09:21:26.860,114.097,-1,1154,1137,-4.35,0,0,0,0,0,0,0,0
2026-03-28 09:21:26.861,114.099,-1,1153,1137,-4.35,0,0,0,0,0,0,0,0
2026-03-28 09:21:26.955,114.193,-1,1152,1139,-4.36,0,0,0,0,0,0,0,0
2026-03-28 09:21:26.957,114.194,-1,1152,1140,-4.37,0,0,0,0,0,0,0,0
2026-03-28 09:21:27.035,114.272,-1,1151,1139,-4.37,0,0,0,0,0,0,0,0
2026-03-28 09:21:27.036,114.274,-2,1151,1139,-4.39,0,0,0,0,0,0,0,0
2026-03-28 09:21:27.038,114.276,-2,1158,1138,-4.36,0,0,0,0,0,0,0,0
2026-03-28 09:21:27.146,114.384,-1,1156,1138,-4.36,0,0,0,0,0,0,0,0
2026-03-28 09:21:27.339,114.576,-2,1156,1138,-4.37,0,0,0,0,0,0,0,0
2026-03-28 09:21:27.467,114.705,-2,1158,1139,-4.37,0,0,0,0,0,0,0,0
2026-03-28 09:21:27.469,114.707,-1,1153,1139,-4.37,0,0,0,0,0,0,0,0
2026-03-28 09:21:27.610,114.848,-2,1152,1138,-4.37,0,0,0,0,0,0,0,0
2026-03-28 09:21:27.755,114.993,-2,1150,1138,-4.38,0,0,0,0,0,0,0,0
2026-03-28 09:21:27.851,115.089,-1,1156,1138,-4.37,0,0,0,0,0,0,0,0
2026-03-28 09:21:27.946,115.184,-2,1153,1138,-4.35,0,0,0,0,0,0,0,0
2026-03-28 09:21:27.948,115.186,-1,1152,1138,-4.37,0,0,0,0,0,0,0,0
2026-03-28 09:21:28.090,115.328,-2,1151,1138,-4.37,0,0,0,0,0,0,0,0
2026-03-28 09:21:28.203,115.441,-1,1157,1138,-4.37,0,0,0,0,0,0,0,0
2026-03-28 09:21:28.282,115.520,-1,1156,1138,-4.38,0,0,0,0,0,0,0,0
2026-03-28 09:21:28.395,115.633,-2,1154,1137,-4.39,0,0,0,0,0,0,0,0
2026-03-28 09:21:28.474,115.712,-1,1152,1140,-4.35,0,0,0,0,0,0,0,0
2026-03-28 09:21:28.571,115.808,-1,1158,1138,-4.36,0,0,0,0,0,0,0,0
2026-03-28 09:21:28.682,115.920,-1,1156,1138,-4.37,0,0,0,0,0,0,0,0
2026-03-28 09:21:28.810,116.048,-1,1158,1137,-4.37,0,0,0,0,0,0,0,0
2026-03-28 09:21:28.891,116.129,-2,1154,1139,-4.37,0,0,0,0,0,0,0,0
2026-03-28 09:21:29.003,116.240,-2,1158,1138,-4.35,0,0,0,0,0,0,0,0
2026-03-28 09:21:29.131,116.368,-1,1154,1137,-4.37,0,0,0,0,0,0,0,0
2026-03-28 09:21:29.210,116.448,-1,1152,1140,-4.38,0,0,0,0,0,0,0,0
2026-03-28 09:21:29.322,116.560,-1,1158,1138,-4.37,0,0,0,0,0,0,0,0
2026-03-28 09:21:29.324,116.562,-1,1155,1139,-4.36,0,0,0,0,0,0,0,0
2026-03-28 09:21:29.515,116.752,-2,1158,1138,-4.37,0,0,0,0,0,0,0,0
2026-03-28 09:21:29.517,116.754,-1,1156,1138,-4.36,0,0,0,0,0,0,0,0
2026-03-28 09:21:29.626,116.864,-2,1157,1138,-4.36,0,0,0,0,0,0,0,0
2026-03-28 09:21:29.643,116.881,-2,1156,1137,-4.37,0,0,0,0,0,0,0,0
2026-03-28 09:21:29.770,117.008,-1,1153,1139,-4.38,0,0,0,0,0,0,0,0
2026-03-28 09:21:29.866,117.104,-1,1156,1137,-4.37,0,0,0,0,0,0,0,0
2026-03-28 09:21:29.994,117.232,-1,1154,1137,-4.34,0,0,0,0,0,0,0,0
2026-03-28 09:21:30.139,117.377,-1,1152,1140,-4.37,0,0,0,0,0,0,0,0
2026-03-28 09:21:30.202,117.440,-1,1158,1138,-4.35,0,0,0,0,0,0,0,0
2026-03-28 09:21:30.379,117.617,-1,1158,1138,-4.36,0,0,0,0,0,0,0,0
2026-03-28 09:21:30.458,117.696,-1,1158,1137,-4.37,0,0,0,0,0,0,0,0
2026-03-28 09:21:30.538,117.776,-1,1154,1139,-4.39,0,0,0,0,0,0,0,0
2026-03-28 09:21:30.603,117.841,-1,1156,1138,-4.36,0,0,0,0,0,0,0,0
2026-03-28 09:21:30.746,117.984,-1,1157,1137,-4.32,0,0,0,0,0,0,0,0
2026-03-28 09:21:30.907,118.145,-1,1153,1137,-4.36,0,0,0,0,0,0,0,0
2026-03-28 09:21:30.908,118.146,-1,1152,1139,-4.37,0,0,0,0,0,0,0,0
2026-03-28 09:21:31.018,118.256,-1,1151,1139,-4.37,0,0,0,0,0,0,0,0
2026-03-28 09:21:31.020,118.258,-2,1151,1139,-4.36,0,0,0,0,0,0,0,0
2026-03-28 09:21:31.130,118.368,-1,1158,1138,-4.36,0,0,0,0,0,0,0,0
2026-03-28 09:21:31.132,118.370,-1,1156,1138,-4.36,0,0,0,0,0,0,0,0
2026-03-28 09:21:31.242,118.480,-2,1157,1138,-4.36,0,0,0,0,0,0,0,0
2026-03-28 09:21:31.259,118.497,-2,1157,1138,-4.38,0,0,0,0,0,0,0,0
2026-03-28 09:21:31.261,118.499,-1,1158,1137,-4.39,0,0,0,0,0,0,0,0
2026-03-28 09:21:31.355,118.593,-2,1156,1137,-4.39,0,0,0,0,0,0,0,0
2026-03-28 09:21:31.498,118.736,-1,1153,1139,-4.4,0,0,0,0,0,0,0,0
2026-03-28 09:21:31.595,118.833,-2,1158,1138,-4.38,0,0,0,0,0,0,0,0
2026-03-28 09:21:31.596,118.834,-1,1156,1137,-4.37,0,0,0,0,0,0,0,0
2026-03-28 09:21:31.642,118.880,-1,1156,1137,-4.36,0,0,0,0,0,0,0,0
2026-03-28 09:21:31.643,118.881,-1,1154,1137,-4.36,0,0,0,0,0,0,0,0
2026-03-28 09:21:31.754,118.992,-2,1152,1140,-4.38,0,0,0,0,0,0,0,0
2026-03-28 09:21:31.882,119.120,-2,1158,1138,-4.37,0,0,0,0,0,0,0,0
2026-03-28 09:21:31.995,119.233,-1,1157,1138,-4.34,0,0,0,0,0,0,0,0
2026-03-28 09:21:32.010,119.248,-1,1157,1138,-4.37,0,0,0,0,0,0,0,0
2026-03-28 09:21:32.012,119.250,-2,1158,1138,-4.37,0,0,0,0,0,0,0,0
2026-03-28 09:21:32.171,119.409,-2,1153,1139,-4.38,0,0,0,0,0,0,0,0
2026-03-28 09:21:32.235,119.473,-2,1158,1138,-4.38,0,0,0,0,0,0,0,0
2026-03-28 09:21:32.362,119.600,-1,1156,1137,-4.36,0,0,0,0,0,0,0,0
2026-03-28 09:21:32.364,119.601,-1,1155,1139,-4.39,0,0,0,0,0,0,0,0
2026-03-28 09:21:32.365,119.603,-1,1154,1139,-4.38,0,0,0,0,0,0,0,0
2026-03-28 09:21:32.490,119.728,-1,1157,1138,-4.38,0,0,0,0,0,0,0,0
2026-03-28 09:21:32.555,119.793,-1,1156,1137,-4.36,0,0,0,0,0,0,0,0
2026-03-28 09:21:32.715,119.953,-2,1154,1137,-4.37,0,0,0,0,0,0,0,0
2026-03-28 09:21:32.779,120.017,-2,1152,1140,-4.37,0,0,0,0,0,0,0,0
2026-03-28 09:21:32.955,120.193,-1,1158,1138,-4.36,0,0,0,0,0,0,0,0
2026-03-28 09:21:33.067,120.305,-1,1158,1138,-4.37,0,0,0,0,0,0,0,0
2026-03-28 09:21:33.069,120.306,-2,1156,1138,-4.37,0,0,0,0,0,0,0,0
2026-03-28 09:21:33.114,120.352,-1,1157,1138,-4.37,0,0,0,0,0,0,0,0
2026-03-28 09:21:33.258,120.496,-2,1157,1137,-4.38,0,0,0,0,0,0,0,0
2026-03-28 09:21:33.387,120.625,-1,1153,1139,-4.35,0,0,0,0,0,0,0,0
2026-03-28 09:21:33.434,120.672,-1,1151,1138,-4.37,0,0,0,0,0,0,0,0
2026-03-28 09:21:33.563,120.801,-1,1150,1139,-4.36,0,0,0,0,0,0,0,0
2026-03-28 09:21:33.738,120.976,-2,1157,1138,-4.37,0,0,0,0,0,0,0,0
2026-03-28 09:21:33.802,121.040,-1,1157,1137,-4.36,0,0,0,0,0,0,0,0
2026-03-28 09:21:33.867,121.104,-2,1153,1137,-4.35,0,0,0,0,0,0,0,0
2026-03-28 09:21:33.979,121.216,-1,1151,1139,-4.35,0,0,0,0,0,0,0,0
2026-03-28 09:21:33.995,121.233,-1,1156,1138,-4.37,0,0,0,0,0,0,0,0
2026-03-28 09:21:34.090,121.328,-1,1155,1139,-4.37,0,0,0,0,0,0,0,0
2026-03-28 09:21:34.251,121.488,-1,1157,1137,-4.35,0,0,0,0,0,0,0,0
2026-03-28 09:21:34.395,121.633,-2,1153,1139,-4.38,0,0,0,0,0,0,0,0
2026-03-28 09:21:34.491,121.729,-2,1156,1137,-4.38,0,0,0,0,0,0,0,0
2026-03-28 09:21:34.555,121.792,-1,1155,1139,-4.37,0,0,0,0,0,0,0,0
2026-03-28 09:21:34.570,121.808,-1,1154,1139,-4.39,0,0,0,0,0,0,0,0
2026-03-28 09:21:34.634,121.872,-1,1157,1138,-4.39,0,0,0,0,0,0,0,0
2026-03-28 09:21:34.698,121.936,-2,1156,1137,-4.37,0,0,0,0,0,0,0,0
2026-03-28 09:21:34.890,122.128,-1,1154,1137,-4.37,0,0,0,0,0,0,0,0
2026-03-28 09:21:34.938,122.176,-1,1152,1140,-4.36,0,0,0,0,0,0,0,0
2026-03-28 09:21:35.098,122.336,-1,1158,1138,-4.36,0,0,0,0,0,0,0,0
2026-03-28 09:21:35.099,122.337,-1,1156,1138,-4.37,0,0,0,0,0,0,0,0
2026-03-28 09:21:35.226,122.464,-1,1157,1138,-4.37,0,0,0,0,0,0,0,0
2026-03-28 09:21:35.355,122.592,-1,1156,1137,-4.37,0,0,0,0,0,0,0,0
2026-03-28 09:21:35.402,122.640,-1,1153,1139,-4.36,0,0,0,0,0,0,0,0
2026-03-28 09:21:35.482,122.720,-1,1158,1138,-4.36,0,0,0,0,0,0,0,0
2026-03-28 09:21:35.488,122.726,-1,1156,1138,-4.38,0,0,0,0,0,0,0,0
2026-03-28 09:21:35.546,122.784,-1,1157,1137,-4.38,0,0,0,0,0,0,0,0
2026-03-28 09:21:35.643,122.880,-1,1153,1137,-4.39,0,0,0,0,0,0,0,0
2026-03-28 09:21:35.738,122.976,-1,1151,1139,-4.34,0,0,0,0,0,0,0,0
2026-03-28 09:21:35.866,123.103,-2,1156,1138,-4.36,0,0,0,0,0,0,0,0
2026-03-28 09:21:35.994,123.232,-1,1156,1138,-4.38,0,0,0,0,0,0,0,0
2026-03-28 09:21:36.090,123.328,-1,1158,1137,-4.36,0,0,0,0,0,0,0,0
2026-03-28 09:21:36.092,123.330,-1,1157,1137,-4.36,0,0,0,0,0,0,0,0
2026-03-28 09:21:36.202,123.439,-1,1155,1139,-4.35,0,0,0,0,0,0,0,0
2026-03-28 09:21:36.203,123.441,-1,1154,1139,-4.36,0,0,0,0,0,0,0,0
2026-03-28 09:21:36.217,123.455,-1,1153,1139,-4.38,0,0,0,0,0,0,0,0
2026-03-28 09:21:36.250,123.488,-2,1157,1138,-4.38,0,0,0,0,0,0,0,0
2026-03-28 09:21:36.266,123.504,-1,1156,1138,-4.37,0,0,0,0,0,0,0,0
2026-03-28 09:21:36.458,123.695,-1,1158,1138,-4.36,0,0,0,0,0,0,0,0
2026-03-28 09:21:36.474,123.711,-1,1156,1138,-4.36,0,0,0,0,0,0,0,0
2026-03-28 09:21:36.475,123.713,-1,1157,1137,-4.36,0,0,0,0,0,0,0,0
2026-03-28 09:21:36.570,123.808,-1,1156,1137,-4.37,0,0,0,0,0,0,0,0
2026-03-28 09:21:36.572,123.810,-1,1154,1138,-4.37,0,0,0,0,0,0,0,0
2026-03-28 09:21:36.620,123.858,-2,1153,1137,-4.37,0,0,0,0,0,0,0,0
2026-03-28 09:21:36.666,123.904,-2,1151,1139,-4.36,0,0,0,0,0,0,0,0
2026-03-28 09:21:36.779,124.017,-1,1156,1138,-4.36,0,0,0,0,0,0,0,0
2026-03-28 09:21:36.922,124.160,-1,1156,1138,-4.37,0,0,0,0,0,0,0,0
2026-03-28 09:21:37.018,124.256,-2,1156,1137,-4.37,0,0,0,0,0,0,0,0
2026-03-28 09:21:37.085,124.323,-2,1153,1139,-4.37,0,0,0,0,0,0,0,0
2026-03-28 09:21:37.242,124.480,-1,1158,1138,-4.38,0,0,0,0,0,0,0,0
2026-03-28 09:21:37.354,124.591,-1,1156,1137,-4.37,0,0,0,0,0,0,0,0
2026-03-28 09:21:37.403,124.640,-1,1152,1139,-4.37,0,0,0,0,0,0,0,0
2026-03-28 09:21:37.404,124.642,-1,1152,1140,-4.36,0,0,0,0,0,0,0,0
2026-03-28 09:21:37.562,124.800,-1,1151,1139,-4.38,0,0,0,0,0,0,0,0
2026-03-28 09:21:37.568,124.806,-1,1158,1138,-4.37,0,0,0,0,0,0,0,0
2026-03-28 09:21:37.610,124.848,-1,1158,1138,-4.41,0,0,0,0,0,0,0,0
2026-03-28 09:21:37.614,124.852,-1,1156,1138,-4.38,0,0,0,0,0,0,0,0
2026-03-28 09:21:37.690,124.928,-2,1157,1138,-4.38,0,0,0,0,0,0,0,0
2026-03-28 09:21:37.787,125.024,-1,1156,1137,-4.37,0,0,0,0,0,0,0,0
2026-03-28 09:21:37.995,125.232,-1,1153,1139,-4.36,0,0,0,0,0,0,0,0
2026-03-28 09:21:38.044,125.282,-1,1158,1137,-4.36,0,0,0,0,0,0,0,0
2026-03-28 09:21:38.109,125.347,-2,1154,1137,-4.37,0,0,0,0,0,0,0,0
2026-03-28 09:21:38.250,125.488,-1,1152,1140,-4.37,0,0,0,0,0,0,0,0
2026-03-28 09:21:38.362,125.600,-1,1158,1138,-4.37,0,0,0,0,0,0,0,0
2026-03-28 09:21:38.526,125.764,-1,1158,1139,-4.38,0,0,0,0,0,0,0,0
2026-03-28 09:21:38.531,125.769,-1,1156,1138,-4.38,0,0,0,0,0,0,0,0
2026-03-28 09:21:38.618,125.855,-1,1157,1138,-4.38,0,0,0,0,0,0,0,0
2026-03-28 09:21:38.652,125.890,-1,1157,1137,-4.39,0,0,0,0,0,0,0,0
2026-03-28 09:21:38.730,125.968,-1,1153,1139,-4.37,0,0,0,0,0,0,0,0
2026-03-28 09:21:38.890,126.128,-1,1158,1138,-4.36,0,0,0,0,0,0,0,0
2026-03-28 09:21:38.938,126.176,-1,1154,1138,-4.37,0,0,0,0,0,0,0,0
2026-03-28 09:21:39.081,126.319,-1,1152,1140,-4.36,0,0,0,0,0,0,0,0
2026-03-28 09:21:39.194,126.432,-1,1158,1138,-4.36,0,0,0,0,0,0,0,0
2026-03-28 09:21:39.291,126.528,-1,1156,1138,-4.35,0,0,0,0,0,0,0,0
2026-03-28 09:21:39.306,126.544,-1,1157,1138,-4.35,0,0,0,0,0,0,0,0
2026-03-28 09:21:39.354,126.592,-2,1157,1137,-4.36,0,0,0,0,0,0,0,0
2026-03-28 09:21:39.419,126.656,-1,1158,1137,-4.36,0,0,0,0,0,0,0,0
2026-03-28 09:21:39.435,126.673,-1,1157,1137,-4.36,0,0,0,0,0,0,0,0
2026-03-28 09:21:39.548,126.786,-1,1155,1139,-4.37,0,0,0,0,0,0,0,0
2026-03-28 09:21:39.554,126.792,-1,1154,1139,-4.34,0,0,0,0,0,0,0,0
2026-03-28 09:21:39.641,126.879,-1,1153,1139,-4.35,0,0,0,0,0,0,0,0
2026-03-28 09:21:39.645,126.883,-1,1157,1138,-4.35,0,0,0,0,0,0,0,0
2026-03-28 09:21:39.649,126.887,-1,1155,1138,-4.38,0,0,0,0,0,0,0,0
2026-03-28 09:21:39.802,127.040,-2,1158,1138,-4.39,0,0,0,0,0,0,0,0
2026-03-28 09:21:39.914,127.152,-1,1154,1137,-4.38,0,0,0,0,0,0,0,0
2026-03-28 09:21:40.010,127.248,-1,1152,1140,-4.36,0,0,0,0,0,0,0,0
2026-03-28 09:21:40.026,127.264,-1,1151,1139,-4.36,0,0,0,0,0,0,0,0
2026-03-28 09:21:40.042,127.280,-1,1151,1139,-4.37,0,0,0,0,0,0,0,0
2026-03-28 09:21:40.250,127.488,-1,1155,1138,-4.36,0,0,0,0,0,0,0,0
2026-03-28 09:21:40.413,127.651,-1,1156,1137,-4.35,0,0,0,0,0,0,0,0
2026-03-28 09:21:40.442,127.680,-1,1158,1138,-4.34,0,0,0,0,0,0,0,0
2026-03-28 09:21:40.458,127.696,-1,1156,1138,-4.36,0,0,0,0,0,0,0,0
2026-03-28 09:21:40.666,127.904,-1,1157,1137,-4.36,0,0,0,0,0,0,0,0
2026-03-28 09:21:40.698,127.936,-1,1153,1137,-4.36,0,0,0,0,0,0,0,0
2026-03-28 09:21:40.827,128.064,-1,1158,1139,-4.37,0,0,0,0,0,0,0,0
2026-03-28 09:21:40.831,128.069,-1,1156,1138,-4.37,0,0,0,0,0,0,0,0
2026-03-28 09:21:40.938,128.176,-1,1155,1139,-4.37,0,0,0,0,0,0,0,0
2026-03-28 09:21:41.114,128.352,-1,1157,1138,-4.37,0,0,0,0,0,0,0,0
2026-03-28 09:21:41.146,128.384,-1,1157,1137,-4.37,0,0,0,0,0,0,0,0
2026-03-28 09:21:41.258,128.496,-2,1153,1139,-4.37,0,0,0,0,0,0,0,0
2026-03-28 09:21:41.466,128.704,-1,1158,1137,-4.35,0,0,0,0,0,0,0,0
2026-03-28 09:21:41.468,128.706,-1,1156,1137,-4.39,0,0,0,0,0,0,0,0
2026-03-28 09:21:41.499,128.737,-1,1157,1137,-4.39,0,0,0,0,0,0,0,0
2026-03-28 09:21:41.610,128.848,-2,1152,1139,-4.38,0,0,0,0,0,0,0,0
2026-03-28 09:21:41.771,129.009,-1,1158,1138,-4.37,0,0,0,0,0,0,0,0
2026-03-28 09:21:41.834,129.072,-2,1156,1138,-4.36,0,0,0,0,0,0,0,0
2026-03-28 09:21:41.930,129.167,-1,1158,1137,-4.34,0,0,0,0,0,0,0,0
2026-03-28 09:21:42.010,129.248,-2,1158,1138,-4.36,0,0,0,0,0,0,0,0
2026-03-28 09:21:42.122,129.360,-1,1153,1138,-4.37,0,0,0,0,0,0,0,0
2026-03-28 09:21:42.138,129.376,-1,1152,1138,-4.37,0,0,0,0,0,0,0,0
2026-03-28 09:21:42.377,129.615,-2,1156,1137,-4.38,0,0,0,0,0,0,0,0
2026-03-28 09:21:42.490,129.728,-1,1154,1137,-4.36,0,0,0,0,0,0,0,0
2026-03-28 09:21:42.634,129.871,-1,1152,1140,-4.37,0,0,0,0,0,0,0,0
2026-03-28 09:21:42.731,129.968,-2,1158,1138,-4.36,0,0,0,0,0,0,0,0
2026-03-28 09:21:42.826,130.064,-1,1158,1138,-4.37,0,0,0,0,0,0,0,0
2026-03-28 09:21:42.938,130.176,-1,1157,1138,-4.35,0,0,0,0,0,0,0,0
2026-03-28 09:21:43.050,130.288,-1,1155,1139,-4.37,0,0,0,0,0,0,0,0
2026-03-28 09:21:43.053,130.291,-1,1158,1138,-4.37,0,0,0,0,0,0,0,0
2026-03-28 09:21:43.177,130.415,-1,1156,1138,-4.38,0,0,0,0,0,0,0,0
2026-03-28 09:21:43.181,130.419,-1,1155,1138,-4.38,0,0,0,0,0,0,0,0
2026-03-28 09:21:43.194,130.432,-1,1154,1139,-4.36,0,0,0,0,0,0,0,0
2026-03-28 09:21:43.290,130.527,-1,1153,1138,-4.37,0,0,0,0,0,0,0,0
2026-03-28 09:21:43.293,130.531,-1,1152,1138,-4.35,0,0,0,0,0,0,0,0
2026-03-28 09:21:43.337,130.575,-1,1151,1138,-4.35,0,0,0,0,0,0,0,0
2026-03-28 09:21:43.342,130.579,-2,1151,1139,-4.36,0,0,0,0,0,0,0,0
2026-03-28 09:21:43.353,130.591,-1,1150,1140,-4.35,0,0,0,0,0,0,0,0
2026-03-28 09:21:43.530,130.767,-1,1150,1139,-4.38,0,0,0,0,0,0,0,0
2026-03-28 09:21:43.536,130.774,-1,1157,1138,-4.37,0,0,0,0,0,0,0,0
2026-03-28 09:21:43.594,130.832,-1,1158,1138,-4.34,0,0,0,0,0,0,0,0
2026-03-28 09:21:43.722,130.960,-2,1154,1137,-4.38,0,0,0,0,0,0,0,0
2026-03-28 09:21:43.818,131.056,-1,1152,1140,-4.37,0,0,0,0,0,0,0,0
2026-03-28 09:21:43.897,131.135,-1,1158,1138,-4.36,0,0,0,0,0,0,0,0
2026-03-28 09:21:44.074,131.312,-1,1156,1138,-4.38,0,0,0,0,0,0,0,0
2026-03-28 09:21:44.077,131.314,-1,1157,1138,-4.38,0,0,0,0,0,0,0,0
2026-03-28 09:21:44.154,131.392,-1,1158,1137,-4.36,0,0,0,0,0,0,0,0
2026-03-28 09:21:44.298,131.535,-1,1154,1139,-4.37,0,0,0,0,0,0,0,0
2026-03-28 09:21:44.302,131.540,-1,1153,1139,-4.36,0,0,0,0,0,0,0,0
2026-03-28 09:21:44.378,131.615,-1,1157,1138,-4.36,0,0,0,0,0,0,0,0
2026-03-28 09:21:44.538,131.776,-1,1157,1137,-4.35,0,0,0,0,0,0,0,0
2026-03-28 09:21:44.650,131.888,-1,1153,1137,-4.36,0,0,0,0,0,0,0,0
2026-03-28 09:21:44.745,131.983,-1,1151,1139,-4.37,0,0,0,0,0,0,0,0
2026-03-28 09:21:44.810,132.048,-1,1158,1138,-4.37,0,0,0,0,0,0,0,0
2026-03-28 09:21:44.938,132.175,-1,1157,1137,-4.37,0,0,0,0,0,0,0,0
2026-03-28 09:21:45.019,132.257,-1,1154,1139,-4.36,0,0,0,0,0,0,0,0
2026-03-28 09:21:45.023,132.261,-1,1153,1139,-4.36,0,0,0,0,0,0,0,0
2026-03-28 09:21:45.130,132.368,-1,1157,1138,-4.36,0,0,0,0,0,0,0,0
2026-03-28 09:21:45.210,132.447,-1,1157,1137,-4.37,0,0,0,0,0,0,0,0
2026-03-28 09:21:45.322,132.559,-1,1153,1137,-4.39,0,0,0,0,0,0,0,0
2026-03-28 09:21:45.466,132.704,-1,1151,1139,-4.37,0,0,0,0,0,0,0,0
2026-03-28 09:21:45.531,132.769,-1,1155,1139,-4.38,0,0,0,0,0,0,0,0
2026-03-28 09:21:45.689,132.927,-1,1157,1138,-4.36,0,0,0,0,0,0,0,0
2026-03-28 09:21:45.786,133.023,-1,1157,1137,-4.37,0,0,0,0,0,0,0,0
2026-03-28 09:21:45.913,133.151,-1,1153,1139,-4.37,0,0,0,0,0,0,0,0
2026-03-28 09:21:46.025,133.263,-1,1158,1138,-4.38,0,0,0,0,0,0,0,0
2026-03-28 09:21:46.029,133.267,-1,1156,1138,-4.39,0,0,0,0,0,0,0,0
2026-03-28 09:21:46.154,133.391,-1,1157,1137,-4.39,0,0,0,0,0,0,0,0
2026-03-28 09:21:46.234,133.472,-1,1153,1137,-4.36,0,0,0,0,0,0,0,0
2026-03-28 09:21:46.285,133.523,-1,1151,1139,-4.37,0,0,0,0,0,0,0,0
2026-03-28 09:21:46.414,133.652,-1,1156,1138,-4.38,0,0,0,0,0,0,0,0
2026-03-28 09:21:46.538,133.775,-1,1157,1138,-4.37,0,0,0,0,0,0,0,0
2026-03-28 09:21:46.617,133.855,-1,1157,1137,-4.34,0,0,0,0,0,0,0,0
2026-03-28 09:21:46.810,134.048,-2,1153,1137,-4.35,0,0,0,0,0,0,0,0
2026-03-28 09:21:46.906,134.144,-1,1154,1137,-4.37,0,0,0,0,0,0,0,0
2026-03-28 09:21:47.002,134.240,-1,1151,1139,-4.35,0,0,0,0,0,0,0,0
2026-03-28 09:21:47.082,134.319,-2,1156,1138,-4.36,0,0,0,0,0,0,0,0
2026-03-28 09:21:47.193,134.431,-1,1156,1138,-4.38,0,0,0,0,0,0,0,0
2026-03-28 09:21:47.354,134.592,-1,1158,1137,-4.4,0,0,0,0,0,0,0,0
2026-03-28 09:21:47.402,134.639,-2,1154,1139,-4.38,0,0,0,0,0,0,0,0
2026-03-28 09:21:47.417,134.655,-2,1153,1139,-4.38,0,0,0,0,0,0,0,0
2026-03-28 09:21:47.546,134.783,-2,1152,1138,-4.38,0,0,0,0,0,0,0,0
2026-03-28 09:21:47.549,134.786,-2,1151,1139,-4.37,0,0,0,0,0,0,0,0
2026-03-28 09:21:47.626,134.863,-2,1150,1138,-4.4,0,0,0,0,0,0,0,0
2026-03-28 09:21:47.706,134.943,-1,1149,1139,-4.37,0,0,0,0,0,0,0,0
2026-03-28 09:21:47.707,134.944,-1,1157,1138,-4.37,0,0,0,0,0,0,0,0
2026-03-28 09:21:47.721,134.959,-1,1155,1138,-4.35,0,0,0,0,0,0,0,0
2026-03-28 09:21:47.770,135.008,-2,1158,1138,-4.4,0,0,0,0,0,0,0,0
2026-03-28 09:21:47.786,135.024,-1,1157,1138,-4.36,0,0,0,0,0,0,0,0
2026-03-28 09:21:47.978,135.215,-2,1157,1137,-4.36,0,0,0,0,0,0,0,0
2026-03-28 09:21:47.980,135.218,-2,1153,1137,-4.34,0,0,0,0,0,0,0,0
2026-03-28 09:21:48.106,135.344,-1,1151,1139,-4.38,0,0,0,0,0,0,0,0
2026-03-28 09:21:48.121,135.359,-2,1151,1139,-4.38,0,0,0,0,0,0,0,0
2026-03-28 09:21:48.169,135.407,-1,1158,1138,-4.34,0,0,0,0,0,0,0,0
2026-03-28 09:21:48.281,135.519,-2,1158,1138,-4.36,0,0,0,0,0,0,0,0
2026-03-28 09:21:48.283,135.521,-2,1156,1138,-4.34,0,0,0,0,0,0,0,0
2026-03-28 09:21:48.361,135.599,-1,1157,1138,-4.34,0,0,0,0,0,0,0,0
2026-03-28 09:21:48.538,135.776,-1,1157,1137,-4.37,0,0,0,0,0,0,0,0
2026-03-28 09:21:48.602,135.840,-1,1153,1139,-4.36,0,0,0,0,0,0,0,0
2026-03-28 09:21:48.698,135.936,-2,1158,1138,-4.37,0,0,0,0,0,0,0,0
2026-03-28 09:21:48.762,136.000,-1,1154,1137,-4.36,0,0,0,0,0,0,0,0
2026-03-28 09:21:48.906,136.143,-1,1152,1140,-4.37,0,0,0,0,0,0,0,0
2026-03-28 09:21:48.969,136.207,-1,1158,1138,-4.37,0,0,0,0,0,0,0,0
2026-03-28 09:21:49.033,136.271,-1,1158,1138,-4.38,0,0,0,0,0,0,0,0
2026-03-28 09:21:49.050,136.287,-2,1156,1138,-4.35,0,0,0,0,0,0,0,0
2026-03-28 09:21:49.161,136.399,-1,1157,1138,-4.35,0,0,0,0,0,0,0,0
2026-03-28 09:21:49.353,136.591,-1,1156,1137,-4.38,0,0,0,0,0,0,0,0
2026-03-28 09:21:49.418,136.656,-1,1153,1139,-4.4,0,0,0,0,0,0,0,0
2026-03-28 09:21:49.434,136.671,-1,1158,1138,-4.38,0,0,0,0,0,0,0,0
2026-03-28 09:21:49.436,136.674,-1,1156,1138,-4.37,0,0,0,0,0,0,0,0
2026-03-28 09:21:49.610,136.847,-1,1156,1137,-4.39,0,0,0,0,0,0,0,0
2026-03-28 09:21:49.689,136.927,-1,1152,1139,-4.37,0,0,0,0,0,0,0,0
2026-03-28 09:21:49.770,137.007,-1,1151,1139,-4.35,0,0,0,0,0,0,0,0
2026-03-28 09:21:49.771,137.009,-1,1158,1138,-4.36,0,0,0,0,0,0,0,0
2026-03-28 09:21:49.817,137.055,-1,1156,1138,-4.36,0,0,0,0,0,0,0,0
2026-03-28 09:21:49.930,137.168,-1,1156,1138,-4.34,0,0,0,0,0,0,0,0
2026-03-28 09:21:50.122,137.360,-2,1158,1139,-4.37,0,0,0,0,0,0,0,0
2026-03-28 09:21:50.249,137.486,-2,1158,1137,-4.37,0,0,0,0,0,0,0,0
2026-03-28 09:21:50.250,137.488,-2,1157,1138,-4.37,0,0,0,0,0,0,0,0
2026-03-28 09:21:50.361,137.599,-1,1157,1137,-4.37,0,0,0,0,0,0,0,0
2026-03-28 09:21:50.425,137.663,-2,1153,1137,-4.38,0,0,0,0,0,0,0,0
2026-03-28 09:21:50.522,137.760,-2,1151,1139,-4.38,0,0,0,0,0,0,0,0
2026-03-28 09:21:50.665,137.903,-1,1156,1138,-4.34,0,0,0,0,0,0,0,0
2026-03-28 09:21:50.667,137.904,-1,1155,1139,-4.38,0,0,0,0,0,0,0,0
2026-03-28 09:21:50.697,137.935,-1,1158,1138,-4.38,0,0,0,0,0,0,0,0
2026-03-28 09:21:50.700,137.938,-1,1156,1138,-4.38,0,0,0,0,0,0,0,0
2026-03-28 09:21:50.874,138.112,-2,1158,1137,-4.36,0,0,0,0,0,0,0,0
2026-03-28 09:21:50.953,138.191,-1,1154,1140,-4.35,0,0,0,0,0,0,0,0
2026-03-28 09:21:50.955,138.193,-1,1153,1139,-4.36,0,0,0,0,0,0,0,0
2026-03-28 09:21:50.985,138.223,-1,1157,1138,-4.36,0,0,0,0,0,0,0,0
2026-03-28 09:21:51.210,138.447,-1,1156,1137,-4.37,0,0,0,0,0,0,0,0
2026-03-28 09:21:51.290,138.527,-1,1152,1140,-4.35,0,0,0,0,0,0,0,0
2026-03-28 09:21:51.291,138.529,-1,1151,1139,-4.35,0,0,0,0,0,0,0,0
2026-03-28 09:21:51.401,138.639,-1,1151,1139,-4.35,0,0,0,0,0,0,0,0
2026-03-28 09:21:51.514,138.752,-1,1158,1138,-4.35,0,0,0,0,0,0,0,0
2026-03-28 09:21:51.516,138.754,-1,1156,1138,-4.37,0,0,0,0,0,0,0,0
2026-03-28 09:21:51.625,138.863,-1,1157,1138,-4.37,0,0,0,0,0,0,0,0
2026-03-28 09:21:51.754,138.992,-1,1156,1137,-4.37,0,0,0,0,0,0,0,0
2026-03-28 09:21:51.770,139.008,-2,1155,1139,-4.36,0,0,0,0,0,0,0,0
2026-03-28 09:21:51.771,139.009,-1,1153,1139,-4.38,0,0,0,0,0,0,0,0
2026-03-28 09:21:51.801,139.039,-1,1157,1138,-4.38,0,0,0,0,0,0,0,0
2026-03-28 09:21:51.802,139.040,-1,1156,1138,-4.35,0,0,0,0,0,0,0,0
2026-03-28 09:21:51.881,139.119,-1,1158,1138,-4.38,0,0,0,0,0,0,0,0
2026-03-28 09:21:51.883,139.120,-1,1156,1138,-4.37,0,0,0,0,0,0,0,0
2026-03-28 09:21:52.057,139.295,-1,1157,1137,-4.37,0,0,0,0,0,0,0,0
2026-03-28 09:21:52.059,139.297,-2,1156,1137,-4.35,0,0,0,0,0,0,0,0
2026-03-28 09:21:52.073,139.311,-1,1154,1137,-4.39,0,0,0,0,0,0,0,0
2026-03-28 09:21:52.138,139.376,-1,1153,1137,-4.39,0,0,0,0,0,0,0,0
2026-03-28 09:21:52.265,139.503,-1,1151,1139,-4.38,0,0,0,0,0,0,0,0
2026-03-28 09:21:52.378,139.615,-1,1156,1138,-4.36,0,0,0,0,0,0,0,0
2026-03-28 09:21:52.474,139.711,-1,1156,1138,-4.36,0,0,0,0,0,0,0,0
2026-03-28 09:21:52.586,139.824,-1,1158,1137,-4.36,0,0,0,0,0,0,0,0
2026-03-28 09:21:52.697,139.935,-1,1153,1139,-4.36,0,0,0,0,0,0,0,0
2026-03-28 09:21:52.699,139.937,-1,1157,1138,-4.36,0,0,0,0,0,0,0,0
2026-03-28 09:21:52.810,140.048,-1,1155,1138,-4.35,0,0,0,0,0,0,0,0
2026-03-28 09:21:52.812,140.049,-1,1158,1137,-4.36,0,0,0,0,0,0,0,0
2026-03-28 09:21:52.953,140.191,-1,1156,1137,-4.37,0,0,0,0,0,0,0,0
2026-03-28 09:21:52.955,140.193,-2,1157,1137,-4.37,0,0,0,0,0,0,0,0
2026-03-28 09:21:53.033,140.271,-1,1153,1137,-4.36,0,0,0,0,0,0,0,0
2026-03-28 09:21:53.146,140.384,-2,1151,1139,-4.36,0,0,0,0,0,0,0,0
2026-03-28 09:21:53.148,140.385,-1,1151,1139,-4.35,0,0,0,0,0,0,0,0
2026-03-28 09:21:53.177,140.415,-1,1156,1138,-4.35,0,0,0,0,0,0,0,0
2026-03-28 09:21:53.289,140.527,-1,1157,1138,-4.38,0,0,0,0,0,0,0,0
2026-03-28 09:21:53.418,140.656,-2,1155,1139,-4.37,0,0,0,0,0,0,0,0
2026-03-28 09:21:53.419,140.657,-2,1154,1139,-4.36,0,0,0,0,0,0,0,0
2026-03-28 09:21:53.529,140.767,-2,1153,1139,-4.36,0,0,0,0,0,0,0,0
2026-03-28 09:21:53.578,140.815,-1,1156,1137,-4.38,0,0,0,0,0,0,0,0
2026-03-28 09:21:53.722,140.960,-2,1155,1139,-4.39,0,0,0,0,0,0,0,0
2026-03-28 09:21:53.738,140.976,-1,1154,1139,-4.38,0,0,0,0,0,0,0,0
2026-03-28 09:21:53.785,141.023,-1,1157,1138,-4.38,0,0,0,0,0,0,0,0
2026-03-28 09:21:53.881,141.119,-2,1156,1138,-4.36,0,0,0,0,0,0,0,0
2026-03-28 09:21:53.946,141.183,-1,1154,1137,-4.36,0,0,0,0,0,0,0,0
2026-03-28 09:21:53.962,141.199,-1,1153,1137,-4.36,0,0,0,0,0,0,0,0
2026-03-28 09:21:54.073,141.310,-2,1152,1140,-4.37,0,0,0,0,0,0,0,0
2026-03-28 09:21:54.074,141.312,-2,1151,1139,-4.37,0,0,0,0,0,0,0,0
2026-03-28 09:21:54.154,141.392,-1,1156,1138,-4.36,0,0,0,0,0,0,0,0
2026-03-28 09:21:54.281,141.519,-1,1156,1138,-4.37,0,0,0,0,0,0,0,0
2026-03-28 09:21:54.410,141.648,-1,1158,1137,-4.37,0,0,0,0,0,0,0,0
2026-03-28 09:21:54.412,141.649,-1,1157,1137,-4.37,0,0,0,0,0,0,0,0
2026-03-28 09:21:54.505,141.743,-1,1155,1139,-4.36,0,0,0,0,0,0,0,0
2026-03-28 09:21:54.507,141.745,-2,1154,1139,-4.39,0,0,0,0,0,0,0,0
2026-03-28 09:21:54.508,141.746,-1,1153,1139,-4.36,0,0,0,0,0,0,0,0
2026-03-28 09:21:54.649,141.887,-1,1157,1138,-4.36,0,0,0,0,0,0,0,0
2026-03-28 09:21:54.651,141.889,-1,1155,1138,-4.37,0,0,0,0,0,0,0,0
2026-03-28 09:21:54.681,141.919,-2,1158,1138,-4.36,0,0,0,0,0,0,0,0
2026-03-28 09:21:54.809,142.047,-2,1156,1137,-4.37,0,0,0,0,0,0,0,0
2026-03-28 09:21:54.873,142.111,-2,1152,1139,-4.36,0,0,0,0,0,0,0,0
2026-03-28 09:21:54.970,142.208,-2,1158,1138,-4.37,0,0,0,0,0,0,0,0
2026-03-28 09:21:55.065,142.303,-1,1158,1138,-4.36,0,0,0,0,0,0,0,0
2026-03-28 09:21:55.081,142.319,-2,1156,1138,-4.37,0,0,0,0,0,0,0,0
2026-03-28 09:21:55.129,142.367,-2,1157,1138,-4.37,0,0,0,0,0,0,0,0
2026-03-28 09:21:55.305,142.543,-1,1156,1137,-4.36,0,0,0,0,0,0,0,0
2026-03-28 09:21:55.449,142.687,-2,1153,1139,-4.36,0,0,0,0,0,0,0,0
2026-03-28 09:21:55.481,142.719,-2,1158,1138,-4.37,0,0,0,0,0,0,0,0
2026-03-28 09:21:55.497,142.735,-2,1157,1137,-4.36,0,0,0,0,0,0,0,0
2026-03-28 09:21:55.705,142.943,-1,1157,1137,-4.36,0,0,0,0,0,0,0,0
2026-03-28 09:21:55.738,142.976,-1,1153,1137,-4.38,0,0,0,0,0,0,0,0
2026-03-28 09:21:55.882,143.120,-2,1151,1138,-4.38,0,0,0,0,0,0,0,0
2026-03-28 09:21:55.945,143.183,-2,1155,1139,-4.37,0,0,0,0,0,0,0,0
2026-03-28 09:21:55.946,143.184,-1,1158,1138,-4.34,0,0,0,0,0,0,0,0
2026-03-28 09:21:56.025,143.263,-2,1156,1138,-4.36,0,0,0,0,0,0,0,0
2026-03-28 09:21:56.185,143.423,-2,1158,1137,-4.37,0,0,0,0,0,0,0,0
2026-03-28 09:21:56.297,143.535,-2,1153,1138,-4.35,0,0,0,0,0,0,0,0
2026-03-28 09:21:56.346,143.583,-2,1158,1138,-4.36,0,0,0,0,0,0,0,0
2026-03-28 09:21:56.362,143.600,-1,1156,1137,-4.34,0,0,0,0,0,0,0,0
2026-03-28 09:21:56.457,143.694,-2,1157,1137,-4.34,0,0,0,0,0,0,0,0
2026-03-28 09:21:56.649,143.887,-1,1152,1140,-4.38,0,0,0,0,0,0,0,0
2026-03-28 09:21:56.698,143.936,-2,1158,1138,-4.35,0,0,0,0,0,0,0,0
2026-03-28 09:21:56.712,143.950,-2,1158,1138,-4.36,0,0,0,0,0,0,0,0
2026-03-28 09:21:56.761,143.999,-2,1156,1138,-4.37,0,0,0,0,0,0,0,0
2026-03-28 09:21:56.921,144.159,-1,1158,1138,-4.34,0,0,0,0,0,0,0,0
2026-03-28 09:21:56.936,144.174,-1,1156,1137,-4.34,0,0,0,0,0,0,0,0
2026-03-28 09:21:57.001,144.239,-2,1155,1139,-4.36,0,0,0,0,0,0,0,0
2026-03-28 09:21:57.098,144.335,-2,1157,1138,-4.35,0,0,0,0,0,0,0,0
2026-03-28 09:21:57.418,144.656,-1,1151,1139,-4.38,0,0,0,0,0,0,0,0
2026-03-28 09:21:57.577,144.815,-2,1156,1138,-4.36,0,0,0,0,0,0,0,0
2026-03-28 09:21:57.608,144.846,-1,1157,1138,-4.38,0,0,0,0,0,0,0,0
2026-03-28 09:21:57.610,144.848,-1,1157,1138,-4.38,0,0,0,0,0,0,0,0
2026-03-28 09:21:57.612,144.850,-2,1157,1138,-4.37,0,0,0,0,0,0,0,0
2026-03-28 09:21:57.960,145.198,-2,1158,1138,-4.36,0,0,0,0,0,0,0,0
2026-03-28 09:21:57.962,145.200,-1,1156,1137,-4.37,0,0,0,0,0,0,0,0
2026-03-28 09:21:58.009,145.247,-1,1157,1137,-4.37,0,0,0,0,0,0,0,0
2026-03-28 09:21:58.169,145.407,-1,1153,1139,-4.36,0,0,0,0,0,0,0,0
2026-03-28 09:21:58.329,145.567,-2,1156,1138,-4.37,0,0,0,0,0,0,0,0
2026-03-28 09:21:58.457,145.695,-2,1157,1138,-4.38,0,0,0,0,0,0,0,0
2026-03-28 09:21:58.459,145.697,-2,1157,1138,-4.34,0,0,0,0,0,0,0,0
2026-03-28 09:21:58.521,145.758,-1,1158,1137,-4.38,0,0,0,0,0,0,0,0
2026-03-28 09:21:58.633,145.871,-1,1154,1140,-4.36,0,0,0,0,0,0,0,0
2026-03-28 09:21:58.636,145.874,-1,1153,1139,-4.35,0,0,0,0,0,0,0,0
2026-03-28 09:21:58.712,145.950,-2,1157,1138,-4.35,0,0,0,0,0,0,0,0
2026-03-28 09:21:58.889,146.127,-1,1156,1138,-4.38,0,0,0,0,0,0,0,0
2026-03-28 09:21:58.955,146.192,-2,1154,1137,-4.36,0,0,0,0,0,0,0,0
2026-03-28 09:21:59.033,146.271,-2,1152,1140,-4.35,0,0,0,0,0,0,0,0
2026-03-28 09:21:59.113,146.351,-1,1158,1138,-4.34,0,0,0,0,0,0,0,0
2026-03-28 09:21:59.289,146.527,-1,1156,1138,-4.37,0,0,0,0,0,0,0,0
2026-03-28 09:21:59.369,146.607,-1,1158,1137,-4.36,0,0,0,0,0,0,0,0
2026-03-28 09:21:59.480,146.718,-2,1154,1139,-4.36,0,0,0,0,0,0,0,0
2026-03-28 09:21:59.483,146.720,-2,1153,1139,-4.36,0,0,0,0,0,0,0,0
2026-03-28 09:21:59.545,146.783,-1,1157,1138,-4.36,0,0,0,0,0,0,0,0
2026-03-28 09:21:59.626,146.863,-2,1156,1138,-4.39,0,0,0,0,0,0,0,0
2026-03-28 09:21:59.737,146.975,-2,1153,1137,-4.38,0,0,0,0,0,0,0,0
2026-03-28 09:21:59.752,146.990,-1,1152,1139,-4.36,0,0,0,0,0,0,0,0
2026-03-28 09:21:59.833,147.071,-2,1152,1140,-4.35,0,0,0,0,0,0,0,0
2026-03-28 09:22:00.008,147.246,-1,1158,1138,-4.36,0,0,0,0,0,0,0,0
2026-03-28 09:22:00.073,147.311,-1,1156,1138,-4.35,0,0,0,0,0,0,0,0
2026-03-28 09:22:00.169,147.407,-1,1158,1137,-4.38,0,0,0,0,0,0,0,0
2026-03-28 09:22:00.281,147.518,-1,1154,1139,-4.35,0,0,0,0,0,0,0,0
2026-03-28 09:22:00.296,147.534,-2,1153,1138,-4.37,0,0,0,0,0,0,0,0
2026-03-28 09:22:00.360,147.598,-2,1157,1138,-4.37,0,0,0,0,0,0,0,0
2026-03-28 09:22:00.489,147.727,-2,1156,1137,-4.35,0,0,0,0,0,0,0,0
2026-03-28 09:22:00.601,147.838,-2,1154,1137,-4.38,0,0,0,0,0,0,0,0
2026-03-28 09:22:00.713,147.951,-1,1151,1139,-4.36,0,0,0,0,0,0,0,0
2026-03-28 09:22:00.841,148.079,-1,1156,1138,-4.37,0,0,0,0,0,0,0,0
2026-03-28 09:22:00.953,148.191,-2,1156,1138,-4.34,0,0,0,0,0,0,0,0
2026-03-28 09:22:01.017,148.255,-2,1156,1137,-4.37,0,0,0,0,0,0,0,0
2026-03-28 09:22:01.113,148.351,-1,1153,1139,-4.39,0,0,0,0,0,0,0,0
2026-03-28 09:22:01.225,148.463,-2,1158,1137,-4.37,0,0,0,0,0,0,0,0
2026-03-28 09:22:01.241,148.479,-2,1156,1137,-4.37,0,0,0,0,0,0,0,0
2026-03-28 09:22:01.272,148.510,-2,1157,1137,-4.37,0,0,0,0,0,0,0,0
2026-03-28 09:22:01.384,148.622,-2,1153,1137,-4.37,0,0,0,0,0,0,0,0
2026-03-28 09:22:01.386,148.624,-1,1152,1139,-4.38,0,0,0,0,0,0,0,0
2026-03-28 09:22:01.388,148.625,-1,1151,1139,-4.38,0,0,0,0,0,0,0,0
2026-03-28 09:22:01.498,148.735,-1,1158,1138,-4.39,0,0,0,0,0,0,0,0
2026-03-28 09:22:01.499,148.737,-1,1156,1138,-4.39,0,0,0,0,0,0,0,0
2026-03-28 09:22:01.609,148.846,-2,1155,1139,-4.38,0,0,0,0,0,0,0,0
2026-03-28 09:22:01.721,148.959,-1,1157,1138,-4.37,0,0,0,0,0,0,0,0
2026-03-28 09:22:01.881,149.119,-1,1156,1137,-4.38,0,0,0,0,0,0,0,0
2026-03-28 09:22:01.961,149.199,-2,1153,1139,-4.36,0,0,0,0,0,0,0,0
2026-03-28 09:22:02.041,149.279,-2,1158,1138,-4.36,0,0,0,0,0,0,0,0
2026-03-28 09:22:02.044,149.282,-2,1156,1137,-4.35,0,0,0,0,0,0,0,0
2026-03-28 09:22:02.169,149.406,-2,1157,1137,-4.35,0,0,0,0,0,0,0,0
2026-03-28 09:22:02.184,149.422,-1,1156,1137,-4.38,0,0,0,0,0,0,0,0
2026-03-28 09:22:02.186,149.424,-2,1154,1137,-4.35,0,0,0,0,0,0,0,0
2026-03-28 09:22:02.313,149.551,-2,1153,1137,-4.35,0,0,0,0,0,0,0,0
2026-03-28 09:22:02.376,149.614,-1,1151,1139,-4.36,0,0,0,0,0,0,0,0
2026-03-28 09:22:02.521,149.759,-2,1156,1138,-4.35,0,0,0,0,0,0,0,0
2026-03-28 09:22:02.523,149.761,-2,1155,1139,-4.37,0,0,0,0,0,0,0,0
2026-03-28 09:22:02.616,149.854,-2,1156,1138,-4.36,0,0,0,0,0,0,0,0
2026-03-28 09:22:02.729,149.966,-2,1156,1137,-4.38,0,0,0,0,0,0,0,0
2026-03-28 09:22:02.840,150.078,-1,1153,1139,-4.38,0,0,0,0,0,0,0,0
2026-03-28 09:22:03.129,150.367,-2,1152,1139,-4.38,0,0,0,0,0,0,0,0
2026-03-28 09:22:03.256,150.494,-1,1151,1139,-4.37,0,0,0,0,0,0,0,0
2026-03-28 09:22:03.258,150.496,-1,1158,1138,-4.38,0,0,0,0,0,0,0,0
2026-03-28 09:22:03.259,150.497,-1,11,0,0,0,0,0,0,0,0,0,0
2026-03-28 09:22:03.384,150.622,-2,1158,1138,-4.36,0,0,0,0,0,0,0,0
2026-03-28 09:22:03.385,150.623,-1,1156,1138,-4.37,0,0,0,0,0,0,0,0
2026-03-28 09:22:03.481,150.719,-2,1158,1137,-4.35,0,0,0,0,0,0,0,0
2026-03-28 09:22:03.545,150.783,-1,1154,1139,-4.37,0,0,0,0,0,0,0,0
2026-03-28 09:22:03.560,150.798,-1,1153,1139,-4.35,0,0,0,0,0,0,0,0
2026-03-28 09:22:03.656,150.894,-1,1157,1138,-4.35,0,0,0,0,0,0,0,0
2026-03-28 09:22:03.785,151.022,-1,1157,1137,-4.38,0,0,0,0,0,0,0,0
2026-03-28 09:22:03.786,151.024,-1,1155,1137,-4.38,0,0,0,0,0,0,0,0
2026-03-28 09:22:03.897,151.135,-2,1154,1137,-4.37,0,0,0,0,0,0,0,0
2026-03-28 09:22:03.961,151.198,-2,1151,1139,-4.36,0,0,0,0,0,0,0,0
2026-03-28 09:22:04.121,151.358,-1,1156,1138,-4.36,0,0,0,0,0,0,0,0
2026-03-28 09:22:04.169,151.407,-1,1156,1138,-4.39,0,0,0,0,0,0,0,0
2026-03-28 09:22:04.328,151.566,-2,1156,1137,-4.36,0,0,0,0,0,0,0,0
2026-03-28 09:22:04.409,151.647,-2,1153,1139,-4.36,0,0,0,0,0,0,0,0
2026-03-28 09:22:04.552,151.790,-2,1158,1138,-4.36,0,0,0,0,0,0,0,0
2026-03-28 09:22:04.554,151.792,-2,1156,1137,-4.34,0,0,0,0,0,0,0,0
2026-03-28 09:22:04.648,151.886,-1,1157,1137,-4.34,0,0,0,0,0,0,0,0
2026-03-28 09:22:04.744,151.982,-2,1153,1137,-4.39,0,0,0,0,0,0,0,0
2026-03-28 09:22:04.905,152.143,-1,1151,1139,-4.36,0,0,0,0,0,0,0,0
2026-03-28 09:22:04.953,152.190,-2,1156,1138,-4.36,0,0,0,0,0,0,0,0
2026-03-28 09:22:05.032,152.270,-2,1156,1138,-4.38,0,0,0,0,0,0,0,0
2026-03-28 09:22:05.193,152.430,-1,1156,1137,-4.37,0,0,0,0,0,0,0,0
2026-03-28 09:22:05.272,152.510,-2,1153,1139,-4.37,0,0,0,0,0,0,0,0
2026-03-28 09:22:05.289,152.527,-1,1157,1138,-4.37,0,0,0,0,0,0,0,0
2026-03-28 09:22:05.369,152.606,-2,1156,1137,-4.38,0,0,0,0,0,0,0,0
2026-03-28 09:22:05.480,152.718,-2,1154,1137,-4.4,0,0,0,0,0,0,0,0
2026-03-28 09:22:05.528,152.766,-1,1151,1139,-4.36,0,0,0,0,0,0,0,0
2026-03-28 09:22:05.530,152.767,-2,1150,1139,-4.36,0,0,0,0,0,0,0,0
2026-03-28 09:22:05.608,152.846,-1,1158,1138,-4.37,0,0,0,0,0,0,0,0
2026-03-28 09:22:05.721,152.958,-1,1156,1138,-4.41,0,0,0,0,0,0,0,0
2026-03-28 09:22:05.833,153.070,-2,1158,1137,-4.39,0,0,0,0,0,0,0,0
2026-03-28 09:22:05.945,153.183,-2,1154,1139,-4.36,0,0,0,0,0,0,0,0
2026-03-28 09:22:05.960,153.198,-2,1153,1139,-4.36,0,0,0,0,0,0,0,0
2026-03-28 09:22:06.073,153.310,-1,1157,1138,-4.36,0,0,0,0,0,0,0,0
2026-03-28 09:22:06.200,153.438,-1,1156,1138,-4.32,0,0,0,0,0,0,0,0
2026-03-28 09:22:06.265,153.503,-1,1154,1137,-4.36,0,0,0,0,0,0,0,0
2026-03-28 09:22:06.377,153.614,-2,1152,1139,-4.37,0,0,0,0,0,0,0,0
2026-03-28 09:22:06.521,153.758,-1,1151,1139,-4.37,0,0,0,0,0,0,0,0
2026-03-28 09:22:06.600,153.838,-2,1155,1139,-4.35,0,0,0,0,0,0,0,0
2026-03-28 09:22:06.713,153.951,-1,1157,1137,-4.38,0,0,0,0,0,0,0,0
2026-03-28 09:22:06.888,154.126,-2,1156,1137,-4.37,0,0,0,0,0,0,0,0
2026-03-28 09:22:06.937,154.175,-2,1153,1139,-4.36,0,0,0,0,0,0,0,0
2026-03-28 09:22:07.049,154.287,-2,1156,1137,-4.33,0,0,0,0,0,0,0,0
2026-03-28 09:22:07.225,154.463,-1,1153,1137,-4.37,0,0,0,0,0,0,0,0
2026-03-28 09:22:07.289,154.527,-1,1151,1139,-4.35,0,0,0,0,0,0,0,0
2026-03-28 09:22:07.449,154.687,-2,1156,1138,-4.37,0,0,0,0,0,0,0,0
2026-03-28 09:22:07.576,154.814,-2,1157,1138,-4.36,0,0,0,0,0,0,0,0
2026-03-28 09:22:07.672,154.910,-2,1156,1137,-4.38,0,0,0,0,0,0,0,0
2026-03-28 09:22:07.784,155.022,-1,1153,1139,-4.39,0,0,0,0,0,0,0,0
2026-03-28 09:22:07.928,155.166,-2,1156,1137,-4.37,0,0,0,0,0,0,0,0
2026-03-28 09:22:07.976,155.214,-2,1154,1137,-4.37,0,0,0,0,0,0,0,0
2026-03-28 09:22:08.057,155.294,-1,1152,1139,-4.34,0,0,0,0,0,0,0,0
2026-03-28 09:22:08.168,155.406,-2,1156,1138,-4.4,0,0,0,0,0,0,0,0
2026-03-28 09:22:08.280,155.518,-1,1156,1138,-4.38,0,0,0,0,0,0,0,0
2026-03-28 09:22:08.488,155.726,-2,1158,1137,-4.37,0,0,0,0,0,0,0,0
2026-03-28 09:22:08.521,155.759,-1,1153,1139,-4.39,0,0,0,0,0,0,0,0
2026-03-28 09:22:08.537,155.774,-1,1158,1137,-4.39,0,0,0,0,0,0,0,0
2026-03-28 09:22:08.600,155.838,-1,1156,1138,-4.37,0,0,0,0,0,0,0,0
2026-03-28 09:22:08.713,155.950,-1,1154,1137,-4.36,0,0,0,0,0,0,0,0
2026-03-28 09:22:08.714,155.952,-2,1153,1137,-4.36,0,0,0,0,0,0,0,0
2026-03-28 09:22:08.856,156.094,-2,1152,1139,-4.34,0,0,0,0,0,0,0,0
2026-03-28 09:22:08.904,156.142,-2,1151,1139,-4.33,0,0,0,0,0,0,0,0
2026-03-28 09:22:09.096,156.334,-1,1158,1137,-4.36,0,0,0,0,0,0,0,0
2026-03-28 09:22:09.192,156.430,-1,1155,1139,-4.36,0,0,0,0,0,0,0,0
2026-03-28 09:22:09.289,156.527,-1,1157,1138,-4.36,0,0,0,0,0,0,0,0
2026-03-28 09:22:09.400,156.638,-1,1156,1138,-4.37,0,0,0,0,0,0,0,0
2026-03-28 09:22:09.496,156.734,-2,1154,1137,-4.38,0,0,0,0,0,0,0,0
2026-03-28 09:22:09.544,156.782,-1,1152,1140,-4.36,0,0,0,0,0,0,0,0
2026-03-28 09:22:09.624,156.862,-1,1158,1138,-4.39,0,0,0,0,0,0,0,0
2026-03-28 09:22:09.737,156.975,-1,1158,1138,-4.36,0,0,0,0,0,0,0,0
2026-03-28 09:22:09.740,156.978,-2,1156,1138,-4.38,0,0,0,0,0,0,0,0
2026-03-28 09:22:09.816,157.054,-1,1157,1138,-4.38,0,0,0,0,0,0,0,0
2026-03-28 09:22:09.928,157.166,-1,1156,1137,-4.37,0,0,0,0,0,0,0,0
2026-03-28 09:22:10.040,157.278,-2,1153,1139,-4.37,0,0,0,0,0,0,0,0
2026-03-28 09:22:10.136,157.374,-1,1158,1138,-4.39,0,0,0,0,0,0,0,0
2026-03-28 09:22:10.152,157.390,-2,1156,1138,-4.37,0,0,0,0,0,0,0,0
2026-03-28 09:22:10.248,157.485,-1,1157,1137,-4.37,0,0,0,0,0,0,0,0
2026-03-28 09:22:10.312,157.550,-1,1153,1137,-4.39,0,0,0,0,0,0,0,0
2026-03-28 09:22:10.504,157.742,-2,1151,1139,-4.37,0,0,0,0,0,0,0,0
2026-03-28 09:22:10.506,157.743,-2,1151,1139,-4.38,0,0,0,0,0,0,0,0
2026-03-28 09:22:10.536,157.774,-1,1158,1138,-4.37,0,0,0,0,0,0,0,0
2026-03-28 09:22:10.539,157.777,-2,1158,1138,-4.36,0,0,0,0,0,0,0,0
2026-03-28 09:22:10.681,157.919,-2,1156,1138,-4.38,0,0,0,0,0,0,0,0
2026-03-28 09:22:10.824,158.062,-1,1158,1137,-4.37,0,0,0,0,0,0,0,0
2026-03-28 09:22:10.920,158.158,-2,1154,1139,-4.36,0,0,0,0,0,0,0,0
2026-03-28 09:22:10.922,158.160,-2,1153,1139,-4.37,0,0,0,0,0,0,0,0
2026-03-28 09:22:11.000,158.238,-2,1157,1138,-4.37,0,0,0,0,0,0,0,0
2026-03-28 09:22:11.032,158.270,-1,1156,1137,-4.35,0,0,0,0,0,0,0,0
2026-03-28 09:22:11.160,158.398,-1,1154,1137,-4.36,0,0,0,0,0,0,0,0
2026-03-28 09:22:11.337,158.575,-2,1152,1140,-4.38,0,0,0,0,0,0,0,0
2026-03-28 09:22:11.448,158.686,-2,1158,1138,-4.36,0,0,0,0,0,0,0,0
2026-03-28 09:22:11.544,158.782,-2,1158,1138,-4.37,0,0,0,0,0,0,0,0
2026-03-28 09:22:11.641,158.879,-1,1158,1137,-4.38,0,0,0,0,0,0,0,0
2026-03-28 09:22:11.769,159.006,-1,1153,1139,-4.37,0,0,0,0,0,0,0,0
2026-03-28 09:22:11.832,159.070,-1,1158,1137,-4.35,0,0,0,0,0,0,0,0
2026-03-28 09:22:11.849,159.086,-2,1156,1138,-4.35,0,0,0,0,0,0,0,0
2026-03-28 09:22:11.912,159.150,-2,1157,1137,-4.35,0,0,0,0,0,0,0,0
2026-03-28 09:22:11.929,159.166,-2,1156,1137,-4.37,0,0,0,0,0,0,0,0
2026-03-28 09:22:11.930,159.168,-2,1154,1137,-4.37,0,0,0,0,0,0,0,0
2026-03-28 09:22:12.072,159.310,-2,1153,1137,-4.37,0,0,0,0,0,0,0,0
2026-03-28 09:22:12.074,159.312,-1,1152,1139,-4.38,0,0,0,0,0,0,0,0
2026-03-28 09:22:12.152,159.390,-2,1152,1140,-4.36,0,0,0,0,0,0,0,0
2026-03-28 09:22:12.265,159.502,-2,1156,1138,-4.35,0,0,0,0,0,0,0,0
2026-03-28 09:22:12.360,159.598,-2,1157,1138,-4.4,0,0,0,0,0,0,0,0
2026-03-28 09:22:12.537,159.774,-2,1157,1137,-4.36,0,0,0,0,0,0,0,0
2026-03-28 09:22:12.665,159.902,-2,1153,1139,-4.34,0,0,0,0,0,0,0,0
2026-03-28 09:22:12.712,159.950,-2,1156,1138,-4.36,0,0,0,0,0,0,0,0
2026-03-28 09:22:12.824,160.062,-1,1154,1137,-4.37,0,0,0,0,0,0,0,0
2026-03-28 09:22:12.905,160.142,-2,1152,1139,-4.35,0,0,0,0,0,0,0,0
2026-03-28 09:22:13.001,160.239,-1,1158,1138,-4.35,0,0,0,0,0,0,0,0
2026-03-28 09:22:13.112,160.350,-2,1158,1138,-4.37,0,0,0,0,0,0,0,0
2026-03-28 09:22:13.224,160.461,-2,1157,1137,-4.36,0,0,0,0,0,0,0,0
2026-03-28 09:22:13.320,160.558,-2,1154,1139,-4.36,0,0,0,0,0,0,0,0
2026-03-28 09:22:13.336,160.574,-2,1153,1139,-4.37,0,0,0,0,0,0,0,0
2026-03-28 09:22:13.464,160.701,-1,1157,1138,-4.37,0,0,0,0,0,0,0,0
2026-03-28 09:22:13.544,160.782,-2,1156,1137,-4.39,0,0,0,0,0,0,0,0
2026-03-28 09:22:13.672,160.910,-2,1153,1137,-4.38,0,0,0,0,0,0,0,0
2026-03-28 09:22:13.768,161.006,-2,1151,1139,-4.37,0,0,0,0,0,0,0,0
2026-03-28 09:22:13.864,161.102,-2,1156,1138,-4.37,0,0,0,0,0,0,0,0
2026-03-28 09:22:13.866,161.104,-2,1155,1139,-4.38,0,0,0,0,0,0,0,0
2026-03-28 09:22:13.976,161.213,-2,1158,1138,-4.39,0,0,0,0,0,0,0,0
2026-03-28 09:22:14.090,161.328,-2,1158,1137,-4.35,0,0,0,0,0,0,0,0
2026-03-28 09:22:14.168,161.406,-1,1154,1139,-4.38,0,0,0,0,0,0,0,0
2026-03-28 09:22:14.170,161.408,-1,1153,1139,-4.36,0,0,0,0,0,0,0,0
2026-03-28 09:22:14.280,161.518,-2,1157,1138,-4.36,0,0,0,0,0,0,0,0
2026-03-28 09:22:14.359,161.597,-2,1156,1138,-4.38,0,0,0,0,0,0,0,0
2026-03-28 09:22:14.376,161.614,-1,1157,1137,-4.38,0,0,0,0,0,0,0,0
2026-03-28 09:22:14.456,161.694,-1,1153,1137,-4.36,0,0,0,0,0,0,0,0
2026-03-28 09:22:14.569,161.807,-1,1151,1139,-4.36,0,0,0,0,0,0,0,0
2026-03-28 09:22:14.744,161.981,-1,1158,1138,-4.36,0,0,0,0,0,0,0,0
2026-03-28 09:22:14.745,161.983,-1,1156,1138,-4.34,0,0,0,0,0,0,0,0
2026-03-28 09:22:14.904,162.141,-1,1157,1138,-4.34,0,0,0,0,0,0,0,0
2026-03-28 09:22:15.016,162.254,-1,1156,1139,-4.37,0,0,0,0,0,0,0,0
2026-03-28 09:22:15.032,162.270,-2,1157,1138,-4.37,0,0,0,0,0,0,0,0
2026-03-28 09:22:15.112,162.349,-2,1155,1138,-4.37,0,0,0,0,0,0,0,0
2026-03-28 09:22:15.241,162.479,-2,1157,1137,-4.39,0,0,0,0,0,0,0,0
2026-03-28 09:22:15.336,162.574,-2,1153,1137,-4.37,0,0,0,0,0,0,0,0
2026-03-28 09:22:15.400,162.638,-2,1151,1139,-4.36,0,0,0,0,0,0,0,0
2026-03-28 09:22:15.496,162.734,-1,1155,1139,-4.36,0,0,0,0,0,0,0,0
2026-03-28 09:22:15.624,162.862,-1,1157,1137,-4.37,0,0,0,0,0,0,0,0
2026-03-28 09:22:15.784,163.022,-2,1156,1137,-4.37,0,0,0,0,0,0,0,0
2026-03-28 09:22:15.880,163.118,-2,1157,1138,-4.37,0,0,0,0,0,0,0,0
2026-03-28 09:22:15.945,163.182,-2,1156,1137,-4.35,0,0,0,0,0,0,0,0
2026-03-28 09:22:16.040,163.278,-1,1154,1137,-4.35,0,0,0,0,0,0,0,0
2026-03-28 09:22:16.152,163.390,-1,1152,1140,-4.35,0,0,0,0,0,0,0,0
2026-03-28 09:22:16.184,163.422,-1,1158,1138,-4.36,0,0,0,0,0,0,0,0
2026-03-28 09:22:16.281,163.518,-2,1158,1138,-4.37,0,0,0,0,0,0,0,0
2026-03-28 09:22:16.282,163.520,-1,1156,1138,-4.37,0,0,0,0,0,0,0,0
2026-03-28 09:22:16.375,163.613,-1,1157,1138,-4.37,0,0,0,0,0,0,0,0
2026-03-28 09:22:16.473,163.711,-2,1157,1137,-4.36,0,0,0,0,0,0,0,0
2026-03-28 09:22:16.585,163.823,-2,1153,1139,-4.34,0,0,0,0,0,0,0,0
2026-03-28 09:22:16.649,163.886,-1,1158,1137,-4.37,0,0,0,0,0,0,0,0
2026-03-28 09:22:16.664,163.902,-2,1156,1137,-4.36,0,0,0,0,0,0,0,0
2026-03-28 09:22:16.791,164.029,-2,1157,1137,-4.36,0,0,0,0,0,0,0,0
2026-03-28 09:22:16.904,164.142,-2,1153,1137,-4.35,0,0,0,0,0,0,0,0
2026-03-28 09:22:17.016,164.254,-2,1151,1139,-4.36,0,0,0,0,0,0,0,0
2026-03-28 09:22:17.128,164.366,-2,1156,1138,-4.39,0,0,0,0,0,0,0,0
2026-03-28 09:22:17.304,164.542,-2,1156,1138,-4.37,0,0,0,0,0,0,0,0
2026-03-28 09:22:17.416,164.654,-2,1158,1137,-4.37,0,0,0,0,0,0,0,0
