timestamp,elapsed_s,bottle_psi,tank_psi,chamber_psi,loadcell_kg,gse_fill,gse_relief,gse_dump,rkt_ox,rkt_fuel,rkt_relief,rkt_dump,rkt_ign
2026-03-27 21:48:43.992,0.273,1142,-2,15,0,0,0,0,0,0,0,0,0
2026-03-27 21:48:44.009,0.290,1142,-5,15,0,0,0,0,0,0,0,0,0
2026-03-27 21:48:44.104,0.385,1142,-5,15,0,0,0,0,0,0,0,0,0
2026-03-27 21:48:44.105,0.386,1142,-4,15,0,0,0,0,0,0,0,0,0
2026-03-27 21:48:44.120,0.401,1142,-5,14,0,0,0,0,0,0,0,0,0
2026-03-27 21:48:44.123,0.404,1142,-5,15,0,0,0,0,0,0,0,0,0
2026-03-27 21:48:44.248,0.528,1143,-1,15,0,0,0,0,0,0,0,0,0
2026-03-27 21:48:44.249,0.530,1143,-2,16,0,0,0,0,0,0,0,0,0
2026-03-27 21:48:44.251,0.531,1142,-5,15,0,0,0,0,0,0,0,0,0
2026-03-27 21:48:44.344,0.625,1142,-5,15,0,0,0,0,0,0,0,0,0
2026-03-27 21:48:44.616,0.897,1142,-5,14,0,0,0,0,0,0,0,0,0
2026-03-27 21:48:44.775,1.056,1143,-4,15,0,0,0,0,0,0,0,0,0
2026-03-27 21:48:44.792,1.073,1144,-4,15,0,0,0,0,0,0,0,0,0
2026-03-27 21:48:44.872,1.153,1142,-5,15,0,0,0,0,0,0,0,0,0
2026-03-27 21:48:44.873,1.154,1142,-3,15,0,0,0,0,0,0,0,0,0
2026-03-27 21:48:44.984,1.265,1142,-5,15,0,0,0,0,0,0,0,0,0
2026-03-27 21:48:44.985,1.266,1143,-5,16,0,0,0,0,0,0,0,0,0
2026-03-27 21:48:44.987,1.268,1142,-5,14,0,0,0,0,0,0,0,0,0
2026-03-27 21:48:45.112,1.393,1142,-5,15,0,0,0,0,0,0,0,0,0
2026-03-27 21:48:45.191,1.472,1144,-2,15,0,0,0,0,0,0,0,0,0
2026-03-27 21:48:45.352,1.633,1144,-4,15,0,0,0,0,0,0,0,0,0
2026-03-27 21:48:45.368,1.649,1143,-5,15,0,0,0,0,0,0,0,0,0
2026-03-27 21:48:45.384,1.665,1143,-4,14,0,0,0,0,0,0,0,0,0
2026-03-27 21:48:45.688,1.969,1141,-5,15,0,0,0,0,0,0,0,0,0
2026-03-27 21:48:45.833,2.114,1142,-5,15,0,0,0,0,0,0,0,0,0
2026-03-27 21:48:45.896,2.177,1144,-5,15,0,0,0,0,0,0,0,0,0
2026-03-27 21:48:46.040,2.321,1144,-4,15,0,0,0,0,0,0,0,0,0
2026-03-27 21:48:46.042,2.323,1143,-5,15,0,0,0,0,0,0,0,0,0
2026-03-27 21:48:46.072,2.353,1143,-5,15,0,0,0,0,0,0,0,0,0
2026-03-27 21:48:46.183,2.464,1142,-5,15,0,0,0,0,0,0,0,0,0
2026-03-27 21:48:46.185,2.466,1142,-5,15,0,0,0,0,0,0,0,0,0
2026-03-27 21:48:46.312,2.593,1143,-2,15,0,0,0,0,0,0,0,0,0
2026-03-27 21:48:46.440,2.721,1143,-5,15,0,0,0,0,0,0,0,0,0
2026-03-27 21:48:46.488,2.769,1142,-5,14,0,0,0,0,0,0,0,0,0
2026-03-27 21:48:46.503,2.784,1144,-1,15,0,0,0,0,0,0,0,0,0
2026-03-27 21:48:46.599,2.880,1142,-5,15,0,0,0,0,0,0,0,0,0
2026-03-27 21:48:46.616,2.897,1142,-5,15,0,0,0,0,0,0,0,0,0
2026-03-27 21:48:46.712,2.992,1142,-2,15,0,0,0,0,0,0,0,0,0
2026-03-27 21:48:46.792,3.073,1143,-1,15,0,0,0,0,0,0,0,0,0
2026-03-27 21:48:46.904,3.185,1142,-3,15,0,0,0,0,0,0,0,0,0
2026-03-27 21:48:47.000,3.280,1143,-4,14,0,0,0,0,0,0,0,0,0
2026-03-27 21:48:47.016,3.297,1144,-4,15,0,0,0,0,0,0,0,0,0
2026-03-27 21:48:47.017,3.298,1143,-4,15,0,0,0,0,0,0,0,0,0
2026-03-27 21:48:47.128,3.409,1143,-4,15,0,0,0,0,0,0,0,0,0
2026-03-27 21:48:47.208,3.489,1142,-2,15,0,0,0,0,0,0,0,0,0
2026-03-27 21:48:47.401,3.682,1144,-4,13,0,0,0,0,0,0,0,0,0
2026-03-27 21:48:47.432,3.713,1143,-5,12,0,0,0,0,0,0,0,0,0
2026-03-27 21:48:47.433,3.714,1142,-5,12,0,0,0,0,0,0,0,0,0
2026-03-27 21:48:47.436,3.717,1143,-4,15,0,0,0,0,0,0,0,0,0
2026-03-27 21:48:47.592,3.873,1144,-4,15,0,0,0,0,0,0,0,0,0
2026-03-27 21:48:47.656,3.937,1142,-5,14,0,0,0,0,0,0,0,0,0
2026-03-27 21:48:47.720,4.001,1144,-2,15,0,0,0,0,0,0,0,0,0
2026-03-27 21:48:47.848,4.129,1144,-5,15,0,0,0,0,0,0,0,0,0
2026-03-27 21:48:47.944,4.225,1144,-2,15,0,0,0,0,0,0,0,0,0
2026-03-27 21:48:47.961,4.242,1142,-5,15,0,0,0,0,0,0,0,0,0
2026-03-27 21:48:48.280,4.561,1142,-2,14,0,0,0,0,0,0,0,0,0
2026-03-27 21:48:48.520,4.801,1143,-5,15,0,0,0,0,0,0,0,0,0
2026-03-27 21:48:48.522,4.802,1143,-4,15,0,0,0,0,0,0,0,0,0
2026-03-27 21:48:48.536,4.817,1144,-4,15,0,0,0,0,0,0,0,0,0
2026-03-27 21:48:48.552,4.833,1144,-2,15,0,0,0,0,0,0,0,0,0
2026-03-27 21:48:48.664,4.945,1143,-2,15,0,0,0,0,0,0,0,0,0
2026-03-27 21:48:48.681,4.962,1142,-5,15,0,0,0,0,0,0,0,0,0
2026-03-27 21:48:48.808,5.089,1142,-5,15,0,0,0,0,0,0,0,0,0
2026-03-27 21:48:48.920,5.201,1143,-2,15,0,0,0,0,0,0,0,0,0
2026-03-27 21:48:48.921,5.202,1143,-2,15,0,0,0,0,0,0,0,0,0
2026-03-27 21:48:49.016,5.297,1142,-2,15,0,0,0,0,0,0,0,0,0
2026-03-27 21:48:49.019,5.300,1142,-2,15,0,0,0,0,0,0,0,0,0
2026-03-27 21:48:49.080,5.361,1143,-5,15,0,0,0,0,0,0,0,0,0
2026-03-27 21:48:49.082,5.363,1142,-5,15,0,0,0,0,0,0,0,0,0
2026-03-27 21:48:49.095,5.376,1143,-5,14,0,0,0,0,0,0,0,0,0
2026-03-27 21:48:49.160,5.441,1143,-5,15,0,0,0,0,0,0,0,0,0
2026-03-27 21:48:49.162,5.443,1142,-2,15,0,0,0,0,0,0,0,0,0
2026-03-27 21:48:49.288,5.569,1142,-5,15,0,0,0,0,0,0,0,0,0
2026-03-27 21:48:49.416,5.697,1143,-2,15,0,0,0,0,0,0,0,0,0
2026-03-27 21:48:49.544,5.825,1143,-5,15,0,0,0,0,0,0,0,0,0
2026-03-27 21:48:49.576,5.857,1143,-4,15,0,0,0,0,0,0,0,0,0
2026-03-27 21:48:49.752,6.033,1144,-4,15,0,0,0,0,0,0,0,0,0
2026-03-27 21:48:49.847,6.128,1142,-2,15,0,0,0,0,0,0,0,0,0
2026-03-27 21:48:50.008,6.289,1144,-4,15,0,0,0,0,0,0,0,0,0
2026-03-27 21:48:50.136,6.417,1142,-5,15,0,0,0,0,0,0,0,0,0
2026-03-27 21:48:50.231,6.512,1142,-5,14,0,0,0,0,0,0,0,0,1
2026-03-27 21:48:50.296,6.576,1143,-2,15,0,0,0,0,0,0,0,0,1
2026-03-27 21:48:50.440,6.721,1143,-4,15,0,0,0,0,0,0,0,0,1
2026-03-27 21:48:50.504,6.785,1143,-5,15,0,0,0,0,0,0,0,0,1
2026-03-27 21:48:50.600,6.881,1141,-5,15,0,0,0,0,0,0,0,0,1
2026-03-27 21:48:50.711,6.992,1143,-4,15,0,0,0,0,0,0,0,0,1
2026-03-27 21:48:50.792,7.073,1142,-4,15,0,0,0,0,0,0,0,0,1
2026-03-27 21:48:50.968,7.249,1143,-2,15,0,0,0,0,0,0,0,0,1
2026-03-27 21:48:51.015,7.296,1144,-2,15,0,0,0,0,0,0,0,0,1
2026-03-27 21:48:51.031,7.312,1144,-2,15,0,0,0,0,0,0,0,0,1
2026-03-27 21:48:51.033,7.314,1143,-4,15,0,0,0,0,0,0,0,0,1
2026-03-27 21:48:51.192,7.473,1144,-4,15,0,0,0,0,0,0,0,0,1
2026-03-27 21:48:51.240,7.521,1143,-4,14,0,0,0,0,0,0,0,0,1
2026-03-27 21:48:51.336,7.617,1142,-5,15,0,0,0,0,0,0,0,0,1
2026-03-27 21:48:51.464,7.745,1143,-4,15,0,0,0,0,0,0,0,0,1
2026-03-27 21:48:51.528,7.809,1142,-5,15,0,0,0,0,0,0,0,0,1
2026-03-27 21:48:51.639,7.920,1142,-2,14,0,0,0,0,0,0,0,0,1
2026-03-27 21:48:51.752,8.032,1142,-2,15,0,0,0,0,0,0,0,0,1
2026-03-27 21:48:51.895,8.176,1142,-5,15,0,0,0,0,0,0,0,0,1
2026-03-27 21:48:51.897,8.177,1142,-5,15,0,0,0,0,0,0,0,0,1
2026-03-27 21:48:52.008,8.289,1143,-4,15,0,0,0,0,0,0,0,0,1
2026-03-27 21:48:52.104,8.385,1143,-5,15,0,0,0,0,0,0,0,0,1
2026-03-27 21:48:52.200,8.481,1143,-5,15,0,0,0,0,0,0,0,0,1
2026-03-27 21:48:52.202,8.483,1143,-5,15,0,0,0,0,0,0,0,0,1
2026-03-27 21:48:52.344,8.625,1143,-5,15,0,0,0,0,0,0,0,0,1
2026-03-27 21:48:52.456,8.737,1143,-5,15,0,0,0,0,0,0,0,0,1
2026-03-27 21:48:52.459,8.740,1142,-5,15,0,0,0,0,0,0,0,0,1
2026-03-27 21:48:52.584,8.865,1142,-4,14,0,0,0,0,0,0,0,0,1
2026-03-27 21:48:52.586,8.867,1143,-5,15,0,0,0,0,0,0,0,0,1
2026-03-27 21:48:52.632,8.913,1143,-4,15,0,0,0,0,0,0,0,0,1
2026-03-27 21:48:52.635,8.916,1143,-5,15,0,0,0,0,0,0,0,0,1
2026-03-27 21:48:52.839,9.120,1142,-5,14,0,0,0,0,0,0,0,0,1
2026-03-27 21:48:52.840,9.121,1143,-4,15,0,0,0,0,0,0,0,0,1
2026-03-27 21:48:52.871,9.152,1143,-4,15,0,0,0,0,0,0,0,0,1
2026-03-27 21:48:52.872,9.153,1144,-4,15,0,0,0,0,0,0,0,0,1
2026-03-27 21:48:52.874,9.155,1144,-4,15,0,0,0,0,0,0,0,0,1
2026-03-27 21:48:53.032,9.313,1144,-1,15,0,0,0,0,0,0,0,0,1
2026-03-27 21:48:53.144,9.425,1144,-4,15,0,0,0,0,0,0,0,0,1
2026-03-27 21:48:53.224,9.504,1142,-5,15,0,0,0,0,0,0,0,0,1
2026-03-27 21:48:53.240,9.521,1143,-4,15,0,0,0,0,0,0,0,0,1
2026-03-27 21:48:53.367,9.648,1144,-4,15,0,0,0,0,0,0,0,0,1
2026-03-27 21:48:53.448,9.729,1142,-5,15,0,0,0,0,0,0,0,0,1
2026-03-27 21:48:53.560,9.841,1142,-4,15,0,0,0,0,0,0,0,0,1
2026-03-27 21:48:53.575,9.856,1144,-4,15,0,0,0,0,0,0,0,0,1
2026-03-27 21:48:53.672,9.952,1144,-4,15,0,0,0,0,0,0,0,0,1
2026-03-27 21:48:53.719,10.000,1144,-4,15,0,0,0,0,0,0,0,0,1
2026-03-27 21:48:53.721,10.001,1144,-4,15,0,0,0,0,0,0,0,0,1
2026-03-27 21:48:53.735,10.016,1143,-4,0,0,0,0,0,0,0,0,0,0
2026-03-27 21:48:53.737,10.018,1142,-5,15,0,0,0,0,0,0,0,0,1
2026-03-27 21:48:53.880,10.160,1142,-2,15,0,0,0,0,0,0,0,0,1
2026-03-27 21:48:54.007,10.288,1142,-5,15,0,0,0,0,0,0,0,0,1
2026-03-27 21:48:54.103,10.384,1142,-2,15,0,0,0,0,0,0,0,0,1
2026-03-27 21:48:54.199,10.480,1142,-5,15,0,0,0,0,0,0,0,0,1
2026-03-27 21:48:54.311,10.592,1142,-5,15,0,0,0,0,0,0,0,0,1
2026-03-27 21:48:54.376,10.657,1142,-5,15,0,0,0,0,0,0,0,0,1
2026-03-27 21:48:54.377,10.658,1142,-5,14,0,0,0,0,0,0,0,0,1
2026-03-27 21:48:54.536,10.817,1142,-5,14,0,0,0,0,0,0,0,0,1
2026-03-27 21:48:54.600,10.881,1144,-4,16,0,0,0,0,0,0,0,0,1
2026-03-27 21:48:54.696,10.977,1142,-2,15,0,0,0,0,0,0,0,0,1
2026-03-27 21:48:54.698,10.979,1143,-5,15,0,0,0,0,0,0,0,0,1
2026-03-27 21:48:54.792,11.073,1143,-5,15,0,0,0,0,0,0,0,0,1
2026-03-27 21:48:54.903,11.184,1143,-4,15,0,0,0,0,0,0,0,0,1
2026-03-27 21:48:54.919,11.200,1144,-5,15,0,0,0,0,0,0,0,0,1
2026-03-27 21:48:55.016,11.297,1143,-4,15,0,0,0,0,0,0,0,0,1
2026-03-27 21:48:55.019,11.300,1144,-1,15,0,0,0,0,0,0,0,0,1
2026-03-27 21:48:55.111,11.392,1144,-1,16,0,0,0,0,0,0,0,0,1
2026-03-27 21:48:55.303,11.584,1142,-5,15,0,0,0,0,0,0,0,0,1
2026-03-27 21:48:55.306,11.587,1143,-4,15,0,0,0,0,0,0,0,0,1
2026-03-27 21:48:55.384,11.665,1143,-4,15,0,0,0,0,0,0,0,0,1
2026-03-27 21:48:55.432,11.713,1142,-5,15,0,0,0,0,0,0,0,0,1
2026-03-27 21:48:55.592,11.873,1143,-4,15,0,0,0,0,0,0,0,0,1
2026-03-27 21:48:55.623,11.904,1144,-4,15,0,0,0,0,0,0,0,0,1
2026-03-27 21:48:55.641,11.922,1143,-5,15,0,0,0,0,0,0,0,0,1
2026-03-27 21:48:55.784,12.065,1143,-4,15,0,0,0,0,0,0,0,0,1
2026-03-27 21:48:55.831,12.112,1142,-5,15,0,0,0,0,0,0,0,0,1
2026-03-27 21:48:55.975,12.256,1143,-4,15,0,0,0,0,0,0,0,0,1
2026-03-27 21:48:56.103,12.384,1143,-2,15,0,0,0,0,0,0,0,0,1
2026-03-27 21:48:56.136,12.417,1143,-4,15,0,0,0,0,0,0,0,0,1
2026-03-27 21:48:56.247,12.528,1144,-4,15,0,0,0,0,0,0,0,0,1
2026-03-27 21:48:56.359,12.640,1143,-4,15,0,0,0,0,0,0,0,0,1
2026-03-27 21:48:56.567,12.848,1143,-5,15,0,0,0,0,0,0,0,0,1
2026-03-27 21:48:56.632,12.913,1143,-4,15,0,0,0,0,0,0,0,0,1
2026-03-27 21:48:56.728,13.009,1143,-5,15,0,0,0,0,0,0,0,0,1
2026-03-27 21:48:56.823,13.104,1142,-2,15,0,0,0,0,0,0,0,0,1
2026-03-27 21:48:57.000,13.281,1142,-2,15,0,0,0,0,0,0,0,0,1
2026-03-27 21:48:57.002,13.283,1142,-4,15,0,0,0,0,0,0,0,0,1
2026-03-27 21:48:57.064,13.345,1142,-5,15,0,0,0,0,0,0,0,0,1
2026-03-27 21:48:57.160,13.441,1142,-4,14,0,0,0,0,0,0,0,0,1
2026-03-27 21:48:57.303,13.584,1144,-4,16,0,0,0,0,0,0,0,0,1
2026-03-27 21:48:57.336,13.617,1142,-2,15,0,0,0,0,0,0,0,0,1
2026-03-27 21:48:57.431,13.712,1143,-5,15,0,0,0,0,0,0,0,0,1
2026-03-27 21:48:57.433,13.714,1144,-5,15,0,0,0,0,0,0,0,0,1
2026-03-27 21:48:57.559,13.840,1144,-2,15,0,0,0,0,0,0,0,0,1
2026-03-27 21:48:57.656,13.937,1143,-5,15,0,0,0,0,0,0,0,0,1
2026-03-27 21:48:57.671,13.952,1143,-4,15,0,0,0,0,0,0,0,0,1
2026-03-27 21:48:57.703,13.984,1145,-1,15,0,0,0,0,0,0,0,0,1
2026-03-27 21:48:57.719,14.000,1145,-1,15,0,0,0,0,0,0,0,0,1
2026-03-27 21:48:57.815,14.096,1143,-2,14,0,0,0,0,0,0,0,0,1
2026-03-27 21:48:57.817,14.098,1143,-2,15,0,0,0,0,0,0,0,0,1
2026-03-27 21:48:57.817,14.098,11,0,0,0,0,0,0,0,0,0,0,0
2026-03-27 21:48:57.831,14.112,1144,-2,15,0,0,0,0,0,0,0,0,1
2026-03-27 21:48:57.944,14.225,1144,-2,15,0,0,0,0,0,0,0,0,1
2026-03-27 21:48:58.055,14.336,1143,-2,15,0,0,0,0,0,0,0,0,1
2026-03-27 21:48:58.057,14.338,1142,-2,15,0,0,0,0,0,0,0,0,1
2026-03-27 21:48:58.232,14.513,1144,-5,15,0,0,0,0,0,0,0,0,1
2026-03-27 21:48:58.376,14.657,1144,-2,15,0,0,0,0,0,0,0,0,1
2026-03-27 21:48:58.440,14.721,1142,-5,15,0,0,0,0,0,0,0,0,1
2026-03-27 21:48:58.679,14.960,1143,-5,15,0,0,0,0,0,0,0,0,1
2026-03-27 21:48:58.743,15.024,1142,-2,15,0,0,0,0,0,0,0,0,1
2026-03-27 21:48:58.871,15.152,1144,-2,15,0,0,0,0,1,0,0,0,1
2026-03-27 21:48:58.984,15.265,1143,-1,15,0,0,0,0,1,0,0,0,1
2026-03-27 21:48:59.079,15.360,1143,-5,15,0,0,0,0,1,0,0,0,1
2026-03-27 21:48:59.095,15.376,1142,-5,15,0,0,0,0,1,0,0,0,1
2026-03-27 21:48:59.175,15.456,1143,-2,15,0,0,0,0,1,0,0,0,1
2026-03-27 21:48:59.351,15.632,1144,-5,12,0,0,0,0,1,0,0,0,1
2026-03-27 21:48:59.353,15.633,1144,-5,13,0,0,0,0,1,0,0,0,1
2026-03-27 21:48:59.463,15.744,1144,-5,15,0,0,0,0,1,0,0,0,1
2026-03-27 21:48:59.464,15.745,1144,-5,16,0,0,0,0,1,0,0,0,1
2026-03-27 21:48:59.575,15.856,1143,-4,15,0,0,0,0,1,0,0,0,1
2026-03-27 21:48:59.577,15.858,1142,-4,15,0,0,0,0,1,0,0,0,1
2026-03-27 21:48:59.624,15.905,1142,-5,15,0,0,0,0,1,0,0,0,1
2026-03-27 21:48:59.719,16.000,-40,-40,-40,0,0,0,0,1,0,0,0,1
2026-03-27 21:48:59.847,16.128,-40,-40,-40,0,0,0,0,1,0,0,0,1
2026-03-27 21:48:59.848,16.129,-40,-40,1215,0,0,0,0,1,0,0,0,1
2026-03-27 21:48:59.975,16.256,-40,-40,1236,0,0,0,0,1,0,0,0,1
2026-03-27 21:48:59.978,16.259,-40,-40,-40,0,0,0,0,1,0,0,0,1
2026-03-27 21:49:00.039,16.320,-40,-40,-40,0,0,0,0,1,0,0,0,1
2026-03-27 21:49:00.183,16.464,-40,-40,-40,0,0,0,0,1,0,0,0,1
2026-03-27 21:49:00.327,16.608,3660,-5,14,0,0,0,0,1,0,0,0,1
2026-03-27 21:49:00.424,16.705,1419,-5,15,0,0,0,0,1,0,0,0,1
2026-03-27 21:49:00.519,16.800,1187,-5,14,0,0,0,0,1,0,0,0,1
2026-03-27 21:49:00.551,16.832,1150,-5,15,0,0,0,0,1,0,0,0,1
2026-03-27 21:49:00.567,16.848,1149,-4,15,0,0,0,0,1,0,0,0,1
2026-03-27 21:49:00.727,17.008,1145,-2,14,0,0,0,0,1,0,0,0,1
2026-03-27 21:49:00.791,17.072,1145,-2,15,0,0,0,0,1,0,0,0,1
2026-03-27 21:49:00.793,17.074,1145,-2,15,0,0,0,0,1,0,0,0,1
2026-03-27 21:49:00.903,17.184,1144,-2,15,0,0,0,0,1,0,0,0,1
2026-03-27 21:49:01.080,17.361,1143,-5,15,0,0,0,0,1,0,0,0,1
2026-03-27 21:49:01.207,17.487,1142,-5,14,0,0,0,0,1,0,0,0,1
2026-03-27 21:49:01.271,17.552,1143,-2,15,0,0,0,0,1,0,0,0,1
2026-03-27 21:49:01.287,17.568,1144,-2,15,0,0,0,0,1,0,0,0,1
2026-03-27 21:49:01.289,17.570,1142,-4,15,0,0,0,0,1,0,0,0,1
2026-03-27 21:49:01.368,17.649,1142,-5,14,0,0,0,0,1,0,0,0,1
2026-03-27 21:49:01.479,17.760,1143,-4,15,0,0,0,0,1,0,0,0,1
2026-03-27 21:49:01.575,17.856,1144,-4,15,0,0,0,0,1,0,0,0,1
2026-03-27 21:49:01.592,17.873,1144,-5,15,0,0,0,0,1,0,0,0,1
2026-03-27 21:49:01.703,17.984,1144,-4,15,0,0,0,0,1,0,0,0,1
2026-03-27 21:49:01.719,18.000,1144,-4,15,0,0,0,0,1,0,0,0,1
2026-03-27 21:49:01.721,18.002,1144,-5,15,0,0,0,0,1,0,0,0,1
2026-03-27 21:49:01.751,18.032,1143,-5,15,0,0,0,0,1,0,0,0,1
2026-03-27 21:49:01.895,18.176,1142,-5,14,0,0,0,0,1,0,0,0,1
2026-03-27 21:49:01.898,18.179,1142,-2,15,0,0,0,0,1,0,0,0,1
2026-03-27 21:49:01.960,18.241,1143,-2,15,0,0,0,0,1,0,0,0,1
2026-03-27 21:49:02.055,18.336,1142,-5,15,0,0,0,0,1,0,0,0,1
2026-03-27 21:49:02.103,18.384,1142,-5,14,0,0,0,0,1,0,0,0,1
2026-03-27 21:49:02.216,18.497,1142,-5,14,0,0,0,0,1,0,0,0,1
2026-03-27 21:49:02.295,18.576,1143,-5,15,0,0,0,0,1,0,0,0,1
2026-03-27 21:49:02.312,18.593,1143,-4,14,0,0,0,0,1,0,0,0,1
2026-03-27 21:49:02.567,18.848,1143,-4,15,0,0,0,0,1,0,0,0,1
2026-03-27 21:49:02.679,18.960,1142,-2,15,0,0,0,0,1,0,0,0,1
2026-03-27 21:49:02.743,19.024,1144,-4,15,0,0,1,0,1,0,0,0,1
2026-03-27 21:49:02.744,19.025,1144,-2,15,0,0,1,0,1,0,0,0,1
2026-03-27 21:49:02.791,19.072,1142,-5,15,0,0,1,0,1,0,0,0,1
2026-03-27 21:49:02.903,19.184,1144,-4,15,0,0,1,0,1,0,0,0,1
2026-03-27 21:49:02.951,19.231,1143,-5,14,0,0,1,0,1,0,0,0,1
2026-03-27 21:49:03.111,19.392,1143,-2,15,0,0,1,0,1,0,0,0,1
2026-03-27 21:49:03.143,19.424,1142,-2,15,0,0,1,0,1,0,0,0,1
2026-03-27 21:49:03.271,19.552,1144,-4,15,0,0,1,0,1,0,0,0,1
2026-03-27 21:49:03.336,19.617,1143,-1,15,0,0,1,0,1,0,0,0,1
2026-03-27 21:49:03.416,19.696,1143,-4,15,0,0,1,0,1,0,0,0,1
2026-03-27 21:49:03.543,19.824,1142,-2,15,0,0,1,0,1,0,0,0,1
2026-03-27 21:49:03.639,19.920,1143,-2,15,0,0,1,0,1,0,0,0,1
2026-03-27 21:49:03.752,20.033,1142,-2,14,0,0,1,0,1,0,0,0,1
2026-03-27 21:49:03.783,20.064,1143,-2,15,0,0,1,0,1,0,0,0,1
2026-03-27 21:49:03.927,20.208,1144,-4,15,0,0,1,0,1,0,0,0,1
2026-03-27 21:49:03.991,20.272,1144,-4,15,0,0,1,0,1,0,0,0,1
2026-03-27 21:49:04.135,20.416,1143,-5,14,0,0,1,0,1,0,0,0,1
2026-03-27 21:49:04.263,20.544,1142,-5,14,0,0,1,0,1,0,0,0,1
2026-03-27 21:49:04.343,20.624,1143,-2,15,0,0,1,0,1,0,0,0,1
2026-03-27 21:49:04.535,20.816,1142,-5,15,0,0,1,0,1,0,0,0,1
2026-03-27 21:49:04.584,20.864,1142,-5,15,0,0,1,0,1,0,0,0,1
2026-03-27 21:49:04.679,20.960,1142,-2,14,0,0,1,0,1,0,0,0,1
2026-03-27 21:49:04.887,21.168,1143,-5,15,0,0,1,0,1,0,0,0,1
2026-03-27 21:49:04.999,21.280,1143,-4,15,0,0,1,0,1,0,0,0,1
2026-03-27 21:49:05.047,21.328,1142,-4,15,0,0,1,0,1,0,0,0,1
2026-03-27 21:49:05.127,21.408,1143,-5,15,0,0,1,0,1,0,0,0,1
2026-03-27 21:49:05.303,21.584,1143,-2,15,0,0,1,0,1,0,0,0,1
2026-03-27 21:49:05.415,21.696,1143,-2,14,0,0,1,0,1,0,0,0,1
2026-03-27 21:49:05.417,21.697,1142,-5,15,0,0,1,0,1,0,0,0,1
2026-03-27 21:49:05.463,21.744,1144,-4,15,0,0,1,0,1,0,0,0,1
2026-03-27 21:49:05.559,21.840,1142,-5,15,0,0,1,0,1,0,0,0,1
2026-03-27 21:49:05.864,22.145,1143,-5,15,0,0,1,0,1,0,0,0,1
2026-03-27 21:49:05.959,22.240,1142,-5,15,0,0,1,0,1,0,0,0,1
2026-03-27 21:49:06.295,22.576,1141,-5,15,0,1,1,0,1,0,0,0,1
2026-03-27 21:49:06.296,22.577,1141,-5,14,0,1,1,0,1,0,0,0,1
2026-03-27 21:49:06.311,22.591,1142,-5,15,0,1,1,0,1,0,0,0,1
2026-03-27 21:49:06.407,22.688,1143,-4,15,0,1,1,0,1,0,0,0,1
2026-03-27 21:49:06.454,22.735,1141,-5,15,0,1,1,0,1,0,0,0,1
2026-03-27 21:49:06.457,22.737,1142,-2,15,0,1,1,0,1,0,0,0,1
2026-03-27 21:49:06.568,22.849,1143,-4,15,0,1,1,0,1,0,0,0,1
2026-03-27 21:49:06.711,22.992,1143,-5,15,0,1,1,0,1,0,0,0,1
2026-03-27 21:49:06.791,23.072,1142,-2,14,0,1,1,0,1,0,0,0,1
2026-03-27 21:49:06.935,23.216,1142,-5,14,0,1,1,0,1,0,0,0,1
2026-03-27 21:49:07.095,23.376,1142,-2,12,0,1,1,0,1,0,0,0,1
2026-03-27 21:49:07.159,23.440,1142,-5,15,0,1,1,0,1,0,0,0,1
2026-03-27 21:49:07.254,23.535,1142,-5,14,0,1,1,0,1,0,0,0,1
2026-03-27 21:49:07.399,23.680,1142,-5,14,0,1,1,0,1,0,0,0,1
2026-03-27 21:49:07.463,23.744,1142,-5,15,0,1,1,0,1,0,0,0,1
2026-03-27 21:49:07.623,23.904,1143,-4,15,0,1,1,0,1,0,0,0,1
2026-03-27 21:49:07.670,23.951,1142,-2,14,0,1,1,0,1,0,0,0,1
2026-03-27 21:49:07.847,24.128,1142,-2,15,0,1,1,0,1,0,0,0,1
2026-03-27 21:49:07.863,24.144,1143,-3,16,0,1,1,0,1,0,0,0,1
2026-03-27 21:49:07.927,24.208,1143,-5,15,0,1,1,0,1,0,0,0,1
2026-03-27 21:49:08.007,24.288,1142,-5,14,0,1,1,0,1,0,0,0,1
2026-03-27 21:49:08.009,24.290,1143,-4,15,0,1,1,0,1,0,0,0,1
2026-03-27 21:49:08.086,24.367,1143,-4,15,0,1,1,0,1,0,0,0,1
2026-03-27 21:49:08.089,24.369,1142,-5,14,0,1,1,0,1,0,0,0,1
2026-03-27 21:49:08.168,24.449,1142,-6,15,0,1,1,0,1,0,0,0,1
2026-03-27 21:49:08.279,24.560,1143,-4,15,0,1,1,0,1,0,0,0,1
2026-03-27 21:49:08.280,24.561,1144,-5,15,0,1,1,0,1,0,0,0,1
2026-03-27 21:49:08.281,24.562,1,0,0,0,0,0,0,0,0,0,0,0
2026-03-27 21:49:08.294,24.575,1143,-5,15,0,1,1,0,1,0,0,0,1
2026-03-27 21:49:08.375,24.656,1143,-5,15,0,1,1,0,1,0,0,0,1
2026-03-27 21:49:08.503,24.784,1144,-4,15,0,1,1,0,1,0,0,0,1
2026-03-27 21:49:08.505,24.786,1144,-4,15,0,1,1,0,1,0,0,0,1
2026-03-27 21:49:08.647,24.928,1144,-4,15,0,1,1,0,1,0,0,0,1
2026-03-27 21:49:08.935,25.216,1144,-4,15,0,1,1,0,1,0,0,0,1
2026-03-27 21:49:08.938,25.219,1143,-2,15,0,1,1,0,1,0,0,0,1
2026-03-27 21:49:09.015,25.296,1142,-2,15,0,1,1,0,1,0,0,0,1
2026-03-27 21:49:09.127,25.407,1143,-5,15,0,1,1,0,1,0,0,0,1
2026-03-27 21:49:09.239,25.519,1144,-4,15,0,1,1,0,1,0,0,0,1
2026-03-27 21:49:09.367,25.648,1144,-5,15,0,1,1,0,1,0,0,0,1
2026-03-27 21:49:09.383,25.663,1143,-5,14,0,1,1,0,1,0,0,0,1
2026-03-27 21:49:09.447,25.728,1143,-5,15,0,1,1,0,1,0,0,0,1
2026-03-27 21:49:09.591,25.872,1142,-5,15,0,1,1,0,1,0,0,0,1
2026-03-27 21:49:09.686,25.967,1143,-5,15,0,1,1,0,1,0,0,0,1
2026-03-27 21:49:09.688,25.968,1143,-5,15,0,1,1,0,1,0,0,0,1
2026-03-27 21:49:09.799,26.080,1142,-5,15,0,1,1,0,1,0,0,0,1
2026-03-27 21:49:09.879,26.160,1142,-5,14,0,1,1,0,1,0,0,0,1
2026-03-27 21:49:10.039,26.319,1143,-5,14,0,1,1,0,1,0,0,0,1
2026-03-27 21:49:10.040,26.321,1142,-5,15,0,1,1,0,1,0,0,0,1
2026-03-27 21:49:10.087,26.368,1143,-5,15,0,1,1,0,1,0,0,0,1
2026-03-27 21:49:10.198,26.479,1143,-4,15,0,1,1,0,1,0,0,0,1
2026-03-27 21:49:10.327,26.608,1142,-2,15,0,1,1,0,1,0,0,0,1
2026-03-27 21:49:10.407,26.688,1143,-2,15,0,1,1,0,1,0,0,0,1
2026-03-27 21:49:10.535,26.816,1143,-5,15,0,1,1,0,1,0,0,0,1
2026-03-27 21:49:10.615,26.896,1143,-5,15,0,1,1,0,1,0,0,0,1
2026-03-27 21:49:10.633,26.914,1143,-1,15,0,1,1,0,1,0,0,0,1
2026-03-27 21:49:10.727,27.008,1144,-1,15,0,1,1,0,1,0,0,0,1
2026-03-27 21:49:10.791,27.072,1142,-5,15,0,1,1,0,1,0,0,0,1
2026-03-27 21:49:10.793,27.074,1142,-2,15,0,1,1,0,1,0,0,0,1
2026-03-27 21:49:10.935,27.216,1143,-2,15,0,1,1,0,1,0,0,0,1
2026-03-27 21:49:10.983,27.264,1142,-5,15,0,1,1,0,1,0,0,0,1
2026-03-27 21:49:10.999,27.280,1144,-4,15,0,1,1,0,1,0,0,0,1
2026-03-27 21:49:11.095,27.376,1144,-5,15,0,1,1,0,1,0,0,0,1
2026-03-27 21:49:11.098,27.378,1143,-4,15,0,1,1,0,1,0,0,0,1
2026-03-27 21:49:11.192,27.473,1144,-4,15,0,1,1,0,1,0,0,0,1
2026-03-27 21:49:11.399,27.680,1143,-4,15,0,1,1,0,1,0,0,0,1
2026-03-27 21:49:11.511,27.792,1142,-5,14,0,1,1,0,1,0,0,0,1
2026-03-27 21:49:11.655,27.936,1142,-5,15,0,1,1,0,1,0,0,1,1
2026-03-27 21:49:11.767,28.048,1143,-4,15,0,1,1,0,1,0,0,1,1
2026-03-27 21:49:11.768,28.049,1143,-4,15,0,1,1,0,1,0,0,1,1
2026-03-27 21:49:11.798,28.079,1144,-4,15,0,1,1,0,1,0,0,1,1
2026-03-27 21:49:11.975,28.256,1144,-4,15,0,1,1,0,1,0,0,1,1
2026-03-27 21:49:12.055,28.336,1143,-5,15,0,1,1,0,1,0,0,1,1
2026-03-27 21:49:12.071,28.352,1141,-5,15,0,1,1,0,1,0,0,1,1
2026-03-27 21:49:12.199,28.480,1142,-5,15,0,1,1,0,1,0,0,1,1
2026-03-27 21:49:12.246,28.527,1143,-5,15,0,1,1,0,1,0,0,1,1
2026-03-27 21:49:12.262,28.543,1143,-4,15,0,1,1,0,1,0,0,1,1
2026-03-27 21:49:12.375,28.656,1142,-4,12,0,1,1,0,1,0,0,1,1
2026-03-27 21:49:12.454,28.735,1142,-5,15,0,1,1,0,1,0,0,1,1
2026-03-27 21:49:12.599,28.880,1142,-5,15,0,1,1,0,1,0,0,1,1
2026-03-27 21:49:12.742,29.023,1142,-5,15,0,1,1,0,1,0,0,1,1
2026-03-27 21:49:12.855,29.135,1143,-2,16,0,1,1,0,1,0,0,1,1
2026-03-27 21:49:12.934,29.215,1142,-5,14,0,1,1,0,1,0,0,1,1
2026-03-27 21:49:12.936,29.217,1142,-4,15,0,1,1,0,1,0,0,1,1
2026-03-27 21:49:12.966,29.247,1143,-5,15,0,1,1,0,1,0,0,1,1
2026-03-27 21:49:12.967,29.248,1143,-5,15,0,1,1,0,1,0,0,1,1
2026-03-27 21:49:12.969,29.250,1142,-5,15,0,1,1,0,1,0,0,1,1
2026-03-27 21:49:13.143,29.424,1143,-4,15,0,1,1,0,1,0,0,1,1
2026-03-27 21:49:13.174,29.455,1142,-5,15,0,1,1,0,1,0,0,1,1
2026-03-27 21:49:13.286,29.567,1144,-4,15,0,1,1,0,1,0,0,1,1
2026-03-27 21:49:13.288,29.568,1144,-5,15,0,1,1,0,1,0,0,1,1
2026-03-27 21:49:13.382,29.663,1142,-5,15,0,1,1,0,1,0,0,1,1
2026-03-27 21:49:13.463,29.744,1143,-5,15,0,1,1,0,1,0,0,1,1
2026-03-27 21:49:13.654,29.935,1142,-5,14,0,1,1,0,1,0,0,1,1
2026-03-27 21:49:13.687,29.968,1144,-5,15,0,1,1,0,1,0,0,1,1
2026-03-27 21:49:13.846,30.127,1144,-5,15,0,1,1,0,1,0,0,1,1
2026-03-27 21:49:13.911,30.192,1143,-2,15,0,1,1,0,1,0,0,1,1
2026-03-27 21:49:14.022,30.303,1142,-5,15,0,1,1,0,1,0,0,1,1
2026-03-27 21:49:14.118,30.399,1144,-2,15,0,1,1,0,1,0,0,1,1
2026-03-27 21:49:14.182,30.463,1142,-5,15,0,1,1,0,1,0,0,1,1
2026-03-27 21:49:14.198,30.479,1142,-5,14,0,1,1,0,1,0,0,1,1
2026-03-27 21:49:14.375,30.656,1143,-5,15,0,1,1,0,1,0,0,1,1
2026-03-27 21:49:14.454,30.735,1144,-2,15,0,1,1,0,1,0,0,1,1
2026-03-27 21:49:14.551,30.832,1144,-5,15,0,1,1,0,1,0,0,1,1
2026-03-27 21:49:14.554,30.835,1143,-5,15,0,1,1,0,1,0,0,1,1
2026-03-27 21:49:14.647,30.928,1143,-5,15,0,1,1,0,1,0,0,1,1
2026-03-27 21:49:14.775,31.056,1142,-5,15,0,1,1,0,1,0,0,1,1
2026-03-27 21:49:14.854,31.135,1143,-5,15,0,1,1,0,1,0,0,1,1
2026-03-27 21:49:14.967,31.248,1142,-2,15,0,1,1,0,1,0,0,1,1
2026-03-27 21:49:14.970,31.251,1143,-2,15,0,1,1,0,1,0,0,1,1
2026-03-27 21:49:15.175,31.456,1143,-2,14,0,1,1,0,1,0,0,1,1
2026-03-27 21:49:15.238,31.519,1143,-2,14,0,1,1,0,1,0,0,1,1
2026-03-27 21:49:15.239,31.520,1142,-5,15,0,1,1,0,1,0,0,1,1
2026-03-27 21:49:15.334,31.615,1143,-4,15,0,1,1,0,1,0,1,1,1
2026-03-27 21:49:15.431,31.712,1142,-5,15,0,1,1,0,1,0,1,1,1
2026-03-27 21:49:15.433,31.714,1142,-5,15,0,1,1,0,1,0,1,1,1
2026-03-27 21:49:15.478,31.759,1143,-5,15,0,1,1,0,1,0,1,1,1
2026-03-27 21:49:15.575,31.856,1143,-5,14,0,1,1,0,1,0,1,1,1
2026-03-27 21:49:15.702,31.983,1142,-5,14,0,1,1,0,1,0,1,1,1
2026-03-27 21:49:15.782,32.063,1144,-5,15,0,1,1,0,1,0,1,1,1
2026-03-27 21:49:15.894,32.175,1142,-5,15,0,1,1,0,1,0,1,1,1
2026-03-27 21:49:15.897,32.178,1143,-5,15,0,1,1,0,1,0,1,1,1
2026-03-27 21:49:16.103,32.383,1144,-5,15,0,1,1,0,1,0,1,1,1
2026-03-27 21:49:16.262,32.543,1144,-2,15,0,1,1,0,1,0,1,1,1
2026-03-27 21:49:16.310,32.591,1144,-2,15,0,1,1,0,1,0,1,1,1
2026-03-27 21:49:16.470,32.751,1144,-3,15,0,1,1,0,1,0,1,1,1
2026-03-27 21:49:16.518,32.799,1142,-5,14,0,1,1,0,1,0,1,1,1
2026-03-27 21:49:16.535,32.816,1142,-6,14,0,1,1,0,1,0,1,1,1
2026-03-27 21:49:16.631,32.912,1143,-5,15,0,1,1,0,1,0,1,1,1
2026-03-27 21:49:16.695,32.976,1142,-3,14,0,1,1,0,1,0,1,1,1
2026-03-27 21:49:16.870,33.151,1143,-5,15,0,1,1,0,1,0,1,1,1
2026-03-27 21:49:16.902,33.183,1145,-5,15,0,1,1,0,1,0,1,1,1
2026-03-27 21:49:17.030,33.311,1145,-5,15,0,1,1,0,1,0,1,1,1
2026-03-27 21:49:17.032,33.313,1145,-5,15,0,1,1,0,1,0,1,1,1
2026-03-27 21:49:17.094,33.375,1143,-5,14,0,1,1,0,1,0,1,1,1
2026-03-27 21:49:17.111,33.392,1143,-5,14,0,1,1,0,1,0,1,1,1
2026-03-27 21:49:17.113,33.393,,,,,,,,,,,,
2026-03-27 21:49:17.239,33.519,1142,-5,14,0,1,1,0,1,0,1,1,1
2026-03-27 21:49:17.302,33.583,1142,-5,14,0,1,1,0,1,0,1,1,1
2026-03-27 21:49:17.414,33.695,1142,-6,14,0,1,1,0,1,0,1,1,1
2026-03-27 21:49:17.527,33.808,1142,-3,14,0,1,1,0,1,0,1,1,1
2026-03-27 21:49:17.702,33.983,1142,-6,14,0,1,1,0,1,0,1,1,1
2026-03-27 21:49:17.830,34.111,1144,-5,15,0,1,1,0,1,0,1,1,1
2026-03-27 21:49:17.942,34.223,1142,-3,14,0,1,1,0,1,0,1,1,1
2026-03-27 21:49:18.087,34.368,1143,-5,15,0,1,1,0,1,0,0,1,1
2026-03-27 21:49:18.135,34.415,1143,-5,15,0,1,1,0,1,0,0,1,1
2026-03-27 21:49:18.214,34.495,1144,-5,15,0,1,1,0,1,0,0,1,1
2026-03-27 21:49:18.358,34.639,1143,-5,15,0,1,1,0,1,0,0,1,1
2026-03-27 21:49:18.486,34.767,1143,-5,15,0,1,1,0,1,0,0,1,1
2026-03-27 21:49:18.582,34.863,1142,-5,15,0,1,1,0,1,0,0,1,1
2026-03-27 21:49:18.694,34.975,1143,-4,15,0,1,1,0,1,0,0,1,1
2026-03-27 21:49:18.838,35.118,1144,-4,15,0,1,1,0,1,0,0,1,1
2026-03-27 21:49:18.839,35.120,1145,-4,15,0,1,1,0,1,0,0,1,1
2026-03-27 21:49:18.950,35.231,1144,-2,15,0,1,1,0,1,0,0,1,1
2026-03-27 21:49:18.998,35.279,1142,-5,15,0,1,1,0,1,0,0,1,1
2026-03-27 21:49:19.158,35.439,1143,-5,15,0,1,1,0,1,0,0,1,1
2026-03-27 21:49:19.222,35.503,1142,-5,15,0,1,1,0,1,0,0,1,1
2026-03-27 21:49:19.270,35.551,1142,-5,15,0,1,1,0,1,0,0,1,1
2026-03-27 21:49:19.272,35.552,1143,-5,15,0,1,1,0,1,0,0,1,1
2026-03-27 21:49:19.367,35.648,1144,-5,15,0,1,1,0,1,0,0,1,1
2026-03-27 21:49:19.479,35.760,1144,-2,15,0,1,1,0,1,0,0,1,1
2026-03-27 21:49:19.574,35.855,1142,-5,15,0,1,1,0,1,0,0,1,1
2026-03-27 21:49:19.576,35.857,1143,-5,15,0,1,1,0,1,0,0,1,1
2026-03-27 21:49:19.670,35.951,1142,-2,14,0,1,1,0,1,0,0,1,1
2026-03-27 21:49:19.895,36.176,1143,-2,15,0,1,1,0,1,0,0,1,1
2026-03-27 21:49:19.990,36.271,1143,-5,14,0,1,1,0,1,0,0,1,1
2026-03-27 21:49:19.992,36.273,1143,-2,15,0,1,1,0,1,0,0,1,1
2026-03-27 21:49:20.150,36.431,1143,-2,15,0,1,1,0,1,0,0,1,1
2026-03-27 21:49:20.246,36.527,1143,-5,14,0,1,1,0,1,0,0,1,1
2026-03-27 21:49:20.390,36.671,1142,-5,14,0,1,1,0,1,0,1,1,1
2026-03-27 21:49:20.454,36.735,1143,-5,15,0,1,1,0,1,0,1,1,1
2026-03-27 21:49:20.582,36.863,1144,-5,15,0,1,1,0,1,0,1,1,1
2026-03-27 21:49:20.726,37.007,1142,-5,14,0,1,1,0,1,0,1,1,1
2026-03-27 21:49:20.728,37.009,1142,-5,14,0,1,1,0,1,0,1,1,1
2026-03-27 21:49:20.806,37.087,1144,-3,15,0,1,1,0,1,0,1,1,1
2026-03-27 21:49:20.902,37.183,1144,-2,15,0,1,1,0,1,0,1,1,1
2026-03-27 21:49:20.998,37.279,1143,-5,14,0,1,1,0,1,0,1,1,1
2026-03-27 21:49:21.142,37.423,1142,-5,14,0,1,1,0,1,0,1,1,1
2026-03-27 21:49:21.238,37.519,1144,-5,15,0,1,1,0,1,0,1,1,1
2026-03-27 21:49:21.335,37.616,1144,-5,15,0,1,1,0,1,0,1,1,1
2026-03-27 21:49:21.398,37.679,1143,-5,15,0,1,1,0,1,0,1,1,1
2026-03-27 21:49:21.575,37.855,1142,-5,14,0,1,1,0,1,0,1,1,1
2026-03-27 21:49:21.590,37.871,1143,-5,15,0,1,1,0,1,0,1,1,1
2026-03-27 21:49:21.622,37.903,1143,-5,15,0,1,1,0,1,0,1,1,1
2026-03-27 21:49:21.734,38.015,1142,-5,14,0,1,1,0,1,0,1,1,1
2026-03-27 21:49:21.846,38.127,1143,-2,14,0,1,1,0,1,0,1,1,1
2026-03-27 21:49:21.878,38.159,1144,-5,15,0,1,1,0,1,0,1,1,1
2026-03-27 21:49:21.958,38.239,1145,-5,15,0,1,1,0,1,0,1,1,1
2026-03-27 21:49:21.959,38.240,1145,-5,15,0,1,1,0,1,0,1,1,1
2026-03-27 21:49:22.054,38.335,1143,-5,14,0,1,1,0,1,0,1,1,1
2026-03-27 21:49:22.183,38.463,1142,-5,14,0,1,1,0,1,0,1,1,1
2026-03-27 21:49:22.294,38.574,1144,-5,14,0,1,1,0,1,0,1,1,1
2026-03-27 21:49:22.310,38.591,1144,-5,14,0,1,1,0,1,0,1,1,1
2026-03-27 21:49:22.311,38.592,0,0,0,0,0,0,0,0,0,0,0,0
2026-03-27 21:49:22.312,38.593,1142,-5,14,0,1,1,0,1,0,1,1,1
2026-03-27 21:49:22.406,38.687,1142,-3,14,0,1,1,0,1,0,1,1,1
2026-03-27 21:49:22.486,38.767,1142,-2,14,0,1,1,0,1,0,1,1,1
2026-03-27 21:49:22.489,38.770,1143,-2,14,0,1,1,0,1,0,1,1,1
2026-03-27 21:49:22.598,38.879,1142,-3,14,0,1,1,0,1,0,1,1,1
2026-03-27 21:49:22.790,39.071,1143,-3,14,0,1,1,0,1,0,1,1,1
2026-03-27 21:49:22.854,39.135,1144,-5,15,0,1,1,0,1,0,1,1,1
2026-03-27 21:49:22.950,39.231,1144,-3,14,0,1,1,0,1,0,1,1,1
2026-03-27 21:49:22.998,39.279,1143,-5,15,0,1,1,0,1,0,1,1,1
2026-03-27 21:49:23.189,39.470,1144,-2,15,0,1,1,0,1,0,1,1,1
2026-03-27 21:49:23.366,39.647,1143,-5,14,0,1,1,0,1,0,1,1,1
2026-03-27 21:49:23.429,39.710,1145,-4,15,0,1,1,0,1,0,1,1,1
2026-03-27 21:49:23.431,39.712,1145,-5,15,0,1,1,0,1,0,1,1,1
2026-03-27 21:49:23.446,39.727,14,0,0,0,1,1,0,1,1,1,1,1
2026-03-27 21:49:23.526,39.807,1143,-2,15,0,1,1,0,1,1,1,1,1
2026-03-27 21:49:23.766,40.047,1144,-5,15,0,1,1,0,1,1,1,1,1
2026-03-27 21:49:24.006,40.287,1144,-3,15,0,1,1,0,1,1,1,1,1
2026-03-27 21:49:24.008,40.289,1142,-5,14,0,1,1,0,1,1,1,1,1
2026-03-27 21:49:24.134,40.415,1143,-5,14,0,1,1,0,1,1,1,1,1
2026-03-27 21:49:24.136,40.417,1142,-6,14,0,1,1,0,1,1,1,1,1
2026-03-27 21:49:24.199,40.480,1142,-5,14,0,1,1,0,1,1,1,1,1
2026-03-27 21:49:24.215,40.496,1144,-2,15,0,1,1,0,1,1,1,1,1
2026-03-27 21:49:24.391,40.671,1144,-2,15,0,1,1,0,1,1,1,1,1
2026-03-27 21:49:24.502,40.783,1144,-5,15,0,1,1,0,1,1,1,1,1
2026-03-27 21:49:24.646,40.927,1143,-5,15,0,1,1,0,1,1,1,1,1
2026-03-27 21:49:24.775,41.056,1143,-5,14,0,1,1,0,1,1,1,1,1
2026-03-27 21:49:24.854,41.135,1142,-5,14,0,1,1,0,1,1,1,1,1
2026-03-27 21:49:24.870,41.151,1142,-5,15,0,1,1,0,1,1,1,1,1
2026-03-27 21:49:24.873,41.154,1143,-5,14,0,1,1,0,1,1,1,1,1
2026-03-27 21:49:24.966,41.247,1143,-2,15,0,1,1,0,1,1,1,1,1
2026-03-27 21:49:25.094,41.375,1143,-3,14,0,1,1,0,1,1,1,1,1
2026-03-27 21:49:25.109,41.390,1143,-2,14,0,1,1,0,1,1,1,1,1
2026-03-27 21:49:25.222,41.503,1143,-3,14,0,1,1,0,1,1,1,1,1
2026-03-27 21:49:25.223,41.504,1143,-2,15,1,0,0,0,0,1,1,1,1
2026-03-27 21:49:25.269,41.550,1142,-5,15,0,1,1,0,0,1,1,1,1
2026-03-27 21:49:25.271,41.552,1142,-5,14,0,1,1,0,0,1,1,1,1
2026-03-27 21:49:25.398,41.679,1143,-4,15,0,1,1,0,0,1,1,1,1
2026-03-27 21:49:25.478,41.758,1143,-2,15,0,1,1,0,0,1,1,1,1
2026-03-27 21:49:25.622,41.903,1143,-3,14,0,1,1,0,0,1,1,1,1
2026-03-27 21:49:25.798,42.079,1144,-4,15,0,1,1,0,0,1,1,1,1
2026-03-27 21:49:25.800,42.081,1144,-5,15,0,1,1,0,0,1,1,1,1
2026-03-27 21:49:25.894,42.175,1144,-5,15,0,1,1,0,0,1,1,1,1
2026-03-27 21:49:26.006,42.287,1142,-3,14,0,1,1,0,0,1,1,1,1
2026-03-27 21:49:26.021,42.302,1144,-5,15,0,1,1,0,0,1,1,1,1
2026-03-27 21:49:26.215,42.496,1144,-2,15,0,1,1,0,0,1,1,1,1
2026-03-27 21:49:26.246,42.527,1144,-5,15,0,1,1,0,0,1,1,1,1
2026-03-27 21:49:26.310,42.591,1143,-5,15,0,1,1,0,0,1,1,1,1
2026-03-27 21:49:26.454,42.735,1142,-5,14,0,1,1,0,0,1,1,1,1
2026-03-27 21:49:26.471,42.751,1142,-5,14,0,1,1,0,0,1,1,1,1
2026-03-27 21:49:26.472,42.753,1143,-5,15,0,1,1,0,0,1,1,1,1
2026-03-27 21:49:26.550,42.831,1143,-5,14,0,1,1,0,0,1,1,1,1
2026-03-27 21:49:26.678,42.959,1143,-6,14,0,1,1,0,0,1,1,1,1
2026-03-27 21:49:26.679,42.960,1142,-6,14,0,1,1,0,0,1,1,1,1
2026-03-27 21:49:26.694,42.975,1143,-5,14,0,1,1,0,0,1,1,1,1
2026-03-27 21:49:26.806,43.087,1144,-5,15,0,1,1,0,0,1,1,1,1
2026-03-27 21:49:26.966,43.247,1143,-5,15,0,1,1,0,0,1,1,1,1
2026-03-27 21:49:27.062,43.343,1142,-3,14,0,1,1,0,0,1,1,1,1
2026-03-27 21:49:27.286,43.567,1142,-3,14,0,1,1,0,0,1,1,1,1
2026-03-27 21:49:27.414,43.695,1142,-5,14,0,1,1,0,0,1,1,1,1
2026-03-27 21:49:27.510,43.791,1144,-5,14,0,1,1,0,0,1,1,1,1
2026-03-27 21:49:27.526,43.807,1143,-3,14,0,1,1,0,0,1,1,1,1
2026-03-27 21:49:27.528,43.808,1143,-5,14,0,1,1,0,0,1,1,1,1
2026-03-27 21:49:27.622,43.903,1143,-5,14,0,1,1,0,0,1,1,1,1
2026-03-27 21:49:27.624,43.905,1143,-2,14,0,1,1,0,0,1,1,1,1
2026-03-27 21:49:27.734,44.015,1143,-2,14,0,1,1,0,0,1,1,1,1
2026-03-27 21:49:27.846,44.127,1143,-2,15,0,1,1,0,0,1,1,1,1
2026-03-27 21:49:27.990,44.271,1142,-3,14,0,1,1,0,0,1,1,1,1
2026-03-27 21:49:28.038,44.319,1143,-2,15,0,1,1,0,0,1,1,1,1
2026-03-27 21:49:28.054,44.335,1143,-5,15,0,1,1,0,0,1,1,1,1
2026-03-27 21:49:28.118,44.399,1143,-5,15,0,1,1,0,0,1,1,1,1
2026-03-27 21:49:28.121,44.402,1143,-6,14,0,1,1,0,0,1,1,1,1
2026-03-27 21:49:28.198,44.479,1143,-6,14,0,1,1,0,0,1,1,1,1
2026-03-27 21:49:28.422,44.703,1144,-2,15,0,1,1,0,0,1,1,1,1
2026-03-27 21:49:28.437,44.718,1142,-3,14,0,1,1,0,0,1,1,1,1
2026-03-27 21:49:28.502,44.783,1142,-3,14,0,1,1,0,0,1,1,1,1
2026-03-27 21:49:28.854,45.135,1144,-5,14,0,1,1,0,0,1,1,1,1
2026-03-27 21:49:28.998,45.279,1144,-3,15,0,1,1,0,0,1,1,1,1
2026-03-27 21:49:29.109,45.390,1143,-3,14,0,1,1,0,0,1,1,1,1
2026-03-27 21:49:29.111,45.392,1143,-3,14,0,1,1,0,0,1,1,1,1
2026-03-27 21:49:29.238,45.519,1143,-5,15,0,1,1,0,0,0,1,1,1
2026-03-27 21:49:29.350,45.630,1141,-5,14,0,1,1,0,0,0,1,1,1
2026-03-27 21:49:29.494,45.775,1143,-6,14,0,1,1,0,0,0,1,1,1
2026-03-27 21:49:29.557,45.838,1144,-5,15,0,1,1,0,0,0,1,1,1
2026-03-27 21:49:29.558,45.839,1144,-5,15,0,1,1,0,0,0,1,1,1
2026-03-27 21:49:29.559,45.840,1,0,0,0,0,0,0,0,0,0,0,0
2026-03-27 21:49:29.561,45.842,1143,-2,15,0,1,1,0,0,0,1,1,1
2026-03-27 21:49:29.702,45.983,1144,-2,15,0,1,1,0,0,0,1,1,1
2026-03-27 21:49:29.782,46.063,1143,-3,14,0,1,1,0,0,0,1,1,1
2026-03-27 21:49:29.926,46.207,1142,-2,15,0,1,1,0,0,0,1,1,1
2026-03-27 21:49:30.006,46.287,1142,-3,14,0,1,1,0,0,0,1,1,1
2026-03-27 21:49:30.102,46.382,1142,-5,14,0,1,1,0,0,0,1,1,1
2026-03-27 21:49:30.103,46.384,1142,-5,15,0,1,1,0,0,0,1,1,1
2026-03-27 21:49:30.165,46.446,1142,-3,14,0,1,1,0,0,0,1,1,1
2026-03-27 21:49:30.166,46.447,1142,-3,14,0,1,1,0,0,0,1,1,1
2026-03-27 21:49:30.245,46.526,1142,-5,14,0,1,1,0,0,0,1,1,1
2026-03-27 21:49:30.325,46.606,1142,-5,14,0,1,1,0,0,0,1,1,1
2026-03-27 21:49:30.469,46.750,1143,-5,15,0,1,1,0,0,0,1,1,1
2026-03-27 21:49:30.565,46.846,1142,-3,14,0,1,1,0,0,0,1,1,1
2026-03-27 21:49:30.678,46.958,1143,-3,14,0,1,1,0,0,0,1,1,1
2026-03-27 21:49:30.806,47.086,1143,-3,15,0,1,1,0,0,0,1,1,1
2026-03-27 21:49:30.902,47.183,1142,-3,14,0,1,1,0,0,0,1,1,1
2026-03-27 21:49:30.950,47.230,1144,-5,15,0,1,1,0,0,0,1,1,1
2026-03-27 21:49:31.078,47.359,1143,-3,14,0,1,1,0,0,0,1,1,1
2026-03-27 21:49:31.157,47.438,1143,-2,14,0,1,1,0,0,0,1,1,1
2026-03-27 21:49:31.286,47.567,1142,-3,14,0,1,1,0,0,0,1,1,1
2026-03-27 21:49:31.302,47.583,1143,-2,15,0,1,1,0,0,0,1,1,1
2026-03-27 21:49:31.381,47.662,1144,-2,15,0,1,1,0,0,0,1,1,1
2026-03-27 21:49:31.493,47.774,1144,-5,15,0,1,1,0,0,0,1,1,1
2026-03-27 21:49:31.589,47.870,1143,-5,14,0,1,1,0,0,0,1,1,1
2026-03-27 21:49:31.669,47.950,1142,-2,14,0,1,1,0,0,0,1,1,1
2026-03-27 21:49:31.781,48.062,1143,-5,15,0,1,1,0,0,0,1,1,1
2026-03-27 21:49:31.926,48.207,1142,-3,14,0,1,1,0,0,0,1,1,1
2026-03-27 21:49:31.927,48.208,1142,-3,14,0,1,1,0,0,0,1,1,1
2026-03-27 21:49:31.942,48.222,1142,-5,15,0,1,1,0,0,0,1,1,1
2026-03-27 21:49:32.038,48.318,1143,-2,15,0,1,1,0,0,0,1,1,1
2026-03-27 21:49:32.149,48.430,1144,-5,15,0,1,1,0,0,0,1,1,1
2026-03-27 21:49:32.166,48.447,1144,-5,15,0,1,1,0,0,0,1,1,1
2026-03-27 21:49:32.181,48.462,1144,-2,15,0,1,1,0,0,0,1,1,1
2026-03-27 21:49:32.374,48.655,1143,-5,14,0,1,1,0,0,0,1,1,1
2026-03-27 21:49:32.565,48.846,1142,-5,14,0,1,1,0,0,0,1,1,1
2026-03-27 21:49:32.613,48.894,1143,-2,15,0,1,1,0,0,0,1,1,1
2026-03-27 21:49:32.758,49.038,1142,-5,14,0,1,1,1,0,0,1,1,1
2026-03-27 21:49:32.837,49.118,1142,-5,14,0,1,1,1,0,0,1,1,1
2026-03-27 21:49:32.934,49.214,1142,-3,14,0,1,1,1,0,0,1,1,1
2026-03-27 21:49:33.029,49.310,1143,-2,15,0,1,1,1,0,0,1,1,1
2026-03-27 21:49:33.125,49.406,1143,-3,14,0,1,1,1,0,0,1,1,1
2026-03-27 21:49:33.222,49.503,1143,-5,14,0,1,1,1,0,0,1,1,1
2026-03-27 21:49:33.224,49.505,1143,-3,14,0,1,1,1,0,0,1,1,1
2026-03-27 21:49:33.301,49.582,1143,-2,15,0,1,1,1,0,0,1,1,1
2026-03-27 21:49:33.478,49.759,1141,-5,14,0,1,1,1,0,0,1,1,1
2026-03-27 21:49:33.573,49.854,1144,-2,15,0,1,1,1,0,0,1,1,1
2026-03-27 21:49:33.670,49.951,1142,-5,14,0,1,1,1,0,0,1,1,1
2026-03-27 21:49:33.781,50.062,1143,-2,14,0,1,1,1,0,0,1,1,1
2026-03-27 21:49:33.846,50.127,1143,-5,14,0,1,1,1,0,0,1,1,1
2026-03-27 21:49:33.990,50.271,1144,-2,15,0,1,1,1,0,0,1,1,1
2026-03-27 21:49:34.101,50.382,1143,-5,15,0,1,1,1,0,0,1,1,1
2026-03-27 21:49:34.213,50.494,1143,-5,14,0,1,1,1,0,0,1,1,1
2026-03-27 21:49:34.216,50.497,1142,-5,14,0,1,1,1,0,0,1,1,1
2026-03-27 21:49:34.325,50.606,1142,-3,14,0,1,1,1,0,0,1,1,1
2026-03-27 21:49:34.437,50.718,1143,-2,12,0,1,1,1,0,0,1,1,1
2026-03-27 21:49:34.485,50.766,1142,-3,14,0,1,1,1,0,0,1,1,1
2026-03-27 21:49:34.629,50.910,1143,-5,15,0,1,1,1,0,0,1,1,1
2026-03-27 21:49:34.710,50.990,1144,-2,15,0,1,1,1,0,0,1,1,1
2026-03-27 21:49:34.950,51.231,1144,-2,14,0,1,1,1,0,0,1,1,1
2026-03-27 21:49:35.029,51.310,1143,-3,14,0,1,1,1,0,0,1,1,1
2026-03-27 21:49:35.032,51.313,1142,-5,14,0,1,1,1,0,1,1,1,1
2026-03-27 21:49:35.126,51.407,1143,-5,14,0,1,1,1,0,1,1,1,1
2026-03-27 21:49:35.270,51.551,1142,-5,14,0,1,1,1,0,1,1,1,1
2026-03-27 21:49:35.317,51.598,1143,-3,15,0,1,1,1,0,1,1,1,1
2026-03-27 21:49:35.446,51.726,1142,-5,14,0,1,1,1,0,1,1,1,1
2026-03-27 21:49:35.462,51.743,1142,-5,14,0,1,1,1,0,1,1,1,1
2026-03-27 21:49:35.573,51.854,1142,-5,14,0,1,1,1,0,1,1,1,1
2026-03-27 21:49:35.670,51.950,1143,-2,15,0,1,1,1,0,1,1,1,1
2026-03-27 21:49:35.797,52.078,1142,-2,15,0,1,1,1,0,1,1,1,1
2026-03-27 21:49:35.925,52.206,1142,-5,15,0,1,1,1,0,1,1,1,1
2026-03-27 21:49:36.005,52.286,1143,-2,14,0,1,1,1,0,1,1,1,1
2026-03-27 21:49:36.102,52.382,1142,-2,14,0,1,1,1,0,1,1,1,1
2026-03-27 21:49:36.182,52.463,1144,-4,15,0,1,1,1,0,1,1,1,1
2026-03-27 21:49:36.198,52.479,1142,-5,14,0,1,1,1,0,1,1,1,1
2026-03-27 21:49:36.309,52.590,1142,-5,14,0,1,1,1,0,1,1,1,1
2026-03-27 21:49:36.453,52.733,1143,-5,15,0,1,1,1,0,1,1,1,1
2026-03-27 21:49:36.501,52.782,1142,-5,14,0,1,1,1,0,1,1,1,1
2026-03-27 21:49:36.565,52.846,1144,-2,15,0,1,1,1,0,1,1,1,1
2026-03-27 21:49:36.629,52.910,1144,-5,15,0,1,1,1,0,1,1,1,1
2026-03-27 21:49:36.757,53.038,1145,-5,12,0,1,1,1,0,1,1,1,1
2026-03-27 21:49:36.821,53.102,1142,-5,14,0,1,1,1,0,1,1,1,1
2026-03-27 21:49:36.869,53.150,1144,-5,15,0,1,1,1,0,1,1,1,1
2026-03-27 21:49:37.046,53.327,1143,-5,14,0,1,1,1,0,1,1,1,1
2026-03-27 21:49:37.093,53.374,1143,-5,15,0,1,1,1,0,1,1,1,1
2026-03-27 21:49:37.094,53.375,1144,-5,15,0,1,1,1,0,1,1,1,1
2026-03-27 21:49:37.205,53.486,1146,-5,15,0,1,1,1,0,1,1,1,1
2026-03-27 21:49:37.222,53.503,1144,-2,15,0,1,1,1,0,1,1,1,1
2026-03-27 21:49:37.318,53.598,1144,-2,15,0,1,1,1,0,1,1,1,1
2026-03-27 21:49:37.413,53.694,1144,-5,14,0,1,1,1,0,1,1,1,1
2026-03-27 21:49:37.431,53.712,1142,-3,14,0,1,1,1,0,1,1,1,1
2026-03-27 21:49:37.445,53.726,1143,-5,15,0,1,1,1,0,1,1,1,1
2026-03-27 21:49:37.622,53.903,1144,-5,14,0,1,1,1,0,1,1,1,1
2026-03-27 21:49:37.653,53.934,1142,-3,14,0,1,1,1,0,1,1,1,1
2026-03-27 21:49:37.814,54.095,1143,-5,14,0,1,1,1,0,1,1,1,1
2026-03-27 21:49:37.893,54.174,1142,-3,14,0,1,1,1,0,1,1,1,1
2026-03-27 21:49:37.911,54.192,1143,-5,14,0,1,1,1,0,1,1,1,1
2026-03-27 21:49:38.005,54.286,1143,-5,14,0,1,1,1,0,1,1,1,1
2026-03-27 21:49:38.020,54.301,1143,-5,15,0,1,1,1,0,1,1,1,1
2026-03-27 21:49:38.245,54.526,1144,-5,15,0,1,1,1,0,1,1,1,1
2026-03-27 21:49:38.247,54.528,1142,-2,14,0,1,1,1,0,1,1,1,1
2026-03-27 21:49:38.341,54.622,1142,-2,14,0,1,1,1,0,1,1,1,1
2026-03-27 21:49:38.453,54.734,1145,-5,15,0,1,1,1,0,0,1,1,1
2026-03-27 21:49:38.485,54.766,1143,-5,14,0,1,1,1,0,0,1,1,1
2026-03-27 21:49:38.613,54.894,1144,-2,15,0,1,1,1,0,0,1,1,1
2026-03-27 21:49:38.949,55.230,1142,-5,14,0,1,1,1,0,0,1,1,1
2026-03-27 21:49:39.013,55.294,1143,-5,15,0,1,1,1,0,0,1,1,1
2026-03-27 21:49:39.222,55.503,1143,-5,15,0,1,1,1,0,0,1,1,1
2026-03-27 21:49:39.269,55.550,1143,-5,14,0,1,1,1,0,0,1,1,1
2026-03-27 21:49:39.270,55.551,1143,-5,14,0,1,1,1,0,0,1,1,1
2026-03-27 21:49:39.333,55.614,1142,-5,14,0,1,1,1,0,0,1,1,1
2026-03-27 21:49:39.445,55.726,1143,-2,15,0,1,1,1,0,0,1,1,1
2026-03-27 21:49:39.557,55.838,1142,-6,14,0,1,1,1,0,0,1,1,1
2026-03-27 21:49:39.637,55.918,1143,-5,14,0,1,1,1,0,0,1,1,1
2026-03-27 21:49:39.749,56.030,1144,-5,15,0,1,1,1,0,0,1,1,1
2026-03-27 21:49:39.941,56.222,1144,-5,15,0,1,1,1,0,0,1,1,1
2026-03-27 21:49:40.022,56.303,1142,-5,14,0,1,1,1,0,0,1,1,1
2026-03-27 21:49:40.133,56.414,1142,-5,14,0,1,1,1,0,0,1,1,1
2026-03-27 21:49:40.197,56.478,1143,-5,14,0,1,1,1,0,0,1,1,1
2026-03-27 21:49:40.340,56.621,1142,-5,14,0,1,1,1,0,0,1,1,1
2026-03-27 21:49:40.342,56.623,1142,-3,14,0,1,1,1,0,0,1,1,1
2026-03-27 21:49:40.453,56.734,1142,-6,14,0,1,1,1,0,0,1,1,1
2026-03-27 21:49:40.470,56.751,1142,-5,14,0,1,1,1,0,1,1,1,1
2026-03-27 21:49:40.597,56.878,1142,-5,14,0,1,1,1,0,1,1,1,1
2026-03-27 21:49:40.599,56.880,1143,-2,15,0,1,1,1,0,1,1,1,1
2026-03-27 21:49:40.725,57.006,1144,-2,15,0,1,1,1,0,1,1,1,1
2026-03-27 21:49:40.728,57.009,1142,-5,14,0,1,1,1,0,1,1,1,1
2026-03-27 21:49:40.774,57.055,1142,-3,14,0,1,1,1,0,1,1,1,1
2026-03-27 21:49:40.885,57.166,1143,-5,15,0,1,1,1,0,1,1,1,1
2026-03-27 21:49:41.029,57.309,1143,-3,15,0,1,1,1,0,1,1,1,1
2026-03-27 21:49:41.045,57.326,1144,-3,15,0,1,1,1,0,1,1,1,1
2026-03-27 21:49:41.061,57.342,1142,-5,14,0,1,1,1,0,1,1,1,1
2026-03-27 21:49:41.189,57.470,1143,-2,15,0,1,1,1,0,1,1,1,1
2026-03-27 21:49:41.269,57.550,1142,-2,14,0,1,1,1,0,1,1,1,1
2026-03-27 21:49:41.287,57.568,1143,-5,15,0,1,1,1,0,1,1,1,1
2026-03-27 21:49:41.477,57.758,1143,-5,15,0,1,1,1,0,1,1,1,1
2026-03-27 21:49:41.541,57.822,1142,-3,14,0,1,1,1,0,1,1,1,1
2026-03-27 21:49:41.637,57.918,1143,-5,15,0,1,1,1,0,1,1,1,1
2026-03-27 21:49:41.717,57.998,1144,-2,15,0,1,1,1,0,1,1,1,1
2026-03-27 21:49:41.861,58.142,1143,-5,15,0,1,1,1,0,1,1,1,1
2026-03-27 21:49:42.021,58.302,1142,-5,14,0,1,1,1,0,1,1,1,1
2026-03-27 21:49:42.069,58.350,1143,-2,15,0,1,1,1,0,1,1,1,1
2026-03-27 21:49:42.213,58.494,1142,-6,14,0,1,1,1,0,1,1,1,1
2026-03-27 21:49:42.340,58.621,1143,-5,15,0,1,1,1,0,1,1,1,1
2026-03-27 21:49:42.469,58.750,1144,-5,15,0,1,1,1,0,1,1,1,1
2026-03-27 21:49:42.581,58.862,1143,-5,14,0,1,1,1,0,0,1,1,1
2026-03-27 21:49:42.582,58.863,1143,-6,14,0,1,1,1,0,0,1,1,1
2026-03-27 21:49:42.645,58.926,1143,-3,14,0,1,1,1,0,0,1,1,1
2026-03-27 21:49:42.821,59.102,1143,-5,14,0,1,1,1,0,0,1,1,1
2026-03-27 21:49:42.823,59.104,1142,-5,14,0,1,1,1,0,0,1,1,1
2026-03-27 21:49:43.077,59.358,1143,-3,15,0,1,1,1,0,0,1,1,1
2026-03-27 21:49:43.157,59.438,1142,-5,15,0,1,1,1,0,0,1,1,1
2026-03-27 21:49:43.268,59.549,1143,-2,15,0,1,1,1,0,0,1,1,1
2026-03-27 21:49:43.270,59.551,1143,-2,15,0,1,1,1,0,0,1,1,1
2026-03-27 21:49:43.397,59.678,1142,-3,14,0,1,1,1,0,0,1,1,1
2026-03-27 21:49:43.556,59.837,1143,-2,14,0,1,1,1,0,0,1,1,1
2026-03-27 21:49:43.605,59.886,1144,-2,15,0,1,1,1,0,0,1,1,1
2026-03-27 21:49:43.607,59.888,1144,-2,15,0,1,1,1,0,0,1,1,1
2026-03-27 21:49:43.685,59.966,1143,-5,14,0,1,1,1,0,0,1,1,1
2026-03-27 21:49:43.687,59.968,1142,-5,14,0,1,1,1,0,0,1,1,1
2026-03-27 21:49:43.701,59.982,1144,-4,15,0,1,1,1,0,0,1,1,1
2026-03-27 21:49:43.828,60.109,1144,-5,15,0,1,1,1,0,0,1,1,1
2026-03-27 21:49:43.941,60.222,1143,-5,14,0,1,1,1,0,0,1,1,1
2026-03-27 21:49:44.052,60.333,1143,-5,15,0,1,1,1,0,0,1,1,1
2026-03-27 21:49:44.054,60.334,1144,-5,15,0,1,1,1,0,0,1,1,1
2026-03-27 21:49:44.149,60.430,1142,-5,14,0,1,1,1,0,0,1,1,1
2026-03-27 21:49:44.181,60.462,1143,-5,15,0,1,1,1,0,0,1,1,1
2026-03-27 21:49:44.325,60.606,1143,-5,15,0,1,1,1,0,0,1,1,1
2026-03-27 21:49:44.421,60.702,1144,-5,14,0,1,1,1,0,0,1,1,1
2026-03-27 21:49:44.424,60.705,1142,-5,14,0,1,1,1,0,0,1,1,1
2026-03-27 21:49:44.565,60.846,1142,-3,14,0,1,1,1,0,0,1,1,1
2026-03-27 21:49:44.661,60.942,1143,-2,15,0,1,1,1,0,0,1,1,1
2026-03-27 21:49:44.837,61.117,1142,-5,14,0,1,1,1,0,0,1,1,1
2026-03-27 21:49:44.838,61.119,1142,-5,14,0,1,1,1,0,0,1,1,1
2026-03-27 21:49:44.949,61.230,1142,-5,15,0,1,1,1,0,0,1,1,1
2026-03-27 21:49:44.965,61.246,1143,-5,14,0,1,1,1,0,0,1,1,1
2026-03-27 21:49:45.092,61.373,1144,-5,15,0,1,1,0,0,0,1,1,1
2026-03-27 21:49:45.173,61.454,1143,-6,14,0,1,1,0,0,0,1,1,1
2026-03-27 21:49:45.317,61.598,1142,-3,14,0,1,1,0,0,0,1,1,1
2026-03-27 21:49:45.461,61.742,1143,-3,14,0,1,1,0,0,0,1,1,1
2026-03-27 21:49:45.508,61.789,1142,-5,14,0,1,1,0,0,0,1,1,1
2026-03-27 21:49:45.510,61.791,1142,-6,14,0,1,1,0,0,0,1,1,1
2026-03-27 21:49:45.685,61.966,1142,-6,14,0,1,1,0,0,0,1,1,1
2026-03-27 21:49:45.829,62.110,1142,-5,15,0,1,1,0,0,0,1,1,1
2026-03-27 21:49:45.956,62.237,1141,-5,14,0,1,1,0,0,0,1,1,1
2026-03-27 21:49:45.972,62.253,1142,-5,14,0,1,1,0,0,0,1,1,1
2026-03-27 21:49:46.004,62.285,1142,-5,14,0,1,1,0,0,0,1,1,1
2026-03-27 21:49:46.021,62.302,1143,-5,15,0,1,1,0,0,0,1,1,1
2026-03-27 21:49:46.101,62.382,1142,-5,14,0,1,1,0,0,0,1,1,1
2026-03-27 21:49:46.180,62.461,1142,-6,14,0,1,1,0,0,0,1,1,1
2026-03-27 21:49:46.293,62.573,1143,-5,14,0,1,1,0,0,0,1,1,1
2026-03-27 21:49:46.388,62.669,1142,-3,14,0,1,1,0,0,0,1,1,1
2026-03-27 21:49:46.390,62.671,1142,-6,14,0,1,1,0,0,0,1,1,1
2026-03-27 21:49:46.518,62.799,1143,-5,15,0,1,1,0,0,0,1,1,1
2026-03-27 21:49:46.693,62.973,1142,-5,14,0,1,1,0,0,0,1,1,1
2026-03-27 21:49:46.756,63.037,1142,-5,14,0,1,1,0,0,0,1,1,1
2026-03-27 21:49:46.758,63.039,1143,-5,15,0,1,1,0,0,0,1,1,1
2026-03-27 21:49:46.821,63.102,1143,-2,14,0,1,1,1,0,0,1,1,1
2026-03-27 21:49:46.934,63.215,1144,-5,15,0,1,1,1,0,0,1,1,1
2026-03-27 21:49:47.028,63.309,1143,-3,15,0,1,1,1,0,0,1,1,1
2026-03-27 21:49:47.044,63.325,1144,-2,15,0,1,1,1,0,0,1,1,1
2026-03-27 21:49:47.236,63.517,1141,-5,14,0,1,1,1,0,0,1,1,1
2026-03-27 21:49:47.238,63.518,1142,-5,14,0,1,1,1,0,0,1,1,1
2026-03-27 21:49:47.348,63.629,1143,-5,15,0,1,1,1,0,0,1,1,1
2026-03-27 21:49:47.380,63.661,1142,-3,14,0,1,1,1,0,0,1,1,1
2026-03-27 21:49:47.477,63.757,1143,-2,15,0,1,1,1,0,0,1,1,1
2026-03-27 21:49:47.588,63.869,1143,-5,15,0,1,1,1,0,0,1,1,1
2026-03-27 21:49:47.797,64.078,1144,-5,15,0,1,1,1,0,0,1,1,1
2026-03-27 21:49:47.908,64.189,1142,-3,14,0,1,1,1,0,0,1,1,1
2026-03-27 21:49:48.085,64.366,1143,-5,14,0,1,1,1,0,0,1,1,1
2026-03-27 21:49:48.149,64.430,1142,-3,14,0,1,1,1,0,0,1,1,1
2026-03-27 21:49:48.277,64.558,1142,-5,14,0,1,1,1,0,0,1,1,1
2026-03-27 21:49:48.324,64.605,1142,-5,14,0,1,1,1,0,0,1,1,1
2026-03-27 21:49:48.500,64.781,1142,-5,14,0,1,1,1,0,0,1,1,1
2026-03-27 21:49:48.580,64.861,1143,-5,15,0,1,1,1,0,0,1,1,1
2026-03-27 21:49:48.709,64.990,1142,-5,14,0,1,1,1,0,0,1,1,1
2026-03-27 21:49:48.789,65.070,1143,-5,15,0,1,1,1,0,0,1,1,1
2026-03-27 21:49:48.948,65.229,1143,-2,15,0,1,1,1,0,0,1,1,1
2026-03-27 21:49:49.093,65.374,1142,-3,14,0,1,1,1,0,0,1,1,1
2026-03-27 21:49:49.172,65.453,1142,-3,14,0,1,1,1,0,0,1,1,0
2026-03-27 21:49:49.317,65.598,1143,-5,15,0,1,1,1,0,0,1,1,0
2026-03-27 21:49:49.493,65.774,1142,-6,14,0,1,1,1,0,0,1,1,0
2026-03-27 21:49:49.524,65.805,1143,-5,15,0,1,1,1,0,0,1,1,0
2026-03-27 21:49:49.527,65.808,1143,-5,14,0,1,1,1,0,0,1,1,0
2026-03-27 21:49:49.589,65.870,1144,-5,15,0,1,1,1,0,0,1,1,0
2026-03-27 21:49:49.749,66.030,1143,-5,14,0,1,1,1,0,0,1,1,0
2026-03-27 21:49:49.860,66.141,1142,-5,14,0,1,1,1,0,0,1,1,0
2026-03-27 21:49:49.956,66.237,1141,-5,14,0,1,1,1,0,0,1,1,0
2026-03-27 21:49:50.132,66.413,1143,-5,15,0,1,1,1,0,0,1,1,0
2026-03-27 21:49:50.260,66.541,1144,-5,15,0,1,1,1,0,0,1,1,0
2026-03-27 21:49:50.341,66.622,1143,-5,15,0,1,1,1,0,0,1,1,0
2026-03-27 21:49:50.453,66.734,1142,-2,14,0,1,1,1,0,0,1,1,1
2026-03-27 21:49:50.500,66.781,1143,-3,15,0,1,1,1,0,0,1,1,1
2026-03-27 21:49:50.629,66.910,1143,-5,14,0,1,1,1,0,0,1,1,1
2026-03-27 21:49:50.773,67.054,1142,-3,14,0,1,1,1,0,0,1,1,1
2026-03-27 21:49:50.852,67.133,1143,-5,14,0,1,1,1,0,0,1,1,1
2026-03-27 21:49:50.853,67.134,1142,-3,15,0,1,1,1,0,0,1,1,1
2026-03-27 21:49:50.854,67.135,114,0,0,0,0,0,0,0,0,0,0,0
2026-03-27 21:49:50.856,67.137,1142,-5,14,0,1,1,1,0,0,1,1,1
2026-03-27 21:49:50.917,67.198,1142,-5,14,0,1,1,1,0,0,1,1,1
2026-03-27 21:49:50.965,67.246,1143,-5,15,0,1,1,1,0,0,1,1,1
2026-03-27 21:49:50.981,67.262,1142,-5,14,0,1,1,1,0,0,1,1,1
2026-03-27 21:49:51.317,67.598,1143,-2,15,0,1,1,1,0,0,1,1,1
2026-03-27 21:49:51.477,67.757,1142,-3,14,0,1,1,1,0,0,1,1,1
2026-03-27 21:49:51.540,67.821,1144,-2,15,0,1,1,1,0,0,1,1,1
2026-03-27 21:49:51.621,67.902,1143,-3,14,0,1,1,1,0,0,1,1,1
2026-03-27 21:49:51.796,68.077,1143,-2,15,0,1,1,1,0,0,1,1,1
2026-03-27 21:49:51.797,68.078,1143,-3,15,0,1,1,1,0,0,1,1,1
2026-03-27 21:49:51.924,68.205,1142,-2,14,0,1,1,1,0,0,1,1,1
2026-03-27 21:49:52.020,68.301,1144,-2,15,0,1,1,1,0,0,1,1,1
2026-03-27 21:49:52.164,68.445,1143,-3,14,0,1,1,1,0,0,1,1,1
2026-03-27 21:49:52.166,68.447,1143,-3,14,0,1,1,1,0,0,1,1,1
2026-03-27 21:49:52.181,68.462,1142,-5,14,0,1,1,1,0,0,1,1,1
2026-03-27 21:49:52.228,68.509,1142,-5,14,0,1,1,1,0,0,1,1,1
2026-03-27 21:49:52.325,68.606,1143,-5,15,0,1,1,1,0,0,1,1,1
2026-03-27 21:49:52.516,68.797,1142,-5,14,0,1,1,1,0,0,1,1,1
2026-03-27 21:49:52.597,68.878,1143,-5,15,0,1,1,1,0,0,1,1,1
2026-03-27 21:49:52.708,68.989,1144,-5,15,0,1,1,1,0,0,1,0,1
2026-03-27 21:49:52.804,69.085,1143,-3,14,0,1,1,1,0,0,1,0,1
2026-03-27 21:49:52.852,69.133,1142,-3,14,0,1,1,1,0,0,1,0,1
2026-03-27 21:49:52.981,69.262,1143,-2,15,0,1,1,1,0,0,1,0,1
2026-03-27 21:49:53.108,69.389,1142,-5,14,0,1,1,1,0,0,1,0,1
2026-03-27 21:49:53.172,69.453,1142,-3,14,0,1,1,1,0,0,1,0,1
2026-03-27 21:49:53.269,69.550,1143,-2,15,0,1,1,1,0,0,1,0,1
2026-03-27 21:49:53.428,69.709,1142,-5,14,0,1,1,1,0,0,1,0,1
2026-03-27 21:49:53.460,69.741,1143,-5,15,0,1,1,1,0,0,1,0,1
2026-03-27 21:49:53.463,69.744,1142,-5,15,0,1,1,1,0,0,1,0,1
2026-03-27 21:49:53.541,69.822,1142,-5,15,0,1,1,1,0,0,1,0,1
2026-03-27 21:49:53.543,69.824,1143,-5,15,0,1,1,1,0,0,1,0,1
2026-03-27 21:49:53.668,69.949,1143,-2,15,0,1,1,1,0,0,1,0,1
2026-03-27 21:49:53.844,70.125,1144,-3,15,0,1,1,1,0,0,1,0,1
2026-03-27 21:49:53.847,70.128,1142,-5,15,0,1,1,1,0,0,1,0,1
2026-03-27 21:49:53.925,70.206,1142,-5,15,0,1,1,1,0,0,1,0,1
2026-03-27 21:49:53.957,70.238,1145,-2,15,0,1,1,1,0,0,1,0,1
2026-03-27 21:49:54.053,70.333,1142,-2,14,0,1,1,1,0,0,1,0,1
2026-03-27 21:49:54.180,70.461,1143,-2,15,0,1,1,1,0,0,1,0,1
2026-03-27 21:49:54.292,70.573,1142,-5,14,0,1,1,1,0,0,1,0,1
2026-03-27 21:49:54.404,70.685,1143,-2,14,0,1,1,1,0,0,1,0,1
2026-03-27 21:49:54.516,70.797,1144,-2,15,0,1,1,1,0,0,1,0,1
2026-03-27 21:49:54.518,70.799,1144,-2,15,0,1,1,1,0,0,1,0,1
2026-03-27 21:49:54.628,70.909,1144,-3,15,0,1,1,1,0,0,1,0,1
2026-03-27 21:49:54.740,71.021,1142,-3,14,0,1,1,1,0,0,1,0,1
2026-03-27 21:49:54.820,71.101,1143,-2,12,0,1,1,1,0,0,1,0,1
2026-03-27 21:49:54.948,71.229,1142,-3,14,0,1,1,1,0,0,1,0,1
2026-03-27 21:49:55.045,71.325,1143,-2,15,0,1,1,1,0,0,1,0,1
2026-03-27 21:49:55.156,71.437,1143,-2,15,0,1,1,1,0,0,1,0,1
2026-03-27 21:49:55.172,71.453,1144,-2,15,0,1,1,1,0,0,1,0,1
2026-03-27 21:49:55.174,71.455,1143,-2,15,0,1,1,1,0,0,1,0,1
2026-03-27 21:49:55.252,71.533,1144,-4,15,0,1,1,1,0,0,1,0,1
2026-03-27 21:49:55.381,71.662,1143,-2,14,0,1,1,1,0,0,1,0,1
2026-03-27 21:49:55.604,71.884,1142,-2,14,0,1,1,1,0,0,1,0,1
2026-03-27 21:49:55.620,71.901,1142,-3,15,0,1,1,1,0,0,1,0,1
2026-03-27 21:49:55.812,72.093,1142,-3,14,0,1,1,1,0,0,1,0,1
2026-03-27 21:49:55.925,72.206,1142,-2,14,0,1,1,1,0,0,1,0,1
2026-03-27 21:49:56.021,72.302,1143,-5,15,0,1,1,1,0,0,1,0,1
2026-03-27 21:49:56.037,72.317,1142,-3,15,0,1,1,1,0,0,1,0,1
2026-03-27 21:49:56.132,72.413,1142,-2,14,0,1,1,1,0,0,1,0,1
2026-03-27 21:49:56.148,72.429,1142,-2,15,0,1,1,1,0,0,1,0,1
2026-03-27 21:49:56.244,72.525,1143,-2,15,0,1,1,1,0,0,1,0,1
2026-03-27 21:49:56.357,72.638,1143,-2,15,0,1,1,1,0,0,1,0,1
2026-03-27 21:49:56.533,72.814,1142,-3,14,0,1,1,1,0,0,1,0,1
2026-03-27 21:49:56.613,72.894,1145,-2,15,0,1,1,1,0,0,1,0,1
2026-03-27 21:49:56.692,72.973,1143,-2,15,0,1,1,1,0,0,1,1,1
2026-03-27 21:49:56.868,73.149,1142,-5,15,0,1,1,1,0,0,1,1,1
2026-03-27 21:49:56.964,73.245,1144,-2,15,0,1,1,1,0,0,1,1,1
2026-03-27 21:49:56.966,73.247,1144,-5,14,0,1,1,1,0,0,1,1,1
2026-03-27 21:49:57.013,73.294,1143,-2,15,0,1,1,1,0,0,1,1,1
2026-03-27 21:49:57.189,73.470,1143,-5,14,0,1,1,1,0,0,1,1,1
2026-03-27 21:49:57.332,73.613,1142,-5,14,0,1,1,1,0,0,1,1,1
2026-03-27 21:49:57.364,73.645,1143,-2,15,0,1,1,1,0,0,1,1,1
2026-03-27 21:49:57.427,73.708,1141,-3,14,0,1,1,1,0,0,1,1,1
2026-03-27 21:49:57.429,73.710,1141,-3,15,0,1,1,1,0,0,1,1,1
2026-03-27 21:49:57.573,73.854,1142,-2,14,0,1,1,1,0,0,1,1,1
2026-03-27 21:49:57.652,73.933,1145,-2,15,0,1,1,1,0,0,1,1,1
2026-03-27 21:49:57.796,74.077,1144,-5,15,0,1,1,1,0,0,1,1,1
2026-03-27 21:49:57.813,74.094,1143,-5,15,0,1,1,1,0,0,1,1,1
2026-03-27 21:49:57.892,74.173,1143,-5,14,0,1,1,1,0,0,1,1,1
2026-03-27 21:49:58.004,74.285,1142,-5,15,0,1,1,1,0,0,1,1,1
2026-03-27 21:49:58.148,74.429,1143,-5,14,0,1,1,1,0,0,1,1,1
2026-03-27 21:49:58.228,74.509,1142,-3,15,0,1,1,1,0,0,1,1,1
2026-03-27 21:49:58.230,74.511,1142,-2,14,0,1,1,1,0,0,1,1,1
2026-03-27 21:49:58.340,74.621,1142,-3,14,0,1,1,1,0,0,1,1,1
2026-03-27 21:49:58.533,74.814,1143,-3,14,0,1,1,1,0,0,1,1,1
2026-03-27 21:49:58.628,74.909,1142,-3,14,0,1,1,1,0,0,1,1,1
2026-03-27 21:49:58.740,75.021,1143,-2,15,0,1,1,1,0,0,1,1,1
2026-03-27 21:49:58.852,75.133,1143,-2,15,0,1,1,1,0,0,1,0,1
2026-03-27 21:49:58.948,75.229,1144,-5,15,0,1,1,1,0,0,1,0,1
2026-03-27 21:49:59.060,75.341,1142,-2,14,0,1,1,1,0,0,1,0,1
2026-03-27 21:49:59.155,75.436,1144,-4,15,0,1,1,1,0,0,1,0,1
2026-03-27 21:49:59.158,75.439,1143,-3,15,0,1,1,1,0,0,1,0,1
2026-03-27 21:49:59.541,75.822,1143,-4,15,0,1,1,1,0,0,1,0,1
2026-03-27 21:49:59.604,75.885,1144,-5,15,0,1,1,1,0,0,1,0,1
2026-03-27 21:49:59.620,75.901,1144,-3,15,0,1,1,1,0,0,1,0,1
2026-03-27 21:49:59.796,76.077,1143,-5,14,0,1,1,1,0,0,1,0,1
2026-03-27 21:49:59.797,76.078,1143,-5,14,0,1,1,1,0,0,1,0,1
2026-03-27 21:49:59.860,76.141,1142,-3,14,0,1,1,1,0,0,1,0,1
2026-03-27 21:49:59.988,76.269,1143,-2,15,0,1,1,1,0,0,1,0,1
2026-03-27 21:50:00.116,76.397,1141,-2,14,0,1,1,1,0,0,1,0,1
2026-03-27 21:50:00.228,76.509,1143,-2,14,0,1,1,1,0,0,1,0,1
2026-03-27 21:50:00.308,76.589,1144,-2,15,0,1,1,1,0,0,1,0,1
2026-03-27 21:50:00.372,76.652,1144,-2,15,0,1,1,1,0,0,1,0,1
2026-03-27 21:50:00.484,76.765,1144,-5,15,0,1,1,1,0,0,1,0,1
2026-03-27 21:50:00.499,76.780,1144,-5,15,0,1,1,1,0,0,1,0,1
2026-03-27 21:50:00.564,76.845,1142,-3,15,0,1,1,1,0,0,1,0,1
2026-03-27 21:50:00.708,76.989,1143,-2,15,0,1,1,1,0,0,1,0,1
2026-03-27 21:50:00.711,76.992,1142,-2,14,0,1,1,1,0,0,1,0,1
2026-03-27 21:50:00.852,77.133,1142,-2,15,0,1,1,1,0,0,1,0,1
2026-03-27 21:50:00.932,77.213,1142,-5,14,0,1,1,1,0,0,1,0,1
2026-03-27 21:50:00.980,77.261,1143,-5,14,0,1,1,1,0,0,1,0,1
2026-03-27 21:50:01.155,77.436,1142,-2,14,0,1,1,1,0,0,1,0,1
2026-03-27 21:50:01.204,77.485,1143,-2,15,0,1,1,1,0,0,1,0,1
2026-03-27 21:50:01.332,77.613,1143,-5,15,0,1,1,1,0,0,1,0,1
2026-03-27 21:50:01.334,77.615,1143,-2,15,0,1,1,1,0,0,1,0,1
2026-03-27 21:50:01.381,77.661,1143,-2,15,0,1,1,1,0,0,1,0,1
2026-03-27 21:50:01.428,77.709,1143,-2,15,0,1,1,1,0,0,1,0,1
2026-03-27 21:50:01.604,77.885,1142,-3,15,0,1,1,1,0,0,1,0,1
2026-03-27 21:50:01.620,77.901,1144,-4,15,0,1,1,1,0,0,1,0,1
2026-03-27 21:50:01.684,77.965,1144,-2,15,0,1,1,1,0,0,1,0,1
2026-03-27 21:50:01.748,78.029,1142,-3,15,0,1,1,1,0,0,1,0,1
2026-03-27 21:50:01.907,78.188,1144,-3,15,0,1,1,1,0,0,1,0,1
2026-03-27 21:50:01.988,78.269,1142,-5,15,0,1,1,1,0,0,1,0,1
2026-03-27 21:50:02.180,78.461,1144,-2,15,0,1,1,1,0,0,1,0,1
2026-03-27 21:50:02.212,78.493,1144,-2,15,0,1,1,1,0,0,1,0,1
2026-03-27 21:50:02.692,78.973,1143,-5,15,0,1,1,1,0,0,1,0,1
2026-03-27 21:50:02.740,79.021,1142,-2,14,0,1,1,1,0,0,1,0,1
2026-03-27 21:50:02.836,79.117,1144,-2,15,0,1,1,1,0,0,1,1,1
2026-03-27 21:50:02.948,79.229,1144,-2,15,0,1,1,1,0,0,1,1,1
2026-03-27 21:50:03.076,79.357,1143,-3,14,0,1,1,1,0,0,1,1,1
2026-03-27 21:50:03.078,79.359,1142,-3,14,0,1,1,1,0,0,1,1,1
2026-03-27 21:50:03.220,79.501,1142,-2,15,0,1,1,1,0,0,1,1,1
2026-03-27 21:50:03.283,79.564,1143,-3,14,0,1,1,1,0,0,1,1,1
2026-03-27 21:50:03.285,79.566,1143,-2,14,0,1,1,1,0,0,1,1,1
2026-03-27 21:50:03.332,79.613,1142,-5,14,0,1,1,1,0,0,1,1,1
2026-03-27 21:50:03.460,79.741,1143,-2,14,0,1,1,1,0,0,1,1,1
2026-03-27 21:50:03.540,79.821,1142,-3,14,0,1,1,1,0,0,1,1,1
2026-03-27 21:50:03.716,79.996,1144,-3,14,0,1,1,1,0,0,1,1,1
2026-03-27 21:50:03.763,80.044,1143,-2,15,0,1,1,1,0,0,1,1,1
2026-03-27 21:50:03.765,80.045,1143,-2,15,0,1,1,1,0,0,1,1,1
2026-03-27 21:50:03.908,80.189,1142,-3,14,0,1,1,1,0,0,1,1,1
2026-03-27 21:50:04.036,80.317,1143,-2,14,0,1,1,1,0,0,1,1,1
2026-03-27 21:50:04.228,80.509,1143,-3,14,0,1,1,1,0,0,1,1,1
2026-03-27 21:50:04.340,80.621,1143,-3,14,0,1,1,1,0,0,1,1,1
2026-03-27 21:50:04.420,80.701,1142,-3,14,0,1,1,1,0,0,0,1,1
2026-03-27 21:50:04.548,80.829,1143,-2,15,0,1,1,1,0,0,0,1,1
2026-03-27 21:50:04.596,80.877,1142,-2,15,0,1,1,1,0,0,0,1,1
2026-03-27 21:50:04.598,80.879,1143,-2,15,0,1,1,1,0,0,0,1,1
2026-03-27 21:50:04.708,80.989,1144,-2,15,0,1,1,1,0,0,0,1,1
2026-03-27 21:50:04.819,81.100,1143,-2,15,0,1,1,1,0,0,0,1,1
2026-03-27 21:50:04.836,81.116,1144,-2,15,0,1,1,1,0,0,0,1,1
2026-03-27 21:50:04.837,81.118,1143,-2,0,0,0,0,0,0,0,0,1,1
2026-03-27 21:50:04.916,81.196,1143,-2,15,0,1,1,1,0,0,0,1,1
2026-03-27 21:50:05.012,81.293,1142,-1,15,0,1,1,1,0,0,0,1,1
2026-03-27 21:50:05.014,81.295,1143,-4,15,0,1,1,1,0,0,0,1,1
2026-03-27 21:50:05.124,81.405,1143,-5,15,0,1,1,1,0,0,0,1,1
2026-03-27 21:50:05.236,81.517,1142,-3,15,0,1,1,1,0,0,0,1,1
2026-03-27 21:50:05.364,81.644,1143,-2,15,0,1,1,1,0,0,0,1,1
2026-03-27 21:50:05.476,81.757,1144,-2,15,0,1,1,1,0,0,0,1,1
2026-03-27 21:50:05.604,81.884,1144,-2,15,0,1,1,1,0,0,0,1,1
2026-03-27 21:50:05.716,81.997,1143,-3,15,0,1,1,1,0,0,0,1,1
2026-03-27 21:50:05.717,81.998,1143,-2,14,0,1,1,1,0,0,0,1,1
2026-03-27 21:50:05.812,82.093,1142,-2,14,0,1,1,1,0,0,0,1,1
2026-03-27 21:50:05.908,82.189,1143,-2,15,0,1,1,1,0,0,0,1,1
2026-03-27 21:50:06.003,82.284,1142,-2,15,0,1,1,1,0,0,0,1,1
2026-03-27 21:50:06.116,82.397,1142,-5,14,0,1,1,1,0,0,0,1,1
2026-03-27 21:50:06.292,82.573,1142,-2,15,0,1,1,1,0,0,0,1,1
2026-03-27 21:50:06.294,82.575,1142,-2,15,0,1,1,1,0,0,0,1,1
2026-03-27 21:50:06.340,82.621,1142,-2,14,0,1,1,1,0,0,0,1,1
2026-03-27 21:50:06.404,82.685,1143,-2,15,0,1,1,1,0,0,0,1,1
2026-03-27 21:50:06.611,82.892,1142,-2,14,0,1,1,1,0,0,0,1,1
2026-03-27 21:50:06.692,82.973,1143,-2,15,0,1,1,1,0,0,0,1,1
2026-03-27 21:50:06.710,82.991,1143,-3,15,0,1,1,1,0,0,0,1,1
2026-03-27 21:50:06.723,83.004,1144,-2,15,0,1,1,1,0,0,0,1,1
2026-03-27 21:50:06.868,83.148,1142,-2,15,0,1,1,1,0,0,0,1,1
2026-03-27 21:50:06.916,83.197,1144,-2,15,0,1,1,1,0,0,0,1,1
2026-03-27 21:50:07.012,83.293,1142,-2,15,0,1,1,1,0,0,0,1,1
2026-03-27 21:50:07.124,83.404,1143,-2,15,0,1,1,1,0,0,0,1,1
2026-03-27 21:50:07.267,83.548,1142,-2,14,0,1,1,1,0,0,0,1,1
2026-03-27 21:50:07.364,83.645,1143,-2,15,0,1,1,1,0,0,0,1,1
2026-03-27 21:50:07.556,83.836,1143,-2,15,0,1,1,1,0,0,0,1,1
2026-03-27 21:50:07.571,83.852,1144,-2,15,0,1,1,1,0,0,0,1,1
2026-03-27 21:50:07.635,83.916,1143,-2,15,0,1,1,1,0,0,0,1,1
2026-03-27 21:50:07.764,84.045,1144,-2,15,0,1,1,1,0,0,1,1,1
2026-03-27 21:50:07.812,84.092,1142,-3,14,0,1,1,1,0,0,1,1,1
2026-03-27 21:50:07.987,84.268,1143,-2,15,0,1,1,1,0,0,1,1,1
2026-03-27 21:50:08.035,84.316,1144,-2,15,0,1,1,1,0,0,1,1,1
2026-03-27 21:50:08.037,84.318,1144,-2,15,0,1,1,1,0,0,1,1,1
2026-03-27 21:50:08.164,84.445,1144,-2,15,0,1,1,1,0,0,1,1,1
2026-03-27 21:50:08.259,84.540,1144,-3,14,0,1,1,1,0,0,1,1,1
2026-03-27 21:50:08.261,84.542,1144,-3,15,0,1,1,1,0,0,1,1,1
2026-03-27 21:50:08.276,84.557,1142,-3,15,0,1,1,1,0,0,1,1,1
2026-03-27 21:50:08.356,84.637,1142,-2,15,0,1,1,1,0,0,1,1,1
2026-03-27 21:50:08.484,84.764,1143,-3,14,0,1,1,1,0,0,1,1,1
2026-03-27 21:50:08.548,84.828,1142,-3,14,0,1,1,1,0,0,1,1,1
2026-03-27 21:50:08.549,84.830,1142,-3,14,0,1,1,1,0,0,1,1,1
2026-03-27 21:50:08.643,84.924,1142,-3,14,0,1,1,1,0,0,1,1,1
2026-03-27 21:50:08.803,85.084,1142,-3,12,0,1,1,1,0,0,1,1,1
2026-03-27 21:50:08.806,85.087,1142,-3,14,0,1,1,1,0,0,1,1,1
2026-03-27 21:50:08.932,85.213,1142,-3,14,0,1,1,1,0,0,1,1,1
2026-03-27 21:50:09.011,85.292,1143,-5,15,0,1,1,1,0,0,1,1,1
2026-03-27 21:50:09.091,85.372,1142,-2,14,0,1,1,1,0,0,1,1,1
2026-03-27 21:50:09.315,85.596,1143,-3,14,0,1,1,1,0,0,1,1,1
2026-03-27 21:50:09.363,85.644,1144,-3,14,0,1,1,1,0,0,1,1,1
2026-03-27 21:50:09.556,85.837,1144,-2,15,0,1,1,1,0,0,0,1,1
2026-03-27 21:50:09.635,85.916,1142,-2,14,0,1,1,1,0,0,0,1,1
2026-03-27 21:50:09.637,85.918,1142,-2,14,0,1,1,1,0,0,0,1,1
2026-03-27 21:50:09.764,86.044,1143,-2,15,0,1,1,1,0,0,0,1,1
2026-03-27 21:50:09.827,86.108,1143,-3,14,0,1,1,1,0,0,0,1,1
2026-03-27 21:50:09.955,86.236,1143,-2,15,0,1,1,1,0,0,0,1,1
2026-03-27 21:50:09.956,86.237,1144,-2,15,0,1,1,1,0,0,0,1,1
2026-03-27 21:50:10.035,86.316,1143,-2,15,0,1,1,1,0,0,0,1,1
2026-03-27 21:50:10.164,86.445,1143,-5,15,0,1,1,1,0,0,0,1,1
2026-03-27 21:50:10.167,86.448,1142,-2,15,0,1,1,1,0,0,0,1,1
2026-03-27 21:50:10.260,86.540,1142,-2,14,0,1,1,1,0,0,0,1,1
2026-03-27 21:50:10.308,86.588,1143,-5,15,0,1,1,1,0,0,0,1,1
2026-03-27 21:50:10.325,86.606,1141,-5,15,0,1,1,1,0,0,0,1,1
2026-03-27 21:50:10.436,86.717,1141,-5,15,0,1,1,1,0,0,0,1,1
2026-03-27 21:50:10.438,86.719,1142,-4,15,0,1,1,1,0,0,0,1,1
2026-03-27 21:50:10.580,86.861,1143,-2,15,0,1,1,1,0,0,0,1,1
2026-03-27 21:50:10.707,86.988,1145,-2,15,0,1,1,1,0,0,0,1,1
2026-03-27 21:50:10.787,87.068,1144,-5,15,0,1,1,1,0,0,0,1,1
2026-03-27 21:50:10.900,87.181,1143,-2,15,0,1,1,1,0,0,0,1,1
2026-03-27 21:50:11.028,87.309,1142,-5,15,0,1,1,1,0,0,0,1,1
2026-03-27 21:50:11.187,87.468,1143,-2,14,0,1,1,1,0,0,0,1,1
2026-03-27 21:50:11.283,87.564,1143,-2,15,0,1,1,1,0,0,0,1,1
2026-03-27 21:50:11.300,87.581,1143,-1,15,0,1,1,1,0,0,1,1,1
2026-03-27 21:50:11.427,87.708,1142,-3,15,0,1,1,1,0,0,1,1,1
2026-03-27 21:50:11.443,87.724,1142,-2,14,0,1,1,1,0,0,1,1,1
2026-03-27 21:50:11.523,87.804,1143,-2,15,0,1,1,1,0,0,1,1,1
2026-03-27 21:50:11.540,87.820,1144,-4,15,0,1,1,1,0,0,1,1,1
2026-03-27 21:50:11.667,87.948,1142,-5,14,0,1,1,1,0,0,1,1,1
2026-03-27 21:50:11.780,88.061,1143,-5,14,0,1,1,1,0,0,1,1,1
2026-03-27 21:50:11.908,88.189,1144,-2,14,0,1,1,1,0,0,1,1,1
2026-03-27 21:50:11.971,88.252,1142,-3,14,0,1,1,1,0,0,1,1,1
2026-03-27 21:50:11.987,88.268,1143,-2,15,0,1,1,1,0,0,1,1,1
2026-03-27 21:50:12.100,88.381,1144,-2,15,0,1,1,1,0,0,1,1,1
2026-03-27 21:50:12.195,88.476,1142,-5,14,0,1,1,1,0,0,1,1,1
2026-03-27 21:50:12.197,88.478,1142,-4,15,0,1,1,1,0,0,1,1,1
2026-03-27 21:50:12.259,88.540,1143,-2,15,0,1,1,1,0,0,1,1,1
2026-03-27 21:50:12.371,88.652,1142,-3,14,0,1,1,1,0,0,1,1,1
2026-03-27 21:50:12.451,88.732,1145,-2,15,0,1,1,1,0,0,1,1,1
2026-03-27 21:50:12.454,88.735,1144,-2,15,0,1,1,1,0,0,1,1,1
2026-03-27 21:50:12.563,88.844,1144,-2,15,0,1,1,1,0,0,1,1,1
2026-03-27 21:50:12.723,89.004,1143,-2,15,0,1,1,1,0,0,1,1,1
2026-03-27 21:50:12.787,89.068,1142,-5,14,0,1,1,1,0,0,1,1,1
2026-03-27 21:50:12.899,89.180,1143,-2,15,0,1,1,1,0,0,1,1,1
2026-03-27 21:50:12.963,89.244,1142,-5,14,0,1,1,1,0,0,1,1,1
2026-03-27 21:50:13.123,89.404,1143,-2,15,0,1,1,1,0,0,1,1,1
2026-03-27 21:50:13.187,89.468,1145,-2,15,0,1,1,1,0,0,1,1,1
2026-03-27 21:50:13.283,89.564,1144,-5,15,0,1,1,1,0,0,1,1,1
2026-03-27 21:50:13.299,89.580,1144,-5,15,0,1,1,1,0,0,1,1,1
2026-03-27 21:50:13.380,89.661,1143,-3,14,0,1,1,1,0,0,1,1,1
2026-03-27 21:50:13.491,89.771,1142,-5,14,0,1,1,1,0,0,1,1,1
2026-03-27 21:50:13.492,89.773,1142,-5,14,0,1,1,1,0,0,1,1,1
2026-03-27 21:50:13.603,89.884,1143,-3,15,0,1,1,1,0,0,1,1,1
2026-03-27 21:50:13.747,90.028,1142,-3,14,0,1,1,1,0,0,1,1,1
2026-03-27 21:50:13.763,90.044,1142,-3,14,0,1,1,1,0,0,1,1,1
2026-03-27 21:50:13.764,90.045,114215,0,0,0,1,1,1,0,0,1,1,1
2026-03-27 21:50:13.827,90.108,1143,-3,14,0,1,1,1,0,0,1,1,1
2026-03-27 21:50:13.844,90.125,1143,-3,14,0,1,1,1,0,0,1,1,1
2026-03-27 21:50:13.907,90.188,1142,-3,14,0,1,1,1,0,0,1,1,1
2026-03-27 21:50:13.910,90.190,1142,-2,14,0,1,1,1,0,0,1,1,1
2026-03-27 21:50:13.971,90.252,1142,-5,14,0,1,1,1,0,0,1,1,1
2026-03-27 21:50:14.066,90.347,1143,-2,15,0,1,1,1,0,0,1,1,1
2026-03-27 21:50:14.068,90.349,1143,-2,15,0,1,1,1,0,0,1,1,1
2026-03-27 21:50:14.211,90.492,1142,-3,14,0,1,1,1,0,0,1,1,1
2026-03-27 21:50:14.291,90.572,1143,-3,14,0,1,1,1,0,0,1,1,1
2026-03-27 21:50:14.292,90.573,1143,-2,14,0,1,1,1,0,0,1,1,1
2026-03-27 21:50:14.403,90.684,1144,-2,15,0,1,1,1,0,0,1,1,1
2026-03-27 21:50:14.483,90.764,1142,-3,14,0,1,1,1,0,0,1,1,1
2026-03-27 21:50:14.499,90.780,1142,-3,14,0,1,1,1,0,0,1,1,1
2026-03-27 21:50:14.596,90.877,1144,-4,15,0,1,1,1,0,0,1,1,1
2026-03-27 21:50:14.675,90.956,1143,-3,14,0,1,1,1,0,0,1,1,1
2026-03-27 21:50:14.786,91.067,1143,-2,14,0,1,1,1,0,0,1,1,1
2026-03-27 21:50:14.788,91.069,1143,-2,14,0,1,1,1,0,0,1,1,1
2026-03-27 21:50:14.899,91.180,1142,-3,14,0,1,1,1,0,0,1,1,1
2026-03-27 21:50:14.979,91.260,1144,-2,15,0,1,1,1,0,0,1,1,1
2026-03-27 21:50:15.090,91.371,1143,-5,15,0,1,1,1,0,0,1,1,1
2026-03-27 21:50:15.299,91.580,1143,-5,15,0,1,1,1,0,0,1,1,1
2026-03-27 21:50:15.427,91.708,1143,-2,15,0,1,1,1,0,0,1,1,1
2026-03-27 21:50:15.587,91.867,1142,-3,14,0,1,1,1,0,0,1,1,1
2026-03-27 21:50:15.588,91.869,1141,-3,15,0,1,1,1,0,0,1,1,1
2026-03-27 21:50:15.651,91.932,1143,-2,15,0,1,1,1,0,0,1,1,1
2026-03-27 21:50:15.715,91.996,1144,-2,15,0,1,1,1,0,0,1,1,1
2026-03-27 21:50:15.907,92.187,1144,-2,15,0,1,1,1,0,0,1,1,1
2026-03-27 21:50:16.019,92.300,1144,-2,14,0,1,1,1,0,0,1,1,1
2026-03-27 21:50:16.083,92.364,1141,-3,14,0,1,1,1,0,0,1,1,1
2026-03-27 21:50:16.163,92.444,1143,-3,14,0,1,1,1,0,0,1,1,1
2026-03-27 21:50:16.275,92.556,1142,-3,14,0,1,1,1,0,0,1,1,1
2026-03-27 21:50:16.403,92.684,1142,-3,14,0,1,1,1,0,0,1,1,1
2026-03-27 21:50:16.563,92.844,1143,-3,14,0,1,1,1,0,0,1,1,1
2026-03-27 21:50:16.568,92.849,1142,-5,14,0,1,1,1,0,0,1,1,1
2026-03-27 21:50:16.643,92.924,1142,-6,14,0,1,1,1,0,0,1,1,1
2026-03-27 21:50:16.771,93.052,1143,-5,15,0,1,1,1,0,0,1,1,1
2026-03-27 21:50:16.774,93.055,1142,-5,14,0,1,1,1,0,0,1,1,1
2026-03-27 21:50:16.835,93.116,1142,-5,14,0,1,1,1,0,0,1,1,1
2026-03-27 21:50:16.979,93.259,1142,-6,15,0,1,1,1,0,0,1,1,1
2026-03-27 21:50:17.059,93.340,1144,-3,14,0,1,1,1,0,0,1,1,1
2026-03-27 21:50:17.156,93.436,1142,-5,14,0,1,1,1,0,0,1,1,1
2026-03-27 21:50:17.267,93.548,1144,-2,15,0,1,1,1,0,0,1,1,1
2026-03-27 21:50:17.347,93.628,1142,-3,14,0,1,1,1,0,0,1,1,1
2026-03-27 21:50:17.365,93.645,1143,-5,15,0,1,1,1,0,0,1,1,1
2026-03-27 21:50:17.459,93.740,1143,-5,14,0,1,1,1,0,0,1,1,1
2026-03-27 21:50:17.475,93.756,1142,-3,14,0,1,1,1,0,0,1,1,1
2026-03-27 21:50:17.588,93.869,1142,-3,14,0,1,1,1,0,0,1,1,1
2026-03-27 21:50:17.667,93.948,1143,-5,15,0,1,1,1,0,0,1,1,1
2026-03-27 21:50:17.810,94.091,1144,-3,14,0,1,1,1,0,0,1,1,1
2026-03-27 21:50:17.813,94.094,1143,-3,14,0,1,1,1,0,0,1,1,1
2026-03-27 21:50:17.907,94.188,1143,-3,14,0,1,1,1,0,0,1,1,1
2026-03-27 21:50:18.019,94.300,1142,-3,14,0,1,1,1,0,0,1,1,1
2026-03-27 21:50:18.036,94.317,1142,-5,15,0,1,1,1,0,0,1,1,1
2026-03-27 21:50:18.116,94.396,1143,-5,15,0,1,1,1,0,0,1,1,1
2026-03-27 21:50:18.227,94.508,1142,-6,14,0,1,1,1,0,0,1,1,1
2026-03-27 21:50:18.228,94.509,1142,-5,15,0,1,1,1,0,0,1,1,1
2026-03-27 21:50:18.306,94.587,1143,-5,15,0,1,1,1,0,0,1,1,1
2026-03-27 21:50:18.309,94.590,1143,-5,15,0,1,1,1,0,0,1,1,1
2026-03-27 21:50:18.387,94.668,1144,-5,15,0,1,1,1,0,0,1,1,1
2026-03-27 21:50:18.515,94.795,1144,-2,15,0,1,1,1,0,0,1,1,1
2026-03-27 21:50:18.627,94.908,1143,-3,14,0,1,1,1,0,0,1,1,1
2026-03-27 21:50:18.674,94.955,1142,-2,15,0,1,1,1,0,0,1,1,1
2026-03-27 21:50:18.803,95.084,1143,-5,14,0,1,1,1,0,0,1,1,1
2026-03-27 21:50:18.915,95.196,1142,-2,15,0,1,1,1,0,0,1,1,1
2026-03-27 21:50:18.932,95.213,1142,-2,14,0,1,1,1,0,0,1,1,1
2026-03-27 21:50:19.027,95.308,1142,-3,14,0,1,1,1,0,0,1,1,1
2026-03-27 21:50:19.139,95.420,1142,-3,14,0,1,1,1,0,0,1,1,1
2026-03-27 21:50:19.219,95.500,1142,-3,14,0,1,1,1,0,0,1,1,1
2026-03-27 21:50:19.347,95.627,1144,-2,15,0,1,1,1,0,0,1,1,1
2026-03-27 21:50:19.491,95.772,1142,-3,14,0,1,1,1,0,0,1,1,1
2026-03-27 21:50:19.539,95.820,1143,-3,14,0,1,1,1,0,0,1,1,1
2026-03-27 21:50:19.651,95.932,1143,-3,14,0,1,1,1,0,0,1,1,1
2026-03-27 21:50:19.747,96.028,1143,-3,14,0,1,1,1,0,0,1,1,1
2026-03-27 21:50:19.750,96.031,1143,-2,15,0,1,1,1,0,0,1,1,1
2026-03-27 21:50:19.892,96.172,1144,-2,15,0,1,1,1,0,0,1,1,1
2026-03-27 21:50:19.894,96.175,1142,-3,14,0,1,1,1,0,0,1,1,1
2026-03-27 21:50:20.067,96.348,1142,-3,14,0,1,1,1,0,0,1,1,1
2026-03-27 21:50:20.131,96.412,1143,-2,14,0,1,1,1,0,0,1,1,1
2026-03-27 21:50:20.211,96.492,1142,-5,14,0,1,1,1,0,0,1,1,1
2026-03-27 21:50:20.307,96.587,1143,-2,15,0,1,1,1,0,0,1,1,1
2026-03-27 21:50:20.419,96.700,1143,-2,15,0,1,1,1,0,0,1,1,1
2026-03-27 21:50:20.546,96.827,1143,-3,14,0,1,1,1,0,0,1,1,1
2026-03-27 21:50:20.674,96.955,1142,-2,14,0,1,1,1,0,0,1,1,1
2026-03-27 21:50:20.676,96.957,1142,-3,15,0,1,1,1,0,0,1,1,1
2026-03-27 21:50:20.771,97.051,1143,-2,15,0,1,1,1,0,0,1,1,1
2026-03-27 21:50:20.867,97.148,1141,-5,14,0,1,1,1,0,0,1,1,1
2026-03-27 21:50:20.947,97.228,1142,-3,15,0,1,1,1,0,0,1,1,1
2026-03-27 21:50:21.107,97.388,1144,-2,15,0,1,1,1,0,0,1,1,1
2026-03-27 21:50:21.108,97.389,1144,-2,15,0,1,1,1,0,0,1,1,1
2026-03-27 21:50:21.218,97.499,1143,-2,15,0,1,1,1,0,0,1,1,1
2026-03-27 21:50:21.220,97.501,1144,-2,15,0,1,1,1,0,0,1,1,1
2026-03-27 21:50:21.283,97.564,1143,-3,14,0,1,1,1,0,0,1,1,1
2026-03-27 21:50:21.331,97.612,1142,-5,14,0,1,1,1,0,0,1,1,1
2026-03-27 21:50:21.459,97.740,1143,-5,15,0,1,1,1,0,0,1,1,1
2026-03-27 21:50:21.587,97.868,1142,-5,15,0,1,1,1,0,0,1,1,1
2026-03-27 21:50:21.602,97.883,1142,-5,15,0,1,1,1,0,0,1,1,1
2026-03-27 21:50:21.730,98.011,1143,-5,14,0,1,1,1,0,0,1,1,1
2026-03-27 21:50:21.732,98.012,1143,-6,14,0,1,1,1,0,0,1,1,1
2026-03-27 21:50:21.843,98.124,1142,-5,14,0,1,1,1,0,0,1,1,1
2026-03-27 21:50:21.923,98.204,1143,-3,14,0,1,1,1,0,0,1,1,1
2026-03-27 21:50:21.940,98.221,1144,-2,15,0,1,1,1,0,0,1,1,1
2026-03-27 21:50:22.050,98.331,1143,-5,15,0,1,1,1,0,0,1,1,1
2026-03-27 21:50:22.052,98.333,1143,-5,15,0,1,1,1,0,0,1,1,1
2026-03-27 21:50:22.146,98.427,1142,-5,14,0,1,1,1,0,0,1,1,1
2026-03-27 21:50:22.163,98.444,1142,-5,14,0,1,1,1,0,0,1,1,1
2026-03-27 21:50:22.242,98.523,1143,-5,15,0,1,1,1,0,0,1,1,1
2026-03-27 21:50:22.403,98.684,1144,-5,15,0,1,1,1,0,0,1,1,1
2026-03-27 21:50:22.404,98.685,1144,-2,15,0,1,1,1,0,0,1,1,1
2026-03-27 21:50:22.515,98.796,1142,-5,14,0,1,1,1,0,0,1,1,1
2026-03-27 21:50:22.594,98.875,1144,-2,15,0,1,1,1,0,0,1,1,1
2026-03-27 21:50:22.610,98.891,1144,-2,15,0,1,1,1,0,0,1,1,1
2026-03-27 21:50:22.723,99.004,1142,-3,14,0,1,1,1,0,0,1,1,1
2026-03-27 21:50:22.835,99.116,1144,-2,15,0,1,1,1,0,0,1,1,1
2026-03-27 21:50:22.899,99.180,1142,-3,14,0,1,1,1,0,0,1,1,1
2026-03-27 21:50:22.995,99.276,1143,-5,14,0,1,1,1,0,0,1,1,1
2026-03-27 21:50:23.091,99.372,1143,-5,15,0,1,1,1,0,0,1,1,1
2026-03-27 21:50:23.108,99.389,1143,-3,15,0,1,1,1,0,0,1,1,1
2026-03-27 21:50:23.235,99.516,1143,-3,15,0,1,1,1,0,0,1,1,1
2026-03-27 21:50:23.347,99.628,1141,-3,14,0,1,1,1,0,0,1,1,1
2026-03-27 21:50:23.443,99.724,1143,-2,15,0,1,1,1,0,0,1,1,1
2026-03-27 21:50:23.523,99.804,1141,-3,14,0,1,1,1,0,0,1,1,1
2026-03-27 21:50:23.587,99.868,1143,-2,15,0,1,1,1,0,0,1,1,1
2026-03-27 21:50:23.699,99.980,1144,-5,15,0,1,1,1,0,0,1,1,1
2026-03-27 21:50:23.795,100.076,1144,-2,15,0,1,1,1,0,0,1,1,1
2026-03-27 21:50:23.955,100.236,1143,-2,14,0,1,1,1,0,0,1,1,1
2026-03-27 21:50:23.987,100.267,1142,-2,14,0,1,1,1,0,0,1,1,1
2026-03-27 21:50:24.098,100.379,1143,-2,14,0,1,1,1,0,0,1,1,1
2026-03-27 21:50:24.243,100.524,1142,-2,14,0,1,1,1,0,0,1,1,1
2026-03-27 21:50:24.339,100.620,1143,-3,14,0,1,1,1,0,0,1,1,1
2026-03-27 21:50:24.386,100.667,1142,-2,15,0,1,1,1,0,0,1,1,1
2026-03-27 21:50:24.387,100.668,1142,-2,14,0,1,1,1,0,0,1,1,1
2026-03-27 21:50:24.531,100.812,1142,-2,14,0,1,1,1,0,0,1,1,1
2026-03-27 21:50:24.532,100.813,1142,-3,15,0,1,1,1,0,0,1,1,1
2026-03-27 21:50:24.578,100.859,1143,-5,15,0,1,1,1,0,0,1,1,1
2026-03-27 21:50:24.579,100.860,1143,-5,15,0,1,1,1,0,0,1,1,1
2026-03-27 21:50:24.691,100.972,1142,-3,14,0,1,1,1,0,0,1,1,1
2026-03-27 21:50:24.723,101.003,1143,-3,15,0,1,1,1,0,0,1,1,1
2026-03-27 21:50:24.882,101.163,1144,-3,15,0,1,1,1,0,0,1,1,1
2026-03-27 21:50:24.946,101.227,1142,-5,14,0,1,1,1,0,0,1,1,1
2026-03-27 21:50:25.091,101.372,1144,-2,15,0,1,1,1,0,0,1,1,1
2026-03-27 21:50:25.122,101.403,1142,-2,14,0,1,1,1,0,0,1,1,1
2026-03-27 21:50:25.123,101.404,1142,-3,14,0,1,1,1,0,0,1,1,1
2026-03-27 21:50:25.298,101.579,1143,-2,15,0,1,1,1,0,0,1,1,1
2026-03-27 21:50:25.347,101.628,1142,-2,14,0,1,1,1,0,0,1,1,1
2026-03-27 21:50:25.458,101.739,1143,-2,15,0,1,1,1,0,0,1,1,1
2026-03-27 21:50:25.459,101.740,1144,-2,15,0,1,1,1,0,0,1,1,1
2026-03-27 21:50:25.570,101.851,1143,-2,12,0,1,1,1,0,0,1,1,1
2026-03-27 21:50:25.602,101.883,1143,-2,15,0,1,1,1,0,0,1,1,1
2026-03-27 21:50:25.666,101.947,1141,-3,15,0,1,1,1,0,0,1,1,1
2026-03-27 21:50:25.667,101.948,1142,-3,14,0,1,1,1,0,0,1,1,1
2026-03-27 21:50:25.874,102.155,1143,-5,15,0,1,1,1,0,0,1,1,1
2026-03-27 21:50:25.890,102.171,1143,-5,15,0,1,1,1,0,0,1,1,1
2026-03-27 21:50:25.971,102.252,1142,-3,14,0,1,1,1,0,0,1,1,1
2026-03-27 21:50:25.973,102.254,1142,-5,15,0,1,1,1,0,0,1,1,1
2026-03-27 21:50:26.082,102.363,1143,-5,15,0,1,1,1,0,0,1,1,1
2026-03-27 21:50:26.179,102.460,1144,-5,15,0,1,1,1,0,0,1,1,1
2026-03-27 21:50:26.275,102.556,1144,-2,15,0,1,1,1,0,0,1,1,1
2026-03-27 21:50:26.291,102.571,1143,-3,14,0,1,1,1,0,0,1,1,1
2026-03-27 21:50:26.371,102.651,1143,-2,15,0,1,1,1,0,0,1,1,1
2026-03-27 21:50:26.467,102.748,1142,-3,15,0,1,1,1,0,0,1,1,1
2026-03-27 21:50:26.578,102.859,1143,-3,15,0,1,1,1,0,0,1,1,1
2026-03-27 21:50:26.706,102.987,1142,-2,14,0,1,1,1,0,0,1,1,1
2026-03-27 21:50:26.754,103.035,1142,-2,14,0,1,1,1,0,0,1,1,1
2026-03-27 21:50:26.930,103.211,1142,-5,14,0,1,1,1,0,0,1,1,1
2026-03-27 21:50:26.978,103.259,1142,-3,14,0,1,1,1,0,0,1,1,1
2026-03-27 21:50:26.981,103.262,1143,-2,15,0,1,1,1,0,0,1,1,1
2026-03-27 21:50:27.154,103.435,1143,-2,15,0,1,1,1,0,0,1,1,1
2026-03-27 21:50:27.219,103.500,1141,-5,14,0,1,1,1,0,0,1,1,1
2026-03-27 21:50:27.221,103.502,1141,-6,14,0,1,1,1,0,0,1,1,1
2026-03-27 21:50:27.315,103.596,1143,-5,15,0,1,1,1,0,0,0,1,1
2026-03-27 21:50:27.316,103.597,1143,-5,15,0,1,1,1,0,0,0,1,1
2026-03-27 21:50:27.427,103.707,1143,-3,14,0,1,1,1,0,0,0,1,1
2026-03-27 21:50:27.428,103.709,1142,-2,14,0,1,1,1,0,0,0,1,1
2026-03-27 21:50:27.429,103.710,1,0,0,0,0,0,0,0,0,0,0,0
2026-03-27 21:50:27.430,103.711,1144,-2,15,0,1,1,1,0,0,0,1,1
2026-03-27 21:50:27.555,103.836,1144,-2,15,0,1,1,1,0,0,0,1,1
2026-03-27 21:50:27.635,103.916,1143,-3,15,0,1,1,1,0,0,0,1,1
2026-03-27 21:50:27.714,103.995,1143,-5,15,0,1,1,1,0,0,0,1,1
2026-03-27 21:50:27.794,104.075,1142,-2,14,0,1,1,1,0,0,0,1,1
2026-03-27 21:50:27.810,104.091,1143,-2,15,0,1,1,1,0,0,0,1,1
2026-03-27 21:50:27.987,104.268,1143,-1,15,0,1,1,1,0,0,0,1,1
2026-03-27 21:50:28.050,104.331,1143,-2,15,0,1,1,1,0,0,0,1,1
2026-03-27 21:50:28.162,104.443,1143,-2,15,0,1,1,1,0,0,0,1,1
2026-03-27 21:50:28.163,104.444,1143,-2,15,0,1,1,1,0,0,0,1,1
2026-03-27 21:50:28.274,104.555,1142,-3,15,0,1,1,1,0,0,0,1,1
2026-03-27 21:50:28.338,104.619,1143,-4,15,0,1,1,1,0,0,0,1,1
2026-03-27 21:50:28.339,104.620,1143,-5,15,0,1,1,1,0,0,0,1,1
2026-03-27 21:50:28.466,104.747,1142,-2,15,0,1,1,1,0,0,0,1,1
2026-03-27 21:50:28.482,104.763,1142,-2,14,0,1,1,1,0,0,0,1,1
2026-03-27 21:50:28.626,104.907,1143,-2,15,0,1,1,1,0,0,0,1,1
2026-03-27 21:50:28.691,104.972,1144,-2,15,0,1,1,1,0,0,0,1,1
2026-03-27 21:50:28.866,105.147,1144,-2,15,0,1,1,1,0,0,0,1,1
2026-03-27 21:50:28.868,105.149,1144,-2,15,0,1,1,1,0,0,0,1,1
2026-03-27 21:50:28.946,105.227,1143,-2,15,0,1,1,1,0,0,0,1,1
2026-03-27 21:50:28.948,105.229,1143,-5,14,0,1,1,1,0,0,0,1,1
2026-03-27 21:50:29.043,105.324,1142,-2,15,0,1,1,1,0,0,0,1,1
2026-03-27 21:50:29.060,105.341,1143,-2,15,0,1,1,1,0,0,0,1,1
2026-03-27 21:50:29.139,105.420,1143,-2,14,0,1,1,1,0,0,0,1,1
2026-03-27 21:50:29.234,105.515,1141,-3,15,0,1,1,1,0,0,0,1,1
2026-03-27 21:50:29.235,105.516,1142,-2,15,0,1,1,1,0,0,0,1,1
2026-03-27 21:50:29.237,105.518,1142,-2,14,0,1,1,1,0,0,0,1,1
2026-03-27 21:50:29.298,105.579,1142,-2,14,0,1,1,1,0,0,0,1,1
2026-03-27 21:50:29.394,105.675,1142,-5,14,0,1,1,1,0,0,0,1,1
2026-03-27 21:50:29.395,105.676,1142,-2,14,0,1,1,1,0,0,0,1,1
2026-03-27 21:50:29.506,105.787,1142,-2,15,0,1,1,1,0,0,0,1,1
2026-03-27 21:50:29.586,105.867,1142,-1,15,0,1,1,1,0,0,0,1,1
2026-03-27 21:50:29.731,106.012,1142,-2,14,0,1,1,1,0,0,0,1,1
2026-03-27 21:50:29.810,106.091,1143,-2,14,0,1,1,1,0,0,0,1,1
2026-03-27 21:50:29.970,106.251,1143,-5,15,0,1,1,1,0,0,0,1,1
2026-03-27 21:50:30.067,106.347,1142,-2,15,0,1,1,1,0,0,0,1,1
2026-03-27 21:50:30.114,106.395,1144,-2,15,0,1,1,1,0,0,0,1,1
2026-03-27 21:50:30.210,106.491,1142,-2,15,0,1,1,1,0,0,0,1,1
2026-03-27 21:50:30.291,106.572,1143,-2,15,0,1,1,1,0,0,0,1,1
2026-03-27 21:50:30.418,106.699,1143,-3,15,0,1,1,1,0,0,0,1,1
2026-03-27 21:50:30.515,106.796,1143,-2,15,0,1,1,1,0,0,0,1,1
2026-03-27 21:50:30.594,106.875,1143,-2,15,0,1,1,1,0,0,0,1,1
2026-03-27 21:50:30.706,106.987,1143,-2,15,0,1,1,1,0,0,0,1,1
2026-03-27 21:50:30.802,107.083,1142,-2,14,0,1,1,1,0,0,0,1,1
2026-03-27 21:50:30.866,107.147,1143,-2,15,0,1,1,1,0,0,0,1,1
2026-03-27 21:50:30.993,107.274,1141,-2,15,0,1,1,1,0,0,0,1,1
2026-03-27 21:50:30.995,107.276,1141,-3,15,0,1,1,1,0,0,0,1,1
2026-03-27 21:50:31.011,107.292,1142,-2,15,0,1,1,1,0,0,0,1,1
2026-03-27 21:50:31.090,107.371,1143,-2,15,0,1,1,1,0,0,0,1,1
2026-03-27 21:50:31.251,107.532,1145,-2,15,0,1,1,1,0,0,0,1,1
2026-03-27 21:50:31.330,107.611,1143,-2,15,0,1,1,1,0,0,0,1,1
2026-03-27 21:50:31.333,107.613,1143,-5,15,0,1,1,1,0,0,0,1,1
2026-03-27 21:50:31.394,107.675,1143,-2,15,0,1,1,1,0,0,0,1,1
2026-03-27 21:50:31.522,107.803,1142,-2,15,0,1,1,1,0,0,0,1,1
2026-03-27 21:50:31.523,107.804,1142,-2,15,0,1,1,1,0,0,0,1,1
2026-03-27 21:50:31.666,107.947,1143,-5,15,0,1,1,1,0,0,0,1,1
2026-03-27 21:50:31.729,108.010,1142,-2,15,0,1,1,1,0,0,0,1,1
2026-03-27 21:50:31.731,108.012,1142,-5,14,0,1,1,1,0,0,0,1,1
2026-03-27 21:50:31.746,108.027,1142,-3,14,0,1,1,1,0,0,0,1,1
2026-03-27 21:50:31.778,108.059,1142,-2,15,0,1,1,1,0,0,0,1,1
2026-03-27 21:50:31.939,108.220,1142,-5,14,0,1,1,1,0,0,0,1,1
2026-03-27 21:50:32.018,108.299,1142,-5,14,0,1,1,1,0,0,0,1,1
2026-03-27 21:50:32.179,108.460,1143,-2,15,0,1,1,1,0,0,0,1,1
2026-03-27 21:50:32.227,108.508,1142,-2,14,0,1,1,1,0,0,0,1,1
2026-03-27 21:50:32.338,108.619,1143,-2,15,0,1,1,1,0,0,0,1,1
2026-03-27 21:50:32.450,108.731,1143,-5,15,0,1,1,1,0,0,0,1,1
2026-03-27 21:50:32.531,108.812,1142,-3,14,0,1,1,1,0,0,0,1,1
2026-03-27 21:50:32.675,108.956,1144,-4,15,0,1,1,1,0,0,0,1,1
2026-03-27 21:50:32.770,109.051,1142,-2,15,0,1,1,1,0,0,0,1,1
2026-03-27 21:50:32.915,109.196,1143,-2,15,0,1,1,1,0,0,0,1,1
2026-03-27 21:50:33.059,109.340,1141,-2,15,0,1,1,1,0,0,0,1,1
2026-03-27 21:50:33.139,109.419,1143,-2,15,0,1,1,1,0,0,0,1,1
2026-03-27 21:50:33.282,109.563,1143,-2,15,0,1,1,1,0,0,0,1,1
2026-03-27 21:50:33.346,109.627,1143,-5,15,0,1,1,1,0,0,0,1,1
2026-03-27 21:50:33.363,109.644,1141,-5,15,0,1,1,1,0,0,0,1,1
2026-03-27 21:50:33.474,109.755,1142,-5,15,0,1,1,1,0,0,0,1,1
2026-03-27 21:50:33.476,109.757,1142,-2,15,0,1,1,1,0,0,0,1,1
2026-03-27 21:50:33.554,109.835,1143,-2,15,0,1,1,1,0,0,0,1,1
2026-03-27 21:50:33.556,109.837,1141,-5,15,0,1,1,1,0,0,0,1,1
2026-03-27 21:50:33.667,109.948,1141,-5,15,0,1,1,1,0,0,0,1,1
2026-03-27 21:50:33.731,110.012,1142,-4,15,0,1,1,1,0,0,0,1,1
2026-03-27 21:50:33.874,110.155,1144,-2,15,0,1,1,1,0,0,0,1,1
2026-03-27 21:50:34.018,110.299,1144,-4,15,0,1,1,1,0,0,0,1,1
2026-03-27 21:50:34.081,110.362,1142,-2,14,0,1,1,1,0,0,0,1,1
2026-03-27 21:50:34.099,110.380,1142,-2,14,0,1,1,1,0,0,0,1,1
2026-03-27 21:50:34.226,110.507,1141,-5,15,0,1,1,1,0,0,0,1,1
2026-03-27 21:50:34.402,110.683,1142,-2,15,0,1,1,1,0,0,0,1,1
2026-03-27 21:50:34.466,110.747,1142,-2,15,0,1,1,1,0,0,0,1,1
2026-03-27 21:50:34.530,110.811,1143,-2,14,0,1,1,1,0,0,0,1,1
2026-03-27 21:50:34.594,110.875,1142,-2,15,0,1,1,1,0,0,0,1,1
2026-03-27 21:50:34.723,111.003,1142,-2,15,0,1,1,1,0,0,0,1,1
2026-03-27 21:50:34.738,111.019,1142,-1,15,0,1,1,1,0,0,0,1,1
2026-03-27 21:50:34.851,111.132,1143,-2,15,0,1,1,1,0,0,0,1,1
2026-03-27 21:50:34.962,111.243,1142,-5,15,0,1,1,1,0,0,0,1,1
2026-03-27 21:50:35.059,111.339,1142,-3,15,0,1,1,1,0,0,0,1,1
2026-03-27 21:50:35.187,111.468,1143,-2,15,0,1,1,1,0,0,0,1,1
2026-03-27 21:50:35.218,111.499,1142,-2,14,0,1,1,1,0,0,0,1,1
2026-03-27 21:50:35.554,111.835,1143,-2,15,0,1,1,1,0,0,0,1,1
2026-03-27 21:50:35.666,111.947,1142,-2,15,0,1,1,1,0,0,0,1,1
2026-03-27 21:50:35.778,112.059,1143,-2,14,0,1,1,1,0,0,0,1,1
2026-03-27 21:50:35.890,112.170,1144,-2,15,0,1,1,1,0,0,0,1,1
2026-03-27 21:50:35.906,112.187,1144,-2,15,0,1,1,1,0,0,0,1,1
2026-03-27 21:50:35.970,112.251,1143,-2,15,0,1,1,1,0,0,0,1,1
2026-03-27 21:50:35.986,112.266,1144,-2,15,0,1,1,1,0,0,0,1,1
2026-03-27 21:50:36.098,112.379,1142,-2,15,0,1,1,1,0,0,0,1,1
2026-03-27 21:50:36.099,112.380,1142,-2,15,0,1,1,1,0,0,0,1,1
2026-03-27 21:50:36.162,112.443,1143,-2,15,0,1,1,1,0,0,0,1,1
2026-03-27 21:50:36.227,112.508,1141,-3,15,0,1,1,1,0,0,0,1,1
2026-03-27 21:50:36.242,112.523,1142,-2,15,0,1,1,1,0,0,0,1,1
2026-03-27 21:50:36.354,112.635,1143,-2,15,0,1,1,1,0,0,0,1,1
2026-03-27 21:50:36.450,112.731,1144,-2,15,0,1,1,1,0,0,0,1,1
2026-03-27 21:50:36.529,112.810,1143,-2,15,0,1,1,1,0,0,0,1,1
2026-03-27 21:50:36.531,112.812,1144,-2,15,0,1,1,1,0,0,0,1,1
2026-03-27 21:50:36.626,112.907,1142,-2,15,0,1,1,1,0,0,0,1,1
2026-03-27 21:50:36.818,113.099,1142,-4,14,0,1,1,1,0,0,0,1,1
2026-03-27 21:50:37.010,113.291,1142,-5,15,0,1,1,1,0,0,0,1,1
2026-03-27 21:50:37.106,113.387,1143,-2,14,0,1,1,1,0,0,0,1,1
2026-03-27 21:50:37.267,113.548,1142,-2,15,0,1,1,1,0,0,0,1,1
2026-03-27 21:50:37.298,113.579,1143,-5,15,0,1,1,1,0,0,0,1,1
2026-03-27 21:50:37.425,113.706,1143,-2,15,0,1,1,1,0,0,0,1,1
2026-03-27 21:50:37.443,113.723,1144,-2,15,0,1,1,1,0,0,0,1,1
2026-03-27 21:50:37.538,113.819,1141,-5,14,0,1,1,1,0,0,0,1,1
2026-03-27 21:50:37.541,113.822,1142,-3,15,0,1,1,1,0,0,0,1,1
2026-03-27 21:50:37.618,113.899,1143,-3,15,0,1,1,1,0,0,0,1,1
2026-03-27 21:50:37.635,113.916,1143,-2,15,0,1,1,1,0,0,0,1,1
2026-03-27 21:50:37.730,114.011,1143,-2,15,0,1,1,1,0,0,0,1,1
2026-03-27 21:50:37.810,114.091,1142,-2,14,0,1,1,1,0,0,0,1,1
2026-03-27 21:50:37.825,114.106,1142,-2,15,0,1,1,1,0,0,0,1,1
2026-03-27 21:50:38.098,114.379,1143,-2,14,0,1,1,1,0,0,0,1,1
2026-03-27 21:50:38.306,114.587,1142,-3,15,0,1,1,1,0,0,0,1,1
2026-03-27 21:50:38.401,114.682,1144,-2,15,0,1,1,1,0,0,0,1,1
2026-03-27 21:50:38.481,114.762,1143,-4,15,0,1,1,1,0,0,0,1,1
2026-03-27 21:50:38.482,114.763,1144,-5,15,0,1,1,1,0,0,0,1,1
2026-03-27 21:50:38.561,114.842,1143,-2,15,0,1,1,1,0,0,0,1,1
2026-03-27 21:50:38.563,114.844,1144,-2,15,0,1,1,1,0,0,0,1,1
2026-03-27 21:50:38.658,114.939,1141,-5,14,0,1,1,1,0,0,0,1,1
2026-03-27 21:50:38.662,114.943,1143,-2,15,0,1,1,1,0,0,0,1,1
2026-03-27 21:50:38.786,115.067,1144,-1,15,0,1,1,1,0,0,0,1,1
2026-03-27 21:50:38.978,115.258,1142,-5,14,0,1,1,1,0,0,0,1,1
2026-03-27 21:50:38.980,115.261,1142,-5,15,0,1,1,1,0,0,0,1,1
2026-03-27 21:50:39.058,115.339,1143,-5,15,0,1,1,1,0,0,0,1,1
2026-03-27 21:50:39.121,115.402,1144,-2,15,0,1,1,1,0,0,0,1,1
2026-03-27 21:50:39.123,115.404,1144,-2,15,0,1,1,1,0,0,0,1,1
2026-03-27 21:50:39.124,115.405,1,0,0,0,0,0,0,0,0,0,1,1
2026-03-27 21:50:39.249,115.530,1144,-1,15,0,1,1,1,0,0,0,1,1
2026-03-27 21:50:39.250,115.531,1144,-2,15,0,1,1,1,0,0,0,1,1
2026-03-27 21:50:39.266,115.546,1142,-2,15,0,1,1,1,0,0,0,1,1
2026-03-27 21:50:39.298,115.579,1143,-2,15,0,1,1,1,0,0,0,1,1
2026-03-27 21:50:39.427,115.708,1142,-5,15,0,1,1,1,0,0,0,1,1
2026-03-27 21:50:39.570,115.851,1143,-2,15,0,1,1,1,0,0,0,1,1
2026-03-27 21:50:39.649,115.930,1142,-2,15,0,1,1,1,0,0,0,1,1
2026-03-27 21:50:39.651,115.932,1142,-2,15,0,1,1,1,0,0,0,1,1
2026-03-27 21:50:39.794,116.075,1143,-5,15,0,1,1,1,0,0,0,1,1
2026-03-27 21:50:39.796,116.077,1142,-2,14,0,1,1,1,0,0,0,1,1
2026-03-27 21:50:39.906,116.187,1142,-2,15,0,1,1,1,0,0,0,1,1
2026-03-27 21:50:39.954,116.235,1142,-2,14,0,1,1,1,0,0,0,1,1
2026-03-27 21:50:40.082,116.363,1144,-2,15,0,1,1,1,0,0,0,1,1
2026-03-27 21:50:40.130,116.411,1142,-3,15,0,1,1,1,0,0,0,1,1
2026-03-27 21:50:40.290,116.571,1143,-5,14,0,1,1,1,0,0,0,1,1
2026-03-27 21:50:40.418,116.699,1144,-2,15,0,1,1,1,0,0,0,1,1
2026-03-27 21:50:40.466,116.747,1142,-2,14,0,1,1,1,0,0,0,1,1
2026-03-27 21:50:40.467,116.748,1142,-3,15,0,1,1,1,0,0,0,1,1
2026-03-27 21:50:40.545,116.826,1144,-2,15,0,1,1,1,0,0,0,1,1
2026-03-27 21:50:40.561,116.842,1144,-2,15,0,1,1,1,0,0,0,1,1
2026-03-27 21:50:40.706,116.987,1142,-2,14,0,1,1,1,0,0,0,1,1
2026-03-27 21:50:40.801,117.082,1143,-2,15,0,1,1,1,0,0,0,1,1
2026-03-27 21:50:40.865,117.146,1142,-5,14,0,1,1,1,0,0,0,1,1
2026-03-27 21:50:40.881,117.162,1144,-2,15,0,1,1,1,0,0,0,1,1
2026-03-27 21:50:40.961,117.242,1144,-2,15,0,1,1,1,0,0,0,1,1
2026-03-27 21:50:41.154,117.435,1144,-2,15,0,1,1,1,0,0,0,1,1
2026-03-27 21:50:41.201,117.482,1143,-2,15,0,1,1,1,0,0,0,1,1
2026-03-27 21:50:41.203,117.483,1143,-2,15,0,1,1,1,0,0,0,1,1
2026-03-27 21:50:41.298,117.579,1142,-5,15,0,1,1,1,0,0,0,1,1
2026-03-27 21:50:41.410,117.691,1143,-2,15,0,1,1,1,0,0,0,1,1
2026-03-27 21:50:41.490,117.771,1142,-6,15,0,1,1,1,0,0,0,1,1
2026-03-27 21:50:41.491,117.772,1142,-5,15,0,1,1,1,0,0,0,1,1
2026-03-27 21:50:41.617,117.898,1142,-2,15,0,1,1,1,0,0,0,1,1
2026-03-27 21:50:41.730,118.011,1144,-2,15,0,1,1,1,0,0,0,1,1
2026-03-27 21:50:41.731,118.012,1144,-1,15,0,1,1,1,0,0,0,1,1
2026-03-27 21:50:41.921,118.202,1144,-2,15,0,1,1,1,0,0,0,1,1
2026-03-27 21:50:41.923,118.204,1144,-2,15,0,1,1,1,0,0,0,1,1
2026-03-27 21:50:41.953,118.234,1143,-2,15,0,1,1,1,0,0,0,1,1
2026-03-27 21:50:41.969,118.250,1143,-2,14,0,1,1,1,0,0,0,1,1
2026-03-27 21:50:42.257,118.538,1142,-5,14,0,1,1,1,0,0,0,1,1
2026-03-27 21:50:42.338,118.619,1143,-2,14,0,1,1,1,0,0,0,1,1
2026-03-27 21:50:42.514,118.795,1142,-5,15,0,1,1,1,0,0,0,1,1
2026-03-27 21:50:42.626,118.906,1142,-2,15,0,1,1,1,0,0,0,1,1
2026-03-27 21:50:42.657,118.938,1143,-4,15,0,1,1,1,0,0,0,1,1
2026-03-27 21:50:42.659,118.940,1143,-4,15,0,1,1,1,0,0,0,1,1
2026-03-27 21:50:42.769,119.050,1142,-2,15,0,1,1,1,0,0,0,1,1
2026-03-27 21:50:42.785,119.066,1142,-3,15,0,1,1,1,0,0,0,1,1
2026-03-27 21:50:42.866,119.147,1143,-2,15,0,1,1,1,0,0,0,1,1
2026-03-27 21:50:43.026,119.306,1144,-2,15,0,1,1,1,0,0,0,1,1
2026-03-27 21:50:43.028,119.308,1143,-1,15,0,1,1,1,0,0,0,1,1
2026-03-27 21:50:43.073,119.354,1142,-3,15,0,1,1,1,0,0,0,1,1
2026-03-27 21:50:43.202,119.483,1144,-4,15,0,1,1,1,0,0,0,1,1
2026-03-27 21:50:43.329,119.610,1142,-5,15,0,1,1,1,0,0,0,1,1
2026-03-27 21:50:43.457,119.738,1142,-5,14,0,1,1,1,0,0,0,1,1
2026-03-27 21:50:43.521,119.802,1142,-5,14,0,1,1,1,0,0,0,1,1
2026-03-27 21:50:43.665,119.946,1143,-5,15,0,1,1,1,0,0,0,1,1
2026-03-27 21:50:43.667,119.948,1144,-5,15,0,1,1,1,0,0,0,1,1
2026-03-27 21:50:43.794,120.074,1144,-2,15,0,1,1,1,0,0,0,1,1
2026-03-27 21:50:43.810,120.091,1144,-2,15,0,1,1,1,0,0,0,1,1
2026-03-27 21:50:43.873,120.154,1143,-4,14,0,1,1,1,0,0,0,1,1
2026-03-27 21:50:43.875,120.156,1143,-5,14,0,1,1,1,0,0,0,1,1
2026-03-27 21:50:43.937,120.218,1142,-3,15,0,1,1,1,0,0,0,1,1
2026-03-27 21:50:44.066,120.347,1143,-5,15,0,1,1,1,0,0,0,1,1
2026-03-27 21:50:44.257,120.538,1141,-5,14,0,1,1,1,0,0,0,1,1
2026-03-27 21:50:44.337,120.618,1142,-2,15,0,1,1,1,0,0,0,1,1
2026-03-27 21:50:44.481,120.762,1144,-2,15,0,1,1,1,0,0,0,1,1
2026-03-27 21:50:44.529,120.810,1143,-2,15,0,1,1,1,0,0,0,1,1
2026-03-27 21:50:44.530,120.811,1144,-2,15,0,1,1,1,0,0,0,1,1
2026-03-27 21:50:44.545,120.826,1142,-5,15,0,1,1,1,0,0,0,1,1
2026-03-27 21:50:44.641,120.922,1143,-5,15,0,1,1,1,0,0,0,1,1
2026-03-27 21:50:44.753,121.034,1141,-2,15,0,1,1,1,0,0,0,1,1
2026-03-27 21:50:44.754,121.035,1142,-2,15,0,1,1,1,0,0,0,1,1
2026-03-27 21:50:44.756,121.037,1143,-2,15,0,1,1,1,0,0,0,1,1
2026-03-27 21:50:44.881,121.162,1143,-2,15,0,1,1,1,0,0,0,1,1
2026-03-27 21:50:44.882,121.163,1143,-1,15,0,1,0,0,0,0,0,0,0
2026-03-27 21:50:44.884,121.165,1143,-2,14,0,1,1,1,0,0,0,1,1
2026-03-27 21:50:44.962,121.242,1143,-2,14,0,1,1,1,0,0,0,1,1
2026-03-27 21:50:45.057,121.338,1143,-3,15,0,1,1,1,0,0,0,1,1
2026-03-27 21:50:45.059,121.339,1142,-2,14,0,1,1,1,0,0,0,1,1
2026-03-27 21:50:45.185,121.465,1142,-3,15,0,1,1,1,0,0,0,1,1
2026-03-27 21:50:45.281,121.562,1142,-2,15,0,1,1,1,0,0,0,1,1
2026-03-27 21:50:45.393,121.674,1143,-2,15,0,1,1,1,0,0,0,1,1
2026-03-27 21:50:45.457,121.738,1142,-3,15,0,1,1,1,0,0,0,1,1
2026-03-27 21:50:45.521,121.802,1143,-2,14,0,1,1,1,0,0,0,1,1
2026-03-27 21:50:45.681,121.962,1143,-2,15,0,1,1,1,0,0,0,1,1
2026-03-27 21:50:45.761,122.042,1142,-2,15,0,1,1,1,0,0,0,1,1
2026-03-27 21:50:45.874,122.155,1144,-2,15,0,1,1,1,0,0,0,1,1
2026-03-27 21:50:46.017,122.298,1142,-2,15,0,1,1,1,0,0,0,1,1
2026-03-27 21:50:46.019,122.300,1142,-2,14,0,1,1,1,0,0,0,1,1
2026-03-27 21:50:46.020,122.301,1142,1,0,0,0,0,0,0,0,0,1,1
2026-03-27 21:50:46.098,122.379,1143,-2,15,0,1,1,1,0,0,0,1,1
2026-03-27 21:50:46.099,122.380,1143,-4,15,0,1,1,1,0,0,0,1,1
2026-03-27 21:50:46.209,122.490,1142,-2,15,0,1,1,1,0,0,0,1,1
2026-03-27 21:50:46.305,122.586,1144,-2,15,0,1,1,1,0,0,0,1,1
2026-03-27 21:50:46.321,122.602,1144,-2,15,0,1,1,1,0,0,0,1,1
2026-03-27 21:50:46.417,122.698,1144,-2,15,0,1,1,1,0,0,0,1,1
2026-03-27 21:50:46.497,122.778,1143,-4,14,0,1,1,1,0,0,0,1,1
2026-03-27 21:50:46.642,122.923,1142,-5,15,0,1,1,1,0,0,0,1,1
2026-03-27 21:50:46.786,123.067,1143,-2,15,0,1,1,1,0,0,0,1,1
2026-03-27 21:50:46.817,123.098,1142,-2,15,0,1,1,1,0,0,0,1,1
2026-03-27 21:50:47.026,123.307,1143,-2,15,0,1,1,1,0,0,0,1,1
2026-03-27 21:50:47.074,123.355,1144,-2,15,0,1,1,1,0,0,0,1,1
2026-03-27 21:50:47.249,123.530,1142,-2,15,0,1,1,1,0,0,0,0,1
2026-03-27 21:50:47.345,123.626,1143,-2,15,0,1,1,1,0,0,0,0,1
2026-03-27 21:50:47.361,123.642,1142,-2,15,0,1,1,1,0,0,0,0,1
2026-03-27 21:50:47.474,123.754,1142,-2,15,0,1,1,1,0,0,0,0,1
2026-03-27 21:50:47.554,123.835,1142,-2,14,0,1,1,1,0,0,0,0,1
2026-03-27 21:50:47.665,123.946,1143,-5,15,0,1,1,1,0,0,0,0,1
2026-03-27 21:50:47.777,124.058,1143,-2,15,0,1,1,1,0,0,0,0,1
2026-03-27 21:50:47.794,124.075,1143,-2,16,0,1,1,1,0,0,0,0,1
2026-03-27 21:50:47.937,124.218,1142,-2,15,0,1,1,1,0,0,0,0,1
2026-03-27 21:50:47.985,124.266,1143,-5,15,0,1,1,1,0,0,0,0,1
2026-03-27 21:50:48.177,124.458,1143,-1,15,0,1,1,1,0,0,0,0,1
2026-03-27 21:50:48.450,124.731,1142,-2,14,0,1,1,1,0,0,0,0,1
2026-03-27 21:50:48.593,124.874,1143,-2,15,0,1,1,1,0,0,0,0,1
2026-03-27 21:50:48.721,125.002,1142,-2,15,0,1,1,1,0,0,0,0,1
2026-03-27 21:50:48.769,125.050,1144,-1,15,0,1,1,1,0,0,0,0,1
2026-03-27 21:50:48.770,125.051,1144,-2,15,0,1,1,1,0,0,0,0,1
2026-03-27 21:50:48.849,125.130,1144,-2,15,0,1,1,1,0,0,0,0,1
2026-03-27 21:50:48.865,125.146,1143,-5,15,0,1,1,1,0,0,0,0,1
2026-03-27 21:50:48.961,125.242,1143,-2,14,0,1,1,1,0,0,0,0,1
2026-03-27 21:50:49.153,125.434,1142,-2,15,0,1,1,1,0,0,0,0,1
2026-03-27 21:50:49.250,125.530,1143,-2,15,0,1,1,1,0,0,0,0,1
2026-03-27 21:50:49.252,125.533,1142,-2,15,0,1,1,1,0,0,0,1,1
2026-03-27 21:50:49.346,125.627,1143,-2,15,0,1,1,1,0,0,0,1,1
2026-03-27 21:50:49.362,125.643,1144,-1,15,0,1,1,1,0,0,0,1,1
2026-03-27 21:50:49.425,125.706,1144,-2,15,0,1,1,1,0,0,0,1,1
2026-03-27 21:50:49.537,125.818,1143,-4,15,0,1,1,1,0,0,0,1,1
2026-03-27 21:50:49.665,125.946,1143,-5,14,0,1,1,1,0,0,0,1,1
2026-03-27 21:50:49.841,126.122,1142,-2,15,0,1,1,1,0,0,0,1,1
2026-03-27 21:50:49.889,126.170,1143,-2,15,0,1,1,1,0,0,0,1,1
2026-03-27 21:50:49.969,126.250,1142,-4,15,0,1,1,1,0,0,0,1,1
2026-03-27 21:50:50.049,126.330,1142,-5,14,0,1,1,1,0,0,0,1,1
2026-03-27 21:50:50.050,126.331,1142,-2,14,0,1,1,1,0,0,0,1,1
2026-03-27 21:50:50.242,126.523,1143,-2,14,0,1,1,1,0,0,0,1,1
2026-03-27 21:50:50.259,126.539,1143,-5,15,0,1,1,1,0,0,0,1,1
2026-03-27 21:50:50.433,126.714,1143,-2,15,0,1,1,1,0,0,0,1,1
2026-03-27 21:50:50.481,126.762,1142,-5,15,0,1,1,1,0,0,0,1,1
2026-03-27 21:50:50.497,126.778,1142,-5,15,0,1,1,1,0,0,0,1,1
2026-03-27 21:50:50.593,126.874,1143,-5,15,0,1,1,1,0,0,0,1,1
2026-03-27 21:50:50.705,126.986,1143,-2,15,0,1,1,1,0,0,0,1,1
2026-03-27 21:50:50.721,127.002,1142,-2,15,0,1,1,1,0,0,0,1,1
2026-03-27 21:50:50.866,127.147,1141,-3,15,0,1,1,1,0,0,0,1,1
2026-03-27 21:50:50.945,127.226,1144,-1,16,0,1,1,1,0,0,0,1,1
2026-03-27 21:50:50.961,127.242,1142,-3,15,0,1,1,1,0,0,0,1,1
2026-03-27 21:50:51.153,127.434,1143,-2,15,0,1,1,1,0,0,0,1,1
2026-03-27 21:50:51.232,127.513,1142,-2,14,0,1,1,1,0,0,0,1,1
2026-03-27 21:50:51.234,127.515,1143,-2,15,0,1,1,1,0,0,0,1,1
2026-03-27 21:50:51.313,127.594,1144,-2,15,0,1,1,1,0,0,0,1,1
2026-03-27 21:50:51.425,127.706,1143,-5,15,0,1,1,1,0,0,0,1,1
2026-03-27 21:50:51.473,127.754,1143,-2,15,0,1,1,1,0,0,0,1,1
2026-03-27 21:50:51.681,127.962,1142,-2,15,0,1,1,1,0,0,0,1,1
2026-03-27 21:50:51.761,128.042,1143,-2,15,0,1,1,1,0,0,0,1,1
2026-03-27 21:50:51.810,128.091,1142,-2,14,0,1,1,1,0,0,0,1,1
2026-03-27 21:50:51.938,128.219,1143,-5,15,0,1,1,1,0,0,0,1,1
2026-03-27 21:50:52.033,128.314,1144,-2,15,0,1,1,1,0,0,0,1,1
2026-03-27 21:50:52.049,128.330,1144,-1,15,0,1,1,1,0,0,0,1,1
2026-03-27 21:50:52.161,128.441,1143,-4,15,0,1,1,1,0,0,0,1,1
2026-03-27 21:50:52.162,128.443,1144,-5,15,0,1,1,1,0,0,0,1,1
2026-03-27 21:50:52.163,128.444,1143,0,0,0,0,0,0,0,0,0,1,1
2026-03-27 21:50:52.209,128.490,1143,-2,15,0,1,1,1,0,0,0,1,1
2026-03-27 21:50:52.211,128.491,1143,-2,15,0,1,1,1,0,0,0,1,1
2026-03-27 21:50:52.353,128.634,1142,-5,15,0,1,1,1,0,0,0,1,1
2026-03-27 21:50:52.466,128.747,1143,-2,15,0,1,1,1,0,0,0,1,1
2026-03-27 21:50:52.561,128.842,1141,-2,15,0,1,1,1,0,0,0,1,1
2026-03-27 21:50:52.577,128.858,1142,-2,15,0,1,1,1,0,0,0,1,1
2026-03-27 21:50:52.657,128.938,1143,-2,15,0,1,1,1,0,0,0,1,1
2026-03-27 21:50:52.759,129.040,1142,-2,14,0,1,1,1,0,0,0,1,1
2026-03-27 21:50:52.763,129.044,1142,-4,15,0,1,1,1,0,0,0,1,1
2026-03-27 21:50:52.897,129.178,1142,-2,15,0,1,1,1,0,0,0,1,1
2026-03-27 21:50:52.977,129.258,1143,-4,15,0,1,1,1,0,0,0,1,1
2026-03-27 21:50:53.217,129.498,1143,-2,15,0,1,1,1,0,0,0,1,1
2026-03-27 21:50:53.377,129.658,1142,-2,15,0,1,1,1,0,0,0,1,1
2026-03-27 21:50:53.473,129.754,1143,-2,15,0,1,1,1,0,0,0,1,1
2026-03-27 21:50:53.553,129.834,1142,-5,15,0,1,1,1,0,0,0,1,1
2026-03-27 21:50:53.649,129.930,1143,-4,15,0,1,1,1,0,0,0,1,1
2026-03-27 21:50:53.809,130.090,1142,-2,14,0,1,1,1,0,0,0,1,1
2026-03-27 21:50:53.857,130.138,1144,-5,15,0,1,1,1,0,0,0,1,1
2026-03-27 21:50:53.859,130.140,1144,-2,15,0,1,1,1,0,0,0,1,1
2026-03-27 21:50:54.017,130.298,1144,-2,15,0,1,1,1,0,0,0,1,1
2026-03-27 21:50:54.129,130.410,1143,-5,15,0,1,1,1,0,0,0,1,1
2026-03-27 21:50:54.241,130.522,1141,-2,14,0,1,1,1,0,0,0,1,1
2026-03-27 21:50:54.369,130.650,1142,-2,15,0,1,1,1,0,0,0,1,1
2026-03-27 21:50:54.449,130.730,1142,-2,14,0,1,1,1,0,0,0,1,1
2026-03-27 21:50:54.497,130.778,1142,-2,15,0,1,1,1,0,0,0,1,1
2026-03-27 21:50:54.672,130.953,1144,-2,15,0,1,1,1,0,0,0,1,1
2026-03-27 21:50:54.737,131.018,1143,-5,15,0,1,1,1,0,0,0,1,1
2026-03-27 21:50:54.738,131.019,1144,-2,15,0,1,1,1,0,0,0,1,1
2026-03-27 21:50:54.865,131.146,1142,-2,14,0,1,1,1,0,0,0,1,1
2026-03-27 21:50:54.962,131.243,1141,-2,15,0,1,1,1,0,0,0,1,1
2026-03-27 21:50:55.057,131.338,1142,-3,15,0,1,1,1,0,0,0,1,1
2026-03-27 21:50:55.153,131.434,1142,-2,15,0,1,1,1,0,0,0,1,1
2026-03-27 21:50:55.265,131.546,1142,-2,14,0,1,1,1,0,0,0,1,1
2026-03-27 21:50:55.441,131.722,1142,-2,14,0,1,1,1,0,0,0,1,1
2026-03-27 21:50:55.553,131.834,1142,-2,14,0,1,1,1,0,0,0,1,1
2026-03-27 21:50:55.585,131.866,1143,-4,15,0,1,1,1,0,0,0,1,1
2026-03-27 21:50:55.745,132.026,1142,-5,15,0,1,1,1,0,0,0,1,1
2026-03-27 21:50:55.841,132.122,1142,-5,15,0,1,1,1,0,0,0,1,1
2026-03-27 21:50:55.969,132.250,1143,-3,15,0,1,1,1,0,0,0,1,1
2026-03-27 21:50:55.986,132.267,1142,-3,15,0,1,1,1,0,0,0,1,1
2026-03-27 21:50:56.049,132.330,1142,-2,14,0,1,1,1,0,0,0,1,1
2026-03-27 21:50:56.145,132.426,1143,-4,15,0,1,1,1,0,0,0,1,1
2026-03-27 21:50:56.305,132.586,1142,-5,14,0,1,1,1,0,0,0,1,1
2026-03-27 21:50:56.353,132.634,1142,-2,15,0,1,1,1,0,0,0,1,1
2026-03-27 21:50:56.497,132.778,1142,-3,15,0,1,1,1,0,0,0,1,1
2026-03-27 21:50:56.625,132.906,1143,-5,15,0,1,1,1,0,0,0,1,1
2026-03-27 21:50:56.673,132.954,1143,-5,15,0,1,1,1,0,0,0,1,1
2026-03-27 21:50:56.676,132.957,1142,-5,15,0,1,1,1,0,0,0,1,1
2026-03-27 21:50:56.786,133.067,1143,-5,15,0,1,1,1,0,0,0,1,1
2026-03-27 21:50:56.929,133.210,1141,-3,15,0,1,1,1,0,0,0,1,1
2026-03-27 21:50:56.944,133.225,1141,-3,15,0,1,1,1,1,0,0,0,1
2026-03-27 21:50:56.946,133.227,1142,-5,15,0,1,1,1,0,0,0,1,1
2026-03-27 21:50:57.042,133.323,1143,-5,15,0,1,1,1,0,0,0,1,1
2026-03-27 21:50:57.153,133.434,1141,-2,14,0,1,1,1,0,0,0,1,1
2026-03-27 21:50:57.249,133.530,1142,-2,15,0,1,1,1,0,0,0,1,1
2026-03-27 21:50:57.361,133.642,1144,-4,15,0,1,1,1,0,0,0,1,1
2026-03-27 21:50:57.440,133.721,1143,-5,15,0,1,1,1,0,0,0,1,1
2026-03-27 21:50:57.442,133.723,1142,-5,14,0,1,1,1,0,0,0,1,1
2026-03-27 21:50:57.553,133.834,1142,-5,15,0,1,1,1,0,0,0,1,1
2026-03-27 21:50:57.665,133.945,1143,-5,14,0,1,1,1,0,0,0,1,1
2026-03-27 21:50:57.729,134.010,1143,-2,15,0,1,1,1,0,0,0,1,1
2026-03-27 21:50:57.809,134.090,1142,-2,15,0,1,1,1,0,0,0,1,1
2026-03-27 21:50:57.921,134.202,1142,-2,15,0,1,1,1,0,0,0,1,1
2026-03-27 21:50:58.064,134.345,1142,-2,14,0,1,1,1,0,0,0,1,1
2026-03-27 21:50:58.081,134.361,1141,-2,15,0,1,1,1,0,0,0,1,1
2026-03-27 21:50:58.161,134.441,1142,-2,14,0,1,1,1,0,0,0,1,1
2026-03-27 21:50:58.257,134.537,1143,-2,15,0,1,1,1,0,0,0,1,1
2026-03-27 21:50:58.352,134.633,1142,-2,14,0,1,1,1,0,0,0,1,1
2026-03-27 21:50:58.369,134.650,1141,-2,14,0,1,1,1,0,0,0,1,1
2026-03-27 21:50:58.496,134.777,1143,-2,15,0,1,1,1,0,0,0,1,1
2026-03-27 21:50:58.497,134.778,1143,-2,14,0,1,1,1,0,0,0,1,1
2026-03-27 21:50:58.499,134.780,1143,-5,15,0,1,1,1,0,0,0,1,1
2026-03-27 21:50:58.561,134.842,1143,-5,15,0,1,1,1,0,0,0,1,1
2026-03-27 21:50:58.705,134.986,1143,-2,14,0,1,1,1,0,0,0,1,1
2026-03-27 21:50:58.785,135.066,1143,-2,15,0,1,1,1,0,0,0,1,1
2026-03-27 21:50:58.928,135.209,1142,-2,14,0,1,1,1,0,0,0,1,1
2026-03-27 21:50:59.008,135.289,1143,-2,15,0,1,1,1,0,0,0,1,1
2026-03-27 21:50:59.072,135.353,1142,-2,14,0,1,1,1,0,0,0,1,1
2026-03-27 21:50:59.168,135.449,1144,-2,15,0,1,1,1,0,0,0,1,1
2026-03-27 21:50:59.170,135.451,1144,-2,15,0,1,1,1,0,0,0,1,1
2026-03-27 21:50:59.172,135.453,1143,-5,15,0,1,1,1,0,0,0,1,1
2026-03-27 21:50:59.280,135.561,1144,-5,15,0,1,1,1,0,0,0,1,1
2026-03-27 21:50:59.441,135.721,1143,-2,12,0,1,1,1,0,0,0,1,1
2026-03-27 21:50:59.473,135.753,1142,-4,14,0,1,1,1,0,0,0,1,1
2026-03-27 21:50:59.632,135.913,1143,-2,15,0,1,1,1,0,0,0,1,1
2026-03-27 21:50:59.745,136.026,1142,-2,15,0,1,1,1,0,0,0,1,1
2026-03-27 21:50:59.777,136.058,1143,-5,15,0,1,1,1,0,0,0,1,1
2026-03-27 21:50:59.905,136.186,1144,-5,15,0,1,1,1,0,0,0,1,1
2026-03-27 21:50:59.969,136.250,1144,-2,15,0,1,1,1,0,0,0,1,1
2026-03-27 21:51:00.112,136.393,1143,-2,15,0,1,1,1,0,0,0,1,1
2026-03-27 21:51:00.177,136.458,1142,-5,15,0,1,1,1,0,0,0,1,1
2026-03-27 21:51:00.273,136.554,1143,-3,15,0,1,1,1,0,0,0,1,1
2026-03-27 21:51:00.369,136.650,1142,-5,15,0,1,1,1,0,0,0,1,1
2026-03-27 21:51:00.372,136.653,1143,-2,15,0,1,1,1,0,0,0,1,1
2026-03-27 21:51:00.497,136.778,1142,-3,14,0,1,1,1,0,0,0,1,1
2026-03-27 21:51:00.513,136.794,1142,-2,14,0,1,1,1,0,0,0,1,1
2026-03-27 21:51:00.578,136.859,1142,-5,15,0,1,1,1,0,0,0,1,1
2026-03-27 21:51:00.592,136.873,1142,-2,14,0,1,1,1,0,0,0,1,1
2026-03-27 21:51:00.657,136.938,1142,-2,14,0,1,1,1,0,0,0,1,1
2026-03-27 21:51:00.768,137.049,1143,-2,15,0,1,1,1,0,0,0,1,1
2026-03-27 21:51:00.770,137.051,1143,-2,15,0,1,1,1,0,0,0,1,1
2026-03-27 21:51:00.928,137.209,1142,-2,15,0,1,1,1,0,0,0,1,1
2026-03-27 21:51:00.930,137.211,1141,-1,15,0,1,1,1,0,0,0,1,0
2026-03-27 21:51:00.945,137.226,1142,-2,15,0,1,1,1,0,0,0,1,1
2026-03-27 21:51:00.947,137.228,1143,-2,15,0,1,1,1,0,0,0,1,1
2026-03-27 21:51:01.057,137.338,1143,-5,15,0,1,1,1,0,0,0,1,1
2026-03-27 21:51:01.233,137.514,1142,-5,14,0,1,1,1,0,0,0,1,1
2026-03-27 21:51:01.328,137.609,1144,-1,15,0,1,1,1,0,0,0,1,1
2026-03-27 21:51:01.473,137.754,1143,-3,15,0,1,1,1,0,1,0,1,1
2026-03-27 21:51:01.476,137.756,1142,-2,14,0,1,1,1,0,1,0,1,1
2026-03-27 21:51:01.618,137.898,1142,-2,14,0,1,1,1,0,1,0,1,1
2026-03-27 21:51:01.760,138.041,1143,-2,15,0,1,1,1,0,1,0,1,1
2026-03-27 21:51:01.825,138.106,1143,-2,14,0,1,1,1,0,1,0,1,1
2026-03-27 21:51:01.921,138.201,1142,-5,15,0,1,1,1,0,1,0,1,1
2026-03-27 21:51:01.922,138.203,1142,-5,15,0,1,1,1,0,1,0,1,1
2026-03-27 21:51:02.097,138.378,1142,-1,15,0,1,1,1,0,1,0,1,1
2026-03-27 21:51:02.160,138.441,1141,-2,14,0,1,1,1,0,1,0,1,1
2026-03-27 21:51:02.288,138.569,1142,-2,15,0,1,1,1,0,1,0,1,1
2026-03-27 21:51:02.368,138.649,1143,-2,15,0,1,1,1,0,1,0,1,1
2026-03-27 21:51:02.369,138.650,1144,-2,15,0,1,1,1,0,1,0,1,1
2026-03-27 21:51:02.529,138.810,1144,-2,15,0,1,1,1,0,1,0,1,1
2026-03-27 21:51:02.532,138.813,1142,-2,15,0,1,1,1,0,1,0,1,1
2026-03-27 21:51:02.673,138.954,1142,-2,15,0,1,1,1,0,1,0,1,1
2026-03-27 21:51:02.752,139.033,1143,-2,15,0,1,1,1,0,1,0,1,1
2026-03-27 21:51:02.769,139.050,1143,-2,14,0,1,1,1,0,1,0,1,1
2026-03-27 21:51:02.784,139.065,1143,-2,15,0,1,1,1,0,1,0,1,1
2026-03-27 21:51:02.801,139.082,1144,-2,15,0,1,1,1,0,1,0,1,1
2026-03-27 21:51:02.928,139.209,1143,-5,14,0,1,1,1,0,1,0,1,1
2026-03-27 21:51:02.931,139.211,1142,-5,15,0,1,1,1,0,1,0,1,1
2026-03-27 21:51:03.120,139.401,1142,-2,14,0,1,1,1,0,1,0,1,1
2026-03-27 21:51:03.123,139.404,1141,-2,14,0,1,1,1,0,1,0,1,1
2026-03-27 21:51:03.201,139.482,1142,-3,15,0,1,1,1,0,1,0,1,1
2026-03-27 21:51:03.249,139.529,1143,-4,15,0,1,1,1,0,1,0,1,1
2026-03-27 21:51:03.408,139.689,1142,-5,15,0,1,1,1,0,1,0,1,1
2026-03-27 21:51:03.504,139.785,1142,-2,14,0,1,1,1,0,1,0,1,1
2026-03-27 21:51:03.600,139.881,1143,-5,15,0,1,1,1,0,1,0,1,1
2026-03-27 21:51:03.603,139.883,1143,-2,14,0,1,1,1,0,1,0,1,1
2026-03-27 21:51:03.712,139.993,1142,-3,15,0,1,1,1,0,1,0,1,1
2026-03-27 21:51:03.777,140.058,1144,-5,15,0,1,1,1,0,1,0,1,1
2026-03-27 21:51:03.889,140.169,1142,-3,14,0,1,1,1,0,1,0,1,1
2026-03-27 21:51:03.890,140.171,1142,-2,15,0,1,1,1,0,1,0,1,1
2026-03-27 21:51:03.891,140.172,1141,-215,0,0,1,1,1,0,1,0,1,1
2026-03-27 21:51:04.000,140.281,1143,-2,15,0,1,1,1,0,1,0,1,1
2026-03-27 21:51:04.160,140.441,1141,-5,15,0,1,1,1,0,1,0,1,1
2026-03-27 21:51:04.192,140.473,1143,-2,15,0,1,1,1,0,1,0,1,1
2026-03-27 21:51:04.272,140.553,1143,-2,15,0,1,1,1,0,1,0,1,1
2026-03-27 21:51:04.273,140.554,1143,-2,15,0,1,1,1,0,1,0,1,1
2026-03-27 21:51:04.529,140.810,1143,-2,15,0,1,1,1,0,1,0,1,1
2026-03-27 21:51:04.593,140.874,1142,-5,15,0,1,1,1,0,1,0,1,1
2026-03-27 21:51:04.688,140.969,1142,-5,15,0,1,1,1,0,0,0,1,1
2026-03-27 21:51:04.784,141.065,1143,-2,15,0,1,1,1,0,0,0,1,1
2026-03-27 21:51:04.865,141.146,1144,-2,15,0,1,1,1,0,0,0,1,1
2026-03-27 21:51:04.977,141.258,1144,-2,15,0,1,1,1,0,0,0,1,1
2026-03-27 21:51:05.088,141.369,1142,-2,14,0,1,1,1,0,0,0,1,1
2026-03-27 21:51:05.089,141.370,1142,-5,15,0,1,1,1,0,0,0,1,1
2026-03-27 21:51:05.136,141.417,1142,-5,14,0,1,1,1,0,0,0,1,1
2026-03-27 21:51:05.138,141.419,1142,-4,15,0,1,1,1,0,0,0,1,1
2026-03-27 21:51:05.264,141.545,1143,-5,15,0,1,1,1,0,0,0,1,1
2026-03-27 21:51:05.376,141.657,1141,-2,15,0,1,1,1,0,0,0,1,1
2026-03-27 21:51:05.425,141.705,1142,-2,15,0,1,1,1,0,0,0,1,1
2026-03-27 21:51:05.441,141.722,1142,-2,15,0,1,1,1,0,0,0,1,1
2026-03-27 21:51:05.443,141.723,1142,-3,15,0,1,1,1,0,0,0,1,1
2026-03-27 21:51:05.552,141.833,1142,-2,15,0,1,1,1,0,0,0,1,1
2026-03-27 21:51:05.680,141.961,1142,-2,14,0,1,1,1,0,0,0,1,1
2026-03-27 21:51:05.744,142.025,1143,-2,15,0,1,1,1,0,0,0,1,1
2026-03-27 21:51:05.856,142.137,1142,-5,15,0,1,1,1,0,0,0,1,1
2026-03-27 21:51:05.984,142.265,1143,-2,15,0,1,1,1,0,0,0,1,1
2026-03-27 21:51:06.048,142.329,1143,-2,15,0,1,1,1,0,0,0,1,1
2026-03-27 21:51:06.209,142.490,1144,-2,15,0,1,1,1,0,0,0,1,1
2026-03-27 21:51:06.336,142.617,1143,-2,15,0,1,1,1,0,0,0,1,1
2026-03-27 21:51:06.352,142.633,1142,-2,15,0,1,1,1,0,0,0,1,1
2026-03-27 21:51:06.464,142.745,1143,-5,15,0,1,1,1,0,0,0,1,1
2026-03-27 21:51:06.512,142.793,1142,-5,14,0,1,1,1,0,0,0,1,1
2026-03-27 21:51:06.640,142.921,1144,-2,15,0,1,1,1,0,0,0,1,1
2026-03-27 21:51:06.767,143.048,1143,-2,15,0,1,1,1,0,0,0,1,1
2026-03-27 21:51:06.769,143.050,1143,-2,15,0,1,1,1,0,0,0,1,1
2026-03-27 21:51:06.912,143.193,1143,-5,15,0,1,1,1,0,0,0,1,1
2026-03-27 21:51:06.993,143.274,1141,-2,14,0,1,1,1,0,0,0,1,1
2026-03-27 21:51:07.057,143.338,1143,-2,15,0,1,1,1,0,0,0,1,1
2026-03-27 21:51:07.296,143.577,1141,-5,15,0,1,1,1,0,0,0,1,1
2026-03-27 21:51:07.344,143.625,1142,-5,15,0,1,1,1,0,0,0,1,1
2026-03-27 21:51:07.456,143.737,1143,-4,15,0,1,1,1,0,0,0,1,0
2026-03-27 21:51:07.552,143.832,1142,-2,14,0,1,1,1,0,0,0,1,0
2026-03-27 21:51:07.553,143.834,1142,-2,15,0,1,1,1,0,0,0,1,0
2026-03-27 21:51:07.728,144.008,1141,-5,15,0,1,1,1,0,0,0,1,0
2026-03-27 21:51:07.729,144.010,1142,-5,15,0,1,1,1,0,0,0,1,0
2026-03-27 21:51:07.904,144.185,1143,-5,14,0,1,1,1,0,0,0,1,0
2026-03-27 21:51:07.952,144.233,1142,-3,15,0,1,1,1,0,0,0,1,0
2026-03-27 21:51:08.049,144.330,1143,-2,15,0,1,1,1,0,0,0,1,0
2026-03-27 21:51:08.161,144.441,1142,-3,15,0,1,1,1,0,0,0,1,0
2026-03-27 21:51:08.288,144.569,1143,-2,15,0,1,1,1,0,0,0,1,0
2026-03-27 21:51:08.289,144.570,1143,-2,15,0,1,1,1,0,0,0,1,0
2026-03-27 21:51:08.417,144.698,1142,-3,15,0,1,1,1,0,0,0,1,0
2026-03-27 21:51:08.512,144.793,1143,-5,15,0,1,1,1,0,0,0,1,0
2026-03-27 21:51:08.576,144.857,1143,-5,15,0,1,1,1,0,0,0,1,0
2026-03-27 21:51:08.688,144.969,1142,-2,15,0,1,1,1,0,0,0,1,0
2026-03-27 21:51:08.817,145.098,1144,-2,15,0,1,1,1,0,0,0,1,0
2026-03-27 21:51:08.945,145.226,1142,-3,15,0,1,1,1,0,0,0,1,0
2026-03-27 21:51:09.057,145.338,1143,-2,15,0,1,1,1,0,0,0,1,0
2026-03-27 21:51:09.169,145.450,1142,-5,15,0,1,1,1,0,0,0,1,0
2026-03-27 21:51:09.280,145.561,1143,-2,15,0,1,1,1,0,0,0,1,0
2026-03-27 21:51:09.376,145.657,1144,-2,15,0,1,1,1,0,0,0,1,0
2026-03-27 21:51:09.379,145.660,1143,-2,15,0,1,1,1,0,0,0,1,0
2026-03-27 21:51:09.472,145.753,1143,-2,15,0,1,1,1,0,0,0,1,0
2026-03-27 21:51:09.601,145.882,1142,-2,15,0,1,1,1,0,0,0,1,0
2026-03-27 21:51:09.680,145.961,1143,-2,15,0,1,1,1,0,0,0,1,0
2026-03-27 21:51:09.792,146.073,1142,-5,15,0,1,1,1,0,0,0,1,0
2026-03-27 21:51:09.888,146.169,1143,-4,15,0,1,1,1,0,0,0,1,0
2026-03-27 21:51:09.952,146.233,1144,-2,15,0,1,1,1,0,0,0,1,0
2026-03-27 21:51:09.969,146.249,1143,-4,15,0,1,1,1,0,0,0,1,0
2026-03-27 21:51:10.049,146.330,1144,-5,15,0,1,1,1,0,0,0,1,0
2026-03-27 21:51:10.050,146.331,1143,-5,15,0,0,0,1,0,0,0,0,0
2026-03-27 21:51:10.051,146.332,1142,-2,15,0,1,1,1,0,0,0,1,0
2026-03-27 21:51:10.209,146.490,1143,-2,14,0,1,1,1,0,0,0,1,0
2026-03-27 21:51:10.321,146.602,1142,-2,14,0,1,1,1,0,0,0,1,0
2026-03-27 21:51:10.400,146.681,1144,-2,15,0,1,1,1,0,0,0,1,0
2026-03-27 21:51:10.561,146.841,1142,-3,15,0,1,1,1,0,0,0,1,0
2026-03-27 21:51:10.608,146.889,1142,-2,14,0,1,1,1,0,0,0,1,0
2026-03-27 21:51:10.736,147.016,1142,-2,15,0,1,1,1,0,0,0,1,0
2026-03-27 21:51:10.816,147.097,1142,-2,15,0,1,1,1,0,0,0,1,0
2026-03-27 21:51:10.960,147.241,1143,-2,15,0,1,1,1,0,0,0,1,0
2026-03-27 21:51:11.056,147.337,1142,-3,15,0,1,1,1,0,0,0,1,0
2026-03-27 21:51:11.153,147.434,1143,-5,15,0,1,1,1,0,0,0,1,0
2026-03-27 21:51:11.232,147.513,1143,-5,15,0,1,1,1,0,0,0,1,0
2026-03-27 21:51:11.344,147.625,1142,-2,15,0,1,1,1,0,0,0,1,0
2026-03-27 21:51:11.457,147.737,1145,-5,16,0,1,1,1,0,0,0,1,0
2026-03-27 21:51:11.568,147.849,1142,-5,15,0,1,1,1,0,0,0,1,0
2026-03-27 21:51:11.571,147.851,1143,-2,15,0,1,1,1,0,0,0,1,0
2026-03-27 21:51:11.632,147.913,1143,-2,15,0,1,1,1,0,0,0,1,0
2026-03-27 21:51:11.634,147.915,1143,-2,15,0,1,1,1,0,0,0,1,0
2026-03-27 21:51:11.744,148.025,1143,-3,15,0,1,1,1,0,0,0,1,0
2026-03-27 21:51:11.823,148.104,1143,-2,15,0,1,1,1,0,0,0,1,0
2026-03-27 21:51:11.839,148.120,1144,-2,15,0,1,1,1,0,0,0,1,0
2026-03-27 21:51:11.952,148.233,1143,-2,15,0,1,1,1,0,0,0,1,0
2026-03-27 21:51:12.129,148.410,1143,-2,15,0,1,1,1,0,0,0,1,0
2026-03-27 21:51:12.192,148.473,1142,-2,15,0,1,1,1,0,0,0,1,0
2026-03-27 21:51:12.320,148.601,1143,-2,15,0,1,1,1,0,0,0,1,0
2026-03-27 21:51:12.432,148.713,1142,-2,14,0,1,1,1,0,0,0,1,0
2026-03-27 21:51:12.433,148.714,1141,-5,15,0,1,1,1,0,0,0,1,0
2026-03-27 21:51:12.544,148.825,1142,-5,15,0,1,1,1,0,0,0,1,0
2026-03-27 21:51:12.560,148.841,1143,-5,15,0,1,1,1,0,0,0,1,0
2026-03-27 21:51:12.640,148.921,1144,-1,15,0,1,1,1,0,0,0,1,0
2026-03-27 21:51:12.767,149.048,1144,-2,15,0,1,1,1,0,0,0,1,0
2026-03-27 21:51:12.864,149.144,1143,-2,15,0,1,1,1,0,0,0,1,0
2026-03-27 21:51:12.865,149.146,1144,-2,14,0,1,1,1,0,0,0,1,0
2026-03-27 21:51:12.960,149.241,1142,-3,15,0,1,1,1,0,0,0,1,0
2026-03-27 21:51:13.008,149.289,1143,-3,15,0,1,1,1,0,0,0,1,0
2026-03-27 21:51:13.152,149.433,1142,-3,15,0,1,1,1,0,0,0,1,0
2026-03-27 21:51:13.280,149.561,1142,-5,14,0,1,1,1,0,0,0,1,0
2026-03-27 21:51:13.344,149.625,1142,-5,15,0,1,1,1,0,0,0,1,0
2026-03-27 21:51:13.456,149.737,1143,-5,15,0,1,1,1,0,0,0,1,0
2026-03-27 21:51:13.472,149.753,1143,-4,15,0,1,1,1,0,0,0,1,0
2026-03-27 21:51:13.664,149.945,1143,-2,15,0,1,1,1,0,0,0,1,0
2026-03-27 21:51:13.728,150.009,1142,-2,15,0,1,1,1,0,0,0,1,0
2026-03-27 21:51:13.824,150.105,1143,-2,15,0,1,1,1,0,0,0,1,0
2026-03-27 21:51:13.936,150.217,1144,-4,15,0,1,1,1,0,0,0,1,0
2026-03-27 21:51:13.937,150.218,1144,-5,15,0,1,1,1,0,0,0,1,0
2026-03-27 21:51:13.968,150.249,1143,-2,14,0,1,1,1,0,0,0,1,0
2026-03-27 21:51:14.176,150.457,1144,-1,15,0,1,1,1,0,0,0,1,0
2026-03-27 21:51:14.224,150.505,1142,-5,15,0,1,1,1,0,0,0,1,0
2026-03-27 21:51:14.225,150.506,1142,-5,15,0,1,1,1,0,0,0,0,0
2026-03-27 21:51:14.240,150.521,1143,-2,15,0,1,1,1,0,0,0,1,0
2026-03-27 21:51:14.320,150.601,1143,-2,15,0,1,1,1,0,0,0,1,0
2026-03-27 21:51:14.400,150.681,1142,-2,15,0,1,1,1,0,0,0,1,0
2026-03-27 21:51:14.496,150.777,1144,-2,15,0,1,1,1,0,0,0,1,0
2026-03-27 21:51:14.512,150.793,1143,-2,15,0,1,1,1,0,0,0,1,0
2026-03-27 21:51:14.608,150.889,1144,-2,15,0,1,1,1,0,0,0,1,0
2026-03-27 21:51:14.610,150.891,1143,-5,15,0,1,1,1,0,0,0,1,0
2026-03-27 21:51:14.736,151.017,1143,-4,15,0,1,1,1,0,0,0,1,0
2026-03-27 21:51:14.752,151.033,1143,-2,15,0,1,1,1,0,0,0,1,0
2026-03-27 21:51:14.817,151.098,1143,-5,15,0,1,1,1,0,0,0,1,0
2026-03-27 21:51:15.008,151.289,1143,-2,15,0,1,1,1,0,0,0,1,0
2026-03-27 21:51:15.311,151.592,1144,-4,15,0,1,1,1,0,0,0,1,0
2026-03-27 21:51:15.327,151.608,1145,-5,15,0,1,1,1,0,0,0,1,0
2026-03-27 21:51:15.328,151.609,0,0,0,0,0,0,0,0,0,0,1,0
2026-03-27 21:51:15.407,151.688,1143,-2,15,0,1,1,1,0,0,0,1,0
2026-03-27 21:51:15.408,151.689,1144,-1,15,0,1,1,1,0,0,0,1,0
2026-03-27 21:51:15.504,151.785,1143,-3,15,0,1,1,1,0,0,0,1,0
2026-03-27 21:51:15.648,151.929,1142,-2,15,0,1,1,1,0,0,0,1,0
2026-03-27 21:51:15.744,152.025,1143,-2,15,0,1,1,1,0,0,0,1,0
2026-03-27 21:51:15.887,152.168,1142,-2,15,0,1,1,1,0,0,0,1,0
2026-03-27 21:51:15.889,152.170,1142,-2,15,0,1,1,1,0,0,0,1,0
2026-03-27 21:51:15.967,152.248,1142,-2,14,0,1,1,1,0,0,0,1,0
2026-03-27 21:51:16.064,152.344,1142,-5,14,0,1,1,1,0,0,0,1,0
2026-03-27 21:51:16.111,152.392,1142,-5,15,0,1,1,1,0,0,0,1,0
2026-03-27 21:51:16.112,152.393,1142,-5,15,0,1,1,1,0,0,0,1,0
2026-03-27 21:51:16.208,152.488,1143,-1,15,0,1,1,1,0,0,0,1,0
2026-03-27 21:51:16.224,152.505,1142,-2,14,0,1,1,1,0,0,0,1,0
2026-03-27 21:51:16.336,152.617,1142,-2,15,0,1,1,1,0,0,0,1,0
2026-03-27 21:51:16.528,152.809,1142,-5,15,0,1,1,1,0,0,0,1,0
2026-03-27 21:51:16.624,152.905,1144,-2,15,0,1,1,1,0,0,0,1,0
2026-03-27 21:51:16.720,153.001,1144,-2,15,0,1,1,1,1,0,0,1,0
2026-03-27 21:51:16.721,153.002,1144,-1,15,0,1,1,1,1,0,0,1,0
2026-03-27 21:51:16.784,153.064,1142,-2,14,0,1,1,1,1,0,0,1,0
2026-03-27 21:51:16.800,153.081,1143,-2,15,0,1,1,1,1,0,0,1,0
2026-03-27 21:51:16.912,153.193,1143,-2,15,0,1,1,1,1,0,0,1,0
2026-03-27 21:51:17.039,153.320,1142,-2,15,0,1,1,1,1,0,0,1,0
2026-03-27 21:51:17.120,153.401,1144,-2,15,0,1,1,1,1,0,0,1,0
2026-03-27 21:51:17.136,153.417,1144,-5,15,0,1,1,1,1,0,0,1,0
2026-03-27 21:51:17.232,153.513,1144,-2,15,0,1,1,1,1,0,0,1,0
2026-03-27 21:51:17.328,153.609,1143,-1,15,0,1,1,1,1,0,0,1,0
2026-03-27 21:51:17.456,153.737,1141,-2,14,0,1,1,1,1,0,0,1,0
2026-03-27 21:51:17.568,153.849,1143,-5,15,0,1,1,1,1,0,0,1,0
2026-03-27 21:51:17.712,153.992,1142,-2,15,0,1,1,1,1,0,0,1,0
2026-03-27 21:51:17.792,154.073,1143,-2,15,0,1,1,1,1,0,0,1,0
2026-03-27 21:51:17.920,154.201,1144,-1,15,0,1,1,1,1,0,0,1,0
2026-03-27 21:51:17.935,154.216,1143,-2,15,0,1,1,1,1,0,0,1,0
2026-03-27 21:51:18.063,154.344,1144,-2,15,0,1,1,1,1,0,0,1,0
2026-03-27 21:51:18.096,154.377,1143,-5,15,0,1,1,1,1,0,0,1,0
2026-03-27 21:51:18.176,154.457,1143,-5,15,0,1,1,1,1,0,0,1,0
2026-03-27 21:51:18.303,154.584,1143,-2,15,0,1,1,1,1,0,0,1,0
2026-03-27 21:51:18.367,154.648,1142,-2,14,0,1,1,1,1,0,0,1,0
2026-03-27 21:51:18.480,154.760,1142,-2,14,0,1,1,1,1,0,0,1,0
2026-03-27 21:51:18.607,154.888,1142,-2,14,0,1,1,1,1,0,0,1,0
2026-03-27 21:51:18.799,155.080,1142,-2,14,0,1,1,1,1,0,0,1,0
2026-03-27 21:51:18.864,155.144,1143,-4,15,0,1,1,1,1,0,0,1,0
2026-03-27 21:51:19.008,155.289,1142,-5,15,0,1,1,1,1,0,0,1,0
2026-03-27 21:51:19.072,155.352,1143,-3,15,0,1,1,1,1,0,0,1,0
2026-03-27 21:51:19.089,155.370,1143,-5,15,0,1,1,1,1,0,0,1,0
2026-03-27 21:51:19.168,155.449,1144,-5,15,0,1,1,1,1,0,0,1,0
2026-03-27 21:51:19.295,155.576,1142,-2,14,0,1,1,1,1,0,0,1,0
2026-03-27 21:51:19.375,155.656,1143,-4,15,0,1,1,1,1,0,0,1,0
2026-03-27 21:51:19.391,155.672,1142,-5,15,0,1,1,1,1,0,0,1,0
2026-03-27 21:51:19.472,155.753,1142,-2,15,0,1,1,1,1,0,0,1,0
2026-03-27 21:51:19.631,155.912,1143,-2,15,0,1,1,1,1,0,0,1,0
2026-03-27 21:51:19.664,155.944,1142,-5,15,0,1,1,1,1,0,0,1,0
2026-03-27 21:51:19.743,156.024,1143,-5,15,0,1,1,1,1,0,0,1,0
2026-03-27 21:51:19.904,156.185,1144,-2,15,0,1,1,1,1,0,0,1,0
2026-03-27 21:51:20.047,156.328,1143,-3,15,0,1,1,1,1,0,0,1,0
2026-03-27 21:51:20.143,156.424,1142,-5,14,0,1,1,1,1,0,0,1,0
2026-03-27 21:51:20.145,156.426,1142,-5,15,0,1,1,1,1,0,0,1,0
2026-03-27 21:51:20.415,156.696,1143,-2,15,0,1,1,1,1,0,0,1,0
2026-03-27 21:51:20.416,156.697,1144,-2,15,0,1,1,1,1,0,0,1,0
2026-03-27 21:51:20.417,156.698,0,0,0,0,0,0,0,1,0,0,1,0
2026-03-27 21:51:20.544,156.825,1144,-2,15,0,1,1,1,1,0,0,1,0
2026-03-27 21:51:20.640,156.921,1144,-5,15,0,1,1,1,1,0,0,1,0
2026-03-27 21:51:20.656,156.937,1143,-2,15,0,1,1,1,1,0,0,1,0
2026-03-27 21:51:20.703,156.984,1143,-2,15,0,1,1,1,1,0,0,1,0
2026-03-27 21:51:20.784,157.065,1142,-5,15,0,1,1,1,1,0,0,1,0
2026-03-27 21:51:20.897,157.177,1143,-5,14,0,1,1,1,1,0,0,1,0
2026-03-27 21:51:20.927,157.208,1142,-5,15,0,1,1,1,1,0,0,1,0
2026-03-27 21:51:20.943,157.224,1142,-5,15,0,1,1,1,1,0,0,1,0
2026-03-27 21:51:21.056,157.337,1142,-3,14,0,1,1,1,1,0,0,1,0
2026-03-27 21:51:21.151,157.432,1142,-3,14,0,1,1,1,1,0,0,1,0
2026-03-27 21:51:21.295,157.576,1142,-2,15,0,1,1,1,1,0,0,1,0
2026-03-27 21:51:21.296,157.577,1142,-5,15,0,1,1,1,1,0,0,1,0
2026-03-27 21:51:21.375,157.656,1143,-2,16,0,1,1,1,1,0,0,1,0
2026-03-27 21:51:21.378,157.659,1142,-2,15,0,1,1,1,1,0,0,1,0
2026-03-27 21:51:21.519,157.800,1142,-2,15,0,1,1,1,1,0,0,1,0
2026-03-27 21:51:21.568,157.849,1143,-5,15,0,1,1,1,1,0,0,1,0
2026-03-27 21:51:21.647,157.928,1144,-3,15,0,1,1,1,1,0,0,1,0
2026-03-27 21:51:21.776,158.056,1143,-3,15,0,1,1,1,1,0,0,1,0
2026-03-27 21:51:21.919,158.200,1145,-2,15,0,1,1,1,1,0,0,1,0
2026-03-27 21:51:21.952,158.233,1143,-3,14,0,1,1,1,1,0,0,1,0
2026-03-27 21:51:22.047,158.328,1143,-5,15,0,1,1,1,1,0,0,1,0
2026-03-27 21:51:22.159,158.440,1142,-2,14,0,1,1,1,1,0,0,1,0
2026-03-27 21:51:22.255,158.536,1144,-4,15,0,1,1,1,1,0,0,1,0
2026-03-27 21:51:22.287,158.568,1143,-2,15,0,1,1,1,1,0,0,1,0
2026-03-27 21:51:22.288,158.569,1144,-2,15,0,1,1,1,1,0,0,1,0
2026-03-27 21:51:22.399,158.680,1144,-5,15,0,1,1,1,1,0,0,1,0
2026-03-27 21:51:22.543,158.824,1142,-3,15,0,1,1,1,1,0,0,1,0
2026-03-27 21:51:22.671,158.952,1143,-5,15,0,1,1,1,1,0,0,1,0
2026-03-27 21:51:22.800,159.081,1142,-2,14,0,1,1,1,1,0,0,1,0
2026-03-27 21:51:22.927,159.208,1143,-2,15,0,1,1,1,1,0,0,1,0
2026-03-27 21:51:22.976,159.257,1145,-2,15,0,1,1,1,1,0,0,1,0
2026-03-27 21:51:23.121,159.402,1144,-4,15,0,1,1,1,1,0,0,1,0
2026-03-27 21:51:23.135,159.416,1144,-4,15,0,1,1,1,1,0,0,1,0
2026-03-27 21:51:23.247,159.528,1144,-2,14,0,1,1,1,1,0,0,1,0
2026-03-27 21:51:23.343,159.624,1142,-2,15,0,1,1,1,1,0,0,1,0
2026-03-27 21:51:23.344,159.625,1142,-2,15,0,1,1,1,1,0,0,1,0
2026-03-27 21:51:23.391,159.672,1143,-2,15,0,1,1,1,1,0,0,1,0
2026-03-27 21:51:23.567,159.848,1142,-2,14,0,1,1,1,1,0,0,1,0
2026-03-27 21:51:23.679,159.960,1142,-2,14,0,1,1,1,1,0,0,1,0
2026-03-27 21:51:23.727,160.008,1142,-2,15,0,1,1,1,1,0,0,1,0
2026-03-27 21:51:23.840,160.120,1142,-5,15,0,1,1,1,1,0,0,1,0
2026-03-27 21:51:23.855,160.136,1142,-1,15,0,1,1,1,1,0,0,1,0
2026-03-27 21:51:23.967,160.248,1143,-2,15,0,1,1,1,1,0,0,1,0
2026-03-27 21:51:24.015,160.296,1142,-3,15,0,1,1,1,1,0,0,1,0
2026-03-27 21:51:24.031,160.312,1142,-2,15,0,1,1,1,1,0,0,1,0
2026-03-27 21:51:24.160,160.440,1143,-5,15,0,1,1,1,1,0,0,1,0
2026-03-27 21:51:24.239,160.520,1143,-2,15,0,1,1,1,1,0,0,1,0
2026-03-27 21:51:24.256,160.537,1143,-2,14,0,1,1,1,1,0,0,1,0
2026-03-27 21:51:24.351,160.632,1142,-2,14,0,1,1,1,1,0,0,1,0
2026-03-27 21:51:24.415,160.696,1143,-1,15,0,1,1,1,1,0,0,1,0
2026-03-27 21:51:24.511,160.792,1142,-2,14,0,1,1,1,1,0,0,1,0
2026-03-27 21:51:24.607,160.888,1143,-2,15,0,1,1,1,1,0,0,1,0
2026-03-27 21:51:24.610,160.890,1142,-3,15,0,1,1,1,1,0,0,1,0
2026-03-27 21:51:24.720,161.001,1142,-3,15,0,1,1,1,1,0,0,1,0
2026-03-27 21:51:24.799,161.080,1143,-5,15,0,1,1,1,1,0,0,1,0
2026-03-27 21:51:24.928,161.209,1144,-2,15,0,1,1,1,1,0,0,1,0
2026-03-27 21:51:24.943,161.224,1143,-5,15,0,1,1,1,1,0,0,1,0
2026-03-27 21:51:25.007,161.288,1143,-5,15,0,1,1,1,1,0,0,1,0
2026-03-27 21:51:25.119,161.400,1142,-2,14,0,1,1,1,1,0,0,1,0
2026-03-27 21:51:25.120,161.401,1142,-2,15,0,1,1,1,1,0,0,1,0
2026-03-27 21:51:25.122,161.403,1143,-2,15,0,1,1,1,1,0,0,1,0
2026-03-27 21:51:25.263,161.544,1143,-2,15,0,1,1,1,1,0,0,1,0
2026-03-27 21:51:25.311,161.592,1142,-2,14,0,1,1,1,1,0,0,1,0
2026-03-27 21:51:25.455,161.736,1143,-2,15,0,1,1,1,1,0,0,1,0
2026-03-27 21:51:25.519,161.800,1144,-2,15,0,1,1,1,1,0,0,1,0
2026-03-27 21:51:25.535,161.816,1143,-2,15,0,1,1,1,1,0,0,1,0
2026-03-27 21:51:25.663,161.944,1144,-2,15,0,1,1,1,1,0,0,1,0
2026-03-27 21:51:25.791,162.071,1142,-3,15,0,1,1,1,1,0,0,1,0
2026-03-27 21:51:25.807,162.088,1144,-2,14,0,1,1,1,1,0,0,1,0
2026-03-27 21:51:25.919,162.200,1142,-5,15,0,1,1,1,1,0,0,1,0
2026-03-27 21:51:25.967,162.248,1143,-2,15,0,1,1,1,1,0,0,1,0
2026-03-27 21:51:26.063,162.343,1142,-2,15,0,1,1,1,1,0,0,1,0
2026-03-27 21:51:26.064,162.345,1142,-2,15,0,1,1,1,1,0,0,1,0
2026-03-27 21:51:26.191,162.472,1142,-2,14,0,1,1,1,1,0,0,1,0
2026-03-27 21:51:26.367,162.648,1143,-2,15,0,1,1,1,1,0,0,1,0
2026-03-27 21:51:26.447,162.728,1142,-2,15,0,1,1,1,1,0,0,1,0
2026-03-27 21:51:26.576,162.857,1143,-1,15,0,1,1,1,1,0,0,1,0
2026-03-27 21:51:26.688,162.969,1142,-2,15,0,1,1,1,1,0,0,1,0
2026-03-27 21:51:26.959,163.240,1142,-2,15,0,1,1,1,1,0,0,1,0
2026-03-27 21:51:27.039,163.320,1144,-2,15,0,1,1,1,1,0,0,1,0
2026-03-27 21:51:27.120,163.401,1141,-3,14,0,1,1,1,1,0,0,1,0
2026-03-27 21:51:27.247,163.528,1142,-2,15,0,1,1,1,1,0,0,1,0
2026-03-27 21:51:27.423,163.704,1142,-2,14,0,1,1,1,1,0,0,1,0
2026-03-27 21:51:27.424,163.705,1142,-3,15,0,1,1,1,1,0,0,1,0
2026-03-27 21:51:27.503,163.784,1143,-4,15,0,1,1,1,1,0,0,1,0
2026-03-27 21:51:27.567,163.848,1144,-4,15,0,1,1,1,1,0,0,1,0
2026-03-27 21:51:27.583,163.863,1144,-2,15,0,1,1,1,1,0,0,1,0
2026-03-27 21:51:27.695,163.976,1143,-5,15,0,1,1,1,1,0,0,1,0
2026-03-27 21:51:27.791,164.072,1142,-2,14,0,1,1,1,1,0,0,1,0
2026-03-27 21:51:27.871,164.152,1143,-5,15,0,1,1,1,1,0,0,1,0
2026-03-27 21:51:27.951,164.232,1143,-2,14,0,1,1,1,1,0,0,1,0
2026-03-27 21:51:28.096,164.377,1143,-3,15,0,1,1,1,1,0,0,1,0
2026-03-27 21:51:28.191,164.471,1142,-4,15,0,1,1,1,1,0,0,1,0
2026-03-27 21:51:28.239,164.520,1143,-4,15,0,1,1,1,1,0,0,1,0
2026-03-27 21:51:28.431,164.712,1142,-3,15,0,1,1,1,1,0,0,1,0
2026-03-27 21:51:28.527,164.808,1142,-2,14,0,1,1,1,1,0,0,1,0
2026-03-27 21:51:28.531,164.812,1142,-5,15,0,1,1,1,1,0,0,1,0
2026-03-27 21:51:28.671,164.952,1142,-2,14,0,1,1,1,1,0,0,1,0
2026-03-27 21:51:28.719,165.000,1142,-2,15,0,1,1,1,1,0,0,1,0
2026-03-27 21:51:28.815,165.096,1142,-2,14,0,1,1,1,1,0,0,1,0
2026-03-27 21:51:28.959,165.240,1142,-2,14,0,1,1,1,1,0,0,1,0
2026-03-27 21:51:29.200,165.480,1143,-2,14,0,1,1,1,1,0,0,1,0
2026-03-27 21:51:29.311,165.592,1143,-2,15,0,1,1,1,0,0,0,1,0
2026-03-27 21:51:29.455,165.736,1143,-2,15,0,1,1,1,0,0,0,1,0
2026-03-27 21:51:29.457,165.737,1143,-2,15,0,1,1,1,0,0,0,1,0
2026-03-27 21:51:29.567,165.848,1142,-2,15,0,1,1,1,0,0,0,1,0
2026-03-27 21:51:29.663,165.944,1144,-2,16,0,1,1,1,0,0,0,1,0
2026-03-27 21:51:29.665,165.946,1144,-1,15,0,1,1,1,0,0,0,1,0
2026-03-27 21:51:29.681,165.962,1142,-2,15,0,1,1,1,0,0,0,1,0
2026-03-27 21:51:29.791,166.072,1142,-2,14,0,1,1,1,0,0,0,1,0
2026-03-27 21:51:29.951,166.232,1143,-4,15,0,1,1,1,0,0,0,1,0
2026-03-27 21:51:29.953,166.234,1142,-2,14,0,1,1,1,0,0,0,1,0
2026-03-27 21:51:30.063,166.344,1143,-2,15,0,1,1,1,0,0,0,1,0
2026-03-27 21:51:30.143,166.424,1143,-2,15,0,1,1,1,0,0,0,1,0
2026-03-27 21:51:30.159,166.440,1144,-2,15,0,1,1,1,0,0,0,1,0
2026-03-27 21:51:30.161,166.442,1144,-2,15,0,1,1,1,0,0,0,1,0
2026-03-27 21:51:30.336,166.617,1144,-2,15,0,1,1,1,0,0,0,1,0
2026-03-27 21:51:30.399,166.680,1143,-5,15,0,1,1,1,0,0,0,1,0
2026-03-27 21:51:30.511,166.792,1142,-3,15,0,1,1,1,0,0,0,1,0
2026-03-27 21:51:30.623,166.904,1143,-1,15,0,1,1,1,0,0,0,1,0
2026-03-27 21:51:30.639,166.920,1143,-1,15,0,1,1,1,0,0,0,1,0
2026-03-27 21:51:30.719,167.000,1142,-2,14,0,1,1,1,0,0,0,1,0
2026-03-27 21:51:30.878,167.159,1143,-2,15,0,1,1,1,0,0,0,1,0
2026-03-27 21:51:30.991,167.272,1144,-2,15,0,1,1,1,0,0,0,1,0
2026-03-27 21:51:31.039,167.320,1143,-2,15,0,1,1,1,0,0,0,1,0
2026-03-27 21:51:31.042,167.323,1143,-3,15,0,1,1,1,0,0,0,1,0
2026-03-27 21:51:31.119,167.400,1143,-2,15,0,1,1,1,0,0,0,1,0
2026-03-27 21:51:31.295,167.576,1142,-2,15,0,1,1,1,0,0,0,1,0
2026-03-27 21:51:31.327,167.608,1143,-2,15,0,1,1,1,0,0,0,1,0
2026-03-27 21:51:31.486,167.767,1142,-2,15,0,1,1,1,0,0,0,1,0
2026-03-27 21:51:31.567,167.848,1143,-2,14,0,1,1,1,0,0,0,1,0
2026-03-27 21:51:31.599,167.880,1142,-5,14,0,1,1,1,0,0,0,1,0
2026-03-27 21:51:31.807,168.088,1144,-1,15,0,1,1,1,0,0,0,1,0
2026-03-27 21:51:31.935,168.216,1142,-2,14,0,1,1,1,0,0,0,1,0
2026-03-27 21:51:32.015,168.296,1143,-3,15,0,1,1,1,0,0,0,1,0
2026-03-27 21:51:32.175,168.456,1143,-2,15,0,1,1,1,0,0,0,1,0
2026-03-27 21:51:32.271,168.552,1143,-2,14,0,1,1,1,0,0,0,1,0
2026-03-27 21:51:32.273,168.554,1143,-2,15,0,1,1,1,0,0,0,1,0
2026-03-27 21:51:32.383,168.664,1144,-2,15,0,1,1,1,0,0,0,1,0
2026-03-27 21:51:32.384,168.665,1144,-2,15,0,1,1,1,0,0,0,1,0
2026-03-27 21:51:32.479,168.760,1143,-3,15,0,1,1,1,0,0,0,1,0
2026-03-27 21:51:32.607,168.888,1143,-2,15,0,1,1,1,0,0,0,1,0
2026-03-27 21:51:32.624,168.905,1142,-2,14,0,1,1,1,0,0,0,1,0
2026-03-27 21:51:32.688,168.969,1142,-2,15,0,1,1,1,0,0,0,1,0
2026-03-27 21:51:32.831,169.112,1144,-4,15,0,1,1,1,0,0,0,1,0
2026-03-27 21:51:32.911,169.192,1144,-2,15,0,1,1,1,0,0,0,1,0
2026-03-27 21:51:33.007,169.288,1143,-2,14,0,1,1,1,0,0,0,1,0
2026-03-27 21:51:33.151,169.432,1142,-2,15,0,1,1,1,0,0,0,1,0
2026-03-27 21:51:33.279,169.560,1143,-2,15,0,1,1,1,0,0,0,1,0
2026-03-27 21:51:33.281,169.562,1144,-2,15,0,1,1,1,0,0,0,1,0
2026-03-27 21:51:33.326,169.607,1141,-2,14,0,1,1,1,0,0,0,1,0
2026-03-27 21:51:33.423,169.704,1144,-2,15,0,1,1,1,0,0,0,1,0
2026-03-27 21:51:33.535,169.815,1144,-4,15,0,1,1,1,0,0,0,1,0
2026-03-27 21:51:33.615,169.896,1144,-4,15,0,1,1,1,0,0,0,1,0
2026-03-27 21:51:33.631,169.912,1142,-3,14,0,1,1,1,0,0,0,1,0
2026-03-27 21:51:33.695,169.976,1142,-2,14,0,1,1,1,0,0,0,1,0
2026-03-27 21:51:33.822,170.103,1142,-2,15,0,1,1,1,0,0,0,1,0
2026-03-27 21:51:33.951,170.232,1143,-2,15,0,1,1,1,0,0,0,1,0
2026-03-27 21:51:34.078,170.359,1142,-3,15,0,1,1,1,0,0,0,1,0
2026-03-27 21:51:34.175,170.456,1142,-2,15,0,1,1,1,0,0,0,1,0
2026-03-27 21:51:34.287,170.568,1142,-2,14,0,1,1,1,0,0,0,1,0
2026-03-27 21:51:34.431,170.712,1142,-5,15,0,1,1,1,0,0,0,1,0
2026-03-27 21:51:34.511,170.792,1143,-1,15,0,1,1,1,0,0,0,1,0
2026-03-27 21:51:34.574,170.855,1142,-3,15,0,1,1,1,0,0,0,1,0
2026-03-27 21:51:34.576,170.857,1143,-2,14,0,1,1,1,0,0,0,1,0
2026-03-27 21:51:34.590,170.871,0,0,0,0,0,0,0,0,0,0,0,0
2026-03-27 21:51:34.654,170.935,1143,-2,15,0,1,1,1,0,0,0,1,0
2026-03-27 21:51:34.656,170.936,1143,-2,15,0,1,1,1,0,0,0,1,0
2026-03-27 21:51:34.702,170.983,1143,-3,15,0,1,1,1,0,0,0,1,0
2026-03-27 21:51:34.703,170.984,1144,-2,15,0,1,1,1,0,0,0,1,0
2026-03-27 21:51:34.718,170.999,1143,0,0,0,0,0,0,0,0,0,1,0
2026-03-27 21:51:34.814,171.095,1142,-2,15,0,1,1,1,0,0,0,1,0
2026-03-27 21:51:34.816,171.097,1142,-3,15,0,1,1,1,0,0,0,1,0
2026-03-27 21:51:34.817,171.098,1142,-3,15,0,1,1,1,0,0,0,1,0
2026-03-27 21:51:34.895,171.176,1145,-2,15,0,1,1,1,0,0,0,1,0
2026-03-27 21:51:35.039,171.320,1143,-5,15,0,1,1,1,0,0,0,1,0
2026-03-27 21:51:35.119,171.400,1143,-2,15,0,1,1,1,0,0,0,1,0
2026-03-27 21:51:35.183,171.464,1142,-5,14,0,1,1,1,0,0,0,1,0
2026-03-27 21:51:35.294,171.575,1143,-5,15,0,1,1,1,0,0,0,1,0
2026-03-27 21:51:35.298,171.579,1143,-1,15,0,1,1,1,0,0,0,1,0
2026-03-27 21:51:35.439,171.720,1144,-2,15,0,1,1,1,0,0,0,1,0
2026-03-27 21:51:35.502,171.783,1144,-2,15,0,1,1,1,0,0,0,1,0
2026-03-27 21:51:35.614,171.895,1142,-2,14,0,1,1,1,0,0,0,1,0
2026-03-27 21:51:35.727,172.008,1144,-2,15,0,1,1,1,0,0,0,1,0
2026-03-27 21:51:35.806,172.087,1142,-2,15,0,1,1,1,0,0,0,1,0
2026-03-27 21:51:35.822,172.103,1142,-2,15,0,1,1,1,0,0,0,1,0
2026-03-27 21:51:35.935,172.216,1142,-5,15,0,1,1,1,0,0,0,1,0
2026-03-27 21:51:35.951,172.232,1143,-5,15,0,1,1,1,0,0,0,1,0
2026-03-27 21:51:35.982,172.263,1145,-2,15,0,1,1,1,0,0,0,1,0
2026-03-27 21:51:36.063,172.344,1144,-2,15,0,1,1,1,0,0,0,1,0
2026-03-27 21:51:36.065,172.346,1143,-2,15,0,1,1,1,0,0,0,1,0
2026-03-27 21:51:36.174,172.455,1143,-2,15,0,1,1,1,0,0,0,1,0
2026-03-27 21:51:36.287,172.568,1143,-5,15,0,1,1,1,0,0,0,1,0
2026-03-27 21:51:36.462,172.743,1143,-2,15,0,1,1,1,0,0,0,1,0
2026-03-27 21:51:36.465,172.746,1142,-2,14,0,1,1,1,0,0,0,1,0
2026-03-27 21:51:36.511,172.792,1143,-3,15,0,1,1,1,0,0,0,1,0
2026-03-27 21:51:36.575,172.856,1142,-2,14,0,1,1,1,0,0,0,1,0
2026-03-27 21:51:36.590,172.871,1143,-2,15,0,1,1,1,0,0,0,1,0
2026-03-27 21:51:36.718,172.999,1143,-2,14,0,1,1,1,0,0,0,1,0
2026-03-27 21:51:36.879,173.160,1142,-2,15,0,1,1,1,0,0,0,1,0
2026-03-27 21:51:36.926,173.207,1143,-5,15,0,1,1,1,0,0,0,1,0
2026-03-27 21:51:36.942,173.223,1143,-1,15,0,1,1,1,0,0,0,1,0
2026-03-27 21:51:36.991,173.272,1142,-2,14,0,1,1,1,0,0,0,1,0
2026-03-27 21:51:36.993,173.274,1142,-2,15,0,1,1,1,0,0,0,1,0
2026-03-27 21:51:37.150,173.431,1143,-2,15,0,1,1,1,0,0,0,1,0
2026-03-27 21:51:37.246,173.527,1143,-2,14,0,1,1,1,0,0,0,1,0
2026-03-27 21:51:37.249,173.530,1144,-2,15,0,1,1,1,0,0,0,1,0
2026-03-27 21:51:37.311,173.592,1143,-2,15,0,1,1,1,0,0,0,1,0
2026-03-27 21:51:37.313,173.594,1143,-2,15,0,1,1,0,0,0,0,1,0
2026-03-27 21:51:37.391,173.671,1144,-1,15,0,1,1,1,0,0,0,1,0
2026-03-27 21:51:37.392,173.673,1145,-1,15,0,1,1,1,0,0,0,1,0
2026-03-27 21:51:37.394,173.675,1142,-5,14,0,1,1,1,0,0,0,1,0
2026-03-27 21:51:37.503,173.783,1142,-5,15,0,1,1,1,0,0,0,1,0
2026-03-27 21:51:37.582,173.863,1143,-2,16,0,1,1,1,0,0,0,1,0
2026-03-27 21:51:37.710,173.991,1142,-2,14,0,1,1,1,0,0,0,1,0
2026-03-27 21:51:37.790,174.071,1144,-2,15,0,1,1,1,0,0,0,1,0
2026-03-27 21:51:37.870,174.151,1144,-2,15,0,1,1,1,0,0,0,1,0
2026-03-27 21:51:38.094,174.375,1143,-5,15,0,1,1,1,0,0,0,1,0
2026-03-27 21:51:38.175,174.455,1141,-2,14,0,1,1,1,0,0,0,1,0
2026-03-27 21:51:38.350,174.631,1143,-2,15,0,1,1,1,0,0,0,1,0
2026-03-27 21:51:38.352,174.632,1144,-2,15,0,1,1,1,0,0,0,1,0
2026-03-27 21:51:38.398,174.679,1142,-3,15,0,1,1,1,0,0,0,1,0
2026-03-27 21:51:38.399,174.680,1142,-2,15,0,1,1,1,0,0,0,1,0
2026-03-27 21:51:38.545,174.826,1143,-2,15,0,1,1,1,0,0,0,1,0
2026-03-27 21:51:38.734,175.015,1143,-5,14,0,1,1,1,0,0,0,1,0
2026-03-27 21:51:38.799,175.079,1143,-2,15,0,1,1,1,0,0,0,1,0
2026-03-27 21:51:38.816,175.097,1143,-1,15,0,1,1,1,0,0,0,1,0
2026-03-27 21:51:38.879,175.160,1143,-2,15,0,1,1,1,0,0,0,1,0
2026-03-27 21:51:38.895,175.175,1143,-2,15,0,1,1,1,0,0,0,1,0
2026-03-27 21:51:38.895,175.176,0,0,0,0,0,0,0,0,0,0,0,0
2026-03-27 21:51:38.896,175.177,1142,-2,14,0,1,1,1,0,0,0,1,0
2026-03-27 21:51:39.055,175.336,1142,-2,15,0,1,1,1,0,0,0,1,0
2026-03-27 21:51:39.150,175.431,1142,-3,15,0,1,1,1,0,0,0,1,0
2026-03-27 21:51:39.263,175.543,1142,-2,15,0,1,1,1,0,0,0,1,0
2026-03-27 21:51:39.390,175.671,1143,-2,15,0,1,1,1,0,0,0,1,0
2026-03-27 21:51:39.438,175.719,1143,-1,15,0,1,1,1,0,0,0,1,0
2026-03-27 21:51:39.439,175.720,1143,-2,15,0,1,1,1,0,0,0,1,0
2026-03-27 21:51:39.582,175.863,1142,-5,14,0,1,1,1,0,0,0,1,0
2026-03-27 21:51:39.585,175.866,1143,-5,15,0,1,1,1,0,0,0,1,0
2026-03-27 21:51:39.630,175.911,1143,-4,15,0,1,1,1,0,0,0,1,0
2026-03-27 21:51:39.633,175.914,1144,-2,15,0,1,1,1,0,0,0,1,0
2026-03-27 21:51:39.775,176.056,1144,-2,14,0,1,1,1,0,0,0,1,0
2026-03-27 21:51:39.870,176.151,1143,-2,15,0,1,1,1,0,0,0,1,0
2026-03-27 21:51:40.014,176.295,1144,-4,15,0,1,1,1,0,0,0,1,0
2026-03-27 21:51:40.030,176.311,1144,-4,15,0,1,1,1,0,0,0,1,0
2026-03-27 21:51:40.079,176.360,1142,-3,15,0,1,1,1,0,0,0,1,0
2026-03-27 21:51:40.206,176.487,1143,-5,15,0,1,1,1,0,0,0,1,0
2026-03-27 21:51:40.270,176.551,1142,-5,15,0,1,1,1,0,0,0,1,0
2026-03-27 21:51:40.350,176.631,1143,-5,15,0,1,1,1,0,0,0,1,0
2026-03-27 21:51:40.446,176.727,1144,-2,15,0,1,1,1,0,0,0,1,0
2026-03-27 21:51:40.558,176.839,1143,-2,15,0,1,1,1,0,0,0,1,0
2026-03-27 21:51:40.687,176.968,1142,-2,14,0,1,1,1,0,0,0,1,0
2026-03-27 21:51:40.798,177.079,1143,-2,15,0,1,1,1,0,0,0,1,0
2026-03-27 21:51:40.830,177.111,1141,-5,15,0,1,1,1,0,0,0,1,0
2026-03-27 21:51:40.832,177.113,1141,-2,15,0,1,1,1,0,0,0,1,0
2026-03-27 21:51:40.846,177.127,1142,-1,14,0,1,1,1,0,0,0,1,0
2026-03-27 21:51:40.910,177.191,1143,-2,15,0,1,1,1,0,0,0,1,0
2026-03-27 21:51:41.038,177.319,1145,-4,15,0,1,1,1,0,0,0,1,0
2026-03-27 21:51:41.119,177.400,1144,-2,15,0,1,1,1,0,0,0,1,0
2026-03-27 21:51:41.122,177.403,1142,-5,15,0,1,1,1,0,0,0,1,0
2026-03-27 21:51:41.263,177.543,1143,-4,14,0,1,1,1,0,0,0,1,0
2026-03-27 21:51:41.265,177.546,1142,-2,15,0,1,1,1,0,0,0,1,0
2026-03-27 21:51:41.359,177.640,1142,-2,15,0,1,1,1,0,0,0,1,0
2026-03-27 21:51:41.391,177.672,1142,-5,15,0,1,1,1,0,0,0,1,0
2026-03-27 21:51:41.518,177.799,1142,-5,15,0,1,1,1,0,0,0,1,0
2026-03-27 21:51:41.566,177.847,1142,-5,15,0,1,1,1,0,0,0,1,0
2026-03-27 21:51:41.934,178.215,1143,-2,15,0,1,1,1,0,0,0,1,0
2026-03-27 21:51:42.014,178.295,1142,-5,15,0,1,1,1,0,0,0,1,0
2026-03-27 21:51:42.016,178.297,1142,-5,14,0,1,1,1,0,0,0,1,0
2026-03-27 21:51:42.174,178.455,1143,-2,15,0,1,1,1,0,0,0,1,0
2026-03-27 21:51:42.177,178.458,1144,-5,15,0,1,1,1,0,0,0,1,0
2026-03-27 21:51:42.334,178.615,1144,-2,15,0,1,1,1,0,0,0,1,0
2026-03-27 21:51:42.414,178.695,1142,-5,15,0,1,1,1,0,0,0,1,0
2026-03-27 21:51:42.494,178.775,1144,-4,15,0,1,1,1,0,0,0,1,0
2026-03-27 21:51:42.606,178.887,1142,-2,14,0,1,1,1,0,0,0,1,0
2026-03-27 21:51:42.735,179.016,1143,-2,15,0,1,1,1,0,0,0,1,0
2026-03-27 21:51:42.799,179.079,1142,-5,14,0,1,1,1,0,0,0,1,0
2026-03-27 21:51:42.894,179.175,1144,-4,15,0,1,1,1,0,0,0,1,0
2026-03-27 21:51:42.896,179.177,1144,-5,15,0,1,1,1,0,0,0,1,0
2026-03-27 21:51:43.023,179.304,1144,-2,15,0,1,1,1,0,0,0,1,0
2026-03-27 21:51:43.040,179.321,1143,-2,15,0,1,1,1,0,0,0,1,0
2026-03-27 21:51:43.119,179.400,1143,-2,15,0,1,1,1,0,0,0,1,0
2026-03-27 21:51:43.247,179.527,1141,-3,15,0,1,1,1,0,0,0,1,0
2026-03-27 21:51:43.326,179.607,1143,-4,15,0,1,1,1,0,0,0,1,0
2026-03-27 21:51:43.438,179.719,1142,-5,14,0,1,1,1,0,0,0,1,0
2026-03-27 21:51:43.550,179.831,1143,-2,15,0,1,1,1,0,0,0,1,0
2026-03-27 21:51:43.566,179.847,1143,-2,15,0,1,1,1,0,0,0,1,0
2026-03-27 21:51:43.790,180.070,1143,-3,15,0,1,1,1,0,0,0,1,0
2026-03-27 21:51:43.806,180.087,1143,-2,15,0,1,1,1,0,0,0,1,0
2026-03-27 21:51:43.950,180.231,1142,-2,15,0,1,1,1,0,0,0,1,0
2026-03-27 21:51:44.078,180.359,1143,-2,15,0,1,1,1,0,0,0,1,0
2026-03-27 21:51:44.158,180.439,1142,-5,15,0,1,1,1,0,0,0,1,0
2026-03-27 21:51:44.238,180.519,1143,-2,14,0,1,1,1,0,0,0,1,0
2026-03-27 21:51:44.366,180.647,1143,-2,15,0,1,1,1,0,0,0,1,0
2026-03-27 21:51:44.368,180.649,1142,-2,14,0,1,1,1,0,0,0,1,0
2026-03-27 21:51:44.462,180.743,1143,-2,14,0,1,1,1,0,0,0,1,0
2026-03-27 21:51:44.526,180.807,1143,-2,15,0,1,1,1,0,0,0,1,0
2026-03-27 21:51:44.528,180.809,1142,-2,15,0,1,1,1,0,0,0,1,0
2026-03-27 21:51:44.638,180.919,1142,-2,15,0,1,1,1,0,0,0,1,0
2026-03-27 21:51:44.640,180.921,1142,-2,15,0,0,1,1,0,0,0,1,0
2026-03-27 21:51:44.734,181.015,1143,-2,15,0,1,1,1,0,0,0,1,0
2026-03-27 21:51:44.750,181.031,1143,-5,15,0,1,1,1,0,0,0,1,0
2026-03-27 21:51:44.878,181.159,1144,-2,15,0,1,1,1,0,0,0,1,0
2026-03-27 21:51:44.958,181.239,1143,-3,15,0,1,1,1,0,0,0,1,0
2026-03-27 21:51:45.087,181.368,1144,-2,15,0,1,1,1,0,0,0,1,0
2026-03-27 21:51:45.214,181.495,1142,-5,14,0,1,1,1,0,0,0,1,0
2026-03-27 21:51:45.294,181.575,1143,-2,15,0,1,1,1,0,0,0,1,0
2026-03-27 21:51:45.390,181.671,1142,-2,14,0,1,1,1,0,0,0,1,0
2026-03-27 21:51:45.486,181.767,1144,-5,15,0,1,1,1,0,0,0,1,0
2026-03-27 21:51:45.566,181.847,1143,-2,15,0,1,1,1,0,0,0,1,0
2026-03-27 21:51:45.710,181.991,1143,-2,15,0,1,1,1,0,0,0,1,0
2026-03-27 21:51:45.854,182.135,1142,-3,15,0,1,1,1,0,0,0,1,0
2026-03-27 21:51:45.950,182.231,1143,-5,15,0,1,1,1,0,0,0,1,0
2026-03-27 21:51:46.014,182.295,1141,-2,15,0,1,1,1,0,0,0,1,0
2026-03-27 21:51:46.126,182.407,1143,-2,15,0,1,1,1,0,0,0,1,0
2026-03-27 21:51:46.128,182.409,1143,-4,15,0,1,1,1,0,0,0,1,0
2026-03-27 21:51:46.254,182.535,1144,-5,15,0,1,1,1,0,0,0,1,0
2026-03-27 21:51:46.366,182.647,1143,-5,15,0,1,1,1,0,0,0,1,0
2026-03-27 21:51:46.446,182.727,1143,-3,15,0,1,1,1,0,0,0,1,0
2026-03-27 21:51:46.574,182.855,1143,-2,14,0,1,1,1,0,0,0,1,0
2026-03-27 21:51:46.621,182.902,1143,-2,15,0,1,1,1,0,0,0,1,0
2026-03-27 21:51:46.638,182.919,1143,-3,15,0,1,1,1,0,0,0,1,0
2026-03-27 21:51:46.751,183.031,1142,-2,14,0,1,1,1,0,0,0,1,0
2026-03-27 21:51:46.894,183.175,1142,-2,15,0,1,1,1,0,0,0,1,0
2026-03-27 21:51:46.897,183.178,1142,-3,15,0,1,1,1,0,0,0,1,0
2026-03-27 21:51:46.974,183.255,1142,-2,14,0,1,1,1,0,0,0,1,0
2026-03-27 21:51:47.166,183.446,1142,-2,15,0,1,1,1,0,0,0,1,0
2026-03-27 21:51:47.167,183.448,1142,-5,15,0,1,1,1,0,0,0,1,0
2026-03-27 21:51:47.199,183.480,1143,-2,15,0,1,1,1,0,0,0,1,0
2026-03-27 21:51:47.358,183.639,1142,-2,15,0,1,1,1,0,0,0,1,0
2026-03-27 21:51:47.422,183.703,1142,-5,15,0,1,1,1,0,0,0,1,0
2026-03-27 21:51:47.424,183.705,1144,-5,15,0,1,1,1,0,0,0,1,0
2026-03-27 21:51:47.518,183.799,1143,-5,15,0,1,1,1,0,0,0,1,0
2026-03-27 21:51:47.534,183.815,1143,-5,15,0,1,1,1,0,0,0,1,0
2026-03-27 21:51:47.566,183.847,1143,-5,14,0,1,1,1,0,0,0,1,0
2026-03-27 21:51:47.725,184.006,1144,-2,15,0,1,1,1,0,0,0,1,0
2026-03-27 21:51:47.727,184.008,1144,-2,15,0,1,1,1,0,0,0,1,0
2026-03-27 21:51:47.822,184.102,1142,-3,14,0,1,1,1,0,0,0,1,0
2026-03-27 21:51:47.837,184.118,1142,-2,14,0,1,1,1,0,0,0,1,0
2026-03-27 21:51:47.886,184.167,1143,-2,14,0,1,1,1,0,0,0,1,0
2026-03-27 21:51:47.966,184.247,1142,-6,15,0,1,1,1,0,0,0,1,0
2026-03-27 21:51:48.111,184.391,1143,-2,15,0,1,1,1,0,0,0,1,0
2026-03-27 21:51:48.206,184.487,1143,-5,15,0,1,1,1,0,0,0,1,0
2026-03-27 21:51:48.302,184.583,1143,-2,15,0,1,1,1,0,0,0,1,0
2026-03-27 21:51:48.304,184.585,1143,-2,15,0,1,1,1,0,0,0,1,0
2026-03-27 21:51:48.510,184.791,1142,-3,14,0,1,1,1,0,0,0,1,0
2026-03-27 21:51:48.622,184.903,1141,-3,14,0,1,1,1,0,0,0,1,0
2026-03-27 21:51:48.750,185.031,1142,-2,15,0,1,1,1,0,0,0,1,0
2026-03-27 21:51:48.830,185.111,1144,-2,15,0,1,1,1,0,0,0,1,0
2026-03-27 21:51:48.957,185.238,1143,-2,15,0,1,1,1,0,0,0,1,0
2026-03-27 21:51:48.959,185.240,1143,-2,15,0,1,1,1,0,0,0,1,0
2026-03-27 21:51:48.974,185.255,1143,-2,14,0,1,1,1,0,0,0,1,0
2026-03-27 21:51:49.054,185.335,1143,-3,15,0,1,1,1,0,0,0,1,0
2026-03-27 21:51:49.197,185.478,1142,-2,15,0,1,1,1,0,0,0,1,0
2026-03-27 21:51:49.199,185.480,1142,-2,15,0,1,1,1,0,0,0,1,0
2026-03-27 21:51:49.200,185.481,1,-3,15,0,1,1,1,0,0,0,1,0
2026-03-27 21:51:49.358,185.639,1143,-5,15,0,1,1,1,0,0,0,1,0
2026-03-27 21:51:49.470,185.751,1142,-3,15,0,1,1,1,0,0,0,1,0
2026-03-27 21:51:49.502,185.783,1142,-5,14,0,1,1,1,0,0,0,1,0
2026-03-27 21:51:49.694,185.975,1142,-3,15,0,1,1,1,0,0,0,1,0
2026-03-27 21:51:49.854,186.135,1142,-2,15,0,1,1,1,0,0,0,1,0
2026-03-27 21:51:49.886,186.167,1143,-1,15,0,1,1,1,0,0,0,1,0
2026-03-27 21:51:49.901,186.182,1142,-2,14,0,1,1,1,0,0,0,1,0
2026-03-27 21:51:50.190,186.471,1143,-5,15,0,1,1,1,0,0,0,1,0
2026-03-27 21:51:50.192,186.473,1143,-5,15,0,1,1,1,0,0,0,1,0
2026-03-27 21:51:50.254,186.535,1142,-5,15,0,1,1,1,0,0,0,1,0
2026-03-27 21:51:50.430,186.711,1144,-5,15,0,1,1,1,0,0,0,1,0
2026-03-27 21:51:50.447,186.728,1142,-3,14,0,1,1,1,0,0,0,1,0
2026-03-27 21:51:50.541,186.822,1142,-2,15,0,1,1,1,0,0,0,1,0
2026-03-27 21:51:50.558,186.839,1143,-2,15,0,1,1,1,0,0,0,1,0
2026-03-27 21:51:50.702,186.983,1143,-2,14,0,1,1,1,0,0,0,1,0
2026-03-27 21:51:50.813,187.094,1144,-5,15,0,1,1,1,0,0,0,1,0
2026-03-27 21:51:50.894,187.175,1145,-2,15,0,1,1,1,0,0,0,1,0
2026-03-27 21:51:50.973,187.254,1144,-5,15,0,1,1,1,0,0,0,1,0
2026-03-27 21:51:50.975,187.255,1144,-5,14,0,1,1,1,0,0,0,1,0
2026-03-27 21:51:51.054,187.335,1141,-3,15,0,1,1,1,0,0,0,1,0
2026-03-27 21:51:51.070,187.351,1141,-3,14,0,1,1,1,0,0,0,1,0
2026-03-27 21:51:51.166,187.447,1143,-5,15,0,1,1,1,0,0,0,1,0
2026-03-27 21:51:51.198,187.479,1141,-3,15,0,1,1,1,0,0,0,1,0
2026-03-27 21:51:51.358,187.639,1142,-5,15,0,1,1,1,0,0,0,1,0
2026-03-27 21:51:51.501,187.782,1144,-2,15,0,1,1,1,0,0,0,1,0
2026-03-27 21:51:51.566,187.847,1143,-2,15,0,1,1,1,0,0,0,1,0
2026-03-27 21:51:51.694,187.975,1143,-3,15,0,1,1,1,0,0,0,1,0
2026-03-27 21:51:51.774,188.055,1142,-2,15,0,1,1,1,0,0,0,1,0
2026-03-27 21:51:51.838,188.119,1143,-3,15,0,1,1,1,0,0,0,1,0
2026-03-27 21:51:51.966,188.247,1142,-2,14,0,1,1,1,0,0,0,1,0
2026-03-27 21:51:52.078,188.359,1142,-2,15,0,1,1,1,0,0,0,1,0
2026-03-27 21:51:52.254,188.534,1143,-2,14,0,1,1,1,0,0,0,1,0
2026-03-27 21:51:52.318,188.599,1142,-2,14,0,1,1,1,0,0,0,1,0
2026-03-27 21:51:52.398,188.679,1143,-2,15,0,1,1,1,0,0,0,1,0
2026-03-27 21:51:52.400,188.681,1142,-3,15,0,1,1,1,0,0,0,1,0
2026-03-27 21:51:52.494,188.775,1142,-2,15,0,1,1,1,0,0,0,1,0
2026-03-27 21:51:52.496,188.777,1143,-2,15,0,1,1,1,0,0,0,1,0
2026-03-27 21:51:52.638,188.919,1143,-2,15,0,1,1,1,0,0,0,1,0
2026-03-27 21:51:52.639,188.920,1143,-2,15,0,0,0,0,0,0,0,0,0
2026-03-27 21:51:52.640,188.921,1143,-5,15,0,1,1,1,0,0,0,1,0
2026-03-27 21:51:52.750,189.031,1144,-2,15,0,1,1,1,0,0,0,1,0
2026-03-27 21:51:52.878,189.159,1142,-3,14,0,1,1,1,0,0,0,1,0
2026-03-27 21:51:52.895,189.176,1144,-2,15,0,1,1,1,0,0,0,1,0
2026-03-27 21:51:52.957,189.238,1144,-2,15,0,1,1,1,0,0,0,1,0
2026-03-27 21:51:53.069,189.350,1142,-3,14,0,1,1,1,0,0,0,1,0
2026-03-27 21:51:53.070,189.351,1142,-2,14,0,1,1,1,0,0,0,1,0
2026-03-27 21:51:53.182,189.463,1143,-2,15,0,1,1,1,0,0,0,1,0
2026-03-27 21:51:53.294,189.575,1142,-5,14,0,1,1,1,0,0,0,1,0
2026-03-27 21:51:53.295,189.576,1142,-5,15,0,1,1,1,0,0,0,1,0
2026-03-27 21:51:53.297,189.578,1143,-2,15,0,1,1,1,0,0,0,1,0
2026-03-27 21:51:53.391,189.672,1144,-2,15,0,1,1,1,0,0,0,1,0
2026-03-27 21:51:53.534,189.815,1144,-2,15,0,1,1,1,0,0,0,1,0
2026-03-27 21:51:53.629,189.910,1143,-2,14,0,1,1,1,0,0,0,1,0
2026-03-27 21:51:53.631,189.912,1143,-2,15,0,1,1,1,0,0,0,1,0
2026-03-27 21:51:53.758,190.039,1141,-2,14,0,1,1,1,0,0,0,1,0
2026-03-27 21:51:53.806,190.087,1143,-2,15,0,1,1,1,0,0,0,1,0
2026-03-27 21:51:53.934,190.215,1141,-2,14,0,1,1,1,0,0,0,1,0
2026-03-27 21:51:54.030,190.311,1143,-5,15,0,1,1,1,0,0,0,1,0
2026-03-27 21:51:54.174,190.455,1144,-2,15,0,1,1,1,0,0,0,1,0
2026-03-27 21:51:54.175,190.456,1144,-2,15,0,1,1,1,0,0,0,1,0
2026-03-27 21:51:54.302,190.582,1144,-2,15,0,1,1,1,0,0,0,1,0
2026-03-27 21:51:54.430,190.711,1143,-2,14,0,1,1,1,0,0,0,1,0
2026-03-27 21:51:54.510,190.790,1142,-2,15,0,1,1,1,0,0,0,1,0
2026-03-27 21:51:54.622,190.903,1143,-2,15,0,1,1,1,0,0,0,1,0
2026-03-27 21:51:54.749,191.030,1142,-3,15,0,1,1,1,0,0,0,1,0
2026-03-27 21:51:54.829,191.110,1142,-3,15,0,1,1,1,0,0,0,1,0
2026-03-27 21:51:54.893,191.174,1142,-2,12,0,1,1,1,0,0,0,1,0
2026-03-27 21:51:54.910,191.191,1142,-2,12,0,1,1,1,0,0,0,1,0
2026-03-27 21:51:54.911,191.192,1142,-3,15,0,1,1,1,0,0,0,1,0
2026-03-27 21:51:55.053,191.334,1143,-2,15,0,1,1,1,0,0,0,1,0
2026-03-27 21:51:55.102,191.383,1143,-2,15,0,1,1,1,0,0,0,1,0
2026-03-27 21:51:55.230,191.511,1143,-2,14,0,1,1,1,0,0,0,1,0
2026-03-27 21:51:55.233,191.513,1143,-2,15,0,1,1,1,0,0,0,1,0
2026-03-27 21:51:55.326,191.607,1143,-2,15,0,1,1,1,0,0,0,1,0
2026-03-27 21:51:55.453,191.734,1143,-2,15,0,1,1,1,0,0,0,1,0
2026-03-27 21:51:55.566,191.847,1142,-3,15,0,1,1,1,0,0,0,1,0
2026-03-27 21:51:55.630,191.910,1144,-2,15,0,1,1,1,0,0,0,1,0
2026-03-27 21:51:55.726,192.007,1142,-3,15,0,1,1,1,0,0,0,1,0
2026-03-27 21:51:55.727,192.008,1142,-2,15,0,1,1,1,0,0,0,1,0
2026-03-27 21:51:55.885,192.166,1143,-2,15,0,1,1,1,0,0,0,1,0
2026-03-27 21:51:55.934,192.215,1142,-5,15,0,1,1,1,0,0,0,1,0
2026-03-27 21:51:55.950,192.231,1144,-2,15,0,1,1,1,0,0,0,1,0
2026-03-27 21:51:56.046,192.327,1145,-2,14,0,1,1,1,0,0,0,1,0
2026-03-27 21:51:56.222,192.503,1145,-2,15,0,1,1,1,0,0,0,1,0
2026-03-27 21:51:56.225,192.505,1142,-2,15,0,1,1,1,0,0,0,1,0
2026-03-27 21:51:56.270,192.551,1143,-2,15,0,1,1,1,0,0,0,1,0
2026-03-27 21:51:56.286,192.567,1141,-2,14,0,1,1,1,0,0,0,1,0
2026-03-27 21:51:56.397,192.678,1142,-2,14,0,1,1,1,0,0,0,1,0
2026-03-27 21:51:56.526,192.807,1143,-2,15,0,1,1,1,0,0,0,1,0
2026-03-27 21:51:56.541,192.822,1141,-2,14,0,1,1,1,0,0,0,1,0
2026-03-27 21:51:56.654,192.935,1143,-2,15,0,1,1,1,0,0,0,1,0
2026-03-27 21:51:56.766,193.047,1144,-2,15,0,1,1,1,0,0,0,1,0
2026-03-27 21:51:56.878,193.159,1144,-2,15,0,1,1,1,0,0,0,1,0
2026-03-27 21:51:56.957,193.238,1143,-2,14,0,1,1,1,0,0,0,1,0
2026-03-27 21:51:57.037,193.318,1142,-2,14,0,1,1,1,0,0,0,1,0
2026-03-27 21:51:57.038,193.319,1142,-2,15,0,1,1,1,0,0,0,1,0
2026-03-27 21:51:57.133,193.414,1143,-2,14,0,1,1,1,0,0,0,1,0
2026-03-27 21:51:57.245,193.526,1142,-2,14,0,1,1,1,0,0,0,1,0
2026-03-27 21:51:57.310,193.591,1143,-5,14,0,1,1,1,0,0,0,1,0
2026-03-27 21:51:57.646,193.927,1142,-2,15,0,1,1,1,0,0,0,1,0
2026-03-27 21:51:57.662,193.943,1142,-5,15,0,1,1,1,0,0,0,1,0
2026-03-27 21:51:57.726,194.007,1143,-2,15,0,1,1,1,0,0,0,1,0
2026-03-27 21:51:57.886,194.167,1142,-3,15,0,1,1,1,0,0,0,1,0
2026-03-27 21:51:57.917,194.198,1143,-2,15,0,1,1,1,0,0,0,1,0
2026-03-27 21:51:57.920,194.201,1143,-4,15,0,1,1,1,0,0,0,1,0
2026-03-27 21:51:58.110,194.391,1143,-5,15,0,1,1,1,0,0,0,1,0
2026-03-27 21:51:58.174,194.454,1143,-3,15,0,1,1,1,0,0,0,1,0
2026-03-27 21:51:58.222,194.502,1144,-2,15,0,1,1,1,0,0,0,1,0
2026-03-27 21:51:58.349,194.630,1143,-3,15,0,1,1,1,0,0,0,1,0
2026-03-27 21:51:58.477,194.758,1143,-5,15,0,1,1,1,0,0,0,1,0
2026-03-27 21:51:58.605,194.886,1142,-3,15,0,1,1,1,0,0,0,1,0
2026-03-27 21:51:58.670,194.951,1143,-5,15,0,1,1,1,0,0,0,1,0
2026-03-27 21:51:58.766,195.047,1144,-2,15,0,1,1,1,0,0,0,1,0
2026-03-27 21:51:58.861,195.142,1143,-2,15,0,1,1,1,0,0,0,1,0
2026-03-27 21:51:58.878,195.158,1143,-2,15,0,1,1,1,0,0,0,1,0
2026-03-27 21:51:58.990,195.271,1142,-2,14,0,1,1,1,0,0,0,1,0
2026-03-27 21:51:58.991,195.272,1142,-2,15,0,1,1,1,0,0,0,1,0
2026-03-27 21:51:59.070,195.351,1143,-5,15,0,1,1,1,0,0,0,1,0
2026-03-27 21:51:59.101,195.382,1141,-2,15,0,1,1,1,0,0,0,1,0
2026-03-27 21:51:59.118,195.399,1143,-2,15,0,1,1,1,0,0,0,1,0
2026-03-27 21:51:59.214,195.494,1143,-2,15,0,1,1,1,0,0,0,1,0
2026-03-27 21:51:59.421,195.702,1144,-2,15,0,1,1,1,0,0,0,1,0
2026-03-27 21:51:59.438,195.718,1144,-2,15,0,1,1,1,0,0,0,1,0
2026-03-27 21:51:59.501,195.782,1143,-2,15,0,1,1,1,0,0,0,1,0
2026-03-27 21:51:59.581,195.862,1143,-5,15,0,1,1,1,0,0,0,1,0
2026-03-27 21:51:59.741,196.022,1142,-3,15,0,1,1,1,0,0,0,1,0
2026-03-27 21:51:59.790,196.071,1143,-2,14,0,1,1,1,0,0,0,1,0
2026-03-27 21:51:59.901,196.182,1143,-2,15,0,1,1,1,0,0,0,1,0
2026-03-27 21:51:59.997,196.278,1143,-3,15,0,1,1,1,0,0,0,1,0
2026-03-27 21:52:00.013,196.294,1142,-2,15,0,1,1,1,0,0,0,1,0
2026-03-27 21:52:00.093,196.374,1143,-3,15,0,1,1,1,0,0,0,1,0
2026-03-27 21:52:00.205,196.486,1142,-3,15,0,1,1,1,0,0,0,1,0
2026-03-27 21:52:00.223,196.504,1143,-5,15,0,1,1,1,0,0,0,1,0
2026-03-27 21:52:00.253,196.534,1143,-5,15,0,1,1,1,0,0,0,1,0
2026-03-27 21:52:00.350,196.630,1142,-3,15,0,1,1,1,0,0,0,1,0
2026-03-27 21:52:00.445,196.726,1143,-2,14,0,1,1,1,0,0,0,1,0
2026-03-27 21:52:00.542,196.823,1144,-2,15,0,1,1,1,0,0,0,1,0
2026-03-27 21:52:00.557,196.838,1143,-3,15,0,1,1,1,0,0,0,1,0
2026-03-27 21:52:00.877,197.158,1142,-2,15,0,1,1,1,0,0,0,1,0
2026-03-27 21:52:01.053,197.334,1143,-2,15,0,1,1,1,0,0,0,1,0
2026-03-27 21:52:01.133,197.414,1143,-2,14,0,1,1,1,0,0,0,1,0
2026-03-27 21:52:01.341,197.622,1144,-2,15,0,1,1,1,0,0,0,1,0
2026-03-27 21:52:01.373,197.654,1143,-2,14,0,1,1,1,0,0,0,1,0
2026-03-27 21:52:01.565,197.846,1143,-2,15,0,1,1,1,0,0,0,1,0
2026-03-27 21:52:01.662,197.943,1142,-3,14,0,1,1,1,0,0,0,1,0
2026-03-27 21:52:01.664,197.945,1143,-2,15,0,1,1,1,0,0,0,1,0
2026-03-27 21:52:01.710,197.991,1143,-2,15,0,1,1,1,0,0,0,1,0
2026-03-27 21:52:01.774,198.055,1141,-2,14,0,1,1,1,0,0,0,1,0
2026-03-27 21:52:01.917,198.198,1143,-2,15,0,1,1,1,0,0,0,1,0
2026-03-27 21:52:01.918,198.199,1143,-2,15,0,1,1,1,0,0,0,1,0
2026-03-27 21:52:02.045,198.326,1144,-2,15,0,1,1,1,0,0,0,1,0
2026-03-27 21:52:02.046,198.327,1144,-2,15,0,1,1,1,0,0,0,1,0
2026-03-27 21:52:02.109,198.390,1144,-2,15,0,1,1,1,0,0,0,1,0
2026-03-27 21:52:02.269,198.550,1143,-3,15,0,1,1,1,0,0,0,1,0
2026-03-27 21:52:02.271,198.552,1143,-3,15,0,1,1,1,0,0,0,1,0
2026-03-27 21:52:02.301,198.582,1142,-2,14,0,1,1,1,0,0,0,1,0
2026-03-27 21:52:02.317,198.598,1142,-2,14,0,1,1,1,0,0,0,1,0
2026-03-27 21:52:02.461,198.742,1143,-2,15,0,1,1,1,0,0,0,1,0
2026-03-27 21:52:02.492,198.773,1142,-2,14,0,1,1,1,0,0,0,1,0
2026-03-27 21:52:02.494,198.775,1142,-2,14,0,1,1,1,0,0,0,1,0
2026-03-27 21:52:02.622,198.903,1142,-3,14,0,1,1,1,0,0,0,1,0
2026-03-27 21:52:02.625,198.906,1142,-3,15,0,1,1,1,0,0,0,1,0
2026-03-27 21:52:02.718,198.998,1142,-3,15,0,1,1,1,0,0,0,1,0
2026-03-27 21:52:02.813,199.094,1142,-2,14,0,1,1,1,0,0,0,1,0
2026-03-27 21:52:02.893,199.174,1144,-2,15,0,1,1,1,0,0,0,1,0
2026-03-27 21:52:03.037,199.318,1142,-3,15,0,1,1,1,0,0,0,1,0
2026-03-27 21:52:03.133,199.414,1143,-2,12,0,1,1,1,0,0,0,1,0
2026-03-27 21:52:03.212,199.493,1144,-2,15,0,1,1,1,0,0,0,1,0
2026-03-27 21:52:03.214,199.495,1144,-2,15,0,1,1,1,0,0,0,1,0
2026-03-27 21:52:03.229,199.510,1143,-2,15,0,1,1,1,0,0,0,1,0
2026-03-27 21:52:03.294,199.575,1143,-3,15,0,1,1,1,0,0,0,1,0
2026-03-27 21:52:03.389,199.670,1144,-1,15,0,1,1,1,0,0,0,1,0
2026-03-27 21:52:03.485,199.766,1142,-2,14,0,1,1,1,0,0,0,1,0
2026-03-27 21:52:03.614,199.895,1143,-2,15,0,1,1,1,0,0,0,1,0
2026-03-27 21:52:03.710,199.991,1143,-2,14,0,1,1,1,0,0,0,1,0
2026-03-27 21:52:03.837,200.118,1144,-2,15,0,1,1,1,0,0,0,1,0
2026-03-27 21:52:03.933,200.214,1144,-2,15,0,1,1,1,0,0,0,1,0
2026-03-27 21:52:04.061,200.342,1144,-2,15,0,1,1,1,0,0,0,1,0
2026-03-27 21:52:04.173,200.454,1142,-2,15,0,1,1,1,0,0,0,1,0
2026-03-27 21:52:04.365,200.646,1144,-2,15,0,1,1,1,0,0,0,1,0
2026-03-27 21:52:04.413,200.694,1141,-5,14,0,1,1,1,0,0,0,1,0
2026-03-27 21:52:04.429,200.710,1143,-5,15,0,1,1,1,0,0,0,1,0
2026-03-27 21:52:04.509,200.790,1143,-5,15,0,1,1,1,0,0,0,1,0
2026-03-27 21:52:04.669,200.950,1144,-2,15,0,1,1,1,0,0,0,1,0
2026-03-27 21:52:04.686,200.967,1143,-2,15,0,1,1,1,0,0,0,1,0
2026-03-27 21:52:04.814,201.094,1144,-2,15,0,1,1,1,0,0,0,1,0
2026-03-27 21:52:04.941,201.222,1142,-3,14,0,1,1,1,0,0,0,1,0
2026-03-27 21:52:04.973,201.254,1141,-2,14,0,1,1,1,0,0,0,1,0
2026-03-27 21:52:05.084,201.365,1142,-3,15,0,1,1,1,0,0,0,1,0
2026-03-27 21:52:05.086,201.367,1142,-2,15,0,1,1,1,0,0,0,1,0
2026-03-27 21:52:05.197,201.478,1142,-2,14,0,1,1,1,0,0,0,1,0
2026-03-27 21:52:05.308,201.589,1142,-3,15,0,1,1,1,0,0,0,1,0
2026-03-27 21:52:05.324,201.605,1142,-3,15,0,1,1,1,0,0,0,1,0
2026-03-27 21:52:05.469,201.750,1142,-2,14,0,1,1,1,0,0,0,1,0
2026-03-27 21:52:05.597,201.878,1142,-2,15,0,1,1,1,0,0,0,1,0
2026-03-27 21:52:05.710,201.990,1143,-2,15,0,1,1,1,0,0,0,1,0
2026-03-27 21:52:05.821,202.102,1141,-3,15,0,1,1,1,0,0,0,1,0
2026-03-27 21:52:05.901,202.182,1142,-2,15,0,1,1,1,0,0,0,1,0
2026-03-27 21:52:05.997,202.278,1143,-2,15,0,1,1,1,0,0,0,1,0
2026-03-27 21:52:06.141,202.421,1142,-2,15,0,1,1,1,0,0,0,1,0
2026-03-27 21:52:06.269,202.550,1143,-2,15,0,1,1,1,0,0,0,1,0
2026-03-27 21:52:06.285,202.566,1142,-5,14,0,1,1,1,0,0,0,1,0
2026-03-27 21:52:06.396,202.677,1142,-2,15,0,1,1,1,0,0,0,1,0
2026-03-27 21:52:06.398,202.679,1144,-2,15,0,1,1,1,0,0,0,1,0
2026-03-27 21:52:06.590,202.870,1142,-2,14,0,1,1,1,0,0,0,1,0
2026-03-27 21:52:06.637,202.918,1143,-2,15,0,1,1,1,0,0,0,1,0
2026-03-27 21:52:06.701,202.982,1143,-2,15,0,1,1,1,0,0,0,1,0
2026-03-27 21:52:06.798,203.078,1144,-2,14,0,1,1,1,0,0,0,1,0
2026-03-27 21:52:06.925,203.206,1142,-2,14,0,1,1,1,0,0,0,1,0
2026-03-27 21:52:07.005,203.286,1143,-5,15,0,1,1,1,0,0,0,1,0
2026-03-27 21:52:07.149,203.430,1141,-5,14,0,1,1,1,0,0,0,1,0
2026-03-27 21:52:07.245,203.526,1143,-3,14,0,1,1,1,0,0,0,1,0
2026-03-27 21:52:07.325,203.606,1143,-2,15,0,1,1,1,0,0,0,1,0
2026-03-27 21:52:07.517,203.798,1143,-2,15,0,1,1,1,0,0,0,1,0
2026-03-27 21:52:07.519,203.800,1143,-2,14,0,1,1,1,0,0,0,1,0
2026-03-27 21:52:07.549,203.830,1143,-2,14,0,1,1,1,0,0,0,1,0
2026-03-27 21:52:07.725,204.006,1142,-2,14,0,1,1,1,0,0,0,1,0
2026-03-27 21:52:07.805,204.086,1143,-2,15,0,1,1,1,0,0,0,1,0
2026-03-27 21:52:07.822,204.103,1141,-2,14,0,1,1,1,0,0,0,1,0
2026-03-27 21:52:07.933,204.214,1142,-2,15,0,1,1,1,0,0,0,1,0
2026-03-27 21:52:08.013,204.294,1142,-5,14,0,1,1,1,0,0,0,1,0
2026-03-27 21:52:08.141,204.422,1142,-2,14,0,1,1,1,0,0,0,1,0
2026-03-27 21:52:08.156,204.437,1141,-3,14,0,1,1,1,0,0,0,1,0
2026-03-27 21:52:08.158,204.439,1142,-3,15,0,1,1,1,0,0,0,1,0
2026-03-27 21:52:08.237,204.518,1142,-2,14,0,1,1,1,0,0,0,1,0
2026-03-27 21:52:08.285,204.566,1143,-2,15,0,1,1,1,0,0,0,1,0
2026-03-27 21:52:08.493,204.774,1141,-3,14,0,1,1,1,0,0,0,1,0
2026-03-27 21:52:08.525,204.806,1143,-2,15,0,1,1,1,0,0,0,1,0
2026-03-27 21:52:08.717,204.998,1144,-2,15,0,1,1,1,0,0,0,1,0
2026-03-27 21:52:08.813,205.094,1143,-2,15,0,1,1,1,0,0,0,1,0
2026-03-27 21:52:08.845,205.126,1142,-2,15,0,0,1,1,0,0,0,1,0
2026-03-27 21:52:09.005,205.286,1143,-2,15,0,0,1,1,0,0,0,1,0
2026-03-27 21:52:09.101,205.382,1142,-2,14,0,0,1,1,0,0,0,1,0
2026-03-27 21:52:09.197,205.478,1144,-2,15,0,0,1,1,0,0,0,1,0
2026-03-27 21:52:09.325,205.606,1144,-2,15,0,0,1,1,0,0,0,1,0
2026-03-27 21:52:09.342,205.623,1143,-2,15,0,0,1,1,0,0,0,1,0
2026-03-27 21:52:09.389,205.670,1143,-3,15,0,0,1,1,0,0,0,1,0
2026-03-27 21:52:09.565,205.846,1142,-5,15,0,0,1,1,0,0,0,1,0
2026-03-27 21:52:09.613,205.894,1143,-2,15,0,0,1,1,0,0,0,1,0
2026-03-27 21:52:09.708,205.989,1141,-2,14,0,0,1,1,0,0,0,1,0
2026-03-27 21:52:09.710,205.991,1141,-2,14,0,0,1,1,0,0,0,1,0
2026-03-27 21:52:09.853,206.134,1144,-2,15,0,0,1,1,0,0,0,1,0
2026-03-27 21:52:09.933,206.214,1145,-1,15,0,0,1,1,0,0,0,1,0
2026-03-27 21:52:09.981,206.262,1144,-2,15,0,0,1,1,0,0,0,1,0
2026-03-27 21:52:10.062,206.343,1143,-2,15,0,0,1,1,0,0,0,1,0
2026-03-27 21:52:10.189,206.470,1142,-2,15,0,0,1,1,0,0,0,1,0
2026-03-27 21:52:10.285,206.565,1143,-2,15,0,0,1,1,0,0,0,1,0
2026-03-27 21:52:10.349,206.630,1142,-5,15,0,0,1,1,0,0,0,1,0
2026-03-27 21:52:10.445,206.726,1143,-2,14,0,0,1,1,0,0,0,1,0
2026-03-27 21:52:10.446,206.727,1143,-2,15,0,0,1,1,0,0,0,1,0
2026-03-27 21:52:10.605,206.886,1143,-2,15,0,0,1,1,0,0,0,1,0
2026-03-27 21:52:10.733,207.014,1142,-2,15,0,0,1,1,0,0,0,1,0
2026-03-27 21:52:10.797,207.078,1143,-4,15,0,0,1,1,0,0,0,1,0
2026-03-27 21:52:10.845,207.126,1142,-2,15,0,0,1,1,0,0,0,1,0
2026-03-27 21:52:10.941,207.222,1143,-3,15,0,0,1,1,0,0,0,1,0
2026-03-27 21:52:11.117,207.398,1143,-2,15,0,0,1,1,0,0,0,1,0
2026-03-27 21:52:11.149,207.430,1143,-2,15,0,0,1,1,0,0,0,1,0
2026-03-27 21:52:11.309,207.590,1143,-1,15,0,0,1,1,0,0,0,1,0
2026-03-27 21:52:11.405,207.686,1141,-2,14,0,0,1,1,0,0,0,1,0
2026-03-27 21:52:11.532,207.813,1142,-2,15,0,0,1,1,0,0,0,1,0
2026-03-27 21:52:11.535,207.816,1142,-2,15,0,0,1,1,0,0,0,1,0
2026-03-27 21:52:11.565,207.846,1142,-2,15,0,0,1,1,0,0,0,1,0
2026-03-27 21:52:11.742,208.022,1144,-2,15,0,0,1,1,0,0,0,1,0
2026-03-27 21:52:11.788,208.069,1144,-2,15,0,0,1,1,0,0,0,1,0
2026-03-27 21:52:11.933,208.213,1142,-2,14,0,1,1,1,0,0,0,1,0
2026-03-27 21:52:12.045,208.326,1143,-2,15,0,1,1,1,0,0,0,1,0
2026-03-27 21:52:12.173,208.454,1142,-2,12,0,1,1,1,0,0,0,1,0
2026-03-27 21:52:12.237,208.518,1142,-2,15,0,1,1,1,0,0,0,1,0
2026-03-27 21:52:12.349,208.630,1143,-2,15,0,1,1,1,0,0,0,1,0
2026-03-27 21:52:12.429,208.710,1143,-2,15,0,1,1,1,0,0,0,1,0
2026-03-27 21:52:12.573,208.854,1143,-2,15,0,1,1,1,0,0,0,1,0
2026-03-27 21:52:12.576,208.856,1142,-2,15,0,1,1,1,0,0,0,1,0
2026-03-27 21:52:12.637,208.918,1142,-4,14,0,1,1,1,0,0,0,1,0
2026-03-27 21:52:12.653,208.934,1145,-2,15,0,1,1,1,0,0,0,1,0
2026-03-27 21:52:12.749,209.030,1144,-2,15,0,1,1,1,0,0,0,1,0
2026-03-27 21:52:12.752,209.032,1142,-5,14,0,1,1,1,0,0,0,1,0
2026-03-27 21:52:12.797,209.078,1142,-5,15,0,1,1,1,0,0,0,1,0
2026-03-27 21:52:12.798,209.079,1142,-1,15,0,1,1,1,0,0,0,1,0
2026-03-27 21:52:12.924,209.205,1142,-2,15,0,1,1,1,0,0,0,1,0
2026-03-27 21:52:12.925,209.206,1142,-2,14,0,1,1,1,0,0,0,1,0
2026-03-27 21:52:12.927,209.208,1143,0,0,0,0,0,0,0,0,0,1,0
2026-03-27 21:52:13.036,209.317,1142,-5,15,0,1,1,1,0,0,0,1,0
2026-03-27 21:52:13.133,209.414,1142,-5,15,0,1,1,1,0,0,0,1,0
2026-03-27 21:52:13.229,209.509,1143,-1,15,0,1,1,1,0,0,0,1,0
2026-03-27 21:52:13.373,209.654,1141,-3,15,0,1,1,1,0,0,0,1,0
2026-03-27 21:52:13.597,209.878,1143,-2,15,0,1,1,1,0,0,0,1,0
2026-03-27 21:52:13.661,209.942,1144,-2,15,0,1,1,1,0,0,0,1,0
2026-03-27 21:52:13.662,209.943,1144,-2,15,0,1,1,1,0,0,0,1,0
2026-03-27 21:52:13.789,210.070,1144,-2,15,0,0,1,1,0,0,0,1,0
2026-03-27 21:52:13.837,210.118,1142,-5,15,0,0,1,1,0,0,0,1,0
2026-03-27 21:52:13.917,210.198,1143,-2,15,0,0,1,1,0,0,0,1,0
2026-03-27 21:52:14.061,210.342,1142,-5,15,0,0,1,1,0,0,0,1,0
2026-03-27 21:52:14.173,210.453,1143,-2,15,0,0,1,1,0,0,0,1,0
2026-03-27 21:52:14.175,210.456,1143,-2,15,0,0,1,1,0,0,0,1,0
2026-03-27 21:52:14.221,210.502,1143,-2,15,0,0,1,1,0,0,0,1,0
2026-03-27 21:52:14.301,210.582,1142,-2,15,0,0,1,1,0,0,0,1,0
2026-03-27 21:52:14.460,210.741,1141,-2,15,0,0,1,1,0,0,0,1,0
2026-03-27 21:52:14.492,210.773,1143,-2,15,0,0,1,1,0,0,0,1,0
2026-03-27 21:52:14.509,210.790,1143,-2,15,0,0,1,1,0,0,0,1,0
2026-03-27 21:52:14.606,210.887,1141,-2,15,0,0,1,1,0,0,0,1,0
2026-03-27 21:52:14.828,211.109,1142,-2,15,0,0,1,1,0,0,0,1,0
2026-03-27 21:52:14.892,211.173,1144,-2,15,0,0,1,1,0,0,0,1,0
2026-03-27 21:52:14.989,211.270,1142,-5,15,0,0,1,1,0,0,0,1,0
2026-03-27 21:52:15.293,211.574,1142,-2,15,0,0,1,1,0,0,0,1,0
2026-03-27 21:52:15.421,211.702,1143,-5,14,0,0,1,1,0,0,0,1,0
2026-03-27 21:52:15.549,211.829,1142,-2,15,0,0,1,1,0,0,0,1,0
2026-03-27 21:52:15.661,211.942,1142,-1,15,0,0,1,1,0,0,0,1,0
2026-03-27 21:52:15.757,212.038,1142,-2,15,0,0,1,1,0,0,0,1,0
2026-03-27 21:52:15.820,212.101,1141,-5,15,0,0,1,1,0,0,0,1,0
2026-03-27 21:52:15.885,212.166,1142,-2,15,0,0,1,1,0,0,0,1,0
2026-03-27 21:52:16.076,212.357,1143,-2,15,0,0,1,1,0,0,0,1,0
2026-03-27 21:52:16.108,212.389,1142,-2,15,0,0,1,1,0,0,0,1,0
2026-03-27 21:52:16.124,212.405,1143,-1,15,0,0,1,1,0,0,0,1,0
2026-03-27 21:52:16.252,212.533,1143,-2,15,0,0,1,1,0,0,0,1,0
2026-03-27 21:52:16.332,212.613,1142,-2,14,0,0,1,1,0,0,0,1,0
2026-03-27 21:52:16.445,212.725,1142,-2,15,0,0,1,1,0,0,0,1,0
2026-03-27 21:52:16.541,212.822,1142,-3,15,0,0,1,1,0,0,0,1,0
2026-03-27 21:52:16.701,212.981,1144,-2,15,0,0,1,1,0,0,0,1,0
2026-03-27 21:52:16.702,212.983,1144,-2,15,0,0,1,1,0,0,0,1,0
2026-03-27 21:52:16.765,213.046,1144,-2,15,0,0,1,1,0,0,0,1,0
2026-03-27 21:52:16.908,213.189,1143,-3,15,0,0,1,1,0,0,0,1,0
2026-03-27 21:52:16.911,213.192,1141,-3,15,0,0,1,1,0,0,0,1,0
2026-03-27 21:52:17.132,213.413,1141,-3,15,0,0,1,1,0,0,0,1,0
2026-03-27 21:52:17.261,213.542,1142,-2,15,0,0,1,1,0,0,0,1,0
2026-03-27 21:52:17.262,213.543,1142,-2,15,0,0,1,1,0,0,0,1,0
2026-03-27 21:52:17.341,213.622,1143,-2,15,0,0,1,1,0,0,0,1,0
2026-03-27 21:52:17.452,213.733,1143,-2,15,0,0,1,1,0,0,0,1,0
2026-03-27 21:52:17.597,213.877,1142,-3,15,0,0,1,1,0,0,0,1,0
2026-03-27 21:52:17.676,213.957,1141,-2,15,0,0,1,1,0,0,0,1,0
2026-03-27 21:52:17.772,214.053,1142,-6,15,0,0,1,1,0,0,0,1,0
2026-03-27 21:52:17.884,214.165,1141,-5,14,0,0,1,1,0,0,0,1,0
2026-03-27 21:52:17.933,214.213,1142,-5,14,0,0,1,1,0,0,0,1,0
2026-03-27 21:52:18.093,214.374,1141,-2,14,0,0,1,1,0,0,0,1,0
2026-03-27 21:52:18.252,214.533,1141,-2,15,0,0,1,1,0,0,0,1,0
2026-03-27 21:52:18.332,214.613,1141,-3,15,0,1,1,1,0,0,0,1,0
2026-03-27 21:52:18.444,214.725,1143,-5,15,0,1,1,1,0,0,0,1,0
2026-03-27 21:52:18.572,214.853,1143,-2,15,0,1,1,1,0,0,0,1,0
2026-03-27 21:52:18.636,214.917,1142,-2,14,0,1,1,1,0,0,0,1,0
2026-03-27 21:52:18.748,215.029,1144,-2,15,0,1,1,1,0,0,0,1,0
2026-03-27 21:52:18.908,215.189,1141,-2,14,0,1,1,1,0,0,0,1,0
2026-03-27 21:52:18.988,215.269,1142,-2,15,0,1,1,1,0,0,0,1,0
2026-03-27 21:52:19.052,215.333,1141,-3,15,0,1,1,1,0,0,0,1,0
2026-03-27 21:52:19.132,215.413,1143,-2,15,0,1,1,1,0,0,0,1,0
2026-03-27 21:52:19.260,215.541,1143,-5,15,0,1,1,1,0,0,0,1,0
2026-03-27 21:52:19.420,215.701,1143,-2,15,0,1,1,1,0,0,0,1,0
2026-03-27 21:52:19.500,215.781,1141,-3,15,0,1,1,1,0,0,0,1,0
2026-03-27 21:52:19.661,215.941,1142,-2,15,0,1,1,1,0,0,0,1,0
2026-03-27 21:52:19.724,216.005,1141,-2,14,0,1,1,1,0,0,0,1,0
2026-03-27 21:52:19.725,216.006,1141,-2,15,0,1,1,1,0,0,0,1,0
2026-03-27 21:52:19.868,216.149,1142,-3,15,0,1,1,1,0,0,0,1,0
2026-03-27 21:52:19.901,216.182,1143,-5,15,0,1,1,1,0,0,0,1,0
2026-03-27 21:52:20.012,216.293,1143,-4,15,0,1,1,1,0,0,0,1,0
2026-03-27 21:52:20.141,216.422,1142,-5,14,0,1,1,1,0,0,0,1,0
2026-03-27 21:52:20.188,216.469,1141,-5,14,0,1,1,1,0,0,0,1,0
2026-03-27 21:52:20.205,216.486,1142,-2,14,0,1,1,1,0,0,0,1,0
2026-03-27 21:52:20.316,216.597,1142,-3,15,0,1,1,1,0,0,0,1,0
2026-03-27 21:52:20.429,216.710,1141,-2,14,0,1,1,1,0,0,0,1,0
2026-03-27 21:52:20.572,216.853,1142,-3,15,0,1,1,1,0,0,0,1,0
2026-03-27 21:52:20.684,216.965,1142,-3,15,0,1,1,1,0,0,0,1,0
2026-03-27 21:52:20.686,216.967,1141,-3,15,0,1,1,1,0,0,0,1,0
2026-03-27 21:52:20.687,216.968,1142,1,0,0,0,0,0,0,0,0,1,0
2026-03-27 21:52:20.764,217.045,1141,-3,14,0,1,1,1,0,0,0,1,0
2026-03-27 21:52:20.766,217.046,1141,-3,15,0,1,1,1,0,0,0,1,0
2026-03-27 21:52:20.844,217.125,1142,-2,15,0,1,1,1,0,0,0,1,0
2026-03-27 21:52:20.924,217.205,1142,-3,15,0,1,1,1,0,0,0,1,0
2026-03-27 21:52:21.021,217.302,1143,-2,15,0,1,1,1,0,0,0,1,0
2026-03-27 21:52:21.133,217.414,1143,-2,15,0,1,1,1,0,0,0,1,0
2026-03-27 21:52:21.261,217.542,1142,-2,12,0,1,1,1,0,0,0,1,0
2026-03-27 21:52:21.275,217.556,1144,-2,15,0,1,1,1,0,0,0,1,0
2026-03-27 21:52:21.293,217.574,1144,-2,16,0,1,1,1,0,0,0,1,0
2026-03-27 21:52:21.308,217.589,1141,-5,15,0,1,1,1,0,0,0,1,0
2026-03-27 21:52:21.436,217.717,1141,-5,15,0,1,1,1,0,0,0,1,0
2026-03-27 21:52:21.485,217.766,1143,-2,15,0,1,1,1,0,0,0,1,0
2026-03-27 21:52:21.502,217.782,1142,-2,14,0,1,1,1,0,0,0,1,0
2026-03-27 21:52:21.628,217.909,1142,-3,15,0,1,1,1,0,0,0,1,0
2026-03-27 21:52:21.708,217.989,1143,-2,15,0,1,1,1,0,0,0,1,0
2026-03-27 21:52:21.725,218.006,1143,-2,15,0,1,1,1,0,0,0,1,0
2026-03-27 21:52:21.852,218.133,1144,-2,15,0,1,1,1,0,0,0,1,0
2026-03-27 21:52:21.854,218.135,1143,-5,15,0,1,1,1,0,0,0,1,0
2026-03-27 21:52:21.932,218.213,1143,-5,15,0,1,1,1,0,0,0,1,0
2026-03-27 21:52:22.076,218.357,1142,-2,14,0,1,1,1,0,0,0,1,0
2026-03-27 21:52:22.080,218.361,1143,-2,15,0,1,1,1,0,0,0,1,0
2026-03-27 21:52:22.172,218.453,1143,-2,15,0,1,1,1,0,0,0,1,0
2026-03-27 21:52:22.332,218.612,1142,-2,14,0,1,1,1,0,0,0,1,0
2026-03-27 21:52:22.333,218.614,1143,-2,14,0,1,1,1,0,0,0,1,0
2026-03-27 21:52:22.508,218.789,1143,-2,15,0,1,1,1,0,0,0,1,0
2026-03-27 21:52:22.540,218.821,1144,-2,15,0,1,1,1,0,0,0,1,0
2026-03-27 21:52:22.652,218.933,1144,-2,15,0,1,1,1,0,0,0,1,0
2026-03-27 21:52:22.780,219.061,1143,-2,14,0,1,1,1,0,0,0,1,0
2026-03-27 21:52:22.783,219.064,1141,-2,15,0,1,1,1,0,0,0,1,0
2026-03-27 21:52:22.861,219.142,1141,-2,14,0,1,1,1,0,0,0,1,0
2026-03-27 21:52:22.876,219.157,1141,-2,15,0,0,0,1,0,0,0,0,0
2026-03-27 21:52:22.878,219.158,1142,-2,15,0,1,1,1,0,0,0,1,0
2026-03-27 21:52:22.924,219.205,1142,-2,15,0,1,1,1,0,0,0,1,0
2026-03-27 21:52:23.020,219.301,1141,-2,15,0,1,1,1,0,0,0,1,0
2026-03-27 21:52:23.132,219.413,1142,-2,14,0,1,1,1,0,0,0,1,0
2026-03-27 21:52:23.148,219.429,1142,-3,14,0,1,1,1,0,0,0,1,0
2026-03-27 21:52:23.149,219.430,1142,-3,15,0,1,1,1,0,0,0,1,0
2026-03-27 21:52:23.261,219.541,1142,-3,15,0,1,1,1,0,0,0,1,0
2026-03-27 21:52:23.404,219.685,1141,-2,15,0,1,1,1,0,0,0,1,0
2026-03-27 21:52:23.484,219.765,1144,-1,15,0,1,1,1,0,0,0,1,0
2026-03-27 21:52:23.613,219.893,1141,-2,15,0,1,1,1,0,0,0,1,0
2026-03-27 21:52:23.692,219.973,1143,-2,15,0,1,1,1,0,0,0,1,0
2026-03-27 21:52:23.740,220.021,1143,-2,15,0,1,1,1,0,0,0,1,0
2026-03-27 21:52:23.916,220.197,1142,-3,15,0,1,1,1,0,0,0,1,0
2026-03-27 21:52:24.220,220.501,1143,-2,15,0,1,1,1,0,0,0,1,0
2026-03-27 21:52:24.300,220.581,1141,-3,15,0,1,1,1,0,0,0,1,0
2026-03-27 21:52:24.395,220.676,1143,-2,15,0,1,1,1,0,0,0,1,0
2026-03-27 21:52:24.412,220.693,1143,-2,15,0,1,1,1,0,0,0,1,0
2026-03-27 21:52:24.413,220.694,11415,0,0,0,1,1,1,0,0,0,1,0
2026-03-27 21:52:24.556,220.837,1143,-2,15,0,1,1,1,0,0,0,1,0
2026-03-27 21:52:24.685,220.966,1143,-2,14,0,1,1,1,0,0,0,1,0
2026-03-27 21:52:24.796,221.077,1141,-2,15,0,1,1,1,0,0,0,1,0
2026-03-27 21:52:24.908,221.189,1143,-2,15,0,1,1,1,0,0,0,1,0
2026-03-27 21:52:24.972,221.253,1141,-2,15,0,1,1,1,0,0,0,1,0
2026-03-27 21:52:25.051,221.332,1142,-5,15,0,1,1,1,0,0,0,1,0
2026-03-27 21:52:25.181,221.461,1144,-2,15,0,1,1,1,0,0,0,1,0
2026-03-27 21:52:25.356,221.637,1144,-2,15,0,1,1,1,0,0,0,1,0
2026-03-27 21:52:25.388,221.669,1142,-2,15,0,1,1,1,0,0,0,1,0
2026-03-27 21:52:25.391,221.671,1141,-2,15,0,1,1,1,0,0,0,1,0
2026-03-27 21:52:25.469,221.750,1142,-2,15,0,1,1,1,0,0,0,1,0
2026-03-27 21:52:25.644,221.925,1143,-2,15,0,1,1,1,0,0,0,1,0
2026-03-27 21:52:25.740,222.021,1142,-2,15,0,1,1,1,0,0,0,1,0
2026-03-27 21:52:25.869,222.149,1142,-2,15,0,1,1,1,0,0,0,1,0
2026-03-27 21:52:26.156,222.437,1142,-1,15,0,1,1,1,0,0,0,1,0
2026-03-27 21:52:26.300,222.580,1141,-2,14,0,1,1,1,0,0,0,1,0
2026-03-27 21:52:26.301,222.582,1141,-2,15,0,1,1,1,0,0,0,1,0
2026-03-27 21:52:26.380,222.661,1143,-5,14,0,1,1,1,0,0,0,1,0
2026-03-27 21:52:26.508,222.789,1143,-2,15,0,1,1,1,0,0,0,1,0
2026-03-27 21:52:26.620,222.901,1142,-2,15,0,1,1,1,0,0,0,1,0
2026-03-27 21:52:26.731,223.012,1143,-4,15,0,1,1,1,0,0,0,1,0
2026-03-27 21:52:26.747,223.028,1143,-2,15,0,1,1,1,0,0,0,1,0
2026-03-27 21:52:26.750,223.031,1142,-2,14,0,1,1,1,0,0,0,1,0
2026-03-27 21:52:26.860,223.141,1141,-2,15,0,1,1,1,0,0,0,1,0
2026-03-27 21:52:26.875,223.156,1143,-2,15,0,1,1,1,0,0,0,1,0
2026-03-27 21:52:26.924,223.205,1143,-2,15,0,1,1,1,0,0,0,1,0
2026-03-27 21:52:27.068,223.349,1142,-3,15,0,1,1,1,0,0,0,1,0
2026-03-27 21:52:27.164,223.445,1144,-2,15,0,1,1,1,0,0,0,1,0
2026-03-27 21:52:27.276,223.557,1144,-2,15,0,1,1,1,0,0,0,1,0
2026-03-27 21:52:27.324,223.605,1143,-2,15,0,1,1,1,0,0,0,1,0
2026-03-27 21:52:27.468,223.749,1141,-2,15,0,1,1,1,0,0,0,1,0
2026-03-27 21:52:27.596,223.877,1143,-2,15,0,1,1,1,0,0,0,1,0
2026-03-27 21:52:27.707,223.988,1141,-2,12,0,1,1,1,0,0,0,1,0
2026-03-27 21:52:27.709,223.990,1141,-2,12,0,1,1,1,0,0,0,1,0
2026-03-27 21:52:27.820,224.101,1142,-5,15,0,1,1,1,0,0,0,1,0
2026-03-27 21:52:27.868,224.149,1144,-1,15,0,1,1,1,0,0,0,1,0
2026-03-27 21:52:27.869,224.150,1144,-1,15,0,1,1,1,0,0,0,1,0
2026-03-27 21:52:28.012,224.293,1143,-4,15,0,1,1,1,0,0,0,1,0
2026-03-27 21:52:28.077,224.358,1143,-2,14,0,1,1,1,0,0,0,1,0
2026-03-27 21:52:28.204,224.485,1142,-3,15,0,1,1,1,0,0,0,1,0
2026-03-27 21:52:28.300,224.581,1143,-5,15,0,1,1,1,0,0,0,1,0
2026-03-27 21:52:28.380,224.661,1141,-5,14,0,1,1,1,0,0,0,1,0
2026-03-27 21:52:28.491,224.772,1142,-2,14,0,1,1,1,0,0,0,1,0
2026-03-27 21:52:28.636,224.916,1142,-2,14,0,1,1,1,0,0,0,1,0
2026-03-27 21:52:28.700,224.981,1142,-2,14,0,1,1,1,0,0,0,1,0
2026-03-27 21:52:28.703,224.984,1142,-2,15,0,1,1,1,0,0,0,1,0
2026-03-27 21:52:28.828,225.109,1143,-1,15,0,1,1,1,0,0,0,1,0
2026-03-27 21:52:28.972,225.253,1141,-3,15,0,1,1,1,0,0,0,1,0
2026-03-27 21:52:28.988,225.269,1142,-2,15,0,1,1,1,0,0,0,1,0
2026-03-27 21:52:29.052,225.333,1143,-2,15,0,1,1,1,0,0,0,1,0
2026-03-27 21:52:29.164,225.445,1143,-2,15,0,1,1,1,0,0,0,1,0
2026-03-27 21:52:29.244,225.525,1142,-3,15,0,1,1,1,0,0,0,1,0
2026-03-27 21:52:29.260,225.541,1143,-1,15,0,1,1,1,0,0,0,1,0
2026-03-27 21:52:29.388,225.669,1143,-2,15,0,1,1,1,0,0,0,1,0
2026-03-27 21:52:29.516,225.797,1141,-3,15,0,1,1,1,0,0,0,1,0
2026-03-27 21:52:29.597,225.877,1142,-2,15,0,1,1,1,0,0,0,1,0
2026-03-27 21:52:29.628,225.909,1142,-3,15,0,1,1,1,0,0,0,1,0
2026-03-27 21:52:29.788,226.069,1143,-2,15,0,1,1,1,0,0,0,1,0
2026-03-27 21:52:29.884,226.165,1143,-2,15,0,1,1,1,0,0,0,1,0
2026-03-27 21:52:29.964,226.245,1142,-2,15,0,1,1,1,0,0,0,1,0
2026-03-27 21:52:30.075,226.356,1141,-2,14,0,1,1,1,0,0,0,1,0
2026-03-27 21:52:30.077,226.357,1141,-2,14,0,1,1,1,0,0,0,1,0
2026-03-27 21:52:30.172,226.453,1142,-2,15,0,1,1,1,0,0,0,1,0
2026-03-27 21:52:30.187,226.468,1141,-2,14,0,1,1,1,0,0,0,1,0
2026-03-27 21:52:30.299,226.580,1141,-2,14,0,1,1,1,0,0,0,1,0
2026-03-27 21:52:30.380,226.661,1142,-5,15,0,1,1,1,0,0,0,1,0
2026-03-27 21:52:30.652,226.933,1144,-2,15,0,1,1,1,0,0,0,1,0
2026-03-27 21:52:30.654,226.935,1143,-2,15,0,1,1,1,0,0,0,1,0
2026-03-27 21:52:30.683,226.964,1144,-2,15,0,1,1,1,0,0,0,1,0
2026-03-27 21:52:30.796,227.076,1142,-5,12,0,1,1,0,0,0,0,1,0
2026-03-27 21:52:30.891,227.172,1142,-2,15,0,1,1,0,0,0,0,1,0
2026-03-27 21:52:30.972,227.253,1141,-3,14,0,1,1,0,0,0,0,1,0
2026-03-27 21:52:30.974,227.255,1142,-3,14,0,1,1,0,0,0,0,1,0
2026-03-27 21:52:31.099,227.380,1141,-2,14,0,1,1,0,0,0,0,1,0
2026-03-27 21:52:31.180,227.460,1142,-5,15,0,1,1,0,0,0,0,1,0
2026-03-27 21:52:31.307,227.588,1142,-2,15,0,1,1,0,0,0,0,1,0
2026-03-27 21:52:31.325,227.606,1143,-1,15,0,1,1,0,0,0,0,1,0
2026-03-27 21:52:31.388,227.668,1142,-2,15,0,1,1,0,0,0,0,1,0
2026-03-27 21:52:31.451,227.732,1141,-2,15,0,1,1,0,0,0,0,1,0
2026-03-27 21:52:31.452,227.733,1141,-2,14,0,1,1,0,0,0,0,1,0
2026-03-27 21:52:31.468,227.749,1142,-2,15,0,1,1,0,0,0,0,1,0
2026-03-27 21:52:31.723,228.004,1142,-5,15,0,1,1,0,0,0,0,1,0
2026-03-27 21:52:31.724,228.005,1142,-2,15,0,1,1,0,0,0,0,1,0
2026-03-27 21:52:31.931,228.212,1144,-1,15,0,1,1,0,0,0,0,1,0
2026-03-27 21:52:31.964,228.244,1142,-2,15,0,1,1,0,0,0,0,1,0
2026-03-27 21:52:32.044,228.325,1143,-2,15,0,1,1,0,0,0,0,1,0
2026-03-27 21:52:32.124,228.405,1142,-2,15,0,1,1,0,0,0,0,1,0
2026-03-27 21:52:32.236,228.516,1144,-2,15,0,1,1,0,0,0,0,1,0
2026-03-27 21:52:32.396,228.677,1144,-2,15,0,1,1,0,0,0,0,1,0
2026-03-27 21:52:32.491,228.772,1143,-2,15,0,1,1,0,0,0,0,1,0
2026-03-27 21:52:32.523,228.804,1142,-2,15,0,1,1,0,0,0,0,1,0
2026-03-27 21:52:32.525,228.806,1142,-3,15,0,1,1,0,0,0,0,1,0
2026-03-27 21:52:32.636,228.917,1143,-2,15,0,1,1,0,0,0,0,1,0
2026-03-27 21:52:32.780,229.061,1142,-5,15,0,1,1,0,0,0,0,1,0
2026-03-27 21:52:32.783,229.064,1142,-2,15,0,1,1,0,0,0,0,1,0
2026-03-27 21:52:32.861,229.141,1142,-2,15,0,1,1,0,0,0,0,1,0
2026-03-27 21:52:32.863,229.144,1144,-2,15,0,1,1,0,0,0,0,1,0
2026-03-27 21:52:32.941,229.222,1144,-2,15,0,1,1,0,0,0,0,1,0
2026-03-27 21:52:32.943,229.224,1143,-2,15,0,1,1,0,0,0,0,1,0
2026-03-27 21:52:33.020,229.301,1143,-2,15,0,1,1,0,0,0,0,1,0
2026-03-27 21:52:33.228,229.508,1142,-2,14,0,1,1,0,0,0,0,1,0
2026-03-27 21:52:33.356,229.636,1141,-5,15,0,1,1,0,0,0,0,1,0
2026-03-27 21:52:33.357,229.638,1142,-5,15,0,1,1,0,0,0,0,1,0
2026-03-27 21:52:33.468,229.749,1142,-2,15,0,1,0,0,0,0,0,1,0
2026-03-27 21:52:33.564,229.845,1143,-2,14,0,1,0,0,0,0,0,1,0
2026-03-27 21:52:33.691,229.972,1142,-2,15,0,1,0,0,0,0,0,1,0
2026-03-27 21:52:33.787,230.068,1142,-3,15,0,1,0,0,0,0,0,1,0
2026-03-27 21:52:33.803,230.084,1142,-2,15,0,1,0,0,0,0,0,1,0
2026-03-27 21:52:33.884,230.165,1143,-2,15,0,1,0,0,0,0,0,1,0
2026-03-27 21:52:33.931,230.212,1142,-3,15,0,1,0,0,0,0,0,1,0
2026-03-27 21:52:34.027,230.308,1142,-2,15,0,1,0,0,0,0,0,1,0
2026-03-27 21:52:34.044,230.325,1142,-1,15,0,1,0,0,0,0,0,1,0
2026-03-27 21:52:34.237,230.517,1143,-3,15,0,1,0,0,0,0,0,1,0
2026-03-27 21:52:34.316,230.597,1142,-5,15,0,1,0,0,0,0,0,1,0
2026-03-27 21:52:34.319,230.600,1144,-1,15,0,1,0,0,0,0,0,1,0
2026-03-27 21:52:34.380,230.661,1144,-2,15,0,1,0,0,0,0,0,1,0
2026-03-27 21:52:34.540,230.821,1142,-2,15,0,1,0,0,0,0,0,1,0
2026-03-27 21:52:34.571,230.852,1143,-2,15,0,1,0,0,0,0,0,1,0
2026-03-27 21:52:34.683,230.964,1142,-2,14,0,1,0,0,0,0,0,1,0
2026-03-27 21:52:34.827,231.108,1143,-2,15,0,1,0,0,0,0,0,1,0
2026-03-27 21:52:34.860,231.141,1144,-2,15,0,1,0,0,0,0,0,1,0
2026-03-27 21:52:35.051,231.332,1143,-5,15,0,1,0,0,0,0,0,1,0
2026-03-27 21:52:35.116,231.396,1142,-2,15,0,1,0,0,0,0,0,1,0
2026-03-27 21:52:35.212,231.492,1143,-2,15,0,1,0,0,0,0,0,1,0
2026-03-27 21:52:35.324,231.605,1141,-2,15,0,1,0,0,0,0,0,1,0
2026-03-27 21:52:35.419,231.700,1143,-2,15,0,1,0,0,0,0,0,1,0
2026-03-27 21:52:35.421,231.702,1143,-2,15,0,1,0,0,0,0,0,1,0
2026-03-27 21:52:35.500,231.781,1144,-1,15,0,1,0,0,0,0,0,1,0
2026-03-27 21:52:35.501,231.782,1144,-2,15,0,1,0,0,0,0,0,1,0
2026-03-27 21:52:35.707,231.988,1143,-4,15,0,1,0,0,0,0,0,1,0
2026-03-27 21:52:35.708,231.989,1143,-1,15,0,1,0,0,0,0,0,1,0
2026-03-27 21:52:35.739,232.020,1142,-2,15,0,1,0,0,0,0,0,1,0
2026-03-27 21:52:35.741,232.022,1142,-1,15,0,1,0,0,0,0,0,1,0
2026-03-27 21:52:35.803,232.084,1142,-2,15,0,1,0,0,0,0,0,1,0
2026-03-27 21:52:35.932,232.213,1142,-2,15,0,1,0,0,0,0,0,1,0
2026-03-27 21:52:36.028,232.309,1142,-3,14,0,1,0,0,0,0,0,1,0
2026-03-27 21:52:36.236,232.517,1142,-2,14,0,1,0,0,0,0,0,1,0
2026-03-27 21:52:36.347,232.628,1142,-2,15,0,1,0,0,0,0,0,1,0
2026-03-27 21:52:36.411,232.692,1143,-1,15,0,1,1,0,0,0,0,1,0
2026-03-27 21:52:36.571,232.852,1142,-2,14,0,1,1,0,0,0,0,1,0
2026-03-27 21:52:36.587,232.868,1141,-3,15,0,1,1,0,0,0,0,1,0
2026-03-27 21:52:36.588,232.869,1142,0,0,0,0,0,0,0,0,0,0,0
2026-03-27 21:52:36.590,232.871,1142,-2,15,0,1,1,0,0,0,0,1,0
2026-03-27 21:52:36.731,233.012,1143,-2,15,0,1,1,0,0,0,0,1,0
2026-03-27 21:52:36.763,233.044,1143,-2,15,0,1,1,0,0,0,0,1,0
2026-03-27 21:52:36.923,233.204,1142,-2,14,0,1,1,0,0,0,0,1,0
2026-03-27 21:52:36.971,233.252,1143,-2,16,0,1,1,0,0,0,0,1,0
2026-03-27 21:52:37.084,233.365,1141,-2,14,0,1,1,0,0,0,0,1,0
2026-03-27 21:52:37.147,233.428,1142,-2,15,0,1,1,0,0,0,0,1,0
2026-03-27 21:52:37.404,233.685,1142,-2,15,0,1,1,0,0,0,0,1,0
2026-03-27 21:52:37.516,233.796,1143,-2,15,0,1,1,0,0,0,0,1,0
2026-03-27 21:52:37.660,233.941,1143,-2,15,0,1,1,0,0,0,0,1,0
2026-03-27 21:52:37.740,234.021,1141,-2,14,0,1,1,0,0,0,0,1,0
2026-03-27 21:52:37.742,234.023,1142,-1,15,0,1,1,0,0,0,0,1,0
2026-03-27 21:52:37.787,234.068,1143,-2,15,0,1,1,0,0,0,0,1,0
2026-03-27 21:52:37.789,234.070,1142,-2,15,0,0,0,0,0,0,0,1,0
2026-03-27 21:52:37.963,234.244,1142,-2,15,0,1,1,0,0,0,0,1,0
2026-03-27 21:52:37.965,234.246,1141,-2,14,0,1,1,0,0,0,0,1,0
2026-03-27 21:52:38.267,234.548,1143,-2,15,0,1,1,0,0,0,0,1,0
2026-03-27 21:52:38.270,234.551,1142,-2,14,0,1,1,0,0,0,0,1,0
2026-03-27 21:52:38.315,234.596,1142,-2,15,0,1,1,0,0,0,0,1,0
2026-03-27 21:52:38.411,234.692,1142,-2,15,0,1,1,0,0,0,0,1,0
2026-03-27 21:52:38.412,234.693,1142,-3,15,0,1,1,0,0,0,0,1,0
2026-03-27 21:52:38.539,234.820,1142,-2,15,0,1,1,0,0,0,0,1,0
2026-03-27 21:52:38.667,234.948,1142,-2,15,0,1,1,0,0,0,0,1,0
2026-03-27 21:52:38.669,234.950,1142,-2,14,0,1,1,0,0,0,0,1,0
2026-03-27 21:52:38.715,234.996,1142,-3,15,0,1,1,0,0,0,0,1,0
2026-03-27 21:52:38.732,235.013,1142,-2,15,0,1,1,0,0,0,0,1,0
2026-03-27 21:52:38.955,235.236,1142,-2,14,0,1,1,0,0,0,0,1,0
2026-03-27 21:52:38.956,235.237,1141,-2,15,0,1,1,0,0,0,0,1,0
2026-03-27 21:52:38.957,235.238,0,0,0,0,0,0,0,0,0,0,1,0
2026-03-27 21:52:39.003,235.284,1142,-2,14,0,1,1,0,0,0,0,1,0
2026-03-27 21:52:39.004,235.285,1142,-2,14,0,1,1,0,0,0,0,1,0
2026-03-27 21:52:39.083,235.364,1143,-1,15,0,1,1,0,0,0,0,1,0
2026-03-27 21:52:39.085,235.366,1143,-1,15,0,1,1,0,0,0,0,1,0
2026-03-27 21:52:39.196,235.476,1142,-3,15,0,1,1,0,0,0,0,1,0
2026-03-27 21:52:39.212,235.493,1142,-2,14,0,1,1,0,0,0,0,1,0
2026-03-27 21:52:39.324,235.605,1143,-2,14,0,1,1,0,0,0,0,1,0
2026-03-27 21:52:39.467,235.747,1143,-2,14,0,1,1,0,0,0,0,1,0
2026-03-27 21:52:39.468,235.749,1143,-3,15,0,1,1,0,0,0,0,1,0
2026-03-27 21:52:39.470,235.750,1142,-3,14,0,1,1,0,0,0,0,1,0
2026-03-27 21:52:39.595,235.876,1142,-3,14,0,1,1,0,0,0,0,1,0
2026-03-27 21:52:39.643,235.924,1143,-2,15,0,1,1,0,0,0,0,1,0
2026-03-27 21:52:39.660,235.941,1141,-2,14,0,1,1,0,0,0,0,1,0
2026-03-27 21:52:39.739,236.020,1141,-2,14,0,1,1,0,0,0,0,1,0
2026-03-27 21:52:39.851,236.132,1143,-2,15,0,1,1,0,0,0,0,1,0
2026-03-27 21:52:40.011,236.292,1141,-5,14,0,1,1,0,0,0,0,1,0
2026-03-27 21:52:40.091,236.372,1143,-2,14,0,1,1,0,0,0,0,1,0
2026-03-27 21:52:40.187,236.468,1143,-2,15,0,1,1,0,0,0,0,1,0
2026-03-27 21:52:40.252,236.533,1142,-2,14,0,1,1,0,0,0,0,1,0
2026-03-27 21:52:40.427,236.708,1141,-3,15,0,1,1,0,0,0,0,1,0
2026-03-27 21:52:40.524,236.804,1142,-2,15,0,1,1,0,0,0,0,1,0
2026-03-27 21:52:40.586,236.867,1141,-3,14,0,1,1,0,0,0,0,1,0
2026-03-27 21:52:40.603,236.884,1141,-3,14,0,1,1,0,0,0,0,1,0
2026-03-27 21:52:40.684,236.965,1142,-3,15,0,1,1,0,0,0,0,1,0
2026-03-27 21:52:40.812,237.093,1143,-2,15,0,1,1,0,0,0,0,1,0
2026-03-27 21:52:40.891,237.172,1143,-2,15,0,1,1,0,0,0,0,1,0
2026-03-27 21:52:41.019,237.300,1142,-3,14,0,1,1,0,0,0,0,1,0
2026-03-27 21:52:41.035,237.316,1142,-3,14,0,1,1,0,0,0,0,1,0
2026-03-27 21:52:41.147,237.428,1142,-2,14,0,1,1,0,0,0,0,1,0
2026-03-27 21:52:41.194,237.475,1142,-2,15,0,1,1,0,0,0,0,1,0
2026-03-27 21:52:41.196,237.477,1143,-2,14,0,1,1,0,0,0,0,1,0
2026-03-27 21:52:41.323,237.604,1141,-3,15,0,1,1,0,0,0,0,1,0
2026-03-27 21:52:41.467,237.748,1142,-2,14,0,1,1,0,0,0,0,1,0
2026-03-27 21:52:41.596,237.877,1142,-2,14,0,1,1,0,0,0,0,1,0
2026-03-27 21:52:41.724,238.005,1142,-2,15,0,1,1,0,0,0,0,1,0
2026-03-27 21:52:41.868,238.148,1143,-2,15,0,1,1,0,0,0,0,1,0
2026-03-27 21:52:41.995,238.276,1141,-2,14,0,1,1,0,0,0,0,1,0
2026-03-27 21:52:41.997,238.278,1141,-2,14,0,1,1,0,0,0,0,1,0
2026-03-27 21:52:42.011,238.292,1142,-2,14,0,1,1,0,0,0,0,1,0
2026-03-27 21:52:42.027,238.307,1143,-2,15,0,1,1,0,0,0,0,1,0
2026-03-27 21:52:42.204,238.484,1143,-2,15,0,1,1,0,0,0,0,1,0
2026-03-27 21:52:42.331,238.612,1142,-2,15,0,1,1,0,0,0,0,1,0
2026-03-27 21:52:42.428,238.708,1142,-2,14,0,1,1,0,0,0,0,1,0
2026-03-27 21:52:42.539,238.820,1143,-2,15,0,1,1,0,0,0,0,1,0
2026-03-27 21:52:42.619,238.900,1142,-5,14,0,1,1,0,0,0,0,1,0
2026-03-27 21:52:42.620,238.901,1142,-1,15,0,1,1,0,0,0,0,1,0
2026-03-27 21:52:42.730,239.011,1143,-1,15,0,1,1,0,0,0,0,1,0
2026-03-27 21:52:42.732,239.013,1143,-2,15,0,1,1,0,0,0,0,1,0
2026-03-27 21:52:42.812,239.093,1143,-2,15,0,1,1,0,0,0,0,1,0
2026-03-27 21:52:42.955,239.236,1143,-2,15,0,1,1,0,0,0,0,1,0
2026-03-27 21:52:43.020,239.301,1141,-3,15,0,1,1,0,0,0,0,1,0
2026-03-27 21:52:43.147,239.428,1143,-2,15,0,1,1,0,0,0,0,1,0
2026-03-27 21:52:43.259,239.540,1142,-2,14,0,1,1,0,0,0,0,1,0
2026-03-27 21:52:43.291,239.572,1142,-2,15,0,1,1,0,0,0,0,1,0
2026-03-27 21:52:43.403,239.684,1144,-2,15,0,1,1,0,0,0,0,1,0
2026-03-27 21:52:43.547,239.828,1143,-2,15,0,1,1,0,0,0,0,1,0
2026-03-27 21:52:43.675,239.956,1142,-2,15,0,1,1,0,0,0,0,1,0
2026-03-27 21:52:43.691,239.971,1142,-2,15,0,1,1,0,0,0,0,1,0
2026-03-27 21:52:43.754,240.035,1142,-2,15,0,1,1,0,0,0,0,1,0
2026-03-27 21:52:43.852,240.133,1143,-2,15,0,1,1,0,0,0,0,1,0
2026-03-27 21:52:43.931,240.212,1142,-2,15,0,1,1,0,0,0,0,1,0
2026-03-27 21:52:44.043,240.324,1142,-2,15,0,1,1,0,0,0,0,1,0
2026-03-27 21:52:44.059,240.340,1142,-3,14,0,1,1,0,0,0,0,1,0
2026-03-27 21:52:44.171,240.452,1142,-2,15,0,1,1,0,0,0,0,1,0
2026-03-27 21:52:44.298,240.579,1142,-2,14,0,1,1,0,0,0,0,1,0
2026-03-27 21:52:44.300,240.581,1142,-3,15,0,1,1,0,0,0,0,1,0
2026-03-27 21:52:44.379,240.660,1143,-1,15,0,1,1,0,0,0,0,1,0
2026-03-27 21:52:44.555,240.836,1142,-2,14,0,1,1,0,0,0,0,1,0
2026-03-27 21:52:44.619,240.900,1142,-2,15,0,1,1,0,0,0,0,1,0
2026-03-27 21:52:44.635,240.916,1143,-2,15,0,1,1,0,0,0,0,1,0
2026-03-27 21:52:44.683,240.964,1143,-2,15,0,1,1,0,0,0,0,1,0
2026-03-27 21:52:44.779,241.060,1143,-2,14,0,1,1,0,0,0,0,1,0
2026-03-27 21:52:44.876,241.156,1144,-1,15,0,1,1,0,0,0,0,1,0
2026-03-27 21:52:44.891,241.171,1144,-1,15,0,1,1,0,0,0,0,1,0
2026-03-27 21:52:44.892,241.173,1142,-2,15,0,1,1,0,0,0,0,1,0
2026-03-27 21:52:44.987,241.268,1141,-2,15,0,1,1,0,0,0,0,1,0
2026-03-27 21:52:45.163,241.444,1143,-2,15,0,1,1,0,0,0,0,1,0
2026-03-27 21:52:45.227,241.508,1142,-3,15,0,1,1,0,0,0,0,1,0
2026-03-27 21:52:45.339,241.619,1143,-2,15,0,1,1,0,0,0,0,1,0
2026-03-27 21:52:45.340,241.621,1144,-1,15,0,1,1,0,0,0,0,1,0
2026-03-27 21:52:45.403,241.684,1144,-2,15,0,1,1,0,0,0,0,1,0
2026-03-27 21:52:45.531,241.812,1143,-4,15,0,1,1,0,0,0,0,1,0
2026-03-27 21:52:45.595,241.876,1142,-2,15,0,1,1,0,0,0,0,1,0
2026-03-27 21:52:45.803,242.084,1143,-2,15,0,1,1,0,0,0,0,1,0
2026-03-27 21:52:45.898,242.179,1141,-3,15,0,1,1,0,0,0,0,1,0
2026-03-27 21:52:45.900,242.181,1141,-3,14,0,1,1,0,0,0,0,1,0
2026-03-27 21:52:45.947,242.228,1142,-2,15,0,1,1,0,0,0,0,1,0
2026-03-27 21:52:45.994,242.275,1144,-2,15,0,1,1,0,0,0,0,1,0
2026-03-27 21:52:46.075,242.356,1144,-3,15,0,1,1,0,0,0,0,1,0
2026-03-27 21:52:46.187,242.468,1143,-2,15,0,1,1,0,0,0,0,1,0
2026-03-27 21:52:46.283,242.564,1141,-3,15,0,1,1,0,0,0,0,1,0
2026-03-27 21:52:46.459,242.740,1143,-2,14,0,1,1,0,0,0,0,1,0
2026-03-27 21:52:46.462,242.742,1141,-2,14,0,1,1,0,0,0,0,1,0
2026-03-27 21:52:46.571,242.852,1141,-2,15,0,1,1,0,0,0,0,1,0
2026-03-27 21:52:46.604,242.884,1142,-2,15,0,1,1,0,0,0,0,1,0
2026-03-27 21:52:46.667,242.948,1142,-5,14,0,1,1,0,0,0,0,1,0
2026-03-27 21:52:46.779,243.060,1142,-2,15,0,1,1,0,0,0,0,1,0
2026-03-27 21:52:46.795,243.076,1143,-2,15,0,1,1,0,0,0,0,1,0
2026-03-27 21:52:46.875,243.156,1143,-2,15,0,1,1,0,0,0,0,1,0
2026-03-27 21:52:47.003,243.284,1142,-3,15,0,1,1,0,0,0,0,1,0
2026-03-27 21:52:47.019,243.299,1142,-2,15,0,1,1,0,0,0,0,1,0
2026-03-27 21:52:47.099,243.380,1142,-2,15,0,1,1,0,0,0,0,1,0
2026-03-27 21:52:47.115,243.396,1143,-2,15,0,1,1,0,0,0,0,1,0
2026-03-27 21:52:47.163,243.444,1143,-2,15,0,1,1,0,0,0,0,1,0
2026-03-27 21:52:47.274,243.555,1141,-3,14,0,1,1,0,0,0,0,1,0
2026-03-27 21:52:47.276,243.557,1141,-3,15,0,1,1,0,0,0,0,1,0
2026-03-27 21:52:47.386,243.667,1144,-2,15,0,1,1,0,0,0,0,1,0
2026-03-27 21:52:47.499,243.780,1142,-2,15,0,1,1,0,0,0,0,1,0
2026-03-27 21:52:47.579,243.860,1143,-2,15,0,1,1,0,0,0,0,1,0
2026-03-27 21:52:47.674,243.955,1142,-5,14,0,1,1,0,0,0,0,1,0
2026-03-27 21:52:47.676,243.956,1141,-5,15,0,1,1,0,0,0,0,1,0
2026-03-27 21:52:47.803,244.083,1143,-2,15,0,1,1,0,0,0,0,1,0
2026-03-27 21:52:47.899,244.180,1143,-5,15,0,1,1,0,0,0,0,1,0
2026-03-27 21:52:47.947,244.228,1143,-2,15,0,1,1,0,0,0,0,1,0
2026-03-27 21:52:48.138,244.419,1141,-3,14,0,1,1,0,0,0,0,1,0
2026-03-27 21:52:48.186,244.467,1143,-4,15,0,1,1,0,0,0,0,1,0
2026-03-27 21:52:48.188,244.469,1143,-5,15,0,1,1,0,0,0,0,1,0
2026-03-27 21:52:48.299,244.579,1141,-3,15,0,1,1,0,0,0,0,1,0
2026-03-27 21:52:48.301,244.582,1142,-2,15,0,1,1,0,0,0,0,1,0
2026-03-27 21:52:48.443,244.724,1142,-3,15,0,1,1,0,0,0,0,1,0
2026-03-27 21:52:48.603,244.884,1144,-4,15,0,1,1,0,0,0,0,1,0
2026-03-27 21:52:48.609,244.890,1143,-2,15,0,1,1,0,0,0,0,1,0
2026-03-27 21:52:48.714,244.995,1143,-4,15,0,1,1,0,0,0,0,1,0
2026-03-27 21:52:48.747,245.027,1143,-2,14,0,1,1,0,0,0,0,1,0
2026-03-27 21:52:48.826,245.107,1142,-2,15,0,1,1,0,0,0,0,1,0
2026-03-27 21:52:49.003,245.284,1142,-5,14,0,1,1,0,0,0,0,1,0
2026-03-27 21:52:49.051,245.332,1142,-2,14,0,1,1,0,0,0,0,1,0
2026-03-27 21:52:49.066,245.347,1142,-2,15,0,1,1,0,0,0,0,1,0
2026-03-27 21:52:49.146,245.427,1142,-5,15,0,1,1,0,0,0,0,1,0
2026-03-27 21:52:49.242,245.523,1142,-5,15,0,1,1,0,0,0,0,1,0
2026-03-27 21:52:49.387,245.668,1141,-3,15,0,1,1,0,0,0,0,1,0
2026-03-27 21:52:49.467,245.748,1142,-4,15,0,1,1,0,0,0,0,1,0
2026-03-27 21:52:49.515,245.796,1142,-3,14,0,1,1,0,0,0,0,1,0
2026-03-27 21:52:49.643,245.923,1142,-5,14,0,1,1,0,0,0,0,1,0
2026-03-27 21:52:49.754,246.035,1143,-2,14,0,1,1,0,0,0,0,1,0
2026-03-27 21:52:49.755,246.036,1143,-2,15,0,1,1,0,0,0,0,1,0
2026-03-27 21:52:49.867,246.148,1141,-2,14,0,1,1,0,0,0,0,1,0
2026-03-27 21:52:49.868,246.149,1141,-2,14,0,1,1,0,0,0,0,1,0
2026-03-27 21:52:49.947,246.228,1143,-1,15,0,1,1,0,0,0,0,1,0
2026-03-27 21:52:50.059,246.340,1142,-5,14,0,1,1,0,0,0,0,1,0
2026-03-27 21:52:50.076,246.357,1142,-5,15,0,1,1,0,0,0,0,1,0
2026-03-27 21:52:50.078,246.359,1142,-5,15,0,1,1,0,0,0,0,1,0
2026-03-27 21:52:50.188,246.469,1143,-5,15,0,1,1,0,0,0,0,1,0
2026-03-27 21:52:50.266,246.547,1142,-3,14,0,1,1,0,0,0,0,1,0
2026-03-27 21:52:50.267,246.548,1141,-5,15,0,1,1,0,0,0,0,1,0
2026-03-27 21:52:50.346,246.627,1143,-5,15,0,1,1,0,0,0,0,1,0
2026-03-27 21:52:50.347,246.628,1144,-5,15,0,1,1,0,0,0,0,1,0
2026-03-27 21:52:50.426,246.707,1144,-4,15,0,1,1,0,0,0,0,1,0
2026-03-27 21:52:50.443,246.724,1144,-2,15,0,1,1,0,0,0,0,1,0
2026-03-27 21:52:50.444,246.725,1143,-5,15,0,1,1,0,0,0,0,1,0
2026-03-27 21:52:50.539,246.820,1143,-5,14,0,1,1,0,0,0,0,1,0
2026-03-27 21:52:50.651,246.932,1141,-3,14,0,1,1,0,0,0,0,1,0
2026-03-27 21:52:50.667,246.948,1142,-2,15,0,1,1,0,0,0,0,1,0
2026-03-27 21:52:50.731,247.012,1143,-2,15,0,1,1,0,0,0,0,1,0
2026-03-27 21:52:50.747,247.028,1141,-5,14,0,1,1,0,0,0,0,1,0
2026-03-27 21:52:50.875,247.156,1141,-5,14,0,1,1,0,0,0,0,1,0
2026-03-27 21:52:50.877,247.158,1142,-2,14,0,1,1,0,0,0,0,1,0
2026-03-27 21:52:50.986,247.267,1142,-2,15,0,1,1,0,0,0,0,1,0
2026-03-27 21:52:51.115,247.395,1143,-2,15,0,1,1,0,0,0,0,1,0
2026-03-27 21:52:51.211,247.491,1142,-2,14,0,1,1,0,0,0,0,1,0
2026-03-27 21:52:51.306,247.587,1141,-2,14,0,1,1,0,0,0,0,1,0
2026-03-27 21:52:51.419,247.700,1142,-5,15,0,1,1,0,0,0,0,1,0
2026-03-27 21:52:51.531,247.812,1141,-3,14,0,1,1,0,0,0,0,1,0
2026-03-27 21:52:51.675,247.956,1141,-3,12,0,1,1,0,0,0,0,1,0
2026-03-27 21:52:51.787,248.068,1142,-3,12,0,1,1,0,0,0,0,1,0
2026-03-27 21:52:51.850,248.131,1142,-2,14,0,1,1,0,0,0,0,1,0
2026-03-27 21:52:51.978,248.259,1142,-2,15,0,1,1,0,0,0,0,1,0
2026-03-27 21:52:51.994,248.275,1143,-2,15,0,1,1,0,0,0,0,1,0
2026-03-27 21:52:51.996,248.277,1141,-2,14,0,1,1,0,0,0,0,1,0
2026-03-27 21:52:52.298,248.579,1143,-5,15,0,1,1,0,0,0,0,1,0
2026-03-27 21:52:52.315,248.596,1142,-2,14,0,1,1,0,0,0,0,1,0
2026-03-27 21:52:52.411,248.691,1142,-3,15,0,1,1,0,0,0,0,1,0
2026-03-27 21:52:52.491,248.772,1143,-2,15,0,1,1,0,0,0,0,1,0
2026-03-27 21:52:52.667,248.948,1141,-3,14,0,1,1,0,0,0,0,1,0
2026-03-27 21:52:52.715,248.996,1142,-2,14,0,1,1,0,0,0,0,1,0
2026-03-27 21:52:52.731,249.012,1143,-5,15,0,1,1,0,0,0,1,1,0
2026-03-27 21:52:52.843,249.124,1143,-5,15,0,1,1,0,0,0,1,1,0
2026-03-27 21:52:52.906,249.187,1145,-2,15,0,1,1,0,0,0,1,1,0
2026-03-27 21:52:53.050,249.331,1144,-3,14,0,1,1,0,0,0,1,1,0
2026-03-27 21:52:53.195,249.476,1142,-5,14,0,1,1,0,0,0,1,1,0
2026-03-27 21:52:53.291,249.572,1143,-2,14,0,1,1,0,0,0,1,1,0
2026-03-27 21:52:53.387,249.667,1141,-3,14,0,1,1,0,0,0,1,1,0
2026-03-27 21:52:53.483,249.764,1144,-3,14,0,1,1,0,0,0,1,1,0
2026-03-27 21:52:53.627,249.908,1144,-2,14,0,1,1,0,0,0,1,1,0
2026-03-27 21:52:53.658,249.939,1144,-2,12,0,1,1,0,0,0,1,1,0
2026-03-27 21:52:53.738,250.019,1144,-3,11,0,1,1,0,0,0,1,1,0
2026-03-27 21:52:53.740,250.021,1142,-3,14,0,1,1,0,0,0,1,1,0
2026-03-27 21:52:53.850,250.131,1143,-3,14,0,1,1,0,0,0,1,1,0
2026-03-27 21:52:53.994,250.275,1142,-3,14,0,1,1,0,0,0,1,1,0
2026-03-27 21:52:54.074,250.355,1141,-3,14,0,1,1,0,0,0,1,1,0
2026-03-27 21:52:54.410,250.691,1142,-3,14,0,1,1,0,0,0,1,1,0
2026-03-27 21:52:54.442,250.723,1142,-6,14,0,1,1,0,0,0,1,1,0
2026-03-27 21:52:54.538,250.819,1143,-5,15,0,1,1,0,0,0,0,1,0
2026-03-27 21:52:54.666,250.947,1142,-2,14,0,1,1,0,0,0,0,1,0
2026-03-27 21:52:54.746,251.027,1143,-5,14,0,1,1,0,0,0,0,1,0
2026-03-27 21:52:54.747,251.028,1143,-5,14,0,1,1,0,0,0,0,1,0
2026-03-27 21:52:55.018,251.299,1143,-2,15,0,1,1,0,0,0,0,1,0
2026-03-27 21:52:55.020,251.301,1144,-2,15,0,1,1,0,0,0,0,1,0
2026-03-27 21:52:55.021,251.301,11420,0,0,0,0,0,0,0,0,0,0,0
2026-03-27 21:52:55.034,251.315,1141,-3,15,0,1,1,0,0,0,0,1,0
2026-03-27 21:52:55.131,251.412,1142,-2,15,0,1,1,0,0,0,0,1,0
2026-03-27 21:52:55.211,251.492,1142,-2,15,0,1,1,0,0,0,0,1,0
2026-03-27 21:52:55.322,251.603,1141,-2,14,0,1,1,0,0,0,0,1,0
2026-03-27 21:52:55.434,251.715,1142,-2,15,0,1,1,0,0,0,0,1,0
2026-03-27 21:52:55.436,251.716,1143,-2,14,0,1,1,0,0,0,0,1,0
2026-03-27 21:52:55.450,251.731,1142,-2,15,0,1,1,0,0,0,0,1,0
2026-03-27 21:52:55.563,251.844,1143,-3,15,0,1,1,0,0,0,0,1,0
2026-03-27 21:52:55.674,251.955,1142,-2,15,0,1,1,0,0,0,0,1,0
2026-03-27 21:52:55.690,251.971,1143,-3,15,0,1,1,0,0,0,0,1,0
2026-03-27 21:52:55.802,252.083,1141,-3,14,0,1,1,0,0,0,0,1,0
2026-03-27 21:52:55.898,252.179,1142,-2,15,0,1,1,0,0,0,0,1,0
2026-03-27 21:52:56.010,252.291,1141,-2,14,0,1,1,0,0,0,0,1,0
2026-03-27 21:52:56.123,252.404,1142,-2,15,0,1,1,0,0,0,0,1,0
2026-03-27 21:52:56.203,252.484,1143,-2,15,0,1,1,0,0,0,0,1,0
2026-03-27 21:52:56.314,252.595,1143,-5,15,0,1,1,0,0,0,0,1,0
2026-03-27 21:52:56.378,252.658,1142,-5,14,0,1,1,0,0,0,0,1,0
2026-03-27 21:52:56.379,252.660,1143,-5,15,0,1,1,0,0,0,0,1,0
2026-03-27 21:52:56.490,252.771,1141,-2,14,0,1,1,0,0,0,0,1,0
2026-03-27 21:52:56.492,252.773,1141,-3,15,0,1,1,0,0,0,0,1,0
2026-03-27 21:52:56.634,252.915,1142,-3,14,0,1,1,0,0,0,0,1,0
2026-03-27 21:52:56.650,252.931,1141,-2,14,0,1,1,0,0,0,0,1,0
2026-03-27 21:52:56.714,252.995,1141,-2,14,0,1,1,0,0,0,0,1,0
2026-03-27 21:52:56.795,253.076,1142,-3,14,0,1,1,0,0,0,0,1,0
2026-03-27 21:52:56.874,253.155,1141,-3,14,0,1,1,0,0,0,0,1,0
2026-03-27 21:52:56.986,253.267,1141,-3,15,0,1,1,0,0,0,0,1,0
2026-03-27 21:52:57.034,253.315,1142,-2,15,0,1,1,0,0,0,0,1,0
2026-03-27 21:52:57.051,253.332,1141,-2,14,0,1,1,0,0,0,0,1,0
2026-03-27 21:52:57.243,253.524,1141,-3,15,0,1,1,0,0,0,0,1,0
2026-03-27 21:52:57.274,253.555,1142,-3,15,0,1,1,0,0,0,0,1,0
2026-03-27 21:52:57.275,253.556,1142,-3,15,0,1,1,0,0,0,0,1,0
2026-03-27 21:52:57.403,253.683,1143,-2,15,0,1,1,0,0,0,0,1,0
2026-03-27 21:52:57.515,253.795,1142,-2,15,0,1,1,0,0,0,0,1,0
2026-03-27 21:52:57.595,253.876,1144,-2,15,0,1,1,0,0,0,0,1,0
2026-03-27 21:52:57.706,253.987,1142,-3,14,0,1,1,0,0,0,0,1,0
2026-03-27 21:52:57.803,254.084,1143,-2,15,0,1,1,0,0,0,0,1,0
2026-03-27 21:52:57.898,254.179,1141,-3,14,0,1,1,0,0,0,0,1,0
2026-03-27 21:52:57.978,254.259,1143,-2,12,0,1,1,0,0,0,0,1,0
2026-03-27 21:52:58.122,254.403,1143,-3,15,0,1,1,0,0,0,0,1,0
2026-03-27 21:52:58.250,254.531,1143,-2,15,0,1,1,0,0,0,0,1,0
2026-03-27 21:52:58.314,254.595,1141,-2,14,0,1,1,0,0,0,0,1,0
2026-03-27 21:52:58.554,254.835,1142,-2,15,0,1,1,0,0,0,0,1,0
2026-03-27 21:52:58.570,254.851,1141,-3,15,0,1,1,0,0,0,0,1,0
2026-03-27 21:52:58.603,254.884,1141,-2,14,0,1,1,0,0,0,0,1,0
2026-03-27 21:52:58.619,254.900,1142,-2,15,0,1,1,0,0,0,0,1,0
2026-03-27 21:52:58.730,255.011,1142,-2,15,0,1,1,0,0,0,0,1,0
2026-03-27 21:52:58.842,255.123,1144,-2,15,0,1,1,0,0,0,0,1,0
2026-03-27 21:52:58.954,255.235,1143,-2,15,0,1,1,0,0,0,0,1,0
2026-03-27 21:52:59.067,255.348,1142,-2,14,0,1,1,0,0,0,0,1,0
2026-03-27 21:52:59.210,255.491,1141,-2,15,0,1,1,0,0,0,0,1,0
2026-03-27 21:52:59.322,255.603,1142,-2,14,0,1,1,0,0,0,0,1,0
2026-03-27 21:52:59.402,255.683,1141,-2,14,0,1,1,0,0,0,0,1,0
2026-03-27 21:52:59.403,255.684,1141,-2,15,0,1,1,0,0,0,0,1,0
2026-03-27 21:52:59.514,255.795,1142,-2,14,0,1,1,0,0,0,0,1,0
2026-03-27 21:52:59.674,255.955,1141,-3,14,0,1,1,0,0,0,0,1,0
2026-03-27 21:52:59.722,256.003,1141,-3,15,0,1,1,0,0,0,0,1,0
2026-03-27 21:52:59.818,256.099,1142,-2,15,0,1,1,0,0,0,0,1,0
2026-03-27 21:52:59.946,256.227,1141,-2,14,0,1,1,0,0,0,0,1,0
2026-03-27 21:53:00.089,256.370,1142,-3,15,0,1,1,0,0,0,0,1,0
2026-03-27 21:53:00.091,256.372,1142,-3,15,0,1,1,0,0,0,0,1,0
2026-03-27 21:53:00.201,256.482,1143,-2,14,0,1,1,0,0,0,0,1,0
2026-03-27 21:53:00.250,256.531,1142,-2,14,0,1,1,0,0,0,0,1,0
2026-03-27 21:53:00.252,256.533,1143,-2,15,0,1,1,0,0,0,0,1,0
2026-03-27 21:53:00.347,256.627,1143,-1,15,0,1,1,0,0,0,0,1,0
2026-03-27 21:53:00.442,256.723,1141,-5,14,0,1,1,0,0,0,0,1,0
2026-03-27 21:53:00.554,256.835,1142,-2,15,0,1,1,0,0,0,0,1,0
2026-03-27 21:53:00.698,256.978,1142,-3,14,0,1,1,0,0,0,0,1,0
2026-03-27 21:53:00.714,256.995,1141,-2,15,0,1,1,0,0,0,0,1,0
2026-03-27 21:53:00.715,256.996,1143,-2,15,0,1,1,0,0,0,0,1,0
2026-03-27 21:53:00.778,257.059,1143,-2,15,0,1,1,0,0,0,0,1,0
2026-03-27 21:53:00.858,257.139,1143,-2,15,0,1,1,0,0,0,0,1,0
2026-03-27 21:53:00.954,257.235,1143,-2,15,0,1,1,0,0,0,0,1,0
2026-03-27 21:53:01.051,257.332,1141,-2,15,0,1,1,0,0,0,0,1,0
2026-03-27 21:53:01.226,257.507,1143,-2,15,0,1,1,0,0,0,0,1,0
2026-03-27 21:53:01.338,257.619,1142,-5,15,0,1,1,0,0,0,0,1,0
2026-03-27 21:53:01.435,257.716,1142,-2,15,0,1,1,0,0,0,0,1,0
2026-03-27 21:53:01.482,257.763,1143,-2,15,0,1,1,0,0,0,0,1,0
2026-03-27 21:53:01.483,257.764,1144,-2,15,0,1,1,0,0,0,0,1,0
2026-03-27 21:53:01.610,257.891,1143,-2,15,0,1,1,0,0,0,0,1,0
2026-03-27 21:53:01.674,257.955,1142,-5,14,0,1,1,0,0,0,0,1,0
2026-03-27 21:53:01.850,258.131,1142,-2,14,0,1,1,0,0,0,0,1,0
2026-03-27 21:53:01.914,258.195,1142,-2,14,0,1,1,0,0,0,0,1,0
2026-03-27 21:53:01.917,258.198,1141,-3,15,0,1,1,0,0,0,0,1,0
2026-03-27 21:53:02.058,258.339,1141,-3,14,0,1,1,0,0,0,0,1,0
2026-03-27 21:53:02.060,258.340,1141,-2,15,0,1,1,0,0,0,0,1,0
2026-03-27 21:53:02.154,258.435,1142,-5,14,0,1,1,0,0,0,0,1,0
2026-03-27 21:53:02.170,258.451,1141,-5,15,0,1,1,0,0,0,0,1,0
2026-03-27 21:53:02.331,258.612,1141,-3,15,0,1,1,0,0,0,0,1,0
2026-03-27 21:53:02.331,258.612,0,0,0,0,0,0,0,0,0,0,0,0
2026-03-27 21:53:02.333,258.614,1142,-2,15,0,1,1,0,0,0,0,1,0
2026-03-27 21:53:02.426,258.707,1143,-2,15,0,1,1,0,0,0,0,1,0
2026-03-27 21:53:02.538,258.819,1142,-2,14,0,1,1,0,0,0,0,1,0
2026-03-27 21:53:02.539,258.820,1142,-3,14,0,1,1,0,0,0,0,1,0
2026-03-27 21:53:02.665,258.946,1142,-2,14,0,1,1,0,0,0,0,1,0
2026-03-27 21:53:02.794,259.075,1142,-2,15,0,1,1,0,0,0,0,1,0
2026-03-27 21:53:02.795,259.076,1143,-2,15,0,1,1,0,0,0,0,1,0
2026-03-27 21:53:02.858,259.139,1142,-3,14,0,1,1,0,0,0,0,1,0
2026-03-27 21:53:02.874,259.155,1143,-2,15,0,1,1,0,0,0,0,1,0
2026-03-27 21:53:02.955,259.235,1143,-2,15,0,1,1,0,0,0,0,1,0
2026-03-27 21:53:03.098,259.379,1141,-2,14,0,1,1,0,0,0,0,1,0
2026-03-27 21:53:03.226,259.507,1142,-2,14,0,1,1,0,0,0,0,1,0
2026-03-27 21:53:03.274,259.555,1141,-3,15,0,1,1,0,0,0,0,1,0
2026-03-27 21:53:03.386,259.667,1143,-2,15,0,1,1,0,0,0,0,1,0
2026-03-27 21:53:03.403,259.684,1142,-2,15,0,1,1,0,0,0,0,1,0
2026-03-27 21:53:03.514,259.795,1143,-2,15,0,1,1,0,0,0,0,1,0
2026-03-27 21:53:03.593,259.874,1142,-2,15,0,1,1,0,0,0,0,1,0
2026-03-27 21:53:03.610,259.891,1144,-2,15,0,1,1,0,0,0,0,1,0
2026-03-27 21:53:03.722,260.003,1141,-2,14,0,1,1,0,0,0,0,1,0
2026-03-27 21:53:03.725,260.006,1142,-2,15,0,1,1,0,0,0,0,1,0
2026-03-27 21:53:03.818,260.099,1143,-2,15,0,1,1,0,0,0,0,1,0
2026-03-27 21:53:03.946,260.227,1141,-2,14,0,1,1,0,0,0,0,1,0
2026-03-27 21:53:04.026,260.306,1142,-4,15,0,1,1,0,0,0,0,1,0
2026-03-27 21:53:04.154,260.435,1144,-2,15,0,1,1,0,0,0,0,1,0
2026-03-27 21:53:04.170,260.451,1144,-2,15,0,1,1,0,0,0,0,1,0
2026-03-27 21:53:04.172,260.453,1142,-2,15,0,1,1,0,0,0,0,1,0
2026-03-27 21:53:04.266,260.547,1143,-2,15,0,1,1,0,0,0,0,1,0
2026-03-27 21:53:04.283,260.564,1142,-2,15,0,1,1,0,0,0,0,1,0
2026-03-27 21:53:04.345,260.626,1142,-2,14,0,1,1,0,0,0,0,1,0
2026-03-27 21:53:04.347,260.628,1142,-2,15,0,1,1,0,0,0,0,1,0
2026-03-27 21:53:04.474,260.755,1141,-3,15,0,1,1,0,0,0,0,1,0
2026-03-27 21:53:04.634,260.915,1142,-2,15,0,1,1,0,0,0,0,1,0
2026-03-27 21:53:04.650,260.931,1142,-2,15,0,1,1,0,0,0,0,1,0
2026-03-27 21:53:04.762,261.043,1141,-2,14,0,1,1,0,0,0,0,1,0
2026-03-27 21:53:04.826,261.107,1143,-2,14,0,1,1,0,0,0,0,1,0
2026-03-27 21:53:04.971,261.252,1142,-6,15,0,1,1,0,0,0,0,1,0
2026-03-27 21:53:05.002,261.283,1142,-2,14,0,1,1,0,0,0,0,1,0
2026-03-27 21:53:05.130,261.411,1143,-1,15,0,1,1,0,0,0,0,1,0
2026-03-27 21:53:05.274,261.555,1142,-2,15,0,1,1,0,0,0,0,1,0
2026-03-27 21:53:05.354,261.635,1143,-2,15,0,1,1,0,0,0,0,1,0
2026-03-27 21:53:05.450,261.731,1143,-2,15,0,1,1,0,0,0,0,1,0
2026-03-27 21:53:05.609,261.890,1141,-2,15,0,1,1,0,0,0,0,1,0
2026-03-27 21:53:05.611,261.891,1141,-3,15,0,1,1,0,0,0,0,1,0
2026-03-27 21:53:05.674,261.955,1143,-2,15,0,1,1,0,0,0,0,1,0
2026-03-27 21:53:05.754,262.035,1141,-2,15,0,1,1,0,0,0,0,1,0
2026-03-27 21:53:05.898,262.178,1142,-2,15,0,1,1,0,0,0,0,1,0
2026-03-27 21:53:05.899,262.180,1143,-2,15,0,1,1,0,0,0,0,1,0
2026-03-27 21:53:06.010,262.291,1141,-2,14,0,1,1,0,0,0,0,1,0
2026-03-27 21:53:06.026,262.307,1143,-5,15,0,1,1,0,0,0,0,1,0
2026-03-27 21:53:06.090,262.371,1143,-5,15,0,1,1,0,0,0,0,1,0
2026-03-27 21:53:06.091,262.372,1144,-4,15,0,1,1,0,0,0,0,1,0
2026-03-27 21:53:06.234,262.514,1143,-5,15,0,1,1,0,0,0,0,1,0
2026-03-27 21:53:06.282,262.563,1141,-2,15,0,1,1,0,0,0,0,1,0
2026-03-27 21:53:06.427,262.708,1143,-2,15,0,1,1,0,0,0,0,1,0
2026-03-27 21:53:06.554,262.835,1141,-2,15,0,1,1,0,0,0,0,1,0
2026-03-27 21:53:06.634,262.915,1142,-5,15,0,1,1,0,0,0,0,1,0
2026-03-27 21:53:06.635,262.916,1143,-4,15,0,1,1,0,0,0,0,1,0
2026-03-27 21:53:06.637,262.918,1144,-2,15,0,1,1,0,0,0,0,1,0
2026-03-27 21:53:06.699,262.980,1144,-2,15,0,1,1,0,0,0,0,1,0
2026-03-27 21:53:06.810,263.091,1143,-2,15,0,1,1,0,0,0,0,1,0
2026-03-27 21:53:06.826,263.107,1144,-2,15,0,1,1,0,0,0,0,1,0
2026-03-27 21:53:06.937,263.218,1142,-2,15,0,1,1,0,0,0,0,1,0
2026-03-27 21:53:06.939,263.220,1142,-2,14,0,1,1,0,0,0,0,1,0
2026-03-27 21:53:06.941,263.222,1141,-2,15,0,1,1,0,0,0,0,1,0
2026-03-27 21:53:07.050,263.331,1142,-2,14,0,1,1,0,0,0,0,1,0
2026-03-27 21:53:07.162,263.443,1142,-5,15,0,1,1,0,0,0,0,1,0
2026-03-27 21:53:07.210,263.490,1142,-2,14,0,1,1,0,0,0,0,1,0
2026-03-27 21:53:07.337,263.618,1142,-5,14,0,1,1,0,0,0,0,1,0
2026-03-27 21:53:07.466,263.747,1142,-5,14,0,1,1,0,0,0,0,1,0
2026-03-27 21:53:07.482,263.763,1142,-5,14,0,1,1,0,0,0,0,1,0
2026-03-27 21:53:07.497,263.778,1142,-5,15,0,1,1,0,0,0,0,1,0
2026-03-27 21:53:07.513,263.794,1142,-5,15,0,1,1,0,0,0,0,1,0
2026-03-27 21:53:07.578,263.859,1142,-1,15,0,1,1,0,0,0,0,1,0
2026-03-27 21:53:07.689,263.970,1142,-3,14,0,1,1,0,0,0,0,1,0
2026-03-27 21:53:07.834,264.115,1142,-5,15,0,1,1,0,0,0,0,1,0
2026-03-27 21:53:07.898,264.179,1144,-2,15,0,1,1,0,0,0,0,1,0
2026-03-27 21:53:08.027,264.308,1143,-2,14,0,1,1,0,0,0,0,1,0
2026-03-27 21:53:08.313,264.594,1144,-2,15,0,1,1,0,0,0,0,1,0
2026-03-27 21:53:08.394,264.675,1142,-2,14,0,1,1,0,0,0,0,1,0
2026-03-27 21:53:08.474,264.754,1143,-5,15,0,1,1,0,0,0,0,1,0
2026-03-27 21:53:08.475,264.756,1144,-2,15,0,1,1,0,0,0,0,1,0
2026-03-27 21:53:08.554,264.834,1143,-2,15,0,1,1,0,0,0,0,1,0
2026-03-27 21:53:08.555,264.836,1143,-2,15,0,1,1,0,0,0,0,1,0
2026-03-27 21:53:08.682,264.962,1143,-2,14,0,1,1,0,0,0,0,1,0
2026-03-27 21:53:08.684,264.965,1141,-3,14,0,1,1,0,0,0,0,1,0
2026-03-27 21:53:08.778,265.058,1141,-3,15,0,1,1,0,0,0,0,1,0
2026-03-27 21:53:08.841,265.122,1143,-5,15,0,1,1,0,0,0,0,1,0
2026-03-27 21:53:08.858,265.139,1141,-2,15,0,1,1,0,0,0,0,1,0
2026-03-27 21:53:08.954,265.235,1141,-2,15,0,1,1,0,0,0,0,1,0
2026-03-27 21:53:09.114,265.395,1143,-2,15,0,1,1,0,0,0,0,1,0
2026-03-27 21:53:09.194,265.475,1144,-2,15,0,1,1,0,0,0,0,1,0
2026-03-27 21:53:09.195,265.476,1144,-2,15,0,1,1,0,0,0,0,1,0
2026-03-27 21:53:09.210,265.491,1143,-2,15,0,1,1,0,0,0,0,1,0
2026-03-27 21:53:09.337,265.618,1144,-2,15,0,1,1,0,0,0,0,1,0
2026-03-27 21:53:09.385,265.666,1143,-3,14,0,1,1,0,0,0,0,1,0
2026-03-27 21:53:09.388,265.669,1141,-5,14,0,1,1,0,0,0,0,1,0
2026-03-27 21:53:09.578,265.859,1141,-2,14,0,1,1,0,0,0,0,1,0
2026-03-27 21:53:09.610,265.890,1142,-2,15,0,1,1,0,0,0,0,1,0
2026-03-27 21:53:09.786,266.067,1142,-2,15,0,1,1,0,0,0,0,1,0
2026-03-27 21:53:09.977,266.258,1142,-5,15,0,1,1,0,0,0,0,1,0
2026-03-27 21:53:10.074,266.355,1141,-2,14,0,1,1,0,0,0,0,1,0
2026-03-27 21:53:10.154,266.435,1142,-4,15,0,1,1,0,0,0,0,1,0
2026-03-27 21:53:10.155,266.436,1142,-2,15,0,1,1,0,0,0,0,1,0
2026-03-27 21:53:10.297,266.578,1141,-5,14,0,1,1,0,0,0,0,1,0
2026-03-27 21:53:10.394,266.675,1144,-5,15,0,1,1,0,0,0,0,1,0
2026-03-27 21:53:10.522,266.802,1143,-2,15,0,1,1,0,0,0,0,1,0
2026-03-27 21:53:10.601,266.882,1141,-5,14,0,1,1,0,0,0,0,1,0
2026-03-27 21:53:10.665,266.946,1143,-1,15,0,1,1,0,0,0,0,1,0
2026-03-27 21:53:10.793,267.074,1141,-2,14,0,1,1,0,0,0,0,1,0
2026-03-27 21:53:10.922,267.202,1142,-2,15,0,1,1,0,0,0,0,1,0
2026-03-27 21:53:11.034,267.315,1141,-2,14,0,1,1,0,0,0,0,1,0
2026-03-27 21:53:11.050,267.330,1142,-2,15,0,1,1,0,0,0,0,1,0
2026-03-27 21:53:11.162,267.442,1143,-2,15,0,1,1,0,0,0,0,1,0
2026-03-27 21:53:11.241,267.522,1143,-2,15,0,1,1,0,0,0,0,1,0
2026-03-27 21:53:11.337,267.618,1143,-5,15,0,1,1,0,0,0,0,1,0
2026-03-27 21:53:11.339,267.620,1143,-5,15,0,1,1,0,0,0,0,1,0
2026-03-27 21:53:11.466,267.747,1141,-5,14,0,1,1,0,0,0,0,1,0
2026-03-27 21:53:11.545,267.826,1143,-2,15,0,1,1,0,0,0,0,1,0
2026-03-27 21:53:11.673,267.954,1141,-2,15,0,1,1,0,0,0,0,1,0
2026-03-27 21:53:11.786,268.067,1142,-5,15,0,1,1,0,0,0,0,1,0
2026-03-27 21:53:11.898,268.178,1144,-4,15,0,1,1,0,0,0,0,1,0
2026-03-27 21:53:11.900,268.181,1143,-1,15,0,1,1,0,0,0,0,1,0
2026-03-27 21:53:12.041,268.322,1144,-2,15,0,1,1,0,0,0,0,1,0
2026-03-27 21:53:12.121,268.401,1142,-2,15,0,1,1,0,0,0,0,1,0
2026-03-27 21:53:12.122,268.403,1142,-2,15,0,1,1,0,0,0,0,1,0
2026-03-27 21:53:12.201,268.482,1142,-2,15,0,1,1,0,0,0,0,1,0
2026-03-27 21:53:12.361,268.642,1142,-2,15,0,1,1,0,0,0,0,1,0
2026-03-27 21:53:12.425,268.706,1142,-2,14,0,1,1,0,0,0,0,1,0
2026-03-27 21:53:12.537,268.818,1143,-2,14,0,1,1,0,0,0,0,1,0
2026-03-27 21:53:12.538,268.819,1142,-3,15,0,1,1,0,0,0,0,1,0
2026-03-27 21:53:12.553,268.834,1142,-3,15,0,1,1,0,0,0,0,1,0
2026-03-27 21:53:12.650,268.930,1142,-3,15,0,1,1,0,0,0,0,1,0
2026-03-27 21:53:12.761,269.042,1142,-5,14,0,1,1,0,0,0,0,1,0
2026-03-27 21:53:12.764,269.045,1142,-2,15,0,1,1,0,0,0,0,1,0
2026-03-27 21:53:12.809,269.090,1143,-1,15,0,1,1,0,0,0,0,1,0
2026-03-27 21:53:12.937,269.218,1141,-2,14,0,1,1,0,0,0,0,1,0
2026-03-27 21:53:12.938,269.219,1141,-3,15,0,1,1,0,0,0,0,1,0
2026-03-27 21:53:12.939,269.220,0,0,0,0,0,0,0,0,0,0,0,0
2026-03-27 21:53:12.953,269.234,1143,-2,15,0,1,1,0,0,0,0,1,0
2026-03-27 21:53:13.033,269.314,1143,-2,15,0,1,1,0,0,0,0,1,0
2026-03-27 21:53:13.129,269.410,1143,-2,15,0,1,1,0,0,0,0,1,0
2026-03-27 21:53:13.130,269.411,1143,-2,15,0,1,1,0,0,0,0,1,0
2026-03-27 21:53:13.209,269.490,1142,-5,14,0,1,1,0,0,0,0,1,0
2026-03-27 21:53:13.577,269.858,1143,-2,15,0,1,1,0,0,0,0,1,0
2026-03-27 21:53:13.578,269.859,1143,-2,15,0,1,1,0,0,0,0,1,0
2026-03-27 21:53:13.641,269.922,1141,-2,15,0,1,1,0,0,0,0,1,0
2026-03-27 21:53:13.769,270.050,1144,-2,15,0,1,1,0,0,0,0,1,0
2026-03-27 21:53:13.817,270.098,1143,-2,15,0,1,1,0,0,0,0,1,0
2026-03-27 21:53:13.961,270.242,1143,-5,15,0,1,1,0,0,0,0,1,0
2026-03-27 21:53:13.977,270.258,1141,-2,15,0,1,1,0,0,0,0,1,0
2026-03-27 21:53:14.041,270.322,1142,-3,15,0,1,1,0,0,0,0,1,0
2026-03-27 21:53:14.058,270.338,1143,-2,15,0,1,1,0,0,0,0,1,0
2026-03-27 21:53:14.232,270.513,1143,-2,15,0,1,1,0,0,0,0,1,0
2026-03-27 21:53:14.265,270.546,1141,-2,15,0,1,1,0,0,0,0,1,0
2026-03-27 21:53:14.425,270.706,1143,-2,15,0,1,1,0,0,0,0,1,0
2026-03-27 21:53:14.537,270.818,1143,-5,15,0,1,1,0,0,0,0,1,0
2026-03-27 21:53:14.618,270.899,1143,-2,15,0,1,1,0,0,0,0,1,0
2026-03-27 21:53:14.620,270.901,1143,-3,15,0,1,1,0,0,0,0,1,0
2026-03-27 21:53:14.761,271.042,1143,-3,15,0,1,1,0,0,0,0,1,0
2026-03-27 21:53:14.873,271.154,1142,-2,15,0,1,1,0,0,0,0,1,0
2026-03-27 21:53:14.937,271.218,1143,-2,15,0,1,1,0,0,0,0,1,0
2026-03-27 21:53:15.081,271.362,1141,-2,14,0,1,1,0,0,0,0,1,0
2026-03-27 21:53:15.097,271.378,1141,-2,15,0,1,1,0,0,0,0,1,0
2026-03-27 21:53:15.193,271.474,1142,-3,15,0,1,1,0,0,0,0,1,0
2026-03-27 21:53:15.194,271.475,1142,-2,14,0,1,1,0,0,0,0,1,0
2026-03-27 21:53:15.337,271.618,1142,-5,15,0,1,1,0,0,0,0,1,0
2026-03-27 21:53:15.417,271.698,1142,-3,15,0,1,1,0,0,0,0,1,0
2026-03-27 21:53:15.528,271.809,1142,-2,15,0,1,1,0,0,0,0,1,0
2026-03-27 21:53:15.530,271.811,1142,-2,15,0,1,1,0,0,0,0,1,0
2026-03-27 21:53:15.625,271.906,1141,-2,14,0,1,1,0,0,0,0,1,0
2026-03-27 21:53:15.626,271.907,1141,-3,15,0,1,1,0,0,0,0,1,0
2026-03-27 21:53:15.769,272.050,1142,-5,15,0,1,1,0,0,0,0,1,0
2026-03-27 21:53:15.897,272.178,1143,-5,15,0,1,1,0,0,0,0,1,0
2026-03-27 21:53:16.009,272.290,1142,-5,14,0,1,1,0,0,0,0,1,0
2026-03-27 21:53:16.106,272.387,1143,-2,15,0,1,1,0,0,0,0,1,0
2026-03-27 21:53:16.108,272.389,1141,-2,15,0,1,1,0,0,0,0,1,0
2026-03-27 21:53:16.170,272.451,1141,-2,14,0,1,1,0,0,0,0,1,0
2026-03-27 21:53:16.282,272.563,1142,-2,15,0,1,1,0,0,0,0,1,0
2026-03-27 21:53:16.425,272.706,1141,-3,15,0,1,1,0,0,0,0,1,0
2026-03-27 21:53:16.521,272.801,1143,-2,15,0,1,1,0,0,0,0,1,0
2026-03-27 21:53:16.537,272.818,1143,-2,15,0,1,1,0,0,0,0,1,0
2026-03-27 21:53:16.601,272.882,1143,-2,15,0,1,1,0,0,0,0,1,0
2026-03-27 21:53:16.713,272.994,1143,-3,15,0,1,1,0,0,0,0,1,0
2026-03-27 21:53:16.716,272.996,1141,-4,14,0,1,1,0,0,0,0,1,0
2026-03-27 21:53:16.793,273.074,1141,-2,15,0,1,1,0,0,0,0,1,0
2026-03-27 21:53:16.873,273.154,1143,-2,15,0,1,1,0,0,0,0,1,0
2026-03-27 21:53:17.049,273.330,1141,-2,15,0,1,1,0,0,0,0,1,0
2026-03-27 21:53:17.177,273.458,1142,-2,15,0,1,1,0,0,0,0,1,0
2026-03-27 21:53:17.179,273.460,1143,-2,15,0,1,1,0,0,0,0,1,0
2026-03-27 21:53:17.209,273.490,1145,-2,15,0,1,1,0,0,0,0,1,0
2026-03-27 21:53:17.337,273.618,1143,-2,15,0,1,1,0,0,0,0,1,0
2026-03-27 21:53:17.401,273.682,1142,-3,15,0,1,1,0,0,0,0,1,0
2026-03-27 21:53:17.529,273.810,1141,-2,15,0,1,1,0,0,0,0,1,0
2026-03-27 21:53:17.546,273.827,1143,-3,15,0,1,1,0,0,0,0,1,0
2026-03-27 21:53:17.609,273.890,1143,-2,15,0,1,1,0,0,0,0,1,0
2026-03-27 21:53:17.801,274.082,1142,-2,15,0,1,1,0,0,0,0,1,0
2026-03-27 21:53:17.849,274.130,1143,-2,14,0,1,1,0,0,0,0,1,0
2026-03-27 21:53:17.945,274.226,1142,-2,15,0,1,1,0,0,0,0,1,0
2026-03-27 21:53:18.025,274.306,1142,-2,14,0,1,1,0,0,0,0,1,0
2026-03-27 21:53:18.137,274.418,1142,-2,15,0,1,1,0,0,0,0,1,0
2026-03-27 21:53:18.280,274.561,1141,-2,15,0,1,1,0,0,0,0,1,0
2026-03-27 21:53:18.299,274.580,1141,-5,14,0,1,1,0,0,0,0,1,0
2026-03-27 21:53:18.392,274.673,1142,-2,15,0,1,1,0,0,0,0,1,0
2026-03-27 21:53:18.394,274.675,1142,-2,15,0,1,1,0,0,0,0,1,0
2026-03-27 21:53:18.472,274.753,1143,-2,14,0,1,1,0,0,0,0,1,0
2026-03-27 21:53:18.474,274.755,1143,-2,15,0,1,1,0,0,0,0,1,0
2026-03-27 21:53:18.490,274.771,1143,-2,14,0,1,1,0,0,0,0,1,0
2026-03-27 21:53:18.569,274.850,1142,-3,15,0,1,1,0,0,0,0,1,0
2026-03-27 21:53:18.681,274.961,1143,-2,15,0,1,1,0,0,0,0,1,0
2026-03-27 21:53:18.682,274.963,1144,-2,15,0,1,1,0,0,0,0,1,0
2026-03-27 21:53:18.809,275.090,1142,-2,14,0,1,1,0,0,0,0,1,0
2026-03-27 21:53:18.825,275.105,1143,-2,15,0,1,1,0,0,0,0,1,0
2026-03-27 21:53:18.826,275.107,1143,-2,15,0,1,1,0,0,0,0,1,0
2026-03-27 21:53:18.937,275.218,1142,-2,15,0,1,1,0,0,0,0,1,0
2026-03-27 21:53:19.080,275.361,1144,-2,15,0,1,1,0,0,0,0,1,0
2026-03-27 21:53:19.161,275.442,1143,-2,15,0,1,1,0,0,0,0,1,0
2026-03-27 21:53:19.178,275.459,1142,-2,15,0,1,1,0,0,0,0,1,0
2026-03-27 21:53:19.272,275.553,1143,-2,15,0,1,1,0,0,0,0,1,0
2026-03-27 21:53:19.369,275.650,1141,-3,15,0,1,1,0,0,0,0,1,0
2026-03-27 21:53:19.449,275.730,1142,-5,15,0,1,1,0,0,0,0,1,0
2026-03-27 21:53:19.593,275.874,1141,-2,14,0,1,1,0,0,0,0,1,0
2026-03-27 21:53:19.673,275.954,1142,-5,15,0,1,1,0,0,0,0,1,0
2026-03-27 21:53:19.817,276.098,1144,-5,15,0,1,1,0,0,0,0,1,0
2026-03-27 21:53:19.930,276.210,1143,-2,15,0,1,1,0,0,0,0,1,0
2026-03-27 21:53:19.977,276.258,1142,-5,15,0,1,1,0,0,0,0,1,0
2026-03-27 21:53:20.137,276.417,1141,-2,15,0,1,1,0,0,0,0,1,0
2026-03-27 21:53:20.138,276.419,1142,-5,15,0,1,1,0,0,0,0,1,0
2026-03-27 21:53:20.233,276.514,1142,-5,15,0,1,1,0,0,0,0,1,0
2026-03-27 21:53:20.281,276.562,1141,-2,14,0,1,1,0,0,0,0,1,0
2026-03-27 21:53:20.457,276.738,1142,-3,14,0,1,1,0,0,0,0,1,0
2026-03-27 21:53:20.505,276.785,1142,-3,15,0,1,1,0,0,0,0,1,0
2026-03-27 21:53:20.649,276.930,1142,-2,14,0,1,1,0,0,0,0,1,0
2026-03-27 21:53:20.666,276.947,1142,-2,15,0,1,1,0,0,0,0,1,0
2026-03-27 21:53:20.713,276.994,1142,-4,15,0,1,1,0,0,0,0,1,0
2026-03-27 21:53:20.809,277.090,1141,-3,15,0,1,1,0,0,0,0,1,0
2026-03-27 21:53:20.921,277.202,1142,-5,15,0,1,1,0,0,0,0,1,0
2026-03-27 21:53:20.953,277.234,1143,-5,15,0,1,1,0,0,0,0,1,0
2026-03-27 21:53:21.097,277.378,1141,-2,15,0,1,1,0,0,0,0,1,0
2026-03-27 21:53:21.100,277.381,1144,-2,15,0,1,1,0,0,0,0,1,0
2026-03-27 21:53:21.177,277.458,1144,-2,15,0,1,1,0,0,0,0,1,0
2026-03-27 21:53:21.256,277.537,1142,-5,15,0,1,1,0,0,0,0,1,0
2026-03-27 21:53:21.385,277.666,1143,-2,15,0,1,1,0,0,0,0,1,0
2026-03-27 21:53:21.387,277.668,1143,-5,15,0,1,1,0,0,0,0,1,0
2026-03-27 21:53:21.497,277.778,1142,-3,15,0,1,1,0,0,0,0,1,0
2026-03-27 21:53:21.545,277.826,1143,-5,15,0,1,1,0,0,0,0,1,0
2026-03-27 21:53:21.737,278.018,1143,-2,15,0,1,1,0,0,0,0,1,0
2026-03-27 21:53:22.040,278.321,1143,-2,15,0,1,1,0,0,0,0,1,0
2026-03-27 21:53:22.041,278.322,1143,-2,15,0,1,1,0,0,0,0,1,0
2026-03-27 21:53:22.152,278.433,1142,-2,14,0,1,1,0,0,0,0,1,0
2026-03-27 21:53:22.154,278.435,1141,-2,15,0,1,1,0,0,0,0,1,0
2026-03-27 21:53:22.168,278.449,1142,-40,0,0,0,0,0,0,0,0,0,0
2026-03-27 21:53:22.170,278.450,1143,-2,15,0,1,1,0,0,0,0,1,0
2026-03-27 21:53:22.249,278.530,1143,-2,15,0,1,1,0,0,0,0,1,0
2026-03-27 21:53:22.265,278.546,1144,-2,15,0,1,1,0,0,0,0,1,0
2026-03-27 21:53:22.377,278.658,1144,-2,15,0,1,1,0,0,0,0,1,0
2026-03-27 21:53:22.457,278.738,1143,-5,15,0,1,1,0,0,0,0,1,0
2026-03-27 21:53:22.537,278.818,1142,-5,15,0,1,1,0,0,0,0,1,0
2026-03-27 21:53:22.648,278.929,1141,-5,14,0,1,1,0,0,0,0,1,0
2026-03-27 21:53:22.744,279.025,1143,-2,15,0,1,1,0,0,0,0,1,0
2026-03-27 21:53:22.840,279.121,1141,-2,14,0,1,1,0,0,0,0,1,0
2026-03-27 21:53:22.952,279.233,1142,-2,15,0,1,1,0,0,0,0,1,0
2026-03-27 21:53:23.001,279.282,1142,-2,15,0,1,1,0,0,0,0,1,0
2026-03-27 21:53:23.145,279.426,1142,-2,15,0,1,1,0,0,0,0,1,0
2026-03-27 21:53:23.308,279.589,1142,-2,15,0,1,1,0,0,0,0,1,0
2026-03-27 21:53:23.401,279.682,1142,-2,15,0,1,1,0,0,0,0,1,0
2026-03-27 21:53:23.432,279.713,1143,-2,15,0,1,1,0,0,0,0,1,0
2026-03-27 21:53:23.434,279.715,1143,-1,15,0,1,1,0,0,0,0,1,0
2026-03-27 21:53:23.434,279.715,,,,,,,,,,,,
2026-03-27 21:53:23.449,279.730,1142,-2,15,0,1,1,0,0,0,0,1,0
2026-03-27 21:53:23.609,279.890,1143,-2,15,0,1,1,0,0,0,0,1,0
2026-03-27 21:53:23.752,280.033,1142,-2,15,0,1,1,0,0,0,0,1,0
2026-03-27 21:53:23.785,280.065,1144,-2,15,0,1,1,0,0,0,0,1,0
2026-03-27 21:53:23.897,280.178,1142,-5,15,0,1,1,0,0,0,0,1,0
2026-03-27 21:53:24.008,280.289,1142,-2,15,0,1,1,0,0,0,0,1,0
2026-03-27 21:53:24.073,280.354,1142,-5,14,0,1,1,0,0,0,0,1,0
2026-03-27 21:53:24.075,280.356,1142,-5,15,0,1,1,0,0,0,0,1,0
2026-03-27 21:53:24.121,280.402,1143,-2,15,0,1,1,0,0,0,0,1,0
2026-03-27 21:53:24.201,280.482,1143,-2,15,0,1,1,0,0,0,0,1,0
2026-03-27 21:53:24.665,280.946,1141,-2,14,0,1,1,0,0,0,0,1,0
2026-03-27 21:53:24.761,281.042,1142,-2,15,0,1,1,0,0,0,0,1,0
2026-03-27 21:53:24.841,281.122,1144,-4,15,0,1,1,0,0,0,0,1,0
2026-03-27 21:53:25.033,281.314,1144,-2,15,0,1,1,0,0,0,0,1,0
2026-03-27 21:53:25.035,281.316,1145,-5,15,0,1,1,0,0,0,0,1,0
2026-03-27 21:53:25.065,281.345,1144,-2,14,0,1,1,0,0,0,0,1,0
2026-03-27 21:53:25.193,281.474,1142,-3,15,0,1,1,0,0,0,0,1,0
2026-03-27 21:53:25.352,281.633,1142,-3,15,0,1,1,0,0,0,0,1,0
2026-03-27 21:53:25.368,281.649,1142,-2,15,0,1,1,0,0,0,0,1,0
2026-03-27 21:53:25.370,281.651,1141,-5,14,0,1,1,0,0,0,0,1,0
2026-03-27 21:53:25.464,281.745,1142,-2,15,0,1,1,0,0,0,0,1,0
2026-03-27 21:53:25.593,281.874,1142,-2,15,0,1,1,0,0,0,0,0,0
2026-03-27 21:53:25.689,281.970,1143,-2,14,0,1,1,0,0,0,0,0,0
2026-03-27 21:53:25.833,282.114,1142,-2,15,0,1,1,0,0,0,0,0,0
2026-03-27 21:53:25.834,282.115,1143,-2,15,0,1,1,0,0,0,0,0,0
2026-03-27 21:53:25.836,282.117,1141,-2,15,0,1,1,0,0,0,0,0,0
2026-03-27 21:53:25.961,282.242,1141,-2,12,0,1,1,0,0,0,0,0,0
2026-03-27 21:53:25.962,282.243,1142,-1,12,0,1,1,0,0,0,0,0,0
2026-03-27 21:53:25.992,282.273,1143,-5,15,0,1,1,0,0,0,0,0,0
2026-03-27 21:53:25.995,282.275,1143,-5,15,0,1,1,0,0,0,0,0,0
2026-03-27 21:53:26.105,282.386,1143,-4,15,0,1,1,0,0,0,0,0,0
2026-03-27 21:53:26.108,282.389,1142,-2,15,0,1,1,0,0,0,0,0,0
2026-03-27 21:53:26.249,282.530,1142,-1,15,0,1,1,0,0,0,0,0,0
2026-03-27 21:53:26.265,282.546,1143,-1,15,0,1,1,0,0,0,0,0,0
2026-03-27 21:53:26.297,282.578,1143,-2,16,0,1,1,0,0,0,0,0,0
2026-03-27 21:53:26.312,282.593,1142,-1,15,0,0,0,0,0,0,0,0,0
2026-03-27 21:53:26.314,282.595,1142,-2,14,0,1,1,0,0,0,0,0,0
2026-03-27 21:53:26.376,282.657,1142,-2,15,0,1,1,0,0,0,0,0,0
2026-03-27 21:53:26.377,282.658,1142,-2,15,0,1,0,0,0,0,0,0,0
2026-03-27 21:53:26.379,282.659,1142,-2,15,0,1,1,0,0,0,0,0,0
2026-03-27 21:53:26.505,282.786,1143,-2,15,0,1,1,0,0,0,0,0,0
2026-03-27 21:53:26.584,282.865,1142,-2,14,0,1,1,0,0,0,0,0,0
2026-03-27 21:53:26.648,282.929,1143,-2,15,0,1,1,0,0,0,0,0,0
2026-03-27 21:53:26.744,283.025,1144,-2,15,0,1,1,0,0,0,0,0,0
2026-03-27 21:53:26.746,283.027,1144,-4,15,0,1,1,0,0,0,0,0,0
2026-03-27 21:53:26.761,283.042,1143,-5,15,0,1,1,0,0,0,0,0,0
2026-03-27 21:53:26.857,283.138,1143,-5,15,0,1,1,0,0,0,0,0,0
2026-03-27 21:53:27.048,283.329,1141,-5,14,0,1,1,0,0,0,0,0,0
2026-03-27 21:53:27.161,283.442,1143,-5,15,0,1,1,0,0,0,0,0,0
2026-03-27 21:53:27.369,283.650,1144,-2,15,0,1,1,0,0,0,0,1,0
2026-03-27 21:53:27.496,283.777,1143,-2,15,0,1,1,0,0,0,0,1,0
2026-03-27 21:53:27.592,283.873,1144,-5,14,0,1,1,0,0,0,0,1,0
2026-03-27 21:53:27.769,284.049,1142,-5,15,0,1,1,0,0,0,0,1,0
2026-03-27 21:53:27.800,284.081,1142,-2,15,0,1,1,0,0,0,0,1,0
2026-03-27 21:53:27.817,284.098,1142,-5,15,0,1,1,0,0,0,0,1,0
2026-03-27 21:53:27.976,284.257,1141,-5,14,0,1,1,0,0,0,0,1,0
2026-03-27 21:53:28.073,284.353,1141,-6,14,0,1,1,0,0,0,0,1,0
2026-03-27 21:53:28.216,284.497,1141,-3,14,0,1,1,0,0,0,0,1,0
2026-03-27 21:53:28.264,284.545,1142,-5,15,0,1,1,0,0,0,0,1,0
2026-03-27 21:53:28.440,284.721,1141,-2,14,0,1,1,0,0,0,0,1,0
2026-03-27 21:53:28.520,284.800,1142,-3,15,0,1,1,0,0,0,0,1,0
2026-03-27 21:53:28.537,284.817,1142,-2,15,0,1,1,0,0,0,0,1,0
2026-03-27 21:53:28.633,284.914,1142,-3,15,0,1,1,0,0,0,0,1,0
2026-03-27 21:53:28.635,284.916,1143,-5,15,0,1,1,0,0,0,0,1,0
2026-03-27 21:53:28.681,284.962,1142,-5,14,0,1,1,0,0,0,0,1,0
2026-03-27 21:53:28.872,285.153,1143,-2,15,0,1,1,0,0,0,0,1,0
2026-03-27 21:53:28.953,285.234,1142,-2,14,0,1,1,0,0,0,0,1,0
2026-03-27 21:53:28.955,285.236,1142,-5,15,0,1,1,0,0,0,0,1,0
2026-03-27 21:53:29.049,285.329,1143,-4,15,0,1,1,0,0,0,0,1,0
2026-03-27 21:53:29.160,285.441,1142,-3,15,0,1,1,0,0,0,0,1,0
2026-03-27 21:53:29.162,285.443,1142,-2,15,0,1,1,0,0,0,0,1,0
2026-03-27 21:53:29.240,285.521,1143,-2,15,0,1,1,0,0,0,0,1,0
2026-03-27 21:53:29.242,285.523,1143,-2,15,0,1,1,0,0,0,0,1,0
2026-03-27 21:53:29.448,285.729,1143,-2,15,0,1,1,0,0,0,0,1,0
2026-03-27 21:53:29.449,285.730,1144,-5,15,0,1,1,0,0,0,0,1,0
2026-03-27 21:53:29.464,285.745,1143,-5,15,0,1,1,0,0,0,0,1,0
2026-03-27 21:53:29.467,285.748,1141,-3,15,0,1,1,0,0,0,0,1,0
2026-03-27 21:53:29.544,285.825,1141,-3,15,0,1,1,0,0,0,0,1,0
2026-03-27 21:53:29.657,285.938,1143,-5,15,0,1,1,0,0,0,0,1,0
2026-03-27 21:53:29.752,286.033,1141,-3,15,0,1,1,0,0,0,0,1,0
2026-03-27 21:53:29.754,286.035,1141,-2,15,0,1,1,0,0,0,0,1,0
2026-03-27 21:53:29.816,286.097,1142,-5,14,0,1,1,0,0,0,0,1,0
2026-03-27 21:53:29.977,286.258,1144,-1,15,0,1,1,0,0,0,0,1,0
2026-03-27 21:53:29.979,286.260,1143,-1,15,0,1,1,0,0,0,0,1,0
2026-03-27 21:53:30.040,286.321,1143,-2,15,0,1,1,0,0,0,0,1,0
2026-03-27 21:53:30.043,286.324,1144,-2,15,0,1,1,0,0,0,0,1,0
2026-03-27 21:53:30.136,286.417,1142,-2,14,0,1,1,0,0,0,0,1,0
2026-03-27 21:53:30.232,286.513,1141,-5,15,0,1,1,0,0,0,0,1,0
2026-03-27 21:53:30.360,286.641,1142,-5,14,0,1,1,0,0,0,0,1,0
2026-03-27 21:53:30.488,286.769,1142,-2,14,0,1,1,0,0,0,0,1,0
2026-03-27 21:53:30.489,286.770,1142,-2,14,0,1,1,0,0,0,0,1,0
2026-03-27 21:53:30.505,286.785,1142,-5,15,0,1,1,0,0,0,0,1,0
2026-03-27 21:53:30.682,286.963,1142,-2,15,0,1,1,0,0,0,0,1,0
2026-03-27 21:53:30.792,287.073,1142,-3,14,0,1,1,0,0,0,0,1,0
2026-03-27 21:53:30.856,287.137,1143,-2,16,0,1,1,0,0,0,0,1,0
2026-03-27 21:53:30.968,287.249,1142,-5,15,0,1,1,0,0,0,0,1,0
2026-03-27 21:53:31.113,287.394,1143,-2,15,0,1,1,0,0,0,0,1,0
2026-03-27 21:53:31.160,287.441,1143,-2,15,0,1,1,0,0,0,0,1,0
2026-03-27 21:53:31.272,287.553,1142,-2,15,0,1,1,0,0,0,0,1,0
2026-03-27 21:53:31.369,287.650,1143,-2,15,0,1,1,0,0,0,0,1,0
2026-03-27 21:53:31.449,287.730,1142,-5,14,0,1,1,0,0,0,0,1,0
2026-03-27 21:53:31.528,287.809,1142,-5,15,0,1,1,0,0,0,0,1,0
2026-03-27 21:53:31.544,287.825,1143,-5,15,0,1,1,0,0,0,0,1,0
2026-03-27 21:53:31.657,287.937,1142,-3,15,0,1,1,0,0,0,0,1,0
2026-03-27 21:53:31.816,288.097,1143,-2,15,0,1,1,0,0,0,0,1,0
2026-03-27 21:53:31.912,288.193,1143,-5,15,0,1,1,0,0,0,0,1,0
2026-03-27 21:53:31.913,288.194,1144,-2,15,0,1,1,0,0,0,0,1,0
2026-03-27 21:53:32.024,288.305,1143,-5,15,0,1,1,0,0,0,0,1,0
2026-03-27 21:53:32.025,288.306,1143,-5,15,0,1,1,0,0,0,0,1,0
2026-03-27 21:53:32.136,288.417,1142,-3,15,0,1,1,0,0,0,0,1,0
2026-03-27 21:53:32.280,288.561,1143,-5,15,0,1,1,0,0,0,0,1,0
2026-03-27 21:53:32.360,288.641,1141,-2,14,0,1,1,0,0,0,0,1,0
2026-03-27 21:53:32.472,288.753,1142,-4,15,0,1,1,0,0,0,0,1,0
2026-03-27 21:53:32.520,288.801,1144,-5,15,0,1,1,0,0,0,0,1,0
2026-03-27 21:53:32.521,288.802,1144,-5,15,0,1,1,0,0,0,0,1,0
2026-03-27 21:53:32.696,288.977,1143,-4,15,0,1,1,0,0,0,0,1,0
2026-03-27 21:53:32.760,289.041,1142,-2,14,0,1,1,0,0,0,0,1,0
2026-03-27 21:53:32.872,289.152,1141,-2,14,0,1,1,0,0,0,0,1,0
2026-03-27 21:53:32.888,289.169,1142,-3,15,0,1,1,0,0,0,0,1,0
2026-03-27 21:53:32.890,289.171,1142,-2,14,0,1,1,0,0,0,0,1,0
2026-03-27 21:53:33.001,289.282,1142,-2,15,0,1,1,0,0,0,0,1,0
2026-03-27 21:53:33.160,289.441,1142,-3,15,0,1,1,0,0,0,0,1,0
2026-03-27 21:53:33.176,289.457,1142,-2,14,0,1,1,0,0,0,0,1,0
2026-03-27 21:53:33.304,289.585,1142,-2,15,0,1,1,0,0,0,0,1,0
2026-03-27 21:53:33.481,289.761,1142,-3,15,0,1,1,0,0,0,0,1,0
2026-03-27 21:53:33.528,289.809,1143,-2,15,0,1,1,0,0,0,0,1,0
2026-03-27 21:53:33.705,289.986,1142,-3,15,0,1,1,0,0,0,0,1,0
2026-03-27 21:53:33.707,289.988,1142,-3,15,0,1,1,0,0,0,0,1,0
2026-03-27 21:53:33.736,290.017,1142,-2,14,0,1,1,0,0,0,0,1,0
2026-03-27 21:53:33.832,290.113,1143,-2,15,0,1,1,0,0,0,0,1,0
2026-03-27 21:53:33.896,290.177,1142,-3,15,0,1,1,0,0,0,0,1,0
2026-03-27 21:53:34.072,290.353,1143,-2,15,0,1,1,0,0,0,0,1,0
2026-03-27 21:53:34.075,290.356,1142,-5,14,0,1,1,0,0,0,0,1,0
2026-03-27 21:53:34.185,290.466,1142,-2,15,0,1,1,0,0,0,0,1,0
2026-03-27 21:53:34.296,290.577,1143,-2,15,0,1,1,0,0,0,0,1,0
2026-03-27 21:53:34.440,290.721,1142,-2,15,0,1,1,0,0,0,0,1,0
2026-03-27 21:53:34.537,290.818,1143,-2,15,0,1,1,0,0,0,0,1,0
2026-03-27 21:53:34.649,290.930,1143,-2,15,0,1,1,0,0,0,0,1,0
2026-03-27 21:53:34.696,290.977,1143,-2,15,0,1,1,0,0,0,0,1,0
2026-03-27 21:53:34.824,291.105,1141,-2,15,0,1,1,0,0,0,0,1,0
2026-03-27 21:53:34.968,291.249,1143,-2,15,0,1,1,0,0,0,0,1,0
2026-03-27 21:53:35.064,291.345,1141,-3,15,0,1,1,0,0,0,0,1,0
2026-03-27 21:53:35.144,291.425,1142,-2,15,0,1,1,0,0,0,0,1,0
2026-03-27 21:53:35.289,291.569,1144,-5,15,0,1,1,0,0,0,0,1,0
2026-03-27 21:53:35.385,291.665,1143,-2,15,0,1,1,0,0,0,0,1,0
2026-03-27 21:53:35.400,291.681,1143,-5,15,0,1,1,0,0,0,0,1,0
2026-03-27 21:53:35.512,291.793,1143,-5,15,0,1,1,0,0,0,0,1,0
2026-03-27 21:53:35.608,291.889,1141,-2,15,0,1,1,0,0,0,0,1,0
2026-03-27 21:53:35.624,291.905,1142,-3,15,0,1,1,0,0,0,0,1,0
2026-03-27 21:53:35.816,292.097,1142,-3,15,0,1,1,0,0,0,0,1,0
2026-03-27 21:53:35.864,292.145,1142,-3,14,0,1,1,0,0,0,0,1,0
2026-03-27 21:53:36.008,292.288,1142,-2,14,0,1,1,0,0,0,0,1,0
2026-03-27 21:53:36.009,292.290,1142,-2,14,0,1,1,0,0,0,0,1,0
2026-03-27 21:53:36.153,292.434,1141,-2,15,0,1,1,0,0,0,0,1,0
2026-03-27 21:53:36.281,292.561,1142,-1,15,0,1,1,0,0,0,0,1,0
2026-03-27 21:53:36.297,292.578,1141,-3,15,0,1,1,0,0,0,0,1,0
2026-03-27 21:53:36.328,292.609,1141,-2,14,0,1,1,0,0,0,0,1,0
2026-03-27 21:53:36.345,292.626,1143,-2,15,0,1,1,0,0,0,0,1,0
2026-03-27 21:53:36.440,292.721,1143,-2,15,0,1,1,0,0,0,0,1,0
2026-03-27 21:53:36.520,292.801,1143,-5,15,0,1,1,0,0,0,0,1,0
2026-03-27 21:53:36.521,292.802,1143,-5,15,0,1,1,0,0,0,0,1,0
2026-03-27 21:53:36.633,292.914,1142,-5,14,0,1,1,0,0,0,0,1,0
2026-03-27 21:53:36.728,293.009,1143,-2,15,0,1,1,0,0,0,0,1,0
2026-03-27 21:53:36.730,293.011,1144,-5,15,0,1,1,0,0,0,0,1,0
2026-03-27 21:53:36.888,293.168,1142,-5,15,0,1,1,0,0,0,0,1,0
2026-03-27 21:53:36.889,293.170,1142,-5,15,0,1,1,0,0,0,0,1,0
2026-03-27 21:53:37.016,293.297,1144,-2,15,0,1,1,0,0,0,0,1,0
2026-03-27 21:53:37.064,293.345,1142,-5,14,0,1,1,0,0,0,0,1,0
2026-03-27 21:53:37.176,293.457,1143,-2,15,0,1,1,0,0,0,0,1,0
2026-03-27 21:53:37.272,293.553,1144,-2,15,0,1,1,0,0,0,0,1,0
2026-03-27 21:53:37.416,293.697,1143,-2,15,0,1,1,0,0,0,0,1,0
2026-03-27 21:53:37.560,293.841,1141,-5,14,0,1,1,0,0,0,0,1,0
2026-03-27 21:53:37.639,293.920,1142,-5,15,0,1,1,0,0,0,0,1,0
2026-03-27 21:53:37.641,293.921,1143,-5,15,0,1,1,0,0,0,0,1,0
2026-03-27 21:53:37.656,293.937,1141,-3,15,0,1,1,0,0,0,0,1,0
2026-03-27 21:53:37.767,294.048,1141,-2,15,0,1,1,0,0,0,0,1,0
2026-03-27 21:53:37.880,294.161,1143,-1,15,0,1,1,0,0,0,0,1,0
2026-03-27 21:53:37.929,294.209,1145,-2,15,0,1,1,0,0,0,0,1,0
2026-03-27 21:53:38.121,294.402,1144,-3,15,0,1,1,0,0,0,0,1,0
2026-03-27 21:53:38.168,294.449,1142,-3,15,0,1,1,0,0,0,0,1,0
2026-03-27 21:53:38.279,294.560,1141,-2,15,0,1,1,0,0,0,0,1,0
2026-03-27 21:53:38.281,294.562,1142,-5,14,0,1,1,0,0,0,0,1,0
2026-03-27 21:53:38.408,294.689,1142,-3,15,0,1,1,0,0,0,0,1,0
2026-03-27 21:53:38.425,294.706,1141,-5,15,0,1,1,0,0,0,0,1,0
2026-03-27 21:53:38.488,294.769,1141,-4,14,0,1,1,0,0,0,0,1,0
2026-03-27 21:53:38.505,294.786,1142,-2,14,0,1,1,0,0,0,0,1,0
2026-03-27 21:53:38.585,294.865,1142,-2,14,0,1,1,0,0,0,0,1,0
2026-03-27 21:53:38.586,294.867,1142,-1,15,0,0,0,1,0,0,0,0,0
2026-03-27 21:53:38.587,294.868,1142,-5,14,0,1,1,0,0,0,0,1,0
2026-03-27 21:53:38.713,294.994,1141,-2,14,0,1,1,0,0,0,0,1,0
2026-03-27 21:53:38.840,295.121,1141,-2,14,0,1,1,0,0,0,0,1,0
2026-03-27 21:53:38.842,295.123,1142,-3,14,0,1,1,0,0,0,0,1,0
2026-03-27 21:53:38.904,295.185,1143,-2,15,0,1,1,0,0,0,0,1,0
2026-03-27 21:53:38.984,295.265,1142,-3,15,0,1,1,0,0,0,0,1,0
2026-03-27 21:53:39.096,295.377,1143,-2,14,0,1,1,0,0,0,0,1,0
2026-03-27 21:53:39.240,295.521,1143,-5,15,0,1,1,0,0,0,0,1,0
2026-03-27 21:53:39.242,295.523,1143,-2,15,0,1,1,0,0,0,0,1,0
2026-03-27 21:53:39.336,295.617,1142,-2,14,0,1,1,0,0,0,0,1,0
2026-03-27 21:53:39.400,295.681,1144,-5,15,0,1,1,0,0,0,0,1,0
2026-03-27 21:53:39.544,295.825,1142,-5,14,0,1,1,0,0,0,0,1,0
2026-03-27 21:53:39.624,295.905,1143,-5,15,0,1,1,0,0,0,0,1,0
2026-03-27 21:53:39.736,296.016,1142,-5,14,0,1,1,0,0,0,0,1,0
2026-03-27 21:53:39.832,296.113,1143,-3,15,0,1,1,0,0,0,0,1,0
2026-03-27 21:53:39.833,296.114,1144,-2,15,0,1,1,0,0,0,0,1,0
2026-03-27 21:53:39.911,296.192,1144,-2,15,0,1,1,0,0,0,0,1,0
2026-03-27 21:53:39.913,296.194,1144,-2,15,0,1,1,0,0,0,0,1,0
2026-03-27 21:53:39.914,296.195,1142,-3,15,0,1,1,0,0,0,0,1,0
2026-03-27 21:53:40.056,296.337,1143,-2,15,0,1,1,0,0,0,0,1,0
2026-03-27 21:53:40.119,296.400,1141,-2,14,0,1,1,0,0,0,0,1,0
2026-03-27 21:53:40.121,296.402,1141,-2,14,0,1,1,0,0,0,0,1,0
2026-03-27 21:53:40.232,296.513,1143,-2,15,0,1,1,0,0,0,0,1,0
2026-03-27 21:53:40.360,296.641,1142,-2,14,0,1,1,0,0,0,0,1,0
2026-03-27 21:53:40.440,296.721,1143,-2,15,0,1,1,0,0,0,0,1,0
2026-03-27 21:53:40.519,296.800,1144,-2,15,0,1,1,0,0,0,0,1,0
2026-03-27 21:53:40.536,296.817,1144,-2,15,0,1,1,0,0,0,0,1,0
2026-03-27 21:53:40.537,296.818,1143,-2,15,0,1,1,0,0,0,0,1,0
2026-03-27 21:53:40.680,296.961,1144,-2,15,0,1,1,0,0,0,0,1,0
2026-03-27 21:53:40.696,296.977,1143,-5,14,0,1,1,0,0,0,0,1,0
2026-03-27 21:53:40.760,297.041,1143,-2,14,0,1,1,0,0,0,0,1,0
2026-03-27 21:53:40.824,297.105,1141,-3,15,0,1,1,0,0,0,0,1,0
2026-03-27 21:53:41.016,297.297,1142,-2,15,0,1,1,0,0,0,0,1,0
2026-03-27 21:53:41.079,297.360,1141,-5,14,0,1,1,0,0,0,0,1,0
2026-03-27 21:53:41.080,297.361,1142,-5,15,0,1,1,0,0,0,0,1,0
2026-03-27 21:53:41.111,297.392,1142,-3,14,0,1,1,0,0,0,0,1,0
2026-03-27 21:53:41.113,297.394,1142,-3,14,0,1,1,0,0,0,0,1,0
2026-03-27 21:53:41.115,297.396,1142,-2,14,0,1,1,0,0,0,0,1,0
2026-03-27 21:53:41.272,297.553,1141,-2,15,0,1,1,0,0,0,0,1,0
2026-03-27 21:53:41.368,297.649,1142,-5,14,0,1,1,0,0,0,0,1,0
2026-03-27 21:53:41.480,297.761,1142,-4,15,0,1,1,0,0,0,0,1,0
2026-03-27 21:53:41.560,297.841,1142,-3,14,0,1,1,0,0,0,0,1,0
2026-03-27 21:53:41.751,298.032,1143,-2,15,0,1,1,0,0,0,0,1,0
2026-03-27 21:53:41.864,298.144,1142,-3,15,0,1,1,0,0,0,0,1,0
2026-03-27 21:53:41.928,298.209,1143,-2,15,0,1,1,0,0,0,0,1,0
2026-03-27 21:53:42.071,298.352,1142,-3,15,0,1,1,0,0,0,0,1,0
2026-03-27 21:53:42.088,298.369,1142,-3,15,0,1,1,0,0,0,0,1,0
2026-03-27 21:53:42.151,298.432,1143,-2,15,0,1,1,0,0,0,0,1,0
2026-03-27 21:53:42.153,298.434,1145,-2,15,0,1,1,0,0,0,0,1,0
2026-03-27 21:53:42.153,298.434,1144,0,0,0,0,0,0,0,0,0,0,0
2026-03-27 21:53:42.155,298.435,1142,-5,14,0,1,1,0,0,0,0,1,0
2026-03-27 21:53:42.280,298.560,1141,-5,14,0,1,1,0,0,0,0,1,0
2026-03-27 21:53:42.407,298.688,1143,-2,15,0,1,1,0,0,0,0,1,0
2026-03-27 21:53:42.472,298.752,1143,-2,15,0,1,1,0,0,0,0,1,0
2026-03-27 21:53:42.487,298.768,1144,-2,15,0,1,1,0,0,0,0,1,0
2026-03-27 21:53:42.551,298.832,1143,-5,15,0,1,1,0,0,0,0,1,0
2026-03-27 21:53:42.616,298.897,1141,-2,14,0,1,1,0,0,0,0,1,0
2026-03-27 21:53:42.711,298.992,1143,-2,15,0,1,1,0,0,0,0,1,0
2026-03-27 21:53:42.871,299.152,1142,-3,15,0,1,1,0,0,0,0,1,0
2026-03-27 21:53:42.936,299.217,1143,-2,15,0,1,1,0,0,0,0,1,0
2026-03-27 21:53:43.079,299.360,1144,-2,15,0,1,1,0,0,0,0,1,0
2026-03-27 21:53:43.081,299.362,1144,-2,15,0,1,1,0,0,0,0,1,0
2026-03-27 21:53:43.111,299.392,1143,-2,15,0,1,1,0,0,0,0,1,0
2026-03-27 21:53:43.112,299.393,1144,-2,15,0,1,1,0,0,0,0,1,0
2026-03-27 21:53:43.114,299.395,1142,-2,15,0,1,1,0,0,0,0,1,0
2026-03-27 21:53:43.448,299.729,1142,-5,15,0,1,1,0,0,0,0,1,0
2026-03-27 21:53:43.592,299.873,1142,-5,15,0,1,1,0,0,0,0,1,0
2026-03-27 21:53:43.640,299.921,1142,-2,15,0,1,1,0,0,0,0,1,0
2026-03-27 21:53:43.848,300.129,1142,-5,14,0,1,1,0,0,0,0,1,0
2026-03-27 21:53:43.880,300.161,1142,-2,14,0,1,1,0,0,0,0,1,0
2026-03-27 21:53:43.943,300.224,1143,-1,15,0,1,1,0,0,0,0,1,0
2026-03-27 21:53:44.104,300.385,1142,-2,14,0,1,1,0,0,0,0,1,0
2026-03-27 21:53:44.200,300.481,1142,-2,15,0,1,1,0,0,0,0,1,0
2026-03-27 21:53:44.344,300.625,1143,-2,14,0,1,1,0,0,0,0,1,0
2026-03-27 21:53:44.376,300.656,1142,-2,14,0,1,1,0,0,0,0,1,0
2026-03-27 21:53:44.584,300.865,1143,-2,15,0,1,1,0,0,0,0,1,0
2026-03-27 21:53:44.586,300.867,1142,-5,14,0,1,1,0,0,0,0,1,0
2026-03-27 21:53:44.632,300.913,1141,-5,14,0,1,1,0,0,0,0,1,0
2026-03-27 21:53:44.664,300.945,1143,-2,15,0,1,1,0,0,0,0,1,0
2026-03-27 21:53:44.775,301.056,1141,-3,14,0,1,1,0,0,0,0,1,0
2026-03-27 21:53:44.855,301.136,1143,-2,15,0,1,1,0,0,0,0,1,0
2026-03-27 21:53:44.858,301.139,1143,-2,15,0,1,1,0,0,0,0,1,0
2026-03-27 21:53:44.984,301.265,1143,-2,15,0,1,1,0,0,0,0,1,0
2026-03-27 21:53:45.128,301.409,1142,-2,14,0,1,1,0,0,0,0,1,0
2026-03-27 21:53:45.175,301.456,1141,-3,14,0,1,1,0,0,0,0,1,0
2026-03-27 21:53:45.177,301.458,1141,-2,14,0,1,1,0,0,0,0,1,0
2026-03-27 21:53:45.177,301.458,1141,0,0,0,0,0,0,0,0,0,0,0
2026-03-27 21:53:45.178,301.459,1142,-3,15,0,1,1,0,0,0,0,1,0
2026-03-27 21:53:45.272,301.553,1143,-2,14,0,1,1,0,0,0,0,1,0
2026-03-27 21:53:45.367,301.648,1141,-2,14,0,1,1,0,0,0,0,1,0
2026-03-27 21:53:45.383,301.664,1141,-2,14,0,1,1,0,0,0,0,1,0
2026-03-27 21:53:45.431,301.712,1142,-2,15,0,1,1,0,0,0,0,1,0
2026-03-27 21:53:45.449,301.730,1144,-2,15,0,1,1,0,0,0,0,1,0
2026-03-27 21:53:45.592,301.872,1144,-2,15,0,1,1,0,0,0,0,1,0
2026-03-27 21:53:45.655,301.936,1144,-2,15,0,1,1,0,0,0,0,1,0
2026-03-27 21:53:45.799,302.080,1143,-3,15,0,1,1,0,0,0,0,1,0
2026-03-27 21:53:45.817,302.098,1142,-2,14,0,1,1,0,0,0,0,1,0
2026-03-27 21:53:45.928,302.209,1142,-2,14,0,1,1,0,0,0,0,1,0
2026-03-27 21:53:46.087,302.368,1143,-5,15,0,1,1,0,0,0,0,1,0
2026-03-27 21:53:46.090,302.370,1141,-2,15,0,1,1,0,0,0,0,1,0
2026-03-27 21:53:46.199,302.480,1142,-3,15,0,1,1,0,0,0,0,1,0
2026-03-27 21:53:46.201,302.482,1142,-2,15,0,1,1,0,0,0,0,1,0
2026-03-27 21:53:46.279,302.560,1142,-2,14,0,1,1,0,0,0,0,1,0
2026-03-27 21:53:46.391,302.672,1143,-2,14,0,1,1,0,0,0,0,1,0
2026-03-27 21:53:46.409,302.690,1142,-2,15,0,1,1,0,0,0,0,1,0
2026-03-27 21:53:46.455,302.736,1142,-2,14,0,1,1,0,0,0,0,1,0
2026-03-27 21:53:46.584,302.865,1143,-2,15,0,1,1,0,0,0,0,1,0
2026-03-27 21:53:46.664,302.945,1141,-3,15,0,1,1,0,0,0,0,1,0
2026-03-27 21:53:46.808,303.089,1142,-2,15,0,1,1,0,0,0,0,1,0
2026-03-27 21:53:46.856,303.137,1143,-2,15,0,1,1,0,0,0,0,1,0
2026-03-27 21:53:47.000,303.281,1142,-3,14,0,1,1,0,0,0,0,1,0
2026-03-27 21:53:47.080,303.361,1144,-1,15,0,1,1,0,0,0,0,1,0
2026-03-27 21:53:47.082,303.363,1142,-2,14,0,1,1,0,0,0,0,1,0
2026-03-27 21:53:47.256,303.537,1142,-2,14,0,1,1,0,0,0,0,1,0
2026-03-27 21:53:47.319,303.600,1143,-2,15,0,1,1,0,0,0,0,1,0
2026-03-27 21:53:47.447,303.728,1142,-2,15,0,1,1,0,0,0,0,1,0
2026-03-27 21:53:47.528,303.809,1143,-2,15,0,1,1,0,0,0,0,1,0
2026-03-27 21:53:47.576,303.856,1143,-2,15,0,1,1,0,0,0,0,1,0
2026-03-27 21:53:47.800,304.081,1143,-2,15,0,1,1,0,0,0,0,1,0
2026-03-27 21:53:47.816,304.096,1141,-2,15,0,1,1,0,0,0,0,1,0
2026-03-27 21:53:47.927,304.208,1141,-2,14,0,1,1,0,0,0,1,1,0
2026-03-27 21:53:47.929,304.210,1141,-5,14,0,1,1,0,0,0,1,1,0
2026-03-27 21:53:48.023,304.304,1142,-2,15,0,1,1,0,0,0,1,1,0
2026-03-27 21:53:48.040,304.320,1143,-2,15,0,1,1,0,0,0,1,1,0
2026-03-27 21:53:48.232,304.513,1144,-2,15,0,1,1,0,0,0,1,1,0
2026-03-27 21:53:48.343,304.624,1144,-2,15,0,1,1,0,0,0,1,1,0
2026-03-27 21:53:48.407,304.688,1143,-2,14,0,1,1,0,0,0,1,1,0
2026-03-27 21:53:48.583,304.864,1142,-5,15,0,1,1,0,0,0,1,1,0
2026-03-27 21:53:48.586,304.867,1142,-3,14,0,1,1,0,0,0,1,1,0
2026-03-27 21:53:48.616,304.897,1143,-2,15,0,1,1,0,0,0,1,1,0
2026-03-27 21:53:48.759,305.040,1142,-3,14,0,1,1,0,0,0,1,1,0
2026-03-27 21:53:48.824,305.105,1142,-5,14,0,1,1,0,0,0,1,1,0
2026-03-27 21:53:49.016,305.297,1142,-3,14,0,1,1,0,0,0,1,1,0
2026-03-27 21:53:49.031,305.312,1142,-2,14,0,1,1,0,0,0,1,1,0
2026-03-27 21:53:49.047,305.328,1142,-3,15,0,1,1,0,0,0,1,1,0
2026-03-27 21:53:49.063,305.344,1142,-2,15,0,1,1,0,0,0,1,1,0
2026-03-27 21:53:49.159,305.440,1143,-2,15,0,1,1,0,0,0,1,1,0
2026-03-27 21:53:49.271,305.552,1142,-3,14,0,1,1,0,0,0,1,1,0
2026-03-27 21:53:49.463,305.744,1142,-2,14,0,1,1,0,0,0,1,1,0
2026-03-27 21:53:49.464,305.745,1143,-2,14,0,1,1,0,0,0,1,1,0
2026-03-27 21:53:49.511,305.791,1143,-2,15,0,1,1,0,0,0,1,1,0
2026-03-27 21:53:49.527,305.808,1143,-2,15,0,1,1,0,0,0,1,1,0
2026-03-27 21:53:49.639,305.920,1142,-3,14,0,1,1,0,0,0,1,1,0
2026-03-27 21:53:49.750,306.031,1144,-4,15,0,1,1,0,0,0,1,1,0
2026-03-27 21:53:49.880,306.161,1142,-2,14,0,1,1,0,0,0,1,1,0
2026-03-27 21:53:49.992,306.273,1143,-2,15,0,1,1,0,0,0,1,1,0
2026-03-27 21:53:50.055,306.336,1142,-3,14,0,1,1,0,0,0,1,1,0
2026-03-27 21:53:50.263,306.544,1143,-5,15,0,1,1,0,0,0,1,1,0
2026-03-27 21:53:50.407,306.688,1144,-2,15,0,1,1,0,0,0,1,1,0
2026-03-27 21:53:50.519,306.800,1141,-3,14,0,1,1,0,0,0,0,1,0
2026-03-27 21:53:50.600,306.880,1142,-2,15,0,1,1,0,0,0,0,1,0
2026-03-27 21:53:50.602,306.883,1141,-3,14,0,1,1,0,0,0,0,1,0
2026-03-27 21:53:50.775,307.056,1141,-2,14,0,1,1,0,0,0,0,1,0
2026-03-27 21:53:50.919,307.200,1142,-5,15,0,1,1,0,0,0,0,1,0
2026-03-27 21:53:50.999,307.280,1143,-2,15,0,1,1,0,0,0,0,1,0
2026-03-27 21:53:51.159,307.440,1145,-2,15,0,1,1,0,0,0,0,1,0
2026-03-27 21:53:51.255,307.536,1142,-2,14,0,1,1,0,0,0,0,1,0
2026-03-27 21:53:51.271,307.552,1141,-2,14,0,1,1,0,0,0,0,1,0
2026-03-27 21:53:51.351,307.632,1142,-2,14,0,1,1,0,0,0,0,1,0
2026-03-27 21:53:51.399,307.680,1142,-3,14,0,1,1,0,0,0,0,1,0
2026-03-27 21:53:51.511,307.792,1141,-2,14,0,1,1,0,0,0,0,1,0
2026-03-27 21:53:51.623,307.904,1142,-2,14,0,1,1,0,0,0,0,1,0
2026-03-27 21:53:51.735,308.016,1141,-2,14,0,1,1,0,0,0,0,1,0
2026-03-27 21:53:51.847,308.128,1141,-3,15,0,1,1,0,0,0,0,1,0
2026-03-27 21:53:51.959,308.240,1142,-4,15,0,1,1,0,0,0,0,1,0
2026-03-27 21:53:52.039,308.320,1141,-2,14,0,1,1,0,0,0,0,1,0
2026-03-27 21:53:52.151,308.432,1142,-2,15,0,1,1,0,0,0,0,1,0
2026-03-27 21:53:52.295,308.576,1143,-5,15,0,1,1,0,0,0,0,1,0
2026-03-27 21:53:52.344,308.625,1143,-3,15,0,1,1,0,0,0,0,1,0
2026-03-27 21:53:52.519,308.800,1144,-4,15,0,1,1,0,0,0,0,1,0
2026-03-27 21:53:52.583,308.864,1141,-3,14,0,1,1,0,0,0,0,1,0
2026-03-27 21:53:52.679,308.960,1143,-2,15,0,1,1,0,0,0,0,1,0
2026-03-27 21:53:52.682,308.963,1141,-5,14,0,1,1,0,0,0,0,1,0
2026-03-27 21:53:52.824,309.104,1141,-2,14,0,1,1,0,0,0,0,1,0
2026-03-27 21:53:52.935,309.215,1143,-2,15,0,1,1,0,0,0,0,1,0
2026-03-27 21:53:52.936,309.217,1144,-2,15,0,1,1,0,0,0,0,1,0
2026-03-27 21:53:52.952,309.233,1143,-5,15,0,1,1,0,0,0,0,1,0
2026-03-27 21:53:53.015,309.296,1144,-5,14,0,1,1,0,0,0,0,1,0
2026-03-27 21:53:53.159,309.440,1144,-2,15,0,1,1,0,0,0,0,1,0
2026-03-27 21:53:53.272,309.553,1142,-5,15,0,1,1,0,0,0,0,1,0
2026-03-27 21:53:53.306,309.586,1143,-5,15,0,1,1,0,0,0,0,1,0
2026-03-27 21:53:53.351,309.632,1143,-5,15,0,1,1,0,0,0,0,1,0
2026-03-27 21:53:53.446,309.727,1141,-2,14,0,1,1,0,0,0,0,1,0
2026-03-27 21:53:53.527,309.808,1143,-2,15,0,1,1,0,0,0,0,1,0
2026-03-27 21:53:53.592,309.873,1144,-2,15,0,1,1,0,0,0,0,1,0
2026-03-27 21:53:53.607,309.888,1144,-5,15,0,1,1,0,0,0,0,1,0
2026-03-27 21:53:53.703,309.984,1144,-5,15,0,1,1,0,0,0,0,1,0
2026-03-27 21:53:53.815,310.096,1142,-3,15,0,1,1,0,0,0,0,1,0
2026-03-27 21:53:53.959,310.240,1142,-5,15,0,1,1,0,0,0,0,1,0
2026-03-27 21:53:53.991,310.271,1144,-3,15,0,1,1,0,0,0,0,1,0
2026-03-27 21:53:54.103,310.384,1141,-2,15,0,1,1,0,0,0,0,1,0
2026-03-27 21:53:54.106,310.386,1143,-5,14,0,1,1,0,0,0,0,1,0
2026-03-27 21:53:54.183,310.464,1142,-5,15,0,1,1,0,0,0,0,1,0
2026-03-27 21:53:54.311,310.592,1142,-3,15,0,1,1,0,0,0,0,1,0
2026-03-27 21:53:54.438,310.719,1142,-2,14,0,1,1,0,0,0,0,1,0
2026-03-27 21:53:54.440,310.721,1142,-2,15,0,1,1,0,0,0,0,1,0
2026-03-27 21:53:54.441,310.722,1142,0,0,0,0,0,0,0,0,0,1,0
2026-03-27 21:53:54.470,310.751,1143,-2,15,0,1,1,0,0,0,0,1,0
2026-03-27 21:53:54.472,310.753,1143,-4,15,0,1,1,0,0,0,0,1,0
2026-03-27 21:53:54.614,310.895,1142,-3,14,0,1,1,0,0,0,0,1,0
2026-03-27 21:53:54.616,310.897,1142,-2,15,0,1,1,0,0,0,0,1,0
2026-03-27 21:53:54.743,311.024,1142,-5,15,0,1,1,0,0,0,0,1,0
2026-03-27 21:53:54.745,311.026,1143,-5,15,0,1,1,0,0,0,0,1,0
2026-03-27 21:53:54.823,311.104,1143,-2,15,0,1,1,0,0,0,0,1,0
2026-03-27 21:53:54.983,311.264,1142,-2,14,0,1,1,0,0,0,0,1,0
2026-03-27 21:53:55.078,311.359,1144,-4,15,0,1,1,0,0,0,0,1,0
2026-03-27 21:53:55.207,311.488,1143,-5,14,0,1,1,0,0,0,0,1,0
2026-03-27 21:53:55.255,311.536,1142,-2,15,0,1,1,0,0,0,0,1,0
2026-03-27 21:53:55.351,311.632,1142,-6,14,0,1,1,0,0,0,0,1,0
2026-03-27 21:53:55.463,311.744,1143,-5,15,0,1,1,0,0,0,0,1,0
2026-03-27 21:53:55.591,311.872,1143,-2,15,0,1,1,0,0,0,0,1,0
2026-03-27 21:53:55.607,311.888,1143,-5,14,0,1,1,0,0,0,0,1,0
2026-03-27 21:53:55.639,311.920,1143,-2,15,0,1,1,0,0,0,0,1,0
2026-03-27 21:53:55.703,311.984,1141,-2,14,0,1,1,0,0,0,0,1,0
2026-03-27 21:53:55.783,312.064,1143,-5,15,0,1,1,0,0,0,0,1,0
2026-03-27 21:53:55.784,312.065,1144,-5,15,0,1,1,0,0,0,0,1,0
2026-03-27 21:53:55.942,312.223,1142,-5,15,0,1,1,0,0,0,0,1,0
2026-03-27 21:53:55.944,312.224,1142,-2,14,0,1,1,0,0,0,0,1,0
2026-03-27 21:53:56.023,312.304,1143,-2,15,0,1,1,0,0,0,0,1,0
2026-03-27 21:53:56.135,312.416,1144,-4,15,0,1,1,0,0,0,0,1,0
2026-03-27 21:53:56.232,312.513,1144,-2,15,0,1,1,0,0,0,0,1,0
2026-03-27 21:53:56.342,312.623,1143,-5,15,0,1,1,0,0,0,0,1,0
2026-03-27 21:53:56.391,312.672,1142,-5,15,0,1,1,0,0,0,0,1,0
2026-03-27 21:53:56.535,312.816,1143,-5,15,0,1,1,0,0,0,0,1,0
2026-03-27 21:53:56.599,312.880,1142,-2,15,0,1,1,0,0,0,0,1,0
2026-03-27 21:53:56.600,312.881,1142,-2,15,0,1,1,0,0,0,0,1,0
2026-03-27 21:53:56.903,313.184,1142,-2,15,0,1,1,0,0,0,0,1,0
2026-03-27 21:53:57.046,313.327,1143,-1,15,0,1,1,0,0,0,0,1,0
2026-03-27 21:53:57.047,313.328,1143,-2,15,0,1,1,0,0,0,0,1,0
2026-03-27 21:53:57.049,313.330,1142,-3,15,0,1,1,0,0,0,0,1,0
2026-03-27 21:53:57.079,313.360,1142,-2,15,0,1,1,0,0,0,0,1,0
2026-03-27 21:53:57.110,313.391,1143,-5,15,0,1,1,0,0,0,0,1,0
2026-03-27 21:53:57.112,313.393,1143,-4,15,0,1,1,0,0,0,0,1,0
2026-03-27 21:53:57.126,313.407,1143,-2,15,0,1,1,0,0,0,0,1,0
2026-03-27 21:53:57.303,313.584,1143,-2,15,0,1,1,0,0,0,0,1,0
2026-03-27 21:53:57.414,313.695,1142,-5,14,0,1,1,0,0,0,0,1,0
2026-03-27 21:53:57.463,313.743,1144,-2,16,0,1,1,0,0,0,0,1,0
2026-03-27 21:53:57.527,313.808,1143,-2,14,0,1,1,0,0,0,0,1,0
2026-03-27 21:53:57.655,313.936,1143,-2,15,0,1,1,0,0,0,0,1,0
2026-03-27 21:53:57.815,314.096,1142,-3,15,0,1,1,0,0,0,0,1,0
2026-03-27 21:53:57.960,314.240,1143,-4,15,0,1,1,0,0,0,0,1,0
2026-03-27 21:53:58.007,314.288,1144,-2,15,0,1,1,0,0,0,0,1,0
2026-03-27 21:53:58.087,314.368,1141,-2,14,0,1,1,0,0,0,0,1,0
2026-03-27 21:53:58.311,314.591,1143,-2,15,0,1,1,0,0,0,0,1,0
2026-03-27 21:53:58.313,314.594,1141,-2,14,0,1,1,0,0,0,0,1,0
2026-03-27 21:53:58.359,314.640,1141,-3,15,0,1,1,0,0,0,0,1,0
2026-03-27 21:53:58.455,314.736,1143,-2,15,0,1,1,0,0,0,0,1,0
2026-03-27 21:53:58.535,314.816,1144,-2,15,0,1,1,0,0,0,0,1,0
2026-03-27 21:53:58.647,314.928,1144,-1,15,0,1,1,0,0,0,0,1,0
2026-03-27 21:53:58.743,315.023,1142,-2,15,0,1,1,0,0,0,0,1,0
2026-03-27 21:53:58.919,315.200,1142,-5,15,0,1,1,0,0,0,0,1,0
2026-03-27 21:53:59.079,315.360,1143,-5,15,0,1,1,0,0,0,0,1,0
2026-03-27 21:53:59.095,315.376,1143,-2,14,0,1,1,0,0,0,0,1,0
2026-03-27 21:53:59.143,315.424,1142,-5,15,0,1,1,0,0,0,0,1,0
2026-03-27 21:53:59.159,315.440,1142,-3,15,0,1,1,0,0,0,0,1,0
2026-03-27 21:53:59.271,315.552,1142,-2,14,0,1,1,0,0,0,0,1,0
2026-03-27 21:53:59.351,315.632,1142,-3,15,0,1,1,0,0,0,0,1,0
2026-03-27 21:53:59.431,315.712,1142,-3,15,0,1,1,0,0,0,0,1,0
2026-03-27 21:53:59.575,315.856,1144,-2,15,0,1,1,0,0,0,0,1,0
2026-03-27 21:53:59.671,315.952,1142,-2,14,0,1,1,0,0,0,0,1,0
2026-03-27 21:53:59.799,316.080,1142,-5,15,0,1,1,0,0,0,0,1,0
2026-03-27 21:53:59.878,316.159,1142,-5,14,0,1,1,0,0,0,0,1,0
2026-03-27 21:53:59.894,316.175,1143,-5,15,0,1,1,0,0,0,0,1,0
2026-03-27 21:53:59.992,316.272,1142,-5,14,0,1,1,0,0,0,0,1,0
2026-03-27 21:54:00.071,316.352,1143,-2,15,0,1,1,0,0,0,0,1,0
2026-03-27 21:54:00.089,316.370,1141,-2,14,0,1,1,0,0,0,0,1,0
2026-03-27 21:54:00.231,316.512,1141,-5,14,0,1,1,0,0,0,0,1,0
2026-03-27 21:54:00.295,316.575,1142,-2,15,0,1,1,0,0,0,0,1,0
2026-03-27 21:54:00.358,316.639,1142,-2,14,0,1,1,0,0,0,0,1,0
2026-03-27 21:54:00.360,316.641,1142,-5,14,0,1,1,0,0,0,0,1,0
2026-03-27 21:54:00.487,316.767,1143,-5,15,0,1,1,0,0,0,0,1,0
2026-03-27 21:54:00.599,316.880,1143,-5,15,0,1,1,0,0,0,0,1,0
2026-03-27 21:54:00.601,316.881,1144,-2,15,0,1,1,0,0,0,0,1,0
2026-03-27 21:54:00.711,316.992,1144,-2,15,0,1,1,0,0,0,0,1,0
2026-03-27 21:54:00.774,317.055,1142,-2,15,0,1,1,0,0,0,0,1,0
2026-03-27 21:54:00.791,317.072,1142,-2,15,0,1,1,0,0,0,0,1,0
2026-03-27 21:54:00.792,317.073,0,0,0,0,0,0,0,0,0,0,1,0
2026-03-27 21:54:00.902,317.183,1143,-2,15,0,1,1,0,0,0,0,1,0
2026-03-27 21:54:00.903,317.184,1143,-4,15,0,1,1,0,0,0,0,1,0
2026-03-27 21:54:00.967,317.248,1141,-5,14,0,1,1,0,0,0,0,1,0
2026-03-27 21:54:01.031,317.312,1143,-2,14,0,1,1,0,0,0,0,1,0
2026-03-27 21:54:01.047,317.327,1143,-2,14,0,1,1,0,0,0,0,1,0
2026-03-27 21:54:01.206,317.487,1144,-2,15,0,1,1,0,0,0,0,1,0
2026-03-27 21:54:01.239,317.520,1144,-5,15,0,1,1,0,0,0,0,1,0
2026-03-27 21:54:01.240,317.521,1144,-2,15,0,1,1,0,0,0,0,1,0
2026-03-27 21:54:01.255,317.536,1143,-2,15,0,1,1,0,0,0,0,1,0
2026-03-27 21:54:01.399,317.680,1143,-3,15,0,1,1,0,0,0,0,1,0
2026-03-27 21:54:01.401,317.682,1142,-5,15,0,1,1,0,0,0,0,1,0
2026-03-27 21:54:01.511,317.792,1142,-5,15,0,1,1,0,0,0,0,1,0
2026-03-27 21:54:01.558,317.839,1143,-2,15,0,1,1,0,0,0,0,1,0
2026-03-27 21:54:01.703,317.984,1142,-2,14,0,1,1,0,0,0,0,1,0
2026-03-27 21:54:01.750,318.031,1142,-5,14,0,1,1,0,0,0,0,1,0
2026-03-27 21:54:01.878,318.159,1143,-3,15,0,1,1,0,0,0,0,1,0
2026-03-27 21:54:01.894,318.175,1143,-2,14,0,1,1,0,0,0,0,1,0
2026-03-27 21:54:02.038,318.319,1143,-2,15,0,1,1,0,0,0,0,1,0
2026-03-27 21:54:02.182,318.463,1143,-1,15,0,1,1,0,0,0,0,1,0
2026-03-27 21:54:02.343,318.624,1142,-2,15,0,1,1,0,0,0,0,1,0
2026-03-27 21:54:02.470,318.751,1143,-2,15,0,1,1,0,0,0,0,1,0
2026-03-27 21:54:02.599,318.880,1142,-2,14,0,1,1,0,0,0,0,0,0
2026-03-27 21:54:02.678,318.959,1144,-1,15,0,1,1,0,0,0,0,0,0
2026-03-27 21:54:02.743,319.024,1142,-2,15,0,1,1,0,0,0,0,0,0
2026-03-27 21:54:02.854,319.135,1143,-2,15,0,1,1,0,0,0,0,0,0
2026-03-27 21:54:02.902,319.183,1142,-2,14,0,1,1,0,0,0,0,0,0
2026-03-27 21:54:03.047,319.327,1143,-5,15,0,1,1,0,0,0,0,0,0
2026-03-27 21:54:03.110,319.391,1143,-1,15,0,1,1,0,0,0,0,0,0
2026-03-27 21:54:03.287,319.568,1143,-2,15,0,1,1,0,0,0,0,0,0
2026-03-27 21:54:03.367,319.648,1141,-2,15,0,1,1,0,0,0,0,0,0
2026-03-27 21:54:03.369,319.650,1143,-4,15,0,1,1,0,0,0,0,0,0
2026-03-27 21:54:03.495,319.776,1143,-4,15,0,1,1,0,0,0,0,0,0
2026-03-27 21:54:03.591,319.872,1142,-5,15,0,1,1,0,0,0,0,0,0
2026-03-27 21:54:03.783,320.064,1144,-2,15,0,1,1,0,0,0,1,0,0
2026-03-27 21:54:03.847,320.128,1144,-2,15,0,1,1,0,0,0,1,0,0
2026-03-27 21:54:03.878,320.159,1142,-2,15,0,1,1,0,0,0,1,0,0
2026-03-27 21:54:04.006,320.287,1143,-3,15,0,1,1,0,0,0,1,0,0
2026-03-27 21:54:04.119,320.400,1143,-5,14,0,1,1,0,0,0,1,0,0
2026-03-27 21:54:04.231,320.512,1142,-2,14,0,1,1,0,0,0,1,0,0
2026-03-27 21:54:04.310,320.591,1143,-3,15,0,1,1,0,0,0,1,0,0
2026-03-27 21:54:04.327,320.608,1142,-2,14,0,1,1,0,0,0,1,0,0
2026-03-27 21:54:04.471,320.752,1141,-3,14,0,1,1,0,0,0,1,0,0
2026-03-27 21:54:04.486,320.767,1142,-2,15,0,10,1,0,0,0,0,0,0
2026-03-27 21:54:04.488,320.769,1142,-2,14,0,1,1,0,0,0,1,0,0
2026-03-27 21:54:04.631,320.912,1142,-3,15,0,1,1,0,0,0,1,0,0
2026-03-27 21:54:04.726,321.007,1143,-2,15,0,1,1,0,0,0,1,0,0
2026-03-27 21:54:04.807,321.088,1142,-5,15,0,1,1,0,0,0,1,0,0
2026-03-27 21:54:04.809,321.090,1141,-5,14,0,1,1,0,0,0,1,0,0
2026-03-27 21:54:04.967,321.248,1142,-2,15,0,1,1,0,0,0,1,0,0
2026-03-27 21:54:04.968,321.249,1143,-3,15,0,1,1,0,0,0,1,0,0
2026-03-27 21:54:04.998,321.279,1143,-2,15,0,1,1,0,0,0,1,0,0
2026-03-27 21:54:05.000,321.281,1143,-2,15,0,1,1,0,0,0,1,0,0
2026-03-27 21:54:05.015,321.296,1142,-2,14,0,1,1,0,0,0,1,0,0
2026-03-27 21:54:05.127,321.408,1142,-2,14,0,1,1,0,0,0,1,0,0
2026-03-27 21:54:05.270,321.551,1144,-1,15,0,1,1,0,0,0,1,0,0
2026-03-27 21:54:05.399,321.680,1142,-2,15,0,1,1,0,0,0,1,0,0
2026-03-27 21:54:05.463,321.743,1142,-5,14,0,1,1,0,0,1,1,0,0
2026-03-27 21:54:05.591,321.872,1143,-5,15,0,1,1,0,0,1,1,0,0
2026-03-27 21:54:05.702,321.983,1143,-2,15,0,1,1,0,0,1,1,0,0
2026-03-27 21:54:05.705,321.986,1143,-2,15,0,1,1,0,0,1,1,0,0
2026-03-27 21:54:05.783,322.064,1143,-3,14,0,1,1,0,0,1,1,0,0
2026-03-27 21:54:05.784,322.065,1142,-2,14,0,0,1,0,0,0,0,0,0
2026-03-27 21:54:05.786,322.067,1141,-3,14,0,1,1,0,0,1,1,0,0
2026-03-27 21:54:05.847,322.128,1141,-3,15,0,1,1,0,0,1,1,0,0
2026-03-27 21:54:05.849,322.130,1142,-2,15,0,1,1,0,0,1,1,0,0
2026-03-27 21:54:05.991,322.272,1143,-2,15,0,1,1,0,0,1,1,0,0
2026-03-27 21:54:06.102,322.383,1142,-1,15,0,1,1,0,0,1,1,0,0
2026-03-27 21:54:06.167,322.448,1142,-2,15,0,1,1,0,0,1,1,0,0
2026-03-27 21:54:06.294,322.575,1144,-2,15,0,1,1,0,0,1,1,0,0
2026-03-27 21:54:06.358,322.639,1144,-2,15,0,1,1,0,0,1,1,0,0
2026-03-27 21:54:06.486,322.767,1142,-5,15,0,1,1,0,0,1,1,0,0
2026-03-27 21:54:06.566,322.847,1142,-2,15,0,1,1,0,0,1,1,0,0
2026-03-27 21:54:06.663,322.944,1142,-2,15,0,1,1,0,0,1,1,0,0
2026-03-27 21:54:06.790,323.071,1142,-2,14,0,1,1,0,0,1,1,0,0
2026-03-27 21:54:06.951,323.231,1142,-5,15,0,1,1,0,0,1,1,0,0
2026-03-27 21:54:06.982,323.263,1142,-2,14,0,1,1,0,0,1,1,0,0
2026-03-27 21:54:07.078,323.359,1142,-5,14,0,1,1,0,0,1,1,0,0
2026-03-27 21:54:07.094,323.375,1142,-5,14,0,1,1,0,0,1,1,0,0
2026-03-27 21:54:07.095,323.376,1141,0,14,0,1,1,0,0,1,1,0,0
2026-03-27 21:54:07.270,323.551,1142,-2,15,0,1,1,0,0,1,1,0,0
2026-03-27 21:54:07.350,323.631,1142,-3,14,0,1,1,0,0,1,1,0,0
2026-03-27 21:54:07.351,323.632,1142,-3,14,0,1,1,0,0,1,1,0,0
2026-03-27 21:54:07.510,323.791,1143,-2,15,0,1,1,0,0,1,1,0,0
2026-03-27 21:54:07.702,323.983,1142,-3,14,0,1,1,0,0,1,1,0,0
2026-03-27 21:54:07.799,324.080,1143,-2,15,0,1,1,0,0,1,1,0,0
2026-03-27 21:54:07.959,324.240,1143,-5,15,0,1,1,0,0,0,1,0,0
2026-03-27 21:54:07.977,324.257,1142,-5,14,0,1,1,0,0,0,1,0,0
2026-03-27 21:54:08.119,324.400,1143,-2,14,0,1,1,0,0,0,1,0,0
2026-03-27 21:54:08.183,324.464,1143,-2,15,0,1,1,0,0,0,1,0,0
2026-03-27 21:54:08.343,324.624,1143,-2,15,0,1,1,0,0,0,1,0,0
2026-03-27 21:54:08.439,324.720,1141,-5,14,0,1,1,0,0,0,1,0,0
2026-03-27 21:54:08.551,324.832,1143,-2,15,0,1,1,0,0,0,1,0,0
2026-03-27 21:54:08.710,324.991,1141,-2,14,0,1,1,0,0,0,1,0,0
2026-03-27 21:54:08.775,325.056,1142,-5,15,0,1,1,0,0,0,1,0,0
2026-03-27 21:54:08.886,325.167,1144,-2,15,0,1,1,0,0,0,1,0,0
2026-03-27 21:54:08.982,325.263,1144,-2,15,0,1,1,0,0,0,1,0,0
2026-03-27 21:54:08.998,325.279,1144,-2,15,0,1,1,0,0,0,1,0,0
2026-03-27 21:54:09.110,325.391,1143,-2,14,0,1,1,0,0,0,1,0,0
2026-03-27 21:54:09.111,325.392,1143,-3,15,0,1,1,0,0,0,1,0,0
2026-03-27 21:54:09.222,325.503,1142,-5,15,0,1,1,0,0,0,1,0,0
2026-03-27 21:54:09.223,325.504,1142,-5,15,0,1,1,0,0,0,1,0,0
2026-03-27 21:54:09.334,325.615,1142,-3,15,0,1,1,0,0,0,1,0,0
2026-03-27 21:54:09.510,325.791,1142,-2,15,0,1,1,0,0,0,1,0,0
2026-03-27 21:54:09.638,325.919,1142,-2,14,0,1,1,0,0,0,1,0,0
2026-03-27 21:54:09.734,326.015,1142,-2,14,0,1,1,1,0,0,1,0,0
2026-03-27 21:54:09.862,326.143,1143,-2,15,0,1,1,1,0,0,1,0,0
2026-03-27 21:54:09.878,326.159,1143,-2,15,0,1,1,1,0,0,1,0,0
2026-03-27 21:54:09.910,326.191,1142,-5,14,0,1,1,1,0,0,1,0,0
2026-03-27 21:54:10.118,326.399,1142,-2,14,0,1,1,1,0,0,1,0,0
2026-03-27 21:54:10.120,326.401,1142,-5,15,0,1,1,1,0,0,1,0,0
2026-03-27 21:54:10.262,326.543,1142,-5,14,0,1,1,1,0,0,1,0,0
2026-03-27 21:54:10.278,326.559,1144,-4,15,0,1,1,1,0,0,1,0,0
2026-03-27 21:54:10.327,326.608,1143,-4,15,0,1,1,1,0,0,1,0,0
2026-03-27 21:54:10.407,326.688,1142,-3,14,0,1,1,1,0,0,1,0,0
2026-03-27 21:54:10.630,326.911,1143,-2,15,0,1,1,1,0,0,1,0,0
2026-03-27 21:54:10.632,326.913,1143,-2,15,0,1,1,1,0,0,1,0,0
2026-03-27 21:54:10.742,327.023,1142,-3,14,0,1,1,1,0,0,1,0,0
2026-03-27 21:54:10.870,327.151,1144,-4,15,0,1,0,1,0,0,1,0,0
2026-03-27 21:54:10.950,327.231,1143,-5,15,0,1,0,1,0,0,1,0,0
2026-03-27 21:54:10.966,327.247,1143,-5,15,0,1,0,1,0,0,1,0,0
2026-03-27 21:54:10.967,327.248,1142,-3,14,0,1,0,1,0,0,1,0,0
2026-03-27 21:54:11.078,327.359,1142,-3,14,0,1,0,1,0,0,1,0,0
2026-03-27 21:54:11.158,327.439,1143,-2,15,0,1,0,1,0,0,1,0,0
2026-03-27 21:54:11.255,327.535,1141,-5,14,0,1,0,1,0,0,1,0,0
2026-03-27 21:54:11.366,327.647,1143,-2,15,0,1,0,1,0,0,1,0,0
2026-03-27 21:54:11.382,327.663,1144,-2,15,0,1,0,1,0,0,1,0,0
2026-03-27 21:54:11.462,327.743,1144,-5,15,0,1,0,1,0,0,1,0,0
2026-03-27 21:54:11.653,327.934,1143,-5,15,0,1,0,1,0,0,1,0,0
2026-03-27 21:54:11.734,328.015,1143,-3,14,0,1,0,1,0,0,1,0,0
2026-03-27 21:54:11.847,328.127,1143,-2,14,0,0,0,1,0,0,1,0,0
2026-03-27 21:54:11.927,328.208,1143,-3,14,0,0,0,1,0,0,1,0,0
2026-03-27 21:54:12.038,328.319,1144,-2,14,0,0,0,1,0,0,1,0,0
2026-03-27 21:54:12.150,328.431,1143,-3,14,0,0,0,1,0,0,1,0,0
2026-03-27 21:54:12.230,328.511,1143,-5,14,0,0,0,1,0,0,1,0,0
2026-03-27 21:54:12.502,328.783,1144,-4,15,0,0,0,1,0,0,1,0,0
2026-03-27 21:54:12.550,328.831,1144,-2,15,0,0,0,1,0,0,1,0,0
2026-03-27 21:54:12.597,328.878,1145,-2,15,0,0,0,1,0,0,1,1,0
2026-03-27 21:54:12.614,328.895,1145,-2,15,0,0,0,1,0,0,1,1,0
2026-03-27 21:54:12.616,328.897,1143,-3,14,0,0,0,1,0,0,1,1,0
2026-03-27 21:54:12.726,329.007,1143,-3,14,0,0,0,1,0,0,1,1,0
2026-03-27 21:54:12.870,329.151,1146,-2,15,0,0,0,1,0,0,1,1,0
2026-03-27 21:54:12.887,329.168,1146,-2,15,0,0,0,1,0,0,1,1,0
2026-03-27 21:54:12.889,329.170,1143,-2,14,0,0,0,1,0,0,1,1,0
2026-03-27 21:54:12.950,329.231,1143,-3,14,0,0,0,1,0,0,1,1,0
2026-03-27 21:54:13.142,329.423,1144,-2,15,0,0,0,1,0,0,1,1,0
2026-03-27 21:54:13.174,329.455,1143,-3,14,0,0,0,1,0,0,1,1,0
2026-03-27 21:54:13.190,329.471,1143,-3,14,0,0,0,1,0,0,0,1,0
2026-03-27 21:54:13.286,329.567,1144,-2,15,0,0,0,1,0,0,0,1,0
2026-03-27 21:54:13.303,329.584,1144,-3,15,0,0,0,1,0,0,0,1,0
2026-03-27 21:54:13.414,329.695,1145,-3,15,0,0,0,1,0,0,0,1,0
2026-03-27 21:54:13.542,329.823,1143,-3,14,0,0,0,1,0,0,0,1,0
2026-03-27 21:54:13.558,329.839,1143,-3,14,0,0,0,1,0,0,0,1,0
2026-03-27 21:54:13.560,329.841,1144,-2,15,0,0,0,1,0,0,0,1,0
2026-03-27 21:54:13.638,329.919,1145,-2,15,0,0,0,1,0,0,0,1,0
2026-03-27 21:54:13.782,330.063,1142,-5,14,0,0,0,1,0,0,0,1,0
2026-03-27 21:54:13.941,330.222,1144,-2,14,0,0,0,1,0,0,0,1,0
2026-03-27 21:54:13.943,330.224,1145,-2,15,0,0,0,1,0,0,0,1,0
2026-03-27 21:54:13.944,330.225,11,0,0,0,0,0,1,0,0,0,1,0
2026-03-27 21:54:14.070,330.351,1147,-1,15,0,0,0,1,0,0,0,1,0
2026-03-27 21:54:14.073,330.353,1145,-5,15,0,0,0,1,0,0,0,1,0
2026-03-27 21:54:14.118,330.399,1146,-5,15,0,0,0,1,0,0,0,1,0
2026-03-27 21:54:14.198,330.479,1145,-2,15,0,0,0,1,0,0,0,1,0
2026-03-27 21:54:14.278,330.559,1144,-5,14,0,0,0,1,0,0,0,1,0
2026-03-27 21:54:14.280,330.561,1144,-5,15,0,0,0,1,0,0,0,1,0
2026-03-27 21:54:14.502,330.783,1144,-2,15,0,0,0,1,0,0,0,1,0
2026-03-27 21:54:14.518,330.799,1143,-2,15,0,0,0,1,0,0,0,1,0
2026-03-27 21:54:14.615,330.896,1143,-2,15,0,0,0,1,0,0,0,1,0
2026-03-27 21:54:14.758,331.039,1143,-3,15,0,0,0,1,0,0,0,1,0
2026-03-27 21:54:14.854,331.135,1143,-2,15,0,0,0,1,1,0,0,1,0
2026-03-27 21:54:14.982,331.263,1144,-4,15,0,0,0,1,1,0,0,1,0
2026-03-27 21:54:15.014,331.295,1143,-5,15,0,0,0,1,1,0,0,1,0
2026-03-27 21:54:15.174,331.455,1144,-5,15,0,0,0,1,1,0,0,1,0
2026-03-27 21:54:15.190,331.471,1145,-4,15,0,0,0,1,1,0,0,1,0
2026-03-27 21:54:15.206,331.487,1146,-4,15,0,0,0,1,1,0,0,1,0
2026-03-27 21:54:15.366,331.647,1144,-3,15,0,0,0,1,1,0,0,1,0
2026-03-27 21:54:15.446,331.727,1145,-5,15,0,0,0,1,1,0,0,1,0
2026-03-27 21:54:15.462,331.743,1146,-4,15,0,0,0,1,1,0,0,1,0
2026-03-27 21:54:15.526,331.807,1144,-5,15,0,0,0,1,1,0,0,1,0
2026-03-27 21:54:15.671,331.952,1144,-4,15,0,0,0,1,1,0,0,1,0
2026-03-27 21:54:15.798,332.078,1144,-2,15,0,0,0,1,1,0,0,1,0
2026-03-27 21:54:15.799,332.080,1143,-2,15,0,0,0,1,1,1,0,1,0
2026-03-27 21:54:15.974,332.255,1146,-2,15,0,0,0,1,1,1,0,1,0
2026-03-27 21:54:15.976,332.257,1145,-4,15,0,0,0,1,1,1,0,1,0
2026-03-27 21:54:16.070,332.351,1145,-5,15,0,0,0,1,1,1,0,1,0
2026-03-27 21:54:16.183,332.464,1144,-2,14,0,0,0,1,1,1,0,1,0
2026-03-27 21:54:16.342,332.623,1144,-2,15,0,0,0,1,1,1,0,1,0
2026-03-27 21:54:16.422,332.703,1144,-4,15,0,0,0,1,1,1,0,1,0
2026-03-27 21:54:16.551,332.831,1146,-2,15,0,0,0,1,1,1,0,1,0
2026-03-27 21:54:16.678,332.959,1147,-4,15,0,0,0,1,1,1,0,1,0
2026-03-27 21:54:16.822,333.103,1143,-5,15,0,0,0,1,1,1,0,1,1
2026-03-27 21:54:16.935,333.216,1144,-4,14,0,0,0,1,1,1,0,1,1
2026-03-27 21:54:16.937,333.218,1143,-5,14,0,0,0,1,1,1,0,1,1
2026-03-27 21:54:16.983,333.263,1143,-5,15,0,0,0,1,1,1,0,1,1
2026-03-27 21:54:16.984,333.265,1144,-3,15,0,0,0,1,1,1,0,1,1
2026-03-27 21:54:17.078,333.359,1144,-2,14,0,0,0,1,1,1,0,1,1
2026-03-27 21:54:17.174,333.455,1143,-5,15,0,0,0,1,1,1,0,1,1
2026-03-27 21:54:17.302,333.583,1143,-2,14,0,0,0,1,1,1,0,1,1
2026-03-27 21:54:17.334,333.615,1145,-5,15,0,0,0,1,1,1,0,1,1
2026-03-27 21:54:17.495,333.776,1143,-5,14,0,0,0,1,1,1,0,1,1
2026-03-27 21:54:17.606,333.887,1144,-5,15,0,0,0,1,1,1,0,1,1
2026-03-27 21:54:17.765,334.046,1145,-5,15,0,0,0,1,1,1,0,1,1
2026-03-27 21:54:17.798,334.078,1145,-2,15,0,0,0,1,1,1,0,1,1
2026-03-27 21:54:17.800,334.081,1145,-4,15,0,0,0,1,1,1,0,1,1
2026-03-27 21:54:18.038,334.319,1146,-4,16,0,0,0,1,1,1,0,1,1
2026-03-27 21:54:18.117,334.398,1143,-5,15,0,0,0,1,1,1,0,1,1
2026-03-27 21:54:18.197,334.478,1144,-2,12,0,0,0,1,1,1,0,0,1
2026-03-27 21:54:18.294,334.575,1146,-5,15,0,0,0,1,1,1,0,0,1
2026-03-27 21:54:18.470,334.751,1146,-4,15,0,0,0,1,1,1,0,0,1
2026-03-27 21:54:18.502,334.783,1145,-2,15,0,0,0,1,1,1,0,0,1
2026-03-27 21:54:18.614,334.894,1143,-2,15,0,0,0,1,1,1,0,0,1
2026-03-27 21:54:18.726,335.007,1145,-4,15,0,0,0,1,1,1,0,0,1
2026-03-27 21:54:18.854,335.135,1143,-2,15,0,0,0,1,1,1,0,0,1
2026-03-27 21:54:18.856,335.137,1143,-5,14,0,0,0,1,1,1,0,0,1
2026-03-27 21:54:18.998,335.279,1145,-5,15,0,0,0,1,1,1,0,0,1
2026-03-27 21:54:19.045,335.326,1146,-4,15,0,0,0,1,1,1,0,0,1
2026-03-27 21:54:19.190,335.471,1146,-4,15,0,0,0,1,1,1,0,0,1
2026-03-27 21:54:19.253,335.534,1145,-5,15,0,0,0,1,1,1,0,0,1
2026-03-27 21:54:19.334,335.615,1144,-2,15,0,0,0,1,1,1,0,0,1
2026-03-27 21:54:19.510,335.791,1145,-5,15,0,0,0,1,1,1,0,0,1
2026-03-27 21:54:19.606,335.887,1143,-5,14,0,0,0,1,1,1,0,0,1
2026-03-27 21:54:19.782,336.063,1144,-2,15,0,0,0,1,1,1,0,0,1
2026-03-27 21:54:19.894,336.175,1143,-2,15,0,0,0,1,1,1,0,0,1
2026-03-27 21:54:20.022,336.302,1145,-2,16,0,0,0,0,1,1,0,0,1
2026-03-27 21:54:20.069,336.350,1143,-2,14,0,0,0,0,1,1,0,0,1
2026-03-27 21:54:20.071,336.352,1143,-2,14,0,0,0,0,1,1,0,0,1
2026-03-27 21:54:20.230,336.511,1145,-5,15,0,0,0,0,1,1,0,0,1
2026-03-27 21:54:20.342,336.623,1146,-4,15,0,0,0,0,1,1,0,0,1
2026-03-27 21:54:20.438,336.719,1144,-2,15,0,0,0,0,1,1,0,0,1
2026-03-27 21:54:20.454,336.735,1145,-1,16,0,0,0,0,1,1,0,0,1
2026-03-27 21:54:20.566,336.846,1146,-1,15,0,0,0,0,1,1,0,0,1
2026-03-27 21:54:20.726,337.007,1145,-1,15,0,0,0,0,1,1,0,0,1
2026-03-27 21:54:20.729,337.010,1143,-2,15,0,0,0,0,1,1,0,0,1
2026-03-27 21:54:20.854,337.135,1145,-2,15,0,0,0,0,1,1,0,0,1
2026-03-27 21:54:20.933,337.214,1145,-5,15,0,0,0,0,1,1,0,0,1
2026-03-27 21:54:20.934,337.215,1146,-5,15,0,0,0,0,1,1,0,0,1
2026-03-27 21:54:21.030,337.311,1147,-2,15,0,0,0,0,1,1,0,0,1
2026-03-27 21:54:21.190,337.471,1145,-2,15,0,0,0,0,1,1,0,0,1
2026-03-27 21:54:21.317,337.598,1143,-5,14,0,0,0,0,1,1,0,0,1
2026-03-27 21:54:21.334,337.614,1143,-2,15,0,0,0,0,1,1,0,0,1
2026-03-27 21:54:21.461,337.742,1144,-2,15,0,0,0,0,1,1,0,0,1
2026-03-27 21:54:21.557,337.838,1143,-2,15,0,0,0,1,1,1,0,0,1
2026-03-27 21:54:21.559,337.840,1143,-2,15,0,0,0,1,1,1,0,0,1
2026-03-27 21:54:21.653,337.934,1145,-2,15,0,0,0,1,1,1,0,0,1
2026-03-27 21:54:21.766,338.046,1145,-2,15,0,0,0,1,1,1,0,0,1
2026-03-27 21:54:21.830,338.110,1144,-5,15,0,0,0,1,1,1,0,0,1
2026-03-27 21:54:21.974,338.255,1143,-5,15,0,0,0,1,1,1,0,0,1
2026-03-27 21:54:22.085,338.366,1144,-2,15,0,0,0,1,1,1,0,0,1
2026-03-27 21:54:22.117,338.398,1143,-2,14,0,0,0,1,1,1,0,0,1
2026-03-27 21:54:22.134,338.415,1143,-1,15,0,0,0,1,1,1,0,0,1
2026-03-27 21:54:22.486,338.767,1143,-5,15,0,0,0,1,1,1,0,0,1
2026-03-27 21:54:22.645,338.926,1143,-5,16,0,0,0,1,1,1,0,0,1
2026-03-27 21:54:22.661,338.942,1143,-2,14,0,0,0,1,1,1,0,0,1
2026-03-27 21:54:22.664,338.945,1143,-3,15,0,0,0,1,1,1,0,0,1
2026-03-27 21:54:22.667,338.948,1144,-2,15,0,0,0,1,1,1,0,0,1
2026-03-27 21:54:22.774,339.055,1144,-2,14,0,0,0,1,1,1,0,0,1
2026-03-27 21:54:22.933,339.214,1144,-5,15,0,0,0,1,1,1,0,0,1
2026-03-27 21:54:22.934,339.215,1145,-5,15,0,0,0,1,1,1,0,0,1
2026-03-27 21:54:23.061,339.342,1143,-5,14,0,0,0,1,1,1,0,0,1
2026-03-27 21:54:23.093,339.374,1146,-2,15,0,0,0,1,1,1,0,0,1
2026-03-27 21:54:23.221,339.502,1144,-5,14,0,0,0,1,1,1,0,0,1
2026-03-27 21:54:23.317,339.598,1144,-5,15,0,0,0,1,1,1,0,0,1
2026-03-27 21:54:23.318,339.599,1145,-5,15,0,0,0,1,1,1,0,0,1
2026-03-27 21:54:23.319,339.600,1,0,0,0,0,0,0,1,1,0,0,1
2026-03-27 21:54:23.445,339.726,1143,-2,15,0,0,0,1,1,1,0,0,1
2026-03-27 21:54:23.461,339.742,1143,-3,15,0,0,0,1,1,1,0,0,1
2026-03-27 21:54:23.542,339.823,1145,-5,15,0,0,0,1,1,1,0,0,1
2026-03-27 21:54:23.605,339.886,1145,-5,15,0,0,0,1,1,1,0,0,1
2026-03-27 21:54:23.701,339.982,1144,-2,15,0,0,0,1,1,1,0,0,1
2026-03-27 21:54:23.717,339.998,1145,-2,15,0,0,0,1,1,1,0,0,1
2026-03-27 21:54:23.813,340.094,1142,-5,14,0,0,0,1,1,1,0,0,1
2026-03-27 21:54:23.815,340.096,1143,-5,15,0,0,0,1,1,1,0,0,1
2026-03-27 21:54:24.037,340.318,1145,-2,15,0,0,0,1,1,1,0,0,1
2026-03-27 21:54:24.198,340.479,1144,-2,15,0,0,0,1,1,1,0,0,1
2026-03-27 21:54:24.310,340.591,1146,-2,15,0,0,0,1,1,1,0,0,1
2026-03-27 21:54:24.341,340.622,1145,-2,16,0,0,0,1,1,1,0,0,1
2026-03-27 21:54:24.678,340.958,1145,-5,15,0,0,0,1,1,1,0,0,1
2026-03-27 21:54:24.790,341.071,1144,-2,14,0,0,0,1,1,1,0,0,1
2026-03-27 21:54:24.950,341.231,1144,-2,15,0,0,0,1,1,1,0,0,1
2026-03-27 21:54:24.951,341.232,1144,-2,14,0,0,0,1,1,1,0,0,1
2026-03-27 21:54:25.094,341.375,1144,-3,15,0,0,0,1,1,1,0,0,1
2026-03-27 21:54:25.173,341.454,1144,-1,15,0,0,0,1,1,1,0,1,1
2026-03-27 21:54:25.317,341.598,1144,-2,14,0,0,0,1,1,1,0,1,1
2026-03-27 21:54:25.397,341.678,1145,-5,14,0,0,0,1,1,1,0,1,1
2026-03-27 21:54:25.558,341.839,1145,-5,15,0,0,0,1,1,1,0,1,1
2026-03-27 21:54:25.590,341.871,1143,-5,14,0,0,0,1,1,1,0,1,1
2026-03-27 21:54:25.718,341.998,1146,-1,15,0,0,0,1,1,1,0,1,1
2026-03-27 21:54:25.719,342.000,1146,-1,15,0,0,0,1,1,1,0,1,1
2026-03-27 21:54:25.781,342.062,1144,-4,15,0,0,0,1,1,1,0,1,1
2026-03-27 21:54:25.957,342.238,1144,-2,15,0,0,0,1,1,1,0,1,1
2026-03-27 21:54:26.085,342.366,1143,-2,15,0,0,0,1,1,1,0,1,1
2026-03-27 21:54:26.181,342.462,1145,-5,15,0,0,0,1,1,1,0,1,1
2026-03-27 21:54:26.309,342.590,1145,-2,15,0,0,0,1,1,1,0,1,1
2026-03-27 21:54:26.374,342.655,1145,-2,15,0,0,0,1,1,1,0,1,1
2026-03-27 21:54:26.534,342.815,1143,-5,14,0,0,0,1,1,1,0,1,1
2026-03-27 21:54:26.629,342.910,1145,-5,15,0,0,0,1,1,1,0,1,1
2026-03-27 21:54:26.709,342.990,1143,-2,14,0,0,0,1,1,1,0,1,1
2026-03-27 21:54:26.710,342.991,1142,-2,15,0,0,0,1,1,1,0,1,1
2026-03-27 21:54:26.725,343.006,1144,-2,15,0,0,0,1,1,1,0,1,1
2026-03-27 21:54:26.885,343.166,1145,-2,15,0,0,0,1,1,1,0,1,1
2026-03-27 21:54:26.997,343.278,1146,-4,15,0,0,0,1,1,1,0,1,1
2026-03-27 21:54:26.998,343.279,1146,-4,15,0,0,0,1,1,1,0,1,1
2026-03-27 21:54:27.030,343.310,1146,-4,15,0,0,0,1,1,1,0,1,1
2026-03-27 21:54:27.032,343.313,1145,-1,15,0,0,0,1,1,1,0,1,1
2026-03-27 21:54:27.141,343.422,1145,-2,14,0,0,0,1,1,1,0,1,1
2026-03-27 21:54:27.285,343.566,1143,-2,15,0,0,0,1,1,1,0,1,1
2026-03-27 21:54:27.317,343.598,1144,-5,15,0,0,0,1,1,1,0,1,1
2026-03-27 21:54:27.318,343.599,1144,-5,15,0,0,0,1,1,1,0,1,1
2026-03-27 21:54:27.320,343.601,1142,-2,15,0,0,0,1,1,1,0,1,1
2026-03-27 21:54:27.526,343.807,1143,-2,15,0,0,0,1,1,1,0,1,1
2026-03-27 21:54:27.557,343.838,1143,-3,15,0,0,0,1,1,1,0,1,1
2026-03-27 21:54:27.653,343.934,1143,-5,15,0,0,0,1,1,1,0,1,1
2026-03-27 21:54:27.654,343.935,1143,-5,14,0,0,0,1,1,1,0,1,1
2026-03-27 21:54:27.845,344.126,1143,-2,15,0,0,0,1,1,1,0,1,1
2026-03-27 21:54:27.878,344.159,1144,-1,15,0,0,0,1,1,1,0,1,1
2026-03-27 21:54:27.880,344.161,1144,-2,14,0,0,0,1,1,1,0,1,1
2026-03-27 21:54:27.990,344.270,1143,-3,15,0,0,0,1,1,1,0,1,1
2026-03-27 21:54:28.037,344.318,1144,-5,15,0,0,0,1,1,1,0,1,1
2026-03-27 21:54:28.038,344.319,1144,-2,14,0,0,0,1,1,1,0,1,1
2026-03-27 21:54:28.053,344.334,1144,-2,14,0,0,0,1,1,1,0,1,1
2026-03-27 21:54:28.245,344.526,1145,-2,15,0,0,0,1,1,1,0,1,1
2026-03-27 21:54:28.277,344.558,1143,-2,12,0,0,0,1,1,1,0,1,1
2026-03-27 21:54:28.357,344.638,1145,-1,15,0,0,0,1,1,1,0,1,1
2026-03-27 21:54:28.485,344.766,1144,-5,14,0,0,0,1,1,1,0,1,1
2026-03-27 21:54:28.580,344.861,1144,-2,15,0,0,0,1,1,1,0,1,1
2026-03-27 21:54:28.582,344.863,1145,-2,15,0,0,0,1,1,1,0,1,1
2026-03-27 21:54:28.709,344.990,1144,-2,14,0,0,0,1,1,1,0,1,1
2026-03-27 21:54:28.757,345.038,1145,-2,15,0,0,0,1,1,1,0,1,1
2026-03-27 21:54:28.885,345.166,1146,-4,15,0,0,0,1,1,1,0,1,1
2026-03-27 21:54:28.887,345.168,1146,-5,15,0,0,0,1,1,1,0,1,1
2026-03-27 21:54:28.901,345.182,1145,-4,1,0,0,0,0,0,0,0,0,0
2026-03-27 21:54:28.903,345.184,1146,-2,15,0,0,0,1,1,1,0,1,1
2026-03-27 21:54:28.997,345.278,1146,-2,15,0,0,0,1,1,1,0,1,1
2026-03-27 21:54:29.000,345.281,1143,-2,14,0,0,0,1,1,1,0,1,1
2026-03-27 21:54:29.078,345.359,1143,-5,15,0,0,0,1,1,1,0,1,1
2026-03-27 21:54:29.222,345.503,1143,-2,15,0,0,0,1,1,1,0,1,1
2026-03-27 21:54:29.253,345.534,1142,-5,12,0,0,0,1,1,1,0,1,1
2026-03-27 21:54:29.269,345.550,1142,-5,12,0,0,0,1,1,1,0,1,1
2026-03-27 21:54:29.348,345.629,1143,-5,15,0,0,0,1,1,1,0,1,1
2026-03-27 21:54:29.350,345.631,1144,-4,15,0,0,0,1,1,1,0,1,1
2026-03-27 21:54:29.429,345.710,1144,-4,15,0,0,0,1,1,1,0,1,1
2026-03-27 21:54:29.525,345.806,1144,-1,15,0,0,0,1,1,1,0,1,1
2026-03-27 21:54:29.541,345.822,1144,-2,15,0,0,0,1,1,1,0,1,1
2026-03-27 21:54:29.717,345.997,1143,-2,15,0,0,0,1,1,1,0,1,1
2026-03-27 21:54:29.732,346.013,1143,-3,15,0,0,0,1,1,1,0,1,1
2026-03-27 21:54:29.765,346.046,1142,-2,15,0,0,0,1,1,1,0,1,1
2026-03-27 21:54:29.909,346.190,1143,-2,15,0,0,0,1,1,1,0,1,1
2026-03-27 21:54:29.957,346.237,1142,-2,15,0,0,0,1,1,1,0,1,1
2026-03-27 21:54:29.973,346.254,1142,-3,15,0,0,0,1,1,1,0,1,1
2026-03-27 21:54:29.974,346.255,1142,-5,14,0,0,0,1,1,1,0,1,1
2026-03-27 21:54:30.101,346.382,1142,-5,15,0,0,0,1,1,1,0,1,1
2026-03-27 21:54:30.437,346.718,1143,-4,15,0,0,0,1,1,1,0,1,1
2026-03-27 21:54:30.677,346.958,1144,-5,15,0,0,0,1,1,1,0,1,1
2026-03-27 21:54:30.694,346.975,1143,-5,15,0,0,0,1,1,1,0,1,1
2026-03-27 21:54:30.725,347.006,1142,-5,15,0,0,0,1,1,1,0,1,1
2026-03-27 21:54:30.742,347.022,1143,-4,15,0,0,0,1,1,1,0,1,1
2026-03-27 21:54:30.853,347.134,1144,-4,15,0,0,0,1,1,1,0,1,1
2026-03-27 21:54:30.855,347.136,1144,-5,15,0,0,0,0,1,1,0,1,1
2026-03-27 21:54:30.981,347.262,1142,-5,14,0,0,0,1,1,1,0,1,1
2026-03-27 21:54:30.997,347.278,1142,-5,15,0,0,0,1,1,1,0,1,1
2026-03-27 21:54:31.077,347.358,1143,-2,15,0,0,0,1,1,1,0,1,1
2026-03-27 21:54:31.141,347.422,1142,-5,14,0,0,0,1,1,1,0,1,1
2026-03-27 21:54:31.269,347.550,1144,-5,15,0,0,0,1,1,1,0,1,1
2026-03-27 21:54:31.317,347.598,1144,-5,15,0,0,0,1,1,1,0,1,1
2026-03-27 21:54:31.413,347.694,1144,-5,15,0,0,0,1,1,1,0,1,1
2026-03-27 21:54:31.557,347.838,1142,-2,15,0,0,0,1,1,1,0,1,1
2026-03-27 21:54:31.669,347.950,1143,-2,15,0,0,0,1,1,1,0,1,1
2026-03-27 21:54:31.733,348.014,1142,-2,15,0,0,0,1,1,1,0,1,1
2026-03-27 21:54:31.781,348.062,1143,-5,15,0,0,0,1,1,1,0,1,1
2026-03-27 21:54:31.989,348.270,1144,-4,15,0,0,0,1,1,1,0,1,1
2026-03-27 21:54:32.069,348.350,1144,-4,15,0,0,0,1,1,1,0,1,1
2026-03-27 21:54:32.072,348.352,1143,-5,15,0,0,0,1,1,1,0,1,1
2026-03-27 21:54:32.149,348.430,1143,-5,15,0,0,0,1,1,1,0,1,1
2026-03-27 21:54:32.278,348.558,1143,-5,15,0,0,0,1,1,1,0,1,1
2026-03-27 21:54:32.373,348.654,1143,-3,15,0,0,0,1,1,1,0,1,1
2026-03-27 21:54:32.485,348.765,1143,-2,14,0,0,0,1,1,1,0,1,1
2026-03-27 21:54:32.582,348.862,1142,-5,15,0,0,0,1,1,1,0,1,1
2026-03-27 21:54:32.661,348.942,1142,-5,14,0,0,0,1,1,1,0,1,1
2026-03-27 21:54:32.757,349.038,1142,-2,15,0,0,0,1,1,1,0,1,1
2026-03-27 21:54:32.885,349.166,1143,-4,15,0,0,0,1,1,1,0,1,1
2026-03-27 21:54:32.887,349.167,1143,-5,16,0,0,0,1,1,1,0,1,1
2026-03-27 21:54:33.237,349.517,1142,-5,15,0,0,0,1,1,1,0,1,1
2026-03-27 21:54:33.253,349.534,1142,-5,14,0,0,0,1,1,1,0,1,1
2026-03-27 21:54:33.349,349.630,1144,-1,15,0,0,0,1,1,1,0,1,1
2026-03-27 21:54:33.413,349.694,1142,-3,15,0,0,0,1,1,1,0,1,1
2026-03-27 21:54:33.525,349.806,1143,-2,15,0,0,0,1,1,1,0,1,1
2026-03-27 21:54:33.605,349.885,1142,-5,15,0,0,0,1,1,1,0,1,1
2026-03-27 21:54:33.669,349.950,1144,-5,15,0,0,0,1,1,1,0,1,1
2026-03-27 21:54:33.845,350.126,1144,-5,15,0,0,0,1,1,1,0,1,1
2026-03-27 21:54:33.942,350.222,1143,-2,14,0,0,0,1,1,1,0,1,1
2026-03-27 21:54:34.005,350.286,1142,-5,14,0,0,0,1,1,1,0,1,1
2026-03-27 21:54:34.084,350.365,1143,-2,15,0,0,0,1,1,1,0,1,1
2026-03-27 21:54:34.101,350.382,1144,-2,15,0,0,0,1,1,1,0,1,1
2026-03-27 21:54:34.213,350.494,1141,-3,14,0,0,0,1,1,1,0,1,1
2026-03-27 21:54:34.309,350.590,1143,-2,15,0,0,0,1,1,1,0,1,1
2026-03-27 21:54:34.340,350.621,1144,-2,15,0,0,0,1,1,1,0,1,1
2026-03-27 21:54:34.342,350.623,1144,-2,15,0,0,0,1,1,1,0,1,1
2026-03-27 21:54:34.516,350.797,1144,-5,15,0,0,0,1,1,1,0,1,1
2026-03-27 21:54:34.581,350.862,1143,-2,15,0,0,0,1,1,1,0,1,1
2026-03-27 21:54:34.709,350.990,1141,-3,15,0,0,0,1,1,1,0,1,1
2026-03-27 21:54:34.789,351.070,1142,-5,14,0,0,0,1,1,1,0,1,1
2026-03-27 21:54:34.869,351.150,1142,-5,14,0,0,0,1,1,1,0,1,1
2026-03-27 21:54:34.997,351.278,1142,-5,14,0,0,0,1,1,1,0,1,1
2026-03-27 21:54:35.189,351.470,1142,-3,14,0,0,0,1,1,1,0,1,1
2026-03-27 21:54:35.222,351.502,1142,-5,14,0,0,0,1,1,1,0,1,1
2026-03-27 21:54:35.348,351.629,1143,-4,15,0,0,0,1,1,1,0,1,1
2026-03-27 21:54:35.350,351.631,1143,-4,15,0,0,0,1,1,1,0,1,1
2026-03-27 21:54:35.364,351.645,1142,-4,0,0,0,0,0,0,0,0,0,0
2026-03-27 21:54:35.366,351.647,1142,-6,15,0,0,0,1,1,1,0,1,1
2026-03-27 21:54:35.381,351.662,1141,-5,15,0,0,0,1,1,1,0,1,1
2026-03-27 21:54:35.557,351.838,1143,-3,15,0,0,0,1,1,1,0,1,1
2026-03-27 21:54:35.559,351.840,1143,-5,14,0,0,0,1,1,1,0,1,1
2026-03-27 21:54:35.621,351.902,1143,-5,15,0,0,0,1,1,1,0,1,1
2026-03-27 21:54:35.749,352.030,1142,-2,14,0,0,0,1,1,1,0,1,1
2026-03-27 21:54:35.860,352.141,1143,-2,15,0,0,0,1,1,1,0,1,1
2026-03-27 21:54:35.862,352.143,1144,-2,15,0,0,0,1,1,1,0,1,1
2026-03-27 21:54:35.877,352.158,1142,-2,15,0,0,0,1,1,1,0,1,1
2026-03-27 21:54:36.005,352.285,1141,-2,14,0,0,0,1,1,1,0,1,1
2026-03-27 21:54:36.069,352.350,1143,-5,14,0,0,0,1,1,1,0,1,1
2026-03-27 21:54:36.164,352.445,1142,-2,14,0,0,0,1,1,1,0,1,1
2026-03-27 21:54:36.166,352.447,1142,-2,14,0,0,0,1,1,1,0,1,1
2026-03-27 21:54:36.245,352.526,1144,-2,15,0,0,0,1,1,1,0,1,1
2026-03-27 21:54:36.373,352.654,1143,-4,15,0,0,0,1,1,1,0,1,1
2026-03-27 21:54:36.376,352.657,1142,-2,15,0,0,0,1,1,1,0,1,1
2026-03-27 21:54:36.485,352.766,1143,-5,15,0,0,0,1,1,1,0,1,1
2026-03-27 21:54:36.597,352.878,1141,-5,15,0,0,0,1,1,1,0,1,1
2026-03-27 21:54:36.677,352.958,1143,-5,15,0,0,0,1,1,1,0,1,1
2026-03-27 21:54:36.773,353.054,1142,-2,15,0,0,0,1,1,1,0,1,1
2026-03-27 21:54:36.775,353.056,1142,-5,15,0,0,0,1,1,1,0,1,1
2026-03-27 21:54:36.853,353.134,1143,-5,15,0,0,0,1,1,1,0,1,1
2026-03-27 21:54:36.965,353.246,1144,-5,15,0,0,0,1,1,1,0,1,1
2026-03-27 21:54:37.125,353.406,1143,-2,15,0,0,0,1,1,1,0,1,1
2026-03-27 21:54:37.157,353.438,1142,-2,15,0,0,0,1,1,1,0,1,1
2026-03-27 21:54:37.158,353.439,1143,-5,15,0,0,0,1,1,1,0,1,1
2026-03-27 21:54:37.269,353.549,1142,-3,15,0,0,0,1,1,1,0,1,1
2026-03-27 21:54:37.397,353.678,1142,-2,15,0,0,0,1,1,1,0,1,1
2026-03-27 21:54:37.399,353.680,1141,-5,12,0,0,0,1,1,1,0,1,1
2026-03-27 21:54:37.509,353.789,1142,-3,12,0,0,0,1,1,1,0,1,1
2026-03-27 21:54:37.605,353.886,1142,-2,14,0,0,0,1,1,1,0,1,1
2026-03-27 21:54:37.653,353.933,1142,-2,14,0,0,0,1,1,1,0,1,1
2026-03-27 21:54:37.988,354.269,1143,-3,14,0,0,0,1,1,1,0,1,1
2026-03-27 21:54:37.990,354.271,1142,-3,15,0,0,0,1,1,1,0,1,1
2026-03-27 21:54:38.117,354.398,1142,-5,15,0,0,0,1,1,1,0,1,1
2026-03-27 21:54:38.119,354.400,1142,-5,14,0,0,0,1,1,1,0,1,1
2026-03-27 21:54:38.229,354.510,1143,-5,15,0,0,0,1,1,1,0,1,1
2026-03-27 21:54:38.341,354.621,1141,-5,14,0,0,0,1,1,1,0,1,1
2026-03-27 21:54:38.453,354.734,1143,-1,15,0,0,0,1,1,1,0,1,1
2026-03-27 21:54:38.597,354.878,1142,-2,14,0,0,0,1,1,1,0,1,1
2026-03-27 21:54:38.629,354.910,1143,-5,15,0,0,0,1,1,1,0,1,1
2026-03-27 21:54:38.757,355.038,1142,-3,14,0,0,0,1,1,1,0,1,1
2026-03-27 21:54:38.821,355.102,1144,-4,15,0,0,0,1,1,1,0,1,1
2026-03-27 21:54:38.997,355.277,1144,-2,15,0,0,0,1,1,1,0,1,1
2026-03-27 21:54:38.999,355.280,1143,-5,15,0,0,0,1,1,1,0,1,1
2026-03-27 21:54:39.093,355.374,1143,-5,15,0,0,0,1,1,1,0,1,1
2026-03-27 21:54:39.237,355.518,1141,-3,15,0,0,0,1,1,1,0,1,1
2026-03-27 21:54:39.381,355.662,1141,-3,15,0,0,0,1,1,1,0,1,1
2026-03-27 21:54:39.429,355.710,1142,-2,15,0,0,0,1,1,1,0,1,1
2026-03-27 21:54:39.572,355.853,1144,-2,15,0,0,0,1,1,1,0,1,1
2026-03-27 21:54:39.574,355.854,1145,-2,15,0,0,0,1,1,1,0,1,1
2026-03-27 21:54:39.653,355.934,1144,-1,15,0,0,0,1,1,1,0,1,1
2026-03-27 21:54:39.749,356.030,1143,-2,15,0,0,0,1,1,1,0,1,1
2026-03-27 21:54:39.845,356.126,1142,-5,15,0,0,0,1,1,1,0,1,1
2026-03-27 21:54:39.925,356.206,1143,-2,15,0,0,0,1,1,1,0,1,1
2026-03-27 21:54:40.100,356.381,1142,-2,14,0,0,0,1,1,1,0,1,1
2026-03-27 21:54:40.149,356.429,1143,-2,14,0,0,0,1,1,1,0,1,1
2026-03-27 21:54:40.261,356.542,1142,-5,14,0,0,0,1,1,1,0,1,1
2026-03-27 21:54:40.373,356.654,1142,-2,15,0,0,0,1,1,1,0,1,1
2026-03-27 21:54:40.421,356.702,1143,-4,15,0,0,0,1,1,1,0,1,1
2026-03-27 21:54:40.565,356.846,1142,-3,15,0,0,0,1,1,1,0,1,1
2026-03-27 21:54:40.661,356.942,1143,-2,14,0,0,0,1,1,1,0,1,1
2026-03-27 21:54:40.757,357.038,1144,-5,14,0,0,0,1,1,1,0,1,1
2026-03-27 21:54:40.869,357.150,1143,-2,14,0,0,0,1,1,1,0,1,1
2026-03-27 21:54:40.964,357.245,1143,-2,15,0,0,0,1,1,1,0,1,1
2026-03-27 21:54:41.061,357.342,1141,-3,14,0,0,0,1,1,1,0,1,1
2026-03-27 21:54:41.172,357.453,1143,-5,15,0,0,0,1,1,1,0,1,1
2026-03-27 21:54:41.268,357.549,1142,-2,14,0,0,0,1,1,1,0,1,1
2026-03-27 21:54:41.285,357.566,1142,-3,14,0,0,0,1,1,1,0,1,1
2026-03-27 21:54:41.413,357.694,1144,-5,15,0,0,0,1,1,1,0,1,1
2026-03-27 21:54:41.525,357.806,1143,-2,15,0,0,0,1,1,1,0,1,1
2026-03-27 21:54:41.637,357.918,1142,-3,15,0,0,0,1,1,1,0,1,1
2026-03-27 21:54:41.749,358.030,1142,-2,14,0,0,0,1,1,1,0,1,1
2026-03-27 21:54:41.940,358.221,1143,-2,15,0,0,0,1,1,1,0,1,1
2026-03-27 21:54:41.988,358.269,1141,-2,14,0,0,0,1,1,1,0,1,1
2026-03-27 21:54:42.053,358.334,1142,-4,15,0,0,0,1,1,1,0,1,1
2026-03-27 21:54:42.196,358.477,1145,-2,15,0,0,0,1,1,1,0,1,1
2026-03-27 21:54:42.199,358.480,1143,-4,15,0,0,0,1,1,1,0,1,1
2026-03-27 21:54:42.245,358.526,1143,-2,15,0,0,0,1,1,1,0,1,1
2026-03-27 21:54:42.437,358.718,1141,-3,14,0,0,0,1,1,1,0,1,1
2026-03-27 21:54:42.452,358.733,1142,-2,14,0,0,0,1,1,1,0,1,1
2026-03-27 21:54:42.613,358.894,1142,-5,15,0,0,0,1,1,1,0,1,1
2026-03-27 21:54:42.676,358.957,1141,-2,14,0,0,0,1,1,1,0,1,1
2026-03-27 21:54:42.680,358.960,1146,-3,16,0,0,0,1,1,1,0,1,1
2026-03-27 21:54:42.805,359.086,1147,-4,16,0,0,0,1,1,1,0,1,1
2026-03-27 21:54:42.808,359.088,1151,-1,16,0,0,0,1,1,1,0,1,1
2026-03-27 21:54:42.916,359.197,1150,-1,16,0,0,0,1,1,1,0,1,1
2026-03-27 21:54:43.044,359.325,1145,-4,15,0,0,0,1,1,1,0,1,1
2026-03-27 21:54:43.076,359.357,1144,-1,16,0,0,0,1,1,1,0,1,1
2026-03-27 21:54:43.238,359.519,1142,-5,14,0,0,0,1,1,1,0,1,1
2026-03-27 21:54:43.300,359.581,1142,-4,15,0,0,0,1,1,1,0,1,1
2026-03-27 21:54:43.302,359.582,1143,-5,15,0,0,0,1,1,1,0,1,1
2026-03-27 21:54:43.412,359.693,1142,-2,15,0,0,0,1,1,1,0,1,1
2026-03-27 21:54:43.509,359.790,1142,-2,15,0,0,0,1,1,1,0,1,1
2026-03-27 21:54:43.636,359.917,1142,-1,15,0,0,0,1,1,1,0,1,1
2026-03-27 21:54:43.829,360.110,1141,-3,15,0,0,0,1,1,1,0,1,1
2026-03-27 21:54:43.924,360.205,1142,-5,15,0,0,0,1,1,1,0,1,1
2026-03-27 21:54:43.973,360.254,1140,-2,14,0,0,0,1,1,1,0,1,1
2026-03-27 21:54:44.084,360.365,1143,-2,15,0,0,0,1,1,1,0,1,1
2026-03-27 21:54:44.087,360.368,1143,-2,15,0,0,0,1,1,1,0,1,1
2026-03-27 21:54:44.229,360.510,1144,-2,15,0,0,0,1,1,1,0,1,1
2026-03-27 21:54:44.372,360.653,1143,-2,15,0,0,0,1,1,1,0,1,1
2026-03-27 21:54:44.437,360.718,1142,-2,14,0,0,0,1,1,1,0,1,1
2026-03-27 21:54:44.596,360.877,1143,-2,15,0,0,0,1,1,1,0,1,1
2026-03-27 21:54:44.597,360.878,1144,-1,14,0,0,0,1,1,1,0,1,1
2026-03-27 21:54:44.615,360.895,1142,-5,12,0,0,0,1,1,1,0,1,1
2026-03-27 21:54:44.629,360.910,1143,-5,12,0,0,0,1,1,1,0,1,1
2026-03-27 21:54:44.646,360.927,1143,-2,15,0,0,0,1,1,1,0,1,1
2026-03-27 21:54:44.757,361.038,1144,-2,15,0,0,0,1,1,1,0,1,1
2026-03-27 21:54:44.772,361.053,1144,-2,15,0,0,0,1,1,1,0,1,1
2026-03-27 21:54:44.884,361.165,1144,-2,15,0,0,0,1,1,1,0,1,1
2026-03-27 21:54:44.887,361.168,1144,-2,15,0,0,0,1,1,1,0,1,1
2026-03-27 21:54:44.948,361.229,1144,-2,15,0,0,0,1,1,1,0,1,1
2026-03-27 21:54:45.061,361.342,1144,-2,15,0,0,0,1,1,1,0,1,1
2026-03-27 21:54:45.063,361.344,1143,-2,12,0,0,0,1,1,1,0,1,1
2026-03-27 21:54:45.173,361.454,1146,-2,12,0,0,0,1,1,1,0,1,1
2026-03-27 21:54:45.175,361.456,1144,-2,15,0,0,0,1,1,1,0,1,1
2026-03-27 21:54:45.285,361.566,1145,-2,15,0,0,0,1,1,1,0,1,1
2026-03-27 21:54:45.445,361.726,1144,-2,15,0,0,0,1,1,1,0,1,1
2026-03-27 21:54:45.541,361.822,1143,-2,15,0,0,0,1,1,1,0,1,1
2026-03-27 21:54:45.621,361.902,1143,-2,14,0,0,0,1,1,1,0,1,1
2026-03-27 21:54:45.624,361.905,1142,-2,14,0,0,0,1,1,1,0,1,1
2026-03-27 21:54:45.797,362.078,1143,-2,14,0,0,0,1,1,1,0,1,1
2026-03-27 21:54:45.909,362.190,1144,-1,16,0,0,0,1,1,1,0,1,1
2026-03-27 21:54:46.004,362.285,1143,-2,14,0,0,0,1,1,1,0,1,1
2026-03-27 21:54:46.100,362.381,1144,-5,15,0,0,0,1,1,1,0,1,1
2026-03-27 21:54:46.101,362.382,1144,-2,15,0,0,0,1,1,1,0,1,1
2026-03-27 21:54:46.148,362.429,1144,-2,15,0,0,0,1,1,1,0,1,1
2026-03-27 21:54:46.293,362.574,1143,-3,15,0,0,0,1,1,1,0,1,1
2026-03-27 21:54:46.389,362.670,1145,-1,15,0,0,0,1,1,1,0,1,1
2026-03-27 21:54:46.421,362.702,1143,-3,15,0,0,0,1,1,1,0,1,1
2026-03-27 21:54:46.564,362.845,1146,-5,12,0,0,0,1,1,1,0,1,1
2026-03-27 21:54:46.644,362.925,1143,-3,15,0,0,0,1,1,1,0,1,1
2026-03-27 21:54:46.645,362.926,1143,-3,14,0,0,0,1,1,1,0,1,1
2026-03-27 21:54:46.773,363.054,1145,-2,15,0,0,0,1,1,1,0,1,1
2026-03-27 21:54:46.775,363.056,1144,-2,15,0,0,0,1,1,1,0,1,1
2026-03-27 21:54:46.885,363.166,1144,-2,15,0,0,0,1,1,1,0,1,1
2026-03-27 21:54:46.980,363.260,1143,-2,14,0,0,0,1,1,1,0,1,1
2026-03-27 21:54:46.981,363.262,1143,-2,15,0,0,0,1,1,1,0,1,1
2026-03-27 21:54:47.124,363.405,1147,-1,16,0,0,0,1,1,1,0,1,1
2026-03-27 21:54:47.188,363.469,1148,0,16,0,0,0,1,1,1,0,1,1
2026-03-27 21:54:47.332,363.613,1148,-1,16,0,0,0,1,1,1,0,1,1
2026-03-27 21:54:47.445,363.725,1153,0,16,0,0,0,1,1,1,0,1,1
2026-03-27 21:54:47.525,363.806,1151,0,16,0,0,0,1,1,1,0,1,1
2026-03-27 21:54:47.604,363.885,1152,0,16,0,0,0,1,1,1,0,1,1
2026-03-27 21:54:47.607,363.888,1153,-1,16,0,0,0,1,1,1,0,1,1
2026-03-27 21:54:47.733,364.014,1154,-3,16,0,0,0,1,1,1,0,1,1
2026-03-27 21:54:47.812,364.093,1155,0,16,0,0,0,1,1,1,0,1,1
2026-03-27 21:54:47.909,364.189,1155,-3,16,0,0,0,1,1,1,0,1,1
2026-03-27 21:54:48.020,364.301,1155,-1,16,0,0,0,1,1,1,0,1,1
2026-03-27 21:54:48.022,364.302,1157,-1,16,0,0,0,1,1,1,0,1,1
2026-03-27 21:54:48.228,364.509,1153,-1,15,0,0,0,1,1,1,0,1,1
2026-03-27 21:54:48.308,364.589,1154,-1,16,0,0,0,1,1,1,0,1,1
2026-03-27 21:54:48.356,364.637,1161,0,16,0,0,0,1,1,1,0,1,1
2026-03-27 21:54:48.453,364.734,1160,-1,16,0,0,0,1,1,1,0,1,1
2026-03-27 21:54:48.548,364.829,1157,-1,16,0,0,0,1,1,1,0,1,1
2026-03-27 21:54:48.644,364.925,1158,0,17,0,0,0,1,1,1,0,1,1
2026-03-27 21:54:48.788,365.069,1159,0,17,0,0,0,1,1,1,0,1,1
2026-03-27 21:54:48.949,365.229,1156,-4,16,0,0,0,1,1,1,0,1,1
2026-03-27 21:54:49.076,365.357,1159,0,16,0,0,0,1,1,1,0,1,1
2026-03-27 21:54:49.221,365.502,1159,-1,16,0,0,0,1,1,1,0,1,1
2026-03-27 21:54:49.268,365.549,1154,-2,16,0,0,0,1,1,1,0,1,1
2026-03-27 21:54:49.348,365.629,1155,0,16,0,0,0,1,1,1,0,1,1
2026-03-27 21:54:49.350,365.631,1153,0,17,0,0,0,1,1,1,0,1,1
2026-03-27 21:54:49.429,365.710,1154,0,17,0,0,0,1,1,1,0,1,1
2026-03-27 21:54:49.604,365.885,1150,0,16,0,0,0,1,1,1,0,1,1
2026-03-27 21:54:49.683,365.964,1144,-4,15,0,0,0,1,1,1,0,1,1
2026-03-27 21:54:49.797,366.078,1143,-1,15,0,0,0,1,1,1,0,1,1
2026-03-27 21:54:49.957,366.238,1140,-4,15,0,0,0,1,1,1,0,1,1
2026-03-27 21:54:50.083,366.364,1141,-3,16,0,0,0,1,1,1,0,1,1
2026-03-27 21:54:50.086,366.367,1141,-1,16,0,0,0,1,1,1,0,1,1
2026-03-27 21:54:50.132,366.413,1141,-1,16,0,0,0,1,1,1,0,1,1
2026-03-27 21:54:50.261,366.542,1141,-1,15,0,0,0,1,1,1,0,1,1
2026-03-27 21:54:50.324,366.605,1141,-4,16,0,0,0,1,1,1,0,1,1
2026-03-27 21:54:50.325,366.606,1141,-3,16,0,0,0,1,1,1,0,1,1
2026-03-27 21:54:50.405,366.686,1141,-1,16,0,0,0,1,1,1,0,1,1
2026-03-27 21:54:50.468,366.749,1141,-1,16,0,0,0,1,1,1,0,1,1
2026-03-27 21:54:50.660,366.941,1141,-1,16,0,0,0,1,1,1,0,1,1
2026-03-27 21:54:50.708,366.989,1141,-1,16,0,0,0,1,1,1,0,1,1
2026-03-27 21:54:50.821,367.101,1141,-1,16,0,0,0,1,1,1,0,1,1
2026-03-27 21:54:50.916,367.197,1141,-1,16,0,0,0,1,1,1,0,1,1
2026-03-27 21:54:51.028,367.309,1142,-1,16,0,0,0,1,1,1,0,1,1
2026-03-27 21:54:51.032,367.313,1140,-1,15,0,0,0,1,1,1,0,1,1
2026-03-27 21:54:51.140,367.421,1141,-1,15,0,0,0,1,1,1,0,1,1
2026-03-27 21:54:51.188,367.469,1141,-2,15,0,0,0,1,1,1,0,1,1
2026-03-27 21:54:51.190,367.470,1141,-1,15,0,0,0,1,1,1,0,1,1
2026-03-27 21:54:51.252,367.533,1141,-1,15,0,0,0,1,1,1,0,1,1
2026-03-27 21:54:51.254,367.534,1141,-1,15,0,0,0,1,1,1,0,1,1
2026-03-27 21:54:51.428,367.709,1141,-1,15,0,0,0,1,1,1,0,1,1
2026-03-27 21:54:51.444,367.725,1140,-1,15,0,0,0,1,1,1,0,1,1
2026-03-27 21:54:51.461,367.741,1140,-2,15,0,0,0,1,1,1,0,1,1
2026-03-27 21:54:51.620,367.901,1143,-1,15,0,0,0,1,1,1,0,1,1
2026-03-27 21:54:51.652,367.933,1141,-1,15,0,0,0,1,1,1,0,1,1
2026-03-27 21:54:51.764,368.045,1142,-3,15,0,0,0,1,1,1,0,1,1
2026-03-27 21:54:51.908,368.189,1141,-1,15,0,0,0,1,1,1,0,1,1
2026-03-27 21:54:51.940,368.221,1141,-4,16,0,0,0,1,1,1,0,1,1
2026-03-27 21:54:52.116,368.397,1141,-1,16,0,0,0,1,1,1,0,1,1
2026-03-27 21:54:52.148,368.429,1143,-1,15,0,0,0,1,1,1,0,1,1
2026-03-27 21:54:52.151,368.432,1146,-3,16,0,0,0,1,1,1,0,1,1
2026-03-27 21:54:52.260,368.541,1146,-3,15,0,0,0,1,1,1,0,1,1
2026-03-27 21:54:52.263,368.544,1144,-1,16,0,0,0,1,1,1,0,1,1
2026-03-27 21:54:52.372,368.653,1144,-1,16,0,0,0,1,1,1,0,1,1
2026-03-27 21:54:52.468,368.749,1143,-2,15,0,0,0,1,1,1,0,1,1
2026-03-27 21:54:52.516,368.797,1143,-1,16,0,0,0,1,1,1,0,1,1
2026-03-27 21:54:52.612,368.893,1142,-1,16,0,0,0,1,1,1,0,1,1
2026-03-27 21:54:52.707,368.988,1143,-3,15,0,0,0,1,1,1,0,1,1
2026-03-27 21:54:52.820,369.101,1142,-1,15,0,0,0,1,1,1,0,1,1
2026-03-27 21:54:52.822,369.103,1142,-1,16,0,0,0,1,1,1,0,1,1
2026-03-27 21:54:52.996,369.277,1142,-1,15,0,0,0,0,1,1,0,1,1
2026-03-27 21:54:53.012,369.293,1141,-1,15,0,0,0,1,1,1,0,1,1
2026-03-27 21:54:53.188,369.469,1141,-1,15,0,0,0,1,1,1,0,1,1
2026-03-27 21:54:53.284,369.565,1141,-1,16,0,0,0,1,1,1,0,1,1
2026-03-27 21:54:53.396,369.677,1142,-4,15,0,0,0,1,1,1,0,1,1
2026-03-27 21:54:53.397,369.678,1143,-1,15,0,0,0,1,1,1,0,1,1
2026-03-27 21:54:53.492,369.773,1147,-1,15,0,0,0,1,1,1,0,1,1
2026-03-27 21:54:53.572,369.853,1148,-1,16,0,0,0,1,1,1,0,1,1
2026-03-27 21:54:53.652,369.933,1149,-2,15,0,0,0,1,1,1,0,1,1
2026-03-27 21:54:53.844,370.125,1144,-4,15,0,0,0,1,1,1,0,1,1
2026-03-27 21:54:53.891,370.172,1145,-1,16,0,0,0,1,1,1,0,1,1
2026-03-27 21:54:54.004,370.285,1146,-1,15,0,0,0,1,1,1,0,1,1
2026-03-27 21:54:54.036,370.317,1142,-3,16,0,0,0,1,1,1,0,1,1
2026-03-27 21:54:54.196,370.477,1148,-1,16,0,0,0,1,1,1,0,1,1
2026-03-27 21:54:54.276,370.557,1149,-1,16,0,0,0,1,1,1,0,1,1
2026-03-27 21:54:54.324,370.605,1143,-1,15,0,0,0,1,1,1,0,1,1
2026-03-27 21:54:54.325,370.606,1144,-1,15,0,0,0,1,1,1,0,1,1
2026-03-27 21:54:54.421,370.702,1142,-2,16,0,0,0,1,1,1,0,1,1
2026-03-27 21:54:54.532,370.813,1141,-2,15,0,0,0,1,1,1,0,1,1
2026-03-27 21:54:54.660,370.941,1142,-1,15,0,0,0,1,1,1,0,1,1
2026-03-27 21:54:54.772,371.053,1143,-4,15,0,0,0,1,1,1,0,1,1
2026-03-27 21:54:54.916,371.197,1142,-1,16,0,0,0,1,1,1,0,1,1
2026-03-27 21:54:54.996,371.277,1141,-1,15,0,0,0,1,1,1,0,1,1
2026-03-27 21:54:54.998,371.279,1142,-1,14,0,0,0,1,1,1,0,1,1
2026-03-27 21:54:55.140,371.421,1141,-2,15,0,0,0,1,1,1,0,1,1
2026-03-27 21:54:55.172,371.453,1141,-1,15,0,0,0,1,1,1,0,1,1
2026-03-27 21:54:55.316,371.597,1142,-1,15,0,0,0,1,1,1,0,1,1
2026-03-27 21:54:55.380,371.661,1142,-1,15,0,0,0,1,1,1,0,1,1
2026-03-27 21:54:55.397,371.678,1144,-2,14,0,0,0,1,1,1,0,1,1
2026-03-27 21:54:55.540,371.821,1144,-2,14,0,0,0,1,1,1,0,1,1
2026-03-27 21:54:55.636,371.917,1144,-2,15,0,0,0,1,1,1,0,1,1
2026-03-27 21:54:55.763,372.044,1144,-2,15,0,0,0,1,1,1,0,1,1
2026-03-27 21:54:55.860,372.141,1143,-4,15,0,0,0,1,1,1,0,1,1
2026-03-27 21:54:55.988,372.269,1144,-1,15,0,0,0,1,1,1,0,1,1
2026-03-27 21:54:56.052,372.333,1144,-2,15,0,0,0,1,1,1,0,1,1
2026-03-27 21:54:56.180,372.461,1143,-1,15,0,0,0,1,1,1,0,1,1
2026-03-27 21:54:56.308,372.589,1141,-2,15,0,0,0,1,1,1,0,1,1
2026-03-27 21:54:56.388,372.669,1142,-1,15,0,0,0,1,1,1,0,1,1
2026-03-27 21:54:56.452,372.733,1143,-2,15,0,0,0,1,1,1,0,1,1
2026-03-27 21:54:56.564,372.845,1142,-2,15,0,0,0,1,1,1,0,1,1
2026-03-27 21:54:56.567,372.848,1142,-4,15,0,0,0,1,1,1,0,1,1
2026-03-27 21:54:56.660,372.941,1142,-4,15,0,0,0,1,1,1,0,1,1
2026-03-27 21:54:56.947,373.228,1142,-2,15,0,0,0,1,1,1,0,1,1
2026-03-27 21:54:57.060,373.341,1142,-5,14,0,0,0,1,1,1,0,1,1
2026-03-27 21:54:57.124,373.405,1142,-2,15,0,0,0,1,1,1,0,1,1
2026-03-27 21:54:57.127,373.408,1142,-2,15,0,0,0,1,1,1,0,1,1
2026-03-27 21:54:57.220,373.501,1142,-2,15,0,0,0,1,1,1,0,1,1
2026-03-27 21:54:57.315,373.596,1141,-2,15,0,0,0,1,1,1,0,1,1
2026-03-27 21:54:57.412,373.692,1141,-2,15,0,0,0,1,1,1,0,1,1
2026-03-27 21:54:57.508,373.789,1142,-2,15,0,0,0,1,1,1,0,1,1
2026-03-27 21:54:57.716,373.997,1146,-2,14,0,0,0,1,1,1,0,1,1
2026-03-27 21:54:57.844,374.124,1147,-2,15,0,0,0,1,1,1,0,1,1
2026-03-27 21:54:57.859,374.140,1146,-1,15,0,0,0,1,1,1,0,1,1
2026-03-27 21:54:57.907,374.188,1146,-3,15,0,0,0,1,1,1,0,1,1
2026-03-27 21:54:57.909,374.190,1147,-2,15,0,0,0,1,1,1,0,1,1
2026-03-27 21:54:58.051,374.332,1146,-1,15,0,0,0,1,1,1,0,1,1
2026-03-27 21:54:58.164,374.445,1143,-4,15,0,0,0,1,1,1,0,1,1
2026-03-27 21:54:58.166,374.447,1142,-4,15,0,0,0,1,1,1,0,1,1
2026-03-27 21:54:58.212,374.493,1143,-4,15,0,0,0,1,1,1,0,1,1
2026-03-27 21:54:58.215,374.496,1142,-1,15,0,0,0,1,1,1,0,1,1
2026-03-27 21:54:58.292,374.573,1142,-4,15,0,0,0,1,1,1,0,1,1
2026-03-27 21:54:58.404,374.685,1143,-2,15,0,0,0,1,1,1,0,1,1
2026-03-27 21:54:58.531,374.812,1142,-4,15,0,0,0,1,1,1,0,1,1
2026-03-27 21:54:58.644,374.925,1142,-4,15,0,0,0,1,1,1,0,1,1
2026-03-27 21:54:58.645,374.926,1143,-4,15,0,0,0,1,1,1,0,1,1
2026-03-27 21:54:58.724,375.005,1143,-2,16,0,0,0,1,1,1,0,1,1
2026-03-27 21:54:58.837,375.118,1146,-2,14,0,0,0,1,1,1,0,1,1
2026-03-27 21:54:58.900,375.181,1147,-5,15,0,0,0,1,1,1,0,1,1
2026-03-27 21:54:58.916,375.197,1146,-2,14,0,0,0,1,1,1,0,1,1
2026-03-27 21:54:59.140,375.421,1147,-2,14,0,0,0,0,1,1,0,1,1
2026-03-27 21:54:59.172,375.453,1147,-2,15,0,0,0,1,1,1,0,1,1
2026-03-27 21:54:59.188,375.468,1146,-2,14,0,0,0,1,1,1,0,1,1
2026-03-27 21:54:59.348,375.628,1147,-2,14,0,0,0,1,1,1,0,1,1
2026-03-27 21:54:59.460,375.741,1146,-5,14,0,0,0,1,1,1,0,1,1
2026-03-27 21:54:59.556,375.836,1147,-2,14,0,0,0,1,1,1,0,1,1
2026-03-27 21:54:59.571,375.852,1148,-3,14,0,0,0,1,1,1,0,1,1
2026-03-27 21:54:59.683,375.964,1149,-2,14,0,0,0,1,1,1,0,1,1
2026-03-27 21:54:59.779,376.060,1146,-5,14,0,0,0,1,1,1,0,1,1
2026-03-27 21:54:59.924,376.205,1146,-3,14,0,0,0,1,1,1,0,1,1
2026-03-27 21:55:00.051,376.332,1144,-3,14,0,0,0,1,1,1,0,1,1
2026-03-27 21:55:00.164,376.445,1144,-2,14,0,0,0,1,1,1,0,1,1
2026-03-27 21:55:00.227,376.508,1143,-3,14,0,0,0,1,1,1,0,1,1
2026-03-27 21:55:00.324,376.605,1142,-5,14,0,0,0,1,1,1,0,1,1
2026-03-27 21:55:00.341,376.621,1143,-2,14,0,0,0,1,1,1,0,1,1
2026-03-27 21:55:00.388,376.668,1143,-2,14,0,0,0,1,1,1,0,1,1
2026-03-27 21:55:00.595,376.876,1143,-2,14,0,0,0,1,1,1,0,1,1
2026-03-27 21:55:00.597,376.878,1144,-5,14,0,0,0,1,1,1,0,1,1
2026-03-27 21:55:00.599,376.880,1143,-3,14,0,0,0,1,1,1,0,1,1
2026-03-27 21:55:00.627,376.908,1143,-2,14,0,0,0,1,1,1,0,1,1
2026-03-27 21:55:00.630,376.911,1143,-3,14,0,0,0,1,1,1,0,1,1
2026-03-27 21:55:00.771,377.052,1143,-3,14,0,0,0,1,1,1,0,1,1
2026-03-27 21:55:00.774,377.055,1144,-2,14,0,0,0,1,1,1,0,1,1
2026-03-27 21:55:00.868,377.149,1144,-2,14,0,0,0,1,1,1,0,1,1
2026-03-27 21:55:00.979,377.260,1144,-5,14,0,0,0,1,1,1,0,1,1
2026-03-27 21:55:00.995,377.276,1144,-5,14,0,0,0,1,1,1,0,1,1
2026-03-27 21:55:01.187,377.468,1145,-2,14,0,0,0,1,1,1,0,1,1
2026-03-27 21:55:01.190,377.471,1143,-1,15,0,0,0,1,1,1,0,1,1
2026-03-27 21:55:01.252,377.533,1143,-2,15,0,0,0,1,1,1,0,1,1
2026-03-27 21:55:01.315,377.596,1142,-2,15,0,0,0,1,1,1,0,1,1
2026-03-27 21:55:01.508,377.789,1143,-1,16,0,0,0,1,1,1,0,1,1
2026-03-27 21:55:01.556,377.837,1141,-2,15,0,0,0,1,1,1,0,1,1
2026-03-27 21:55:01.559,377.839,1142,-1,15,0,0,0,1,1,1,0,1,1
2026-03-27 21:55:01.668,377.949,1142,-1,15,0,0,0,1,1,1,0,1,1
2026-03-27 21:55:01.779,378.060,1142,-1,15,0,0,0,1,1,1,0,1,1
2026-03-27 21:55:01.795,378.076,1142,-1,15,0,0,0,1,1,1,0,1,1
2026-03-27 21:55:01.797,378.078,1141,-1,15,0,0,0,1,1,1,0,1,1
2026-03-27 21:55:01.844,378.125,1141,-2,15,0,0,0,1,1,1,0,1,1
2026-03-27 21:55:02.003,378.284,1143,-1,16,0,0,0,1,1,1,0,1,1
2026-03-27 21:55:02.115,378.396,1142,-2,14,0,0,0,1,1,1,0,1,1
2026-03-27 21:55:02.179,378.460,1143,-2,12,0,0,0,1,1,1,0,1,1
2026-03-27 21:55:02.259,378.540,1142,-2,14,0,0,0,1,1,1,0,1,1
2026-03-27 21:55:02.419,378.700,1143,-5,14,0,0,0,1,1,1,0,1,1
2026-03-27 21:55:02.422,378.703,1143,-2,14,0,0,0,1,1,1,0,1,1
2026-03-27 21:55:02.483,378.764,1144,-5,14,0,0,0,1,1,1,0,1,1
2026-03-27 21:55:02.628,378.909,1144,-3,14,0,0,0,1,1,1,0,1,1
2026-03-27 21:55:02.755,379.036,1142,-5,14,0,0,0,1,1,1,0,1,1
2026-03-27 21:55:02.771,379.052,1142,-5,14,0,0,0,1,1,1,0,1,1
2026-03-27 21:55:02.773,379.053,1142,0,0,0,0,0,0,1,1,0,1,1
2026-03-27 21:55:02.883,379.164,1143,-5,14,0,0,0,1,1,1,0,1,1
2026-03-27 21:55:02.884,379.165,1143,-2,14,0,0,0,1,1,1,0,1,1
2026-03-27 21:55:02.996,379.277,1142,-2,15,0,0,0,1,1,1,0,1,1
2026-03-27 21:55:03.107,379.388,1142,-2,15,0,0,0,1,1,1,0,1,1
2026-03-27 21:55:03.187,379.468,1143,-2,14,0,0,0,1,1,1,0,1,1
2026-03-27 21:55:03.189,379.469,1144,-2,14,0,0,0,1,1,1,0,1,1
2026-03-27 21:55:03.189,379.470,1143,-1,0,0,0,0,0,0,0,0,0,0
2026-03-27 21:55:03.204,379.485,1143,-3,14,0,0,0,1,1,1,0,1,1
2026-03-27 21:55:03.331,379.612,1143,-2,14,0,0,0,1,1,1,0,1,1
2026-03-27 21:55:03.380,379.661,1141,-3,14,0,0,0,1,1,1,0,1,1
2026-03-27 21:55:03.492,379.773,1140,-3,14,0,0,0,1,1,1,0,1,1
2026-03-27 21:55:03.587,379.868,1142,-3,14,0,0,0,1,1,1,0,1,1
2026-03-27 21:55:03.668,379.949,1140,-3,14,0,0,0,1,1,1,0,1,1
2026-03-27 21:55:03.763,380.044,1140,-2,14,0,0,0,1,1,1,0,1,1
2026-03-27 21:55:03.875,380.156,1140,-5,14,0,0,0,1,1,1,0,1,1
2026-03-27 21:55:03.877,380.158,1140,-5,14,0,0,0,1,1,1,0,1,1
2026-03-27 21:55:04.003,380.284,1141,-2,14,0,0,0,1,1,1,0,1,1
2026-03-27 21:55:04.115,380.396,1141,-2,15,0,0,0,1,1,1,0,1,1
2026-03-27 21:55:04.196,380.477,1140,-5,14,0,0,0,1,1,1,0,1,1
2026-03-27 21:55:04.213,380.494,1141,-5,14,0,0,0,1,1,1,0,1,1
2026-03-27 21:55:04.404,380.685,1140,-2,12,0,0,0,1,1,1,0,1,1
2026-03-27 21:55:04.548,380.829,1141,-2,15,0,0,0,1,1,1,0,1,1
2026-03-27 21:55:04.611,380.892,1140,-2,14,0,0,0,1,1,1,0,1,1
2026-03-27 21:55:04.627,380.908,1141,-5,14,0,0,0,1,1,1,0,1,1
2026-03-27 21:55:04.628,380.909,0,0,0,0,0,0,0,0,0,0,0,0
2026-03-27 21:55:04.629,380.910,1141,-2,15,0,0,0,1,1,1,0,1,1
2026-03-27 21:55:04.723,381.004,1141,-2,14,0,0,0,1,1,1,0,1,1
2026-03-27 21:55:04.820,381.100,1140,-2,14,0,0,0,1,1,1,0,1,1
2026-03-27 21:55:04.899,381.180,1141,-2,14,0,0,0,1,1,1,0,1,1
2026-03-27 21:55:05.043,381.324,1142,-2,14,0,0,0,1,1,1,0,1,1
2026-03-27 21:55:05.046,381.327,1141,-5,14,0,0,0,1,1,1,0,1,1
2026-03-27 21:55:05.156,381.437,1141,-5,14,0,0,0,1,1,1,0,1,1
2026-03-27 21:55:05.157,381.438,1141,-5,15,0,0,1,0,0,0,0,0,0
2026-03-27 21:55:05.159,381.439,1141,-2,14,0,0,0,1,1,1,0,1,1
2026-03-27 21:55:05.204,381.484,1141,-3,14,0,0,0,1,1,1,0,1,1
2026-03-27 21:55:05.315,381.596,1141,-5,14,0,0,0,1,1,1,0,1,1
2026-03-27 21:55:05.523,381.804,1141,-3,14,0,0,0,1,1,1,0,1,1
2026-03-27 21:55:05.635,381.916,1142,-5,14,0,0,0,1,1,1,0,1,1
2026-03-27 21:55:05.637,381.918,1142,-4,14,0,0,0,1,1,1,0,1,1
2026-03-27 21:55:05.731,382.012,1142,-5,14,0,0,0,1,1,1,0,1,1
2026-03-27 21:55:05.796,382.077,1141,-2,14,0,0,0,1,1,1,0,1,1
2026-03-27 21:55:05.892,382.173,1141,-2,14,0,0,0,1,1,1,0,1,1
2026-03-27 21:55:05.908,382.189,1141,-2,14,0,0,0,1,1,1,0,1,1
2026-03-27 21:55:06.020,382.301,1140,-2,14,0,0,0,1,1,1,0,1,1
2026-03-27 21:55:06.131,382.412,1140,-2,14,0,0,0,1,1,1,0,1,1
2026-03-27 21:55:06.196,382.477,1141,-3,14,0,0,0,1,1,1,0,1,1
2026-03-27 21:55:06.199,382.480,1141,-2,14,0,0,0,1,1,1,0,1,1
2026-03-27 21:55:06.323,382.604,1140,-3,14,0,0,0,1,1,1,0,1,1
2026-03-27 21:55:06.420,382.701,1141,-3,14,0,0,0,1,1,1,0,1,1
2026-03-27 21:55:06.499,382.780,1141,-2,14,0,0,0,1,1,1,0,1,1
2026-03-27 21:55:06.659,382.940,1141,-3,14,0,0,0,1,1,1,0,1,1
2026-03-27 21:55:06.707,382.988,1141,-2,15,0,0,0,1,1,1,0,1,1
2026-03-27 21:55:06.883,383.164,1141,-4,15,0,0,0,1,1,1,0,1,1
2026-03-27 21:55:06.931,383.212,1141,-2,15,0,0,0,1,1,1,0,1,1
2026-03-27 21:55:07.060,383.341,1142,-1,16,0,0,0,1,1,1,0,1,1
2026-03-27 21:55:07.139,383.420,1141,-4,15,0,0,0,1,1,1,0,1,1
2026-03-27 21:55:07.140,383.421,1141,-4,15,0,0,0,1,1,1,0,1,1
2026-03-27 21:55:07.251,383.532,1141,-1,15,0,0,0,1,1,1,0,1,1
2026-03-27 21:55:07.252,383.533,1141,-1,15,0,0,0,1,1,1,0,1,1
2026-03-27 21:55:07.253,383.534,0,0,0,0,0,0,0,1,1,0,1,1
2026-03-27 21:55:07.411,383.692,1141,-2,15,0,0,0,1,1,1,0,1,1
2026-03-27 21:55:07.412,383.693,1141,-2,15,0,0,0,1,1,1,0,1,1
2026-03-27 21:55:07.427,383.708,1142,-1,16,0,0,0,1,1,1,0,1,1
2026-03-27 21:55:07.443,383.724,1141,-1,16,0,0,0,1,1,1,0,1,1
2026-03-27 21:55:07.635,383.916,1142,-1,16,0,0,0,1,1,1,0,1,1
2026-03-27 21:55:07.651,383.932,1142,-1,15,0,0,0,1,1,1,0,1,1
2026-03-27 21:55:07.779,384.060,1141,-2,15,0,0,0,1,1,1,0,1,1
2026-03-27 21:55:07.795,384.075,1141,-1,16,0,0,0,1,1,1,0,1,1
2026-03-27 21:55:07.987,384.268,1141,-1,16,0,0,0,1,1,1,0,1,1
2026-03-27 21:55:08.035,384.316,1141,-4,15,0,0,0,1,1,1,0,1,1
2026-03-27 21:55:08.115,384.396,1142,-1,15,0,0,0,1,1,1,0,1,1
2026-03-27 21:55:08.292,384.572,1141,-1,15,0,0,0,1,1,1,0,1,1
2026-03-27 21:55:08.340,384.620,1141,-1,16,0,0,0,1,1,1,0,1,1
2026-03-27 21:55:08.435,384.716,1141,-1,15,0,0,0,1,1,1,0,1,1
2026-03-27 21:55:08.579,384.860,1141,-4,16,0,0,0,1,1,1,0,1,1
2026-03-27 21:55:08.611,384.892,1141,-1,15,0,0,0,1,1,1,0,1,1
2026-03-27 21:55:08.756,385.036,1141,-2,15,0,0,0,1,1,1,0,1,1
2026-03-27 21:55:08.867,385.148,1140,-3,14,0,0,0,1,1,1,0,1,1
2026-03-27 21:55:08.869,385.150,1141,-1,15,0,0,0,1,1,1,0,1,1
2026-03-27 21:55:08.931,385.212,1141,-2,15,0,0,0,1,1,1,0,1,1
2026-03-27 21:55:09.027,385.308,1141,-4,15,0,0,0,1,1,1,0,1,1
2026-03-27 21:55:09.030,385.310,1141,-4,16,0,0,0,1,1,1,0,1,1
2026-03-27 21:55:09.092,385.373,1141,-1,16,0,0,0,1,1,1,0,1,1
2026-03-27 21:55:09.203,385.484,1141,-3,14,0,0,0,1,1,1,0,1,1
2026-03-27 21:55:09.314,385.595,1141,-3,14,0,0,0,1,1,1,0,1,1
2026-03-27 21:55:09.316,385.597,1141,-3,14,0,0,0,1,1,1,0,1,1
2026-03-27 21:55:09.331,385.612,1141,0,14,0,0,0,1,1,1,0,1,1
2026-03-27 21:55:09.459,385.740,1141,-3,14,0,0,0,1,1,1,0,1,1
2026-03-27 21:55:09.508,385.789,1141,-2,14,0,0,0,1,1,1,0,1,1
2026-03-27 21:55:09.587,385.868,1141,-2,15,0,0,0,1,1,1,0,1,1
2026-03-27 21:55:09.699,385.980,1142,-3,15,0,0,0,1,1,1,0,1,1
2026-03-27 21:55:09.747,386.028,1142,-1,15,0,0,0,1,1,1,0,1,1
2026-03-27 21:55:09.843,386.124,1143,-2,14,0,0,0,1,1,1,0,1,1
2026-03-27 21:55:09.955,386.236,1142,-2,15,0,0,0,1,1,1,0,1,1
2026-03-27 21:55:10.035,386.316,1142,-2,15,0,0,0,1,1,1,0,1,1
2026-03-27 21:55:10.147,386.427,1142,-5,14,0,0,0,1,1,1,0,1,1
2026-03-27 21:55:10.162,386.443,1142,-4,14,0,0,0,1,1,1,0,1,1
2026-03-27 21:55:10.194,386.475,1142,-2,14,0,0,0,1,1,1,0,1,1
2026-03-27 21:55:10.211,386.492,1142,-2,15,0,0,0,1,1,1,0,1,1
2026-03-27 21:55:10.292,386.573,1142,-2,15,0,0,0,1,1,1,0,1,1
2026-03-27 21:55:10.294,386.575,1140,-3,14,0,0,0,1,1,1,0,1,1
2026-03-27 21:55:10.387,386.668,1140,-2,14,0,0,0,1,1,1,0,1,1
2026-03-27 21:55:10.579,386.860,1141,-2,15,0,0,0,1,1,1,0,1,1
2026-03-27 21:55:10.595,386.876,1141,-1,16,0,0,0,1,1,1,0,1,1
2026-03-27 21:55:10.804,387.085,1142,-1,16,0,0,0,1,1,1,0,1,1
2026-03-27 21:55:10.932,387.213,1142,-2,15,0,0,0,1,1,1,0,1,1
2026-03-27 21:55:11.011,387.292,1143,-4,15,0,0,0,1,1,1,0,1,1
2026-03-27 21:55:11.013,387.293,1143,-4,15,0,0,0,1,1,1,0,1,1
2026-03-27 21:55:11.107,387.388,1144,-1,15,0,0,0,1,1,1,0,1,1
2026-03-27 21:55:11.235,387.516,1145,-1,15,0,0,0,1,1,1,0,1,1
2026-03-27 21:55:11.267,387.548,1145,-1,15,0,0,0,1,1,1,0,1,1
2026-03-27 21:55:11.395,387.676,1146,-1,15,0,0,0,1,1,1,0,1,1
2026-03-27 21:55:11.571,387.852,1147,-3,15,0,0,0,1,1,1,0,1,1
2026-03-27 21:55:11.572,387.853,1147,-2,15,0,0,0,1,1,1,0,1,1
2026-03-27 21:55:11.683,387.964,1146,-1,16,0,0,0,1,1,1,0,1,1
2026-03-27 21:55:11.715,387.996,1146,-2,15,0,0,0,1,1,1,0,1,1
2026-03-27 21:55:11.731,388.011,1146,-2,15,0,0,0,1,1,1,0,1,1
2026-03-27 21:55:11.875,388.156,1148,-1,16,0,0,0,1,1,1,0,1,1
2026-03-27 21:55:11.987,388.268,1150,-3,16,0,0,0,1,1,1,0,1,1
2026-03-27 21:55:12.067,388.348,1149,-1,16,0,0,0,1,1,1,0,1,1
2026-03-27 21:55:12.179,388.460,1149,-1,16,0,0,0,1,1,1,0,1,1
2026-03-27 21:55:12.180,388.461,1149,-1,15,0,0,0,1,1,1,0,1,1
2026-03-27 21:55:12.243,388.524,1150,-4,15,0,0,0,1,1,1,0,1,1
2026-03-27 21:55:12.387,388.668,1151,0,16,0,0,0,1,1,1,0,1,1
2026-03-27 21:55:12.419,388.700,1153,-1,16,0,0,0,1,1,1,0,1,1
2026-03-27 21:55:12.530,388.811,1152,0,15,0,0,0,1,1,1,0,1,1
2026-03-27 21:55:12.547,388.828,1153,-1,16,0,0,0,1,1,1,0,1,1
2026-03-27 21:55:12.658,388.939,1152,0,15,0,0,0,1,1,1,0,1,1
2026-03-27 21:55:12.786,389.067,1151,-1,16,0,0,0,1,1,1,0,1,1
2026-03-27 21:55:12.850,389.131,1148,-1,15,0,0,0,1,1,1,0,1,1
2026-03-27 21:55:12.852,389.132,1148,-1,15,0,0,0,1,1,1,0,1,1
2026-03-27 21:55:12.915,389.196,1148,0,16,0,0,0,1,1,1,0,1,1
2026-03-27 21:55:12.918,389.199,1147,-1,15,0,0,0,1,1,1,0,1,1
2026-03-27 21:55:13.091,389.372,1147,-1,15,0,0,0,1,1,1,0,1,1
2026-03-27 21:55:13.203,389.484,1148,0,16,0,0,0,1,1,1,0,1,1
2026-03-27 21:55:13.365,389.646,1151,-1,15,0,0,0,1,1,1,0,1,1
2026-03-27 21:55:13.459,389.740,1151,-1,16,0,0,0,1,1,1,0,1,1
2026-03-27 21:55:13.475,389.756,1148,-1,16,0,0,0,1,1,1,0,1,1
2026-03-27 21:55:13.507,389.788,1149,-1,16,0,0,0,1,1,1,0,1,1
2026-03-27 21:55:13.619,389.900,1151,-1,16,0,0,0,1,1,1,0,1,1
2026-03-27 21:55:13.747,390.028,1149,-1,15,0,0,0,1,1,1,0,1,1
2026-03-27 21:55:13.891,390.172,1150,-1,15,0,0,0,1,1,1,0,1,1
2026-03-27 21:55:13.939,390.220,1149,-2,15,0,0,0,1,1,1,0,1,1
2026-03-27 21:55:14.083,390.364,1149,-1,15,0,0,0,1,1,1,0,1,1
2026-03-27 21:55:14.131,390.412,1149,-1,15,0,0,0,1,1,1,0,1,1
2026-03-27 21:55:14.275,390.556,1149,-2,15,0,0,0,1,1,1,0,1,1
2026-03-27 21:55:14.355,390.636,1151,-1,15,0,0,0,1,1,1,0,1,1
2026-03-27 21:55:14.499,390.780,1153,-1,15,0,0,0,1,1,1,0,1,1
2026-03-27 21:55:14.595,390.876,1149,-2,15,0,0,0,1,1,1,0,1,1
2026-03-27 21:55:14.707,390.988,1150,-1,15,0,0,0,1,1,1,0,1,1
2026-03-27 21:55:14.724,391.005,1152,-2,15,0,0,0,1,1,1,0,1,1
2026-03-27 21:55:14.819,391.100,1151,-1,15,0,0,0,1,1,1,0,1,1
2026-03-27 21:55:14.882,391.163,1149,-1,15,0,0,0,1,1,1,0,1,1
2026-03-27 21:55:14.885,391.166,1150,-2,15,0,0,0,1,1,1,0,1,1
2026-03-27 21:55:15.026,391.307,1150,-2,15,0,0,0,1,1,1,0,1,1
2026-03-27 21:55:15.107,391.388,1151,-1,15,0,0,0,1,1,1,0,1,1
2026-03-27 21:55:15.187,391.467,1150,-1,15,0,0,0,1,1,1,0,1,1
2026-03-27 21:55:15.315,391.596,1150,-1,15,0,0,0,1,1,1,0,1,1
2026-03-27 21:55:15.316,391.597,1151,-1,15,0,0,0,1,1,1,0,1,1
2026-03-27 21:55:15.363,391.644,1148,-1,15,0,0,0,1,1,1,0,1,1
2026-03-27 21:55:15.378,391.659,1147,-1,15,0,0,0,1,1,1,0,1,1
2026-03-27 21:55:15.507,391.788,1149,-1,15,0,0,0,1,1,1,0,1,1
2026-03-27 21:55:15.571,391.852,1148,-4,15,0,0,0,1,1,1,0,1,1
2026-03-27 21:55:15.666,391.947,1150,-1,15,0,0,0,1,1,1,0,1,1
2026-03-27 21:55:15.667,391.948,1152,-1,16,0,0,0,1,1,1,0,1,1
2026-03-27 21:55:15.827,392.108,1152,-1,15,0,0,0,1,1,1,0,1,1
2026-03-27 21:55:15.907,392.188,1151,-1,15,0,0,0,1,1,1,0,1,1
2026-03-27 21:55:16.051,392.332,1150,-1,15,0,0,0,1,1,1,0,1,1
2026-03-27 21:55:16.067,392.348,1150,-1,15,0,0,0,1,1,1,0,1,1
2026-03-27 21:55:16.226,392.507,1148,-1,15,0,0,0,1,1,1,0,1,1
2026-03-27 21:55:16.306,392.587,1151,-4,15,0,0,0,1,1,1,0,1,1
2026-03-27 21:55:16.386,392.667,1149,-1,15,0,0,0,1,1,1,0,1,1
2026-03-27 21:55:16.482,392.763,1150,-2,15,0,0,0,1,1,1,0,1,1
2026-03-27 21:55:16.642,392.923,1151,-2,15,0,0,0,1,1,1,0,1,1
2026-03-27 21:55:16.706,392.987,1150,-1,15,0,0,0,1,1,1,0,1,1
2026-03-27 21:55:16.724,393.005,1147,-4,15,0,0,0,1,1,1,0,1,1
2026-03-27 21:55:16.882,393.163,1148,-4,15,0,0,0,1,1,1,0,1,1
2026-03-27 21:55:16.885,393.166,1147,-2,15,0,0,0,1,1,1,0,1,1
2026-03-27 21:55:16.947,393.228,1147,-1,15,0,0,0,1,1,1,0,1,1
2026-03-27 21:55:16.963,393.244,1146,-2,15,0,0,0,1,0,0,0,0,0
2026-03-27 21:55:16.965,393.246,1148,-1,15,0,0,0,1,1,1,0,1,1
2026-03-27 21:55:17.075,393.356,1150,-1,15,0,0,0,1,1,1,0,1,1
2026-03-27 21:55:17.187,393.468,1151,-1,15,0,0,0,1,1,1,0,1,1
2026-03-27 21:55:17.202,393.483,1149,-2,15,0,0,0,1,1,1,0,1,1
2026-03-27 21:55:17.267,393.548,1148,-2,15,0,0,0,1,1,1,0,1,1
2026-03-27 21:55:17.314,393.595,1151,-4,15,0,0,0,1,1,1,0,1,1
2026-03-27 21:55:17.394,393.675,1148,-2,15,0,0,0,1,1,1,0,1,1
2026-03-27 21:55:17.474,393.755,1149,-1,16,0,0,0,1,1,1,0,1,1
2026-03-27 21:55:17.651,393.932,1149,-2,15,0,0,0,1,1,1,0,1,1
2026-03-27 21:55:17.666,393.947,1152,-1,15,0,0,0,1,1,1,0,1,1
2026-03-27 21:55:17.731,394.012,1153,-1,15,0,0,0,1,1,1,0,1,1
2026-03-27 21:55:17.795,394.076,1150,-4,15,0,0,0,1,1,1,0,1,1
2026-03-27 21:55:17.811,394.092,1152,-1,15,0,0,0,1,1,1,0,1,1
2026-03-27 21:55:17.986,394.267,1153,-1,15,0,0,0,1,1,1,0,1,1
2026-03-27 21:55:18.082,394.363,1148,-1,15,0,0,0,1,1,1,0,1,1
2026-03-27 21:55:18.146,394.427,1151,-1,15,0,0,0,1,1,1,0,1,1
2026-03-27 21:55:18.149,394.430,1148,-1,15,0,0,0,1,1,1,0,1,1
2026-03-27 21:55:18.354,394.635,1148,-2,15,0,0,0,1,1,1,0,1,1
2026-03-27 21:55:18.546,394.827,1150,-1,16,0,0,0,1,1,1,0,1,1
2026-03-27 21:55:18.658,394.939,1150,-1,15,0,0,0,1,1,1,1,1,1
2026-03-27 21:55:18.706,394.987,1151,-1,15,0,0,0,1,1,1,1,1,1
2026-03-27 21:55:18.818,395.099,1148,-1,15,0,0,0,1,1,1,1,1,1
2026-03-27 21:55:18.898,395.179,1150,-2,15,0,0,0,1,1,1,1,1,1
2026-03-27 21:55:19.042,395.323,1148,-4,15,0,0,0,1,1,1,1,1,1
2026-03-27 21:55:19.170,395.451,1150,-1,15,0,0,0,1,1,1,1,1,1
2026-03-27 21:55:19.282,395.563,1148,-2,15,0,0,0,1,1,1,1,1,1
2026-03-27 21:55:19.394,395.675,1149,-1,15,0,0,0,1,1,1,1,1,1
2026-03-27 21:55:19.426,395.707,1147,-1,15,0,0,0,1,1,1,1,1,1
2026-03-27 21:55:19.429,395.710,1148,-2,13,0,0,0,1,1,1,1,1,1
2026-03-27 21:55:19.539,395.819,1148,-2,13,0,0,0,1,1,1,1,1,1
2026-03-27 21:55:19.666,395.947,1152,-1,15,0,0,0,1,1,1,1,1,1
2026-03-27 21:55:19.763,396.044,1151,-1,15,0,0,0,1,1,1,1,1,1
2026-03-27 21:55:19.875,396.156,1149,-2,15,0,0,0,1,1,1,1,1,1
2026-03-27 21:55:19.955,396.236,1151,-1,15,0,0,0,1,1,1,1,1,1
2026-03-27 21:55:20.099,396.379,1150,-4,15,0,0,0,1,1,1,1,1,1
2026-03-27 21:55:20.211,396.491,1149,-1,15,0,0,0,1,1,1,1,1,1
2026-03-27 21:55:20.306,396.587,1149,-2,15,0,0,0,1,1,1,1,1,1
2026-03-27 21:55:20.450,396.731,1152,-1,15,0,0,0,1,1,1,1,1,1
2026-03-27 21:55:20.563,396.844,1151,-1,16,0,0,0,1,1,1,1,1,1
2026-03-27 21:55:20.739,397.019,1148,-1,15,0,0,0,1,1,1,1,1,1
2026-03-27 21:55:20.802,397.083,1149,-1,15,0,0,0,1,1,1,1,1,1
2026-03-27 21:55:20.947,397.228,1149,-4,15,0,0,0,1,1,1,1,1,1
2026-03-27 21:55:20.963,397.244,1148,-4,16,0,0,0,1,1,1,1,1,1
2026-03-27 21:55:20.965,397.246,1152,-2,15,0,0,0,1,1,1,1,1,1
2026-03-27 21:55:21.075,397.356,1153,-1,15,0,0,0,1,1,1,1,1,1
2026-03-27 21:55:21.090,397.371,1152,-1,15,0,0,0,1,1,1,1,1,1
2026-03-27 21:55:21.202,397.483,1153,-4,15,0,0,0,1,1,1,1,1,1
2026-03-27 21:55:21.314,397.595,1151,-1,15,0,0,0,1,1,1,1,1,1
2026-03-27 21:55:21.427,397.708,1149,-4,15,0,0,0,1,1,1,1,1,1
2026-03-27 21:55:21.523,397.804,1150,-1,15,0,0,0,1,1,1,1,1,1
2026-03-27 21:55:21.634,397.914,1150,-4,15,0,0,0,1,1,1,1,1,1
2026-03-27 21:55:21.779,398.060,1149,-4,15,0,0,0,1,1,1,1,1,1
2026-03-27 21:55:21.906,398.187,1149,-1,15,0,0,0,1,1,1,1,1,1
2026-03-27 21:55:21.909,398.190,1150,-1,15,0,0,0,1,1,1,1,1,1
2026-03-27 21:55:21.970,398.251,1151,-1,15,0,0,0,1,1,1,1,1,1
2026-03-27 21:55:22.131,398.412,1149,-1,15,0,0,0,1,1,1,1,1,1
2026-03-27 21:55:22.226,398.507,1149,-2,15,0,0,0,1,1,1,1,1,1
2026-03-27 21:55:22.339,398.620,1150,-1,15,0,0,0,1,1,1,1,1,1
2026-03-27 21:55:22.355,398.636,1150,-1,15,0,0,0,1,1,1,1,1,1
2026-03-27 21:55:22.356,398.637,1151,-1,15,0,0,0,1,1,1,1,1,1
2026-03-27 21:55:22.514,398.795,1152,-2,15,0,0,0,1,1,1,1,1,1
2026-03-27 21:55:22.643,398.924,1151,-1,15,0,0,0,1,1,1,1,1,1
2026-03-27 21:55:22.706,398.987,1149,-2,15,0,0,0,1,1,1,1,1,1
2026-03-27 21:55:22.834,399.115,1149,-1,15,0,0,0,1,1,1,1,1,1
2026-03-27 21:55:22.979,399.260,1151,-2,15,0,0,0,1,1,1,1,1,1
2026-03-27 21:55:23.090,399.371,1151,-1,15,0,0,0,1,1,1,1,1,1
2026-03-27 21:55:23.202,399.483,1150,-1,15,0,0,0,1,1,1,1,1,1
2026-03-27 21:55:23.379,399.660,1152,-1,15,0,0,0,1,1,1,1,1,1
2026-03-27 21:55:23.458,399.739,1150,-1,15,0,0,0,1,1,1,1,1,1
2026-03-27 21:55:23.571,399.851,1148,-2,15,0,0,0,1,1,0,1,1,1
2026-03-27 21:55:23.683,399.963,1148,-4,15,0,0,0,1,1,0,1,1,1
2026-03-27 21:55:23.684,399.965,1150,-4,15,0,0,0,1,1,0,1,1,1
2026-03-27 21:55:23.795,400.076,1150,-1,16,0,0,0,1,1,0,1,1,1
2026-03-27 21:55:23.906,400.187,1150,-1,15,0,0,0,1,1,0,1,1,1
2026-03-27 21:55:24.114,400.395,1150,-1,15,0,0,0,1,1,0,1,1,1
2026-03-27 21:55:24.225,400.506,1147,-1,15,0,0,0,1,1,0,1,1,1
2026-03-27 21:55:24.227,400.508,1148,-1,15,0,0,0,1,1,0,1,1,1
2026-03-27 21:55:24.258,400.539,1149,-2,15,0,0,0,1,1,0,1,1,1
2026-03-27 21:55:24.274,400.555,1148,-1,15,0,0,0,1,1,0,1,1,1
2026-03-27 21:55:24.354,400.635,1149,-1,15,0,0,0,1,1,0,1,1,1
2026-03-27 21:55:24.530,400.811,1150,-2,16,0,0,0,1,1,0,1,1,1
2026-03-27 21:55:24.532,400.813,1150,-1,15,0,0,0,1,1,0,1,1,1
2026-03-27 21:55:24.533,400.814,1149,-1,15,0,0,0,1,1,0,1,1,1
2026-03-27 21:55:24.610,400.891,1149,-2,15,0,0,0,1,1,0,1,1,1
2026-03-27 21:55:24.754,401.035,1149,-1,16,0,0,0,1,1,0,1,1,1
2026-03-27 21:55:24.771,401.052,1146,-1,15,0,0,0,1,1,0,1,1,1
2026-03-27 21:55:24.850,401.131,1148,-1,15,0,0,0,1,1,0,1,1,1
2026-03-27 21:55:24.963,401.244,1149,-2,15,0,0,0,1,1,0,1,1,1
2026-03-27 21:55:25.010,401.291,1149,-1,15,0,0,0,1,1,0,1,1,1
2026-03-27 21:55:25.107,401.388,1151,-1,16,0,0,0,1,1,0,1,1,1
2026-03-27 21:55:25.218,401.499,1151,-1,15,0,0,0,1,1,0,1,1,1
2026-03-27 21:55:25.219,401.500,1150,-1,15,0,0,0,1,11,0,0,0,1
2026-03-27 21:55:25.220,401.501,1150,-4,16,0,0,0,1,1,0,1,1,1
2026-03-27 21:55:25.282,401.563,1150,-1,15,0,0,0,1,1,0,1,1,1
2026-03-27 21:55:25.283,401.564,1152,-1,16,0,0,1,0,0,0,0,0,0
2026-03-27 21:55:25.298,401.579,1149,-1,15,0,0,0,1,1,0,1,1,1
2026-03-27 21:55:25.411,401.691,1149,-1,15,0,0,0,1,1,0,1,1,1
2026-03-27 21:55:25.413,401.694,1150,-1,15,0,0,0,1,1,0,1,1,1
2026-03-27 21:55:25.570,401.851,1151,-1,15,0,0,0,1,1,0,1,1,1
2026-03-27 21:55:25.602,401.883,1150,-2,15,0,0,0,1,1,0,1,1,1
2026-03-27 21:55:25.666,401.947,1150,-1,15,0,0,0,1,1,0,1,1,1
2026-03-27 21:55:25.668,401.949,1151,-1,15,0,0,0,1,1,0,1,1,1
2026-03-27 21:55:25.794,402.075,1153,-1,15,0,0,0,1,1,0,1,1,1
2026-03-27 21:55:25.890,402.171,1151,-1,15,0,0,0,1,1,0,1,1,1
2026-03-27 21:55:25.987,402.267,1150,-4,15,0,0,0,1,1,0,1,1,1
2026-03-27 21:55:26.018,402.299,1149,-4,15,0,0,0,1,1,0,1,1,1
2026-03-27 21:55:26.020,402.301,1151,-2,15,0,0,0,1,1,0,1,1,1
2026-03-27 21:55:26.259,402.539,1150,-2,15,0,0,0,1,1,0,1,1,1
2026-03-27 21:55:26.434,402.715,1150,-1,15,0,0,0,1,1,0,1,1,1
2026-03-27 21:55:26.498,402.779,1151,0,16,0,0,0,1,1,0,1,0,1
2026-03-27 21:55:26.626,402.907,1151,-1,16,0,0,0,1,1,0,1,0,1
2026-03-27 21:55:26.691,402.971,1149,-1,15,0,0,0,1,1,0,1,0,1
2026-03-27 21:55:26.786,403.067,1151,-1,15,0,0,0,1,1,0,1,0,1
2026-03-27 21:55:26.850,403.131,1150,-1,16,0,0,0,1,1,0,1,0,1
2026-03-27 21:55:26.931,403.212,1153,-4,15,0,0,0,1,1,0,1,0,1
2026-03-27 21:55:27.058,403.339,1151,-1,15,0,0,0,1,1,0,1,0,1
2026-03-27 21:55:27.170,403.450,1147,-1,15,0,0,0,1,1,0,1,0,1
2026-03-27 21:55:27.171,403.452,1148,-1,16,0,0,0,1,1,0,1,0,1
2026-03-27 21:55:27.250,403.531,1147,-1,16,0,0,0,1,1,0,1,0,1
2026-03-27 21:55:27.251,403.532,1149,-1,16,0,0,0,1,1,0,1,0,1
2026-03-27 21:55:27.267,403.548,1149,-2,15,0,0,0,1,1,0,1,0,1
2026-03-27 21:55:27.330,403.611,1148,-1,16,0,0,0,1,1,0,1,0,1
2026-03-27 21:55:27.505,403.786,1149,-1,15,0,0,0,1,1,0,1,0,1
2026-03-27 21:55:27.522,403.803,1150,-1,16,0,0,0,1,1,0,1,0,1
2026-03-27 21:55:27.570,403.851,1153,-1,16,0,0,0,1,1,0,1,0,1
2026-03-27 21:55:27.572,403.853,1150,-2,15,0,0,0,1,1,0,1,0,1
2026-03-27 21:55:27.969,404.250,1152,-1,15,0,0,0,1,1,0,1,0,1
2026-03-27 21:55:27.970,404.251,1152,-1,15,0,0,0,1,1,0,1,0,1
2026-03-27 21:55:28.113,404.394,1150,-3,16,0,0,0,1,1,0,1,0,1
2026-03-27 21:55:28.177,404.458,1150,-3,16,0,0,0,1,1,0,1,1,1
2026-03-27 21:55:28.194,404.475,1151,-1,16,0,0,0,1,1,0,1,1,1
2026-03-27 21:55:28.242,404.522,1153,-1,16,0,0,0,1,1,0,1,1,1
2026-03-27 21:55:28.243,404.524,1154,-1,16,0,0,0,1,1,0,1,1,1
2026-03-27 21:55:28.244,404.525,1150,-1,16,0,0,0,1,1,0,1,1,1
2026-03-27 21:55:28.370,404.651,1151,-1,16,0,0,0,1,1,0,1,1,1
2026-03-27 21:55:28.530,404.811,1149,-1,16,0,0,0,1,1,0,1,1,1
2026-03-27 21:55:28.786,405.067,1149,-1,16,0,0,0,1,1,0,1,1,1
2026-03-27 21:55:28.788,405.069,1149,-1,15,0,0,0,1,1,0,1,1,1
2026-03-27 21:55:28.930,405.211,1150,-1,15,0,0,0,1,1,0,1,1,1
2026-03-27 21:55:29.026,405.307,1151,-1,15,0,0,0,1,1,0,1,1,1
2026-03-27 21:55:29.074,405.355,1150,-4,16,0,0,0,1,1,0,1,1,1
2026-03-27 21:55:29.186,405.467,1148,-1,15,0,0,0,1,1,0,1,1,1
2026-03-27 21:55:29.187,405.468,1149,-1,15,0,0,0,1,1,0,1,1,1
2026-03-27 21:55:29.313,405.594,1150,0,16,0,0,0,1,1,0,1,1,1
2026-03-27 21:55:29.316,405.596,1148,-1,16,0,0,0,1,1,0,1,1,1
2026-03-27 21:55:29.442,405.723,1149,0,16,0,0,0,1,1,0,1,1,1
2026-03-27 21:55:29.521,405.802,1152,-1,16,0,0,0,1,1,0,1,1,1
2026-03-27 21:55:29.618,405.898,1152,-1,16,0,0,0,1,1,0,1,1,1
2026-03-27 21:55:29.746,406.027,1149,-1,16,0,0,0,1,1,0,1,1,1
2026-03-27 21:55:29.809,406.090,1147,-1,16,0,0,0,1,1,0,1,1,1
2026-03-27 21:55:29.826,406.107,1149,-1,16,0,0,0,1,1,0,1,1,1
2026-03-27 21:55:29.922,406.203,1149,-1,16,0,0,0,1,1,0,1,1,1
2026-03-27 21:55:29.954,406.235,1151,-1,16,0,0,0,1,1,0,1,1,1
2026-03-27 21:55:29.956,406.237,1150,-3,16,0,0,0,1,1,0,1,1,1
2026-03-27 21:55:30.114,406.395,1151,-3,16,0,0,0,1,1,0,1,1,1
2026-03-27 21:55:30.116,406.397,1150,-2,15,0,0,0,1,1,0,1,1,1
2026-03-27 21:55:30.194,406.475,1149,-2,15,0,0,0,1,1,0,1,1,1
2026-03-27 21:55:30.258,406.539,1154,-1,15,0,0,0,1,1,0,1,1,1
2026-03-27 21:55:30.274,406.555,1150,-1,15,0,0,0,1,1,0,1,1,1
2026-03-27 21:55:30.467,406.747,1150,-2,15,0,0,0,1,1,0,1,1,1
2026-03-27 21:55:30.468,406.749,1151,-2,15,0,0,0,1,1,0,1,1,1
2026-03-27 21:55:30.530,406.811,1152,-1,15,0,0,0,1,1,0,1,1,1
2026-03-27 21:55:30.642,406.923,1150,-2,15,0,0,0,1,1,0,1,1,1
2026-03-27 21:55:30.645,406.926,1151,-1,15,0,0,0,1,1,0,1,1,1
2026-03-27 21:55:30.802,407.083,1152,-1,15,0,0,0,1,1,0,1,1,1
2026-03-27 21:55:30.804,407.085,1151,-1,15,0,0,0,1,1,0,1,1,1
2026-03-27 21:55:30.947,407.228,1152,-1,15,0,0,0,1,1,0,1,1,1
2026-03-27 21:55:30.949,407.230,1152,-1,13,0,0,0,1,1,0,1,1,1
2026-03-27 21:55:31.010,407.291,1153,-1,13,0,0,0,1,1,0,1,1,1
2026-03-27 21:55:31.170,407.451,1148,-2,15,0,0,0,1,1,0,1,1,1
2026-03-27 21:55:31.233,407.514,1149,-1,15,0,0,0,1,1,0,1,1,1
2026-03-27 21:55:31.250,407.531,1151,-1,15,0,0,0,1,1,0,1,1,1
2026-03-27 21:55:31.393,407.674,1149,-2,15,0,0,0,1,1,0,1,1,1
2026-03-27 21:55:31.395,407.676,1149,-2,15,0,0,0,1,1,0,1,1,1
2026-03-27 21:55:31.490,407.771,1149,-1,15,0,0,0,1,1,0,1,1,1
2026-03-27 21:55:31.538,407.819,1151,-1,15,0,0,0,1,1,0,1,1,1
2026-03-27 21:55:31.650,407.931,1152,-1,15,0,0,0,1,1,0,1,1,1
2026-03-27 21:55:31.810,408.091,1149,-2,15,0,0,0,1,1,0,1,1,1
2026-03-27 21:55:31.874,408.155,1148,-1,15,0,0,0,1,1,0,1,1,1
2026-03-27 21:55:32.002,408.283,1149,-1,15,0,0,0,1,1,0,1,1,1
2026-03-27 21:55:32.130,408.411,1148,-1,15,0,0,0,1,1,0,1,1,1
2026-03-27 21:55:32.194,408.475,1149,-1,15,0,0,0,1,1,0,1,1,1
2026-03-27 21:55:32.290,408.571,1151,-2,15,0,0,0,1,1,0,1,1,1
2026-03-27 21:55:32.418,408.698,1149,-2,15,0,0,0,1,1,0,1,1,1
2026-03-27 21:55:32.498,408.779,1149,-1,15,0,0,0,1,1,0,1,1,1
2026-03-27 21:55:32.500,408.780,1149,-2,15,0,0,0,1,1,0,1,1,1
2026-03-27 21:55:32.657,408.938,1149,-4,15,0,0,0,1,1,0,1,1,1
2026-03-27 21:55:32.738,409.019,1149,-1,15,0,0,0,1,1,0,1,1,1
2026-03-27 21:55:32.834,409.115,1151,-1,15,0,0,0,1,1,0,1,1,1
2026-03-27 21:55:32.961,409.242,1150,-2,15,0,0,0,1,1,0,1,1,1
2026-03-27 21:55:32.978,409.259,1149,-2,15,0,0,0,1,1,0,1,1,1
2026-03-27 21:55:32.980,409.261,1149,-2,15,0,0,0,1,1,0,1,1,1
2026-03-27 21:55:33.058,409.339,1150,-1,15,0,0,0,1,1,0,1,1,1
2026-03-27 21:55:33.121,409.402,1151,-2,15,0,0,0,1,1,0,1,1,1
2026-03-27 21:55:33.122,409.403,1150,-2,15,0,0,0,1,1,0,1,1,1
2026-03-27 21:55:33.282,409.562,1151,-1,15,0,0,0,1,1,0,1,1,1
2026-03-27 21:55:33.297,409.578,1152,-1,15,0,0,0,1,1,0,1,1,1
2026-03-27 21:55:33.298,409.579,1150,-2,1,0,0,0,0,0,0,0,0,0
2026-03-27 21:55:33.299,409.580,1151,-2,15,0,0,0,1,1,0,1,1,1
2026-03-27 21:55:33.330,409.611,1150,-2,15,0,0,0,1,1,0,1,1,1
2026-03-27 21:55:33.458,409.739,1150,-1,15,0,0,0,1,1,0,1,1,1
2026-03-27 21:55:33.538,409.818,1152,-1,15,0,0,0,1,1,0,1,1,1
2026-03-27 21:55:33.650,409.930,1150,-1,15,0,0,0,1,1,0,1,1,1
2026-03-27 21:55:33.666,409.947,1151,-2,15,0,0,0,1,1,0,1,1,1
2026-03-27 21:55:33.668,409.949,1147,-1,15,0,0,0,1,1,0,1,1,1
2026-03-27 21:55:33.794,410.074,1147,-2,15,0,0,0,1,1,0,1,1,1
2026-03-27 21:55:33.890,410.170,1150,-1,15,0,0,0,1,1,0,1,1,1
2026-03-27 21:55:33.986,410.267,1149,-2,15,0,0,0,1,1,0,1,1,1
2026-03-27 21:55:34.066,410.347,1151,-1,15,0,0,0,1,1,0,1,1,1
2026-03-27 21:55:34.178,410.459,1154,-1,15,0,0,0,1,1,0,1,1,1
2026-03-27 21:55:34.338,410.619,1150,-1,15,0,0,0,1,1,0,1,1,1
2026-03-27 21:55:34.402,410.683,1152,-2,15,0,0,0,1,1,0,1,1,1
2026-03-27 21:55:34.498,410.778,1148,-1,15,0,0,0,1,1,0,1,1,1
2026-03-27 21:55:34.625,410.906,1150,-1,15,0,0,0,1,1,0,1,1,1
2026-03-27 21:55:34.641,410.922,1151,-1,15,0,0,0,1,1,0,1,1,1
2026-03-27 21:55:34.753,411.034,1148,-1,15,0,0,0,1,1,0,1,1,1
2026-03-27 21:55:34.754,411.035,1149,-1,15,0,0,0,1,1,0,1,1,1
2026-03-27 21:55:34.882,411.163,1149,-1,15,0,0,0,1,1,0,1,1,1
2026-03-27 21:55:34.914,411.195,1150,-2,15,0,0,0,1,1,0,1,1,1
2026-03-27 21:55:35.058,411.339,1151,-4,15,0,0,0,1,1,0,1,1,1
2026-03-27 21:55:35.185,411.466,1147,-1,15,0,0,0,1,1,0,1,1,1
2026-03-27 21:55:35.186,411.467,1149,-1,15,0,0,0,1,1,0,1,1,1
2026-03-27 21:55:35.187,411.468,1147,-2,0,0,0,0,0,0,0,0,0,0
2026-03-27 21:55:35.202,411.483,1148,-2,15,0,0,0,1,1,0,1,1,1
2026-03-27 21:55:35.298,411.578,1148,-2,15,0,0,0,1,1,0,1,1,1
2026-03-27 21:55:35.410,411.691,1151,-1,15,0,0,0,1,1,0,1,1,1
2026-03-27 21:55:35.506,411.787,1151,-1,15,0,0,0,1,1,0,1,1,1
2026-03-27 21:55:35.569,411.850,1150,-2,15,0,0,0,1,1,0,1,1,1
2026-03-27 21:55:35.698,411.979,1150,-2,15,0,0,0,1,1,0,1,1,1
2026-03-27 21:55:35.874,412.155,1149,-1,15,0,0,0,1,1,0,1,1,1
2026-03-27 21:55:35.953,412.234,1150,-1,15,0,0,0,1,1,0,1,1,1
2026-03-27 21:55:35.955,412.236,1151,-1,15,0,0,0,1,1,0,1,1,1
2026-03-27 21:55:35.969,412.250,1149,-5,15,0,0,0,1,1,0,1,1,1
2026-03-27 21:55:36.018,412.299,1149,-5,15,0,0,0,1,1,0,1,1,1
2026-03-27 21:55:36.066,412.347,1151,-1,15,0,0,0,1,1,0,1,1,1
2026-03-27 21:55:36.450,412.731,1148,-2,15,0,0,0,1,1,0,1,1,1
2026-03-27 21:55:36.498,412.778,1150,-1,15,0,0,0,1,1,0,1,1,1
2026-03-27 21:55:36.609,412.890,1149,-5,15,0,0,0,1,1,0,1,1,1
2026-03-27 21:55:36.737,413.018,1150,-1,15,0,0,0,1,1,0,1,1,1
2026-03-27 21:55:36.834,413.115,1151,-1,15,0,0,0,1,1,0,1,1,1
2026-03-27 21:55:36.977,413.258,1150,-1,15,0,0,0,1,1,0,1,1,1
2026-03-27 21:55:36.979,413.260,1152,-1,15,0,0,0,1,1,0,1,1,1
2026-03-27 21:55:36.981,413.262,1154,-2,15,0,0,0,1,1,0,1,1,1
2026-03-27 21:55:37.058,413.339,1154,-1,15,0,0,0,1,1,0,1,1,1
2026-03-27 21:55:37.061,413.342,1149,-1,15,0,0,0,1,1,0,1,1,1
2026-03-27 21:55:37.170,413.450,1150,-1,15,0,0,0,1,1,0,1,1,1
2026-03-27 21:55:37.249,413.530,1151,-1,15,0,0,0,1,1,0,1,1,1
2026-03-27 21:55:37.265,413.546,1152,-1,15,0,0,0,1,1,0,1,1,1
2026-03-27 21:55:37.362,413.643,1148,-1,15,0,0,0,1,1,0,1,1,1
2026-03-27 21:55:37.490,413.770,1151,-2,15,0,0,0,1,1,0,1,1,1
2026-03-27 21:55:37.617,413.898,1150,-2,15,0,0,0,1,1,0,1,1,1
2026-03-27 21:55:37.634,413.915,1150,-2,15,0,0,0,1,1,0,1,1,1
2026-03-27 21:55:37.635,413.916,1151,1,0,0,0,0,0,1,0,1,1,1
2026-03-27 21:55:37.649,413.930,1148,-1,15,0,0,0,1,1,0,1,1,1
2026-03-27 21:55:37.666,413.947,1149,-1,15,0,0,0,1,1,0,1,1,1
2026-03-27 21:55:37.729,414.010,1147,-1,15,0,0,0,1,1,0,1,1,1
2026-03-27 21:55:37.730,414.011,1149,-1,15,0,0,0,1,1,0,1,1,1
2026-03-27 21:55:37.890,414.171,1148,-2,15,0,0,0,1,1,0,1,1,1
2026-03-27 21:55:38.002,414.283,1150,-1,15,0,0,0,1,1,0,1,1,1
2026-03-27 21:55:38.097,414.378,1152,-1,15,0,0,0,1,1,0,1,1,1
2026-03-27 21:55:38.098,414.379,1152,-2,15,0,0,0,1,1,0,1,1,1
2026-03-27 21:55:38.100,414.381,1151,-2,15,0,0,0,1,1,0,1,1,1
2026-03-27 21:55:38.194,414.475,1150,-2,15,0,0,0,1,1,0,1,1,1
2026-03-27 21:55:38.321,414.602,1151,-1,15,0,0,0,1,1,0,1,1,1
2026-03-27 21:55:38.323,414.603,1152,-1,15,0,0,0,1,1,0,1,1,1
2026-03-27 21:55:38.324,414.605,1150,-1,15,0,0,0,1,1,0,1,1,1
2026-03-27 21:55:38.370,414.650,1149,-2,15,0,0,0,1,1,0,1,1,1
2026-03-27 21:55:38.530,414.811,1151,-1,15,0,0,0,1,1,0,1,1,1
2026-03-27 21:55:38.642,414.923,1150,-1,15,0,0,0,1,1,0,1,1,1
2026-03-27 21:55:38.691,414.971,1151,-1,15,0,0,0,1,1,0,1,1,1
2026-03-27 21:55:38.801,415.082,1150,-2,15,0,0,0,1,1,0,1,1,1
2026-03-27 21:55:38.882,415.163,1152,-1,15,0,0,0,1,1,0,1,1,1
2026-03-27 21:55:39.057,415.338,1149,-2,15,0,0,0,1,1,0,1,1,1
2026-03-27 21:55:39.058,415.339,1149,-1,15,0,0,0,1,1,0,1,1,1
2026-03-27 21:55:39.074,415.355,1149,-1,15,0,0,0,1,1,0,1,1,1
2026-03-27 21:55:39.201,415.482,1149,-2,15,0,0,0,1,1,0,1,1,1
2026-03-27 21:55:39.266,415.547,1151,-1,15,0,0,0,1,1,0,1,1,1
2026-03-27 21:55:39.393,415.674,1151,-1,15,0,0,0,1,1,0,1,1,1
2026-03-27 21:55:39.395,415.676,1152,-1,15,0,0,0,1,1,0,1,1,1
2026-03-27 21:55:39.489,415.770,1150,-1,15,0,0,0,1,1,0,1,1,1
2026-03-27 21:55:39.585,415.866,1151,-1,15,0,0,0,1,1,0,1,1,1
2026-03-27 21:55:39.698,415.979,1150,-1,15,0,0,0,1,1,0,1,1,1
2026-03-27 21:55:39.745,416.026,1152,-1,15,0,0,0,1,1,0,1,1,1
2026-03-27 21:55:39.746,416.027,1152,-1,15,0,0,0,1,1,0,1,1,1
2026-03-27 21:55:39.889,416.170,1148,-1,15,0,0,0,1,1,0,1,1,1
2026-03-27 21:55:39.890,416.171,1149,-2,15,0,0,0,1,1,0,1,1,1
2026-03-27 21:55:40.018,416.299,1152,-2,15,0,0,0,1,1,0,1,1,1
2026-03-27 21:55:40.033,416.314,1149,-2,15,0,0,0,1,1,0,1,1,1
2026-03-27 21:55:40.145,416.426,1150,-2,15,0,0,0,1,1,0,1,1,1
2026-03-27 21:55:40.290,416.570,1148,-1,15,0,0,0,1,1,0,1,1,1
2026-03-27 21:55:40.385,416.666,1150,-2,15,0,0,0,1,1,0,1,1,1
2026-03-27 21:55:40.386,416.667,1150,-2,15,0,0,0,1,1,0,1,1,1
2026-03-27 21:55:40.466,416.747,1152,-1,15,0,0,0,1,1,0,1,1,1
2026-03-27 21:55:40.561,416.842,1153,-1,15,0,0,0,1,1,0,1,1,1
2026-03-27 21:55:40.690,416.971,1150,-2,15,0,0,0,1,1,0,1,1,1
2026-03-27 21:55:40.785,417.066,1151,-1,12,0,0,0,1,1,0,1,1,1
2026-03-27 21:55:40.833,417.114,1149,-2,15,0,0,0,1,1,0,1,1,1
2026-03-27 21:55:40.898,417.179,1150,-1,15,0,0,0,1,1,0,1,1,1
2026-03-27 21:55:40.913,417.194,1149,-1,15,0,0,0,1,1,0,1,1,1
2026-03-27 21:55:41.026,417.307,1149,-2,15,0,0,0,1,1,0,1,1,1
2026-03-27 21:55:41.089,417.370,1151,-1,15,0,0,0,1,1,0,1,1,1
2026-03-27 21:55:41.092,417.372,1152,-1,15,0,0,0,1,1,0,1,1,1
2026-03-27 21:55:41.185,417.466,1153,-1,15,0,0,0,1,1,0,1,1,1
2026-03-27 21:55:41.330,417.611,1152,-1,15,0,0,0,1,1,0,1,1,1
2026-03-27 21:55:41.410,417.690,1148,-2,15,0,0,0,1,1,0,1,1,1
2026-03-27 21:55:41.425,417.706,1151,-1,15,0,0,0,1,1,0,1,1,1
2026-03-27 21:55:41.522,417.803,1152,-1,15,0,0,0,1,1,0,1,1,1
2026-03-27 21:55:41.634,417.914,1149,-4,15,0,0,0,1,1,0,1,1,1
2026-03-27 21:55:41.729,418.010,1150,-2,16,0,0,0,1,1,0,1,1,1
2026-03-27 21:55:41.731,418.012,1151,-2,15,0,0,0,1,1,0,1,1,1
2026-03-27 21:55:41.745,418.026,1155,-1,15,0,0,0,1,1,0,1,1,1
2026-03-27 21:55:41.969,418.250,1152,0,15,0,0,0,1,1,0,1,1,1
2026-03-27 21:55:41.970,418.251,1153,-1,15,0,0,0,1,1,0,1,1,1
2026-03-27 21:55:41.971,418.252,1,0,0,0,0,0,0,1,0,1,1,1
2026-03-27 21:55:42.081,418.361,1151,-1,15,0,0,0,1,1,0,1,1,1
2026-03-27 21:55:42.082,418.363,1151,-2,15,0,0,0,1,1,0,1,1,1
2026-03-27 21:55:42.129,418.410,1148,-2,15,0,0,0,1,1,0,1,1,1
2026-03-27 21:55:42.226,418.507,1151,-1,15,0,0,0,1,1,0,1,1,1
2026-03-27 21:55:42.353,418.634,1149,-1,15,0,0,0,1,1,0,1,1,1
2026-03-27 21:55:42.434,418.715,1152,-2,15,0,0,0,1,1,0,1,1,1
2026-03-27 21:55:42.593,418.874,1150,-2,15,0,0,0,1,1,0,1,1,1
2026-03-27 21:55:42.673,418.954,1149,-2,15,0,0,0,1,1,0,1,1,1
2026-03-27 21:55:42.721,419.002,1150,-1,15,0,0,0,1,1,0,1,1,1
2026-03-27 21:55:42.722,419.003,1151,-1,15,0,0,0,1,1,0,1,1,1
2026-03-27 21:55:42.724,419.005,1148,-2,15,0,0,0,1,1,0,1,1,1
2026-03-27 21:55:43.089,419.370,1151,-1,15,0,0,0,1,1,0,1,1,1
2026-03-27 21:55:43.169,419.449,1150,-2,15,0,0,0,1,1,0,1,1,1
2026-03-27 21:55:43.265,419.546,1150,-1,15,0,0,0,1,1,0,1,1,1
2026-03-27 21:55:43.377,419.658,1150,-1,15,0,0,0,1,1,0,1,1,1
2026-03-27 21:55:43.425,419.706,1150,-1,15,0,0,0,1,1,0,1,1,1
2026-03-27 21:55:43.427,419.708,1148,-2,14,0,0,0,1,1,0,1,1,1
2026-03-27 21:55:43.617,419.897,1149,-2,15,0,0,0,1,1,0,1,1,1
2026-03-27 21:55:43.618,419.899,1148,-2,15,0,0,0,1,1,0,1,1,1
2026-03-27 21:55:43.712,419.993,1150,-1,15,0,0,0,1,1,0,1,1,1
2026-03-27 21:55:43.714,419.995,1151,-1,15,0,0,0,1,1,0,1,1,1
2026-03-27 21:55:43.793,420.074,1150,-1,15,0,0,0,1,1,0,1,1,1
2026-03-27 21:55:43.905,420.186,1147,-2,15,0,0,0,1,1,0,1,1,1
2026-03-27 21:55:44.018,420.299,1149,-2,15,0,0,0,1,1,0,1,1,1
2026-03-27 21:55:44.033,420.314,1149,-2,15,0,0,0,1,1,0,1,1,1
2026-03-27 21:55:44.161,420.442,1149,-1,13,0,0,0,1,1,0,1,1,1
2026-03-27 21:55:44.209,420.490,1149,-2,15,0,0,0,1,1,0,1,1,1
2026-03-27 21:55:44.304,420.585,1149,-1,15,0,0,0,1,1,0,1,1,1
2026-03-27 21:55:44.417,420.698,1151,-1,15,0,0,0,1,1,0,1,1,1
2026-03-27 21:55:44.419,420.699,1152,-1,15,0,0,0,1,1,0,1,1,1
2026-03-27 21:55:44.497,420.778,1149,-1,15,0,0,0,1,1,0,1,1,1
2026-03-27 21:55:44.625,420.905,1151,-2,15,0,0,0,1,1,0,1,1,1
2026-03-27 21:55:44.642,420.923,1151,-2,15,0,0,0,1,1,0,1,1,1
2026-03-27 21:55:44.737,421.018,1148,-2,15,0,0,0,1,1,0,1,1,1
2026-03-27 21:55:44.865,421.146,1149,-4,15,0,0,0,1,1,0,1,1,1
2026-03-27 21:55:44.961,421.242,1147,-2,15,0,0,0,1,1,0,1,1,1
2026-03-27 21:55:44.979,421.260,1150,-2,15,0,0,0,1,1,0,1,1,1
2026-03-27 21:55:45.057,421.338,1149,-2,15,0,0,0,1,1,0,1,1,1
2026-03-27 21:55:45.168,421.449,1150,-1,15,0,0,0,1,1,0,1,1,1
2026-03-27 21:55:45.170,421.451,1149,-2,15,0,0,0,1,1,0,1,1,1
2026-03-27 21:55:45.249,421.530,1148,-2,15,0,0,0,1,1,0,1,1,1
2026-03-27 21:55:45.346,421.626,1148,-1,15,0,0,0,1,1,0,1,1,1
2026-03-27 21:55:45.410,421.691,1147,-2,15,0,0,0,1,1,0,1,1,1
2026-03-27 21:55:45.553,421.834,1148,-1,15,0,0,0,1,1,0,1,1,1
2026-03-27 21:55:45.554,421.835,1149,-1,15,0,0,0,1,1,0,1,1,1
2026-03-27 21:55:45.601,421.882,1149,-1,15,0,0,0,1,1,0,1,1,1
2026-03-27 21:55:45.681,421.962,1147,-2,15,0,0,0,1,1,0,1,1,1
2026-03-27 21:55:45.809,422.090,1151,-4,15,0,0,0,1,1,0,1,1,1
2026-03-27 21:55:45.922,422.202,1148,-2,15,0,0,0,1,1,0,1,1,1
2026-03-27 21:55:45.938,422.219,1150,-2,15,0,0,0,1,1,0,1,1,1
2026-03-27 21:55:45.952,422.233,1151,-1,15,0,0,0,1,1,0,1,1,1
2026-03-27 21:55:46.129,422.410,1149,-2,15,0,0,0,1,1,0,1,1,1
2026-03-27 21:55:46.177,422.458,1150,-2,15,0,0,0,1,1,0,1,1,1
2026-03-27 21:55:46.305,422.586,1151,-1,15,0,0,0,1,1,0,1,1,1
2026-03-27 21:55:46.369,422.650,1150,-1,15,0,0,0,1,1,0,1,1,1
2026-03-27 21:55:46.384,422.665,1149,-2,15,0,0,0,1,1,0,1,1,1
2026-03-27 21:55:46.481,422.762,1148,-2,15,0,0,0,1,1,0,1,1,1
2026-03-27 21:55:46.482,422.763,1148,-2,15,0,0,0,1,1,0,1,1,1
2026-03-27 21:55:46.609,422.890,1150,-1,15,0,0,0,1,1,0,1,1,1
2026-03-27 21:55:46.611,422.892,1148,-2,15,0,0,0,1,1,0,1,1,1
2026-03-27 21:55:46.705,422.986,1148,-2,15,0,0,0,1,1,0,1,1,1
2026-03-27 21:55:46.785,423.066,1148,-2,15,0,0,0,1,1,0,1,1,1
2026-03-27 21:55:46.913,423.194,1152,-1,15,0,0,0,1,1,0,1,1,1
2026-03-27 21:55:46.915,423.196,1149,-1,15,0,0,0,1,1,0,1,1,1
2026-03-27 21:55:47.041,423.322,1151,-2,15,0,0,0,1,1,0,1,1,1
2026-03-27 21:55:47.105,423.386,1151,-2,15,0,0,0,1,1,0,1,1,1
2026-03-27 21:55:47.202,423.482,1148,-1,15,0,0,0,1,1,0,1,1,1
2026-03-27 21:55:47.345,423.625,1149,-1,15,0,0,0,1,1,0,1,1,1
2026-03-27 21:55:47.424,423.705,1147,-1,15,0,0,0,1,1,0,1,1,1
2026-03-27 21:55:47.617,423.898,1149,-2,15,0,0,0,1,1,0,1,1,1
2026-03-27 21:55:47.713,423.994,1150,-2,15,0,0,0,1,1,0,1,1,1
2026-03-27 21:55:47.716,423.997,1147,-2,15,0,0,0,1,1,0,1,1,1
2026-03-27 21:55:47.793,424.074,1148,-2,15,0,0,0,1,1,0,1,1,1
2026-03-27 21:55:47.937,424.217,1147,-1,15,0,0,0,1,1,0,1,1,1
2026-03-27 21:55:48.049,424.329,1148,-2,15,0,0,0,1,1,0,1,1,1
2026-03-27 21:55:48.096,424.377,1151,-1,15,0,0,0,1,1,0,1,1,1
2026-03-27 21:55:48.097,424.378,1152,-1,15,0,0,0,1,1,0,1,1,1
2026-03-27 21:55:48.208,424.489,1150,-1,15,0,0,0,1,1,0,1,1,1
2026-03-27 21:55:48.224,424.505,1151,-1,15,0,0,0,1,1,0,1,1,1
2026-03-27 21:55:48.225,424.506,1149,-5,11,0,0,0,0,0,0,0,0,0
2026-03-27 21:55:48.226,424.507,1150,-2,15,0,0,0,1,1,0,1,1,1
2026-03-27 21:55:48.337,424.618,1149,-2,15,0,0,0,1,1,0,1,1,1
2026-03-27 21:55:48.417,424.698,1149,-4,15,0,0,0,1,1,0,1,1,1
2026-03-27 21:55:48.545,424.826,1148,-1,15,0,0,0,1,1,0,1,1,1
2026-03-27 21:55:48.657,424.938,1150,-1,15,0,0,0,1,1,0,1,1,1
2026-03-27 21:55:48.673,424.954,1148,-2,15,0,0,0,1,1,0,1,1,1
2026-03-27 21:55:48.721,425.002,1148,-2,15,0,0,0,1,1,0,1,1,1
2026-03-27 21:55:48.881,425.161,1149,-1,15,0,0,0,1,1,0,1,1,1
2026-03-27 21:55:48.883,425.164,1150,-1,15,0,0,0,1,1,0,1,1,1
2026-03-27 21:55:48.913,425.194,1151,-4,15,0,0,0,1,1,0,1,1,1
2026-03-27 21:55:49.057,425.338,1151,-1,15,0,0,0,1,1,0,1,1,1
2026-03-27 21:55:49.105,425.386,1147,-4,15,0,0,0,1,1,0,1,1,1
2026-03-27 21:55:49.217,425.498,1149,-1,15,0,0,0,1,1,0,1,1,1
2026-03-27 21:55:49.329,425.610,1148,-1,15,0,0,0,1,1,0,1,1,1
2026-03-27 21:55:49.521,425.802,1150,-4,15,0,0,0,1,1,0,1,1,1
2026-03-27 21:55:49.553,425.834,1152,-1,15,0,0,0,1,1,0,1,1,1
2026-03-27 21:55:49.697,425.978,1150,-1,15,0,0,0,1,1,0,1,1,1
2026-03-27 21:55:49.793,426.074,1150,-1,15,0,0,0,1,1,0,1,1,1
2026-03-27 21:55:49.873,426.154,1147,-1,15,0,0,0,1,1,0,1,1,1
2026-03-27 21:55:49.985,426.266,1150,-1,15,0,0,0,1,1,0,1,1,1
2026-03-27 21:55:50.002,426.283,1149,-4,15,0,0,0,1,1,0,1,1,1
2026-03-27 21:55:50.097,426.378,1150,-4,15,0,0,0,1,1,0,1,1,1
2026-03-27 21:55:50.193,426.473,1150,-2,15,0,0,0,1,1,0,1,1,1
2026-03-27 21:55:50.418,426.698,1149,-1,15,0,0,0,1,1,0,1,1,1
2026-03-27 21:55:50.448,426.729,1147,-1,15,0,0,0,1,1,0,1,1,1
2026-03-27 21:55:50.450,426.731,1148,-1,15,0,0,0,1,1,0,1,1,1
2026-03-27 21:55:50.561,426.842,1150,-4,15,0,0,0,1,1,0,1,0,1
2026-03-27 21:55:50.641,426.922,1149,0,15,0,0,0,1,1,0,1,0,1
2026-03-27 21:55:50.658,426.939,1150,-3,16,0,0,0,1,1,0,1,0,1
2026-03-27 21:55:50.721,427.002,1150,-3,16,0,0,0,1,1,0,1,0,1
2026-03-27 21:55:50.723,427.004,1148,-4,16,0,0,0,1,1,0,1,0,1
2026-03-27 21:55:50.865,427.146,1148,-4,15,0,0,0,1,1,0,1,0,1
2026-03-27 21:55:50.960,427.241,1150,-4,16,0,0,0,1,1,0,1,0,1
2026-03-27 21:55:50.962,427.243,1151,-4,16,0,0,0,1,1,0,1,0,1
2026-03-27 21:55:51.057,427.338,1148,-1,15,0,0,0,1,1,0,1,0,1
2026-03-27 21:55:51.152,427.433,1149,-1,15,0,0,0,1,1,0,1,0,1
2026-03-27 21:55:51.280,427.561,1148,-4,15,0,0,0,1,1,0,1,0,1
2026-03-27 21:55:51.393,427.674,1150,-4,16,0,0,0,1,1,0,1,0,1
2026-03-27 21:55:51.520,427.801,1151,-3,15,0,0,0,1,1,0,1,0,1
2026-03-27 21:55:51.600,427.881,1151,-3,15,0,0,0,1,1,0,1,0,1
2026-03-27 21:55:51.601,427.882,1153,-4,16,0,0,0,1,1,0,1,0,1
2026-03-27 21:55:51.729,428.010,1148,-1,15,0,0,0,1,1,0,1,0,1
2026-03-27 21:55:51.731,428.012,1148,-1,15,0,0,0,1,1,0,1,0,1
2026-03-27 21:55:51.841,428.122,1149,-1,16,0,0,0,1,1,0,1,0,1
2026-03-27 21:55:51.889,428.170,1147,-1,15,0,0,0,1,1,0,1,0,1
2026-03-27 21:55:51.905,428.186,1149,-1,16,0,0,0,1,1,0,1,0,1
2026-03-27 21:55:52.017,428.298,1150,-1,15,0,0,0,1,1,0,1,0,1
2026-03-27 21:55:52.145,428.426,1150,-1,15,0,0,0,1,1,0,1,0,1
2026-03-27 21:55:52.224,428.505,1149,-1,16,0,0,0,1,1,0,1,0,1
2026-03-27 21:55:52.304,428.585,1150,-1,15,0,0,0,1,1,0,1,0,1
2026-03-27 21:55:52.402,428.683,1147,-1,15,0,0,0,1,1,0,1,0,1
2026-03-27 21:55:52.547,428.828,1149,-1,16,0,0,0,1,1,0,1,0,1
2026-03-27 21:55:52.576,428.857,1148,-1,15,0,0,0,1,1,0,1,0,1
2026-03-27 21:55:52.578,428.859,1149,-1,15,0,0,0,1,1,0,1,0,1
2026-03-27 21:55:52.704,428.985,1148,-2,15,0,0,0,1,1,0,1,0,1
2026-03-27 21:55:52.722,429.003,1151,-2,15,0,0,0,1,1,0,1,0,1
2026-03-27 21:55:52.785,429.066,1150,-2,15,0,0,0,1,1,0,1,0,1
2026-03-27 21:55:52.992,429.273,1148,-1,15,0,0,0,1,1,0,1,0,1
2026-03-27 21:55:53.152,429.433,1147,-1,15,0,0,0,1,1,0,1,0,1
2026-03-27 21:55:53.200,429.481,1150,-1,15,0,0,0,1,1,0,1,1,1
2026-03-27 21:55:53.296,429.577,1150,-1,15,0,0,0,1,1,0,1,1,1
2026-03-27 21:55:53.312,429.593,1151,-1,15,0,0,0,1,1,0,1,1,1
2026-03-27 21:55:53.392,429.673,1150,-1,15,0,0,0,1,1,0,1,1,1
2026-03-27 21:55:53.489,429.770,1150,-1,16,0,0,0,1,1,0,1,1,1
2026-03-27 21:55:53.584,429.865,1148,-1,15,0,0,0,1,1,0,1,1,1
2026-03-27 21:55:53.600,429.881,1148,-3,16,0,0,0,1,1,0,1,1,1
2026-03-27 21:55:53.761,430.042,1149,-3,15,0,0,0,1,1,0,1,1,1
2026-03-27 21:55:53.840,430.121,1148,-2,15,0,0,0,1,1,0,1,1,1
2026-03-27 21:55:53.842,430.123,1147,-2,15,0,0,0,1,1,0,1,1,1
2026-03-27 21:55:53.921,430.202,1148,-1,15,0,0,0,1,1,0,1,1,1
2026-03-27 21:55:54.049,430.330,1150,-4,15,0,0,0,1,1,0,1,1,1
2026-03-27 21:55:54.144,430.425,1150,0,15,0,0,0,1,1,0,1,1,1
2026-03-27 21:55:54.145,430.426,1151,-1,15,0,0,0,1,1,0,1,1,1
2026-03-27 21:55:54.225,430.506,1148,-1,15,0,0,0,1,1,0,1,1,1
2026-03-27 21:55:54.336,430.617,1149,-3,15,0,0,0,1,1,0,1,1,1
2026-03-27 21:55:54.352,430.633,1150,-1,16,0,0,0,1,1,0,1,1,1
2026-03-27 21:55:54.448,430.729,1149,-1,15,0,0,0,1,1,0,1,1,1
2026-03-27 21:55:54.449,430.730,1148,-1,15,0,0,0,1,1,0,1,1,1
2026-03-27 21:55:54.577,430.857,1148,-3,15,0,0,0,1,1,0,1,1,1
2026-03-27 21:55:54.579,430.860,1149,-4,16,0,0,0,1,1,0,1,1,1
2026-03-27 21:55:54.689,430.970,1150,0,15,0,0,0,1,1,0,1,1,1
2026-03-27 21:55:54.849,431.130,1150,-1,16,0,0,0,1,1,0,1,1,1
2026-03-27 21:55:54.945,431.226,1149,-1,16,0,0,0,1,1,0,1,1,1
2026-03-27 21:55:55.056,431.337,1148,-1,16,0,0,0,1,1,0,1,1,1
2026-03-27 21:55:55.072,431.353,1150,-1,16,0,0,0,1,1,0,1,1,1
2026-03-27 21:55:55.089,431.370,1150,-1,16,0,0,0,1,1,0,1,1,1
2026-03-27 21:55:55.265,431.546,1147,-1,16,0,0,0,1,1,0,1,1,1
2026-03-27 21:55:55.392,431.673,1149,-2,15,0,0,0,1,1,0,1,1,1
2026-03-27 21:55:55.504,431.785,1149,-2,15,0,0,0,1,1,0,1,1,1
2026-03-27 21:55:55.617,431.898,1149,-1,15,0,0,0,1,1,0,1,1,1
2026-03-27 21:55:55.697,431.978,1147,-1,15,0,0,0,1,1,0,1,1,1
2026-03-27 21:55:55.872,432.153,1148,-2,15,0,0,0,1,1,0,1,1,1
2026-03-27 21:55:55.889,432.170,1147,-2,15,0,0,0,1,1,0,1,1,1
2026-03-27 21:55:55.952,432.233,1149,-1,15,0,0,0,1,1,0,1,1,1
2026-03-27 21:55:56.033,432.314,1149,-1,15,0,0,0,1,1,0,1,1,1
2026-03-27 21:55:56.097,432.378,1148,-2,15,0,0,0,1,1,0,1,1,1
2026-03-27 21:55:56.225,432.506,1149,-4,15,0,0,0,1,1,0,1,1,1
2026-03-27 21:55:56.273,432.554,1147,-4,15,0,0,0,1,1,0,1,1,1
2026-03-27 21:55:56.416,432.697,1148,-1,15,0,0,0,1,1,0,1,1,1
2026-03-27 21:55:56.544,432.825,1149,-2,15,0,0,0,1,1,0,1,1,1
2026-03-27 21:55:56.657,432.938,1149,-2,15,0,0,0,1,1,0,1,1,1
2026-03-27 21:55:56.673,432.954,1150,-4,15,0,0,0,1,1,0,1,1,1
2026-03-27 21:55:56.704,432.985,1151,-4,15,0,0,0,1,1,0,1,1,1
2026-03-27 21:55:56.722,433.003,1150,-4,15,0,0,0,1,1,0,1,1,1
2026-03-27 21:55:56.801,433.082,1151,-4,15,0,0,0,1,1,0,1,1,1
2026-03-27 21:55:56.961,433.242,1148,-4,15,0,0,0,1,1,0,1,1,1
2026-03-27 21:55:57.008,433.289,1149,-1,15,0,0,0,1,1,0,1,1,1
2026-03-27 21:55:57.025,433.306,1150,-1,15,0,0,0,1,1,0,1,1,1
2026-03-27 21:55:57.169,433.449,1149,-2,15,0,0,0,1,1,0,1,1,1
2026-03-27 21:55:57.200,433.481,1148,-1,15,0,0,0,1,1,0,1,1,1
2026-03-27 21:55:57.202,433.483,1149,-2,15,0,0,0,1,1,0,1,1,1
2026-03-27 21:55:57.204,433.485,1151,-1,15,0,0,0,1,1,0,1,1,1
2026-03-27 21:55:57.312,433.593,1152,-1,15,0,0,0,1,1,0,1,1,1
2026-03-27 21:55:57.315,433.596,1148,-1,15,0,0,0,1,1,0,1,1,1
2026-03-27 21:55:57.441,433.721,1150,-1,15,0,0,0,1,1,0,1,1,1
2026-03-27 21:55:57.504,433.785,1149,-2,15,0,0,0,1,1,0,1,1,1
2026-03-27 21:55:57.664,433.945,1147,-1,15,0,0,0,1,1,0,1,1,1
2026-03-27 21:55:57.744,434.025,1150,-4,15,0,0,0,1,1,0,1,1,1
2026-03-27 21:55:57.809,434.089,1147,-2,15,0,0,0,1,1,0,1,1,1
2026-03-27 21:55:57.811,434.092,1149,-2,15,0,0,0,1,1,0,1,1,1
2026-03-27 21:55:57.937,434.218,1149,-2,15,0,0,0,1,1,0,1,1,1
2026-03-27 21:55:57.938,434.219,1147,-5,14,0,0,0,1,1,0,1,1,1
2026-03-27 21:55:58.016,434.297,1149,-2,15,0,0,0,1,1,0,1,1,1
2026-03-27 21:55:58.208,434.489,1148,-2,15,0,0,0,1,1,0,1,1,1
2026-03-27 21:55:58.225,434.505,1148,-4,15,0,0,0,1,1,0,1,1,1
2026-03-27 21:55:58.256,434.537,1149,-1,15,0,0,0,1,1,0,1,1,1
2026-03-27 21:55:58.368,434.649,1148,-2,15,0,0,0,1,1,0,1,1,1
2026-03-27 21:55:58.529,434.810,1149,-1,15,0,0,0,1,1,0,1,1,1
2026-03-27 21:55:58.657,434.938,1151,-1,15,0,0,0,1,1,0,1,1,1
2026-03-27 21:55:58.659,434.940,1150,-2,15,0,0,0,1,1,0,1,1,1
2026-03-27 21:55:58.753,435.034,1149,-2,15,0,0,0,1,1,0,1,1,1
2026-03-27 21:55:58.848,435.129,1151,-1,15,0,0,0,1,1,0,1,1,1
2026-03-27 21:55:58.945,435.226,1149,-4,15,0,0,0,1,1,0,1,1,1
2026-03-27 21:55:59.088,435.369,1149,-1,15,0,0,0,1,1,0,1,1,1
2026-03-27 21:55:59.168,435.449,1149,-2,15,0,0,0,1,1,0,1,1,1
2026-03-27 21:55:59.280,435.561,1150,-4,15,0,0,0,1,1,0,1,1,1
2026-03-27 21:55:59.408,435.689,1150,-1,16,0,0,0,1,1,0,1,1,1
2026-03-27 21:55:59.410,435.691,1149,-1,15,0,0,0,1,1,0,1,1,1
2026-03-27 21:55:59.536,435.817,1149,-1,15,0,0,0,1,1,0,1,1,1
2026-03-27 21:55:59.537,435.818,1152,-1,15,0,0,0,1,1,0,1,1,1
2026-03-27 21:55:59.648,435.929,1147,-1,15,0,0,0,1,1,0,1,1,1
2026-03-27 21:55:59.744,436.025,1150,-1,15,0,0,0,1,1,0,1,1,1
2026-03-27 21:55:59.840,436.121,1147,-2,15,0,0,0,1,1,0,1,1,1
2026-03-27 21:55:59.936,436.217,1148,-1,15,0,0,0,1,1,0,1,1,1
2026-03-27 21:56:00.063,436.344,1151,-1,15,0,0,0,1,1,0,1,1,1
2026-03-27 21:56:00.065,436.346,1152,-1,15,0,0,0,1,1,0,1,1,1
2026-03-27 21:56:00.161,436.442,1151,-1,15,0,0,0,1,1,0,1,1,1
2026-03-27 21:56:00.304,436.585,1152,-2,15,0,0,0,1,1,0,1,1,1
2026-03-27 21:56:00.305,436.586,1152,-4,15,0,0,0,1,1,0,1,1,1
2026-03-27 21:56:00.320,436.601,0,0,0,0,0,0,0,0,0,0,0,0
2026-03-27 21:56:00.321,436.602,1149,-1,15,0,0,0,1,1,0,1,1,1
2026-03-27 21:56:00.352,436.633,1150,-1,15,0,0,0,1,1,0,1,1,1
2026-03-27 21:56:00.370,436.651,1149,-1,15,0,0,0,1,1,0,1,1,1
2026-03-27 21:56:00.546,436.827,1152,-4,15,0,0,0,1,1,0,1,1,1
2026-03-27 21:56:00.640,436.921,1151,-2,15,0,0,0,1,1,0,1,1,1
2026-03-27 21:56:00.784,437.065,1151,-2,15,0,0,0,1,1,0,1,1,1
2026-03-27 21:56:00.786,437.067,1150,-2,15,0,0,0,1,1,0,1,1,1
2026-03-27 21:56:00.833,437.113,1150,-4,15,0,0,0,1,1,0,1,1,1
2026-03-27 21:56:00.848,437.129,1146,-1,15,0,0,0,1,1,0,1,1,1
2026-03-27 21:56:00.993,437.274,1148,-1,15,0,0,0,1,1,0,1,1,1
2026-03-27 21:56:01.072,437.353,1149,-2,15,0,0,0,1,1,0,1,1,1
2026-03-27 21:56:01.232,437.513,1150,-1,15,0,0,0,1,1,0,1,1,1
2026-03-27 21:56:01.313,437.594,1151,-4,15,0,0,0,1,1,0,1,1,1
2026-03-27 21:56:01.359,437.640,1149,-2,15,0,0,0,1,1,0,1,1,1
2026-03-27 21:56:01.361,437.642,1149,-2,15,0,0,0,1,1,0,1,1,1
2026-03-27 21:56:01.489,437.770,1153,-1,15,0,0,0,1,1,0,1,1,1
2026-03-27 21:56:01.600,437.881,1150,-2,15,0,0,0,1,1,0,1,1,1
2026-03-27 21:56:01.664,437.945,1150,-1,15,0,0,0,1,1,0,1,1,1
2026-03-27 21:56:01.776,438.057,1150,-1,15,0,0,0,1,1,0,1,1,1
2026-03-27 21:56:01.808,438.089,1151,-1,15,0,0,0,1,1,0,1,1,1
2026-03-27 21:56:01.824,438.105,1152,-1,15,0,0,0,1,1,0,1,1,1
2026-03-27 21:56:01.920,438.201,1152,-1,15,0,0,0,1,1,0,1,1,1
2026-03-27 21:56:02.016,438.297,1150,-1,15,0,0,0,1,1,0,1,1,1
2026-03-27 21:56:02.081,438.362,1147,-2,15,0,0,0,1,1,0,1,1,1
2026-03-27 21:56:02.192,438.473,1151,-1,15,0,0,0,1,1,0,1,1,1
2026-03-27 21:56:02.288,438.569,1148,-2,15,0,0,0,1,1,0,1,1,1
2026-03-27 21:56:02.448,438.729,1150,-1,15,0,0,0,1,1,0,1,1,1
2026-03-27 21:56:02.512,438.793,1153,-1,15,0,0,0,1,1,0,1,1,1
2026-03-27 21:56:02.672,438.953,1152,-1,15,0,0,0,1,1,0,1,1,1
2026-03-27 21:56:02.674,438.954,1153,-1,15,0,0,0,1,1,0,1,1,1
2026-03-27 21:56:02.896,439.177,1150,-1,15,0,0,0,1,1,0,1,1,1
2026-03-27 21:56:03.008,439.289,1148,-1,15,0,0,0,1,1,0,1,1,1
2026-03-27 21:56:03.151,439.432,1151,-2,15,0,0,0,1,1,0,1,1,1
2026-03-27 21:56:03.153,439.434,1150,-1,15,0,0,0,1,1,0,1,1,1
2026-03-27 21:56:03.155,439.436,1148,-15,0,0,0,0,1,1,0,1,1,1
2026-03-27 21:56:03.296,439.577,1149,-2,15,0,0,0,1,1,0,1,1,1
2026-03-27 21:56:03.392,439.673,1147,-2,15,0,0,0,1,1,0,1,1,1
2026-03-27 21:56:03.394,439.675,1145,-2,15,0,0,0,1,1,0,1,1,1
2026-03-27 21:56:03.488,439.769,1145,-1,15,0,0,0,1,1,0,1,1,1
2026-03-27 21:56:03.490,439.771,1145,-2,15,0,0,0,1,1,0,1,1,1
2026-03-27 21:56:03.569,439.849,1144,-2,15,0,0,0,1,1,0,1,1,1
2026-03-27 21:56:03.711,439.992,1146,-1,15,0,0,0,1,1,0,1,1,1
2026-03-27 21:56:03.713,439.994,1146,-1,15,0,0,0,1,1,0,1,1,1
2026-03-27 21:56:03.824,440.105,1148,-1,15,0,0,0,1,1,0,1,1,1
2026-03-27 21:56:03.904,440.185,1144,-2,15,0,0,0,1,1,0,1,1,1
2026-03-27 21:56:03.984,440.265,1146,-2,15,0,0,0,1,1,0,1,1,1
2026-03-27 21:56:04.112,440.393,1145,-2,15,0,0,0,1,1,0,1,1,1
2026-03-27 21:56:04.115,440.396,1144,-1,15,0,0,0,1,1,0,1,1,1
2026-03-27 21:56:04.209,440.490,1145,-1,15,0,0,0,1,1,0,1,1,1
2026-03-27 21:56:04.304,440.585,1143,-2,15,0,0,0,1,1,0,1,1,1
2026-03-27 21:56:04.384,440.665,1143,-1,15,0,0,0,1,1,0,1,1,1
2026-03-27 21:56:04.480,440.761,1143,-1,15,0,0,0,1,1,0,1,1,1
2026-03-27 21:56:04.544,440.825,1143,-2,15,0,0,0,1,1,0,1,1,1
2026-03-27 21:56:04.672,440.952,1142,-1,15,0,0,0,1,1,0,1,1,1
2026-03-27 21:56:04.673,440.954,1142,-1,15,0,0,0,1,1,0,1,1,1
2026-03-27 21:56:04.800,441.081,1143,-1,15,0,0,0,1,1,0,1,1,1
2026-03-27 21:56:04.802,441.082,1143,-2,15,0,0,0,1,1,0,1,1,1
2026-03-27 21:56:04.804,441.085,1143,-4,15,0,0,0,1,1,0,1,1,1
2026-03-27 21:56:04.960,441.241,1143,-4,15,0,0,0,1,1,0,1,1,1
2026-03-27 21:56:05.057,441.337,1143,-1,15,0,0,0,1,1,0,1,1,1
2026-03-27 21:56:05.137,441.417,1145,-1,15,0,0,0,1,1,0,1,1,1
2026-03-27 21:56:05.139,441.420,1144,-1,15,0,0,0,1,1,0,1,1,1
2026-03-27 21:56:05.312,441.593,1144,-1,15,0,0,0,1,1,0,1,1,1
2026-03-27 21:56:05.376,441.657,1144,-2,15,0,0,0,1,1,0,1,1,1
2026-03-27 21:56:05.456,441.737,1143,-2,15,0,0,0,1,1,0,1,1,1
2026-03-27 21:56:05.536,441.817,1144,-4,15,0,0,0,1,1,0,1,1,1
2026-03-27 21:56:05.538,441.819,1144,-5,15,0,0,0,1,1,0,1,1,1
2026-03-27 21:56:05.616,441.896,1144,-1,15,0,0,0,1,1,0,1,1,1
2026-03-27 21:56:05.775,442.056,1145,-2,15,0,0,0,1,1,0,1,1,1
2026-03-27 21:56:05.777,442.058,1144,-2,15,0,0,0,1,1,0,1,1,1
2026-03-27 21:56:05.872,442.153,1145,-2,15,0,0,0,1,1,0,1,1,1
2026-03-27 21:56:05.920,442.201,1145,-2,15,0,0,0,1,1,0,1,1,1
2026-03-27 21:56:06.112,442.393,1145,-1,15,0,0,0,1,1,0,1,1,1
2026-03-27 21:56:06.225,442.506,1145,-5,15,0,0,0,1,1,0,1,1,1
2026-03-27 21:56:06.304,442.585,1145,-1,15,0,0,0,1,1,0,1,1,1
2026-03-27 21:56:06.480,442.761,1144,-1,15,0,0,0,1,1,0,1,1,1
2026-03-27 21:56:06.560,442.841,1142,-2,15,0,0,0,1,1,0,1,1,1
2026-03-27 21:56:06.576,442.857,1142,-2,15,0,0,0,1,1,0,1,1,1
2026-03-27 21:56:06.656,442.937,1142,-2,15,0,0,0,1,1,0,1,1,1
2026-03-27 21:56:06.752,443.033,1142,-4,15,0,0,0,1,1,0,1,1,1
2026-03-27 21:56:06.880,443.161,1142,-1,15,0,0,0,1,1,0,1,1,1
2026-03-27 21:56:06.896,443.177,1143,-1,15,0,0,0,1,1,0,1,1,1
2026-03-27 21:56:06.976,443.257,1143,-2,15,0,0,0,1,1,0,1,1,1
2026-03-27 21:56:07.088,443.369,1142,-2,15,0,0,0,1,1,0,1,1,1
2026-03-27 21:56:07.168,443.449,1143,-2,15,0,0,0,1,1,0,1,1,1
2026-03-27 21:56:07.312,443.593,1143,-1,15,0,0,0,1,1,0,1,1,1
2026-03-27 21:56:07.424,443.705,1143,-4,15,0,0,0,1,1,0,1,1,1
2026-03-27 21:56:07.536,443.817,1144,-4,15,0,0,0,1,1,0,1,1,1
2026-03-27 21:56:07.616,443.897,1144,-4,15,0,0,0,1,1,0,1,1,1
2026-03-27 21:56:07.648,443.929,1144,-1,15,0,0,0,1,1,0,1,1,1
2026-03-27 21:56:07.664,443.945,1144,-1,14,0,0,0,1,1,0,1,1,1
2026-03-27 21:56:07.776,444.057,1144,-1,15,0,0,0,1,1,0,1,1,1
2026-03-27 21:56:07.872,444.153,1144,-2,14,0,0,0,1,1,0,1,1,1
2026-03-27 21:56:07.951,444.232,1144,-1,15,0,0,0,1,1,0,1,1,1
2026-03-27 21:56:08.128,444.409,1142,-2,15,0,0,0,1,1,0,1,1,1
2026-03-27 21:56:08.288,444.569,1143,-1,15,0,0,0,1,1,0,1,1,1
2026-03-27 21:56:08.384,444.665,1143,-2,15,0,0,0,1,1,0,1,1,1
2026-03-27 21:56:08.387,444.668,1143,-2,15,0,0,0,1,1,0,1,1,1
2026-03-27 21:56:08.497,444.778,1143,-2,15,0,0,0,1,1,0,1,1,1
2026-03-27 21:56:08.592,444.873,1144,-2,15,0,0,0,1,1,0,1,1,1
2026-03-27 21:56:08.752,445.033,1143,-2,15,0,0,0,1,1,0,1,1,1
2026-03-27 21:56:08.755,445.036,1144,-4,15,0,0,0,1,1,0,1,1,1
2026-03-27 21:56:08.801,445.081,1144,-4,15,0,0,0,1,1,0,1,1,1
2026-03-27 21:56:08.815,445.096,1143,-2,14,0,0,0,1,1,0,1,1,1
2026-03-27 21:56:08.928,445.209,1144,-2,14,0,0,0,1,1,0,1,1,1
2026-03-27 21:56:09.055,445.336,1143,-4,15,0,0,0,1,1,0,1,1,1
2026-03-27 21:56:09.056,445.337,1143,-4,15,0,0,0,1,1,0,1,1,1
2026-03-27 21:56:09.059,445.340,1143,-1,15,0,0,0,1,1,0,1,1,1
2026-03-27 21:56:09.169,445.450,1143,-2,15,0,0,0,1,1,0,1,1,1
2026-03-27 21:56:09.280,445.560,1143,-1,15,0,0,0,1,1,0,1,1,1
2026-03-27 21:56:09.376,445.657,1143,-4,15,0,0,0,1,1,0,1,1,1
2026-03-27 21:56:09.519,445.800,1143,-1,16,0,0,0,1,1,0,1,1,1
2026-03-27 21:56:09.521,445.802,1143,-1,15,0,0,0,1,1,0,1,1,1
2026-03-27 21:56:09.551,445.832,1143,-2,15,0,0,0,1,1,0,1,1,1
2026-03-27 21:56:09.664,445.945,1143,-1,15,0,0,0,1,1,0,1,1,1
2026-03-27 21:56:09.792,446.073,1143,-1,15,0,0,0,1,1,0,1,1,1
2026-03-27 21:56:09.904,446.185,1144,-1,15,0,0,0,1,1,0,1,1,1
2026-03-27 21:56:10.016,446.297,1142,-1,15,0,0,0,1,1,0,1,1,1
2026-03-27 21:56:10.033,446.314,1142,-4,15,0,0,0,1,1,0,1,1,1
2026-03-27 21:56:10.128,446.409,1142,-4,15,0,0,0,1,1,0,1,1,1
2026-03-27 21:56:10.303,446.584,1143,-2,15,0,0,0,1,1,0,1,1,1
2026-03-27 21:56:10.305,446.586,1143,-2,15,0,0,0,1,1,0,1,1,1
2026-03-27 21:56:10.384,446.665,1143,-1,15,0,0,0,1,1,0,1,1,1
2026-03-27 21:56:10.512,446.792,1144,-1,15,0,0,0,1,1,0,1,1,1
2026-03-27 21:56:10.623,446.904,1143,-1,16,0,0,0,1,1,0,1,1,1
2026-03-27 21:56:10.704,446.984,1143,-2,15,0,0,0,1,1,0,1,1,1
2026-03-27 21:56:10.707,446.987,1142,-1,15,0,0,0,1,1,0,1,1,1
2026-03-27 21:56:10.816,447.097,1142,-2,15,0,0,0,1,1,0,1,1,1
2026-03-27 21:56:10.832,447.113,1141,-2,15,0,0,0,1,1,0,1,1,1
2026-03-27 21:56:10.928,447.209,1143,-1,15,0,0,0,1,1,0,1,1,1
2026-03-27 21:56:11.008,447.288,1142,-4,15,0,0,0,1,1,0,1,1,1
2026-03-27 21:56:11.024,447.305,1143,-2,15,0,0,0,1,1,0,1,1,1
2026-03-27 21:56:11.103,447.384,1143,-2,15,0,0,0,1,1,0,1,1,1
2026-03-27 21:56:11.263,447.544,1142,-2,15,0,0,0,1,1,0,1,1,1
2026-03-27 21:56:11.344,447.625,1143,-1,15,0,0,0,1,1,0,1,1,1
2026-03-27 21:56:11.488,447.769,1143,-1,15,0,0,0,1,1,0,1,1,1
2026-03-27 21:56:11.567,447.848,1144,-1,15,0,0,0,1,1,0,1,1,1
2026-03-27 21:56:11.632,447.913,1143,-1,15,0,0,0,1,1,0,1,1,1
2026-03-27 21:56:11.791,448.072,1143,-1,13,0,0,0,1,1,0,1,1,1
2026-03-27 21:56:11.793,448.074,1143,-1,13,0,0,0,1,1,0,1,1,1
2026-03-27 21:56:11.872,448.152,1143,-2,15,0,0,0,1,1,0,1,1,1
2026-03-27 21:56:11.952,448.233,1143,-1,15,0,0,0,1,1,0,1,1,1
2026-03-27 21:56:12.063,448.344,1144,-2,15,0,0,0,1,1,0,1,1,1
2026-03-27 21:56:12.176,448.456,1144,-1,15,0,0,0,1,1,0,1,1,1
2026-03-27 21:56:12.256,448.537,1145,-2,15,0,0,0,1,1,0,1,1,1
2026-03-27 21:56:12.336,448.617,1145,-1,15,0,0,0,1,1,0,1,1,1
2026-03-27 21:56:12.480,448.761,1146,-1,15,0,0,0,1,1,0,1,1,1
2026-03-27 21:56:12.655,448.936,1144,-1,15,0,0,0,1,1,0,1,1,1
2026-03-27 21:56:12.704,448.985,1143,-1,15,0,0,0,1,1,0,1,1,1
2026-03-27 21:56:12.896,449.176,1143,-1,15,0,0,0,1,1,0,1,1,1
2026-03-27 21:56:12.911,449.192,1143,-4,15,0,0,0,1,1,0,1,1,1
2026-03-27 21:56:12.960,449.241,1143,-4,15,0,0,0,1,1,0,1,1,1
2026-03-27 21:56:13.071,449.352,1145,-1,15,0,0,0,1,1,0,1,1,1
2026-03-27 21:56:13.120,449.400,1144,-1,15,0,0,0,1,1,0,1,1,1
2026-03-27 21:56:13.121,449.402,1144,-1,15,0,0,0,1,1,0,1,1,1
2026-03-27 21:56:13.216,449.497,1151,-2,15,0,0,0,1,1,0,1,1,1
2026-03-27 21:56:13.327,449.608,1158,-1,16,0,0,0,1,1,0,1,1,1
2026-03-27 21:56:13.407,449.688,1154,-1,16,0,0,0,1,1,0,1,1,1
2026-03-27 21:56:13.487,449.768,1149,-1,16,0,0,0,1,1,0,1,1,1
2026-03-27 21:56:13.760,450.040,1151,-1,16,0,0,0,1,1,0,1,1,1
2026-03-27 21:56:13.841,450.122,1153,-3,16,0,0,0,1,1,0,1,1,1
2026-03-27 21:56:13.984,450.264,1150,-1,16,0,0,0,1,1,0,1,1,1
2026-03-27 21:56:14.047,450.328,1149,-1,15,0,0,0,1,1,0,1,1,1
2026-03-27 21:56:14.352,450.633,1157,-1,16,0,0,0,1,1,0,1,1,1
2026-03-27 21:56:14.354,450.635,1155,-1,16,0,0,0,1,1,0,1,1,1
2026-03-27 21:56:14.431,450.712,1156,-1,15,0,0,0,1,1,0,1,1,1
2026-03-27 21:56:14.433,450.714,1157,-1,15,0,0,0,1,1,0,1,1,1
2026-03-27 21:56:14.575,450.856,1155,-3,15,0,0,0,1,1,0,1,1,1
2026-03-27 21:56:14.577,450.858,1154,-1,16,0,0,0,1,1,0,1,1,1
2026-03-27 21:56:14.639,450.920,1152,-3,15,0,0,0,1,1,0,1,1,1
2026-03-27 21:56:14.751,451.032,1155,-1,16,0,0,0,1,1,0,1,1,1
2026-03-27 21:56:14.863,451.144,1158,-1,15,0,0,0,1,1,0,1,1,1
2026-03-27 21:56:14.865,451.146,1159,-1,16,0,0,0,1,1,0,1,1,1
2026-03-27 21:56:15.008,451.289,1155,-1,16,0,0,0,1,1,0,1,1,1
2026-03-27 21:56:15.039,451.320,1158,-1,16,0,0,0,1,1,0,1,1,1
2026-03-27 21:56:15.199,451.480,1153,0,16,0,0,0,1,1,0,1,1,1
2026-03-27 21:56:15.216,451.497,1153,-1,15,0,0,0,1,1,0,1,1,1
2026-03-27 21:56:15.327,451.608,1158,-1,15,0,0,0,1,1,0,1,1,1
2026-03-27 21:56:15.360,451.641,1157,-1,16,0,0,0,1,1,0,1,1,1
2026-03-27 21:56:15.439,451.720,1158,-3,16,0,0,0,1,1,0,1,1,1
2026-03-27 21:56:15.663,451.944,1162,-1,15,0,0,0,1,1,0,1,1,1
2026-03-27 21:56:15.695,451.976,1157,-1,15,0,0,0,1,1,0,1,1,1
2026-03-27 21:56:15.824,452.105,1158,-1,16,0,0,0,1,1,0,1,1,1
2026-03-27 21:56:15.887,452.168,1155,-1,15,0,0,0,1,1,0,1,1,1
2026-03-27 21:56:15.904,452.185,1156,0,16,0,0,0,1,1,0,1,1,1
2026-03-27 21:56:16.047,452.328,1157,-1,15,0,0,0,1,1,0,1,1,1
2026-03-27 21:56:16.095,452.376,1155,0,16,0,0,0,1,1,0,1,1,1
2026-03-27 21:56:16.192,452.473,1157,-1,16,0,0,0,1,1,0,1,1,1
2026-03-27 21:56:16.303,452.584,1156,0,16,0,0,0,1,1,0,1,1,1
2026-03-27 21:56:16.304,452.585,1156,-1,16,0,0,0,1,1,0,1,1,1
2026-03-27 21:56:16.305,452.586,1153,0,0,0,0,0,0,0,0,0,0,0
2026-03-27 21:56:16.319,452.600,1159,-1,15,0,0,0,1,1,0,1,1,1
2026-03-27 21:56:16.431,452.712,1159,0,15,0,0,0,1,1,0,1,1,1
2026-03-27 21:56:16.479,452.760,1153,-1,15,0,0,0,1,1,0,1,1,1
2026-03-27 21:56:16.672,452.952,1159,-4,16,0,0,0,1,1,0,1,1,1
2026-03-27 21:56:16.767,453.048,1157,-3,15,0,0,0,1,1,0,1,1,1
2026-03-27 21:56:16.831,453.112,1159,-1,15,0,0,0,1,1,0,1,1,1
2026-03-27 21:56:16.832,453.113,1160,-1,15,0,0,0,1,1,0,1,1,1
2026-03-27 21:56:16.896,453.176,1162,-1,16,0,0,0,1,1,0,1,1,1
2026-03-27 21:56:17.055,453.336,1158,-1,15,0,0,0,1,1,0,1,1,1
2026-03-27 21:56:17.120,453.401,1158,-1,16,0,0,0,1,1,0,1,1,1
2026-03-27 21:56:17.216,453.497,1159,-1,15,0,0,0,1,1,0,1,1,1
2026-03-27 21:56:17.233,453.514,1156,-4,16,0,0,0,1,1,0,1,1,1
2026-03-27 21:56:17.279,453.560,1155,-4,16,0,0,0,1,1,0,1,1,1
2026-03-27 21:56:17.440,453.721,1160,-1,15,0,0,0,1,1,0,1,1,1
2026-03-27 21:56:17.504,453.785,1159,-1,16,0,0,0,1,1,0,1,1,1
2026-03-27 21:56:17.600,453.881,1160,-1,16,0,0,0,1,1,0,1,1,1
2026-03-27 21:56:17.712,453.993,1153,-3,16,0,0,0,1,1,0,1,1,1
2026-03-27 21:56:17.775,454.056,1156,-1,16,0,0,0,1,1,0,1,1,1
2026-03-27 21:56:17.904,454.184,1160,-1,16,0,0,0,1,1,0,1,1,1
2026-03-27 21:56:17.906,454.187,1155,-1,15,0,0,0,1,1,0,1,1,1
2026-03-27 21:56:17.951,454.232,1157,0,15,0,0,0,1,1,0,1,1,1
2026-03-27 21:56:18.111,454.392,1159,-1,15,0,0,0,1,1,0,1,1,1
2026-03-27 21:56:18.159,454.440,1159,-1,15,0,0,0,1,1,0,1,1,1
2026-03-27 21:56:18.352,454.633,1162,-4,16,0,0,0,0,1,0,1,1,1
2026-03-27 21:56:18.431,454.712,1157,-1,16,0,0,0,1,1,0,1,1,1
2026-03-27 21:56:18.448,454.728,1158,-1,15,0,0,0,1,1,0,1,1,1
2026-03-27 21:56:18.559,454.840,1155,-1,16,0,0,0,1,1,0,1,1,1
2026-03-27 21:56:18.655,454.936,1158,-3,16,0,0,0,1,1,0,1,1,1
2026-03-27 21:56:18.799,455.080,1159,-3,16,0,0,0,1,1,0,1,1,1
2026-03-27 21:56:18.879,455.160,1158,-3,15,0,0,0,1,1,0,1,1,1
2026-03-27 21:56:18.975,455.256,1159,-1,14,0,0,0,1,1,0,1,1,1
2026-03-27 21:56:19.055,455.336,1161,-1,15,0,0,0,1,1,0,1,1,1
2026-03-27 21:56:19.183,455.464,1160,-3,16,0,0,0,1,1,0,1,1,1
2026-03-27 21:56:19.199,455.480,1159,-1,16,0,0,0,1,1,0,1,1,1
2026-03-27 21:56:19.375,455.656,0,0,0,0,0,0,1,1,0,1,1,1
2026-03-27 21:56:19.536,455.816,1160,-4,15,0,0,0,1,1,0,1,1,1
2026-03-27 21:56:19.631,455.912,1157,-3,15,0,0,0,1,1,0,1,1,1
2026-03-27 21:56:19.695,455.976,1157,-1,15,0,0,0,1,1,0,1,1,1
2026-03-27 21:56:19.791,456.071,1162,-1,15,0,0,0,1,1,0,1,1,1
2026-03-27 21:56:19.887,456.168,1166,-1,15,0,0,0,1,1,0,1,1,1
2026-03-27 21:56:19.952,456.233,1172,-1,15,0,0,0,1,1,0,1,1,1
2026-03-27 21:56:20.080,456.361,1176,-1,15,0,0,0,1,1,0,1,1,1
2026-03-27 21:56:20.192,456.473,1165,0,16,0,0,0,1,1,0,1,1,1
2026-03-27 21:56:20.194,456.475,1163,-4,15,0,0,0,1,1,0,1,1,1
2026-03-27 21:56:20.350,456.631,1167,-4,15,0,0,0,1,1,0,1,1,1
2026-03-27 21:56:20.416,456.697,1162,-1,16,0,0,0,1,1,0,1,1,1
2026-03-27 21:56:20.432,456.713,1159,-1,16,0,0,0,1,1,0,1,1,1
2026-03-27 21:56:20.434,456.715,1160,-1,15,0,0,0,1,1,0,1,1,1
2026-03-27 21:56:20.543,456.824,1160,-1,16,0,0,0,1,1,0,1,1,1
2026-03-27 21:56:20.703,456.984,1155,-1,16,0,0,0,1,1,0,1,1,1
2026-03-27 21:56:20.800,457.080,1153,0,16,0,0,0,1,1,0,1,1,1
2026-03-27 21:56:20.802,457.083,1152,-1,16,0,0,0,1,1,0,1,1,1
2026-03-27 21:56:20.895,457.176,1155,0,16,0,0,0,1,1,0,1,1,1
2026-03-27 21:56:20.991,457.272,1158,-1,16,0,0,0,1,1,0,1,1,1
2026-03-27 21:56:21.007,457.287,1160,-1,16,0,0,0,1,1,0,1,1,1
2026-03-27 21:56:21.071,457.352,1162,-1,16,0,0,0,1,1,0,1,1,1
2026-03-27 21:56:21.074,457.355,1158,-3,16,0,0,0,1,1,0,1,1,1
2026-03-27 21:56:21.184,457.464,1157,-4,16,0,0,0,1,1,0,1,1,1
2026-03-27 21:56:21.280,457.561,1161,-1,16,0,0,0,1,1,0,1,1,1
2026-03-27 21:56:21.391,457.671,1160,-3,16,0,0,0,1,1,0,1,1,1
2026-03-27 21:56:21.392,457.673,1160,-3,16,0,0,0,1,1,0,1,1,1
2026-03-27 21:56:21.551,457.832,1154,-4,16,0,0,0,1,1,0,1,1,1
2026-03-27 21:56:21.631,457.912,1157,-1,16,0,0,0,1,1,0,1,1,1
2026-03-27 21:56:21.647,457.927,1156,-1,16,0,0,0,1,1,0,1,1,1
2026-03-27 21:56:21.695,457.976,1159,-1,16,0,0,0,1,1,0,1,1,1
2026-03-27 21:56:21.806,458.087,1158,-1,15,0,0,0,1,1,0,1,1,1
2026-03-27 21:56:21.808,458.089,1160,-1,16,0,0,0,1,1,0,1,1,1
2026-03-27 21:56:21.823,458.104,1156,-4,16,0,0,0,1,1,0,1,1,1
2026-03-27 21:56:21.983,458.264,1155,-4,16,0,0,0,1,1,0,1,1,1
2026-03-27 21:56:22.031,458.312,1160,-1,15,0,0,0,1,1,0,1,1,1
2026-03-27 21:56:22.127,458.408,1154,-1,16,0,0,0,1,1,0,1,1,1
2026-03-27 21:56:22.239,458.520,1157,0,16,0,0,0,1,1,0,1,1,1
2026-03-27 21:56:22.416,458.697,1158,-1,15,0,0,0,1,1,0,1,1,1
2026-03-27 21:56:22.527,458.808,1160,-1,15,0,0,0,1,1,0,1,1,1
2026-03-27 21:56:22.671,458.952,1159,-1,16,0,0,0,1,1,0,1,1,1
2026-03-27 21:56:22.752,459.033,1153,-1,16,0,0,0,1,1,0,1,1,1
2026-03-27 21:56:22.895,459.176,1156,-1,15,0,0,0,1,1,0,1,1,1
2026-03-27 21:56:22.896,459.177,1158,-1,15,0,0,0,1,1,0,1,1,1
2026-03-27 21:56:23.007,459.288,1158,-1,16,0,0,0,1,1,0,1,1,1
2026-03-27 21:56:23.119,459.400,1155,-1,16,0,0,0,1,1,0,1,1,1
2026-03-27 21:56:23.215,459.496,1163,-1,16,0,0,0,1,1,0,1,1,1
2026-03-27 21:56:23.295,459.576,1159,-1,16,0,0,0,1,1,0,1,1,1
2026-03-27 21:56:23.359,459.640,1161,-3,16,0,0,0,1,1,0,1,1,1
2026-03-27 21:56:23.362,459.643,1154,-3,16,0,0,0,1,1,0,1,1,1
2026-03-27 21:56:23.471,459.752,1155,-4,16,0,0,0,1,1,0,1,1,1
2026-03-27 21:56:23.631,459.912,1156,-1,16,0,0,0,1,1,0,1,1,1
2026-03-27 21:56:23.695,459.976,1152,-1,15,0,0,0,1,1,0,1,1,1
2026-03-27 21:56:23.697,459.977,1153,-1,16,0,0,0,1,1,0,1,1,1
2026-03-27 21:56:23.759,460.040,1157,-1,15,0,0,0,1,1,0,1,1,1
2026-03-27 21:56:23.888,460.168,1156,-1,16,0,0,0,1,1,0,1,1,1
2026-03-27 21:56:23.982,460.263,1153,-1,16,0,0,0,1,1,0,1,1,1
2026-03-27 21:56:23.984,460.265,1153,-1,15,0,0,0,1,1,0,1,1,1
2026-03-27 21:56:24.047,460.328,1153,-4,15,0,0,0,1,1,0,1,1,1
2026-03-27 21:56:24.223,460.504,1163,-4,15,0,0,0,1,1,0,1,1,1
2026-03-27 21:56:24.271,460.552,1163,-1,16,0,0,0,1,1,0,1,1,1
2026-03-27 21:56:24.415,460.696,1159,-4,15,0,0,0,1,1,0,1,1,1
2026-03-27 21:56:24.417,460.698,1161,-4,15,0,0,0,1,1,0,1,1,1
2026-03-27 21:56:24.463,460.744,1164,-1,15,0,0,0,1,1,0,1,1,1
2026-03-27 21:56:24.464,460.745,1162,-1,16,0,0,0,1,1,0,1,1,1
2026-03-27 21:56:24.607,460.888,1167,-1,15,0,0,0,1,1,0,1,1,1
2026-03-27 21:56:24.671,460.952,1157,-1,15,0,0,0,1,1,0,1,1,1
2026-03-27 21:56:24.831,461.112,1160,-3,16,0,0,0,1,1,0,1,1,1
2026-03-27 21:56:24.959,461.240,1158,-3,16,0,0,0,1,1,0,1,1,1
2026-03-27 21:56:25.023,461.304,1163,-1,15,0,0,0,1,1,0,1,1,1
2026-03-27 21:56:25.183,461.464,1163,-4,15,0,0,0,1,1,0,1,1,1
2026-03-27 21:56:25.186,461.466,1161,-3,16,0,0,0,1,1,0,1,1,1
2026-03-27 21:56:25.279,461.560,1163,-3,16,0,0,0,1,1,0,1,1,1
2026-03-27 21:56:25.327,461.608,1158,-1,16,0,0,0,1,1,0,1,1,1
2026-03-27 21:56:25.423,461.704,1160,-1,16,0,0,0,1,1,0,1,1,1
2026-03-27 21:56:25.426,461.707,1158,-1,16,0,0,0,1,1,0,1,1,1
2026-03-27 21:56:25.679,461.960,1161,-1,15,0,0,0,1,1,0,1,1,1
2026-03-27 21:56:25.681,461.962,1162,-1,15,0,0,0,1,1,0,1,1,1
2026-03-27 21:56:25.822,462.103,1164,-1,15,0,0,0,1,1,0,1,1,1
2026-03-27 21:56:25.902,462.183,1160,-4,15,0,0,0,1,1,0,1,1,1
2026-03-27 21:56:25.904,462.185,1164,-4,15,0,0,0,1,1,0,1,1,1
2026-03-27 21:56:26.015,462.295,1165,-1,16,0,0,0,1,1,0,1,1,1
2026-03-27 21:56:26.016,462.297,1165,-3,16,0,0,0,1,1,0,1,1,1
2026-03-27 21:56:26.047,462.328,1158,-1,16,0,0,0,1,1,0,1,1,1
2026-03-27 21:56:26.207,462.488,1158,-3,16,0,0,0,1,1,0,1,1,1
2026-03-27 21:56:26.208,462.489,1160,-3,16,0,0,0,1,1,0,1,1,1
2026-03-27 21:56:26.287,462.568,1159,-3,16,0,0,0,1,1,0,1,1,1
2026-03-27 21:56:26.288,462.569,1158,-4,15,0,0,0,1,1,0,1,1,1
2026-03-27 21:56:26.431,462.712,1165,-1,16,0,0,0,1,1,0,1,1,1
2026-03-27 21:56:26.511,462.792,1159,-3,16,0,0,0,1,1,0,1,1,1
2026-03-27 21:56:26.623,462.903,1158,-4,16,0,0,0,1,1,0,1,1,1
2026-03-27 21:56:26.688,462.969,1156,-4,15,0,0,0,1,1,0,1,1,1
2026-03-27 21:56:26.691,462.972,1162,-1,15,0,0,0,1,1,0,1,1,1
2026-03-27 21:56:26.783,463.064,1160,-1,15,0,0,0,1,1,0,1,1,1
2026-03-27 21:56:26.863,463.144,1162,-1,16,0,0,0,1,1,0,1,1,1
2026-03-27 21:56:26.975,463.256,1167,-4,16,0,0,0,1,1,0,1,1,1
2026-03-27 21:56:27.087,463.368,1161,-1,16,0,0,0,1,1,0,1,1,1
2026-03-27 21:56:27.088,463.369,1161,-3,16,0,0,0,1,1,0,1,1,1
2026-03-27 21:56:27.166,463.447,1162,-1,15,0,0,0,1,1,0,1,1,1
2026-03-27 21:56:27.295,463.576,1158,-1,16,0,0,0,1,1,0,1,1,1
2026-03-27 21:56:27.406,463.687,1158,-1,16,0,0,0,1,1,0,1,1,1
2026-03-27 21:56:27.409,463.690,1160,0,15,0,0,0,1,1,0,1,1,1
2026-03-27 21:56:27.503,463.784,1159,-3,16,0,0,0,1,1,0,1,1,1
2026-03-27 21:56:27.583,463.863,1163,-1,16,0,0,0,1,1,0,1,1,1
2026-03-27 21:56:27.679,463.960,1163,-3,15,0,0,0,1,1,0,1,1,1
2026-03-27 21:56:27.839,464.120,1165,-1,15,0,0,0,1,1,0,1,1,1
2026-03-27 21:56:27.935,464.216,1160,0,16,0,0,0,1,1,0,1,1,1
2026-03-27 21:56:28.095,464.376,1160,-1,16,0,0,0,1,1,0,1,1,1
2026-03-27 21:56:28.223,464.504,1167,-1,16,0,0,0,1,1,0,1,1,1
2026-03-27 21:56:28.287,464.567,1158,-1,16,0,0,0,1,1,0,1,1,1
2026-03-27 21:56:28.399,464.680,1167,-1,15,0,0,0,1,1,0,1,1,1
2026-03-27 21:56:28.575,464.856,1162,-1,15,0,0,0,1,1,0,1,1,1
2026-03-27 21:56:28.591,464.872,1167,-4,16,0,0,0,1,1,0,1,1,1
2026-03-27 21:56:28.703,464.984,1159,-4,16,0,0,0,1,1,0,1,1,1
2026-03-27 21:56:28.815,465.096,1158,-1,16,0,0,0,1,1,0,1,1,1
2026-03-27 21:56:28.959,465.240,1156,0,16,0,0,0,1,1,0,1,1,1
2026-03-27 21:56:28.990,465.271,1162,-1,16,0,0,0,1,1,0,1,1,1
2026-03-27 21:56:29.119,465.400,1161,-1,16,0,0,0,1,1,0,1,1,1
2026-03-27 21:56:29.247,465.528,1158,-3,16,0,0,0,1,1,0,1,1,1
2026-03-27 21:56:29.423,465.704,1158,-1,15,0,0,0,1,1,0,1,1,1
2026-03-27 21:56:29.535,465.816,1166,-1,15,0,0,0,1,1,0,1,1,1
2026-03-27 21:56:29.552,465.832,1161,-1,16,0,0,0,1,1,0,1,1,1
2026-03-27 21:56:29.663,465.944,1163,-1,16,0,0,0,1,1,0,1,1,1
2026-03-27 21:56:29.775,466.056,1163,-1,16,0,0,0,1,1,0,1,1,1
2026-03-27 21:56:29.855,466.136,1168,-1,15,0,0,0,1,1,0,1,1,1
2026-03-27 21:56:29.918,466.199,1164,-1,16,0,0,0,1,1,0,1,1,1
2026-03-27 21:56:29.939,466.220,1159,-1,16,0,0,0,1,1,0,1,1,1
2026-03-27 21:56:30.062,466.343,1162,-1,16,0,0,0,1,1,0,1,1,1
2026-03-27 21:56:30.174,466.455,1159,-1,16,0,0,0,1,1,0,1,1,1
2026-03-27 21:56:30.175,466.456,1158,-1,16,0,0,0,1,1,0,1,1,1
2026-03-27 21:56:30.191,466.472,1161,-3,16,0,0,0,1,1,0,1,1,1
2026-03-27 21:56:30.287,466.568,1164,-4,16,0,0,0,1,1,0,1,1,1
2026-03-27 21:56:30.367,466.647,1163,-1,15,0,0,0,1,1,0,1,1,1
2026-03-27 21:56:30.382,466.663,1166,-1,15,0,0,0,1,1,0,1,1,1
2026-03-27 21:56:30.543,466.824,1163,-1,16,0,0,0,1,1,0,1,1,1
2026-03-27 21:56:30.591,466.872,1157,-3,16,0,0,0,1,1,0,1,1,1
2026-03-27 21:56:30.751,467.032,1159,-1,16,0,0,0,1,1,0,1,1,1
2026-03-27 21:56:30.863,467.144,1164,-1,16,0,0,0,1,1,0,1,1,1
2026-03-27 21:56:30.974,467.255,1160,-1,16,0,0,0,1,1,0,1,1,1
2026-03-27 21:56:31.103,467.384,1165,-4,15,0,0,0,1,1,0,1,1,1
2026-03-27 21:56:31.106,467.387,1163,-1,15,0,0,0,1,1,0,1,1,1
2026-03-27 21:56:31.135,467.416,1166,-1,16,0,0,0,1,1,0,1,1,1
2026-03-27 21:56:31.295,467.576,1163,0,16,0,0,0,1,1,0,1,1,1
2026-03-27 21:56:31.342,467.623,1159,-1,16,0,0,0,1,1,0,1,1,1
2026-03-27 21:56:31.455,467.736,1161,-1,16,0,0,0,1,1,0,1,1,1
2026-03-27 21:56:31.582,467.863,1156,-1,16,0,0,0,1,1,0,1,1,1
2026-03-27 21:56:31.742,468.023,1161,-4,16,0,0,0,1,1,0,1,1,1
2026-03-27 21:56:31.822,468.103,1162,-1,16,0,0,0,1,1,0,1,1,1
2026-03-27 21:56:31.823,468.104,1162,-3,16,0,0,0,1,1,0,1,1,1
2026-03-27 21:56:31.951,468.232,1160,-1,16,0,0,0,1,1,0,1,1,1
2026-03-27 21:56:32.046,468.327,1163,-1,15,0,0,0,1,1,0,1,1,1
2026-03-27 21:56:32.190,468.471,1165,-1,16,0,0,0,1,1,0,1,1,1
2026-03-27 21:56:32.191,468.472,1164,-1,15,0,0,0,1,1,0,1,1,1
2026-03-27 21:56:32.255,468.536,1162,-1,16,0,0,0,1,1,0,1,1,1
2026-03-27 21:56:32.351,468.632,1163,-3,16,0,0,0,1,1,0,1,1,1
2026-03-27 21:56:32.431,468.712,1164,-1,16,0,0,0,1,1,0,1,1,1
2026-03-27 21:56:32.575,468.855,1161,-1,15,0,0,0,1,1,0,1,1,1
2026-03-27 21:56:32.576,468.857,1165,-1,15,0,0,0,1,1,0,1,1,1
2026-03-27 21:56:32.702,468.983,1160,-3,16,0,0,0,1,1,0,1,1,1
2026-03-27 21:56:32.830,469.111,1158,-3,15,0,0,0,1,1,0,1,1,1
2026-03-27 21:56:32.862,469.143,1161,-4,16,0,0,0,1,1,0,1,1,1
2026-03-27 21:56:33.055,469.336,1164,-1,16,0,0,0,1,1,0,1,1,1
2026-03-27 21:56:33.086,469.367,1164,-1,15,0,0,0,1,1,0,1,1,1
2026-03-27 21:56:33.088,469.369,1166,-1,15,0,0,0,1,1,0,1,1,1
2026-03-27 21:56:33.215,469.496,1165,-3,16,0,0,0,1,1,0,1,1,1
2026-03-27 21:56:33.218,469.499,1160,-1,16,0,0,0,1,1,0,1,1,1
2026-03-27 21:56:33.262,469.543,1160,-1,16,0,0,0,1,1,0,1,1,1
2026-03-27 21:56:33.390,469.671,1161,-1,15,0,0,0,1,1,0,1,1,1
2026-03-27 21:56:33.392,469.673,1164,-1,15,0,0,0,1,1,0,1,1,1
2026-03-27 21:56:33.487,469.768,1161,-1,16,0,0,0,1,1,0,1,1,1
2026-03-27 21:56:33.583,469.864,1158,-1,16,0,0,0,1,1,0,1,1,1
2026-03-27 21:56:33.742,470.023,1165,-1,15,0,0,0,1,1,0,1,1,1
2026-03-27 21:56:33.870,470.151,1169,-1,15,0,0,0,1,1,0,1,1,1
2026-03-27 21:56:33.966,470.247,1163,-1,16,0,0,0,1,1,0,1,1,1
2026-03-27 21:56:34.079,470.360,1158,-1,16,0,0,0,1,1,0,1,1,1
2026-03-27 21:56:34.190,470.471,1161,0,16,0,0,0,1,1,0,1,1,1
2026-03-27 21:56:34.192,470.472,1162,0,16,0,0,0,1,1,0,1,1,1
2026-03-27 21:56:34.318,470.599,1162,-1,16,0,0,0,1,1,0,1,1,1
2026-03-27 21:56:34.334,470.615,1167,-1,16,0,0,0,1,1,0,1,1,1
2026-03-27 21:56:34.382,470.663,1166,-1,16,0,0,0,1,1,0,1,1,1
2026-03-27 21:56:34.400,470.681,1165,-1,16,0,0,0,1,1,0,1,1,1
2026-03-27 21:56:34.526,470.807,1164,-1,16,0,0,0,1,1,0,1,1,1
2026-03-27 21:56:34.638,470.919,1158,-1,16,0,0,0,1,1,0,1,1,1
2026-03-27 21:56:34.766,471.047,1159,-1,15,0,0,0,1,1,0,1,1,1
2026-03-27 21:56:34.768,471.049,1164,-1,16,0,0,0,1,1,0,1,1,1
2026-03-27 21:56:34.863,471.144,1163,-1,16,0,0,0,1,1,0,1,1,1
2026-03-27 21:56:34.910,471.191,1161,-1,16,0,0,0,1,1,0,1,1,1
2026-03-27 21:56:35.055,471.336,1162,-3,16,0,0,0,1,1,0,1,1,1
2026-03-27 21:56:35.167,471.447,1162,-4,16,0,0,0,1,1,0,1,1,1
2026-03-27 21:56:35.198,471.479,1163,-1,15,0,0,0,1,1,0,1,1,1
2026-03-27 21:56:35.502,471.783,1163,-4,16,0,0,0,1,1,0,1,1,1
2026-03-27 21:56:35.583,471.863,1164,-3,16,0,0,0,1,1,0,1,1,1
2026-03-27 21:56:35.663,471.944,1166,-3,16,0,0,0,1,1,0,1,1,1
2026-03-27 21:56:35.806,472.086,1166,-1,16,0,0,0,1,1,0,1,1,1
2026-03-27 21:56:35.822,472.103,1168,0,16,0,0,0,1,1,0,1,1,1
2026-03-27 21:56:35.823,472.104,1163,-1,15,0,0,0,0,0,0,0,0,0
2026-03-27 21:56:35.824,472.105,1157,-3,16,0,0,0,1,1,0,1,1,1
2026-03-27 21:56:36.111,472.392,1169,-1,16,0,0,0,1,1,0,1,1,1
2026-03-27 21:56:36.238,472.519,1161,-1,16,0,0,0,1,1,0,1,1,1
2026-03-27 21:56:36.286,472.567,1172,-4,15,0,0,0,1,1,0,1,1,1
2026-03-27 21:56:36.366,472.647,1166,-1,15,0,0,0,1,1,0,1,1,1
2026-03-27 21:56:36.367,472.648,1169,-1,15,0,0,0,1,1,0,1,1,1
2026-03-27 21:56:36.558,472.839,1163,-3,16,0,0,0,1,1,0,1,1,1
2026-03-27 21:56:36.655,472.936,1159,0,16,0,0,0,1,1,0,1,1,1
2026-03-27 21:56:36.703,472.984,1163,-3,16,0,0,0,1,1,0,1,1,1
2026-03-27 21:56:36.705,472.986,1158,-3,16,0,0,0,1,1,0,1,1,1
2026-03-27 21:56:36.799,473.079,1159,-3,16,0,0,0,1,1,0,1,1,1
2026-03-27 21:56:36.926,473.207,1163,-1,13,0,0,0,1,1,0,1,1,1
2026-03-27 21:56:36.927,473.208,1162,-1,16,0,0,0,1,1,0,1,1,1
2026-03-27 21:56:37.086,473.367,1166,-1,16,0,0,0,1,1,0,1,1,1
2026-03-27 21:56:37.088,473.368,1165,-1,16,0,0,0,1,1,0,1,1,1
2026-03-27 21:56:37.150,473.431,1160,-3,16,0,0,0,1,1,0,1,1,1
2026-03-27 21:56:37.261,473.542,1161,-1,15,0,0,0,1,1,0,1,1,1
2026-03-27 21:56:37.342,473.623,1165,-1,16,0,0,0,1,1,0,1,1,1
2026-03-27 21:56:37.390,473.671,1162,-3,16,0,0,0,1,1,0,1,1,1
2026-03-27 21:56:37.517,473.798,1163,-1,16,0,0,0,1,1,0,1,1,1
2026-03-27 21:56:37.520,473.801,1169,-1,16,0,0,0,1,1,0,1,1,1
2026-03-27 21:56:37.582,473.863,1167,-1,16,0,0,0,1,1,0,1,1,1
2026-03-27 21:56:37.710,473.990,1165,-1,15,0,0,0,1,1,0,1,1,1
2026-03-27 21:56:37.711,473.992,1168,-1,15,0,0,0,1,1,0,1,1,1
2026-03-27 21:56:37.886,474.167,1160,-1,16,0,0,0,1,1,0,1,1,1
2026-03-27 21:56:37.951,474.232,1160,-1,16,0,0,0,1,1,0,1,1,1
2026-03-27 21:56:37.966,474.247,1161,-1,16,0,0,0,1,1,0,1,1,1
2026-03-27 21:56:38.270,474.551,1169,-1,15,0,0,0,1,1,0,1,1,1
2026-03-27 21:56:38.366,474.647,1171,-1,16,0,0,0,1,1,0,1,1,1
2026-03-27 21:56:38.478,474.759,1158,0,16,0,0,0,1,1,0,1,1,1
2026-03-27 21:56:38.481,474.762,1161,-1,16,0,0,0,1,1,0,1,1,1
2026-03-27 21:56:38.543,474.824,1164,-1,15,0,0,0,1,1,0,1,1,1
2026-03-27 21:56:38.718,474.999,1159,-1,15,0,0,0,1,1,0,1,1,1
2026-03-27 21:56:38.734,475.015,1157,-1,16,0,0,0,1,1,0,1,1,1
2026-03-27 21:56:38.830,475.111,1161,-1,16,0,0,0,1,1,0,1,1,1
2026-03-27 21:56:38.878,475.159,1164,-1,15,0,0,0,1,1,0,1,1,1
2026-03-27 21:56:39.022,475.303,1167,-1,15,0,0,0,1,1,0,1,1,1
2026-03-27 21:56:39.102,475.383,1165,-1,16,0,0,0,1,1,0,1,1,1
2026-03-27 21:56:39.104,475.385,1165,-1,16,0,0,0,1,1,0,1,1,1
2026-03-27 21:56:39.118,475.399,11,0,0,0,0,0,0,1,0,1,1,1
2026-03-27 21:56:39.230,475.511,1155,-1,16,0,0,0,1,1,0,1,1,1
2026-03-27 21:56:39.232,475.513,1158,-1,16,0,0,0,1,1,0,1,1,1
2026-03-27 21:56:39.326,475.607,1161,-1,16,0,0,0,1,1,0,1,1,1
2026-03-27 21:56:39.422,475.703,1159,0,16,0,0,0,1,1,0,1,1,1
2026-03-27 21:56:39.550,475.831,1162,-1,16,0,0,0,1,1,0,1,1,1
2026-03-27 21:56:39.678,475.959,1163,-3,16,0,0,0,1,1,0,1,1,1
2026-03-27 21:56:39.758,476.039,1163,-1,16,0,0,0,1,1,0,1,1,1
2026-03-27 21:56:39.854,476.135,1157,-1,15,0,0,0,1,1,0,1,1,1
2026-03-27 21:56:39.998,476.279,1161,-1,16,0,0,0,1,1,0,1,1,1
2026-03-27 21:56:40.062,476.343,1163,-1,16,0,0,0,1,1,0,1,1,1
2026-03-27 21:56:40.206,476.487,1165,-1,16,0,0,0,1,1,0,1,1,1
2026-03-27 21:56:40.222,476.503,1167,-1,16,0,0,0,1,1,0,1,1,1
2026-03-27 21:56:40.238,476.519,1162,-1,16,0,0,0,1,1,0,1,1,1
2026-03-27 21:56:40.254,476.535,1161,-1,15,0,0,0,1,1,0,1,1,1
2026-03-27 21:56:40.256,476.537,1165,-1,15,0,0,0,1,1,0,1,1,1
2026-03-27 21:56:40.383,476.663,1168,-1,15,0,0,0,1,1,0,1,1,1
2026-03-27 21:56:40.447,476.727,1162,-1,16,0,0,0,1,1,0,1,1,1
2026-03-27 21:56:40.654,476.935,1159,-1,16,0,0,0,1,1,0,1,1,1
2026-03-27 21:56:40.672,476.953,1159,-4,16,0,0,0,1,1,0,1,1,1
2026-03-27 21:56:40.735,477.016,1159,-3,16,0,0,0,1,1,0,1,1,1
2026-03-27 21:56:40.861,477.142,1163,-1,16,0,0,0,1,1,0,1,1,1
2026-03-27 21:56:40.863,477.144,1166,-1,16,0,0,0,1,1,0,1,1,1
2026-03-27 21:56:40.926,477.207,1163,-1,16,0,0,0,1,1,0,1,1,1
2026-03-27 21:56:41.021,477.302,1168,-3,16,0,0,0,1,1,0,1,1,1
2026-03-27 21:56:41.039,477.320,1169,-3,16,0,0,0,1,1,0,1,1,1
2026-03-27 21:56:41.103,477.384,1157,0,16,0,0,0,1,1,0,1,1,1
2026-03-27 21:56:41.310,477.591,1164,-1,15,0,0,0,1,1,0,1,1,1
2026-03-27 21:56:41.358,477.639,1162,-3,15,0,0,0,1,1,0,1,1,1
2026-03-27 21:56:41.486,477.767,1160,-1,16,0,0,0,1,1,0,1,1,1
2026-03-27 21:56:41.598,477.879,1164,-4,15,0,0,0,1,1,0,1,1,1
2026-03-27 21:56:41.599,477.880,1167,-4,15,0,0,0,1,1,0,1,1,1
2026-03-27 21:56:41.694,477.975,1162,-4,15,0,0,0,1,1,0,1,1,1
2026-03-27 21:56:41.726,478.007,1170,-1,16,0,0,0,1,1,0,1,1,1
2026-03-27 21:56:41.742,478.023,1169,0,16,0,0,0,1,1,0,1,1,1
2026-03-27 21:56:41.886,478.167,1161,-1,16,0,0,0,1,1,0,1,1,1
2026-03-27 21:56:41.889,478.170,1162,0,16,0,0,0,1,1,0,1,1,1
2026-03-27 21:56:42.126,478.407,1163,-1,16,0,0,0,1,1,0,1,1,1
2026-03-27 21:56:42.142,478.423,1168,-1,16,0,0,0,1,1,0,1,1,1
2026-03-27 21:56:42.253,478.534,1166,-1,16,0,0,0,1,1,0,1,1,1
2026-03-27 21:56:42.366,478.647,1163,0,16,0,0,0,1,1,0,1,1,1
2026-03-27 21:56:42.526,478.806,1162,-4,15,0,0,0,1,1,0,1,1,1
2026-03-27 21:56:42.638,478.919,1166,-1,15,0,0,0,1,1,0,1,1,1
2026-03-27 21:56:42.670,478.951,1163,0,16,0,0,0,1,1,0,1,1,1
2026-03-27 21:56:42.766,479.047,1162,0,16,0,0,0,1,1,0,1,1,1
2026-03-27 21:56:42.894,479.175,1167,-1,16,0,0,0,1,1,0,1,1,1
2026-03-27 21:56:42.974,479.255,1164,-1,15,0,0,0,1,1,0,1,1,1
2026-03-27 21:56:43.069,479.350,1163,-1,16,0,0,0,1,1,0,1,1,1
2026-03-27 21:56:43.166,479.447,1161,-1,16,0,0,0,1,1,0,1,1,1
2026-03-27 21:56:43.183,479.464,1160,-1,16,0,0,0,1,1,0,1,1,1
2026-03-27 21:56:43.374,479.655,1160,-1,16,0,0,0,1,1,0,1,1,1
2026-03-27 21:56:43.405,479.686,1161,0,15,0,0,0,1,1,0,1,1,1
2026-03-27 21:56:43.407,479.688,1164,-1,16,0,0,0,1,1,0,1,1,1
2026-03-27 21:56:43.486,479.767,1163,-3,15,0,0,0,1,1,0,1,1,1
2026-03-27 21:56:43.502,479.782,1166,-4,15,0,0,0,1,1,0,1,1,1
2026-03-27 21:56:43.598,479.879,1171,-1,16,0,0,0,1,1,0,1,1,1
2026-03-27 21:56:43.774,480.055,1158,-1,16,0,0,0,1,1,0,1,1,1
2026-03-27 21:56:43.822,480.103,1161,-4,15,0,0,0,1,1,0,1,1,1
2026-03-27 21:56:43.902,480.183,1167,-1,16,0,0,0,1,1,0,1,1,1
2026-03-27 21:56:44.126,480.407,1159,-1,16,0,0,0,1,1,0,1,1,1
2026-03-27 21:56:44.143,480.424,1160,-1,16,0,0,0,1,1,0,1,1,1
2026-03-27 21:56:44.238,480.519,1163,-1,15,0,0,0,1,1,0,1,1,1
2026-03-27 21:56:44.301,480.582,1164,-1,16,0,0,0,1,1,0,1,1,1
2026-03-27 21:56:44.318,480.599,1164,-1,16,0,0,0,1,1,0,1,1,1
2026-03-27 21:56:44.320,480.601,1162,0,16,0,0,0,1,1,0,1,1,1
2026-03-27 21:56:44.430,480.711,1163,-1,16,0,0,0,1,1,0,1,1,1
2026-03-27 21:56:44.558,480.839,1160,-1,16,0,0,0,1,1,0,1,1,1
2026-03-27 21:56:44.686,480.967,1157,-1,16,0,0,0,1,1,0,1,1,1
2026-03-27 21:56:44.830,481.111,1162,-1,16,0,0,0,1,1,0,1,1,1
2026-03-27 21:56:44.878,481.159,1162,-1,16,0,0,0,1,1,0,1,1,1
2026-03-27 21:56:45.021,481.302,1161,-1,16,0,0,0,1,1,0,1,1,1
2026-03-27 21:56:45.023,481.304,1161,0,16,0,0,0,1,1,0,1,1,1
2026-03-27 21:56:45.118,481.399,1158,-1,15,0,0,0,1,1,0,1,1,1
2026-03-27 21:56:45.230,481.511,1165,-1,16,0,0,0,1,1,0,1,1,1
2026-03-27 21:56:45.247,481.528,1162,-1,16,0,0,0,1,1,0,1,1,1
2026-03-27 21:56:45.358,481.639,1164,0,16,0,0,0,1,1,0,1,1,1
2026-03-27 21:56:45.501,481.782,1161,-3,16,0,0,0,1,1,0,1,1,1
2026-03-27 21:56:45.503,481.784,1163,-3,16,0,0,0,1,1,0,1,1,1
2026-03-27 21:56:45.504,481.785,1167,-1,16,0,0,0,1,1,0,1,1,1
2026-03-27 21:56:45.518,481.798,1165,-1,16,0,0,0,1,1,0,1,1,1
2026-03-27 21:56:45.519,481.800,1161,-1,15,0,0,0,1,1,0,1,1,1
2026-03-27 21:56:45.646,481.927,1161,-1,15,0,0,0,1,1,0,1,1,1
2026-03-27 21:56:45.662,481.943,1165,-1,15,0,0,0,1,1,0,1,1,1
2026-03-27 21:56:45.790,482.071,1161,0,16,0,0,0,1,1,0,1,1,1
2026-03-27 21:56:45.934,482.215,1158,-1,16,0,0,0,1,1,0,1,1,1
2026-03-27 21:56:45.950,482.231,1161,-1,16,0,0,0,1,1,0,1,1,1
2026-03-27 21:56:46.062,482.343,1160,-1,16,0,0,0,1,1,0,1,1,1
2026-03-27 21:56:46.158,482.438,1164,-1,15,0,0,0,1,1,0,1,1,1
2026-03-27 21:56:46.254,482.535,1165,-4,15,0,0,0,1,1,0,1,1,1
2026-03-27 21:56:46.382,482.663,1162,-1,16,0,0,0,1,1,0,1,1,1
2026-03-27 21:56:46.414,482.695,1155,-1,16,0,0,0,1,1,0,1,1,1
2026-03-27 21:56:46.542,482.823,1163,-1,16,0,0,0,1,1,0,1,1,1
2026-03-27 21:56:46.669,482.950,1163,-1,16,0,0,0,1,1,0,1,1,1
2026-03-27 21:56:46.671,482.952,1162,-1,16,0,0,0,1,1,0,1,1,1
2026-03-27 21:56:46.717,482.998,1156,-1,16,0,0,0,1,1,0,1,1,1
2026-03-27 21:56:46.942,483.223,1164,-1,16,0,0,0,1,1,0,1,1,1
2026-03-27 21:56:47.102,483.383,1162,-1,16,0,0,0,1,1,0,1,1,1
2026-03-27 21:56:47.165,483.446,1157,-1,16,0,0,0,1,1,0,1,1,1
2026-03-27 21:56:47.245,483.526,1160,0,16,0,0,0,1,1,0,1,1,1
2026-03-27 21:56:47.358,483.638,1162,-1,16,0,0,0,1,1,0,1,1,1
2026-03-27 21:56:47.453,483.734,1164,-1,16,0,0,0,1,1,0,1,1,1
2026-03-27 21:56:47.470,483.751,1163,-1,16,0,0,0,1,1,0,1,1,1
2026-03-27 21:56:47.549,483.830,1168,-1,16,0,0,0,1,1,0,1,1,1
2026-03-27 21:56:47.551,483.831,1166,-1,16,0,0,0,1,1,0,1,1,1
2026-03-27 21:56:47.694,483.975,1159,-1,16,0,0,0,1,1,0,1,1,1
2026-03-27 21:56:47.710,483.991,1157,-1,15,0,0,0,1,1,0,1,1,1
2026-03-27 21:56:47.789,484.070,1161,-1,15,0,0,0,1,1,0,1,1,1
2026-03-27 21:56:47.902,484.183,1161,-1,16,0,0,0,1,1,0,1,1,1
2026-03-27 21:56:48.014,484.295,1164,-1,16,0,0,0,1,1,0,1,1,1
2026-03-27 21:56:48.015,484.296,1166,0,15,0,0,0,1,1,0,1,1,1
2026-03-27 21:56:48.030,484.311,1165,-1,15,0,0,0,1,1,0,1,1,1
2026-03-27 21:56:48.077,484.358,1168,-1,16,0,0,0,1,1,0,1,1,1
2026-03-27 21:56:48.190,484.471,1163,-1,16,0,0,0,1,1,0,1,1,1
2026-03-27 21:56:48.333,484.614,1164,-4,15,0,0,0,1,1,0,1,1,1
2026-03-27 21:56:48.398,484.679,1162,-1,16,0,0,0,1,1,0,1,1,1
2026-03-27 21:56:48.478,484.759,1160,-1,16,0,0,0,1,1,0,1,1,1
2026-03-27 21:56:48.557,484.838,1160,-1,16,0,0,0,1,1,0,1,1,1
2026-03-27 21:56:48.559,484.840,1160,0,16,0,0,0,1,1,0,1,1,1
2026-03-27 21:56:48.702,484.983,1164,-1,16,0,0,0,1,1,0,1,1,1
2026-03-27 21:56:48.781,485.062,1163,-1,15,0,0,0,1,1,0,1,1,1
2026-03-27 21:56:48.861,485.142,1163,-3,16,0,0,0,1,1,0,1,1,1
2026-03-27 21:56:48.879,485.159,1162,-1,16,0,0,0,1,1,0,1,1,1
2026-03-27 21:56:48.957,485.238,1162,0,16,0,0,0,1,1,0,1,1,1
2026-03-27 21:56:49.038,485.319,1168,-1,16,0,0,0,1,1,0,1,1,1
2026-03-27 21:56:49.102,485.383,1161,-1,16,0,0,0,1,1,0,1,1,1
2026-03-27 21:56:49.246,485.527,1163,-4,16,0,0,0,1,1,0,1,1,1
2026-03-27 21:56:49.247,485.528,1165,-1,16,0,0,0,1,1,0,1,1,1
2026-03-27 21:56:49.309,485.590,1166,-1,16,0,0,0,1,1,0,1,1,1
2026-03-27 21:56:49.325,485.606,1168,-1,16,0,0,0,1,1,0,1,1,1
2026-03-27 21:56:49.405,485.686,1164,-1,16,0,0,0,1,1,0,1,1,1
2026-03-27 21:56:49.422,485.703,1166,-1,16,0,0,0,1,1,0,1,1,1
2026-03-27 21:56:49.518,485.799,1165,-1,16,0,0,0,1,1,0,1,1,1
2026-03-27 21:56:49.629,485.910,1160,-1,16,0,0,0,1,1,0,1,1,1
2026-03-27 21:56:49.709,485.990,1161,-1,16,0,0,0,1,1,0,1,1,1
2026-03-27 21:56:49.821,486.102,1160,0,16,0,0,0,1,1,0,1,1,1
2026-03-27 21:56:49.981,486.262,1164,-4,16,0,0,0,1,1,0,1,1,1
2026-03-27 21:56:50.126,486.407,1171,0,16,0,0,0,1,1,0,1,1,1
2026-03-27 21:56:50.190,486.471,1161,-1,16,0,0,0,1,1,0,1,1,1
2026-03-27 21:56:50.193,486.474,1158,-4,15,0,0,0,1,1,0,1,1,1
2026-03-27 21:56:50.301,486.582,1162,-4,15,0,0,0,1,1,0,1,1,1
2026-03-27 21:56:50.381,486.662,1162,-1,16,0,0,0,1,1,0,1,1,1
2026-03-27 21:56:50.509,486.790,1163,-3,16,0,0,0,1,1,0,1,1,1
2026-03-27 21:56:50.606,486.887,1166,-3,16,0,0,0,1,1,0,1,1,1
2026-03-27 21:56:50.701,486.982,1167,0,16,0,0,0,1,1,0,1,1,1
2026-03-27 21:56:50.718,486.999,1165,-1,16,0,0,0,1,1,0,1,1,1
2026-03-27 21:56:50.814,487.095,1166,-1,15,0,0,0,1,1,0,1,1,1
2026-03-27 21:56:50.925,487.206,1161,-1,16,0,0,0,1,1,0,1,1,1
2026-03-27 21:56:50.957,487.238,1158,-1,16,0,0,0,1,1,0,1,1,1
2026-03-27 21:56:51.150,487.431,1159,-4,16,0,0,0,1,1,0,1,1,1
2026-03-27 21:56:51.165,487.446,1166,-1,16,0,0,0,1,1,0,1,1,1
2026-03-27 21:56:51.182,487.463,1168,-1,16,0,0,0,1,1,0,1,1,1
2026-03-27 21:56:51.245,487.526,1163,-1,15,0,0,0,1,1,0,1,1,1
2026-03-27 21:56:51.247,487.528,1166,-1,16,0,0,0,1,1,0,1,1,1
2026-03-27 21:56:51.390,487.671,1162,-1,16,0,0,0,1,1,0,1,1,1
2026-03-27 21:56:51.392,487.673,1157,-1,16,0,0,0,1,1,0,1,1,1
2026-03-27 21:56:51.453,487.734,1158,-1,16,0,0,0,1,1,0,1,1,1
2026-03-27 21:56:51.597,487.878,1164,-1,16,0,0,0,1,1,0,1,1,1
2026-03-27 21:56:51.598,487.879,1167,-1,15,0,0,0,1,1,0,1,1,1
2026-03-27 21:56:51.710,487.991,1168,-1,16,0,0,0,1,1,0,1,1,1
2026-03-27 21:56:51.790,488.071,1167,-1,16,0,0,0,1,1,0,1,1,1
2026-03-27 21:56:51.870,488.151,1165,-3,16,0,0,0,1,1,0,1,1,1
2026-03-27 21:56:51.997,488.278,1163,-1,16,0,0,0,1,1,0,1,1,1
2026-03-27 21:56:52.077,488.358,1166,-1,16,0,0,0,1,1,0,1,1,1
2026-03-27 21:56:52.270,488.551,1163,-1,16,0,0,0,1,1,0,1,1,1
2026-03-27 21:56:52.302,488.583,1161,0,16,0,0,0,1,1,0,1,1,1
2026-03-27 21:56:52.317,488.598,1159,-1,16,0,0,0,1,1,0,1,1,1
2026-03-27 21:56:52.525,488.806,1160,-1,16,0,0,0,1,1,0,1,1,1
2026-03-27 21:56:52.573,488.854,1162,-3,16,0,0,0,1,1,0,1,1,1
2026-03-27 21:56:52.606,488.887,1165,-1,16,0,0,0,1,1,0,1,1,1
2026-03-27 21:56:52.733,489.014,1159,-1,16,0,0,0,1,1,0,1,1,1
2026-03-27 21:56:52.735,489.016,1157,-1,15,0,0,0,1,1,0,1,1,1
2026-03-27 21:56:52.910,489.191,1161,-1,15,0,0,0,1,1,0,1,1,1
2026-03-27 21:56:52.957,489.238,1161,-1,16,0,0,0,1,1,0,1,1,1
2026-03-27 21:56:53.070,489.351,1163,-1,16,0,0,0,1,1,0,1,1,1
2026-03-27 21:56:53.085,489.366,1161,-1,16,0,0,0,1,1,0,1,1,1
2026-03-27 21:56:53.262,489.543,1163,0,16,0,0,0,1,1,0,1,1,1
2026-03-27 21:56:53.293,489.574,1167,-1,16,0,0,0,1,1,0,1,1,1
2026-03-27 21:56:53.373,489.654,1162,-1,15,0,0,0,1,1,0,1,1,1
2026-03-27 21:56:53.374,489.655,1166,-1,15,0,0,0,1,1,0,1,1,1
2026-03-27 21:56:53.421,489.702,1162,-1,16,0,0,0,1,1,0,1,1,1
2026-03-27 21:56:53.533,489.814,1163,-1,15,0,0,0,1,1,0,1,1,1
2026-03-27 21:56:53.551,489.832,1159,-1,16,0,0,0,1,1,0,1,1,1
2026-03-27 21:56:53.677,489.958,1159,-1,16,0,0,0,1,1,0,1,1,1
2026-03-27 21:56:53.709,489.990,1167,-1,15,0,0,0,1,1,0,1,1,1
2026-03-27 21:56:53.886,490.167,1164,-3,16,0,0,0,1,1,0,1,1,1
2026-03-27 21:56:53.965,490.246,1167,-1,16,0,0,0,1,1,0,1,1,1
2026-03-27 21:56:54.030,490.311,1157,-1,16,0,0,0,1,1,0,1,1,1
2026-03-27 21:56:54.077,490.358,1160,-1,16,0,0,0,1,1,0,1,1,1
2026-03-27 21:56:54.237,490.518,1164,-1,16,0,0,0,1,1,0,1,1,1
2026-03-27 21:56:54.302,490.582,1164,-4,15,0,0,0,1,1,0,1,1,1
2026-03-27 21:56:54.365,490.646,1173,-4,15,0,0,0,1,1,0,1,1,1
2026-03-27 21:56:54.381,490.662,1175,-1,15,0,0,0,1,1,0,1,1,1
2026-03-27 21:56:54.508,490.789,1161,-1,15,0,0,0,1,1,0,1,1,1
2026-03-27 21:56:54.510,490.791,1165,-1,15,0,0,0,1,1,0,1,1,1
2026-03-27 21:56:54.573,490.854,1169,-1,16,0,0,0,1,1,0,1,1,1
2026-03-27 21:56:54.668,490.949,1161,-1,16,0,0,0,1,1,0,1,1,1
2026-03-27 21:56:54.685,490.966,1163,-1,16,0,0,0,1,1,0,1,1,1
2026-03-27 21:56:54.781,491.062,1160,-1,15,0,0,0,1,1,0,1,1,1
2026-03-27 21:56:54.989,491.270,1161,-1,16,0,0,0,1,1,0,1,1,1
2026-03-27 21:56:55.022,491.303,1170,-1,15,0,0,0,1,1,0,1,1,1
2026-03-27 21:56:55.149,491.430,1161,-4,16,0,0,0,1,1,0,1,1,1
2026-03-27 21:56:55.197,491.478,1162,-1,16,0,0,0,1,1,0,1,1,1
2026-03-27 21:56:55.200,491.481,1159,-4,15,0,0,0,1,1,0,1,1,1
2026-03-27 21:56:55.373,491.654,1163,-4,15,0,0,0,1,1,0,1,1,1
2026-03-27 21:56:55.421,491.702,1163,-4,15,0,0,0,1,1,0,1,1,1
2026-03-27 21:56:55.597,491.878,1164,-1,16,0,0,0,1,1,0,1,1,1
2026-03-27 21:56:55.710,491.991,1157,-1,16,0,0,0,1,1,0,1,1,1
2026-03-27 21:56:55.725,492.006,1159,-4,15,0,0,0,1,1,0,1,1,1
2026-03-27 21:56:55.868,492.149,1163,-4,15,0,0,0,1,1,0,1,1,1
2026-03-27 21:56:55.871,492.152,1157,-1,15,0,0,0,1,1,0,1,1,1
2026-03-27 21:56:55.901,492.182,1157,-1,16,0,0,0,1,1,0,1,1,1
2026-03-27 21:56:56.013,492.294,1155,-1,16,0,0,0,1,1,0,1,1,1
2026-03-27 21:56:56.077,492.358,1159,-4,15,0,0,0,1,1,0,1,1,1
2026-03-27 21:56:56.205,492.486,1159,-1,16,0,0,0,1,1,0,1,1,1
2026-03-27 21:56:56.207,492.488,1161,-1,15,0,0,0,1,1,0,1,1,1
2026-03-27 21:56:56.285,492.566,1163,-1,16,0,0,0,1,1,0,1,1,1
2026-03-27 21:56:56.397,492.678,1161,-3,16,0,0,0,1,1,0,1,1,1
2026-03-27 21:56:56.399,492.680,1163,-3,16,0,0,0,1,1,0,1,1,1
2026-03-27 21:56:56.414,492.695,1157,-1,16,0,0,0,1,1,0,1,1,1
2026-03-27 21:56:56.526,492.807,1157,-1,16,0,0,0,1,1,0,1,1,1
2026-03-27 21:56:56.717,492.998,1159,-1,15,0,0,0,1,1,0,1,1,1
2026-03-27 21:56:56.733,493.014,1160,-1,16,0,0,0,1,1,0,1,1,1
2026-03-27 21:56:56.877,493.158,1158,-4,15,0,0,0,1,1,0,1,1,1
2026-03-27 21:56:57.357,493.638,1152,-4,15,0,0,0,1,1,0,1,1,1
2026-03-27 21:56:57.502,493.783,1149,-4,15,0,0,0,1,1,0,1,1,1
2026-03-27 21:56:57.549,493.829,1151,-1,15,0,0,0,1,1,0,1,1,1
2026-03-27 21:56:57.565,493.845,1150,-1,15,0,0,0,1,1,0,1,1,1
2026-03-27 21:56:57.566,493.847,1151,-1,15,0,0,0,1,1,0,1,1,1
2026-03-27 21:56:57.709,493.990,1150,-1,15,0,0,0,1,1,0,1,1,1
2026-03-27 21:56:57.741,494.022,1146,-1,15,0,0,0,1,1,0,1,1,1
2026-03-27 21:56:57.870,494.151,1145,-5,15,0,0,0,1,1,0,1,1,1
2026-03-27 21:56:57.949,494.230,1148,-1,15,0,0,0,1,1,0,1,1,1
2026-03-27 21:56:58.045,494.326,1147,-4,15,0,0,0,1,1,0,1,1,1
2026-03-27 21:56:58.141,494.422,1146,-1,15,0,0,0,1,1,0,1,1,1
2026-03-27 21:56:58.286,494.567,1147,-1,15,0,0,0,1,1,0,1,1,1
2026-03-27 21:56:58.428,494.709,1154,-2,15,0,0,0,1,1,0,1,1,1
2026-03-27 21:56:58.446,494.727,1157,-2,15,0,0,0,1,1,0,1,1,1
2026-03-27 21:56:58.508,494.789,1163,-3,15,0,0,0,1,1,0,1,1,1
2026-03-27 21:56:58.510,494.791,1164,-4,16,0,0,0,1,1,0,1,1,1
2026-03-27 21:56:58.510,494.791,1160,-1,0,0,0,0,0,0,0,0,0,0
2026-03-27 21:56:58.512,494.793,1158,-1,15,0,0,0,1,1,0,1,1,1
2026-03-27 21:56:58.622,494.903,1161,-4,15,0,0,0,1,1,0,1,1,1
2026-03-27 21:56:58.797,495.078,1165,-1,15,0,0,0,1,1,0,1,1,1
2026-03-27 21:56:58.845,495.126,1164,-1,15,0,0,0,1,1,0,1,1,1
2026-03-27 21:56:58.847,495.128,1166,-1,15,0,0,0,1,1,0,1,1,1
2026-03-27 21:56:58.848,495.129,0,0,0,0,0,0,0,1,0,1,1,1
2026-03-27 21:56:58.940,495.221,1165,-4,15,0,0,0,1,1,0,1,1,1
2026-03-27 21:56:58.942,495.223,1168,-4,15,0,0,0,1,1,0,1,1,1
2026-03-27 21:56:59.117,495.398,1162,-1,15,0,0,0,1,1,0,1,1,1
2026-03-27 21:56:59.119,495.399,1163,-1,15,0,0,0,1,1,0,1,1,1
2026-03-27 21:56:59.213,495.494,1154,-1,15,0,0,0,1,1,0,1,1,1
2026-03-27 21:56:59.214,495.495,1155,-4,15,0,0,0,1,1,0,1,1,1
2026-03-27 21:56:59.293,495.574,1159,-1,15,0,0,0,1,1,0,1,1,1
2026-03-27 21:56:59.296,495.577,1159,-1,15,0,0,0,1,1,0,1,1,1
2026-03-27 21:56:59.421,495.702,1159,-1,15,0,0,0,1,1,0,1,1,1
2026-03-27 21:56:59.549,495.830,1158,-1,15,0,0,0,1,1,0,1,1,1
2026-03-27 21:56:59.613,495.894,1162,-1,15,0,0,0,1,1,0,1,1,1
2026-03-27 21:56:59.790,496.071,1161,-4,15,0,0,0,1,1,0,1,1,1
2026-03-27 21:56:59.853,496.134,1164,-1,15,0,0,0,1,1,0,1,1,1
2026-03-27 21:56:59.965,496.246,1158,-4,15,0,0,0,1,1,0,1,1,1
2026-03-27 21:56:59.966,496.247,1160,-1,15,0,0,0,1,1,0,1,1,1
2026-03-27 21:56:59.969,496.250,1161,-1,15,0,0,0,1,1,0,1,1,1
2026-03-27 21:57:00.046,496.327,1163,-1,15,0,0,0,1,1,0,1,1,1
2026-03-27 21:57:00.141,496.422,1159,-1,15,0,0,0,1,1,0,1,1,1
2026-03-27 21:57:00.284,496.565,1165,-1,16,0,0,0,1,1,0,1,1,1
2026-03-27 21:57:00.412,496.693,1163,-1,15,0,0,0,1,1,0,1,1,1
2026-03-27 21:57:00.493,496.774,1158,-4,15,0,0,0,1,1,0,1,1,1
2026-03-27 21:57:00.557,496.838,1158,-2,15,0,0,0,1,1,0,1,1,1
2026-03-27 21:57:00.701,496.982,1159,-1,15,0,0,0,1,1,0,1,1,1
2026-03-27 21:57:00.781,497.062,1163,-4,16,0,0,0,1,1,0,1,1,1
2026-03-27 21:57:00.925,497.206,1162,-1,15,0,0,0,1,1,0,1,1,1
2026-03-27 21:57:00.989,497.270,1157,-1,15,0,0,0,1,1,0,1,1,1
2026-03-27 21:57:01.086,497.366,1162,-4,15,0,0,0,1,1,0,1,1,1
2026-03-27 21:57:01.245,497.526,1156,-4,15,0,0,0,1,1,0,1,1,1
2026-03-27 21:57:01.247,497.528,1156,-4,15,0,0,0,1,1,0,1,1,1
2026-03-27 21:57:01.247,497.528,111,0,0,0,0,0,0,0,0,0,0,0
2026-03-27 21:57:01.250,497.530,1154,-1,15,0,0,0,1,1,0,1,1,1
2026-03-27 21:57:01.293,497.574,1157,-1,15,0,0,0,1,1,0,1,1,1
2026-03-27 21:57:01.389,497.670,1157,-1,15,0,0,0,1,1,0,1,1,1
2026-03-27 21:57:01.406,497.687,1160,-1,15,0,0,0,1,1,0,1,1,1
2026-03-27 21:57:01.517,497.798,1162,-1,15,0,0,0,1,1,0,1,1,1
2026-03-27 21:57:01.597,497.878,1160,-1,15,0,0,0,1,1,0,1,1,1
2026-03-27 21:57:01.740,498.021,1160,-1,13,0,0,0,1,1,0,1,1,1
2026-03-27 21:57:01.742,498.023,1161,-1,12,0,0,0,1,1,0,1,1,1
2026-03-27 21:57:01.853,498.134,1153,-1,15,0,0,0,1,1,0,1,1,1
2026-03-27 21:57:01.869,498.150,1154,-1,15,0,0,0,1,1,0,1,1,1
2026-03-27 21:57:01.885,498.166,1157,-4,15,0,0,0,1,1,0,1,1,1
2026-03-27 21:57:02.076,498.357,1163,-1,15,0,0,0,1,1,0,1,1,1
2026-03-27 21:57:02.078,498.359,1162,-1,15,0,0,0,1,1,0,1,1,1
2026-03-27 21:57:02.157,498.438,1155,-1,15,0,0,0,1,1,0,1,1,1
2026-03-27 21:57:02.301,498.582,1159,-1,15,0,0,0,1,1,0,1,1,1
2026-03-27 21:57:02.365,498.646,1158,-1,15,0,0,0,1,1,0,1,1,1
2026-03-27 21:57:02.381,498.662,1156,-1,15,0,0,0,1,1,0,1,1,1
2026-03-27 21:57:02.444,498.725,1156,-1,15,0,0,0,1,1,0,1,1,1
2026-03-27 21:57:02.573,498.854,1155,-1,15,0,0,0,1,1,0,1,1,1
2026-03-27 21:57:02.717,498.998,1157,-1,15,0,0,0,1,1,0,1,1,1
2026-03-27 21:57:03.005,499.286,1158,-1,15,0,0,0,1,1,0,1,1,1
2026-03-27 21:57:03.069,499.350,1154,-1,15,0,0,0,1,1,0,1,1,1
2026-03-27 21:57:03.213,499.494,1155,-1,15,0,0,0,1,1,0,1,1,1
2026-03-27 21:57:03.308,499.589,1163,-2,15,0,0,0,1,1,0,1,1,1
2026-03-27 21:57:03.405,499.686,1161,-1,15,0,0,0,1,1,0,1,1,1
2026-03-27 21:57:03.565,499.846,1161,-4,15,0,0,0,1,1,0,1,1,1
2026-03-27 21:57:03.629,499.910,1159,-1,15,0,0,0,1,1,0,1,1,1
2026-03-27 21:57:03.773,500.054,1162,-4,15,0,0,0,1,1,0,1,1,1
2026-03-27 21:57:03.885,500.166,1160,-4,15,0,0,0,1,1,0,1,1,1
2026-03-27 21:57:03.949,500.230,1155,-4,15,0,0,0,1,1,0,1,1,1
2026-03-27 21:57:03.996,500.277,1159,-1,15,0,0,0,1,1,0,1,1,1
2026-03-27 21:57:04.077,500.358,1161,-1,15,0,0,0,1,1,0,1,1,1
2026-03-27 21:57:04.220,500.501,1159,-2,15,0,0,0,1,1,0,1,1,1
2026-03-27 21:57:04.301,500.581,1161,-4,15,0,0,0,1,1,0,1,1,1
2026-03-27 21:57:04.445,500.726,1156,-1,12,0,0,0,1,1,0,1,1,1
2026-03-27 21:57:04.446,500.727,1153,-2,12,0,0,0,1,1,0,1,1,1
2026-03-27 21:57:04.540,500.821,1156,-1,15,0,0,0,1,1,0,1,1,1
2026-03-27 21:57:04.541,500.822,1158,-1,15,0,0,0,1,1,0,1,1,1
2026-03-27 21:57:04.637,500.918,1161,-2,16,0,0,0,1,1,0,1,1,1
2026-03-27 21:57:04.717,500.998,1159,-4,15,0,0,0,1,1,0,1,1,1
2026-03-27 21:57:04.829,501.110,1163,-4,15,0,0,0,1,1,0,1,1,1
2026-03-27 21:57:04.832,501.113,1159,-1,15,0,0,0,1,1,0,1,1,1
2026-03-27 21:57:04.941,501.222,1161,-4,15,0,0,0,1,1,0,1,1,1
2026-03-27 21:57:04.989,501.270,1162,-1,15,0,0,0,1,1,0,1,1,1
2026-03-27 21:57:05.133,501.413,1156,-1,15,0,0,0,1,1,0,1,1,1
2026-03-27 21:57:05.135,501.416,1157,-1,15,0,0,0,1,1,0,1,1,1
2026-03-27 21:57:05.197,501.478,1159,-4,15,0,0,0,1,1,0,1,1,1
2026-03-27 21:57:05.341,501.622,1156,-1,15,0,0,0,1,1,0,1,1,1
2026-03-27 21:57:05.405,501.685,1159,-1,15,0,0,0,1,1,0,1,1,1
2026-03-27 21:57:05.565,501.845,1160,-1,15,0,0,0,1,1,0,1,1,1
2026-03-27 21:57:05.661,501.942,1161,-1,15,0,0,0,1,1,0,1,1,1
2026-03-27 21:57:05.676,501.957,1156,-1,15,0,0,0,1,1,0,1,1,1
2026-03-27 21:57:05.838,502.118,1159,-1,15,0,0,0,1,1,0,1,1,1
2026-03-27 21:57:05.885,502.166,1161,-4,15,0,0,0,1,1,0,1,1,1
2026-03-27 21:57:05.997,502.278,1161,-1,15,0,0,0,1,1,0,1,1,1
2026-03-27 21:57:05.999,502.280,1162,-1,16,0,0,0,1,1,0,1,1,1
2026-03-27 21:57:06.001,502.282,1156,-1,15,0,0,0,1,1,0,1,1,1
2026-03-27 21:57:06.157,502.438,1159,-1,15,0,0,0,1,1,0,1,1,1
2026-03-27 21:57:06.205,502.485,1158,-4,15,0,0,0,1,1,0,1,1,1
2026-03-27 21:57:06.252,502.533,1160,-4,15,0,0,0,1,1,0,1,1,1
2026-03-27 21:57:06.428,502.709,1159,-1,15,0,0,0,1,1,0,0,0,0
2026-03-27 21:57:06.430,502.711,1158,-1,15,0,0,0,1,1,0,1,1,1
2026-03-27 21:57:06.524,502.805,1158,-4,15,0,0,0,1,1,0,1,1,1
2026-03-27 21:57:06.732,503.013,1159,-1,15,0,0,0,1,1,0,1,1,1
2026-03-27 21:57:06.734,503.015,1161,-1,15,0,0,0,1,1,0,1,1,1
2026-03-27 21:57:06.845,503.126,1161,-4,15,0,0,0,1,1,0,1,1,1
2026-03-27 21:57:06.862,503.143,1157,-1,15,0,0,0,1,1,0,1,1,1
2026-03-27 21:57:06.941,503.222,1159,-1,15,0,0,0,1,1,0,1,1,1
2026-03-27 21:57:07.021,503.302,1154,-1,15,0,0,0,1,1,0,1,1,1
2026-03-27 21:57:07.149,503.430,1157,-1,15,0,0,0,1,1,0,1,1,1
2026-03-27 21:57:07.277,503.558,1163,-1,15,0,0,0,1,1,0,1,1,1
2026-03-27 21:57:07.356,503.637,1159,-1,15,0,0,0,1,1,0,1,1,1
2026-03-27 21:57:07.469,503.750,1163,-1,15,0,0,0,1,1,0,1,1,1
2026-03-27 21:57:07.628,503.909,1161,-2,15,0,0,0,1,1,0,1,1,1
2026-03-27 21:57:07.709,503.989,1157,-1,15,0,0,0,1,1,0,1,1,1
2026-03-27 21:57:07.868,504.149,1153,-4,15,0,0,0,1,1,0,1,1,1
2026-03-27 21:57:07.933,504.213,1157,-4,15,0,0,0,1,1,0,1,1,1
2026-03-27 21:57:08.028,504.309,1155,-4,15,0,0,0,1,1,0,1,1,1
2026-03-27 21:57:08.157,504.438,1158,-1,15,0,0,0,1,1,0,1,1,1
2026-03-27 21:57:08.237,504.518,1161,-1,15,0,0,0,1,1,0,1,1,1
2026-03-27 21:57:08.239,504.520,1154,-1,15,0,0,0,1,1,0,1,1,1
2026-03-27 21:57:08.333,504.614,1156,-1,15,0,0,0,1,1,0,1,1,1
2026-03-27 21:57:08.334,504.615,1156,-1,15,0,0,0,1,1,0,1,1,1
2026-03-27 21:57:08.397,504.678,1154,-2,14,0,0,0,1,1,0,1,1,1
2026-03-27 21:57:08.398,504.679,1157,-2,15,0,0,0,1,1,0,1,1,1
2026-03-27 21:57:08.556,504.837,1157,-1,15,0,0,0,1,1,0,1,1,1
2026-03-27 21:57:08.637,504.918,1161,-1,15,0,0,0,1,1,0,1,1,1
2026-03-27 21:57:08.749,505.030,1158,-1,15,0,0,0,1,1,0,1,1,1
2026-03-27 21:57:08.845,505.126,1159,-1,15,0,0,0,1,1,0,1,1,1
2026-03-27 21:57:08.972,505.253,1160,-4,15,0,0,0,1,1,0,1,1,1
2026-03-27 21:57:09.117,505.398,1157,-1,15,0,0,0,1,1,0,1,1,1
2026-03-27 21:57:09.181,505.462,1157,-4,15,0,0,0,1,1,0,1,1,1
2026-03-27 21:57:09.293,505.574,1160,-4,15,0,0,0,1,1,0,1,1,1
2026-03-27 21:57:09.484,505.765,1162,-4,15,0,0,0,1,1,0,1,1,1
2026-03-27 21:57:09.548,505.829,1159,-1,15,0,0,0,1,1,0,1,1,1
2026-03-27 21:57:09.644,505.925,1166,-3,15,0,0,0,1,1,0,1,1,1
2026-03-27 21:57:09.805,506.085,1155,-1,15,0,0,0,1,1,0,1,1,1
2026-03-27 21:57:09.885,506.166,1159,-4,15,0,0,0,1,1,0,1,1,1
2026-03-27 21:57:09.998,506.279,1158,-1,15,0,0,0,1,1,0,1,1,1
2026-03-27 21:57:10.013,506.294,1160,-4,15,0,0,0,1,1,0,1,1,1
2026-03-27 21:57:10.108,506.389,1161,-4,15,0,0,0,1,1,0,1,1,1
2026-03-27 21:57:10.220,506.501,1160,-1,15,0,0,0,1,1,0,1,1,1
2026-03-27 21:57:10.238,506.519,1157,-1,15,0,0,0,1,1,0,1,1,1
2026-03-27 21:57:10.268,506.549,1159,-4,15,0,0,0,1,1,0,1,1,1
2026-03-27 21:57:10.349,506.630,1158,-1,15,0,0,0,1,1,0,1,1,1
2026-03-27 21:57:10.428,506.709,1154,-1,15,0,0,0,1,1,0,1,1,1
2026-03-27 21:57:10.540,506.821,1157,-4,15,0,0,0,1,1,0,1,1,1
2026-03-27 21:57:10.717,506.998,1155,-1,15,0,0,0,1,1,0,1,1,1
2026-03-27 21:57:10.780,507.061,1157,-1,15,0,0,0,1,1,0,1,1,1
2026-03-27 21:57:10.781,507.062,1157,-1,15,0,0,0,1,1,0,1,1,1
2026-03-27 21:57:10.861,507.142,1158,-4,15,0,0,0,1,1,0,1,1,1
2026-03-27 21:57:11.021,507.302,1156,-1,15,0,0,0,1,1,0,1,1,1
2026-03-27 21:57:11.165,507.445,1161,-1,15,0,0,0,1,1,0,1,1,1
2026-03-27 21:57:11.167,507.448,1165,-1,15,0,0,0,1,1,0,1,1,1
2026-03-27 21:57:11.278,507.558,1163,-1,15,0,0,0,1,1,0,1,1,1
2026-03-27 21:57:11.389,507.669,1157,-4,15,0,0,0,1,1,0,1,1,1
2026-03-27 21:57:11.484,507.765,1161,-2,15,0,0,0,1,1,0,1,1,1
2026-03-27 21:57:11.645,507.926,1157,-1,15,0,0,0,1,1,0,1,1,1
2026-03-27 21:57:11.788,508.069,1159,-1,15,0,0,0,1,1,0,1,1,1
2026-03-27 21:57:11.837,508.118,1160,-4,15,0,0,0,1,1,0,1,1,1
2026-03-27 21:57:11.997,508.278,1164,-1,15,0,0,0,1,1,0,1,1,1
2026-03-27 21:57:12.044,508.325,1164,-4,15,0,0,0,1,1,0,1,1,1
2026-03-27 21:57:12.048,508.328,1163,-4,15,0,0,0,1,1,0,1,1,1
2026-03-27 21:57:12.269,508.550,1160,-4,15,0,0,0,1,1,0,1,1,1
2026-03-27 21:57:12.396,508.677,1160,-1,15,0,0,0,1,1,0,1,1,1
2026-03-27 21:57:12.428,508.709,1159,-1,15,0,0,0,1,1,0,1,1,1
2026-03-27 21:57:12.429,508.710,1161,-1,15,0,0,0,1,1,0,1,1,1
2026-03-27 21:57:12.572,508.853,1160,-4,15,0,0,0,1,1,0,1,1,1
2026-03-27 21:57:12.589,508.870,1162,-4,15,0,0,0,1,1,0,1,1,1
2026-03-27 21:57:12.653,508.934,1160,-4,15,0,0,0,1,1,0,1,1,1
2026-03-27 21:57:12.655,508.936,1163,-1,15,0,0,0,1,1,0,1,1,1
2026-03-27 21:57:12.749,509.030,1163,-1,15,0,0,0,1,1,0,1,1,1
2026-03-27 21:57:12.764,509.045,1154,-4,15,0,0,0,1,1,0,1,1,1
2026-03-27 21:57:12.781,509.062,1156,-4,15,0,0,0,1,1,0,1,1,1
2026-03-27 21:57:12.956,509.237,1161,-1,15,0,0,0,1,1,0,1,1,1
2026-03-27 21:57:12.958,509.239,1162,-1,15,0,0,0,1,1,0,1,1,1
2026-03-27 21:57:13.165,509.446,1162,-1,16,0,0,0,1,1,0,1,1,1
2026-03-27 21:57:13.292,509.573,1165,-4,15,0,0,0,1,1,0,1,1,1
2026-03-27 21:57:13.404,509.685,1158,-4,15,0,0,0,1,1,0,1,1,1
2026-03-27 21:57:13.532,509.813,1158,-2,15,0,0,0,1,1,0,1,1,1
2026-03-27 21:57:13.534,509.815,1161,-1,15,0,0,0,1,1,0,1,1,1
2026-03-27 21:57:13.628,509.909,1161,-4,15,0,0,0,1,1,0,1,1,1
2026-03-27 21:57:13.740,510.021,1161,-1,15,0,0,0,1,1,0,1,1,1
2026-03-27 21:57:13.853,510.134,1164,-1,15,0,0,0,1,1,0,1,1,1
2026-03-27 21:57:13.884,510.165,1158,-1,15,0,0,0,1,1,0,1,1,1
2026-03-27 21:57:13.885,510.166,1158,-1,15,0,0,0,1,1,0,1,1,1
2026-03-27 21:57:14.044,510.324,1156,-2,15,0,0,0,1,1,0,1,1,1
2026-03-27 21:57:14.045,510.326,1160,-2,15,0,0,0,1,1,0,1,1,1
2026-03-27 21:57:14.046,510.327,1157,-1,0,0,0,0,0,0,0,0,0,0
2026-03-27 21:57:14.047,510.328,1155,-1,15,0,0,0,1,1,0,1,1,1
2026-03-27 21:57:14.077,510.357,1156,-1,15,0,0,0,1,1,0,1,1,1
2026-03-27 21:57:14.092,510.373,1154,-1,15,0,0,0,1,1,0,1,1,1
2026-03-27 21:57:14.173,510.453,1157,-1,15,0,0,0,1,1,0,1,1,1
2026-03-27 21:57:14.188,510.469,1154,-1,15,0,0,0,1,1,0,1,1,1
2026-03-27 21:57:14.300,510.581,1156,-1,15,0,0,0,1,1,0,1,1,1
2026-03-27 21:57:14.302,510.583,1156,-1,15,0,0,0,1,1,0,1,1,1
2026-03-27 21:57:14.304,510.585,1160,-4,15,0,0,0,1,1,0,1,1,1
2026-03-27 21:57:14.428,510.709,1162,-4,15,0,0,0,1,1,0,1,1,1
2026-03-27 21:57:14.540,510.821,1160,-1,15,0,0,0,1,1,0,1,1,1
2026-03-27 21:57:14.620,510.901,1161,-1,15,0,0,0,1,1,0,1,1,1
2026-03-27 21:57:14.796,511.077,1156,-4,15,0,0,0,1,1,0,1,1,1
2026-03-27 21:57:14.876,511.157,1160,-1,15,0,0,0,1,1,0,1,1,1
2026-03-27 21:57:14.879,511.159,1158,-1,15,0,0,0,1,1,0,1,1,1
2026-03-27 21:57:14.973,511.254,1158,-1,15,0,0,0,1,1,0,1,1,1
2026-03-27 21:57:14.974,511.255,1155,-2,15,0,0,0,1,0,0,0,0,0
2026-03-27 21:57:14.989,511.270,1157,-1,15,0,0,0,1,1,0,1,1,1
2026-03-27 21:57:15.115,511.396,1159,-1,15,0,0,0,1,1,0,1,1,1
2026-03-27 21:57:15.118,511.399,1161,-1,15,0,0,0,1,1,0,1,1,1
2026-03-27 21:57:15.180,511.461,1163,-4,15,0,0,0,1,1,0,1,1,1
2026-03-27 21:57:15.277,511.558,1160,-1,15,0,0,0,1,1,0,1,1,1
2026-03-27 21:57:15.279,511.560,1157,-1,15,0,0,0,1,1,0,1,1,1
2026-03-27 21:57:15.452,511.733,1157,-1,15,0,0,0,1,1,0,1,1,1
2026-03-27 21:57:15.533,511.814,1155,-1,15,0,0,0,1,1,0,1,1,1
2026-03-27 21:57:15.613,511.894,1157,-4,15,0,0,0,1,1,0,1,1,1
2026-03-27 21:57:15.709,511.989,1153,-1,15,0,0,0,1,1,0,1,1,1
2026-03-27 21:57:15.724,512.004,1161,-3,15,0,0,0,1,1,0,1,1,1
2026-03-27 21:57:15.852,512.133,1161,-4,15,0,0,0,1,1,0,1,1,1
2026-03-27 21:57:15.932,512.213,1158,-1,15,0,0,0,1,1,0,1,1,1
2026-03-27 21:57:16.124,512.405,1156,-4,15,0,0,0,1,1,0,1,1,1
2026-03-27 21:57:16.172,512.453,1158,-4,12,0,0,0,1,1,0,1,1,1
2026-03-27 21:57:16.175,512.456,1160,-1,15,0,0,0,1,1,0,1,1,1
2026-03-27 21:57:16.301,512.582,1160,-1,15,0,0,0,1,1,0,1,1,1
2026-03-27 21:57:16.316,512.597,1161,0,15,0,0,0,1,1,0,1,1,1
2026-03-27 21:57:16.364,512.645,1162,-1,16,0,0,0,1,1,0,1,1,1
2026-03-27 21:57:16.444,512.725,1159,-1,15,0,0,0,1,1,0,1,1,1
2026-03-27 21:57:16.588,512.869,1158,-1,16,0,0,0,1,1,0,1,1,1
2026-03-27 21:57:16.700,512.981,1158,-4,15,0,0,0,1,1,0,1,1,1
2026-03-27 21:57:16.716,512.997,1162,-4,15,0,0,0,1,1,0,1,1,1
2026-03-27 21:57:16.764,513.045,1156,-1,16,0,0,0,1,1,0,1,1,1
2026-03-27 21:57:16.765,513.046,1157,-1,16,0,0,0,1,1,0,1,1,1
2026-03-27 21:57:16.875,513.156,1160,0,15,0,0,0,1,1,0,1,1,1
2026-03-27 21:57:16.877,513.158,1161,-1,15,0,0,0,1,1,0,1,1,1
2026-03-27 21:57:16.893,513.173,1157,-1,16,0,0,0,1,1,0,1,1,1
2026-03-27 21:57:16.972,513.253,1157,-1,15,0,0,0,1,1,0,1,1,1
2026-03-27 21:57:16.975,513.256,1158,-1,15,0,0,0,1,1,0,1,1,1
2026-03-27 21:57:17.147,513.428,1161,-1,16,0,0,0,1,1,0,1,1,1
2026-03-27 21:57:17.150,513.431,1160,-1,15,0,0,0,1,1,0,1,1,1
2026-03-27 21:57:17.179,513.460,1162,-1,15,0,0,0,1,1,0,1,1,1
2026-03-27 21:57:17.181,513.461,1160,-1,15,0,0,0,1,0,0,0,0,0
2026-03-27 21:57:17.182,513.463,1162,-4,16,0,0,0,1,1,0,1,1,1
2026-03-27 21:57:17.292,513.573,1163,-1,16,0,0,0,1,1,0,1,1,1
2026-03-27 21:57:17.294,513.575,1154,-3,15,0,0,0,1,1,0,1,1,1
2026-03-27 21:57:17.405,513.685,1155,-3,15,0,0,0,1,1,0,1,1,1
2026-03-27 21:57:17.483,513.764,1156,-1,16,0,0,0,1,1,0,1,1,1
2026-03-27 21:57:17.500,513.781,1158,-1,15,0,0,0,1,1,0,1,1,1
2026-03-27 21:57:17.580,513.861,1162,-1,16,0,0,0,1,1,0,1,1,1
2026-03-27 21:57:17.725,514.005,1161,-1,15,0,0,0,1,1,0,1,1,1
2026-03-27 21:57:17.837,514.118,1163,-1,15,0,0,0,1,1,0,1,1,1
2026-03-27 21:57:17.980,514.261,1160,-1,15,0,0,0,1,1,0,1,1,1
2026-03-27 21:57:18.075,514.356,1161,-1,16,0,0,0,1,1,0,1,1,1
2026-03-27 21:57:18.124,514.405,1157,-1,16,0,0,0,1,1,0,1,1,1
2026-03-27 21:57:18.300,514.581,1162,-1,16,0,0,0,1,1,0,1,1,1
2026-03-27 21:57:18.347,514.628,1156,0,16,0,0,0,1,1,0,1,1,1
2026-03-27 21:57:18.492,514.773,1158,-4,16,0,0,0,1,1,0,1,1,1
2026-03-27 21:57:18.495,514.776,1160,-3,15,0,0,0,1,1,0,1,1,1
2026-03-27 21:57:18.604,514.885,1159,-3,15,0,0,0,1,1,0,1,1,1
2026-03-27 21:57:18.684,514.965,1156,-1,16,0,0,0,1,1,0,1,1,1
2026-03-27 21:57:18.876,515.157,1155,-1,15,0,0,0,1,1,0,1,1,1
2026-03-27 21:57:18.892,515.173,1163,-1,16,0,0,0,1,1,0,1,1,1
2026-03-27 21:57:19.004,515.285,1163,-1,15,0,0,0,1,1,0,1,1,1
2026-03-27 21:57:19.100,515.381,1163,-1,16,0,0,0,1,1,0,1,1,1
2026-03-27 21:57:19.212,515.492,1158,-4,15,0,0,0,1,1,0,1,1,1
2026-03-27 21:57:19.404,515.685,1156,-1,15,0,0,0,1,1,0,1,1,1
2026-03-27 21:57:19.406,515.687,1154,-4,15,0,0,0,1,1,0,1,1,1
2026-03-27 21:57:19.468,515.749,1157,-4,15,0,0,0,1,1,0,1,1,1
2026-03-27 21:57:19.628,515.909,1159,-1,16,0,0,0,1,1,0,1,1,1
2026-03-27 21:57:19.772,516.053,1163,-4,15,0,0,0,1,1,0,1,1,1
2026-03-27 21:57:19.868,516.149,1160,-3,15,0,0,0,1,1,0,1,1,1
2026-03-27 21:57:19.980,516.261,1164,-3,16,0,0,0,1,1,0,1,1,1
2026-03-27 21:57:20.060,516.341,1154,-3,16,0,0,0,1,1,0,1,1,1
2026-03-27 21:57:20.188,516.468,1157,-4,15,0,0,0,1,1,0,1,1,1
2026-03-27 21:57:20.284,516.565,1165,-3,16,0,0,0,1,1,0,1,1,1
2026-03-27 21:57:20.396,516.677,1162,-3,16,0,0,0,1,1,0,1,1,1
2026-03-27 21:57:20.460,516.741,1161,-4,15,0,0,0,1,1,0,1,1,1
2026-03-27 21:57:20.604,516.885,1160,-4,15,0,0,0,1,1,0,1,1,1
2026-03-27 21:57:20.621,516.902,1159,-3,15,0,0,0,1,1,0,1,1,1
2026-03-27 21:57:20.684,516.965,1160,-3,16,0,0,0,1,1,0,1,1,1
2026-03-27 21:57:20.796,517.076,1155,-3,16,0,0,0,1,1,0,1,1,1
2026-03-27 21:57:20.813,517.094,1157,0,15,0,0,0,1,1,0,1,1,1
2026-03-27 21:57:20.909,517.189,1158,-1,16,0,0,0,1,1,0,1,1,1
2026-03-27 21:57:21.020,517.301,1156,-1,16,0,0,0,1,1,0,1,1,1
2026-03-27 21:57:21.116,517.397,1157,-1,16,0,0,0,1,1,0,1,1,1
2026-03-27 21:57:21.133,517.414,1159,-3,16,0,0,0,1,1,0,1,1,1
2026-03-27 21:57:21.244,517.525,1158,-3,15,0,0,0,1,1,0,1,1,1
2026-03-27 21:57:21.356,517.637,1160,-3,16,0,0,0,1,1,0,1,1,1
2026-03-27 21:57:21.452,517.733,1158,-4,15,0,0,0,1,1,0,1,1,1
2026-03-27 21:57:21.596,517.877,1163,-1,15,0,0,0,1,1,0,1,1,1
2026-03-27 21:57:21.676,517.957,1161,-1,15,0,0,0,1,1,0,1,1,1
2026-03-27 21:57:21.756,518.037,1160,-1,15,0,0,0,1,1,0,1,1,1
2026-03-27 21:57:21.772,518.052,1162,-1,16,0,0,0,1,1,0,1,1,1
2026-03-27 21:57:21.820,518.101,1158,-4,15,0,0,0,1,1,0,1,1,1
2026-03-27 21:57:21.837,518.118,1159,-1,15,0,0,0,1,1,0,1,1,1
2026-03-27 21:57:22.029,518.310,1162,-1,15,0,0,0,1,1,0,1,1,1
2026-03-27 21:57:22.140,518.421,1158,-3,15,0,0,0,1,1,0,1,1,1
2026-03-27 21:57:22.142,518.423,1155,-1,15,0,0,0,1,1,0,1,1,1
2026-03-27 21:57:22.188,518.469,1158,-1,16,0,0,0,1,1,0,1,1,1
2026-03-27 21:57:22.204,518.485,1160,-1,16,0,0,0,1,1,0,1,1,1
2026-03-27 21:57:22.332,518.613,1160,-1,15,0,0,0,1,1,0,1,1,1
2026-03-27 21:57:22.363,518.644,1157,-4,15,0,0,0,1,1,0,1,1,1
2026-03-27 21:57:22.380,518.661,1160,-4,15,0,0,0,1,1,0,1,1,1
2026-03-27 21:57:22.428,518.708,1160,-4,15,0,0,0,1,1,0,1,1,1
2026-03-27 21:57:22.572,518.853,1162,-1,16,0,0,0,1,1,0,1,1,1
2026-03-27 21:57:22.652,518.932,1157,-3,16,0,0,0,1,1,0,1,1,1
2026-03-27 21:57:22.732,519.013,1161,-4,15,0,0,0,1,1,0,1,1,1
2026-03-27 21:57:22.859,519.140,1157,-1,15,0,0,0,1,1,0,1,1,1
2026-03-27 21:57:22.860,519.141,1157,-1,16,0,0,0,1,1,0,1,1,1
2026-03-27 21:57:22.862,519.143,1155,-1,15,0,0,0,1,1,0,1,1,1
2026-03-27 21:57:22.924,519.205,1158,-1,15,0,0,0,1,1,0,1,1,1
2026-03-27 21:57:23.052,519.332,1166,-4,15,0,0,0,1,1,0,1,1,1
2026-03-27 21:57:23.053,519.334,1167,-4,15,0,0,0,1,1,0,1,1,1
2026-03-27 21:57:23.179,519.460,1163,-4,15,0,0,0,1,1,0,1,1,1
2026-03-27 21:57:23.196,519.476,1161,-1,15,0,0,0,1,1,0,1,1,1
2026-03-27 21:57:23.260,519.541,1161,-1,16,0,0,0,1,1,0,1,1,1
2026-03-27 21:57:23.404,519.685,1157,-3,15,0,0,0,1,1,0,1,1,1
2026-03-27 21:57:23.420,519.701,1158,-4,15,0,0,0,1,1,0,1,1,1
2026-03-27 21:57:23.421,519.702,1158,-1,15,0,0,0,1,1,0,1,1,1
2026-03-27 21:57:23.484,519.765,1160,-1,16,0,0,0,1,1,0,1,1,1
2026-03-27 21:57:23.500,519.780,1156,-1,15,0,0,0,1,1,0,1,1,1
2026-03-27 21:57:23.563,519.844,1158,-1,16,0,0,0,1,1,0,1,1,1
2026-03-27 21:57:23.580,519.860,1158,-1,16,0,0,0,1,1,0,1,1,1
2026-03-27 21:57:23.659,519.940,1162,-1,15,0,0,0,1,1,0,1,1,1
2026-03-27 21:57:23.676,519.957,1161,-3,16,0,0,0,1,1,0,1,1,1
2026-03-27 21:57:23.820,520.100,1163,-3,16,0,0,0,1,1,0,1,1,1
2026-03-27 21:57:23.852,520.133,1161,-3,16,0,0,0,1,1,0,1,1,1
2026-03-27 21:57:23.869,520.150,1154,-4,15,0,0,0,1,1,0,1,1,1
2026-03-27 21:57:23.964,520.245,1158,-4,15,0,0,0,1,1,0,1,1,1
2026-03-27 21:57:24.140,520.421,1160,-4,16,0,0,0,1,1,0,1,1,1
2026-03-27 21:57:24.156,520.437,1162,-1,16,0,0,0,1,1,0,1,1,1
2026-03-27 21:57:24.267,520.548,1161,-1,16,0,0,0,1,1,0,1,1,1
2026-03-27 21:57:24.268,520.549,1163,-1,15,0,0,0,1,1,0,1,1,1
2026-03-27 21:57:24.270,520.551,1162,-1,16,0,0,0,1,1,0,1,1,1
2026-03-27 21:57:24.380,520.661,1161,-1,16,0,0,0,1,1,0,1,1,1
2026-03-27 21:57:24.508,520.788,1164,-4,15,0,0,0,1,1,0,1,1,1
2026-03-27 21:57:24.619,520.900,1158,-1,16,0,0,0,1,1,0,1,1,1
2026-03-27 21:57:24.683,520.964,1161,-1,16,0,0,0,1,1,0,1,1,1
2026-03-27 21:57:24.780,521.061,1161,-3,16,0,0,0,1,1,0,1,1,1
2026-03-27 21:57:24.828,521.108,1163,-4,16,0,0,0,1,1,0,1,1,1
2026-03-27 21:57:24.955,521.236,1162,-1,15,0,0,0,1,1,0,1,1,1
2026-03-27 21:57:24.972,521.253,1163,-1,16,0,0,0,1,1,0,1,1,1
2026-03-27 21:57:25.036,521.317,1164,-3,15,0,0,0,1,1,0,1,1,1
2026-03-27 21:57:25.196,521.476,1155,-3,16,0,0,0,1,1,0,1,1,1
2026-03-27 21:57:25.324,521.605,1163,-1,15,0,0,0,1,1,0,1,1,1
2026-03-27 21:57:25.340,521.621,1159,-1,16,0,0,0,1,1,0,1,1,1
2026-03-27 21:57:25.467,521.748,1158,-1,15,0,0,0,1,1,0,1,1,1
2026-03-27 21:57:25.483,521.764,1160,-1,16,0,0,0,1,1,0,1,1,1
2026-03-27 21:57:25.563,521.844,1163,-4,15,0,0,0,1,1,0,1,1,1
2026-03-27 21:57:25.566,521.847,1161,-1,15,0,0,0,1,1,0,1,1,1
2026-03-27 21:57:25.676,521.957,1164,-4,15,0,0,0,1,1,0,1,1,1
2026-03-27 21:57:25.820,522.101,1164,-1,16,0,0,0,1,1,0,1,1,1
2026-03-27 21:57:25.899,522.180,1156,-4,16,0,0,0,1,1,0,1,1,1
2026-03-27 21:57:25.996,522.277,1156,0,16,0,0,0,1,1,0,1,1,1
2026-03-27 21:57:26.076,522.357,1159,-3,15,0,0,0,1,1,0,1,1,1
2026-03-27 21:57:26.203,522.484,1161,-3,15,0,0,0,1,1,0,1,1,1
2026-03-27 21:57:26.206,522.487,1158,-3,15,0,0,0,1,1,0,1,1,1
2026-03-27 21:57:26.236,522.517,1158,-1,16,0,0,0,1,1,0,1,1,1
2026-03-27 21:57:26.380,522.661,1159,-1,16,0,0,0,1,1,0,1,1,1
2026-03-27 21:57:26.443,522.724,1158,-1,15,0,0,0,1,1,0,1,1,1
2026-03-27 21:57:26.445,522.725,1161,-2,15,0,0,0,1,1,0,1,1,1
2026-03-27 21:57:26.556,522.837,1163,-4,15,0,0,0,1,1,0,1,1,1
2026-03-27 21:57:26.557,522.838,1162,-1,15,0,0,0,1,1,0,1,1,1
2026-03-27 21:57:26.683,522.964,1161,-4,16,0,0,0,1,1,0,1,1,1
2026-03-27 21:57:26.700,522.981,1163,-4,16,0,0,0,1,1,0,1,1,1
2026-03-27 21:57:26.747,523.028,1161,-4,16,0,0,0,1,1,0,1,1,1
2026-03-27 21:57:26.891,523.172,1160,-4,15,0,0,0,1,1,0,1,1,1
2026-03-27 21:57:26.894,523.175,1161,-1,15,0,0,0,1,1,0,1,1,1
2026-03-27 21:57:26.940,523.221,1164,-1,15,0,0,0,1,1,0,1,1,1
2026-03-27 21:57:27.051,523.332,1161,-1,15,0,0,0,1,1,0,1,1,1
2026-03-27 21:57:27.052,523.333,1161,-1,16,0,0,0,1,1,0,1,1,1
2026-03-27 21:57:27.229,523.510,1157,-1,16,0,0,0,1,1,0,1,1,1
2026-03-27 21:57:27.356,523.637,1160,-1,15,0,0,0,1,1,0,1,1,1
2026-03-27 21:57:27.499,523.780,1159,-3,15,0,0,0,1,1,0,1,1,1
2026-03-27 21:57:27.500,523.781,1162,-1,15,0,0,0,1,1,0,1,1,1
2026-03-27 21:57:27.611,523.892,1163,-1,16,0,0,0,1,1,0,1,1,1
2026-03-27 21:57:27.614,523.895,1157,-3,15,0,0,0,1,1,0,1,1,1
2026-03-27 21:57:27.899,524.180,1160,-1,16,0,0,0,1,1,0,1,1,1
2026-03-27 21:57:27.964,524.245,1156,-4,15,0,0,0,1,1,0,1,1,1
2026-03-27 21:57:28.076,524.357,1163,-4,16,0,0,0,1,1,0,1,1,1
2026-03-27 21:57:28.078,524.359,1164,-4,16,0,0,0,1,1,0,1,1,1
2026-03-27 21:57:28.220,524.501,1165,-1,16,0,0,0,1,1,0,1,1,1
2026-03-27 21:57:28.381,524.662,1156,-1,16,0,0,0,1,1,0,1,1,1
2026-03-27 21:57:28.395,524.676,1155,0,16,0,0,0,1,1,0,1,1,1
2026-03-27 21:57:28.507,524.788,1157,-1,16,0,0,0,1,1,0,1,1,1
2026-03-27 21:57:28.620,524.901,1157,-3,16,0,0,0,1,1,0,1,1,1
2026-03-27 21:57:28.747,525.028,1161,-1,16,0,0,0,1,1,0,1,1,1
2026-03-27 21:57:28.811,525.092,1161,-4,16,0,0,0,1,1,0,1,1,1
2026-03-27 21:57:28.827,525.108,1159,-1,16,0,0,0,1,1,0,1,1,1
2026-03-27 21:57:28.940,525.221,1160,-1,16,0,0,0,1,1,0,1,1,1
2026-03-27 21:57:28.943,525.224,1154,-1,15,0,0,0,1,1,0,1,1,1
2026-03-27 21:57:29.051,525.332,1158,-1,15,0,0,0,1,1,0,1,1,1
2026-03-27 21:57:29.132,525.413,1163,-4,16,0,0,0,1,1,0,1,1,1
2026-03-27 21:57:29.179,525.460,1163,0,16,0,0,0,1,1,0,1,1,1
2026-03-27 21:57:29.195,525.476,1155,-1,16,0,0,0,1,1,0,1,1,1
2026-03-27 21:57:29.276,525.557,1157,-1,16,0,0,0,1,1,0,1,1,1
2026-03-27 21:57:29.356,525.637,1160,-4,16,0,0,0,1,1,0,1,1,1
2026-03-27 21:57:29.515,525.796,1160,-1,15,0,0,0,1,1,0,1,1,1
2026-03-27 21:57:29.579,525.860,1154,-3,16,0,0,0,1,1,0,1,1,1
2026-03-27 21:57:29.597,525.878,1154,-1,15,0,0,0,1,1,0,1,1,1
2026-03-27 21:57:29.724,526.005,1156,-1,15,0,0,0,1,1,0,1,1,1
2026-03-27 21:57:29.787,526.068,1157,-4,16,0,0,0,1,1,0,1,1,1
2026-03-27 21:57:29.788,526.069,1157,-4,16,0,0,0,1,1,0,1,1,1
2026-03-27 21:57:29.789,526.069,111,0,0,0,0,0,0,0,0,0,0,0
2026-03-27 21:57:29.790,526.071,1155,-1,15,0,0,0,1,1,0,1,1,1
2026-03-27 21:57:29.947,526.228,1157,-1,15,0,0,0,1,1,0,1,1,1
2026-03-27 21:57:30.092,526.373,1158,-1,16,0,0,0,1,1,0,1,1,1
2026-03-27 21:57:30.171,526.452,1160,-3,16,0,0,0,1,1,0,1,1,1
2026-03-27 21:57:30.187,526.468,1160,-3,16,0,0,0,1,1,0,1,1,1
2026-03-27 21:57:30.251,526.532,1157,-3,16,0,0,0,1,1,0,1,1,1
2026-03-27 21:57:30.267,526.548,1157,-3,16,0,0,0,1,1,0,1,1,1
2026-03-27 21:57:30.268,526.549,1,0,0,0,0,0,0,0,0,0,0,0
2026-03-27 21:57:30.269,526.550,1153,-1,16,0,0,0,1,1,0,1,1,1
2026-03-27 21:57:30.412,526.692,1156,-1,15,0,0,0,1,1,0,1,1,1
2026-03-27 21:57:30.555,526.836,1156,-1,15,0,0,0,1,1,0,1,1,1
2026-03-27 21:57:30.683,526.964,1158,-4,15,0,0,0,1,1,0,1,1,1
2026-03-27 21:57:30.763,527.044,1156,-4,15,0,0,0,1,1,0,1,1,1
2026-03-27 21:57:30.765,527.046,1158,-4,15,0,0,0,1,1,0,1,1,1
2026-03-27 21:57:30.860,527.141,1159,-2,15,0,0,0,1,1,0,1,1,1
2026-03-27 21:57:31.020,527.300,1152,-1,16,0,0,0,1,1,0,1,1,1
2026-03-27 21:57:31.115,527.396,1155,-1,16,0,0,0,1,1,0,1,1,1
2026-03-27 21:57:31.196,527.477,1154,-4,15,0,0,0,1,1,0,1,1,1
2026-03-27 21:57:31.260,527.541,1157,-1,15,0,0,0,1,1,0,1,1,1
2026-03-27 21:57:31.340,527.621,1160,-1,15,0,0,0,1,1,0,1,1,1
2026-03-27 21:57:31.452,527.733,1154,-1,15,0,0,0,1,1,0,1,1,1
2026-03-27 21:57:31.531,527.812,1153,-1,15,0,0,0,1,1,0,1,1,1
2026-03-27 21:57:31.675,527.956,1160,-1,15,0,0,0,1,1,0,1,1,1
2026-03-27 21:57:31.678,527.959,1161,-1,15,0,0,0,1,1,0,1,1,1
2026-03-27 21:57:31.739,528.020,1162,-1,16,0,0,0,1,1,0,1,1,1
2026-03-27 21:57:31.883,528.164,1161,-1,15,0,0,0,1,1,0,1,1,1
2026-03-27 21:57:32.123,528.404,1159,-1,15,0,0,0,1,1,0,1,1,1
2026-03-27 21:57:32.236,528.517,1158,-1,15,0,0,0,1,1,0,1,1,1
2026-03-27 21:57:32.347,528.628,1156,-1,15,0,0,0,1,1,0,1,1,1
2026-03-27 21:57:32.475,528.756,1158,-1,15,0,0,0,1,1,0,1,1,1
2026-03-27 21:57:32.477,528.758,1160,-1,15,0,0,0,1,1,0,1,1,1
2026-03-27 21:57:32.479,528.760,1159,-4,15,0,0,0,1,1,0,1,1,1
2026-03-27 21:57:32.572,528.853,1161,-1,15,0,0,0,1,1,0,1,1,1
2026-03-27 21:57:32.715,528.996,1160,-1,15,0,0,0,1,1,0,1,1,1
2026-03-27 21:57:32.763,529.044,1155,-1,16,0,0,0,1,1,0,1,1,1
2026-03-27 21:57:32.940,529.221,1157,-1,15,0,0,0,1,1,0,1,1,1
2026-03-27 21:57:32.955,529.236,1158,-1,16,0,0,0,1,1,0,1,1,1
2026-03-27 21:57:33.147,529.428,1161,-1,15,0,0,0,1,1,0,1,1,1
2026-03-27 21:57:33.227,529.508,1163,-1,15,0,0,0,1,1,0,1,1,1
2026-03-27 21:57:33.260,529.541,1159,-1,15,0,0,0,1,1,0,1,1,1
2026-03-27 21:57:33.387,529.668,1159,-1,15,0,0,0,1,1,0,1,1,1
2026-03-27 21:57:33.547,529.828,1154,-1,16,0,0,0,1,1,0,1,1,1
2026-03-27 21:57:33.579,529.860,1156,-1,16,0,0,0,1,1,0,1,1,1
2026-03-27 21:57:33.581,529.862,1154,-1,15,0,0,0,1,1,0,1,1,1
2026-03-27 21:57:33.675,529.956,1153,0,15,0,0,0,1,1,0,1,1,1
2026-03-27 21:57:33.691,529.972,1154,0,15,0,0,0,1,1,0,1,1,1
2026-03-27 21:57:33.819,530.100,1158,-1,15,0,0,0,1,1,0,1,1,1
2026-03-27 21:57:33.899,530.180,1162,-3,15,0,0,0,1,1,0,1,1,1
2026-03-27 21:57:33.931,530.212,1157,-1,15,0,0,0,1,1,0,1,1,1
2026-03-27 21:57:34.139,530.420,1156,-1,15,0,0,0,1,1,0,1,1,1
2026-03-27 21:57:34.252,530.533,1159,-1,16,0,0,0,1,1,0,1,1,1
2026-03-27 21:57:34.331,530.611,1159,-1,15,0,0,0,1,1,0,1,1,1
2026-03-27 21:57:34.362,530.643,1160,-1,15,0,0,0,1,1,0,1,1,1
2026-03-27 21:57:34.364,530.645,1161,-1,15,0,0,0,1,1,0,1,1,1
2026-03-27 21:57:34.491,530.772,1160,-1,16,0,0,0,1,1,0,1,1,1
2026-03-27 21:57:34.507,530.788,1164,-2,15,0,0,0,1,1,0,1,1,1
2026-03-27 21:57:34.619,530.900,1166,-2,15,0,0,0,1,1,0,1,1,1
2026-03-27 21:57:34.684,530.964,1156,-1,16,0,0,0,1,1,0,1,1,1
2026-03-27 21:57:34.686,530.967,1154,-1,15,0,0,0,1,1,0,1,1,1
2026-03-27 21:57:34.779,531.060,1156,-1,16,0,0,0,1,1,0,1,1,1
2026-03-27 21:57:34.939,531.220,1157,-1,16,0,0,0,1,1,0,1,1,1
2026-03-27 21:57:35.020,531.300,1157,-4,15,0,0,0,1,1,0,1,1,1
2026-03-27 21:57:35.100,531.380,1157,-1,15,0,0,0,1,1,0,1,1,1
2026-03-27 21:57:35.211,531.492,1160,-1,15,0,0,0,1,1,0,1,1,1
2026-03-27 21:57:35.228,531.509,1151,-1,15,0,0,0,1,1,0,1,1,1
2026-03-27 21:57:35.291,531.572,1151,-1,16,0,0,0,1,1,0,1,1,1
2026-03-27 21:57:35.294,531.574,1156,-1,15,0,0,0,1,1,0,1,1,1
2026-03-27 21:57:35.403,531.684,1158,-1,15,0,0,0,1,1,0,1,1,1
2026-03-27 21:57:35.515,531.796,1160,-1,15,0,0,0,1,1,0,1,1,1
2026-03-27 21:57:35.595,531.876,1155,-1,15,0,0,0,1,1,0,1,1,1
2026-03-27 21:57:35.659,531.940,1158,-1,15,0,0,0,1,1,0,1,1,1
2026-03-27 21:57:35.675,531.956,1160,-4,15,0,0,0,1,1,0,1,1,1
2026-03-27 21:57:35.677,531.958,1157,0,0,0,0,0,0,1,0,1,1,1
2026-03-27 21:57:35.771,532.051,1158,-1,15,0,0,0,1,1,0,1,1,1
2026-03-27 21:57:35.947,532.228,1158,-1,16,0,0,0,1,1,0,1,1,1
2026-03-27 21:57:35.949,532.230,1158,-1,16,0,0,0,1,1,0,1,1,1
2026-03-27 21:57:35.979,532.260,1153,-1,16,0,0,0,1,1,0,1,1,1
2026-03-27 21:57:35.982,532.263,1155,-1,15,0,0,0,1,1,0,1,1,1
2026-03-27 21:57:36.123,532.404,1157,-1,15,0,0,0,1,1,0,1,1,1
2026-03-27 21:57:36.218,532.499,1154,-1,15,0,0,0,1,1,0,1,1,1
2026-03-27 21:57:36.220,532.501,1155,-1,16,0,0,0,1,1,0,1,1,1
2026-03-27 21:57:36.317,532.598,1156,-1,15,0,0,0,1,1,0,1,1,1
2026-03-27 21:57:36.331,532.612,1158,-1,15,0,0,0,1,1,0,1,1,1
2026-03-27 21:57:36.459,532.740,1157,-1,15,0,0,0,1,1,0,1,1,1
2026-03-27 21:57:36.462,532.742,1155,-1,15,0,0,0,1,1,0,1,1,1
2026-03-27 21:57:36.811,533.092,1159,-1,15,0,0,0,1,1,0,1,1,1
2026-03-27 21:57:36.828,533.109,1158,-1,16,0,0,0,1,1,0,1,1,1
2026-03-27 21:57:36.923,533.204,1159,-1,15,0,0,0,1,1,0,1,1,1
2026-03-27 21:57:37.019,533.300,1159,-1,15,0,0,0,1,1,0,1,1,1
2026-03-27 21:57:37.115,533.396,1157,-1,15,0,0,0,1,1,0,1,1,1
2026-03-27 21:57:37.275,533.555,1158,-2,15,0,0,0,1,1,0,1,1,1
2026-03-27 21:57:37.339,533.620,1153,-1,15,0,0,0,1,1,0,1,1,1
2026-03-27 21:57:37.341,533.622,1153,-1,15,0,0,0,1,1,0,1,1,1
2026-03-27 21:57:37.452,533.732,1156,-1,15,0,0,0,1,1,0,1,1,1
2026-03-27 21:57:37.467,533.748,1156,-1,15,0,0,0,1,1,0,1,1,1
2026-03-27 21:57:37.547,533.828,1156,-2,15,0,0,0,1,1,0,1,1,1
2026-03-27 21:57:37.675,533.956,1158,-1,15,0,0,0,1,1,0,1,1,1
2026-03-27 21:57:37.787,534.067,1155,-1,15,0,0,0,1,1,0,1,1,1
2026-03-27 21:57:37.788,534.069,1157,-1,15,0,0,0,1,1,0,1,1,1
2026-03-27 21:57:37.851,534.132,1160,-1,15,0,0,0,1,1,0,1,1,1
2026-03-27 21:57:38.012,534.293,1153,-1,16,0,0,0,1,1,0,1,1,1
2026-03-27 21:57:38.107,534.388,1157,-1,15,0,0,0,1,1,0,1,1,1
2026-03-27 21:57:38.219,534.500,1158,-1,13,0,0,0,1,1,0,1,1,1
2026-03-27 21:57:38.282,534.563,1155,-1,15,0,0,0,1,1,0,1,1,1
2026-03-27 21:57:38.443,534.724,1159,-1,15,0,0,0,1,1,0,1,1,1
2026-03-27 21:57:38.555,534.836,1160,-1,15,0,0,0,1,1,0,1,1,1
2026-03-27 21:57:38.683,534.964,1158,-1,16,0,0,0,1,1,0,1,1,1
2026-03-27 21:57:38.747,535.028,1153,-1,16,0,0,0,1,1,0,1,1,1
2026-03-27 21:57:38.907,535.188,1156,-1,15,0,0,0,1,1,0,1,1,1
2026-03-27 21:57:38.938,535.219,1154,-1,15,0,0,0,1,1,0,1,1,1
2026-03-27 21:57:38.940,535.221,1154,-1,15,0,0,0,1,1,0,1,1,1
2026-03-27 21:57:38.955,535.236,1157,-1,16,0,0,0,1,1,0,1,1,1
2026-03-27 21:57:39.035,535.316,1156,-1,15,0,0,0,1,1,0,1,1,1
2026-03-27 21:57:39.162,535.443,1160,-1,15,0,0,0,1,1,0,1,1,1
2026-03-27 21:57:39.163,535.444,1159,-1,15,0,0,0,1,1,0,1,1,1
2026-03-27 21:57:39.291,535.572,1155,-1,15,0,0,0,1,1,0,1,1,1
2026-03-27 21:57:39.339,535.620,1151,-2,15,0,0,0,1,1,0,1,1,1
2026-03-27 21:57:39.340,535.621,1155,-1,15,0,0,0,1,1,0,1,1,1
2026-03-27 21:57:39.483,535.763,1158,-1,15,0,0,0,1,1,0,1,1,1
2026-03-27 21:57:39.485,535.766,1158,-1,15,0,0,0,1,1,0,1,1,1
2026-03-27 21:57:39.595,535.876,1159,-4,15,0,0,0,1,1,0,1,1,1
2026-03-27 21:57:39.739,536.020,1159,-1,15,0,0,0,1,1,0,1,1,1
2026-03-27 21:57:39.802,536.083,1157,-4,15,0,0,0,1,1,0,1,1,1
2026-03-27 21:57:39.804,536.085,1158,-1,15,0,0,0,1,1,0,1,1,1
2026-03-27 21:57:39.805,536.086,110,0,0,0,0,0,0,0,0,0,0,0
2026-03-27 21:57:39.818,536.099,1161,-1,15,0,0,0,1,1,0,1,1,1
2026-03-27 21:57:39.979,536.260,1164,-2,15,0,0,0,1,1,0,1,1,1
2026-03-27 21:57:40.011,536.292,1156,-1,15,0,0,0,1,1,0,1,1,1
2026-03-27 21:57:40.139,536.420,1156,-1,15,0,0,0,1,1,0,1,1,1
2026-03-27 21:57:40.251,536.532,1155,-1,15,0,0,0,1,1,0,1,1,1
2026-03-27 21:57:40.299,536.580,1157,-1,15,0,0,0,1,1,0,1,1,1
2026-03-27 21:57:40.491,536.772,1156,-1,15,0,0,0,1,1,0,1,1,1
2026-03-27 21:57:40.523,536.803,1160,-4,15,0,0,0,1,1,0,1,1,1
2026-03-27 21:57:40.540,536.821,1150,-1,16,0,0,0,1,1,0,1,1,1
2026-03-27 21:57:40.651,536.932,1151,-1,15,0,0,0,1,1,0,1,1,1
2026-03-27 21:57:40.667,536.948,1153,-1,15,0,0,0,1,1,0,1,1,1
2026-03-27 21:57:40.715,536.996,1156,-1,15,0,0,0,1,1,0,1,1,1
2026-03-27 21:57:40.842,537.123,1160,-1,16,0,0,0,1,1,0,1,1,1
2026-03-27 21:57:40.846,537.127,1155,-1,15,0,0,0,1,1,0,1,1,1
2026-03-27 21:57:41.003,537.284,1157,-1,16,0,0,0,1,1,0,1,1,1
2026-03-27 21:57:41.005,537.286,1159,-1,15,0,0,0,1,1,0,1,1,1
2026-03-27 21:57:41.067,537.348,1160,-1,15,0,0,0,1,1,0,1,1,1
2026-03-27 21:57:41.275,537.556,1160,-1,16,0,0,0,1,1,0,1,1,1
2026-03-27 21:57:41.355,537.636,1153,-1,15,0,0,0,1,1,0,1,1,1
2026-03-27 21:57:41.451,537.732,1157,0,15,0,0,0,1,1,0,1,1,1
2026-03-27 21:57:41.595,537.876,1155,-1,15,0,0,0,1,1,0,1,1,1
2026-03-27 21:57:41.707,537.988,1157,-1,15,0,0,0,1,1,0,1,1,1
2026-03-27 21:57:41.835,538.116,1159,-1,15,0,0,0,1,1,0,1,1,1
2026-03-27 21:57:41.851,538.132,1159,-1,15,0,0,0,1,1,0,1,1,1
2026-03-27 21:57:41.852,538.133,1155,-2,1,0,0,0,0,1,0,1,1,1
2026-03-27 21:57:41.930,538.211,1154,-1,15,0,0,0,1,1,0,1,1,1
2026-03-27 21:57:41.932,538.213,1155,-1,16,0,0,0,1,1,0,1,1,1
2026-03-27 21:57:41.946,538.227,1154,-1,15,0,0,0,1,1,0,1,1,1
2026-03-27 21:57:42.027,538.308,1158,-1,15,0,0,0,1,1,0,1,1,1
2026-03-27 21:57:42.123,538.403,1160,-1,15,0,0,0,1,1,0,1,1,1
2026-03-27 21:57:42.203,538.484,1161,-1,15,0,0,0,1,1,0,1,1,1
2026-03-27 21:57:42.206,538.487,1161,-1,15,0,0,0,1,1,0,1,1,1
2026-03-27 21:57:42.299,538.580,1162,-4,15,0,0,0,1,1,0,1,1,1
2026-03-27 21:57:42.395,538.676,1159,-1,15,0,0,0,1,1,0,1,1,1
2026-03-27 21:57:42.522,538.803,1159,-1,15,0,0,0,1,1,0,1,1,1
2026-03-27 21:57:42.651,538.931,1156,-1,16,0,0,0,1,1,0,1,1,1
2026-03-27 21:57:42.652,538.933,1156,-1,15,0,0,0,1,1,0,1,1,1
2026-03-27 21:57:42.730,539.011,1158,-1,15,0,0,0,1,1,0,1,1,1
2026-03-27 21:57:42.746,539.027,1160,-1,16,0,0,0,1,1,0,1,1,1
2026-03-27 21:57:42.907,539.188,1160,-1,15,0,0,0,1,1,0,1,1,1
2026-03-27 21:57:42.987,539.267,1159,-1,15,0,0,0,1,1,0,1,1,1
2026-03-27 21:57:43.099,539.380,1163,-1,15,0,0,0,1,1,0,1,1,1
2026-03-27 21:57:43.227,539.508,1160,-1,15,0,0,0,1,1,0,1,1,1
2026-03-27 21:57:43.242,539.523,1161,-1,15,0,0,0,1,1,0,1,1,1
2026-03-27 21:57:43.355,539.636,1154,-1,16,0,0,0,1,1,0,1,1,1
2026-03-27 21:57:43.356,539.637,1155,-1,15,0,0,0,1,1,0,1,1,1
2026-03-27 21:57:43.467,539.748,1156,-1,16,0,0,0,1,1,0,1,1,1
2026-03-27 21:57:43.611,539.892,1159,-1,16,0,0,0,1,1,0,1,1,1
2026-03-27 21:57:43.627,539.908,1160,-1,15,0,0,0,1,1,0,1,1,1
2026-03-27 21:57:43.629,539.910,1161,-1,15,0,0,0,1,1,0,1,1,1
2026-03-27 21:57:43.642,539.923,1158,-2,15,0,0,0,1,1,0,1,1,1
2026-03-27 21:57:43.738,540.019,1161,-1,15,0,0,0,1,1,0,1,1,1
2026-03-27 21:57:43.851,540.132,1159,-1,15,0,0,0,1,1,0,1,1,1
2026-03-27 21:57:43.946,540.227,1159,-2,16,0,0,0,1,1,0,1,1,1
2026-03-27 21:57:44.091,540.372,1154,-1,16,0,0,0,1,1,0,1,1,1
2026-03-27 21:57:44.155,540.435,1156,-1,13,0,0,0,1,1,0,1,1,1
2026-03-27 21:57:44.171,540.452,1158,-1,13,0,0,0,1,1,0,1,1,1
2026-03-27 21:57:44.173,540.454,1154,-1,15,0,0,0,1,1,0,1,1,1
2026-03-27 21:57:44.283,540.564,1156,-1,15,0,0,0,1,1,0,1,1,1
2026-03-27 21:57:44.410,540.691,1158,-4,15,0,0,0,1,1,0,1,1,1
2026-03-27 21:57:44.412,540.692,1159,-1,15,0,0,0,1,1,0,1,1,1
2026-03-27 21:57:44.459,540.740,1159,-1,15,0,0,0,1,1,0,1,1,1
2026-03-27 21:57:44.587,540.868,1161,-1,15,0,0,0,1,1,0,1,1,1
2026-03-27 21:57:44.666,540.947,1157,-2,15,0,0,0,1,1,0,1,1,1
2026-03-27 21:57:44.794,541.075,1164,-1,15,0,0,0,1,1,0,1,1,1
2026-03-27 21:57:44.890,541.171,1162,-1,15,0,0,0,1,1,0,1,1,1
2026-03-27 21:57:44.986,541.267,1162,-1,15,0,0,0,1,1,0,1,1,1
2026-03-27 21:57:45.083,541.364,1161,-1,15,0,0,0,1,1,0,1,1,1
2026-03-27 21:57:45.099,541.380,1157,-1,15,0,0,0,1,1,0,1,1,1
2026-03-27 21:57:45.386,541.667,1156,-4,15,0,0,0,1,1,0,1,1,1
2026-03-27 21:57:45.499,541.780,1156,-1,15,0,0,0,1,1,0,1,1,1
2026-03-27 21:57:45.626,541.907,1159,-1,15,0,0,0,1,1,0,1,1,1
2026-03-27 21:57:45.629,541.910,1157,-1,15,0,0,0,1,1,0,1,1,1
2026-03-27 21:57:45.739,542.020,1159,-1,15,0,0,0,1,1,0,1,1,1
2026-03-27 21:57:45.802,542.083,1158,-1,15,0,0,0,1,1,0,1,1,1
2026-03-27 21:57:45.931,542.212,1155,-1,15,0,0,0,1,1,0,1,1,1
2026-03-27 21:57:45.978,542.259,1158,-1,15,0,0,0,1,1,0,1,1,1
2026-03-27 21:57:45.980,542.260,1159,-1,15,0,0,0,1,1,0,1,1,1
2026-03-27 21:57:46.090,542.371,1162,-1,15,0,0,0,1,1,0,1,1,1
2026-03-27 21:57:46.092,542.372,1161,-1,15,0,0,0,1,1,0,1,1,1
2026-03-27 21:57:46.219,542.500,1160,-1,15,0,0,0,1,1,0,1,1,1
2026-03-27 21:57:46.221,542.502,1162,-4,15,0,0,0,1,1,0,1,1,1
2026-03-27 21:57:46.362,542.643,1163,-4,15,0,0,0,1,1,0,1,1,1
2026-03-27 21:57:46.364,542.644,1164,-4,15,0,0,0,0,0,0,0,0,0
2026-03-27 21:57:46.365,542.646,1160,-1,15,0,0,0,1,1,0,1,1,1
2026-03-27 21:57:46.378,542.659,1161,-1,15,0,0,0,1,1,0,1,1,1
2026-03-27 21:57:46.474,542.755,1156,-1,16,0,0,0,1,1,0,1,1,1
2026-03-27 21:57:46.554,542.835,1154,-1,15,0,0,0,1,1,0,1,1,1
2026-03-27 21:57:46.715,542.996,1157,-1,15,0,0,0,1,1,0,1,1,1
2026-03-27 21:57:46.778,543.059,1156,-1,15,0,0,0,1,1,0,1,1,1
2026-03-27 21:57:46.874,543.155,1162,-1,15,0,0,0,1,1,0,1,1,1
2026-03-27 21:57:47.019,543.300,1159,-1,15,0,0,0,1,1,0,1,1,1
2026-03-27 21:57:47.083,543.363,1155,-1,15,0,0,0,1,1,0,1,1,1
2026-03-27 21:57:47.084,543.365,1156,-1,15,0,0,0,1,1,0,1,1,1
2026-03-27 21:57:47.098,543.379,1,0,0,0,0,0,0,0,0,0,0,0
2026-03-27 21:57:47.100,543.380,1157,-2,15,0,0,0,1,1,0,1,1,1
2026-03-27 21:57:47.146,543.427,1159,-2,15,0,0,0,1,1,0,1,1,1
2026-03-27 21:57:47.274,543.555,1160,-1,15,0,0,0,1,1,0,1,1,1
2026-03-27 21:57:47.371,543.652,1161,-1,15,0,0,0,1,1,0,1,1,1
2026-03-27 21:57:47.467,543.748,1159,-1,15,0,0,0,1,1,0,1,1,1
2026-03-27 21:57:47.578,543.859,1158,-1,15,0,0,0,1,1,0,1,1,1
2026-03-27 21:57:47.691,543.972,1164,-1,15,0,0,0,1,1,0,1,1,1
2026-03-27 21:57:47.755,544.036,1156,-1,15,0,0,0,1,1,0,1,1,1
2026-03-27 21:57:47.915,544.196,1157,-1,15,0,0,0,1,1,0,1,1,1
2026-03-27 21:57:47.917,544.198,1158,-1,15,0,0,0,1,1,0,1,1,1
2026-03-27 21:57:48.027,544.308,1158,-1,15,0,0,0,1,1,0,1,1,1
2026-03-27 21:57:48.139,544.420,1161,-1,15,0,0,0,1,1,0,1,1,1
2026-03-27 21:57:48.251,544.532,1160,-1,15,0,0,0,1,1,0,1,1,1
2026-03-27 21:57:48.331,544.612,1161,-1,15,0,0,0,1,1,0,1,1,1
2026-03-27 21:57:48.619,544.900,1158,-1,16,0,0,0,1,1,0,1,1,1
2026-03-27 21:57:48.634,544.915,1156,-1,15,0,0,0,1,1,0,1,1,1
2026-03-27 21:57:48.762,545.043,1158,-1,15,0,0,0,1,1,0,1,1,1
2026-03-27 21:57:48.826,545.107,1162,-1,15,0,0,0,1,1,0,1,1,1
2026-03-27 21:57:48.922,545.203,1157,-1,15,0,0,0,1,1,0,1,1,1
2026-03-27 21:57:48.939,545.220,1159,-1,16,0,0,0,1,1,0,1,1,1
2026-03-27 21:57:49.275,545.555,1159,-1,15,0,0,0,1,1,0,1,1,1
2026-03-27 21:57:49.278,545.558,1153,-1,16,0,0,0,1,1,0,1,1,1
2026-03-27 21:57:49.371,545.652,1155,-1,16,0,0,0,1,1,0,1,1,1
2026-03-27 21:57:49.466,545.747,1160,-1,15,0,0,0,1,1,0,1,1,1
2026-03-27 21:57:49.482,545.763,1160,-1,15,0,0,0,1,1,0,1,1,1
2026-03-27 21:57:49.483,545.764,0,0,15,0,0,0,1,1,0,1,1,1
2026-03-27 21:57:49.578,545.859,1159,-1,15,0,0,0,1,1,0,1,1,1
2026-03-27 21:57:49.596,545.877,1158,-1,16,0,0,0,1,1,0,1,1,1
2026-03-27 21:57:49.627,545.908,1159,-1,15,0,0,0,1,1,0,1,1,1
2026-03-27 21:57:49.818,546.099,1157,-2,15,0,0,0,1,1,0,1,1,1
2026-03-27 21:57:49.821,546.101,1163,-1,15,0,0,0,1,1,0,1,1,1
2026-03-27 21:57:49.883,546.164,1162,-1,15,0,0,0,1,1,0,1,1,1
2026-03-27 21:57:49.995,546.275,1159,-1,15,0,0,0,1,1,0,1,1,1
2026-03-27 21:57:50.138,546.419,1159,-1,16,0,0,0,1,1,0,1,1,1
2026-03-27 21:57:50.141,546.421,1158,-1,15,0,0,0,1,1,0,1,1,1
2026-03-27 21:57:50.267,546.548,1158,-1,15,0,0,0,1,1,0,1,1,1
2026-03-27 21:57:50.314,546.595,1159,-1,15,0,0,0,1,1,0,1,1,1
2026-03-27 21:57:50.427,546.708,1159,-1,16,0,0,0,1,1,0,1,1,1
2026-03-27 21:57:50.539,546.820,1157,-1,15,0,0,0,1,1,0,1,1,1
2026-03-27 21:57:50.634,546.915,1162,-1,15,0,0,0,1,1,0,1,1,1
2026-03-27 21:57:50.651,546.932,1161,-2,15,0,0,0,1,1,0,1,1,1
2026-03-27 21:57:50.714,546.995,1160,-1,15,0,0,0,1,1,0,1,1,1
2026-03-27 21:57:50.731,547.011,1161,-1,15,0,0,0,1,1,0,1,1,1
2026-03-27 21:57:50.858,547.139,1159,-1,15,0,0,0,1,1,0,1,1,1
2026-03-27 21:57:50.874,547.155,1160,-1,16,0,0,0,1,1,0,1,1,1
2026-03-27 21:57:50.876,547.157,1157,-1,16,0,0,0,1,1,0,1,1,1
2026-03-27 21:57:51.002,547.283,1159,-1,15,0,0,0,1,1,0,1,1,1
2026-03-27 21:57:51.083,547.364,1158,-1,15,0,0,0,1,1,0,1,1,1
2026-03-27 21:57:51.194,547.475,1156,-1,15,0,0,0,1,1,0,1,1,1
2026-03-27 21:57:51.211,547.492,1158,-1,15,0,0,0,1,1,0,1,1,1
2026-03-27 21:57:51.213,547.494,1155,-2,15,0,0,0,1,1,0,1,1,1
2026-03-27 21:57:51.290,547.571,1157,-1,15,0,0,0,1,1,0,1,1,1
2026-03-27 21:57:51.338,547.619,1156,-1,15,0,0,0,1,1,0,1,1,1
2026-03-27 21:57:51.340,547.621,1159,-1,15,0,0,0,1,1,0,1,1,1
2026-03-27 21:57:51.435,547.716,1161,-1,15,0,0,0,1,1,0,1,1,1
2026-03-27 21:57:51.450,547.731,1157,-1,15,0,0,0,1,1,0,1,1,1
2026-03-27 21:57:51.610,547.891,1159,-1,15,0,0,0,1,1,0,1,1,1
2026-03-27 21:57:51.628,547.908,1163,-1,15,0,0,0,1,1,0,1,1,1
2026-03-27 21:57:51.675,547.956,1162,-1,16,0,0,0,1,1,0,1,1,1
2026-03-27 21:57:51.786,548.067,1154,-1,16,0,0,0,1,1,0,1,1,1
2026-03-27 21:57:51.931,548.211,1156,-4,15,0,0,0,1,1,0,1,1,1
2026-03-27 21:57:51.995,548.276,1158,-1,15,0,0,0,1,1,0,1,1,1
2026-03-27 21:57:52.090,548.371,1157,-1,15,0,0,0,1,1,0,1,1,1
2026-03-27 21:57:52.092,548.372,1157,-1,15,0,0,0,1,1,0,1,1,1
2026-03-27 21:57:52.234,548.515,1160,-1,15,0,0,0,1,1,0,1,1,1
2026-03-27 21:57:52.362,548.643,1159,-1,15,0,0,0,1,1,0,1,1,1
2026-03-27 21:57:52.491,548.772,1160,-1,15,0,0,0,1,1,0,1,1,1
2026-03-27 21:57:52.554,548.835,1158,-1,15,0,0,0,1,1,0,1,1,1
2026-03-27 21:57:52.698,548.979,1157,-3,15,0,0,0,1,1,0,1,1,1
2026-03-27 21:57:52.700,548.981,1158,-4,15,0,0,0,1,11,0,0,0,1
2026-03-27 21:57:52.701,548.982,1157,-1,15,0,0,0,1,1,0,1,1,1
2026-03-27 21:57:52.762,549.043,1157,-1,15,0,0,0,1,1,0,1,1,1
2026-03-27 21:57:52.874,549.155,1161,-2,15,0,0,0,1,1,0,1,1,1
2026-03-27 21:57:52.987,549.268,1155,-1,15,0,0,0,1,1,0,1,1,1
2026-03-27 21:57:53.130,549.411,1156,-1,15,0,0,0,1,1,0,1,1,1
2026-03-27 21:57:53.146,549.427,1158,-1,15,0,0,0,1,1,0,1,1,1
2026-03-27 21:57:53.210,549.491,1160,-1,15,0,0,0,1,1,0,1,1,1
2026-03-27 21:57:53.354,549.635,1159,-1,15,0,0,0,1,1,0,1,1,1
2026-03-27 21:57:53.355,549.636,1160,-1,15,0,0,0,1,1,0,1,1,1
2026-03-27 21:57:53.434,549.715,1159,-1,15,0,0,0,1,1,0,1,1,1
2026-03-27 21:57:53.578,549.859,1161,-1,15,0,0,0,1,1,0,1,1,1
2026-03-27 21:57:53.595,549.876,1152,-3,15,0,0,0,1,1,0,1,1,1
2026-03-27 21:57:53.658,549.939,1153,-4,16,0,0,0,1,1,0,1,1,1
2026-03-27 21:57:53.770,550.051,1159,-1,15,0,0,0,1,1,0,1,1,1
2026-03-27 21:57:53.898,550.179,1159,-1,15,0,0,0,1,1,0,1,1,1
2026-03-27 21:57:53.913,550.194,1154,-1,15,0,0,0,1,1,0,1,1,1
2026-03-27 21:57:53.978,550.259,1156,-1,15,0,0,0,1,1,0,1,1,1
2026-03-27 21:57:54.074,550.355,1160,-1,15,0,0,0,1,1,0,1,1,1
2026-03-27 21:57:54.201,550.482,1157,-1,15,0,0,0,1,1,0,1,1,1
2026-03-27 21:57:54.298,550.579,1159,-1,16,0,0,0,1,1,0,1,1,1
2026-03-27 21:57:54.362,550.643,1155,-1,15,0,0,0,1,1,0,1,1,1
2026-03-27 21:57:54.570,550.851,1155,-1,15,0,0,0,1,1,0,1,1,1
2026-03-27 21:57:54.618,550.899,1155,-1,15,0,0,0,1,1,0,1,1,1
2026-03-27 21:57:54.762,551.043,1158,-1,16,0,0,0,1,1,0,1,1,1
2026-03-27 21:57:54.874,551.155,1158,-1,16,0,0,0,1,1,0,1,1,1
2026-03-27 21:57:54.890,551.171,1157,-1,16,0,0,0,1,1,0,1,1,1
2026-03-27 21:57:54.986,551.267,1157,-1,15,0,0,0,1,1,0,1,1,1
2026-03-27 21:57:55.018,551.299,1157,-1,15,0,0,0,1,1,0,1,1,1
2026-03-27 21:57:55.162,551.443,1162,-1,15,0,0,0,1,1,0,1,1,1
2026-03-27 21:57:55.227,551.508,1159,-1,15,0,0,0,1,1,0,1,1,1
2026-03-27 21:57:55.450,551.731,1157,-1,15,0,0,0,1,1,0,1,1,1
2026-03-27 21:57:55.482,551.763,1156,-1,15,0,0,0,1,1,0,1,1,1
2026-03-27 21:57:55.484,551.764,1156,-1,15,0,0,0,1,1,0,1,1,1
2026-03-27 21:57:55.562,551.843,1159,-1,15,0,0,0,1,1,0,1,1,1
2026-03-27 21:57:55.722,552.002,1155,-1,16,0,0,0,1,1,0,1,1,1
2026-03-27 21:57:55.834,552.115,1157,-1,15,0,0,0,1,1,0,1,1,1
2026-03-27 21:57:55.946,552.227,1161,-1,15,0,0,0,1,1,0,1,1,1
2026-03-27 21:57:56.010,552.291,1165,-1,15,0,0,0,1,1,0,1,1,1
2026-03-27 21:57:56.090,552.371,1163,-1,15,0,0,0,1,1,0,1,1,1
2026-03-27 21:57:56.266,552.547,1164,-1,16,0,0,0,1,1,0,1,1,1
2026-03-27 21:57:56.362,552.643,1156,-1,16,0,0,0,1,1,0,1,1,1
2026-03-27 21:57:56.363,552.644,1156,-2,15,0,0,0,1,1,0,1,1,1
2026-03-27 21:57:56.457,552.738,1157,-1,15,0,0,0,1,1,0,1,1,1
2026-03-27 21:57:56.459,552.740,1160,-1,15,0,0,0,1,1,0,1,1,1
2026-03-27 21:57:56.474,552.755,1158,-2,0,0,0,0,0,1,0,1,1,1
2026-03-27 21:57:56.618,552.899,1160,-1,16,0,0,0,1,1,0,1,1,1
2026-03-27 21:57:56.619,552.900,1160,-1,15,0,0,0,1,1,0,1,1,1
2026-03-27 21:57:56.634,552.915,1158,-1,13,0,0,0,1,1,0,1,1,1
2026-03-27 21:57:56.636,552.917,1160,-1,13,0,0,0,1,1,0,1,1,1
2026-03-27 21:57:56.649,552.930,1157,-1,12,0,0,0,1,1,0,1,1,1
2026-03-27 21:57:56.794,553.075,1166,-1,15,0,0,0,1,1,0,1,1,1
2026-03-27 21:57:56.795,553.076,1168,-1,15,0,0,0,1,1,0,1,1,1
2026-03-27 21:57:56.922,553.203,1162,-1,15,0,0,0,1,1,0,1,1,1
2026-03-27 21:57:57.034,553.315,1165,-1,16,0,0,0,1,1,0,1,1,1
2026-03-27 21:57:57.035,553.316,1165,-1,15,0,0,0,1,1,0,1,1,1
2026-03-27 21:57:57.082,553.363,1157,-1,16,0,0,0,1,1,0,1,1,1
2026-03-27 21:57:57.162,553.443,1157,-3,16,0,0,0,1,1,0,1,1,1
2026-03-27 21:57:57.274,553.555,1157,-1,16,0,0,0,1,1,0,1,1,1
2026-03-27 21:57:57.292,553.573,1163,-1,16,0,0,0,1,1,0,1,1,1
2026-03-27 21:57:57.450,553.731,1163,-1,15,0,0,0,1,1,0,1,1,1
2026-03-27 21:57:57.482,553.763,1161,-1,16,0,0,0,1,1,0,1,1,1
2026-03-27 21:57:57.610,553.891,1162,-1,15,0,0,0,1,1,0,1,1,1
2026-03-27 21:57:57.754,554.035,1158,-2,15,0,0,0,1,1,0,1,1,1
2026-03-27 21:57:57.756,554.037,1162,-1,15,0,0,0,1,1,0,1,1,1
2026-03-27 21:57:57.866,554.147,1162,-1,16,0,0,0,1,1,0,1,1,1
2026-03-27 21:57:57.898,554.179,1164,-1,15,0,0,0,1,1,0,1,1,1
2026-03-27 21:57:58.218,554.499,1165,-1,15,0,0,0,1,1,0,1,1,1
2026-03-27 21:57:58.330,554.611,1163,-1,16,0,0,0,1,1,0,1,1,1
2026-03-27 21:57:58.426,554.707,1160,-1,16,0,0,0,1,1,0,1,1,1
2026-03-27 21:57:58.442,554.723,1163,-1,15,0,0,0,1,1,0,1,1,1
2026-03-27 21:57:58.586,554.867,1159,-1,16,0,0,0,1,1,0,1,1,1
2026-03-27 21:57:58.601,554.882,1165,-1,15,0,0,0,1,1,0,1,1,1
2026-03-27 21:57:58.650,554.931,1167,-1,16,0,0,0,1,1,0,1,1,1
2026-03-27 21:57:58.713,554.994,1167,-1,15,0,0,0,1,1,0,1,1,1
2026-03-27 21:57:58.715,554.996,1169,-1,15,0,0,0,1,1,0,1,1,1
2026-03-27 21:57:58.794,555.074,1164,-1,15,0,0,0,1,1,0,1,1,1
2026-03-27 21:57:58.889,555.170,1160,-1,15,0,0,0,1,1,0,1,1,1
2026-03-27 21:57:59.018,555.299,1158,-1,15,0,0,0,1,1,0,1,1,1
2026-03-27 21:57:59.130,555.411,1162,-1,16,0,0,0,1,1,0,1,1,1
2026-03-27 21:57:59.226,555.507,1163,-1,15,0,0,0,1,1,0,1,1,1
2026-03-27 21:57:59.386,555.667,1166,-1,15,0,0,0,1,1,0,1,1,1
2026-03-27 21:57:59.498,555.779,1162,-1,15,0,0,0,1,1,0,1,1,1
2026-03-27 21:57:59.562,555.843,1167,-3,15,0,0,0,1,1,0,1,1,1
2026-03-27 21:57:59.642,555.923,1162,-1,16,0,0,0,1,1,0,1,1,1
2026-03-27 21:57:59.657,555.938,1163,-1,16,0,0,0,1,1,0,1,1,1
2026-03-27 21:57:59.770,556.051,1166,-1,16,0,0,0,1,1,0,1,1,1
2026-03-27 21:57:59.818,556.098,1160,-1,16,0,0,0,1,1,0,1,1,1
2026-03-27 21:57:59.978,556.258,1160,-1,16,0,0,0,1,1,0,1,1,1
2026-03-27 21:58:00.010,556.291,1165,-1,15,0,0,0,1,1,0,1,1,1
2026-03-27 21:58:00.137,556.418,1158,-1,16,0,0,0,1,1,0,1,1,1
2026-03-27 21:58:00.139,556.419,1159,-1,16,0,0,0,1,1,0,1,1,1
2026-03-27 21:58:00.297,556.578,1158,-1,15,0,0,0,1,1,0,1,1,1
2026-03-27 21:58:00.313,556.594,1162,-1,15,0,0,0,1,1,0,1,1,1
2026-03-27 21:58:00.346,556.627,1162,-1,15,0,0,0,1,1,0,1,1,1
2026-03-27 21:58:00.410,556.691,1163,-1,16,0,0,0,1,1,0,1,1,1
2026-03-27 21:58:00.522,556.803,1165,-1,15,0,0,0,1,1,0,1,1,1
2026-03-27 21:58:00.524,556.805,1166,-1,16,0,0,0,1,1,0,1,1,1
2026-03-27 21:58:00.714,556.995,1165,-1,15,0,0,0,1,1,0,1,1,1
2026-03-27 21:58:00.826,557.107,1162,-2,15,0,0,0,1,1,0,1,1,1
2026-03-27 21:58:00.829,557.110,1162,-1,16,0,0,0,1,1,0,1,1,1
2026-03-27 21:58:00.858,557.139,1161,-1,16,0,0,0,1,1,0,1,1,1
2026-03-27 21:58:00.986,557.267,1161,-1,15,0,0,0,1,1,0,1,1,1
2026-03-27 21:58:01.097,557.378,1160,-1,15,0,0,0,1,1,0,1,1,1
2026-03-27 21:58:01.177,557.458,1162,-1,15,0,0,0,1,1,0,1,1,1
2026-03-27 21:58:01.306,557.587,1160,-1,15,0,0,0,1,1,0,1,1,1
2026-03-27 21:58:01.337,557.618,1167,-1,15,0,0,0,1,1,0,1,1,1
2026-03-27 21:58:01.546,557.827,1154,-1,15,0,0,0,1,1,0,1,1,1
2026-03-27 21:58:01.610,557.891,1159,-1,15,0,0,0,1,1,0,1,1,1
2026-03-27 21:58:01.625,557.906,1161,-2,15,0,0,0,1,1,0,1,1,1
2026-03-27 21:58:01.769,558.050,1160,-1,15,0,0,0,1,1,0,1,1,1
2026-03-27 21:58:01.772,558.053,1162,-1,15,0,0,0,1,1,0,1,1,1
2026-03-27 21:58:01.882,558.162,1164,-1,15,0,0,0,1,1,0,1,1,1
2026-03-27 21:58:01.945,558.226,1163,-1,15,0,0,0,1,1,0,1,1,1
2026-03-27 21:58:01.947,558.228,1165,-1,15,0,0,0,1,1,0,1,1,1
2026-03-27 21:58:01.977,558.258,1162,-1,15,0,0,0,1,1,0,1,1,1
2026-03-27 21:58:01.979,558.260,1164,-1,15,0,0,0,1,1,0,1,1,1
2026-03-27 21:58:02.153,558.434,1161,-1,15,0,0,0,1,1,0,1,1,1
2026-03-27 21:58:02.297,558.578,1156,-1,15,0,0,0,1,1,0,1,1,1
2026-03-27 21:58:02.329,558.610,1163,-1,15,0,0,0,1,1,0,1,1,1
2026-03-27 21:58:02.331,558.612,1164,-1,15,0,0,0,1,1,0,1,1,1
2026-03-27 21:58:02.410,558.691,1155,-4,16,0,0,0,1,1,0,1,1,1
2026-03-27 21:58:02.522,558.802,1161,-1,15,0,0,0,1,1,0,1,1,1
2026-03-27 21:58:02.524,558.805,1162,-1,16,0,0,0,1,1,0,1,1,1
2026-03-27 21:58:02.681,558.962,1162,-1,16,0,0,0,1,1,0,1,1,1
2026-03-27 21:58:02.683,558.963,1163,-1,15,0,0,0,1,0,0,0,0,0
2026-03-27 21:58:02.698,558.978,1161,-1,16,0,0,0,1,1,0,1,1,1
2026-03-27 21:58:02.700,558.981,1162,-1,16,0,0,0,1,1,0,1,1,1
2026-03-27 21:58:02.714,558.995,1155,-4,15,0,0,0,1,1,0,1,1,1
2026-03-27 21:58:02.858,559.139,1159,-4,15,0,0,0,1,1,0,1,1,1
2026-03-27 21:58:02.921,559.202,1164,-1,16,0,0,0,1,1,0,1,1,1
2026-03-27 21:58:03.178,559.459,1163,0,15,0,0,0,1,1,0,1,1,1
2026-03-27 21:58:03.257,559.538,1164,-1,15,0,0,0,1,1,0,1,1,1
2026-03-27 21:58:03.258,559.539,1163,-1,16,0,0,0,1,1,0,1,1,1
2026-03-27 21:58:03.354,559.635,1169,-1,15,0,0,0,1,1,0,1,1,1
2026-03-27 21:58:03.465,559.746,1159,-1,16,0,0,0,1,1,0,1,1,1
2026-03-27 21:58:03.594,559.875,1160,0,16,0,0,0,1,1,0,1,1,1
2026-03-27 21:58:03.722,560.002,1160,-1,15,0,0,0,1,1,0,1,1,1
2026-03-27 21:58:03.770,560.051,1165,-1,16,0,0,0,1,1,0,1,1,1
2026-03-27 21:58:03.850,560.130,1163,-1,16,0,0,0,1,1,0,1,1,1
2026-03-27 21:58:03.851,560.132,1166,-1,15,0,0,0,1,1,0,1,1,1
2026-03-27 21:58:03.993,560.274,1161,-1,16,0,0,0,1,1,0,1,1,1
2026-03-27 21:58:04.057,560.338,1154,-1,16,0,0,0,1,1,0,1,1,1
2026-03-27 21:58:04.059,560.340,1155,0,16,0,0,0,1,1,0,1,1,1
2026-03-27 21:58:04.201,560.482,1159,-1,16,0,0,0,1,1,0,1,1,1
2026-03-27 21:58:04.218,560.498,1161,-1,15,0,0,0,1,1,0,1,1,1
2026-03-27 21:58:04.297,560.578,1162,0,16,0,0,0,1,1,0,1,1,1
2026-03-27 21:58:04.314,560.595,1162,0,16,0,0,0,1,1,0,1,1,1
2026-03-27 21:58:04.316,560.597,1159,-1,16,0,0,0,1,1,0,1,1,1
2026-03-27 21:58:04.426,560.707,1163,-4,16,0,0,0,1,1,0,1,1,1
2026-03-27 21:58:04.474,560.755,1162,-1,16,0,0,0,1,1,0,1,1,1
2026-03-27 21:58:04.477,560.757,1163,-1,15,0,0,0,1,1,0,1,1,1
2026-03-27 21:58:04.746,561.027,1157,-3,15,0,0,0,1,1,0,1,1,1
2026-03-27 21:58:04.906,561.187,1161,0,16,0,0,0,1,1,0,1,1,1
2026-03-27 21:58:04.985,561.266,1158,0,15,0,0,0,1,1,0,1,1,1
2026-03-27 21:58:05.065,561.346,1161,-1,16,0,0,0,1,1,0,1,1,1
2026-03-27 21:58:05.193,561.474,1164,-1,15,0,0,0,1,1,0,1,1,1
2026-03-27 21:58:05.210,561.491,1167,0,16,0,0,0,1,1,0,1,1,1
2026-03-27 21:58:05.322,561.603,1161,-1,15,0,0,0,1,1,0,1,1,1
2026-03-27 21:58:05.466,561.747,1162,-1,16,0,0,0,1,1,0,1,1,1
2026-03-27 21:58:05.561,561.842,1169,-1,16,0,0,0,1,1,0,1,1,1
2026-03-27 21:58:05.641,561.922,1163,-1,16,0,0,0,1,1,0,1,1,1
2026-03-27 21:58:05.657,561.938,1165,-1,16,0,0,0,1,1,0,1,1,1
2026-03-27 21:58:05.785,562.066,1163,-1,16,0,0,0,1,1,0,1,1,1
2026-03-27 21:58:05.787,562.068,1162,-1,15,0,0,0,1,1,0,1,1,1
2026-03-27 21:58:05.788,562.069,1,0,0,0,0,0,0,0,0,0,0,0
2026-03-27 21:58:05.801,562.082,1165,-2,15,0,0,0,1,1,0,1,1,1
2026-03-27 21:58:06.041,562.322,1161,-1,15,0,0,0,1,1,0,1,1,1
2026-03-27 21:58:06.138,562.419,1164,-1,16,0,0,0,1,1,0,1,1,1
2026-03-27 21:58:06.217,562.498,1167,-1,16,0,0,0,1,1,0,1,1,1
2026-03-27 21:58:06.377,562.658,1161,-1,15,0,0,0,1,1,0,1,1,1
2026-03-27 21:58:06.425,562.706,1166,-1,16,0,0,0,1,1,0,1,1,1
2026-03-27 21:58:06.522,562.802,1158,-1,16,0,0,0,1,1,0,1,1,1
2026-03-27 21:58:06.634,562.914,1160,-1,15,0,0,0,1,1,0,1,1,1
2026-03-27 21:58:06.793,563.074,1162,-1,15,0,0,0,1,1,0,1,1,1
2026-03-27 21:58:06.873,563.154,1166,-1,15,0,0,0,1,1,0,1,1,1
2026-03-27 21:58:06.970,563.251,1164,-1,15,0,0,0,1,1,0,1,1,1
2026-03-27 21:58:06.972,563.253,1163,-1,15,0,0,0,1,1,0,1,1,1
2026-03-27 21:58:07.097,563.378,1165,-1,15,0,0,0,1,1,0,1,1,1
2026-03-27 21:58:07.161,563.442,1164,-1,15,0,0,0,1,1,0,1,1,1
2026-03-27 21:58:07.163,563.443,1165,-1,16,0,0,0,1,1,0,1,1,1
2026-03-27 21:58:07.257,563.538,1158,-1,16,0,0,0,1,1,0,1,1,1
2026-03-27 21:58:07.402,563.682,1168,0,16,0,0,0,1,1,0,1,1,1
2026-03-27 21:58:07.449,563.730,1163,-1,16,0,0,0,1,1,0,1,1,1
2026-03-27 21:58:07.529,563.810,1164,0,15,0,0,0,1,1,0,1,1,1
2026-03-27 21:58:07.689,563.970,1165,-1,15,0,0,0,1,1,0,1,1,1
2026-03-27 21:58:07.849,564.130,1163,-1,16,0,0,0,1,1,0,1,1,1
2026-03-27 21:58:07.866,564.147,1159,-2,15,0,0,0,1,1,0,1,1,1
2026-03-27 21:58:07.869,564.149,1166,-1,16,0,0,0,1,1,0,1,1,1
2026-03-27 21:58:07.977,564.258,1165,-1,16,0,0,0,1,1,0,1,1,1
2026-03-27 21:58:08.106,564.387,1165,-1,16,0,0,0,1,1,0,1,1,1
2026-03-27 21:58:08.233,564.514,1168,-1,15,0,0,0,1,1,0,1,1,1
2026-03-27 21:58:08.249,564.530,1169,-1,15,0,0,0,1,1,0,1,1,1
2026-03-27 21:58:08.313,564.594,1165,-1,16,0,0,0,1,1,0,1,1,1
2026-03-27 21:58:08.330,564.611,1164,-1,16,0,0,0,1,1,0,1,1,1
2026-03-27 21:58:08.393,564.674,1167,-2,15,0,0,0,1,1,0,1,1,1
2026-03-27 21:58:08.521,564.802,1163,-1,16,0,0,0,1,1,0,1,1,1
2026-03-27 21:58:08.713,564.994,1161,-1,16,0,0,0,1,1,0,1,1,1
2026-03-27 21:58:08.761,565.042,1162,-1,15,0,0,0,1,1,0,1,1,1
2026-03-27 21:58:08.857,565.138,1167,0,15,0,0,0,1,1,0,1,1,1
2026-03-27 21:58:08.873,565.154,1164,-1,15,0,0,0,1,1,0,1,1,1
2026-03-27 21:58:09.017,565.298,1166,-1,16,0,0,0,1,1,0,1,1,1
2026-03-27 21:58:09.065,565.346,1167,-1,16,0,0,0,1,1,0,1,1,1
2026-03-27 21:58:09.258,565.539,1157,-1,16,0,0,0,1,1,0,1,1,1
2026-03-27 21:58:09.354,565.634,1164,-1,15,0,0,0,1,1,0,1,1,1
2026-03-27 21:58:09.401,565.682,1164,-1,16,0,0,0,1,1,0,1,1,1
2026-03-27 21:58:09.513,565.794,1161,-1,15,0,0,0,1,1,0,1,1,1
2026-03-27 21:58:09.529,565.810,1166,-1,15,0,0,0,1,1,0,1,1,1
2026-03-27 21:58:09.626,565.907,1168,-1,15,0,0,0,1,1,0,1,1,1
2026-03-27 21:58:09.737,566.018,1163,-1,15,0,0,0,1,1,0,1,1,1
2026-03-27 21:58:09.881,566.162,1169,-3,16,0,0,0,1,1,0,1,1,1
2026-03-27 21:58:09.994,566.275,1158,-1,16,0,0,0,1,1,0,1,1,1
2026-03-27 21:58:10.090,566.371,1166,-1,16,0,0,0,1,1,0,1,1,1
2026-03-27 21:58:10.092,566.373,1161,-1,16,0,0,0,1,1,0,1,1,1
2026-03-27 21:58:10.137,566.418,1162,-1,16,0,0,0,1,1,0,1,1,1
2026-03-27 21:58:10.265,566.545,1166,-1,16,0,0,0,1,1,0,1,1,1
2026-03-27 21:58:10.281,566.562,1165,-1,16,0,0,0,1,1,0,1,1,1
2026-03-27 21:58:10.409,566.690,1168,-1,16,0,0,0,1,1,0,1,1,1
2026-03-27 21:58:10.412,566.693,1158,-1,16,0,0,0,1,1,0,1,1,1
2026-03-27 21:58:10.458,566.739,1159,-1,15,0,0,0,1,1,0,1,1,1
2026-03-27 21:58:10.460,566.741,1156,-2,15,0,0,0,1,1,0,1,1,1
2026-03-27 21:58:10.554,566.835,1160,-1,15,0,0,0,1,1,0,1,1,1
2026-03-27 21:58:10.664,566.945,1161,-1,15,0,0,0,1,1,0,1,1,1
2026-03-27 21:58:10.666,566.947,1161,-1,15,0,0,0,1,1,0,1,1,1
2026-03-27 21:58:10.777,567.058,1166,-1,15,0,0,0,1,1,0,1,1,1
2026-03-27 21:58:10.906,567.187,1162,-1,16,0,0,0,1,1,0,1,1,1
2026-03-27 21:58:10.922,567.203,1158,0,15,0,0,0,1,1,0,1,1,1
2026-03-27 21:58:11.033,567.314,1158,-1,15,0,0,0,1,1,0,1,1,1
2026-03-27 21:58:11.145,567.426,1165,-1,15,0,0,0,1,1,0,1,1,1
2026-03-27 21:58:11.193,567.474,1161,-1,16,0,0,0,1,1,0,1,1,1
2026-03-27 21:58:11.305,567.586,1159,-1,15,0,0,0,1,1,0,1,1,1
2026-03-27 21:58:11.385,567.666,1161,-1,15,0,0,0,1,1,0,1,1,1
2026-03-27 21:58:11.402,567.683,1165,-1,15,0,0,0,1,1,0,1,1,1
2026-03-27 21:58:11.546,567.827,1167,-1,16,0,0,0,1,1,0,1,1,1
2026-03-27 21:58:11.625,567.906,1161,-1,15,0,0,0,1,1,0,1,1,1
2026-03-27 21:58:11.626,567.907,1164,-1,16,0,0,0,1,1,0,1,1,1
2026-03-27 21:58:11.629,567.910,1165,0,15,0,0,0,1,1,0,1,1,1
2026-03-27 21:58:11.721,568.002,1167,-1,16,0,0,0,1,1,0,1,1,1
2026-03-27 21:58:11.849,568.130,1156,-1,16,0,0,0,1,1,0,1,1,1
2026-03-27 21:58:11.944,568.225,1160,-1,15,0,0,0,1,1,0,1,1,1
2026-03-27 21:58:12.072,568.353,1164,-1,15,0,0,0,1,1,0,1,1,1
2026-03-27 21:58:12.074,568.355,1163,-1,15,0,0,0,1,1,0,1,1,1
2026-03-27 21:58:12.169,568.450,1165,-4,16,0,0,0,1,1,0,1,1,1
2026-03-27 21:58:12.297,568.578,1164,-1,15,0,0,0,1,1,0,1,1,1
2026-03-27 21:58:12.362,568.642,1159,-2,15,0,0,0,1,1,0,1,1,1
2026-03-27 21:58:12.537,568.818,1161,-1,16,0,0,0,1,1,0,1,1,1
2026-03-27 21:58:12.553,568.834,1161,-1,15,0,0,0,1,1,0,1,1,1
2026-03-27 21:58:12.601,568.882,1157,-1,16,0,0,0,1,1,0,1,1,1
2026-03-27 21:58:12.680,568.961,1162,-1,16,0,0,0,1,1,0,1,1,1
2026-03-27 21:58:12.697,568.978,1163,-1,16,0,0,0,1,1,0,1,1,1
2026-03-27 21:58:12.700,568.981,1160,-1,16,0,0,0,1,1,0,1,1,1
2026-03-27 21:58:12.873,569.154,1161,-1,16,0,0,0,1,1,0,1,1,1
2026-03-27 21:58:12.906,569.186,1163,-1,16,0,0,0,1,1,0,1,1,1
2026-03-27 21:58:13.017,569.298,1162,-1,15,0,0,0,1,1,0,1,1,1
2026-03-27 21:58:13.112,569.393,1158,-1,16,0,0,0,1,1,0,1,1,1
2026-03-27 21:58:13.241,569.522,1157,-1,15,0,0,0,1,1,0,1,1,1
2026-03-27 21:58:13.321,569.602,1166,-1,16,0,0,0,1,1,0,1,1,1
2026-03-27 21:58:13.465,569.746,1165,-1,16,0,0,0,1,1,0,1,1,1
2026-03-27 21:58:13.609,569.890,1160,-1,15,0,0,0,1,1,0,1,1,1
2026-03-27 21:58:13.611,569.892,1168,-1,16,0,0,0,1,1,0,1,1,1
2026-03-27 21:58:13.738,570.019,1166,-1,16,0,0,0,1,1,0,1,1,1
2026-03-27 21:58:13.801,570.082,1164,-1,15,0,0,0,1,1,0,1,1,1
2026-03-27 21:58:13.961,570.242,1157,-1,16,0,0,0,1,1,0,1,1,1
2026-03-27 21:58:14.073,570.354,1159,-1,15,0,0,0,1,1,0,1,1,1
2026-03-27 21:58:14.090,570.371,1157,-1,16,0,0,0,1,1,0,1,1,1
2026-03-27 21:58:14.185,570.466,1157,-1,15,0,0,0,1,1,0,1,1,1
2026-03-27 21:58:14.202,570.483,1161,-1,16,0,0,0,1,1,0,1,1,1
2026-03-27 21:58:14.313,570.594,1164,-1,15,0,0,0,1,1,0,1,1,1
2026-03-27 21:58:14.425,570.706,1160,-1,15,0,0,0,1,1,0,1,1,1
2026-03-27 21:58:14.520,570.801,1163,-1,16,0,0,0,1,1,0,1,1,1
2026-03-27 21:58:14.585,570.866,1153,-1,16,0,0,0,1,1,0,1,1,1
2026-03-27 21:58:14.713,570.994,1157,-1,16,0,0,0,1,1,0,1,1,1
2026-03-27 21:58:14.714,570.995,1160,-1,15,0,0,0,1,1,0,1,1,1
2026-03-27 21:58:14.776,571.057,1161,-1,15,0,0,0,1,1,0,1,1,1
2026-03-27 21:58:14.778,571.059,1161,-1,16,0,0,0,1,1,0,1,1,1
2026-03-27 21:58:14.779,571.060,1157,-1,1,0,0,0,0,1,0,1,1,1
2026-03-27 21:58:14.889,571.170,1157,-1,16,0,0,0,1,1,0,1,1,1
2026-03-27 21:58:14.890,571.171,1160,-1,15,0,0,0,1,1,0,1,1,1
2026-03-27 21:58:15.065,571.346,1162,-1,15,0,0,0,1,1,0,1,1,1
2026-03-27 21:58:15.145,571.426,1160,-1,16,0,0,0,1,1,0,1,1,1
2026-03-27 21:58:15.256,571.537,1162,-1,15,0,0,0,1,1,0,1,1,1
2026-03-27 21:58:15.273,571.554,1162,0,16,0,0,0,1,1,0,1,1,1
2026-03-27 21:58:15.305,571.586,1158,0,15,0,0,0,1,1,0,1,1,1
2026-03-27 21:58:15.449,571.730,1158,-1,16,0,0,0,1,1,0,1,1,1
2026-03-27 21:58:15.497,571.778,1157,-1,16,0,0,0,1,1,0,1,1,1
2026-03-27 21:58:15.513,571.794,1165,-1,15,0,0,0,1,1,0,1,1,1
2026-03-27 21:58:15.594,571.875,1163,-1,15,0,0,0,1,1,0,1,1,1
2026-03-27 21:58:15.705,571.986,1162,-1,16,0,0,0,1,1,0,1,1,1
2026-03-27 21:58:15.833,572.114,1157,-1,16,0,0,0,1,1,0,1,1,1
2026-03-27 21:58:15.945,572.226,1156,-2,15,0,0,0,1,1,0,1,1,1
2026-03-27 21:58:16.057,572.338,1164,-3,15,0,0,0,1,1,0,1,1,1
2026-03-27 21:58:16.169,572.450,1163,-1,16,0,0,0,1,1,0,1,1,1
2026-03-27 21:58:16.172,572.453,1165,-1,16,0,0,0,1,1,0,1,1,1
2026-03-27 21:58:16.265,572.546,1166,0,15,0,0,0,1,1,0,1,1,1
2026-03-27 21:58:16.266,572.547,1162,-1,15,0,0,1,1,0,0,0,0,0
2026-03-27 21:58:16.345,572.625,1163,-1,15,0,0,0,1,1,0,1,1,1
2026-03-27 21:58:16.346,572.627,1162,-1,15,0,0,0,1,1,0,1,1,1
2026-03-27 21:58:16.348,572.629,1159,-1,16,0,0,0,1,1,0,1,1,1
2026-03-27 21:58:16.457,572.738,1162,-2,15,0,0,0,1,1,0,1,1,1
2026-03-27 21:58:16.600,572.881,1159,-1,16,0,0,0,1,1,0,1,1,1
2026-03-27 21:58:16.617,572.898,1159,-1,15,0,0,0,1,1,0,1,1,1
2026-03-27 21:58:16.729,573.009,1158,-1,16,0,0,0,1,1,0,1,1,1
2026-03-27 21:58:16.761,573.042,1159,-1,15,0,0,0,1,1,0,1,1,1
2026-03-27 21:58:16.922,573.202,1164,0,15,0,0,0,1,1,0,1,1,1
2026-03-27 21:58:17.001,573.282,1159,-1,15,0,0,0,1,1,0,1,1,1
2026-03-27 21:58:17.004,573.285,1160,-3,15,0,0,0,1,1,0,1,1,1
2026-03-27 21:58:17.065,573.346,1162,-4,16,0,0,0,1,1,0,1,1,1
2026-03-27 21:58:17.128,573.409,1157,-1,16,0,0,0,1,1,0,1,1,1
2026-03-27 21:58:17.130,573.411,1157,-1,16,0,0,0,1,1,0,1,1,1
2026-03-27 21:58:17.131,573.412,1154,-1,11,0,0,0,0,0,0,0,0,0
2026-03-27 21:58:17.145,573.426,1158,-3,15,0,0,0,1,1,0,1,1,1
2026-03-27 21:58:17.273,573.554,1161,-4,15,0,0,0,1,1,0,1,1,1
2026-03-27 21:58:17.274,573.555,1159,-4,15,0,0,1,0,1,0,1,1,1
2026-03-27 21:58:17.353,573.634,1160,-1,16,0,0,0,1,1,0,1,1,1
2026-03-27 21:58:17.354,573.635,1160,-1,16,0,0,0,1,1,0,1,1,1
2026-03-27 21:58:17.368,573.649,1156,0,0,0,0,0,0,1,0,1,1,1
2026-03-27 21:58:17.496,573.777,1157,-1,15,0,0,0,1,1,0,1,1,1
2026-03-27 21:58:17.498,573.778,1160,-1,16,0,0,0,1,1,0,1,1,1
2026-03-27 21:58:17.577,573.858,1167,-1,15,0,0,0,1,1,0,1,1,1
2026-03-27 21:58:17.579,573.860,1159,-1,15,0,0,0,1,1,0,1,1,1
2026-03-27 21:58:17.657,573.938,1162,-1,15,0,0,0,1,1,0,1,1,1
2026-03-27 21:58:17.768,574.049,1163,-1,13,0,0,0,1,1,0,1,1,1
2026-03-27 21:58:17.865,574.145,1156,0,16,0,0,0,1,1,0,1,1,1
2026-03-27 21:58:17.944,574.225,1158,-1,16,0,0,0,1,1,0,1,1,1
2026-03-27 21:58:17.961,574.242,1160,0,16,0,0,0,1,1,0,1,1,1
2026-03-27 21:58:18.105,574.386,1160,-1,16,0,0,0,1,1,0,1,1,1
2026-03-27 21:58:18.168,574.449,1164,-1,16,0,0,0,1,1,0,1,1,1
2026-03-27 21:58:18.185,574.465,1163,-1,16,0,0,0,1,1,0,1,1,1
2026-03-27 21:58:18.329,574.609,1164,-1,16,0,0,0,1,1,0,1,1,1
2026-03-27 21:58:18.361,574.641,1158,-1,16,0,0,0,1,1,0,1,1,1
2026-03-27 21:58:18.378,574.659,1154,-2,12,0,0,0,1,1,0,1,1,1
2026-03-27 21:58:18.505,574.786,1158,-1,12,0,0,0,1,1,0,1,1,1
2026-03-27 21:58:18.600,574.881,1162,-4,15,0,0,0,1,1,0,1,1,1
2026-03-27 21:58:18.680,574.961,1164,-1,16,0,0,0,1,1,0,1,1,1
2026-03-27 21:58:18.698,574.979,1161,-1,15,0,0,0,1,1,0,1,1,1
2026-03-27 21:58:18.873,575.153,1162,-1,15,0,0,0,1,1,0,1,1,1
2026-03-27 21:58:18.936,575.217,1159,-1,16,0,0,0,1,1,0,1,1,1
2026-03-27 21:58:19.080,575.361,1161,-1,15,0,0,0,1,1,0,1,1,1
2026-03-27 21:58:19.082,575.362,1165,-2,15,0,0,0,1,1,0,1,1,1
2026-03-27 21:58:19.098,575.379,1159,-1,16,0,0,0,1,1,0,1,1,1
2026-03-27 21:58:19.208,575.489,1158,-1,15,0,0,0,1,1,0,1,1,1
2026-03-27 21:58:19.212,575.493,1160,-1,15,0,0,0,1,1,0,1,1,1
2026-03-27 21:58:19.433,575.714,1160,-1,15,0,0,0,1,1,0,1,1,1
2026-03-27 21:58:19.528,575.809,1165,-1,15,0,0,0,1,1,0,1,1,1
2026-03-27 21:58:19.609,575.890,1162,-1,15,0,0,0,1,1,0,1,1,1
2026-03-27 21:58:19.611,575.892,1164,-4,16,0,0,0,1,1,0,1,1,1
2026-03-27 21:58:19.720,576.001,1162,0,15,0,0,0,1,1,0,1,1,1
2026-03-27 21:58:19.864,576.145,1154,-1,16,0,0,0,1,1,0,1,1,1
2026-03-27 21:58:19.961,576.242,1156,-4,15,0,0,0,1,1,0,1,1,1
2026-03-27 21:58:19.962,576.243,1160,-3,15,0,0,0,1,1,0,1,1,1
2026-03-27 21:58:20.025,576.305,1163,-4,15,0,0,0,1,1,0,1,1,1
2026-03-27 21:58:20.026,576.307,1162,-1,16,0,0,0,1,1,0,1,1,1
2026-03-27 21:58:20.185,576.466,1159,-1,16,0,0,0,1,1,0,1,1,1
2026-03-27 21:58:20.232,576.513,1163,-1,16,0,0,0,1,1,0,1,1,1
2026-03-27 21:58:20.250,576.531,1156,-2,15,0,0,0,1,1,0,1,1,1
2026-03-27 21:58:20.360,576.641,1160,-1,15,0,0,0,1,1,0,1,1,1
2026-03-27 21:58:20.488,576.769,1164,-1,15,0,0,0,1,1,0,1,1,1
2026-03-27 21:58:20.505,576.786,1153,-1,15,0,0,0,1,1,0,1,1,1
2026-03-27 21:58:20.632,576.913,1156,-1,15,0,0,0,1,1,0,1,1,1
2026-03-27 21:58:20.744,577.025,1158,-1,15,0,0,0,1,1,0,1,1,1
2026-03-27 21:58:20.762,577.043,1154,-1,15,0,0,0,1,1,0,1,1,1
2026-03-27 21:58:20.776,577.057,1156,-1,15,0,0,0,1,1,0,1,1,1
2026-03-27 21:58:20.778,577.059,1153,-2,15,0,0,0,1,1,0,1,1,1
2026-03-27 21:58:20.984,577.265,1160,-1,15,0,0,0,1,1,0,1,1,1
2026-03-27 21:58:21.032,577.313,1164,-1,15,0,0,0,1,1,0,1,1,1
2026-03-27 21:58:21.034,577.315,1162,-1,15,0,0,0,1,1,0,1,1,1
2026-03-27 21:58:21.128,577.409,1157,-1,15,0,0,0,1,1,0,1,1,1
2026-03-27 21:58:21.209,577.490,1159,-2,15,0,0,0,1,1,0,1,1,1
2026-03-27 21:58:21.352,577.633,1162,-2,15,0,0,0,1,1,0,1,1,1
2026-03-27 21:58:21.400,577.681,1164,-1,15,0,0,0,1,1,0,1,1,1
2026-03-27 21:58:21.512,577.793,1160,-1,15,0,0,0,1,1,0,1,1,1
2026-03-27 21:58:21.529,577.810,1162,-1,15,0,0,0,1,1,0,1,1,1
2026-03-27 21:58:21.593,577.874,1159,-2,15,0,0,0,1,1,0,1,1,1
2026-03-27 21:58:21.657,577.938,1164,-2,15,0,0,0,1,1,0,1,1,1
2026-03-27 21:58:21.800,578.081,1155,-1,15,0,0,0,1,1,0,1,1,1
2026-03-27 21:58:21.849,578.129,1156,-1,15,0,0,0,1,1,0,1,1,1
2026-03-27 21:58:21.960,578.241,1159,-2,15,0,0,0,1,1,0,1,1,1
2026-03-27 21:58:22.089,578.370,1165,-1,15,0,0,0,1,1,0,1,1,1
2026-03-27 21:58:22.184,578.465,1165,-1,15,0,0,0,1,1,0,1,1,1
2026-03-27 21:58:22.186,578.467,1166,-1,15,0,0,0,1,1,0,1,1,1
2026-03-27 21:58:22.440,578.721,1160,-1,15,0,0,0,1,1,0,1,1,1
2026-03-27 21:58:22.601,578.882,1163,-1,15,0,0,0,1,1,0,1,1,1
2026-03-27 21:58:22.603,578.884,1157,-1,15,0,0,0,1,1,0,1,1,1
2026-03-27 21:58:22.905,579.186,1161,-2,15,0,0,0,1,1,0,1,1,1
2026-03-27 21:58:22.936,579.217,1163,-1,16,0,0,0,1,1,0,1,1,1
2026-03-27 21:58:23.096,579.377,1157,-1,16,0,0,0,1,1,0,1,1,1
2026-03-27 21:58:23.097,579.378,1158,-1,15,0,0,0,1,1,0,1,1,1
2026-03-27 21:58:23.192,579.473,1161,-1,16,0,0,0,1,1,0,1,1,1
2026-03-27 21:58:23.257,579.538,1158,-1,16,0,0,0,1,1,0,1,1,1
2026-03-27 21:58:23.353,579.634,1169,-1,15,0,0,0,1,1,0,1,1,1
2026-03-27 21:58:23.464,579.745,1165,-1,16,0,0,0,1,1,0,1,1,1
2026-03-27 21:58:23.624,579.905,1161,-1,16,0,0,0,1,1,0,1,1,1
2026-03-27 21:58:23.705,579.986,1157,-2,15,0,0,0,1,1,0,1,1,1
2026-03-27 21:58:23.706,579.987,1162,-1,15,0,0,0,1,1,0,1,1,1
2026-03-27 21:58:23.736,580.017,1163,-1,15,0,0,0,1,1,0,1,1,1
2026-03-27 21:58:23.737,580.018,1163,-1,15,0,0,0,1,1,0,1,1,1
2026-03-27 21:58:23.817,580.098,1169,-1,16,0,0,0,1,1,0,1,1,1
2026-03-27 21:58:23.945,580.226,1164,-1,16,0,0,0,1,1,0,1,1,1
2026-03-27 21:58:24.073,580.353,1163,-1,15,0,0,0,1,1,0,1,1,1
2026-03-27 21:58:24.089,580.369,1159,-2,15,0,0,0,1,1,0,1,1,1
2026-03-27 21:58:24.153,580.434,1163,-2,15,0,0,0,1,1,0,1,1,1
2026-03-27 21:58:24.155,580.436,1161,-1,16,0,0,0,1,1,0,1,1,1
2026-03-27 21:58:24.233,580.514,1161,-1,16,0,0,0,1,1,0,1,1,1
2026-03-27 21:58:24.408,580.689,1163,0,15,0,0,0,1,1,0,1,1,1
2026-03-27 21:58:24.425,580.705,1165,-1,15,0,0,0,1,1,0,1,1,1
2026-03-27 21:58:24.427,580.708,1161,-1,15,0,0,0,1,1,0,1,1,1
2026-03-27 21:58:24.489,580.770,1160,-1,16,0,0,0,1,1,0,1,1,1
2026-03-27 21:58:24.664,580.945,1162,-1,15,0,0,0,1,1,0,1,1,1
2026-03-27 21:58:24.792,581.073,1165,-1,16,0,0,0,1,1,0,1,1,1
2026-03-27 21:58:24.889,581.170,1157,-1,16,0,0,0,1,1,0,1,1,1
2026-03-27 21:58:25.000,581.281,1160,-1,15,0,0,0,1,1,0,1,1,1
2026-03-27 21:58:25.177,581.458,1167,-1,16,0,0,0,1,1,0,1,1,1
2026-03-27 21:58:25.224,581.505,1161,-3,16,0,0,0,1,1,0,1,1,1
2026-03-27 21:58:25.320,581.601,1163,-1,15,0,0,0,1,1,0,1,1,1
2026-03-27 21:58:25.336,581.617,1160,-1,15,0,0,0,1,1,0,1,1,1
2026-03-27 21:58:25.433,581.714,1163,-1,15,0,0,0,1,1,0,1,1,1
2026-03-27 21:58:25.512,581.793,1162,-1,16,0,0,0,1,1,0,1,1,1
2026-03-27 21:58:25.641,581.922,1159,-1,16,0,0,0,1,1,0,1,1,1
2026-03-27 21:58:25.643,581.924,1158,-1,15,0,0,0,1,1,0,1,1,1
2026-03-27 21:58:25.705,581.985,1160,-1,16,0,0,0,1,1,0,1,1,1
2026-03-27 21:58:25.706,581.986,1157,-2,15,0,0,1,1,0,0,0,0,0
2026-03-27 21:58:25.707,581.988,1158,-1,16,0,0,0,1,1,0,1,1,1
2026-03-27 21:58:25.864,582.145,1159,-1,16,0,0,0,1,1,0,1,1,1
2026-03-27 21:58:25.976,582.257,1163,-1,16,0,0,0,1,1,0,1,1,1
2026-03-27 21:58:26.088,582.369,1168,-1,16,0,0,0,1,1,0,1,1,1
2026-03-27 21:58:26.200,582.481,1160,-1,16,0,0,0,1,1,0,1,1,1
2026-03-27 21:58:26.297,582.578,1159,-2,15,0,0,0,1,1,0,1,1,1
2026-03-27 21:58:26.299,582.580,1163,-1,15,0,0,0,1,1,0,1,1,1
2026-03-27 21:58:26.425,582.705,1163,-1,15,0,0,0,1,1,0,1,1,1
2026-03-27 21:58:26.504,582.785,1164,-1,15,0,0,0,1,1,0,1,1,1
2026-03-27 21:58:26.507,582.788,1168,-1,15,0,0,0,1,1,0,1,1,1
2026-03-27 21:58:26.585,582.866,1169,-1,16,0,0,0,1,1,0,1,1,1
2026-03-27 21:58:26.744,583.025,1161,-1,16,0,0,0,1,1,0,1,1,1
2026-03-27 21:58:26.856,583.137,1162,-4,15,0,0,0,1,1,0,1,1,1
2026-03-27 21:58:26.921,583.202,1159,-1,15,0,0,0,1,1,0,1,1,1
2026-03-27 21:58:27.081,583.362,1158,-4,15,0,0,0,1,1,0,1,1,1
2026-03-27 21:58:27.144,583.425,1158,-1,15,0,0,0,1,1,0,1,1,1
2026-03-27 21:58:27.160,583.441,1160,-1,15,0,0,0,1,1,0,1,1,1
2026-03-27 21:58:27.257,583.537,1163,-1,15,0,0,0,1,1,0,1,1,1
2026-03-27 21:58:27.336,583.617,1161,-1,15,0,0,0,1,1,0,1,1,1
2026-03-27 21:58:27.416,583.697,1165,-1,16,0,0,0,1,1,0,1,1,1
2026-03-27 21:58:27.528,583.809,1158,-1,16,0,0,0,1,1,0,1,1,1
2026-03-27 21:58:27.672,583.953,1161,-1,15,0,0,0,1,1,0,1,1,1
2026-03-27 21:58:27.704,583.985,1163,-1,15,0,0,0,1,1,0,1,1,1
2026-03-27 21:58:27.832,584.113,1162,-1,15,0,0,0,1,1,0,1,1,1
2026-03-27 21:58:27.992,584.273,1163,-1,15,0,0,0,1,1,0,1,1,1
2026-03-27 21:58:28.104,584.385,1166,-1,15,0,0,0,1,1,0,1,1,1
2026-03-27 21:58:28.106,584.387,1162,-1,16,0,0,0,1,1,0,1,1,1
2026-03-27 21:58:28.184,584.465,1162,-1,16,0,0,0,1,1,0,1,1,1
2026-03-27 21:58:28.297,584.578,1159,0,16,0,0,0,1,1,0,1,1,1
2026-03-27 21:58:28.441,584.721,1160,-4,16,0,0,0,1,1,0,1,1,1
2026-03-27 21:58:28.504,584.785,1162,-1,16,0,0,0,1,1,0,1,1,1
2026-03-27 21:58:28.616,584.897,1165,-1,15,0,0,0,1,1,0,1,1,1
2026-03-27 21:58:28.728,585.009,1162,-1,16,0,0,0,1,1,0,1,1,1
2026-03-27 21:58:28.729,585.010,1161,-1,15,0,0,0,1,1,0,1,1,1
2026-03-27 21:58:28.841,585.122,1158,-1,16,0,0,0,1,1,0,1,1,1
2026-03-27 21:58:28.968,585.249,1155,-2,15,0,0,0,1,1,0,1,1,1
2026-03-27 21:58:28.969,585.250,1159,-2,15,0,0,0,1,1,0,1,1,1
2026-03-27 21:58:29.080,585.361,1162,-1,15,0,0,0,1,1,0,1,1,1
2026-03-27 21:58:29.083,585.364,1161,-1,16,0,0,0,1,1,0,1,1,1
2026-03-27 21:58:29.144,585.425,1162,-1,16,0,0,0,1,1,0,1,1,1
2026-03-27 21:58:29.240,585.521,1160,-1,15,0,0,0,1,1,0,1,1,1
2026-03-27 21:58:29.401,585.681,1162,-1,15,0,0,0,1,1,0,1,1,1
2026-03-27 21:58:29.415,585.696,1160,-2,15,0,0,0,1,1,0,1,1,1
2026-03-27 21:58:29.432,585.713,1165,-2,15,0,0,0,1,1,0,1,1,1
2026-03-27 21:58:29.448,585.729,1167,-2,15,0,0,0,1,1,0,1,1,1
2026-03-27 21:58:29.592,585.873,1158,-1,15,0,0,0,1,1,0,1,1,1
2026-03-27 21:58:29.689,585.969,1158,-1,15,0,0,0,1,1,0,1,1,1
2026-03-27 21:58:29.768,586.049,1158,-1,15,0,0,0,1,1,0,1,1,1
2026-03-27 21:58:29.771,586.051,1159,-1,16,0,0,0,1,1,0,1,1,1
2026-03-27 21:58:29.912,586.193,1162,-1,15,0,0,0,1,1,0,1,1,1
2026-03-27 21:58:30.024,586.305,1164,-1,15,0,0,0,1,1,0,1,1,1
2026-03-27 21:58:30.088,586.369,1164,-1,16,0,0,0,1,1,0,1,1,1
2026-03-27 21:58:30.280,586.561,1157,-1,16,0,0,0,1,1,0,1,1,1
2026-03-27 21:58:30.328,586.609,1160,-1,15,0,0,0,1,1,0,1,1,1
2026-03-27 21:58:30.440,586.721,1162,-1,15,0,0,0,1,1,0,1,1,1
2026-03-27 21:58:30.488,586.769,1158,-1,16,0,0,0,1,1,0,1,1,1
2026-03-27 21:58:30.616,586.897,1164,-1,15,0,0,0,1,1,0,1,1,1
2026-03-27 21:58:30.760,587.041,1160,-1,15,0,0,0,1,1,0,1,1,1
2026-03-27 21:58:30.888,587.169,1164,-1,16,0,0,0,1,1,0,1,1,1
2026-03-27 21:58:30.890,587.170,1164,-1,15,0,0,0,1,1,0,1,1,1
2026-03-27 21:58:30.921,587.202,1157,-1,16,0,0,0,1,1,0,1,1,1
2026-03-27 21:58:31.064,587.345,1159,-1,16,0,0,0,1,1,0,1,1,1
2026-03-27 21:58:31.066,587.347,1161,-3,15,0,0,0,1,1,0,1,1,1
2026-03-27 21:58:31.067,587.348,1159,-1,15,0,0,0,1,1,0,1,1,1
2026-03-27 21:58:31.208,587.489,1160,-1,16,0,0,0,1,1,0,1,1,1
2026-03-27 21:58:31.256,587.537,1162,-1,15,0,0,0,1,1,0,1,1,1
2026-03-27 21:58:31.384,587.665,1163,-1,15,0,0,0,1,1,0,1,1,1
2026-03-27 21:58:31.480,587.761,1158,-1,16,0,0,0,1,1,0,1,1,1
2026-03-27 21:58:31.498,587.778,1160,-1,16,0,0,0,1,1,0,1,1,1
2026-03-27 21:58:31.656,587.937,1155,-2,15,0,0,0,1,1,0,1,1,1
2026-03-27 21:58:31.768,588.049,1160,-1,15,0,0,0,1,1,0,1,1,1
2026-03-27 21:58:31.848,588.129,1163,-1,15,0,0,0,1,1,0,1,1,1
2026-03-27 21:58:31.912,588.193,1162,-1,16,0,0,0,1,1,0,1,1,1
2026-03-27 21:58:32.024,588.305,1160,-1,15,0,0,0,1,1,0,1,1,1
2026-03-27 21:58:32.168,588.449,1160,-4,15,0,0,0,1,1,0,1,1,1
2026-03-27 21:58:32.169,588.450,1163,-2,15,0,0,0,1,1,0,1,1,1
2026-03-27 21:58:32.216,588.497,1164,-1,15,0,0,0,1,1,0,1,1,1
2026-03-27 21:58:32.327,588.608,1157,-4,15,0,0,0,1,1,0,1,1,1
2026-03-27 21:58:32.424,588.705,1156,-2,15,0,0,0,1,1,0,1,1,1
2026-03-27 21:58:32.536,588.817,1162,-1,15,0,0,0,1,1,0,1,1,1
2026-03-27 21:58:32.632,588.913,1167,-1,15,0,0,0,1,1,0,1,1,1
2026-03-27 21:58:32.647,588.928,1164,-1,15,0,0,0,1,1,0,1,1,1
2026-03-27 21:58:32.729,589.010,1166,-1,15,0,0,0,1,1,0,1,1,1
2026-03-27 21:58:32.903,589.184,1159,-1,16,0,0,0,1,1,0,1,1,1
2026-03-27 21:58:32.905,589.185,1160,-1,16,0,0,0,1,1,0,1,1,1
2026-03-27 21:58:32.984,589.265,1161,-1,15,0,0,0,1,1,0,1,1,1
2026-03-27 21:58:33.000,589.281,1163,-1,15,0,0,0,1,1,0,1,1,1
2026-03-27 21:58:33.128,589.409,1158,-1,16,0,0,0,1,1,0,1,1,1
2026-03-27 21:58:33.336,589.617,1162,-1,15,0,0,0,1,1,0,1,1,1
2026-03-27 21:58:33.415,589.696,1164,-1,15,0,0,0,1,1,0,1,1,1
2026-03-27 21:58:33.417,589.698,1165,-1,16,0,0,0,1,1,0,1,1,1
2026-03-27 21:58:33.496,589.777,1159,-1,16,0,0,0,1,1,0,1,1,1
2026-03-27 21:58:33.512,589.793,1161,-1,16,0,0,0,1,1,0,1,1,1
2026-03-27 21:58:33.592,589.873,1163,-1,15,0,0,0,1,1,0,1,1,1
2026-03-27 21:58:33.595,589.876,1156,-1,16,0,0,0,1,1,0,1,1,1
2026-03-27 21:58:33.736,590.017,1158,-1,15,0,0,0,1,1,0,1,1,1
2026-03-27 21:58:33.768,590.049,1163,-1,15,0,0,0,1,1,0,1,1,1
2026-03-27 21:58:33.895,590.176,1165,-1,15,0,0,0,1,1,0,1,1,1
2026-03-27 21:58:33.913,590.194,1162,-1,16,0,0,0,1,1,0,1,1,1
2026-03-27 21:58:34.024,590.305,1163,-1,16,0,0,0,1,1,0,1,1,1
2026-03-27 21:58:34.136,590.417,1158,-2,12,0,0,0,1,1,0,1,1,1
2026-03-27 21:58:34.264,590.544,1163,-1,15,0,0,0,1,1,0,1,1,1
2026-03-27 21:58:34.296,590.577,1166,-1,15,0,0,0,1,1,0,1,1,1
2026-03-27 21:58:34.472,590.752,1160,-1,15,0,0,0,1,1,0,1,1,1
2026-03-27 21:58:34.649,590.929,1162,-1,15,0,0,0,1,1,0,1,1,1
2026-03-27 21:58:34.775,591.056,1166,-1,16,0,0,0,1,1,0,1,1,1
2026-03-27 21:58:34.792,591.073,1165,-1,15,0,0,0,1,1,0,1,1,1
2026-03-27 21:58:34.794,591.075,1158,-1,15,0,0,0,1,1,0,1,1,1
2026-03-27 21:58:34.856,591.137,1160,-1,15,0,0,0,1,1,0,1,1,1
2026-03-27 21:58:34.858,591.139,1162,-1,15,0,0,0,1,1,0,1,1,1
2026-03-27 21:58:34.952,591.233,1162,-1,15,0,0,0,1,1,0,1,1,1
2026-03-27 21:58:34.954,591.235,1161,-1,15,0,0,0,1,1,0,1,1,1
2026-03-27 21:58:35.032,591.313,1163,-1,15,0,0,0,1,1,0,1,1,1
2026-03-27 21:58:35.160,591.441,1161,-1,15,0,0,0,1,1,0,1,1,1
2026-03-27 21:58:35.304,591.585,1166,-1,15,0,0,0,1,1,0,1,1,1
2026-03-27 21:58:35.351,591.632,1158,-1,16,0,0,0,1,1,0,1,1,1
2026-03-27 21:58:35.353,591.634,1157,-2,15,0,0,0,1,1,0,0,0,0
2026-03-27 21:58:35.354,591.635,1159,-1,15,0,0,0,1,1,0,1,1,1
2026-03-27 21:58:35.400,591.681,1162,-1,15,0,0,0,1,1,0,1,1,1
2026-03-27 21:58:35.591,591.872,1160,-1,15,0,0,0,1,1,0,1,1,1
2026-03-27 21:58:35.593,591.874,1160,-1,15,0,0,0,1,1,0,1,1,1
2026-03-27 21:58:35.594,591.875,1163,-1,15,0,0,0,1,1,0,1,1,1
2026-03-27 21:58:35.608,591.889,1165,-1,16,0,0,0,1,1,0,1,1,1
2026-03-27 21:58:35.672,591.952,1166,-1,15,0,0,0,1,1,0,1,1,1
2026-03-27 21:58:35.815,592.096,1162,-1,15,0,0,0,1,1,0,1,1,1
2026-03-27 21:58:35.928,592.209,1164,-1,16,0,0,0,1,1,0,1,1,1
2026-03-27 21:58:36.056,592.337,1160,-1,16,0,0,0,1,1,0,1,1,1
2026-03-27 21:58:36.072,592.353,1161,-1,16,0,0,0,1,1,0,1,1,1
2026-03-27 21:58:36.151,592.432,1162,-1,15,0,0,0,1,1,0,1,1,1
2026-03-27 21:58:36.311,592.592,1157,-1,15,0,0,0,1,0,0,0,0,0
2026-03-27 21:58:36.313,592.594,1167,-1,16,0,0,0,1,1,0,1,1,1
2026-03-27 21:58:36.456,592.737,1163,-1,15,0,0,0,1,1,0,1,1,1
2026-03-27 21:58:36.471,592.752,1162,-1,15,0,0,0,1,1,0,1,1,1
2026-03-27 21:58:36.584,592.865,1162,-1,15,0,0,0,1,1,0,1,1,1
2026-03-27 21:58:36.586,592.867,1156,-2,15,0,0,0,1,1,0,1,1,1
2026-03-27 21:58:36.648,592.929,1161,-2,15,0,0,0,1,1,0,1,1,1
2026-03-27 21:58:36.744,593.025,1162,-1,15,0,0,0,1,1,0,1,1,1
2026-03-27 21:58:36.745,593.026,1162,-1,15,0,0,0,1,1,0,1,1,1
2026-03-27 21:58:36.871,593.152,1162,-1,16,0,0,0,1,1,0,1,1,1
2026-03-27 21:58:36.872,593.153,1163,-1,15,0,0,0,1,1,0,1,1,1
2026-03-27 21:58:36.920,593.200,1161,-1,16,0,0,0,1,1,0,1,1,1
2026-03-27 21:58:37.096,593.376,1169,-1,15,0,0,0,1,1,0,1,1,1
2026-03-27 21:58:37.127,593.408,1162,-4,15,0,0,0,1,1,0,1,1,1
2026-03-27 21:58:37.191,593.472,1166,-1,16,0,0,0,1,1,0,1,1,1
2026-03-27 21:58:37.208,593.489,1165,-1,16,0,0,0,1,1,0,1,1,1
2026-03-27 21:58:37.304,593.585,1159,-1,15,0,0,0,1,1,0,1,1,1
2026-03-27 21:58:37.306,593.587,1163,-4,15,0,0,0,1,1,0,1,1,1
2026-03-27 21:58:37.400,593.681,1163,-4,15,0,0,0,1,1,0,1,1,1
2026-03-27 21:58:37.415,593.696,1161,-1,15,0,0,0,1,1,0,1,1,1
2026-03-27 21:58:37.512,593.793,1163,-1,15,0,0,0,1,1,0,1,1,1
2026-03-27 21:58:37.528,593.808,1165,-1,15,0,0,0,1,1,0,1,1,1
2026-03-27 21:58:37.576,593.856,1167,-1,15,0,0,0,1,1,0,1,1,1
2026-03-27 21:58:37.672,593.952,1165,0,16,0,0,0,1,1,0,1,1,1
2026-03-27 21:58:37.832,594.113,1156,-1,16,0,0,0,1,1,0,1,1,1
2026-03-27 21:58:37.927,594.208,1163,-1,15,0,0,0,1,1,0,1,1,1
2026-03-27 21:58:38.039,594.320,1164,-1,16,0,0,0,1,1,0,1,1,1
2026-03-27 21:58:38.056,594.337,1160,-1,16,0,0,0,1,1,0,1,1,1
2026-03-27 21:58:38.072,594.353,1163,0,16,0,0,0,1,1,0,1,1,1
2026-03-27 21:58:38.200,594.481,1168,-4,15,0,0,0,1,1,0,1,1,1
2026-03-27 21:58:38.327,594.608,1165,-1,15,0,0,0,1,1,0,1,1,1
2026-03-27 21:58:38.407,594.688,1163,-1,16,0,0,0,1,1,0,1,1,1
2026-03-27 21:58:38.615,594.896,1160,-3,16,0,0,0,1,1,0,1,1,1
2026-03-27 21:58:38.618,594.899,1161,0,16,0,0,0,1,1,0,1,1,1
2026-03-27 21:58:38.695,594.976,1162,-1,16,0,0,0,1,1,0,1,1,1
2026-03-27 21:58:38.727,595.008,1158,-1,15,0,0,0,1,1,0,1,1,1
2026-03-27 21:58:38.872,595.152,1161,-4,15,0,0,0,1,1,0,1,1,1
2026-03-27 21:58:38.951,595.232,1165,-1,15,0,0,0,1,1,0,1,1,1
2026-03-27 21:58:39.080,595.361,1160,-1,15,0,0,0,1,1,0,1,1,1
2026-03-27 21:58:39.111,595.392,1158,-2,15,0,0,0,1,1,0,1,1,1
2026-03-27 21:58:39.239,595.520,1161,-1,15,0,0,0,1,1,0,1,1,1
2026-03-27 21:58:39.319,595.600,1166,-1,15,0,0,0,1,1,0,1,1,1
2026-03-27 21:58:39.336,595.617,1159,-1,15,0,0,0,1,1,0,1,1,1
2026-03-27 21:58:39.415,595.696,1161,-1,15,0,0,0,1,1,0,1,1,1
2026-03-27 21:58:39.575,595.856,1163,-1,15,0,0,0,1,1,0,1,1,1
2026-03-27 21:58:39.687,595.968,1166,-2,15,0,0,0,1,1,0,1,1,1
2026-03-27 21:58:39.783,596.064,1162,-1,15,0,0,0,1,1,0,1,1,1
2026-03-27 21:58:39.831,596.112,1158,-1,15,0,0,0,1,1,0,1,1,1
2026-03-27 21:58:39.927,596.208,1158,-1,15,0,0,0,1,1,0,1,1,1
2026-03-27 21:58:39.929,596.209,1158,-1,15,0,0,0,1,1,0,1,1,1
2026-03-27 21:58:39.943,596.224,1,0,0,0,0,0,0,0,0,0,0,0
2026-03-27 21:58:39.945,596.226,1166,-1,15,0,0,0,1,1,0,1,1,1
2026-03-27 21:58:39.960,596.241,1167,-1,15,0,0,0,1,1,0,1,1,1
2026-03-27 21:58:40.120,596.401,1163,-1,15,0,0,0,1,1,0,1,1,1
2026-03-27 21:58:40.232,596.513,1163,-1,15,0,0,0,1,1,0,1,1,1
2026-03-27 21:58:40.235,596.516,1158,-1,15,0,0,0,1,1,0,1,1,1
2026-03-27 21:58:40.344,596.625,1159,-1,16,0,0,0,1,1,0,1,1,1
2026-03-27 21:58:40.345,596.626,1155,-2,15,0,0,0,1,1,0,1,1,1
2026-03-27 21:58:40.455,596.736,1159,-1,15,0,0,0,1,1,0,1,1,1
2026-03-27 21:58:40.487,596.768,1161,-1,15,0,0,0,1,1,0,1,1,1
2026-03-27 21:58:40.600,596.881,1166,-1,15,0,0,0,1,1,0,1,1,1
2026-03-27 21:58:40.712,596.993,1168,-1,15,0,0,0,1,1,0,1,1,1
2026-03-27 21:58:40.791,597.072,1164,-4,15,0,0,0,1,1,0,1,1,1
2026-03-27 21:58:40.935,597.216,1165,-1,16,0,0,0,1,1,0,1,1,1
2026-03-27 21:58:41.063,597.344,1158,-1,16,0,0,0,1,1,0,1,1,1
2026-03-27 21:58:41.064,597.345,1160,-1,15,0,0,0,1,1,0,1,1,1
2026-03-27 21:58:41.111,597.392,1161,-1,15,0,0,0,1,1,0,1,1,1
2026-03-27 21:58:41.239,597.520,1156,-1,16,0,0,0,1,1,0,1,1,1
2026-03-27 21:58:41.242,597.523,1163,-1,16,0,0,0,1,1,0,1,1,1
2026-03-27 21:58:41.368,597.648,1162,-1,16,0,0,0,1,1,0,1,1,1
2026-03-27 21:58:41.592,597.873,1160,0,16,0,0,0,1,1,0,1,1,1
2026-03-27 21:58:41.595,597.875,1157,-1,15,0,0,0,1,1,0,1,1,1
2026-03-27 21:58:41.640,597.921,1161,-2,15,0,0,0,1,1,0,1,1,1
2026-03-27 21:58:41.783,598.064,1164,-1,15,0,0,0,1,1,0,1,1,1
2026-03-27 21:58:41.815,598.096,1163,-1,16,0,0,0,1,1,0,1,1,1
2026-03-27 21:58:41.959,598.240,1164,-1,15,0,0,0,1,1,0,1,1,1
2026-03-27 21:58:42.055,598.336,1161,-4,15,0,0,0,1,1,0,1,1,1
2026-03-27 21:58:42.056,598.337,1161,-4,15,0,0,0,1,1,0,1,1,1
2026-03-27 21:58:42.058,598.339,1160,-4,15,0,0,0,1,1,0,1,1,1
2026-03-27 21:58:42.136,598.417,1164,-4,15,0,0,0,1,1,0,1,1,1
2026-03-27 21:58:42.263,598.544,1162,-1,16,0,0,0,1,1,0,1,1,1
2026-03-27 21:58:42.359,598.640,1159,-1,15,0,0,0,1,1,0,1,1,1
2026-03-27 21:58:42.456,598.736,1162,-1,15,0,0,0,1,1,0,1,1,1
2026-03-27 21:58:42.472,598.753,1160,-4,12,0,0,0,1,1,0,1,1,1
2026-03-27 21:58:42.552,598.832,1162,-1,13,0,0,0,1,1,0,1,1,1
2026-03-27 21:58:42.696,598.977,1168,-1,15,0,0,0,1,1,0,1,1,1
2026-03-27 21:58:42.823,599.104,1161,-1,16,0,0,0,1,1,0,1,1,1
2026-03-27 21:58:42.871,599.152,1157,-1,16,0,0,0,1,1,0,1,1,1
2026-03-27 21:58:42.872,599.153,1158,-1,15,0,0,0,1,1,0,1,1,1
2026-03-27 21:58:42.887,599.168,1158,-1,15,0,0,0,1,1,0,1,1,1
2026-03-27 21:58:42.999,599.280,1161,-1,15,0,0,0,1,1,0,1,1,1
2026-03-27 21:58:43.000,599.281,1164,-2,15,0,0,1,0,0,0,0,0,0
2026-03-27 21:58:43.002,599.283,1161,-1,15,0,0,0,1,1,0,1,1,1
2026-03-27 21:58:43.080,599.361,1161,-1,15,0,0,0,1,1,0,1,1,1
2026-03-27 21:58:43.224,599.505,1160,-1,16,0,0,0,1,1,0,1,1,1
2026-03-27 21:58:43.287,599.568,1166,-1,15,0,0,0,1,1,0,1,1,1
2026-03-27 21:58:43.289,599.570,1167,-1,15,0,0,0,1,1,0,1,1,1
2026-03-27 21:58:43.416,599.696,1161,-1,15,0,0,0,1,1,0,1,1,1
2026-03-27 21:58:43.512,599.793,1166,-1,16,0,0,0,1,1,0,1,1,1
2026-03-27 21:58:43.607,599.888,1157,-1,16,0,0,0,1,1,0,1,1,1
2026-03-27 21:58:43.704,599.985,1159,-1,16,0,0,0,1,1,0,1,1,1
2026-03-27 21:58:43.831,600.111,1157,-1,16,0,0,0,1,1,0,1,1,1
2026-03-27 21:58:43.833,600.113,1159,-1,15,0,0,0,1,1,0,1,1,1
2026-03-27 21:58:43.847,600.127,1165,-1,16,0,0,0,1,1,0,1,1,1
2026-03-27 21:58:43.911,600.192,1164,-1,15,0,0,0,1,1,0,1,1,1
2026-03-27 21:58:44.055,600.336,1162,-1,15,0,0,0,1,1,0,1,1,1
2026-03-27 21:58:44.135,600.416,1157,-1,16,0,0,0,1,1,0,1,1,1
2026-03-27 21:58:44.440,600.721,1161,-1,16,0,0,0,1,1,0,1,1,1
2026-03-27 21:58:44.455,600.736,1159,-1,16,0,0,0,1,1,0,1,1,1
2026-03-27 21:58:44.583,600.864,1160,-1,16,0,0,0,1,1,0,1,1,1
2026-03-27 21:58:44.711,600.992,1164,-1,15,0,0,0,1,1,0,1,1,1
2026-03-27 21:58:44.807,601.088,1163,-1,15,0,0,0,1,1,0,1,1,1
2026-03-27 21:58:44.823,601.104,1166,-4,15,0,0,0,1,1,0,1,1,1
2026-03-27 21:58:44.951,601.232,1159,-1,16,0,0,0,1,1,0,1,1,1
2026-03-27 21:58:44.952,601.233,1159,-1,15,0,0,0,1,1,0,1,1,1
2026-03-27 21:58:44.953,601.234,1159,-1,0,0,0,0,0,0,0,0,0,0
2026-03-27 21:58:44.955,601.236,1159,-1,15,0,0,0,1,1,0,1,1,1
2026-03-27 21:58:45.015,601.296,1161,-1,16,0,0,0,1,1,0,1,1,1
2026-03-27 21:58:45.159,601.440,1159,-1,15,0,0,0,1,1,0,1,1,1
2026-03-27 21:58:45.239,601.520,1161,-1,15,0,0,0,1,1,0,1,1,1
2026-03-27 21:58:45.352,601.633,1159,-1,15,0,0,0,1,1,0,1,1,1
2026-03-27 21:58:45.463,601.744,1161,-1,16,0,0,0,1,1,0,1,1,1
2026-03-27 21:58:45.511,601.792,1155,-1,16,0,0,0,1,1,0,1,1,1
2026-03-27 21:58:45.512,601.793,1156,-4,15,0,0,0,1,1,0,1,1,1
2026-03-27 21:58:45.623,601.904,1158,-1,15,0,0,0,1,1,0,1,1,1
2026-03-27 21:58:45.720,602.001,1161,-1,16,0,0,0,1,1,0,1,1,1
2026-03-27 21:58:45.847,602.128,1160,-1,15,0,0,0,1,1,0,1,1,1
2026-03-27 21:58:45.943,602.224,1162,-1,15,0,0,0,1,1,0,1,1,1
2026-03-27 21:58:46.039,602.320,1162,-1,15,0,0,0,1,1,0,1,1,1
2026-03-27 21:58:46.103,602.384,1163,-1,16,0,0,0,1,1,0,1,1,1
2026-03-27 21:58:46.232,602.513,1155,-1,16,0,0,0,1,1,0,1,1,1
2026-03-27 21:58:46.391,602.672,1162,-1,16,0,0,0,1,1,0,1,1,1
2026-03-27 21:58:46.455,602.736,1157,-1,16,0,0,0,1,1,0,1,1,1
2026-03-27 21:58:46.599,602.880,1161,-1,15,0,0,0,1,1,0,1,1,1
2026-03-27 21:58:46.695,602.976,1163,-1,16,0,0,0,1,1,0,1,1,1
2026-03-27 21:58:46.840,603.121,1158,0,15,0,0,0,1,1,0,1,1,1
2026-03-27 21:58:46.842,603.123,1157,-2,15,0,0,0,1,1,0,1,1,1
2026-03-27 21:58:46.936,603.217,1161,-1,15,0,0,0,1,1,0,1,1,1
2026-03-27 21:58:46.983,603.264,1162,-1,15,0,0,0,1,1,0,1,1,1
2026-03-27 21:58:47.079,603.360,1163,0,16,0,0,0,1,1,0,1,1,1
2026-03-27 21:58:47.175,603.456,1162,-1,15,0,0,0,1,1,0,1,1,1
2026-03-27 21:58:47.495,603.776,1161,-1,16,0,0,0,1,1,0,1,1,1
2026-03-27 21:58:47.656,603.936,1156,-1,15,0,0,0,1,1,0,1,1,1
2026-03-27 21:58:47.783,604.064,1157,-1,15,0,0,0,1,1,0,1,1,1
2026-03-27 21:58:47.863,604.144,1164,-1,15,0,0,0,1,1,0,1,1,1
2026-03-27 21:58:48.007,604.288,1161,-4,15,0,0,0,1,1,0,1,1,1
2026-03-27 21:58:48.008,604.289,1163,-4,15,0,0,0,1,1,0,1,1,1
2026-03-27 21:58:48.022,604.303,1162,-1,15,0,0,0,1,1,0,1,1,1
2026-03-27 21:58:48.103,604.384,1163,-1,15,0,0,0,1,1,0,1,1,1
2026-03-27 21:58:48.183,604.464,1156,-1,16,0,0,0,1,1,0,1,1,1
2026-03-27 21:58:48.247,604.528,1160,-1,15,0,0,0,1,1,0,1,1,1
2026-03-27 21:58:48.250,604.531,1159,-1,15,0,0,0,1,1,0,1,1,1
2026-03-27 21:58:48.359,604.640,1159,-4,15,0,0,0,1,1,0,1,1,1
2026-03-27 21:58:48.361,604.642,1160,-4,15,0,0,0,1,1,0,1,1,1
2026-03-27 21:58:48.455,604.736,1157,-4,15,0,0,0,1,1,0,1,1,1
2026-03-27 21:58:48.457,604.737,1159,-4,15,0,0,0,1,1,0,1,1,1
2026-03-27 21:58:48.551,604.831,1163,-1,15,0,0,0,1,1,0,1,1,1
2026-03-27 21:58:48.663,604.944,1160,-1,15,0,0,0,1,1,0,1,1,1
2026-03-27 21:58:48.711,604.992,1160,-1,15,0,0,0,1,1,0,1,1,1
2026-03-27 21:58:48.807,605.088,1157,-1,16,0,0,0,1,1,0,1,1,1
2026-03-27 21:58:48.823,605.104,1158,-1,15,0,0,0,1,1,0,1,1,1
2026-03-27 21:58:48.983,605.264,1159,-1,16,0,0,0,1,1,0,1,1,1
2026-03-27 21:58:48.999,605.280,1157,-1,16,0,0,0,1,1,0,1,1,1
2026-03-27 21:58:49.063,605.344,1158,-1,16,0,0,0,1,1,0,1,1,1
2026-03-27 21:58:49.175,605.456,1162,-4,15,0,0,0,1,1,0,1,1,1
2026-03-27 21:58:49.287,605.568,1164,-1,16,0,0,0,1,1,0,1,1,1
2026-03-27 21:58:49.496,605.777,1161,-4,16,0,0,0,1,1,0,1,1,1
2026-03-27 21:58:49.607,605.888,1164,-1,15,0,0,0,1,1,0,1,1,1
2026-03-27 21:58:49.704,605.985,1164,-1,16,0,0,0,1,1,0,1,1,1
2026-03-27 21:58:49.846,606.127,1159,-1,15,0,0,0,1,1,0,1,1,1
2026-03-27 21:58:49.879,606.160,1159,-1,15,0,0,0,1,1,0,1,1,1
2026-03-27 21:58:50.007,606.288,1159,-4,15,0,0,0,1,1,0,1,1,1
2026-03-27 21:58:50.022,606.303,1163,-4,15,0,0,0,1,1,0,1,1,1
2026-03-27 21:58:50.135,606.416,1158,-1,16,0,0,0,1,1,0,1,1,1
2026-03-27 21:58:50.312,606.592,1158,-1,15,0,0,0,1,1,0,1,1,1
2026-03-27 21:58:50.359,606.640,1161,-1,15,0,0,0,1,1,0,1,1,1
2026-03-27 21:58:50.455,606.736,1162,-1,15,0,0,0,1,1,0,1,1,1
2026-03-27 21:58:50.458,606.738,1163,-1,15,0,0,0,1,1,0,1,1,1
2026-03-27 21:58:50.566,606.847,1165,-1,15,0,0,0,1,1,0,1,1,1
2026-03-27 21:58:50.567,606.848,1161,-2,15,0,0,0,1,0,0,0,0,0
2026-03-27 21:58:50.569,606.850,1165,-1,15,0,0,0,1,1,0,1,1,1
2026-03-27 21:58:50.711,606.992,1165,-1,15,0,0,0,1,1,0,1,1,1
2026-03-27 21:58:50.790,607.071,1155,-1,16,0,0,0,1,1,0,1,1,1
2026-03-27 21:58:50.792,607.073,1156,-1,15,0,0,0,1,1,0,1,1,1
2026-03-27 21:58:50.936,607.216,1158,-4,15,0,0,0,1,1,0,1,1,1
2026-03-27 21:58:50.950,607.231,1160,-1,16,0,0,0,1,1,0,1,1,1
2026-03-27 21:58:51.063,607.344,1160,-1,16,0,0,0,1,1,0,1,1,1
2026-03-27 21:58:51.175,607.456,1159,-1,16,0,0,0,1,1,0,1,1,1
2026-03-27 21:58:51.223,607.504,1163,-1,16,0,0,0,1,1,0,1,1,1
2026-03-27 21:58:51.351,607.632,1160,-1,15,0,0,0,1,1,0,1,1,1
2026-03-27 21:58:51.463,607.744,1161,0,16,0,0,0,1,1,0,1,1,1
2026-03-27 21:58:51.591,607.872,1155,0,16,0,0,0,1,1,0,1,1,1
2026-03-27 21:58:51.703,607.984,1157,0,15,0,0,0,1,1,0,1,1,1
2026-03-27 21:58:51.704,607.985,1159,0,16,0,0,0,1,1,0,1,1,1
2026-03-27 21:58:51.751,608.032,1156,-1,16,0,0,0,1,1,0,1,1,1
2026-03-27 21:58:51.927,608.208,1161,-1,15,0,0,0,1,1,0,1,1,1
2026-03-27 21:58:52.007,608.288,1161,0,16,0,0,0,1,1,0,1,1,1
2026-03-27 21:58:52.010,608.291,1156,-1,16,0,0,0,1,1,0,1,1,1
2026-03-27 21:58:52.119,608.400,1158,-1,16,0,0,0,1,1,0,1,1,1
2026-03-27 21:58:52.183,608.464,1160,-2,15,0,0,0,1,1,0,1,1,1
2026-03-27 21:58:52.279,608.560,1164,-1,15,0,0,0,1,1,0,1,1,1
2026-03-27 21:58:52.391,608.672,1164,-1,16,0,0,0,1,1,0,1,1,1
2026-03-27 21:58:52.518,608.799,1159,-4,15,0,0,0,1,1,0,1,1,1
2026-03-27 21:58:52.534,608.815,1160,-1,15,0,0,0,1,1,0,1,1,1
2026-03-27 21:58:52.599,608.880,1162,-1,16,0,0,0,1,1,0,1,1,1
2026-03-27 21:58:52.600,608.881,1161,-1,15,0,0,0,1,1,0,1,1,1
2026-03-27 21:58:52.695,608.976,1163,-1,15,0,0,0,1,1,0,1,1,1
2026-03-27 21:58:52.807,609.088,1160,-4,16,0,0,0,1,1,0,1,1,1
2026-03-27 21:58:52.809,609.090,1160,-2,15,0,0,0,1,1,0,1,1,1
2026-03-27 21:58:52.983,609.263,1157,-1,15,0,0,0,1,1,0,1,1,1
2026-03-27 21:58:52.985,609.266,1159,-1,15,0,0,0,1,1,0,1,1,1
2026-03-27 21:58:53.030,609.311,1164,-1,16,0,0,0,1,1,0,1,1,1
2026-03-27 21:58:53.048,609.329,1160,-1,15,0,0,0,1,1,0,1,1,1
2026-03-27 21:58:53.127,609.408,1162,-1,15,0,0,0,1,1,0,1,1,1
2026-03-27 21:58:53.239,609.520,1164,-1,15,0,0,0,1,1,0,1,1,1
2026-03-27 21:58:53.335,609.616,1161,-1,15,0,0,0,1,1,0,1,1,1
2026-03-27 21:58:53.479,609.760,1154,0,16,0,0,0,1,1,0,1,1,1
2026-03-27 21:58:53.575,609.856,1161,-1,16,0,0,0,1,1,0,1,1,1
2026-03-27 21:58:53.719,610.000,1159,-1,16,0,0,0,1,1,0,1,1,1
2026-03-27 21:58:53.767,610.048,1158,-1,16,0,0,0,1,1,0,1,1,1
2026-03-27 21:58:53.911,610.192,1163,-1,15,0,0,0,1,1,0,1,1,1
2026-03-27 21:58:54.039,610.320,1161,-4,15,0,0,0,1,1,0,1,1,1
2026-03-27 21:58:54.103,610.383,1161,-1,15,0,0,0,1,1,0,1,1,1
2026-03-27 21:58:54.247,610.528,1155,-1,15,0,0,0,1,1,0,1,1,1
2026-03-27 21:58:54.327,610.608,1162,-1,15,0,0,0,1,1,0,1,1,1
2026-03-27 21:58:54.455,610.736,1156,-1,16,0,0,0,1,1,0,1,1,1
2026-03-27 21:58:54.535,610.816,1161,-1,15,0,0,0,1,1,0,1,1,1
2026-03-27 21:58:54.631,610.912,1160,-1,15,0,0,0,1,1,0,1,1,1
2026-03-27 21:58:54.633,610.914,1159,-1,16,0,0,0,1,1,0,1,1,1
2026-03-27 21:58:54.743,611.024,1160,-1,16,0,0,0,1,1,0,1,1,1
2026-03-27 21:58:54.746,611.027,1154,-2,15,0,0,0,1,1,0,1,1,1
2026-03-27 21:58:54.807,611.088,1158,-2,15,0,0,0,1,1,0,1,1,1
2026-03-27 21:58:54.902,611.183,1161,-1,16,0,0,0,1,1,0,1,1,1
2026-03-27 21:58:54.999,611.279,1162,-1,15,0,0,0,1,1,0,1,1,1
2026-03-27 21:58:55.143,611.424,1159,-1,15,0,0,0,1,1,0,1,1,1
2026-03-27 21:58:55.255,611.536,1159,-1,15,0,0,0,1,1,0,1,1,1
2026-03-27 21:58:55.415,611.696,1163,-2,15,0,0,0,1,1,0,1,1,1
2026-03-27 21:58:55.447,611.728,1165,-1,15,0,0,0,1,1,0,1,1,1
2026-03-27 21:58:55.638,611.919,1157,-1,15,0,0,0,1,1,0,1,1,1
2026-03-27 21:58:55.654,611.935,1163,-1,16,0,0,0,1,1,0,1,1,1
2026-03-27 21:58:55.686,611.967,1162,-1,15,0,0,0,1,1,0,1,1,1
2026-03-27 21:58:55.750,612.031,1164,-1,15,0,0,0,1,1,0,1,1,1
2026-03-27 21:58:55.895,612.176,1163,-1,15,0,0,0,1,1,0,1,1,1
2026-03-27 21:58:55.897,612.178,1161,-4,15,0,0,0,1,1,0,1,1,1
2026-03-27 21:58:55.943,612.224,1162,-4,15,0,0,0,1,1,0,1,1,1
2026-03-27 21:58:56.055,612.336,1154,-1,16,0,0,0,1,1,0,1,1,1
2026-03-27 21:58:56.118,612.399,1159,-1,15,0,0,0,1,1,0,1,1,1
2026-03-27 21:58:56.231,612.512,1160,-1,15,0,0,0,1,1,0,1,1,1
2026-03-27 21:58:56.233,612.513,1156,-2,15,0,0,0,1,1,0,1,1,1
2026-03-27 21:58:56.343,612.624,1161,-1,15,0,0,0,1,1,0,1,1,1
2026-03-27 21:58:56.407,612.688,1163,-1,15,0,0,0,1,1,0,1,1,1
2026-03-27 21:58:56.518,612.799,1162,-1,15,0,0,0,1,1,0,1,1,1
2026-03-27 21:58:56.567,612.848,1165,-1,16,0,0,0,1,1,0,1,1,1
2026-03-27 21:58:56.679,612.960,1156,-1,15,0,0,0,1,1,0,1,1,1
2026-03-27 21:58:56.807,613.088,1160,-1,15,0,0,0,1,1,0,1,1,1
2026-03-27 21:58:56.918,613.199,1161,-1,16,0,0,0,1,1,0,1,1,1
2026-03-27 21:58:57.014,613.295,1165,-1,16,0,0,0,1,1,0,1,1,1
2026-03-27 21:58:57.350,613.631,1158,-4,15,0,0,0,1,1,0,1,1,1
2026-03-27 21:58:57.447,613.728,1166,-4,15,0,0,0,1,1,0,1,1,1
2026-03-27 21:58:57.465,613.746,1169,-1,15,0,0,0,1,1,0,1,1,1
2026-03-27 21:58:57.591,613.872,1169,-1,16,0,0,0,1,1,0,1,1,1
2026-03-27 21:58:57.623,613.904,1162,-1,15,0,0,0,1,1,0,1,1,1
2026-03-27 21:58:57.625,613.906,1161,-1,15,0,0,0,1,1,0,1,1,1
2026-03-27 21:58:57.783,614.064,1161,-1,15,0,0,0,1,1,0,1,1,1
2026-03-27 21:58:57.847,614.128,1162,-2,15,0,0,0,1,1,0,1,1,1
2026-03-27 21:58:57.862,614.143,1157,-1,16,0,0,0,1,1,0,1,1,1
2026-03-27 21:58:57.943,614.224,1158,-1,15,0,0,0,1,1,0,1,1,1
2026-03-27 21:58:58.038,614.319,1160,-1,15,0,0,0,1,1,0,1,1,1
2026-03-27 21:58:58.086,614.367,1162,-4,15,0,0,0,1,1,0,1,1,1
2026-03-27 21:58:58.263,614.544,1164,-1,15,0,0,0,1,1,0,1,1,1
2026-03-27 21:58:58.342,614.623,1159,-1,15,0,0,0,1,1,0,1,1,1
2026-03-27 21:58:58.344,614.625,1162,-1,15,0,0,0,1,1,0,1,1,1
2026-03-27 21:58:58.422,614.703,1164,-4,15,0,0,0,1,1,0,1,1,1
2026-03-27 21:58:58.424,614.705,1165,-3,15,0,0,0,1,1,0,1,1,1
2026-03-27 21:58:58.518,614.799,1157,-1,16,0,0,0,1,1,0,1,1,1
2026-03-27 21:58:58.519,614.800,1157,-1,15,0,0,0,1,1,0,1,1,1
2026-03-27 21:58:58.711,614.992,1161,-1,15,0,0,0,1,1,0,1,1,1
2026-03-27 21:58:58.712,614.993,1163,-5,15,0,0,0,1,1,0,0,1,1
2026-03-27 21:58:58.726,615.007,1161,-1,16,0,0,0,1,1,0,1,1,1
2026-03-27 21:58:58.823,615.103,1161,-1,16,0,0,0,1,1,0,1,1,1
2026-03-27 21:58:58.903,615.184,1164,-1,15,0,0,0,1,1,0,1,1,1
2026-03-27 21:58:58.905,615.186,1164,-4,15,0,0,0,1,1,0,1,1,1
2026-03-27 21:58:58.999,615.280,1166,-2,15,0,0,0,1,1,0,1,1,1
2026-03-27 21:58:59.111,615.392,1163,-1,15,0,0,0,1,1,0,1,1,1
2026-03-27 21:58:59.255,615.536,1166,-1,16,0,0,0,1,1,0,1,1,1
2026-03-27 21:58:59.318,615.599,1155,-1,16,0,0,0,1,1,0,1,1,1
2026-03-27 21:58:59.431,615.712,1159,-1,15,0,0,0,1,1,0,1,1,1
2026-03-27 21:58:59.574,615.855,1161,-1,16,0,0,0,1,1,0,1,1,1
2026-03-27 21:58:59.575,615.856,1162,-1,16,0,0,0,1,1,0,1,1,1
2026-03-27 21:58:59.702,615.983,1160,-1,16,0,0,0,1,1,0,1,1,1
2026-03-27 21:58:59.703,615.984,1160,-1,16,0,0,0,1,1,0,1,1,1
2026-03-27 21:58:59.766,616.047,1162,-1,15,0,0,0,1,1,0,1,1,1
2026-03-27 21:58:59.894,616.175,1160,-1,16,0,0,0,1,1,0,1,1,1
2026-03-27 21:59:00.087,616.367,1155,-4,15,0,0,0,1,1,0,1,1,1
2026-03-27 21:59:00.102,616.383,1162,-1,16,0,0,0,1,1,0,1,1,1
2026-03-27 21:59:00.167,616.448,1162,-1,16,0,0,0,1,1,0,1,1,1
2026-03-27 21:59:00.183,616.464,1159,-1,15,0,0,0,1,1,0,1,1,1
2026-03-27 21:59:00.198,616.479,1161,-1,16,0,0,0,1,1,0,1,1,1
2026-03-27 21:59:00.279,616.560,1160,-1,16,0,0,0,1,1,0,1,1,1
2026-03-27 21:59:00.281,616.562,1159,-1,16,0,0,0,1,1,0,1,1,1
2026-03-27 21:59:00.518,616.799,1159,0,15,0,0,0,1,1,0,1,1,1
2026-03-27 21:59:00.759,617.040,1163,-1,15,0,0,0,1,1,0,1,1,1
2026-03-27 21:59:00.774,617.055,1161,-1,16,0,0,0,1,1,0,1,1,1
2026-03-27 21:59:00.823,617.104,1161,-1,16,0,0,0,1,1,0,1,1,1
2026-03-27 21:59:00.983,617.264,1161,-1,16,0,0,0,1,1,0,1,1,1
2026-03-27 21:59:00.984,617.265,1163,-1,15,0,0,0,1,1,0,1,1,1
2026-03-27 21:59:00.985,617.266,1157,-1,15,0,0,0,1,1,0,1,1,1
2026-03-27 21:59:01.046,617.327,1160,-1,15,0,0,0,1,1,0,1,1,1
2026-03-27 21:59:01.143,617.424,1164,-1,16,0,0,0,1,1,0,1,1,1
2026-03-27 21:59:01.286,617.567,1160,0,16,0,0,0,1,1,0,1,1,1
2026-03-27 21:59:01.288,617.568,1160,-1,15,0,0,0,1,1,0,1,1,1
2026-03-27 21:59:01.289,617.570,1157,-1,16,0,0,0,1,1,0,1,1,1
2026-03-27 21:59:01.318,617.599,1160,-1,16,0,0,0,1,1,0,1,1,1
2026-03-27 21:59:01.495,617.776,1159,-1,15,0,0,0,1,1,0,1,1,1
2026-03-27 21:59:01.559,617.840,1160,-1,16,0,0,0,1,1,0,1,1,1
2026-03-27 21:59:01.622,617.903,1164,-1,16,0,0,0,1,1,0,1,1,1
2026-03-27 21:59:01.638,617.919,1166,-1,15,0,0,0,1,1,0,1,1,1
2026-03-27 21:59:01.639,617.920,1160,-1,15,0,0,0,1,1,0,1,1,1
2026-03-27 21:59:01.783,618.064,1162,-1,15,0,0,0,1,1,0,1,1,1
2026-03-27 21:59:01.894,618.175,1164,0,16,0,0,0,1,1,0,1,1,1
2026-03-27 21:59:01.990,618.271,1157,0,16,0,0,0,1,1,0,1,1,1
2026-03-27 21:59:02.054,618.335,1164,-1,16,0,0,0,1,1,0,1,1,1
2026-03-27 21:59:02.167,618.448,1159,-1,16,0,0,0,1,1,0,1,1,1
2026-03-27 21:59:02.182,618.463,1159,0,16,0,0,0,1,1,0,1,1,1
2026-03-27 21:59:02.326,618.607,1159,-1,16,0,0,0,1,1,0,1,1,1
2026-03-27 21:59:02.329,618.609,1166,0,16,0,0,0,1,1,0,1,1,1
2026-03-27 21:59:02.374,618.655,1164,0,16,0,0,0,1,1,0,1,1,1
2026-03-27 21:59:02.390,618.671,1156,-1,16,0,0,0,1,1,0,1,1,1
2026-03-27 21:59:02.535,618.816,1158,0,16,0,0,0,1,1,0,1,1,1
2026-03-27 21:59:02.614,618.895,1160,-1,15,0,0,0,1,1,0,1,1,1
2026-03-27 21:59:02.711,618.991,1161,-1,16,0,0,0,1,1,0,1,1,1
2026-03-27 21:59:02.838,619.119,1161,0,16,0,0,0,1,1,0,1,1,1
2026-03-27 21:59:02.840,619.121,1163,0,16,0,0,0,1,1,0,1,1,1
2026-03-27 21:59:02.934,619.215,1162,-1,16,0,0,0,1,1,0,1,1,1
2026-03-27 21:59:02.983,619.264,1163,-1,16,0,0,0,1,1,0,1,1,1
2026-03-27 21:59:03.094,619.375,1160,-1,15,0,0,0,1,1,0,1,1,1
2026-03-27 21:59:03.222,619.503,1158,0,16,0,0,0,1,1,0,1,1,1
2026-03-27 21:59:03.318,619.599,1159,-1,15,0,0,0,1,1,0,1,1,1
2026-03-27 21:59:03.321,619.602,1158,0,16,0,0,0,1,1,0,1,1,1
2026-03-27 21:59:03.446,619.727,1158,-1,15,0,0,0,1,1,0,1,1,1
2026-03-27 21:59:03.559,619.840,1165,-1,16,0,0,0,1,1,0,1,1,1
2026-03-27 21:59:03.670,619.951,1159,-1,16,0,0,0,1,1,0,1,1,1
2026-03-27 21:59:03.751,620.032,1164,0,16,0,0,0,1,1,0,1,1,1
2026-03-27 21:59:03.830,620.111,1156,-1,16,0,0,0,1,1,0,1,1,1
2026-03-27 21:59:03.942,620.223,1161,0,15,0,0,0,1,1,0,1,1,1
2026-03-27 21:59:03.943,620.224,1163,-1,15,0,0,0,1,1,0,1,1,1
2026-03-27 21:59:04.022,620.303,1160,-1,15,0,0,0,1,1,0,1,1,1
2026-03-27 21:59:04.038,620.319,1160,-1,16,0,0,0,1,1,0,1,1,1
2026-03-27 21:59:04.150,620.431,1159,0,16,0,0,0,1,1,0,1,1,1
2026-03-27 21:59:04.279,620.560,1162,-1,15,0,0,0,1,1,0,1,1,1
2026-03-27 21:59:04.406,620.687,1160,-1,16,0,0,0,1,1,0,1,1,1
2026-03-27 21:59:04.502,620.783,1167,0,16,0,0,0,1,1,0,1,1,1
2026-03-27 21:59:04.504,620.784,1165,0,16,0,0,0,1,1,0,1,1,1
2026-03-27 21:59:04.505,620.786,1156,0,16,0,0,0,1,1,0,1,1,1
2026-03-27 21:59:04.583,620.863,1158,-1,16,0,0,0,1,1,0,1,1,1
2026-03-27 21:59:04.727,621.008,1160,-1,16,0,0,0,1,1,0,1,1,1
2026-03-27 21:59:04.790,621.071,1158,0,16,0,0,0,1,1,0,1,1,1
2026-03-27 21:59:04.934,621.215,1161,-1,16,0,0,0,1,1,0,1,1,1
2026-03-27 21:59:05.014,621.294,1161,-1,16,0,0,0,1,1,0,1,1,1
2026-03-27 21:59:05.015,621.296,1160,0,16,0,0,0,1,1,0,1,1,1
2026-03-27 21:59:05.109,621.390,1158,0,16,0,0,0,1,1,0,1,1,1
2026-03-27 21:59:05.111,621.392,1159,-1,16,0,0,0,1,1,0,1,1,1
2026-03-27 21:59:05.127,621.408,1157,-1,15,0,0,0,1,1,0,1,1,1
2026-03-27 21:59:05.318,621.599,1161,-1,15,0,0,0,1,1,0,1,1,1
2026-03-27 21:59:05.350,621.630,1162,-1,15,0,0,0,1,1,0,1,1,1
2026-03-27 21:59:05.351,621.632,1161,-1,16,0,0,0,1,1,0,1,1,1
2026-03-27 21:59:05.494,621.775,1161,-1,16,0,0,0,1,1,0,1,1,1
2026-03-27 21:59:05.495,621.776,1162,0,16,0,0,0,1,1,0,1,1,1
2026-03-27 21:59:05.639,621.919,1160,-1,16,0,0,0,1,1,0,1,1,1
2026-03-27 21:59:05.734,622.015,1159,-1,16,0,0,0,1,1,0,1,1,1
2026-03-27 21:59:05.862,622.143,1162,-2,15,0,0,0,1,1,0,1,1,1
2026-03-27 21:59:06.005,622.286,1159,0,16,0,0,0,1,1,0,1,1,1
2026-03-27 21:59:06.070,622.351,1159,-3,15,0,0,0,1,1,0,1,1,1
2026-03-27 21:59:06.134,622.415,1159,-1,16,0,0,0,1,1,0,1,1,1
2026-03-27 21:59:06.278,622.559,1161,-1,16,0,0,0,1,1,0,1,1,1
2026-03-27 21:59:06.359,622.639,1160,-1,15,0,0,0,1,1,0,1,1,1
2026-03-27 21:59:06.551,622.831,1161,-1,16,0,0,0,1,1,0,1,1,1
2026-03-27 21:59:06.614,622.894,1153,0,16,0,0,0,1,1,0,1,1,1
2026-03-27 21:59:06.710,622.991,1161,-1,15,0,0,0,1,1,0,1,1,1
2026-03-27 21:59:06.822,623.103,1160,-4,16,0,0,0,1,1,0,1,1,1
2026-03-27 21:59:06.838,623.118,1157,-1,16,0,0,0,1,1,0,1,1,1
2026-03-27 21:59:06.934,623.215,1159,-1,15,0,0,0,1,1,0,1,1,1
2026-03-27 21:59:07.014,623.295,1162,-1,15,0,0,0,1,1,0,1,1,1
2026-03-27 21:59:07.030,623.311,1165,-1,15,0,0,0,1,1,0,1,1,1
2026-03-27 21:59:07.110,623.391,1161,-1,13,0,0,0,1,1,0,1,1,1
2026-03-27 21:59:07.254,623.535,1164,0,16,0,0,0,1,1,0,1,1,1
2026-03-27 21:59:07.526,623.807,1155,-1,16,0,0,0,1,1,0,1,1,1
2026-03-27 21:59:07.607,623.887,1162,0,16,0,0,0,1,1,0,1,1,1
2026-03-27 21:59:07.670,623.951,1161,-1,16,0,0,0,1,1,0,1,1,1
2026-03-27 21:59:07.862,624.143,1160,0,16,0,0,0,1,1,0,1,1,1
2026-03-27 21:59:07.864,624.145,1161,-1,15,0,0,0,1,1,0,1,1,1
2026-03-27 21:59:07.927,624.207,1155,-1,15,0,0,0,1,1,0,1,1,1
2026-03-27 21:59:08.070,624.351,1167,-1,16,0,0,0,1,1,0,1,1,1
2026-03-27 21:59:08.118,624.399,1163,-1,16,0,0,0,1,1,0,1,1,1
2026-03-27 21:59:08.198,624.479,1166,-1,16,0,0,0,1,1,0,1,1,1
2026-03-27 21:59:08.278,624.559,1165,-1,16,0,0,0,1,1,0,1,1,1
2026-03-27 21:59:08.422,624.703,1162,-1,15,0,0,0,1,1,0,1,1,1
2026-03-27 21:59:08.517,624.798,1159,0,16,0,0,0,1,1,0,1,1,1
2026-03-27 21:59:08.534,624.815,1159,-1,16,0,0,0,1,1,0,1,1,1
2026-03-27 21:59:08.614,624.895,1159,-1,16,0,0,0,1,1,0,1,1,1
2026-03-27 21:59:08.710,624.991,1157,-3,16,0,0,0,1,1,0,1,1,1
2026-03-27 21:59:08.712,624.993,1159,-1,15,0,0,0,1,1,0,1,1,1
2026-03-27 21:59:08.774,625.055,1161,-1,15,0,0,0,1,1,0,1,1,1
2026-03-27 21:59:08.854,625.135,1163,-1,15,0,0,0,1,1,0,1,1,1
2026-03-27 21:59:08.870,625.151,1161,-1,15,0,0,0,1,1,0,1,1,1
2026-03-27 21:59:09.014,625.295,1163,-1,16,0,0,0,1,1,0,1,1,1
2026-03-27 21:59:09.062,625.343,1158,-1,16,0,0,0,1,1,0,1,1,1
2026-03-27 21:59:09.158,625.439,1164,-1,15,0,0,0,1,1,0,1,1,1
2026-03-27 21:59:09.302,625.583,1160,-1,16,0,0,0,1,1,0,1,1,1
2026-03-27 21:59:09.318,625.599,1155,-1,15,0,0,0,1,1,0,1,1,1
2026-03-27 21:59:09.335,625.615,1159,-4,15,0,0,0,1,1,0,1,1,1
2026-03-27 21:59:09.478,625.759,1167,-1,15,0,0,0,1,1,0,1,1,1
2026-03-27 21:59:09.590,625.871,1165,-1,15,0,0,0,1,1,0,1,1,1
2026-03-27 21:59:09.686,625.967,1166,-1,16,0,0,0,1,1,0,1,1,1
2026-03-27 21:59:09.687,625.968,1166,-1,16,0,0,0,1,1,0,1,1,1
2026-03-27 21:59:09.798,626.079,1159,-1,16,0,0,0,1,1,0,1,1,1
2026-03-27 21:59:09.862,626.143,1161,-1,16,0,0,0,1,1,0,1,1,1
2026-03-27 21:59:09.878,626.159,1162,-1,16,0,0,0,1,1,0,1,1,1
2026-03-27 21:59:09.880,626.161,1155,-1,16,0,0,0,1,1,0,1,1,1
2026-03-27 21:59:09.958,626.239,1157,-1,16,0,0,0,1,1,0,1,1,1
2026-03-27 21:59:10.054,626.335,1160,-1,16,0,0,0,1,1,0,1,1,1
2026-03-27 21:59:10.246,626.527,1166,-1,15,0,0,0,1,1,0,1,1,1
2026-03-27 21:59:10.310,626.591,1159,-1,16,0,0,0,1,1,0,1,1,1
2026-03-27 21:59:10.406,626.687,1156,-1,15,0,0,0,1,1,0,1,1,1
2026-03-27 21:59:10.408,626.689,1158,-1,15,0,0,0,1,1,0,1,1,1
2026-03-27 21:59:10.518,626.799,1158,-1,15,0,0,0,1,1,0,1,1,1
2026-03-27 21:59:10.630,626.911,1165,-1,16,0,0,0,1,1,0,1,1,1
2026-03-27 21:59:10.646,626.927,1166,-1,16,0,0,0,1,1,0,1,1,1
2026-03-27 21:59:10.757,627.038,1159,-1,16,0,0,0,1,1,0,1,1,1
2026-03-27 21:59:10.758,627.039,1160,-1,15,0,0,0,1,1,0,1,1,1
2026-03-27 21:59:10.870,627.151,1162,-1,15,0,0,0,1,1,0,1,1,1
2026-03-27 21:59:10.887,627.167,1162,-1,15,0,0,0,1,1,0,1,1,1
2026-03-27 21:59:10.934,627.215,1165,-2,15,0,0,0,1,1,0,1,1,1
2026-03-27 21:59:11.046,627.327,1161,-1,15,0,0,0,1,1,0,1,1,1
2026-03-27 21:59:11.049,627.330,1154,-1,16,0,0,0,1,1,0,1,1,1
2026-03-27 21:59:11.174,627.455,1157,-1,15,0,0,0,1,1,0,1,1,1
2026-03-27 21:59:11.221,627.502,1161,-1,15,0,0,0,1,1,0,1,1,1
2026-03-27 21:59:11.237,627.518,1160,-1,15,0,0,0,1,1,0,1,1,1
2026-03-27 21:59:11.350,627.631,1160,-1,15,0,0,0,1,1,0,1,1,1
2026-03-27 21:59:11.461,627.742,1161,-1,15,0,0,0,1,1,0,1,1,1
2026-03-27 21:59:11.574,627.855,1163,-1,15,0,0,0,1,1,0,1,1,1
2026-03-27 21:59:11.638,627.918,1155,-1,15,0,0,0,1,1,0,1,1,1
2026-03-27 21:59:11.734,628.015,1159,-1,15,0,0,0,1,1,0,1,1,1
2026-03-27 21:59:11.814,628.095,1162,-1,15,0,0,0,1,1,0,1,1,1
2026-03-27 21:59:11.957,628.238,1156,-1,15,0,0,0,1,1,0,1,1,1
2026-03-27 21:59:12.005,628.286,1162,-1,15,0,0,0,1,1,0,1,1,1
2026-03-27 21:59:12.006,628.287,1164,-1,15,0,0,0,1,1,0,1,1,1
2026-03-27 21:59:12.009,628.289,1160,-2,15,0,0,0,1,1,0,1,1,1
2026-03-27 21:59:12.118,628.399,1163,-1,15,0,0,0,1,1,0,1,1,1
2026-03-27 21:59:12.119,628.400,1159,-2,15,0,0,0,0,0,0,0,0,0
2026-03-27 21:59:12.133,628.414,1160,-1,16,0,0,0,1,1,0,1,1,1
2026-03-27 21:59:12.230,628.511,1160,-1,15,0,0,0,1,1,0,1,1,1
2026-03-27 21:59:12.247,628.527,1156,-1,15,0,0,0,1,1,0,1,1,1
2026-03-27 21:59:12.294,628.575,1157,-1,16,0,0,0,1,1,0,1,1,1
2026-03-27 21:59:12.358,628.639,1162,-1,15,0,0,0,1,1,0,1,1,1
2026-03-27 21:59:12.454,628.735,1158,-1,15,0,0,0,1,1,0,1,1,1
2026-03-27 21:59:12.582,628.863,1161,-1,15,0,0,0,1,1,0,1,1,1
2026-03-27 21:59:12.693,628.974,1166,-1,15,0,0,0,1,1,0,1,1,1
2026-03-27 21:59:12.694,628.975,1164,-1,15,0,0,0,1,1,0,1,1,1
2026-03-27 21:59:12.774,629.055,1159,-1,15,0,0,0,1,1,0,1,1,1
2026-03-27 21:59:12.854,629.135,1158,-2,15,0,0,0,1,1,0,1,1,1
2026-03-27 21:59:13.046,629.327,1166,-1,15,0,0,0,1,1,0,1,1,1
2026-03-27 21:59:13.095,629.376,1161,-1,15,0,0,0,1,1,0,1,1,1
2026-03-27 21:59:13.190,629.471,1164,-1,15,0,0,0,1,1,0,1,1,1
2026-03-27 21:59:13.334,629.615,1162,-1,12,0,0,0,1,1,0,1,1,1
2026-03-27 21:59:13.398,629.679,1163,-2,15,0,0,0,1,1,0,1,1,1
2026-03-27 21:59:13.510,629.791,1159,-1,15,0,0,0,1,1,0,1,1,1
2026-03-27 21:59:13.622,629.903,1157,-2,15,0,0,0,1,1,0,1,1,1
2026-03-27 21:59:13.624,629.905,1155,-1,15,0,0,0,1,1,0,1,1,1
2026-03-27 21:59:13.733,630.014,1156,-1,15,0,0,0,1,1,0,1,1,1
2026-03-27 21:59:13.830,630.111,1162,-1,15,0,0,0,1,1,0,1,1,1
2026-03-27 21:59:13.861,630.142,1162,-1,15,0,0,0,1,1,0,1,1,1
2026-03-27 21:59:13.990,630.271,1162,-1,15,0,0,0,1,1,0,1,1,1
2026-03-27 21:59:14.007,630.288,1156,-1,15,0,0,0,1,1,0,1,1,1
2026-03-27 21:59:14.118,630.399,1156,-1,15,0,0,0,1,1,0,1,1,1
2026-03-27 21:59:14.261,630.542,1157,-4,15,0,0,0,1,1,0,1,1,1
2026-03-27 21:59:14.373,630.654,1162,-4,15,0,0,0,1,1,0,1,1,1
2026-03-27 21:59:14.389,630.670,1156,-1,15,0,0,0,1,1,0,1,1,1
2026-03-27 21:59:14.485,630.766,1159,-1,15,0,0,0,1,1,0,1,1,1
2026-03-27 21:59:14.488,630.768,1165,-1,15,0,0,0,1,1,0,1,1,1
2026-03-27 21:59:14.597,630.878,1167,-1,15,0,0,0,1,1,0,1,1,1
2026-03-27 21:59:14.773,631.054,1162,-2,15,0,0,0,1,1,0,1,1,1
2026-03-27 21:59:14.886,631.167,1157,-1,15,0,0,0,1,1,0,1,1,1
2026-03-27 21:59:15.030,631.311,1158,-1,15,0,0,0,1,1,0,1,1,1
2026-03-27 21:59:15.109,631.390,1155,-1,15,0,0,0,1,1,0,1,1,1
2026-03-27 21:59:15.222,631.503,1162,-1,15,0,0,0,1,1,0,1,1,1
2026-03-27 21:59:15.285,631.566,1159,-1,15,0,0,0,1,1,0,1,1,1
2026-03-27 21:59:15.526,631.807,1159,-1,16,0,0,0,1,1,0,1,1,1
2026-03-27 21:59:15.622,631.903,1160,-1,15,0,0,0,1,1,0,1,1,1
2026-03-27 21:59:15.701,631.982,1163,-1,15,0,0,0,1,1,0,1,1,1
2026-03-27 21:59:15.702,631.983,1163,-1,16,0,0,0,1,1,0,1,1,1
2026-03-27 21:59:15.797,632.078,1162,-1,15,0,0,0,1,1,0,1,1,1
2026-03-27 21:59:15.894,632.175,1159,-1,15,0,0,0,1,1,0,1,1,1
2026-03-27 21:59:16.005,632.286,1164,-2,15,0,0,0,1,1,0,1,1,1
2026-03-27 21:59:16.069,632.350,1157,-1,16,0,0,0,1,1,0,1,1,1
2026-03-27 21:59:16.086,632.367,1157,-2,15,0,0,0,1,1,0,1,1,1
2026-03-27 21:59:16.214,632.495,1156,-1,15,0,0,0,1,1,0,1,1,1
2026-03-27 21:59:16.517,632.798,1159,-1,15,0,0,0,1,1,0,1,1,1
2026-03-27 21:59:16.613,632.894,1161,-1,15,0,0,0,1,1,0,1,1,1
2026-03-27 21:59:16.631,632.911,1157,-1,15,0,0,0,1,1,0,1,1,1
2026-03-27 21:59:16.726,633.006,1158,-1,16,0,0,0,1,1,0,1,1,1
2026-03-27 21:59:16.728,633.009,1161,-2,15,0,0,0,1,1,0,1,1,1
2026-03-27 21:59:16.806,633.087,1163,-1,15,0,0,0,1,1,0,1,1,1
2026-03-27 21:59:16.949,633.230,1160,-1,15,0,0,0,1,1,0,1,1,1
2026-03-27 21:59:16.951,633.232,1160,-1,16,0,0,0,1,1,0,1,1,1
2026-03-27 21:59:17.128,633.409,1158,-1,15,0,0,0,1,1,0,1,1,1
2026-03-27 21:59:17.206,633.487,1161,-1,15,0,0,0,1,1,0,1,1,1
2026-03-27 21:59:17.318,633.599,1169,-1,16,0,0,0,1,1,0,1,1,1
2026-03-27 21:59:17.461,633.742,1156,-1,16,0,0,0,1,1,0,1,1,1
2026-03-27 21:59:17.463,633.744,1158,-1,15,0,0,0,1,1,0,1,1,1
2026-03-27 21:59:17.464,633.745,0,-1,16,0,0,0,1,1,0,1,1,1
2026-03-27 21:59:17.542,633.822,1159,0,16,0,0,0,1,1,0,1,1,1
2026-03-27 21:59:17.557,633.838,1158,-1,16,0,0,0,1,1,0,1,1,1
2026-03-27 21:59:17.670,633.951,1159,-1,15,0,0,0,1,1,0,1,1,1
2026-03-27 21:59:17.749,634.030,1163,-1,16,0,0,0,1,1,0,1,1,1
2026-03-27 21:59:17.893,634.174,1159,-1,15,0,0,0,1,1,0,1,1,1
2026-03-27 21:59:18.005,634.286,1163,-1,16,0,0,0,1,1,0,1,1,1
2026-03-27 21:59:18.053,634.334,1153,-1,15,0,0,0,1,1,0,1,1,1
2026-03-27 21:59:18.182,634.463,1159,-1,15,0,0,0,1,1,0,1,1,1
2026-03-27 21:59:18.325,634.606,1155,-1,15,0,0,0,1,1,0,1,1,1
2026-03-27 21:59:18.327,634.608,1156,-1,16,0,0,0,1,1,0,1,1,1
2026-03-27 21:59:18.421,634.702,1152,-1,16,0,0,0,1,1,0,1,1,1
2026-03-27 21:59:18.453,634.734,1150,-1,15,0,0,0,1,1,0,1,1,1
2026-03-27 21:59:18.470,634.751,1150,-1,15,0,0,0,1,1,0,1,1,1
2026-03-27 21:59:18.472,634.753,1153,-4,15,0,0,0,1,1,0,1,1,1
2026-03-27 21:59:18.566,634.847,1155,-4,15,0,0,0,1,1,0,1,1,1
2026-03-27 21:59:18.677,634.958,1149,-1,15,0,0,0,1,1,0,1,1,1
2026-03-27 21:59:18.757,635.038,1149,-1,15,0,0,0,1,1,0,1,1,1
2026-03-27 21:59:18.949,635.230,1152,-1,16,0,0,0,1,1,0,1,1,1
2026-03-27 21:59:18.981,635.262,1154,-1,15,0,0,0,1,1,0,1,1,1
2026-03-27 21:59:19.125,635.406,1153,-4,15,0,0,0,1,1,0,1,1,1
2026-03-27 21:59:19.128,635.409,1158,-1,16,0,0,0,1,1,0,1,1,1
2026-03-27 21:59:19.237,635.518,1158,-3,15,0,0,0,1,1,0,1,1,1
2026-03-27 21:59:19.240,635.521,1149,-1,15,0,0,0,1,1,0,1,1,1
2026-03-27 21:59:19.270,635.551,1149,-1,15,0,0,0,1,1,0,1,1,1
2026-03-27 21:59:19.397,635.678,1152,-4,15,0,0,0,1,1,0,1,1,1
2026-03-27 21:59:19.398,635.679,1154,-4,15,0,0,0,1,1,0,1,1,1
2026-03-27 21:59:19.399,635.680,1156,-515,0,0,0,0,1,1,0,1,1,1
2026-03-27 21:59:19.493,635.774,1159,-1,15,0,0,0,1,1,0,1,1,1
2026-03-27 21:59:19.573,635.854,1157,-1,15,0,0,0,1,1,0,1,1,1
2026-03-27 21:59:19.637,635.918,1162,-1,15,0,0,0,1,1,0,1,1,1
2026-03-27 21:59:19.829,636.110,1158,-1,15,0,0,0,1,1,0,1,1,1
2026-03-27 21:59:19.845,636.126,1156,-1,16,0,0,0,1,1,0,1,1,1
2026-03-27 21:59:19.958,636.239,1156,-1,16,0,0,0,1,1,0,1,1,1
2026-03-27 21:59:20.070,636.351,1150,-1,15,0,0,0,1,1,0,1,1,1
2026-03-27 21:59:20.326,636.606,1159,-1,16,0,0,0,1,1,0,1,1,1
2026-03-27 21:59:20.437,636.717,1157,-1,16,0,0,0,1,1,0,1,1,1
2026-03-27 21:59:20.501,636.782,1152,-1,15,0,0,0,1,1,0,1,1,1
2026-03-27 21:59:20.504,636.785,1153,-4,15,0,0,0,1,1,0,1,1,1
2026-03-27 21:59:20.582,636.863,1155,-2,15,0,0,0,1,1,0,1,1,1
2026-03-27 21:59:20.709,636.990,1154,-1,16,0,0,0,1,1,0,1,1,1
2026-03-27 21:59:20.837,637.118,1155,-1,15,0,0,0,1,1,0,1,1,1
2026-03-27 21:59:20.838,637.119,1155,-2,15,0,0,0,1,1,0,1,1,1
2026-03-27 21:59:20.933,637.213,1154,-1,16,0,0,0,1,1,0,1,1,1
2026-03-27 21:59:20.950,637.231,1155,-1,16,0,0,0,1,1,0,1,1,1
2026-03-27 21:59:20.998,637.278,1158,-1,15,0,0,0,1,1,0,1,1,1
2026-03-27 21:59:21.000,637.281,1155,-2,15,0,0,0,1,1,0,1,1,1
2026-03-27 21:59:21.126,637.407,1158,-2,15,0,0,0,1,1,0,1,1,1
2026-03-27 21:59:21.222,637.502,1152,-1,15,0,0,0,1,1,0,1,1,1
2026-03-27 21:59:21.365,637.646,1152,-1,16,0,0,0,1,1,0,1,1,1
2026-03-27 21:59:21.367,637.648,1154,-1,16,0,0,0,1,1,0,1,1,1
2026-03-27 21:59:21.414,637.695,1155,-2,15,0,0,0,1,1,0,1,1,1
2026-03-27 21:59:21.429,637.710,1154,-2,15,0,0,0,1,1,0,1,1,1
2026-03-27 21:59:21.541,637.822,1160,-1,16,0,0,0,1,1,0,1,1,1
2026-03-27 21:59:21.622,637.903,1158,-1,16,0,0,0,1,1,0,1,1,1
2026-03-27 21:59:21.638,637.918,1158,-1,16,0,0,0,1,1,0,1,1,1
2026-03-27 21:59:21.702,637.983,1159,-1,16,0,0,0,1,1,0,1,1,1
2026-03-27 21:59:21.845,638.126,1148,-1,15,0,0,0,1,1,0,1,1,1
2026-03-27 21:59:21.957,638.238,1153,-1,16,0,0,0,1,1,0,1,1,1
2026-03-27 21:59:21.973,638.254,1156,-1,16,0,0,0,1,1,0,1,1,1
2026-03-27 21:59:22.053,638.334,1157,-2,15,0,0,0,1,1,0,1,1,1
2026-03-27 21:59:22.180,638.461,1155,-1,16,0,0,0,1,1,0,1,1,1
2026-03-27 21:59:22.246,638.527,1162,-1,15,0,0,0,1,1,0,1,1,1
2026-03-27 21:59:22.357,638.638,1156,-1,15,0,0,0,1,1,0,1,1,1
2026-03-27 21:59:22.437,638.718,1157,-1,15,0,0,0,1,1,0,1,1,1
2026-03-27 21:59:22.438,638.719,1157,-1,15,0,0,0,1,1,0,1,1,1
2026-03-27 21:59:22.613,638.894,1150,-1,16,0,0,0,1,1,0,1,1,1
2026-03-27 21:59:22.661,638.942,1154,-1,16,0,0,0,1,1,0,1,1,1
2026-03-27 21:59:22.805,639.086,1152,-1,16,0,0,0,1,1,0,1,1,1
2026-03-27 21:59:22.836,639.117,1160,-1,16,0,0,0,1,1,0,1,1,1
2026-03-27 21:59:22.933,639.214,1159,-1,15,0,0,0,1,1,0,1,1,1
2026-03-27 21:59:23.014,639.294,1153,-1,16,0,0,0,1,1,0,1,1,1
2026-03-27 21:59:23.126,639.407,1154,-1,15,0,0,0,1,1,0,1,1,1
2026-03-27 21:59:23.317,639.598,1161,-1,15,0,0,0,1,1,0,1,1,1
2026-03-27 21:59:23.334,639.614,1158,-1,16,0,0,0,1,1,0,1,1,1
2026-03-27 21:59:23.429,639.710,1155,-4,16,0,0,0,1,1,0,1,1,1
2026-03-27 21:59:23.573,639.854,1160,-1,15,0,0,0,1,1,0,1,1,1
2026-03-27 21:59:23.813,640.094,1156,-1,15,0,0,0,1,1,0,1,1,1
2026-03-27 21:59:23.909,640.190,1152,-1,16,0,0,0,1,1,0,1,1,1
2026-03-27 21:59:24.004,640.285,1155,-1,15,0,0,0,1,1,0,1,1,1
2026-03-27 21:59:24.117,640.398,1158,-1,16,0,0,0,1,1,0,1,1,1
2026-03-27 21:59:24.213,640.493,1155,-3,16,0,0,0,1,1,0,1,1,1
2026-03-27 21:59:24.214,640.495,1157,-1,16,0,0,0,1,1,0,1,1,1
2026-03-27 21:59:24.373,640.654,1158,-1,16,0,0,0,1,1,0,1,1,1
2026-03-27 21:59:24.485,640.766,1151,-1,15,0,0,0,1,1,0,1,1,1
2026-03-27 21:59:24.486,640.767,1151,-1,16,0,0,0,1,1,0,1,1,1
2026-03-27 21:59:24.565,640.846,1154,-1,16,0,0,0,1,1,0,1,1,1
2026-03-27 21:59:24.662,640.943,1157,-1,15,0,0,0,1,1,0,1,1,1
2026-03-27 21:59:24.822,641.102,1154,-1,16,0,0,0,1,1,0,1,1,1
2026-03-27 21:59:24.885,641.166,1159,-1,16,0,0,0,1,1,0,1,1,1
2026-03-27 21:59:24.887,641.168,1160,-1,16,0,0,0,1,1,0,1,1,1
2026-03-27 21:59:24.889,641.170,1156,-1,16,0,0,0,1,1,0,1,1,1
2026-03-27 21:59:25.077,641.358,1158,-3,16,0,0,0,1,1,0,1,1,1
2026-03-27 21:59:25.093,641.374,1158,-1,16,0,0,0,1,1,0,1,1,1
2026-03-27 21:59:25.205,641.486,1153,-1,16,0,0,0,1,1,0,1,1,1
2026-03-27 21:59:25.349,641.630,1155,0,16,0,0,0,1,1,0,1,1,1
2026-03-27 21:59:25.367,641.648,1153,-1,16,0,0,0,1,1,0,1,1,1
2026-03-27 21:59:25.478,641.759,1153,-1,16,0,0,0,1,1,0,1,1,1
2026-03-27 21:59:25.480,641.761,1156,-1,16,0,0,0,1,1,0,1,1,1
2026-03-27 21:59:25.589,641.870,1156,-1,16,0,0,0,1,1,0,1,1,1
2026-03-27 21:59:25.605,641.886,1156,-1,16,0,0,0,1,1,0,1,1,1
2026-03-27 21:59:25.637,641.918,1156,-1,16,0,0,0,1,1,0,1,1,1
2026-03-27 21:59:25.797,642.078,1153,-4,16,0,0,0,1,1,0,1,1,1
2026-03-27 21:59:25.877,642.157,1153,-1,16,0,0,0,1,1,0,1,1,1
2026-03-27 21:59:25.893,642.174,1156,-1,15,0,0,0,1,1,0,1,1,1
2026-03-27 21:59:25.894,642.175,1158,-2,15,0,0,0,1,1,0,1,1,1
2026-03-27 21:59:26.005,642.286,1157,-1,15,0,0,0,1,1,0,1,1,1
2026-03-27 21:59:26.053,642.334,1159,-1,16,0,0,0,1,1,0,1,1,1
2026-03-27 21:59:26.245,642.526,1158,-1,16,0,0,0,1,1,0,1,1,1
2026-03-27 21:59:26.341,642.622,1155,-1,15,0,0,0,1,1,0,1,1,1
2026-03-27 21:59:26.405,642.686,1158,-1,15,0,0,0,1,1,0,1,1,1
2026-03-27 21:59:26.485,642.766,1154,-1,16,0,0,0,1,1,0,1,1,1
2026-03-27 21:59:26.486,642.767,1154,-1,16,0,0,0,1,1,0,1,1,1
2026-03-27 21:59:26.613,642.894,1154,-1,16,0,0,0,1,1,0,1,1,1
2026-03-27 21:59:26.693,642.974,1154,-1,16,0,0,0,1,1,0,1,1,1
2026-03-27 21:59:26.741,643.022,1156,-1,16,0,0,0,1,1,0,1,1,1
2026-03-27 21:59:26.917,643.198,1154,-1,15,0,0,0,1,1,0,1,1,1
2026-03-27 21:59:26.918,643.199,1156,-1,15,0,0,0,1,1,0,1,1,1
2026-03-27 21:59:27.013,643.294,1162,0,16,0,0,0,1,1,0,1,1,1
2026-03-27 21:59:27.125,643.406,1151,-1,15,0,0,0,1,1,0,1,1,1
2026-03-27 21:59:27.221,643.501,1155,-1,15,0,0,0,1,1,0,1,1,1
2026-03-27 21:59:27.222,643.503,1158,-1,16,0,0,0,1,1,0,1,1,1
2026-03-27 21:59:27.237,643.518,1159,-1,15,0,0,0,1,1,0,1,1,1
2026-03-27 21:59:27.365,643.646,1158,-2,15,0,0,0,1,1,0,1,1,1
2026-03-27 21:59:27.462,643.742,1155,-1,16,0,0,0,1,1,0,1,1,1
2026-03-27 21:59:27.573,643.854,1161,-1,15,0,0,0,1,1,0,1,1,1
2026-03-27 21:59:27.701,643.982,1154,-1,15,0,0,0,1,1,0,1,1,1
2026-03-27 21:59:27.749,644.030,1159,-1,16,0,0,0,1,1,0,1,1,1
2026-03-27 21:59:27.750,644.031,1159,-1,15,0,0,0,1,1,0,1,1,1
2026-03-27 21:59:27.909,644.190,1152,-1,16,0,0,0,1,1,0,1,1,1
2026-03-27 21:59:28.086,644.367,1152,-1,16,0,0,0,1,1,0,1,1,1
2026-03-27 21:59:28.087,644.368,1149,-20,0,0,0,0,0,1,0,1,1,1
2026-03-27 21:59:28.196,644.477,1157,-1,15,0,0,0,1,1,0,1,1,1
2026-03-27 21:59:28.198,644.479,1156,-1,15,0,0,0,1,1,0,1,1,1
2026-03-27 21:59:28.325,644.606,1157,-2,15,0,0,0,1,1,0,1,1,1
2026-03-27 21:59:28.326,644.607,1157,-2,15,0,0,0,1,1,0,1,1,1
2026-03-27 21:59:28.389,644.670,1152,-1,16,0,0,0,1,1,0,1,1,1
2026-03-27 21:59:28.533,644.814,1155,-2,15,0,0,0,1,1,0,1,1,1
2026-03-27 21:59:28.535,644.816,1160,-1,15,0,0,0,1,1,0,1,1,1
2026-03-27 21:59:28.629,644.910,1159,-2,15,0,0,0,1,1,0,1,1,1
2026-03-27 21:59:28.693,644.974,1158,-4,16,0,0,0,1,1,0,1,1,1
2026-03-27 21:59:28.789,645.070,1157,-1,16,0,0,0,1,1,0,1,1,1
2026-03-27 21:59:28.885,645.166,1156,-2,15,0,0,0,1,1,0,1,1,1
2026-03-27 21:59:29.045,645.326,1158,-4,15,0,0,0,1,1,0,1,1,1
2026-03-27 21:59:29.141,645.421,1152,-1,15,0,0,0,1,1,0,1,1,1
2026-03-27 21:59:29.237,645.518,1155,-1,16,0,0,0,1,1,0,1,1,1
2026-03-27 21:59:29.253,645.534,1155,-2,15,0,0,0,1,1,0,1,1,1
2026-03-27 21:59:29.381,645.662,1155,-1,15,0,0,0,1,1,0,1,1,1
2026-03-27 21:59:29.429,645.709,1157,-1,16,0,0,0,1,1,0,1,1,1
2026-03-27 21:59:29.620,645.901,1155,-1,16,0,0,0,1,1,0,1,1,1
2026-03-27 21:59:29.622,645.902,1157,-1,15,0,0,0,1,1,0,1,1,1
2026-03-27 21:59:29.636,645.917,1159,-1,16,0,0,0,1,1,0,1,1,1
2026-03-27 21:59:29.637,645.918,1159,-1,16,0,0,0,1,1,0,1,1,1
2026-03-27 21:59:29.813,646.094,1154,-4,16,0,0,0,1,1,0,1,1,1
2026-03-27 21:59:29.829,646.110,1153,-1,16,0,0,0,1,1,0,1,1,1
2026-03-27 21:59:29.990,646.271,1156,-1,16,0,0,0,1,1,0,1,1,1
2026-03-27 21:59:30.101,646.382,1160,-1,16,0,0,0,1,1,0,1,1,1
2026-03-27 21:59:30.196,646.477,1158,-4,16,0,0,0,1,1,0,1,1,1
2026-03-27 21:59:30.198,646.479,1160,-4,15,0,0,0,1,1,0,1,1,1
2026-03-27 21:59:30.309,646.590,1156,-4,15,0,0,0,1,1,0,1,1,1
2026-03-27 21:59:30.325,646.606,1159,-4,16,0,0,0,1,1,0,1,1,1
2026-03-27 21:59:30.372,646.653,1159,-1,16,0,0,0,1,1,0,1,1,1
2026-03-27 21:59:30.500,646.781,1152,-1,16,0,0,0,1,1,0,1,1,1
2026-03-27 21:59:30.597,646.877,1156,-1,16,0,0,0,1,1,0,1,1,1
2026-03-27 21:59:30.692,646.973,1152,-1,16,0,0,0,1,1,0,1,1,1
2026-03-27 21:59:30.837,647.117,1157,-4,16,0,0,0,1,1,0,1,1,1
2026-03-27 21:59:30.980,647.261,1157,-1,15,0,0,0,1,1,0,1,1,1
2026-03-27 21:59:30.981,647.262,1156,-1,16,0,0,0,1,1,0,1,1,1
2026-03-27 21:59:31.060,647.341,1153,-1,16,0,0,0,1,1,0,1,1,1
2026-03-27 21:59:31.077,647.358,1154,-1,15,0,0,0,1,1,0,1,1,1
2026-03-27 21:59:31.079,647.360,1151,-4,15,0,0,0,1,1,0,1,1,1
2026-03-27 21:59:31.141,647.421,1155,-1,15,0,0,0,1,1,0,1,1,1
2026-03-27 21:59:31.301,647.582,1164,-1,15,0,0,0,1,1,0,1,1,1
2026-03-27 21:59:31.381,647.662,1160,0,16,0,0,0,1,1,0,1,1,1
2026-03-27 21:59:31.461,647.742,1158,-4,16,0,0,0,1,1,0,1,1,1
2026-03-27 21:59:31.462,647.743,1159,-4,16,0,0,0,1,1,0,1,1,1
2026-03-27 21:59:31.541,647.822,1158,-2,15,0,0,0,1,1,0,1,1,1
2026-03-27 21:59:31.557,647.838,1158,-1,15,0,0,0,1,1,0,1,1,1
2026-03-27 21:59:31.653,647.934,1158,-1,15,0,0,0,1,1,0,1,1,1
2026-03-27 21:59:31.716,647.997,1155,-1,15,0,0,0,1,1,0,1,1,1
2026-03-27 21:59:31.892,648.173,1153,-3,16,0,0,0,1,1,0,1,1,1
2026-03-27 21:59:31.924,648.205,1154,-2,15,0,0,0,1,1,0,1,1,1
2026-03-27 21:59:31.940,648.221,1153,-2,15,0,0,0,1,1,0,1,1,1
2026-03-27 21:59:31.941,648.222,1157,-1,15,0,0,0,1,1,0,1,1,1
2026-03-27 21:59:32.004,648.285,1158,-1,16,0,0,0,1,1,0,1,1,1
2026-03-27 21:59:32.100,648.381,1156,-1,15,0,0,0,1,1,0,1,1,1
2026-03-27 21:59:32.103,648.384,1157,-3,16,0,0,0,1,1,0,1,1,1
2026-03-27 21:59:32.212,648.493,1158,-3,16,0,0,0,1,1,0,1,1,1
2026-03-27 21:59:32.292,648.573,1154,-1,16,0,0,0,1,1,0,1,1,1
2026-03-27 21:59:32.388,648.669,1157,-1,15,0,0,0,1,1,0,1,1,1
2026-03-27 21:59:32.485,648.766,1159,-4,16,0,0,0,1,1,0,1,1,1
2026-03-27 21:59:32.629,648.910,1156,-1,16,0,0,0,1,1,0,1,1,1
2026-03-27 21:59:32.632,648.913,1159,-1,15,0,0,0,1,1,0,1,1,1
2026-03-27 21:59:32.709,648.989,1161,-1,16,0,0,0,1,1,0,1,1,1
2026-03-27 21:59:32.804,649.085,1158,-1,16,0,0,0,1,1,0,1,1,1
2026-03-27 21:59:32.885,649.166,1163,-1,16,0,0,0,1,1,0,1,1,1
2026-03-27 21:59:33.044,649.325,1154,-1,16,0,0,0,1,1,0,1,1,1
2026-03-27 21:59:33.045,649.326,1155,-1,16,0,0,0,1,1,0,1,1,1
2026-03-27 21:59:33.092,649.373,1155,-1,15,0,0,0,1,1,0,1,1,1
2026-03-27 21:59:33.237,649.517,1153,-1,16,0,0,0,1,1,0,1,1,1
2026-03-27 21:59:33.364,649.645,1158,-4,15,0,0,0,1,1,0,1,1,1
2026-03-27 21:59:33.380,649.661,1158,-1,15,0,0,0,1,1,0,1,1,1
2026-03-27 21:59:33.445,649.725,1157,-2,15,0,0,0,1,1,0,1,1,1
2026-03-27 21:59:33.556,649.837,1155,-1,16,0,0,0,1,1,0,1,1,1
2026-03-27 21:59:33.578,649.859,1156,-1,16,0,0,0,1,1,0,1,1,1
2026-03-27 21:59:33.652,649.933,1154,-4,16,0,0,0,1,1,0,1,1,1
2026-03-27 21:59:33.716,649.997,1159,-1,15,0,0,0,1,1,0,1,1,1
2026-03-27 21:59:33.812,650.093,1159,-1,13,0,0,0,1,1,0,1,1,1
2026-03-27 21:59:34.020,650.301,1155,-1,16,0,0,0,1,1,0,1,1,1
2026-03-27 21:59:34.021,650.302,1156,-1,16,0,0,0,1,1,0,1,1,1
2026-03-27 21:59:34.069,650.350,1158,-1,15,0,0,0,1,1,0,1,1,1
2026-03-27 21:59:34.164,650.445,1161,-4,15,0,0,0,1,1,0,1,1,1
2026-03-27 21:59:34.244,650.525,1156,-1,16,0,0,0,1,1,0,1,1,1
2026-03-27 21:59:34.260,650.541,1153,-1,16,0,0,0,1,1,0,1,1,1
2026-03-27 21:59:34.325,650.606,1155,-1,16,0,0,0,1,1,0,1,1,1
2026-03-27 21:59:34.452,650.733,1154,-1,16,0,0,0,1,1,0,1,1,1
2026-03-27 21:59:34.470,650.751,1156,-1,16,0,0,0,1,1,0,1,1,1
2026-03-27 21:59:34.532,650.813,1158,-1,16,0,0,0,1,1,0,1,1,1
2026-03-27 21:59:34.628,650.909,1157,-1,16,0,0,0,1,1,0,1,1,1
2026-03-27 21:59:34.741,651.021,1159,-1,16,0,0,0,1,1,0,1,1,1
2026-03-27 21:59:34.805,651.086,1152,-1,16,0,0,0,1,1,0,1,1,1
2026-03-27 21:59:34.964,651.245,1154,-1,15,0,0,0,1,1,0,1,1,1
2026-03-27 21:59:34.965,651.246,1157,-1,16,0,0,0,1,1,0,1,1,1
2026-03-27 21:59:35.108,651.389,1161,-1,16,0,0,0,1,1,0,1,1,1
2026-03-27 21:59:35.111,651.391,1155,0,16,0,0,0,1,1,0,1,1,1
2026-03-27 21:59:35.396,651.677,1159,-1,16,0,0,0,1,1,0,1,1,1
2026-03-27 21:59:35.540,651.821,1157,-1,16,0,0,0,1,1,0,1,1,1
2026-03-27 21:59:35.636,651.917,1153,-3,16,0,0,0,1,1,0,1,1,1
2026-03-27 21:59:35.716,651.997,1155,-1,16,0,0,0,1,1,0,1,1,1
2026-03-27 21:59:35.732,652.013,1156,-1,16,0,0,0,1,1,0,1,1,1
2026-03-27 21:59:35.797,652.078,1154,-3,16,0,0,0,1,1,0,1,1,1
2026-03-27 21:59:36.037,652.317,1154,-1,16,0,0,0,1,1,0,1,1,1
2026-03-27 21:59:36.053,652.334,1155,-1,16,0,0,0,1,1,0,1,1,1
2026-03-27 21:59:36.164,652.445,1156,-1,16,0,0,0,1,1,0,1,1,1
2026-03-27 21:59:36.244,652.524,1153,-1,15,0,0,0,1,1,0,1,1,1
2026-03-27 21:59:36.340,652.621,1158,-2,15,0,0,0,1,1,0,1,1,1
2026-03-27 21:59:36.484,652.765,1158,-1,16,0,0,0,1,1,0,1,1,1
2026-03-27 21:59:36.487,652.767,1155,-1,16,0,0,0,1,1,0,1,1,1
2026-03-27 21:59:36.613,652.893,1156,-1,16,0,0,0,1,1,0,1,1,1
2026-03-27 21:59:36.724,653.005,1155,-1,15,0,0,0,1,1,0,1,1,1
2026-03-27 21:59:36.740,653.021,1159,-4,15,0,0,0,1,1,0,1,1,1
2026-03-27 21:59:36.916,653.197,1154,-1,16,0,0,0,1,1,0,1,1,1
2026-03-27 21:59:37.076,653.357,1153,-1,16,0,0,0,1,1,0,1,1,1
2026-03-27 21:59:37.078,653.359,1156,-1,16,0,0,0,1,1,0,1,1,1
2026-03-27 21:59:37.204,653.485,1158,-1,16,0,0,0,1,1,0,1,1,1
2026-03-27 21:59:37.284,653.565,1156,-1,16,0,0,0,1,1,0,1,1,1
2026-03-27 21:59:37.364,653.645,1156,-1,16,0,0,0,1,1,0,1,1,1
2026-03-27 21:59:37.492,653.773,1153,-1,16,0,0,0,1,1,0,1,1,1
2026-03-27 21:59:37.604,653.885,1155,-4,15,0,0,0,1,1,0,1,1,1
2026-03-27 21:59:37.652,653.933,1161,-2,15,0,0,0,1,1,0,1,1,1
2026-03-27 21:59:37.654,653.935,1160,-1,15,0,0,0,1,1,0,1,1,1
2026-03-27 21:59:37.732,654.013,1154,-3,16,0,0,0,1,1,0,1,1,1
2026-03-27 21:59:37.733,654.014,1156,-4,15,0,0,0,1,1,0,1,1,1
2026-03-27 21:59:37.748,654.029,1159,-1,15,0,0,0,1,1,0,1,1,1
2026-03-27 21:59:37.860,654.141,1161,-1,15,0,0,0,1,1,0,1,1,1
2026-03-27 21:59:37.956,654.237,1158,-1,16,0,0,0,1,1,0,1,1,1
2026-03-27 21:59:37.957,654.238,1160,-1,16,0,0,0,1,1,0,1,1,1
2026-03-27 21:59:38.037,654.317,1158,0,16,0,0,0,1,1,0,1,1,1
2026-03-27 21:59:38.196,654.477,1152,-1,16,0,0,0,1,1,0,1,1,1
2026-03-27 21:59:38.198,654.479,1153,-1,16,0,0,0,1,1,0,1,1,1
2026-03-27 21:59:38.199,654.479,11501,0,0,0,0,0,0,1,0,1,1,1
2026-03-27 21:59:38.291,654.572,1156,-1,16,0,0,0,1,1,0,1,1,1
2026-03-27 21:59:38.293,654.574,1157,-1,16,0,0,0,1,1,0,1,1,1
2026-03-27 21:59:38.388,654.669,1157,-1,16,0,0,0,1,1,0,1,1,1
2026-03-27 21:59:38.468,654.749,1156,-1,15,0,0,0,1,1,0,1,1,1
2026-03-27 21:59:38.484,654.765,1155,-2,15,0,0,0,1,1,0,1,1,1
2026-03-27 21:59:38.486,654.767,1160,-2,15,0,0,0,1,1,0,1,1,1
2026-03-27 21:59:38.612,654.893,1159,-4,15,0,0,0,1,1,0,1,1,1
2026-03-27 21:59:38.614,654.895,1153,-1,16,0,0,0,1,1,0,1,1,1
2026-03-27 21:59:38.725,655.006,1154,-1,16,0,0,0,1,1,0,1,1,1
2026-03-27 21:59:38.788,655.069,1154,-2,15,0,0,0,1,1,0,1,1,1
2026-03-27 21:59:38.948,655.228,1162,-2,15,0,0,0,1,1,0,1,1,1
2026-03-27 21:59:39.028,655.309,1157,-1,16,0,0,0,1,1,0,1,1,1
2026-03-27 21:59:39.188,655.469,1155,-1,16,0,0,0,1,1,0,1,1,1
2026-03-27 21:59:39.300,655.581,1155,-1,15,0,0,0,1,1,0,1,1,1
2026-03-27 21:59:39.302,655.583,1158,-4,15,0,0,0,1,1,0,1,1,1
2026-03-27 21:59:39.364,655.645,1161,-4,15,0,0,0,1,1,0,1,1,1
2026-03-27 21:59:39.380,655.661,1153,-1,15,0,0,0,1,1,0,1,1,1
2026-03-27 21:59:39.509,655.789,1153,-1,16,0,0,0,1,1,0,1,1,1
2026-03-27 21:59:39.620,655.901,1153,-1,16,0,0,0,1,1,0,1,1,1
2026-03-27 21:59:39.635,655.916,1154,-2,15,0,0,0,1,1,0,1,1,1
2026-03-27 21:59:39.637,655.918,1153,-1,15,0,0,0,1,1,0,1,1,1
2026-03-27 21:59:39.700,655.981,1153,-1,15,0,0,0,1,1,0,1,1,1
2026-03-27 21:59:39.844,656.125,1157,-1,16,0,0,0,1,1,0,1,1,1
2026-03-27 21:59:39.907,656.188,1154,-1,16,0,0,0,1,1,0,1,1,1
2026-03-27 21:59:39.909,656.190,1156,-1,16,0,0,0,1,1,0,1,1,1
2026-03-27 21:59:40.052,656.333,1155,-1,16,0,0,0,1,1,0,1,1,1
2026-03-27 21:59:40.180,656.461,1151,-3,16,0,0,0,1,1,0,1,1,1
2026-03-27 21:59:40.276,656.557,1155,-1,16,0,0,0,1,1,0,1,1,1
2026-03-27 21:59:40.279,656.560,1159,-1,15,0,0,0,1,1,0,1,1,1
2026-03-27 21:59:40.356,656.637,1158,-1,16,0,0,0,1,1,0,1,1,1
2026-03-27 21:59:40.451,656.732,1154,-1,16,0,0,0,1,1,0,1,1,1
2026-03-27 21:59:40.453,656.734,1155,-1,16,0,0,0,1,1,0,1,1,1
2026-03-27 21:59:40.595,656.876,1156,-1,16,0,0,0,1,1,0,1,1,1
2026-03-27 21:59:40.597,656.877,1158,-1,16,0,0,0,1,1,0,1,1,1
2026-03-27 21:59:40.627,656.908,1157,-1,16,0,0,0,1,1,0,1,1,1
2026-03-27 21:59:40.629,656.909,1159,-1,16,0,0,0,1,1,0,1,1,1
2026-03-27 21:59:40.755,657.036,1157,-1,16,0,0,0,1,1,0,1,1,1
2026-03-27 21:59:40.757,657.037,1157,-1,16,0,0,0,1,1,0,1,1,1
2026-03-27 21:59:40.758,657.039,1155,-1,16,0,0,0,1,1,0,1,1,1
2026-03-27 21:59:40.884,657.165,1155,-1,16,0,0,0,1,1,0,1,1,1
2026-03-27 21:59:40.964,657.245,1153,-4,16,0,0,0,1,1,0,1,1,1
2026-03-27 21:59:41.092,657.373,1151,-4,16,0,0,0,1,1,0,1,1,1
2026-03-27 21:59:41.204,657.485,1157,-1,16,0,0,0,1,1,0,1,1,1
2026-03-27 21:59:41.348,657.629,1156,-1,16,0,0,0,1,1,0,1,1,1
2026-03-27 21:59:41.492,657.773,1153,-1,16,0,0,0,1,1,0,1,1,1
2026-03-27 21:59:41.588,657.869,1154,-4,15,0,0,0,1,1,0,1,1,1
2026-03-27 21:59:41.620,657.901,1157,-4,15,0,0,0,1,1,0,1,1,1
2026-03-27 21:59:41.780,658.061,1158,-1,16,0,0,0,1,1,0,1,1,1
2026-03-27 21:59:41.844,658.125,1156,-1,16,0,0,0,1,1,0,1,1,1
2026-03-27 21:59:41.988,658.269,1157,-1,15,0,0,0,1,1,0,1,1,1
2026-03-27 21:59:41.991,658.272,1154,-1,15,0,0,0,1,1,0,1,1,1
2026-03-27 21:59:42.100,658.381,1158,-1,15,0,0,0,1,1,0,1,1,1
2026-03-27 21:59:42.102,658.383,1153,-1,16,0,0,0,1,1,0,1,1,1
2026-03-27 21:59:42.116,658.397,1153,-1,16,0,0,0,1,1,0,1,1,1
2026-03-27 21:59:42.275,658.556,1152,-1,16,0,0,0,1,1,0,1,1,1
2026-03-27 21:59:42.277,658.558,1154,-1,16,0,0,0,1,1,0,1,1,1
2026-03-27 21:59:42.324,658.605,1155,-1,16,0,0,0,1,1,0,1,1,1
2026-03-27 21:59:42.404,658.685,1157,-1,16,0,0,0,1,1,0,1,1,1
2026-03-27 21:59:42.532,658.813,1155,-1,16,0,0,0,1,1,0,1,1,1
2026-03-27 21:59:42.549,658.829,1156,-1,16,0,0,0,1,1,0,1,1,1
2026-03-27 21:59:42.644,658.925,1158,-1,16,0,0,0,1,1,0,1,1,1
2026-03-27 21:59:42.756,659.037,1155,-4,16,0,0,0,1,1,0,1,1,1
2026-03-27 21:59:42.788,659.069,1158,-1,16,0,0,0,1,1,0,1,1,1
2026-03-27 21:59:42.804,659.085,1157,-1,16,0,0,0,1,1,0,1,1,1
2026-03-27 21:59:42.980,659.261,1157,-1,16,0,0,0,1,1,0,1,1,1
2026-03-27 21:59:42.995,659.276,1156,-1,16,0,0,0,1,1,0,1,1,1
2026-03-27 21:59:43.092,659.373,1158,0,16,0,0,0,1,1,0,1,1,1
2026-03-27 21:59:43.155,659.436,1155,-1,16,0,0,0,1,1,0,1,1,1
2026-03-27 21:59:43.157,659.438,1157,-1,15,0,0,0,1,1,0,1,1,1
2026-03-27 21:59:43.252,659.533,1160,-1,15,0,0,0,1,1,0,1,1,1
2026-03-27 21:59:43.348,659.629,1159,-4,16,0,0,0,1,1,0,1,1,1
2026-03-27 21:59:43.476,659.757,1154,-1,13,0,0,0,1,1,0,1,1,1
2026-03-27 21:59:43.555,659.836,1153,-1,16,0,0,0,1,1,0,1,1,1
2026-03-27 21:59:43.572,659.853,1154,-1,16,0,0,0,1,1,0,1,1,1
2026-03-27 21:59:43.699,659.980,1153,-1,16,0,0,0,1,1,0,1,1,1
2026-03-27 21:59:43.702,659.983,1157,-1,15,0,0,0,1,1,0,1,1,1
2026-03-27 21:59:43.748,660.029,1157,-1,15,0,0,0,1,1,0,1,1,1
2026-03-27 21:59:43.860,660.141,1157,-4,15,0,0,0,1,1,0,1,1,1
2026-03-27 21:59:43.955,660.236,1153,-1,16,0,0,0,1,1,0,1,1,1
