timestamp,elapsed_s,bottle_psi,tank_psi,chamber_psi,loadcell_kg,gse_fill,gse_relief,gse_dump,rkt_ox,rkt_fuel,rkt_relief,rkt_dump,rkt_ign
2026-03-27 21:21:15.615,0.129,1141,-5,14,0,0,0,0,0,0,0,0,0
2026-03-27 21:21:15.711,0.225,1141,-5,14,0,0,0,0,0,0,0,0,0
2026-03-27 21:21:15.823,0.337,1141,-5,14,0,0,0,0,0,0,0,0,0
2026-03-27 21:21:15.951,0.465,1141,-5,14,0,0,0,0,0,0,0,0,0
2026-03-27 21:21:16.063,0.577,1141,-5,12,0,0,0,0,0,0,0,0,0
2026-03-27 21:21:16.207,0.721,1142,-5,14,0,0,0,0,0,0,0,0,0
2026-03-27 21:21:16.319,0.833,1142,-5,14,0,0,0,0,0,0,0,0,0
2026-03-27 21:21:16.399,0.913,1141,-5,14,0,0,0,0,0,0,0,0,0
2026-03-27 21:21:16.527,1.041,1141,-5,14,0,0,0,0,0,0,0,0,0
2026-03-27 21:21:16.623,1.137,1141,-5,14,0,0,0,0,0,0,0,0,0
2026-03-27 21:21:16.735,1.249,1141,-5,15,0,0,0,0,0,0,0,0,0
2026-03-27 21:21:16.863,1.377,1140,-5,14,0,0,0,0,0,0,0,0,0
2026-03-27 21:21:16.927,1.441,1141,-5,15,0,0,0,0,0,0,0,0,0
2026-03-27 21:21:17.023,1.537,1142,-5,14,0,0,0,0,0,0,0,0,0
2026-03-27 21:21:17.135,1.649,1141,-5,15,0,0,0,0,0,0,0,0,0
2026-03-27 21:21:17.151,1.665,1141,-5,15,0,0,0,0,0,0,0,0,0
2026-03-27 21:21:17.247,1.761,1141,-5,15,0,0,0,0,0,0,0,0,0
2026-03-27 21:21:17.327,1.841,1141,-5,14,0,0,0,0,0,0,0,0,0
2026-03-27 21:21:17.328,1.842,1142,-5,15,0,0,0,0,0,0,0,0,0
2026-03-27 21:21:17.343,1.857,1141,-5,15,0,0,0,0,0,0,0,0,0
2026-03-27 21:21:17.439,1.953,1142,-5,15,0,0,0,0,0,0,0,0,0
2026-03-27 21:21:17.519,2.033,1142,-5,14,0,0,0,0,0,0,0,0,0
2026-03-27 21:21:17.615,2.129,1141,-5,14,0,0,0,0,0,0,0,0,0
2026-03-27 21:21:17.775,2.289,1141,-5,15,0,0,0,0,0,0,0,0,0
2026-03-27 21:21:17.823,2.337,1141,-5,15,0,0,0,0,0,0,0,0,0
2026-03-27 21:21:17.983,2.497,1142,-5,14,0,0,0,0,0,0,0,0,0
2026-03-27 21:21:17.984,2.499,1142,-5,15,0,0,0,0,0,0,0,0,0
2026-03-27 21:21:18.031,2.545,1141,-5,15,0,0,0,0,0,0,0,0,0
2026-03-27 21:21:18.032,2.546,1141,-5,14,0,0,0,0,0,0,0,0,0
2026-03-27 21:21:18.126,2.640,1141,-5,14,0,0,0,0,0,0,0,0,0
2026-03-27 21:21:18.254,2.769,1142,-5,14,0,0,0,0,0,0,0,0,0
2026-03-27 21:21:18.287,2.801,1142,-5,14,0,0,0,0,0,0,0,0,0
2026-03-27 21:21:18.303,2.817,1142,-5,15,0,0,0,0,0,0,0,0,0
2026-03-27 21:21:18.430,2.945,1141,-5,15,0,0,0,0,0,0,0,0,0
2026-03-27 21:21:18.559,3.073,1141,-4,14,0,0,0,0,0,0,0,0,0
2026-03-27 21:21:18.671,3.185,1142,-5,14,0,0,0,0,0,0,0,0,0
2026-03-27 21:21:18.815,3.329,1142,-5,14,0,0,0,0,0,0,0,0,0
2026-03-27 21:21:18.895,3.409,1142,-5,14,0,0,0,0,0,0,0,0,0
2026-03-27 21:21:18.991,3.505,1141,-5,14,0,0,0,0,0,0,0,0,0
2026-03-27 21:21:19.071,3.585,1141,-5,14,0,0,0,0,0,0,0,0,0
2026-03-27 21:21:19.214,3.728,1142,-5,14,0,0,0,0,0,0,0,0,0
2026-03-27 21:21:19.375,3.889,1142,-5,15,0,0,0,0,0,0,0,0,0
2026-03-27 21:21:19.471,3.985,1141,-5,14,0,0,0,0,0,0,0,0,0
2026-03-27 21:21:19.535,4.049,1141,-5,14,0,0,0,0,0,0,0,0,0
2026-03-27 21:21:19.538,4.052,1141,-5,15,0,0,0,0,0,0,0,0,0
2026-03-27 21:21:19.647,4.161,1143,-5,14,0,0,0,0,0,0,0,0,0
2026-03-27 21:21:19.663,4.177,1141,-5,14,0,0,0,0,0,0,0,0,0
2026-03-27 21:21:19.727,4.241,1141,-5,14,0,0,0,0,0,0,0,0,0
2026-03-27 21:21:19.839,4.353,1142,-4,14,0,0,0,0,0,0,0,0,0
2026-03-27 21:21:19.918,4.433,1142,-5,14,0,0,0,0,0,0,0,0,0
2026-03-27 21:21:19.920,4.434,1142,-5,14,0,0,0,0,0,0,0,0,0
2026-03-27 21:21:20.015,4.529,1142,-5,14,0,0,0,0,0,0,0,0,0
2026-03-27 21:21:20.079,4.593,1141,-5,14,0,0,0,0,0,0,0,0,0
2026-03-27 21:21:20.287,4.801,1142,-5,15,0,0,0,0,0,0,0,0,0
2026-03-27 21:21:20.367,4.882,1142,-5,15,0,0,0,0,0,0,0,0,0
2026-03-27 21:21:20.495,5.009,1142,-5,14,0,0,0,0,0,0,0,0,0
2026-03-27 21:21:20.575,5.089,1141,-5,15,0,0,0,0,0,0,0,0,0
2026-03-27 21:21:20.687,5.201,1141,-5,14,0,0,0,0,0,0,0,0,0
2026-03-27 21:21:20.704,5.218,1142,-5,14,0,0,0,0,0,0,0,0,0
2026-03-27 21:21:20.846,5.360,1142,-5,15,0,0,0,0,0,0,0,0,0
2026-03-27 21:21:20.943,5.457,1142,-5,15,0,0,0,0,0,0,0,0,0
2026-03-27 21:21:21.103,5.617,1141,-5,15,0,0,0,0,0,0,0,0,0
2026-03-27 21:21:21.199,5.713,1142,-5,15,0,0,0,0,0,0,0,0,0
2026-03-27 21:21:21.409,5.923,1141,-2,14,0,0,0,0,0,0,0,0,0
2026-03-27 21:21:21.471,5.985,1141,-5,14,0,0,0,0,0,0,0,0,0
2026-03-27 21:21:21.473,5.987,1142,-5,14,0,0,0,0,0,0,0,0,0
2026-03-27 21:21:21.535,6.049,1142,-5,14,0,0,0,0,0,0,0,0,0
2026-03-27 21:21:21.694,6.209,1142,-5,14,0,0,0,0,0,0,0,0,0
2026-03-27 21:21:21.697,6.211,1142,-5,15,0,0,0,0,0,0,0,0,0
2026-03-27 21:21:21.759,6.273,1142,-4,15,0,0,0,0,0,0,0,0,0
2026-03-27 21:21:21.807,6.321,1141,-5,15,0,0,0,0,0,0,0,0,0
2026-03-27 21:21:21.935,6.449,1141,-5,14,0,0,0,0,0,0,0,0,0
2026-03-27 21:21:22.030,6.544,1141,-5,14,0,0,0,0,0,0,0,0,0
2026-03-27 21:21:22.127,6.641,1141,-5,14,0,0,0,0,0,0,0,0,0
2026-03-27 21:21:22.271,6.785,1142,-4,15,0,0,0,0,0,0,0,0,0
2026-03-27 21:21:22.366,6.880,1142,-5,14,0,0,0,0,0,0,0,0,0
2026-03-27 21:21:22.495,7.009,1143,-5,14,0,0,0,0,0,0,0,0,0
2026-03-27 21:21:22.575,7.089,1141,-5,12,0,0,0,0,0,0,0,0,0
2026-03-27 21:21:22.718,7.232,1142,-5,15,0,0,0,0,0,0,0,0,0
2026-03-27 21:21:22.879,7.393,1143,-5,15,0,0,0,0,0,0,0,0,0
2026-03-27 21:21:22.896,7.410,1142,-5,14,0,0,0,0,0,0,1,0,0
2026-03-27 21:21:23.007,7.521,1142,-5,14,0,0,0,0,0,0,1,0,0
2026-03-27 21:21:23.038,7.553,1141,-5,14,0,0,0,0,0,0,1,0,0
2026-03-27 21:21:23.054,7.568,1141,-5,14,0,0,0,0,0,0,1,0,0
2026-03-27 21:21:23.151,7.665,1141,-5,14,0,0,0,0,0,0,1,0,0
2026-03-27 21:21:23.278,7.793,1141,-5,14,0,0,0,0,0,0,1,0,0
2026-03-27 21:21:23.310,7.824,1142,-5,15,0,0,0,0,0,0,1,0,0
2026-03-27 21:21:23.422,7.937,1142,-5,15,0,0,0,0,0,0,1,0,0
2026-03-27 21:21:23.551,8.065,1142,-5,14,0,0,0,0,0,0,1,0,0
2026-03-27 21:21:23.647,8.161,1141,-5,14,0,0,0,0,0,0,1,0,0
2026-03-27 21:21:23.648,8.162,1141,-5,14,0,0,0,0,0,0,1,0,0
2026-03-27 21:21:23.854,8.368,1142,-5,14,0,0,0,0,0,0,1,0,0
2026-03-27 21:21:23.951,8.465,1141,-5,14,0,0,0,0,0,0,1,0,0
2026-03-27 21:21:24.030,8.544,1141,-5,15,0,0,0,0,0,0,1,0,0
2026-03-27 21:21:24.032,8.547,1142,-4,15,0,0,0,0,0,0,1,1,0
2026-03-27 21:21:24.159,8.673,1143,-4,15,0,0,0,0,0,0,1,1,0
2026-03-27 21:21:24.239,8.753,1143,-4,15,0,0,0,0,0,0,1,1,0
2026-03-27 21:21:24.351,8.865,1141,-4,15,0,0,0,0,0,0,1,1,0
2026-03-27 21:21:24.354,8.868,1141,-1,15,0,0,0,0,0,0,1,1,0
2026-03-27 21:21:24.463,8.977,1141,-1,15,0,0,0,0,0,0,1,1,0
2026-03-27 21:21:24.542,9.057,1141,-1,15,0,0,0,0,0,0,1,1,0
2026-03-27 21:21:24.654,9.168,1141,-4,15,0,0,0,0,0,0,1,1,0
2026-03-27 21:21:24.767,9.281,1142,-1,15,0,0,0,0,0,0,1,1,0
2026-03-27 21:21:25.054,9.569,1142,-4,15,0,0,0,0,0,0,1,1,0
2026-03-27 21:21:25.183,9.697,1142,-4,15,0,1,0,0,0,0,1,1,0
2026-03-27 21:21:25.295,9.809,1141,-4,15,0,1,0,0,0,0,1,1,0
2026-03-27 21:21:25.391,9.905,1142,-4,15,0,1,0,0,0,0,1,1,0
2026-03-27 21:21:25.454,9.969,1142,-4,15,0,1,0,0,0,0,1,1,0
2026-03-27 21:21:25.630,10.144,1141,-4,15,0,1,0,0,0,0,1,1,0
2026-03-27 21:21:25.662,10.176,1140,-4,15,0,1,0,0,0,0,1,1,0
2026-03-27 21:21:25.663,10.177,1141,-4,16,0,1,0,0,0,0,1,1,0
2026-03-27 21:21:25.871,10.385,1142,-4,15,0,1,0,0,0,0,1,1,0
2026-03-27 21:21:25.919,10.433,1141,-4,16,0,1,0,0,0,0,1,1,0
2026-03-27 21:21:26.014,10.528,1141,-4,15,0,1,0,1,0,0,1,1,0
2026-03-27 21:21:26.126,10.640,1141,-4,15,0,1,0,1,0,0,1,1,0
2026-03-27 21:21:26.238,10.752,1142,-5,15,0,1,0,1,0,0,1,1,0
2026-03-27 21:21:26.240,10.754,1142,-5,15,0,1,0,1,0,0,1,1,0
2026-03-27 21:21:26.415,10.929,1141,-5,15,0,1,0,1,0,0,1,1,0
2026-03-27 21:21:26.543,11.057,1140,-5,12,0,1,0,1,0,0,1,1,0
2026-03-27 21:21:26.558,11.073,1140,-4,15,0,1,1,1,0,0,1,1,0
2026-03-27 21:21:26.607,11.121,1140,-5,15,0,1,1,1,0,0,1,1,0
2026-03-27 21:21:26.686,11.200,1141,-5,15,0,1,1,1,0,0,1,1,0
2026-03-27 21:21:26.830,11.344,1141,-5,14,0,1,1,1,0,0,1,1,0
2026-03-27 21:21:26.831,11.345,1141,-5,14,0,1,1,1,0,0,1,1,0
2026-03-27 21:21:26.846,11.361,1140,-2,14,0,1,1,1,0,0,1,1,0
2026-03-27 21:21:26.942,11.456,1140,-5,14,0,1,1,1,0,0,1,1,0
2026-03-27 21:21:26.990,11.505,1140,-5,14,0,1,1,1,0,0,1,1,0
2026-03-27 21:21:27.150,11.665,1139,-3,14,0,1,1,1,0,0,1,1,0
2026-03-27 21:21:27.230,11.744,1140,-2,15,0,1,1,1,0,0,1,1,0
2026-03-27 21:21:27.407,11.921,1141,-5,14,0,1,1,1,0,0,1,1,0
2026-03-27 21:21:27.534,12.049,1142,-2,14,0,1,1,1,0,0,1,1,0
2026-03-27 21:21:27.662,12.176,1142,-4,14,0,1,1,1,1,0,1,1,0
2026-03-27 21:21:27.743,12.257,1142,-5,14,0,1,1,1,1,0,1,1,0
2026-03-27 21:21:27.871,12.385,1142,-5,14,0,1,1,1,1,0,1,1,0
2026-03-27 21:21:28.015,12.529,1141,-5,14,0,1,1,1,1,0,1,1,0
2026-03-27 21:21:28.078,12.592,1141,-5,14,0,1,1,1,1,0,1,1,0
2026-03-27 21:21:28.222,12.736,1140,-5,12,0,1,1,1,1,0,1,1,0
2026-03-27 21:21:28.414,12.928,1142,-5,15,0,1,1,1,1,0,1,1,0
2026-03-27 21:21:28.462,12.976,1141,-2,12,0,1,1,1,1,1,1,1,0
2026-03-27 21:21:28.464,12.978,1141,-2,12,0,1,1,1,1,1,1,1,0
2026-03-27 21:21:28.558,13.072,1141,-2,11,0,1,1,1,1,1,1,1,0
2026-03-27 21:21:28.561,13.075,1140,-5,14,0,1,1,1,1,1,1,1,0
2026-03-27 21:21:28.975,13.489,1140,-5,14,0,1,1,1,1,1,1,1,0
2026-03-27 21:21:29.102,13.616,1140,-3,14,0,1,1,1,1,1,1,1,1
2026-03-27 21:21:29.103,13.617,1141,-2,15,0,1,1,1,1,1,1,1,1
2026-03-27 21:21:29.215,13.729,1140,-5,14,0,1,1,1,1,1,1,1,1
2026-03-27 21:21:29.358,13.872,1141,-5,14,0,1,1,1,1,1,1,1,1
2026-03-27 21:21:29.360,13.874,1140,-3,14,0,1,1,1,1,1,1,1,1
2026-03-27 21:21:29.374,13.888,1140,-3,14,0,1,1,1,1,1,1,1,1
2026-03-27 21:21:29.502,14.016,1141,-5,14,0,1,1,1,1,1,1,1,1
2026-03-27 21:21:29.504,14.018,1141,-2,14,0,1,1,1,1,1,1,1,1
2026-03-27 21:21:29.598,14.112,1140,-5,14,0,1,1,1,1,1,1,1,1
2026-03-27 21:21:29.695,14.209,1142,-5,15,0,1,1,1,1,1,1,1,1
2026-03-27 21:21:29.790,14.304,1141,-5,14,0,1,1,1,1,1,1,1,1
2026-03-27 21:21:29.935,14.449,1141,-3,14,0,1,1,1,1,1,1,1,1
2026-03-27 21:21:30.031,14.545,1142,-5,14,0,1,1,1,1,1,1,1,1
2026-03-27 21:21:30.048,14.562,1141,-5,14,0,1,1,1,1,1,1,1,1
2026-03-27 21:21:30.174,14.688,1141,-5,14,0,1,1,1,1,1,1,1,1
2026-03-27 21:21:30.286,14.800,1141,-5,15,0,1,1,1,1,1,1,1,1
2026-03-27 21:21:30.350,14.864,1143,-2,14,0,1,1,1,1,1,1,1,1
2026-03-27 21:21:30.383,14.897,1141,-2,14,0,1,1,1,1,1,1,1,1
2026-03-27 21:21:30.560,15.074,1141,-5,15,0,1,1,1,1,1,1,1,1
2026-03-27 21:21:30.686,15.200,1140,-3,14,0,1,1,1,1,1,1,1,1
2026-03-27 21:21:30.688,15.202,1140,-2,14,0,1,1,1,1,1,1,1,1
2026-03-27 21:21:30.783,15.297,1141,-2,14,0,1,1,1,1,1,1,1,1
2026-03-27 21:21:30.814,15.328,1141,-5,15,0,1,1,1,1,1,1,1,1
2026-03-27 21:21:30.816,15.330,1141,-4,15,0,1,1,1,1,1,1,1,1
2026-03-27 21:21:31.166,15.680,1140,-5,15,0,1,1,1,1,1,1,1,1
2026-03-27 21:21:31.246,15.760,1140,-5,15,0,1,1,1,1,1,1,1,1
2026-03-27 21:21:31.375,15.889,1141,-2,14,0,1,1,1,1,1,1,1,1
2026-03-27 21:21:31.502,16.016,1140,-2,14,0,1,1,1,1,1,1,1,1
2026-03-27 21:21:31.614,16.128,1141,-5,14,0,1,1,1,1,1,1,1,1
2026-03-27 21:21:31.630,16.144,1141,-2,14,0,1,1,1,1,1,1,1,1
2026-03-27 21:21:31.742,16.256,1140,-5,14,0,1,1,1,1,1,1,1,1
2026-03-27 21:21:31.758,16.272,1140,-5,15,0,1,1,1,1,1,1,1,1
2026-03-27 21:21:31.838,16.352,1141,-5,15,0,1,1,1,1,1,1,1,1
2026-03-27 21:21:31.918,16.432,1140,-5,14,0,1,1,1,1,1,1,1,1
2026-03-27 21:21:31.934,16.448,1140,-5,14,0,1,1,1,1,1,1,1,1
2026-03-27 21:21:32.078,16.592,1141,-5,14,0,1,1,1,1,1,1,1,1
2026-03-27 21:21:32.157,16.671,1141,-5,14,0,1,1,1,1,1,1,1,1
2026-03-27 21:21:32.159,16.673,1141,-5,14,0,1,1,1,1,1,1,1,1
2026-03-27 21:21:32.286,16.800,1140,-5,14,0,1,1,1,1,1,1,1,1
2026-03-27 21:21:32.318,16.832,1141,-2,14,0,1,1,1,1,1,1,1,1
2026-03-27 21:21:32.334,16.848,1140,-5,14,0,1,1,1,1,1,1,1,1
2026-03-27 21:21:32.430,16.944,1140,-5,14,0,1,1,1,1,1,1,1,1
2026-03-27 21:21:32.432,16.946,1141,-5,14,0,1,1,1,1,1,1,1,1
2026-03-27 21:21:32.478,16.992,1141,-5,14,0,1,1,1,1,1,1,1,1
2026-03-27 21:21:32.558,17.072,1141,-5,14,0,1,1,1,1,1,1,1,1
2026-03-27 21:21:32.702,17.216,1140,-5,14,0,1,1,1,1,1,1,1,1
2026-03-27 21:21:32.703,17.218,1140,-5,14,0,1,1,1,1,1,1,1,1
2026-03-27 21:21:32.750,17.264,1141,-5,14,0,1,1,1,1,1,1,1,1
2026-03-27 21:21:32.894,17.408,1141,-5,14,0,1,1,1,1,1,1,1,1
2026-03-27 21:21:33.054,17.568,1141,-3,14,0,1,1,1,1,1,1,1,1
2026-03-27 21:21:33.182,17.696,1141,-5,14,0,1,1,1,1,1,1,1,1
2026-03-27 21:21:33.185,17.699,1141,-2,14,0,1,1,1,1,1,1,1,1
2026-03-27 21:21:33.310,17.824,1141,-2,14,0,1,1,1,1,1,1,1,1
2026-03-27 21:21:33.313,17.827,1142,-2,14,0,1,1,1,1,1,1,1,1
2026-03-27 21:21:33.391,17.905,1142,-3,14,0,1,1,1,1,1,1,1,1
2026-03-27 21:21:33.518,18.032,1142,-5,14,0,1,1,1,1,1,1,1,1
2026-03-27 21:21:33.598,18.112,1142,-5,14,0,1,1,1,1,1,1,1,1
2026-03-27 21:21:33.790,18.304,1141,-5,14,0,1,1,1,1,1,1,1,1
2026-03-27 21:21:33.854,18.368,1142,-5,14,0,1,1,1,1,1,1,1,1
2026-03-27 21:21:33.933,18.448,1141,-5,14,0,1,1,1,1,1,0,1,1
2026-03-27 21:21:34.061,18.576,1141,-5,11,0,1,1,1,1,1,0,1,1
2026-03-27 21:21:34.238,18.753,1141,-5,14,0,1,1,1,1,1,0,1,1
2026-03-27 21:21:34.286,18.800,1141,-5,14,0,1,1,1,1,1,0,1,1
2026-03-27 21:21:34.382,18.896,1142,-5,14,0,1,1,1,1,1,0,1,1
2026-03-27 21:21:34.495,19.009,1141,-2,14,0,1,1,1,1,1,0,1,1
2026-03-27 21:21:34.574,19.088,1142,-5,15,0,1,1,1,1,1,0,1,1
2026-03-27 21:21:34.686,19.200,1143,-5,14,0,1,1,1,1,1,0,1,1
2026-03-27 21:21:34.766,19.280,1141,-5,14,0,1,1,1,1,1,0,1,1
2026-03-27 21:21:34.767,19.281,1141,-5,14,0,1,1,1,1,1,0,1,1
2026-03-27 21:21:34.878,19.392,1142,-2,14,0,1,1,1,1,1,0,1,1
2026-03-27 21:21:34.894,19.408,1141,-2,14,0,1,1,1,1,1,0,1,1
2026-03-27 21:21:35.246,19.760,1141,-5,14,0,1,1,1,1,1,0,1,1
2026-03-27 21:21:35.278,19.792,1141,-5,14,0,1,1,1,1,1,0,1,1
2026-03-27 21:21:35.293,19.807,1141,-5,14,0,1,1,1,1,1,0,1,1
2026-03-27 21:21:35.470,19.984,1142,-2,14,0,1,1,1,1,1,0,1,1
2026-03-27 21:21:35.581,20.096,1141,-5,14,0,1,1,1,1,1,0,1,1
2026-03-27 21:21:35.583,20.097,1142,-5,14,0,1,1,1,1,1,0,1,1
2026-03-27 21:21:35.678,20.192,1142,-4,15,0,1,1,1,1,1,0,0,1
2026-03-27 21:21:35.774,20.288,1141,-4,15,0,1,1,1,1,1,0,0,1
2026-03-27 21:21:35.934,20.448,1142,-4,15,0,1,1,1,1,1,0,0,1
2026-03-27 21:21:36.062,20.576,1142,-4,15,0,1,1,1,1,1,0,0,1
2026-03-27 21:21:36.094,20.608,1142,-4,15,0,1,1,1,1,1,0,0,1
2026-03-27 21:21:36.173,20.687,1142,-4,15,0,1,1,1,1,1,0,0,1
2026-03-27 21:21:36.190,20.704,1142,-4,15,0,1,1,1,1,1,0,0,1
2026-03-27 21:21:36.303,20.817,1142,-4,15,0,1,1,1,1,1,0,0,1
2026-03-27 21:21:36.305,20.819,1141,-4,15,0,1,1,1,1,1,0,0,1
2026-03-27 21:21:36.431,20.945,1141,-4,15,0,1,1,1,1,1,0,0,1
2026-03-27 21:21:36.446,20.960,1141,-4,15,0,1,1,1,1,1,0,0,1
2026-03-27 21:21:36.542,21.056,1141,-5,15,0,1,1,1,1,1,0,0,1
2026-03-27 21:21:36.654,21.169,1141,-4,15,0,1,1,1,1,1,0,0,1
2026-03-27 21:21:36.686,21.200,1141,-4,15,0,1,1,1,1,1,0,0,1
2026-03-27 21:21:36.689,21.203,1141,-4,15,0,1,1,1,1,1,0,0,1
2026-03-27 21:21:36.798,21.313,1141,-5,15,0,1,1,1,1,1,0,0,1
2026-03-27 21:21:36.974,21.488,1142,-4,15,0,1,1,1,1,1,0,0,1
2026-03-27 21:21:37.006,21.520,1141,-4,15,0,1,1,1,1,1,0,0,1
2026-03-27 21:21:37.008,21.523,1141,-4,12,0,1,1,1,1,1,0,0,1
2026-03-27 21:21:37.166,21.681,1141,-4,12,0,1,1,1,1,1,0,0,1
2026-03-27 21:21:37.278,21.792,1141,-1,15,0,1,1,1,1,1,0,0,1
2026-03-27 21:21:37.294,21.808,1141,-4,15,0,1,1,1,1,1,0,0,1
2026-03-27 21:21:37.358,21.872,1141,-4,16,0,1,1,1,1,1,0,0,1
2026-03-27 21:21:37.501,22.015,1141,-4,15,0,1,1,1,1,1,0,0,1
2026-03-27 21:21:37.518,22.032,1141,-3,15,0,1,1,1,1,1,0,0,1
2026-03-27 21:21:37.550,22.064,1142,-1,15,0,1,1,1,1,1,0,0,1
2026-03-27 21:21:37.661,22.175,1142,-3,15,0,1,1,1,1,1,0,0,1
2026-03-27 21:21:37.806,22.320,1141,-5,14,0,1,1,1,1,1,0,0,1
2026-03-27 21:21:37.902,22.416,1141,-2,12,0,1,1,1,1,1,0,0,1
2026-03-27 21:21:37.919,22.433,1142,-5,14,0,1,1,1,1,1,0,0,1
2026-03-27 21:21:38.030,22.544,1142,-5,15,0,1,1,1,1,1,0,0,1
2026-03-27 21:21:38.110,22.624,1141,-5,14,0,1,1,1,1,1,0,0,1
2026-03-27 21:21:38.238,22.752,1142,-5,14,0,1,1,1,1,1,0,0,1
2026-03-27 21:21:38.239,22.754,1142,-5,15,0,1,1,1,1,1,0,0,1
2026-03-27 21:21:38.301,22.815,1141,-5,14,0,1,1,1,1,1,0,0,1
2026-03-27 21:21:38.303,22.817,1142,-5,14,0,1,1,1,1,1,0,0,1
2026-03-27 21:21:38.414,22.928,1141,-5,14,0,1,1,1,1,1,0,0,1
2026-03-27 21:21:38.510,23.024,1141,-5,14,0,1,1,1,1,1,0,0,1
2026-03-27 21:21:38.670,23.184,1141,-5,14,0,1,1,1,1,1,0,0,1
2026-03-27 21:21:38.782,23.296,1142,-5,14,0,1,1,1,1,1,0,0,1
2026-03-27 21:21:38.877,23.391,1141,-2,14,0,1,1,1,1,1,0,0,1
2026-03-27 21:21:38.894,23.408,1141,-2,14,0,1,1,1,1,1,0,0,1
2026-03-27 21:21:39.037,23.552,1141,-5,14,0,1,1,1,1,1,0,0,1
2026-03-27 21:21:39.070,23.584,1142,-5,14,0,1,1,1,1,1,0,0,1
2026-03-27 21:21:39.198,23.712,1142,-5,14,0,1,1,1,1,1,0,0,1
2026-03-27 21:21:39.246,23.760,1141,-5,15,0,1,1,1,1,1,0,0,1
2026-03-27 21:21:39.373,23.887,1141,-5,14,0,1,1,1,1,1,0,0,1
2026-03-27 21:21:39.438,23.952,1142,-5,14,0,1,1,1,1,1,0,0,1
2026-03-27 21:21:39.597,24.111,1142,-5,14,0,1,1,1,1,1,0,0,1
2026-03-27 21:21:39.599,24.113,1142,-5,14,0,1,1,1,1,1,0,0,1
2026-03-27 21:21:39.600,24.114,1141,0,0,0,0,0,0,0,0,0,0,0
2026-03-27 21:21:39.601,24.115,1140,-5,14,0,1,1,1,1,1,0,0,1
2026-03-27 21:21:39.918,24.432,1142,-2,14,0,1,1,1,1,1,0,0,1
2026-03-27 21:21:40.030,24.544,1142,-5,14,0,1,1,1,1,1,0,0,1
2026-03-27 21:21:40.031,24.545,1142,-5,14,0,1,1,1,1,1,0,0,1
2026-03-27 21:21:40.110,24.624,1142,-5,12,0,1,1,1,1,1,0,0,1
2026-03-27 21:21:40.205,24.719,1142,-5,14,0,1,1,1,1,1,0,0,1
2026-03-27 21:21:40.318,24.832,1142,-5,14,0,1,1,1,1,1,0,0,1
2026-03-27 21:21:40.319,24.833,1142,-5,14,0,1,1,1,1,1,0,0,1
2026-03-27 21:21:40.321,24.835,1141,-5,14,0,1,1,1,1,1,0,0,1
2026-03-27 21:21:40.430,24.944,1141,-5,14,0,1,1,1,1,1,0,0,1
2026-03-27 21:21:40.493,25.007,1142,-5,14,0,1,1,1,1,1,0,0,1
2026-03-27 21:21:40.509,25.023,1142,-5,15,0,1,1,1,1,1,0,0,1
2026-03-27 21:21:40.605,25.119,1141,-5,14,0,1,1,1,1,1,0,0,1
2026-03-27 21:21:40.686,25.200,1141,-5,14,0,1,1,1,1,1,0,0,1
2026-03-27 21:21:40.846,25.360,1142,-5,14,0,1,1,1,1,1,0,0,1
2026-03-27 21:21:40.926,25.440,1141,-5,14,0,1,1,1,1,1,0,0,1
2026-03-27 21:21:40.927,25.441,1141,-5,14,0,1,1,1,1,1,0,0,1
2026-03-27 21:21:41.005,25.520,1141,-5,14,0,1,1,1,1,1,0,0,1
2026-03-27 21:21:41.118,25.632,1143,-5,14,0,1,1,1,1,1,0,0,1
2026-03-27 21:21:41.166,25.680,1142,-5,14,0,1,1,1,1,1,0,0,1
2026-03-27 21:21:41.342,25.856,1141,-5,14,0,1,1,1,1,1,0,0,1
2026-03-27 21:21:41.406,25.920,1142,-2,14,0,1,1,1,1,1,0,0,1
2026-03-27 21:21:41.550,26.064,1141,-5,14,0,1,1,1,1,1,0,0,1
2026-03-27 21:21:41.566,26.080,1141,-5,14,0,1,1,1,1,1,0,0,1
2026-03-27 21:21:41.677,26.191,1141,-5,14,0,1,1,1,1,1,0,0,1
2026-03-27 21:21:41.742,26.256,1141,-5,11,0,1,1,1,1,1,0,0,1
2026-03-27 21:21:41.885,26.399,1140,-5,14,0,1,1,1,1,1,0,0,1
2026-03-27 21:21:41.934,26.448,1141,-5,14,0,1,1,1,1,1,0,0,1
2026-03-27 21:21:42.045,26.560,1142,-5,14,0,1,1,1,1,1,0,0,1
2026-03-27 21:21:42.126,26.640,1141,-5,15,0,1,1,1,1,1,0,0,1
2026-03-27 21:21:42.301,26.815,1141,-2,14,0,1,1,1,1,1,0,0,1
2026-03-27 21:21:42.349,26.863,1141,-5,14,0,1,1,1,1,1,0,0,1
2026-03-27 21:21:42.445,26.960,1142,-5,14,0,1,1,1,1,1,0,0,1
2026-03-27 21:21:42.589,27.103,1141,-5,14,0,1,1,1,1,1,0,0,1
2026-03-27 21:21:42.669,27.183,1143,-5,14,0,1,1,1,1,1,0,0,1
2026-03-27 21:21:42.734,27.248,1142,-5,14,0,1,1,1,1,1,0,0,1
2026-03-27 21:21:42.797,27.311,1142,-5,14,0,1,1,1,1,1,0,0,1
2026-03-27 21:21:42.894,27.408,1142,-5,14,0,1,1,1,1,1,0,0,1
2026-03-27 21:21:42.958,27.472,1141,-5,14,0,1,1,1,1,1,0,0,1
2026-03-27 21:21:43.102,27.616,1142,-5,14,0,1,1,1,1,1,0,0,1
2026-03-27 21:21:43.213,27.727,1141,-3,14,0,1,1,1,1,1,0,0,1
2026-03-27 21:21:43.215,27.729,1141,-2,15,0,1,1,1,1,1,0,0,1
2026-03-27 21:21:43.293,27.807,1141,-5,14,0,1,1,1,1,1,0,0,1
2026-03-27 21:21:43.295,27.809,1142,-5,14,0,1,1,1,1,1,0,0,1
2026-03-27 21:21:43.389,27.904,1142,-5,14,0,1,1,1,1,1,0,0,1
2026-03-27 21:21:43.501,28.015,1141,-5,14,0,1,1,1,1,1,0,0,1
2026-03-27 21:21:43.581,28.095,1141,-5,14,0,1,1,1,1,1,0,0,1
2026-03-27 21:21:43.597,28.112,1141,-5,14,0,1,1,1,1,1,0,0,1
2026-03-27 21:21:43.694,28.208,1142,-5,14,0,1,1,1,1,1,0,0,1
2026-03-27 21:21:43.695,28.209,1142,-5,14,0,1,1,1,1,1,0,0,1
2026-03-27 21:21:43.710,28.224,1141,-5,14,0,1,1,1,1,1,0,0,1
2026-03-27 21:21:43.870,28.384,1141,-5,14,0,1,1,1,1,1,0,0,1
2026-03-27 21:21:43.873,28.387,1141,-5,14,0,1,1,1,1,1,0,0,1
2026-03-27 21:21:43.982,28.496,1141,-5,14,0,1,1,1,1,1,0,0,1
2026-03-27 21:21:44.093,28.608,1141,-5,14,0,1,1,1,1,1,0,0,1
2026-03-27 21:21:44.095,28.609,1142,-5,14,0,1,1,1,1,1,0,0,1
2026-03-27 21:21:44.142,28.656,1141,-5,14,0,1,1,1,1,1,0,0,1
2026-03-27 21:21:44.158,28.673,1142,-5,14,0,1,1,1,1,1,0,0,1
2026-03-27 21:21:44.269,28.783,1142,-5,14,0,1,1,1,1,1,0,0,1
2026-03-27 21:21:44.272,28.786,1141,-5,14,0,1,1,1,1,1,0,0,1
2026-03-27 21:21:44.366,28.880,1141,-5,14,0,1,1,1,1,1,0,0,1
2026-03-27 21:21:44.542,29.056,1141,-5,14,0,1,1,1,1,1,0,0,1
2026-03-27 21:21:44.544,29.059,1141,-5,14,0,1,1,1,1,1,0,0,1
2026-03-27 21:21:44.750,29.264,1141,-5,15,0,1,1,1,1,1,0,0,1
2026-03-27 21:21:44.813,29.327,1141,-5,14,0,1,1,1,1,1,0,0,1
2026-03-27 21:21:44.830,29.344,1141,-5,14,0,1,1,1,1,1,0,0,1
2026-03-27 21:21:44.941,29.455,1141,-5,14,0,1,1,1,1,1,0,0,1
2026-03-27 21:21:45.229,29.744,1142,-5,14,0,1,1,1,1,1,0,0,1
2026-03-27 21:21:45.309,29.823,1141,-5,14,0,1,1,1,1,1,0,0,1
2026-03-27 21:21:45.422,29.936,1142,-5,14,0,1,1,1,1,1,0,0,1
2026-03-27 21:21:45.534,30.048,1141,-5,14,0,1,1,1,1,1,0,0,1
2026-03-27 21:21:45.646,30.160,1141,-5,14,0,1,1,1,1,1,0,0,1
2026-03-27 21:21:45.648,30.163,1141,-5,14,0,1,1,1,1,1,0,0,1
2026-03-27 21:21:45.741,30.256,1141,-5,14,0,1,1,1,1,1,0,0,1
2026-03-27 21:21:45.934,30.448,1141,-3,14,0,1,1,1,1,1,0,0,1
2026-03-27 21:21:46.077,30.592,1142,-5,14,0,1,1,1,1,1,0,0,1
2026-03-27 21:21:46.174,30.688,1141,-5,14,0,1,1,1,1,1,0,0,1
2026-03-27 21:21:46.253,30.767,1142,-5,14,0,1,1,1,1,1,0,0,1
2026-03-27 21:21:46.271,30.785,1141,-5,14,0,1,1,1,1,1,0,0,1
2026-03-27 21:21:46.398,30.912,1141,-5,14,0,1,1,1,1,1,0,0,1
2026-03-27 21:21:46.477,30.991,1142,-5,14,0,1,1,1,1,1,0,0,1
2026-03-27 21:21:46.606,31.120,1141,-3,14,0,1,1,1,1,1,0,0,1
2026-03-27 21:21:46.622,31.136,1141,-5,14,0,1,1,1,1,1,0,0,1
2026-03-27 21:21:46.625,31.139,1141,-3,14,0,1,1,1,1,1,0,0,1
2026-03-27 21:21:46.637,31.151,1142,-3,14,0,1,1,1,1,1,0,0,1
2026-03-27 21:21:46.702,31.216,1141,-3,14,0,1,1,1,1,1,0,0,1
2026-03-27 21:21:46.877,31.391,1142,-5,14,0,1,1,1,1,1,0,0,1
2026-03-27 21:21:46.989,31.503,1141,-5,14,0,1,1,1,1,1,0,0,1
2026-03-27 21:21:47.005,31.519,1142,-5,14,0,1,1,1,1,1,0,0,1
2026-03-27 21:21:47.037,31.551,1141,-5,14,0,1,1,1,1,1,0,0,1
2026-03-27 21:21:47.054,31.568,1141,-5,14,0,1,1,1,1,1,0,0,1
2026-03-27 21:21:47.182,31.696,1141,-5,14,0,1,1,1,1,1,0,0,1
2026-03-27 21:21:47.293,31.808,1141,-5,14,0,1,1,1,1,1,0,0,1
2026-03-27 21:21:47.389,31.903,1140,-5,14,0,1,1,1,1,1,0,0,1
2026-03-27 21:21:47.533,32.048,1141,-5,14,0,1,1,1,1,1,0,0,1
2026-03-27 21:21:47.645,32.160,1141,-5,14,0,1,1,1,1,1,0,0,1
2026-03-27 21:21:47.661,32.175,1141,-5,14,0,1,1,1,1,1,0,0,1
2026-03-27 21:21:47.741,32.256,1143,-5,14,0,1,1,1,1,1,0,0,1
2026-03-27 21:21:47.744,32.258,1141,-5,14,0,1,1,1,1,1,0,0,1
2026-03-27 21:21:47.837,32.351,1141,-5,14,0,1,1,1,1,1,0,0,1
2026-03-27 21:21:47.997,32.511,1141,-5,14,0,1,1,1,1,1,0,0,1
2026-03-27 21:21:48.045,32.560,1141,-5,14,0,1,1,1,1,1,0,0,1
2026-03-27 21:21:48.061,32.575,1141,-5,14,0,1,1,1,1,1,0,0,1
2026-03-27 21:21:48.173,32.687,1141,-2,14,0,1,1,1,1,1,0,0,1
2026-03-27 21:21:48.269,32.783,1141,-5,14,0,1,1,1,1,1,0,0,1
2026-03-27 21:21:48.333,32.847,1141,-5,14,0,1,1,1,1,1,0,0,1
2026-03-27 21:21:48.335,32.849,1141,-5,14,0,1,1,1,1,1,0,0,1
2026-03-27 21:21:48.413,32.927,1140,-5,14,0,1,1,1,1,1,0,0,1
2026-03-27 21:21:48.429,32.943,1140,-5,14,0,1,1,1,1,1,0,0,1
2026-03-27 21:21:48.606,33.120,1141,-5,14,0,1,1,1,1,1,0,0,1
2026-03-27 21:21:48.686,33.200,1141,-5,14,0,1,1,1,1,1,0,0,1
2026-03-27 21:21:48.702,33.216,1142,-5,15,0,1,1,1,1,0,0,0,1
2026-03-27 21:21:48.703,33.218,1142,-5,14,0,1,1,1,1,1,0,0,1
2026-03-27 21:21:48.862,33.376,1142,-5,14,0,1,1,1,1,1,0,0,1
2026-03-27 21:21:48.878,33.392,1141,-5,14,0,1,1,1,1,1,0,0,1
2026-03-27 21:21:48.909,33.423,1141,-5,14,0,1,1,1,1,1,0,0,1
2026-03-27 21:21:49.022,33.536,1141,-5,14,0,1,1,1,1,1,0,0,1
2026-03-27 21:21:49.102,33.616,1141,-5,14,0,1,1,1,1,1,0,0,1
2026-03-27 21:21:49.197,33.711,1140,-5,14,0,1,1,1,1,1,0,0,1
2026-03-27 21:21:49.389,33.903,1140,-5,14,0,1,1,1,1,1,0,0,1
2026-03-27 21:21:49.406,33.920,1140,-5,14,0,1,1,1,1,1,0,0,1
2026-03-27 21:21:49.408,33.922,1140,-5,14,0,1,1,1,1,1,0,0,1
2026-03-27 21:21:49.501,34.015,1140,-5,14,0,1,1,1,1,1,0,0,1
2026-03-27 21:21:49.630,34.144,1140,-5,14,0,1,1,1,1,1,0,0,1
2026-03-27 21:21:49.741,34.255,1140,-5,14,0,1,1,1,1,1,0,0,1
2026-03-27 21:21:49.759,34.273,1140,-5,14,0,1,1,1,1,1,0,0,1
2026-03-27 21:21:49.869,34.383,1141,-5,14,0,1,1,1,1,1,0,0,1
2026-03-27 21:21:49.965,34.479,1141,-5,14,0,1,1,1,1,1,0,0,1
2026-03-27 21:21:49.966,34.480,1141,-5,14,0,1,1,1,1,1,0,0,1
2026-03-27 21:21:50.109,34.624,1140,-5,14,0,1,1,1,1,1,0,0,1
2026-03-27 21:21:50.173,34.687,1141,-5,14,0,1,1,1,1,1,0,0,1
2026-03-27 21:21:50.365,34.879,1141,-5,14,0,1,1,1,1,1,0,0,1
2026-03-27 21:21:50.445,34.959,1141,-5,14,0,1,1,1,1,1,0,0,1
2026-03-27 21:21:50.446,34.960,1141,-5,14,0,1,1,1,1,1,0,0,1
2026-03-27 21:21:50.493,35.007,1141,-5,14,0,1,1,1,1,1,0,0,1
2026-03-27 21:21:50.605,35.119,1141,-5,14,0,1,1,1,1,1,0,0,1
2026-03-27 21:21:50.765,35.279,1141,-5,14,0,1,1,1,1,1,0,0,1
2026-03-27 21:21:50.941,35.455,1142,-5,14,0,1,1,1,1,1,0,0,1
2026-03-27 21:21:50.942,35.456,1142,-5,14,0,1,1,1,1,1,0,0,1
2026-03-27 21:21:50.989,35.503,1141,-5,14,0,1,1,1,1,1,0,0,1
2026-03-27 21:21:51.101,35.616,1141,-5,14,0,1,1,1,0,1,0,0,1
2026-03-27 21:21:51.261,35.775,1141,-5,14,0,1,1,1,0,1,0,0,1
2026-03-27 21:21:51.263,35.777,1141,-5,14,0,1,1,1,0,1,0,0,1
2026-03-27 21:21:51.265,35.779,-5,0,14,0,1,1,1,0,1,0,0,1
2026-03-27 21:21:51.341,35.855,1141,-5,14,0,1,1,1,0,1,0,0,1
2026-03-27 21:21:51.389,35.903,1140,-5,14,0,1,1,1,0,1,0,0,1
2026-03-27 21:21:51.407,35.921,1141,-5,14,0,1,1,1,0,1,0,0,1
2026-03-27 21:21:51.533,36.047,1141,-5,14,0,1,1,1,0,1,0,0,1
2026-03-27 21:21:51.661,36.176,1141,-5,14,0,1,1,1,0,1,0,0,1
2026-03-27 21:21:51.663,36.177,1141,-5,14,0,1,1,1,0,1,0,0,1
2026-03-27 21:21:51.805,36.319,1142,-4,15,0,1,1,1,0,1,0,0,1
2026-03-27 21:21:51.933,36.447,1141,-5,14,0,1,1,1,0,1,0,0,1
2026-03-27 21:21:52.029,36.543,1142,-5,14,0,1,1,1,0,1,0,0,1
2026-03-27 21:21:52.092,36.606,1142,-5,14,0,1,1,1,0,1,0,0,1
2026-03-27 21:21:52.093,36.608,1143,-5,14,0,1,1,1,0,1,0,0,1
2026-03-27 21:21:52.205,36.719,1141,-5,14,0,1,1,1,0,1,0,0,1
2026-03-27 21:21:52.316,36.831,1141,-5,14,0,1,1,1,0,1,0,0,1
2026-03-27 21:21:52.319,36.833,1141,-5,14,0,1,1,1,0,1,0,0,1
2026-03-27 21:21:52.429,36.944,1141,-5,14,0,1,1,1,0,1,0,0,1
2026-03-27 21:21:52.605,37.119,1142,-5,14,0,1,1,1,0,1,0,0,1
2026-03-27 21:21:52.717,37.231,1141,-5,14,0,1,1,1,0,1,0,0,1
2026-03-27 21:21:52.829,37.343,1141,-5,14,0,1,1,1,0,0,0,0,1
2026-03-27 21:21:52.956,37.471,1141,-5,14,0,1,1,1,0,0,0,0,1
2026-03-27 21:21:52.958,37.472,1141,-5,14,0,1,1,1,0,0,0,0,1
2026-03-27 21:21:52.989,37.503,1141,-5,14,0,1,1,1,0,0,0,0,1
2026-03-27 21:21:53.117,37.631,1141,-5,14,0,1,1,1,0,0,0,0,1
2026-03-27 21:21:53.197,37.711,1142,-5,14,0,1,1,1,0,0,0,0,1
2026-03-27 21:21:53.292,37.806,1142,-5,14,0,1,1,1,0,0,0,0,1
2026-03-27 21:21:53.294,37.808,1142,-5,14,0,1,1,1,0,0,0,0,1
2026-03-27 21:21:53.373,37.887,1141,-5,14,0,1,1,1,0,0,0,0,1
2026-03-27 21:21:53.374,37.888,1141,-5,15,0,1,1,1,0,0,0,0,1
2026-03-27 21:21:53.389,37.904,1141,0,0,0,0,0,0,0,0,0,0,0
2026-03-27 21:21:53.533,38.047,1141,-5,14,0,1,1,1,0,0,0,0,1
2026-03-27 21:21:53.534,38.049,1141,-5,14,0,1,1,1,0,0,0,0,1
2026-03-27 21:21:53.614,38.128,1141,-5,14,0,1,1,1,0,0,0,0,1
2026-03-27 21:21:53.709,38.223,1141,-2,14,0,1,1,1,0,0,0,0,1
2026-03-27 21:21:53.853,38.368,1142,-5,14,0,1,1,1,0,0,0,0,1
2026-03-27 21:21:53.948,38.463,1141,-3,14,0,1,1,1,0,0,0,0,1
2026-03-27 21:21:54.045,38.559,1142,-5,14,0,1,1,1,0,0,0,0,1
2026-03-27 21:21:54.173,38.687,1141,-5,14,0,1,1,1,0,0,0,0,1
2026-03-27 21:21:54.205,38.719,1140,-5,14,0,1,1,1,0,0,0,0,1
2026-03-27 21:21:54.380,38.895,1141,-5,14,0,1,1,1,0,0,0,0,1
2026-03-27 21:21:54.477,38.991,1141,-5,14,0,1,1,1,0,0,0,0,1
2026-03-27 21:21:54.637,39.151,1142,-5,14,0,1,1,1,0,0,0,0,0
2026-03-27 21:21:54.765,39.279,1141,-5,14,0,1,1,1,0,0,0,0,0
2026-03-27 21:21:54.813,39.327,1141,-5,15,0,1,1,1,0,0,0,0,0
2026-03-27 21:21:54.828,39.342,1140,-5,15,0,1,1,1,0,0,0,0,0
2026-03-27 21:21:54.861,39.375,1140,-5,14,0,1,1,1,0,0,0,0,0
2026-03-27 21:21:54.862,39.376,1140,-5,14,0,1,1,1,0,0,0,0,0
2026-03-27 21:21:55.004,39.518,1140,-2,14,0,1,1,1,0,0,0,0,0
2026-03-27 21:21:55.006,39.520,1141,-5,14,0,1,1,1,0,0,0,0,0
2026-03-27 21:21:55.165,39.679,1141,-5,14,0,1,1,1,0,0,0,0,0
2026-03-27 21:21:55.245,39.759,1141,-5,14,0,1,1,1,0,0,0,0,0
2026-03-27 21:21:55.309,39.823,1140,-5,14,0,1,1,1,0,0,0,0,0
2026-03-27 21:21:55.311,39.825,1140,-5,14,0,1,1,1,0,0,0,0,0
2026-03-27 21:21:55.437,39.952,1140,-5,14,0,1,1,1,0,0,0,0,0
2026-03-27 21:21:55.485,40.000,1140,-5,14,0,1,1,1,0,0,0,0,0
2026-03-27 21:21:55.628,40.143,1140,-5,14,0,1,1,1,0,0,0,0,0
2026-03-27 21:21:55.630,40.144,1141,-5,14,0,1,1,1,0,0,0,0,0
2026-03-27 21:21:55.645,40.159,1140,-5,14,0,1,1,1,0,0,0,0,0
2026-03-27 21:21:55.677,40.191,1140,-5,14,0,1,1,1,0,0,0,0,0
2026-03-27 21:21:55.789,40.303,1140,-5,14,0,1,1,1,0,0,0,0,0
2026-03-27 21:21:55.791,40.306,1140,-5,14,0,1,1,1,0,0,0,0,0
2026-03-27 21:21:55.950,40.464,1140,-5,14,0,1,1,1,0,0,0,0,0
2026-03-27 21:21:56.077,40.591,1141,-5,14,0,1,1,1,0,0,0,0,0
2026-03-27 21:21:56.078,40.592,1141,-5,15,0,1,1,1,0,0,0,0,0
2026-03-27 21:21:56.141,40.655,1142,-5,12,0,1,1,1,0,0,0,0,0
2026-03-27 21:21:56.253,40.767,1141,-5,14,0,1,1,1,0,0,0,0,0
2026-03-27 21:21:56.365,40.879,1141,-4,15,0,1,1,1,0,0,0,1,0
2026-03-27 21:21:56.367,40.881,1141,-4,15,0,1,1,1,0,0,0,1,0
2026-03-27 21:21:56.461,40.975,1141,-4,15,0,1,1,1,0,0,0,1,0
2026-03-27 21:21:56.589,41.103,1142,-4,15,0,1,1,1,0,0,0,1,0
2026-03-27 21:21:56.606,41.120,1141,-4,15,0,1,1,1,0,0,0,1,0
2026-03-27 21:21:56.685,41.199,1141,-4,15,0,1,1,1,0,0,0,1,0
2026-03-27 21:21:56.796,41.310,1141,-4,15,0,1,1,1,0,0,0,1,0
2026-03-27 21:21:56.797,41.312,1141,-4,15,0,1,1,1,0,0,0,1,0
2026-03-27 21:21:56.845,41.359,1141,-4,15,0,1,1,1,0,0,0,1,0
2026-03-27 21:21:56.862,41.376,1142,-4,15,0,1,1,1,0,0,0,1,0
2026-03-27 21:21:57.022,41.536,1142,-4,15,0,1,1,1,0,0,0,1,0
2026-03-27 21:21:57.149,41.663,1142,-4,15,0,1,1,1,0,0,0,1,0
2026-03-27 21:21:57.196,41.710,1142,-4,15,0,1,1,1,0,0,0,1,0
2026-03-27 21:21:57.277,41.791,1141,-4,15,0,1,1,1,0,0,0,1,0
2026-03-27 21:21:57.453,41.967,1141,-4,15,0,1,1,1,0,0,0,1,0
2026-03-27 21:21:57.485,41.999,1141,-2,15,0,1,1,1,0,0,0,1,0
2026-03-27 21:21:57.581,42.095,1141,-4,15,0,1,1,1,0,0,0,1,0
2026-03-27 21:21:57.677,42.191,1141,-4,15,0,1,1,1,0,0,0,1,0
2026-03-27 21:21:57.740,42.254,1142,-5,15,0,1,1,1,0,0,0,1,0
2026-03-27 21:21:57.948,42.462,1141,-4,15,0,1,1,1,0,0,0,1,0
2026-03-27 21:21:57.950,42.464,1141,-4,15,0,1,1,1,0,0,0,1,0
2026-03-27 21:21:58.093,42.607,1141,-4,15,0,1,1,1,0,0,0,1,0
2026-03-27 21:21:58.220,42.735,1142,-3,15,0,1,1,1,0,0,0,1,0
2026-03-27 21:21:58.268,42.783,1141,-4,15,0,1,0,1,0,0,0,1,0
2026-03-27 21:21:58.365,42.879,1141,-4,15,0,1,0,1,0,0,0,1,0
2026-03-27 21:21:58.477,42.991,1142,-4,15,0,1,0,1,0,0,0,1,0
2026-03-27 21:21:58.557,43.071,1142,-4,14,0,1,0,1,0,0,0,1,0
2026-03-27 21:21:58.684,43.198,1141,-5,15,0,1,0,1,0,0,0,1,0
2026-03-27 21:21:58.685,43.199,1141,-4,14,0,1,0,1,0,0,0,1,0
2026-03-27 21:21:58.702,43.216,1141,-4,14,0,1,0,1,0,0,0,1,0
2026-03-27 21:21:58.797,43.311,1142,-4,15,0,1,0,1,0,0,0,1,0
2026-03-27 21:21:58.799,43.313,1142,-4,15,0,1,0,1,0,0,0,1,0
2026-03-27 21:21:58.893,43.407,1142,-4,15,0,1,0,1,0,0,0,1,0
2026-03-27 21:21:58.909,43.423,1141,-5,15,0,1,0,1,0,0,0,1,0
2026-03-27 21:21:58.957,43.471,1141,-5,15,0,1,0,1,0,0,0,1,0
2026-03-27 21:21:59.085,43.599,1142,-4,15,0,1,0,1,0,0,0,1,0
2026-03-27 21:21:59.100,43.614,1141,-5,15,0,1,0,1,0,0,0,1,0
2026-03-27 21:21:59.229,43.743,1141,-4,14,0,1,0,1,0,0,0,1,0
2026-03-27 21:21:59.340,43.854,1142,-5,15,0,1,0,1,0,0,0,1,0
2026-03-27 21:21:59.373,43.887,1141,-4,15,0,1,0,1,0,0,0,1,0
2026-03-27 21:21:59.516,44.030,1141,-2,15,0,1,0,1,0,0,0,1,0
2026-03-27 21:21:59.517,44.032,1142,-2,14,0,1,0,1,0,0,0,1,0
2026-03-27 21:21:59.581,44.095,1141,-5,15,0,1,0,1,0,0,0,1,0
2026-03-27 21:21:59.583,44.097,1142,-2,15,0,1,0,1,0,0,0,1,0
2026-03-27 21:21:59.677,44.191,1143,-1,15,0,1,0,1,0,0,0,1,0
2026-03-27 21:21:59.805,44.319,1142,-4,15,0,1,0,1,0,0,0,1,0
2026-03-27 21:21:59.806,44.320,1142,-2,15,0,1,0,1,0,0,0,1,0
2026-03-27 21:21:59.869,44.383,1141,-5,15,0,1,0,1,0,0,0,1,0
2026-03-27 21:21:59.870,44.384,1141,-4,14,0,1,0,1,0,0,0,1,0
2026-03-27 21:22:00.140,44.655,1142,-2,15,0,1,0,1,0,0,0,1,0
2026-03-27 21:22:00.173,44.687,1142,-5,15,0,1,0,1,0,0,0,1,0
2026-03-27 21:22:00.253,44.767,1142,-4,14,0,1,0,0,0,0,0,1,0
2026-03-27 21:22:00.364,44.879,1142,-4,15,0,1,0,0,0,0,0,1,0
2026-03-27 21:22:00.382,44.896,1141,-4,15,0,1,0,0,0,0,0,1,0
2026-03-27 21:22:00.444,44.959,1142,-4,15,0,1,0,0,0,0,0,1,0
2026-03-27 21:22:00.605,45.119,1142,-4,14,0,1,0,0,0,0,0,1,0
2026-03-27 21:22:00.668,45.183,1142,-4,12,0,1,0,0,0,0,0,1,0
2026-03-27 21:22:00.684,45.198,1143,-4,14,0,1,0,0,0,0,0,1,0
2026-03-27 21:22:00.717,45.231,1143,-5,14,0,1,0,0,0,0,0,1,0
2026-03-27 21:22:00.876,45.390,1142,-4,14,0,1,0,0,0,0,0,1,0
2026-03-27 21:22:00.877,45.391,1142,-4,15,0,1,0,0,0,0,0,1,0
2026-03-27 21:22:00.988,45.503,1142,-2,14,0,1,0,0,0,0,0,1,0
2026-03-27 21:22:00.990,45.504,1142,-2,14,0,1,0,0,0,0,0,1,0
2026-03-27 21:22:00.991,45.506,1141,-4,14,0,1,0,0,0,0,0,1,0
2026-03-27 21:22:01.021,45.535,1142,-4,14,0,1,0,0,0,0,0,1,0
2026-03-27 21:22:01.023,45.537,1142,-4,14,0,1,0,0,0,0,0,1,0
2026-03-27 21:22:01.101,45.615,1142,-5,15,0,1,0,0,0,0,0,1,0
2026-03-27 21:22:01.103,45.617,1142,-5,14,0,1,0,0,0,0,0,1,0
2026-03-27 21:22:01.196,45.711,1142,-4,14,0,1,0,0,0,0,0,1,0
2026-03-27 21:22:01.340,45.854,1142,-5,14,0,1,0,0,0,0,0,1,0
2026-03-27 21:22:01.421,45.935,1142,-5,15,0,1,0,0,0,0,0,1,0
2026-03-27 21:22:01.581,46.095,1141,-4,14,0,1,0,0,0,0,0,1,0
2026-03-27 21:22:01.708,46.223,1142,-5,15,0,1,0,0,0,0,0,1,0
2026-03-27 21:22:01.710,46.224,1142,-4,14,0,1,0,0,0,0,0,1,0
2026-03-27 21:22:01.757,46.271,1142,-4,15,0,1,0,0,0,0,0,1,0
2026-03-27 21:22:01.759,46.273,1141,-5,14,0,1,0,0,0,0,0,1,0
2026-03-27 21:22:02.108,46.623,1142,-5,15,0,1,0,0,0,0,0,1,0
2026-03-27 21:22:02.110,46.624,1142,-4,14,0,1,0,0,0,0,0,1,0
2026-03-27 21:22:02.253,46.767,1142,-2,15,0,1,0,0,0,0,0,1,0
2026-03-27 21:22:02.348,46.862,1141,-2,15,0,1,0,0,0,0,0,1,0
2026-03-27 21:22:02.350,46.864,1142,-2,15,0,1,0,0,0,0,0,1,0
2026-03-27 21:22:02.396,46.910,1141,-4,14,0,1,0,0,0,0,0,1,0
2026-03-27 21:22:02.398,46.912,1142,-4,15,0,1,0,0,0,0,0,1,0
2026-03-27 21:22:02.524,47.038,1142,-5,15,0,1,0,0,0,0,0,1,0
2026-03-27 21:22:02.526,47.040,1142,-5,15,0,1,0,0,0,0,0,1,0
2026-03-27 21:22:02.700,47.214,1142,-5,15,0,1,0,0,0,0,0,1,0
2026-03-27 21:22:02.717,47.231,1141,-4,15,0,1,0,0,0,0,0,1,0
2026-03-27 21:22:02.781,47.295,1141,-2,14,0,1,0,0,0,0,0,1,0
2026-03-27 21:22:02.860,47.374,1142,-5,15,0,0,0,0,0,0,0,1,0
2026-03-27 21:22:02.862,47.376,1142,-4,15,0,0,0,0,0,0,0,1,0
2026-03-27 21:22:02.940,47.454,1142,-5,15,0,0,0,0,0,0,0,1,0
2026-03-27 21:22:02.957,47.471,1142,-5,15,0,0,0,0,0,0,0,1,0
2026-03-27 21:22:03.069,47.583,1142,-4,15,0,0,0,0,0,0,0,1,0
2026-03-27 21:22:03.197,47.711,1142,-5,15,0,0,0,0,0,0,0,1,0
2026-03-27 21:22:03.308,47.822,1142,-4,14,0,0,0,0,0,0,0,1,0
2026-03-27 21:22:03.309,47.823,1142,-5,15,0,0,0,0,0,0,0,1,0
2026-03-27 21:22:03.372,47.886,1143,-4,15,0,0,0,0,0,0,0,1,0
2026-03-27 21:22:03.375,47.889,1143,-4,15,0,0,0,0,0,0,0,1,0
2026-03-27 21:22:03.420,47.934,1142,-5,15,0,0,0,0,0,0,0,1,0
2026-03-27 21:22:03.421,47.936,1142,-4,15,0,0,0,0,0,0,0,1,0
2026-03-27 21:22:03.422,47.936,1142,-4,0,0,0,0,0,0,0,0,0,0
2026-03-27 21:22:03.437,47.951,1141,-5,15,0,0,0,0,0,0,0,1,0
2026-03-27 21:22:03.564,48.079,1142,-5,15,0,0,0,0,0,0,0,1,0
2026-03-27 21:22:03.567,48.081,1141,-5,15,0,0,0,0,0,0,0,1,0
2026-03-27 21:22:03.708,48.222,1142,-4,15,0,0,0,0,0,0,0,1,0
2026-03-27 21:22:03.757,48.271,1142,-4,14,0,0,0,0,0,0,0,1,0
2026-03-27 21:22:03.900,48.414,1142,-4,14,0,0,0,0,0,0,0,1,0
2026-03-27 21:22:04.060,48.574,1141,-5,15,0,0,0,0,0,0,0,1,0
2026-03-27 21:22:04.173,48.687,1142,-4,14,0,0,0,0,0,0,0,1,0
2026-03-27 21:22:04.204,48.718,1142,-4,14,0,0,0,0,0,0,0,1,0
2026-03-27 21:22:04.205,48.719,1142,-4,14,0,0,0,0,0,0,0,1,0
2026-03-27 21:22:04.220,48.734,1142,-5,14,0,0,0,0,0,0,0,1,0
2026-03-27 21:22:04.348,48.862,1143,-4,15,0,0,0,0,0,0,0,1,0
2026-03-27 21:22:04.445,48.959,1143,-5,15,0,0,0,0,0,0,0,1,0
2026-03-27 21:22:04.525,49.039,1142,-5,14,0,0,0,0,0,0,0,1,0
2026-03-27 21:22:04.621,49.135,1142,-5,15,0,0,0,0,0,0,0,1,0
2026-03-27 21:22:04.638,49.152,1142,-5,14,0,0,0,0,0,0,0,1,0
2026-03-27 21:22:04.813,49.327,1142,-2,15,0,0,0,0,0,0,0,1,0
2026-03-27 21:22:04.844,49.358,1141,-4,15,0,0,0,0,0,0,0,1,0
2026-03-27 21:22:05.021,49.535,1142,-5,15,0,0,0,0,0,0,0,1,0
2026-03-27 21:22:05.101,49.615,1143,-2,15,0,0,0,0,0,0,0,1,0
2026-03-27 21:22:05.116,49.630,1141,-4,15,0,0,0,0,0,0,0,1,0
2026-03-27 21:22:05.213,49.727,1141,-4,15,0,0,0,0,0,0,0,1,0
2026-03-27 21:22:05.372,49.886,1141,-4,15,0,0,0,0,0,0,0,1,0
2026-03-27 21:22:05.404,49.919,1142,-5,15,0,0,0,0,0,0,0,1,0
2026-03-27 21:22:05.420,49.934,1142,-5,15,0,0,0,0,0,0,0,1,0
2026-03-27 21:22:05.581,50.095,1142,-4,15,0,0,0,0,0,0,0,1,0
2026-03-27 21:22:05.598,50.112,1142,-4,15,0,0,0,0,0,0,0,1,0
2026-03-27 21:22:05.741,50.255,1142,-4,15,0,0,0,0,0,0,0,1,0
2026-03-27 21:22:05.772,50.286,1142,-4,15,0,0,0,0,0,0,0,1,0
2026-03-27 21:22:05.773,50.287,1142,-5,15,0,0,0,0,0,0,0,1,0
2026-03-27 21:22:05.900,50.414,1143,-4,14,0,0,0,0,0,0,0,1,0
2026-03-27 21:22:05.997,50.511,1142,-4,15,0,0,0,0,0,0,0,1,0
2026-03-27 21:22:06.125,50.639,1142,-2,15,0,0,0,0,0,0,0,1,0
2026-03-27 21:22:06.221,50.735,1142,-4,15,0,0,0,0,0,0,0,1,0
2026-03-27 21:22:06.236,50.750,1141,-5,15,0,0,0,0,0,0,0,1,0
2026-03-27 21:22:06.381,50.895,1142,-4,15,0,0,0,0,0,0,0,1,0
2026-03-27 21:22:06.412,50.926,1143,-4,15,0,0,0,0,0,0,0,1,0
2026-03-27 21:22:06.415,50.929,1141,-5,15,0,0,0,0,0,0,0,1,0
2026-03-27 21:22:06.524,51.038,1142,-4,15,0,0,0,0,0,0,0,1,0
2026-03-27 21:22:06.526,51.040,1141,-5,15,0,0,0,0,0,0,0,1,0
2026-03-27 21:22:06.589,51.103,1142,-4,15,0,0,0,0,0,0,0,1,0
2026-03-27 21:22:06.590,51.104,1142,-4,15,0,0,0,0,0,0,0,1,0
2026-03-27 21:22:06.845,51.359,1142,-4,15,0,0,0,0,0,0,0,1,0
2026-03-27 21:22:07.132,51.646,1142,-5,15,0,0,0,0,0,0,0,1,0
2026-03-27 21:22:07.244,51.758,1142,-5,14,0,0,0,0,0,0,0,1,0
2026-03-27 21:22:07.260,51.774,1142,-5,14,0,0,0,0,0,0,0,1,0
2026-03-27 21:22:07.261,51.775,1142,0,0,0,0,0,0,0,0,0,0,0
2026-03-27 21:22:07.262,51.776,1142,-4,14,0,0,0,0,0,0,0,1,0
2026-03-27 21:22:07.373,51.887,1142,-5,14,0,0,0,0,0,0,0,1,0
2026-03-27 21:22:07.580,52.094,1142,-5,14,0,0,0,0,0,0,0,1,0
2026-03-27 21:22:07.661,52.175,1141,-5,14,0,0,0,0,0,0,0,1,0
2026-03-27 21:22:07.663,52.177,1141,-4,15,0,0,0,0,0,0,0,1,0
2026-03-27 21:22:07.741,52.255,1141,-4,15,0,0,0,0,0,0,0,1,0
2026-03-27 21:22:07.916,52.430,1141,-4,14,0,0,0,0,0,0,0,1,0
2026-03-27 21:22:07.917,52.431,1141,-5,15,0,0,0,0,0,0,0,1,0
2026-03-27 21:22:07.932,52.446,1142,-5,14,0,0,0,0,0,0,0,1,0
2026-03-27 21:22:07.948,52.462,1143,-4,14,0,0,0,0,0,0,0,1,0
2026-03-27 21:22:08.076,52.590,1142,-5,14,0,0,0,0,0,0,0,1,0
2026-03-27 21:22:08.188,52.703,1142,-5,15,0,0,0,0,0,0,0,1,0
2026-03-27 21:22:08.316,52.830,1142,-4,15,0,0,0,0,0,0,0,1,0
2026-03-27 21:22:08.396,52.910,1143,-4,15,0,0,0,0,0,0,0,1,0
2026-03-27 21:22:08.509,53.023,1142,-5,15,0,0,0,0,0,0,0,1,0
2026-03-27 21:22:08.572,53.086,1141,-4,15,0,0,0,0,0,0,0,1,0
2026-03-27 21:22:08.589,53.104,1141,-5,15,0,0,0,0,0,0,0,1,0
2026-03-27 21:22:08.652,53.166,1141,-5,15,0,0,0,0,0,0,0,1,0
2026-03-27 21:22:08.781,53.295,1142,-4,14,0,0,0,0,0,0,0,1,0
2026-03-27 21:22:08.972,53.486,1142,-4,14,0,0,0,0,0,0,0,1,0
2026-03-27 21:22:09.100,53.614,1142,-5,15,0,0,0,0,0,0,0,1,0
2026-03-27 21:22:09.261,53.775,1141,-5,15,0,1,0,0,0,0,0,1,0
2026-03-27 21:22:09.372,53.886,1142,-4,14,0,1,0,0,0,0,0,1,0
2026-03-27 21:22:09.564,54.078,1142,-4,14,0,1,0,0,0,0,0,1,0
2026-03-27 21:22:09.596,54.110,1142,-4,14,0,1,0,0,0,0,0,1,0
2026-03-27 21:22:09.756,54.271,1142,-4,15,0,1,0,0,0,0,0,1,0
2026-03-27 21:22:09.758,54.272,1142,-5,14,0,1,0,0,0,0,0,1,0
2026-03-27 21:22:09.837,54.351,1141,-3,15,0,1,0,0,0,0,0,1,0
2026-03-27 21:22:09.980,54.494,1141,-2,14,0,1,0,0,0,0,0,1,0
2026-03-27 21:22:09.982,54.496,1141,-2,15,0,1,0,0,0,0,0,1,0
2026-03-27 21:22:09.983,54.498,1141,-4,15,0,1,0,0,0,0,0,1,0
2026-03-27 21:22:10.092,54.606,1141,-4,14,0,1,0,0,0,0,0,1,0
2026-03-27 21:22:10.252,54.766,1141,-4,12,0,1,0,0,0,0,0,1,0
2026-03-27 21:22:10.300,54.814,1142,-5,15,0,1,0,0,0,0,0,1,0
2026-03-27 21:22:10.413,54.927,1141,-4,14,0,1,0,0,0,0,0,1,0
2026-03-27 21:22:10.509,55.023,1141,-5,15,0,1,0,0,0,0,0,1,0
2026-03-27 21:22:10.526,55.040,1141,-5,15,0,1,0,0,0,0,0,1,0
2026-03-27 21:22:10.668,55.183,1142,-5,15,0,1,0,0,0,0,0,1,0
2026-03-27 21:22:10.781,55.295,1142,-4,15,0,1,0,0,0,0,0,1,0
2026-03-27 21:22:10.843,55.357,1142,-4,15,0,1,0,0,0,0,0,1,0
2026-03-27 21:22:10.861,55.375,1141,-5,14,0,1,0,0,0,0,0,1,0
2026-03-27 21:22:10.924,55.438,1141,-4,14,0,1,0,0,0,0,0,1,0
2026-03-27 21:22:11.052,55.566,1143,-5,15,0,1,0,0,0,0,0,1,0
2026-03-27 21:22:11.069,55.583,1142,-4,15,0,1,0,0,0,0,0,1,0
2026-03-27 21:22:11.148,55.662,1142,-5,15,0,1,0,0,0,0,0,1,0
2026-03-27 21:22:11.243,55.758,1141,-5,12,0,1,0,0,0,0,0,1,0
2026-03-27 21:22:11.356,55.870,1141,-5,14,0,1,0,0,0,0,0,1,0
2026-03-27 21:22:11.517,56.031,1141,-5,14,0,1,0,0,0,0,0,1,0
2026-03-27 21:22:11.564,56.078,1142,-5,15,0,1,0,0,0,0,0,1,0
2026-03-27 21:22:11.643,56.158,1142,-4,14,0,1,0,0,0,0,0,1,0
2026-03-27 21:22:11.724,56.238,1143,-4,14,0,1,0,0,0,0,0,1,0
2026-03-27 21:22:11.726,56.240,1143,-5,15,0,1,0,0,0,0,0,1,0
2026-03-27 21:22:11.868,56.382,1142,-5,15,0,1,0,0,0,0,0,1,0
2026-03-27 21:22:11.996,56.510,1141,-4,14,0,1,0,0,0,0,0,1,0
2026-03-27 21:22:12.076,56.590,1142,-4,14,0,1,0,0,0,0,0,1,0
2026-03-27 21:22:12.172,56.686,1141,-5,14,0,1,0,0,0,0,0,1,0
2026-03-27 21:22:12.284,56.798,1142,-4,14,0,1,0,0,0,0,0,1,0
2026-03-27 21:22:12.380,56.894,1142,-5,15,0,1,0,0,0,0,0,1,0
2026-03-27 21:22:12.492,57.006,1142,-4,14,0,1,0,0,0,0,0,1,0
2026-03-27 21:22:12.636,57.150,1143,-5,15,0,1,0,0,0,0,0,1,0
2026-03-27 21:22:12.652,57.166,1143,-5,14,0,1,0,0,0,0,0,1,0
2026-03-27 21:22:12.699,57.214,1142,-5,15,0,1,0,0,0,0,0,1,0
2026-03-27 21:22:12.828,57.342,1142,-5,14,0,1,0,0,0,0,0,1,0
2026-03-27 21:22:12.940,57.454,1142,-4,15,0,1,0,0,0,0,0,1,0
2026-03-27 21:22:13.019,57.533,1141,-4,14,0,1,0,0,0,0,0,1,0
2026-03-27 21:22:13.035,57.549,1141,-5,15,0,1,0,0,0,0,0,1,0
2026-03-27 21:22:13.148,57.662,1141,-4,14,0,1,0,0,0,0,0,1,0
2026-03-27 21:22:13.244,57.758,1142,-5,14,0,1,0,0,0,0,0,1,0
2026-03-27 21:22:13.372,57.886,1143,-4,15,0,1,0,0,0,0,0,1,0
2026-03-27 21:22:13.435,57.949,1143,-2,15,0,1,0,0,0,0,0,1,0
2026-03-27 21:22:13.452,57.966,1143,-5,15,0,1,0,0,0,0,0,1,0
2026-03-27 21:22:13.532,58.046,1142,-5,14,0,1,0,0,0,0,0,1,0
2026-03-27 21:22:13.533,58.047,1142,-5,15,0,1,0,0,0,0,0,1,0
2026-03-27 21:22:13.534,58.048,1,0,0,0,0,0,0,0,0,0,0,0
2026-03-27 21:22:13.535,58.049,1142,-5,15,0,1,0,0,0,0,0,1,0
2026-03-27 21:22:13.660,58.174,1142,-5,15,0,1,0,0,0,0,0,1,0
2026-03-27 21:22:13.676,58.190,1142,-4,15,0,1,0,0,0,0,0,1,0
2026-03-27 21:22:13.740,58.254,1141,-4,14,0,1,0,0,0,0,0,1,0
2026-03-27 21:22:13.756,58.270,1142,-4,14,0,1,0,0,0,0,0,1,0
2026-03-27 21:22:13.900,58.414,1141,-5,15,0,1,0,0,0,0,0,1,0
2026-03-27 21:22:13.980,58.494,1142,-2,14,0,1,0,0,0,0,0,1,0
2026-03-27 21:22:14.076,58.590,1141,-5,14,0,1,0,0,0,0,0,1,0
2026-03-27 21:22:14.236,58.750,1141,-4,14,0,1,0,0,0,0,0,1,0
2026-03-27 21:22:14.316,58.830,1142,-4,14,0,1,0,0,0,0,0,1,0
2026-03-27 21:22:14.444,58.958,1141,-5,15,0,1,0,0,0,0,0,1,0
2026-03-27 21:22:14.540,59.054,1141,-5,15,0,1,0,0,0,0,0,1,0
2026-03-27 21:22:14.668,59.182,1141,-4,15,0,1,0,0,0,0,0,1,0
2026-03-27 21:22:14.780,59.294,1142,-5,15,0,1,0,0,0,0,0,1,0
2026-03-27 21:22:14.781,59.295,1142,-5,15,0,1,0,0,0,0,0,1,0
2026-03-27 21:22:14.956,59.470,1141,-4,14,0,1,0,0,0,0,0,1,0
2026-03-27 21:22:14.988,59.502,1142,-5,15,0,1,0,0,0,0,0,1,0
2026-03-27 21:22:15.100,59.614,1143,-5,15,0,1,0,0,0,0,0,1,0
2026-03-27 21:22:15.228,59.742,1142,-5,15,0,1,0,0,0,0,0,1,0
2026-03-27 21:22:15.259,59.773,1141,-4,15,0,1,0,0,0,0,0,1,0
2026-03-27 21:22:15.261,59.775,1142,-4,15,0,1,0,0,0,0,0,1,0
2026-03-27 21:22:15.262,59.776,1142,-4,14,0,1,0,0,0,0,0,1,0
2026-03-27 21:22:15.340,59.854,1142,-5,15,0,1,0,0,0,0,0,1,0
2026-03-27 21:22:15.451,59.965,1142,-5,14,0,1,0,0,0,0,0,1,0
2026-03-27 21:22:15.468,59.982,1142,-5,15,0,1,0,0,0,0,0,1,0
2026-03-27 21:22:15.532,60.046,1142,-4,15,0,1,0,0,0,0,0,1,0
2026-03-27 21:22:15.612,60.126,1141,-5,15,0,1,0,0,0,0,0,1,0
2026-03-27 21:22:15.627,60.141,1142,-4,15,0,1,0,0,0,0,0,1,0
2026-03-27 21:22:15.629,60.143,1141,-5,14,0,1,0,0,0,0,0,1,0
2026-03-27 21:22:15.740,60.254,1141,-4,15,0,1,0,0,0,0,0,1,0
2026-03-27 21:22:15.820,60.334,1143,-4,14,0,1,0,0,0,0,0,1,0
2026-03-27 21:22:15.822,60.336,1143,-4,14,0,1,0,0,0,0,0,1,0
2026-03-27 21:22:15.916,60.430,1143,-4,14,0,1,0,0,0,0,0,1,0
2026-03-27 21:22:15.918,60.432,1143,-5,14,0,1,0,0,0,0,0,1,0
2026-03-27 21:22:15.979,60.494,1142,-4,15,0,1,0,0,0,0,0,1,0
2026-03-27 21:22:16.075,60.589,1142,-5,15,0,1,0,0,0,0,0,1,0
2026-03-27 21:22:16.077,60.591,1142,-5,15,0,1,0,0,0,0,0,1,0
2026-03-27 21:22:16.188,60.702,1142,-4,15,0,1,0,0,0,0,0,1,0
2026-03-27 21:22:16.267,60.781,1143,-4,14,0,1,0,0,0,0,0,1,0
2026-03-27 21:22:16.395,60.910,1143,-5,14,0,1,0,0,0,0,0,1,0
2026-03-27 21:22:16.508,61.022,1142,-5,15,0,1,0,0,0,0,0,1,0
2026-03-27 21:22:16.603,61.117,1142,-4,14,0,1,0,0,0,0,0,1,0
2026-03-27 21:22:16.923,61.438,1142,-4,14,0,1,0,0,0,0,0,1,0
2026-03-27 21:22:17.003,61.518,1142,-5,14,0,1,0,0,0,0,0,1,0
2026-03-27 21:22:17.068,61.582,1142,-5,15,0,1,0,0,0,0,0,1,0
2026-03-27 21:22:17.164,61.678,1143,-4,14,0,1,0,0,0,0,0,1,0
2026-03-27 21:22:17.275,61.790,1142,-2,15,0,1,0,0,0,0,0,1,0
2026-03-27 21:22:17.403,61.917,1142,-5,15,0,1,0,0,0,0,0,1,0
2026-03-27 21:22:17.515,62.030,1142,-5,15,0,1,0,0,0,0,0,1,0
2026-03-27 21:22:17.691,62.205,1142,-4,14,0,1,0,0,0,0,0,1,0
2026-03-27 21:22:17.694,62.208,1141,-5,15,0,1,0,0,0,0,0,1,0
2026-03-27 21:22:17.772,62.286,1142,-5,15,0,1,0,0,0,0,0,1,0
2026-03-27 21:22:18.124,62.638,1142,-4,14,0,1,0,0,0,0,0,1,0
2026-03-27 21:22:18.141,62.655,1141,-5,15,0,1,0,0,0,0,0,1,0
2026-03-27 21:22:18.155,62.669,1141,-4,14,0,1,0,0,0,0,0,1,0
2026-03-27 21:22:18.157,62.671,1141,-5,15,0,1,0,0,0,0,0,1,0
2026-03-27 21:22:18.300,62.814,1141,-4,14,0,1,0,0,0,0,0,1,0
2026-03-27 21:22:18.379,62.894,1142,-4,14,0,1,0,0,0,0,0,1,0
2026-03-27 21:22:18.540,63.054,1142,-4,15,0,1,0,0,0,0,0,1,0
2026-03-27 21:22:18.542,63.056,1142,-5,15,0,1,0,0,0,0,0,1,0
2026-03-27 21:22:18.603,63.117,1142,-4,15,0,1,0,0,0,0,0,1,0
2026-03-27 21:22:18.606,63.120,1142,-4,15,0,1,0,0,0,0,0,1,0
2026-03-27 21:22:18.716,63.230,1141,-4,15,0,1,0,0,0,0,0,1,0
2026-03-27 21:22:18.731,63.245,1142,-5,15,0,1,0,0,0,0,0,1,0
2026-03-27 21:22:19.084,63.598,1142,-5,14,0,1,0,0,0,0,0,1,0
2026-03-27 21:22:19.085,63.599,1142,-5,15,0,1,0,0,0,0,0,1,0
2026-03-27 21:22:19.132,63.646,1142,-4,14,0,1,0,0,0,0,0,1,0
2026-03-27 21:22:19.244,63.758,1142,-5,15,0,1,0,0,0,0,0,1,0
2026-03-27 21:22:19.371,63.885,1142,-5,15,0,1,0,0,0,0,0,1,0
2026-03-27 21:22:19.436,63.950,1142,-5,14,0,1,0,0,0,0,0,1,0
2026-03-27 21:22:19.612,64.126,1141,-4,15,0,1,0,0,0,0,0,1,0
2026-03-27 21:22:19.643,64.158,1142,-5,14,0,1,0,0,0,0,0,1,0
2026-03-27 21:22:19.900,64.414,1142,-5,15,0,1,0,0,0,0,0,1,0
2026-03-27 21:22:20.060,64.574,1142,-5,14,0,1,0,0,0,0,0,1,0
2026-03-27 21:22:20.172,64.686,1142,-5,15,0,1,0,0,0,0,0,1,0
2026-03-27 21:22:20.187,64.701,1142,-4,15,0,1,0,0,0,0,0,1,0
2026-03-27 21:22:20.205,64.719,1142,-4,14,0,1,0,0,0,0,0,1,0
2026-03-27 21:22:20.395,64.909,1142,-5,14,0,1,0,0,0,0,0,1,0
2026-03-27 21:22:20.398,64.912,1141,-5,15,0,1,0,0,0,0,0,1,0
2026-03-27 21:22:20.540,65.054,1142,-5,15,0,1,0,0,0,0,0,1,0
2026-03-27 21:22:20.587,65.101,1141,-2,14,0,1,0,0,0,0,0,1,0
2026-03-27 21:22:20.683,65.197,1142,-4,15,0,1,0,0,0,0,0,1,0
2026-03-27 21:22:20.700,65.214,1142,-4,16,0,1,0,0,0,0,0,1,0
2026-03-27 21:22:20.702,65.216,1141,-4,15,0,1,0,0,0,0,0,1,0
2026-03-27 21:22:20.779,65.294,1141,-5,14,0,1,0,0,0,0,0,1,0
2026-03-27 21:22:20.939,65.453,1142,-4,15,0,1,0,0,0,0,0,1,0
2026-03-27 21:22:21.019,65.533,1141,-5,15,0,1,0,0,0,0,0,1,0
2026-03-27 21:22:21.116,65.630,1142,-5,15,0,1,0,0,0,0,0,1,0
2026-03-27 21:22:21.117,65.631,1143,-4,15,0,1,0,0,0,0,0,1,0
2026-03-27 21:22:21.260,65.774,1142,-4,15,0,1,0,0,0,0,0,1,0
2026-03-27 21:22:21.420,65.934,1142,-4,15,0,1,0,0,0,0,0,1,0
2026-03-27 21:22:21.531,66.045,1142,-5,15,0,1,0,1,0,0,0,1,0
2026-03-27 21:22:21.532,66.046,1142,-4,15,0,1,0,1,0,0,0,1,0
2026-03-27 21:22:21.643,66.157,1142,-5,15,0,1,0,1,0,0,0,1,0
2026-03-27 21:22:21.755,66.269,1141,-5,15,0,1,0,1,0,0,0,1,0
2026-03-27 21:22:21.836,66.350,1142,-5,14,0,1,0,1,0,0,0,1,0
2026-03-27 21:22:21.963,66.478,1142,-2,14,0,1,0,1,0,0,0,1,0
2026-03-27 21:22:21.965,66.479,1142,-2,15,0,1,0,1,0,0,0,1,0
2026-03-27 21:22:21.996,66.510,1141,-5,14,0,1,0,1,0,0,0,1,0
2026-03-27 21:22:22.187,66.701,1142,-4,14,0,1,0,1,0,0,0,1,0
2026-03-27 21:22:22.189,66.704,1141,-5,14,0,1,0,1,0,0,0,1,0
2026-03-27 21:22:22.220,66.734,1141,-5,14,0,1,0,1,0,0,0,1,0
2026-03-27 21:22:22.331,66.846,1141,-5,14,0,1,0,1,0,0,0,1,0
2026-03-27 21:22:22.427,66.941,1142,-5,14,0,1,0,1,0,0,0,1,0
2026-03-27 21:22:22.523,67.038,1141,-5,15,0,1,0,1,0,0,0,1,0
2026-03-27 21:22:22.525,67.039,1142,-5,15,0,1,0,1,0,0,0,1,0
2026-03-27 21:22:22.603,67.117,1143,-4,14,0,1,0,1,0,0,0,1,0
2026-03-27 21:22:22.747,67.261,1143,-5,15,0,1,0,1,0,0,0,1,0
2026-03-27 21:22:22.859,67.373,1142,-5,14,0,1,0,1,0,0,0,1,0
2026-03-27 21:22:22.940,67.454,1142,-4,14,0,1,0,1,0,0,0,1,0
2026-03-27 21:22:23.051,67.565,1141,-4,15,0,1,0,1,0,0,0,1,0
2026-03-27 21:22:23.115,67.629,1142,-5,14,0,1,0,1,0,0,0,1,0
2026-03-27 21:22:23.132,67.646,1143,-4,15,0,1,0,1,0,0,0,1,0
2026-03-27 21:22:23.275,67.789,1142,-4,15,0,1,0,1,0,0,0,1,0
2026-03-27 21:22:23.291,67.805,1141,-2,15,0,1,0,1,0,0,0,1,0
2026-03-27 21:22:23.372,67.886,1141,-4,14,0,1,0,1,0,0,0,1,0
2026-03-27 21:22:23.595,68.109,1141,-5,15,0,1,0,1,0,0,0,1,0
2026-03-27 21:22:23.691,68.206,1142,-5,14,0,1,0,1,0,0,0,1,0
2026-03-27 21:22:23.787,68.301,1143,-4,15,0,1,0,0,0,0,0,1,0
2026-03-27 21:22:23.803,68.317,1142,-4,15,0,1,0,0,0,0,0,1,0
2026-03-27 21:22:23.805,68.320,1141,-5,15,0,1,0,0,0,0,0,1,0
2026-03-27 21:22:23.835,68.350,1142,-4,14,0,1,0,0,0,0,0,1,0
2026-03-27 21:22:23.979,68.493,1142,-2,14,0,1,0,0,0,0,0,1,0
2026-03-27 21:22:24.091,68.605,1142,-5,15,0,1,0,0,0,0,0,1,0
2026-03-27 21:22:24.093,68.607,1142,-5,15,0,1,0,0,0,0,0,1,0
2026-03-27 21:22:24.204,68.718,1142,-2,15,0,1,0,0,0,0,0,1,0
2026-03-27 21:22:24.316,68.830,1142,-5,15,0,1,0,0,0,0,0,1,0
2026-03-27 21:22:24.475,68.989,1141,-5,15,0,1,0,0,0,0,0,1,0
2026-03-27 21:22:24.491,69.005,1141,-4,14,0,1,0,0,0,0,0,1,0
2026-03-27 21:22:24.493,69.007,1142,-5,15,0,1,0,0,0,0,0,1,0
2026-03-27 21:22:24.683,69.198,1142,-5,14,0,1,0,0,0,0,0,1,0
2026-03-27 21:22:24.747,69.261,1141,-4,14,0,1,0,0,0,0,0,1,0
2026-03-27 21:22:24.843,69.357,1143,-5,14,0,1,0,0,0,0,0,1,0
2026-03-27 21:22:24.955,69.469,1142,-5,15,0,1,0,0,0,0,0,1,0
2026-03-27 21:22:24.958,69.472,1142,-5,15,0,1,0,0,0,0,0,1,0
2026-03-27 21:22:25.100,69.614,1142,-5,15,0,1,0,0,0,0,0,1,0
2026-03-27 21:22:25.195,69.709,1141,-5,15,0,1,0,0,0,0,0,1,0
2026-03-27 21:22:25.211,69.725,1141,-4,14,0,1,0,0,0,0,0,1,0
2026-03-27 21:22:25.323,69.837,1142,-5,15,0,1,0,0,0,0,0,1,0
2026-03-27 21:22:25.451,69.965,1141,-5,14,0,1,0,0,0,0,0,1,0
2026-03-27 21:22:25.563,70.077,1143,-5,15,0,1,0,0,0,0,0,1,0
2026-03-27 21:22:25.595,70.109,1142,-2,14,0,1,0,0,0,0,0,1,0
2026-03-27 21:22:25.691,70.205,1141,-5,14,0,1,0,0,0,0,0,1,0
2026-03-27 21:22:25.851,70.365,1143,-2,14,0,1,0,0,0,0,0,1,0
2026-03-27 21:22:25.947,70.461,1142,-5,12,0,1,0,0,0,0,0,1,0
2026-03-27 21:22:26.043,70.557,1141,-5,15,0,1,0,0,0,0,0,1,0
2026-03-27 21:22:26.108,70.622,1141,-2,14,0,1,0,0,0,0,0,1,0
2026-03-27 21:22:26.109,70.624,1142,-1,15,0,1,0,0,0,0,0,1,0
2026-03-27 21:22:26.219,70.733,1142,-5,15,0,1,0,0,0,0,0,1,0
2026-03-27 21:22:26.379,70.893,1142,-5,15,0,1,0,0,0,0,0,1,0
2026-03-27 21:22:26.459,70.973,1142,-4,14,0,1,0,0,0,0,0,1,0
2026-03-27 21:22:26.539,71.053,1144,-2,15,0,1,0,0,0,0,0,1,0
2026-03-27 21:22:26.651,71.165,1142,-4,14,0,1,0,0,0,0,0,1,0
2026-03-27 21:22:26.811,71.325,1142,-2,15,0,1,0,0,0,0,0,1,0
2026-03-27 21:22:26.814,71.328,1142,-4,15,0,1,0,0,0,0,0,1,0
2026-03-27 21:22:26.875,71.389,1142,-4,15,0,1,0,0,0,0,0,1,0
2026-03-27 21:22:26.987,71.501,1142,-4,14,0,1,0,0,0,0,0,1,0
2026-03-27 21:22:26.988,71.502,1142,-5,14,0,1,0,0,0,0,0,1,0
2026-03-27 21:22:27.116,71.630,1142,-2,15,0,1,0,0,0,0,0,1,0
2026-03-27 21:22:27.243,71.757,1142,-4,15,0,1,0,0,0,0,0,1,0
2026-03-27 21:22:27.292,71.806,1142,-4,15,0,1,0,0,0,0,0,1,0
2026-03-27 21:22:27.295,71.809,1141,-4,15,0,1,0,0,0,0,0,1,0
2026-03-27 21:22:27.403,71.917,1142,-4,15,0,1,0,0,0,0,0,1,0
2026-03-27 21:22:27.419,71.934,1142,-4,14,0,1,0,0,0,0,0,1,0
2026-03-27 21:22:27.515,72.029,1142,-4,15,0,1,0,0,0,0,0,1,0
2026-03-27 21:22:27.611,72.125,1142,-5,15,0,1,0,0,0,0,0,1,0
2026-03-27 21:22:27.723,72.237,1142,-4,15,0,1,0,0,0,0,0,1,0
2026-03-27 21:22:27.852,72.366,1142,-4,15,0,1,0,0,0,0,0,1,0
2026-03-27 21:22:28.155,72.670,1142,-4,14,0,1,0,0,0,0,0,1,0
2026-03-27 21:22:28.235,72.749,1142,-4,14,0,1,0,0,0,0,0,1,0
2026-03-27 21:22:28.331,72.845,1141,-4,15,0,1,0,0,0,0,0,1,0
2026-03-27 21:22:28.410,72.925,1142,-5,15,0,1,0,0,0,0,0,1,0
2026-03-27 21:22:28.427,72.941,1142,-5,14,0,1,0,0,0,0,0,1,0
2026-03-27 21:22:28.587,73.101,1142,-5,14,0,1,0,0,0,0,0,1,0
2026-03-27 21:22:28.731,73.245,1141,-4,15,0,1,0,0,0,0,0,1,0
2026-03-27 21:22:28.795,73.309,1141,-5,12,0,1,0,0,0,0,0,1,0
2026-03-27 21:22:28.874,73.389,1142,-4,14,0,1,0,0,0,0,0,1,0
2026-03-27 21:22:28.987,73.501,1142,-5,15,0,1,0,0,0,0,0,1,0
2026-03-27 21:22:29.035,73.549,1142,-4,14,0,1,0,0,0,0,0,1,0
2026-03-27 21:22:29.227,73.742,1143,-4,15,0,1,0,0,0,0,0,1,0
2026-03-27 21:22:29.242,73.756,1142,-4,14,0,1,0,0,0,0,0,1,0
2026-03-27 21:22:29.356,73.870,1142,-5,15,0,1,0,0,0,0,0,1,0
2026-03-27 21:22:29.387,73.901,1142,-2,15,0,1,0,0,0,0,0,1,0
2026-03-27 21:22:29.388,73.903,1143,-4,15,0,1,0,0,0,0,0,0,0
2026-03-27 21:22:29.390,73.904,1141,-5,14,0,1,0,0,0,0,0,1,0
2026-03-27 21:22:29.516,74.030,1141,-5,15,0,1,0,0,0,0,0,1,0
2026-03-27 21:22:29.517,74.032,1142,-4,15,0,1,0,0,0,0,0,1,0
2026-03-27 21:22:29.579,74.093,1142,-5,15,0,1,0,0,0,0,0,1,0
2026-03-27 21:22:29.739,74.253,1141,-1,14,0,1,0,0,0,0,0,1,0
2026-03-27 21:22:29.742,74.256,1142,-5,15,0,1,0,0,0,0,0,1,0
2026-03-27 21:22:29.787,74.302,1142,-5,15,0,1,0,0,0,0,0,1,0
2026-03-27 21:22:29.789,74.303,1142,-5,15,0,0,0,1,0,0,0,0,0
2026-03-27 21:22:29.803,74.317,1141,-4,14,0,1,0,0,0,0,0,1,0
2026-03-27 21:22:29.851,74.365,1142,-5,15,0,1,0,0,0,0,0,1,0
2026-03-27 21:22:29.979,74.493,1142,-4,15,0,1,0,0,0,0,0,1,0
2026-03-27 21:22:30.107,74.621,1142,-5,14,0,1,0,0,0,0,0,1,0
2026-03-27 21:22:30.203,74.717,1142,-4,14,0,1,0,0,0,0,0,1,0
2026-03-27 21:22:30.206,74.720,1142,-5,15,0,1,0,0,0,0,0,1,0
2026-03-27 21:22:30.332,74.846,1143,-5,15,0,1,0,0,0,0,0,1,0
2026-03-27 21:22:30.443,74.957,1142,-4,14,0,1,0,0,0,0,0,1,0
2026-03-27 21:22:30.459,74.973,1142,-5,15,0,1,0,0,0,0,0,1,0
2026-03-27 21:22:30.491,75.005,1142,-4,14,0,1,0,0,0,0,0,1,0
2026-03-27 21:22:30.683,75.197,1142,-4,15,0,1,0,0,0,0,0,1,0
2026-03-27 21:22:30.715,75.229,1142,-4,14,0,1,0,0,0,0,0,1,0
2026-03-27 21:22:30.859,75.373,1141,-4,14,0,1,0,0,0,0,0,1,0
2026-03-27 21:22:30.861,75.375,1141,-4,14,0,1,0,0,0,0,0,1,0
2026-03-27 21:22:30.863,75.377,1142,-5,15,0,1,0,0,0,0,0,1,0
2026-03-27 21:22:30.938,75.453,1142,-2,14,0,1,0,0,0,0,0,1,0
2026-03-27 21:22:31.035,75.549,1143,-2,15,0,1,0,0,0,0,0,1,0
2026-03-27 21:22:31.179,75.693,1141,-4,14,0,1,0,0,0,0,0,1,0
2026-03-27 21:22:31.275,75.789,1141,-2,14,0,1,0,0,0,0,0,1,0
2026-03-27 21:22:31.387,75.901,1142,-5,15,0,1,0,0,0,0,0,1,0
2026-03-27 21:22:31.467,75.981,1142,-5,14,0,1,0,0,0,0,0,1,0
2026-03-27 21:22:31.483,75.997,1142,-5,15,0,1,0,0,0,0,0,1,0
2026-03-27 21:22:31.611,76.125,1142,-5,15,0,1,0,0,0,0,0,1,0
2026-03-27 21:22:31.771,76.285,1142,-5,15,0,1,0,0,0,0,0,1,0
2026-03-27 21:22:31.772,76.286,1142,-5,15,0,1,0,0,0,0,0,1,0
2026-03-27 21:22:31.851,76.365,1142,-5,15,0,1,0,0,0,0,0,1,0
2026-03-27 21:22:31.915,76.429,1142,-2,15,0,1,0,0,0,0,0,1,0
2026-03-27 21:22:31.995,76.509,1142,-4,14,0,1,0,0,0,0,0,1,0
2026-03-27 21:22:32.203,76.717,1142,-5,15,0,1,0,0,0,0,0,1,0
2026-03-27 21:22:32.252,76.766,1141,-5,15,0,1,0,0,0,0,0,1,0
2026-03-27 21:22:32.347,76.861,1142,-2,14,0,1,0,0,0,0,0,1,0
2026-03-27 21:22:32.459,76.973,1143,-4,15,0,1,0,0,0,0,0,1,0
2026-03-27 21:22:32.555,77.069,1141,-4,15,0,1,0,0,0,0,0,1,0
2026-03-27 21:22:32.651,77.165,1142,-4,14,0,1,0,0,0,0,0,1,0
2026-03-27 21:22:32.715,77.229,1142,-5,15,0,1,0,0,0,0,0,1,0
2026-03-27 21:22:32.875,77.389,1142,-4,15,0,1,0,0,0,0,0,1,0
2026-03-27 21:22:32.878,77.392,1142,-4,14,0,1,0,0,0,0,0,1,0
2026-03-27 21:22:32.908,77.422,1142,-5,15,0,1,0,0,0,0,0,1,0
2026-03-27 21:22:33.003,77.517,1142,-4,14,0,1,0,0,0,0,0,1,0
2026-03-27 21:22:33.194,77.708,1142,-5,15,0,1,0,0,0,0,0,1,0
2026-03-27 21:22:33.195,77.709,1142,-4,14,0,1,0,0,0,0,0,1,0
2026-03-27 21:22:33.210,77.725,1143,-4,14,0,1,0,0,0,0,0,1,0
2026-03-27 21:22:33.402,77.917,1142,-4,15,0,1,0,0,0,0,0,1,0
2026-03-27 21:22:33.405,77.919,1143,-5,14,0,1,0,0,0,0,0,1,0
2026-03-27 21:22:33.499,78.013,1143,-4,14,0,1,0,0,0,0,0,1,0
2026-03-27 21:22:33.501,78.015,1142,-4,14,0,1,0,0,0,0,0,1,0
2026-03-27 21:22:33.547,78.061,1143,-4,14,0,1,0,0,0,0,0,1,0
2026-03-27 21:22:33.659,78.173,1142,-4,15,0,1,0,0,0,0,0,1,0
2026-03-27 21:22:33.723,78.237,1142,-4,14,0,1,0,0,0,0,0,1,0
2026-03-27 21:22:33.851,78.365,1142,-5,14,0,1,0,0,0,0,0,1,0
2026-03-27 21:22:33.963,78.477,1142,-5,14,0,1,0,0,0,0,0,1,0
2026-03-27 21:22:34.059,78.573,1141,-5,14,0,1,0,0,0,0,0,1,0
2026-03-27 21:22:34.139,78.653,1142,-4,14,0,1,0,0,0,0,0,1,0
2026-03-27 21:22:34.429,78.943,1142,-5,14,0,1,0,0,0,0,0,1,0
2026-03-27 21:22:34.555,79.069,1142,-4,14,0,1,0,0,0,0,0,1,0
2026-03-27 21:22:34.587,79.101,1142,-5,14,0,1,0,0,0,0,0,1,0
2026-03-27 21:22:34.683,79.197,1142,-5,15,0,1,0,0,0,0,0,1,0
2026-03-27 21:22:34.747,79.261,1141,-5,14,0,1,0,0,0,0,0,1,0
2026-03-27 21:22:34.827,79.341,1142,-5,15,0,1,0,0,0,0,0,1,0
2026-03-27 21:22:34.987,79.501,1141,-5,14,0,1,0,0,0,0,0,1,0
2026-03-27 21:22:34.988,79.502,1142,-5,15,0,1,0,0,0,0,0,1,0
2026-03-27 21:22:35.019,79.533,1142,-5,14,0,1,0,0,0,0,0,1,0
2026-03-27 21:22:35.227,79.741,1142,-4,15,0,1,0,0,0,0,0,1,0
2026-03-27 21:22:35.259,79.773,1142,-4,15,0,1,0,0,0,0,0,1,0
2026-03-27 21:22:35.387,79.901,1142,-4,15,0,1,0,0,0,0,0,1,0
2026-03-27 21:22:35.483,79.997,1141,-5,15,0,1,0,0,0,0,0,1,0
2026-03-27 21:22:35.611,80.125,1142,-5,15,0,1,0,0,0,0,0,1,0
2026-03-27 21:22:35.659,80.173,1142,-4,14,0,1,0,0,0,0,0,1,0
2026-03-27 21:22:35.754,80.268,1142,-5,15,0,1,0,0,0,0,0,1,0
2026-03-27 21:22:35.771,80.285,1142,-5,15,0,1,0,0,0,0,0,1,0
2026-03-27 21:22:35.772,80.286,1143,-4,150,0,0,0,0,0,0,0,0,0
2026-03-27 21:22:35.773,80.287,1142,-5,15,0,1,0,0,0,0,0,1,0
2026-03-27 21:22:35.851,80.365,1142,-5,15,0,1,0,0,0,0,0,1,0
2026-03-27 21:22:35.866,80.380,1142,-4,15,0,1,0,0,0,0,0,1,0
2026-03-27 21:22:36.043,80.557,1142,-5,15,0,1,0,0,0,0,0,1,0
2026-03-27 21:22:36.139,80.653,1142,-5,15,0,1,0,0,0,0,0,1,0
2026-03-27 21:22:36.394,80.909,1141,-5,15,0,1,0,0,0,0,0,1,0
2026-03-27 21:22:36.458,80.973,1142,-4,14,0,1,0,0,0,0,0,1,0
2026-03-27 21:22:36.635,81.149,1142,-4,15,0,1,0,0,0,0,0,1,0
2026-03-27 21:22:36.666,81.181,1142,-4,15,0,1,0,0,0,0,0,1,0
2026-03-27 21:22:36.668,81.182,1142,-4,14,0,1,0,0,0,0,0,1,0
2026-03-27 21:22:36.683,81.197,1142,-5,14,0,1,0,0,0,0,0,1,0
2026-03-27 21:22:36.715,81.229,1142,-4,15,0,1,0,0,0,0,0,1,0
2026-03-27 21:22:36.732,81.246,1141,-5,14,0,1,0,0,0,0,0,1,0
2026-03-27 21:22:36.794,81.308,1142,-5,14,0,1,0,0,0,0,0,1,0
2026-03-27 21:22:36.796,81.311,1142,-4,12,0,1,0,0,0,0,0,1,0
2026-03-27 21:22:36.939,81.453,1142,-4,12,0,1,0,0,0,0,0,1,0
2026-03-27 21:22:36.971,81.485,1142,-5,15,0,1,0,0,0,0,0,1,0
2026-03-27 21:22:37.114,81.628,1142,-5,15,0,1,0,0,0,0,0,1,0
2026-03-27 21:22:37.258,81.773,1142,-5,15,0,1,0,0,0,0,0,1,0
2026-03-27 21:22:37.260,81.775,1143,-4,15,0,1,0,0,0,0,0,1,0
2026-03-27 21:22:37.339,81.853,1143,-5,15,0,1,0,0,0,0,0,1,0
2026-03-27 21:22:37.435,81.949,1142,-2,15,0,1,0,0,0,0,0,1,0
2026-03-27 21:22:37.451,81.965,1142,-2,14,0,1,0,0,0,0,0,1,0
2026-03-27 21:22:37.531,82.045,1142,-1,15,0,1,0,0,0,0,0,1,0
2026-03-27 21:22:37.658,82.172,1143,-5,15,0,1,0,0,0,0,0,1,0
2026-03-27 21:22:37.803,82.317,1143,-4,14,0,1,0,0,0,0,0,1,0
2026-03-27 21:22:37.834,82.349,1142,-5,15,0,1,0,0,0,0,0,1,0
2026-03-27 21:22:37.979,82.493,1142,-4,14,0,1,0,0,0,0,0,1,0
2026-03-27 21:22:38.075,82.589,1142,-4,14,0,1,0,0,0,0,0,1,0
2026-03-27 21:22:38.235,82.749,1142,-2,14,0,1,0,0,0,0,0,1,0
2026-03-27 21:22:38.237,82.752,1142,-2,14,0,1,0,0,0,0,0,1,0
2026-03-27 21:22:38.347,82.861,1142,-4,14,0,1,0,0,0,0,0,1,0
2026-03-27 21:22:38.443,82.957,1142,-5,15,0,1,0,0,0,0,0,1,0
2026-03-27 21:22:38.539,83.053,1141,-4,15,0,1,0,0,0,0,0,1,0
2026-03-27 21:22:38.587,83.101,1142,-2,15,0,1,0,0,0,0,0,1,0
2026-03-27 21:22:38.589,83.103,1142,-5,15,0,1,0,0,0,0,0,1,0
2026-03-27 21:22:38.715,83.229,1142,-4,15,0,1,0,0,0,0,0,1,0
2026-03-27 21:22:38.843,83.357,1141,-4,15,0,1,0,0,0,0,0,1,0
2026-03-27 21:22:39.115,83.629,1142,-5,15,0,1,0,0,0,0,0,1,0
2026-03-27 21:22:39.116,83.630,1142,-4,15,0,1,0,0,0,0,0,1,0
2026-03-27 21:22:39.226,83.740,1142,-4,14,0,1,0,0,0,0,0,1,0
2026-03-27 21:22:39.466,83.981,1142,-4,14,0,1,0,0,0,0,0,1,0
2026-03-27 21:22:39.468,83.982,1142,-4,15,0,1,0,0,0,0,0,1,0
2026-03-27 21:22:39.531,84.045,1142,-5,15,0,1,0,0,0,0,0,1,0
2026-03-27 21:22:39.675,84.189,1143,-4,14,0,1,1,0,0,0,0,1,0
2026-03-27 21:22:39.771,84.285,1142,-4,14,0,1,1,0,0,0,0,1,0
2026-03-27 21:22:39.851,84.365,1142,-2,14,0,1,1,0,0,0,0,1,0
2026-03-27 21:22:39.978,84.492,1142,-5,15,0,1,1,0,0,0,0,1,0
2026-03-27 21:22:39.980,84.494,1142,-5,15,0,1,1,0,0,0,0,1,0
2026-03-27 21:22:39.982,84.496,1142,-4,15,0,1,1,0,0,0,0,1,0
2026-03-27 21:22:40.139,84.653,1142,-4,14,0,1,1,0,0,0,0,1,0
2026-03-27 21:22:40.140,84.654,1142,-4,15,0,10,0,0,0,0,0,1,0
2026-03-27 21:22:40.186,84.700,1141,-4,12,0,1,1,0,0,0,0,1,0
2026-03-27 21:22:40.188,84.702,1142,-5,12,0,1,1,0,0,0,0,1,0
2026-03-27 21:22:40.346,84.860,1142,-4,15,0,1,1,0,0,0,0,1,0
2026-03-27 21:22:40.363,84.877,1141,-5,12,0,1,1,0,0,0,0,1,0
2026-03-27 21:22:40.364,84.878,1142,-4,13,0,1,1,0,0,0,0,1,0
2026-03-27 21:22:40.554,85.068,1142,-4,14,0,1,1,0,0,0,0,1,0
2026-03-27 21:22:40.619,85.133,1142,-5,15,0,1,1,0,0,0,0,1,0
2026-03-27 21:22:40.730,85.244,1142,-4,14,0,1,1,0,0,0,0,1,0
2026-03-27 21:22:40.858,85.372,1142,-5,14,0,1,1,0,0,0,0,1,0
2026-03-27 21:22:40.923,85.437,1142,-3,15,0,1,1,0,0,0,0,1,0
2026-03-27 21:22:41.099,85.613,1142,-2,15,0,1,1,0,0,0,0,1,0
2026-03-27 21:22:41.100,85.614,1143,-2,15,0,1,1,0,0,0,0,1,0
2026-03-27 21:22:41.102,85.616,1141,-2,14,0,1,1,0,0,0,0,1,0
2026-03-27 21:22:41.179,85.693,1142,-2,15,0,1,1,0,0,0,0,1,0
2026-03-27 21:22:41.338,85.852,1141,-5,15,0,1,1,0,0,0,0,1,0
2026-03-27 21:22:41.370,85.884,1142,-4,14,0,1,1,0,0,0,0,1,0
2026-03-27 21:22:41.514,86.028,1141,-5,15,0,1,1,0,0,0,0,1,0
2026-03-27 21:22:41.530,86.045,1142,-5,15,0,1,1,0,0,0,0,1,0
2026-03-27 21:22:41.578,86.092,1141,-5,15,0,1,1,0,0,0,0,1,0
2026-03-27 21:22:41.739,86.253,1142,-4,12,0,1,1,0,0,0,0,1,0
2026-03-27 21:22:41.834,86.348,1141,-2,14,0,1,1,0,0,0,0,1,0
2026-03-27 21:22:41.898,86.413,1141,-5,15,0,1,1,0,0,0,0,1,0
2026-03-27 21:22:41.962,86.476,1141,-5,15,0,1,1,0,0,0,0,1,0
2026-03-27 21:22:41.978,86.493,1141,-5,15,0,1,1,0,0,0,0,1,0
2026-03-27 21:22:42.171,86.685,1142,-5,15,0,1,1,0,0,0,0,1,0
2026-03-27 21:22:42.282,86.797,1142,-2,15,0,1,1,0,0,0,0,1,0
2026-03-27 21:22:42.314,86.828,1143,-5,15,0,1,1,0,0,0,0,1,0
2026-03-27 21:22:42.410,86.924,1143,-4,14,0,1,1,0,0,0,0,1,0
2026-03-27 21:22:42.618,87.132,1142,-4,14,0,1,1,0,0,0,0,1,0
2026-03-27 21:22:42.731,87.245,1141,-4,15,0,1,1,0,0,0,0,1,0
2026-03-27 21:22:42.778,87.292,1141,-5,15,0,1,1,0,0,0,0,1,0
2026-03-27 21:22:42.857,87.372,1142,-5,15,0,1,1,0,0,0,0,1,0
2026-03-27 21:22:42.874,87.388,1142,-5,14,0,1,1,0,0,0,0,1,0
2026-03-27 21:22:43.019,87.533,1143,-5,15,0,1,1,0,0,0,0,1,0
2026-03-27 21:22:43.082,87.596,1142,-5,15,0,1,1,0,0,0,0,1,0
2026-03-27 21:22:43.274,87.788,1142,-5,15,0,1,1,0,0,0,0,1,0
2026-03-27 21:22:43.386,87.900,1141,-5,15,0,1,1,0,0,0,0,1,0
2026-03-27 21:22:43.563,88.077,1142,-4,14,0,1,0,0,0,0,0,1,0
2026-03-27 21:22:43.706,88.220,1142,-5,15,0,1,0,0,0,0,0,1,0
2026-03-27 21:22:43.835,88.349,1142,-5,15,0,1,0,0,0,0,0,1,0
2026-03-27 21:22:43.931,88.445,1142,-5,15,0,1,0,0,0,0,0,1,0
2026-03-27 21:22:44.027,88.541,1142,-4,15,0,1,0,0,0,0,0,1,0
2026-03-27 21:22:44.043,88.558,1141,-4,12,0,1,0,0,0,0,0,1,0
2026-03-27 21:22:44.139,88.653,1142,-4,15,0,1,0,0,0,0,0,1,0
2026-03-27 21:22:44.187,88.701,1142,-5,15,0,1,0,0,0,0,0,1,0
2026-03-27 21:22:44.331,88.845,1142,-5,15,0,1,0,0,0,0,0,1,0
2026-03-27 21:22:44.459,88.973,1142,-4,15,0,1,0,0,0,0,0,1,0
2026-03-27 21:22:44.553,89.068,1143,-4,15,0,1,0,0,0,0,0,1,0
2026-03-27 21:22:44.602,89.116,1142,-4,15,0,1,0,0,0,0,0,1,0
2026-03-27 21:22:44.731,89.245,1142,-4,14,0,1,0,0,0,0,0,1,0
2026-03-27 21:22:44.826,89.340,1142,-1,14,0,1,0,0,0,0,0,1,0
2026-03-27 21:22:44.970,89.485,1142,-5,15,0,1,0,0,0,0,0,1,0
2026-03-27 21:22:45.018,89.532,1143,-1,15,0,1,0,0,0,0,0,1,0
2026-03-27 21:22:45.275,89.789,1142,-5,15,0,1,0,0,0,0,0,1,0
2026-03-27 21:22:45.402,89.916,1142,-5,15,0,1,0,0,0,0,0,1,0
2026-03-27 21:22:45.403,89.917,1142,-4,15,0,1,0,0,0,0,0,1,0
2026-03-27 21:22:45.450,89.964,1141,-4,15,0,1,0,0,0,0,0,1,0
2026-03-27 21:22:45.627,90.141,1142,-4,15,0,1,0,0,0,0,0,1,0
2026-03-27 21:22:45.771,90.285,1142,-5,15,0,1,0,0,0,0,0,1,0
2026-03-27 21:22:45.834,90.349,1142,-1,15,0,1,0,0,0,0,0,1,0
2026-03-27 21:22:45.836,90.350,1143,-1,14,0,1,0,0,0,0,0,1,0
2026-03-27 21:22:45.930,90.444,1142,-5,15,0,1,0,0,0,0,0,1,0
2026-03-27 21:22:45.932,90.446,1142,-5,15,0,1,0,0,0,0,0,1,0
2026-03-27 21:22:46.010,90.524,1142,-2,15,0,1,0,0,0,0,0,1,0
2026-03-27 21:22:46.138,90.653,1142,-4,14,0,1,0,0,0,0,0,1,0
2026-03-27 21:22:46.187,90.701,1142,-4,14,0,1,0,0,0,0,0,1,0
2026-03-27 21:22:46.379,90.893,1142,-4,15,0,1,0,0,0,0,0,1,0
2026-03-27 21:22:46.459,90.973,1142,-4,15,0,1,0,0,0,0,0,1,0
2026-03-27 21:22:46.538,91.052,1142,-5,15,0,1,0,0,0,0,0,1,0
2026-03-27 21:22:46.634,91.148,1142,-4,15,0,1,0,0,0,0,0,1,0
2026-03-27 21:22:46.746,91.260,1141,-4,15,0,1,0,0,0,0,0,1,0
2026-03-27 21:22:46.794,91.308,1142,-4,14,0,1,0,0,0,0,0,1,0
2026-03-27 21:22:46.923,91.437,1142,-2,14,0,1,0,0,0,0,0,1,0
2026-03-27 21:22:47.018,91.533,1141,-5,15,0,1,0,0,0,0,0,1,0
2026-03-27 21:22:47.082,91.597,1142,-4,15,0,1,0,0,0,0,0,1,0
2026-03-27 21:22:47.226,91.740,1141,-5,15,0,1,0,0,0,0,0,1,0
2026-03-27 21:22:47.241,91.756,1142,-4,15,0,1,0,0,0,0,0,1,0
2026-03-27 21:22:47.402,91.916,1142,-5,14,0,1,0,0,0,0,0,1,0
2026-03-27 21:22:47.450,91.964,1142,-5,15,0,1,0,0,0,0,0,1,0
2026-03-27 21:22:47.578,92.092,1143,-5,15,0,1,0,0,0,0,0,1,0
2026-03-27 21:22:47.611,92.125,1142,-5,15,0,1,0,0,0,0,0,1,0
2026-03-27 21:22:47.818,92.333,1143,-2,14,0,1,0,0,0,0,0,1,0
2026-03-27 21:22:47.930,92.444,1142,-4,15,0,1,0,0,0,0,0,1,0
2026-03-27 21:22:47.947,92.461,1142,-5,15,0,1,0,0,0,0,0,1,0
2026-03-27 21:22:47.962,92.476,1142,-5,15,0,1,0,0,0,0,0,1,0
2026-03-27 21:22:48.106,92.620,1141,-4,15,0,1,0,0,0,0,0,1,0
2026-03-27 21:22:48.170,92.684,1142,-5,15,0,1,0,0,0,0,0,1,0
2026-03-27 21:22:48.298,92.813,1142,-5,14,0,1,0,0,0,0,0,1,0
2026-03-27 21:22:48.346,92.860,1142,-5,15,0,1,0,0,0,0,0,1,0
2026-03-27 21:22:48.362,92.876,1142,-5,15,0,1,0,0,0,0,0,1,0
2026-03-27 21:22:48.362,92.876,11421,0,0,0,0,0,0,0,0,0,0,0
2026-03-27 21:22:48.364,92.878,1141,-4,15,0,1,0,0,0,0,0,1,0
2026-03-27 21:22:48.474,92.989,1142,-5,15,0,1,0,0,0,0,0,1,0
2026-03-27 21:22:48.476,92.990,1142,-4,15,0,1,0,0,0,0,0,1,0
2026-03-27 21:22:48.601,93.115,1142,-4,14,0,1,0,0,0,0,0,1,0
2026-03-27 21:22:48.603,93.117,1142,-5,14,0,1,0,0,0,0,0,1,0
2026-03-27 21:22:48.730,93.244,1142,-5,14,0,1,0,0,0,0,0,1,0
2026-03-27 21:22:48.747,93.261,1141,-5,14,0,1,0,0,0,0,0,1,0
2026-03-27 21:22:48.891,93.405,1142,-4,14,0,1,0,0,0,0,0,1,0
2026-03-27 21:22:48.938,93.452,1142,-2,15,0,1,0,0,0,0,0,1,0
2026-03-27 21:22:49.034,93.548,1141,-5,15,0,1,0,0,0,0,0,1,0
2026-03-27 21:22:49.035,93.549,1141,-4,14,0,1,0,0,0,0,0,1,0
2026-03-27 21:22:49.114,93.629,1142,-5,14,0,1,0,0,0,0,0,1,0
2026-03-27 21:22:49.274,93.788,1142,-4,15,0,1,0,0,0,0,0,1,0
2026-03-27 21:22:49.276,93.790,1142,-4,15,0,1,0,0,0,0,0,1,0
2026-03-27 21:22:49.354,93.868,1141,-2,15,0,1,0,0,0,0,0,1,0
2026-03-27 21:22:49.355,93.869,1141,-4,14,0,1,0,0,0,0,0,1,0
2026-03-27 21:22:49.514,94.028,1141,-4,14,0,1,0,0,0,0,0,1,0
2026-03-27 21:22:49.515,94.030,1142,-4,14,0,1,0,0,0,0,0,1,0
2026-03-27 21:22:49.674,94.189,1141,-4,14,0,1,0,0,0,0,0,1,0
2026-03-27 21:22:49.738,94.252,1141,-5,15,0,1,0,0,0,0,0,1,0
2026-03-27 21:22:49.786,94.300,1142,-2,14,0,1,0,0,0,0,0,1,0
2026-03-27 21:22:49.962,94.476,1141,-4,15,0,1,0,0,0,0,0,1,0
2026-03-27 21:22:49.994,94.508,1142,-5,15,0,1,0,0,0,0,0,1,0
2026-03-27 21:22:50.106,94.620,1141,-5,15,0,1,0,0,0,0,0,1,0
2026-03-27 21:22:50.186,94.700,1141,-5,15,0,1,0,0,0,0,0,1,0
2026-03-27 21:22:50.330,94.844,1142,-4,15,0,1,0,0,0,0,0,1,0
2026-03-27 21:22:50.346,94.860,1142,-5,15,0,1,0,0,0,0,0,1,0
2026-03-27 21:22:50.394,94.908,1142,-5,15,0,1,0,0,0,0,0,1,0
2026-03-27 21:22:50.506,95.020,1142,-5,14,0,1,0,0,0,0,0,1,0
2026-03-27 21:22:50.777,95.291,1142,-5,14,0,1,0,0,0,0,0,1,0
2026-03-27 21:22:50.778,95.292,1142,-5,15,0,1,0,0,0,0,0,1,0
2026-03-27 21:22:50.858,95.372,1142,-5,15,0,1,0,0,0,0,0,1,0
2026-03-27 21:22:50.861,95.375,1142,-2,14,0,1,0,0,0,0,0,1,0
2026-03-27 21:22:50.954,95.468,1143,-2,15,0,1,0,0,0,0,0,1,0
2026-03-27 21:22:51.066,95.580,1141,-5,15,0,1,0,0,0,0,0,1,0
2026-03-27 21:22:51.068,95.582,1142,-4,15,0,1,0,0,0,0,0,1,0
2026-03-27 21:22:51.161,95.676,1142,-4,15,0,1,0,0,0,0,0,1,0
2026-03-27 21:22:51.274,95.788,1143,-5,15,0,1,0,0,0,0,0,1,0
2026-03-27 21:22:51.292,95.806,1142,-5,15,0,1,0,0,0,0,0,1,0
2026-03-27 21:22:51.386,95.900,1143,-5,14,0,1,0,0,0,0,0,1,0
2026-03-27 21:22:51.388,95.902,1143,-4,15,0,1,0,0,0,0,0,1,0
2026-03-27 21:22:51.482,95.996,1142,-4,14,0,1,0,0,0,0,0,1,0
2026-03-27 21:22:51.513,96.027,1141,-5,15,0,1,0,0,0,0,0,1,0
2026-03-27 21:22:51.515,96.029,1142,-4,15,0,1,0,0,0,0,0,1,0
2026-03-27 21:22:51.674,96.188,1142,-5,14,0,1,0,0,0,0,0,1,0
2026-03-27 21:22:51.738,96.252,1142,-4,15,0,1,0,0,0,0,0,1,0
2026-03-27 21:22:51.850,96.364,1141,-4,15,0,1,0,0,0,0,0,1,0
2026-03-27 21:22:52.042,96.556,1141,-5,15,0,1,0,0,0,0,0,1,0
2026-03-27 21:22:52.044,96.558,1142,-5,14,0,1,0,0,0,0,0,1,0
2026-03-27 21:22:52.058,96.572,1142,-4,15,0,1,0,0,0,0,0,1,0
2026-03-27 21:22:52.250,96.764,1142,-4,14,0,1,1,0,0,0,0,1,0
2026-03-27 21:22:52.298,96.812,1142,-2,15,0,1,1,0,0,0,0,1,0
2026-03-27 21:22:52.300,96.814,1143,-5,14,0,1,1,0,0,0,0,1,0
2026-03-27 21:22:52.410,96.924,1143,-5,14,0,1,1,0,0,0,0,1,0
2026-03-27 21:22:52.426,96.940,1142,-4,14,0,1,1,0,0,0,0,1,0
2026-03-27 21:22:52.666,97.180,1142,-5,14,0,1,1,0,0,0,0,1,0
2026-03-27 21:22:52.762,97.276,1141,-2,14,0,1,1,0,0,0,0,1,0
2026-03-27 21:22:52.873,97.388,1142,-5,15,0,1,1,0,0,0,0,1,0
2026-03-27 21:22:53.002,97.516,1142,-5,14,0,1,1,0,0,0,0,1,0
2026-03-27 21:22:53.049,97.564,1141,-5,15,0,1,1,0,0,0,0,1,0
2026-03-27 21:22:53.052,97.566,1142,-5,15,0,1,1,0,0,0,0,1,0
2026-03-27 21:22:53.241,97.756,1142,-5,14,0,1,1,0,0,0,0,1,0
2026-03-27 21:22:53.243,97.758,1141,-5,15,0,1,1,0,0,0,0,1,0
2026-03-27 21:22:53.290,97.804,1142,-5,14,0,1,1,0,0,0,0,1,0
2026-03-27 21:22:53.291,97.806,1142,-5,15,0,1,1,0,0,0,0,1,0
2026-03-27 21:22:53.417,97.932,1142,-4,14,0,1,1,0,0,0,0,1,0
2026-03-27 21:22:53.481,97.996,1142,-2,14,0,1,1,0,0,0,0,1,0
2026-03-27 21:22:53.483,97.997,1142,-2,16,0,1,1,0,0,0,0,1,0
2026-03-27 21:22:53.497,98.012,1143,-5,14,0,1,1,0,0,0,0,1,0
2026-03-27 21:22:53.609,98.124,1143,-5,14,0,1,1,0,0,0,0,1,0
2026-03-27 21:22:53.706,98.220,1142,-5,14,0,1,1,0,0,0,0,1,0
2026-03-27 21:22:53.914,98.428,1142,-4,14,0,1,1,0,0,0,0,1,0
2026-03-27 21:22:54.090,98.604,1141,-4,14,0,1,1,0,0,0,0,1,0
2026-03-27 21:22:54.186,98.700,1142,-5,14,0,1,1,0,0,0,0,1,0
2026-03-27 21:22:54.297,98.812,1142,-5,15,0,1,1,0,0,0,0,1,0
2026-03-27 21:22:54.345,98.859,1141,-4,14,0,1,1,0,0,0,0,1,0
2026-03-27 21:22:54.362,98.876,1142,-5,14,0,1,1,0,0,0,0,1,0
2026-03-27 21:22:54.474,98.988,1141,-5,15,0,1,1,0,0,0,0,1,0
2026-03-27 21:22:54.553,99.067,1142,-5,14,0,1,1,0,0,0,0,1,0
2026-03-27 21:22:54.698,99.212,1141,-5,15,0,1,1,0,0,0,0,1,0
2026-03-27 21:22:54.761,99.276,1142,-1,15,0,1,1,0,0,0,0,1,0
2026-03-27 21:22:54.841,99.355,1142,-4,15,0,1,1,0,0,0,0,1,0
2026-03-27 21:22:54.953,99.467,1142,-2,14,0,1,1,0,0,0,0,1,0
2026-03-27 21:22:55.145,99.659,1142,-5,15,0,1,1,0,0,0,0,1,0
2026-03-27 21:22:55.226,99.740,1142,-5,15,0,1,1,0,0,0,0,1,0
2026-03-27 21:22:55.386,99.900,1143,-5,15,0,1,1,0,0,0,0,1,0
2026-03-27 21:22:55.433,99.947,1142,-5,14,0,1,1,0,0,0,0,1,0
2026-03-27 21:22:55.577,100.091,1142,-5,15,0,1,1,0,0,0,0,1,0
2026-03-27 21:22:55.673,100.188,1141,-2,14,0,1,1,0,0,0,0,1,0
2026-03-27 21:22:55.769,100.284,1141,-2,14,0,1,1,0,0,0,0,1,0
2026-03-27 21:22:55.834,100.348,1142,-5,15,0,1,1,0,0,0,0,1,0
2026-03-27 21:22:55.993,100.507,1141,-5,14,0,1,1,0,0,0,0,1,0
2026-03-27 21:22:55.994,100.509,1141,-5,14,0,1,1,0,0,0,0,1,0
2026-03-27 21:22:56.153,100.667,1141,-5,15,0,1,1,0,0,0,0,1,0
2026-03-27 21:22:56.201,100.715,1141,-5,14,0,1,1,0,0,0,0,1,0
2026-03-27 21:22:56.265,100.780,1143,-5,15,0,1,1,0,0,0,0,1,0
2026-03-27 21:22:56.267,100.781,1143,-4,15,0,1,1,0,0,0,0,1,0
2026-03-27 21:22:56.394,100.908,1142,-5,15,0,1,1,0,0,0,0,1,0
2026-03-27 21:22:56.395,100.909,1143,-5,14,0,1,1,0,0,0,0,1,0
2026-03-27 21:22:56.521,101.035,1142,-5,15,0,1,1,0,0,0,0,1,0
2026-03-27 21:22:56.649,101.164,1141,-4,14,0,1,1,0,0,0,0,1,0
2026-03-27 21:22:56.745,101.259,1142,-4,12,0,1,1,0,0,0,0,1,0
2026-03-27 21:22:56.905,101.419,1142,-4,15,0,1,1,0,0,0,0,1,0
2026-03-27 21:22:56.907,101.421,1142,-4,14,0,1,1,0,0,0,0,1,0
2026-03-27 21:22:57.129,101.644,1142,-4,14,0,1,1,0,0,0,0,1,0
2026-03-27 21:22:57.226,101.740,1142,-5,15,0,1,1,0,0,0,0,1,0
2026-03-27 21:22:57.337,101.851,1141,-5,15,0,1,1,0,0,0,0,1,0
2026-03-27 21:22:57.338,101.852,1142,-4,14,0,1,1,0,0,0,0,1,0
2026-03-27 21:22:57.340,101.854,0,0,15,0,1,1,0,0,0,0,1,0
2026-03-27 21:22:57.417,101.932,1142,-5,15,0,1,1,0,0,0,0,1,0
2026-03-27 21:22:57.421,101.935,1142,-5,15,0,1,1,0,0,0,0,1,0
2026-03-27 21:22:57.545,102.059,1142,-4,14,0,1,1,0,0,0,0,1,0
2026-03-27 21:22:57.547,102.061,1142,-5,15,0,1,1,0,0,0,0,1,0
2026-03-27 21:22:57.657,102.171,1142,-4,14,0,1,1,0,0,0,0,1,0
2026-03-27 21:22:57.769,102.283,1142,-5,15,0,1,1,0,0,0,0,1,0
2026-03-27 21:22:57.785,102.299,1141,-2,14,0,1,1,0,0,0,0,1,0
2026-03-27 21:22:57.881,102.395,1142,-2,15,0,1,1,0,0,0,0,1,0
2026-03-27 21:22:57.899,102.413,1142,-4,14,0,1,1,0,0,0,0,1,0
2026-03-27 21:22:58.010,102.524,1144,-2,14,0,1,1,0,0,0,0,1,0
2026-03-27 21:22:58.170,102.684,1142,-5,15,0,1,1,0,0,0,0,1,0
2026-03-27 21:22:58.233,102.747,1141,-2,14,0,1,1,0,0,0,0,1,0
2026-03-27 21:22:58.234,102.748,1142,-2,15,0,1,1,0,0,0,0,1,0
2026-03-27 21:22:58.345,102.859,1141,-5,14,0,1,1,0,0,0,0,1,0
2026-03-27 21:22:58.473,102.987,1142,-2,14,0,1,1,0,0,0,0,1,0
2026-03-27 21:22:58.601,103.115,1142,-5,14,0,1,1,0,0,0,0,1,0
2026-03-27 21:22:58.713,103.227,1142,-4,14,0,1,1,0,0,0,0,1,0
2026-03-27 21:22:58.794,103.308,1142,-5,14,0,1,1,0,0,0,0,1,0
2026-03-27 21:22:58.905,103.419,1142,-5,14,0,1,1,0,0,0,0,1,0
2026-03-27 21:22:58.921,103.436,1142,-5,15,0,1,1,0,0,0,0,1,0
2026-03-27 21:22:59.049,103.563,1142,-5,14,0,1,1,0,0,0,0,1,0
2026-03-27 21:22:59.145,103.659,1142,-5,14,0,1,1,0,0,0,0,1,0
2026-03-27 21:22:59.289,103.804,1142,-4,14,0,1,1,0,0,0,0,1,0
2026-03-27 21:22:59.401,103.915,1141,-5,14,0,1,1,0,0,0,0,1,0
2026-03-27 21:22:59.450,103.964,1142,-5,14,0,1,1,0,0,0,0,1,0
2026-03-27 21:22:59.562,104.076,1144,-2,15,0,1,1,0,0,0,0,1,0
2026-03-27 21:22:59.737,104.251,1141,-4,15,0,1,1,0,0,0,0,1,0
2026-03-27 21:22:59.865,104.379,1141,-2,14,0,1,1,0,0,0,0,1,0
2026-03-27 21:22:59.867,104.381,1142,-2,14,0,1,1,0,0,0,0,1,0
2026-03-27 21:22:59.978,104.492,1142,-5,15,0,1,1,0,0,0,0,1,0
2026-03-27 21:22:59.993,104.507,1141,-5,15,0,1,1,0,0,0,0,1,0
2026-03-27 21:23:00.026,104.540,1142,-4,14,0,1,1,0,0,0,0,1,0
2026-03-27 21:23:00.170,104.684,1142,-2,15,0,1,1,0,0,0,0,1,0
2026-03-27 21:23:00.249,104.763,1142,-5,15,0,1,1,0,0,0,0,1,0
2026-03-27 21:23:00.426,104.940,1142,-5,14,0,1,1,0,0,0,0,1,0
2026-03-27 21:23:00.537,105.051,1143,-5,15,0,1,1,0,0,0,0,1,0
2026-03-27 21:23:00.633,105.147,1142,-5,15,0,1,1,0,0,0,0,1,0
2026-03-27 21:23:00.777,105.291,1142,-5,14,0,1,1,0,0,0,0,1,0
2026-03-27 21:23:00.921,105.435,1142,-2,15,0,1,1,0,0,0,0,1,0
2026-03-27 21:23:00.937,105.451,1142,-4,14,0,1,1,0,0,0,0,1,0
2026-03-27 21:23:01.065,105.579,1142,-5,15,0,1,1,0,0,0,0,1,0
2026-03-27 21:23:01.178,105.692,1141,-4,14,0,1,1,0,0,0,0,1,0
2026-03-27 21:23:01.180,105.694,1142,-2,15,0,1,1,0,0,0,0,1,0
2026-03-27 21:23:01.289,105.803,1142,-2,14,0,1,1,0,0,0,0,1,0
2026-03-27 21:23:01.337,105.851,1142,-2,14,0,1,1,0,0,0,0,1,0
2026-03-27 21:23:01.339,105.853,1142,-2,14,0,1,1,0,0,0,0,1,0
2026-03-27 21:23:01.449,105.963,1142,-2,14,0,1,1,0,0,0,0,1,0
2026-03-27 21:23:01.642,106.156,1141,-4,14,0,1,1,0,0,0,0,1,0
2026-03-27 21:23:01.644,106.158,1142,-5,14,0,1,1,0,0,0,0,1,0
2026-03-27 21:23:01.786,106.300,1142,-5,14,0,1,1,0,0,0,0,1,0
2026-03-27 21:23:01.801,106.315,1142,-5,15,0,1,1,0,0,0,0,1,0
2026-03-27 21:23:01.881,106.395,1142,-5,14,0,1,1,0,0,0,0,1,0
2026-03-27 21:23:01.883,106.398,1141,-2,15,0,1,1,0,0,0,0,1,0
2026-03-27 21:23:02.010,106.524,1142,-2,15,0,1,1,0,0,0,0,1,0
2026-03-27 21:23:02.121,106.635,1142,-5,12,0,1,1,0,0,0,0,1,0
2026-03-27 21:23:02.185,106.700,1142,-2,14,0,1,1,0,0,0,0,1,0
2026-03-27 21:23:02.329,106.843,1142,-4,14,0,1,1,0,0,0,0,1,0
2026-03-27 21:23:02.377,106.891,1141,-5,15,0,1,1,0,0,0,0,1,0
2026-03-27 21:23:02.457,106.971,1141,-2,15,0,1,1,0,0,0,0,1,0
2026-03-27 21:23:02.601,107.115,1142,-5,15,0,1,1,0,0,0,0,1,0
2026-03-27 21:23:02.682,107.196,1141,-5,15,0,1,1,0,0,0,0,1,0
2026-03-27 21:23:02.809,107.323,1142,-4,15,0,1,1,0,0,0,0,1,0
2026-03-27 21:23:02.937,107.451,1142,-5,15,0,1,1,0,0,0,0,1,0
2026-03-27 21:23:02.938,107.452,1142,-5,15,0,1,1,0,0,0,0,1,0
2026-03-27 21:23:03.049,107.563,1142,-5,15,0,1,1,0,0,0,0,1,0
2026-03-27 21:23:03.177,107.691,1142,-2,15,0,1,1,0,0,0,0,1,0
2026-03-27 21:23:03.241,107.755,1142,-4,14,0,1,1,0,0,0,0,1,0
2026-03-27 21:23:03.369,107.883,1142,-4,15,0,1,1,0,0,0,0,1,0
2026-03-27 21:23:03.401,107.915,1142,-5,14,0,1,1,0,0,0,0,1,0
2026-03-27 21:23:03.609,108.123,1142,-5,15,0,1,1,0,0,0,0,1,0
2026-03-27 21:23:03.611,108.126,1141,-5,14,0,1,1,0,0,0,0,1,0
2026-03-27 21:23:03.674,108.188,1143,-4,15,0,1,1,0,0,0,0,1,0
2026-03-27 21:23:03.737,108.251,1141,-2,14,0,1,1,0,0,0,0,1,0
2026-03-27 21:23:03.753,108.267,1142,-3,15,0,1,1,0,0,0,0,1,0
2026-03-27 21:23:03.849,108.364,1142,-2,14,0,1,1,0,0,0,0,1,0
2026-03-27 21:23:03.977,108.491,1143,-5,15,0,1,1,0,0,0,0,1,0
2026-03-27 21:23:04.009,108.523,1142,-5,14,0,1,1,0,0,0,0,1,0
2026-03-27 21:23:04.121,108.635,1141,-2,14,0,1,1,0,0,0,0,1,0
2026-03-27 21:23:04.122,108.636,1142,-2,14,0,1,1,0,0,0,0,1,0
2026-03-27 21:23:04.248,108.763,1142,-3,15,0,1,1,0,0,0,0,1,0
2026-03-27 21:23:04.250,108.764,1142,-2,15,0,1,1,0,0,0,0,1,0
2026-03-27 21:23:04.281,108.795,1142,-5,15,0,1,1,0,0,0,0,1,0
2026-03-27 21:23:04.393,108.907,1142,-5,14,0,1,1,0,0,0,0,1,0
2026-03-27 21:23:04.489,109.003,1142,-2,15,0,1,1,0,0,0,0,1,0
2026-03-27 21:23:04.601,109.115,1142,-2,14,0,1,1,0,0,0,0,1,0
2026-03-27 21:23:04.617,109.131,1142,-5,15,0,1,1,0,0,0,0,1,0
2026-03-27 21:23:04.746,109.260,1142,-2,15,0,1,1,0,0,0,0,1,0
2026-03-27 21:23:04.985,109.499,1142,-5,14,0,1,1,0,0,0,0,1,0
2026-03-27 21:23:05.049,109.563,1143,-5,15,0,1,1,0,0,0,0,1,0
2026-03-27 21:23:05.241,109.755,1143,-5,15,0,1,1,0,0,0,0,1,0
2026-03-27 21:23:05.272,109.786,1142,-4,14,0,1,1,0,0,0,0,1,0
2026-03-27 21:23:05.274,109.788,1142,-5,15,0,1,1,0,0,0,0,1,0
2026-03-27 21:23:05.289,109.803,1142,-5,15,0,1,1,0,0,0,0,1,0
2026-03-27 21:23:05.385,109.900,1142,-5,15,0,1,1,0,0,0,0,1,0
2026-03-27 21:23:05.388,109.902,1142,-5,14,0,1,1,0,0,0,0,1,0
2026-03-27 21:23:05.562,110.076,1142,-5,14,0,1,1,0,0,0,0,1,0
2026-03-27 21:23:05.609,110.123,1142,-5,15,0,1,1,0,0,0,0,1,0
2026-03-27 21:23:05.626,110.140,1142,-5,15,0,1,1,0,0,0,0,1,0
2026-03-27 21:23:05.628,110.142,1143,-5,15,0,1,1,0,0,0,0,1,0
2026-03-27 21:23:05.689,110.203,1143,-5,14,0,1,1,0,0,0,0,1,0
2026-03-27 21:23:05.800,110.315,1143,-5,15,0,1,1,0,0,0,0,1,0
2026-03-27 21:23:05.817,110.331,1143,-4,15,0,1,1,0,0,0,0,1,0
2026-03-27 21:23:05.848,110.363,1142,-5,15,0,1,1,0,0,0,0,1,0
2026-03-27 21:23:05.866,110.380,1142,-5,14,0,1,1,0,0,0,0,1,0
2026-03-27 21:23:05.929,110.443,1142,-5,15,0,1,1,0,0,0,0,1,0
2026-03-27 21:23:05.931,110.445,1142,-5,15,0,1,1,0,0,0,0,1,0
2026-03-27 21:23:05.993,110.507,1142,-5,15,0,1,1,0,0,0,0,1,0
2026-03-27 21:23:06.089,110.603,1142,-5,14,0,1,1,0,0,0,0,1,0
2026-03-27 21:23:06.281,110.795,1142,-5,15,0,1,1,0,0,0,0,1,0
2026-03-27 21:23:06.393,110.907,1142,-5,14,0,1,1,0,0,0,0,1,0
2026-03-27 21:23:06.457,110.972,1142,-5,14,0,1,1,0,0,0,0,1,0
2026-03-27 21:23:06.649,111.163,1142,-4,14,0,1,1,0,0,0,0,1,0
2026-03-27 21:23:06.681,111.195,1143,-2,14,0,1,1,0,0,0,0,1,0
2026-03-27 21:23:06.778,111.292,1143,-5,14,0,1,1,0,0,0,0,1,0
2026-03-27 21:23:06.889,111.403,1143,-5,14,0,1,1,0,0,0,0,1,0
2026-03-27 21:23:06.969,111.483,1143,-4,14,0,1,1,0,0,0,0,1,0
2026-03-27 21:23:06.970,111.484,1143,-5,15,0,1,1,0,0,0,0,1,0
2026-03-27 21:23:07.113,111.627,1142,-4,15,0,1,1,0,0,0,0,1,0
2026-03-27 21:23:07.114,111.628,1142,-5,15,0,1,1,0,0,0,0,1,0
2026-03-27 21:23:07.193,111.707,1142,-5,14,0,1,1,0,0,0,0,1,0
2026-03-27 21:23:07.194,111.708,1142,-4,14,0,1,1,0,0,0,0,1,0
2026-03-27 21:23:07.195,111.710,1143,0,0,0,0,0,0,0,0,0,1,0
2026-03-27 21:23:07.385,111.899,1142,-5,15,0,1,1,0,0,0,0,1,0
2026-03-27 21:23:07.386,111.900,1143,-5,15,0,1,1,0,0,0,0,1,0
2026-03-27 21:23:07.417,111.931,1141,-5,14,0,1,1,0,0,0,0,1,0
2026-03-27 21:23:07.513,112.027,1141,-5,15,0,1,1,0,0,0,0,1,0
2026-03-27 21:23:07.593,112.107,1142,-5,14,0,1,1,0,0,0,0,1,0
2026-03-27 21:23:07.816,112.330,1141,-5,14,0,1,1,0,0,0,0,1,0
2026-03-27 21:23:07.818,112.332,1142,-5,15,0,1,1,0,0,0,0,1,0
2026-03-27 21:23:07.896,112.410,1142,-5,15,0,1,1,0,0,0,0,1,0
2026-03-27 21:23:07.960,112.474,1143,-5,14,0,1,1,0,0,0,0,1,0
2026-03-27 21:23:07.962,112.476,1143,-5,15,0,1,1,0,0,0,0,1,0
2026-03-27 21:23:08.072,112.586,1142,-5,11,0,1,1,0,0,0,0,1,0
2026-03-27 21:23:08.218,112.732,1142,-4,14,0,1,1,0,0,0,0,1,0
2026-03-27 21:23:08.280,112.794,1141,-3,15,0,1,1,0,0,0,0,1,0
2026-03-27 21:23:08.601,113.115,1142,-5,15,0,1,1,0,0,0,0,1,0
2026-03-27 21:23:08.618,113.132,1141,-5,14,0,1,1,0,0,0,0,1,0
2026-03-27 21:23:08.681,113.195,1142,-5,15,0,1,1,0,0,0,0,1,0
2026-03-27 21:23:08.745,113.259,1141,-4,15,0,1,1,0,0,0,0,1,0
2026-03-27 21:23:08.841,113.355,1142,-2,15,0,1,1,0,0,0,0,1,0
2026-03-27 21:23:09.001,113.516,1142,-5,15,0,1,1,0,0,0,0,1,0
2026-03-27 21:23:09.032,113.546,1142,-2,15,0,1,1,0,0,0,0,1,0
2026-03-27 21:23:09.033,113.548,1142,-4,15,0,1,1,0,0,0,0,1,0
2026-03-27 21:23:09.192,113.707,1141,-5,15,0,1,1,0,0,0,0,1,0
2026-03-27 21:23:09.273,113.787,1142,-2,14,0,1,1,0,0,0,0,1,0
2026-03-27 21:23:09.288,113.802,1142,-5,15,0,1,1,0,0,0,0,1,0
2026-03-27 21:23:09.353,113.867,1142,-5,14,0,1,1,0,0,0,0,1,0
2026-03-27 21:23:09.432,113.946,1142,-4,14,0,1,1,0,0,0,0,1,0
2026-03-27 21:23:09.434,113.949,1142,-4,14,0,1,1,0,0,0,0,1,0
2026-03-27 21:23:09.436,113.950,1141,-5,15,0,1,1,0,0,0,0,1,0
2026-03-27 21:23:09.497,114.011,1141,-5,15,0,1,1,0,0,0,0,1,0
2026-03-27 21:23:09.609,114.123,1141,-4,15,0,1,1,0,0,0,0,1,0
2026-03-27 21:23:09.737,114.251,1142,-5,14,0,1,1,0,0,0,0,1,0
2026-03-27 21:23:09.832,114.347,1142,-4,15,0,1,1,0,0,0,0,1,0
2026-03-27 21:23:09.960,114.474,1142,-4,15,0,1,1,0,0,0,0,1,0
2026-03-27 21:23:09.961,114.475,1142,-4,14,0,1,1,0,0,0,0,1,0
2026-03-27 21:23:10.248,114.763,1142,-5,14,0,1,1,0,0,0,0,1,0
2026-03-27 21:23:10.376,114.890,1144,-5,15,0,1,1,0,0,0,0,1,0
2026-03-27 21:23:10.457,114.971,1142,-4,15,0,1,1,0,0,0,0,1,0
2026-03-27 21:23:10.617,115.131,1142,-5,14,0,1,1,0,0,0,0,1,0
2026-03-27 21:23:10.712,115.227,1141,-5,15,0,1,1,0,0,0,0,1,0
2026-03-27 21:23:10.714,115.228,1143,-4,14,0,1,1,0,0,0,0,1,0
2026-03-27 21:23:10.715,115.230,1143,-5,14,0,1,1,0,0,0,0,1,0
2026-03-27 21:23:10.761,115.275,1143,-5,15,0,1,1,0,0,0,0,1,0
2026-03-27 21:23:10.763,115.277,1142,-5,12,0,1,1,0,0,0,0,1,0
2026-03-27 21:23:10.873,115.387,1142,-5,12,0,1,1,0,0,0,0,1,0
2026-03-27 21:23:10.969,115.483,1142,-2,14,0,1,1,0,0,0,0,1,0
2026-03-27 21:23:11.065,115.579,1142,-5,15,0,1,1,0,0,0,0,1,0
2026-03-27 21:23:11.400,115.914,1142,-5,15,0,1,1,0,0,0,0,1,0
2026-03-27 21:23:11.416,115.930,1144,-5,14,0,1,1,0,0,0,0,1,0
2026-03-27 21:23:11.529,116.043,1144,-5,14,0,1,1,0,0,0,0,1,0
2026-03-27 21:23:11.546,116.060,1143,-4,15,0,0,0,0,0,0,0,1,0
2026-03-27 21:23:11.737,116.251,1142,-5,14,0,1,1,0,0,0,0,1,0
2026-03-27 21:23:11.739,116.253,1142,-5,15,0,1,1,0,0,0,0,1,0
2026-03-27 21:23:11.740,116.254,1142,0,14,0,1,1,0,0,0,0,1,0
2026-03-27 21:23:11.769,116.283,1142,-5,14,0,1,1,0,0,0,0,1,0
2026-03-27 21:23:11.848,116.363,1142,-5,15,0,1,1,0,0,0,1,1,0
2026-03-27 21:23:11.897,116.411,1142,-5,14,0,1,1,0,0,0,1,1,0
2026-03-27 21:23:12.056,116.571,1142,-5,15,0,1,1,0,0,0,1,1,0
2026-03-27 21:23:12.185,116.699,1142,-4,14,0,1,1,0,0,0,1,1,0
2026-03-27 21:23:12.296,116.811,1142,-5,15,0,1,1,0,0,0,1,1,0
2026-03-27 21:23:12.409,116.923,1142,-5,15,0,1,1,0,0,0,1,1,0
2026-03-27 21:23:12.585,117.099,1142,-5,15,0,1,1,0,0,0,1,1,0
2026-03-27 21:23:12.728,117.242,1141,-5,15,0,1,1,0,0,0,1,1,0
2026-03-27 21:23:12.746,117.260,1142,-2,15,0,1,1,0,0,0,1,1,0
2026-03-27 21:23:12.776,117.290,1142,-2,14,0,1,1,0,0,0,1,1,0
2026-03-27 21:23:12.952,117.466,1142,-4,14,0,1,1,0,0,0,1,1,0
2026-03-27 21:23:13.017,117.531,1142,-4,14,0,1,1,0,0,0,1,1,0
2026-03-27 21:23:13.080,117.594,1143,-2,12,0,1,1,0,0,0,1,1,0
2026-03-27 21:23:13.240,117.754,1142,-4,15,0,1,1,0,0,0,1,1,0
2026-03-27 21:23:13.256,117.770,1142,-4,14,0,1,1,0,0,0,1,1,0
2026-03-27 21:23:13.320,117.835,1141,-2,14,0,1,1,0,0,0,1,1,0
2026-03-27 21:23:13.432,117.947,1142,-1,15,0,1,1,0,0,0,1,1,0
2026-03-27 21:23:13.448,117.962,1141,-5,15,0,1,1,0,0,0,1,1,0
2026-03-27 21:23:13.560,118.075,1141,-5,15,0,1,1,0,0,0,1,1,0
2026-03-27 21:23:13.576,118.091,1142,-5,14,0,1,1,0,0,0,1,1,0
2026-03-27 21:23:13.737,118.251,1142,-5,15,0,1,1,0,0,0,1,1,0
2026-03-27 21:23:13.881,118.395,1142,-2,14,0,1,1,0,0,0,1,1,0
2026-03-27 21:23:13.977,118.491,1142,-4,14,0,1,1,0,0,0,1,1,0
2026-03-27 21:23:14.009,118.523,1142,-2,15,0,1,1,0,0,0,1,1,0
2026-03-27 21:23:14.105,118.619,1142,-2,14,0,1,1,0,0,0,1,1,0
2026-03-27 21:23:14.120,118.634,1142,-2,15,0,1,1,0,0,0,1,1,0
2026-03-27 21:23:14.121,118.635,1141,-4,14,0,1,1,0,0,0,1,1,0
2026-03-27 21:23:14.281,118.795,1142,-2,14,0,1,1,0,0,0,1,1,0
2026-03-27 21:23:14.376,118.890,1142,-2,14,0,1,1,0,0,0,1,1,0
2026-03-27 21:23:14.378,118.892,1142,-2,14,0,1,1,0,0,0,1,1,0
2026-03-27 21:23:14.505,119.019,1143,-5,14,0,1,1,0,0,0,1,1,0
2026-03-27 21:23:14.792,119.306,1142,-5,15,0,0,1,0,0,0,1,1,0
2026-03-27 21:23:14.905,119.419,1142,-5,15,0,0,1,0,0,0,1,1,0
2026-03-27 21:23:15.048,119.563,1141,-4,15,0,0,1,0,0,0,1,1,0
2026-03-27 21:23:15.096,119.610,1141,-4,14,0,0,1,0,0,0,1,1,0
2026-03-27 21:23:15.112,119.626,1142,-5,14,0,0,1,0,0,0,1,1,0
2026-03-27 21:23:15.209,119.723,1142,-5,15,0,0,1,0,0,0,1,1,0
2026-03-27 21:23:15.336,119.850,1141,-5,15,0,0,1,0,0,0,1,1,0
2026-03-27 21:23:15.448,119.962,1141,-5,15,0,0,1,0,0,0,1,1,0
2026-03-27 21:23:15.592,120.106,1142,-2,14,0,0,1,0,0,0,1,1,0
2026-03-27 21:23:15.641,120.155,1142,-5,14,0,0,1,0,0,0,1,1,0
2026-03-27 21:23:15.784,120.298,1142,-5,15,0,0,1,0,0,0,1,1,0
2026-03-27 21:23:15.880,120.394,1143,-2,15,0,0,1,0,0,0,1,1,0
2026-03-27 21:23:15.944,120.458,1142,-2,14,0,0,1,0,0,0,1,1,0
2026-03-27 21:23:16.072,120.586,1142,-2,15,0,0,1,0,0,0,1,1,0
2026-03-27 21:23:16.075,120.589,1142,-2,14,0,0,1,0,0,0,1,1,0
2026-03-27 21:23:16.200,120.715,1142,-4,14,0,0,1,0,0,0,1,1,0
2026-03-27 21:23:16.344,120.858,1142,-2,14,0,0,1,0,0,0,1,1,0
2026-03-27 21:23:16.408,120.922,1141,-5,12,0,0,1,0,0,0,1,1,0
2026-03-27 21:23:16.504,121.018,1142,-2,15,0,0,1,0,0,0,1,1,0
2026-03-27 21:23:16.520,121.034,1142,-5,14,0,0,1,0,0,0,1,1,0
2026-03-27 21:23:16.521,121.035,1143,-2,14,0,0,1,0,0,0,1,1,0
2026-03-27 21:23:16.680,121.194,1143,-2,15,0,0,1,0,0,0,1,1,0
2026-03-27 21:23:16.681,121.195,1143,-2,15,0,0,1,0,0,0,0,0,0
2026-03-27 21:23:16.682,121.196,1142,-5,14,0,0,1,0,0,0,1,1,0
2026-03-27 21:23:16.713,121.227,1142,-5,15,0,0,1,0,0,0,1,1,0
2026-03-27 21:23:16.792,121.306,1141,-2,15,0,0,1,0,0,0,1,1,0
2026-03-27 21:23:16.808,121.322,1142,-2,14,0,0,1,0,0,0,1,1,0
2026-03-27 21:23:16.984,121.499,1142,-2,14,0,0,1,0,0,0,1,1,0
2026-03-27 21:23:16.986,121.500,1142,-2,14,0,0,1,0,0,0,1,1,0
2026-03-27 21:23:17.096,121.610,1142,-5,14,0,0,1,0,0,0,1,1,0
2026-03-27 21:23:17.128,121.642,1142,-2,14,0,0,1,0,0,0,1,1,0
2026-03-27 21:23:17.240,121.754,1142,-4,15,0,0,1,0,0,0,1,1,0
2026-03-27 21:23:17.400,121.914,1142,-5,15,0,0,1,0,0,0,1,1,0
2026-03-27 21:23:17.401,121.916,1142,-4,15,0,0,1,0,0,0,1,1,0
2026-03-27 21:23:17.448,121.962,1142,-5,15,0,0,1,0,0,0,1,1,0
2026-03-27 21:23:17.450,121.964,1143,-4,14,0,0,1,0,0,0,1,1,0
2026-03-27 21:23:17.561,122.075,1143,-5,14,0,0,1,0,0,0,1,1,0
2026-03-27 21:23:17.563,122.077,1142,-5,15,0,0,1,0,0,0,1,1,0
2026-03-27 21:23:17.625,122.139,1142,-5,15,0,0,1,0,0,0,1,1,0
2026-03-27 21:23:17.720,122.234,1142,-2,14,0,0,1,0,0,0,1,1,0
2026-03-27 21:23:17.881,122.395,1142,-5,15,0,0,1,0,0,0,1,1,0
2026-03-27 21:23:17.896,122.411,1142,-4,15,0,0,1,0,0,0,1,1,0
2026-03-27 21:23:17.898,122.412,1143,-5,15,0,0,1,0,0,0,1,1,0
2026-03-27 21:23:17.928,122.442,1143,-5,15,0,0,1,0,0,0,1,1,0
2026-03-27 21:23:18.041,122.555,1143,-5,15,0,0,1,0,0,0,1,1,0
2026-03-27 21:23:18.264,122.778,1142,-2,15,0,0,1,0,0,0,1,1,0
2026-03-27 21:23:18.265,122.780,1143,-2,14,0,0,1,0,0,0,1,1,0
2026-03-27 21:23:18.267,122.781,1143,-4,14,0,0,1,0,0,0,1,1,0
2026-03-27 21:23:18.313,122.827,1142,-5,15,0,0,1,0,0,0,1,1,0
2026-03-27 21:23:18.392,122.906,1142,-5,15,0,0,1,0,0,0,1,1,0
2026-03-27 21:23:18.393,122.908,1142,-4,14,0,0,1,0,0,0,1,1,0
2026-03-27 21:23:18.488,123.002,1142,-5,15,0,0,1,0,0,0,1,1,0
2026-03-27 21:23:18.696,123.210,1142,-5,12,0,0,1,0,0,0,1,1,0
2026-03-27 21:23:18.760,123.274,1141,-5,15,0,0,1,0,0,0,1,1,0
2026-03-27 21:23:18.856,123.370,1142,-2,14,0,0,1,0,0,0,1,1,0
2026-03-27 21:23:18.920,123.434,1143,-2,15,0,0,1,0,0,0,1,1,0
2026-03-27 21:23:18.937,123.452,1141,-4,14,0,0,1,0,0,0,1,1,0
2026-03-27 21:23:19.032,123.546,1142,-5,14,0,0,1,0,0,0,1,1,0
2026-03-27 21:23:19.033,123.548,1142,-4,15,0,0,1,1,0,0,0,0,0
2026-03-27 21:23:19.035,123.549,1142,-4,14,0,0,1,0,0,0,1,1,0
2026-03-27 21:23:19.112,123.626,1143,-5,14,0,0,1,0,0,0,1,1,0
2026-03-27 21:23:19.114,123.628,1143,-4,15,0,0,1,1,0,0,0,0,0
2026-03-27 21:23:19.223,123.737,1142,-2,11,0,0,1,0,0,0,1,1,0
2026-03-27 21:23:19.225,123.739,1142,-2,12,0,0,1,0,0,0,1,1,0
2026-03-27 21:23:19.225,123.740,1142,-2,13,0,0,0,0,0,0,1,1,0
2026-03-27 21:23:19.384,123.898,1142,-2,15,0,0,1,0,0,0,1,1,0
2026-03-27 21:23:19.385,123.900,1142,-2,15,0,0,1,0,0,0,1,1,0
2026-03-27 21:23:19.387,123.901,1141,-2,15,0,0,1,0,0,0,1,1,0
2026-03-27 21:23:19.640,124.155,1142,-2,14,0,0,1,0,0,0,1,1,0
2026-03-27 21:23:19.784,124.298,1142,-5,14,0,0,1,0,0,0,1,1,0
2026-03-27 21:23:19.896,124.410,1142,-5,15,0,0,1,0,0,0,1,1,0
2026-03-27 21:23:19.929,124.443,1142,-4,14,0,0,1,0,0,0,1,1,0
2026-03-27 21:23:19.932,124.446,1142,-2,14,0,0,1,0,0,0,1,1,0
2026-03-27 21:23:20.088,124.602,1142,-2,14,0,0,1,0,0,0,1,1,0
2026-03-27 21:23:20.248,124.762,1142,-5,15,0,0,1,0,0,0,1,1,0
2026-03-27 21:23:20.328,124.842,1142,-5,15,0,0,1,0,0,0,1,1,0
2026-03-27 21:23:20.424,124.938,1141,-2,15,0,0,1,0,0,0,1,1,0
2026-03-27 21:23:20.552,125.066,1142,-4,14,0,0,1,0,0,0,1,1,0
2026-03-27 21:23:20.568,125.082,1142,-4,15,0,0,1,0,0,0,1,1,0
2026-03-27 21:23:20.569,125.083,1142,-1,15,0,0,1,0,0,0,1,1,0
2026-03-27 21:23:20.680,125.194,1142,-2,15,0,0,1,0,0,0,1,1,0
2026-03-27 21:23:20.744,125.258,1142,-5,15,0,0,1,0,0,0,1,1,0
2026-03-27 21:23:20.888,125.402,1142,-5,15,0,0,1,0,0,0,1,1,0
2026-03-27 21:23:20.920,125.434,1143,-4,15,0,0,1,0,0,0,1,1,0
2026-03-27 21:23:20.922,125.436,1141,-2,15,0,0,1,0,0,0,1,1,0
2026-03-27 21:23:21.016,125.530,1142,-2,15,0,0,1,0,0,0,1,1,0
2026-03-27 21:23:21.032,125.546,1141,-2,14,0,0,1,0,0,0,1,1,0
2026-03-27 21:23:21.176,125.690,1142,-2,15,0,0,1,0,0,0,1,1,0
2026-03-27 21:23:21.193,125.707,1142,-4,14,0,0,1,0,0,0,1,1,0
2026-03-27 21:23:21.240,125.754,1142,-5,14,0,0,1,0,0,0,1,1,0
2026-03-27 21:23:21.400,125.914,1141,-5,15,0,0,1,0,0,0,1,1,0
2026-03-27 21:23:21.496,126.010,1142,-4,15,0,0,1,0,0,0,1,1,0
2026-03-27 21:23:21.498,126.012,1142,-5,15,0,0,1,0,0,0,1,1,0
2026-03-27 21:23:21.624,126.138,1141,-5,15,0,0,1,0,0,0,1,1,0
2026-03-27 21:23:21.752,126.266,1143,-5,14,0,0,1,0,0,0,1,1,0
2026-03-27 21:23:21.847,126.362,1143,-5,15,0,0,1,0,0,0,1,1,0
2026-03-27 21:23:21.976,126.490,1142,-2,14,0,0,1,0,0,0,1,1,0
2026-03-27 21:23:22.072,126.586,1142,-5,15,0,0,1,0,0,0,1,1,0
2026-03-27 21:23:22.074,126.588,1142,-5,15,0,0,1,0,0,0,1,1,0
2026-03-27 21:23:22.152,126.666,1142,-5,14,0,0,1,0,0,0,1,1,0
2026-03-27 21:23:22.248,126.762,1142,-5,15,0,0,1,0,0,0,1,1,0
2026-03-27 21:23:22.423,126.938,1141,-5,15,0,0,1,0,0,0,1,1,0
2026-03-27 21:23:22.455,126.969,1141,-5,14,0,0,1,0,0,0,1,1,0
2026-03-27 21:23:22.472,126.986,1141,-5,15,0,0,1,0,0,0,1,1,0
2026-03-27 21:23:22.601,127.115,1141,-4,14,0,0,1,0,0,0,1,1,0
2026-03-27 21:23:22.776,127.290,1140,-5,14,0,0,1,0,0,0,1,1,0
2026-03-27 21:23:22.840,127.355,1140,-5,15,0,0,1,0,0,0,1,1,0
2026-03-27 21:23:22.951,127.466,1140,-4,14,0,0,1,0,0,0,1,1,0
2026-03-27 21:23:22.968,127.482,1140,-4,15,0,0,1,0,0,0,1,1,0
2026-03-27 21:23:23.080,127.594,1140,-5,14,0,0,1,0,0,0,1,1,0
2026-03-27 21:23:23.081,127.595,1141,-5,14,0,0,1,0,0,0,1,1,0
2026-03-27 21:23:23.176,127.690,1142,-5,14,0,0,1,0,0,0,1,1,0
2026-03-27 21:23:23.320,127.834,1142,-4,14,0,0,1,0,0,0,1,1,0
2026-03-27 21:23:23.337,127.851,1143,-4,14,0,0,1,0,0,0,1,1,0
2026-03-27 21:23:23.448,127.962,1143,-4,15,0,0,1,0,0,0,1,1,0
2026-03-27 21:23:23.496,128.010,1142,-4,15,0,0,1,0,0,0,1,1,0
2026-03-27 21:23:23.498,128.012,1142,-5,15,0,0,1,0,0,0,1,1,0
2026-03-27 21:23:23.624,128.139,1142,-5,15,0,0,1,0,0,0,1,1,0
2026-03-27 21:23:23.736,128.250,1141,-5,15,0,0,1,0,0,0,1,1,0
2026-03-27 21:23:23.896,128.411,1141,-5,14,0,0,1,0,0,0,1,1,0
2026-03-27 21:23:23.912,128.426,1141,-5,14,0,0,1,0,0,0,1,1,0
2026-03-27 21:23:23.914,128.428,1142,-5,14,0,0,1,0,0,0,1,1,0
2026-03-27 21:23:23.927,128.441,1141,-5,14,0,0,1,0,0,0,1,1,0
2026-03-27 21:23:24.040,128.554,1141,-4,14,0,0,1,0,0,0,1,1,0
2026-03-27 21:23:24.184,128.698,1141,-5,14,0,0,1,0,0,0,1,1,0
2026-03-27 21:23:24.280,128.794,1141,-5,15,0,0,1,0,0,0,1,1,0
2026-03-27 21:23:24.344,128.859,1140,-4,14,0,0,1,0,0,0,1,1,0
2026-03-27 21:23:24.488,129.002,1141,-5,15,0,0,1,0,0,0,1,1,0
2026-03-27 21:23:24.584,129.098,1141,-5,15,0,0,1,0,0,0,1,1,0
2026-03-27 21:23:24.586,129.100,1142,-4,14,0,0,1,0,0,0,1,1,0
2026-03-27 21:23:24.744,129.258,1142,-2,14,0,0,1,0,0,0,1,1,0
2026-03-27 21:23:24.807,129.321,1141,-5,14,0,0,1,0,0,0,1,1,0
2026-03-27 21:23:24.921,129.435,1141,-5,14,0,0,1,0,0,0,1,1,0
2026-03-27 21:23:24.923,129.437,1142,-5,14,0,0,1,0,0,0,1,1,0
2026-03-27 21:23:24.968,129.482,1142,-5,15,0,0,1,0,0,0,1,1,0
2026-03-27 21:23:25.047,129.562,1141,-4,14,0,0,1,0,0,0,1,1,0
2026-03-27 21:23:25.128,129.642,1140,-4,14,0,0,1,0,0,0,1,1,0
2026-03-27 21:23:25.131,129.645,1141,-5,15,0,0,1,0,0,0,1,1,0
2026-03-27 21:23:25.240,129.754,1141,-4,14,0,0,1,0,0,0,1,1,0
2026-03-27 21:23:25.304,129.818,1141,-5,15,0,0,1,0,0,0,1,1,0
2026-03-27 21:23:25.399,129.914,1141,-4,14,0,0,1,0,0,0,1,1,0
2026-03-27 21:23:25.416,129.930,1141,-5,15,0,0,1,0,0,0,1,1,0
2026-03-27 21:23:25.496,130.011,1141,-4,12,0,0,1,0,0,0,1,1,0
2026-03-27 21:23:25.608,130.122,1141,-5,14,0,0,1,0,0,0,1,1,0
2026-03-27 21:23:25.688,130.202,1141,-5,14,0,0,1,0,0,0,1,1,0
2026-03-27 21:23:25.704,130.218,1141,-5,15,0,0,1,0,0,0,1,1,0
2026-03-27 21:23:25.768,130.282,1141,-2,15,0,0,1,0,0,0,1,1,0
2026-03-27 21:23:26.024,130.538,1142,-4,15,0,0,1,0,0,0,1,1,0
2026-03-27 21:23:26.248,130.762,1141,-5,14,0,0,1,0,0,0,1,1,0
2026-03-27 21:23:26.328,130.842,1141,-4,14,0,0,1,0,0,0,1,1,0
2026-03-27 21:23:26.456,130.971,1142,-5,14,0,0,1,0,0,0,1,1,0
2026-03-27 21:23:26.535,131.049,1141,-5,15,0,0,1,0,0,0,1,1,0
2026-03-27 21:23:26.600,131.114,1142,-4,15,0,0,1,0,0,0,1,1,0
2026-03-27 21:23:26.728,131.242,1141,-5,15,0,0,1,0,0,0,1,1,0
2026-03-27 21:23:26.744,131.258,1140,-5,15,0,0,1,0,0,0,1,1,0
2026-03-27 21:23:26.888,131.403,1141,-5,14,0,0,1,0,0,0,1,1,0
2026-03-27 21:23:26.920,131.434,1141,-4,12,0,0,1,0,0,0,1,1,0
2026-03-27 21:23:27.000,131.514,1142,-5,15,0,0,1,0,0,0,1,1,0
2026-03-27 21:23:27.095,131.609,1141,-5,15,0,0,1,0,0,0,1,1,0
2026-03-27 21:23:27.096,131.611,1141,-4,14,0,0,1,0,0,0,1,1,0
2026-03-27 21:23:27.255,131.770,1140,-5,15,0,0,1,0,0,0,1,1,0
2026-03-27 21:23:27.272,131.786,1141,-4,14,0,0,1,0,0,0,1,1,0
2026-03-27 21:23:27.336,131.850,1141,-5,14,0,0,1,0,0,0,1,1,0
2026-03-27 21:23:27.400,131.914,1141,-2,14,0,0,1,0,0,0,1,1,0
2026-03-27 21:23:27.512,132.026,1141,-4,14,0,0,1,0,0,0,1,1,0
2026-03-27 21:23:27.514,132.028,1140,-5,15,0,0,1,0,0,0,1,1,0
2026-03-27 21:23:27.640,132.154,1141,-5,15,0,0,1,0,0,0,1,1,0
2026-03-27 21:23:27.703,132.217,1142,-4,14,0,0,1,0,0,0,1,1,0
2026-03-27 21:23:27.704,132.218,1141,-5,15,0,0,1,0,0,0,1,1,0
2026-03-27 21:23:27.816,132.330,1140,-2,15,0,0,1,0,0,0,1,1,0
2026-03-27 21:23:27.831,132.345,1141,-4,15,0,0,1,0,0,0,1,1,0
2026-03-27 21:23:28.040,132.554,1141,-5,15,0,0,1,0,0,0,1,1,0
2026-03-27 21:23:28.055,132.569,1140,-5,15,0,0,1,0,0,0,1,1,0
2026-03-27 21:23:28.120,132.634,1140,-5,14,0,0,1,0,0,0,1,1,0
2026-03-27 21:23:28.216,132.730,1141,-5,14,0,0,1,0,0,0,1,1,0
2026-03-27 21:23:28.360,132.874,1141,-4,14,0,0,1,0,0,0,1,1,0
2026-03-27 21:23:28.456,132.970,1142,-4,15,0,0,1,0,0,0,1,1,0
2026-03-27 21:23:28.551,133.065,1141,-2,15,0,0,1,0,0,0,1,1,0
2026-03-27 21:23:28.553,133.067,1141,-2,15,0,0,1,0,0,0,1,1,0
2026-03-27 21:23:28.648,133.162,1142,-5,14,0,0,1,0,0,0,1,1,0
2026-03-27 21:23:28.791,133.306,1141,-4,14,0,0,1,0,0,0,1,1,0
2026-03-27 21:23:28.856,133.370,1142,-4,12,0,0,1,0,0,0,1,1,0
2026-03-27 21:23:28.968,133.482,1141,-2,15,0,0,1,0,0,0,1,1,0
2026-03-27 21:23:29.048,133.562,1141,-4,15,0,0,1,0,0,0,1,1,0
2026-03-27 21:23:29.192,133.706,1141,-4,15,0,0,1,0,0,0,1,1,0
2026-03-27 21:23:29.288,133.802,1143,-4,14,0,0,1,0,0,0,1,1,0
2026-03-27 21:23:29.416,133.930,1141,-4,14,0,0,1,0,0,0,1,1,0
2026-03-27 21:23:29.512,134.027,1142,-5,15,0,0,1,0,0,0,1,1,0
2026-03-27 21:23:29.592,134.106,1142,-4,15,0,0,1,0,0,0,1,1,0
2026-03-27 21:23:29.784,134.298,1143,-5,15,0,0,1,0,0,0,1,1,0
2026-03-27 21:23:29.785,134.299,1143,-5,15,0,0,1,0,0,0,1,1,0
2026-03-27 21:23:29.800,134.314,1142,-5,14,0,0,1,0,0,0,1,1,0
2026-03-27 21:23:29.959,134.473,1143,-5,14,0,0,1,0,0,0,1,1,0
2026-03-27 21:23:30.039,134.554,1143,-5,15,0,0,1,0,0,0,1,1,0
2026-03-27 21:23:30.120,134.634,1141,-5,14,0,0,1,0,0,0,1,1,0
2026-03-27 21:23:30.122,134.636,1142,-5,14,0,0,1,0,0,0,1,1,0
2026-03-27 21:23:30.504,135.018,1143,-5,15,0,0,1,0,0,0,1,1,0
2026-03-27 21:23:30.520,135.035,1143,-2,15,0,0,1,0,0,0,1,1,0
2026-03-27 21:23:30.522,135.036,1143,-2,15,0,0,1,0,0,0,1,1,0
2026-03-27 21:23:30.664,135.178,1142,-4,15,0,0,1,0,0,0,1,1,0
2026-03-27 21:23:30.759,135.273,1143,-5,14,0,0,1,0,0,0,1,1,0
2026-03-27 21:23:30.920,135.434,1143,-4,14,0,0,1,0,0,0,1,1,0
2026-03-27 21:23:31.032,135.546,1142,-4,15,0,0,1,0,0,0,1,1,0
2026-03-27 21:23:31.144,135.658,1140,-4,15,0,0,1,0,0,0,1,1,0
2026-03-27 21:23:31.191,135.705,1140,-4,15,0,0,1,0,0,0,1,1,0
2026-03-27 21:23:31.320,135.834,1142,-4,15,0,0,1,0,0,0,1,1,0
2026-03-27 21:23:31.399,135.913,1142,-4,15,0,0,1,0,0,0,1,1,0
2026-03-27 21:23:31.511,136.026,1140,-4,15,0,0,1,0,0,0,1,1,0
2026-03-27 21:23:31.671,136.185,1140,-4,15,0,0,1,0,0,0,1,1,0
2026-03-27 21:23:31.674,136.188,1140,-4,15,0,0,1,0,0,0,1,1,0
2026-03-27 21:23:31.703,136.218,1140,-4,15,0,0,1,0,0,0,1,1,0
2026-03-27 21:23:31.783,136.298,1140,-4,15,0,0,1,0,0,0,1,1,0
2026-03-27 21:23:31.786,136.300,1140,-4,15,0,0,1,0,0,0,1,1,0
2026-03-27 21:23:31.896,136.410,1140,-4,15,0,0,1,0,0,0,1,1,0
2026-03-27 21:23:32.023,136.537,1140,-4,15,0,0,1,0,0,0,1,1,0
2026-03-27 21:23:32.151,136.666,1140,-4,15,0,0,1,0,0,0,1,1,0
2026-03-27 21:23:32.247,136.762,1140,-4,15,0,0,1,0,0,0,1,1,0
2026-03-27 21:23:32.376,136.890,1140,-4,15,0,0,1,0,0,0,1,1,0
2026-03-27 21:23:32.378,136.892,1140,-4,15,0,0,1,0,0,0,1,1,0
2026-03-27 21:23:32.391,136.905,1140,-4,15,0,0,1,0,0,0,1,1,0
2026-03-27 21:23:32.551,137.065,1140,-4,15,0,0,1,0,0,0,1,1,0
2026-03-27 21:23:32.553,137.067,1140,-4,15,0,0,1,0,0,0,1,1,0
2026-03-27 21:23:32.663,137.178,1140,-4,15,0,0,1,0,0,0,1,1,0
2026-03-27 21:23:32.791,137.306,1140,-4,15,0,0,1,0,0,0,1,1,0
2026-03-27 21:23:32.872,137.386,1140,-1,15,0,0,1,0,0,0,1,1,0
2026-03-27 21:23:32.890,137.404,1140,-4,15,0,0,1,0,0,0,1,1,0
2026-03-27 21:23:33.048,137.562,1142,-4,15,0,0,1,0,0,0,1,1,0
2026-03-27 21:23:33.111,137.625,1140,-4,15,0,0,1,0,0,0,1,1,0
2026-03-27 21:23:33.112,137.626,1140,-4,15,0,0,1,0,0,0,1,1,0
2026-03-27 21:23:33.208,137.722,1140,-2,15,0,0,1,0,0,0,1,1,0
2026-03-27 21:23:33.304,137.818,1140,-4,15,0,0,1,0,0,0,1,1,0
2026-03-27 21:23:33.608,138.122,1140,-4,15,0,0,1,0,0,0,1,1,0
2026-03-27 21:23:33.671,138.185,1140,-4,15,0,0,1,0,0,0,1,1,0
2026-03-27 21:23:33.815,138.329,1140,-4,15,0,0,1,0,0,0,1,1,0
2026-03-27 21:23:33.960,138.474,1140,-4,15,0,0,1,0,0,0,1,1,0
2026-03-27 21:23:34.039,138.553,1141,-4,15,0,0,1,0,0,0,1,1,0
2026-03-27 21:23:34.041,138.555,1141,-1,15,0,0,1,0,0,0,1,1,0
2026-03-27 21:23:34.183,138.697,1140,-4,15,0,0,1,0,0,0,1,1,0
2026-03-27 21:23:34.327,138.841,1140,-4,15,0,0,1,0,0,0,1,1,0
2026-03-27 21:23:34.391,138.905,1140,-4,15,0,0,1,0,0,0,1,1,0
2026-03-27 21:23:34.519,139.034,1140,-4,15,0,0,1,0,0,0,1,1,0
2026-03-27 21:23:34.551,139.065,1140,-4,15,0,0,1,0,0,0,1,1,0
2026-03-27 21:23:34.567,139.081,1140,-4,15,0,0,1,0,0,0,1,1,0
2026-03-27 21:23:34.569,139.083,1140,-4,15,0,0,1,0,0,0,1,1,0
2026-03-27 21:23:34.712,139.226,1140,-4,15,0,0,1,0,0,0,1,1,0
2026-03-27 21:23:34.775,139.289,1140,-4,15,0,0,1,0,0,0,1,1,0
2026-03-27 21:23:34.984,139.498,1141,-1,15,0,0,1,0,0,0,1,1,0
2026-03-27 21:23:34.987,139.501,1140,-4,15,0,0,1,0,0,0,1,1,0
2026-03-27 21:23:35.128,139.642,1140,-4,15,0,0,1,0,0,0,1,1,0
2026-03-27 21:23:35.131,139.645,1140,-1,15,0,0,1,0,0,0,0,1,0
2026-03-27 21:23:35.191,139.706,1140,-1,15,0,0,1,0,0,0,0,1,0
2026-03-27 21:23:35.207,139.721,1140,-4,15,0,0,1,0,0,0,0,1,0
2026-03-27 21:23:35.271,139.785,1140,-4,15,0,0,1,0,0,0,0,1,0
2026-03-27 21:23:35.384,139.898,1140,-4,15,0,0,1,0,0,0,0,1,0
2026-03-27 21:23:35.543,140.057,1140,-4,15,0,0,1,0,0,0,0,1,0
2026-03-27 21:23:35.623,140.137,1140,-4,15,0,0,1,0,0,0,0,1,0
2026-03-27 21:23:35.736,140.250,1140,-4,15,0,0,1,0,0,0,0,1,0
2026-03-27 21:23:35.831,140.345,1140,-4,15,0,0,1,0,0,0,0,1,0
2026-03-27 21:23:35.896,140.410,1140,-4,15,0,0,1,0,0,0,0,1,0
2026-03-27 21:23:36.103,140.617,1141,-3,15,0,0,1,0,0,0,0,1,0
2026-03-27 21:23:36.151,140.665,1140,-1,15,0,0,1,0,0,0,0,1,0
2026-03-27 21:23:36.263,140.778,1140,-4,15,0,0,1,0,0,0,0,1,0
2026-03-27 21:23:36.266,140.780,1140,-4,15,0,0,1,0,0,0,0,1,0
2026-03-27 21:23:36.311,140.826,1140,-4,15,0,0,1,0,0,0,0,1,0
2026-03-27 21:23:36.472,140.986,1140,-4,15,0,0,1,0,0,0,0,1,0
2026-03-27 21:23:36.551,141.065,1140,-4,15,0,0,1,0,0,0,0,1,0
2026-03-27 21:23:36.553,141.067,1140,-4,15,0,0,1,0,0,0,0,1,0
2026-03-27 21:23:36.680,141.194,1140,-4,15,0,0,1,0,0,0,0,1,0
2026-03-27 21:23:36.683,141.197,1140,-4,15,0,0,1,0,0,0,0,1,0
2026-03-27 21:23:36.776,141.290,1140,-4,15,0,0,1,0,0,0,0,1,0
2026-03-27 21:23:36.887,141.401,1140,-4,15,0,0,1,0,0,0,0,1,0
2026-03-27 21:23:37.015,141.529,1140,-1,12,0,0,1,0,0,0,0,1,0
2026-03-27 21:23:37.111,141.625,1140,-4,15,0,0,1,0,0,0,0,1,0
2026-03-27 21:23:37.175,141.689,1140,-1,16,0,0,1,0,0,0,0,1,0
2026-03-27 21:23:37.191,141.705,1140,-4,15,0,0,1,0,0,0,0,1,0
2026-03-27 21:23:37.367,141.881,1140,-4,15,0,0,1,0,0,0,0,1,0
2026-03-27 21:23:37.463,141.977,1140,-4,15,0,0,1,0,0,0,0,1,0
2026-03-27 21:23:37.496,142.010,1140,-4,15,0,0,1,0,0,0,0,1,0
2026-03-27 21:23:37.498,142.012,1140,-4,15,0,0,1,0,0,0,0,1,0
2026-03-27 21:23:37.592,142.106,1140,-4,15,0,0,1,0,0,0,0,1,0
2026-03-27 21:23:37.671,142.185,1141,-4,15,0,0,1,0,0,0,0,1,0
2026-03-27 21:23:37.735,142.250,1140,-4,15,0,0,1,0,0,0,0,1,0
2026-03-27 21:23:38.088,142.602,1140,-4,15,0,0,1,0,0,0,0,1,0
2026-03-27 21:23:38.167,142.681,1140,-4,15,0,0,1,0,0,0,0,1,0
2026-03-27 21:23:38.312,142.826,1140,-4,15,0,0,1,0,0,0,1,1,0
2026-03-27 21:23:38.392,142.906,1141,-4,15,0,0,1,0,0,0,1,1,0
2026-03-27 21:23:38.504,143.018,1140,-4,15,0,0,1,0,0,0,1,1,0
2026-03-27 21:23:38.519,143.033,1140,-2,15,0,0,1,0,0,0,1,1,0
2026-03-27 21:23:38.599,143.113,1140,-4,15,0,0,1,0,0,0,1,1,0
2026-03-27 21:23:38.727,143.242,1140,-4,15,0,0,1,0,0,0,1,1,0
2026-03-27 21:23:38.854,143.369,1140,-4,15,0,0,1,0,0,0,1,1,0
2026-03-27 21:23:38.920,143.434,1140,-1,15,0,0,1,0,0,0,1,1,0
2026-03-27 21:23:38.983,143.497,1140,-4,15,0,0,1,0,0,0,1,1,0
2026-03-27 21:23:39.063,143.577,1140,-4,15,0,0,1,0,0,0,1,1,0
2026-03-27 21:23:39.159,143.673,1140,-4,12,0,0,1,0,0,0,1,1,0
2026-03-27 21:23:39.303,143.817,1140,-4,15,0,0,1,0,0,0,1,1,0
2026-03-27 21:23:39.321,143.835,1140,-4,15,0,0,1,0,0,0,1,1,0
2026-03-27 21:23:39.415,143.929,1140,-4,15,0,0,1,0,0,0,1,1,0
2026-03-27 21:23:39.447,143.961,1140,-4,15,0,0,1,0,0,0,1,1,0
2026-03-27 21:23:39.464,143.979,1140,-4,15,0,0,1,0,0,0,1,1,0
2026-03-27 21:23:39.576,144.090,1140,-4,15,0,0,1,0,0,0,1,1,0
2026-03-27 21:23:39.656,144.170,1140,-4,15,0,0,1,0,0,0,1,1,0
2026-03-27 21:23:39.783,144.297,1140,-4,15,0,0,1,0,0,0,1,1,0
2026-03-27 21:23:39.815,144.329,1140,-4,15,0,0,1,0,0,0,1,1,0
2026-03-27 21:23:39.833,144.347,1140,-5,15,0,0,1,0,0,0,1,1,0
2026-03-27 21:23:39.976,144.490,1140,-2,15,0,0,1,0,0,0,1,1,0
2026-03-27 21:23:39.978,144.492,1140,-4,15,0,0,1,0,0,0,1,1,0
2026-03-27 21:23:40.023,144.537,1140,-4,15,0,0,1,0,0,0,1,1,0
2026-03-27 21:23:40.152,144.666,1140,-1,15,0,0,1,0,0,0,1,1,0
2026-03-27 21:23:40.295,144.810,1140,-4,15,0,0,1,0,0,0,1,1,0
2026-03-27 21:23:40.407,144.921,1140,-4,15,0,0,1,0,0,0,1,1,0
2026-03-27 21:23:40.423,144.937,1140,-4,15,0,0,1,0,0,0,1,1,0
2026-03-27 21:23:40.424,144.938,1140,-4,0,0,0,0,0,0,0,0,0,0
2026-03-27 21:23:40.425,144.939,1140,-2,16,0,0,1,0,0,0,0,1,0
2026-03-27 21:23:40.471,144.985,1140,-4,15,0,0,1,0,0,0,0,1,0
2026-03-27 21:23:40.727,145.241,1140,-4,15,0,0,1,0,0,0,0,1,0
2026-03-27 21:23:40.872,145.386,1140,-4,15,0,0,1,0,0,0,0,1,0
2026-03-27 21:23:40.918,145.432,1140,-4,15,0,0,1,0,0,0,0,1,0
2026-03-27 21:23:40.920,145.434,1140,-4,15,0,0,1,0,0,0,0,1,0
2026-03-27 21:23:40.982,145.496,1140,-1,15,0,0,1,0,0,0,0,1,0
2026-03-27 21:23:40.984,145.498,1140,-4,15,0,0,1,0,0,0,0,1,0
2026-03-27 21:23:41.127,145.641,1140,-4,15,0,0,1,0,0,0,0,1,0
2026-03-27 21:23:41.207,145.721,1140,-4,12,0,0,1,0,0,0,0,1,0
2026-03-27 21:23:41.320,145.834,1140,-4,15,0,0,1,0,0,0,0,1,0
2026-03-27 21:23:41.383,145.897,1140,-4,15,0,0,1,0,0,0,0,1,0
2026-03-27 21:23:41.528,146.042,1140,-4,15,0,0,1,0,0,0,0,1,0
2026-03-27 21:23:41.592,146.106,1140,-4,15,0,0,1,0,0,0,0,1,0
2026-03-27 21:23:42.119,146.634,1140,-4,15,0,0,1,0,0,0,0,1,0
2026-03-27 21:23:42.136,146.650,1140,-1,15,0,0,1,0,0,0,1,1,0
2026-03-27 21:23:42.262,146.776,1140,-2,15,0,0,1,0,0,0,1,1,0
2026-03-27 21:23:42.327,146.841,1140,-4,15,0,0,1,0,0,0,1,1,0
2026-03-27 21:23:42.423,146.937,1140,-2,15,0,0,1,0,0,0,1,1,0
2026-03-27 21:23:42.520,147.034,1140,-4,15,0,0,1,0,0,0,1,1,0
2026-03-27 21:23:42.582,147.097,1141,-1,15,0,0,1,0,0,0,1,1,0
2026-03-27 21:23:42.743,147.257,1140,-4,15,0,0,1,0,0,0,1,1,0
2026-03-27 21:23:42.839,147.354,1140,-1,15,0,0,1,0,0,0,1,1,0
2026-03-27 21:23:42.935,147.450,1140,-1,15,0,0,1,0,0,0,1,1,0
2026-03-27 21:23:42.966,147.480,1140,-4,15,0,0,1,0,0,0,1,1,0
2026-03-27 21:23:42.983,147.497,1140,-1,15,0,0,1,0,0,0,1,1,0
2026-03-27 21:23:42.985,147.499,1140,-1,5,0,0,1,0,0,0,1,1,0
2026-03-27 21:23:43.159,147.673,1140,-4,15,0,0,1,0,0,0,1,1,0
2026-03-27 21:23:43.272,147.786,1140,-1,15,0,0,1,0,0,0,1,1,0
2026-03-27 21:23:43.415,147.929,1140,-2,15,0,0,1,0,0,0,1,1,0
2026-03-27 21:23:43.417,147.931,1140,-2,15,0,0,1,0,0,0,1,1,0
2026-03-27 21:23:43.495,148.009,1140,-1,15,0,0,1,0,0,0,1,1,0
2026-03-27 21:23:43.591,148.105,1140,-1,15,0,0,1,0,0,0,0,1,0
2026-03-27 21:23:43.593,148.107,1140,-1,15,0,0,1,0,0,0,0,1,0
2026-03-27 21:23:43.671,148.185,1141,-4,15,0,0,1,0,0,0,0,1,0
2026-03-27 21:23:43.672,148.187,1141,-4,15,0,0,1,0,0,0,0,1,0
2026-03-27 21:23:43.675,148.189,1140,-1,15,0,0,1,0,0,0,0,1,0
2026-03-27 21:23:43.832,148.346,1140,-1,15,0,0,1,0,0,0,0,1,0
2026-03-27 21:23:43.847,148.362,1140,-1,15,0,0,1,0,0,0,0,1,0
2026-03-27 21:23:44.119,148.633,1140,-4,15,0,0,1,0,0,0,0,1,0
2026-03-27 21:23:44.230,148.744,1140,-1,15,0,0,1,0,0,0,0,1,0
2026-03-27 21:23:44.233,148.747,1140,-4,15,0,0,1,0,0,0,0,1,0
2026-03-27 21:23:44.311,148.826,1140,-4,15,0,0,1,0,0,0,0,1,0
2026-03-27 21:23:44.471,148.985,1140,-4,15,0,0,1,0,0,0,0,1,0
2026-03-27 21:23:44.582,149.097,1140,-3,15,0,0,1,0,0,0,0,1,0
2026-03-27 21:23:44.679,149.193,1140,-2,15,0,0,1,0,0,0,0,1,0
2026-03-27 21:23:44.775,149.289,1141,-1,15,0,0,1,0,0,0,0,1,0
2026-03-27 21:23:44.871,149.385,1140,-4,15,0,0,1,0,0,0,0,1,0
2026-03-27 21:23:45.015,149.529,1140,-1,15,0,0,1,0,0,0,0,1,0
2026-03-27 21:23:45.062,149.576,1140,-4,15,0,0,1,0,0,0,0,1,0
2026-03-27 21:23:45.064,149.578,1140,-4,15,0,0,1,0,0,0,0,1,0
2026-03-27 21:23:45.191,149.705,1140,-4,15,0,0,1,0,0,0,0,1,0
2026-03-27 21:23:45.193,149.707,1140,-4,15,0,0,1,0,0,0,0,1,0
2026-03-27 21:23:45.367,149.882,1140,-4,15,0,0,1,0,0,0,0,1,0
2026-03-27 21:23:45.415,149.929,1141,-4,15,0,0,1,0,0,0,1,1,0
2026-03-27 21:23:45.559,150.073,1140,-4,15,0,0,1,0,0,0,1,1,0
2026-03-27 21:23:45.655,150.169,1140,-4,15,0,0,1,0,0,0,1,1,0
2026-03-27 21:23:45.751,150.265,1140,-1,15,0,0,1,0,0,0,1,1,0
2026-03-27 21:23:45.863,150.377,1140,-4,15,0,0,1,0,0,0,1,1,0
2026-03-27 21:23:45.959,150.473,1141,-4,15,0,0,1,0,0,0,1,1,0
2026-03-27 21:23:46.055,150.569,1140,-4,15,0,0,1,0,0,0,1,1,0
2026-03-27 21:23:46.166,150.680,1140,-4,15,0,0,1,0,0,0,1,1,0
2026-03-27 21:23:46.183,150.697,1140,-4,15,0,0,1,0,0,0,1,1,0
2026-03-27 21:23:46.184,150.698,1140,-2,15,0,0,1,0,0,0,1,1,0
2026-03-27 21:23:46.247,150.761,1141,-2,15,0,0,1,0,0,0,1,1,0
2026-03-27 21:23:46.343,150.857,1141,-4,15,0,0,1,0,0,0,1,1,0
2026-03-27 21:23:46.503,151.017,1140,-4,15,0,0,1,0,0,0,1,1,0
2026-03-27 21:23:46.535,151.049,1140,-4,15,0,0,1,0,0,0,1,1,0
2026-03-27 21:23:46.552,151.066,1140,-4,15,0,0,1,0,0,0,1,1,0
2026-03-27 21:23:46.647,151.161,1140,-4,15,0,0,1,0,0,0,1,1,0
2026-03-27 21:23:46.758,151.273,1140,-4,15,0,0,1,0,0,0,1,1,0
2026-03-27 21:23:46.791,151.305,1140,-1,15,0,0,1,0,0,0,1,1,0
2026-03-27 21:23:46.919,151.433,1141,-1,15,0,0,1,0,0,0,1,1,0
2026-03-27 21:23:46.998,151.512,1140,-4,15,0,0,1,0,0,0,1,1,0
2026-03-27 21:23:47.143,151.657,1140,-4,15,0,0,1,0,0,0,1,1,0
2026-03-27 21:23:47.207,151.721,1140,-4,15,0,0,1,0,0,0,1,1,0
2026-03-27 21:23:47.271,151.785,1140,-4,15,0,0,1,0,0,0,1,1,0
2026-03-27 21:23:47.414,151.929,1140,-4,15,0,0,1,0,0,0,1,1,0
2026-03-27 21:23:47.526,152.040,1140,-2,15,0,0,1,0,0,0,1,1,0
2026-03-27 21:23:47.607,152.121,1140,-1,15,0,0,1,0,0,0,1,1,0
2026-03-27 21:23:47.734,152.249,1140,-4,15,0,0,1,0,0,0,1,1,0
2026-03-27 21:23:47.738,152.252,1140,-1,16,0,0,1,0,0,0,1,1,0
2026-03-27 21:23:47.863,152.377,1140,-4,15,0,0,1,0,0,0,1,1,0
2026-03-27 21:23:47.991,152.505,1140,-4,15,0,0,1,0,0,0,1,1,0
2026-03-27 21:23:48.038,152.553,1140,-1,15,0,0,1,0,0,0,1,1,0
2026-03-27 21:23:48.134,152.648,1140,-1,15,0,0,1,0,0,0,1,1,0
2026-03-27 21:23:48.136,152.650,1140,-1,15,0,0,1,0,0,0,1,1,0
2026-03-27 21:23:48.247,152.761,1140,-4,12,0,0,1,0,0,0,1,1,0
2026-03-27 21:23:48.438,152.952,1140,-4,15,0,0,1,0,0,0,1,1,0
2026-03-27 21:23:48.598,153.112,1141,-4,12,0,0,1,0,0,0,1,1,0
2026-03-27 21:23:48.662,153.176,1140,-4,15,0,0,1,0,0,0,1,1,0
2026-03-27 21:23:48.806,153.320,1140,-4,15,0,0,1,0,0,0,1,1,0
2026-03-27 21:23:48.823,153.337,1140,-4,15,0,0,1,0,0,0,1,1,0
2026-03-27 21:23:48.887,153.401,1140,-1,15,0,0,1,0,0,0,1,1,0
2026-03-27 21:23:48.903,153.417,1140,-4,15,0,0,1,0,0,0,1,1,0
2026-03-27 21:23:48.982,153.496,1140,-4,15,0,0,1,0,0,0,1,1,0
2026-03-27 21:23:49.142,153.656,1140,-1,15,0,0,1,0,0,0,1,1,0
2026-03-27 21:23:49.143,153.658,1140,-4,15,0,0,1,0,0,0,1,1,0
2026-03-27 21:23:49.206,153.720,1140,-4,12,0,0,1,0,0,0,1,1,0
2026-03-27 21:23:49.335,153.849,1140,-4,15,0,0,1,0,0,0,1,1,0
2026-03-27 21:23:49.415,153.930,1140,-4,15,0,0,1,0,0,0,1,1,0
2026-03-27 21:23:49.558,154.072,1140,-1,15,0,0,1,0,0,0,1,1,0
2026-03-27 21:23:49.654,154.168,1140,-1,15,0,0,1,0,0,0,1,1,0
2026-03-27 21:23:49.990,154.504,1140,-4,15,0,0,1,0,0,0,1,1,0
2026-03-27 21:23:50.070,154.585,1140,-4,15,0,0,1,0,0,0,1,1,0
2026-03-27 21:23:50.215,154.729,1140,-2,15,0,0,1,0,0,0,1,1,0
2026-03-27 21:23:50.326,154.840,1140,-4,15,0,0,1,0,0,0,1,1,0
2026-03-27 21:23:50.329,154.843,1140,-4,15,0,0,1,0,0,0,1,1,0
2026-03-27 21:23:50.438,154.952,1140,-4,15,0,0,1,0,0,0,1,1,0
2026-03-27 21:23:50.486,155.001,1140,-1,15,0,0,1,0,0,0,1,1,0
2026-03-27 21:23:50.534,155.048,1140,-4,15,0,0,1,0,0,0,1,1,0
2026-03-27 21:23:50.630,155.144,1140,-1,15,0,0,1,0,0,0,1,1,0
2026-03-27 21:23:50.790,155.304,1140,-1,15,0,0,1,0,0,0,1,1,0
2026-03-27 21:23:50.793,155.307,1140,-4,15,0,0,1,0,0,0,1,1,0
2026-03-27 21:23:50.886,155.400,1140,-4,15,0,0,1,0,0,0,1,1,0
2026-03-27 21:23:50.950,155.464,1140,-4,15,0,0,1,0,0,0,1,1,0
2026-03-27 21:23:50.951,155.465,1140,-4,15,0,0,1,0,0,0,1,1,0
2026-03-27 21:23:50.953,155.467,1140,-1,15,0,0,1,0,0,0,1,1,0
2026-03-27 21:23:51.206,155.721,1140,-2,15,0,0,1,0,0,0,1,1,0
2026-03-27 21:23:51.287,155.801,1140,-4,15,0,0,1,0,0,0,1,1,0
2026-03-27 21:23:51.334,155.848,1140,-4,15,0,0,1,0,0,0,1,1,0
2026-03-27 21:23:51.350,155.864,1140,-4,15,0,0,1,0,0,0,1,1,0
2026-03-27 21:23:51.351,155.865,1141,-4,15,0,0,0,0,0,0,1,1,0
2026-03-27 21:23:51.463,155.977,1140,-1,15,0,0,1,0,0,0,1,1,0
2026-03-27 21:23:51.465,155.979,1140,-1,15,0,0,1,0,0,0,1,1,0
2026-03-27 21:23:51.478,155.992,1140,-4,15,0,0,1,0,0,0,1,1,0
2026-03-27 21:23:51.654,156.168,1140,-4,15,0,0,1,0,0,0,1,1,0
2026-03-27 21:23:51.702,156.216,1140,-4,15,0,0,1,0,0,0,1,1,0
2026-03-27 21:23:51.703,156.217,1140,-1,15,0,0,1,0,0,0,1,1,0
2026-03-27 21:23:51.750,156.264,1140,-1,15,0,0,1,0,0,0,1,1,0
2026-03-27 21:23:51.878,156.392,-40,-40,1248,0,0,1,0,0,0,1,1,0
2026-03-27 21:23:51.880,156.394,-40,-40,1211,0,0,1,0,0,0,1,1,0
2026-03-27 21:23:52.023,156.537,-40,-40,1211,0,0,1,0,0,0,1,1,0
2026-03-27 21:23:52.024,156.538,-40,2477,1211,0,0,1,1,0,0,0,0,0
2026-03-27 21:23:52.118,156.632,-40,2489,1211,0,0,1,0,0,0,1,1,0
2026-03-27 21:23:52.119,156.633,-40,-40,1238,0,0,1,0,0,0,1,1,0
2026-03-27 21:23:52.182,156.697,2960,-4,15,0,0,1,0,0,0,1,1,0
2026-03-27 21:23:52.262,156.777,1423,-4,15,0,0,1,0,0,0,1,1,0
2026-03-27 21:23:52.265,156.779,1185,-1,15,0,0,1,0,0,0,1,1,0
2026-03-27 21:23:52.454,156.968,1179,-1,15,0,0,1,0,0,0,1,1,0
2026-03-27 21:23:52.486,157.000,1146,-4,15,0,0,1,0,0,0,1,1,0
2026-03-27 21:23:52.630,157.144,1142,-1,15,0,0,1,0,0,0,1,1,0
2026-03-27 21:23:52.678,157.192,1141,-4,15,0,0,1,0,0,0,1,1,0
2026-03-27 21:23:52.838,157.352,1141,-4,15,0,0,1,0,0,0,1,1,0
2026-03-27 21:23:52.918,157.432,1141,-4,15,0,0,1,0,0,0,1,1,0
2026-03-27 21:23:53.046,157.560,1140,-4,15,0,0,1,0,0,0,1,1,0
2026-03-27 21:23:53.126,157.640,1140,-4,15,0,0,1,0,0,0,1,1,0
2026-03-27 21:23:53.271,157.785,1140,-4,16,0,0,1,0,0,0,1,1,0
2026-03-27 21:23:53.334,157.848,1141,-4,13,0,0,1,0,0,0,1,1,0
2026-03-27 21:23:53.430,157.944,1141,-3,15,0,0,1,0,0,0,1,1,0
2026-03-27 21:23:53.622,158.136,1140,-2,15,0,0,1,0,0,0,1,1,0
2026-03-27 21:23:53.701,158.216,1140,-4,15,0,0,1,0,0,0,1,1,0
2026-03-27 21:23:53.766,158.280,1140,-4,15,0,0,1,0,0,0,1,1,0
2026-03-27 21:23:53.862,158.376,1140,-4,15,0,0,1,0,0,0,1,1,0
2026-03-27 21:23:53.989,158.504,1140,-4,15,0,0,1,0,0,0,1,1,0
2026-03-27 21:23:54.150,158.664,1140,-4,15,0,0,1,0,0,0,1,1,0
2026-03-27 21:23:54.199,158.713,1140,-4,15,0,0,1,0,0,0,1,1,0
2026-03-27 21:23:54.311,158.825,1140,-4,15,0,0,1,0,0,0,1,1,0
2026-03-27 21:23:54.327,158.841,1140,-4,15,0,0,1,0,0,0,1,1,0
2026-03-27 21:23:54.423,158.937,1140,-4,15,0,0,1,0,0,0,1,1,0
2026-03-27 21:23:54.502,159.016,1140,-1,15,0,0,1,0,0,0,1,1,0
2026-03-27 21:23:54.503,159.017,1140,-1,15,0,0,1,0,0,0,1,1,0
2026-03-27 21:23:54.614,159.128,1140,-4,15,0,0,1,0,0,0,1,1,0
2026-03-27 21:23:54.710,159.224,1140,-4,15,0,0,1,0,0,0,1,1,0
2026-03-27 21:23:54.854,159.368,1140,-4,15,0,0,1,0,0,0,1,1,0
2026-03-27 21:23:54.886,159.400,1140,-4,15,0,0,1,0,0,0,1,1,0
2026-03-27 21:23:55.094,159.608,1140,-1,15,0,0,1,0,0,0,1,1,0
2026-03-27 21:23:55.174,159.688,1140,-1,15,0,0,1,0,0,0,1,1,0
2026-03-27 21:23:55.285,159.799,1140,-4,15,0,0,1,0,0,0,1,1,0
2026-03-27 21:23:55.302,159.816,1140,-5,15,0,0,1,0,0,0,1,1,0
2026-03-27 21:23:55.304,159.818,1140,-4,15,0,0,1,0,0,0,1,1,0
2026-03-27 21:23:55.398,159.912,1140,-4,15,0,0,1,0,0,0,1,1,0
2026-03-27 21:23:55.526,160.040,1140,-4,15,0,0,1,0,0,0,1,1,0
2026-03-27 21:23:55.638,160.152,1140,-4,15,0,0,1,0,0,0,1,1,0
2026-03-27 21:23:55.718,160.232,1140,-4,15,0,0,1,0,0,0,1,1,0
2026-03-27 21:23:55.877,160.392,1140,-4,15,0,0,1,0,0,0,1,1,0
2026-03-27 21:23:55.926,160.440,1140,-4,15,0,0,1,0,0,0,1,1,0
2026-03-27 21:23:56.006,160.520,1140,-2,15,0,0,1,0,0,0,1,1,0
2026-03-27 21:23:56.022,160.536,1140,-4,15,0,0,1,0,0,0,1,1,0
2026-03-27 21:23:56.118,160.632,1140,-4,15,0,0,1,0,0,0,1,1,0
2026-03-27 21:23:56.229,160.743,1141,-4,15,0,0,1,0,0,0,1,1,0
2026-03-27 21:23:56.231,160.745,1140,-4,15,0,0,1,0,0,0,1,1,0
2026-03-27 21:23:56.390,160.904,1140,-5,15,0,0,1,0,0,0,1,1,0
2026-03-27 21:23:56.453,160.968,1140,-4,15,0,0,1,0,0,0,1,1,0
2026-03-27 21:23:56.550,161.064,1140,-1,15,0,0,1,0,0,0,1,1,0
2026-03-27 21:23:56.694,161.208,1140,-1,15,0,0,1,0,0,0,1,1,0
2026-03-27 21:23:56.697,161.211,1140,-4,15,0,0,1,0,0,0,1,1,0
2026-03-27 21:23:56.790,161.304,1140,-4,15,0,0,1,0,0,0,1,1,0
2026-03-27 21:23:56.854,161.368,1140,-4,12,0,0,1,0,0,0,1,1,0
2026-03-27 21:23:56.870,161.384,1140,-4,13,0,0,1,0,0,0,1,1,0
2026-03-27 21:23:57.030,161.544,1140,-4,15,0,0,1,0,0,0,1,1,0
2026-03-27 21:23:57.063,161.577,1140,-4,15,0,0,1,0,0,0,1,1,0
2026-03-27 21:23:57.174,161.688,1140,-2,15,0,0,1,0,0,0,1,1,0
2026-03-27 21:23:57.350,161.864,1140,-4,15,0,0,1,0,0,0,1,1,0
2026-03-27 21:23:57.398,161.912,1140,-4,15,0,0,1,0,0,0,1,1,0
2026-03-27 21:23:57.446,161.960,1140,-4,15,0,0,1,0,0,0,1,1,0
2026-03-27 21:23:57.542,162.056,1140,-2,15,0,0,1,0,0,0,1,1,0
2026-03-27 21:23:57.686,162.200,1140,-2,15,0,0,1,0,0,0,1,1,0
2026-03-27 21:23:57.798,162.312,1140,-4,15,0,0,1,0,0,0,1,1,0
2026-03-27 21:23:57.958,162.472,1140,-4,15,0,0,1,0,0,0,1,1,0
2026-03-27 21:23:58.118,162.632,1140,-4,15,0,0,1,0,0,0,1,1,0
2026-03-27 21:23:58.214,162.728,1140,-4,15,0,0,1,0,0,0,1,1,0
2026-03-27 21:23:58.215,162.729,1140,-4,15,0,0,1,0,0,0,1,1,0
2026-03-27 21:23:58.342,162.856,1140,-4,15,0,0,1,0,0,0,1,1,0
2026-03-27 21:23:58.454,162.968,1141,-1,15,0,0,1,0,0,0,1,1,0
2026-03-27 21:23:58.550,163.064,1140,-4,15,0,0,1,0,0,0,1,1,0
2026-03-27 21:23:58.694,163.208,1140,-4,15,0,0,1,0,0,0,1,1,0
2026-03-27 21:23:58.822,163.336,1140,-4,15,0,0,1,0,0,0,1,1,0
2026-03-27 21:23:58.935,163.449,1140,-4,15,0,0,1,0,0,0,1,1,0
2026-03-27 21:23:59.094,163.608,1140,-4,15,0,0,1,0,0,0,1,1,0
2026-03-27 21:23:59.126,163.640,1141,-1,15,0,0,1,0,0,0,1,1,0
2026-03-27 21:23:59.222,163.736,1140,-4,15,0,0,1,0,0,0,1,1,0
2026-03-27 21:23:59.381,163.895,1140,-4,15,0,0,1,0,0,0,1,1,0
2026-03-27 21:23:59.384,163.898,1140,-4,15,0,0,1,0,0,0,1,1,0
2026-03-27 21:23:59.510,164.024,1140,-4,15,0,0,1,0,0,0,1,1,0
2026-03-27 21:23:59.606,164.120,1140,-4,15,0,0,1,0,0,0,1,1,0
2026-03-27 21:23:59.609,164.123,1140,-4,15,0,0,1,0,0,0,1,1,0
2026-03-27 21:23:59.686,164.200,1140,-4,15,0,0,1,0,0,0,1,1,0
2026-03-27 21:23:59.702,164.216,1140,-4,15,0,0,1,0,0,0,1,1,0
2026-03-27 21:23:59.765,164.280,1140,-4,15,0,0,1,0,0,0,1,1,0
2026-03-27 21:23:59.878,164.392,1140,-4,15,0,0,1,0,0,0,1,1,0
2026-03-27 21:23:59.942,164.456,1140,-1,15,0,0,1,0,0,0,1,1,0
2026-03-27 21:24:00.024,164.538,1140,-4,15,0,0,1,0,0,0,1,1,0
2026-03-27 21:24:00.040,164.554,1140,-4,15,0,0,1,0,0,0,1,1,0
2026-03-27 21:24:00.135,164.649,1140,-4,15,0,0,1,0,0,0,1,1,0
2026-03-27 21:24:00.136,164.650,1140,-4,15,0,0,1,1,0,0,0,0,0
2026-03-27 21:24:00.150,164.664,1140,-4,15,0,0,1,0,0,0,1,1,0
2026-03-27 21:24:00.246,164.760,1140,-4,15,0,0,1,0,0,0,1,1,0
2026-03-27 21:24:00.374,164.888,1140,-4,15,0,0,1,0,0,0,1,1,0
2026-03-27 21:24:00.469,164.983,1140,-2,15,0,0,1,0,0,0,1,1,0
2026-03-27 21:24:00.598,165.112,1140,-4,15,0,0,1,0,0,0,1,1,0
2026-03-27 21:24:00.694,165.208,1140,-4,15,0,0,1,0,0,0,1,1,0
2026-03-27 21:24:00.710,165.224,1140,-4,15,0,0,1,0,0,0,1,1,0
2026-03-27 21:24:00.853,165.367,1140,-4,15,0,0,1,0,0,0,1,1,0
2026-03-27 21:24:00.855,165.369,1140,-4,15,0,0,1,0,0,0,1,1,0
2026-03-27 21:24:00.857,165.371,1140,-4,15,0,0,1,0,0,0,1,1,0
2026-03-27 21:24:00.870,165.384,1140,-4,15,0,0,1,0,0,0,1,1,0
2026-03-27 21:24:01.014,165.528,1140,-4,15,0,0,1,0,0,0,1,1,0
2026-03-27 21:24:01.078,165.592,1140,-4,15,0,0,1,0,0,0,1,1,0
2026-03-27 21:24:01.095,165.609,1140,-4,15,0,0,1,0,0,0,1,1,0
2026-03-27 21:24:01.190,165.704,1140,-4,15,0,0,1,0,0,0,1,1,0
2026-03-27 21:24:01.286,165.800,1140,-4,15,0,0,1,0,0,0,1,1,0
2026-03-27 21:24:01.301,165.815,1140,-4,15,0,0,1,0,0,0,1,1,0
2026-03-27 21:24:01.462,165.976,1140,-4,15,0,0,1,0,0,0,1,1,0
2026-03-27 21:24:01.558,166.072,1140,-4,15,0,0,1,0,0,0,1,1,0
2026-03-27 21:24:01.589,166.103,1140,-4,15,0,0,1,0,0,0,1,1,0
2026-03-27 21:24:01.750,166.264,1140,-4,15,0,0,1,0,0,0,1,1,0
2026-03-27 21:24:01.862,166.376,1140,-4,15,0,0,1,0,0,0,1,1,0
2026-03-27 21:24:01.879,166.394,1140,-4,15,0,0,1,0,0,0,1,1,0
2026-03-27 21:24:01.990,166.504,1140,-5,15,0,0,1,0,0,0,1,1,0
2026-03-27 21:24:02.054,166.568,1140,-2,15,0,0,1,0,0,0,1,1,0
2026-03-27 21:24:02.055,166.569,1140,-2,15,0,0,1,0,0,0,1,1,0
2026-03-27 21:24:02.056,166.570,11415,0,0,0,0,1,0,0,0,1,1,0
2026-03-27 21:24:02.133,166.648,1141,-4,15,0,0,1,0,0,0,1,1,0
2026-03-27 21:24:02.150,166.664,1141,-4,15,0,0,1,0,0,0,1,1,0
2026-03-27 21:24:02.182,166.696,1140,-4,15,0,0,1,0,0,0,1,1,0
2026-03-27 21:24:02.198,166.712,1140,-4,15,0,0,1,0,0,0,1,1,0
2026-03-27 21:24:02.326,166.840,1140,-4,15,0,0,1,0,0,0,1,1,0
2026-03-27 21:24:02.422,166.936,1140,-4,15,0,0,1,0,0,0,1,1,0
2026-03-27 21:24:02.533,167.047,1140,-2,15,0,0,1,0,0,0,1,1,0
2026-03-27 21:24:02.646,167.160,1140,-4,15,0,0,1,0,0,0,1,1,0
2026-03-27 21:24:02.790,167.304,1140,-1,15,0,0,1,0,0,0,1,1,0
2026-03-27 21:24:02.806,167.320,1140,-4,15,0,0,1,0,0,0,1,1,0
2026-03-27 21:24:02.950,167.464,1140,-4,15,0,0,1,0,0,0,1,1,0
2026-03-27 21:24:03.013,167.527,1140,-4,15,0,0,1,0,0,0,1,1,0
2026-03-27 21:24:03.015,167.529,1140,-4,15,0,0,1,0,0,0,1,1,0
2026-03-27 21:24:03.142,167.656,1140,-4,15,0,0,1,0,0,0,1,1,0
2026-03-27 21:24:03.144,167.658,1140,-4,15,0,0,1,0,0,0,1,1,0
2026-03-27 21:24:03.301,167.816,1140,-4,15,0,0,1,0,0,0,1,1,0
2026-03-27 21:24:03.397,167.911,1140,-4,15,0,0,1,0,0,0,1,1,0
2026-03-27 21:24:03.414,167.928,1140,-4,15,0,0,1,0,0,0,1,1,0
2026-03-27 21:24:03.477,167.992,1140,-1,15,0,0,1,0,0,0,1,1,0
2026-03-27 21:24:03.494,168.008,1140,-2,15,0,0,1,0,0,0,1,1,0
2026-03-27 21:24:03.621,168.135,1140,-4,15,0,0,1,1,0,0,0,0,0
2026-03-27 21:24:03.637,168.151,1140,-4,15,0,0,1,0,0,0,1,1,0
2026-03-27 21:24:03.734,168.248,1140,-4,15,0,0,1,0,0,0,1,1,0
2026-03-27 21:24:03.846,168.360,1140,-4,15,0,0,1,0,0,0,1,1,0
2026-03-27 21:24:03.942,168.456,1140,-4,15,0,0,1,0,0,0,1,1,0
2026-03-27 21:24:04.039,168.553,1140,-4,15,0,0,1,0,0,0,1,1,0
2026-03-27 21:24:04.102,168.616,1140,-4,15,0,0,1,0,0,0,1,1,0
2026-03-27 21:24:04.246,168.760,1140,-4,15,0,0,1,0,0,0,1,1,0
2026-03-27 21:24:04.374,168.888,1140,-4,15,0,0,1,0,0,0,1,1,0
2026-03-27 21:24:04.392,168.906,1140,-4,15,0,0,1,0,0,0,1,1,0
2026-03-27 21:24:04.486,169.000,1140,-4,15,0,0,1,0,0,0,1,1,0
2026-03-27 21:24:04.534,169.048,1140,-4,15,0,0,1,0,0,0,1,1,0
2026-03-27 21:24:04.677,169.192,1140,-4,15,0,0,1,0,0,0,1,1,0
2026-03-27 21:24:04.774,169.288,1140,-4,15,0,0,1,0,0,0,1,1,0
2026-03-27 21:24:04.933,169.447,1140,-4,15,0,0,1,0,0,0,1,1,0
2026-03-27 21:24:04.936,169.450,1140,-4,15,0,0,1,0,0,0,1,1,0
2026-03-27 21:24:05.046,169.560,1140,-2,15,0,0,1,0,0,0,1,1,0
2026-03-27 21:24:05.109,169.624,1140,-4,15,0,0,1,0,0,0,1,1,0
2026-03-27 21:24:05.558,170.072,1140,-4,15,0,0,1,0,0,0,1,1,0
2026-03-27 21:24:05.670,170.184,1140,-4,15,0,0,1,0,0,0,1,1,0
2026-03-27 21:24:05.672,170.187,1140,-4,15,0,0,1,0,0,0,1,1,0
2026-03-27 21:24:05.782,170.296,1140,-1,15,0,0,1,0,0,0,1,1,0
2026-03-27 21:24:05.909,170.423,1140,-4,15,0,0,1,0,0,0,1,1,0
2026-03-27 21:24:05.911,170.425,1140,-4,15,0,0,1,0,0,0,1,1,0
2026-03-27 21:24:06.037,170.552,1140,-4,15,0,0,1,0,0,0,1,1,0
2026-03-27 21:24:06.039,170.553,1140,-4,15,0,0,1,0,0,0,1,1,0
2026-03-27 21:24:06.040,170.554,1140,-4,15,0,0,1,0,0,0,1,1,0
2026-03-27 21:24:06.102,170.616,1140,-4,15,0,0,1,0,0,0,1,1,0
2026-03-27 21:24:06.104,170.618,1140,-2,15,0,0,1,0,0,0,1,1,0
2026-03-27 21:24:06.182,170.696,1140,-1,15,0,0,1,0,0,0,1,1,0
2026-03-27 21:24:06.309,170.823,1140,-2,15,0,0,1,0,0,0,1,1,0
2026-03-27 21:24:06.470,170.984,1140,-4,15,0,0,1,0,0,0,1,1,0
2026-03-27 21:24:06.613,171.127,1140,-4,15,0,0,1,0,0,0,1,1,0
2026-03-27 21:24:06.694,171.208,1140,-4,15,0,0,1,0,0,0,1,1,0
2026-03-27 21:24:06.822,171.336,1140,-4,15,0,0,1,0,0,0,1,1,0
2026-03-27 21:24:06.823,171.337,1140,-4,15,0,0,1,0,0,0,1,1,0
2026-03-27 21:24:06.869,171.383,1140,-4,16,0,0,1,0,0,0,1,1,0
2026-03-27 21:24:06.871,171.385,1140,-4,15,0,0,1,0,0,0,1,1,0
2026-03-27 21:24:06.965,171.480,1140,-1,15,0,0,1,0,0,0,1,1,0
2026-03-27 21:24:07.077,171.591,1140,-4,15,0,0,1,0,0,0,1,1,0
2026-03-27 21:24:07.286,171.800,1140,-1,15,0,0,1,0,0,0,1,1,0
2026-03-27 21:24:07.303,171.817,1140,-4,15,0,0,1,0,0,0,1,1,0
2026-03-27 21:24:07.317,171.831,1140,-4,15,0,0,1,0,0,0,1,1,0
2026-03-27 21:24:07.414,171.928,1140,-4,15,0,0,1,0,0,0,1,1,0
2026-03-27 21:24:07.417,171.932,1140,-4,15,0,0,1,0,0,0,1,1,0
2026-03-27 21:24:07.510,172.024,1140,-4,15,0,0,1,0,0,0,1,1,0
2026-03-27 21:24:07.590,172.104,1140,-4,15,0,0,1,0,0,0,1,1,0
2026-03-27 21:24:07.797,172.311,1140,-3,15,0,0,1,0,0,0,1,1,0
2026-03-27 21:24:07.878,172.392,1140,-5,15,0,0,1,0,0,0,1,1,0
2026-03-27 21:24:07.941,172.455,1140,-4,15,0,0,1,0,0,0,1,1,0
2026-03-27 21:24:07.942,172.457,1140,-4,14,0,0,1,0,0,0,1,1,0
2026-03-27 21:24:08.054,172.568,1140,-4,15,0,0,1,0,0,0,1,1,0
2026-03-27 21:24:08.150,172.664,1140,-4,15,0,0,1,0,0,0,1,1,0
2026-03-27 21:24:08.152,172.666,1140,-4,15,0,0,1,0,0,0,1,1,0
2026-03-27 21:24:08.262,172.776,1140,-4,15,0,0,1,0,0,0,1,1,0
2026-03-27 21:24:08.357,172.871,1140,-1,15,0,0,1,0,0,0,1,1,0
2026-03-27 21:24:08.469,172.983,1140,-4,15,0,0,1,0,0,0,1,1,0
2026-03-27 21:24:08.471,172.985,1140,-4,15,0,0,1,0,0,0,1,1,0
2026-03-27 21:24:08.550,173.064,1140,-4,15,0,0,1,0,0,0,1,1,0
2026-03-27 21:24:08.741,173.255,1140,-4,15,0,0,1,0,0,0,1,1,0
2026-03-27 21:24:08.869,173.383,1140,-4,15,0,0,1,0,0,0,1,1,0
2026-03-27 21:24:08.902,173.416,1140,-4,15,0,0,1,0,0,0,1,1,0
2026-03-27 21:24:09.045,173.559,1140,-2,15,0,0,1,0,0,0,1,1,0
2026-03-27 21:24:09.061,173.575,1140,-1,15,0,0,1,0,0,0,1,1,0
2026-03-27 21:24:09.063,173.577,1140,-4,15,0,0,1,0,0,0,1,1,0
2026-03-27 21:24:09.125,173.639,1140,-4,15,0,0,1,0,0,0,1,1,0
2026-03-27 21:24:09.128,173.642,1140,-4,15,0,0,1,0,0,0,1,1,0
2026-03-27 21:24:09.350,173.864,1140,-4,13,0,0,1,0,0,0,1,1,0
2026-03-27 21:24:09.429,173.943,1140,-4,15,0,0,1,0,0,0,1,1,0
2026-03-27 21:24:09.541,174.055,1140,-1,15,0,0,1,0,0,0,1,1,0
2026-03-27 21:24:09.621,174.135,1140,-4,15,0,0,1,0,0,0,1,1,0
2026-03-27 21:24:09.623,174.137,1140,-4,15,0,0,1,0,0,0,1,1,0
2026-03-27 21:24:09.781,174.295,1140,-4,15,0,0,1,0,0,0,1,1,0
2026-03-27 21:24:09.829,174.343,1140,-4,15,0,0,1,0,0,0,1,1,0
2026-03-27 21:24:09.989,174.503,1140,-4,15,0,0,1,0,0,0,1,1,0
2026-03-27 21:24:10.085,174.599,1140,-1,15,0,0,1,0,0,0,1,1,0
2026-03-27 21:24:10.165,174.679,1140,-4,15,0,0,1,0,0,0,1,1,0
2026-03-27 21:24:10.167,174.681,1140,-4,15,0,0,1,0,0,0,1,1,0
2026-03-27 21:24:10.181,174.695,11400,0,0,0,0,0,0,0,0,1,1,0
2026-03-27 21:24:10.325,174.839,1140,-4,15,0,0,1,0,0,0,1,1,0
2026-03-27 21:24:10.326,174.841,1140,-4,15,0,0,1,0,0,0,1,1,0
2026-03-27 21:24:10.421,174.935,1140,-1,15,0,0,1,0,0,0,1,1,0
2026-03-27 21:24:10.549,175.063,1140,-4,15,0,0,1,0,0,0,1,1,0
2026-03-27 21:24:10.581,175.095,1141,-4,15,0,0,1,0,0,0,1,1,0
2026-03-27 21:24:10.709,175.223,1140,-4,15,0,0,1,0,0,0,1,1,0
2026-03-27 21:24:10.853,175.367,1140,-4,15,0,0,1,0,0,0,1,1,0
2026-03-27 21:24:10.949,175.463,1141,-4,15,0,0,1,0,0,0,1,1,0
2026-03-27 21:24:10.966,175.480,1140,-4,15,0,0,1,0,0,0,1,1,0
2026-03-27 21:24:11.094,175.608,1140,-4,15,0,0,1,0,0,0,1,1,0
2026-03-27 21:24:11.159,175.673,1140,-1,15,0,0,1,0,0,0,1,1,0
2026-03-27 21:24:11.163,175.677,1140,-4,15,0,0,1,0,0,0,1,1,0
2026-03-27 21:24:11.238,175.752,1140,-4,15,0,0,1,0,0,0,1,1,0
2026-03-27 21:24:11.239,175.753,1140,-4,15,0,0,0,1,0,0,0,0,0
2026-03-27 21:24:11.241,175.755,1140,-1,15,0,0,1,0,0,0,1,1,0
2026-03-27 21:24:11.350,175.865,1140,-1,15,0,0,1,0,0,0,1,1,0
2026-03-27 21:24:11.381,175.895,1140,-4,12,0,0,1,0,0,0,1,1,0
2026-03-27 21:24:11.477,175.991,1141,-4,12,0,0,1,0,0,0,1,1,0
2026-03-27 21:24:11.478,175.992,1141,-4,12,0,0,1,0,0,0,1,1,0
2026-03-27 21:24:11.606,176.120,1140,-4,15,0,0,1,0,0,0,1,1,0
2026-03-27 21:24:11.685,176.199,1140,-4,15,0,0,1,0,0,0,1,1,0
2026-03-27 21:24:11.687,176.202,1140,-4,15,0,0,1,0,0,0,1,1,0
2026-03-27 21:24:11.701,176.216,1140,-4,15,0,0,1,0,0,0,1,1,0
2026-03-27 21:24:11.829,176.343,1140,-4,15,0,0,1,0,0,0,1,1,0
2026-03-27 21:24:11.957,176.471,1140,-4,15,0,0,1,0,0,0,1,1,0
2026-03-27 21:24:11.973,176.487,1140,-4,15,0,0,1,0,0,0,1,1,0
2026-03-27 21:24:11.975,176.489,1140,-4,15,0,0,1,0,0,0,1,1,0
2026-03-27 21:24:12.053,176.567,1140,-4,15,0,0,1,0,0,0,1,1,0
2026-03-27 21:24:12.165,176.679,1140,-4,15,0,0,1,0,0,0,1,1,0
2026-03-27 21:24:12.310,176.824,1140,-4,15,0,0,1,0,0,0,1,1,0
2026-03-27 21:24:12.357,176.871,1140,-4,15,0,0,1,0,0,0,1,1,0
2026-03-27 21:24:12.517,177.031,1140,-4,15,0,0,1,0,0,0,1,1,0
2026-03-27 21:24:12.629,177.143,1140,-4,15,0,0,1,0,0,0,1,1,0
2026-03-27 21:24:12.645,177.159,1140,-4,15,0,0,1,0,0,0,1,1,0
2026-03-27 21:24:12.694,177.209,1140,-4,15,0,0,1,0,0,0,1,1,0
2026-03-27 21:24:12.838,177.352,1140,-4,15,0,0,1,0,0,0,1,1,0
2026-03-27 21:24:12.870,177.384,1140,-4,15,0,0,1,0,0,0,1,1,0
2026-03-27 21:24:12.951,177.465,1140,-2,12,0,0,1,0,0,0,1,1,0
2026-03-27 21:24:13.077,177.591,1140,-4,15,0,0,1,0,0,0,1,1,0
2026-03-27 21:24:13.157,177.672,1140,-4,15,0,0,1,0,0,0,1,1,0
2026-03-27 21:24:13.174,177.688,1140,-1,15,0,0,1,0,0,0,1,1,0
2026-03-27 21:24:13.334,177.848,1140,-1,15,0,0,1,0,0,0,1,1,0
2026-03-27 21:24:13.336,177.850,1140,-4,15,0,0,1,0,0,0,1,1,0
2026-03-27 21:24:13.430,177.944,1140,-4,15,0,0,1,0,0,0,1,1,0
2026-03-27 21:24:13.434,177.948,1140,-4,15,0,0,1,0,0,0,1,1,0
2026-03-27 21:24:13.478,177.992,1140,-4,15,0,0,1,0,0,0,1,1,0
2026-03-27 21:24:13.589,178.103,1140,-4,15,0,0,1,0,0,0,1,1,0
2026-03-27 21:24:13.781,178.295,1140,-4,15,0,0,1,0,0,0,1,1,0
2026-03-27 21:24:13.813,178.327,1140,-4,15,0,0,1,0,0,0,1,1,0
2026-03-27 21:24:13.816,178.330,1140,-4,15,0,0,1,0,0,0,1,1,0
2026-03-27 21:24:13.909,178.423,1140,-4,15,0,0,1,0,0,0,1,1,0
2026-03-27 21:24:14.053,178.567,1140,-4,15,0,0,1,0,0,0,1,1,0
2026-03-27 21:24:14.165,178.679,1140,-4,15,0,0,1,0,0,0,1,1,0
2026-03-27 21:24:14.168,178.682,1140,-4,15,0,0,1,0,0,0,1,1,0
2026-03-27 21:24:14.229,178.743,1140,-4,15,0,0,1,0,0,0,1,1,0
2026-03-27 21:24:14.357,178.871,1140,-4,15,0,0,1,0,0,0,1,1,0
2026-03-27 21:24:14.470,178.984,1140,-4,15,0,0,1,0,0,0,1,1,0
2026-03-27 21:24:14.549,179.063,1140,-1,15,0,0,1,0,0,0,1,1,0
2026-03-27 21:24:14.677,179.191,1141,-4,15,0,0,1,0,0,0,1,1,0
2026-03-27 21:24:14.725,179.239,1140,-4,15,0,0,1,0,0,0,1,1,0
2026-03-27 21:24:14.805,179.320,1140,-1,15,0,0,1,0,0,0,1,1,0
2026-03-27 21:24:14.981,179.495,1140,-4,15,0,0,1,0,0,0,1,1,0
2026-03-27 21:24:15.077,179.591,1140,-1,15,0,0,1,0,0,0,1,1,0
2026-03-27 21:24:15.080,179.594,1140,-5,15,0,0,1,0,0,0,1,1,0
2026-03-27 21:24:15.141,179.655,1140,-2,15,0,0,1,0,0,0,1,1,0
2026-03-27 21:24:15.221,179.735,1140,-4,15,0,0,1,0,0,0,1,1,0
2026-03-27 21:24:15.365,179.879,1140,-4,15,0,0,1,0,0,0,1,1,0
2026-03-27 21:24:15.493,180.007,1140,-4,15,0,0,1,0,0,0,1,1,0
2026-03-27 21:24:15.541,180.056,1141,-4,15,0,0,1,0,0,0,1,1,0
2026-03-27 21:24:15.670,180.184,1140,-4,15,0,0,1,0,0,0,1,1,0
2026-03-27 21:24:15.688,180.202,1140,-4,15,0,0,1,0,0,0,1,1,0
2026-03-27 21:24:15.797,180.311,1140,-4,15,0,0,1,0,0,0,1,1,0
2026-03-27 21:24:15.801,180.315,1140,-4,15,0,0,1,0,0,0,1,1,0
2026-03-27 21:24:15.814,180.328,1140,-4,15,0,0,1,0,0,0,1,1,0
2026-03-27 21:24:15.818,180.332,1140,-4,15,0,0,1,0,0,0,1,1,0
2026-03-27 21:24:15.910,180.424,1140,-4,15,0,0,1,0,0,0,1,1,0
2026-03-27 21:24:16.006,180.520,1140,-4,15,0,0,1,0,0,0,1,1,0
2026-03-27 21:24:16.117,180.631,1140,-4,15,0,0,1,0,0,0,1,1,0
2026-03-27 21:24:16.197,180.711,1140,-4,15,0,0,1,0,0,0,1,1,0
2026-03-27 21:24:16.341,180.855,1141,-4,15,0,0,1,0,0,0,1,1,0
2026-03-27 21:24:16.373,180.887,1140,-4,15,0,0,1,0,0,0,1,1,0
2026-03-27 21:24:16.389,180.903,1140,-4,15,0,0,1,0,0,0,1,1,0
2026-03-27 21:24:16.533,181.047,1140,-4,15,0,0,1,0,0,0,1,1,0
2026-03-27 21:24:16.629,181.143,1140,-4,15,0,0,1,0,0,0,1,1,0
2026-03-27 21:24:16.772,181.286,1140,-4,15,0,0,1,0,0,0,1,1,0
2026-03-27 21:24:16.774,181.288,1140,-4,15,0,0,1,0,0,0,1,1,0
2026-03-27 21:24:16.775,181.290,1140,-5,0,0,0,1,0,0,0,1,1,0
2026-03-27 21:24:16.853,181.367,1140,-4,15,0,0,1,0,0,0,1,1,0
2026-03-27 21:24:16.949,181.463,1140,-4,15,0,0,1,0,0,0,1,1,0
2026-03-27 21:24:17.092,181.607,1140,-1,15,0,0,1,0,0,0,1,1,0
2026-03-27 21:24:17.094,181.608,1140,-1,15,0,0,1,0,0,0,1,1,0
2026-03-27 21:24:17.237,181.751,1140,-4,15,0,0,1,0,0,0,1,1,0
2026-03-27 21:24:17.285,181.799,1141,-4,15,0,0,1,0,0,0,1,1,0
2026-03-27 21:24:17.365,181.879,1140,-1,15,0,0,1,0,0,0,1,1,0
2026-03-27 21:24:17.477,181.991,1140,-1,15,0,0,1,0,0,0,1,1,0
2026-03-27 21:24:17.621,182.135,1140,-4,15,0,0,1,0,0,0,1,1,0
2026-03-27 21:24:17.669,182.183,1140,-2,15,0,0,1,0,0,0,1,1,0
2026-03-27 21:24:17.749,182.264,1140,-4,15,0,0,1,0,0,0,1,1,0
2026-03-27 21:24:17.941,182.455,1140,-4,15,0,0,1,0,0,0,1,1,0
2026-03-27 21:24:18.053,182.567,1140,-1,15,0,0,1,0,0,0,1,1,0
2026-03-27 21:24:18.070,182.584,1140,-4,15,0,0,1,0,0,0,1,1,0
2026-03-27 21:24:18.116,182.630,1140,-4,15,0,0,1,0,0,0,1,1,0
2026-03-27 21:24:18.213,182.727,1140,-4,16,0,0,1,0,0,0,1,1,0
2026-03-27 21:24:18.229,182.743,1140,-4,15,0,0,1,0,0,0,1,1,0
2026-03-27 21:24:18.341,182.856,1140,-4,15,0,0,1,0,0,0,1,1,0
2026-03-27 21:24:18.437,182.951,1140,-4,15,0,0,1,0,0,0,1,1,0
2026-03-27 21:24:18.565,183.079,1140,-4,15,0,0,1,0,0,0,1,1,0
2026-03-27 21:24:18.644,183.159,1140,-4,15,0,0,1,0,0,0,1,1,0
2026-03-27 21:24:18.900,183.415,1140,-4,15,0,0,1,0,0,0,1,1,0
2026-03-27 21:24:18.903,183.417,1140,-2,15,0,0,1,0,0,0,1,1,0
2026-03-27 21:24:18.997,183.511,1140,-4,15,0,0,1,0,0,0,1,1,0
2026-03-27 21:24:18.999,183.513,1140,-4,15,0,0,1,0,0,0,1,1,0
2026-03-27 21:24:19.001,183.515,1140,-4,15,0,0,1,0,0,0,1,1,0
2026-03-27 21:24:19.125,183.639,1140,-4,15,0,0,1,0,0,0,1,1,0
2026-03-27 21:24:19.397,183.911,1140,-4,15,0,0,1,0,0,0,1,1,0
2026-03-27 21:24:19.400,183.914,1140,-2,15,0,0,1,0,0,0,1,1,0
2026-03-27 21:24:19.541,184.055,1140,-4,15,0,0,1,0,0,0,1,1,0
2026-03-27 21:24:19.605,184.119,1140,-4,15,0,0,1,0,0,0,1,1,0
2026-03-27 21:24:19.606,184.120,1140,-4,15,0,0,1,0,0,0,1,1,0
2026-03-27 21:24:19.607,184.121,0,0,0,0,0,0,0,0,0,0,0,0
2026-03-27 21:24:19.668,184.182,1140,-4,15,0,0,1,0,0,0,1,1,0
2026-03-27 21:24:19.685,184.199,1140,-2,15,0,0,1,0,0,0,1,1,0
2026-03-27 21:24:19.780,184.294,1140,-4,15,0,0,1,0,0,0,1,1,0
2026-03-27 21:24:19.782,184.296,1140,-4,12,0,0,1,0,0,0,1,1,0
2026-03-27 21:24:19.845,184.359,1140,-4,13,0,0,1,0,0,0,1,1,0
2026-03-27 21:24:19.957,184.471,1140,-4,15,0,0,1,0,0,0,1,1,0
2026-03-27 21:24:20.021,184.535,1141,-4,15,0,0,1,0,0,0,1,1,0
2026-03-27 21:24:20.100,184.614,1140,-4,15,0,0,1,0,0,0,1,1,0
2026-03-27 21:24:20.116,184.630,1140,-4,15,0,0,1,0,0,0,1,1,0
2026-03-27 21:24:20.228,184.742,1140,-4,15,0,0,1,0,0,0,1,1,0
2026-03-27 21:24:20.405,184.919,1140,-4,15,0,0,1,0,0,0,1,1,0
2026-03-27 21:24:20.549,185.063,1140,-4,15,0,0,1,0,0,0,1,1,0
2026-03-27 21:24:20.660,185.174,1140,-4,15,0,0,1,0,0,0,1,1,0
2026-03-27 21:24:20.757,185.271,1141,-4,15,0,0,1,0,0,0,1,1,0
2026-03-27 21:24:20.900,185.414,1140,-4,15,0,0,1,0,0,0,1,1,0
2026-03-27 21:24:20.902,185.416,1140,-4,15,0,0,1,0,0,0,1,1,0
2026-03-27 21:24:20.949,185.463,1140,-2,15,0,0,1,0,0,0,1,1,0
2026-03-27 21:24:21.093,185.607,1140,-4,15,0,0,1,0,0,0,1,1,0
2026-03-27 21:24:21.189,185.703,1140,-4,15,0,0,1,0,0,0,1,1,0
2026-03-27 21:24:21.269,185.783,1140,-4,15,0,0,1,0,0,0,1,1,0
2026-03-27 21:24:21.271,185.786,1140,-1,15,0,0,1,0,0,0,1,1,0
2026-03-27 21:24:21.365,185.879,1141,-1,15,0,0,1,0,0,0,1,1,0
2026-03-27 21:24:21.444,185.958,1140,-2,15,0,0,1,0,0,0,1,1,0
2026-03-27 21:24:21.460,185.974,1140,-1,15,0,0,1,0,0,0,1,1,0
2026-03-27 21:24:21.637,186.151,1140,-1,15,0,0,1,0,0,0,1,1,0
2026-03-27 21:24:21.652,186.166,1140,-4,15,0,0,1,0,0,0,1,1,0
2026-03-27 21:24:21.654,186.168,1140,-4,15,0,0,1,0,0,0,1,1,0
2026-03-27 21:24:21.796,186.311,1140,-1,15,0,0,1,0,0,0,1,1,0
2026-03-27 21:24:21.893,186.407,1140,-1,15,0,0,1,0,0,0,1,1,0
2026-03-27 21:24:21.910,186.424,1140,-4,15,0,0,1,0,0,0,1,1,0
2026-03-27 21:24:22.037,186.551,1140,-4,15,0,0,1,0,0,0,1,1,0
2026-03-27 21:24:22.117,186.631,1140,-4,15,0,0,1,0,0,0,1,1,0
2026-03-27 21:24:22.245,186.759,1140,-4,15,0,0,1,0,0,0,1,1,0
2026-03-27 21:24:22.325,186.839,1140,-4,15,0,0,1,0,0,0,1,1,0
2026-03-27 21:24:22.421,186.935,1140,-1,15,0,0,1,0,0,0,1,1,0
2026-03-27 21:24:22.533,187.047,1140,-4,15,0,0,1,0,0,0,1,1,0
2026-03-27 21:24:22.536,187.050,1140,-4,15,0,0,1,0,0,0,1,1,0
2026-03-27 21:24:22.629,187.143,1140,-5,16,0,0,1,0,0,0,1,1,0
2026-03-27 21:24:22.820,187.334,1140,-1,15,0,0,1,0,0,0,1,1,0
2026-03-27 21:24:22.916,187.430,1140,-4,15,0,0,1,0,0,0,1,1,0
2026-03-27 21:24:22.965,187.479,1140,-4,15,0,0,1,0,0,0,1,1,0
2026-03-27 21:24:23.029,187.543,1140,-1,15,0,0,1,0,0,0,1,1,0
2026-03-27 21:24:23.156,187.670,1140,-1,15,0,0,1,0,0,0,1,1,0
2026-03-27 21:24:23.158,187.672,1140,-4,15,0,0,1,0,0,0,1,1,0
2026-03-27 21:24:23.269,187.783,1140,-2,15,0,0,1,0,0,0,1,1,0
2026-03-27 21:24:23.380,187.894,1140,-4,15,0,0,1,0,0,0,1,1,0
2026-03-27 21:24:23.381,187.895,1140,-4,15,0,0,1,0,0,0,1,1,0
2026-03-27 21:24:23.509,188.023,1140,-4,15,0,0,1,0,0,0,1,1,0
2026-03-27 21:24:23.637,188.151,1140,-4,15,0,0,1,0,0,0,1,1,0
2026-03-27 21:24:23.685,188.199,1140,-4,15,0,0,1,0,0,0,1,1,0
2026-03-27 21:24:23.844,188.358,1140,-4,15,0,0,1,0,0,0,1,1,0
2026-03-27 21:24:23.845,188.360,1140,-4,15,0,0,1,0,0,0,1,1,0
2026-03-27 21:24:23.972,188.487,1140,-4,15,0,0,1,0,0,0,1,1,0
2026-03-27 21:24:24.068,188.583,1140,-4,15,0,0,1,0,0,0,1,1,0
2026-03-27 21:24:24.132,188.647,1140,-2,15,0,0,1,0,0,0,1,1,0
2026-03-27 21:24:24.420,188.934,1140,-4,15,0,0,1,0,0,0,1,1,0
2026-03-27 21:24:24.516,189.031,1140,-1,15,0,0,1,0,0,0,1,1,0
2026-03-27 21:24:24.534,189.048,1140,-4,15,0,0,1,0,0,0,1,1,0
2026-03-27 21:24:24.645,189.159,1140,-4,15,0,0,1,0,0,0,1,1,0
2026-03-27 21:24:24.648,189.162,1140,-4,15,0,0,1,0,0,0,1,1,0
2026-03-27 21:24:24.773,189.287,1140,-4,15,0,0,1,0,0,0,1,1,0
2026-03-27 21:24:24.884,189.398,1140,-1,15,0,0,1,0,0,0,1,1,0
2026-03-27 21:24:24.886,189.400,1140,-1,15,0,0,1,0,0,0,1,1,0
2026-03-27 21:24:25.108,189.623,1140,-4,15,0,0,1,0,0,0,1,1,0
2026-03-27 21:24:25.111,189.625,1140,-4,15,0,0,1,0,0,0,1,1,0
2026-03-27 21:24:25.188,189.702,1140,-4,15,0,0,1,0,0,0,1,1,0
2026-03-27 21:24:25.268,189.782,1140,-3,16,0,0,1,0,0,0,1,0,0
2026-03-27 21:24:25.270,189.784,1140,-4,16,0,0,1,0,0,0,1,0,0
2026-03-27 21:24:25.272,189.786,1140,-4,15,0,0,1,0,0,0,1,0,0
2026-03-27 21:24:25.333,189.847,1140,-3,15,0,0,1,0,0,0,1,0,0
2026-03-27 21:24:25.460,189.974,1140,-3,16,0,0,1,0,0,0,1,0,0
2026-03-27 21:24:25.588,190.103,1140,-3,15,0,0,1,0,0,0,1,0,0
2026-03-27 21:24:25.668,190.183,1140,-3,16,0,0,1,0,0,0,1,0,0
2026-03-27 21:24:25.716,190.231,1140,-1,13,0,0,1,0,0,0,1,0,0
2026-03-27 21:24:25.796,190.311,1140,-3,15,0,0,1,0,0,0,1,0,0
2026-03-27 21:24:25.815,190.329,1140,-4,16,0,0,1,0,0,0,1,0,0
2026-03-27 21:24:25.941,190.455,1140,-3,16,0,0,1,0,0,0,1,0,0
2026-03-27 21:24:26.020,190.534,1140,-3,15,0,0,1,0,0,0,1,0,0
2026-03-27 21:24:26.164,190.678,1140,-3,16,0,0,1,0,0,0,1,0,0
2026-03-27 21:24:26.260,190.774,1140,-1,16,0,0,1,0,0,0,1,0,0
2026-03-27 21:24:26.262,190.776,1140,-3,15,0,0,1,0,0,0,1,0,0
2026-03-27 21:24:26.436,190.950,1140,-3,16,0,0,1,0,0,0,1,0,0
2026-03-27 21:24:26.485,190.999,1140,-3,16,0,0,1,0,0,0,1,0,0
2026-03-27 21:24:26.613,191.127,1140,-3,15,0,0,1,0,0,0,1,0,0
2026-03-27 21:24:26.692,191.207,1140,-3,15,0,0,1,0,0,0,1,0,0
2026-03-27 21:24:26.900,191.414,1140,-3,15,0,0,1,0,0,0,1,0,0
2026-03-27 21:24:27.012,191.526,1140,-3,15,0,0,1,0,0,0,1,0,0
2026-03-27 21:24:27.092,191.606,1140,-3,16,0,0,1,0,0,0,1,0,0
2026-03-27 21:24:27.094,191.608,1140,-4,16,0,0,1,0,0,0,1,0,0
2026-03-27 21:24:27.095,191.609,0,0,0,0,0,0,0,0,0,0,0,0
2026-03-27 21:24:27.097,191.611,1140,-3,16,0,0,1,0,0,0,1,0,0
2026-03-27 21:24:27.173,191.687,1140,-3,15,0,0,1,0,0,0,1,0,0
2026-03-27 21:24:27.284,191.798,1140,-4,15,0,0,1,0,0,0,1,0,0
2026-03-27 21:24:27.286,191.800,1140,-4,15,0,0,1,0,0,0,1,0,0
2026-03-27 21:24:27.300,191.814,1140,-1,15,0,0,1,0,0,0,1,0,0
2026-03-27 21:24:27.396,191.910,1140,-2,15,0,0,1,0,0,0,1,0,0
2026-03-27 21:24:27.508,192.022,1140,-2,15,0,0,1,0,0,0,1,0,0
2026-03-27 21:24:27.764,192.278,1140,-4,15,0,0,1,0,0,0,1,0,0
2026-03-27 21:24:27.844,192.358,1140,-2,15,0,0,1,0,0,0,1,0,0
2026-03-27 21:24:27.940,192.455,1140,-1,15,0,0,1,0,0,0,1,0,0
2026-03-27 21:24:28.068,192.582,1140,-4,15,0,0,1,0,0,0,1,0,0
2026-03-27 21:24:28.071,192.585,1140,-4,15,0,0,1,0,0,0,1,0,0
2026-03-27 21:24:28.180,192.695,1140,-4,15,0,0,1,0,0,0,1,0,0
2026-03-27 21:24:28.356,192.870,1140,-4,15,0,0,1,0,0,0,1,0,0
2026-03-27 21:24:28.404,192.918,1140,-4,15,0,0,1,0,0,0,1,0,0
2026-03-27 21:24:28.407,192.921,1140,-4,15,0,0,1,0,0,0,1,0,0
2026-03-27 21:24:28.532,193.047,1140,-4,15,0,0,1,0,0,0,1,0,0
2026-03-27 21:24:28.644,193.158,1140,-1,15,0,0,1,0,0,0,1,0,0
2026-03-27 21:24:28.660,193.174,1140,-4,13,0,0,1,0,0,0,1,0,0
2026-03-27 21:24:28.708,193.222,1140,-4,15,0,0,1,0,0,0,1,0,0
2026-03-27 21:24:28.836,193.350,1140,-4,15,0,0,1,0,0,0,1,0,0
2026-03-27 21:24:28.837,193.351,1140,-2,15,0,0,1,0,0,0,1,0,0
2026-03-27 21:24:28.949,193.463,1140,-4,15,0,0,1,0,0,0,1,0,0
2026-03-27 21:24:29.156,193.670,1140,-4,15,0,0,1,0,0,0,1,0,0
2026-03-27 21:24:29.284,193.798,1140,-1,15,0,0,1,0,0,0,1,0,0
2026-03-27 21:24:29.300,193.814,1140,-3,16,0,0,1,0,0,0,1,1,0
2026-03-27 21:24:29.412,193.926,1140,-3,16,0,0,1,0,0,0,1,1,0
2026-03-27 21:24:29.428,193.942,1140,0,15,0,0,1,0,0,0,1,1,0
2026-03-27 21:24:29.508,194.023,1140,-1,16,0,0,1,0,0,0,1,1,0
2026-03-27 21:24:29.604,194.118,1140,-3,16,0,0,1,0,0,0,1,1,0
2026-03-27 21:24:29.748,194.262,1141,-3,16,0,0,1,0,0,0,1,1,0
2026-03-27 21:24:29.876,194.390,1140,-1,15,0,0,1,0,0,0,1,1,0
2026-03-27 21:24:30.004,194.518,1140,0,16,0,0,1,0,0,0,1,1,0
2026-03-27 21:24:30.117,194.631,1140,-3,16,0,0,1,0,0,0,1,1,0
2026-03-27 21:24:30.165,194.679,1140,-4,16,0,0,1,0,0,0,1,1,0
2026-03-27 21:24:30.340,194.854,1140,0,16,0,0,1,0,0,0,1,1,0
2026-03-27 21:24:30.468,194.983,1140,-3,15,0,0,1,0,0,0,1,1,0
2026-03-27 21:24:30.516,195.030,1140,-3,16,0,0,1,0,0,0,1,1,0
2026-03-27 21:24:30.628,195.142,1140,-3,15,0,0,1,0,0,0,1,1,0
2026-03-27 21:24:30.644,195.158,1140,-3,16,0,0,1,0,0,0,1,1,0
2026-03-27 21:24:30.756,195.270,1140,-3,16,0,0,1,0,0,0,1,1,0
2026-03-27 21:24:30.774,195.288,1141,-3,16,0,0,1,0,0,0,1,1,0
2026-03-27 21:24:30.853,195.367,1141,-3,16,0,0,1,0,0,0,1,1,0
2026-03-27 21:24:30.916,195.430,1140,-1,16,0,0,1,0,0,0,1,1,0
2026-03-27 21:24:31.028,195.542,1140,-3,16,0,0,1,0,0,0,1,1,0
2026-03-27 21:24:31.124,195.638,1140,-3,15,0,0,1,0,0,0,1,1,0
2026-03-27 21:24:31.301,195.815,1140,-3,16,0,0,1,0,0,0,1,1,0
2026-03-27 21:24:31.348,195.862,1140,-4,15,0,0,1,0,0,0,1,1,0
2026-03-27 21:24:31.350,195.864,1140,-4,15,0,0,1,0,0,0,1,1,0
2026-03-27 21:24:31.429,195.943,1140,-4,15,0,0,1,0,0,0,1,1,0
2026-03-27 21:24:31.557,196.071,1140,-4,15,0,0,1,0,0,0,1,1,0
2026-03-27 21:24:31.700,196.215,1140,-4,15,0,0,1,0,0,0,1,1,0
2026-03-27 21:24:31.812,196.326,1140,-4,15,0,0,1,0,0,0,1,1,0
2026-03-27 21:24:31.892,196.406,1140,-4,15,0,0,1,0,0,0,1,1,0
2026-03-27 21:24:31.908,196.422,1140,-4,15,0,0,1,0,0,0,1,1,0
2026-03-27 21:24:31.988,196.502,1140,-4,15,0,0,1,0,0,0,1,1,0
2026-03-27 21:24:32.101,196.615,1140,-4,15,0,0,1,0,0,0,1,1,0
2026-03-27 21:24:32.213,196.727,1140,-4,15,0,0,1,0,0,0,1,1,0
2026-03-27 21:24:32.421,196.935,1140,-4,15,0,0,1,0,0,0,1,1,0
2026-03-27 21:24:32.440,196.954,1140,-4,15,0,0,1,0,0,0,1,1,0
2026-03-27 21:24:32.453,196.967,1140,-4,15,0,0,1,0,0,0,1,1,0
2026-03-27 21:24:32.629,197.143,1140,-4,15,0,0,1,0,0,0,1,1,0
2026-03-27 21:24:32.725,197.239,1140,-4,15,0,0,1,0,0,0,1,1,0
2026-03-27 21:24:32.884,197.398,1140,-4,15,0,0,1,0,0,0,1,1,0
2026-03-27 21:24:32.996,197.510,1140,-4,13,0,0,1,0,0,0,1,1,0
2026-03-27 21:24:32.997,197.511,1140,-4,13,0,0,1,0,0,0,1,1,0
2026-03-27 21:24:33.108,197.622,1140,-3,15,0,0,1,0,0,0,1,0,0
2026-03-27 21:24:33.188,197.703,1140,0,15,0,0,1,0,0,0,1,0,0
2026-03-27 21:24:33.190,197.704,1140,-3,16,0,0,1,0,0,0,1,0,0
2026-03-27 21:24:33.301,197.815,1140,-3,15,0,0,1,0,0,0,1,0,0
2026-03-27 21:24:33.444,197.958,1140,-3,16,0,0,1,0,0,0,1,0,0
2026-03-27 21:24:33.557,198.071,1140,-3,15,0,0,1,0,0,0,1,0,0
2026-03-27 21:24:33.652,198.166,1140,-3,16,0,0,1,0,0,0,1,0,0
2026-03-27 21:24:33.781,198.295,1140,-4,15,0,0,1,0,0,0,1,0,0
2026-03-27 21:24:33.845,198.359,1140,-3,15,0,0,1,0,0,0,1,0,0
2026-03-27 21:24:34.004,198.518,1140,-4,16,0,0,1,0,0,0,1,0,0
2026-03-27 21:24:34.006,198.520,1140,-4,16,0,0,1,0,0,0,1,0,0
2026-03-27 21:24:34.021,198.535,1140,0,16,0,0,1,0,0,0,1,0,0
2026-03-27 21:24:34.036,198.551,1140,-1,16,0,0,1,0,0,0,1,0,0
2026-03-27 21:24:34.164,198.678,1140,-3,15,0,0,1,0,0,0,1,0,0
2026-03-27 21:24:34.324,198.838,1140,-3,16,0,0,1,0,0,0,1,0,0
2026-03-27 21:24:34.342,198.856,1140,-3,16,0,0,1,0,0,0,1,0,0
2026-03-27 21:24:34.469,198.983,1140,-4,16,0,0,1,0,0,0,1,0,0
2026-03-27 21:24:34.500,199.014,1140,-3,15,0,0,1,0,0,0,1,0,0
2026-03-27 21:24:34.503,199.017,1140,-3,16,0,0,1,0,0,0,1,0,0
2026-03-27 21:24:34.612,199.126,1140,-3,15,0,0,1,0,0,0,1,0,0
2026-03-27 21:24:34.756,199.270,1140,-1,15,0,0,1,0,0,0,1,0,0
2026-03-27 21:24:34.836,199.350,1140,-3,16,0,0,1,0,0,0,1,0,0
2026-03-27 21:24:34.981,199.495,1140,-4,16,0,0,1,0,0,0,1,0,0
2026-03-27 21:24:35.027,199.541,1140,-4,15,0,0,1,0,0,0,1,0,0
2026-03-27 21:24:35.029,199.543,1140,-1,15,0,0,1,0,0,0,1,0,0
2026-03-27 21:24:35.045,199.559,1140,-4,15,0,0,1,0,0,0,1,0,0
2026-03-27 21:24:35.157,199.671,1140,-4,16,0,0,1,0,0,0,1,0,0
2026-03-27 21:24:35.269,199.783,1140,-4,15,0,0,1,0,0,0,1,0,0
2026-03-27 21:24:35.316,199.830,1140,-4,15,0,0,1,0,0,0,1,0,0
2026-03-27 21:24:35.381,199.895,1140,-4,14,0,0,1,0,0,0,1,0,0
2026-03-27 21:24:35.588,200.103,1140,-4,15,0,0,1,0,0,0,1,0,0
2026-03-27 21:24:35.668,200.183,1140,-5,15,0,0,1,0,0,0,1,0,0
2026-03-27 21:24:35.671,200.185,1140,-4,15,0,0,1,0,0,0,1,0,0
2026-03-27 21:24:35.749,200.263,1140,-4,15,0,0,1,0,0,0,1,0,0
2026-03-27 21:24:35.860,200.374,1140,-4,15,0,0,1,0,0,0,1,0,0
2026-03-27 21:24:35.924,200.438,1140,-4,15,0,0,1,0,0,0,1,0,0
2026-03-27 21:24:35.942,200.456,1140,-1,15,0,0,1,0,0,0,1,0,0
2026-03-27 21:24:36.069,200.583,1140,-1,15,0,0,1,0,0,0,1,0,0
2026-03-27 21:24:36.164,200.678,1140,-4,15,0,0,1,0,0,0,1,0,0
2026-03-27 21:24:36.228,200.742,1140,-4,12,0,0,1,0,0,0,1,0,0
2026-03-27 21:24:36.371,200.885,1140,-4,15,0,0,1,0,0,0,1,0,0
2026-03-27 21:24:36.484,200.999,1140,-4,15,0,0,1,0,0,0,1,0,0
2026-03-27 21:24:36.564,201.078,1141,-4,15,0,0,1,0,0,0,1,0,0
2026-03-27 21:24:36.566,201.080,1140,-4,15,0,0,1,0,0,0,1,0,0
2026-03-27 21:24:36.660,201.175,1140,-4,15,0,0,1,0,0,0,1,0,0
2026-03-27 21:24:36.756,201.270,1140,-4,15,0,0,1,0,0,0,1,0,0
2026-03-27 21:24:36.868,201.382,1140,-4,15,0,0,1,0,0,0,1,0,0
2026-03-27 21:24:36.996,201.510,1140,-1,15,0,0,1,0,0,0,1,0,0
2026-03-27 21:24:37.044,201.558,1140,-4,15,0,0,1,0,0,0,1,0,0
2026-03-27 21:24:37.172,201.687,1140,-4,15,0,0,1,0,0,0,1,0,0
2026-03-27 21:24:37.411,201.926,1140,-4,15,0,0,1,0,0,0,1,0,0
2026-03-27 21:24:37.414,201.928,1141,-4,15,0,0,1,0,0,0,1,0,0
2026-03-27 21:24:37.476,201.990,1140,-5,15,0,0,1,0,0,0,1,0,0
2026-03-27 21:24:37.572,202.086,1140,-1,15,0,0,1,0,0,0,1,1,0
2026-03-27 21:24:37.699,202.213,1140,-3,15,0,0,1,0,0,0,1,1,0
2026-03-27 21:24:37.701,202.215,1140,-3,16,0,0,1,0,0,0,1,1,0
2026-03-27 21:24:37.764,202.278,1140,-1,16,0,0,1,0,0,0,1,1,0
2026-03-27 21:24:37.765,202.279,1140,-3,16,0,0,1,0,0,0,1,1,0
2026-03-27 21:24:38.116,202.630,1140,0,15,0,0,1,0,0,0,1,1,0
2026-03-27 21:24:38.196,202.710,1140,-3,15,0,0,1,0,0,0,1,1,0
2026-03-27 21:24:38.198,202.712,1140,-4,16,0,0,1,0,0,0,1,1,0
2026-03-27 21:24:38.324,202.838,1140,-3,15,0,0,1,0,0,0,1,1,0
2026-03-27 21:24:38.372,202.886,1140,-3,15,0,0,1,0,0,0,1,1,0
2026-03-27 21:24:38.388,202.902,1140,-3,15,0,0,1,0,0,0,1,1,0
2026-03-27 21:24:38.596,203.110,1140,-4,15,0,0,1,0,0,0,1,1,0
2026-03-27 21:24:38.612,203.126,1140,-4,16,0,0,1,0,0,0,1,1,0
2026-03-27 21:24:38.613,203.127,0,0,0,0,0,0,0,0,0,0,0,0
2026-03-27 21:24:38.614,203.128,1140,-3,15,0,0,1,0,0,0,1,1,0
2026-03-27 21:24:38.644,203.158,1140,-3,16,0,0,1,0,0,0,1,1,0
2026-03-27 21:24:38.724,203.238,1140,-3,15,0,0,1,0,0,0,1,1,0
2026-03-27 21:24:38.726,203.240,1140,-3,16,0,0,1,0,0,0,1,1,0
2026-03-27 21:24:38.852,203.366,1140,-3,16,0,0,1,0,0,0,1,1,0
2026-03-27 21:24:38.916,203.430,1140,-3,15,0,0,1,0,0,0,1,1,0
2026-03-27 21:24:39.092,203.606,1140,-3,13,0,0,1,0,0,0,1,1,0
2026-03-27 21:24:39.108,203.622,1140,-3,15,0,0,1,0,0,0,1,1,0
2026-03-27 21:24:39.204,203.718,1140,-3,15,0,0,1,0,0,0,1,1,0
2026-03-27 21:24:39.332,203.846,1140,-4,16,0,0,1,0,0,0,1,1,0
2026-03-27 21:24:39.412,203.926,1140,-4,15,0,0,1,0,0,0,1,1,0
2026-03-27 21:24:39.508,204.022,1140,-3,15,0,0,1,0,0,0,1,1,0
2026-03-27 21:24:39.604,204.118,1140,-3,16,0,0,1,0,0,0,1,1,0
2026-03-27 21:24:39.812,204.326,1140,-4,15,0,0,1,0,0,0,1,1,0
2026-03-27 21:24:39.860,204.374,1140,-4,15,0,0,1,0,0,0,1,1,0
2026-03-27 21:24:39.924,204.438,1140,-4,15,0,0,1,0,0,0,1,1,0
2026-03-27 21:24:40.051,204.565,1140,-4,15,0,0,1,0,0,0,1,1,0
2026-03-27 21:24:40.148,204.662,1140,-1,15,0,0,1,0,0,0,1,1,0
2026-03-27 21:24:40.359,204.873,1140,-4,15,0,0,1,0,0,0,1,1,0
2026-03-27 21:24:40.500,205.014,1140,-2,15,0,0,1,0,0,0,1,1,0
2026-03-27 21:24:40.579,205.093,1141,-4,15,0,0,1,0,0,0,1,1,0
2026-03-27 21:24:40.676,205.190,1140,-4,15,0,0,1,0,0,0,1,1,0
2026-03-27 21:24:40.787,205.301,1140,-5,15,0,0,1,0,0,0,1,1,0
2026-03-27 21:24:40.916,205.430,1140,-4,15,0,0,1,0,0,0,1,1,0
2026-03-27 21:24:40.948,205.462,1140,-4,15,0,0,1,0,0,0,1,1,0
2026-03-27 21:24:40.965,205.479,1141,-4,15,0,0,1,0,0,0,1,1,0
2026-03-27 21:24:41.156,205.670,1141,-4,15,0,0,1,0,0,0,1,1,0
2026-03-27 21:24:41.268,205.782,1140,-4,15,0,0,1,0,0,0,1,1,0
2026-03-27 21:24:41.299,205.813,1140,-4,15,0,0,1,0,0,0,1,1,0
2026-03-27 21:24:41.411,205.925,1140,-4,15,0,0,1,0,0,0,1,1,0
2026-03-27 21:24:41.427,205.941,1140,-4,15,0,0,1,0,0,0,1,1,0
2026-03-27 21:24:41.429,205.943,1140,-4,15,0,0,1,0,0,0,1,1,0
2026-03-27 21:24:41.556,206.070,1140,-4,15,0,0,1,0,0,0,1,1,0
2026-03-27 21:24:41.557,206.071,1140,-4,15,0,0,1,0,0,0,0,0,0
2026-03-27 21:24:41.558,206.073,1140,-4,15,0,0,1,0,0,0,1,1,0
2026-03-27 21:24:41.683,206.197,1140,-4,15,0,0,1,0,0,0,1,1,0
2026-03-27 21:24:41.685,206.199,1140,-4,15,0,0,1,0,0,0,1,1,0
2026-03-27 21:24:41.748,206.262,1140,-4,15,0,0,1,0,0,0,1,1,0
2026-03-27 21:24:41.941,206.455,1140,-4,15,0,0,1,0,0,0,1,1,0
2026-03-27 21:24:42.020,206.534,1140,-4,15,0,0,1,0,0,0,1,1,0
2026-03-27 21:24:42.179,206.693,1140,-4,15,0,0,1,0,0,0,1,1,0
2026-03-27 21:24:42.228,206.742,1140,-4,15,0,0,1,0,0,0,1,1,0
2026-03-27 21:24:42.230,206.744,1140,-4,15,0,0,1,0,0,0,1,1,0
2026-03-27 21:24:42.324,206.838,1140,-4,15,0,0,1,0,0,0,1,1,0
2026-03-27 21:24:42.340,206.855,1141,-4,15,0,0,1,0,0,0,1,1,0
2026-03-27 21:24:42.484,206.998,1140,-4,15,0,0,1,0,0,0,1,1,0
2026-03-27 21:24:42.486,207.000,1140,-4,15,0,0,1,0,0,0,1,1,0
2026-03-27 21:24:42.564,207.078,1140,-4,15,0,0,1,0,0,0,1,1,0
2026-03-27 21:24:42.627,207.141,1140,-1,15,0,0,1,0,0,0,1,1,0
2026-03-27 21:24:42.628,207.142,1140,-1,15,0,0,1,0,0,0,1,1,0
2026-03-27 21:24:42.771,207.285,1140,-4,15,0,0,1,0,0,0,1,1,0
2026-03-27 21:24:42.851,207.366,1140,-4,15,0,0,1,0,0,0,1,1,0
2026-03-27 21:24:42.855,207.369,1140,-4,15,0,0,1,0,0,0,1,1,0
2026-03-27 21:24:42.948,207.462,1140,-4,15,0,0,1,0,0,0,1,1,0
2026-03-27 21:24:43.076,207.590,1140,-4,15,0,0,1,0,0,0,1,1,0
2026-03-27 21:24:43.284,207.798,1140,-4,15,0,0,1,0,0,0,1,1,0
2026-03-27 21:24:43.363,207.878,1140,-4,15,0,0,1,0,0,0,1,1,0
2026-03-27 21:24:43.380,207.895,1140,-4,13,0,0,1,0,0,0,1,0,0
2026-03-27 21:24:43.508,208.022,1140,-3,13,0,0,1,0,0,0,1,0,0
2026-03-27 21:24:43.510,208.024,1140,-1,16,0,0,1,0,0,0,1,0,0
2026-03-27 21:24:43.636,208.150,1140,-1,16,0,0,1,0,0,0,1,0,0
2026-03-27 21:24:43.715,208.229,1140,-3,15,0,0,1,0,0,0,1,0,0
2026-03-27 21:24:43.717,208.231,1140,-1,15,0,0,1,0,0,0,1,0,0
2026-03-27 21:24:43.828,208.342,1140,-4,13,0,0,1,0,0,0,1,0,0
2026-03-27 21:24:43.971,208.486,1140,-3,15,0,0,1,0,0,0,1,0,0
2026-03-27 21:24:44.051,208.566,1140,-3,15,0,0,1,0,0,0,1,0,0
2026-03-27 21:24:44.147,208.662,1140,-3,15,0,0,1,0,0,0,1,0,0
2026-03-27 21:24:44.260,208.774,1142,-3,16,0,0,1,0,0,0,1,0,0
2026-03-27 21:24:44.371,208.885,1140,-4,15,0,0,1,0,0,0,1,0,0
2026-03-27 21:24:44.467,208.982,1140,-4,16,0,0,1,0,0,0,1,0,0
2026-03-27 21:24:44.580,209.094,1140,-3,16,0,0,1,0,0,0,1,0,0
2026-03-27 21:24:44.724,209.238,1140,0,15,0,0,1,0,0,0,1,0,0
2026-03-27 21:24:44.755,209.269,1140,-4,16,0,0,1,0,0,0,1,0,0
2026-03-27 21:24:44.900,209.414,1140,-3,16,0,0,1,0,0,0,1,0,0
2026-03-27 21:24:44.903,209.417,1140,-4,16,0,0,1,0,0,0,1,0,0
2026-03-27 21:24:45.012,209.526,1140,-3,16,0,0,1,0,0,0,1,0,0
2026-03-27 21:24:45.075,209.589,1140,-1,16,0,0,1,0,0,0,1,0,0
2026-03-27 21:24:45.092,209.606,1140,-4,16,0,0,1,0,0,0,1,0,0
2026-03-27 21:24:45.203,209.718,1140,-3,13,0,0,1,0,0,0,1,0,0
2026-03-27 21:24:45.331,209.845,1140,-4,16,0,0,1,0,0,0,1,0,0
2026-03-27 21:24:45.332,209.847,1140,-4,15,0,0,1,0,0,0,1,0,0
2026-03-27 21:24:45.443,209.957,1140,-4,15,0,0,1,0,0,0,1,0,0
2026-03-27 21:24:45.556,210.070,1140,-3,15,0,0,1,0,0,0,1,0,0
2026-03-27 21:24:45.652,210.166,1140,-4,15,0,0,1,0,0,0,1,0,0
2026-03-27 21:24:45.653,210.167,1140,-4,15,0,0,1,0,0,0,1,0,0
2026-03-27 21:24:45.747,210.262,1140,-5,15,0,0,1,0,0,0,1,0,0
2026-03-27 21:24:45.876,210.390,1141,-4,15,0,0,1,0,0,0,1,0,0
2026-03-27 21:24:45.987,210.501,1140,-4,15,0,0,1,0,0,0,1,0,0
2026-03-27 21:24:46.131,210.645,1140,-4,15,0,0,1,0,0,0,1,0,0
2026-03-27 21:24:46.179,210.693,1140,-4,15,0,0,1,0,0,0,1,0,0
2026-03-27 21:24:46.182,210.696,1140,-5,15,0,0,1,0,0,0,1,0,0
2026-03-27 21:24:46.276,210.791,1140,-4,15,0,0,1,0,0,0,1,0,0
2026-03-27 21:24:46.420,210.934,1140,-4,15,0,0,1,0,0,0,1,0,0
2026-03-27 21:24:46.467,210.981,1140,-4,15,0,0,1,0,0,0,1,0,0
2026-03-27 21:24:46.563,211.077,1140,-1,15,0,0,1,0,0,0,1,0,0
2026-03-27 21:24:46.740,211.254,1140,-4,15,0,0,1,0,0,0,1,0,0
2026-03-27 21:24:46.787,211.301,1140,-1,15,0,0,1,0,0,0,1,0,0
2026-03-27 21:24:46.803,211.317,1140,-1,15,0,0,1,0,0,0,1,0,0
2026-03-27 21:24:46.915,211.429,1140,-4,15,0,0,0,0,0,0,0,0,0
2026-03-27 21:24:46.917,211.431,1140,-4,15,0,0,1,0,0,0,1,0,0
2026-03-27 21:24:46.918,211.432,1140,-4,15,0,0,1,0,0,0,1,0,0
2026-03-27 21:24:47.027,211.542,1140,-4,15,0,0,1,0,0,0,1,0,0
2026-03-27 21:24:47.187,211.701,1140,-1,15,0,0,1,0,0,0,1,0,0
2026-03-27 21:24:47.283,211.797,1140,-4,15,0,0,1,0,0,0,1,0,0
2026-03-27 21:24:47.285,211.799,1140,-4,15,0,0,1,0,0,0,1,0,0
2026-03-27 21:24:47.286,211.800,0,0,0,0,0,0,0,0,0,1,0,0
2026-03-27 21:24:47.347,211.861,1140,-4,15,0,0,1,0,0,0,1,0,0
2026-03-27 21:24:47.348,211.863,1140,-4,15,0,0,1,0,0,0,1,0,0
2026-03-27 21:24:47.476,211.990,1140,-4,15,0,0,1,0,0,0,1,0,0
2026-03-27 21:24:47.571,212.085,1141,-4,13,0,0,1,0,0,0,1,0,0
2026-03-27 21:24:47.572,212.086,1141,-4,15,0,0,1,0,0,0,1,0,0
2026-03-27 21:24:47.715,212.230,1141,-1,15,0,0,1,0,0,0,1,0,0
2026-03-27 21:24:47.733,212.247,1140,-4,15,0,0,1,0,0,0,1,0,0
2026-03-27 21:24:47.843,212.358,1140,-4,15,0,0,1,0,0,0,1,0,0
2026-03-27 21:24:47.845,212.359,1140,-4,15,0,0,1,0,0,0,0,0,0
2026-03-27 21:24:47.859,212.373,1140,-4,15,0,0,1,0,0,0,1,0,0
2026-03-27 21:24:47.891,212.405,1140,-4,15,0,0,1,0,0,0,1,0,0
2026-03-27 21:24:47.893,212.407,1140,-4,15,0,0,1,0,0,0,1,0,0
2026-03-27 21:24:47.955,212.469,1140,-4,15,0,0,1,0,0,0,1,0,0
2026-03-27 21:24:48.132,212.646,1140,-2,15,0,0,1,0,0,0,1,0,0
2026-03-27 21:24:48.163,212.677,1140,-4,15,0,0,1,0,0,0,1,0,0
2026-03-27 21:24:48.291,212.806,1140,-4,15,0,0,1,0,0,0,1,0,0
2026-03-27 21:24:48.372,212.886,1140,-4,15,0,0,1,0,0,0,1,0,0
2026-03-27 21:24:48.564,213.078,1140,-4,12,0,0,1,0,0,0,1,0,0
2026-03-27 21:24:48.627,213.141,1140,-2,15,0,0,1,0,0,0,1,0,0
2026-03-27 21:24:48.723,213.237,1140,-4,15,0,0,1,0,0,0,1,0,0
2026-03-27 21:24:48.803,213.317,1140,-4,15,0,0,1,0,0,0,1,0,0
2026-03-27 21:24:48.805,213.319,1140,-4,15,0,0,1,0,0,0,1,0,0
2026-03-27 21:24:48.851,213.365,1140,-1,15,0,0,1,0,0,0,1,0,0
2026-03-27 21:24:48.963,213.477,1140,-1,15,0,0,1,0,0,0,1,0,0
2026-03-27 21:24:49.044,213.558,1140,-4,15,0,0,1,0,0,0,1,0,0
2026-03-27 21:24:49.236,213.750,1140,-4,15,0,0,1,0,0,0,1,0,0
2026-03-27 21:24:49.347,213.861,1140,-4,15,0,0,1,0,0,0,1,0,0
2026-03-27 21:24:49.350,213.864,1140,-3,16,0,0,1,0,0,0,1,1,0
2026-03-27 21:24:49.379,213.893,1140,-3,15,0,0,1,0,0,0,1,1,0
2026-03-27 21:24:49.507,214.021,1140,-3,15,0,0,1,0,0,0,1,1,0
2026-03-27 21:24:49.508,214.022,1140,-1,16,0,0,1,0,0,0,1,1,0
2026-03-27 21:24:49.587,214.101,1140,-3,15,0,0,1,0,0,0,1,1,0
2026-03-27 21:24:49.588,214.103,1140,-4,16,0,0,1,0,0,0,1,1,0
2026-03-27 21:24:49.699,214.213,1140,-3,15,0,0,1,0,0,0,1,1,0
2026-03-27 21:24:49.701,214.215,1140,-3,16,0,0,1,0,0,0,1,1,0
2026-03-27 21:24:49.795,214.309,1140,-3,15,0,0,1,0,0,0,1,1,0
2026-03-27 21:24:49.924,214.438,1140,-3,16,0,0,1,0,0,0,1,1,0
2026-03-27 21:24:49.987,214.501,1140,-3,15,0,0,1,0,0,0,1,1,0
2026-03-27 21:24:50.099,214.613,1140,-3,15,0,0,1,0,0,0,1,1,0
2026-03-27 21:24:50.420,214.934,1140,-3,16,0,0,1,0,0,0,1,1,0
2026-03-27 21:24:50.579,215.094,1140,-3,16,0,0,1,0,0,0,1,1,0
2026-03-27 21:24:50.581,215.096,1140,-3,15,0,0,1,0,0,0,1,1,0
2026-03-27 21:24:50.643,215.158,1140,-3,15,0,0,1,0,0,0,1,1,0
2026-03-27 21:24:50.723,215.237,1140,-1,16,0,0,1,0,0,0,1,1,0
2026-03-27 21:24:50.852,215.366,1140,-3,16,0,0,1,0,0,0,1,1,0
2026-03-27 21:24:50.947,215.461,1140,-1,16,0,0,1,0,0,0,1,1,0
2026-03-27 21:24:51.012,215.526,1140,-4,15,0,0,1,0,0,0,1,1,0
2026-03-27 21:24:51.124,215.638,1140,-3,16,0,0,1,0,0,0,1,1,0
2026-03-27 21:24:51.252,215.766,1140,-3,16,0,0,1,0,0,0,1,1,0
2026-03-27 21:24:51.332,215.846,1140,-4,16,0,0,1,0,0,0,1,1,0
2026-03-27 21:24:51.411,215.925,1140,-3,16,0,0,1,0,0,0,1,1,0
2026-03-27 21:24:51.507,216.021,1140,-4,15,0,0,1,0,0,0,1,1,0
2026-03-27 21:24:51.510,216.024,1140,-4,15,0,0,1,0,0,0,1,1,0
2026-03-27 21:24:51.588,216.102,1140,-4,15,0,0,1,0,0,0,1,1,0
2026-03-27 21:24:51.812,216.326,1140,-4,15,0,0,1,0,0,0,1,1,0
2026-03-27 21:24:52.132,216.646,1140,-4,15,0,0,1,0,0,0,1,1,0
2026-03-27 21:24:52.243,216.757,1140,-4,15,0,0,1,0,0,0,1,1,0
2026-03-27 21:24:52.356,216.870,1140,-4,15,0,0,1,0,0,0,1,1,0
2026-03-27 21:24:52.420,216.934,1140,-4,15,0,0,1,0,0,0,1,1,0
2026-03-27 21:24:52.595,217.109,1140,-4,12,0,0,1,0,0,0,1,1,0
2026-03-27 21:24:52.627,217.141,1140,-4,15,0,0,1,0,0,0,1,1,0
2026-03-27 21:24:52.738,217.253,1140,-4,15,0,0,1,0,0,0,1,1,0
2026-03-27 21:24:52.851,217.365,1140,-4,15,0,0,1,0,0,0,1,1,0
2026-03-27 21:24:52.964,217.478,1140,-4,15,0,0,1,0,0,0,1,1,0
2026-03-27 21:24:53.027,217.541,1140,-4,15,0,0,1,0,0,0,1,1,0
2026-03-27 21:24:53.043,217.557,1140,-4,15,0,0,1,0,0,0,1,1,0
2026-03-27 21:24:53.187,217.701,1140,-4,15,0,0,1,0,0,0,1,1,0
2026-03-27 21:24:53.316,217.830,1140,-4,15,0,0,1,0,0,0,1,1,0
2026-03-27 21:24:53.332,217.846,1140,-4,15,0,0,1,0,0,0,1,1,0
2026-03-27 21:24:53.539,218.053,1140,-4,15,0,0,1,0,0,0,1,1,0
2026-03-27 21:24:53.683,218.197,1140,-4,15,0,0,1,0,0,0,1,1,0
2026-03-27 21:24:53.747,218.261,1140,-4,15,0,0,1,0,0,0,1,1,0
2026-03-27 21:24:53.749,218.263,1140,-4,15,0,0,1,0,0,0,1,1,0
2026-03-27 21:24:53.907,218.421,1140,-4,15,0,0,1,0,0,0,1,1,0
2026-03-27 21:24:53.939,218.453,1140,-4,15,0,0,1,0,0,0,1,1,0
2026-03-27 21:24:53.954,218.469,1140,-5,15,0,0,1,0,0,0,1,0,0
2026-03-27 21:24:53.957,218.471,1142,-4,15,0,0,1,0,0,0,1,1,0
2026-03-27 21:24:54.131,218.645,1141,-4,15,0,0,1,0,0,0,1,1,0
2026-03-27 21:24:54.179,218.693,1140,-4,15,0,0,1,0,0,0,1,1,0
2026-03-27 21:24:54.182,218.696,1140,-4,15,0,0,1,0,0,0,1,1,0
2026-03-27 21:24:54.291,218.805,1141,-4,15,0,0,1,0,0,0,1,1,0
2026-03-27 21:24:54.307,218.821,1141,-4,15,0,0,1,0,0,0,1,1,0
2026-03-27 21:24:54.354,218.868,1141,-4,15,0,0,1,0,0,0,1,1,0
2026-03-27 21:24:54.436,218.950,1140,-4,15,0,0,1,0,0,0,1,1,0
2026-03-27 21:24:54.611,219.125,1140,-4,15,0,0,1,0,0,0,1,1,0
2026-03-27 21:24:54.659,219.174,1140,-4,15,0,0,1,0,0,0,1,1,0
2026-03-27 21:24:54.706,219.220,1140,-4,15,0,0,1,0,0,0,1,1,0
2026-03-27 21:24:54.723,219.237,1140,-4,15,0,0,1,0,0,0,1,1,0
2026-03-27 21:24:54.850,219.364,1140,-4,15,0,0,1,0,0,0,1,1,0
2026-03-27 21:24:54.852,219.366,1140,-2,15,0,0,1,0,0,0,1,1,0
2026-03-27 21:24:54.883,219.397,1140,-4,15,0,0,1,0,0,0,1,1,0
2026-03-27 21:24:54.899,219.413,1140,-4,15,0,0,1,0,0,0,1,1,0
2026-03-27 21:24:55.027,219.541,1140,-4,15,0,0,1,0,0,0,1,1,0
2026-03-27 21:24:55.029,219.543,1140,-4,15,0,0,1,0,0,0,1,1,0
2026-03-27 21:24:55.138,219.653,1140,-4,15,0,0,1,0,0,0,1,1,0
2026-03-27 21:24:55.140,219.654,1140,-4,15,0,0,1,0,0,0,1,1,0
2026-03-27 21:24:55.219,219.733,1140,-4,13,0,0,1,0,0,0,1,1,0
2026-03-27 21:24:55.379,219.893,1140,-4,12,0,0,1,0,0,0,1,1,0
2026-03-27 21:24:55.539,220.053,1140,-4,15,0,0,1,0,0,0,1,1,0
2026-03-27 21:24:55.619,220.133,1140,-4,15,0,0,1,0,0,0,1,1,0
2026-03-27 21:24:55.635,220.149,1140,-4,15,0,0,1,0,0,0,1,1,0
2026-03-27 21:24:55.651,220.165,1140,-4,15,0,0,1,0,0,0,1,1,0
2026-03-27 21:24:55.654,220.168,1141,-4,15,0,0,1,0,0,0,1,1,0
2026-03-27 21:24:55.780,220.294,1141,-1,15,0,0,1,0,0,0,1,1,0
2026-03-27 21:24:55.875,220.390,1140,-4,12,0,0,1,0,0,0,1,1,0
2026-03-27 21:24:55.877,220.391,1140,-4,12,0,0,1,0,0,0,1,1,0
2026-03-27 21:24:55.891,220.405,1140,-4,15,0,0,1,0,0,0,1,1,0
2026-03-27 21:24:56.019,220.533,1140,-4,15,0,0,1,0,0,0,1,1,0
2026-03-27 21:24:56.020,220.534,1140,-4,15,0,0,1,0,0,0,1,1,0
2026-03-27 21:24:56.162,220.676,1140,-4,15,0,0,1,0,0,0,1,1,0
2026-03-27 21:24:56.195,220.709,1140,-4,15,0,0,1,0,0,0,1,1,0
2026-03-27 21:24:56.307,220.822,1140,-2,15,0,0,1,0,0,0,1,1,0
2026-03-27 21:24:56.451,220.965,1140,-4,15,0,0,1,0,0,0,1,1,0
2026-03-27 21:24:56.514,221.028,1140,-4,15,0,0,1,0,0,0,1,1,0
2026-03-27 21:24:56.531,221.045,1140,-4,15,0,0,1,0,0,0,1,1,0
2026-03-27 21:24:56.611,221.125,1140,-4,15,0,0,1,0,0,0,1,1,0
2026-03-27 21:24:56.612,221.126,1140,-4,15,0,0,1,0,0,0,1,1,0
2026-03-27 21:24:56.614,221.128,11140,-4,15,0,0,1,0,0,0,1,1,0
2026-03-27 21:24:56.803,221.318,1140,-4,15,0,0,1,0,0,0,1,1,0
2026-03-27 21:24:56.915,221.429,1140,-4,15,0,0,1,0,0,0,1,1,0
2026-03-27 21:24:56.917,221.432,1140,-4,15,0,0,1,0,0,0,1,1,0
2026-03-27 21:24:57.059,221.573,1140,-4,15,0,0,1,0,0,0,1,1,0
2026-03-27 21:24:57.188,221.702,1140,-4,15,0,0,1,0,0,0,1,1,0
2026-03-27 21:24:57.283,221.797,1140,-4,15,0,0,1,0,0,0,1,1,0
2026-03-27 21:24:57.538,222.052,1140,-1,15,0,0,1,0,0,0,1,1,0
2026-03-27 21:24:57.539,222.054,1140,-4,15,0,0,1,0,0,0,1,1,0
2026-03-27 21:24:57.667,222.181,1140,-4,15,0,0,1,0,0,0,1,1,0
2026-03-27 21:24:57.843,222.357,1141,-4,15,0,0,1,0,0,0,1,1,0
2026-03-27 21:24:57.844,222.358,1140,-4,15,0,0,1,0,0,0,1,1,0
2026-03-27 21:24:57.955,222.469,1140,-4,15,0,0,1,0,0,0,1,1,0
2026-03-27 21:24:58.083,222.597,1140,-3,15,0,0,1,0,0,0,1,0,0
2026-03-27 21:24:58.085,222.599,1140,-3,15,0,0,1,0,0,0,1,0,0
2026-03-27 21:24:58.146,222.660,1140,-3,15,0,0,1,0,0,0,1,0,0
2026-03-27 21:24:58.148,222.662,1140,-3,15,0,0,1,0,0,0,1,0,0
2026-03-27 21:24:58.162,222.677,1140,-3,15,0,0,1,0,0,0,1,0,0
2026-03-27 21:24:58.258,222.773,1140,-4,16,0,0,1,0,0,0,1,0,0
2026-03-27 21:24:58.437,222.951,1140,-3,16,0,0,1,0,0,0,1,0,0
2026-03-27 21:24:58.563,223.077,1140,-1,15,0,0,1,0,0,0,1,0,0
2026-03-27 21:24:58.690,223.204,1140,-3,15,0,0,1,0,0,0,1,0,0
2026-03-27 21:24:58.706,223.221,1140,-4,16,0,0,1,0,0,0,1,0,0
2026-03-27 21:24:58.755,223.269,1141,-3,16,0,0,1,0,0,0,1,0,0
2026-03-27 21:24:58.931,223.445,1140,-3,16,0,0,1,0,0,0,1,0,0
2026-03-27 21:24:58.934,223.448,1140,-3,16,0,0,1,0,0,0,1,0,0
2026-03-27 21:24:59.011,223.525,1140,-3,16,0,0,1,0,0,0,1,0,0
2026-03-27 21:24:59.154,223.669,1140,-3,15,0,0,1,0,0,0,1,0,0
2026-03-27 21:24:59.158,223.672,1140,-3,16,0,0,1,0,0,0,1,0,0
2026-03-27 21:24:59.187,223.701,1140,-3,15,0,0,1,0,0,0,1,0,0
2026-03-27 21:24:59.314,223.828,1140,-3,16,0,0,1,0,0,0,1,0,0
2026-03-27 21:24:59.410,223.924,1140,-3,15,0,0,1,0,0,0,1,0,0
2026-03-27 21:24:59.554,224.068,1140,-3,16,0,0,1,0,0,0,1,0,0
2026-03-27 21:24:59.556,224.070,1140,-3,16,0,0,1,0,0,0,1,0,0
2026-03-27 21:24:59.683,224.197,1140,-3,15,0,0,1,0,0,0,1,0,0
2026-03-27 21:24:59.685,224.199,1140,-4,16,0,0,1,0,0,0,1,0,0
2026-03-27 21:24:59.731,224.245,1140,-4,16,0,0,1,0,0,0,1,0,0
2026-03-27 21:24:59.732,224.246,1140,-1,16,0,0,1,0,0,0,0,0,0
2026-03-27 21:24:59.733,224.248,1140,-3,16,0,0,1,0,0,0,1,0,0
2026-03-27 21:24:59.843,224.357,1140,-4,15,0,0,1,0,0,0,1,0,0
2026-03-27 21:24:59.938,224.452,1140,-4,13,0,0,1,0,0,0,1,0,0
2026-03-27 21:25:00.068,224.582,1140,-4,15,0,0,1,0,0,0,1,0,0
2026-03-27 21:25:00.163,224.677,1141,-4,15,0,0,1,0,0,0,1,0,0
2026-03-27 21:25:00.307,224.821,1140,-4,15,0,0,1,0,0,0,1,0,0
2026-03-27 21:25:00.308,224.822,1140,-4,15,0,0,1,0,0,0,1,0,0
2026-03-27 21:25:00.402,224.917,1140,-4,15,0,0,1,0,0,0,1,0,0
2026-03-27 21:25:00.419,224.933,1140,-4,15,0,0,1,0,0,0,1,0,0
2026-03-27 21:25:00.422,224.936,1140,-4,15,0,0,1,0,0,0,1,0,0
2026-03-27 21:25:00.451,224.965,1140,-4,15,0,0,1,0,0,0,1,0,0
2026-03-27 21:25:00.595,225.109,1140,-4,15,0,0,1,0,0,0,1,0,0
2026-03-27 21:25:00.723,225.237,1140,-4,15,0,0,1,0,0,0,1,0,0
2026-03-27 21:25:00.787,225.301,1140,-4,15,0,0,1,0,0,0,1,0,0
2026-03-27 21:25:00.915,225.429,1140,-4,15,0,0,1,0,0,0,1,0,0
2026-03-27 21:25:01.042,225.556,1140,-4,15,0,0,1,0,0,0,1,0,0
2026-03-27 21:25:01.043,225.557,1140,-1,15,0,0,1,0,0,0,1,0,0
2026-03-27 21:25:01.075,225.589,1140,-4,15,0,0,1,0,0,0,1,0,0
2026-03-27 21:25:01.234,225.749,1140,-4,15,0,0,1,0,0,0,1,0,0
2026-03-27 21:25:01.330,225.845,1140,-4,15,0,0,1,0,0,0,1,0,0
2026-03-27 21:25:01.443,225.957,1140,-4,15,0,0,1,0,0,0,1,0,0
2026-03-27 21:25:01.522,226.037,1140,-4,15,0,0,1,0,0,0,1,0,0
2026-03-27 21:25:01.683,226.197,1140,-4,15,0,0,1,0,0,0,1,0,0
2026-03-27 21:25:01.715,226.229,1140,-4,15,0,0,1,0,0,0,1,0,0
2026-03-27 21:25:01.826,226.341,1140,-4,15,0,0,1,0,0,0,1,0,0
2026-03-27 21:25:01.970,226.484,1140,-4,15,0,0,1,0,0,0,1,0,0
2026-03-27 21:25:01.972,226.486,1140,-4,15,0,0,1,0,0,0,1,0,0
2026-03-27 21:25:02.066,226.581,1140,-4,15,0,0,1,0,0,0,1,0,0
2026-03-27 21:25:02.178,226.693,1140,-4,15,0,0,1,0,0,0,1,0,0
2026-03-27 21:25:02.354,226.869,1140,-2,15,0,0,1,0,0,0,1,0,0
2026-03-27 21:25:02.387,226.901,1140,-4,15,0,0,1,0,0,0,1,0,0
2026-03-27 21:25:02.515,227.029,1140,-4,15,0,0,1,0,0,0,1,0,0
2026-03-27 21:25:02.595,227.109,1140,-4,15,0,0,1,0,0,0,1,0,0
2026-03-27 21:25:02.610,227.124,1140,-4,15,0,0,1,0,0,0,1,0,0
2026-03-27 21:25:02.722,227.236,1140,-4,15,0,0,1,0,0,0,1,0,0
2026-03-27 21:25:02.802,227.316,1140,-4,15,0,0,1,0,0,0,1,0,0
2026-03-27 21:25:02.947,227.461,1140,-2,15,0,0,1,0,0,0,1,0,0
2026-03-27 21:25:03.010,227.525,1140,-4,15,0,0,1,0,0,0,1,0,0
2026-03-27 21:25:03.013,227.527,1140,-4,15,0,0,1,0,0,0,1,0,0
2026-03-27 21:25:03.139,227.653,1140,-4,15,0,0,1,0,0,0,1,0,0
2026-03-27 21:25:03.235,227.749,1140,-4,15,0,0,1,0,0,0,1,0,0
2026-03-27 21:25:03.379,227.893,1140,-4,15,0,0,1,0,0,0,1,0,0
2026-03-27 21:25:03.507,228.021,1140,-4,15,0,0,1,0,0,0,1,0,0
2026-03-27 21:25:03.508,228.022,1140,-4,15,0,0,1,0,0,0,1,0,0
2026-03-27 21:25:03.587,228.101,1140,-4,15,0,0,1,0,0,0,1,0,0
2026-03-27 21:25:03.762,228.276,1140,-4,15,0,0,1,0,0,0,1,0,0
2026-03-27 21:25:03.843,228.357,1140,-4,15,0,0,1,0,0,0,1,0,0
2026-03-27 21:25:03.987,228.501,1140,-4,15,0,0,1,0,0,0,1,0,0
2026-03-27 21:25:04.098,228.613,1140,-4,15,0,0,1,0,0,0,1,0,0
2026-03-27 21:25:04.100,228.614,1140,-4,14,0,0,1,0,0,0,1,0,0
2026-03-27 21:25:04.146,228.661,1140,-4,15,0,0,1,0,0,0,1,0,0
2026-03-27 21:25:04.243,228.757,1141,-4,15,0,0,1,0,0,0,1,0,0
2026-03-27 21:25:04.354,228.868,1140,-4,15,0,0,1,0,0,0,1,0,0
2026-03-27 21:25:04.562,229.076,1140,-4,15,0,0,1,0,0,0,1,0,0
2026-03-27 21:25:04.626,229.140,1140,-4,15,0,0,1,0,0,0,1,0,0
2026-03-27 21:25:04.627,229.141,1140,-4,15,0,0,1,0,0,0,1,0,0
2026-03-27 21:25:04.706,229.220,1140,-4,15,0,0,1,0,0,0,1,0,0
2026-03-27 21:25:04.707,229.221,1140,-4,15,0,0,1,0,0,0,1,0,0
2026-03-27 21:25:04.866,229.380,1140,-4,15,0,0,1,0,0,0,1,0,0
2026-03-27 21:25:04.962,229.477,1140,-4,15,0,0,1,0,0,0,1,0,0
2026-03-27 21:25:05.042,229.556,1140,-4,15,0,0,1,0,0,0,1,0,0
2026-03-27 21:25:05.106,229.620,1140,-4,15,0,0,1,0,0,0,1,0,0
2026-03-27 21:25:05.108,229.623,1140,-4,15,0,0,1,0,0,0,1,0,0
2026-03-27 21:25:05.235,229.749,1140,-4,15,0,0,1,0,0,0,1,0,0
2026-03-27 21:25:05.330,229.845,1140,-4,15,0,0,1,0,0,0,1,0,0
2026-03-27 21:25:05.523,230.037,1141,-4,15,0,0,1,0,0,0,1,0,0
2026-03-27 21:25:05.571,230.085,1140,-4,15,0,0,1,0,0,0,1,0,0
2026-03-27 21:25:05.714,230.228,1140,-4,15,0,0,1,0,0,0,1,0,0
2026-03-27 21:25:05.730,230.244,1140,-4,15,0,0,1,0,0,0,1,0,0
2026-03-27 21:25:05.763,230.277,1140,-4,15,0,0,1,0,0,0,1,0,0
2026-03-27 21:25:05.778,230.292,1141,-4,15,0,0,1,0,0,0,1,0,0
2026-03-27 21:25:05.875,230.389,1141,-4,15,0,0,1,0,0,0,1,0,0
2026-03-27 21:25:06.035,230.549,1141,-4,15,0,0,1,0,0,0,1,0,0
2026-03-27 21:25:06.114,230.628,1140,-4,15,0,0,1,0,0,0,1,0,0
2026-03-27 21:25:06.227,230.741,1140,-4,15,0,0,1,0,0,0,1,0,0
2026-03-27 21:25:06.306,230.821,1140,-5,15,0,0,1,0,0,0,1,0,0
2026-03-27 21:25:06.434,230.948,1140,-4,15,0,0,1,0,0,0,1,0,0
2026-03-27 21:25:06.437,230.951,1141,-4,15,0,0,1,0,0,0,1,0,0
2026-03-27 21:25:06.547,231.061,1142,-4,15,0,0,1,0,0,0,1,0,0
2026-03-27 21:25:06.707,231.221,1140,-4,15,0,0,1,0,0,0,1,0,0
2026-03-27 21:25:06.786,231.300,1140,-5,15,0,0,1,0,0,0,1,0,0
2026-03-27 21:25:06.788,231.302,1140,-1,15,0,0,1,0,0,0,1,0,0
2026-03-27 21:25:06.789,231.303,1140,0,0,0,0,0,0,0,0,1,0,0
2026-03-27 21:25:06.898,231.412,1140,-4,15,0,0,1,0,0,0,1,0,0
2026-03-27 21:25:06.899,231.413,1140,-4,15,0,0,1,0,0,0,1,0,0
2026-03-27 21:25:06.963,231.477,1140,-4,15,0,0,1,0,0,0,1,0,0
2026-03-27 21:25:06.964,231.479,1140,-4,15,0,0,1,0,0,0,1,0,0
2026-03-27 21:25:07.074,231.589,1140,-4,15,0,0,1,0,0,0,1,0,0
2026-03-27 21:25:07.155,231.669,1140,-4,15,0,0,1,0,0,0,1,0,0
2026-03-27 21:25:07.156,231.670,1140,-4,15,0,0,1,0,0,0,1,0,0
2026-03-27 21:25:07.250,231.765,1140,-4,15,0,0,1,0,0,0,1,0,0
2026-03-27 21:25:07.394,231.908,1141,-4,15,0,0,1,0,0,0,1,0,0
2026-03-27 21:25:07.410,231.924,1140,-4,15,0,0,1,0,0,0,1,0,0
2026-03-27 21:25:07.618,232.132,1140,-4,15,0,0,1,0,0,0,1,0,0
2026-03-27 21:25:07.620,232.134,1140,-5,15,0,0,1,0,0,0,1,0,0
2026-03-27 21:25:07.666,232.181,1140,-4,15,0,0,1,0,0,0,1,0,0
2026-03-27 21:25:07.731,232.245,1140,-4,15,0,0,1,0,0,0,1,0,0
2026-03-27 21:25:07.875,232.389,1140,-4,15,0,0,1,0,0,0,1,0,0
2026-03-27 21:25:07.954,232.468,1140,-5,15,0,0,1,0,0,0,1,0,0
2026-03-27 21:25:08.131,232.645,1140,-4,15,0,0,1,0,0,0,1,0,0
2026-03-27 21:25:08.243,232.757,1140,-4,15,0,0,1,0,0,0,1,0,0
2026-03-27 21:25:08.306,232.820,1140,-4,15,0,0,1,0,0,0,1,0,0
2026-03-27 21:25:08.308,232.822,1140,-4,15,0,0,1,0,0,0,1,0,0
2026-03-27 21:25:08.386,232.900,1140,-2,15,0,0,1,0,0,0,1,0,0
2026-03-27 21:25:08.547,233.061,1140,-4,15,0,0,1,0,0,0,1,0,0
2026-03-27 21:25:08.674,233.189,1140,-4,15,0,0,1,0,0,0,1,0,0
2026-03-27 21:25:08.770,233.285,1140,-4,15,0,0,1,0,0,0,1,0,0
2026-03-27 21:25:08.834,233.348,1140,-4,15,0,0,1,0,0,0,1,0,0
2026-03-27 21:25:08.836,233.351,1140,-4,15,0,0,1,0,0,0,1,0,0
2026-03-27 21:25:08.978,233.492,1140,-4,15,0,0,1,0,0,0,1,0,0
2026-03-27 21:25:09.090,233.604,1140,-4,15,0,0,1,0,0,0,1,0,0
2026-03-27 21:25:09.170,233.684,1140,-4,15,0,0,1,0,0,0,1,0,0
2026-03-27 21:25:09.266,233.780,1140,-4,15,0,0,1,0,0,0,1,0,0
2026-03-27 21:25:09.426,233.940,1140,-4,15,0,0,1,0,0,0,1,0,0
2026-03-27 21:25:09.490,234.004,1140,-4,15,0,0,1,0,0,0,1,0,0
2026-03-27 21:25:09.506,234.020,1140,-4,15,0,0,1,0,0,0,1,0,0
2026-03-27 21:25:09.634,234.149,1141,-4,15,0,0,1,0,0,0,1,0,0
2026-03-27 21:25:09.682,234.196,1140,-4,15,0,0,1,0,0,0,1,0,0
2026-03-27 21:25:09.684,234.199,1140,-4,15,0,0,1,0,0,0,1,0,0
2026-03-27 21:25:09.779,234.293,1140,-4,15,0,0,1,0,0,0,1,0,0
2026-03-27 21:25:09.874,234.388,1140,-4,15,0,0,1,0,0,0,1,0,0
2026-03-27 21:25:09.938,234.452,1140,-4,15,0,0,1,0,0,0,1,0,0
2026-03-27 21:25:10.051,234.565,1140,-4,15,0,0,1,0,0,0,1,0,0
2026-03-27 21:25:10.210,234.725,1140,-4,15,0,0,1,0,0,0,1,0,0
2026-03-27 21:25:10.258,234.772,1140,-4,15,0,0,1,0,0,0,1,0,0
2026-03-27 21:25:10.386,234.900,1140,-5,15,0,0,1,0,0,0,1,0,0
2026-03-27 21:25:10.388,234.902,1140,-4,15,0,0,1,0,0,0,1,0,0
2026-03-27 21:25:10.450,234.964,1140,-4,15,0,0,1,0,0,0,1,0,0
2026-03-27 21:25:10.467,234.981,1140,-4,15,0,0,1,0,0,0,1,0,0
2026-03-27 21:25:10.562,235.076,1140,-2,15,0,0,1,0,0,0,1,0,0
2026-03-27 21:25:10.738,235.252,1140,-4,15,0,0,1,0,0,0,1,0,0
2026-03-27 21:25:10.786,235.300,1140,-2,15,0,0,1,0,0,0,1,0,0
2026-03-27 21:25:10.866,235.381,1140,-4,15,0,0,1,0,0,0,1,0,0
2026-03-27 21:25:10.931,235.445,1140,-1,15,0,0,1,0,0,0,1,0,0
2026-03-27 21:25:11.011,235.525,1140,-4,15,0,0,1,0,0,0,1,0,0
2026-03-27 21:25:11.012,235.527,1140,-4,15,0,0,1,0,0,0,1,0,0
2026-03-27 21:25:11.026,235.540,1140,-4,15,0,0,1,0,0,0,1,0,0
2026-03-27 21:25:11.138,235.652,1140,-4,15,0,0,1,0,0,0,1,0,0
2026-03-27 21:25:11.266,235.780,1140,-4,15,0,0,1,0,0,0,1,0,0
2026-03-27 21:25:11.362,235.876,1140,-4,15,0,0,1,0,0,0,1,0,0
2026-03-27 21:25:11.426,235.940,1140,-4,15,0,0,1,0,0,0,1,0,0
2026-03-27 21:25:11.571,236.085,1140,-4,15,0,0,1,0,0,0,1,0,0
2026-03-27 21:25:11.634,236.148,1140,-4,15,0,0,1,0,0,0,1,0,0
2026-03-27 21:25:11.697,236.212,1140,-4,15,0,0,1,0,0,0,1,0,0
2026-03-27 21:25:11.810,236.324,1140,-4,14,0,0,1,0,0,0,1,0,0
2026-03-27 21:25:11.906,236.420,1140,-4,12,0,0,1,0,0,0,1,0,0
2026-03-27 21:25:11.986,236.500,1140,-4,15,0,0,1,0,0,0,1,0,0
2026-03-27 21:25:11.988,236.502,1140,-4,15,0,0,1,0,0,0,1,0,0
2026-03-27 21:25:12.131,236.645,1140,-1,15,0,0,1,0,0,0,1,0,0
2026-03-27 21:25:12.178,236.692,1140,-4,15,0,0,1,0,0,0,1,0,0
2026-03-27 21:25:12.338,236.852,1140,-4,15,0,0,1,0,0,0,1,0,0
2026-03-27 21:25:12.402,236.916,1140,-4,15,0,0,1,0,0,0,1,0,0
2026-03-27 21:25:12.498,237.013,1140,-4,15,0,0,1,0,0,0,1,0,0
2026-03-27 21:25:12.610,237.124,1140,-4,15,0,0,1,0,0,0,1,0,0
2026-03-27 21:25:12.802,237.316,1140,-4,15,0,0,1,0,0,0,1,0,0
2026-03-27 21:25:12.850,237.364,1140,-4,15,0,0,1,0,0,0,1,0,0
2026-03-27 21:25:12.853,237.367,1140,-4,15,0,0,1,0,0,0,1,0,0
2026-03-27 21:25:12.962,237.477,1140,-4,15,0,0,1,0,0,0,1,0,0
2026-03-27 21:25:13.026,237.540,1140,-4,15,0,0,1,0,0,0,1,0,0
2026-03-27 21:25:13.106,237.620,1140,-4,15,0,0,1,0,0,0,1,0,0
2026-03-27 21:25:13.218,237.732,1140,-4,15,0,0,1,0,0,0,1,0,0
2026-03-27 21:25:13.363,237.877,1140,-4,15,0,0,1,0,0,0,1,0,0
2026-03-27 21:25:13.379,237.893,1140,-4,15,0,0,1,0,0,0,1,0,0
2026-03-27 21:25:13.522,238.036,1140,-4,15,0,0,1,0,0,0,1,0,0
2026-03-27 21:25:13.570,238.084,1140,-4,15,0,0,1,0,0,0,1,0,0
2026-03-27 21:25:13.698,238.213,1140,-4,15,0,0,1,0,0,0,1,0,0
2026-03-27 21:25:13.730,238.244,1140,-4,15,0,0,1,0,0,0,1,0,0
2026-03-27 21:25:13.921,238.435,1140,-4,15,0,0,1,0,0,0,1,0,0
2026-03-27 21:25:13.923,238.437,1140,-4,15,0,0,1,0,0,0,1,0,0
2026-03-27 21:25:13.986,238.500,1140,-4,15,0,0,1,0,0,0,1,0,0
2026-03-27 21:25:13.987,238.501,1140,-4,15,0,0,1,0,0,0,1,0,0
2026-03-27 21:25:14.034,238.548,1140,-4,15,0,0,1,0,0,0,1,0,0
2026-03-27 21:25:14.035,238.549,1140,-4,15,0,0,1,0,0,0,1,0,0
2026-03-27 21:25:14.147,238.661,1140,-4,15,0,0,1,0,0,0,1,0,0
2026-03-27 21:25:14.242,238.756,1140,-4,15,0,0,1,0,0,0,1,0,0
2026-03-27 21:25:14.418,238.932,1140,-4,15,0,0,1,0,0,0,1,0,0
2026-03-27 21:25:14.435,238.949,1140,-4,15,0,0,1,0,0,0,1,0,0
2026-03-27 21:25:14.642,239.156,1140,-2,15,0,0,1,0,0,0,1,0,0
2026-03-27 21:25:14.961,239.475,1141,-4,15,0,0,1,0,0,0,1,0,0
2026-03-27 21:25:15.106,239.620,1140,-2,15,0,0,1,0,0,0,1,0,0
2026-03-27 21:25:15.138,239.652,1140,-1,15,0,0,1,0,0,0,1,0,0
2026-03-27 21:25:15.154,239.668,1140,-2,15,0,0,1,0,0,0,1,0,0
2026-03-27 21:25:15.218,239.732,1140,-4,15,0,0,1,0,0,0,1,0,0
2026-03-27 21:25:15.330,239.844,1141,-4,15,0,0,1,0,0,0,1,0,0
2026-03-27 21:25:15.458,239.972,1140,-5,12,0,0,1,0,0,0,1,0,0
2026-03-27 21:25:15.474,239.988,1140,-4,15,0,0,1,0,0,0,1,0,0
2026-03-27 21:25:15.586,240.100,1140,-4,15,0,0,1,0,0,0,1,0,0
2026-03-27 21:25:15.714,240.228,1140,-4,15,0,0,1,0,0,0,1,0,0
2026-03-27 21:25:15.859,240.373,1140,-4,15,0,0,1,0,0,0,1,0,0
2026-03-27 21:25:15.874,240.388,1140,-4,15,0,0,1,0,0,0,1,0,0
2026-03-27 21:25:15.986,240.500,1140,-4,15,0,0,1,0,0,0,1,0,0
2026-03-27 21:25:16.098,240.612,1140,-4,15,0,0,1,0,0,0,1,0,0
2026-03-27 21:25:16.146,240.660,1141,-4,15,0,0,1,0,0,0,1,0,0
2026-03-27 21:25:16.274,240.788,1140,-4,15,0,0,1,0,0,0,1,0,0
2026-03-27 21:25:16.386,240.900,1140,-4,15,0,0,1,0,0,0,1,0,0
2026-03-27 21:25:16.450,240.964,1140,-4,15,0,0,1,0,0,0,1,0,0
2026-03-27 21:25:16.610,241.124,1140,-4,15,0,0,1,0,0,0,1,0,0
2026-03-27 21:25:16.627,241.141,1140,-4,15,0,0,1,0,0,0,1,0,0
2026-03-27 21:25:16.690,241.204,1140,-5,15,0,0,1,0,0,0,1,0,0
2026-03-27 21:25:16.818,241.332,1140,-4,15,0,0,1,0,0,0,1,0,0
2026-03-27 21:25:16.961,241.475,1140,-4,15,0,0,1,0,0,0,1,0,0
2026-03-27 21:25:17.138,241.652,1140,-4,15,0,0,1,0,0,0,1,0,0
2026-03-27 21:25:17.185,241.699,1140,-5,15,0,0,1,0,0,0,1,0,0
2026-03-27 21:25:17.298,241.812,1140,-4,15,0,0,1,0,0,0,1,0,0
2026-03-27 21:25:17.346,241.860,1140,-4,15,0,0,1,0,0,0,1,0,0
2026-03-27 21:25:17.570,242.084,1140,-4,15,0,0,1,0,0,0,1,0,0
2026-03-27 21:25:17.601,242.115,1140,-4,15,0,0,1,0,0,0,1,0,0
2026-03-27 21:25:17.603,242.117,1140,-4,15,0,0,1,0,0,0,1,0,0
2026-03-27 21:25:17.604,242.118,1140,-5,15,0,0,1,0,0,0,1,0,0
2026-03-27 21:25:17.666,242.181,1140,-4,15,0,0,1,0,0,0,1,0,0
2026-03-27 21:25:17.794,242.308,1140,-4,15,0,0,1,0,0,0,1,0,0
2026-03-27 21:25:17.890,242.404,1140,-4,15,0,0,1,0,0,0,1,0,0
2026-03-27 21:25:17.907,242.421,1140,-4,15,0,0,1,0,0,0,1,0,0
2026-03-27 21:25:18.002,242.516,1140,-4,15,0,0,1,0,0,0,1,0,0
2026-03-27 21:25:18.113,242.628,1140,-4,15,0,0,1,0,0,0,1,0,0
2026-03-27 21:25:18.116,242.630,1140,-4,16,0,0,1,0,0,0,1,0,0
2026-03-27 21:25:18.242,242.756,1140,-4,15,0,0,1,0,0,0,1,0,0
2026-03-27 21:25:18.354,242.868,1140,-4,15,0,0,1,0,0,0,1,0,0
2026-03-27 21:25:18.481,242.996,1140,-4,15,0,0,1,0,0,0,1,0,0
2026-03-27 21:25:18.642,243.156,1140,-4,15,0,0,1,0,0,0,1,0,0
2026-03-27 21:25:18.722,243.236,1140,-4,15,0,0,1,0,0,0,1,0,0
2026-03-27 21:25:18.801,243.315,1140,-2,15,0,0,1,0,0,0,1,0,0
2026-03-27 21:25:18.802,243.317,1140,-1,15,0,0,1,0,0,0,1,0,0
2026-03-27 21:25:18.818,243.332,1141,-4,15,0,0,1,0,0,0,1,0,0
2026-03-27 21:25:18.946,243.460,1140,-4,15,0,0,1,0,0,0,1,0,0
2026-03-27 21:25:19.041,243.556,1140,-5,15,0,0,1,0,0,0,1,0,0
2026-03-27 21:25:19.185,243.699,1140,-4,15,0,0,1,0,0,0,1,0,0
2026-03-27 21:25:19.186,243.701,1140,-4,15,0,0,1,0,0,0,1,0,0
2026-03-27 21:25:19.377,243.891,1140,-4,15,0,0,1,0,0,0,1,0,0
2026-03-27 21:25:19.379,243.893,1140,-4,15,0,0,1,0,0,0,1,0,0
2026-03-27 21:25:19.426,243.940,1140,-2,15,0,0,1,0,0,0,1,0,0
2026-03-27 21:25:19.489,244.004,1140,-4,15,0,0,1,0,0,0,1,0,0
2026-03-27 21:25:19.666,244.180,1140,-4,15,0,0,1,0,0,0,1,0,0
2026-03-27 21:25:19.810,244.324,1140,-4,15,0,0,1,0,0,0,1,0,0
2026-03-27 21:25:19.873,244.388,1140,-4,15,0,0,1,0,0,0,1,0,0
2026-03-27 21:25:19.890,244.404,1141,-4,15,0,0,1,0,0,0,1,0,0
2026-03-27 21:25:19.954,244.468,1141,-4,15,0,0,1,0,0,0,1,0,0
2026-03-27 21:25:20.161,244.675,1140,-4,15,0,0,1,0,0,0,1,0,0
2026-03-27 21:25:20.209,244.723,1140,-5,15,0,0,1,0,0,0,1,0,0
2026-03-27 21:25:20.225,244.739,1140,-4,15,0,0,1,0,0,0,1,0,0
2026-03-27 21:25:20.385,244.900,1141,-4,15,0,0,1,0,0,0,1,0,0
2026-03-27 21:25:20.388,244.902,1140,-4,15,0,0,1,0,0,0,1,0,0
2026-03-27 21:25:20.402,244.916,1140,-4,15,0,0,1,0,0,0,1,0,0
2026-03-27 21:25:20.403,244.917,1140,-4,15,0,0,0,0,0,0,0,0,0
2026-03-27 21:25:20.404,244.918,1140,-4,12,0,0,1,0,0,0,1,0,0
2026-03-27 21:25:20.530,245.044,1140,-5,12,0,0,1,0,0,0,1,0,0
2026-03-27 21:25:20.657,245.171,1141,-4,15,0,0,1,0,0,0,1,0,0
2026-03-27 21:25:20.722,245.236,1140,-4,15,0,0,1,0,0,0,1,0,0
2026-03-27 21:25:20.849,245.364,1140,-4,15,0,0,1,0,0,0,1,0,0
2026-03-27 21:25:20.994,245.508,1140,-4,15,0,0,1,0,0,0,1,0,0
2026-03-27 21:25:21.026,245.540,1141,-4,15,0,0,1,0,0,0,1,0,0
2026-03-27 21:25:21.028,245.542,1140,-4,15,0,0,1,0,0,0,1,0,0
2026-03-27 21:25:21.106,245.620,1140,-4,15,0,0,1,0,0,0,1,0,0
2026-03-27 21:25:21.217,245.732,1140,-4,15,0,0,1,0,0,0,1,0,0
2026-03-27 21:25:21.346,245.860,1141,-4,15,0,0,1,0,0,0,1,0,0
2026-03-27 21:25:21.410,245.924,1140,-2,15,0,0,1,0,0,0,1,0,0
2026-03-27 21:25:21.412,245.926,1140,-4,15,0,0,1,0,0,0,1,0,0
2026-03-27 21:25:21.538,246.052,1140,-4,15,0,0,1,0,0,0,1,0,0
2026-03-27 21:25:21.539,246.053,1140,-4,15,0,0,1,0,0,0,0,0,0
2026-03-27 21:25:21.554,246.068,1140,-4,15,0,0,1,0,0,0,1,0,0
2026-03-27 21:25:21.665,246.179,1140,-4,15,0,0,1,0,0,0,1,0,0
2026-03-27 21:25:21.667,246.182,1140,-4,15,0,0,1,0,0,0,1,0,0
2026-03-27 21:25:21.810,246.324,1140,-4,15,0,0,1,0,0,0,1,0,0
2026-03-27 21:25:21.857,246.371,1140,-4,15,0,0,1,0,0,0,1,0,0
2026-03-27 21:25:21.874,246.388,1140,-4,15,0,0,1,0,0,0,1,0,0
2026-03-27 21:25:22.002,246.516,1140,-4,15,0,0,1,0,0,0,1,0,0
2026-03-27 21:25:22.098,246.612,1140,-4,15,0,0,1,0,0,0,1,0,0
2026-03-27 21:25:22.130,246.644,1140,-4,15,0,0,1,0,0,0,1,0,0
2026-03-27 21:25:22.242,246.756,1140,-4,15,0,0,1,0,0,0,1,0,0
2026-03-27 21:25:22.257,246.771,1140,-4,15,0,0,1,0,0,0,1,0,0
2026-03-27 21:25:22.417,246.931,1140,-4,15,0,0,1,0,0,0,1,0,0
2026-03-27 21:25:22.465,246.979,1140,-4,15,0,0,1,0,0,0,1,0,0
2026-03-27 21:25:22.546,247.060,1140,-4,15,0,0,1,0,0,0,1,0,0
2026-03-27 21:25:22.882,247.396,1140,-4,15,0,0,1,0,0,0,1,0,0
2026-03-27 21:25:22.897,247.412,1140,-5,15,0,0,1,0,0,0,1,0,0
2026-03-27 21:25:22.899,247.413,1140,-4,15,0,0,1,0,0,0,1,0,0
2026-03-27 21:25:23.009,247.523,1140,-4,15,0,0,1,0,0,0,1,0,0
2026-03-27 21:25:23.154,247.668,1140,-4,15,0,0,1,0,0,0,1,0,0
2026-03-27 21:25:23.266,247.780,1140,-4,15,0,0,1,0,0,0,1,0,0
2026-03-27 21:25:23.361,247.875,1140,-2,15,0,0,1,0,0,0,1,0,0
2026-03-27 21:25:23.377,247.891,1140,-1,15,0,0,1,0,0,0,1,0,0
2026-03-27 21:25:23.489,248.004,1140,-4,15,0,0,1,0,0,0,1,0,0
2026-03-27 21:25:23.569,248.083,1140,-4,15,0,0,1,0,0,0,1,0,0
2026-03-27 21:25:23.586,248.100,1140,-4,15,0,0,1,0,0,0,1,0,0
2026-03-27 21:25:23.681,248.196,1140,-4,15,0,0,1,0,0,0,1,0,0
2026-03-27 21:25:23.777,248.292,1140,-4,15,0,0,1,0,0,0,1,0,0
2026-03-27 21:25:23.906,248.420,1140,-4,15,0,0,1,0,0,0,1,0,0
2026-03-27 21:25:24.001,248.515,1140,-4,15,0,0,1,0,0,0,1,0,0
2026-03-27 21:25:24.018,248.532,1140,-4,15,0,0,1,0,0,0,1,0,0
2026-03-27 21:25:24.082,248.596,1140,-4,15,0,0,1,0,0,0,1,0,0
2026-03-27 21:25:24.084,248.598,1140,-4,15,0,0,1,0,0,0,1,0,0
2026-03-27 21:25:24.178,248.692,1140,-4,15,0,0,1,0,0,0,1,0,0
2026-03-27 21:25:24.289,248.803,1140,-4,15,0,0,1,0,0,0,1,0,0
2026-03-27 21:25:24.370,248.884,1140,-4,15,0,0,1,0,0,0,1,0,0
2026-03-27 21:25:24.449,248.963,1140,-4,15,0,0,1,0,0,0,1,0,0
2026-03-27 21:25:24.625,249.139,1140,-5,15,0,0,1,0,0,0,1,0,0
2026-03-27 21:25:24.673,249.187,1140,-4,15,0,0,1,0,0,0,1,0,0
2026-03-27 21:25:24.801,249.315,1140,-4,15,0,0,1,0,0,0,1,0,0
2026-03-27 21:25:24.929,249.444,1140,-4,15,0,0,1,0,0,0,1,0,0
2026-03-27 21:25:24.932,249.446,1140,-4,15,0,0,1,0,0,0,1,0,0
2026-03-27 21:25:25.025,249.539,1140,-4,15,0,0,1,0,0,0,1,0,0
2026-03-27 21:25:25.090,249.604,1140,-4,15,0,0,1,0,0,0,1,0,0
2026-03-27 21:25:25.217,249.732,1140,-4,15,0,0,1,0,0,0,1,0,0
2026-03-27 21:25:25.330,249.844,1140,-4,15,0,0,1,0,0,0,1,0,0
2026-03-27 21:25:25.425,249.939,1140,-4,15,0,0,1,0,0,0,1,0,0
2026-03-27 21:25:25.490,250.004,1140,-4,15,0,0,1,0,0,0,1,0,0
2026-03-27 21:25:25.507,250.021,1140,-4,15,0,0,1,0,0,0,1,0,0
2026-03-27 21:25:25.602,250.116,1140,-4,15,0,0,1,0,0,0,1,0,0
2026-03-27 21:25:25.603,250.117,1140,-4,15,0,0,1,0,0,0,0,0,0
2026-03-27 21:25:25.604,250.118,1140,-4,15,0,0,1,0,0,0,1,0,0
2026-03-27 21:25:25.617,250.131,1140,-4,15,0,0,1,0,0,0,1,0,0
2026-03-27 21:25:25.826,250.340,1140,-4,15,0,0,1,0,0,0,1,0,0
2026-03-27 21:25:25.873,250.387,1140,-4,15,0,0,1,0,0,0,1,0,0
2026-03-27 21:25:25.985,250.499,1140,-4,15,0,0,1,0,0,0,1,0,0
2026-03-27 21:25:26.034,250.548,1140,-4,15,0,0,1,0,0,0,1,0,0
2026-03-27 21:25:26.145,250.660,1140,-4,15,0,0,1,0,0,0,1,0,0
2026-03-27 21:25:26.193,250.707,1140,-4,15,0,0,1,0,0,0,1,0,0
2026-03-27 21:25:26.209,250.723,1140,-4,15,0,0,1,0,0,0,1,0,0
2026-03-27 21:25:26.369,250.883,1140,-4,15,0,0,1,0,0,0,1,0,0
2026-03-27 21:25:26.371,250.885,1140,-4,15,0,0,1,0,0,0,1,0,0
2026-03-27 21:25:26.401,250.916,1140,-1,15,0,0,1,0,0,0,1,0,0
2026-03-27 21:25:26.657,251.171,1140,-4,15,0,0,1,0,0,0,1,0,0
2026-03-27 21:25:26.660,251.174,1140,-4,15,0,0,1,0,0,0,1,0,0
2026-03-27 21:25:26.769,251.283,1140,-4,15,0,0,1,0,0,0,1,0,0
2026-03-27 21:25:26.849,251.363,1140,-4,15,0,0,1,0,0,0,1,0,0
2026-03-27 21:25:26.897,251.411,1140,-4,15,0,0,1,0,0,0,1,0,0
2026-03-27 21:25:26.914,251.428,1140,-4,15,0,0,1,0,0,0,1,0,0
2026-03-27 21:25:27.057,251.571,1140,-4,15,0,0,1,0,0,0,1,0,0
2026-03-27 21:25:27.153,251.667,1140,-4,15,0,0,1,0,0,0,1,0,0
2026-03-27 21:25:27.154,251.668,1140,-4,15,0,0,1,0,0,0,1,0,0
2026-03-27 21:25:27.265,251.779,1140,-4,15,0,0,1,0,0,0,1,0,0
2026-03-27 21:25:27.378,251.892,1140,-4,15,0,0,1,0,0,0,1,0,0
2026-03-27 21:25:27.521,252.035,1140,-4,15,0,0,1,0,0,0,1,0,0
2026-03-27 21:25:27.570,252.084,1140,-4,15,0,0,1,0,0,0,1,0,0
2026-03-27 21:25:27.746,252.260,1140,-4,15,0,0,1,0,0,0,1,0,0
2026-03-27 21:25:27.793,252.307,1140,-4,15,0,0,1,0,0,0,1,0,0
2026-03-27 21:25:27.873,252.387,1140,-1,15,0,0,1,0,0,0,1,0,0
2026-03-27 21:25:28.001,252.516,1141,-4,15,0,0,1,0,0,0,1,0,0
2026-03-27 21:25:28.004,252.518,1140,-1,15,0,0,1,0,0,0,1,0,0
2026-03-27 21:25:28.129,252.643,1140,-2,15,0,0,1,0,0,0,1,0,0
2026-03-27 21:25:28.273,252.787,1140,-4,15,0,0,1,0,0,0,1,0,0
2026-03-27 21:25:28.290,252.805,1140,-4,15,0,0,1,0,0,0,1,0,0
2026-03-27 21:25:28.321,252.835,1140,-4,15,0,0,1,0,0,0,1,0,0
2026-03-27 21:25:28.417,252.931,1140,-4,15,0,0,1,0,0,0,1,0,0
2026-03-27 21:25:28.437,252.952,1140,-4,15,0,0,1,0,0,0,1,0,0
2026-03-27 21:25:28.497,253.011,1140,-4,15,0,0,1,0,0,0,1,0,0
2026-03-27 21:25:28.593,253.107,1140,-4,15,0,0,1,0,0,0,1,0,0
2026-03-27 21:25:28.595,253.109,1140,-4,15,0,0,1,0,0,0,1,0,0
2026-03-27 21:25:28.689,253.204,1140,-4,15,0,0,1,0,0,0,1,0,0
2026-03-27 21:25:28.692,253.207,1140,-4,14,0,0,1,0,0,0,1,0,0
2026-03-27 21:25:28.833,253.347,1140,-1,15,0,0,1,0,0,0,1,0,0
2026-03-27 21:25:28.835,253.349,1140,-2,15,0,0,1,0,0,0,1,0,0
2026-03-27 21:25:28.929,253.444,1140,-4,15,0,0,1,0,0,0,1,0,0
2026-03-27 21:25:29.010,253.524,1140,-4,15,0,0,1,0,0,0,1,0,0
2026-03-27 21:25:29.012,253.526,1140,-4,15,0,0,1,0,0,0,1,0,0
2026-03-27 21:25:29.122,253.636,1140,-4,15,0,0,1,0,0,0,1,0,0
2026-03-27 21:25:29.233,253.747,1140,-4,15,0,0,1,0,0,0,1,0,0
2026-03-27 21:25:29.236,253.750,1140,-4,15,0,0,1,0,0,0,1,0,0
2026-03-27 21:25:29.345,253.859,1140,-4,15,0,0,1,0,0,0,1,0,0
2026-03-27 21:25:29.361,253.875,1140,-4,15,0,0,1,0,0,0,1,0,0
2026-03-27 21:25:29.473,253.987,1140,-4,15,0,0,1,0,0,0,1,0,0
2026-03-27 21:25:29.586,254.100,1140,-4,15,0,0,1,0,0,0,1,0,0
2026-03-27 21:25:29.588,254.102,1140,-4,15,0,0,1,0,0,0,1,0,0
2026-03-27 21:25:29.666,254.180,1140,-4,15,0,0,1,0,0,0,1,0,0
2026-03-27 21:25:29.825,254.340,1140,-4,15,0,0,0,0,0,0,1,0,0
2026-03-27 21:25:29.970,254.484,1140,-4,15,0,0,1,0,0,0,1,0,0
2026-03-27 21:25:30.049,254.563,1140,-4,15,0,0,1,0,0,0,1,0,0
2026-03-27 21:25:30.129,254.643,1140,-4,15,0,0,1,0,0,0,1,0,0
2026-03-27 21:25:30.130,254.645,1140,-4,15,0,0,1,0,0,0,1,0,0
2026-03-27 21:25:30.256,254.771,1140,-4,15,0,0,1,0,0,0,1,0,0
2026-03-27 21:25:30.273,254.787,1140,-4,15,0,0,1,0,0,0,1,0,0
2026-03-27 21:25:30.321,254.836,1140,-4,15,0,0,1,0,0,0,1,0,0
2026-03-27 21:25:30.465,254.980,1140,-4,15,0,0,1,0,0,0,1,0,0
2026-03-27 21:25:30.593,255.107,1140,-4,15,0,0,1,0,0,0,1,0,0
2026-03-27 21:25:30.705,255.219,1140,-4,15,0,0,1,0,0,0,1,0,0
2026-03-27 21:25:30.706,255.220,1140,-4,15,0,0,1,0,0,0,1,0,0
2026-03-27 21:25:30.801,255.315,1140,-4,15,0,0,1,0,0,0,1,0,0
2026-03-27 21:25:30.897,255.411,1140,-4,15,0,0,1,0,0,0,1,0,0
2026-03-27 21:25:30.977,255.491,1140,-4,15,0,0,1,0,0,0,1,0,0
2026-03-27 21:25:30.980,255.494,1140,-4,15,0,0,1,0,0,0,1,0,0
2026-03-27 21:25:31.074,255.588,1140,-4,15,0,0,1,0,0,0,1,0,0
2026-03-27 21:25:31.201,255.715,1141,-4,15,0,0,1,0,0,0,1,0,0
2026-03-27 21:25:31.217,255.731,1141,-5,15,0,0,1,0,0,0,1,0,0
2026-03-27 21:25:31.313,255.827,1140,-4,15,0,0,1,0,0,0,1,0,0
2026-03-27 21:25:31.457,255.971,1140,-4,14,0,0,1,0,0,0,1,0,0
2026-03-27 21:25:31.460,255.974,1140,-4,15,0,0,1,0,0,0,1,0,0
2026-03-27 21:25:31.537,256.051,1140,-4,15,0,0,1,0,0,0,1,0,0
2026-03-27 21:25:31.585,256.099,1140,-4,15,0,0,1,0,0,0,1,0,0
2026-03-27 21:25:31.649,256.164,1140,-4,15,0,0,1,0,0,0,1,0,0
2026-03-27 21:25:31.793,256.307,1140,-4,15,0,0,1,0,0,0,1,0,0
2026-03-27 21:25:31.841,256.355,1140,-4,15,0,0,1,0,0,0,1,0,0
2026-03-27 21:25:31.937,256.451,1140,-4,15,0,0,1,0,0,0,1,0,0
2026-03-27 21:25:31.939,256.453,1140,-4,15,0,0,1,0,0,0,1,0,0
2026-03-27 21:25:31.953,256.467,1140,-4,15,0,0,1,0,0,0,1,0,0
2026-03-27 21:25:32.161,256.675,1140,-4,15,0,0,1,0,0,0,1,0,0
2026-03-27 21:25:32.273,256.787,1140,-1,15,0,0,1,0,0,0,1,0,0
2026-03-27 21:25:32.288,256.802,1140,-4,15,0,0,1,0,0,0,1,0,0
2026-03-27 21:25:32.401,256.915,1140,-4,15,0,0,1,0,0,0,1,0,0
2026-03-27 21:25:32.417,256.931,1140,-4,15,0,0,1,0,0,0,1,0,0
2026-03-27 21:25:32.481,256.995,1140,-4,15,0,0,1,0,0,0,1,0,0
2026-03-27 21:25:32.482,256.996,1140,-4,15,0,0,1,0,0,0,1,0,0
2026-03-27 21:25:32.593,257.107,1140,-4,15,0,0,1,0,0,0,1,0,0
2026-03-27 21:25:32.689,257.203,1140,-4,15,0,0,1,0,0,0,1,0,0
2026-03-27 21:25:32.849,257.364,1140,-4,15,0,0,1,0,0,0,1,0,0
2026-03-27 21:25:32.897,257.411,1140,-4,15,0,0,1,0,0,0,1,0,0
2026-03-27 21:25:33.025,257.539,1140,-4,15,0,0,1,0,0,0,1,0,0
2026-03-27 21:25:33.026,257.541,1140,-4,15,0,0,1,0,0,0,1,0,0
2026-03-27 21:25:33.105,257.620,1140,-4,15,0,0,1,0,0,0,1,0,0
2026-03-27 21:25:33.169,257.683,1140,-4,15,0,0,1,0,0,0,1,0,0
2026-03-27 21:25:33.281,257.795,1140,-4,15,0,0,1,0,0,0,1,0,0
2026-03-27 21:25:33.441,257.955,1140,-4,15,0,0,1,0,0,0,1,0,0
2026-03-27 21:25:33.569,258.083,1140,-4,15,0,0,1,0,0,0,1,0,0
2026-03-27 21:25:33.712,258.227,1140,-1,15,0,0,1,0,0,0,1,0,0
2026-03-27 21:25:33.745,258.259,1140,-4,12,0,0,1,0,0,0,1,0,0
2026-03-27 21:25:33.889,258.403,1140,-4,15,0,0,1,0,0,0,1,0,0
2026-03-27 21:25:33.984,258.499,1140,-2,15,0,0,1,0,0,0,1,0,0
2026-03-27 21:25:34.065,258.579,1140,-4,15,0,0,1,0,0,0,1,0,0
2026-03-27 21:25:34.225,258.739,1140,-4,15,0,0,1,0,0,0,1,0,0
2026-03-27 21:25:34.257,258.771,1141,-4,15,0,0,1,0,0,0,1,0,0
2026-03-27 21:25:34.369,258.883,1140,-4,15,0,0,1,0,0,0,1,0,0
2026-03-27 21:25:34.513,259.027,1141,-4,15,0,0,1,0,0,0,1,0,0
2026-03-27 21:25:34.657,259.171,1140,-4,15,0,0,1,0,0,0,1,0,0
2026-03-27 21:25:34.736,259.251,1140,-4,15,0,0,1,0,0,0,1,0,0
2026-03-27 21:25:34.753,259.267,1140,-4,15,0,0,1,0,0,0,1,0,0
2026-03-27 21:25:34.817,259.331,1140,-4,15,0,0,1,0,0,0,1,0,0
2026-03-27 21:25:34.818,259.333,1140,-4,15,0,0,0,0,0,0,1,0,0
2026-03-27 21:25:34.897,259.411,1140,-5,15,0,0,1,0,0,0,1,0,0
2026-03-27 21:25:34.898,259.412,1140,-4,15,0,0,1,0,0,0,1,0,0
2026-03-27 21:25:34.993,259.507,1140,-4,15,0,0,1,0,0,0,1,0,0
2026-03-27 21:25:35.105,259.620,1140,-4,15,0,0,1,0,0,0,1,0,0
2026-03-27 21:25:35.123,259.637,1140,-4,15,0,0,1,0,0,0,1,0,0
2026-03-27 21:25:35.217,259.731,1140,-4,15,0,0,1,0,0,0,1,0,0
2026-03-27 21:25:35.313,259.827,1140,-4,15,0,0,1,0,0,0,1,0,0
2026-03-27 21:25:35.440,259.954,1140,-4,15,0,0,1,0,0,0,1,0,0
2026-03-27 21:25:35.442,259.956,1140,-4,15,0,0,1,0,0,0,1,0,0
2026-03-27 21:25:35.444,259.958,1140,-4,15,0,0,1,0,0,0,1,0,0
2026-03-27 21:25:35.538,260.052,1140,-4,15,0,0,1,0,0,0,1,0,0
2026-03-27 21:25:35.553,260.067,1141,-4,15,0,0,1,0,0,0,1,0,0
2026-03-27 21:25:35.633,260.147,1141,-4,15,0,0,1,0,0,0,1,0,0
2026-03-27 21:25:35.761,260.275,1140,-1,15,0,0,1,0,0,0,1,0,0
2026-03-27 21:25:35.763,260.277,1140,-1,15,0,0,1,0,0,0,1,0,0
2026-03-27 21:25:35.857,260.371,1140,-4,15,0,0,1,0,0,0,1,0,0
2026-03-27 21:25:35.985,260.499,1140,-4,15,0,0,1,0,0,0,1,0,0
2026-03-27 21:25:36.097,260.611,1140,-4,15,0,0,1,0,0,0,1,0,0
2026-03-27 21:25:36.177,260.691,1140,-4,15,0,0,1,0,0,0,1,0,0
2026-03-27 21:25:36.448,260.962,1140,-4,12,0,0,1,0,0,0,1,0,0
2026-03-27 21:25:36.464,260.979,1140,-4,13,0,0,1,0,0,0,1,0,0
2026-03-27 21:25:36.467,260.981,1140,-4,15,0,0,1,0,0,0,1,0,0
2026-03-27 21:25:36.577,261.091,1140,-4,15,0,0,1,0,0,0,1,0,0
2026-03-27 21:25:36.721,261.235,1140,-4,15,0,0,1,0,0,0,1,0,0
2026-03-27 21:25:36.801,261.315,1140,-4,15,0,0,1,0,0,0,1,0,0
2026-03-27 21:25:36.881,261.395,1140,-4,15,0,0,1,0,0,0,1,0,0
2026-03-27 21:25:37.008,261.522,1140,-4,15,0,0,1,0,0,0,1,0,0
2026-03-27 21:25:37.010,261.524,1140,-4,15,0,0,1,0,0,0,1,0,0
2026-03-27 21:25:37.105,261.619,1140,-4,15,0,0,1,0,0,0,1,0,0
2026-03-27 21:25:37.185,261.699,1140,-4,15,0,0,1,0,0,0,1,0,0
2026-03-27 21:25:37.361,261.875,1140,-4,15,0,0,1,0,0,0,1,0,0
2026-03-27 21:25:37.377,261.891,1140,-4,15,0,0,1,0,0,0,1,0,0
2026-03-27 21:25:37.409,261.923,1140,-4,15,0,0,1,0,0,0,1,0,0
2026-03-27 21:25:37.489,262.003,1140,-4,15,0,0,1,0,0,0,1,0,0
2026-03-27 21:25:37.648,262.163,1140,-4,15,0,0,1,0,0,0,1,0,0
2026-03-27 21:25:37.650,262.164,1140,-4,15,0,0,1,0,0,0,1,0,0
2026-03-27 21:25:37.760,262.275,1140,-4,15,0,0,1,0,0,0,1,0,0
2026-03-27 21:25:37.762,262.276,1140,-4,15,0,0,1,0,0,0,1,0,0
2026-03-27 21:25:37.873,262.387,1140,-4,15,0,0,1,0,0,0,1,0,0
2026-03-27 21:25:38.017,262.531,1140,-4,15,0,0,1,0,0,0,1,0,0
2026-03-27 21:25:38.065,262.579,1140,-4,15,0,0,1,0,0,0,1,0,0
2026-03-27 21:25:38.209,262.723,1140,-4,15,0,0,1,0,0,0,1,0,0
2026-03-27 21:25:38.288,262.803,1140,-4,15,0,0,1,0,0,0,1,0,0
2026-03-27 21:25:38.417,262.931,1140,-5,15,0,0,1,0,0,0,1,0,0
2026-03-27 21:25:38.545,263.059,1140,-4,15,0,0,1,0,0,0,1,0,0
2026-03-27 21:25:38.547,263.061,1140,-4,15,0,0,1,0,0,0,1,0,0
2026-03-27 21:25:38.673,263.187,1140,-4,15,0,0,1,0,0,0,1,0,0
2026-03-27 21:25:38.785,263.299,1140,-4,12,0,0,1,0,0,0,1,0,0
2026-03-27 21:25:38.849,263.363,1140,-4,15,0,0,1,0,0,0,1,0,0
2026-03-27 21:25:38.961,263.475,1140,-4,15,0,0,1,0,0,0,1,0,0
2026-03-27 21:25:39.057,263.571,1140,-4,15,0,0,1,0,0,0,1,0,0
2026-03-27 21:25:39.073,263.587,1140,-4,15,0,0,1,0,0,0,1,0,0
2026-03-27 21:25:39.184,263.698,1140,-4,15,0,0,1,0,0,0,1,0,0
2026-03-27 21:25:39.201,263.715,1140,-5,15,0,0,1,0,0,0,1,0,0
2026-03-27 21:25:39.203,263.717,1140,-4,15,0,0,1,0,0,0,1,0,0
2026-03-27 21:25:39.249,263.763,1140,-4,15,0,0,1,0,0,0,1,0,0
2026-03-27 21:25:39.392,263.906,1140,-4,15,0,0,1,0,0,0,1,0,0
2026-03-27 21:25:39.408,263.923,1140,-4,15,0,0,1,0,0,0,1,0,0
2026-03-27 21:25:39.411,263.925,1140,-4,15,0,0,1,0,0,0,1,0,0
2026-03-27 21:25:39.457,263.971,1140,-4,15,0,0,1,0,0,0,1,0,0
2026-03-27 21:25:39.553,264.067,1140,-4,15,0,0,1,0,0,0,1,0,0
2026-03-27 21:25:39.665,264.179,1140,-4,15,0,0,1,0,0,0,1,0,0
2026-03-27 21:25:39.668,264.182,1140,-4,15,0,0,1,0,0,0,1,0,0
2026-03-27 21:25:39.761,264.275,1140,-4,15,0,0,1,0,0,0,1,0,0
2026-03-27 21:25:39.921,264.435,1140,-4,15,0,0,1,0,0,0,1,0,0
2026-03-27 21:25:39.938,264.452,1140,-4,15,0,0,1,0,0,0,1,0,0
2026-03-27 21:25:39.984,264.498,1140,-4,15,0,0,1,0,0,0,1,0,0
2026-03-27 21:25:40.049,264.563,1140,-4,15,0,0,1,0,0,0,1,0,0
2026-03-27 21:25:40.224,264.738,1140,-4,15,0,0,1,0,0,0,1,0,0
2026-03-27 21:25:40.320,264.835,1140,-4,15,0,0,1,0,0,0,1,0,0
2026-03-27 21:25:40.433,264.947,1140,-4,15,0,0,1,0,0,0,1,0,0
2026-03-27 21:25:40.544,265.058,1140,-4,15,0,0,1,0,0,0,1,0,0
2026-03-27 21:25:40.545,265.059,1140,-4,15,0,0,1,0,0,0,1,0,0
2026-03-27 21:25:40.641,265.155,1140,-4,15,0,0,1,0,0,0,1,0,0
2026-03-27 21:25:40.672,265.186,1140,-5,15,0,0,1,0,0,0,1,0,0
2026-03-27 21:25:40.676,265.190,1140,-4,15,0,0,1,0,0,0,1,0,0
2026-03-27 21:25:40.769,265.283,1140,-4,15,0,0,1,0,0,0,1,0,0
2026-03-27 21:25:40.912,265.426,1140,-4,15,0,0,1,0,0,0,1,0,0
2026-03-27 21:25:40.992,265.506,1140,-4,15,0,0,1,0,0,0,1,0,0
2026-03-27 21:25:40.993,265.507,1140,-5,15,0,0,1,0,0,0,1,0,0
2026-03-27 21:25:41.121,265.635,1140,-4,15,0,0,1,0,0,0,1,0,0
2026-03-27 21:25:41.232,265.746,1140,-4,15,0,0,1,0,0,0,1,0,0
2026-03-27 21:25:41.329,265.843,1140,-4,15,0,0,1,0,0,0,1,0,0
2026-03-27 21:25:41.473,265.987,1140,-4,15,0,0,1,0,0,0,1,0,0
2026-03-27 21:25:41.474,265.988,1140,-4,15,0,0,1,0,0,0,1,0,0
2026-03-27 21:25:41.476,265.990,1140,-4,15,0,0,1,0,0,0,1,0,0
2026-03-27 21:25:41.504,266.019,1140,-4,15,0,0,1,0,0,0,1,0,0
2026-03-27 21:25:41.617,266.131,1140,-4,15,0,0,1,0,0,0,1,0,0
2026-03-27 21:25:41.697,266.211,1140,-4,15,0,0,1,0,0,0,1,0,0
2026-03-27 21:25:41.824,266.339,1140,-4,15,0,0,1,0,0,0,1,0,0
2026-03-27 21:25:41.921,266.435,1140,-4,15,0,0,1,0,0,0,1,0,0
2026-03-27 21:25:42.129,266.643,1140,-4,15,0,0,1,0,0,0,1,0,0
2026-03-27 21:25:42.225,266.739,1140,-4,12,0,0,1,0,0,0,1,0,0
2026-03-27 21:25:42.417,266.931,1140,-4,15,0,0,1,0,0,0,1,0,0
2026-03-27 21:25:42.449,266.963,1140,-4,15,0,0,1,0,0,0,1,0,0
2026-03-27 21:25:42.577,267.091,1140,-4,15,0,0,1,0,0,0,1,0,0
2026-03-27 21:25:42.721,267.235,1140,-1,15,0,0,1,0,0,0,1,0,0
2026-03-27 21:25:42.800,267.314,1140,-4,15,0,0,1,0,0,0,1,0,0
2026-03-27 21:25:42.802,267.316,1140,-4,15,0,0,1,0,0,0,1,0,0
2026-03-27 21:25:42.913,267.427,1140,-4,15,0,0,1,0,0,0,1,0,0
2026-03-27 21:25:42.992,267.506,1140,-4,15,0,0,1,0,0,0,1,0,0
2026-03-27 21:25:43.120,267.634,1140,-4,15,0,0,1,0,0,0,1,0,0
2026-03-27 21:25:43.200,267.714,1140,-4,15,0,0,1,0,0,0,1,0,0
2026-03-27 21:25:43.328,267.843,1140,-4,15,0,0,1,0,0,0,1,0,0
2026-03-27 21:25:43.344,267.858,1140,-2,15,0,0,1,0,0,0,1,0,0
2026-03-27 21:25:43.472,267.986,1140,-1,15,0,0,1,0,0,0,1,0,0
2026-03-27 21:25:43.568,268.083,1140,-5,15,0,0,1,0,0,0,1,0,0
2026-03-27 21:25:43.665,268.179,1140,-4,15,0,0,1,0,0,0,1,0,0
2026-03-27 21:25:43.808,268.322,1140,-4,15,0,0,1,0,0,0,1,0,0
2026-03-27 21:25:43.825,268.339,1140,-4,15,0,0,1,0,0,0,1,0,0
2026-03-27 21:25:43.904,268.419,1140,-4,15,0,0,1,0,0,0,1,0,0
2026-03-27 21:25:44.001,268.515,1140,-4,15,0,0,1,0,0,0,1,0,0
2026-03-27 21:25:44.128,268.642,1140,-4,15,0,0,1,0,0,0,1,0,0
2026-03-27 21:25:44.176,268.690,1140,-4,15,0,0,1,0,0,0,1,0,0
2026-03-27 21:25:44.287,268.802,1140,-4,15,0,0,1,0,0,0,1,0,0
2026-03-27 21:25:44.400,268.915,1140,-4,15,0,0,1,0,0,0,1,0,0
2026-03-27 21:25:44.513,269.027,1140,-4,15,0,0,1,0,0,0,1,0,0
2026-03-27 21:25:44.515,269.029,1140,-4,15,0,0,1,0,0,0,1,0,0
2026-03-27 21:25:44.592,269.106,1140,-4,15,0,0,1,0,0,0,1,0,0
2026-03-27 21:25:44.704,269.218,1141,-4,15,0,0,1,0,0,0,1,0,0
2026-03-27 21:25:44.768,269.282,1141,-4,15,0,0,1,0,0,0,1,0,0
2026-03-27 21:25:44.771,269.285,1141,-4,15,0,0,1,0,0,0,1,0,0
2026-03-27 21:25:44.960,269.475,1141,-4,15,0,0,1,0,0,0,1,0,0
2026-03-27 21:25:44.992,269.506,1141,-4,15,0,0,1,0,0,0,1,0,0
2026-03-27 21:25:45.169,269.683,1141,-4,15,0,0,1,0,0,0,1,0,0
2026-03-27 21:25:45.216,269.730,1140,-4,15,0,0,1,0,0,0,1,0,0
2026-03-27 21:25:45.218,269.733,1141,-4,15,0,0,1,0,0,0,1,0,0
2026-03-27 21:25:45.312,269.826,1141,-4,15,0,0,1,0,0,0,1,0,0
2026-03-27 21:25:45.440,269.954,1141,-1,15,0,0,1,0,0,0,1,0,0
2026-03-27 21:25:45.488,270.002,1140,-4,15,0,0,1,0,0,0,1,0,0
2026-03-27 21:25:45.552,270.067,1141,-4,15,0,0,1,0,0,0,1,0,0
2026-03-27 21:25:45.729,270.243,1141,-4,15,0,0,1,0,0,0,1,0,0
2026-03-27 21:25:45.746,270.260,1140,-4,15,0,0,1,0,0,0,1,0,0
2026-03-27 21:25:45.760,270.274,1140,-3,15,0,0,1,0,0,0,1,0,0
2026-03-27 21:25:45.840,270.354,1140,-4,15,0,0,1,0,0,0,1,0,0
2026-03-27 21:25:45.920,270.434,1141,-4,15,0,0,1,0,0,0,1,0,0
2026-03-27 21:25:46.064,270.578,1140,-4,15,0,0,1,0,0,0,1,0,0
2026-03-27 21:25:46.080,270.594,1140,-4,15,0,0,1,0,0,0,1,0,0
2026-03-27 21:25:46.097,270.611,1140,-4,15,0,0,1,0,0,0,1,0,0
2026-03-27 21:25:46.192,270.706,1141,-4,15,0,0,1,0,0,0,1,0,0
2026-03-27 21:25:46.288,270.803,1141,-4,15,0,0,1,0,0,0,1,0,0
2026-03-27 21:25:46.352,270.866,1141,-2,15,0,0,1,0,0,0,1,0,0
2026-03-27 21:25:46.497,271.011,1141,-4,15,0,0,1,0,0,0,1,0,0
2026-03-27 21:25:46.608,271.122,1141,-4,15,0,0,1,0,0,0,1,0,0
2026-03-27 21:25:46.688,271.202,1141,-4,15,0,0,1,0,0,0,1,0,0
2026-03-27 21:25:46.768,271.282,1141,-4,15,0,0,1,0,0,0,1,0,0
2026-03-27 21:25:46.896,271.410,1140,-4,15,0,0,1,0,0,0,1,0,0
2026-03-27 21:25:47.057,271.571,1141,-4,15,0,0,1,0,0,0,1,0,0
2026-03-27 21:25:47.104,271.618,1140,-4,15,0,0,1,0,0,0,1,0,0
2026-03-27 21:25:47.312,271.826,1140,-4,15,0,0,1,0,0,0,1,0,0
2026-03-27 21:25:47.376,271.890,1141,-4,15,0,0,1,0,0,0,1,0,0
2026-03-27 21:25:47.504,272.018,1141,-4,15,0,0,1,0,0,0,1,0,0
2026-03-27 21:25:47.584,272.098,1141,-4,15,0,0,1,0,0,0,1,0,0
2026-03-27 21:25:47.600,272.114,1141,-4,15,0,0,1,0,0,0,1,0,0
2026-03-27 21:25:47.696,272.210,1140,-4,15,0,0,1,0,0,0,1,0,0
2026-03-27 21:25:47.855,272.370,1141,-4,15,0,0,1,0,0,0,1,0,0
2026-03-27 21:25:47.857,272.371,1141,-4,15,0,0,1,0,0,0,1,0,0
2026-03-27 21:25:47.859,272.373,1141,-4,15,0,0,1,0,0,0,1,0,0
2026-03-27 21:25:47.904,272.419,1141,-4,15,0,0,1,0,0,0,1,0,0
2026-03-27 21:25:48.048,272.562,1142,-4,15,0,0,1,0,0,0,1,0,0
2026-03-27 21:25:48.096,272.611,1141,-4,15,0,0,1,0,0,0,1,0,0
2026-03-27 21:25:48.099,272.613,1140,-4,15,0,0,1,0,0,0,1,0,0
2026-03-27 21:25:48.225,272.739,1140,-4,15,0,0,1,0,0,0,1,0,0
2026-03-27 21:25:48.304,272.818,1140,-4,15,0,0,1,0,0,0,1,0,0
2026-03-27 21:25:48.529,273.043,1141,-4,15,0,0,1,0,0,0,1,0,0
2026-03-27 21:25:48.544,273.058,1140,-4,15,0,0,1,0,0,0,1,0,0
2026-03-27 21:25:48.624,273.139,1141,-4,15,0,0,1,0,0,0,1,0,0
2026-03-27 21:25:48.736,273.251,1141,-4,15,0,0,1,0,0,0,1,0,0
2026-03-27 21:25:48.753,273.267,1141,-4,15,0,0,1,0,0,0,1,0,0
2026-03-27 21:25:48.800,273.314,1141,-4,15,0,0,1,0,0,0,1,0,0
2026-03-27 21:25:48.803,273.317,1140,-4,15,0,0,1,0,0,0,1,0,0
2026-03-27 21:25:49.120,273.634,1141,-4,15,0,0,1,0,0,0,1,0,0
2026-03-27 21:25:49.183,273.698,1141,-4,15,0,0,1,0,0,0,1,0,0
2026-03-27 21:25:49.185,273.699,1141,-4,15,0,0,1,0,0,0,1,0,0
2026-03-27 21:25:49.264,273.778,1141,-4,15,0,0,1,0,0,0,1,0,0
2026-03-27 21:25:49.282,273.797,1141,-4,15,0,0,1,0,0,0,1,0,0
2026-03-27 21:25:49.441,273.955,1141,-4,15,0,0,1,0,0,0,1,0,0
2026-03-27 21:25:49.600,274.114,1141,-4,15,0,0,1,0,0,0,1,0,0
2026-03-27 21:25:49.648,274.162,1141,-4,15,0,0,1,0,0,0,1,0,0
2026-03-27 21:25:49.791,274.306,1141,-4,15,0,0,1,0,0,0,1,0,0
2026-03-27 21:25:49.793,274.307,1141,-4,15,0,0,1,0,0,0,1,0,0
2026-03-27 21:25:49.794,274.309,1141,-4,15,0,0,1,0,0,0,1,0,0
2026-03-27 21:25:49.872,274.386,1141,-4,15,0,0,1,0,0,0,1,0,0
2026-03-27 21:25:50.016,274.530,1141,-4,15,0,0,1,0,0,0,1,0,0
2026-03-27 21:25:50.064,274.578,1141,-4,15,0,0,1,0,0,0,1,0,0
2026-03-27 21:25:50.128,274.642,1141,-4,15,0,0,1,0,0,0,1,0,0
2026-03-27 21:25:50.288,274.802,1142,-4,15,0,0,1,0,0,0,1,0,0
2026-03-27 21:25:50.368,274.882,1141,-3,16,0,0,1,0,0,0,1,0,0
2026-03-27 21:25:50.448,274.962,1141,-1,16,0,0,1,0,0,0,1,0,0
2026-03-27 21:25:50.608,275.122,1142,-3,15,0,0,1,0,0,0,1,0,0
2026-03-27 21:25:50.704,275.218,1141,-3,16,0,0,1,0,0,0,1,0,0
2026-03-27 21:25:50.816,275.330,1141,-3,15,0,0,1,0,0,0,1,0,0
2026-03-27 21:25:50.880,275.394,1141,-3,13,0,0,1,0,0,0,1,0,0
2026-03-27 21:25:50.959,275.474,1140,-3,16,0,0,1,0,0,0,1,0,0
2026-03-27 21:25:50.975,275.489,1141,-3,16,0,0,1,0,0,0,1,0,0
2026-03-27 21:25:50.977,275.491,1140,-3,16,0,0,1,0,0,0,1,0,0
2026-03-27 21:25:51.104,275.618,1141,-3,16,0,0,1,0,0,0,1,0,0
2026-03-27 21:25:51.232,275.746,1141,-4,16,0,0,1,0,0,0,1,0,0
2026-03-27 21:25:51.280,275.794,1141,-3,15,0,0,1,0,0,0,1,0,0
2026-03-27 21:25:51.392,275.906,1141,-3,16,0,0,1,0,0,0,1,0,0
2026-03-27 21:25:51.472,275.986,1140,-3,16,0,0,1,0,0,0,1,0,0
2026-03-27 21:25:51.584,276.098,1141,-3,16,0,0,1,0,0,0,1,0,0
2026-03-27 21:25:51.696,276.210,1141,-4,15,0,0,1,0,0,0,1,0,0
2026-03-27 21:25:51.807,276.322,1140,-3,16,0,0,1,0,0,0,1,0,0
2026-03-27 21:25:51.904,276.418,1141,-3,15,0,0,1,0,0,0,1,0,0
2026-03-27 21:25:52.031,276.545,1141,-4,15,0,0,1,0,0,0,1,0,0
2026-03-27 21:25:52.033,276.547,1141,-3,16,0,0,1,0,0,0,1,0,0
2026-03-27 21:25:52.128,276.642,1141,-3,15,0,0,1,0,0,0,1,0,0
2026-03-27 21:25:52.192,276.706,1140,-3,16,0,0,1,0,0,0,1,0,0
2026-03-27 21:25:52.303,276.817,1140,-4,15,0,0,1,0,0,0,1,0,0
2026-03-27 21:25:52.384,276.898,1140,-4,15,0,0,1,0,0,0,1,0,0
2026-03-27 21:25:52.496,277.010,1142,-4,15,0,0,1,0,0,0,1,0,0
2026-03-27 21:25:52.512,277.026,1143,-4,15,0,0,1,0,0,0,1,0,0
2026-03-27 21:25:52.624,277.138,1143,-4,15,0,0,1,0,0,0,1,0,0
2026-03-27 21:25:52.751,277.266,1142,-4,15,0,0,1,0,0,0,1,0,0
2026-03-27 21:25:52.832,277.346,1142,-5,15,0,0,1,0,0,0,1,0,0
2026-03-27 21:25:52.863,277.377,1142,-4,15,0,0,1,0,0,0,1,0,0
2026-03-27 21:25:53.008,277.522,1142,-5,15,0,0,1,0,0,0,1,0,0
2026-03-27 21:25:53.136,277.650,1142,-5,15,0,0,1,0,0,0,1,0,0
2026-03-27 21:25:53.184,277.698,1142,-5,12,0,0,1,0,0,0,1,0,0
2026-03-27 21:25:53.187,277.701,1142,-5,15,0,0,1,0,0,0,1,0,0
2026-03-27 21:25:53.344,277.858,1142,-5,15,0,0,1,0,0,0,1,0,0
2026-03-27 21:25:53.424,277.938,1142,-5,15,0,0,1,0,0,0,1,0,0
2026-03-27 21:25:53.427,277.941,1141,-4,15,0,0,1,0,0,0,1,0,0
2026-03-27 21:25:53.536,278.050,1142,-5,15,0,0,1,0,0,0,1,0,0
2026-03-27 21:25:53.760,278.274,1142,-5,15,0,0,1,0,0,0,1,0,0
2026-03-27 21:25:53.792,278.306,1142,-5,14,0,0,1,0,0,0,1,0,0
2026-03-27 21:25:53.809,278.323,1142,-5,15,0,0,1,0,0,0,1,0,0
2026-03-27 21:25:53.904,278.418,1143,-5,15,0,0,1,0,0,0,1,0,0
2026-03-27 21:25:53.906,278.420,1143,-4,15,0,0,1,0,0,0,1,0,0
2026-03-27 21:25:53.983,278.497,1142,-4,15,0,0,1,0,0,0,1,0,0
2026-03-27 21:25:53.985,278.499,1142,-5,15,0,0,1,0,0,0,1,0,0
2026-03-27 21:25:54.080,278.594,1141,-4,15,0,0,1,0,0,0,1,0,0
2026-03-27 21:25:54.272,278.786,1142,-5,15,0,0,1,0,0,0,1,0,0
2026-03-27 21:25:54.336,278.850,1142,-5,15,0,0,1,0,0,0,1,0,0
2026-03-27 21:25:54.464,278.978,1142,-5,15,0,0,1,0,0,0,1,0,0
2026-03-27 21:25:54.465,278.979,1142,-5,12,0,0,1,0,0,0,1,0,0
2026-03-27 21:25:54.480,278.994,1142,-5,15,0,0,1,0,0,0,1,0,0
2026-03-27 21:25:54.528,279.042,1143,-5,15,0,0,1,0,0,0,1,0,0
2026-03-27 21:25:54.656,279.170,1142,-4,15,0,0,1,0,0,0,1,0,0
2026-03-27 21:25:54.657,279.172,1142,-5,15,0,0,1,0,0,0,1,0,0
2026-03-27 21:25:54.752,279.266,1142,-5,15,0,0,1,0,0,0,1,0,0
2026-03-27 21:25:54.912,279.426,1142,-5,15,0,0,1,0,0,0,1,0,0
2026-03-27 21:25:54.992,279.506,1142,-5,15,0,0,1,0,0,0,1,0,0
2026-03-27 21:25:55.167,279.682,1142,-5,15,0,0,1,0,0,0,1,0,0
2026-03-27 21:25:55.247,279.761,1142,-4,15,0,0,1,0,0,0,1,0,0
2026-03-27 21:25:55.487,280.002,1141,-5,15,0,0,1,0,0,0,1,0,0
2026-03-27 21:25:55.490,280.004,1142,-5,15,0,0,1,0,0,0,1,0,0
2026-03-27 21:25:55.583,280.098,1142,-5,15,0,0,1,0,0,0,1,0,0
2026-03-27 21:25:55.792,280.306,1142,-5,14,0,0,0,0,0,0,1,0,0
2026-03-27 21:25:55.808,280.322,1143,-5,15,0,0,1,0,0,0,1,0,0
2026-03-27 21:25:55.904,280.418,1143,-5,15,0,0,1,0,0,0,1,0,0
2026-03-27 21:25:55.999,280.514,1143,-5,14,0,0,1,0,0,0,1,0,0
2026-03-27 21:25:56.003,280.517,1142,-5,15,0,0,1,0,0,0,1,0,0
2026-03-27 21:25:56.112,280.626,1142,-5,15,0,0,1,0,0,0,1,0,0
2026-03-27 21:25:56.271,280.785,1142,-5,15,0,0,1,0,0,0,1,0,0
2026-03-27 21:25:56.367,280.881,1143,-4,15,0,0,1,0,0,0,1,0,0
2026-03-27 21:25:56.383,280.897,1143,-5,15,0,0,1,0,0,0,11,0,0
2026-03-27 21:25:56.384,280.898,1144,-4,14,0,0,1,0,0,0,1,0,0
2026-03-27 21:25:56.479,280.994,1144,-5,15,0,0,1,0,0,0,1,0,0
2026-03-27 21:25:56.482,280.996,1142,-5,15,0,0,1,0,0,0,1,0,0
2026-03-27 21:25:56.576,281.090,1143,-5,14,0,0,1,0,0,0,1,0,0
2026-03-27 21:25:56.578,281.092,1143,-5,15,0,0,1,0,0,0,1,0,0
2026-03-27 21:25:56.656,281.170,1143,-4,15,0,0,1,0,0,0,1,0,0
2026-03-27 21:25:56.799,281.313,1141,-4,15,0,0,1,0,0,0,1,0,0
2026-03-27 21:25:56.847,281.361,1142,-5,14,0,0,1,0,0,0,1,0,0
2026-03-27 21:25:57.023,281.537,1143,-5,15,0,0,1,0,0,0,1,0,0
2026-03-27 21:25:57.103,281.618,1142,-4,15,0,0,1,0,0,0,1,0,0
2026-03-27 21:25:57.152,281.666,1143,-5,15,0,0,1,0,0,0,1,0,0
2026-03-27 21:25:57.167,281.681,1143,-5,15,0,0,1,0,0,0,1,0,0
2026-03-27 21:25:57.247,281.761,1143,-4,15,0,0,1,0,0,0,1,0,0
2026-03-27 21:25:57.249,281.763,1143,-4,15,0,0,1,0,0,0,1,0,0
2026-03-27 21:25:57.424,281.938,1142,-4,15,0,0,1,0,0,0,1,0,0
2026-03-27 21:25:57.426,281.940,1142,-3,15,0,0,1,0,0,0,1,0,0
2026-03-27 21:25:57.488,282.002,1142,-4,15,0,0,1,0,0,0,1,0,0
2026-03-27 21:25:57.616,282.130,1142,-4,15,0,0,1,0,0,0,1,0,0
2026-03-27 21:25:57.727,282.242,1141,-4,15,0,0,1,0,0,0,1,0,0
2026-03-27 21:25:57.808,282.322,1142,-4,15,0,0,1,0,0,0,1,0,0
2026-03-27 21:25:57.920,282.434,1142,-4,14,0,0,1,0,0,0,1,0,0
2026-03-27 21:25:57.983,282.498,1142,-5,14,0,0,1,0,0,0,1,0,0
2026-03-27 21:25:58.096,282.610,1142,-5,15,0,0,1,0,0,0,1,0,0
2026-03-27 21:25:58.255,282.769,1142,-4,15,0,0,1,0,0,0,1,0,0
2026-03-27 21:25:58.272,282.786,1142,-5,14,0,0,1,0,0,0,1,0,0
2026-03-27 21:25:58.384,282.898,1142,-5,12,0,0,1,0,0,0,1,0,0
2026-03-27 21:25:58.431,282.945,1142,-5,15,0,0,1,0,0,0,1,0,0
2026-03-27 21:25:58.575,283.090,1142,-4,15,0,0,1,0,0,0,1,0,0
2026-03-27 21:25:58.577,283.091,1142,-5,15,0,0,1,0,0,0,1,0,0
2026-03-27 21:25:58.640,283.154,1142,-5,14,0,0,1,0,0,0,1,0,0
2026-03-27 21:25:58.703,283.218,1142,-4,15,0,0,1,0,0,0,1,0,0
2026-03-27 21:25:58.831,283.345,1142,-5,15,0,0,1,0,0,0,1,0,0
2026-03-27 21:25:58.833,283.347,1142,-4,15,0,0,1,0,0,0,1,0,0
2026-03-27 21:25:58.911,283.425,1142,-5,14,0,0,1,0,0,0,1,0,0
2026-03-27 21:25:59.088,283.602,1142,-5,15,0,0,1,0,0,0,1,0,0
2026-03-27 21:25:59.119,283.633,1142,-4,15,0,0,1,0,0,0,1,0,0
2026-03-27 21:25:59.264,283.778,1142,-5,15,0,0,1,0,0,0,1,0,0
2026-03-27 21:25:59.295,283.809,1142,-5,15,0,0,1,0,0,0,1,0,0
2026-03-27 21:25:59.424,283.938,1142,-5,15,0,0,1,0,0,0,1,0,0
2026-03-27 21:25:59.504,284.018,1142,-4,15,0,0,1,0,0,0,1,0,0
2026-03-27 21:25:59.648,284.162,1142,-5,15,0,0,1,0,0,0,1,0,0
2026-03-27 21:25:59.743,284.258,1142,-5,15,0,0,1,0,0,0,1,0,0
2026-03-27 21:25:59.840,284.354,1142,-5,15,0,0,1,0,0,0,1,0,0
2026-03-27 21:25:59.967,284.481,1142,-4,15,0,0,1,0,0,0,1,0,0
2026-03-27 21:26:00.096,284.610,1142,-5,15,0,0,1,0,0,0,1,0,0
2026-03-27 21:26:00.223,284.738,1142,-5,15,0,0,1,0,0,0,1,0,0
2026-03-27 21:26:00.303,284.817,1142,-4,15,0,0,1,0,0,0,1,0,0
2026-03-27 21:26:00.306,284.820,1142,-4,15,0,0,1,0,0,0,1,0,0
2026-03-27 21:26:00.447,284.961,1142,-4,15,0,0,1,0,0,0,1,0,0
2026-03-27 21:26:00.449,284.963,1142,-4,15,0,0,1,0,0,0,1,0,0
2026-03-27 21:26:00.495,285.010,1142,-5,15,0,0,1,0,0,0,1,0,0
2026-03-27 21:26:00.640,285.154,1141,-5,15,0,0,1,0,0,0,1,0,0
2026-03-27 21:26:00.671,285.185,1142,-5,12,0,0,1,0,0,0,1,0,0
2026-03-27 21:26:00.751,285.265,1142,-5,15,0,0,1,0,0,0,1,0,0
2026-03-27 21:26:00.848,285.362,1143,-5,15,0,0,1,0,0,0,1,0,0
2026-03-27 21:26:00.943,285.457,1142,-5,15,0,0,1,0,0,0,1,0,0
2026-03-27 21:26:00.960,285.474,1143,-5,15,0,0,1,0,0,0,1,0,0
2026-03-27 21:26:01.007,285.521,1143,-4,15,0,0,1,0,0,0,1,0,0
2026-03-27 21:26:01.025,285.539,1143,-5,15,0,0,1,0,0,0,1,0,0
2026-03-27 21:26:01.168,285.682,1143,-5,15,0,0,1,0,0,0,1,0,0
2026-03-27 21:26:01.328,285.842,1142,-5,15,0,0,1,0,0,0,1,0,0
2026-03-27 21:26:01.343,285.857,1142,-5,15,0,0,1,0,0,0,1,0,0
2026-03-27 21:26:01.424,285.938,1143,-4,15,0,0,1,0,0,0,1,0,0
2026-03-27 21:26:01.487,286.001,1143,-5,15,0,0,1,0,0,0,1,0,0
2026-03-27 21:26:01.583,286.097,1143,-5,15,0,0,1,0,0,0,1,0,0
2026-03-27 21:26:01.680,286.194,1143,-5,14,0,0,1,0,0,0,1,0,0
2026-03-27 21:26:01.759,286.273,1143,-4,15,0,0,1,0,0,0,1,0,0
2026-03-27 21:26:01.760,286.274,1143,-5,15,0,0,1,0,0,0,1,0,0
2026-03-27 21:26:01.856,286.370,1142,-5,15,0,0,1,0,0,0,1,0,0
2026-03-27 21:26:01.858,286.373,1142,-5,15,0,0,1,0,0,0,1,0,0
2026-03-27 21:26:01.999,286.513,1143,-5,14,0,0,1,0,0,0,1,0,0
2026-03-27 21:26:02.001,286.515,1142,-5,12,0,0,1,0,0,0,1,0,0
2026-03-27 21:26:02.079,286.593,1142,-4,12,0,0,1,0,0,0,1,0,0
2026-03-27 21:26:02.240,286.754,1142,-4,14,0,0,1,0,0,0,1,0,0
2026-03-27 21:26:02.272,286.786,1143,-5,14,0,0,1,0,0,0,1,0,0
2026-03-27 21:26:02.367,286.881,1143,-5,15,0,0,1,0,0,0,1,0,0
2026-03-27 21:26:02.511,287.025,1143,-5,15,0,0,1,0,0,0,1,0,0
2026-03-27 21:26:02.704,287.218,1142,-5,15,0,0,1,0,0,0,1,0,0
2026-03-27 21:26:02.767,287.281,1142,-5,15,0,0,1,0,0,0,1,0,0
2026-03-27 21:26:02.863,287.377,1142,-4,15,0,0,1,0,0,0,1,0,0
2026-03-27 21:26:02.960,287.474,1143,-4,12,0,0,1,0,0,0,1,0,0
2026-03-27 21:26:03.072,287.586,1142,-4,15,0,0,1,0,0,0,1,0,0
2026-03-27 21:26:03.119,287.633,1142,-5,15,0,0,1,0,0,0,1,0,0
2026-03-27 21:26:03.327,287.842,1142,-5,15,0,0,1,0,0,0,1,0,0
2026-03-27 21:26:03.391,287.905,1142,-4,14,0,0,1,0,0,0,1,0,0
2026-03-27 21:26:03.407,287.921,1142,-5,15,0,0,1,0,0,0,1,0,0
2026-03-27 21:26:03.439,287.953,1142,-4,15,0,0,1,0,0,0,1,0,0
2026-03-27 21:26:03.455,287.970,1142,-4,15,0,0,1,0,0,0,1,0,0
2026-03-27 21:26:03.551,288.065,1142,-4,15,0,0,1,0,0,0,1,0,0
2026-03-27 21:26:03.553,288.068,1142,-5,15,0,0,1,0,0,0,1,0,0
2026-03-27 21:26:03.696,288.210,1143,-5,15,0,0,1,0,0,0,1,0,0
2026-03-27 21:26:03.743,288.257,1142,-4,15,0,0,1,0,0,0,1,0,0
2026-03-27 21:26:03.935,288.449,1142,-5,15,0,0,1,0,0,0,1,0,0
2026-03-27 21:26:03.999,288.514,1142,-5,15,0,0,1,0,0,0,1,0,0
2026-03-27 21:26:04.095,288.609,1143,-5,15,0,0,1,0,0,0,1,0,0
2026-03-27 21:26:04.207,288.721,1143,-5,14,0,0,1,0,0,0,1,0,0
2026-03-27 21:26:04.399,288.913,1142,-5,15,0,0,1,0,0,0,1,0,0
2026-03-27 21:26:04.511,289.025,1142,-5,15,0,0,1,0,0,0,1,0,0
2026-03-27 21:26:04.559,289.073,1142,-4,15,0,0,1,0,0,0,1,0,0
2026-03-27 21:26:04.671,289.185,1142,-5,15,0,0,1,0,0,0,1,0,0
2026-03-27 21:26:04.688,289.202,1143,-5,15,0,0,1,0,0,0,1,0,0
2026-03-27 21:26:04.799,289.313,1143,-5,14,0,0,1,0,0,0,1,0,0
2026-03-27 21:26:04.895,289.410,1143,-5,15,0,0,1,0,0,0,1,0,0
2026-03-27 21:26:04.990,289.505,1143,-5,14,0,0,1,0,0,0,1,0,0
2026-03-27 21:26:04.992,289.506,1143,-4,15,0,0,1,0,0,0,1,0,0
2026-03-27 21:26:05.039,289.553,1141,-5,15,0,0,1,0,0,0,1,0,0
2026-03-27 21:26:05.136,289.650,1142,-5,15,0,0,1,0,0,0,1,0,0
2026-03-27 21:26:05.232,289.746,1142,-4,15,0,0,1,0,0,0,1,0,0
2026-03-27 21:26:05.359,289.873,1142,-5,15,0,0,1,0,0,0,1,0,0
2026-03-27 21:26:05.439,289.953,1143,-4,15,0,0,1,0,0,0,1,0,0
2026-03-27 21:26:05.534,290.048,1142,-5,15,0,0,1,0,0,0,1,0,0
2026-03-27 21:26:05.536,290.050,1142,-5,14,0,0,1,0,0,0,1,0,0
2026-03-27 21:26:05.727,290.241,1142,-5,15,0,0,1,0,0,0,1,0,0
2026-03-27 21:26:05.743,290.257,1142,-5,15,0,0,1,0,0,0,1,0,0
2026-03-27 21:26:05.807,290.322,1142,-5,15,0,0,1,0,0,0,1,0,0
2026-03-27 21:26:05.810,290.324,1142,-5,15,0,0,1,0,0,0,1,0,0
2026-03-27 21:26:05.904,290.418,1143,-4,15,0,0,1,0,0,0,1,0,0
2026-03-27 21:26:06.047,290.561,1143,-5,15,0,0,1,0,0,0,1,0,0
2026-03-27 21:26:06.049,290.563,1144,-5,14,0,0,1,0,0,0,1,0,0
2026-03-27 21:26:06.095,290.609,1144,-5,15,0,0,1,0,0,0,1,0,0
2026-03-27 21:26:06.192,290.706,1143,-5,15,0,0,1,0,0,0,1,0,0
2026-03-27 21:26:06.286,290.801,1142,-2,15,0,0,1,0,0,0,1,0,0
2026-03-27 21:26:06.288,290.802,1142,-2,15,0,0,1,0,0,0,1,0,0
2026-03-27 21:26:06.289,290.803,1142,0,0,0,0,0,0,0,0,0,0,0
2026-03-27 21:26:06.290,290.804,1142,-5,15,0,0,1,0,0,0,1,0,0
2026-03-27 21:26:06.463,290.978,1143,-5,15,0,0,1,0,0,0,1,0,0
2026-03-27 21:26:06.510,291.024,1143,-5,15,0,0,1,0,0,0,1,0,0
2026-03-27 21:26:06.512,291.026,1143,-5,15,0,0,1,0,0,0,1,0,0
2026-03-27 21:26:06.514,291.028,1142,-4,14,0,0,1,0,0,0,1,0,0
2026-03-27 21:26:06.607,291.121,1143,-5,15,0,0,1,0,0,0,1,0,0
2026-03-27 21:26:06.671,291.185,1143,-5,15,0,0,1,0,0,0,1,0,0
2026-03-27 21:26:06.674,291.188,1143,-2,15,0,0,1,0,0,0,1,0,0
2026-03-27 21:26:06.784,291.298,1143,-2,15,0,0,1,0,0,0,1,0,0
2026-03-27 21:26:06.880,291.394,1142,-4,15,0,0,1,0,0,0,1,0,0
2026-03-27 21:26:06.896,291.410,1142,-5,15,0,0,1,0,0,0,1,0,0
2026-03-27 21:26:07.007,291.522,1142,-5,14,0,0,1,0,0,0,1,0,0
2026-03-27 21:26:07.087,291.602,1143,-5,15,0,0,1,0,0,0,1,0,0
2026-03-27 21:26:07.090,291.604,1142,-5,15,0,0,1,0,0,0,1,0,0
2026-03-27 21:26:07.216,291.730,1142,-5,15,0,0,1,0,0,0,1,0,0
2026-03-27 21:26:07.295,291.809,1143,-5,15,0,0,1,0,0,0,1,0,0
2026-03-27 21:26:07.407,291.921,1143,-4,15,0,0,1,0,0,0,1,0,0
2026-03-27 21:26:07.535,292.049,1143,-4,15,0,0,1,0,0,0,1,0,0
2026-03-27 21:26:07.615,292.130,1142,-4,14,0,0,1,0,0,0,1,0,0
2026-03-27 21:26:07.647,292.161,1142,-5,12,0,0,1,0,0,0,1,0,0
2026-03-27 21:26:07.807,292.321,1142,-5,14,0,0,1,0,0,0,1,0,0
2026-03-27 21:26:07.871,292.385,1142,-4,15,0,0,1,0,0,0,1,0,0
2026-03-27 21:26:08.015,292.529,1142,-5,15,0,0,1,0,0,0,1,0,0
2026-03-27 21:26:08.143,292.657,1142,-2,15,0,0,1,0,0,0,1,0,0
2026-03-27 21:26:08.145,292.659,1142,-5,15,0,0,1,0,0,0,1,0,0
2026-03-27 21:26:08.175,292.689,1142,-5,15,0,0,1,0,0,0,1,0,0
2026-03-27 21:26:08.351,292.865,1142,-2,15,0,0,1,0,0,0,1,0,0
2026-03-27 21:26:08.398,292.912,1142,-4,15,0,0,1,0,0,0,1,0,0
2026-03-27 21:26:08.400,292.914,1143,-2,15,0,0,1,0,0,0,1,0,0
2026-03-27 21:26:08.402,292.916,1143,-5,15,0,0,1,0,0,0,1,0,0
2026-03-27 21:26:08.527,293.041,1143,-4,15,0,0,1,0,0,0,1,0,0
2026-03-27 21:26:08.655,293.169,1143,-5,15,0,0,1,0,0,0,1,0,0
2026-03-27 21:26:08.687,293.201,1143,-5,15,0,0,1,0,0,0,1,0,0
2026-03-27 21:26:08.688,293.202,1143,-4,15,0,0,1,0,0,0,1,0,0
2026-03-27 21:26:08.863,293.377,1142,-4,14,0,0,1,0,0,0,1,0,0
2026-03-27 21:26:08.975,293.489,1142,-4,15,0,0,1,0,0,0,1,0,0
2026-03-27 21:26:08.977,293.491,1143,-5,15,0,0,1,0,0,0,1,0,0
2026-03-27 21:26:09.135,293.649,1143,-5,15,0,0,1,0,0,0,1,0,0
2026-03-27 21:26:09.183,293.697,1143,-5,14,0,0,1,0,0,0,1,0,0
2026-03-27 21:26:09.199,293.713,1142,-5,15,0,0,1,0,0,0,1,0,0
2026-03-27 21:26:09.295,293.809,1143,-5,15,0,0,1,0,0,0,1,0,0
2026-03-27 21:26:09.375,293.889,1142,-4,15,0,0,1,0,0,0,1,0,0
2026-03-27 21:26:09.519,294.033,1142,-4,15,0,0,1,0,0,0,1,0,0
2026-03-27 21:26:09.582,294.096,1142,-5,15,0,0,1,0,0,0,1,0,0
2026-03-27 21:26:09.584,294.098,1142,-5,15,0,0,1,0,0,0,1,0,0
2026-03-27 21:26:09.694,294.209,1143,-4,15,0,0,1,0,0,0,1,0,0
2026-03-27 21:26:09.696,294.210,1143,-5,15,0,0,1,0,0,0,1,0,0
2026-03-27 21:26:09.711,294.225,1142,-4,15,0,0,1,0,0,0,1,0,0
2026-03-27 21:26:09.855,294.369,1142,-5,15,0,0,1,0,0,0,1,0,0
2026-03-27 21:26:09.887,294.401,1143,-4,15,0,0,1,0,0,0,1,0,0
2026-03-27 21:26:10.079,294.593,1143,-4,15,0,0,1,0,0,0,1,0,0
2026-03-27 21:26:10.335,294.849,1142,-5,14,0,0,1,0,0,0,1,0,0
2026-03-27 21:26:10.399,294.913,1142,-4,15,0,0,1,0,0,0,1,0,0
2026-03-27 21:26:10.402,294.916,1143,-2,15,0,0,1,0,0,0,1,0,0
2026-03-27 21:26:10.527,295.042,1143,-2,15,0,0,1,0,0,0,1,0,0
2026-03-27 21:26:10.623,295.137,1143,-5,15,0,0,1,0,0,0,1,0,0
2026-03-27 21:26:10.719,295.233,1143,-5,15,0,0,1,0,0,0,1,0,0
2026-03-27 21:26:10.721,295.235,1143,-5,15,0,0,1,0,0,0,1,0,0
2026-03-27 21:26:10.863,295.377,1143,-5,15,0,0,1,0,0,0,1,0,0
2026-03-27 21:26:10.991,295.505,1143,-4,15,0,0,1,0,0,0,1,0,0
2026-03-27 21:26:11.119,295.633,1143,-5,15,0,0,1,0,0,0,1,0,0
2026-03-27 21:26:11.199,295.713,1144,-5,15,0,0,1,0,0,0,1,0,0
2026-03-27 21:26:11.215,295.729,1144,-5,15,0,0,1,0,0,0,1,0,0
2026-03-27 21:26:11.327,295.841,1143,-5,15,0,0,1,0,0,0,1,0,0
2026-03-27 21:26:11.344,295.858,1143,-5,15,0,0,1,0,0,0,1,0,0
2026-03-27 21:26:11.346,295.860,1143,-5,15,0,0,1,0,0,0,1,0,0
2026-03-27 21:26:11.455,295.969,1143,-4,15,0,0,1,0,0,0,1,0,0
2026-03-27 21:26:11.535,296.049,1143,-5,14,0,0,1,0,0,0,1,0,0
2026-03-27 21:26:11.537,296.052,1143,-5,15,0,0,1,0,0,0,1,0,0
2026-03-27 21:26:11.694,296.208,1143,-5,15,0,0,1,0,0,0,1,0,0
2026-03-27 21:26:11.727,296.241,1143,-5,14,0,0,1,0,0,0,1,0,0
2026-03-27 21:26:11.871,296.385,1143,-4,15,0,0,1,0,0,0,1,0,0
2026-03-27 21:26:11.999,296.513,1143,-5,15,0,0,1,0,0,0,1,0,0
2026-03-27 21:26:12.031,296.545,1142,-5,15,0,0,1,0,0,0,1,0,0
2026-03-27 21:26:12.127,296.641,1143,-5,14,0,0,1,0,0,0,1,0,0
2026-03-27 21:26:12.351,296.865,1143,-4,15,0,0,1,0,0,0,1,0,0
2026-03-27 21:26:12.655,297.169,1144,-2,15,0,0,1,0,0,0,1,0,0
2026-03-27 21:26:12.657,297.171,1144,-5,15,0,0,1,0,0,0,1,0,0
2026-03-27 21:26:12.767,297.281,1144,-5,15,0,0,1,0,0,0,1,0,0
2026-03-27 21:26:12.847,297.361,1143,-5,15,0,0,1,0,0,0,1,0,0
2026-03-27 21:26:12.990,297.504,1142,-4,15,0,0,1,0,0,0,1,0,0
2026-03-27 21:26:12.992,297.506,1143,-4,15,0,0,1,0,0,0,1,0,0
2026-03-27 21:26:13.038,297.552,1143,-4,15,0,0,1,0,0,0,1,0,0
2026-03-27 21:26:13.182,297.697,1144,-4,15,0,0,1,0,0,0,1,0,0
2026-03-27 21:26:13.263,297.777,1143,-4,15,0,0,1,0,0,0,1,0,0
2026-03-27 21:26:13.439,297.953,1143,-4,15,0,0,1,0,0,0,1,0,0
2026-03-27 21:26:13.455,297.969,1142,-4,12,0,0,1,0,0,0,1,0,0
2026-03-27 21:26:13.487,298.001,1142,-4,12,0,0,1,0,0,0,1,0,0
2026-03-27 21:26:13.615,298.129,1143,-4,15,0,0,1,0,0,0,1,0,0
2026-03-27 21:26:13.631,298.145,1143,-4,15,0,0,1,0,0,0,1,0,0
2026-03-27 21:26:13.634,298.148,1143,-4,15,0,0,1,0,0,0,1,0,0
2026-03-27 21:26:13.807,298.321,1143,-4,15,0,0,1,0,0,0,1,0,0
2026-03-27 21:26:13.854,298.369,1143,-2,15,0,0,1,0,0,0,1,0,0
2026-03-27 21:26:13.999,298.513,1142,-4,15,0,0,1,0,0,0,1,0,0
2026-03-27 21:26:14.000,298.515,1143,-4,15,0,0,1,0,0,0,1,0,0
2026-03-27 21:26:14.111,298.625,1142,-4,15,0,0,1,0,0,0,1,0,0
2026-03-27 21:26:14.112,298.626,1142,-4,15,0,0,1,0,0,0,1,0,0
2026-03-27 21:26:14.238,298.753,1143,-1,15,0,0,1,0,0,0,1,0,0
2026-03-27 21:26:14.559,299.073,1143,-4,15,0,0,1,0,0,0,1,0,0
2026-03-27 21:26:14.606,299.120,1143,-4,15,0,0,1,0,0,0,1,0,0
2026-03-27 21:26:14.608,299.122,1143,-4,15,0,0,1,0,0,0,1,0,0
2026-03-27 21:26:14.767,299.281,1142,-4,15,0,0,1,0,0,0,1,0,0
2026-03-27 21:26:14.815,299.329,1143,-4,15,0,0,1,0,0,0,1,0,0
2026-03-27 21:26:14.958,299.473,1142,-4,15,0,0,1,0,0,0,1,0,0
2026-03-27 21:26:15.039,299.553,1142,-4,15,0,0,1,0,0,0,1,0,0
2026-03-27 21:26:15.231,299.745,1142,-4,15,0,0,1,0,0,0,1,0,0
2026-03-27 21:26:15.311,299.825,1143,-4,15,0,0,1,0,0,0,1,0,0
2026-03-27 21:26:15.375,299.889,1142,-4,15,0,0,1,0,0,0,1,0,0
2026-03-27 21:26:15.455,299.969,1142,-4,15,0,0,1,0,0,0,1,0,0
2026-03-27 21:26:15.646,300.161,1142,-4,15,0,0,1,0,0,0,1,0,0
2026-03-27 21:26:15.694,300.208,1142,-4,15,0,0,1,0,0,0,1,0,0
2026-03-27 21:26:15.758,300.273,1143,-4,15,0,0,1,0,0,0,1,0,0
2026-03-27 21:26:15.760,300.274,1143,-4,15,0,0,1,0,0,0,1,0,0
2026-03-27 21:26:15.935,300.449,1143,-4,15,0,0,1,0,0,0,1,0,0
2026-03-27 21:26:16.079,300.593,1142,-4,15,0,0,1,0,0,0,1,0,0
2026-03-27 21:26:16.174,300.688,1142,-2,15,0,0,1,0,0,0,1,0,0
2026-03-27 21:26:16.287,300.801,1143,-4,15,0,0,1,0,0,0,1,0,0
2026-03-27 21:26:16.367,300.881,1142,-4,15,0,0,1,0,0,0,1,0,0
2026-03-27 21:26:16.462,300.976,1143,-4,15,0,0,1,0,0,0,1,0,0
2026-03-27 21:26:16.638,301.153,1142,-4,15,0,0,1,0,0,0,1,0,0
2026-03-27 21:26:16.702,301.216,1143,-4,15,0,0,1,0,0,0,1,0,0
2026-03-27 21:26:16.782,301.296,1142,-1,15,0,0,1,0,0,0,1,0,0
2026-03-27 21:26:16.927,301.441,1142,-4,15,0,0,1,0,0,0,1,0,0
2026-03-27 21:26:16.990,301.504,1142,-4,15,0,0,1,0,0,0,1,0,0
2026-03-27 21:26:17.118,301.632,1143,-1,15,0,0,1,0,0,0,1,0,0
2026-03-27 21:26:17.121,301.635,1142,-4,15,0,0,1,0,0,0,1,0,0
2026-03-27 21:26:17.199,301.713,1143,-4,15,0,0,1,0,0,0,1,0,0
2026-03-27 21:26:17.201,301.715,1142,-4,15,0,0,1,0,0,0,1,0,0
2026-03-27 21:26:17.262,301.776,1142,-1,15,0,0,1,0,0,0,1,0,0
2026-03-27 21:26:17.406,301.920,1142,-4,15,0,0,1,0,0,0,1,0,0
2026-03-27 21:26:17.407,301.921,1142,-4,15,0,0,1,0,0,0,1,0,0
2026-03-27 21:26:17.519,302.033,1142,-4,15,0,0,1,0,0,0,1,0,0
2026-03-27 21:26:17.521,302.035,1142,-4,15,0,0,1,0,0,0,1,0,0
2026-03-27 21:26:17.678,302.192,1142,-4,15,0,0,1,0,0,0,1,0,0
2026-03-27 21:26:17.681,302.195,1142,-4,15,0,0,1,0,0,0,1,0,0
2026-03-27 21:26:17.711,302.225,1143,-4,15,0,0,1,0,0,0,1,0,0
2026-03-27 21:26:17.714,302.228,1143,-4,15,0,0,1,0,0,0,1,0,0
2026-03-27 21:26:17.902,302.416,1143,-4,15,0,0,1,0,0,0,1,0,0
2026-03-27 21:26:17.918,302.432,1142,-4,15,0,0,1,0,0,0,1,0,0
2026-03-27 21:26:17.920,302.435,1142,-4,15,0,0,1,0,0,0,1,0,0
2026-03-27 21:26:18.031,302.545,1142,-4,15,0,0,1,0,0,0,1,0,0
2026-03-27 21:26:18.191,302.705,1142,-4,15,0,0,1,0,0,0,1,0,0
2026-03-27 21:26:18.206,302.720,1142,-4,15,0,0,1,0,0,0,1,0,0
2026-03-27 21:26:18.334,302.848,1142,-4,15,0,0,1,0,0,0,1,0,0
2026-03-27 21:26:18.430,302.944,1143,-4,15,0,0,1,0,0,0,1,0,0
2026-03-27 21:26:18.431,302.945,1143,-4,15,0,0,1,0,0,0,1,0,0
2026-03-27 21:26:18.606,303.120,1144,-1,12,0,0,1,0,0,0,1,0,0
2026-03-27 21:26:18.623,303.137,1142,-4,15,0,0,1,0,0,0,1,0,0
2026-03-27 21:26:18.718,303.232,1142,-4,15,0,0,1,0,0,0,1,0,0
2026-03-27 21:26:18.734,303.248,1141,-4,15,0,0,1,0,0,0,1,0,0
2026-03-27 21:26:18.830,303.344,1142,-4,15,0,0,1,0,0,0,1,0,0
2026-03-27 21:26:18.974,303.488,1142,-4,15,0,0,1,0,0,0,1,0,0
2026-03-27 21:26:18.976,303.490,1142,-5,15,0,0,1,0,0,0,1,0,0
2026-03-27 21:26:19.039,303.553,1143,-4,15,0,0,1,0,0,0,1,0,0
2026-03-27 21:26:19.166,303.681,1142,-4,15,0,0,1,0,0,0,1,0,0
2026-03-27 21:26:19.169,303.683,1143,-4,15,0,0,1,0,0,0,1,0,0
2026-03-27 21:26:19.279,303.793,1143,-3,15,0,0,1,0,0,0,1,0,0
2026-03-27 21:26:19.390,303.904,1142,-2,15,0,0,1,0,0,0,1,0,0
2026-03-27 21:26:19.438,303.952,1142,-4,15,0,0,1,0,0,0,1,0,0
2026-03-27 21:26:19.598,304.112,1142,-1,15,0,0,1,0,0,0,1,0,0
2026-03-27 21:26:19.662,304.176,1142,-5,15,0,0,1,0,0,0,1,0,0
2026-03-27 21:26:19.758,304.272,1142,-4,15,0,0,1,0,0,0,1,0,0
2026-03-27 21:26:19.774,304.288,1143,-4,15,0,0,1,0,0,0,1,0,0
2026-03-27 21:26:19.854,304.368,1142,-4,15,0,0,1,0,0,0,1,0,0
2026-03-27 21:26:19.856,304.370,1143,-4,15,0,0,1,0,0,0,1,0,0
2026-03-27 21:26:19.858,304.372,1142,-4,15,0,0,1,0,0,0,1,0,0
2026-03-27 21:26:19.967,304.481,1142,-4,15,0,0,1,0,0,0,1,0,0
2026-03-27 21:26:20.062,304.576,1141,-4,15,0,0,1,0,0,0,1,0,0
2026-03-27 21:26:20.190,304.704,1142,-4,15,0,0,1,0,0,0,1,0,0
2026-03-27 21:26:20.223,304.737,1142,-4,15,0,0,1,0,0,0,1,0,0
2026-03-27 21:26:20.334,304.849,1142,-4,15,0,0,1,0,0,0,1,0,0
2026-03-27 21:26:20.415,304.929,1144,-5,15,0,0,1,0,0,0,1,0,0
2026-03-27 21:26:20.590,305.104,1144,-1,15,0,0,1,0,0,0,1,0,0
2026-03-27 21:26:20.622,305.136,1144,-4,15,0,0,1,0,0,0,1,0,0
2026-03-27 21:26:20.894,305.408,1142,-4,15,0,0,1,0,0,0,1,0,0
2026-03-27 21:26:20.942,305.456,1143,-1,15,0,0,1,0,0,0,1,0,0
2026-03-27 21:26:21.054,305.568,1143,-4,15,0,0,1,0,0,0,1,0,0
2026-03-27 21:26:21.134,305.648,1142,-4,15,0,0,1,0,0,0,1,0,0
2026-03-27 21:26:21.136,305.650,1143,-5,15,0,0,1,0,0,0,1,0,0
2026-03-27 21:26:21.230,305.744,1142,-4,15,0,0,1,0,0,0,1,0,0
2026-03-27 21:26:21.246,305.760,1142,-5,15,0,0,1,0,0,0,1,0,0
2026-03-27 21:26:21.248,305.762,1142,-4,15,0,0,1,0,0,0,1,0,0
2026-03-27 21:26:21.342,305.856,1142,-4,15,0,0,1,0,0,0,1,0,0
2026-03-27 21:26:21.438,305.952,1143,-1,15,0,0,1,0,0,0,1,0,0
2026-03-27 21:26:21.440,305.954,1143,-1,15,0,0,1,0,0,0,1,0,0
2026-03-27 21:26:21.598,306.112,1143,-2,15,0,0,1,0,0,0,1,0,0
2026-03-27 21:26:21.678,306.192,1143,-4,15,0,0,1,0,0,0,1,0,0
2026-03-27 21:26:21.696,306.210,1143,-4,15,0,0,1,0,0,0,1,0,0
2026-03-27 21:26:21.806,306.320,1143,-4,15,0,0,1,0,0,0,1,0,0
2026-03-27 21:26:21.808,306.322,1143,-4,15,0,0,1,0,0,0,1,0,0
2026-03-27 21:26:21.918,306.432,1143,-4,15,0,0,1,0,0,0,1,0,0
2026-03-27 21:26:21.919,306.433,1142,-4,15,0,0,1,0,0,0,1,0,0
2026-03-27 21:26:22.191,306.705,1143,-4,15,0,0,1,0,0,0,1,0,0
2026-03-27 21:26:22.318,306.833,1143,-4,15,0,0,1,0,0,0,1,0,0
2026-03-27 21:26:22.414,306.929,1142,-4,15,0,0,1,0,0,0,1,0,0
2026-03-27 21:26:22.510,307.024,1142,-1,15,0,0,1,0,0,0,1,0,0
2026-03-27 21:26:22.670,307.184,1142,-4,15,0,0,1,0,0,0,1,0,0
2026-03-27 21:26:22.702,307.216,1142,-4,15,0,0,1,0,0,0,1,0,0
2026-03-27 21:26:22.878,307.392,1142,-4,15,0,0,1,0,0,0,1,0,0
2026-03-27 21:26:22.959,307.473,1143,-4,15,0,0,1,0,0,0,1,0,0
2026-03-27 21:26:23.006,307.520,1143,-4,15,0,0,1,0,0,0,1,0,0
2026-03-27 21:26:23.008,307.522,1143,-4,15,0,0,1,0,0,0,1,0,0
2026-03-27 21:26:23.086,307.601,1142,-1,15,0,0,1,0,0,0,1,0,0
2026-03-27 21:26:23.182,307.696,1142,-4,15,0,0,1,0,0,0,1,0,0
2026-03-27 21:26:23.294,307.808,1142,-2,15,0,0,1,0,0,0,1,0,0
2026-03-27 21:26:23.312,307.826,1142,-2,15,0,0,1,0,0,0,1,0,0
2026-03-27 21:26:23.565,308.080,1142,-4,15,0,0,1,0,0,0,1,0,0
2026-03-27 21:26:23.582,308.096,1142,-1,15,0,0,1,0,0,0,1,0,0
2026-03-27 21:26:23.662,308.176,1143,-1,15,0,0,1,0,0,0,1,0,0
2026-03-27 21:26:23.663,308.178,1143,-2,15,0,0,1,0,0,0,1,0,0
2026-03-27 21:26:23.694,308.208,1142,-4,15,0,0,1,0,0,1,1,0,0
2026-03-27 21:26:23.871,308.385,1142,-4,15,0,0,1,0,0,1,1,0,0
2026-03-27 21:26:23.919,308.433,1143,-3,15,0,0,1,0,0,1,1,0,0
2026-03-27 21:26:24.078,308.592,1143,-4,15,0,0,1,0,0,1,1,0,0
2026-03-27 21:26:24.080,308.595,1142,-1,16,0,0,1,0,0,1,1,0,0
2026-03-27 21:26:24.239,308.753,1143,-3,15,0,0,1,0,0,1,1,0,0
2026-03-27 21:26:24.318,308.833,1143,-4,15,0,0,1,0,0,1,1,0,0
2026-03-27 21:26:24.350,308.864,1142,-4,15,0,0,1,0,0,1,1,0,0
2026-03-27 21:26:24.462,308.977,1141,-4,16,0,0,1,0,0,1,1,0,0
2026-03-27 21:26:24.478,308.992,1142,-4,15,0,0,1,0,0,1,1,0,0
2026-03-27 21:26:24.607,309.121,1143,-4,15,0,0,1,0,0,1,1,0,0
2026-03-27 21:26:24.734,309.248,1143,-3,15,0,0,1,0,0,1,1,0,0
2026-03-27 21:26:24.737,309.251,1143,-1,15,0,0,1,0,0,1,1,0,0
2026-03-27 21:26:24.830,309.344,1143,-1,15,0,0,1,0,0,1,1,0,0
2026-03-27 21:26:24.941,309.455,1143,-4,15,0,0,1,0,0,1,1,0,0
2026-03-27 21:26:25.054,309.568,1142,-4,15,0,0,1,0,0,1,1,0,0
2026-03-27 21:26:25.056,309.571,1142,-3,15,0,0,1,0,0,1,1,0,0
2026-03-27 21:26:25.182,309.696,1142,-3,15,0,0,1,0,0,1,1,0,0
2026-03-27 21:26:25.358,309.872,1142,-3,15,0,0,1,0,0,1,1,0,0
2026-03-27 21:26:25.438,309.952,1142,-3,15,0,0,1,0,0,1,1,0,0
2026-03-27 21:26:25.550,310.064,1143,-3,15,0,0,1,0,0,1,1,0,0
2026-03-27 21:26:25.662,310.176,1143,-4,15,0,0,1,0,0,1,1,0,0
2026-03-27 21:26:25.726,310.240,1143,-1,15,0,0,1,0,0,1,1,0,0
2026-03-27 21:26:25.729,310.243,1142,-4,15,0,0,1,0,0,1,1,0,0
2026-03-27 21:26:25.790,310.304,1142,-4,15,0,0,1,0,0,1,1,0,0
2026-03-27 21:26:25.998,310.512,1142,-4,15,0,0,1,0,0,1,1,0,0
2026-03-27 21:26:26.126,310.641,1142,-4,15,0,0,1,0,0,1,1,0,0
2026-03-27 21:26:26.190,310.704,1143,-4,15,0,0,1,0,0,1,1,0,0
2026-03-27 21:26:26.318,310.832,1143,-5,15,0,0,1,0,0,1,1,0,0
2026-03-27 21:26:26.382,310.896,1143,-4,14,0,0,1,0,0,1,1,0,0
2026-03-27 21:26:26.541,311.056,1142,-5,15,0,0,1,0,0,1,1,0,0
2026-03-27 21:26:26.638,311.152,1142,-4,15,0,0,1,0,0,1,1,0,0
2026-03-27 21:26:26.750,311.264,1142,-4,15,0,0,1,0,0,1,1,0,0
2026-03-27 21:26:26.862,311.376,1143,-5,15,0,0,1,0,0,1,1,0,0
2026-03-27 21:26:26.878,311.392,1143,-4,15,0,0,1,0,0,1,1,0,0
2026-03-27 21:26:26.990,311.504,1143,-1,15,0,0,1,0,0,1,1,0,0
2026-03-27 21:26:27.054,311.568,1142,-5,15,0,0,1,0,0,0,1,0,0
2026-03-27 21:26:27.181,311.695,1142,-4,15,0,0,1,0,0,0,1,0,0
2026-03-27 21:26:27.293,311.807,1142,-4,15,0,0,1,0,0,0,1,0,0
2026-03-27 21:26:27.310,311.824,1142,-4,15,0,0,1,0,0,0,1,0,0
2026-03-27 21:26:27.374,311.888,1142,-4,15,0,0,1,0,0,0,1,0,0
2026-03-27 21:26:27.376,311.891,1142,-4,15,0,0,1,0,0,0,1,0,0
2026-03-27 21:26:27.379,311.893,1143,-1,15,0,0,1,0,0,0,1,0,0
2026-03-27 21:26:27.502,312.016,1143,-4,15,0,0,1,0,0,0,1,0,0
2026-03-27 21:26:27.581,312.095,1142,-4,15,0,0,1,0,0,0,1,0,0
2026-03-27 21:26:27.583,312.097,1142,-4,15,0,0,1,0,0,0,1,0,0
2026-03-27 21:26:27.806,312.320,1142,-4,15,0,0,1,0,0,0,1,0,0
2026-03-27 21:26:27.854,312.368,1142,-4,15,0,0,1,0,0,0,1,0,0
2026-03-27 21:26:27.870,312.384,1142,-5,15,0,0,1,0,0,0,1,0,0
2026-03-27 21:26:27.918,312.432,1142,-4,15,0,0,1,0,0,0,1,0,0
2026-03-27 21:26:27.934,312.448,1142,-4,15,0,0,1,0,0,0,1,0,0
2026-03-27 21:26:28.046,312.560,1143,-4,15,0,0,1,0,0,0,1,0,0
2026-03-27 21:26:28.048,312.562,1142,-1,15,0,0,1,0,0,0,1,0,0
2026-03-27 21:26:28.125,312.639,1143,-2,15,0,0,1,0,0,0,1,0,0
2026-03-27 21:26:28.286,312.800,1142,-4,15,0,0,1,0,0,0,1,0,0
2026-03-27 21:26:28.302,312.816,1143,-4,15,0,0,1,0,0,0,1,0,0
2026-03-27 21:26:28.303,312.817,1142,-4,0,0,0,0,0,0,0,0,0,0
2026-03-27 21:26:28.366,312.880,1143,-4,15,0,0,1,0,0,0,1,0,0
2026-03-27 21:26:28.367,312.881,1142,-4,15,0,0,1,0,0,0,1,0,0
2026-03-27 21:26:28.509,313.024,1142,-1,15,0,0,1,0,0,0,1,0,0
2026-03-27 21:26:28.513,313.027,1142,-4,15,0,0,1,0,0,0,1,0,0
2026-03-27 21:26:28.558,313.072,1142,-4,15,0,0,1,0,0,0,1,0,0
2026-03-27 21:26:28.637,313.151,1141,-4,15,0,0,1,0,0,0,1,0,0
2026-03-27 21:26:28.638,313.152,1142,-4,15,0,0,1,0,0,0,1,0,0
2026-03-27 21:26:28.655,313.169,1142,-4,15,0,0,1,0,0,0,1,0,0
2026-03-27 21:26:28.766,313.281,1142,-4,15,0,0,1,0,0,0,1,0,0
2026-03-27 21:26:28.910,313.424,1143,-4,15,0,0,1,0,0,0,1,0,0
2026-03-27 21:26:29.101,313.616,1142,-4,15,0,0,1,0,0,0,1,0,0
2026-03-27 21:26:29.134,313.648,1143,-4,15,0,0,1,0,0,0,1,0,0
2026-03-27 21:26:29.213,313.728,1142,-4,15,0,0,1,0,0,0,1,0,0
2026-03-27 21:26:29.518,314.032,1143,-4,15,0,0,1,0,0,0,1,0,0
2026-03-27 21:26:29.534,314.048,1143,-4,15,0,0,1,0,0,0,1,0,0
2026-03-27 21:26:29.694,314.208,1143,-4,15,0,0,1,0,0,0,1,0,0
2026-03-27 21:26:29.695,314.209,1142,-4,15,0,0,1,0,0,0,0,0,0
2026-03-27 21:26:29.697,314.211,1142,-1,15,0,0,1,0,0,0,1,0,0
2026-03-27 21:26:29.742,314.256,1142,-4,15,0,0,1,0,0,0,1,0,0
2026-03-27 21:26:29.885,314.399,1142,-4,15,0,0,1,0,0,0,1,0,0
2026-03-27 21:26:29.998,314.512,1142,-1,15,0,0,1,0,0,0,1,0,0
2026-03-27 21:26:30.061,314.576,1142,-4,15,0,0,1,0,0,0,1,0,0
2026-03-27 21:26:30.063,314.577,1143,-4,15,0,0,1,0,0,0,1,0,0
2026-03-27 21:26:30.190,314.704,1143,-3,15,0,0,1,0,0,0,1,0,0
2026-03-27 21:26:30.317,314.831,1143,-4,15,0,0,1,0,0,0,1,0,0
2026-03-27 21:26:30.430,314.944,1142,-4,15,0,0,1,0,0,0,1,0,0
2026-03-27 21:26:30.447,314.961,1142,-4,15,0,0,1,0,0,0,1,0,0
2026-03-27 21:26:30.526,315.040,1142,-4,15,0,0,1,0,0,0,1,0,0
2026-03-27 21:26:30.621,315.136,1142,-2,15,0,0,1,0,0,0,1,0,0
2026-03-27 21:26:30.718,315.232,1142,-4,15,0,0,1,0,0,0,1,0,0
2026-03-27 21:26:30.813,315.327,1143,-1,15,0,0,1,0,0,0,1,0,0
2026-03-27 21:26:31.006,315.520,1143,-5,15,0,0,1,0,0,0,1,0,0
2026-03-27 21:26:31.053,315.567,1143,-4,15,0,0,1,0,0,0,1,0,0
2026-03-27 21:26:31.069,315.583,1143,-4,15,0,0,1,0,0,0,1,0,0
2026-03-27 21:26:31.165,315.679,1142,-4,15,0,0,1,0,0,0,1,0,0
2026-03-27 21:26:31.293,315.808,1142,-2,15,0,0,1,0,0,0,1,0,0
2026-03-27 21:26:31.296,315.810,1142,-4,15,0,0,1,0,0,0,1,0,0
2026-03-27 21:26:31.438,315.952,1142,-4,15,0,0,1,0,0,0,1,0,0
2026-03-27 21:26:31.502,316.016,1142,-1,15,0,0,1,0,0,0,1,0,0
2026-03-27 21:26:31.646,316.160,1143,-2,15,0,0,1,0,0,0,1,0,0
2026-03-27 21:26:31.694,316.208,1142,-4,15,0,0,1,0,0,0,1,0,0
2026-03-27 21:26:31.838,316.352,1141,-2,15,0,0,1,0,0,0,1,0,0
2026-03-27 21:26:31.839,316.353,1142,-4,15,0,0,1,0,0,0,1,0,0
2026-03-27 21:26:31.853,316.367,1142,-4,1,0,0,0,0,0,0,0,0,0
2026-03-27 21:26:31.854,316.368,1142,-4,15,0,0,1,0,0,0,1,0,0
2026-03-27 21:26:31.950,316.464,1142,-4,15,0,0,1,0,0,0,1,0,0
2026-03-27 21:26:32.077,316.591,1142,-4,15,0,0,1,0,0,0,1,0,0
2026-03-27 21:26:32.079,316.593,1142,-4,15,0,0,1,0,0,0,1,0,0
2026-03-27 21:26:32.206,316.720,1142,-1,14,0,0,1,0,0,0,1,0,0
2026-03-27 21:26:32.317,316.831,1142,-4,15,0,0,1,0,0,0,1,0,0
2026-03-27 21:26:32.334,316.848,1142,-4,15,0,0,1,0,0,0,1,0,0
2026-03-27 21:26:32.445,316.959,1143,-4,15,0,0,1,0,0,0,1,0,0
2026-03-27 21:26:32.557,317.072,1142,-4,15,0,0,1,0,0,0,1,0,0
2026-03-27 21:26:32.637,317.151,1142,-4,15,0,0,1,0,0,0,1,0,0
2026-03-27 21:26:32.669,317.183,1143,-4,15,0,0,1,0,0,0,1,0,0
2026-03-27 21:26:32.685,317.199,1142,-2,15,0,0,1,0,0,0,1,0,0
2026-03-27 21:26:32.781,317.296,1142,-2,15,0,0,1,0,0,0,1,0,0
2026-03-27 21:26:32.861,317.376,1142,-4,15,0,0,1,0,0,0,1,0,0
2026-03-27 21:26:32.958,317.472,1142,-4,15,0,0,1,0,0,0,1,0,0
2026-03-27 21:26:33.133,317.648,1143,-4,15,0,0,1,0,0,0,1,0,0
2026-03-27 21:26:33.197,317.711,1143,-4,15,0,0,1,0,0,0,1,0,0
2026-03-27 21:26:33.357,317.872,1143,-4,15,0,0,1,0,0,0,1,0,0
2026-03-27 21:26:33.437,317.951,1144,-4,15,0,0,1,0,0,0,1,0,0
2026-03-27 21:26:33.469,317.983,1143,-4,15,0,0,1,0,0,0,1,0,0
2026-03-27 21:26:33.582,318.096,1143,-4,15,0,0,1,0,0,0,1,0,0
2026-03-27 21:26:33.678,318.192,1142,-4,15,0,0,1,0,0,0,1,0,0
2026-03-27 21:26:33.821,318.335,1142,-4,15,0,0,1,0,0,0,1,0,0
2026-03-27 21:26:33.822,318.336,1142,-4,15,0,0,1,0,0,0,1,0,0
2026-03-27 21:26:33.917,318.431,1142,-4,15,0,0,1,0,0,0,1,0,0
2026-03-27 21:26:34.045,318.559,1143,-4,15,0,0,1,0,0,0,1,0,0
2026-03-27 21:26:34.111,318.625,1143,-4,15,0,0,1,0,0,0,1,0,0
2026-03-27 21:26:34.205,318.720,1142,-2,15,0,0,1,0,0,0,1,0,0
2026-03-27 21:26:34.349,318.863,1142,-4,15,0,0,1,0,0,0,1,0,0
2026-03-27 21:26:34.366,318.880,1142,-4,15,0,0,1,0,0,0,1,0,0
2026-03-27 21:26:34.429,318.943,1142,-1,15,0,0,1,0,0,0,1,0,0
2026-03-27 21:26:34.431,318.945,1142,-4,15,0,0,1,0,0,0,1,0,0
2026-03-27 21:26:34.477,318.991,1142,-4,15,0,0,1,0,0,0,1,0,0
2026-03-27 21:26:34.621,319.135,1143,-4,15,0,0,1,0,0,0,1,0,0
2026-03-27 21:26:34.622,319.136,1143,-4,15,0,0,1,0,0,0,1,0,0
2026-03-27 21:26:34.733,319.247,1142,-4,15,0,0,1,0,0,0,1,0,0
2026-03-27 21:26:34.734,319.248,1142,-4,15,0,0,1,0,0,0,1,0,0
2026-03-27 21:26:34.813,319.327,1142,-4,15,0,0,1,0,0,0,1,0,0
2026-03-27 21:26:34.829,319.343,1142,-4,15,0,0,1,0,0,0,1,0,0
2026-03-27 21:26:34.877,319.391,1142,-4,15,0,0,1,0,0,0,1,0,0
2026-03-27 21:26:34.989,319.503,1143,-4,15,0,0,1,0,0,0,1,0,0
2026-03-27 21:26:35.085,319.599,1142,-4,15,0,0,1,0,0,0,1,0,0
2026-03-27 21:26:35.197,319.712,1143,-4,15,0,0,1,0,0,0,1,0,0
2026-03-27 21:26:35.309,319.823,1142,-4,15,0,0,1,0,0,0,1,0,0
2026-03-27 21:26:35.311,319.825,1143,-4,15,0,0,1,0,0,0,1,0,0
2026-03-27 21:26:35.421,319.935,1143,-4,15,0,0,1,0,0,0,1,0,0
2026-03-27 21:26:35.501,320.015,1142,-4,15,0,0,1,0,0,0,1,0,0
2026-03-27 21:26:35.550,320.064,1142,-4,15,0,0,1,0,0,0,1,0,0
2026-03-27 21:26:35.662,320.176,1142,-4,15,0,0,1,0,0,0,1,0,0
2026-03-27 21:26:35.821,320.335,1143,-5,15,0,0,1,0,0,0,1,0,0
2026-03-27 21:26:35.869,320.383,1143,-2,15,0,0,1,0,0,0,1,0,0
2026-03-27 21:26:36.014,320.528,1142,-4,15,0,0,1,0,0,0,1,0,0
2026-03-27 21:26:36.045,320.559,1142,-5,15,0,0,1,0,0,0,1,0,0
2026-03-27 21:26:36.189,320.703,1143,-4,15,0,0,1,0,0,0,1,0,0
2026-03-27 21:26:36.349,320.863,1142,-4,15,0,0,1,0,0,0,1,0,0
2026-03-27 21:26:36.351,320.865,1142,-4,15,0,0,1,0,0,0,1,0,0
2026-03-27 21:26:36.353,320.867,1142,-4,15,0,0,1,0,0,0,1,0,0
2026-03-27 21:26:36.462,320.976,1142,-4,15,0,0,1,0,0,0,1,0,0
2026-03-27 21:26:36.463,320.977,1142,-4,15,0,0,0,0,0,0,0,0,0
2026-03-27 21:26:36.464,320.978,1143,-4,15,0,0,1,0,0,0,1,0,0
2026-03-27 21:26:36.509,321.023,1143,-4,15,0,0,1,0,0,0,1,0,0
2026-03-27 21:26:36.512,321.026,1142,-4,15,0,0,1,0,0,0,1,0,0
2026-03-27 21:26:36.558,321.072,1142,-5,15,0,0,1,0,0,0,1,0,0
2026-03-27 21:26:36.733,321.247,1142,-4,15,0,0,1,0,0,0,1,0,0
2026-03-27 21:26:36.735,321.249,1142,-5,15,0,0,1,0,0,0,1,0,0
2026-03-27 21:26:36.736,321.250,1142,4,15,0,0,1,0,0,0,1,0,0
2026-03-27 21:26:36.797,321.311,1142,-4,15,0,0,1,0,0,0,1,0,0
2026-03-27 21:26:36.814,321.328,1142,-4,15,0,0,1,0,0,0,1,0,0
2026-03-27 21:26:36.909,321.424,1142,-4,15,0,0,1,0,0,0,1,0,0
2026-03-27 21:26:36.957,321.471,1142,-4,15,0,0,1,0,0,0,1,0,0
2026-03-27 21:26:36.959,321.473,1142,-4,15,0,0,1,0,0,0,1,0,0
2026-03-27 21:26:37.214,321.728,1143,-4,15,0,0,1,0,0,0,1,0,0
2026-03-27 21:26:37.326,321.840,1142,-4,15,0,0,1,0,0,0,1,0,0
2026-03-27 21:26:37.437,321.951,1142,-4,15,0,0,1,0,0,0,1,0,0
2026-03-27 21:26:37.565,322.079,1142,-1,15,0,0,1,0,0,0,1,0,0
2026-03-27 21:26:37.661,322.175,1143,-4,15,0,0,1,0,0,0,1,0,0
2026-03-27 21:26:37.741,322.256,1142,-4,15,0,0,1,0,0,0,1,0,0
2026-03-27 21:26:37.789,322.303,1143,-4,15,0,0,1,0,0,0,1,0,0
2026-03-27 21:26:37.982,322.496,1142,-4,15,0,0,1,0,0,0,1,0,0
2026-03-27 21:26:38.077,322.592,1141,-4,15,0,0,1,0,0,0,1,0,0
2026-03-27 21:26:38.141,322.656,1142,-4,15,0,0,1,0,0,0,1,0,0
2026-03-27 21:26:38.269,322.783,1142,-4,15,0,0,1,0,0,0,1,0,0
2026-03-27 21:26:38.271,322.785,1142,-4,15,0,0,1,0,0,0,1,0,0
2026-03-27 21:26:38.273,322.787,1142,-4,15,0,0,1,0,0,0,1,0,0
2026-03-27 21:26:38.317,322.832,1143,-5,15,0,0,1,0,0,0,1,0,0
2026-03-27 21:26:38.413,322.927,1143,-2,15,0,0,1,0,0,0,1,0,0
2026-03-27 21:26:38.429,322.943,1143,-2,15,0,0,1,0,0,0,1,0,0
2026-03-27 21:26:38.525,323.039,1143,-4,15,0,0,1,0,0,0,1,0,0
2026-03-27 21:26:38.541,323.055,1143,-4,15,0,0,1,0,0,0,1,0,0
2026-03-27 21:26:38.654,323.168,1142,-4,15,0,0,1,0,0,0,1,0,0
2026-03-27 21:26:38.765,323.279,1142,-4,15,0,0,1,0,0,0,1,0,0
2026-03-27 21:26:38.877,323.392,1142,-4,15,0,0,1,0,0,0,1,0,0
2026-03-27 21:26:38.973,323.487,1142,-4,15,0,0,1,0,0,0,1,0,0
2026-03-27 21:26:39.117,323.631,1143,-4,15,0,0,1,0,0,0,1,0,0
2026-03-27 21:26:39.293,323.807,1142,-4,15,0,0,1,0,0,0,1,0,0
2026-03-27 21:26:39.373,323.887,1142,-4,15,0,0,1,0,0,0,1,0,0
2026-03-27 21:26:39.502,324.016,1142,-4,15,0,0,1,0,0,0,1,0,0
2026-03-27 21:26:39.518,324.032,1142,-4,15,0,0,1,0,0,0,1,0,0
2026-03-27 21:26:39.629,324.143,1144,-4,15,0,0,1,0,0,0,1,0,0
2026-03-27 21:26:39.741,324.255,1143,-4,15,0,0,1,0,0,0,1,0,0
2026-03-27 21:26:39.743,324.257,1143,-4,15,0,0,1,0,0,0,1,0,0
2026-03-27 21:26:39.853,324.367,1143,-4,15,0,0,1,0,0,0,1,0,0
2026-03-27 21:26:39.855,324.369,1143,-4,15,0,0,1,0,0,0,1,0,0
2026-03-27 21:26:39.901,324.415,1143,-4,14,0,0,1,0,0,0,1,0,0
2026-03-27 21:26:39.981,324.495,1142,-4,15,0,0,1,0,0,0,1,0,0
2026-03-27 21:26:39.983,324.497,1142,-4,15,0,0,1,0,0,0,1,0,0
2026-03-27 21:26:40.093,324.607,1142,-4,15,0,0,1,0,0,0,1,0,0
2026-03-27 21:26:40.205,324.719,1142,-4,12,0,0,1,0,0,0,1,0,0
2026-03-27 21:26:40.301,324.815,-40,-40,1227,0,0,1,0,0,0,1,0,0
2026-03-27 21:26:40.429,324.943,-40,2474,1246,0,0,1,0,0,0,1,0,0
2026-03-27 21:26:40.431,324.945,-40,2494,1217,0,0,1,0,0,0,1,0,0
2026-03-27 21:26:40.432,324.946,3638,-4,15,0,0,1,0,0,0,1,0,0
2026-03-27 21:26:40.493,325.007,3239,-4,15,0,0,1,0,0,0,1,0,0
2026-03-27 21:26:40.621,325.136,1463,-4,15,0,0,1,0,0,0,1,0,0
2026-03-27 21:26:40.734,325.248,1192,-4,15,0,0,1,0,0,0,1,0,0
2026-03-27 21:26:40.862,325.376,1153,-4,15,0,0,1,0,0,0,1,0,0
2026-03-27 21:26:40.989,325.503,1146,-4,12,0,0,1,0,0,0,1,0,0
2026-03-27 21:26:41.053,325.567,1145,-2,15,0,0,1,0,0,0,1,0,0
2026-03-27 21:26:41.150,325.664,1143,-1,15,0,0,1,0,0,0,1,0,0
2026-03-27 21:26:41.262,325.776,1144,-4,15,0,0,1,0,0,0,1,0,0
2026-03-27 21:26:41.373,325.888,1142,-4,15,0,0,1,0,0,0,1,0,0
2026-03-27 21:26:41.376,325.890,1142,-4,15,0,0,1,0,0,0,1,0,0
2026-03-27 21:26:41.437,325.951,1142,-1,15,0,0,1,0,0,0,1,0,0
2026-03-27 21:26:41.566,326.080,1142,-4,15,0,0,1,0,0,0,1,0,0
2026-03-27 21:26:41.741,326.255,1143,-4,15,0,0,1,0,0,0,1,0,0
2026-03-27 21:26:41.948,326.462,1141,-4,15,0,0,1,0,0,0,1,0,0
2026-03-27 21:26:41.950,326.464,1142,-4,15,0,0,1,0,0,0,1,0,0
2026-03-27 21:26:42.013,326.527,1143,-4,15,0,0,1,0,0,0,1,0,0
2026-03-27 21:26:42.109,326.624,1142,-4,15,0,0,1,0,0,0,1,0,0
2026-03-27 21:26:42.205,326.719,1143,-4,15,0,0,1,0,0,0,1,0,0
2026-03-27 21:26:42.381,326.895,1143,-4,15,0,0,1,0,0,0,1,0,0
2026-03-27 21:26:42.445,326.959,1143,-4,15,0,0,1,0,0,0,1,0,0
2026-03-27 21:26:42.573,327.087,1142,-4,15,0,0,1,0,0,0,1,0,0
2026-03-27 21:26:42.590,327.104,1142,-5,15,0,0,1,0,0,0,1,0,0
2026-03-27 21:26:42.669,327.183,1143,-4,15,0,0,1,0,0,0,1,0,0
2026-03-27 21:26:42.671,327.185,1142,-4,15,0,0,1,0,0,0,1,0,0
2026-03-27 21:26:42.781,327.295,1143,-4,15,0,0,1,0,0,0,1,0,0
2026-03-27 21:26:42.797,327.311,1143,-4,15,0,0,1,0,0,0,1,0,0
2026-03-27 21:26:42.925,327.439,1142,-4,15,0,0,1,0,0,0,1,0,0
2026-03-27 21:26:42.927,327.441,1143,-4,15,0,0,1,0,0,0,1,0,0
2026-03-27 21:26:42.973,327.488,1143,-1,15,0,0,1,0,0,0,1,0,0
2026-03-27 21:26:42.977,327.491,1142,-4,15,0,0,1,0,0,0,1,0,0
2026-03-27 21:26:43.100,327.615,1142,-4,15,0,0,1,0,0,0,1,0,0
2026-03-27 21:26:43.197,327.711,1142,-4,15,0,0,1,0,0,0,1,0,0
2026-03-27 21:26:43.326,327.840,1142,-5,15,0,0,1,0,0,0,1,0,0
2026-03-27 21:26:43.469,327.983,1142,-4,15,0,0,1,0,0,0,1,0,0
2026-03-27 21:26:43.532,328.047,1142,-4,15,0,0,1,0,0,0,1,0,0
2026-03-27 21:26:43.596,328.110,1143,-4,15,0,0,1,0,0,0,1,0,0
2026-03-27 21:26:43.613,328.127,1143,-4,15,0,0,1,0,0,0,1,0,0
2026-03-27 21:26:43.789,328.303,1143,-4,15,0,0,1,0,0,0,1,0,0
2026-03-27 21:26:43.869,328.383,1142,-4,15,0,0,1,0,0,0,1,0,0
2026-03-27 21:26:43.949,328.463,1142,-4,15,0,0,1,0,0,0,1,0,0
2026-03-27 21:26:44.029,328.543,1142,-4,15,0,0,1,0,0,0,1,0,0
2026-03-27 21:26:44.204,328.718,1142,-4,15,0,0,1,0,0,0,1,0,0
2026-03-27 21:26:44.206,328.720,1142,-4,15,0,0,1,0,0,0,1,0,0
2026-03-27 21:26:44.208,328.722,1143,-4,15,0,0,1,0,0,0,1,0,0
2026-03-27 21:26:44.268,328.782,1143,-4,15,0,0,1,0,0,0,1,0,0
2026-03-27 21:26:44.445,328.959,1142,-4,15,0,0,1,0,0,0,1,0,0
2026-03-27 21:26:44.541,329.055,1142,-2,13,0,0,1,0,0,0,1,0,0
2026-03-27 21:26:44.589,329.103,1142,-4,15,0,0,1,0,0,0,1,0,0
2026-03-27 21:26:44.701,329.215,1142,-4,15,0,0,1,0,0,0,1,0,0
2026-03-27 21:26:44.732,329.247,1142,-4,15,0,0,1,0,0,0,1,0,0
2026-03-27 21:26:44.908,329.422,1143,-2,15,0,0,1,0,0,0,1,0,0
2026-03-27 21:26:44.924,329.439,1143,-4,15,0,0,1,0,0,0,1,0,0
2026-03-27 21:26:44.940,329.455,1143,-4,15,0,0,1,0,0,0,1,0,0
2026-03-27 21:26:45.069,329.584,1142,-4,15,0,0,1,0,0,0,1,0,0
2026-03-27 21:26:45.071,329.586,1143,-5,15,0,0,1,0,0,0,1,0,0
2026-03-27 21:26:45.116,329.631,1142,-4,15,0,0,1,0,0,0,1,0,0
2026-03-27 21:26:45.118,329.632,1142,-4,15,0,0,1,0,0,0,1,0,0
2026-03-27 21:26:45.245,329.759,1142,-4,15,0,0,1,0,0,0,1,0,0
2026-03-27 21:26:45.261,329.775,1142,-4,15,0,0,1,0,0,0,1,0,0
2026-03-27 21:26:45.263,329.777,1142,-4,15,0,0,1,0,0,0,1,0,0
2026-03-27 21:26:45.388,329.903,1142,-4,15,0,0,1,0,0,0,1,0,0
2026-03-27 21:26:45.436,329.951,1142,-4,12,0,0,1,0,0,0,1,0,0
2026-03-27 21:26:45.517,330.031,1143,-4,15,0,0,1,0,0,0,1,0,0
2026-03-27 21:26:45.693,330.207,1143,-4,15,0,0,1,0,0,0,1,0,0
2026-03-27 21:26:45.695,330.209,1141,-1,15,0,0,1,0,0,0,1,0,0
2026-03-27 21:26:45.965,330.479,1142,-4,15,0,0,1,0,0,0,1,0,0
2026-03-27 21:26:46.093,330.607,1143,-4,15,0,0,1,0,0,0,1,0,0
2026-03-27 21:26:46.269,330.783,1143,-4,15,0,0,1,0,0,0,1,0,0
2026-03-27 21:26:46.332,330.847,1143,-4,15,0,0,1,0,0,0,1,0,0
2026-03-27 21:26:46.351,330.865,1143,-4,15,0,0,1,0,0,0,1,0,0
2026-03-27 21:26:46.525,331.040,1142,-4,15,0,0,1,0,0,0,1,0,0
2026-03-27 21:26:46.636,331.150,1142,-4,15,0,0,1,0,0,0,1,0,0
2026-03-27 21:26:46.638,331.152,1142,-4,15,0,0,1,0,0,0,1,0,0
2026-03-27 21:26:46.749,331.263,1142,-4,15,0,0,1,0,0,0,1,0,0
2026-03-27 21:26:46.752,331.266,1142,-4,15,0,0,1,0,0,0,1,0,0
2026-03-27 21:26:46.828,331.342,1142,-5,15,0,0,1,0,0,0,1,0,0
2026-03-27 21:26:46.877,331.391,1142,-4,15,0,0,1,0,0,0,1,0,0
2026-03-27 21:26:47.069,331.583,1142,-4,15,0,0,1,0,0,0,1,0,0
2026-03-27 21:26:47.117,331.631,1142,-2,15,0,0,1,0,0,0,1,0,0
2026-03-27 21:26:47.213,331.727,1141,-4,15,0,0,1,0,0,0,1,0,0
2026-03-27 21:26:47.229,331.743,1142,-4,15,0,0,1,0,0,0,1,0,0
2026-03-27 21:26:47.356,331.871,1142,-4,15,0,0,1,0,0,0,1,0,0
2026-03-27 21:26:47.359,331.873,1142,-4,15,0,0,1,0,0,0,1,0,0
2026-03-27 21:26:47.469,331.983,1143,-4,15,0,0,1,0,0,0,1,0,0
2026-03-27 21:26:47.580,332.095,1143,-4,15,0,0,1,0,0,0,1,0,0
2026-03-27 21:26:47.644,332.159,1143,-4,15,0,0,1,0,0,0,1,0,0
2026-03-27 21:26:47.757,332.271,1142,-4,15,0,0,1,0,0,0,1,0,0
2026-03-27 21:26:47.837,332.351,1142,-4,15,0,0,1,0,0,0,1,0,0
2026-03-27 21:26:48.044,332.559,1142,-5,15,0,0,1,0,0,0,1,0,0
2026-03-27 21:26:48.189,332.703,1142,-4,15,0,0,1,0,0,0,1,0,0
2026-03-27 21:26:48.301,332.815,1142,-4,15,0,0,1,0,0,0,1,0,0
2026-03-27 21:26:48.413,332.927,1142,-4,15,0,0,1,0,0,0,1,0,0
2026-03-27 21:26:48.541,333.055,1141,-4,15,0,0,1,0,0,0,1,0,0
2026-03-27 21:26:48.637,333.151,1142,-1,15,0,0,1,0,0,0,1,0,0
2026-03-27 21:26:48.765,333.279,1143,-4,15,0,0,1,0,0,0,1,0,0
2026-03-27 21:26:48.781,333.295,1142,-4,15,0,0,1,0,0,0,1,0,0
2026-03-27 21:26:48.877,333.392,1143,-4,15,0,0,1,0,0,0,1,0,0
2026-03-27 21:26:48.940,333.454,1143,-4,15,0,0,1,0,0,0,1,0,0
2026-03-27 21:26:49.068,333.582,1143,-4,15,0,0,1,0,0,0,1,0,0
2026-03-27 21:26:49.196,333.711,1143,-4,15,0,0,1,0,0,0,1,0,0
2026-03-27 21:26:49.261,333.775,1142,-4,15,0,0,1,0,0,0,1,0,0
2026-03-27 21:26:49.325,333.839,1142,-4,15,0,0,1,0,0,0,1,0,0
2026-03-27 21:26:49.468,333.982,1141,-4,15,0,0,1,0,0,0,1,0,0
2026-03-27 21:26:49.470,333.984,1141,-4,15,0,0,1,0,0,0,1,0,0
2026-03-27 21:26:49.532,334.047,1142,-4,15,0,0,1,0,0,0,1,0,0
2026-03-27 21:26:49.676,334.190,1142,-4,15,0,0,1,0,0,0,1,0,0
2026-03-27 21:26:49.772,334.286,1142,-4,15,0,0,1,0,0,0,1,0,0
2026-03-27 21:26:49.965,334.479,1142,-4,15,0,0,1,0,0,0,1,0,0
2026-03-27 21:26:50.028,334.542,1142,-4,15,0,0,1,0,0,0,1,0,0
2026-03-27 21:26:50.029,334.544,1142,-4,15,0,0,1,0,0,0,1,0,0
2026-03-27 21:26:50.045,334.559,1142,-4,15,0,0,1,0,0,0,1,0,0
2026-03-27 21:26:50.061,334.575,1142,-4,15,0,0,1,0,0,0,1,0,0
2026-03-27 21:26:50.156,334.671,1143,-4,15,0,0,1,0,0,0,1,0,0
2026-03-27 21:26:50.284,334.799,1142,-4,15,0,0,1,0,0,0,1,0,0
2026-03-27 21:26:50.380,334.894,1143,-4,15,0,0,1,0,0,0,1,0,0
2026-03-27 21:26:50.525,335.039,1142,-4,12,0,0,1,0,0,0,1,0,0
2026-03-27 21:26:50.541,335.055,1142,-4,15,0,0,1,0,0,0,1,0,0
2026-03-27 21:26:50.668,335.182,1142,-4,15,0,0,1,0,0,0,1,0,0
2026-03-27 21:26:50.748,335.263,1142,-4,15,0,0,1,0,0,0,1,0,0
2026-03-27 21:26:50.797,335.311,1143,-4,15,0,0,1,0,0,0,1,0,0
2026-03-27 21:26:50.925,335.439,1142,-4,15,0,0,1,0,0,0,1,0,0
2026-03-27 21:26:50.926,335.440,1143,-4,15,0,0,1,0,0,0,1,0,0
2026-03-27 21:26:50.940,335.454,1,0,0,0,0,0,0,0,0,1,0,0
2026-03-27 21:26:51.053,335.567,1143,-4,15,0,0,1,0,0,0,1,0,0
2026-03-27 21:26:51.068,335.582,1143,-4,15,0,0,1,0,0,0,1,0,0
2026-03-27 21:26:51.340,335.855,1142,-4,15,0,0,1,0,0,0,1,0,0
2026-03-27 21:26:51.452,335.966,1142,-4,15,0,0,1,0,0,0,1,0,0
2026-03-27 21:26:51.532,336.047,1143,-4,15,0,0,1,0,0,0,1,0,0
2026-03-27 21:26:51.660,336.175,1142,-4,15,0,0,1,0,0,0,1,0,0
2026-03-27 21:26:51.662,336.176,1143,-4,15,0,0,1,0,0,0,1,0,0
2026-03-27 21:26:51.678,336.192,1143,-4,15,0,0,1,0,0,0,1,0,0
2026-03-27 21:26:51.757,336.271,1143,-4,15,0,0,1,0,0,0,1,0,0
2026-03-27 21:26:51.836,336.350,1141,-4,15,0,0,1,0,0,0,1,0,0
2026-03-27 21:26:51.980,336.494,1142,-4,15,0,0,1,0,0,0,1,0,0
2026-03-27 21:26:51.996,336.510,1142,-4,15,0,0,1,0,0,0,1,0,0
2026-03-27 21:26:52.108,336.622,1141,-4,15,0,0,1,0,0,0,1,0,0
2026-03-27 21:26:52.125,336.639,1142,-4,15,0,0,1,0,0,0,1,0,0
2026-03-27 21:26:52.126,336.641,1143,-4,15,0,0,1,0,0,0,1,0,0
2026-03-27 21:26:52.221,336.735,1143,-4,15,0,0,1,0,0,0,1,0,0
2026-03-27 21:26:52.316,336.830,1145,-4,15,0,0,1,0,0,0,1,0,0
2026-03-27 21:26:52.412,336.926,1143,-4,15,0,0,1,0,0,0,1,0,0
2026-03-27 21:26:52.492,337.006,1142,-4,15,0,0,1,0,0,0,1,0,0
2026-03-27 21:26:52.621,337.135,1142,-4,15,0,0,1,0,0,0,1,0,0
2026-03-27 21:26:52.716,337.230,1143,-4,15,0,0,1,0,0,0,1,0,0
2026-03-27 21:26:52.860,337.374,1142,-4,15,0,0,1,0,0,0,1,0,0
2026-03-27 21:26:52.862,337.376,1143,-4,15,0,0,1,0,0,0,1,0,0
2026-03-27 21:26:52.862,337.376,0,0,0,0,0,0,0,0,0,0,0,0
2026-03-27 21:26:52.877,337.391,1142,-4,15,0,0,1,0,0,0,1,0,0
2026-03-27 21:26:52.925,337.439,1142,-4,15,0,0,1,0,0,0,1,0,0
2026-03-27 21:26:53.036,337.550,1142,-5,15,0,0,1,0,0,0,1,0,0
2026-03-27 21:26:53.052,337.567,1142,-4,15,0,0,1,0,0,0,1,0,0
2026-03-27 21:26:53.197,337.711,1143,-4,15,0,0,1,0,0,0,1,0,0
2026-03-27 21:26:53.214,337.728,1142,-5,15,0,0,1,0,0,0,1,0,0
2026-03-27 21:26:53.277,337.791,1142,-4,15,0,0,1,0,0,0,1,0,0
2026-03-27 21:26:53.389,337.903,1142,-4,15,0,0,1,0,0,0,1,0,0
2026-03-27 21:26:53.468,337.982,1142,-4,15,0,0,1,0,0,0,1,0,0
2026-03-27 21:26:53.532,338.046,1142,-4,15,0,0,1,0,0,0,1,0,0
2026-03-27 21:26:53.535,338.049,1142,-4,15,0,0,1,0,0,0,1,0,0
2026-03-27 21:26:53.692,338.207,1142,-4,15,0,0,1,0,0,0,1,0,0
2026-03-27 21:26:53.821,338.335,1141,-4,15,0,0,1,0,0,0,1,0,0
2026-03-27 21:26:53.948,338.462,1142,-4,15,0,0,1,0,0,0,1,0,0
2026-03-27 21:26:54.012,338.526,1141,-4,15,0,0,1,0,0,0,1,0,0
2026-03-27 21:26:54.016,338.530,1141,-4,15,0,0,1,0,0,0,1,0,0
2026-03-27 21:26:54.093,338.607,1142,-4,15,0,0,1,0,0,0,1,0,0
2026-03-27 21:26:54.204,338.718,1143,-4,15,0,0,1,0,0,0,1,0,0
2026-03-27 21:26:54.206,338.720,1143,-4,15,0,0,1,0,0,0,1,0,0
2026-03-27 21:26:54.300,338.814,1142,-4,15,0,0,1,0,0,0,1,0,0
2026-03-27 21:26:54.301,338.816,1142,-4,15,0,0,1,0,0,0,1,0,0
2026-03-27 21:26:54.380,338.894,1142,-4,12,0,0,1,0,0,0,1,0,0
2026-03-27 21:26:54.589,339.103,1141,-4,15,0,0,1,0,0,0,1,0,0
2026-03-27 21:26:54.701,339.215,1141,-4,15,0,0,1,0,0,0,1,0,0
2026-03-27 21:26:54.780,339.294,1142,-2,15,0,0,1,0,0,0,1,0,0
2026-03-27 21:26:54.860,339.375,1142,-1,15,0,0,1,0,0,0,1,0,0
2026-03-27 21:26:54.988,339.502,1142,-4,15,0,0,1,0,0,0,1,0,0
2026-03-27 21:26:55.020,339.535,1141,-4,15,0,0,1,0,0,0,1,0,0
2026-03-27 21:26:55.037,339.552,1142,-1,15,0,0,1,0,0,0,1,0,0
2026-03-27 21:26:55.164,339.678,1142,-1,15,0,0,1,0,0,0,1,0,0
2026-03-27 21:26:55.244,339.758,1142,-4,15,0,0,1,0,0,0,1,0,0
2026-03-27 21:26:55.260,339.774,1142,-4,15,0,0,1,0,0,0,1,0,0
2026-03-27 21:26:55.262,339.776,1142,-4,15,0,0,1,0,0,0,1,0,0
2026-03-27 21:26:55.372,339.886,1142,-4,15,0,0,1,0,0,0,1,0,0
2026-03-27 21:26:55.374,339.888,1142,-4,15,0,0,0,0,0,0,1,0,0
2026-03-27 21:26:55.452,339.966,1142,-4,15,0,0,1,0,0,0,1,0,0
2026-03-27 21:26:55.453,339.967,1142,-4,15,0,0,1,0,0,0,1,0,0
2026-03-27 21:26:55.597,340.111,1142,-4,15,0,0,1,0,0,0,1,0,0
2026-03-27 21:26:55.707,340.222,1142,-4,15,0,0,1,0,0,0,1,0,0
2026-03-27 21:26:55.709,340.223,1142,-4,15,0,0,1,0,0,0,1,0,0
2026-03-27 21:26:55.724,340.238,1142,-40,0,0,0,0,0,0,0,1,0,0
2026-03-27 21:26:55.771,340.286,1142,-4,15,0,0,1,0,0,0,1,0,0
2026-03-27 21:26:55.788,340.302,1142,-4,15,0,0,1,0,0,0,1,0,0
2026-03-27 21:26:55.916,340.430,1142,-2,15,0,0,1,0,0,0,1,0,0
2026-03-27 21:26:56.028,340.542,1142,-4,15,0,0,1,0,0,0,1,0,0
2026-03-27 21:26:56.060,340.574,1142,-4,15,0,0,1,0,0,0,1,0,0
2026-03-27 21:26:56.123,340.638,1142,-4,15,0,0,1,0,0,0,1,0,0
2026-03-27 21:26:56.125,340.639,1142,-4,15,0,0,1,0,0,0,1,0,0
2026-03-27 21:26:56.220,340.735,1141,-4,15,0,0,1,0,0,0,1,0,0
2026-03-27 21:26:56.299,340.814,1142,-4,15,0,0,1,0,0,0,1,0,0
2026-03-27 21:26:56.301,340.815,1142,-4,15,0,0,1,0,0,0,1,0,0
2026-03-27 21:26:56.412,340.926,1142,-4,15,0,0,1,0,0,0,1,0,0
2026-03-27 21:26:56.556,341.070,1142,-4,15,0,0,1,0,0,0,1,0,0
2026-03-27 21:26:56.557,341.071,1142,-4,15,0,0,1,0,0,0,1,0,0
2026-03-27 21:26:56.604,341.118,1143,-4,15,0,0,1,0,0,0,1,0,0
2026-03-27 21:26:56.605,341.119,1143,-4,15,0,0,1,0,0,0,1,0,0
2026-03-27 21:26:56.844,341.358,1142,-1,15,0,0,1,0,0,0,1,0,0
2026-03-27 21:26:56.908,341.422,1142,-4,15,0,0,1,0,0,0,1,0,0
2026-03-27 21:26:57.004,341.518,1142,-5,15,0,0,1,0,0,0,1,0,0
2026-03-27 21:26:57.020,341.534,1141,-4,15,0,0,1,0,0,0,1,0,0
2026-03-27 21:26:57.132,341.646,1141,-4,15,0,0,1,0,0,0,1,0,0
2026-03-27 21:26:57.134,341.648,1142,-4,15,0,0,1,0,0,0,1,0,0
2026-03-27 21:26:57.260,341.774,1142,-4,15,0,0,1,0,0,0,1,0,0
2026-03-27 21:26:57.276,341.790,1142,-4,15,0,0,0,0,0,0,1,0,0
2026-03-27 21:26:57.372,341.886,1142,-4,15,0,0,1,0,0,0,1,0,0
2026-03-27 21:26:57.373,341.888,1144,-4,15,0,0,1,0,0,0,1,0,0
2026-03-27 21:26:57.388,341.902,1142,-4,15,0,0,1,0,0,0,1,0,0
2026-03-27 21:26:57.436,341.950,1142,-4,15,0,0,1,0,0,0,1,0,0
2026-03-27 21:26:57.613,342.127,1141,-2,15,0,0,1,0,0,0,1,0,0
2026-03-27 21:26:57.709,342.223,1142,-4,15,0,0,1,0,0,0,1,0,0
2026-03-27 21:26:57.852,342.366,1142,-4,15,0,0,1,0,0,0,1,0,0
2026-03-27 21:26:57.854,342.368,1141,-4,15,0,0,1,0,0,0,1,0,0
2026-03-27 21:26:57.900,342.414,1142,-4,15,0,0,1,0,0,0,1,0,0
2026-03-27 21:26:57.932,342.446,1143,-4,15,0,0,1,0,0,0,1,0,0
2026-03-27 21:26:58.108,342.622,1142,-2,15,0,0,1,0,0,0,1,0,0
2026-03-27 21:26:58.109,342.623,1142,-2,15,0,0,1,0,0,0,1,0,0
2026-03-27 21:26:58.124,342.638,0,0,0,0,0,1,0,0,0,1,0,0
2026-03-27 21:26:58.140,342.654,1141,-3,15,0,0,1,0,0,0,1,0,0
2026-03-27 21:26:58.220,342.734,1142,-4,15,0,0,1,0,0,0,1,0,0
2026-03-27 21:26:58.332,342.846,1142,-4,15,0,0,1,0,0,0,1,0,0
2026-03-27 21:26:58.334,342.848,1142,-4,15,0,0,1,0,0,0,1,0,0
2026-03-27 21:26:58.492,343.006,1142,-4,14,0,0,1,0,0,0,1,0,0
2026-03-27 21:26:58.556,343.071,1142,-4,15,0,0,1,0,0,0,1,0,0
2026-03-27 21:26:58.716,343.230,1142,-3,15,0,0,1,0,0,0,1,0,0
2026-03-27 21:26:58.843,343.358,1141,-4,15,0,0,1,0,0,0,1,0,0
2026-03-27 21:26:58.940,343.454,1142,-4,12,0,0,1,0,0,0,1,0,0
2026-03-27 21:26:59.020,343.534,1141,-4,15,0,0,1,0,0,0,1,0,0
2026-03-27 21:26:59.022,343.536,1141,-4,15,0,0,1,0,0,0,1,0,0
2026-03-27 21:26:59.196,343.710,1142,-4,15,0,0,1,0,0,0,1,0,0
2026-03-27 21:26:59.212,343.726,1142,-4,15,0,0,1,0,0,0,1,0,0
2026-03-27 21:26:59.214,343.728,1143,-4,15,0,0,1,0,0,0,1,0,0
2026-03-27 21:26:59.340,343.854,1142,-4,15,0,0,1,0,0,0,1,0,0
2026-03-27 21:26:59.515,344.029,1142,-4,15,0,0,1,0,0,0,1,0,0
2026-03-27 21:26:59.532,344.046,1142,-4,15,0,0,1,0,0,0,1,0,0
2026-03-27 21:26:59.579,344.093,1141,-5,15,0,0,1,0,0,0,1,0,0
2026-03-27 21:26:59.582,344.096,1141,-5,15,0,0,1,0,0,0,1,0,0
2026-03-27 21:26:59.740,344.254,1141,-2,15,0,0,1,0,0,0,1,0,0
2026-03-27 21:26:59.788,344.302,1142,-4,15,0,0,1,0,0,0,1,0,0
2026-03-27 21:26:59.803,344.317,1142,-4,15,0,0,1,0,0,0,1,0,0
2026-03-27 21:26:59.932,344.446,1142,-4,15,0,0,1,0,0,0,1,0,0
2026-03-27 21:27:00.028,344.542,1142,-3,15,0,0,1,0,0,0,1,0,0
2026-03-27 21:27:00.108,344.623,1142,-4,15,0,0,1,0,0,0,1,0,0
2026-03-27 21:27:00.187,344.701,1141,-4,15,0,0,1,0,0,0,1,0,0
2026-03-27 21:27:00.189,344.703,1142,-4,15,0,0,1,0,0,0,1,0,0
2026-03-27 21:27:00.191,344.705,1142,-5,15,0,0,1,0,0,0,1,0,0
2026-03-27 21:27:00.252,344.766,1142,-4,15,0,0,1,0,0,0,1,0,0
2026-03-27 21:27:00.412,344.926,1142,-1,15,0,0,1,0,0,0,1,0,0
2026-03-27 21:27:00.524,345.038,1142,-4,15,0,0,1,0,0,0,1,0,0
2026-03-27 21:27:00.526,345.040,1142,-1,15,0,0,1,0,0,0,1,0,0
2026-03-27 21:27:00.620,345.134,1142,-1,15,0,0,1,0,0,0,1,0,0
2026-03-27 21:27:00.731,345.245,1142,-4,15,0,0,1,0,0,0,1,0,0
2026-03-27 21:27:00.732,345.247,1142,-5,15,0,0,1,0,0,0,1,0,0
2026-03-27 21:27:00.924,345.438,1141,-4,15,0,0,1,0,0,0,1,0,0
2026-03-27 21:27:00.926,345.440,1141,-4,15,0,0,1,0,0,0,1,0,0
2026-03-27 21:27:01.020,345.534,1142,-4,15,0,0,1,0,0,0,1,0,0
2026-03-27 21:27:01.131,345.646,1142,-4,15,0,0,1,0,0,0,1,0,0
2026-03-27 21:27:01.134,345.648,1143,-1,15,0,0,1,0,0,0,1,0,0
2026-03-27 21:27:01.165,345.679,1143,-1,15,0,0,1,0,0,0,1,0,0
2026-03-27 21:27:01.168,345.682,1142,-4,15,0,0,1,0,0,0,1,0,0
2026-03-27 21:27:01.260,345.774,1142,-4,15,0,0,1,0,0,0,1,0,0
2026-03-27 21:27:01.404,345.918,1142,-1,15,0,0,1,0,0,0,1,0,0
2026-03-27 21:27:01.407,345.921,1141,-4,15,0,0,1,0,0,0,1,0,0
2026-03-27 21:27:01.437,345.951,1141,-4,15,0,0,1,0,0,0,1,0,0
2026-03-27 21:27:01.596,346.110,1141,-4,15,0,0,1,0,0,0,1,0,0
2026-03-27 21:27:01.661,346.175,1141,-4,15,0,0,1,0,0,0,1,0,0
2026-03-27 21:27:01.756,346.271,1141,-4,15,0,0,1,0,0,0,1,0,0
2026-03-27 21:27:01.758,346.272,1141,-4,15,0,0,1,0,0,0,1,0,0
2026-03-27 21:27:01.851,346.366,1143,-1,15,0,0,1,0,0,0,1,0,0
2026-03-27 21:27:01.853,346.367,1143,-2,15,0,0,1,0,0,0,1,0,0
2026-03-27 21:27:01.855,346.369,1143,-4,15,0,0,1,0,0,0,1,0,0
2026-03-27 21:27:01.964,346.478,1143,-4,15,0,0,1,0,0,0,1,0,0
2026-03-27 21:27:01.980,346.495,1142,-2,15,0,0,1,0,0,0,1,0,0
2026-03-27 21:27:02.075,346.589,1142,-2,15,0,0,1,0,0,0,1,0,0
2026-03-27 21:27:02.124,346.638,1141,-4,15,0,0,1,0,0,0,1,0,0
2026-03-27 21:27:02.236,346.750,1142,-4,15,0,0,1,0,0,0,1,0,0
2026-03-27 21:27:02.347,346.861,1141,-4,13,0,0,1,0,0,0,1,0,0
2026-03-27 21:27:02.349,346.863,1141,-4,12,0,0,1,0,0,0,1,0,0
2026-03-27 21:27:02.508,347.022,1142,-4,15,0,0,1,0,0,0,1,0,0
2026-03-27 21:27:02.620,347.134,1142,-4,14,0,0,1,0,0,0,1,0,0
2026-03-27 21:27:02.652,347.166,1142,-4,15,0,0,1,0,0,0,1,0,0
2026-03-27 21:27:02.654,347.169,1141,-4,15,0,0,1,0,0,0,1,0,0
2026-03-27 21:27:02.780,347.294,1141,-4,15,0,0,1,0,0,0,1,0,0
2026-03-27 21:27:02.860,347.375,1142,-4,15,0,0,1,0,0,0,1,0,0
2026-03-27 21:27:02.940,347.454,1142,-4,15,0,0,1,0,0,0,1,0,0
2026-03-27 21:27:02.942,347.456,1142,-4,15,0,0,1,0,0,0,1,0,0
2026-03-27 21:27:03.084,347.598,1142,-4,15,0,0,1,0,0,0,1,0,0
2026-03-27 21:27:03.099,347.613,1142,-4,15,0,0,1,0,0,0,1,0,0
2026-03-27 21:27:03.101,347.615,1142,-4,15,0,0,1,0,0,0,1,0,0
2026-03-27 21:27:03.197,347.711,1142,-1,15,0,0,1,0,0,0,1,0,0
2026-03-27 21:27:03.324,347.838,1142,-4,15,0,0,1,0,0,0,1,0,0
2026-03-27 21:27:03.340,347.854,1142,-4,15,0,0,1,0,0,0,1,0,0
2026-03-27 21:27:03.660,348.174,1142,-1,15,0,0,1,0,0,0,1,0,0
2026-03-27 21:27:03.661,348.175,1142,-2,15,0,0,1,0,0,0,1,0,0
2026-03-27 21:27:03.755,348.269,1142,-4,15,0,0,1,0,0,0,1,0,0
2026-03-27 21:27:03.756,348.270,1142,-4,15,0,0,1,0,0,0,1,0,0
2026-03-27 21:27:03.932,348.446,1142,-5,15,0,0,1,0,0,0,1,0,0
2026-03-27 21:27:04.060,348.574,1142,-4,15,0,0,1,0,0,0,1,0,0
2026-03-27 21:27:04.124,348.638,1141,-4,15,0,0,1,0,0,0,1,0,0
2026-03-27 21:27:04.236,348.750,1142,-4,15,0,0,1,0,0,0,1,0,0
2026-03-27 21:27:04.348,348.862,1142,-4,15,0,0,1,0,0,0,1,0,0
2026-03-27 21:27:04.460,348.974,1142,-4,15,0,0,1,0,0,0,1,0,0
2026-03-27 21:27:04.588,349.102,1142,-4,15,0,0,1,0,0,0,1,0,0
2026-03-27 21:27:04.716,349.230,1142,-4,15,0,0,1,0,0,0,1,0,0
2026-03-27 21:27:04.732,349.246,1142,-5,15,0,0,1,0,0,0,1,0,0
2026-03-27 21:27:04.733,349.247,1142,-4,15,0,0,1,0,0,0,1,0,0
2026-03-27 21:27:04.908,349.422,1141,-5,15,0,0,1,0,0,0,1,0,0
2026-03-27 21:27:04.924,349.438,1141,-4,15,0,0,1,0,0,0,1,0,0
2026-03-27 21:27:05.036,349.550,1142,-2,15,0,0,1,0,0,0,1,0,0
2026-03-27 21:27:05.068,349.582,1141,-4,15,0,0,1,0,0,0,1,0,0
2026-03-27 21:27:05.212,349.726,1143,-4,15,0,0,1,0,0,0,1,0,0
2026-03-27 21:27:05.340,349.854,1142,-4,15,0,0,1,0,0,0,1,0,0
2026-03-27 21:27:05.356,349.870,1142,-4,15,0,0,1,0,0,0,1,0,0
2026-03-27 21:27:05.468,349.982,1141,-1,15,0,0,1,0,0,0,1,0,0
2026-03-27 21:27:05.516,350.030,1142,-4,15,0,0,1,0,0,0,1,0,0
2026-03-27 21:27:05.691,350.205,1143,-4,15,0,0,1,0,0,0,1,0,0
2026-03-27 21:27:05.740,350.254,1142,-4,15,0,0,1,0,0,0,1,0,0
2026-03-27 21:27:05.868,350.382,1141,-4,15,0,0,1,0,0,0,1,0,0
2026-03-27 21:27:06.012,350.526,1142,-4,15,0,0,1,0,0,0,1,0,0
2026-03-27 21:27:06.091,350.606,1143,-5,15,0,0,1,0,0,0,1,0,0
2026-03-27 21:27:06.156,350.670,1142,-4,15,0,0,1,0,0,0,1,0,0
2026-03-27 21:27:06.251,350.765,1141,-4,15,0,0,1,0,0,0,1,0,0
2026-03-27 21:27:06.267,350.781,1142,-4,15,0,0,1,0,0,0,1,0,0
2026-03-27 21:27:06.269,350.783,1141,-4,15,0,0,1,0,0,0,1,0,0
2026-03-27 21:27:06.396,350.910,1142,-4,15,0,0,1,0,0,0,1,0,0
2026-03-27 21:27:06.477,350.991,1142,-2,15,0,0,1,0,0,0,1,0,0
2026-03-27 21:27:06.667,351.182,1142,-4,15,0,0,1,0,0,0,1,0,0
2026-03-27 21:27:06.669,351.183,1142,-4,15,0,0,1,0,0,0,1,0,0
2026-03-27 21:27:06.669,351.184,1142,0,0,0,0,0,0,0,0,0,0,0
2026-03-27 21:27:06.671,351.185,1142,-4,15,0,0,1,0,0,0,1,0,0
2026-03-27 21:27:06.748,351.262,1142,-2,15,0,0,1,0,0,0,1,0,0
2026-03-27 21:27:06.859,351.374,1141,-4,15,0,0,1,0,0,0,1,0,0
2026-03-27 21:27:06.924,351.438,1142,-4,15,0,0,1,0,0,0,1,0,0
2026-03-27 21:27:07.084,351.598,1142,-4,15,0,0,1,0,0,0,1,0,0
2026-03-27 21:27:07.148,351.662,1141,-4,15,0,0,1,0,0,0,1,0,0
2026-03-27 21:27:07.180,351.694,1143,-4,15,0,0,1,0,0,0,1,0,0
2026-03-27 21:27:07.196,351.710,1143,-4,15,0,0,1,0,0,0,1,0,0
2026-03-27 21:27:07.197,351.711,1142,0,0,0,0,0,0,0,0,0,0,0
2026-03-27 21:27:07.198,351.712,1142,-1,15,0,0,1,0,0,0,1,0,0
2026-03-27 21:27:07.308,351.822,1143,-2,15,0,0,1,0,0,0,1,0,0
2026-03-27 21:27:07.468,351.982,1142,-1,15,0,0,1,0,0,0,1,0,0
2026-03-27 21:27:07.469,351.984,1142,-2,15,0,0,1,0,0,0,1,0,0
2026-03-27 21:27:07.547,352.061,1141,-4,15,0,0,1,0,0,0,1,0,0
2026-03-27 21:27:07.564,352.078,1141,-1,15,0,0,1,0,0,0,1,0,0
2026-03-27 21:27:07.724,352.238,1141,-4,15,0,0,1,0,0,0,1,0,1
2026-03-27 21:27:07.726,352.240,1141,-4,15,0,0,1,0,0,0,1,0,1
2026-03-27 21:27:07.755,352.269,1142,-4,15,0,0,1,0,0,0,1,0,1
2026-03-27 21:27:07.758,352.272,1143,-4,15,0,0,1,0,0,0,1,0,1
2026-03-27 21:27:07.900,352.414,1143,-4,15,0,0,1,0,0,0,1,0,1
2026-03-27 21:27:07.902,352.416,1141,-5,15,0,0,1,0,0,0,1,0,1
2026-03-27 21:27:08.028,352.542,1141,-4,15,0,0,1,0,0,0,1,0,1
2026-03-27 21:27:08.155,352.670,1143,-4,15,0,0,1,0,0,0,1,0,1
2026-03-27 21:27:08.157,352.671,1143,-4,12,0,0,1,0,0,0,1,0,1
2026-03-27 21:27:08.252,352.766,1143,-4,12,0,0,1,0,0,0,1,0,1
2026-03-27 21:27:08.347,352.861,1142,-4,15,0,0,1,0,0,0,1,0,1
2026-03-27 21:27:08.508,353.022,1142,-1,15,0,0,1,0,0,0,1,0,1
2026-03-27 21:27:08.603,353.118,1143,-4,15,0,0,1,0,0,0,1,0,1
2026-03-27 21:27:08.605,353.119,1143,-4,15,0,0,1,0,1,0,0,0,0
2026-03-27 21:27:08.620,353.134,1142,-4,15,0,0,1,0,0,0,1,0,1
2026-03-27 21:27:08.700,353.214,1142,-2,15,0,0,1,0,0,0,1,0,1
2026-03-27 21:27:08.763,353.278,1142,-4,15,0,0,1,0,0,0,1,0,1
2026-03-27 21:27:08.876,353.390,1142,-4,15,0,0,1,0,0,0,1,0,1
2026-03-27 21:27:08.955,353.470,1142,-1,15,0,0,1,0,0,0,1,0,1
2026-03-27 21:27:09.020,353.534,1142,-5,15,0,0,1,0,0,0,1,0,1
2026-03-27 21:27:09.211,353.725,1142,-4,15,0,0,1,0,0,0,1,0,1
2026-03-27 21:27:09.243,353.758,1141,-4,15,0,0,1,0,0,0,1,0,1
2026-03-27 21:27:09.404,353.918,1142,-4,15,0,0,1,0,0,0,1,0,1
2026-03-27 21:27:09.499,354.013,1141,-4,15,0,0,1,0,0,0,1,0,1
2026-03-27 21:27:09.515,354.029,1141,-4,15,0,0,1,0,0,0,1,0,1
2026-03-27 21:27:09.627,354.141,1142,-4,15,0,0,1,0,0,0,1,0,0
2026-03-27 21:27:09.707,354.222,1142,-4,15,0,0,1,0,0,0,1,0,0
2026-03-27 21:27:09.851,354.365,1142,-1,15,0,0,1,0,0,0,1,0,0
2026-03-27 21:27:09.899,354.413,1142,-4,15,0,0,1,0,0,0,1,0,0
2026-03-27 21:27:10.027,354.542,1142,-4,15,0,0,1,0,0,0,1,0,0
2026-03-27 21:27:10.155,354.669,1141,-4,15,0,0,1,0,0,0,1,0,0
2026-03-27 21:27:10.203,354.717,1142,-2,15,0,0,1,0,0,0,1,0,0
2026-03-27 21:27:10.206,354.720,1142,-4,15,0,0,1,0,0,0,1,0,0
2026-03-27 21:27:10.396,354.910,1142,-4,15,0,0,1,0,0,0,1,0,0
2026-03-27 21:27:10.459,354.974,1142,-2,15,0,0,1,0,0,0,1,0,0
2026-03-27 21:27:10.475,354.989,1141,-4,15,0,0,1,0,0,0,1,0,0
2026-03-27 21:27:10.604,355.118,1141,-4,15,0,0,1,0,0,0,1,0,0
2026-03-27 21:27:10.763,355.277,1142,-1,15,0,0,1,0,0,0,1,0,0
2026-03-27 21:27:10.811,355.325,1142,-4,15,0,0,1,0,0,0,1,0,0
2026-03-27 21:27:10.813,355.327,1142,-5,15,0,0,1,0,0,0,1,0,0
2026-03-27 21:27:10.815,355.329,1142,-4,15,0,0,1,0,0,0,1,0,0
2026-03-27 21:27:10.939,355.454,1142,-4,15,0,0,1,0,0,0,1,0,0
2026-03-27 21:27:11.019,355.533,1142,-1,15,0,0,1,0,0,0,1,0,0
2026-03-27 21:27:11.163,355.677,1142,-4,15,0,0,1,0,0,0,1,0,0
2026-03-27 21:27:11.164,355.678,1142,-4,15,0,0,1,0,0,0,1,0,0
2026-03-27 21:27:11.275,355.790,1141,-4,15,0,0,1,0,0,0,1,0,0
2026-03-27 21:27:11.277,355.791,1142,-1,14,0,0,1,0,0,0,1,0,0
2026-03-27 21:27:11.323,355.837,1142,-4,15,0,0,1,0,0,0,1,0,0
2026-03-27 21:27:11.339,355.853,1142,-4,15,0,0,1,0,0,0,1,0,0
2026-03-27 21:27:11.404,355.918,1142,-4,12,0,0,1,0,0,0,1,0,0
2026-03-27 21:27:11.484,355.998,1142,-4,15,0,0,1,0,0,0,1,0,0
2026-03-27 21:27:11.487,356.001,1142,-4,15,0,0,1,0,0,0,1,0,0
2026-03-27 21:27:11.612,356.126,1142,-4,15,0,0,1,0,0,0,1,0,0
2026-03-27 21:27:11.740,356.254,1141,-4,15,0,0,1,0,0,0,1,0,0
2026-03-27 21:27:11.741,356.255,1141,-4,15,0,0,1,0,0,0,1,0,0
2026-03-27 21:27:11.756,356.271,1141,-4,15,0,0,1,0,0,0,1,0,0
2026-03-27 21:27:11.803,356.317,1142,-4,15,0,0,1,0,0,0,1,0,0
2026-03-27 21:27:11.980,356.494,1142,-4,15,0,0,1,0,0,0,1,0,0
2026-03-27 21:27:11.996,356.510,1142,-4,15,0,0,1,0,0,0,1,0,0
2026-03-27 21:27:12.060,356.574,1142,-4,15,0,0,1,0,0,0,1,0,0
2026-03-27 21:27:12.062,356.576,1143,-4,15,0,0,1,0,0,0,1,0,0
2026-03-27 21:27:12.091,356.606,1143,-4,15,0,0,1,0,0,0,1,0,0
2026-03-27 21:27:12.299,356.813,1142,-4,15,0,0,1,0,0,0,1,0,0
2026-03-27 21:27:12.396,356.910,1142,-4,15,0,0,1,0,0,0,1,0,0
2026-03-27 21:27:12.412,356.926,1141,-4,15,0,0,1,0,0,0,1,0,0
2026-03-27 21:27:12.459,356.973,1142,-4,15,0,0,1,0,0,0,1,0,0
2026-03-27 21:27:12.604,357.118,1141,-4,15,0,0,1,0,0,0,1,0,0
2026-03-27 21:27:12.651,357.165,1142,-4,15,0,0,1,0,0,0,1,0,0
2026-03-27 21:27:12.652,357.166,1142,-4,15,0,0,1,0,0,0,1,0,0
2026-03-27 21:27:12.653,357.167,110,0,0,0,0,0,0,0,0,0,0,0
2026-03-27 21:27:12.667,357.181,1143,-4,15,0,0,1,0,0,0,1,0,0
2026-03-27 21:27:12.780,357.294,1142,-4,15,0,0,1,0,0,0,1,0,0
2026-03-27 21:27:12.781,357.295,1142,-4,15,0,0,1,0,0,0,0,0,0
2026-03-27 21:27:12.782,357.297,1142,-4,15,0,0,1,0,0,0,1,0,0
2026-03-27 21:27:12.860,357.375,1142,-4,15,0,0,1,0,0,0,1,0,0
2026-03-27 21:27:12.877,357.391,1141,-4,15,0,0,1,0,0,0,1,0,0
2026-03-27 21:27:12.924,357.438,1141,-4,15,0,0,1,0,0,0,1,0,0
2026-03-27 21:27:13.052,357.566,1141,-4,15,0,0,1,0,0,0,1,0,0
2026-03-27 21:27:13.054,357.568,1141,-4,15,0,0,1,0,0,0,1,0,0
2026-03-27 21:27:13.195,357.709,1142,-4,15,0,0,1,0,0,0,1,0,0
2026-03-27 21:27:13.291,357.806,1141,-4,15,0,0,1,0,0,0,1,0,0
2026-03-27 21:27:13.307,357.822,1142,-4,15,0,0,1,0,0,0,1,0,0
2026-03-27 21:27:13.387,357.902,1142,-4,15,0,0,1,0,0,0,1,0,0
2026-03-27 21:27:13.390,357.904,1142,-4,15,0,0,1,0,0,0,1,0,0
2026-03-27 21:27:13.484,357.998,1142,-4,15,0,0,1,0,0,0,1,0,0
2026-03-27 21:27:13.548,358.062,1142,-5,15,0,0,1,0,0,0,1,0,0
2026-03-27 21:27:13.551,358.065,1141,-4,15,0,0,1,0,0,0,1,0,0
2026-03-27 21:27:13.660,358.174,1141,-4,15,0,0,1,0,0,0,1,0,0
2026-03-27 21:27:13.820,358.334,1142,-4,15,0,0,1,0,0,0,1,0,0
2026-03-27 21:27:13.851,358.365,1142,-4,15,0,0,1,0,0,0,1,0,0
2026-03-27 21:27:13.947,358.461,1142,-4,15,0,0,1,0,0,0,1,0,0
2026-03-27 21:27:13.948,358.462,1142,-4,15,0,0,1,0,0,0,1,0,0
2026-03-27 21:27:14.027,358.541,1143,-4,15,0,0,1,0,0,0,1,0,0
2026-03-27 21:27:14.140,358.654,1142,-2,15,0,0,1,0,0,0,1,0,0
2026-03-27 21:27:14.251,358.765,1141,-4,15,0,0,1,0,0,0,1,0,0
2026-03-27 21:27:14.252,358.766,1141,-4,15,0,0,1,0,0,0,1,0,0
2026-03-27 21:27:14.331,358.845,1141,-4,15,0,0,1,0,0,0,1,0,0
2026-03-27 21:27:14.347,358.861,1142,-4,15,0,0,1,0,0,0,1,0,0
2026-03-27 21:27:14.507,359.021,1142,-4,15,0,0,1,0,0,0,1,0,0
2026-03-27 21:27:14.523,359.037,1142,-4,15,0,0,1,0,0,0,1,0,0
2026-03-27 21:27:14.796,359.310,1142,-4,15,0,0,1,0,0,0,1,0,0
2026-03-27 21:27:14.798,359.312,1142,-4,15,0,0,1,0,0,0,1,0,0
2026-03-27 21:27:14.891,359.405,1142,-4,15,0,0,1,0,0,0,1,0,0
2026-03-27 21:27:14.987,359.501,1141,-5,15,0,0,1,0,0,0,1,0,0
2026-03-27 21:27:14.988,359.503,1142,-4,15,0,0,1,0,0,0,1,0,0
2026-03-27 21:27:15.051,359.565,1142,-4,15,0,0,1,0,0,0,1,0,0
2026-03-27 21:27:15.132,359.646,1141,-4,15,0,0,1,0,0,0,1,0,0
2026-03-27 21:27:15.323,359.837,1142,-4,15,0,0,1,0,0,0,1,0,0
2026-03-27 21:27:15.371,359.885,1142,-4,15,0,0,1,0,0,0,1,0,0
2026-03-27 21:27:15.499,360.013,1142,-4,15,0,0,1,0,0,0,1,0,0
2026-03-27 21:27:15.563,360.077,1142,-2,15,0,0,1,0,0,0,1,0,0
2026-03-27 21:27:15.579,360.093,1142,-4,15,0,0,1,0,0,0,1,0,0
2026-03-27 21:27:15.675,360.189,1142,-4,15,0,0,1,0,0,0,1,0,0
2026-03-27 21:27:15.723,360.237,1142,-4,15,0,0,1,0,0,0,1,0,0
2026-03-27 21:27:15.852,360.366,1142,-5,15,0,0,1,0,0,0,1,0,0
2026-03-27 21:27:16.027,360.541,1143,-2,15,0,0,1,0,0,0,1,0,0
2026-03-27 21:27:16.107,360.622,1142,-4,15,0,0,1,0,0,0,1,0,0
2026-03-27 21:27:16.171,360.685,1142,-4,15,0,0,1,0,0,0,1,0,0
2026-03-27 21:27:16.331,360.845,1141,-4,15,0,0,1,0,0,0,1,0,0
2026-03-27 21:27:16.332,360.846,1142,-4,15,0,0,1,0,0,0,1,0,0
2026-03-27 21:27:16.443,360.957,1142,-4,15,0,0,1,0,0,0,1,0,0
2026-03-27 21:27:16.507,361.021,1142,-4,15,0,0,1,0,0,0,1,0,0
2026-03-27 21:27:16.618,361.132,1142,-4,15,0,0,1,0,0,0,1,0,0
2026-03-27 21:27:16.620,361.134,1143,-4,15,0,0,1,0,0,0,1,0,0
2026-03-27 21:27:16.622,361.136,1142,-5,15,0,0,1,0,0,0,1,0,0
2026-03-27 21:27:16.731,361.245,1142,-4,15,0,0,1,0,0,0,1,0,0
2026-03-27 21:27:16.843,361.357,1142,-1,12,0,0,1,0,0,0,1,0,0
2026-03-27 21:27:17.051,361.566,1142,-4,15,0,0,1,0,0,0,1,0,0
2026-03-27 21:27:17.179,361.693,1141,-2,15,0,0,1,0,0,0,1,0,0
2026-03-27 21:27:17.180,361.694,1142,-2,15,0,0,1,0,0,0,1,0,0
2026-03-27 21:27:17.275,361.789,1142,-4,14,0,0,1,0,0,0,1,0,0
2026-03-27 21:27:17.277,361.791,1142,-4,15,0,0,1,0,0,0,1,0,0
2026-03-27 21:27:17.278,361.792,1142,-4,15,0,0,1,0,0,0,1,0,0
2026-03-27 21:27:17.404,361.918,1142,-4,15,0,0,1,0,0,0,1,0,0
2026-03-27 21:27:17.499,362.013,1141,-4,15,0,0,1,0,0,0,1,0,0
2026-03-27 21:27:17.595,362.109,1141,-4,15,0,0,1,0,0,0,1,0,0
2026-03-27 21:27:17.707,362.221,1142,-4,15,0,0,1,0,0,0,1,0,0
2026-03-27 21:27:17.836,362.350,1141,-4,15,0,0,1,0,0,0,1,0,0
2026-03-27 21:27:17.964,362.478,1142,-4,15,0,0,1,0,0,1,1,0,0
2026-03-27 21:27:17.979,362.493,1142,-5,15,0,0,1,0,0,1,1,0,0
2026-03-27 21:27:18.043,362.557,1142,-5,15,0,0,1,0,0,1,1,0,0
2026-03-27 21:27:18.123,362.637,1141,-5,15,0,0,1,0,0,1,1,0,0
2026-03-27 21:27:18.125,362.639,1142,-5,12,0,0,1,0,0,1,1,0,0
2026-03-27 21:27:18.219,362.734,1142,-4,15,0,0,1,0,0,1,1,0,0
2026-03-27 21:27:18.236,362.750,1141,-4,15,0,0,1,0,0,1,1,0,0
2026-03-27 21:27:18.331,362.845,1142,-4,15,0,0,1,0,0,1,1,0,0
2026-03-27 21:27:18.443,362.957,1142,-5,15,0,0,1,0,0,1,1,0,0
2026-03-27 21:27:18.444,362.958,1142,-5,15,0,0,1,0,0,1,1,0,0
2026-03-27 21:27:18.603,363.117,1142,-5,15,0,0,1,0,0,1,1,0,0
2026-03-27 21:27:18.635,363.149,1142,-5,15,0,0,1,0,0,1,1,0,0
2026-03-27 21:27:18.747,363.261,1141,-5,15,0,0,1,0,0,1,1,0,0
2026-03-27 21:27:18.891,363.405,1141,-5,15,0,0,1,0,0,1,1,0,0
2026-03-27 21:27:18.971,363.485,1142,-4,15,0,0,1,0,0,1,1,0,0
2026-03-27 21:27:18.987,363.501,1141,-5,15,0,0,1,0,0,1,1,0,0
2026-03-27 21:27:19.066,363.580,1142,-2,15,0,0,1,0,0,1,1,0,0
2026-03-27 21:27:19.083,363.597,1142,-2,15,0,0,1,0,0,1,1,0,0
2026-03-27 21:27:19.163,363.677,1142,-5,14,0,0,1,0,0,1,1,0,0
2026-03-27 21:27:19.275,363.790,1142,-4,15,0,0,1,0,0,1,1,0,0
2026-03-27 21:27:19.387,363.901,1141,-4,15,0,0,1,0,0,1,1,0,0
2026-03-27 21:27:19.467,363.981,1141,-4,15,0,0,1,0,0,1,1,0,0
2026-03-27 21:27:19.595,364.109,1141,-4,15,0,0,1,0,0,1,1,0,0
2026-03-27 21:27:19.597,364.111,1141,-5,15,0,0,1,0,0,1,1,0,0
2026-03-27 21:27:19.692,364.206,1142,-5,15,0,0,1,0,0,1,1,0,0
2026-03-27 21:27:19.707,364.221,1142,-5,15,0,0,1,0,0,1,1,0,0
2026-03-27 21:27:19.803,364.317,1143,-4,15,0,0,1,0,0,1,1,0,0
2026-03-27 21:27:19.804,364.318,1142,-5,15,0,0,1,0,0,1,1,0,0
2026-03-27 21:27:19.915,364.429,1142,-4,15,0,0,1,0,0,1,1,0,0
2026-03-27 21:27:19.917,364.431,1142,-5,15,0,0,1,0,0,1,1,0,0
2026-03-27 21:27:20.012,364.526,1142,-5,15,0,0,1,0,0,1,1,0,0
2026-03-27 21:27:20.123,364.638,1141,-5,15,0,0,1,0,0,1,1,0,0
2026-03-27 21:27:20.235,364.750,1141,-5,15,0,0,1,0,0,1,1,0,0
2026-03-27 21:27:20.252,364.766,1141,-4,15,0,0,1,0,0,1,1,0,0
2026-03-27 21:27:20.332,364.846,1141,-5,15,0,0,1,0,0,1,1,0,0
2026-03-27 21:27:20.396,364.910,1142,-5,15,0,0,1,0,0,1,1,0,0
2026-03-27 21:27:20.540,365.054,1142,-4,15,0,0,1,0,0,1,1,0,0
2026-03-27 21:27:20.651,365.165,1141,-4,15,0,0,1,0,0,1,1,0,0
2026-03-27 21:27:20.763,365.277,1141,-5,14,0,0,1,0,0,1,1,0,0
2026-03-27 21:27:20.875,365.389,1141,-4,15,0,0,1,0,0,1,1,0,0
2026-03-27 21:27:21.019,365.533,1142,-5,15,0,0,1,0,0,1,1,0,0
2026-03-27 21:27:21.116,365.630,1142,-5,15,0,0,1,0,0,1,1,0,0
2026-03-27 21:27:21.179,365.693,1142,-4,15,0,0,1,0,0,1,1,0,0
2026-03-27 21:27:21.181,365.695,1143,-4,15,0,0,1,0,0,1,1,0,0
2026-03-27 21:27:21.307,365.821,1142,-5,15,0,0,1,0,0,1,1,0,0
2026-03-27 21:27:21.308,365.822,1144,-5,15,0,0,1,0,0,1,1,0,0
2026-03-27 21:27:21.309,365.823,1,0,0,0,0,0,0,0,1,1,0,0
2026-03-27 21:27:21.418,365.932,1142,-5,15,0,0,1,0,0,1,1,0,0
2026-03-27 21:27:21.420,365.934,1142,-5,15,0,0,1,0,0,1,1,0,0
2026-03-27 21:27:21.515,366.029,1141,-5,14,0,0,1,0,0,1,1,0,0
2026-03-27 21:27:21.517,366.031,1142,-5,14,0,0,1,0,0,1,1,0,0
2026-03-27 21:27:21.691,366.205,1142,-4,15,0,0,1,0,0,1,1,0,0
2026-03-27 21:27:21.707,366.221,1142,-4,15,0,0,1,0,0,1,1,0,0
2026-03-27 21:27:21.723,366.237,1142,-5,15,0,0,1,0,0,1,1,0,0
2026-03-27 21:27:21.819,366.333,1142,-5,15,0,0,1,0,0,1,1,0,0
2026-03-27 21:27:21.899,366.413,1142,-5,15,0,0,1,0,0,1,1,0,0
2026-03-27 21:27:21.901,366.415,1141,-2,15,0,0,1,0,0,1,1,0,0
2026-03-27 21:27:22.011,366.525,1141,-2,15,0,0,1,0,0,1,1,0,0
2026-03-27 21:27:22.154,366.668,1142,-5,12,0,0,1,0,0,1,1,0,0
2026-03-27 21:27:22.203,366.717,1141,-5,15,0,0,1,0,0,1,1,0,0
2026-03-27 21:27:22.363,366.877,1143,-5,15,0,0,1,0,0,1,1,0,0
2026-03-27 21:27:22.554,367.069,1142,-5,15,0,0,1,0,0,1,1,0,0
2026-03-27 21:27:22.556,367.070,1142,-5,15,0,0,1,0,0,1,1,0,0
2026-03-27 21:27:22.699,367.213,1142,-5,15,0,0,1,0,0,1,1,0,0
2026-03-27 21:27:22.794,367.309,1142,-4,15,0,0,1,0,0,0,1,0,0
2026-03-27 21:27:22.955,367.469,1142,-5,15,0,0,1,0,0,0,1,0,0
2026-03-27 21:27:23.018,367.532,1141,-1,15,0,0,1,0,0,0,1,0,0
2026-03-27 21:27:23.114,367.628,1142,-3,15,0,0,1,0,0,0,1,0,0
2026-03-27 21:27:23.131,367.645,1142,-4,15,0,0,1,0,0,0,1,0,0
2026-03-27 21:27:23.210,367.724,1143,-1,15,0,0,1,0,0,0,1,0,0
2026-03-27 21:27:23.307,367.821,1141,-4,13,0,0,1,0,0,0,1,0,0
2026-03-27 21:27:23.386,367.900,1141,-4,15,0,0,1,0,0,0,1,0,0
2026-03-27 21:27:23.515,368.029,1141,-4,15,0,0,1,0,0,0,1,0,0
2026-03-27 21:27:23.627,368.141,1141,-4,15,0,0,1,0,0,0,1,0,0
2026-03-27 21:27:23.755,368.269,1142,-4,15,0,0,1,0,0,0,1,0,0
2026-03-27 21:27:23.850,368.364,1142,-4,15,0,0,1,0,0,0,1,0,0
2026-03-27 21:27:23.947,368.461,1142,-4,15,0,0,1,0,0,0,1,0,0
2026-03-27 21:27:24.042,368.556,1142,-2,15,0,0,1,0,0,0,1,0,0
2026-03-27 21:27:24.122,368.637,1141,-4,15,0,0,1,0,0,0,1,0,0
2026-03-27 21:27:24.283,368.797,1142,-4,15,0,0,1,0,0,0,1,0,0
2026-03-27 21:27:24.379,368.893,1142,-4,15,0,0,1,0,0,0,1,0,0
2026-03-27 21:27:24.459,368.973,1142,-4,15,0,0,1,0,0,0,1,0,0
2026-03-27 21:27:24.587,369.101,1142,-4,15,0,0,1,0,0,0,1,0,0
2026-03-27 21:27:24.714,369.228,1141,-4,15,0,0,1,0,0,0,1,0,0
2026-03-27 21:27:24.810,369.324,1141,-4,15,0,0,1,0,0,0,1,0,0
2026-03-27 21:27:24.938,369.452,1141,-4,15,0,0,1,0,0,0,1,0,0
2026-03-27 21:27:25.018,369.533,1141,-4,12,0,0,1,0,0,0,1,0,0
2026-03-27 21:27:25.020,369.534,1142,-5,13,0,0,1,0,0,0,1,0,0
2026-03-27 21:27:25.130,369.645,1142,-1,15,0,0,1,0,0,0,1,0,0
2026-03-27 21:27:25.259,369.773,1142,-4,15,0,0,1,0,0,0,1,0,0
2026-03-27 21:27:25.339,369.853,1142,-4,15,0,0,1,0,0,0,1,0,0
2026-03-27 21:27:25.451,369.965,1141,-4,15,0,0,1,0,0,0,1,0,0
2026-03-27 21:27:25.579,370.093,1141,-4,15,0,0,1,0,0,0,1,0,0
2026-03-27 21:27:25.739,370.253,1141,-4,15,0,0,1,0,0,0,1,0,0
2026-03-27 21:27:25.771,370.285,1142,-4,15,0,0,1,0,0,0,1,0,0
2026-03-27 21:27:25.835,370.349,1142,-4,15,0,0,1,0,0,0,1,0,0
2026-03-27 21:27:26.043,370.557,1142,-4,15,0,0,1,0,0,0,1,0,0
2026-03-27 21:27:26.061,370.575,1141,-4,15,0,0,1,0,0,0,1,0,0
2026-03-27 21:27:26.076,370.590,1142,-2,15,0,0,1,0,0,0,1,0,0
2026-03-27 21:27:26.203,370.717,1142,-4,15,0,0,1,0,0,0,1,0,0
2026-03-27 21:27:26.299,370.813,1141,-4,12,0,0,1,0,0,0,1,0,0
2026-03-27 21:27:26.426,370.941,1142,-4,15,0,0,1,0,0,0,1,0,0
2026-03-27 21:27:26.506,371.021,1142,-4,15,0,0,1,0,0,0,1,0,0
2026-03-27 21:27:26.524,371.038,1142,-4,15,0,0,1,0,0,0,1,0,0
2026-03-27 21:27:26.650,371.164,1142,-4,15,0,0,1,0,0,0,1,0,0
2026-03-27 21:27:26.747,371.261,1141,-4,15,0,0,1,0,0,0,1,0,0
2026-03-27 21:27:26.748,371.262,1141,-4,15,0,0,1,0,0,0,1,0,0
2026-03-27 21:27:26.749,371.263,0,0,0,0,0,0,0,0,0,0,0,0
2026-03-27 21:27:26.810,371.324,1141,-4,15,0,0,1,0,0,0,1,0,0
2026-03-27 21:27:26.811,371.325,1142,-4,15,0,0,1,0,0,0,1,0,0
2026-03-27 21:27:26.971,371.486,1142,-5,15,0,0,1,0,0,0,1,0,0
2026-03-27 21:27:27.066,371.581,1142,-4,15,0,0,1,0,0,0,1,0,0
2026-03-27 21:27:27.147,371.661,1142,-4,15,0,0,1,0,0,0,1,0,0
2026-03-27 21:27:27.226,371.741,1143,-4,15,0,0,1,0,0,0,1,0,0
2026-03-27 21:27:27.229,371.743,1141,-4,15,0,0,1,0,0,0,1,0,0
2026-03-27 21:27:27.403,371.917,1141,-4,15,0,0,1,0,0,0,1,0,0
2026-03-27 21:27:27.404,371.919,1141,-4,15,0,0,1,0,0,0,1,0,0
2026-03-27 21:27:27.467,371.981,1141,-4,15,0,0,1,0,0,0,1,0,0
2026-03-27 21:27:27.594,372.108,1142,-4,15,0,0,1,0,0,0,1,0,0
2026-03-27 21:27:27.595,372.109,1142,-4,15,0,0,1,0,0,0,1,0,0
2026-03-27 21:27:27.755,372.269,1141,-4,15,0,0,1,0,0,0,1,0,0
2026-03-27 21:27:27.757,372.271,1142,-1,15,0,0,1,0,0,0,1,0,0
2026-03-27 21:27:27.883,372.397,1142,-1,15,0,0,1,0,0,0,1,0,0
2026-03-27 21:27:27.978,372.492,1142,-4,15,0,0,1,0,0,0,1,0,0
2026-03-27 21:27:28.090,372.604,1141,-3,15,0,0,1,0,0,0,1,0,0
2026-03-27 21:27:28.218,372.732,1141,-1,15,0,0,1,0,0,0,1,0,0
2026-03-27 21:27:28.250,372.764,1141,-4,15,0,0,1,0,0,0,1,0,0
2026-03-27 21:27:28.379,372.893,1142,-4,15,0,0,1,0,0,0,1,0,0
2026-03-27 21:27:28.571,373.085,1142,-4,15,0,0,1,0,0,0,1,0,0
2026-03-27 21:27:28.731,373.245,1141,-4,15,0,0,1,0,0,0,1,0,0
2026-03-27 21:27:28.842,373.356,1141,-4,15,0,0,1,0,0,0,1,0,0
2026-03-27 21:27:28.970,373.484,1142,-4,15,0,0,1,0,0,0,1,0,0
2026-03-27 21:27:29.050,373.564,1142,-4,15,0,0,1,0,0,0,1,0,0
2026-03-27 21:27:29.227,373.741,1142,-4,15,0,0,1,0,0,0,1,0,0
2026-03-27 21:27:29.230,373.744,1142,-4,15,0,0,1,0,0,0,1,0,0
2026-03-27 21:27:29.307,373.822,1142,-4,15,0,0,1,0,0,0,1,0,0
2026-03-27 21:27:29.309,373.823,1142,-4,15,0,1,1,0,0,0,0,0,0
2026-03-27 21:27:29.386,373.900,1141,-4,15,0,0,1,0,0,1,1,0,0
2026-03-27 21:27:29.388,373.902,1142,-5,15,0,0,1,0,0,1,1,0,0
2026-03-27 21:27:29.530,374.044,1141,-2,15,0,0,1,0,0,1,1,0,0
2026-03-27 21:27:29.643,374.157,1142,-4,15,0,0,1,0,0,1,1,0,0
2026-03-27 21:27:29.739,374.253,1142,-4,15,0,0,1,0,0,1,1,0,0
2026-03-27 21:27:29.802,374.316,1142,-5,15,0,0,1,0,0,1,1,0,0
2026-03-27 21:27:29.979,374.493,1141,-5,15,0,0,1,0,0,1,1,0,0
2026-03-27 21:27:29.980,374.494,1141,-5,15,0,0,1,0,0,1,1,0,0
2026-03-27 21:27:30.027,374.541,1142,-5,15,0,0,1,0,0,1,1,0,0
2026-03-27 21:27:30.090,374.604,1141,-5,15,0,0,1,0,0,1,1,0,0
2026-03-27 21:27:30.250,374.764,1141,-5,15,0,0,1,0,0,1,1,0,0
2026-03-27 21:27:30.283,374.797,1142,-5,15,0,0,1,0,0,1,1,0,0
2026-03-27 21:27:30.394,374.908,1143,-5,15,0,0,1,0,0,1,1,0,0
2026-03-27 21:27:30.410,374.924,1143,-5,15,0,0,1,0,0,1,1,0,0
2026-03-27 21:27:30.538,375.052,1142,-5,15,0,0,1,0,0,1,1,0,0
2026-03-27 21:27:30.618,375.132,1141,-5,15,0,0,1,0,0,1,1,0,0
2026-03-27 21:27:30.682,375.196,1141,-4,15,0,0,1,0,0,1,1,0,0
2026-03-27 21:27:30.698,375.212,1141,-2,15,0,0,1,0,0,1,1,0,0
2026-03-27 21:27:30.700,375.214,1141,-5,15,0,0,1,0,0,1,1,0,0
2026-03-27 21:27:30.858,375.372,1141,-5,15,0,0,1,0,0,1,1,0,0
2026-03-27 21:27:30.938,375.452,1142,-5,15,0,0,1,0,0,1,1,0,0
2026-03-27 21:27:31.018,375.532,1142,-4,15,0,0,1,0,0,1,1,0,0
2026-03-27 21:27:31.099,375.613,1142,-5,14,0,0,1,0,0,1,1,0,0
2026-03-27 21:27:31.278,375.792,1142,-5,15,0,0,1,0,0,1,1,0,0
2026-03-27 21:27:31.290,375.804,1141,-5,15,0,0,1,0,0,1,1,0,0
2026-03-27 21:27:31.450,375.964,1142,-5,15,0,0,1,0,0,1,1,0,0
2026-03-27 21:27:31.483,375.997,1142,-4,14,0,0,1,0,0,1,1,0,0
2026-03-27 21:27:31.485,375.999,1142,-4,15,0,0,1,0,0,1,1,0,0
2026-03-27 21:27:31.658,376.172,1142,-5,15,0,0,1,0,0,1,1,0,0
2026-03-27 21:27:31.706,376.220,1142,-5,12,0,0,1,0,0,1,1,0,0
2026-03-27 21:27:31.786,376.300,1141,-5,14,0,0,1,0,0,1,1,0,0
2026-03-27 21:27:31.962,376.476,1142,-5,15,0,0,1,0,0,1,1,0,0
2026-03-27 21:27:32.010,376.524,1142,-4,15,0,0,1,0,0,1,1,0,0
2026-03-27 21:27:32.154,376.668,1142,-5,15,0,0,1,0,0,1,1,0,0
2026-03-27 21:27:32.250,376.764,1142,-5,15,0,0,1,0,0,1,1,0,0
2026-03-27 21:27:32.379,376.893,1142,-2,15,0,0,1,0,0,1,1,0,0
2026-03-27 21:27:32.381,376.895,1141,-5,15,0,0,1,0,0,1,1,0,0
2026-03-27 21:27:32.507,377.021,1141,-5,15,0,0,1,0,0,1,1,0,0
2026-03-27 21:27:32.523,377.037,1141,-5,15,0,0,1,0,0,1,1,0,0
2026-03-27 21:27:32.554,377.068,1142,-5,15,0,0,1,0,0,1,1,0,0
2026-03-27 21:27:32.667,377.181,1142,-5,15,0,0,1,0,0,1,1,0,0
2026-03-27 21:27:32.762,377.276,1141,-5,15,0,0,1,0,0,1,1,0,0
2026-03-27 21:27:32.811,377.325,1142,-4,14,0,0,1,0,0,1,1,0,0
2026-03-27 21:27:32.986,377.500,1142,-5,12,0,0,1,0,0,1,1,0,0
2026-03-27 21:27:33.114,377.628,1142,-4,15,0,0,1,0,0,1,1,0,0
2026-03-27 21:27:33.161,377.675,1141,-5,14,0,0,1,0,0,1,1,0,0
2026-03-27 21:27:33.163,377.677,1141,-5,15,0,0,1,0,0,1,1,0,0
2026-03-27 21:27:33.291,377.805,1141,-5,14,0,0,1,0,0,1,1,0,0
2026-03-27 21:27:33.309,377.823,1141,-5,15,0,0,1,0,0,1,1,0,0
2026-03-27 21:27:33.386,377.900,1141,-5,15,0,0,1,0,0,1,1,0,0
2026-03-27 21:27:33.389,377.903,1142,-2,15,0,0,1,0,0,1,1,0,0
2026-03-27 21:27:33.515,378.029,1142,-5,15,0,0,1,0,0,1,1,0,0
2026-03-27 21:27:33.530,378.045,1142,-4,15,0,0,1,0,0,0,0,0,0
2026-03-27 21:27:33.532,378.046,1142,-4,15,0,0,1,0,0,1,1,0,0
2026-03-27 21:27:33.611,378.125,1142,-4,15,0,0,1,0,0,1,1,0,0
2026-03-27 21:27:33.674,378.188,1141,-5,15,0,0,1,0,0,1,1,0,0
2026-03-27 21:27:33.676,378.190,1142,-4,15,0,0,1,0,0,1,1,0,0
2026-03-27 21:27:33.770,378.284,1142,-5,15,0,0,1,0,0,1,1,0,0
2026-03-27 21:27:33.772,378.286,1141,-4,15,0,0,1,0,0,1,1,0,0
2026-03-27 21:27:33.914,378.428,1141,-4,15,0,0,1,0,0,1,1,0,0
2026-03-27 21:27:33.962,378.476,1142,-2,15,0,0,1,0,0,1,1,0,0
2026-03-27 21:27:33.963,378.477,1142,-5,15,0,0,1,0,0,1,1,0,0
2026-03-27 21:27:34.026,378.541,1142,-5,15,0,0,1,0,0,1,1,0,0
2026-03-27 21:27:34.042,378.556,1142,-5,15,0,0,1,0,0,1,1,0,0
2026-03-27 21:27:34.170,378.684,1142,-5,15,0,0,1,0,0,1,1,0,0
2026-03-27 21:27:34.282,378.796,1143,-5,15,0,0,1,0,0,1,1,0,0
2026-03-27 21:27:34.285,378.799,1141,-4,15,0,0,1,0,0,1,1,0,0
2026-03-27 21:27:34.507,379.021,1141,-5,14,0,0,1,0,0,1,1,0,0
2026-03-27 21:27:34.570,379.084,1141,-5,15,0,0,1,0,0,1,1,0,0
2026-03-27 21:27:34.571,379.085,1142,-5,15,0,0,1,0,0,1,1,0,0
2026-03-27 21:27:34.667,379.181,1142,-4,15,0,0,1,0,0,1,1,0,0
2026-03-27 21:27:34.746,379.260,1142,-2,14,0,0,1,0,0,1,1,0,0
2026-03-27 21:27:34.810,379.324,1142,-5,15,0,0,1,0,0,1,1,0,0
2026-03-27 21:27:34.922,379.436,1142,-4,15,0,0,1,0,0,1,1,0,0
2026-03-27 21:27:35.017,379.532,1141,-5,15,0,0,1,0,0,1,1,0,0
2026-03-27 21:27:35.020,379.534,1141,-5,15,0,0,1,0,0,1,1,0,0
2026-03-27 21:27:35.162,379.676,1142,-4,14,0,0,1,0,0,1,1,0,0
2026-03-27 21:27:35.164,379.678,1141,-5,15,0,0,1,0,0,1,1,0,0
2026-03-27 21:27:35.226,379.741,1141,-5,15,0,0,1,0,0,1,1,0,0
2026-03-27 21:27:35.291,379.805,1141,-5,15,0,0,1,0,0,1,1,0,0
2026-03-27 21:27:35.434,379.948,1142,-5,15,0,0,1,0,0,1,1,0,0
2026-03-27 21:27:35.578,380.092,1142,-5,15,0,0,1,0,0,1,1,0,0
2026-03-27 21:27:35.690,380.204,1142,-5,15,0,0,1,0,0,1,1,0,0
2026-03-27 21:27:35.691,380.206,1142,-5,15,0,0,1,0,0,1,1,0,0
2026-03-27 21:27:35.693,380.208,1141,-5,15,0,0,1,0,0,1,1,0,0
2026-03-27 21:27:35.818,380.332,1141,-5,15,0,0,1,0,0,1,1,0,0
2026-03-27 21:27:35.820,380.335,1141,-2,15,0,0,1,0,0,1,1,0,0
2026-03-27 21:27:35.882,380.396,1142,-2,15,0,0,1,0,0,1,1,0,0
2026-03-27 21:27:35.946,380.460,1141,-4,15,0,0,1,0,0,1,1,0,0
2026-03-27 21:27:36.026,380.540,1142,-4,15,0,0,1,0,0,1,1,0,0
2026-03-27 21:27:36.042,380.556,1143,-5,15,0,0,1,0,0,1,1,0,0
2026-03-27 21:27:36.139,380.653,1142,-5,15,0,0,1,0,0,1,1,0,0
2026-03-27 21:27:36.266,380.781,1142,-4,15,0,0,1,0,0,1,1,0,0
2026-03-27 21:27:36.394,380.908,1141,-4,15,0,0,1,0,0,1,1,0,0
2026-03-27 21:27:36.506,381.020,1141,-4,15,0,0,1,0,0,1,1,0,0
2026-03-27 21:27:36.634,381.148,1143,-5,15,0,0,1,0,0,1,1,0,0
2026-03-27 21:27:36.730,381.244,1142,-5,14,0,0,1,0,0,1,1,0,0
2026-03-27 21:27:36.843,381.357,1142,-4,15,0,0,1,0,0,1,1,0,0
2026-03-27 21:27:36.955,381.469,1142,-5,15,0,0,1,0,0,1,1,0,0
2026-03-27 21:27:37.033,381.547,1141,-5,14,0,0,1,0,0,1,1,0,0
2026-03-27 21:27:37.146,381.660,1141,-5,15,0,0,1,0,0,1,1,0,0
2026-03-27 21:27:37.258,381.772,1141,-5,15,0,0,1,0,0,1,1,0,0
2026-03-27 21:27:37.433,381.948,1142,-5,15,0,0,1,0,0,1,1,0,0
2026-03-27 21:27:37.435,381.949,1142,-5,15,0,0,1,0,0,1,1,0,0
2026-03-27 21:27:37.467,381.981,1142,-5,15,0,0,1,0,0,1,1,0,0
2026-03-27 21:27:37.610,382.124,1142,-5,15,0,0,1,0,0,1,1,0,0
2026-03-27 21:27:37.611,382.125,1142,-4,14,0,0,1,0,0,1,1,0,0
2026-03-27 21:27:37.613,382.127,1141,-5,15,0,0,1,0,0,1,1,0,0
2026-03-27 21:27:37.771,382.285,1141,-5,15,0,0,1,0,0,1,1,0,0
2026-03-27 21:27:37.787,382.301,1141,-5,15,0,0,1,0,0,1,1,0,0
2026-03-27 21:27:37.946,382.460,1141,-5,15,0,0,1,0,0,1,1,0,0
2026-03-27 21:27:37.962,382.476,1142,-5,15,0,0,1,0,0,1,1,0,0
2026-03-27 21:27:38.058,382.572,1142,-4,15,0,0,1,0,0,1,1,0,0
2026-03-27 21:27:38.202,382.716,1142,-5,15,0,0,1,0,0,1,1,0,0
2026-03-27 21:27:38.234,382.748,1142,-4,12,0,0,1,0,0,1,1,0,0
2026-03-27 21:27:38.235,382.750,1142,-5,12,0,0,1,0,0,1,1,0,0
2026-03-27 21:27:38.346,382.860,1142,-4,15,0,0,1,0,0,1,1,0,0
2026-03-27 21:27:38.426,382.940,1141,-2,12,0,0,1,0,0,1,1,0,0
2026-03-27 21:27:38.427,382.941,1141,-2,12,0,0,1,0,0,1,1,0,0
2026-03-27 21:27:38.618,383.132,1141,-4,15,0,0,1,0,0,1,1,0,0
2026-03-27 21:27:38.730,383.244,1142,-5,15,0,0,1,0,0,1,1,0,0
2026-03-27 21:27:38.762,383.276,1143,-4,15,0,0,1,0,0,1,1,0,0
2026-03-27 21:27:38.874,383.388,1142,-5,15,0,0,1,0,0,1,1,0,0
2026-03-27 21:27:38.890,383.404,1142,-5,15,0,0,1,0,0,1,1,0,0
2026-03-27 21:27:38.891,383.405,114,0,0,0,0,0,0,0,1,1,0,0
2026-03-27 21:27:38.954,383.468,1142,-5,15,0,0,1,0,0,1,1,0,0
2026-03-27 21:27:38.955,383.469,1142,-5,15,0,0,1,0,0,1,1,0,0
2026-03-27 21:27:39.081,383.595,1142,-5,14,0,0,1,0,0,1,1,0,0
2026-03-27 21:27:39.194,383.708,1141,-5,15,0,0,1,0,0,1,1,0,0
2026-03-27 21:27:39.196,383.710,1142,-4,14,0,0,1,0,0,1,1,0,0
2026-03-27 21:27:39.322,383.836,1142,-5,15,0,0,1,0,0,1,1,0,0
2026-03-27 21:27:39.450,383.964,1142,-5,15,0,0,1,0,0,1,1,0,0
2026-03-27 21:27:39.453,383.967,1142,-5,15,0,0,1,0,0,1,1,0,0
2026-03-27 21:27:39.530,384.044,1142,-4,14,0,0,1,0,0,1,1,0,0
2026-03-27 21:27:39.531,384.045,1141,-4,15,0,0,1,0,0,1,1,0,0
2026-03-27 21:27:39.578,384.092,1142,-5,15,0,0,1,0,0,1,1,0,0
2026-03-27 21:27:39.706,384.221,1141,-4,15,0,0,1,0,0,1,1,0,0
2026-03-27 21:27:39.946,384.460,1142,-5,14,0,0,1,0,0,1,1,0,0
2026-03-27 21:27:40.026,384.540,1142,-4,14,0,0,1,0,0,1,1,0,0
2026-03-27 21:27:40.041,384.556,1142,-4,15,0,0,1,0,0,1,1,0,0
2026-03-27 21:27:40.089,384.603,1142,-5,15,0,0,1,0,0,1,1,0,0
2026-03-27 21:27:40.250,384.764,1142,-5,15,0,0,1,0,0,1,1,0,0
2026-03-27 21:27:40.282,384.796,1142,-5,15,0,0,1,0,0,1,1,0,0
2026-03-27 21:27:40.377,384.891,1141,-2,15,0,0,1,0,0,1,1,0,0
2026-03-27 21:27:40.379,384.893,1141,-2,15,0,0,1,0,0,1,1,0,0
2026-03-27 21:27:40.521,385.035,1141,-5,15,0,0,1,0,0,1,1,0,0
2026-03-27 21:27:40.523,385.037,1142,-5,14,0,0,1,0,0,1,1,0,0
2026-03-27 21:27:40.602,385.116,1142,-5,15,0,0,1,0,0,1,1,0,0
2026-03-27 21:27:40.698,385.212,1142,-2,15,0,0,1,0,0,1,1,0,0
2026-03-27 21:27:40.939,385.453,1142,-5,14,0,0,1,0,0,1,1,0,0
2026-03-27 21:27:41.002,385.516,1142,-5,15,0,0,1,0,0,1,1,0,0
2026-03-27 21:27:41.114,385.628,1141,-5,12,0,0,1,0,0,1,1,0,0
2026-03-27 21:27:41.242,385.756,1142,-4,15,0,0,1,0,0,1,1,0,0
2026-03-27 21:27:41.354,385.868,1141,-5,15,0,0,1,0,0,1,1,0,0
2026-03-27 21:27:41.466,385.980,1142,-2,15,0,0,1,0,0,1,1,0,0
2026-03-27 21:27:41.610,386.124,1142,-5,15,0,0,1,0,0,1,1,0,0
2026-03-27 21:27:41.641,386.156,1141,-4,15,0,0,1,0,0,1,1,0,0
2026-03-27 21:27:41.753,386.267,1141,-5,15,0,0,1,0,0,1,1,0,0
2026-03-27 21:27:41.769,386.283,1141,-4,15,0,0,1,0,0,1,1,0,0
2026-03-27 21:27:41.882,386.396,1142,-2,12,0,0,1,0,0,1,1,0,0
2026-03-27 21:27:41.884,386.398,1142,-5,15,0,0,1,0,0,1,1,0,0
2026-03-27 21:27:41.962,386.476,1142,-4,15,0,0,1,0,0,1,1,0,0
2026-03-27 21:27:42.073,386.587,1142,-2,15,0,0,1,0,0,1,1,0,0
2026-03-27 21:27:42.234,386.748,1141,-5,15,0,0,1,0,0,1,1,0,0
2026-03-27 21:27:42.314,386.828,1142,-5,15,0,0,1,0,0,1,1,0,0
2026-03-27 21:27:42.316,386.830,1142,-5,15,0,0,1,0,0,1,1,0,0
2026-03-27 21:27:42.378,386.892,1141,-4,14,0,0,1,0,0,1,1,0,0
2026-03-27 21:27:42.379,386.893,1141,-4,14,0,0,1,0,0,1,1,0,0
2026-03-27 21:27:42.537,387.052,1142,-5,15,0,0,1,0,0,1,1,0,0
2026-03-27 21:27:42.602,387.116,1142,-5,15,0,0,1,0,0,1,1,0,0
2026-03-27 21:27:42.746,387.260,1142,-4,15,0,0,1,0,0,1,1,0,0
2026-03-27 21:27:42.842,387.356,1142,-5,15,0,0,1,0,0,1,1,0,0
2026-03-27 21:27:42.937,387.451,1142,-4,15,0,0,1,0,0,1,1,0,0
2026-03-27 21:27:42.953,387.467,1142,-5,15,0,0,1,0,0,1,1,0,0
2026-03-27 21:27:43.034,387.548,1141,-4,15,0,0,1,0,0,1,1,0,0
2026-03-27 21:27:43.050,387.564,1141,-5,15,0,0,1,0,0,1,0,0,0
2026-03-27 21:27:43.052,387.566,1141,-5,15,0,0,1,0,0,1,1,0,0
2026-03-27 21:27:43.177,387.692,1142,-5,12,0,0,1,0,0,1,1,0,0
2026-03-27 21:27:43.322,387.836,1141,-5,14,0,0,1,0,0,1,1,0,0
2026-03-27 21:27:43.466,387.980,1142,-5,15,0,0,1,0,0,1,1,0,0
2026-03-27 21:27:43.497,388.012,1142,-5,14,0,0,1,0,0,1,1,0,0
2026-03-27 21:27:43.609,388.123,1142,-5,15,0,0,1,0,0,1,1,0,0
2026-03-27 21:27:43.705,388.220,1141,-4,15,0,0,1,0,0,1,1,0,0
2026-03-27 21:27:43.818,388.332,1142,-5,15,0,0,1,0,0,1,1,0,0
2026-03-27 21:27:43.961,388.475,1142,-5,15,0,0,1,0,0,1,1,0,0
2026-03-27 21:27:43.993,388.508,1142,-4,15,0,0,1,0,0,1,1,0,0
2026-03-27 21:27:44.106,388.620,1142,-4,15,0,0,1,0,0,1,1,0,0
2026-03-27 21:27:44.108,388.622,1141,-4,15,0,0,1,0,0,1,1,0,0
2026-03-27 21:27:44.202,388.716,1141,-5,15,0,0,1,0,0,1,1,0,0
2026-03-27 21:27:44.204,388.718,1141,-5,15,0,0,1,0,0,1,1,0,0
2026-03-27 21:27:44.314,388.828,1141,-5,15,0,0,1,0,0,1,1,0,0
2026-03-27 21:27:44.394,388.908,1142,-5,15,0,0,1,0,0,1,1,0,0
2026-03-27 21:27:44.411,388.925,1142,-5,15,0,0,1,0,0,1,1,0,0
2026-03-27 21:27:44.538,389.052,1142,-5,15,0,0,1,0,0,1,1,0,0
2026-03-27 21:27:44.649,389.164,1142,-5,14,0,0,1,0,0,1,1,0,0
2026-03-27 21:27:44.651,389.165,1142,-5,15,0,0,1,0,0,1,1,0,0
2026-03-27 21:27:44.714,389.228,1142,-4,15,0,0,1,0,0,1,1,0,0
2026-03-27 21:27:44.778,389.292,1142,-5,15,0,0,1,0,0,1,1,0,0
2026-03-27 21:27:44.905,389.420,1141,-5,15,0,0,1,0,0,1,1,0,0
2026-03-27 21:27:44.907,389.421,1141,-4,15,0,0,1,0,0,1,1,0,0
2026-03-27 21:27:45.066,389.580,1141,-5,15,0,0,1,0,0,1,1,0,0
2026-03-27 21:27:45.113,389.627,1141,-4,15,0,0,1,0,0,1,1,0,0
2026-03-27 21:27:45.115,389.629,1141,-4,15,0,0,1,0,0,1,1,0,0
2026-03-27 21:27:45.193,389.707,1142,-5,15,0,0,1,0,0,1,1,0,0
2026-03-27 21:27:45.290,389.804,1142,-5,15,0,0,1,0,0,1,1,0,0
2026-03-27 21:27:45.434,389.948,1143,-5,15,0,0,1,0,0,1,1,0,0
2026-03-27 21:27:45.513,390.027,1141,-5,15,0,0,1,0,0,1,1,0,0
2026-03-27 21:27:45.625,390.139,1142,-2,15,0,0,1,0,0,1,1,0,0
2026-03-27 21:27:45.644,390.158,1142,-4,14,0,0,1,0,0,1,1,0,0
2026-03-27 21:27:45.722,390.236,1142,-5,15,0,0,1,0,0,1,1,0,0
2026-03-27 21:27:45.723,390.237,1141,-5,15,0,0,1,0,0,0,0,0,0
2026-03-27 21:27:45.737,390.252,1142,-5,15,0,0,1,0,0,1,1,0,0
2026-03-27 21:27:45.818,390.332,1142,-5,15,0,0,1,0,0,1,1,0,0
2026-03-27 21:27:45.945,390.460,1143,-5,14,0,0,1,0,0,1,1,0,0
2026-03-27 21:27:46.057,390.571,1142,-5,15,0,0,1,0,0,1,1,0,0
2026-03-27 21:27:46.059,390.573,1142,-5,15,0,0,1,0,0,1,1,0,0
2026-03-27 21:27:46.137,390.652,1142,-4,15,0,0,1,0,0,1,1,0,0
2026-03-27 21:27:46.345,390.860,1141,-5,15,0,0,1,0,0,1,1,0,0
2026-03-27 21:27:46.457,390.971,1142,-5,14,0,0,1,0,0,1,1,0,0
2026-03-27 21:27:46.505,391.019,1141,-4,15,0,0,1,0,0,1,1,0,0
2026-03-27 21:27:46.666,391.180,1142,-4,15,0,0,1,0,0,1,1,0,0
2026-03-27 21:27:46.777,391.291,1142,-4,15,0,0,1,0,0,1,1,0,0
2026-03-27 21:27:46.779,391.294,1141,-5,15,0,0,1,0,1,1,1,0,0
2026-03-27 21:27:46.857,391.372,1141,-2,15,0,0,1,0,1,1,1,0,0
2026-03-27 21:27:46.921,391.435,1141,-5,14,0,0,1,0,1,1,1,0,0
2026-03-27 21:27:46.938,391.452,1141,-5,14,0,0,1,0,1,1,1,0,0
2026-03-27 21:27:46.940,391.454,1141,-5,15,0,0,1,0,1,1,1,0,0
2026-03-27 21:27:47.050,391.564,1142,-5,15,0,0,1,0,1,1,1,0,0
2026-03-27 21:27:47.178,391.692,1142,-5,15,0,0,1,0,1,1,1,0,0
2026-03-27 21:27:47.273,391.787,1142,-5,15,0,0,1,0,1,1,1,0,0
2026-03-27 21:27:47.275,391.789,1142,-4,15,0,0,1,0,1,1,1,0,0
2026-03-27 21:27:47.305,391.819,1142,-5,15,0,0,1,0,1,1,1,0,0
2026-03-27 21:27:47.417,391.931,1141,-4,15,0,0,1,0,1,1,1,0,0
2026-03-27 21:27:47.433,391.948,1141,-5,14,0,0,1,0,1,1,1,0,0
2026-03-27 21:27:47.625,392.139,1141,-5,15,0,0,1,0,1,1,1,0,0
2026-03-27 21:27:47.690,392.204,1142,-5,14,0,0,1,0,1,1,1,0,0
2026-03-27 21:27:47.769,392.283,1142,-5,15,0,0,1,0,1,1,1,0,0
2026-03-27 21:27:47.771,392.285,1142,-5,15,0,0,1,0,1,1,1,0,0
2026-03-27 21:27:47.866,392.380,1142,-4,15,0,0,1,0,1,1,1,0,0
2026-03-27 21:27:47.994,392.508,1143,-4,15,0,0,1,0,1,1,1,0,0
2026-03-27 21:27:48.122,392.636,1141,-5,15,0,0,1,0,1,1,1,0,0
2026-03-27 21:27:48.217,392.732,1142,-5,14,0,0,1,0,1,1,1,0,0
2026-03-27 21:27:48.297,392.811,1142,-5,15,0,0,1,0,1,1,1,0,0
2026-03-27 21:27:48.299,392.813,1142,-5,15,0,0,1,0,1,1,1,0,0
2026-03-27 21:27:48.458,392.972,1141,-4,15,0,0,1,0,1,1,1,0,0
2026-03-27 21:27:48.473,392.987,1143,-4,15,0,0,1,0,1,1,1,0,0
2026-03-27 21:27:48.553,393.067,1143,-5,15,0,0,1,0,1,1,1,0,0
2026-03-27 21:27:48.601,393.115,1142,-4,15,0,0,1,0,1,1,1,0,0
2026-03-27 21:27:48.617,393.132,1142,-5,15,0,0,1,0,1,1,1,0,0
2026-03-27 21:27:48.665,393.179,1142,-4,15,0,0,1,0,1,1,1,0,0
2026-03-27 21:27:48.953,393.467,1141,-4,15,0,0,1,0,1,1,1,0,0
2026-03-27 21:27:48.969,393.484,1141,-5,15,0,0,1,0,1,1,1,0,0
2026-03-27 21:27:48.972,393.486,1142,-4,15,0,0,1,0,1,1,1,0,0
2026-03-27 21:27:49.082,393.596,1142,-4,15,0,0,1,0,1,1,1,0,0
2026-03-27 21:27:49.210,393.724,1142,-5,15,0,0,1,0,1,1,1,0,0
2026-03-27 21:27:49.305,393.819,1141,-5,15,0,0,1,0,1,1,1,0,0
2026-03-27 21:27:49.465,393.979,1141,-5,15,0,0,1,0,1,1,1,0,0
2026-03-27 21:27:49.530,394.044,1142,-4,15,0,0,1,0,1,1,1,0,0
2026-03-27 21:27:49.706,394.220,1142,-5,15,0,0,1,0,1,1,1,0,0
2026-03-27 21:27:49.753,394.267,1142,-5,15,0,0,1,0,1,1,1,0,0
2026-03-27 21:27:49.945,394.459,1142,-5,15,0,0,1,0,0,1,1,0,0
2026-03-27 21:27:49.948,394.462,1141,-5,15,0,0,1,0,0,1,1,0,0
2026-03-27 21:27:50.041,394.555,1141,-4,15,0,0,1,0,0,1,1,0,0
2026-03-27 21:27:50.058,394.572,1141,-5,15,0,0,1,0,0,1,1,0,0
2026-03-27 21:27:50.137,394.651,1142,-4,15,0,0,1,0,0,1,1,0,0
2026-03-27 21:27:50.266,394.780,1142,-5,15,0,0,1,0,0,1,1,0,0
2026-03-27 21:27:50.269,394.783,1142,-5,15,0,0,1,0,0,1,1,0,0
2026-03-27 21:27:50.361,394.875,1142,-5,15,0,0,1,0,0,1,1,0,0
2026-03-27 21:27:50.441,394.955,1142,-5,12,0,0,1,0,0,1,1,0,0
2026-03-27 21:27:50.489,395.003,1142,-5,15,0,0,1,0,0,1,1,0,0
2026-03-27 21:27:50.617,395.131,1141,-4,15,0,0,1,0,0,1,1,0,0
2026-03-27 21:27:50.619,395.133,1141,-5,15,0,0,1,0,0,1,1,0,0
2026-03-27 21:27:50.650,395.164,1142,-5,15,0,0,1,0,0,1,1,0,0
2026-03-27 21:27:50.810,395.324,1141,-5,15,0,0,1,0,0,1,1,0,0
2026-03-27 21:27:50.921,395.435,1141,-4,15,0,0,1,0,0,1,1,0,0
2026-03-27 21:27:51.001,395.515,1142,-4,14,0,0,1,0,0,1,1,0,0
2026-03-27 21:27:51.145,395.659,1142,-5,15,0,0,1,0,0,1,1,0,0
2026-03-27 21:27:51.226,395.740,1142,-5,15,0,0,1,0,0,1,1,0,0
2026-03-27 21:27:51.369,395.883,1141,-5,15,0,0,1,0,0,1,1,0,0
2026-03-27 21:27:51.417,395.931,1142,-5,15,0,0,1,0,0,1,1,0,0
2026-03-27 21:27:51.530,396.044,1141,-5,14,0,0,1,0,0,1,1,0,0
2026-03-27 21:27:51.534,396.048,1142,-5,14,0,0,1,0,0,1,1,0,0
2026-03-27 21:27:51.673,396.187,1142,-5,15,0,0,1,0,0,1,1,0,0
2026-03-27 21:27:51.753,396.267,1142,-1,15,0,0,1,0,0,1,1,0,0
2026-03-27 21:27:51.866,396.380,1142,-5,15,0,0,1,0,0,1,1,0,0
2026-03-27 21:27:51.883,396.397,1141,-5,15,0,0,1,0,0,1,1,0,0
2026-03-27 21:27:51.930,396.444,1141,-5,15,0,0,1,0,0,1,1,0,0
2026-03-27 21:27:52.025,396.539,1142,-4,15,0,0,1,0,0,1,1,0,0
2026-03-27 21:27:52.026,396.541,1142,-4,15,0,0,1,0,0,1,1,0,0
2026-03-27 21:27:52.185,396.699,1142,-5,15,0,0,1,0,0,1,1,0,0
2026-03-27 21:27:52.313,396.827,1142,-5,15,0,0,1,0,0,1,1,0,0
2026-03-27 21:27:52.329,396.843,1142,-5,15,0,0,1,0,0,1,1,0,0
2026-03-27 21:27:52.361,396.875,1142,-5,15,0,0,1,0,0,1,1,0,0
2026-03-27 21:27:52.521,397.035,1142,-5,15,0,0,1,0,0,1,1,0,0
2026-03-27 21:27:52.554,397.068,1141,-4,15,0,0,1,0,0,1,1,0,0
2026-03-27 21:27:52.570,397.084,1142,-5,15,0,0,1,0,0,1,1,0,0
2026-03-27 21:27:52.665,397.179,1143,-5,15,0,0,1,0,0,1,1,0,0
2026-03-27 21:27:52.792,397.307,1142,-5,15,0,0,1,0,0,1,1,0,0
2026-03-27 21:27:52.794,397.308,1142,-4,15,0,0,1,0,0,1,1,0,0
2026-03-27 21:27:52.796,397.310,1141,-4,15,0,0,1,0,0,1,1,0,0
2026-03-27 21:27:52.874,397.388,1142,-5,14,0,0,1,0,0,1,1,0,0
2026-03-27 21:27:52.889,397.403,1142,-4,15,0,0,1,0,0,1,1,0,0
2026-03-27 21:27:52.937,397.452,1142,-5,15,0,0,1,0,0,1,1,0,0
2026-03-27 21:27:53.080,397.594,1142,-4,15,0,0,1,0,0,1,1,0,0
2026-03-27 21:27:53.096,397.610,1142,-4,15,0,0,1,0,0,1,1,0,0
2026-03-27 21:27:53.161,397.675,1141,-4,15,0,0,1,0,0,1,1,0,0
2026-03-27 21:27:53.257,397.771,1141,-5,15,0,0,1,0,0,1,1,0,0
2026-03-27 21:27:53.385,397.899,1141,-5,14,0,0,1,0,0,1,1,0,0
2026-03-27 21:27:53.465,397.979,1142,-5,15,0,0,1,0,0,1,1,0,0
2026-03-27 21:27:53.625,398.139,1143,-5,14,0,0,1,0,0,1,1,0,0
2026-03-27 21:27:53.721,398.235,1142,-5,15,0,0,1,0,0,1,1,0,0
2026-03-27 21:27:53.785,398.299,1142,-5,12,0,0,1,0,0,1,1,0,0
2026-03-27 21:27:54.025,398.539,1141,-5,15,0,0,1,0,0,1,1,0,0
2026-03-27 21:27:54.169,398.683,1142,-5,15,0,0,1,0,0,1,1,0,0
2026-03-27 21:27:54.233,398.747,1142,-5,15,0,0,1,0,0,1,0,0,0
2026-03-27 21:27:54.537,399.051,1141,-5,15,0,0,1,0,0,1,0,0,0
2026-03-27 21:27:54.585,399.099,1141,-4,15,0,0,1,0,0,1,0,0,0
2026-03-27 21:27:54.666,399.180,1142,-4,15,0,0,1,0,0,1,0,0,0
2026-03-27 21:27:54.809,399.323,1142,-4,15,0,0,1,0,0,1,0,0,0
2026-03-27 21:27:54.937,399.451,1143,-4,15,0,0,1,0,0,1,0,0,0
2026-03-27 21:27:55.082,399.596,1142,-5,15,0,0,1,0,0,1,0,0,0
2026-03-27 21:27:55.085,399.599,1141,-4,15,0,0,1,0,0,1,0,0,0
2026-03-27 21:27:55.161,399.675,1141,-4,15,0,0,1,0,0,1,0,0,0
2026-03-27 21:27:55.289,399.803,1142,-2,15,0,0,1,0,0,1,0,0,0
2026-03-27 21:27:55.337,399.851,1142,-4,15,0,0,1,0,0,1,0,0,0
2026-03-27 21:27:55.465,399.980,1142,-1,15,0,0,1,0,0,1,0,0,0
2026-03-27 21:27:55.609,400.123,1142,-5,15,0,0,1,0,0,1,0,0,0
2026-03-27 21:27:55.704,400.219,1142,-4,15,0,0,1,0,0,1,0,0,0
2026-03-27 21:27:55.721,400.235,1142,-5,15,0,0,1,0,0,1,0,0,0
2026-03-27 21:27:55.801,400.315,1141,-4,15,0,0,1,0,0,1,0,0,0
2026-03-27 21:27:55.881,400.395,1141,-4,15,0,0,1,0,0,1,0,0,0
2026-03-27 21:27:55.992,400.506,1141,-1,15,0,0,1,0,0,1,0,0,0
2026-03-27 21:27:55.994,400.508,1141,-2,15,0,0,1,0,0,1,0,0,0
2026-03-27 21:27:56.105,400.619,1141,-5,15,0,0,1,0,0,1,0,0,0
2026-03-27 21:27:56.249,400.763,1142,-4,15,0,0,1,0,0,1,0,0,0
2026-03-27 21:27:56.568,401.082,1141,-4,15,0,0,1,0,0,1,0,0,0
2026-03-27 21:27:56.618,401.132,1141,-4,15,0,0,1,0,0,1,0,0,0
2026-03-27 21:27:56.712,401.227,1141,-5,15,0,0,1,0,0,1,0,0,0
2026-03-27 21:27:56.841,401.355,1142,-4,15,0,0,1,0,0,1,0,0,0
2026-03-27 21:27:56.921,401.435,1142,-4,15,0,0,1,0,0,1,0,0,0
2026-03-27 21:27:57.049,401.563,1142,-4,12,0,0,1,0,0,1,0,0,0
2026-03-27 21:27:57.130,401.644,1141,-4,15,0,0,1,0,0,1,0,0,0
2026-03-27 21:27:57.337,401.851,1141,-4,15,0,0,1,0,0,1,0,0,0
2026-03-27 21:27:57.482,401.996,1142,-4,15,0,0,1,0,0,1,0,0,0
2026-03-27 21:27:57.594,402.108,1142,-4,15,0,1,1,0,0,1,0,0,0
2026-03-27 21:27:57.721,402.235,1143,-4,15,0,1,1,0,0,1,0,0,0
2026-03-27 21:27:57.800,402.314,1142,-4,15,0,1,1,0,0,1,0,0,0
2026-03-27 21:27:57.945,402.459,1142,-4,15,0,1,1,0,0,1,0,0,0
2026-03-27 21:27:58.025,402.539,1142,-4,15,0,1,1,0,0,1,0,0,0
2026-03-27 21:27:58.121,402.635,1142,-4,15,0,1,1,0,0,1,0,0,0
2026-03-27 21:27:58.201,402.715,1142,-4,15,0,1,1,0,0,1,0,0,0
2026-03-27 21:27:58.203,402.717,1142,-5,15,0,1,1,0,0,1,0,0,0
2026-03-27 21:27:58.329,402.843,1142,-4,15,0,1,1,0,0,1,0,0,0
2026-03-27 21:27:58.424,402.938,1141,-4,15,0,1,1,0,0,1,0,0,0
2026-03-27 21:27:58.425,402.939,1141,-5,15,0,1,1,0,0,1,0,0,0
2026-03-27 21:27:58.488,403.002,1141,-4,15,0,1,1,0,0,1,0,0,0
2026-03-27 21:27:58.489,403.004,1142,-4,15,0,1,1,0,0,1,0,0,0
2026-03-27 21:27:58.600,403.114,1141,-4,15,0,1,1,0,0,1,0,0,0
2026-03-27 21:27:58.602,403.116,1141,-4,15,0,1,1,0,0,1,0,0,0
2026-03-27 21:27:58.746,403.260,1142,-5,15,0,1,1,0,0,1,0,0,0
2026-03-27 21:27:58.760,403.274,1143,-4,15,0,1,1,0,0,1,0,0,0
2026-03-27 21:27:58.809,403.323,1143,-4,15,0,1,1,0,0,1,0,0,0
2026-03-27 21:27:58.969,403.483,1142,-4,15,0,1,1,0,0,1,0,0,0
2026-03-27 21:27:59.064,403.579,1142,-5,15,0,1,1,0,0,1,0,0,0
2026-03-27 21:27:59.084,403.598,1141,-4,15,0,1,1,0,0,1,0,0,0
2026-03-27 21:27:59.160,403.674,1141,-4,15,0,1,1,0,0,1,0,0,0
2026-03-27 21:27:59.257,403.771,1142,-5,15,0,1,1,0,0,1,0,0,0
2026-03-27 21:27:59.385,403.900,1141,-4,15,0,1,1,0,0,1,0,0,0
2026-03-27 21:27:59.496,404.011,1142,-4,15,0,1,1,0,0,1,0,0,0
2026-03-27 21:27:59.576,404.091,1142,-4,15,0,1,1,0,0,1,0,0,0
2026-03-27 21:27:59.721,404.235,1142,-4,15,0,1,1,0,0,1,0,0,0
2026-03-27 21:27:59.769,404.283,1141,-5,15,0,1,1,0,0,1,0,0,0
2026-03-27 21:27:59.785,404.299,1141,-4,15,0,1,1,0,0,1,0,0,0
2026-03-27 21:27:59.913,404.427,1141,-4,15,0,1,1,0,0,1,0,0,0
2026-03-27 21:28:00.025,404.539,1142,-4,15,0,1,1,0,0,1,0,0,0
2026-03-27 21:28:00.137,404.651,1142,-4,15,0,1,1,0,0,1,0,0,0
2026-03-27 21:28:00.264,404.778,1142,-4,15,0,1,1,0,0,1,0,0,0
2026-03-27 21:28:00.265,404.779,1142,-5,15,0,1,1,0,0,1,0,0,0
2026-03-27 21:28:00.267,404.781,1141,-4,15,0,1,1,0,0,1,0,0,0
2026-03-27 21:28:00.376,404.890,1142,-4,15,0,1,1,0,0,1,0,0,0
2026-03-27 21:28:00.521,405.035,1141,-4,15,0,1,1,0,0,1,0,0,0
2026-03-27 21:28:00.665,405.179,1141,-4,15,0,1,1,0,0,1,0,0,0
2026-03-27 21:28:00.713,405.227,1142,-4,15,0,1,1,0,0,1,0,0,0
2026-03-27 21:28:00.825,405.339,1143,-5,15,0,1,1,0,0,1,0,0,0
2026-03-27 21:28:00.921,405.435,1142,-4,15,0,1,1,0,0,1,0,0,0
2026-03-27 21:28:00.923,405.437,1142,-4,15,0,1,1,0,0,1,0,0,0
2026-03-27 21:28:01.082,405.596,1142,-4,15,0,1,1,0,0,1,0,0,0
2026-03-27 21:28:01.192,405.706,1141,-4,15,0,1,1,0,0,1,0,0,0
2026-03-27 21:28:01.194,405.708,1141,-4,15,0,1,1,0,0,1,0,0,0
2026-03-27 21:28:01.196,405.710,1141,-4,15,0,1,1,0,0,1,0,0,0
2026-03-27 21:28:01.273,405.787,1141,-5,15,0,1,1,0,0,1,0,0,0
2026-03-27 21:28:01.384,405.898,1141,-4,15,0,1,1,0,0,1,0,0,0
2026-03-27 21:28:01.386,405.900,1141,-5,15,0,1,1,0,0,1,0,0,0
2026-03-27 21:28:01.497,406.011,1141,-4,15,0,1,1,0,0,1,0,0,0
2026-03-27 21:28:01.545,406.059,1142,-4,15,0,1,1,0,0,1,0,0,0
2026-03-27 21:28:01.562,406.076,1142,-4,15,0,1,1,0,0,1,0,0,0
2026-03-27 21:28:01.689,406.203,1142,-5,15,0,1,1,0,0,1,0,0,0
2026-03-27 21:28:01.785,406.299,1142,-4,12,0,1,1,0,0,1,0,0,0
2026-03-27 21:28:01.897,406.411,1141,-5,15,0,1,1,0,0,1,0,0,0
2026-03-27 21:28:01.976,406.490,1142,-4,15,0,1,1,0,0,1,0,0,0
2026-03-27 21:28:02.104,406.618,1141,-4,15,0,1,1,0,0,1,0,0,0
2026-03-27 21:28:02.217,406.731,1142,-4,15,0,1,1,0,0,1,0,0,0
2026-03-27 21:28:02.280,406.795,1142,-5,15,0,1,1,0,0,1,0,0,0
2026-03-27 21:28:02.297,406.811,1141,-4,15,0,1,1,0,0,1,0,0,0
2026-03-27 21:28:02.425,406.939,1141,-4,15,0,1,1,0,0,1,0,0,0
2026-03-27 21:28:02.552,407.067,1141,-4,15,0,1,1,0,0,1,0,0,0
2026-03-27 21:28:02.600,407.114,1141,-4,15,0,1,1,0,0,1,0,0,0
2026-03-27 21:28:02.602,407.116,1141,-4,15,0,1,1,0,0,1,0,0,0
2026-03-27 21:28:02.776,407.291,1142,-4,15,0,1,1,0,0,1,0,0,0
2026-03-27 21:28:02.888,407.402,1142,-4,15,0,1,1,0,0,1,0,0,0
2026-03-27 21:28:03.017,407.531,1142,-4,15,0,1,1,0,0,1,0,0,0
2026-03-27 21:28:03.020,407.534,1142,-4,15,0,1,1,0,0,1,0,0,0
2026-03-27 21:28:03.096,407.611,1142,-4,15,0,1,1,0,0,1,0,0,0
2026-03-27 21:28:03.208,407.722,1141,-4,15,0,1,1,0,0,1,0,0,0
2026-03-27 21:28:03.321,407.835,1141,-4,15,0,1,1,0,0,1,0,0,0
2026-03-27 21:28:03.338,407.852,1141,-4,15,0,1,1,0,0,1,0,0,0
2026-03-27 21:28:03.449,407.963,1141,-4,15,0,1,1,0,0,1,0,0,0
2026-03-27 21:28:03.513,408.027,1142,-4,15,0,1,1,0,0,1,0,0,0
2026-03-27 21:28:03.689,408.203,1143,-4,15,0,1,1,0,0,1,0,0,0
2026-03-27 21:28:03.785,408.299,1142,-4,15,0,1,1,0,0,1,0,0,0
2026-03-27 21:28:03.897,408.411,1141,-4,15,0,1,1,0,0,1,0,0,0
2026-03-27 21:28:03.993,408.507,1141,-5,15,0,1,1,0,0,1,0,0,0
2026-03-27 21:28:04.105,408.619,1141,-4,15,0,1,1,0,0,1,0,0,0
2026-03-27 21:28:04.184,408.699,1141,-4,15,0,1,1,0,0,1,0,0,0
2026-03-27 21:28:04.312,408.826,1142,-4,15,0,1,1,0,0,1,0,0,0
2026-03-27 21:28:04.441,408.955,1142,-4,15,0,1,1,0,0,1,0,0,0
2026-03-27 21:28:04.442,408.956,1142,-4,15,0,1,1,0,0,1,0,0,0
2026-03-27 21:28:04.536,409.050,1142,-4,15,0,1,1,0,0,1,0,0,0
2026-03-27 21:28:04.538,409.052,1142,-4,15,0,1,1,0,0,1,0,0,0
2026-03-27 21:28:04.664,409.179,1141,-4,15,0,1,1,0,0,1,0,0,0
2026-03-27 21:28:04.745,409.259,1141,-4,15,0,1,1,0,0,1,0,0,0
2026-03-27 21:28:04.873,409.387,1141,-4,15,0,1,1,0,0,1,0,0,0
2026-03-27 21:28:04.937,409.451,1142,-5,15,0,1,1,0,0,1,0,0,0
2026-03-27 21:28:05.081,409.595,1142,-4,15,0,1,1,0,0,1,0,0,0
2026-03-27 21:28:05.177,409.691,1141,-4,15,0,1,1,0,0,1,0,0,0
2026-03-27 21:28:05.240,409.755,1141,-5,15,0,1,1,0,0,1,0,0,0
2026-03-27 21:28:05.304,409.818,1142,-4,15,0,1,1,0,0,1,0,0,0
2026-03-27 21:28:05.307,409.821,1141,-4,15,0,1,1,0,0,1,0,0,0
2026-03-27 21:28:05.433,409.947,1142,-4,15,0,1,1,0,0,1,0,0,0
2026-03-27 21:28:05.560,410.074,1142,-5,15,0,1,1,0,0,1,0,0,0
2026-03-27 21:28:05.562,410.076,1143,-4,14,0,1,1,0,0,1,0,0,0
2026-03-27 21:28:05.608,410.122,1142,-5,15,0,1,1,0,0,1,0,0,0
2026-03-27 21:28:05.688,410.202,1142,-4,15,0,1,1,0,0,1,0,0,0
2026-03-27 21:28:05.784,410.298,1142,-4,15,0,1,1,0,0,1,0,0,0
2026-03-27 21:28:05.913,410.427,1141,-4,15,0,1,1,0,0,1,0,0,0
2026-03-27 21:28:06.009,410.523,1143,-4,15,0,1,1,0,0,1,0,0,0
2026-03-27 21:28:06.089,410.603,1142,-5,15,0,1,1,0,0,1,0,0,0
2026-03-27 21:28:06.232,410.746,1143,-4,14,0,1,1,0,0,1,0,0,0
2026-03-27 21:28:06.377,410.891,-40,2464,1247,0,1,1,0,0,1,0,0,0
2026-03-27 21:28:06.424,410.938,-40,2462,1222,0,1,1,0,0,1,0,0,0
2026-03-27 21:28:06.441,410.955,-40,-40,1227,0,1,1,0,0,1,0,0,0
2026-03-27 21:28:06.473,410.987,-40,-40,1213,0,1,1,0,0,1,0,0,0
2026-03-27 21:28:06.569,411.083,-40,2486,1239,0,1,1,0,0,1,0,0,0
2026-03-27 21:28:06.571,411.085,-40,2490,1244,0,1,1,0,0,1,0,0,0
2026-03-27 21:28:06.696,411.210,-40,2495,1221,0,1,1,0,0,1,0,0,0
2026-03-27 21:28:06.824,411.338,-40,-40,1222,0,1,1,0,0,1,0,0,0
2026-03-27 21:28:06.842,411.356,2031,-4,15,0,1,1,0,0,1,0,0,0
2026-03-27 21:28:06.920,411.434,1893,-4,15,0,1,1,0,0,1,0,0,0
2026-03-27 21:28:06.922,411.436,1338,-5,15,0,1,1,0,0,1,0,0,0
2026-03-27 21:28:07.017,411.531,1308,-4,15,0,1,1,0,0,1,0,0,0
2026-03-27 21:28:07.160,411.674,1169,-1,15,0,1,1,0,0,1,0,0,0
2026-03-27 21:28:07.353,411.868,1143,-5,15,0,1,1,0,0,1,0,0,0
2026-03-27 21:28:07.355,411.869,1145,-2,15,0,1,1,0,0,1,0,0,0
2026-03-27 21:28:07.433,411.947,1144,-4,15,0,1,1,0,0,1,0,0,0
2026-03-27 21:28:07.545,412.059,1144,-4,15,0,1,1,0,0,1,0,0,0
2026-03-27 21:28:07.641,412.155,1143,-4,15,0,1,1,0,0,1,0,0,0
2026-03-27 21:28:07.769,412.283,1142,-4,15,0,1,1,0,0,1,0,0,0
2026-03-27 21:28:07.912,412.426,1142,-5,15,0,1,1,0,0,1,0,0,0
2026-03-27 21:28:07.960,412.474,1142,-5,15,0,1,1,0,0,1,0,0,0
2026-03-27 21:28:08.056,412.571,1142,-1,15,0,1,1,0,0,1,0,0,0
2026-03-27 21:28:08.120,412.635,1142,-5,15,0,1,1,0,0,1,0,0,0
2026-03-27 21:28:08.280,412.794,1143,-5,15,0,1,1,0,0,1,0,0,0
2026-03-27 21:28:08.328,412.843,1142,-4,15,0,1,1,0,0,1,0,0,0
2026-03-27 21:28:08.441,412.955,1142,-5,15,0,1,1,0,0,1,0,0,0
2026-03-27 21:28:08.443,412.958,1142,-4,15,0,1,1,0,0,1,0,0,0
2026-03-27 21:28:08.552,413.066,1142,-4,15,0,1,1,0,0,1,0,0,0
2026-03-27 21:28:08.554,413.068,1142,-4,15,0,1,1,0,0,1,0,0,0
2026-03-27 21:28:08.665,413.179,1143,-5,15,0,1,1,0,0,1,0,0,0
2026-03-27 21:28:08.713,413.227,1142,-4,15,0,1,1,0,0,1,0,0,0
2026-03-27 21:28:08.857,413.371,1142,-5,15,0,1,1,0,0,1,0,0,0
2026-03-27 21:28:08.968,413.482,1141,-4,15,0,1,1,0,0,1,0,0,0
2026-03-27 21:28:08.970,413.484,1141,-4,15,0,1,1,0,0,1,0,0,0
2026-03-27 21:28:09.080,413.594,1142,-4,15,0,1,1,0,0,1,0,0,0
2026-03-27 21:28:09.081,413.595,1142,-4,15,0,1,1,0,0,1,0,0,0
2026-03-27 21:28:09.176,413.690,1142,-4,15,0,1,1,0,0,1,0,0,0
2026-03-27 21:28:09.336,413.851,1142,-4,15,0,1,1,0,0,1,0,0,0
2026-03-27 21:28:09.401,413.915,1142,-4,15,0,1,1,0,0,1,0,0,0
2026-03-27 21:28:09.417,413.931,1142,-4,15,0,1,1,0,0,1,0,0,0
2026-03-27 21:28:09.528,414.042,1143,-2,15,0,1,1,0,0,1,0,0,0
2026-03-27 21:28:09.704,414.218,1142,-4,15,0,1,1,0,0,1,0,0,0
2026-03-27 21:28:09.817,414.331,1141,-2,15,0,1,1,0,0,1,0,0,0
2026-03-27 21:28:09.881,414.395,1142,-4,15,0,1,1,0,0,1,0,0,0
2026-03-27 21:28:10.024,414.538,1141,-4,15,0,1,1,0,0,1,0,0,0
2026-03-27 21:28:10.120,414.634,1143,-4,15,0,1,1,0,0,1,0,0,0
2026-03-27 21:28:10.121,414.635,1143,-2,15,0,1,1,0,0,1,0,0,0
2026-03-27 21:28:10.168,414.683,1142,-4,15,0,1,1,0,0,1,0,0,0
2026-03-27 21:28:10.280,414.794,1141,-4,15,0,1,1,0,0,1,0,0,0
2026-03-27 21:28:10.408,414.922,1141,-5,15,0,1,1,0,0,1,0,0,0
2026-03-27 21:28:10.409,414.923,1141,-4,15,0,1,1,0,0,1,0,0,0
2026-03-27 21:28:10.456,414.970,1142,-2,15,0,1,1,0,0,1,0,0,0
2026-03-27 21:28:10.584,415.098,1142,-4,15,0,1,1,0,0,1,0,0,0
2026-03-27 21:28:10.713,415.227,1141,-4,15,0,1,1,0,0,1,0,0,0
2026-03-27 21:28:10.824,415.338,1142,-4,15,0,1,1,0,0,1,0,0,0
2026-03-27 21:28:10.825,415.339,1142,-4,15,0,1,1,0,0,1,0,0,0
2026-03-27 21:28:10.985,415.499,1142,-4,15,0,1,1,0,0,1,0,0,0
2026-03-27 21:28:11.064,415.578,1142,-4,15,0,1,1,0,0,1,0,0,0
2026-03-27 21:28:11.144,415.658,1141,-4,15,0,1,1,0,0,1,0,0,0
2026-03-27 21:28:11.272,415.787,1142,-4,15,0,1,1,0,0,1,0,0,0
2026-03-27 21:28:11.464,415.978,1142,-4,15,0,1,1,0,0,1,0,0,0
2026-03-27 21:28:11.592,416.106,1142,-4,15,0,1,1,0,0,1,0,0,0
2026-03-27 21:28:11.688,416.202,1141,-4,15,0,1,1,0,0,1,0,0,0
2026-03-27 21:28:11.817,416.331,1142,-4,15,0,1,1,0,0,1,0,0,0
2026-03-27 21:28:11.819,416.333,1141,-4,15,0,1,1,0,0,1,0,0,0
2026-03-27 21:28:11.848,416.363,1141,-4,15,0,1,1,0,0,1,0,0,0
2026-03-27 21:28:11.850,416.364,1141,-5,15,0,1,1,0,0,1,0,0,0
2026-03-27 21:28:11.976,416.490,1141,-4,15,0,1,1,0,0,1,0,0,0
2026-03-27 21:28:12.024,416.539,1142,-2,15,0,1,1,0,0,1,0,0,0
2026-03-27 21:28:12.152,416.666,1142,-4,15,0,1,1,0,0,1,0,0,0
2026-03-27 21:28:12.217,416.731,1142,-4,15,0,1,1,0,0,1,0,0,0
2026-03-27 21:28:12.296,416.810,1141,-2,12,0,1,1,0,0,1,0,0,0
2026-03-27 21:28:12.425,416.939,1142,-5,15,0,1,1,0,0,1,0,0,0
2026-03-27 21:28:12.584,417.099,1143,-4,15,0,1,1,0,0,1,0,0,0
2026-03-27 21:28:12.679,417.193,1142,-4,15,0,1,1,0,0,1,0,0,0
2026-03-27 21:28:12.695,417.209,1142,-4,15,0,1,1,0,0,1,0,0,0
2026-03-27 21:28:12.839,417.354,1142,-4,15,0,1,1,0,0,1,0,0,0
2026-03-27 21:28:12.842,417.356,1142,-5,15,0,1,1,0,0,1,0,0,0
2026-03-27 21:28:12.953,417.467,1142,-5,15,0,1,1,0,0,1,0,0,0
2026-03-27 21:28:13.048,417.562,1142,-4,15,0,1,1,0,0,1,0,0,0
2026-03-27 21:28:13.176,417.690,1142,-4,15,0,1,1,0,0,1,0,0,0
2026-03-27 21:28:13.256,417.770,1142,-4,12,0,1,1,0,0,1,0,0,0
2026-03-27 21:28:13.384,417.898,1142,-4,15,0,1,1,0,0,1,0,0,0
2026-03-27 21:28:13.496,418.010,1142,-5,15,0,1,1,0,0,1,0,0,0
2026-03-27 21:28:13.512,418.027,1142,-4,15,0,1,1,0,0,1,0,0,0
2026-03-27 21:28:13.514,418.028,1142,-4,15,0,1,1,0,0,1,0,0,0
2026-03-27 21:28:13.561,418.075,1141,-5,15,0,1,1,0,0,1,0,0,0
2026-03-27 21:28:13.687,418.202,1141,-4,15,0,1,1,0,0,1,0,0,0
2026-03-27 21:28:13.704,418.218,1141,-4,15,0,1,1,0,0,1,0,0,0
2026-03-27 21:28:13.800,418.314,1142,-4,15,0,1,1,0,0,1,0,0,0
2026-03-27 21:28:13.880,418.394,1142,-4,15,0,1,1,0,0,1,0,0,0
2026-03-27 21:28:13.975,418.489,1141,-4,15,0,1,1,0,0,1,0,0,0
2026-03-27 21:28:13.991,418.506,1142,-4,15,0,1,1,0,0,1,0,0,0
2026-03-27 21:28:14.120,418.634,1143,-4,15,0,1,1,0,0,1,0,0,0
2026-03-27 21:28:14.248,418.762,1141,-4,12,0,1,1,0,0,1,0,0,0
2026-03-27 21:28:14.344,418.858,1141,-2,15,0,1,1,0,0,1,0,0,0
2026-03-27 21:28:14.346,418.860,1142,-2,15,0,1,1,0,0,1,0,0,0
2026-03-27 21:28:14.504,419.018,1142,-4,12,0,1,1,0,0,1,0,0,0
2026-03-27 21:28:14.584,419.098,1141,-4,12,0,1,1,0,0,1,0,0,0
2026-03-27 21:28:14.585,419.099,1141,-4,15,0,1,1,0,0,1,0,0,0
2026-03-27 21:28:14.680,419.194,1142,-1,15,0,1,1,0,0,1,0,0,0
2026-03-27 21:28:14.824,419.339,1142,-4,14,0,1,1,0,0,1,0,0,0
2026-03-27 21:28:14.937,419.451,1142,-1,15,0,1,1,0,0,1,0,0,0
2026-03-27 21:28:15.079,419.594,1141,-2,15,0,1,1,0,0,1,0,0,0
2026-03-27 21:28:15.192,419.706,1141,-2,15,0,1,1,0,0,1,0,0,0
2026-03-27 21:28:15.304,419.819,1141,-4,15,0,1,1,0,0,1,0,0,0
2026-03-27 21:28:15.400,419.914,1143,-1,15,0,1,1,0,0,1,0,0,0
2026-03-27 21:28:15.416,419.930,1142,-4,15,0,1,1,0,0,1,0,0,0
2026-03-27 21:28:15.512,420.027,1142,-2,12,0,1,1,0,0,1,0,0,0
2026-03-27 21:28:15.608,420.122,1141,-4,15,0,1,1,0,0,1,0,0,0
2026-03-27 21:28:15.767,420.281,1141,-4,15,0,1,1,0,0,1,0,0,0
2026-03-27 21:28:15.784,420.298,1141,-4,15,0,1,1,0,0,1,0,0,0
2026-03-27 21:28:15.864,420.378,1141,-5,15,0,1,1,0,0,1,0,0,0
2026-03-27 21:28:15.866,420.380,1141,-4,15,0,0,1,0,0,1,0,0,0
2026-03-27 21:28:15.977,420.491,1142,-4,15,0,0,1,0,0,1,0,0,0
2026-03-27 21:28:16.088,420.602,1142,-4,15,0,0,1,0,0,1,0,0,0
2026-03-27 21:28:16.090,420.604,1141,-4,15,0,0,1,0,0,1,0,0,0
2026-03-27 21:28:16.200,420.714,1142,-5,15,0,0,1,0,0,1,0,0,0
2026-03-27 21:28:16.296,420.810,1141,-4,15,0,0,1,0,0,1,0,0,0
2026-03-27 21:28:16.392,420.906,1141,-2,15,0,0,1,0,0,1,0,0,0
2026-03-27 21:28:16.520,421.034,1141,-4,15,0,0,1,0,0,1,0,0,0
2026-03-27 21:28:16.600,421.114,1142,-4,15,0,0,1,0,0,1,0,0,0
2026-03-27 21:28:16.727,421.241,1142,-2,15,0,0,1,0,0,1,0,0,0
2026-03-27 21:28:16.776,421.290,1142,-4,15,0,0,1,0,0,1,0,0,0
2026-03-27 21:28:16.904,421.418,1141,-4,14,0,0,1,0,0,1,0,0,0
2026-03-27 21:28:17.000,421.514,1141,-2,15,0,0,1,0,0,1,0,0,0
2026-03-27 21:28:17.017,421.531,1141,-5,15,0,0,1,0,0,1,0,0,0
2026-03-27 21:28:17.112,421.626,1141,-2,15,0,0,1,0,0,1,0,0,0
2026-03-27 21:28:17.209,421.723,1141,-5,15,0,0,1,0,0,1,0,0,0
2026-03-27 21:28:17.400,421.914,1142,-4,15,0,0,1,0,0,1,0,0,0
2026-03-27 21:28:17.432,421.946,1142,-5,15,0,0,1,0,0,1,0,0,0
2026-03-27 21:28:17.434,421.948,1142,-4,15,0,0,1,0,0,1,0,0,0
2026-03-27 21:28:17.528,422.042,1142,-4,15,0,0,1,0,0,1,0,0,0
2026-03-27 21:28:17.608,422.122,1141,-5,15,0,0,1,0,0,1,0,0,0
2026-03-27 21:28:17.703,422.217,1142,-4,15,0,0,1,0,0,1,0,0,0
2026-03-27 21:28:17.817,422.331,1141,-2,15,0,0,1,0,0,1,0,0,0
2026-03-27 21:28:17.928,422.442,1142,-4,15,0,0,1,0,0,1,0,0,0
2026-03-27 21:28:17.991,422.505,1142,-4,15,0,0,1,0,0,1,0,0,0
2026-03-27 21:28:18.009,422.523,1141,-4,15,0,0,1,0,0,1,0,0,0
2026-03-27 21:28:18.088,422.602,1141,-4,15,0,0,1,0,0,1,0,0,0
2026-03-27 21:28:18.151,422.666,1141,-5,15,0,0,1,0,0,1,0,0,0
2026-03-27 21:28:18.344,422.858,1142,-4,15,0,0,1,0,0,1,0,0,0
2026-03-27 21:28:18.631,423.146,1142,-2,15,0,0,1,0,0,1,0,0,0
2026-03-27 21:28:18.648,423.162,1142,-4,15,0,0,1,0,0,1,0,0,0
2026-03-27 21:28:18.650,423.164,1143,-4,14,0,0,1,0,0,1,0,0,0
2026-03-27 21:28:18.744,423.258,1143,-4,15,0,0,1,0,0,1,0,0,0
2026-03-27 21:28:18.824,423.338,1141,-4,15,0,0,1,0,0,1,0,0,0
2026-03-27 21:28:18.888,423.402,1141,-4,15,0,0,1,0,0,1,0,0,0
2026-03-27 21:28:18.890,423.404,1141,-4,15,0,0,1,0,0,1,0,0,0
2026-03-27 21:28:19.032,423.546,1141,-4,15,0,0,1,0,0,1,0,0,0
2026-03-27 21:28:19.112,423.626,1142,-4,15,0,0,1,0,0,1,0,0,0
2026-03-27 21:28:19.256,423.770,1142,-2,15,0,0,1,0,0,1,0,0,0
2026-03-27 21:28:19.400,423.914,1142,-5,15,0,0,1,0,0,1,0,0,0
2026-03-27 21:28:19.480,423.994,1141,-4,15,0,0,1,0,0,1,0,0,0
2026-03-27 21:28:19.640,424.154,1141,-2,15,0,0,1,0,0,1,0,0,0
2026-03-27 21:28:19.704,424.218,1141,-4,15,0,0,1,0,0,1,0,0,0
2026-03-27 21:28:19.832,424.346,1142,-1,15,0,1,1,0,0,1,0,0,0
2026-03-27 21:28:19.944,424.458,1142,-4,15,0,1,1,0,0,1,0,0,0
2026-03-27 21:28:19.976,424.490,1142,-1,14,0,1,1,0,0,1,0,0,0
2026-03-27 21:28:20.072,424.586,1142,-4,15,0,1,1,0,0,1,0,0,0
2026-03-27 21:28:20.151,424.666,1141,-4,15,0,1,1,0,0,1,0,0,0
2026-03-27 21:28:20.552,425.066,1141,-4,15,0,1,1,0,0,1,0,0,0
2026-03-27 21:28:20.887,425.402,1142,-1,15,0,1,1,0,0,1,0,0,0
2026-03-27 21:28:20.968,425.482,1142,-2,15,0,1,1,0,0,1,0,0,0
2026-03-27 21:28:21.144,425.658,1143,-4,15,0,1,1,0,0,1,0,0,0
2026-03-27 21:28:21.192,425.706,1142,-4,15,0,1,1,0,0,1,0,0,0
2026-03-27 21:28:21.303,425.817,1141,-5,15,0,1,1,0,0,1,0,0,0
2026-03-27 21:28:21.304,425.819,1141,-4,15,0,1,1,0,0,1,0,0,0
2026-03-27 21:28:21.367,425.881,1141,-4,12,0,1,1,0,0,1,0,0,0
2026-03-27 21:28:21.384,425.898,1141,-5,12,0,1,1,0,0,1,0,0,0
2026-03-27 21:28:21.479,425.994,1142,-4,15,0,1,1,0,0,1,0,0,0
2026-03-27 21:28:21.576,426.090,1142,-5,15,0,1,1,0,0,1,0,0,0
2026-03-27 21:28:21.671,426.186,1142,-4,14,0,1,1,0,0,1,0,0,0
2026-03-27 21:28:21.783,426.298,1142,-4,15,0,1,1,0,0,1,0,0,0
2026-03-27 21:28:21.787,426.301,1141,-4,15,0,1,1,0,0,1,0,0,0
2026-03-27 21:28:21.912,426.426,1141,-4,15,0,1,1,0,0,1,0,0,0
2026-03-27 21:28:22.039,426.553,1142,-4,15,0,1,1,0,0,1,0,0,0
2026-03-27 21:28:22.088,426.602,1141,-5,15,0,1,1,0,0,1,0,0,0
2026-03-27 21:28:22.091,426.605,1141,-4,15,0,1,1,0,0,1,0,0,0
2026-03-27 21:28:22.232,426.746,1142,-4,15,0,1,1,0,0,1,0,0,0
2026-03-27 21:28:22.311,426.825,1142,-4,12,0,1,1,0,0,1,0,0,0
2026-03-27 21:28:22.455,426.969,1142,-5,15,0,1,1,0,0,1,0,0,0
2026-03-27 21:28:22.583,427.097,1142,-4,14,0,1,1,0,0,1,0,0,0
2026-03-27 21:28:22.647,427.161,1141,-4,14,0,1,1,0,0,1,0,0,0
2026-03-27 21:28:22.648,427.162,1141,-2,15,0,1,1,0,0,1,0,0,0
2026-03-27 21:28:22.743,427.257,1141,-5,15,0,1,1,0,0,1,0,0,0
2026-03-27 21:28:22.920,427.434,1142,-4,15,0,1,1,0,0,1,0,0,0
2026-03-27 21:28:22.922,427.436,1142,-2,15,0,1,1,0,0,1,0,0,0
2026-03-27 21:28:23.047,427.561,1142,-2,15,0,1,1,0,0,1,0,0,0
2026-03-27 21:28:23.049,427.563,1141,-5,15,0,1,1,0,0,1,0,0,0
2026-03-27 21:28:23.095,427.610,1141,-4,15,0,1,1,0,0,1,0,0,0
2026-03-27 21:28:23.175,427.689,1141,-2,14,0,1,1,0,0,1,0,0,0
2026-03-27 21:28:23.287,427.801,1142,-4,15,0,1,1,0,0,1,0,0,0
2026-03-27 21:28:23.447,427.961,1143,-2,15,0,1,1,0,0,1,0,0,0
2026-03-27 21:28:23.559,428.074,1142,-4,15,0,1,1,0,0,1,0,0,0
2026-03-27 21:28:23.561,428.075,1142,-2,15,0,1,1,0,0,1,0,0,0
2026-03-27 21:28:23.672,428.186,1142,-4,15,0,0,1,0,0,1,0,0,0
2026-03-27 21:28:23.767,428.281,1142,-4,15,0,0,1,0,0,1,0,0,0
2026-03-27 21:28:23.770,428.284,1141,-1,15,0,0,1,0,0,1,0,0,0
2026-03-27 21:28:23.912,428.426,1142,-1,15,0,0,1,0,0,1,0,0,0
2026-03-27 21:28:23.991,428.505,1142,-4,12,0,0,1,0,0,1,0,0,0
2026-03-27 21:28:23.993,428.507,1141,-5,15,0,0,1,0,0,1,0,0,0
2026-03-27 21:28:24.056,428.570,1142,-2,15,0,0,1,0,0,1,0,0,0
2026-03-27 21:28:24.231,428.745,1142,-5,15,0,0,1,0,0,1,0,0,0
2026-03-27 21:28:24.360,428.874,1142,-2,15,0,0,1,0,0,1,0,0,0
2026-03-27 21:28:24.473,428.987,1141,-5,15,0,0,1,0,0,1,0,0,0
2026-03-27 21:28:24.487,429.001,1141,-4,15,0,0,1,0,0,1,0,0,0
2026-03-27 21:28:24.615,429.129,1141,-2,15,0,0,1,0,0,1,0,0,0
2026-03-27 21:28:24.743,429.257,1141,-4,15,0,0,1,0,0,1,0,0,0
2026-03-27 21:28:24.759,429.273,1141,-4,15,0,0,1,0,0,1,0,0,0
2026-03-27 21:28:24.871,429.385,1142,-5,15,0,0,1,0,0,1,0,0,0
2026-03-27 21:28:24.919,429.433,1142,-5,15,0,0,1,0,0,1,0,0,0
2026-03-27 21:28:24.920,429.435,1142,-4,15,0,0,1,0,0,1,0,0,0
2026-03-27 21:28:25.063,429.577,1142,-5,15,0,0,1,0,0,1,0,0,0
2026-03-27 21:28:25.095,429.609,1141,-4,15,0,0,1,0,0,1,0,0,0
2026-03-27 21:28:25.159,429.673,1141,-4,15,0,0,1,0,0,1,0,0,0
2026-03-27 21:28:25.271,429.785,1141,-4,15,0,0,1,0,0,1,0,0,0
2026-03-27 21:28:25.273,429.788,1142,-4,15,0,0,1,0,0,1,0,0,0
2026-03-27 21:28:25.415,429.930,1142,-2,15,0,0,1,0,0,1,0,0,0
2026-03-27 21:28:25.418,429.932,1142,-1,15,0,0,1,0,0,1,0,0,0
2026-03-27 21:28:25.480,429.994,1142,-2,15,0,0,1,0,0,1,0,0,0
2026-03-27 21:28:25.639,430.153,1141,-5,15,0,0,1,0,0,1,0,0,0
2026-03-27 21:28:25.655,430.169,1141,-4,15,0,0,1,0,0,1,0,0,0
2026-03-27 21:28:25.672,430.186,1142,-5,15,0,0,1,0,0,1,0,0,0
2026-03-27 21:28:25.688,430.202,1141,-2,15,0,0,1,0,0,1,0,0,0
2026-03-27 21:28:25.832,430.346,1141,-2,15,0,0,1,0,0,1,0,0,0
2026-03-27 21:28:25.927,430.441,1142,-4,15,0,0,1,0,0,1,0,0,0
2026-03-27 21:28:25.992,430.506,1142,-4,15,0,0,1,0,0,1,0,0,0
2026-03-27 21:28:26.119,430.633,1142,-4,15,0,0,1,0,0,1,0,0,0
2026-03-27 21:28:26.167,430.681,1142,-4,15,0,0,1,0,0,1,0,0,0
2026-03-27 21:28:26.311,430.825,1141,-4,15,0,0,1,0,0,1,0,0,0
2026-03-27 21:28:26.391,430.905,1142,-5,15,0,0,1,0,0,1,0,0,0
2026-03-27 21:28:26.488,431.002,1141,-4,15,0,0,1,0,0,1,0,0,0
2026-03-27 21:28:26.600,431.114,1142,-4,15,0,0,1,0,0,1,0,0,0
2026-03-27 21:28:26.711,431.225,1142,-5,15,0,0,1,0,0,1,0,0,0
2026-03-27 21:28:26.791,431.305,1143,-2,15,0,0,1,0,0,1,0,0,0
2026-03-27 21:28:26.919,431.433,1141,-4,14,0,0,1,0,0,1,0,0,0
2026-03-27 21:28:27.095,431.609,1142,-4,15,0,0,1,0,0,1,0,0,0
2026-03-27 21:28:27.126,431.641,1142,-2,14,0,0,1,0,0,1,0,0,0
2026-03-27 21:28:27.128,431.642,1142,-1,15,0,0,1,0,0,1,0,0,0
2026-03-27 21:28:27.239,431.753,1142,-5,15,0,0,1,0,0,1,0,0,0
2026-03-27 21:28:27.255,431.769,1142,-4,15,0,0,1,0,0,1,0,0,0
2026-03-27 21:28:27.367,431.881,1142,-4,15,0,0,1,0,0,1,0,0,0
2026-03-27 21:28:27.479,431.993,1142,-4,15,0,0,1,0,0,1,0,0,0
2026-03-27 21:28:27.591,432.105,1142,-2,15,0,0,1,0,0,1,0,0,0
2026-03-27 21:28:27.751,432.265,1141,-4,15,0,0,1,0,0,1,0,0,0
2026-03-27 21:28:27.784,432.298,1142,-5,15,0,0,1,0,0,1,0,0,0
2026-03-27 21:28:27.880,432.394,1141,-5,15,0,0,1,0,0,1,0,0,0
2026-03-27 21:28:27.882,432.396,1142,-5,15,0,0,1,0,0,1,0,0,0
2026-03-27 21:28:28.007,432.521,1141,-4,15,0,0,1,0,0,1,0,0,0
2026-03-27 21:28:28.088,432.602,1142,-1,15,0,0,1,0,0,1,0,0,0
2026-03-27 21:28:28.119,432.633,1141,-2,15,0,0,1,0,0,1,0,0,0
2026-03-27 21:28:28.135,432.649,1141,-2,15,0,0,1,0,0,1,0,0,0
2026-03-27 21:28:28.280,432.794,1141,-4,15,0,0,1,0,0,1,0,0,0
2026-03-27 21:28:28.327,432.841,1142,-4,14,0,0,1,0,0,1,0,0,0
2026-03-27 21:28:28.328,432.842,1141,-4,15,0,0,1,0,0,1,0,0,0
2026-03-27 21:28:28.551,433.065,1141,-2,15,0,0,1,0,0,1,0,0,0
2026-03-27 21:28:28.679,433.193,1142,-4,15,0,0,1,0,0,1,0,0,0
2026-03-27 21:28:28.792,433.306,1142,-4,15,0,0,1,0,0,1,0,0,0
2026-03-27 21:28:28.839,433.353,1141,-4,15,0,0,1,0,0,1,0,0,0
2026-03-27 21:28:28.982,433.497,1141,-4,15,0,0,1,0,0,1,0,0,0
2026-03-27 21:28:28.984,433.498,1142,-4,15,0,0,1,0,0,1,0,0,0
2026-03-27 21:28:28.984,433.498,1141,-4,0,0,0,0,0,0,0,0,0,0
2026-03-27 21:28:28.985,433.500,1142,-4,15,0,0,1,0,0,1,0,0,0
2026-03-27 21:28:29.031,433.545,1142,-5,15,0,0,1,0,0,1,0,0,0
2026-03-27 21:28:29.111,433.625,1142,-4,15,0,0,1,0,0,1,0,0,0
2026-03-27 21:28:29.239,433.753,1142,-4,15,0,0,1,0,0,1,0,0,0
2026-03-27 21:28:29.255,433.769,1142,-5,15,0,0,1,0,0,1,0,0,0
2026-03-27 21:28:29.256,433.770,1142,-4,15,0,0,1,0,0,1,0,0,0
2026-03-27 21:28:29.495,434.009,1141,-4,15,0,0,1,0,0,1,0,0,0
2026-03-27 21:28:29.592,434.106,1141,-4,15,0,0,1,0,0,1,0,0,0
2026-03-27 21:28:29.751,434.265,1142,-2,15,0,0,1,0,0,1,0,0,0
2026-03-27 21:28:29.863,434.377,1142,-4,15,0,0,1,0,0,1,0,0,0
2026-03-27 21:28:30.008,434.522,1142,-4,15,0,0,1,0,0,1,0,0,0
2026-03-27 21:28:30.055,434.569,1142,-1,15,0,0,1,0,0,1,0,0,0
2026-03-27 21:28:30.135,434.649,1141,-4,15,0,0,1,0,0,1,0,0,0
2026-03-27 21:28:30.136,434.650,1141,-5,15,0,0,1,0,0,1,0,0,0
2026-03-27 21:28:30.231,434.745,1141,-4,15,0,0,1,0,0,1,0,0,0
2026-03-27 21:28:30.376,434.890,1141,-4,15,0,0,1,0,0,1,0,0,0
2026-03-27 21:28:30.391,434.905,1142,-4,15,0,0,1,0,0,1,0,0,0
2026-03-27 21:28:30.407,434.921,1142,-4,15,0,0,1,0,0,1,0,0,0
2026-03-27 21:28:30.583,435.097,1142,-5,15,0,0,1,0,0,1,0,0,0
2026-03-27 21:28:30.742,435.257,1141,-1,12,0,0,1,0,0,1,0,0,0
2026-03-27 21:28:30.745,435.259,1141,-5,15,0,0,1,0,0,1,0,0,0
2026-03-27 21:28:30.807,435.321,1141,-4,15,0,0,1,0,0,1,0,0,0
2026-03-27 21:28:30.809,435.323,1141,-5,15,0,0,1,0,0,1,0,0,0
2026-03-27 21:28:30.951,435.466,1142,-4,15,0,0,1,0,0,1,0,0,0
2026-03-27 21:28:30.999,435.514,1142,-4,15,0,0,1,0,0,1,0,0,0
2026-03-27 21:28:31.127,435.641,1142,-4,15,0,0,1,0,0,1,0,0,0
2026-03-27 21:28:31.207,435.722,1142,-4,15,0,0,1,0,0,1,0,0,0
2026-03-27 21:28:31.320,435.834,1142,-5,15,0,0,1,0,0,1,0,0,0
2026-03-27 21:28:31.368,435.882,1141,-4,15,0,0,1,0,0,1,0,0,0
2026-03-27 21:28:31.463,435.977,1142,-4,15,0,0,1,0,0,1,0,0,0
2026-03-27 21:28:31.592,436.106,1142,-4,15,0,0,1,0,0,1,0,0,0
2026-03-27 21:28:31.703,436.217,1142,-4,15,0,0,1,0,0,1,0,0,0
2026-03-27 21:28:31.705,436.219,1142,-4,15,0,0,1,0,0,1,0,0,0
2026-03-27 21:28:31.815,436.329,1142,-4,15,0,0,1,0,0,1,0,0,0
2026-03-27 21:28:31.895,436.409,1143,-2,15,0,0,1,0,0,1,0,0,0
2026-03-27 21:28:32.007,436.521,1141,-5,15,0,0,1,0,0,1,0,0,0
2026-03-27 21:28:32.103,436.618,1141,-5,15,0,0,1,0,0,1,0,0,0
2026-03-27 21:28:32.295,436.809,1142,-4,15,0,0,1,0,0,1,0,0,0
2026-03-27 21:28:32.375,436.889,1142,-4,15,0,0,1,0,0,1,0,0,0
2026-03-27 21:28:32.535,437.049,1142,-4,15,0,0,1,0,0,1,0,0,0
2026-03-27 21:28:32.663,437.177,1142,-4,15,0,0,1,0,0,1,0,0,0
2026-03-27 21:28:32.759,437.273,1141,-5,15,0,0,1,0,0,1,0,0,0
2026-03-27 21:28:32.855,437.369,1141,-4,15,0,0,1,0,0,1,0,0,0
2026-03-27 21:28:33.014,437.528,1141,-4,15,0,0,1,0,0,1,0,0,0
2026-03-27 21:28:33.078,437.592,1142,-1,15,0,0,1,0,0,1,0,0,0
2026-03-27 21:28:33.095,437.609,1142,-4,15,0,0,1,0,0,1,0,0,0
2026-03-27 21:28:33.270,437.785,1141,-5,15,0,0,1,0,0,1,0,0,0
2026-03-27 21:28:33.272,437.786,1143,-4,15,0,0,1,0,0,1,0,0,0
2026-03-27 21:28:33.273,437.788,1141,-4,15,0,0,1,0,0,1,0,0,0
2026-03-27 21:28:33.335,437.849,1141,-4,15,0,0,1,0,0,1,0,0,0
2026-03-27 21:28:33.415,437.929,1141,-4,15,0,0,1,0,0,1,0,0,0
2026-03-27 21:28:33.575,438.089,1141,-5,15,0,0,1,0,0,1,0,0,0
2026-03-27 21:28:33.671,438.185,1142,-4,15,0,0,1,0,0,1,0,0,0
2026-03-27 21:28:33.751,438.265,1141,-4,15,0,0,1,0,0,1,0,0,0
2026-03-27 21:28:33.895,438.409,1142,-4,15,0,0,1,0,0,1,0,0,0
2026-03-27 21:28:33.943,438.457,1142,-4,15,0,0,1,0,0,1,0,0,0
2026-03-27 21:28:33.944,438.458,1142,-5,15,0,0,1,0,0,1,0,0,0
2026-03-27 21:28:34.071,438.585,1141,-4,15,0,0,1,0,0,1,0,0,0
2026-03-27 21:28:34.087,438.601,1141,-4,15,0,0,1,0,0,1,0,0,0
2026-03-27 21:28:34.215,438.729,1141,-5,15,0,0,1,0,0,1,0,0,0
2026-03-27 21:28:34.327,438.841,1142,-5,15,0,0,1,0,0,1,0,0,0
2026-03-27 21:28:34.344,438.858,1142,-4,15,0,0,1,0,0,1,0,0,0
2026-03-27 21:28:34.503,439.017,1142,-4,15,0,0,1,0,0,1,0,0,0
2026-03-27 21:28:34.630,439.144,1142,-5,15,0,0,1,0,0,1,0,0,0
2026-03-27 21:28:34.647,439.161,1142,-4,15,0,0,1,0,0,1,0,0,0
2026-03-27 21:28:34.759,439.273,1141,-2,15,0,0,1,0,0,1,0,0,0
2026-03-27 21:28:34.791,439.305,1142,-4,15,0,0,1,0,0,1,0,0,0
2026-03-27 21:28:34.871,439.385,1141,-4,15,0,0,1,0,0,1,0,0,0
2026-03-27 21:28:34.873,439.387,1141,-5,15,0,0,1,0,0,1,0,0,0
2026-03-27 21:28:35.047,439.561,1141,-4,15,0,0,1,0,0,1,0,0,0
2026-03-27 21:28:35.159,439.673,1142,-2,15,0,0,1,0,0,1,0,0,0
2026-03-27 21:28:35.160,439.674,1142,-2,15,0,0,1,0,0,1,0,0,0
2026-03-27 21:28:35.162,439.676,1142,-4,15,0,0,1,0,0,1,0,0,0
2026-03-27 21:28:35.239,439.753,1142,-4,15,0,0,1,0,0,1,0,0,0
2026-03-27 21:28:35.351,439.865,1142,-4,15,0,0,1,0,0,1,0,0,0
2026-03-27 21:28:35.367,439.881,1142,-4,15,0,0,1,0,0,1,0,0,0
2026-03-27 21:28:35.369,439.883,1141,-4,15,0,0,1,0,0,1,0,0,0
2026-03-27 21:28:35.447,439.961,1141,-4,15,0,0,1,0,0,1,0,0,0
2026-03-27 21:28:35.543,440.057,1142,-5,15,0,0,1,0,0,1,0,0,0
2026-03-27 21:28:35.638,440.152,1141,-4,15,0,0,1,0,0,1,0,0,0
2026-03-27 21:28:35.640,440.154,1141,-4,15,0,0,1,0,0,1,0,0,0
2026-03-27 21:28:35.751,440.265,1142,-4,15,0,0,1,0,0,1,0,0,0
2026-03-27 21:28:35.831,440.345,1142,-4,15,0,0,1,0,0,1,0,0,0
2026-03-27 21:28:35.943,440.457,1141,-4,15,0,0,1,0,0,1,0,0,0
2026-03-27 21:28:36.006,440.521,1141,-5,15,0,0,1,0,0,1,0,0,0
2026-03-27 21:28:36.119,440.633,1141,-4,15,0,0,1,0,0,1,0,0,0
2026-03-27 21:28:36.231,440.745,1144,-4,15,0,0,1,0,0,1,0,0,0
2026-03-27 21:28:36.327,440.841,1142,-2,15,0,0,1,0,0,1,0,0,0
2026-03-27 21:28:36.455,440.969,1142,-4,15,0,0,1,0,0,1,0,0,0
2026-03-27 21:28:36.456,440.970,1142,-4,15,0,0,1,0,0,1,0,0,0
2026-03-27 21:28:36.567,441.081,1142,-4,15,0,0,1,0,0,1,0,0,0
2026-03-27 21:28:36.646,441.161,1141,-4,15,0,0,1,0,0,1,0,0,0
2026-03-27 21:28:36.807,441.321,1142,-4,15,0,0,1,0,0,1,0,0,0
2026-03-27 21:28:36.903,441.417,1141,-4,15,0,0,1,0,0,1,0,0,0
2026-03-27 21:28:37.015,441.529,1142,-2,15,0,0,1,0,0,1,0,0,0
2026-03-27 21:28:37.095,441.609,1142,-1,15,0,0,1,0,0,1,0,0,0
2026-03-27 21:28:37.272,441.786,1142,-4,15,0,0,1,0,0,1,0,0,0
2026-03-27 21:28:37.319,441.833,1141,-4,15,0,0,1,0,0,1,0,0,0
2026-03-27 21:28:37.383,441.898,1142,-4,15,0,0,1,0,0,1,0,0,0
2026-03-27 21:28:37.511,442.025,1141,-4,15,0,0,1,0,0,1,0,0,0
2026-03-27 21:28:37.623,442.137,1143,-5,15,0,0,1,0,0,1,0,0,0
2026-03-27 21:28:37.735,442.249,1142,-5,15,0,0,1,0,0,1,0,0,0
2026-03-27 21:28:37.847,442.361,1142,-2,15,0,0,1,0,0,1,0,0,0
2026-03-27 21:28:38.038,442.552,1141,-4,15,0,0,1,0,0,1,0,0,0
2026-03-27 21:28:38.039,442.554,1141,-4,15,0,0,1,0,0,1,0,0,0
2026-03-27 21:28:38.041,442.555,41,-4,15,0,0,1,0,0,1,0,0,0
2026-03-27 21:28:38.134,442.649,1141,-4,15,0,0,1,0,0,1,0,0,0
2026-03-27 21:28:38.262,442.777,1142,-4,15,0,0,1,0,0,1,0,0,0
2026-03-27 21:28:38.374,442.889,1141,-4,15,0,0,1,0,0,1,0,0,0
2026-03-27 21:28:38.455,442.969,1142,-4,15,0,0,1,0,0,1,0,0,0
2026-03-27 21:28:38.566,443.081,1141,-2,15,0,0,1,0,0,1,0,0,0
2026-03-27 21:28:38.696,443.210,1141,-4,15,0,0,1,0,0,1,0,0,0
2026-03-27 21:28:38.743,443.257,1141,-5,15,0,0,1,0,0,1,0,0,0
2026-03-27 21:28:38.822,443.337,1141,-5,15,0,0,1,0,0,1,0,0,0
2026-03-27 21:28:39.015,443.529,1142,-4,15,0,0,1,0,0,1,0,0,0
2026-03-27 21:28:39.062,443.576,1142,-4,15,0,0,1,0,0,1,0,0,0
2026-03-27 21:28:39.142,443.656,1142,-4,15,0,0,1,0,0,1,0,0,0
2026-03-27 21:28:39.144,443.658,1141,-4,15,0,0,1,0,0,1,0,0,0
2026-03-27 21:28:39.254,443.768,1142,-4,15,0,0,1,0,0,1,0,0,0
2026-03-27 21:28:39.367,443.881,1142,-4,15,0,0,1,0,0,1,0,0,0
2026-03-27 21:28:39.479,443.993,1141,-4,15,0,0,1,0,0,1,0,0,0
2026-03-27 21:28:39.574,444.088,1142,-4,15,0,0,1,0,0,1,0,0,0
2026-03-27 21:28:39.575,444.089,1142,-4,15,0,0,1,0,0,1,0,0,0
2026-03-27 21:28:39.576,444.090,0,0,0,0,0,0,0,0,1,0,0,0
2026-03-27 21:28:39.670,444.184,1142,-5,15,0,0,1,0,0,1,0,0,0
2026-03-27 21:28:39.671,444.186,1142,-4,15,0,0,1,0,0,1,0,0,0
2026-03-27 21:28:39.798,444.312,1142,-5,15,0,0,1,0,0,1,0,0,0
2026-03-27 21:28:39.800,444.314,1143,-4,15,0,0,1,0,0,1,0,0,0
2026-03-27 21:28:39.863,444.377,1142,-2,14,0,0,1,0,0,1,0,0,0
2026-03-27 21:28:39.864,444.378,1142,-2,15,0,0,1,0,0,1,0,0,0
2026-03-27 21:28:40.007,444.521,1141,-4,15,0,0,1,0,0,1,0,0,0
2026-03-27 21:28:40.102,444.616,1142,-4,15,0,0,1,0,0,1,0,0,0
2026-03-27 21:28:40.104,444.619,1141,-4,15,0,0,1,0,0,1,0,0,0
2026-03-27 21:28:40.294,444.809,1142,-4,14,0,0,1,0,0,1,0,0,0
2026-03-27 21:28:40.359,444.873,1142,-4,15,0,0,1,0,0,1,0,0,0
2026-03-27 21:28:40.422,444.937,1142,-5,15,0,0,1,0,0,1,0,0,0
2026-03-27 21:28:40.425,444.939,1142,-4,15,0,0,1,0,0,1,0,0,0
2026-03-27 21:28:40.518,445.033,1142,-4,15,0,0,1,0,0,1,0,0,0
2026-03-27 21:28:40.663,445.177,1141,-4,15,0,0,1,0,0,1,0,0,0
2026-03-27 21:28:40.759,445.273,1142,-5,15,0,0,1,0,0,1,0,0,0
2026-03-27 21:28:40.838,445.353,1141,-4,15,0,0,1,0,0,1,0,0,0
2026-03-27 21:28:40.919,445.433,1142,-4,15,0,0,1,0,0,1,0,0,0
2026-03-27 21:28:41.063,445.577,1143,-4,15,0,0,1,0,0,1,0,0,0
2026-03-27 21:28:41.079,445.594,1141,-4,15,0,0,1,0,0,1,0,0,0
2026-03-27 21:28:41.142,445.656,1141,-4,15,0,0,1,0,0,1,0,0,0
2026-03-27 21:28:41.206,445.720,1141,-5,15,0,0,1,0,0,1,0,0,0
2026-03-27 21:28:41.318,445.832,1141,-2,15,0,0,1,0,0,1,0,0,0
2026-03-27 21:28:41.398,445.912,1142,-4,15,0,0,1,0,0,1,0,0,0
2026-03-27 21:28:41.399,445.913,1142,-5,15,0,0,1,0,0,1,0,0,0
2026-03-27 21:28:41.462,445.976,1142,-4,15,0,0,1,0,0,1,0,0,0
2026-03-27 21:28:41.591,446.105,1142,-5,15,0,0,1,0,0,1,0,0,0
2026-03-27 21:28:41.686,446.200,1142,-5,15,0,0,1,0,0,1,0,0,0
2026-03-27 21:28:41.894,446.409,1141,-4,15,0,0,1,0,0,1,0,0,0
2026-03-27 21:28:41.958,446.472,1141,-4,15,0,0,1,0,0,1,0,0,0
2026-03-27 21:28:41.974,446.489,1142,-4,15,0,0,1,0,0,1,0,0,0
2026-03-27 21:28:42.022,446.536,1142,-4,15,0,0,1,0,0,1,0,0,0
2026-03-27 21:28:42.198,446.712,1142,-5,15,0,0,1,0,0,1,0,0,0
2026-03-27 21:28:42.246,446.760,1142,-4,15,0,0,1,0,0,1,0,0,0
2026-03-27 21:28:42.310,446.824,1142,-4,15,0,0,1,0,0,1,0,0,0
2026-03-27 21:28:42.311,446.825,1142,-5,15,0,0,1,0,0,1,0,0,0
2026-03-27 21:28:42.313,446.827,1141,-4,15,0,0,1,0,0,1,0,0,0
2026-03-27 21:28:42.406,446.921,1141,-1,15,0,0,1,0,0,1,0,0,0
2026-03-27 21:28:42.519,447.033,1141,-2,15,0,0,1,0,0,1,0,0,0
2026-03-27 21:28:42.630,447.144,1141,-4,15,0,0,1,0,0,1,0,0,0
2026-03-27 21:28:42.759,447.273,1141,-4,15,0,0,1,0,0,1,0,0,0
2026-03-27 21:28:42.806,447.321,1142,-4,15,0,0,1,0,0,1,0,0,0
2026-03-27 21:28:42.870,447.384,1142,-4,15,0,0,1,0,0,1,0,0,0
2026-03-27 21:28:43.015,447.529,1142,-2,15,0,0,1,0,0,1,0,0,0
2026-03-27 21:28:43.017,447.531,1141,-4,15,0,0,1,0,0,1,0,0,0
2026-03-27 21:28:43.176,447.690,1142,-4,15,0,0,1,0,0,1,0,0,0
2026-03-27 21:28:43.270,447.785,1141,-5,15,0,0,1,0,0,1,0,0,0
2026-03-27 21:28:43.286,447.800,1141,-4,15,0,0,1,0,0,1,0,0,0
2026-03-27 21:28:43.289,447.803,1142,-4,15,0,0,1,0,0,1,0,0,0
2026-03-27 21:28:43.479,447.993,1142,-5,15,0,0,1,0,0,1,0,0,0
2026-03-27 21:28:43.482,447.996,1142,-4,15,0,0,1,0,0,1,0,0,0
2026-03-27 21:28:43.559,448.073,1142,-5,15,0,0,1,0,0,1,0,0,0
2026-03-27 21:28:43.670,448.184,1141,-4,15,0,0,1,0,0,1,0,0,0
2026-03-27 21:28:43.686,448.200,1141,-2,15,0,0,1,0,0,1,0,0,0
2026-03-27 21:28:43.688,448.202,1141,-5,15,0,0,1,0,0,1,0,0,0
2026-03-27 21:28:43.799,448.313,1142,-5,15,0,0,1,0,0,1,0,0,0
2026-03-27 21:28:43.801,448.316,1142,-4,15,0,0,1,0,0,1,0,0,0
2026-03-27 21:28:43.910,448.424,1142,-5,15,0,0,1,0,0,1,0,0,0
2026-03-27 21:28:43.927,448.441,1142,-4,15,0,0,1,0,0,1,0,0,0
2026-03-27 21:28:44.055,448.569,1142,-5,15,0,0,1,0,0,1,0,0,0
2026-03-27 21:28:44.246,448.760,1142,-5,15,0,0,1,0,0,1,0,0,0
2026-03-27 21:28:44.247,448.762,1142,-4,15,0,0,1,0,0,1,0,0,0
2026-03-27 21:28:44.295,448.809,1142,-4,15,0,1,1,0,0,1,0,0,0
2026-03-27 21:28:44.439,448.953,1141,-4,15,0,1,1,0,0,1,0,0,0
2026-03-27 21:28:44.440,448.955,1141,-1,15,0,1,1,0,0,0,0,0,0
2026-03-27 21:28:44.454,448.968,1141,-2,15,0,1,1,0,0,1,0,0,0
2026-03-27 21:28:44.534,449.048,1142,-1,15,0,1,1,0,0,1,0,0,0
2026-03-27 21:28:44.631,449.145,1142,-4,15,0,1,1,0,0,1,0,0,0
2026-03-27 21:28:44.632,449.147,1141,-4,15,0,1,1,0,0,1,0,0,0
2026-03-27 21:28:44.710,449.224,1141,-4,15,0,1,1,0,0,1,0,0,0
2026-03-27 21:28:44.711,449.226,1142,-4,14,0,1,1,0,0,1,0,0,0
2026-03-27 21:28:44.790,449.304,1142,-2,15,0,1,1,0,0,1,0,0,0
2026-03-27 21:28:44.791,449.305,1142,-2,15,0,1,1,0,0,1,0,0,0
2026-03-27 21:28:44.950,449.464,1142,-4,15,0,1,1,0,0,1,0,0,0
2026-03-27 21:28:45.159,449.673,1141,-4,15,0,1,1,0,0,1,0,0,0
2026-03-27 21:28:45.238,449.752,1141,-4,15,0,1,1,0,0,1,0,0,0
2026-03-27 21:28:45.240,449.754,1141,-4,14,0,1,1,0,0,1,0,0,0
2026-03-27 21:28:45.302,449.816,1141,-4,15,0,1,1,0,0,1,0,0,0
2026-03-27 21:28:45.494,450.008,1142,-4,15,0,1,1,0,0,1,0,0,0
2026-03-27 21:28:45.606,450.120,1142,-2,15,0,1,1,0,0,1,0,0,0
2026-03-27 21:28:45.654,450.169,1142,-4,15,0,1,1,0,0,1,0,0,0
2026-03-27 21:28:45.815,450.329,1141,-4,15,0,1,1,0,0,1,0,0,0
2026-03-27 21:28:45.878,450.392,1142,-2,15,0,1,1,0,0,1,0,0,0
2026-03-27 21:28:45.880,450.394,1142,-2,15,0,1,1,0,0,1,0,0,0
2026-03-27 21:28:46.087,450.601,1141,-4,15,0,1,1,0,0,1,0,0,0
2026-03-27 21:28:46.199,450.713,1142,-4,15,0,1,1,0,0,1,0,0,0
2026-03-27 21:28:46.326,450.840,1142,-4,15,0,0,1,0,0,1,0,0,0
2026-03-27 21:28:46.406,450.921,1141,-4,15,0,0,1,0,0,1,0,0,0
2026-03-27 21:28:46.534,451.049,1141,-2,15,0,0,1,0,0,1,0,0,0
2026-03-27 21:28:46.598,451.113,1142,-4,15,0,0,1,0,0,1,0,0,0
2026-03-27 21:28:46.662,451.176,1142,-5,15,0,0,1,0,0,1,0,0,0
2026-03-27 21:28:46.806,451.320,1142,-4,15,0,0,1,0,0,1,0,0,0
2026-03-27 21:28:46.966,451.480,1141,-4,15,0,0,1,0,0,1,0,0,0
2026-03-27 21:28:47.014,451.528,1141,-4,15,0,0,1,0,0,1,0,0,0
2026-03-27 21:28:47.126,451.640,1141,-4,15,0,0,1,0,0,1,0,0,0
2026-03-27 21:28:47.222,451.736,1141,-4,15,0,0,1,0,0,1,0,0,0
2026-03-27 21:28:47.287,451.801,1142,-4,14,0,0,1,0,0,1,0,0,0
2026-03-27 21:28:47.399,451.913,1142,-4,15,0,0,1,0,0,1,0,0,0
2026-03-27 21:28:47.495,452.009,1142,-4,15,0,0,1,0,0,1,0,0,0
2026-03-27 21:28:47.606,452.120,1142,-4,14,0,0,1,0,0,1,0,0,0
2026-03-27 21:28:47.719,452.233,1142,-5,15,0,0,1,0,0,1,0,0,0
2026-03-27 21:28:47.847,452.361,1142,-5,15,0,0,1,0,0,1,0,0,0
2026-03-27 21:28:48.023,452.537,1142,-2,15,0,0,1,0,0,1,0,0,0
2026-03-27 21:28:48.119,452.633,1142,-4,15,0,1,1,0,0,1,0,0,0
2026-03-27 21:28:48.231,452.745,1142,-4,15,0,1,1,0,0,1,0,0,0
2026-03-27 21:28:48.311,452.825,1141,-4,15,0,1,1,0,0,1,0,0,0
2026-03-27 21:28:48.487,453.001,1141,-2,15,0,1,1,0,0,1,0,0,0
2026-03-27 21:28:48.534,453.049,1141,-4,15,0,1,1,0,0,1,0,0,0
2026-03-27 21:28:48.662,453.176,1142,-4,15,0,1,1,0,0,1,0,0,0
2026-03-27 21:28:48.664,453.179,1142,-4,15,0,1,1,0,0,1,0,0,0
2026-03-27 21:28:48.774,453.288,1142,-4,15,0,1,1,0,0,1,0,0,0
2026-03-27 21:28:48.902,453.417,1141,-4,15,0,1,1,0,0,1,0,0,0
2026-03-27 21:28:48.998,453.512,1141,-2,14,0,1,1,0,0,1,0,0,0
2026-03-27 21:28:49.062,453.576,1141,-4,15,0,1,1,0,0,1,0,0,0
2026-03-27 21:28:49.175,453.689,1142,-4,15,0,1,1,0,0,1,0,0,0
2026-03-27 21:28:49.191,453.705,1141,-2,15,0,1,1,0,0,1,0,0,0
2026-03-27 21:28:49.350,453.864,1142,-2,15,0,1,1,0,0,1,0,0,0
2026-03-27 21:28:49.431,453.945,1142,-4,14,0,1,1,0,0,1,0,0,0
2026-03-27 21:28:49.510,454.024,1142,-5,15,0,1,1,0,0,1,0,0,0
2026-03-27 21:28:49.527,454.042,1141,-4,15,0,1,1,0,0,1,0,0,0
2026-03-27 21:28:49.702,454.216,0,0,0,0,0,0,0,0,1,0,0,0
2026-03-27 21:28:49.814,454.328,1141,-4,15,0,1,1,0,0,1,0,0,0
2026-03-27 21:28:50.006,454.520,1142,-4,15,0,1,1,0,0,1,0,0,0
2026-03-27 21:28:50.101,454.616,1142,-4,15,0,1,1,0,0,1,0,0,0
2026-03-27 21:28:50.104,454.618,1143,-4,15,0,1,1,0,0,1,0,0,0
2026-03-27 21:28:50.181,454.696,1143,-4,15,0,1,1,0,0,1,0,0,0
2026-03-27 21:28:50.294,454.808,1141,-4,15,0,1,1,0,0,1,0,0,0
2026-03-27 21:28:50.295,454.810,1141,-5,15,0,1,1,0,0,1,0,0,0
2026-03-27 21:28:50.406,454.920,1141,-4,15,0,1,1,0,0,1,0,0,0
2026-03-27 21:28:50.501,455.016,1141,-4,15,0,1,1,0,0,1,0,0,0
2026-03-27 21:28:50.503,455.017,1141,-2,15,0,1,1,0,0,1,0,0,0
2026-03-27 21:28:50.582,455.097,1141,-2,15,0,1,1,0,0,1,0,0,0
2026-03-27 21:28:50.822,455.336,1142,-2,15,0,1,1,0,0,1,0,0,0
2026-03-27 21:28:50.982,455.497,1142,-4,15,0,1,1,0,0,1,0,0,0
2026-03-27 21:28:51.078,455.593,1141,-2,15,0,1,1,0,0,1,0,0,0
2026-03-27 21:28:51.189,455.703,1141,-4,15,0,1,1,0,0,1,0,0,0
2026-03-27 21:28:51.333,455.847,1142,-2,15,0,1,1,0,0,1,0,0,0
2026-03-27 21:28:51.335,455.849,1142,-2,15,0,1,1,0,0,1,0,0,0
2026-03-27 21:28:51.414,455.928,1142,-4,15,0,1,1,0,0,1,0,0,0
2026-03-27 21:28:51.430,455.944,1142,-4,15,0,1,1,0,0,1,0,0,0
2026-03-27 21:28:51.525,456.039,1141,-5,15,0,1,1,0,0,1,0,0,0
2026-03-27 21:28:51.542,456.056,1141,-4,15,0,1,1,0,0,1,0,0,0
2026-03-27 21:28:51.622,456.136,1141,-4,15,0,1,1,0,0,1,0,0,0
2026-03-27 21:28:51.766,456.280,1142,-2,15,0,1,1,0,0,1,0,0,0
2026-03-27 21:28:51.862,456.376,1141,-2,15,0,1,1,0,0,1,0,0,0
2026-03-27 21:28:51.973,456.488,1141,-4,15,0,1,1,0,0,1,0,0,0
2026-03-27 21:28:51.975,456.489,1142,-4,15,0,1,1,0,0,1,0,0,0
2026-03-27 21:28:51.976,456.490,11,0,0,0,0,0,0,0,0,0,0,0
2026-03-27 21:28:51.989,456.503,1142,-2,15,0,1,1,0,0,1,0,0,0
2026-03-27 21:28:52.022,456.537,1142,-2,15,0,1,1,0,0,1,0,0,0
2026-03-27 21:28:52.102,456.616,1142,-5,15,0,1,1,0,0,1,0,0,0
2026-03-27 21:28:52.214,456.728,1141,-4,15,0,1,1,0,0,1,0,0,0
2026-03-27 21:28:52.326,456.841,1141,-4,15,0,1,1,0,0,1,0,0,0
2026-03-27 21:28:52.438,456.952,1141,-5,15,0,1,1,0,0,1,0,0,0
2026-03-27 21:28:52.518,457.032,1142,-2,12,0,1,1,0,0,1,0,0,0
2026-03-27 21:28:52.630,457.144,1142,-4,15,0,1,1,0,0,1,0,0,0
2026-03-27 21:28:52.758,457.272,1142,-4,15,0,1,1,0,0,1,0,0,0
2026-03-27 21:28:52.854,457.369,1141,-4,15,0,1,1,0,0,1,0,0,0
2026-03-27 21:28:52.982,457.496,1142,-4,15,0,1,1,0,0,1,0,0,0
2026-03-27 21:28:53.110,457.624,1141,-4,15,0,1,1,0,0,1,0,0,0
2026-03-27 21:28:53.317,457.831,1141,-4,15,0,1,1,0,0,1,0,0,0
2026-03-27 21:28:53.319,457.833,1141,-4,14,0,1,1,0,0,1,0,0,0
2026-03-27 21:28:53.397,457.911,1142,-4,15,0,1,1,0,0,1,0,0,0
2026-03-27 21:28:53.399,457.913,1142,-5,15,0,1,1,0,0,1,0,0,0
2026-03-27 21:28:53.430,457.944,1142,-4,15,0,0,1,0,0,1,0,0,0
2026-03-27 21:28:53.526,458.040,1141,-4,15,0,0,1,0,0,1,0,0,0
2026-03-27 21:28:53.541,458.056,1141,-4,15,0,0,1,0,0,1,0,0,0
2026-03-27 21:28:53.654,458.168,1141,-4,15,0,0,1,0,0,1,0,0,0
2026-03-27 21:28:53.655,458.169,1142,-4,15,0,0,1,0,0,1,0,0,0
2026-03-27 21:28:53.765,458.279,1142,-4,15,0,0,1,0,0,1,0,0,0
2026-03-27 21:28:53.846,458.360,1142,-4,15,0,0,1,0,0,1,0,0,0
2026-03-27 21:28:53.926,458.440,1142,-2,15,0,0,1,0,0,1,0,0,0
2026-03-27 21:28:54.006,458.520,1141,-4,15,0,0,1,0,0,1,0,0,0
2026-03-27 21:28:54.118,458.632,1141,-5,15,0,0,1,0,0,1,0,0,0
2026-03-27 21:28:54.245,458.759,1141,-4,15,0,0,1,0,0,1,0,0,0
2026-03-27 21:28:54.246,458.760,1141,-4,15,0,0,1,0,0,1,0,0,0
2026-03-27 21:28:54.249,458.763,1141,-4,15,0,0,1,0,0,1,0,0,0
2026-03-27 21:28:54.326,458.840,1142,-4,15,0,0,1,0,0,1,0,0,0
2026-03-27 21:28:54.341,458.855,1142,-4,15,0,0,1,0,0,1,0,0,0
2026-03-27 21:28:54.470,458.985,1142,-4,15,0,0,1,0,0,1,0,0,0
2026-03-27 21:28:54.534,459.048,1142,-4,15,0,0,1,0,0,1,0,0,0
2026-03-27 21:28:54.630,459.144,1142,-4,15,0,0,1,0,0,1,0,0,0
2026-03-27 21:28:54.711,459.225,1142,-4,15,0,0,1,0,0,1,0,0,0
2026-03-27 21:28:54.838,459.352,1141,-4,14,0,0,1,0,0,1,0,0,0
2026-03-27 21:28:54.918,459.432,1142,-4,15,0,0,1,0,0,1,0,0,0
2026-03-27 21:28:55.078,459.592,1142,-5,15,0,0,1,0,0,1,0,0,0
2026-03-27 21:28:55.110,459.624,1142,-4,15,0,0,1,0,0,1,0,0,0
2026-03-27 21:28:55.334,459.848,1142,-4,15,0,0,1,0,0,1,0,0,0
2026-03-27 21:28:55.351,459.865,1141,-4,14,0,0,1,0,0,1,0,0,0
2026-03-27 21:28:55.366,459.880,1142,-4,15,0,1,1,0,0,1,0,0,0
2026-03-27 21:28:55.495,460.009,1142,-4,15,0,1,1,0,0,1,0,0,0
2026-03-27 21:28:55.589,460.104,1142,-4,14,0,1,1,0,0,1,0,0,0
2026-03-27 21:28:55.701,460.216,1142,-2,15,0,1,1,0,0,1,0,0,0
2026-03-27 21:28:55.798,460.312,1142,-4,15,0,1,1,0,0,1,0,0,0
2026-03-27 21:28:55.801,460.315,1142,-4,15,0,1,1,0,0,1,0,0,0
2026-03-27 21:28:55.909,460.423,1142,-1,15,0,1,1,0,0,1,0,0,0
2026-03-27 21:28:55.911,460.425,1142,-1,15,0,1,1,0,0,1,0,0,0
2026-03-27 21:28:56.038,460.552,1141,-4,15,0,1,1,0,0,1,0,0,0
2026-03-27 21:28:56.149,460.663,1141,-4,15,0,1,1,0,0,1,0,0,0
2026-03-27 21:28:56.165,460.679,1141,-4,15,0,1,1,0,0,1,0,0,0
2026-03-27 21:28:56.230,460.744,1141,-5,15,0,1,1,0,0,1,0,0,0
2026-03-27 21:28:56.342,460.856,1142,-4,15,0,1,1,0,0,1,0,0,0
2026-03-27 21:28:56.454,460.968,1142,-5,15,0,1,1,0,0,1,0,0,0
2026-03-27 21:28:56.501,461.016,1141,-4,15,0,1,1,0,0,1,0,0,0
2026-03-27 21:28:56.646,461.160,1141,-2,12,0,1,1,0,0,1,0,0,0
2026-03-27 21:28:56.710,461.224,1141,-4,14,0,1,1,0,0,1,0,0,0
2026-03-27 21:28:56.853,461.368,1141,-5,15,0,1,1,0,0,1,0,0,0
2026-03-27 21:28:56.934,461.448,1142,-5,15,0,1,1,0,0,1,0,0,0
2026-03-27 21:28:57.046,461.560,1142,-4,15,0,1,1,0,0,1,0,0,0
2026-03-27 21:28:57.254,461.768,1142,-4,15,0,1,1,0,0,1,0,0,0
2026-03-27 21:28:57.257,461.771,1142,-4,15,0,1,1,0,0,1,0,0,0
2026-03-27 21:28:57.478,461.992,1142,-4,15,0,1,1,0,0,1,0,0,0
2026-03-27 21:28:57.479,461.993,1142,-4,15,0,1,1,0,0,1,0,0,0
2026-03-27 21:28:57.590,462.104,1142,-2,15,0,1,1,0,0,1,0,0,0
2026-03-27 21:28:57.702,462.216,1142,-1,15,0,1,1,0,0,1,0,0,0
2026-03-27 21:28:57.846,462.360,1142,-5,15,0,1,1,0,0,1,0,0,0
2026-03-27 21:28:57.989,462.504,1141,-1,15,0,1,1,0,0,1,0,0,0
2026-03-27 21:28:57.991,462.505,1142,-5,15,0,1,1,0,0,1,0,0,0
2026-03-27 21:28:58.023,462.537,1141,-4,14,0,1,1,0,0,1,0,0,0
2026-03-27 21:28:58.118,462.632,1141,-4,15,0,1,1,0,0,1,0,0,0
2026-03-27 21:28:58.262,462.776,1141,-2,15,0,1,1,0,0,1,0,0,0
2026-03-27 21:28:58.294,462.808,1142,-2,15,0,1,1,0,0,1,0,0,0
2026-03-27 21:28:58.470,462.984,1143,-2,15,0,1,1,0,0,1,0,0,0
2026-03-27 21:28:58.501,463.016,1142,-4,15,0,1,1,0,0,1,0,0,0
2026-03-27 21:28:58.503,463.017,1142,-4,15,0,1,1,0,0,1,0,0,0
2026-03-27 21:28:58.662,463.176,1141,-4,15,0,1,1,0,0,1,0,0,0
2026-03-27 21:28:58.693,463.207,1141,-2,15,0,1,1,0,0,1,0,0,0
2026-03-27 21:28:58.709,463.223,1141,-5,15,0,1,1,0,0,1,0,0,0
2026-03-27 21:28:58.821,463.335,1141,-4,15,0,1,1,0,0,1,0,0,0
2026-03-27 21:28:58.949,463.463,1142,-4,15,0,1,1,0,0,1,0,0,0
2026-03-27 21:28:58.950,463.464,1142,-4,15,0,1,1,0,0,1,0,0,0
2026-03-27 21:28:59.029,463.543,1142,-2,15,0,1,1,0,0,1,0,0,0
2026-03-27 21:28:59.109,463.623,1141,-4,15,0,1,1,0,0,1,0,0,0
2026-03-27 21:28:59.173,463.687,1141,-2,15,0,1,1,0,0,1,0,0,0
2026-03-27 21:28:59.302,463.816,1142,-4,15,0,1,1,0,0,1,0,0,0
2026-03-27 21:28:59.461,463.975,1142,-1,15,0,1,1,0,0,1,0,0,0
2026-03-27 21:28:59.462,463.977,1142,-2,15,0,1,1,0,0,1,0,0,0
2026-03-27 21:28:59.464,463.978,1142,-2,15,0,1,1,0,0,1,0,0,0
2026-03-27 21:28:59.589,464.103,1142,-2,15,0,1,1,0,0,1,0,0,0
2026-03-27 21:28:59.734,464.248,1142,-1,15,0,0,1,0,0,1,0,0,0
2026-03-27 21:28:59.782,464.296,1141,-2,15,0,0,1,0,0,1,0,0,0
2026-03-27 21:28:59.861,464.375,1141,-4,15,0,0,1,0,0,1,0,0,0
2026-03-27 21:28:59.863,464.377,1142,-2,15,0,0,1,0,0,1,0,0,0
2026-03-27 21:28:59.973,464.487,1142,-4,15,0,0,1,0,0,1,0,0,0
2026-03-27 21:28:59.975,464.489,1142,-4,14,0,0,1,0,0,1,0,0,0
2026-03-27 21:29:00.037,464.552,1142,-4,15,0,0,1,0,0,1,0,0,0
2026-03-27 21:29:00.040,464.554,1142,-4,15,0,0,1,0,0,1,0,0,0
2026-03-27 21:29:00.165,464.680,1142,-4,15,0,0,1,0,0,1,0,0,0
2026-03-27 21:29:00.245,464.759,1142,-2,15,0,0,1,0,0,1,0,0,0
2026-03-27 21:29:00.357,464.871,1141,-4,15,0,0,1,0,0,1,0,0,0
2026-03-27 21:29:00.373,464.887,1141,-4,15,0,0,1,0,0,1,0,0,0
2026-03-27 21:29:00.469,464.983,1141,-2,15,0,0,1,0,0,1,0,0,0
2026-03-27 21:29:00.485,464.999,1142,-4,15,0,0,1,0,0,1,0,0,0
2026-03-27 21:29:00.565,465.079,1142,-2,15,0,0,1,0,0,1,0,0,0
2026-03-27 21:29:00.567,465.081,1141,-4,14,0,0,1,0,0,1,0,0,0
2026-03-27 21:29:00.678,465.192,1141,-5,15,0,0,1,0,0,1,0,0,0
2026-03-27 21:29:00.805,465.320,1142,-1,15,0,0,1,0,0,1,0,0,0
2026-03-27 21:29:00.950,465.464,1142,-2,15,0,0,1,0,0,1,0,0,0
2026-03-27 21:29:01.014,465.528,1142,-5,15,0,0,1,0,0,1,0,0,0
2026-03-27 21:29:01.157,465.671,1141,-4,15,0,0,1,0,0,1,0,0,0
2026-03-27 21:29:01.159,465.673,1141,-4,14,0,0,1,0,0,1,0,0,0
2026-03-27 21:29:01.382,465.896,1141,-4,15,0,0,1,0,0,1,0,0,0
2026-03-27 21:29:01.384,465.898,1142,-4,15,0,0,1,0,0,1,0,0,0
2026-03-27 21:29:01.430,465.944,1141,-4,15,0,0,1,0,0,1,0,0,0
2026-03-27 21:29:01.526,466.040,1142,-5,15,0,0,1,0,0,1,0,0,0
2026-03-27 21:29:01.701,466.215,1141,-1,15,0,0,1,0,0,1,0,0,0
2026-03-27 21:29:01.703,466.217,1141,-5,15,0,0,1,0,0,1,0,0,0
2026-03-27 21:29:01.733,466.247,1142,-4,14,0,0,1,0,0,1,0,0,0
2026-03-27 21:29:01.941,466.455,1141,-4,15,0,0,1,0,0,1,0,0,0
2026-03-27 21:29:01.943,466.457,1141,-4,15,0,0,1,0,0,1,0,0,0
2026-03-27 21:29:01.989,466.503,1141,-4,15,0,0,1,0,0,1,0,0,0
2026-03-27 21:29:01.991,466.506,1142,-5,15,0,0,1,0,0,1,0,0,0
2026-03-27 21:29:02.069,466.583,1142,-1,15,0,0,1,0,0,1,0,0,0
2026-03-27 21:29:02.181,466.695,1142,-5,15,0,0,1,0,0,1,0,0,0
2026-03-27 21:29:02.197,466.711,1142,-4,15,0,0,1,0,0,1,0,0,0
2026-03-27 21:29:02.261,466.775,1142,-4,15,0,0,1,0,0,1,0,0,0
2026-03-27 21:29:02.357,466.871,1142,-2,15,0,0,1,0,0,1,0,0,0
2026-03-27 21:29:02.518,467.032,1141,-2,15,0,0,1,0,0,1,0,0,0
2026-03-27 21:29:02.581,467.096,1141,-4,15,0,0,1,0,0,1,0,0,0
2026-03-27 21:29:02.725,467.239,1142,-5,15,0,0,1,0,0,1,0,0,0
2026-03-27 21:29:02.728,467.242,1142,-4,15,0,0,1,0,0,1,0,0,0
2026-03-27 21:29:02.822,467.336,1142,-4,15,0,0,1,0,0,1,0,0,0
2026-03-27 21:29:02.917,467.431,1142,-5,15,0,0,1,0,0,1,0,0,0
2026-03-27 21:29:02.918,467.432,1142,-2,15,0,0,1,0,0,1,0,0,0
2026-03-27 21:29:02.933,467.447,1142,-4,15,0,0,1,0,0,1,0,0,0
2026-03-27 21:29:03.062,467.576,1142,-4,15,0,0,1,0,0,1,0,0,0
2026-03-27 21:29:03.141,467.655,1141,-4,15,0,0,1,0,0,1,0,0,0
2026-03-27 21:29:03.205,467.719,1141,-2,15,0,0,1,0,0,1,0,0,0
2026-03-27 21:29:03.365,467.879,1141,-4,14,0,0,1,0,0,1,0,0,0
2026-03-27 21:29:03.461,467.975,1142,-5,15,0,0,1,0,0,1,0,0,0
2026-03-27 21:29:03.558,468.072,1142,-5,15,0,0,1,0,0,1,0,0,0
2026-03-27 21:29:03.701,468.215,1141,-4,15,0,0,1,0,0,1,0,0,0
2026-03-27 21:29:03.702,468.216,1141,-5,15,0,0,1,0,0,1,0,0,0
2026-03-27 21:29:03.814,468.328,1141,-4,15,0,0,1,0,0,1,0,0,0
2026-03-27 21:29:03.893,468.407,1141,-4,15,0,0,1,0,0,1,0,0,0
2026-03-27 21:29:04.037,468.552,1141,-5,15,0,0,1,0,0,1,0,0,0
2026-03-27 21:29:04.165,468.679,1142,-4,15,0,0,1,0,0,1,0,0,0
2026-03-27 21:29:04.167,468.681,1142,-2,15,0,0,1,0,0,1,0,0,0
2026-03-27 21:29:04.213,468.727,1142,-2,15,0,0,1,0,0,1,0,0,0
2026-03-27 21:29:04.357,468.871,1141,-4,15,0,0,1,0,0,1,0,0,0
2026-03-27 21:29:04.373,468.888,1141,-4,15,0,0,1,0,0,1,0,0,0
2026-03-27 21:29:04.485,468.999,1142,-4,15,0,0,1,0,0,1,0,0,0
2026-03-27 21:29:04.549,469.063,1141,-2,15,0,0,1,0,0,1,0,0,0
2026-03-27 21:29:04.645,469.159,1142,-4,15,0,0,1,0,0,1,0,0,0
2026-03-27 21:29:04.661,469.175,1142,-4,15,0,0,1,0,0,1,0,0,0
2026-03-27 21:29:04.663,469.177,1141,-1,15,0,0,1,0,0,1,0,0,0
2026-03-27 21:29:04.806,469.320,1142,-2,15,0,0,1,0,0,1,0,0,0
2026-03-27 21:29:04.837,469.351,1142,-2,15,0,0,1,0,0,1,0,0,0
2026-03-27 21:29:04.838,469.352,1142,-1,15,0,0,1,0,0,1,0,0,0
2026-03-27 21:29:04.982,469.496,1142,-4,15,0,0,1,0,0,1,0,0,0
2026-03-27 21:29:05.109,469.624,1141,-2,15,0,0,1,0,0,1,0,0,0
2026-03-27 21:29:05.253,469.768,1141,-4,15,0,0,1,0,0,1,0,0,0
2026-03-27 21:29:05.255,469.769,1141,-5,15,0,0,1,0,0,1,0,0,0
2026-03-27 21:29:05.285,469.799,1141,-4,15,0,0,1,0,0,1,0,0,0
2026-03-27 21:29:05.381,469.895,1142,-5,15,0,0,1,0,0,1,0,0,0
2026-03-27 21:29:05.493,470.007,1142,-5,15,0,0,1,0,0,1,0,0,0
2026-03-27 21:29:05.622,470.136,1142,-4,15,0,0,1,0,0,1,0,0,0
2026-03-27 21:29:05.654,470.168,1141,-4,15,0,0,1,0,0,1,0,0,0
2026-03-27 21:29:05.765,470.279,1141,-4,15,0,0,1,0,0,1,0,0,0
2026-03-27 21:29:05.957,470.471,1142,-4,15,0,0,1,0,0,1,0,0,0
2026-03-27 21:29:06.101,470.615,1142,-4,15,0,0,1,0,0,1,0,0,0
2026-03-27 21:29:06.102,470.616,1142,-4,15,0,0,1,0,0,1,0,0,0
2026-03-27 21:29:06.104,470.618,1141,-4,15,0,0,1,0,0,1,0,0,0
2026-03-27 21:29:06.182,470.696,1142,-4,14,0,0,1,0,0,1,0,0,0
2026-03-27 21:29:06.309,470.823,1142,-4,15,0,0,1,0,0,1,0,0,0
2026-03-27 21:29:06.405,470.919,1141,-5,15,0,0,1,0,0,1,0,0,0
2026-03-27 21:29:06.549,471.063,1142,-4,15,0,0,1,0,0,1,0,0,0
2026-03-27 21:29:06.661,471.175,1141,-4,15,0,0,1,0,0,1,0,0,0
2026-03-27 21:29:06.677,471.191,1141,-4,15,0,0,1,0,0,1,0,0,0
2026-03-27 21:29:06.725,471.239,1142,-2,15,0,0,1,0,0,1,0,0,0
2026-03-27 21:29:06.853,471.367,1142,-4,14,0,0,1,0,0,1,0,0,0
2026-03-27 21:29:06.917,471.431,1142,-4,15,0,0,1,0,0,1,0,0,0
2026-03-27 21:29:07.060,471.575,1141,-4,15,0,0,1,0,0,1,0,0,0
2026-03-27 21:29:07.062,471.576,1141,-4,15,0,0,1,0,0,1,0,0,0
2026-03-27 21:29:07.077,471.591,1141,-4,15,0,0,1,0,0,1,0,0,0
2026-03-27 21:29:07.173,471.687,1142,-4,15,0,0,1,0,0,1,0,0,0
2026-03-27 21:29:07.333,471.847,1142,-2,15,0,0,1,0,0,1,0,0,0
2026-03-27 21:29:07.397,471.911,1142,-4,15,0,0,1,0,0,1,0,0,0
2026-03-27 21:29:07.477,471.991,1142,-4,15,0,0,1,0,0,1,0,0,0
2026-03-27 21:29:07.637,472.151,1142,-4,15,0,0,1,0,0,1,0,0,0
2026-03-27 21:29:07.669,472.183,1141,-4,15,0,0,1,0,0,1,0,0,0
2026-03-27 21:29:07.797,472.311,1141,-4,15,0,0,1,0,0,1,0,0,0
2026-03-27 21:29:07.812,472.326,1143,-4,15,0,0,1,0,0,1,0,0,0
2026-03-27 21:29:07.957,472.471,1142,-4,15,0,0,1,0,0,1,0,0,0
2026-03-27 21:29:08.037,472.551,1142,-4,15,0,0,1,0,0,1,0,0,0
2026-03-27 21:29:08.101,472.615,1142,-4,15,0,0,1,0,0,1,0,0,0
2026-03-27 21:29:08.277,472.791,1142,-1,15,0,0,1,0,0,1,0,0,0
2026-03-27 21:29:08.324,472.839,1141,-4,15,0,0,1,0,0,1,0,0,0
2026-03-27 21:29:08.326,472.840,1141,-4,15,0,0,1,0,0,1,0,0,0
2026-03-27 21:29:08.422,472.936,1142,-4,15,0,0,1,0,0,1,0,0,0
2026-03-27 21:29:08.517,473.031,1142,-4,15,0,0,1,0,0,1,0,0,0
2026-03-27 21:29:08.645,473.159,1141,-5,15,0,0,1,0,0,1,0,0,0
2026-03-27 21:29:08.647,473.161,1142,-4,15,0,0,1,0,0,1,0,0,0
2026-03-27 21:29:08.709,473.223,1142,-2,15,0,0,1,0,0,1,0,0,0
2026-03-27 21:29:08.725,473.239,1142,-2,15,0,0,1,0,0,1,0,0,0
2026-03-27 21:29:08.853,473.367,1142,-4,15,0,0,1,0,0,1,0,0,0
2026-03-27 21:29:08.949,473.463,1142,-4,15,0,0,1,0,0,1,0,0,0
2026-03-27 21:29:08.950,473.464,1142,-4,15,0,0,1,0,0,1,0,0,0
2026-03-27 21:29:09.077,473.591,1141,-4,15,0,0,1,0,0,1,0,0,0
2026-03-27 21:29:09.205,473.719,1141,-4,15,0,0,1,0,0,1,0,0,0
2026-03-27 21:29:09.317,473.831,1141,-4,15,0,0,1,0,0,1,0,0,0
2026-03-27 21:29:09.444,473.958,1142,-4,15,0,0,1,0,0,1,0,0,0
2026-03-27 21:29:09.446,473.960,1142,-4,15,0,0,1,0,0,1,0,0,0
2026-03-27 21:29:09.447,473.961,1142,-2,15,0,0,1,0,0,1,0,0,0
2026-03-27 21:29:09.541,474.055,1142,-1,15,0,0,1,0,0,1,0,0,0
2026-03-27 21:29:09.556,474.070,1142,-5,15,0,0,1,0,0,1,0,0,0
2026-03-27 21:29:09.653,474.167,1142,-5,15,0,0,1,0,0,1,0,0,0
2026-03-27 21:29:09.797,474.311,1141,-4,15,0,0,1,0,0,1,0,0,0
2026-03-27 21:29:09.830,474.344,1141,-4,15,0,0,1,0,0,1,0,0,0
2026-03-27 21:29:09.925,474.439,1142,-4,15,0,0,1,0,0,1,0,0,0
2026-03-27 21:29:10.070,474.584,1142,-4,15,0,0,1,0,0,1,0,0,0
2026-03-27 21:29:10.133,474.647,1142,-4,15,0,0,1,0,0,1,0,0,0
2026-03-27 21:29:10.277,474.791,1142,-5,15,0,0,1,0,0,1,0,0,0
2026-03-27 21:29:10.405,474.919,1141,-2,15,0,0,1,0,0,1,0,0,0
2026-03-27 21:29:10.517,475.031,1141,-5,15,0,0,1,0,0,1,0,0,0
2026-03-27 21:29:10.629,475.143,1142,-1,15,0,0,1,0,0,1,0,0,0
2026-03-27 21:29:10.709,475.223,1142,-2,15,0,0,1,0,0,1,0,0,0
2026-03-27 21:29:10.711,475.225,1143,-4,15,0,0,1,0,0,1,0,0,0
2026-03-27 21:29:10.885,475.399,1143,-5,15,0,0,1,0,0,1,0,0,0
2026-03-27 21:29:10.965,475.479,1142,-4,15,0,0,1,0,0,1,0,0,0
2026-03-27 21:29:11.077,475.591,1141,-2,15,0,0,1,0,0,1,0,0,0
2026-03-27 21:29:11.205,475.720,1141,-5,15,0,0,1,0,0,1,0,0,0
2026-03-27 21:29:11.317,475.831,1142,-4,15,0,0,1,0,0,1,0,0,0
2026-03-27 21:29:11.364,475.878,1141,-4,15,0,0,1,0,0,1,0,0,0
2026-03-27 21:29:11.365,475.879,1142,-4,15,0,0,1,0,0,1,0,0,0
2026-03-27 21:29:11.509,476.023,1142,-4,15,0,0,1,0,0,1,0,0,0
2026-03-27 21:29:11.589,476.104,1142,-5,15,0,0,1,0,0,1,0,0,0
2026-03-27 21:29:11.685,476.199,1142,-2,15,0,0,1,0,0,1,0,0,0
2026-03-27 21:29:11.813,476.327,1141,-4,15,0,0,1,0,0,1,0,0,0
2026-03-27 21:29:11.925,476.439,1142,-4,15,0,0,1,0,0,1,0,0,0
2026-03-27 21:29:11.957,476.471,1141,-2,12,0,0,1,0,0,1,0,0,0
2026-03-27 21:29:12.069,476.583,1142,-4,15,0,0,1,0,0,1,0,0,0
2026-03-27 21:29:12.197,476.711,1142,-2,15,0,0,1,0,0,1,0,0,0
2026-03-27 21:29:12.292,476.807,1141,-5,15,0,0,1,0,0,1,0,0,0
2026-03-27 21:29:12.308,476.822,1141,-4,15,0,0,1,0,0,1,0,0,0
2026-03-27 21:29:12.373,476.887,1141,-4,15,0,0,1,0,0,1,0,0,0
2026-03-27 21:29:12.389,476.904,1141,-2,15,0,0,1,0,0,1,0,0,0
2026-03-27 21:29:12.469,476.983,1141,-5,15,0,0,1,0,0,1,0,0,0
2026-03-27 21:29:12.471,476.985,1141,-5,15,0,0,1,0,0,1,0,0,0
2026-03-27 21:29:12.693,477.207,1142,-4,15,0,0,1,0,0,1,0,0,0
2026-03-27 21:29:12.804,477.318,1142,-4,14,0,0,1,0,0,1,0,0,0
2026-03-27 21:29:12.965,477.479,1142,-5,15,0,0,1,0,0,1,0,0,0
2026-03-27 21:29:13.076,477.591,1141,-4,15,0,0,1,0,0,1,0,0,0
2026-03-27 21:29:13.189,477.703,1142,-4,14,0,0,1,0,0,1,0,0,0
2026-03-27 21:29:13.269,477.783,1142,-4,15,0,0,1,0,0,1,0,0,0
2026-03-27 21:29:13.413,477.927,1142,-4,15,0,0,1,0,0,1,0,0,0
2026-03-27 21:29:13.461,477.975,1142,-4,15,0,0,1,0,0,1,0,0,0
2026-03-27 21:29:13.589,478.103,1142,-4,15,0,0,1,0,0,1,0,0,0
2026-03-27 21:29:13.733,478.247,1141,-4,15,0,0,1,0,0,1,0,0,0
2026-03-27 21:29:13.861,478.375,1141,-2,15,0,0,1,0,0,1,0,0,0
2026-03-27 21:29:13.925,478.439,1141,-4,15,0,0,1,0,0,1,0,0,0
2026-03-27 21:29:13.989,478.503,1142,-2,15,0,0,1,0,0,1,0,0,0
2026-03-27 21:29:14.004,478.518,1142,-4,15,0,0,1,0,0,1,0,0,0
2026-03-27 21:29:14.133,478.647,1142,-4,15,0,0,1,0,0,1,0,0,0
2026-03-27 21:29:14.245,478.759,1142,-5,15,0,0,1,0,0,1,0,0,0
2026-03-27 21:29:14.308,478.822,1142,-4,15,0,0,1,0,0,1,0,0,0
2026-03-27 21:29:14.324,478.838,1141,-4,15,0,0,1,0,0,1,0,0,0
2026-03-27 21:29:14.326,478.840,1141,-4,0,0,0,0,0,0,1,0,0,0
2026-03-27 21:29:14.469,478.983,1141,-4,14,0,0,1,0,0,1,0,0,0
2026-03-27 21:29:14.581,479.095,1141,-4,14,0,0,1,0,0,1,0,0,0
2026-03-27 21:29:14.645,479.159,1141,-4,15,0,0,1,0,0,1,0,0,0
2026-03-27 21:29:14.647,479.161,1142,-4,15,0,0,1,0,0,1,0,0,0
2026-03-27 21:29:14.773,479.287,1141,-5,15,0,0,1,0,0,1,0,0,0
2026-03-27 21:29:14.837,479.351,1142,-4,15,0,0,1,0,0,1,0,0,0
2026-03-27 21:29:15.029,479.543,1141,-5,15,0,0,1,0,0,1,0,0,0
2026-03-27 21:29:15.141,479.655,1141,-2,15,0,0,1,0,0,1,0,0,0
2026-03-27 21:29:15.237,479.751,1142,-4,15,0,0,1,0,0,1,0,0,0
2026-03-27 21:29:15.252,479.766,1141,-5,15,0,0,1,0,0,1,0,0,0
2026-03-27 21:29:15.301,479.815,1142,-4,15,0,0,1,0,0,1,0,0,0
2026-03-27 21:29:15.412,479.927,1142,-4,15,0,0,1,0,0,1,0,0,0
2026-03-27 21:29:15.525,480.039,1142,-2,15,0,0,1,0,0,1,0,0,0
2026-03-27 21:29:15.636,480.151,1141,-5,15,0,0,1,0,0,1,0,0,0
2026-03-27 21:29:15.654,480.168,1141,-4,15,0,0,1,0,0,1,0,0,0
2026-03-27 21:29:15.781,480.295,1141,-4,15,0,0,1,0,0,1,0,0,0
2026-03-27 21:29:15.813,480.327,1142,-1,14,0,0,1,0,0,1,0,0,0
2026-03-27 21:29:15.815,480.329,1142,-5,15,0,0,1,0,0,1,0,0,0
2026-03-27 21:29:15.973,480.487,1142,-4,14,0,0,1,0,0,1,0,0,0
2026-03-27 21:29:15.990,480.504,1142,-2,15,0,0,1,0,0,1,0,0,0
2026-03-27 21:29:16.037,480.551,1142,-4,15,0,0,1,0,0,1,0,0,0
2026-03-27 21:29:16.101,480.615,1142,-4,15,0,0,1,0,0,1,0,0,0
2026-03-27 21:29:16.103,480.617,1141,-4,15,0,0,1,0,0,1,0,0,0
2026-03-27 21:29:16.213,480.727,1141,-4,15,0,0,1,0,0,1,0,0,0
2026-03-27 21:29:16.230,480.744,1142,-4,15,0,0,1,0,0,1,0,0,0
2026-03-27 21:29:16.246,480.760,1141,-4,15,0,0,1,0,0,1,0,0,0
2026-03-27 21:29:16.373,480.887,1141,-5,15,0,0,1,0,0,1,0,0,0
2026-03-27 21:29:16.485,480.999,1141,-4,15,0,0,1,0,0,1,0,0,0
2026-03-27 21:29:16.500,481.014,1142,-5,15,0,0,1,0,0,1,0,0,0
2026-03-27 21:29:16.502,481.016,1142,-4,15,0,0,1,0,0,1,0,0,0
2026-03-27 21:29:16.597,481.111,1142,-4,15,0,0,1,0,0,1,0,0,0
2026-03-27 21:29:16.757,481.271,1142,-5,15,0,0,1,0,0,1,0,0,0
2026-03-27 21:29:16.900,481.414,1141,-4,14,0,0,1,0,0,1,0,0,0
2026-03-27 21:29:17.028,481.542,1141,-4,15,0,0,1,0,0,1,0,0,0
2026-03-27 21:29:17.220,481.734,1141,-4,15,0,0,1,0,0,1,0,0,0
2026-03-27 21:29:17.236,481.750,1142,-4,15,0,0,1,0,0,1,0,0,0
2026-03-27 21:29:17.316,481.830,1142,-4,15,0,0,1,0,0,1,0,0,0
2026-03-27 21:29:17.428,481.942,1142,-3,15,0,0,1,0,0,1,0,1,0
2026-03-27 21:29:17.429,481.943,1142,-3,16,0,0,1,0,0,1,0,1,0
2026-03-27 21:29:17.556,482.070,1141,-4,16,0,0,1,0,0,1,0,1,0
2026-03-27 21:29:17.572,482.086,1141,-3,15,0,0,1,0,0,1,0,1,0
2026-03-27 21:29:17.637,482.151,1141,-3,16,0,0,1,0,0,1,0,1,0
2026-03-27 21:29:17.781,482.295,1142,-4,15,0,0,1,0,0,1,0,1,0
2026-03-27 21:29:17.876,482.390,1142,-4,16,0,0,1,0,0,1,0,1,0
2026-03-27 21:29:17.878,482.392,1142,-3,16,0,0,1,0,0,1,0,1,0
2026-03-27 21:29:17.879,482.393,1142,-3,1515,0,0,1,0,0,1,0,1,0
2026-03-27 21:29:17.989,482.503,1142,-3,16,0,0,1,0,0,1,0,1,0
2026-03-27 21:29:18.084,482.599,1141,-3,16,0,0,1,0,0,1,0,1,0
2026-03-27 21:29:18.197,482.711,1141,0,16,0,0,1,0,0,1,0,1,0
2026-03-27 21:29:18.292,482.806,1141,-3,15,0,0,1,0,0,1,0,1,0
2026-03-27 21:29:18.293,482.808,1142,-3,15,0,0,1,0,0,1,0,1,0
2026-03-27 21:29:18.420,482.934,1142,-4,16,0,0,1,0,0,1,0,1,0
2026-03-27 21:29:18.532,483.046,1141,-4,15,0,0,1,0,0,1,0,1,0
2026-03-27 21:29:18.534,483.048,1142,-3,15,0,0,1,0,0,1,0,1,0
2026-03-27 21:29:18.660,483.174,1142,-4,16,0,0,1,0,0,1,0,1,0
2026-03-27 21:29:18.772,483.286,1142,-3,15,0,0,1,0,0,1,0,1,0
2026-03-27 21:29:18.774,483.288,1142,-1,16,0,0,1,0,0,1,0,1,0
2026-03-27 21:29:18.868,483.383,1141,-3,15,0,0,1,0,0,1,0,1,0
2026-03-27 21:29:18.996,483.510,1141,-4,16,0,0,1,0,0,1,0,1,0
2026-03-27 21:29:19.060,483.574,1141,-3,15,0,0,1,0,0,1,0,1,0
2026-03-27 21:29:19.061,483.575,1141,-3,15,0,0,1,0,0,1,0,1,0
2026-03-27 21:29:19.204,483.718,1142,-3,16,0,0,1,0,0,1,0,1,0
2026-03-27 21:29:19.205,483.719,1142,-3,15,0,0,1,0,0,1,0,1,0
2026-03-27 21:29:19.301,483.815,1142,-1,15,0,0,1,0,0,1,0,1,0
2026-03-27 21:29:19.318,483.832,1142,-4,15,0,0,1,0,0,1,0,1,0
2026-03-27 21:29:19.365,483.879,1143,-3,16,0,0,1,0,0,1,0,1,0
2026-03-27 21:29:19.444,483.958,1142,-5,15,0,0,1,0,0,1,0,1,0
2026-03-27 21:29:19.445,483.959,1142,-5,15,0,0,1,0,0,1,0,1,0
2026-03-27 21:29:19.541,484.056,1141,-2,15,0,0,1,0,0,1,0,1,0
2026-03-27 21:29:19.620,484.134,1141,-5,15,0,0,1,0,0,1,0,1,0
2026-03-27 21:29:19.717,484.231,1141,-4,15,0,0,1,0,0,1,0,1,0
2026-03-27 21:29:19.718,484.232,1141,-2,15,0,0,1,0,0,1,0,1,0
2026-03-27 21:29:19.845,484.359,1142,-4,15,0,0,1,0,0,1,0,1,0
2026-03-27 21:29:20.021,484.535,1142,-4,15,0,0,1,0,0,1,0,1,0
2026-03-27 21:29:20.228,484.742,1141,-2,15,0,0,1,0,0,1,0,1,0
2026-03-27 21:29:20.245,484.759,1141,-2,15,0,0,1,0,0,1,0,1,0
2026-03-27 21:29:20.247,484.761,1142,-4,15,0,0,1,0,0,1,0,1,0
2026-03-27 21:29:20.389,484.903,1142,-5,15,0,0,1,0,0,1,0,1,0
2026-03-27 21:29:20.484,484.998,1143,-4,15,0,0,1,0,0,1,0,1,0
2026-03-27 21:29:20.597,485.111,1142,-4,15,0,0,1,0,0,1,0,1,0
2026-03-27 21:29:20.677,485.191,1143,-4,15,0,0,1,0,0,1,0,1,0
2026-03-27 21:29:20.772,485.286,1141,-4,15,0,0,1,0,0,1,0,1,0
2026-03-27 21:29:20.885,485.399,1141,-2,15,0,0,1,0,0,1,0,1,0
2026-03-27 21:29:20.900,485.414,1141,-2,15,0,0,1,0,0,1,0,1,0
2026-03-27 21:29:20.980,485.495,1141,-1,15,0,0,1,0,0,1,0,1,0
2026-03-27 21:29:21.092,485.606,1142,-4,15,0,0,1,0,0,1,0,1,0
2026-03-27 21:29:21.269,485.783,1142,-4,15,0,0,1,0,0,1,0,1,0
2026-03-27 21:29:21.364,485.878,1142,-4,15,0,0,1,0,0,1,0,1,0
2026-03-27 21:29:21.444,485.958,1142,-2,15,0,0,1,0,0,1,0,1,0
2026-03-27 21:29:21.446,485.960,1142,-2,15,0,0,1,0,0,1,0,1,0
2026-03-27 21:29:21.524,486.038,1141,-4,15,0,0,1,0,0,1,0,1,0
2026-03-27 21:29:21.668,486.182,1141,-4,15,0,0,1,0,0,1,0,1,0
2026-03-27 21:29:21.671,486.185,1141,-4,15,0,0,1,0,0,1,0,1,0
2026-03-27 21:29:21.733,486.247,1142,-5,15,0,0,1,0,0,1,0,1,0
2026-03-27 21:29:21.812,486.326,1142,-2,15,0,0,1,0,0,1,0,1,0
2026-03-27 21:29:21.815,486.329,1143,-1,15,0,0,1,0,0,1,0,1,0
2026-03-27 21:29:21.956,486.470,1143,-5,15,0,0,1,0,0,1,0,1,0
2026-03-27 21:29:22.084,486.599,1142,-4,15,0,0,1,0,0,1,0,1,0
2026-03-27 21:29:22.101,486.615,1141,-5,15,0,0,1,0,0,1,0,1,0
2026-03-27 21:29:22.116,486.630,1142,-4,14,0,0,1,0,0,1,0,1,0
2026-03-27 21:29:22.277,486.791,1141,-4,15,0,0,1,0,0,1,0,1,0
2026-03-27 21:29:22.436,486.950,1141,-2,15,0,0,1,0,0,1,0,1,0
2026-03-27 21:29:22.438,486.952,1141,-1,14,0,0,1,0,0,1,0,1,0
2026-03-27 21:29:22.452,486.966,1142,-4,15,0,0,1,0,0,1,0,1,0
2026-03-27 21:29:22.485,486.999,1142,-4,15,0,0,1,0,0,1,0,1,0
2026-03-27 21:29:22.597,487.111,1142,-5,15,0,0,1,0,0,1,0,1,0
2026-03-27 21:29:22.692,487.206,1142,-5,15,0,0,1,0,0,1,0,1,0
2026-03-27 21:29:22.694,487.208,1142,-4,15,0,0,1,0,0,1,0,1,0
2026-03-27 21:29:22.695,487.209,1142,-5,15,0,0,1,0,0,1,0,1,0
2026-03-27 21:29:22.820,487.334,1142,-4,14,0,0,1,0,0,1,0,1,0
2026-03-27 21:29:22.838,487.352,1141,-4,15,0,0,1,0,0,1,0,1,0
2026-03-27 21:29:23.029,487.543,1143,-4,15,0,0,1,0,0,1,0,1,0
2026-03-27 21:29:23.125,487.639,1142,-4,15,0,0,1,0,0,1,0,1,0
2026-03-27 21:29:23.188,487.702,1142,-4,15,0,0,1,0,0,1,0,1,0
2026-03-27 21:29:23.316,487.830,1142,-4,15,0,0,1,0,0,1,0,1,0
2026-03-27 21:29:23.444,487.958,1141,-4,15,0,0,1,0,0,1,0,1,0
2026-03-27 21:29:23.460,487.974,1141,-5,15,0,0,1,0,0,1,0,1,0
2026-03-27 21:29:23.636,488.150,1141,-4,15,0,0,1,0,0,1,0,1,0
2026-03-27 21:29:23.652,488.166,1141,-4,15,0,0,1,0,0,1,0,1,0
2026-03-27 21:29:23.716,488.230,1142,-4,15,0,0,1,0,0,1,0,1,0
2026-03-27 21:29:23.717,488.231,1142,-4,15,0,0,1,0,0,1,0,1,0
2026-03-27 21:29:23.828,488.342,1143,-4,15,0,0,1,0,0,1,0,1,0
2026-03-27 21:29:23.844,488.358,1143,-4,15,0,0,1,0,0,1,0,1,0
2026-03-27 21:29:23.844,488.358,1143,-5,11,0,0,0,0,0,0,0,0,0
2026-03-27 21:29:23.846,488.360,1142,-3,15,0,0,1,0,0,1,0,1,0
2026-03-27 21:29:23.925,488.439,1142,-4,15,0,0,1,0,0,1,0,1,0
2026-03-27 21:29:24.021,488.535,1141,-4,15,0,0,1,0,0,1,0,1,0
2026-03-27 21:29:24.116,488.630,1141,-4,15,0,0,1,0,0,1,0,1,0
2026-03-27 21:29:24.228,488.743,1141,-4,15,0,0,1,0,0,1,0,1,0
2026-03-27 21:29:24.485,488.999,1142,-4,15,0,0,1,0,0,1,0,1,0
2026-03-27 21:29:24.564,489.079,1144,-5,15,0,0,1,0,0,1,0,1,0
2026-03-27 21:29:24.567,489.081,1142,-4,15,0,0,1,0,0,1,0,0,0
2026-03-27 21:29:24.660,489.174,1142,-3,16,0,0,1,0,0,1,0,0,0
2026-03-27 21:29:24.677,489.191,1141,-3,15,0,0,1,0,0,1,0,0,0
2026-03-27 21:29:24.804,489.318,1141,-4,16,0,0,1,0,0,1,0,0,0
2026-03-27 21:29:24.852,489.366,1141,-3,15,0,0,1,0,0,1,0,0,0
2026-03-27 21:29:25.044,489.558,1141,-3,16,0,0,1,0,0,1,0,0,0
2026-03-27 21:29:25.156,489.670,1142,-3,15,0,0,1,0,0,1,0,0,0
2026-03-27 21:29:25.237,489.751,1141,-3,16,0,0,1,0,0,1,0,0,0
2026-03-27 21:29:25.333,489.847,1142,-4,15,0,0,1,0,0,1,0,0,0
2026-03-27 21:29:25.364,489.878,1141,-3,15,0,0,1,0,0,1,0,0,0
2026-03-27 21:29:25.380,489.894,1141,-4,16,0,0,1,0,0,1,0,0,0
2026-03-27 21:29:25.381,489.895,1142,-3,16,0,0,1,0,0,1,0,0,0
2026-03-27 21:29:25.557,490.071,1142,-3,15,0,0,1,0,0,1,0,0,0
2026-03-27 21:29:25.559,490.073,1141,-1,13,0,0,1,0,0,1,0,0,0
2026-03-27 21:29:25.653,490.167,1141,-1,13,0,0,1,0,0,1,0,0,0
2026-03-27 21:29:25.764,490.278,1142,-4,16,0,0,1,0,0,1,0,0,0
2026-03-27 21:29:25.860,490.374,1142,-1,16,0,0,1,0,0,1,0,0,0
2026-03-27 21:29:25.988,490.502,1142,-1,15,0,0,1,0,0,1,0,0,0
2026-03-27 21:29:26.100,490.615,1141,-3,15,0,0,1,0,0,1,0,0,0
2026-03-27 21:29:26.164,490.678,1141,-3,15,0,0,1,0,0,1,0,0,0
2026-03-27 21:29:26.244,490.758,1141,-3,15,0,0,1,0,0,1,0,0,0
2026-03-27 21:29:26.372,490.886,1142,-3,15,0,0,1,0,0,1,0,0,0
2026-03-27 21:29:26.516,491.030,1142,-4,16,0,0,1,0,0,1,0,0,0
2026-03-27 21:29:26.709,491.223,1142,-3,15,0,0,1,0,0,1,0,0,0
2026-03-27 21:29:26.756,491.270,1141,-4,15,0,0,1,0,0,1,0,0,0
2026-03-27 21:29:26.868,491.383,1142,-4,15,0,0,1,0,0,1,0,0,0
2026-03-27 21:29:26.980,491.495,1141,-2,14,0,0,1,0,0,1,0,0,0
2026-03-27 21:29:27.108,491.622,1141,-2,15,0,0,1,0,0,1,0,0,0
2026-03-27 21:29:27.123,491.638,1142,-4,15,0,0,1,0,0,1,0,0,0
2026-03-27 21:29:27.173,491.687,1142,-5,15,0,0,1,0,0,1,0,0,0
2026-03-27 21:29:27.252,491.767,1142,-2,15,0,0,1,0,0,1,0,0,0
2026-03-27 21:29:27.255,491.769,1142,-4,15,0,0,1,0,0,1,0,0,0
2026-03-27 21:29:27.381,491.895,1142,-2,15,0,0,1,0,0,1,0,0,0
2026-03-27 21:29:27.460,491.974,1141,-4,15,0,0,1,0,0,1,0,0,0
2026-03-27 21:29:27.604,492.118,1141,-4,15,0,0,1,0,0,1,0,0,0
2026-03-27 21:29:27.764,492.279,1141,-4,15,0,0,1,0,0,1,0,0,0
2026-03-27 21:29:27.812,492.326,1142,-4,15,0,0,1,0,0,1,0,0,0
2026-03-27 21:29:27.860,492.374,1142,-4,15,0,0,1,0,0,1,0,0,0
2026-03-27 21:29:28.068,492.582,1141,-4,15,0,0,1,0,0,1,0,0,0
2026-03-27 21:29:28.196,492.710,1141,-4,15,0,0,1,0,0,1,0,0,0
2026-03-27 21:29:28.260,492.774,1142,-4,15,0,0,1,0,0,1,0,0,0
2026-03-27 21:29:28.436,492.950,1142,-4,15,0,0,1,0,0,1,0,0,0
2026-03-27 21:29:28.516,493.030,1142,-5,15,0,0,1,0,0,1,0,0,0
2026-03-27 21:29:28.533,493.047,1142,-5,15,0,0,1,0,0,1,0,0,0
2026-03-27 21:29:28.660,493.174,1143,-4,15,0,0,1,0,0,1,0,0,0
2026-03-27 21:29:28.692,493.207,1142,-4,15,0,0,1,0,0,1,0,0,0
2026-03-27 21:29:28.709,493.223,1141,-5,15,0,0,1,0,0,1,0,0,0
2026-03-27 21:29:28.788,493.303,1142,-4,15,0,0,1,0,0,1,0,0,0
2026-03-27 21:29:28.884,493.398,1142,-4,15,0,0,1,0,0,1,0,0,0
2026-03-27 21:29:28.885,493.399,1142,-5,15,0,0,1,0,0,1,0,0,0
2026-03-27 21:29:28.901,493.415,1141,-4,15,0,0,1,0,0,1,0,0,0
2026-03-27 21:29:28.980,493.494,1142,-4,15,0,0,1,0,0,1,0,0,0
2026-03-27 21:29:29.044,493.558,1142,-5,15,0,0,1,0,0,1,0,0,0
2026-03-27 21:29:29.124,493.639,1142,-4,15,0,0,1,0,0,1,0,0,0
2026-03-27 21:29:29.300,493.814,1141,-4,15,0,0,1,0,0,1,0,0,0
2026-03-27 21:29:29.332,493.846,1141,-2,15,0,0,1,0,0,1,0,0,0
2026-03-27 21:29:29.347,493.862,1142,-2,15,0,0,1,0,0,1,0,0,0
2026-03-27 21:29:29.475,493.989,1142,-4,15,0,0,1,0,0,1,0,0,0
2026-03-27 21:29:29.571,494.086,1142,-4,15,0,0,1,0,0,1,0,0,0
2026-03-27 21:29:29.700,494.214,1142,-2,15,0,0,1,0,0,1,0,0,0
2026-03-27 21:29:29.748,494.262,1142,-5,15,0,0,1,0,0,1,0,0,0
2026-03-27 21:29:29.924,494.439,1142,-2,15,0,0,1,0,0,1,0,0,0
2026-03-27 21:29:30.004,494.518,1142,-4,15,0,0,1,0,0,1,0,0,0
2026-03-27 21:29:30.100,494.614,1142,-2,15,0,0,1,0,0,1,0,0,0
2026-03-27 21:29:30.212,494.726,1141,-4,15,0,0,1,0,0,1,0,0,0
2026-03-27 21:29:30.213,494.727,1141,-4,15,0,0,1,0,0,1,0,0,0
2026-03-27 21:29:30.215,494.729,1142,-4,15,0,0,1,0,0,1,0,0,0
2026-03-27 21:29:30.324,494.838,1142,-4,15,0,0,1,0,0,1,0,0,0
2026-03-27 21:29:30.371,494.885,1143,-5,15,0,0,1,0,0,1,0,0,0
2026-03-27 21:29:30.388,494.902,1143,-5,15,0,0,1,0,0,1,0,0,0
2026-03-27 21:29:30.468,494.982,1141,-4,15,0,0,1,0,0,1,0,0,0
2026-03-27 21:29:30.532,495.046,1141,-5,15,0,0,1,0,0,1,0,0,0
2026-03-27 21:29:30.549,495.063,1141,-4,15,0,0,1,0,0,1,0,0,0
2026-03-27 21:29:30.708,495.222,1141,-4,15,0,0,1,0,0,1,0,0,0
2026-03-27 21:29:30.772,495.286,1142,-5,15,0,0,1,0,0,1,0,0,0
2026-03-27 21:29:30.789,495.303,1141,-4,14,0,0,1,0,0,1,0,0,0
2026-03-27 21:29:30.852,495.366,1142,-4,15,0,0,1,0,0,1,0,0,0
2026-03-27 21:29:30.854,495.368,1142,-4,15,0,0,1,0,0,1,0,0,0
2026-03-27 21:29:30.932,495.446,1142,-4,15,0,0,1,0,0,1,0,0,0
2026-03-27 21:29:31.092,495.606,1142,-5,15,0,0,1,0,0,1,0,0,0
2026-03-27 21:29:31.188,495.702,1141,-4,15,0,0,1,0,0,1,0,0,0
2026-03-27 21:29:31.203,495.717,1141,-4,15,0,0,1,0,0,0,0,0,0
2026-03-27 21:29:31.205,495.719,1141,-4,15,0,0,1,0,0,1,0,0,0
2026-03-27 21:29:31.267,495.782,1141,-4,15,0,0,1,0,0,1,0,0,0
2026-03-27 21:29:31.427,495.941,1142,-4,15,0,0,1,0,0,1,0,0,0
2026-03-27 21:29:31.429,495.943,1142,-4,15,0,0,1,0,0,1,0,0,0
2026-03-27 21:29:31.431,495.945,1142,-4,15,0,0,1,0,0,1,0,0,0
2026-03-27 21:29:31.477,495.991,1142,-4,15,0,0,1,0,0,1,0,0,0
2026-03-27 21:29:31.588,496.102,1142,-4,15,0,0,1,0,0,1,0,0,0
2026-03-27 21:29:31.748,496.262,1142,-4,15,0,0,1,0,0,1,0,0,0
2026-03-27 21:29:31.844,496.358,1141,-5,15,0,0,1,0,0,1,0,0,0
2026-03-27 21:29:31.987,496.501,1141,-4,14,0,0,1,0,0,1,0,0,0
2026-03-27 21:29:32.212,496.726,1141,-5,15,0,0,1,0,0,1,0,0,0
2026-03-27 21:29:32.260,496.774,1142,-4,15,0,0,1,0,0,1,0,0,0
2026-03-27 21:29:32.276,496.790,1142,-5,15,0,0,1,0,0,1,0,0,0
2026-03-27 21:29:32.357,496.871,1142,-5,15,0,0,1,0,0,1,0,0,0
2026-03-27 21:29:32.435,496.950,1141,-5,15,0,0,1,0,0,1,0,0,0
2026-03-27 21:29:32.548,497.062,1141,-4,15,0,0,1,0,0,1,0,0,0
2026-03-27 21:29:32.643,497.158,1142,-4,15,0,0,1,0,0,1,0,0,0
2026-03-27 21:29:32.756,497.270,1141,-4,15,0,0,1,0,0,1,0,0,0
2026-03-27 21:29:32.773,497.287,1141,-5,15,0,0,1,0,0,1,0,0,0
2026-03-27 21:29:32.915,497.430,1142,-4,15,0,0,1,0,0,1,0,0,0
2026-03-27 21:29:33.156,497.670,1140,-2,15,0,0,1,0,0,1,0,0,0
2026-03-27 21:29:33.268,497.782,1140,-5,15,0,0,1,0,0,1,0,0,0
2026-03-27 21:29:33.396,497.910,1140,-4,15,0,0,1,0,0,1,0,0,0
2026-03-27 21:29:33.508,498.023,1140,-4,15,0,0,1,0,0,1,0,0,0
2026-03-27 21:29:33.620,498.134,1141,-5,15,0,0,1,0,0,1,0,0,0
2026-03-27 21:29:33.700,498.214,1140,-2,15,0,0,1,0,0,1,0,0,0
2026-03-27 21:29:33.715,498.230,1140,-2,14,0,0,1,0,0,1,0,0,0
2026-03-27 21:29:33.764,498.278,1140,-2,14,0,0,1,0,0,1,0,0,0
2026-03-27 21:29:33.876,498.390,1140,-5,15,0,0,1,0,0,1,0,0,0
2026-03-27 21:29:33.878,498.393,1140,-5,14,0,0,1,0,0,1,0,0,0
2026-03-27 21:29:33.956,498.470,1140,-5,15,0,0,1,0,0,1,0,0,0
2026-03-27 21:29:34.100,498.614,1140,-4,12,0,0,1,0,0,1,0,0,0
2026-03-27 21:29:34.163,498.677,1140,-4,15,0,0,1,0,0,1,0,0,0
2026-03-27 21:29:34.276,498.790,1140,-5,15,0,0,1,0,0,1,0,0,0
2026-03-27 21:29:34.388,498.902,1140,-5,15,0,0,1,0,0,1,0,0,0
2026-03-27 21:29:34.390,498.904,1140,-5,15,0,0,1,0,0,1,0,0,0
2026-03-27 21:29:34.548,499.062,1140,-4,15,0,0,1,0,0,1,0,0,0
2026-03-27 21:29:34.550,499.064,1140,-4,15,0,0,1,0,0,1,0,0,0
2026-03-27 21:29:34.564,499.078,1140,-4,14,0,0,1,0,0,1,0,0,0
2026-03-27 21:29:34.565,499.079,1140,-5,15,0,0,0,0,0,0,0,0,0
2026-03-27 21:29:34.566,499.080,1140,-4,15,0,0,1,0,0,1,0,0,0
2026-03-27 21:29:34.660,499.174,1140,-4,15,0,0,1,0,0,1,0,0,0
2026-03-27 21:29:34.836,499.350,1140,-5,15,0,0,1,0,0,1,0,0,0
2026-03-27 21:29:34.867,499.381,1140,-5,15,0,0,1,0,0,1,0,0,0
2026-03-27 21:29:34.995,499.510,1140,-4,15,0,0,1,0,0,1,0,0,0
2026-03-27 21:29:35.108,499.622,1140,-4,14,0,0,1,0,0,1,0,0,0
2026-03-27 21:29:35.252,499.766,1140,-4,15,0,0,1,0,0,1,0,0,0
2026-03-27 21:29:35.299,499.813,1140,-4,12,0,0,1,0,0,1,0,0,0
2026-03-27 21:29:35.411,499.925,1140,-4,15,0,0,1,0,0,1,0,0,0
2026-03-27 21:29:35.524,500.038,1140,-5,15,0,0,1,0,0,1,0,0,0
2026-03-27 21:29:35.636,500.150,1140,-5,15,0,0,1,0,0,1,0,0,0
2026-03-27 21:29:35.811,500.326,1140,-4,15,0,0,1,0,0,1,0,0,0
2026-03-27 21:29:35.877,500.391,1140,-2,15,0,0,1,0,0,1,0,0,0
2026-03-27 21:29:35.894,500.408,1140,-5,15,0,0,1,0,0,1,0,0,0
2026-03-27 21:29:35.923,500.438,1140,-4,15,0,0,1,0,0,1,0,0,0
2026-03-27 21:29:35.926,500.440,1140,-4,15,0,0,1,0,0,1,0,0,0
2026-03-27 21:29:36.068,500.582,1140,-4,15,0,0,1,0,0,1,0,0,0
2026-03-27 21:29:36.164,500.678,1140,-5,15,0,0,1,0,0,1,0,0,0
2026-03-27 21:29:36.180,500.694,1140,-4,15,0,0,1,0,0,1,0,0,0
2026-03-27 21:29:36.212,500.726,1140,-2,15,0,0,1,0,0,1,0,0,0
2026-03-27 21:29:36.229,500.743,1140,-5,15,0,0,1,0,0,1,0,0,0
2026-03-27 21:29:36.356,500.870,1140,-5,15,0,0,1,0,0,1,0,0,0
2026-03-27 21:29:36.436,500.950,1140,-5,14,0,0,1,0,0,1,0,0,0
2026-03-27 21:29:36.516,501.030,1140,-5,15,0,0,1,0,0,1,0,0,0
2026-03-27 21:29:36.643,501.157,1140,-4,15,0,0,1,0,0,1,0,0,0
2026-03-27 21:29:36.723,501.237,1140,-5,15,0,0,1,0,0,1,0,0,0
2026-03-27 21:29:36.868,501.382,1140,-5,15,0,0,1,0,0,1,0,0,0
2026-03-27 21:29:36.932,501.446,1140,-5,15,0,0,1,0,0,1,0,0,0
2026-03-27 21:29:36.934,501.448,1140,-4,14,0,0,1,0,0,1,0,0,0
2026-03-27 21:29:37.043,501.557,1140,-5,15,0,0,1,0,0,1,0,0,0
2026-03-27 21:29:37.155,501.669,1140,-2,15,0,0,1,0,0,1,0,0,0
2026-03-27 21:29:37.267,501.781,1141,-5,15,0,0,1,0,0,1,0,0,0
2026-03-27 21:29:37.268,501.782,1141,-4,15,0,0,1,0,0,1,0,0,0
2026-03-27 21:29:37.428,501.942,1140,-2,15,0,0,1,0,0,1,0,0,0
2026-03-27 21:29:37.524,502.038,1141,-2,15,0,0,1,0,0,1,0,0,0
2026-03-27 21:29:37.635,502.149,1140,-5,15,0,0,1,0,0,1,0,0,0
2026-03-27 21:29:37.636,502.151,1140,-5,14,0,0,1,0,0,1,0,0,0
2026-03-27 21:29:37.747,502.261,1142,-5,15,0,0,1,0,0,1,0,0,0
2026-03-27 21:29:37.876,502.390,1140,-4,15,0,0,1,0,0,1,0,0,0
2026-03-27 21:29:37.939,502.453,1140,-5,15,0,0,1,0,0,1,0,0,0
2026-03-27 21:29:37.940,502.455,1140,-5,14,0,0,1,0,0,1,0,0,0
2026-03-27 21:29:37.943,502.457,1140,-5,15,0,0,1,0,0,1,0,0,0
2026-03-27 21:29:38.003,502.517,1140,-5,14,0,0,1,0,0,1,0,0,0
2026-03-27 21:29:38.099,502.613,1140,-5,15,0,0,1,0,0,1,0,0,0
2026-03-27 21:29:38.436,502.950,1140,-5,15,0,0,1,0,0,1,0,0,0
2026-03-27 21:29:38.547,503.061,1140,-5,15,0,0,1,0,0,1,0,0,0
2026-03-27 21:29:38.676,503.190,1140,-4,15,0,0,1,0,0,1,0,0,0
2026-03-27 21:29:38.691,503.206,1140,-4,15,0,0,1,0,0,1,0,0,0
2026-03-27 21:29:38.740,503.254,1140,-5,15,0,0,1,0,0,1,0,0,0
2026-03-27 21:29:38.836,503.350,1140,-5,15,0,0,1,0,0,1,0,0,0
2026-03-27 21:29:38.947,503.461,1140,-5,15,0,0,1,0,0,1,0,0,0
2026-03-27 21:29:39.092,503.606,1141,-4,14,0,0,1,0,0,1,0,0,0
2026-03-27 21:29:39.094,503.608,1140,-5,15,0,0,1,0,0,1,0,0,0
2026-03-27 21:29:39.140,503.654,1140,-5,14,0,0,1,0,0,1,0,0,0
2026-03-27 21:29:39.315,503.829,1140,-2,15,0,0,1,0,0,1,0,0,0
2026-03-27 21:29:39.428,503.942,1142,-2,15,0,0,1,0,0,1,0,0,0
2026-03-27 21:29:39.476,503.990,1140,-4,15,0,0,1,0,0,1,0,0,0
2026-03-27 21:29:39.587,504.102,1140,-5,15,0,0,1,0,0,1,0,0,0
2026-03-27 21:29:39.667,504.181,1141,-2,15,0,0,1,0,0,1,0,0,0
2026-03-27 21:29:39.780,504.294,1140,-4,15,0,0,1,0,0,1,0,0,0
2026-03-27 21:29:39.795,504.309,1140,-5,15,0,0,1,0,0,1,0,0,0
2026-03-27 21:29:39.971,504.485,1141,-4,15,0,0,1,0,0,1,0,0,0
2026-03-27 21:29:40.035,504.549,1141,-4,15,0,0,1,0,0,1,0,0,0
2026-03-27 21:29:40.037,504.551,1140,-4,15,0,0,1,0,0,1,0,0,0
2026-03-27 21:29:40.116,504.630,1140,-4,15,0,0,1,0,0,1,0,0,0
2026-03-27 21:29:40.212,504.726,1141,-5,14,0,0,1,0,0,1,0,0,0
2026-03-27 21:29:40.323,504.837,1140,-5,15,0,0,1,0,0,1,0,0,0
2026-03-27 21:29:40.340,504.854,1140,-5,15,0,0,1,0,0,1,0,0,0
2026-03-27 21:29:40.467,504.981,1140,-4,15,0,0,1,0,0,1,0,0,0
2026-03-27 21:29:40.531,505.046,1140,-5,15,0,0,1,0,0,1,0,0,0
2026-03-27 21:29:40.627,505.141,1140,-5,15,0,0,1,0,0,1,0,0,0
2026-03-27 21:29:40.787,505.301,1140,-4,15,0,0,1,0,0,1,0,0,0
2026-03-27 21:29:40.789,505.303,1140,-4,15,0,0,1,0,0,1,0,0,0
2026-03-27 21:29:40.931,505.445,1140,-5,14,0,0,1,0,0,1,0,0,0
2026-03-27 21:29:40.932,505.446,1140,-4,15,0,1,0,0,0,0,0,0,0
2026-03-27 21:29:40.934,505.448,1140,-2,15,0,0,1,0,0,1,0,0,0
2026-03-27 21:29:40.963,505.477,1140,-2,14,0,0,1,0,0,1,0,0,0
2026-03-27 21:29:41.107,505.621,1140,-5,15,0,0,1,0,0,1,0,0,0
2026-03-27 21:29:41.108,505.622,1140,-5,15,0,0,1,0,0,1,0,0,0
2026-03-27 21:29:41.236,505.750,1140,-4,14,0,0,1,0,0,1,0,0,0
2026-03-27 21:29:41.284,505.798,1141,-4,15,0,0,1,0,0,1,0,0,0
2026-03-27 21:29:41.364,505.878,1140,-4,16,0,0,1,0,0,1,0,0,0
2026-03-27 21:29:41.475,505.989,1140,-4,16,0,0,1,0,0,1,0,0,0
2026-03-27 21:29:41.476,505.990,1140,-3,15,0,0,1,0,0,1,0,0,0
2026-03-27 21:29:41.491,506.005,11404,0,15,0,0,1,0,0,1,0,0,0
2026-03-27 21:29:41.572,506.086,1141,-4,16,0,0,1,0,0,1,0,0,0
2026-03-27 21:29:41.587,506.101,1140,-3,15,0,0,1,0,0,1,0,0,0
2026-03-27 21:29:41.684,506.198,1140,-4,16,0,0,1,0,0,1,0,0,0
2026-03-27 21:29:41.875,506.390,1140,-4,15,0,0,1,0,0,1,0,0,0
2026-03-27 21:29:41.987,506.501,1140,-4,16,0,0,1,0,0,1,0,0,0
2026-03-27 21:29:42.003,506.517,1140,-1,15,0,0,1,0,0,1,0,0,0
2026-03-27 21:29:42.006,506.520,1140,-1,15,0,0,1,0,0,1,0,0,0
2026-03-27 21:29:42.164,506.678,1140,-1,15,0,0,1,0,0,1,0,0,0
2026-03-27 21:29:42.306,506.821,1140,-3,15,0,0,1,0,0,1,0,0,0
2026-03-27 21:29:42.309,506.823,1140,-3,15,0,0,1,0,0,1,0,1,0
2026-03-27 21:29:42.388,506.902,1140,-3,16,0,0,1,0,0,1,0,1,0
2026-03-27 21:29:42.484,506.998,1140,-4,15,0,0,1,0,0,1,0,1,0
2026-03-27 21:29:42.563,507.077,1140,-3,16,0,0,1,0,0,1,0,1,0
2026-03-27 21:29:42.724,507.238,1140,-3,15,0,0,1,0,0,1,0,1,0
2026-03-27 21:29:42.727,507.241,1141,-3,16,0,0,1,0,0,1,0,1,0
2026-03-27 21:29:42.803,507.317,1140,-3,15,0,0,1,0,0,1,0,1,0
2026-03-27 21:29:42.819,507.333,1140,-4,15,0,0,1,0,0,1,0,1,0
2026-03-27 21:29:42.900,507.414,1140,-3,15,0,0,1,0,0,1,0,1,0
2026-03-27 21:29:42.963,507.477,1140,-3,16,0,0,1,0,0,1,0,1,0
2026-03-27 21:29:42.980,507.494,1140,-4,15,0,0,1,0,0,1,0,1,0
2026-03-27 21:29:43.156,507.670,1140,-3,15,0,0,1,0,0,1,0,1,0
2026-03-27 21:29:43.299,507.813,1141,-1,16,0,0,1,0,0,1,0,1,0
2026-03-27 21:29:43.314,507.828,1141,-1,15,0,0,1,0,0,1,0,1,0
2026-03-27 21:29:43.316,507.830,1141,-1,0,0,0,0,0,0,1,0,1,0
2026-03-27 21:29:43.379,507.893,1140,-4,15,0,0,1,0,0,1,0,1,0
2026-03-27 21:29:43.380,507.894,1140,-4,15,0,0,1,0,0,1,0,1,0
2026-03-27 21:29:43.427,507.941,1141,-4,15,0,0,1,0,0,1,0,1,0
2026-03-27 21:29:43.636,508.150,1140,-2,15,0,0,1,0,0,1,0,1,0
2026-03-27 21:29:43.668,508.182,1140,-5,15,0,0,1,0,0,1,0,1,0
2026-03-27 21:29:43.844,508.358,1140,-2,15,0,0,1,0,0,1,0,1,0
2026-03-27 21:29:43.891,508.405,1140,-4,15,0,0,1,0,0,1,0,1,0
2026-03-27 21:29:43.971,508.485,1140,-4,15,0,0,1,0,0,1,0,1,0
2026-03-27 21:29:44.100,508.614,1140,-5,15,0,0,1,0,0,1,0,1,0
2026-03-27 21:29:44.163,508.677,1140,-4,15,0,0,1,0,0,1,0,1,0
2026-03-27 21:29:44.179,508.693,1140,-5,15,0,0,1,0,0,1,0,1,0
2026-03-27 21:29:44.182,508.696,1140,-4,15,0,0,1,0,0,1,0,1,0
2026-03-27 21:29:44.276,508.790,1140,-4,15,0,0,1,0,0,1,0,1,0
2026-03-27 21:29:44.278,508.792,1140,-4,15,0,0,1,0,0,1,0,1,0
2026-03-27 21:29:44.435,508.949,1140,-5,15,0,0,1,0,0,1,0,1,0
2026-03-27 21:29:44.437,508.951,1140,-2,15,0,0,1,0,0,1,0,1,0
2026-03-27 21:29:44.531,509.045,1140,-2,15,0,0,1,0,0,1,0,1,0
2026-03-27 21:29:44.610,509.125,1140,-4,15,0,0,1,0,0,1,0,1,0
2026-03-27 21:29:44.612,509.126,1140,-4,15,0,0,1,0,0,1,0,1,0
2026-03-27 21:29:44.739,509.254,1141,-4,15,0,0,1,0,0,1,0,1,0
2026-03-27 21:29:44.803,509.318,1140,-4,15,0,0,1,0,0,1,0,1,0
2026-03-27 21:29:44.915,509.429,1140,-2,15,0,0,1,0,0,1,0,1,0
2026-03-27 21:29:45.043,509.557,1140,-1,15,0,0,1,0,0,1,0,1,0
2026-03-27 21:29:45.139,509.653,1140,-5,15,0,0,1,0,0,1,0,1,0
2026-03-27 21:29:45.236,509.750,1140,-5,15,0,0,1,0,0,1,0,1,0
2026-03-27 21:29:45.412,509.926,1140,-5,15,0,0,1,0,0,1,0,1,0
2026-03-27 21:29:45.491,510.005,1140,-2,15,0,0,1,0,0,1,0,1,0
2026-03-27 21:29:45.603,510.118,1140,-4,15,0,0,1,0,0,1,0,1,0
2026-03-27 21:29:45.795,510.309,1140,-5,15,0,0,1,0,0,1,0,1,0
2026-03-27 21:29:45.907,510.421,1140,-4,15,0,0,1,0,0,1,0,1,0
2026-03-27 21:29:45.908,510.422,1140,-4,14,0,0,1,0,0,1,0,1,0
2026-03-27 21:29:45.987,510.501,1140,-5,15,0,0,1,0,0,1,0,0,0
2026-03-27 21:29:46.051,510.565,1140,-4,14,0,0,1,0,0,1,0,0,0
2026-03-27 21:29:46.195,510.709,1141,-5,15,0,0,1,0,0,1,0,0,0
2026-03-27 21:29:46.197,510.712,1140,-5,15,0,0,1,0,0,1,0,0,0
2026-03-27 21:29:46.292,510.806,1140,-5,15,0,0,1,0,0,1,0,0,0
2026-03-27 21:29:46.402,510.916,1140,-2,15,0,0,1,0,0,1,0,0,0
2026-03-27 21:29:46.419,510.934,1140,-4,15,0,0,1,0,0,1,0,0,0
2026-03-27 21:29:46.595,511.109,1140,-5,15,0,0,1,0,0,1,0,0,0
2026-03-27 21:29:46.612,511.126,1140,-5,14,0,0,1,0,0,1,0,0,0
2026-03-27 21:29:46.771,511.285,1140,-2,14,0,0,1,0,0,1,0,0,0
2026-03-27 21:29:46.835,511.349,1140,-4,15,0,0,1,0,0,1,0,0,0
2026-03-27 21:29:46.963,511.477,1140,-4,14,0,0,1,0,0,1,0,0,0
2026-03-27 21:29:46.979,511.493,1140,-5,15,0,0,1,0,0,1,0,0,0
2026-03-27 21:29:47.010,511.525,1141,-5,15,0,0,1,0,0,1,0,0,0
2026-03-27 21:29:47.123,511.638,1140,-4,12,0,0,1,0,0,1,0,0,0
2026-03-27 21:29:47.219,511.733,1141,-5,15,0,0,1,0,0,1,0,0,0
2026-03-27 21:29:47.220,511.734,1141,-5,15,0,0,1,0,0,1,0,0,0
2026-03-27 21:29:47.395,511.909,1140,-5,15,0,0,1,0,0,1,0,0,0
2026-03-27 21:29:47.443,511.957,1140,-2,15,0,0,1,0,0,1,0,0,0
2026-03-27 21:29:47.445,511.959,1140,-2,15,0,0,1,0,0,1,0,0,0
2026-03-27 21:29:47.475,511.989,1140,-2,15,0,0,1,0,0,1,0,0,0
2026-03-27 21:29:47.476,511.990,1140,-2,15,0,0,1,0,0,1,0,0,0
2026-03-27 21:29:47.635,512.150,1140,-4,12,0,0,1,0,0,1,0,0,0
2026-03-27 21:29:47.715,512.230,1140,-4,15,0,0,1,0,0,1,0,0,0
2026-03-27 21:29:47.844,512.358,1140,-4,15,0,0,1,0,0,1,0,0,0
2026-03-27 21:29:47.954,512.468,1140,-2,14,0,0,1,0,0,1,0,0,0
2026-03-27 21:29:48.067,512.581,1140,-4,15,0,0,1,0,0,1,0,0,0
2026-03-27 21:29:48.068,512.582,1140,-5,14,0,0,1,0,0,1,0,0,0
2026-03-27 21:29:48.195,512.709,1140,-1,14,0,0,1,0,0,1,0,0,0
2026-03-27 21:29:48.259,512.773,1140,-2,15,0,0,1,0,0,1,0,0,0
2026-03-27 21:29:48.451,512.965,1140,-5,12,0,0,1,0,0,1,0,0,0
2026-03-27 21:29:48.530,513.045,1140,-5,15,0,0,1,0,0,1,0,0,0
2026-03-27 21:29:48.533,513.048,1140,-5,15,0,0,1,0,0,1,0,0,0
2026-03-27 21:29:48.643,513.158,1140,-4,14,0,0,1,0,0,1,0,0,0
2026-03-27 21:29:48.755,513.269,1140,-2,15,0,0,1,0,0,1,0,0,0
2026-03-27 21:29:48.915,513.429,1140,-2,15,0,0,1,0,0,1,0,0,0
2026-03-27 21:29:48.947,513.461,1140,-5,12,0,0,1,0,0,1,0,0,0
2026-03-27 21:29:49.075,513.589,1140,-2,15,0,0,1,0,0,1,0,0,0
2026-03-27 21:29:49.077,513.591,1140,-4,15,0,0,1,0,0,1,0,0,0
2026-03-27 21:29:49.155,513.669,1140,-4,15,0,0,1,0,0,1,0,0,0
2026-03-27 21:29:49.171,513.686,1140,-5,15,0,0,1,0,0,1,0,0,0
2026-03-27 21:29:49.331,513.845,1140,-5,15,0,0,1,0,0,1,0,0,0
2026-03-27 21:29:49.394,513.908,1140,-2,15,0,0,1,0,0,1,0,0,0
2026-03-27 21:29:49.395,513.909,1140,-2,15,0,0,1,0,0,1,0,0,0
2026-03-27 21:29:49.443,513.957,1140,-2,15,0,0,1,0,0,1,0,0,0
2026-03-27 21:29:49.571,514.085,1140,-4,15,0,0,1,0,0,1,0,0,0
2026-03-27 21:29:49.667,514.181,1140,-5,15,0,0,1,0,0,1,0,0,0
2026-03-27 21:29:49.826,514.341,1140,-5,15,0,0,1,0,0,1,0,0,0
2026-03-27 21:29:49.828,514.342,1140,-4,15,0,0,1,0,0,1,0,0,0
2026-03-27 21:29:49.922,514.437,1140,-1,15,0,0,1,0,0,1,0,0,0
2026-03-27 21:29:50.050,514.564,1140,-4,15,0,0,1,0,0,1,0,0,0
2026-03-27 21:29:50.131,514.645,1140,-2,15,0,0,1,0,0,1,0,0,0
2026-03-27 21:29:50.146,514.660,1140,-4,15,0,0,1,0,0,1,0,0,0
2026-03-27 21:29:50.259,514.773,1140,-4,15,0,0,1,0,0,1,0,0,0
2026-03-27 21:29:50.275,514.789,1140,-4,15,0,0,1,0,0,1,0,0,0
2026-03-27 21:29:50.338,514.852,1140,-5,15,0,0,1,0,0,1,0,0,0
2026-03-27 21:29:50.451,514.965,1140,-2,15,0,0,1,0,0,1,0,0,0
2026-03-27 21:29:50.498,515.013,1140,-5,15,0,0,1,0,0,1,0,0,0
2026-03-27 21:29:50.659,515.173,1140,-2,15,0,0,1,0,0,1,0,0,0
2026-03-27 21:29:50.691,515.205,1140,-2,15,0,0,1,0,0,1,0,0,0
2026-03-27 21:29:50.819,515.333,1140,-4,15,0,0,1,0,0,1,0,0,0
2026-03-27 21:29:50.821,515.335,1140,-4,15,0,0,1,0,0,1,0,0,0
2026-03-27 21:29:50.899,515.413,1140,-4,15,0,0,1,0,0,1,0,0,0
2026-03-27 21:29:51.011,515.525,1140,-5,15,0,0,1,0,0,1,0,0,0
2026-03-27 21:29:51.170,515.684,1140,-4,14,0,0,1,0,0,1,0,0,0
2026-03-27 21:29:51.235,515.749,1140,-2,14,0,0,1,0,0,1,0,0,0
2026-03-27 21:29:51.331,515.845,1140,-4,15,0,0,1,0,0,1,0,0,0
2026-03-27 21:29:51.411,515.925,1140,-4,15,0,0,1,0,0,1,0,0,0
2026-03-27 21:29:51.555,516.069,1140,-2,15,0,0,1,0,0,1,0,0,0
2026-03-27 21:29:51.715,516.229,1140,-4,15,0,0,1,0,0,1,0,0,0
2026-03-27 21:29:51.859,516.373,1140,-2,15,0,0,1,0,0,1,0,0,0
2026-03-27 21:29:51.860,516.374,1140,-5,15,0,0,1,0,0,1,0,0,0
2026-03-27 21:29:51.876,516.390,1140,-2,15,0,0,1,0,0,1,0,1,0
2026-03-27 21:29:51.955,516.469,1140,-2,15,0,0,1,0,0,1,0,1,0
2026-03-27 21:29:51.957,516.471,1140,-4,15,0,0,1,0,0,1,0,1,0
2026-03-27 21:29:52.067,516.581,1140,-4,15,0,0,1,0,0,1,0,1,0
2026-03-27 21:29:52.099,516.613,1140,-4,15,0,0,1,0,0,1,0,1,0
2026-03-27 21:29:52.194,516.708,1140,-5,15,0,0,1,0,0,1,0,1,0
2026-03-27 21:29:52.212,516.726,1140,-4,14,0,0,1,0,0,1,0,1,0
2026-03-27 21:29:52.307,516.821,1141,-4,14,0,0,1,0,0,1,0,1,0
2026-03-27 21:29:52.386,516.901,1140,-4,15,0,0,1,0,0,1,0,1,0
2026-03-27 21:29:52.450,516.965,1140,-4,15,0,0,1,0,0,1,0,1,0
2026-03-27 21:29:52.594,517.108,1140,-2,15,0,0,1,0,0,1,0,1,0
2026-03-27 21:29:52.722,517.237,1140,-2,15,0,0,1,0,0,1,0,1,0
2026-03-27 21:29:52.835,517.349,1140,-2,12,0,0,1,0,0,1,0,1,0
2026-03-27 21:29:52.867,517.381,1140,-4,15,0,0,1,0,0,1,0,1,0
2026-03-27 21:29:52.869,517.383,1140,-5,15,0,0,1,0,0,1,0,1,0
2026-03-27 21:29:52.994,517.508,1140,-4,15,0,0,1,0,0,1,0,1,0
2026-03-27 21:29:53.107,517.621,1140,-4,15,0,0,1,0,0,1,0,1,0
2026-03-27 21:29:53.108,517.622,1140,-4,15,0,0,1,0,0,1,0,1,0
2026-03-27 21:29:53.110,517.624,1140,-2,15,0,0,1,0,0,1,0,1,0
2026-03-27 21:29:53.187,517.701,1140,-2,15,0,0,1,0,0,1,0,1,0
2026-03-27 21:29:53.362,517.877,1140,-4,15,0,0,1,0,0,1,0,1,0
2026-03-27 21:29:53.411,517.925,1141,-2,14,0,0,1,0,0,1,0,1,0
2026-03-27 21:29:53.491,518.005,1140,-2,15,0,0,1,0,0,1,0,1,0
2026-03-27 21:29:53.494,518.008,1140,-5,15,0,0,1,0,0,1,0,1,0
2026-03-27 21:29:53.651,518.165,1140,-4,15,0,0,1,0,0,1,0,1,0
2026-03-27 21:29:53.730,518.244,1140,-5,14,0,0,1,0,0,1,0,1,0
2026-03-27 21:29:53.859,518.373,1140,-5,12,0,0,1,0,0,1,0,1,0
2026-03-27 21:29:53.938,518.452,1140,-4,15,0,0,1,0,0,1,0,1,0
2026-03-27 21:29:54.018,518.532,1140,-5,15,0,0,1,0,0,1,0,1,0
2026-03-27 21:29:54.178,518.693,1140,-4,15,0,0,1,0,0,1,0,1,0
2026-03-27 21:29:54.181,518.695,1140,-4,15,0,0,1,0,0,1,0,1,0
2026-03-27 21:29:54.228,518.742,1140,-5,15,0,0,1,0,0,1,0,1,0
2026-03-27 21:29:54.243,518.757,1140,-2,15,0,0,1,0,0,1,0,1,0
2026-03-27 21:29:54.307,518.821,1140,-2,14,0,0,1,0,0,1,0,1,0
2026-03-27 21:29:54.451,518.965,1140,-2,15,0,0,1,0,0,1,0,1,0
2026-03-27 21:29:54.498,519.013,1140,-4,15,0,0,1,0,0,1,0,1,0
2026-03-27 21:29:54.658,519.172,1140,-5,15,0,0,1,0,0,1,0,1,0
2026-03-27 21:29:54.739,519.253,1140,-5,14,0,0,1,0,0,1,0,1,0
2026-03-27 21:29:54.851,519.365,1140,-4,15,0,0,1,0,0,1,0,1,0
2026-03-27 21:29:54.853,519.367,1140,-2,15,0,0,1,0,0,1,0,1,0
2026-03-27 21:29:55.010,519.524,1140,-4,15,0,0,1,0,0,1,0,1,0
2026-03-27 21:29:55.011,519.525,1140,-4,15,0,0,1,0,0,1,0,1,0
2026-03-27 21:29:55.106,519.620,1140,-4,14,0,0,1,0,0,1,0,1,0
2026-03-27 21:29:55.107,519.621,1140,-4,15,0,0,1,0,0,1,0,1,0
2026-03-27 21:29:55.186,519.700,1140,-4,15,0,0,1,0,0,1,0,1,0
2026-03-27 21:29:55.202,519.716,1140,-5,15,0,0,1,0,0,1,0,1,0
2026-03-27 21:29:55.266,519.780,1140,-4,15,0,0,1,0,0,1,0,1,0
2026-03-27 21:29:55.282,519.796,1140,-2,15,0,0,1,0,0,1,0,1,0
2026-03-27 21:29:55.410,519.925,1140,-4,15,0,0,1,0,0,1,0,1,0
2026-03-27 21:29:55.490,520.004,1140,-5,15,0,0,1,0,0,1,0,1,0
2026-03-27 21:29:55.492,520.006,1140,-4,14,0,0,1,0,0,1,0,1,0
2026-03-27 21:29:55.602,520.116,1140,-5,15,0,0,1,0,0,1,0,1,0
2026-03-27 21:29:55.604,520.118,1140,-2,15,0,0,1,0,0,1,0,1,0
2026-03-27 21:29:55.715,520.229,1140,-2,15,0,0,1,0,0,1,0,1,0
2026-03-27 21:29:56.083,520.597,1140,-4,15,0,0,1,0,0,1,0,1,0
2026-03-27 21:29:56.146,520.661,1141,-5,15,0,0,1,0,0,1,0,1,0
2026-03-27 21:29:56.274,520.788,1140,-5,15,0,0,1,0,0,1,0,1,0
2026-03-27 21:29:56.387,520.901,1140,-4,15,0,0,1,0,0,1,0,1,0
2026-03-27 21:29:56.467,520.981,1141,-2,15,0,0,1,0,0,1,0,1,0
2026-03-27 21:29:56.546,521.060,1141,-4,15,0,0,1,0,0,1,0,1,0
2026-03-27 21:29:56.754,521.268,1140,-5,15,0,0,1,0,0,1,0,1,0
2026-03-27 21:29:56.786,521.300,1140,-5,15,0,0,1,0,0,1,0,1,0
2026-03-27 21:29:56.787,521.301,1140,-5,14,0,0,1,0,0,1,0,1,0
2026-03-27 21:29:56.963,521.477,1140,-4,15,0,0,1,0,0,1,0,1,0
2026-03-27 21:29:57.058,521.572,1140,-5,15,0,0,1,0,0,1,0,1,0
2026-03-27 21:29:57.060,521.574,1140,-5,15,0,0,1,0,0,1,0,1,0
2026-03-27 21:29:57.122,521.637,1140,-4,15,0,0,1,0,0,1,0,1,0
2026-03-27 21:29:57.234,521.748,1140,-5,15,0,0,1,0,0,1,0,1,0
2026-03-27 21:29:57.346,521.860,1140,-5,15,0,0,1,0,0,1,0,1,0
2026-03-27 21:29:57.442,521.956,1140,-2,15,0,0,1,0,0,1,0,1,0
2026-03-27 21:29:57.539,522.053,1140,-4,15,0,0,1,0,0,1,0,1,0
2026-03-27 21:29:57.666,522.180,1140,-5,15,0,0,1,0,0,1,0,1,0
2026-03-27 21:29:57.714,522.228,1140,-4,14,0,0,1,0,0,1,0,1,0
2026-03-27 21:29:57.842,522.356,1140,-4,15,0,0,1,0,0,1,0,1,0
2026-03-27 21:29:57.938,522.453,1140,-5,15,0,0,1,0,0,1,0,1,0
2026-03-27 21:29:58.002,522.516,1140,-5,15,0,0,1,0,0,1,0,1,0
2026-03-27 21:29:58.018,522.532,1140,-5,15,0,0,1,0,0,1,0,1,0
2026-03-27 21:29:58.178,522.692,1141,-1,15,0,0,1,0,0,1,0,1,0
2026-03-27 21:29:58.259,522.773,1140,-2,15,0,0,1,0,0,1,0,1,0
2026-03-27 21:29:58.434,522.948,1140,-4,15,0,0,1,0,0,1,0,1,0
2026-03-27 21:29:58.562,523.076,1140,-2,15,0,0,1,0,0,1,0,1,0
2026-03-27 21:29:58.626,523.140,1140,-4,15,0,0,1,0,0,1,0,1,0
2026-03-27 21:29:58.722,523.236,1140,-4,15,0,0,1,0,0,1,0,1,0
2026-03-27 21:29:58.738,523.252,1140,-4,15,0,0,1,0,0,1,0,1,0
2026-03-27 21:29:58.787,523.301,1140,-4,15,0,0,1,0,0,1,0,1,0
2026-03-27 21:29:59.010,523.524,1140,-5,15,0,0,1,0,0,1,0,1,0
2026-03-27 21:29:59.106,523.620,1140,-5,15,0,0,1,0,0,1,0,1,0
2026-03-27 21:29:59.201,523.716,1140,-4,14,0,0,1,0,0,1,0,1,0
2026-03-27 21:29:59.204,523.718,1140,-5,15,0,0,1,0,0,1,0,1,0
2026-03-27 21:29:59.314,523.828,1140,-4,14,0,0,1,0,0,1,0,1,0
2026-03-27 21:29:59.410,523.924,1140,-4,15,0,0,1,0,0,1,0,1,0
2026-03-27 21:29:59.412,523.926,1140,-4,15,0,0,1,0,0,1,0,1,0
2026-03-27 21:29:59.414,523.928,1140,-5,15,0,0,1,0,0,1,0,1,0
2026-03-27 21:29:59.586,524.100,1140,-4,15,0,0,1,0,0,1,0,1,0
2026-03-27 21:29:59.634,524.148,1140,-5,15,0,0,1,0,0,1,0,1,0
2026-03-27 21:29:59.794,524.308,1140,-2,15,0,0,1,0,0,1,0,1,0
2026-03-27 21:29:59.890,524.404,1140,-5,15,0,0,1,0,0,1,0,1,0
2026-03-27 21:30:00.034,524.548,1140,-2,15,0,0,1,0,0,1,0,1,0
2026-03-27 21:30:00.113,524.627,1140,-4,14,0,0,1,0,0,1,0,1,0
2026-03-27 21:30:00.115,524.629,1140,-5,15,0,0,1,0,0,1,0,1,0
2026-03-27 21:30:00.115,524.630,1140,0,0,0,0,0,0,0,1,0,1,0
2026-03-27 21:30:00.162,524.676,1140,-5,15,0,0,1,0,0,1,0,1,0
2026-03-27 21:30:00.163,524.677,1140,-4,15,0,0,1,0,0,1,0,1,0
2026-03-27 21:30:00.322,524.836,1140,-4,15,0,0,1,0,0,1,0,1,0
2026-03-27 21:30:00.324,524.838,1140,-4,15,0,0,1,0,0,1,0,1,0
2026-03-27 21:30:00.326,524.840,1140,-4,15,0,0,1,0,0,1,0,1,0
2026-03-27 21:30:00.402,524.916,1140,-2,14,0,0,1,0,0,1,0,1,0
2026-03-27 21:30:00.514,525.028,1140,-2,14,0,0,1,0,0,1,0,1,0
2026-03-27 21:30:00.530,525.044,1140,-5,15,0,0,1,0,0,1,0,1,0
2026-03-27 21:30:00.658,525.172,1140,-4,15,0,0,1,0,0,1,0,1,0
2026-03-27 21:30:00.770,525.284,1140,-5,15,0,0,1,0,0,1,0,1,0
2026-03-27 21:30:00.850,525.364,1140,-4,15,0,0,1,0,0,1,0,1,0
2026-03-27 21:30:00.930,525.444,1140,-2,15,0,0,1,0,0,1,0,1,0
2026-03-27 21:30:01.026,525.540,1140,-5,15,0,0,1,0,0,1,0,1,0
2026-03-27 21:30:01.234,525.748,1140,-5,15,0,0,1,0,0,1,0,1,0
2026-03-27 21:30:01.330,525.844,1140,-5,15,0,0,1,0,0,1,0,1,0
2026-03-27 21:30:01.394,525.908,1140,-4,15,0,0,1,0,0,1,0,1,0
2026-03-27 21:30:01.458,525.972,1140,-4,15,0,0,1,0,0,1,0,1,0
2026-03-27 21:30:01.538,526.052,1140,-2,15,0,0,1,0,0,1,0,1,0
2026-03-27 21:30:01.554,526.068,1140,-5,15,0,0,1,0,0,1,0,1,0
2026-03-27 21:30:01.682,526.196,1140,-5,15,0,0,1,0,0,1,0,1,0
2026-03-27 21:30:01.794,526.308,1140,-4,15,0,0,1,0,0,1,0,1,0
2026-03-27 21:30:01.796,526.310,1140,-4,15,0,0,1,0,0,1,0,1,0
2026-03-27 21:30:01.906,526.420,1140,-4,15,0,0,1,0,0,1,0,1,0
2026-03-27 21:30:01.937,526.451,1140,-2,15,0,0,1,0,0,1,0,1,0
2026-03-27 21:30:01.953,526.467,1140,-2,14,0,0,1,0,0,1,0,1,0
2026-03-27 21:30:02.065,526.579,1140,-2,15,0,0,1,0,0,1,0,1,0
2026-03-27 21:30:02.067,526.581,1140,-2,15,0,0,1,0,0,1,0,1,0
2026-03-27 21:30:02.162,526.676,1140,-5,15,0,0,1,0,0,1,0,1,0
2026-03-27 21:30:02.242,526.756,1140,-4,14,0,0,1,0,0,1,0,1,0
2026-03-27 21:30:02.244,526.758,1140,-5,14,0,0,1,0,0,1,0,1,0
2026-03-27 21:30:02.259,526.773,1140,-4,15,0,0,1,0,0,1,0,1,0
2026-03-27 21:30:02.322,526.836,1140,-4,15,0,0,1,0,0,1,0,1,0
2026-03-27 21:30:02.324,526.838,1140,-4,15,0,0,1,0,0,1,0,1,0
2026-03-27 21:30:02.578,527.092,1140,-4,14,0,0,1,0,0,1,0,1,0
2026-03-27 21:30:02.657,527.172,1140,-4,15,0,0,1,0,0,1,0,1,0
2026-03-27 21:30:02.690,527.204,1140,-4,15,0,0,1,0,0,1,0,0,0
2026-03-27 21:30:02.866,527.380,1140,-2,15,0,0,1,0,0,1,0,0,0
2026-03-27 21:30:02.868,527.382,1140,-4,15,0,0,1,0,0,1,0,0,0
2026-03-27 21:30:02.898,527.412,1140,-5,15,0,0,1,0,0,1,0,0,0
2026-03-27 21:30:02.994,527.508,1140,-4,15,0,0,1,0,0,1,0,0,0
2026-03-27 21:30:03.186,527.700,1140,-4,15,0,0,1,0,0,1,0,0,0
2026-03-27 21:30:03.188,527.703,1140,-5,15,0,0,1,0,0,1,0,0,0
2026-03-27 21:30:03.250,527.764,1140,-4,15,0,0,1,0,0,1,0,0,0
2026-03-27 21:30:03.378,527.892,1141,-2,15,0,0,1,0,0,1,0,0,0
2026-03-27 21:30:03.474,527.988,1140,-4,15,0,0,1,0,0,1,0,0,0
2026-03-27 21:30:03.586,528.100,1140,-5,15,0,0,1,0,0,1,0,0,0
2026-03-27 21:30:03.698,528.212,1140,-4,15,0,0,1,0,0,1,0,0,0
2026-03-27 21:30:03.746,528.260,1140,-4,15,0,0,1,0,0,1,0,0,0
2026-03-27 21:30:03.810,528.324,1140,-5,15,0,0,1,0,0,1,0,0,0
2026-03-27 21:30:03.873,528.388,1140,-5,15,0,0,1,0,0,1,0,0,0
2026-03-27 21:30:04.017,528.531,1140,-4,15,0,0,1,0,0,1,0,0,0
2026-03-27 21:30:04.114,528.628,1140,-4,15,0,0,1,0,0,1,0,0,0
2026-03-27 21:30:04.194,528.709,1140,-4,15,0,0,1,0,0,1,0,0,0
2026-03-27 21:30:04.210,528.724,1140,-5,15,0,0,1,0,0,1,0,0,0
2026-03-27 21:30:04.291,528.805,1140,-5,15,0,0,1,0,0,1,0,0,0
2026-03-27 21:30:04.386,528.900,1140,-5,15,0,0,1,0,0,1,0,0,0
2026-03-27 21:30:04.498,529.012,1140,-4,15,0,0,1,0,0,1,0,0,0
2026-03-27 21:30:04.625,529.140,1140,-4,15,0,0,1,0,0,1,0,0,0
2026-03-27 21:30:04.643,529.157,1140,-4,15,0,0,1,0,0,1,0,0,0
2026-03-27 21:30:04.738,529.252,1140,-5,15,0,0,1,0,0,1,0,0,0
2026-03-27 21:30:04.882,529.396,1140,-5,15,0,0,1,0,0,1,0,0,0
2026-03-27 21:30:04.883,529.397,1140,-4,14,0,0,1,0,0,1,0,0,0
2026-03-27 21:30:04.913,529.427,1141,-5,15,0,0,1,0,0,1,0,0,0
2026-03-27 21:30:04.914,529.428,1140,-4,15,0,0,1,0,0,1,0,0,0
2026-03-27 21:30:04.915,529.429,1140,-4,0,0,0,0,0,0,1,0,0,0
2026-03-27 21:30:05.089,529.603,1140,-4,15,0,0,1,0,0,1,0,0,0
2026-03-27 21:30:05.091,529.605,1140,-4,15,0,0,1,0,0,1,0,0,0
2026-03-27 21:30:05.138,529.652,1140,-5,14,0,0,1,0,0,1,0,0,0
2026-03-27 21:30:05.298,529.812,1140,-5,15,0,0,1,0,0,1,0,0,0
2026-03-27 21:30:05.300,529.814,1140,-4,14,0,0,1,0,0,1,0,0,0
2026-03-27 21:30:05.490,530.005,1140,-5,15,0,0,1,0,0,1,0,0,0
2026-03-27 21:30:05.522,530.036,1140,-5,15,0,0,1,0,0,1,0,0,0
2026-03-27 21:30:05.523,530.038,1140,-5,15,0,0,1,0,0,1,0,0,0
2026-03-27 21:30:05.538,530.052,1140,-5,12,0,0,1,0,0,1,0,0,0
2026-03-27 21:30:05.618,530.132,1140,-4,12,0,0,1,0,0,1,0,0,0
2026-03-27 21:30:05.698,530.212,1140,-5,15,0,0,1,0,0,1,0,0,0
2026-03-27 21:30:05.701,530.215,1140,-5,15,0,0,1,0,0,1,0,0,0
2026-03-27 21:30:05.842,530.356,1140,-4,15,0,0,1,0,0,1,0,0,0
2026-03-27 21:30:05.843,530.358,1140,-5,15,0,0,1,0,0,1,0,0,0
2026-03-27 21:30:05.922,530.436,1140,-5,15,0,0,1,0,0,1,0,0,0
2026-03-27 21:30:06.033,530.548,1141,-5,15,0,0,1,0,0,1,0,0,0
2026-03-27 21:30:06.146,530.660,1142,-5,14,0,0,1,0,0,1,0,0,0
2026-03-27 21:30:06.210,530.724,1141,-5,15,0,0,1,0,0,1,0,0,0
2026-03-27 21:30:06.338,530.852,1141,-4,14,0,0,1,0,0,1,0,0,0
2026-03-27 21:30:06.401,530.915,1141,-2,15,0,0,1,0,0,1,0,0,0
2026-03-27 21:30:06.498,531.012,1141,-4,15,0,0,1,0,0,1,0,0,0
2026-03-27 21:30:06.562,531.076,1141,-5,15,0,0,1,0,0,1,0,0,0
2026-03-27 21:30:06.850,531.365,1141,-5,15,0,0,1,0,0,1,0,0,0
2026-03-27 21:30:06.978,531.492,1140,-5,14,0,0,1,0,0,1,0,0,0
2026-03-27 21:30:07.010,531.524,1141,-4,15,0,0,1,0,0,1,0,0,0
2026-03-27 21:30:07.138,531.652,1141,-5,15,0,0,1,0,0,1,0,0,0
2026-03-27 21:30:07.140,531.654,1140,-5,15,0,0,1,0,0,1,0,0,0
2026-03-27 21:30:07.218,531.732,1141,-5,14,0,0,1,0,0,1,0,0,0
2026-03-27 21:30:07.362,531.876,1141,-5,14,0,0,1,0,0,1,0,0,0
2026-03-27 21:30:07.377,531.892,1141,-5,15,0,0,1,0,0,1,0,0,0
2026-03-27 21:30:07.378,531.892,11,0,0,0,0,0,0,0,1,0,0,0
2026-03-27 21:30:07.441,531.956,1141,-5,14,0,0,1,0,0,1,0,0,0
2026-03-27 21:30:07.457,531.972,1141,-5,15,0,0,1,0,0,1,0,0,0
2026-03-27 21:30:07.522,532.036,1140,-2,15,0,0,1,0,0,1,0,0,0
2026-03-27 21:30:07.666,532.180,1140,-5,15,0,0,1,0,0,1,0,0,0
2026-03-27 21:30:07.730,532.244,1142,-4,15,0,0,1,0,0,1,0,0,0
2026-03-27 21:30:07.826,532.340,1141,-4,15,0,0,1,0,0,1,0,0,0
2026-03-27 21:30:07.953,532.467,1141,-4,15,0,0,1,0,0,1,0,0,0
2026-03-27 21:30:07.970,532.484,1141,-4,15,0,0,1,0,0,1,0,0,0
2026-03-27 21:30:08.001,532.516,1140,-3,15,0,0,1,0,0,1,0,0,0
2026-03-27 21:30:08.130,532.644,1141,-3,13,0,0,1,0,0,1,0,0,0
2026-03-27 21:30:08.210,532.724,1142,-4,15,0,0,1,0,0,1,0,0,0
2026-03-27 21:30:08.211,532.725,1142,-3,15,0,0,1,0,0,1,0,0,0
2026-03-27 21:30:08.338,532.852,1141,-3,16,0,0,1,0,0,1,0,0,0
2026-03-27 21:30:08.642,533.156,1140,-3,16,0,0,1,0,0,1,0,0,0
2026-03-27 21:30:08.770,533.284,1141,-3,15,0,0,1,0,0,1,0,0,0
2026-03-27 21:30:08.866,533.380,1141,-3,16,0,0,1,0,0,1,0,0,0
2026-03-27 21:30:08.868,533.382,1141,-3,15,0,0,1,0,0,1,0,0,0
2026-03-27 21:30:08.994,533.508,1141,-3,15,0,0,1,0,0,1,0,0,0
2026-03-27 21:30:08.997,533.511,1141,-1,15,0,0,1,0,0,1,0,0,0
2026-03-27 21:30:09.090,533.604,1141,-1,15,0,0,1,0,0,1,0,0,0
2026-03-27 21:30:09.250,533.764,1140,-4,15,0,0,1,0,0,1,0,0,0
2026-03-27 21:30:09.362,533.876,1141,-1,15,0,0,1,0,0,1,0,0,0
2026-03-27 21:30:09.393,533.907,1140,-3,15,0,0,1,0,0,1,0,0,0
2026-03-27 21:30:09.538,534.052,1140,-4,16,0,0,1,0,0,1,0,0,0
2026-03-27 21:30:09.618,534.132,1141,-3,15,0,0,1,0,0,1,0,0,0
2026-03-27 21:30:09.714,534.228,1141,-3,15,0,0,1,0,0,1,0,0,0
2026-03-27 21:30:09.809,534.324,1141,-4,15,0,0,1,0,0,1,0,0,0
2026-03-27 21:30:09.889,534.403,1141,-4,16,0,0,1,0,0,1,0,0,0
2026-03-27 21:30:10.018,534.532,1140,-4,15,0,0,1,0,0,1,0,0,0
2026-03-27 21:30:10.020,534.534,1140,-5,15,0,0,1,0,0,1,0,0,0
2026-03-27 21:30:10.082,534.596,1141,-4,15,0,0,1,0,0,1,0,0,0
2026-03-27 21:30:10.146,534.660,1141,-4,14,0,0,1,0,0,1,0,0,0
2026-03-27 21:30:10.305,534.820,1141,-2,15,0,0,1,0,0,1,0,0,0
2026-03-27 21:30:10.385,534.900,1141,-4,15,0,0,1,0,0,1,0,0,0
2026-03-27 21:30:10.388,534.902,1141,-4,15,0,0,1,0,0,1,0,0,0
2026-03-27 21:30:10.561,535.075,1141,-4,15,0,0,1,0,0,1,0,0,0
2026-03-27 21:30:10.674,535.188,1140,-5,15,0,0,1,0,0,1,0,0,0
2026-03-27 21:30:10.676,535.190,1140,-4,15,0,0,1,0,0,1,0,0,0
2026-03-27 21:30:10.690,535.204,1141,-5,15,0,0,1,0,0,1,0,0,0
2026-03-27 21:30:10.691,535.205,1140,-5,15,0,0,1,0,0,1,0,0,0
2026-03-27 21:30:10.801,535.315,1140,-5,15,0,0,1,0,0,1,0,0,0
2026-03-27 21:30:10.898,535.412,1141,-2,15,0,0,1,0,0,1,0,0,0
2026-03-27 21:30:11.009,535.523,1141,-5,15,0,0,1,0,0,1,0,0,0
2026-03-27 21:30:11.073,535.587,1141,-4,15,0,0,1,0,0,1,0,0,0
2026-03-27 21:30:11.075,535.589,1141,-5,15,0,0,1,0,0,1,0,0,0
2026-03-27 21:30:11.202,535.716,1141,-5,15,0,0,1,0,0,1,0,0,0
2026-03-27 21:30:11.346,535.860,1140,-5,15,0,0,1,0,0,1,0,0,0
2026-03-27 21:30:11.394,535.908,1141,-5,15,0,0,1,0,0,1,0,0,0
2026-03-27 21:30:11.554,536.068,1140,-4,12,0,0,1,0,0,1,0,0,0
2026-03-27 21:30:11.602,536.116,1141,-5,15,0,0,1,0,0,1,0,0,0
2026-03-27 21:30:11.730,536.244,1141,-4,15,0,0,1,0,0,1,0,0,0
2026-03-27 21:30:11.906,536.420,1141,-2,15,0,0,1,0,0,1,0,0,0
2026-03-27 21:30:11.953,536.467,1140,-4,15,0,0,1,0,0,1,0,0,0
2026-03-27 21:30:11.955,536.469,1140,-4,14,0,0,1,0,0,1,0,0,0
2026-03-27 21:30:12.098,536.612,1140,-5,15,0,0,1,0,0,1,0,0,0
2026-03-27 21:30:12.146,536.660,1141,-4,15,0,0,1,0,0,1,0,0,0
2026-03-27 21:30:12.273,536.787,1141,-4,14,0,0,1,0,0,1,0,0,0
2026-03-27 21:30:12.417,536.931,1141,-5,15,0,0,1,0,0,1,0,0,0
2026-03-27 21:30:12.435,536.949,1140,-4,15,0,0,1,0,0,1,0,0,0
2026-03-27 21:30:12.513,537.028,1140,-5,15,0,0,1,0,0,1,0,0,0
2026-03-27 21:30:12.562,537.076,1140,-2,12,0,0,1,0,0,1,0,0,0
2026-03-27 21:30:12.565,537.079,1140,-4,15,0,0,1,0,0,1,0,0,0
2026-03-27 21:30:12.689,537.203,1140,-5,15,0,0,1,0,0,1,0,0,0
2026-03-27 21:30:12.801,537.315,1140,-2,15,0,0,1,0,0,1,0,0,0
2026-03-27 21:30:12.946,537.460,1140,-4,15,0,0,1,0,0,1,0,0,0
2026-03-27 21:30:12.949,537.463,1140,-4,15,0,0,1,0,0,1,0,0,0
2026-03-27 21:30:12.977,537.492,1141,-4,15,0,0,1,0,0,1,0,0,0
2026-03-27 21:30:13.186,537.700,1141,-5,15,0,0,1,0,0,1,0,0,0
2026-03-27 21:30:13.266,537.780,1140,-4,14,0,0,1,0,0,1,0,0,0
2026-03-27 21:30:13.329,537.844,1140,-5,15,0,0,1,0,0,1,0,0,0
2026-03-27 21:30:13.409,537.923,1140,-5,15,0,0,1,0,0,1,0,0,0
2026-03-27 21:30:13.473,537.987,1140,-2,15,0,0,1,0,0,1,0,0,0
2026-03-27 21:30:13.553,538.067,1140,-4,15,0,0,1,0,0,1,0,0,0
2026-03-27 21:30:13.729,538.243,1140,-4,14,0,0,1,0,0,1,0,0,0
2026-03-27 21:30:13.842,538.356,1142,-4,15,0,0,1,0,0,1,0,0,0
2026-03-27 21:30:13.937,538.451,1140,-4,15,0,0,1,0,0,1,0,0,0
2026-03-27 21:30:13.954,538.468,1140,-5,15,0,0,1,0,0,1,0,0,0
2026-03-27 21:30:14.001,538.515,1141,-4,14,0,0,1,0,0,1,0,0,0
2026-03-27 21:30:14.003,538.517,1141,-2,14,0,0,1,0,0,1,0,0,0
2026-03-27 21:30:14.113,538.627,1141,-5,15,0,0,1,0,0,1,0,0,0
2026-03-27 21:30:14.194,538.708,1141,-2,15,0,0,1,0,0,1,0,0,0
2026-03-27 21:30:14.322,538.836,1141,-4,15,0,0,1,0,0,1,0,0,0
2026-03-27 21:30:14.434,538.948,1141,-4,15,0,0,1,0,0,1,0,0,0
2026-03-27 21:30:14.546,539.060,1140,-4,15,0,0,1,0,0,1,0,0,0
2026-03-27 21:30:14.657,539.171,1140,-4,15,0,0,1,0,0,1,0,0,0
2026-03-27 21:30:14.769,539.284,1140,-4,15,0,0,1,0,0,1,0,0,0
2026-03-27 21:30:14.786,539.300,1140,-4,15,0,0,1,0,0,1,0,0,0
2026-03-27 21:30:14.881,539.395,1140,-4,15,0,0,1,0,0,1,0,0,0
2026-03-27 21:30:14.961,539.475,1140,-4,12,0,0,1,0,0,1,0,0,0
2026-03-27 21:30:14.962,539.476,1140,-2,12,0,0,1,0,0,1,0,0,0
2026-03-27 21:30:15.057,539.571,1140,-2,15,0,0,1,0,0,1,0,0,0
2026-03-27 21:30:15.186,539.700,1140,-4,15,0,0,1,0,0,1,0,0,0
2026-03-27 21:30:15.249,539.764,1140,-1,15,0,0,1,0,0,1,0,0,0
2026-03-27 21:30:15.362,539.876,1140,-5,15,0,0,1,0,0,1,0,0,0
2026-03-27 21:30:15.570,540.084,1141,-5,15,0,0,1,0,0,1,0,0,0
2026-03-27 21:30:15.602,540.116,1140,-4,15,0,0,1,0,0,1,0,0,0
2026-03-27 21:30:15.729,540.243,1141,-5,15,0,0,1,0,0,1,0,0,0
2026-03-27 21:30:15.810,540.324,1141,-4,14,0,0,1,0,0,1,0,0,0
2026-03-27 21:30:15.906,540.420,1140,-2,15,0,0,1,0,0,1,0,0,0
2026-03-27 21:30:16.081,540.595,1140,-4,15,0,0,1,0,0,1,0,0,0
2026-03-27 21:30:16.083,540.597,1140,-4,15,0,0,1,0,0,1,0,0,0
2026-03-27 21:30:16.129,540.644,1141,-5,15,0,0,1,0,0,1,0,0,0
2026-03-27 21:30:16.209,540.724,1140,-2,15,0,0,1,0,0,1,0,0,0
2026-03-27 21:30:16.273,540.787,1140,-4,15,0,0,1,0,0,1,0,0,0
2026-03-27 21:30:16.417,540.931,1140,-5,15,0,0,1,0,0,1,0,0,0
2026-03-27 21:30:16.418,540.932,1140,-4,15,0,0,1,0,0,1,0,0,0
2026-03-27 21:30:16.433,540.947,1140,-4,14,0,0,1,0,0,1,0,0,0
2026-03-27 21:30:16.577,541.091,1140,-4,14,0,0,1,0,0,1,0,0,0
2026-03-27 21:30:16.593,541.107,1140,-5,15,0,0,1,0,0,1,0,0,0
2026-03-27 21:30:16.690,541.204,1140,-4,14,0,0,1,0,0,1,0,0,0
2026-03-27 21:30:16.692,541.206,1141,-4,15,0,0,1,0,0,1,0,0,0
2026-03-27 21:30:16.721,541.235,1141,-2,15,0,0,1,0,0,1,0,0,0
2026-03-27 21:30:16.785,541.299,1140,-4,15,0,0,1,0,0,1,0,0,0
2026-03-27 21:30:16.977,541.491,1140,-5,15,0,0,1,0,0,1,0,0,0
2026-03-27 21:30:17.105,541.619,1140,-5,15,0,0,1,0,0,1,0,0,0
2026-03-27 21:30:17.185,541.699,1140,-4,15,0,0,1,0,0,1,0,0,0
2026-03-27 21:30:17.232,541.747,1140,-4,15,0,0,1,0,0,1,0,0,0
2026-03-27 21:30:17.234,541.748,1140,-5,15,0,0,1,0,0,1,0,0,0
2026-03-27 21:30:17.345,541.859,1140,-5,15,0,0,1,0,0,1,0,0,0
2026-03-27 21:30:17.441,541.956,1140,-2,15,0,0,1,0,0,1,0,0,0
2026-03-27 21:30:17.601,542.115,1140,-4,15,0,0,1,0,0,1,0,0,0
2026-03-27 21:30:17.713,542.227,1140,-4,15,0,0,1,0,0,1,0,0,0
2026-03-27 21:30:17.825,542.339,1140,-1,15,0,0,1,0,0,1,0,0,0
2026-03-27 21:30:17.826,542.340,1140,-2,15,0,0,1,0,0,1,0,0,0
2026-03-27 21:30:17.921,542.435,1140,-4,15,0,0,1,0,0,1,0,0,0
2026-03-27 21:30:17.922,542.436,1140,-4,15,0,0,1,0,0,1,0,0,0
2026-03-27 21:30:18.081,542.595,1140,-4,14,0,0,1,0,0,1,0,0,0
2026-03-27 21:30:18.082,542.597,1140,-5,15,0,0,1,0,0,1,0,0,0
2026-03-27 21:30:18.130,542.644,1140,-5,15,0,0,1,0,0,1,0,0,0
2026-03-27 21:30:18.273,542.787,1141,-4,15,0,0,1,0,0,1,0,0,0
2026-03-27 21:30:18.369,542.883,1141,-4,15,0,0,1,0,0,1,0,0,0
2026-03-27 21:30:18.497,543.011,1140,-4,15,0,0,1,0,0,1,0,0,0
2026-03-27 21:30:18.593,543.107,1141,-4,15,0,0,1,0,0,1,0,0,0
2026-03-27 21:30:18.610,543.124,1140,-4,15,0,0,1,0,0,1,0,0,0
2026-03-27 21:30:18.737,543.251,1140,-5,15,0,0,1,0,0,1,0,0,0
2026-03-27 21:30:18.834,543.348,1140,-4,15,0,0,1,0,0,1,0,0,0
2026-03-27 21:30:18.945,543.459,1140,-4,15,0,0,1,0,0,1,0,0,0
2026-03-27 21:30:19.025,543.539,1140,-4,15,0,0,1,0,0,1,0,0,0
2026-03-27 21:30:19.105,543.619,1140,-2,15,0,0,1,0,0,1,0,0,0
2026-03-27 21:30:19.265,543.779,1141,-4,15,0,0,1,0,0,1,0,0,0
2026-03-27 21:30:19.377,543.891,1140,-2,15,0,0,1,0,0,1,0,0,0
2026-03-27 21:30:19.378,543.892,1140,-2,15,0,0,1,0,0,1,0,0,0
2026-03-27 21:30:19.409,543.923,1140,-5,15,0,0,1,0,0,1,0,0,0
2026-03-27 21:30:19.412,543.926,1140,-5,15,0,0,1,0,0,1,0,0,0
2026-03-27 21:30:19.521,544.035,1140,-5,15,0,0,1,0,0,1,0,0,0
2026-03-27 21:30:19.632,544.147,1140,-5,15,0,0,1,0,0,1,0,0,0
2026-03-27 21:30:19.730,544.244,1140,-2,15,0,0,1,0,0,1,0,0,0
2026-03-27 21:30:19.732,544.246,1140,-5,15,0,0,1,0,0,1,0,0,0
2026-03-27 21:30:19.889,544.403,1140,-4,14,0,0,1,0,0,1,0,0,0
2026-03-27 21:30:19.969,544.483,1140,-5,15,0,0,1,0,0,1,0,0,0
2026-03-27 21:30:19.972,544.486,1140,-4,14,0,0,1,0,0,1,0,0,0
2026-03-27 21:30:20.066,544.580,1140,-2,15,0,0,1,0,0,1,0,0,0
2026-03-27 21:30:20.161,544.675,1140,-4,15,0,0,1,0,0,1,0,0,0
2026-03-27 21:30:20.273,544.787,1140,-2,15,0,0,1,0,0,1,0,0,0
2026-03-27 21:30:20.417,544.931,1140,-1,15,0,0,1,0,0,1,0,0,0
2026-03-27 21:30:20.465,544.979,1140,-5,15,0,0,1,0,0,1,0,0,0
2026-03-27 21:30:20.593,545.107,1140,-4,15,0,0,1,0,0,1,0,0,0
2026-03-27 21:30:20.657,545.172,1140,-2,15,0,0,1,0,0,1,0,0,0
2026-03-27 21:30:20.753,545.267,1140,-2,15,0,0,1,0,0,1,0,0,0
2026-03-27 21:30:20.770,545.284,1140,-5,15,0,0,1,0,0,1,0,0,0
2026-03-27 21:30:20.946,545.460,1140,-4,15,0,0,1,0,0,1,0,0,0
2026-03-27 21:30:21.041,545.555,1140,-2,15,0,0,1,0,0,1,0,0,0
2026-03-27 21:30:21.089,545.603,1140,-5,15,0,0,1,0,0,1,0,0,0
2026-03-27 21:30:21.090,545.604,1140,-2,15,0,0,1,0,0,1,0,0,0
2026-03-27 21:30:21.090,545.605,0,0,0,0,0,0,0,0,0,0,0,0
2026-03-27 21:30:21.092,545.606,1140,-1,15,0,0,1,0,0,1,0,0,0
2026-03-27 21:30:21.201,545.715,1140,-5,15,0,0,1,0,0,1,0,0,0
2026-03-27 21:30:21.409,545.923,1140,-2,14,0,0,1,0,0,1,0,0,0
2026-03-27 21:30:21.441,545.955,1141,-5,15,0,0,1,0,0,1,0,0,0
2026-03-27 21:30:21.505,546.019,1141,-5,15,0,0,1,0,0,1,0,0,0
2026-03-27 21:30:21.520,546.034,1140,-2,15,0,0,1,0,0,1,0,0,0
2026-03-27 21:30:21.633,546.147,1141,-4,15,0,0,1,0,0,1,0,0,0
2026-03-27 21:30:21.634,546.148,1140,-4,15,0,1,0,0,0,0,0,0,0
2026-03-27 21:30:21.635,546.149,1140,-5,15,0,0,1,0,0,1,0,0,0
2026-03-27 21:30:21.746,546.260,1140,-4,15,0,0,1,0,0,1,0,0,0
2026-03-27 21:30:21.841,546.355,1140,-2,15,0,0,1,0,0,1,0,0,0
2026-03-27 21:30:21.937,546.451,1140,-2,15,0,0,1,0,0,1,0,0,0
2026-03-27 21:30:22.055,546.569,1140,-2,15,0,0,1,0,0,1,0,0,0
2026-03-27 21:30:22.129,546.643,1140,-4,15,0,0,1,0,0,1,0,0,0
2026-03-27 21:30:22.225,546.739,1140,-4,15,0,0,1,0,0,1,0,0,0
2026-03-27 21:30:22.353,546.867,1140,-5,15,0,0,1,0,0,1,0,0,0
2026-03-27 21:30:22.545,547.059,1140,-2,15,0,0,1,0,0,1,0,0,0
2026-03-27 21:30:22.705,547.219,1140,-4,15,0,0,1,0,0,1,0,0,0
2026-03-27 21:30:22.752,547.267,1141,-4,15,0,0,1,0,0,1,0,0,0
2026-03-27 21:30:22.769,547.283,1140,-5,15,0,0,1,0,0,1,0,0,0
2026-03-27 21:30:22.849,547.363,1140,-5,14,0,0,1,0,0,1,0,0,0
2026-03-27 21:30:22.977,547.491,1140,-4,15,0,0,1,0,0,1,0,0,0
2026-03-27 21:30:22.994,547.508,1140,-4,15,0,0,1,0,0,1,0,0,0
2026-03-27 21:30:23.057,547.572,1140,-5,15,0,0,1,0,0,1,0,0,0
2026-03-27 21:30:23.169,547.683,1140,-2,15,0,0,1,0,0,1,0,0,0
2026-03-27 21:30:23.313,547.828,1140,-5,15,0,0,1,0,0,1,0,0,0
2026-03-27 21:30:23.425,547.939,1140,-2,12,0,0,1,0,0,1,0,0,0
2026-03-27 21:30:23.426,547.941,1140,-2,12,0,0,1,0,0,1,0,0,0
2026-03-27 21:30:23.553,548.067,1140,-5,15,0,0,1,0,0,1,0,0,0
2026-03-27 21:30:23.555,548.070,1140,-4,15,0,0,1,0,0,1,0,0,0
2026-03-27 21:30:23.681,548.195,1140,-4,15,0,0,1,0,0,1,0,0,0
2026-03-27 21:30:23.808,548.322,1140,-2,15,0,0,1,0,0,1,0,0,0
2026-03-27 21:30:23.968,548.482,1140,-2,15,0,0,1,0,0,1,0,0,0
2026-03-27 21:30:23.970,548.484,1140,-2,15,0,0,1,0,0,1,0,0,0
2026-03-27 21:30:24.001,548.515,1140,-2,15,0,0,1,0,0,1,0,0,0
2026-03-27 21:30:24.129,548.643,1140,-2,15,0,0,1,0,0,1,0,0,0
2026-03-27 21:30:24.194,548.708,1141,-4,15,0,0,1,0,0,1,0,0,0
2026-03-27 21:30:24.337,548.851,1141,-4,15,0,0,1,0,0,1,0,0,0
2026-03-27 21:30:24.384,548.898,1140,-5,15,0,0,1,0,0,1,0,0,0
2026-03-27 21:30:24.400,548.914,1140,-5,15,0,0,1,0,0,1,0,0,0
2026-03-27 21:30:24.577,549.091,1140,-2,15,0,0,1,0,0,1,0,0,0
2026-03-27 21:30:24.609,549.123,1140,-2,15,0,0,1,0,0,1,0,0,0
2026-03-27 21:30:24.769,549.283,1140,-2,14,0,0,1,0,0,1,0,0,0
2026-03-27 21:30:24.817,549.331,1140,-2,15,0,0,1,0,0,1,0,0,0
2026-03-27 21:30:24.961,549.475,1140,-4,15,0,0,1,0,0,1,0,0,0
2026-03-27 21:30:25.040,549.555,1140,-2,15,0,0,1,0,0,1,0,0,0
2026-03-27 21:30:25.169,549.683,1140,-2,14,0,0,1,0,0,1,0,0,0
2026-03-27 21:30:25.170,549.684,1142,-2,15,0,0,1,0,0,1,0,0,0
2026-03-27 21:30:25.216,549.731,1140,-5,14,0,0,1,0,0,1,0,0,0
2026-03-27 21:30:25.313,549.828,1140,-2,15,0,0,1,0,0,1,0,0,0
2026-03-27 21:30:25.393,549.907,1140,-4,14,0,0,1,0,0,1,0,0,0
2026-03-27 21:30:25.394,549.908,1140,-4,15,0,0,1,0,0,1,0,0,0
2026-03-27 21:30:25.396,549.910,1140,-4,15,0,0,1,0,0,1,0,0,0
2026-03-27 21:30:25.506,550.020,1140,-2,14,0,0,1,0,0,1,0,0,0
2026-03-27 21:30:25.508,550.022,1140,-5,15,0,0,1,0,0,1,0,0,0
2026-03-27 21:30:25.585,550.100,1140,-4,15,0,0,1,0,0,1,0,0,0
2026-03-27 21:30:25.681,550.195,1140,-1,15,0,0,1,0,0,1,0,0,0
2026-03-27 21:30:25.761,550.275,1140,-2,15,0,0,1,0,0,1,0,0,0
2026-03-27 21:30:25.889,550.403,1140,-2,15,0,0,1,0,0,1,0,0,0
2026-03-27 21:30:26.001,550.515,1140,-2,15,0,0,1,0,0,1,0,0,0
2026-03-27 21:30:26.018,550.532,1141,-2,15,0,0,1,0,0,1,0,0,0
2026-03-27 21:30:26.145,550.659,1141,-2,15,0,0,1,0,0,1,0,0,0
2026-03-27 21:30:26.193,550.707,1140,-2,15,0,0,1,0,0,1,0,0,0
2026-03-27 21:30:26.208,550.722,1142,-2,15,0,0,1,0,0,1,0,0,0
2026-03-27 21:30:26.273,550.787,1141,-2,15,0,0,1,0,0,1,0,0,0
2026-03-27 21:30:26.368,550.883,1140,-2,15,0,0,1,0,0,1,0,0,0
2026-03-27 21:30:26.480,550.994,1140,-5,15,0,0,1,0,0,1,0,0,0
2026-03-27 21:30:26.592,551.106,1140,-2,15,0,0,1,0,0,1,0,0,0
2026-03-27 21:30:26.704,551.218,1141,-2,15,0,0,1,0,0,1,0,0,0
2026-03-27 21:30:26.784,551.298,1140,-5,15,0,0,1,0,0,1,0,0,0
2026-03-27 21:30:26.800,551.314,1141,-4,15,0,0,1,0,0,1,0,0,0
2026-03-27 21:30:26.978,551.492,1140,-1,15,0,0,1,0,0,1,0,0,0
2026-03-27 21:30:26.993,551.507,1140,-2,15,0,0,1,0,0,1,0,0,0
2026-03-27 21:30:27.152,551.666,1140,-2,15,0,0,1,0,0,1,0,0,0
2026-03-27 21:30:27.184,551.699,1140,-4,15,0,0,1,0,0,1,0,0,0
2026-03-27 21:30:27.297,551.811,1141,-2,15,0,0,1,0,0,1,0,0,0
2026-03-27 21:30:27.298,551.812,1141,-2,15,0,0,1,0,0,1,0,0,0
2026-03-27 21:30:27.424,551.938,1140,-2,15,0,0,1,0,0,1,0,0,0
2026-03-27 21:30:27.521,552.035,1140,-4,15,0,0,1,0,0,1,0,0,0
2026-03-27 21:30:27.522,552.037,1140,-4,15,0,0,1,0,0,1,0,0,0
2026-03-27 21:30:27.601,552.115,1140,-1,15,0,0,1,0,0,1,0,0,0
2026-03-27 21:30:27.825,552.339,1140,-2,15,0,0,1,0,0,1,0,0,0
2026-03-27 21:30:27.921,552.435,1140,-4,15,0,0,1,0,0,1,0,0,0
2026-03-27 21:30:27.923,552.437,1140,-4,15,0,0,1,0,0,1,0,0,0
2026-03-27 21:30:27.968,552.482,1140,-5,15,0,0,1,0,0,1,0,0,0
2026-03-27 21:30:28.048,552.562,1140,-2,15,0,0,1,0,0,1,0,0,0
2026-03-27 21:30:28.050,552.564,1140,-2,15,0,0,1,0,0,1,0,0,0
2026-03-27 21:30:28.160,552.674,1140,-4,15,0,0,1,0,0,1,0,0,0
2026-03-27 21:30:28.161,552.675,1140,-5,15,0,0,1,0,0,1,0,0,0
2026-03-27 21:30:28.257,552.771,1140,-2,15,0,0,1,0,0,1,0,0,0
2026-03-27 21:30:28.353,552.867,1140,-2,15,0,0,1,0,0,1,0,0,0
2026-03-27 21:30:28.480,552.995,1140,-1,15,0,0,1,0,0,1,0,0,0
2026-03-27 21:30:28.513,553.028,1140,-4,15,0,0,1,0,0,1,0,0,0
2026-03-27 21:30:28.609,553.123,1140,-2,15,0,0,1,0,0,1,0,0,0
2026-03-27 21:30:28.720,553.235,1140,-2,15,0,0,1,0,0,1,0,0,0
2026-03-27 21:30:28.816,553.330,1140,-5,15,0,0,1,0,0,1,0,0,0
2026-03-27 21:30:28.977,553.491,1140,-4,15,0,0,1,0,0,1,0,0,0
2026-03-27 21:30:29.201,553.715,1140,-4,15,0,0,1,0,0,1,0,0,0
2026-03-27 21:30:29.280,553.794,1140,-1,15,0,0,1,0,0,1,0,0,0
2026-03-27 21:30:29.296,553.811,1141,-4,15,0,0,1,0,0,1,0,0,0
2026-03-27 21:30:29.376,553.890,1141,-2,15,0,0,1,0,0,1,0,0,0
2026-03-27 21:30:29.472,553.986,1141,-2,15,0,0,1,0,0,1,0,0,0
2026-03-27 21:30:29.474,553.988,1140,-2,15,0,0,1,0,0,1,0,0,0
2026-03-27 21:30:29.601,554.115,1140,-2,15,0,0,1,0,0,1,0,0,0
2026-03-27 21:30:29.616,554.130,1140,-2,15,0,0,1,0,0,0,0,0,0
2026-03-27 21:30:29.618,554.132,1140,-2,15,0,0,1,0,0,1,0,0,0
2026-03-27 21:30:29.730,554.244,1140,-2,15,0,0,1,0,0,1,0,0,0
2026-03-27 21:30:29.732,554.246,1140,-4,15,0,0,1,0,0,1,0,0,0
2026-03-27 21:30:29.825,554.339,1140,-2,15,0,0,1,0,0,1,0,0,0
2026-03-27 21:30:29.937,554.451,1140,-5,15,0,0,1,0,0,1,0,0,0
2026-03-27 21:30:30.017,554.531,1140,-5,15,0,0,1,0,0,1,0,0,0
2026-03-27 21:30:30.129,554.643,1140,-5,15,0,0,1,0,0,1,0,0,0
2026-03-27 21:30:30.208,554.723,1140,-4,12,0,0,1,0,0,1,0,0,0
2026-03-27 21:30:30.305,554.819,1140,-2,14,0,0,1,0,0,1,0,0,0
2026-03-27 21:30:30.308,554.822,1140,-2,15,0,0,1,0,0,1,0,0,0
2026-03-27 21:30:30.481,554.995,1140,-2,15,0,0,1,0,0,1,0,0,0
2026-03-27 21:30:30.483,554.997,1141,-2,15,0,0,1,0,0,1,0,0,0
2026-03-27 21:30:30.593,555.107,1141,-1,15,0,0,1,0,0,1,0,0,0
2026-03-27 21:30:30.673,555.187,1140,-5,12,0,0,1,0,0,1,0,0,0
2026-03-27 21:30:30.688,555.202,1140,-2,15,0,0,1,0,0,1,0,0,0
2026-03-27 21:30:30.737,555.251,1140,-2,14,0,0,1,0,0,1,0,0,0
2026-03-27 21:30:30.897,555.411,1141,-2,15,0,0,1,0,0,1,0,0,0
2026-03-27 21:30:30.961,555.475,1141,-2,15,0,0,1,0,0,1,0,0,0
2026-03-27 21:30:30.964,555.478,1140,-2,15,0,0,1,0,0,1,0,0,0
2026-03-27 21:30:31.105,555.619,1140,-2,15,0,0,1,0,0,1,0,0,0
2026-03-27 21:30:31.168,555.682,1140,-4,15,0,0,1,0,0,1,0,0,0
2026-03-27 21:30:31.232,555.746,1140,-4,15,0,0,1,0,0,1,0,0,0
2026-03-27 21:30:31.361,555.875,1140,-5,12,0,0,1,0,0,1,0,0,0
2026-03-27 21:30:31.378,555.892,1140,-2,15,0,0,1,0,0,1,0,0,0
2026-03-27 21:30:31.489,556.003,1140,-2,15,0,0,1,0,0,1,0,0,0
2026-03-27 21:30:31.584,556.098,1140,-4,15,0,0,1,0,0,1,0,0,0
2026-03-27 21:30:31.600,556.114,1140,-4,15,0,0,1,0,0,1,0,0,0
2026-03-27 21:30:31.697,556.211,1141,-2,15,0,0,1,0,0,1,0,0,0
2026-03-27 21:30:31.760,556.274,1140,-4,15,0,0,1,0,0,1,0,0,0
2026-03-27 21:30:31.872,556.386,1140,-4,15,0,0,1,0,0,1,0,0,0
2026-03-27 21:30:31.936,556.450,1140,-5,15,0,0,1,0,0,1,0,0,0
2026-03-27 21:30:32.097,556.611,1141,-5,15,0,0,1,0,0,1,0,0,0
2026-03-27 21:30:32.209,556.723,1140,-4,15,0,0,1,0,0,1,0,0,0
2026-03-27 21:30:32.304,556.819,1140,-4,15,0,0,1,0,0,1,0,0,0
2026-03-27 21:30:32.448,556.962,1140,-4,15,0,0,1,0,0,1,0,0,0
2026-03-27 21:30:32.497,557.011,1140,-4,15,0,0,1,0,0,1,0,0,0
2026-03-27 21:30:32.592,557.107,1140,-5,15,0,0,1,0,0,1,0,0,0
2026-03-27 21:30:32.785,557.299,1140,-5,15,0,0,1,0,0,1,0,0,0
2026-03-27 21:30:32.816,557.330,1140,-1,15,0,0,1,0,0,1,0,0,0
2026-03-27 21:30:32.928,557.442,1141,-2,15,0,0,1,0,0,1,0,0,0
2026-03-27 21:30:32.930,557.444,1141,-2,15,0,0,1,0,0,1,0,0,0
2026-03-27 21:30:33.137,557.651,1141,-2,15,0,0,1,0,0,1,0,0,0
2026-03-27 21:30:33.139,557.653,1140,-1,14,0,0,1,0,0,1,0,0,0
2026-03-27 21:30:33.184,557.699,1140,-5,15,0,0,1,0,0,1,0,0,0
2026-03-27 21:30:33.187,557.701,1140,-4,14,0,0,1,0,0,1,0,0,0
2026-03-27 21:30:33.281,557.795,1140,-4,14,0,0,1,0,0,1,0,0,0
2026-03-27 21:30:33.361,557.875,1140,-2,15,0,0,1,0,0,1,0,0,0
2026-03-27 21:30:33.364,557.878,1140,-2,15,0,0,1,0,0,1,0,0,0
2026-03-27 21:30:33.472,557.987,1140,-4,14,0,0,1,0,0,1,0,0,0
2026-03-27 21:30:33.584,558.099,1140,-4,15,0,0,1,0,0,1,0,0,0
2026-03-27 21:30:33.761,558.275,1140,-5,15,0,0,1,0,0,1,0,0,0
2026-03-27 21:30:33.936,558.450,1141,-5,15,0,0,1,0,0,1,0,0,0
2026-03-27 21:30:34.048,558.562,1140,-4,13,0,0,1,0,0,1,0,0,0
2026-03-27 21:30:34.144,558.658,1141,-4,15,0,0,1,0,0,1,0,0,0
2026-03-27 21:30:34.256,558.771,1140,-4,15,0,0,1,0,0,1,0,0,0
2026-03-27 21:30:34.400,558.915,1140,-5,15,0,0,1,0,0,1,0,0,0
2026-03-27 21:30:34.480,558.994,1140,-2,15,0,0,1,0,0,1,0,0,0
2026-03-27 21:30:34.561,559.075,1140,-4,15,0,0,1,0,0,1,0,0,0
2026-03-27 21:30:34.688,559.202,1140,-4,15,0,0,1,0,0,1,0,0,0
2026-03-27 21:30:34.769,559.283,1140,-4,15,0,0,1,0,0,1,0,0,0
2026-03-27 21:30:34.960,559.474,1140,-2,15,0,0,1,0,0,1,0,0,0
2026-03-27 21:30:35.104,559.618,1140,-4,15,0,0,1,0,0,1,0,0,0
2026-03-27 21:30:35.201,559.715,1140,-5,15,0,0,1,0,0,1,0,0,0
2026-03-27 21:30:35.329,559.843,1140,-5,15,0,0,1,0,0,1,0,0,1
2026-03-27 21:30:35.346,559.860,1140,-4,15,0,0,1,0,0,1,0,0,1
2026-03-27 21:30:35.425,559.939,1140,-4,15,0,0,1,0,0,1,0,0,1
2026-03-27 21:30:35.472,559.986,1140,-4,15,0,0,1,0,0,1,0,0,1
2026-03-27 21:30:35.553,560.067,1140,-2,15,0,0,1,0,0,1,0,0,1
2026-03-27 21:30:35.569,560.083,1140,-2,15,0,0,1,0,0,1,0,0,1
2026-03-27 21:30:35.697,560.211,1140,-5,15,0,0,1,0,0,1,0,0,1
2026-03-27 21:30:35.825,560.339,1141,-4,15,0,0,1,0,0,1,0,0,1
2026-03-27 21:30:35.904,560.418,1141,-5,15,0,0,1,0,0,1,0,0,1
2026-03-27 21:30:36.065,560.579,1141,-2,15,0,0,1,0,0,1,0,0,1
2026-03-27 21:30:36.128,560.642,1141,-4,15,0,0,1,0,0,1,0,0,1
2026-03-27 21:30:36.272,560.787,1141,-2,15,0,0,1,0,0,1,0,0,1
2026-03-27 21:30:36.384,560.898,1142,-2,12,0,0,1,0,0,1,0,0,1
2026-03-27 21:30:36.400,560.914,1142,-1,12,0,0,1,0,0,1,0,0,1
2026-03-27 21:30:36.464,560.978,1142,-2,15,0,0,1,0,0,1,0,0,1
2026-03-27 21:30:36.592,561.106,1141,-4,15,0,0,1,0,0,1,0,0,1
2026-03-27 21:30:36.594,561.108,1141,-4,15,0,0,1,0,0,1,0,0,1
2026-03-27 21:30:36.657,561.171,1141,-2,15,0,0,1,0,0,1,0,0,1
2026-03-27 21:30:36.800,561.314,1141,-4,15,0,0,1,0,0,1,0,0,1
2026-03-27 21:30:36.801,561.315,1141,-4,15,0,0,1,0,0,0,0,0,1
2026-03-27 21:30:36.802,561.316,1141,-2,15,0,0,1,0,0,1,0,0,1
2026-03-27 21:30:36.913,561.427,1141,-4,15,0,0,1,0,0,1,0,0,1
2026-03-27 21:30:37.040,561.554,1140,-4,15,0,0,1,0,0,1,0,0,1
2026-03-27 21:30:37.088,561.602,1141,-4,15,0,0,1,0,0,1,0,0,1
2026-03-27 21:30:37.265,561.779,1141,-2,15,0,0,1,0,0,1,0,0,1
2026-03-27 21:30:37.266,561.780,1141,-4,15,0,0,1,0,0,1,0,0,1
2026-03-27 21:30:37.328,561.843,1141,-5,15,0,0,1,0,0,1,0,0,1
2026-03-27 21:30:37.345,561.859,1141,-5,15,0,0,1,0,0,1,0,0,1
2026-03-27 21:30:37.505,562.019,1141,-5,15,0,0,1,0,0,1,0,0,1
2026-03-27 21:30:37.584,562.098,1140,-2,15,0,0,1,0,0,1,0,0,1
2026-03-27 21:30:37.586,562.100,1141,-2,15,0,0,1,0,0,1,0,0,1
2026-03-27 21:30:37.632,562.146,1141,-4,15,0,0,1,0,0,1,0,0,1
2026-03-27 21:30:37.713,562.227,1141,-4,15,0,0,1,0,0,1,0,0,1
2026-03-27 21:30:38.016,562.530,1141,-5,15,0,0,1,0,0,1,0,0,1
2026-03-27 21:30:38.081,562.595,1141,-5,15,0,0,1,0,0,1,0,0,1
2026-03-27 21:30:38.224,562.738,1140,-2,15,0,0,1,0,0,1,0,0,0
2026-03-27 21:30:38.287,562.802,1140,-4,15,0,0,1,0,0,1,0,0,0
2026-03-27 21:30:38.289,562.803,1140,-4,15,0,0,1,0,0,1,0,0,0
2026-03-27 21:30:38.368,562.882,1140,-1,15,0,0,1,0,0,1,0,0,0
2026-03-27 21:30:38.497,563.011,1140,-5,15,0,0,1,0,0,1,0,0,0
2026-03-27 21:30:38.528,563.042,1140,-2,15,0,0,1,0,0,1,0,0,0
2026-03-27 21:30:38.608,563.123,1140,-4,15,0,0,1,0,0,1,0,0,0
2026-03-27 21:30:38.752,563.266,1140,-5,15,0,0,1,0,0,1,0,0,0
2026-03-27 21:30:39.121,563.635,1141,-2,15,0,0,1,0,0,1,0,0,0
2026-03-27 21:30:39.248,563.762,1142,-2,15,0,0,1,0,0,1,0,0,0
2026-03-27 21:30:39.250,563.764,1141,-2,15,0,0,1,0,0,1,0,0,0
2026-03-27 21:30:39.296,563.810,1140,-2,15,0,0,1,0,0,1,0,0,0
2026-03-27 21:30:39.298,563.813,1140,-2,15,0,0,1,0,0,1,0,0,0
2026-03-27 21:30:39.440,563.954,1140,-4,15,0,0,1,0,0,1,0,0,0
2026-03-27 21:30:39.441,563.955,1140,-5,15,0,0,1,0,0,1,0,0,0
2026-03-27 21:30:39.536,564.050,1140,-2,15,0,0,1,0,0,1,0,0,0
2026-03-27 21:30:39.600,564.114,1140,-4,15,0,0,1,0,0,1,0,0,0
2026-03-27 21:30:39.616,564.130,1140,-4,15,0,0,1,0,0,1,0,0,0
2026-03-27 21:30:39.696,564.210,1140,-4,15,0,0,1,0,0,1,0,0,0
2026-03-27 21:30:39.825,564.339,1140,-4,15,0,0,1,0,0,1,0,0,0
2026-03-27 21:30:39.827,564.341,1140,-2,15,0,0,1,0,0,1,0,0,0
2026-03-27 21:30:39.888,564.402,1140,-2,15,0,0,1,0,0,1,0,0,0
2026-03-27 21:30:40.080,564.594,1140,-4,15,0,0,1,0,0,1,0,0,0
2026-03-27 21:30:40.144,564.658,1140,-4,15,0,0,1,0,0,1,0,0,0
2026-03-27 21:30:40.208,564.722,1140,-4,15,0,0,1,0,0,1,0,0,0
2026-03-27 21:30:40.304,564.818,1140,-4,12,0,0,1,0,0,1,0,0,0
2026-03-27 21:30:40.368,564.883,1140,-2,15,0,0,1,0,0,1,0,0,0
2026-03-27 21:30:40.528,565.042,1140,-4,14,0,0,1,0,0,1,0,0,0
2026-03-27 21:30:40.530,565.044,1140,-5,15,0,0,1,0,0,1,0,0,0
2026-03-27 21:30:40.560,565.074,1140,-5,15,0,0,1,0,0,1,0,0,0
2026-03-27 21:30:40.562,565.076,1140,-4,15,0,0,1,0,0,1,0,0,0
2026-03-27 21:30:40.736,565.250,1140,-4,15,0,0,1,0,0,1,0,0,0
2026-03-27 21:30:40.816,565.330,1140,-4,15,0,0,1,0,0,1,0,0,0
2026-03-27 21:30:41.072,565.586,1140,-4,15,0,0,1,0,0,1,0,0,0
2026-03-27 21:30:41.088,565.602,1140,-4,14,0,0,1,0,0,1,0,0,0
2026-03-27 21:30:41.104,565.618,1140,-5,15,0,0,1,0,0,1,0,0,0
2026-03-27 21:30:41.120,565.634,1140,-5,15,0,0,1,0,0,1,0,0,0
2026-03-27 21:30:41.232,565.746,1140,-2,12,0,0,1,0,0,1,0,0,0
2026-03-27 21:30:41.360,565.874,1140,-4,15,0,0,1,0,0,1,0,0,0
2026-03-27 21:30:41.520,566.035,1140,-5,15,0,0,1,0,0,1,0,0,0
2026-03-27 21:30:41.631,566.145,1140,-2,15,0,0,1,0,0,1,0,0,0
2026-03-27 21:30:41.632,566.147,1140,-5,15,0,0,1,0,0,1,0,0,0
2026-03-27 21:30:41.712,566.226,1140,-4,15,0,0,1,0,0,1,0,0,0
2026-03-27 21:30:41.776,566.290,1140,-2,15,0,0,1,0,0,1,0,0,0
2026-03-27 21:30:41.904,566.418,1140,-1,14,0,0,1,0,0,1,0,0,0
2026-03-27 21:30:41.907,566.421,1141,-5,15,0,0,1,0,0,1,0,0,0
2026-03-27 21:30:42.032,566.546,1140,-5,15,0,0,1,0,0,1,0,0,0
2026-03-27 21:30:42.064,566.578,1140,-2,15,0,0,1,0,0,1,0,0,0
2026-03-27 21:30:42.223,566.737,1140,-1,15,0,0,1,0,0,1,0,0,0
2026-03-27 21:30:42.225,566.739,1140,-1,15,0,0,1,0,0,1,0,0,0
2026-03-27 21:30:42.272,566.786,1140,-1,15,0,0,1,0,0,1,0,0,0
2026-03-27 21:30:42.384,566.899,1141,-2,15,0,0,1,0,0,1,0,0,0
2026-03-27 21:30:42.479,566.994,1140,-2,15,0,0,1,0,0,1,0,0,0
2026-03-27 21:30:42.608,567.122,1141,-2,15,0,0,1,0,0,1,0,0,0
2026-03-27 21:30:42.672,567.186,1141,-2,14,0,0,1,0,0,1,0,0,0
2026-03-27 21:30:42.831,567.345,1141,-4,15,0,0,1,0,0,1,0,0,0
2026-03-27 21:30:42.944,567.458,1141,-5,15,0,0,1,0,0,1,0,0,0
2026-03-27 21:30:43.087,567.601,1141,-4,15,0,0,1,0,0,1,0,0,0
2026-03-27 21:30:43.152,567.666,1141,-4,15,0,0,1,0,0,1,0,0,0
2026-03-27 21:30:43.248,567.763,1140,-2,14,0,0,1,0,0,1,0,0,0
2026-03-27 21:30:43.263,567.778,1140,-4,15,0,0,1,0,0,1,0,0,0
2026-03-27 21:30:43.360,567.874,1141,-4,15,0,0,1,0,0,1,0,0,0
2026-03-27 21:30:43.504,568.018,1141,-2,15,0,0,1,0,0,1,0,0,0
2026-03-27 21:30:43.505,568.020,1141,-4,15,0,0,1,0,0,1,0,0,0
2026-03-27 21:30:43.520,568.034,1141,-5,15,0,0,1,0,0,1,0,0,0
2026-03-27 21:30:43.632,568.146,1141,-2,15,0,0,1,0,0,1,0,0,0
2026-03-27 21:30:43.680,568.194,1141,-4,15,0,0,1,0,0,1,0,0,0
2026-03-27 21:30:43.904,568.418,1141,-5,15,0,0,1,0,0,1,0,0,0
2026-03-27 21:30:43.936,568.450,1141,-1,15,0,0,1,0,0,1,0,0,0
2026-03-27 21:30:43.953,568.467,1141,-4,15,0,0,1,0,0,1,0,0,0
2026-03-27 21:30:44.016,568.530,1141,-1,15,0,0,1,0,0,1,0,0,0
2026-03-27 21:30:44.112,568.626,1142,-4,15,0,0,1,0,0,1,0,0,0
2026-03-27 21:30:44.208,568.722,1141,-4,15,0,0,1,0,0,1,0,0,0
2026-03-27 21:30:44.351,568.865,1140,-4,15,0,0,1,0,0,1,0,0,0
2026-03-27 21:30:44.352,568.867,1140,-4,15,0,0,1,0,0,1,0,0,0
2026-03-27 21:30:44.354,568.868,111140,-5,15,0,0,1,0,0,1,0,0,0
2026-03-27 21:30:44.416,568.930,1142,-4,15,0,0,1,0,0,1,0,0,0
2026-03-27 21:30:44.544,569.058,1141,-2,15,0,0,1,0,0,1,0,0,0
2026-03-27 21:30:44.545,569.059,1141,-2,15,0,0,1,0,0,1,0,0,0
2026-03-27 21:30:44.547,569.061,1141,-1,15,0,0,1,0,0,1,0,0,0
2026-03-27 21:30:44.641,569.155,1141,-2,15,0,0,1,0,0,1,0,0,0
2026-03-27 21:30:44.832,569.346,1141,-5,15,0,0,1,0,0,1,0,0,0
2026-03-27 21:30:44.944,569.458,1140,-2,15,0,0,1,0,0,1,0,0,0
2026-03-27 21:30:45.072,569.586,1141,-5,15,0,0,1,0,0,1,0,0,0
2026-03-27 21:30:45.200,569.714,1141,-5,15,0,0,1,0,0,1,0,0,0
2026-03-27 21:30:45.312,569.826,1140,-4,15,0,0,1,0,0,1,0,0,0
2026-03-27 21:30:45.407,569.921,1140,-2,15,0,0,1,0,0,1,0,0,0
2026-03-27 21:30:45.503,570.017,1140,-5,15,0,0,1,0,0,1,0,0,0
2026-03-27 21:30:45.506,570.020,1140,-4,15,0,0,1,0,0,1,0,0,0
2026-03-27 21:30:45.584,570.099,1140,-2,15,0,0,1,0,0,1,0,0,0
2026-03-27 21:30:45.648,570.162,1140,-4,15,0,0,1,0,0,1,0,0,0
2026-03-27 21:30:45.665,570.179,1141,-5,15,0,0,1,0,0,1,0,0,0
2026-03-27 21:30:45.776,570.290,1141,-5,15,0,0,1,0,0,1,0,0,0
2026-03-27 21:30:45.777,570.291,1140,-4,15,0,1,0,0,0,0,0,0,0
2026-03-27 21:30:45.779,570.293,1141,-2,15,0,0,1,0,0,1,0,0,0
2026-03-27 21:30:45.888,570.402,1141,-2,15,0,0,1,0,0,1,0,0,0
2026-03-27 21:30:46.047,570.561,1141,-5,15,0,0,1,0,0,1,0,0,0
2026-03-27 21:30:46.049,570.563,1141,-4,15,0,0,1,0,0,1,0,0,0
2026-03-27 21:30:46.144,570.658,1141,-5,15,0,0,1,0,0,1,0,0,0
2026-03-27 21:30:46.145,570.660,1140,-5,15,0,0,1,0,0,1,0,0,0
2026-03-27 21:30:46.271,570.785,1141,-5,15,0,0,1,0,0,1,0,0,0
2026-03-27 21:30:46.272,570.786,1141,-4,15,0,0,1,0,0,1,0,0,0
2026-03-27 21:30:46.384,570.898,1140,-5,15,0,0,1,0,0,1,0,0,0
2026-03-27 21:30:46.495,571.010,1140,-4,15,0,0,1,0,0,1,0,0,0
2026-03-27 21:30:46.543,571.057,1140,-5,15,0,0,1,0,0,1,0,0,0
2026-03-27 21:30:46.639,571.154,1140,-4,15,0,0,1,0,0,1,0,0,0
2026-03-27 21:30:46.799,571.313,1140,-4,15,0,0,1,0,0,1,0,0,0
2026-03-27 21:30:46.848,571.362,1140,-5,15,0,0,1,0,0,1,0,0,0
2026-03-27 21:30:46.863,571.378,1140,-4,15,0,0,1,0,0,1,0,0,0
2026-03-27 21:30:46.976,571.490,1140,-4,15,0,0,1,0,0,1,0,0,0
2026-03-27 21:30:47.056,571.571,1140,-4,15,0,0,1,0,0,1,0,0,0
2026-03-27 21:30:47.199,571.713,1140,-4,15,0,0,1,0,0,1,0,0,0
2026-03-27 21:30:47.248,571.762,1140,-4,15,0,0,1,0,0,1,0,0,0
2026-03-27 21:30:47.344,571.858,1140,-5,15,0,0,1,0,0,1,0,0,0
2026-03-27 21:30:47.439,571.954,1140,-4,15,0,0,1,0,0,1,0,0,0
2026-03-27 21:30:47.568,572.082,1142,-4,15,0,0,1,0,0,1,0,0,0
2026-03-27 21:30:47.665,572.179,1140,-4,15,0,0,1,0,0,1,0,0,0
2026-03-27 21:30:47.823,572.338,1140,-2,15,0,0,1,0,0,1,0,0,0
2026-03-27 21:30:47.935,572.449,1140,-4,15,0,0,1,0,0,1,0,0,0
2026-03-27 21:30:48.031,572.545,1140,-4,15,0,0,1,0,0,1,0,0,0
2026-03-27 21:30:48.096,572.610,1140,-4,15,0,0,1,0,0,1,0,0,0
2026-03-27 21:30:48.224,572.738,1140,-4,15,0,0,1,0,0,1,0,0,0
2026-03-27 21:30:48.336,572.850,1140,-5,15,0,0,1,0,0,1,0,0,0
2026-03-27 21:30:48.367,572.881,1140,-4,14,0,0,1,0,0,1,0,0,0
2026-03-27 21:30:48.527,573.042,1141,-5,15,0,0,1,0,0,1,0,0,0
2026-03-27 21:30:48.530,573.044,1140,-4,12,0,0,1,0,0,1,0,0,0
2026-03-27 21:30:48.608,573.122,1140,-4,12,0,0,1,0,0,1,0,0,0
2026-03-27 21:30:48.609,573.124,1140,-4,15,0,0,1,0,0,1,0,0,0
2026-03-27 21:30:48.719,573.234,1140,-5,15,0,0,1,0,0,1,0,0,0
2026-03-27 21:30:48.735,573.249,1140,-5,15,0,1,0,0,0,0,0,0,0
2026-03-27 21:30:48.736,573.250,1140,-2,15,0,0,1,0,0,1,0,0,0
2026-03-27 21:30:48.799,573.313,1140,-2,15,0,0,1,0,0,1,0,0,0
2026-03-27 21:30:48.927,573.442,1140,-2,15,0,0,1,0,0,1,0,0,0
2026-03-27 21:30:49.023,573.538,1140,-4,15,0,0,1,0,0,1,0,0,0
2026-03-27 21:30:49.151,573.665,1140,-5,15,0,0,1,0,0,1,0,0,0
2026-03-27 21:30:49.263,573.778,1141,-2,15,0,0,1,0,0,1,0,0,0
2026-03-27 21:30:49.407,573.921,1140,-5,15,0,0,1,0,0,1,0,0,0
2026-03-27 21:30:49.456,573.970,1140,-1,15,0,0,1,0,0,1,0,0,0
2026-03-27 21:30:49.583,574.097,1141,-4,15,0,0,1,0,0,1,0,0,0
2026-03-27 21:30:49.600,574.114,1140,-5,15,0,0,1,0,0,1,0,0,0
2026-03-27 21:30:49.695,574.209,1140,-4,15,0,0,1,0,0,1,0,0,0
2026-03-27 21:30:49.697,574.211,1140,-4,14,0,0,1,0,0,1,0,0,0
2026-03-27 21:30:49.759,574.273,1140,-2,15,0,0,1,0,0,1,0,0,0
2026-03-27 21:30:49.872,574.386,1140,-4,15,0,0,1,0,0,1,0,0,0
2026-03-27 21:30:49.967,574.481,1140,-2,15,0,0,1,0,0,1,0,0,0
2026-03-27 21:30:50.143,574.657,1140,-2,15,0,0,1,0,0,1,0,0,0
2026-03-27 21:30:50.175,574.689,1140,-5,15,0,0,1,0,0,1,0,0,0
2026-03-27 21:30:50.303,574.817,1140,-4,15,0,0,1,0,0,1,0,0,0
2026-03-27 21:30:50.367,574.881,1140,-2,15,0,0,1,0,0,1,0,0,0
2026-03-27 21:30:50.479,574.993,1140,-5,15,0,0,1,0,0,1,0,0,0
2026-03-27 21:30:50.655,575.169,1140,-4,14,0,0,1,0,0,1,0,0,0
2026-03-27 21:30:50.671,575.185,1140,-4,15,0,0,1,0,0,1,0,0,0
2026-03-27 21:30:50.703,575.217,1140,-5,15,0,0,1,0,0,1,0,0,0
2026-03-27 21:30:50.847,575.361,1140,-2,15,0,0,1,0,0,1,0,0,0
2026-03-27 21:30:50.975,575.489,1140,-4,15,0,0,1,0,0,1,0,0,0
2026-03-27 21:30:51.087,575.601,1140,-5,15,0,0,1,0,0,1,0,0,0
2026-03-27 21:30:51.216,575.730,1140,-4,15,0,0,1,0,0,1,0,0,0
2026-03-27 21:30:51.312,575.826,1141,-4,15,0,0,1,0,0,1,0,0,0
2026-03-27 21:30:51.313,575.827,1141,-4,15,0,0,1,0,0,1,0,0,0
2026-03-27 21:30:51.316,575.830,1140,-5,15,0,0,1,0,0,1,0,0,0
2026-03-27 21:30:51.392,575.906,1140,-4,15,0,0,1,0,0,1,0,0,0
2026-03-27 21:30:51.487,576.001,1141,-2,15,0,0,1,0,0,1,0,0,0
2026-03-27 21:30:51.615,576.129,1140,-5,15,0,0,1,0,0,1,0,0,0
2026-03-27 21:30:51.743,576.257,1140,-4,15,0,0,1,0,0,1,0,0,0
2026-03-27 21:30:51.823,576.337,1140,-2,15,0,0,1,0,0,1,0,0,0
2026-03-27 21:30:51.904,576.418,1140,-2,15,0,0,1,0,0,1,0,0,0
2026-03-27 21:30:51.907,576.421,1140,-4,15,0,0,1,0,0,1,0,0,0
2026-03-27 21:30:51.984,576.498,1140,-4,15,0,0,1,0,0,1,0,0,0
2026-03-27 21:30:52.127,576.641,1140,-4,15,0,0,1,0,0,1,0,0,0
2026-03-27 21:30:52.240,576.754,1140,-5,15,0,0,1,0,0,1,0,0,0
2026-03-27 21:30:52.336,576.850,1140,-5,15,0,0,1,0,0,1,0,0,0
2026-03-27 21:30:52.447,576.962,1140,-5,15,0,0,1,0,0,1,0,0,0
2026-03-27 21:30:52.607,577.121,1140,-4,15,0,0,1,0,0,1,0,0,0
2026-03-27 21:30:52.656,577.170,1140,-4,15,0,0,1,0,0,1,0,0,0
2026-03-27 21:30:52.799,577.313,1140,-5,15,0,0,1,0,0,1,0,0,0
2026-03-27 21:30:52.802,577.316,1140,-5,15,0,0,1,0,0,1,0,0,0
2026-03-27 21:30:52.927,577.441,1140,-4,15,0,0,1,0,0,1,0,0,0
2026-03-27 21:30:52.929,577.443,1140,-5,15,0,0,1,0,0,1,0,0,0
2026-03-27 21:30:52.991,577.505,1140,-4,15,0,0,1,0,0,1,0,0,0
2026-03-27 21:30:52.993,577.507,1140,-5,15,0,0,1,0,0,1,0,0,0
2026-03-27 21:30:52.994,577.508,1,0,0,0,0,0,0,0,1,0,0,0
2026-03-27 21:30:53.103,577.617,1141,-1,15,0,0,1,0,0,1,0,0,0
2026-03-27 21:30:53.119,577.633,1140,-2,15,0,0,1,0,0,1,0,0,0
2026-03-27 21:30:53.164,577.678,1140,-4,15,0,0,1,0,0,1,0,0,0
2026-03-27 21:30:53.174,577.688,1140,-4,15,0,0,1,0,0,1,0,0,0
2026-03-27 21:30:53.263,577.777,1140,-4,15,0,0,1,0,0,1,0,0,0
2026-03-27 21:30:53.265,577.779,1140,-4,15,0,0,1,0,0,1,0,0,0
2026-03-27 21:30:53.407,577.921,1140,-2,15,0,0,1,0,0,1,0,0,0
2026-03-27 21:30:53.551,578.065,1140,-2,15,0,0,1,0,0,1,0,0,0
2026-03-27 21:30:53.647,578.161,1140,-4,15,0,0,1,0,0,1,0,0,0
2026-03-27 21:30:53.663,578.177,1141,-5,15,0,0,1,0,0,1,0,0,0
2026-03-27 21:30:53.711,578.225,1141,-2,15,0,0,1,0,0,1,0,0,0
2026-03-27 21:30:53.903,578.417,1140,-5,15,0,0,1,0,0,1,0,0,0
2026-03-27 21:30:53.951,578.466,1141,-4,15,0,0,1,0,0,1,0,0,0
2026-03-27 21:30:54.032,578.546,1140,-5,15,0,0,1,0,0,1,0,0,0
2026-03-27 21:30:54.143,578.657,1141,-2,12,0,0,1,0,0,1,0,0,0
2026-03-27 21:30:54.144,578.658,1141,-1,12,0,0,1,0,0,1,0,0,0
2026-03-27 21:30:54.159,578.673,1141,-4,15,0,0,1,0,0,1,0,0,0
2026-03-27 21:30:54.240,578.754,1141,-4,15,0,0,1,0,0,1,0,0,0
2026-03-27 21:30:54.416,578.930,1140,-2,15,0,0,1,0,0,1,0,0,0
2026-03-27 21:30:54.418,578.932,1140,-4,14,0,0,1,0,0,1,0,0,0
2026-03-27 21:30:54.496,579.010,1140,-4,15,0,0,1,0,0,1,0,0,0
2026-03-27 21:30:54.624,579.138,1140,-4,15,0,0,1,0,0,1,0,0,0
2026-03-27 21:30:54.751,579.265,1140,-2,15,0,0,1,0,0,1,0,0,0
2026-03-27 21:30:54.863,579.377,1140,-2,14,0,0,1,0,0,1,0,0,0
2026-03-27 21:30:55.007,579.521,1140,-1,15,0,0,1,0,0,1,0,0,0
2026-03-27 21:30:55.039,579.553,1141,-2,15,0,0,1,0,0,1,0,0,0
2026-03-27 21:30:55.183,579.697,1140,-2,15,0,0,1,0,0,1,0,0,0
2026-03-27 21:30:55.343,579.857,1141,-2,15,0,0,1,0,0,1,0,0,0
2026-03-27 21:30:55.375,579.889,1140,-2,15,0,0,1,0,0,1,0,0,0
2026-03-27 21:30:55.423,579.937,1140,-1,15,0,0,1,0,0,1,0,0,0
2026-03-27 21:30:55.425,579.940,1140,-5,15,0,0,1,0,0,1,0,0,0
2026-03-27 21:30:55.599,580.113,1140,-2,15,0,0,1,0,0,1,0,0,0
2026-03-27 21:30:55.679,580.194,1140,-2,15,0,0,1,0,0,1,0,0,0
2026-03-27 21:30:55.681,580.195,1140,-5,15,0,0,1,0,0,1,0,0,0
2026-03-27 21:30:55.806,580.321,1140,-4,15,0,0,1,0,0,1,0,0,0
2026-03-27 21:30:55.823,580.337,1140,-4,15,0,0,1,0,0,1,0,0,0
2026-03-27 21:30:55.904,580.418,1140,-1,15,0,0,1,0,0,1,0,0,0
2026-03-27 21:30:55.983,580.497,1140,-2,15,0,0,1,0,0,1,0,0,0
2026-03-27 21:30:56.095,580.609,1140,-2,15,0,0,1,0,0,1,0,0,0
2026-03-27 21:30:56.207,580.721,1141,-5,15,0,0,1,0,0,1,0,0,0
2026-03-27 21:30:56.385,580.899,1140,-4,15,0,0,1,0,0,1,0,0,0
2026-03-27 21:30:56.464,580.978,1140,-2,15,0,0,1,0,0,1,0,0,0
2026-03-27 21:30:56.465,580.979,1140,-2,15,0,0,0,0,0,0,0,0,0
2026-03-27 21:30:56.466,580.980,1140,-2,15,0,0,1,0,0,1,0,0,0
2026-03-27 21:30:56.560,581.074,1140,-2,15,0,0,1,0,0,1,0,0,0
2026-03-27 21:30:56.687,581.201,1140,-2,15,0,0,1,0,0,1,0,0,0
2026-03-27 21:30:56.847,581.361,1140,-1,15,0,0,1,0,0,1,0,0,0
2026-03-27 21:30:56.943,581.457,1140,-2,14,0,0,1,0,0,1,0,0,0
2026-03-27 21:30:57.103,581.617,1140,-4,15,0,0,1,0,0,1,0,0,0
2026-03-27 21:30:57.135,581.649,1141,-5,15,0,0,1,0,0,1,0,0,0
2026-03-27 21:30:57.136,581.650,1141,-5,15,0,0,1,0,0,1,0,0,0
2026-03-27 21:30:57.247,581.762,1140,-5,15,0,0,1,0,0,1,0,0,0
2026-03-27 21:30:57.327,581.841,1140,-2,15,0,0,1,0,0,1,0,0,0
2026-03-27 21:30:57.487,582.002,1140,-2,15,0,0,1,0,0,1,0,0,0
2026-03-27 21:30:57.566,582.080,1140,-2,15,0,0,1,0,0,1,0,0,0
2026-03-27 21:30:57.568,582.082,1140,-2,15,0,0,1,0,0,1,0,0,0
2026-03-27 21:30:57.615,582.129,1140,-4,15,0,0,1,0,0,1,0,0,0
2026-03-27 21:30:57.633,582.147,1140,-4,15,0,0,1,0,0,1,0,0,0
2026-03-27 21:30:57.792,582.306,1140,-5,15,0,0,1,0,0,1,0,0,0
2026-03-27 21:30:57.838,582.352,1140,-2,15,0,0,1,0,0,1,0,0,0
2026-03-27 21:30:57.840,582.354,1141,-2,15,0,0,1,0,0,1,0,0,0
2026-03-27 21:30:57.854,582.369,1140,-1,15,0,0,1,0,0,1,0,0,0
2026-03-27 21:30:57.967,582.481,1140,-2,15,0,0,1,0,0,1,0,0,0
2026-03-27 21:30:57.969,582.483,1140,-4,15,0,0,1,0,0,1,0,0,0
2026-03-27 21:30:58.143,582.658,1140,-4,15,0,0,1,0,0,1,0,0,0
2026-03-27 21:30:58.191,582.705,1140,-5,15,0,0,1,0,0,1,0,0,0
2026-03-27 21:30:58.287,582.801,1140,-4,15,0,0,1,0,0,1,0,0,0
2026-03-27 21:30:58.288,582.802,1140,-4,15,0,0,1,0,0,1,0,0,0
2026-03-27 21:30:58.399,582.913,1140,-4,15,0,0,1,0,0,1,0,0,0
2026-03-27 21:30:58.417,582.931,1140,-4,15,0,0,1,0,0,1,0,0,0
2026-03-27 21:30:58.494,583.009,1140,-4,15,0,0,1,0,0,1,0,0,0
2026-03-27 21:30:58.575,583.089,1140,-4,15,0,0,1,0,0,1,0,0,0
2026-03-27 21:30:58.687,583.201,1140,-2,15,0,0,1,0,0,1,0,0,0
2026-03-27 21:30:58.783,583.297,1140,-4,15,0,0,1,0,0,1,0,0,0
2026-03-27 21:30:58.895,583.409,1140,-2,15,0,0,1,0,0,1,0,0,0
2026-03-27 21:30:58.897,583.411,1140,-1,15,0,0,1,0,0,1,0,0,0
2026-03-27 21:30:59.038,583.553,1140,-4,15,0,0,1,0,0,1,0,0,0
2026-03-27 21:30:59.041,583.555,1140,-4,15,0,0,1,0,0,1,0,0,0
2026-03-27 21:30:59.151,583.665,1140,-4,15,0,0,1,0,0,1,0,0,0
2026-03-27 21:30:59.262,583.776,1140,-5,15,0,0,1,0,0,1,0,0,0
2026-03-27 21:30:59.264,583.778,1140,-5,15,0,0,1,0,0,1,0,0,0
2026-03-27 21:30:59.326,583.841,1141,-5,14,0,0,1,0,0,1,0,0,0
2026-03-27 21:30:59.328,583.842,1142,-5,15,0,0,1,0,0,1,0,0,0
2026-03-27 21:30:59.551,584.065,1140,-2,15,0,0,1,0,0,1,0,0,0
2026-03-27 21:30:59.599,584.113,1140,-2,15,0,0,1,0,0,1,0,0,0
2026-03-27 21:30:59.662,584.177,1140,-5,15,0,0,1,0,0,1,0,0,0
2026-03-27 21:30:59.743,584.257,1140,-4,15,0,0,1,0,0,1,0,0,0
2026-03-27 21:30:59.855,584.369,1140,-4,15,0,0,1,0,0,1,0,0,0
2026-03-27 21:30:59.856,584.370,1140,-4,15,0,0,1,0,0,1,0,0,0
2026-03-27 21:31:00.047,584.561,1140,-2,15,0,0,1,0,0,1,0,0,0
2026-03-27 21:31:00.111,584.625,1140,-2,15,0,0,1,0,0,1,0,0,0
2026-03-27 21:31:00.159,584.673,1140,-5,15,0,0,1,0,0,1,0,0,0
2026-03-27 21:31:00.287,584.801,1140,-2,15,0,0,1,0,0,1,0,0,0
2026-03-27 21:31:00.399,584.913,1140,-5,12,0,0,1,0,0,1,0,0,0
2026-03-27 21:31:00.447,584.962,1141,-2,15,0,0,1,0,0,1,0,0,0
2026-03-27 21:31:00.575,585.089,1140,-2,15,0,0,1,0,0,1,0,0,0
2026-03-27 21:31:00.576,585.090,1140,-4,14,0,0,1,0,0,1,0,0,0
2026-03-27 21:31:00.655,585.170,1140,-2,15,0,0,1,0,0,1,0,0,0
2026-03-27 21:31:00.767,585.281,1140,-2,15,0,0,1,0,0,1,0,0,0
2026-03-27 21:31:00.879,585.393,1140,-2,15,0,0,1,0,0,1,0,0,0
2026-03-27 21:31:00.991,585.505,1140,-4,15,0,0,1,0,0,1,0,0,0
2026-03-27 21:31:01.007,585.521,1140,-1,15,0,0,1,0,0,1,0,0,0
2026-03-27 21:31:01.071,585.585,1140,-1,15,0,0,1,0,0,1,0,0,0
2026-03-27 21:31:01.119,585.633,1140,-4,15,0,0,1,0,0,1,0,0,0
2026-03-27 21:31:01.279,585.793,1140,-2,14,0,0,1,0,0,1,0,0,0
2026-03-27 21:31:01.439,585.954,1140,-4,14,0,0,1,0,0,1,0,0,0
2026-03-27 21:31:01.487,586.001,1140,-4,15,0,0,1,0,0,1,0,0,0
2026-03-27 21:31:01.490,586.004,1141,-2,15,0,0,1,0,0,1,0,0,0
2026-03-27 21:31:01.567,586.081,1141,-2,15,0,0,1,0,0,1,0,0,0
2026-03-27 21:31:01.727,586.241,1140,-2,15,0,0,1,0,0,1,0,0,0
2026-03-27 21:31:01.759,586.273,1140,-2,15,0,0,1,0,0,1,0,0,0
2026-03-27 21:31:01.774,586.289,1140,-2,15,0,0,1,0,0,1,0,0,0
2026-03-27 21:31:01.950,586.464,1140,-5,14,0,0,1,0,0,1,0,0,0
2026-03-27 21:31:01.952,586.466,1140,-5,14,0,0,1,0,0,1,0,0,0
2026-03-27 21:31:02.014,586.529,1140,-2,15,0,0,1,0,0,1,0,0,0
2026-03-27 21:31:02.143,586.658,1140,-2,15,0,0,1,0,0,1,0,0,0
2026-03-27 21:31:02.207,586.721,1140,-5,15,0,0,1,0,0,1,0,0,0
2026-03-27 21:31:02.335,586.849,1140,-5,15,0,0,1,0,0,1,0,0,0
2026-03-27 21:31:02.351,586.865,1140,-4,15,0,0,1,0,0,1,0,0,0
2026-03-27 21:31:02.383,586.897,1140,-4,15,0,0,1,0,0,1,0,0,0
2026-03-27 21:31:02.559,587.073,1140,-4,15,0,0,1,0,0,1,0,0,0
2026-03-27 21:31:02.560,587.075,1140,-4,15,0,0,1,0,0,1,0,0,0
2026-03-27 21:31:02.576,587.090,1141,-4,15,0,0,1,0,0,1,0,0,0
2026-03-27 21:31:02.591,587.106,1140,-4,15,0,0,1,0,0,1,0,0,0
2026-03-27 21:31:02.671,587.185,1140,-2,15,0,0,1,0,0,1,0,0,0
2026-03-27 21:31:02.783,587.297,1140,-2,15,0,0,1,0,0,1,0,0,0
2026-03-27 21:31:02.784,587.298,1140,-2,15,0,0,1,0,0,1,0,0,0
2026-03-27 21:31:02.786,587.300,1141,-4,15,0,0,1,0,0,1,0,0,0
2026-03-27 21:31:02.895,587.409,1141,-4,14,0,0,1,0,0,1,0,0,0
2026-03-27 21:31:02.991,587.505,1140,-5,15,0,0,1,0,0,1,0,0,0
2026-03-27 21:31:02.993,587.508,1140,-4,15,0,0,1,0,0,1,0,0,0
2026-03-27 21:31:03.087,587.601,1140,-2,15,0,0,1,0,0,1,0,0,0
2026-03-27 21:31:03.232,587.746,1140,-2,15,0,0,1,0,0,1,0,0,0
2026-03-27 21:31:03.311,587.825,1140,-2,15,0,0,1,0,0,1,0,0,0
2026-03-27 21:31:03.343,587.857,1140,-4,15,0,0,1,0,0,1,0,0,0
2026-03-27 21:31:03.439,587.953,1140,-5,15,0,0,1,0,0,1,0,0,0
2026-03-27 21:31:03.455,587.969,1140,-2,15,0,0,1,0,0,1,0,0,0
2026-03-27 21:31:03.567,588.081,1140,-2,15,0,0,1,0,0,1,0,0,0
2026-03-27 21:31:03.696,588.210,1140,-2,14,0,0,1,0,0,1,0,0,0
2026-03-27 21:31:03.759,588.273,1140,-2,15,0,0,1,0,0,1,0,0,0
2026-03-27 21:31:03.887,588.401,1140,-4,15,0,0,1,0,0,1,0,0,0
2026-03-27 21:31:03.967,588.481,1140,-4,14,0,0,1,0,0,1,0,0,0
2026-03-27 21:31:04.079,588.593,1140,-2,14,0,0,1,0,0,1,0,0,0
2026-03-27 21:31:04.175,588.689,1140,-2,15,0,0,1,0,0,1,0,0,0
2026-03-27 21:31:04.287,588.801,1140,-2,15,0,0,1,0,0,1,0,0,0
2026-03-27 21:31:04.399,588.913,1140,-4,15,0,0,1,0,0,1,0,0,0
2026-03-27 21:31:04.415,588.929,1140,-2,15,0,0,1,0,0,1,0,0,0
2026-03-27 21:31:04.543,589.057,1140,-2,15,0,0,1,0,0,1,0,0,0
2026-03-27 21:31:04.591,589.105,1140,-4,15,0,0,1,0,0,1,0,0,0
2026-03-27 21:31:04.783,589.297,1140,-5,15,0,0,1,0,0,1,0,0,0
2026-03-27 21:31:04.911,589.425,1140,-5,15,0,0,1,0,0,1,0,0,0
2026-03-27 21:31:04.942,589.457,1140,-2,15,0,0,1,0,0,1,0,0,0
2026-03-27 21:31:04.958,589.473,1140,-2,15,0,0,1,0,0,1,0,0,0
2026-03-27 21:31:05.135,589.649,1140,-2,15,0,0,1,0,0,1,0,0,0
2026-03-27 21:31:05.199,589.713,1140,-2,14,0,0,1,0,0,1,0,0,0
2026-03-27 21:31:05.279,589.793,1141,-2,15,0,0,1,0,0,1,0,0,0
2026-03-27 21:31:05.375,589.889,1140,-2,15,0,0,1,0,0,1,0,0,0
2026-03-27 21:31:05.486,590.000,1140,-2,14,0,0,1,0,0,1,0,0,0
2026-03-27 21:31:05.615,590.129,1140,-5,15,0,0,1,0,0,1,0,0,0
2026-03-27 21:31:05.711,590.225,1140,-2,15,0,0,1,0,0,1,0,0,0
2026-03-27 21:31:05.791,590.305,1140,-4,15,0,0,1,0,0,1,0,0,0
2026-03-27 21:31:05.918,590.433,1140,-5,15,0,0,1,0,0,1,0,0,0
2026-03-27 21:31:06.063,590.577,1140,-5,15,0,0,1,0,0,1,0,0,0
2026-03-27 21:31:06.174,590.689,1140,-4,14,0,0,1,0,0,1,0,0,0
2026-03-27 21:31:06.176,590.690,1140,-2,14,0,0,1,0,0,1,0,0,0
2026-03-27 21:31:06.287,590.801,1140,-5,14,0,0,1,0,0,1,0,0,0
2026-03-27 21:31:06.415,590.929,1140,-5,14,0,0,1,0,0,1,0,0,0
2026-03-27 21:31:06.494,591.008,1140,-5,15,0,0,1,0,0,1,0,0,0
2026-03-27 21:31:06.702,591.217,1140,-5,15,0,0,1,0,0,1,0,0,0
2026-03-27 21:31:06.705,591.219,1140,-4,15,0,0,1,0,0,1,0,0,0
2026-03-27 21:31:06.735,591.249,1140,-5,15,0,0,1,0,0,1,0,0,0
2026-03-27 21:31:06.737,591.251,1140,-5,14,0,0,1,0,0,1,0,0,0
2026-03-27 21:31:06.879,591.393,1140,-5,15,0,0,1,0,0,1,0,0,0
2026-03-27 21:31:06.881,591.395,1140,-4,14,0,0,1,0,0,1,0,0,0
2026-03-27 21:31:06.975,591.489,1140,-2,14,0,0,1,0,0,1,0,0,0
2026-03-27 21:31:06.977,591.492,1141,-4,15,0,0,1,0,0,1,0,0,0
2026-03-27 21:31:07.023,591.537,1141,-2,15,0,0,1,0,0,1,0,0,0
2026-03-27 21:31:07.038,591.552,1140,-2,14,0,0,1,0,0,1,0,0,0
2026-03-27 21:31:07.135,591.649,1140,-2,14,0,0,1,0,0,1,0,0,0
2026-03-27 21:31:07.137,591.651,1140,-4,14,0,0,1,0,0,1,0,0,0
2026-03-27 21:31:07.214,591.729,1140,-4,14,0,0,1,0,0,1,0,0,0
2026-03-27 21:31:07.391,591.905,1140,-5,15,0,0,1,0,0,1,0,0,0
2026-03-27 21:31:07.439,591.953,1140,-2,15,0,0,1,0,0,1,0,0,0
2026-03-27 21:31:07.759,592.273,1140,-2,14,0,0,1,0,0,1,0,0,0
2026-03-27 21:31:07.871,592.385,1140,-4,15,0,0,1,0,0,1,0,0,0
2026-03-27 21:31:07.902,592.417,1141,-5,15,0,0,1,0,0,1,0,0,0
2026-03-27 21:31:08.063,592.577,1140,-5,15,0,0,1,0,0,1,0,0,0
2026-03-27 21:31:08.126,592.640,1140,-5,15,0,0,1,0,0,1,0,0,0
2026-03-27 21:31:08.271,592.785,1140,-4,14,0,0,1,0,0,1,0,0,0
2026-03-27 21:31:08.334,592.848,1140,-4,15,0,0,1,0,0,1,0,0,0
2026-03-27 21:31:08.350,592.865,1140,-4,15,0,0,1,0,0,1,0,0,0
2026-03-27 21:31:08.478,592.992,1140,-4,15,0,0,1,0,0,1,0,0,0
2026-03-27 21:31:08.496,593.010,1140,-5,14,0,0,1,0,0,1,0,0,0
2026-03-27 21:31:08.575,593.089,1140,-5,15,0,0,1,0,0,1,0,0,0
2026-03-27 21:31:08.654,593.169,1141,-4,15,0,0,1,0,0,1,0,0,0
2026-03-27 21:31:08.830,593.344,1141,-2,15,0,0,1,0,0,1,0,0,0
2026-03-27 21:31:08.894,593.408,1141,-2,15,0,0,1,0,0,1,0,0,0
2026-03-27 21:31:09.023,593.537,1140,-5,15,0,0,1,0,0,1,0,0,0
2026-03-27 21:31:09.135,593.649,1140,-5,15,0,0,1,0,0,1,0,0,0
2026-03-27 21:31:09.231,593.745,1140,-5,15,0,0,1,0,0,1,0,0,0
2026-03-27 21:31:09.343,593.857,1141,-4,15,0,0,1,0,0,1,0,0,0
2026-03-27 21:31:09.359,593.874,1140,-2,15,0,0,1,0,0,1,0,0,0
2026-03-27 21:31:09.470,593.984,1140,-2,14,0,0,1,0,0,1,0,0,0
2026-03-27 21:31:09.583,594.097,1141,-5,15,0,0,1,0,0,1,0,0,0
2026-03-27 21:31:09.599,594.113,1141,-2,15,0,0,1,0,0,1,0,0,0
2026-03-27 21:31:09.663,594.177,1141,-2,15,0,0,1,0,0,1,0,0,0
2026-03-27 21:31:09.839,594.353,1140,-5,14,0,0,1,0,0,1,0,0,0
2026-03-27 21:31:09.886,594.400,1141,-4,15,0,0,1,0,0,1,0,0,0
2026-03-27 21:31:10.030,594.544,1140,-5,14,0,0,1,0,0,1,0,0,0
2026-03-27 21:31:10.031,594.546,1140,-5,15,0,0,1,0,0,1,0,0,0
2026-03-27 21:31:10.158,594.673,1140,-4,14,0,0,1,0,0,1,0,0,0
2026-03-27 21:31:10.270,594.784,1140,-5,14,0,0,1,0,0,1,0,0,0
2026-03-27 21:31:10.272,594.786,1140,-5,14,0,0,1,0,0,1,0,0,0
2026-03-27 21:31:10.449,594.963,1140,-4,14,0,0,1,0,0,1,0,0,0
2026-03-27 21:31:10.526,595.041,1140,-5,15,0,0,1,0,0,1,0,0,0
2026-03-27 21:31:10.529,595.043,1140,-2,14,0,0,1,0,0,1,0,0,0
2026-03-27 21:31:10.671,595.185,1141,-5,15,0,0,1,0,0,1,0,0,0
2026-03-27 21:31:10.702,595.216,1140,-4,14,0,0,1,0,0,1,0,0,0
2026-03-27 21:31:10.704,595.218,1140,-5,14,0,0,1,0,0,1,0,0,0
2026-03-27 21:31:10.798,595.312,1141,-3,14,0,0,1,0,0,1,0,0,0
2026-03-27 21:31:10.800,595.314,1141,-2,14,0,0,1,0,0,1,0,0,0
2026-03-27 21:31:10.975,595.489,1142,-2,14,0,0,1,0,0,1,0,0,0
2026-03-27 21:31:11.023,595.537,1140,-5,15,0,0,1,0,0,1,0,0,0
2026-03-27 21:31:11.134,595.648,1141,-5,14,0,0,1,0,0,1,0,0,0
2026-03-27 21:31:11.343,595.857,1140,-2,14,0,0,1,0,0,1,0,0,0
2026-03-27 21:31:11.423,595.937,1141,-5,14,0,0,1,0,0,1,0,0,0
2026-03-27 21:31:11.551,596.065,1141,-5,14,0,0,1,0,0,1,0,0,0
2026-03-27 21:31:11.614,596.128,1142,-5,14,0,0,1,0,0,1,0,0,0
2026-03-27 21:31:11.758,596.272,1141,-5,14,0,0,1,0,0,1,0,0,0
2026-03-27 21:31:11.760,596.274,1140,-5,14,0,0,1,0,0,1,0,0,0
2026-03-27 21:31:11.823,596.337,1141,-5,14,0,0,1,0,0,1,0,0,0
2026-03-27 21:31:11.918,596.432,1141,-5,15,0,0,1,0,0,1,0,0,0
2026-03-27 21:31:12.047,596.561,1140,-5,14,0,0,1,0,0,1,0,0,0
2026-03-27 21:31:12.207,596.721,1139,-2,14,0,0,1,0,0,1,0,0,0
2026-03-27 21:31:12.319,596.833,1140,-5,14,0,0,1,0,0,1,0,0,0
2026-03-27 21:31:12.321,596.835,1140,-5,15,0,0,1,0,0,1,0,0,0
2026-03-27 21:31:12.367,596.881,1140,-5,14,0,0,1,0,0,1,0,0,0
2026-03-27 21:31:12.463,596.977,1140,-5,14,0,0,1,0,0,1,0,0,0
2026-03-27 21:31:12.607,597.121,1140,-4,15,0,0,1,0,0,1,0,0,0
2026-03-27 21:31:12.671,597.185,1140,-5,15,0,0,1,0,0,1,0,0,0
2026-03-27 21:31:12.766,597.280,1140,-4,15,0,0,1,0,0,1,0,0,0
2026-03-27 21:31:12.768,597.282,1140,-4,15,0,0,1,0,0,1,0,0,0
2026-03-27 21:31:12.910,597.424,1139,-4,15,0,0,1,0,0,1,0,0,0
2026-03-27 21:31:13.006,597.520,1140,-4,15,0,0,1,0,0,1,0,0,0
2026-03-27 21:31:13.086,597.600,1140,-4,15,0,0,1,0,0,1,0,0,0
2026-03-27 21:31:13.230,597.744,1141,-4,15,0,0,1,0,0,1,0,0,0
2026-03-27 21:31:13.231,597.746,1140,-4,15,0,0,1,0,0,1,0,0,0
2026-03-27 21:31:13.294,597.808,1140,-5,14,0,0,1,0,0,1,0,0,0
2026-03-27 21:31:13.295,597.810,1140,-5,14,0,0,1,0,0,1,0,0,0
2026-03-27 21:31:13.406,597.920,1142,-5,14,0,0,1,0,0,1,0,0,0
2026-03-27 21:31:13.407,597.921,1141,-2,14,0,0,1,0,0,1,0,0,0
2026-03-27 21:31:13.422,597.936,1,0,0,0,0,0,0,0,1,0,0,0
2026-03-27 21:31:13.518,598.032,1140,-5,14,0,0,1,0,0,1,0,0,0
2026-03-27 21:31:13.520,598.034,1140,-5,14,0,0,1,0,0,1,0,0,0
2026-03-27 21:31:13.679,598.193,1140,-5,15,0,0,1,0,0,1,0,0,0
2026-03-27 21:31:13.696,598.210,1140,-5,14,0,0,1,0,0,1,0,0,0
2026-03-27 21:31:13.822,598.336,1140,-5,15,0,0,1,0,0,1,0,0,0
2026-03-27 21:31:13.824,598.338,1140,-5,14,0,0,1,0,0,1,0,0,0
2026-03-27 21:31:13.826,598.340,1140,-5,15,0,0,1,0,0,1,0,0,0
2026-03-27 21:31:13.934,598.448,1140,-5,15,0,0,1,0,0,1,0,0,0
2026-03-27 21:31:14.047,598.561,1140,-5,14,0,0,1,0,0,1,0,0,0
2026-03-27 21:31:14.159,598.673,1140,-5,14,0,0,1,0,0,1,0,0,0
2026-03-27 21:31:14.223,598.737,1140,-2,15,0,0,1,0,0,1,0,0,0
2026-03-27 21:31:14.350,598.864,1140,-4,15,0,0,1,0,0,1,0,0,0
2026-03-27 21:31:14.383,598.897,1139,-4,15,0,0,1,0,0,1,0,0,0
2026-03-27 21:31:14.386,598.900,1139,-2,15,0,0,1,0,0,1,0,0,0
2026-03-27 21:31:14.494,599.008,1140,-2,15,0,0,1,0,0,1,0,0,0
2026-03-27 21:31:14.526,599.040,1140,-4,15,0,0,1,0,0,1,0,0,0
2026-03-27 21:31:14.527,599.042,1140,-4,15,0,0,1,0,0,1,0,0,0
2026-03-27 21:31:14.542,599.056,1140,-4,15,0,0,1,0,0,1,0,0,0
2026-03-27 21:31:14.768,599.282,1139,-5,14,0,0,1,0,0,1,0,0,0
2026-03-27 21:31:14.846,599.360,1139,-3,14,0,0,1,0,0,1,0,0,0
2026-03-27 21:31:14.991,599.505,1139,-5,14,0,0,1,0,0,1,0,0,0
2026-03-27 21:31:15.055,599.569,1139,-2,14,0,0,1,0,0,1,0,0,0
2026-03-27 21:31:15.166,599.681,1140,-5,14,0,0,1,0,0,1,0,0,0
2026-03-27 21:31:15.310,599.824,1141,-2,14,0,0,1,0,0,1,0,0,0
2026-03-27 21:31:15.313,599.827,1142,-5,14,0,0,1,0,0,1,0,0,0
2026-03-27 21:31:15.391,599.905,1142,-5,14,0,0,1,0,0,1,0,0,0
2026-03-27 21:31:15.486,600.000,1141,-4,14,0,0,1,0,0,1,0,0,0
2026-03-27 21:31:15.598,600.112,1140,-4,14,0,0,1,0,0,1,0,0,0
2026-03-27 21:31:15.694,600.208,1140,-5,14,0,0,1,0,0,1,0,0,0
2026-03-27 21:31:15.757,600.272,1142,-5,14,0,0,1,0,0,1,0,0,0
2026-03-27 21:31:15.774,600.288,1142,-5,14,0,0,1,0,0,1,0,0,0
2026-03-27 21:31:15.776,600.290,1142,-2,14,0,0,1,0,0,1,0,0,0
2026-03-27 21:31:15.871,600.385,1141,-2,15,0,0,1,0,0,1,0,0,0
2026-03-27 21:31:15.998,600.513,1140,-2,14,0,0,1,0,0,1,0,0,0
2026-03-27 21:31:16.078,600.592,1140,-5,14,0,0,1,0,0,1,0,0,0
2026-03-27 21:31:16.175,600.689,1140,-5,14,0,0,1,0,0,1,0,0,0
2026-03-27 21:31:16.318,600.832,1140,-5,15,0,0,1,0,0,1,0,0,0
2026-03-27 21:31:16.349,600.863,1140,-2,12,0,0,1,0,0,1,0,0,0
2026-03-27 21:31:16.351,600.865,1140,-2,12,0,0,1,0,0,1,0,0,0
2026-03-27 21:31:16.542,601.056,1140,-5,14,0,0,1,0,0,1,0,0,0
2026-03-27 21:31:16.574,601.088,1141,-3,13,0,0,1,0,0,1,0,0,0
2026-03-27 21:31:16.702,601.216,1140,-5,14,0,0,1,0,0,1,0,0,0
2026-03-27 21:31:16.705,601.219,1140,-5,13,0,0,1,0,0,1,0,0,0
2026-03-27 21:31:16.798,601.312,1140,-5,14,0,0,1,0,0,1,0,0,0
2026-03-27 21:31:16.942,601.456,1139,-5,14,0,0,1,0,0,1,0,0,0
2026-03-27 21:31:16.974,601.488,1140,-5,14,0,0,1,0,0,1,0,0,0
2026-03-27 21:31:17.134,601.648,1140,-5,14,0,0,1,0,0,1,0,0,0
2026-03-27 21:31:17.182,601.696,1140,-5,14,0,0,1,0,0,1,0,0,0
2026-03-27 21:31:17.326,601.840,1140,-5,14,0,0,1,0,0,1,0,0,0
2026-03-27 21:31:17.454,601.968,1140,-3,14,0,0,1,0,0,1,0,0,0
2026-03-27 21:31:17.518,602.032,1140,-3,14,0,0,1,0,0,1,0,0,0
2026-03-27 21:31:17.614,602.128,1140,-2,13,0,0,1,0,0,1,0,0,0
2026-03-27 21:31:17.726,602.240,1139,-5,14,0,0,1,0,0,1,0,0,0
2026-03-27 21:31:17.728,602.242,1139,-5,14,0,0,1,0,0,1,0,0,0
2026-03-27 21:31:17.729,602.243,1139,-6,14,0,0,1,0,0,1,0,0,0
2026-03-27 21:31:17.822,602.336,1139,-5,14,0,0,1,0,0,1,0,0,0
2026-03-27 21:31:17.823,602.337,1139,-5,14,0,0,0,0,0,1,0,0,0
2026-03-27 21:31:17.901,602.416,1139,-5,14,0,0,1,0,0,1,0,0,0
2026-03-27 21:31:17.903,602.417,1139,-6,14,0,0,1,0,0,1,0,0,0
2026-03-27 21:31:17.919,602.433,1139,-5,14,0,0,1,0,0,1,0,0,0
2026-03-27 21:31:18.238,602.752,1139,-5,14,0,0,1,0,0,1,0,0,0
2026-03-27 21:31:18.334,602.848,1139,-5,14,0,0,1,0,0,1,0,0,0
2026-03-27 21:31:18.337,602.851,1139,-5,14,0,0,1,0,0,1,0,0,0
2026-03-27 21:31:18.526,603.040,1139,-5,14,0,0,1,0,0,1,0,0,0
2026-03-27 21:31:18.606,603.120,1139,-5,14,0,0,1,0,0,1,0,0,0
2026-03-27 21:31:18.670,603.184,1139,-6,14,0,0,1,0,0,1,0,0,0
2026-03-27 21:31:18.766,603.280,1140,-5,14,0,0,1,0,0,1,0,0,0
2026-03-27 21:31:18.846,603.361,1140,-5,14,0,0,1,0,0,1,0,0,0
2026-03-27 21:31:19.054,603.568,1139,-5,14,0,0,1,0,0,1,0,0,0
2026-03-27 21:31:19.197,603.711,1139,-5,14,0,0,1,0,0,1,0,0,0
2026-03-27 21:31:19.199,603.713,1139,-5,14,0,0,1,0,0,1,0,0,0
2026-03-27 21:31:19.200,603.714,1140,-5,14,0,0,1,0,0,1,0,0,0
2026-03-27 21:31:19.262,603.776,1140,-5,15,0,0,1,0,0,1,0,0,0
2026-03-27 21:31:19.373,603.887,1139,-5,14,0,0,1,0,0,1,0,0,0
2026-03-27 21:31:19.470,603.984,1139,-2,14,0,0,1,0,0,1,0,0,0
2026-03-27 21:31:19.566,604.080,1139,-6,13,0,0,1,0,0,1,0,0,0
2026-03-27 21:31:19.582,604.096,1140,-3,14,0,0,1,0,0,1,0,0,0
2026-03-27 21:31:19.726,604.240,1139,-5,14,0,0,1,0,0,1,0,0,0
2026-03-27 21:31:19.838,604.352,1139,-5,13,0,0,1,0,0,1,0,0,0
2026-03-27 21:31:19.869,604.383,1139,-5,14,0,0,1,0,0,1,0,0,0
2026-03-27 21:31:19.871,604.385,1139,-5,14,0,0,1,0,0,1,0,0,0
2026-03-27 21:31:19.887,604.401,1139,-6,14,0,0,1,0,0,1,0,0,0
2026-03-27 21:31:19.966,604.480,1139,-6,14,0,0,1,0,0,1,0,0,0
2026-03-27 21:31:20.094,604.608,1139,-5,14,0,0,1,0,0,1,0,0,0
2026-03-27 21:31:20.125,604.639,1139,-3,14,0,0,1,0,0,1,0,0,0
2026-03-27 21:31:20.301,604.815,1139,-5,14,0,0,1,0,0,1,0,0,0
2026-03-27 21:31:20.381,604.895,1140,-5,14,0,0,1,0,0,1,0,0,0
2026-03-27 21:31:20.383,604.897,1139,-5,14,0,0,1,0,0,1,0,0,0
2026-03-27 21:31:20.399,604.914,1139,-5,14,0,0,1,0,0,1,0,0,0
2026-03-27 21:31:20.414,604.928,1139,-6,14,0,0,1,0,0,1,0,0,0
2026-03-27 21:31:20.542,605.056,1141,-5,14,0,0,1,0,0,1,0,0,0
2026-03-27 21:31:20.686,605.200,1139,-5,11,0,0,1,0,0,1,0,0,0
2026-03-27 21:31:20.750,605.264,1139,-5,14,0,0,1,0,0,1,0,0,0
2026-03-27 21:31:20.752,605.266,1139,-5,14,0,0,1,0,0,1,0,0,0
2026-03-27 21:31:20.910,605.424,1139,-5,14,0,0,1,0,0,1,0,0,0
2026-03-27 21:31:20.989,605.503,1141,-3,14,0,0,1,0,0,1,0,0,0
2026-03-27 21:31:21.005,605.519,1141,-3,14,0,0,1,0,0,1,0,0,0
2026-03-27 21:31:21.037,605.551,1139,-6,14,0,0,1,0,0,1,0,0,0
2026-03-27 21:31:21.198,605.712,1139,-5,14,0,0,1,0,0,1,0,0,0
2026-03-27 21:31:21.199,605.713,1139,-6,14,0,0,1,0,0,1,0,0,0
2026-03-27 21:31:21.246,605.760,1139,-5,14,0,0,1,0,0,1,0,0,0
2026-03-27 21:31:21.391,605.905,1140,-5,14,0,0,1,0,0,1,0,0,0
2026-03-27 21:31:21.438,605.952,1139,-5,14,0,0,1,0,0,1,0,0,0
2026-03-27 21:31:21.454,605.969,1140,-3,14,0,0,1,0,0,1,0,0,0
2026-03-27 21:31:21.582,606.096,1140,-5,14,0,0,1,0,0,1,0,0,0
2026-03-27 21:31:21.661,606.175,1139,-5,14,0,0,1,0,0,1,0,0,0
2026-03-27 21:31:21.663,606.177,1140,-5,14,0,0,1,0,0,1,0,0,0
2026-03-27 21:31:21.837,606.351,1140,-6,14,0,0,1,0,0,1,0,0,0
2026-03-27 21:31:21.870,606.384,1139,-6,14,0,0,1,0,0,1,0,0,0
2026-03-27 21:31:21.934,606.448,1140,-6,14,0,0,1,0,0,1,0,0,0
2026-03-27 21:31:22.013,606.527,1140,-5,14,0,0,1,0,0,1,0,0,0
2026-03-27 21:31:22.015,606.529,1139,-3,13,0,0,1,0,0,1,0,0,0
2026-03-27 21:31:22.190,606.704,1139,-5,14,0,0,1,0,0,1,0,0,0
2026-03-27 21:31:22.191,606.705,1139,-5,14,0,0,1,0,0,1,0,0,0
2026-03-27 21:31:22.254,606.768,1139,-5,13,0,0,1,0,0,1,0,0,0
2026-03-27 21:31:22.366,606.880,1139,-6,14,0,0,1,0,0,1,0,0,0
2026-03-27 21:31:22.526,607.040,1139,-5,14,0,0,1,0,0,1,0,0,0
2026-03-27 21:31:22.637,607.152,1139,-5,14,0,0,1,0,0,1,0,0,0
2026-03-27 21:31:22.733,607.248,1138,-6,14,0,0,1,0,0,1,0,0,0
2026-03-27 21:31:22.829,607.343,1139,-5,14,0,0,1,0,0,1,0,0,0
2026-03-27 21:31:22.909,607.423,1138,-6,14,0,0,1,0,0,1,0,0,0
2026-03-27 21:31:23.038,607.552,1138,-3,14,0,0,1,0,0,1,0,0,0
2026-03-27 21:31:23.150,607.664,1138,-5,14,0,0,1,0,0,1,0,0,0
2026-03-27 21:31:23.214,607.728,1138,-6,14,0,0,1,0,0,1,0,0,0
2026-03-27 21:31:23.216,607.730,1138,-5,14,0,0,1,0,0,1,0,0,0
2026-03-27 21:31:23.294,607.808,1138,-5,14,0,0,1,0,0,1,0,0,0
2026-03-27 21:31:23.389,607.904,1139,-3,14,0,0,1,0,0,1,0,0,0
2026-03-27 21:31:23.392,607.906,1138,-6,14,0,0,1,0,0,1,0,0,0
2026-03-27 21:31:23.549,608.064,1138,-3,14,0,0,1,0,0,1,0,0,0
2026-03-27 21:31:23.630,608.144,1139,-5,14,0,0,1,0,0,1,0,0,0
2026-03-27 21:31:23.646,608.160,1139,-5,14,0,0,1,0,0,1,0,0,0
2026-03-27 21:31:23.774,608.288,1139,-5,14,0,0,1,0,0,1,0,0,0
2026-03-27 21:31:23.854,608.368,1139,-5,14,0,0,1,0,0,1,0,0,0
2026-03-27 21:31:24.029,608.544,1140,-5,14,0,0,1,0,0,1,0,0,0
2026-03-27 21:31:24.094,608.608,1139,-5,14,0,0,1,0,0,1,0,0,0
2026-03-27 21:31:24.174,608.688,1139,-5,14,0,0,1,0,0,1,0,0,0
2026-03-27 21:31:24.190,608.704,1139,-5,14,0,0,1,0,0,1,0,0,0
2026-03-27 21:31:24.192,608.706,1139,-6,14,0,0,1,0,0,1,0,0,0
2026-03-27 21:31:24.318,608.833,1139,-5,14,0,0,1,0,0,1,0,0,0
2026-03-27 21:31:24.320,608.834,1139,-5,14,0,1,0,0,0,0,0,0,0
2026-03-27 21:31:24.397,608.912,1139,-6,14,0,0,1,0,0,1,0,0,0
2026-03-27 21:31:24.399,608.913,1139,-6,14,0,0,1,0,0,1,0,0,0
2026-03-27 21:31:24.510,609.024,1139,-6,13,0,0,1,0,0,1,0,0,0
2026-03-27 21:31:24.685,609.200,1139,-6,14,0,0,1,0,0,1,0,0,0
2026-03-27 21:31:24.766,609.280,1139,-5,14,0,0,1,0,0,1,0,0,0
2026-03-27 21:31:24.861,609.376,1138,-6,14,0,0,1,0,0,1,0,0,0
2026-03-27 21:31:24.864,609.378,1139,-6,14,0,0,1,0,0,1,0,0,0
2026-03-27 21:31:25.022,609.536,1139,-6,14,0,0,1,0,0,1,0,0,0
2026-03-27 21:31:25.053,609.567,1139,-5,14,0,0,1,0,0,1,0,0,0
2026-03-27 21:31:25.055,609.569,1139,-6,14,0,0,1,0,0,1,0,0,0
2026-03-27 21:31:25.118,609.632,1139,-5,14,0,0,1,0,0,1,0,0,0
2026-03-27 21:31:25.230,609.744,1139,-6,14,0,0,1,0,0,1,0,0,0
2026-03-27 21:31:25.357,609.872,1139,-5,14,0,0,1,0,0,1,0,0,0
2026-03-27 21:31:25.469,609.984,1139,-6,14,0,0,1,0,0,1,0,0,0
2026-03-27 21:31:25.485,610.000,1139,-5,14,0,0,1,0,0,1,0,0,0
2026-03-27 21:31:25.582,610.096,1139,-5,13,0,0,1,0,0,1,0,0,0
2026-03-27 21:31:25.584,610.098,1139,-5,14,0,0,1,0,0,1,0,0,0
2026-03-27 21:31:25.678,610.192,1139,-5,13,0,0,1,0,0,1,0,0,0
2026-03-27 21:31:25.806,610.320,1139,-6,14,0,0,1,0,0,1,0,0,0
2026-03-27 21:31:25.933,610.447,1139,-6,14,0,0,1,0,0,1,0,0,0
2026-03-27 21:31:25.998,610.512,1139,-6,14,0,0,1,0,0,1,0,0,0
2026-03-27 21:31:26.158,610.672,1139,-3,14,0,0,1,0,0,1,0,0,0
2026-03-27 21:31:26.253,610.767,1139,-6,14,0,0,1,0,0,1,0,0,0
2026-03-27 21:31:26.254,610.768,1139,-6,14,0,0,1,0,0,1,0,0,0
2026-03-27 21:31:26.334,610.848,1139,-5,14,0,0,1,0,0,1,0,0,0
2026-03-27 21:31:26.381,610.895,1139,-6,14,0,0,1,0,0,1,0,0,0
2026-03-27 21:31:26.541,611.055,1139,-2,14,0,0,1,0,0,1,0,0,0
2026-03-27 21:31:26.557,611.071,1139,-3,14,0,0,1,0,0,1,0,0,0
2026-03-27 21:31:26.606,611.120,1139,-6,14,0,0,1,0,0,1,0,0,0
2026-03-27 21:31:26.733,611.247,1139,-6,14,0,0,1,0,0,1,0,0,0
2026-03-27 21:31:26.781,611.295,1139,-6,14,0,0,1,0,0,1,0,0,0
2026-03-27 21:31:26.909,611.423,1139,-5,13,0,0,1,0,0,1,0,0,0
2026-03-27 21:31:26.911,611.425,1139,-6,14,0,0,1,0,0,1,0,0,0
2026-03-27 21:31:26.913,611.427,1139,-6,14,0,0,1,0,0,1,0,0,0
2026-03-27 21:31:27.022,611.536,1139,-6,14,0,0,1,0,0,1,0,0,0
2026-03-27 21:31:27.085,611.600,1139,-5,14,0,0,1,0,0,1,0,0,0
2026-03-27 21:31:27.230,611.744,1139,-6,14,0,0,1,0,0,1,0,0,0
2026-03-27 21:31:27.342,611.856,1139,-2,14,0,0,1,0,0,1,0,0,0
2026-03-27 21:31:27.390,611.904,1139,-5,14,0,0,1,0,0,1,0,0,0
2026-03-27 21:31:27.392,611.907,1139,-6,14,0,0,1,0,0,1,0,0,0
2026-03-27 21:31:27.518,612.032,1139,-6,14,0,0,1,0,0,1,0,0,0
2026-03-27 21:31:27.661,612.176,1139,-5,14,0,0,1,0,0,1,0,0,0
2026-03-27 21:31:27.742,612.256,1139,-6,13,0,0,1,0,0,1,0,0,0
2026-03-27 21:31:27.870,612.384,1140,-5,14,0,0,1,0,0,1,0,0,0
2026-03-27 21:31:27.871,612.385,1140,-5,14,0,0,1,0,0,1,0,0,0
2026-03-27 21:31:27.965,612.479,1141,-6,14,0,0,1,0,0,1,0,0,0
2026-03-27 21:31:27.982,612.496,1140,-6,14,0,0,1,0,0,1,0,0,0
2026-03-27 21:31:28.078,612.592,1140,-5,14,0,0,1,0,0,1,0,0,0
2026-03-27 21:31:28.157,612.672,1139,-6,14,0,0,1,0,0,1,0,0,0
2026-03-27 21:31:28.269,612.783,1139,-6,14,0,0,1,0,0,1,0,0,0
2026-03-27 21:31:28.397,612.911,1139,-5,14,0,0,1,0,0,1,0,0,0
2026-03-27 21:31:28.477,612.992,1139,-6,13,0,0,1,0,0,1,0,0,0
2026-03-27 21:31:28.637,613.151,1140,-6,14,0,0,1,0,0,1,0,0,0
2026-03-27 21:31:28.653,613.168,1139,-6,14,0,0,1,0,0,1,0,0,0
2026-03-27 21:31:28.797,613.311,1139,-6,14,0,0,1,0,0,1,0,0,0
2026-03-27 21:31:28.910,613.424,1139,-5,14,0,0,1,0,0,1,0,0,0
2026-03-27 21:31:29.022,613.536,1140,-5,14,0,0,1,0,0,1,0,0,0
2026-03-27 21:31:29.149,613.663,1139,-3,14,0,0,1,0,0,1,0,0,0
2026-03-27 21:31:29.262,613.776,1139,-6,14,0,0,1,0,0,1,0,0,0
2026-03-27 21:31:29.373,613.887,1139,-5,14,0,0,1,0,0,1,0,0,0
2026-03-27 21:31:29.390,613.904,1139,-5,14,0,0,1,0,0,1,0,0,0
2026-03-27 21:31:29.392,613.906,1139,-6,14,0,0,1,0,0,1,0,0,0
2026-03-27 21:31:29.454,613.968,1139,-5,14,0,0,1,0,0,1,0,0,0
2026-03-27 21:31:29.597,614.111,1139,-6,14,0,0,1,0,0,1,0,0,0
2026-03-27 21:31:29.598,614.112,1139,-5,14,0,0,1,0,0,1,0,0,0
2026-03-27 21:31:29.677,614.192,1139,-6,14,0,0,1,0,0,1,0,0,0
2026-03-27 21:31:29.822,614.336,1139,-6,14,0,0,1,0,0,1,0,0,0
2026-03-27 21:31:29.869,614.383,1139,-6,14,0,0,1,0,0,1,0,0,0
2026-03-27 21:31:30.013,614.527,1139,-5,11,0,0,1,0,0,1,0,0,0
2026-03-27 21:31:30.141,614.655,1139,-5,14,0,0,1,0,0,1,0,0,0
2026-03-27 21:31:30.189,614.704,1139,-5,14,0,0,1,0,0,1,0,0,0
2026-03-27 21:31:30.269,614.783,1139,-5,14,0,0,1,0,0,1,0,0,0
2026-03-27 21:31:30.397,614.911,1139,-2,14,0,0,1,0,0,1,0,0,0
2026-03-27 21:31:30.398,614.913,1139,-3,14,0,0,1,0,0,0,0,0,0
2026-03-27 21:31:30.400,614.914,1139,-5,14,0,0,1,0,0,1,0,0,0
2026-03-27 21:31:30.558,615.072,1139,-5,14,0,0,1,0,0,1,0,0,0
2026-03-27 21:31:30.589,615.103,1139,-3,11,0,0,1,0,0,1,0,0,0
2026-03-27 21:31:30.781,615.295,1139,-5,14,0,0,1,0,0,1,0,0,0
2026-03-27 21:31:30.782,615.296,1139,-5,14,0,0,1,0,0,1,0,0,0
2026-03-27 21:31:30.783,615.297,1139,0,0,0,0,0,0,0,0,0,0,0
2026-03-27 21:31:30.797,615.311,1139,-6,11,0,0,1,0,0,1,0,0,0
2026-03-27 21:31:30.830,615.344,1139,-6,11,0,0,1,0,0,1,0,0,0
2026-03-27 21:31:30.846,615.360,1139,-5,14,0,0,1,0,0,1,0,0,0
2026-03-27 21:31:30.957,615.471,1139,-5,14,0,0,1,0,0,1,0,0,0
2026-03-27 21:31:31.101,615.615,1139,-3,14,0,0,1,0,0,1,0,0,0
2026-03-27 21:31:31.182,615.696,1139,-5,14,0,0,1,0,0,1,0,0,0
2026-03-27 21:31:31.184,615.699,1139,-3,14,0,0,1,0,0,1,0,0,0
2026-03-27 21:31:31.261,615.775,1139,-6,14,0,0,1,0,0,1,0,0,0
2026-03-27 21:31:31.341,615.855,1139,-6,14,0,0,1,0,0,1,0,0,0
2026-03-27 21:31:31.469,615.983,1139,-6,13,0,0,1,0,0,1,0,0,0
2026-03-27 21:31:31.485,615.999,1139,-6,14,0,0,1,0,0,1,0,0,0
2026-03-27 21:31:31.597,616.112,1139,-6,14,0,0,1,0,0,1,0,0,0
2026-03-27 21:31:31.710,616.224,1139,-5,14,0,0,1,0,0,1,0,0,0
2026-03-27 21:31:31.805,616.319,1139,-5,14,0,0,1,0,0,1,0,0,0
2026-03-27 21:31:31.821,616.335,1139,-6,14,0,0,1,0,0,1,0,0,0
2026-03-27 21:31:31.966,616.480,1139,-6,14,0,0,1,0,0,1,0,0,0
2026-03-27 21:31:31.983,616.497,1140,-6,14,0,0,1,0,0,1,0,0,0
2026-03-27 21:31:32.062,616.576,1140,-6,14,0,0,1,0,0,1,0,0,0
2026-03-27 21:31:32.126,616.640,1139,-3,14,0,0,1,0,0,1,0,0,0
2026-03-27 21:31:32.269,616.783,1139,-3,14,0,0,1,0,0,1,0,0,0
2026-03-27 21:31:32.317,616.831,1139,-2,14,0,0,1,0,0,1,0,0,0
2026-03-27 21:31:32.413,616.927,1139,-5,14,0,0,1,0,0,1,0,0,0
2026-03-27 21:31:32.493,617.007,1139,-5,14,0,0,1,0,0,1,0,0,0
2026-03-27 21:31:32.509,617.024,1139,-5,14,0,0,1,0,0,1,0,0,0
2026-03-27 21:31:32.620,617.134,1139,-5,14,0,0,1,0,0,1,0,0,0
2026-03-27 21:31:32.622,617.136,1139,-5,14,0,0,1,0,0,1,0,0,0
2026-03-27 21:31:32.685,617.199,1139,-5,14,0,0,1,0,0,1,0,0,0
2026-03-27 21:31:32.687,617.201,1139,-5,14,0,0,1,0,0,1,0,0,0
2026-03-27 21:31:32.814,617.328,1139,-5,14,0,0,1,0,0,1,0,0,0
2026-03-27 21:31:32.941,617.455,1139,-5,14,0,0,1,0,0,1,0,0,0
2026-03-27 21:31:32.942,617.457,1139,-5,14,0,0,1,0,0,1,0,0,0
2026-03-27 21:31:32.956,617.471,1139,-5,14,0,0,1,0,0,1,0,0,0
2026-03-27 21:31:33.005,617.519,1139,-5,14,0,0,1,0,0,1,0,0,0
2026-03-27 21:31:33.197,617.711,1139,-5,14,0,0,1,0,0,1,0,0,0
2026-03-27 21:31:33.262,617.776,1139,-5,15,0,0,1,0,0,1,0,0,0
2026-03-27 21:31:33.389,617.904,1139,-5,14,0,0,1,0,0,1,0,0,0
2026-03-27 21:31:33.469,617.983,1139,-5,14,0,0,1,0,0,1,0,0,0
2026-03-27 21:31:33.613,618.127,1140,-5,15,0,0,1,0,0,1,0,0,0
2026-03-27 21:31:33.629,618.143,1140,-5,14,0,0,1,0,0,1,0,0,0
2026-03-27 21:31:33.726,618.240,1140,-5,15,0,0,1,0,0,1,0,0,0
2026-03-27 21:31:33.805,618.319,1140,-5,14,0,0,1,0,0,1,0,0,0
2026-03-27 21:31:33.806,618.320,1140,-5,14,0,0,1,0,0,1,0,0,0
2026-03-27 21:31:33.807,618.322,1140,-5,14,0,0,1,0,0,1,0,0,0
2026-03-27 21:31:33.918,618.432,1140,-5,14,0,0,1,0,0,1,0,0,0
2026-03-27 21:31:33.933,618.447,1140,-5,14,0,0,1,0,0,1,0,0,0
2026-03-27 21:31:34.045,618.560,1140,-5,14,0,0,1,0,0,1,0,0,0
2026-03-27 21:31:34.141,618.655,1140,-5,14,0,0,1,0,0,1,0,0,0
2026-03-27 21:31:34.237,618.751,1140,-5,14,0,0,1,0,0,1,0,0,0
2026-03-27 21:31:34.365,618.879,1140,-5,14,0,0,1,0,0,1,0,0,0
2026-03-27 21:31:34.509,619.023,1140,-5,14,0,0,1,0,0,1,0,0,0
2026-03-27 21:31:34.557,619.071,1140,-5,14,0,0,1,0,0,1,0,0,0
2026-03-27 21:31:34.717,619.232,1140,-5,14,0,0,1,0,0,1,0,0,0
2026-03-27 21:31:34.765,619.280,1140,-5,14,0,0,1,0,0,1,0,0,0
2026-03-27 21:31:34.974,619.488,1140,-5,14,0,0,1,0,0,1,0,0,0
2026-03-27 21:31:35.069,619.583,1140,-5,14,0,0,1,0,0,1,0,0,0
2026-03-27 21:31:35.197,619.712,1139,-5,14,0,0,1,0,0,1,0,0,0
2026-03-27 21:31:35.293,619.807,1140,-5,14,0,0,1,0,0,1,0,0,0
2026-03-27 21:31:35.325,619.839,1140,-5,14,0,0,1,0,0,1,0,0,0
2026-03-27 21:31:35.469,619.984,1139,-5,14,0,0,1,0,0,1,0,0,0
2026-03-27 21:31:35.472,619.986,1140,-2,12,0,0,1,0,0,1,0,0,0
2026-03-27 21:31:35.517,620.031,1140,-3,12,0,0,1,0,0,1,0,0,0
2026-03-27 21:31:35.520,620.034,1140,-5,15,0,0,1,0,0,1,0,0,0
2026-03-27 21:31:35.645,620.159,1140,-4,14,0,0,1,0,0,1,0,0,0
2026-03-27 21:31:35.757,620.271,1140,-5,15,0,0,1,0,0,1,0,0,0
2026-03-27 21:31:35.805,620.319,1141,-5,14,0,0,1,0,0,1,0,0,0
2026-03-27 21:31:35.821,620.335,1141,-4,14,0,0,1,0,0,1,0,0,0
2026-03-27 21:31:35.917,620.431,1140,-2,15,0,0,1,0,0,1,0,0,0
2026-03-27 21:31:36.013,620.528,1140,-5,15,0,0,1,0,0,1,0,0,0
2026-03-27 21:31:36.016,620.530,1140,-5,14,0,0,1,0,0,1,0,0,0
2026-03-27 21:31:36.109,620.624,1140,-5,14,0,0,1,0,0,1,0,0,0
2026-03-27 21:31:36.317,620.831,1140,-5,14,0,0,1,0,0,1,0,0,0
2026-03-27 21:31:36.318,620.832,1140,-5,14,0,0,1,0,0,0,0,0,0
2026-03-27 21:31:36.319,620.834,1140,-2,15,0,0,1,0,0,1,0,0,0
2026-03-27 21:31:36.381,620.895,1140,-2,15,0,0,1,0,0,1,0,0,0
2026-03-27 21:31:36.493,621.008,1140,-4,15,0,0,1,0,0,1,0,0,0
2026-03-27 21:31:36.573,621.087,1140,-2,15,0,0,1,0,0,1,0,0,0
2026-03-27 21:31:36.734,621.248,1140,-5,14,0,0,1,0,0,1,0,0,0
2026-03-27 21:31:36.750,621.264,1140,-5,14,0,0,1,0,0,1,0,0,0
2026-03-27 21:31:36.797,621.311,1140,-2,14,0,0,1,0,0,1,0,0,0
2026-03-27 21:31:36.799,621.313,1140,-5,15,0,0,1,0,0,1,0,0,0
2026-03-27 21:31:36.909,621.423,1140,-5,14,0,0,1,0,0,1,0,0,0
2026-03-27 21:31:36.989,621.503,1140,-5,14,0,0,1,0,0,1,0,0,0
2026-03-27 21:31:37.165,621.679,1140,-5,14,0,0,1,0,0,1,0,0,0
2026-03-27 21:31:37.293,621.807,1140,-5,15,0,0,1,0,0,1,0,0,0
2026-03-27 21:31:37.437,621.951,1140,-5,14,0,0,1,0,0,1,0,0,0
2026-03-27 21:31:37.549,622.063,1140,-2,14,0,0,1,0,0,1,0,0,0
2026-03-27 21:31:37.693,622.207,1140,-5,14,0,0,1,0,0,1,0,0,0
2026-03-27 21:31:37.805,622.319,1141,-5,15,0,0,1,0,0,1,0,0,0
2026-03-27 21:31:37.868,622.382,1140,-5,14,0,0,1,0,0,1,0,0,0
2026-03-27 21:31:37.884,622.399,1140,-5,15,0,0,1,0,0,1,0,0,0
2026-03-27 21:31:37.981,622.495,1140,-4,15,0,0,1,0,0,1,0,0,0
2026-03-27 21:31:38.093,622.607,1140,-5,14,0,0,1,0,0,1,0,0,0
2026-03-27 21:31:38.109,622.623,1140,-5,14,0,0,1,0,0,1,0,0,0
2026-03-27 21:31:38.173,622.687,1140,-5,14,0,0,1,0,0,1,0,0,0
2026-03-27 21:31:38.284,622.799,1140,-5,15,0,0,1,0,0,1,0,0,0
2026-03-27 21:31:38.302,622.816,1140,-5,14,0,0,1,0,0,1,0,0,0
2026-03-27 21:31:38.349,622.863,1140,-5,15,0,0,1,0,0,1,0,0,0
2026-03-27 21:31:38.493,623.007,1140,-5,14,0,0,1,0,0,1,0,0,0
2026-03-27 21:31:38.605,623.119,1140,-3,15,0,0,1,0,0,1,0,0,0
2026-03-27 21:31:38.684,623.199,1140,-2,14,0,0,1,0,0,1,0,0,0
2026-03-27 21:31:38.829,623.343,1140,-5,15,0,0,1,0,0,1,0,0,0
2026-03-27 21:31:38.941,623.455,1140,-2,15,0,0,1,0,0,1,0,0,0
2026-03-27 21:31:38.943,623.458,1140,-4,15,0,0,1,0,0,1,0,0,0
2026-03-27 21:31:39.037,623.551,1140,-5,15,0,0,1,0,0,1,0,0,0
2026-03-27 21:31:39.165,623.679,1141,-4,15,0,0,1,0,0,1,0,0,0
2026-03-27 21:31:39.245,623.759,1140,-5,15,0,0,1,0,0,1,0,0,0
2026-03-27 21:31:39.325,623.840,1140,-4,15,0,0,1,0,0,1,0,0,0
2026-03-27 21:31:39.328,623.842,1139,-5,14,0,0,1,0,0,1,0,0,0
2026-03-27 21:31:39.421,623.935,1139,-5,14,0,0,1,0,0,1,0,0,0
2026-03-27 21:31:39.501,624.016,1139,-5,14,0,0,1,0,0,1,0,0,0
2026-03-27 21:31:39.596,624.110,1139,-2,14,0,0,1,0,0,1,0,0,0
2026-03-27 21:31:39.725,624.239,1139,-3,14,0,0,1,0,0,1,0,0,0
2026-03-27 21:31:39.773,624.287,1139,-5,14,0,0,1,0,0,1,0,0,0
2026-03-27 21:31:39.917,624.431,1140,-5,12,0,0,1,0,0,1,0,0,0
2026-03-27 21:31:40.060,624.574,1140,-5,14,0,0,1,0,0,1,0,0,0
2026-03-27 21:31:40.062,624.576,1140,-5,14,0,0,1,0,0,1,0,0,0
2026-03-27 21:31:40.284,624.799,1139,-5,14,0,0,0,0,0,0,0,0,0
2026-03-27 21:31:40.286,624.801,1140,-5,14,0,0,1,0,0,1,0,0,0
2026-03-27 21:31:40.365,624.879,1140,-4,15,0,0,1,0,0,1,0,0,0
2026-03-27 21:31:40.461,624.975,1140,-5,14,0,0,1,0,0,1,0,0,0
2026-03-27 21:31:40.572,625.087,1141,-5,15,0,0,1,0,0,1,0,0,0
2026-03-27 21:31:40.685,625.199,1140,-5,15,0,0,1,0,0,1,0,0,0
2026-03-27 21:31:40.686,625.200,1140,-5,14,0,0,1,0,0,1,0,0,0
2026-03-27 21:31:40.797,625.311,1140,-5,14,0,0,1,0,0,1,0,0,0
2026-03-27 21:31:40.908,625.423,1140,-5,15,0,0,1,0,0,1,0,0,0
2026-03-27 21:31:41.053,625.567,1140,-5,14,0,0,1,0,0,1,0,0,0
2026-03-27 21:31:41.101,625.615,1140,-5,15,0,0,1,0,0,1,0,0,0
2026-03-27 21:31:41.245,625.759,1140,-5,14,0,0,1,0,0,1,0,0,0
2026-03-27 21:31:41.324,625.839,1140,-5,12,0,0,1,0,0,1,0,0,0
2026-03-27 21:31:41.468,625.982,1140,-6,14,0,0,1,0,0,1,0,0,0
2026-03-27 21:31:41.484,625.998,1140,-5,14,0,0,1,0,0,1,0,0,0
2026-03-27 21:31:41.596,626.110,1140,-6,14,0,0,1,0,0,1,0,0,0
2026-03-27 21:31:41.709,626.223,1140,-5,14,0,0,1,0,0,1,0,0,0
2026-03-27 21:31:41.789,626.303,1139,-5,14,0,0,1,0,0,1,0,0,0
2026-03-27 21:31:41.948,626.462,1140,-5,15,0,0,1,0,0,1,0,0,0
2026-03-27 21:31:41.950,626.464,1140,-4,15,0,0,1,0,0,1,0,0,0
2026-03-27 21:31:42.061,626.575,1141,-5,14,0,0,1,0,0,1,0,0,0
2026-03-27 21:31:42.124,626.638,1141,-5,14,0,0,1,0,0,1,0,0,0
2026-03-27 21:31:42.126,626.640,1142,-5,14,0,0,1,0,0,1,0,0,0
2026-03-27 21:31:42.236,626.751,1142,-5,14,0,0,1,0,0,1,0,0,0
2026-03-27 21:31:42.348,626.862,1143,-5,14,0,0,1,0,0,1,0,0,0
2026-03-27 21:31:42.350,626.864,1143,-2,14,0,0,1,0,0,1,0,0,0
2026-03-27 21:31:42.365,626.879,1142,-5,14,0,0,1,0,0,1,0,0,0
2026-03-27 21:31:42.476,626.991,1142,-5,14,0,0,1,0,0,1,0,0,0
2026-03-27 21:31:42.604,627.119,1141,-5,14,0,0,1,0,0,1,0,0,0
2026-03-27 21:31:42.608,627.122,1141,-3,14,0,0,1,0,0,1,0,0,0
2026-03-27 21:31:42.700,627.215,1142,-5,14,0,0,1,0,0,1,0,0,0
2026-03-27 21:31:42.764,627.279,1142,-5,14,0,0,1,0,0,1,0,0,0
2026-03-27 21:31:42.767,627.281,1142,-2,14,0,0,1,0,0,1,0,0,0
2026-03-27 21:31:42.845,627.359,1142,-2,14,0,0,1,0,0,1,0,0,0
2026-03-27 21:31:42.956,627.470,1142,-5,14,0,0,1,0,0,1,0,0,0
2026-03-27 21:31:42.958,627.472,1142,-5,14,0,0,1,0,0,1,0,0,0
2026-03-27 21:31:43.133,627.647,1142,-5,14,0,0,1,0,0,1,0,0,0
2026-03-27 21:31:43.165,627.679,1141,-5,14,0,0,1,0,0,1,0,0,0
2026-03-27 21:31:43.244,627.758,1142,-5,15,0,0,1,0,0,1,0,0,0
2026-03-27 21:31:43.309,627.823,1142,-5,15,0,0,1,0,0,1,0,0,0
2026-03-27 21:31:43.421,627.935,1142,-2,14,0,0,1,0,0,1,0,0,0
2026-03-27 21:31:43.422,627.936,1142,-2,14,0,0,1,0,0,1,0,0,0
2026-03-27 21:31:43.629,628.143,1142,-4,15,0,0,1,0,0,1,0,0,0
2026-03-27 21:31:43.644,628.159,1142,-5,14,0,0,1,0,0,1,0,0,0
2026-03-27 21:31:43.661,628.175,1142,-5,15,0,0,1,0,0,1,0,0,0
2026-03-27 21:31:43.741,628.255,1141,-6,14,0,0,1,0,0,1,0,0,0
2026-03-27 21:31:43.868,628.382,1141,-6,14,0,0,1,0,0,1,0,0,0
2026-03-27 21:31:44.012,628.526,1139,-5,15,0,0,1,0,0,1,0,0,0
2026-03-27 21:31:44.044,628.558,1139,-4,15,0,0,1,0,0,1,0,0,0
2026-03-27 21:31:44.046,628.560,1139,-5,14,0,0,1,0,0,1,0,0,0
2026-03-27 21:31:44.205,628.719,1138,-5,15,0,0,1,0,0,1,0,0,0
2026-03-27 21:31:44.333,628.847,1138,-5,15,0,0,1,0,0,1,0,0,0
2026-03-27 21:31:44.445,628.959,1139,-5,15,0,0,1,0,0,1,0,0,0
2026-03-27 21:31:44.525,629.039,1139,-5,15,0,0,1,0,0,1,0,0,0
2026-03-27 21:31:44.542,629.056,1139,-5,14,0,0,1,0,0,1,0,0,0
2026-03-27 21:31:44.653,629.167,1139,-5,14,0,0,1,0,0,1,0,0,0
2026-03-27 21:31:44.655,629.169,1139,-5,14,0,0,1,0,0,1,0,0,0
2026-03-27 21:31:44.749,629.263,1139,-5,14,0,0,1,0,0,1,0,0,0
2026-03-27 21:31:44.925,629.439,1139,-5,14,0,0,1,0,0,1,0,0,0
2026-03-27 21:31:44.988,629.502,1139,-5,15,0,0,1,0,0,1,0,0,0
2026-03-27 21:31:44.990,629.504,1139,-5,15,0,0,1,0,0,0,0,0,0
2026-03-27 21:31:44.991,629.506,1140,-5,15,0,0,1,0,0,1,0,0,0
2026-03-27 21:31:45.052,629.567,1139,-5,14,0,0,1,0,0,1,0,0,0
2026-03-27 21:31:45.213,629.727,1139,-4,15,0,0,1,0,0,1,0,0,0
2026-03-27 21:31:45.292,629.806,1140,-4,15,0,0,1,0,0,1,0,0,0
2026-03-27 21:31:45.404,629.918,1140,-2,15,0,0,1,0,0,1,0,0,0
2026-03-27 21:31:45.548,630.063,1139,-5,15,0,0,1,0,0,1,0,0,0
2026-03-27 21:31:45.596,630.110,1140,-2,15,0,0,1,0,0,1,0,0,0
2026-03-27 21:31:45.757,630.271,1141,-4,15,0,0,1,0,0,1,0,0,0
2026-03-27 21:31:45.820,630.334,1139,-5,15,0,0,1,0,0,1,0,0,0
2026-03-27 21:31:45.917,630.431,1139,-4,14,0,0,1,0,0,1,0,0,0
2026-03-27 21:31:45.981,630.495,1139,-5,15,0,0,1,0,0,1,0,0,0
2026-03-27 21:31:45.996,630.510,1139,-5,15,0,0,1,0,0,1,0,0,0
2026-03-27 21:31:46.124,630.638,1139,-5,14,0,0,1,0,0,1,0,0,0
2026-03-27 21:31:46.126,630.640,1139,-5,14,0,0,1,0,0,1,0,0,0
2026-03-27 21:31:46.253,630.767,1139,-5,14,0,0,1,0,0,1,0,0,0
2026-03-27 21:31:46.381,630.895,1139,-5,14,0,0,1,0,0,1,0,0,0
2026-03-27 21:31:46.413,630.927,1139,-5,15,0,0,1,0,0,1,0,0,0
2026-03-27 21:31:46.573,631.087,1139,-4,14,0,0,1,0,0,1,0,0,0
2026-03-27 21:31:46.909,631.423,1139,-5,14,0,0,1,0,0,1,0,0,0
2026-03-27 21:31:47.020,631.534,1139,-5,15,0,0,1,0,0,1,0,0,0
2026-03-27 21:31:47.101,631.615,1139,-5,14,0,0,1,0,0,1,0,0,0
2026-03-27 21:31:47.213,631.727,1139,-5,14,0,0,1,0,0,1,0,0,0
2026-03-27 21:31:47.341,631.855,1139,-5,14,0,0,1,0,0,1,0,0,0
2026-03-27 21:31:47.436,631.950,1139,-5,14,0,0,1,0,0,1,0,0,0
2026-03-27 21:31:47.565,632.079,1139,-2,14,0,0,1,0,0,1,0,0,0
2026-03-27 21:31:47.677,632.191,1139,-5,14,0,0,1,0,0,1,0,0,0
2026-03-27 21:31:47.820,632.334,1139,-3,14,0,0,1,0,0,1,0,0,0
2026-03-27 21:31:47.837,632.351,1140,-4,15,0,0,1,0,0,1,0,0,0
2026-03-27 21:31:47.980,632.494,1139,-5,15,0,0,1,0,0,1,0,0,0
2026-03-27 21:31:47.995,632.510,1139,-2,14,0,0,1,0,0,1,0,0,0
2026-03-27 21:31:47.997,632.511,1139,-2,15,0,0,1,0,0,1,0,0,0
2026-03-27 21:31:48.221,632.736,1140,-4,12,0,0,1,0,0,1,0,0,0
2026-03-27 21:31:48.236,632.750,1139,-5,15,0,0,1,0,0,1,0,0,0
2026-03-27 21:31:48.349,632.863,1140,-5,15,0,0,1,0,0,1,0,0,0
2026-03-27 21:31:48.477,632.991,1140,-5,15,0,0,1,0,0,1,0,0,0
2026-03-27 21:31:48.508,633.022,1140,-4,15,0,0,1,0,0,1,0,0,0
2026-03-27 21:31:48.652,633.166,1140,-2,15,0,0,1,0,0,1,0,0,0
2026-03-27 21:31:48.653,633.168,1140,-4,15,0,0,1,0,0,1,0,0,0
2026-03-27 21:31:48.748,633.262,1140,-4,15,0,0,1,0,0,1,0,0,0
2026-03-27 21:31:48.750,633.264,1140,-5,15,0,0,1,0,0,1,0,0,0
2026-03-27 21:31:48.797,633.311,1140,-1,15,0,0,1,0,0,1,0,0,0
2026-03-27 21:31:48.860,633.375,1139,-2,15,0,0,1,0,0,1,0,0,0
2026-03-27 21:31:48.863,633.377,1139,-4,15,0,0,1,0,0,1,0,0,0
2026-03-27 21:31:48.972,633.486,1139,-4,15,0,0,1,0,0,1,0,0,0
2026-03-27 21:31:49.068,633.582,1139,-4,15,0,0,1,0,0,1,0,0,0
2026-03-27 21:31:49.165,633.679,1140,-1,15,0,0,1,0,0,1,0,0,0
2026-03-27 21:31:49.180,633.695,1140,-1,15,0,0,1,0,0,1,0,0,0
2026-03-27 21:31:49.277,633.791,1140,-4,15,0,0,1,0,0,1,0,0,0
2026-03-27 21:31:49.372,633.886,1140,-5,15,0,0,1,0,0,1,0,0,0
2026-03-27 21:31:49.373,633.887,1140,-4,15,0,0,1,0,0,1,0,0,0
2026-03-27 21:31:49.485,633.999,1140,-4,15,0,0,1,0,0,1,0,0,0
2026-03-27 21:31:49.740,634.254,1140,-4,15,0,0,1,0,0,1,0,0,0
2026-03-27 21:31:49.852,634.366,1139,-5,15,0,0,1,0,0,1,0,0,0
2026-03-27 21:31:49.933,634.447,1139,-4,15,0,0,1,0,0,1,0,0,0
2026-03-27 21:31:50.044,634.558,1140,-4,15,0,0,1,0,0,1,0,0,0
2026-03-27 21:31:50.045,634.559,1140,-4,15,0,0,1,0,0,1,0,0,0
2026-03-27 21:31:50.124,634.638,1140,-4,15,0,0,1,0,0,1,0,0,0
2026-03-27 21:31:50.253,634.767,1139,-5,12,0,0,1,0,0,1,0,0,0
2026-03-27 21:31:50.348,634.863,1139,-5,14,0,0,1,0,0,1,0,0,0
2026-03-27 21:31:50.508,635.022,1139,-5,14,0,0,1,0,0,1,0,0,0
2026-03-27 21:31:50.588,635.102,1139,-6,14,0,0,1,0,0,1,0,0,0
2026-03-27 21:31:50.605,635.119,1139,-3,14,0,0,1,0,0,1,0,0,0
2026-03-27 21:31:50.620,635.134,1139,-6,14,0,0,1,0,0,1,0,0,0
2026-03-27 21:31:50.844,635.358,1139,-5,13,0,0,1,0,0,1,0,0,0
2026-03-27 21:31:50.846,635.360,1139,-5,14,0,0,0,0,0,0,0,0,0
2026-03-27 21:31:50.847,635.361,1139,-6,14,0,0,1,0,0,1,0,0,0
2026-03-27 21:31:50.957,635.471,1140,-6,14,0,0,1,0,0,1,0,0,0
2026-03-27 21:31:51.052,635.566,1139,-6,13,0,0,1,0,0,1,0,0,0
2026-03-27 21:31:51.084,635.598,1139,-6,10,0,0,1,0,0,1,0,0,0
2026-03-27 21:31:51.085,635.599,1139,-6,10,0,0,1,0,0,1,0,0,0
2026-03-27 21:31:51.087,635.601,1139,-6,13,0,0,1,0,0,1,0,0,0
2026-03-27 21:31:51.213,635.727,1139,-6,13,0,0,1,0,0,1,0,0,0
2026-03-27 21:31:51.324,635.839,1139,-6,13,0,0,1,0,0,1,0,0,0
2026-03-27 21:31:51.356,635.870,1139,-3,13,0,0,1,0,0,1,0,0,0
2026-03-27 21:31:51.436,635.950,1139,-6,14,0,0,1,0,0,1,0,0,0
2026-03-27 21:31:51.453,635.967,1139,-5,14,0,0,1,0,0,1,0,0,0
2026-03-27 21:31:51.532,636.046,1139,-3,14,0,0,1,0,0,1,0,0,0
2026-03-27 21:31:51.533,636.047,1139,-3,14,0,0,1,0,0,1,0,0,0
2026-03-27 21:31:51.628,636.143,1139,-5,14,0,0,1,0,0,1,0,0,0
2026-03-27 21:31:51.724,636.238,1139,-6,13,0,0,1,0,0,1,0,0,0
2026-03-27 21:31:51.932,636.446,1139,-3,13,0,0,1,0,0,1,0,0,0
2026-03-27 21:31:51.980,636.494,1139,-6,13,0,0,1,0,0,1,0,0,0
2026-03-27 21:31:52.076,636.591,1139,-6,13,0,0,1,0,0,1,0,0,0
2026-03-27 21:31:52.204,636.718,1139,-6,13,0,0,1,0,0,1,0,0,0
2026-03-27 21:31:52.348,636.863,1139,-6,13,0,0,1,0,0,1,0,0,0
2026-03-27 21:31:52.396,636.910,1139,-6,13,0,0,1,0,0,1,0,0,0
2026-03-27 21:31:52.492,637.006,1139,-6,13,0,0,1,0,0,1,0,0,0
2026-03-27 21:31:52.636,637.150,1139,-6,13,0,0,1,0,0,1,0,0,0
2026-03-27 21:31:52.780,637.294,1139,-6,13,0,0,1,0,0,1,0,0,0
2026-03-27 21:31:52.877,637.391,1139,-3,13,0,0,1,0,0,1,0,0,0
2026-03-27 21:31:53.021,637.535,1139,-6,14,0,0,1,0,0,1,0,0,0
2026-03-27 21:31:53.068,637.582,1139,-3,14,0,0,1,0,0,1,0,0,0
2026-03-27 21:31:53.245,637.759,1139,-6,11,0,0,1,0,0,1,0,0,0
2026-03-27 21:31:53.247,637.761,1139,-6,14,0,0,1,0,0,1,0,0,0
2026-03-27 21:31:53.340,637.855,1139,-6,14,0,0,1,0,0,1,0,0,0
2026-03-27 21:31:53.437,637.951,1138,-6,13,0,0,1,0,0,1,0,0,0
2026-03-27 21:31:53.439,637.953,1139,-6,14,0,0,1,0,0,1,0,0,0
2026-03-27 21:31:53.549,638.063,1139,-3,14,0,0,1,0,0,1,0,0,0
2026-03-27 21:31:53.645,638.159,1139,-5,14,0,0,1,0,0,1,0,0,0
2026-03-27 21:31:53.804,638.318,1139,-6,13,0,0,1,0,0,1,0,0,0
2026-03-27 21:31:53.900,638.414,1139,-6,14,0,0,1,0,0,1,0,0,0
2026-03-27 21:31:53.964,638.478,1139,-5,14,0,0,1,0,0,1,0,0,0
2026-03-27 21:31:54.060,638.575,1139,-5,14,0,0,1,0,0,1,0,0,0
2026-03-27 21:31:54.203,638.717,1139,-6,13,0,0,1,0,0,1,0,0,0
2026-03-27 21:31:54.284,638.798,1139,-6,13,0,0,1,0,0,1,0,0,0
2026-03-27 21:31:54.380,638.894,1139,-3,13,0,0,1,0,0,1,0,0,0
2026-03-27 21:31:54.508,639.022,1139,-6,14,0,0,1,0,0,1,0,0,0
2026-03-27 21:31:54.668,639.182,1139,-6,14,0,0,1,0,0,1,0,0,0
2026-03-27 21:31:54.811,639.326,1139,-6,13,0,0,1,0,0,1,0,0,0
2026-03-27 21:31:54.877,639.391,1139,-6,13,0,0,1,0,0,1,0,0,0
2026-03-27 21:31:55.004,639.518,1139,-6,13,0,0,1,0,0,1,0,0,0
2026-03-27 21:31:55.084,639.598,1139,-6,13,0,0,1,0,0,1,0,0,0
2026-03-27 21:31:55.180,639.694,1139,-5,13,0,0,1,0,0,1,0,0,0
2026-03-27 21:31:55.292,639.806,1139,-6,13,0,0,1,0,0,1,0,0,0
2026-03-27 21:31:55.308,639.822,1139,-6,13,0,0,1,0,0,1,0,0,0
2026-03-27 21:31:55.387,639.902,1139,-6,14,0,0,1,0,0,1,0,0,0
2026-03-27 21:31:55.500,640.015,1139,-3,13,0,0,1,0,0,1,0,0,0
2026-03-27 21:31:55.580,640.095,1139,-6,13,0,0,1,0,0,1,0,0,0
2026-03-27 21:31:55.708,640.222,1139,-3,13,0,0,1,0,0,1,0,0,0
2026-03-27 21:31:55.756,640.270,1139,-6,13,0,0,1,0,0,1,0,0,0
2026-03-27 21:31:55.868,640.382,1140,-6,13,0,0,1,0,0,1,0,0,0
2026-03-27 21:31:55.996,640.510,1140,-4,13,0,0,1,0,0,1,0,0,0
2026-03-27 21:31:56.060,640.574,1140,-6,13,0,0,1,0,0,1,0,0,0
2026-03-27 21:31:56.063,640.577,1139,-6,13,0,0,1,0,0,1,0,0,0
2026-03-27 21:31:56.172,640.687,1139,-6,13,0,0,1,0,0,1,0,0,0
2026-03-27 21:31:56.299,640.814,1139,-6,13,0,0,1,0,0,1,0,0,0
2026-03-27 21:31:56.476,640.990,1139,-3,13,0,0,1,0,0,1,0,0,0
2026-03-27 21:31:56.572,641.086,1139,-6,13,0,0,1,0,0,1,0,0,0
2026-03-27 21:31:56.636,641.150,1139,-3,13,0,0,1,0,0,1,0,0,0
2026-03-27 21:31:56.764,641.278,1139,-3,13,0,0,1,0,0,1,0,0,0
2026-03-27 21:31:56.860,641.374,1139,-6,13,0,0,1,0,0,1,0,0,0
2026-03-27 21:31:56.988,641.502,1139,-6,13,0,0,1,0,0,1,0,0,0
2026-03-27 21:31:57.132,641.646,1138,-6,13,0,0,1,0,0,1,0,0,0
2026-03-27 21:31:57.164,641.678,1138,-4,10,0,0,1,0,0,1,0,0,0
2026-03-27 21:31:57.291,641.805,1138,-6,11,0,0,1,0,0,1,0,0,0
2026-03-27 21:31:57.294,641.808,1138,-6,13,0,0,1,0,0,1,0,0,0
2026-03-27 21:31:57.420,641.935,1138,-6,13,0,0,1,0,0,1,0,0,0
2026-03-27 21:31:57.740,642.254,1139,-3,13,0,0,1,0,0,1,0,0,0
2026-03-27 21:31:57.804,642.318,1139,-6,13,0,0,1,0,0,1,0,0,0
2026-03-27 21:31:57.807,642.321,1139,-6,13,0,0,1,0,0,1,0,0,0
2026-03-27 21:31:57.948,642.462,1139,-6,13,0,0,1,0,0,1,0,0,0
2026-03-27 21:31:57.995,642.510,1140,-6,13,0,0,1,0,0,1,0,0,0
2026-03-27 21:31:57.997,642.511,1140,-6,13,0,0,1,0,0,1,0,0,0
2026-03-27 21:31:57.999,642.513,1139,-5,14,0,0,1,0,0,1,0,0,0
2026-03-27 21:31:58.156,642.670,1139,-6,13,0,0,1,0,0,1,0,0,0
2026-03-27 21:31:58.172,642.686,1138,-3,14,0,0,1,0,0,1,0,0,0
2026-03-27 21:31:58.220,642.734,1139,-6,14,0,0,1,0,0,1,0,0,0
2026-03-27 21:31:58.396,642.910,1139,-6,13,0,0,1,0,0,1,0,0,0
2026-03-27 21:31:58.523,643.037,1139,-6,13,0,0,1,0,0,1,0,0,0
2026-03-27 21:31:58.572,643.086,1139,-6,13,0,0,1,0,0,1,0,0,0
2026-03-27 21:31:58.651,643.165,1139,-4,14,0,0,1,0,0,1,0,0,0
2026-03-27 21:31:58.667,643.181,1139,-3,13,0,0,1,0,0,1,0,0,0
2026-03-27 21:31:58.764,643.278,1139,-6,13,0,0,1,0,0,1,0,0,0
2026-03-27 21:31:58.892,643.406,1140,-4,13,0,0,1,0,0,1,0,0,0
2026-03-27 21:31:58.972,643.486,1139,-6,13,0,0,1,0,0,1,0,0,0
2026-03-27 21:31:59.004,643.518,1139,-6,13,0,0,1,0,0,1,0,0,0
2026-03-27 21:31:59.147,643.661,1139,-6,13,0,0,1,0,0,1,0,0,0
2026-03-27 21:31:59.244,643.758,1139,-6,13,0,0,1,0,0,1,0,0,0
2026-03-27 21:31:59.388,643.902,1139,-3,13,0,0,1,0,0,1,0,0,0
2026-03-27 21:31:59.500,644.014,1139,-6,13,0,0,1,0,0,1,0,0,0
2026-03-27 21:31:59.676,644.190,1139,-6,13,0,0,1,0,0,1,0,0,0
2026-03-27 21:31:59.724,644.238,1138,-3,10,0,0,1,0,0,1,0,0,0
2026-03-27 21:31:59.804,644.318,1138,-4,13,0,0,1,0,0,1,0,0,0
2026-03-27 21:31:59.916,644.430,1138,-6,13,0,0,1,0,0,1,0,0,0
2026-03-27 21:31:59.980,644.494,1138,-4,13,0,0,1,0,0,1,0,0,0
2026-03-27 21:32:00.139,644.653,1139,-6,13,0,0,1,0,0,1,0,0,0
2026-03-27 21:32:00.141,644.655,1139,-6,13,0,0,1,0,0,1,0,0,0
2026-03-27 21:32:00.156,644.670,1139,-3,13,0,0,1,0,0,1,0,0,0
2026-03-27 21:32:00.412,644.926,1139,-6,13,0,0,1,0,0,1,0,0,0
2026-03-27 21:32:00.524,645.038,1139,-6,13,0,0,1,0,0,1,0,0,0
2026-03-27 21:32:00.667,645.182,1139,-6,13,0,0,1,0,0,1,0,0,0
2026-03-27 21:32:00.670,645.184,1139,-3,13,0,0,1,0,0,1,0,0,0
2026-03-27 21:32:00.780,645.294,1139,-3,13,0,0,1,0,0,1,0,0,0
2026-03-27 21:32:00.844,645.358,1139,-6,13,0,0,1,0,0,1,0,0,0
2026-03-27 21:32:00.972,645.486,1139,-6,13,0,0,1,0,0,1,0,0,0
2026-03-27 21:32:01.020,645.534,1139,-6,13,0,0,1,0,0,1,0,0,0
2026-03-27 21:32:01.131,645.645,1139,-6,13,0,0,1,0,0,1,0,0,0
2026-03-27 21:32:01.244,645.758,1139,-6,13,0,0,1,0,0,1,0,0,0
2026-03-27 21:32:01.247,645.761,1139,-6,13,0,0,1,0,0,1,0,0,0
2026-03-27 21:32:01.340,645.854,1139,-6,13,0,0,1,0,0,1,0,0,0
2026-03-27 21:32:01.499,646.013,1139,-6,13,0,0,1,0,0,1,0,0,0
2026-03-27 21:32:01.563,646.078,1139,-7,13,0,0,1,0,0,1,0,0,0
2026-03-27 21:32:01.628,646.142,1139,-7,13,0,0,1,0,0,1,0,0,0
2026-03-27 21:32:01.787,646.302,1139,-7,12,0,0,1,0,0,1,0,0,0
2026-03-27 21:32:01.790,646.304,1138,-4,13,0,0,1,0,0,1,0,0,0
2026-03-27 21:32:01.867,646.382,1138,-4,13,0,0,1,0,0,1,0,0,0
2026-03-27 21:32:01.980,646.494,1138,-7,13,0,0,1,0,0,1,0,0,0
2026-03-27 21:32:02.060,646.574,1139,-6,13,0,0,1,0,0,1,0,0,0
2026-03-27 21:32:02.188,646.702,1138,-7,12,0,0,1,0,0,1,0,0,0
2026-03-27 21:32:02.251,646.765,1139,-7,13,0,0,1,0,0,1,0,0,0
2026-03-27 21:32:02.428,646.942,1139,-6,13,0,0,1,0,0,1,0,0,0
2026-03-27 21:32:02.491,647.005,1139,-3,14,0,0,1,0,0,1,0,0,0
2026-03-27 21:32:02.493,647.007,1139,-3,14,0,0,1,0,0,1,0,0,0
2026-03-27 21:32:02.604,647.118,1140,-6,13,0,0,1,0,0,1,0,0,0
2026-03-27 21:32:02.619,647.134,1140,-3,13,0,0,1,0,0,1,0,0,0
2026-03-27 21:32:02.622,647.136,1139,-4,13,0,0,1,0,0,1,0,0,0
2026-03-27 21:32:02.732,647.246,1139,-6,13,0,0,1,0,0,1,0,0,0
2026-03-27 21:32:02.844,647.358,1139,-6,13,0,0,1,0,0,1,0,0,0
2026-03-27 21:32:02.972,647.486,1139,-6,13,0,0,1,0,0,1,0,0,0
2026-03-27 21:32:03.052,647.566,1139,-4,13,0,0,1,0,0,1,0,0,0
2026-03-27 21:32:03.180,647.694,1139,-4,13,0,0,1,0,0,1,0,0,0
2026-03-27 21:32:03.197,647.711,1139,-6,13,0,0,1,0,0,1,0,0,0
2026-03-27 21:32:03.371,647.886,1139,-3,13,0,0,1,0,0,1,0,0,0
2026-03-27 21:32:03.436,647.950,1139,-6,13,0,0,1,0,0,1,0,0,0
2026-03-27 21:32:03.531,648.045,1139,-6,13,0,0,1,0,0,1,0,0,0
2026-03-27 21:32:03.534,648.048,1139,-3,13,0,0,1,0,0,1,0,0,0
2026-03-27 21:32:03.676,648.190,1139,-3,13,0,0,1,0,0,1,0,0,0
2026-03-27 21:32:03.707,648.221,1139,-6,13,0,0,1,0,0,1,0,0,0
2026-03-27 21:32:03.883,648.397,1139,-3,13,0,0,1,0,0,1,0,0,0
2026-03-27 21:32:04.012,648.526,1139,-6,13,0,0,1,0,0,1,0,0,0
2026-03-27 21:32:04.108,648.622,1139,-6,13,0,0,1,0,0,1,0,0,0
2026-03-27 21:32:04.124,648.638,1139,-3,13,0,0,1,0,0,1,0,0,0
2026-03-27 21:32:04.140,648.654,1139,-3,14,0,0,1,0,0,1,0,0,0
2026-03-27 21:32:04.476,648.990,1138,-7,13,0,0,1,0,0,1,0,0,0
2026-03-27 21:32:04.620,649.134,1138,-4,13,0,0,1,0,0,1,0,0,0
2026-03-27 21:32:04.683,649.198,1139,-6,13,0,0,1,0,0,1,0,0,0
2026-03-27 21:32:04.687,649.201,1138,-7,12,0,0,1,0,0,1,0,0,0
2026-03-27 21:32:04.812,649.326,1138,-7,13,0,0,1,0,0,1,0,0,0
2026-03-27 21:32:05.099,649.613,1139,-7,13,0,0,1,0,0,1,0,0,0
2026-03-27 21:32:05.244,649.758,1139,-7,13,0,0,1,0,0,1,0,0,0
2026-03-27 21:32:05.323,649.837,1139,-7,13,0,0,1,0,0,1,0,0,0
2026-03-27 21:32:05.419,649.933,1138,-7,13,0,0,1,0,0,1,0,0,0
2026-03-27 21:32:05.531,650.045,1138,-7,13,0,0,1,0,0,1,0,0,0
2026-03-27 21:32:05.564,650.078,1138,-6,13,0,0,1,0,0,1,0,0,0
2026-03-27 21:32:05.707,650.221,1139,-7,13,0,0,1,0,0,1,0,0,0
2026-03-27 21:32:05.788,650.302,1138,-6,13,0,0,1,0,0,1,0,0,0
2026-03-27 21:32:05.964,650.478,1139,-6,10,0,0,1,0,0,1,0,0,0
2026-03-27 21:32:05.967,650.481,1139,-6,13,0,0,1,0,0,1,0,0,0
2026-03-27 21:32:05.996,650.510,1139,-6,13,0,0,1,0,0,1,0,0,0
2026-03-27 21:32:06.139,650.653,1139,-6,13,0,0,1,0,0,1,0,0,0
2026-03-27 21:32:06.142,650.656,1139,-6,13,0,0,1,0,0,1,0,0,0
2026-03-27 21:32:06.252,650.766,1139,-6,13,0,0,1,0,0,1,0,0,0
2026-03-27 21:32:06.363,650.877,1139,-6,13,0,0,1,0,0,1,0,0,0
2026-03-27 21:32:06.365,650.879,1139,-6,13,0,0,1,0,0,1,0,0,0
2026-03-27 21:32:06.428,650.942,1140,-6,13,0,0,1,0,0,1,0,0,0
2026-03-27 21:32:06.523,651.038,1139,-6,13,0,0,1,0,0,1,0,0,0
2026-03-27 21:32:06.747,651.261,1139,-6,13,0,0,1,0,0,1,0,0,0
2026-03-27 21:32:06.795,651.309,1140,-6,13,0,0,1,0,0,1,0,0,0
2026-03-27 21:32:06.811,651.325,1140,-6,13,0,0,1,0,0,1,0,0,0
2026-03-27 21:32:06.875,651.389,1139,-6,13,0,0,1,0,0,1,0,0,0
2026-03-27 21:32:06.892,651.406,1139,-6,13,0,0,1,0,0,1,0,0,0
2026-03-27 21:32:06.894,651.408,1139,-6,13,0,0,1,0,0,1,0,0,0
2026-03-27 21:32:06.988,651.502,1139,-6,13,0,0,1,0,0,1,0,0,0
2026-03-27 21:32:07.115,651.629,1139,-6,13,0,0,1,0,0,1,0,0,0
2026-03-27 21:32:07.195,651.709,1139,-6,13,0,0,1,0,0,1,0,0,0
2026-03-27 21:32:07.211,651.725,1139,-6,13,0,0,1,0,0,1,0,0,0
2026-03-27 21:32:07.307,651.821,1139,-5,14,0,0,1,0,0,1,0,0,0
2026-03-27 21:32:07.419,651.933,1139,-4,15,0,0,1,0,0,1,0,0,0
2026-03-27 21:32:07.564,652.078,1140,-4,13,0,0,1,0,0,1,0,0,0
2026-03-27 21:32:07.566,652.080,1140,-1,15,0,0,1,0,0,1,0,0,0
2026-03-27 21:32:07.627,652.141,1139,-1,15,0,0,1,0,0,1,0,0,0
2026-03-27 21:32:07.629,652.143,1139,-1,15,0,0,1,0,0,1,0,0,0
2026-03-27 21:32:07.707,652.221,1140,-4,15,0,0,1,0,0,1,0,0,0
2026-03-27 21:32:07.724,652.238,1140,-4,15,0,0,1,0,0,1,0,0,0
2026-03-27 21:32:07.820,652.334,1140,-4,15,0,0,1,0,0,1,0,0,0
2026-03-27 21:32:07.947,652.461,1140,-4,15,0,0,1,0,0,1,0,0,0
2026-03-27 21:32:08.027,652.542,1140,-4,15,0,0,1,0,0,1,0,0,0
2026-03-27 21:32:08.187,652.702,1140,-6,13,0,0,1,0,0,1,0,0,0
2026-03-27 21:32:08.236,652.750,1140,-5,14,0,0,1,0,0,1,0,0,0
2026-03-27 21:32:08.332,652.846,1139,-6,14,0,0,1,0,0,1,0,0,0
2026-03-27 21:32:08.444,652.958,1139,-5,14,0,0,1,0,0,1,0,0,0
2026-03-27 21:32:08.539,653.053,1140,-2,14,0,0,1,0,0,1,0,0,0
2026-03-27 21:32:08.556,653.070,1139,-5,14,0,0,1,0,0,1,0,0,0
2026-03-27 21:32:08.651,653.165,1139,-3,14,0,0,1,0,0,1,0,0,0
2026-03-27 21:32:08.843,653.357,1140,-3,14,0,0,1,0,0,1,0,0,0
2026-03-27 21:32:08.861,653.375,1139,-5,14,0,0,1,0,0,1,0,0,0
2026-03-27 21:32:08.862,653.376,1139,-5,14,0,0,1,0,0,1,0,0,0
2026-03-27 21:32:09.035,653.549,1139,-3,14,0,0,1,0,0,1,0,0,0
2026-03-27 21:32:09.116,653.630,1140,-5,14,0,0,1,0,0,1,0,0,0
2026-03-27 21:32:09.162,653.677,1140,-2,14,0,0,1,0,0,1,0,0,0
2026-03-27 21:32:09.179,653.693,1140,-2,14,0,0,1,0,0,1,0,0,0
2026-03-27 21:32:09.323,653.837,1140,-5,14,0,0,1,0,0,1,0,0,0
2026-03-27 21:32:09.451,653.965,1141,-5,14,0,0,1,0,0,1,0,0,0
2026-03-27 21:32:09.563,654.077,1139,-5,14,0,0,1,0,0,1,0,0,0
2026-03-27 21:32:09.565,654.079,1139,-5,14,0,0,1,0,0,1,0,0,0
2026-03-27 21:32:09.643,654.157,1140,-5,14,0,0,1,0,0,1,0,0,0
2026-03-27 21:32:09.739,654.253,1140,-5,14,0,0,1,0,0,1,0,0,0
2026-03-27 21:32:09.867,654.381,1140,-5,14,0,0,1,0,0,1,0,0,0
2026-03-27 21:32:09.868,654.382,1140,-5,14,0,0,1,0,0,1,0,0,0
2026-03-27 21:32:09.870,654.384,1140,-5,14,0,0,1,0,0,1,0,0,0
2026-03-27 21:32:09.964,654.478,1140,-5,14,0,0,1,0,0,1,0,0,0
2026-03-27 21:32:10.059,654.573,1140,-2,14,0,0,1,0,0,1,0,0,0
2026-03-27 21:32:10.123,654.637,1140,-5,14,0,0,1,0,0,1,0,0,0
2026-03-27 21:32:10.251,654.766,1140,-5,15,0,0,1,0,0,1,0,0,0
2026-03-27 21:32:10.267,654.782,1139,-4,13,0,0,1,0,0,1,0,0,0
2026-03-27 21:32:10.379,654.893,1139,-4,13,0,0,1,0,0,1,0,0,0
2026-03-27 21:32:10.380,654.895,1139,-3,13,0,0,1,0,0,1,0,0,0
2026-03-27 21:32:10.475,654.989,1139,-6,13,0,0,1,0,0,1,0,0,0
2026-03-27 21:32:10.572,655.086,1139,-6,13,0,0,1,0,0,1,0,0,0
2026-03-27 21:32:10.699,655.213,1140,-5,15,0,0,1,0,0,1,0,0,0
2026-03-27 21:32:10.747,655.261,1140,-5,15,0,0,1,0,0,1,0,0,0
2026-03-27 21:32:10.876,655.390,1140,-6,13,0,0,1,0,0,1,0,0,0
2026-03-27 21:32:10.923,655.437,1139,-3,14,0,0,1,0,0,1,0,0,0
2026-03-27 21:32:11.019,655.534,1140,-5,14,0,0,1,0,0,1,0,0,0
2026-03-27 21:32:11.115,655.630,1140,-5,14,0,0,1,0,0,1,0,0,0
2026-03-27 21:32:11.227,655.741,1140,-5,14,0,0,1,0,0,1,0,0,0
2026-03-27 21:32:11.356,655.870,1140,-5,14,0,0,1,0,0,1,0,0,0
2026-03-27 21:32:11.451,655.965,1140,-5,14,0,0,1,0,0,1,0,0,0
2026-03-27 21:32:11.531,656.045,1140,-5,14,0,0,1,0,0,1,0,0,0
2026-03-27 21:32:11.676,656.190,1139,-6,14,0,0,1,0,0,1,0,0,0
2026-03-27 21:32:11.851,656.365,1140,-3,14,0,0,1,0,0,1,0,0,0
2026-03-27 21:32:11.883,656.397,1139,-5,14,0,0,1,0,0,1,0,0,0
2026-03-27 21:32:12.060,656.574,1139,-3,14,0,0,1,0,0,1,0,0,0
2026-03-27 21:32:12.155,656.669,1140,-4,13,0,0,1,0,0,1,0,0,0
2026-03-27 21:32:12.235,656.749,1140,-5,14,0,0,1,0,0,1,0,0,0
2026-03-27 21:32:12.299,656.813,1140,-6,13,0,0,1,0,0,1,0,0,0
2026-03-27 21:32:12.379,656.894,1140,-6,14,0,0,1,0,0,1,0,0,0
2026-03-27 21:32:12.539,657.053,1140,-4,15,0,0,1,0,0,1,0,0,0
2026-03-27 21:32:12.619,657.133,1140,-5,15,0,0,1,0,0,1,0,0,0
2026-03-27 21:32:12.779,657.293,1140,-5,15,0,0,1,0,0,1,0,0,0
2026-03-27 21:32:12.795,657.309,1140,-5,15,0,0,1,0,0,1,0,0,0
2026-03-27 21:32:12.875,657.390,1140,-4,15,0,0,1,0,0,1,0,0,0
2026-03-27 21:32:12.891,657.405,1140,-4,15,0,0,1,0,0,1,0,0,0
2026-03-27 21:32:13.003,657.517,1140,-4,15,0,0,1,0,0,1,0,0,0
2026-03-27 21:32:13.083,657.597,1141,-4,15,0,0,1,0,0,1,0,0,0
2026-03-27 21:32:13.163,657.677,1141,-4,15,0,0,1,0,0,1,0,0,0
2026-03-27 21:32:13.307,657.821,1142,-4,15,0,0,1,0,0,1,0,0,0
2026-03-27 21:32:13.451,657.965,1143,-4,12,0,0,1,0,0,1,0,0,0
2026-03-27 21:32:13.452,657.967,1143,-2,12,0,0,1,0,0,1,0,0,0
2026-03-27 21:32:13.483,657.997,1142,-4,15,0,0,1,0,0,1,0,0,0
2026-03-27 21:32:13.563,658.077,1142,-2,15,0,0,1,0,0,1,0,0,0
2026-03-27 21:32:13.675,658.190,1141,-4,15,0,0,1,0,0,1,0,0,0
2026-03-27 21:32:13.739,658.253,1141,-5,14,0,0,1,0,0,1,0,0,0
2026-03-27 21:32:13.851,658.365,1141,-5,14,0,0,1,0,0,1,0,0,0
2026-03-27 21:32:13.979,658.493,1140,-5,14,0,0,1,0,0,1,0,0,0
2026-03-27 21:32:13.980,658.494,1140,-5,14,0,0,1,0,0,1,0,0,0
2026-03-27 21:32:14.107,658.621,1141,-5,14,0,0,1,0,0,1,0,0,0
2026-03-27 21:32:14.219,658.733,1141,-2,14,0,0,1,0,0,1,0,0,0
2026-03-27 21:32:14.222,658.736,1141,-2,14,0,0,1,0,0,1,0,0,0
2026-03-27 21:32:14.332,658.846,1141,-2,14,0,0,1,0,0,1,0,0,0
2026-03-27 21:32:14.363,658.877,1141,-2,15,0,0,1,0,0,1,0,0,0
2026-03-27 21:32:14.523,659.037,1141,-2,14,0,0,1,0,0,1,0,0,0
2026-03-27 21:32:14.683,659.197,1141,-3,14,0,0,1,0,0,1,0,0,0
2026-03-27 21:32:14.684,659.199,1141,-2,14,0,0,1,0,0,1,0,0,0
2026-03-27 21:32:14.716,659.230,1141,-2,14,0,0,1,0,0,1,0,0,0
2026-03-27 21:32:14.827,659.341,1142,-5,15,0,0,1,0,0,1,0,0,0
2026-03-27 21:32:14.971,659.485,1141,-4,15,0,0,1,0,0,1,0,0,0
2026-03-27 21:32:15.083,659.597,1141,-5,14,0,0,1,0,0,1,0,0,0
2026-03-27 21:32:15.131,659.645,1142,-4,15,0,0,1,0,0,1,0,0,0
2026-03-27 21:32:15.243,659.757,1141,-4,15,0,0,1,0,0,1,0,0,0
2026-03-27 21:32:15.339,659.853,1142,-4,15,0,0,1,0,0,1,0,0,0
2026-03-27 21:32:15.435,659.949,1142,-1,15,0,0,1,0,0,1,0,0,0
2026-03-27 21:32:15.436,659.951,1143,-1,15,0,0,1,0,0,1,0,0,0
2026-03-27 21:32:15.439,659.953,1142,-6,13,0,0,1,0,0,1,0,0,0
2026-03-27 21:32:15.515,660.029,1142,-5,14,0,0,1,0,0,1,0,0,0
2026-03-27 21:32:15.627,660.141,1142,-4,15,0,0,1,0,0,1,0,0,0
2026-03-27 21:32:15.787,660.301,1142,-1,15,0,0,1,0,0,1,0,0,0
2026-03-27 21:32:15.899,660.413,1142,-4,15,0,0,1,0,0,1,0,0,0
2026-03-27 21:32:15.979,660.493,1142,-4,15,0,0,1,0,0,1,0,0,0
2026-03-27 21:32:16.107,660.621,1141,-4,15,0,0,1,0,0,1,0,0,0
2026-03-27 21:32:16.219,660.733,1141,-4,15,0,0,1,0,0,1,0,0,0
2026-03-27 21:32:16.299,660.813,1141,-5,14,0,0,1,0,0,1,0,0,0
2026-03-27 21:32:16.315,660.829,1141,-4,15,0,0,1,0,0,1,0,0,0
2026-03-27 21:32:16.378,660.892,1142,-4,15,0,0,1,0,0,1,0,0,0
2026-03-27 21:32:16.586,661.100,1142,-2,15,0,0,1,0,0,1,0,0,0
2026-03-27 21:32:16.588,661.102,1142,-1,15,0,0,1,0,0,1,0,0,0
2026-03-27 21:32:16.667,661.181,1141,-4,15,0,0,1,0,0,1,0,0,0
2026-03-27 21:32:16.794,661.308,1142,-3,14,0,0,1,0,0,1,0,0,0
2026-03-27 21:32:16.796,661.310,1143,-3,13,0,0,1,0,0,1,0,0,0
2026-03-27 21:32:17.050,661.564,1143,-6,13,0,0,1,0,0,1,0,0,0
2026-03-27 21:32:17.179,661.693,1142,-6,13,0,0,1,0,0,1,0,0,0
2026-03-27 21:32:17.182,661.696,1143,-5,14,0,0,1,0,0,1,0,0,0
2026-03-27 21:32:17.275,661.789,1144,-6,13,0,0,1,0,0,1,0,0,0
2026-03-27 21:32:17.451,661.965,1142,-6,13,0,0,1,0,0,1,0,0,0
2026-03-27 21:32:17.515,662.029,1141,-6,14,0,0,1,0,0,1,0,0,0
2026-03-27 21:32:17.579,662.093,1140,-6,14,0,0,1,0,0,1,0,0,0
2026-03-27 21:32:17.691,662.205,1141,-6,14,0,0,1,0,0,1,0,0,0
2026-03-27 21:32:17.803,662.317,1141,-6,13,0,0,1,0,0,1,0,0,0
2026-03-27 21:32:17.947,662.461,1141,-6,13,0,0,1,0,0,1,0,0,0
2026-03-27 21:32:17.963,662.478,1140,-3,13,0,0,1,0,0,1,0,0,0
2026-03-27 21:32:18.075,662.590,1140,-4,13,0,0,1,0,0,1,0,0,0
2026-03-27 21:32:18.138,662.653,1140,-5,14,0,0,1,0,0,1,0,0,0
2026-03-27 21:32:18.266,662.781,1141,-5,14,0,0,1,0,0,1,0,0,0
2026-03-27 21:32:18.330,662.845,1141,-4,15,0,0,1,0,0,1,0,0,0
2026-03-27 21:32:18.506,663.020,1141,-5,15,0,0,1,0,0,1,0,0,0
2026-03-27 21:32:18.602,663.116,1141,-5,14,0,0,1,0,0,1,0,0,0
2026-03-27 21:32:18.603,663.118,1141,-5,15,0,0,1,0,0,1,0,0,0
2026-03-27 21:32:18.635,663.149,1141,-2,15,0,0,1,0,0,1,0,0,0
2026-03-27 21:32:18.779,663.293,1141,-5,14,0,0,1,0,0,1,0,0,0
2026-03-27 21:32:18.922,663.437,1140,-2,14,0,0,1,0,0,1,0,0,0
2026-03-27 21:32:18.987,663.501,1141,-5,14,0,0,1,0,0,1,0,0,0
2026-03-27 21:32:19.083,663.597,1141,-5,14,0,0,1,0,0,1,0,0,0
2026-03-27 21:32:19.226,663.740,1141,-5,14,0,0,1,0,0,1,0,0,0
2026-03-27 21:32:19.243,663.757,1141,-5,14,0,0,1,0,0,1,0,0,0
2026-03-27 21:32:19.322,663.836,1141,-5,14,0,0,1,0,0,1,0,0,0
2026-03-27 21:32:19.498,664.012,1141,-2,15,0,0,1,0,0,1,0,0,0
2026-03-27 21:32:19.501,664.015,1140,-3,14,0,0,1,0,0,1,0,0,0
2026-03-27 21:32:19.626,664.141,1140,-2,14,0,0,1,0,0,1,0,0,0
2026-03-27 21:32:19.690,664.205,1141,-5,14,0,0,1,0,0,1,0,0,0
2026-03-27 21:32:19.867,664.381,1141,-5,14,0,0,1,0,0,1,0,0,0
2026-03-27 21:32:19.931,664.445,1140,-5,14,0,0,1,0,0,1,0,0,0
2026-03-27 21:32:20.091,664.605,1141,-5,14,0,0,1,0,0,1,0,0,0
2026-03-27 21:32:20.093,664.607,1140,-5,15,0,0,1,0,0,1,0,0,0
2026-03-27 21:32:20.153,664.667,1140,-5,14,0,0,1,0,0,1,0,0,0
2026-03-27 21:32:20.155,664.669,1140,-5,15,0,0,1,0,0,0,0,0,0
2026-03-27 21:32:20.157,664.671,1140,-5,14,0,0,1,0,0,1,0,0,0
2026-03-27 21:32:20.234,664.749,1140,-5,14,0,0,1,0,0,1,0,0,0
2026-03-27 21:32:20.250,664.764,1140,-5,14,0,0,1,0,0,1,0,0,0
2026-03-27 21:32:20.299,664.813,1140,-5,15,0,0,1,0,0,1,0,0,0
2026-03-27 21:32:20.459,664.973,1140,-5,15,0,0,1,0,0,1,0,0,0
2026-03-27 21:32:20.523,665.037,1140,-5,14,0,0,1,0,0,1,0,0,0
2026-03-27 21:32:20.683,665.197,1140,-5,14,0,0,1,0,0,1,0,0,0
2026-03-27 21:32:20.746,665.260,1140,-5,14,0,0,1,0,0,1,0,0,0
2026-03-27 21:32:20.890,665.404,1140,-5,14,0,0,1,0,0,1,0,0,0
2026-03-27 21:32:20.987,665.501,1140,-5,14,0,0,1,0,0,1,0,0,0
2026-03-27 21:32:21.099,665.613,1140,-5,14,0,0,1,0,0,1,0,0,0
2026-03-27 21:32:21.210,665.725,1139,-5,14,0,0,1,0,0,1,0,0,0
2026-03-27 21:32:21.339,665.853,1140,-2,14,0,0,1,0,0,1,0,0,0
2026-03-27 21:32:21.451,665.965,1140,-2,15,0,0,1,0,0,1,0,0,0
2026-03-27 21:32:21.468,665.982,1140,-5,14,0,0,1,0,0,1,0,0,0
2026-03-27 21:32:21.531,666.045,1140,-5,14,0,0,1,0,0,1,0,0,0
2026-03-27 21:32:21.627,666.141,1140,-2,14,0,0,1,0,0,1,0,0,0
2026-03-27 21:32:21.755,666.269,1140,-2,14,0,0,1,0,0,1,0,0,0
2026-03-27 21:32:21.867,666.381,1139,-5,14,0,0,1,0,0,1,0,0,0
2026-03-27 21:32:21.882,666.396,1140,-5,14,0,0,1,0,0,1,0,0,0
2026-03-27 21:32:21.884,666.399,1139,-5,14,0,0,1,0,0,1,0,0,0
2026-03-27 21:32:21.995,666.509,1139,-5,14,0,0,1,0,0,1,0,0,0
2026-03-27 21:32:22.042,666.556,1140,-5,15,0,0,1,0,0,1,0,0,0
2026-03-27 21:32:22.154,666.668,1140,-5,14,0,0,1,0,0,1,0,0,0
2026-03-27 21:32:22.283,666.797,1140,-5,14,0,0,1,0,0,1,0,0,0
2026-03-27 21:32:22.379,666.893,1140,-5,14,0,0,1,0,0,1,0,0,0
2026-03-27 21:32:22.475,666.989,1140,-5,14,0,0,1,0,0,1,0,0,0
2026-03-27 21:32:22.554,667.068,1140,-5,14,0,0,1,0,0,1,0,0,0
2026-03-27 21:32:22.682,667.196,1140,-5,14,0,0,1,0,0,1,0,0,0
2026-03-27 21:32:22.795,667.309,1140,-5,14,0,0,1,0,0,1,0,0,0
2026-03-27 21:32:22.890,667.404,1140,-4,14,0,0,1,0,0,1,0,0,0
2026-03-27 21:32:22.891,667.405,1140,-5,14,0,0,1,0,0,1,0,0,0
2026-03-27 21:32:22.954,667.468,1140,-5,14,0,0,1,0,0,1,0,0,0
2026-03-27 21:32:23.018,667.532,1140,-5,14,0,0,1,0,0,1,0,0,0
2026-03-27 21:32:23.020,667.534,1140,-5,14,0,0,1,0,0,1,0,0,0
2026-03-27 21:32:23.195,667.709,1140,-2,14,0,0,1,0,0,1,0,0,0
2026-03-27 21:32:23.226,667.740,1140,-5,14,0,0,1,0,0,1,0,0,0
2026-03-27 21:32:23.354,667.868,1140,-2,14,0,0,1,0,0,1,0,0,0
2026-03-27 21:32:23.482,667.996,1140,-5,14,0,0,1,0,0,1,0,0,0
2026-03-27 21:32:23.500,668.014,1140,-2,14,0,0,1,0,0,1,0,0,0
2026-03-27 21:32:23.530,668.045,1140,-2,14,0,0,1,0,0,1,0,0,0
2026-03-27 21:32:23.532,668.046,1140,-2,14,0,0,0,0,0,0,0,0,0
2026-03-27 21:32:23.533,668.047,1140,-5,14,0,0,1,0,0,1,0,0,0
2026-03-27 21:32:23.642,668.156,1140,-5,14,0,0,1,0,0,1,0,0,0
2026-03-27 21:32:23.771,668.285,1140,-5,15,0,0,1,0,0,1,0,0,0
2026-03-27 21:32:23.786,668.300,1140,-5,14,0,0,1,0,0,1,0,0,0
2026-03-27 21:32:23.787,668.301,1140,-2,14,0,0,1,0,0,1,0,0,0
2026-03-27 21:32:23.963,668.477,1140,-5,14,0,0,1,0,0,1,0,0,0
2026-03-27 21:32:24.075,668.589,1140,-5,14,0,0,1,0,0,1,0,0,0
2026-03-27 21:32:24.187,668.701,1140,-5,14,0,0,1,0,0,1,0,0,0
2026-03-27 21:32:24.188,668.702,1140,-4,14,0,0,1,0,0,1,0,0,0
2026-03-27 21:32:24.218,668.732,1140,-5,14,0,0,1,0,0,1,0,0,0
2026-03-27 21:32:24.331,668.845,1139,-5,14,0,0,1,0,0,1,0,0,0
2026-03-27 21:32:24.346,668.861,1140,-5,15,0,0,1,0,0,1,0,0,0
2026-03-27 21:32:24.458,668.972,1140,-5,14,0,0,1,0,0,1,0,0,0
2026-03-27 21:32:24.602,669.117,1140,-5,14,0,0,1,0,0,1,0,0,0
2026-03-27 21:32:24.618,669.132,1139,-5,14,0,0,1,0,0,1,0,0,0
2026-03-27 21:32:24.699,669.213,1139,-5,14,0,0,1,0,0,1,0,0,0
2026-03-27 21:32:24.827,669.341,1140,-5,14,0,0,1,0,0,1,0,0,0
2026-03-27 21:32:24.874,669.388,1140,-5,14,0,0,1,0,0,1,0,0,0
2026-03-27 21:32:24.971,669.485,1139,-5,14,0,0,1,0,0,1,0,0,0
2026-03-27 21:32:25.050,669.564,1140,-5,15,0,0,1,0,0,1,0,0,0
2026-03-27 21:32:25.052,669.566,1140,-5,14,0,0,1,0,0,1,0,0,0
2026-03-27 21:32:25.163,669.677,1139,-2,14,0,0,1,0,0,1,0,0,0
2026-03-27 21:32:25.339,669.853,1139,-2,15,0,0,1,0,0,1,0,0,0
2026-03-27 21:32:25.466,669.980,1140,-2,15,0,0,1,0,0,1,0,0,0
2026-03-27 21:32:25.482,669.997,1140,-2,15,0,0,1,0,0,1,0,0,0
2026-03-27 21:32:25.530,670.045,1140,-2,15,0,0,1,0,0,1,0,0,0
2026-03-27 21:32:25.626,670.140,1141,-4,15,0,0,1,0,0,1,0,0,0
2026-03-27 21:32:25.690,670.205,1140,-5,15,0,0,1,0,0,1,0,0,0
2026-03-27 21:32:25.786,670.300,1140,-4,15,0,0,1,0,0,1,0,0,0
2026-03-27 21:32:26.074,670.588,1140,-4,15,0,0,1,0,0,1,0,0,0
2026-03-27 21:32:26.186,670.700,1140,-5,15,0,0,1,0,0,1,0,0,0
2026-03-27 21:32:26.298,670.813,1140,-5,15,0,0,1,0,0,1,0,0,0
2026-03-27 21:32:26.394,670.908,1140,-5,14,0,0,1,0,0,1,0,0,0
2026-03-27 21:32:26.506,671.020,1140,-5,14,0,0,1,0,0,1,0,0,0
2026-03-27 21:32:26.618,671.133,1140,-5,14,0,0,1,0,0,1,0,0,0
2026-03-27 21:32:26.621,671.135,1139,-3,14,0,0,1,0,0,1,0,0,0
2026-03-27 21:32:26.746,671.260,1140,-3,14,0,0,1,0,0,1,0,0,0
2026-03-27 21:32:26.842,671.356,1140,-5,14,0,0,1,0,0,1,0,0,0
2026-03-27 21:32:26.970,671.484,1140,-6,13,0,0,1,0,0,1,0,0,0
2026-03-27 21:32:26.987,671.501,1139,-3,13,0,0,1,0,0,1,0,0,0
2026-03-27 21:32:27.083,671.597,1139,-3,13,0,0,1,0,0,1,0,0,0
2026-03-27 21:32:27.227,671.741,1139,-3,13,0,0,1,0,0,1,0,0,0
2026-03-27 21:32:27.323,671.837,1139,-5,14,0,0,1,0,0,1,0,0,0
2026-03-27 21:32:27.467,671.981,1139,-5,14,0,0,1,0,0,1,0,0,0
2026-03-27 21:32:27.531,672.045,1140,-5,14,0,0,1,0,0,1,0,0,0
2026-03-27 21:32:27.626,672.140,1140,-5,14,0,0,1,0,0,1,0,0,0
2026-03-27 21:32:27.706,672.221,1139,-2,14,0,0,1,0,0,1,0,0,0
2026-03-27 21:32:27.708,672.222,1139,-2,14,0,0,1,0,0,1,0,0,0
2026-03-27 21:32:27.802,672.317,1140,-2,14,0,0,1,0,0,1,0,0,0
2026-03-27 21:32:27.931,672.445,1140,-5,14,0,0,1,0,0,1,0,0,0
2026-03-27 21:32:28.010,672.524,1140,-3,14,0,0,1,0,0,1,0,0,0
2026-03-27 21:32:28.011,672.526,1140,-2,14,0,0,1,0,0,1,0,0,0
2026-03-27 21:32:28.027,672.541,1140,-2,14,0,0,1,0,0,1,0,0,0
2026-03-27 21:32:28.122,672.636,1139,-2,14,0,0,1,0,0,1,0,0,0
2026-03-27 21:32:28.219,672.733,1140,-2,14,0,0,1,0,0,1,0,0,0
2026-03-27 21:32:28.363,672.877,1140,-2,14,0,0,1,0,0,1,0,0,0
2026-03-27 21:32:28.394,672.908,1140,-5,14,0,0,1,0,0,1,0,0,0
2026-03-27 21:32:28.409,672.923,1140,-3,14,0,0,1,0,0,1,0,0,0
2026-03-27 21:32:28.523,673.037,1141,-2,14,0,0,1,0,0,1,0,0,0
2026-03-27 21:32:28.618,673.132,1140,-5,14,0,0,1,0,0,1,0,0,0
2026-03-27 21:32:28.730,673.244,1140,-5,14,0,0,1,0,0,1,0,0,0
2026-03-27 21:32:28.874,673.388,1139,-2,11,0,0,1,0,0,1,0,0,0
2026-03-27 21:32:28.906,673.420,1139,-2,14,0,0,1,0,0,1,0,0,0
2026-03-27 21:32:29.050,673.564,1140,-2,14,0,0,1,0,0,1,0,0,0
2026-03-27 21:32:29.098,673.612,1140,-5,14,0,0,1,0,0,1,0,0,0
2026-03-27 21:32:29.242,673.756,1140,-5,14,0,0,1,0,0,1,0,0,0
2026-03-27 21:32:29.354,673.868,1140,-5,14,0,0,1,0,0,1,0,0,0
2026-03-27 21:32:29.418,673.932,1140,-5,14,0,0,1,0,0,1,0,0,0
2026-03-27 21:32:29.578,674.093,1139,-5,14,0,0,1,0,0,1,0,0,0
2026-03-27 21:32:29.581,674.095,1140,-5,14,0,0,1,0,0,1,0,0,0
2026-03-27 21:32:29.626,674.140,1140,-5,14,0,0,1,0,0,1,0,0,0
2026-03-27 21:32:29.771,674.285,1139,-2,14,0,0,1,0,0,1,0,0,0
2026-03-27 21:32:29.850,674.364,1140,-5,14,0,0,1,0,0,1,0,0,0
2026-03-27 21:32:30.042,674.556,1140,-2,14,0,0,1,0,0,1,0,0,0
2026-03-27 21:32:30.043,674.558,1141,-5,14,0,0,1,0,0,1,0,0,0
2026-03-27 21:32:30.058,674.572,1140,-5,14,0,0,1,0,0,1,0,0,0
2026-03-27 21:32:30.060,674.574,1140,-5,14,0,0,1,0,0,1,0,0,0
2026-03-27 21:32:30.153,674.668,1140,-5,14,0,0,1,0,0,1,0,0,0
2026-03-27 21:32:30.155,674.669,1140,-5,14,0,0,1,0,0,1,0,0,0
2026-03-27 21:32:30.250,674.764,1140,-5,14,0,0,1,0,0,1,0,0,0
2026-03-27 21:32:30.251,674.765,1140,-5,14,0,0,1,0,0,1,0,0,0
2026-03-27 21:32:30.298,674.812,1140,-5,14,0,0,1,0,0,1,0,0,0
2026-03-27 21:32:30.315,674.829,1140,-2,14,0,0,1,0,0,1,0,0,0
2026-03-27 21:32:30.426,674.941,1140,-2,14,0,0,1,0,0,1,0,0,0
2026-03-27 21:32:30.491,675.005,1141,-5,14,0,0,1,0,0,1,0,0,0
2026-03-27 21:32:30.650,675.164,1140,-5,14,0,0,1,0,0,1,0,0,0
2026-03-27 21:32:30.666,675.180,1140,-5,14,0,0,1,0,0,1,0,0,0
2026-03-27 21:32:30.667,675.181,1140,-5,14,0,0,1,0,0,1,0,0,0
2026-03-27 21:32:30.714,675.228,1140,-5,14,0,0,1,0,0,1,0,0,0
2026-03-27 21:32:30.762,675.276,1140,-5,15,0,0,1,0,0,1,0,0,0
2026-03-27 21:32:30.763,675.277,1140,-5,14,0,0,1,0,0,1,0,0,0
2026-03-27 21:32:30.954,675.468,1140,-5,14,0,0,1,0,0,1,0,0,0
2026-03-27 21:32:31.050,675.564,1140,-5,14,0,0,1,0,0,1,0,0,0
2026-03-27 21:32:31.162,675.676,1140,-2,15,0,0,1,0,0,1,0,0,0
2026-03-27 21:32:31.209,675.723,1140,-5,14,0,0,1,0,0,1,0,0,0
2026-03-27 21:32:31.306,675.820,1140,-2,14,0,0,1,0,0,1,0,0,0
2026-03-27 21:32:31.308,675.822,1140,-2,15,0,0,1,0,0,1,0,0,0
2026-03-27 21:32:31.386,675.900,1140,-5,14,0,0,1,0,0,1,0,0,0
2026-03-27 21:32:31.387,675.901,1140,-5,14,0,0,1,0,0,1,0,0,0
2026-03-27 21:32:31.529,676.044,1140,-5,14,0,0,1,0,0,1,0,0,0
2026-03-27 21:32:31.531,676.045,1140,-5,14,0,0,1,0,0,1,0,0,0
2026-03-27 21:32:31.534,676.048,1140,-5,14,0,0,1,0,0,1,0,0,0
2026-03-27 21:32:31.626,676.141,1140,-5,14,0,0,1,0,0,1,0,0,0
2026-03-27 21:32:31.642,676.157,1140,-5,14,0,0,1,0,0,1,0,0,0
2026-03-27 21:32:31.834,676.348,1140,-5,14,0,0,1,0,0,1,0,0,0
2026-03-27 21:32:31.837,676.351,1140,-5,15,0,0,1,0,0,1,0,0,0
2026-03-27 21:32:32.170,676.684,1140,-5,14,0,0,1,0,0,1,0,0,0
2026-03-27 21:32:32.234,676.748,1140,-2,14,0,0,1,0,0,1,0,0,0
2026-03-27 21:32:32.237,676.751,1140,-5,14,0,0,1,0,0,1,0,0,0
2026-03-27 21:32:32.314,676.828,1140,-5,14,0,0,1,0,0,1,0,0,0
2026-03-27 21:32:32.316,676.831,1140,-5,14,0,0,1,0,0,1,0,0,0
2026-03-27 21:32:32.427,676.941,1140,-5,15,0,0,1,0,0,1,0,0,0
2026-03-27 21:32:32.458,676.972,1140,-5,15,0,0,1,0,0,1,0,0,0
2026-03-27 21:32:32.570,677.084,1140,-5,14,0,0,1,0,0,1,0,0,0
2026-03-27 21:32:32.714,677.228,1140,-5,14,0,0,1,0,0,1,0,0,0
2026-03-27 21:32:32.715,677.230,1140,-5,15,0,0,1,0,0,1,0,0,0
2026-03-27 21:32:32.777,677.292,1140,-5,14,0,0,1,0,0,1,0,0,0
2026-03-27 21:32:32.780,677.294,1140,-4,14,0,0,1,0,0,1,0,0,0
2026-03-27 21:32:32.858,677.372,1140,-5,15,0,0,1,0,0,1,0,0,0
2026-03-27 21:32:32.859,677.373,1140,-5,14,0,0,1,0,0,1,0,0,0
2026-03-27 21:32:32.970,677.484,1140,-5,14,0,0,1,0,0,1,0,0,0
2026-03-27 21:32:33.146,677.660,1140,-2,14,0,0,1,0,0,1,0,0,0
2026-03-27 21:32:33.209,677.723,1141,-5,14,0,0,1,0,0,1,0,0,0
2026-03-27 21:32:33.227,677.741,1141,-5,14,0,0,1,0,0,1,0,0,0
2026-03-27 21:32:33.354,677.868,1140,-5,14,0,0,1,0,0,1,0,0,0
2026-03-27 21:32:33.450,677.964,1140,-5,15,0,0,1,0,0,1,0,0,0
2026-03-27 21:32:33.481,677.995,1140,-5,14,0,0,1,0,0,1,0,0,0
2026-03-27 21:32:33.498,678.012,1140,-5,14,0,0,1,0,0,1,0,0,0
2026-03-27 21:32:33.834,678.348,1141,-5,14,0,0,1,0,0,1,0,0,0
2026-03-27 21:32:33.931,678.445,1141,-5,14,0,0,1,0,0,1,0,0,0
2026-03-27 21:32:34.010,678.524,1140,-5,14,0,0,1,0,0,1,0,0,0
2026-03-27 21:32:34.138,678.652,1140,-5,14,0,0,1,0,0,1,0,0,0
2026-03-27 21:32:34.139,678.653,1140,-5,15,0,0,1,0,0,1,0,0,0
2026-03-27 21:32:34.219,678.733,1140,-5,14,0,0,1,0,0,1,0,0,0
2026-03-27 21:32:34.298,678.812,1140,-5,14,0,0,1,0,0,1,0,0,0
2026-03-27 21:32:34.300,678.814,1140,-2,14,0,0,1,0,0,1,0,0,0
2026-03-27 21:32:34.459,678.973,1140,-2,14,0,0,1,0,0,1,0,0,0
2026-03-27 21:32:34.537,679.051,1140,-5,14,0,0,1,0,0,1,0,0,0
2026-03-27 21:32:34.602,679.116,1138,-5,14,0,0,1,0,0,1,0,0,0
2026-03-27 21:32:34.618,679.132,1140,-2,14,0,0,1,0,0,1,0,0,0
2026-03-27 21:32:34.762,679.276,1140,-2,14,0,0,1,0,0,1,0,0,0
2026-03-27 21:32:34.778,679.292,1140,-5,14,0,0,1,0,0,1,0,0,0
2026-03-27 21:32:34.906,679.420,1140,-5,14,0,0,1,0,0,1,0,0,0
2026-03-27 21:32:34.938,679.452,1139,-3,14,0,0,1,0,0,1,0,0,0
2026-03-27 21:32:35.114,679.628,1140,-5,14,0,0,1,0,0,1,0,0,0
2026-03-27 21:32:35.210,679.724,1140,-2,14,0,0,1,0,0,1,0,0,0
2026-03-27 21:32:35.307,679.821,1140,-2,14,0,0,1,0,0,1,0,0,0
2026-03-27 21:32:35.418,679.932,1139,-5,14,0,0,1,0,0,1,0,0,0
2026-03-27 21:32:35.562,680.076,1139,-5,14,0,0,1,0,0,1,0,0,0
2026-03-27 21:32:35.642,680.156,1139,-2,14,0,0,1,0,0,1,0,0,0
2026-03-27 21:32:35.644,680.158,1139,-5,14,0,0,1,0,0,1,0,0,0
2026-03-27 21:32:35.674,680.189,1139,-5,14,0,0,1,0,0,1,0,0,0
2026-03-27 21:32:35.898,680.412,1139,-5,14,0,0,1,0,0,1,0,0,0
2026-03-27 21:32:35.946,680.460,1139,-5,14,0,0,1,0,0,1,0,0,0
2026-03-27 21:32:36.026,680.540,1139,-5,14,0,0,1,0,0,1,0,0,0
2026-03-27 21:32:36.170,680.685,1140,-5,14,0,0,1,0,0,1,0,0,0
2026-03-27 21:32:36.314,680.828,1139,-5,14,0,0,1,0,0,1,0,0,0
2026-03-27 21:32:36.331,680.845,1139,-5,14,0,0,1,0,0,1,0,0,0
2026-03-27 21:32:36.458,680.972,1139,-5,14,0,0,1,0,0,1,0,0,0
2026-03-27 21:32:36.459,680.974,1139,-5,14,0,0,1,0,0,1,0,0,0
2026-03-27 21:32:36.570,681.084,1139,-5,14,0,0,1,0,0,1,0,0,0
2026-03-27 21:32:36.697,681.211,1139,-5,14,0,0,1,0,0,1,0,0,0
2026-03-27 21:32:36.793,681.307,1139,-2,14,0,0,1,0,0,1,0,0,0
2026-03-27 21:32:36.809,681.323,1139,-5,14,0,0,1,0,0,1,0,0,0
2026-03-27 21:32:36.906,681.420,1139,-5,14,0,0,1,0,0,1,0,0,0
2026-03-27 21:32:37.018,681.532,1139,-5,14,0,0,1,0,0,1,0,0,0
2026-03-27 21:32:37.019,681.533,1140,-5,14,0,0,1,0,0,1,0,0,0
2026-03-27 21:32:37.130,681.645,1139,-5,14,0,0,1,0,0,1,0,0,0
2026-03-27 21:32:37.178,681.692,1139,-2,14,0,0,1,0,0,1,0,0,0
2026-03-27 21:32:37.321,681.835,1140,-6,14,0,0,1,0,0,1,0,0,0
2026-03-27 21:32:37.338,681.852,1140,-5,14,0,0,1,0,0,1,0,0,0
2026-03-27 21:32:37.418,681.932,1140,-5,14,0,0,1,0,0,1,0,0,0
2026-03-27 21:32:37.561,682.075,1140,-2,14,0,0,1,0,0,1,0,0,0
2026-03-27 21:32:37.563,682.077,1140,-2,15,0,0,1,0,0,1,0,0,0
2026-03-27 21:32:37.641,682.155,1140,-2,14,0,0,1,0,0,1,0,0,0
2026-03-27 21:32:37.642,682.157,1140,-2,14,0,0,1,0,0,1,0,0,0
2026-03-27 21:32:37.769,682.284,1139,-5,15,0,0,1,0,0,1,0,0,0
2026-03-27 21:32:37.898,682.412,1139,-5,14,0,0,1,0,0,1,0,0,0
2026-03-27 21:32:38.026,682.540,1139,-5,15,0,0,1,0,0,1,0,0,0
2026-03-27 21:32:38.042,682.556,1139,-4,15,0,0,1,0,0,1,0,0,0
2026-03-27 21:32:38.121,682.636,1139,-4,15,0,0,1,0,0,1,0,0,0
2026-03-27 21:32:38.249,682.764,1139,-4,15,0,0,1,0,0,1,0,0,0
2026-03-27 21:32:38.251,682.765,1140,-2,15,0,0,1,0,0,1,0,0,0
2026-03-27 21:32:38.378,682.892,1140,-5,14,0,0,1,0,0,1,0,0,0
2026-03-27 21:32:38.441,682.955,1139,-5,14,0,0,1,0,0,1,0,0,0
2026-03-27 21:32:38.458,682.972,1140,-5,14,0,0,1,0,0,1,0,0,0
2026-03-27 21:32:38.585,683.100,1139,-6,13,0,0,1,0,0,1,0,0,0
2026-03-27 21:32:38.601,683.116,1139,-6,14,0,0,1,0,0,1,0,0,0
2026-03-27 21:32:38.633,683.147,1139,-6,13,0,0,1,0,0,1,0,0,0
2026-03-27 21:32:38.649,683.164,1139,-6,13,0,0,1,0,0,1,0,0,0
2026-03-27 21:32:38.793,683.307,1139,-6,13,0,0,1,0,0,1,0,0,0
2026-03-27 21:32:38.796,683.310,1139,-3,13,0,0,1,0,0,1,0,0,0
2026-03-27 21:32:38.922,683.436,1140,-3,13,0,0,1,0,0,1,0,0,0
2026-03-27 21:32:38.923,683.437,1140,-6,13,0,0,0,0,0,1,0,0,0
2026-03-27 21:32:38.985,683.499,1140,-6,13,0,0,1,0,0,1,0,0,0
2026-03-27 21:32:38.986,683.501,1140,-6,13,0,0,1,0,0,1,0,0,0
2026-03-27 21:32:39.129,683.643,1140,-6,13,0,0,1,0,0,1,0,0,0
2026-03-27 21:32:39.226,683.740,1140,-6,13,0,0,1,0,0,1,0,0,0
2026-03-27 21:32:39.353,683.867,1140,-6,13,0,0,1,0,0,1,0,0,0
2026-03-27 21:32:39.466,683.980,1140,-6,13,0,0,1,0,0,1,0,0,0
2026-03-27 21:32:39.545,684.059,1139,-6,13,0,0,1,0,0,1,0,0,0
2026-03-27 21:32:39.706,684.220,1140,-6,13,0,0,1,0,0,1,0,0,0
2026-03-27 21:32:39.723,684.237,1139,-6,13,0,0,1,0,0,1,0,0,0
2026-03-27 21:32:39.897,684.412,1140,-3,13,0,0,1,0,0,1,0,0,0
2026-03-27 21:32:39.945,684.459,1140,-3,13,0,0,1,0,0,1,0,0,0
2026-03-27 21:32:40.073,684.587,1140,-6,13,0,0,1,0,0,1,0,0,0
2026-03-27 21:32:40.153,684.667,1140,-6,13,0,0,1,0,0,1,0,0,0
2026-03-27 21:32:40.250,684.764,1140,-3,13,0,0,1,0,0,1,0,0,0
2026-03-27 21:32:40.394,684.908,1139,-6,13,0,0,1,0,0,1,0,0,0
2026-03-27 21:32:40.490,685.004,1139,-3,13,0,0,1,0,0,1,0,0,0
2026-03-27 21:32:40.634,685.148,1140,-6,13,0,0,1,0,0,1,0,0,0
2026-03-27 21:32:40.650,685.164,1140,-3,13,0,0,1,0,0,1,0,0,0
2026-03-27 21:32:40.764,685.278,1140,-6,13,0,0,1,0,0,1,0,0,0
2026-03-27 21:32:40.858,685.372,1140,-6,13,0,0,1,0,0,1,0,0,0
2026-03-27 21:32:41.050,685.564,1140,-6,13,0,0,1,0,0,1,0,0,0
2026-03-27 21:32:41.130,685.644,1140,-6,13,0,0,1,0,0,1,0,0,0
2026-03-27 21:32:41.210,685.724,1142,-6,13,0,0,1,0,0,1,0,0,0
2026-03-27 21:32:41.305,685.819,1140,-3,13,0,0,1,0,0,1,0,0,0
2026-03-27 21:32:41.433,685.947,1140,-6,13,0,0,1,0,0,1,0,0,0
2026-03-27 21:32:41.434,685.948,1140,-5,13,0,0,1,0,0,1,0,0,0
2026-03-27 21:32:41.497,686.011,1140,-6,14,0,0,1,0,0,1,0,0,0
2026-03-27 21:32:41.674,686.188,1140,-6,14,0,0,1,0,0,1,0,0,0
2026-03-27 21:32:41.785,686.299,1140,-4,13,0,0,1,0,0,1,0,0,0
2026-03-27 21:32:41.801,686.315,1140,-3,13,0,0,1,0,0,1,0,0,0
2026-03-27 21:32:41.945,686.459,1140,-6,13,0,0,1,0,0,1,0,0,0
2026-03-27 21:32:42.041,686.555,1140,-6,14,0,0,1,0,0,1,0,0,0
2026-03-27 21:32:42.169,686.683,1140,-6,14,0,0,1,0,0,1,0,0,0
2026-03-27 21:32:42.170,686.684,1140,-6,13,0,0,1,0,0,1,0,0,0
2026-03-27 21:32:42.218,686.732,1140,-3,14,0,0,1,0,0,1,0,0,0
2026-03-27 21:32:42.330,686.844,1140,-3,14,0,0,1,0,0,1,0,0,0
2026-03-27 21:32:42.473,686.987,1140,-5,14,0,0,1,0,0,1,0,0,0
2026-03-27 21:32:42.570,687.084,1140,-5,14,0,0,1,0,0,1,0,0,0
2026-03-27 21:32:42.681,687.196,1140,-5,14,0,0,1,0,0,1,0,0,0
2026-03-27 21:32:42.809,687.323,1140,-5,14,0,0,1,0,0,1,0,0,0
2026-03-27 21:32:42.825,687.339,1140,-5,14,0,0,1,0,0,1,0,0,0
2026-03-27 21:32:42.826,687.340,1140,0,0,0,0,0,0,0,0,0,0,0
2026-03-27 21:32:42.827,687.342,1140,-6,14,0,0,1,0,0,1,0,0,0
2026-03-27 21:32:42.937,687.451,1140,-5,14,0,0,1,0,0,1,0,0,0
2026-03-27 21:32:42.970,687.484,1139,-3,14,0,0,1,0,0,1,0,0,0
2026-03-27 21:32:43.161,687.675,1139,-5,13,0,0,1,0,0,1,0,0,0
2026-03-27 21:32:43.193,687.707,1139,-6,14,0,0,1,0,0,1,0,0,0
2026-03-27 21:32:43.210,687.724,1139,-6,13,0,0,1,0,0,1,0,0,0
2026-03-27 21:32:43.212,687.726,11,0,0,0,0,1,0,0,1,0,0,0
2026-03-27 21:32:43.353,687.867,1139,-6,14,0,0,1,0,0,1,0,0,0
2026-03-27 21:32:43.369,687.883,1140,-6,13,0,0,1,0,0,1,0,0,0
2026-03-27 21:32:43.418,687.932,1140,-6,14,0,0,1,0,0,1,0,0,0
2026-03-27 21:32:43.529,688.044,1140,-6,13,0,0,1,0,0,1,0,0,0
2026-03-27 21:32:43.674,688.188,1140,-6,14,0,0,1,0,0,1,0,0,0
2026-03-27 21:32:43.689,688.204,1140,-5,14,0,0,1,0,0,1,0,0,0
2026-03-27 21:32:43.753,688.267,1139,-6,14,0,0,1,0,0,1,0,0,0
2026-03-27 21:32:43.865,688.379,1140,-6,14,0,0,1,0,0,1,0,0,0
2026-03-27 21:32:43.962,688.476,1140,-5,14,0,0,1,0,0,1,0,0,0
2026-03-27 21:32:44.170,688.684,1139,-5,14,0,0,1,0,0,1,0,0,0
2026-03-27 21:32:44.249,688.763,1140,-3,14,0,0,1,0,0,1,0,0,0
2026-03-27 21:32:44.251,688.765,1140,-3,14,0,0,1,0,0,1,0,0,0
2026-03-27 21:32:44.297,688.811,1140,-5,14,0,0,1,0,0,1,0,0,0
2026-03-27 21:32:44.299,688.813,1140,-5,14,0,0,1,0,0,1,0,0,0
2026-03-27 21:32:44.473,688.988,1140,-5,14,0,0,1,0,0,1,0,0,0
2026-03-27 21:32:44.520,689.035,1140,-5,14,0,0,1,0,0,1,0,0,0
2026-03-27 21:32:44.522,689.036,1140,-5,14,0,0,1,0,0,1,0,0,0
2026-03-27 21:32:44.633,689.147,1140,-5,14,0,0,1,0,0,1,0,0,0
2026-03-27 21:32:44.762,689.276,1140,-5,14,0,0,1,0,0,1,0,0,0
2026-03-27 21:32:44.825,689.339,1140,-5,14,0,0,1,0,0,1,0,0,0
2026-03-27 21:32:44.841,689.356,1140,-5,14,0,0,1,0,0,1,0,0,0
2026-03-27 21:32:44.905,689.419,1140,-2,14,0,0,1,0,0,1,0,0,0
2026-03-27 21:32:44.908,689.422,1140,-2,11,0,0,1,0,0,1,0,0,0
2026-03-27 21:32:45.018,689.532,1140,-2,14,0,0,1,0,0,1,0,0,0
2026-03-27 21:32:45.097,689.611,1140,-5,14,0,0,1,0,0,1,0,0,0
2026-03-27 21:32:45.099,689.613,1141,-5,14,0,0,1,0,0,1,0,0,0
2026-03-27 21:32:45.193,689.707,1141,-5,14,0,0,1,0,0,1,0,0,0
2026-03-27 21:32:45.195,689.709,1139,-5,14,0,0,1,0,0,1,0,0,0
2026-03-27 21:32:45.306,689.820,1140,-5,14,0,0,1,0,0,1,0,0,0
2026-03-27 21:32:45.434,689.948,1140,-5,14,0,0,1,0,0,1,0,0,0
2026-03-27 21:32:45.449,689.963,1140,-2,14,0,0,1,0,0,1,0,0,0
2026-03-27 21:32:45.514,690.028,1140,-3,14,0,0,1,0,0,1,0,0,0
2026-03-27 21:32:45.561,690.075,1140,-3,14,0,0,1,0,0,1,0,0,0
2026-03-27 21:32:45.641,690.155,1140,-2,14,0,0,1,0,0,1,0,0,0
2026-03-27 21:32:45.754,690.268,1139,-6,14,0,0,1,0,0,1,0,0,0
2026-03-27 21:32:45.882,690.396,1139,-3,14,0,0,1,0,0,1,0,0,0
2026-03-27 21:32:45.977,690.491,1139,-6,14,0,0,1,0,0,1,0,0,0
2026-03-27 21:32:46.057,690.571,1139,-5,14,0,0,1,0,0,1,0,0,0
2026-03-27 21:32:46.201,690.716,1140,-5,14,0,0,1,0,0,1,0,0,0
2026-03-27 21:32:46.457,690.971,1139,-5,14,0,0,1,0,0,1,0,0,0
2026-03-27 21:32:46.489,691.003,1140,-3,14,0,0,1,0,0,1,0,0,0
2026-03-27 21:32:46.618,691.132,1139,-6,13,0,0,1,0,0,1,0,0,0
2026-03-27 21:32:46.697,691.211,1139,-2,14,0,0,1,0,0,1,0,0,0
2026-03-27 21:32:46.777,691.291,1140,-5,14,0,0,1,0,0,1,0,0,0
2026-03-27 21:32:46.889,691.403,1140,-5,14,0,0,1,0,0,1,0,0,0
2026-03-27 21:32:46.890,691.405,1140,-5,14,0,0,1,0,0,1,0,0,0
2026-03-27 21:32:47.017,691.531,1140,-3,14,0,0,1,0,0,1,0,0,0
2026-03-27 21:32:47.145,691.660,1141,-5,14,0,0,1,0,0,1,0,0,0
2026-03-27 21:32:47.209,691.723,1141,-3,14,0,0,1,0,0,1,0,0,0
2026-03-27 21:32:47.211,691.725,1141,-2,14,0,0,1,0,0,1,0,0,0
2026-03-27 21:32:47.305,691.820,1141,-3,14,0,0,1,0,0,1,0,0,0
2026-03-27 21:32:47.416,691.931,1141,-3,14,0,0,1,0,0,1,0,0,0
2026-03-27 21:32:47.433,691.947,1141,-3,14,0,0,1,0,0,1,0,0,0
2026-03-27 21:32:47.577,692.091,1141,-2,14,0,0,1,0,0,1,0,0,0
2026-03-27 21:32:47.865,692.380,1141,-2,14,0,0,1,0,0,1,0,0,0
2026-03-27 21:32:47.867,692.381,1141,-3,14,0,0,1,0,0,1,0,0,0
2026-03-27 21:32:47.929,692.443,1140,-5,14,0,0,1,0,0,1,0,0,0
2026-03-27 21:32:48.009,692.523,1140,-3,14,0,0,1,0,0,1,0,0,0
2026-03-27 21:32:48.217,692.731,1140,-3,14,0,0,1,0,0,1,0,0,0
2026-03-27 21:32:48.265,692.780,1140,-3,13,0,0,1,0,0,1,0,0,0
2026-03-27 21:32:48.346,692.860,1140,-6,13,0,0,1,0,0,1,0,0,0
2026-03-27 21:32:48.505,693.020,1140,-3,13,0,0,1,0,0,1,0,0,0
2026-03-27 21:32:48.633,693.147,1140,-3,13,0,0,1,0,0,1,0,0,0
2026-03-27 21:32:48.745,693.259,1140,-3,14,0,0,1,0,0,1,0,0,0
2026-03-27 21:32:48.857,693.371,1140,-5,13,0,0,1,0,0,1,0,0,0
2026-03-27 21:32:48.953,693.467,1140,-6,13,0,0,1,0,0,1,0,0,0
2026-03-27 21:32:49.097,693.611,1139,-6,13,0,0,1,0,0,1,0,0,0
2026-03-27 21:32:49.161,693.675,1140,-6,13,0,0,1,0,0,1,0,0,0
2026-03-27 21:32:49.322,693.836,1141,-5,13,0,0,1,0,0,1,0,0,0
2026-03-27 21:32:49.417,693.931,1141,-3,13,0,0,1,0,0,1,0,0,0
2026-03-27 21:32:49.528,694.043,1141,-3,14,0,0,1,0,0,1,0,0,0
2026-03-27 21:32:49.530,694.044,1141,-3,13,0,0,1,0,0,1,0,0,0
2026-03-27 21:32:49.641,694.155,1140,-3,13,0,0,1,0,0,1,0,0,0
2026-03-27 21:32:49.689,694.203,1140,-3,13,0,0,1,0,0,1,0,0,0
2026-03-27 21:32:49.848,694.363,1140,-5,13,0,0,1,0,0,1,0,0,0
2026-03-27 21:32:49.850,694.364,1141,-5,13,0,0,1,0,0,1,0,0,0
2026-03-27 21:32:49.992,694.506,1141,-6,14,0,0,1,0,0,1,0,0,0
2026-03-27 21:32:49.994,694.508,1141,-6,14,0,0,1,0,0,1,0,0,0
2026-03-27 21:32:50.089,694.603,1140,-3,14,0,0,1,0,0,1,0,0,0
2026-03-27 21:32:50.169,694.684,1140,-3,13,0,0,1,0,0,1,0,0,0
2026-03-27 21:32:50.249,694.763,1140,-3,13,0,0,1,0,0,1,0,0,0
2026-03-27 21:32:50.361,694.875,1141,-6,14,0,0,1,0,0,1,0,0,0
2026-03-27 21:32:50.425,694.939,1140,-6,13,0,0,1,0,0,1,0,0,0
2026-03-27 21:32:50.649,695.164,1140,-3,13,0,0,1,0,0,1,0,0,0
2026-03-27 21:32:50.777,695.291,1139,-5,14,0,0,1,0,0,1,0,0,0
2026-03-27 21:32:50.873,695.387,1139,-2,14,0,0,1,0,0,1,0,0,0
2026-03-27 21:32:50.970,695.484,1140,-6,14,0,0,1,0,0,1,0,0,0
2026-03-27 21:32:51.049,695.563,1140,-2,13,0,0,1,0,0,1,0,0,0
2026-03-27 21:32:51.177,695.691,1140,-5,14,0,0,1,0,0,1,0,0,0
2026-03-27 21:32:51.241,695.755,1140,-5,12,0,0,1,0,0,1,0,0,0
2026-03-27 21:32:51.321,695.835,1141,-5,14,0,0,1,0,0,1,0,0,0
2026-03-27 21:32:51.497,696.012,1140,-5,14,0,0,1,0,0,1,0,0,0
2026-03-27 21:32:51.529,696.043,1142,-5,14,0,0,1,0,0,1,0,0,0
2026-03-27 21:32:51.673,696.187,1140,-2,14,0,0,1,0,0,1,0,0,0
2026-03-27 21:32:51.833,696.347,1140,-5,14,0,0,1,0,0,1,0,0,0
2026-03-27 21:32:51.944,696.459,1140,-2,14,0,0,1,0,0,1,0,0,0
2026-03-27 21:32:52.057,696.571,1140,-5,14,0,0,1,0,0,1,0,0,0
2026-03-27 21:32:52.185,696.699,1140,-3,14,0,0,1,0,0,1,0,0,0
2026-03-27 21:32:52.233,696.747,1140,-5,14,0,0,1,0,0,1,0,0,0
2026-03-27 21:32:52.234,696.748,1140,-3,14,0,0,1,0,0,1,0,0,0
2026-03-27 21:32:52.345,696.859,1140,-3,14,0,0,1,0,0,1,0,0,0
2026-03-27 21:32:52.425,696.939,1140,-5,13,0,0,1,0,0,1,0,0,0
2026-03-27 21:32:52.584,697.099,1140,-5,14,0,0,1,0,0,1,0,0,0
2026-03-27 21:32:52.665,697.179,1140,-5,14,0,0,1,0,0,1,0,0,0
2026-03-27 21:32:52.809,697.323,1139,-5,14,0,0,1,0,0,1,0,0,0
2026-03-27 21:32:52.889,697.403,1140,-5,14,0,0,1,0,0,1,0,0,0
2026-03-27 21:32:52.953,697.467,1140,-3,14,0,0,1,0,0,1,0,0,0
2026-03-27 21:32:53.096,697.611,1139,-5,14,0,0,1,0,0,1,0,0,0
2026-03-27 21:32:53.098,697.612,1140,-5,14,0,0,1,0,0,1,0,0,0
2026-03-27 21:32:53.289,697.803,1140,-3,14,0,0,1,0,0,1,0,0,0
2026-03-27 21:32:53.369,697.883,1139,-5,13,0,0,1,0,0,1,0,0,0
2026-03-27 21:32:53.481,697.996,1139,-3,13,0,0,1,0,0,1,0,0,0
2026-03-27 21:32:53.497,698.011,1140,-6,14,0,0,1,0,0,1,0,0,0
2026-03-27 21:32:53.498,698.012,1140,-6,14,0,0,1,0,0,1,0,0,0
2026-03-27 21:32:53.688,698.202,1139,-3,13,0,0,1,0,0,1,0,0,0
2026-03-27 21:32:53.736,698.250,1139,-6,13,0,0,1,0,0,1,0,0,0
2026-03-27 21:32:53.752,698.266,1139,-3,13,0,0,1,0,0,1,0,0,0
2026-03-27 21:32:53.865,698.379,1139,-3,14,0,0,1,0,0,1,0,0,0
2026-03-27 21:32:54.008,698.523,1139,-3,13,0,0,1,0,0,1,0,0,0
2026-03-27 21:32:54.010,698.524,1139,-3,14,0,0,1,0,0,1,0,0,0
2026-03-27 21:32:54.025,698.539,1139,-3,14,0,0,1,0,0,1,0,0,0
2026-03-27 21:32:54.073,698.587,1139,-3,14,0,0,1,0,0,1,0,0,0
2026-03-27 21:32:54.232,698.746,1139,-6,13,0,0,1,0,0,1,0,0,0
2026-03-27 21:32:54.234,698.748,1139,-3,14,0,0,1,0,0,1,0,0,0
2026-03-27 21:32:54.345,698.859,1139,-3,14,0,0,1,0,0,1,0,0,0
2026-03-27 21:32:54.409,698.923,1139,-3,13,0,0,1,0,0,1,0,0,0
2026-03-27 21:32:54.537,699.051,1139,-3,13,0,0,1,0,0,1,0,0,0
2026-03-27 21:32:54.553,699.067,1139,-3,14,0,0,1,0,0,1,0,0,0
2026-03-27 21:32:54.665,699.179,1139,-3,13,0,0,1,0,0,1,0,0,0
2026-03-27 21:32:54.667,699.181,1139,-5,13,0,0,1,0,0,1,0,0,0
2026-03-27 21:32:54.745,699.259,1139,-3,14,0,0,1,0,0,1,0,0,0
2026-03-27 21:32:54.825,699.339,1139,-5,13,0,0,1,0,0,1,0,0,0
2026-03-27 21:32:54.969,699.483,1139,-5,13,0,0,1,0,0,1,0,0,0
2026-03-27 21:32:55.049,699.563,1139,-3,14,0,0,1,0,0,1,0,0,0
2026-03-27 21:32:55.160,699.674,1139,-6,14,0,0,1,0,0,1,0,0,0
2026-03-27 21:32:55.177,699.691,1139,-5,14,0,0,1,0,0,1,0,0,0
2026-03-27 21:32:55.257,699.771,1139,-3,14,0,0,1,0,0,1,0,0,0
2026-03-27 21:32:55.274,699.788,1139,-3,14,0,0,1,0,0,1,0,0,0
2026-03-27 21:32:55.353,699.867,1139,-3,14,0,0,1,0,0,1,0,0,0
2026-03-27 21:32:55.513,700.027,1139,-5,14,0,0,1,0,0,1,0,0,0
2026-03-27 21:32:55.625,700.140,1139,-3,14,0,0,1,0,0,1,0,0,0
2026-03-27 21:32:55.721,700.235,1139,-3,14,0,0,1,0,0,1,0,0,0
2026-03-27 21:32:55.816,700.330,1139,-5,11,0,0,1,0,0,1,0,0,0
2026-03-27 21:32:55.960,700.475,1139,-3,14,0,0,1,0,0,1,0,0,0
2026-03-27 21:32:55.977,700.491,1139,-3,14,0,0,1,0,0,1,0,0,0
2026-03-27 21:32:56.088,700.603,1139,-6,14,0,0,1,0,0,1,0,0,0
2026-03-27 21:32:56.217,700.731,1139,-5,14,0,0,1,0,0,1,0,0,0
2026-03-27 21:32:56.297,700.811,1139,-3,14,0,0,1,0,0,1,0,0,0
2026-03-27 21:32:56.376,700.891,1139,-3,14,0,0,1,0,0,1,0,0,0
2026-03-27 21:32:56.505,701.019,1139,-3,13,0,0,1,0,0,1,0,0,0
2026-03-27 21:32:56.617,701.131,1139,-3,14,0,0,1,0,0,1,0,0,0
2026-03-27 21:32:56.744,701.258,1139,-5,14,0,0,1,0,0,1,0,0,0
2026-03-27 21:32:56.824,701.338,1139,-2,14,0,0,1,0,0,1,0,0,0
2026-03-27 21:32:56.888,701.403,1139,-3,14,0,0,1,0,0,1,0,0,0
2026-03-27 21:32:57.017,701.531,1139,-3,14,0,0,1,0,0,1,0,0,0
2026-03-27 21:32:57.176,701.690,1139,-6,14,0,0,1,0,0,1,0,0,0
2026-03-27 21:32:57.209,701.723,1139,-3,14,0,0,1,0,0,1,0,0,0
2026-03-27 21:32:57.210,701.724,1139,-3,14,0,0,1,0,0,1,0,0,0
2026-03-27 21:32:57.337,701.851,1139,-6,14,0,0,1,0,0,1,0,0,0
2026-03-27 21:32:57.400,701.914,1139,-2,14,0,0,1,0,0,1,0,0,0
2026-03-27 21:32:57.592,702.106,1139,-3,14,0,0,1,0,0,1,0,0,0
2026-03-27 21:32:57.594,702.108,1139,-2,14,0,0,1,0,0,1,0,0,0
2026-03-27 21:32:57.625,702.139,1139,-3,14,0,0,1,0,0,1,0,0,0
2026-03-27 21:32:57.689,702.203,1139,-3,14,0,0,1,0,0,1,0,0,0
2026-03-27 21:32:57.785,702.299,1139,-5,14,0,0,1,0,0,1,0,0,0
2026-03-27 21:32:57.801,702.315,1139,-5,14,0,0,1,0,0,1,0,0,0
2026-03-27 21:32:57.865,702.379,1139,-5,13,0,0,1,0,0,1,0,0,0
2026-03-27 21:32:57.866,702.380,1139,-5,14,0,1,0,0,0,0,0,0,0
2026-03-27 21:32:57.867,702.381,1139,-3,14,0,0,1,0,0,1,0,0,0
2026-03-27 21:32:57.961,702.475,1139,-3,14,0,0,1,0,0,1,0,0,0
2026-03-27 21:32:58.072,702.586,1139,-3,14,0,0,1,0,0,1,0,0,0
2026-03-27 21:32:58.137,702.651,1139,-5,14,0,0,1,0,0,1,0,0,0
2026-03-27 21:32:58.217,702.731,1139,-5,14,0,0,1,0,0,1,0,0,0
2026-03-27 21:32:58.328,702.842,1140,-5,14,0,0,1,0,0,1,0,0,0
2026-03-27 21:32:58.329,702.844,1140,-5,14,0,0,1,0,0,1,0,0,0
2026-03-27 21:32:58.440,702.954,1140,-3,14,0,0,1,0,0,1,0,0,0
2026-03-27 21:32:58.505,703.019,1140,-2,14,0,0,1,0,0,1,0,0,0
2026-03-27 21:32:58.507,703.021,1140,-3,14,0,0,1,0,0,1,0,0,0
2026-03-27 21:32:58.648,703.162,1140,-2,14,0,0,1,0,0,1,0,0,0
2026-03-27 21:32:58.713,703.227,1139,-5,14,0,0,1,0,0,1,0,0,0
2026-03-27 21:32:58.889,703.403,1140,-5,14,0,0,1,0,0,1,0,0,0
2026-03-27 21:32:58.920,703.434,1141,-5,14,0,0,1,0,0,1,0,0,0
2026-03-27 21:32:59.065,703.579,1140,-3,14,0,0,1,0,0,1,0,0,0
2026-03-27 21:32:59.112,703.626,1141,-2,14,0,0,1,0,0,1,0,0,0
2026-03-27 21:32:59.272,703.786,1140,-5,14,0,0,1,0,0,1,0,0,0
2026-03-27 21:32:59.384,703.898,1140,-5,14,0,0,1,0,0,1,0,0,0
2026-03-27 21:32:59.464,703.978,1140,-2,14,0,0,1,0,0,1,0,0,0
2026-03-27 21:32:59.528,704.042,1140,-5,14,0,0,1,0,0,1,0,0,0
2026-03-27 21:32:59.721,704.235,1141,-2,14,0,0,1,0,0,1,0,0,0
2026-03-27 21:32:59.737,704.251,1140,-5,14,0,0,1,0,0,1,0,0,0
2026-03-27 21:32:59.800,704.314,1140,-2,14,0,0,1,0,0,1,0,0,0
2026-03-27 21:32:59.944,704.459,1140,-3,14,0,0,1,0,0,1,0,0,0
2026-03-27 21:32:59.962,704.476,1140,-2,14,0,0,1,0,0,1,0,0,0
2026-03-27 21:33:00.073,704.587,1140,-2,14,0,0,1,0,0,1,0,0,0
2026-03-27 21:33:00.121,704.635,1140,-2,14,0,0,1,0,0,1,0,0,0
2026-03-27 21:33:00.264,704.778,1140,-5,14,0,0,1,0,0,1,0,0,0
2026-03-27 21:33:00.328,704.842,1140,-3,13,0,0,1,0,0,1,0,0,0
2026-03-27 21:33:00.441,704.955,1139,-3,14,0,0,1,0,0,1,0,0,0
2026-03-27 21:33:00.536,705.050,1139,-3,14,0,0,1,0,0,1,0,0,0
2026-03-27 21:33:00.585,705.099,1139,-4,12,0,0,1,0,0,1,0,0,0
2026-03-27 21:33:00.713,705.227,1140,-6,13,0,0,1,0,0,1,0,0,0
2026-03-27 21:33:00.776,705.290,1139,-6,13,0,0,1,0,0,1,0,0,0
2026-03-27 21:33:00.841,705.355,1140,-5,14,0,0,1,0,0,1,0,0,0
2026-03-27 21:33:00.858,705.372,1140,-6,14,0,0,1,0,0,1,0,0,0
2026-03-27 21:33:01.001,705.515,1140,-6,14,0,0,1,0,0,1,0,0,0
2026-03-27 21:33:01.064,705.578,1140,-3,14,0,0,1,0,0,1,0,0,0
2026-03-27 21:33:01.066,705.580,1140,-3,14,0,0,1,0,0,1,0,0,0
2026-03-27 21:33:01.160,705.674,1140,-6,14,0,0,1,0,0,1,0,0,0
2026-03-27 21:33:01.321,705.835,1140,-3,13,0,0,1,0,0,1,0,0,0
2026-03-27 21:33:01.368,705.882,1140,-6,13,0,0,1,0,0,1,0,0,0
2026-03-27 21:33:01.384,705.898,1140,-6,13,0,0,1,0,0,1,0,0,0
2026-03-27 21:33:01.496,706.010,1140,-3,13,0,0,1,0,0,1,0,0,0
2026-03-27 21:33:01.608,706.122,1140,-3,13,0,0,1,0,0,1,0,0,0
2026-03-27 21:33:01.737,706.251,1140,-6,13,0,0,1,0,0,1,0,0,0
2026-03-27 21:33:01.816,706.330,1140,-6,14,0,0,1,0,0,1,0,0,0
2026-03-27 21:33:01.992,706.507,1141,-6,14,0,0,1,0,0,1,0,0,0
2026-03-27 21:33:01.994,706.508,1141,-6,14,0,0,1,0,0,1,0,0,0
2026-03-27 21:33:02.104,706.618,1140,-3,14,0,0,1,0,0,1,0,0,0
2026-03-27 21:33:02.121,706.635,1140,-3,14,0,0,1,0,0,1,0,0,0
2026-03-27 21:33:02.201,706.715,1140,-6,14,0,0,1,0,0,1,0,0,0
2026-03-27 21:33:02.312,706.826,1140,-3,14,0,0,1,0,0,1,0,0,0
2026-03-27 21:33:02.313,706.827,1140,-3,14,0,0,1,0,0,1,0,0,0
2026-03-27 21:33:02.393,706.907,1140,-6,14,0,0,1,0,0,1,0,0,0
2026-03-27 21:33:02.601,707.115,1141,-3,14,0,0,1,0,0,1,0,0,0
2026-03-27 21:33:02.616,707.130,1140,-3,14,0,0,1,0,0,1,0,0,0
2026-03-27 21:33:02.681,707.195,1140,-3,14,0,0,1,0,0,1,0,0,0
2026-03-27 21:33:02.809,707.323,1140,-3,14,0,0,1,0,0,1,0,0,0
2026-03-27 21:33:02.811,707.325,1140,-3,14,0,0,1,0,0,1,0,0,0
2026-03-27 21:33:02.921,707.435,1140,-2,14,0,0,1,0,0,1,0,0,0
2026-03-27 21:33:03.032,707.546,1140,-3,14,0,0,1,0,0,1,0,0,0
2026-03-27 21:33:03.192,707.706,1142,-5,14,0,0,1,0,0,1,0,0,0
2026-03-27 21:33:03.304,707.818,1141,-5,14,0,0,1,0,0,1,0,0,0
2026-03-27 21:33:03.336,707.850,1140,-5,14,0,0,1,0,0,1,0,0,0
2026-03-27 21:33:03.337,707.851,1140,-5,14,0,0,1,0,0,1,0,0,0
2026-03-27 21:33:03.512,708.026,1140,-2,14,0,0,1,0,0,1,0,0,0
2026-03-27 21:33:03.592,708.106,1140,-2,14,0,0,1,0,0,1,0,0,0
2026-03-27 21:33:03.594,708.108,1140,-2,14,0,0,1,0,0,1,0,0,0
2026-03-27 21:33:03.672,708.186,1140,-2,14,0,0,1,0,0,1,0,0,0
2026-03-27 21:33:03.688,708.202,1140,-2,15,0,0,1,0,0,1,0,0,0
2026-03-27 21:33:03.690,708.204,1140,-5,14,0,0,1,0,0,1,0,0,0
2026-03-27 21:33:03.753,708.267,1141,-5,14,0,0,1,0,0,1,0,0,0
2026-03-27 21:33:03.848,708.363,1140,-5,14,0,0,1,0,0,1,0,0,0
2026-03-27 21:33:03.850,708.364,1140,-5,14,0,0,1,0,0,1,0,0,0
2026-03-27 21:33:03.864,708.378,1140,-3,14,0,0,1,0,0,1,0,0,0
2026-03-27 21:33:03.960,708.474,1140,-3,14,0,0,1,0,0,1,0,0,0
2026-03-27 21:33:04.041,708.555,1140,-2,14,0,0,1,0,0,1,0,0,0
2026-03-27 21:33:04.200,708.714,1140,-3,14,0,0,1,0,0,1,0,0,0
2026-03-27 21:33:04.297,708.811,1140,-3,14,0,0,1,0,0,1,0,0,0
2026-03-27 21:33:04.392,708.906,1140,-2,14,0,0,1,0,0,1,0,0,0
2026-03-27 21:33:04.409,708.923,1140,-2,14,0,0,1,0,0,1,0,0,0
2026-03-27 21:33:04.504,709.018,1141,-2,14,0,0,1,0,0,1,0,0,0
2026-03-27 21:33:04.617,709.131,1140,-3,14,0,0,1,0,0,1,0,0,0
2026-03-27 21:33:04.619,709.133,1141,-5,14,0,0,1,0,0,1,0,0,0
2026-03-27 21:33:04.632,709.146,1141,-2,14,0,0,1,0,0,1,0,0,0
2026-03-27 21:33:04.712,709.226,1140,-2,14,0,0,1,0,0,1,0,0,0
2026-03-27 21:33:04.713,709.227,1140,-2,14,0,0,1,0,0,1,0,0,0
2026-03-27 21:33:04.824,709.338,1140,-6,14,0,0,1,0,0,1,0,0,0
2026-03-27 21:33:04.984,709.498,1140,-5,14,0,0,1,0,0,1,0,0,0
2026-03-27 21:33:05.032,709.546,1140,-2,14,0,0,1,0,0,1,0,0,0
2026-03-27 21:33:05.193,709.707,1140,-5,14,0,0,1,0,0,1,0,0,0
2026-03-27 21:33:05.288,709.803,1140,-2,14,0,0,1,0,0,1,0,0,0
2026-03-27 21:33:05.400,709.915,1140,-5,14,0,0,1,0,0,1,0,0,0
2026-03-27 21:33:05.418,709.932,1140,-5,14,0,0,1,0,0,1,0,0,0
2026-03-27 21:33:05.592,710.106,1140,-2,14,0,0,1,0,0,1,0,0,0
2026-03-27 21:33:05.672,710.186,1140,-5,14,0,0,1,0,0,1,0,0,0
2026-03-27 21:33:05.785,710.299,1140,-2,14,0,0,1,0,0,1,0,0,0
2026-03-27 21:33:05.816,710.330,1140,-2,14,0,0,1,0,0,1,0,0,0
2026-03-27 21:33:05.818,710.332,1140,-2,14,0,0,1,0,0,1,0,0,0
2026-03-27 21:33:05.944,710.458,1141,-2,14,0,0,1,0,0,1,0,0,0
2026-03-27 21:33:06.007,710.522,1141,-3,14,0,0,1,0,0,1,0,0,0
2026-03-27 21:33:06.009,710.523,1141,-2,14,0,0,1,0,0,1,0,0,0
2026-03-27 21:33:06.152,710.666,1140,-5,14,0,0,1,0,0,1,0,0,0
2026-03-27 21:33:06.169,710.683,1140,-2,14,0,0,1,0,0,1,0,0,0
2026-03-27 21:33:06.328,710.842,1140,-2,14,0,0,1,0,0,1,0,0,0
2026-03-27 21:33:06.330,710.844,1141,-2,14,0,0,1,0,1,0,0,0,0
2026-03-27 21:33:06.343,710.858,1141,-3,14,0,0,1,0,0,1,0,0,0
2026-03-27 21:33:06.361,710.875,1141,-2,14,0,0,1,0,0,1,0,0,0
2026-03-27 21:33:06.568,711.082,1140,-5,14,0,0,1,0,0,1,0,0,0
2026-03-27 21:33:06.632,711.146,1140,-2,14,0,0,1,0,0,1,0,0,0
2026-03-27 21:33:06.696,711.210,1140,-2,14,0,0,1,0,0,1,0,0,0
2026-03-27 21:33:06.744,711.258,1140,-2,14,0,0,1,0,0,1,0,0,0
2026-03-27 21:33:06.937,711.451,1140,-2,14,0,0,1,0,0,1,0,0,0
2026-03-27 21:33:07.048,711.562,1140,-6,14,0,0,1,0,0,1,0,0,0
2026-03-27 21:33:07.096,711.610,1140,-2,14,0,0,1,0,0,1,0,0,0
2026-03-27 21:33:07.257,711.771,1140,-5,14,0,0,1,0,0,1,0,0,0
2026-03-27 21:33:07.288,711.802,1140,-3,14,0,0,1,0,0,1,0,0,0
2026-03-27 21:33:07.432,711.946,1140,-4,13,0,0,1,0,0,1,0,0,0
2026-03-27 21:33:07.496,712.010,1140,-6,13,0,0,1,0,0,1,0,0,0
2026-03-27 21:33:07.656,712.170,1140,-6,13,0,0,1,0,0,1,0,0,0
2026-03-27 21:33:07.784,712.298,1140,-6,13,0,0,1,0,0,1,0,0,0
2026-03-27 21:33:07.815,712.330,1140,-6,13,0,0,1,0,0,1,0,0,0
2026-03-27 21:33:07.817,712.331,1140,-6,13,0,0,1,0,0,1,0,0,0
2026-03-27 21:33:07.944,712.458,1140,-7,13,0,0,1,0,0,1,0,0,0
2026-03-27 21:33:08.040,712.554,1139,-4,13,0,0,1,0,0,1,0,0,0
2026-03-27 21:33:08.137,712.651,1139,-3,13,0,0,1,0,0,1,0,0,0
2026-03-27 21:33:08.264,712.778,1140,-6,13,0,0,1,0,0,1,0,0,0
2026-03-27 21:33:08.360,712.874,1139,-6,13,0,0,1,0,0,1,0,0,0
2026-03-27 21:33:08.424,712.938,1141,-6,13,0,0,1,0,0,1,0,0,0
2026-03-27 21:33:08.440,712.954,1140,-6,13,0,0,1,0,0,1,0,0,0
2026-03-27 21:33:08.568,713.082,1140,-6,13,0,0,1,0,0,1,0,0,0
2026-03-27 21:33:08.760,713.274,1140,-6,13,0,0,1,0,0,1,0,0,0
2026-03-27 21:33:08.824,713.339,1140,-6,13,0,0,1,0,0,1,0,0,0
2026-03-27 21:33:08.887,713.401,1140,-4,13,0,0,1,0,0,1,0,0,0
2026-03-27 21:33:08.889,713.403,1140,-3,13,0,0,1,0,0,1,0,0,0
2026-03-27 21:33:09.016,713.530,1140,-6,13,0,0,1,0,0,1,0,0,0
2026-03-27 21:33:09.111,713.626,1139,-7,13,0,0,1,0,0,1,0,0,0
2026-03-27 21:33:09.113,713.627,1139,-4,13,0,0,1,0,0,1,0,0,0
2026-03-27 21:33:09.304,713.818,1139,-4,13,0,0,1,0,0,1,0,0,0
2026-03-27 21:33:09.384,713.898,1139,-4,13,0,0,1,0,0,1,0,0,0
2026-03-27 21:33:09.448,713.962,1139,-7,13,0,0,1,0,0,1,0,0,0
2026-03-27 21:33:09.576,714.090,1139,-4,13,0,0,1,0,0,1,0,0,0
2026-03-27 21:33:09.688,714.202,1139,-6,13,0,0,1,0,0,1,0,0,0
2026-03-27 21:33:09.800,714.314,1139,-6,13,0,0,1,0,0,1,0,0,0
2026-03-27 21:33:09.912,714.426,1139,-4,13,0,0,1,0,0,1,0,0,0
2026-03-27 21:33:09.976,714.490,1139,-6,13,0,0,1,0,0,1,0,0,0
2026-03-27 21:33:10.056,714.570,1139,-4,13,0,0,1,0,0,1,0,0,0
2026-03-27 21:33:10.057,714.572,1139,-3,13,0,0,1,0,0,1,0,0,0
2026-03-27 21:33:10.059,714.574,1139,-6,13,0,0,1,0,0,1,0,0,0
2026-03-27 21:33:10.200,714.714,1139,-6,13,0,0,1,0,0,1,0,0,0
2026-03-27 21:33:10.360,714.874,1139,-4,13,0,0,1,0,0,1,0,0,0
2026-03-27 21:33:10.424,714.938,1140,-6,13,0,0,1,0,0,1,0,0,0
2026-03-27 21:33:10.426,714.940,1140,-4,13,0,0,1,0,0,1,0,0,0
2026-03-27 21:33:10.744,715.258,1139,-3,13,0,0,1,0,0,1,0,0,0
2026-03-27 21:33:10.856,715.370,1139,-4,13,0,0,1,0,0,1,0,0,0
2026-03-27 21:33:11.032,715.546,1139,-6,13,0,0,1,0,0,1,0,0,0
2026-03-27 21:33:11.035,715.549,1139,-4,13,0,0,1,0,0,1,0,0,0
2026-03-27 21:33:11.096,715.610,1139,-4,13,0,0,1,0,0,1,0,0,0
2026-03-27 21:33:11.159,715.673,1139,-4,13,0,0,1,0,0,1,0,0,0
2026-03-27 21:33:11.176,715.690,1139,-4,13,0,0,1,0,0,1,0,0,0
2026-03-27 21:33:11.271,715.785,1139,-4,13,0,0,1,0,0,1,0,0,0
2026-03-27 21:33:11.273,715.787,1139,-4,13,0,0,1,0,0,1,0,0,0
2026-03-27 21:33:11.275,715.789,1139,-6,13,0,0,1,0,0,1,0,0,0
2026-03-27 21:33:11.384,715.898,1139,-6,12,0,0,1,0,0,1,0,0,0
2026-03-27 21:33:11.528,716.042,1140,-4,13,0,0,1,0,0,1,0,0,0
2026-03-27 21:33:11.639,716.153,1140,-6,13,0,0,1,0,0,1,0,0,0
2026-03-27 21:33:11.655,716.170,1140,-6,13,0,0,1,0,0,1,0,0,0
2026-03-27 21:33:11.736,716.250,1140,-3,13,0,0,1,0,0,1,0,0,0
2026-03-27 21:33:11.848,716.362,1140,-3,13,0,0,1,0,0,1,0,0,0
2026-03-27 21:33:11.992,716.506,1140,-6,13,0,0,1,0,0,1,0,0,0
2026-03-27 21:33:11.994,716.508,1140,-6,13,0,0,1,0,0,1,0,0,0
2026-03-27 21:33:12.056,716.570,1140,-6,13,0,0,1,0,0,1,0,0,0
2026-03-27 21:33:12.168,716.682,1140,-6,13,0,0,1,0,0,1,0,0,0
2026-03-27 21:33:12.231,716.745,1140,-6,13,0,0,1,0,0,1,0,0,0
2026-03-27 21:33:12.234,716.748,1140,-4,13,0,0,1,0,0,1,0,0,0
2026-03-27 21:33:12.312,716.826,1140,-4,13,0,0,1,0,0,1,0,0,0
2026-03-27 21:33:12.455,716.969,1139,-5,13,0,0,1,0,0,1,0,0,0
2026-03-27 21:33:12.567,717.082,1139,-6,13,0,0,1,0,0,1,0,0,0
2026-03-27 21:33:12.585,717.099,1139,-4,13,0,0,1,0,0,1,0,0,0
2026-03-27 21:33:12.616,717.130,1139,-3,13,0,0,1,0,0,1,0,0,0
2026-03-27 21:33:12.618,717.133,1139,-6,13,0,0,1,0,0,1,0,0,0
2026-03-27 21:33:12.776,717.290,1139,-6,13,0,0,1,0,0,1,0,0,0
2026-03-27 21:33:12.871,717.386,1140,-6,13,0,0,1,0,0,1,0,0,0
2026-03-27 21:33:12.984,717.498,1139,-6,13,0,0,1,0,0,1,0,0,0
2026-03-27 21:33:13.127,717.641,1140,-3,13,0,0,1,0,0,1,0,0,0
2026-03-27 21:33:13.144,717.658,1140,-6,13,0,0,1,0,0,1,0,0,0
2026-03-27 21:33:13.175,717.689,1139,-6,13,0,0,1,0,0,1,0,0,0
2026-03-27 21:33:13.320,717.834,1140,-6,13,0,0,1,0,0,1,0,0,0
2026-03-27 21:33:13.368,717.882,1140,-6,13,0,0,1,0,0,1,0,0,0
2026-03-27 21:33:13.479,717.994,1140,-6,13,0,0,1,0,0,1,0,0,0
2026-03-27 21:33:13.544,718.058,1140,-4,13,0,0,1,0,0,1,0,0,0
2026-03-27 21:33:13.719,718.234,1139,-6,13,0,0,1,0,0,1,0,0,0
2026-03-27 21:33:13.767,718.281,1139,-6,13,0,0,1,0,0,1,0,0,0
2026-03-27 21:33:13.895,718.409,1139,-6,13,0,0,1,0,0,1,0,0,0
2026-03-27 21:33:13.896,718.410,1139,-6,13,0,0,1,0,0,1,0,0,0
2026-03-27 21:33:13.975,718.490,1139,-3,14,0,0,1,0,0,1,0,0,0
2026-03-27 21:33:14.151,718.665,1139,-5,14,0,0,1,0,0,1,0,0,0
2026-03-27 21:33:14.391,718.905,1141,-5,14,0,0,1,0,0,1,0,0,0
2026-03-27 21:33:14.407,718.922,1141,-5,14,0,0,1,0,0,1,0,0,0
2026-03-27 21:33:14.471,718.985,1140,-5,14,0,0,1,0,0,1,0,0,0
2026-03-27 21:33:14.473,718.987,1140,-5,14,0,0,1,0,0,1,0,0,0
2026-03-27 21:33:14.599,719.114,1140,-5,14,0,0,1,0,0,1,0,0,0
2026-03-27 21:33:14.727,719.241,1140,-5,14,0,0,1,0,0,1,0,0,0
2026-03-27 21:33:14.823,719.338,1140,-5,14,0,0,1,0,0,1,0,0,0
2026-03-27 21:33:14.967,719.482,1140,-5,14,0,0,1,0,0,1,0,0,0
2026-03-27 21:33:15.095,719.609,1139,-5,14,0,0,1,0,0,1,0,0,0
2026-03-27 21:33:15.097,719.611,1139,-5,14,0,0,1,0,0,1,0,0,0
2026-03-27 21:33:15.159,719.674,1139,-5,14,0,0,1,0,0,1,0,0,0
2026-03-27 21:33:15.239,719.753,1139,-6,13,0,0,1,0,0,1,0,0,0
2026-03-27 21:33:15.240,719.754,1139,-3,13,0,0,1,0,0,1,0,0,0
2026-03-27 21:33:15.335,719.849,1140,-6,13,0,0,1,0,0,1,0,0,0
2026-03-27 21:33:15.336,719.850,1140,-6,13,0,0,1,0,0,1,0,0,0
2026-03-27 21:33:15.512,720.026,1140,-6,13,0,0,1,0,0,1,0,0,0
2026-03-27 21:33:15.514,720.029,1140,-6,13,0,0,1,0,0,1,0,0,0
2026-03-27 21:33:15.591,720.105,1140,-6,13,0,0,1,0,0,1,0,0,0
2026-03-27 21:33:15.593,720.107,1140,-6,13,0,0,1,0,0,1,0,0,0
2026-03-27 21:33:15.672,720.186,1140,-6,13,0,0,1,0,0,1,0,0,0
2026-03-27 21:33:15.673,720.187,1140,-6,13,0,0,1,0,0,1,0,0,0
2026-03-27 21:33:15.687,720.201,1140,-6,13,0,0,1,0,0,1,0,0,0
2026-03-27 21:33:15.832,720.346,1140,-6,13,0,0,1,0,0,1,0,0,0
2026-03-27 21:33:15.849,720.363,1141,-4,13,0,0,1,0,0,1,0,0,0
2026-03-27 21:33:15.896,720.410,1141,-3,13,0,0,1,0,0,1,0,0,0
2026-03-27 21:33:15.959,720.474,1141,-6,13,0,0,1,0,0,1,0,0,0
2026-03-27 21:33:15.962,720.477,1141,-3,13,0,0,1,0,0,1,0,0,0
2026-03-27 21:33:16.039,720.554,1141,-3,13,0,0,1,0,0,1,0,0,0
2026-03-27 21:33:16.151,720.665,1140,-6,13,0,0,1,0,0,1,0,0,0
2026-03-27 21:33:16.248,720.762,1140,-6,13,0,0,1,0,0,1,0,0,0
2026-03-27 21:33:16.535,721.049,1140,-6,13,0,0,1,0,0,1,0,0,0
2026-03-27 21:33:16.552,721.067,1141,-6,13,0,0,1,0,0,1,0,0,0
2026-03-27 21:33:16.648,721.162,1140,-6,14,0,0,1,0,0,1,0,0,0
2026-03-27 21:33:16.727,721.241,1140,-6,13,0,0,1,0,0,1,0,0,0
2026-03-27 21:33:16.919,721.433,1140,-3,13,0,0,1,0,0,1,0,0,0
2026-03-27 21:33:16.999,721.513,1140,-3,13,0,0,1,0,0,1,0,0,0
2026-03-27 21:33:17.127,721.642,1140,-6,13,0,0,1,0,0,1,0,0,0
2026-03-27 21:33:17.175,721.689,1140,-6,13,0,0,1,0,0,1,0,0,0
2026-03-27 21:33:17.272,721.786,1140,-6,13,0,0,1,0,0,1,0,0,0
2026-03-27 21:33:17.383,721.897,1140,-6,13,0,0,1,0,0,1,0,0,0
2026-03-27 21:33:17.384,721.899,1140,-6,13,0,0,1,0,0,1,0,0,0
2026-03-27 21:33:17.386,721.900,0,0,0,0,0,0,0,0,1,0,0,0
2026-03-27 21:33:17.559,722.073,1141,-6,14,0,0,1,0,0,1,0,0,0
2026-03-27 21:33:17.575,722.089,1141,-3,13,0,0,1,0,0,1,0,0,0
2026-03-27 21:33:17.735,722.249,1140,-6,13,0,0,1,0,0,1,0,0,0
2026-03-27 21:33:17.736,722.250,1140,-6,13,0,0,1,0,0,1,0,0,0
2026-03-27 21:33:17.815,722.329,1141,-3,13,0,0,1,0,0,1,0,0,0
2026-03-27 21:33:17.816,722.331,1141,-6,14,0,0,1,0,0,1,0,0,0
2026-03-27 21:33:17.911,722.425,1141,-6,13,0,0,1,0,0,1,0,0,0
2026-03-27 21:33:18.040,722.554,1141,-6,13,0,0,1,0,0,1,0,0,0
2026-03-27 21:33:18.151,722.665,1141,-6,13,0,0,1,0,0,1,0,0,0
2026-03-27 21:33:18.328,722.842,1142,-6,13,0,0,1,0,0,1,0,0,0
2026-03-27 21:33:18.408,722.922,1142,-6,13,0,0,1,0,0,1,0,0,0
2026-03-27 21:33:18.503,723.017,1142,-5,13,0,0,1,0,0,1,0,0,0
2026-03-27 21:33:18.615,723.129,1143,-6,13,0,0,1,0,0,1,0,0,0
2026-03-27 21:33:18.791,723.305,1141,-6,13,0,0,1,0,0,1,0,0,0
2026-03-27 21:33:18.855,723.369,1142,-6,13,0,0,1,0,0,1,0,0,0
2026-03-27 21:33:18.872,723.386,1141,-6,13,0,0,1,0,0,1,0,0,0
2026-03-27 21:33:18.967,723.481,1141,-6,13,0,0,1,0,0,1,0,0,0
2026-03-27 21:33:19.095,723.609,1141,-3,13,0,0,1,0,0,1,0,0,0
2026-03-27 21:33:19.097,723.611,1141,-6,13,0,0,1,0,0,1,0,0,0
2026-03-27 21:33:19.159,723.674,1141,-6,13,0,0,1,0,0,1,0,0,0
2026-03-27 21:33:19.303,723.817,1141,-6,13,0,0,1,0,0,1,0,0,0
2026-03-27 21:33:19.320,723.834,1141,-6,13,0,0,1,0,0,1,0,0,0
2026-03-27 21:33:19.367,723.881,1141,-5,13,0,0,1,0,0,1,0,0,0
2026-03-27 21:33:19.479,723.993,1141,-6,13,0,0,1,0,0,1,0,0,0
2026-03-27 21:33:19.543,724.057,1141,-3,13,0,0,1,0,0,1,0,0,0
2026-03-27 21:33:19.672,724.186,1142,-6,13,0,0,1,0,0,1,0,0,0
2026-03-27 21:33:19.736,724.250,1142,-6,13,0,0,1,0,0,1,0,0,0
2026-03-27 21:33:19.739,724.254,1141,-3,13,0,0,1,0,0,1,0,0,0
2026-03-27 21:33:19.800,724.314,1142,-3,13,0,0,1,0,0,1,0,0,0
2026-03-27 21:33:19.943,724.457,1142,-6,13,0,0,1,0,0,1,0,0,0
2026-03-27 21:33:20.008,724.522,1141,-6,13,0,0,1,0,0,1,0,0,0
2026-03-27 21:33:20.010,724.524,1141,-3,14,0,0,1,0,0,1,0,0,0
2026-03-27 21:33:20.136,724.650,1141,-3,13,0,0,1,0,0,1,0,0,0
2026-03-27 21:33:20.263,724.777,1141,-6,13,0,0,1,0,0,1,0,0,0
2026-03-27 21:33:20.265,724.779,1141,-6,13,0,0,1,0,0,1,0,0,0
2026-03-27 21:33:20.359,724.873,1140,-6,13,0,0,1,0,0,1,0,0,0
2026-03-27 21:33:20.391,724.905,1140,-6,13,0,0,1,0,0,1,0,0,0
2026-03-27 21:33:20.394,724.908,1140,-3,13,0,0,1,0,0,1,0,0,0
2026-03-27 21:33:20.535,725.049,1140,-3,14,0,0,1,0,0,1,0,0,0
2026-03-27 21:33:20.663,725.177,1140,-6,13,0,0,1,0,0,1,0,0,0
2026-03-27 21:33:20.694,725.209,1140,-6,13,0,0,1,0,0,1,0,0,0
2026-03-27 21:33:20.696,725.210,1140,-6,13,0,0,1,0,0,1,0,0,0
2026-03-27 21:33:20.711,725.225,1140,-6,13,0,0,1,0,0,1,0,0,0
2026-03-27 21:33:20.953,725.467,1141,-6,13,0,0,1,0,0,1,0,0,0
2026-03-27 21:33:21.016,725.530,1141,-6,13,0,0,1,0,0,1,0,0,0
2026-03-27 21:33:21.095,725.609,1140,-6,13,0,0,1,0,0,1,0,0,0
2026-03-27 21:33:21.111,725.625,1140,-3,13,0,0,1,0,0,1,0,0,0
2026-03-27 21:33:21.320,725.834,1142,-3,13,0,0,1,0,0,1,0,0,0
2026-03-27 21:33:21.400,725.914,1141,-6,13,0,0,1,0,0,1,0,0,0
2026-03-27 21:33:21.447,725.961,1140,-3,13,0,1,1,0,0,1,0,0,0
2026-03-27 21:33:21.464,725.978,1141,-6,13,0,1,1,0,0,1,0,0,0
2026-03-27 21:33:21.543,726.058,1141,-3,14,0,1,1,0,0,1,0,0,0
2026-03-27 21:33:21.546,726.060,1141,-5,13,0,1,1,0,0,1,0,0,0
2026-03-27 21:33:21.864,726.378,1140,-5,13,0,1,1,0,0,1,0,0,0
2026-03-27 21:33:21.990,726.504,1140,-3,14,0,1,1,0,0,1,0,0,0
2026-03-27 21:33:21.992,726.506,1140,-6,13,0,1,1,0,0,1,0,0,0
2026-03-27 21:33:22.007,726.522,1140,-6,14,0,1,1,0,0,1,0,0,0
2026-03-27 21:33:22.039,726.553,1140,-6,14,0,1,1,0,0,1,0,0,0
2026-03-27 21:33:22.182,726.697,1140,-3,13,0,1,1,0,0,1,0,0,0
2026-03-27 21:33:22.199,726.714,1140,-3,13,0,1,1,0,0,1,0,0,0
2026-03-27 21:33:22.408,726.922,1141,-6,14,0,1,1,0,0,1,0,0,0
2026-03-27 21:33:22.487,727.001,1141,-3,13,0,1,1,0,0,1,0,0,0
2026-03-27 21:33:22.490,727.004,1141,-3,13,0,1,1,0,0,1,0,0,0
2026-03-27 21:33:22.583,727.097,1141,-3,13,0,1,1,0,0,1,0,0,0
2026-03-27 21:33:22.695,727.209,1142,-3,13,0,1,1,0,0,1,0,0,0
2026-03-27 21:33:22.698,727.212,1140,-6,14,0,1,1,0,0,1,0,0,0
2026-03-27 21:33:22.711,727.226,1141,-6,13,0,1,1,0,0,1,0,0,0
2026-03-27 21:33:22.903,727.417,1141,-6,13,0,1,1,0,0,1,0,0,0
2026-03-27 21:33:22.905,727.419,1141,-6,13,0,1,1,0,0,1,0,0,0
2026-03-27 21:33:23.000,727.514,1141,-6,14,0,1,1,0,0,1,0,0,0
2026-03-27 21:33:23.111,727.625,1141,-3,13,0,1,1,0,0,1,0,0,0
2026-03-27 21:33:23.158,727.673,1141,-3,13,0,1,1,0,0,1,0,0,0
2026-03-27 21:33:23.175,727.689,1141,-3,13,0,1,1,0,0,1,0,0,0
2026-03-27 21:33:23.176,727.690,1141,0,0,0,0,0,0,0,0,0,0,0
2026-03-27 21:33:23.177,727.691,1141,-3,14,0,1,1,0,0,1,0,0,0
2026-03-27 21:33:23.272,727.786,1141,-6,13,0,1,1,0,0,1,0,0,0
2026-03-27 21:33:23.462,727.977,1141,-3,14,0,1,1,0,0,1,0,0,0
2026-03-27 21:33:23.464,727.979,1141,-3,13,0,1,1,0,0,1,0,0,0
2026-03-27 21:33:23.512,728.026,1141,-3,13,0,1,1,0,0,1,0,0,0
2026-03-27 21:33:23.527,728.041,1141,-6,13,0,1,1,0,0,1,0,0,0
2026-03-27 21:33:23.607,728.122,1141,-6,13,0,1,1,0,0,1,0,0,0
2026-03-27 21:33:23.624,728.138,1141,-3,13,0,1,1,0,0,1,0,0,0
2026-03-27 21:33:23.751,728.265,1141,-3,13,0,1,1,0,0,1,0,0,0
2026-03-27 21:33:23.912,728.426,1141,-3,14,0,1,1,0,0,1,0,0,0
2026-03-27 21:33:24.038,728.552,1141,-2,13,0,1,1,0,0,1,0,0,0
2026-03-27 21:33:24.151,728.665,1141,-3,13,0,1,1,0,0,1,0,0,0
2026-03-27 21:33:24.168,728.682,1141,-3,13,0,1,1,0,0,1,0,0,0
2026-03-27 21:33:24.247,728.761,1142,-3,13,0,1,1,0,0,1,0,0,0
2026-03-27 21:33:24.375,728.889,1141,-6,14,0,1,1,0,0,1,0,0,0
2026-03-27 21:33:24.504,729.018,1141,-6,14,0,1,1,0,0,1,0,0,0
2026-03-27 21:33:24.631,729.145,1142,-3,13,0,1,1,0,0,1,0,0,0
2026-03-27 21:33:24.743,729.257,1142,-3,13,0,1,1,0,0,1,0,0,0
2026-03-27 21:33:24.806,729.320,1141,-3,13,0,1,1,0,0,1,0,0,0
2026-03-27 21:33:24.808,729.322,1141,-3,13,0,1,1,0,0,1,0,0,0
2026-03-27 21:33:24.809,729.323,1141,1,0,0,0,0,0,0,1,0,0,0
2026-03-27 21:33:24.951,729.465,1141,-3,13,0,1,1,0,0,1,0,0,0
2026-03-27 21:33:24.953,729.467,1141,-3,13,0,1,1,0,0,1,0,0,0
2026-03-27 21:33:25.031,729.545,1141,-6,13,0,1,1,0,0,1,0,0,0
2026-03-27 21:33:25.046,729.560,1141,-6,13,0,1,1,0,0,1,0,0,0
2026-03-27 21:33:25.127,729.641,1142,-6,13,0,1,1,0,0,1,0,0,0
2026-03-27 21:33:25.223,729.738,1141,-6,13,0,1,1,0,0,1,0,0,0
2026-03-27 21:33:25.319,729.833,1141,-6,13,0,1,1,0,0,1,0,0,0
2026-03-27 21:33:25.321,729.836,1142,-3,13,0,1,1,0,0,1,0,0,0
2026-03-27 21:33:25.416,729.930,1142,-3,13,0,1,1,0,0,1,0,0,0
2026-03-27 21:33:25.592,730.106,1141,-3,13,0,1,1,0,0,1,0,0,0
2026-03-27 21:33:25.639,730.153,1141,-3,13,0,1,1,0,0,1,0,0,0
2026-03-27 21:33:25.750,730.264,1141,-3,13,0,1,1,0,0,1,0,0,0
2026-03-27 21:33:25.752,730.267,1141,-3,13,0,1,1,0,0,1,0,0,0
2026-03-27 21:33:25.879,730.393,1141,-3,13,0,1,1,0,0,1,0,0,0
2026-03-27 21:33:25.975,730.489,1142,-3,13,0,1,1,0,0,1,0,0,0
2026-03-27 21:33:26.086,730.600,1141,-3,11,0,1,1,0,0,1,0,0,0
2026-03-27 21:33:26.087,730.601,1141,-3,11,0,1,1,0,0,1,0,0,0
2026-03-27 21:33:26.216,730.730,1141,-3,14,0,1,1,0,0,1,0,0,0
2026-03-27 21:33:26.219,730.733,1140,-6,13,0,1,1,0,0,1,0,0,0
2026-03-27 21:33:26.343,730.857,1140,-6,13,0,1,1,0,0,1,0,0,0
2026-03-27 21:33:26.408,730.922,1140,-6,14,0,1,1,0,0,1,0,0,0
2026-03-27 21:33:26.535,731.049,1140,-3,13,0,1,1,0,0,1,0,0,0
2026-03-27 21:33:26.615,731.129,1140,-6,13,0,1,1,0,0,1,0,0,0
2026-03-27 21:33:26.726,731.240,1140,-3,13,0,1,1,0,0,1,0,0,0
2026-03-27 21:33:26.729,731.243,1140,-3,13,0,1,1,0,0,1,0,0,0
2026-03-27 21:33:26.871,731.385,1140,-6,13,0,1,1,0,0,1,0,0,0
2026-03-27 21:33:26.918,731.432,1141,-3,13,0,1,1,0,0,1,0,0,0
2026-03-27 21:33:26.920,731.434,1141,-3,13,0,1,1,0,0,1,0,0,0
2026-03-27 21:33:27.079,731.593,1141,-6,13,0,1,1,0,0,1,0,0,0
2026-03-27 21:33:27.095,731.609,1141,-3,13,0,1,1,0,0,1,0,0,0
2026-03-27 21:33:27.111,731.625,1141,-3,13,0,1,1,0,0,1,0,0,0
2026-03-27 21:33:27.238,731.752,1140,-6,13,0,1,1,0,0,1,0,0,0
2026-03-27 21:33:27.255,731.769,1141,-6,13,0,1,1,0,0,1,0,0,0
2026-03-27 21:33:27.256,731.770,0,0,0,0,0,0,0,0,0,0,0,0
2026-03-27 21:33:27.258,731.772,1140,-3,13,0,1,1,0,0,1,0,0,0
2026-03-27 21:33:27.367,731.881,1141,-6,13,0,1,1,0,0,1,0,0,0
2026-03-27 21:33:27.368,731.882,1141,-6,14,0,0,0,0,0,1,0,0,0
2026-03-27 21:33:27.430,731.944,1140,-6,13,0,1,1,0,0,1,0,0,0
2026-03-27 21:33:27.431,731.945,1140,-3,13,0,1,1,0,0,1,0,0,0
2026-03-27 21:33:27.526,732.040,1141,-3,13,0,1,1,0,0,1,0,0,0
2026-03-27 21:33:27.543,732.057,1141,-3,13,0,1,1,0,0,1,0,0,0
2026-03-27 21:33:27.638,732.152,1140,-3,13,0,1,1,0,0,1,0,0,0
2026-03-27 21:33:27.783,732.297,1140,-3,13,0,1,1,0,0,1,0,0,0
2026-03-27 21:33:27.863,732.377,1140,-3,13,0,1,1,0,0,1,0,0,0
2026-03-27 21:33:28.023,732.537,1140,-3,14,0,1,1,0,0,1,0,0,0
2026-03-27 21:33:28.151,732.665,1141,-3,14,0,1,1,0,0,1,0,0,0
2026-03-27 21:33:28.215,732.729,1141,-5,13,0,1,1,0,0,1,0,0,0
2026-03-27 21:33:28.375,732.889,1141,-3,14,0,1,1,0,0,1,0,0,0
2026-03-27 21:33:28.407,732.921,1141,-3,13,0,1,1,0,0,1,0,0,0
2026-03-27 21:33:28.551,733.065,1142,-3,13,0,1,1,0,0,1,0,0,0
2026-03-27 21:33:28.615,733.129,1141,-6,13,0,1,1,0,0,1,0,0,0
2026-03-27 21:33:28.616,733.130,1142,-6,13,0,1,1,0,0,1,0,0,0
2026-03-27 21:33:28.775,733.289,1142,-6,13,0,1,1,0,0,1,0,0,0
2026-03-27 21:33:28.855,733.369,1141,-3,14,0,1,1,0,0,1,0,0,0
2026-03-27 21:33:29.142,733.656,1141,-6,13,0,1,1,0,0,1,0,0,0
2026-03-27 21:33:29.271,733.785,1142,-3,13,0,1,1,0,0,1,0,0,0
2026-03-27 21:33:29.383,733.897,1141,-3,13,0,1,1,0,0,1,0,0,0
2026-03-27 21:33:29.399,733.914,1141,-3,13,0,1,1,0,0,1,0,0,0
2026-03-27 21:33:29.496,734.010,1142,-3,13,0,1,1,0,0,1,0,0,0
2026-03-27 21:33:29.590,734.105,1142,-3,13,0,1,1,0,0,1,0,0,0
2026-03-27 21:33:29.654,734.169,1142,-6,13,0,1,1,0,0,1,0,0,0
2026-03-27 21:33:29.815,734.329,1141,-6,14,0,1,1,0,0,1,0,0,0
2026-03-27 21:33:29.911,734.425,1142,-3,14,0,1,1,0,0,1,0,0,0
2026-03-27 21:33:30.039,734.553,1143,-3,13,0,1,1,0,0,1,0,0,0
2026-03-27 21:33:30.118,734.632,1141,-4,13,0,1,1,0,0,1,0,0,0
2026-03-27 21:33:30.278,734.792,1141,-3,13,0,1,1,0,0,1,0,0,0
2026-03-27 21:33:30.327,734.841,1141,-3,13,0,1,1,0,0,1,0,0,0
2026-03-27 21:33:30.330,734.844,1141,-5,13,0,1,1,0,0,1,0,0,0
2026-03-27 21:33:30.423,734.938,1141,-6,13,0,1,1,0,0,1,0,0,0
2026-03-27 21:33:30.440,734.954,1141,-6,14,0,1,1,0,0,1,0,0,0
2026-03-27 21:33:30.551,735.065,1141,-6,13,0,1,1,0,0,1,0,0,0
2026-03-27 21:33:30.614,735.128,1141,-6,13,0,1,1,0,0,1,0,0,0
2026-03-27 21:33:30.631,735.145,1141,-3,14,0,1,1,0,0,1,0,0,0
2026-03-27 21:33:30.758,735.273,1141,-6,13,0,1,1,0,0,1,0,0,0
2026-03-27 21:33:30.855,735.369,1142,-3,13,0,1,1,0,0,1,0,0,0
2026-03-27 21:33:30.935,735.449,1142,-3,13,0,1,1,0,0,1,0,0,0
2026-03-27 21:33:31.111,735.625,1141,-6,13,0,1,1,0,0,1,0,0,0
2026-03-27 21:33:31.206,735.721,1142,-6,14,0,1,1,0,0,1,0,0,0
2026-03-27 21:33:31.334,735.848,1142,-6,13,0,1,1,0,0,1,0,0,0
2026-03-27 21:33:31.367,735.881,1141,-4,13,0,1,1,0,0,1,0,0,0
2026-03-27 21:33:31.369,735.884,1141,-3,13,0,1,1,0,0,1,0,0,0
2026-03-27 21:33:31.511,736.025,1141,-3,13,0,1,1,0,0,1,0,0,0
2026-03-27 21:33:31.639,736.153,1141,-3,13,0,1,1,0,0,1,0,0,0
2026-03-27 21:33:31.654,736.169,1142,-6,13,0,1,1,0,0,1,0,0,0
2026-03-27 21:33:31.734,736.249,1142,-6,14,0,1,1,0,0,1,0,0,0
2026-03-27 21:33:31.846,736.361,1142,-6,13,0,1,1,0,0,1,0,0,0
2026-03-27 21:33:31.878,736.393,1141,-3,13,0,1,1,0,0,1,0,0,0
2026-03-27 21:33:32.007,736.521,1141,-6,13,0,1,1,0,0,1,0,0,0
2026-03-27 21:33:32.009,736.523,1142,-6,14,0,1,1,0,0,1,0,0,0
2026-03-27 21:33:32.167,736.681,1142,-3,14,0,1,1,0,0,1,0,0,0
2026-03-27 21:33:32.168,736.682,1142,-3,13,0,1,0,0,0,0,0,0,0
2026-03-27 21:33:32.169,736.684,1141,-3,13,0,1,1,0,0,1,0,0,0
2026-03-27 21:33:32.279,736.793,1143,-3,14,0,1,1,0,0,1,0,0,0
2026-03-27 21:33:32.375,736.889,1142,-3,11,0,1,1,0,0,1,0,0,0
2026-03-27 21:33:32.486,737.001,1142,-3,13,0,1,1,0,0,1,0,0,0
2026-03-27 21:33:32.567,737.081,1142,-3,13,0,1,1,0,0,1,0,0,0
2026-03-27 21:33:32.710,737.225,1142,-6,13,0,1,1,0,0,1,0,0,0
2026-03-27 21:33:32.759,737.273,1141,-3,13,0,1,1,0,0,1,0,0,0
2026-03-27 21:33:32.919,737.433,1141,-3,13,0,1,1,0,0,1,0,0,0
2026-03-27 21:33:33.014,737.529,1141,-6,13,0,1,1,0,0,1,0,0,0
2026-03-27 21:33:33.095,737.609,1141,-3,13,0,1,1,0,0,1,0,0,0
2026-03-27 21:33:33.207,737.721,1141,-6,13,0,1,1,0,0,1,0,0,0
2026-03-27 21:33:33.223,737.737,1141,-5,14,0,1,1,0,0,1,0,0,0
2026-03-27 21:33:33.286,737.800,1141,-3,14,0,1,1,0,0,1,0,0,0
2026-03-27 21:33:33.288,737.802,1141,-3,14,0,1,1,0,0,1,0,0,0
2026-03-27 21:33:33.334,737.848,1141,-3,13,0,1,1,0,0,1,0,0,0
2026-03-27 21:33:33.335,737.849,1141,-3,14,0,1,1,0,0,1,0,0,0
2026-03-27 21:33:33.336,737.850,1141,-6,14,0,1,1,0,0,1,0,0,0
2026-03-27 21:33:33.542,738.057,1141,-6,13,0,1,1,0,0,1,0,0,0
2026-03-27 21:33:33.559,738.073,1141,-6,14,0,1,1,0,0,1,0,0,0
2026-03-27 21:33:33.590,738.104,1141,-6,13,0,1,1,0,0,1,0,0,0
2026-03-27 21:33:33.593,738.107,1141,-3,13,0,1,1,0,0,1,0,0,0
2026-03-27 21:33:33.655,738.169,1141,-3,13,0,1,1,0,0,1,0,0,0
2026-03-27 21:33:33.782,738.296,1140,-3,13,0,1,1,0,0,1,0,0,0
2026-03-27 21:33:33.814,738.328,1141,-3,13,0,1,1,0,0,1,0,0,0
2026-03-27 21:33:33.942,738.456,1141,-6,14,0,1,1,0,0,1,0,0,0
2026-03-27 21:33:33.958,738.472,1140,-3,13,0,1,1,0,0,1,0,0,0
2026-03-27 21:33:34.023,738.537,1140,-3,13,0,1,1,0,0,1,0,0,0
2026-03-27 21:33:34.103,738.617,1140,-3,14,0,1,1,0,0,1,0,0,0
2026-03-27 21:33:34.119,738.634,1141,-3,14,0,1,1,0,0,1,0,0,0
2026-03-27 21:33:34.247,738.761,1141,-3,13,0,1,1,0,0,1,0,0,0
2026-03-27 21:33:34.327,738.841,1140,-6,14,0,1,1,0,0,1,0,0,0
2026-03-27 21:33:34.328,738.842,1141,-6,14,0,1,1,0,0,1,0,0,0
2026-03-27 21:33:34.330,738.844,1140,-3,14,0,1,1,0,0,1,0,0,0
2026-03-27 21:33:34.486,739.000,1140,-3,14,0,1,1,0,0,1,0,0,0
2026-03-27 21:33:34.488,739.002,1140,-6,13,0,1,1,0,0,1,0,0,0
2026-03-27 21:33:34.566,739.081,1141,-6,14,0,1,1,0,0,1,0,0,0
2026-03-27 21:33:34.647,739.161,1141,-6,14,0,1,1,0,0,1,0,0,0
2026-03-27 21:33:34.663,739.177,1141,-6,14,0,1,1,0,0,1,0,0,0
2026-03-27 21:33:34.775,739.289,1141,-6,13,0,1,1,0,0,1,0,0,0
2026-03-27 21:33:34.903,739.417,1140,-3,13,0,1,1,0,0,1,0,0,0
2026-03-27 21:33:34.934,739.448,1140,-4,13,0,1,1,0,0,1,0,0,0
2026-03-27 21:33:35.094,739.609,1141,-3,13,0,1,1,0,0,1,0,0,0
2026-03-27 21:33:35.127,739.642,1141,-6,13,0,1,1,0,0,1,0,0,0
2026-03-27 21:33:35.142,739.656,1140,-3,13,0,1,1,0,0,1,0,0,0
2026-03-27 21:33:35.222,739.737,1140,-3,13,0,1,1,0,0,1,0,0,0
2026-03-27 21:33:35.351,739.865,1140,-3,13,0,1,1,0,0,1,0,0,0
2026-03-27 21:33:35.462,739.976,1140,-6,13,0,1,1,0,0,1,0,0,0
2026-03-27 21:33:35.511,740.025,1140,-3,13,0,1,1,0,0,1,0,0,0
2026-03-27 21:33:35.654,740.168,1140,-3,13,0,1,1,0,0,1,0,0,0
2026-03-27 21:33:35.798,740.312,1140,-3,13,0,1,1,0,0,1,0,0,0
2026-03-27 21:33:35.800,740.315,1141,-3,13,0,1,1,0,0,1,0,0,0
2026-03-27 21:33:35.846,740.360,1141,-3,13,0,1,1,0,0,1,0,0,0
2026-03-27 21:33:35.848,740.362,1141,-3,13,0,1,1,0,0,1,0,0,0
2026-03-27 21:33:35.942,740.456,1141,-6,13,0,1,1,0,0,1,0,0,0
2026-03-27 21:33:36.086,740.600,1141,-6,13,0,1,1,0,0,1,0,0,0
2026-03-27 21:33:36.199,740.713,1141,-3,14,0,1,1,0,0,1,0,0,0
2026-03-27 21:33:36.295,740.809,1140,-6,13,0,1,1,0,0,1,0,0,0
2026-03-27 21:33:36.327,740.841,1141,-6,13,0,1,1,0,0,1,0,0,0
2026-03-27 21:33:36.470,740.985,1140,-3,13,0,1,1,0,0,1,0,0,0
2026-03-27 21:33:36.550,741.065,1140,-3,13,0,1,1,0,0,1,0,0,0
2026-03-27 21:33:36.552,741.066,1140,-3,13,0,1,1,0,0,1,0,0,0
2026-03-27 21:33:36.806,741.321,1140,-3,13,0,1,1,0,0,1,0,0,0
2026-03-27 21:33:36.854,741.368,1140,-6,13,0,1,1,0,0,1,0,0,0
2026-03-27 21:33:36.857,741.371,1141,-3,13,0,1,1,0,0,1,0,0,0
2026-03-27 21:33:37.014,741.529,1141,-3,13,0,1,1,0,0,1,0,0,0
2026-03-27 21:33:37.063,741.577,1141,-6,13,0,1,1,0,0,1,0,0,0
2026-03-27 21:33:37.142,741.656,1143,-6,13,0,1,1,0,0,1,0,0,0
2026-03-27 21:33:37.254,741.768,1142,-6,13,0,1,1,0,0,1,0,0,0
2026-03-27 21:33:37.367,741.881,1141,-3,13,0,1,1,0,0,1,0,0,0
2026-03-27 21:33:37.462,741.976,1141,-6,13,0,1,1,0,0,1,0,0,0
2026-03-27 21:33:37.558,742.072,1142,-3,13,0,1,1,0,0,1,0,0,0
2026-03-27 21:33:37.750,742.264,1141,-3,13,0,1,1,0,0,1,0,0,0
2026-03-27 21:33:37.753,742.267,1141,-6,13,0,1,1,0,0,1,0,0,0
2026-03-27 21:33:37.814,742.328,1141,-6,13,0,1,1,0,0,1,0,0,0
2026-03-27 21:33:38.199,742.713,1140,-6,13,0,1,1,0,0,1,0,0,0
2026-03-27 21:33:38.295,742.809,1140,-6,13,0,1,1,0,0,1,0,0,0
2026-03-27 21:33:38.422,742.936,1140,-6,13,0,1,1,0,0,1,0,0,0
2026-03-27 21:33:38.424,742.938,1141,-6,13,0,1,1,0,0,1,0,0,0
2026-03-27 21:33:38.486,743.000,1141,-3,13,0,1,1,0,0,1,0,0,0
2026-03-27 21:33:38.646,743.160,1141,-4,13,0,1,1,0,0,1,0,0,0
2026-03-27 21:33:38.742,743.256,1141,-3,13,0,1,1,0,0,1,0,0,0
2026-03-27 21:33:38.744,743.258,1141,-3,13,0,1,1,0,0,1,0,0,0
2026-03-27 21:33:38.806,743.321,1142,-3,13,0,1,1,0,0,1,0,0,0
2026-03-27 21:33:38.983,743.497,1141,-3,13,0,1,1,0,0,1,0,0,0
2026-03-27 21:33:39.078,743.592,1141,-3,13,0,1,1,0,0,1,0,0,0
2026-03-27 21:33:39.081,743.595,1140,-6,14,0,1,1,0,0,1,0,0,0
2026-03-27 21:33:39.094,743.608,1140,-6,14,0,1,1,0,0,1,0,0,0
2026-03-27 21:33:39.222,743.736,1141,-3,13,0,1,1,0,0,1,0,0,0
2026-03-27 21:33:39.318,743.832,1140,-4,13,0,1,1,0,0,1,0,0,0
2026-03-27 21:33:39.414,743.928,1140,-5,13,0,1,1,0,0,1,0,0,0
2026-03-27 21:33:39.511,744.025,1140,-3,13,0,1,1,0,0,1,0,0,0
2026-03-27 21:33:39.654,744.168,1140,-6,13,0,1,1,0,0,1,0,0,0
2026-03-27 21:33:39.734,744.248,1140,-6,14,0,1,1,0,0,1,0,0,0
2026-03-27 21:33:39.814,744.329,1140,-3,13,0,1,1,0,0,1,0,0,0
2026-03-27 21:33:39.926,744.440,1140,-3,13,0,1,1,0,0,1,0,0,0
2026-03-27 21:33:39.974,744.488,1140,-6,14,0,1,1,0,0,1,0,0,0
2026-03-27 21:33:39.975,744.489,1140,-6,14,0,1,1,0,0,1,0,0,0
2026-03-27 21:33:39.990,744.504,1140,-3,14,0,1,1,0,0,1,0,0,0
2026-03-27 21:33:40.086,744.600,1140,-6,13,0,1,1,0,0,1,0,0,0
2026-03-27 21:33:40.198,744.713,1140,-6,14,0,1,1,0,0,1,0,0,0
2026-03-27 21:33:40.310,744.824,1141,-3,13,0,1,1,0,0,1,0,0,0
2026-03-27 21:33:40.406,744.920,1140,-6,13,0,1,1,0,0,1,0,0,0
2026-03-27 21:33:40.408,744.922,1140,-6,13,0,1,1,0,0,1,0,0,0
2026-03-27 21:33:40.410,744.924,1140,-3,13,0,1,1,0,0,1,0,0,0
2026-03-27 21:33:40.535,745.049,1140,-3,14,0,1,1,0,0,1,0,0,0
2026-03-27 21:33:40.552,745.066,1140,-6,13,0,1,1,0,0,1,0,0,0
2026-03-27 21:33:40.647,745.161,1140,-6,13,0,1,1,0,0,1,0,0,0
2026-03-27 21:33:40.774,745.288,1140,-3,14,0,1,1,0,0,1,0,0,0
2026-03-27 21:33:40.822,745.336,1141,-3,13,0,1,1,0,0,1,0,0,0
2026-03-27 21:33:40.950,745.464,1140,-6,13,0,1,1,0,0,1,0,0,0
2026-03-27 21:33:41.013,745.527,1140,-6,13,0,1,1,0,0,1,0,0,0
2026-03-27 21:33:41.015,745.530,1140,-3,13,0,1,1,0,0,1,0,0,0
2026-03-27 21:33:41.158,745.672,1140,-3,13,0,1,1,0,0,1,0,0,0
2026-03-27 21:33:41.254,745.768,1140,-5,13,0,1,1,0,0,1,0,0,0
2026-03-27 21:33:41.382,745.896,1140,-6,13,0,1,1,0,0,1,0,0,0
2026-03-27 21:33:41.462,745.977,1140,-6,13,0,1,1,0,0,1,0,0,0
2026-03-27 21:33:41.558,746.072,1140,-6,13,0,1,1,0,0,1,0,0,0
2026-03-27 21:33:41.622,746.136,1140,-6,14,0,1,1,0,0,1,0,0,0
2026-03-27 21:33:41.702,746.216,1140,-6,13,0,1,1,0,0,1,0,0,0
2026-03-27 21:33:41.718,746.232,1140,-6,13,0,1,1,0,0,1,0,0,0
2026-03-27 21:33:41.909,746.423,1140,-6,13,0,1,1,0,0,1,0,0,0
2026-03-27 21:33:41.911,746.425,1140,-6,13,0,1,1,0,0,1,0,0,0
2026-03-27 21:33:42.054,746.569,1140,-6,13,0,1,1,0,0,1,0,0,0
2026-03-27 21:33:42.069,746.583,1140,-6,13,0,1,1,0,0,1,0,0,0
2026-03-27 21:33:42.150,746.664,1140,-6,13,0,1,1,0,0,1,0,0,0
2026-03-27 21:33:42.166,746.680,1140,-6,13,0,1,1,0,0,1,0,0,0
2026-03-27 21:33:42.293,746.807,1140,-6,13,0,1,1,0,0,1,0,0,0
2026-03-27 21:33:42.374,746.888,1140,-6,13,0,1,1,0,0,1,0,0,0
2026-03-27 21:33:42.389,746.903,1140,-5,13,0,1,1,0,0,1,0,0,0
2026-03-27 21:33:42.470,746.984,1140,-3,13,0,1,1,0,0,1,0,0,0
2026-03-27 21:33:42.581,747.095,1141,-3,14,0,1,1,0,0,1,0,0,0
2026-03-27 21:33:42.694,747.208,1140,-3,13,0,1,1,0,0,1,0,0,0
2026-03-27 21:33:42.742,747.256,1140,-3,14,0,1,1,0,0,1,0,0,0
2026-03-27 21:33:42.853,747.367,1140,-6,13,0,1,1,0,0,1,0,0,0
2026-03-27 21:33:42.870,747.384,1140,-6,13,0,1,1,0,0,1,0,0,0
2026-03-27 21:33:42.901,747.416,1140,-6,13,0,1,1,0,0,1,0,0,0
2026-03-27 21:33:42.903,747.418,1140,-3,13,0,1,1,0,0,1,0,0,0
2026-03-27 21:33:43.078,747.592,1140,-3,13,0,1,1,0,0,1,0,0,0
2026-03-27 21:33:43.126,747.640,1140,-6,13,0,1,1,0,0,1,0,0,0
2026-03-27 21:33:43.271,747.785,1140,-6,14,0,1,1,0,0,1,0,0,0
2026-03-27 21:33:43.365,747.879,1140,-6,14,0,1,1,0,0,1,0,0,0
2026-03-27 21:33:43.367,747.881,1140,-6,13,0,1,1,0,0,1,0,0,0
2026-03-27 21:33:43.542,748.056,1140,-6,13,0,1,1,0,0,1,0,0,0
2026-03-27 21:33:43.670,748.184,1140,-6,14,0,1,1,0,0,1,0,0,0
2026-03-27 21:33:43.672,748.186,1140,-6,13,0,1,1,0,0,1,0,0,0
2026-03-27 21:33:43.703,748.217,1140,-6,13,0,1,1,0,0,1,0,0,0
2026-03-27 21:33:43.863,748.377,1140,-6,14,0,1,1,0,0,1,0,0,0
2026-03-27 21:33:43.911,748.425,1140,-6,14,0,1,1,0,0,1,0,0,0
2026-03-27 21:33:44.054,748.568,1140,-6,13,0,1,1,0,0,1,0,0,0
2026-03-27 21:33:44.182,748.696,1140,-6,14,0,1,1,0,0,1,0,0,0
2026-03-27 21:33:44.214,748.728,1140,-3,14,0,1,1,0,0,1,0,0,0
2026-03-27 21:33:44.310,748.824,1142,-6,14,0,1,1,0,0,1,0,0,0
2026-03-27 21:33:44.422,748.936,1140,-3,14,0,1,1,0,0,1,0,0,0
2026-03-27 21:33:44.614,749.129,1140,-6,13,0,1,1,0,0,1,0,0,0
2026-03-27 21:33:44.646,749.160,1140,-6,14,0,1,1,0,0,1,0,0,0
2026-03-27 21:33:44.758,749.272,1140,-6,14,0,1,1,0,0,1,0,0,0
2026-03-27 21:33:44.838,749.352,1140,-6,13,0,1,1,0,0,1,0,0,0
2026-03-27 21:33:45.014,749.528,1140,-3,13,0,1,1,0,0,1,0,0,0
2026-03-27 21:33:45.078,749.592,1140,-6,14,0,1,1,0,0,1,0,0,0
2026-03-27 21:33:45.190,749.704,1140,-3,13,0,1,1,0,0,1,0,0,0
2026-03-27 21:33:45.192,749.706,1140,-3,13,0,1,1,0,0,1,0,0,0
2026-03-27 21:33:45.318,749.832,1140,-6,13,0,1,1,0,0,1,0,0,0
2026-03-27 21:33:45.382,749.896,1140,-3,14,0,1,1,0,0,1,0,0,0
2026-03-27 21:33:45.526,750.040,1140,-3,13,0,1,1,0,0,1,0,0,0
2026-03-27 21:33:45.542,750.056,1140,-3,13,0,1,1,0,0,1,0,0,0
2026-03-27 21:33:45.543,750.057,1140,-3,0,0,0,0,0,0,1,0,0,0
2026-03-27 21:33:45.637,750.152,1140,-6,13,0,1,1,0,0,1,0,0,0
2026-03-27 21:33:45.655,750.169,1140,-6,13,0,1,1,0,0,1,0,0,0
2026-03-27 21:33:45.656,750.170,1140,-3,13,0,1,1,0,0,1,0,0,0
2026-03-27 21:33:45.733,750.247,1140,-3,13,0,1,1,0,0,1,0,0,0
2026-03-27 21:33:45.798,750.312,1140,-3,14,0,1,1,0,0,1,0,0,0
2026-03-27 21:33:45.910,750.424,1140,-3,13,0,1,1,0,0,1,0,0,0
2026-03-27 21:33:45.911,750.425,1140,-3,14,0,1,1,0,0,1,0,0,0
2026-03-27 21:33:45.990,750.504,1140,-3,14,0,1,1,0,0,1,0,0,0
2026-03-27 21:33:46.005,750.520,1140,-6,14,0,1,1,0,0,1,0,0,0
2026-03-27 21:33:46.230,750.744,1140,-6,13,0,1,1,0,0,1,0,0,0
2026-03-27 21:33:46.262,750.776,1140,-3,13,0,1,1,0,0,1,0,0,0
2026-03-27 21:33:46.374,750.888,1139,-3,13,0,1,1,0,0,1,0,0,0
2026-03-27 21:33:46.502,751.016,1140,-6,13,0,1,1,0,0,1,0,0,0
2026-03-27 21:33:46.646,751.160,1140,-6,14,0,1,1,0,0,1,0,0,0
2026-03-27 21:33:46.725,751.240,1140,-3,13,0,1,1,0,0,1,0,0,0
2026-03-27 21:33:46.727,751.241,1140,-3,13,0,1,1,0,0,1,0,0,0
2026-03-27 21:33:46.806,751.320,1141,-3,13,0,1,1,0,0,1,0,0,0
2026-03-27 21:33:46.886,751.400,1140,-6,14,0,1,1,0,0,1,0,0,0
2026-03-27 21:33:46.888,751.402,1140,-6,13,0,1,1,0,0,1,0,0,0
2026-03-27 21:33:47.029,751.543,1140,-6,13,0,1,1,0,0,1,0,0,0
2026-03-27 21:33:47.125,751.640,1140,-6,13,0,1,1,0,0,1,0,0,0
2026-03-27 21:33:47.301,751.816,1140,-3,13,0,1,1,0,0,1,0,0,0
2026-03-27 21:33:47.303,751.818,1140,-6,13,0,1,1,0,0,1,0,0,0
2026-03-27 21:33:47.350,751.864,1140,-6,14,0,1,1,0,0,1,0,0,0
2026-03-27 21:33:47.461,751.976,1140,-6,13,0,1,1,0,0,1,0,0,0
2026-03-27 21:33:47.590,752.104,1140,-3,13,0,1,1,0,0,1,0,0,0
2026-03-27 21:33:47.653,752.168,1140,-3,13,0,1,1,0,0,1,0,0,0
2026-03-27 21:33:47.782,752.296,1140,-6,13,0,1,1,0,0,1,0,0,0
2026-03-27 21:33:47.861,752.375,1140,-3,13,0,1,1,0,0,1,0,0,0
2026-03-27 21:33:47.976,752.491,1140,-3,13,0,1,1,0,0,1,0,0,0
2026-03-27 21:33:48.166,752.680,1141,-6,14,0,1,1,0,0,1,0,0,0
2026-03-27 21:33:48.247,752.761,1140,-6,13,0,1,1,0,0,1,0,0,0
2026-03-27 21:33:48.373,752.887,1140,-3,13,0,1,1,0,0,1,0,0,0
2026-03-27 21:33:48.454,752.968,1140,-6,14,0,1,1,0,0,1,0,0,0
2026-03-27 21:33:48.581,753.095,1140,-5,13,0,1,1,0,0,1,0,0,0
2026-03-27 21:33:48.677,753.191,1140,-6,14,0,1,1,0,0,1,0,0,0
2026-03-27 21:33:48.806,753.320,1139,-6,13,0,1,1,0,0,1,0,0,0
2026-03-27 21:33:48.808,753.322,1139,-6,14,0,1,1,0,0,1,0,0,0
2026-03-27 21:33:48.918,753.432,1139,-6,13,0,1,1,0,0,1,0,0,0
2026-03-27 21:33:49.029,753.544,1140,-3,14,0,1,1,0,0,1,0,0,0
2026-03-27 21:33:49.125,753.639,1140,-3,13,0,1,1,0,0,1,0,0,0
2026-03-27 21:33:49.270,753.784,1140,-3,14,0,1,1,0,0,1,0,0,0
2026-03-27 21:33:49.285,753.799,1140,-3,14,0,1,1,0,0,1,0,0,0
2026-03-27 21:33:49.302,753.816,1140,-3,14,0,1,1,0,0,1,0,0,0
2026-03-27 21:33:49.350,753.864,1140,-6,13,0,1,1,0,0,1,0,0,0
2026-03-27 21:33:49.526,754.040,1140,-3,13,0,1,1,0,0,1,0,0,0
2026-03-27 21:33:49.605,754.120,1140,-6,14,0,1,1,0,0,1,0,0,0
2026-03-27 21:33:49.621,754.135,1140,-3,13,0,1,1,0,0,1,0,0,0
2026-03-27 21:33:49.718,754.232,1140,-6,14,0,1,1,0,0,1,0,0,0
2026-03-27 21:33:49.813,754.327,1140,-6,13,0,1,1,0,0,1,0,0,0
2026-03-27 21:33:49.861,754.376,1140,-3,11,0,1,1,0,0,1,0,0,0
2026-03-27 21:33:49.865,754.380,1140,-3,13,0,1,1,0,0,1,0,0,0
2026-03-27 21:33:49.974,754.488,1140,-3,13,0,1,1,0,0,1,0,0,0
2026-03-27 21:33:50.054,754.568,1141,-3,14,0,1,1,0,0,1,0,0,0
2026-03-27 21:33:50.182,754.696,1140,-6,14,0,1,1,0,0,1,0,0,0
2026-03-27 21:33:50.191,754.706,1141,-3,14,0,1,1,0,0,1,0,0,0
2026-03-27 21:33:50.294,754.808,1141,-3,13,0,1,1,0,0,1,0,0,0
2026-03-27 21:33:50.389,754.903,1141,-3,13,0,1,1,0,0,1,0,0,0
2026-03-27 21:33:50.501,755.015,1141,-6,13,0,1,1,0,0,1,0,0,0
2026-03-27 21:33:50.581,755.095,1140,-3,13,0,1,1,0,0,1,0,0,0
2026-03-27 21:33:50.741,755.255,1140,-3,14,0,1,1,0,0,1,0,0,0
2026-03-27 21:33:50.742,755.256,1140,-3,13,0,1,1,0,0,1,0,0,0
2026-03-27 21:33:50.744,755.258,1140,-5,13,0,1,1,0,0,1,0,0,0
2026-03-27 21:33:50.838,755.352,1140,-6,13,0,1,1,0,0,1,0,0,0
2026-03-27 21:33:50.984,755.498,1141,-3,14,0,1,1,0,0,1,0,0,0
2026-03-27 21:33:51.077,755.591,1140,-3,13,0,1,1,0,0,1,0,0,0
2026-03-27 21:33:51.189,755.703,1140,-6,14,0,1,1,0,0,1,0,0,0
2026-03-27 21:33:51.205,755.719,1141,-6,13,0,1,1,0,0,1,0,0,0
2026-03-27 21:33:51.333,755.847,1140,-3,14,0,1,1,0,0,1,0,0,0
2026-03-27 21:33:51.445,755.959,1140,-6,13,0,1,1,0,0,1,0,0,0
2026-03-27 21:33:51.446,755.960,1140,-6,14,0,1,1,0,0,1,0,0,0
2026-03-27 21:33:51.558,756.072,1140,-6,13,0,1,1,0,0,1,0,0,0
2026-03-27 21:33:51.560,756.074,1140,-3,14,0,1,1,0,0,1,0,0,0
2026-03-27 21:33:51.621,756.136,1140,-3,14,0,1,1,0,0,1,0,0,0
2026-03-27 21:33:51.637,756.151,1141,-3,14,0,11,0,0,0,1,0,0,0
2026-03-27 21:33:51.717,756.231,1141,-3,13,0,1,1,0,0,1,0,0,0
2026-03-27 21:33:51.719,756.233,1142,-3,13,0,1,1,0,0,1,0,0,0
2026-03-27 21:33:51.846,756.360,1143,-3,13,0,1,1,0,0,1,0,0,0
2026-03-27 21:33:51.957,756.471,1141,-3,13,0,1,1,0,0,1,0,0,0
2026-03-27 21:33:51.959,756.473,1141,-3,14,0,1,1,0,0,1,0,0,0
2026-03-27 21:33:52.101,756.615,1141,-3,14,0,1,1,0,0,1,0,0,0
2026-03-27 21:33:52.182,756.696,1141,-3,14,0,1,1,0,0,1,0,0,0
2026-03-27 21:33:52.245,756.759,1142,-6,13,0,1,1,0,0,1,0,0,0
2026-03-27 21:33:52.437,756.951,1141,-3,13,0,1,1,0,0,1,0,0,0
2026-03-27 21:33:52.469,756.983,1141,-3,13,0,1,1,0,0,1,0,0,0
2026-03-27 21:33:52.662,757.176,1141,-6,14,0,1,1,0,0,1,0,0,0
2026-03-27 21:33:52.773,757.287,1142,-6,14,0,1,1,0,0,1,0,0,0
2026-03-27 21:33:52.917,757.431,1141,-3,14,0,1,1,0,0,1,0,0,0
2026-03-27 21:33:52.997,757.511,1142,-6,14,0,1,1,0,0,1,0,0,0
2026-03-27 21:33:52.998,757.512,1142,-5,14,0,1,1,0,0,1,0,0,0
2026-03-27 21:33:53.109,757.623,1142,-6,13,0,1,1,0,0,1,0,0,0
2026-03-27 21:33:53.125,757.639,1142,-6,14,0,1,1,0,0,1,0,0,0
2026-03-27 21:33:53.254,757.768,1142,-5,14,0,1,1,0,0,1,0,0,0
2026-03-27 21:33:53.333,757.847,1141,-6,13,0,1,1,0,0,1,0,0,0
2026-03-27 21:33:53.445,757.959,1141,-6,13,0,1,1,0,0,1,0,0,0
2026-03-27 21:33:53.557,758.072,1141,-3,14,0,1,1,0,0,1,0,0,0
2026-03-27 21:33:53.653,758.168,1142,-3,14,0,1,1,0,0,1,0,0,0
2026-03-27 21:33:53.733,758.247,1142,-6,13,0,1,1,0,0,1,0,0,0
2026-03-27 21:33:53.735,758.249,1142,-5,13,0,1,1,0,0,1,0,0,0
2026-03-27 21:33:53.877,758.392,1141,-5,13,0,1,1,0,0,1,0,0,0
2026-03-27 21:33:53.990,758.504,1142,-6,14,0,1,1,0,0,1,0,0,0
2026-03-27 21:33:54.117,758.631,1141,-6,14,0,1,1,0,0,1,0,0,0
2026-03-27 21:33:54.197,758.712,1142,-6,14,0,1,1,0,0,1,0,0,0
2026-03-27 21:33:54.293,758.807,1142,-6,14,0,1,1,0,0,1,0,0,0
2026-03-27 21:33:54.437,758.951,1142,-6,14,0,1,1,0,0,1,0,0,0
2026-03-27 21:33:54.439,758.954,1141,-6,13,0,1,1,0,0,1,0,0,0
2026-03-27 21:33:54.501,759.016,1142,-6,14,0,1,1,0,0,1,0,0,0
2026-03-27 21:33:54.517,759.031,1141,-5,14,0,1,1,0,0,1,0,0,0
2026-03-27 21:33:54.613,759.127,1142,-6,14,0,1,1,0,0,1,0,0,0
2026-03-27 21:33:54.694,759.208,1142,-5,14,0,1,1,0,0,1,0,0,0
2026-03-27 21:33:54.821,759.335,1142,-3,14,0,1,1,0,0,1,0,0,0
2026-03-27 21:33:54.933,759.447,1142,-5,13,0,1,1,0,0,1,0,0,0
2026-03-27 21:33:55.014,759.528,1141,-5,14,0,1,1,0,0,1,0,0,0
2026-03-27 21:33:55.109,759.623,1142,-3,13,0,1,1,0,0,1,0,0,0
2026-03-27 21:33:55.206,759.720,1141,-6,13,0,1,1,0,0,1,0,0,0
2026-03-27 21:33:55.286,759.800,1141,-6,13,0,1,1,0,0,1,0,0,0
2026-03-27 21:33:55.289,759.803,1141,-3,13,0,1,1,0,0,1,0,0,0
2026-03-27 21:33:55.397,759.911,1141,-3,14,0,1,1,0,0,1,0,0,0
2026-03-27 21:33:55.494,760.008,1141,-3,13,0,1,1,0,0,1,0,0,0
2026-03-27 21:33:55.573,760.087,1141,-3,14,0,1,1,0,0,1,0,0,0
2026-03-27 21:33:55.669,760.183,1141,-4,14,0,1,1,0,0,1,0,0,0
2026-03-27 21:33:55.765,760.279,1142,-6,14,0,1,1,0,0,1,0,0,0
2026-03-27 21:33:55.782,760.296,1142,-6,13,0,1,1,0,0,1,0,0,0
2026-03-27 21:33:55.784,760.298,1141,-3,13,0,1,1,0,0,1,0,0,0
2026-03-27 21:33:55.894,760.408,1141,-3,13,0,1,1,0,0,1,0,0,0
2026-03-27 21:33:55.957,760.471,1141,-6,13,0,1,1,0,0,1,0,0,0
2026-03-27 21:33:56.117,760.631,1142,-3,14,0,1,1,0,0,1,0,0,0
2026-03-27 21:33:56.118,760.632,1142,-3,13,0,1,1,0,0,1,0,0,0
2026-03-27 21:33:56.213,760.727,1142,-3,13,0,1,1,0,0,1,0,0,0
2026-03-27 21:33:56.326,760.840,1141,-6,13,0,1,1,0,0,1,0,0,0
2026-03-27 21:33:56.406,760.920,1141,-3,13,0,1,1,0,0,1,0,0,0
2026-03-27 21:33:56.534,761.048,1141,-3,13,0,1,1,0,0,1,0,0,0
2026-03-27 21:33:56.565,761.079,1141,-3,13,0,1,1,0,0,1,0,0,0
2026-03-27 21:33:56.693,761.207,1141,-3,13,0,1,1,0,0,1,0,0,0
2026-03-27 21:33:56.711,761.225,1141,-3,13,0,1,1,0,0,1,0,0,0
2026-03-27 21:33:56.789,761.303,1141,-3,14,0,1,1,0,0,1,0,0,0
2026-03-27 21:33:56.902,761.416,1141,-3,14,0,1,1,0,0,1,0,0,0
2026-03-27 21:33:56.918,761.433,1141,-3,13,0,1,1,0,0,1,0,0,0
2026-03-27 21:33:57.013,761.527,1142,-3,13,0,1,1,0,0,1,0,0,0
2026-03-27 21:33:57.142,761.656,1141,-3,14,0,1,1,0,0,1,0,0,0
2026-03-27 21:33:57.301,761.815,1141,-6,14,0,1,1,0,0,1,0,0,0
2026-03-27 21:33:57.318,761.832,1141,-6,14,0,1,1,0,0,1,0,0,0
2026-03-27 21:33:57.333,761.847,1142,-3,14,0,1,1,0,0,1,0,0,0
2026-03-27 21:33:57.397,761.911,1142,-6,13,0,1,1,0,0,1,0,0,0
2026-03-27 21:33:57.542,762.056,1141,-6,14,0,1,1,0,0,1,0,0,0
2026-03-27 21:33:57.670,762.184,1141,-5,13,0,1,1,0,0,1,0,0,0
2026-03-27 21:33:57.781,762.295,1141,-6,13,0,1,1,0,0,1,0,0,0
2026-03-27 21:33:57.876,762.391,1141,-3,14,0,1,1,0,0,1,0,0,0
2026-03-27 21:33:57.878,762.392,1141,-6,13,0,1,1,0,0,1,0,0,0
2026-03-27 21:33:57.941,762.455,1141,-3,14,0,1,1,0,0,1,0,0,0
2026-03-27 21:33:57.959,762.473,1141,-5,13,0,1,1,0,0,1,0,0,0
2026-03-27 21:33:58.053,762.567,1141,-5,14,0,1,1,0,0,1,0,0,0
2026-03-27 21:33:58.054,762.568,1143,-6,14,1,0,0,0,0,0,0,0,0
2026-03-27 21:33:58.055,762.570,1142,-5,13,0,1,1,0,0,1,0,0,0
2026-03-27 21:33:58.149,762.664,1142,-6,14,0,1,1,0,0,1,0,0,0
2026-03-27 21:33:58.277,762.791,1142,-6,13,0,1,1,0,0,1,0,0,0
2026-03-27 21:33:58.278,762.793,1142,-6,14,0,1,1,0,0,1,0,0,0
2026-03-27 21:33:58.389,762.903,1142,-3,13,0,1,1,0,0,1,0,0,0
2026-03-27 21:33:58.470,762.984,1141,-3,13,0,1,1,0,0,1,0,0,0
2026-03-27 21:33:58.630,763.144,1141,-5,13,0,1,1,0,0,1,0,0,0
2026-03-27 21:33:58.709,763.223,1141,-2,13,0,1,1,0,0,1,0,0,0
2026-03-27 21:33:58.790,763.304,1143,-6,14,0,1,1,0,0,1,0,0,0
2026-03-27 21:33:58.886,763.400,1142,-3,13,0,1,1,0,0,1,0,0,0
2026-03-27 21:33:59.062,763.576,1142,-6,13,0,1,1,0,0,1,0,0,0
2026-03-27 21:33:59.063,763.577,1142,-3,14,0,1,1,0,0,1,0,0,0
2026-03-27 21:33:59.077,763.591,1141,-6,13,0,1,1,0,0,1,0,0,0
2026-03-27 21:33:59.126,763.640,1141,-6,13,0,1,1,0,0,1,0,0,0
2026-03-27 21:33:59.253,763.767,1141,-5,13,0,1,1,0,0,1,0,0,0
2026-03-27 21:33:59.365,763.879,1141,-3,13,0,1,1,0,0,1,0,0,0
2026-03-27 21:33:59.477,763.991,1141,-5,13,0,1,1,0,0,1,0,0,0
2026-03-27 21:33:59.541,764.055,1141,-5,14,0,1,1,0,0,1,0,0,0
2026-03-27 21:33:59.669,764.183,1142,-3,13,0,1,1,0,0,1,0,0,0
2026-03-27 21:33:59.685,764.199,1142,-3,14,0,1,1,0,0,1,0,0,0
2026-03-27 21:33:59.813,764.327,1142,-3,13,0,1,1,0,0,1,0,0,0
2026-03-27 21:33:59.862,764.377,1141,-5,14,0,1,1,0,0,1,0,0,0
2026-03-27 21:34:00.037,764.551,1141,-3,14,0,1,1,0,0,1,0,0,0
2026-03-27 21:34:00.038,764.552,1142,-3,13,0,1,1,0,0,1,0,0,0
2026-03-27 21:34:00.180,764.694,1141,-3,13,0,1,1,0,0,1,0,0,0
2026-03-27 21:34:00.261,764.775,1141,-5,13,0,1,1,0,0,1,0,0,0
2026-03-27 21:34:00.324,764.839,1141,-3,13,0,1,1,0,0,1,0,0,0
2026-03-27 21:34:00.326,764.840,1141,-3,14,0,1,1,0,0,1,0,0,0
2026-03-27 21:34:00.357,764.872,1141,-3,14,0,1,1,0,0,1,0,0,0
2026-03-27 21:34:00.375,764.889,1141,-3,14,0,1,1,0,0,1,0,0,0
2026-03-27 21:34:00.501,765.015,1141,-3,13,0,1,1,0,0,1,0,0,0
2026-03-27 21:34:00.613,765.127,1141,-3,13,0,1,1,0,0,1,0,0,0
2026-03-27 21:34:00.677,765.191,1142,-5,14,0,1,1,0,0,1,0,0,0
2026-03-27 21:34:00.854,765.368,1142,-3,13,0,1,1,0,0,1,0,0,0
2026-03-27 21:34:00.869,765.384,1142,-6,14,0,1,1,0,0,1,0,0,0
2026-03-27 21:34:00.885,765.399,1142,-6,14,0,1,1,0,0,1,0,0,0
2026-03-27 21:34:00.949,765.463,1142,-6,14,0,1,1,0,0,1,0,0,0
2026-03-27 21:34:01.061,765.575,1141,-3,14,0,1,1,0,0,1,0,0,0
2026-03-27 21:34:01.205,765.719,1141,-6,14,0,1,1,0,0,1,0,0,0
2026-03-27 21:34:01.269,765.783,1142,-3,13,0,1,1,0,0,1,0,0,0
2026-03-27 21:34:01.381,765.895,1141,-3,13,0,1,1,0,0,1,0,0,0
2026-03-27 21:34:01.383,765.897,1141,-3,13,0,1,1,0,0,1,0,0,0
2026-03-27 21:34:01.477,765.991,1141,-3,14,0,1,1,0,0,1,0,0,0
2026-03-27 21:34:01.621,766.136,1141,-5,13,0,1,1,0,0,1,0,0,0
2026-03-27 21:34:01.685,766.199,1141,-6,13,0,1,1,0,0,1,0,0,0
2026-03-27 21:34:01.828,766.343,1141,-6,14,0,1,1,0,0,1,0,0,0
2026-03-27 21:34:01.860,766.374,1141,-3,11,0,1,1,0,0,1,0,0,0
2026-03-27 21:34:01.862,766.376,1141,-3,11,0,1,1,0,0,1,0,0,0
2026-03-27 21:34:02.021,766.535,1142,-6,14,0,1,1,0,0,1,0,0,0
2026-03-27 21:34:02.039,766.554,1142,-3,11,0,1,1,0,0,1,0,0,0
2026-03-27 21:34:02.149,766.663,1142,-3,11,0,1,1,0,0,1,0,0,0
2026-03-27 21:34:02.197,766.711,1141,-4,14,0,1,1,0,0,1,0,0,0
2026-03-27 21:34:02.325,766.839,1142,-6,13,0,1,1,0,0,1,0,0,0
2026-03-27 21:34:02.422,766.936,1141,-3,14,0,1,1,0,0,1,0,0,0
2026-03-27 21:34:02.598,767.112,1142,-3,14,0,1,1,0,0,1,0,0,0
2026-03-27 21:34:02.709,767.223,1141,-5,13,0,1,1,0,0,1,0,0,0
2026-03-27 21:34:02.837,767.351,1142,-5,13,0,1,1,0,0,1,0,0,0
2026-03-27 21:34:02.917,767.431,1142,-3,13,0,1,1,0,0,1,0,0,0
2026-03-27 21:34:03.045,767.559,1141,-3,14,0,1,1,0,0,1,0,0,0
2026-03-27 21:34:03.205,767.719,1142,-6,14,0,1,1,0,0,1,0,0,0
2026-03-27 21:34:03.333,767.847,1141,-5,13,0,1,1,0,0,1,0,0,0
2026-03-27 21:34:03.557,768.071,1142,-3,13,0,1,1,0,0,1,0,0,0
2026-03-27 21:34:03.637,768.152,1141,-3,13,0,1,1,0,0,1,0,0,0
2026-03-27 21:34:03.652,768.167,1141,-6,13,0,1,1,0,0,1,0,0,0
2026-03-27 21:34:03.781,768.295,1141,-6,13,0,1,1,0,0,1,0,0,0
2026-03-27 21:34:03.893,768.407,1142,-3,14,0,1,1,0,0,1,0,0,0
2026-03-27 21:34:04.005,768.519,1141,-3,14,0,1,1,0,0,1,0,0,0
2026-03-27 21:34:04.101,768.615,1141,-3,14,0,1,1,0,0,1,0,0,0
2026-03-27 21:34:04.245,768.759,1141,-3,14,0,1,1,0,0,1,0,0,0
2026-03-27 21:34:04.325,768.839,1141,-5,13,0,1,1,0,0,1,0,0,0
2026-03-27 21:34:04.501,769.015,1141,-3,13,0,1,1,0,0,1,0,0,0
2026-03-27 21:34:04.597,769.111,1142,-3,14,0,1,1,0,0,1,0,0,0
2026-03-27 21:34:04.708,769.222,1142,-3,14,0,1,1,0,0,1,0,0,0
2026-03-27 21:34:04.853,769.367,1141,-6,13,0,1,1,0,0,1,0,0,0
2026-03-27 21:34:04.981,769.495,1141,-6,14,0,1,1,0,0,1,0,0,0
2026-03-27 21:34:05.060,769.575,1141,-6,14,0,1,1,0,0,1,0,0,0
2026-03-27 21:34:05.188,769.703,1141,-6,14,0,1,1,0,0,1,0,0,0
2026-03-27 21:34:05.301,769.815,1141,-3,14,0,1,1,0,0,1,0,0,0
2026-03-27 21:34:05.412,769.927,1141,-6,14,0,1,1,0,0,1,0,0,0
2026-03-27 21:34:05.541,770.055,1141,-3,13,0,1,1,0,0,1,0,0,0
2026-03-27 21:34:05.653,770.167,1141,-5,14,0,1,1,0,0,1,0,0,0
2026-03-27 21:34:05.732,770.247,1141,-6,13,0,1,1,0,0,1,0,0,0
2026-03-27 21:34:05.813,770.327,1141,-3,14,0,1,1,0,0,1,0,0,0
2026-03-27 21:34:05.908,770.422,1141,-6,14,0,1,1,0,0,1,0,0,0
2026-03-27 21:34:05.910,770.424,1142,-6,14,0,1,1,0,0,1,0,0,0
2026-03-27 21:34:05.911,770.425,-3,0,13,0,1,1,0,0,1,0,0,0
2026-03-27 21:34:06.037,770.551,1141,-6,14,0,1,1,0,0,1,0,0,0
2026-03-27 21:34:06.148,770.662,1142,-6,14,0,1,1,0,0,1,0,0,0
2026-03-27 21:34:06.229,770.743,1142,-6,13,0,1,1,0,0,1,0,0,0
2026-03-27 21:34:06.325,770.839,1141,-5,14,0,1,1,0,0,1,0,0,0
2026-03-27 21:34:06.421,770.935,1141,-3,14,0,1,1,0,0,1,0,0,0
2026-03-27 21:34:06.423,770.937,1141,-6,13,0,1,1,0,0,1,0,0,0
2026-03-27 21:34:06.469,770.983,1141,-6,13,0,1,1,0,0,1,0,0,0
2026-03-27 21:34:06.629,771.143,1141,-6,11,0,1,1,0,0,1,0,0,0
2026-03-27 21:34:06.740,771.255,1141,-6,13,0,1,1,0,0,1,0,0,0
2026-03-27 21:34:06.837,771.351,1141,-3,13,0,1,1,0,0,1,0,0,0
2026-03-27 21:34:06.949,771.463,1143,-5,14,0,1,1,0,0,1,0,0,0
2026-03-27 21:34:07.093,771.607,1141,-5,13,0,1,1,0,0,1,0,0,0
2026-03-27 21:34:07.140,771.654,1142,-3,14,0,1,1,0,0,1,0,0,0
2026-03-27 21:34:07.157,771.671,1142,-3,13,0,1,1,0,0,1,0,0,0
2026-03-27 21:34:07.268,771.782,1141,-3,14,0,1,1,0,0,1,0,0,0
2026-03-27 21:34:07.332,771.847,1142,-5,13,0,1,1,0,0,1,0,0,0
2026-03-27 21:34:07.460,771.974,1142,-6,14,0,1,1,0,0,1,0,0,0
2026-03-27 21:34:07.604,772.118,1141,-5,13,0,1,1,0,0,1,0,0,0
2026-03-27 21:34:07.700,772.214,1142,-3,13,0,1,1,0,0,1,0,0,0
2026-03-27 21:34:07.812,772.327,1142,-3,13,0,1,1,0,0,1,0,0,0
2026-03-27 21:34:07.877,772.391,1142,-3,14,0,1,1,0,0,1,0,0,0
2026-03-27 21:34:07.940,772.454,1141,-6,14,0,1,1,0,0,1,0,0,0
2026-03-27 21:34:08.085,772.599,1142,-6,14,0,1,1,0,0,1,0,0,0
2026-03-27 21:34:08.132,772.646,1141,-3,11,0,1,1,0,0,1,0,0,0
2026-03-27 21:34:08.148,772.662,1141,-6,14,0,1,1,0,0,1,0,0,0
2026-03-27 21:34:08.341,772.855,1141,-3,13,0,1,1,0,0,1,0,0,0
2026-03-27 21:34:08.343,772.857,1141,-6,14,0,1,1,0,0,1,0,0,0
2026-03-27 21:34:08.373,772.887,1141,-5,13,0,1,1,0,0,1,0,0,0
2026-03-27 21:34:08.452,772.967,1141,-6,14,0,1,1,0,0,1,0,0,0
2026-03-27 21:34:08.549,773.063,1142,-5,14,0,1,1,0,0,1,0,0,0
2026-03-27 21:34:08.660,773.174,1142,-6,14,0,1,1,0,0,1,0,0,0
2026-03-27 21:34:08.676,773.191,1142,-6,14,0,1,1,0,0,1,0,0,0
2026-03-27 21:34:08.678,773.193,1141,-6,14,0,1,1,0,0,1,0,0,0
2026-03-27 21:34:08.788,773.302,1141,-6,13,0,1,1,0,0,1,0,0,0
2026-03-27 21:34:08.885,773.399,1142,-3,13,0,1,1,0,0,1,0,0,0
2026-03-27 21:34:08.902,773.416,1141,-6,13,0,1,1,0,0,1,0,0,0
2026-03-27 21:34:08.932,773.446,1141,-6,14,0,1,1,0,0,1,0,0,0
2026-03-27 21:34:09.140,773.655,1142,-3,13,0,1,1,0,0,1,0,0,0
2026-03-27 21:34:09.349,773.863,1141,-3,14,0,1,1,0,0,1,0,0,0
2026-03-27 21:34:09.509,774.023,1141,-6,14,0,1,1,0,0,1,0,0,0
2026-03-27 21:34:09.605,774.119,1141,-5,13,0,1,1,0,0,1,0,0,0
2026-03-27 21:34:09.620,774.134,1141,-3,13,0,1,1,0,0,1,0,0,0
2026-03-27 21:34:09.653,774.167,1141,-3,14,0,1,1,0,0,1,0,0,0
2026-03-27 21:34:09.764,774.278,1142,-3,13,0,1,1,0,0,1,0,0,0
2026-03-27 21:34:09.924,774.438,1143,-3,14,0,1,1,0,0,1,0,0,0
2026-03-27 21:34:10.132,774.646,1141,-6,14,0,1,1,0,0,1,0,0,0
2026-03-27 21:34:10.276,774.791,1141,-5,14,0,1,1,0,0,1,0,0,0
2026-03-27 21:34:10.324,774.838,1141,-3,14,0,1,1,0,0,1,0,0,0
2026-03-27 21:34:10.452,774.966,1141,-6,14,0,1,1,0,0,1,0,0,0
2026-03-27 21:34:10.453,774.967,1142,-5,13,0,1,1,0,0,1,0,0,0
2026-03-27 21:34:10.455,774.969,1142,-3,14,0,1,1,0,0,1,0,0,0
2026-03-27 21:34:10.516,775.030,1142,-3,13,0,1,1,0,0,1,0,0,0
2026-03-27 21:34:10.645,775.159,1141,-5,14,0,1,1,0,0,1,0,0,0
2026-03-27 21:34:10.677,775.191,1142,-6,13,0,1,1,0,0,1,0,0,0
2026-03-27 21:34:10.692,775.206,1142,-3,13,0,1,1,0,0,1,0,0,0
2026-03-27 21:34:10.821,775.335,1142,-3,14,0,1,1,0,0,1,0,0,0
2026-03-27 21:34:10.823,775.337,1142,-6,14,0,1,1,0,0,1,0,0,0
2026-03-27 21:34:10.916,775.431,1142,-5,13,0,1,1,0,0,1,0,0,0
2026-03-27 21:34:10.919,775.433,1141,-6,14,0,1,1,0,0,1,0,0,0
2026-03-27 21:34:10.996,775.510,1142,-5,14,0,1,1,0,0,1,0,0,0
2026-03-27 21:34:11.124,775.638,1142,-6,14,0,1,1,0,0,1,0,0,0
2026-03-27 21:34:11.252,775.767,1142,-3,13,0,1,1,0,0,1,0,0,0
2026-03-27 21:34:11.300,775.815,1141,-6,14,0,1,1,0,0,1,0,0,0
2026-03-27 21:34:11.445,775.959,1143,-5,13,0,1,1,0,0,1,0,0,0
2026-03-27 21:34:11.557,776.071,1141,-5,13,0,1,1,0,0,1,0,0,0
2026-03-27 21:34:11.685,776.199,1142,-6,14,0,1,1,0,0,1,0,0,0
2026-03-27 21:34:11.748,776.262,1141,-3,13,0,1,1,0,0,1,0,0,0
2026-03-27 21:34:11.750,776.264,1141,-3,14,0,1,1,0,0,1,0,0,0
2026-03-27 21:34:11.752,776.266,1141,-5,14,0,1,1,0,0,1,0,0,0
2026-03-27 21:34:11.893,776.407,1141,-5,13,0,1,1,0,0,1,0,0,0
2026-03-27 21:34:11.908,776.422,1141,-3,13,0,1,1,0,0,1,0,0,0
2026-03-27 21:34:12.004,776.518,1142,-3,14,0,1,1,0,0,1,0,0,0
2026-03-27 21:34:12.036,776.550,1141,-3,13,0,1,1,0,0,1,0,0,0
2026-03-27 21:34:12.131,776.646,1141,-3,13,0,1,1,0,0,1,0,0,0
2026-03-27 21:34:12.134,776.648,1141,-5,13,0,1,1,0,0,1,0,0,0
2026-03-27 21:34:12.276,776.790,1141,-5,14,0,1,1,0,0,1,0,0,0
2026-03-27 21:34:12.340,776.854,1141,-3,14,0,1,1,0,0,1,0,0,0
2026-03-27 21:34:12.420,776.935,1142,-6,13,0,1,1,0,0,1,0,0,0
2026-03-27 21:34:12.436,776.950,1141,-6,14,0,1,1,0,0,1,0,0,0
2026-03-27 21:34:12.580,777.095,1141,-6,13,0,1,1,0,0,1,0,0,0
2026-03-27 21:34:12.676,777.190,1142,-6,14,0,1,1,0,0,1,0,0,0
2026-03-27 21:34:12.756,777.270,1141,-6,11,0,1,1,0,0,1,0,0,0
2026-03-27 21:34:12.885,777.399,1141,-3,13,0,1,1,0,0,1,0,0,0
2026-03-27 21:34:12.901,777.416,1142,-3,14,0,1,1,0,0,1,0,0,0
2026-03-27 21:34:13.077,777.591,1142,-3,13,0,1,1,0,0,1,0,0,0
2026-03-27 21:34:13.188,777.702,1141,-3,13,0,1,1,0,0,1,0,0,0
2026-03-27 21:34:13.205,777.719,1141,-6,13,0,1,1,0,0,1,0,0,0
2026-03-27 21:34:13.207,777.721,1141,-6,14,0,1,1,0,0,1,0,0,0
2026-03-27 21:34:13.300,777.814,1141,-6,13,0,1,1,0,0,1,0,0,0
2026-03-27 21:34:13.365,777.879,1142,-6,14,0,1,1,0,0,1,0,0,0
2026-03-27 21:34:13.557,778.071,1141,-3,14,0,1,1,0,0,1,0,0,0
2026-03-27 21:34:13.716,778.230,1141,-6,14,0,1,1,0,0,1,0,0,0
2026-03-27 21:34:13.732,778.246,1141,-6,13,0,1,1,0,0,1,0,0,0
2026-03-27 21:34:13.798,778.312,1141,-6,13,0,1,1,0,0,1,0,0,0
2026-03-27 21:34:13.908,778.422,1142,-3,14,0,1,1,0,0,1,0,0,0
2026-03-27 21:34:13.925,778.439,1141,-6,13,0,1,1,0,0,1,0,0,0
2026-03-27 21:34:13.926,778.440,1141,-6,14,0,1,1,0,0,1,0,0,0
2026-03-27 21:34:14.036,778.550,1141,-5,13,0,1,1,0,0,1,0,0,0
2026-03-27 21:34:14.037,778.551,1141,-6,14,0,1,1,0,0,1,0,0,0
2026-03-27 21:34:14.261,778.775,1142,-3,14,0,1,1,0,0,1,0,0,0
2026-03-27 21:34:14.388,778.902,1141,-3,14,0,1,1,0,0,1,0,0,0
2026-03-27 21:34:14.548,779.063,1141,-3,14,0,1,1,0,0,1,0,0,0
2026-03-27 21:34:14.550,779.064,1142,-3,14,0,1,1,0,0,1,0,0,0
2026-03-27 21:34:14.565,779.079,1141,-6,14,0,1,1,0,0,1,0,0,0
2026-03-27 21:34:14.567,779.082,1141,-5,13,0,1,1,0,0,1,0,0,0
2026-03-27 21:34:14.709,779.223,1141,-6,14,0,1,1,0,0,1,0,0,0
2026-03-27 21:34:14.756,779.270,1141,-6,14,0,1,1,0,0,1,0,0,0
2026-03-27 21:34:14.772,779.286,1142,-6,14,0,1,1,0,0,1,0,0,0
2026-03-27 21:34:14.868,779.382,1142,-3,14,0,1,1,0,0,1,0,0,0
2026-03-27 21:34:15.028,779.542,1142,-5,14,0,1,1,0,0,1,0,0,0
2026-03-27 21:34:15.029,779.543,1142,-6,13,0,1,1,0,0,1,0,0,0
2026-03-27 21:34:15.156,779.670,1141,-5,14,0,1,1,0,0,1,0,0,0
2026-03-27 21:34:15.220,779.734,1141,-6,13,0,1,1,0,0,1,0,0,0
2026-03-27 21:34:15.332,779.846,1141,-3,13,0,1,1,0,0,1,0,0,0
2026-03-27 21:34:15.476,779.991,1141,-3,14,0,1,1,0,0,1,0,0,0
2026-03-27 21:34:15.525,780.039,1142,-3,14,0,1,1,0,0,1,0,0,0
2026-03-27 21:34:15.621,780.135,1142,-3,14,0,1,1,0,0,1,0,0,0
2026-03-27 21:34:15.747,780.261,1141,-3,13,0,1,1,0,0,1,0,0,0
2026-03-27 21:34:15.749,780.263,1142,-3,14,0,1,1,0,0,1,0,0,0
2026-03-27 21:34:15.812,780.326,1141,-6,14,0,1,1,0,0,1,0,0,0
2026-03-27 21:34:15.860,780.374,1142,-3,13,0,1,1,0,0,1,0,0,0
2026-03-27 21:34:15.877,780.391,1141,-6,14,0,1,1,0,0,1,0,0,0
2026-03-27 21:34:16.004,780.518,1141,-6,14,0,1,1,0,0,1,0,0,0
2026-03-27 21:34:16.068,780.582,1141,-5,14,0,1,1,0,0,1,0,0,0
2026-03-27 21:34:16.244,780.758,1142,-6,14,0,1,1,0,0,1,0,0,0
2026-03-27 21:34:16.260,780.775,1142,-6,14,0,1,1,0,0,1,0,0,0
2026-03-27 21:34:16.356,780.870,1141,-6,14,0,1,1,0,0,1,0,0,0
2026-03-27 21:34:16.388,780.902,1141,-3,14,0,1,1,0,0,1,0,0,0
2026-03-27 21:34:16.392,780.907,1141,-3,13,0,1,1,0,0,1,0,0,0
2026-03-27 21:34:16.500,781.015,1142,-6,13,0,1,1,0,0,1,0,0,0
2026-03-27 21:34:16.548,781.062,1142,-3,13,0,1,1,0,0,1,0,0,0
2026-03-27 21:34:16.552,781.066,1142,-6,14,0,1,1,0,0,1,0,0,0
2026-03-27 21:34:16.708,781.222,1142,-6,13,0,1,1,0,0,1,0,0,0
2026-03-27 21:34:16.772,781.286,1141,-3,13,0,1,1,0,0,1,0,0,0
2026-03-27 21:34:16.774,781.288,1141,-6,13,0,1,1,0,0,1,0,0,0
2026-03-27 21:34:16.884,781.398,1141,-6,13,0,1,1,0,0,1,0,0,0
2026-03-27 21:34:16.885,781.399,1141,-5,14,0,1,1,0,0,1,0,0,0
2026-03-27 21:34:16.947,781.462,1142,-5,13,0,1,1,0,0,1,0,0,0
2026-03-27 21:34:16.950,781.464,1142,-6,14,0,1,1,0,0,1,0,0,0
2026-03-27 21:34:17.076,781.590,1141,-3,13,0,1,1,0,0,1,0,0,0
2026-03-27 21:34:17.236,781.750,1142,-5,11,0,1,1,0,0,1,0,0,0
2026-03-27 21:34:17.364,781.878,1142,-6,13,0,1,1,0,0,1,0,0,0
2026-03-27 21:34:17.366,781.881,1141,-6,14,0,1,1,0,0,1,0,0,0
2026-03-27 21:34:17.397,781.911,1141,-3,14,0,1,1,0,0,1,0,0,0
2026-03-27 21:34:17.524,782.038,1142,-6,14,0,1,1,0,0,1,0,0,0
2026-03-27 21:34:17.620,782.135,1142,-3,13,0,1,1,0,0,1,0,0,0
2026-03-27 21:34:17.716,782.230,1141,-5,14,0,1,1,0,0,1,0,0,0
2026-03-27 21:34:17.860,782.374,1141,-3,14,0,1,1,0,0,1,0,0,0
2026-03-27 21:34:17.988,782.502,1144,-3,14,0,1,1,0,0,1,0,0,0
2026-03-27 21:34:18.083,782.598,1142,-6,14,0,1,1,0,0,1,0,0,0
2026-03-27 21:34:18.100,782.614,1142,-5,13,0,1,1,0,0,1,0,0,0
2026-03-27 21:34:18.164,782.678,1142,-6,13,0,1,1,0,0,1,0,0,0
2026-03-27 21:34:18.212,782.726,1141,-6,14,0,1,1,0,0,1,0,0,0
2026-03-27 21:34:18.371,782.886,-40,-40,1217,0,1,1,0,0,1,0,0,0
2026-03-27 21:34:18.373,782.887,-40,-40,1246,0,1,1,0,0,1,0,0,0
2026-03-27 21:34:18.373,782.888,-40,0,0,0,0,0,0,0,0,0,0,0
2026-03-27 21:34:18.375,782.889,-40,-40,1231,0,1,1,0,0,1,0,0,0
2026-03-27 21:34:18.628,783.142,-211,0,0,0,1,1,0,0,1,0,0,0
2026-03-27 21:34:18.708,783.222,-40,2491,1246,0,1,1,0,0,1,0,0,0
2026-03-27 21:34:18.836,783.350,-40,-40,1211,0,1,1,0,0,1,0,0,0
2026-03-27 21:34:18.965,783.479,-40,2483,1242,0,1,1,0,0,1,0,0,0
2026-03-27 21:34:19.107,783.622,-40,2495,1227,0,1,1,0,0,1,0,0,0
2026-03-27 21:34:19.109,783.623,-40,2476,1216,0,1,1,0,0,1,0,0,0
2026-03-27 21:34:19.172,783.686,-40,2491,1231,0,1,1,0,0,1,0,0,0
2026-03-27 21:34:19.315,783.830,1612,-5,13,0,1,1,0,0,1,0,0,0
2026-03-27 21:34:19.317,783.831,1540,-6,14,0,1,1,0,0,1,0,0,0
2026-03-27 21:34:19.427,783.941,1181,-5,13,0,1,1,0,0,1,0,0,0
2026-03-27 21:34:19.524,784.038,1151,-3,13,0,1,1,0,0,1,0,0,0
2026-03-27 21:34:19.636,784.150,1144,-6,14,0,1,1,0,0,1,0,0,0
2026-03-27 21:34:19.684,784.198,1143,-6,14,0,1,1,0,0,1,0,0,0
2026-03-27 21:34:19.828,784.342,1143,-3,14,0,1,1,0,0,1,0,0,0
2026-03-27 21:34:19.892,784.406,1143,-6,13,0,1,1,0,0,1,0,0,0
2026-03-27 21:34:20.053,784.567,1142,-3,14,0,1,1,0,0,1,0,0,0
2026-03-27 21:34:20.147,784.661,1142,-3,13,0,1,1,0,0,1,0,0,0
2026-03-27 21:34:20.149,784.664,1142,-3,13,0,1,1,0,0,1,0,0,0
2026-03-27 21:34:20.196,784.710,1142,-3,14,0,1,1,0,0,1,0,0,0
2026-03-27 21:34:20.211,784.725,1142,-6,14,0,1,1,0,0,1,0,0,0
2026-03-27 21:34:20.292,784.806,1142,-6,14,0,1,1,0,0,1,0,0,0
2026-03-27 21:34:20.295,784.809,1142,-5,14,0,1,1,0,0,1,0,0,0
2026-03-27 21:34:20.356,784.870,1142,-6,14,0,1,1,0,0,1,0,0,0
2026-03-27 21:34:20.516,785.030,1142,-3,14,0,1,1,0,0,1,0,0,0
2026-03-27 21:34:20.580,785.094,1142,-3,14,0,1,1,0,0,1,0,0,0
2026-03-27 21:34:20.595,785.110,1142,-3,14,0,1,1,0,0,1,0,0,0
2026-03-27 21:34:20.676,785.190,1142,-6,13,0,1,1,0,0,1,0,0,0
2026-03-27 21:34:20.819,785.333,1142,-6,14,0,1,1,0,0,1,0,0,0
2026-03-27 21:34:20.821,785.335,1142,-5,14,0,1,1,0,0,1,0,0,0
2026-03-27 21:34:20.948,785.462,1142,-3,13,0,1,1,0,0,1,0,0,0
2026-03-27 21:34:21.028,785.542,1141,-3,13,0,1,1,0,0,1,0,0,0
2026-03-27 21:34:21.043,785.558,1141,-3,14,0,1,1,0,0,1,0,0,0
2026-03-27 21:34:21.108,785.622,1142,-3,14,0,1,1,0,0,1,0,0,0
2026-03-27 21:34:21.204,785.719,1142,-5,14,0,1,1,0,0,1,0,0,0
2026-03-27 21:34:21.508,786.022,1141,-5,14,0,1,1,0,0,1,0,0,0
2026-03-27 21:34:21.510,786.024,1141,-3,14,0,1,1,0,0,1,0,0,0
2026-03-27 21:34:21.621,786.135,1142,-3,14,0,1,1,0,0,1,0,0,0
2026-03-27 21:34:21.779,786.293,1142,-6,13,0,1,1,0,0,1,0,0,0
2026-03-27 21:34:21.782,786.296,1141,-3,14,0,1,1,0,0,1,0,0,0
2026-03-27 21:34:21.876,786.391,1141,-6,13,0,1,1,0,0,1,0,0,0
2026-03-27 21:34:21.988,786.502,1141,-3,13,0,1,1,0,0,1,0,0,0
2026-03-27 21:34:22.132,786.646,1141,-3,13,0,1,1,0,0,1,0,0,0
2026-03-27 21:34:22.133,786.647,1141,-6,13,0,1,1,0,0,1,0,0,0
2026-03-27 21:34:22.134,786.648,1142,-1,0,0,0,0,0,0,0,0,0,0
2026-03-27 21:34:22.135,786.649,1142,-3,14,0,1,1,0,0,1,0,0,0
2026-03-27 21:34:22.244,786.759,1142,-3,13,0,1,1,0,0,1,0,0,0
2026-03-27 21:34:22.292,786.806,1143,-3,14,0,1,1,0,0,1,0,0,0
2026-03-27 21:34:22.388,786.902,1142,-3,13,0,1,1,0,0,1,0,0,0
2026-03-27 21:34:22.404,786.918,1141,-3,14,0,1,1,0,0,1,0,0,0
2026-03-27 21:34:22.532,787.046,1141,-3,13,0,1,1,0,0,1,0,0,0
2026-03-27 21:34:22.660,787.175,1141,-3,13,0,1,1,0,0,1,0,0,0
2026-03-27 21:34:22.740,787.255,1141,-6,14,0,1,1,0,0,1,0,0,0
2026-03-27 21:34:22.899,787.414,1141,-3,13,0,1,1,0,0,1,0,0,0
2026-03-27 21:34:22.948,787.462,1141,-6,13,0,1,1,0,0,1,0,0,0
2026-03-27 21:34:22.951,787.465,1142,-6,14,0,1,1,0,0,1,0,0,0
2026-03-27 21:34:23.028,787.542,1142,-6,14,0,1,1,0,0,1,0,0,0
2026-03-27 21:34:23.172,787.686,1141,-6,14,0,1,1,0,0,1,0,0,0
2026-03-27 21:34:23.283,787.797,1141,-3,14,0,1,1,0,0,1,0,0,0
2026-03-27 21:34:23.285,787.799,1140,-6,13,0,1,1,0,0,1,0,0,0
2026-03-27 21:34:23.380,787.894,1141,-6,13,0,1,1,0,0,1,0,0,0
2026-03-27 21:34:23.382,787.896,1141,-3,13,0,1,1,0,0,1,0,0,0
2026-03-27 21:34:23.492,788.006,1141,-3,13,0,1,1,0,0,1,0,0,0
2026-03-27 21:34:23.603,788.117,1140,-3,13,0,1,1,0,0,1,0,0,0
2026-03-27 21:34:23.605,788.119,1141,-3,14,0,1,1,0,0,1,0,0,0
2026-03-27 21:34:23.606,788.120,1,0,0,0,0,0,0,0,1,0,0,0
2026-03-27 21:34:23.715,788.230,-40,-40,1227,0,1,1,0,0,1,0,0,0
2026-03-27 21:34:23.717,788.231,-40,-40,1215,0,1,1,0,0,1,0,0,0
2026-03-27 21:34:23.796,788.310,-40,-40,1216,0,1,1,0,0,1,0,0,0
2026-03-27 21:34:23.908,788.422,1840,-6,14,0,1,1,0,0,1,0,0,0
2026-03-27 21:34:23.987,788.502,1264,-6,13,0,1,1,0,0,1,0,0,0
2026-03-27 21:34:24.083,788.597,1169,-6,14,0,1,1,0,0,1,0,0,0
2026-03-27 21:34:24.084,788.599,1165,-6,14,0,1,1,0,0,1,0,0,0
2026-03-27 21:34:24.227,788.741,1147,-3,13,0,1,1,0,0,1,0,0,0
2026-03-27 21:34:24.229,788.743,1147,-3,14,0,1,1,0,0,1,0,0,0
2026-03-27 21:34:24.323,788.837,1144,-3,13,0,1,1,0,0,1,0,0,0
2026-03-27 21:34:24.467,788.982,1142,-5,13,0,1,1,0,0,1,0,0,0
2026-03-27 21:34:24.563,789.078,1142,-6,13,0,1,1,0,0,1,0,0,0
2026-03-27 21:34:24.660,789.174,1143,-3,14,0,1,1,0,0,1,0,0,0
2026-03-27 21:34:24.723,789.237,1142,-3,14,0,1,1,0,0,1,0,0,0
2026-03-27 21:34:24.820,789.334,1142,-6,14,0,1,1,0,0,1,0,0,0
2026-03-27 21:34:24.963,789.477,1142,-6,13,0,1,1,0,0,1,0,0,0
2026-03-27 21:34:25.044,789.559,1142,-5,13,0,1,1,0,0,1,0,0,0
2026-03-27 21:34:25.156,789.671,1142,-6,13,0,1,1,0,0,1,0,0,0
2026-03-27 21:34:25.300,789.814,1142,-6,13,0,1,1,0,0,1,0,0,0
2026-03-27 21:34:25.396,789.910,1142,-6,13,0,1,1,0,0,1,0,0,0
2026-03-27 21:34:25.492,790.006,1142,-6,14,0,1,1,0,0,1,0,0,0
2026-03-27 21:34:25.509,790.023,1141,-3,14,0,1,1,0,0,1,0,0,0
2026-03-27 21:34:25.572,790.086,1141,-3,14,0,1,1,0,0,1,0,0,0
2026-03-27 21:34:25.715,790.229,1141,-6,14,0,1,1,0,0,1,0,0,0
2026-03-27 21:34:25.763,790.277,1141,-3,13,0,1,1,0,0,1,0,0,0
2026-03-27 21:34:25.779,790.293,1141,-3,14,0,1,1,0,0,1,0,0,0
2026-03-27 21:34:25.780,790.294,114,0,0,0,0,0,0,0,0,0,0,0
2026-03-27 21:34:25.781,790.295,1141,-6,14,0,1,1,0,0,1,0,0,0
2026-03-27 21:34:25.892,790.406,1141,-6,14,0,1,1,0,0,1,0,0,0
2026-03-27 21:34:26.035,790.550,1142,-3,14,0,1,1,0,0,1,0,0,0
2026-03-27 21:34:26.038,790.552,1140,-3,13,0,1,1,0,0,1,0,0,0
2026-03-27 21:34:26.148,790.662,1140,-3,14,0,1,1,0,0,1,0,0,0
2026-03-27 21:34:26.259,790.773,1140,-3,14,0,1,1,0,0,1,0,0,0
2026-03-27 21:34:26.276,790.791,1140,-3,14,0,1,1,0,0,1,0,0,0
2026-03-27 21:34:26.387,790.901,1140,-3,14,0,1,1,0,0,1,0,0,0
2026-03-27 21:34:26.484,790.998,1140,-6,13,0,1,1,0,0,1,0,0,0
2026-03-27 21:34:26.579,791.093,1141,-3,14,0,1,1,0,0,1,0,0,0
2026-03-27 21:34:26.581,791.095,1140,-6,14,0,1,1,0,0,1,0,0,0
2026-03-27 21:34:26.644,791.158,1141,-6,14,0,1,1,0,0,1,0,0,0
2026-03-27 21:34:26.646,791.160,1141,-5,14,0,1,1,0,0,1,0,0,0
2026-03-27 21:34:26.804,791.318,1141,-3,14,0,1,1,0,0,1,0,0,0
2026-03-27 21:34:26.883,791.397,1141,-3,13,0,1,1,0,0,1,0,0,0
2026-03-27 21:34:26.899,791.414,1141,-3,13,0,1,1,0,0,1,0,0,0
2026-03-27 21:34:27.027,791.541,1140,-3,13,0,1,1,0,0,1,0,0,0
2026-03-27 21:34:27.123,791.637,1141,-3,14,0,1,1,0,0,1,0,0,0
2026-03-27 21:34:27.235,791.749,1141,-3,14,0,1,1,0,0,1,0,0,0
2026-03-27 21:34:27.347,791.862,1140,-3,14,0,1,1,0,0,1,0,0,0
2026-03-27 21:34:27.459,791.973,1140,-3,14,0,1,1,0,0,1,0,0,0
2026-03-27 21:34:27.572,792.086,1140,-6,13,0,1,1,0,0,1,0,0,0
2026-03-27 21:34:27.619,792.133,1140,-6,13,0,1,1,0,0,1,0,0,0
2026-03-27 21:34:27.620,792.134,1141,-6,13,0,1,1,0,0,1,0,0,0
2026-03-27 21:34:27.779,792.293,1141,-6,13,0,1,1,0,0,1,0,0,0
2026-03-27 21:34:27.923,792.437,1140,-3,13,0,1,1,0,0,1,0,0,0
2026-03-27 21:34:27.939,792.453,1141,-6,13,0,1,1,0,0,1,0,0,0
2026-03-27 21:34:28.067,792.581,1140,-4,13,0,1,1,0,0,1,0,0,0
2026-03-27 21:34:28.163,792.677,1140,-6,13,0,1,1,0,0,1,0,0,0
2026-03-27 21:34:28.307,792.821,1140,-6,13,0,1,1,0,0,1,0,0,0
2026-03-27 21:34:28.310,792.825,1140,-3,13,0,1,1,0,0,1,0,0,0
2026-03-27 21:34:28.404,792.918,1140,-3,13,0,1,1,0,0,1,0,0,0
2026-03-27 21:34:28.563,793.077,1140,-3,14,0,1,1,0,0,1,0,0,0
2026-03-27 21:34:28.675,793.190,1140,-6,13,0,1,1,0,0,1,0,0,0
2026-03-27 21:34:28.677,793.191,1140,-6,13,0,1,1,0,0,1,0,0,0
2026-03-27 21:34:28.691,793.205,0,0,0,0,0,0,0,0,1,0,0,0
2026-03-27 21:34:28.787,793.301,1140,-3,13,0,1,1,0,0,1,0,0,0
2026-03-27 21:34:28.883,793.397,1140,-6,13,0,1,1,0,0,1,0,0,0
2026-03-27 21:34:29.027,793.541,1140,-3,13,0,1,1,0,0,1,0,0,0
2026-03-27 21:34:29.029,793.543,1140,-3,14,0,1,1,0,0,1,0,0,0
2026-03-27 21:34:29.123,793.638,1140,-3,13,0,1,1,0,0,1,0,0,0
2026-03-27 21:34:29.141,793.655,1141,-3,13,0,1,1,0,0,1,0,0,0
2026-03-27 21:34:29.300,793.814,1140,-6,13,0,1,1,0,0,1,0,0,0
2026-03-27 21:34:29.379,793.893,1140,-3,13,0,1,1,0,0,1,0,0,0
2026-03-27 21:34:29.507,794.021,1141,-6,13,0,1,1,0,0,1,0,0,0
2026-03-27 21:34:29.635,794.149,1141,-6,14,0,1,1,0,0,1,0,0,0
2026-03-27 21:34:29.699,794.213,1141,-3,13,0,1,1,0,0,1,0,0,0
2026-03-27 21:34:29.827,794.342,1141,-6,13,0,1,1,0,0,1,0,0,0
2026-03-27 21:34:29.892,794.406,1140,-3,13,0,1,1,0,0,1,0,0,0
2026-03-27 21:34:30.003,794.517,1141,-3,14,0,1,1,0,0,1,0,0,0
2026-03-27 21:34:30.083,794.597,1140,-6,13,0,1,1,0,0,1,0,0,0
2026-03-27 21:34:30.164,794.678,1140,-6,13,0,1,1,0,0,1,0,0,0
2026-03-27 21:34:30.212,794.726,1140,-3,13,0,1,1,0,0,1,0,0,0
2026-03-27 21:34:30.307,794.821,1141,-6,13,0,1,1,0,0,1,0,0,0
2026-03-27 21:34:30.419,794.933,1141,-3,14,0,1,1,0,0,1,0,0,0
2026-03-27 21:34:30.531,795.045,1142,-3,13,0,1,1,0,0,1,0,0,0
2026-03-27 21:34:30.532,795.046,1142,-3,13,0,1,1,0,0,1,0,0,0
2026-03-27 21:34:30.755,795.269,1141,-6,14,0,1,1,0,0,1,0,0,0
2026-03-27 21:34:30.787,795.301,1141,-3,13,0,1,1,0,0,1,0,0,0
2026-03-27 21:34:30.867,795.381,1140,-6,13,0,1,1,0,0,1,0,0,0
2026-03-27 21:34:31.027,795.541,1140,-3,14,0,1,1,0,0,1,0,0,0
2026-03-27 21:34:31.029,795.543,1140,-3,14,0,1,1,0,0,1,0,0,0
2026-03-27 21:34:31.029,795.543,0,0,0,0,0,0,0,0,0,0,0,0
2026-03-27 21:34:31.030,795.545,1140,-3,13,0,1,1,0,0,1,0,0,0
2026-03-27 21:34:31.076,795.590,1140,-3,13,0,1,1,0,0,1,0,0,0
2026-03-27 21:34:31.139,795.654,1140,-3,13,0,1,1,0,0,1,0,0,0
2026-03-27 21:34:31.235,795.749,1140,-3,14,0,1,1,0,0,1,0,0,0
2026-03-27 21:34:31.237,795.751,1140,-3,14,0,1,1,0,0,1,0,0,0
2026-03-27 21:34:31.347,795.861,1140,-3,13,0,1,1,0,0,1,0,0,0
2026-03-27 21:34:31.348,795.862,1140,-3,14,0,1,1,0,0,1,0,0,0
2026-03-27 21:34:31.395,795.909,1140,-3,13,0,1,1,0,0,1,0,0,0
2026-03-27 21:34:31.587,796.101,1139,-3,13,0,1,1,0,0,1,0,0,0
2026-03-27 21:34:31.603,796.117,1139,-3,13,0,1,1,0,0,1,0,0,0
2026-03-27 21:34:31.636,796.150,1139,-6,13,0,1,1,0,0,1,0,0,0
2026-03-27 21:34:31.667,796.181,1139,-4,13,0,1,1,0,0,1,0,0,0
2026-03-27 21:34:31.843,796.357,1140,-3,13,0,1,1,0,0,1,0,0,0
2026-03-27 21:34:31.891,796.405,1140,-3,13,0,1,1,0,0,1,0,0,0
2026-03-27 21:34:32.035,796.549,1140,-6,13,0,1,1,0,0,1,0,0,0
2026-03-27 21:34:32.052,796.567,1140,-6,13,0,1,1,0,0,1,0,0,0
2026-03-27 21:34:32.211,796.725,1140,-6,13,0,1,1,0,0,1,0,0,0
2026-03-27 21:34:32.307,796.821,1139,-6,13,0,1,1,0,0,1,0,0,0
2026-03-27 21:34:32.436,796.950,1140,-6,13,0,1,1,0,0,1,0,0,0
2026-03-27 21:34:32.483,796.998,1140,-6,13,0,1,1,0,0,1,0,0,0
2026-03-27 21:34:32.579,797.094,1140,-3,13,0,1,1,0,0,1,0,0,0
2026-03-27 21:34:32.676,797.190,1140,-3,13,0,1,1,0,0,1,0,0,0
2026-03-27 21:34:32.851,797.365,1140,-6,13,0,1,1,0,0,1,0,0,0
2026-03-27 21:34:32.867,797.381,1140,-4,13,0,1,1,0,0,1,0,0,0
2026-03-27 21:34:32.884,797.398,1140,-3,13,0,1,1,0,0,1,0,0,0
2026-03-27 21:34:32.979,797.493,1140,-6,13,0,1,1,0,0,1,0,0,0
2026-03-27 21:34:32.980,797.494,1140,-6,13,0,1,1,0,0,1,0,0,0
2026-03-27 21:34:33.123,797.638,1140,-4,13,0,1,1,0,0,1,0,0,0
2026-03-27 21:34:33.347,797.861,1140,-6,13,0,1,1,0,0,1,0,0,0
2026-03-27 21:34:33.428,797.942,1140,-6,13,0,1,1,0,0,1,0,0,0
2026-03-27 21:34:33.523,798.037,1140,-3,13,0,1,1,0,0,1,0,0,0
2026-03-27 21:34:33.540,798.054,1140,-3,13,0,1,1,0,0,1,0,0,0
2026-03-27 21:34:33.603,798.117,1140,-3,13,0,1,1,0,0,1,0,0,0
2026-03-27 21:34:33.604,798.118,1140,-4,13,0,1,1,0,0,1,0,0,0
2026-03-27 21:34:33.699,798.214,1140,-6,13,0,1,1,0,0,1,0,0,0
2026-03-27 21:34:33.811,798.325,1140,-3,13,0,1,1,0,0,1,0,0,0
2026-03-27 21:34:33.907,798.421,1140,-6,13,0,1,1,0,0,1,0,0,0
2026-03-27 21:34:34.067,798.581,1140,-3,13,0,1,1,0,0,1,0,0,0
2026-03-27 21:34:34.115,798.629,1141,-6,13,0,1,1,0,0,1,0,0,0
2026-03-27 21:34:34.117,798.631,1141,-6,13,0,1,1,0,0,1,0,0,0
2026-03-27 21:34:34.243,798.757,1140,-3,14,0,1,1,0,0,1,0,0,0
2026-03-27 21:34:34.340,798.854,1140,-6,13,0,1,1,0,0,1,0,0,0
2026-03-27 21:34:34.355,798.870,1140,-6,13,0,1,1,0,0,1,0,0,0
2026-03-27 21:34:34.435,798.949,1140,-6,14,0,1,1,0,0,1,0,0,0
2026-03-27 21:34:34.437,798.951,1140,-6,13,0,1,1,0,0,1,0,0,0
2026-03-27 21:34:34.595,799.109,1140,-6,14,0,1,1,0,0,1,0,0,0
2026-03-27 21:34:34.598,799.112,1140,-6,14,0,1,1,0,0,1,0,0,0
2026-03-27 21:34:34.627,799.141,1140,-6,14,0,1,1,0,0,1,0,0,0
2026-03-27 21:34:34.772,799.286,1140,-6,13,0,1,1,0,0,1,0,0,0
2026-03-27 21:34:34.915,799.429,1140,-6,13,0,1,1,0,0,1,0,0,0
2026-03-27 21:34:35.011,799.525,1140,-6,14,0,1,1,0,0,1,0,0,0
2026-03-27 21:34:35.058,799.573,1140,-3,13,0,1,1,0,0,1,0,0,0
2026-03-27 21:34:35.139,799.653,1140,-3,13,0,1,1,0,0,1,0,0,0
2026-03-27 21:34:35.251,799.765,1140,-3,13,0,1,1,0,0,1,0,0,0
2026-03-27 21:34:35.347,799.861,1140,-5,13,0,1,1,0,0,1,0,0,0
2026-03-27 21:34:35.492,800.006,1140,-6,13,0,1,1,0,0,1,0,0,0
2026-03-27 21:34:35.508,800.022,1140,-6,13,0,1,1,0,0,1,0,0,0
2026-03-27 21:34:35.604,800.118,1140,-6,13,0,1,1,0,0,1,0,0,0
2026-03-27 21:34:35.699,800.214,1139,-6,13,0,1,1,0,0,1,0,0,0
2026-03-27 21:34:35.763,800.277,1140,-6,13,0,1,1,0,0,1,0,0,0
2026-03-27 21:34:35.955,800.469,1140,-3,13,0,1,1,0,0,1,0,0,0
2026-03-27 21:34:35.987,800.501,1140,-6,13,0,1,1,0,0,1,0,0,0
2026-03-27 21:34:36.115,800.629,1140,-6,13,0,1,1,0,0,1,0,0,0
2026-03-27 21:34:36.195,800.709,1140,-6,13,0,1,1,0,0,1,0,0,0
2026-03-27 21:34:36.198,800.712,1140,-3,13,0,1,1,0,0,1,0,0,0
2026-03-27 21:34:36.307,800.821,1140,-3,13,0,1,1,0,0,1,0,0,0
2026-03-27 21:34:36.435,800.949,1139,-5,13,0,1,1,0,0,1,0,0,0
2026-03-27 21:34:36.437,800.951,1139,-3,14,0,1,1,0,0,1,0,0,0
2026-03-27 21:34:36.547,801.061,1140,-6,13,0,1,1,0,0,1,0,0,0
2026-03-27 21:34:36.548,801.062,1140,-6,13,0,1,1,0,0,0,0,0,0
2026-03-27 21:34:36.563,801.077,1140,-6,13,0,1,1,0,0,1,0,0,0
2026-03-27 21:34:36.611,801.125,1140,-6,13,0,1,1,0,0,1,0,0,0
2026-03-27 21:34:36.723,801.238,1140,-6,13,0,1,1,0,0,1,0,0,0
2026-03-27 21:34:36.867,801.381,1140,-6,13,0,1,1,0,0,1,0,0,0
2026-03-27 21:34:36.947,801.461,1140,-6,13,0,1,1,0,0,1,0,0,0
2026-03-27 21:34:36.979,801.493,1140,-6,13,0,1,1,0,0,1,0,0,0
2026-03-27 21:34:37.123,801.637,1140,-3,13,0,1,1,0,0,1,0,0,0
2026-03-27 21:34:37.187,801.701,1141,-6,13,0,1,1,0,0,1,0,0,0
2026-03-27 21:34:37.395,801.909,1140,-6,13,0,1,1,0,0,1,0,0,0
2026-03-27 21:34:37.411,801.926,1140,-6,13,0,1,1,0,0,1,0,0,0
2026-03-27 21:34:37.492,802.006,1140,-6,13,0,1,1,0,0,1,0,0,0
2026-03-27 21:34:37.588,802.102,1140,-6,13,0,1,1,0,0,1,0,0,0
2026-03-27 21:34:37.603,802.117,1140,-3,13,0,1,1,0,0,1,0,0,0
2026-03-27 21:34:37.619,802.133,1140,-3,14,0,1,1,0,0,1,0,0,0
2026-03-27 21:34:37.651,802.165,1140,-6,14,0,1,1,0,0,1,0,0,0
2026-03-27 21:34:37.811,802.325,1140,-3,13,0,1,1,0,0,1,0,0,0
2026-03-27 21:34:37.826,802.340,1140,-6,13,0,1,1,0,0,1,0,0,0
2026-03-27 21:34:37.923,802.437,1140,-6,13,0,1,1,0,0,1,0,0,0
2026-03-27 21:34:38.002,802.517,1140,-6,13,0,1,1,0,0,1,0,0,0
2026-03-27 21:34:38.004,802.518,1140,-6,14,0,1,1,0,0,1,0,0,0
2026-03-27 21:34:38.005,802.519,1140,-6,13,0,1,1,0,0,1,0,0,0
2026-03-27 21:34:38.244,802.758,1140,-6,13,0,1,1,0,0,1,0,0,0
2026-03-27 21:34:38.246,802.760,1139,-7,12,0,1,1,0,0,1,0,0,0
2026-03-27 21:34:38.291,802.805,1139,-7,13,0,1,1,0,0,1,0,0,0
2026-03-27 21:34:38.419,802.933,1140,-7,12,0,1,1,0,0,1,0,0,0
2026-03-27 21:34:38.499,803.013,1140,-7,12,0,1,1,0,0,1,0,0,0
2026-03-27 21:34:38.626,803.141,1140,-7,13,0,1,1,0,0,1,0,0,0
2026-03-27 21:34:38.739,803.253,1140,-7,13,0,1,1,0,0,1,0,0,0
2026-03-27 21:34:38.835,803.349,1139,-7,12,0,1,1,0,0,1,0,0,0
2026-03-27 21:34:38.947,803.461,1139,-4,13,0,1,1,0,0,1,0,0,0
2026-03-27 21:34:39.074,803.589,1140,-6,13,0,1,1,0,0,1,0,0,0
2026-03-27 21:34:39.203,803.717,1139,-6,13,0,1,1,0,0,1,0,0,0
2026-03-27 21:34:39.314,803.828,1140,-6,13,0,1,1,0,0,1,0,0,0
2026-03-27 21:34:39.394,803.908,1140,-6,13,0,1,1,0,0,1,0,0,0
2026-03-27 21:34:39.396,803.910,1140,-6,13,0,1,1,0,0,1,0,0,0
2026-03-27 21:34:39.571,804.086,1140,-3,13,0,1,1,0,0,1,0,0,0
2026-03-27 21:34:39.651,804.165,1140,-3,13,0,1,1,0,0,1,0,0,0
2026-03-27 21:34:39.731,804.245,1140,-3,13,0,1,1,0,0,1,0,0,0
2026-03-27 21:34:39.810,804.324,1140,-6,13,0,1,1,0,0,1,0,0,0
2026-03-27 21:34:39.939,804.453,1140,-6,13,0,1,1,0,0,1,0,0,0
2026-03-27 21:34:40.131,804.645,1140,-6,13,0,1,1,0,0,1,0,0,0
2026-03-27 21:34:40.259,804.773,1140,-6,13,0,1,1,0,0,1,0,0,0
2026-03-27 21:34:40.291,804.805,1140,-4,13,0,1,1,0,0,1,0,0,0
2026-03-27 21:34:40.386,804.900,1140,-4,13,0,1,1,0,0,1,0,0,0
2026-03-27 21:34:40.387,804.901,1140,-3,13,0,1,1,0,0,1,0,0,0
2026-03-27 21:34:40.389,804.903,1139,-3,13,0,1,1,0,0,1,0,0,0
2026-03-27 21:34:40.451,804.965,1139,-3,13,0,1,1,0,0,1,0,0,0
2026-03-27 21:34:40.579,805.093,1139,-6,13,0,1,1,0,0,1,0,0,0
2026-03-27 21:34:40.691,805.205,1140,-4,13,0,1,1,0,0,1,0,0,0
2026-03-27 21:34:40.723,805.237,1140,-7,13,0,1,1,0,0,1,0,0,0
2026-03-27 21:34:40.851,805.365,1140,-6,13,0,1,1,0,0,1,0,0,0
2026-03-27 21:34:40.979,805.493,1139,-4,13,0,1,1,0,0,1,0,0,0
2026-03-27 21:34:41.074,805.588,1139,-6,12,0,1,1,0,0,1,0,0,0
2026-03-27 21:34:41.218,805.732,1139,-7,13,0,1,1,0,0,1,0,0,0
2026-03-27 21:34:41.346,805.860,1140,-6,13,0,1,1,0,0,1,0,0,0
2026-03-27 21:34:41.539,806.053,1140,-6,13,0,1,1,0,0,1,0,0,0
2026-03-27 21:34:41.618,806.133,1139,-6,13,0,1,1,0,0,1,0,0,0
2026-03-27 21:34:41.730,806.245,1140,-6,12,0,1,1,0,0,1,0,0,0
2026-03-27 21:34:41.858,806.373,1139,-7,13,0,1,1,0,0,1,0,0,0
2026-03-27 21:34:41.971,806.485,1139,-6,13,0,1,1,0,0,1,0,0,0
2026-03-27 21:34:42.051,806.565,1139,-6,13,0,1,1,0,0,1,0,0,0
2026-03-27 21:34:42.146,806.660,1139,-6,13,0,1,1,0,0,1,0,0,0
2026-03-27 21:34:42.275,806.789,1139,-6,13,0,1,1,0,0,1,0,0,0
2026-03-27 21:34:42.435,806.949,1139,-6,13,0,1,1,0,0,1,0,0,0
2026-03-27 21:34:42.579,807.093,1140,-2,15,0,1,1,0,0,1,0,0,0
2026-03-27 21:34:42.674,807.189,1140,-5,14,0,1,1,0,0,1,0,0,0
2026-03-27 21:34:42.818,807.332,1139,-5,14,0,1,1,0,0,1,0,0,0
2026-03-27 21:34:42.835,807.349,1139,-6,14,0,1,1,0,0,1,0,0,0
2026-03-27 21:34:42.899,807.413,1140,-5,14,0,1,1,0,0,1,0,0,0
2026-03-27 21:34:42.962,807.477,1140,-3,14,0,1,1,0,0,1,0,0,0
2026-03-27 21:34:43.074,807.589,1140,-3,14,0,1,1,0,0,1,0,0,0
2026-03-27 21:34:43.219,807.733,1139,-2,14,0,1,1,0,0,1,0,0,0
2026-03-27 21:34:43.267,807.781,1140,-5,14,0,1,1,0,0,1,0,0,0
2026-03-27 21:34:43.394,807.909,1140,-2,14,0,1,1,0,0,1,0,0,0
2026-03-27 21:34:43.442,807.956,1139,-3,14,0,1,1,0,0,1,0,0,0
2026-03-27 21:34:43.458,807.972,1139,-3,14,0,1,1,0,0,1,0,0,0
2026-03-27 21:34:43.460,807.974,1139,-2,14,0,1,1,0,0,1,0,0,0
2026-03-27 21:34:43.762,808.276,1139,-5,14,0,1,1,0,0,1,0,0,0
2026-03-27 21:34:43.826,808.340,1139,-5,14,0,1,1,0,0,1,0,0,0
2026-03-27 21:34:43.828,808.342,1139,-6,14,0,1,1,0,0,1,0,0,0
2026-03-27 21:34:43.907,808.421,1139,-5,14,0,1,1,0,0,1,0,0,0
2026-03-27 21:34:44.037,808.552,1139,-3,14,0,1,1,0,0,1,0,0,0
2026-03-27 21:34:44.130,808.644,1139,-3,14,0,1,1,0,0,1,0,0,0
2026-03-27 21:34:44.132,808.646,1139,-3,14,0,1,1,0,0,1,0,0,0
2026-03-27 21:34:44.211,808.725,1140,-5,14,0,1,1,0,0,1,0,0,0
2026-03-27 21:34:44.355,808.869,1140,-5,14,0,1,1,0,0,1,0,0,0
2026-03-27 21:34:44.402,808.917,1139,-5,14,0,1,1,0,0,1,0,0,0
2026-03-27 21:34:44.514,809.028,1139,-5,14,0,1,1,0,0,1,0,0,0
2026-03-27 21:34:44.530,809.044,1139,-5,14,0,1,1,0,0,1,0,0,0
2026-03-27 21:34:44.722,809.236,1139,-5,14,0,1,1,0,0,1,0,0,0
2026-03-27 21:34:44.754,809.268,1140,-2,14,0,1,1,0,0,1,0,0,0
2026-03-27 21:34:44.834,809.348,1140,-2,14,0,1,1,0,0,1,0,0,0
2026-03-27 21:34:44.851,809.365,1140,-3,14,0,1,1,0,0,1,0,0,0
2026-03-27 21:34:44.852,809.366,1139,0,0,0,0,0,0,0,0,0,0,0
2026-03-27 21:34:44.854,809.368,1140,-3,14,0,1,1,0,0,1,0,0,0
2026-03-27 21:34:44.963,809.477,1140,-5,14,0,1,1,0,0,1,0,0,0
2026-03-27 21:34:45.026,809.540,1139,-5,14,0,1,1,0,0,1,0,0,0
2026-03-27 21:34:45.043,809.557,1139,-5,14,0,1,1,0,0,1,0,0,0
2026-03-27 21:34:45.045,809.559,1139,-3,14,0,1,1,0,0,1,0,0,0
2026-03-27 21:34:45.139,809.653,1139,-6,14,0,1,1,0,0,1,0,0,0
2026-03-27 21:34:45.298,809.812,1139,-5,14,0,1,1,0,0,1,0,0,0
2026-03-27 21:34:45.394,809.908,1139,-6,14,0,1,1,0,0,1,0,0,0
2026-03-27 21:34:45.490,810.004,1139,-5,14,0,1,1,0,0,1,0,0,0
2026-03-27 21:34:45.603,810.117,1139,-5,14,0,1,1,0,0,1,0,0,0
2026-03-27 21:34:45.731,810.245,1139,-5,13,0,1,1,0,0,1,0,0,0
2026-03-27 21:34:45.795,810.309,1139,-5,14,0,1,1,0,0,1,0,0,0
2026-03-27 21:34:45.874,810.388,1139,-5,14,0,1,1,0,0,1,0,0,0
2026-03-27 21:34:46.018,810.532,1139,-3,13,0,1,1,0,0,1,0,0,0
2026-03-27 21:34:46.066,810.580,1139,-5,14,0,1,1,0,0,1,0,0,0
2026-03-27 21:34:46.162,810.676,1139,-5,14,0,1,1,0,0,1,0,0,0
2026-03-27 21:34:46.258,810.773,1140,-5,14,0,1,1,0,0,1,0,0,0
2026-03-27 21:34:46.386,810.900,1140,-5,14,0,1,1,0,0,1,0,0,0
2026-03-27 21:34:46.467,810.981,1139,-5,14,0,1,1,0,0,1,0,0,0
2026-03-27 21:34:46.658,811.173,1141,-5,14,0,1,1,0,0,1,0,0,0
2026-03-27 21:34:46.722,811.236,1139,-6,14,0,1,1,0,0,1,0,0,0
2026-03-27 21:34:46.724,811.238,1140,-3,14,0,1,1,0,0,1,0,0,0
2026-03-27 21:34:46.851,811.365,1139,-3,14,0,1,1,0,0,1,0,0,0
2026-03-27 21:34:46.963,811.477,1139,-5,11,0,1,1,0,0,1,0,0,0
2026-03-27 21:34:47.106,811.620,1139,-6,14,0,1,1,0,0,1,0,0,0
2026-03-27 21:34:47.139,811.653,1139,-5,14,0,1,1,0,0,1,0,0,0
2026-03-27 21:34:47.266,811.780,1140,-5,13,0,1,1,0,0,1,0,0,0
2026-03-27 21:34:47.298,811.812,1139,-6,14,0,1,1,0,0,1,0,0,0
2026-03-27 21:34:47.300,811.814,1139,-5,14,0,1,1,0,0,1,0,0,0
2026-03-27 21:34:47.426,811.940,1139,-5,14,0,1,1,0,0,1,0,0,0
2026-03-27 21:34:47.555,812.069,1140,-5,14,0,1,1,0,0,1,0,0,0
2026-03-27 21:34:47.634,812.148,1139,-2,14,0,1,1,0,0,1,0,0,0
2026-03-27 21:34:47.635,812.149,1140,-5,14,0,1,1,0,0,1,0,0,0
2026-03-27 21:34:47.714,812.229,1139,-5,14,0,1,1,0,0,1,0,0,0
2026-03-27 21:34:47.858,812.372,1139,-5,14,0,1,1,0,0,1,0,0,0
2026-03-27 21:34:47.859,812.374,1139,-5,14,0,1,1,0,0,1,0,0,0
2026-03-27 21:34:47.860,812.374,1139,-2,0,0,0,0,0,0,0,0,0,0
2026-03-27 21:34:47.861,812.375,1139,-5,14,0,1,1,0,0,1,0,0,0
2026-03-27 21:34:47.875,812.389,1139,-5,14,0,1,1,0,0,1,0,0,0
2026-03-27 21:34:48.050,812.564,1139,-2,14,0,1,1,0,0,1,0,0,0
2026-03-27 21:34:48.146,812.661,1140,-3,14,0,1,1,0,0,1,0,0,0
2026-03-27 21:34:48.148,812.662,1140,-3,14,0,1,1,0,0,1,0,0,0
2026-03-27 21:34:48.164,812.678,1140,-3,13,0,1,1,0,0,1,0,0,0
2026-03-27 21:34:48.195,812.709,1139,-3,14,0,1,1,0,0,1,0,0,0
2026-03-27 21:34:48.307,812.821,1139,-3,14,0,1,1,0,0,1,0,0,0
2026-03-27 21:34:48.531,813.045,1139,-3,13,0,1,1,0,0,1,0,0,0
2026-03-27 21:34:48.533,813.047,1140,-6,14,0,1,1,0,0,1,0,0,0
2026-03-27 21:34:48.595,813.109,1140,-6,14,0,1,1,0,0,1,0,0,0
2026-03-27 21:34:48.610,813.124,1140,-2,14,0,1,1,0,0,0,0,0,0
2026-03-27 21:34:48.612,813.126,1140,-3,14,0,1,1,0,0,1,0,0,0
2026-03-27 21:34:48.802,813.316,1140,-3,14,0,1,1,0,0,1,0,0,0
2026-03-27 21:34:48.834,813.348,1140,-3,14,0,1,1,0,0,1,0,0,0
2026-03-27 21:34:48.851,813.365,1140,-3,14,0,1,1,0,0,1,0,0,0
2026-03-27 21:34:48.994,813.508,1140,-3,14,0,1,1,0,0,1,0,0,0
2026-03-27 21:34:48.996,813.510,1140,-3,14,0,1,1,0,0,1,0,0,0
2026-03-27 21:34:48.997,813.511,1140,0,0,0,0,0,0,0,1,0,0,0
2026-03-27 21:34:49.042,813.556,1140,-5,14,0,1,1,0,0,1,0,0,0
2026-03-27 21:34:49.043,813.557,1140,-5,14,0,1,1,0,0,1,0,0,0
2026-03-27 21:34:49.122,813.636,1140,-6,14,0,1,1,0,0,1,0,0,0
2026-03-27 21:34:49.124,813.638,1140,-5,14,0,1,1,0,0,1,0,0,0
2026-03-27 21:34:49.251,813.765,1140,-2,14,0,1,1,0,0,1,0,0,0
2026-03-27 21:34:49.298,813.812,1140,-5,14,0,1,1,0,0,1,0,0,0
2026-03-27 21:34:49.443,813.957,1140,-3,14,0,1,1,0,0,1,0,0,0
2026-03-27 21:34:49.506,814.020,1140,-3,14,0,1,1,0,0,1,0,0,0
2026-03-27 21:34:49.522,814.036,1140,-3,14,0,1,1,0,0,1,0,0,0
2026-03-27 21:34:49.715,814.229,1140,-5,14,0,1,1,0,0,1,0,0,0
2026-03-27 21:34:49.842,814.356,1140,-3,14,0,1,1,0,0,1,0,0,0
2026-03-27 21:34:49.923,814.437,1139,-3,14,0,1,1,0,0,1,0,0,0
2026-03-27 21:34:49.954,814.468,1140,-6,14,0,1,1,0,0,1,0,0,0
2026-03-27 21:34:50.147,814.661,1140,-5,13,0,1,1,0,0,1,0,0,0
2026-03-27 21:34:50.242,814.756,1140,-5,14,0,1,1,0,0,1,0,0,0
2026-03-27 21:34:50.322,814.836,1140,-3,14,0,1,1,0,0,1,0,0,0
2026-03-27 21:34:50.370,814.884,1140,-3,14,0,1,1,0,0,1,0,0,0
2026-03-27 21:34:50.482,814.996,1141,-3,14,0,1,1,0,0,1,0,0,0
2026-03-27 21:34:50.691,815.205,1140,-3,14,0,1,1,0,0,1,0,0,0
2026-03-27 21:34:50.802,815.316,1140,-3,14,0,1,1,0,0,1,0,0,0
2026-03-27 21:34:50.866,815.380,1140,-3,14,0,1,1,0,0,1,0,0,0
2026-03-27 21:34:50.869,815.383,1141,-6,14,0,1,1,0,0,1,0,0,0
2026-03-27 21:34:50.994,815.509,1141,-5,14,0,1,1,0,0,1,0,0,0
2026-03-27 21:34:51.090,815.605,1141,-5,14,0,1,1,0,0,1,0,0,0
2026-03-27 21:34:51.331,815.845,1140,-5,14,0,1,1,0,0,1,0,0,0
2026-03-27 21:34:51.475,815.989,1140,-3,14,0,1,1,0,0,1,0,0,0
2026-03-27 21:34:51.539,816.053,1140,-5,14,0,1,1,0,0,1,0,0,0
2026-03-27 21:34:51.682,816.196,1140,-2,14,0,1,1,0,0,1,0,0,0
2026-03-27 21:34:51.683,816.198,1140,-3,14,0,1,1,0,0,1,0,0,0
2026-03-27 21:34:51.794,816.308,1140,-5,14,0,1,1,0,0,1,0,0,0
2026-03-27 21:34:51.810,816.324,1140,-5,14,0,1,1,0,0,1,0,0,0
2026-03-27 21:34:51.922,816.437,1140,-6,14,0,1,1,0,0,1,0,0,0
2026-03-27 21:34:51.970,816.484,1140,-5,14,0,1,1,0,0,1,0,0,0
2026-03-27 21:34:52.082,816.596,1140,-3,14,0,1,1,0,0,1,0,0,0
2026-03-27 21:34:52.242,816.756,1141,-3,14,0,1,1,0,0,1,0,0,0
2026-03-27 21:34:52.290,816.804,1140,-5,14,0,1,1,0,0,1,0,0,0
2026-03-27 21:34:52.291,816.806,1140,-5,14,0,1,1,0,0,1,0,0,0
2026-03-27 21:34:52.387,816.901,1140,-5,14,0,1,1,0,0,1,0,0,0
2026-03-27 21:34:52.466,816.980,1140,-2,14,0,1,1,0,0,1,0,0,0
2026-03-27 21:34:52.482,816.996,1140,-3,14,0,1,1,0,0,1,0,0,0
2026-03-27 21:34:52.626,817.140,1140,-5,14,0,1,1,0,0,1,0,0,0
2026-03-27 21:34:52.627,817.142,1140,-3,14,0,1,1,0,0,1,0,0,0
2026-03-27 21:34:52.739,817.253,1140,-5,14,0,1,1,0,0,1,0,0,0
2026-03-27 21:34:52.929,817.444,1140,-2,14,0,1,1,0,0,1,0,0,0
2026-03-27 21:34:52.946,817.460,1141,-3,14,0,1,1,0,0,1,0,0,0
2026-03-27 21:34:52.994,817.508,1141,-3,14,0,1,1,0,0,1,0,0,0
2026-03-27 21:34:53.122,817.636,1140,-3,14,0,1,1,0,0,1,0,0,0
2026-03-27 21:34:53.137,817.651,1140,-5,14,0,1,1,0,0,1,0,0,0
2026-03-27 21:34:53.235,817.749,1140,-3,14,0,1,1,0,0,1,0,0,0
2026-03-27 21:34:53.331,817.845,1140,-3,14,0,1,1,0,0,1,0,0,0
2026-03-27 21:34:53.410,817.924,1140,-3,14,0,1,1,0,0,1,0,0,0
2026-03-27 21:34:53.538,818.053,1140,-3,14,0,1,1,0,0,1,0,0,0
2026-03-27 21:34:53.826,818.340,1140,-3,14,0,1,1,0,0,1,0,0,0
2026-03-27 21:34:53.906,818.420,1140,-2,14,0,1,1,0,0,1,0,0,0
2026-03-27 21:34:54.098,818.612,1140,-5,14,0,1,1,0,0,1,0,0,0
2026-03-27 21:34:54.100,818.614,1141,-6,14,0,1,1,0,0,1,0,0,0
2026-03-27 21:34:54.178,818.692,1141,-5,14,0,1,1,0,0,1,0,0,0
2026-03-27 21:34:54.193,818.707,1141,-2,14,0,0,0,0,0,1,0,0,0
2026-03-27 21:34:54.225,818.740,-40,-40,1226,0,1,1,0,0,1,0,0,0
2026-03-27 21:34:54.227,818.741,-40,-40,1221,0,1,1,0,0,1,0,0,0
2026-03-27 21:34:54.387,818.901,-40,-40,1226,0,1,1,0,0,1,0,0,0
2026-03-27 21:34:54.482,818.996,-40,-40,1226,0,1,1,0,0,1,0,0,0
2026-03-27 21:34:54.595,819.109,-40,-40,1214,0,1,1,0,0,1,0,0,0
2026-03-27 21:34:54.597,819.111,-40,2481,1246,0,1,1,0,0,1,0,0,0
2026-03-27 21:34:54.690,819.204,-40,-40,1212,0,1,1,0,0,1,0,0,0
2026-03-27 21:34:54.802,819.316,-40,-40,1236,0,1,1,0,0,1,0,0,0
2026-03-27 21:34:54.834,819.348,-40,2473,1236,0,1,1,0,0,1,0,0,0
2026-03-27 21:34:54.946,819.460,-40,2476,1236,0,1,1,0,0,1,0,0,0
2026-03-27 21:34:55.106,819.620,-40,2469,1246,0,1,1,0,0,1,0,0,0
2026-03-27 21:34:55.234,819.748,2382,-2,14,0,1,1,0,0,1,0,0,0
2026-03-27 21:34:55.330,819.844,1306,-5,14,0,1,1,0,0,1,0,0,0
2026-03-27 21:34:55.331,819.845,1281,-5,14,0,1,1,0,0,1,0,0,0
2026-03-27 21:34:55.332,819.846,1260,0,0,0,1,1,0,0,1,0,0,0
2026-03-27 21:34:55.442,819.956,1161,-3,11,0,1,1,0,0,1,0,0,0
2026-03-27 21:34:55.538,820.052,1146,-3,14,0,1,1,0,0,1,0,0,0
2026-03-27 21:34:55.540,820.055,1142,-3,14,0,1,1,0,0,1,0,0,0
2026-03-27 21:34:55.650,820.165,1142,-3,14,0,1,1,0,0,1,0,0,0
2026-03-27 21:34:55.730,820.244,1142,-5,14,0,1,1,0,0,1,0,0,0
2026-03-27 21:34:55.794,820.308,1141,-3,14,0,1,1,0,0,1,0,0,0
2026-03-27 21:34:55.970,820.484,1141,-2,11,0,1,1,0,0,1,0,0,0
2026-03-27 21:34:55.985,820.499,1141,-5,11,0,1,1,0,0,1,0,0,0
2026-03-27 21:34:56.066,820.580,1141,-3,14,0,1,1,0,0,1,0,0,0
2026-03-27 21:34:56.083,820.597,1141,-5,14,0,1,1,0,0,1,0,0,0
2026-03-27 21:34:56.178,820.693,1141,-5,14,0,1,1,0,0,1,0,0,0
2026-03-27 21:34:56.274,820.788,1141,-3,14,0,1,1,0,0,1,0,0,0
2026-03-27 21:34:56.403,820.917,1141,-5,14,0,1,1,0,0,1,0,0,0
2026-03-27 21:34:56.406,820.920,1140,-2,14,0,1,1,0,0,1,0,0,0
2026-03-27 21:34:56.482,820.996,1140,-5,14,0,1,1,0,0,1,0,0,0
2026-03-27 21:34:56.578,821.093,1141,-5,14,0,1,1,0,0,1,0,0,0
2026-03-27 21:34:56.706,821.220,1141,-3,14,0,1,1,0,0,1,0,0,0
2026-03-27 21:34:56.786,821.301,1141,-2,14,0,1,1,0,0,1,0,0,0
2026-03-27 21:34:56.801,821.316,1140,-5,14,0,1,1,0,0,1,0,0,0
2026-03-27 21:34:56.931,821.445,1140,-5,14,0,1,1,0,0,1,0,0,0
2026-03-27 21:34:57.042,821.556,1140,-3,14,0,1,1,0,0,1,0,0,0
2026-03-27 21:34:57.138,821.653,1140,-2,14,0,1,1,0,0,1,0,0,0
2026-03-27 21:34:57.250,821.764,1140,-3,14,0,1,1,0,0,1,0,0,0
2026-03-27 21:34:57.362,821.876,1140,-3,14,0,1,1,0,0,1,0,0,0
2026-03-27 21:34:57.458,821.972,1140,-5,14,0,1,1,0,0,1,0,0,0
2026-03-27 21:34:57.570,822.084,1140,-3,14,0,1,1,0,0,1,0,0,0
2026-03-27 21:34:57.713,822.228,1140,-2,14,0,1,1,0,0,1,0,0,0
2026-03-27 21:34:57.778,822.292,1140,-2,14,0,1,1,0,0,1,0,0,0
2026-03-27 21:34:57.780,822.294,1140,-3,14,0,1,1,0,0,1,0,0,0
2026-03-27 21:34:57.842,822.356,1140,-3,14,0,1,1,0,0,1,0,0,0
2026-03-27 21:34:57.970,822.484,1140,-5,14,0,1,1,0,0,1,0,0,0
2026-03-27 21:34:58.066,822.580,1140,-5,14,0,1,1,0,0,1,0,0,0
2026-03-27 21:34:58.178,822.692,1140,-2,14,0,1,1,0,0,1,0,0,0
2026-03-27 21:34:58.354,822.868,1140,-3,14,0,1,1,0,0,1,0,0,0
2026-03-27 21:34:58.369,822.883,1140,-3,14,0,1,1,0,0,1,0,0,0
2026-03-27 21:34:58.449,822.964,1140,-3,14,0,1,1,0,0,1,0,0,0
2026-03-27 21:34:58.514,823.028,1140,-5,14,0,1,1,0,0,1,0,0,0
2026-03-27 21:34:58.674,823.188,1140,-3,14,0,1,1,0,0,1,0,0,0
2026-03-27 21:34:58.785,823.299,1140,-6,14,0,1,1,0,0,1,0,0,0
2026-03-27 21:34:58.849,823.364,1140,-2,14,0,1,1,0,0,1,0,0,0
2026-03-27 21:34:58.851,823.365,1140,-3,14,0,1,1,0,0,1,0,0,0
2026-03-27 21:34:58.946,823.460,1141,-3,14,0,1,1,0,0,1,0,0,0
2026-03-27 21:34:59.041,823.556,1141,-5,14,0,1,1,0,0,1,0,0,0
2026-03-27 21:34:59.106,823.620,1140,-3,14,0,1,1,0,0,1,0,0,0
2026-03-27 21:34:59.202,823.716,1140,-6,14,0,1,1,0,0,1,0,0,0
2026-03-27 21:34:59.378,823.892,1141,-5,14,0,1,1,0,0,1,0,0,0
2026-03-27 21:34:59.506,824.020,1140,-5,14,0,1,1,0,0,1,0,0,0
2026-03-27 21:34:59.538,824.052,1141,-2,14,0,1,1,0,0,1,0,0,0
2026-03-27 21:34:59.682,824.196,1140,-3,14,0,1,1,0,0,1,0,0,0
2026-03-27 21:34:59.793,824.307,1140,-5,14,0,1,1,0,0,1,0,0,0
2026-03-27 21:34:59.810,824.324,1141,-5,14,0,1,1,0,0,1,0,0,0
2026-03-27 21:34:59.922,824.436,1140,-5,14,0,1,1,0,0,1,0,0,0
2026-03-27 21:35:00.002,824.516,1141,-5,14,0,1,1,0,0,1,0,0,0
2026-03-27 21:35:00.114,824.628,1141,-5,14,0,1,1,0,0,1,0,0,0
2026-03-27 21:35:00.210,824.724,1141,-5,14,0,1,1,0,0,1,0,0,0
2026-03-27 21:35:00.273,824.788,1140,-3,14,0,1,1,0,0,1,0,0,0
2026-03-27 21:35:00.433,824.948,1141,-3,14,0,1,1,0,0,1,0,0,0
2026-03-27 21:35:00.435,824.949,1141,-2,14,0,1,1,0,0,1,0,0,0
2026-03-27 21:35:00.546,825.060,1140,-5,14,0,1,1,0,0,1,0,0,0
2026-03-27 21:35:00.642,825.156,1141,-3,14,0,1,1,0,0,1,0,0,0
2026-03-27 21:35:00.785,825.299,1141,-3,14,0,1,1,0,0,1,0,0,0
2026-03-27 21:35:00.803,825.317,1141,-5,14,0,1,1,0,0,1,0,0,0
2026-03-27 21:35:00.882,825.396,1141,-5,14,0,1,1,0,0,1,0,0,0
2026-03-27 21:35:00.962,825.476,1141,-5,14,0,1,1,0,0,1,0,0,0
2026-03-27 21:35:01.105,825.620,1141,-5,14,0,1,1,0,0,1,0,0,0
2026-03-27 21:35:01.185,825.700,1140,-5,14,0,1,1,0,0,1,0,0,0
2026-03-27 21:35:01.250,825.764,1142,-3,14,0,1,1,0,0,1,0,0,0
2026-03-27 21:35:01.378,825.892,1141,-3,14,0,1,1,0,0,1,0,0,0
2026-03-27 21:35:01.506,826.020,1140,-5,14,0,1,1,0,0,1,0,0,0
2026-03-27 21:35:01.586,826.100,1141,-2,13,0,1,1,0,0,1,0,0,0
2026-03-27 21:35:01.698,826.212,1141,-3,14,0,1,1,0,0,1,0,0,0
2026-03-27 21:35:01.826,826.340,1141,-5,14,0,1,1,0,0,1,0,0,0
2026-03-27 21:35:01.921,826.436,1141,-5,14,0,1,1,0,0,1,0,0,0
2026-03-27 21:35:02.049,826.563,1141,-3,14,0,1,1,0,0,1,0,0,0
2026-03-27 21:35:02.129,826.643,1140,-5,14,0,1,1,0,0,1,0,0,0
2026-03-27 21:35:02.210,826.724,1141,-2,14,0,1,1,0,0,1,0,0,0
2026-03-27 21:35:02.305,826.819,1141,-5,14,0,1,1,0,0,1,0,0,0
2026-03-27 21:35:02.370,826.884,1141,-3,14,0,1,1,0,0,1,0,0,0
2026-03-27 21:35:02.372,826.886,1140,-5,14,0,1,1,0,0,1,0,0,0
2026-03-27 21:35:02.482,826.996,1140,-5,14,0,1,1,0,0,1,0,0,0
2026-03-27 21:35:02.626,827.140,1140,-5,14,0,1,1,0,0,1,0,0,0
2026-03-27 21:35:02.722,827.236,1141,-5,14,0,1,1,0,0,1,0,0,0
2026-03-27 21:35:02.849,827.364,1141,-5,14,0,1,1,0,0,1,0,0,0
2026-03-27 21:35:02.929,827.443,1141,-5,14,0,1,1,0,0,1,0,0,0
2026-03-27 21:35:03.041,827.556,1141,-5,14,0,1,1,0,0,1,0,0,0
2026-03-27 21:35:03.121,827.635,1141,-5,14,0,1,1,0,0,1,0,0,0
2026-03-27 21:35:03.122,827.636,1141,-3,14,0,1,1,0,0,1,0,0,0
2026-03-27 21:35:03.137,827.652,1141,-5,14,0,1,1,0,0,1,0,0,0
2026-03-27 21:35:03.217,827.731,1141,-5,14,0,1,1,0,0,1,0,0,0
2026-03-27 21:35:03.219,827.734,1141,-5,14,0,1,1,0,0,1,0,0,0
2026-03-27 21:35:03.346,827.860,1141,-5,14,0,1,1,0,0,1,0,0,0
2026-03-27 21:35:03.362,827.876,1141,-5,14,0,1,1,0,0,1,0,0,0
2026-03-27 21:35:03.441,827.955,1141,-5,14,0,1,1,0,0,1,0,0,0
2026-03-27 21:35:03.443,827.957,1140,-2,14,0,1,1,0,0,1,0,0,0
2026-03-27 21:35:03.570,828.084,1141,-2,14,0,1,1,0,0,1,0,0,0
2026-03-27 21:35:03.572,828.086,1141,-5,14,0,1,1,0,0,1,0,0,0
2026-03-27 21:35:03.650,828.164,1141,-2,14,0,1,1,0,0,1,0,0,0
2026-03-27 21:35:03.809,828.323,1140,-6,14,0,1,1,0,0,1,0,0,0
2026-03-27 21:35:03.937,828.452,1140,-5,14,0,1,1,0,0,1,0,0,0
2026-03-27 21:35:04.018,828.532,1141,-3,14,0,1,1,0,0,1,0,0,0
2026-03-27 21:35:04.161,828.675,1140,-3,14,0,1,1,0,0,1,0,0,0
2026-03-27 21:35:04.241,828.755,1141,-3,14,0,1,1,0,0,1,0,0,0
2026-03-27 21:35:04.258,828.772,1141,-2,14,0,1,1,0,0,1,0,0,0
2026-03-27 21:35:04.260,828.774,1141,-2,14,0,1,1,0,0,1,0,0,0
2026-03-27 21:35:04.562,829.076,1141,-2,14,0,1,1,0,0,1,0,0,0
2026-03-27 21:35:04.674,829.188,1141,-6,14,0,1,1,0,0,1,0,0,0
2026-03-27 21:35:04.785,829.299,1140,-2,14,0,1,1,0,0,1,0,0,0
2026-03-27 21:35:04.849,829.363,1141,-2,14,0,1,1,0,0,1,0,0,0
2026-03-27 21:35:04.850,829.364,1141,-2,14,0,1,1,0,0,1,0,0,0
2026-03-27 21:35:05.009,829.524,1141,-2,14,0,1,1,0,0,1,0,0,0
2026-03-27 21:35:05.121,829.635,1141,-6,14,0,1,1,0,0,1,0,0,0
2026-03-27 21:35:05.153,829.667,1141,-5,14,0,1,1,0,0,1,0,0,0
2026-03-27 21:35:05.265,829.779,1141,-3,14,0,1,1,0,0,1,0,0,0
2026-03-27 21:35:05.268,829.782,1141,-5,14,0,1,1,0,0,1,0,0,0
2026-03-27 21:35:05.378,829.892,1141,-3,14,0,1,1,0,0,1,0,0,0
2026-03-27 21:35:05.490,830.004,1141,-3,14,0,1,1,0,0,1,0,0,0
2026-03-27 21:35:05.617,830.131,1141,-2,14,0,1,1,0,0,1,0,0,0
2026-03-27 21:35:05.665,830.179,1141,-5,14,0,1,1,0,0,1,0,0,0
2026-03-27 21:35:05.761,830.275,1141,-5,14,0,1,1,0,0,1,0,0,0
2026-03-27 21:35:05.764,830.278,1141,-5,14,0,1,1,0,0,1,0,0,0
2026-03-27 21:35:05.874,830.388,1141,-5,14,0,1,1,0,0,1,0,0,0
2026-03-27 21:35:05.986,830.500,1141,-5,14,0,1,1,0,0,1,0,0,0
2026-03-27 21:35:06.129,830.644,1141,-2,14,0,1,1,0,0,1,0,0,0
2026-03-27 21:35:06.177,830.691,1141,-5,14,0,1,1,0,0,1,0,0,0
2026-03-27 21:35:06.257,830.771,1141,-3,14,0,1,1,0,0,1,0,0,0
2026-03-27 21:35:06.305,830.820,1140,-5,14,0,1,1,0,0,1,0,0,0
2026-03-27 21:35:06.466,830.980,1141,-3,14,0,1,1,0,0,1,0,0,0
2026-03-27 21:35:06.513,831.027,1140,-3,14,0,1,1,0,0,1,0,0,0
2026-03-27 21:35:06.514,831.028,1141,-3,14,0,1,1,0,0,1,0,0,0
2026-03-27 21:35:06.529,831.043,1141,-5,14,0,1,1,0,0,1,0,0,0
2026-03-27 21:35:06.625,831.139,1141,-5,14,0,1,1,0,0,1,0,0,0
2026-03-27 21:35:06.705,831.219,1141,-2,14,0,1,1,0,0,1,0,0,0
2026-03-27 21:35:06.785,831.300,1141,-2,14,0,1,1,0,0,1,0,0,0
2026-03-27 21:35:06.897,831.411,1141,-2,14,0,1,1,0,0,1,0,0,0
2026-03-27 21:35:06.898,831.413,1141,-3,14,0,1,1,0,0,1,0,0,0
2026-03-27 21:35:07.121,831.635,1141,-3,14,0,1,1,0,0,1,0,0,0
2026-03-27 21:35:07.233,831.747,1141,-5,14,0,1,1,0,0,1,0,0,0
2026-03-27 21:35:07.329,831.843,1141,-2,14,0,1,1,0,0,1,0,0,0
2026-03-27 21:35:07.425,831.939,1141,-2,14,0,1,1,0,0,1,0,0,0
2026-03-27 21:35:07.441,831.955,1141,-5,14,0,1,1,0,0,1,0,0,0
2026-03-27 21:35:07.553,832.067,1141,-5,14,0,1,1,0,0,1,0,0,0
2026-03-27 21:35:07.713,832.227,1140,-5,14,0,1,1,0,0,1,0,0,0
2026-03-27 21:35:07.761,832.275,1141,-3,11,0,1,1,0,0,1,0,0,0
2026-03-27 21:35:07.873,832.387,1141,-5,14,0,1,1,0,0,1,0,0,0
2026-03-27 21:35:07.969,832.483,1141,-3,14,0,1,1,0,0,1,0,0,0
2026-03-27 21:35:08.161,832.675,1141,-5,14,0,1,1,0,0,1,0,0,0
2026-03-27 21:35:08.163,832.678,1141,-5,14,0,1,1,0,0,1,0,0,0
2026-03-27 21:35:08.289,832.803,1141,-5,14,0,1,1,0,0,1,0,0,0
2026-03-27 21:35:08.417,832.931,1141,-5,14,0,1,1,0,0,1,0,0,0
2026-03-27 21:35:08.546,833.060,1141,-2,14,0,1,1,0,0,1,0,0,0
2026-03-27 21:35:08.593,833.107,1140,-5,14,0,1,1,0,0,1,0,0,0
2026-03-27 21:35:08.609,833.123,1141,-5,14,0,1,1,0,0,1,0,0,0
2026-03-27 21:35:08.737,833.251,1141,-2,14,0,1,1,0,0,1,0,0,0
2026-03-27 21:35:08.850,833.364,1141,-6,14,0,1,1,0,0,1,0,0,0
2026-03-27 21:35:08.929,833.443,1140,-3,14,0,1,1,0,0,1,0,0,0
2026-03-27 21:35:08.931,833.445,1140,-5,14,0,1,1,0,0,1,0,0,0
2026-03-27 21:35:09.025,833.540,1141,-5,14,0,1,1,0,0,1,0,0,0
2026-03-27 21:35:09.027,833.542,1141,-5,14,0,1,1,0,0,1,0,0,0
2026-03-27 21:35:09.201,833.715,1141,-3,14,0,1,1,0,0,1,0,0,0
2026-03-27 21:35:09.265,833.779,1141,-3,14,0,1,1,0,0,1,0,0,0
2026-03-27 21:35:09.345,833.859,1141,-2,14,0,1,1,0,0,1,0,0,0
2026-03-27 21:35:09.457,833.971,1141,-5,11,0,1,1,0,0,1,0,0,0
2026-03-27 21:35:09.585,834.099,1141,-2,11,0,1,1,0,0,1,0,0,0
2026-03-27 21:35:09.649,834.163,1140,-2,14,0,1,1,0,0,1,0,0,0
2026-03-27 21:35:09.761,834.275,1141,-3,14,0,1,1,0,0,1,0,0,0
2026-03-27 21:35:09.841,834.355,1140,-5,14,0,1,1,0,0,1,0,0,0
2026-03-27 21:35:09.969,834.483,1141,-3,14,0,1,1,0,0,1,0,0,0
2026-03-27 21:35:10.146,834.660,1141,-3,14,0,1,1,0,0,1,0,0,0
2026-03-27 21:35:10.417,834.931,1141,-2,14,0,1,1,0,0,1,0,0,0
2026-03-27 21:35:10.465,834.979,1141,-5,14,0,1,1,0,0,1,0,0,0
2026-03-27 21:35:10.467,834.981,1141,-5,14,0,1,1,0,0,1,0,0,0
2026-03-27 21:35:10.578,835.092,1141,-5,14,0,1,1,0,0,1,0,0,0
2026-03-27 21:35:10.689,835.203,1141,-5,14,0,1,1,0,0,1,0,0,0
2026-03-27 21:35:10.769,835.283,1141,-5,14,0,1,1,0,0,1,0,0,0
2026-03-27 21:35:10.913,835.427,1141,-5,14,0,1,1,0,0,1,0,0,0
2026-03-27 21:35:10.945,835.459,1140,-5,14,0,1,1,0,0,1,0,0,0
2026-03-27 21:35:11.121,835.635,1142,-2,14,0,1,1,0,0,1,0,0,0
2026-03-27 21:35:11.124,835.638,1141,-5,14,0,1,1,0,0,1,0,0,0
2026-03-27 21:35:11.170,835.684,1141,-2,14,0,1,1,0,0,1,0,0,0
2026-03-27 21:35:11.345,835.859,1141,-3,14,0,1,1,0,0,1,0,0,0
2026-03-27 21:35:11.361,835.876,1141,-2,14,0,1,1,0,0,1,0,0,0
2026-03-27 21:35:11.377,835.892,1141,-2,14,0,1,1,0,0,1,0,0,0
2026-03-27 21:35:11.553,836.067,1140,-5,14,0,1,1,0,0,1,0,0,0
2026-03-27 21:35:11.665,836.179,1141,-3,14,0,1,1,0,0,1,0,0,0
2026-03-27 21:35:11.667,836.181,1140,-5,14,0,1,1,0,0,1,0,0,0
2026-03-27 21:35:11.777,836.291,1141,-5,14,0,1,1,0,0,1,0,0,0
2026-03-27 21:35:11.825,836.339,1141,-5,14,0,1,1,0,0,1,0,0,0
2026-03-27 21:35:11.841,836.356,1141,-5,14,0,1,1,0,0,1,0,0,0
2026-03-27 21:35:11.969,836.483,1141,-3,14,0,1,1,0,0,1,0,0,0
2026-03-27 21:35:11.986,836.500,1141,-2,14,0,1,1,0,0,1,0,0,0
2026-03-27 21:35:12.113,836.627,1141,-2,14,0,1,1,0,0,1,0,0,0
2026-03-27 21:35:12.145,836.659,1141,-5,14,0,1,1,0,0,1,0,0,0
2026-03-27 21:35:12.289,836.803,1141,-5,14,0,1,1,0,0,1,0,0,0
2026-03-27 21:35:12.370,836.884,1141,-5,14,0,1,1,0,0,1,0,0,0
2026-03-27 21:35:12.450,836.964,1140,-3,14,0,1,1,0,0,1,0,0,0
2026-03-27 21:35:12.466,836.980,1141,-3,14,0,1,1,0,0,1,0,0,0
2026-03-27 21:35:12.545,837.059,1141,-5,14,0,1,1,0,0,1,0,0,0
2026-03-27 21:35:12.657,837.171,1141,-5,14,0,1,1,0,0,1,0,0,0
2026-03-27 21:35:12.659,837.174,1141,-3,14,0,1,1,0,0,1,0,0,0
2026-03-27 21:35:12.737,837.251,1141,-2,14,0,1,1,0,0,1,0,0,0
2026-03-27 21:35:12.833,837.347,1140,-2,14,0,1,1,0,0,1,0,0,0
2026-03-27 21:35:12.977,837.491,1141,-2,14,0,1,1,0,0,1,0,0,0
2026-03-27 21:35:13.040,837.555,1141,-2,14,0,1,1,0,0,1,0,0,0
2026-03-27 21:35:13.042,837.556,1141,-3,14,0,1,1,0,0,1,0,0,0
2026-03-27 21:35:13.121,837.635,1141,-5,14,0,1,1,0,0,1,0,0,0
2026-03-27 21:35:13.137,837.651,1141,-2,14,0,1,1,0,0,1,0,0,0
2026-03-27 21:35:13.281,837.795,1142,-3,14,0,1,1,0,0,1,0,0,0
2026-03-27 21:35:13.393,837.907,1141,-2,14,0,1,1,0,0,1,0,0,0
2026-03-27 21:35:13.473,837.987,1141,-5,14,0,1,1,0,0,1,0,0,0
2026-03-27 21:35:13.585,838.099,1141,-2,14,0,1,1,0,0,1,0,0,0
2026-03-27 21:35:13.697,838.211,1141,-5,14,0,1,1,0,0,1,0,0,0
2026-03-27 21:35:13.856,838.371,1141,-2,14,0,1,1,0,0,1,0,0,0
2026-03-27 21:35:13.872,838.387,1141,-3,14,0,1,1,0,0,1,0,0,0
2026-03-27 21:35:13.984,838.499,1141,-5,14,0,1,1,0,0,1,0,0,0
2026-03-27 21:35:13.986,838.501,1141,-5,14,0,1,1,0,0,1,0,0,0
2026-03-27 21:35:14.145,838.660,1141,-5,14,0,1,1,0,0,1,0,0,0
2026-03-27 21:35:14.257,838.771,1141,-5,14,0,1,1,0,0,1,0,0,0
2026-03-27 21:35:14.337,838.851,1140,-5,14,0,1,1,0,0,1,0,0,0
2026-03-27 21:35:14.481,838.995,1141,-2,14,0,1,1,0,0,1,0,0,0
2026-03-27 21:35:14.528,839.043,1141,-2,14,0,1,1,0,0,1,0,0,0
2026-03-27 21:35:14.531,839.045,1141,-3,14,0,1,1,0,0,1,0,0,0
2026-03-27 21:35:14.657,839.171,1141,-3,14,0,1,1,0,0,1,0,0,0
2026-03-27 21:35:14.658,839.172,1141,-3,14,0,1,1,0,0,1,0,0,0
2026-03-27 21:35:14.704,839.218,1140,-5,14,0,1,1,0,0,1,0,0,0
2026-03-27 21:35:14.706,839.220,1141,-2,14,0,1,1,0,0,1,0,0,0
2026-03-27 21:35:14.881,839.395,1140,-5,14,0,1,1,0,0,1,0,0,0
2026-03-27 21:35:15.057,839.571,1140,-5,14,0,1,1,0,0,1,0,0,0
2026-03-27 21:35:15.154,839.668,1140,-5,14,0,1,1,0,0,1,0,0,0
2026-03-27 21:35:15.169,839.683,1141,-5,14,0,1,1,0,0,1,0,0,0
2026-03-27 21:35:15.282,839.796,1141,-5,14,0,1,1,0,0,1,0,0,0
2026-03-27 21:35:15.393,839.907,1140,-3,14,0,1,1,0,0,1,0,0,0
2026-03-27 21:35:15.473,839.987,1140,-5,14,0,1,1,0,0,1,0,0,0
2026-03-27 21:35:15.474,839.988,1141,-5,14,0,1,1,0,0,1,0,0,0
2026-03-27 21:35:15.601,840.115,1140,-2,14,0,1,1,0,0,1,0,0,0
2026-03-27 21:35:15.681,840.195,1141,-5,14,0,1,1,0,0,1,0,0,0
2026-03-27 21:35:15.776,840.291,1141,-5,14,0,1,1,0,0,1,0,0,0
2026-03-27 21:35:15.778,840.292,1141,-6,14,0,1,1,0,0,1,0,0,0
2026-03-27 21:35:15.969,840.483,1141,-5,14,0,1,1,0,0,1,0,0,0
2026-03-27 21:35:16.049,840.563,1141,-3,14,0,1,1,0,0,1,0,0,0
2026-03-27 21:35:16.051,840.565,1141,-3,14,0,1,1,0,0,1,0,0,0
2026-03-27 21:35:16.113,840.627,1141,-2,14,0,1,1,0,0,1,0,0,0
2026-03-27 21:35:16.289,840.803,1141,-2,14,0,1,1,0,0,1,0,0,0
2026-03-27 21:35:16.336,840.851,1141,-5,14,0,1,1,0,0,1,0,0,0
2026-03-27 21:35:16.449,840.963,1140,-6,14,0,1,1,0,0,1,0,0,0
2026-03-27 21:35:16.561,841.075,1141,-5,14,0,1,1,0,0,1,0,0,0
2026-03-27 21:35:16.689,841.203,1141,-2,14,0,1,1,0,0,1,0,0,0
2026-03-27 21:35:16.801,841.315,1141,-5,14,0,1,1,0,0,1,0,0,0
2026-03-27 21:35:16.929,841.443,1140,-5,14,0,1,1,0,0,1,0,0,0
2026-03-27 21:35:17.008,841.523,1141,-5,14,0,1,1,0,0,1,0,0,0
2026-03-27 21:35:17.185,841.699,1141,-2,14,0,1,1,0,0,1,0,0,0
2026-03-27 21:35:17.233,841.747,1141,-3,14,0,1,1,0,0,1,0,0,0
2026-03-27 21:35:17.360,841.874,1140,-5,14,0,1,1,0,0,1,0,0,0
2026-03-27 21:35:17.362,841.876,1141,-5,14,0,1,1,0,0,1,0,0,0
2026-03-27 21:35:17.377,841.891,1141,-5,14,0,1,1,0,0,1,0,0,0
2026-03-27 21:35:17.489,842.003,1141,-5,14,0,1,1,0,0,1,0,0,0
2026-03-27 21:35:17.504,842.019,1141,-3,14,0,1,1,0,0,1,0,0,0
2026-03-27 21:35:17.521,842.035,1141,-2,14,0,1,1,0,0,1,0,0,0
2026-03-27 21:35:17.713,842.227,1141,-5,14,0,1,1,0,0,1,0,0,0
2026-03-27 21:35:17.715,842.229,1141,-2,14,0,1,1,0,0,1,0,0,0
2026-03-27 21:35:17.809,842.324,1141,-5,14,0,1,1,0,0,1,0,0,0
2026-03-27 21:35:17.889,842.403,1140,-5,14,0,1,1,0,0,1,0,0,0
2026-03-27 21:35:17.953,842.467,1141,-3,14,0,1,1,0,0,1,0,0,0
2026-03-27 21:35:17.985,842.499,1141,-5,14,0,1,1,0,0,1,0,0,0
2026-03-27 21:35:18.129,842.643,1140,-5,14,0,1,1,0,0,1,0,0,0
2026-03-27 21:35:18.193,842.707,1140,-5,14,0,1,1,0,0,1,0,0,0
2026-03-27 21:35:18.321,842.835,1141,-3,14,0,1,1,0,0,1,0,0,0
2026-03-27 21:35:18.322,842.836,1141,-5,14,0,1,1,0,0,1,0,0,0
2026-03-27 21:35:18.465,842.979,1141,-5,14,0,1,1,0,0,1,0,0,0
2026-03-27 21:35:18.528,843.042,1141,-5,14,0,1,1,0,0,1,0,0,0
2026-03-27 21:35:18.657,843.171,1142,-2,14,0,1,1,0,0,1,0,0,0
2026-03-27 21:35:18.672,843.186,1141,-5,14,0,1,1,0,0,1,0,0,0
2026-03-27 21:35:18.721,843.235,1141,-5,14,0,1,1,0,0,1,0,0,0
2026-03-27 21:35:18.769,843.283,1141,-3,14,0,1,1,0,0,1,0,0,0
2026-03-27 21:35:18.961,843.475,1141,-2,14,0,1,1,0,0,1,0,0,0
2026-03-27 21:35:19.009,843.523,1140,-5,14,0,1,1,0,0,1,0,0,0
2026-03-27 21:35:19.137,843.651,1141,-2,14,0,1,1,0,0,1,0,0,0
2026-03-27 21:35:19.201,843.715,1141,-2,14,0,1,1,0,0,1,0,0,0
2026-03-27 21:35:19.297,843.811,1141,-3,14,0,1,1,0,0,1,0,0,0
2026-03-27 21:35:19.424,843.938,1140,-2,14,0,1,1,0,0,1,0,0,0
2026-03-27 21:35:19.488,844.002,1141,-2,14,0,1,1,0,0,1,0,0,0
2026-03-27 21:35:19.616,844.131,1140,-6,14,0,1,1,0,0,1,0,0,0
2026-03-27 21:35:19.713,844.227,1140,-3,14,0,1,1,0,0,1,0,0,0
2026-03-27 21:35:19.777,844.291,1141,-5,14,0,1,1,0,0,1,0,0,0
2026-03-27 21:35:19.920,844.434,1141,-2,14,0,1,1,0,0,1,0,0,0
2026-03-27 21:35:20.033,844.547,1141,-3,14,0,1,1,0,0,1,0,0,0
2026-03-27 21:35:20.096,844.611,1140,-2,14,0,1,1,0,0,1,0,0,0
2026-03-27 21:35:20.208,844.723,1141,-5,14,0,1,1,0,0,1,0,0,0
2026-03-27 21:35:20.289,844.803,1141,-5,14,0,1,1,0,0,1,0,0,0
2026-03-27 21:35:20.385,844.899,1141,-3,14,0,1,1,0,0,1,0,0,0
2026-03-27 21:35:20.577,845.091,1141,-5,14,0,1,1,0,0,1,0,0,0
2026-03-27 21:35:20.673,845.187,1141,-5,14,0,1,1,0,0,1,0,0,0
2026-03-27 21:35:20.675,845.189,1141,-2,14,0,1,1,0,0,1,0,0,0
2026-03-27 21:35:20.720,845.235,1141,-2,14,0,1,1,0,0,1,0,0,0
2026-03-27 21:35:20.723,845.237,1141,-5,14,0,1,1,0,0,1,0,0,0
2026-03-27 21:35:20.849,845.363,1141,-5,14,0,1,1,0,0,1,0,0,0
2026-03-27 21:35:20.880,845.394,1141,-5,14,0,1,1,0,0,1,0,0,0
2026-03-27 21:35:20.881,845.396,1141,-5,14,0,1,1,0,0,1,0,0,0
2026-03-27 21:35:20.960,845.474,1141,-2,14,0,1,1,0,0,1,0,0,0
2026-03-27 21:35:21.121,845.635,1141,-2,14,0,1,1,0,0,1,0,0,0
2026-03-27 21:35:21.153,845.667,1141,-3,14,0,1,1,0,0,1,0,0,0
2026-03-27 21:35:21.296,845.811,1140,-5,14,0,1,1,0,0,1,0,0,0
2026-03-27 21:35:21.329,845.843,1140,-2,14,0,1,1,0,0,1,0,0,0
2026-03-27 21:35:21.472,845.986,1141,-5,14,0,1,1,0,0,1,0,0,0
2026-03-27 21:35:21.488,846.002,1141,-5,14,0,1,1,0,0,1,0,0,0
2026-03-27 21:35:21.569,846.083,1141,-2,14,0,1,1,0,0,1,0,0,0
2026-03-27 21:35:21.920,846.434,1141,-3,14,0,1,1,0,0,1,0,0,0
2026-03-27 21:35:21.969,846.483,1140,-2,14,0,1,1,0,0,1,0,0,0
2026-03-27 21:35:22.048,846.562,1141,-3,14,0,1,1,0,0,1,0,0,0
2026-03-27 21:35:22.049,846.563,1141,-2,14,0,1,1,0,0,1,0,0,0
2026-03-27 21:35:22.161,846.675,1141,-5,14,0,1,1,0,0,1,0,0,0
2026-03-27 21:35:22.272,846.786,1141,-3,14,0,1,1,0,0,1,0,0,0
2026-03-27 21:35:22.496,847.010,1141,-2,14,0,1,1,0,0,1,0,0,0
2026-03-27 21:35:22.528,847.042,1140,-3,14,0,1,1,0,0,1,0,0,0
2026-03-27 21:35:22.531,847.045,1140,-5,14,0,1,1,0,0,1,0,0,0
2026-03-27 21:35:22.625,847.139,1140,-5,14,0,1,1,0,0,1,0,0,0
2026-03-27 21:35:22.672,847.186,1141,-2,11,0,1,1,0,0,1,0,0,0
2026-03-27 21:35:22.816,847.330,1140,-2,14,0,1,1,0,0,1,0,0,0
2026-03-27 21:35:22.880,847.394,1141,-5,14,0,1,1,0,0,1,0,0,0
2026-03-27 21:35:22.896,847.410,1141,-2,14,0,1,1,0,0,1,0,0,0
2026-03-27 21:35:22.977,847.491,1141,-3,14,0,1,1,0,0,1,0,0,0
2026-03-27 21:35:22.993,847.507,1140,-2,14,0,1,1,0,0,1,0,0,0
2026-03-27 21:35:23.121,847.635,1141,-3,14,0,1,1,0,0,1,0,0,0
2026-03-27 21:35:23.169,847.683,1140,-2,14,0,1,1,0,0,1,0,0,0
2026-03-27 21:35:23.248,847.762,1142,-2,14,0,1,1,0,0,1,0,0,0
2026-03-27 21:35:23.392,847.907,1141,-6,14,0,1,1,0,0,1,0,0,0
2026-03-27 21:35:23.504,848.019,1141,-3,14,0,1,1,0,0,1,0,0,0
2026-03-27 21:35:23.617,848.131,1143,-3,14,0,1,1,0,0,1,0,0,0
2026-03-27 21:35:23.680,848.195,1141,-2,14,0,1,1,0,0,1,0,0,0
2026-03-27 21:35:23.682,848.196,1141,-2,14,0,1,1,0,0,1,0,0,0
2026-03-27 21:35:23.696,848.210,1142,-3,14,0,1,1,0,0,1,0,0,0
2026-03-27 21:35:23.825,848.339,1142,-2,14,0,1,1,0,0,1,0,0,0
2026-03-27 21:35:23.827,848.341,1141,-2,14,0,1,1,0,0,1,0,0,0
2026-03-27 21:35:23.937,848.451,1141,-3,14,0,1,1,0,0,1,0,0,0
2026-03-27 21:35:24.032,848.547,1141,-5,14,0,1,1,0,0,1,0,0,0
2026-03-27 21:35:24.048,848.563,1141,-5,14,0,1,1,0,0,1,0,0,0
2026-03-27 21:35:24.097,848.611,1141,-5,14,0,1,1,0,0,1,0,0,0
2026-03-27 21:35:24.192,848.706,1141,-5,14,0,1,1,0,0,1,0,0,0
2026-03-27 21:35:24.482,848.996,1141,-2,14,0,1,1,0,0,1,0,0,0
2026-03-27 21:35:24.498,849.012,1141,-5,14,0,1,1,0,0,1,0,0,0
2026-03-27 21:35:24.625,849.139,1141,-5,14,0,1,1,0,0,1,0,0,0
2026-03-27 21:35:24.627,849.141,1141,-2,14,0,1,1,0,0,1,0,0,0
2026-03-27 21:35:24.753,849.267,1141,-2,14,0,1,1,0,0,1,0,0,0
2026-03-27 21:35:24.848,849.362,1141,-2,14,0,1,1,0,0,1,0,0,0
2026-03-27 21:35:24.850,849.364,1141,-2,14,0,1,1,0,0,1,0,0,0
2026-03-27 21:35:24.912,849.426,1141,-5,14,0,1,1,0,0,1,0,0,0
2026-03-27 21:35:24.993,849.507,1141,-2,14,0,1,1,0,0,1,0,0,0
2026-03-27 21:35:25.137,849.651,1141,-2,14,0,1,1,0,0,1,0,0,0
2026-03-27 21:35:25.264,849.778,1141,-3,14,0,1,1,0,0,1,0,0,0
2026-03-27 21:35:25.296,849.810,1140,-5,14,0,1,1,0,0,1,0,0,0
2026-03-27 21:35:25.457,849.971,1140,-5,14,0,1,1,0,0,1,0,0,0
2026-03-27 21:35:25.488,850.002,1141,-5,14,0,1,1,0,0,1,0,0,0
2026-03-27 21:35:25.665,850.179,1140,-3,14,0,1,1,0,0,1,0,0,0
2026-03-27 21:35:25.777,850.291,1141,-2,14,0,1,1,0,0,1,0,0,0
2026-03-27 21:35:25.921,850.435,1141,-3,14,0,1,1,0,0,1,0,0,0
2026-03-27 21:35:25.968,850.482,1141,-3,14,0,1,1,0,0,1,0,0,0
2026-03-27 21:35:26.161,850.675,1141,-5,14,0,1,1,0,0,1,0,0,0
2026-03-27 21:35:26.163,850.677,1141,-3,14,0,1,1,0,0,1,0,0,0
2026-03-27 21:35:26.241,850.755,1141,-2,14,0,1,1,0,0,1,0,0,0
2026-03-27 21:35:26.258,850.772,1141,-2,14,0,1,1,0,0,1,0,0,0
2026-03-27 21:35:26.304,850.818,1141,-2,14,0,1,1,0,0,1,0,0,0
2026-03-27 21:35:26.353,850.867,1140,-2,14,0,1,1,0,0,1,0,0,0
2026-03-27 21:35:26.355,850.869,1141,-5,14,0,1,1,0,0,1,0,0,0
2026-03-27 21:35:26.496,851.010,1141,-5,14,0,1,1,0,0,1,0,0,0
2026-03-27 21:35:26.513,851.027,1140,-3,14,0,1,1,0,0,1,0,0,0
2026-03-27 21:35:26.593,851.107,1140,-2,14,0,1,1,0,0,1,0,0,0
2026-03-27 21:35:26.656,851.170,1141,-2,14,0,1,1,0,0,1,0,0,0
2026-03-27 21:35:26.658,851.172,1141,-2,14,0,1,1,0,0,1,0,0,0
2026-03-27 21:35:26.753,851.267,1141,-3,14,0,1,1,0,0,1,0,0,0
2026-03-27 21:35:26.912,851.426,1141,-2,14,0,1,1,0,0,1,0,0,0
2026-03-27 21:35:26.977,851.491,1141,-2,14,0,1,1,0,0,1,0,0,0
2026-03-27 21:35:27.120,851.634,1141,-2,14,0,1,1,0,0,1,0,0,0
2026-03-27 21:35:27.122,851.637,1141,-2,14,0,1,1,0,0,1,0,0,0
2026-03-27 21:35:27.184,851.698,1141,-5,14,0,1,1,0,0,1,0,0,0
2026-03-27 21:35:27.345,851.859,1141,-3,14,0,1,1,0,0,1,0,0,0
2026-03-27 21:35:27.376,851.890,1141,-3,14,0,1,1,0,0,1,0,0,0
2026-03-27 21:35:27.488,852.002,1141,-5,14,0,1,1,0,0,1,0,0,0
2026-03-27 21:35:27.632,852.146,1141,-5,14,0,1,1,0,0,1,0,0,0
2026-03-27 21:35:27.681,852.195,1141,-2,14,0,1,1,0,0,1,0,0,0
2026-03-27 21:35:27.776,852.290,1141,-3,14,0,1,1,0,0,1,0,0,0
2026-03-27 21:35:27.888,852.402,1140,-5,14,0,1,1,0,0,1,0,0,0
2026-03-27 21:35:28.065,852.579,1141,-3,14,0,1,1,0,0,1,0,0,0
2026-03-27 21:35:28.144,852.658,1141,-5,14,0,1,1,0,0,1,0,0,0
2026-03-27 21:35:28.146,852.660,1141,-5,14,0,1,1,0,0,1,0,0,0
2026-03-27 21:35:28.160,852.674,1140,-3,14,0,1,1,0,0,1,0,0,0
2026-03-27 21:35:28.288,852.802,1141,-3,14,0,1,1,0,0,1,0,0,0
2026-03-27 21:35:28.384,852.898,1141,-5,14,0,1,1,0,0,1,0,0,0
2026-03-27 21:35:28.400,852.914,1141,-2,14,0,1,1,0,0,1,0,0,0
2026-03-27 21:35:28.465,852.979,1141,-3,14,0,1,1,0,0,1,0,0,0
2026-03-27 21:35:28.592,853.106,1142,-5,14,0,1,1,0,0,1,0,0,0
2026-03-27 21:35:28.688,853.202,1141,-5,14,0,1,1,0,0,1,0,0,0
2026-03-27 21:35:28.864,853.378,1141,-5,14,0,1,1,0,0,1,0,0,0
2026-03-27 21:35:29.008,853.522,1140,-5,14,0,1,1,0,0,1,0,0,0
2026-03-27 21:35:29.072,853.586,1141,-6,14,0,1,1,0,0,1,0,0,0
2026-03-27 21:35:29.264,853.778,1140,-5,14,0,1,1,0,0,1,0,0,0
2026-03-27 21:35:29.296,853.810,1141,-2,14,0,1,1,0,0,1,0,0,0
2026-03-27 21:35:29.440,853.955,1141,-5,14,0,1,1,0,0,1,0,0,0
2026-03-27 21:35:29.443,853.957,1140,-2,14,0,1,1,0,0,1,0,0,0
2026-03-27 21:35:29.537,854.051,1141,-2,14,0,1,1,0,0,1,0,0,0
2026-03-27 21:35:29.601,854.115,1141,-2,14,0,1,1,0,0,1,0,0,0
2026-03-27 21:35:29.744,854.258,1141,-3,14,0,1,1,0,0,1,0,0,0
2026-03-27 21:35:29.761,854.275,1141,-5,14,0,1,1,0,0,1,0,0,0
2026-03-27 21:35:29.888,854.402,1141,-5,14,0,1,1,0,0,1,0,0,0
2026-03-27 21:35:29.952,854.466,1141,-5,14,0,1,1,0,0,1,0,0,0
2026-03-27 21:35:29.969,854.484,1141,-5,14,0,1,1,0,0,1,0,0,0
2026-03-27 21:35:29.984,854.499,1141,-5,14,0,1,1,0,0,1,0,0,0
2026-03-27 21:35:30.113,854.627,1141,-2,14,0,1,1,0,0,1,0,0,0
2026-03-27 21:35:30.193,854.707,1141,-3,14,0,1,1,0,0,1,0,0,0
2026-03-27 21:35:30.320,854.834,1141,-5,14,0,1,1,0,0,1,0,0,0
2026-03-27 21:35:30.401,854.915,1141,-2,14,0,1,1,0,0,1,0,0,0
2026-03-27 21:35:30.416,854.930,1140,-3,14,0,1,1,0,0,1,0,0,0
2026-03-27 21:35:30.512,855.026,1140,-3,14,0,1,1,0,0,1,0,0,0
2026-03-27 21:35:30.528,855.042,1140,-3,14,0,1,1,0,0,1,0,0,0
2026-03-27 21:35:30.656,855.170,1141,-2,14,0,1,1,0,0,1,0,0,0
2026-03-27 21:35:30.752,855.266,1141,-5,14,0,1,1,0,0,1,0,0,0
2026-03-27 21:35:30.816,855.331,1141,-2,14,0,1,1,0,0,1,0,0,0
2026-03-27 21:35:31.057,855.571,1141,-5,14,0,1,1,0,0,1,0,0,0
2026-03-27 21:35:31.105,855.619,1141,-3,14,0,1,1,0,0,1,0,0,0
2026-03-27 21:35:31.232,855.746,1141,-5,14,0,1,1,0,0,1,0,0,0
2026-03-27 21:35:31.344,855.858,1141,-5,14,0,1,1,0,0,1,0,0,0
2026-03-27 21:35:31.456,855.970,1141,-3,14,0,1,1,0,0,1,0,0,0
2026-03-27 21:35:31.471,855.985,1140,-5,14,0,1,1,0,0,1,0,0,0
2026-03-27 21:35:31.504,856.019,1141,-5,14,0,1,1,0,0,1,0,0,0
2026-03-27 21:35:31.648,856.162,1141,-5,14,0,1,1,0,0,1,0,0,0
2026-03-27 21:35:31.760,856.274,1141,-2,14,0,1,1,0,0,1,0,0,0
2026-03-27 21:35:31.776,856.290,1141,-5,14,0,1,1,0,0,1,0,0,0
2026-03-27 21:35:31.873,856.387,1141,-5,14,0,1,1,0,0,1,0,0,0
2026-03-27 21:35:32.000,856.514,1141,-5,14,0,1,1,0,0,1,0,0,0
2026-03-27 21:35:32.016,856.530,1141,-5,14,0,1,1,0,0,1,0,0,0
2026-03-27 21:35:32.018,856.532,1140,-2,14,0,1,1,0,0,1,0,0,0
2026-03-27 21:35:32.080,856.594,1140,-3,14,0,1,1,0,0,1,0,0,0
2026-03-27 21:35:32.082,856.596,1140,-2,14,0,1,1,0,0,1,0,0,0
2026-03-27 21:35:32.176,856.690,1141,-5,14,0,1,1,0,0,1,0,0,0
2026-03-27 21:35:32.288,856.802,1140,-5,14,0,1,1,0,0,1,0,0,0
2026-03-27 21:35:32.432,856.946,1141,-2,14,0,1,1,0,0,1,0,0,0
2026-03-27 21:35:32.481,856.995,1141,-2,14,0,1,1,0,0,1,0,0,0
2026-03-27 21:35:32.624,857.138,1141,-2,14,0,1,1,0,0,1,0,0,0
2026-03-27 21:35:32.784,857.298,1141,-2,14,0,1,1,0,0,1,0,0,0
2026-03-27 21:35:32.880,857.394,1141,-2,14,0,1,1,0,0,1,0,0,0
2026-03-27 21:35:32.960,857.475,1141,-3,14,0,1,1,0,0,1,0,0,0
2026-03-27 21:35:32.963,857.477,1141,-2,14,0,1,1,0,0,1,0,0,0
2026-03-27 21:35:33.088,857.602,1141,-2,14,0,1,1,0,0,1,0,0,0
2026-03-27 21:35:33.200,857.714,1141,-5,14,0,1,1,0,0,1,0,0,0
2026-03-27 21:35:33.312,857.826,1140,-3,14,0,1,1,0,0,1,0,0,0
2026-03-27 21:35:33.328,857.843,1141,-2,14,0,1,1,0,0,1,0,0,0
2026-03-27 21:35:33.440,857.954,1141,-2,14,0,1,1,0,0,1,0,0,0
2026-03-27 21:35:33.552,858.066,1141,-3,14,0,1,1,0,0,1,0,0,0
2026-03-27 21:35:33.584,858.098,1141,-3,14,0,1,1,0,0,1,0,0,0
2026-03-27 21:35:33.728,858.242,1140,-2,14,0,1,1,0,0,1,0,0,0
2026-03-27 21:35:33.731,858.245,1140,-5,14,0,1,1,0,0,1,0,0,0
2026-03-27 21:35:33.792,858.306,1141,-5,14,0,1,1,0,0,1,0,0,0
2026-03-27 21:35:33.793,858.308,1141,-5,14,0,1,1,0,0,1,0,0,0
2026-03-27 21:35:33.888,858.402,1141,-3,14,0,1,1,0,0,1,0,0,0
2026-03-27 21:35:34.032,858.546,1141,-2,14,0,1,1,0,0,1,0,0,0
2026-03-27 21:35:34.033,858.547,1141,-2,14,0,1,1,0,0,1,0,0,0
2026-03-27 21:35:34.128,858.642,1141,-5,14,0,1,1,0,0,1,0,0,0
2026-03-27 21:35:34.256,858.770,1141,-2,14,0,1,1,0,0,1,0,0,0
2026-03-27 21:35:34.336,858.850,1141,-2,14,0,1,1,0,0,1,0,0,0
2026-03-27 21:35:34.512,859.026,1141,-2,14,0,1,1,0,0,1,0,0,0
2026-03-27 21:35:34.608,859.122,1141,-2,14,0,1,1,0,0,1,0,0,0
2026-03-27 21:35:34.720,859.234,1141,-5,14,0,1,1,0,0,1,0,0,0
2026-03-27 21:35:34.721,859.235,1141,-5,14,0,1,1,0,0,1,0,0,0
2026-03-27 21:35:34.736,859.250,1141,-3,14,0,1,1,0,0,1,0,0,0
2026-03-27 21:35:34.752,859.266,1141,-2,14,0,1,1,0,0,1,0,0,0
2026-03-27 21:35:34.768,859.282,1141,-5,14,0,1,1,0,0,1,0,0,0
2026-03-27 21:35:34.945,859.459,1141,-5,14,0,1,1,0,0,1,0,0,0
2026-03-27 21:35:35.071,859.585,1140,-3,14,0,1,1,0,0,1,0,0,0
2026-03-27 21:35:35.073,859.587,1140,-2,14,0,1,1,0,0,1,0,0,0
2026-03-27 21:35:35.088,859.602,1141,-2,14,0,1,1,0,0,1,0,0,0
2026-03-27 21:35:35.090,859.604,1141,-2,14,0,1,1,0,0,1,0,0,0
2026-03-27 21:35:35.280,859.794,1141,-6,14,0,1,1,0,0,1,0,0,0
2026-03-27 21:35:35.328,859.842,1140,-3,14,0,1,1,0,0,1,0,0,0
2026-03-27 21:35:35.376,859.890,1142,-5,14,0,1,1,0,0,1,0,0,0
2026-03-27 21:35:35.472,859.986,1141,-2,14,0,1,1,0,0,1,0,0,0
2026-03-27 21:35:35.584,860.098,1141,-5,14,0,1,1,0,0,1,0,0,0
2026-03-27 21:35:35.600,860.114,1141,-5,14,0,1,1,0,0,1,0,0,0
2026-03-27 21:35:35.648,860.162,1141,-5,14,0,1,1,0,0,1,0,0,0
2026-03-27 21:35:35.808,860.322,1141,-2,14,0,1,1,0,0,1,0,0,0
2026-03-27 21:35:35.936,860.450,1140,-5,14,0,1,1,0,0,1,0,0,0
2026-03-27 21:35:36.000,860.514,1141,-5,14,0,1,1,0,0,1,0,0,0
2026-03-27 21:35:36.208,860.722,1141,-5,14,0,1,1,0,0,1,0,0,0
2026-03-27 21:35:36.352,860.866,1141,-5,14,0,1,1,0,0,1,0,0,0
2026-03-27 21:35:36.353,860.867,1141,-5,14,0,1,1,0,0,1,0,0,0
2026-03-27 21:35:36.367,860.881,1141,-3,14,0,1,1,0,0,1,0,0,0
2026-03-27 21:35:36.464,860.978,1141,-3,14,0,1,1,0,0,1,0,0,0
2026-03-27 21:35:36.467,860.981,1141,-5,14,0,1,1,0,0,1,0,0,0
2026-03-27 21:35:36.608,861.122,1141,-5,14,0,1,1,0,0,1,0,0,0
2026-03-27 21:35:36.639,861.153,1141,-5,14,0,1,1,0,0,1,0,0,0
2026-03-27 21:35:36.641,861.155,1141,-5,14,0,1,1,0,0,1,0,0,0
2026-03-27 21:35:36.643,861.157,1140,-5,14,0,1,1,0,0,1,0,0,0
2026-03-27 21:35:36.832,861.346,1140,-5,14,0,1,1,0,0,1,0,0,0
2026-03-27 21:35:36.834,861.348,1140,-2,14,0,1,1,0,0,1,0,0,0
2026-03-27 21:35:36.928,861.442,1141,-2,14,0,1,1,0,0,1,0,0,0
2026-03-27 21:35:36.943,861.457,1141,-2,14,0,1,1,0,0,1,0,0,0
2026-03-27 21:35:37.008,861.522,1141,-3,14,0,1,1,0,0,1,0,0,0
2026-03-27 21:35:37.088,861.602,1141,-5,14,0,1,1,0,0,1,0,0,0
2026-03-27 21:35:37.090,861.604,1141,-6,14,0,1,1,0,0,1,0,0,0
2026-03-27 21:35:37.091,861.605,1141,-3,14,0,1,1,0,0,1,0,0,0
2026-03-27 21:35:37.247,861.761,1141,-3,14,0,1,1,0,0,1,0,0,0
2026-03-27 21:35:37.279,861.794,1141,-5,14,0,1,1,0,0,1,0,0,0
2026-03-27 21:35:37.440,861.954,1141,-5,14,0,1,1,0,0,1,0,0,0
2026-03-27 21:35:37.520,862.034,1141,-2,14,0,1,1,0,0,1,0,0,0
2026-03-27 21:35:37.631,862.146,1140,-5,14,0,1,1,0,0,1,0,0,0
2026-03-27 21:35:37.776,862.290,1140,-3,14,0,1,1,0,0,1,0,0,0
2026-03-27 21:35:37.824,862.338,1141,-5,14,0,1,1,0,0,1,0,0,0
2026-03-27 21:35:37.983,862.497,1141,-5,14,0,1,1,0,0,1,0,0,0
2026-03-27 21:35:37.984,862.498,1141,-5,14,0,1,1,0,0,1,0,0,0
2026-03-27 21:35:38.095,862.610,1141,-5,14,0,1,1,0,0,1,0,0,0
2026-03-27 21:35:38.191,862.706,1141,-2,14,0,1,1,0,0,1,0,0,0
2026-03-27 21:35:38.256,862.770,1141,-5,14,0,1,1,0,0,1,0,0,0
2026-03-27 21:35:38.367,862.881,1140,-2,14,0,1,1,0,0,1,0,0,0
2026-03-27 21:35:38.496,863.010,1141,-6,14,0,1,1,0,0,1,0,0,0
2026-03-27 21:35:38.498,863.012,1140,-5,14,0,1,1,0,0,1,0,0,0
2026-03-27 21:35:38.688,863.202,1140,-6,14,0,1,1,0,0,1,0,0,0
2026-03-27 21:35:38.768,863.282,1141,-5,14,0,1,1,0,0,1,0,0,0
2026-03-27 21:35:38.769,863.284,1141,-3,14,0,1,1,0,0,1,0,0,0
2026-03-27 21:35:38.832,863.346,1141,-5,14,0,1,1,0,0,1,0,0,0
2026-03-27 21:35:38.944,863.458,1140,-5,14,0,1,1,0,0,1,0,0,0
2026-03-27 21:35:39.072,863.586,1140,-5,14,0,1,1,0,0,1,0,0,0
2026-03-27 21:35:39.152,863.666,1141,-2,14,0,1,1,0,0,1,0,0,0
2026-03-27 21:35:39.153,863.667,1141,-2,14,0,1,1,0,0,1,0,0,0
2026-03-27 21:35:39.264,863.778,1141,-3,14,0,1,1,0,0,1,0,0,0
2026-03-27 21:35:39.280,863.795,1141,-2,14,0,1,1,0,0,1,0,0,0
2026-03-27 21:35:39.282,863.796,14,0,0,0,1,1,0,0,1,0,0,0
2026-03-27 21:35:39.375,863.889,1141,-2,14,0,1,1,0,0,1,0,0,0
2026-03-27 21:35:39.472,863.986,1140,-5,14,0,1,1,0,0,1,0,0,0
2026-03-27 21:35:39.583,864.098,1141,-3,14,0,1,1,0,0,1,0,0,0
2026-03-27 21:35:39.680,864.194,1141,-5,14,0,1,1,0,0,1,0,0,0
2026-03-27 21:35:39.681,864.195,1141,-3,14,0,1,1,0,0,1,0,0,0
2026-03-27 21:35:39.727,864.241,1140,-5,14,0,1,1,0,0,1,0,0,0
2026-03-27 21:35:39.872,864.386,1141,-3,14,0,1,1,0,0,1,0,0,0
2026-03-27 21:35:39.874,864.388,1141,-2,14,0,1,1,0,0,1,0,0,0
2026-03-27 21:35:39.983,864.497,1140,-2,14,0,1,1,0,0,1,0,0,0
2026-03-27 21:35:39.999,864.513,1141,-3,14,0,1,1,0,0,1,0,0,0
2026-03-27 21:35:40.000,864.514,1141,-2,0,0,0,0,0,0,1,0,0,0
2026-03-27 21:35:40.063,864.577,1141,-5,14,0,1,1,0,0,1,0,0,0
2026-03-27 21:35:40.223,864.737,1141,-5,14,0,1,1,0,0,1,0,0,0
2026-03-27 21:35:40.319,864.833,1142,-5,14,0,1,1,0,0,1,0,0,0
2026-03-27 21:35:40.320,864.835,1141,-2,14,0,1,1,0,0,1,0,0,0
2026-03-27 21:35:40.322,864.837,1141,-5,14,0,1,1,0,0,1,0,0,0
2026-03-27 21:35:40.432,864.946,1141,-5,14,0,1,1,0,0,1,0,0,0
2026-03-27 21:35:40.448,864.962,1141,-5,14,0,1,1,0,0,1,0,0,0
2026-03-27 21:35:40.479,864.994,1141,-5,14,0,1,1,0,0,1,0,0,0
2026-03-27 21:35:40.655,865.169,1141,-5,14,0,1,1,0,0,1,0,0,0
2026-03-27 21:35:40.658,865.172,1141,-5,14,0,1,1,0,0,1,0,0,0
2026-03-27 21:35:40.704,865.218,1141,-5,14,0,1,1,0,0,1,0,0,0
2026-03-27 21:35:40.783,865.297,1141,-2,14,0,1,1,0,0,1,0,0,0
2026-03-27 21:35:40.799,865.313,1141,-2,14,0,1,1,0,0,1,0,0,0
2026-03-27 21:35:40.847,865.361,1141,-2,14,0,1,1,0,0,1,0,0,0
2026-03-27 21:35:40.959,865.473,1142,-3,14,0,1,1,0,0,1,0,0,0
2026-03-27 21:35:40.976,865.490,1142,-5,14,0,1,1,0,0,1,0,0,0
2026-03-27 21:35:41.056,865.570,1142,-5,14,0,1,1,0,0,1,0,0,0
2026-03-27 21:35:41.183,865.697,1140,-5,14,0,1,1,0,0,1,0,0,0
2026-03-27 21:35:41.185,865.699,1141,-5,14,0,1,1,0,0,1,0,0,0
2026-03-27 21:35:41.327,865.842,1141,-5,14,0,1,1,0,0,1,0,0,0
2026-03-27 21:35:41.330,865.844,1140,-5,14,0,1,1,0,0,1,0,0,0
2026-03-27 21:35:41.439,865.954,1141,-5,14,0,1,1,0,0,1,0,0,0
2026-03-27 21:35:41.535,866.049,1141,-5,14,0,1,1,0,0,1,0,0,0
2026-03-27 21:35:41.631,866.145,1141,-5,14,0,1,1,0,0,1,0,0,0
2026-03-27 21:35:41.695,866.209,1141,-5,14,0,1,1,0,0,1,0,0,0
2026-03-27 21:35:41.808,866.322,1141,-2,14,0,1,1,0,0,1,0,0,0
2026-03-27 21:35:41.855,866.370,1141,-3,14,0,1,1,0,0,1,0,0,0
2026-03-27 21:35:42.063,866.577,1141,-2,14,0,1,1,0,0,1,0,0,0
2026-03-27 21:35:42.096,866.610,1141,-5,14,0,1,1,0,0,1,0,0,0
2026-03-27 21:35:42.098,866.612,1141,-5,14,0,1,1,0,0,1,0,0,0
2026-03-27 21:35:42.143,866.658,1141,-5,14,0,1,1,0,0,1,0,0,0
2026-03-27 21:35:42.319,866.833,1141,-5,14,0,1,1,0,0,1,0,0,0
2026-03-27 21:35:42.321,866.835,1141,-5,14,0,1,1,0,0,1,0,0,0
2026-03-27 21:35:42.383,866.897,1141,-5,14,0,1,1,0,0,1,0,0,0
2026-03-27 21:35:42.384,866.898,1141,-5,14,0,1,1,0,0,1,0,0,0
2026-03-27 21:35:42.447,866.961,1141,-5,14,0,1,1,0,0,1,0,0,0
2026-03-27 21:35:42.463,866.977,1141,-5,14,0,1,1,0,0,1,0,0,0
2026-03-27 21:35:42.608,867.122,1141,-2,14,0,1,1,0,0,1,0,0,0
2026-03-27 21:35:42.655,867.169,1141,-5,14,0,1,1,0,0,1,0,0,0
2026-03-27 21:35:42.657,867.171,1141,-5,14,0,1,1,0,0,1,0,0,0
2026-03-27 21:35:42.799,867.313,1141,-5,14,0,1,1,0,0,1,0,0,0
2026-03-27 21:35:42.800,867.314,1141,-5,14,0,1,1,0,0,1,0,0,0
2026-03-27 21:35:42.928,867.442,1140,-3,14,0,1,1,0,0,1,0,0,0
2026-03-27 21:35:43.007,867.521,1140,-2,14,0,1,1,0,0,1,0,0,0
2026-03-27 21:35:43.009,867.523,1143,-3,14,0,1,1,0,0,1,0,0,0
2026-03-27 21:35:43.071,867.586,1142,-2,14,0,1,1,0,0,1,0,0,0
2026-03-27 21:35:43.167,867.681,1141,-3,14,0,1,1,0,0,1,0,0,0
2026-03-27 21:35:43.279,867.793,1141,-3,14,0,1,1,0,0,1,0,0,0
2026-03-27 21:35:43.295,867.809,1141,-2,14,0,1,1,0,0,1,0,0,0
2026-03-27 21:35:43.375,867.889,1141,-5,14,0,1,1,0,0,1,0,0,0
2026-03-27 21:35:43.567,868.081,1141,-5,14,0,1,1,0,0,1,0,0,0
2026-03-27 21:35:43.744,868.258,1141,-5,14,0,1,1,0,0,1,0,0,0
2026-03-27 21:35:43.791,868.305,1141,-3,14,0,1,1,0,0,1,0,0,0
2026-03-27 21:35:43.904,868.418,1140,-5,14,0,1,1,0,0,1,0,0,0
2026-03-27 21:35:44.079,868.593,1141,-2,14,0,1,1,0,0,1,0,0,0
2026-03-27 21:35:44.160,868.674,1141,-5,14,0,1,1,0,0,1,0,0,0
2026-03-27 21:35:44.383,868.897,1141,-2,14,0,1,1,0,0,1,0,0,0
2026-03-27 21:35:44.399,868.913,1141,-5,14,0,1,1,0,0,1,0,0,0
2026-03-27 21:35:44.463,868.977,1140,-2,14,0,1,1,0,0,1,0,0,0
2026-03-27 21:35:44.623,869.137,1142,-2,14,0,1,1,0,0,1,0,0,0
2026-03-27 21:35:44.671,869.185,1141,-5,14,0,1,1,0,0,1,0,0,0
2026-03-27 21:35:44.674,869.189,1141,-5,14,0,1,1,0,0,1,0,0,0
2026-03-27 21:35:44.783,869.297,1141,-5,14,0,1,1,0,0,1,0,0,0
2026-03-27 21:35:44.879,869.393,1141,-3,14,0,1,1,0,0,1,0,0,0
2026-03-27 21:35:44.895,869.409,1141,-5,14,0,1,1,0,0,1,0,0,0
2026-03-27 21:35:45.007,869.521,1141,-3,14,0,1,1,0,0,1,0,0,0
2026-03-27 21:35:45.167,869.681,1140,-5,14,0,1,1,0,0,1,0,0,0
2026-03-27 21:35:45.184,869.698,1141,-5,14,0,1,1,0,0,1,0,0,0
2026-03-27 21:35:45.247,869.761,1141,-5,14,0,1,1,0,0,1,0,0,0
2026-03-27 21:35:45.263,869.778,1141,-5,14,0,1,1,0,0,1,0,0,0
2026-03-27 21:35:45.360,869.874,1141,-5,14,0,1,1,0,0,1,0,0,0
2026-03-27 21:35:45.456,869.970,1141,-2,14,0,1,1,0,0,1,0,0,0
2026-03-27 21:35:45.552,870.066,1141,-5,14,0,1,1,0,0,1,0,0,0
2026-03-27 21:35:45.680,870.194,1140,-5,14,0,1,1,0,0,1,0,0,0
2026-03-27 21:35:45.727,870.241,1141,-5,14,0,1,1,0,0,1,0,0,0
2026-03-27 21:35:45.871,870.385,1141,-2,14,0,1,1,0,0,1,0,0,0
2026-03-27 21:35:45.968,870.482,1141,-2,14,0,1,1,0,0,1,0,0,0
2026-03-27 21:35:46.080,870.594,1141,-5,14,0,1,1,0,0,1,0,0,0
2026-03-27 21:35:46.082,870.596,1141,-2,14,0,1,1,0,0,1,0,0,0
2026-03-27 21:35:46.160,870.674,1141,-2,14,0,1,1,0,0,1,0,0,0
2026-03-27 21:35:46.272,870.786,1140,-3,14,0,1,1,0,0,1,0,0,0
2026-03-27 21:35:46.287,870.801,1140,-3,14,0,1,1,0,0,1,0,0,0
2026-03-27 21:35:46.290,870.804,1141,-5,14,0,1,1,0,0,1,0,0,0
2026-03-27 21:35:46.480,870.994,1141,-5,14,0,1,1,0,0,1,0,0,0
2026-03-27 21:35:46.559,871.073,1141,-5,14,0,1,1,0,0,1,0,0,0
2026-03-27 21:35:46.639,871.153,1140,-5,14,0,1,1,0,0,1,0,0,0
2026-03-27 21:35:46.719,871.233,1141,-5,14,0,1,1,0,0,1,0,0,0
2026-03-27 21:35:46.735,871.249,1141,-6,14,0,1,1,0,0,1,0,0,0
2026-03-27 21:35:46.736,871.250,1141,-5,0,0,0,0,0,0,0,0,0,0
2026-03-27 21:35:46.737,871.251,1141,-6,14,0,1,1,0,0,1,0,0,0
2026-03-27 21:35:46.815,871.329,1141,-5,14,0,1,1,0,0,1,0,0,0
2026-03-27 21:35:46.959,871.473,1141,-2,14,0,1,1,0,0,1,0,0,0
2026-03-27 21:35:46.975,871.489,1141,-3,14,0,1,1,0,0,1,0,0,0
2026-03-27 21:35:46.976,871.490,114,0,0,0,0,0,0,0,0,0,0,0
2026-03-27 21:35:46.977,871.492,1141,-5,14,0,1,1,0,0,1,0,0,0
2026-03-27 21:35:47.087,871.601,1141,-5,14,0,1,1,0,0,1,0,0,0
2026-03-27 21:35:47.167,871.681,1141,-5,14,0,1,1,0,0,1,0,0,0
2026-03-27 21:35:47.375,871.889,1141,-5,14,0,1,1,0,0,1,0,0,0
2026-03-27 21:35:47.391,871.905,1141,-5,14,0,1,1,0,0,1,0,0,0
2026-03-27 21:35:47.423,871.938,1141,-5,14,0,1,1,0,0,1,0,0,0
2026-03-27 21:35:47.551,872.065,1141,-5,14,0,1,1,0,0,1,0,0,0
2026-03-27 21:35:47.647,872.161,1141,-5,14,0,1,1,0,0,1,0,0,0
2026-03-27 21:35:47.822,872.337,1141,-5,14,0,1,1,0,0,1,0,0,0
2026-03-27 21:35:47.824,872.338,1141,-5,14,0,1,1,0,0,1,0,0,0
2026-03-27 21:35:47.887,872.402,1141,-5,14,0,1,1,0,0,1,0,0,0
2026-03-27 21:35:47.984,872.498,1140,-3,14,0,1,1,0,0,1,0,0,0
2026-03-27 21:35:47.986,872.500,1140,-3,14,0,1,1,0,0,1,0,0,0
2026-03-27 21:35:48.096,872.610,1140,-2,14,0,1,1,0,0,1,0,0,0
2026-03-27 21:35:48.223,872.737,1141,-5,14,0,1,1,0,0,1,0,0,0
2026-03-27 21:35:48.240,872.754,1140,-2,14,0,1,1,0,0,1,0,0,0
2026-03-27 21:35:48.303,872.817,1141,-5,14,0,1,1,0,0,1,0,0,0
2026-03-27 21:35:48.304,872.818,1141,-5,14,0,1,1,0,0,1,0,0,0
2026-03-27 21:35:48.305,872.819,1143,-5,0,0,0,0,0,0,0,0,0,0
2026-03-27 21:35:48.306,872.820,1141,-5,14,0,1,1,0,0,1,0,0,0
2026-03-27 21:35:48.415,872.929,1141,-5,14,0,1,1,0,0,1,0,0,0
2026-03-27 21:35:48.431,872.945,1141,-2,14,0,1,1,0,0,1,0,0,0
2026-03-27 21:35:48.527,873.042,1141,-2,14,0,1,1,0,0,1,0,0,0
2026-03-27 21:35:48.591,873.106,1141,-6,14,0,1,1,0,0,1,0,0,0
2026-03-27 21:35:48.783,873.297,1141,-2,14,0,1,1,0,0,1,0,0,0
2026-03-27 21:35:48.799,873.314,1141,-5,14,0,1,1,0,0,1,0,0,0
2026-03-27 21:35:48.802,873.317,1141,-5,14,0,1,1,0,0,1,0,0,0
2026-03-27 21:35:48.896,873.410,1141,-5,14,0,1,1,0,0,1,0,0,0
2026-03-27 21:35:48.991,873.505,1141,-3,14,0,1,1,0,0,1,0,0,0
2026-03-27 21:35:49.216,873.730,1141,-5,14,0,1,1,0,0,1,0,0,0
2026-03-27 21:35:49.218,873.732,1140,-2,14,0,1,1,0,0,1,0,0,0
2026-03-27 21:35:49.311,873.825,1140,-2,14,0,1,1,0,0,1,0,0,0
2026-03-27 21:35:49.312,873.826,1140,-2,14,0,0,0,0,0,0,0,0,0
2026-03-27 21:35:49.313,873.827,1141,-2,14,0,1,1,0,0,1,0,0,0
2026-03-27 21:35:49.440,873.954,1141,-2,14,0,1,1,0,0,1,0,0,0
2026-03-27 21:35:49.583,874.097,1141,-2,14,0,1,1,0,0,1,0,0,0
2026-03-27 21:35:49.615,874.129,1141,-5,14,0,1,1,0,0,1,0,0,0
2026-03-27 21:35:49.759,874.274,1141,-3,14,0,1,1,0,0,1,0,0,0
2026-03-27 21:35:49.839,874.353,1141,-2,14,0,1,1,0,0,1,0,0,0
2026-03-27 21:35:49.967,874.481,1141,-2,14,0,1,1,0,0,1,0,0,0
2026-03-27 21:35:49.968,874.483,1141,-5,14,0,1,1,0,0,1,0,0,0
2026-03-27 21:35:50.079,874.593,1141,-5,14,0,1,1,0,0,1,0,0,0
2026-03-27 21:35:50.159,874.673,1141,-3,14,0,1,1,0,0,1,0,0,0
2026-03-27 21:35:50.160,874.675,1141,-2,14,0,1,1,0,0,1,0,0,0
2026-03-27 21:35:50.272,874.786,1141,-5,14,0,1,1,0,0,1,0,0,0
2026-03-27 21:35:50.288,874.802,1140,-5,14,0,1,1,0,0,1,0,0,0
2026-03-27 21:35:50.399,874.913,1141,-5,14,0,1,1,0,0,1,0,0,0
2026-03-27 21:35:50.511,875.025,1141,-5,14,0,1,1,0,0,1,0,0,0
2026-03-27 21:35:50.528,875.042,1141,-5,14,0,1,1,0,0,1,0,0,0
2026-03-27 21:35:50.575,875.089,1141,-5,14,0,1,1,0,0,1,0,0,0
2026-03-27 21:35:50.655,875.169,1140,-5,14,0,1,1,0,0,1,0,0,0
2026-03-27 21:35:50.783,875.297,1140,-5,14,0,1,1,0,0,1,0,0,0
2026-03-27 21:35:50.798,875.313,1141,-5,14,0,1,1,0,0,1,0,0,0
2026-03-27 21:35:50.910,875.424,1140,-2,14,0,1,1,0,0,1,0,0,0
2026-03-27 21:35:51.055,875.569,1141,-5,14,0,1,1,0,0,1,0,0,0
2026-03-27 21:35:51.183,875.697,1141,-5,14,0,1,1,0,0,1,0,0,0
2026-03-27 21:35:51.215,875.730,1141,-5,14,0,1,1,0,0,1,0,0,0
2026-03-27 21:35:51.343,875.857,1140,-5,14,0,1,1,0,0,1,0,0,0
2026-03-27 21:35:51.439,875.953,1141,-3,14,0,1,1,0,0,1,0,0,0
2026-03-27 21:35:51.551,876.065,1140,-5,14,0,1,1,0,0,1,0,0,0
2026-03-27 21:35:51.553,876.068,1141,-5,14,0,1,1,0,0,1,0,0,0
2026-03-27 21:35:51.695,876.209,1141,-5,14,0,1,1,0,0,1,0,0,0
2026-03-27 21:35:51.790,876.304,1141,-2,14,0,1,1,0,0,1,0,0,0
2026-03-27 21:35:51.807,876.321,1141,-2,14,0,1,1,0,0,1,0,0,0
2026-03-27 21:35:51.903,876.417,1141,-2,14,0,1,1,0,0,1,0,0,0
2026-03-27 21:35:51.966,876.480,1140,-5,14,0,1,1,0,0,1,0,0,0
2026-03-27 21:35:51.983,876.497,1141,-2,14,0,1,1,0,0,1,0,0,0
2026-03-27 21:35:51.985,876.499,1141,-3,14,0,1,1,0,0,1,0,0,0
2026-03-27 21:35:52.110,876.625,1140,-3,14,0,1,1,0,0,1,0,0,0
2026-03-27 21:35:52.271,876.785,1141,-5,14,0,1,1,0,0,1,0,0,0
2026-03-27 21:35:52.318,876.832,1141,-3,14,0,1,1,0,0,1,0,0,0
2026-03-27 21:35:52.432,876.946,1141,-2,14,0,1,1,0,0,1,0,0,0
2026-03-27 21:35:52.446,876.960,1141,-2,14,0,1,1,0,0,1,0,0,0
2026-03-27 21:35:52.527,877.041,1141,-5,14,0,1,1,0,0,1,0,0,0
2026-03-27 21:35:52.591,877.105,1140,-2,14,0,1,1,0,0,1,0,0,0
2026-03-27 21:35:52.767,877.281,1141,-5,14,0,1,1,0,0,1,0,0,0
2026-03-27 21:35:52.814,877.328,1140,-5,14,0,1,1,0,0,1,0,0,0
2026-03-27 21:35:52.895,877.409,1141,-5,14,0,1,1,0,0,1,0,0,0
2026-03-27 21:35:52.911,877.425,1141,-5,14,0,1,1,0,0,1,0,0,0
2026-03-27 21:35:53.007,877.521,1141,-5,14,0,1,1,0,0,1,0,0,0
2026-03-27 21:35:53.135,877.649,1141,-5,14,0,1,1,0,0,1,0,0,0
2026-03-27 21:35:53.136,877.650,1141,-5,14,0,1,1,0,0,1,0,0,0
2026-03-27 21:35:53.236,877.750,1140,-3,14,0,1,1,0,0,1,0,0,0
2026-03-27 21:35:53.279,877.793,1141,-5,14,0,1,1,0,0,1,0,0,0
2026-03-27 21:35:53.503,878.017,1141,-3,14,0,1,1,0,0,1,0,0,0
2026-03-27 21:35:53.599,878.113,1141,-5,14,0,1,1,0,0,1,0,0,0
2026-03-27 21:35:53.601,878.115,1141,-5,14,0,1,1,0,0,1,0,0,0
2026-03-27 21:35:53.760,878.274,1141,-5,14,0,1,1,0,0,1,0,0,0
2026-03-27 21:35:53.856,878.370,1141,-2,14,0,1,1,0,0,1,0,0,0
2026-03-27 21:35:53.919,878.433,1141,-2,14,0,1,1,0,0,1,0,0,0
2026-03-27 21:35:54.062,878.577,1141,-5,14,0,1,1,0,0,1,0,0,0
2026-03-27 21:35:54.064,878.578,1141,-5,14,0,1,1,0,0,1,0,0,0
2026-03-27 21:35:54.190,878.705,1141,-2,14,0,1,1,0,0,1,0,0,0
2026-03-27 21:35:54.271,878.785,1141,-5,14,0,1,1,0,0,1,0,0,0
2026-03-27 21:35:54.415,878.929,1141,-2,14,0,1,1,0,0,1,0,0,0
2026-03-27 21:35:54.416,878.930,1141,-6,14,0,1,1,0,0,1,0,0,0
2026-03-27 21:35:54.495,879.009,1141,-6,14,0,1,1,0,0,1,0,0,0
2026-03-27 21:35:54.623,879.138,1141,-5,14,0,1,1,0,0,1,0,0,0
2026-03-27 21:35:54.735,879.249,1141,-5,14,0,1,1,0,0,1,0,0,0
2026-03-27 21:35:54.831,879.345,1141,-5,14,0,1,1,0,0,1,0,0,0
2026-03-27 21:35:54.848,879.362,1141,-2,14,0,1,1,0,0,1,0,0,0
2026-03-27 21:35:54.943,879.457,1141,-2,14,0,1,1,0,0,1,0,0,0
2026-03-27 21:35:54.958,879.472,1141,-2,14,0,1,1,0,0,1,0,0,0
2026-03-27 21:35:54.975,879.489,1141,-5,14,0,1,1,0,0,1,0,0,0
2026-03-27 21:35:55.151,879.665,1141,-2,14,0,1,1,0,0,1,0,0,0
2026-03-27 21:35:55.279,879.793,1141,-2,14,0,1,1,0,0,1,0,0,0
2026-03-27 21:35:55.297,879.811,1141,-3,14,0,1,1,0,0,1,0,0,0
2026-03-27 21:35:55.454,879.969,1140,-5,14,0,1,1,0,0,1,0,0,0
2026-03-27 21:35:55.583,880.097,1141,-5,14,0,1,1,0,0,1,0,0,0
2026-03-27 21:35:55.584,880.098,1141,-5,14,0,1,1,0,0,1,0,0,0
2026-03-27 21:35:55.727,880.242,1141,-3,14,0,1,1,0,0,1,0,0,0
2026-03-27 21:35:55.744,880.258,1140,-5,14,0,1,1,0,0,1,0,0,0
2026-03-27 21:35:55.903,880.417,1142,-5,14,0,1,1,0,0,1,0,0,0
2026-03-27 21:35:55.951,880.465,1141,-5,14,0,1,1,0,0,1,0,0,0
2026-03-27 21:35:56.062,880.576,1141,-2,14,0,1,1,0,0,1,0,0,0
2026-03-27 21:35:56.110,880.625,1141,-3,14,0,1,1,0,0,1,0,0,0
2026-03-27 21:35:56.112,880.626,1141,-2,14,0,1,1,0,0,1,0,0,0
2026-03-27 21:35:56.223,880.737,1141,-5,14,0,1,1,0,0,1,0,0,0
2026-03-27 21:35:56.287,880.801,1141,-3,14,0,1,1,0,0,1,0,0,0
2026-03-27 21:35:56.447,880.961,1140,-2,14,0,1,1,0,0,1,0,0,0
2026-03-27 21:35:56.478,880.993,1142,-5,14,0,1,1,0,0,1,0,0,0
2026-03-27 21:35:56.496,881.010,1140,-3,14,0,1,1,0,0,1,0,0,0
2026-03-27 21:35:56.606,881.120,1141,-2,14,0,1,1,0,0,1,0,0,0
2026-03-27 21:35:56.783,881.297,1141,-3,14,0,1,1,0,0,1,0,0,0
2026-03-27 21:35:56.815,881.329,1141,-2,14,0,1,1,0,0,1,0,0,0
2026-03-27 21:35:56.943,881.457,1141,-2,14,0,1,1,0,0,1,0,0,0
2026-03-27 21:35:57.086,881.600,1141,-5,14,0,1,1,0,0,1,0,0,0
2026-03-27 21:35:57.151,881.665,1141,-2,14,0,1,1,0,0,1,0,0,0
2026-03-27 21:35:57.216,881.730,1141,-2,14,0,1,1,0,0,1,0,0,0
2026-03-27 21:35:57.342,881.856,1141,-5,14,0,1,1,0,0,1,0,0,0
2026-03-27 21:35:57.407,881.921,1141,-3,14,0,1,1,0,0,1,0,0,0
2026-03-27 21:35:57.503,882.017,1141,-5,14,0,1,1,0,0,1,0,0,0
2026-03-27 21:35:57.504,882.018,1141,-5,14,0,1,1,0,0,1,0,0,0
2026-03-27 21:35:57.599,882.113,1141,-5,14,0,1,1,0,0,1,0,0,0
2026-03-27 21:35:57.711,882.225,1141,-5,14,0,1,1,0,0,1,0,0,0
2026-03-27 21:35:57.871,882.385,1141,-2,14,0,1,1,0,0,1,0,0,0
2026-03-27 21:35:57.966,882.481,1142,-2,14,0,1,1,0,0,1,0,0,0
2026-03-27 21:35:57.999,882.513,1141,-2,14,0,1,1,0,0,1,0,0,0
2026-03-27 21:35:58.158,882.672,1141,-2,14,0,1,1,0,0,1,0,0,0
2026-03-27 21:35:58.175,882.690,1141,-5,14,0,1,1,0,0,1,0,0,0
2026-03-27 21:35:58.206,882.720,1141,-5,14,0,1,1,0,0,1,0,0,0
2026-03-27 21:35:58.303,882.817,1140,-5,14,0,1,1,0,0,1,0,0,0
2026-03-27 21:35:58.478,882.992,1141,-2,14,0,1,1,0,0,1,0,0,0
2026-03-27 21:35:58.495,883.009,1141,-5,14,0,1,1,0,0,1,0,0,0
2026-03-27 21:35:58.497,883.011,1140,-3,14,0,1,1,0,0,1,0,0,0
2026-03-27 21:35:58.558,883.073,1141,-4,14,0,1,1,0,0,1,0,0,0
2026-03-27 21:35:58.561,883.075,1141,-5,14,0,1,1,0,0,1,0,0,0
2026-03-27 21:35:58.639,883.153,1141,-4,14,0,1,1,0,0,1,0,0,0
2026-03-27 21:35:58.655,883.169,1141,-5,14,0,1,1,0,0,1,0,0,0
2026-03-27 21:35:58.799,883.313,1141,-5,14,0,1,1,0,0,1,0,0,0
2026-03-27 21:35:58.879,883.393,1141,-2,14,0,1,1,0,0,1,0,0,0
2026-03-27 21:35:59.054,883.568,1141,-3,14,0,1,1,0,0,1,0,0,0
2026-03-27 21:35:59.086,883.600,1141,-3,11,0,1,1,0,0,1,0,0,0
2026-03-27 21:35:59.089,883.603,1140,-2,14,0,1,1,0,0,1,0,0,0
2026-03-27 21:35:59.182,883.697,1141,-3,14,0,1,1,0,0,1,0,0,0
2026-03-27 21:35:59.262,883.776,1141,-2,14,0,1,1,0,0,1,0,0,0
2026-03-27 21:35:59.263,883.777,1141,-3,14,0,1,1,0,0,1,0,0,0
2026-03-27 21:35:59.265,883.779,1141,-2,14,0,1,1,0,0,1,0,0,0
2026-03-27 21:35:59.374,883.888,1142,-2,14,0,1,1,0,0,1,0,0,0
2026-03-27 21:35:59.376,883.890,1143,-2,14,0,1,1,0,0,0,0,0,0
2026-03-27 21:35:59.454,883.968,1141,-3,14,0,1,1,0,0,1,0,0,0
2026-03-27 21:35:59.455,883.970,1141,-2,14,0,1,1,0,0,1,0,0,0
2026-03-27 21:35:59.550,884.064,1140,-2,14,0,1,1,0,0,1,0,0,0
2026-03-27 21:35:59.646,884.160,1140,-5,14,0,1,1,0,0,1,0,0,0
2026-03-27 21:35:59.790,884.304,1141,-2,14,0,1,1,0,0,1,0,0,0
2026-03-27 21:35:59.838,884.352,1141,-5,14,0,1,1,0,0,1,0,0,0
2026-03-27 21:35:59.935,884.449,1141,-2,14,0,1,1,0,0,1,0,0,0
2026-03-27 21:36:00.110,884.624,1141,-5,14,0,1,1,0,0,1,0,0,0
2026-03-27 21:36:00.158,884.672,1141,-2,14,0,1,1,0,0,1,0,0,0
2026-03-27 21:36:00.159,884.673,1141,-2,14,0,1,1,0,0,1,0,0,0
2026-03-27 21:36:00.255,884.769,1141,-2,14,0,1,1,0,0,1,0,0,0
2026-03-27 21:36:00.367,884.881,1141,-3,14,0,1,1,0,0,1,0,0,0
2026-03-27 21:36:00.462,884.976,1142,-4,14,0,1,1,0,0,1,0,0,0
2026-03-27 21:36:00.575,885.089,1141,-5,14,0,1,1,0,0,1,0,0,0
2026-03-27 21:36:00.623,885.137,1141,-2,14,0,1,1,0,0,1,0,0,0
2026-03-27 21:36:00.626,885.140,1141,-6,14,0,1,1,0,0,1,0,0,0
2026-03-27 21:36:00.703,885.217,1141,-5,14,0,1,1,0,0,1,0,0,0
2026-03-27 21:36:00.830,885.344,1140,-2,14,0,1,1,0,0,1,0,0,0
2026-03-27 21:36:00.846,885.360,1141,-3,14,0,1,1,0,0,1,0,0,0
2026-03-27 21:36:00.942,885.456,1141,-3,14,0,1,1,0,0,1,0,0,0
2026-03-27 21:36:01.038,885.552,1140,-2,14,0,1,1,0,0,1,0,0,0
2026-03-27 21:36:01.134,885.648,1141,-2,14,0,1,1,0,0,1,0,0,0
2026-03-27 21:36:01.151,885.665,1141,-5,14,0,1,1,0,0,1,0,0,0
2026-03-27 21:36:01.214,885.728,1141,-2,14,0,1,1,0,0,1,0,0,0
2026-03-27 21:36:01.217,885.731,1141,-3,14,0,1,1,0,0,1,0,0,0
2026-03-27 21:36:01.535,886.049,1141,-2,14,0,1,1,0,0,1,0,0,0
2026-03-27 21:36:01.646,886.161,1141,-3,14,0,1,1,0,0,1,0,0,0
2026-03-27 21:36:01.854,886.368,1141,-5,14,0,1,1,0,0,0,0,0,0
2026-03-27 21:36:01.855,886.369,1141,-3,14,0,1,1,0,0,1,0,0,0
2026-03-27 21:36:01.870,886.384,1141,-2,14,0,1,1,0,0,1,0,0,0
2026-03-27 21:36:01.967,886.481,1141,-2,14,0,1,1,0,0,1,0,0,0
2026-03-27 21:36:02.078,886.592,1140,-5,14,0,1,1,0,0,1,0,0,0
2026-03-27 21:36:02.190,886.704,1141,-3,14,0,1,1,0,0,1,0,0,0
2026-03-27 21:36:02.191,886.705,1141,-2,14,0,1,1,0,0,1,0,0,0
2026-03-27 21:36:02.254,886.768,1141,-5,14,0,1,1,0,0,1,0,0,0
2026-03-27 21:36:02.256,886.770,1141,-5,14,0,1,1,0,0,1,0,0,0
2026-03-27 21:36:02.302,886.816,1141,-2,14,0,1,1,0,0,1,0,0,0
2026-03-27 21:36:02.304,886.818,1143,-3,14,0,1,1,0,0,1,0,0,0
2026-03-27 21:36:02.462,886.976,1141,-3,14,0,1,1,0,0,1,0,0,0
2026-03-27 21:36:02.542,887.056,1141,-5,14,0,1,1,0,0,1,0,0,0
2026-03-27 21:36:02.543,887.057,1141,-5,14,0,1,1,0,0,1,0,0,0
2026-03-27 21:36:02.638,887.153,1141,-5,14,0,1,1,0,0,1,0,0,0
2026-03-27 21:36:02.766,887.280,1140,-5,14,0,1,1,0,0,1,0,0,0
2026-03-27 21:36:02.767,887.281,1141,-5,14,0,1,1,0,0,1,0,0,0
2026-03-27 21:36:02.878,887.392,1141,-5,14,0,1,1,0,0,1,0,0,0
2026-03-27 21:36:03.022,887.536,1141,-5,14,0,1,1,0,0,1,0,0,0
2026-03-27 21:36:03.134,887.648,1141,-3,14,0,1,1,0,0,1,0,0,0
2026-03-27 21:36:03.150,887.664,1141,-5,14,0,1,1,0,0,1,0,0,0
2026-03-27 21:36:03.167,887.681,1141,-5,14,0,1,1,0,0,1,0,0,0
2026-03-27 21:36:03.246,887.760,1141,-3,14,0,1,1,0,0,1,0,0,0
2026-03-27 21:36:03.247,887.761,1141,-3,14,0,1,1,0,0,1,0,0,0
2026-03-27 21:36:03.422,887.936,1141,-2,14,0,1,1,0,0,1,0,0,0
2026-03-27 21:36:03.567,888.081,1141,-2,14,0,1,1,0,0,1,0,0,0
2026-03-27 21:36:03.646,888.160,1140,-5,14,0,1,1,0,0,1,0,0,0
2026-03-27 21:36:03.678,888.192,1142,-2,14,0,1,1,0,0,1,0,0,0
2026-03-27 21:36:03.822,888.336,1141,-3,11,0,1,1,0,0,1,0,0,0
2026-03-27 21:36:03.870,888.384,1141,-2,14,0,1,1,0,0,1,0,0,0
2026-03-27 21:36:03.872,888.387,1140,-5,14,0,1,1,0,0,1,0,0,0
2026-03-27 21:36:03.967,888.481,1141,-5,14,0,1,1,0,0,1,0,0,0
2026-03-27 21:36:03.968,888.482,1141,-5,14,0,1,1,0,0,1,0,0,0
2026-03-27 21:36:04.110,888.624,1141,-2,14,0,1,1,0,0,1,0,0,0
2026-03-27 21:36:04.222,888.737,1141,-3,14,0,1,1,0,0,1,0,0,0
2026-03-27 21:36:04.225,888.739,1141,-5,14,0,1,1,0,0,1,0,0,0
2026-03-27 21:36:04.303,888.817,1141,-5,14,0,1,1,0,0,1,0,0,0
2026-03-27 21:36:04.415,888.929,1141,-2,14,0,1,1,0,0,1,0,0,0
2026-03-27 21:36:04.432,888.946,1141,-2,14,0,1,1,0,0,1,0,0,0
2026-03-27 21:36:04.526,889.040,1141,-2,14,0,1,1,0,0,1,0,0,0
2026-03-27 21:36:04.639,889.153,1142,-3,14,0,1,1,0,0,1,0,0,0
2026-03-27 21:36:04.814,889.329,1142,-2,14,0,1,1,0,0,1,0,0,0
2026-03-27 21:36:04.910,889.424,1141,-3,14,0,1,1,0,0,1,0,0,0
2026-03-27 21:36:04.911,889.425,1141,-2,14,0,1,1,0,0,1,0,0,0
2026-03-27 21:36:05.167,889.681,1141,-2,14,0,1,1,0,0,1,0,0,0
2026-03-27 21:36:05.183,889.697,1140,-5,14,0,1,1,0,0,1,0,0,0
2026-03-27 21:36:05.310,889.825,1140,-5,14,0,1,1,0,0,1,0,0,0
2026-03-27 21:36:05.455,889.969,1141,-2,14,0,1,1,0,0,1,0,0,0
2026-03-27 21:36:05.566,890.080,1141,-2,14,0,1,1,0,0,1,0,0,0
2026-03-27 21:36:05.646,890.161,1141,-5,14,0,1,1,0,0,1,0,0,0
2026-03-27 21:36:05.648,890.162,1142,-4,14,0,1,1,0,0,1,0,0,0
2026-03-27 21:36:05.775,890.289,1141,-2,14,0,1,1,0,0,1,0,0,0
2026-03-27 21:36:05.886,890.400,1141,-2,14,0,1,1,0,0,1,0,0,0
2026-03-27 21:36:05.999,890.513,1141,-5,14,0,1,1,0,0,1,0,0,0
2026-03-27 21:36:06.093,890.607,1141,-3,14,0,1,1,0,0,1,0,0,0
2026-03-27 21:36:06.095,890.609,1141,-2,14,0,1,1,0,0,1,0,0,0
2026-03-27 21:36:06.190,890.704,1140,-2,14,0,1,1,0,0,1,0,0,0
2026-03-27 21:36:06.270,890.784,1141,-5,14,0,1,1,0,0,1,0,0,0
2026-03-27 21:36:06.382,890.896,1141,-3,14,0,1,1,0,0,1,0,0,0
2026-03-27 21:36:06.398,890.912,1141,-5,14,0,1,1,0,0,1,0,0,0
2026-03-27 21:36:06.399,890.913,1141,0,0,0,0,0,0,0,0,0,0,0
2026-03-27 21:36:06.400,890.914,1141,-5,14,0,1,1,0,0,1,0,0,0
2026-03-27 21:36:06.798,891.312,1141,-2,14,0,1,1,0,0,1,0,0,0
2026-03-27 21:36:06.910,891.424,1140,-3,14,0,1,1,0,0,1,0,0,0
2026-03-27 21:36:06.942,891.456,1140,-2,14,0,1,1,0,0,1,0,0,0
2026-03-27 21:36:06.944,891.459,1141,-2,14,0,1,1,0,0,1,0,0,0
2026-03-27 21:36:07.070,891.584,1141,-2,14,0,1,1,0,0,1,0,0,0
2026-03-27 21:36:07.213,891.727,1140,-3,12,0,1,1,0,0,1,0,0,0
2026-03-27 21:36:07.262,891.776,1141,-2,11,0,1,1,0,0,1,0,0,0
2026-03-27 21:36:07.326,891.840,1140,-3,14,0,1,1,0,0,1,0,0,0
2026-03-27 21:36:07.422,891.936,1141,-5,14,0,1,1,0,0,1,0,0,0
2026-03-27 21:36:07.423,891.937,1141,-3,14,0,1,1,0,0,1,0,0,0
2026-03-27 21:36:07.630,892.144,1141,-5,14,0,1,1,0,0,1,0,0,0
2026-03-27 21:36:07.710,892.224,1141,-2,14,0,1,1,0,0,1,0,0,0
2026-03-27 21:36:07.758,892.272,1141,-2,14,0,1,1,0,0,1,0,0,0
2026-03-27 21:36:07.759,892.274,1141,-3,14,0,1,1,0,0,1,0,0,0
2026-03-27 21:36:07.760,892.274,0,0,0,0,0,0,0,0,0,0,0,0
2026-03-27 21:36:07.837,892.351,1141,-3,14,0,1,1,0,0,1,0,0,0
2026-03-27 21:36:07.838,892.353,1141,-3,14,0,1,1,0,0,1,0,0,0
2026-03-27 21:36:07.965,892.479,1141,-2,14,0,1,1,0,0,1,0,0,0
2026-03-27 21:36:07.967,892.481,1141,-2,14,0,1,1,0,0,1,0,0,0
2026-03-27 21:36:08.046,892.560,1141,-5,14,0,1,1,0,0,1,0,0,0
2026-03-27 21:36:08.142,892.656,1141,-5,14,0,1,1,0,0,1,0,0,0
2026-03-27 21:36:08.158,892.672,1141,-5,11,0,1,1,0,0,1,0,0,0
2026-03-27 21:36:08.270,892.784,1141,-5,11,0,1,1,0,0,1,0,0,0
2026-03-27 21:36:08.446,892.960,1141,-2,14,0,1,1,0,0,1,0,0,0
2026-03-27 21:36:08.447,892.961,1141,-3,14,0,1,1,0,0,1,0,0,0
2026-03-27 21:36:08.526,893.040,1140,-5,14,0,1,1,0,0,1,0,0,0
2026-03-27 21:36:08.669,893.183,1141,-5,14,0,1,1,0,0,1,0,0,0
2026-03-27 21:36:08.670,893.184,1141,-5,14,0,1,1,0,0,1,0,0,0
2026-03-27 21:36:08.686,893.200,1141,-2,14,0,1,1,0,0,1,0,0,0
2026-03-27 21:36:08.814,893.328,1141,-2,14,0,1,1,0,0,1,0,0,0
2026-03-27 21:36:08.910,893.424,1141,-5,14,0,1,1,0,0,1,0,0,0
2026-03-27 21:36:09.038,893.552,1141,-5,14,0,1,1,0,0,1,0,0,0
2026-03-27 21:36:09.166,893.680,1141,-5,14,0,1,1,0,0,1,0,0,0
2026-03-27 21:36:09.261,893.775,1140,-5,14,0,1,1,0,0,1,0,0,0
2026-03-27 21:36:09.342,893.856,1141,-5,14,0,1,1,0,0,1,0,0,0
2026-03-27 21:36:09.343,893.858,1141,-5,14,0,1,1,0,0,1,0,0,0
2026-03-27 21:36:09.486,894.000,1141,-2,14,0,1,1,0,0,1,0,0,0
2026-03-27 21:36:09.565,894.080,1141,-3,14,0,1,1,0,0,1,0,0,0
2026-03-27 21:36:09.630,894.144,1141,-3,14,0,1,1,0,0,1,0,0,0
2026-03-27 21:36:09.741,894.256,1141,-5,14,0,1,1,0,0,1,0,0,0
2026-03-27 21:36:09.838,894.352,1141,-4,14,0,1,1,0,0,1,0,0,0
2026-03-27 21:36:09.982,894.496,1141,-3,14,0,1,1,0,0,1,0,0,0
2026-03-27 21:36:10.126,894.640,1141,-3,14,0,1,1,0,0,1,0,0,0
2026-03-27 21:36:10.173,894.687,1141,-2,14,0,1,1,0,0,1,0,0,0
2026-03-27 21:36:10.175,894.689,1141,-2,14,0,1,1,0,0,1,0,0,0
2026-03-27 21:36:10.270,894.784,1141,-5,14,0,1,1,0,0,1,0,0,0
2026-03-27 21:36:10.430,894.944,1141,-5,14,0,1,1,0,0,1,0,0,0
2026-03-27 21:36:10.477,894.992,1141,-2,14,0,1,1,0,0,1,0,0,0
2026-03-27 21:36:10.654,895.168,1141,-5,14,0,1,1,0,0,1,0,0,0
2026-03-27 21:36:10.669,895.183,1140,-3,14,0,1,1,0,0,1,0,0,0
2026-03-27 21:36:10.750,895.264,1140,-2,14,0,1,1,0,0,1,0,0,0
2026-03-27 21:36:10.814,895.328,1141,-2,14,0,1,1,0,0,1,0,0,0
2026-03-27 21:36:10.910,895.424,1141,-3,14,0,1,1,0,0,1,0,0,0
2026-03-27 21:36:11.038,895.552,1141,-5,14,0,1,1,0,0,1,0,0,0
2026-03-27 21:36:11.056,895.570,1140,-5,14,0,1,1,0,0,1,0,0,0
2026-03-27 21:36:11.198,895.712,1141,-5,14,0,1,1,0,0,1,0,0,0
2026-03-27 21:36:11.246,895.760,1141,-5,14,0,1,1,0,0,1,0,0,0
2026-03-27 21:36:11.406,895.920,1141,-2,14,0,1,1,0,0,1,0,0,0
2026-03-27 21:36:11.486,896.000,1140,-2,14,0,1,1,0,0,1,0,0,0
2026-03-27 21:36:11.598,896.112,1141,-5,14,0,1,1,0,0,1,0,0,0
2026-03-27 21:36:11.600,896.114,1141,-2,14,0,1,1,0,0,1,0,0,0
2026-03-27 21:36:11.726,896.240,1141,-3,14,0,1,1,0,0,1,0,0,0
2026-03-27 21:36:11.806,896.320,1141,-5,14,0,1,1,0,0,1,0,0,0
2026-03-27 21:36:11.808,896.322,1141,-5,14,0,1,1,0,0,1,0,0,0
2026-03-27 21:36:11.870,896.384,1141,-5,14,0,1,1,0,0,1,0,0,0
2026-03-27 21:36:12.045,896.559,1141,-5,14,0,1,1,0,0,1,0,0,0
2026-03-27 21:36:12.046,896.560,1141,-5,14,0,1,1,0,0,1,0,0,0
2026-03-27 21:36:12.093,896.608,1140,-5,14,0,1,1,0,0,1,0,0,0
2026-03-27 21:36:12.238,896.752,1141,-5,14,0,1,1,0,0,1,0,0,0
2026-03-27 21:36:12.241,896.755,1141,-5,14,0,1,1,0,0,1,0,0,0
2026-03-27 21:36:12.286,896.800,1141,-3,14,0,1,1,0,0,1,0,0,0
2026-03-27 21:36:12.430,896.944,1141,-5,14,0,1,1,0,0,1,0,0,0
2026-03-27 21:36:12.574,897.088,1140,-5,14,0,1,1,0,0,1,0,0,0
2026-03-27 21:36:12.685,897.199,1141,-5,14,0,1,1,0,0,1,0,0,0
2026-03-27 21:36:12.702,897.216,1141,-5,14,0,1,1,0,0,1,0,0,0
2026-03-27 21:36:12.704,897.218,1141,-5,14,0,1,1,0,0,1,0,0,0
2026-03-27 21:36:12.766,897.280,1141,-2,14,0,1,1,0,0,1,0,0,0
2026-03-27 21:36:12.845,897.360,1141,-5,14,0,1,1,0,0,1,0,0,0
2026-03-27 21:36:13.024,897.538,1141,-5,14,0,1,1,0,0,1,0,0,0
2026-03-27 21:36:13.118,897.632,1141,-5,14,0,1,1,0,0,1,0,0,0
2026-03-27 21:36:13.134,897.648,1141,-5,14,0,1,1,0,0,1,0,0,0
2026-03-27 21:36:13.246,897.760,1141,-5,14,0,1,1,0,0,1,0,0,0
2026-03-27 21:36:13.310,897.824,1141,-5,14,0,1,1,0,0,1,0,0,0
2026-03-27 21:36:13.485,897.999,1141,-2,14,0,1,1,0,0,1,0,0,0
2026-03-27 21:36:13.486,898.000,1141,-3,14,0,1,1,0,0,1,0,0,0
2026-03-27 21:36:13.502,898.016,1141,-5,14,0,1,1,0,0,1,0,0,0
2026-03-27 21:36:13.582,898.096,1141,-5,14,0,1,1,0,0,1,0,0,0
2026-03-27 21:36:13.709,898.223,1141,-5,14,0,1,1,0,0,1,0,0,0
2026-03-27 21:36:13.725,898.239,1141,-5,14,0,1,1,0,0,1,0,0,0
2026-03-27 21:36:13.806,898.320,1140,-5,14,0,1,1,0,0,1,0,0,0
2026-03-27 21:36:13.918,898.432,1141,-5,14,0,1,1,0,0,1,0,0,0
2026-03-27 21:36:14.029,898.543,1141,-2,14,0,1,1,0,0,1,0,0,0
2026-03-27 21:36:14.030,898.545,1141,-5,14,0,1,1,0,0,1,0,0,0
2026-03-27 21:36:14.157,898.671,1141,-5,14,0,1,1,0,0,1,0,0,0
2026-03-27 21:36:14.270,898.784,1141,-5,14,0,1,1,0,0,1,0,0,0
2026-03-27 21:36:14.398,898.912,1141,-5,14,0,1,1,0,0,1,0,0,0
2026-03-27 21:36:14.478,898.992,1140,-2,14,0,1,1,0,0,1,0,0,0
2026-03-27 21:36:14.480,898.994,1140,-5,14,0,1,1,0,0,1,0,0,0
2026-03-27 21:36:14.622,899.136,1140,-5,14,0,1,1,0,0,1,0,0,0
2026-03-27 21:36:14.718,899.232,1141,-5,14,0,1,1,0,0,1,0,0,0
2026-03-27 21:36:14.813,899.328,1141,-5,14,0,1,1,0,0,1,0,0,0
2026-03-27 21:36:14.910,899.424,1141,-5,14,0,1,1,0,0,1,0,0,0
2026-03-27 21:36:14.958,899.472,1141,-3,14,0,1,1,0,0,1,0,0,0
2026-03-27 21:36:15.086,899.600,1141,-2,14,0,1,1,0,0,1,0,0,0
2026-03-27 21:36:15.181,899.696,1140,-2,14,0,1,1,0,0,1,0,0,0
2026-03-27 21:36:15.183,899.697,1141,-2,14,0,1,1,0,0,1,0,0,0
2026-03-27 21:36:15.278,899.792,1141,-5,14,0,1,1,0,0,1,0,0,0
2026-03-27 21:36:15.279,899.793,1141,-5,14,0,1,1,0,0,1,0,0,0
2026-03-27 21:36:15.325,899.839,1141,-5,14,0,1,1,0,0,1,0,0,0
2026-03-27 21:36:15.327,899.841,1141,-5,14,0,1,1,0,0,1,0,0,0
2026-03-27 21:36:15.421,899.936,1141,-5,14,0,1,1,0,0,1,0,0,0
2026-03-27 21:36:15.470,899.984,1141,-5,14,0,1,1,0,0,1,0,0,0
2026-03-27 21:36:15.581,900.096,1141,-5,14,0,1,1,0,0,1,0,0,0
2026-03-27 21:36:15.597,900.112,1141,-5,14,0,1,1,0,0,1,0,0,0
2026-03-27 21:36:15.742,900.256,1141,-5,14,0,1,1,0,0,1,0,0,0
2026-03-27 21:36:15.854,900.368,1141,-2,14,0,1,1,0,0,1,0,0,0
2026-03-27 21:36:16.094,900.608,1141,-2,14,0,1,1,0,0,1,0,0,0
2026-03-27 21:36:16.173,900.687,1141,-5,14,0,1,1,0,0,1,0,0,0
2026-03-27 21:36:16.333,900.847,1141,-5,14,0,1,1,0,0,1,0,0,0
2026-03-27 21:36:16.350,900.864,1141,-5,14,0,1,1,0,0,1,0,0,0
2026-03-27 21:36:16.446,900.960,1141,-5,14,0,1,1,0,0,1,0,0,0
2026-03-27 21:36:16.448,900.962,1141,-5,14,0,1,1,0,0,1,0,0,0
2026-03-27 21:36:16.494,901.008,1141,-5,14,0,1,1,0,0,1,0,0,0
2026-03-27 21:36:16.589,901.103,1141,-5,14,0,1,1,0,0,1,0,0,0
2026-03-27 21:36:16.733,901.247,1141,-5,14,0,1,1,0,0,1,0,0,0
2026-03-27 21:36:16.781,901.295,1141,-5,14,0,1,1,0,0,1,0,0,0
2026-03-27 21:36:16.784,901.298,1141,-5,14,0,1,1,0,0,1,0,0,0
2026-03-27 21:36:16.909,901.424,1141,-5,14,0,1,1,0,0,1,0,0,0
2026-03-27 21:36:16.957,901.471,1141,-5,14,0,1,1,0,0,1,0,0,0
2026-03-27 21:36:17.053,901.567,1141,-5,14,0,1,1,0,0,1,0,0,0
2026-03-27 21:36:17.245,901.759,1141,-2,14,0,1,1,0,0,1,0,0,0
2026-03-27 21:36:17.246,901.760,1141,-2,14,0,1,1,0,0,1,0,0,0
2026-03-27 21:36:17.309,901.824,1141,-2,14,0,1,1,0,0,1,0,0,0
2026-03-27 21:36:17.453,901.967,1141,-3,14,0,1,1,0,0,1,0,0,0
2026-03-27 21:36:17.598,902.112,1141,-5,14,0,1,1,0,0,1,0,0,0
2026-03-27 21:36:17.677,902.191,1141,-5,14,0,1,1,0,0,1,0,0,0
2026-03-27 21:36:17.725,902.240,1141,-2,14,0,1,1,0,0,1,0,0,0
2026-03-27 21:36:17.838,902.352,1141,-5,14,0,1,1,0,0,1,0,0,0
2026-03-27 21:36:17.997,902.511,1142,-3,14,0,1,1,0,0,1,0,0,0
2026-03-27 21:36:18.029,902.543,1141,-5,14,0,1,1,0,0,1,0,0,0
2026-03-27 21:36:18.125,902.639,1141,-2,14,0,1,1,0,0,1,0,0,0
2026-03-27 21:36:18.221,902.736,1142,-5,14,0,1,1,0,0,1,0,0,0
2026-03-27 21:36:18.365,902.879,1141,-5,14,0,1,1,0,0,1,0,0,0
2026-03-27 21:36:18.367,902.881,1141,-5,14,0,1,1,0,0,1,0,0,0
2026-03-27 21:36:18.381,902.895,1141,-6,14,0,1,1,0,0,1,0,0,0
2026-03-27 21:36:18.493,903.007,1141,-2,14,0,1,1,0,0,1,0,0,0
2026-03-27 21:36:18.541,903.055,1141,-2,14,0,1,1,0,0,1,0,0,0
2026-03-27 21:36:18.669,903.183,1141,-5,14,0,1,1,0,0,1,0,0,0
2026-03-27 21:36:18.685,903.199,1141,-2,14,0,1,1,0,0,1,0,0,0
2026-03-27 21:36:18.750,903.264,1141,-5,14,0,1,1,0,0,1,0,0,0
2026-03-27 21:36:18.862,903.376,1142,-5,14,0,1,1,0,0,1,0,0,0
2026-03-27 21:36:18.973,903.487,1141,-5,14,0,1,1,0,0,1,0,0,0
2026-03-27 21:36:19.102,903.616,1141,-5,14,0,1,1,0,0,1,0,0,0
2026-03-27 21:36:19.181,903.696,1141,-5,14,0,1,1,0,0,1,0,0,0
2026-03-27 21:36:19.198,903.712,1141,-5,14,0,1,1,0,0,1,0,0,0
2026-03-27 21:36:19.261,903.776,1141,-5,14,0,1,1,0,0,1,0,0,0
2026-03-27 21:36:19.390,903.904,1141,-3,14,0,1,1,0,0,1,0,0,0
2026-03-27 21:36:19.534,904.048,1141,-2,14,0,1,1,0,0,1,0,0,0
2026-03-27 21:36:19.630,904.144,1142,-2,14,0,1,1,0,0,1,0,0,0
2026-03-27 21:36:19.677,904.191,1141,-5,14,0,1,1,0,0,1,0,0,0
2026-03-27 21:36:19.680,904.194,1140,-3,14,0,1,1,0,0,1,0,0,0
2026-03-27 21:36:19.901,904.415,1140,-2,14,0,1,1,0,0,1,0,0,0
2026-03-27 21:36:20.029,904.543,1141,-3,14,0,1,1,0,0,1,0,0,0
2026-03-27 21:36:20.061,904.575,1141,-3,14,0,1,1,0,0,1,0,0,0
2026-03-27 21:36:20.189,904.703,1141,-5,14,0,1,1,0,0,1,0,0,0
2026-03-27 21:36:20.301,904.815,1141,-2,14,0,1,1,0,0,1,0,0,0
2026-03-27 21:36:20.397,904.911,1141,-5,14,0,1,1,0,0,1,0,0,0
2026-03-27 21:36:20.525,905.039,1141,-5,14,0,1,1,0,0,1,0,0,0
2026-03-27 21:36:20.622,905.136,1141,-2,14,0,1,1,0,0,1,0,0,0
2026-03-27 21:36:20.702,905.216,1141,-3,14,0,1,1,0,0,1,0,0,0
2026-03-27 21:36:20.717,905.231,1141,-2,14,0,1,1,0,0,1,0,0,0
2026-03-27 21:36:20.781,905.295,1141,-3,14,0,1,1,0,0,1,0,0,0
2026-03-27 21:36:20.973,905.488,1141,-5,14,0,1,1,0,0,1,0,0,0
2026-03-27 21:36:21.069,905.583,1141,-5,14,0,1,1,0,0,1,0,0,0
2026-03-27 21:36:21.165,905.679,1141,-5,14,0,1,1,0,0,1,0,0,0
2026-03-27 21:36:21.229,905.743,1142,-5,14,0,1,1,0,0,1,0,0,0
2026-03-27 21:36:21.342,905.856,1141,-3,14,0,1,1,0,0,1,0,0,0
2026-03-27 21:36:21.405,905.919,1141,-2,14,0,1,1,0,0,1,0,0,0
2026-03-27 21:36:21.597,906.111,1141,-5,14,0,1,1,0,0,1,0,0,0
2026-03-27 21:36:21.613,906.127,1141,-5,14,0,1,1,0,0,1,0,0,0
2026-03-27 21:36:21.661,906.176,1141,-5,14,0,1,1,0,0,1,0,0,0
2026-03-27 21:36:21.789,906.303,1141,-2,14,0,1,1,0,0,1,0,0,0
2026-03-27 21:36:21.917,906.431,1141,-5,14,0,1,1,0,0,1,0,0,0
2026-03-27 21:36:21.933,906.447,1141,-5,14,0,1,1,0,0,1,0,0,0
2026-03-27 21:36:22.062,906.576,1141,-2,14,0,1,1,0,0,1,0,0,0
2026-03-27 21:36:22.174,906.688,1142,-2,14,0,1,1,0,0,1,0,0,0
2026-03-27 21:36:22.285,906.799,1141,-5,14,0,1,1,0,0,1,0,0,0
2026-03-27 21:36:22.398,906.912,1142,-5,14,0,1,1,0,0,1,0,0,0
2026-03-27 21:36:22.573,907.088,1141,-3,14,0,1,1,0,0,1,0,0,0
2026-03-27 21:36:22.622,907.136,1141,-2,14,0,1,1,0,0,1,0,0,0
2026-03-27 21:36:22.702,907.216,1141,-5,14,0,1,1,0,0,1,0,0,0
2026-03-27 21:36:22.813,907.327,1141,-2,14,0,1,1,0,0,1,0,0,0
2026-03-27 21:36:22.974,907.488,1141,-5,14,0,1,1,0,0,1,0,0,0
2026-03-27 21:36:23.005,907.519,1141,-2,14,0,1,1,0,0,1,0,0,0
2026-03-27 21:36:23.164,907.679,1141,-5,14,0,1,1,0,0,1,0,0,0
2026-03-27 21:36:23.262,907.776,1141,-5,14,0,1,1,0,0,1,0,0,0
2026-03-27 21:36:23.277,907.791,1141,-2,14,0,1,1,0,0,1,0,0,0
2026-03-27 21:36:23.356,907.871,1141,-2,14,0,1,1,0,0,1,0,0,0
2026-03-27 21:36:23.709,908.223,1141,-2,14,0,1,1,0,0,1,0,0,0
2026-03-27 21:36:23.789,908.303,1141,-2,14,0,1,1,0,0,1,0,0,0
2026-03-27 21:36:23.853,908.367,1141,-2,14,0,1,1,0,0,1,0,0,0
2026-03-27 21:36:23.966,908.480,1143,-5,14,0,1,1,0,0,1,0,0,0
2026-03-27 21:36:24.093,908.607,1141,-5,14,0,1,1,0,0,1,0,0,0
2026-03-27 21:36:24.302,908.816,1140,-2,14,0,1,1,0,0,1,0,0,0
2026-03-27 21:36:24.381,908.895,1141,-2,14,0,1,1,0,0,1,0,0,0
2026-03-27 21:36:24.493,909.007,1140,-2,14,0,1,1,0,0,1,0,0,0
2026-03-27 21:36:24.525,909.039,1141,-2,14,0,1,1,0,0,1,0,0,0
2026-03-27 21:36:24.530,909.044,1141,-2,14,0,1,1,0,0,1,0,0,0
2026-03-27 21:36:24.621,909.135,1141,-2,14,0,1,1,0,0,1,0,0,0
2026-03-27 21:36:24.766,909.280,1141,-5,14,0,1,1,0,0,1,0,0,0
2026-03-27 21:36:24.925,909.439,1141,-2,14,0,1,1,0,0,1,0,0,0
2026-03-27 21:36:24.941,909.456,1140,-2,14,0,1,1,0,0,1,0,0,0
2026-03-27 21:36:25.005,909.519,1141,-2,14,0,1,1,0,0,1,0,0,0
2026-03-27 21:36:25.007,909.521,1141,-3,14,0,1,1,0,0,1,0,0,0
2026-03-27 21:36:25.085,909.600,1141,-5,14,0,1,1,0,0,1,0,0,0
2026-03-27 21:36:25.213,909.727,1140,-5,14,0,1,1,0,0,1,0,0,0
2026-03-27 21:36:25.325,909.839,1141,-2,14,0,1,1,0,0,1,0,0,0
2026-03-27 21:36:25.328,909.842,1141,-5,14,0,1,1,0,0,1,0,0,0
2026-03-27 21:36:25.469,909.983,1141,-5,14,0,1,1,0,0,1,0,0,0
2026-03-27 21:36:25.565,910.079,1141,-2,14,0,1,1,0,0,1,0,0,0
2026-03-27 21:36:25.580,910.094,1141,-2,14,0,1,1,0,0,1,0,0,0
2026-03-27 21:36:25.629,910.143,1141,-2,14,0,1,1,0,0,1,0,0,0
2026-03-27 21:36:25.631,910.145,1141,-3,14,0,1,1,0,0,1,0,0,0
2026-03-27 21:36:25.789,910.303,1141,-3,14,0,1,1,0,0,1,0,0,0
2026-03-27 21:36:25.885,910.400,1141,-2,14,0,1,1,0,0,1,0,0,0
2026-03-27 21:36:25.888,910.402,1141,-5,14,0,1,1,0,0,1,0,0,0
2026-03-27 21:36:26.013,910.527,1141,-3,14,0,1,1,0,0,1,0,0,0
2026-03-27 21:36:26.014,910.528,1141,-2,14,0,0,0,0,0,0,0,0,0
2026-03-27 21:36:26.015,910.529,1141,-5,14,0,1,1,0,0,1,0,0,0
2026-03-27 21:36:26.061,910.575,1141,-5,14,0,1,1,0,0,1,0,0,0
2026-03-27 21:36:26.173,910.687,1141,-2,14,0,1,1,0,0,1,0,0,0
2026-03-27 21:36:26.317,910.831,1141,-5,14,0,1,1,0,0,1,0,0,0
2026-03-27 21:36:26.333,910.847,1140,-5,14,0,1,1,0,0,1,0,0,0
2026-03-27 21:36:26.365,910.879,1141,-5,14,0,1,1,0,0,1,0,0,0
2026-03-27 21:36:26.381,910.895,1141,-5,14,0,1,1,0,0,1,0,0,0
2026-03-27 21:36:26.477,910.992,1141,-5,14,0,1,1,0,0,1,0,0,0
2026-03-27 21:36:26.589,911.103,1141,-3,14,0,1,1,0,0,1,0,0,0
2026-03-27 21:36:26.669,911.183,1141,-5,14,0,1,1,0,0,1,0,0,0
2026-03-27 21:36:26.829,911.343,1141,-2,14,0,1,1,0,0,1,0,0,0
2026-03-27 21:36:26.831,911.345,1140,-2,14,0,1,1,0,0,1,0,0,0
2026-03-27 21:36:26.925,911.439,1140,-5,14,0,1,1,0,0,1,0,0,0
2026-03-27 21:36:27.053,911.567,1141,-2,14,0,1,1,0,0,1,0,0,0
2026-03-27 21:36:27.132,911.646,1141,-5,14,0,1,1,0,0,1,0,0,0
2026-03-27 21:36:27.149,911.663,1141,-5,14,0,1,1,0,0,1,0,0,0
2026-03-27 21:36:27.151,911.665,1140,-2,14,0,1,1,0,0,1,0,0,0
2026-03-27 21:36:27.260,911.774,1141,-3,14,0,1,1,0,0,1,0,0,0
2026-03-27 21:36:27.341,911.855,1141,-2,14,0,1,1,0,0,1,0,0,0
2026-03-27 21:36:27.342,911.856,1141,-2,14,0,1,1,0,0,1,0,0,0
2026-03-27 21:36:27.436,911.951,1141,-2,14,0,1,1,0,0,1,0,0,0
2026-03-27 21:36:27.438,911.952,1141,-2,14,0,1,1,0,0,1,0,0,0
2026-03-27 21:36:27.438,911.952,0,0,0,0,0,0,0,0,1,0,0,0
2026-03-27 21:36:27.564,912.079,1141,-2,14,0,1,1,0,0,1,0,0,0
2026-03-27 21:36:27.581,912.095,1141,-3,14,0,1,1,0,0,1,0,0,0
2026-03-27 21:36:27.661,912.176,1141,-5,14,0,1,1,0,0,1,0,0,0
2026-03-27 21:36:27.805,912.319,1141,-2,11,0,1,1,0,0,1,0,0,0
2026-03-27 21:36:27.807,912.321,1140,-5,14,0,1,1,0,0,1,0,0,0
2026-03-27 21:36:27.885,912.399,1140,-5,14,0,1,1,0,0,1,0,0,0
2026-03-27 21:36:27.966,912.480,1141,-5,14,0,1,1,0,0,1,0,0,0
2026-03-27 21:36:28.093,912.607,1141,-5,14,0,1,1,0,0,1,0,0,0
2026-03-27 21:36:28.141,912.655,1141,-3,14,0,1,1,0,0,1,0,0,0
2026-03-27 21:36:28.269,912.783,1141,-5,14,0,1,1,0,0,1,0,0,0
2026-03-27 21:36:28.477,912.991,1141,-5,14,0,1,1,0,0,1,0,0,0
2026-03-27 21:36:28.509,913.023,1141,-5,14,0,1,1,0,0,1,0,0,0
2026-03-27 21:36:28.606,913.120,1141,-2,14,0,1,1,0,0,1,0,0,0
2026-03-27 21:36:28.701,913.215,1141,-2,14,0,1,1,0,0,1,0,0,0
2026-03-27 21:36:28.718,913.232,1141,-2,14,0,1,1,0,0,1,0,0,0
2026-03-27 21:36:28.748,913.263,1141,-3,14,0,1,1,0,0,1,0,0,0
2026-03-27 21:36:28.844,913.359,1141,-2,11,0,1,1,0,0,1,0,0,0
2026-03-27 21:36:28.846,913.360,1141,-2,11,0,1,1,0,0,1,0,0,0
2026-03-27 21:36:29.053,913.567,1141,-5,14,0,1,1,0,0,1,0,0,0
2026-03-27 21:36:29.054,913.568,1141,-2,14,0,1,1,0,0,1,0,0,0
2026-03-27 21:36:29.085,913.599,1141,-3,14,0,1,1,0,0,1,0,0,0
2026-03-27 21:36:29.196,913.710,1141,-2,14,0,1,1,0,0,1,0,0,0
2026-03-27 21:36:29.213,913.727,1141,-2,14,0,1,1,0,0,1,0,0,0
2026-03-27 21:36:29.276,913.790,1141,-5,14,0,1,1,0,0,1,0,0,0
2026-03-27 21:36:29.278,913.792,1141,-5,14,0,1,1,0,0,1,0,0,0
2026-03-27 21:36:29.357,913.871,1141,-5,14,0,1,1,0,0,1,0,0,0
2026-03-27 21:36:29.517,914.031,1140,-5,14,0,1,1,0,0,1,0,0,0
2026-03-27 21:36:29.628,914.142,1140,-5,14,0,1,1,0,0,1,0,0,0
2026-03-27 21:36:29.630,914.144,1141,-5,14,0,1,1,0,0,1,0,0,0
2026-03-27 21:36:29.710,914.224,1141,-5,14,0,1,1,0,0,1,0,0,0
2026-03-27 21:36:29.789,914.303,1141,-3,14,0,1,1,0,0,1,0,0,0
2026-03-27 21:36:29.917,914.431,1141,-2,14,0,1,1,0,0,1,0,0,0
2026-03-27 21:36:29.919,914.433,1141,-2,14,0,1,1,0,0,1,0,0,0
2026-03-27 21:36:30.029,914.543,1141,-5,14,0,1,1,0,0,1,0,0,0
2026-03-27 21:36:30.093,914.607,1140,-5,14,0,1,1,0,0,1,0,0,0
2026-03-27 21:36:30.205,914.719,1141,-2,14,0,1,1,0,0,1,0,0,0
2026-03-27 21:36:30.269,914.783,1141,-5,14,0,1,1,0,0,1,0,0,0
2026-03-27 21:36:30.413,914.927,1141,-5,14,0,1,1,0,0,1,0,0,0
2026-03-27 21:36:30.525,915.039,1141,-5,14,0,1,1,0,0,1,0,0,0
2026-03-27 21:36:30.605,915.119,1141,-2,14,0,1,1,0,0,1,0,0,0
2026-03-27 21:36:30.653,915.167,1141,-5,14,0,1,1,0,0,1,0,0,0
2026-03-27 21:36:30.973,915.487,1141,-5,14,0,1,1,0,0,1,0,0,0
2026-03-27 21:36:30.975,915.489,1141,-2,14,0,1,1,0,0,1,0,0,0
2026-03-27 21:36:31.117,915.632,1141,-5,14,0,1,1,0,0,1,0,0,0
2026-03-27 21:36:31.149,915.663,1142,-3,14,0,1,1,0,0,1,0,0,0
2026-03-27 21:36:31.452,915.966,1141,-5,14,0,1,1,0,0,1,0,0,0
2026-03-27 21:36:31.454,915.968,1141,-5,14,0,1,1,0,0,1,0,0,0
2026-03-27 21:36:31.580,916.094,1141,-3,14,0,1,1,0,0,1,0,0,0
2026-03-27 21:36:31.582,916.096,1141,-2,14,0,1,1,0,0,1,0,0,0
2026-03-27 21:36:31.585,916.099,1141,-2,14,0,1,1,0,0,1,0,0,0
2026-03-27 21:36:31.677,916.191,1141,-3,14,0,1,1,0,0,1,0,0,0
2026-03-27 21:36:31.692,916.206,1141,-3,14,0,1,1,0,0,0,0,0,0
2026-03-27 21:36:31.693,916.208,1141,-2,14,0,1,1,0,0,1,0,0,0
2026-03-27 21:36:31.805,916.319,1141,-2,14,0,1,1,0,0,1,0,0,0
2026-03-27 21:36:31.884,916.398,1141,-5,14,0,1,1,0,0,1,0,0,0
2026-03-27 21:36:31.997,916.511,1141,-2,14,0,1,1,0,0,1,0,0,0
2026-03-27 21:36:32.109,916.624,1141,-5,14,0,1,1,0,0,1,0,0,0
2026-03-27 21:36:32.237,916.751,1141,-5,14,0,1,1,0,0,1,0,0,0
2026-03-27 21:36:32.284,916.798,1141,-5,14,0,1,1,0,0,1,0,0,0
2026-03-27 21:36:32.381,916.895,1141,-2,14,0,1,1,0,0,1,0,0,0
2026-03-27 21:36:32.525,917.039,1141,-2,14,0,1,1,0,0,1,0,0,0
2026-03-27 21:36:32.604,917.119,1141,-5,14,0,1,1,0,0,1,0,0,0
2026-03-27 21:36:32.717,917.231,1141,-5,14,0,1,1,0,0,1,0,0,0
2026-03-27 21:36:32.780,917.295,1141,-2,14,0,1,1,0,0,1,0,0,0
2026-03-27 21:36:32.877,917.391,1141,-2,14,0,1,1,0,0,1,0,0,0
2026-03-27 21:36:32.973,917.487,1141,-2,14,0,1,1,0,0,1,0,0,0
2026-03-27 21:36:33.132,917.646,1142,-2,14,0,1,1,0,0,1,0,0,0
2026-03-27 21:36:33.165,917.679,1142,-5,14,0,1,1,0,0,1,0,0,0
2026-03-27 21:36:33.166,917.680,1142,-5,14,0,1,1,0,0,1,0,0,0
2026-03-27 21:36:33.276,917.790,1141,-5,14,0,1,1,0,0,1,0,0,0
2026-03-27 21:36:33.277,917.791,1141,-2,14,0,1,1,0,0,1,0,0,0
2026-03-27 21:36:33.279,917.793,1141,-3,14,0,1,1,0,0,1,0,0,0
2026-03-27 21:36:33.357,917.871,1142,-2,14,0,1,1,0,0,1,0,0,0
2026-03-27 21:36:33.469,917.983,1141,-5,14,0,1,1,0,0,1,0,0,0
2026-03-27 21:36:33.596,918.110,1141,-5,14,0,1,1,0,0,1,0,0,0
2026-03-27 21:36:33.724,918.238,1141,-3,14,0,1,1,0,0,1,0,0,0
2026-03-27 21:36:33.757,918.271,1141,-5,14,0,1,1,0,0,1,0,0,0
2026-03-27 21:36:33.901,918.415,1141,-5,14,0,1,1,0,0,1,0,0,0
2026-03-27 21:36:33.902,918.416,1141,-5,14,0,1,1,0,0,1,0,0,0
2026-03-27 21:36:33.948,918.463,1142,-5,14,0,1,1,0,0,1,0,0,0
2026-03-27 21:36:34.092,918.606,1141,-5,14,0,1,1,0,0,1,0,0,0
2026-03-27 21:36:34.173,918.687,1141,-5,14,0,1,1,0,0,1,0,0,0
2026-03-27 21:36:34.285,918.799,1142,-5,14,0,1,1,0,0,1,0,0,0
2026-03-27 21:36:34.429,918.943,1141,-3,14,0,1,1,0,0,1,0,0,0
2026-03-27 21:36:34.525,919.039,1141,-5,14,0,1,1,0,0,1,0,0,0
2026-03-27 21:36:34.620,919.135,1141,-5,14,0,1,1,0,0,1,0,0,0
2026-03-27 21:36:34.781,919.295,1141,-3,14,0,1,1,0,0,1,0,0,0
2026-03-27 21:36:34.861,919.375,1141,-5,14,0,1,1,0,0,1,0,0,0
2026-03-27 21:36:34.863,919.377,1141,-5,14,0,1,1,0,0,1,0,0,0
2026-03-27 21:36:34.989,919.503,1141,-5,14,0,1,1,0,0,1,0,0,0
2026-03-27 21:36:35.052,919.566,1141,-3,14,0,1,1,0,0,1,0,0,0
2026-03-27 21:36:35.181,919.695,1141,-3,14,0,1,1,0,0,1,0,0,0
2026-03-27 21:36:35.260,919.775,1141,-5,14,0,1,1,0,0,1,0,0,0
2026-03-27 21:36:35.373,919.887,1141,-5,14,0,1,1,0,0,1,0,0,0
2026-03-27 21:36:35.500,920.014,1141,-5,14,0,1,1,0,0,1,0,0,0
2026-03-27 21:36:35.517,920.031,1141,-6,14,0,1,1,0,0,1,0,0,0
2026-03-27 21:36:35.519,920.033,1140,-5,14,0,1,1,0,0,1,0,0,0
2026-03-27 21:36:35.549,920.063,1140,-5,14,0,1,1,0,0,1,0,0,0
2026-03-27 21:36:35.551,920.065,1141,-5,14,0,1,1,0,0,1,0,0,0
2026-03-27 21:36:35.645,920.159,1141,-5,14,0,1,1,0,0,1,0,0,0
2026-03-27 21:36:35.756,920.271,1141,-2,14,0,1,1,0,0,1,0,0,0
2026-03-27 21:36:35.836,920.351,1141,-2,14,0,1,1,0,0,1,0,0,0
2026-03-27 21:36:35.852,920.367,1141,-5,14,0,1,1,0,0,1,0,0,0
2026-03-27 21:36:35.949,920.463,1141,-3,15,0,1,1,0,0,1,0,0,0
2026-03-27 21:36:36.076,920.591,1142,-2,14,0,1,1,0,0,1,0,0,0
2026-03-27 21:36:36.140,920.655,1141,-5,14,0,1,1,0,0,1,0,0,0
2026-03-27 21:36:36.284,920.798,1141,-3,14,0,1,1,0,0,1,0,0,0
2026-03-27 21:36:36.316,920.830,1141,-2,14,0,1,1,0,0,1,0,0,0
2026-03-27 21:36:36.524,921.038,1141,-5,14,0,1,1,0,0,1,0,0,0
2026-03-27 21:36:36.620,921.134,1141,-2,14,0,1,1,0,0,1,0,0,0
2026-03-27 21:36:36.717,921.231,1141,-5,14,0,1,1,0,0,1,0,0,0
2026-03-27 21:36:36.748,921.262,1141,-2,14,0,1,1,0,0,1,0,0,0
2026-03-27 21:36:36.751,921.265,1141,-2,14,0,1,1,0,0,1,0,0,0
2026-03-27 21:36:36.876,921.390,1141,-2,14,0,1,1,0,0,1,0,0,0
2026-03-27 21:36:36.956,921.470,1141,-5,14,0,1,1,0,0,1,0,0,0
2026-03-27 21:36:36.972,921.486,1141,-5,14,0,1,1,0,0,1,0,0,0
2026-03-27 21:36:37.117,921.631,1140,-2,14,0,1,1,0,0,1,0,0,0
2026-03-27 21:36:37.212,921.726,1141,-3,14,0,1,1,0,0,1,0,0,0
2026-03-27 21:36:37.340,921.854,1140,-5,14,0,1,1,0,0,1,0,0,0
2026-03-27 21:36:37.421,921.935,1141,-3,14,0,1,1,0,0,1,0,0,0
2026-03-27 21:36:37.580,922.094,1142,-5,14,0,1,1,0,0,1,0,0,0
2026-03-27 21:36:37.596,922.110,1141,-5,14,0,1,1,0,0,1,0,0,0
2026-03-27 21:36:37.677,922.191,1140,-5,14,0,1,1,0,0,1,0,0,0
2026-03-27 21:36:37.804,922.319,1141,-2,14,0,1,1,0,0,1,0,0,0
2026-03-27 21:36:37.916,922.430,1142,-2,14,0,1,1,0,0,1,0,0,0
2026-03-27 21:36:37.917,922.431,1142,-2,14,0,1,1,0,0,1,0,0,0
2026-03-27 21:36:37.918,922.433,1141,-2,14,0,1,1,0,0,1,0,0,0
2026-03-27 21:36:38.012,922.526,1141,-3,14,0,1,1,0,0,1,0,0,0
2026-03-27 21:36:38.108,922.622,1140,-2,14,0,1,1,0,0,1,0,0,0
2026-03-27 21:36:38.109,922.623,1140,-2,14,0,1,1,0,0,1,0,0,0
2026-03-27 21:36:38.172,922.686,1140,-2,14,0,1,1,0,0,1,0,0,0
2026-03-27 21:36:38.365,922.879,1140,-5,14,0,1,1,0,0,1,0,0,0
2026-03-27 21:36:38.445,922.959,1140,-5,14,0,1,1,0,0,1,0,0,0
2026-03-27 21:36:38.524,923.038,1140,-2,14,0,1,1,0,0,1,0,0,0
2026-03-27 21:36:38.700,923.214,1141,-5,14,0,1,1,0,0,1,0,0,0
2026-03-27 21:36:38.702,923.216,1141,-5,14,0,1,1,0,0,1,0,0,0
2026-03-27 21:36:38.844,923.358,1141,-5,14,0,1,1,0,0,1,0,0,0
2026-03-27 21:36:38.877,923.391,1141,-2,14,0,1,1,0,0,1,0,0,0
2026-03-27 21:36:38.972,923.487,1140,-5,14,0,1,1,0,0,1,0,0,0
2026-03-27 21:36:38.991,923.505,1141,-2,14,0,1,1,0,0,1,0,0,0
2026-03-27 21:36:39.085,923.599,1141,-2,14,0,1,1,0,0,1,0,0,0
2026-03-27 21:36:39.277,923.791,1141,-5,14,0,1,1,0,0,1,0,0,0
2026-03-27 21:36:39.356,923.870,1141,-2,14,0,1,1,0,0,1,0,0,0
2026-03-27 21:36:39.405,923.919,1140,-5,14,0,1,1,0,0,1,0,0,0
2026-03-27 21:36:39.548,924.062,1140,-2,14,0,1,1,0,0,1,0,0,0
2026-03-27 21:36:39.677,924.191,1141,-2,14,0,1,1,0,0,1,0,0,0
2026-03-27 21:36:39.679,924.193,1140,-5,14,0,1,1,0,0,1,0,0,0
2026-03-27 21:36:39.789,924.303,1140,-5,14,0,1,1,0,0,1,0,0,0
2026-03-27 21:36:39.836,924.350,1141,-3,14,0,1,1,0,0,1,0,0,0
2026-03-27 21:36:39.837,924.351,1141,-2,14,0,1,1,0,0,1,0,0,0
2026-03-27 21:36:39.839,924.353,1140,-2,14,0,1,1,0,0,1,0,0,0
2026-03-27 21:36:39.964,924.478,1140,-2,14,0,1,1,0,0,1,0,0,0
2026-03-27 21:36:40.059,924.574,1140,-2,14,0,1,1,0,0,1,0,0,0
2026-03-27 21:36:40.077,924.591,1141,-3,14,0,1,1,0,0,1,0,0,0
2026-03-27 21:36:40.124,924.638,1141,-2,14,0,1,1,0,0,1,0,0,0
2026-03-27 21:36:40.125,924.639,1141,-5,14,0,1,1,0,0,1,0,0,0
2026-03-27 21:36:40.253,924.767,1141,-2,14,0,1,1,0,0,1,0,0,0
2026-03-27 21:36:40.364,924.878,1140,-5,14,0,1,1,0,0,1,0,0,0
2026-03-27 21:36:40.396,924.910,1142,-5,14,0,1,1,0,0,1,0,0,0
2026-03-27 21:36:40.412,924.926,1142,-5,14,0,1,1,0,0,1,0,0,0
2026-03-27 21:36:40.414,924.928,1141,-2,14,0,1,1,0,0,1,0,0,0
2026-03-27 21:36:40.620,925.134,11,0,0,0,0,0,0,0,1,0,0,0
2026-03-27 21:36:40.844,925.358,1140,-2,14,0,1,1,0,0,1,0,0,0
2026-03-27 21:36:40.972,925.486,1141,-2,14,0,1,1,0,0,1,0,0,0
2026-03-27 21:36:40.974,925.488,1140,-2,14,0,1,1,0,0,1,0,0,0
2026-03-27 21:36:41.068,925.582,1140,-2,14,0,1,1,0,0,1,0,0,0
2026-03-27 21:36:41.164,925.678,1141,-2,12,0,1,1,0,0,1,0,0,0
2026-03-27 21:36:41.165,925.679,1141,-2,11,0,1,1,0,0,1,0,0,0
2026-03-27 21:36:41.228,925.742,1141,-5,14,0,1,1,0,0,1,0,0,0
2026-03-27 21:36:41.356,925.870,1141,-3,14,0,1,1,0,0,1,0,0,0
2026-03-27 21:36:41.357,925.871,1141,-2,14,0,1,1,0,0,1,0,0,0
2026-03-27 21:36:41.485,925.999,1142,-2,14,0,1,1,0,0,1,0,0,0
2026-03-27 21:36:41.644,926.158,1141,-2,14,0,1,1,0,0,1,0,0,0
2026-03-27 21:36:41.757,926.271,1141,-2,14,0,1,1,0,0,1,0,0,0
2026-03-27 21:36:41.836,926.350,1141,-5,14,0,1,1,0,0,1,0,0,0
2026-03-27 21:36:41.916,926.430,1141,-2,14,0,1,1,0,0,1,0,0,0
2026-03-27 21:36:42.012,926.526,1141,-5,14,0,1,1,0,0,1,0,0,0
2026-03-27 21:36:42.155,926.670,1141,-5,14,0,1,1,0,0,1,0,0,0
2026-03-27 21:36:42.157,926.671,1141,-5,14,0,1,1,0,0,1,0,0,0
2026-03-27 21:36:42.158,926.672,1141,-5,1,0,0,0,0,0,1,0,0,0
2026-03-27 21:36:42.267,926.782,1141,-5,14,0,1,1,0,0,1,0,0,0
2026-03-27 21:36:42.283,926.797,1141,-5,14,0,1,1,0,0,1,0,0,0
2026-03-27 21:36:42.300,926.814,1141,-2,14,0,1,1,0,0,1,0,0,0
2026-03-27 21:36:42.380,926.894,1141,-5,14,0,1,1,0,0,1,0,0,0
2026-03-27 21:36:42.540,927.054,1141,-2,14,0,1,1,0,0,1,0,0,0
2026-03-27 21:36:42.557,927.071,1140,-2,14,0,1,1,0,0,1,0,0,0
2026-03-27 21:36:42.652,927.166,1141,-2,14,0,1,1,0,0,1,0,0,0
2026-03-27 21:36:42.669,927.183,1141,-2,14,0,1,1,0,0,1,0,0,0
2026-03-27 21:36:42.764,927.278,1141,-3,14,0,1,1,0,0,1,0,0,0
2026-03-27 21:36:42.765,927.279,1141,-2,14,0,0,0,0,0,0,0,0,0
2026-03-27 21:36:42.766,927.280,1141,-2,14,0,1,1,0,0,1,0,0,0
2026-03-27 21:36:42.876,927.390,1141,-2,14,0,1,1,0,0,1,0,0,0
2026-03-27 21:36:43.004,927.518,1141,-3,14,0,1,1,0,0,1,0,0,0
2026-03-27 21:36:43.132,927.646,1141,-2,14,0,1,1,0,0,1,0,0,0
2026-03-27 21:36:43.244,927.758,1141,-2,14,0,1,1,0,0,1,0,0,0
2026-03-27 21:36:43.308,927.822,1141,-2,14,0,1,1,0,0,1,0,0,0
2026-03-27 21:36:43.309,927.824,1141,-2,14,0,1,1,0,0,1,0,0,0
2026-03-27 21:36:43.372,927.887,1141,-2,14,0,1,1,0,0,1,0,0,0
2026-03-27 21:36:43.564,928.078,1141,-5,14,0,1,1,0,0,1,0,0,0
2026-03-27 21:36:43.660,928.174,1141,-2,14,0,1,1,0,0,1,0,0,0
2026-03-27 21:36:43.757,928.271,1140,-2,14,0,1,1,0,0,1,0,0,0
2026-03-27 21:36:43.788,928.302,1141,-5,14,0,1,1,0,0,1,0,0,0
2026-03-27 21:36:43.789,928.303,1141,-5,14,0,1,1,0,0,1,0,0,0
2026-03-27 21:36:43.948,928.462,1141,-5,14,0,1,1,0,0,1,0,0,0
2026-03-27 21:36:44.044,928.558,1141,-5,14,0,1,1,0,0,1,0,0,0
2026-03-27 21:36:44.188,928.702,1141,-2,14,0,1,1,0,0,1,0,0,0
2026-03-27 21:36:44.284,928.799,1141,-2,14,0,1,1,0,0,1,0,0,0
2026-03-27 21:36:44.412,928.926,1142,-5,14,0,1,1,0,0,1,0,0,0
2026-03-27 21:36:44.557,929.071,1141,-5,14,0,1,1,0,0,1,0,0,0
2026-03-27 21:36:44.636,929.150,1141,-2,14,0,1,1,0,0,1,0,0,0
2026-03-27 21:36:44.638,929.152,1141,-5,14,0,1,1,0,0,1,0,0,0
2026-03-27 21:36:44.732,929.246,1141,-5,14,0,1,1,0,0,1,0,0,0
2026-03-27 21:36:44.861,929.375,1140,-5,14,0,1,1,0,0,1,0,0,0
2026-03-27 21:36:44.988,929.502,1140,-5,14,0,1,1,0,0,1,0,0,0
2026-03-27 21:36:44.990,929.504,1140,-2,14,0,1,1,0,0,1,0,0,0
2026-03-27 21:36:45.084,929.598,1140,-5,14,0,1,1,0,0,1,0,0,0
2026-03-27 21:36:45.196,929.710,1140,-3,14,0,1,1,0,0,1,0,0,0
2026-03-27 21:36:45.276,929.790,1141,-2,14,0,1,1,0,0,1,0,0,0
2026-03-27 21:36:45.356,929.870,1141,-2,14,0,1,1,0,0,1,0,0,0
2026-03-27 21:36:45.358,929.872,1140,-6,14,0,1,1,0,0,1,0,0,0
2026-03-27 21:36:45.468,929.982,1140,-5,14,0,1,1,0,0,1,0,0,0
2026-03-27 21:36:45.548,930.063,1140,-5,13,0,1,1,0,0,1,0,0,0
2026-03-27 21:36:45.628,930.142,1140,-5,14,0,1,1,0,0,1,0,0,0
2026-03-27 21:36:45.629,930.143,1140,-6,14,0,1,1,0,0,1,0,0,0
2026-03-27 21:36:45.788,930.302,1140,-5,14,0,1,1,0,0,1,0,0,0
2026-03-27 21:36:45.900,930.415,1145,-6,13,0,1,1,0,0,1,0,0,0
2026-03-27 21:36:45.948,930.462,1141,-3,11,0,1,1,0,0,1,0,0,0
2026-03-27 21:36:46.028,930.542,1141,-6,13,0,1,1,0,0,1,0,0,0
2026-03-27 21:36:46.205,930.719,1141,-5,15,0,1,1,0,0,1,0,0,0
2026-03-27 21:36:46.364,930.879,1141,-6,13,0,1,1,0,0,1,0,0,0
2026-03-27 21:36:46.367,930.881,1141,-6,13,0,1,1,0,0,1,0,0,0
2026-03-27 21:36:46.492,931.006,1141,-6,13,0,1,1,0,0,1,0,0,0
2026-03-27 21:36:46.620,931.134,1140,-6,14,0,1,1,0,0,1,0,0,0
2026-03-27 21:36:46.684,931.198,1141,-6,14,0,1,1,0,0,1,0,0,0
2026-03-27 21:36:46.844,931.358,1141,-5,14,0,1,1,0,0,1,0,0,0
2026-03-27 21:36:46.876,931.390,1141,-5,14,0,1,1,0,0,1,0,0,0
2026-03-27 21:36:47.052,931.566,1140,-6,13,0,1,1,0,0,1,0,0,0
2026-03-27 21:36:47.116,931.630,1140,-3,13,0,1,1,0,0,1,0,0,0
2026-03-27 21:36:47.244,931.758,1139,-7,13,0,1,1,0,0,1,0,0,0
2026-03-27 21:36:47.387,931.901,1140,-6,13,0,1,1,0,0,1,0,0,0
2026-03-27 21:36:47.389,931.903,1140,-6,13,0,1,1,0,0,1,0,0,0
2026-03-27 21:36:47.468,931.982,1140,-6,13,0,1,1,0,0,1,0,0,0
2026-03-27 21:36:47.516,932.030,1140,-6,13,0,1,1,0,0,1,0,0,0
2026-03-27 21:36:47.531,932.045,1140,-6,13,0,1,1,0,0,1,0,0,0
2026-03-27 21:36:47.611,932.125,1140,-6,13,0,1,1,0,0,1,0,0,0
2026-03-27 21:36:47.627,932.141,1139,-6,13,0,1,1,0,0,1,0,0,0
2026-03-27 21:36:47.724,932.238,1140,-6,13,0,1,1,0,0,1,0,0,0
2026-03-27 21:36:47.884,932.398,1140,-3,13,0,1,1,0,0,1,0,0,0
2026-03-27 21:36:47.980,932.495,1140,-7,13,0,1,1,0,0,1,0,0,0
2026-03-27 21:36:48.108,932.622,1141,-6,13,0,1,1,0,0,1,0,0,0
2026-03-27 21:36:48.219,932.734,1140,-6,13,0,1,1,0,0,1,0,0,0
2026-03-27 21:36:48.221,932.735,1141,-6,13,0,1,1,0,0,1,0,0,0
2026-03-27 21:36:48.300,932.814,1140,-6,13,0,1,1,0,0,1,0,0,0
2026-03-27 21:36:48.428,932.942,1140,-6,13,0,1,1,0,0,1,0,0,0
2026-03-27 21:36:48.571,933.086,1140,-6,13,0,1,1,0,0,1,0,0,0
2026-03-27 21:36:48.604,933.118,1140,-4,13,0,1,1,0,0,1,0,0,0
2026-03-27 21:36:48.700,933.214,1139,-4,14,0,1,1,0,0,1,0,0,0
2026-03-27 21:36:48.796,933.310,1140,-2,15,0,1,1,0,0,1,0,0,0
2026-03-27 21:36:48.908,933.423,1140,-3,13,0,1,1,0,0,1,0,0,0
2026-03-27 21:36:49.036,933.550,1139,-6,13,0,1,1,0,0,1,0,0,0
2026-03-27 21:36:49.147,933.661,1139,-4,13,0,1,1,0,0,1,0,0,0
2026-03-27 21:36:49.149,933.663,1139,-3,13,0,1,1,0,0,1,0,0,0
2026-03-27 21:36:49.244,933.758,1139,-6,13,0,1,1,0,0,1,0,0,0
2026-03-27 21:36:49.404,933.918,1140,-6,14,0,1,1,0,0,1,0,0,0
2026-03-27 21:36:49.405,933.919,1140,-6,14,0,1,1,0,0,1,0,0,0
2026-03-27 21:36:49.548,934.062,1139,-6,14,0,1,1,0,0,1,0,0,0
2026-03-27 21:36:49.579,934.093,1140,-5,13,0,1,1,0,0,1,0,0,0
2026-03-27 21:36:49.581,934.095,1140,-6,14,0,1,1,0,0,1,0,0,0
2026-03-27 21:36:49.595,934.110,1140,-6,0,0,0,0,0,0,1,0,0,0
2026-03-27 21:36:49.675,934.189,1140,-5,13,0,1,1,0,0,1,0,0,0
2026-03-27 21:36:49.692,934.206,1140,-6,14,0,1,1,0,0,1,0,0,0
2026-03-27 21:36:49.694,934.208,1140,-5,13,0,1,1,0,0,1,0,0,0
2026-03-27 21:36:49.836,934.350,1140,-6,14,0,1,1,0,0,1,0,0,0
2026-03-27 21:36:49.884,934.398,1139,-6,13,0,1,1,0,0,1,0,0,0
2026-03-27 21:36:50.044,934.558,1139,-6,13,0,1,1,0,0,1,0,0,0
2026-03-27 21:36:50.172,934.686,1139,-6,13,0,1,1,0,0,1,0,0,0
2026-03-27 21:36:50.252,934.766,1139,-3,14,0,1,1,0,0,1,0,0,0
2026-03-27 21:36:50.379,934.894,1140,-5,14,0,1,1,0,0,1,0,0,0
2026-03-27 21:36:50.382,934.896,1140,-5,14,0,1,1,0,0,1,0,0,0
2026-03-27 21:36:50.444,934.958,1140,-5,14,0,1,1,0,0,1,0,0,0
2026-03-27 21:36:50.572,935.086,1140,-5,14,0,1,1,0,0,1,0,0,0
2026-03-27 21:36:50.699,935.214,1140,-5,15,0,1,1,0,0,1,0,0,0
2026-03-27 21:36:50.780,935.294,1140,-5,14,0,1,1,0,0,1,0,0,0
2026-03-27 21:36:50.860,935.374,1140,-5,14,0,1,1,0,0,1,0,0,0
2026-03-27 21:36:50.861,935.376,1140,-5,14,0,1,1,0,0,1,0,0,0
2026-03-27 21:36:50.956,935.470,1140,-2,14,0,1,1,0,0,1,0,0,0
2026-03-27 21:36:51.019,935.533,1140,-5,14,0,1,1,0,0,1,0,0,0
2026-03-27 21:36:51.179,935.694,1140,-5,14,0,1,1,0,0,1,0,0,0
2026-03-27 21:36:51.195,935.709,1140,-5,14,0,1,1,0,0,1,0,0,0
2026-03-27 21:36:51.212,935.726,1141,-5,14,0,1,1,0,0,1,0,0,0
2026-03-27 21:36:51.213,935.727,1141,-5,14,0,0,0,0,0,0,0,0,0
2026-03-27 21:36:51.227,935.741,1140,-5,14,0,1,1,0,0,1,0,0,0
2026-03-27 21:36:51.356,935.870,1140,-5,14,0,1,1,0,0,1,0,0,0
2026-03-27 21:36:51.387,935.901,1140,-5,14,0,1,1,0,0,1,0,0,0
2026-03-27 21:36:51.403,935.917,1140,-3,14,0,1,1,0,0,1,0,0,0
2026-03-27 21:36:51.404,935.918,1140,-5,14,0,1,1,0,0,1,0,0,0
2026-03-27 21:36:51.483,935.997,1140,-5,14,0,1,1,0,0,1,0,0,0
2026-03-27 21:36:51.579,936.094,1140,-5,14,0,1,1,0,0,1,0,0,0
2026-03-27 21:36:51.723,936.237,1140,-5,14,0,1,1,0,0,1,0,0,0
2026-03-27 21:36:51.803,936.317,1141,-5,14,0,1,1,0,0,1,0,0,0
2026-03-27 21:36:51.867,936.381,1140,-5,14,0,1,1,0,0,1,0,0,0
2026-03-27 21:36:52.027,936.541,1140,-5,14,0,1,1,0,0,1,0,0,0
2026-03-27 21:36:52.139,936.653,1140,-5,14,0,1,1,0,0,1,0,0,0
2026-03-27 21:36:52.140,936.655,1140,-2,14,0,1,1,0,0,1,0,0,0
2026-03-27 21:36:52.220,936.734,1140,-5,14,0,1,1,0,0,1,0,0,0
2026-03-27 21:36:52.237,936.751,1140,-5,14,0,1,1,0,0,1,0,0,0
2026-03-27 21:36:52.364,936.878,1140,-5,15,0,1,1,0,0,1,0,0,0
2026-03-27 21:36:52.411,936.925,1140,-2,14,0,1,1,0,0,1,0,0,0
2026-03-27 21:36:52.413,936.927,1140,-5,14,0,1,1,0,0,1,0,0,0
2026-03-27 21:36:52.524,937.038,1141,-4,14,0,1,1,0,0,1,0,0,0
2026-03-27 21:36:52.540,937.054,1140,-2,14,0,1,1,0,0,1,0,0,0
2026-03-27 21:36:52.891,937.405,1140,-5,14,0,1,1,0,0,1,0,0,0
2026-03-27 21:36:52.939,937.454,1140,-3,14,0,1,1,0,0,1,0,0,0
2026-03-27 21:36:52.942,937.456,1140,-3,14,0,1,1,0,0,1,0,0,0
2026-03-27 21:36:53.131,937.646,1140,-3,14,0,1,1,0,0,1,0,0,0
2026-03-27 21:36:53.180,937.694,1140,-5,14,0,1,1,0,0,1,0,0,0
2026-03-27 21:36:53.195,937.709,1140,-5,14,0,1,1,0,0,1,0,0,0
2026-03-27 21:36:53.308,937.822,1141,-6,14,0,1,1,0,0,1,0,0,0
2026-03-27 21:36:53.435,937.949,1141,-5,14,0,1,1,0,0,1,0,0,0
2026-03-27 21:36:53.467,937.981,1140,-5,14,0,1,1,0,0,1,0,0,0
2026-03-27 21:36:53.611,938.126,1141,-5,14,0,1,1,0,0,1,0,0,0
2026-03-27 21:36:53.739,938.253,1140,-5,14,0,1,1,0,0,1,0,0,0
2026-03-27 21:36:53.803,938.317,1140,-5,14,0,1,1,0,0,1,0,0,0
2026-03-27 21:36:53.805,938.319,1140,-5,14,0,1,1,0,0,1,0,0,0
2026-03-27 21:36:53.980,938.494,1139,-5,15,0,1,1,0,0,1,0,0,0
2026-03-27 21:36:54.060,938.574,1139,-5,14,0,1,1,0,0,1,0,0,0
2026-03-27 21:36:54.156,938.670,1140,-5,14,0,1,1,0,0,1,0,0,0
2026-03-27 21:36:54.173,938.687,1140,-2,14,0,1,1,0,0,1,0,0,0
2026-03-27 21:36:54.268,938.782,1141,-2,14,0,1,1,0,0,1,0,0,0
2026-03-27 21:36:54.363,938.877,1141,-5,15,0,1,1,0,0,1,0,0,0
2026-03-27 21:36:54.427,938.941,1141,-3,15,0,1,1,0,0,1,0,0,0
2026-03-27 21:36:54.428,938.942,1141,-2,14,0,1,1,0,0,1,0,0,0
2026-03-27 21:36:54.539,939.053,1142,-5,14,0,1,1,0,0,1,0,0,0
2026-03-27 21:36:54.540,939.054,1142,-5,15,0,1,1,0,0,1,0,0,0
2026-03-27 21:36:54.700,939.214,1142,-5,14,0,1,1,0,0,1,0,0,0
2026-03-27 21:36:54.763,939.277,1143,-4,15,0,1,1,0,0,1,0,0,0
2026-03-27 21:36:54.875,939.390,1141,-2,15,0,1,1,0,0,1,0,0,0
2026-03-27 21:36:54.971,939.485,1142,-5,14,0,1,1,0,0,1,0,0,0
2026-03-27 21:36:55.100,939.614,1142,-2,14,0,1,1,0,0,1,0,0,0
2026-03-27 21:36:55.243,939.757,1142,-2,14,0,1,1,0,0,1,0,0,0
2026-03-27 21:36:55.245,939.759,1142,-2,14,0,1,1,0,0,1,0,0,0
2026-03-27 21:36:55.340,939.854,1142,-4,14,0,1,1,0,0,1,0,0,0
2026-03-27 21:36:55.435,939.949,1142,-4,14,0,1,1,0,0,1,0,0,0
2026-03-27 21:36:55.531,940.045,1141,-5,14,0,1,1,0,0,1,0,0,0
2026-03-27 21:36:55.532,940.047,1141,-5,14,0,1,1,0,0,1,0,0,0
2026-03-27 21:36:55.548,940.063,1141,-2,14,0,1,1,0,0,1,0,0,0
2026-03-27 21:36:55.612,940.126,1142,-2,14,0,1,1,0,0,1,0,0,0
2026-03-27 21:36:55.614,940.128,1141,-2,15,0,1,1,0,0,1,0,0,0
2026-03-27 21:36:55.772,940.286,1141,-2,14,0,1,1,0,0,1,0,0,0
2026-03-27 21:36:55.773,940.288,1142,-2,15,0,1,1,0,0,1,0,0,0
2026-03-27 21:36:55.836,940.350,1142,-4,15,0,1,1,0,0,1,0,0,0
2026-03-27 21:36:55.947,940.461,1143,-4,15,0,1,1,0,0,1,0,0,0
2026-03-27 21:36:56.091,940.606,1142,-4,15,0,1,1,0,0,1,0,0,0
2026-03-27 21:36:56.203,940.717,1142,-5,15,0,1,1,0,0,1,0,0,0
2026-03-27 21:36:56.315,940.830,1142,-5,14,0,1,1,0,0,1,0,0,0
2026-03-27 21:36:56.363,940.877,1142,-4,14,0,1,1,0,0,1,0,0,0
2026-03-27 21:36:56.364,940.878,1143,-4,14,0,1,1,0,0,1,0,0,0
2026-03-27 21:36:56.380,940.894,1142,-2,14,0,1,1,0,0,1,0,0,0
2026-03-27 21:36:56.475,940.990,1142,-2,15,0,1,1,0,0,1,0,0,0
2026-03-27 21:36:56.572,941.086,1142,-5,15,0,1,1,0,0,1,0,0,0
2026-03-27 21:36:56.667,941.181,1141,-4,14,0,1,1,0,0,1,0,0,0
2026-03-27 21:36:56.668,941.182,1141,-5,15,0,1,1,0,0,1,0,0,0
2026-03-27 21:36:56.830,941.344,1141,-4,15,0,1,1,0,0,1,0,0,0
2026-03-27 21:36:56.924,941.438,1141,-4,14,0,1,1,0,0,1,0,0,0
2026-03-27 21:36:56.928,941.442,1141,-5,15,0,1,1,0,0,1,0,0,0
2026-03-27 21:36:57.035,941.549,1141,-5,15,0,1,1,0,0,1,0,0,0
2026-03-27 21:36:57.084,941.598,1141,-5,15,0,1,1,0,0,1,0,0,0
2026-03-27 21:36:57.275,941.789,1143,-4,14,0,1,1,0,0,1,0,0,0
2026-03-27 21:36:57.355,941.869,1142,-4,15,0,1,1,0,0,1,0,0,0
2026-03-27 21:36:57.387,941.901,1142,-5,15,0,1,1,0,0,1,0,0,0
2026-03-27 21:36:57.403,941.917,1142,-5,15,0,1,1,0,0,1,0,0,0
2026-03-27 21:36:57.483,941.998,1142,-4,15,0,1,1,0,0,1,0,0,0
2026-03-27 21:36:57.787,942.301,1142,-4,15,0,1,1,0,0,1,0,0,0
2026-03-27 21:36:57.930,942.445,1142,-2,15,0,1,1,0,0,1,0,0,0
2026-03-27 21:36:57.932,942.446,1142,-2,15,0,1,1,0,0,1,0,0,0
2026-03-27 21:36:57.933,942.447,1142,0,0,0,0,0,0,0,1,0,0,0
2026-03-27 21:36:58.027,942.541,1142,-5,15,0,1,1,0,0,1,0,0,0
2026-03-27 21:36:58.029,942.543,1142,-4,15,0,1,1,0,0,1,0,0,0
2026-03-27 21:36:58.091,942.605,1141,-4,15,0,1,1,0,0,1,0,0,0
2026-03-27 21:36:58.171,942.685,1142,-4,14,0,1,1,0,0,1,0,0,0
2026-03-27 21:36:58.315,942.829,1142,-4,14,0,1,1,0,0,1,0,0,0
2026-03-27 21:36:58.427,942.941,1143,-4,14,0,1,1,0,0,1,0,0,0
2026-03-27 21:36:58.555,943.069,1143,-4,14,0,1,1,0,0,1,0,0,0
2026-03-27 21:36:58.667,943.181,1142,-4,14,0,1,1,0,0,1,0,0,0
2026-03-27 21:36:58.715,943.229,1143,-2,14,0,1,1,0,0,1,0,0,0
2026-03-27 21:36:58.891,943.405,1141,-2,15,0,1,1,0,0,1,0,0,0
2026-03-27 21:36:58.923,943.437,1142,-4,14,0,1,1,0,0,1,0,0,0
2026-03-27 21:36:58.924,943.438,1142,-5,15,0,1,1,0,0,1,0,0,0
2026-03-27 21:36:59.019,943.534,1142,-4,14,0,1,1,0,0,1,0,0,0
2026-03-27 21:36:59.211,943.725,1142,-2,15,0,1,1,0,0,1,0,0,0
2026-03-27 21:36:59.214,943.728,1142,-4,14,0,1,1,0,0,1,0,0,0
2026-03-27 21:36:59.307,943.821,1142,-5,15,0,1,1,0,0,1,0,0,0
2026-03-27 21:36:59.419,943.934,1141,-5,15,0,1,1,0,0,1,0,0,0
2026-03-27 21:36:59.466,943.981,1142,-4,15,0,1,1,0,0,1,0,0,0
2026-03-27 21:36:59.483,943.997,1142,-4,15,0,1,1,0,0,1,0,0,0
2026-03-27 21:36:59.485,943.999,1142,-2,15,0,1,1,0,0,1,0,0,0
2026-03-27 21:36:59.563,944.078,1141,-2,15,0,1,1,0,0,1,0,0,0
2026-03-27 21:36:59.675,944.189,1142,-2,15,0,1,1,0,0,1,0,0,0
2026-03-27 21:36:59.819,944.334,1142,-2,15,0,1,1,0,0,1,0,0,0
2026-03-27 21:36:59.995,944.509,1142,-5,15,0,1,1,0,0,1,0,0,0
2026-03-27 21:37:00.076,944.590,1143,-2,15,0,1,1,0,0,1,0,0,0
2026-03-27 21:37:00.123,944.637,1142,-2,15,0,1,1,0,0,1,0,0,0
2026-03-27 21:37:00.124,944.638,1142,-2,15,0,1,1,0,0,1,0,0,0
2026-03-27 21:37:00.236,944.750,1142,-4,14,0,1,1,0,0,1,0,0,0
2026-03-27 21:37:00.412,944.926,1142,-2,15,0,1,1,0,0,1,0,0,0
2026-03-27 21:37:00.460,944.974,1142,-4,15,0,1,1,0,0,1,0,0,0
2026-03-27 21:37:00.619,945.133,1143,-4,15,0,1,1,0,0,1,0,0,0
2026-03-27 21:37:00.622,945.136,1142,-4,15,0,1,1,0,0,1,0,0,0
2026-03-27 21:37:00.939,945.454,1142,-4,15,0,1,1,0,0,1,0,0,0
2026-03-27 21:37:01.003,945.517,1142,-2,15,0,1,1,0,0,1,0,0,0
2026-03-27 21:37:01.005,945.519,1142,-4,15,0,1,1,0,0,1,0,0,0
2026-03-27 21:37:01.116,945.630,1142,-5,15,0,1,1,0,0,1,0,0,0
2026-03-27 21:37:01.117,945.631,1142,-4,15,0,1,1,0,0,1,0,0,0
2026-03-27 21:37:01.212,945.726,1143,-4,15,0,1,1,0,0,1,0,0,0
2026-03-27 21:37:01.227,945.742,1143,-4,15,0,1,1,0,0,1,0,0,0
2026-03-27 21:37:01.339,945.854,1142,-4,14,0,1,1,0,0,1,0,0,0
2026-03-27 21:37:01.418,945.933,1142,-2,15,0,1,1,0,0,1,0,0,0
2026-03-27 21:37:01.420,945.934,1142,-2,15,0,1,1,0,0,1,0,0,0
2026-03-27 21:37:01.547,946.061,1141,-5,15,0,1,1,0,0,1,0,0,0
2026-03-27 21:37:01.548,946.062,1142,-4,15,0,1,1,0,0,1,0,0,0
2026-03-27 21:37:01.643,946.157,1142,-1,14,0,1,1,0,0,1,0,0,0
2026-03-27 21:37:01.771,946.285,1141,-2,14,0,1,1,0,0,1,0,0,0
2026-03-27 21:37:01.835,946.349,1142,-4,14,0,1,1,0,0,1,0,0,0
2026-03-27 21:37:01.947,946.461,1142,-4,15,0,1,1,0,0,1,0,0,0
2026-03-27 21:37:02.012,946.526,1142,-4,15,0,1,1,0,0,1,0,0,0
2026-03-27 21:37:02.107,946.622,1142,-4,14,0,1,1,0,0,1,0,0,0
2026-03-27 21:37:02.300,946.814,1142,-2,15,0,1,1,0,0,1,0,0,0
2026-03-27 21:37:02.331,946.845,1142,-2,15,0,1,1,0,0,1,0,0,0
2026-03-27 21:37:02.443,946.957,1143,-4,15,0,1,1,0,0,1,0,0,0
2026-03-27 21:37:02.587,947.101,1142,-4,14,0,1,1,0,0,1,0,0,0
2026-03-27 21:37:02.699,947.213,1143,-4,14,0,1,1,0,0,1,0,0,0
2026-03-27 21:37:02.827,947.341,1142,-2,14,0,1,1,0,0,1,0,0,0
2026-03-27 21:37:02.890,947.404,1143,-5,14,0,1,1,0,0,1,0,0,0
2026-03-27 21:37:03.019,947.533,1142,-5,15,0,1,1,0,0,1,0,0,0
2026-03-27 21:37:03.020,947.534,1142,-5,14,0,1,1,0,0,1,0,0,0
2026-03-27 21:37:03.147,947.661,1142,-4,15,0,1,1,0,0,1,0,0,0
2026-03-27 21:37:03.163,947.677,1142,-4,15,0,1,1,0,0,0,0,0,0
2026-03-27 21:37:03.164,947.678,1142,-4,14,0,1,1,0,0,1,0,0,0
2026-03-27 21:37:03.212,947.726,1142,-5,15,0,1,1,0,0,1,0,0,0
2026-03-27 21:37:03.323,947.837,1143,-5,15,0,1,1,0,0,1,0,0,0
2026-03-27 21:37:03.419,947.934,1143,-4,15,0,1,1,0,0,1,0,0,0
2026-03-27 21:37:03.546,948.060,1143,-4,15,0,1,1,0,0,1,0,0,0
2026-03-27 21:37:03.563,948.077,1143,-5,15,0,1,1,0,0,1,0,0,0
2026-03-27 21:37:03.611,948.126,1143,-4,15,0,1,1,0,0,1,0,0,0
2026-03-27 21:37:03.723,948.237,1143,-4,15,0,1,1,0,0,1,0,0,0
2026-03-27 21:37:03.787,948.301,1143,-5,15,0,1,1,0,0,1,0,0,0
2026-03-27 21:37:03.931,948.445,1143,-2,15,0,1,1,0,0,1,0,0,0
2026-03-27 21:37:03.979,948.493,1142,-3,15,0,1,1,0,0,1,0,0,0
2026-03-27 21:37:04.060,948.574,1142,-5,15,0,1,1,0,0,1,0,0,0
2026-03-27 21:37:04.062,948.576,1142,-5,14,0,1,1,0,0,1,0,0,0
2026-03-27 21:37:04.172,948.686,1142,-4,15,0,1,1,0,0,1,0,0,0
2026-03-27 21:37:04.251,948.766,1141,-5,15,0,1,1,0,0,1,0,0,0
2026-03-27 21:37:04.412,948.926,1142,-5,14,0,1,1,0,0,1,0,0,0
2026-03-27 21:37:04.555,949.070,1141,-2,15,0,1,1,0,0,1,0,0,0
2026-03-27 21:37:04.652,949.166,1142,-5,15,0,1,1,0,0,1,0,0,0
2026-03-27 21:37:04.699,949.213,1141,-5,15,0,1,1,0,0,1,0,0,0
2026-03-27 21:37:04.701,949.215,1141,-4,15,0,1,1,0,0,1,0,0,0
2026-03-27 21:37:04.702,949.216,1142,-4,14,0,1,1,0,0,1,0,0,0
2026-03-27 21:37:04.875,949.390,1142,-5,15,0,1,1,0,0,1,0,0,0
2026-03-27 21:37:04.923,949.437,1141,-5,14,0,1,1,0,0,1,0,0,0
2026-03-27 21:37:05.098,949.613,1142,-5,14,0,1,1,0,0,1,0,0,0
2026-03-27 21:37:05.116,949.631,1141,-2,15,0,1,1,0,0,1,0,0,0
2026-03-27 21:37:05.212,949.726,1141,-2,15,0,1,1,0,0,1,0,0,0
2026-03-27 21:37:05.275,949.789,1142,-4,14,0,1,1,0,0,1,0,0,0
2026-03-27 21:37:05.291,949.805,1142,-4,15,0,1,1,0,0,1,0,0,0
2026-03-27 21:37:05.371,949.886,1141,-4,14,0,1,1,0,0,1,0,0,0
2026-03-27 21:37:05.452,949.966,1142,-4,15,0,1,1,0,0,1,0,0,0
2026-03-27 21:37:05.547,950.061,1142,-4,14,0,1,1,0,0,1,0,0,0
2026-03-27 21:37:05.563,950.077,1143,-4,14,0,1,1,0,0,1,0,0,0
2026-03-27 21:37:05.659,950.173,1143,-4,14,0,1,1,0,0,1,0,0,0
2026-03-27 21:37:05.802,950.316,1143,-4,14,0,1,1,0,0,1,0,0,0
2026-03-27 21:37:05.851,950.365,1143,-4,14,0,1,1,0,0,1,0,0,0
2026-03-27 21:37:05.995,950.509,1141,-5,14,0,1,1,0,0,1,0,0,0
2026-03-27 21:37:05.996,950.510,1141,-5,14,0,1,1,0,0,1,0,0,0
2026-03-27 21:37:06.219,950.733,1142,-5,14,0,1,1,0,0,1,0,0,0
2026-03-27 21:37:06.235,950.749,1143,-5,15,0,1,1,0,0,1,0,0,0
2026-03-27 21:37:06.379,950.893,1143,-5,15,0,1,1,0,0,1,0,0,0
2026-03-27 21:37:06.411,950.925,1142,-5,14,0,1,1,0,0,1,0,0,0
2026-03-27 21:37:06.571,951.085,1142,-5,14,0,1,1,0,0,1,0,0,0
2026-03-27 21:37:06.667,951.181,1142,-5,14,0,1,1,0,0,1,0,0,0
2026-03-27 21:37:06.795,951.309,1142,-5,14,0,1,1,0,0,1,0,0,0
2026-03-27 21:37:06.891,951.405,1141,-5,14,0,1,1,0,0,1,0,0,0
2026-03-27 21:37:06.955,951.469,1142,-5,15,0,1,1,0,0,1,0,0,0
2026-03-27 21:37:07.051,951.565,1142,-5,14,0,1,1,0,0,1,0,0,0
2026-03-27 21:37:07.054,951.568,1142,-5,14,0,1,1,0,0,1,0,0,0
2026-03-27 21:37:07.131,951.646,1142,-5,14,0,1,1,0,0,1,0,0,0
2026-03-27 21:37:07.419,951.933,1141,-5,15,0,1,1,0,0,1,0,0,0
2026-03-27 21:37:07.530,952.044,1143,-5,15,0,1,1,0,0,1,0,0,0
2026-03-27 21:37:07.642,952.156,1143,-5,15,0,1,1,0,0,1,0,0,0
2026-03-27 21:37:07.644,952.158,1142,-5,14,0,1,1,0,0,1,0,0,0
2026-03-27 21:37:07.644,952.158,0,0,0,0,0,0,0,0,0,0,0,0
2026-03-27 21:37:07.786,952.300,1143,-4,15,0,1,1,0,0,1,0,0,0
2026-03-27 21:37:07.788,952.302,1143,-4,14,0,1,1,0,0,1,0,0,0
2026-03-27 21:37:07.883,952.397,1142,-5,15,0,1,1,0,0,1,0,0,0
2026-03-27 21:37:07.995,952.510,1142,-5,15,0,1,1,0,0,1,0,0,0
2026-03-27 21:37:08.027,952.542,1142,-5,15,0,1,1,0,0,1,0,0,0
2026-03-27 21:37:08.187,952.701,1142,-4,15,0,1,1,0,0,1,0,0,0
2026-03-27 21:37:08.189,952.704,1141,-5,14,0,1,1,0,0,1,0,0,0
2026-03-27 21:37:08.298,952.813,1141,-4,15,0,1,1,0,0,1,0,0,0
2026-03-27 21:37:08.314,952.828,1141,-5,15,0,1,1,0,0,1,0,0,0
2026-03-27 21:37:08.426,952.940,1141,-4,14,0,1,1,0,0,1,0,0,0
2026-03-27 21:37:08.554,953.068,1141,-5,14,0,1,1,0,0,1,0,0,0
2026-03-27 21:37:08.555,953.069,1141,-5,14,0,1,1,0,0,1,0,0,0
2026-03-27 21:37:08.570,953.084,1142,-2,14,0,1,1,0,0,1,0,0,0
2026-03-27 21:37:08.650,953.165,1142,-2,14,0,1,1,0,0,1,0,0,0
2026-03-27 21:37:08.651,953.166,1142,-2,15,0,0,0,0,0,0,0,0,0
2026-03-27 21:37:08.653,953.167,1141,-2,14,0,1,1,0,0,1,0,0,0
2026-03-27 21:37:08.715,953.229,1141,-2,14,0,1,1,0,0,1,0,0,0
2026-03-27 21:37:08.794,953.308,1141,-5,14,0,1,1,0,0,1,0,0,0
2026-03-27 21:37:08.796,953.310,1142,-4,14,0,1,1,0,0,1,0,0,0
2026-03-27 21:37:08.798,953.312,1142,-5,15,0,1,1,0,0,1,0,0,0
2026-03-27 21:37:08.923,953.437,1142,-5,14,0,1,1,0,0,1,0,0,0
2026-03-27 21:37:09.035,953.549,1143,-4,14,0,1,1,0,0,1,0,0,0
2026-03-27 21:37:09.082,953.597,1142,-5,14,0,1,1,0,0,1,0,0,0
2026-03-27 21:37:09.098,953.612,1141,-5,14,0,1,1,0,0,1,0,0,0
2026-03-27 21:37:09.163,953.677,1142,-5,14,0,1,1,0,0,1,0,0,0
2026-03-27 21:37:09.179,953.693,1142,-5,14,0,1,1,0,0,1,0,0,0
2026-03-27 21:37:09.275,953.789,1142,-5,14,0,1,1,0,0,1,0,0,0
2026-03-27 21:37:09.277,953.791,1142,-5,15,0,1,1,0,0,1,0,0,0
2026-03-27 21:37:09.371,953.885,1142,-5,15,0,1,1,0,0,1,0,0,0
2026-03-27 21:37:09.515,954.029,1144,-2,15,0,1,1,0,0,1,0,0,0
2026-03-27 21:37:09.627,954.141,1144,-5,14,0,1,1,0,0,1,0,0,0
2026-03-27 21:37:09.754,954.268,1143,-5,14,0,1,1,0,0,1,0,0,0
2026-03-27 21:37:09.755,954.269,1143,-5,14,0,1,1,0,0,1,0,0,0
2026-03-27 21:37:09.771,954.285,1143,-5,12,0,1,1,0,0,1,0,0,0
2026-03-27 21:37:09.803,954.317,1143,-5,15,0,1,1,0,0,1,0,0,0
2026-03-27 21:37:09.962,954.477,1143,-5,15,0,1,1,0,0,1,0,0,0
2026-03-27 21:37:09.994,954.508,1143,-5,15,0,1,1,0,0,1,0,0,0
2026-03-27 21:37:09.996,954.510,1143,-5,14,0,1,1,0,0,1,0,0,0
2026-03-27 21:37:10.139,954.653,1145,-5,15,0,1,1,0,0,1,0,0,0
2026-03-27 21:37:10.171,954.686,1144,-5,14,0,1,1,0,0,1,0,0,0
2026-03-27 21:37:10.314,954.828,1142,-4,14,0,1,1,0,0,1,0,0,0
2026-03-27 21:37:10.316,954.830,1143,-4,14,0,1,1,0,0,1,0,0,0
2026-03-27 21:37:10.362,954.876,1142,-4,14,0,1,1,0,0,1,0,0,0
2026-03-27 21:37:10.364,954.878,1142,-5,14,0,1,1,0,0,1,0,0,0
2026-03-27 21:37:10.443,954.957,1142,-4,14,0,1,1,0,0,1,0,0,0
2026-03-27 21:37:10.570,955.084,1142,-5,15,0,1,1,0,0,1,0,0,0
2026-03-27 21:37:10.572,955.086,1142,-5,15,0,1,1,0,0,1,0,0,0
2026-03-27 21:37:10.574,955.088,1143,-4,14,0,1,1,0,0,1,0,0,0
2026-03-27 21:37:10.683,955.197,1144,-4,14,0,1,1,0,0,1,0,0,0
2026-03-27 21:37:10.779,955.293,1142,-4,14,0,1,1,0,0,1,0,0,0
2026-03-27 21:37:10.780,955.294,1143,-5,15,0,1,1,0,0,1,0,0,0
2026-03-27 21:37:10.795,955.309,1142,-2,14,0,1,1,0,0,1,0,0,0
2026-03-27 21:37:10.875,955.389,1142,-2,14,0,1,1,0,0,1,0,0,0
2026-03-27 21:37:10.938,955.453,1142,-2,15,0,1,1,0,0,1,0,0,0
2026-03-27 21:37:10.940,955.454,1142,-2,15,0,1,1,0,0,1,0,0,0
2026-03-27 21:37:11.083,955.597,1142,-4,14,0,1,1,0,0,1,0,0,0
2026-03-27 21:37:11.084,955.598,1142,-4,15,0,1,1,0,0,0,0,0,0
2026-03-27 21:37:11.086,955.600,1142,-5,15,0,1,1,0,0,1,0,0,0
2026-03-27 21:37:11.115,955.629,1141,-5,15,0,1,1,0,0,1,0,0,0
2026-03-27 21:37:11.242,955.756,1142,-5,15,0,1,1,0,0,1,0,0,0
2026-03-27 21:37:11.355,955.869,1142,-4,14,0,1,1,0,0,1,0,0,0
2026-03-27 21:37:11.467,955.981,1143,-4,15,0,1,1,0,0,1,0,0,0
2026-03-27 21:37:11.531,956.045,1144,-5,14,0,1,1,0,0,1,0,0,0
2026-03-27 21:37:11.532,956.046,1144,-2,15,0,1,1,0,0,1,0,0,0
2026-03-27 21:37:11.706,956.220,1143,-4,14,0,1,1,0,0,1,0,0,0
2026-03-27 21:37:11.867,956.382,1144,-4,14,0,1,1,0,0,1,0,0,0
2026-03-27 21:37:11.899,956.413,1142,-4,14,0,1,1,0,0,1,0,0,0
2026-03-27 21:37:11.994,956.508,1142,-5,14,0,1,1,0,0,1,0,0,0
2026-03-27 21:37:12.106,956.621,1142,-5,14,0,1,1,0,0,1,0,0,0
2026-03-27 21:37:12.234,956.748,1141,-5,14,0,1,1,0,0,1,0,0,0
2026-03-27 21:37:12.362,956.877,1142,-4,14,0,1,1,0,0,1,0,0,0
2026-03-27 21:37:12.379,956.893,1142,-5,14,0,1,1,0,0,1,0,0,0
2026-03-27 21:37:12.541,957.055,1142,-5,15,0,1,1,0,0,1,0,0,0
2026-03-27 21:37:12.555,957.069,1142,-5,14,0,1,1,0,0,1,0,0,0
2026-03-27 21:37:12.603,957.117,1143,-5,14,0,1,1,0,0,1,0,0,0
2026-03-27 21:37:12.604,957.118,1142,-5,15,0,1,1,0,0,1,0,0,0
2026-03-27 21:37:12.698,957.212,1142,-5,15,0,1,1,0,0,1,0,0,0
2026-03-27 21:37:12.858,957.372,1143,-4,15,0,1,1,0,0,1,0,0,0
2026-03-27 21:37:12.859,957.373,1143,-4,14,0,1,1,0,0,1,0,0,0
2026-03-27 21:37:13.019,957.533,1141,-5,14,0,1,1,0,0,1,0,0,0
2026-03-27 21:37:13.146,957.660,1142,-2,14,0,1,1,0,0,1,0,0,0
2026-03-27 21:37:13.243,957.757,1142,-4,14,0,1,1,0,0,1,0,0,0
2026-03-27 21:37:13.245,957.759,1142,-5,14,0,1,1,0,0,1,0,0,0
2026-03-27 21:37:13.338,957.852,1142,-5,14,0,1,1,0,0,1,0,0,0
2026-03-27 21:37:13.435,957.949,1141,-5,14,0,1,1,0,0,1,0,0,0
2026-03-27 21:37:13.514,958.028,1140,-2,14,0,1,1,0,0,1,0,0,0
2026-03-27 21:37:13.627,958.141,1141,-5,14,0,1,1,0,0,1,0,0,0
2026-03-27 21:37:13.722,958.236,1141,-2,14,0,1,1,0,0,1,0,0,0
2026-03-27 21:37:13.882,958.396,1141,-5,15,0,1,1,0,0,1,0,0,0
2026-03-27 21:37:13.962,958.476,1141,-5,14,0,1,1,0,0,1,0,0,0
2026-03-27 21:37:14.026,958.540,1141,-2,15,0,1,1,0,0,1,0,0,0
2026-03-27 21:37:14.043,958.557,1141,-2,14,0,1,1,0,0,1,0,0,0
2026-03-27 21:37:14.234,958.748,1141,-5,14,0,1,1,0,0,1,0,0,0
2026-03-27 21:37:14.282,958.796,1140,-5,15,0,1,1,0,0,1,0,0,0
2026-03-27 21:37:14.362,958.876,1140,-2,14,0,1,1,0,0,1,0,0,0
2026-03-27 21:37:14.380,958.894,1140,-5,15,0,1,1,0,0,1,0,0,0
2026-03-27 21:37:14.506,959.021,1140,-5,15,0,1,1,0,0,1,0,0,0
2026-03-27 21:37:14.509,959.023,1140,-4,14,0,1,1,0,0,1,0,0,0
2026-03-27 21:37:14.539,959.053,1140,-2,14,0,1,1,0,0,1,0,0,0
2026-03-27 21:37:14.682,959.196,1140,-2,14,0,1,1,0,0,1,0,0,0
2026-03-27 21:37:14.810,959.324,1140,-5,14,0,1,1,0,0,1,0,0,0
2026-03-27 21:37:14.907,959.421,1142,-1,15,0,1,1,0,0,1,0,0,0
2026-03-27 21:37:14.923,959.437,1142,-2,15,0,1,1,0,0,1,0,0,0
2026-03-27 21:37:15.002,959.516,1142,-5,14,0,1,1,0,0,1,0,0,0
2026-03-27 21:37:15.018,959.532,1141,-5,14,0,1,1,0,0,1,0,0,0
2026-03-27 21:37:15.130,959.644,1142,-2,14,0,1,1,0,0,1,0,0,0
2026-03-27 21:37:15.243,959.757,1141,-5,14,0,1,1,0,0,1,0,0,0
2026-03-27 21:37:15.338,959.852,1142,-4,14,0,1,1,0,0,1,0,0,0
2026-03-27 21:37:15.402,959.916,1143,-5,14,0,1,1,0,0,1,0,0,0
2026-03-27 21:37:15.466,959.980,1142,-5,14,0,1,1,0,0,1,0,0,0
2026-03-27 21:37:15.594,960.108,1143,-2,14,0,1,1,0,0,1,0,0,0
2026-03-27 21:37:15.754,960.268,1142,-5,14,0,1,1,0,0,1,0,0,0
2026-03-27 21:37:15.786,960.300,1141,-4,15,0,1,1,0,0,1,0,0,0
2026-03-27 21:37:15.789,960.303,1142,-5,15,0,1,1,0,0,1,0,0,0
2026-03-27 21:37:15.882,960.396,1142,-4,15,0,1,1,0,0,1,0,0,0
2026-03-27 21:37:15.946,960.460,1143,-5,14,0,1,1,0,0,1,0,0,0
2026-03-27 21:37:15.963,960.477,1143,-5,14,0,1,1,0,0,1,0,0,0
2026-03-27 21:37:16.090,960.604,1143,-5,14,0,1,1,0,0,1,0,0,0
2026-03-27 21:37:16.154,960.668,1143,-5,14,0,1,1,0,0,1,0,0,0
2026-03-27 21:37:16.314,960.828,1143,-5,14,0,1,1,0,0,1,0,0,0
2026-03-27 21:37:16.346,960.860,1141,-5,15,0,1,1,0,0,1,0,0,0
2026-03-27 21:37:16.523,961.037,1142,-4,15,0,1,1,0,0,1,0,0,0
2026-03-27 21:37:16.666,961.180,1144,-2,14,0,1,1,0,0,1,0,0,0
2026-03-27 21:37:16.682,961.196,1144,-2,14,0,1,1,0,0,1,0,0,0
2026-03-27 21:37:16.683,961.197,1143,-2,14,0,1,1,0,0,1,0,0,0
2026-03-27 21:37:16.794,961.308,1143,-2,14,0,1,1,0,0,1,0,0,0
2026-03-27 21:37:16.922,961.436,1142,-5,14,0,1,1,0,0,1,0,0,0
2026-03-27 21:37:16.924,961.438,1142,-5,14,0,1,1,0,0,1,0,0,0
2026-03-27 21:37:17.034,961.548,1143,-4,14,0,1,1,0,0,1,0,0,0
2026-03-27 21:37:17.050,961.564,1142,-5,14,0,1,1,0,0,1,0,0,0
2026-03-27 21:37:17.226,961.740,1142,-5,14,0,1,1,0,0,1,0,0,0
2026-03-27 21:37:17.290,961.804,1143,-5,15,0,1,1,0,0,1,0,0,0
2026-03-27 21:37:17.386,961.900,1142,-2,14,0,1,1,0,0,1,0,0,0
2026-03-27 21:37:17.387,961.901,1142,-2,14,0,1,1,0,0,1,0,0,0
2026-03-27 21:37:17.514,962.028,1142,-2,14,0,1,1,0,0,1,0,0,0
2026-03-27 21:37:17.515,962.029,1142,-2,15,0,1,1,0,0,1,0,0,0
2026-03-27 21:37:17.610,962.124,1143,-4,15,0,1,1,0,0,1,0,0,0
2026-03-27 21:37:17.690,962.204,1142,-5,15,0,1,1,0,0,1,0,0,0
2026-03-27 21:37:17.882,962.396,1142,-5,14,0,1,1,0,0,1,0,0,0
2026-03-27 21:37:17.930,962.444,1141,-5,15,0,1,1,0,0,1,0,0,0
2026-03-27 21:37:17.946,962.460,1141,-5,14,0,1,1,0,0,1,0,0,0
2026-03-27 21:37:17.949,962.463,1141,-5,14,0,1,1,0,0,1,0,0,0
2026-03-27 21:37:17.994,962.508,1142,-5,14,0,1,1,0,0,1,0,0,0
2026-03-27 21:37:18.090,962.604,1141,-5,15,0,1,1,0,0,1,0,0,0
2026-03-27 21:37:18.186,962.700,1140,-2,14,0,1,1,0,0,1,0,0,0
2026-03-27 21:37:18.298,962.812,1141,-2,15,0,1,1,0,0,1,0,0,0
2026-03-27 21:37:18.314,962.828,1140,-2,15,0,1,1,0,0,1,0,0,0
2026-03-27 21:37:18.443,962.957,1141,-5,14,0,1,1,0,0,1,0,0,0
2026-03-27 21:37:18.538,963.052,1141,-2,15,0,1,1,0,0,1,0,0,0
2026-03-27 21:37:18.666,963.180,1142,-5,14,0,1,1,0,0,1,0,0,0
2026-03-27 21:37:18.730,963.244,1140,-5,15,0,1,1,0,0,1,0,0,0
2026-03-27 21:37:18.954,963.468,1141,-5,14,0,1,1,0,0,1,0,0,0
2026-03-27 21:37:19.051,963.565,1141,-5,15,0,1,1,0,0,1,0,0,0
2026-03-27 21:37:19.114,963.628,1140,-2,14,0,1,1,0,0,1,0,0,0
2026-03-27 21:37:19.115,963.630,1140,-2,14,0,1,1,0,0,1,0,0,0
2026-03-27 21:37:19.118,963.632,1141,-2,14,0,1,1,0,0,1,0,0,0
2026-03-27 21:37:19.210,963.724,1141,-3,14,0,1,1,0,0,1,0,0,0
2026-03-27 21:37:19.289,963.804,1141,-4,14,0,1,1,0,0,1,0,0,0
2026-03-27 21:37:19.402,963.916,1141,-2,15,0,1,1,0,0,1,0,0,0
2026-03-27 21:37:19.578,964.092,1140,-4,15,0,1,1,0,0,1,0,0,0
2026-03-27 21:37:19.658,964.172,1140,-2,12,0,1,1,0,0,1,0,0,0
2026-03-27 21:37:19.690,964.204,1140,-2,14,0,1,1,0,0,1,0,0,0
2026-03-27 21:37:19.706,964.220,1140,-2,15,0,1,1,0,0,1,0,0,0
2026-03-27 21:37:19.770,964.284,1141,-5,15,0,1,1,0,0,1,0,0,0
2026-03-27 21:37:19.773,964.287,1142,-4,15,0,1,1,0,0,1,0,0,0
2026-03-27 21:37:19.898,964.412,1141,-5,15,0,1,1,0,0,1,0,0,0
2026-03-27 21:37:19.962,964.476,1141,-2,15,0,1,1,0,0,1,0,0,0
2026-03-27 21:37:20.186,964.700,1141,-4,14,0,1,1,0,0,1,0,0,0
2026-03-27 21:37:20.188,964.702,1141,-5,15,0,1,1,0,0,1,0,0,0
2026-03-27 21:37:20.298,964.812,1142,-2,15,0,1,1,0,0,1,0,0,0
2026-03-27 21:37:20.346,964.860,1142,-4,14,0,1,1,0,0,1,0,0,0
2026-03-27 21:37:20.474,964.988,1140,-5,15,0,1,1,0,0,1,0,0,0
2026-03-27 21:37:20.492,965.006,1141,-5,15,0,1,1,0,0,1,0,0,0
2026-03-27 21:37:20.602,965.116,1141,-5,15,0,1,1,0,0,1,0,0,0
2026-03-27 21:37:20.697,965.211,1141,-4,15,0,1,1,0,0,1,0,0,0
2026-03-27 21:37:20.699,965.213,1142,-4,15,0,1,1,0,0,1,0,0,0
2026-03-27 21:37:20.794,965.308,1141,-5,14,0,1,1,0,0,1,0,0,0
2026-03-27 21:37:20.890,965.404,1140,-5,14,0,1,1,0,0,1,0,0,0
2026-03-27 21:37:20.954,965.468,1140,-4,15,0,1,1,0,0,1,0,0,0
2026-03-27 21:37:21.066,965.580,1141,-4,14,0,1,1,0,0,1,0,0,0
2026-03-27 21:37:21.194,965.708,1141,-5,15,0,1,1,0,0,1,0,0,0
2026-03-27 21:37:21.195,965.709,1141,-2,14,0,1,1,0,0,1,0,0,0
2026-03-27 21:37:21.290,965.804,1142,-5,14,0,1,1,0,0,1,0,0,0
2026-03-27 21:37:21.386,965.900,1141,-5,14,0,1,1,0,0,1,0,0,0
2026-03-27 21:37:21.546,966.060,1141,-5,14,0,1,1,0,0,1,0,0,0
2026-03-27 21:37:21.562,966.076,1141,-4,15,0,1,1,0,0,1,0,0,0
2026-03-27 21:37:21.658,966.173,1141,-5,15,0,1,1,0,0,1,0,0,0
2026-03-27 21:37:21.738,966.252,1140,-5,14,0,1,1,0,0,1,0,0,0
2026-03-27 21:37:21.851,966.365,1141,-4,15,0,1,1,0,0,1,0,0,0
2026-03-27 21:37:22.074,966.588,1141,-4,14,0,1,1,0,0,1,0,0,0
2026-03-27 21:37:22.202,966.716,1141,-2,15,0,1,1,0,0,1,0,0,0
2026-03-27 21:37:22.314,966.828,1141,-4,15,0,1,1,0,0,1,0,0,0
2026-03-27 21:37:22.458,966.972,1141,-4,15,0,1,1,0,0,1,0,0,0
2026-03-27 21:37:22.522,967.036,1141,-4,15,0,1,1,0,0,1,0,0,0
2026-03-27 21:37:22.650,967.164,1141,-1,15,0,1,1,0,0,1,0,0,0
2026-03-27 21:37:22.652,967.166,1141,-1,15,0,1,1,0,0,1,0,0,0
2026-03-27 21:37:22.714,967.228,1141,-1,15,0,1,1,0,0,1,0,0,0
2026-03-27 21:37:22.825,967.339,1141,-1,15,0,1,1,0,0,1,0,0,0
2026-03-27 21:37:22.890,967.404,1141,-4,15,0,1,1,0,0,1,0,0,0
2026-03-27 21:37:23.003,967.517,1142,-1,15,0,1,1,0,0,1,0,0,0
2026-03-27 21:37:23.145,967.660,1142,-4,15,0,1,1,0,0,1,0,0,0
2026-03-27 21:37:23.162,967.676,1142,-5,15,0,1,1,0,0,1,0,0,0
2026-03-27 21:37:23.226,967.740,1142,-4,15,0,1,1,0,0,1,0,0,0
2026-03-27 21:37:23.290,967.804,1142,-4,14,0,1,1,0,0,1,0,0,0
2026-03-27 21:37:23.450,967.964,1142,-2,12,0,1,1,0,0,1,0,0,0
2026-03-27 21:37:23.562,968.076,1142,-2,15,0,1,1,0,0,1,0,0,0
2026-03-27 21:37:23.642,968.156,1142,-2,15,0,1,1,0,0,1,0,0,0
2026-03-27 21:37:23.754,968.268,1142,-4,15,0,1,1,0,0,1,0,0,0
2026-03-27 21:37:23.771,968.285,1142,-2,15,0,1,1,0,0,1,0,0,0
2026-03-27 21:37:23.930,968.444,1142,-2,15,0,1,1,0,0,1,0,0,0
2026-03-27 21:37:23.947,968.461,1142,-4,15,0,1,1,0,0,1,0,0,0
2026-03-27 21:37:24.026,968.540,1142,-4,15,0,1,1,0,0,1,0,0,0
2026-03-27 21:37:24.138,968.652,1141,-2,15,0,1,1,0,0,1,0,0,0
2026-03-27 21:37:24.266,968.780,1142,-4,15,0,1,1,0,0,1,0,0,0
2026-03-27 21:37:24.314,968.828,1142,-4,15,0,1,1,0,0,1,0,0,0
2026-03-27 21:37:24.330,968.845,1142,-4,15,0,1,1,0,0,1,0,0,0
2026-03-27 21:37:24.426,968.940,1142,-4,15,0,1,1,0,0,1,0,0,0
2026-03-27 21:37:24.538,969.052,1142,-5,15,0,1,1,0,0,1,0,0,0
2026-03-27 21:37:24.633,969.148,1142,-5,15,0,1,1,0,0,1,0,0,0
2026-03-27 21:37:24.746,969.260,1142,-2,15,0,1,1,0,0,1,0,0,0
2026-03-27 21:37:24.858,969.372,1142,-2,15,0,1,1,0,0,1,0,0,0
2026-03-27 21:37:24.875,969.389,1142,-4,12,0,1,1,0,0,1,0,0,0
2026-03-27 21:37:25.018,969.532,1142,-4,12,0,1,1,0,0,1,0,0,0
2026-03-27 21:37:25.021,969.535,1142,-5,15,0,1,1,0,0,1,0,0,0
2026-03-27 21:37:25.082,969.596,1142,-4,15,0,1,1,0,0,1,0,0,0
2026-03-27 21:37:25.130,969.644,1142,-2,15,0,1,1,0,0,1,0,0,0
2026-03-27 21:37:25.147,969.661,1142,-2,15,0,1,1,0,0,1,0,0,0
2026-03-27 21:37:25.148,969.662,0,0,0,0,0,0,0,0,1,0,0,0
2026-03-27 21:37:25.305,969.819,1142,-4,15,0,1,1,0,0,1,0,0,0
2026-03-27 21:37:25.338,969.852,1142,-4,15,0,1,1,0,0,1,0,0,0
2026-03-27 21:37:25.450,969.964,1142,-4,15,0,1,1,0,0,1,0,0,0
2026-03-27 21:37:25.561,970.075,1142,-4,15,0,1,1,0,0,1,0,0,0
2026-03-27 21:37:25.642,970.156,1142,-4,15,0,1,1,0,0,1,0,0,0
2026-03-27 21:37:25.754,970.268,1142,-4,15,0,1,1,0,0,1,0,0,0
2026-03-27 21:37:25.802,970.316,1141,-4,15,0,1,1,0,0,1,0,0,0
2026-03-27 21:37:25.946,970.460,1142,-1,15,0,1,1,0,0,1,0,0,0
2026-03-27 21:37:25.963,970.477,1141,-4,15,0,1,1,0,0,1,0,0,0
2026-03-27 21:37:25.965,970.479,1141,-5,15,0,1,1,0,0,1,0,0,0
2026-03-27 21:37:26.073,970.588,1142,-4,15,0,1,1,0,0,1,0,0,0
2026-03-27 21:37:26.170,970.684,1142,-4,15,0,1,1,0,0,1,0,0,0
2026-03-27 21:37:26.362,970.876,1142,-4,15,0,1,1,0,0,1,0,0,0
2026-03-27 21:37:26.490,971.004,1142,-1,15,0,1,1,0,0,1,0,0,0
2026-03-27 21:37:26.537,971.051,1142,-4,15,0,1,1,0,0,1,0,0,0
2026-03-27 21:37:26.585,971.099,1141,-4,15,0,1,1,0,0,1,0,0,0
2026-03-27 21:37:26.601,971.115,1141,-2,15,0,1,1,0,0,1,0,0,0
2026-03-27 21:37:26.698,971.212,1142,-4,15,0,1,1,0,0,1,0,0,0
2026-03-27 21:37:26.842,971.356,1141,-1,15,0,1,1,0,0,1,0,0,0
2026-03-27 21:37:26.986,971.501,1141,-2,15,0,1,1,0,0,1,0,0,0
2026-03-27 21:37:27.018,971.532,1142,-4,15,0,1,1,0,0,1,0,0,0
2026-03-27 21:37:27.114,971.628,1141,-4,16,0,1,1,0,0,1,0,0,0
2026-03-27 21:37:27.242,971.756,1141,-1,15,0,1,1,0,0,1,0,0,0
2026-03-27 21:37:27.243,971.757,1141,-2,15,0,1,1,0,0,1,0,0,0
2026-03-27 21:37:27.306,971.820,1141,-5,15,0,1,1,0,0,1,0,0,0
2026-03-27 21:37:27.307,971.821,1141,-4,15,0,1,1,0,0,1,0,0,0
2026-03-27 21:37:27.497,972.011,1141,-4,15,0,1,1,0,0,1,0,0,0
2026-03-27 21:37:27.546,972.060,1141,-4,15,0,1,1,0,0,1,0,0,0
2026-03-27 21:37:27.578,972.092,1141,-4,15,0,1,1,0,0,1,0,0,0
2026-03-27 21:37:27.722,972.236,1142,-1,15,0,1,1,0,0,1,0,0,0
2026-03-27 21:37:27.834,972.348,1142,-1,15,0,1,1,0,0,1,0,0,0
2026-03-27 21:37:27.897,972.411,1142,-2,15,0,1,1,0,0,1,0,0,0
2026-03-27 21:37:28.186,972.700,1142,-2,15,0,1,1,0,0,1,0,0,0
2026-03-27 21:37:28.201,972.716,1142,-1,15,0,1,1,0,0,1,0,0,0
2026-03-27 21:37:28.202,972.717,1142,-2,10,0,0,0,0,0,0,0,0,0
2026-03-27 21:37:28.204,972.718,1142,-4,15,0,1,1,0,0,1,0,0,0
2026-03-27 21:37:28.361,972.876,1142,-2,15,0,1,1,0,0,1,0,0,0
2026-03-27 21:37:28.426,972.940,1142,-4,15,0,1,1,0,0,1,0,0,0
2026-03-27 21:37:28.427,972.941,1142,-1,15,0,1,1,0,0,1,0,0,0
2026-03-27 21:37:28.522,973.036,1142,-4,15,0,1,1,0,0,1,0,0,0
2026-03-27 21:37:28.697,973.211,1142,-4,15,0,1,1,0,0,1,0,0,0
2026-03-27 21:37:28.716,973.230,1142,-2,15,0,1,1,0,0,1,0,0,0
2026-03-27 21:37:28.810,973.324,1142,-4,15,0,1,1,0,0,1,0,0,0
2026-03-27 21:37:28.857,973.372,1142,-4,15,0,1,1,0,0,1,0,0,0
2026-03-27 21:37:29.018,973.532,1142,-4,15,0,1,1,0,0,1,0,0,0
2026-03-27 21:37:29.050,973.564,1143,-1,15,0,1,1,0,0,1,0,0,0
2026-03-27 21:37:29.225,973.739,1142,-5,15,0,1,1,0,0,1,0,0,0
2026-03-27 21:37:29.354,973.868,1142,-4,14,0,1,1,0,0,1,0,0,0
2026-03-27 21:37:29.481,973.996,1142,-4,15,0,1,1,0,0,1,0,0,0
2026-03-27 21:37:29.545,974.059,1142,-4,15,0,1,1,0,0,1,0,0,0
2026-03-27 21:37:29.642,974.156,1142,-4,15,0,1,1,0,0,1,0,0,0
2026-03-27 21:37:29.769,974.284,1142,-4,15,0,1,1,0,0,1,0,0,0
2026-03-27 21:37:29.881,974.396,1142,-5,15,0,1,1,0,0,1,0,0,0
2026-03-27 21:37:30.009,974.523,1143,-2,15,0,1,1,0,0,1,0,0,0
2026-03-27 21:37:30.041,974.555,1142,-2,15,0,1,1,0,0,1,0,0,0
2026-03-27 21:37:30.044,974.558,1142,-5,15,0,1,1,0,0,1,0,0,0
2026-03-27 21:37:30.186,974.700,1142,-2,15,0,1,1,0,0,1,0,0,0
2026-03-27 21:37:30.202,974.716,1142,-2,15,0,1,1,0,0,1,0,0,0
2026-03-27 21:37:30.281,974.796,1142,-2,15,0,1,1,0,0,1,0,0,0
2026-03-27 21:37:30.442,974.956,1142,-2,15,0,1,1,0,0,1,0,0,0
2026-03-27 21:37:30.554,975.068,1142,-5,15,0,1,1,0,0,1,0,0,0
2026-03-27 21:37:30.665,975.179,1143,-2,15,0,1,1,0,0,1,0,0,0
2026-03-27 21:37:30.729,975.243,1143,-4,15,0,1,1,0,0,1,0,0,0
2026-03-27 21:37:30.938,975.452,1143,-4,15,0,1,1,0,0,1,0,0,0
2026-03-27 21:37:30.953,975.467,1142,-4,15,0,1,1,0,0,1,0,0,0
2026-03-27 21:37:30.986,975.500,1142,-4,15,0,1,1,0,0,1,0,0,0
2026-03-27 21:37:31.114,975.628,1142,-5,15,0,1,1,0,0,1,0,0,0
2026-03-27 21:37:31.242,975.756,1142,-2,15,0,1,1,0,0,1,0,0,0
2026-03-27 21:37:31.353,975.867,1143,-2,15,0,1,1,0,0,1,0,0,0
2026-03-27 21:37:31.434,975.948,1142,-2,15,0,1,1,0,0,1,0,0,0
2026-03-27 21:37:31.450,975.964,1142,-1,15,0,1,1,0,0,1,0,0,0
2026-03-27 21:37:31.452,975.966,1142,-1,15,0,1,1,0,0,1,0,0,0
2026-03-27 21:37:31.514,976.028,1142,-1,15,0,1,1,0,0,1,0,0,0
2026-03-27 21:37:31.594,976.108,1142,-4,15,0,1,1,0,0,1,0,0,0
2026-03-27 21:37:31.690,976.204,1143,-2,15,0,1,1,0,0,1,0,0,0
2026-03-27 21:37:31.898,976.412,1141,-4,15,0,1,1,0,0,1,0,0,0
2026-03-27 21:37:31.945,976.459,1142,-4,15,0,1,1,0,0,1,0,0,0
2026-03-27 21:37:32.057,976.571,1143,-4,15,0,1,1,0,0,1,0,0,0
2026-03-27 21:37:32.154,976.668,1142,-2,15,0,1,1,0,0,1,0,0,0
2026-03-27 21:37:32.233,976.747,1142,-4,15,0,1,1,0,0,1,0,0,0
2026-03-27 21:37:32.377,976.891,1142,-4,15,0,1,1,0,0,1,0,0,0
2026-03-27 21:37:32.426,976.940,1143,-1,15,0,1,1,0,0,1,0,0,0
2026-03-27 21:37:32.553,977.068,1142,-2,15,0,1,1,0,0,1,0,0,0
2026-03-27 21:37:32.556,977.070,1142,-1,15,0,1,1,0,0,1,0,0,0
2026-03-27 21:37:32.697,977.211,1142,-2,15,0,1,1,0,0,1,0,0,0
2026-03-27 21:37:32.777,977.291,1142,-2,15,0,1,1,0,0,1,0,0,0
2026-03-27 21:37:32.905,977.419,1142,-2,15,0,1,1,0,0,1,0,0,0
2026-03-27 21:37:32.954,977.468,1142,-4,15,0,1,1,0,0,1,0,0,0
2026-03-27 21:37:33.049,977.563,1142,-5,15,0,1,1,0,0,1,0,0,0
2026-03-27 21:37:33.050,977.564,1142,-4,14,0,1,1,0,0,1,0,0,0
2026-03-27 21:37:33.130,977.644,1143,-2,14,0,1,1,0,0,1,0,0,0
2026-03-27 21:37:33.257,977.771,1143,-2,15,0,1,1,0,0,1,0,0,0
2026-03-27 21:37:33.259,977.773,1143,-2,15,0,1,1,0,0,1,0,0,0
2026-03-27 21:37:33.337,977.852,1142,-2,15,0,1,1,0,0,1,0,0,0
2026-03-27 21:37:33.497,978.011,1142,-2,12,0,1,1,0,0,1,0,0,0
2026-03-27 21:37:33.500,978.014,1142,-5,15,0,1,1,0,0,1,0,0,0
2026-03-27 21:37:33.562,978.076,1141,-4,15,0,1,1,0,0,1,0,0,0
2026-03-27 21:37:33.563,978.077,1141,-5,14,0,1,1,0,0,1,0,0,0
2026-03-27 21:37:33.673,978.187,1142,-2,15,0,1,1,0,0,1,0,0,0
2026-03-27 21:37:33.689,978.203,1142,-5,15,0,1,1,0,0,1,0,0,0
2026-03-27 21:37:33.690,978.204,1143,-41,0,0,0,0,0,0,1,0,0,0
2026-03-27 21:37:33.833,978.347,1142,-2,15,0,1,1,0,0,1,0,0,0
2026-03-27 21:37:33.835,978.349,1142,-4,15,0,1,1,0,0,1,0,0,0
2026-03-27 21:37:33.850,978.364,1143,-1,15,0,1,1,0,0,1,0,0,0
2026-03-27 21:37:33.914,978.428,1143,-2,15,0,1,1,0,0,1,0,0,0
2026-03-27 21:37:34.057,978.571,1141,-2,15,0,1,1,0,0,1,0,0,0
2026-03-27 21:37:34.090,978.604,1142,-2,15,0,1,1,0,0,1,0,0,0
2026-03-27 21:37:34.315,978.829,1142,-4,15,0,1,1,0,0,1,0,0,0
2026-03-27 21:37:34.410,978.924,1141,-4,15,0,1,1,0,0,1,0,0,0
2026-03-27 21:37:34.585,979.100,1142,-2,15,0,1,1,0,0,1,0,0,0
2026-03-27 21:37:34.698,979.212,1143,-2,15,0,1,1,0,0,1,0,0,0
2026-03-27 21:37:34.842,979.356,1142,-5,15,0,1,1,0,0,1,0,0,0
2026-03-27 21:37:34.873,979.387,1143,-2,15,0,1,1,0,0,1,0,0,0
2026-03-27 21:37:35.033,979.547,1142,-2,15,0,1,1,0,0,1,0,0,0
2026-03-27 21:37:35.177,979.691,1143,-2,15,0,1,1,0,0,1,0,0,0
2026-03-27 21:37:35.178,979.692,1142,-2,15,0,1,1,0,0,1,0,0,0
2026-03-27 21:37:35.257,979.771,1141,-5,15,0,1,1,0,0,1,0,0,0
2026-03-27 21:37:35.258,979.772,1141,-5,14,0,1,1,0,0,1,0,0,0
2026-03-27 21:37:35.259,979.773,1142,-5,15,0,1,1,0,0,1,0,0,0
2026-03-27 21:37:35.386,979.900,1141,-4,15,0,1,1,0,0,1,0,0,0
2026-03-27 21:37:35.466,979.980,1141,-2,15,0,1,1,0,0,1,0,0,0
2026-03-27 21:37:35.546,980.060,1143,-5,15,0,1,1,0,0,1,0,0,0
2026-03-27 21:37:35.673,980.187,1143,-5,15,0,1,1,0,0,1,0,0,0
2026-03-27 21:37:35.785,980.299,1141,-5,15,0,1,1,0,0,1,0,0,0
2026-03-27 21:37:35.787,980.301,1142,-4,15,0,1,1,0,0,1,0,0,0
2026-03-27 21:37:35.802,980.316,1141,-2,14,0,1,1,0,0,1,0,0,0
2026-03-27 21:37:35.881,980.395,1141,-2,14,0,1,1,0,0,1,0,0,0
2026-03-27 21:37:35.993,980.507,1142,-2,15,0,1,1,0,0,1,0,0,0
2026-03-27 21:37:35.995,980.510,1142,-4,15,0,1,1,0,0,1,0,0,0
2026-03-27 21:37:36.121,980.635,1142,-4,15,0,1,1,0,0,1,0,0,0
2026-03-27 21:37:36.169,980.683,1142,-2,15,0,1,1,0,0,1,0,0,0
2026-03-27 21:37:36.249,980.763,1142,-2,14,0,1,1,0,0,1,0,0,0
2026-03-27 21:37:36.409,980.923,1142,-5,14,0,1,1,0,0,1,0,0,0
2026-03-27 21:37:36.537,981.051,1141,-2,14,0,1,1,0,0,1,0,0,0
2026-03-27 21:37:36.601,981.116,1141,-2,15,0,1,1,0,0,1,0,0,0
2026-03-27 21:37:36.745,981.259,1141,-5,14,0,1,1,0,0,1,0,0,0
2026-03-27 21:37:36.762,981.276,1141,-5,14,0,1,1,0,0,1,0,0,0
2026-03-27 21:37:36.857,981.371,1141,-5,14,0,1,1,0,0,1,0,0,0
2026-03-27 21:37:36.873,981.388,1140,-5,14,0,1,1,0,0,1,0,0,0
2026-03-27 21:37:36.875,981.389,1140,-5,14,0,1,1,0,0,1,0,0,0
2026-03-27 21:37:37.033,981.547,1141,-5,14,0,1,1,0,0,1,0,0,0
2026-03-27 21:37:37.225,981.739,1140,-5,14,0,1,1,0,0,1,0,0,0
2026-03-27 21:37:37.306,981.820,1140,-2,14,0,1,1,0,0,1,0,0,0
2026-03-27 21:37:37.402,981.916,1140,-5,14,0,1,1,0,0,1,0,0,0
2026-03-27 21:37:37.561,982.075,1141,-5,14,0,1,1,0,0,1,0,0,0
2026-03-27 21:37:37.641,982.155,1141,-2,14,0,1,1,0,0,1,0,0,0
2026-03-27 21:37:37.753,982.268,1141,-5,14,0,1,1,0,0,1,0,0,0
2026-03-27 21:37:37.865,982.379,1141,-5,14,0,1,1,0,0,1,0,0,0
2026-03-27 21:37:37.881,982.395,1141,-5,14,0,1,1,0,0,1,0,0,0
2026-03-27 21:37:37.961,982.475,1141,-6,14,0,1,1,0,0,1,0,0,0
2026-03-27 21:37:38.025,982.539,1140,-3,14,0,1,1,0,0,1,0,0,0
2026-03-27 21:37:38.329,982.843,1142,-5,14,0,1,1,0,0,1,0,0,0
2026-03-27 21:37:38.331,982.845,1142,-3,14,0,1,1,0,0,1,0,0,0
2026-03-27 21:37:38.409,982.923,1140,-3,14,0,1,1,0,0,1,0,0,0
2026-03-27 21:37:38.505,983.019,1142,-2,15,0,1,1,0,0,1,0,0,0
2026-03-27 21:37:38.506,983.020,1143,-5,15,0,1,1,0,0,1,0,0,0
2026-03-27 21:37:38.633,983.147,1143,-5,14,0,1,1,0,0,1,0,0,0
2026-03-27 21:37:38.665,983.179,1141,-5,14,0,1,1,0,0,1,0,0,0
2026-03-27 21:37:38.793,983.307,1141,-5,14,0,1,1,0,0,1,0,0,0
2026-03-27 21:37:38.905,983.419,1142,-5,14,0,1,1,0,0,1,0,0,0
2026-03-27 21:37:39.017,983.531,1144,-2,14,0,1,1,0,0,1,0,0,0
2026-03-27 21:37:39.177,983.691,1142,-5,14,0,1,1,0,0,1,0,0,0
2026-03-27 21:37:39.289,983.803,1141,-2,14,0,1,1,0,0,1,0,0,0
2026-03-27 21:37:39.353,983.867,1140,-5,14,0,1,1,0,0,1,0,0,0
2026-03-27 21:37:39.449,983.963,1141,-5,15,0,1,1,0,0,1,0,0,0
2026-03-27 21:37:39.497,984.011,1141,-5,14,0,1,1,0,0,1,0,0,0
2026-03-27 21:37:39.625,984.139,1141,-5,14,0,1,1,0,0,1,0,0,0
2026-03-27 21:37:39.689,984.204,1140,-2,14,0,1,1,0,0,1,0,0,0
2026-03-27 21:37:39.817,984.331,1140,-4,14,0,1,1,0,0,1,0,0,0
2026-03-27 21:37:39.929,984.443,1140,-5,15,0,1,1,0,0,1,0,0,0
2026-03-27 21:37:40.073,984.587,1140,-2,15,0,1,1,0,0,1,0,0,0
2026-03-27 21:37:40.169,984.683,1141,-5,14,0,1,1,0,0,1,0,0,0
2026-03-27 21:37:40.265,984.779,1141,-5,14,0,1,1,0,0,1,0,0,0
2026-03-27 21:37:40.345,984.859,1140,-5,14,0,1,1,0,0,1,0,0,0
2026-03-27 21:37:40.393,984.907,1140,-5,14,0,1,1,0,0,1,0,0,0
2026-03-27 21:37:40.552,985.067,1140,-5,15,0,1,1,0,0,1,0,0,0
2026-03-27 21:37:40.585,985.099,1140,-5,14,0,1,1,0,0,1,0,0,0
2026-03-27 21:37:40.587,985.101,1140,-3,14,0,1,1,0,0,1,0,0,0
2026-03-27 21:37:40.665,985.179,1139,-2,14,0,1,1,0,0,1,0,0,0
2026-03-27 21:37:40.761,985.275,1140,-5,15,0,1,1,0,0,1,0,0,0
2026-03-27 21:37:40.968,985.482,1140,-5,15,0,1,1,0,0,1,0,0,0
2026-03-27 21:37:41.033,985.547,1140,-4,15,0,1,1,0,0,1,0,0,0
2026-03-27 21:37:41.177,985.691,1140,-5,15,0,1,1,0,0,1,0,0,0
2026-03-27 21:37:41.336,985.850,1140,-5,14,0,1,1,0,0,1,0,0,0
2026-03-27 21:37:41.449,985.963,1138,-2,14,0,1,1,0,0,1,0,0,0
2026-03-27 21:37:41.529,986.043,1139,-5,15,0,1,1,0,0,1,0,0,0
2026-03-27 21:37:41.609,986.123,1138,-5,14,0,1,1,0,0,1,0,0,0
2026-03-27 21:37:41.753,986.267,1138,-5,14,0,1,1,0,0,1,0,0,0
2026-03-27 21:37:41.833,986.347,1138,-5,15,0,1,1,0,0,1,0,0,0
2026-03-27 21:37:41.913,986.427,1139,-5,15,0,1,1,0,0,1,0,0,0
2026-03-27 21:37:41.929,986.443,1138,-2,15,0,1,1,0,0,1,0,0,0
2026-03-27 21:37:42.041,986.555,1138,-5,15,0,1,1,0,0,1,0,0,0
2026-03-27 21:37:42.057,986.571,1137,-5,14,0,1,1,0,0,1,0,0,0
2026-03-27 21:37:42.137,986.651,1138,-5,14,0,1,1,0,0,1,0,0,0
2026-03-27 21:37:42.153,986.667,1139,-5,14,0,1,1,0,0,1,0,0,0
2026-03-27 21:37:42.280,986.795,1138,-5,14,0,1,1,0,0,1,0,0,0
2026-03-27 21:37:42.409,986.923,1138,-5,15,0,1,1,0,0,1,0,0,0
2026-03-27 21:37:42.411,986.925,1139,-4,15,0,1,1,0,0,1,0,0,0
2026-03-27 21:37:42.457,986.971,1139,-5,15,0,1,1,0,0,1,0,0,0
2026-03-27 21:37:42.553,987.067,1139,-5,15,0,1,1,0,0,1,0,0,0
2026-03-27 21:37:42.601,987.115,1139,-5,15,0,1,1,0,0,1,0,0,0
2026-03-27 21:37:42.745,987.259,1139,-5,15,0,1,1,0,0,1,0,0,0
2026-03-27 21:37:42.809,987.323,1139,-2,15,0,1,1,0,0,1,0,0,0
2026-03-27 21:37:42.985,987.499,1139,-5,15,0,1,1,0,0,1,0,0,0
2026-03-27 21:37:43.017,987.531,1139,-2,15,0,1,1,0,0,1,0,0,0
2026-03-27 21:37:43.144,987.658,1139,-5,14,0,1,1,0,0,1,0,0,0
2026-03-27 21:37:43.145,987.659,1139,-2,15,0,1,1,0,0,1,0,0,0
2026-03-27 21:37:43.225,987.739,1139,-5,15,0,1,1,0,0,1,0,0,0
2026-03-27 21:37:43.353,987.867,1139,-2,15,0,1,1,0,0,1,0,0,0
2026-03-27 21:37:43.368,987.882,1139,-5,15,0,1,1,0,0,1,0,0,0
2026-03-27 21:37:43.449,987.963,1139,-5,14,0,1,1,0,0,1,0,0,0
2026-03-27 21:37:43.594,988.108,1139,-5,15,0,1,1,0,0,1,0,0,0
2026-03-27 21:37:43.609,988.124,1139,-2,14,0,1,1,0,0,1,0,0,0
2026-03-27 21:37:43.721,988.235,1139,-5,14,0,1,1,0,0,1,0,0,0
2026-03-27 21:37:43.881,988.395,1138,-3,14,0,1,1,0,0,1,0,0,0
2026-03-27 21:37:43.912,988.426,1137,-5,14,0,1,1,0,0,1,0,0,0
2026-03-27 21:37:43.914,988.428,1137,-3,14,0,1,1,0,0,1,0,0,0
2026-03-27 21:37:44.040,988.554,1138,-5,15,0,1,1,0,0,1,0,0,0
2026-03-27 21:37:44.201,988.715,1138,-2,14,0,1,1,0,0,1,0,0,0
2026-03-27 21:37:44.203,988.717,1139,-2,14,0,1,1,0,0,1,0,0,0
2026-03-27 21:37:44.265,988.779,1139,-2,14,0,1,1,0,0,1,0,0,0
2026-03-27 21:37:44.457,988.971,1139,-5,14,0,1,1,0,0,1,0,0,0
2026-03-27 21:37:44.522,989.036,1139,-3,14,0,1,1,0,0,1,0,0,0
2026-03-27 21:37:44.523,989.037,1139,-2,14,0,1,1,0,0,1,0,0,0
2026-03-27 21:37:44.601,989.115,1138,-2,14,0,1,1,0,0,1,0,0,0
2026-03-27 21:37:44.745,989.259,1139,-2,15,0,1,1,0,0,1,0,0,0
2026-03-27 21:37:44.825,989.339,1139,-5,14,0,1,1,0,0,1,0,0,0
2026-03-27 21:37:44.904,989.419,1139,-2,14,0,1,1,0,0,1,0,0,0
2026-03-27 21:37:44.969,989.483,1139,-2,14,0,1,1,0,0,1,0,0,0
2026-03-27 21:37:44.971,989.485,1139,-5,14,0,1,1,0,0,1,0,0,0
2026-03-27 21:37:45.097,989.611,1139,-4,14,0,1,1,0,0,1,0,0,0
2026-03-27 21:37:45.241,989.755,1140,-5,14,0,1,1,0,0,1,0,0,0
2026-03-27 21:37:45.352,989.866,1139,-2,15,0,1,1,0,0,1,0,0,0
2026-03-27 21:37:45.353,989.868,1139,-2,14,0,1,1,0,0,1,0,0,0
2026-03-27 21:37:45.355,989.870,1139,-2,14,0,1,1,0,0,1,0,0,0
2026-03-27 21:37:45.497,990.011,1139,-2,15,0,1,1,0,0,1,0,0,0
2026-03-27 21:37:45.609,990.123,1139,-5,15,0,1,1,0,0,1,0,0,0
2026-03-27 21:37:45.611,990.125,1139,-5,14,0,1,1,0,0,1,0,0,0
2026-03-27 21:37:45.673,990.187,1139,-5,15,0,1,1,0,0,1,0,0,0
2026-03-27 21:37:45.675,990.189,1140,-2,15,0,1,1,0,0,1,0,0,0
2026-03-27 21:37:45.816,990.331,1140,-3,15,0,1,1,0,0,1,0,0,0
2026-03-27 21:37:45.819,990.333,1139,-2,15,0,1,1,0,0,1,0,0,0
2026-03-27 21:37:45.945,990.460,1139,-2,15,0,1,1,0,0,1,0,0,0
2026-03-27 21:37:46.088,990.603,1139,-2,15,0,1,1,0,0,1,0,0,0
2026-03-27 21:37:46.120,990.635,1140,-5,15,0,1,1,0,0,1,0,0,0
2026-03-27 21:37:46.200,990.715,1140,-5,14,0,1,1,0,0,1,0,0,0
2026-03-27 21:37:46.328,990.843,1140,-2,15,0,1,1,0,0,1,0,0,0
2026-03-27 21:37:46.361,990.875,1139,-2,15,0,1,1,0,0,1,0,0,0
2026-03-27 21:37:46.472,990.986,1140,-2,14,0,1,1,0,0,1,0,0,0
2026-03-27 21:37:46.649,991.163,1140,-5,12,0,1,1,0,0,1,0,0,0
2026-03-27 21:37:46.760,991.274,1140,-5,15,0,1,1,0,0,1,0,0,0
2026-03-27 21:37:46.856,991.370,1140,-2,14,0,1,1,0,0,1,0,0,0
2026-03-27 21:37:46.874,991.388,1140,-5,12,0,1,1,0,0,1,0,0,0
2026-03-27 21:37:47.016,991.530,1140,-5,15,0,1,1,0,0,1,0,0,0
2026-03-27 21:37:47.033,991.547,1140,-5,15,0,1,1,0,0,1,0,0,0
2026-03-27 21:37:47.080,991.595,1140,-2,15,0,1,1,0,0,1,0,0,0
2026-03-27 21:37:47.192,991.707,1142,-5,15,0,1,1,0,0,1,0,0,0
2026-03-27 21:37:47.272,991.786,1141,-4,15,0,1,1,0,0,1,0,0,0
2026-03-27 21:37:47.273,991.787,1142,-5,15,0,1,1,0,0,1,0,0,0
2026-03-27 21:37:47.401,991.915,1142,-2,15,0,1,1,0,0,1,0,0,0
2026-03-27 21:37:47.513,992.027,1141,-2,15,0,1,1,0,0,1,0,0,0
2026-03-27 21:37:47.640,992.155,1141,-2,15,0,1,1,0,0,1,0,0,0
2026-03-27 21:37:47.722,992.236,1141,-2,15,0,1,1,0,0,1,0,0,0
2026-03-27 21:37:47.880,992.394,1141,-2,15,0,1,1,0,0,1,0,0,0
2026-03-27 21:37:47.944,992.459,1141,-2,14,0,1,1,0,0,1,0,0,0
2026-03-27 21:37:48.057,992.571,1141,-2,15,0,1,1,0,0,1,0,0,0
2026-03-27 21:37:48.059,992.573,1140,-2,14,0,1,1,0,0,1,0,0,0
2026-03-27 21:37:48.121,992.635,1141,-2,14,0,1,1,0,0,1,0,0,0
2026-03-27 21:37:48.265,992.779,1140,-5,15,0,1,1,0,0,1,0,0,0
2026-03-27 21:37:48.409,992.923,1141,-5,14,0,1,1,0,0,1,0,0,0
2026-03-27 21:37:48.472,992.986,1140,-2,14,0,1,1,0,0,1,0,0,0
2026-03-27 21:37:48.585,993.099,1140,-2,14,0,1,1,0,0,1,0,0,0
2026-03-27 21:37:48.697,993.211,1141,-2,15,0,1,1,0,0,1,0,0,0
2026-03-27 21:37:48.760,993.274,1140,-5,14,0,1,1,0,0,1,0,0,0
2026-03-27 21:37:48.889,993.403,1141,-4,15,0,1,1,0,0,1,0,0,0
2026-03-27 21:37:48.968,993.482,1141,-2,15,0,1,1,0,0,1,0,0,0
2026-03-27 21:37:49.081,993.595,1140,-2,14,0,1,1,0,0,1,0,0,0
2026-03-27 21:37:49.128,993.642,1141,-4,15,0,1,1,0,0,1,0,0,0
2026-03-27 21:37:49.224,993.738,1140,-2,15,0,1,1,0,0,1,0,0,0
2026-03-27 21:37:49.240,993.754,1140,-2,14,0,1,1,0,0,1,0,0,0
2026-03-27 21:37:49.242,993.756,1141,-2,15,0,1,1,0,0,1,0,0,0
2026-03-27 21:37:49.368,993.883,1141,-5,15,0,1,1,0,0,1,0,0,0
2026-03-27 21:37:49.529,994.043,1140,-5,15,0,1,1,0,0,1,0,0,0
2026-03-27 21:37:49.593,994.107,1141,-5,15,0,1,1,0,0,1,0,0,0
2026-03-27 21:37:49.672,994.186,1141,-2,15,0,1,1,0,0,1,0,0,0
2026-03-27 21:37:49.689,994.203,1141,-2,15,0,1,1,0,0,1,0,0,0
2026-03-27 21:37:49.848,994.362,1141,-4,15,0,1,1,0,0,1,0,0,0
2026-03-27 21:37:49.928,994.442,1140,-5,15,0,1,1,0,0,1,0,0,0
2026-03-27 21:37:50.008,994.522,1141,-2,15,0,1,1,0,0,1,0,0,0
2026-03-27 21:37:50.088,994.602,1140,-5,15,0,1,1,0,0,1,0,0,0
2026-03-27 21:37:50.184,994.698,1142,-2,15,0,1,1,0,0,1,0,0,0
2026-03-27 21:37:50.329,994.843,1141,-5,14,0,1,1,0,0,1,0,0,0
2026-03-27 21:37:50.331,994.845,1140,-2,15,0,1,1,0,0,1,0,0,0
2026-03-27 21:37:50.424,994.939,1141,-5,15,0,1,1,0,0,1,0,0,0
2026-03-27 21:37:50.442,994.956,1140,-2,14,0,1,1,0,0,1,0,0,0
2026-03-27 21:37:50.537,995.051,1140,-2,15,0,1,1,0,0,1,0,0,0
2026-03-27 21:37:50.538,995.052,1140,-2,14,0,1,0,0,0,0,0,0,0
2026-03-27 21:37:50.540,995.054,1140,-2,15,0,1,1,0,0,1,0,0,0
2026-03-27 21:37:50.681,995.195,1140,-2,15,0,1,1,0,0,1,0,0,0
2026-03-27 21:37:50.761,995.275,1141,-2,15,0,1,1,0,0,1,0,0,0
2026-03-27 21:37:50.763,995.277,1140,-2,15,0,1,1,0,0,1,0,0,0
2026-03-27 21:37:50.840,995.354,1140,-2,15,0,1,1,0,0,1,0,0,0
2026-03-27 21:37:50.920,995.434,1140,-5,15,0,1,1,0,0,1,0,0,0
2026-03-27 21:37:51.017,995.531,1141,-2,14,0,1,1,0,0,1,0,0,0
2026-03-27 21:37:51.176,995.690,1140,-5,15,0,1,1,0,0,1,0,0,0
2026-03-27 21:37:51.177,995.691,1141,-5,15,0,1,1,0,0,1,0,0,0
2026-03-27 21:37:51.178,995.692,11400,0,0,0,0,0,0,0,1,0,0,0
2026-03-27 21:37:51.288,995.802,1140,-5,15,0,1,1,0,0,1,0,0,0
2026-03-27 21:37:51.290,995.804,1141,-4,14,0,1,1,0,0,1,0,0,0
2026-03-27 21:37:51.353,995.867,1140,-5,14,0,1,1,0,0,1,0,0,0
2026-03-27 21:37:51.354,995.869,1140,-5,14,0,1,1,0,0,1,0,0,0
2026-03-27 21:37:51.496,996.010,1141,-2,15,0,1,1,0,0,1,0,0,0
2026-03-27 21:37:51.497,996.011,1141,-2,15,0,1,1,0,0,1,0,0,0
2026-03-27 21:37:51.576,996.090,1141,-5,15,0,1,1,0,0,1,0,0,0
2026-03-27 21:37:51.688,996.202,1140,-2,15,0,1,1,0,0,1,0,0,0
2026-03-27 21:37:51.816,996.330,1141,-2,15,0,1,1,0,0,1,0,0,0
2026-03-27 21:37:51.880,996.394,1140,-2,14,0,1,1,0,0,1,0,0,0
2026-03-27 21:37:51.896,996.410,1140,-2,15,0,1,1,0,0,1,0,0,0
2026-03-27 21:37:51.897,996.412,1140,-5,14,0,1,1,0,0,1,0,0,0
2026-03-27 21:37:52.056,996.570,1140,-5,15,0,1,1,0,0,1,0,0,0
2026-03-27 21:37:52.104,996.618,1140,-5,15,0,1,1,0,0,1,0,0,0
2026-03-27 21:37:52.120,996.634,1140,-5,14,0,1,1,0,0,1,0,0,0
2026-03-27 21:37:52.249,996.763,1142,-5,15,0,1,1,0,0,1,0,0,0
2026-03-27 21:37:52.408,996.922,1141,-2,15,0,1,1,0,0,1,0,0,0
2026-03-27 21:37:52.409,996.924,1141,-2,15,0,1,1,0,0,1,0,0,0
2026-03-27 21:37:52.410,996.924,0,0,0,0,0,0,0,0,0,0,0,0
2026-03-27 21:37:52.411,996.926,1141,-5,15,0,1,1,0,0,1,0,0,0
2026-03-27 21:37:52.456,996.971,1141,-5,15,0,1,1,0,0,1,0,0,0
2026-03-27 21:37:52.552,997.066,1140,-5,15,0,1,1,0,0,1,0,0,0
2026-03-27 21:37:52.664,997.178,1140,-5,15,0,1,1,0,0,1,0,0,0
2026-03-27 21:37:52.776,997.290,1141,-5,15,0,1,1,0,0,1,0,0,0
2026-03-27 21:37:52.840,997.354,1140,-2,15,0,1,1,0,0,1,0,0,0
2026-03-27 21:37:52.856,997.370,1140,-2,15,0,1,1,0,0,1,0,0,0
2026-03-27 21:37:52.968,997.482,1141,-2,15,0,1,1,0,0,1,0,0,0
2026-03-27 21:37:53.080,997.594,1140,-5,15,0,1,1,0,0,1,0,0,0
2026-03-27 21:37:53.255,997.770,1140,-4,15,0,1,1,0,0,1,0,0,0
2026-03-27 21:37:53.304,997.818,1140,-2,14,0,1,1,0,0,1,0,0,0
2026-03-27 21:37:53.306,997.820,1141,-5,14,0,1,1,0,0,1,0,0,0
2026-03-27 21:37:53.384,997.898,1140,-2,15,0,1,1,0,0,1,0,0,0
2026-03-27 21:37:53.464,997.979,1140,-5,15,0,1,1,0,0,1,0,0,0
2026-03-27 21:37:53.561,998.075,1141,-5,15,0,1,1,0,0,1,0,0,0
2026-03-27 21:37:53.671,998.186,1140,-5,15,0,1,1,0,0,1,0,0,0
2026-03-27 21:37:53.848,998.362,1140,-4,15,0,1,1,0,0,1,0,0,0
2026-03-27 21:37:53.928,998.442,1141,-2,15,0,1,1,0,0,1,0,0,0
2026-03-27 21:37:54.248,998.763,1140,-4,15,0,1,1,0,0,1,0,0,0
2026-03-27 21:37:54.392,998.906,1140,-2,14,0,1,1,0,0,1,0,0,0
2026-03-27 21:37:54.394,998.908,1141,-2,15,0,1,1,0,0,1,0,0,0
2026-03-27 21:37:54.456,998.971,1141,-2,15,0,1,1,0,0,1,0,0,0
2026-03-27 21:37:54.457,998.972,1140,-5,15,0,0,0,0,0,0,0,0,0
2026-03-27 21:37:54.459,998.973,1140,-5,15,0,1,1,0,0,1,0,0,0
2026-03-27 21:37:54.521,999.035,1140,-5,15,0,1,1,0,0,1,0,0,0
2026-03-27 21:37:54.632,999.146,1140,-5,15,0,1,1,0,0,1,0,0,0
2026-03-27 21:37:54.745,999.259,1140,-5,14,0,1,1,0,0,1,0,0,0
2026-03-27 21:37:54.824,999.338,1140,-2,15,0,1,1,0,0,1,0,0,0
2026-03-27 21:37:54.827,999.341,1140,-5,15,0,1,1,0,0,1,0,0,0
2026-03-27 21:37:54.984,999.498,1140,-4,15,0,1,1,0,0,1,0,0,0
2026-03-27 21:37:55.080,999.595,1140,-2,15,0,1,1,0,0,1,0,0,0
2026-03-27 21:37:55.113,999.627,1140,-5,15,0,1,1,0,0,1,0,0,0
2026-03-27 21:37:55.224,999.738,1140,-5,15,0,1,1,0,0,1,0,0,0
2026-03-27 21:37:55.416,999.930,1140,-5,14,0,1,1,0,0,1,0,0,0
2026-03-27 21:37:55.512,1000.026,1140,-5,15,0,1,1,0,0,1,0,0,0
2026-03-27 21:37:55.514,1000.028,1140,-5,14,0,1,1,0,0,1,0,0,0
2026-03-27 21:37:55.560,1000.074,1140,-5,15,0,1,1,0,0,1,0,0,0
2026-03-27 21:37:55.928,1000.443,1140,-5,14,0,1,1,0,0,1,0,0,0
2026-03-27 21:37:56.057,1000.571,1140,-5,15,0,1,1,0,0,1,0,0,0
2026-03-27 21:37:56.169,1000.683,1140,-2,15,0,1,1,0,0,1,0,0,0
2026-03-27 21:37:56.233,1000.747,1141,-2,14,0,1,1,0,0,1,0,0,0
2026-03-27 21:37:56.249,1000.763,1143,-5,15,0,1,1,0,0,1,0,0,0
2026-03-27 21:37:56.520,1001.034,1144,-1,15,0,1,1,0,0,1,0,0,0
2026-03-27 21:37:56.632,1001.146,1143,-5,15,0,1,1,0,0,1,0,0,0
2026-03-27 21:37:56.760,1001.274,1144,-5,15,0,1,1,0,0,1,0,0,0
2026-03-27 21:37:56.872,1001.386,1143,-2,15,0,1,1,0,0,1,0,0,0
2026-03-27 21:37:56.984,1001.498,1142,-2,15,0,1,1,0,0,1,0,0,0
2026-03-27 21:37:57.128,1001.642,1141,-2,14,0,1,1,0,0,1,0,0,0
2026-03-27 21:37:57.207,1001.722,1141,-2,15,0,1,1,0,0,1,0,0,0
2026-03-27 21:37:57.224,1001.738,1141,-5,14,0,1,1,0,0,1,0,0,0
2026-03-27 21:37:57.368,1001.882,1142,-2,15,0,1,1,0,0,1,0,0,0
2026-03-27 21:37:57.496,1002.010,1141,-2,14,0,1,1,0,0,1,0,0,0
2026-03-27 21:37:57.544,1002.058,1142,-2,15,0,1,1,0,0,1,0,0,0
2026-03-27 21:37:57.656,1002.170,1142,-2,15,0,1,1,0,0,1,0,0,0
2026-03-27 21:37:57.768,1002.282,1141,-5,15,0,1,1,0,0,1,0,0,0
2026-03-27 21:37:57.832,1002.346,1140,-2,15,0,1,1,0,0,1,0,0,0
2026-03-27 21:37:57.992,1002.506,1139,-4,15,0,1,1,0,0,1,0,0,0
2026-03-27 21:37:57.993,1002.507,1139,-4,15,0,1,1,0,0,1,0,0,0
2026-03-27 21:37:58.119,1002.633,1139,-2,15,0,1,1,0,0,1,0,0,0
2026-03-27 21:37:58.121,1002.635,1140,-2,15,0,1,1,0,0,1,0,0,0
2026-03-27 21:37:58.122,1002.636,1139,-4,15,0,1,1,0,0,1,0,0,0
2026-03-27 21:37:58.232,1002.746,1139,-4,15,0,1,1,0,0,1,0,0,0
2026-03-27 21:37:58.296,1002.810,1140,-5,15,0,1,1,0,0,1,0,0,0
2026-03-27 21:37:58.312,1002.826,1140,-5,15,0,1,1,0,0,1,0,0,0
2026-03-27 21:37:58.425,1002.939,1139,-5,14,0,1,1,0,0,1,0,0,0
2026-03-27 21:37:58.427,1002.941,1138,-2,14,0,1,1,0,0,1,0,0,0
2026-03-27 21:37:58.552,1003.066,1138,-3,14,0,1,1,0,0,1,0,0,0
2026-03-27 21:37:58.664,1003.178,1138,-3,14,0,1,1,0,0,1,0,0,0
2026-03-27 21:37:58.792,1003.307,1138,-5,14,0,1,1,0,0,1,0,0,0
2026-03-27 21:37:58.872,1003.386,1139,-3,14,0,1,1,0,0,1,0,0,0
2026-03-27 21:37:58.983,1003.497,1141,-4,15,0,1,1,0,0,1,0,0,0
2026-03-27 21:37:58.999,1003.513,1141,-5,15,0,1,1,0,0,1,0,0,0
2026-03-27 21:37:59.160,1003.674,1142,-2,15,0,1,1,0,0,1,0,0,0
2026-03-27 21:37:59.161,1003.675,1142,-2,15,0,1,1,0,0,1,0,0,0
2026-03-27 21:37:59.272,1003.786,1141,-2,15,0,1,1,0,0,1,0,0,0
2026-03-27 21:37:59.274,1003.788,1140,-5,15,0,1,1,0,0,1,0,0,0
2026-03-27 21:37:59.336,1003.850,1140,-4,15,0,1,1,0,0,1,0,0,0
2026-03-27 21:37:59.480,1003.995,1139,-5,15,0,1,1,0,0,1,0,0,0
2026-03-27 21:37:59.592,1004.106,1140,-2,15,0,1,1,0,0,1,0,0,0
2026-03-27 21:37:59.672,1004.186,1140,-5,15,0,1,1,0,0,1,0,0,0
2026-03-27 21:37:59.767,1004.281,1139,-2,14,0,1,1,0,0,1,0,0,0
2026-03-27 21:37:59.769,1004.283,1139,-5,15,0,1,1,0,0,1,0,0,0
2026-03-27 21:37:59.928,1004.442,1139,-5,14,0,1,1,0,0,1,0,0,0
2026-03-27 21:38:00.055,1004.569,1136,-5,14,0,1,1,0,0,1,0,0,0
2026-03-27 21:38:00.056,1004.571,1137,-5,14,0,1,1,0,0,1,0,0,0
2026-03-27 21:38:00.151,1004.665,1138,-5,14,0,1,1,0,0,1,0,0,0
2026-03-27 21:38:00.153,1004.667,1139,-5,14,0,1,1,0,0,1,0,0,0
2026-03-27 21:38:00.184,1004.698,1139,-5,14,0,1,1,0,0,1,0,0,0
2026-03-27 21:38:00.296,1004.810,1139,-2,14,0,1,1,0,0,1,0,0,0
2026-03-27 21:38:00.297,1004.811,1139,-2,14,0,1,1,0,0,1,0,0,0
2026-03-27 21:38:00.376,1004.890,1140,-5,15,0,1,1,0,0,1,0,0,0
2026-03-27 21:38:00.392,1004.906,1139,-5,15,0,1,1,0,0,1,0,0,0
2026-03-27 21:38:00.520,1005.034,1139,-5,14,0,1,1,0,0,1,0,0,0
2026-03-27 21:38:00.599,1005.113,1139,-5,14,0,1,1,0,0,1,0,0,0
2026-03-27 21:38:00.616,1005.130,1139,-5,14,0,1,1,0,0,1,0,0,0
2026-03-27 21:38:00.696,1005.210,1139,-5,15,0,1,1,0,0,1,0,0,0
2026-03-27 21:38:00.697,1005.211,1139,-5,14,0,1,1,0,0,1,0,0,0
2026-03-27 21:38:00.775,1005.290,1139,-5,15,0,1,1,0,0,1,0,0,0
2026-03-27 21:38:00.856,1005.370,1139,-5,14,0,1,1,0,0,1,0,0,0
2026-03-27 21:38:00.951,1005.466,1140,-5,15,0,1,1,0,0,1,0,0,0
2026-03-27 21:38:01.031,1005.545,1139,-5,14,0,1,1,0,0,1,0,0,0
2026-03-27 21:38:01.033,1005.547,1140,-5,14,0,1,1,0,0,1,0,0,0
2026-03-27 21:38:01.160,1005.674,1143,-5,14,0,1,1,0,0,1,0,0,0
2026-03-27 21:38:01.271,1005.785,1141,-5,14,0,1,1,0,0,1,0,0,0
2026-03-27 21:38:01.320,1005.834,1139,-5,14,0,1,1,0,0,1,0,0,0
2026-03-27 21:38:01.416,1005.930,1139,-2,15,0,1,1,0,0,1,0,0,0
2026-03-27 21:38:01.560,1006.074,1139,-2,15,0,1,1,0,0,1,0,0,0
2026-03-27 21:38:01.640,1006.154,1139,-5,14,0,1,1,0,0,1,0,0,0
2026-03-27 21:38:01.688,1006.202,1139,-5,15,0,1,1,0,0,1,0,0,0
2026-03-27 21:38:01.880,1006.394,1139,-5,15,0,1,1,0,0,1,0,0,0
2026-03-27 21:38:01.943,1006.457,1139,-2,15,0,1,1,0,0,1,0,0,0
2026-03-27 21:38:02.039,1006.554,1139,-5,14,0,1,1,0,0,1,0,0,0
2026-03-27 21:38:02.135,1006.649,1139,-5,14,0,1,1,0,0,1,0,0,0
2026-03-27 21:38:02.200,1006.714,1139,-5,14,0,1,1,0,0,1,0,0,0
2026-03-27 21:38:02.215,1006.730,1140,-5,14,0,1,1,0,0,1,0,0,0
2026-03-27 21:38:02.409,1006.923,1139,-5,14,0,1,1,0,0,1,0,0,0
2026-03-27 21:38:02.472,1006.986,1139,-5,15,0,1,1,0,0,1,0,0,0
2026-03-27 21:38:02.584,1007.098,1139,-5,14,0,1,1,0,0,1,0,0,0
2026-03-27 21:38:02.696,1007.210,1140,-5,14,0,1,1,0,0,1,0,0,0
2026-03-27 21:38:02.855,1007.370,1140,-2,14,0,1,1,0,0,1,0,0,0
2026-03-27 21:38:02.887,1007.402,1140,-5,15,0,1,1,0,0,1,0,0,0
2026-03-27 21:38:03.063,1007.578,1140,-5,15,0,1,1,0,0,1,0,0,0
2026-03-27 21:38:03.175,1007.689,1139,-2,14,0,1,1,0,0,1,0,0,0
2026-03-27 21:38:03.319,1007.833,1139,-5,15,0,1,1,0,0,1,0,0,0
2026-03-27 21:38:03.431,1007.946,1139,-5,14,0,1,1,0,0,1,0,0,0
2026-03-27 21:38:03.479,1007.994,1139,-3,14,0,1,1,0,0,1,0,0,0
2026-03-27 21:38:03.575,1008.089,1139,-3,14,0,1,1,0,0,1,0,0,0
2026-03-27 21:38:03.577,1008.091,1139,-2,14,0,1,1,0,0,1,0,0,0
2026-03-27 21:38:03.640,1008.154,1139,-2,14,0,1,1,0,0,1,0,0,0
2026-03-27 21:38:03.735,1008.249,1139,-5,14,0,1,1,0,0,1,0,0,0
2026-03-27 21:38:03.944,1008.458,1140,-2,14,0,1,1,0,0,1,0,0,0
2026-03-27 21:38:03.991,1008.506,1139,-5,14,0,1,1,0,0,1,0,0,0
2026-03-27 21:38:04.103,1008.617,1139,-5,15,0,1,1,0,0,1,0,0,0
2026-03-27 21:38:04.231,1008.746,1139,-5,14,0,1,1,0,0,1,0,0,0
2026-03-27 21:38:04.375,1008.889,1139,-5,14,0,1,1,0,0,1,0,0,0
2026-03-27 21:38:04.392,1008.906,1140,-5,15,0,1,1,0,0,1,0,0,0
2026-03-27 21:38:04.456,1008.970,1141,-5,14,0,1,1,0,0,1,0,0,0
2026-03-27 21:38:04.583,1009.098,1142,-5,14,0,1,1,0,0,1,0,0,0
2026-03-27 21:38:04.696,1009.210,1142,-5,14,0,1,1,0,0,1,0,0,0
2026-03-27 21:38:04.697,1009.211,1142,-5,14,0,1,1,0,0,1,0,0,0
2026-03-27 21:38:04.743,1009.258,1141,-2,14,0,1,1,0,0,1,0,0,0
2026-03-27 21:38:04.840,1009.354,1140,-3,14,0,1,1,0,0,1,0,0,0
2026-03-27 21:38:04.952,1009.466,1139,-2,11,0,1,1,0,0,1,0,0,0
2026-03-27 21:38:04.954,1009.468,1139,-2,14,0,1,1,0,0,1,0,0,0
2026-03-27 21:38:05.064,1009.578,1139,-2,14,0,1,1,0,0,1,0,0,0
2026-03-27 21:38:05.065,1009.579,1139,-2,14,0,1,0,0,0,0,0,0,0
2026-03-27 21:38:05.176,1009.690,1139,-2,14,0,1,1,0,0,1,0,0,0
2026-03-27 21:38:05.192,1009.706,1139,-2,15,0,1,1,0,0,1,0,0,0
2026-03-27 21:38:05.224,1009.738,1140,-5,15,0,1,1,0,0,1,0,0,0
2026-03-27 21:38:05.431,1009.945,1139,-5,15,0,1,1,0,0,1,0,0,0
2026-03-27 21:38:05.464,1009.978,1139,-5,14,0,1,1,0,0,1,0,0,0
2026-03-27 21:38:05.528,1010.042,1139,-5,14,0,1,1,0,0,1,0,0,0
2026-03-27 21:38:05.530,1010.044,1139,-2,14,0,1,1,0,0,1,0,0,0
2026-03-27 21:38:05.640,1010.154,1139,-2,14,0,1,1,0,0,1,0,0,0
2026-03-27 21:38:05.799,1010.313,1139,-5,14,0,1,1,0,0,1,0,0,0
2026-03-27 21:38:05.896,1010.410,1139,-5,14,0,1,1,0,0,1,0,0,0
2026-03-27 21:38:05.897,1010.411,1140,-5,14,0,1,1,0,0,1,0,0,0
2026-03-27 21:38:06.071,1010.586,1139,-5,14,0,1,1,0,0,1,0,0,0
2026-03-27 21:38:06.073,1010.587,1139,-5,14,0,1,1,0,0,1,0,0,0
2026-03-27 21:38:06.074,1010.589,,,,,,,,,,,,
2026-03-27 21:38:06.119,1010.633,1140,-2,14,0,1,1,0,0,1,0,0,0
2026-03-27 21:38:06.120,1010.635,1141,-2,14,0,1,1,0,0,1,0,0,0
2026-03-27 21:38:06.200,1010.714,1141,-5,14,0,1,1,0,0,1,0,0,0
2026-03-27 21:38:06.311,1010.826,1140,-5,14,0,1,1,0,0,1,0,0,0
2026-03-27 21:38:06.471,1010.985,1140,-5,14,0,1,1,0,0,1,0,0,0
2026-03-27 21:38:06.473,1010.987,1140,-5,14,0,1,1,0,0,1,0,0,0
2026-03-27 21:38:06.600,1011.114,1141,-2,14,0,1,1,0,0,1,0,0,0
2026-03-27 21:38:06.664,1011.178,1140,-2,14,0,1,1,0,0,1,0,0,0
2026-03-27 21:38:06.681,1011.195,1141,-2,14,0,1,1,0,0,1,0,0,0
2026-03-27 21:38:06.760,1011.274,1143,-2,14,0,1,1,0,0,1,0,0,0
2026-03-27 21:38:06.887,1011.401,1142,-5,14,0,1,1,0,0,1,0,0,0
2026-03-27 21:38:06.889,1011.403,1143,-5,14,0,1,1,0,0,1,0,0,0
2026-03-27 21:38:06.903,1011.417,1141,-5,14,0,1,1,0,0,1,0,0,0
2026-03-27 21:38:06.904,1011.419,1141,-5,14,0,1,1,0,0,1,0,0,0
2026-03-27 21:38:06.920,1011.434,1141,-2,14,0,1,1,0,0,1,0,0,0
2026-03-27 21:38:07.080,1011.594,1141,-5,14,0,1,1,0,0,1,0,0,0
2026-03-27 21:38:07.096,1011.610,1141,-5,14,0,1,1,0,0,1,0,0,0
2026-03-27 21:38:07.159,1011.673,1141,-2,14,0,1,1,0,0,1,0,0,0
2026-03-27 21:38:07.161,1011.675,1141,-3,14,0,1,1,0,0,1,0,0,0
2026-03-27 21:38:07.163,1011.677,1141,-5,14,0,1,1,0,0,1,0,0,0
2026-03-27 21:38:07.272,1011.786,1141,-2,14,0,1,1,0,0,1,0,0,0
2026-03-27 21:38:07.287,1011.801,1142,-3,14,0,1,1,0,0,1,0,0,0
2026-03-27 21:38:07.416,1011.930,1142,-5,14,0,1,1,0,0,1,0,0,0
2026-03-27 21:38:07.495,1012.009,1142,-5,14,0,1,1,0,0,1,0,0,0
2026-03-27 21:38:07.671,1012.186,1141,-5,14,0,1,1,0,0,1,0,0,0
2026-03-27 21:38:07.674,1012.188,1140,-5,14,0,1,1,0,0,1,0,0,0
2026-03-27 21:38:07.783,1012.297,1141,-5,14,0,1,1,0,0,1,0,0,0
2026-03-27 21:38:07.863,1012.378,1142,-5,14,0,1,1,0,0,1,0,0,0
2026-03-27 21:38:07.991,1012.505,1141,-2,14,0,1,1,0,0,1,0,0,0
2026-03-27 21:38:08.151,1012.665,1141,-3,14,0,1,1,0,0,1,0,0,0
2026-03-27 21:38:08.152,1012.666,1141,-2,14,0,1,1,0,0,1,0,0,0
2026-03-27 21:38:08.167,1012.681,1141,4,0,0,1,1,0,0,1,0,0,0
2026-03-27 21:38:08.215,1012.729,1141,-5,14,0,1,1,0,0,1,0,0,0
2026-03-27 21:38:08.392,1012.906,1140,-5,14,0,1,1,0,0,1,0,0,0
2026-03-27 21:38:08.408,1012.923,1140,-5,14,0,1,1,0,0,1,0,0,0
2026-03-27 21:38:08.439,1012.953,1140,-5,14,0,1,1,0,0,1,0,0,0
2026-03-27 21:38:08.519,1013.033,1140,-5,14,0,1,1,0,0,1,0,0,0
2026-03-27 21:38:08.521,1013.035,1140,-5,14,0,1,1,0,0,1,0,0,0
2026-03-27 21:38:08.632,1013.146,1139,-5,14,0,1,1,0,0,1,0,0,0
2026-03-27 21:38:08.695,1013.209,1141,-2,14,0,1,1,0,0,1,0,0,0
2026-03-27 21:38:08.711,1013.225,1141,-2,14,0,1,1,0,0,1,0,0,0
2026-03-27 21:38:08.823,1013.337,1140,-4,14,0,1,1,0,0,1,0,0,0
2026-03-27 21:38:08.839,1013.353,1141,-5,15,0,1,1,0,0,1,0,0,0
2026-03-27 21:38:08.984,1013.498,1140,-5,14,0,1,1,0,0,1,0,0,0
2026-03-27 21:38:09.047,1013.561,1139,-2,14,0,1,1,0,0,1,0,0,0
2026-03-27 21:38:09.048,1013.563,1139,-3,14,0,1,1,0,0,1,0,0,0
2026-03-27 21:38:09.176,1013.690,1140,-2,14,0,1,1,0,0,1,0,0,0
2026-03-27 21:38:09.335,1013.850,1140,-5,14,0,1,1,0,0,1,0,0,0
2026-03-27 21:38:09.400,1013.914,1141,-2,15,0,1,1,0,0,1,0,0,0
2026-03-27 21:38:09.527,1014.041,1141,-2,15,0,1,1,0,0,1,0,0,0
2026-03-27 21:38:09.639,1014.153,1140,-2,14,0,1,1,0,0,1,0,0,0
2026-03-27 21:38:09.640,1014.154,1140,-5,14,0,1,1,0,0,1,0,0,0
2026-03-27 21:38:09.783,1014.297,1140,-2,14,0,1,1,0,0,1,0,0,0
2026-03-27 21:38:09.800,1014.314,1140,-5,14,0,1,1,0,0,1,0,0,0
2026-03-27 21:38:09.927,1014.441,1140,-5,14,0,1,1,0,0,1,0,0,0
2026-03-27 21:38:10.071,1014.585,1140,-3,14,0,1,1,0,0,1,0,0,0
2026-03-27 21:38:10.184,1014.698,1141,-2,15,0,1,1,0,0,1,0,0,0
2026-03-27 21:38:10.295,1014.809,1140,-2,14,0,1,1,0,0,1,0,0,0
2026-03-27 21:38:10.407,1014.921,1140,-2,14,0,1,1,0,0,1,0,0,0
2026-03-27 21:38:10.424,1014.938,1140,-2,14,0,1,1,0,0,1,0,0,0
2026-03-27 21:38:10.487,1015.001,1139,-5,14,0,1,1,0,0,1,0,0,0
2026-03-27 21:38:10.583,1015.097,1140,-5,14,0,1,1,0,0,1,0,0,0
2026-03-27 21:38:10.663,1015.177,1140,-5,14,0,1,1,0,0,1,0,0,0
2026-03-27 21:38:10.775,1015.289,1140,-5,14,0,1,1,0,0,1,0,0,0
2026-03-27 21:38:10.951,1015.465,1139,-5,14,0,1,1,0,0,1,0,0,0
2026-03-27 21:38:10.968,1015.482,1140,-5,14,0,1,1,0,0,1,0,0,0
2026-03-27 21:38:11.047,1015.561,1139,-5,14,0,1,1,0,0,1,0,0,0
2026-03-27 21:38:11.049,1015.564,1140,-5,14,0,1,1,0,0,1,0,0,0
2026-03-27 21:38:11.159,1015.673,1140,-5,15,0,1,1,0,0,1,0,0,0
2026-03-27 21:38:11.161,1015.675,1140,-5,15,0,1,1,0,0,1,0,0,0
2026-03-27 21:38:11.416,1015.930,1140,-5,15,0,1,1,0,0,1,0,0,0
2026-03-27 21:38:11.544,1016.058,1140,-2,15,0,1,1,0,0,1,0,0,0
2026-03-27 21:38:11.671,1016.185,1140,-2,14,0,1,1,0,0,1,0,0,0
2026-03-27 21:38:11.784,1016.298,1139,-5,15,0,1,1,0,0,1,0,0,0
2026-03-27 21:38:11.847,1016.361,1139,-2,14,0,1,1,0,0,1,0,0,0
2026-03-27 21:38:11.863,1016.377,1140,-2,14,0,1,1,0,0,1,0,0,0
2026-03-27 21:38:12.007,1016.521,1140,-4,14,0,1,1,0,0,1,0,0,0
2026-03-27 21:38:12.135,1016.649,1140,-2,14,0,1,1,0,0,1,0,0,0
2026-03-27 21:38:12.136,1016.650,1140,-3,14,0,1,1,0,0,1,0,0,0
2026-03-27 21:38:12.263,1016.777,1140,-5,14,0,1,1,0,0,1,0,0,0
2026-03-27 21:38:12.266,1016.780,1140,-5,14,0,1,1,0,0,1,0,0,0
2026-03-27 21:38:12.392,1016.906,1140,-5,14,0,1,1,0,0,1,0,0,0
2026-03-27 21:38:12.471,1016.985,1140,-2,14,0,1,1,0,0,1,0,0,0
2026-03-27 21:38:12.567,1017.082,1140,-5,14,0,1,1,0,0,1,0,0,0
2026-03-27 21:38:12.599,1017.113,1140,-5,14,0,1,1,0,0,1,0,0,0
2026-03-27 21:38:12.711,1017.226,1140,-5,14,0,1,1,0,0,1,0,0,0
2026-03-27 21:38:12.871,1017.385,1140,-2,14,0,1,1,0,0,1,0,0,0
2026-03-27 21:38:12.872,1017.386,1140,-2,14,0,1,1,0,0,1,0,0,0
2026-03-27 21:38:13.047,1017.561,1140,-5,14,0,1,1,0,0,1,0,0,0
2026-03-27 21:38:13.095,1017.609,1140,-5,14,0,1,1,0,0,1,0,0,0
2026-03-27 21:38:13.097,1017.611,1140,-5,14,0,1,1,0,0,1,0,0,0
2026-03-27 21:38:13.191,1017.705,1140,-5,14,0,1,1,0,0,1,0,0,0
2026-03-27 21:38:13.303,1017.817,1141,-2,15,0,1,1,0,0,1,0,0,0
2026-03-27 21:38:13.319,1017.834,1141,-2,15,0,1,1,0,0,1,0,0,0
2026-03-27 21:38:13.399,1017.913,1140,-2,14,0,1,1,0,0,1,0,0,0
2026-03-27 21:38:13.479,1017.993,1140,-5,14,0,1,1,0,0,1,0,0,0
2026-03-27 21:38:13.495,1018.009,1140,-5,14,0,1,1,0,0,1,0,0,0
2026-03-27 21:38:13.543,1018.057,1140,-5,14,0,1,1,0,0,1,0,0,0
2026-03-27 21:38:13.687,1018.201,1140,-5,14,0,1,1,0,0,1,0,0,0
2026-03-27 21:38:13.735,1018.249,1141,-2,14,0,1,1,0,0,1,0,0,0
2026-03-27 21:38:13.751,1018.265,1141,-2,14,0,1,1,0,0,1,0,0,0
2026-03-27 21:38:13.863,1018.377,1140,-2,14,0,1,1,0,0,1,0,0,0
2026-03-27 21:38:13.975,1018.489,1139,-2,14,0,1,1,0,0,1,0,0,0
2026-03-27 21:38:14.039,1018.553,1141,-2,14,0,1,1,0,0,1,0,0,0
2026-03-27 21:38:14.135,1018.649,1140,-2,14,0,1,1,0,0,1,0,0,0
2026-03-27 21:38:14.152,1018.666,1140,-6,14,0,1,1,0,0,1,0,0,0
2026-03-27 21:38:14.231,1018.745,1140,-5,14,0,1,1,0,0,1,0,0,0
2026-03-27 21:38:14.551,1019.065,1139,-3,14,0,1,1,0,0,1,0,0,0
2026-03-27 21:38:14.631,1019.145,1140,-5,14,0,1,1,0,0,1,0,0,0
2026-03-27 21:38:14.727,1019.242,1140,-5,14,0,1,1,0,0,1,0,0,0
2026-03-27 21:38:14.823,1019.337,1140,-3,14,0,1,1,0,0,1,0,0,0
2026-03-27 21:38:14.919,1019.433,1140,-5,14,0,1,1,0,0,1,0,0,0
2026-03-27 21:38:15.143,1019.657,1140,-2,14,0,1,1,0,0,1,0,0,0
2026-03-27 21:38:15.270,1019.785,1139,-3,14,0,1,1,0,0,1,0,0,0
2026-03-27 21:38:15.286,1019.801,1140,-5,14,0,1,1,0,0,1,0,0,0
2026-03-27 21:38:15.303,1019.817,1141,-2,14,0,1,1,0,0,1,0,0,0
2026-03-27 21:38:15.319,1019.833,1141,-2,14,0,1,1,0,0,1,0,0,0
2026-03-27 21:38:15.447,1019.961,1141,-2,14,0,1,1,0,0,1,0,0,0
2026-03-27 21:38:15.575,1020.089,1140,-3,14,0,1,1,0,0,1,0,0,0
2026-03-27 21:38:15.639,1020.153,1139,-5,14,0,1,1,0,0,1,0,0,0
2026-03-27 21:38:15.783,1020.297,1140,-5,14,0,1,1,0,0,1,0,0,0
2026-03-27 21:38:15.815,1020.329,1139,-5,14,0,1,1,0,0,1,0,0,0
2026-03-27 21:38:15.878,1020.392,1139,-3,14,0,1,1,0,0,1,0,0,0
2026-03-27 21:38:15.895,1020.409,1139,-2,14,0,1,1,0,0,1,0,0,0
2026-03-27 21:38:16.040,1020.554,1139,-3,14,0,1,1,0,0,1,0,0,0
2026-03-27 21:38:16.151,1020.665,1139,-3,14,0,1,1,0,0,1,0,0,0
2026-03-27 21:38:16.279,1020.793,1139,-5,14,0,1,1,0,0,1,0,0,0
2026-03-27 21:38:16.408,1020.922,1139,-5,14,0,1,1,0,0,1,0,0,0
2026-03-27 21:38:16.410,1020.924,1139,-3,14,0,1,1,0,0,1,0,0,0
2026-03-27 21:38:16.454,1020.969,1139,-2,14,0,1,1,0,0,1,0,0,0
2026-03-27 21:38:16.457,1020.971,1140,-3,14,0,1,1,0,0,1,0,0,0
2026-03-27 21:38:16.552,1021.066,1140,-2,14,0,1,1,0,0,1,0,0,0
2026-03-27 21:38:16.648,1021.162,1140,-2,14,0,1,1,0,0,1,0,0,0
2026-03-27 21:38:16.710,1021.224,1140,-3,14,0,1,1,0,0,1,0,0,0
2026-03-27 21:38:16.839,1021.353,1139,-2,14,0,1,1,0,0,1,0,0,0
2026-03-27 21:38:16.840,1021.354,1139,-5,14,0,1,1,0,0,1,0,0,0
2026-03-27 21:38:16.951,1021.465,1140,-3,14,0,1,1,0,0,1,0,0,0
2026-03-27 21:38:17.047,1021.561,1139,-5,14,0,1,1,0,0,1,0,0,0
2026-03-27 21:38:17.190,1021.704,1140,-5,14,0,1,1,0,0,1,0,0,0
2026-03-27 21:38:17.191,1021.705,1140,-5,14,0,1,1,0,0,1,0,0,0
2026-03-27 21:38:17.303,1021.817,1140,-5,14,0,1,1,0,0,1,0,0,0
2026-03-27 21:38:17.383,1021.897,1140,-5,14,0,1,1,0,0,1,0,0,0
2026-03-27 21:38:17.671,1022.185,1139,-6,14,0,1,1,0,0,1,0,0,0
2026-03-27 21:38:17.734,1022.248,1140,-3,14,0,1,1,0,0,1,0,0,0
2026-03-27 21:38:17.736,1022.250,1139,-2,14,0,1,1,0,0,1,0,0,0
2026-03-27 21:38:17.783,1022.297,1140,-5,14,0,1,1,0,0,1,0,0,0
2026-03-27 21:38:17.975,1022.489,1140,-2,14,0,1,1,0,0,1,0,0,0
2026-03-27 21:38:18.023,1022.537,1140,-2,14,0,1,1,0,0,1,0,0,0
2026-03-27 21:38:18.038,1022.552,1139,-5,14,0,1,1,0,0,1,0,0,0
2026-03-27 21:38:18.167,1022.681,1139,-5,14,0,1,1,0,0,1,0,0,0
2026-03-27 21:38:18.263,1022.777,1140,-2,14,0,1,1,0,0,1,0,0,0
2026-03-27 21:38:18.280,1022.794,1140,-3,14,0,1,1,0,0,1,0,0,0
2026-03-27 21:38:18.391,1022.905,1140,-5,14,0,1,1,0,0,1,0,0,0
2026-03-27 21:38:18.487,1023.001,1140,-5,14,0,1,1,0,0,1,0,0,0
2026-03-27 21:38:18.631,1023.145,1139,-2,14,0,1,1,0,0,1,0,0,0
2026-03-27 21:38:18.759,1023.273,1140,-2,14,0,1,1,0,0,1,0,0,0
2026-03-27 21:38:18.839,1023.353,1140,-5,14,0,1,1,0,0,1,0,0,0
2026-03-27 21:38:18.935,1023.449,1139,-5,14,0,1,1,0,0,1,0,0,0
2026-03-27 21:38:19.047,1023.561,1139,-5,14,0,1,1,0,0,1,0,0,0
2026-03-27 21:38:19.479,1023.993,1139,-5,14,0,1,1,0,0,1,0,0,0
2026-03-27 21:38:19.559,1024.073,1139,-5,14,0,1,1,0,0,1,0,0,0
2026-03-27 21:38:19.607,1024.121,1139,-5,14,0,1,1,0,0,1,0,0,0
2026-03-27 21:38:19.735,1024.249,1139,-5,14,0,1,1,0,0,1,0,0,0
2026-03-27 21:38:19.895,1024.409,1139,-5,14,0,1,1,0,0,1,0,0,0
2026-03-27 21:38:19.959,1024.473,1139,-5,14,0,1,1,0,0,1,0,0,0
2026-03-27 21:38:20.039,1024.553,1139,-5,14,0,1,1,0,0,1,0,0,0
2026-03-27 21:38:20.151,1024.665,1139,-5,14,0,1,1,0,0,1,0,0,0
2026-03-27 21:38:20.247,1024.761,1139,-5,14,0,1,1,0,0,1,0,0,0
2026-03-27 21:38:20.310,1024.824,1139,-5,14,0,1,1,0,0,1,0,0,0
2026-03-27 21:38:20.407,1024.922,1140,-5,14,0,1,1,0,0,1,0,0,0
2026-03-27 21:38:20.535,1025.049,1140,-2,14,0,1,1,0,0,1,0,0,0
2026-03-27 21:38:20.551,1025.065,1140,-5,14,0,1,1,0,0,1,0,0,0
2026-03-27 21:38:20.935,1025.449,1139,-5,14,0,1,1,0,0,1,0,0,0
2026-03-27 21:38:21.110,1025.624,1139,-5,14,0,1,1,0,0,1,0,0,0
2026-03-27 21:38:21.113,1025.627,1139,-2,14,0,1,1,0,0,1,0,0,0
2026-03-27 21:38:21.207,1025.721,1139,-2,14,0,1,1,0,0,1,0,0,0
2026-03-27 21:38:21.303,1025.817,1141,-2,14,0,1,1,0,0,1,0,0,0
2026-03-27 21:38:21.383,1025.897,1140,-5,14,0,1,1,0,0,1,0,0,0
2026-03-27 21:38:21.495,1026.009,1140,-2,14,0,1,1,0,0,1,0,0,0
2026-03-27 21:38:21.543,1026.057,1140,-5,14,0,1,1,0,0,1,0,0,0
2026-03-27 21:38:21.671,1026.185,1140,-5,14,0,1,1,0,0,1,0,0,0
2026-03-27 21:38:21.783,1026.297,1140,-5,14,0,1,1,0,0,1,0,0,0
2026-03-27 21:38:21.847,1026.361,1139,-2,14,0,1,1,0,0,1,0,0,0
2026-03-27 21:38:21.864,1026.378,1139,-3,14,0,1,1,0,0,1,0,0,0
2026-03-27 21:38:21.895,1026.409,1139,-2,14,0,1,1,0,0,1,0,0,0
2026-03-27 21:38:22.086,1026.600,1139,-5,14,0,1,1,0,0,1,0,0,0
2026-03-27 21:38:22.087,1026.602,1139,-5,14,0,1,1,0,0,1,0,0,0
2026-03-27 21:38:22.151,1026.665,1140,-5,14,0,1,1,0,0,1,0,0,0
2026-03-27 21:38:22.246,1026.760,1140,-2,15,0,1,1,0,0,1,0,0,0
2026-03-27 21:38:22.390,1026.904,1139,-5,14,0,1,1,0,0,1,0,0,0
2026-03-27 21:38:22.391,1026.905,1139,-5,14,0,1,1,0,0,1,0,0,0
2026-03-27 21:38:22.454,1026.969,1139,-5,14,0,1,1,0,0,1,0,0,0
2026-03-27 21:38:22.599,1027.113,1140,-5,15,0,1,1,0,0,1,0,0,0
2026-03-27 21:38:22.662,1027.176,1139,-5,14,0,1,1,0,0,1,0,0,0
2026-03-27 21:38:22.663,1027.177,1140,-5,14,0,1,1,0,0,1,0,0,0
2026-03-27 21:38:22.679,1027.193,1140,-5,14,0,1,1,0,0,1,0,0,0
2026-03-27 21:38:22.774,1027.288,1140,-5,14,0,1,1,0,0,1,0,0,0
2026-03-27 21:38:22.887,1027.401,1141,-5,14,0,1,1,0,0,1,0,0,0
2026-03-27 21:38:23.095,1027.609,1140,-5,14,0,1,1,0,0,1,0,0,0
2026-03-27 21:38:23.142,1027.657,1140,-2,14,0,1,1,0,0,1,0,0,0
2026-03-27 21:38:23.158,1027.672,1140,-5,14,0,1,1,0,0,1,0,0,0
2026-03-27 21:38:23.254,1027.769,1140,-5,14,0,1,1,0,0,1,0,0,0
2026-03-27 21:38:23.257,1027.771,1139,-2,15,0,1,1,0,0,1,0,0,0
2026-03-27 21:38:23.351,1027.865,1139,-2,14,0,1,1,0,0,1,0,0,0
2026-03-27 21:38:23.382,1027.897,1138,-2,14,0,1,1,0,0,1,0,0,0
2026-03-27 21:38:23.462,1027.977,1138,-2,14,0,1,1,0,0,1,0,0,0
2026-03-27 21:38:23.575,1028.089,1138,-2,14,0,1,1,0,0,1,0,0,0
2026-03-27 21:38:23.702,1028.216,1138,-2,14,0,1,1,0,0,1,0,0,0
2026-03-27 21:38:23.703,1028.217,1139,-2,14,0,1,1,0,0,1,0,0,0
2026-03-27 21:38:23.799,1028.313,1139,-2,14,0,1,1,0,0,1,0,0,0
2026-03-27 21:38:23.927,1028.441,1138,-2,14,0,1,1,0,0,1,0,0,0
2026-03-27 21:38:23.928,1028.442,1138,-2,14,0,1,1,0,0,1,0,0,0
2026-03-27 21:38:24.055,1028.569,1139,-5,14,0,1,1,0,0,1,0,0,0
2026-03-27 21:38:24.102,1028.617,1139,-5,14,0,1,1,0,0,1,0,0,0
2026-03-27 21:38:24.104,1028.619,1138,-5,14,0,1,1,0,0,1,0,0,0
2026-03-27 21:38:24.279,1028.793,1138,-5,14,0,1,1,0,0,1,0,0,0
2026-03-27 21:38:24.311,1028.825,1138,-2,14,0,1,1,0,0,1,0,0,0
2026-03-27 21:38:24.438,1028.952,1139,-2,14,0,1,1,0,0,1,0,0,0
2026-03-27 21:38:24.439,1028.953,1139,-2,14,0,1,1,0,0,1,0,0,0
2026-03-27 21:38:24.518,1029.033,1139,-5,14,0,1,1,0,0,1,0,0,0
2026-03-27 21:38:24.615,1029.129,1140,-3,14,0,1,1,0,0,1,0,0,0
2026-03-27 21:38:24.807,1029.321,1139,-2,14,0,1,1,0,0,1,0,0,0
2026-03-27 21:38:24.808,1029.322,1140,-2,14,0,1,1,0,0,1,0,0,0
2026-03-27 21:38:24.809,1029.323,1140,0,0,0,0,0,0,0,1,0,0,0
2026-03-27 21:38:24.935,1029.449,1140,-2,14,0,1,1,0,0,1,0,0,0
2026-03-27 21:38:24.936,1029.450,1141,-5,15,0,1,1,0,0,1,0,0,0
2026-03-27 21:38:24.967,1029.481,1141,-2,14,0,1,1,0,0,1,0,0,0
2026-03-27 21:38:25.094,1029.608,1141,-5,14,0,1,1,0,0,1,0,0,0
2026-03-27 21:38:25.222,1029.736,1139,-2,14,0,1,1,0,0,1,0,0,0
2026-03-27 21:38:25.318,1029.832,1139,-5,14,0,1,1,0,0,1,0,0,0
2026-03-27 21:38:25.336,1029.851,1139,-5,14,0,1,1,0,0,1,0,0,0
2026-03-27 21:38:25.526,1030.040,1139,-5,14,0,1,1,0,0,1,0,0,0
2026-03-27 21:38:25.529,1030.043,1139,-5,14,0,1,1,0,0,1,0,0,0
2026-03-27 21:38:25.591,1030.105,1139,-5,14,0,1,1,0,0,1,0,0,0
2026-03-27 21:38:25.718,1030.232,1139,-2,14,0,1,1,0,0,1,0,0,0
2026-03-27 21:38:25.720,1030.235,1139,-2,14,0,1,1,0,0,1,0,0,0
2026-03-27 21:38:25.830,1030.345,1139,-2,14,0,1,1,0,0,1,0,0,0
2026-03-27 21:38:25.847,1030.361,1138,-5,14,0,1,1,0,0,1,0,0,0
2026-03-27 21:38:25.958,1030.472,1138,-2,14,0,1,1,0,0,1,0,0,0
2026-03-27 21:38:25.959,1030.473,1138,-2,14,0,1,1,0,0,1,0,0,0
2026-03-27 21:38:25.960,1030.474,1138,0,0,0,0,0,0,0,0,0,0,0
2026-03-27 21:38:25.961,1030.475,1138,-2,14,0,1,1,0,0,1,0,0,0
2026-03-27 21:38:26.103,1030.617,1138,-2,14,0,1,1,0,0,1,0,0,0
2026-03-27 21:38:26.215,1030.729,1138,-2,14,0,1,1,0,0,1,0,0,0
2026-03-27 21:38:26.294,1030.809,1139,-2,15,0,1,1,0,0,1,0,0,0
2026-03-27 21:38:26.375,1030.889,1139,-3,15,0,1,1,0,0,1,0,0,0
2026-03-27 21:38:26.454,1030.968,1140,-2,15,0,1,1,0,0,1,0,0,0
2026-03-27 21:38:26.455,1030.969,1140,-2,15,0,1,1,0,0,1,0,0,0
2026-03-27 21:38:26.582,1031.096,1140,-2,15,0,1,1,0,0,1,0,0,0
2026-03-27 21:38:26.790,1031.304,1140,-2,14,0,1,1,0,0,1,0,0,0
2026-03-27 21:38:26.919,1031.433,1139,-5,14,0,1,1,0,0,1,0,0,0
2026-03-27 21:38:26.951,1031.465,1139,-2,14,0,1,1,0,0,1,0,0,0
2026-03-27 21:38:27.030,1031.544,1139,-2,14,0,1,1,0,0,1,0,0,0
2026-03-27 21:38:27.190,1031.704,1139,-2,14,0,1,1,0,0,1,0,0,0
2026-03-27 21:38:27.238,1031.752,1139,-5,14,0,1,1,0,0,1,0,0,0
2026-03-27 21:38:27.350,1031.865,1139,-2,14,0,1,1,0,0,1,0,0,0
2026-03-27 21:38:27.575,1032.089,1139,-2,14,0,1,1,0,0,1,0,0,0
2026-03-27 21:38:27.702,1032.217,1139,-5,14,0,1,1,0,0,1,0,0,0
2026-03-27 21:38:27.767,1032.281,1139,-3,14,0,1,1,0,0,1,0,0,0
2026-03-27 21:38:27.910,1032.424,1138,-3,14,0,1,1,0,0,1,0,0,0
2026-03-27 21:38:27.991,1032.505,1138,-2,14,0,1,1,0,0,1,0,0,0
2026-03-27 21:38:28.342,1032.856,1138,-2,14,0,1,1,0,0,1,0,0,0
2026-03-27 21:38:28.406,1032.920,1138,-5,14,0,1,1,0,0,1,0,0,0
2026-03-27 21:38:28.408,1032.922,1138,-5,14,0,1,1,0,0,1,0,0,0
2026-03-27 21:38:28.582,1033.096,1139,-2,14,0,1,1,0,0,1,0,0,0
2026-03-27 21:38:28.583,1033.097,1139,-2,14,0,1,1,0,0,1,0,0,0
2026-03-27 21:38:28.678,1033.192,1138,-5,14,0,1,1,0,0,1,0,0,0
2026-03-27 21:38:28.790,1033.304,1138,-2,14,0,1,1,0,0,1,0,0,0
2026-03-27 21:38:28.793,1033.307,1138,-5,14,0,1,1,0,0,1,0,0,0
2026-03-27 21:38:28.903,1033.417,1138,-5,14,0,1,1,0,0,1,0,0,0
2026-03-27 21:38:29.030,1033.544,1139,-2,14,0,1,1,0,0,1,0,0,0
2026-03-27 21:38:29.094,1033.608,1139,-2,14,0,1,1,0,0,1,0,0,0
2026-03-27 21:38:29.302,1033.816,1139,-2,14,0,1,1,0,0,1,0,0,0
2026-03-27 21:38:29.351,1033.865,1139,-2,14,0,1,1,0,0,1,0,0,0
2026-03-27 21:38:29.478,1033.992,1139,-2,14,0,1,1,0,0,1,0,0,0
2026-03-27 21:38:29.590,1034.104,1139,-5,14,0,1,1,0,0,1,0,0,0
2026-03-27 21:38:29.654,1034.168,1139,-2,14,0,1,1,0,0,1,0,0,0
2026-03-27 21:38:29.798,1034.312,1140,-5,14,0,1,1,0,0,1,0,0,0
2026-03-27 21:38:29.846,1034.360,1140,-5,14,0,1,1,0,0,1,0,0,0
2026-03-27 21:38:29.847,1034.361,1140,-2,14,0,1,1,0,0,1,0,0,0
2026-03-27 21:38:30.039,1034.553,1140,-2,14,0,1,1,0,0,1,0,0,0
2026-03-27 21:38:30.070,1034.584,1140,-2,14,0,1,1,0,0,1,0,0,0
2026-03-27 21:38:30.358,1034.872,1142,-5,15,0,1,1,0,0,1,0,0,0
2026-03-27 21:38:30.535,1035.049,1141,-5,14,0,1,1,0,0,1,0,0,0
2026-03-27 21:38:30.647,1035.161,1141,-5,14,0,1,1,0,0,1,0,0,0
2026-03-27 21:38:30.711,1035.225,1140,-5,15,0,1,1,0,0,1,0,0,0
2026-03-27 21:38:30.728,1035.242,1141,-2,14,0,1,1,0,0,1,0,0,0
2026-03-27 21:38:30.854,1035.368,1141,-2,14,0,1,1,0,0,1,0,0,0
2026-03-27 21:38:30.919,1035.433,1142,-2,15,0,1,1,0,0,1,0,0,0
2026-03-27 21:38:31.030,1035.544,1141,-5,14,0,1,1,0,0,1,0,0,0
2026-03-27 21:38:31.175,1035.689,1141,-2,14,0,1,1,0,0,1,0,0,0
2026-03-27 21:38:31.176,1035.690,1141,-2,14,0,1,1,0,0,10,0,0,0
2026-03-27 21:38:31.190,1035.704,1141,-2,14,0,1,1,0,0,1,0,0,0
2026-03-27 21:38:31.318,1035.832,1141,-2,14,0,1,1,0,0,1,0,0,0
2026-03-27 21:38:31.320,1035.834,1141,-5,14,0,1,1,0,0,1,0,0,0
2026-03-27 21:38:31.366,1035.880,1141,-5,14,0,1,1,0,0,1,0,0,0
2026-03-27 21:38:31.368,1035.883,1141,-2,14,0,1,1,0,0,1,0,0,0
2026-03-27 21:38:31.510,1036.024,1141,-5,14,0,1,1,0,0,1,0,0,0
2026-03-27 21:38:31.606,1036.120,1140,-5,14,0,1,1,0,0,1,0,0,0
2026-03-27 21:38:31.702,1036.216,1141,-2,14,0,1,1,0,0,1,0,0,0
2026-03-27 21:38:31.718,1036.232,1141,-2,14,0,1,1,0,0,1,0,0,0
2026-03-27 21:38:31.719,1036.234,114,0,0,0,1,1,0,0,1,0,0,0
2026-03-27 21:38:31.814,1036.328,1141,-2,15,0,1,1,0,0,1,0,0,0
2026-03-27 21:38:31.894,1036.408,1141,-5,15,0,1,1,0,0,1,0,0,0
2026-03-27 21:38:31.910,1036.424,1140,-2,14,0,1,1,0,0,1,0,0,0
2026-03-27 21:38:32.054,1036.568,1140,-5,14,0,1,1,0,0,1,0,0,0
2026-03-27 21:38:32.198,1036.712,1140,-2,14,0,1,1,0,0,1,0,0,0
2026-03-27 21:38:32.200,1036.714,1141,-2,15,0,1,1,0,0,1,0,0,0
2026-03-27 21:38:32.262,1036.776,1141,-2,15,0,1,1,0,0,1,0,0,0
2026-03-27 21:38:32.374,1036.888,1143,-5,14,0,1,1,0,0,1,0,0,0
2026-03-27 21:38:32.470,1036.984,1142,-2,15,0,1,1,0,0,1,0,0,0
2026-03-27 21:38:32.566,1037.080,1141,-2,14,0,1,1,0,0,1,0,0,0
2026-03-27 21:38:32.567,1037.081,1141,-2,14,0,1,1,0,0,1,0,0,0
2026-03-27 21:38:32.679,1037.193,1141,-2,15,0,1,1,0,0,1,0,0,0
2026-03-27 21:38:32.694,1037.208,1141,-5,14,0,1,1,0,0,1,0,0,0
2026-03-27 21:38:32.838,1037.352,1141,-5,15,0,1,1,0,0,1,0,0,0
2026-03-27 21:38:32.934,1037.448,1143,-2,15,0,1,1,0,0,1,0,0,0
2026-03-27 21:38:33.062,1037.576,1142,-2,15,0,1,1,0,0,1,0,0,0
2026-03-27 21:38:33.078,1037.592,1141,-2,14,0,1,1,0,0,1,0,0,0
2026-03-27 21:38:33.174,1037.688,1141,-2,15,0,1,1,0,0,1,0,0,0
2026-03-27 21:38:33.191,1037.705,1140,-2,15,0,1,1,0,0,1,0,0,0
2026-03-27 21:38:33.286,1037.801,1140,-2,15,0,1,1,0,0,1,0,0,0
2026-03-27 21:38:33.289,1037.803,1140,-2,14,0,1,1,0,0,1,0,0,0
2026-03-27 21:38:33.414,1037.928,1140,-2,15,0,1,1,0,0,1,0,0,0
2026-03-27 21:38:33.541,1038.055,1140,-2,14,0,1,1,0,0,1,0,0,0
2026-03-27 21:38:33.543,1038.057,1140,-2,15,0,1,1,0,0,1,0,0,0
2026-03-27 21:38:33.558,1038.072,1140,-5,14,0,1,1,0,0,1,0,0,0
2026-03-27 21:38:33.590,1038.104,1140,-5,14,0,1,1,0,0,1,0,0,0
2026-03-27 21:38:33.719,1038.233,1140,-5,14,0,1,1,0,0,1,0,0,0
2026-03-27 21:38:33.814,1038.328,1140,-5,14,0,1,1,0,0,1,0,0,0
2026-03-27 21:38:33.958,1038.473,1140,-5,14,0,1,1,0,0,1,0,0,0
2026-03-27 21:38:33.974,1038.488,1140,-2,15,0,1,1,0,0,1,0,0,0
2026-03-27 21:38:33.975,1038.489,1139,-5,14,0,1,1,0,0,1,0,0,0
2026-03-27 21:38:34.102,1038.616,1140,-2,15,0,1,1,0,0,1,0,0,0
2026-03-27 21:38:34.119,1038.633,1140,-2,15,0,1,1,0,0,1,0,0,0
2026-03-27 21:38:34.230,1038.744,1140,-5,15,0,1,1,0,0,1,0,0,0
2026-03-27 21:38:34.342,1038.856,1140,-2,15,0,1,1,0,0,1,0,0,0
2026-03-27 21:38:34.343,1038.857,1140,-2,14,0,1,1,0,0,1,0,0,0
2026-03-27 21:38:34.359,1038.873,1140,-2,15,0,1,1,0,0,1,0,0,0
2026-03-27 21:38:34.438,1038.952,1140,-5,15,0,1,1,0,0,1,0,0,0
2026-03-27 21:38:34.598,1039.112,1140,-4,15,0,1,1,0,0,1,0,0,0
2026-03-27 21:38:34.600,1039.114,1140,-5,15,0,1,1,0,0,1,0,0,0
2026-03-27 21:38:34.694,1039.208,1140,-2,15,0,1,1,0,0,1,0,0,0
2026-03-27 21:38:34.710,1039.224,1141,-2,15,0,1,1,0,0,1,0,0,0
2026-03-27 21:38:34.725,1039.239,1140,-2,15,0,1,1,0,0,1,0,0,0
2026-03-27 21:38:34.742,1039.256,1140,-2,15,0,1,1,0,0,1,0,0,0
2026-03-27 21:38:34.838,1039.352,1140,-4,14,0,1,1,0,0,1,0,0,0
2026-03-27 21:38:34.934,1039.448,1140,-2,15,0,1,1,0,0,1,0,0,0
2026-03-27 21:38:34.949,1039.464,1140,-2,15,0,1,1,0,0,1,0,0,0
2026-03-27 21:38:34.951,1039.465,1140,-2,15,0,1,1,0,0,1,0,0,0
2026-03-27 21:38:35.223,1039.737,1140,-5,14,0,1,1,0,0,1,0,0,0
2026-03-27 21:38:35.350,1039.864,1140,-2,15,0,1,1,0,0,1,0,0,0
2026-03-27 21:38:35.445,1039.959,1140,-5,15,0,1,1,0,0,1,0,0,0
2026-03-27 21:38:35.573,1040.087,1140,-4,15,0,1,1,0,0,1,0,0,0
2026-03-27 21:38:35.575,1040.090,1140,-2,14,0,1,1,0,0,1,0,0,0
2026-03-27 21:38:35.686,1040.200,1140,-2,14,0,1,1,0,0,1,0,0,0
2026-03-27 21:38:35.734,1040.248,1140,-5,15,0,1,1,0,0,1,0,0,0
2026-03-27 21:38:35.798,1040.312,1139,-2,14,0,1,1,0,0,1,0,0,0
2026-03-27 21:38:35.911,1040.425,1140,-2,15,0,1,1,0,0,1,0,0,0
2026-03-27 21:38:35.974,1040.488,1140,-2,15,0,1,1,0,0,1,0,0,0
2026-03-27 21:38:36.166,1040.680,1140,-2,14,0,1,1,0,0,1,0,0,0
2026-03-27 21:38:36.230,1040.744,1140,-2,15,0,1,1,0,0,1,0,0,0
2026-03-27 21:38:36.342,1040.857,1140,-5,15,0,1,1,0,0,1,0,0,0
2026-03-27 21:38:36.360,1040.874,1140,-2,15,0,1,1,0,0,1,0,0,0
2026-03-27 21:38:36.470,1040.984,1141,-2,14,0,1,1,0,0,1,0,0,0
2026-03-27 21:38:36.565,1041.079,1141,-2,14,0,1,1,0,0,1,0,0,0
2026-03-27 21:38:36.567,1041.081,1141,-2,14,0,1,1,0,0,1,0,0,0
2026-03-27 21:38:36.598,1041.112,1142,-2,14,0,1,1,0,0,1,0,0,0
2026-03-27 21:38:36.758,1041.272,1142,-2,14,0,1,1,0,0,1,0,0,0
2026-03-27 21:38:36.870,1041.384,1142,-5,14,0,1,1,0,0,1,0,0,0
2026-03-27 21:38:36.873,1041.387,1141,-2,15,0,1,1,0,0,1,0,0,0
2026-03-27 21:38:36.966,1041.480,1141,-2,14,0,1,1,0,0,1,0,0,0
2026-03-27 21:38:37.143,1041.657,1142,-5,14,0,1,1,0,0,1,0,0,0
2026-03-27 21:38:37.174,1041.688,1142,-2,15,0,1,1,0,0,1,0,0,0
2026-03-27 21:38:37.176,1041.690,1141,-2,15,0,1,1,0,0,1,0,0,0
2026-03-27 21:38:37.222,1041.736,1142,-2,14,0,1,1,0,0,1,0,0,0
2026-03-27 21:38:37.382,1041.896,1141,-2,14,0,1,1,0,0,1,0,0,0
2026-03-27 21:38:37.462,1041.976,1142,-2,14,0,1,1,0,0,1,0,0,0
2026-03-27 21:38:37.557,1042.071,1141,-5,14,0,1,1,0,0,1,0,0,0
2026-03-27 21:38:37.702,1042.216,1141,-2,14,0,1,1,0,0,1,0,0,0
2026-03-27 21:38:37.797,1042.312,1141,-2,14,0,1,1,0,0,1,0,0,0
2026-03-27 21:38:37.862,1042.376,1141,-2,15,0,1,1,0,0,1,0,0,0
2026-03-27 21:38:37.990,1042.504,1141,-5,14,0,1,1,0,0,1,0,0,0
2026-03-27 21:38:38.150,1042.665,1141,-5,14,0,1,1,0,0,1,0,0,0
2026-03-27 21:38:38.214,1042.728,1141,-5,14,0,1,1,0,0,1,0,0,0
2026-03-27 21:38:38.262,1042.776,1143,-5,14,0,1,1,0,0,1,0,0,0
2026-03-27 21:38:38.454,1042.968,1143,-5,14,0,1,1,0,0,1,0,0,0
2026-03-27 21:38:38.486,1043.000,1142,-2,14,0,1,1,0,0,1,0,0,0
2026-03-27 21:38:38.501,1043.016,1143,-2,14,0,1,1,0,0,1,0,0,0
2026-03-27 21:38:38.677,1043.192,1142,-2,14,0,1,1,0,0,1,0,0,0
2026-03-27 21:38:38.773,1043.288,1142,-2,15,0,1,1,0,0,1,0,0,0
2026-03-27 21:38:38.789,1043.303,1143,-2,15,0,1,1,0,0,1,0,0,0
2026-03-27 21:38:38.822,1043.336,1143,-2,14,0,1,1,0,0,1,0,0,0
2026-03-27 21:38:38.950,1043.464,1143,-5,15,0,1,1,0,0,1,0,0,0
2026-03-27 21:38:38.965,1043.480,1141,-2,14,0,1,1,0,0,1,0,0,0
2026-03-27 21:38:39.126,1043.640,1141,-2,14,0,1,1,0,0,1,0,0,0
2026-03-27 21:38:39.127,1043.641,1141,-2,14,0,1,0,0,0,0,0,0,0
2026-03-27 21:38:39.128,1043.642,1141,-5,14,0,1,1,0,0,1,0,0,0
2026-03-27 21:38:39.158,1043.672,1141,-5,14,0,1,1,0,0,1,0,0,0
2026-03-27 21:38:39.301,1043.815,1141,-5,14,0,1,1,0,0,1,0,0,0
2026-03-27 21:38:39.304,1043.818,1141,-5,14,0,1,1,0,0,1,0,0,0
2026-03-27 21:38:39.318,1043.832,1141,-5,15,0,1,1,0,0,1,0,0,0
2026-03-27 21:38:39.510,1044.024,1141,-5,15,0,1,1,0,0,1,0,0,0
2026-03-27 21:38:39.526,1044.040,1142,-5,15,0,1,1,0,0,1,0,0,0
2026-03-27 21:38:39.558,1044.072,1142,-5,15,0,1,1,0,0,1,0,0,0
2026-03-27 21:38:39.575,1044.089,1142,-2,14,0,1,1,0,0,1,0,0,0
2026-03-27 21:38:39.670,1044.184,1142,-5,15,0,1,1,0,0,1,0,0,0
2026-03-27 21:38:39.765,1044.280,1141,-5,15,0,1,1,0,0,1,0,0,0
2026-03-27 21:38:39.845,1044.360,1142,-5,14,0,1,1,0,0,1,0,0,0
2026-03-27 21:38:40.054,1044.568,1141,-2,14,0,1,1,0,0,1,0,0,0
2026-03-27 21:38:40.149,1044.664,1142,-5,15,0,1,1,0,0,1,0,0,0
2026-03-27 21:38:40.181,1044.695,1142,-2,14,0,1,1,0,0,1,0,0,0
2026-03-27 21:38:40.197,1044.711,1142,-2,14,0,1,1,0,0,1,0,0,0
2026-03-27 21:38:40.373,1044.887,1142,-2,14,0,1,1,0,0,1,0,0,0
2026-03-27 21:38:40.422,1044.936,1141,-5,15,0,1,1,0,0,1,0,0,0
2026-03-27 21:38:40.502,1045.016,1141,-5,14,0,1,1,0,0,1,0,0,0
2026-03-27 21:38:40.693,1045.207,1142,-4,15,0,1,1,0,0,1,0,0,0
2026-03-27 21:38:40.710,1045.224,1142,-5,14,0,1,1,0,0,1,0,0,0
2026-03-27 21:38:40.821,1045.336,1142,-2,15,0,1,1,0,0,1,0,0,0
2026-03-27 21:38:40.981,1045.496,1142,-5,15,0,1,1,0,0,1,0,0,0
2026-03-27 21:38:41.030,1045.544,1143,-2,14,0,1,1,0,0,1,0,0,0
2026-03-27 21:38:41.126,1045.640,1143,-2,15,0,1,1,0,0,1,0,0,0
2026-03-27 21:38:41.317,1045.831,1143,-2,14,0,1,1,0,0,1,0,0,0
2026-03-27 21:38:41.318,1045.833,1143,-2,14,0,1,1,0,0,1,0,0,0
2026-03-27 21:38:41.333,1045.847,1142,-2,14,0,1,1,0,0,1,0,0,0
2026-03-27 21:38:41.382,1045.896,1143,-2,14,0,1,1,0,0,1,0,0,0
2026-03-27 21:38:41.462,1045.976,1142,-2,14,0,1,1,0,0,1,0,0,0
2026-03-27 21:38:41.573,1046.088,1142,-2,15,0,1,1,0,0,1,0,0,0
2026-03-27 21:38:41.718,1046.232,1141,-5,14,0,1,1,0,0,1,0,0,0
2026-03-27 21:38:41.813,1046.327,1141,-5,14,0,1,1,0,0,1,0,0,0
2026-03-27 21:38:41.814,1046.328,1142,-5,15,0,1,1,0,0,1,0,0,0
2026-03-27 21:38:41.829,1046.344,1142,-5,14,0,1,1,0,0,1,0,0,0
2026-03-27 21:38:41.926,1046.440,1142,-2,14,0,1,1,0,0,1,0,0,0
2026-03-27 21:38:42.117,1046.632,1142,-2,15,0,1,1,0,0,1,0,0,0
2026-03-27 21:38:42.181,1046.695,1143,-2,14,0,1,1,0,0,1,0,0,0
2026-03-27 21:38:42.325,1046.840,1143,-5,14,0,1,1,0,0,1,0,0,0
2026-03-27 21:38:42.421,1046.935,1144,-2,15,0,1,1,0,0,1,0,0,0
2026-03-27 21:38:42.422,1046.936,1144,-2,15,0,1,1,0,0,1,0,0,0
2026-03-27 21:38:42.533,1047.048,1143,-4,15,0,1,1,0,0,1,0,0,0
2026-03-27 21:38:42.630,1047.144,1143,-2,15,0,1,1,0,0,1,0,0,0
2026-03-27 21:38:42.758,1047.272,1145,-2,15,0,1,1,0,0,1,0,0,0
2026-03-27 21:38:42.837,1047.351,1144,-2,14,0,1,1,0,0,1,0,0,0
2026-03-27 21:38:43.029,1047.543,1144,-2,14,0,1,1,0,0,1,0,0,0
2026-03-27 21:38:43.077,1047.591,1143,-5,15,0,1,1,0,0,1,0,0,0
2026-03-27 21:38:43.141,1047.655,1143,-2,14,0,1,1,0,0,1,0,0,0
2026-03-27 21:38:43.269,1047.783,1143,-5,14,0,1,1,0,0,1,0,0,0
2026-03-27 21:38:43.382,1047.896,1144,-4,15,0,1,1,0,0,1,0,0,0
2026-03-27 21:38:43.510,1048.024,1143,-2,15,0,1,1,0,0,1,0,0,0
2026-03-27 21:38:43.541,1048.055,1143,-5,14,0,1,1,0,0,1,0,0,0
2026-03-27 21:38:43.717,1048.231,1144,-2,15,0,1,1,0,0,1,0,0,0
2026-03-27 21:38:43.797,1048.312,1143,-2,15,0,1,1,0,0,1,0,0,0
2026-03-27 21:38:43.846,1048.360,1142,-4,15,0,1,1,0,0,1,0,0,0
2026-03-27 21:38:44.005,1048.519,1142,-5,14,0,1,1,0,0,1,0,0,0
2026-03-27 21:38:44.133,1048.647,1144,-5,15,0,1,1,0,0,1,0,0,0
2026-03-27 21:38:44.166,1048.680,1143,-2,14,0,1,1,0,0,1,0,0,0
2026-03-27 21:38:44.261,1048.775,1142,-5,15,0,1,1,0,0,1,0,0,0
2026-03-27 21:38:44.277,1048.791,1143,-4,14,0,1,1,0,0,1,0,0,0
2026-03-27 21:38:44.390,1048.904,1143,-2,15,0,1,1,0,0,1,0,0,0
2026-03-27 21:38:44.392,1048.906,1143,-5,15,0,1,1,0,0,1,0,0,0
2026-03-27 21:38:44.502,1049.016,1144,-5,14,0,1,1,0,0,1,0,0,0
2026-03-27 21:38:44.597,1049.111,1144,-5,15,0,1,1,0,0,1,0,0,0
2026-03-27 21:38:44.600,1049.114,1142,-2,15,0,1,1,0,0,1,0,0,0
2026-03-27 21:38:44.678,1049.192,1142,-2,14,0,1,1,0,0,1,0,0,0
2026-03-27 21:38:44.789,1049.303,1141,-5,15,0,1,1,0,0,1,0,0,0
2026-03-27 21:38:44.901,1049.415,1141,-5,14,0,1,1,0,0,1,0,0,0
2026-03-27 21:38:44.903,1049.417,1141,-2,15,0,1,1,0,0,1,0,0,0
2026-03-27 21:38:45.061,1049.576,1140,-4,15,0,1,1,0,0,1,0,0,0
2026-03-27 21:38:45.125,1049.639,1140,-5,15,0,1,1,0,0,1,0,0,0
2026-03-27 21:38:45.237,1049.751,1141,-2,15,0,1,1,0,0,1,0,0,0
2026-03-27 21:38:45.253,1049.767,1141,-2,15,0,1,1,0,0,1,0,0,0
2026-03-27 21:38:45.365,1049.879,1141,-5,15,0,1,1,0,0,1,0,0,0
2026-03-27 21:38:45.413,1049.928,1140,-4,15,0,1,1,0,0,1,0,0,0
2026-03-27 21:38:45.589,1050.103,1140,-5,15,0,1,1,0,0,1,0,0,0
2026-03-27 21:38:45.717,1050.231,1140,-2,15,0,1,1,0,0,1,0,0,0
2026-03-27 21:38:45.845,1050.360,1141,-2,15,0,1,1,0,0,1,0,0,0
2026-03-27 21:38:45.847,1050.361,1140,-2,14,0,1,1,0,0,1,0,0,0
2026-03-27 21:38:45.925,1050.439,1140,-5,14,0,1,1,0,0,1,0,0,0
2026-03-27 21:38:45.926,1050.440,1140,-5,14,0,1,1,0,0,1,0,0,0
2026-03-27 21:38:46.053,1050.567,1140,-2,14,0,1,1,0,0,1,0,0,0
2026-03-27 21:38:46.069,1050.584,1140,-2,14,0,1,1,0,0,1,0,0,0
2026-03-27 21:38:46.072,1050.586,1140,-5,15,0,1,1,0,0,1,0,0,0
2026-03-27 21:38:46.085,1050.599,1140,-5,15,0,1,1,0,0,1,0,0,0
2026-03-27 21:38:46.277,1050.791,1140,-2,15,0,1,1,0,0,1,0,0,0
2026-03-27 21:38:46.325,1050.839,1140,-2,15,0,1,1,0,0,1,0,0,0
2026-03-27 21:38:46.421,1050.936,1140,-2,15,0,1,1,0,0,1,0,0,0
2026-03-27 21:38:46.517,1051.031,1141,-5,14,0,1,1,0,0,1,0,0,0
2026-03-27 21:38:46.597,1051.111,1140,-2,14,0,1,1,0,0,1,0,0,0
2026-03-27 21:38:46.709,1051.223,1140,-5,14,0,1,1,0,0,1,0,0,0
2026-03-27 21:38:46.805,1051.319,1140,-5,15,0,1,1,0,0,1,0,0,0
2026-03-27 21:38:46.949,1051.463,1140,-2,15,0,1,1,0,0,1,0,0,0
2026-03-27 21:38:47.013,1051.527,1140,-5,14,0,1,1,0,0,1,0,0,0
2026-03-27 21:38:47.110,1051.624,1141,-2,14,0,1,1,0,0,1,0,0,0
2026-03-27 21:38:47.221,1051.736,1141,-5,15,0,1,1,0,0,1,0,0,0
2026-03-27 21:38:47.365,1051.879,1141,-2,14,0,1,1,0,0,1,0,0,0
2026-03-27 21:38:47.429,1051.943,1140,-4,15,0,1,1,0,0,1,0,0,0
2026-03-27 21:38:47.431,1051.946,1140,-2,14,0,1,1,0,0,1,0,0,0
2026-03-27 21:38:47.637,1052.151,1141,-2,14,0,1,1,0,0,1,0,0,0
2026-03-27 21:38:47.685,1052.199,1140,-2,14,0,1,1,0,0,1,0,0,0
2026-03-27 21:38:47.687,1052.201,1140,-2,15,0,1,1,0,0,1,0,0,0
2026-03-27 21:38:47.829,1052.343,1140,-5,14,0,1,1,0,0,1,0,0,0
2026-03-27 21:38:48.086,1052.600,1140,-5,14,0,1,1,0,0,1,0,0,0
2026-03-27 21:38:48.229,1052.744,1141,-5,15,0,1,1,0,0,1,0,0,0
2026-03-27 21:38:48.231,1052.745,1141,-4,14,0,1,1,0,0,1,0,0,0
2026-03-27 21:38:48.261,1052.775,1141,-2,15,0,1,1,0,0,1,0,0,0
2026-03-27 21:38:48.278,1052.792,1140,-2,15,0,1,1,0,0,1,0,0,0
2026-03-27 21:38:48.309,1052.823,1141,-2,15,0,1,1,0,0,1,0,0,0
2026-03-27 21:38:48.389,1052.904,1140,-2,15,0,1,1,0,0,1,0,0,0
2026-03-27 21:38:48.501,1053.015,1141,-5,14,0,1,1,0,0,1,0,0,0
2026-03-27 21:38:48.503,1053.018,1140,-2,15,0,1,1,0,0,1,0,0,0
2026-03-27 21:38:48.629,1053.144,1140,-5,15,0,1,1,0,0,1,0,0,0
2026-03-27 21:38:48.789,1053.303,1140,-2,14,0,1,1,0,0,1,0,0,0
2026-03-27 21:38:48.837,1053.351,1142,-5,14,0,1,1,0,0,1,0,0,0
2026-03-27 21:38:48.838,1053.352,1141,-4,14,0,1,1,0,0,1,0,0,0
2026-03-27 21:38:48.981,1053.495,1140,-2,15,0,1,1,0,0,1,0,0,0
2026-03-27 21:38:49.029,1053.543,1141,-5,15,0,1,1,0,0,1,0,0,0
2026-03-27 21:38:49.141,1053.655,1141,-5,15,0,1,1,0,0,1,0,0,0
2026-03-27 21:38:49.253,1053.767,1141,-2,14,0,1,1,0,0,1,0,0,0
2026-03-27 21:38:49.461,1053.975,1140,-5,14,0,1,1,0,0,1,0,0,0
2026-03-27 21:38:49.605,1054.119,1139,-5,14,0,1,1,0,0,1,0,0,0
2026-03-27 21:38:49.701,1054.215,1140,-2,14,0,1,1,0,0,1,0,0,0
2026-03-27 21:38:49.702,1054.216,1140,-2,15,0,1,1,0,0,1,0,0,0
2026-03-27 21:38:49.703,1054.218,1141,-2,15,0,1,1,0,0,1,0,0,0
2026-03-27 21:38:49.781,1054.295,1141,-2,14,0,1,1,0,0,1,0,0,0
2026-03-27 21:38:49.973,1054.487,1141,-5,15,0,1,1,0,0,1,0,0,0
2026-03-27 21:38:50.021,1054.535,1141,-2,14,0,1,1,0,0,1,0,0,0
2026-03-27 21:38:50.117,1054.632,1141,-2,14,0,1,1,0,0,1,0,0,0
2026-03-27 21:38:50.213,1054.727,1142,-2,15,0,1,1,0,0,1,0,0,0
2026-03-27 21:38:50.325,1054.839,1141,-5,15,0,1,1,0,0,1,0,0,0
2026-03-27 21:38:50.357,1054.871,1141,-5,14,0,1,1,0,0,1,0,0,0
2026-03-27 21:38:50.517,1055.031,1141,-2,14,0,1,1,0,0,1,0,0,0
2026-03-27 21:38:50.520,1055.034,1141,-5,15,0,1,1,0,0,1,0,0,0
2026-03-27 21:38:50.661,1055.175,1141,-5,15,0,1,1,0,0,1,0,0,0
2026-03-27 21:38:50.693,1055.207,1141,-2,14,0,1,1,0,0,1,0,0,0
2026-03-27 21:38:50.837,1055.351,1141,-5,15,0,1,1,0,0,1,0,0,0
2026-03-27 21:38:50.854,1055.369,1142,-5,15,0,1,1,0,0,1,0,0,0
2026-03-27 21:38:50.902,1055.416,1142,-5,14,0,1,1,0,0,1,0,0,0
2026-03-27 21:38:51.013,1055.527,1142,-2,14,0,1,1,0,0,1,0,0,0
2026-03-27 21:38:51.015,1055.529,1142,-5,14,0,1,1,0,0,1,0,0,0
2026-03-27 21:38:51.031,1055.545,1141,-4,15,0,1,1,0,0,1,0,0,0
2026-03-27 21:38:51.109,1055.623,1141,-5,15,0,1,1,0,0,1,0,0,0
2026-03-27 21:38:51.205,1055.719,1141,-5,15,0,1,1,0,0,1,0,0,0
2026-03-27 21:38:51.429,1055.943,1141,-5,15,0,1,1,0,0,1,0,0,0
2026-03-27 21:38:51.431,1055.945,1141,-2,15,0,1,1,0,0,1,0,0,0
2026-03-27 21:38:51.605,1056.119,1141,-5,14,0,1,1,0,0,1,0,0,0
2026-03-27 21:38:51.606,1056.120,1141,-5,14,0,0,0,0,0,0,0,0,0
2026-03-27 21:38:51.621,1056.135,1141,-2,15,0,1,1,0,0,1,0,0,0
2026-03-27 21:38:51.654,1056.168,1141,-2,14,0,1,1,0,0,1,0,0,0
2026-03-27 21:38:51.656,1056.170,1141,-5,14,0,1,1,0,0,1,0,0,0
2026-03-27 21:38:51.796,1056.311,1142,-2,15,0,1,1,0,0,1,0,0,0
2026-03-27 21:38:51.798,1056.312,1142,-5,15,0,1,1,0,0,1,0,0,0
2026-03-27 21:38:51.798,1056.312,1142,0,0,0,0,0,0,0,0,0,0,0
2026-03-27 21:38:51.799,1056.314,1142,-5,15,0,1,1,0,0,1,0,0,0
2026-03-27 21:38:51.957,1056.471,1142,-5,15,0,1,1,0,0,1,0,0,0
2026-03-27 21:38:52.054,1056.568,1142,-5,15,0,1,1,0,0,1,0,0,0
2026-03-27 21:38:52.181,1056.696,1142,-2,15,0,1,1,0,0,1,0,0,0
2026-03-27 21:38:52.183,1056.697,1142,-2,15,0,1,1,0,0,1,0,0,0
2026-03-27 21:38:52.228,1056.743,1143,-2,15,0,1,1,0,0,1,0,0,0
2026-03-27 21:38:52.230,1056.744,1143,-2,14,0,1,1,0,0,1,0,0,0
2026-03-27 21:38:52.276,1056.790,1143,-2,15,0,1,1,0,0,1,0,0,0
2026-03-27 21:38:52.278,1056.792,1143,-5,15,0,1,1,0,0,1,0,0,0
2026-03-27 21:38:52.293,1056.807,1142,-2,15,0,1,1,0,0,1,0,0,0
2026-03-27 21:38:52.453,1056.967,1144,-2,15,0,1,1,0,0,1,0,0,0
2026-03-27 21:38:52.565,1057.079,1143,-2,15,0,1,1,0,0,1,0,0,0
2026-03-27 21:38:52.567,1057.082,1143,-5,14,0,1,1,0,0,1,0,0,0
2026-03-27 21:38:52.677,1057.191,1143,-5,15,0,1,1,0,0,1,0,0,0
2026-03-27 21:38:52.694,1057.208,1142,-2,15,0,1,1,0,0,1,0,0,0
2026-03-27 21:38:52.854,1057.368,1143,-5,15,0,1,1,0,0,1,0,0,0
2026-03-27 21:38:52.949,1057.463,1142,-2,14,0,1,1,0,0,1,0,0,0
2026-03-27 21:38:52.952,1057.466,1143,-5,14,0,1,1,0,0,1,0,0,0
2026-03-27 21:38:53.109,1057.623,1143,-5,14,0,1,1,0,0,1,0,0,0
2026-03-27 21:38:53.189,1057.703,1143,-5,14,0,1,1,0,0,1,0,0,0
2026-03-27 21:38:53.317,1057.832,1143,-5,15,0,1,1,0,0,1,0,0,0
2026-03-27 21:38:53.413,1057.927,1142,-5,14,0,1,1,0,0,1,0,0,0
2026-03-27 21:38:53.461,1057.975,1142,-2,15,0,1,1,0,0,1,0,0,0
2026-03-27 21:38:53.605,1058.119,1142,-5,14,0,1,1,0,0,1,0,0,0
2026-03-27 21:38:53.668,1058.182,1144,-4,15,0,1,1,0,0,1,0,0,0
2026-03-27 21:38:53.670,1058.184,1144,-5,14,0,1,1,0,0,1,0,0,0
2026-03-27 21:38:53.764,1058.278,1142,-5,15,0,1,1,0,0,1,0,0,0
2026-03-27 21:38:53.781,1058.295,1143,-5,15,0,1,1,0,0,1,0,0,0
2026-03-27 21:38:53.877,1058.391,1142,-5,15,0,1,1,0,0,1,0,0,0
2026-03-27 21:38:53.941,1058.455,1142,-2,14,0,1,1,0,0,1,0,0,0
2026-03-27 21:38:54.037,1058.552,1142,-5,14,0,1,1,0,0,1,0,0,0
2026-03-27 21:38:54.181,1058.695,1142,-5,15,0,1,1,0,0,1,0,0,0
2026-03-27 21:38:54.244,1058.759,1142,-2,15,0,1,1,0,0,1,0,0,0
2026-03-27 21:38:54.246,1058.760,1143,-2,14,0,1,1,0,0,1,0,0,0
2026-03-27 21:38:54.357,1058.871,1143,-2,14,0,1,1,0,0,1,0,0,0
2026-03-27 21:38:54.373,1058.887,1142,-2,14,0,1,1,0,0,1,0,0,0
2026-03-27 21:38:54.486,1059.000,1142,-2,14,0,1,1,0,0,1,0,0,0
2026-03-27 21:38:54.581,1059.095,1142,-5,15,0,1,1,0,0,1,0,0,0
2026-03-27 21:38:54.597,1059.111,1142,-2,15,0,1,1,0,0,1,0,0,0
2026-03-27 21:38:54.805,1059.319,1142,-2,14,0,1,1,0,0,1,0,0,0
2026-03-27 21:38:54.885,1059.399,1142,-5,14,0,1,1,0,0,1,0,0,0
2026-03-27 21:38:54.933,1059.447,1143,-5,14,0,1,1,0,0,1,0,0,0
2026-03-27 21:38:55.109,1059.623,1143,-5,15,0,1,1,0,0,1,0,0,0
2026-03-27 21:38:55.221,1059.735,1143,-2,14,0,1,1,0,0,1,0,0,0
2026-03-27 21:38:55.301,1059.815,1142,-2,15,0,1,1,0,0,1,0,0,0
2026-03-27 21:38:55.397,1059.911,1142,-4,15,0,1,1,0,0,1,0,0,0
2026-03-27 21:38:55.477,1059.991,1142,-5,15,0,1,1,0,0,1,0,0,0
2026-03-27 21:38:55.637,1060.151,1142,-5,14,0,1,1,0,0,1,0,0,0
2026-03-27 21:38:55.685,1060.199,1142,-2,15,0,1,1,0,0,1,0,0,0
2026-03-27 21:38:55.687,1060.202,1141,-5,14,0,1,1,0,0,1,0,0,0
2026-03-27 21:38:55.813,1060.327,1141,-5,14,0,1,1,0,0,1,0,0,0
2026-03-27 21:38:55.909,1060.423,1141,-5,14,0,1,1,0,0,1,0,0,0
2026-03-27 21:38:56.005,1060.519,1142,-5,14,0,1,1,0,0,1,0,0,0
2026-03-27 21:38:56.021,1060.536,1141,-2,14,0,1,1,0,0,1,0,0,0
2026-03-27 21:38:56.149,1060.664,1141,-5,14,0,1,1,0,0,1,0,0,0
2026-03-27 21:38:56.152,1060.666,1140,-4,14,0,1,1,0,0,1,0,0,0
2026-03-27 21:38:56.181,1060.695,1140,-5,14,0,1,1,0,0,1,0,0,0
2026-03-27 21:38:56.277,1060.791,1140,-3,14,0,1,1,0,0,1,0,0,0
2026-03-27 21:38:56.372,1060.887,1140,-2,14,0,1,1,0,0,1,0,0,0
2026-03-27 21:38:56.389,1060.903,1141,-2,14,0,1,1,0,0,1,0,0,0
2026-03-27 21:38:56.391,1060.905,1141,-2,15,0,1,1,0,0,1,0,0,0
2026-03-27 21:38:56.500,1061.014,1141,-2,14,0,1,1,0,0,1,0,0,0
2026-03-27 21:38:56.629,1061.143,1140,-2,15,0,1,1,0,0,1,0,0,0
2026-03-27 21:38:56.630,1061.144,1141,-2,15,0,1,1,0,0,1,0,0,0
2026-03-27 21:38:56.773,1061.287,1141,-2,15,0,1,1,0,0,1,0,0,0
2026-03-27 21:38:56.853,1061.367,1141,-2,14,0,1,1,0,0,1,0,0,0
2026-03-27 21:38:56.917,1061.432,1142,-5,14,0,1,1,0,0,1,0,0,0
2026-03-27 21:38:57.077,1061.592,1142,-5,14,0,1,1,0,0,1,0,0,0
2026-03-27 21:38:57.156,1061.671,1141,-2,15,0,1,1,0,0,1,0,0,0
2026-03-27 21:38:57.284,1061.798,1141,-2,14,0,1,1,0,0,1,0,0,0
2026-03-27 21:38:57.286,1061.800,1141,-2,15,0,1,1,0,0,1,0,0,0
2026-03-27 21:38:57.381,1061.895,1140,-2,14,0,1,1,0,0,1,0,0,0
2026-03-27 21:38:57.396,1061.910,1140,-5,14,0,1,1,0,0,1,0,0,0
2026-03-27 21:38:57.477,1061.991,1141,-5,14,0,1,1,0,0,1,0,0,0
2026-03-27 21:38:57.479,1061.993,1140,-2,14,0,0,0,0,0,1,0,0,0
2026-03-27 21:38:57.540,1062.054,1141,-2,14,0,1,1,0,0,1,0,0,0
2026-03-27 21:38:57.542,1062.057,1141,-2,14,0,1,1,0,0,1,0,0,0
2026-03-27 21:38:57.557,1062.071,1141,-2,14,0,1,1,0,0,1,0,0,0
2026-03-27 21:38:57.669,1062.184,1141,-2,14,0,1,1,0,0,1,0,0,0
2026-03-27 21:38:57.685,1062.200,1141,-2,14,0,0,1,0,0,1,0,0,0
2026-03-27 21:38:57.780,1062.294,1141,-5,14,0,1,1,0,0,1,0,0,0
2026-03-27 21:38:57.782,1062.296,1141,-5,15,0,1,1,0,0,1,0,0,0
2026-03-27 21:38:57.861,1062.375,1141,-2,15,0,1,1,0,0,1,0,0,0
2026-03-27 21:38:57.988,1062.503,1141,-2,15,0,1,1,0,0,1,0,0,0
2026-03-27 21:38:58.052,1062.566,1140,-5,14,0,1,1,0,0,1,0,0,0
2026-03-27 21:38:58.054,1062.568,1141,-5,14,0,1,1,0,0,1,0,0,0
2026-03-27 21:38:58.068,1062.582,1141,-5,14,0,1,1,0,0,1,0,0,0
2026-03-27 21:38:58.229,1062.743,1141,-5,14,0,1,1,0,0,1,0,0,0
2026-03-27 21:38:58.309,1062.823,1141,-5,14,0,1,1,0,0,1,0,0,0
2026-03-27 21:38:58.437,1062.951,1141,-5,14,0,1,1,0,0,1,0,0,0
2026-03-27 21:38:58.532,1063.047,1141,-2,14,0,1,1,0,0,1,0,0,0
2026-03-27 21:38:58.708,1063.222,1141,-2,14,0,1,1,0,0,1,0,0,0
2026-03-27 21:38:58.756,1063.271,1141,-2,14,0,1,1,0,0,1,0,0,0
2026-03-27 21:38:58.758,1063.272,1141,-2,14,0,1,1,0,0,1,0,0,0
2026-03-27 21:38:58.916,1063.431,1141,-2,15,0,1,1,0,0,1,0,0,0
2026-03-27 21:38:58.918,1063.432,1141,-2,15,0,1,1,0,0,1,0,0,0
2026-03-27 21:38:58.932,1063.447,1140,-2,0,0,0,0,0,0,0,0,0,0
2026-03-27 21:38:58.934,1063.448,1140,-2,14,0,1,1,0,0,1,0,0,0
2026-03-27 21:38:58.965,1063.479,1140,-2,14,0,1,1,0,0,1,0,0,0
2026-03-27 21:38:59.061,1063.575,1140,-5,14,0,1,1,0,0,1,0,0,0
2026-03-27 21:38:59.062,1063.576,1140,-5,15,0,1,1,0,0,1,0,0,0
2026-03-27 21:38:59.221,1063.735,1140,-5,14,0,1,1,0,0,1,0,0,0
2026-03-27 21:38:59.222,1063.737,1140,-5,14,0,1,1,0,0,1,0,0,0
2026-03-27 21:38:59.300,1063.815,1141,-5,14,0,1,1,0,0,1,0,0,0
2026-03-27 21:38:59.302,1063.816,1141,-2,14,0,1,1,0,0,1,0,0,0
2026-03-27 21:38:59.381,1063.895,1140,-2,14,0,1,1,0,0,1,0,0,0
2026-03-27 21:38:59.492,1064.006,1141,-2,15,0,1,1,0,0,1,0,0,0
2026-03-27 21:38:59.556,1064.070,1141,-2,15,0,1,1,0,0,1,0,0,0
2026-03-27 21:38:59.669,1064.183,1140,-2,14,0,1,1,0,0,1,0,0,0
2026-03-27 21:38:59.749,1064.263,1141,-2,14,0,1,1,0,0,1,0,0,0
2026-03-27 21:38:59.751,1064.265,1141,-2,15,0,1,1,0,0,1,0,0,0
2026-03-27 21:38:59.892,1064.407,1141,-2,15,0,1,1,0,0,1,0,0,0
2026-03-27 21:38:59.972,1064.487,1141,-5,15,0,1,1,0,0,1,0,0,0
2026-03-27 21:39:00.068,1064.582,1142,-5,15,0,1,1,0,0,1,0,0,0
2026-03-27 21:39:00.229,1064.743,1142,-5,14,0,1,1,0,0,1,0,0,0
2026-03-27 21:39:00.325,1064.839,1141,-5,15,0,1,1,0,0,1,0,0,0
2026-03-27 21:39:00.484,1064.999,1141,-5,15,0,1,1,0,0,1,0,0,0
2026-03-27 21:39:00.516,1065.031,1141,-2,15,0,1,1,0,0,1,0,0,0
2026-03-27 21:39:00.565,1065.079,1141,-5,15,0,1,1,0,0,1,0,0,0
2026-03-27 21:39:00.709,1065.223,1140,-5,15,0,1,1,0,0,1,0,0,0
2026-03-27 21:39:00.804,1065.319,1140,-5,14,0,1,1,0,0,1,0,0,0
2026-03-27 21:39:00.933,1065.447,1141,-2,14,0,1,1,0,0,1,0,0,0
2026-03-27 21:39:01.013,1065.527,1140,-5,15,0,1,1,0,0,1,0,0,0
2026-03-27 21:39:01.109,1065.623,1140,-2,15,0,1,1,0,0,1,0,0,0
2026-03-27 21:39:01.172,1065.686,1140,-2,14,0,1,1,0,0,1,0,0,0
2026-03-27 21:39:01.446,1065.960,1141,-5,15,0,1,1,0,0,1,0,0,0
2026-03-27 21:39:01.525,1066.039,1140,-2,14,0,1,1,0,0,1,0,0,0
2026-03-27 21:39:01.541,1066.055,1140,-2,14,0,1,1,0,0,1,0,0,0
2026-03-27 21:39:01.620,1066.134,1140,-2,14,0,1,1,0,0,1,0,0,0
2026-03-27 21:39:01.748,1066.263,1140,-5,14,0,1,1,0,0,1,0,0,0
2026-03-27 21:39:01.766,1066.280,1140,-5,14,0,1,1,0,0,1,0,0,0
2026-03-27 21:39:01.781,1066.295,1140,-2,14,0,1,1,0,0,1,0,0,0
2026-03-27 21:39:01.956,1066.470,1140,-2,14,0,1,1,0,0,1,0,0,0
2026-03-27 21:39:02.004,1066.518,1140,-5,14,0,1,1,0,0,1,0,0,0
2026-03-27 21:39:02.006,1066.520,1140,-5,14,0,1,1,0,0,1,0,0,0
2026-03-27 21:39:02.116,1066.630,1140,-5,14,0,1,1,0,0,1,0,0,0
2026-03-27 21:39:02.276,1066.790,1140,-2,14,0,1,1,0,0,1,0,0,0
2026-03-27 21:39:02.277,1066.791,1140,-5,14,0,1,1,0,0,1,0,0,0
2026-03-27 21:39:02.292,1066.806,1141,-5,14,0,1,1,0,0,1,0,0,0
2026-03-27 21:39:02.645,1067.159,1140,-5,14,0,1,1,0,0,1,0,0,0
2026-03-27 21:39:02.804,1067.318,1141,-2,14,0,1,1,0,0,1,0,0,0
2026-03-27 21:39:02.806,1067.320,1141,-3,14,0,1,1,0,0,1,0,0,0
2026-03-27 21:39:02.932,1067.447,1140,-5,14,0,1,1,0,0,1,0,0,0
2026-03-27 21:39:02.996,1067.510,1140,-3,14,0,1,1,0,0,1,0,0,0
2026-03-27 21:39:02.997,1067.511,1140,-5,14,0,1,1,0,0,1,0,0,0
2026-03-27 21:39:03.124,1067.638,1141,-5,14,0,1,1,0,0,1,0,0,0
2026-03-27 21:39:03.125,1067.640,1141,-5,14,0,1,1,0,0,1,0,0,0
2026-03-27 21:39:03.285,1067.799,1141,-5,14,0,1,1,0,0,1,0,0,0
2026-03-27 21:39:03.300,1067.814,1141,-5,14,0,1,1,0,0,1,0,0,0
2026-03-27 21:39:03.428,1067.942,1141,-2,14,0,1,1,0,0,1,0,0,0
2026-03-27 21:39:03.557,1068.071,1142,-5,14,0,1,1,0,0,1,0,0,0
2026-03-27 21:39:03.559,1068.073,1142,-5,14,0,1,1,0,0,1,0,0,0
2026-03-27 21:39:03.700,1068.215,1142,-5,14,0,1,1,0,0,1,0,0,0
2026-03-27 21:39:03.702,1068.216,1142,-5,14,0,1,1,0,0,1,0,0,0
2026-03-27 21:39:03.813,1068.327,1141,-5,14,0,1,1,0,0,1,0,0,0
2026-03-27 21:39:03.814,1068.328,1141,-5,14,0,1,1,0,0,1,0,0,0
2026-03-27 21:39:03.892,1068.406,1142,-5,14,0,1,1,0,0,1,0,0,0
2026-03-27 21:39:03.908,1068.422,1142,-5,14,0,1,1,0,0,1,0,0,0
2026-03-27 21:39:04.021,1068.535,1143,-5,14,0,1,1,0,0,1,0,0,0
2026-03-27 21:39:04.117,1068.631,1141,-5,14,0,1,1,0,0,1,0,0,0
2026-03-27 21:39:04.197,1068.711,1140,-2,14,0,1,1,0,0,1,0,0,0
2026-03-27 21:39:04.214,1068.728,1140,-5,14,0,1,1,0,0,1,0,0,0
2026-03-27 21:39:04.341,1068.855,1140,-5,14,0,1,1,0,0,1,0,0,0
2026-03-27 21:39:04.436,1068.950,1140,-5,14,0,1,1,0,0,1,0,0,0
2026-03-27 21:39:04.452,1068.966,1141,-5,14,0,1,1,0,0,1,0,0,0
2026-03-27 21:39:04.580,1069.094,1140,-3,14,0,1,1,0,0,1,0,0,0
2026-03-27 21:39:04.660,1069.175,1141,-5,14,0,1,1,0,0,1,0,0,0
2026-03-27 21:39:04.662,1069.176,1140,-5,14,0,1,1,0,0,10,0,0,0
2026-03-27 21:39:04.663,1069.177,1140,-3,14,0,1,1,0,0,1,0,0,0
2026-03-27 21:39:04.757,1069.271,1140,-3,14,0,1,1,0,0,1,0,0,0
2026-03-27 21:39:04.836,1069.350,1140,-5,14,0,1,1,0,0,1,0,0,0
2026-03-27 21:39:04.965,1069.479,1140,-5,14,0,1,1,0,0,1,0,0,0
2026-03-27 21:39:05.060,1069.574,1140,-2,14,0,1,1,0,0,1,0,0,0
2026-03-27 21:39:05.061,1069.576,1141,-3,14,0,1,1,0,0,1,0,0,0
2026-03-27 21:39:05.140,1069.654,1140,-5,14,0,1,1,0,0,1,0,0,0
2026-03-27 21:39:05.333,1069.847,1140,-5,14,0,1,1,0,0,1,0,0,0
2026-03-27 21:39:05.396,1069.910,1140,-5,14,0,1,1,0,0,1,0,0,0
2026-03-27 21:39:05.412,1069.926,1140,-5,14,0,1,1,0,0,1,0,0,0
2026-03-27 21:39:05.524,1070.038,1141,-5,14,0,1,1,0,0,1,0,0,0
2026-03-27 21:39:05.525,1070.039,1141,-3,14,0,1,1,0,0,1,0,0,0
2026-03-27 21:39:05.588,1070.102,1140,-5,14,0,1,1,0,0,1,0,0,0
2026-03-27 21:39:05.764,1070.278,1140,-5,14,0,1,1,0,0,1,0,0,0
2026-03-27 21:39:05.767,1070.281,1141,-3,14,0,1,1,0,0,1,0,0,0
2026-03-27 21:39:05.845,1070.359,1141,-3,14,0,1,1,0,0,1,0,0,0
2026-03-27 21:39:06.004,1070.518,1142,-5,14,0,1,1,0,0,1,0,0,0
2026-03-27 21:39:06.006,1070.520,1141,-5,14,0,1,1,0,0,1,0,0,0
2026-03-27 21:39:06.037,1070.551,1141,-5,14,0,1,1,0,0,1,0,0,0
2026-03-27 21:39:06.117,1070.631,1140,-5,14,0,1,1,0,0,1,0,0,0
2026-03-27 21:39:06.293,1070.807,1140,-5,14,0,1,1,0,0,1,0,0,0
2026-03-27 21:39:06.356,1070.870,1140,-5,14,0,1,1,0,0,1,0,0,0
2026-03-27 21:39:06.373,1070.887,1141,-5,14,0,1,1,0,0,1,0,0,0
2026-03-27 21:39:06.501,1071.015,1141,-3,14,0,1,1,0,0,1,0,0,0
2026-03-27 21:39:06.613,1071.127,1143,-3,14,0,1,1,0,0,1,0,0,0
2026-03-27 21:39:06.740,1071.254,1140,-5,14,0,1,1,0,0,1,0,0,0
2026-03-27 21:39:06.853,1071.367,1140,-2,14,0,1,1,0,0,1,0,0,0
2026-03-27 21:39:06.855,1071.369,1139,-6,14,0,1,1,0,0,1,0,0,0
2026-03-27 21:39:06.885,1071.399,1139,-5,14,0,1,1,0,0,1,0,0,0
2026-03-27 21:39:07.012,1071.526,1140,-5,14,0,1,1,0,0,1,0,0,0
2026-03-27 21:39:07.013,1071.527,1140,-5,14,0,1,1,0,0,1,0,0,0
2026-03-27 21:39:07.205,1071.719,1140,-5,14,0,1,1,0,0,1,0,0,0
2026-03-27 21:39:07.300,1071.814,1139,-5,14,0,1,1,0,0,1,0,0,0
2026-03-27 21:39:07.364,1071.878,1140,-2,14,0,1,1,0,0,1,0,0,0
2026-03-27 21:39:07.461,1071.975,1139,-3,14,0,1,1,0,0,1,0,0,0
2026-03-27 21:39:07.478,1071.992,1140,-5,14,0,1,1,0,0,1,0,0,0
2026-03-27 21:39:07.492,1072.007,1141,-5,15,0,1,1,0,0,1,0,0,0
2026-03-27 21:39:07.509,1072.023,1140,-5,14,0,1,1,0,0,1,0,0,0
2026-03-27 21:39:07.621,1072.135,1140,-5,14,0,1,1,0,0,1,0,0,0
2026-03-27 21:39:07.667,1072.182,1141,-6,14,0,1,1,0,0,1,0,0,0
2026-03-27 21:39:07.669,1072.183,1141,-5,14,0,1,1,0,0,1,0,0,0
2026-03-27 21:39:07.670,1072.184,1141,-5,0,0,0,0,0,0,0,0,0,0
2026-03-27 21:39:07.684,1072.198,1141,-5,14,0,1,1,0,0,1,0,0,0
2026-03-27 21:39:07.797,1072.311,1141,-5,14,0,1,1,0,0,1,0,0,0
2026-03-27 21:39:07.813,1072.327,1141,-5,14,0,1,1,0,0,1,0,0,0
2026-03-27 21:39:07.925,1072.439,1141,-5,14,0,1,1,0,0,1,0,0,0
2026-03-27 21:39:08.004,1072.518,1140,-5,14,0,1,1,0,0,1,0,0,0
2026-03-27 21:39:08.005,1072.519,1140,-5,14,0,1,1,0,0,1,0,0,0
2026-03-27 21:39:08.117,1072.631,1140,-5,14,0,1,1,0,0,1,0,0,0
2026-03-27 21:39:08.119,1072.633,1139,-5,14,0,1,1,0,0,1,0,0,0
2026-03-27 21:39:08.245,1072.759,1139,-5,14,0,1,1,0,0,1,0,0,0
2026-03-27 21:39:08.308,1072.822,1140,-5,14,0,1,1,0,0,1,0,0,0
2026-03-27 21:39:08.436,1072.950,1142,-5,14,0,1,1,0,0,1,0,0,0
2026-03-27 21:39:08.532,1073.047,1141,-6,14,0,1,1,0,0,1,0,0,0
2026-03-27 21:39:08.535,1073.049,1142,-5,15,0,1,1,0,0,1,0,0,0
2026-03-27 21:39:08.661,1073.175,1142,-5,15,0,1,1,0,0,1,0,0,0
2026-03-27 21:39:08.836,1073.350,1141,-5,15,0,1,1,0,0,1,0,0,0
2026-03-27 21:39:08.899,1073.414,1141,-2,15,0,1,1,0,0,1,0,0,0
2026-03-27 21:39:08.901,1073.415,1141,-2,15,0,1,1,0,0,1,0,0,0
2026-03-27 21:39:09.044,1073.558,1142,-1,15,0,1,1,0,0,1,0,0,0
2026-03-27 21:39:09.092,1073.606,1142,-4,15,0,1,1,0,0,1,0,0,0
2026-03-27 21:39:09.220,1073.734,1141,-1,15,0,1,1,0,0,1,0,0,0
2026-03-27 21:39:09.236,1073.750,1141,-4,15,0,1,1,0,0,1,0,0,0
2026-03-27 21:39:09.317,1073.831,1142,-4,15,0,1,1,0,0,1,0,0,0
2026-03-27 21:39:09.508,1074.022,1141,-4,15,0,1,1,0,0,1,0,0,0
2026-03-27 21:39:09.540,1074.054,1140,-4,15,0,1,1,0,0,1,0,0,0
2026-03-27 21:39:09.684,1074.199,1140,-4,15,0,1,1,0,0,1,0,0,0
2026-03-27 21:39:09.797,1074.311,1141,-2,15,0,1,1,0,0,1,0,0,0
2026-03-27 21:39:09.908,1074.422,1140,-4,15,0,1,1,0,0,1,0,0,0
2026-03-27 21:39:09.910,1074.424,1140,-4,15,0,1,1,0,0,1,0,0,0
2026-03-27 21:39:10.004,1074.518,1141,-4,15,0,1,1,0,0,1,0,0,0
2026-03-27 21:39:10.006,1074.520,1141,-4,14,0,1,1,0,0,1,0,0,0
2026-03-27 21:39:10.100,1074.614,1139,-4,15,0,1,1,0,0,1,0,0,0
2026-03-27 21:39:10.229,1074.743,1140,-2,15,0,1,1,0,0,1,0,0,0
2026-03-27 21:39:10.339,1074.853,1139,-1,14,0,1,1,0,0,1,0,0,0
2026-03-27 21:39:10.356,1074.870,1139,-2,15,0,1,1,0,0,1,0,0,0
2026-03-27 21:39:10.467,1074.981,1140,-4,15,0,1,1,0,0,1,0,0,0
2026-03-27 21:39:10.532,1075.046,1141,-3,14,0,1,1,0,0,1,0,0,0
2026-03-27 21:39:10.661,1075.175,1140,-6,14,0,1,1,0,0,1,0,0,0
2026-03-27 21:39:10.708,1075.222,1140,-3,13,0,1,1,0,0,1,0,0,0
2026-03-27 21:39:10.821,1075.335,1140,-3,13,0,1,1,0,0,1,0,0,0
2026-03-27 21:39:10.964,1075.479,1139,-3,14,0,1,1,0,0,1,0,0,0
2026-03-27 21:39:10.980,1075.494,1139,-3,13,0,1,1,0,0,1,0,0,0
2026-03-27 21:39:10.983,1075.497,1140,-3,14,0,1,1,0,0,1,0,0,0
2026-03-27 21:39:11.108,1075.622,1140,-3,14,0,1,1,0,0,1,0,0,0
2026-03-27 21:39:11.110,1075.624,1142,-5,14,0,1,1,0,0,1,0,0,0
2026-03-27 21:39:11.189,1075.703,1143,-5,14,0,1,1,0,0,1,0,0,0
2026-03-27 21:39:11.268,1075.782,1143,-3,14,0,1,1,0,0,1,0,0,0
2026-03-27 21:39:11.397,1075.911,1143,-6,14,0,1,1,0,0,1,0,0,0
2026-03-27 21:39:11.540,1076.054,1142,-3,14,0,1,1,0,0,1,0,0,0
2026-03-27 21:39:11.588,1076.102,1142,-6,14,0,1,1,0,0,1,0,0,0
2026-03-27 21:39:11.716,1076.230,1142,-3,14,0,1,1,0,0,1,0,0,0
2026-03-27 21:39:11.718,1076.232,1142,-6,14,0,1,1,0,0,1,0,0,0
2026-03-27 21:39:11.732,1076.246,1142,-3,14,0,1,1,0,0,1,0,0,0
2026-03-27 21:39:11.828,1076.342,1142,-3,14,0,1,1,0,0,1,0,0,0
2026-03-27 21:39:11.829,1076.344,1142,-3,14,0,1,1,0,0,1,0,0,0
2026-03-27 21:39:11.972,1076.486,1140,-6,14,0,1,1,0,0,1,0,0,0
2026-03-27 21:39:12.068,1076.582,1140,-5,14,0,1,1,0,0,1,0,0,0
2026-03-27 21:39:12.148,1076.662,1141,-6,14,0,1,1,0,0,1,0,0,0
2026-03-27 21:39:12.260,1076.774,1140,-3,13,0,1,1,0,0,1,0,0,0
2026-03-27 21:39:12.278,1076.792,1141,-3,13,0,1,1,0,0,1,0,0,0
2026-03-27 21:39:12.372,1076.886,1141,-3,13,0,1,1,0,0,1,0,0,0
2026-03-27 21:39:12.374,1076.888,1140,-3,13,0,1,1,0,0,1,0,0,0
2026-03-27 21:39:12.453,1076.967,1141,-3,13,0,1,1,0,0,1,0,0,0
2026-03-27 21:39:12.659,1077.173,1139,-3,13,0,1,1,0,0,1,0,0,0
2026-03-27 21:39:12.661,1077.175,1139,-3,14,0,1,1,0,0,1,0,0,0
2026-03-27 21:39:12.662,1077.176,1140,-3,13,0,1,1,0,0,1,0,0,0
2026-03-27 21:39:12.740,1077.254,1140,-3,14,0,1,1,0,0,1,0,0,0
2026-03-27 21:39:12.742,1077.256,1141,-2,13,0,1,1,0,0,1,0,0,0
2026-03-27 21:39:12.788,1077.303,1140,-3,14,0,1,1,0,0,1,0,0,0
2026-03-27 21:39:12.791,1077.305,1139,-6,13,0,1,1,0,0,1,0,0,0
2026-03-27 21:39:12.916,1077.430,1139,-6,13,0,1,1,0,0,1,0,0,0
2026-03-27 21:39:13.028,1077.542,1139,-3,14,0,1,1,0,0,1,0,0,0
2026-03-27 21:39:13.029,1077.543,1139,-3,13,0,1,1,0,0,1,0,0,0
2026-03-27 21:39:13.031,1077.545,1141,-6,13,0,1,1,0,0,1,0,0,0
2026-03-27 21:39:13.156,1077.670,1141,-6,13,0,1,1,0,0,1,0,0,0
2026-03-27 21:39:13.205,1077.719,1139,-3,14,0,1,1,0,0,1,0,0,0
2026-03-27 21:39:13.316,1077.830,1141,-6,14,0,1,1,0,0,1,0,0,0
2026-03-27 21:39:13.381,1077.895,1141,-6,13,0,1,1,0,0,1,0,0,0
2026-03-27 21:39:13.668,1078.182,1140,-5,14,0,1,1,0,0,1,0,0,0
2026-03-27 21:39:13.860,1078.374,1139,-6,13,0,1,1,0,0,1,0,0,0
2026-03-27 21:39:13.892,1078.406,1137,-6,13,0,1,1,0,0,1,0,0,0
2026-03-27 21:39:14.004,1078.518,1140,-4,14,0,1,1,0,0,1,0,0,0
2026-03-27 21:39:14.164,1078.678,1139,-6,13,0,1,1,0,0,1,0,0,0
2026-03-27 21:39:14.259,1078.773,1140,-3,14,0,1,1,0,0,1,0,0,0
2026-03-27 21:39:14.260,1078.775,1140,-6,14,0,1,1,0,0,1,0,0,0
2026-03-27 21:39:14.340,1078.854,1140,-3,14,0,1,1,0,0,1,0,0,0
2026-03-27 21:39:14.420,1078.934,1140,-2,14,0,1,1,0,0,1,0,0,0
2026-03-27 21:39:14.531,1079.045,1140,-5,14,0,1,1,0,0,1,0,0,0
2026-03-27 21:39:14.533,1079.047,1140,-5,15,0,1,1,0,0,1,0,0,0
2026-03-27 21:39:14.643,1079.157,1139,-5,14,0,1,1,0,0,1,0,0,0
2026-03-27 21:39:14.645,1079.159,1140,-5,14,0,1,1,0,0,1,0,0,0
2026-03-27 21:39:14.708,1079.222,1140,-5,14,0,1,1,0,0,1,0,0,0
2026-03-27 21:39:14.836,1079.350,1141,-3,14,0,1,1,0,0,1,0,0,0
2026-03-27 21:39:15.012,1079.526,1140,-6,14,0,1,1,0,0,1,0,0,0
2026-03-27 21:39:15.092,1079.606,1142,-5,14,0,1,1,0,0,1,0,0,0
2026-03-27 21:39:15.220,1079.734,1143,-5,14,0,1,1,0,0,1,0,0,0
2026-03-27 21:39:15.236,1079.751,1141,-5,14,0,1,1,0,0,1,0,0,0
2026-03-27 21:39:15.283,1079.797,1142,-5,14,0,1,1,0,0,1,0,0,0
2026-03-27 21:39:15.428,1079.942,1141,-5,14,0,1,1,0,0,1,0,0,0
2026-03-27 21:39:15.572,1080.086,1142,-5,14,0,1,1,0,0,1,0,0,0
2026-03-27 21:39:15.684,1080.198,1142,-5,14,0,1,1,0,0,1,0,0,0
2026-03-27 21:39:15.796,1080.310,1141,-5,14,0,1,1,0,0,1,0,0,0
2026-03-27 21:39:15.860,1080.374,1139,-3,14,0,1,1,0,0,1,0,0,0
2026-03-27 21:39:15.955,1080.470,1140,-3,14,0,1,1,0,0,1,0,0,0
2026-03-27 21:39:16.068,1080.582,1140,-5,14,0,1,1,0,0,1,0,0,0
2026-03-27 21:39:16.085,1080.599,1140,-6,14,0,1,1,0,0,1,0,0,0
2026-03-27 21:39:16.164,1080.678,1140,-6,13,0,1,1,0,0,1,0,0,0
2026-03-27 21:39:16.165,1080.679,1141,-6,14,0,1,0,0,0,0,0,0,0
2026-03-27 21:39:16.166,1080.680,1141,-3,14,0,1,1,0,0,1,0,0,0
2026-03-27 21:39:16.292,1080.806,1141,-3,13,0,1,1,0,0,1,0,0,0
2026-03-27 21:39:16.372,1080.886,1140,-5,14,0,1,1,0,0,1,0,0,0
2026-03-27 21:39:16.499,1081.013,1140,-3,14,0,1,1,0,0,1,0,0,0
2026-03-27 21:39:16.500,1081.014,1140,-3,14,0,1,1,0,0,1,0,0,0
2026-03-27 21:39:16.596,1081.110,1141,-6,14,0,1,1,0,0,1,0,0,0
2026-03-27 21:39:16.614,1081.128,1142,-5,14,0,1,1,0,0,1,0,0,0
2026-03-27 21:39:16.692,1081.206,1143,-5,14,0,1,1,0,0,1,0,0,0
2026-03-27 21:39:16.707,1081.221,1142,-5,14,0,1,1,0,0,0,0,0,0
2026-03-27 21:39:16.709,1081.223,1141,-6,14,0,1,1,0,0,1,0,0,0
2026-03-27 21:39:16.820,1081.334,1141,-6,14,0,1,1,0,0,1,0,0,0
2026-03-27 21:39:16.900,1081.414,1141,-6,14,0,1,1,0,0,1,0,0,0
2026-03-27 21:39:16.915,1081.429,1142,-6,14,0,1,1,0,0,1,0,0,0
2026-03-27 21:39:16.980,1081.494,1142,-5,14,0,1,1,0,0,1,0,0,0
2026-03-27 21:39:17.092,1081.606,1140,-3,14,0,1,1,0,0,1,0,0,0
2026-03-27 21:39:17.203,1081.717,1141,-5,14,0,1,1,0,0,1,0,0,0
2026-03-27 21:39:17.331,1081.846,1142,-5,14,0,1,1,0,0,1,0,0,0
2026-03-27 21:39:17.351,1081.865,1142,-5,14,0,1,1,0,0,1,0,0,0
2026-03-27 21:39:17.475,1081.990,1142,-5,14,0,1,1,0,0,1,0,0,0
2026-03-27 21:39:17.620,1082.134,1142,-5,14,0,1,1,0,0,1,0,0,0
2026-03-27 21:39:17.622,1082.137,1142,-5,14,0,1,1,0,0,1,0,0,0
2026-03-27 21:39:17.732,1082.247,1142,-5,14,0,1,1,0,0,1,0,0,0
2026-03-27 21:39:17.812,1082.326,1142,-5,14,0,1,1,0,0,1,0,0,0
2026-03-27 21:39:17.939,1082.454,1143,-3,14,0,1,1,0,0,1,0,0,0
2026-03-27 21:39:17.957,1082.471,1141,-5,14,0,1,1,0,0,1,0,0,0
2026-03-27 21:39:18.179,1082.693,1141,-5,14,0,1,1,0,0,1,0,0,0
2026-03-27 21:39:18.339,1082.853,1142,-6,14,0,1,1,0,0,1,0,0,0
2026-03-27 21:39:18.419,1082.934,1142,-5,14,0,1,1,0,0,1,0,0,0
2026-03-27 21:39:18.564,1083.078,1142,-6,14,0,1,1,0,0,1,0,0,0
2026-03-27 21:39:18.567,1083.081,1142,-5,14,0,1,1,0,0,1,0,0,0
2026-03-27 21:39:18.691,1083.205,1142,-5,14,0,1,1,0,0,1,0,0,0
2026-03-27 21:39:18.803,1083.317,1142,-5,14,0,1,1,0,0,1,0,0,0
2026-03-27 21:39:18.916,1083.430,1142,-6,14,0,1,1,0,0,1,0,0,0
2026-03-27 21:39:18.963,1083.477,1142,-5,14,0,1,1,0,0,1,0,0,0
2026-03-27 21:39:18.964,1083.479,1143,-5,14,0,1,1,0,0,1,0,0,0
2026-03-27 21:39:18.980,1083.494,1142,-5,14,0,1,1,0,0,1,0,0,0
2026-03-27 21:39:19.091,1083.605,1142,-5,14,0,1,1,0,0,1,0,0,0
2026-03-27 21:39:19.093,1083.607,1141,-5,14,0,1,1,0,0,1,0,0,0
2026-03-27 21:39:19.203,1083.717,1141,-5,14,0,1,1,0,0,1,0,0,0
2026-03-27 21:39:19.300,1083.814,1142,-5,14,0,1,1,0,0,1,0,0,0
2026-03-27 21:39:19.395,1083.909,1141,-3,14,0,1,1,0,0,1,0,0,0
2026-03-27 21:39:19.444,1083.958,1142,-5,14,0,1,1,0,0,1,0,0,0
2026-03-27 21:39:19.588,1084.102,1141,-5,14,0,1,1,0,0,1,0,0,0
2026-03-27 21:39:19.668,1084.182,1141,-5,14,0,1,1,0,0,1,0,0,0
2026-03-27 21:39:19.892,1084.406,1143,-5,14,0,1,1,0,0,1,0,0,0
2026-03-27 21:39:20.003,1084.518,1144,-5,14,0,1,1,0,0,1,0,0,0
2026-03-27 21:39:20.006,1084.520,1143,-5,14,0,1,1,0,0,1,0,0,0
2026-03-27 21:39:20.148,1084.662,1144,-6,14,0,1,1,0,0,1,0,0,0
2026-03-27 21:39:20.164,1084.678,1144,-5,14,0,1,1,0,0,1,0,0,0
2026-03-27 21:39:20.292,1084.806,1144,-5,14,0,1,1,0,0,1,0,0,0
2026-03-27 21:39:20.371,1084.886,1144,-5,14,0,1,1,0,0,1,0,0,0
2026-03-27 21:39:20.483,1084.997,1143,-5,14,0,1,1,0,0,1,0,0,0
2026-03-27 21:39:20.499,1085.014,1143,-5,14,0,1,1,0,0,1,0,0,0
2026-03-27 21:39:20.612,1085.126,1142,-5,14,0,1,1,0,0,1,0,0,0
2026-03-27 21:39:20.613,1085.127,1143,-6,14,0,1,1,0,0,1,0,0,0
2026-03-27 21:39:20.615,1085.129,1142,-5,14,0,1,1,0,0,1,0,0,0
2026-03-27 21:39:20.643,1085.158,1142,-5,14,0,1,1,0,0,1,0,0,0
2026-03-27 21:39:20.772,1085.286,1144,-5,14,0,1,1,0,0,1,0,0,0
2026-03-27 21:39:20.775,1085.289,1143,-5,14,0,1,1,0,0,1,0,0,0
2026-03-27 21:39:20.885,1085.399,1143,-5,14,0,1,1,0,0,1,0,0,0
2026-03-27 21:39:20.887,1085.401,1142,-5,14,0,1,1,0,0,1,0,0,0
2026-03-27 21:39:20.996,1085.510,1143,-5,14,0,1,1,0,0,1,0,0,0
2026-03-27 21:39:21.123,1085.637,1142,-5,14,0,1,1,0,0,1,0,0,0
2026-03-27 21:39:21.125,1085.639,1142,-5,14,0,1,1,0,1,0,0,0,0
2026-03-27 21:39:21.126,1085.640,1142,-5,14,0,1,1,0,0,1,0,0,0
2026-03-27 21:39:21.219,1085.734,1143,-5,14,0,1,1,0,0,1,0,0,0
2026-03-27 21:39:21.220,1085.734,1142,-5,14,1,0,0,0,0,0,0,0,0
2026-03-27 21:39:21.235,1085.749,1142,-5,14,0,1,1,0,0,1,0,0,0
2026-03-27 21:39:21.331,1085.845,1142,-5,14,0,1,1,0,0,1,0,0,0
2026-03-27 21:39:21.443,1085.957,1143,-5,14,0,1,1,0,0,1,0,0,0
2026-03-27 21:39:21.507,1086.021,1145,-5,14,0,1,1,0,0,1,0,0,0
2026-03-27 21:39:21.603,1086.117,1143,-5,14,0,1,1,0,0,1,0,0,0
2026-03-27 21:39:21.732,1086.246,1144,-5,14,0,1,1,0,0,1,0,0,0
2026-03-27 21:39:21.891,1086.405,1142,-5,14,0,1,1,0,0,1,0,0,0
2026-03-27 21:39:21.923,1086.437,1143,-3,14,0,1,1,0,0,1,0,0,0
2026-03-27 21:39:22.036,1086.550,1142,-5,14,0,1,1,0,0,1,0,0,0
2026-03-27 21:39:22.131,1086.645,1142,-2,14,0,1,1,0,0,1,0,0,0
2026-03-27 21:39:22.243,1086.757,1142,-3,14,0,1,1,0,0,1,0,0,0
2026-03-27 21:39:22.323,1086.837,1143,-5,14,0,1,1,0,0,1,0,0,0
2026-03-27 21:39:22.467,1086.981,1143,-5,14,0,1,1,0,0,1,0,0,0
2026-03-27 21:39:22.468,1086.982,1143,-6,14,0,1,1,0,0,1,0,0,0
2026-03-27 21:39:22.470,1086.984,1143,-2,14,0,1,1,0,0,1,0,0,0
2026-03-27 21:39:22.595,1087.110,1143,-3,14,0,1,1,0,0,1,0,0,0
2026-03-27 21:39:22.611,1087.125,1143,-3,14,0,1,0,0,0,0,0,0,0
2026-03-27 21:39:22.613,1087.127,1143,-5,14,0,1,1,0,0,1,0,0,0
2026-03-27 21:39:22.660,1087.174,1143,-6,14,0,1,1,0,0,1,0,0,0
2026-03-27 21:39:22.787,1087.301,1143,-6,14,0,1,1,0,0,1,0,0,0
2026-03-27 21:39:22.915,1087.429,1143,-5,14,0,1,1,0,0,1,0,0,0
2026-03-27 21:39:22.995,1087.509,1143,-6,14,0,1,1,0,0,1,0,0,0
2026-03-27 21:39:23.156,1087.670,1143,-5,14,0,1,1,0,0,1,0,0,0
2026-03-27 21:39:23.219,1087.733,1143,-6,14,0,1,1,0,0,1,0,0,0
2026-03-27 21:39:23.299,1087.813,1144,-5,14,0,1,1,0,0,1,0,0,0
2026-03-27 21:39:23.316,1087.830,1143,-6,14,0,1,1,0,0,1,0,0,0
2026-03-27 21:39:23.363,1087.877,1143,-5,14,0,1,1,0,0,1,0,0,0
2026-03-27 21:39:23.366,1087.880,1143,-2,14,0,1,1,0,0,1,0,0,0
2026-03-27 21:39:23.443,1087.957,1143,-3,14,0,1,1,0,0,1,0,0,0
2026-03-27 21:39:23.555,1088.069,1142,-2,14,0,1,1,0,0,1,0,0,0
2026-03-27 21:39:23.667,1088.182,1143,-5,14,0,1,1,0,0,1,0,0,0
2026-03-27 21:39:23.763,1088.277,1144,-5,14,0,1,1,0,0,1,0,0,0
2026-03-27 21:39:23.779,1088.293,1144,-5,14,0,1,1,0,0,1,0,0,0
2026-03-27 21:39:23.843,1088.357,1145,-5,14,0,1,1,0,0,1,0,0,0
2026-03-27 21:39:23.955,1088.469,1146,-5,14,0,1,1,0,0,1,0,0,0
2026-03-27 21:39:23.956,1088.470,1147,-5,14,0,1,1,0,0,1,0,0,0
2026-03-27 21:39:24.035,1088.549,1147,-3,14,0,1,1,0,0,1,0,0,0
2026-03-27 21:39:24.196,1088.710,1149,-3,14,0,1,1,0,0,1,0,0,0
2026-03-27 21:39:24.324,1088.838,1148,-5,14,0,1,1,0,0,1,0,0,0
2026-03-27 21:39:24.341,1088.855,1148,-6,14,0,1,1,0,0,1,0,0,0
2026-03-27 21:39:24.435,1088.949,1148,-6,14,0,1,1,0,0,1,0,0,0
2026-03-27 21:39:24.499,1089.013,1146,-5,14,0,1,1,0,0,1,0,0,0
2026-03-27 21:39:24.627,1089.141,1144,-5,14,0,1,1,0,0,1,0,0,0
2026-03-27 21:39:24.739,1089.254,1145,-5,14,0,1,1,0,0,1,0,0,0
2026-03-27 21:39:24.741,1089.255,1145,-5,14,0,1,1,0,0,1,0,0,0
2026-03-27 21:39:24.742,1089.256,5,0,14,0,1,1,0,0,1,0,0,0
2026-03-27 21:39:24.819,1089.334,1143,-3,14,0,1,1,0,0,1,0,0,0
2026-03-27 21:39:24.979,1089.494,1143,-5,14,0,1,1,0,0,1,0,0,0
2026-03-27 21:39:24.995,1089.509,1143,-2,14,0,1,1,0,0,1,0,0,0
2026-03-27 21:39:25.076,1089.590,1143,-2,14,0,1,1,0,0,1,0,0,0
2026-03-27 21:39:25.171,1089.686,1143,-5,14,0,1,1,0,0,1,0,0,0
2026-03-27 21:39:25.174,1089.688,1145,-3,14,0,1,1,0,0,1,0,0,0
2026-03-27 21:39:25.267,1089.781,1145,-3,14,0,1,1,0,0,1,0,0,0
2026-03-27 21:39:25.270,1089.784,1144,-6,14,0,1,1,0,0,1,0,0,0
2026-03-27 21:39:25.379,1089.894,1144,-5,14,0,1,1,0,0,1,0,0,0
2026-03-27 21:39:25.395,1089.909,1143,-5,14,0,1,1,0,0,1,0,0,0
2026-03-27 21:39:25.508,1090.022,1143,-6,14,0,1,1,0,0,1,0,0,0
2026-03-27 21:39:25.510,1090.024,1144,-5,14,0,1,1,0,0,1,0,0,0
2026-03-27 21:39:25.588,1090.102,1144,-5,14,0,1,1,0,0,1,0,0,0
2026-03-27 21:39:25.732,1090.246,1144,-5,14,0,1,1,0,0,1,0,0,0
2026-03-27 21:39:25.733,1090.247,1144,-2,14,0,1,1,0,0,0,0,0,0
2026-03-27 21:39:25.734,1090.248,1143,-3,14,0,1,1,0,0,1,0,0,0
2026-03-27 21:39:25.811,1090.325,1143,-3,14,0,1,1,0,0,1,0,0,0
2026-03-27 21:39:25.907,1090.421,1144,-3,14,0,1,1,0,0,1,0,0,0
2026-03-27 21:39:25.955,1090.469,1144,-5,14,0,1,1,0,0,1,0,0,0
2026-03-27 21:39:25.957,1090.471,1144,-2,14,0,1,1,0,0,1,0,0,0
2026-03-27 21:39:26.019,1090.533,1144,-3,14,0,1,1,0,0,1,0,0,0
2026-03-27 21:39:26.035,1090.549,1144,-3,14,0,1,1,0,0,1,0,0,0
2026-03-27 21:39:26.147,1090.661,1142,-5,14,0,1,1,0,0,1,0,0,0
2026-03-27 21:39:26.148,1090.663,1143,-5,14,0,1,1,0,0,1,0,0,0
2026-03-27 21:39:26.164,1090.678,1143,-3,14,0,1,1,0,0,1,0,0,0
2026-03-27 21:39:26.275,1090.789,1144,-5,14,0,1,1,0,0,1,0,0,0
2026-03-27 21:39:26.387,1090.901,1143,-5,14,0,1,1,0,0,1,0,0,0
2026-03-27 21:39:26.435,1090.949,1142,-3,14,0,1,1,0,0,1,0,0,0
2026-03-27 21:39:26.595,1091.109,1144,-5,14,0,1,1,0,0,1,0,0,0
2026-03-27 21:39:26.691,1091.205,1144,-6,14,0,1,1,0,0,1,0,0,0
2026-03-27 21:39:26.803,1091.317,1144,-3,14,0,1,1,0,0,1,0,0,0
2026-03-27 21:39:26.914,1091.429,1143,-5,14,0,1,1,0,0,1,0,0,0
2026-03-27 21:39:26.917,1091.432,1144,-5,14,0,1,1,0,0,1,0,0,0
2026-03-27 21:39:26.933,1091.447,1144,-5,14,0,1,1,0,0,1,0,0,0
2026-03-27 21:39:27.028,1091.542,1144,-6,14,0,1,1,0,0,1,0,0,0
2026-03-27 21:39:27.030,1091.544,1144,-6,14,0,1,1,0,0,1,0,0,0
2026-03-27 21:39:27.123,1091.638,1144,-5,14,0,1,1,0,0,1,0,0,0
2026-03-27 21:39:27.219,1091.733,1144,-3,14,0,1,1,0,0,1,0,0,0
2026-03-27 21:39:27.236,1091.750,1143,-3,14,0,1,1,0,0,1,0,0,0
2026-03-27 21:39:27.347,1091.862,1143,-2,14,0,1,1,0,0,1,0,0,0
2026-03-27 21:39:27.475,1091.989,1143,-2,14,0,1,1,0,0,1,0,0,0
2026-03-27 21:39:27.587,1092.101,1143,-2,14,0,1,1,0,0,1,0,0,0
2026-03-27 21:39:27.651,1092.165,1143,-5,14,0,1,1,0,0,1,0,0,0
2026-03-27 21:39:27.652,1092.166,1143,-5,14,0,1,1,0,0,1,0,0,0
2026-03-27 21:39:27.763,1092.277,1143,-3,14,0,1,1,0,0,1,0,0,0
2026-03-27 21:39:27.875,1092.389,1144,-5,14,0,1,1,0,0,1,0,0,0
2026-03-27 21:39:27.972,1092.486,1144,-6,14,0,1,1,0,0,1,0,0,0
2026-03-27 21:39:28.099,1092.614,1144,-5,14,0,1,1,0,0,1,0,0,0
2026-03-27 21:39:28.227,1092.741,1143,-6,14,0,1,1,0,0,1,0,0,0
2026-03-27 21:39:28.323,1092.837,1144,-5,14,0,1,1,0,0,1,0,0,0
2026-03-27 21:39:28.403,1092.917,1144,-5,14,0,1,1,0,0,1,0,0,0
2026-03-27 21:39:28.484,1092.998,1145,-3,14,0,1,1,0,0,1,0,0,0
2026-03-27 21:39:28.627,1093.141,1144,-5,14,0,1,1,0,0,1,0,0,0
2026-03-27 21:39:28.739,1093.254,1145,-2,14,0,1,1,0,0,1,0,0,0
2026-03-27 21:39:28.851,1093.365,1145,-3,14,0,1,1,0,0,1,0,0,0
2026-03-27 21:39:28.979,1093.493,1144,-5,14,0,1,1,0,0,1,0,0,0
2026-03-27 21:39:28.995,1093.509,1144,-3,14,0,1,1,0,0,1,0,0,0
2026-03-27 21:39:29.043,1093.557,1144,-3,14,0,1,1,0,0,1,0,0,0
2026-03-27 21:39:29.155,1093.669,1145,-3,14,0,1,1,0,0,1,0,0,0
2026-03-27 21:39:29.283,1093.797,1144,-6,14,0,1,1,0,0,1,0,0,0
2026-03-27 21:39:29.315,1093.830,1144,-5,14,0,1,1,0,0,1,0,0,0
2026-03-27 21:39:29.458,1093.973,1143,-5,14,0,1,1,0,0,1,0,0,0
2026-03-27 21:39:29.587,1094.101,1142,-5,14,0,1,1,0,0,1,0,0,0
2026-03-27 21:39:29.667,1094.181,1141,-2,14,0,1,1,0,0,1,0,0,0
2026-03-27 21:39:29.668,1094.182,1142,-5,15,0,1,1,0,0,1,0,0,0
2026-03-27 21:39:29.699,1094.213,1142,-3,14,0,1,1,0,0,1,0,0,0
2026-03-27 21:39:29.716,1094.230,1142,-5,14,0,1,1,0,0,1,0,0,0
2026-03-27 21:39:29.795,1094.309,1142,-5,14,0,1,1,0,0,1,0,0,0
2026-03-27 21:39:29.907,1094.421,1143,-5,14,0,1,1,0,0,1,0,0,0
2026-03-27 21:39:29.909,1094.423,1142,-5,14,0,1,1,0,0,1,0,0,0
2026-03-27 21:39:30.067,1094.581,110,0,0,0,0,0,0,0,0,0,0,0
2026-03-27 21:39:30.083,1094.597,1142,-3,14,0,1,1,0,0,1,0,0,0
2026-03-27 21:39:30.084,1094.598,11,0,0,0,0,0,0,0,1,0,0,0
2026-03-27 21:39:30.275,1094.789,1142,-6,14,0,1,1,0,0,1,0,0,0
2026-03-27 21:39:30.276,1094.790,1143,-5,14,0,1,1,0,0,1,0,0,0
2026-03-27 21:39:30.419,1094.934,1142,-5,14,0,1,1,0,0,1,0,0,0
2026-03-27 21:39:30.531,1095.045,1144,-5,14,0,1,1,0,0,1,0,0,0
2026-03-27 21:39:30.627,1095.141,1143,-5,14,0,1,1,0,0,1,0,0,0
2026-03-27 21:39:30.755,1095.269,1142,-2,14,0,1,1,0,0,1,0,0,0
2026-03-27 21:39:30.867,1095.381,1142,-3,14,0,1,1,0,0,1,0,0,0
2026-03-27 21:39:30.947,1095.461,1143,-3,14,0,1,1,0,0,1,0,0,0
2026-03-27 21:39:30.962,1095.477,1143,-5,14,0,1,1,0,0,1,0,0,0
2026-03-27 21:39:30.995,1095.509,1144,-5,14,0,1,1,0,0,1,0,0,0
2026-03-27 21:39:31.171,1095.685,1145,-3,14,0,1,1,0,0,1,0,0,0
2026-03-27 21:39:31.283,1095.797,1144,-5,14,0,1,1,0,0,1,0,0,0
2026-03-27 21:39:31.331,1095.845,1144,-5,14,0,1,1,0,0,1,0,0,0
2026-03-27 21:39:31.474,1095.988,1144,-3,14,0,1,1,0,0,1,0,0,0
2026-03-27 21:39:31.555,1096.069,1144,-3,14,0,1,1,0,0,1,0,0,0
2026-03-27 21:39:31.602,1096.117,1145,-6,14,0,1,1,0,0,1,0,0,0
2026-03-27 21:39:31.683,1096.197,1145,-3,14,0,1,1,0,0,1,0,0,0
2026-03-27 21:39:31.685,1096.199,1146,-3,14,0,1,1,0,0,1,0,0,0
2026-03-27 21:39:31.843,1096.357,1146,-3,14,0,1,1,0,0,1,0,0,0
2026-03-27 21:39:31.939,1096.453,1143,-6,14,0,1,1,0,0,1,0,0,0
2026-03-27 21:39:31.956,1096.470,1143,-3,14,0,1,1,0,0,1,0,0,0
2026-03-27 21:39:32.018,1096.533,1144,-2,14,0,1,1,0,0,1,0,0,0
2026-03-27 21:39:32.163,1096.677,1143,-3,14,0,1,1,0,0,1,0,0,0
2026-03-27 21:39:32.165,1096.679,1146,-6,14,0,1,1,0,0,1,0,0,0
2026-03-27 21:39:32.211,1096.725,1146,-5,14,0,1,1,0,0,1,0,0,0
2026-03-27 21:39:32.339,1096.853,1145,-5,14,0,1,1,0,0,1,0,0,0
2026-03-27 21:39:32.342,1096.856,1144,-3,14,0,1,1,0,0,1,0,0,0
2026-03-27 21:39:32.451,1096.966,1144,-2,14,0,1,1,0,0,1,0,0,0
2026-03-27 21:39:32.579,1097.093,1145,-3,14,0,1,1,0,0,1,0,0,0
2026-03-27 21:39:32.611,1097.125,1145,-5,14,0,1,1,0,0,1,0,0,0
2026-03-27 21:39:32.691,1097.205,1145,-5,14,0,1,1,0,0,1,0,0,0
2026-03-27 21:39:32.819,1097.333,1146,-3,14,0,1,1,0,0,1,0,0,0
2026-03-27 21:39:32.947,1097.461,1147,-3,14,0,1,1,0,0,1,0,0,0
2026-03-27 21:39:32.948,1097.462,1147,-3,14,0,1,1,0,0,1,0,0,0
2026-03-27 21:39:32.949,1097.463,1146,0,0,0,0,0,0,0,1,0,0,0
2026-03-27 21:39:32.995,1097.509,1147,-3,14,0,1,1,0,0,1,0,0,0
2026-03-27 21:39:32.996,1097.510,1147,-3,14,0,1,1,0,0,1,0,0,0
2026-03-27 21:39:33.139,1097.653,1145,-3,14,0,1,1,0,0,1,0,0,0
2026-03-27 21:39:33.203,1097.717,1145,-6,14,0,1,1,0,0,1,0,0,0
2026-03-27 21:39:33.363,1097.877,1146,-3,14,0,1,1,0,0,1,0,0,0
2026-03-27 21:39:33.395,1097.909,1147,-3,14,0,1,1,0,0,1,0,0,0
2026-03-27 21:39:33.411,1097.925,1148,-3,14,0,1,1,0,0,1,0,0,0
2026-03-27 21:39:33.523,1098.037,1147,-5,14,0,1,1,0,0,1,0,0,0
2026-03-27 21:39:33.540,1098.054,1147,-3,14,0,1,1,0,0,1,0,0,0
2026-03-27 21:39:33.699,1098.213,1147,-5,14,0,1,1,0,0,1,0,0,0
2026-03-27 21:39:33.795,1098.310,1144,-2,14,0,1,1,0,0,1,0,0,0
2026-03-27 21:39:33.859,1098.373,1145,-3,14,0,1,1,0,0,1,0,0,0
2026-03-27 21:39:33.939,1098.453,1143,-2,14,0,1,1,0,0,1,0,0,0
2026-03-27 21:39:34.019,1098.533,1143,-5,14,0,1,1,0,0,1,0,0,0
2026-03-27 21:39:34.115,1098.629,1146,-3,14,0,1,1,0,0,1,0,0,0
2026-03-27 21:39:34.259,1098.773,1146,-6,14,0,1,1,0,0,1,0,0,0
2026-03-27 21:39:34.339,1098.853,1146,-3,14,0,1,1,0,0,1,0,0,0
2026-03-27 21:39:34.419,1098.933,1145,-6,14,0,1,1,0,0,1,0,0,0
2026-03-27 21:39:34.420,1098.934,1145,-5,14,0,1,1,0,0,1,0,0,0
2026-03-27 21:39:34.482,1098.996,1145,-5,14,0,1,1,0,0,1,0,0,0
2026-03-27 21:39:34.499,1099.013,1145,-3,14,0,1,1,0,0,1,0,0,0
2026-03-27 21:39:34.500,1099.014,1145,-3,0,0,0,0,0,0,1,0,0,0
2026-03-27 21:39:34.642,1099.156,1144,-5,14,0,1,1,0,0,1,0,0,0
2026-03-27 21:39:34.739,1099.253,1145,-5,14,0,1,1,0,0,1,0,0,0
2026-03-27 21:39:34.755,1099.269,1145,-5,14,0,1,1,0,0,1,0,0,0
2026-03-27 21:39:34.851,1099.365,1146,-3,14,0,1,1,0,0,1,0,0,0
2026-03-27 21:39:34.915,1099.429,1146,-3,14,0,1,1,0,0,1,0,0,0
2026-03-27 21:39:35.107,1099.621,1145,-3,14,0,1,1,0,0,1,0,0,0
2026-03-27 21:39:35.139,1099.653,1146,-3,14,0,1,1,0,0,1,0,0,0
2026-03-27 21:39:35.299,1099.813,1146,-3,14,0,1,1,0,0,1,0,0,0
2026-03-27 21:39:35.442,1099.957,1146,-5,14,0,1,1,0,0,1,0,0,0
2026-03-27 21:39:35.444,1099.958,1146,-5,14,0,1,1,0,0,1,0,0,0
2026-03-27 21:39:35.475,1099.989,1147,-5,15,0,1,1,0,0,1,0,0,0
2026-03-27 21:39:35.555,1100.069,1147,-5,14,0,1,1,0,0,1,0,0,0
2026-03-27 21:39:35.571,1100.085,1145,-5,14,0,1,1,0,0,1,0,0,0
2026-03-27 21:39:35.715,1100.229,1145,-5,14,0,1,1,0,0,1,0,0,0
2026-03-27 21:39:35.716,1100.231,1144,-5,15,0,0,1,0,0,1,0,0,0
2026-03-27 21:39:35.795,1100.309,1144,-3,14,0,1,1,0,0,1,0,0,0
2026-03-27 21:39:35.811,1100.325,1145,-3,14,0,1,1,0,0,1,0,0,0
2026-03-27 21:39:35.891,1100.405,1145,-5,14,0,1,1,0,0,1,0,0,0
2026-03-27 21:39:36.034,1100.549,1146,-3,14,0,1,1,0,0,1,0,0,0
2026-03-27 21:39:36.036,1100.550,1146,-3,14,0,1,1,0,0,1,0,0,0
2026-03-27 21:39:36.043,1100.557,1145,-6,14,0,1,1,0,0,1,0,0,0
2026-03-27 21:39:36.083,1100.597,1146,-5,14,0,1,1,0,0,1,0,0,0
2026-03-27 21:39:36.227,1100.741,1145,-3,14,0,1,1,0,0,1,0,0,0
2026-03-27 21:39:36.322,1100.836,1144,-3,14,0,1,1,0,0,1,0,0,0
2026-03-27 21:39:36.403,1100.917,1145,-3,14,0,1,1,0,0,1,0,0,0
2026-03-27 21:39:36.546,1101.061,1145,-3,14,0,1,1,0,0,1,0,0,0
2026-03-27 21:39:36.642,1101.157,1144,-3,14,0,1,1,0,0,1,0,0,0
2026-03-27 21:39:36.803,1101.317,1146,-3,14,0,1,1,0,0,1,0,0,0
2026-03-27 21:39:36.915,1101.429,1146,-3,14,0,1,1,0,0,1,0,0,0
2026-03-27 21:39:36.916,1101.430,1146,-3,14,0,1,1,0,0,1,0,0,0
2026-03-27 21:39:36.917,1101.431,1,0,0,0,0,0,0,0,0,0,0,0
2026-03-27 21:39:36.918,1101.432,1145,-5,14,0,1,1,0,0,1,0,0,0
2026-03-27 21:39:37.043,1101.557,1145,-5,14,0,1,1,0,0,1,0,0,0
2026-03-27 21:39:37.139,1101.653,1145,-3,14,0,1,1,0,0,1,0,0,0
2026-03-27 21:39:37.235,1101.749,1144,-3,14,0,1,1,0,0,1,0,0,0
2026-03-27 21:39:37.298,1101.812,1145,-5,14,0,1,1,0,0,1,0,0,0
2026-03-27 21:39:37.426,1101.941,1145,-5,14,0,1,1,0,0,1,0,0,0
2026-03-27 21:39:37.523,1102.037,1144,-3,14,0,1,1,0,0,1,0,0,0
2026-03-27 21:39:37.540,1102.054,1144,-6,14,0,1,1,0,0,1,0,0,0
2026-03-27 21:39:37.603,1102.117,1145,-3,14,0,1,1,0,0,1,0,0,0
2026-03-27 21:39:37.763,1102.277,1145,-5,14,0,1,1,0,0,1,0,0,0
2026-03-27 21:39:37.906,1102.420,1145,-3,14,0,1,1,0,0,1,0,0,0
2026-03-27 21:39:37.924,1102.438,1146,-6,14,0,1,1,0,0,1,0,0,0
2026-03-27 21:39:37.955,1102.469,1145,-6,14,0,1,1,0,0,1,0,0,0
2026-03-27 21:39:37.956,1102.470,1146,-5,14,0,1,1,0,0,1,0,0,0
2026-03-27 21:39:37.958,1102.472,1146,-3,14,0,1,1,0,0,1,0,0,0
2026-03-27 21:39:38.130,1102.645,1145,-3,14,0,1,1,0,0,1,0,0,0
2026-03-27 21:39:38.195,1102.709,1145,-3,14,0,1,1,0,0,1,0,0,0
2026-03-27 21:39:38.274,1102.788,1145,-5,14,0,1,1,0,0,1,0,0,0
2026-03-27 21:39:38.387,1102.901,1144,-3,14,0,1,1,0,0,1,0,0,0
2026-03-27 21:39:38.467,1102.981,1144,-2,14,0,1,1,0,0,1,0,0,0
2026-03-27 21:39:38.579,1103.093,1145,-3,14,0,1,1,0,0,1,0,0,0
2026-03-27 21:39:38.595,1103.110,1144,-3,14,0,1,1,0,0,1,0,0,0
2026-03-27 21:39:38.706,1103.221,1144,-3,14,0,1,1,0,0,1,0,0,0
2026-03-27 21:39:38.866,1103.381,1145,-3,14,0,1,1,0,0,1,0,0,0
2026-03-27 21:39:39.011,1103.525,1144,-3,14,0,1,1,0,0,1,0,0,0
2026-03-27 21:39:39.042,1103.556,1145,-6,14,0,1,1,0,0,1,0,0,0
2026-03-27 21:39:39.170,1103.684,1145,-3,14,0,1,1,0,0,1,0,0,0
2026-03-27 21:39:39.251,1103.765,1144,-3,14,0,1,1,0,0,1,0,0,0
2026-03-27 21:39:39.346,1103.861,1145,-6,14,0,1,1,0,0,1,0,0,0
2026-03-27 21:39:39.443,1103.957,1144,-3,14,0,1,1,0,0,1,0,0,0
2026-03-27 21:39:39.531,1104.045,1145,-6,14,0,1,1,0,0,1,0,0,0
2026-03-27 21:39:39.541,1104.055,1145,-5,14,0,1,1,0,0,1,0,0,0
2026-03-27 21:39:39.634,1104.148,1143,-3,14,0,1,1,0,0,1,0,0,0
2026-03-27 21:39:39.779,1104.293,1143,-5,14,0,1,1,0,0,1,0,0,0
2026-03-27 21:39:39.781,1104.295,1143,-5,14,0,1,1,0,0,1,0,0,0
2026-03-27 21:39:39.907,1104.421,1143,-5,14,0,1,1,0,0,1,0,0,0
2026-03-27 21:39:39.986,1104.500,1145,-5,14,0,1,1,0,0,1,0,0,0
2026-03-27 21:39:40.099,1104.613,1146,-2,14,0,1,1,0,0,1,0,0,0
2026-03-27 21:39:40.195,1104.709,1144,-3,14,0,1,1,0,0,1,0,0,0
2026-03-27 21:39:40.307,1104.821,1144,-5,14,0,1,1,0,0,1,0,0,0
2026-03-27 21:39:40.308,1104.822,1145,-3,14,0,1,1,0,0,1,0,0,0
2026-03-27 21:39:40.403,1104.917,1144,-5,14,0,1,1,0,0,1,0,0,0
2026-03-27 21:39:40.482,1104.996,1144,-6,14,0,1,1,0,0,1,0,0,0
2026-03-27 21:39:40.610,1105.124,1144,-6,14,0,1,1,0,0,1,0,0,0
2026-03-27 21:39:40.627,1105.141,1145,-5,14,0,1,1,0,0,1,0,0,0
2026-03-27 21:39:40.738,1105.252,1144,-5,14,0,1,1,0,0,1,0,0,0
2026-03-27 21:39:40.819,1105.333,1145,-5,14,0,1,1,0,0,1,0,0,0
2026-03-27 21:39:40.947,1105.461,1144,-3,14,0,1,1,0,0,1,0,0,0
2026-03-27 21:39:40.949,1105.464,1144,-3,14,0,1,1,0,0,1,0,0,0
2026-03-27 21:39:41.026,1105.541,1144,-3,14,0,1,1,0,0,1,0,0,0
2026-03-27 21:39:41.028,1105.542,1144,-6,14,0,1,0,0,0,0,0,0,0
2026-03-27 21:39:41.029,1105.543,1144,-5,14,0,1,1,0,0,1,0,0,0
2026-03-27 21:39:41.155,1105.669,1144,-5,14,0,1,1,0,0,1,0,0,0
2026-03-27 21:39:41.234,1105.748,1145,-5,14,0,1,1,0,0,1,0,0,0
2026-03-27 21:39:41.330,1105.844,1145,-6,14,0,1,1,0,0,1,0,0,0
2026-03-27 21:39:41.442,1105.956,1144,-5,14,0,1,1,0,0,1,0,0,0
2026-03-27 21:39:41.570,1106.085,1143,-40,1108,0,1,1,0,0,1,0,0,0
2026-03-27 21:39:41.714,1106.229,1145,-5,14,0,1,1,0,0,1,0,0,0
2026-03-27 21:39:41.732,1106.246,1144,-4,15,0,1,1,0,0,1,0,0,0
2026-03-27 21:39:41.842,1106.356,1144,-5,14,0,1,1,0,0,1,0,0,0
2026-03-27 21:39:42.226,1106.740,1147,-5,14,0,1,1,0,0,1,0,0,0
2026-03-27 21:39:42.275,1106.789,1144,-5,14,0,1,1,0,0,1,0,0,0
2026-03-27 21:39:42.276,1106.790,1144,-5,14,0,1,1,0,0,1,0,0,0
2026-03-27 21:39:42.386,1106.900,1143,-5,14,0,1,1,0,0,1,0,0,0
2026-03-27 21:39:42.403,1106.917,1144,-5,14,0,1,1,0,0,1,0,0,0
2026-03-27 21:39:42.531,1107.045,1143,-5,14,0,1,1,0,0,1,0,0,0
2026-03-27 21:39:42.627,1107.141,1144,-5,14,0,1,1,0,0,1,0,0,0
2026-03-27 21:39:42.818,1107.332,1144,-3,14,0,1,1,0,0,1,0,0,0
2026-03-27 21:39:42.867,1107.381,1144,-5,14,0,1,1,0,0,1,0,0,0
2026-03-27 21:39:42.978,1107.492,1144,-5,14,0,1,1,0,0,1,0,0,0
2026-03-27 21:39:43.170,1107.684,1143,-5,14,0,1,1,0,0,1,0,0,0
2026-03-27 21:39:43.186,1107.700,1144,-6,14,0,1,1,0,0,1,0,0,0
2026-03-27 21:39:43.298,1107.812,1144,-3,14,0,1,1,0,0,1,0,0,0
2026-03-27 21:39:43.346,1107.860,1143,-5,14,0,1,1,0,0,1,0,0,0
2026-03-27 21:39:43.458,1107.972,1143,-3,14,0,1,1,0,0,1,0,0,0
2026-03-27 21:39:43.571,1108.085,1144,-5,14,0,1,1,0,0,1,0,0,0
2026-03-27 21:39:43.618,1108.132,1144,-5,14,0,1,1,0,0,1,0,0,0
2026-03-27 21:39:43.746,1108.261,1143,-3,14,0,1,1,0,0,1,0,0,0
2026-03-27 21:39:43.890,1108.404,1145,-5,14,0,1,1,0,0,1,0,0,0
2026-03-27 21:39:43.986,1108.500,1143,-3,14,0,1,1,0,0,1,0,0,0
2026-03-27 21:39:44.082,1108.596,1143,-6,14,0,1,1,0,0,1,0,0,0
2026-03-27 21:39:44.086,1108.600,1142,-2,14,0,1,1,0,0,1,0,0,0
2026-03-27 21:39:44.211,1108.725,1143,-5,14,0,1,1,0,0,1,0,0,0
2026-03-27 21:39:44.212,1108.726,1143,-5,14,0,0,0,0,0,0,0,0,0
2026-03-27 21:39:44.290,1108.804,1142,-5,14,0,1,1,0,0,1,0,0,0
2026-03-27 21:39:44.292,1108.806,1142,-5,14,0,1,1,0,0,1,0,0,0
2026-03-27 21:39:44.385,1108.900,1142,-5,14,0,1,1,0,0,1,0,0,0
2026-03-27 21:39:44.402,1108.916,1143,-5,14,0,1,1,0,0,1,0,0,0
2026-03-27 21:39:44.482,1108.996,1144,-5,14,0,1,1,0,0,1,0,0,0
2026-03-27 21:39:44.483,1108.997,1143,-5,14,0,1,1,0,0,1,0,0,0
2026-03-27 21:39:44.485,1108.999,1143,-3,14,0,1,1,0,0,1,0,0,0
2026-03-27 21:39:44.594,1109.108,1144,-3,14,0,1,1,0,0,1,0,0,0
2026-03-27 21:39:44.610,1109.124,1144,-5,14,0,1,1,0,0,1,0,0,0
2026-03-27 21:39:44.706,1109.220,1145,-5,14,0,1,1,0,0,1,0,0,0
2026-03-27 21:39:44.771,1109.285,1144,-6,14,0,1,1,0,0,1,0,0,0
2026-03-27 21:39:44.962,1109.476,1144,-3,14,0,1,1,0,0,1,0,0,0
2026-03-27 21:39:44.994,1109.508,1145,-5,14,0,1,1,0,0,1,0,0,0
2026-03-27 21:39:45.106,1109.620,1144,-6,14,0,1,1,0,0,1,0,0,0
2026-03-27 21:39:45.107,1109.622,1144,-5,14,0,1,1,0,0,1,0,0,0
2026-03-27 21:39:45.218,1109.733,1142,-3,14,0,1,1,0,0,1,0,0,0
2026-03-27 21:39:45.330,1109.844,1142,-5,14,0,1,1,0,0,1,0,0,0
2026-03-27 21:39:45.332,1109.846,1141,-6,14,0,1,1,0,0,1,0,0,0
2026-03-27 21:39:45.426,1109.940,1141,-5,14,0,1,1,0,0,1,0,0,0
2026-03-27 21:39:45.428,1109.943,1140,-5,14,0,1,1,0,0,1,0,0,0
2026-03-27 21:39:45.538,1110.052,1140,-6,14,0,1,1,0,0,1,0,0,0
2026-03-27 21:39:45.634,1110.148,1141,-3,14,0,1,1,0,0,1,0,0,0
2026-03-27 21:39:45.635,1110.149,1141,-2,14,0,1,1,0,0,1,0,0,0
2026-03-27 21:39:45.636,1110.150,1141,-5,14,0,0,0,0,0,0,0,0,0
2026-03-27 21:39:45.650,1110.165,1141,-5,14,0,1,1,0,0,1,0,0,0
2026-03-27 21:39:45.715,1110.229,1141,-5,14,0,1,1,0,0,1,0,0,0
2026-03-27 21:39:45.794,1110.308,1142,-3,14,0,1,1,0,0,1,0,0,0
2026-03-27 21:39:46.002,1110.516,1142,-3,14,0,1,1,0,0,1,0,0,0
2026-03-27 21:39:46.067,1110.581,1141,-6,14,0,1,1,0,0,1,0,0,0
2026-03-27 21:39:46.146,1110.660,1143,-2,14,0,1,1,0,0,1,0,0,0
2026-03-27 21:39:46.258,1110.772,1142,-5,14,0,1,1,0,0,1,0,0,0
2026-03-27 21:39:46.386,1110.901,1142,-5,14,0,1,1,0,0,1,0,0,0
2026-03-27 21:39:46.450,1110.964,1141,-3,14,0,1,1,0,0,1,0,0,0
2026-03-27 21:39:46.498,1111.012,1142,-6,14,0,1,1,0,0,1,0,0,0
2026-03-27 21:39:46.514,1111.028,1141,-5,14,0,1,1,0,0,1,0,0,0
2026-03-27 21:39:46.626,1111.141,1141,-5,14,0,1,1,0,0,1,0,0,0
2026-03-27 21:39:46.690,1111.205,1140,-5,14,0,1,1,0,0,1,0,0,0
2026-03-27 21:39:46.770,1111.284,1140,-3,14,0,1,1,0,0,1,0,0,0
2026-03-27 21:39:46.867,1111.381,1140,-2,14,0,1,1,0,0,1,0,0,0
2026-03-27 21:39:47.074,1111.588,1140,-5,14,0,1,1,0,0,1,0,0,0
2026-03-27 21:39:47.106,1111.621,1141,-5,14,0,1,1,0,0,1,0,0,0
2026-03-27 21:39:47.250,1111.765,1143,-5,14,0,1,1,0,0,1,0,0,0
2026-03-27 21:39:47.330,1111.844,1143,-2,14,0,1,1,0,0,1,0,0,0
2026-03-27 21:39:47.332,1111.846,1143,-3,14,0,1,1,0,0,1,0,0,0
2026-03-27 21:39:47.458,1111.972,1144,-6,14,0,1,1,0,0,1,0,0,0
2026-03-27 21:39:47.474,1111.988,1143,-6,14,0,1,1,0,0,1,0,0,0
2026-03-27 21:39:47.479,1111.993,1141,-6,14,0,1,1,0,0,1,0,0,0
2026-03-27 21:39:47.554,1112.069,1141,-5,14,0,1,1,0,0,1,0,0,0
2026-03-27 21:39:47.634,1112.148,1142,-3,14,0,1,1,0,0,1,0,0,0
2026-03-27 21:39:47.635,1112.150,1142,-4,14,0,1,1,0,0,1,0,0,0
2026-03-27 21:39:47.731,1112.245,1141,-5,14,0,1,1,0,0,1,0,0,0
2026-03-27 21:39:47.810,1112.325,1142,-3,14,0,1,1,0,0,1,0,0,0
2026-03-27 21:39:47.826,1112.340,1142,-3,14,0,1,1,0,0,1,0,0,0
2026-03-27 21:39:47.922,1112.436,1142,-3,14,0,1,1,0,0,1,0,0,0
2026-03-27 21:39:47.970,1112.484,1142,-6,14,0,1,1,0,0,1,0,0,0
2026-03-27 21:39:47.986,1112.501,1142,-5,14,0,1,1,0,0,1,0,0,0
2026-03-27 21:39:48.099,1112.613,1143,-5,14,0,1,1,0,0,1,0,0,0
2026-03-27 21:39:48.194,1112.708,1141,-5,14,0,1,1,0,0,1,0,0,0
2026-03-27 21:39:48.196,1112.710,1142,-5,15,0,1,1,0,0,1,0,0,0
2026-03-27 21:39:48.322,1112.836,1142,-3,14,0,1,1,0,0,1,0,0,0
2026-03-27 21:39:48.418,1112.933,1143,-3,14,0,1,1,0,0,1,0,0,0
2026-03-27 21:39:48.578,1113.092,1141,-6,14,0,1,1,0,0,1,0,0,0
2026-03-27 21:39:48.721,1113.235,1142,-6,14,0,1,1,0,0,1,0,0,0
2026-03-27 21:39:48.818,1113.332,1142,-3,14,0,1,1,0,0,1,0,0,0
2026-03-27 21:39:48.914,1113.428,1142,-6,14,0,1,1,0,0,1,0,0,0
2026-03-27 21:39:48.994,1113.508,1143,-5,14,0,1,1,0,0,1,0,0,0
2026-03-27 21:39:49.186,1113.700,1143,-5,14,0,1,1,0,0,1,0,0,0
2026-03-27 21:39:49.266,1113.780,1144,-6,14,0,1,1,0,0,1,0,0,0
2026-03-27 21:39:49.267,1113.782,1144,-5,14,0,1,1,0,0,1,0,0,0
2026-03-27 21:39:49.378,1113.892,1143,-6,14,0,1,1,0,0,1,0,0,0
2026-03-27 21:39:49.459,1113.973,1142,-5,14,0,1,1,0,0,1,0,0,0
2026-03-27 21:39:49.538,1114.052,1141,-6,14,0,1,1,0,0,1,0,0,0
2026-03-27 21:39:49.682,1114.196,1142,-6,14,0,1,1,0,0,1,0,0,0
2026-03-27 21:39:49.746,1114.260,1142,-3,14,0,1,1,0,0,1,0,0,0
2026-03-27 21:39:49.921,1114.435,1141,-3,14,0,1,1,0,0,1,0,0,0
2026-03-27 21:39:49.939,1114.453,1142,-3,14,0,1,1,0,0,1,0,0,0
2026-03-27 21:39:50.034,1114.548,1142,-6,14,0,1,1,0,0,1,0,0,0
2026-03-27 21:39:50.161,1114.675,1141,-6,14,0,1,1,0,0,1,0,0,0
2026-03-27 21:39:50.163,1114.677,1141,-5,14,0,1,1,0,0,1,0,0,0
2026-03-27 21:39:50.210,1114.724,1141,-6,11,0,1,1,0,0,1,0,0,0
2026-03-27 21:39:50.290,1114.804,1141,-6,14,0,1,1,0,0,1,0,0,0
2026-03-27 21:39:50.306,1114.820,1141,-6,14,0,1,1,0,0,1,0,0,0
2026-03-27 21:39:50.402,1114.916,1141,-5,14,0,1,1,0,0,1,0,0,0
2026-03-27 21:39:50.482,1114.996,1142,-5,14,0,1,1,0,0,1,0,0,0
2026-03-27 21:39:50.593,1115.108,1142,-6,14,0,1,1,0,0,1,0,0,0
2026-03-27 21:39:50.738,1115.252,1142,-5,14,0,1,1,0,0,1,0,0,0
2026-03-27 21:39:50.755,1115.269,1142,-5,14,0,1,1,0,0,1,0,0,0
2026-03-27 21:39:50.834,1115.348,1141,-5,14,0,1,1,0,0,1,0,0,0
2026-03-27 21:39:50.914,1115.428,1141,-6,14,0,1,1,0,0,1,0,0,0
2026-03-27 21:39:50.915,1115.429,1142,-6,14,0,1,1,0,0,1,0,0,0
2026-03-27 21:39:51.058,1115.573,1143,-3,14,0,1,1,0,0,1,0,0,0
2026-03-27 21:39:51.154,1115.668,1141,-3,14,0,1,1,0,0,1,0,0,0
2026-03-27 21:39:51.298,1115.812,1143,-5,14,0,1,1,0,0,1,0,0,0
2026-03-27 21:39:51.300,1115.814,1143,-6,14,0,1,1,0,0,1,0,0,0
2026-03-27 21:39:51.425,1115.940,1141,-6,14,0,1,1,0,0,1,0,0,0
2026-03-27 21:39:51.537,1116.052,1141,-6,14,0,1,1,0,0,1,0,0,0
2026-03-27 21:39:51.539,1116.053,1142,-6,14,0,1,1,0,0,1,0,0,0
2026-03-27 21:39:51.617,1116.131,1141,-5,14,0,1,1,0,0,1,0,0,0
2026-03-27 21:39:51.729,1116.243,1142,-6,14,0,1,1,0,0,1,0,0,0
2026-03-27 21:39:51.745,1116.259,1142,-5,14,0,1,1,0,0,1,0,0,0
2026-03-27 21:39:51.793,1116.307,1141,-5,14,0,1,1,0,0,1,0,0,0
2026-03-27 21:39:51.809,1116.323,1141,-5,14,0,1,1,0,0,1,0,0,0
2026-03-27 21:39:51.891,1116.405,1141,-5,11,0,1,1,0,0,1,0,0,0
2026-03-27 21:39:52.033,1116.548,1140,-6,14,0,1,1,0,0,1,0,0,0
2026-03-27 21:39:52.098,1116.612,1141,-5,14,0,1,1,0,0,1,0,0,0
2026-03-27 21:39:52.210,1116.724,1140,-3,14,0,1,1,0,0,1,0,0,0
2026-03-27 21:39:52.306,1116.820,1141,-6,14,0,1,1,0,0,1,0,0,0
2026-03-27 21:39:52.466,1116.980,1141,-5,14,0,1,1,0,0,1,0,0,0
2026-03-27 21:39:52.468,1116.982,1141,-3,14,0,1,1,0,0,1,0,0,0
2026-03-27 21:39:52.515,1117.029,1141,-3,14,0,1,1,0,0,1,0,0,0
2026-03-27 21:39:52.533,1117.047,1141,-6,14,0,1,1,0,0,1,0,0,0
2026-03-27 21:39:52.626,1117.140,1141,-6,14,0,1,1,0,0,1,0,0,0
2026-03-27 21:39:52.786,1117.300,1142,-6,14,0,1,1,0,0,1,0,0,0
2026-03-27 21:39:52.834,1117.348,1141,-6,14,0,1,1,0,0,1,0,0,0
2026-03-27 21:39:52.836,1117.350,1141,-5,14,0,1,1,0,0,1,0,0,0
2026-03-27 21:39:52.962,1117.476,1141,-6,14,0,1,1,0,0,1,0,0,0
2026-03-27 21:39:53.073,1117.587,1141,-6,14,0,1,1,0,0,1,0,0,0
2026-03-27 21:39:53.218,1117.732,1141,-3,14,0,1,1,0,0,1,0,0,0
2026-03-27 21:39:53.345,1117.860,1141,-6,14,0,1,1,0,0,1,0,0,0
2026-03-27 21:39:53.425,1117.940,1142,-5,14,0,1,1,0,0,1,0,0,0
2026-03-27 21:39:53.522,1118.036,1141,-6,14,0,1,1,0,0,1,0,0,0
2026-03-27 21:39:53.569,1118.083,1141,-6,14,0,1,1,0,0,1,0,0,0
2026-03-27 21:39:53.585,1118.099,1142,-6,14,0,1,1,0,0,1,0,0,0
2026-03-27 21:39:53.587,1118.101,1141,-6,14,0,1,1,0,0,1,0,0,0
2026-03-27 21:39:53.714,1118.228,1141,-6,14,0,1,1,0,0,1,0,0,0
2026-03-27 21:39:53.810,1118.324,1141,-6,14,0,1,1,0,0,1,0,0,0
2026-03-27 21:39:53.921,1118.436,1142,-5,14,0,1,1,0,0,1,0,0,0
2026-03-27 21:39:54.034,1118.548,1142,-3,14,0,1,1,0,0,1,0,0,0
2026-03-27 21:39:54.146,1118.660,1142,-4,15,0,1,1,0,0,1,0,0,0
2026-03-27 21:39:54.225,1118.739,1141,-4,15,0,1,1,0,0,1,0,0,0
2026-03-27 21:39:54.306,1118.820,1142,-4,15,0,1,1,0,0,1,0,0,0
2026-03-27 21:39:54.498,1119.012,1141,-4,14,0,1,1,0,0,1,0,0,0
2026-03-27 21:39:54.577,1119.091,1141,-5,15,0,1,1,0,0,1,0,0,0
2026-03-27 21:39:54.579,1119.093,1142,-4,15,0,1,1,0,0,1,0,0,0
2026-03-27 21:39:54.626,1119.140,1141,-2,15,0,1,1,0,0,1,0,0,0
2026-03-27 21:39:54.754,1119.268,1143,-4,15,0,1,1,0,0,1,0,0,0
2026-03-27 21:39:54.834,1119.348,1142,-4,15,0,1,1,0,0,1,0,0,0
2026-03-27 21:39:54.962,1119.476,1142,-4,15,0,1,1,0,0,1,0,0,0
2026-03-27 21:39:55.089,1119.604,1142,-4,15,0,1,1,0,0,1,0,0,0
2026-03-27 21:39:55.186,1119.700,1142,-4,15,0,1,1,0,0,1,0,0,0
2026-03-27 21:39:55.202,1119.717,1141,-4,15,0,1,1,0,0,1,0,0,0
2026-03-27 21:39:55.378,1119.892,1142,-5,15,0,1,1,0,0,1,0,0,0
2026-03-27 21:39:55.380,1119.894,1141,-4,15,0,1,1,0,0,1,0,0,0
2026-03-27 21:39:55.425,1119.939,1141,-4,15,0,1,1,0,0,1,0,0,0
2026-03-27 21:39:55.522,1120.036,1141,-4,14,0,1,1,0,0,1,0,0,0
2026-03-27 21:39:55.633,1120.147,1141,-4,15,0,1,1,0,0,1,0,0,0
2026-03-27 21:39:55.634,1120.148,1142,-5,15,0,1,1,0,0,1,0,0,0
2026-03-27 21:39:55.761,1120.276,1141,-4,15,0,1,1,0,0,1,0,0,0
2026-03-27 21:39:55.763,1120.277,1141,-4,14,0,1,1,0,0,1,0,0,0
2026-03-27 21:39:55.764,1120.279,1142,-4,15,0,1,1,0,0,1,0,0,0
2026-03-27 21:39:55.921,1120.435,1142,-4,15,0,1,1,0,0,1,0,0,0
2026-03-27 21:39:55.937,1120.451,1141,-5,14,0,1,1,0,0,1,0,0,0
2026-03-27 21:39:55.954,1120.468,1142,-4,14,0,1,1,0,0,1,0,0,0
2026-03-27 21:39:56.130,1120.644,1142,-4,15,0,1,1,0,0,1,0,0,0
2026-03-27 21:39:56.242,1120.756,1141,-6,14,0,1,1,0,0,1,0,0,0
2026-03-27 21:39:56.274,1120.789,1142,-6,14,0,1,1,0,0,1,0,0,0
2026-03-27 21:39:56.386,1120.900,1142,-5,14,0,1,1,0,0,1,0,0,0
2026-03-27 21:39:56.433,1120.947,1141,-6,14,0,1,1,0,0,1,0,0,0
2026-03-27 21:39:56.609,1121.123,1142,-5,14,0,1,1,0,0,1,0,0,0
2026-03-27 21:39:56.722,1121.236,1141,-6,14,0,1,1,0,0,1,0,0,0
2026-03-27 21:39:56.724,1121.238,1141,-5,14,0,1,1,0,0,1,0,0,0
2026-03-27 21:39:56.818,1121.332,1142,-5,14,0,1,1,0,0,1,0,0,0
2026-03-27 21:39:56.977,1121.491,1142,-5,14,0,1,1,0,0,1,0,0,0
2026-03-27 21:39:57.026,1121.540,1143,-5,14,0,1,1,0,0,1,0,0,0
2026-03-27 21:39:57.170,1121.684,1142,-6,14,0,1,1,0,0,1,0,0,0
2026-03-27 21:39:57.186,1121.700,1142,-6,14,0,1,1,0,0,1,0,0,0
2026-03-27 21:39:57.266,1121.780,1141,-6,14,0,1,1,0,0,1,0,0,0
2026-03-27 21:39:57.313,1121.828,1141,-6,14,0,1,1,0,0,1,0,0,0
2026-03-27 21:39:57.506,1122.020,1141,-6,14,0,1,1,0,0,1,0,0,0
2026-03-27 21:39:57.681,1122.195,1141,-3,14,0,1,1,0,0,1,0,0,0
2026-03-27 21:39:57.761,1122.275,1142,-6,14,0,1,1,0,0,1,0,0,0
2026-03-27 21:39:57.777,1122.291,1142,-5,14,0,1,1,0,0,1,0,0,0
2026-03-27 21:39:57.873,1122.387,1142,-5,14,0,1,1,0,0,1,0,0,0
2026-03-27 21:39:58.001,1122.515,1142,-6,13,0,1,1,0,0,1,0,0,0
2026-03-27 21:39:58.002,1122.516,1142,-6,14,0,1,1,0,0,1,0,0,0
2026-03-27 21:39:58.065,1122.579,1141,-6,14,0,1,1,0,0,1,0,0,0
2026-03-27 21:39:58.162,1122.676,1141,-6,14,0,1,1,0,0,1,0,0,0
2026-03-27 21:39:58.290,1122.804,1141,-6,14,0,1,1,0,0,1,0,0,0
2026-03-27 21:39:58.369,1122.883,1142,-6,13,0,1,1,0,0,1,0,0,0
2026-03-27 21:39:58.513,1123.027,1142,-6,14,0,1,1,0,0,1,0,0,0
2026-03-27 21:39:58.577,1123.091,1141,-6,14,0,1,1,0,0,1,0,0,0
2026-03-27 21:39:58.673,1123.187,1142,-3,14,0,1,1,0,0,1,0,0,0
2026-03-27 21:39:58.833,1123.347,1142,-5,14,0,1,1,0,0,1,0,0,0
2026-03-27 21:39:58.914,1123.428,1142,-5,14,0,1,1,0,0,1,0,0,0
2026-03-27 21:39:58.961,1123.475,1142,-5,14,0,1,1,0,0,1,0,0,0
2026-03-27 21:39:59.090,1123.604,1141,-5,14,0,1,1,0,0,1,0,0,0
2026-03-27 21:39:59.249,1123.763,1143,-5,14,0,1,1,0,0,1,0,0,0
2026-03-27 21:39:59.281,1123.795,1141,-6,14,0,1,1,0,0,1,0,0,0
2026-03-27 21:39:59.282,1123.796,1141,-5,14,0,1,1,0,0,1,0,0,0
2026-03-27 21:39:59.283,1123.797,1141,-5,0,0,0,0,0,0,1,0,0,0
2026-03-27 21:39:59.441,1123.955,1142,-5,14,0,1,1,0,0,1,0,0,0
2026-03-27 21:39:59.444,1123.958,1142,-5,14,0,1,1,0,0,1,0,0,0
2026-03-27 21:39:59.569,1124.083,1141,-5,14,0,1,1,0,0,1,0,0,0
2026-03-27 21:39:59.585,1124.099,1143,-3,14,0,1,1,0,0,1,0,0,0
2026-03-27 21:39:59.601,1124.116,1143,-2,14,0,1,1,0,0,1,0,0,0
2026-03-27 21:39:59.617,1124.131,1143,-2,14,0,1,1,0,0,1,0,0,0
2026-03-27 21:39:59.681,1124.195,1143,-2,14,0,1,1,0,0,1,0,0,0
2026-03-27 21:39:59.761,1124.275,1142,-5,14,0,1,1,0,0,1,0,0,0
2026-03-27 21:39:59.825,1124.339,1141,-6,14,0,1,1,0,0,1,0,0,0
2026-03-27 21:39:59.921,1124.435,1142,-5,14,0,1,1,0,0,1,0,0,0
2026-03-27 21:40:00.000,1124.515,1141,-6,14,0,1,1,0,0,1,0,0,0
2026-03-27 21:40:00.017,1124.531,1141,-5,14,0,1,1,0,0,1,0,0,0
2026-03-27 21:40:00.209,1124.723,1141,-5,14,0,1,1,0,0,1,0,0,0
2026-03-27 21:40:00.353,1124.867,1142,-5,14,0,1,1,0,0,1,0,0,0
2026-03-27 21:40:00.369,1124.884,1141,-6,14,0,1,1,0,0,1,0,0,0
2026-03-27 21:40:00.545,1125.059,1142,-5,14,0,1,1,0,0,1,0,0,0
2026-03-27 21:40:00.547,1125.061,1141,-5,14,0,1,1,0,0,1,0,0,0
2026-03-27 21:40:00.577,1125.092,1142,-6,13,0,1,1,0,0,1,0,0,0
2026-03-27 21:40:00.706,1125.220,1142,-6,14,0,1,1,0,0,1,0,0,0
2026-03-27 21:40:00.769,1125.283,1142,-5,14,0,1,1,0,0,1,0,0,0
2026-03-27 21:40:00.881,1125.395,1142,-5,14,0,1,1,0,0,1,0,0,0
2026-03-27 21:40:00.977,1125.492,1141,-5,14,0,1,1,0,0,1,0,0,0
2026-03-27 21:40:01.073,1125.587,1141,-6,14,0,1,1,0,0,1,0,0,0
2026-03-27 21:40:01.153,1125.667,1142,-5,14,0,1,1,0,0,1,0,0,0
2026-03-27 21:40:01.169,1125.683,1142,-5,14,0,1,1,0,0,1,0,0,0
2026-03-27 21:40:01.171,1125.685,1142,-5,14,0,1,1,0,0,1,0,0,0
2026-03-27 21:40:01.249,1125.763,1142,-3,14,0,1,1,0,0,1,0,0,0
2026-03-27 21:40:01.361,1125.875,1142,-6,14,0,1,1,0,0,1,0,0,0
2026-03-27 21:40:01.489,1126.003,1141,-6,14,0,1,1,0,0,1,0,0,0
2026-03-27 21:40:01.585,1126.099,1141,-5,14,0,1,1,0,0,1,0,0,0
2026-03-27 21:40:01.713,1126.227,1143,-5,14,0,1,1,0,0,1,0,0,0
2026-03-27 21:40:01.716,1126.230,1141,-5,14,0,1,1,0,0,1,0,0,0
2026-03-27 21:40:01.857,1126.371,1141,-5,14,0,1,1,0,0,1,0,0,0
2026-03-27 21:40:01.859,1126.373,1142,-5,14,0,1,0,0,0,1,0,0,0
2026-03-27 21:40:01.873,1126.387,1141,-5,14,0,1,1,0,0,1,0,0,0
2026-03-27 21:40:01.889,1126.403,1142,-5,14,0,1,1,0,0,1,0,0,0
2026-03-27 21:40:02.001,1126.515,1141,-5,14,0,1,1,0,0,1,0,0,0
2026-03-27 21:40:02.066,1126.580,1142,-5,14,0,1,1,0,0,1,0,0,0
2026-03-27 21:40:02.129,1126.643,1142,-3,14,0,1,1,0,0,1,0,0,0
2026-03-27 21:40:02.273,1126.787,1142,-5,14,0,1,1,0,0,1,0,0,0
2026-03-27 21:40:02.417,1126.931,1141,-3,14,0,1,1,0,0,1,0,0,0
2026-03-27 21:40:02.529,1127.043,1142,-3,14,0,1,1,0,0,1,0,0,0
2026-03-27 21:40:02.593,1127.107,1141,-6,14,0,1,1,0,0,1,0,0,0
2026-03-27 21:40:02.704,1127.219,1142,-3,14,0,1,1,0,0,1,0,0,0
2026-03-27 21:40:02.721,1127.235,1142,-3,14,0,1,1,0,0,1,0,0,0
2026-03-27 21:40:02.801,1127.315,1143,-5,14,0,1,1,0,0,1,0,0,0
2026-03-27 21:40:02.929,1127.443,1142,-5,14,0,1,1,0,0,1,0,0,0
2026-03-27 21:40:03.009,1127.523,1142,-3,14,0,1,1,0,0,1,0,0,0
2026-03-27 21:40:03.010,1127.524,1142,-6,14,0,1,1,0,0,1,0,0,0
2026-03-27 21:40:03.185,1127.699,1141,-6,14,0,1,1,0,0,1,0,0,0
2026-03-27 21:40:03.233,1127.747,1141,-6,14,0,1,1,0,0,1,0,0,0
2026-03-27 21:40:03.505,1128.019,1141,-6,14,0,1,1,0,0,1,0,0,0
2026-03-27 21:40:03.697,1128.211,1141,-5,14,0,1,1,0,0,1,0,0,0
2026-03-27 21:40:03.729,1128.243,1142,-5,14,0,1,1,0,0,1,0,0,0
2026-03-27 21:40:03.841,1128.355,1141,-5,14,0,1,1,0,0,1,0,0,0
2026-03-27 21:40:03.921,1128.435,1142,-5,14,0,1,1,0,0,1,0,0,0
2026-03-27 21:40:03.953,1128.467,1141,-3,14,0,1,1,0,0,1,0,0,0
2026-03-27 21:40:04.113,1128.627,1141,-3,14,0,1,1,0,0,1,0,0,0
2026-03-27 21:40:04.193,1128.707,1143,-4,14,0,1,1,0,0,1,0,0,0
2026-03-27 21:40:04.321,1128.835,1142,-5,14,0,1,1,0,0,1,0,0,0
2026-03-27 21:40:04.322,1128.836,1142,-6,14,0,1,1,0,0,1,0,0,0
2026-03-27 21:40:04.353,1128.867,1142,-3,14,0,1,1,0,0,1,0,0,0
2026-03-27 21:40:04.449,1128.963,1141,-3,14,0,1,1,0,0,1,0,0,0
2026-03-27 21:40:04.451,1128.965,1141,-5,14,0,1,1,0,0,1,0,0,0
2026-03-27 21:40:04.577,1129.091,1142,-5,14,0,1,1,0,0,1,0,0,0
2026-03-27 21:40:04.657,1129.171,1142,-5,14,0,1,1,0,0,1,0,0,0
2026-03-27 21:40:04.658,1129.172,1143,-5,14,0,1,1,0,0,1,0,0,0
2026-03-27 21:40:04.753,1129.267,1143,-5,14,0,1,1,0,0,1,0,0,0
2026-03-27 21:40:04.913,1129.427,1142,-6,14,0,1,1,0,0,1,0,0,0
2026-03-27 21:40:04.977,1129.491,1142,-3,14,0,1,1,0,0,1,0,0,0
2026-03-27 21:40:05.121,1129.635,1142,-3,14,0,1,1,0,0,1,0,0,0
2026-03-27 21:40:05.233,1129.747,1142,-3,14,0,1,1,0,0,1,0,0,0
2026-03-27 21:40:05.250,1129.764,1142,-3,14,0,1,1,0,0,1,0,0,0
2026-03-27 21:40:05.537,1130.051,1142,-5,14,0,1,1,0,0,1,0,0,0
2026-03-27 21:40:05.553,1130.067,1142,-6,14,0,1,1,0,0,1,0,0,0
2026-03-27 21:40:05.648,1130.163,1142,-3,14,0,1,1,0,0,1,0,0,0
2026-03-27 21:40:05.697,1130.211,1142,-3,14,0,1,1,0,0,1,0,0,0
2026-03-27 21:40:05.826,1130.340,1141,-3,14,0,1,1,0,0,1,0,0,0
2026-03-27 21:40:05.969,1130.483,1142,-5,14,0,1,1,0,0,1,0,0,0
2026-03-27 21:40:05.972,1130.486,1141,-5,14,0,1,1,0,0,1,0,0,0
2026-03-27 21:40:06.001,1130.515,1141,-6,14,0,1,1,0,0,1,0,0,0
2026-03-27 21:40:06.160,1130.674,1141,-5,14,0,1,1,0,0,1,0,0,0
2026-03-27 21:40:06.162,1130.676,1142,-6,14,0,1,1,0,0,1,0,0,0
2026-03-27 21:40:06.164,1130.678,1142,-5,14,0,1,1,0,0,1,0,0,0
2026-03-27 21:40:06.305,1130.819,1143,-5,14,0,1,1,0,0,1,0,0,0
2026-03-27 21:40:06.337,1130.851,1141,-3,15,0,1,1,0,0,1,0,0,0
2026-03-27 21:40:06.401,1130.915,1142,-3,14,0,1,1,0,0,1,0,0,0
2026-03-27 21:40:06.404,1130.918,1142,-5,14,0,1,1,0,0,1,0,0,0
2026-03-27 21:40:06.529,1131.043,1142,-5,14,0,1,1,0,0,1,0,0,0
2026-03-27 21:40:06.641,1131.156,1142,-3,14,0,1,1,0,0,1,0,0,0
2026-03-27 21:40:06.737,1131.251,1143,-5,14,0,1,1,0,0,1,0,0,0
2026-03-27 21:40:06.961,1131.475,1141,-5,14,0,1,1,0,0,1,0,0,0
2026-03-27 21:40:07.009,1131.523,1142,-5,14,0,1,1,0,0,1,0,0,0
2026-03-27 21:40:07.105,1131.619,1141,-5,14,0,1,1,0,0,1,0,0,0
2026-03-27 21:40:07.249,1131.763,1143,-2,14,0,1,1,0,0,1,0,0,0
2026-03-27 21:40:07.296,1131.810,1143,-5,14,0,1,1,0,0,1,0,0,0
2026-03-27 21:40:07.298,1131.813,1142,-3,14,0,1,1,0,0,1,0,0,0
2026-03-27 21:40:07.425,1131.939,1142,-3,14,0,1,1,0,0,1,0,0,0
2026-03-27 21:40:07.442,1131.956,1141,-5,14,0,1,1,0,0,1,0,0,0
2026-03-27 21:40:07.570,1132.084,1141,-5,14,0,1,1,0,0,1,0,0,0
2026-03-27 21:40:07.601,1132.115,1142,-5,14,0,1,1,0,0,1,0,0,0
2026-03-27 21:40:07.680,1132.194,1141,-3,14,0,1,1,0,0,1,0,0,0
2026-03-27 21:40:07.697,1132.211,1141,-3,14,0,1,1,0,0,1,0,0,0
2026-03-27 21:40:08.001,1132.516,1142,-2,14,0,1,1,0,0,1,0,0,0
2026-03-27 21:40:08.081,1132.595,1142,-5,14,0,1,1,0,0,1,0,0,0
2026-03-27 21:40:08.225,1132.739,1142,-5,14,0,1,1,0,0,1,0,0,0
2026-03-27 21:40:08.227,1132.741,1141,-5,14,0,1,1,0,0,1,0,0,0
2026-03-27 21:40:08.289,1132.803,1142,-5,14,0,1,1,0,0,1,0,0,0
2026-03-27 21:40:08.294,1132.808,1141,-6,14,0,1,1,0,0,1,0,0,0
2026-03-27 21:40:08.449,1132.963,1142,-3,14,0,1,1,0,0,1,0,0,0
2026-03-27 21:40:08.481,1132.995,1141,-5,14,0,1,1,0,0,1,0,0,0
2026-03-27 21:40:08.609,1133.123,1142,-3,14,0,1,1,0,0,1,0,0,0
2026-03-27 21:40:08.737,1133.251,1142,-5,14,0,1,1,0,0,1,0,0,0
2026-03-27 21:40:08.801,1133.315,1143,-2,14,0,1,1,0,0,1,0,0,0
2026-03-27 21:40:08.929,1133.443,1141,-3,14,0,1,1,0,0,1,0,0,0
2026-03-27 21:40:09.025,1133.539,1142,-6,14,0,1,1,0,0,1,0,0,0
2026-03-27 21:40:09.137,1133.651,1141,-5,14,0,1,1,0,0,1,0,0,0
2026-03-27 21:40:09.233,1133.747,1141,-5,14,0,1,1,0,0,1,0,0,0
2026-03-27 21:40:09.344,1133.858,1143,-2,14,0,1,1,0,0,1,0,0,0
2026-03-27 21:40:09.504,1134.018,1142,-6,14,0,1,1,0,0,1,0,0,0
2026-03-27 21:40:09.505,1134.019,1142,-5,14,0,1,1,0,0,1,0,0,0
2026-03-27 21:40:09.553,1134.067,1142,-3,14,0,1,1,0,0,1,0,0,0
2026-03-27 21:40:09.555,1134.069,1141,-5,14,0,1,1,0,0,1,0,0,0
2026-03-27 21:40:09.681,1134.195,1141,-5,14,0,1,1,0,0,1,0,0,0
2026-03-27 21:40:09.809,1134.323,1143,-2,14,0,1,1,0,0,1,0,0,0
2026-03-27 21:40:09.873,1134.387,1143,-5,14,0,1,1,0,0,1,0,0,0
2026-03-27 21:40:09.953,1134.467,1142,-3,12,0,1,1,0,0,1,0,0,0
2026-03-27 21:40:09.969,1134.483,1141,-3,14,0,1,1,0,0,1,0,0,0
2026-03-27 21:40:10.081,1134.595,1141,-3,14,0,1,1,0,0,1,0,0,0
2026-03-27 21:40:10.177,1134.691,1142,-5,14,0,1,1,0,0,1,0,0,0
2026-03-27 21:40:10.320,1134.834,1141,-6,14,0,1,1,0,0,1,0,0,0
2026-03-27 21:40:10.368,1134.882,1141,-5,14,0,1,1,0,0,1,0,0,0
2026-03-27 21:40:10.369,1134.883,1141,-6,14,0,1,1,0,0,1,0,0,0
2026-03-27 21:40:10.371,1134.885,1142,-5,14,0,1,1,0,0,1,0,0,0
2026-03-27 21:40:10.417,1134.931,1142,-5,14,0,1,1,0,0,1,0,0,0
2026-03-27 21:40:10.577,1135.091,1142,-5,14,0,1,1,0,0,1,0,0,0
2026-03-27 21:40:10.657,1135.171,1142,-6,14,0,1,1,0,0,1,0,0,0
2026-03-27 21:40:10.784,1135.299,1141,-6,14,0,1,1,0,0,1,0,0,0
2026-03-27 21:40:10.801,1135.316,1142,-6,14,0,1,1,0,0,1,0,0,0
2026-03-27 21:40:10.961,1135.475,1142,-3,14,0,1,1,0,0,1,0,0,0
2026-03-27 21:40:11.041,1135.555,1141,-3,14,0,1,1,0,0,1,0,0,0
2026-03-27 21:40:11.088,1135.602,1141,-3,14,0,1,1,0,0,1,0,0,0
2026-03-27 21:40:11.089,1135.603,1141,-2,14,0,1,1,0,0,1,0,0,0
2026-03-27 21:40:11.201,1135.715,1141,-3,14,0,1,1,0,0,1,0,0,0
2026-03-27 21:40:11.265,1135.779,1141,-5,14,0,1,1,0,0,1,0,0,0
2026-03-27 21:40:11.392,1135.906,1142,-3,14,0,1,1,0,0,1,0,0,0
2026-03-27 21:40:11.394,1135.908,1143,-2,14,0,1,1,0,0,1,0,0,0
2026-03-27 21:40:11.394,1135.909,1142,-2,0,0,0,0,0,0,0,0,0,0
2026-03-27 21:40:11.396,1135.910,1141,-5,14,0,1,1,0,0,1,0,0,0
2026-03-27 21:40:11.505,1136.019,1141,-6,14,0,1,1,0,0,1,0,0,0
2026-03-27 21:40:11.601,1136.115,1142,-6,14,0,1,1,0,0,1,0,0,0
2026-03-27 21:40:11.760,1136.274,1141,-5,14,0,1,1,0,0,1,0,0,0
2026-03-27 21:40:11.761,1136.276,1142,-6,14,0,1,1,0,0,1,0,0,0
2026-03-27 21:40:11.840,1136.354,1141,-6,14,0,1,1,0,0,1,0,0,0
2026-03-27 21:40:11.858,1136.372,1142,-2,15,0,1,1,0,0,1,0,0,0
2026-03-27 21:40:12.129,1136.643,1142,-5,14,0,1,1,0,0,1,0,0,0
2026-03-27 21:40:12.240,1136.754,1141,-3,14,0,1,1,0,0,1,0,0,0
2026-03-27 21:40:12.304,1136.818,1142,-5,14,0,1,1,0,0,1,0,0,0
2026-03-27 21:40:12.432,1136.946,1142,-6,14,0,1,1,0,0,1,0,0,0
2026-03-27 21:40:12.592,1137.106,1141,-5,14,0,1,1,0,0,1,0,0,0
2026-03-27 21:40:12.595,1137.109,1140,-3,14,0,1,1,0,0,1,0,0,0
2026-03-27 21:40:12.609,1137.123,1141,-3,14,0,1,1,0,0,1,0,0,0
2026-03-27 21:40:12.737,1137.251,1142,-3,14,0,1,1,0,0,1,0,0,0
2026-03-27 21:40:12.753,1137.267,1141,-6,14,0,1,1,0,0,1,0,0,0
2026-03-27 21:40:12.848,1137.362,1141,-5,14,0,1,1,0,0,1,0,0,0
2026-03-27 21:40:12.977,1137.491,1141,-6,11,0,1,1,0,0,1,0,0,0
2026-03-27 21:40:13.104,1137.618,1142,-5,14,0,1,1,0,0,1,0,0,0
2026-03-27 21:40:13.200,1137.714,1142,-5,14,0,1,1,0,0,1,0,0,0
2026-03-27 21:40:13.216,1137.731,1142,-5,14,0,1,1,0,0,1,0,0,0
2026-03-27 21:40:13.344,1137.858,1141,-3,14,0,1,1,0,0,1,0,0,0
2026-03-27 21:40:13.345,1137.860,1141,-3,14,0,1,1,0,0,1,0,0,0
2026-03-27 21:40:13.347,1137.861,1141,-314,0,0,1,1,0,0,1,0,0,0
2026-03-27 21:40:13.376,1137.890,1141,-6,14,0,1,1,0,0,1,0,0,0
2026-03-27 21:40:13.488,1138.003,1141,-6,14,0,1,1,0,0,1,0,0,0
2026-03-27 21:40:13.681,1138.195,1141,-6,14,0,1,1,0,0,1,0,0,0
2026-03-27 21:40:13.682,1138.196,1141,-3,14,0,1,1,0,0,1,0,0,0
2026-03-27 21:40:13.713,1138.227,1141,-3,14,0,1,1,0,0,1,0,0,0
2026-03-27 21:40:13.904,1138.418,1141,-3,14,0,1,1,0,0,1,0,0,0
2026-03-27 21:40:13.952,1138.466,1141,-6,14,0,1,1,0,0,1,0,0,0
2026-03-27 21:40:14.017,1138.531,1142,-5,14,0,1,1,0,0,1,0,0,0
2026-03-27 21:40:14.033,1138.547,1141,-5,14,0,1,1,0,0,1,0,0,0
2026-03-27 21:40:14.176,1138.690,1141,-5,14,0,1,1,0,0,1,0,0,0
2026-03-27 21:40:14.256,1138.771,1141,-6,14,0,1,1,0,0,1,0,0,0
2026-03-27 21:40:14.368,1138.882,1142,-3,13,0,1,1,0,0,1,0,0,0
2026-03-27 21:40:14.448,1138.963,1141,-6,14,0,1,1,0,0,1,0,0,0
2026-03-27 21:40:14.593,1139.107,1142,-5,14,0,1,1,0,0,1,0,0,0
2026-03-27 21:40:14.640,1139.155,1141,-6,14,0,1,1,0,0,1,0,0,0
2026-03-27 21:40:14.784,1139.298,1141,-3,14,0,1,1,0,0,1,0,0,0
2026-03-27 21:40:14.865,1139.379,1141,-6,14,0,1,1,0,0,1,0,0,0
2026-03-27 21:40:14.977,1139.491,1142,-3,14,0,1,1,0,0,1,0,0,0
2026-03-27 21:40:14.978,1139.492,1142,-3,14,0,1,1,0,0,1,0,0,0
2026-03-27 21:40:14.993,1139.507,1141,-3,14,0,1,1,0,0,1,0,0,0
2026-03-27 21:40:15.137,1139.651,1142,-3,14,0,1,1,0,0,1,0,0,0
2026-03-27 21:40:15.248,1139.762,1141,-6,14,0,1,1,0,0,1,0,0,0
2026-03-27 21:40:15.312,1139.826,1141,-6,14,0,1,1,0,0,1,0,0,0
2026-03-27 21:40:15.314,1139.828,1141,-6,14,0,1,1,0,0,1,0,0,0
2026-03-27 21:40:15.328,1139.842,1141,-5,14,0,1,1,0,0,1,0,0,0
2026-03-27 21:40:15.473,1139.987,1142,-6,14,0,1,1,0,0,1,0,0,0
2026-03-27 21:40:15.584,1140.098,1141,-6,14,0,1,1,0,0,1,0,0,0
2026-03-27 21:40:15.616,1140.130,1141,-6,14,0,1,1,0,0,1,0,0,0
2026-03-27 21:40:15.632,1140.147,1141,-6,14,0,1,1,0,0,1,0,0,0
2026-03-27 21:40:15.634,1140.149,1142,-6,14,0,1,1,0,0,1,0,0,0
2026-03-27 21:40:15.761,1140.275,1142,-5,14,0,1,1,0,0,1,0,0,0
2026-03-27 21:40:15.809,1140.323,1142,-5,14,0,1,1,0,0,1,0,0,0
2026-03-27 21:40:15.826,1140.340,1141,-3,14,0,1,1,0,0,1,0,0,0
2026-03-27 21:40:15.937,1140.451,1141,-3,14,0,1,1,0,0,1,0,0,0
2026-03-27 21:40:16.049,1140.563,1140,-3,14,0,1,1,0,0,1,0,0,0
2026-03-27 21:40:16.192,1140.706,1141,-3,14,0,1,1,0,0,1,0,0,0
2026-03-27 21:40:16.240,1140.754,1141,-3,14,0,1,1,0,0,1,0,0,0
2026-03-27 21:40:16.241,1140.755,1141,-3,14,0,1,1,0,0,1,0,0,0
2026-03-27 21:40:16.352,1140.867,1141,-6,14,0,1,1,0,0,1,0,0,0
2026-03-27 21:40:16.448,1140.962,1141,-3,14,0,1,1,0,0,1,0,0,0
2026-03-27 21:40:16.528,1141.042,1142,-3,14,0,1,1,0,0,1,0,0,0
2026-03-27 21:40:16.546,1141.060,1142,-5,14,0,1,1,0,0,1,0,0,0
2026-03-27 21:40:16.704,1141.218,1142,-3,14,0,1,1,0,0,1,0,0,0
2026-03-27 21:40:16.784,1141.298,1141,-6,14,0,1,1,0,0,1,0,0,0
2026-03-27 21:40:16.786,1141.300,1141,-6,14,0,1,1,0,0,1,0,0,0
2026-03-27 21:40:16.848,1141.363,1141,-3,14,0,1,1,0,0,1,0,0,0
2026-03-27 21:40:16.929,1141.443,1141,-6,14,0,1,1,0,0,1,0,0,0
2026-03-27 21:40:17.088,1141.602,1141,-3,14,0,1,1,0,0,1,0,0,0
2026-03-27 21:40:17.168,1141.682,1142,-2,14,0,1,1,0,0,1,0,0,0
2026-03-27 21:40:17.280,1141.794,1141,-6,14,0,1,1,0,0,1,0,0,0
2026-03-27 21:40:17.297,1141.811,1141,-2,14,0,1,1,0,0,1,0,0,0
2026-03-27 21:40:17.456,1141.970,1141,-5,14,0,1,1,0,0,1,0,0,0
2026-03-27 21:40:17.536,1142.050,1141,-6,14,0,1,1,0,0,1,0,0,0
2026-03-27 21:40:17.616,1142.130,1142,-5,14,0,1,1,0,0,1,0,0,0
2026-03-27 21:40:17.712,1142.226,1142,-6,14,0,1,1,0,0,1,0,0,0
2026-03-27 21:40:17.728,1142.242,1142,-3,14,0,1,1,0,0,1,0,0,0
2026-03-27 21:40:17.824,1142.338,1142,-3,14,0,1,1,0,0,1,0,0,0
2026-03-27 21:40:17.826,1142.340,1140,-6,14,0,1,1,0,0,1,0,0,0
2026-03-27 21:40:18.112,1142.626,1141,-6,14,0,1,1,0,0,1,0,0,0
2026-03-27 21:40:18.192,1142.706,1141,-5,14,0,1,1,0,0,1,0,0,0
2026-03-27 21:40:18.320,1142.834,1142,-5,14,0,1,1,0,0,1,0,0,0
2026-03-27 21:40:18.416,1142.930,1142,-2,14,0,1,1,0,0,1,0,0,0
2026-03-27 21:40:18.576,1143.090,1141,-6,14,0,1,1,0,0,1,0,0,0
2026-03-27 21:40:18.656,1143.170,1141,-3,14,0,1,1,0,0,1,0,0,0
2026-03-27 21:40:18.784,1143.298,1142,-3,14,0,1,1,0,0,1,0,0,0
2026-03-27 21:40:18.896,1143.410,1141,-6,14,0,1,1,0,0,1,0,0,0
2026-03-27 21:40:18.897,1143.411,1141,-5,14,0,1,1,0,0,1,0,0,0
2026-03-27 21:40:18.976,1143.490,1142,-3,14,0,1,1,0,0,1,0,0,0
2026-03-27 21:40:19.152,1143.666,1141,-3,14,0,1,1,0,0,1,0,0,0
2026-03-27 21:40:19.153,1143.667,1142,-3,14,0,1,1,0,0,1,0,0,0
2026-03-27 21:40:19.232,1143.746,1141,-3,14,0,1,1,0,0,1,0,0,0
2026-03-27 21:40:19.233,1143.747,1141,-3,14,0,1,1,0,0,1,0,0,0
2026-03-27 21:40:19.392,1143.906,1142,-5,14,0,1,1,0,0,1,0,0,0
2026-03-27 21:40:19.488,1144.002,1142,-5,14,0,1,1,0,0,1,0,0,0
2026-03-27 21:40:19.601,1144.115,1142,-6,14,0,1,1,0,0,1,0,0,0
2026-03-27 21:40:19.603,1144.117,1141,-6,13,0,1,1,0,0,1,0,0,0
2026-03-27 21:40:19.712,1144.226,1141,-5,14,0,1,1,0,0,1,0,0,0
2026-03-27 21:40:19.714,1144.228,1140,-6,14,0,1,1,0,0,1,0,0,0
2026-03-27 21:40:19.808,1144.322,1141,-6,14,0,1,1,0,0,1,0,0,0
2026-03-27 21:40:19.936,1144.450,1142,-5,14,0,1,1,0,0,1,0,0,0
2026-03-27 21:40:19.937,1144.451,1143,-5,14,0,1,1,0,0,1,0,0,0
2026-03-27 21:40:20.048,1144.562,1140,-5,14,0,1,1,0,0,1,0,0,0
2026-03-27 21:40:20.050,1144.564,1141,-6,14,0,1,1,0,0,1,0,0,0
2026-03-27 21:40:20.160,1144.674,1141,-3,14,0,1,1,0,0,1,0,0,0
2026-03-27 21:40:20.256,1144.770,1141,-6,14,0,1,1,0,0,1,0,0,0
2026-03-27 21:40:20.257,1144.771,1141,-5,15,0,1,1,0,0,1,0,0,0
2026-03-27 21:40:20.384,1144.898,1142,-5,14,0,1,1,0,0,1,0,0,0
2026-03-27 21:40:20.385,1144.899,1142,-5,15,0,1,1,0,0,1,0,0,0
2026-03-27 21:40:20.385,1144.899,10,0,0,0,0,0,0,0,0,0,0,0
2026-03-27 21:40:20.386,1144.900,1141,-6,14,0,1,1,0,0,1,0,0,0
2026-03-27 21:40:20.432,1144.946,1142,-5,14,0,1,1,0,0,1,0,0,0
2026-03-27 21:40:20.545,1145.059,1142,-6,14,0,1,1,0,0,1,0,0,0
2026-03-27 21:40:20.641,1145.155,1141,-5,14,0,1,1,0,0,1,0,0,0
2026-03-27 21:40:20.752,1145.267,1142,-6,14,0,1,1,0,0,1,0,0,0
2026-03-27 21:40:20.755,1145.269,1141,-5,14,0,1,1,0,0,1,0,0,0
2026-03-27 21:40:20.816,1145.331,1141,-6,14,0,1,1,0,0,1,0,0,0
2026-03-27 21:40:20.818,1145.333,1141,-6,11,0,1,1,0,0,1,0,0,0
2026-03-27 21:40:20.960,1145.474,1142,-5,11,0,1,1,0,0,1,0,0,0
2026-03-27 21:40:20.977,1145.491,1142,-5,14,0,1,1,0,0,1,0,0,0
2026-03-27 21:40:20.992,1145.506,1141,-5,14,0,1,1,0,0,1,0,0,0
2026-03-27 21:40:21.088,1145.602,1142,-5,14,0,1,1,0,0,1,0,0,0
2026-03-27 21:40:21.091,1145.605,1141,-5,14,0,1,1,0,0,1,0,0,0
2026-03-27 21:40:21.264,1145.778,1142,-5,14,0,1,1,0,0,1,0,0,0
2026-03-27 21:40:21.312,1145.826,1141,-3,14,0,1,1,0,0,1,0,0,0
2026-03-27 21:40:21.376,1145.891,1141,-3,14,0,1,1,0,0,1,0,0,0
2026-03-27 21:40:21.521,1146.035,1141,-6,14,0,1,1,0,0,1,0,0,0
2026-03-27 21:40:21.523,1146.037,1142,-6,14,0,1,1,0,0,1,0,0,0
2026-03-27 21:40:21.695,1146.210,1141,-6,14,0,1,1,0,0,1,0,0,0
2026-03-27 21:40:21.808,1146.322,1141,-5,14,0,1,1,0,0,1,0,0,0
2026-03-27 21:40:21.920,1146.434,1143,-5,14,0,1,1,0,0,1,0,0,0
2026-03-27 21:40:21.968,1146.482,1142,-3,14,0,1,1,0,0,1,0,0,0
2026-03-27 21:40:21.983,1146.498,1142,-3,14,0,1,1,0,0,1,0,0,0
2026-03-27 21:40:22.096,1146.610,1142,-6,14,0,1,1,0,0,1,0,0,0
2026-03-27 21:40:22.192,1146.706,1141,-5,14,0,1,1,0,0,1,0,0,0
2026-03-27 21:40:22.337,1146.851,1141,-3,14,0,1,1,0,0,1,0,0,0
2026-03-27 21:40:22.432,1146.946,1143,-5,14,0,1,1,0,0,1,0,0,0
2026-03-27 21:40:22.448,1146.962,1141,-6,14,0,1,1,0,0,1,0,0,0
2026-03-27 21:40:22.464,1146.978,1142,-6,14,0,1,1,0,0,1,0,0,0
2026-03-27 21:40:22.578,1147.092,1142,-6,14,0,1,1,0,0,1,0,0,0
2026-03-27 21:40:22.593,1147.108,1141,-6,14,0,1,1,0,0,1,0,0,0
2026-03-27 21:40:22.752,1147.266,1141,-6,14,0,1,1,0,0,1,0,0,0
2026-03-27 21:40:22.784,1147.298,1142,-5,14,0,1,1,0,0,1,0,0,0
2026-03-27 21:40:22.896,1147.410,1143,-6,14,0,1,1,0,0,1,0,0,0
2026-03-27 21:40:23.040,1147.554,1142,-5,14,0,1,1,0,0,1,0,0,0
2026-03-27 21:40:23.042,1147.556,1141,-3,14,0,1,1,0,0,1,0,0,0
2026-03-27 21:40:23.056,1147.570,1141,-6,14,0,1,1,0,0,1,0,0,0
2026-03-27 21:40:23.152,1147.666,1142,-5,14,0,1,1,0,0,1,0,0,0
2026-03-27 21:40:23.169,1147.683,1142,-5,14,0,1,1,0,0,1,0,0,0
2026-03-27 21:40:23.312,1147.826,1142,-6,14,0,1,1,0,0,1,0,0,0
2026-03-27 21:40:23.425,1147.939,1142,-5,14,0,1,1,0,0,1,0,0,0
2026-03-27 21:40:23.442,1147.956,1142,-5,14,0,1,1,0,0,1,0,0,0
2026-03-27 21:40:23.568,1148.083,1142,-5,14,0,1,1,0,0,1,0,0,0
2026-03-27 21:40:23.571,1148.085,1141,-3,14,0,1,1,0,0,1,0,0,0
2026-03-27 21:40:23.681,1148.195,1141,-6,14,0,1,1,0,0,1,0,0,0
2026-03-27 21:40:23.761,1148.275,1141,-3,14,0,1,1,0,0,1,0,0,0
2026-03-27 21:40:23.856,1148.371,1141,-3,14,0,1,1,0,0,1,0,0,0
2026-03-27 21:40:23.952,1148.466,1142,-6,14,0,1,1,0,0,1,0,0,0
2026-03-27 21:40:24.047,1148.562,1142,-5,14,0,1,1,0,0,1,0,0,0
2026-03-27 21:40:24.208,1148.722,1142,-5,14,0,1,1,0,0,1,0,0,0
2026-03-27 21:40:24.385,1148.899,1143,-5,14,0,1,1,0,0,1,0,0,0
2026-03-27 21:40:24.448,1148.962,1142,-5,14,0,1,1,0,0,1,0,0,0
2026-03-27 21:40:24.655,1149.169,1142,-3,14,0,1,1,0,0,1,0,0,0
2026-03-27 21:40:24.656,1149.171,1142,-5,14,0,1,1,0,0,1,0,0,0
2026-03-27 21:40:24.704,1149.218,1142,-3,14,0,1,1,0,0,1,0,0,0
2026-03-27 21:40:24.706,1149.220,1142,-3,14,0,1,1,0,0,1,0,0,0
2026-03-27 21:40:24.720,1149.234,1142,-5,14,0,1,1,0,0,1,0,0,0
2026-03-27 21:40:24.848,1149.362,1142,-5,14,0,1,1,0,0,1,0,0,0
2026-03-27 21:40:24.911,1149.425,1143,-5,14,0,1,1,0,0,1,0,0,0
2026-03-27 21:40:25.024,1149.538,1141,-5,14,0,1,1,0,0,1,0,0,0
2026-03-27 21:40:25.135,1149.649,1142,-3,14,0,1,1,0,0,1,0,0,0
2026-03-27 21:40:25.137,1149.651,1142,-3,14,0,1,1,0,0,1,0,0,0
2026-03-27 21:40:25.264,1149.778,1141,-5,14,0,1,1,0,0,1,0,0,0
2026-03-27 21:40:25.345,1149.859,1142,-2,14,0,1,1,0,0,1,0,0,0
2026-03-27 21:40:25.504,1150.018,1143,-5,14,0,1,1,0,0,1,0,0,0
2026-03-27 21:40:25.617,1150.131,1142,-5,14,0,1,1,0,0,1,0,0,0
2026-03-27 21:40:25.619,1150.133,1140,-3,14,0,1,1,0,0,1,0,0,0
2026-03-27 21:40:25.680,1150.194,1140,-3,13,0,1,1,0,0,1,0,0,0
2026-03-27 21:40:25.824,1150.338,1141,-5,14,0,1,1,0,0,1,0,0,0
2026-03-27 21:40:25.937,1150.451,1141,-6,14,0,1,1,0,0,1,0,0,0
2026-03-27 21:40:26.048,1150.563,1142,-3,14,0,1,1,0,0,1,0,0,0
2026-03-27 21:40:26.176,1150.690,1142,-6,14,0,1,1,0,0,1,0,0,0
2026-03-27 21:40:26.272,1150.786,1141,-6,14,0,1,1,0,0,1,0,0,0
2026-03-27 21:40:26.368,1150.882,1141,-6,14,0,1,1,0,0,1,0,0,0
2026-03-27 21:40:26.432,1150.946,1140,-3,14,0,1,1,0,0,1,0,0,0
2026-03-27 21:40:26.608,1151.122,1141,-6,14,0,1,1,0,0,1,0,0,0
2026-03-27 21:40:26.609,1151.123,1141,-6,14,0,1,1,0,0,1,0,0,0
2026-03-27 21:40:26.688,1151.202,1141,-6,14,0,1,1,0,0,1,0,0,0
2026-03-27 21:40:26.704,1151.218,1141,-6,14,0,1,1,0,0,1,0,0,0
2026-03-27 21:40:26.800,1151.314,1142,-3,14,0,1,1,0,0,1,0,0,0
2026-03-27 21:40:26.928,1151.442,1141,-5,14,0,1,1,0,0,1,0,0,0
2026-03-27 21:40:26.943,1151.458,1141,-6,14,0,1,1,0,0,1,0,0,0
2026-03-27 21:40:27.024,1151.538,1141,-6,14,0,1,1,0,0,1,0,0,0
2026-03-27 21:40:27.136,1151.650,1142,-5,14,0,1,1,0,0,1,0,0,0
2026-03-27 21:40:27.232,1151.746,1141,-3,14,0,1,1,0,0,1,0,0,0
2026-03-27 21:40:27.311,1151.825,1142,-3,14,0,1,1,0,0,1,0,0,0
2026-03-27 21:40:27.392,1151.906,1141,-5,14,0,1,1,0,0,1,0,0,0
2026-03-27 21:40:27.520,1152.034,1141,-6,14,0,1,1,0,0,1,0,0,0
2026-03-27 21:40:27.522,1152.036,1141,-6,14,0,1,1,0,0,1,0,0,0
2026-03-27 21:40:27.524,1152.038,1142,-2,14,0,1,1,0,0,1,0,0,0
2026-03-27 21:40:27.600,1152.114,1142,-2,14,0,1,1,0,0,1,0,0,0
2026-03-27 21:40:27.615,1152.129,1143,-2,14,0,1,1,0,0,1,0,0,0
2026-03-27 21:40:27.712,1152.226,1141,-6,14,0,1,1,0,0,1,0,0,0
2026-03-27 21:40:27.729,1152.243,1141,-5,14,0,1,1,0,0,1,0,0,0
2026-03-27 21:40:27.840,1152.354,1141,-5,14,0,1,1,0,0,1,0,0,0
2026-03-27 21:40:27.920,1152.434,1141,-5,14,0,1,1,0,0,1,0,0,0
2026-03-27 21:40:27.968,1152.482,1142,-6,14,0,1,1,0,0,1,0,0,0
2026-03-27 21:40:28.127,1152.641,1142,-5,14,0,1,1,0,0,1,0,0,0
2026-03-27 21:40:28.304,1152.818,1142,-3,14,0,1,1,0,0,1,0,0,0
2026-03-27 21:40:28.352,1152.866,1141,-3,14,0,1,1,0,0,1,0,0,0
2026-03-27 21:40:28.353,1152.867,1143,-2,15,0,1,1,0,0,1,0,0,0
2026-03-27 21:40:28.354,1152.868,1141,-3,13,0,1,1,0,0,1,0,0,0
2026-03-27 21:40:28.448,1152.962,1142,-3,14,0,1,1,0,0,1,0,0,0
2026-03-27 21:40:28.560,1153.074,1142,-3,14,0,1,1,0,0,1,0,0,0
2026-03-27 21:40:28.720,1153.234,1141,-5,14,0,1,1,0,0,1,0,0,0
2026-03-27 21:40:28.800,1153.314,1142,-5,14,0,1,1,0,0,1,0,0,0
2026-03-27 21:40:28.880,1153.394,1143,-5,14,0,1,1,0,0,1,0,0,0
2026-03-27 21:40:28.992,1153.506,1142,-5,14,0,1,1,0,0,1,0,0,0
2026-03-27 21:40:29.088,1153.602,1141,-3,14,0,1,1,0,0,1,0,0,0
2026-03-27 21:40:29.106,1153.620,1141,-6,14,0,1,1,0,0,1,0,0,0
2026-03-27 21:40:29.216,1153.730,1142,-5,14,0,1,1,0,0,1,0,0,0
2026-03-27 21:40:29.233,1153.747,1141,-3,14,0,1,1,0,0,1,0,0,0
2026-03-27 21:40:29.344,1153.858,1141,-3,14,0,1,1,0,0,1,0,0,0
2026-03-27 21:40:29.376,1153.890,1141,-6,14,0,1,1,0,0,1,0,0,0
2026-03-27 21:40:29.488,1154.002,1142,-5,14,0,1,1,0,0,1,0,0,0
2026-03-27 21:40:29.647,1154.162,1142,-3,14,0,1,1,0,0,1,0,0,0
2026-03-27 21:40:29.743,1154.257,1142,-2,14,0,1,1,0,0,1,0,0,0
2026-03-27 21:40:29.745,1154.259,1142,-2,14,0,1,1,0,0,1,0,0,0
2026-03-27 21:40:29.874,1154.388,1142,-6,14,0,1,1,0,0,1,0,0,0
2026-03-27 21:40:30.000,1154.514,1142,-5,14,0,1,1,0,0,1,0,0,0
2026-03-27 21:40:30.144,1154.658,1142,-6,14,0,1,1,0,0,1,0,0,0
2026-03-27 21:40:30.207,1154.722,1143,-5,14,0,1,1,0,0,1,0,0,0
2026-03-27 21:40:30.383,1154.898,1141,-6,14,0,1,1,0,0,1,0,0,0
2026-03-27 21:40:30.480,1154.994,1141,-6,14,0,1,1,0,0,1,0,0,0
2026-03-27 21:40:30.559,1155.073,1141,-6,14,0,1,1,0,0,1,0,0,0
2026-03-27 21:40:30.688,1155.202,1142,-5,14,0,1,1,0,0,1,0,0,0
2026-03-27 21:40:30.816,1155.330,1143,-5,14,0,1,1,0,0,1,0,0,0
2026-03-27 21:40:30.817,1155.331,1143,-5,14,0,1,1,0,0,1,0,0,0
2026-03-27 21:40:30.928,1155.442,1142,-3,14,0,1,1,0,0,1,0,0,0
2026-03-27 21:40:31.056,1155.570,1141,-5,14,0,1,1,0,0,1,0,0,0
2026-03-27 21:40:31.057,1155.571,1141,-3,14,0,1,1,0,0,1,0,0,0
2026-03-27 21:40:31.059,1155.574,1141,-5,14,0,1,1,0,0,1,0,0,0
2026-03-27 21:40:31.200,1155.714,1142,-3,14,0,1,1,0,0,1,0,0,0
2026-03-27 21:40:31.247,1155.762,1141,-6,14,0,1,1,0,0,1,0,0,0
2026-03-27 21:40:31.344,1155.858,1141,-5,14,0,1,1,0,0,1,0,0,0
2026-03-27 21:40:31.455,1155.969,1142,-3,14,0,1,1,0,0,1,0,0,0
2026-03-27 21:40:31.567,1156.082,1142,-2,14,0,1,1,0,0,1,0,0,0
2026-03-27 21:40:31.664,1156.178,1141,-5,14,0,1,1,0,0,1,0,0,0
2026-03-27 21:40:31.759,1156.273,1141,-3,14,0,1,1,0,0,1,0,0,0
2026-03-27 21:40:31.887,1156.402,1141,-5,14,0,1,1,0,0,1,0,0,0
2026-03-27 21:40:31.983,1156.497,1141,-6,14,0,1,1,0,0,1,0,0,0
2026-03-27 21:40:31.985,1156.499,1141,-5,14,0,1,1,0,0,1,0,0,0
2026-03-27 21:40:32.144,1156.658,1142,-5,14,0,1,1,0,0,1,0,0,0
2026-03-27 21:40:32.224,1156.738,1142,-6,14,0,1,1,0,0,1,0,0,0
2026-03-27 21:40:32.255,1156.769,1141,-6,14,0,1,1,0,0,1,0,0,0
2026-03-27 21:40:32.256,1156.770,1141,-3,14,0,1,1,0,0,1,0,0,0
2026-03-27 21:40:32.367,1156.881,1142,-2,14,0,1,1,0,0,1,0,0,0
2026-03-27 21:40:32.495,1157.010,1142,-5,14,0,1,1,0,0,1,0,0,0
2026-03-27 21:40:32.624,1157.138,1142,-5,14,0,1,1,0,0,1,0,0,0
2026-03-27 21:40:32.719,1157.233,1141,-6,14,0,1,1,0,0,1,0,0,0
2026-03-27 21:40:32.720,1157.234,1141,-3,14,0,1,1,0,0,1,0,0,0
2026-03-27 21:40:32.863,1157.378,1142,-3,14,0,1,1,0,0,1,0,0,0
2026-03-27 21:40:32.943,1157.457,1142,-5,14,0,1,1,0,0,1,0,0,0
2026-03-27 21:40:32.961,1157.475,1142,-6,14,0,1,1,0,0,1,0,0,0
2026-03-27 21:40:33.088,1157.602,1142,-6,14,0,1,1,0,0,1,0,0,0
2026-03-27 21:40:33.231,1157.745,1142,-5,14,0,1,1,0,0,1,0,0,0
2026-03-27 21:40:33.280,1157.794,1142,-5,14,0,1,1,0,0,1,0,0,0
2026-03-27 21:40:33.424,1157.938,1143,-5,14,0,1,1,0,0,1,0,0,0
2026-03-27 21:40:33.519,1158.034,1141,-2,14,0,1,1,0,0,1,0,0,0
2026-03-27 21:40:33.567,1158.081,1141,-6,14,0,1,1,0,0,1,0,0,0
2026-03-27 21:40:33.631,1158.145,1141,-3,14,0,1,1,0,0,1,0,0,0
2026-03-27 21:40:33.759,1158.273,1142,-5,14,0,1,1,0,0,1,0,0,0
2026-03-27 21:40:33.888,1158.402,1141,-6,14,0,1,1,0,0,1,0,0,0
2026-03-27 21:40:33.904,1158.419,1141,-5,14,0,1,1,0,0,1,0,0,0
2026-03-27 21:40:34.031,1158.546,1142,-3,14,0,1,1,0,0,1,0,0,0
2026-03-27 21:40:34.079,1158.593,1143,-5,14,0,1,1,0,0,1,0,0,0
2026-03-27 21:40:34.143,1158.657,1142,-2,14,0,1,1,0,0,1,0,0,0
2026-03-27 21:40:34.271,1158.785,1142,-3,14,0,1,1,0,0,1,0,0,0
2026-03-27 21:40:34.272,1158.786,1142,-3,14,0,1,1,0,0,1,0,0,0
2026-03-27 21:40:34.352,1158.866,1142,-6,14,0,1,1,0,0,1,0,0,0
2026-03-27 21:40:34.655,1159.169,1142,-6,14,0,1,1,0,0,1,0,0,0
2026-03-27 21:40:34.656,1159.170,1142,-6,14,0,1,1,0,0,1,0,0,0
2026-03-27 21:40:34.752,1159.266,1141,-5,14,0,1,1,0,0,1,0,0,0
2026-03-27 21:40:34.912,1159.426,1142,-6,14,0,1,1,0,0,1,0,0,0
2026-03-27 21:40:34.976,1159.490,1143,-5,14,0,1,1,0,0,1,0,0,0
2026-03-27 21:40:35.087,1159.601,1142,-5,14,0,1,1,0,0,1,0,0,0
2026-03-27 21:40:35.151,1159.665,1142,-5,14,0,1,1,0,0,1,0,0,0
2026-03-27 21:40:35.167,1159.681,1142,-5,14,0,1,1,0,0,1,0,0,0
2026-03-27 21:40:35.215,1159.729,1142,-5,14,0,1,1,0,0,1,0,0,0
2026-03-27 21:40:35.216,1159.730,1143,-5,14,0,0,0,0,0,0,0,0,0
2026-03-27 21:40:35.231,1159.745,1142,-5,14,0,1,1,0,0,1,0,0,0
2026-03-27 21:40:35.327,1159.841,1142,-6,14,0,1,1,0,0,1,0,0,0
2026-03-27 21:40:35.503,1160.017,1142,-5,14,0,1,1,0,0,1,0,0,0
2026-03-27 21:40:35.535,1160.049,1141,-6,14,0,1,1,0,0,1,0,0,0
2026-03-27 21:40:35.615,1160.129,1142,-5,14,0,1,1,0,0,1,0,0,0
2026-03-27 21:40:35.775,1160.289,1141,-6,14,0,1,1,0,0,1,0,0,0
2026-03-27 21:40:35.791,1160.305,1142,-5,14,0,1,1,0,0,1,0,0,0
2026-03-27 21:40:35.824,1160.338,1142,-5,14,0,1,1,0,0,1,0,0,0
2026-03-27 21:40:35.951,1160.465,1142,-3,14,0,1,1,0,0,1,0,0,0
2026-03-27 21:40:36.095,1160.609,1143,-5,14,0,1,1,0,0,1,0,0,0
2026-03-27 21:40:36.112,1160.626,1143,-6,14,0,1,1,0,0,1,0,0,0
2026-03-27 21:40:36.143,1160.657,1141,-3,14,0,1,1,0,0,1,0,0,0
2026-03-27 21:40:36.271,1160.786,1143,-5,14,0,1,1,0,0,1,0,0,0
2026-03-27 21:40:36.400,1160.914,1142,-6,14,0,1,1,0,0,1,0,0,0
2026-03-27 21:40:36.431,1160.945,1141,-5,14,0,1,1,0,0,1,0,0,0
2026-03-27 21:40:36.577,1161.091,1141,-6,14,0,1,1,0,0,1,0,0,0
2026-03-27 21:40:36.687,1161.201,1141,-5,14,0,1,1,0,0,1,0,0,0
2026-03-27 21:40:36.897,1161.411,1142,-6,11,0,1,1,0,0,1,0,0,0
2026-03-27 21:40:36.975,1161.490,1141,-5,14,0,1,1,0,0,1,0,0,0
2026-03-27 21:40:36.977,1161.491,1143,-5,14,0,1,1,0,0,1,0,0,0
2026-03-27 21:40:37.072,1161.586,1142,-5,14,0,1,1,0,0,1,0,0,0
2026-03-27 21:40:37.088,1161.602,1142,-5,14,0,1,1,0,0,1,0,0,0
2026-03-27 21:40:37.263,1161.777,1142,-5,14,0,1,1,0,0,1,0,0,0
2026-03-27 21:40:37.360,1161.874,1142,-5,14,0,1,1,0,0,1,0,0,0
2026-03-27 21:40:37.439,1161.953,1143,-5,14,0,1,1,0,0,1,0,0,0
2026-03-27 21:40:37.551,1162.065,1142,-2,14,0,1,1,0,0,1,0,0,0
2026-03-27 21:40:37.663,1162.178,1142,-3,11,0,1,1,0,0,1,0,0,0
2026-03-27 21:40:37.695,1162.209,1142,-5,14,0,1,1,0,0,1,0,0,0
2026-03-27 21:40:37.696,1162.210,1142,-6,14,0,1,1,0,0,1,0,0,0
2026-03-27 21:40:37.839,1162.353,1142,-5,14,0,1,1,0,0,1,0,0,0
2026-03-27 21:40:37.920,1162.434,1144,-5,14,0,1,1,0,0,1,0,0,0
2026-03-27 21:40:38.016,1162.530,1142,-3,14,0,1,1,0,0,1,0,0,0
2026-03-27 21:40:38.167,1162.681,1142,-5,14,0,1,1,0,0,1,0,0,0
2026-03-27 21:40:38.271,1162.785,1142,-5,14,0,1,1,0,0,1,0,0,0
2026-03-27 21:40:38.415,1162.929,1142,-2,14,0,1,1,0,0,1,0,0,0
2026-03-27 21:40:38.495,1163.009,1142,-5,14,0,1,1,0,0,1,0,0,0
2026-03-27 21:40:38.510,1163.024,1141,-6,14,0,1,1,0,0,1,0,0,0
2026-03-27 21:40:38.559,1163.073,1142,-5,14,0,1,1,0,0,1,0,0,0
2026-03-27 21:40:38.719,1163.233,1141,-6,14,0,1,1,0,0,1,0,0,0
2026-03-27 21:40:38.783,1163.297,1143,-5,14,0,1,1,0,0,1,0,0,0
2026-03-27 21:40:38.943,1163.457,1141,-6,14,0,1,1,0,0,1,0,0,0
2026-03-27 21:40:38.945,1163.459,1141,-6,15,0,1,1,0,0,1,0,0,0
2026-03-27 21:40:39.087,1163.601,1142,-5,14,0,1,1,0,0,1,0,0,0
2026-03-27 21:40:39.135,1163.649,1143,-2,14,0,1,1,0,0,1,0,0,0
2026-03-27 21:40:39.279,1163.793,1142,-5,14,0,1,1,0,0,1,0,0,0
2026-03-27 21:40:39.343,1163.857,1142,-5,14,0,1,1,0,0,1,0,0,0
2026-03-27 21:40:39.391,1163.905,1142,-5,14,0,1,1,0,0,1,0,0,0
2026-03-27 21:40:39.393,1163.907,1142,-5,13,0,1,1,0,0,1,0,0,0
2026-03-27 21:40:39.503,1164.017,1142,-6,14,0,1,1,0,0,1,0,0,0
2026-03-27 21:40:39.582,1164.097,1141,-5,14,0,1,1,0,0,1,0,0,0
2026-03-27 21:40:39.727,1164.241,1142,-5,14,0,1,1,0,0,1,0,0,0
2026-03-27 21:40:39.807,1164.321,1141,-5,14,0,1,1,0,0,1,0,0,0
2026-03-27 21:40:39.919,1164.433,1141,-6,14,0,1,1,0,0,1,0,0,0
2026-03-27 21:40:39.936,1164.451,1142,-3,14,0,1,1,0,0,1,0,0,0
2026-03-27 21:40:40.031,1164.545,1142,-2,14,0,1,1,0,0,1,0,0,0
2026-03-27 21:40:40.048,1164.562,1141,-5,14,0,1,1,0,0,1,0,0,0
2026-03-27 21:40:40.191,1164.705,1142,-6,14,0,1,1,0,0,1,0,0,0
2026-03-27 21:40:40.287,1164.801,1142,-5,14,0,1,1,0,0,1,0,0,0
2026-03-27 21:40:40.398,1164.913,1143,-5,14,0,1,1,0,0,1,0,0,0
2026-03-27 21:40:40.463,1164.977,1143,-2,14,0,1,1,0,0,1,0,0,0
2026-03-27 21:40:40.607,1165.121,1143,-5,14,0,1,1,0,0,1,0,0,0
2026-03-27 21:40:40.719,1165.233,1143,-2,14,0,1,1,0,0,1,0,0,0
2026-03-27 21:40:40.782,1165.297,1142,-6,14,0,1,1,0,0,1,0,0,0
2026-03-27 21:40:40.863,1165.377,1142,-5,14,0,1,1,0,0,1,0,0,0
2026-03-27 21:40:41.007,1165.521,1142,-3,14,0,1,1,0,0,1,0,0,0
2026-03-27 21:40:41.008,1165.522,1143,-3,14,0,1,1,0,0,1,0,0,0
2026-03-27 21:40:41.135,1165.649,1142,-5,14,0,1,1,0,0,1,0,0,0
2026-03-27 21:40:41.279,1165.793,1141,-6,14,0,1,1,0,0,1,0,0,0
2026-03-27 21:40:41.327,1165.841,1142,-5,11,0,1,1,0,0,1,0,0,0
2026-03-27 21:40:41.344,1165.858,1142,-5,11,0,1,1,0,0,1,0,0,0
2026-03-27 21:40:41.456,1165.970,1142,-5,12,0,1,1,0,0,1,0,0,0
2026-03-27 21:40:41.503,1166.017,1142,-5,14,0,1,1,0,0,1,0,0,0
2026-03-27 21:40:41.615,1166.129,1142,-5,14,0,1,1,0,0,1,0,0,0
2026-03-27 21:40:41.695,1166.209,1142,-5,14,0,1,1,0,0,1,0,0,0
2026-03-27 21:40:41.856,1166.370,1142,-5,14,0,1,1,0,0,1,0,0,0
2026-03-27 21:40:41.903,1166.417,1141,-5,14,0,1,1,0,0,1,0,0,0
2026-03-27 21:40:41.918,1166.432,1141,-6,14,0,1,1,0,0,1,0,0,0
2026-03-27 21:40:42.031,1166.545,1141,-6,14,0,1,1,0,0,1,0,0,0
2026-03-27 21:40:42.111,1166.625,1141,-5,14,0,1,1,0,0,1,0,0,0
2026-03-27 21:40:42.271,1166.785,1141,-6,14,0,1,1,0,0,1,0,0,0
2026-03-27 21:40:42.415,1166.929,1142,-5,14,0,1,1,0,0,1,0,0,0
2026-03-27 21:40:42.479,1166.993,1141,-5,14,0,1,1,0,0,1,0,0,0
2026-03-27 21:40:42.543,1167.057,1142,-5,14,0,1,1,0,0,1,0,0,0
2026-03-27 21:40:42.558,1167.072,1142,-5,14,0,1,1,0,0,1,0,0,0
2026-03-27 21:40:42.784,1167.298,1142,-6,14,0,1,1,0,0,1,0,0,0
2026-03-27 21:40:42.798,1167.312,1143,-5,14,0,1,1,0,0,1,0,0,0
2026-03-27 21:40:42.895,1167.409,1143,-5,14,0,1,1,0,0,1,0,0,0
2026-03-27 21:40:42.959,1167.473,1142,-5,14,0,1,1,0,0,1,0,0,0
2026-03-27 21:40:43.071,1167.585,1142,-5,14,0,1,1,0,0,1,0,0,0
2026-03-27 21:40:43.087,1167.601,1143,-5,14,0,1,1,0,0,1,0,0,0
2026-03-27 21:40:43.262,1167.777,1142,-6,14,0,1,1,0,0,1,0,0,0
2026-03-27 21:40:43.295,1167.809,1142,-5,14,0,1,1,0,0,1,0,0,0
2026-03-27 21:40:43.375,1167.889,1141,-3,14,0,1,1,0,0,1,0,0,0
2026-03-27 21:40:43.392,1167.906,1141,-3,14,0,1,1,0,0,1,0,0,0
2026-03-27 21:40:43.503,1168.017,1142,-3,14,0,1,1,0,0,1,0,0,0
2026-03-27 21:40:43.521,1168.035,1142,-6,14,0,1,1,0,0,1,0,0,0
2026-03-27 21:40:43.551,1168.065,1142,-5,14,0,1,1,0,0,1,0,0,0
2026-03-27 21:40:43.727,1168.241,1142,-3,14,0,1,1,0,0,1,0,0,0
2026-03-27 21:40:43.838,1168.352,1141,-6,14,0,1,1,0,0,1,0,0,0
2026-03-27 21:40:43.840,1168.354,1141,-3,14,0,1,1,0,0,1,0,0,0
2026-03-27 21:40:43.886,1168.400,1142,-4,14,0,1,1,0,0,1,0,0,0
2026-03-27 21:40:43.888,1168.402,1143,-5,14,0,1,1,0,0,1,0,0,0
2026-03-27 21:40:44.063,1168.577,1141,-5,14,0,1,1,0,0,1,0,0,0
2026-03-27 21:40:44.143,1168.657,1141,-3,11,0,1,1,0,0,1,0,0,0
2026-03-27 21:40:44.206,1168.720,1143,-5,14,0,1,1,0,0,1,0,0,0
2026-03-27 21:40:44.208,1168.722,1142,-5,14,0,1,1,0,0,1,0,0,0
2026-03-27 21:40:44.367,1168.881,1143,-5,14,0,1,1,0,0,1,0,0,0
2026-03-27 21:40:44.495,1169.009,1142,-6,14,0,1,1,0,0,1,0,0,0
2026-03-27 21:40:44.606,1169.120,1141,-3,14,0,1,1,0,0,1,0,0,0
2026-03-27 21:40:44.607,1169.121,1142,-5,14,0,1,1,0,0,1,0,0,0
2026-03-27 21:40:44.719,1169.233,1141,-5,14,0,1,1,0,0,1,0,0,0
2026-03-27 21:40:44.799,1169.313,1141,-6,14,0,1,1,0,0,1,0,0,0
2026-03-27 21:40:44.878,1169.392,1142,-5,14,0,1,1,0,0,1,0,0,0
2026-03-27 21:40:44.880,1169.394,1142,-6,14,0,1,1,0,0,1,0,0,0
2026-03-27 21:40:45.007,1169.521,1142,-3,14,0,1,1,0,0,1,0,0,0
2026-03-27 21:40:45.055,1169.570,1141,-3,14,0,1,1,0,0,1,0,0,0
2026-03-27 21:40:45.183,1169.697,1142,-2,14,0,1,1,0,0,1,0,0,0
2026-03-27 21:40:45.279,1169.793,1141,-3,14,0,1,1,0,0,1,0,0,0
2026-03-27 21:40:45.281,1169.795,1141,-3,14,0,1,1,0,0,1,0,0,0
2026-03-27 21:40:45.359,1169.873,1142,-6,14,0,1,1,0,0,1,0,0,0
2026-03-27 21:40:45.503,1170.017,1141,-3,14,0,1,1,0,0,1,0,0,0
2026-03-27 21:40:45.567,1170.081,1141,-3,14,0,1,1,0,0,1,0,0,0
2026-03-27 21:40:45.646,1170.160,1142,-5,12,0,1,1,0,0,1,0,0,0
2026-03-27 21:40:45.663,1170.177,1143,-5,12,0,1,1,0,0,1,0,0,0
2026-03-27 21:40:45.839,1170.353,1142,-3,14,0,1,1,0,0,1,0,0,0
2026-03-27 21:40:45.854,1170.368,1142,-3,14,0,1,1,0,0,1,0,0,0
2026-03-27 21:40:45.902,1170.416,1142,-3,14,0,1,1,0,0,1,0,0,0
2026-03-27 21:40:45.919,1170.433,1142,-3,14,0,1,1,0,0,1,0,0,0
2026-03-27 21:40:45.920,1170.434,0,0,0,0,0,0,0,0,1,0,0,0
2026-03-27 21:40:46.030,1170.544,1141,-3,14,0,1,1,0,0,1,0,0,0
2026-03-27 21:40:46.126,1170.640,1143,-6,14,0,1,1,0,0,1,0,0,0
2026-03-27 21:40:46.128,1170.642,1143,-5,14,0,1,1,0,0,1,0,0,0
2026-03-27 21:40:46.174,1170.689,1142,-5,14,0,1,1,0,0,1,0,0,0
2026-03-27 21:40:46.414,1170.928,1142,-3,14,0,1,1,0,0,1,0,0,0
2026-03-27 21:40:46.416,1170.930,1142,-3,14,0,1,1,0,0,1,0,0,0
2026-03-27 21:40:46.463,1170.977,1141,-3,14,0,1,1,0,0,1,0,0,0
2026-03-27 21:40:46.559,1171.073,1142,-5,14,0,1,1,0,0,1,0,0,0
2026-03-27 21:40:46.577,1171.091,1141,-6,14,0,1,1,0,0,1,0,0,0
2026-03-27 21:40:46.671,1171.185,1141,-5,14,0,1,1,0,0,1,0,0,0
2026-03-27 21:40:46.750,1171.264,1142,-3,14,0,1,1,0,0,1,0,0,0
2026-03-27 21:40:46.753,1171.267,1142,-5,14,0,1,1,0,0,1,0,0,0
2026-03-27 21:40:46.895,1171.409,1143,-5,14,0,1,1,0,0,1,0,0,0
2026-03-27 21:40:46.912,1171.426,1142,-5,14,0,1,1,0,0,1,0,0,0
2026-03-27 21:40:46.975,1171.489,1143,-5,14,0,1,1,0,0,1,0,0,0
2026-03-27 21:40:47.055,1171.569,1142,-3,14,0,1,1,0,0,1,0,0,0
2026-03-27 21:40:47.166,1171.680,1142,-6,14,0,1,1,0,0,1,0,0,0
2026-03-27 21:40:47.278,1171.793,1142,-5,14,0,1,1,0,0,1,0,0,0
2026-03-27 21:40:47.406,1171.921,1141,-5,14,0,1,1,0,0,1,0,0,0
2026-03-27 21:40:47.422,1171.936,1141,-5,14,0,1,1,0,0,1,0,0,0
2026-03-27 21:40:47.424,1171.938,1142,-3,14,0,1,1,0,0,1,0,0,0
2026-03-27 21:40:47.551,1172.065,1142,-3,14,0,1,1,0,0,1,0,0,0
2026-03-27 21:40:47.695,1172.209,1142,-3,14,0,1,1,0,0,1,0,0,0
2026-03-27 21:40:47.743,1172.257,1141,-6,14,0,1,1,0,0,1,0,0,0
2026-03-27 21:40:47.759,1172.273,1142,-5,14,0,1,1,0,0,1,0,0,0
2026-03-27 21:40:47.903,1172.417,1142,-6,14,0,1,1,0,0,1,0,0,0
2026-03-27 21:40:48.015,1172.529,1142,-6,14,0,1,1,0,0,1,0,0,0
2026-03-27 21:40:48.142,1172.656,1141,-5,14,0,1,1,0,0,1,0,0,0
2026-03-27 21:40:48.143,1172.658,1142,-5,15,0,1,1,0,0,1,0,0,0
2026-03-27 21:40:48.158,1172.673,1141,-3,14,0,1,1,0,0,1,0,0,0
2026-03-27 21:40:48.238,1172.752,1141,-3,14,0,1,1,0,0,1,0,0,0
2026-03-27 21:40:48.414,1172.928,1142,-2,14,0,1,1,0,0,1,0,0,0
2026-03-27 21:40:48.446,1172.960,1141,-6,11,0,1,1,0,0,1,0,0,0
2026-03-27 21:40:48.574,1173.088,1141,-3,14,0,1,1,0,0,1,0,0,0
2026-03-27 21:40:48.670,1173.184,1141,-3,14,0,1,1,0,0,1,0,0,0
2026-03-27 21:40:48.672,1173.186,1141,-3,14,0,1,1,0,0,1,0,0,0
2026-03-27 21:40:48.782,1173.297,1143,-3,14,0,1,1,0,0,1,0,0,0
2026-03-27 21:40:48.846,1173.360,1142,-3,14,0,1,1,0,0,1,0,0,0
2026-03-27 21:40:48.847,1173.361,1143,-3,14,0,1,1,0,0,1,0,0,0
2026-03-27 21:40:48.959,1173.473,1141,-5,14,0,1,1,0,0,1,0,0,0
2026-03-27 21:40:49.087,1173.601,1141,-3,14,0,1,1,0,0,1,0,0,0
2026-03-27 21:40:49.088,1173.602,1141,-2,14,0,1,1,0,0,1,0,0,0
2026-03-27 21:40:49.089,1173.603,1141,-5,14,0,1,1,0,0,1,0,0,0
2026-03-27 21:40:49.150,1173.664,1142,-5,14,0,1,1,0,0,1,0,0,0
2026-03-27 21:40:49.278,1173.792,1141,-5,14,0,1,1,0,0,1,0,0,0
2026-03-27 21:40:49.294,1173.808,1141,-5,14,0,1,1,0,0,1,0,0,0
2026-03-27 21:40:49.406,1173.920,1142,-5,14,0,1,1,0,0,1,0,0,0
2026-03-27 21:40:49.407,1173.921,1142,-5,15,0,1,1,0,0,1,0,0,0
2026-03-27 21:40:49.502,1174.016,1142,-5,14,0,1,1,0,0,1,0,0,0
2026-03-27 21:40:49.550,1174.065,1142,-5,14,0,1,1,0,0,1,0,0,0
2026-03-27 21:40:49.790,1174.305,1142,-3,14,0,1,1,0,0,1,0,0,0
2026-03-27 21:40:49.839,1174.353,1141,-6,14,0,1,1,0,0,1,0,0,0
2026-03-27 21:40:49.983,1174.497,1141,-5,14,0,1,1,0,0,1,0,0,0
2026-03-27 21:40:50.126,1174.640,1141,-3,14,0,1,1,0,0,1,0,0,0
2026-03-27 21:40:50.128,1174.642,1141,-3,14,0,1,1,0,0,1,0,0,0
2026-03-27 21:40:50.190,1174.704,1141,-5,14,0,1,1,0,0,1,0,0,0
2026-03-27 21:40:50.319,1174.833,1141,-2,14,0,1,1,0,0,1,0,0,0
2026-03-27 21:40:50.322,1174.836,1141,-3,14,0,1,1,0,0,1,0,0,0
2026-03-27 21:40:50.383,1174.897,1141,-6,14,0,1,1,0,0,1,0,0,0
2026-03-27 21:40:50.481,1174.995,1142,-2,15,0,1,1,0,0,1,0,0,0
2026-03-27 21:40:50.639,1175.153,1142,-5,14,0,1,1,0,0,1,0,0,0
2026-03-27 21:40:50.702,1175.216,1141,-5,14,0,1,1,0,0,1,0,0,0
2026-03-27 21:40:50.846,1175.360,1141,-2,14,0,1,1,0,0,1,0,0,0
2026-03-27 21:40:50.862,1175.376,1142,-3,14,0,1,1,0,0,1,0,0,0
2026-03-27 21:40:50.926,1175.440,1141,-3,14,0,1,1,0,0,1,0,0,0
2026-03-27 21:40:51.006,1175.520,1142,-2,14,0,1,1,0,0,1,0,0,0
2026-03-27 21:40:51.087,1175.601,1141,-5,14,0,1,1,0,0,1,0,0,0
2026-03-27 21:40:51.262,1175.776,1141,-3,14,0,1,1,0,0,1,0,0,0
2026-03-27 21:40:51.342,1175.856,1141,-3,14,0,1,1,0,0,1,0,0,0
2026-03-27 21:40:51.455,1175.969,1142,-3,14,0,1,1,0,0,1,0,0,0
2026-03-27 21:40:51.582,1176.096,1142,-3,14,0,1,1,0,0,1,0,0,0
2026-03-27 21:40:51.710,1176.224,1142,-5,14,0,1,1,0,0,1,0,0,0
2026-03-27 21:40:51.855,1176.369,1141,-6,14,0,1,1,0,0,1,0,0,0
2026-03-27 21:40:51.982,1176.496,1142,-5,14,0,1,1,0,0,1,0,0,0
2026-03-27 21:40:52.062,1176.576,1141,-6,14,0,1,1,0,0,1,0,0,0
2026-03-27 21:40:52.111,1176.625,1141,-3,14,0,1,1,0,0,1,0,0,0
2026-03-27 21:40:52.222,1176.736,1142,-5,14,0,1,1,0,0,1,0,0,0
2026-03-27 21:40:52.224,1176.738,1142,-5,14,0,1,1,0,0,1,0,0,0
2026-03-27 21:40:52.367,1176.881,1142,-5,14,0,1,1,0,0,1,0,0,0
2026-03-27 21:40:52.462,1176.976,1141,-3,14,0,1,1,0,0,1,0,0,0
2026-03-27 21:40:52.510,1177.024,1141,-3,14,0,1,1,0,0,1,0,0,0
2026-03-27 21:40:52.511,1177.025,1141,-3,14,0,1,1,0,0,1,0,0,0
2026-03-27 21:40:52.512,1177.027,1141,-3,14,0,1,1,0,0,1,0,0,0
2026-03-27 21:40:52.624,1177.138,1141,-3,14,0,1,1,0,0,1,0,0,0
2026-03-27 21:40:52.736,1177.250,1141,-3,14,0,1,1,0,0,1,0,0,0
2026-03-27 21:40:52.738,1177.252,1141,-3,14,0,1,1,0,0,1,0,0,0
2026-03-27 21:40:52.815,1177.329,1141,-5,14,0,1,1,0,0,1,0,0,0
2026-03-27 21:40:52.910,1177.424,1141,-3,14,0,1,1,0,0,1,0,0,0
2026-03-27 21:40:52.990,1177.504,1142,-3,14,0,1,1,0,0,1,0,0,0
2026-03-27 21:40:52.992,1177.506,1142,-3,14,0,1,1,0,0,1,0,0,0
2026-03-27 21:40:53.134,1177.649,1142,-2,14,0,1,1,0,0,1,0,0,0
2026-03-27 21:40:53.214,1177.728,1142,-3,14,0,1,1,0,0,1,0,0,0
2026-03-27 21:40:53.310,1177.824,1142,-5,14,0,1,1,0,0,1,0,0,0
2026-03-27 21:40:53.438,1177.952,1142,-3,14,0,1,1,0,0,1,0,0,0
2026-03-27 21:40:53.503,1178.017,1142,-3,14,0,1,1,0,0,1,0,0,0
2026-03-27 21:40:53.519,1178.033,1143,-5,14,0,1,1,0,0,1,0,0,0
2026-03-27 21:40:53.646,1178.160,1143,-2,14,0,1,1,0,0,1,0,0,0
2026-03-27 21:40:53.774,1178.288,1141,-3,14,0,1,1,0,0,1,0,0,0
2026-03-27 21:40:53.775,1178.289,1141,-6,14,0,1,1,0,0,1,0,0,0
2026-03-27 21:40:53.777,1178.291,1142,-5,14,0,1,1,0,0,1,0,0,0
2026-03-27 21:40:53.886,1178.400,1142,-5,14,0,1,1,0,0,1,0,0,0
2026-03-27 21:40:53.999,1178.513,1141,-6,14,0,1,1,0,0,1,0,0,0
2026-03-27 21:40:54.111,1178.625,1142,-6,14,0,1,1,0,0,1,0,0,0
2026-03-27 21:40:54.223,1178.737,1142,-3,14,0,1,1,0,0,1,0,0,0
2026-03-27 21:40:54.334,1178.848,1142,-5,14,0,1,1,0,0,1,0,0,0
2026-03-27 21:40:54.414,1178.928,1141,-3,14,0,1,1,0,0,1,0,0,0
2026-03-27 21:40:54.638,1179.152,1142,-3,14,0,1,1,0,0,1,0,0,0
2026-03-27 21:40:54.686,1179.201,1141,-3,14,0,1,1,0,0,1,0,0,0
2026-03-27 21:40:54.688,1179.202,1141,-3,14,0,1,1,0,0,1,0,0,0
2026-03-27 21:40:54.702,1179.217,1141,-3,14,0,1,1,0,0,1,0,0,0
2026-03-27 21:40:54.735,1179.249,1141,-3,14,0,1,1,0,0,1,0,0,0
2026-03-27 21:40:54.894,1179.408,1143,-3,14,0,1,1,0,0,1,0,0,0
2026-03-27 21:40:54.898,1179.412,1142,-5,14,0,1,1,0,0,1,0,0,0
2026-03-27 21:40:55.038,1179.552,1142,-5,14,0,1,1,0,0,1,0,0,0
2026-03-27 21:40:55.039,1179.553,1142,-2,15,0,1,0,0,0,0,0,0,0
2026-03-27 21:40:55.054,1179.568,1141,-3,14,0,1,1,0,0,1,0,0,0
2026-03-27 21:40:55.151,1179.665,1141,-3,14,0,1,1,0,0,1,0,0,0
2026-03-27 21:40:55.263,1179.777,1140,-3,13,0,1,1,0,0,1,0,0,0
2026-03-27 21:40:55.358,1179.872,1141,-3,13,0,1,1,0,0,1,0,0,0
2026-03-27 21:40:55.390,1179.904,1141,-5,14,0,1,1,0,0,1,0,0,0
2026-03-27 21:40:55.534,1180.048,1141,-3,14,0,1,1,0,0,1,0,0,0
2026-03-27 21:40:55.536,1180.051,1141,-3,14,0,1,1,0,0,1,0,0,0
2026-03-27 21:40:55.647,1180.161,1141,-3,14,0,1,1,0,0,1,0,0,0
2026-03-27 21:40:55.649,1180.163,1141,-2,14,0,1,1,0,0,1,0,0,0
2026-03-27 21:40:55.759,1180.273,1143,-5,14,0,1,1,0,0,1,0,0,0
2026-03-27 21:40:55.854,1180.368,1141,-5,14,0,1,1,0,0,1,0,0,0
2026-03-27 21:40:55.856,1180.370,1143,-4,15,0,1,1,0,0,1,0,0,0
2026-03-27 21:40:55.857,1180.371,1142,-5,14,0,1,1,0,0,1,0,0,0
2026-03-27 21:40:55.918,1180.432,1142,-6,14,0,1,1,0,0,1,0,0,0
2026-03-27 21:40:55.934,1180.449,1142,-3,14,0,1,1,0,0,1,0,0,0
2026-03-27 21:40:56.014,1180.528,1142,-6,14,0,1,1,0,0,1,0,0,0
2026-03-27 21:40:56.126,1180.640,1141,-3,14,0,1,1,0,0,1,0,0,0
2026-03-27 21:40:56.206,1180.720,1143,-5,14,0,1,1,0,0,1,0,0,0
2026-03-27 21:40:56.222,1180.736,1144,-5,15,0,1,1,0,0,1,0,0,0
2026-03-27 21:40:56.302,1180.817,1142,-3,14,0,1,1,0,0,1,0,0,0
2026-03-27 21:40:56.446,1180.960,1143,-5,14,0,1,1,0,0,1,0,0,0
