timestamp,elapsed_s,bottle_psi,tank_psi,chamber_psi,loadcell_kg,gse_fill,gse_relief,gse_dump,rkt_ox,rkt_fuel,rkt_relief,rkt_dump,rkt_ign
2026-03-27 22:19:00.467,0.067,1169,-2,15,0,0,0,0,0,0,0,0,0
2026-03-27 22:19:00.482,0.082,1173,-3,14,0,0,0,0,0,0,0,0,0
2026-03-27 22:19:00.530,0.130,1174,-2,14,0,0,0,0,0,0,0,0,0
2026-03-27 22:19:00.722,0.321,1166,-2,14,0,0,0,0,0,0,0,0,0
2026-03-27 22:19:00.738,0.338,1168,-5,15,0,0,0,0,0,0,0,0,0
2026-03-27 22:19:00.770,0.370,1170,-2,14,0,0,0,0,0,0,0,0,0
2026-03-27 22:19:00.850,0.450,1169,-2,15,0,0,0,0,0,0,0,0,0
2026-03-27 22:19:00.865,0.465,1168,-2,14,0,0,0,0,0,0,0,0,0
2026-03-27 22:19:00.898,0.497,1172,-2,14,0,0,0,0,0,0,0,0,0
2026-03-27 22:19:01.026,0.625,1171,-2,14,0,0,0,0,0,0,0,0,0
2026-03-27 22:19:01.028,0.628,1171,-2,14,0,0,0,0,0,0,0,0,0
2026-03-27 22:19:01.154,0.754,1171,-3,14,0,0,0,0,0,0,0,0,0
2026-03-27 22:19:01.249,0.849,1168,-2,14,0,0,0,0,0,0,0,0,0
2026-03-27 22:19:01.250,0.850,1169,-2,14,0,0,0,0,0,0,0,0,0
2026-03-27 22:19:01.329,0.929,1171,-5,14,0,0,0,0,0,0,0,0,0
2026-03-27 22:19:01.457,1.057,1168,-2,14,0,0,0,0,0,0,0,0,0
2026-03-27 22:19:01.458,1.058,1168,-2,14,0,0,0,0,0,0,0,0,0
2026-03-27 22:19:01.698,1.298,1169,-2,15,0,0,0,0,0,0,0,0,0
2026-03-27 22:19:01.778,1.377,1176,-2,14,0,0,0,0,0,0,0,0,0
2026-03-27 22:19:01.953,1.553,1172,-2,14,0,0,0,0,0,0,0,0,0
2026-03-27 22:19:01.980,1.580,1174,-2,14,0,0,0,0,0,0,0,0,0
2026-03-27 22:19:02.018,1.618,1171,-2,15,0,0,0,0,0,0,0,0,0
2026-03-27 22:19:02.114,1.714,1169,-2,15,0,0,0,0,0,0,0,0,0
2026-03-27 22:19:02.305,1.905,1165,-2,14,0,0,0,0,0,0,0,0,0
2026-03-27 22:19:02.307,1.907,1165,-2,14,0,0,0,0,0,0,0,0,0
2026-03-27 22:19:02.546,2.146,1164,-2,14,0,0,0,0,0,0,0,0,0
2026-03-27 22:19:02.642,2.241,1168,-5,14,0,0,0,0,0,0,0,0,0
2026-03-27 22:19:02.709,2.309,1168,-2,14,0,0,0,0,0,0,0,0,0
2026-03-27 22:19:02.866,2.466,1167,-2,15,0,0,0,0,0,0,0,0,0
2026-03-27 22:19:02.930,2.530,1165,-2,14,0,0,0,0,0,0,0,0,0
2026-03-27 22:19:03.025,2.625,1167,-2,14,0,0,0,0,0,0,0,0,0
2026-03-27 22:19:03.089,2.689,1171,-5,15,0,0,0,0,0,0,0,0,0
2026-03-27 22:19:03.281,2.881,1169,-2,14,0,0,0,0,0,0,0,0,0
2026-03-27 22:19:03.361,2.961,1166,-2,14,0,0,0,0,0,0,0,0,0
2026-03-27 22:19:03.537,3.137,1164,-2,14,0,0,0,0,0,0,0,0,0
2026-03-27 22:19:03.585,3.185,1172,-2,14,0,0,0,0,0,0,0,0,0
2026-03-27 22:19:03.729,3.329,1166,-2,15,0,0,0,0,0,0,0,0,0
2026-03-27 22:19:03.731,3.331,1167,-2,15,0,0,0,0,0,0,0,0,0
2026-03-27 22:19:03.746,3.346,1172,-2,15,0,0,0,0,0,0,0,0,0
2026-03-27 22:19:03.842,3.441,1175,-2,15,0,0,0,0,0,0,0,0,0
2026-03-27 22:19:03.905,3.505,1170,-2,14,0,0,0,0,0,0,0,0,0
2026-03-27 22:19:04.017,3.617,1169,-2,14,0,0,0,0,0,0,0,0,0
2026-03-27 22:19:04.034,3.634,1164,-2,15,0,0,0,0,0,0,0,0,0
2026-03-27 22:19:04.146,3.746,1166,-2,15,0,0,0,0,0,0,0,0,0
2026-03-27 22:19:04.257,3.857,1170,-5,15,0,0,0,0,0,0,0,0,0
2026-03-27 22:19:04.385,3.985,1171,-5,14,0,0,0,0,0,0,0,0,0
2026-03-27 22:19:04.481,4.081,1169,-5,14,0,0,0,0,0,0,0,0,0
2026-03-27 22:19:04.609,4.209,1164,-2,15,0,0,0,0,0,0,0,0,0
2026-03-27 22:19:04.611,4.210,1166,-2,15,0,0,0,0,0,0,0,0,0
2026-03-27 22:19:04.613,4.213,1166,-5,15,0,0,0,0,0,0,0,0,0
2026-03-27 22:19:04.754,4.353,1168,-5,15,0,0,0,0,0,0,0,0,0
2026-03-27 22:19:04.865,4.465,1166,-2,14,0,0,0,0,0,0,0,0,0
2026-03-27 22:19:04.881,4.481,1167,-2,14,0,0,0,0,0,0,0,0,0
2026-03-27 22:19:04.929,4.529,1163,-2,14,0,0,0,0,0,0,0,0,0
2026-03-27 22:19:05.073,4.673,1167,-3,14,0,0,0,0,0,0,0,0,0
2026-03-27 22:19:05.153,4.753,1163,-2,14,0,0,0,0,0,0,0,0,0
2026-03-27 22:19:05.249,4.849,1164,-2,14,0,0,0,0,0,0,0,0,0
2026-03-27 22:19:05.252,4.851,1159,-2,14,0,0,0,0,0,0,0,0,0
2026-03-27 22:19:05.362,4.962,1162,-2,14,0,0,0,0,0,0,0,0,0
2026-03-27 22:19:05.364,4.964,1168,-2,15,0,0,0,0,0,0,0,0,0
2026-03-27 22:19:05.505,5.105,1169,-5,15,0,0,0,0,0,0,0,0,0
2026-03-27 22:19:05.569,5.169,1166,-3,14,0,0,0,0,0,0,0,0,0
2026-03-27 22:19:05.585,5.185,1167,-5,14,0,0,0,0,0,0,0,0,0
2026-03-27 22:19:05.681,5.281,1167,-5,15,0,0,0,0,0,0,0,0,0
2026-03-27 22:19:05.809,5.409,1166,-5,14,0,0,0,0,0,0,0,0,0
2026-03-27 22:19:05.969,5.569,1172,-2,15,0,0,0,0,0,0,0,0,0
2026-03-27 22:19:05.971,5.570,1173,-2,14,0,0,0,0,0,0,0,0,0
2026-03-27 22:19:05.986,5.586,1168,-2,15,0,0,0,0,0,0,0,0,0
2026-03-27 22:19:06.145,5.745,1173,-2,14,0,0,0,0,0,0,0,0,0
2026-03-27 22:19:06.177,5.777,1164,-2,14,0,0,0,0,0,0,0,0,0
2026-03-27 22:19:06.321,5.921,1166,-5,14,0,0,0,0,0,0,0,0,0
2026-03-27 22:19:06.401,6.001,1165,-5,14,0,0,0,0,0,0,0,0,0
2026-03-27 22:19:06.513,6.113,1170,-5,14,0,0,0,0,0,0,0,0,0
2026-03-27 22:19:06.577,6.177,1166,-2,14,0,0,0,0,0,0,0,0,0
2026-03-27 22:19:06.722,6.322,1172,-2,14,0,0,0,0,0,0,0,0,0
2026-03-27 22:19:06.753,6.353,1168,-2,15,0,0,0,0,0,0,0,0,0
2026-03-27 22:19:06.929,6.529,1165,-2,15,0,0,0,0,0,0,0,0,0
2026-03-27 22:19:06.993,6.593,1166,-2,14,0,0,0,0,0,0,0,0,0
2026-03-27 22:19:06.995,6.595,1169,-2,15,0,0,0,0,0,0,0,0,0
2026-03-27 22:19:07.057,6.657,1174,-2,14,0,0,0,0,0,0,0,0,0
2026-03-27 22:19:07.075,6.675,1163,-2,15,0,0,0,0,0,0,0,0,0
2026-03-27 22:19:07.201,6.801,1165,-2,15,0,0,0,0,0,0,0,0,0
2026-03-27 22:19:07.281,6.881,1172,-2,14,0,0,0,0,0,0,0,0,0
2026-03-27 22:19:07.489,7.089,1167,-2,14,0,0,0,0,0,0,0,0,0
2026-03-27 22:19:07.537,7.137,1166,-2,14,0,0,0,0,0,0,0,0,0
2026-03-27 22:19:07.540,7.140,1170,-2,14,0,0,0,0,0,0,0,0,0
2026-03-27 22:19:07.665,7.265,1170,-2,14,0,0,0,0,0,0,0,0,0
2026-03-27 22:19:07.809,7.409,1168,-2,14,0,0,0,0,0,0,0,0,0
2026-03-27 22:19:07.857,7.457,1170,-2,14,0,0,0,0,0,0,0,0,0
2026-03-27 22:19:07.985,7.585,1162,-2,15,0,0,0,0,0,0,0,0,0
2026-03-27 22:19:08.097,7.697,1165,-2,15,0,0,0,0,0,0,0,0,0
2026-03-27 22:19:08.193,7.793,1169,-2,14,0,0,0,0,0,0,0,0,0
2026-03-27 22:19:08.209,7.809,1168,-2,15,0,0,0,0,0,0,0,0,0
2026-03-27 22:19:08.274,7.874,1169,-2,15,0,0,0,0,0,0,0,0,0
2026-03-27 22:19:08.401,8.001,1166,-2,15,0,0,0,0,0,0,0,0,0
2026-03-27 22:19:08.404,8.004,1166,-2,14,0,0,0,0,0,0,0,0,0
2026-03-27 22:19:08.545,8.145,1168,-2,15,0,0,0,0,0,0,0,0,0
2026-03-27 22:19:08.593,8.193,1169,-2,15,0,0,0,0,0,0,0,0,0
2026-03-27 22:19:08.672,8.272,1166,-2,15,0,0,0,0,0,0,0,0,0
2026-03-27 22:19:08.674,8.274,1170,-2,14,0,0,0,0,0,0,0,0,0
2026-03-27 22:19:08.817,8.417,1165,-2,15,0,0,0,0,0,0,0,0,0
2026-03-27 22:19:08.913,8.513,1168,-2,15,0,0,0,0,0,0,0,0,0
2026-03-27 22:19:09.057,8.657,1167,-3,14,0,0,0,0,0,0,0,0,0
2026-03-27 22:19:09.121,8.720,1173,-2,14,0,0,0,0,0,0,0,0,0
2026-03-27 22:19:09.122,8.722,1175,-2,14,0,0,0,0,0,0,0,0,0
2026-03-27 22:19:09.124,8.724,1160,-2,14,0,0,0,0,0,0,0,0,0
2026-03-27 22:19:09.377,8.977,1161,-2,14,0,0,0,0,0,0,0,0,0
2026-03-27 22:19:09.489,9.089,1167,-2,14,0,0,0,0,0,0,0,0,0
2026-03-27 22:19:09.537,9.137,1166,-2,14,0,1,0,0,0,0,0,0,0
2026-03-27 22:19:09.633,9.233,1166,-2,14,0,1,0,0,0,0,0,0,0
2026-03-27 22:19:09.824,9.424,1168,-5,15,0,1,0,0,0,0,0,0,0
2026-03-27 22:19:09.826,9.426,1170,-2,14,0,1,0,0,0,0,0,0,0
2026-03-27 22:19:09.829,9.429,1161,-2,15,0,1,0,0,0,0,0,0,0
2026-03-27 22:19:09.841,9.441,1163,-2,15,0,1,0,0,0,0,0,0,0
2026-03-27 22:19:09.969,9.569,1168,-2,15,0,1,0,0,0,0,0,0,0
2026-03-27 22:19:10.081,9.681,1172,-5,15,0,1,0,0,0,0,0,0,0
2026-03-27 22:19:10.241,9.841,1167,-2,15,0,1,0,0,0,0,0,0,0
2026-03-27 22:19:10.257,9.856,1162,-2,14,0,1,0,0,0,0,0,0,0
2026-03-27 22:19:10.289,9.888,1164,-2,14,0,1,0,0,0,0,0,0,0
2026-03-27 22:19:10.353,9.953,1162,-2,15,0,1,0,0,0,0,0,0,0
2026-03-27 22:19:10.497,10.097,1163,-2,15,0,1,0,0,0,0,0,0,0
2026-03-27 22:19:10.625,10.225,1164,-2,15,0,1,0,0,0,0,0,0,0
2026-03-27 22:19:10.721,10.321,1169,-2,15,0,1,0,0,0,0,0,0,0
2026-03-27 22:19:10.737,10.336,1166,-2,14,0,1,0,0,0,0,0,0,0
2026-03-27 22:19:10.801,10.401,1167,-2,14,0,1,0,0,0,0,0,0,0
2026-03-27 22:19:10.945,10.545,1169,-2,15,0,1,0,0,0,0,0,0,0
2026-03-27 22:19:10.948,10.548,1167,-2,15,0,1,0,0,0,0,0,0,0
2026-03-27 22:19:11.073,10.673,1170,-2,15,0,1,0,0,0,0,0,0,0
2026-03-27 22:19:11.185,10.785,1165,-2,15,0,1,0,0,0,0,0,0,0
2026-03-27 22:19:11.233,10.833,1170,-2,15,0,1,0,0,0,0,0,0,0
2026-03-27 22:19:11.393,10.992,1172,-2,15,0,1,0,0,0,0,0,0,0
2026-03-27 22:19:11.473,11.073,1162,-3,14,0,1,0,0,0,0,0,0,0
2026-03-27 22:19:11.633,11.233,1166,-2,14,0,1,0,0,0,0,0,0,0
2026-03-27 22:19:11.713,11.313,1165,-2,15,0,1,0,0,0,0,0,0,0
2026-03-27 22:19:11.857,11.457,1167,-2,14,0,1,0,0,0,0,0,0,0
2026-03-27 22:19:11.937,11.537,1162,-2,14,0,1,0,0,0,0,0,0,0
2026-03-27 22:19:12.033,11.632,1167,-2,15,0,1,0,0,0,0,0,0,0
2026-03-27 22:19:12.129,11.729,1160,-2,15,0,1,0,0,0,0,0,0,0
2026-03-27 22:19:12.225,11.825,1168,-2,15,0,1,0,0,0,0,0,0,0
2026-03-27 22:19:12.337,11.937,1163,-2,14,0,1,0,0,0,0,0,0,0
2026-03-27 22:19:12.464,12.064,1169,-2,15,0,1,0,0,0,0,0,0,0
2026-03-27 22:19:12.468,12.067,1165,-4,15,0,1,0,0,0,0,0,0,0
2026-03-27 22:19:12.546,12.146,1167,-4,15,0,1,0,0,0,0,0,0,0
2026-03-27 22:19:12.561,12.161,1168,-2,15,0,1,0,0,0,0,0,0,0
2026-03-27 22:19:12.641,12.241,1170,-2,15,0,1,0,0,0,0,0,0,0
2026-03-27 22:19:12.769,12.368,1168,-2,14,0,1,0,0,0,0,0,0,0
2026-03-27 22:19:12.770,12.370,1169,-2,14,0,1,0,0,0,0,0,0,0
2026-03-27 22:19:12.897,12.497,1165,-2,15,0,1,0,0,0,0,0,0,0
2026-03-27 22:19:13.201,12.801,1163,-5,14,0,0,0,0,0,0,0,0,0
2026-03-27 22:19:13.345,12.945,1164,-2,14,0,0,0,0,0,0,0,0,0
2026-03-27 22:19:13.393,12.993,1168,-5,14,0,0,0,0,0,0,0,0,0
2026-03-27 22:19:13.521,13.121,1170,-2,15,0,0,0,0,0,0,0,0,0
2026-03-27 22:19:13.601,13.201,1170,-2,14,0,0,0,0,0,0,0,0,0
2026-03-27 22:19:13.729,13.329,1165,-2,15,0,0,0,0,0,0,0,0,0
2026-03-27 22:19:13.745,13.345,1167,-2,14,0,0,0,0,0,0,0,0,0
2026-03-27 22:19:13.748,13.347,1168,-2,14,0,0,0,0,0,0,0,0,0
2026-03-27 22:19:13.761,13.361,1169,-2,15,0,0,0,0,0,0,0,0,0
2026-03-27 22:19:13.905,13.504,1169,-2,14,0,0,0,0,0,0,0,0,0
2026-03-27 22:19:13.921,13.521,1173,-2,14,0,0,0,0,0,0,0,0,0
2026-03-27 22:19:13.985,13.585,1169,-2,14,0,0,0,0,0,0,0,0,0
2026-03-27 22:19:14.081,13.681,1164,-2,14,0,0,0,0,0,0,0,0,0
2026-03-27 22:19:14.193,13.793,1166,-2,14,0,0,0,0,0,0,0,0,0
2026-03-27 22:19:14.322,13.922,1168,-2,14,0,0,0,0,0,0,0,0,0
2026-03-27 22:19:14.448,14.048,1171,-2,14,0,0,0,0,0,0,0,0,0
2026-03-27 22:19:14.562,14.161,1165,-5,14,0,0,0,0,0,0,0,0,0
2026-03-27 22:19:14.593,14.192,1173,-2,15,0,0,0,0,0,0,0,0,0
2026-03-27 22:19:14.594,14.194,1174,-2,15,0,0,0,0,0,0,0,0,0
2026-03-27 22:19:14.610,14.209,1166,-2,14,0,0,0,0,0,0,0,0,0
2026-03-27 22:19:14.689,14.289,1169,-2,15,0,0,0,0,0,0,0,0,0
2026-03-27 22:19:14.832,14.432,1174,-2,14,0,0,0,0,0,0,0,0,0
2026-03-27 22:19:14.834,14.434,1175,-3,14,0,0,0,0,0,0,0,0,0
2026-03-27 22:19:14.977,14.577,1170,-4,15,0,0,0,0,0,0,0,0,0
2026-03-27 22:19:14.979,14.579,1171,-5,15,0,0,0,0,0,0,0,0,0
2026-03-27 22:19:15.297,14.897,1166,-2,14,0,0,0,0,0,0,0,0,0
2026-03-27 22:19:15.313,14.913,1165,-2,14,0,0,0,0,0,0,0,0,0
2026-03-27 22:19:15.392,14.992,1166,-2,14,0,0,0,0,0,0,0,0,0
2026-03-27 22:19:15.489,15.089,1162,-5,14,0,0,0,0,0,0,0,0,0
2026-03-27 22:19:15.649,15.249,1174,-5,14,0,0,0,0,0,0,0,0,0
2026-03-27 22:19:15.697,15.297,1167,-2,14,0,0,0,0,0,0,0,0,0
2026-03-27 22:19:15.888,15.488,1164,-2,14,0,0,0,0,0,0,0,0,0
2026-03-27 22:19:15.890,15.490,1166,-2,14,0,0,0,0,0,0,0,0,0
2026-03-27 22:19:15.921,15.521,1163,-5,14,0,0,0,0,0,0,0,0,0
2026-03-27 22:19:16.064,15.664,1165,-5,14,0,0,0,0,0,0,0,0,0
2026-03-27 22:19:16.113,15.713,1174,-5,14,0,0,0,0,0,0,0,0,0
2026-03-27 22:19:16.114,15.714,1175,-5,15,0,0,0,0,0,0,0,0,0
2026-03-27 22:19:16.192,15.792,1166,-2,14,0,0,0,0,0,0,0,0,0
2026-03-27 22:19:16.305,15.905,1168,-2,15,0,0,0,0,0,0,0,0,0
2026-03-27 22:19:16.416,16.016,1168,-2,14,0,0,0,0,0,0,0,0,0
2026-03-27 22:19:16.529,16.128,1162,-2,14,0,0,0,0,0,0,0,0,0
2026-03-27 22:19:16.673,16.273,1170,-3,14,0,0,0,0,0,0,0,0,0
2026-03-27 22:19:16.675,16.275,1167,-2,14,0,0,0,0,0,0,0,0,0
2026-03-27 22:19:16.721,16.321,1168,-2,14,0,0,0,0,0,0,0,0,0
2026-03-27 22:19:16.832,16.432,1170,-3,14,0,0,0,0,0,0,0,0,0
2026-03-27 22:19:16.833,16.433,1173,-2,15,0,0,0,0,0,0,0,0,0
2026-03-27 22:19:16.961,16.561,1167,-2,14,0,0,0,0,0,0,0,0,0
2026-03-27 22:19:16.963,16.563,1168,-2,14,0,0,0,0,0,0,0,0,0
2026-03-27 22:19:17.121,16.721,1169,-2,14,0,0,0,0,0,0,0,0,0
2026-03-27 22:19:17.185,16.784,1165,-2,14,0,0,0,0,0,0,0,0,0
2026-03-27 22:19:17.186,16.786,1166,-2,14,0,0,0,0,0,0,0,0,0
2026-03-27 22:19:17.313,16.913,1167,-2,15,0,0,0,0,0,0,0,0,0
2026-03-27 22:19:17.314,16.914,1169,-2,15,0,0,0,0,0,0,0,0,0
2026-03-27 22:19:17.425,17.024,1166,-2,14,0,0,0,0,0,0,0,0,0
2026-03-27 22:19:17.569,17.169,1169,-2,15,0,0,0,0,0,0,0,0,0
2026-03-27 22:19:17.617,17.217,1165,-2,15,0,0,0,0,0,0,0,0,0
2026-03-27 22:19:17.729,17.329,1172,-2,15,0,0,0,0,0,0,0,0,0
2026-03-27 22:19:17.841,17.441,1170,-2,14,0,0,0,0,0,0,0,0,0
2026-03-27 22:19:17.937,17.537,1162,-5,14,0,0,0,0,0,0,0,0,0
2026-03-27 22:19:18.065,17.665,1162,-5,14,0,0,0,0,0,0,0,0,0
2026-03-27 22:19:18.129,17.729,1168,-2,14,0,0,0,0,0,0,0,0,0
2026-03-27 22:19:18.225,17.825,1165,-5,14,0,0,0,0,0,0,0,0,0
2026-03-27 22:19:18.321,17.921,1165,-2,14,0,0,0,0,0,0,0,0,0
2026-03-27 22:19:18.401,18.001,1169,-2,15,0,0,0,0,0,0,0,0,0
2026-03-27 22:19:18.577,18.177,1166,-3,14,0,0,0,0,0,0,0,0,0
2026-03-27 22:19:18.609,18.209,1166,-2,14,0,0,0,0,0,0,0,0,0
2026-03-27 22:19:18.817,18.417,1167,-2,15,0,0,0,0,0,0,0,0,0
2026-03-27 22:19:18.945,18.545,1170,-2,15,0,0,0,0,0,0,0,0,0
2026-03-27 22:19:18.948,18.548,1167,-2,14,0,0,0,0,0,0,0,0,0
2026-03-27 22:19:19.089,18.689,1171,-2,14,0,0,0,0,0,0,0,0,0
2026-03-27 22:19:19.121,18.721,1167,-2,14,0,0,0,0,0,0,0,0,0
2026-03-27 22:19:19.217,18.817,1172,-2,14,0,0,0,0,0,0,0,0,0
2026-03-27 22:19:19.220,18.820,1165,-2,14,0,0,0,0,0,0,0,0,0
2026-03-27 22:19:19.361,18.961,1167,-2,14,0,0,0,0,0,0,0,0,0
2026-03-27 22:19:19.441,19.041,1173,-2,14,0,0,0,0,0,0,0,0,0
2026-03-27 22:19:19.553,19.153,1162,-2,14,0,0,0,0,0,0,0,0,0
2026-03-27 22:19:19.556,19.156,1168,-5,14,0,0,0,0,0,0,0,0,0
2026-03-27 22:19:19.617,19.217,1170,-2,14,0,0,0,0,0,0,0,0,0
2026-03-27 22:19:19.729,19.329,1165,-2,14,0,0,0,0,0,0,0,0,0
2026-03-27 22:19:19.792,19.392,1165,-2,14,0,0,0,0,0,0,0,0,0
2026-03-27 22:19:19.937,19.537,1167,-5,14,0,0,0,0,0,0,0,0,0
2026-03-27 22:19:20.017,19.617,1173,-2,14,0,0,0,0,0,0,0,0,0
2026-03-27 22:19:20.097,19.697,1168,-5,14,0,0,1,0,0,0,0,0,0
2026-03-27 22:19:20.160,19.760,1166,-2,14,0,0,1,0,0,0,0,0,0
2026-03-27 22:19:20.304,19.904,1167,-2,14,0,0,1,0,0,0,0,0,0
2026-03-27 22:19:20.352,19.952,1175,-2,14,0,0,1,0,0,0,0,0,0
2026-03-27 22:19:20.545,20.145,1168,-5,14,0,0,1,0,0,0,0,0,0
2026-03-27 22:19:20.576,20.176,1175,-2,14,0,0,1,0,0,0,0,0,0
2026-03-27 22:19:20.721,20.320,1165,-2,15,0,0,1,0,0,0,0,0,0
2026-03-27 22:19:20.833,20.433,1169,-2,15,0,0,1,0,0,0,0,0,0
2026-03-27 22:19:20.929,20.529,1173,-2,14,0,0,1,0,0,0,0,0,0
2026-03-27 22:19:21.120,20.720,1178,-3,15,0,0,1,0,0,0,0,0,0
2026-03-27 22:19:21.233,20.832,1174,-2,14,0,0,1,0,0,0,0,0,0
2026-03-27 22:19:21.264,20.864,1168,-5,15,0,0,1,0,0,0,0,0,0
2026-03-27 22:19:21.377,20.977,1173,-2,15,0,0,1,0,0,0,0,0,0
2026-03-27 22:19:21.489,21.088,1167,-2,15,0,0,1,0,0,0,0,0,0
2026-03-27 22:19:21.648,21.248,1165,-2,14,0,0,1,0,0,0,0,0,0
2026-03-27 22:19:21.697,21.297,1167,-2,15,0,0,1,0,0,0,0,0,0
2026-03-27 22:19:21.776,21.376,1164,-2,15,0,0,1,0,0,0,0,0,0
2026-03-27 22:19:21.888,21.488,1171,-2,15,0,0,1,0,0,0,0,0,0
2026-03-27 22:19:22.017,21.617,1168,-5,15,0,0,1,0,0,0,0,0,0
2026-03-27 22:19:22.081,21.681,1166,-2,15,0,0,1,0,0,0,0,0,0
2026-03-27 22:19:22.272,21.872,1165,-2,15,0,0,1,0,0,0,0,0,0
2026-03-27 22:19:22.336,21.936,1163,-2,15,0,0,1,0,0,0,0,0,0
2026-03-27 22:19:22.338,21.938,1165,-2,15,0,0,1,0,0,0,0,0,0
2026-03-27 22:19:22.339,21.939,1161,-2,0,0,0,0,0,0,0,0,0,0
2026-03-27 22:19:22.432,22.032,1171,-2,14,0,0,1,0,0,0,0,0,0
2026-03-27 22:19:22.434,22.034,1174,-2,15,0,0,1,0,0,0,0,0,0
2026-03-27 22:19:22.496,22.096,1174,-2,15,0,0,1,0,0,0,0,0,0
2026-03-27 22:19:22.640,22.240,1166,-2,15,0,0,1,0,0,0,0,0,0
2026-03-27 22:19:22.689,22.289,1169,-5,14,0,0,1,0,0,0,0,0,0
2026-03-27 22:19:22.768,22.368,1167,-2,14,0,0,1,0,0,0,0,0,0
2026-03-27 22:19:22.912,22.512,1164,-5,14,0,0,1,0,0,0,0,0,0
2026-03-27 22:19:22.929,22.529,1164,-2,14,0,0,1,0,0,0,0,0,0
2026-03-27 22:19:22.992,22.592,1165,-2,15,0,0,1,0,0,0,0,0,0
2026-03-27 22:19:23.234,22.834,1169,-5,15,0,0,1,0,0,0,0,0,0
2026-03-27 22:19:23.344,22.944,1167,-2,15,0,0,1,0,0,0,0,0,0
2026-03-27 22:19:23.424,23.024,1169,-2,14,0,0,1,0,0,0,0,0,0
2026-03-27 22:19:23.442,23.042,1169,-2,14,0,0,1,0,0,0,0,0,0
2026-03-27 22:19:23.584,23.184,1170,-2,14,0,0,1,0,0,0,0,0,0
2026-03-27 22:19:23.616,23.216,1170,-2,14,0,0,1,0,0,0,0,0,0
2026-03-27 22:19:23.792,23.392,1169,-2,15,0,0,1,0,0,0,0,0,0
2026-03-27 22:19:23.856,23.456,1166,-2,15,0,0,1,0,0,0,0,0,0
2026-03-27 22:19:23.936,23.536,1170,-2,15,0,0,1,0,0,0,0,0,0
2026-03-27 22:19:23.953,23.553,1166,-2,14,0,0,1,0,0,0,0,0,0
2026-03-27 22:19:24.032,23.632,1171,-3,14,0,0,1,0,0,0,0,0,0
2026-03-27 22:19:24.177,23.776,1164,-2,14,0,0,1,0,0,0,0,0,0
2026-03-27 22:19:24.272,23.872,1167,-3,14,0,0,1,0,0,0,0,0,0
2026-03-27 22:19:24.417,24.017,1166,-2,14,0,0,1,0,0,0,0,0,0
2026-03-27 22:19:24.464,24.064,1168,-2,14,0,0,1,0,0,0,0,0,0
2026-03-27 22:19:24.560,24.160,1172,-3,14,0,0,1,0,0,0,0,0,0
2026-03-27 22:19:24.672,24.272,1168,-2,14,0,0,1,0,0,0,0,0,0
2026-03-27 22:19:24.848,24.448,1167,-2,14,0,0,1,0,0,0,0,0,0
2026-03-27 22:19:24.881,24.480,1165,-2,14,0,0,1,0,0,0,0,0,0
2026-03-27 22:19:25.088,24.688,1173,-2,14,0,0,1,0,0,0,0,0,0
2026-03-27 22:19:25.152,24.752,1173,-2,14,0,0,1,0,0,0,0,0,0
2026-03-27 22:19:25.248,24.848,1167,-2,14,0,0,0,0,0,0,0,0,0
2026-03-27 22:19:25.377,24.977,1167,-5,14,0,0,0,0,0,0,0,0,0
2026-03-27 22:19:25.425,25.025,1163,-3,14,0,0,0,0,0,0,0,0,0
2026-03-27 22:19:25.553,25.153,1163,-3,14,0,0,0,0,0,0,0,0,0
2026-03-27 22:19:25.555,25.155,1166,-2,14,0,0,0,0,0,0,0,0,0
2026-03-27 22:19:25.648,25.248,1167,-2,14,0,0,0,0,0,0,0,0,0
2026-03-27 22:19:25.712,25.312,1171,-2,14,0,0,0,0,0,0,0,0,0
2026-03-27 22:19:25.728,25.328,1172,-2,15,0,0,0,0,0,0,0,0,0
2026-03-27 22:19:25.839,25.439,1166,-3,14,0,0,0,0,0,0,0,0,0
2026-03-27 22:19:25.841,25.441,1165,-2,14,0,0,0,0,0,0,0,0,0
2026-03-27 22:19:25.953,25.552,1164,-2,15,0,0,0,0,0,0,0,0,0
2026-03-27 22:19:26.048,25.648,1167,-2,14,0,0,0,0,0,0,0,0,0
2026-03-27 22:19:26.160,25.760,1171,-2,15,0,0,0,0,0,0,0,0,0
2026-03-27 22:19:26.163,25.763,1169,-3,14,0,0,0,0,0,0,0,0,0
2026-03-27 22:19:26.241,25.841,1172,-2,15,0,0,0,0,0,0,0,0,0
2026-03-27 22:19:26.368,25.968,1168,-2,14,0,0,0,0,0,0,0,0,0
2026-03-27 22:19:26.384,25.984,1170,-2,14,0,0,0,0,0,0,0,0,0
2026-03-27 22:19:26.465,26.064,1170,-2,15,0,0,0,0,0,0,0,0,0
2026-03-27 22:19:26.576,26.176,1171,-5,14,0,0,0,0,0,0,0,0,0
2026-03-27 22:19:26.720,26.320,1167,-2,15,0,0,0,0,0,0,0,0,0
2026-03-27 22:19:26.721,26.321,1168,-2,14,0,0,0,0,0,0,0,0,0
2026-03-27 22:19:26.737,26.337,1166,-5,14,0,0,0,0,0,0,0,0,0
2026-03-27 22:19:26.784,26.384,1167,-5,14,0,0,0,0,0,0,0,0,0
2026-03-27 22:19:26.912,26.512,1167,-2,15,0,0,0,0,0,0,0,0,0
2026-03-27 22:19:26.993,26.593,1166,-2,14,0,0,0,0,0,0,0,0,0
2026-03-27 22:19:27.200,26.800,1169,-2,14,0,0,0,0,0,0,0,0,0
2026-03-27 22:19:27.201,26.801,1170,-2,14,0,0,0,0,0,0,0,0,0
2026-03-27 22:19:27.233,26.833,1168,-2,15,0,0,0,0,0,0,0,0,0
2026-03-27 22:19:27.328,26.928,1167,-2,14,0,0,0,0,0,0,0,0,0
2026-03-27 22:19:27.488,27.088,1164,-5,15,0,0,0,0,0,0,0,0,0
2026-03-27 22:19:27.536,27.136,1164,-2,14,0,0,0,0,0,0,0,0,0
2026-03-27 22:19:27.538,27.138,1173,-2,14,0,0,0,0,0,0,0,0,0
2026-03-27 22:19:27.632,27.232,1174,-5,14,0,0,0,0,0,0,0,0,0
2026-03-27 22:19:27.634,27.234,1164,-2,15,0,0,0,0,0,0,0,0,0
2026-03-27 22:19:27.777,27.377,1166,-2,15,0,0,0,0,0,0,0,0,0
2026-03-27 22:19:27.840,27.440,1168,-5,15,0,0,0,0,0,0,0,0,0
2026-03-27 22:19:27.985,27.585,1166,-2,14,0,0,0,0,0,0,0,0,0
2026-03-27 22:19:28.096,27.696,1162,-2,14,0,0,0,0,0,0,0,0,0
2026-03-27 22:19:28.144,27.744,1165,-5,14,0,0,0,0,0,0,0,0,0
2026-03-27 22:19:28.368,27.968,1165,-2,14,0,0,0,0,0,0,0,0,0
2026-03-27 22:19:28.417,28.016,1164,-2,14,0,0,0,0,0,0,0,0,0
2026-03-27 22:19:28.480,28.080,1169,-3,12,0,0,0,0,0,0,0,0,0
2026-03-27 22:19:28.673,28.272,1170,-2,15,0,0,0,0,0,0,0,0,0
2026-03-27 22:19:28.674,28.274,1170,-2,15,0,0,0,0,0,0,0,0,0
2026-03-27 22:19:28.736,28.336,1166,-2,14,0,0,0,0,0,0,0,0,0
2026-03-27 22:19:28.881,28.481,1167,-2,14,0,0,0,0,0,0,0,0,0
2026-03-27 22:19:28.961,28.561,1167,-2,14,0,0,0,0,0,0,0,0,0
2026-03-27 22:19:29.040,28.640,1169,-2,14,0,0,0,0,0,0,0,0,0
2026-03-27 22:19:29.216,28.816,1171,-3,15,0,0,0,0,0,0,0,0,0
2026-03-27 22:19:29.281,28.881,1165,-2,14,0,0,0,0,0,0,0,0,0
2026-03-27 22:19:29.391,28.991,1164,-2,14,0,0,0,0,0,0,0,0,0
2026-03-27 22:19:29.393,28.993,1166,-2,15,0,0,0,0,0,0,0,0,0
2026-03-27 22:19:29.505,29.104,1167,-2,14,0,0,0,0,0,0,0,0,0
2026-03-27 22:19:29.552,29.152,1163,-2,14,0,0,0,0,0,0,0,0,0
2026-03-27 22:19:29.680,29.280,1168,-2,14,0,0,0,0,0,0,0,0,0
2026-03-27 22:19:29.776,29.376,1166,-3,15,0,0,0,0,0,0,0,0,0
2026-03-27 22:19:29.793,29.393,1168,-2,14,0,0,0,0,0,0,0,0,0
2026-03-27 22:19:29.857,29.457,1169,-2,14,0,0,0,0,0,0,0,0,0
2026-03-27 22:19:29.859,29.459,1164,-2,14,0,0,0,0,0,0,0,0,0
2026-03-27 22:19:29.968,29.568,1166,-2,14,0,0,0,0,0,0,0,0,0
2026-03-27 22:19:30.063,29.663,1168,-5,15,0,0,0,0,0,0,0,0,0
2026-03-27 22:19:30.065,29.665,1170,-5,15,0,0,0,0,0,0,0,0,0
2026-03-27 22:19:30.128,29.728,1168,-2,15,0,0,0,0,0,0,0,0,0
2026-03-27 22:19:30.320,29.920,1171,-2,15,0,0,0,0,0,0,0,0,0
2026-03-27 22:19:30.352,29.952,1166,-2,15,0,0,0,0,0,0,0,0,0
2026-03-27 22:19:30.512,30.112,1168,-2,15,0,0,0,0,0,0,0,0,0
2026-03-27 22:19:30.560,30.160,1169,-5,14,0,0,0,0,0,0,0,0,0
2026-03-27 22:19:30.687,30.287,1165,-2,14,0,0,0,0,0,0,0,0,0
2026-03-27 22:19:30.800,30.400,1174,-2,14,0,0,0,0,0,0,0,0,0
2026-03-27 22:19:30.912,30.512,1169,-2,14,0,0,0,0,0,0,0,0,0
2026-03-27 22:19:30.992,30.592,1170,-2,14,0,0,0,0,0,0,0,0,0
2026-03-27 22:19:31.120,30.720,1165,-2,14,0,0,0,0,0,0,0,0,0
2026-03-27 22:19:31.200,30.800,1168,-2,15,0,0,0,0,0,0,0,0,0
2026-03-27 22:19:31.296,30.896,1164,-2,14,0,0,0,0,0,0,0,0,0
2026-03-27 22:19:31.312,30.912,1168,-2,15,0,0,0,0,0,0,0,0,0
2026-03-27 22:19:31.424,31.024,1169,-2,15,0,0,0,0,0,0,0,0,0
2026-03-27 22:19:31.504,31.104,1169,-5,14,0,0,0,0,0,0,0,0,0
2026-03-27 22:19:31.648,31.248,1168,-5,14,0,0,0,0,0,0,0,0,0
2026-03-27 22:19:31.744,31.344,1171,-2,15,0,0,0,0,0,0,0,0,0
2026-03-27 22:19:31.841,31.441,1169,-2,14,0,0,0,0,0,0,0,0,0
2026-03-27 22:19:31.984,31.584,1169,-2,14,0,0,0,0,0,0,0,0,0
2026-03-27 22:19:32.064,31.664,1172,-2,14,0,0,0,0,0,0,0,0,0
2026-03-27 22:19:32.144,31.744,1167,-2,15,0,0,0,0,0,0,0,0,0
2026-03-27 22:19:32.160,31.760,1169,-2,15,0,0,0,0,0,0,0,0,0
2026-03-27 22:19:32.288,31.888,1175,-2,15,0,0,0,0,0,0,0,0,0
2026-03-27 22:19:32.400,32.000,1165,-2,14,0,0,0,0,0,0,0,0,0
2026-03-27 22:19:32.527,32.127,1171,-2,14,0,0,0,0,0,0,0,0,0
2026-03-27 22:19:32.624,32.224,1166,-2,14,0,0,0,0,0,0,0,0,0
2026-03-27 22:19:32.655,32.255,1168,-2,15,0,0,0,0,0,0,0,0,0
2026-03-27 22:19:32.832,32.432,1167,-5,14,0,0,0,0,0,0,0,0,0
2026-03-27 22:19:32.928,32.528,1173,-3,14,0,0,0,0,0,0,0,0,0
2026-03-27 22:19:32.944,32.544,1175,-2,15,0,0,0,0,0,0,0,0,0
2026-03-27 22:19:32.991,32.591,1166,-2,15,0,0,0,0,0,0,0,0,0
2026-03-27 22:19:33.120,32.720,1169,-2,15,0,0,0,0,0,0,0,0,0
2026-03-27 22:19:33.137,32.737,1166,-3,14,0,0,0,0,0,0,0,0,0
2026-03-27 22:19:33.248,32.848,1168,-2,15,0,0,0,0,0,0,0,0,0
2026-03-27 22:19:33.361,32.961,1169,-2,14,0,0,0,0,0,0,0,0,0
2026-03-27 22:19:33.536,33.135,1168,-3,14,0,0,0,0,0,0,0,0,0
2026-03-27 22:19:33.841,33.441,1177,-2,14,0,0,0,0,0,0,0,0,0
2026-03-27 22:19:33.919,33.519,1169,-2,14,0,0,0,0,0,0,0,0,1
2026-03-27 22:19:33.921,33.520,1170,-2,14,0,0,0,0,0,0,0,0,1
2026-03-27 22:19:34.065,33.664,1171,-2,14,0,0,0,0,0,0,0,0,1
2026-03-27 22:19:34.096,33.696,1169,-2,15,0,0,0,0,0,0,0,0,1
2026-03-27 22:19:34.208,33.808,1167,-2,14,0,0,0,0,0,0,0,0,1
2026-03-27 22:19:34.209,33.809,1170,-2,14,0,0,0,0,0,0,0,0,1
2026-03-27 22:19:34.351,33.951,1167,-2,14,0,0,0,0,0,0,0,0,1
2026-03-27 22:19:34.463,34.063,1173,-2,15,0,0,0,0,0,0,0,0,1
2026-03-27 22:19:34.466,34.066,1169,-2,14,0,0,0,0,0,0,0,0,1
2026-03-27 22:19:34.496,34.095,1169,-2,15,0,0,0,0,0,0,0,0,1
2026-03-27 22:19:34.591,34.191,1164,-2,14,0,0,0,0,0,0,0,0,1
2026-03-27 22:19:34.656,34.256,1169,-2,14,0,0,0,0,0,0,0,0,1
2026-03-27 22:19:34.672,34.272,1165,-2,15,0,0,0,0,0,0,0,0,1
2026-03-27 22:19:34.784,34.384,1167,-2,14,0,0,0,0,0,0,0,0,1
2026-03-27 22:19:34.787,34.387,1174,-2,15,0,0,0,0,0,0,0,0,1
2026-03-27 22:19:34.864,34.464,1176,-2,14,0,0,0,0,0,0,0,0,1
2026-03-27 22:19:34.976,34.576,1169,-2,14,0,0,0,0,0,0,0,0,1
2026-03-27 22:19:35.103,34.703,1174,-2,15,0,0,0,0,0,0,0,0,1
2026-03-27 22:19:35.199,34.799,1166,-2,15,0,0,0,0,0,0,0,0,1
2026-03-27 22:19:35.409,35.009,1175,-2,14,0,0,0,0,0,0,0,0,1
2026-03-27 22:19:35.411,35.011,1173,-2,14,0,0,0,0,0,0,0,0,1
2026-03-27 22:19:35.488,35.088,1176,-3,14,0,0,0,0,0,0,0,0,1
2026-03-27 22:19:35.536,35.135,1168,-2,15,0,0,0,0,0,0,0,0,1
2026-03-27 22:19:35.648,35.248,1174,-2,15,0,0,0,0,0,0,0,0,1
2026-03-27 22:19:35.649,35.249,1175,-2,15,0,0,0,0,0,0,0,0,1
2026-03-27 22:19:35.744,35.344,1170,-3,14,0,0,0,0,0,0,0,0,1
2026-03-27 22:19:35.808,35.408,1168,-2,14,0,0,0,0,0,0,0,0,1
2026-03-27 22:19:35.919,35.519,1169,-2,14,0,0,0,0,0,0,0,0,1
2026-03-27 22:19:36.015,35.615,1167,-2,14,0,0,0,0,0,0,0,0,1
2026-03-27 22:19:36.032,35.632,1169,-2,15,0,0,0,0,0,0,0,0,1
2026-03-27 22:19:36.176,35.776,1177,-2,14,0,0,0,0,0,0,0,0,1
2026-03-27 22:19:36.224,35.824,1173,-2,14,0,0,0,0,0,0,0,0,1
2026-03-27 22:19:36.352,35.951,1172,-2,15,0,0,0,0,0,0,0,0,1
2026-03-27 22:19:36.496,36.096,1169,-3,14,0,0,0,0,0,0,0,0,1
2026-03-27 22:19:36.624,36.224,1173,-2,14,0,0,0,0,0,0,0,0,1
2026-03-27 22:19:36.688,36.287,1173,-2,14,0,0,0,0,0,0,0,0,1
2026-03-27 22:19:36.865,36.464,1172,-2,15,0,0,0,0,0,0,0,0,1
2026-03-27 22:19:36.960,36.559,1176,-2,14,0,0,0,0,0,0,0,0,1
2026-03-27 22:19:37.071,36.671,1171,-2,14,0,0,0,0,0,0,0,0,1
2026-03-27 22:19:37.073,36.672,1172,-2,14,0,0,0,0,0,0,0,0,1
2026-03-27 22:19:37.087,36.687,1167,2,14,0,0,0,0,0,0,0,0,1
2026-03-27 22:19:37.183,36.783,1171,-2,14,0,0,0,0,0,0,0,0,1
2026-03-27 22:19:37.200,36.800,1165,-5,15,0,0,0,0,0,0,0,0,1
2026-03-27 22:19:37.263,36.863,1168,-5,14,0,0,0,0,0,0,0,0,1
2026-03-27 22:19:37.424,37.024,1169,-5,14,0,0,0,0,0,0,0,0,1
2026-03-27 22:19:37.426,37.026,1173,-5,14,0,0,0,0,0,0,0,0,1
2026-03-27 22:19:37.552,37.152,1171,-2,14,0,0,0,0,0,0,0,0,1
2026-03-27 22:19:37.584,37.183,1173,-2,14,0,0,0,0,0,0,0,0,1
2026-03-27 22:19:37.601,37.201,1164,-2,14,0,0,0,0,0,0,0,0,1
2026-03-27 22:19:37.664,37.264,1166,-2,14,0,0,0,0,0,0,0,0,1
2026-03-27 22:19:37.680,37.280,1164,-2,15,0,0,0,0,0,0,0,0,1
2026-03-27 22:19:37.791,37.391,1163,-2,15,0,0,0,0,0,0,0,0,1
2026-03-27 22:19:37.792,37.392,1166,-2,14,0,0,0,0,0,0,0,0,1
2026-03-27 22:19:37.888,37.488,1172,-2,14,0,0,0,0,0,0,0,0,1
2026-03-27 22:19:38.015,37.615,1171,-2,14,0,0,0,0,0,0,0,0,1
2026-03-27 22:19:38.034,37.633,1163,-2,15,0,0,0,0,0,0,0,0,1
2026-03-27 22:19:38.063,37.663,1165,-2,15,0,0,0,0,0,0,0,0,1
2026-03-27 22:19:38.067,37.667,1169,-2,15,0,0,0,0,0,0,0,0,1
2026-03-27 22:19:38.176,37.776,1171,-2,15,0,0,0,0,0,0,0,0,1
2026-03-27 22:19:38.287,37.887,1170,-2,14,0,0,0,0,0,0,0,0,1
2026-03-27 22:19:38.415,38.015,1166,-2,14,0,0,0,0,0,0,0,0,1
2026-03-27 22:19:38.511,38.111,1167,-2,14,0,0,0,0,0,0,0,0,1
2026-03-27 22:19:38.528,38.128,1165,-2,14,0,0,0,0,0,0,0,0,1
2026-03-27 22:19:38.623,38.223,1167,-2,14,0,0,0,0,0,0,0,0,1
2026-03-27 22:19:38.879,38.479,1168,-3,14,0,0,0,0,0,0,0,0,1
2026-03-27 22:19:38.911,38.511,1165,-2,14,0,0,0,0,0,0,0,0,1
2026-03-27 22:19:39.103,38.703,1174,-2,14,0,0,0,0,0,0,0,0,0
2026-03-27 22:19:39.136,38.736,1168,-2,14,0,0,0,0,0,0,0,0,0
2026-03-27 22:19:39.263,38.863,1170,-2,14,0,0,0,0,0,0,0,0,0
2026-03-27 22:19:39.359,38.959,1167,-5,14,0,0,0,0,0,0,0,0,0
2026-03-27 22:19:39.487,39.087,1172,-2,15,0,0,0,0,0,0,0,0,0
2026-03-27 22:19:39.504,39.104,1172,-2,14,0,0,0,0,0,0,0,0,0
2026-03-27 22:19:39.552,39.152,1176,-2,14,0,0,0,0,0,0,0,0,0
2026-03-27 22:19:39.647,39.247,1164,-2,15,0,0,0,0,0,0,0,0,0
2026-03-27 22:19:39.807,39.407,1164,-2,14,0,0,0,0,0,0,0,0,0
2026-03-27 22:19:39.839,39.439,1164,-2,15,0,0,0,0,0,0,0,0,0
2026-03-27 22:19:39.840,39.440,1167,-2,15,0,0,0,0,0,0,0,0,0
2026-03-27 22:19:39.842,39.442,1168,-2,14,0,0,0,0,0,0,0,0,0
2026-03-27 22:19:40.016,39.615,1172,-2,14,0,0,0,0,0,0,0,0,0
2026-03-27 22:19:40.304,39.904,1172,-2,14,0,0,0,0,0,0,0,0,0
2026-03-27 22:19:40.367,39.967,1166,-2,15,0,0,0,0,0,0,0,0,0
2026-03-27 22:19:40.496,40.096,1168,-3,14,0,0,0,0,0,0,0,0,0
2026-03-27 22:19:40.607,40.207,1177,-2,15,0,0,0,0,0,0,0,0,0
2026-03-27 22:19:40.671,40.271,1178,-2,15,0,0,0,0,0,0,0,0,0
2026-03-27 22:19:40.815,40.415,1169,-2,15,0,0,0,0,0,0,0,0,0
2026-03-27 22:19:40.976,40.576,1166,-2,15,0,0,0,0,0,0,0,0,0
2026-03-27 22:19:41.039,40.639,1165,-2,14,0,0,0,0,0,0,0,0,0
2026-03-27 22:19:41.167,40.767,1164,-2,14,0,0,0,0,0,0,0,0,0
2026-03-27 22:19:41.248,40.847,1173,-2,14,0,0,0,0,0,0,0,0,0
2026-03-27 22:19:41.264,40.864,1170,-2,14,0,0,0,0,0,0,0,0,0
2026-03-27 22:19:41.359,40.959,1171,-2,14,0,0,0,0,0,0,0,0,0
2026-03-27 22:19:41.520,41.120,1163,-5,15,0,0,0,0,0,0,0,0,0
2026-03-27 22:19:41.537,41.137,1168,-2,15,0,0,0,0,0,0,0,0,0
2026-03-27 22:19:41.727,41.327,1174,-2,14,0,0,0,0,0,0,0,0,0
2026-03-27 22:19:41.823,41.423,1170,-2,12,0,0,0,0,0,0,0,0,0
2026-03-27 22:19:41.839,41.439,1171,-2,12,0,0,0,0,0,0,0,0,0
2026-03-27 22:19:41.935,41.535,1166,-2,14,0,0,0,0,0,0,0,0,0
2026-03-27 22:19:42.031,41.630,1172,-2,14,0,0,0,0,0,0,0,0,0
2026-03-27 22:19:42.143,41.743,1176,-2,15,0,0,0,0,0,0,0,0,0
2026-03-27 22:19:42.255,41.855,1174,-2,14,0,0,0,0,0,0,0,0,0
2026-03-27 22:19:42.399,41.999,1164,-2,14,0,0,0,0,0,0,0,0,0
2026-03-27 22:19:42.400,42.000,1166,-2,14,0,0,0,0,0,0,0,0,0
2026-03-27 22:19:42.415,42.015,1169,-2,14,0,0,0,0,0,0,0,0,0
2026-03-27 22:19:42.607,42.207,1169,-2,14,0,0,0,0,0,0,0,0,0
2026-03-27 22:19:42.687,42.287,1169,-2,15,0,0,0,0,0,0,0,0,0
2026-03-27 22:19:42.703,42.303,1172,-2,15,0,0,0,0,0,0,0,0,0
2026-03-27 22:19:42.767,42.367,1163,-5,14,0,0,0,0,0,0,0,0,0
2026-03-27 22:19:42.783,42.383,1166,-5,15,0,0,0,0,0,0,0,0,0
2026-03-27 22:19:42.864,42.463,1169,-2,15,0,0,0,0,0,0,0,0,0
2026-03-27 22:19:42.865,42.465,1171,-2,14,0,0,0,0,0,0,0,0,0
2026-03-27 22:19:42.959,42.559,1171,-5,14,0,0,0,0,0,0,0,0,0
2026-03-27 22:19:42.962,42.562,1170,-2,15,0,0,0,0,0,0,0,0,0
2026-03-27 22:19:43.120,42.720,1171,-2,15,0,0,0,0,0,0,0,0,0
2026-03-27 22:19:43.200,42.800,1167,-5,15,0,0,0,0,0,0,0,0,0
2026-03-27 22:19:43.218,42.818,1167,-5,14,0,0,0,0,0,0,0,0,0
2026-03-27 22:19:43.263,42.863,1170,-5,15,0,0,0,0,0,0,0,0,0
2026-03-27 22:19:43.360,42.960,1174,-2,14,0,0,0,0,0,0,0,0,0
2026-03-27 22:19:43.551,43.151,1175,-5,15,0,0,0,0,0,0,0,0,0
2026-03-27 22:19:43.616,43.216,1173,-5,14,0,0,0,0,0,0,0,0,0
2026-03-27 22:19:43.743,43.343,1170,-2,14,0,0,0,0,0,0,0,0,0
2026-03-27 22:19:43.807,43.407,1166,-2,14,0,0,0,0,0,0,0,0,0
2026-03-27 22:19:43.887,43.487,1162,-5,14,0,0,0,0,0,0,0,0,0
2026-03-27 22:19:44.016,43.616,1167,-2,14,0,0,0,0,0,0,0,0,0
2026-03-27 22:19:44.144,43.744,1166,-2,14,0,0,0,0,0,0,0,0,0
2026-03-27 22:19:44.255,43.855,1170,-2,15,0,0,0,0,0,0,0,0,0
2026-03-27 22:19:44.463,44.063,1169,-3,14,0,0,0,0,0,0,0,0,0
2026-03-27 22:19:44.560,44.160,1169,-2,14,0,0,0,0,0,0,0,0,0
2026-03-27 22:19:44.688,44.287,1173,-2,15,0,0,0,0,0,1,0,0,0
2026-03-27 22:19:44.817,44.417,1172,-2,15,0,0,0,0,0,1,0,0,0
2026-03-27 22:19:44.943,44.543,1169,-2,15,0,0,0,0,0,1,0,0,0
2026-03-27 22:19:45.023,44.623,1166,-2,15,0,0,0,0,0,1,0,0,0
2026-03-27 22:19:45.199,44.799,1166,-2,15,0,0,0,0,0,1,0,0,0
2026-03-27 22:19:45.280,44.880,1165,-2,15,0,0,0,0,0,1,0,0,0
2026-03-27 22:19:45.327,44.927,1169,-2,15,0,0,0,0,0,1,0,0,0
2026-03-27 22:19:45.439,45.039,1167,-2,14,0,0,0,0,0,1,0,0,0
2026-03-27 22:19:45.535,45.135,1173,-5,14,0,0,0,0,0,1,0,0,0
2026-03-27 22:19:45.647,45.247,1165,-2,14,0,0,0,0,0,1,0,0,0
2026-03-27 22:19:45.775,45.374,1164,-5,15,0,0,0,0,0,1,0,0,0
2026-03-27 22:19:45.776,45.376,1166,-4,15,0,0,0,0,0,1,0,0,0
2026-03-27 22:19:45.872,45.471,1167,-2,15,0,0,0,0,0,1,0,0,0
2026-03-27 22:19:45.967,45.567,1176,-5,14,0,0,0,0,0,1,0,0,0
2026-03-27 22:19:46.047,45.647,1170,-5,15,0,0,0,0,0,1,0,0,0
2026-03-27 22:19:46.191,45.791,1173,-2,15,0,0,0,0,0,1,0,0,0
2026-03-27 22:19:46.239,45.839,1167,-2,15,0,0,0,0,0,1,0,0,0
2026-03-27 22:19:46.335,45.935,1165,-2,15,0,0,0,0,0,1,0,0,0
2026-03-27 22:19:46.336,45.936,1167,-2,15,0,0,0,0,0,1,0,0,0
2026-03-27 22:19:46.400,46.000,1166,-2,15,0,0,0,0,0,1,0,0,0
2026-03-27 22:19:46.510,46.110,1169,-2,14,0,0,0,0,0,1,0,0,0
2026-03-27 22:19:46.623,46.223,1169,-5,14,0,0,0,0,0,1,0,0,0
2026-03-27 22:19:46.735,46.335,1167,-3,14,0,0,0,0,0,1,0,0,0
2026-03-27 22:19:46.847,46.447,1171,-2,14,0,0,0,0,0,1,0,0,0
2026-03-27 22:19:46.848,46.448,1172,-2,15,0,0,0,0,0,1,0,0,0
2026-03-27 22:19:47.023,46.623,1175,-5,14,0,0,0,0,0,1,0,0,0
2026-03-27 22:19:47.026,46.625,1168,-2,14,0,0,0,0,0,1,0,0,0
2026-03-27 22:19:47.360,46.959,1171,-2,14,0,0,0,0,0,1,0,0,0
2026-03-27 22:19:47.392,46.992,1174,-2,15,0,0,0,0,0,1,0,0,0
2026-03-27 22:19:47.471,47.071,1168,-5,14,0,0,0,0,0,1,0,0,0
2026-03-27 22:19:47.473,47.073,1173,-5,14,0,0,0,0,0,1,0,0,0
2026-03-27 22:19:47.474,47.074,1168,0,0,0,0,0,0,0,1,0,0,0
2026-03-27 22:19:47.631,47.230,1164,-5,14,0,0,0,0,0,1,0,0,0
2026-03-27 22:19:47.647,47.247,1166,-5,14,0,0,0,0,0,1,0,0,0
2026-03-27 22:19:47.727,47.327,1167,-5,14,0,0,0,0,0,1,0,0,0
2026-03-27 22:19:47.775,47.375,1172,-5,15,0,0,0,0,0,1,0,0,0
2026-03-27 22:19:47.936,47.536,1173,-2,14,0,0,0,0,0,1,0,0,0
2026-03-27 22:19:47.938,47.538,1163,-5,14,0,0,0,0,0,1,0,0,0
2026-03-27 22:19:48.079,47.679,1165,-5,15,0,0,0,0,0,1,0,0,0
2026-03-27 22:19:48.175,47.775,1173,-2,15,0,0,0,0,0,1,0,0,0
2026-03-27 22:19:48.350,47.950,1168,-2,14,0,0,0,0,0,0,0,0,0
2026-03-27 22:19:48.415,48.015,1172,-2,14,0,0,0,0,0,0,0,0,0
2026-03-27 22:19:48.495,48.095,1168,-2,15,0,0,0,0,0,0,0,0,0
2026-03-27 22:19:48.656,48.256,1174,-5,15,0,0,0,0,0,0,0,0,0
2026-03-27 22:19:48.767,48.367,1174,-2,15,0,0,0,0,0,0,0,0,0
2026-03-27 22:19:48.800,48.400,1169,-2,14,0,0,0,0,0,0,0,0,0
2026-03-27 22:19:48.926,48.526,1169,-2,14,0,0,0,0,0,0,0,0,0
2026-03-27 22:19:49.007,48.606,1165,-2,14,0,0,0,0,0,0,0,0,0
2026-03-27 22:19:49.008,48.608,1167,-2,14,0,0,0,0,0,0,0,0,0
2026-03-27 22:19:49.009,48.609,1165,-2,150,0,0,0,0,0,0,0,0,0
2026-03-27 22:19:49.119,48.719,1169,-5,14,0,0,0,0,0,0,0,0,0
2026-03-27 22:19:49.121,48.720,1170,-5,14,0,0,0,0,0,0,0,0,0
2026-03-27 22:19:49.247,48.847,1169,-2,15,0,0,0,0,0,0,0,0,0
2026-03-27 22:19:49.311,48.911,1165,-5,14,0,0,0,0,0,0,0,0,0
2026-03-27 22:19:49.471,49.071,1169,-2,15,0,0,0,0,0,0,0,0,0
2026-03-27 22:19:49.503,49.103,1169,-3,14,0,0,0,0,0,0,0,0,0
2026-03-27 22:19:49.600,49.200,1167,-2,15,0,0,0,0,0,0,0,0,0
2026-03-27 22:19:49.678,49.278,1174,-2,15,0,0,0,0,0,0,0,0,0
2026-03-27 22:19:49.680,49.280,1176,-2,15,0,0,0,0,0,0,0,0,0
2026-03-27 22:19:49.823,49.423,1174,-5,14,0,0,0,0,0,0,0,0,0
2026-03-27 22:19:49.887,49.487,1176,-2,15,0,0,0,0,0,0,0,0,0
2026-03-27 22:19:49.951,49.551,1169,-2,14,0,0,0,0,0,0,0,0,0
2026-03-27 22:19:50.031,49.630,1165,-2,14,0,0,0,0,0,0,0,0,0
2026-03-27 22:19:50.032,49.632,1167,-2,15,0,0,0,0,0,0,0,0,0
2026-03-27 22:19:50.034,49.634,1170,-2,14,0,0,0,0,0,0,0,0,0
2026-03-27 22:19:50.255,49.855,1171,-2,14,0,0,0,0,0,0,0,0,0
2026-03-27 22:19:50.303,49.903,1168,-2,15,0,0,0,0,0,0,0,0,0
2026-03-27 22:19:50.383,49.983,1174,-2,14,0,0,0,0,0,0,0,0,0
2026-03-27 22:19:50.447,50.047,1168,-2,14,0,0,0,0,0,0,0,0,0
2026-03-27 22:19:50.655,50.255,1177,-5,14,0,0,0,0,0,0,0,0,0
2026-03-27 22:19:50.673,50.273,1166,-3,15,0,0,0,0,0,0,0,0,0
2026-03-27 22:19:50.735,50.335,1168,-2,14,0,0,0,0,0,0,0,0,0
2026-03-27 22:19:50.737,50.337,1172,-2,15,0,0,0,0,0,0,0,0,0
2026-03-27 22:19:50.831,50.431,1172,-2,15,0,0,0,0,0,0,0,0,0
2026-03-27 22:19:50.943,50.543,1174,-2,14,0,0,0,0,0,0,0,0,0
2026-03-27 22:19:51.023,50.623,1169,-2,15,0,0,0,0,0,0,0,0,0
2026-03-27 22:19:51.119,50.719,1167,-2,15,0,0,0,0,0,0,0,0,0
2026-03-27 22:19:51.183,50.783,1166,-2,15,0,0,0,0,0,0,0,0,0
2026-03-27 22:19:51.327,50.927,1171,-2,14,0,0,0,0,0,0,0,0,0
2026-03-27 22:19:51.455,51.055,1168,-2,15,0,0,0,0,0,0,0,0,0
2026-03-27 22:19:51.519,51.119,1166,-2,14,0,0,0,0,0,0,0,0,0
2026-03-27 22:19:51.534,51.134,1166,-5,14,0,0,0,0,0,0,0,0,0
2026-03-27 22:19:51.727,51.327,1168,-5,14,0,0,0,0,0,0,0,0,0
2026-03-27 22:19:51.839,51.439,1172,-3,14,0,0,0,0,0,0,0,0,0
2026-03-27 22:19:51.840,51.440,1175,-2,14,0,0,0,0,1,0,0,0,0
2026-03-27 22:19:51.902,51.502,1174,-2,14,0,0,0,0,1,0,0,0,0
2026-03-27 22:19:51.904,51.503,1174,-2,14,0,0,0,0,1,0,0,0,0
2026-03-27 22:19:52.000,51.599,1172,-2,15,0,0,0,0,1,0,0,0,0
2026-03-27 22:19:52.111,51.711,1175,-2,15,0,0,0,0,1,0,0,0,0
2026-03-27 22:19:52.287,51.886,1169,-2,14,0,0,0,0,1,0,0,0,0
2026-03-27 22:19:52.289,51.889,1168,-2,15,0,0,0,0,1,0,0,0,0
2026-03-27 22:19:52.383,51.983,1170,-2,15,0,0,0,0,1,0,0,0,0
2026-03-27 22:19:52.415,52.015,1172,-2,14,0,0,0,0,1,0,0,0,0
2026-03-27 22:19:52.417,52.016,1176,-2,14,0,0,0,0,1,0,0,0,0
2026-03-27 22:19:52.431,52.030,0,0,0,0,0,0,0,1,0,0,0,0
2026-03-27 22:19:52.591,52.191,1165,-2,14,0,0,0,0,1,0,0,0,0
2026-03-27 22:19:52.607,52.207,1162,-2,14,0,0,0,0,1,0,0,0,0
2026-03-27 22:19:52.671,52.270,1164,-2,14,0,0,0,0,1,0,0,0,0
2026-03-27 22:19:52.673,52.273,1169,-2,14,0,0,0,0,1,0,0,0,0
2026-03-27 22:19:52.784,52.383,1171,-2,15,0,0,0,0,1,0,0,0,0
2026-03-27 22:19:52.943,52.543,1174,-2,14,0,0,0,0,1,0,0,0,0
2026-03-27 22:19:52.975,52.575,1168,-2,14,0,0,0,0,1,0,0,0,0
2026-03-27 22:19:53.119,52.719,1171,-2,12,0,0,0,0,1,0,0,0,0
2026-03-27 22:19:53.183,52.783,1167,-2,15,0,0,0,0,1,0,0,0,0
2026-03-27 22:19:53.327,52.927,1164,-2,15,0,0,0,0,1,0,0,0,0
2026-03-27 22:19:53.375,52.975,1173,-2,14,0,0,0,0,1,0,0,0,0
2026-03-27 22:19:53.487,53.086,1169,-2,14,0,0,0,0,1,0,0,0,0
2026-03-27 22:19:53.567,53.166,1166,-2,15,0,0,0,0,1,0,0,0,0
2026-03-27 22:19:53.647,53.247,1169,-2,15,0,0,0,0,1,0,0,0,0
2026-03-27 22:19:53.775,53.375,1169,-2,14,0,0,0,0,1,0,0,0,0
2026-03-27 22:19:53.855,53.455,1169,-3,14,0,0,0,0,1,0,0,0,0
2026-03-27 22:19:53.858,53.458,1165,-2,14,0,0,0,0,1,0,0,0,0
2026-03-27 22:19:54.046,53.646,1167,-2,14,0,0,0,0,1,0,0,0,0
2026-03-27 22:19:54.048,53.648,1164,-2,15,0,0,0,0,1,0,0,0,0
2026-03-27 22:19:54.095,53.695,1167,-2,14,0,0,0,0,1,0,0,0,0
2026-03-27 22:19:54.222,53.822,1169,-3,14,0,0,0,0,1,0,0,0,0
2026-03-27 22:19:54.223,53.823,1170,-2,14,0,0,0,0,1,0,0,0,0
2026-03-27 22:19:54.225,53.825,1170,-2,14,0,0,0,0,1,0,0,0,0
2026-03-27 22:19:54.335,53.934,1171,-2,14,0,0,0,0,1,0,0,0,0
2026-03-27 22:19:54.415,54.014,1173,-2,14,0,0,0,0,1,0,0,0,0
2026-03-27 22:19:54.495,54.095,1175,-2,14,0,0,0,0,1,0,0,0,0
2026-03-27 22:19:54.639,54.239,1170,-2,15,0,0,0,0,1,0,0,0,0
2026-03-27 22:19:54.686,54.286,1173,-2,15,0,0,0,0,1,0,0,0,0
2026-03-27 22:19:54.799,54.399,1172,-2,14,0,0,0,0,1,0,0,0,0
2026-03-27 22:19:54.911,54.511,1170,-2,15,0,0,0,0,1,0,0,0,0
2026-03-27 22:19:55.007,54.606,1172,-2,14,0,0,0,0,1,0,0,0,0
2026-03-27 22:19:55.166,54.766,1167,-3,14,0,0,0,0,1,0,0,0,0
2026-03-27 22:19:55.311,54.911,1169,-2,14,0,0,0,0,1,0,0,0,0
2026-03-27 22:19:55.313,54.913,1166,-2,14,0,0,0,0,1,0,0,0,0
2026-03-27 22:19:55.359,54.959,1168,-2,15,0,0,0,0,1,0,0,0,0
2026-03-27 22:19:55.375,54.974,1165,-2,15,0,0,0,0,1,0,0,0,0
2026-03-27 22:19:55.455,55.055,1169,-3,14,0,0,0,0,1,0,0,0,0
2026-03-27 22:19:55.598,55.198,1164,-2,14,0,0,0,0,1,0,0,0,0
2026-03-27 22:19:55.695,55.295,1174,-5,14,0,0,0,0,1,0,0,0,0
2026-03-27 22:19:55.871,55.471,1172,-2,15,0,0,0,0,1,0,0,0,0
2026-03-27 22:19:55.886,55.486,1167,0,0,0,0,0,0,0,0,0,0,0
2026-03-27 22:19:55.982,55.582,1165,-2,14,0,0,0,0,1,0,0,0,0
2026-03-27 22:19:55.983,55.583,1169,-3,15,0,0,0,0,1,0,0,0,0
2026-03-27 22:19:55.985,55.585,1169,-2,14,0,0,0,0,1,0,0,0,0
2026-03-27 22:19:56.078,55.678,1171,-2,14,0,0,0,0,1,0,0,0,0
2026-03-27 22:19:56.175,55.775,1166,-5,15,0,0,0,0,1,0,0,0,0
2026-03-27 22:19:56.286,55.886,1166,-3,15,0,0,0,0,1,0,0,0,0
2026-03-27 22:19:56.287,55.887,1169,-2,15,0,0,0,0,1,0,0,0,0
2026-03-27 22:19:56.431,56.031,1171,-2,14,0,0,0,0,1,0,0,0,0
2026-03-27 22:19:56.542,56.142,1164,-2,14,0,0,0,0,1,0,0,0,0
2026-03-27 22:19:56.543,56.143,1166,-2,14,0,0,0,0,1,0,0,0,0
2026-03-27 22:19:56.590,56.190,1167,-2,14,0,0,0,0,1,0,0,0,0
2026-03-27 22:19:56.592,56.192,1169,-2,15,0,0,0,0,1,0,0,0,0
2026-03-27 22:19:56.654,56.254,1171,-2,14,0,0,0,0,1,0,0,0,0
2026-03-27 22:19:56.830,56.430,1174,-2,14,0,0,0,0,1,0,0,0,0
2026-03-27 22:19:56.846,56.446,1175,-2,14,0,0,0,0,1,0,0,0,0
2026-03-27 22:19:56.879,56.479,1166,-2,14,0,0,0,0,1,0,0,0,0
2026-03-27 22:19:56.959,56.559,1174,-2,15,0,0,0,0,1,0,0,0,0
2026-03-27 22:19:56.974,56.574,1171,-2,15,0,0,0,0,1,0,0,0,0
2026-03-27 22:19:57.086,56.686,1174,-2,14,0,0,0,0,1,0,0,0,0
2026-03-27 22:19:57.087,56.687,1174,-5,14,0,0,0,0,1,0,0,0,0
2026-03-27 22:19:57.167,56.767,1171,-5,15,0,0,0,0,1,0,0,0,0
2026-03-27 22:19:57.183,56.783,1165,-3,14,0,0,0,0,1,0,0,0,0
2026-03-27 22:19:57.391,56.991,1170,-2,14,0,0,0,0,1,0,0,0,0
2026-03-27 22:19:57.438,57.038,1169,-2,14,0,0,0,0,1,0,0,0,0
2026-03-27 22:19:57.456,57.055,1175,-2,15,0,0,0,0,1,0,0,0,0
2026-03-27 22:19:57.519,57.118,1176,-2,15,0,0,0,0,1,0,0,0,0
2026-03-27 22:19:57.536,57.135,1170,-2,14,0,0,0,0,1,0,0,0,0
2026-03-27 22:19:57.647,57.247,1174,-2,14,0,0,0,0,1,0,0,0,0
2026-03-27 22:19:57.663,57.263,1170,-2,15,0,0,0,0,1,0,0,0,0
2026-03-27 22:19:57.711,57.311,1172,-2,15,0,0,0,0,1,0,0,0,0
2026-03-27 22:19:57.791,57.391,1170,-2,14,0,0,0,0,1,0,0,0,0
2026-03-27 22:19:57.903,57.502,1166,-2,14,0,0,0,0,1,0,0,0,0
2026-03-27 22:19:58.079,57.679,1174,-2,15,0,0,0,0,1,0,0,0,0
2026-03-27 22:19:58.094,57.694,1164,-2,14,0,0,0,0,1,0,0,0,0
2026-03-27 22:19:58.143,57.743,1166,-2,14,0,0,0,0,1,0,0,0,0
2026-03-27 22:19:58.238,57.838,1168,-5,15,0,0,0,0,1,0,0,0,0
2026-03-27 22:19:58.447,58.047,1168,-2,15,0,0,0,0,1,0,0,0,0
2026-03-27 22:19:58.607,58.206,1174,-2,15,0,0,0,0,1,0,0,0,0
2026-03-27 22:19:58.718,58.318,1179,-2,14,0,0,0,0,0,0,0,0,0
2026-03-27 22:19:58.720,58.319,1180,-2,15,0,0,0,0,0,0,0,0,0
2026-03-27 22:19:58.846,58.446,1169,-2,15,0,0,0,0,0,0,0,0,0
2026-03-27 22:19:58.864,58.464,1166,-2,14,0,0,0,0,0,0,0,0,0
2026-03-27 22:19:59.038,58.638,1168,-3,14,0,0,0,0,0,0,0,0,0
2026-03-27 22:19:59.070,58.670,1165,-2,14,0,0,0,0,0,0,0,0,0
2026-03-27 22:19:59.072,58.672,1166,-2,14,0,0,0,0,0,0,0,0,0
2026-03-27 22:19:59.167,58.766,1167,-2,14,0,0,0,0,0,0,0,0,0
2026-03-27 22:19:59.295,58.894,1165,-1,15,0,0,0,0,0,0,0,0,0
2026-03-27 22:19:59.358,58.958,1163,-2,14,0,0,0,0,0,0,0,0,0
2026-03-27 22:19:59.519,59.119,1165,-5,14,0,0,0,0,0,0,0,0,0
2026-03-27 22:19:59.599,59.199,1172,-2,14,0,0,0,0,0,0,0,0,0
2026-03-27 22:19:59.601,59.201,1167,-2,15,0,0,0,0,0,0,0,0,0
2026-03-27 22:19:59.742,59.342,1165,-2,14,0,0,0,0,0,0,0,0,0
2026-03-27 22:19:59.743,59.343,1167,-2,15,0,0,0,0,0,0,0,0,0
2026-03-27 22:19:59.791,59.391,1171,-2,15,0,0,0,0,0,0,0,0,0
2026-03-27 22:19:59.982,59.582,1169,-2,15,0,0,0,0,0,0,0,0,0
2026-03-27 22:19:59.998,59.598,1172,-2,15,0,0,0,0,0,0,0,0,0
2026-03-27 22:20:00.046,59.646,1170,-2,15,0,0,0,0,0,0,0,0,0
2026-03-27 22:20:00.175,59.775,1172,-2,15,0,0,0,0,0,0,0,0,0
2026-03-27 22:20:00.255,59.855,1170,-2,14,0,0,0,0,0,0,0,0,0
2026-03-27 22:20:00.398,59.998,1171,-2,14,0,0,0,0,0,0,0,0,0
2026-03-27 22:20:00.478,60.078,1169,-2,14,0,0,0,0,0,0,0,0,0
2026-03-27 22:20:00.494,60.094,1170,-2,15,0,0,0,0,0,0,0,0,0
2026-03-27 22:20:00.496,60.095,1172,-40,0,0,0,0,0,0,0,0,0,0
2026-03-27 22:20:00.622,60.222,1170,-2,14,0,0,0,0,0,0,0,0,0
2026-03-27 22:20:00.623,60.223,1171,-2,14,0,0,0,0,0,0,0,0,0
2026-03-27 22:20:00.670,60.270,1167,-2,14,0,0,0,0,0,0,0,0,0
2026-03-27 22:20:00.751,60.350,1167,-2,14,0,0,0,0,0,0,0,0,0
2026-03-27 22:20:00.815,60.415,1167,-3,14,0,0,0,0,0,0,0,0,0
2026-03-27 22:20:00.959,60.559,1169,-2,14,0,0,0,0,0,0,0,0,0
2026-03-27 22:20:01.022,60.622,1167,-2,15,0,0,0,0,0,0,0,0,0
2026-03-27 22:20:01.038,60.638,1169,-2,15,0,0,0,0,0,0,0,0,0
2026-03-27 22:20:01.230,60.830,1168,-2,14,0,0,0,0,0,0,0,0,0
2026-03-27 22:20:01.375,60.974,1168,-2,15,0,0,0,0,0,0,0,0,0
2026-03-27 22:20:01.502,61.102,1176,-2,15,0,0,0,0,0,0,0,0,0
2026-03-27 22:20:01.630,61.230,1171,-3,14,0,0,0,0,0,0,0,0,0
2026-03-27 22:20:01.679,61.279,1172,-2,14,0,0,0,0,0,0,0,0,0
2026-03-27 22:20:01.775,61.374,1169,-2,14,0,0,0,0,0,0,0,0,0
2026-03-27 22:20:01.887,61.486,1164,-2,14,0,0,0,0,0,0,0,0,0
2026-03-27 22:20:02.014,61.614,1170,-5,14,0,0,0,0,0,0,0,0,0
2026-03-27 22:20:02.143,61.743,1167,-2,14,0,0,0,0,0,0,0,0,0
2026-03-27 22:20:02.270,61.870,1168,-2,14,0,0,0,0,0,0,0,0,0
2026-03-27 22:20:02.367,61.967,1168,-2,14,0,0,0,0,0,0,0,0,0
2026-03-27 22:20:02.398,61.998,1172,-2,14,0,0,0,0,0,0,0,0,0
2026-03-27 22:20:02.414,62.013,1171,-2,14,0,0,0,0,0,0,0,0,0
2026-03-27 22:20:02.543,62.143,1174,-2,15,0,0,0,0,0,0,0,0,0
2026-03-27 22:20:02.623,62.222,1167,-2,15,0,0,0,0,0,0,0,0,0
2026-03-27 22:20:02.702,62.302,1169,-2,15,0,0,0,0,0,0,0,0,0
2026-03-27 22:20:02.926,62.526,1174,-2,15,0,0,0,0,0,0,0,0,0
2026-03-27 22:20:03.006,62.606,1164,-2,12,0,0,0,0,0,0,0,0,0
2026-03-27 22:20:03.086,62.686,1168,-2,12,0,0,0,0,0,0,0,0,0
2026-03-27 22:20:03.198,62.798,1166,-2,15,0,0,0,0,0,0,0,0,0
2026-03-27 22:20:03.310,62.910,1171,-2,14,0,0,0,0,0,0,0,0,0
2026-03-27 22:20:03.312,62.912,1172,-2,14,0,0,0,0,0,0,0,0,0
2026-03-27 22:20:03.390,62.990,1173,-2,14,0,0,0,0,0,0,0,0,0
2026-03-27 22:20:03.406,63.006,1167,-5,14,0,0,0,0,0,0,0,0,0
2026-03-27 22:20:03.486,63.086,1169,-2,15,0,0,0,0,0,0,0,0,0
2026-03-27 22:20:03.646,63.246,1166,-2,15,0,0,0,0,0,0,0,0,0
2026-03-27 22:20:03.662,63.261,1168,-2,15,0,0,0,0,0,0,0,0,0
2026-03-27 22:20:03.726,63.326,1168,-2,15,0,0,0,0,0,0,0,0,0
2026-03-27 22:20:03.838,63.438,1168,-5,14,0,0,0,0,0,0,0,0,0
2026-03-27 22:20:03.918,63.518,1171,-2,14,0,0,0,0,0,0,0,0,0
2026-03-27 22:20:04.078,63.678,1168,-2,15,0,0,0,0,0,0,0,0,0
2026-03-27 22:20:04.157,63.757,1170,-2,15,0,0,0,0,0,0,0,0,0
2026-03-27 22:20:04.159,63.759,1171,-2,15,0,0,0,0,0,0,0,0,0
2026-03-27 22:20:04.286,63.886,1165,-2,14,0,0,0,0,0,0,0,0,0
2026-03-27 22:20:04.287,63.887,1167,-2,14,0,0,0,0,0,0,0,0,0
2026-03-27 22:20:04.382,63.982,1165,-2,14,0,0,0,0,0,0,0,0,0
2026-03-27 22:20:04.511,64.110,1165,-2,14,0,0,0,0,0,0,0,0,0
2026-03-27 22:20:04.513,64.113,1164,-3,14,0,0,0,0,0,0,0,0,0
2026-03-27 22:20:04.574,64.174,1165,-2,14,0,0,0,0,0,0,0,0,0
2026-03-27 22:20:04.718,64.318,1171,-5,14,0,0,0,0,0,0,0,0,0
2026-03-27 22:20:04.720,64.320,1165,-2,14,0,0,0,0,0,0,0,0,0
2026-03-27 22:20:04.814,64.414,1167,-2,14,0,0,0,0,0,0,0,0,0
2026-03-27 22:20:04.927,64.526,1170,-2,15,0,0,0,0,0,0,0,0,0
2026-03-27 22:20:05.054,64.654,1167,-2,14,0,0,0,0,0,0,0,0,0
2026-03-27 22:20:05.102,64.701,1169,-2,14,0,0,0,0,0,0,0,0,0
2026-03-27 22:20:05.104,64.704,1163,-2,15,0,0,0,0,0,0,0,0,0
2026-03-27 22:20:05.215,64.815,1167,-2,14,0,0,0,0,0,0,0,0,0
2026-03-27 22:20:05.247,64.847,1173,-2,15,0,0,0,0,0,0,0,0,0
2026-03-27 22:20:05.391,64.991,1176,-2,15,0,0,0,0,0,0,0,0,0
2026-03-27 22:20:05.394,64.993,1166,-2,15,0,0,0,0,0,0,0,0,0
2026-03-27 22:20:05.470,65.070,1171,-2,14,0,0,0,0,0,0,0,0,0
2026-03-27 22:20:05.534,65.134,1167,-2,15,0,0,0,0,0,0,0,0,0
2026-03-27 22:20:05.646,65.246,1171,-2,14,0,0,0,0,0,0,0,0,0
2026-03-27 22:20:05.886,65.486,1170,-2,14,0,0,0,0,0,0,0,0,0
2026-03-27 22:20:05.889,65.488,1171,-2,14,0,0,0,0,0,0,0,0,0
2026-03-27 22:20:05.951,65.551,1174,-2,14,0,0,0,0,0,0,0,0,0
2026-03-27 22:20:06.062,65.662,1177,-5,15,0,0,0,0,0,0,0,1,0
2026-03-27 22:20:06.079,65.678,1165,-2,15,0,0,0,0,0,0,0,1,0
2026-03-27 22:20:06.190,65.790,1167,-2,15,0,0,0,0,0,0,0,1,0
2026-03-27 22:20:06.191,65.791,1163,-2,15,0,0,0,0,0,0,0,0,0
2026-03-27 22:20:06.192,65.792,1168,-3,15,0,0,0,0,0,0,0,1,0
2026-03-27 22:20:06.302,65.902,1170,-2,15,0,0,0,0,0,0,0,1,0
2026-03-27 22:20:06.366,65.966,1167,-2,14,0,0,0,0,0,0,0,1,0
2026-03-27 22:20:06.382,65.981,1171,-2,14,0,0,0,0,0,0,0,1,0
2026-03-27 22:20:06.478,66.078,1175,-2,14,0,0,0,0,0,0,0,1,0
2026-03-27 22:20:06.590,66.190,1169,-2,15,0,0,0,0,0,0,0,1,0
2026-03-27 22:20:06.718,66.318,1169,-2,15,0,0,0,0,0,0,0,1,0
2026-03-27 22:20:06.830,66.430,1163,-2,14,0,0,0,0,0,0,0,1,0
2026-03-27 22:20:06.910,66.510,1164,-3,14,0,0,0,0,0,0,0,1,0
2026-03-27 22:20:07.039,66.638,1168,-2,14,0,0,0,0,0,0,0,1,0
2026-03-27 22:20:07.118,66.718,1165,-2,15,0,0,0,0,0,0,0,1,0
2026-03-27 22:20:07.246,66.846,1171,-2,14,0,0,0,0,0,0,0,1,0
2026-03-27 22:20:07.311,66.910,1165,-2,14,0,0,0,0,0,0,0,1,0
2026-03-27 22:20:07.313,66.913,1167,-5,15,0,0,0,0,0,0,0,1,0
2026-03-27 22:20:07.454,67.054,1168,-5,15,0,0,0,0,0,0,0,1,0
2026-03-27 22:20:07.598,67.198,1165,-2,15,0,0,0,0,0,0,0,1,0
2026-03-27 22:20:07.726,67.325,1169,-2,15,0,0,0,0,0,0,0,1,0
2026-03-27 22:20:07.774,67.374,1169,-5,14,0,0,0,0,0,0,0,1,0
2026-03-27 22:20:08.126,67.726,1173,-5,15,0,0,0,0,0,0,0,1,0
2026-03-27 22:20:08.128,67.728,1170,-2,15,0,0,0,0,0,0,0,1,0
2026-03-27 22:20:08.286,67.886,1171,-2,14,0,0,0,0,0,0,0,1,0
2026-03-27 22:20:08.317,67.917,1169,-3,14,0,0,0,0,0,0,0,1,0
2026-03-27 22:20:08.319,67.919,1170,-2,14,0,0,0,0,0,0,0,1,0
2026-03-27 22:20:08.462,68.062,1164,-2,15,0,0,0,0,0,0,0,1,0
2026-03-27 22:20:08.558,68.158,1169,-5,14,0,0,0,0,0,0,0,1,0
2026-03-27 22:20:08.561,68.161,1164,-2,14,0,0,0,0,0,0,0,1,0
2026-03-27 22:20:08.718,68.318,1166,-3,14,0,0,0,0,0,0,0,1,0
2026-03-27 22:20:08.845,68.445,1167,-2,14,0,0,0,0,0,0,0,1,0
2026-03-27 22:20:08.847,68.447,1169,-2,14,0,0,0,0,0,0,0,1,0
2026-03-27 22:20:08.925,68.525,1164,-2,15,0,0,0,0,0,0,0,1,0
2026-03-27 22:20:08.927,68.527,1166,-2,15,0,0,0,0,0,0,0,1,0
2026-03-27 22:20:08.958,68.558,1164,-2,15,0,0,0,0,0,0,0,1,0
2026-03-27 22:20:09.069,68.669,1166,-2,14,0,0,0,0,0,0,0,1,0
2026-03-27 22:20:09.070,68.670,1170,-2,14,0,0,0,0,0,0,0,1,0
2026-03-27 22:20:09.245,68.845,1168,-2,14,0,0,0,0,0,0,0,1,0
2026-03-27 22:20:09.294,68.893,1167,-2,15,0,0,0,0,0,0,0,1,0
2026-03-27 22:20:09.390,68.990,1173,-2,14,0,0,0,0,0,0,0,0,0
2026-03-27 22:20:09.486,69.086,1164,-5,15,0,0,0,0,0,0,0,0,0
2026-03-27 22:20:09.488,69.087,1163,-2,15,0,0,0,0,0,0,0,0,0
2026-03-27 22:20:09.645,69.245,1167,-2,14,0,0,0,0,0,0,0,0,0
2026-03-27 22:20:09.647,69.247,1169,-2,14,0,0,0,0,0,0,0,0,0
2026-03-27 22:20:09.758,69.358,1165,-2,14,0,0,0,0,0,0,0,0,0
2026-03-27 22:20:09.789,69.389,1172,-2,14,0,0,0,0,0,0,0,0,0
2026-03-27 22:20:09.791,69.391,1173,-2,14,0,0,0,0,0,0,0,0,0
2026-03-27 22:20:09.918,69.518,1164,-2,14,0,0,0,0,0,0,0,0,0
2026-03-27 22:20:10.078,69.678,1170,-5,14,0,0,0,0,0,0,0,0,0
2026-03-27 22:20:10.158,69.758,1175,-2,14,0,0,0,0,0,0,0,0,0
2026-03-27 22:20:10.222,69.822,1172,-5,15,0,0,0,0,0,0,0,0,0
2026-03-27 22:20:10.318,69.918,1169,-2,14,0,0,0,0,0,0,0,0,0
2026-03-27 22:20:10.413,70.013,1166,-2,15,0,0,0,0,0,0,0,0,0
2026-03-27 22:20:10.415,70.014,1169,-2,14,0,0,0,0,0,0,0,0,0
2026-03-27 22:20:10.574,70.174,1170,-5,15,0,0,0,0,0,0,0,0,0
2026-03-27 22:20:10.606,70.206,1169,-2,14,0,0,0,0,0,0,0,0,0
2026-03-27 22:20:10.718,70.318,1168,-2,14,0,0,0,0,0,0,0,0,0
2026-03-27 22:20:10.781,70.381,1168,-5,14,0,0,0,0,0,0,0,0,0
2026-03-27 22:20:10.878,70.478,1168,-5,15,0,0,0,0,0,0,0,0,0
2026-03-27 22:20:10.958,70.558,1174,-2,14,0,0,0,0,0,0,0,0,0
2026-03-27 22:20:11.150,70.750,1166,-2,14,0,0,0,0,0,0,0,0,0
2026-03-27 22:20:11.197,70.797,1173,-2,14,0,0,0,0,0,0,0,0,0
2026-03-27 22:20:11.391,70.991,1169,-2,15,0,0,0,0,0,0,0,0,0
2026-03-27 22:20:11.550,71.150,1171,-2,15,0,0,0,0,0,0,0,0,0
2026-03-27 22:20:11.662,71.262,1174,-2,15,0,0,0,0,0,0,0,0,0
2026-03-27 22:20:11.678,71.278,1174,-5,15,0,0,0,0,0,0,0,0,0
2026-03-27 22:20:11.774,71.374,1175,-5,15,0,0,0,0,0,0,0,0,0
2026-03-27 22:20:11.854,71.454,1171,-5,15,0,0,0,0,0,0,0,0,0
2026-03-27 22:20:11.934,71.534,1170,-3,14,0,0,0,0,0,0,0,0,0
2026-03-27 22:20:12.029,71.629,1170,-5,12,0,0,0,0,0,0,0,0,0
2026-03-27 22:20:12.158,71.758,1169,-2,14,0,0,0,0,0,0,0,0,0
2026-03-27 22:20:12.237,71.837,1166,-2,14,0,0,0,0,0,0,0,0,0
2026-03-27 22:20:12.319,71.918,1167,-5,15,0,0,0,0,0,0,0,0,0
2026-03-27 22:20:12.494,72.094,1163,-2,14,0,0,0,0,0,0,0,0,0
2026-03-27 22:20:12.495,72.095,1165,-3,14,0,0,0,0,0,0,0,0,0
2026-03-27 22:20:12.509,72.109,1166,-2,15,0,0,0,0,0,0,0,0,0
2026-03-27 22:20:12.622,72.222,1168,-2,0,0,0,0,0,0,0,0,0,0
2026-03-27 22:20:12.733,72.333,1169,-5,15,0,0,0,0,0,0,0,0,0
2026-03-27 22:20:12.735,72.335,1171,-2,15,0,0,0,0,0,0,0,0,0
2026-03-27 22:20:12.798,72.398,1172,-5,14,0,0,0,0,0,0,0,0,0
2026-03-27 22:20:12.958,72.558,1171,-2,15,0,0,0,0,0,0,0,0,0
2026-03-27 22:20:13.006,72.606,1174,-4,15,0,0,0,0,0,0,0,0,0
2026-03-27 22:20:13.085,72.685,1172,-2,15,0,0,0,0,0,0,0,0,0
2026-03-27 22:20:13.214,72.814,1167,-3,14,0,0,0,0,0,0,0,0,0
2026-03-27 22:20:13.326,72.926,1173,-3,14,0,0,0,0,0,0,0,0,0
2026-03-27 22:20:13.422,73.022,1168,-2,14,0,0,0,0,0,0,0,0,0
2026-03-27 22:20:13.565,73.165,1172,-2,14,0,0,0,0,0,0,0,0,0
2026-03-27 22:20:13.725,73.325,1169,-3,14,0,0,0,0,0,0,0,0,0
2026-03-27 22:20:13.726,73.326,1170,-5,15,0,0,0,0,0,0,0,0,0
2026-03-27 22:20:13.773,73.373,1169,-2,15,0,0,0,0,0,0,0,0,0
2026-03-27 22:20:13.775,73.374,1171,-2,15,0,0,0,0,0,0,0,0,0
2026-03-27 22:20:13.917,73.517,1168,-2,14,0,0,0,0,0,0,0,0,0
2026-03-27 22:20:14.014,73.613,1174,-2,15,0,0,0,0,0,0,0,0,0
2026-03-27 22:20:14.190,73.790,1176,-2,14,0,0,0,0,0,0,0,0,0
2026-03-27 22:20:14.302,73.902,1169,-2,14,0,0,0,0,0,0,0,0,0
2026-03-27 22:20:14.317,73.917,1169,-5,14,0,0,0,0,0,0,1,0,0
2026-03-27 22:20:14.446,74.046,1171,-2,15,0,0,0,0,0,0,1,0,0
2026-03-27 22:20:14.574,74.174,1166,-2,14,0,0,0,0,0,0,1,0,0
2026-03-27 22:20:14.670,74.269,1169,-2,14,0,0,0,0,0,0,1,0,0
2026-03-27 22:20:14.733,74.333,1166,-2,14,0,0,0,0,0,0,1,0,0
2026-03-27 22:20:14.751,74.351,1164,-2,15,0,0,0,0,0,0,1,0,0
2026-03-27 22:20:14.846,74.446,1166,-2,15,0,0,0,0,0,0,1,0,0
2026-03-27 22:20:14.973,74.573,1172,-2,15,0,0,0,0,0,0,1,0,0
2026-03-27 22:20:15.085,74.685,1166,-2,15,0,0,0,0,0,0,1,0,0
2026-03-27 22:20:15.118,74.718,1162,-2,15,0,0,0,0,0,0,1,0,0
2026-03-27 22:20:15.119,74.719,1165,-2,15,0,0,0,0,0,0,1,0,0
2026-03-27 22:20:15.262,74.862,1168,-2,14,0,0,0,0,0,0,1,0,0
2026-03-27 22:20:15.278,74.878,1167,-2,14,0,0,0,0,0,0,1,0,0
2026-03-27 22:20:15.374,74.974,1169,-2,15,0,0,0,0,0,0,1,0,0
2026-03-27 22:20:15.502,75.102,1168,-2,14,0,0,0,0,0,0,1,0,0
2026-03-27 22:20:15.629,75.229,1172,-2,14,0,0,0,0,0,0,1,0,0
2026-03-27 22:20:15.630,75.230,1174,-3,15,0,0,0,0,0,0,1,0,0
2026-03-27 22:20:15.725,75.325,1172,-2,15,0,0,0,0,0,0,1,0,0
2026-03-27 22:20:15.789,75.389,1174,-2,14,0,0,0,0,0,0,1,0,0
2026-03-27 22:20:15.792,75.392,1167,-2,14,0,0,0,0,0,0,1,0,0
2026-03-27 22:20:15.934,75.534,1168,-2,15,0,0,0,0,0,0,1,0,0
2026-03-27 22:20:15.981,75.581,1170,-2,14,0,0,0,0,0,0,1,0,0
2026-03-27 22:20:16.077,75.677,1169,-2,15,0,0,0,0,0,0,1,0,0
2026-03-27 22:20:16.094,75.694,1169,-2,15,0,0,0,0,0,0,1,0,0
2026-03-27 22:20:16.173,75.773,1172,-2,15,0,0,0,0,0,0,1,0,0
2026-03-27 22:20:16.205,75.805,1170,-2,15,0,0,0,0,0,0,1,0,0
2026-03-27 22:20:16.349,75.949,1171,-2,14,0,0,0,0,0,0,1,0,0
2026-03-27 22:20:16.461,76.061,1169,-2,15,0,0,0,0,0,0,1,0,0
2026-03-27 22:20:16.478,76.077,1171,-2,14,0,0,0,0,0,0,1,0,0
2026-03-27 22:20:16.525,76.125,1170,-2,15,0,0,0,0,0,0,1,0,0
2026-03-27 22:20:16.685,76.285,1171,-5,14,0,0,0,0,0,0,1,0,0
2026-03-27 22:20:16.877,76.477,1173,-2,14,0,0,0,0,0,0,1,0,0
2026-03-27 22:20:16.974,76.573,1170,-2,15,0,0,0,0,0,0,1,0,0
2026-03-27 22:20:17.134,76.734,1172,-2,15,0,0,0,0,0,0,0,0,0
2026-03-27 22:20:17.261,76.861,1167,-2,14,0,0,0,0,0,0,0,0,0
2026-03-27 22:20:17.263,76.863,1168,-3,15,0,0,0,0,0,0,0,0,0
2026-03-27 22:20:17.406,77.005,1171,-2,14,0,0,0,0,0,0,0,0,0
2026-03-27 22:20:17.407,77.007,1172,-2,14,0,0,0,0,0,0,0,0,0
2026-03-27 22:20:17.469,77.069,1166,-2,14,0,0,0,0,0,0,0,0,0
2026-03-27 22:20:17.629,77.229,1166,-2,14,0,0,0,0,0,0,0,0,0
2026-03-27 22:20:17.630,77.230,1168,-2,15,0,0,0,0,0,0,0,0,0
2026-03-27 22:20:17.758,77.358,1166,-2,14,0,0,0,0,0,0,0,0,0
2026-03-27 22:20:17.869,77.469,1163,-2,14,0,0,0,0,0,0,0,0,0
2026-03-27 22:20:17.981,77.581,1168,-2,15,0,0,0,0,0,0,0,0,0
2026-03-27 22:20:17.984,77.584,1165,-2,14,0,0,0,0,0,0,0,0,0
2026-03-27 22:20:18.077,77.677,1168,-2,14,0,0,0,0,0,0,0,0,0
2026-03-27 22:20:18.206,77.806,1174,-2,14,0,0,0,0,0,0,0,0,0
2026-03-27 22:20:18.285,77.885,1169,-2,15,0,0,0,0,0,0,0,0,0
2026-03-27 22:20:18.382,77.982,1168,-5,15,0,0,0,0,0,0,0,0,0
2026-03-27 22:20:18.397,77.997,1171,-2,14,0,0,0,0,0,0,0,0,0
2026-03-27 22:20:18.541,78.141,1172,-2,14,0,0,0,0,0,0,0,0,0
2026-03-27 22:20:18.637,78.237,1166,-2,14,0,0,0,0,0,0,0,0,0
2026-03-27 22:20:18.638,78.238,1168,-2,14,0,0,0,0,0,0,0,0,0
2026-03-27 22:20:18.767,78.367,1166,-2,14,0,0,0,0,0,0,0,0,0
2026-03-27 22:20:18.862,78.461,1171,-2,14,0,0,0,0,0,0,0,0,0
2026-03-27 22:20:18.990,78.590,1165,-2,14,0,0,0,0,0,0,0,0,0
2026-03-27 22:20:19.053,78.653,1174,-2,14,0,0,0,0,0,0,0,0,0
2026-03-27 22:20:19.149,78.749,1166,-2,14,0,0,0,0,0,0,0,0,0
2026-03-27 22:20:19.165,78.764,1166,-2,15,0,0,0,0,0,0,0,0,0
2026-03-27 22:20:19.246,78.846,1167,-2,15,0,0,0,0,0,0,0,0,0
2026-03-27 22:20:19.249,78.849,1169,-2,14,0,0,0,0,0,0,0,0,0
2026-03-27 22:20:19.342,78.942,1173,-2,15,0,0,0,0,0,0,0,0,0
2026-03-27 22:20:19.453,79.053,1169,-2,14,0,0,0,0,0,0,0,0,0
2026-03-27 22:20:19.566,79.166,1167,-2,15,0,0,0,0,0,0,0,0,0
2026-03-27 22:20:19.661,79.261,1168,-2,15,0,0,0,0,0,0,0,0,0
2026-03-27 22:20:19.663,79.263,1170,-2,15,0,0,0,0,0,0,0,0,0
2026-03-27 22:20:19.664,79.264,1164,-2,14,0,0,0,0,0,0,0,0,0
2026-03-27 22:20:19.789,79.389,1166,-2,14,0,0,0,0,0,0,0,0,0
2026-03-27 22:20:19.917,79.517,1166,-3,14,0,0,0,0,0,0,0,0,0
2026-03-27 22:20:19.920,79.520,1170,-2,14,0,0,0,0,0,0,0,0,0
2026-03-27 22:20:19.966,79.566,1171,-2,14,0,0,0,0,0,0,0,0,0
2026-03-27 22:20:20.110,79.710,1175,-2,15,0,0,0,0,0,0,0,0,0
2026-03-27 22:20:20.112,79.712,1164,-2,14,0,0,0,0,0,0,0,0,0
2026-03-27 22:20:20.189,79.789,1166,-2,14,0,0,0,0,0,0,0,0,0
2026-03-27 22:20:20.333,79.933,1164,-2,14,0,0,0,0,0,0,0,0,0
2026-03-27 22:20:20.493,80.093,1170,-2,15,0,0,0,0,0,0,0,0,0
2026-03-27 22:20:20.541,80.141,1168,-2,15,0,0,0,0,0,0,0,0,0
2026-03-27 22:20:20.622,80.222,1170,-2,15,0,0,0,0,0,0,0,0,0
2026-03-27 22:20:20.797,80.397,1167,-2,14,0,0,0,0,0,0,0,0,0
2026-03-27 22:20:20.877,80.477,1177,-2,14,0,0,0,0,0,0,0,0,0
2026-03-27 22:20:20.957,80.557,1169,-2,15,0,0,0,0,0,0,0,0,0
2026-03-27 22:20:21.102,80.702,1169,-2,14,0,0,0,0,0,0,0,0,0
2026-03-27 22:20:21.229,80.829,1166,-2,15,0,0,0,0,0,0,0,0,0
2026-03-27 22:20:21.277,80.877,1171,-3,14,0,0,0,0,0,0,0,0,0
2026-03-27 22:20:21.389,80.989,1165,-2,15,0,0,0,0,0,0,0,0,0
2026-03-27 22:20:21.405,81.005,1169,-2,14,0,0,0,0,0,0,0,0,0
2026-03-27 22:20:21.565,81.165,1172,-2,14,0,0,0,0,0,0,0,0,0
2026-03-27 22:20:21.613,81.213,1165,-3,14,0,0,0,0,0,0,0,0,0
2026-03-27 22:20:21.614,81.214,1166,-2,14,0,0,0,0,0,0,0,0,0
2026-03-27 22:20:21.629,81.229,1164,-3,14,0,0,0,0,0,0,0,0,0
2026-03-27 22:20:21.710,81.310,1167,-2,14,0,0,0,0,0,0,0,0,0
2026-03-27 22:20:21.837,81.437,1171,-2,14,0,0,0,0,0,0,0,0,0
2026-03-27 22:20:21.949,81.549,1168,-2,15,0,0,0,0,0,0,0,0,0
2026-03-27 22:20:21.950,81.550,1170,-2,15,0,0,0,0,0,0,0,0,0
2026-03-27 22:20:22.062,81.662,1166,-2,14,0,0,0,0,0,0,0,0,0
2026-03-27 22:20:22.078,81.678,1168,-2,14,0,0,0,0,0,0,0,0,0
2026-03-27 22:20:22.237,81.837,1171,-2,14,0,0,0,0,0,0,0,0,0
2026-03-27 22:20:22.285,81.885,1171,-2,15,0,0,0,0,0,0,0,0,0
2026-03-27 22:20:22.382,81.981,1172,-2,15,0,0,0,0,0,0,0,0,0
2026-03-27 22:20:22.493,82.093,1169,-2,14,0,0,0,0,0,0,0,0,0
2026-03-27 22:20:22.637,82.237,1164,-2,14,0,0,0,0,0,0,0,0,0
2026-03-27 22:20:22.639,82.238,1166,-2,14,0,0,0,0,0,0,0,0,0
2026-03-27 22:20:22.669,82.268,1171,-2,14,0,0,0,0,0,0,0,0,0
2026-03-27 22:20:22.671,82.271,1171,-2,14,0,0,0,0,0,0,0,0,0
2026-03-27 22:20:22.672,82.272,1167,-2,0,0,0,0,0,0,0,0,0,0
2026-03-27 22:20:22.765,82.365,1163,-5,14,0,0,0,0,0,0,0,0,0
2026-03-27 22:20:22.781,82.381,1165,-5,14,0,0,0,0,0,0,0,0,0
2026-03-27 22:20:22.941,82.540,1168,-2,14,0,0,0,0,0,0,0,0,0
2026-03-27 22:20:22.989,82.589,1162,-2,14,0,0,0,0,0,0,0,0,0
2026-03-27 22:20:23.069,82.669,1174,-3,15,0,0,0,0,0,0,0,0,0
2026-03-27 22:20:23.197,82.797,1171,-2,14,0,0,0,0,0,0,0,0,0
2026-03-27 22:20:23.309,82.909,1171,-2,15,0,0,0,0,0,0,0,0,0
2026-03-27 22:20:23.421,83.021,1169,-2,14,0,0,0,0,0,0,0,0,0
2026-03-27 22:20:23.438,83.038,1167,-3,14,0,0,0,0,0,0,0,0,0
2026-03-27 22:20:23.453,83.053,1173,-2,15,0,0,0,0,0,0,0,0,0
2026-03-27 22:20:23.565,83.165,1174,-2,15,0,0,0,0,0,0,0,0,0
2026-03-27 22:20:23.646,83.246,1170,-2,15,0,0,0,0,0,0,0,0,0
2026-03-27 22:20:23.648,83.247,1174,-2,15,0,0,0,0,0,0,0,0,0
2026-03-27 22:20:23.662,83.262,1171,-5,15,0,0,0,0,0,0,0,0,0
2026-03-27 22:20:23.773,83.373,1172,-2,15,0,0,0,0,0,0,0,0,0
2026-03-27 22:20:23.965,83.565,1171,-2,14,0,0,0,0,0,0,0,0,0
2026-03-27 22:20:23.967,83.566,1172,-2,14,0,0,0,0,0,0,0,0,0
2026-03-27 22:20:24.061,83.661,1166,-2,15,0,0,0,0,0,0,0,0,0
2026-03-27 22:20:24.109,83.709,1171,-2,15,0,0,0,0,0,0,0,0,0
2026-03-27 22:20:24.205,83.805,1165,-2,14,0,0,0,0,0,0,0,0,0
2026-03-27 22:20:24.333,83.933,1174,-2,14,0,0,0,0,0,0,0,0,0
2026-03-27 22:20:24.413,84.013,1175,-2,15,0,0,0,0,0,0,0,0,0
2026-03-27 22:20:24.414,84.014,1175,-2,15,0,0,0,0,0,0,0,0,0
2026-03-27 22:20:24.429,84.029,1114,0,0,0,0,0,0,0,0,0,0,0
2026-03-27 22:20:24.541,84.141,1167,-2,15,0,0,0,0,0,0,0,0,0
2026-03-27 22:20:24.558,84.158,1169,-2,15,0,0,0,0,0,0,0,0,0
2026-03-27 22:20:24.781,84.381,1167,-2,12,0,0,0,0,0,0,0,0,0
2026-03-27 22:20:24.783,84.382,1169,-2,12,0,0,0,0,0,0,0,0,0
2026-03-27 22:20:24.910,84.509,1169,-2,15,0,0,0,0,0,0,0,0,0
2026-03-27 22:20:24.973,84.573,1168,-2,14,0,0,0,0,0,0,0,0,0
2026-03-27 22:20:24.974,84.574,1169,-2,14,0,0,0,0,0,0,0,0,0
2026-03-27 22:20:25.101,84.700,1170,-2,14,0,0,0,0,0,0,0,0,0
2026-03-27 22:20:25.165,84.765,1170,-2,14,0,0,0,0,0,0,0,0,0
2026-03-27 22:20:25.167,84.767,1171,-4,15,0,0,0,0,0,0,0,0,0
2026-03-27 22:20:25.293,84.893,1172,-2,12,0,0,0,0,0,0,0,0,0
2026-03-27 22:20:25.326,84.925,1166,-2,14,0,0,0,0,0,0,0,0,0
2026-03-27 22:20:25.421,85.021,1171,-2,15,0,0,0,0,0,0,0,0,0
2026-03-27 22:20:25.565,85.165,1171,-2,15,0,0,0,0,0,0,0,0,0
2026-03-27 22:20:25.661,85.261,1170,-2,14,0,0,0,0,0,0,0,0,0
2026-03-27 22:20:25.663,85.262,1171,-2,15,0,0,0,0,0,0,0,0,0
2026-03-27 22:20:25.902,85.502,1173,-2,12,0,0,0,0,0,0,0,0,0
2026-03-27 22:20:25.905,85.505,1171,-2,14,0,0,0,0,0,0,0,0,0
2026-03-27 22:20:25.981,85.581,1174,-2,14,0,0,0,0,0,0,0,0,0
2026-03-27 22:20:26.013,85.613,1174,-2,14,0,0,0,0,0,0,0,0,0
2026-03-27 22:20:26.125,85.725,1172,-2,15,0,0,0,0,0,0,0,0,0
2026-03-27 22:20:26.253,85.853,1176,-4,14,0,0,0,0,0,0,0,0,0
2026-03-27 22:20:26.317,85.917,1169,-2,15,0,0,0,0,0,0,0,0,0
2026-03-27 22:20:26.493,86.093,1171,-2,14,0,0,0,0,0,0,0,0,0
2026-03-27 22:20:26.717,86.317,1163,-2,14,0,0,0,0,0,0,0,0,0
2026-03-27 22:20:26.797,86.397,1170,-2,14,0,0,0,0,0,0,0,0,0
2026-03-27 22:20:26.925,86.525,1169,-3,14,0,0,0,0,0,0,0,0,0
2026-03-27 22:20:26.973,86.573,1169,-5,15,0,0,0,0,0,0,0,0,0
2026-03-27 22:20:27.084,86.684,1170,-2,14,0,0,0,0,0,0,0,0,0
2026-03-27 22:20:27.087,86.686,1173,-2,15,0,0,0,0,0,0,0,0,0
2026-03-27 22:20:27.197,86.796,1173,-2,14,0,0,0,0,0,0,0,0,0
2026-03-27 22:20:27.261,86.861,1167,-2,12,0,0,0,0,0,0,0,0,0
2026-03-27 22:20:27.373,86.973,1171,-2,15,0,0,0,0,0,0,0,0,0
2026-03-27 22:20:27.484,87.084,1176,-2,14,0,0,0,0,0,0,0,0,0
2026-03-27 22:20:27.486,87.086,1176,-2,14,0,0,0,0,0,0,0,0,0
2026-03-27 22:20:27.612,87.212,1171,-2,14,0,0,0,0,0,0,0,0,0
2026-03-27 22:20:27.677,87.277,1169,-2,14,0,0,0,0,0,0,0,0,0
2026-03-27 22:20:27.821,87.420,1167,-2,15,0,0,0,0,0,0,0,0,0
2026-03-27 22:20:27.869,87.469,1176,-2,14,0,0,0,0,0,0,0,0,0
2026-03-27 22:20:27.885,87.485,1165,-2,14,0,0,0,0,0,0,0,0,0
2026-03-27 22:20:28.029,87.629,1167,-2,14,0,0,0,0,0,0,0,0,0
2026-03-27 22:20:28.093,87.692,1168,-2,15,0,0,0,0,0,0,0,0,0
2026-03-27 22:20:28.269,87.869,1174,-2,14,0,0,0,0,0,0,0,0,0
2026-03-27 22:20:28.364,87.964,1174,-2,15,0,0,0,0,0,0,0,0,0
2026-03-27 22:20:28.367,87.967,1168,-2,14,0,0,0,0,0,0,0,0,0
2026-03-27 22:20:28.413,88.013,1171,-3,15,0,0,0,0,0,0,0,0,0
2026-03-27 22:20:28.493,88.093,1167,-2,15,0,0,0,0,0,0,0,0,0
2026-03-27 22:20:28.509,88.109,1170,-2,15,0,0,0,0,0,0,0,0,0
2026-03-27 22:20:28.636,88.236,1176,-2,15,0,0,0,0,0,0,0,0,0
2026-03-27 22:20:28.749,88.349,1169,-2,14,0,0,0,0,0,0,0,0,0
2026-03-27 22:20:28.751,88.351,1173,-2,14,0,0,0,0,0,0,0,0,0
2026-03-27 22:20:28.766,88.366,1163,-2,15,0,0,0,0,0,0,0,0,0
2026-03-27 22:20:28.781,88.381,1165,-2,14,0,0,0,0,0,0,0,0,0
2026-03-27 22:20:28.957,88.557,1169,-2,14,0,0,0,0,0,0,0,0,0
2026-03-27 22:20:29.052,88.652,1172,-2,15,0,0,0,0,0,0,0,0,0
2026-03-27 22:20:29.055,88.655,1163,-2,14,0,0,0,0,0,0,0,0,0
2026-03-27 22:20:29.149,88.749,1165,-2,14,0,0,0,0,0,0,0,0,0
2026-03-27 22:20:29.293,88.893,1170,-2,14,0,0,0,0,0,0,0,0,0
2026-03-27 22:20:29.357,88.957,1171,-2,15,0,0,0,0,0,0,0,0,0
2026-03-27 22:20:29.453,89.053,1166,-2,14,0,0,0,0,0,0,0,0,0
2026-03-27 22:20:29.549,89.149,1175,-2,15,0,0,0,0,0,0,0,0,0
2026-03-27 22:20:29.566,89.166,1178,-2,15,0,0,0,0,0,0,0,0,0
2026-03-27 22:20:29.676,89.276,1176,-2,14,0,0,0,0,0,0,0,0,0
2026-03-27 22:20:29.692,89.292,1177,-2,15,0,0,0,0,0,0,0,0,0
2026-03-27 22:20:29.917,89.517,1175,-2,15,0,0,0,0,0,0,0,0,0
2026-03-27 22:20:29.934,89.534,1165,-2,15,0,0,0,0,0,0,0,0,0
2026-03-27 22:20:30.062,89.662,1167,-2,15,0,0,0,0,0,0,0,0,0
2026-03-27 22:20:30.172,89.772,1167,-2,14,0,0,0,0,0,0,0,0,0
2026-03-27 22:20:30.174,89.774,1169,-2,14,0,0,0,0,0,0,0,0,0
2026-03-27 22:20:30.301,89.900,1165,-2,14,0,0,0,0,0,0,0,0,0
2026-03-27 22:20:30.397,89.997,1168,-2,15,0,0,0,0,0,0,0,0,0
2026-03-27 22:20:30.398,89.998,1169,-2,14,0,0,0,0,0,0,0,0,0
2026-03-27 22:20:30.400,90.000,1172,-2,14,0,0,0,0,0,0,0,0,0
2026-03-27 22:20:30.461,90.061,1173,-2,14,0,0,0,0,0,0,0,0,0
2026-03-27 22:20:30.463,90.063,1169,-2,14,0,0,0,0,0,0,0,0,0
2026-03-27 22:20:30.589,90.189,1170,-2,15,0,0,0,0,0,0,0,0,0
2026-03-27 22:20:30.685,90.285,1172,-2,14,0,0,0,0,0,0,0,0,0
2026-03-27 22:20:30.781,90.380,1172,-2,12,0,0,0,0,0,0,0,0,0
2026-03-27 22:20:30.892,90.492,1176,-2,14,0,0,0,0,0,0,0,0,0
2026-03-27 22:20:31.004,90.604,1168,-2,15,0,0,0,0,0,0,0,0,0
2026-03-27 22:20:31.068,90.668,1170,-2,15,0,0,0,0,0,0,0,0,0
2026-03-27 22:20:31.072,90.672,1166,-2,14,0,0,0,0,0,0,0,0,0
2026-03-27 22:20:31.261,90.861,1171,-2,15,0,0,0,0,0,0,0,0,0
2026-03-27 22:20:31.308,90.908,1167,-2,15,0,0,0,0,0,0,0,0,0
2026-03-27 22:20:31.311,90.911,1177,-2,12,0,0,0,0,0,0,0,0,0
2026-03-27 22:20:31.421,91.020,1177,-2,12,0,0,0,0,0,0,0,0,0
2026-03-27 22:20:31.517,91.117,1165,-2,14,0,0,0,0,0,0,0,0,0
2026-03-27 22:20:31.520,91.120,1171,-2,15,0,0,0,0,0,0,0,0,0
2026-03-27 22:20:31.661,91.261,1174,-2,15,0,0,0,0,0,0,0,0,0
2026-03-27 22:20:31.757,91.357,1169,-2,14,0,0,0,0,0,0,0,0,0
2026-03-27 22:20:31.804,91.404,1171,-2,15,0,0,0,0,0,0,0,0,0
2026-03-27 22:20:31.821,91.421,1173,-2,15,0,0,0,0,0,0,0,0,0
2026-03-27 22:20:31.932,91.532,1169,-2,15,0,0,0,0,0,0,0,0,0
2026-03-27 22:20:32.077,91.677,1169,-5,15,0,0,0,0,0,0,0,0,0
2026-03-27 22:20:32.141,91.740,1170,-2,15,0,0,0,0,0,0,0,0,0
2026-03-27 22:20:32.142,91.742,1173,-2,15,0,0,0,0,0,0,0,0,0
2026-03-27 22:20:32.268,91.868,1173,-2,14,0,0,0,0,0,0,0,0,0
2026-03-27 22:20:32.270,91.869,1175,-2,14,0,0,0,0,0,0,0,0,0
2026-03-27 22:20:32.316,91.916,1168,-2,15,0,0,0,0,0,0,0,0,0
2026-03-27 22:20:32.319,91.919,1174,-5,15,0,0,0,0,0,0,0,0,0
2026-03-27 22:20:32.445,92.044,1175,-5,15,0,0,0,0,0,0,0,0,0
2026-03-27 22:20:32.541,92.141,1168,-3,14,0,0,0,0,0,0,0,0,0
2026-03-27 22:20:32.732,92.332,1164,-2,14,0,0,0,0,0,0,0,0,0
2026-03-27 22:20:32.734,92.334,1166,-2,14,0,0,0,0,0,0,0,0,0
2026-03-27 22:20:32.781,92.380,1167,-2,14,0,0,0,0,0,0,0,0,0
2026-03-27 22:20:32.941,92.541,1165,-2,14,0,0,0,0,0,0,0,0,0
2026-03-27 22:20:33.005,92.605,1172,-2,14,0,0,0,0,0,0,0,0,0
2026-03-27 22:20:33.009,92.608,1165,-2,14,0,0,0,0,0,0,0,0,0
2026-03-27 22:20:33.133,92.733,1167,-2,14,0,0,0,0,0,0,0,0,0
2026-03-27 22:20:33.228,92.828,1170,-2,14,0,0,0,0,0,0,0,0,0
2026-03-27 22:20:33.533,93.133,1170,-2,15,0,0,0,0,0,0,0,0,0
2026-03-27 22:20:33.661,93.261,1169,-2,15,0,0,0,0,0,0,0,0,0
2026-03-27 22:20:33.709,93.309,1170,-2,15,0,0,0,0,0,0,0,0,0
2026-03-27 22:20:33.820,93.420,1166,-2,15,0,0,0,0,0,0,0,0,0
2026-03-27 22:20:33.900,93.500,1172,-2,15,0,0,0,0,0,0,0,0,0
2026-03-27 22:20:33.964,93.564,1172,-2,14,0,0,0,0,0,0,0,0,0
2026-03-27 22:20:34.061,93.660,1170,-2,14,0,0,0,0,0,0,0,0,0
2026-03-27 22:20:34.188,93.788,1171,-2,14,0,0,0,0,0,0,0,0,0
2026-03-27 22:20:34.381,93.981,1169,-2,14,0,0,0,0,0,0,0,0,0
2026-03-27 22:20:34.477,94.077,1170,-2,15,0,0,0,0,0,0,0,0,0
2026-03-27 22:20:34.572,94.172,1171,-5,15,0,0,0,0,0,0,0,0,0
2026-03-27 22:20:34.574,94.174,1172,-5,14,0,0,0,0,0,0,0,0,0
2026-03-27 22:20:34.684,94.284,1169,-2,14,0,0,0,0,0,0,0,0,0
2026-03-27 22:20:34.686,94.286,1172,-2,15,0,0,0,0,0,0,0,0,0
2026-03-27 22:20:34.845,94.445,1176,-2,15,0,0,0,0,0,0,0,0,0
2026-03-27 22:20:34.908,94.508,1172,-2,15,0,0,0,0,0,0,0,0,0
2026-03-27 22:20:35.004,94.604,1169,-2,15,0,0,0,0,0,0,0,0,0
2026-03-27 22:20:35.007,94.606,1167,-5,14,0,0,0,0,0,0,0,0,0
2026-03-27 22:20:35.133,94.733,1169,-5,14,0,0,0,0,0,0,0,0,0
2026-03-27 22:20:35.293,94.893,1170,-2,14,0,0,0,0,0,0,0,0,0
2026-03-27 22:20:35.372,94.972,1171,-2,14,0,0,0,0,0,0,0,0,0
2026-03-27 22:20:35.453,95.053,1166,-2,11,0,0,0,0,0,0,0,0,0
2026-03-27 22:20:35.517,95.117,1167,-2,14,0,0,0,0,0,0,0,0,0
2026-03-27 22:20:35.519,95.119,1169,-2,14,0,0,0,0,0,0,0,0,0
2026-03-27 22:20:35.692,95.292,1167,-2,14,0,0,0,0,0,0,0,0,0
2026-03-27 22:20:35.789,95.388,1165,-2,14,0,0,0,0,0,0,0,0,0
2026-03-27 22:20:35.804,95.404,1167,-2,15,0,0,0,0,0,0,0,0,0
2026-03-27 22:20:35.885,95.485,1168,-2,14,0,0,0,0,0,0,0,0,0
2026-03-27 22:20:35.888,95.487,1168,-2,15,0,0,0,0,0,0,0,0,0
2026-03-27 22:20:36.013,95.613,1169,-2,15,0,0,0,0,0,0,0,0,0
2026-03-27 22:20:36.061,95.661,1169,-5,14,0,0,0,0,0,0,0,0,0
2026-03-27 22:20:36.077,95.677,1172,-5,15,0,0,0,0,0,0,0,0,0
2026-03-27 22:20:36.188,95.788,1167,-2,15,0,0,0,0,0,0,0,0,0
2026-03-27 22:20:36.204,95.804,1169,-2,15,0,0,0,0,0,0,0,0,0
2026-03-27 22:20:36.316,95.916,1171,-2,15,0,0,0,0,0,0,0,0,0
2026-03-27 22:20:36.319,95.919,1168,-5,14,0,0,0,0,0,0,0,0,0
2026-03-27 22:20:36.413,96.013,1172,-5,14,0,0,0,0,0,0,0,0,0
2026-03-27 22:20:36.476,96.076,1175,-5,15,0,0,0,0,0,0,0,0,0
2026-03-27 22:20:36.604,96.204,1169,-5,14,0,0,0,0,0,0,0,0,0
2026-03-27 22:20:36.606,96.206,1165,-2,14,0,0,0,0,0,0,0,0,0
2026-03-27 22:20:36.940,96.540,1166,-2,14,0,0,0,0,0,0,0,0,0
2026-03-27 22:20:37.052,96.652,1171,-5,15,0,0,0,0,0,0,0,0,0
2026-03-27 22:20:37.117,96.717,1164,-2,15,0,0,0,0,0,0,0,0,0
2026-03-27 22:20:37.213,96.813,1165,-2,14,0,0,0,0,0,0,0,0,0
2026-03-27 22:20:37.277,96.877,1174,-2,14,0,0,0,0,0,0,0,0,0
2026-03-27 22:20:37.452,97.052,1171,-2,15,0,0,0,0,0,0,0,0,0
2026-03-27 22:20:37.548,97.148,1168,-2,15,0,0,0,0,0,0,0,0,0
2026-03-27 22:20:37.676,97.276,1172,-2,15,0,0,0,0,0,0,0,0,0
2026-03-27 22:20:37.679,97.279,1165,-3,14,0,0,0,0,0,0,0,0,0
2026-03-27 22:20:37.757,97.357,1167,-2,14,0,0,0,0,0,0,0,0,0
2026-03-27 22:20:37.758,97.358,1164,-2,15,0,0,0,0,0,0,0,0,0
2026-03-27 22:20:37.772,97.372,1168,-3,14,0,0,0,0,0,0,0,0,0
2026-03-27 22:20:37.885,97.485,1169,-2,14,0,0,0,0,0,0,0,0,0
2026-03-27 22:20:37.902,97.502,1166,-2,14,0,0,0,0,0,0,0,0,0
2026-03-27 22:20:37.933,97.533,1168,-2,14,0,0,0,0,0,0,0,0,0
2026-03-27 22:20:37.948,97.548,1164,-2,15,0,0,0,0,0,0,0,0,0
2026-03-27 22:20:38.092,97.691,1172,-5,14,0,0,0,0,0,0,0,0,0
2026-03-27 22:20:38.093,97.693,1173,-5,14,0,0,0,0,0,0,0,0,0
2026-03-27 22:20:38.172,97.772,1174,-2,14,0,0,0,0,0,0,0,0,0
2026-03-27 22:20:38.300,97.900,1170,-2,14,0,0,0,0,0,0,0,0,0
2026-03-27 22:20:38.303,97.903,1167,-2,14,0,0,0,0,0,0,0,0,0
2026-03-27 22:20:38.349,97.949,1168,-2,15,0,0,0,0,0,0,0,0,0
2026-03-27 22:20:38.492,98.092,1168,-2,14,0,0,0,0,0,0,0,0,0
2026-03-27 22:20:38.556,98.156,1168,-2,15,0,0,0,0,0,0,0,0,0
2026-03-27 22:20:38.572,98.172,1169,-2,14,0,0,0,0,0,0,0,0,0
2026-03-27 22:20:38.684,98.284,1172,-2,15,0,0,0,0,0,0,0,0,0
2026-03-27 22:20:38.749,98.348,1168,-3,14,0,0,0,0,0,0,0,0,0
2026-03-27 22:20:38.909,98.508,1172,-2,15,0,0,0,0,0,0,0,0,0
2026-03-27 22:20:39.004,98.604,1168,-2,14,0,0,0,0,0,0,0,0,0
2026-03-27 22:20:39.085,98.685,1170,-2,14,0,0,0,0,0,0,0,0,0
2026-03-27 22:20:39.165,98.765,1169,-2,14,0,0,0,0,0,0,0,0,0
2026-03-27 22:20:39.325,98.924,1170,-2,14,0,0,0,0,0,0,0,0,0
2026-03-27 22:20:39.388,98.988,1173,-2,14,0,0,0,0,0,0,0,0,0
2026-03-27 22:20:39.404,99.004,1176,-2,15,0,0,0,0,0,0,0,0,0
2026-03-27 22:20:39.500,99.100,1169,-2,14,0,0,0,0,0,0,0,0,0
2026-03-27 22:20:39.628,99.228,1171,-2,14,0,0,0,0,0,0,0,0,0
2026-03-27 22:20:39.631,99.231,1166,-2,15,0,0,0,0,0,0,0,0,0
2026-03-27 22:20:39.676,99.276,1168,-2,15,0,0,0,0,0,0,0,0,0
2026-03-27 22:20:39.804,99.404,1166,-2,15,0,0,0,0,0,0,0,0,0
2026-03-27 22:20:39.948,99.548,1167,-5,15,0,0,0,0,0,0,0,0,0
2026-03-27 22:20:39.996,99.596,1179,-2,14,0,0,0,0,0,0,0,0,0
2026-03-27 22:20:40.124,99.724,1169,-2,15,0,0,0,0,0,0,0,0,0
2026-03-27 22:20:40.127,99.726,1168,-2,15,0,0,0,0,0,0,0,0,0
2026-03-27 22:20:40.236,99.836,1169,-2,15,0,0,0,0,0,0,0,0,0
2026-03-27 22:20:40.268,99.868,1171,-2,15,0,0,0,0,0,0,0,0,0
2026-03-27 22:20:40.284,99.884,1164,-2,14,0,0,0,0,0,0,0,0,0
2026-03-27 22:20:40.444,100.044,1167,-3,14,0,0,0,0,0,0,0,0,0
2026-03-27 22:20:40.541,100.141,1169,-4,12,0,0,0,0,0,0,0,0,0
2026-03-27 22:20:40.543,100.143,1170,-2,14,0,0,0,0,0,0,0,0,0
2026-03-27 22:20:40.685,100.285,1171,-2,14,0,0,0,0,0,0,0,0,0
2026-03-27 22:20:40.781,100.380,1166,-2,14,0,0,0,0,0,0,0,0,0
2026-03-27 22:20:40.844,100.444,1168,-2,14,0,0,0,0,0,0,0,0,0
2026-03-27 22:20:40.924,100.524,1173,-2,14,0,0,0,0,0,0,0,0,0
2026-03-27 22:20:41.116,100.716,1169,-2,14,0,0,0,0,0,0,0,0,0
2026-03-27 22:20:41.245,100.844,1174,-2,15,0,0,0,0,0,0,0,0,0
2026-03-27 22:20:41.388,100.988,1167,-2,14,0,0,0,0,0,0,0,0,0
2026-03-27 22:20:41.389,100.989,1171,-2,14,0,0,0,0,0,0,0,0,0
2026-03-27 22:20:41.500,101.100,1170,-2,14,0,0,0,0,0,0,0,0,0
2026-03-27 22:20:41.596,101.196,1170,-2,15,0,0,0,0,0,0,0,0,0
2026-03-27 22:20:41.628,101.228,1171,-2,14,0,0,0,0,0,0,0,0,0
2026-03-27 22:20:41.644,101.244,1163,-2,12,0,0,0,0,0,0,0,0,0
2026-03-27 22:20:41.821,101.421,1166,-2,12,0,0,0,0,0,0,0,0,0
2026-03-27 22:20:41.964,101.564,1170,-2,14,0,0,0,0,0,0,0,0,0
2026-03-27 22:20:41.980,101.580,1169,-2,15,0,0,0,0,0,0,0,0,0
2026-03-27 22:20:42.060,101.660,1170,-2,15,0,0,0,0,0,0,0,0,0
2026-03-27 22:20:42.172,101.771,1166,-2,14,0,0,0,0,0,0,0,0,0
2026-03-27 22:20:42.268,101.868,1170,-2,14,0,0,0,0,0,0,0,0,0
2026-03-27 22:20:42.271,101.871,1167,-2,15,0,0,0,0,0,0,0,0,0
2026-03-27 22:20:42.365,101.965,1169,-2,15,0,0,0,0,0,0,0,0,0
2026-03-27 22:20:42.492,102.092,1168,-2,14,0,0,0,0,0,0,0,0,0
2026-03-27 22:20:42.509,102.108,1166,-5,15,0,0,0,0,0,0,0,0,0
2026-03-27 22:20:42.621,102.221,1170,-5,14,0,0,0,0,0,0,0,0,0
2026-03-27 22:20:42.623,102.223,1169,-2,14,0,0,0,0,0,0,0,0,0
2026-03-27 22:20:42.733,102.332,1171,-2,14,0,0,0,0,0,0,0,0,0
2026-03-27 22:20:42.844,102.443,1167,-2,15,0,0,0,0,0,0,0,0,0
2026-03-27 22:20:42.972,102.572,1171,-2,15,0,0,0,0,0,0,0,0,0
2026-03-27 22:20:43.068,102.668,1171,-2,14,0,0,0,0,0,0,0,0,0
2026-03-27 22:20:43.147,102.747,1166,-3,14,0,0,0,0,0,0,0,0,0
2026-03-27 22:20:43.149,102.749,1168,-2,14,0,0,0,0,0,0,0,0,0
2026-03-27 22:20:43.308,102.908,1167,-2,14,0,0,0,0,0,0,0,0,0
2026-03-27 22:20:43.309,102.909,1169,-2,14,0,0,0,0,0,0,0,0,0
2026-03-27 22:20:43.404,103.003,1171,-3,14,0,0,0,0,0,0,0,0,0
2026-03-27 22:20:43.483,103.083,1169,-2,14,0,0,0,0,0,0,0,0,0
2026-03-27 22:20:43.500,103.100,1170,-2,15,0,0,0,0,0,0,0,0,0
2026-03-27 22:20:43.501,103.101,1162,-3,14,0,0,0,0,0,0,0,0,0
2026-03-27 22:20:43.580,103.180,1164,-3,15,0,0,0,0,0,0,0,0,0
2026-03-27 22:20:43.596,103.196,1164,-2,15,0,0,0,0,0,0,0,0,0
2026-03-27 22:20:43.758,103.358,1166,-2,15,0,0,0,0,0,0,0,0,0
2026-03-27 22:20:43.837,103.437,1168,-2,15,0,0,0,0,0,0,0,0,0
2026-03-27 22:20:43.852,103.452,1168,-2,14,0,0,0,0,0,0,0,0,0
2026-03-27 22:20:43.980,103.580,1171,-2,15,0,0,0,0,0,0,0,0,0
2026-03-27 22:20:44.061,103.661,1170,-2,14,0,0,0,0,0,0,0,0,0
2026-03-27 22:20:44.140,103.740,1169,-2,15,0,0,0,0,0,0,0,0,0
2026-03-27 22:20:44.268,103.868,1165,-2,14,0,0,0,0,0,0,0,0,0
2026-03-27 22:20:44.444,104.044,1174,-2,14,0,0,0,0,0,0,0,0,0
2026-03-27 22:20:44.491,104.091,1169,-2,14,0,0,0,0,0,0,0,0,0
2026-03-27 22:20:44.493,104.093,1171,-2,14,0,0,0,0,0,0,0,0,0
2026-03-27 22:20:44.668,104.267,1169,-2,15,0,0,0,0,0,0,0,0,0
2026-03-27 22:20:44.748,104.348,1170,-2,14,0,0,0,0,0,0,0,0,0
2026-03-27 22:20:44.844,104.444,1170,-2,14,0,0,0,0,0,0,0,0,0
2026-03-27 22:20:44.988,104.588,1171,-2,15,0,0,0,0,0,0,0,0,0
2026-03-27 22:20:45.068,104.668,1167,-2,15,0,0,0,0,0,0,0,0,0
2026-03-27 22:20:45.212,104.812,1167,-3,15,0,0,0,0,0,0,0,0,0
2026-03-27 22:20:45.260,104.859,1174,-2,14,0,0,0,0,0,0,0,0,0
2026-03-27 22:20:45.372,104.972,1170,-2,15,0,0,0,0,0,0,0,0,0
2026-03-27 22:20:45.484,105.084,1171,-2,15,0,0,0,0,0,0,0,0,0
2026-03-27 22:20:45.581,105.181,1175,-2,11,0,0,0,0,0,0,0,0,0
2026-03-27 22:20:45.724,105.324,1166,-2,14,0,0,0,0,0,0,0,0,0
2026-03-27 22:20:45.756,105.356,1174,-2,14,0,0,0,0,0,0,0,0,0
2026-03-27 22:20:45.900,105.500,1166,-3,14,0,0,0,0,0,0,0,0,0
2026-03-27 22:20:46.012,105.612,1168,-2,14,0,0,0,0,0,0,0,0,0
2026-03-27 22:20:46.140,105.740,1169,-2,14,0,0,0,0,0,0,0,0,0
2026-03-27 22:20:46.141,105.741,1171,-2,14,0,0,0,0,0,0,0,0,0
2026-03-27 22:20:46.171,105.771,1167,-2,14,0,0,0,0,0,0,0,0,0
2026-03-27 22:20:46.173,105.773,1169,-2,15,0,0,0,0,0,0,0,0,0
2026-03-27 22:20:46.174,105.774,110,0,0,0,0,0,0,0,0,0,0,0
2026-03-27 22:20:46.176,105.775,1176,-2,14,0,0,0,0,0,0,0,0,0
2026-03-27 22:20:46.284,105.884,1176,-3,14,0,0,0,0,0,0,0,0,0
2026-03-27 22:20:46.412,106.012,1170,-2,15,0,0,0,0,0,0,0,0,0
2026-03-27 22:20:46.475,106.075,1176,-2,14,0,0,0,0,0,0,0,0,0
2026-03-27 22:20:46.636,106.236,1170,-2,15,0,0,0,0,0,0,0,0,0
2026-03-27 22:20:46.651,106.251,1168,-2,15,0,0,0,0,0,0,0,0,0
2026-03-27 22:20:46.668,106.268,1170,-2,15,0,0,0,0,0,0,0,0,0
2026-03-27 22:20:46.780,106.380,1171,-2,14,0,0,0,0,0,0,0,0,0
2026-03-27 22:20:46.812,106.411,1168,-2,12,0,0,0,0,0,0,0,0,0
2026-03-27 22:20:47.004,106.604,1172,-2,14,0,0,0,0,0,0,0,0,0
2026-03-27 22:20:47.132,106.732,1171,-2,15,0,0,0,0,0,0,0,0,0
2026-03-27 22:20:47.244,106.844,1171,-2,14,0,0,0,0,0,0,0,0,0
2026-03-27 22:20:47.308,106.908,1168,-2,14,0,0,0,0,0,0,0,0,0
2026-03-27 22:20:47.388,106.988,1175,-3,14,0,0,0,0,0,0,0,0,0
2026-03-27 22:20:47.515,107.115,1173,-2,15,0,0,0,0,0,0,0,0,0
2026-03-27 22:20:47.612,107.211,1172,-2,15,0,0,0,0,0,0,0,0,0
2026-03-27 22:20:47.884,107.484,1167,-2,15,0,0,0,0,0,0,0,0,0
2026-03-27 22:20:48.011,107.611,1173,-2,14,0,0,0,0,0,0,0,0,0
2026-03-27 22:20:48.028,107.628,1173,-2,15,0,0,0,0,0,0,0,0,0
2026-03-27 22:20:48.091,107.691,1166,-2,14,0,0,0,0,0,0,0,0,0
2026-03-27 22:20:48.108,107.707,1168,-2,14,0,0,0,0,0,0,0,0,0
2026-03-27 22:20:48.188,107.788,1168,-2,14,0,0,0,0,0,0,0,0,0
2026-03-27 22:20:48.191,107.791,1174,-2,15,0,0,0,0,0,0,0,0,0
2026-03-27 22:20:48.299,107.899,1174,-2,14,0,0,0,0,0,0,0,0,0
2026-03-27 22:20:48.302,107.902,1165,-2,15,0,0,0,0,0,0,0,0,0
2026-03-27 22:20:48.412,108.012,1166,-2,14,0,0,0,0,0,0,0,0,0
2026-03-27 22:20:48.540,108.140,1171,-2,14,0,0,0,0,0,0,0,0,0
2026-03-27 22:20:48.604,108.204,1168,-2,14,0,0,0,0,0,0,0,0,0
2026-03-27 22:20:48.606,108.206,1171,-5,15,0,0,0,0,0,0,0,0,0
2026-03-27 22:20:48.684,108.284,1173,-2,15,0,0,0,0,0,0,0,0,0
2026-03-27 22:20:48.892,108.491,1162,-2,12,0,0,0,0,0,0,0,0,0
2026-03-27 22:20:48.907,108.507,1163,-2,12,0,0,0,0,0,0,0,0,0
2026-03-27 22:20:48.955,108.555,1179,-1,16,0,0,0,0,0,0,0,0,0
2026-03-27 22:20:49.083,108.683,1184,-2,14,0,0,0,0,0,0,0,0,0
2026-03-27 22:20:49.164,108.763,1182,-2,14,0,0,0,0,0,0,0,0,0
2026-03-27 22:20:49.276,108.876,1160,-2,14,0,0,0,0,0,0,0,0,0
2026-03-27 22:20:49.371,108.971,1163,-5,14,0,0,0,0,0,0,0,0,0
2026-03-27 22:20:49.532,109.131,1164,-2,14,0,0,0,0,0,0,0,0,0
2026-03-27 22:20:49.580,109.180,1166,-2,14,0,0,0,0,0,0,0,0,0
2026-03-27 22:20:49.581,109.181,1169,-2,15,0,0,0,0,0,0,0,0,0
2026-03-27 22:20:49.740,109.340,1163,-2,14,0,0,0,0,0,0,0,0,0
2026-03-27 22:20:49.756,109.356,1163,-2,14,0,0,0,0,0,0,0,0,0
2026-03-27 22:20:49.804,109.404,1155,-2,14,0,0,0,0,0,0,0,0,0
2026-03-27 22:20:49.963,109.563,1158,-2,14,0,0,0,0,0,0,0,0,0
2026-03-27 22:20:50.075,109.675,1160,-2,14,0,0,0,0,0,0,0,0,0
2026-03-27 22:20:50.171,109.771,1170,-2,15,0,0,0,0,0,0,0,0,0
2026-03-27 22:20:50.284,109.884,1168,-2,15,0,0,0,0,0,0,0,0,0
2026-03-27 22:20:50.331,109.931,1160,-2,14,0,0,0,0,0,0,0,0,0
2026-03-27 22:20:50.460,110.059,1155,-2,14,0,0,0,0,0,0,0,0,0
2026-03-27 22:20:50.555,110.155,1156,-2,14,0,0,0,0,0,0,0,0,0
2026-03-27 22:20:50.667,110.267,1158,-3,14,0,0,0,0,0,0,0,0,0
2026-03-27 22:20:50.779,110.379,1150,-2,14,0,0,0,0,0,0,0,0,0
2026-03-27 22:20:50.796,110.395,1150,-2,14,0,0,0,0,0,0,0,0,0
2026-03-27 22:20:50.797,110.397,1146,-2,14,0,0,0,0,0,0,0,0,0
2026-03-27 22:20:50.876,110.476,1147,-2,14,0,0,0,0,0,0,0,0,0
2026-03-27 22:20:50.940,110.539,1147,-3,14,0,0,0,0,0,0,0,0,0
2026-03-27 22:20:51.052,110.652,1150,-2,14,0,0,0,0,0,0,0,0,0
2026-03-27 22:20:51.180,110.780,1153,-2,15,0,0,0,0,0,0,0,0,0
2026-03-27 22:20:51.308,110.908,1150,-3,14,0,0,0,0,0,0,0,0,0
2026-03-27 22:20:51.404,111.004,1152,-3,14,0,0,0,0,0,0,0,0,0
2026-03-27 22:20:51.547,111.147,1150,-2,14,0,0,0,0,0,0,0,0,0
2026-03-27 22:20:51.659,111.259,1154,-2,14,0,0,0,0,0,0,0,0,0
2026-03-27 22:20:51.787,111.387,1152,-2,14,0,0,0,0,0,0,0,0,0
2026-03-27 22:20:51.899,111.499,1154,-2,14,0,0,0,0,0,0,0,0,0
2026-03-27 22:20:51.901,111.501,1154,-2,14,0,0,0,0,0,0,0,0,0
2026-03-27 22:20:52.012,111.611,1151,-2,12,0,0,0,0,0,0,0,0,0
2026-03-27 22:20:52.124,111.724,1150,-2,14,0,0,0,0,0,0,0,0,0
2026-03-27 22:20:52.125,111.725,1151,-2,14,0,0,0,0,0,0,0,0,0
2026-03-27 22:20:52.171,111.771,1152,-2,14,0,0,0,0,0,0,0,0,0
2026-03-27 22:20:52.315,111.915,1151,-3,14,0,0,0,0,0,0,0,0,0
2026-03-27 22:20:52.317,111.917,1151,-2,14,0,0,0,0,0,0,0,0,0
2026-03-27 22:20:52.427,112.027,1152,-2,14,0,0,0,0,0,0,0,0,0
2026-03-27 22:20:52.428,112.028,1154,-2,15,0,0,0,0,0,0,0,0,0
2026-03-27 22:20:52.429,112.029,1,0,0,0,0,0,0,0,0,0,0,0
2026-03-27 22:20:52.430,112.030,1150,-2,14,0,0,0,0,0,0,0,0,0
2026-03-27 22:20:52.492,112.092,1151,-2,14,0,0,0,0,0,0,0,0,0
2026-03-27 22:20:52.620,112.220,1152,-2,14,0,0,0,0,0,0,0,0,0
2026-03-27 22:20:52.683,112.283,1150,-2,14,0,0,0,0,0,0,0,0,0
2026-03-27 22:20:52.699,112.299,1148,-2,14,0,0,0,0,0,0,0,0,0
2026-03-27 22:20:52.860,112.460,1149,-2,14,0,0,0,0,0,0,0,0,0
2026-03-27 22:20:52.862,112.462,1154,-2,14,0,0,0,0,0,0,0,0,0
2026-03-27 22:20:52.972,112.572,1155,-2,14,0,0,0,0,0,0,0,0,0
2026-03-27 22:20:53.052,112.652,1153,-2,14,0,0,0,0,0,0,0,0,0
2026-03-27 22:20:53.076,112.675,1149,-2,14,0,0,0,0,0,0,0,0,0
2026-03-27 22:20:53.148,112.747,1150,-2,14,0,0,0,0,0,0,0,0,0
2026-03-27 22:20:53.291,112.891,1150,-2,14,0,0,0,0,0,0,0,0,0
2026-03-27 22:20:53.293,112.893,1151,-2,14,0,0,0,0,0,0,0,0,0
2026-03-27 22:20:53.436,113.036,1151,-2,11,0,0,0,0,0,0,0,0,0
2026-03-27 22:20:53.516,113.115,1151,-2,14,0,0,0,0,0,0,0,0,0
2026-03-27 22:20:53.676,113.275,1150,-2,14,0,0,0,0,0,0,0,0,0
2026-03-27 22:20:53.755,113.355,-37,-2,14,0,0,0,0,0,0,0,0,0
2026-03-27 22:20:53.867,113.467,2,-2,14,0,0,0,0,0,0,0,0,0
2026-03-27 22:20:53.868,113.468,2,-2,14,0,0,0,0,0,0,0,0,0
2026-03-27 22:20:53.869,113.469,3,-2,0,0,0,0,0,0,0,0,0,0
2026-03-27 22:20:53.996,113.596,0,-2,15,0,0,0,0,0,0,0,0,0
2026-03-27 22:20:53.997,113.597,0,-2,15,0,0,0,0,0,0,0,0,0
2026-03-27 22:20:54.139,113.739,0,-2,14,0,0,0,0,0,0,0,0,0
2026-03-27 22:20:54.171,113.771,2,-2,14,0,0,0,0,0,0,0,0,0
2026-03-27 22:20:54.251,113.851,2,-2,14,0,0,0,0,0,0,0,0,0
2026-03-27 22:20:54.267,113.867,2,-2,14,0,0,0,0,0,0,0,0,0
2026-03-27 22:20:54.460,114.059,3,-2,15,0,0,0,0,0,0,0,0,0
2026-03-27 22:20:54.461,114.061,3,-2,14,0,0,0,0,0,0,0,0,0
2026-03-27 22:20:54.539,114.139,3,-2,14,0,0,0,0,0,0,0,0,0
2026-03-27 22:20:54.555,114.155,2,-2,15,0,0,0,0,0,0,0,0,0
2026-03-27 22:20:54.558,114.157,2,-2,14,0,0,0,0,0,0,0,0,0
2026-03-27 22:20:54.636,114.236,2,-2,14,0,0,0,0,0,0,0,0,0
2026-03-27 22:20:54.732,114.332,0,-1,15,0,0,0,0,0,0,0,0,0
2026-03-27 22:20:54.843,114.443,0,-2,14,0,0,0,0,0,0,0,0,0
2026-03-27 22:20:54.923,114.523,0,-2,14,0,0,0,0,0,0,0,0,0
2026-03-27 22:20:55.035,114.635,2,-2,14,0,0,0,0,0,0,0,0,0
2026-03-27 22:20:55.227,114.827,2,-2,15,0,0,0,0,0,0,0,0,0
2026-03-27 22:20:55.372,114.972,0,-2,14,0,0,0,0,0,0,0,0,0
2026-03-27 22:20:55.451,115.051,3,-2,14,0,0,0,0,0,0,0,0,0
2026-03-27 22:20:55.531,115.131,2,-2,14,0,0,0,0,0,0,0,0,0
2026-03-27 22:20:55.707,115.307,0,-2,14,0,0,0,0,0,0,0,0,0
2026-03-27 22:20:55.723,115.323,0,-2,14,0,0,0,0,0,0,0,0,0
2026-03-27 22:20:55.851,115.451,0,-2,14,0,0,0,0,0,0,0,0,0
2026-03-27 22:20:55.867,115.467,0,-2,14,0,0,0,0,0,0,0,0,0
2026-03-27 22:20:56.027,115.627,0,-2,12,0,0,0,0,0,0,0,0,0
2026-03-27 22:20:56.075,115.674,0,-2,15,0,0,0,0,0,0,0,0,0
2026-03-27 22:20:56.219,115.819,0,-2,14,0,0,0,0,0,0,0,0,0
2026-03-27 22:20:56.221,115.821,0,-2,14,0,0,0,0,0,0,0,0,0
2026-03-27 22:20:56.299,115.899,0,-2,14,0,0,0,0,0,0,0,0,0
2026-03-27 22:20:56.460,116.060,0,-2,14,0,0,0,0,0,0,0,0,0
2026-03-27 22:20:56.555,116.155,0,-2,14,0,0,0,0,0,0,0,0,0
2026-03-27 22:20:56.635,116.235,0,-2,14,0,0,0,0,0,0,0,0,0
2026-03-27 22:20:56.652,116.252,0,-1,15,0,0,0,0,0,0,0,0,0
2026-03-27 22:20:56.763,116.363,0,-2,14,0,0,0,0,0,0,0,0,0
2026-03-27 22:20:56.780,116.380,0,-2,14,0,0,0,0,0,0,0,0,0
2026-03-27 22:20:56.782,116.381,0,-2,14,0,0,0,0,0,0,0,0,0
2026-03-27 22:20:56.908,116.508,0,-2,14,0,0,0,0,0,0,0,0,0
2026-03-27 22:20:56.988,116.588,0,-2,14,0,0,0,0,0,0,0,0,0
2026-03-27 22:20:57.051,116.651,0,-2,15,0,0,0,0,0,0,0,0,0
2026-03-27 22:20:57.068,116.668,0,-2,15,0,0,0,0,0,0,0,0,0
2026-03-27 22:20:57.196,116.796,0,-2,14,0,0,0,0,0,0,0,0,0
2026-03-27 22:20:57.198,116.798,2,-2,14,0,0,0,0,0,0,0,0,0
2026-03-27 22:20:57.307,116.907,2,-2,14,0,0,0,0,0,0,0,0,0
2026-03-27 22:20:57.323,116.923,0,-2,14,0,0,0,0,0,0,0,0,0
2026-03-27 22:20:57.436,117.036,0,-2,14,0,0,0,0,0,0,0,0,0
2026-03-27 22:20:57.564,117.164,0,-3,14,0,0,0,0,0,0,0,0,0
2026-03-27 22:20:57.596,117.195,0,-2,14,0,0,0,0,0,0,0,0,0
2026-03-27 22:20:57.707,117.307,0,-2,14,0,0,0,0,0,0,0,0,0
2026-03-27 22:20:57.739,117.339,0,-2,15,0,0,0,0,0,0,0,0,0
2026-03-27 22:20:57.867,117.467,0,-2,14,0,0,0,0,0,0,0,0,0
2026-03-27 22:20:58.027,117.627,2,-2,14,0,0,0,0,0,0,0,0,0
2026-03-27 22:20:58.075,117.675,0,-2,14,0,0,0,0,0,0,0,0,0
2026-03-27 22:20:58.155,117.755,0,-2,14,0,0,0,0,0,0,0,0,0
2026-03-27 22:20:58.267,117.867,2,-2,14,0,0,0,0,0,0,0,0,0
2026-03-27 22:20:58.395,117.995,0,-2,14,0,0,0,0,0,0,0,0,0
2026-03-27 22:20:58.411,118.011,0,-2,15,0,0,0,0,0,0,0,0,0
2026-03-27 22:20:58.587,118.187,0,-2,15,0,0,0,0,0,0,0,0,0
2026-03-27 22:20:58.715,118.314,2,-2,14,0,0,0,0,0,0,0,0,0
2026-03-27 22:20:58.731,118.331,2,-2,14,0,0,0,0,0,0,0,0,0
2026-03-27 22:20:58.732,118.332,2,-2,0,0,0,0,0,0,0,0,0,0
2026-03-27 22:20:58.734,118.333,0,-3,14,0,0,0,0,0,0,0,0,0
2026-03-27 22:20:58.747,118.347,0,-2,14,0,0,0,0,0,0,0,0,0
2026-03-27 22:20:58.748,118.348,0,-2,0,0,0,0,0,0,0,0,0,0
2026-03-27 22:20:58.749,118.349,0,-2,14,0,0,0,0,0,0,0,0,0
2026-03-27 22:20:58.875,118.475,0,-2,14,0,0,0,0,0,0,0,0,0
2026-03-27 22:20:58.907,118.507,2,-2,14,0,0,0,0,0,0,0,0,0
2026-03-27 22:20:59.003,118.603,0,-2,14,0,0,0,0,0,0,0,0,0
2026-03-27 22:20:59.179,118.779,2,-2,14,0,0,0,0,0,0,0,0,0
2026-03-27 22:20:59.227,118.826,3,-2,14,0,0,0,0,0,0,0,0,0
2026-03-27 22:20:59.242,118.842,3,-2,14,0,0,0,0,0,0,0,0,0
2026-03-27 22:20:59.245,118.845,1,-2,14,0,0,0,0,0,0,0,0,0
2026-03-27 22:20:59.355,118.954,0,-2,14,0,0,0,0,0,0,0,0,0
2026-03-27 22:20:59.403,119.003,0,-3,15,0,0,0,0,0,0,0,0,0
2026-03-27 22:20:59.405,119.005,0,-1,16,0,0,0,0,0,0,0,0,0
2026-03-27 22:20:59.515,119.115,0,-2,14,0,0,0,0,0,0,0,0,0
2026-03-27 22:20:59.723,119.322,0,-2,15,0,0,0,0,0,0,0,0,0
2026-03-27 22:20:59.771,119.371,0,-2,15,0,0,0,0,0,0,0,0,0
2026-03-27 22:20:59.835,119.434,0,-2,15,0,0,0,0,0,0,0,0,0
2026-03-27 22:20:59.931,119.531,0,-2,14,0,0,0,0,0,0,0,0,0
2026-03-27 22:20:59.933,119.533,0,-2,15,0,0,0,0,0,0,0,0,0
2026-03-27 22:21:00.043,119.643,0,-2,15,0,0,0,0,0,0,0,0,0
2026-03-27 22:21:00.235,119.835,0,-2,14,0,0,0,0,0,0,0,0,0
2026-03-27 22:21:00.300,119.899,0,-2,15,0,0,0,0,0,0,0,0,0
2026-03-27 22:21:00.380,119.979,0,-2,14,0,0,0,0,0,0,0,0,0
2026-03-27 22:21:00.475,120.075,0,-2,15,0,0,0,0,0,0,0,0,0
2026-03-27 22:21:00.619,120.219,0,-2,14,0,0,0,0,0,0,0,0,0
2026-03-27 22:21:00.779,120.379,0,-2,15,0,0,0,0,0,0,0,0,0
2026-03-27 22:21:00.875,120.475,0,-2,15,0,0,0,0,0,0,0,0,0
2026-03-27 22:21:01.099,120.699,0,-2,15,0,0,0,0,0,0,0,0,0
2026-03-27 22:21:01.116,120.716,0,-2,15,0,0,0,0,0,0,0,0,0
2026-03-27 22:21:01.195,120.795,0,-2,14,0,0,0,0,0,0,0,0,0
2026-03-27 22:21:01.339,120.939,0,-2,14,0,0,0,0,0,0,0,0,0
2026-03-27 22:21:01.387,120.987,0,-2,14,0,0,0,0,0,0,0,0,0
2026-03-27 22:21:01.483,121.083,0,-2,14,0,0,0,0,0,0,0,0,0
2026-03-27 22:21:01.595,121.195,0,-2,14,0,0,0,0,0,0,0,0,0
2026-03-27 22:21:01.596,121.196,0,-2,14,0,0,0,0,0,0,0,0,0
2026-03-27 22:21:01.659,121.259,0,-2,14,0,0,0,0,0,0,0,0,0
2026-03-27 22:21:02.026,121.626,0,-2,14,0,0,0,0,0,0,0,0,0
2026-03-27 22:21:02.107,121.707,0,-2,14,0,0,0,0,0,0,0,0,0
2026-03-27 22:21:02.187,121.787,0,-2,14,0,0,0,0,0,0,0,0,0
2026-03-27 22:21:02.331,121.931,0,-2,15,0,0,0,0,0,0,0,0,0
2026-03-27 22:21:02.363,121.963,0,-2,14,0,0,0,0,0,0,0,0,0
2026-03-27 22:21:02.507,122.107,0,-2,14,0,0,0,0,0,0,0,0,0
2026-03-27 22:21:02.572,122.172,0,-2,14,0,0,0,0,0,0,0,0,0
2026-03-27 22:21:02.651,122.251,0,-2,15,0,0,0,0,0,0,0,0,0
2026-03-27 22:21:02.667,122.267,0,-2,15,0,0,0,0,0,0,0,0,0
2026-03-27 22:21:02.747,122.347,0,-2,14,0,0,0,0,0,0,0,0,0
2026-03-27 22:21:02.891,122.491,0,-2,14,0,0,0,0,0,0,0,0,0
2026-03-27 22:21:03.035,122.635,0,-2,14,0,0,0,0,0,0,0,0,0
2026-03-27 22:21:03.099,122.699,0,-2,14,0,0,0,0,0,0,0,0,0
2026-03-27 22:21:03.100,122.700,0,-2,14,0,0,0,0,0,0,0,0,0
2026-03-27 22:21:03.102,122.702,0,-2,15,0,0,0,0,0,0,0,0,0
2026-03-27 22:21:03.387,122.987,0,-2,14,0,0,0,0,0,0,0,0,0
2026-03-27 22:21:03.532,123.131,0,-2,14,0,0,0,0,0,0,0,0,0
2026-03-27 22:21:03.611,123.211,0,-2,14,0,0,0,0,0,0,0,0,0
2026-03-27 22:21:03.755,123.355,0,-2,14,0,0,0,0,0,0,0,0,0
2026-03-27 22:21:03.758,123.358,2,-2,14,0,0,0,0,0,0,0,0,0
2026-03-27 22:21:03.803,123.403,2,-2,14,0,0,0,0,0,0,0,0,0
2026-03-27 22:21:03.963,123.563,0,-2,14,0,0,0,0,0,0,0,0,0
2026-03-27 22:21:03.964,123.564,0,-1,15,0,0,0,0,0,0,0,0,0
2026-03-27 22:21:03.966,123.566,0,-2,14,0,0,0,0,0,0,0,0,0
2026-03-27 22:21:04.075,123.675,0,-2,15,0,0,0,0,0,0,0,0,0
2026-03-27 22:21:04.186,123.786,0,-2,14,0,0,0,0,0,0,0,0,0
2026-03-27 22:21:04.347,123.946,0,-2,14,0,0,0,0,0,0,0,0,0
2026-03-27 22:21:04.348,123.948,0,-2,14,0,0,0,0,0,0,0,0,0
2026-03-27 22:21:04.378,123.978,0,-2,14,0,0,0,0,0,0,0,0,0
2026-03-27 22:21:04.380,123.980,0,-2,15,0,0,0,0,0,0,0,0,0
2026-03-27 22:21:04.474,124.074,0,-5,15,0,0,0,0,0,0,0,0,0
2026-03-27 22:21:04.476,124.076,0,-5,15,0,0,0,0,0,0,0,0,0
2026-03-27 22:21:04.491,124.091,0,-1,14,0,0,0,0,0,0,0,0,0
2026-03-27 22:21:04.571,124.171,0,-2,15,0,0,0,0,0,0,0,0,0
2026-03-27 22:21:04.715,124.315,0,-2,14,0,0,0,0,0,0,0,0,0
2026-03-27 22:21:04.843,124.443,0,-2,14,0,0,0,0,0,0,0,0,0
2026-03-27 22:21:04.923,124.522,0,-2,15,0,0,0,0,0,0,0,0,0
2026-03-27 22:21:04.925,124.525,0,-2,14,0,0,0,0,0,0,0,0,0
2026-03-27 22:21:05.019,124.619,0,-2,15,0,0,0,0,0,0,0,0,0
2026-03-27 22:21:05.131,124.731,0,-2,14,0,0,0,0,0,0,0,0,0
2026-03-27 22:21:05.148,124.748,0,-2,14,0,0,0,0,0,0,0,0,0
2026-03-27 22:21:05.402,125.002,0,-2,14,0,0,0,0,0,0,0,0,0
2026-03-27 22:21:05.499,125.099,0,-2,15,0,0,0,0,0,0,0,0,0
2026-03-27 22:21:05.611,125.211,0,-2,14,0,0,0,0,0,0,0,0,0
2026-03-27 22:21:05.612,125.212,0,-2,15,0,0,0,0,0,0,0,0,0
2026-03-27 22:21:05.614,125.214,3,-2,14,0,0,0,0,0,0,0,0,0
2026-03-27 22:21:05.675,125.275,2,-2,14,0,0,0,0,0,0,0,0,0
2026-03-27 22:21:05.676,125.275,3,-2,15,0,0,0,0,0,0,0,0,0
2026-03-27 22:21:05.691,125.291,0,-2,14,0,0,0,0,0,0,0,0,0
2026-03-27 22:21:05.739,125.339,0,-2,15,0,0,0,0,0,0,0,0,0
2026-03-27 22:21:05.756,125.356,3,-2,15,0,0,0,0,0,0,0,0,0
2026-03-27 22:21:05.883,125.483,0,-2,15,0,0,0,0,0,0,0,0,0
2026-03-27 22:21:05.979,125.578,0,-2,15,0,0,0,0,0,0,0,0,0
2026-03-27 22:21:06.091,125.691,0,-2,14,0,0,0,0,0,0,0,0,0
2026-03-27 22:21:06.203,125.802,0,-2,14,0,0,0,0,0,0,0,0,0
2026-03-27 22:21:06.219,125.819,0,-2,14,0,0,0,0,0,0,0,0,0
2026-03-27 22:21:06.221,125.821,0,-2,14,0,0,0,0,0,0,0,0,0
2026-03-27 22:21:06.283,125.883,0,-2,14,0,0,0,0,0,0,0,0,0
2026-03-27 22:21:06.362,125.962,0,-2,15,0,0,0,0,0,0,0,0,0
2026-03-27 22:21:06.379,125.979,0,-2,14,0,0,0,0,0,0,0,0,0
2026-03-27 22:21:06.427,126.027,0,-2,15,0,0,0,0,0,0,0,0,0
2026-03-27 22:21:06.603,126.203,2,-2,14,0,0,0,0,0,0,0,0,0
2026-03-27 22:21:06.606,126.206,0,-2,14,0,0,0,0,0,0,0,0,0
2026-03-27 22:21:06.859,126.459,0,-2,14,0,0,0,0,0,0,0,0,0
2026-03-27 22:21:06.970,126.570,3,-2,15,0,0,0,0,0,0,0,0,0
2026-03-27 22:21:07.082,126.682,0,-2,15,0,0,0,0,0,0,0,0,0
2026-03-27 22:21:07.211,126.811,0,-2,15,0,0,0,0,0,0,0,0,0
2026-03-27 22:21:07.323,126.923,0,-2,15,0,0,0,0,0,0,0,0,0
2026-03-27 22:21:07.386,126.986,3,-1,15,0,0,0,0,0,0,0,0,0
2026-03-27 22:21:07.387,126.987,3,-2,15,0,0,0,0,0,0,0,0,0
2026-03-27 22:21:07.467,127.067,0,-2,15,0,0,0,0,0,0,0,0,0
2026-03-27 22:21:07.645,127.245,2,-1,16,0,0,0,0,0,0,0,0,0
2026-03-27 22:21:07.803,127.403,0,-2,14,0,0,0,0,0,0,0,0,0
2026-03-27 22:21:07.819,127.418,2,-2,14,0,0,0,0,0,0,0,0,0
2026-03-27 22:21:07.867,127.467,2,-2,14,0,0,0,0,0,0,0,0,0
2026-03-27 22:21:07.883,127.483,2,-2,14,0,0,0,0,0,0,0,0,0
2026-03-27 22:21:07.995,127.595,2,-2,14,0,0,0,0,0,0,0,0,0
2026-03-27 22:21:08.139,127.739,0,-2,14,0,0,0,0,0,0,0,0,0
2026-03-27 22:21:08.142,127.742,0,-2,14,0,0,0,0,0,0,0,0,0
2026-03-27 22:21:08.219,127.819,0,-3,14,0,0,0,0,0,0,0,0,0
2026-03-27 22:21:08.314,127.914,0,-2,14,0,0,0,0,0,0,0,0,0
2026-03-27 22:21:08.411,128.011,0,-2,15,0,0,0,0,0,0,0,0,0
2026-03-27 22:21:08.491,128.091,0,-2,15,0,0,0,0,0,0,0,0,0
2026-03-27 22:21:08.554,128.154,2,-2,15,0,0,0,0,0,0,0,0,0
2026-03-27 22:21:08.557,128.157,0,-2,14,0,0,0,0,0,0,0,0,0
2026-03-27 22:21:08.651,128.251,2,-2,14,0,0,0,0,0,0,0,0,0
2026-03-27 22:21:08.779,128.379,0,-2,14,0,0,0,0,0,0,0,0,0
2026-03-27 22:21:08.858,128.458,0,-2,14,0,0,0,0,0,0,0,0,0
2026-03-27 22:21:08.861,128.461,0,-2,14,0,0,0,0,0,0,0,0,0
2026-03-27 22:21:09.034,128.634,0,-2,14,0,0,0,0,0,0,0,0,0
2026-03-27 22:21:09.037,128.637,0,-2,14,0,0,0,0,0,0,0,0,0
2026-03-27 22:21:09.099,128.699,0,-2,15,0,0,0,0,0,0,0,0,0
2026-03-27 22:21:09.195,128.795,0,-3,14,0,0,0,0,0,0,0,0,0
2026-03-27 22:21:09.197,128.797,0,-2,15,0,0,0,0,0,0,0,0,0
2026-03-27 22:21:09.291,128.891,0,-2,14,0,0,0,0,0,0,0,0,0
2026-03-27 22:21:09.371,128.971,0,-2,14,0,0,0,0,0,0,0,0,0
2026-03-27 22:21:09.483,129.083,2,-2,14,0,0,0,0,0,0,0,0,0
2026-03-27 22:21:09.563,129.163,0,-2,14,0,0,0,0,0,0,0,0,0
2026-03-27 22:21:09.642,129.242,0,-2,15,0,0,0,0,0,0,0,0,0
2026-03-27 22:21:09.643,129.243,0,-2,14,0,0,0,0,0,0,0,0,0
2026-03-27 22:21:09.754,129.354,0,-2,15,0,0,0,0,0,0,0,0,0
2026-03-27 22:21:09.770,129.370,0,-2,15,0,0,0,0,0,0,0,0,0
2026-03-27 22:21:09.978,129.578,0,-2,15,0,0,0,0,0,0,0,0,0
2026-03-27 22:21:09.994,129.594,0,-2,14,0,0,0,0,0,0,0,0,0
2026-03-27 22:21:10.106,129.706,0,-2,15,0,0,0,0,0,0,0,0,0
2026-03-27 22:21:10.108,129.708,0,-1,15,0,0,0,0,0,0,0,0,0
2026-03-27 22:21:10.186,129.786,2,-2,15,0,0,0,0,0,0,0,0,0
2026-03-27 22:21:10.188,129.788,3,-2,14,0,0,0,0,0,0,0,0,0
2026-03-27 22:21:10.331,129.931,0,-2,14,0,0,0,0,0,0,0,0,0
2026-03-27 22:21:10.333,129.933,0,-2,15,0,0,0,0,0,0,0,0,0
2026-03-27 22:21:10.443,130.043,0,-2,14,0,0,0,0,0,0,0,0,0
2026-03-27 22:21:10.538,130.138,0,-2,14,0,0,0,0,0,0,0,0,0
2026-03-27 22:21:10.540,130.139,0,-2,14,0,0,0,0,0,0,0,0,0
2026-03-27 22:21:10.555,130.155,0,-2,14,0,0,0,0,0,0,0,0,0
2026-03-27 22:21:10.634,130.234,0,-2,14,0,0,0,0,0,0,0,0,0
2026-03-27 22:21:10.762,130.362,2,-2,11,0,0,0,0,0,0,0,0,0
2026-03-27 22:21:10.875,130.474,2,-2,14,0,0,0,0,0,0,0,0,0
2026-03-27 22:21:10.971,130.571,2,-2,14,0,0,0,0,0,0,0,0,0
2026-03-27 22:21:11.099,130.699,3,-2,15,0,0,0,0,0,0,0,0,0
2026-03-27 22:21:11.146,130.746,2,-2,15,0,0,0,0,0,0,0,0,0
2026-03-27 22:21:11.323,130.922,2,-2,14,0,0,0,0,0,0,0,0,0
2026-03-27 22:21:11.324,130.924,3,-2,15,0,0,0,0,0,0,0,0,0
2026-03-27 22:21:11.325,130.925,0,-2,14,0,0,0,0,0,0,0,0,0
2026-03-27 22:21:11.403,131.003,0,-2,14,0,0,0,0,0,0,0,0,0
2026-03-27 22:21:11.547,131.147,0,-2,14,0,0,0,0,0,0,0,0,0
2026-03-27 22:21:11.658,131.258,0,-2,14,0,0,0,0,0,0,0,0,0
2026-03-27 22:21:11.770,131.370,0,-2,14,0,0,0,0,0,0,0,0,0
2026-03-27 22:21:11.772,131.372,0,-2,15,0,0,0,0,0,0,0,0,0
2026-03-27 22:21:11.898,131.498,0,-2,14,0,0,0,0,0,0,0,0,0
2026-03-27 22:21:11.914,131.514,0,-2,14,0,0,0,0,0,0,0,0,0
2026-03-27 22:21:12.042,131.642,0,-2,14,0,0,0,0,0,0,0,0,0
2026-03-27 22:21:12.154,131.754,0,-2,14,0,0,0,0,0,0,0,0,0
2026-03-27 22:21:12.155,131.755,3,-1,15,0,0,0,0,0,0,0,0,0
2026-03-27 22:21:12.157,131.757,0,-2,14,0,0,0,0,0,0,0,0,0
2026-03-27 22:21:12.235,131.835,0,-3,14,0,0,0,0,0,0,0,0,0
2026-03-27 22:21:12.330,131.930,0,-2,14,0,0,0,0,0,0,0,0,0
2026-03-27 22:21:12.458,132.058,0,-2,15,0,0,0,0,0,0,0,0,0
2026-03-27 22:21:12.460,132.059,0,-2,14,0,0,0,0,0,0,0,0,0
2026-03-27 22:21:12.570,132.170,0,-2,15,0,0,0,0,0,0,0,0,0
2026-03-27 22:21:12.682,132.282,3,-2,15,0,0,0,0,0,0,0,0,0
2026-03-27 22:21:12.698,132.298,3,-2,15,0,0,0,0,0,0,0,0,0
2026-03-27 22:21:12.763,132.363,2,-2,14,0,0,0,0,0,0,0,0,0
2026-03-27 22:21:12.925,132.525,0,-2,15,0,0,0,0,0,0,0,0,0
2026-03-27 22:21:13.066,132.666,0,-2,15,0,0,0,0,0,0,0,0,0
2026-03-27 22:21:13.115,132.714,0,-5,15,0,0,0,0,0,0,0,0,0
2026-03-27 22:21:13.116,132.716,0,-4,15,0,0,0,0,0,0,0,0,0
2026-03-27 22:21:13.274,132.874,0,-2,14,0,0,0,0,0,0,0,0,0
2026-03-27 22:21:13.276,132.876,0,-2,14,0,0,0,0,0,0,0,0,0
2026-03-27 22:21:13.387,132.987,3,-2,15,0,0,0,0,0,0,0,0,0
2026-03-27 22:21:13.388,132.988,2,-2,15,0,0,0,0,0,0,0,0,0
2026-03-27 22:21:13.390,132.990,0,-2,15,0,0,0,0,0,0,0,0,0
2026-03-27 22:21:13.434,133.034,0,-2,15,0,0,0,0,0,0,0,0,0
2026-03-27 22:21:13.546,133.146,0,-2,14,0,0,0,0,0,0,0,0,0
2026-03-27 22:21:13.548,133.148,3,-2,15,0,0,0,0,0,0,0,0,0
2026-03-27 22:21:13.658,133.258,2,-2,14,0,0,0,0,0,0,0,0,0
2026-03-27 22:21:13.754,133.354,0,-2,15,0,0,0,0,0,0,0,0,0
2026-03-27 22:21:13.770,133.370,0,-2,14,0,0,0,0,0,0,0,0,0
2026-03-27 22:21:13.867,133.466,0,-2,15,0,0,0,0,0,0,0,0,0
2026-03-27 22:21:13.995,133.595,0,-2,14,0,0,0,0,0,0,0,0,0
2026-03-27 22:21:14.090,133.690,2,-2,14,0,0,0,0,0,0,0,0,0
2026-03-27 22:21:14.186,133.786,0,-5,14,0,0,0,0,0,0,0,0,0
2026-03-27 22:21:14.298,133.898,2,-2,14,0,0,0,0,0,0,0,0,0
2026-03-27 22:21:14.411,134.011,2,-2,12,0,0,0,0,0,0,0,0,0
2026-03-27 22:21:14.413,134.013,0,-2,14,0,0,0,0,0,0,0,0,0
2026-03-27 22:21:14.555,134.155,2,-2,14,0,0,0,0,0,0,0,0,0
2026-03-27 22:21:14.666,134.266,2,-2,14,0,0,0,0,0,0,0,0,0
2026-03-27 22:21:14.668,134.268,3,-2,14,0,0,0,0,0,0,0,0,0
2026-03-27 22:21:14.714,134.314,2,-2,14,0,0,0,0,0,0,0,0,0
2026-03-27 22:21:14.810,134.410,0,-2,14,0,0,0,0,0,0,0,0,0
2026-03-27 22:21:14.874,134.474,0,-1,14,0,0,0,0,0,0,0,0,0
2026-03-27 22:21:14.875,134.475,0,-2,14,0,0,0,0,0,0,0,0,0
2026-03-27 22:21:14.877,134.477,0,-2,14,0,0,0,0,0,0,0,0,0
2026-03-27 22:21:14.971,134.570,0,-2,14,0,0,0,0,0,0,0,0,0
2026-03-27 22:21:15.146,134.746,2,-2,14,0,0,0,0,0,0,0,0,0
2026-03-27 22:21:15.162,134.762,2,-3,14,0,0,0,0,0,0,0,0,0
2026-03-27 22:21:15.274,134.874,3,-2,14,0,0,0,0,0,0,0,0,0
2026-03-27 22:21:15.275,134.875,3,-2,15,0,0,0,0,0,0,0,0,0
2026-03-27 22:21:15.290,134.890,0,-2,14,0,0,0,0,0,0,0,0,0
2026-03-27 22:21:15.338,134.938,2,-2,14,0,0,0,0,0,0,0,0,0
2026-03-27 22:21:15.386,134.986,0,-2,14,0,0,0,0,0,0,0,0,0
2026-03-27 22:21:15.482,135.082,2,-2,14,0,0,0,0,0,0,0,0,0
2026-03-27 22:21:15.642,135.242,0,-2,14,0,0,0,0,0,0,0,0,0
2026-03-27 22:21:15.659,135.259,0,-2,14,0,0,0,0,0,0,0,0,0
2026-03-27 22:21:15.738,135.338,0,-2,14,0,0,0,0,0,0,0,0,0
2026-03-27 22:21:15.898,135.498,0,-2,14,0,0,0,0,0,0,0,0,0
2026-03-27 22:21:16.010,135.610,0,-2,14,0,0,0,0,0,0,0,0,0
2026-03-27 22:21:16.074,135.674,2,-2,14,0,0,0,0,0,0,0,0,0
2026-03-27 22:21:16.202,135.802,0,-2,14,0,0,0,0,0,0,0,0,0
2026-03-27 22:21:16.203,135.803,0,-2,15,0,0,0,0,0,0,0,0,0
2026-03-27 22:21:16.331,135.931,0,-2,15,0,0,0,0,0,0,0,0,0
2026-03-27 22:21:16.458,136.058,0,-2,15,0,0,0,0,0,0,0,0,0
2026-03-27 22:21:16.538,136.138,0,-2,14,0,0,0,0,0,0,0,0,0
2026-03-27 22:21:16.540,136.140,0,-2,15,0,0,0,0,0,0,0,0,0
2026-03-27 22:21:16.602,136.202,0,-2,14,0,0,0,0,0,0,0,0,0
2026-03-27 22:21:16.762,136.362,0,-2,14,0,0,0,0,0,0,0,0,0
2026-03-27 22:21:16.780,136.380,0,-2,14,0,0,0,0,0,0,0,0,0
2026-03-27 22:21:16.842,136.442,0,-1,14,0,0,0,0,0,0,0,0,0
2026-03-27 22:21:16.890,136.490,0,-2,15,0,0,0,0,0,0,0,0,0
2026-03-27 22:21:16.907,136.506,0,-2,14,0,0,0,0,0,0,0,0,0
2026-03-27 22:21:17.050,136.650,0,-2,14,0,0,0,0,0,0,0,0,0
2026-03-27 22:21:17.052,136.652,0,-5,14,0,0,0,0,0,0,0,0,0
2026-03-27 22:21:17.162,136.762,0,-5,14,0,0,0,0,0,0,0,0,0
2026-03-27 22:21:17.258,136.858,0,-2,14,0,0,0,0,0,0,0,0,0
2026-03-27 22:21:17.322,136.922,0,-2,14,0,0,0,0,0,0,0,0,0
2026-03-27 22:21:17.323,136.923,0,-2,14,0,0,0,0,0,0,0,0,0
2026-03-27 22:21:17.435,137.034,2,-2,14,0,0,0,0,0,0,0,0,0
2026-03-27 22:21:17.642,137.242,0,-2,14,0,0,0,0,0,0,0,0,0
2026-03-27 22:21:17.786,137.386,0,-2,14,0,0,0,0,0,0,0,0,0
2026-03-27 22:21:17.898,137.498,0,-4,14,0,0,0,0,0,0,0,0,0
2026-03-27 22:21:17.995,137.594,2,-2,14,0,0,0,0,0,0,0,0,0
2026-03-27 22:21:18.011,137.611,0,-2,14,0,0,0,0,0,0,0,0,0
2026-03-27 22:21:18.202,137.802,0,-2,14,0,0,0,0,0,0,0,0,0
2026-03-27 22:21:18.283,137.882,0,-2,14,0,0,0,0,0,0,0,0,0
2026-03-27 22:21:18.299,137.899,0,-2,15,0,0,0,0,0,0,0,0,0
2026-03-27 22:21:18.427,138.027,0,-2,15,0,0,0,0,0,0,0,0,0
2026-03-27 22:21:18.429,138.029,0,-2,15,0,0,0,0,0,0,0,0,0
2026-03-27 22:21:18.523,138.123,0,-2,14,0,0,0,0,0,0,0,0,0
2026-03-27 22:21:18.667,138.267,0,-5,15,0,0,0,0,0,0,0,0,0
2026-03-27 22:21:18.747,138.346,0,-2,14,0,0,0,0,0,0,0,0,0
2026-03-27 22:21:18.749,138.349,3,-2,15,0,0,0,0,0,0,0,0,0
2026-03-27 22:21:18.842,138.442,2,-2,14,0,0,0,0,0,0,0,0,0
2026-03-27 22:21:18.844,138.444,0,-2,14,0,0,0,0,0,0,0,0,0
2026-03-27 22:21:18.939,138.539,0,-2,14,0,0,0,0,0,0,0,0,0
2026-03-27 22:21:19.018,138.618,0,-2,15,0,0,0,0,0,0,0,0,0
2026-03-27 22:21:19.162,138.762,0,-2,15,0,0,0,0,0,0,0,0,0
2026-03-27 22:21:19.177,138.777,0,-2,14,0,0,0,0,0,0,0,0,0
2026-03-27 22:21:19.179,138.779,0,-2,14,0,0,0,0,0,0,0,0,0
2026-03-27 22:21:19.181,138.781,0,-2,14,0,0,0,0,0,0,0,0,0
2026-03-27 22:21:19.418,139.018,0,-2,14,0,0,0,0,0,0,0,0,0
2026-03-27 22:21:19.514,139.114,0,-3,14,0,0,0,0,0,0,0,0,0
2026-03-27 22:21:19.626,139.226,0,-2,14,0,0,0,0,0,0,0,0,0
2026-03-27 22:21:19.754,139.354,0,-2,15,0,0,0,0,0,0,0,0,0
2026-03-27 22:21:19.834,139.434,0,-2,14,0,0,0,0,0,0,0,0,0
2026-03-27 22:21:19.962,139.562,0,-2,14,0,0,0,0,0,0,0,0,0
2026-03-27 22:21:20.058,139.658,0,-2,15,0,0,0,0,0,0,0,0,0
2026-03-27 22:21:20.234,139.834,0,-2,12,0,0,0,0,0,0,0,0,0
2026-03-27 22:21:20.251,139.851,0,-2,15,0,0,0,0,0,0,0,0,0
2026-03-27 22:21:20.314,139.914,0,-2,15,0,0,0,0,0,0,0,0,0
2026-03-27 22:21:20.458,140.058,0,-2,14,0,0,0,0,0,0,0,0,0
2026-03-27 22:21:20.507,140.106,0,-2,15,0,0,0,0,0,0,0,0,0
2026-03-27 22:21:20.522,140.122,0,-2,15,0,0,0,0,0,0,0,0,0
2026-03-27 22:21:20.618,140.218,0,-2,15,0,0,0,0,0,0,0,0,0
2026-03-27 22:21:20.714,140.314,0,-2,14,0,0,0,0,0,0,0,0,0
2026-03-27 22:21:20.810,140.410,0,-2,14,0,0,0,0,0,0,0,0,0
2026-03-27 22:21:20.922,140.522,0,-2,15,0,0,0,0,0,0,0,0,0
2026-03-27 22:21:20.986,140.586,0,-2,15,0,0,0,0,0,0,0,0,0
2026-03-27 22:21:21.130,140.730,0,-2,15,0,0,0,0,0,0,0,0,0
2026-03-27 22:21:21.131,140.731,0,-2,15,0,0,0,0,0,0,0,0,0
2026-03-27 22:21:21.242,140.842,0,-2,14,0,0,0,0,0,0,0,0,0
2026-03-27 22:21:21.274,140.874,0,-2,14,0,0,0,0,0,0,0,0,0
2026-03-27 22:21:21.402,141.002,0,-2,15,0,0,0,0,0,0,0,0,0
2026-03-27 22:21:21.466,141.066,0,-2,15,0,0,0,0,0,0,0,0,0
2026-03-27 22:21:21.578,141.178,0,-2,15,0,0,0,0,0,0,0,0,0
2026-03-27 22:21:21.625,141.225,0,-2,14,0,0,0,0,0,0,0,0,0
2026-03-27 22:21:21.627,141.227,0,-2,15,0,0,0,0,0,0,0,0,0
2026-03-27 22:21:21.642,141.242,0,-2,14,0,0,0,0,0,0,0,0,0
2026-03-27 22:21:21.754,141.354,0,-2,14,0,0,0,0,0,0,0,0,0
2026-03-27 22:21:21.914,141.514,0,-2,15,0,0,0,0,0,0,0,0,0
2026-03-27 22:21:22.057,141.657,0,-2,15,0,0,0,0,0,0,0,0,0
2026-03-27 22:21:22.059,141.659,1,-1,15,0,0,0,0,0,0,0,0,0
2026-03-27 22:21:22.234,141.834,0,-2,14,0,0,0,0,0,0,0,0,0
2026-03-27 22:21:22.282,141.881,0,-2,14,0,0,0,0,0,0,0,0,0
2026-03-27 22:21:22.410,142.010,0,-2,14,0,0,0,0,0,0,0,0,0
2026-03-27 22:21:22.506,142.106,0,-2,14,0,0,0,0,0,0,0,0,0
2026-03-27 22:21:22.617,142.217,0,-2,14,0,0,0,0,0,0,0,0,0
2026-03-27 22:21:22.619,142.219,0,-2,14,0,0,0,0,0,0,0,0,0
2026-03-27 22:21:22.731,142.330,0,-2,14,0,0,0,0,0,0,0,0,0
2026-03-27 22:21:22.890,142.490,0,-2,15,0,0,0,0,0,0,0,0,0
2026-03-27 22:21:22.937,142.537,0,-2,15,0,0,0,0,0,0,0,0,0
2026-03-27 22:21:22.954,142.554,0,-1,14,0,0,0,0,0,0,0,0,0
2026-03-27 22:21:23.130,142.730,0,-2,15,0,0,0,0,0,0,0,0,0
2026-03-27 22:21:23.242,142.842,0,-5,14,0,0,0,0,0,0,0,0,0
2026-03-27 22:21:23.274,142.873,0,-2,14,0,0,0,0,0,0,0,0,0
2026-03-27 22:21:23.450,143.049,0,-3,14,0,0,0,0,0,0,0,0,0
2026-03-27 22:21:23.561,143.161,0,-5,15,0,0,0,0,0,0,0,0,0
2026-03-27 22:21:23.674,143.274,0,-2,15,0,0,0,0,0,0,0,0,0
2026-03-27 22:21:23.754,143.353,0,-2,14,0,0,0,0,0,0,0,0,0
2026-03-27 22:21:23.818,143.417,0,-2,15,0,0,0,0,0,0,0,0,0
2026-03-27 22:21:23.962,143.562,0,-2,15,0,0,0,0,0,0,0,0,0
2026-03-27 22:21:23.965,143.565,0,-2,15,0,0,0,0,0,0,0,0,0
2026-03-27 22:21:24.058,143.658,0,-2,15,0,0,0,0,0,0,0,0,0
2026-03-27 22:21:24.074,143.674,0,-1,15,0,0,0,0,0,0,0,0,0
2026-03-27 22:21:24.218,143.818,0,-2,15,0,0,0,0,0,0,0,0,0
2026-03-27 22:21:24.219,143.819,0,-2,15,0,0,0,0,0,0,0,0,0
2026-03-27 22:21:24.298,143.898,0,-2,12,0,0,0,0,0,0,0,0,0
2026-03-27 22:21:24.409,144.009,0,-2,15,0,0,0,0,0,0,0,0,0
2026-03-27 22:21:24.411,144.011,0,-2,14,0,0,0,0,0,0,0,0,0
2026-03-27 22:21:24.414,144.013,0,-2,14,0,0,0,0,0,0,0,0,0
2026-03-27 22:21:24.490,144.090,0,-2,14,0,0,0,0,0,0,0,0,0
2026-03-27 22:21:24.554,144.153,0,-2,14,0,0,0,0,0,0,0,0,0
2026-03-27 22:21:24.555,144.155,0,-2,15,0,0,0,0,0,0,0,0,0
2026-03-27 22:21:24.665,144.265,2,-2,15,0,0,0,0,0,0,0,0,0
2026-03-27 22:21:24.858,144.457,0,-2,14,0,0,0,0,0,0,0,0,0
2026-03-27 22:21:24.921,144.521,0,-2,14,0,0,0,0,0,0,0,0,0
2026-03-27 22:21:25.002,144.602,0,-2,15,0,0,0,0,0,0,0,0,0
2026-03-27 22:21:25.114,144.714,0,-2,14,0,0,0,0,0,0,0,0,0
2026-03-27 22:21:25.130,144.730,0,-1,15,0,0,0,0,0,0,0,0,0
2026-03-27 22:21:25.131,144.731,0,-2,14,0,0,0,0,0,0,0,0,0
2026-03-27 22:21:25.258,144.857,0,-2,14,0,0,0,0,0,0,0,0,0
2026-03-27 22:21:25.354,144.954,0,-2,15,0,0,0,0,0,0,0,0,0
2026-03-27 22:21:25.417,145.017,0,-2,14,0,0,0,0,0,0,0,0,0
2026-03-27 22:21:25.578,145.178,0,-2,14,0,0,0,0,0,0,0,0,0
2026-03-27 22:21:25.626,145.225,0,-2,15,0,0,0,0,0,0,0,0,0
2026-03-27 22:21:25.786,145.386,0,-2,14,0,0,0,0,0,0,0,0,0
2026-03-27 22:21:25.834,145.433,0,-2,14,0,0,0,0,0,0,0,0,0
2026-03-27 22:21:25.835,145.435,0,-2,15,0,0,0,0,0,0,0,0,0
2026-03-27 22:21:25.836,145.436,0,-2,14,0,0,0,0,0,0,0,0,0
2026-03-27 22:21:25.946,145.545,0,-2,14,0,0,0,0,0,0,0,0,0
2026-03-27 22:21:26.025,145.625,0,-2,15,0,0,0,0,0,0,0,0,0
2026-03-27 22:21:26.138,145.738,0,-2,14,0,0,0,0,0,0,0,0,0
2026-03-27 22:21:26.250,145.850,0,-2,14,0,0,0,0,0,0,0,0,0
2026-03-27 22:21:26.251,145.851,0,-2,15,0,0,0,0,0,0,0,0,0
2026-03-27 22:21:26.394,145.993,0,-2,14,0,0,0,0,0,0,0,0,0
2026-03-27 22:21:26.395,145.995,0,-2,14,0,0,0,0,0,0,0,0,0
2026-03-27 22:21:26.397,145.997,0,-2,14,0,0,0,0,0,0,0,0,0
2026-03-27 22:21:26.474,146.074,0,-2,14,0,0,0,0,0,0,0,0,0
2026-03-27 22:21:26.585,146.185,0,-5,14,0,0,0,0,0,0,0,0,0
2026-03-27 22:21:26.682,146.281,0,-2,15,0,0,0,0,0,0,0,0,0
2026-03-27 22:21:26.794,146.394,0,-2,14,0,0,0,0,0,0,0,0,0
2026-03-27 22:21:26.970,146.570,0,-2,14,0,0,0,0,0,0,0,0,0
2026-03-27 22:21:26.971,146.571,0,-2,15,0,0,0,0,0,0,0,0,0
2026-03-27 22:21:27.033,146.633,0,-2,12,0,0,0,0,0,0,0,0,0
2026-03-27 22:21:27.129,146.729,0,-2,14,0,0,0,0,0,0,0,0,0
2026-03-27 22:21:27.194,146.793,0,-2,15,0,0,0,0,0,0,0,0,0
2026-03-27 22:21:27.196,146.796,0,-2,15,0,0,0,0,0,0,0,0,0
2026-03-27 22:21:27.257,146.857,0,-2,14,0,0,0,0,0,0,0,0,0
2026-03-27 22:21:27.353,146.953,0,-4,14,0,0,0,0,0,0,0,0,0
2026-03-27 22:21:27.355,146.955,0,-4,15,0,0,0,0,0,0,0,0,0
2026-03-27 22:21:27.546,147.146,0,-2,14,0,0,0,0,0,0,0,0,0
2026-03-27 22:21:27.609,147.209,0,-2,15,0,0,0,0,0,0,0,0,0
2026-03-27 22:21:27.690,147.290,0,-2,14,0,0,0,0,0,0,0,0,0
2026-03-27 22:21:27.691,147.291,0,-1,15,0,0,0,0,0,0,0,0,0
2026-03-27 22:21:27.693,147.292,0,-2,15,0,0,0,0,0,0,0,0,0
2026-03-27 22:21:27.770,147.370,0,-2,15,0,0,0,0,0,0,0,0,0
2026-03-27 22:21:27.930,147.530,0,-4,14,0,0,0,0,0,0,0,0,0
2026-03-27 22:21:28.041,147.641,0,-4,12,0,0,0,0,0,0,0,0,0
2026-03-27 22:21:28.122,147.722,0,-2,15,0,0,0,0,0,0,0,0,0
2026-03-27 22:21:28.234,147.834,0,-2,15,0,0,0,0,0,0,0,0,0
2026-03-27 22:21:28.282,147.882,0,-2,14,0,0,0,0,0,0,0,0,0
2026-03-27 22:21:28.409,148.009,0,-2,14,0,0,0,0,0,0,0,0,0
2026-03-27 22:21:28.411,148.010,0,-2,15,0,0,0,0,0,0,0,0,0
2026-03-27 22:21:28.522,148.122,0,-2,12,0,0,0,0,0,0,0,0,0
2026-03-27 22:21:28.650,148.250,0,-2,14,0,0,0,0,0,0,0,0,0
2026-03-27 22:21:28.746,148.346,0,-2,12,0,0,0,0,0,0,0,0,0
2026-03-27 22:21:28.874,148.473,0,-2,15,0,0,0,0,0,0,0,0,0
2026-03-27 22:21:28.876,148.476,0,-2,15,0,0,0,0,0,0,0,0,0
2026-03-27 22:21:28.970,148.570,0,-2,14,0,0,0,0,0,0,0,0,0
2026-03-27 22:21:29.162,148.761,0,-2,15,0,0,0,0,0,0,0,0,0
2026-03-27 22:21:29.257,148.857,0,-2,15,0,0,0,0,0,0,0,0,0
2026-03-27 22:21:29.386,148.986,0,-2,15,0,0,0,0,0,0,0,0,0
2026-03-27 22:21:29.402,149.002,0,-2,15,0,0,0,0,0,0,0,0,0
2026-03-27 22:21:29.434,149.033,0,-2,15,0,0,0,0,0,0,0,0,0
2026-03-27 22:21:29.594,149.194,0,-2,14,0,0,0,0,0,0,0,0,0
2026-03-27 22:21:29.689,149.289,0,-5,14,0,0,0,0,0,0,0,0,0
2026-03-27 22:21:29.737,149.337,0,-3,14,0,0,0,0,0,0,0,0,0
2026-03-27 22:21:29.739,149.338,0,-2,15,0,0,0,0,0,0,0,0,0
2026-03-27 22:21:29.865,149.465,0,-2,14,0,0,0,0,0,0,0,0,0
2026-03-27 22:21:29.993,149.593,0,-2,14,0,0,0,0,0,0,0,0,0
2026-03-27 22:21:29.996,149.596,0,-5,15,0,0,0,0,0,0,0,0,0
2026-03-27 22:21:30.074,149.673,0,-5,15,0,0,0,0,0,0,0,0,0
2026-03-27 22:21:30.202,149.802,0,-2,14,0,0,0,0,0,0,0,0,0
2026-03-27 22:21:30.282,149.882,0,-2,14,0,0,0,0,0,0,0,0,0
2026-03-27 22:21:30.458,150.057,0,-5,14,0,0,0,0,0,0,0,0,0
2026-03-27 22:21:30.506,150.106,0,-2,14,0,0,0,0,0,0,0,0,0
2026-03-27 22:21:30.617,150.217,0,-2,14,0,0,0,0,0,0,0,0,0
2026-03-27 22:21:30.793,150.393,0,-2,14,0,0,0,0,0,0,0,0,0
2026-03-27 22:21:30.795,150.394,0,-2,15,0,0,0,0,0,0,0,0,0
2026-03-27 22:21:30.906,150.506,0,-2,15,0,0,0,0,0,0,0,0,0
2026-03-27 22:21:31.001,150.601,0,-2,15,0,0,0,0,0,0,0,0,0
2026-03-27 22:21:31.018,150.618,0,-2,14,0,0,0,0,0,0,0,0,0
2026-03-27 22:21:31.337,150.937,0,-2,14,0,0,0,0,0,0,0,0,0
2026-03-27 22:21:31.433,151.033,0,-2,14,0,0,0,0,0,0,0,0,0
2026-03-27 22:21:31.436,151.036,0,-2,14,0,0,0,0,0,0,0,0,0
2026-03-27 22:21:31.577,151.177,0,-2,15,0,0,0,0,0,0,0,0,0
2026-03-27 22:21:31.657,151.257,0,-2,14,0,0,0,0,0,0,0,0,0
2026-03-27 22:21:31.722,151.321,0,-2,14,0,0,0,0,0,0,0,0,0
2026-03-27 22:21:31.817,151.417,0,-2,15,0,0,0,0,0,0,0,0,0
2026-03-27 22:21:31.881,151.481,0,-2,14,0,0,0,0,0,0,0,0,0
2026-03-27 22:21:32.009,151.609,0,-2,15,0,0,0,0,0,0,0,0,0
2026-03-27 22:21:32.186,151.786,0,-2,14,0,0,0,0,0,0,0,0,0
2026-03-27 22:21:32.233,151.833,0,-5,14,0,0,0,0,0,0,0,0,0
2026-03-27 22:21:32.235,151.834,0,-2,15,0,0,0,0,0,0,0,0,0
2026-03-27 22:21:32.313,151.913,0,-2,14,0,0,0,0,0,0,0,0,0
2026-03-27 22:21:32.425,152.025,0,-2,14,0,0,0,0,0,0,0,0,0
2026-03-27 22:21:32.490,152.089,0,-2,14,0,0,0,0,0,0,0,0,0
2026-03-27 22:21:32.570,152.170,0,-2,15,0,0,0,0,0,0,0,0,0
2026-03-27 22:21:32.571,152.171,0,-2,15,0,0,0,0,0,0,0,0,0
2026-03-27 22:21:32.713,152.313,0,-2,14,0,0,0,0,0,0,0,0,0
2026-03-27 22:21:32.714,152.314,0,-3,14,0,0,0,0,0,0,0,0,0
2026-03-27 22:21:32.730,152.329,0,-2,10,0,0,0,0,0,0,0,0,0
2026-03-27 22:21:32.857,152.457,0,-3,14,0,0,0,0,0,0,0,0,0
2026-03-27 22:21:32.858,152.458,0,-2,14,0,0,0,0,0,0,0,0,0
2026-03-27 22:21:32.890,152.489,0,-2,14,0,0,0,0,0,0,0,0,0
2026-03-27 22:21:33.049,152.649,0,-2,14,0,0,0,0,0,0,0,0,0
2026-03-27 22:21:33.050,152.650,0,-2,15,0,0,0,0,0,0,0,0,0
2026-03-27 22:21:33.113,152.713,0,-2,14,0,0,0,0,0,0,0,0,0
2026-03-27 22:21:33.193,152.793,0,-2,14,0,0,0,0,0,0,0,0,0
2026-03-27 22:21:33.289,152.889,0,-2,15,0,0,0,0,0,0,0,0,0
2026-03-27 22:21:33.291,152.891,0,-2,14,0,0,0,0,0,0,0,0,0
2026-03-27 22:21:33.385,152.985,0,-2,14,0,0,0,0,0,0,0,0,0
2026-03-27 22:21:33.497,153.097,0,-2,14,0,0,0,0,0,0,0,0,0
2026-03-27 22:21:33.577,153.176,0,-2,14,0,0,0,0,0,0,0,0,0
2026-03-27 22:21:33.578,153.178,0,-2,14,0,0,0,0,0,0,0,0,0
2026-03-27 22:21:33.673,153.273,0,-2,14,0,0,0,0,0,0,0,0,0
2026-03-27 22:21:33.689,153.289,0,-5,14,0,0,0,0,0,0,0,0,0
2026-03-27 22:21:33.692,153.292,0,-2,14,0,0,0,0,0,0,0,0,0
2026-03-27 22:21:33.770,153.370,0,-1,14,0,0,0,0,0,0,0,0,0
2026-03-27 22:21:33.772,153.372,0,-2,15,0,0,0,0,0,0,0,0,0
2026-03-27 22:21:33.817,153.417,0,-2,14,0,0,0,0,0,0,0,0,0
2026-03-27 22:21:33.993,153.593,0,-2,14,0,0,0,0,0,0,0,0,0
2026-03-27 22:21:34.153,153.753,0,-2,14,0,0,0,0,0,0,0,0,0
2026-03-27 22:21:34.186,153.786,0,-2,14,0,0,0,0,0,0,0,0,0
2026-03-27 22:21:34.282,153.882,0,-2,14,0,0,0,0,0,0,0,0,0
2026-03-27 22:21:34.345,153.945,0,-2,14,0,0,0,0,0,0,0,0,0
2026-03-27 22:21:34.537,154.137,0,-2,15,0,0,0,0,0,0,0,0,0
2026-03-27 22:21:34.634,154.233,0,-2,14,0,0,0,0,0,0,0,0,0
2026-03-27 22:21:34.665,154.265,0,-2,15,0,0,0,0,0,0,0,0,0
2026-03-27 22:21:34.668,154.267,0,-3,14,0,0,0,0,0,0,0,0,0
2026-03-27 22:21:34.809,154.409,0,-2,14,0,0,0,0,0,0,0,0,0
2026-03-27 22:21:34.889,154.489,0,-2,14,0,0,0,0,0,0,0,0,0
2026-03-27 22:21:34.907,154.507,0,-2,14,0,0,0,0,0,0,0,0,0
2026-03-27 22:21:35.257,154.857,0,-2,14,0,0,0,0,0,0,0,0,0
2026-03-27 22:21:35.305,154.905,0,-2,15,0,0,0,0,0,0,0,0,0
2026-03-27 22:21:35.369,154.969,0,-2,14,0,0,0,0,0,0,0,0,0
2026-03-27 22:21:35.371,154.970,0,-2,14,0,0,0,0,0,0,0,0,0
2026-03-27 22:21:35.529,155.129,0,-2,15,0,0,0,0,0,0,0,0,0
2026-03-27 22:21:35.545,155.145,0,-3,15,0,0,0,0,0,0,0,0,0
2026-03-27 22:21:35.593,155.193,0,-2,12,0,0,0,0,0,0,0,0,0
2026-03-27 22:21:35.721,155.321,0,-2,14,0,0,0,0,0,0,0,0,0
2026-03-27 22:21:35.801,155.401,0,-2,14,0,0,0,0,0,0,0,0,0
2026-03-27 22:21:35.897,155.497,0,-2,15,0,0,0,0,0,0,0,0,0
2026-03-27 22:21:35.993,155.593,0,-3,14,0,0,0,0,0,0,0,0,0
2026-03-27 22:21:36.010,155.610,0,-2,14,0,0,0,0,0,0,0,0,0
2026-03-27 22:21:36.073,155.673,0,-2,14,0,0,0,0,0,0,0,0,0
2026-03-27 22:21:36.217,155.817,0,-5,14,0,0,0,0,0,0,0,0,0
2026-03-27 22:21:36.265,155.865,0,-2,14,0,0,0,0,0,0,0,0,0
2026-03-27 22:21:36.393,155.993,0,-2,14,0,0,0,0,0,0,0,0,0
2026-03-27 22:21:36.490,156.090,0,-2,14,0,0,0,0,0,0,0,0,0
2026-03-27 22:21:36.649,156.249,0,-2,14,0,0,0,0,0,0,0,0,0
2026-03-27 22:21:36.777,156.377,0,-2,14,0,0,0,0,0,0,0,0,0
2026-03-27 22:21:36.873,156.473,0,-2,15,0,0,0,0,0,0,0,0,0
2026-03-27 22:21:36.875,156.474,0,-2,14,0,0,0,0,0,0,0,0,0
2026-03-27 22:21:36.889,156.489,0,-2,15,0,0,0,0,0,0,0,0,0
2026-03-27 22:21:36.922,156.522,0,-2,14,0,0,0,0,0,0,0,0,0
2026-03-27 22:21:37.017,156.617,0,-2,15,0,0,0,0,0,0,0,0,0
2026-03-27 22:21:37.161,156.761,0,-2,15,0,0,0,0,0,0,0,0,0
2026-03-27 22:21:37.321,156.921,0,-2,14,0,0,0,0,0,0,0,0,0
2026-03-27 22:21:37.385,156.985,0,-2,14,0,0,0,0,0,0,0,0,0
2026-03-27 22:21:37.403,157.003,0,-2,15,0,0,0,0,0,0,0,0,0
2026-03-27 22:21:37.418,157.018,0,-2,14,0,0,0,0,0,0,0,0,0
2026-03-27 22:21:37.497,157.097,0,-2,15,0,0,0,0,0,0,0,0,0
2026-03-27 22:21:37.499,157.099,0,-2,15,0,0,0,0,0,0,0,0,0
2026-03-27 22:21:37.658,157.257,0,-2,15,0,0,0,0,0,0,0,0,0
2026-03-27 22:21:37.673,157.273,0,-2,12,0,0,0,0,0,0,0,0,0
2026-03-27 22:21:37.675,157.275,0,-5,12,0,0,0,0,0,0,0,0,0
2026-03-27 22:21:37.689,157.289,0,-2,12,0,0,0,0,0,0,0,0,0
2026-03-27 22:21:37.834,157.434,0,-2,12,0,0,0,0,0,0,0,0,0
2026-03-27 22:21:37.881,157.481,0,-2,14,0,0,0,0,0,0,0,0,0
2026-03-27 22:21:37.883,157.483,1,-1,15,0,0,0,0,0,0,0,0,0
2026-03-27 22:21:37.977,157.577,0,-2,14,0,0,0,0,0,0,0,0,0
2026-03-27 22:21:38.105,157.705,0,-2,14,0,0,0,0,0,0,0,0,0
2026-03-27 22:21:38.201,157.801,0,-2,14,0,0,0,0,0,0,0,0,0
2026-03-27 22:21:38.313,157.913,0,-4,15,0,0,0,0,0,0,0,0,0
2026-03-27 22:21:38.316,157.916,0,-2,15,0,0,0,0,0,0,0,0,0
2026-03-27 22:21:38.441,158.041,0,-2,15,0,0,0,0,0,0,0,0,0
2026-03-27 22:21:38.505,158.105,0,-5,14,0,0,0,0,0,0,0,0,0
2026-03-27 22:21:38.617,158.216,0,-2,14,0,0,0,0,0,0,0,0,0
2026-03-27 22:21:38.682,158.282,0,-2,14,0,0,0,0,0,0,0,0,0
2026-03-27 22:21:38.808,158.408,0,-4,15,0,0,0,0,0,0,0,0,0
2026-03-27 22:21:38.810,158.410,0,-5,14,0,0,0,0,0,0,0,0,0
2026-03-27 22:21:38.812,158.412,0,-2,14,0,0,0,0,0,0,0,0,0
2026-03-27 22:21:38.953,158.553,0,-2,14,0,0,0,0,0,0,0,0,0
2026-03-27 22:21:38.956,158.556,0,-2,14,0,0,0,0,0,0,0,0,0
2026-03-27 22:21:38.985,158.585,0,-2,14,0,0,0,0,0,0,0,0,0
2026-03-27 22:21:39.113,158.712,0,-5,14,0,0,0,0,0,0,0,0,0
2026-03-27 22:21:39.130,158.730,0,-2,15,0,0,0,0,0,0,0,0,0
2026-03-27 22:21:39.242,158.842,0,-2,14,0,0,0,0,0,0,0,0,0
2026-03-27 22:21:39.353,158.953,0,-2,14,0,0,0,0,0,0,0,0,0
2026-03-27 22:21:39.370,158.970,0,-2,14,0,0,0,0,0,0,0,0,0
2026-03-27 22:21:39.432,159.032,0,-2,15,0,0,0,0,0,0,0,0,0
2026-03-27 22:21:39.481,159.081,0,-2,15,0,0,0,0,0,0,0,0,0
2026-03-27 22:21:39.577,159.177,0,-2,14,0,0,0,0,0,0,0,0,0
2026-03-27 22:21:39.688,159.288,0,-2,14,0,0,0,0,0,0,0,0,0
2026-03-27 22:21:39.706,159.306,0,-2,14,0,0,0,0,0,0,0,0,0
2026-03-27 22:21:39.865,159.465,0,-2,12,0,0,0,0,0,0,0,0,0
2026-03-27 22:21:40.056,159.656,0,-2,14,0,0,0,0,0,0,0,0,0
2026-03-27 22:21:40.265,159.864,0,-2,14,0,0,0,0,0,0,0,0,0
2026-03-27 22:21:40.392,159.992,0,-2,14,0,0,0,0,0,0,0,0,0
2026-03-27 22:21:40.394,159.994,0,-2,15,0,0,0,0,0,0,0,0,0
2026-03-27 22:21:40.489,160.088,0,-2,14,0,0,0,0,0,0,0,0,0
2026-03-27 22:21:40.506,160.105,0,-2,15,0,0,0,0,0,0,0,0,0
2026-03-27 22:21:40.650,160.250,0,-2,15,0,0,0,0,0,0,0,0,0
2026-03-27 22:21:40.761,160.361,0,-5,14,0,0,0,0,0,0,0,0,0
2026-03-27 22:21:40.763,160.363,0,-5,15,0,0,0,0,0,0,0,0,0
2026-03-27 22:21:40.873,160.473,0,-5,15,0,0,0,0,0,0,0,0,0
2026-03-27 22:21:40.968,160.568,0,-5,15,0,0,0,0,0,0,0,0,0
2026-03-27 22:21:40.970,160.570,0,-2,15,0,0,0,0,0,0,0,0,0
2026-03-27 22:21:41.081,160.681,0,-2,14,0,0,0,0,0,0,0,0,0
2026-03-27 22:21:41.098,160.698,0,-5,14,0,0,0,0,0,0,0,0,0
2026-03-27 22:21:41.241,160.841,0,-5,14,0,0,0,0,0,0,0,0,0
2026-03-27 22:21:41.321,160.921,0,-2,14,0,0,0,0,0,0,0,0,0
2026-03-27 22:21:41.449,161.049,0,-2,15,0,0,0,0,0,0,0,0,0
2026-03-27 22:21:41.452,161.052,0,-2,14,0,0,0,0,0,0,0,0,0
2026-03-27 22:21:41.513,161.112,0,-2,14,0,0,0,0,0,0,0,0,0
2026-03-27 22:21:41.673,161.273,0,-5,15,0,0,0,0,0,0,0,0,0
2026-03-27 22:21:41.784,161.384,0,-2,14,0,0,0,0,0,0,0,0,0
2026-03-27 22:21:41.833,161.433,0,-2,14,0,0,0,0,0,0,0,0,0
2026-03-27 22:21:42.008,161.608,0,-2,15,0,0,0,0,0,0,0,0,0
2026-03-27 22:21:42.010,161.610,0,-2,15,0,0,0,0,0,0,0,0,0
2026-03-27 22:21:42.041,161.640,0,-2,14,0,0,0,0,0,0,0,0,0
2026-03-27 22:21:42.200,161.800,0,-2,14,0,0,0,0,0,0,0,0,0
2026-03-27 22:21:42.296,161.896,0,-5,15,0,0,0,0,0,0,0,0,0
2026-03-27 22:21:42.376,161.976,0,-2,14,0,0,0,0,0,0,0,0,0
2026-03-27 22:21:42.489,162.089,0,-2,14,0,0,0,0,0,0,0,0,0
2026-03-27 22:21:42.492,162.092,0,-2,15,0,0,0,0,0,0,0,0,0
2026-03-27 22:21:42.584,162.184,0,-2,14,0,0,0,0,0,0,0,0,0
2026-03-27 22:21:42.585,162.185,0,-2,15,0,0,0,0,0,0,0,0,0
2026-03-27 22:21:42.600,162.200,0,-2,15,0,0,0,0,0,0,0,0,0
2026-03-27 22:21:42.713,162.312,0,-2,14,0,0,0,0,0,0,0,0,0
2026-03-27 22:21:42.777,162.376,0,-2,14,0,0,0,0,0,0,0,0,0
2026-03-27 22:21:42.792,162.392,1,-1,15,0,0,0,0,0,0,0,0,0
2026-03-27 22:21:42.794,162.394,0,-2,14,0,0,0,0,0,0,0,0,0
2026-03-27 22:21:42.889,162.489,0,-2,14,0,0,0,0,0,0,0,0,0
2026-03-27 22:21:42.905,162.505,0,-2,14,0,0,0,0,0,0,0,0,0
2026-03-27 22:21:42.937,162.537,0,-2,15,0,0,0,0,0,0,0,0,0
2026-03-27 22:21:43.096,162.696,0,-5,14,0,0,0,0,0,0,0,0,0
2026-03-27 22:21:43.098,162.697,0,-5,14,0,0,0,0,0,0,0,0,0
2026-03-27 22:21:43.112,162.712,0,-2,14,0,0,0,0,0,0,0,0,0
2026-03-27 22:21:43.225,162.825,0,-2,15,0,0,0,0,0,0,0,0,0
2026-03-27 22:21:43.289,162.889,0,-2,14,0,0,0,0,0,0,0,0,0
2026-03-27 22:21:43.448,163.048,0,-2,14,0,0,0,0,0,0,0,0,0
2026-03-27 22:21:43.465,163.064,0,-2,14,0,0,0,0,0,0,0,0,0
2026-03-27 22:21:43.529,163.129,0,-2,15,0,0,0,0,0,0,0,0,0
2026-03-27 22:21:43.593,163.193,0,-2,15,0,0,0,0,0,0,0,0,0
2026-03-27 22:21:43.597,163.197,0,-2,14,0,0,0,0,0,0,0,0,0
2026-03-27 22:21:43.704,163.304,0,-2,14,0,0,0,0,0,0,0,0,0
2026-03-27 22:21:43.706,163.306,0,-2,15,0,0,0,0,0,0,0,0,0
2026-03-27 22:21:43.769,163.369,0,-2,14,0,0,0,0,0,0,0,0,0
2026-03-27 22:21:43.785,163.385,-3,-2,14,0,0,0,0,0,0,0,0,0
2026-03-27 22:21:43.944,163.544,0,-2,14,0,0,0,0,0,0,0,0,0
2026-03-27 22:21:43.960,163.560,0,-1,15,0,0,0,0,0,0,0,0,0
2026-03-27 22:21:44.041,163.641,0,-2,15,0,0,0,0,0,0,0,0,0
2026-03-27 22:21:44.057,163.657,0,-2,15,0,0,0,0,0,0,0,0,0
2026-03-27 22:21:44.152,163.752,0,-2,14,0,0,0,0,0,0,0,0,0
2026-03-27 22:21:44.264,163.864,0,-2,15,0,0,0,0,0,0,0,0,0
2026-03-27 22:21:44.408,164.008,0,-2,15,0,0,0,0,0,0,0,0,0
2026-03-27 22:21:44.504,164.104,0,-2,14,0,0,0,0,0,0,0,0,0
2026-03-27 22:21:44.506,164.106,0,-2,15,0,0,0,0,0,0,0,0,0
2026-03-27 22:21:44.600,164.200,0,-2,15,0,0,0,0,0,0,0,0,0
2026-03-27 22:21:44.712,164.312,0,-2,14,0,0,0,0,0,0,0,0,0
2026-03-27 22:21:44.714,164.314,0,-2,14,0,0,0,0,0,0,0,0,0
2026-03-27 22:21:44.777,164.377,0,-2,15,0,0,0,0,0,0,0,0,0
2026-03-27 22:21:45.097,164.697,0,-2,14,0,0,0,0,0,0,0,0,0
2026-03-27 22:21:45.209,164.809,0,-2,15,0,0,0,0,0,0,0,0,0
2026-03-27 22:21:45.211,164.811,0,-2,14,0,0,0,0,0,0,0,0,0
2026-03-27 22:21:45.304,164.904,0,-2,15,0,0,0,0,0,0,0,0,0
2026-03-27 22:21:45.417,165.016,0,-2,15,0,0,0,0,0,0,0,0,0
2026-03-27 22:21:45.418,165.018,0,-1,15,0,0,0,0,0,0,0,0,0
2026-03-27 22:21:45.419,165.019,0,-2,14,0,0,0,0,0,0,0,0,0
2026-03-27 22:21:45.480,165.080,0,-3,14,0,0,0,0,0,0,0,0,0
2026-03-27 22:21:45.594,165.194,0,-2,14,0,0,0,0,0,0,0,0,0
2026-03-27 22:21:45.608,165.208,0,-2,14,0,0,0,0,0,0,0,0,0
2026-03-27 22:21:45.800,165.400,0,-2,14,0,0,0,0,0,0,0,0,0
2026-03-27 22:21:45.816,165.416,0,-2,14,0,0,0,0,0,0,0,0,0
2026-03-27 22:21:45.896,165.496,0,-2,14,0,0,0,0,0,0,0,0,0
2026-03-27 22:21:45.992,165.592,0,-2,15,0,0,0,0,0,0,0,0,0
2026-03-27 22:21:46.104,165.704,0,-2,15,0,0,0,0,0,0,0,0,0
2026-03-27 22:21:46.184,165.784,0,-1,15,0,0,0,0,0,0,0,0,0
2026-03-27 22:21:46.344,165.944,0,-2,15,0,0,0,0,0,0,0,0,0
2026-03-27 22:21:46.489,166.089,0,-2,14,0,0,0,0,0,0,0,0,0
2026-03-27 22:21:46.505,166.105,0,-2,14,0,0,0,0,0,0,0,0,0
2026-03-27 22:21:46.600,166.200,0,-2,14,0,0,0,0,0,0,0,0,0
2026-03-27 22:21:46.680,166.280,0,-5,15,0,0,0,0,0,0,0,0,0
2026-03-27 22:21:46.792,166.392,0,-3,15,0,0,0,0,0,0,0,0,0
2026-03-27 22:21:46.872,166.472,0,-2,14,0,0,0,0,0,0,0,0,0
2026-03-27 22:21:46.873,166.473,0,-2,14,0,0,0,0,0,0,0,0,0
2026-03-27 22:21:47.033,166.633,0,-2,15,0,0,0,0,0,0,0,0,0
2026-03-27 22:21:47.112,166.712,0,-2,14,0,0,0,0,0,0,0,0,0
2026-03-27 22:21:47.224,166.824,0,-2,15,0,0,0,0,0,0,0,0,0
2026-03-27 22:21:47.304,166.904,0,-2,14,0,0,0,0,0,0,0,0,0
2026-03-27 22:21:47.464,167.064,0,-2,15,0,0,0,0,0,0,0,0,0
2026-03-27 22:21:47.480,167.080,0,-2,15,0,0,0,0,0,0,0,0,0
2026-03-27 22:21:47.512,167.112,0,-2,15,0,0,0,0,0,0,0,0,0
2026-03-27 22:21:47.640,167.240,0,-2,14,0,0,0,0,0,0,0,0,0
2026-03-27 22:21:47.800,167.400,0,-2,14,0,0,0,0,0,0,0,0,0
2026-03-27 22:21:47.896,167.496,0,-2,14,0,0,0,0,0,0,0,0,0
2026-03-27 22:21:48.040,167.640,0,-2,14,0,0,0,0,0,0,0,0,0
2026-03-27 22:21:48.044,167.644,0,-2,14,0,0,0,0,0,0,0,0,0
2026-03-27 22:21:48.121,167.721,0,-2,14,0,0,0,0,0,0,0,0,0
2026-03-27 22:21:48.264,167.864,0,-2,14,0,0,0,0,0,0,0,0,0
2026-03-27 22:21:48.328,167.928,0,-2,14,0,0,0,0,0,0,0,0,0
2026-03-27 22:21:48.425,168.025,0,-2,14,0,0,0,0,0,0,0,0,0
2026-03-27 22:21:48.427,168.027,0,-5,15,0,0,0,0,0,0,0,0,0
2026-03-27 22:21:48.568,168.168,0,-5,14,0,0,0,0,0,0,0,0,0
2026-03-27 22:21:48.664,168.264,0,-2,15,0,0,0,0,0,0,0,0,0
2026-03-27 22:21:48.792,168.392,0,-4,15,0,0,0,0,0,0,0,0,0
2026-03-27 22:21:48.904,168.504,0,-2,12,0,0,0,0,0,0,0,0,0
2026-03-27 22:21:48.985,168.584,0,-2,15,0,0,0,0,0,0,0,0,0
2026-03-27 22:21:48.986,168.586,0,-2,15,0,0,0,0,0,0,0,0,0
2026-03-27 22:21:49.080,168.680,0,-2,14,0,0,0,0,0,0,0,0,0
2026-03-27 22:21:49.224,168.824,0,-2,14,0,0,0,0,0,0,0,0,0
2026-03-27 22:21:49.336,168.936,0,-5,15,0,0,0,0,0,0,0,0,0
2026-03-27 22:21:49.433,169.033,0,-2,15,0,0,0,0,0,0,0,0,0
2026-03-27 22:21:49.512,169.112,0,-2,14,0,0,0,0,0,0,0,0,0
2026-03-27 22:21:49.624,169.224,0,-2,14,0,0,0,0,0,0,0,0,0
2026-03-27 22:21:49.626,169.226,0,-2,14,0,0,0,0,0,0,0,0,0
2026-03-27 22:21:49.737,169.336,0,-2,14,0,0,0,0,0,0,0,0,0
2026-03-27 22:21:49.816,169.416,0,-2,14,0,0,0,0,0,0,0,0,0
2026-03-27 22:21:49.960,169.560,0,-2,14,0,0,0,0,0,0,0,0,0
2026-03-27 22:21:50.041,169.641,0,-2,15,0,0,0,0,0,0,0,0,0
2026-03-27 22:21:50.057,169.657,0,-2,15,0,0,0,0,0,0,0,0,0
2026-03-27 22:21:50.120,169.720,0,-2,15,0,0,0,0,0,0,0,0,0
2026-03-27 22:21:50.136,169.736,0,-2,14,0,0,0,0,0,0,0,0,0
2026-03-27 22:21:50.168,169.768,0,-5,14,0,0,0,0,0,0,0,0,0
2026-03-27 22:21:50.169,169.769,0,-4,15,0,0,0,0,0,0,0,0,0
2026-03-27 22:21:50.296,169.895,0,-2,14,0,0,0,0,0,0,0,0,0
2026-03-27 22:21:50.297,169.897,0,-2,14,0,0,0,0,0,0,0,0,0
2026-03-27 22:21:50.299,169.899,0,-2,15,0,0,0,0,0,0,0,0,0
2026-03-27 22:21:50.424,170.024,0,-2,14,0,0,0,0,0,0,0,0,0
2026-03-27 22:21:50.456,170.056,0,-5,14,0,0,0,0,0,0,0,0,0
2026-03-27 22:21:50.457,170.057,0,-4,14,0,0,0,0,0,0,0,0,0
2026-03-27 22:21:50.632,170.232,0,-2,14,0,0,0,0,0,0,0,0,0
2026-03-27 22:21:50.679,170.279,0,-5,14,0,0,0,0,0,0,0,0,0
2026-03-27 22:21:50.696,170.296,0,-5,15,0,0,0,0,0,0,0,0,0
2026-03-27 22:21:50.698,170.298,0,-2,14,0,0,0,0,0,0,0,0,0
2026-03-27 22:21:50.793,170.393,0,-2,14,0,0,0,0,0,0,0,0,0
2026-03-27 22:21:50.936,170.536,0,-2,14,0,0,0,0,0,0,0,0,0
2026-03-27 22:21:51.016,170.616,0,-2,14,0,0,0,0,0,0,0,0,0
2026-03-27 22:21:51.112,170.712,0,-2,14,0,0,0,0,0,0,0,0,0
2026-03-27 22:21:51.225,170.824,0,-2,14,0,0,0,0,0,0,0,0,0
2026-03-27 22:21:51.288,170.888,0,-2,14,0,0,0,0,0,0,0,0,0
2026-03-27 22:21:51.480,171.080,0,-5,14,0,0,0,0,0,0,0,0,0
2026-03-27 22:21:51.482,171.082,0,-1,15,0,0,0,0,0,0,0,0,0
2026-03-27 22:21:51.483,171.083,0,-5,15,0,0,0,0,0,0,0,0,0
2026-03-27 22:21:51.560,171.160,0,-4,15,0,0,0,0,0,0,0,0,0
2026-03-27 22:21:51.562,171.162,0,-2,15,0,0,0,0,0,0,0,0,0
2026-03-27 22:21:51.704,171.304,0,-2,14,0,0,0,0,0,0,0,0,0
2026-03-27 22:21:51.752,171.351,0,-2,14,0,0,0,0,0,0,0,0,0
2026-03-27 22:21:51.768,171.367,0,-2,14,0,0,0,0,0,0,0,0,0
2026-03-27 22:21:51.944,171.544,0,-2,14,0,0,0,0,0,0,0,0,0
2026-03-27 22:21:51.946,171.545,0,-2,14,0,0,0,0,0,0,0,0,0
2026-03-27 22:21:51.948,171.547,0,-2,12,0,0,0,0,0,0,0,0,0
2026-03-27 22:21:52.056,171.655,0,-2,12,0,0,0,0,0,0,0,0,0
2026-03-27 22:21:52.088,171.688,0,-2,14,0,0,0,0,0,0,0,0,0
2026-03-27 22:21:52.232,171.832,0,-2,14,0,0,0,0,0,0,0,0,0
2026-03-27 22:21:52.312,171.911,0,-2,14,0,0,0,0,0,0,0,0,0
2026-03-27 22:21:52.440,172.040,0,-2,15,0,0,0,0,0,0,0,0,0
2026-03-27 22:21:52.600,172.200,0,-2,15,0,0,0,0,0,0,0,0,0
2026-03-27 22:21:52.601,172.201,0,-2,15,0,0,0,0,0,0,0,0,0
2026-03-27 22:21:52.744,172.344,0,-2,15,0,0,0,0,0,0,0,0,0
2026-03-27 22:21:52.748,172.348,0,-2,15,0,0,0,0,0,0,0,0,0
2026-03-27 22:21:52.904,172.504,0,-2,14,0,0,0,0,0,0,0,0,0
2026-03-27 22:21:52.952,172.552,0,-2,14,0,0,0,0,0,0,0,0,0
2026-03-27 22:21:53.032,172.631,0,-2,14,0,0,0,0,0,0,0,0,0
2026-03-27 22:21:53.033,172.633,0,-3,14,0,0,0,0,0,0,0,0,0
2026-03-27 22:21:53.035,172.635,0,-2,14,0,0,0,0,0,0,0,0,0
2026-03-27 22:21:53.145,172.745,0,-2,14,0,0,0,0,0,0,0,0,0
2026-03-27 22:21:53.320,172.920,0,-2,14,0,0,0,0,0,0,0,0,0
2026-03-27 22:21:53.336,172.936,0,-2,14,0,0,0,0,0,0,0,0,0
2026-03-27 22:21:53.432,173.031,0,-2,14,0,0,0,0,0,0,0,0,0
2026-03-27 22:21:53.433,173.033,0,-2,14,0,0,0,0,0,0,0,0,0
2026-03-27 22:21:53.592,173.192,0,-2,14,0,0,0,0,0,0,0,0,0
2026-03-27 22:21:53.656,173.256,0,-2,14,0,0,0,0,0,0,0,0,0
2026-03-27 22:21:53.784,173.384,0,-2,14,0,0,0,0,0,0,0,0,0
2026-03-27 22:21:53.896,173.496,0,-2,14,0,0,0,0,0,0,0,0,0
2026-03-27 22:21:54.040,173.640,0,-2,14,0,0,0,0,0,0,0,0,0
2026-03-27 22:21:54.120,173.720,0,-1,15,0,0,0,0,0,0,0,0,0
2026-03-27 22:21:54.136,173.736,0,-2,15,0,0,0,0,0,0,0,0,0
2026-03-27 22:21:54.232,173.832,0,-2,15,0,0,0,0,0,0,0,0,0
2026-03-27 22:21:54.344,173.944,0,-1,15,0,0,0,0,0,0,0,0,0
2026-03-27 22:21:54.424,174.024,0,-2,15,0,0,0,0,0,0,0,0,0
2026-03-27 22:21:54.584,174.184,0,-2,14,0,0,0,0,0,0,0,0,0
2026-03-27 22:21:54.616,174.216,0,-2,14,0,0,0,0,0,0,0,0,0
2026-03-27 22:21:54.619,174.219,0,-2,14,0,0,0,0,0,0,0,0,0
2026-03-27 22:21:54.697,174.296,0,-2,15,0,0,0,0,0,0,0,0,0
2026-03-27 22:21:54.807,174.407,0,-2,15,0,0,0,0,0,0,0,0,0
2026-03-27 22:21:54.809,174.409,0,-2,15,0,0,0,0,0,0,0,0,0
2026-03-27 22:21:54.952,174.552,0,-1,15,0,0,0,0,0,0,0,0,0
2026-03-27 22:21:54.984,174.584,0,-2,14,0,0,0,0,0,0,0,0,0
2026-03-27 22:21:55.112,174.712,0,-2,14,0,0,0,0,0,0,0,0,0
2026-03-27 22:21:55.224,174.824,0,-2,14,0,0,0,0,0,0,0,0,0
2026-03-27 22:21:55.227,174.826,0,-2,14,0,0,0,0,0,0,0,0,0
2026-03-27 22:21:55.353,174.953,0,-2,15,0,0,0,0,0,0,0,0,0
2026-03-27 22:21:55.432,175.032,0,-2,15,0,0,0,0,0,0,0,0,0
2026-03-27 22:21:55.560,175.160,0,-2,14,0,0,0,0,0,0,0,0,0
2026-03-27 22:21:55.672,175.271,0,-2,14,0,0,0,0,0,0,0,0,0
2026-03-27 22:21:55.753,175.352,0,-2,14,0,0,0,0,0,0,0,0,0
2026-03-27 22:21:55.816,175.416,0,-2,15,0,0,0,0,0,0,0,0,0
2026-03-27 22:21:55.831,175.431,0,-1,15,0,0,0,0,0,0,0,0,0
2026-03-27 22:21:55.928,175.527,0,-2,14,0,0,0,0,0,0,0,0,0
2026-03-27 22:21:56.024,175.624,0,-2,14,0,0,0,0,0,0,0,0,0
2026-03-27 22:21:56.041,175.641,0,-2,14,0,0,0,0,0,0,0,0,0
2026-03-27 22:21:56.136,175.736,0,-3,14,0,0,0,0,0,0,0,0,0
2026-03-27 22:21:56.168,175.768,0,-3,14,0,0,0,0,0,0,0,0,0
2026-03-27 22:21:56.344,175.943,0,-2,14,0,0,0,0,0,0,0,0,0
2026-03-27 22:21:56.346,175.946,0,-2,14,0,0,0,0,0,0,0,0,0
2026-03-27 22:21:56.377,175.977,0,-2,14,0,0,0,0,0,0,0,0,0
2026-03-27 22:21:56.380,175.980,0,-2,14,0,0,0,0,0,0,0,0,0
2026-03-27 22:21:56.489,176.088,0,-2,15,0,0,0,0,0,0,0,0,0
2026-03-27 22:21:56.600,176.200,0,-5,14,0,0,0,0,0,0,0,0,0
2026-03-27 22:21:56.696,176.295,0,-2,14,0,0,0,0,0,0,0,0,0
2026-03-27 22:21:56.712,176.312,0,-2,15,0,0,0,0,0,0,0,0,0
2026-03-27 22:21:56.808,176.408,0,-2,15,0,0,0,0,0,0,0,0,0
2026-03-27 22:21:56.936,176.536,0,-2,14,0,0,0,0,0,0,0,0,0
2026-03-27 22:21:57.001,176.601,0,-2,14,0,0,0,0,0,0,0,0,0
2026-03-27 22:21:57.016,176.616,0,-2,14,0,0,0,0,0,0,0,0,0
2026-03-27 22:21:57.017,176.617,0,-2,15,0,0,0,0,0,0,0,0,0
2026-03-27 22:21:57.096,176.696,0,-2,14,0,0,0,0,0,0,0,0,0
2026-03-27 22:21:57.097,176.697,0,-2,14,0,0,0,0,0,0,0,0,0
2026-03-27 22:21:57.272,176.871,0,-2,14,0,0,0,0,0,0,0,0,0
2026-03-27 22:21:57.273,176.873,0,-2,15,0,0,0,0,0,0,0,0,0
2026-03-27 22:21:57.288,176.888,0,-2,14,0,0,0,0,0,0,0,0,0
2026-03-27 22:21:57.367,176.967,0,-2,14,0,0,0,0,0,0,0,0,0
2026-03-27 22:21:57.464,177.063,0,-2,14,0,0,0,0,0,0,0,0,0
2026-03-27 22:21:57.576,177.176,0,-2,14,0,0,0,0,0,0,0,0,0
2026-03-27 22:21:57.624,177.224,0,-2,14,0,0,0,0,0,0,0,0,0
2026-03-27 22:21:57.627,177.227,0,-2,15,0,0,0,0,0,0,0,0,0
2026-03-27 22:21:57.769,177.369,0,-2,14,0,0,0,0,0,0,0,0,0
2026-03-27 22:21:57.816,177.416,0,-2,14,0,0,0,0,0,0,0,0,0
2026-03-27 22:21:57.833,177.433,0,-2,15,0,0,0,0,0,0,0,0,0
2026-03-27 22:21:57.944,177.544,0,-2,15,0,0,0,0,0,0,0,0,0
2026-03-27 22:21:58.104,177.703,0,-2,14,0,0,0,0,0,0,0,0,0
2026-03-27 22:21:58.201,177.801,0,-2,14,0,0,0,0,0,0,0,0,0
2026-03-27 22:21:58.203,177.803,0,-2,14,0,0,0,0,0,0,0,0,0
2026-03-27 22:21:58.296,177.896,0,-2,14,0,0,0,0,0,0,0,0,0
2026-03-27 22:21:58.424,178.023,0,-2,14,0,0,0,0,0,0,0,0,0
2026-03-27 22:21:58.441,178.040,0,-2,14,0,0,0,0,0,0,0,0,0
2026-03-27 22:21:58.520,178.120,0,-2,14,0,0,0,0,0,0,0,0,0
2026-03-27 22:21:58.696,178.295,0,-1,15,0,0,0,0,0,0,0,0,0
2026-03-27 22:21:58.760,178.360,0,-3,15,0,0,0,0,0,0,0,0,0
2026-03-27 22:21:58.888,178.488,0,-3,14,0,0,0,0,0,0,0,0,0
2026-03-27 22:21:58.968,178.568,0,-2,14,0,0,0,0,0,0,0,0,0
2026-03-27 22:21:59.079,178.679,0,-5,14,0,0,0,0,0,0,0,0,0
2026-03-27 22:21:59.272,178.871,0,-4,15,0,0,0,0,0,0,0,0,0
2026-03-27 22:21:59.273,178.873,0,-2,14,0,0,0,0,0,0,0,0,0
2026-03-27 22:21:59.288,178.888,0,-2,15,0,0,0,0,0,0,0,0,0
2026-03-27 22:21:59.320,178.920,0,-2,15,0,0,0,0,0,0,0,0,0
2026-03-27 22:21:59.336,178.936,0,-2,14,0,0,0,0,0,0,0,0,0
2026-03-27 22:21:59.512,179.112,0,-2,15,0,0,0,0,0,0,0,0,0
2026-03-27 22:21:59.576,179.176,0,-2,14,0,0,0,0,0,0,0,0,0
2026-03-27 22:21:59.656,179.255,0,-3,14,0,0,0,0,0,0,0,0,0
2026-03-27 22:21:59.767,179.367,0,-2,14,0,0,0,0,0,0,0,0,0
2026-03-27 22:21:59.785,179.385,0,-2,14,0,0,0,0,0,0,0,0,0
2026-03-27 22:21:59.944,179.543,0,-2,14,0,0,0,0,0,0,0,0,0
2026-03-27 22:22:00.024,179.624,0,-2,15,0,0,0,0,0,0,0,0,0
2026-03-27 22:22:00.168,179.768,0,-2,14,0,0,0,0,0,0,0,0,0
2026-03-27 22:22:00.200,179.800,0,-2,14,0,0,0,0,0,0,0,0,0
2026-03-27 22:22:00.343,179.943,0,-2,14,0,0,0,0,0,0,0,0,0
2026-03-27 22:22:00.359,179.959,0,-2,14,0,0,0,0,0,0,0,0,0
2026-03-27 22:22:00.519,180.119,0,-2,14,0,0,0,0,0,0,0,0,0
2026-03-27 22:22:00.584,180.184,0,-2,14,0,0,0,0,0,0,0,0,0
2026-03-27 22:22:00.603,180.202,0,-2,14,0,0,0,0,0,0,0,0,0
2026-03-27 22:22:00.744,180.344,0,-2,14,0,0,0,0,0,0,0,0,0
2026-03-27 22:22:00.871,180.471,0,-2,14,0,0,0,0,0,0,0,0,0
2026-03-27 22:22:00.873,180.473,0,-2,14,0,0,0,0,0,0,0,0,0
2026-03-27 22:22:00.919,180.519,0,-2,14,0,0,0,0,0,0,0,0,0
2026-03-27 22:22:00.936,180.536,0,-2,14,0,0,0,0,0,0,0,0,0
2026-03-27 22:22:01.111,180.711,0,-2,14,0,0,0,0,0,0,0,0,0
2026-03-27 22:22:01.114,180.714,0,-2,14,0,0,0,0,0,0,0,0,0
2026-03-27 22:22:01.160,180.760,0,-2,15,0,0,0,0,0,0,0,0,0
2026-03-27 22:22:01.271,180.871,0,-2,14,0,0,0,0,0,0,0,0,0
2026-03-27 22:22:01.352,180.951,0,-3,14,0,0,0,0,0,0,0,0,0
2026-03-27 22:22:01.432,181.031,0,-2,14,0,0,0,0,0,0,0,0,0
2026-03-27 22:22:01.449,181.048,0,-2,14,0,0,0,0,0,0,0,0,0
2026-03-27 22:22:01.528,181.128,0,-2,14,0,0,0,0,0,0,0,0,0
2026-03-27 22:22:01.543,181.143,0,-2,15,0,0,0,0,0,0,0,0,0
2026-03-27 22:22:01.545,181.145,0,-2,14,0,0,0,0,0,0,0,0,0
2026-03-27 22:22:01.640,181.240,0,-2,14,0,0,0,0,0,0,0,0,0
2026-03-27 22:22:01.783,181.383,0,-2,14,0,0,0,0,0,0,0,0,0
2026-03-27 22:22:01.864,181.464,0,-2,14,0,0,0,0,0,0,0,0,0
2026-03-27 22:22:01.976,181.576,0,-2,14,0,0,0,0,0,0,0,0,0
2026-03-27 22:22:02.024,181.624,0,-2,15,0,0,0,0,0,0,0,0,0
2026-03-27 22:22:02.026,181.626,0,-2,14,0,0,0,0,0,0,0,0,0
2026-03-27 22:22:02.168,181.768,0,-3,14,0,0,0,0,0,0,0,0,0
2026-03-27 22:22:02.327,181.927,0,-2,14,0,0,0,0,0,0,0,0,0
2026-03-27 22:22:02.329,181.929,0,-2,14,0,0,0,0,0,0,0,0,0
2026-03-27 22:22:02.343,181.943,0,-2,14,0,0,0,0,0,0,0,0,0
2026-03-27 22:22:02.471,182.071,0,-2,15,0,0,0,0,0,0,0,0,0
2026-03-27 22:22:02.473,182.073,0,-2,14,0,0,0,0,0,0,0,0,0
2026-03-27 22:22:02.520,182.120,0,-2,14,0,0,0,0,0,0,0,0,0
2026-03-27 22:22:02.631,182.231,0,-2,14,0,0,0,0,0,0,0,0,0
2026-03-27 22:22:02.633,182.233,0,-2,14,0,0,0,0,0,0,0,0,0
2026-03-27 22:22:02.808,182.408,0,-2,14,0,0,0,0,0,0,0,0,0
2026-03-27 22:22:02.935,182.535,0,-2,14,0,0,0,0,0,0,0,0,0
2026-03-27 22:22:02.999,182.599,0,-2,15,0,0,0,0,0,0,0,0,0
2026-03-27 22:22:03.143,182.743,0,-2,14,0,0,0,0,0,0,0,0,0
2026-03-27 22:22:03.145,182.745,0,-2,15,0,0,0,0,0,0,0,0,0
2026-03-27 22:22:03.256,182.855,0,-2,14,0,0,0,0,0,0,0,0,0
2026-03-27 22:22:03.271,182.871,0,-2,15,0,0,0,0,0,0,0,0,0
2026-03-27 22:22:03.335,182.935,0,-2,14,0,0,0,0,0,0,0,0,0
2026-03-27 22:22:03.463,183.063,0,-2,14,0,0,0,0,0,0,0,0,0
2026-03-27 22:22:03.543,183.143,0,-2,14,0,0,0,0,0,0,0,0,0
2026-03-27 22:22:03.545,183.144,0,-2,15,0,0,0,0,0,0,0,0,0
2026-03-27 22:22:03.704,183.304,0,-2,14,0,0,0,0,0,0,0,0,0
2026-03-27 22:22:03.815,183.415,0,-2,14,0,0,0,0,0,0,0,0,0
2026-03-27 22:22:03.927,183.527,0,-2,15,0,0,0,0,0,0,0,0,0
2026-03-27 22:22:04.024,183.624,0,-2,14,0,0,0,0,0,0,0,0,0
2026-03-27 22:22:04.087,183.687,0,-2,14,0,0,0,0,0,0,0,0,0
2026-03-27 22:22:04.231,183.831,0,-2,14,0,0,0,0,0,0,0,0,0
2026-03-27 22:22:04.233,183.832,1,-1,15,0,0,0,0,0,0,0,0,0
2026-03-27 22:22:04.234,183.834,0,-2,14,0,0,0,0,0,0,0,0,0
2026-03-27 22:22:04.376,183.976,0,-2,14,0,0,0,0,0,0,0,0,0
2026-03-27 22:22:04.407,184.007,0,-2,15,0,0,0,0,0,0,0,0,0
2026-03-27 22:22:04.504,184.104,0,-2,15,0,0,0,0,0,0,0,0,0
2026-03-27 22:22:04.631,184.231,0,-2,15,0,0,0,0,0,0,0,0,0
2026-03-27 22:22:04.647,184.247,0,-2,14,0,0,0,0,0,0,0,0,0
2026-03-27 22:22:04.711,184.311,0,-2,15,0,0,0,0,0,0,0,0,0
2026-03-27 22:22:04.936,184.536,0,-2,14,0,0,0,0,0,0,0,0,0
2026-03-27 22:22:04.938,184.538,0,-5,14,0,0,0,0,0,0,0,0,0
2026-03-27 22:22:05.016,184.616,0,-5,15,0,0,0,0,0,0,0,0,0
2026-03-27 22:22:05.111,184.711,0,-2,15,0,0,0,0,0,0,0,0,0
2026-03-27 22:22:05.255,184.855,0,-2,15,0,0,0,0,0,0,0,0,0
2026-03-27 22:22:05.256,184.856,0,-2,15,0,0,0,0,0,0,0,0,0
2026-03-27 22:22:05.258,184.857,0,-2,14,0,0,0,0,0,0,0,0,0
2026-03-27 22:22:05.319,184.919,0,-3,14,0,0,0,0,0,0,0,0,0
2026-03-27 22:22:05.383,184.983,0,-2,14,0,0,0,0,0,0,0,0,0
2026-03-27 22:22:05.543,185.143,0,-3,14,0,0,0,0,0,0,0,0,0
2026-03-27 22:22:05.607,185.207,0,-5,14,0,0,0,0,0,0,0,0,0
2026-03-27 22:22:05.736,185.336,0,-2,14,0,0,0,0,0,0,0,0,0
2026-03-27 22:22:05.738,185.338,0,-1,15,0,0,0,0,0,0,0,0,0
2026-03-27 22:22:05.815,185.415,0,-2,14,0,0,0,0,0,0,0,0,0
2026-03-27 22:22:05.943,185.543,0,-2,14,0,0,0,0,0,0,0,0,0
2026-03-27 22:22:05.961,185.560,0,-2,15,0,0,0,0,0,0,0,0,0
2026-03-27 22:22:06.071,185.671,0,-5,14,0,0,0,0,0,0,0,0,0
2026-03-27 22:22:06.217,185.817,0,-2,14,0,0,0,0,0,0,0,0,0
2026-03-27 22:22:06.232,185.832,0,-2,11,0,0,0,0,0,0,0,0,0
2026-03-27 22:22:06.234,185.834,0,-2,12,0,0,0,0,0,0,0,0,0
2026-03-27 22:22:06.391,185.991,0,-5,14,0,0,0,0,0,0,0,0,0
2026-03-27 22:22:06.439,186.039,0,-2,14,0,0,0,0,0,0,0,0,0
2026-03-27 22:22:06.519,186.119,0,-2,15,0,0,0,0,0,0,0,0,0
2026-03-27 22:22:06.536,186.136,0,-2,14,0,0,0,0,0,0,0,0,0
2026-03-27 22:22:06.680,186.280,0,-2,14,0,0,0,0,0,0,0,0,0
2026-03-27 22:22:06.681,186.281,0,-2,15,0,0,0,0,0,0,0,0,0
2026-03-27 22:22:06.759,186.359,0,-3,14,0,0,0,0,0,0,0,0,0
2026-03-27 22:22:06.775,186.375,0,-2,14,0,0,0,0,0,0,0,0,0
2026-03-27 22:22:06.887,186.487,0,-2,14,0,0,0,0,0,0,0,0,0
2026-03-27 22:22:06.952,186.552,0,-2,14,0,0,0,0,0,0,0,0,0
2026-03-27 22:22:06.954,186.554,0,-2,15,0,0,0,0,0,0,0,0,0
2026-03-27 22:22:07.079,186.679,0,-2,14,0,0,0,0,0,0,0,0,0
2026-03-27 22:22:07.097,186.697,0,-2,15,0,0,0,0,0,0,0,0,0
2026-03-27 22:22:07.143,186.743,0,-2,14,0,0,0,0,0,0,0,0,0
2026-03-27 22:22:07.367,186.967,0,-2,15,0,0,0,0,0,0,0,0,0
2026-03-27 22:22:07.370,186.970,0,-2,14,0,0,0,0,0,0,0,0,0
2026-03-27 22:22:07.464,187.064,0,-2,14,0,0,0,0,0,0,0,0,0
2026-03-27 22:22:07.575,187.175,0,-2,15,0,0,0,0,0,0,0,0,0
2026-03-27 22:22:07.577,187.177,1,-2,15,0,0,0,0,0,0,0,0,0
2026-03-27 22:22:07.578,187.178,0,-2,14,0,0,0,0,0,0,0,0,0
2026-03-27 22:22:07.703,187.303,0,-2,14,0,0,0,0,0,0,0,0,0
2026-03-27 22:22:07.816,187.416,0,-2,14,0,0,0,0,0,0,0,0,0
2026-03-27 22:22:07.863,187.463,0,-2,14,0,0,0,0,0,0,0,0,0
2026-03-27 22:22:07.864,187.464,0,-2,14,0,0,0,0,0,0,0,0,0
2026-03-27 22:22:07.879,187.479,0,-2,14,0,0,0,0,0,0,0,0,0
2026-03-27 22:22:07.992,187.592,0,-2,14,0,0,0,0,0,0,0,0,0
2026-03-27 22:22:08.087,187.687,0,-2,14,0,0,0,0,0,0,0,0,0
2026-03-27 22:22:08.090,187.690,0,-2,15,0,0,0,0,0,0,0,0,0
2026-03-27 22:22:08.199,187.799,0,-2,14,0,0,0,0,0,0,0,0,0
2026-03-27 22:22:08.295,187.895,0,-2,12,0,0,0,0,0,0,0,0,0
2026-03-27 22:22:08.313,187.913,0,-2,15,0,0,0,0,0,0,0,0,0
2026-03-27 22:22:08.391,187.991,0,-2,14,0,0,0,0,0,0,0,0,0
2026-03-27 22:22:08.503,188.103,0,-2,14,0,0,0,0,0,0,0,0,0
2026-03-27 22:22:08.519,188.119,0,-2,15,0,0,0,0,0,0,0,0,0
2026-03-27 22:22:08.520,188.120,0,0,0,0,0,0,0,0,0,0,0,0
2026-03-27 22:22:08.521,188.121,0,-2,15,0,0,0,0,0,0,0,0,0
2026-03-27 22:22:08.616,188.216,0,-2,15,0,0,0,0,0,0,0,0,0
2026-03-27 22:22:08.617,188.217,0,-3,14,0,0,0,0,0,0,0,0,0
2026-03-27 22:22:08.775,188.375,0,-2,14,0,0,0,0,0,0,0,0,0
2026-03-27 22:22:08.777,188.377,0,-2,16,0,0,0,0,0,0,0,0,0
2026-03-27 22:22:08.779,188.379,0,-2,14,0,0,0,0,0,0,0,0,0
2026-03-27 22:22:08.856,188.456,0,-2,14,0,0,0,0,0,0,0,0,0
2026-03-27 22:22:08.887,188.487,0,-2,15,0,0,0,0,0,0,0,0,0
2026-03-27 22:22:09.031,188.631,0,-2,15,0,0,0,0,0,0,0,0,0
2026-03-27 22:22:09.033,188.633,0,-2,15,0,0,0,0,0,0,0,0,0
2026-03-27 22:22:09.191,188.791,0,-2,14,0,0,0,0,0,0,0,0,0
2026-03-27 22:22:09.194,188.794,0,-2,14,0,0,0,0,0,0,0,0,0
2026-03-27 22:22:09.272,188.872,0,-2,14,0,0,0,0,0,0,0,0,0
2026-03-27 22:22:09.287,188.887,0,-3,14,0,0,0,0,0,0,0,0,0
2026-03-27 22:22:09.320,188.920,0,-2,14,0,0,0,0,0,0,0,0,0
2026-03-27 22:22:09.447,189.047,0,-2,14,0,0,0,0,0,0,0,0,0
2026-03-27 22:22:09.449,189.048,0,-2,14,0,0,0,0,0,0,0,0,0
2026-03-27 22:22:09.527,189.127,0,-2,14,0,0,0,0,0,0,0,0,0
2026-03-27 22:22:09.591,189.191,0,-2,15,0,0,0,0,0,0,0,0,0
2026-03-27 22:22:09.719,189.319,0,-2,14,0,0,0,0,0,0,0,0,0
2026-03-27 22:22:09.720,189.320,0,-2,15,0,0,0,0,0,0,0,0,0
2026-03-27 22:22:09.767,189.367,0,-2,15,0,0,0,0,0,0,0,0,0
2026-03-27 22:22:09.847,189.447,0,-2,14,0,0,0,0,0,0,0,0,0
2026-03-27 22:22:09.862,189.462,0,-1,15,0,0,0,0,0,0,0,0,0
2026-03-27 22:22:09.991,189.591,0,-2,14,0,0,0,0,0,0,0,0,0
2026-03-27 22:22:09.992,189.592,0,-2,14,0,0,0,0,0,0,0,0,0
2026-03-27 22:22:10.103,189.703,0,-2,14,0,0,0,0,0,0,0,0,0
2026-03-27 22:22:10.232,189.832,0,-2,14,0,0,0,0,0,0,0,0,0
2026-03-27 22:22:10.248,189.848,0,-1,15,0,0,0,0,0,0,0,0,0
2026-03-27 22:22:10.311,189.911,0,-2,14,0,0,0,0,0,0,0,0,0
2026-03-27 22:22:10.391,189.991,0,-2,14,0,0,0,0,0,0,0,0,0
2026-03-27 22:22:10.487,190.087,0,-2,14,0,0,0,0,0,0,0,0,0
2026-03-27 22:22:10.503,190.103,0,-3,15,0,0,0,0,0,0,0,0,0
2026-03-27 22:22:10.505,190.105,0,-2,14,0,0,0,0,0,0,0,0,0
2026-03-27 22:22:10.583,190.183,0,-2,14,0,0,0,0,0,0,0,0,0
2026-03-27 22:22:10.663,190.263,0,-2,14,0,0,0,0,0,0,0,0,0
2026-03-27 22:22:10.664,190.264,0,-3,14,0,0,0,0,0,0,0,0,0
2026-03-27 22:22:10.823,190.423,0,-2,14,0,0,0,0,0,0,0,0,0
2026-03-27 22:22:10.824,190.424,0,-2,15,0,0,0,0,0,0,0,0,0
2026-03-27 22:22:10.826,190.426,0,-2,14,0,0,0,0,0,0,0,0,0
2026-03-27 22:22:10.872,190.472,0,-2,14,0,0,0,0,0,0,0,0,0
2026-03-27 22:22:11.016,190.615,0,-2,12,0,0,0,0,0,0,0,0,0
2026-03-27 22:22:11.018,190.618,0,-2,14,0,0,0,0,0,0,0,0,0
2026-03-27 22:22:11.191,190.791,0,-2,15,0,0,0,0,0,0,0,0,0
2026-03-27 22:22:11.207,190.806,0,-2,14,0,0,0,0,0,0,0,0,0
2026-03-27 22:22:11.399,190.999,0,-2,14,0,0,0,0,0,0,0,0,0
2026-03-27 22:22:11.463,191.063,0,-5,14,0,0,0,0,0,0,0,0,0
2026-03-27 22:22:11.575,191.175,0,-2,14,0,0,0,0,0,0,0,0,0
2026-03-27 22:22:11.623,191.223,0,-2,14,0,0,0,0,0,0,0,0,0
2026-03-27 22:22:11.752,191.351,0,-2,14,0,0,0,0,0,0,0,0,0
2026-03-27 22:22:11.878,191.478,0,-2,14,0,0,0,0,0,0,0,0,0
2026-03-27 22:22:11.880,191.480,0,-2,14,0,0,0,0,0,0,0,0,0
2026-03-27 22:22:11.881,191.481,0,-10,0,0,0,0,0,0,0,0,0,0
2026-03-27 22:22:11.943,191.543,0,-2,14,0,0,0,0,0,0,0,0,0
2026-03-27 22:22:11.945,191.545,0,-1,15,0,0,0,0,0,0,0,0,0
2026-03-27 22:22:11.946,191.546,0,0,0,0,0,0,0,0,0,0,0,0
2026-03-27 22:22:12.087,191.687,0,-2,14,0,0,0,0,0,0,0,0,0
2026-03-27 22:22:12.103,191.703,0,-2,14,0,0,0,0,0,0,0,0,0
2026-03-27 22:22:12.183,191.783,0,-2,15,0,0,0,0,0,0,0,0,0
2026-03-27 22:22:12.279,191.879,0,-2,12,0,0,0,0,0,0,0,0,0
2026-03-27 22:22:12.359,191.959,0,-2,15,0,0,0,0,0,0,0,0,0
2026-03-27 22:22:12.407,192.007,0,-2,14,0,0,0,0,0,0,0,0,0
2026-03-27 22:22:12.615,192.215,0,-2,14,0,0,0,0,0,0,0,0,0
2026-03-27 22:22:12.647,192.247,0,-2,14,0,0,0,0,0,0,0,0,0
2026-03-27 22:22:12.775,192.375,0,-2,14,0,0,0,0,0,0,0,0,0
2026-03-27 22:22:12.872,192.472,0,-2,15,0,0,0,0,0,0,0,0,0
2026-03-27 22:22:12.951,192.551,0,-2,14,0,0,0,0,0,0,0,0,0
2026-03-27 22:22:13.015,192.615,0,-2,14,0,0,0,0,0,0,0,0,0
2026-03-27 22:22:13.382,192.982,0,-2,14,0,0,0,0,0,0,0,0,0
2026-03-27 22:22:13.384,192.984,0,-2,14,0,0,0,0,0,0,0,0,0
2026-03-27 22:22:13.387,192.987,0,-2,14,0,0,0,0,0,0,0,0,0
2026-03-27 22:22:13.463,193.063,0,-2,12,0,0,0,0,0,0,0,0,0
2026-03-27 22:22:13.607,193.207,0,-2,12,0,0,0,0,0,0,0,0,0
2026-03-27 22:22:13.655,193.255,0,-2,15,0,0,0,0,0,0,0,0,0
2026-03-27 22:22:13.671,193.271,0,-2,15,0,0,0,0,0,0,0,0,0
2026-03-27 22:22:13.831,193.431,0,-2,14,0,0,0,0,0,0,0,0,0
2026-03-27 22:22:13.911,193.511,0,-2,14,0,0,0,0,0,0,0,0,0
2026-03-27 22:22:13.914,193.513,0,-2,14,0,0,0,0,0,0,0,0,0
2026-03-27 22:22:14.055,193.654,0,-2,14,0,0,0,0,0,0,0,0,0
2026-03-27 22:22:14.153,193.753,0,-2,14,0,0,0,0,0,0,0,0,0
2026-03-27 22:22:14.279,193.879,0,-2,14,0,0,0,0,0,0,0,0,0
2026-03-27 22:22:14.282,193.882,0,-2,14,0,0,0,0,0,0,0,0,0
2026-03-27 22:22:14.311,193.911,0,-2,14,0,0,0,0,0,0,0,0,0
2026-03-27 22:22:14.359,193.959,0,-2,14,0,0,0,0,0,0,0,0,0
2026-03-27 22:22:14.455,194.055,0,-2,14,0,0,0,0,0,0,0,0,0
2026-03-27 22:22:14.630,194.230,0,-2,14,0,0,0,0,0,0,0,0,0
2026-03-27 22:22:14.695,194.295,0,-2,15,0,0,0,0,0,0,0,0,0
2026-03-27 22:22:14.711,194.310,0,-2,14,0,0,0,0,0,0,0,0,0
2026-03-27 22:22:14.743,194.343,0,-2,14,0,0,0,0,0,0,0,0,0
2026-03-27 22:22:14.887,194.487,0,-2,15,0,0,0,0,0,0,0,0,0
2026-03-27 22:22:15.079,194.679,0,-2,14,0,0,0,0,0,0,0,0,0
2026-03-27 22:22:15.111,194.711,0,-2,14,0,0,0,0,0,0,0,0,0
2026-03-27 22:22:15.114,194.714,0,-2,14,0,0,0,0,0,0,0,0,0
2026-03-27 22:22:15.207,194.807,0,-2,14,0,0,0,0,0,0,0,0,0
2026-03-27 22:22:15.287,194.887,0,-2,14,0,0,0,0,0,0,0,0,0
2026-03-27 22:22:15.431,195.031,0,-2,14,0,0,0,0,0,0,0,0,0
2026-03-27 22:22:15.510,195.110,0,-2,14,0,0,0,0,0,0,0,0,0
2026-03-27 22:22:15.512,195.111,0,-2,14,0,0,0,0,0,0,0,0,0
2026-03-27 22:22:15.591,195.191,0,-2,14,0,0,0,0,0,0,0,0,0
2026-03-27 22:22:15.687,195.287,0,-2,14,0,0,0,0,0,0,0,0,0
2026-03-27 22:22:15.688,195.288,0,-2,15,0,0,0,0,0,0,0,0,0
2026-03-27 22:22:15.815,195.415,0,-2,14,0,0,0,0,0,0,0,0,0
2026-03-27 22:22:15.927,195.527,0,-2,15,0,0,0,0,0,0,0,0,0
2026-03-27 22:22:16.022,195.622,0,-2,15,0,0,0,0,0,0,0,0,0
2026-03-27 22:22:16.119,195.719,0,-2,15,0,0,0,0,0,0,0,0,0
2026-03-27 22:22:16.215,195.815,0,-2,14,0,0,0,0,0,0,0,0,0
2026-03-27 22:22:16.294,195.894,0,-2,14,0,0,0,0,0,0,0,0,0
2026-03-27 22:22:16.487,196.086,0,-2,14,0,0,0,0,0,0,0,0,0
2026-03-27 22:22:16.663,196.262,0,-2,14,0,0,0,0,0,0,0,0,0
2026-03-27 22:22:16.711,196.311,0,-2,14,0,0,0,0,0,0,0,0,0
2026-03-27 22:22:16.758,196.358,0,-2,14,0,0,0,0,0,0,0,0,0
2026-03-27 22:22:16.759,196.359,0,-2,15,0,0,0,0,0,0,0,0,0
2026-03-27 22:22:16.919,196.519,0,-2,14,0,0,0,0,0,0,0,0,0
2026-03-27 22:22:16.936,196.535,0,-2,14,0,0,0,0,0,0,0,0,0
2026-03-27 22:22:16.951,196.551,0,-2,14,0,0,0,0,0,0,0,0,0
2026-03-27 22:22:17.127,196.727,0,-3,12,0,0,0,0,0,0,0,0,0
2026-03-27 22:22:17.159,196.759,0,-2,14,0,0,0,0,0,0,0,0,0
2026-03-27 22:22:17.287,196.887,0,-2,14,0,0,0,0,0,0,0,0,0
2026-03-27 22:22:17.479,197.078,0,-3,14,0,0,0,0,0,0,0,0,0
2026-03-27 22:22:17.511,197.111,0,-2,15,0,0,0,0,0,0,0,0,0
2026-03-27 22:22:17.719,197.319,0,-2,14,0,0,0,0,0,0,0,0,0
2026-03-27 22:22:17.782,197.382,0,-2,14,0,0,0,0,0,0,0,0,0
2026-03-27 22:22:17.895,197.494,0,-2,14,0,0,0,0,0,0,0,0,0
2026-03-27 22:22:17.975,197.575,0,-2,14,0,0,0,0,0,0,0,0,0
2026-03-27 22:22:17.976,197.576,0,-2,15,0,0,0,0,0,0,0,0,0
2026-03-27 22:22:18.183,197.782,0,-2,14,0,0,0,0,0,0,0,0,0
2026-03-27 22:22:18.278,197.878,0,-2,14,0,0,0,0,0,0,0,0,0
2026-03-27 22:22:18.422,198.022,0,-2,12,0,0,0,0,0,0,0,0,0
2026-03-27 22:22:18.566,198.166,0,-2,14,0,0,0,0,0,0,0,0,0
2026-03-27 22:22:18.647,198.247,0,-2,14,0,0,0,0,0,0,0,0,0
2026-03-27 22:22:18.727,198.326,0,-2,14,0,0,0,0,0,0,0,0,0
2026-03-27 22:22:18.871,198.471,0,-3,14,0,0,0,0,0,0,0,0,0
2026-03-27 22:22:18.919,198.518,0,-2,14,0,0,0,0,0,0,0,0,0
2026-03-27 22:22:19.030,198.630,0,-2,14,0,0,0,0,0,0,0,0,0
2026-03-27 22:22:19.110,198.710,0,-2,14,0,0,0,0,0,0,0,0,0
2026-03-27 22:22:19.112,198.712,0,-2,14,0,0,0,0,0,0,0,0,0
2026-03-27 22:22:19.114,198.714,0,-2,14,0,0,0,0,0,0,0,0,0
2026-03-27 22:22:19.335,198.935,0,-2,14,0,0,0,0,0,0,0,0,0
2026-03-27 22:22:19.367,198.966,0,-2,14,0,0,0,0,0,0,0,0,0
2026-03-27 22:22:19.384,198.984,0,-2,14,0,0,0,0,0,0,0,0,0
2026-03-27 22:22:19.463,199.063,0,-2,14,0,0,0,0,0,0,0,0,0
2026-03-27 22:22:19.464,199.064,0,-2,15,0,0,0,0,0,0,0,0,0
2026-03-27 22:22:19.558,199.158,0,-2,14,0,0,0,0,0,0,0,0,0
2026-03-27 22:22:19.655,199.255,0,-3,14,0,0,0,0,0,0,0,0,0
2026-03-27 22:22:19.783,199.382,0,-2,14,0,0,0,0,0,0,0,0,0
2026-03-27 22:22:19.879,199.479,0,-2,14,0,0,0,0,0,0,0,0,0
2026-03-27 22:22:19.881,199.480,0,-1,15,0,0,0,0,0,0,0,0,0
2026-03-27 22:22:20.006,199.606,0,-2,15,0,0,0,0,0,0,0,0,0
2026-03-27 22:22:20.087,199.687,0,-2,14,0,0,0,0,0,0,0,0,0
2026-03-27 22:22:20.166,199.766,0,-2,15,0,0,0,0,0,0,0,0,0
2026-03-27 22:22:20.262,199.862,0,-2,14,0,0,0,0,0,0,0,0,0
2026-03-27 22:22:20.406,200.006,0,-2,14,0,0,0,0,0,0,0,0,0
2026-03-27 22:22:20.408,200.008,0,-2,15,0,0,0,0,0,0,0,0,0
2026-03-27 22:22:20.409,200.009,0,-3,14,0,0,0,0,0,0,0,0,0
2026-03-27 22:22:20.471,200.071,0,-2,14,0,0,0,0,0,0,0,0,0
2026-03-27 22:22:20.598,200.198,0,-2,15,0,0,0,0,0,0,0,0,0
2026-03-27 22:22:20.600,200.199,0,-2,16,0,0,0,0,0,0,0,0,0
2026-03-27 22:22:20.727,200.326,0,-2,15,0,0,0,0,0,0,0,0,0
2026-03-27 22:22:20.806,200.406,0,-1,14,0,0,0,0,0,0,0,0,0
2026-03-27 22:22:20.935,200.534,0,-2,14,0,0,0,0,0,0,0,0,0
2026-03-27 22:22:20.967,200.567,0,-3,14,0,0,0,0,0,0,0,0,0
2026-03-27 22:22:21.062,200.662,0,-2,14,0,0,0,0,0,0,0,0,0
2026-03-27 22:22:21.065,200.665,0,-3,15,0,0,0,0,0,0,0,0,0
2026-03-27 22:22:21.159,200.759,0,-2,14,0,0,0,0,0,0,0,0,0
2026-03-27 22:22:21.160,200.760,0,-2,15,0,0,0,0,0,0,0,0,0
2026-03-27 22:22:21.161,200.761,0,-2,15,0,0,0,0,0,0,0,0,0
2026-03-27 22:22:21.223,200.823,0,-2,15,0,0,0,0,0,0,0,0,0
2026-03-27 22:22:21.225,200.825,0,-2,14,0,0,0,0,0,0,0,0,0
2026-03-27 22:22:21.320,200.919,0,-3,14,0,0,0,0,0,0,0,0,0
2026-03-27 22:22:21.446,201.046,0,-2,14,0,0,0,0,0,0,0,0,0
2026-03-27 22:22:21.671,201.271,0,-2,14,0,0,0,0,0,0,0,0,0
2026-03-27 22:22:21.718,201.318,0,-2,12,0,0,0,0,0,0,0,0,0
2026-03-27 22:22:21.799,201.399,0,-2,14,0,0,0,0,0,0,0,0,0
2026-03-27 22:22:21.816,201.415,0,-2,14,0,0,0,0,0,0,0,0,0
2026-03-27 22:22:21.910,201.510,0,-2,14,0,0,0,0,0,0,0,0,0
2026-03-27 22:22:21.991,201.590,0,-2,14,0,0,0,0,0,0,0,0,0
2026-03-27 22:22:21.992,201.592,0,-2,14,0,0,0,0,0,0,0,0,0
2026-03-27 22:22:22.039,201.638,0,-2,14,0,0,0,0,0,0,0,0,0
2026-03-27 22:22:22.167,201.767,0,-2,14,0,0,0,0,0,0,0,0,0
2026-03-27 22:22:22.168,201.768,0,-2,14,0,0,0,0,0,0,0,0,0
2026-03-27 22:22:22.359,201.958,0,-2,14,0,0,0,0,0,0,0,0,0
2026-03-27 22:22:22.390,201.990,0,-2,14,0,0,0,0,0,0,0,0,0
2026-03-27 22:22:22.519,202.119,0,-2,14,0,0,0,0,0,0,0,0,0
2026-03-27 22:22:22.631,202.231,0,-2,14,0,0,0,0,0,0,0,0,0
2026-03-27 22:22:22.710,202.310,0,-2,15,0,0,0,0,0,0,0,0,0
2026-03-27 22:22:22.790,202.390,0,-2,14,0,0,0,0,0,0,0,0,0
2026-03-27 22:22:22.951,202.551,0,-2,14,0,0,0,0,0,0,0,0,0
2026-03-27 22:22:23.062,202.662,0,-5,14,0,0,0,0,0,0,0,0,0
2026-03-27 22:22:23.066,202.665,0,-2,15,0,0,0,0,0,0,0,0,0
2026-03-27 22:22:23.190,202.790,0,-2,15,0,0,0,0,0,0,0,0,0
2026-03-27 22:22:23.318,202.918,0,-2,12,0,0,0,0,0,0,0,0,0
2026-03-27 22:22:23.366,202.966,0,-2,14,0,0,0,0,0,0,0,0,0
2026-03-27 22:22:23.606,203.206,0,-2,14,0,0,0,0,0,0,0,0,0
2026-03-27 22:22:23.623,203.223,0,-2,14,0,0,0,0,0,0,0,0,0
2026-03-27 22:22:23.670,203.270,0,-2,15,0,0,0,0,0,0,0,0,0
2026-03-27 22:22:23.798,203.398,0,-2,15,0,0,0,0,0,0,0,0,0
2026-03-27 22:22:23.799,203.399,0,-2,15,0,0,0,0,0,0,0,0,0
2026-03-27 22:22:23.879,203.478,0,-2,14,0,0,0,0,0,0,0,0,0
2026-03-27 22:22:23.943,203.542,0,-2,14,0,0,0,0,0,0,0,0,0
2026-03-27 22:22:23.960,203.560,0,-3,14,0,0,0,0,0,0,0,0,0
2026-03-27 22:22:24.087,203.687,0,-3,14,0,0,0,0,0,0,0,0,0
2026-03-27 22:22:24.230,203.830,0,-5,14,0,0,0,0,0,0,0,0,0
2026-03-27 22:22:24.262,203.862,0,-2,14,0,0,0,0,0,0,0,0,0
2026-03-27 22:22:24.374,203.974,0,-2,14,0,0,0,0,0,0,0,0,0
2026-03-27 22:22:24.438,204.038,0,-2,14,0,0,0,0,0,0,0,0,0
2026-03-27 22:22:24.566,204.166,0,-2,14,0,0,0,0,0,0,0,0,0
2026-03-27 22:22:24.567,204.167,0,-2,14,0,0,0,0,0,0,0,0,0
2026-03-27 22:22:24.582,204.182,0,-2,14,0,0,0,0,0,0,0,0,0
2026-03-27 22:22:24.663,204.263,0,-2,14,0,0,0,0,0,0,0,0,0
2026-03-27 22:22:24.791,204.391,0,-2,14,0,0,0,0,0,0,0,0,0
2026-03-27 22:22:24.871,204.471,0,-2,14,0,0,0,0,0,0,0,0,0
2026-03-27 22:22:24.872,204.472,0,-2,15,0,0,0,0,0,0,0,0,0
2026-03-27 22:22:25.062,204.662,0,-2,14,0,0,0,0,0,0,0,0,0
2026-03-27 22:22:25.207,204.807,0,-2,14,0,0,0,0,0,0,0,0,0
2026-03-27 22:22:25.255,204.855,0,-2,14,0,0,0,0,0,0,0,0,0
2026-03-27 22:22:25.366,204.966,0,-2,15,0,0,0,0,0,0,0,0,0
2026-03-27 22:22:25.446,205.046,0,-2,15,0,0,0,0,0,0,0,0,0
2026-03-27 22:22:25.559,205.159,0,-2,14,0,0,0,0,0,0,0,0,0
2026-03-27 22:22:25.638,205.238,0,-2,14,0,0,0,0,0,0,0,0,0
2026-03-27 22:22:25.639,205.239,0,-1,15,0,0,0,0,0,0,0,0,0
2026-03-27 22:22:25.654,205.254,0,-2,14,0,0,0,0,0,0,0,0,0
2026-03-27 22:22:25.703,205.303,0,-2,14,0,0,0,0,0,0,0,0,0
2026-03-27 22:22:25.847,205.447,0,-2,14,0,0,0,0,0,0,0,0,0
2026-03-27 22:22:25.926,205.526,0,-2,14,0,0,0,0,0,0,0,0,0
2026-03-27 22:22:25.929,205.529,0,-2,14,0,0,0,0,0,0,0,0,0
2026-03-27 22:22:26.102,205.702,0,-2,14,0,0,0,0,0,0,0,0,0
2026-03-27 22:22:26.199,205.799,0,-2,14,0,0,0,0,0,0,0,0,0
2026-03-27 22:22:26.201,205.801,0,-2,14,0,0,0,0,0,0,0,0,0
2026-03-27 22:22:26.262,205.862,0,-2,14,0,0,0,0,0,0,0,0,0
2026-03-27 22:22:26.278,205.878,0,-2,15,0,0,0,0,0,0,0,0,0
2026-03-27 22:22:26.422,206.022,0,-2,14,0,0,0,0,0,0,0,0,0
2026-03-27 22:22:26.424,206.024,0,-2,14,0,0,0,0,0,0,0,0,0
2026-03-27 22:22:26.503,206.103,0,-2,14,0,0,0,0,0,0,0,0,0
2026-03-27 22:22:26.630,206.230,0,-2,15,0,0,0,0,0,0,0,0,0
2026-03-27 22:22:26.711,206.311,0,-2,14,0,0,0,0,0,0,0,0,0
2026-03-27 22:22:26.727,206.327,0,-2,14,0,0,0,0,0,0,0,0,0
2026-03-27 22:22:26.823,206.423,0,-2,14,0,0,0,0,0,0,0,0,0
2026-03-27 22:22:26.918,206.518,0,-2,14,0,0,0,0,0,0,0,0,0
2026-03-27 22:22:26.920,206.520,0,-2,15,0,0,0,0,0,0,0,0,0
2026-03-27 22:22:27.030,206.630,0,-2,14,0,0,0,0,0,0,0,0,0
2026-03-27 22:22:27.031,206.631,0,-2,15,0,0,0,0,0,0,0,0,0
2026-03-27 22:22:27.033,206.633,0,-2,14,0,0,0,0,0,0,0,0,0
2026-03-27 22:22:27.126,206.726,0,-2,14,0,0,0,0,0,0,0,0,0
2026-03-27 22:22:27.239,206.839,0,-2,14,0,0,0,0,0,0,0,0,0
2026-03-27 22:22:27.367,206.967,0,-2,14,0,0,0,0,0,0,0,0,0
2026-03-27 22:22:27.462,207.062,0,-3,14,0,0,0,0,0,0,0,0,0
2026-03-27 22:22:27.464,207.064,0,-2,14,0,0,0,0,0,0,0,0,0
2026-03-27 22:22:27.623,207.222,0,-2,14,0,0,0,0,0,0,0,0,0
2026-03-27 22:22:27.703,207.303,0,-2,14,0,0,0,0,0,0,0,0,0
2026-03-27 22:22:27.814,207.414,0,-2,14,0,0,0,0,0,0,0,0,0
2026-03-27 22:22:27.815,207.415,0,-2,14,0,0,0,0,0,0,0,0,0
2026-03-27 22:22:27.894,207.494,0,-2,14,0,0,0,0,0,0,0,0,0
2026-03-27 22:22:27.910,207.510,0,-2,14,0,0,0,0,0,0,0,0,0
2026-03-27 22:22:28.038,207.638,0,-2,15,0,0,0,0,0,0,0,0,0
2026-03-27 22:22:28.118,207.718,0,-2,14,0,0,0,0,0,0,0,0,0
2026-03-27 22:22:28.231,207.830,0,-2,14,0,0,0,0,0,0,0,0,0
2026-03-27 22:22:28.294,207.894,0,-2,14,0,0,0,0,0,0,0,0,0
2026-03-27 22:22:28.422,208.022,0,-3,14,0,0,0,0,0,0,0,0,0
2026-03-27 22:22:28.550,208.150,0,-2,12,0,0,0,0,0,0,0,0,0
2026-03-27 22:22:28.552,208.151,0,-2,12,0,0,0,0,0,0,0,0,0
2026-03-27 22:22:28.646,208.245,0,-2,14,0,0,0,0,0,0,0,0,0
2026-03-27 22:22:28.742,208.342,0,-2,14,0,0,0,0,0,0,0,0,0
2026-03-27 22:22:28.918,208.518,0,-3,14,0,0,0,0,0,0,0,0,0
2026-03-27 22:22:28.998,208.598,0,-2,14,0,0,0,0,0,0,0,0,0
2026-03-27 22:22:29.142,208.742,0,-2,14,0,0,0,0,0,0,0,0,0
2026-03-27 22:22:29.145,208.745,0,-2,14,0,0,0,0,0,0,0,0,0
2026-03-27 22:22:29.222,208.822,0,-2,14,0,0,0,0,0,0,0,0,0
2026-03-27 22:22:29.366,208.966,0,-2,14,0,0,0,0,0,0,0,0,0
2026-03-27 22:22:29.368,208.968,0,-2,14,0,0,0,0,0,0,0,0,0
2026-03-27 22:22:29.431,209.030,0,-2,14,0,0,0,0,0,0,0,0,0
2026-03-27 22:22:29.462,209.062,0,-2,14,0,0,0,0,0,0,0,0,0
2026-03-27 22:22:29.478,209.078,0,-2,14,0,0,0,0,0,0,0,0,0
2026-03-27 22:22:29.510,209.110,0,-2,14,0,0,0,0,0,0,0,0,0
2026-03-27 22:22:29.718,209.318,0,-2,14,0,0,0,0,0,0,0,0,0
2026-03-27 22:22:29.766,209.366,0,-3,14,0,0,0,0,0,0,0,0,0
2026-03-27 22:22:29.878,209.478,0,-2,14,0,0,0,0,0,0,0,0,0
2026-03-27 22:22:29.894,209.494,0,-2,11,0,0,0,0,0,0,0,0,0
2026-03-27 22:22:29.958,209.558,0,-2,12,0,0,0,0,0,0,0,0,0
2026-03-27 22:22:30.039,209.638,0,-2,14,0,0,0,0,0,0,0,0,0
2026-03-27 22:22:30.040,209.640,0,-2,14,0,0,0,0,0,0,0,0,0
2026-03-27 22:22:30.118,209.718,0,-2,14,0,0,0,0,0,0,0,0,0
2026-03-27 22:22:30.214,209.813,0,-2,14,0,0,0,0,0,0,0,0,0
2026-03-27 22:22:30.215,209.815,0,-2,14,0,0,0,0,0,0,0,0,0
2026-03-27 22:22:30.311,209.910,0,-2,14,0,0,0,0,0,0,0,0,0
2026-03-27 22:22:30.438,210.038,0,-2,15,0,0,0,0,0,0,0,0,0
2026-03-27 22:22:30.550,210.150,0,-2,15,0,0,0,0,0,0,0,0,0
2026-03-27 22:22:30.552,210.151,0,-2,15,0,0,0,0,0,0,0,0,0
2026-03-27 22:22:30.646,210.246,0,-2,15,0,0,0,0,0,0,0,0,0
2026-03-27 22:22:30.648,210.248,0,-2,14,0,0,0,0,0,0,0,0,0
2026-03-27 22:22:30.934,210.534,0,-2,14,0,0,0,0,0,0,0,0,0
2026-03-27 22:22:30.998,210.598,0,-2,14,0,0,0,0,0,0,0,0,0
2026-03-27 22:22:31.000,210.600,0,-2,14,0,0,0,0,0,0,0,0,0
2026-03-27 22:22:31.159,210.759,0,-2,14,0,0,0,0,0,0,0,0,0
2026-03-27 22:22:31.287,210.887,0,-2,14,0,0,0,0,0,0,0,0,0
2026-03-27 22:22:31.289,210.889,0,-2,14,0,0,0,0,0,0,0,0,0
2026-03-27 22:22:31.319,210.919,0,-3,14,0,0,0,0,0,0,0,0,0
2026-03-27 22:22:31.446,211.046,0,-2,14,0,0,0,0,0,0,0,0,0
2026-03-27 22:22:31.606,211.206,0,-2,14,0,0,0,0,0,0,0,0,0
2026-03-27 22:22:31.609,211.209,0,-2,14,0,0,0,0,0,0,0,0,0
2026-03-27 22:22:31.654,211.254,0,-2,14,0,0,0,0,0,0,0,0,0
2026-03-27 22:22:31.751,211.351,0,-2,15,0,0,0,0,0,0,0,0,0
2026-03-27 22:22:31.814,211.414,0,-2,14,0,0,0,0,0,0,0,0,0
2026-03-27 22:22:31.942,211.542,0,-2,14,0,0,0,0,0,0,0,0,0
2026-03-27 22:22:32.086,211.686,0,-2,14,0,0,0,0,0,0,0,0,0
2026-03-27 22:22:32.102,211.702,0,-2,14,0,0,0,0,0,0,0,0,0
2026-03-27 22:22:32.103,211.703,0,-2,15,0,0,0,0,0,0,0,0,0
2026-03-27 22:22:32.104,211.704,0,0,0,0,0,0,0,0,0,0,0,0
2026-03-27 22:22:32.105,211.705,0,-2,15,0,0,0,0,0,0,0,0,0
2026-03-27 22:22:32.263,211.863,0,-2,15,0,0,0,0,0,0,0,0,0
2026-03-27 22:22:32.294,211.894,0,-2,14,0,0,0,0,0,0,0,0,0
2026-03-27 22:22:32.438,212.038,0,-2,14,0,0,0,0,0,0,0,0,0
2026-03-27 22:22:32.534,212.134,0,-2,15,0,0,0,0,0,0,0,0,0
2026-03-27 22:22:32.536,212.136,0,-3,15,0,0,0,0,0,0,0,0,0
2026-03-27 22:22:32.614,212.214,0,-2,14,0,0,0,0,0,0,0,0,0
2026-03-27 22:22:32.886,212.486,0,-2,14,0,0,0,0,0,0,0,0,0
2026-03-27 22:22:32.889,212.489,0,-2,12,0,0,0,0,0,0,0,0,0
2026-03-27 22:22:32.998,212.598,0,-2,12,0,0,0,0,0,0,0,0,0
2026-03-27 22:22:32.999,212.599,0,-2,12,0,0,0,0,0,0,0,0,0
2026-03-27 22:22:33.000,212.600,0,-2,15,0,0,0,0,0,0,0,0,0
2026-03-27 22:22:33.062,212.662,0,-2,15,0,0,0,0,0,0,0,0,0
2026-03-27 22:22:33.190,212.790,0,-2,15,0,0,0,0,0,0,0,0,0
2026-03-27 22:22:33.206,212.806,0,-2,14,0,0,0,0,0,0,0,0,0
2026-03-27 22:22:33.270,212.870,0,-2,14,0,0,0,0,0,0,0,0,0
2026-03-27 22:22:33.349,212.949,0,-2,14,0,0,0,0,0,0,0,0,0
2026-03-27 22:22:33.366,212.966,0,-2,14,0,0,0,0,0,0,0,0,0
2026-03-27 22:22:33.494,213.094,0,-2,14,0,0,0,0,0,0,0,0,0
2026-03-27 22:22:33.622,213.222,0,-2,12,0,0,0,0,0,0,0,0,0
2026-03-27 22:22:33.782,213.382,0,-2,14,0,0,0,0,0,0,0,0,0
2026-03-27 22:22:33.878,213.478,0,-2,14,0,0,0,0,0,0,0,0,0
2026-03-27 22:22:33.910,213.510,0,-2,14,0,0,0,0,0,0,0,0,0
2026-03-27 22:22:33.913,213.513,0,-2,14,0,0,0,0,0,0,0,0,0
2026-03-27 22:22:34.070,213.670,0,-2,15,0,0,0,0,0,0,0,0,0
2026-03-27 22:22:34.166,213.766,0,-2,14,0,0,0,0,0,0,0,0,0
2026-03-27 22:22:34.262,213.861,0,-2,15,0,0,0,0,0,0,0,0,0
2026-03-27 22:22:34.342,213.941,0,-2,14,0,0,0,0,0,0,0,0,0
2026-03-27 22:22:34.343,213.943,0,-2,15,0,0,0,0,0,0,0,0,0
2026-03-27 22:22:34.344,213.944,0,-2,14,0,0,0,0,0,0,0,0,0
2026-03-27 22:22:34.454,214.054,0,-2,14,0,0,0,0,0,0,0,0,0
2026-03-27 22:22:34.582,214.182,0,-2,14,0,0,0,0,0,0,0,0,0
2026-03-27 22:22:34.806,214.406,0,-2,14,0,0,0,0,0,0,0,0,0
2026-03-27 22:22:34.822,214.422,0,-2,14,0,0,0,0,0,0,0,0,0
2026-03-27 22:22:35.029,214.629,0,-2,15,0,0,0,0,0,0,0,0,0
2026-03-27 22:22:35.030,214.630,0,-2,15,0,0,0,0,0,0,0,0,0
2026-03-27 22:22:35.032,214.631,0,-2,12,0,0,0,0,0,0,0,0,0
2026-03-27 22:22:35.142,214.742,0,-2,12,0,0,0,0,0,0,0,0,0
2026-03-27 22:22:35.158,214.758,0,-2,15,0,0,0,0,0,0,0,0,0
2026-03-27 22:22:35.238,214.838,0,-2,14,0,0,0,0,0,0,0,0,0
2026-03-27 22:22:35.366,214.966,0,-2,14,0,0,0,0,0,0,0,0,0
2026-03-27 22:22:35.367,214.967,0,-2,15,0,0,0,0,0,0,0,0,0
2026-03-27 22:22:35.493,215.093,0,-3,14,0,0,0,0,0,0,0,0,0
2026-03-27 22:22:35.590,215.190,0,-2,14,0,0,0,0,0,0,0,0,0
2026-03-27 22:22:35.670,215.270,0,-2,14,0,0,0,0,0,0,0,0,0
2026-03-27 22:22:35.671,215.271,0,-2,15,0,0,0,0,0,0,0,0,0
2026-03-27 22:22:35.750,215.350,0,-2,15,0,0,0,0,0,0,0,0,0
2026-03-27 22:22:35.878,215.478,0,-2,14,0,0,0,0,0,0,0,0,0
2026-03-27 22:22:36.006,215.606,0,-2,14,0,0,0,0,0,0,0,0,0
2026-03-27 22:22:36.101,215.701,0,-2,14,0,0,0,0,0,0,0,0,0
2026-03-27 22:22:36.117,215.717,0,-2,14,0,0,0,0,0,0,0,0,0
2026-03-27 22:22:36.181,215.781,0,-5,14,0,0,0,0,0,0,0,0,0
2026-03-27 22:22:36.262,215.861,0,-2,15,0,0,0,0,0,0,0,0,0
2026-03-27 22:22:36.294,215.894,0,-2,15,0,0,0,0,0,0,0,0,0
2026-03-27 22:22:36.421,216.021,0,-2,14,0,0,0,0,0,0,0,0,0
2026-03-27 22:22:36.613,216.213,0,-2,14,0,0,0,0,0,0,0,0,0
2026-03-27 22:22:36.678,216.278,0,-2,14,0,0,0,0,0,0,0,0,0
2026-03-27 22:22:36.790,216.390,0,-2,15,0,0,0,0,0,0,0,0,0
2026-03-27 22:22:36.917,216.517,0,-4,14,0,0,0,0,0,0,0,0,0
2026-03-27 22:22:37.030,216.630,0,-2,15,0,0,0,0,0,0,0,0,0
2026-03-27 22:22:37.078,216.678,0,-2,14,0,0,0,0,0,0,0,0,0
2026-03-27 22:22:37.081,216.681,0,-2,14,0,0,0,0,0,0,0,0,0
2026-03-27 22:22:37.287,216.886,0,-2,14,0,0,0,0,0,0,0,0,0
2026-03-27 22:22:37.318,216.918,0,-5,14,0,0,0,0,0,0,0,0,0
2026-03-27 22:22:37.321,216.921,0,-2,14,0,0,0,0,0,0,0,0,0
2026-03-27 22:22:37.430,217.030,0,-2,14,0,0,0,0,0,0,0,0,0
2026-03-27 22:22:37.557,217.157,0,-2,14,0,0,0,0,0,0,0,0,0
2026-03-27 22:22:37.605,217.205,0,-2,14,0,0,0,0,0,0,0,0,0
2026-03-27 22:22:37.606,217.206,0,-2,15,0,0,0,0,0,0,0,0,0
2026-03-27 22:22:37.734,217.334,0,-2,14,0,0,0,0,0,0,0,0,0
2026-03-27 22:22:37.781,217.381,0,-2,14,0,0,0,0,0,0,0,0,0
2026-03-27 22:22:37.957,217.557,0,-2,14,0,0,0,0,0,0,0,0,0
2026-03-27 22:22:37.974,217.574,0,-2,14,0,0,0,0,0,0,0,0,0
2026-03-27 22:22:38.022,217.621,0,-2,14,0,0,0,0,0,0,0,0,0
2026-03-27 22:22:38.039,217.639,0,-2,14,0,0,0,0,0,0,0,0,0
2026-03-27 22:22:38.134,217.733,0,-2,14,0,0,0,0,0,0,0,0,0
2026-03-27 22:22:38.247,217.846,0,-2,14,0,0,0,0,0,0,0,0,0
2026-03-27 22:22:38.310,217.909,0,-2,14,0,0,0,0,0,0,0,0,0
2026-03-27 22:22:38.453,218.053,0,-2,12,0,0,0,0,0,0,0,0,0
2026-03-27 22:22:38.472,218.071,0,-3,14,0,0,0,0,0,0,0,0,0
2026-03-27 22:22:38.534,218.134,0,-2,14,0,0,0,0,0,0,0,0,0
2026-03-27 22:22:38.645,218.245,0,-2,14,0,0,0,0,0,0,0,0,0
2026-03-27 22:22:38.647,218.247,0,-2,15,0,0,0,0,0,0,0,0,0
2026-03-27 22:22:38.757,218.357,0,-2,14,0,0,0,0,0,0,0,0,0
2026-03-27 22:22:38.759,218.359,0,-2,14,0,0,0,0,0,0,0,0,0
2026-03-27 22:22:38.918,218.518,0,-2,14,0,0,0,0,0,0,0,0,0
2026-03-27 22:22:38.981,218.581,0,-2,14,0,0,0,0,0,0,0,0,0
2026-03-27 22:22:39.094,218.694,0,-2,14,0,0,0,0,0,0,0,0,0
2026-03-27 22:22:39.238,218.838,0,-3,14,0,0,0,0,0,0,0,0,0
2026-03-27 22:22:39.382,218.981,0,-2,15,0,0,0,0,0,0,0,0,0
2026-03-27 22:22:39.383,218.983,0,-2,15,0,0,0,0,0,0,0,0,0
2026-03-27 22:22:39.526,219.126,0,-2,14,0,0,0,0,0,0,0,0,0
2026-03-27 22:22:39.558,219.157,0,-2,14,0,0,0,0,0,0,0,0,0
2026-03-27 22:22:39.669,219.269,0,-2,14,0,0,0,0,0,0,0,0,0
2026-03-27 22:22:39.671,219.271,0,-2,15,0,0,0,0,0,0,0,0,0
2026-03-27 22:22:39.782,219.382,0,-2,14,0,0,0,0,0,0,0,0,0
2026-03-27 22:22:39.910,219.510,0,-2,14,0,0,0,0,0,0,0,0,0
2026-03-27 22:22:39.957,219.557,0,-2,14,0,0,0,0,0,0,0,0,0
2026-03-27 22:22:39.958,219.558,0,-2,14,0,0,0,0,0,0,0,0,0
2026-03-27 22:22:40.086,219.685,0,-2,14,0,0,0,0,0,0,0,0,0
2026-03-27 22:22:40.101,219.701,0,-2,14,0,0,0,0,0,0,0,0,0
2026-03-27 22:22:40.245,219.845,0,-2,14,0,0,0,0,0,0,0,0,0
2026-03-27 22:22:40.247,219.847,0,-2,14,0,0,0,0,0,0,0,0,0
2026-03-27 22:22:40.325,219.925,0,-2,14,0,0,0,0,0,0,0,0,0
2026-03-27 22:22:40.326,219.926,0,-2,14,0,0,0,0,0,0,0,0,0
2026-03-27 22:22:40.421,220.021,0,-3,14,0,0,0,0,0,0,0,0,0
2026-03-27 22:22:40.485,220.085,0,-2,14,0,0,0,0,0,0,0,0,0
2026-03-27 22:22:40.662,220.262,0,-2,12,0,0,0,0,0,0,0,0,0
2026-03-27 22:22:40.677,220.277,0,-2,14,0,0,0,0,0,0,0,0,0
2026-03-27 22:22:40.773,220.373,0,-2,14,0,0,0,0,0,0,0,0,0
2026-03-27 22:22:40.886,220.486,0,-2,15,0,0,0,0,0,0,0,0,0
2026-03-27 22:22:40.982,220.581,0,-2,14,0,0,0,0,0,0,0,0,0
2026-03-27 22:22:41.141,220.741,0,-2,14,0,0,0,0,0,0,0,0,0
2026-03-27 22:22:41.142,220.742,0,-2,14,0,0,0,0,0,0,0,0,0
2026-03-27 22:22:41.206,220.806,0,-2,14,0,0,0,0,0,0,0,0,0
2026-03-27 22:22:41.334,220.934,0,-2,14,0,0,0,0,0,0,0,0,0
2026-03-27 22:22:41.477,221.077,0,-2,14,0,0,0,0,0,0,0,0,0
2026-03-27 22:22:41.493,221.093,0,-3,14,0,0,0,0,0,0,0,0,0
2026-03-27 22:22:41.495,221.094,0,-2,14,0,0,0,0,0,0,0,0,0
2026-03-27 22:22:41.590,221.190,0,-2,14,0,0,0,0,0,0,0,0,0
2026-03-27 22:22:41.606,221.206,0,-2,14,0,0,0,0,0,0,0,0,0
2026-03-27 22:22:41.766,221.366,0,-2,15,0,0,0,0,0,0,0,0,0
2026-03-27 22:22:41.862,221.462,0,-3,14,0,0,0,0,0,0,0,0,0
2026-03-27 22:22:41.958,221.558,0,-2,14,0,0,0,0,0,0,0,0,0
2026-03-27 22:22:42.053,221.653,0,-2,14,0,0,0,0,0,0,0,0,0
2026-03-27 22:22:42.181,221.781,0,-2,12,0,0,0,0,0,0,0,0,0
2026-03-27 22:22:42.197,221.797,0,-2,12,0,0,0,0,0,0,0,0,0
2026-03-27 22:22:42.199,221.799,0,-2,15,0,0,0,0,0,0,0,0,0
2026-03-27 22:22:42.310,221.910,0,-2,14,0,0,0,0,0,0,0,0,0
2026-03-27 22:22:42.390,221.990,0,-2,14,0,0,0,0,0,0,0,0,0
2026-03-27 22:22:42.486,222.085,0,-2,14,0,0,0,0,0,0,0,0,0
2026-03-27 22:22:42.487,222.087,0,-2,14,0,0,0,0,0,0,0,0,0
2026-03-27 22:22:42.549,222.149,0,-2,14,0,0,0,0,0,0,0,0,0
2026-03-27 22:22:42.550,222.150,0,-2,15,0,0,0,0,0,0,0,0,0
2026-03-27 22:22:42.613,222.213,0,-2,14,0,0,0,0,0,0,0,0,0
2026-03-27 22:22:42.614,222.214,0,-2,14,0,0,0,0,0,0,0,0,0
2026-03-27 22:22:42.758,222.358,0,-2,14,0,0,0,0,0,0,0,0,0
2026-03-27 22:22:42.917,222.517,0,-2,14,0,0,0,0,0,0,0,0,0
2026-03-27 22:22:42.918,222.518,0,-2,15,0,0,0,0,0,0,0,0,0
2026-03-27 22:22:42.949,222.549,0,-5,14,0,0,0,0,0,0,0,0,0
2026-03-27 22:22:43.094,222.693,0,-2,14,0,0,0,0,0,0,0,0,0
2026-03-27 22:22:43.173,222.773,0,-2,14,0,0,0,0,0,0,0,0,0
2026-03-27 22:22:43.317,222.917,0,-3,14,0,0,0,0,0,0,0,0,0
2026-03-27 22:22:43.397,222.997,0,-2,14,0,0,0,0,0,0,0,0,0
2026-03-27 22:22:43.477,223.077,0,-2,14,0,0,0,0,0,0,0,0,0
2026-03-27 22:22:43.479,223.079,0,-2,14,0,0,0,0,0,0,0,0,0
2026-03-27 22:22:43.574,223.174,0,-2,14,0,0,0,0,0,0,0,0,0
2026-03-27 22:22:43.590,223.190,0,-2,15,0,0,0,0,0,0,0,0,0
2026-03-27 22:22:43.701,223.301,0,-2,15,0,0,0,0,0,0,0,0,0
2026-03-27 22:22:43.765,223.365,0,-2,14,0,0,0,0,0,0,0,0,0
2026-03-27 22:22:43.942,223.542,0,-2,14,0,0,0,0,0,0,0,0,0
2026-03-27 22:22:43.990,223.589,0,-2,14,0,0,0,0,0,0,0,0,0
2026-03-27 22:22:43.991,223.591,0,-1,15,0,0,0,0,0,0,0,0,0
2026-03-27 22:22:44.005,223.605,0,-5,15,0,0,0,0,0,0,0,0,0
2026-03-27 22:22:44.085,223.685,0,-4,14,0,0,0,0,0,0,0,0,0
2026-03-27 22:22:44.213,223.813,0,-2,14,0,0,0,0,0,0,0,0,0
2026-03-27 22:22:44.293,223.893,0,-2,14,0,0,0,0,0,0,0,0,0
2026-03-27 22:22:44.421,224.021,0,-2,14,0,0,0,0,0,0,0,0,0
2026-03-27 22:22:44.502,224.102,0,-2,14,0,0,0,0,0,0,0,0,0
2026-03-27 22:22:44.677,224.277,0,-2,14,0,0,0,0,0,0,0,0,0
2026-03-27 22:22:44.709,224.309,0,-2,14,0,0,0,0,0,0,0,0,0
2026-03-27 22:22:44.837,224.437,0,-2,15,0,0,0,0,0,0,0,0,0
2026-03-27 22:22:44.885,224.485,0,-2,14,0,0,0,0,0,0,0,0,0
2026-03-27 22:22:44.901,224.501,0,-1,15,0,0,0,0,0,0,0,0,0
2026-03-27 22:22:44.902,224.502,0,-2,14,0,0,0,0,0,0,0,0,0
2026-03-27 22:22:44.949,224.549,0,-2,14,0,0,0,0,0,0,0,0,0
2026-03-27 22:22:45.045,224.645,0,-2,14,0,0,0,0,0,0,0,0,0
2026-03-27 22:22:45.237,224.837,0,-2,14,0,0,0,0,0,0,0,0,0
2026-03-27 22:22:45.301,224.901,0,-2,14,0,0,0,0,0,0,0,0,0
2026-03-27 22:22:45.302,224.902,0,-2,15,0,0,0,0,0,0,0,0,0
2026-03-27 22:22:45.397,224.997,0,-2,14,0,0,0,0,0,0,0,0,0
2026-03-27 22:22:45.398,224.998,0,-2,15,0,0,0,0,0,0,0,0,0
2026-03-27 22:22:45.400,225.000,0,-2,14,0,0,0,0,0,0,0,0,0
2026-03-27 22:22:45.494,225.094,0,-2,14,0,0,0,0,0,0,0,0,0
2026-03-27 22:22:45.605,225.205,0,-2,14,0,0,0,0,0,0,0,0,0
2026-03-27 22:22:45.701,225.301,0,-2,14,0,0,0,0,0,0,0,0,0
2026-03-27 22:22:45.797,225.397,0,-2,14,0,0,0,0,0,0,0,0,0
2026-03-27 22:22:45.877,225.477,0,-3,14,0,0,0,0,0,0,0,0,0
2026-03-27 22:22:46.004,225.604,0,-2,14,0,0,0,0,0,0,0,0,0
2026-03-27 22:22:46.022,225.621,0,-2,14,0,0,0,0,0,0,0,0,0
2026-03-27 22:22:46.053,225.653,0,-2,14,0,0,0,0,0,0,0,0,0
2026-03-27 22:22:46.181,225.781,0,-2,14,0,0,0,0,0,0,0,0,0
2026-03-27 22:22:46.309,225.909,0,-2,14,0,0,0,0,0,0,0,0,0
2026-03-27 22:22:46.325,225.925,0,-3,14,0,0,0,0,0,0,0,0,0
2026-03-27 22:22:46.437,226.037,0,-2,15,0,0,0,0,0,0,0,0,0
2026-03-27 22:22:46.454,226.054,0,-2,14,0,0,0,0,0,0,0,0,0
2026-03-27 22:22:46.581,226.181,0,-2,14,0,0,0,0,0,0,0,0,0
2026-03-27 22:22:46.598,226.198,0,-2,14,0,0,0,0,0,0,0,0,0
2026-03-27 22:22:46.710,226.309,0,-2,14,0,0,0,0,0,0,0,0,0
2026-03-27 22:22:46.773,226.373,0,-2,14,0,0,0,0,0,0,0,0,0
2026-03-27 22:22:46.965,226.565,0,-2,14,0,0,0,0,0,0,0,0,0
2026-03-27 22:22:47.093,226.693,0,-2,14,0,0,0,0,0,0,0,0,0
2026-03-27 22:22:47.125,226.725,0,-2,14,0,0,0,0,0,0,0,0,0
2026-03-27 22:22:47.126,226.726,0,-2,14,0,0,0,0,0,0,0,0,0
2026-03-27 22:22:47.141,226.740,0,-2,14,0,0,0,0,0,0,0,0,0
2026-03-27 22:22:47.253,226.853,0,-2,14,0,0,0,0,0,0,0,0,0
2026-03-27 22:22:47.255,226.855,0,-3,15,0,0,0,0,0,0,0,0,0
2026-03-27 22:22:47.349,226.949,0,-2,14,0,0,0,0,0,0,0,0,0
2026-03-27 22:22:47.428,227.028,0,-2,14,0,0,0,0,0,0,0,0,0
2026-03-27 22:22:47.430,227.030,0,-3,15,0,0,0,0,0,0,0,0,0
2026-03-27 22:22:47.590,227.189,0,-2,14,0,0,0,0,0,0,0,0,0
2026-03-27 22:22:47.669,227.269,0,-3,14,0,0,0,0,0,0,0,0,0
2026-03-27 22:22:47.797,227.397,0,-2,14,0,0,0,0,0,0,0,0,0
2026-03-27 22:22:47.910,227.509,0,-2,14,0,0,0,0,0,0,0,0,0
2026-03-27 22:22:48.069,227.669,0,-2,14,0,0,0,0,0,0,0,0,0
2026-03-27 22:22:48.214,227.814,0,-2,14,0,0,0,0,0,0,0,0,0
2026-03-27 22:22:48.215,227.815,0,-1,15,0,0,0,0,0,0,0,0,0
2026-03-27 22:22:48.293,227.892,0,-3,14,0,0,0,0,0,0,0,0,0
2026-03-27 22:22:48.294,227.894,0,-2,14,0,0,0,0,0,0,0,0,0
2026-03-27 22:22:48.341,227.941,0,-2,14,0,0,0,0,0,0,0,0,0
2026-03-27 22:22:48.486,228.085,0,-2,14,0,0,0,0,0,0,0,0,0
2026-03-27 22:22:48.629,228.229,0,-2,15,0,0,0,0,0,0,0,0,0
2026-03-27 22:22:48.630,228.230,0,-2,15,0,0,0,0,0,0,0,0,0
2026-03-27 22:22:48.632,228.231,0,-2,14,0,0,0,0,0,0,0,0,0
2026-03-27 22:22:48.709,228.309,0,-2,14,0,0,0,0,0,0,0,0,0
2026-03-27 22:22:48.757,228.357,0,-2,14,0,0,0,0,0,0,0,0,0
2026-03-27 22:22:48.884,228.484,0,-5,14,0,0,0,0,0,0,0,0,0
2026-03-27 22:22:48.886,228.485,0,-5,15,0,0,0,0,0,0,0,0,0
2026-03-27 22:22:48.997,228.597,0,-2,14,0,0,0,0,0,0,0,0,0
2026-03-27 22:22:48.998,228.598,0,-1,15,0,0,0,0,0,0,0,0,0
2026-03-27 22:22:49.013,228.613,0,-2,14,0,0,0,0,0,0,0,0,0
2026-03-27 22:22:49.189,228.789,0,-2,14,0,0,0,0,0,0,0,0,0
2026-03-27 22:22:49.221,228.821,0,-2,14,0,0,0,0,0,0,0,0,0
2026-03-27 22:22:49.237,228.837,0,-2,14,0,0,0,0,0,0,0,0,0
2026-03-27 22:22:49.316,228.916,0,-2,14,0,0,0,0,0,0,0,0,0
2026-03-27 22:22:49.413,229.013,0,-2,14,0,0,0,0,0,0,0,0,0
2026-03-27 22:22:49.541,229.141,0,-2,14,0,0,0,0,0,0,0,0,0
2026-03-27 22:22:49.637,229.237,0,-2,14,0,0,0,0,0,0,0,0,0
2026-03-27 22:22:49.717,229.317,0,-2,14,0,0,0,0,0,0,0,0,0
2026-03-27 22:22:49.733,229.333,0,-2,14,0,0,0,0,0,0,0,0,0
2026-03-27 22:22:49.797,229.397,0,-2,14,0,0,0,0,0,0,0,0,0
2026-03-27 22:22:49.893,229.493,0,-2,14,0,0,0,0,0,0,0,0,0
2026-03-27 22:22:49.989,229.589,0,-2,14,0,0,0,0,0,0,0,0,0
2026-03-27 22:22:49.991,229.590,0,-2,15,0,0,0,0,0,0,0,0,0
2026-03-27 22:22:49.992,229.592,0,-2,14,0,0,0,0,0,0,0,0,0
2026-03-27 22:22:50.117,229.717,0,-2,14,0,0,0,0,0,0,0,0,0
2026-03-27 22:22:50.245,229.845,0,-2,14,0,0,0,0,0,0,0,0,0
2026-03-27 22:22:50.341,229.941,0,-3,14,0,0,0,0,0,0,0,0,0
2026-03-27 22:22:50.436,230.036,0,-2,14,0,0,0,0,0,0,0,0,0
2026-03-27 22:22:50.438,230.038,0,-2,14,0,0,0,0,0,0,0,0,0
2026-03-27 22:22:50.565,230.165,0,-2,14,0,0,0,0,0,0,0,0,0
2026-03-27 22:22:50.660,230.260,0,-2,12,0,0,0,0,0,0,0,0,0
2026-03-27 22:22:50.662,230.262,0,-3,11,0,0,0,0,0,0,0,0,0
2026-03-27 22:22:50.725,230.325,0,-2,14,0,0,0,0,0,0,0,0,0
2026-03-27 22:22:50.726,230.326,0,-4,14,0,0,0,0,0,0,0,0,0
2026-03-27 22:22:50.727,230.327,0,-2,14,0,0,0,0,0,0,0,0,0
2026-03-27 22:22:50.837,230.437,0,-2,14,0,0,0,0,0,0,0,0,0
2026-03-27 22:22:50.949,230.549,0,-2,14,0,0,0,0,0,0,0,0,0
2026-03-27 22:22:51.109,230.709,0,-2,14,0,0,0,0,0,0,0,0,0
2026-03-27 22:22:51.156,230.756,0,-2,14,0,0,0,0,0,0,0,0,0
2026-03-27 22:22:51.269,230.869,0,-2,15,0,0,0,0,0,0,0,0,0
2026-03-27 22:22:51.317,230.917,0,-2,12,0,0,0,0,0,0,0,0,0
2026-03-27 22:22:51.508,231.108,0,-3,14,0,0,0,0,0,0,0,0,0
2026-03-27 22:22:51.605,231.204,0,-2,14,0,0,0,0,0,0,0,0,0
2026-03-27 22:22:51.636,231.236,0,-2,14,0,0,0,0,0,0,0,0,0
2026-03-27 22:22:51.638,231.237,0,-2,14,0,0,0,0,0,0,0,0,0
2026-03-27 22:22:51.652,231.252,0,-2,15,0,0,0,0,0,0,0,0,0
2026-03-27 22:22:51.700,231.300,0,-2,14,0,0,0,0,0,0,0,0,0
2026-03-27 22:22:51.716,231.316,0,-2,14,0,0,0,0,0,0,0,0,0
2026-03-27 22:22:51.719,231.319,0,-2,15,0,0,0,0,0,0,0,0,0
2026-03-27 22:22:51.829,231.429,0,-2,14,0,0,0,0,0,0,0,0,0
2026-03-27 22:22:51.908,231.508,0,-2,14,0,0,0,0,0,0,0,0,0
2026-03-27 22:22:51.925,231.525,0,-2,14,0,0,0,0,0,0,0,0,0
2026-03-27 22:22:52.101,231.701,0,-2,14,0,0,0,0,0,0,0,0,0
2026-03-27 22:22:52.132,231.732,0,-3,14,0,0,0,0,0,0,0,0,0
2026-03-27 22:22:52.213,231.813,0,-5,14,0,0,0,0,0,0,0,0,0
2026-03-27 22:22:52.341,231.941,0,-2,14,0,0,0,0,0,0,0,0,0
2026-03-27 22:22:52.469,232.069,0,-2,14,0,0,0,0,0,0,0,0,0
2026-03-27 22:22:52.693,232.293,0,-2,14,0,0,0,0,0,0,0,0,0
2026-03-27 22:22:52.821,232.421,0,-2,14,0,0,0,0,0,0,0,0,0
2026-03-27 22:22:52.824,232.424,0,-2,14,0,0,0,0,0,0,0,0,0
2026-03-27 22:22:52.917,232.517,0,-2,14,0,0,0,0,0,0,0,0,0
2026-03-27 22:22:52.920,232.520,0,-2,14,0,0,0,0,0,0,0,0,0
2026-03-27 22:22:53.045,232.645,0,-2,14,0,0,0,0,0,0,0,0,0
2026-03-27 22:22:53.189,232.788,0,-2,14,0,0,0,0,0,0,0,0,0
2026-03-27 22:22:53.236,232.836,0,-3,14,0,0,0,0,0,0,0,0,0
2026-03-27 22:22:53.238,232.838,0,-2,14,0,0,0,0,0,0,0,0,0
2026-03-27 22:22:53.365,232.965,0,-2,14,0,0,0,0,0,0,0,0,0
2026-03-27 22:22:53.476,233.076,0,-2,14,0,0,0,0,0,0,0,0,0
2026-03-27 22:22:53.478,233.077,0,-3,14,0,0,0,0,0,0,0,0,0
2026-03-27 22:22:53.588,233.188,0,-2,14,0,0,0,0,0,0,0,0,0
2026-03-27 22:22:53.684,233.284,0,-2,14,0,0,0,0,0,0,0,0,0
2026-03-27 22:22:53.716,233.316,0,-2,14,0,0,0,0,0,0,0,0,0
2026-03-27 22:22:53.717,233.317,0,-1,15,0,0,0,0,0,0,0,0,0
2026-03-27 22:22:53.719,233.319,-2,0,14,0,0,0,0,0,0,0,0,0
2026-03-27 22:22:53.908,233.508,0,-2,14,0,0,0,0,0,0,0,0,0
2026-03-27 22:22:53.988,233.588,0,-2,14,0,0,0,0,0,0,0,0,0
2026-03-27 22:22:53.991,233.590,0,-2,14,0,0,0,0,0,0,0,0,0
2026-03-27 22:22:54.037,233.636,0,-2,14,0,0,0,0,0,0,0,0,0
2026-03-27 22:22:54.148,233.748,0,-2,14,0,0,0,0,0,0,0,0,0
2026-03-27 22:22:54.245,233.845,0,-2,14,0,0,0,0,0,0,0,0,0
2026-03-27 22:22:54.373,233.972,0,-2,14,0,0,0,0,0,0,0,0,0
2026-03-27 22:22:54.388,233.988,0,-2,15,0,0,0,0,0,0,0,0,0
2026-03-27 22:22:54.485,234.084,0,-2,14,0,0,0,0,0,0,0,0,0
2026-03-27 22:22:54.596,234.196,0,-3,14,0,0,0,0,0,0,0,0,0
2026-03-27 22:22:54.598,234.198,0,-2,14,0,0,0,0,0,0,0,0,0
2026-03-27 22:22:54.693,234.292,0,-2,14,0,0,0,0,0,0,0,0,0
2026-03-27 22:22:54.869,234.468,0,-2,14,0,0,0,0,0,0,0,0,0
2026-03-27 22:22:54.885,234.484,0,-2,15,0,0,0,0,0,0,0,0,0
2026-03-27 22:22:54.996,234.596,0,-2,15,0,0,0,0,0,0,0,0,0
2026-03-27 22:22:55.014,234.614,0,-2,14,0,0,0,0,0,0,0,0,0
2026-03-27 22:22:55.092,234.692,0,-2,14,0,0,0,0,0,0,0,0,0
2026-03-27 22:22:55.093,234.693,0,-2,15,0,0,0,0,0,0,0,0,0
2026-03-27 22:22:55.094,234.694,0,-2,14,0,0,0,0,0,0,0,0,0
2026-03-27 22:22:55.188,234.788,0,-2,14,0,0,0,0,0,0,0,0,0
2026-03-27 22:22:55.317,234.916,0,-2,14,0,0,0,0,0,0,0,0,0
2026-03-27 22:22:55.396,234.996,0,-3,14,0,0,0,0,0,0,0,0,0
2026-03-27 22:22:55.398,234.998,0,-2,15,0,0,0,0,0,0,0,0,0
2026-03-27 22:22:55.476,235.076,0,-2,14,0,0,0,0,0,0,0,0,0
2026-03-27 22:22:55.493,235.093,0,-2,14,0,0,0,0,0,0,0,0,0
2026-03-27 22:22:55.652,235.252,0,-2,14,0,0,0,0,0,0,0,0,0
2026-03-27 22:22:55.700,235.300,0,-2,14,0,0,0,0,0,0,0,0,0
2026-03-27 22:22:55.703,235.302,0,-2,14,0,0,0,0,0,0,0,0,0
2026-03-27 22:22:55.813,235.412,0,-3,14,0,0,0,0,0,0,0,0,0
2026-03-27 22:22:55.924,235.524,0,-2,14,0,0,0,0,0,0,0,0,0
2026-03-27 22:22:56.020,235.620,0,-5,14,0,0,0,0,0,0,0,0,0
2026-03-27 22:22:56.196,235.796,0,-2,14,0,0,0,0,0,0,0,0,0
2026-03-27 22:22:56.198,235.798,0,-2,15,0,0,0,0,0,0,0,0,0
2026-03-27 22:22:56.468,236.068,0,-5,14,0,0,0,0,0,0,0,0,0
2026-03-27 22:22:56.484,236.084,0,-4,15,0,0,0,0,0,0,0,0,0
2026-03-27 22:22:56.548,236.148,0,-2,14,0,0,0,0,0,0,0,0,0
2026-03-27 22:22:56.550,236.150,0,-3,14,0,0,0,0,0,0,0,0,0
2026-03-27 22:22:56.836,236.436,0,-3,14,0,0,0,0,0,0,0,0,0
2026-03-27 22:22:56.838,236.438,0,-3,14,0,0,0,0,0,0,0,0,0
2026-03-27 22:22:56.840,236.440,0,-2,14,0,0,0,0,0,0,0,0,0
2026-03-27 22:22:56.901,236.501,0,-2,14,0,0,0,0,0,0,0,0,0
2026-03-27 22:22:56.964,236.564,0,-2,14,0,0,0,0,0,0,0,0,0
2026-03-27 22:22:56.966,236.566,0,-2,15,0,0,0,0,0,0,0,0,0
2026-03-27 22:22:56.968,236.568,0,0,0,0,0,0,0,0,0,0,0,0
2026-03-27 22:22:57.076,236.676,0,-2,14,0,0,0,0,0,0,0,0,0
2026-03-27 22:22:57.093,236.693,0,-2,14,0,0,0,0,0,0,0,0,0
2026-03-27 22:22:57.204,236.804,0,-2,14,0,0,0,0,0,0,0,0,0
2026-03-27 22:22:57.332,236.932,0,-2,14,0,0,0,0,0,0,0,0,0
2026-03-27 22:22:57.396,236.996,0,-2,14,0,0,0,0,0,0,0,0,0
2026-03-27 22:22:57.588,237.188,0,-2,14,0,0,0,0,0,0,0,0,0
2026-03-27 22:22:57.972,237.572,0,-2,14,0,0,0,0,0,0,0,0,0
2026-03-27 22:22:57.988,237.588,0,-2,15,0,0,0,0,0,0,0,0,0
2026-03-27 22:22:58.084,237.684,0,-2,14,0,0,0,0,0,0,0,0,0
2026-03-27 22:22:58.100,237.700,0,-2,14,0,0,0,0,0,0,0,0,0
2026-03-27 22:22:58.149,237.749,0,-2,14,0,0,0,0,0,0,0,0,0
2026-03-27 22:22:58.276,237.876,0,-2,14,0,0,0,0,0,0,0,0,0
2026-03-27 22:22:58.324,237.924,0,-2,14,0,0,0,0,0,0,0,0,0
2026-03-27 22:22:58.468,238.068,0,-3,14,0,0,0,0,0,0,0,0,0
2026-03-27 22:22:58.549,238.148,0,-2,14,0,0,0,0,0,0,0,0,0
2026-03-27 22:22:58.708,238.308,0,-2,14,0,0,0,0,0,0,0,0,0
2026-03-27 22:22:58.788,238.388,0,-2,14,0,0,0,0,0,0,0,0,0
2026-03-27 22:22:58.836,238.436,0,-2,14,0,0,0,0,0,0,0,0,0
2026-03-27 22:22:58.932,238.532,0,-2,14,0,0,0,0,0,0,0,0,0
2026-03-27 22:22:59.220,238.820,0,-2,14,0,0,0,0,0,0,0,0,0
2026-03-27 22:22:59.223,238.823,0,-3,14,0,0,0,0,0,0,0,0,0
2026-03-27 22:22:59.300,238.900,0,-3,14,0,0,0,0,0,0,0,0,0
2026-03-27 22:22:59.444,239.044,0,-2,14,0,0,0,0,0,0,0,0,0
2026-03-27 22:22:59.556,239.156,0,-2,15,0,0,0,0,0,0,0,0,0
2026-03-27 22:22:59.620,239.220,0,-2,14,0,0,0,0,0,0,0,0,0
2026-03-27 22:22:59.732,239.332,0,-2,14,0,0,0,0,0,0,0,0,0
2026-03-27 22:22:59.750,239.350,0,-2,14,0,0,0,0,0,0,0,0,0
2026-03-27 22:22:59.844,239.444,0,-2,14,0,0,0,0,0,0,0,0,0
2026-03-27 22:22:59.846,239.446,0,-2,15,0,0,0,0,0,0,0,0,0
2026-03-27 22:22:59.972,239.572,0,-2,14,0,0,0,0,0,0,0,0,0
2026-03-27 22:22:59.973,239.573,0,-2,14,0,0,0,0,0,0,0,0,0
2026-03-27 22:23:00.052,239.652,0,-2,14,0,0,0,0,0,0,0,0,0
2026-03-27 22:23:00.053,239.653,0,-2,15,0,0,0,0,0,0,0,0,0
2026-03-27 22:23:00.212,239.812,0,-2,14,0,0,0,0,0,0,0,0,0
2026-03-27 22:23:00.215,239.815,0,-2,15,0,0,0,0,0,0,0,0,0
2026-03-27 22:23:00.324,239.924,0,-2,14,0,0,0,0,0,0,0,0,0
2026-03-27 22:23:00.356,239.956,0,-2,14,0,0,0,0,0,0,0,0,0
2026-03-27 22:23:00.452,240.052,0,-2,12,0,0,0,0,0,0,0,0,0
2026-03-27 22:23:00.453,240.053,0,-2,12,0,0,0,0,0,0,0,0,0
2026-03-27 22:23:00.549,240.148,0,-3,14,0,0,0,0,0,0,0,0,0
2026-03-27 22:23:00.708,240.308,0,-2,14,0,0,0,0,0,0,0,0,0
2026-03-27 22:23:00.804,240.404,0,-2,14,0,0,0,0,0,0,0,0,0
2026-03-27 22:23:00.916,240.516,0,-2,14,0,0,0,0,0,0,0,0,0
2026-03-27 22:23:00.980,240.580,0,-2,14,0,0,0,0,0,0,0,0,0
2026-03-27 22:23:00.984,240.584,0,-2,14,0,0,0,0,0,0,0,0,0
2026-03-27 22:23:01.140,240.740,0,-2,14,0,0,0,0,0,0,0,0,0
2026-03-27 22:23:01.204,240.804,0,-2,14,0,0,0,0,0,0,0,0,0
2026-03-27 22:23:01.300,240.900,0,-5,14,0,0,0,0,0,0,0,0,0
2026-03-27 22:23:01.317,240.917,0,-5,14,0,0,0,0,0,0,0,0,0
2026-03-27 22:23:01.320,240.920,0,-2,14,0,0,0,0,0,0,0,0,0
2026-03-27 22:23:01.396,240.996,0,-2,14,0,0,0,0,0,0,0,0,0
2026-03-27 22:23:01.556,241.156,0,-2,14,0,0,0,0,0,0,0,0,0
2026-03-27 22:23:01.620,241.220,0,-2,14,0,0,0,0,0,0,0,0,0
2026-03-27 22:23:01.732,241.332,0,-2,14,0,0,0,0,0,0,0,0,0
2026-03-27 22:23:01.924,241.524,0,-2,14,0,0,0,0,0,0,0,0,0
2026-03-27 22:23:01.988,241.588,0,-2,14,0,0,0,0,0,0,0,0,0
2026-03-27 22:23:01.989,241.589,0,-2,14,0,0,0,0,0,0,0,0,0
2026-03-27 22:23:02.068,241.668,0,-2,14,0,0,0,0,0,0,0,0,0
2026-03-27 22:23:02.212,241.812,0,-2,15,0,0,0,0,0,0,0,0,0
2026-03-27 22:23:02.308,241.908,0,-2,14,0,0,0,0,0,0,0,0,0
2026-03-27 22:23:02.325,241.925,0,-2,14,0,0,0,0,0,0,0,0,0
2026-03-27 22:23:02.372,241.972,0,-2,14,0,0,0,0,0,0,0,0,0
2026-03-27 22:23:02.516,242.116,0,-2,14,0,0,0,0,0,0,0,0,0
2026-03-27 22:23:02.676,242.276,0,-2,14,0,0,0,0,0,0,0,0,0
2026-03-27 22:23:02.708,242.308,0,-2,14,0,0,0,0,0,0,0,0,0
2026-03-27 22:23:02.804,242.404,0,-2,14,0,0,0,0,0,0,0,0,0
2026-03-27 22:23:02.948,242.548,0,-2,14,0,0,0,0,0,0,0,0,0
2026-03-27 22:23:02.951,242.551,0,-2,14,0,0,0,0,0,0,0,0,0
2026-03-27 22:23:03.060,242.660,0,-2,14,0,0,0,0,0,0,0,0,0
2026-03-27 22:23:03.188,242.787,0,-2,14,0,0,0,0,0,0,0,0,0
2026-03-27 22:23:03.284,242.884,0,-2,14,0,0,0,0,0,0,0,0,0
2026-03-27 22:23:03.444,243.044,0,-2,14,0,0,0,0,0,0,0,0,0
2026-03-27 22:23:03.492,243.092,0,-5,14,0,0,0,0,0,0,0,0,0
2026-03-27 22:23:03.493,243.093,0,-5,14,0,0,0,0,0,0,0,0,0
2026-03-27 22:23:03.588,243.188,0,-5,14,0,0,0,0,0,0,0,0,0
2026-03-27 22:23:03.700,243.300,0,-3,14,0,0,0,0,0,0,0,0,0
2026-03-27 22:23:03.716,243.316,0,-2,14,0,0,0,0,0,0,0,0,0
2026-03-27 22:23:03.860,243.460,0,-2,14,0,0,0,0,0,0,0,0,0
2026-03-27 22:23:03.892,243.492,0,-2,14,0,0,0,0,0,0,0,0,0
2026-03-27 22:23:03.908,243.508,0,-2,14,0,0,0,0,0,0,0,0,0
2026-03-27 22:23:04.020,243.620,0,-3,15,0,0,0,0,0,0,0,0,0
2026-03-27 22:23:04.132,243.731,0,-2,14,0,0,0,0,0,0,0,0,0
2026-03-27 22:23:04.133,243.733,0,-2,14,0,0,0,0,0,0,0,0,0
2026-03-27 22:23:04.244,243.844,0,-2,14,0,0,0,0,0,0,0,0,0
2026-03-27 22:23:04.245,243.845,0,-2,15,0,0,0,0,0,0,0,0,0
2026-03-27 22:23:04.292,243.892,0,-2,14,0,0,0,0,0,0,0,0,0
2026-03-27 22:23:04.293,243.893,0,-2,14,0,0,0,0,0,0,0,0,0
2026-03-27 22:23:04.295,243.895,0,0,0,0,0,0,0,0,0,0,0,0
2026-03-27 22:23:04.436,244.035,0,-2,15,0,0,0,0,0,0,0,0,0
2026-03-27 22:23:04.437,244.037,0,-2,15,0,0,0,0,0,0,0,0,0
2026-03-27 22:23:04.516,244.116,0,-2,14,0,0,0,0,0,0,0,0,0
2026-03-27 22:23:04.644,244.244,0,-2,14,0,0,0,0,0,0,0,0,0
2026-03-27 22:23:04.676,244.276,0,-2,14,0,0,0,0,0,0,0,0,0
2026-03-27 22:23:04.836,244.436,0,-2,15,0,0,0,0,0,0,0,0,0
2026-03-27 22:23:04.884,244.484,0,-5,14,0,0,0,0,0,0,0,0,0
2026-03-27 22:23:04.980,244.580,0,-2,14,0,0,0,0,0,0,0,0,0
2026-03-27 22:23:04.997,244.597,0,-2,14,0,0,0,0,0,0,0,0,0
2026-03-27 22:23:05.044,244.644,0,-2,14,0,0,0,0,0,0,0,0,0
2026-03-27 22:23:05.156,244.756,0,-2,14,0,0,0,0,0,0,0,0,0
2026-03-27 22:23:05.236,244.836,0,-2,15,0,0,0,0,0,0,0,0,0
2026-03-27 22:23:05.316,244.916,0,-2,14,0,0,0,0,0,0,0,0,0
2026-03-27 22:23:05.460,245.060,0,-2,14,0,0,0,0,0,0,0,0,0
2026-03-27 22:23:05.540,245.140,0,-2,14,0,0,0,0,0,0,0,0,0
2026-03-27 22:23:05.684,245.283,0,-2,14,0,0,0,0,0,0,0,0,0
2026-03-27 22:23:05.685,245.285,0,-2,14,0,0,0,0,0,0,0,0,0
2026-03-27 22:23:05.732,245.331,0,-5,14,0,0,0,0,0,0,0,0,0
2026-03-27 22:23:05.733,245.333,0,-2,15,0,0,0,0,0,0,0,0,0
2026-03-27 22:23:05.780,245.380,0,-2,14,0,0,0,0,0,0,0,0,0
2026-03-27 22:23:05.940,245.540,0,-2,14,0,0,0,0,0,0,0,0,0
2026-03-27 22:23:06.037,245.637,0,-2,14,0,0,0,0,0,0,0,0,0
2026-03-27 22:23:06.196,245.796,0,-2,14,0,0,0,0,0,0,0,0,0
2026-03-27 22:23:06.309,245.908,0,-3,14,0,0,0,0,0,0,0,0,0
2026-03-27 22:23:06.372,245.972,0,-2,14,0,0,0,0,0,0,0,0,0
2026-03-27 22:23:06.516,246.116,0,-2,14,0,0,0,0,0,0,0,0,0
2026-03-27 22:23:06.518,246.118,0,-5,14,0,0,0,0,0,0,0,0,0
2026-03-27 22:23:06.644,246.244,0,-4,14,0,0,0,0,0,0,0,0,0
2026-03-27 22:23:06.646,246.246,0,-2,15,0,0,0,0,0,0,0,0,0
2026-03-27 22:23:06.757,246.357,0,-2,14,0,0,0,0,0,0,0,0,0
2026-03-27 22:23:06.868,246.468,0,-2,15,0,0,0,0,0,0,0,0,0
2026-03-27 22:23:06.980,246.580,0,-2,14,0,0,0,0,0,0,0,0,0
2026-03-27 22:23:06.981,246.581,0,-2,14,0,0,0,0,0,0,0,0,0
2026-03-27 22:23:06.983,246.583,0,-2,14,0,0,0,0,0,0,0,0,0
2026-03-27 22:23:07.012,246.612,0,-2,14,0,0,0,0,0,0,0,0,0
2026-03-27 22:23:07.124,246.724,0,-3,14,0,0,0,0,0,0,0,0,0
2026-03-27 22:23:07.125,246.725,0,-2,14,0,0,0,0,0,0,0,0,0
2026-03-27 22:23:07.237,246.837,0,-2,15,0,0,0,0,0,0,0,0,0
2026-03-27 22:23:07.349,246.948,0,-5,14,0,0,0,0,0,0,0,0,0
2026-03-27 22:23:07.444,247.044,0,-5,11,0,0,0,0,0,0,0,0,0
2026-03-27 22:23:07.459,247.059,0,-3,14,0,0,0,0,0,0,0,0,0
2026-03-27 22:23:07.556,247.156,0,-2,14,0,0,0,0,0,0,0,0,0
2026-03-27 22:23:07.667,247.267,0,-2,14,0,0,0,0,0,0,0,0,0
2026-03-27 22:23:07.669,247.269,0,-2,14,0,0,0,0,0,0,0,0,0
2026-03-27 22:23:07.844,247.444,0,-2,14,0,0,0,0,0,0,0,0,0
2026-03-27 22:23:07.940,247.540,0,-2,14,0,0,0,0,0,0,0,0,0
2026-03-27 22:23:07.988,247.588,0,-2,15,0,0,0,0,0,0,0,0,0
2026-03-27 22:23:08.035,247.635,0,-2,14,0,0,0,0,0,0,0,0,0
2026-03-27 22:23:08.228,247.828,0,-2,14,0,0,0,0,0,0,0,0,0
2026-03-27 22:23:08.229,247.829,0,-2,15,0,0,0,0,0,0,0,0,0
2026-03-27 22:23:08.372,247.972,0,-2,14,0,0,0,0,0,0,0,0,0
2026-03-27 22:23:08.467,248.067,0,-2,11,0,0,0,0,0,0,0,0,0
2026-03-27 22:23:08.469,248.069,0,-2,13,0,0,0,0,0,0,0,0,0
2026-03-27 22:23:08.471,248.071,0,-2,14,0,0,0,0,0,0,0,0,0
2026-03-27 22:23:08.549,248.149,0,-2,14,0,0,0,0,0,0,0,0,0
2026-03-27 22:23:08.551,248.151,0,-3,14,0,0,0,0,0,0,0,0,0
2026-03-27 22:23:08.661,248.260,0,-2,14,0,0,0,0,0,0,0,0,0
2026-03-27 22:23:08.804,248.404,0,-2,14,0,0,0,0,0,0,0,0,0
2026-03-27 22:23:08.932,248.532,0,-2,14,0,0,0,0,0,0,0,0,0
2026-03-27 22:23:08.934,248.534,0,-2,15,0,0,0,0,0,0,0,0,0
2026-03-27 22:23:08.980,248.580,0,-2,14,0,0,0,0,0,0,0,0,0
2026-03-27 22:23:09.108,248.708,0,-2,14,0,0,0,0,0,0,0,0,0
2026-03-27 22:23:09.171,248.771,0,-2,14,0,0,0,0,0,0,0,0,0
2026-03-27 22:23:09.173,248.773,0,-2,14,0,0,0,0,0,0,0,0,0
2026-03-27 22:23:09.316,248.916,0,-2,14,0,0,0,0,0,0,0,0,0
2026-03-27 22:23:09.396,248.996,0,-2,15,0,0,0,0,0,0,0,0,0
2026-03-27 22:23:09.444,249.044,0,-2,14,0,0,0,0,0,0,0,0,0
2026-03-27 22:23:09.460,249.060,0,-3,14,0,0,0,0,0,0,0,0,0
2026-03-27 22:23:09.620,249.219,0,-2,14,0,0,0,0,0,0,0,0,0
2026-03-27 22:23:09.764,249.364,0,-2,14,0,0,0,0,0,0,0,0,0
2026-03-27 22:23:09.796,249.396,0,-2,14,0,0,0,0,0,0,0,0,0
2026-03-27 22:23:09.940,249.540,0,-2,14,0,0,0,0,0,0,0,0,0
2026-03-27 22:23:10.196,249.795,0,-2,14,0,0,0,0,0,0,0,0,0
2026-03-27 22:23:10.308,249.908,0,-2,14,0,0,0,0,0,0,0,0,0
2026-03-27 22:23:10.372,249.972,0,-2,14,0,0,0,0,0,0,0,0,0
2026-03-27 22:23:10.388,249.988,0,-2,15,0,0,0,0,0,0,0,0,0
2026-03-27 22:23:10.500,250.099,0,-2,14,0,0,0,0,0,0,0,0,0
2026-03-27 22:23:10.516,250.116,0,-2,15,0,0,0,0,0,0,0,0,0
2026-03-27 22:23:10.517,250.117,0,-2,12,0,0,0,0,0,0,0,0,0
2026-03-27 22:23:10.597,250.196,0,-2,12,0,0,0,0,0,0,0,0,0
2026-03-27 22:23:10.599,250.199,0,-5,14,0,0,0,0,0,0,0,0,0
2026-03-27 22:23:10.708,250.308,0,-5,14,0,0,0,0,0,0,0,0,0
2026-03-27 22:23:10.804,250.404,0,-2,14,0,0,0,0,0,0,0,0,0
2026-03-27 22:23:10.900,250.500,0,-2,14,0,0,0,0,0,0,0,0,0
2026-03-27 22:23:11.028,250.628,0,-2,14,0,0,0,0,0,0,0,0,0
2026-03-27 22:23:11.204,250.804,0,-2,14,0,0,0,0,0,0,0,0,0
2026-03-27 22:23:11.284,250.883,0,-2,14,0,0,0,0,0,0,0,0,0
2026-03-27 22:23:11.380,250.980,0,-2,14,0,0,0,0,0,0,0,0,0
2026-03-27 22:23:11.381,250.981,0,-3,14,0,0,0,0,0,0,0,0,0
2026-03-27 22:23:11.508,251.108,0,-2,14,0,0,0,0,0,0,0,0,0
2026-03-27 22:23:11.652,251.252,0,-2,14,0,0,0,0,0,0,0,0,0
2026-03-27 22:23:11.732,251.332,0,-2,14,0,0,0,0,0,0,0,0,0
2026-03-27 22:23:11.733,251.333,0,-2,15,0,0,0,0,0,0,0,0,0
2026-03-27 22:23:11.828,251.428,0,-2,15,0,0,0,0,0,0,0,0,0
2026-03-27 22:23:11.845,251.445,0,-2,14,0,0,0,0,0,0,0,0,0
2026-03-27 22:23:11.988,251.588,0,-2,14,0,0,0,0,0,0,0,0,0
2026-03-27 22:23:11.989,251.589,0,-2,15,0,0,0,0,0,0,0,0,0
2026-03-27 22:23:12.003,251.603,0,-2,14,0,0,0,0,0,0,0,0,0
2026-03-27 22:23:12.084,251.684,0,-2,14,0,0,0,0,0,0,0,0,0
2026-03-27 22:23:12.086,251.685,0,-2,15,0,0,0,0,0,0,0,0,0
2026-03-27 22:23:12.180,251.780,0,-2,14,0,0,0,0,0,0,0,0,0
2026-03-27 22:23:12.181,251.781,0,-2,14,0,0,0,0,0,0,0,0,0
2026-03-27 22:23:12.308,251.907,0,-2,14,0,0,0,0,0,0,0,0,0
2026-03-27 22:23:12.340,251.939,0,-2,14,0,0,0,0,0,0,0,0,0
2026-03-27 22:23:12.484,252.084,0,-2,14,0,0,0,0,0,0,0,0,0
2026-03-27 22:23:12.548,252.148,0,-2,14,0,0,0,0,0,0,0,0,0
2026-03-27 22:23:12.724,252.324,0,-3,14,0,0,0,0,0,0,0,0,0
2026-03-27 22:23:12.740,252.340,0,-2,14,0,0,0,0,0,0,0,0,0
2026-03-27 22:23:12.772,252.372,0,-2,14,0,0,0,0,0,0,0,0,0
2026-03-27 22:23:12.932,252.532,0,-2,14,0,0,0,0,0,0,0,0,0
2026-03-27 22:23:12.934,252.534,0,-2,12,0,0,0,0,0,0,0,0,0
2026-03-27 22:23:13.028,252.628,0,-2,12,0,0,0,0,0,0,0,0,0
2026-03-27 22:23:13.172,252.771,0,-2,14,0,0,0,0,0,0,0,0,0
2026-03-27 22:23:13.283,252.883,0,-2,14,0,0,0,0,0,0,0,0,0
2026-03-27 22:23:13.412,253.011,0,-2,14,0,0,0,0,0,0,0,0,0
2026-03-27 22:23:13.524,253.124,0,-2,14,0,0,0,0,0,0,0,0,0
2026-03-27 22:23:13.636,253.236,0,-3,14,0,0,0,0,0,0,0,0,0
2026-03-27 22:23:13.716,253.316,0,-2,14,0,0,0,0,0,0,0,0,0
2026-03-27 22:23:13.876,253.476,0,-3,14,0,0,0,0,0,0,0,0,0
2026-03-27 22:23:13.987,253.587,0,-3,14,0,0,0,0,0,0,0,0,0
2026-03-27 22:23:13.988,253.588,0,-2,14,0,0,0,0,0,0,0,0,0
2026-03-27 22:23:14.132,253.732,0,-3,14,0,0,0,0,0,0,0,0,0
2026-03-27 22:23:14.134,253.734,0,-2,15,0,0,0,0,0,0,0,0,0
2026-03-27 22:23:14.136,253.736,0,-3,14,0,0,0,0,0,0,0,0,0
2026-03-27 22:23:14.244,253.844,0,-2,14,0,0,0,0,0,0,0,0,0
2026-03-27 22:23:14.372,253.972,0,-2,14,0,0,0,0,0,0,0,0,0
2026-03-27 22:23:14.467,254.067,0,-2,14,0,0,0,0,0,0,0,0,0
2026-03-27 22:23:14.563,254.163,0,-2,14,0,0,0,0,0,0,0,0,0
2026-03-27 22:23:14.581,254.181,0,-2,14,0,0,0,0,0,0,0,0,0
2026-03-27 22:23:14.628,254.227,0,-2,15,0,0,0,0,0,0,0,0,0
2026-03-27 22:23:14.723,254.323,0,-2,14,0,0,0,0,0,0,0,0,0
2026-03-27 22:23:14.725,254.325,0,-2,15,0,0,0,0,0,0,0,0,0
2026-03-27 22:23:14.851,254.451,0,-2,14,0,0,0,0,0,0,0,0,0
2026-03-27 22:23:14.964,254.564,0,-2,14,0,0,0,0,0,0,0,0,0
2026-03-27 22:23:14.965,254.565,0,-2,14,0,0,0,0,0,0,0,0,0
2026-03-27 22:23:15.043,254.643,0,-3,14,0,0,0,0,0,0,0,0,0
2026-03-27 22:23:15.187,254.787,0,-5,14,0,0,0,0,0,0,0,0,0
2026-03-27 22:23:15.283,254.883,0,-2,14,0,0,0,0,0,0,0,0,0
2026-03-27 22:23:15.380,254.980,0,-2,14,0,0,0,0,0,0,0,0,0
2026-03-27 22:23:15.491,255.091,0,-2,14,0,0,0,0,0,0,0,0,0
2026-03-27 22:23:15.492,255.092,0,-2,15,0,0,0,0,0,0,0,0,0
2026-03-27 22:23:15.507,255.107,0,-2,14,0,0,0,0,0,0,0,0,0
2026-03-27 22:23:15.620,255.219,0,-2,14,0,0,0,0,0,0,0,0,0
2026-03-27 22:23:15.621,255.221,0,-2,14,0,0,0,0,0,0,0,0,0
2026-03-27 22:23:15.780,255.380,0,-2,14,0,0,0,0,0,0,0,0,0
2026-03-27 22:23:15.828,255.428,0,-2,14,0,0,0,0,0,0,0,0,0
2026-03-27 22:23:15.924,255.523,0,-2,14,0,0,0,0,0,0,0,0,0
2026-03-27 22:23:15.955,255.555,0,-2,14,0,0,0,0,0,0,0,0,0
2026-03-27 22:23:16.067,255.667,0,-2,14,0,0,0,0,0,0,0,0,0
2026-03-27 22:23:16.070,255.669,0,-3,14,0,0,0,0,0,0,0,0,0
2026-03-27 22:23:16.228,255.827,0,-2,14,0,0,0,0,0,0,0,0,0
2026-03-27 22:23:16.340,255.940,0,-2,14,0,0,0,0,0,0,0,0,0
2026-03-27 22:23:16.452,256.052,0,-2,14,0,0,0,0,0,0,0,0,0
2026-03-27 22:23:16.453,256.053,0,-2,15,0,0,0,0,0,0,0,0,0
2026-03-27 22:23:16.499,256.099,0,-2,14,0,0,0,0,0,0,0,0,0
2026-03-27 22:23:16.500,256.100,0,-2,15,0,0,0,0,0,0,0,0,0
2026-03-27 22:23:16.595,256.195,0,-2,14,0,0,0,0,0,0,0,0,0
2026-03-27 22:23:16.723,256.323,0,-2,14,0,0,0,0,0,0,0,0,0
2026-03-27 22:23:16.819,256.419,0,-2,14,0,0,0,0,0,0,0,0,0
2026-03-27 22:23:16.931,256.531,0,-2,14,0,0,0,0,0,0,0,0,0
2026-03-27 22:23:16.934,256.534,0,-2,14,0,0,0,0,0,0,0,0,0
2026-03-27 22:23:17.027,256.627,0,-2,14,0,0,0,0,0,0,0,0,0
2026-03-27 22:23:17.156,256.756,0,-2,14,0,0,0,0,0,0,0,0,0
2026-03-27 22:23:17.267,256.867,0,-2,14,0,0,0,0,0,0,0,0,0
2026-03-27 22:23:17.270,256.870,0,-2,14,0,0,0,0,0,0,0,0,0
2026-03-27 22:23:17.364,256.964,0,-2,14,0,0,0,0,0,0,0,0,0
2026-03-27 22:23:17.444,257.044,0,-2,14,0,0,0,0,0,0,0,0,0
2026-03-27 22:23:17.603,257.203,0,-2,14,0,0,0,0,0,0,0,0,0
2026-03-27 22:23:17.604,257.204,0,-2,14,0,0,0,0,0,0,0,0,0
2026-03-27 22:23:17.732,257.332,0,-2,14,0,0,0,0,0,0,0,0,0
2026-03-27 22:23:17.748,257.348,0,-2,14,0,0,0,0,0,0,0,0,0
2026-03-27 22:23:17.828,257.427,0,-2,14,0,0,0,0,0,0,0,0,0
2026-03-27 22:23:17.875,257.475,0,-2,14,0,0,0,0,0,0,0,0,0
2026-03-27 22:23:17.878,257.478,0,-2,14,0,0,0,0,0,0,0,0,0
2026-03-27 22:23:18.051,257.651,0,-2,14,0,0,0,0,0,0,0,0,0
2026-03-27 22:23:18.054,257.653,0,-3,14,0,0,0,0,0,0,0,0,0
2026-03-27 22:23:18.260,257.860,0,-2,14,0,0,0,0,0,0,0,0,0
2026-03-27 22:23:18.277,257.877,0,-2,14,0,0,0,0,0,0,0,0,0
2026-03-27 22:23:18.324,257.923,0,-2,14,0,0,0,0,0,0,0,0,0
2026-03-27 22:23:18.420,258.020,-40,-40,-40,0,0,0,0,0,0,0,0,0
2026-03-27 22:23:18.547,258.147,0,-2,15,0,0,0,0,0,0,0,0,0
2026-03-27 22:23:18.676,258.276,0,-3,14,0,0,0,0,0,0,0,0,0
2026-03-27 22:23:18.677,258.277,0,-3,15,0,0,0,0,0,0,0,0,0
2026-03-27 22:23:18.755,258.355,0,-3,14,0,0,0,0,0,0,0,0,0
2026-03-27 22:23:18.771,258.371,0,-2,15,0,0,0,0,0,0,0,0,0
2026-03-27 22:23:18.772,258.372,0,0,0,0,0,0,0,0,0,0,0,0
2026-03-27 22:23:18.773,258.373,0,-2,14,0,0,0,0,0,0,0,0,0
2026-03-27 22:23:18.917,258.516,0,-2,14,0,0,0,0,0,0,0,0,0
2026-03-27 22:23:18.964,258.563,0,-2,14,0,0,0,0,0,0,0,0,0
2026-03-27 22:23:18.980,258.579,0,-2,14,0,0,0,0,0,0,0,0,0
2026-03-27 22:23:19.140,258.740,0,-2,15,0,0,0,0,0,0,0,0,0
2026-03-27 22:23:19.187,258.787,0,-2,14,0,0,0,0,0,0,0,0,0
2026-03-27 22:23:19.203,258.803,0,-2,14,0,0,0,0,0,0,0,0,0
2026-03-27 22:23:19.347,258.947,0,-2,14,0,0,0,0,0,0,0,0,0
2026-03-27 22:23:19.507,259.107,0,-2,14,0,0,0,0,0,0,0,0,0
2026-03-27 22:23:19.587,259.187,0,-2,14,0,0,0,0,0,0,0,0,0
2026-03-27 22:23:19.699,259.299,0,-2,14,0,0,0,0,0,0,0,0,0
2026-03-27 22:23:19.763,259.363,0,-2,15,0,0,0,0,0,0,0,0,0
2026-03-27 22:23:19.781,259.381,0,-2,14,0,0,0,0,0,0,0,0,0
2026-03-27 22:23:19.828,259.427,0,-2,15,0,0,0,0,0,0,0,0,0
2026-03-27 22:23:19.987,259.587,0,-2,14,0,0,0,0,0,0,0,0,0
2026-03-27 22:23:20.099,259.699,0,-2,14,0,0,0,0,0,0,0,0,0
2026-03-27 22:23:20.101,259.701,0,-2,14,0,0,0,0,0,0,0,0,0
2026-03-27 22:23:20.260,259.860,0,-2,14,0,0,0,0,0,0,0,0,0
2026-03-27 22:23:20.307,259.907,0,-2,14,0,0,0,0,0,0,0,0,0
2026-03-27 22:23:20.308,259.908,0,-2,14,0,0,0,0,0,0,0,0,0
2026-03-27 22:23:20.451,260.051,0,-5,14,0,0,0,0,0,0,0,0,0
2026-03-27 22:23:20.468,260.068,0,-2,14,0,0,0,0,0,0,0,0,0
2026-03-27 22:23:20.500,260.100,0,-2,14,0,0,0,0,0,0,0,0,0
2026-03-27 22:23:20.580,260.179,0,-2,14,0,0,0,0,0,0,0,0,0
2026-03-27 22:23:20.691,260.291,0,-2,14,0,0,0,0,0,0,0,0,0
2026-03-27 22:23:20.820,260.420,0,-2,14,0,0,0,0,0,0,0,0,0
2026-03-27 22:23:20.883,260.483,0,-2,14,0,0,0,0,0,0,0,0,0
2026-03-27 22:23:21.027,260.627,0,-2,14,0,0,0,0,0,0,0,0,0
2026-03-27 22:23:21.139,260.739,0,-2,14,0,0,0,0,0,0,0,0,0
2026-03-27 22:23:21.140,260.740,0,-2,14,0,0,0,0,0,0,0,0,0
2026-03-27 22:23:21.141,260.741,0,-2,11,0,0,0,0,0,0,0,0,0
2026-03-27 22:23:21.316,260.916,0,-2,11,0,0,0,0,0,0,0,0,0
2026-03-27 22:23:21.459,261.059,0,-2,14,0,0,0,0,0,0,0,0,0
2026-03-27 22:23:21.460,261.060,0,-2,15,0,0,0,0,0,0,0,0,0
2026-03-27 22:23:21.603,261.203,0,-3,14,0,0,0,0,0,0,0,0,0
2026-03-27 22:23:21.731,261.330,0,-5,14,0,0,0,0,0,0,0,0,0
2026-03-27 22:23:21.732,261.332,0,-4,15,0,0,0,0,0,0,0,0,0
2026-03-27 22:23:21.734,261.334,1,-6,14,0,0,0,0,0,0,0,0,0
2026-03-27 22:23:21.843,261.443,0,-2,14,0,0,0,0,0,0,0,0,0
2026-03-27 22:23:21.907,261.507,0,-2,14,0,0,0,0,0,0,0,0,0
2026-03-27 22:23:22.003,261.603,0,-2,14,0,0,0,0,0,0,0,0,0
2026-03-27 22:23:22.259,261.859,0,-2,14,0,0,0,0,0,0,0,0,0
2026-03-27 22:23:22.403,262.003,0,-2,14,0,0,0,0,0,0,0,0,0
2026-03-27 22:23:22.532,262.132,0,-2,14,0,0,0,0,0,0,0,0,0
2026-03-27 22:23:22.611,262.211,0,-3,14,0,0,0,0,0,0,0,0,0
2026-03-27 22:23:22.755,262.355,0,-3,14,0,0,0,0,0,0,0,0,0
2026-03-27 22:23:22.835,262.435,0,-2,14,0,0,0,0,0,0,0,0,0
2026-03-27 22:23:22.883,262.483,0,-2,14,0,0,0,0,0,0,0,0,0
2026-03-27 22:23:22.886,262.486,0,-2,14,0,0,0,0,0,0,0,0,0
2026-03-27 22:23:22.996,262.596,0,-2,14,0,0,0,0,0,0,0,0,0
2026-03-27 22:23:22.997,262.597,0,-2,15,0,0,0,0,0,0,0,0,0
2026-03-27 22:23:23.139,262.739,0,-2,14,0,0,0,0,0,0,0,0,0
2026-03-27 22:23:23.140,262.740,0,-2,14,0,0,0,0,0,0,0,0,0
2026-03-27 22:23:23.251,262.851,0,-2,14,0,0,0,0,0,0,0,0,0
2026-03-27 22:23:23.347,262.947,0,-2,14,0,0,0,0,0,0,0,0,0
2026-03-27 22:23:23.459,263.058,0,-2,14,0,0,0,0,0,0,0,0,0
2026-03-27 22:23:23.460,263.060,0,-2,14,0,0,0,0,0,0,0,0,0
2026-03-27 22:23:23.507,263.107,0,-3,15,0,0,0,0,0,0,0,0,0
2026-03-27 22:23:23.651,263.251,0,-2,14,0,0,0,0,0,0,0,0,0
2026-03-27 22:23:23.747,263.347,0,-2,14,0,0,0,0,0,0,0,0,0
2026-03-27 22:23:23.779,263.379,0,-2,14,0,0,0,0,0,0,0,0,0
2026-03-27 22:23:23.923,263.523,0,-2,14,0,0,0,0,0,0,0,0,0
2026-03-27 22:23:23.971,263.571,0,-3,14,0,0,0,0,0,0,0,0,0
2026-03-27 22:23:23.972,263.572,0,-2,14,0,0,0,0,0,0,0,0,0
2026-03-27 22:23:24.083,263.683,0,-2,14,0,0,0,0,0,0,0,0,0
2026-03-27 22:23:24.086,263.686,0,-2,14,0,0,0,0,0,0,0,0,0
2026-03-27 22:23:24.228,263.827,0,-2,14,0,0,0,0,0,0,0,0,0
2026-03-27 22:23:24.307,263.907,0,-2,14,0,0,0,0,0,0,0,0,0
2026-03-27 22:23:24.387,263.987,0,-2,14,0,0,0,0,0,0,0,0,0
2026-03-27 22:23:24.389,263.989,1,-2,15,0,0,0,0,0,0,0,0,0
2026-03-27 22:23:24.483,264.083,0,-2,14,0,0,0,0,0,0,0,0,0
2026-03-27 22:23:24.484,264.084,0,-2,14,0,0,0,0,0,0,0,0,0
2026-03-27 22:23:24.675,264.275,0,-2,15,0,0,0,0,0,0,0,0,0
2026-03-27 22:23:24.678,264.277,0,-2,15,0,0,0,0,0,0,0,0,0
2026-03-27 22:23:24.707,264.307,0,-2,14,0,0,0,0,0,0,0,0,0
2026-03-27 22:23:24.851,264.451,0,-2,14,0,0,0,0,0,0,0,0,0
2026-03-27 22:23:24.853,264.453,0,-2,15,0,0,0,0,0,0,0,0,0
2026-03-27 22:23:24.899,264.499,0,-2,14,0,0,0,0,0,0,0,0,0
2026-03-27 22:23:24.963,264.563,0,-2,14,0,0,0,0,0,0,0,0,0
2026-03-27 22:23:25.076,264.675,0,-2,14,0,0,0,0,0,0,0,0,0
2026-03-27 22:23:25.219,264.819,0,-2,14,0,0,0,0,0,0,0,0,0
2026-03-27 22:23:25.220,264.820,0,-2,15,0,0,0,0,0,0,0,0,0
2026-03-27 22:23:25.315,264.915,0,-2,15,0,0,0,0,0,0,0,0,0
2026-03-27 22:23:25.347,264.947,0,-2,14,0,0,0,0,0,0,0,0,0
2026-03-27 22:23:25.443,265.043,0,-2,14,0,0,0,0,0,0,0,0,0
2026-03-27 22:23:25.523,265.123,0,-3,14,0,0,0,0,0,0,0,0,0
2026-03-27 22:23:25.666,265.266,0,-2,14,0,0,0,0,0,0,0,0,0
2026-03-27 22:23:25.779,265.379,0,-2,15,0,0,0,0,0,0,0,0,0
2026-03-27 22:23:25.780,265.380,0,-2,14,0,0,0,0,0,0,0,0,0
2026-03-27 22:23:25.956,265.556,0,-1,14,0,0,0,0,0,0,0,0,0
2026-03-27 22:23:26.035,265.635,0,-2,14,0,0,0,0,0,0,0,0,0
2026-03-27 22:23:26.147,265.747,0,-2,14,0,0,0,0,0,0,0,0,0
2026-03-27 22:23:26.163,265.762,0,-2,15,0,0,0,0,0,0,0,0,0
2026-03-27 22:23:26.227,265.827,0,-2,14,0,0,0,0,0,0,0,0,0
2026-03-27 22:23:26.355,265.955,0,-2,14,0,0,0,0,0,0,0,0,0
2026-03-27 22:23:26.467,266.067,0,-2,14,0,0,0,0,0,0,0,0,0
2026-03-27 22:23:26.596,266.195,0,-2,14,0,0,0,0,0,0,0,0,0
2026-03-27 22:23:26.643,266.243,0,-2,14,0,0,0,0,0,0,0,0,0
2026-03-27 22:23:26.755,266.355,0,-2,14,0,0,0,0,0,0,0,0,0
2026-03-27 22:23:26.867,266.467,0,-3,14,0,0,0,0,0,0,0,0,0
2026-03-27 22:23:26.932,266.531,0,-2,14,0,0,0,0,0,0,0,0,0
2026-03-27 22:23:27.059,266.659,0,-2,15,0,0,0,0,0,0,0,0,0
2026-03-27 22:23:27.062,266.662,0,-2,14,0,0,0,0,0,0,0,0,0
2026-03-27 22:23:27.203,266.803,0,-2,15,0,0,0,0,0,0,0,0,0
2026-03-27 22:23:27.204,266.804,0,-2,15,0,0,0,0,0,0,0,0,0
2026-03-27 22:23:27.331,266.931,0,-2,14,0,0,0,0,0,0,0,0,0
2026-03-27 22:23:27.332,266.932,0,-2,15,0,0,0,0,0,0,0,0,0
2026-03-27 22:23:27.443,267.043,0,-2,15,0,0,0,0,0,0,0,0,0
2026-03-27 22:23:27.445,267.045,0,-2,15,0,0,0,0,0,0,0,0,0
2026-03-27 22:23:27.508,267.108,0,-2,15,0,0,0,0,0,0,0,0,0
2026-03-27 22:23:27.603,267.203,0,-2,14,0,0,0,0,0,0,0,0,0
2026-03-27 22:23:27.811,267.411,0,-2,15,0,0,0,0,0,0,0,0,0
2026-03-27 22:23:27.875,267.475,0,-2,14,0,0,0,0,0,0,0,0,0
2026-03-27 22:23:27.955,267.555,0,-2,12,0,0,0,0,0,0,0,0,0
2026-03-27 22:23:27.958,267.558,0,-2,14,0,0,0,0,0,0,0,0,0
2026-03-27 22:23:28.003,267.603,0,-2,14,0,0,0,0,0,0,0,0,0
2026-03-27 22:23:28.114,267.714,0,-2,14,0,0,0,0,0,0,0,0,0
2026-03-27 22:23:28.116,267.716,0,-2,14,0,0,0,0,0,0,0,0,0
2026-03-27 22:23:28.195,267.795,0,-2,14,0,0,0,0,0,0,0,0,0
2026-03-27 22:23:28.307,267.907,0,-2,14,0,0,0,0,0,0,0,0,0
2026-03-27 22:23:28.387,267.987,0,-2,15,0,0,0,0,0,0,0,0,0
2026-03-27 22:23:28.389,267.989,0,-1,15,0,0,0,0,0,0,0,0,0
2026-03-27 22:23:28.451,268.051,0,-2,14,0,0,0,0,0,0,0,0,0
2026-03-27 22:23:28.453,268.053,0,-2,15,0,0,0,0,0,0,0,0,0
2026-03-27 22:23:28.722,268.322,0,-2,15,0,0,0,0,0,0,0,0,0
2026-03-27 22:23:28.915,268.515,0,-2,14,0,0,0,0,0,0,0,0,0
2026-03-27 22:23:29.042,268.642,0,-2,14,0,0,0,0,0,0,0,0,0
2026-03-27 22:23:29.154,268.754,0,-2,14,0,0,0,0,0,0,0,0,0
2026-03-27 22:23:29.155,268.755,0,-2,14,0,0,0,0,0,0,0,0,0
2026-03-27 22:23:29.235,268.835,0,-2,15,0,0,0,0,0,0,0,0,0
2026-03-27 22:23:29.315,268.915,0,-2,14,0,0,0,0,0,0,0,0,0
2026-03-27 22:23:29.475,269.075,0,-2,14,0,0,0,0,0,0,0,0,0
2026-03-27 22:23:29.602,269.202,0,-2,14,0,0,0,0,0,0,0,0,0
2026-03-27 22:23:29.635,269.235,0,-2,14,0,0,0,0,0,0,0,0,0
2026-03-27 22:23:29.778,269.378,0,-2,14,0,0,0,0,0,0,0,0,0
2026-03-27 22:23:29.781,269.381,0,-2,15,0,0,0,0,0,0,0,0,0
2026-03-27 22:23:29.892,269.492,0,-2,14,0,0,0,0,0,0,0,0,0
2026-03-27 22:23:30.019,269.619,0,-2,15,0,0,0,0,0,0,0,0,0
2026-03-27 22:23:30.131,269.731,0,-2,15,0,0,0,0,0,0,0,0,0
2026-03-27 22:23:30.133,269.733,0,-2,15,0,0,0,0,0,0,0,0,0
2026-03-27 22:23:30.195,269.795,0,-2,14,0,0,0,0,0,0,0,0,0
2026-03-27 22:23:30.307,269.907,0,-2,14,0,0,0,0,0,0,0,0,0
2026-03-27 22:23:30.310,269.909,0,-2,14,0,0,0,0,0,0,0,0,0
2026-03-27 22:23:30.403,270.003,0,-2,14,0,0,0,0,0,0,0,0,0
2026-03-27 22:23:30.515,270.115,0,-2,14,0,0,0,0,0,0,0,0,0
2026-03-27 22:23:30.611,270.211,0,-2,15,0,0,0,0,0,0,0,0,0
2026-03-27 22:23:30.627,270.227,0,-2,14,0,0,0,0,0,0,0,0,0
2026-03-27 22:23:30.739,270.338,0,-2,14,0,0,0,0,0,0,0,0,0
2026-03-27 22:23:30.770,270.370,0,-2,14,0,0,0,0,0,0,0,0,0
2026-03-27 22:23:30.771,270.371,0,-2,14,0,0,0,0,0,0,0,0,0
2026-03-27 22:23:30.963,270.562,0,-2,14,0,0,0,0,0,0,0,0,0
2026-03-27 22:23:31.043,270.642,0,-2,15,0,0,0,0,0,0,0,0,0
2026-03-27 22:23:31.123,270.723,0,-2,15,0,0,0,0,0,0,0,0,0
2026-03-27 22:23:31.283,270.883,0,-2,14,0,0,0,0,0,0,0,0,0
2026-03-27 22:23:31.331,270.931,0,-2,14,0,0,0,0,0,0,0,0,0
2026-03-27 22:23:31.411,271.011,0,-2,14,0,0,0,0,0,0,0,0,0
2026-03-27 22:23:31.555,271.155,0,-2,14,0,0,0,0,0,0,0,0,0
2026-03-27 22:23:31.558,271.158,0,-2,14,0,0,0,0,0,0,0,0,0
2026-03-27 22:23:31.667,271.267,0,-2,14,0,0,0,0,0,0,0,0,0
2026-03-27 22:23:31.668,271.268,0,-2,15,0,0,0,0,0,0,0,0,0
2026-03-27 22:23:31.747,271.347,0,-3,14,0,0,0,0,0,0,0,0,0
2026-03-27 22:23:31.748,271.348,0,-2,14,0,0,0,0,0,0,0,0,0
2026-03-27 22:23:31.749,271.349,0,0,0,0,0,0,0,0,0,0,0,0
2026-03-27 22:23:31.939,271.538,0,-2,14,0,0,0,0,0,0,0,0,0
2026-03-27 22:23:31.940,271.540,0,-2,15,0,0,0,0,0,0,0,0,0
2026-03-27 22:23:31.987,271.587,0,-3,14,0,0,0,0,0,0,0,0,0
2026-03-27 22:23:32.115,271.715,0,-2,14,0,0,0,0,0,0,0,0,0
2026-03-27 22:23:32.243,271.843,0,-2,14,0,0,0,0,0,0,0,0,0
2026-03-27 22:23:32.323,271.923,0,-2,14,0,0,0,0,0,0,0,0,0
2026-03-27 22:23:32.354,271.954,0,-2,14,0,0,0,0,0,0,0,0,0
2026-03-27 22:23:32.482,272.082,0,-2,14,0,0,0,0,0,0,0,0,0
2026-03-27 22:23:32.659,272.259,0,-2,14,0,0,0,0,0,0,0,0,0
2026-03-27 22:23:32.660,272.260,0,-2,14,0,0,0,0,0,0,0,0,0
2026-03-27 22:23:32.738,272.338,0,-2,14,0,0,0,0,0,0,0,0,0
2026-03-27 22:23:33.011,272.610,0,-2,14,0,0,0,0,0,0,0,0,0
2026-03-27 22:23:33.123,272.723,0,-2,14,0,0,0,0,0,0,0,0,0
2026-03-27 22:23:33.234,272.834,0,-2,14,0,0,0,0,0,0,0,0,0
2026-03-27 22:23:33.252,272.852,0,-2,14,0,0,0,0,0,0,0,0,0
2026-03-27 22:23:33.363,272.963,0,-2,14,0,0,0,0,0,0,0,0,0
2026-03-27 22:23:33.491,273.091,0,-2,14,0,0,0,0,0,0,0,0,0
2026-03-27 22:23:33.683,273.283,0,-2,14,0,0,0,0,0,0,0,0,0
2026-03-27 22:23:33.794,273.394,0,-2,14,0,0,0,0,0,0,0,0,0
2026-03-27 22:23:33.907,273.507,0,-2,14,0,0,0,0,0,0,0,0,0
2026-03-27 22:23:33.908,273.508,0,-1,15,0,0,0,0,0,0,0,0,0
2026-03-27 22:23:34.019,273.618,0,-2,14,0,0,0,0,0,0,0,0,0
2026-03-27 22:23:34.066,273.666,0,-3,14,0,0,0,0,0,0,0,0,0
2026-03-27 22:23:34.068,273.668,0,-3,14,0,0,0,0,0,0,0,0,0
2026-03-27 22:23:34.179,273.779,0,-2,14,0,0,0,0,0,0,0,0,0
2026-03-27 22:23:34.180,273.780,0,-1,15,0,0,0,0,0,0,0,0,0
2026-03-27 22:23:34.291,273.891,0,-2,14,0,0,0,0,0,0,0,0,0
2026-03-27 22:23:34.451,274.051,0,-2,14,0,0,0,0,0,0,0,0,0
2026-03-27 22:23:34.454,274.053,0,-2,14,0,0,0,0,0,0,0,0,0
2026-03-27 22:23:34.563,274.163,0,-2,14,0,0,0,0,0,0,0,0,0
2026-03-27 22:23:34.564,274.164,0,-2,15,0,0,0,0,0,0,0,0,0
2026-03-27 22:23:34.610,274.210,0,-2,14,0,0,0,0,0,0,0,0,0
2026-03-27 22:23:34.612,274.211,0,-3,14,0,0,0,0,0,0,0,0,0
2026-03-27 22:23:34.770,274.370,0,-2,11,0,0,0,0,0,0,0,0,0
2026-03-27 22:23:34.834,274.434,0,-2,14,0,0,0,0,0,0,0,0,0
2026-03-27 22:23:34.979,274.579,0,-3,14,0,0,0,0,0,0,0,0,0
2026-03-27 22:23:35.059,274.659,0,-2,14,0,0,0,0,0,0,0,0,0
2026-03-27 22:23:35.171,274.771,0,-2,14,0,0,0,0,0,0,0,0,0
2026-03-27 22:23:35.250,274.850,0,-2,14,0,0,0,0,0,0,0,0,0
2026-03-27 22:23:35.252,274.852,0,-2,15,0,0,0,0,0,0,0,0,0
2026-03-27 22:23:35.378,274.978,0,-2,15,0,0,0,0,0,0,0,0,0
2026-03-27 22:23:35.491,275.091,0,-2,15,0,0,0,0,0,0,0,0,0
2026-03-27 22:23:35.587,275.187,0,-2,14,0,0,0,0,0,0,0,0,0
2026-03-27 22:23:35.604,275.204,0,-2,14,0,0,0,0,0,0,0,0,0
2026-03-27 22:23:35.698,275.298,0,-2,14,0,0,0,0,0,0,0,0,0
2026-03-27 22:23:35.700,275.300,0,-2,15,0,0,0,0,0,0,0,0,0
2026-03-27 22:23:35.810,275.410,0,-2,14,0,0,0,0,0,0,0,0,0
2026-03-27 22:23:35.811,275.411,0,-2,15,0,0,0,0,0,0,0,0,0
2026-03-27 22:23:35.813,275.413,0,-2,14,0,0,0,0,0,0,0,0,0
2026-03-27 22:23:35.939,275.539,0,-2,14,0,0,0,0,0,0,0,0,0
2026-03-27 22:23:35.941,275.541,0,-2,14,0,0,0,0,0,0,0,0,0
2026-03-27 22:23:36.018,275.618,0,-2,14,0,0,0,0,0,0,0,0,0
2026-03-27 22:23:36.147,275.747,0,-3,14,0,0,0,0,0,0,0,0,0
2026-03-27 22:23:36.258,275.858,0,-2,14,0,0,0,0,0,0,0,0,0
2026-03-27 22:23:36.261,275.861,0,-2,14,0,0,0,0,0,0,0,0,0
2026-03-27 22:23:36.355,275.955,0,-2,14,0,0,0,0,0,0,0,0,0
2026-03-27 22:23:36.483,276.082,0,-2,12,0,0,0,0,0,0,0,0,0
2026-03-27 22:23:36.485,276.085,0,-2,15,0,0,0,0,0,0,0,0,0
2026-03-27 22:23:36.546,276.146,0,-2,14,0,0,0,0,0,0,0,0,0
2026-03-27 22:23:36.675,276.275,0,-2,14,0,0,0,0,0,0,0,0,0
2026-03-27 22:23:36.677,276.277,0,-2,14,0,0,0,0,0,0,0,0,0
2026-03-27 22:23:36.723,276.323,0,-2,14,0,0,0,0,0,0,0,0,0
2026-03-27 22:23:36.883,276.483,0,-2,14,0,0,0,0,0,0,0,0,0
2026-03-27 22:23:36.946,276.546,0,-2,14,0,0,0,0,0,0,0,0,0
2026-03-27 22:23:37.090,276.690,0,-2,14,0,0,0,0,0,0,0,0,0
2026-03-27 22:23:37.091,276.691,0,-2,15,0,0,0,0,0,0,0,0,0
2026-03-27 22:23:37.092,276.692,0,0,0,0,0,0,0,0,0,0,0,0
2026-03-27 22:23:37.093,276.693,0,-2,14,0,0,0,0,0,0,0,0,0
2026-03-27 22:23:37.154,276.754,0,-2,14,0,0,0,0,0,0,0,0,0
2026-03-27 22:23:37.314,276.914,0,-3,14,0,0,0,0,0,0,0,0,0
2026-03-27 22:23:37.411,277.011,0,-2,14,0,0,0,0,0,0,0,0,0
2026-03-27 22:23:37.506,277.106,0,-2,14,0,0,0,0,0,0,0,0,0
2026-03-27 22:23:37.508,277.108,0,-2,14,0,0,0,0,0,0,0,0,0
2026-03-27 22:23:37.618,277.218,0,-3,14,0,0,0,0,0,0,0,0,0
2026-03-27 22:23:37.731,277.331,0,-2,14,0,0,0,0,0,0,0,0,0
2026-03-27 22:23:37.732,277.332,0,-2,15,0,0,0,0,0,0,0,0,0
2026-03-27 22:23:37.746,277.346,0,-2,14,0,0,0,0,0,0,0,0,0
2026-03-27 22:23:37.827,277.427,0,-2,14,0,0,0,0,0,0,0,0,0
2026-03-27 22:23:37.955,277.555,0,-2,14,0,0,0,0,0,0,0,0,0
2026-03-27 22:23:37.970,277.570,0,-2,15,0,0,0,0,0,0,0,0,0
2026-03-27 22:23:37.971,277.571,0,-2,15,0,0,0,0,0,0,0,0,0
2026-03-27 22:23:38.051,277.651,0,-2,15,0,0,0,0,0,0,0,0,0
2026-03-27 22:23:38.211,277.811,0,-2,14,0,0,0,0,0,0,0,0,0
2026-03-27 22:23:38.291,277.891,0,-2,14,0,0,0,0,0,0,0,0,0
2026-03-27 22:23:38.307,277.907,0,-2,15,0,0,0,0,0,0,0,0,0
2026-03-27 22:23:38.354,277.954,0,-2,14,0,0,0,0,0,0,0,0,0
2026-03-27 22:23:38.370,277.970,0,-2,14,0,0,0,0,0,0,0,0,0
2026-03-27 22:23:38.371,277.971,0,0,0,0,0,0,0,0,0,0,0,0
2026-03-27 22:23:38.372,277.972,0,-2,15,0,0,0,0,0,0,0,0,0
2026-03-27 22:23:38.531,278.131,0,-2,14,0,0,0,0,0,0,0,0,0
2026-03-27 22:23:38.546,278.146,0,-3,14,0,0,0,0,0,0,0,0,0
2026-03-27 22:23:38.578,278.178,0,-2,14,0,0,0,0,0,0,0,0,0
2026-03-27 22:23:38.594,278.194,0,-2,14,0,0,0,0,0,0,0,0,0
2026-03-27 22:23:38.690,278.290,0,-2,14,0,0,0,0,0,0,0,0,0
2026-03-27 22:23:38.834,278.434,0,-2,14,0,0,0,0,0,0,0,0,0
2026-03-27 22:23:38.835,278.435,0,-2,15,0,0,0,0,0,0,0,0,0
2026-03-27 22:23:38.852,278.452,0,-2,15,0,0,0,0,0,0,0,0,0
2026-03-27 22:23:38.931,278.531,0,-2,14,0,0,0,0,0,0,0,0,0
2026-03-27 22:23:39.027,278.627,0,-2,14,0,0,0,0,0,0,0,0,0
2026-03-27 22:23:39.123,278.723,0,-2,14,0,0,0,0,0,0,0,0,0
2026-03-27 22:23:39.234,278.834,0,-2,14,0,0,0,0,0,0,0,0,0
2026-03-27 22:23:39.298,278.898,0,-2,14,0,0,0,0,0,0,0,0,0
2026-03-27 22:23:39.299,278.899,0,-2,14,0,0,0,0,0,0,0,0,0
2026-03-27 22:23:39.410,279.010,0,-2,14,0,0,0,0,0,0,0,0,0
2026-03-27 22:23:39.523,279.123,0,-2,14,0,0,0,0,0,0,0,0,0
2026-03-27 22:23:39.667,279.267,0,-2,14,0,0,0,0,0,0,0,0,0
2026-03-27 22:23:39.714,279.314,0,-2,14,0,0,0,0,0,0,0,0,0
2026-03-27 22:23:39.875,279.475,0,-2,14,0,0,0,0,0,0,0,0,0
2026-03-27 22:23:40.002,279.602,0,-2,14,0,0,0,0,0,0,0,0,0
2026-03-27 22:23:40.034,279.634,0,-2,14,0,0,0,0,0,0,0,0,0
2026-03-27 22:23:40.211,279.811,0,-2,14,0,0,0,0,0,0,0,0,0
2026-03-27 22:23:40.338,279.938,0,-2,14,0,0,0,0,0,0,0,0,0
2026-03-27 22:23:40.451,280.051,0,-2,14,0,0,0,0,0,0,0,0,0
2026-03-27 22:23:40.578,280.178,0,-2,14,0,0,0,0,0,0,0,0,0
2026-03-27 22:23:40.596,280.196,0,-2,14,0,0,0,0,0,0,0,0,0
2026-03-27 22:23:40.642,280.242,0,-2,14,0,0,0,0,0,0,0,0,0
2026-03-27 22:23:40.786,280.386,0,-2,14,0,0,0,0,0,0,0,0,0
2026-03-27 22:23:40.818,280.418,0,-2,14,0,0,0,0,0,0,0,0,0
2026-03-27 22:23:40.835,280.435,0,-2,14,0,0,0,0,0,0,0,0,0
2026-03-27 22:23:40.947,280.547,0,-2,14,0,0,0,0,0,0,0,0,0
2026-03-27 22:23:41.059,280.658,0,-2,14,0,0,0,0,0,0,0,0,0
2026-03-27 22:23:41.202,280.802,0,-2,14,0,0,0,0,0,0,0,0,0
2026-03-27 22:23:41.218,280.817,0,-2,14,0,0,0,0,0,0,0,0,0
2026-03-27 22:23:41.234,280.834,0,-2,14,0,0,0,0,0,0,0,0,0
2026-03-27 22:23:41.346,280.946,0,-2,14,0,0,0,0,0,0,0,0,0
2026-03-27 22:23:41.427,281.026,0,-2,14,0,0,0,0,0,0,0,0,0
2026-03-27 22:23:41.522,281.122,0,-2,14,0,0,0,0,0,0,0,0,0
2026-03-27 22:23:41.698,281.298,0,-2,14,0,0,0,0,0,0,0,0,0
2026-03-27 22:23:41.731,281.330,0,-2,14,0,0,0,0,0,0,0,0,0
2026-03-27 22:23:41.906,281.506,0,-2,14,0,0,0,0,0,0,0,0,0
2026-03-27 22:23:41.938,281.538,0,-2,14,0,0,0,0,0,0,0,0,0
2026-03-27 22:23:42.066,281.666,0,-2,14,0,0,0,0,0,0,0,0,0
2026-03-27 22:23:42.067,281.667,0,-2,14,0,0,0,0,0,0,0,0,0
2026-03-27 22:23:42.115,281.714,0,-2,14,0,0,0,0,0,0,0,0,0
2026-03-27 22:23:42.274,281.874,0,-2,14,0,0,0,0,0,0,0,0,0
2026-03-27 22:23:42.290,281.890,0,-2,14,0,0,0,0,0,0,0,0,0
2026-03-27 22:23:42.338,281.938,0,-2,14,0,0,0,0,0,0,0,0,0
2026-03-27 22:23:42.514,282.113,0,-2,14,0,0,0,0,0,0,0,0,0
2026-03-27 22:23:42.516,282.116,0,-2,15,0,0,0,0,0,0,0,0,0
2026-03-27 22:23:42.546,282.146,0,-2,14,0,0,0,0,0,0,0,0,0
2026-03-27 22:23:42.658,282.258,0,-2,14,0,0,0,0,0,0,0,0,0
2026-03-27 22:23:42.675,282.275,0,-2,15,0,0,0,0,0,0,0,0,0
2026-03-27 22:23:42.818,282.418,0,-2,14,0,0,0,0,0,0,0,0,0
2026-03-27 22:23:42.882,282.482,0,-2,15,0,0,0,0,0,0,0,0,0
2026-03-27 22:23:42.883,282.483,0,-2,15,0,0,0,0,0,0,0,0,0
2026-03-27 22:23:42.978,282.578,0,-2,14,0,0,0,0,0,0,0,0,0
2026-03-27 22:23:42.994,282.594,0,-2,14,0,0,0,0,0,0,0,0,0
2026-03-27 22:23:43.090,282.690,0,-2,14,0,0,0,0,0,0,0,0,0
2026-03-27 22:23:43.093,282.692,0,-2,14,0,0,0,0,0,0,0,0,0
2026-03-27 22:23:43.187,282.786,0,-2,15,0,0,0,0,0,0,0,0,0
2026-03-27 22:23:43.266,282.866,0,-2,14,0,0,0,0,0,0,0,0,0
2026-03-27 22:23:43.394,282.994,0,-2,14,0,0,0,0,0,0,0,0,0
2026-03-27 22:23:43.458,283.058,0,-2,14,0,0,0,0,0,0,0,0,0
2026-03-27 22:23:43.460,283.060,0,-2,14,0,0,0,0,0,0,0,0,0
2026-03-27 22:23:43.602,283.202,0,-2,15,0,0,0,0,0,0,0,0,0
2026-03-27 22:23:43.618,283.217,0,-2,14,0,0,0,0,0,0,0,0,0
2026-03-27 22:23:43.650,283.250,0,-2,14,0,0,0,0,0,0,0,0,0
2026-03-27 22:23:43.666,283.266,0,-2,14,0,0,0,0,0,0,0,0,0
2026-03-27 22:23:43.778,283.378,0,-2,14,0,0,0,0,0,0,0,0,0
2026-03-27 22:23:43.890,283.490,0,-2,14,0,0,0,0,0,0,0,0,0
2026-03-27 22:23:43.986,283.586,0,-2,14,0,0,0,0,0,0,0,0,0
2026-03-27 22:23:44.210,283.810,0,-2,14,0,0,0,0,0,0,0,0,0
2026-03-27 22:23:44.274,283.874,0,-2,15,0,0,0,0,0,0,0,0,0
2026-03-27 22:23:44.290,283.890,0,-2,14,0,0,0,0,0,0,0,0,0
2026-03-27 22:23:44.338,283.938,0,-2,15,0,0,0,0,0,0,0,0,0
2026-03-27 22:23:44.355,283.954,0,-2,14,0,0,0,0,0,0,0,0,0
2026-03-27 22:23:44.370,283.970,0,-2,14,0,0,0,0,0,0,0,0,0
2026-03-27 22:23:44.483,284.082,0,-2,14,0,0,0,0,0,0,0,0,0
2026-03-27 22:23:44.485,284.085,0,-2,14,0,0,0,0,0,0,0,0,0
2026-03-27 22:23:44.658,284.258,0,-2,14,0,0,0,0,0,0,0,0,0
2026-03-27 22:23:44.722,284.322,0,-2,14,0,0,0,0,0,0,0,0,0
2026-03-27 22:23:44.724,284.323,0,-2,15,0,0,0,0,0,0,0,0,0
2026-03-27 22:23:44.834,284.434,0,-2,14,0,0,0,0,0,0,0,0,0
2026-03-27 22:23:44.835,284.435,0,-3,15,0,0,0,0,0,0,0,0,0
2026-03-27 22:23:44.850,284.450,0,-2,15,0,0,0,0,0,0,0,0,0
2026-03-27 22:23:45.058,284.658,0,-2,14,0,0,0,0,0,0,0,0,0
2026-03-27 22:23:45.059,284.659,0,-2,14,0,0,0,0,0,0,0,0,0
2026-03-27 22:23:45.061,284.661,0,-2,14,0,0,0,0,0,0,0,0,0
2026-03-27 22:23:45.202,284.802,0,-2,0,0,0,0,0,0,0,0,0,0
2026-03-27 22:23:45.314,284.914,0,-2,15,0,0,0,0,0,0,0,0,0
2026-03-27 22:23:45.315,284.915,1,-1,15,0,0,0,0,0,0,0,0,0
2026-03-27 22:23:45.317,284.917,0,-2,15,0,0,0,0,0,0,0,0,0
2026-03-27 22:23:45.490,285.090,0,-2,15,0,0,0,0,0,0,0,0,0
2026-03-27 22:23:45.602,285.202,0,-2,15,0,0,0,0,0,0,0,0,0
2026-03-27 22:23:45.682,285.282,0,-2,14,0,0,0,0,0,0,0,0,0
2026-03-27 22:23:45.793,285.393,0,-2,12,0,0,0,0,0,0,0,0,0
2026-03-27 22:23:45.795,285.395,0,-1,13,0,0,0,0,0,0,0,0,0
2026-03-27 22:23:45.905,285.505,0,-2,14,0,0,0,0,0,0,0,0,0
2026-03-27 22:23:46.034,285.634,0,-2,14,0,0,0,0,0,0,0,0,0
2026-03-27 22:23:46.081,285.681,0,-3,14,0,0,0,0,0,0,0,0,0
2026-03-27 22:23:46.083,285.683,0,-1,16,0,0,0,0,0,0,0,0,0
2026-03-27 22:23:46.147,285.747,0,-2,15,0,0,0,0,0,0,0,0,0
2026-03-27 22:23:46.149,285.749,0,-2,14,0,0,0,0,0,0,0,0,0
2026-03-27 22:23:46.275,285.874,0,-2,14,0,0,0,0,0,0,0,0,0
2026-03-27 22:23:46.276,285.875,0,-2,14,0,0,0,0,0,0,0,0,0
2026-03-27 22:23:46.277,285.877,0,-2,14,0,0,0,0,0,0,0,0,0
2026-03-27 22:23:46.370,285.970,0,-2,14,0,0,0,0,0,0,0,0,0
2026-03-27 22:23:46.578,286.178,0,-2,14,0,0,0,0,0,0,0,0,0
2026-03-27 22:23:46.642,286.241,0,-2,14,0,0,0,0,0,0,0,0,0
2026-03-27 22:23:46.753,286.353,0,-2,14,0,0,0,0,0,0,0,0,0
2026-03-27 22:23:46.755,286.355,0,-2,15,0,0,0,0,0,0,0,0,0
2026-03-27 22:23:46.882,286.482,0,-2,15,0,0,0,0,0,0,0,0,0
2026-03-27 22:23:46.930,286.530,0,-1,15,0,0,0,0,0,0,0,0,0
2026-03-27 22:23:47.026,286.626,0,-2,14,0,0,0,0,0,0,0,0,0
2026-03-27 22:23:47.074,286.674,0,-2,14,0,0,0,0,0,0,0,0,0
2026-03-27 22:23:47.091,286.691,0,-2,14,0,0,0,0,0,0,0,0,0
2026-03-27 22:23:47.170,286.770,0,-2,14,0,0,0,0,0,0,0,0,0
2026-03-27 22:23:47.361,286.961,0,-2,15,0,0,0,0,0,0,0,0,0
2026-03-27 22:23:47.363,286.962,0,-2,15,0,0,0,0,0,0,0,0,0
2026-03-27 22:23:47.426,287.026,0,-2,14,0,0,0,0,0,0,0,0,0
2026-03-27 22:23:47.569,287.169,0,-2,14,0,0,0,0,0,0,0,0,0
2026-03-27 22:23:47.698,287.298,0,-2,14,0,0,0,0,0,0,0,0,0
2026-03-27 22:23:47.701,287.300,0,-2,15,0,0,0,0,0,0,0,0,0
2026-03-27 22:23:47.779,287.378,0,-3,15,0,0,0,0,0,0,0,0,0
2026-03-27 22:23:47.874,287.474,0,-2,14,0,0,0,0,0,0,0,0,0
2026-03-27 22:23:47.970,287.569,0,-2,15,0,0,0,0,0,0,0,0,0
2026-03-27 22:23:48.098,287.698,0,-2,15,0,0,0,0,0,0,0,0,0
2026-03-27 22:23:48.099,287.699,0,-2,15,0,0,0,0,0,0,0,0,0
2026-03-27 22:23:48.162,287.762,0,-2,15,0,0,0,0,0,0,0,0,0
2026-03-27 22:23:48.178,287.778,0,-1,15,0,0,0,0,0,0,0,0,0
2026-03-27 22:23:48.258,287.858,0,-2,14,0,0,0,0,0,0,0,0,0
2026-03-27 22:23:48.275,287.875,0,-2,14,0,0,0,0,0,0,0,0,0
2026-03-27 22:23:48.402,288.002,0,-2,14,0,0,0,0,0,0,0,0,0
2026-03-27 22:23:48.577,288.177,0,-2,14,0,0,0,0,0,0,0,0,0
2026-03-27 22:23:48.706,288.306,0,-2,14,0,0,0,0,0,0,0,0,0
2026-03-27 22:23:48.770,288.370,0,-2,14,0,0,0,0,0,0,0,0,0
2026-03-27 22:23:48.865,288.465,0,-2,15,0,0,0,0,0,0,0,0,0
2026-03-27 22:23:48.882,288.482,0,-2,14,0,0,0,0,0,0,0,0,0
2026-03-27 22:23:48.884,288.484,0,-2,14,0,0,0,0,0,0,0,0,0
2026-03-27 22:23:48.978,288.578,0,-2,14,0,0,0,0,0,0,0,0,0
2026-03-27 22:23:49.090,288.690,0,-2,14,0,0,0,0,0,0,0,0,0
2026-03-27 22:23:49.186,288.786,0,-2,14,0,0,0,0,0,0,0,0,0
2026-03-27 22:23:49.265,288.865,0,-2,14,0,0,0,0,0,0,0,0,0
2026-03-27 22:23:49.410,289.010,0,-2,14,0,0,0,0,0,0,0,0,0
2026-03-27 22:23:49.537,289.137,0,-2,14,0,0,0,0,0,0,0,0,0
2026-03-27 22:23:49.553,289.153,0,-2,12,0,0,0,0,0,0,0,0,0
2026-03-27 22:23:49.602,289.202,0,-2,12,0,0,0,0,0,0,0,0,0
2026-03-27 22:23:49.619,289.219,0,-2,15,0,0,0,0,0,0,0,0,0
2026-03-27 22:23:49.746,289.346,0,-2,14,0,0,0,0,0,0,0,0,0
2026-03-27 22:23:49.747,289.347,0,-2,15,0,0,0,0,0,0,0,0,0
2026-03-27 22:23:49.873,289.473,0,-2,14,0,0,0,0,0,0,0,0,0
2026-03-27 22:23:49.875,289.475,0,-2,14,0,0,0,0,0,0,0,0,0
2026-03-27 22:23:49.890,289.490,0,-2,14,0,0,0,0,0,0,0,0,0
2026-03-27 22:23:49.986,289.585,0,-2,14,0,0,0,0,0,0,0,0,0
2026-03-27 22:23:50.081,289.681,0,-2,14,0,0,0,0,0,0,0,0,0
2026-03-27 22:23:50.098,289.698,0,-2,14,0,0,0,0,0,0,0,0,0
2026-03-27 22:23:50.146,289.745,0,-2,14,0,0,0,0,0,0,0,0,0
2026-03-27 22:23:50.290,289.890,0,-2,14,0,0,0,0,0,0,0,0,0
2026-03-27 22:23:50.292,289.892,0,-2,14,0,0,0,0,0,0,0,0,0
2026-03-27 22:23:50.402,290.002,0,-2,14,0,0,0,0,0,0,0,0,0
2026-03-27 22:23:50.497,290.097,0,-2,14,0,0,0,0,0,0,0,0,0
2026-03-27 22:23:50.498,290.098,0,-2,14,0,0,0,0,0,0,0,0,0
2026-03-27 22:23:50.641,290.241,0,-2,14,0,0,0,0,0,0,0,0,0
2026-03-27 22:23:50.644,290.243,0,-2,14,0,0,0,0,0,0,0,0,0
2026-03-27 22:23:50.706,290.306,0,-3,14,0,0,0,0,0,0,0,0,0
2026-03-27 22:23:50.881,290.481,0,-2,14,0,0,0,0,0,0,0,0,0
2026-03-27 22:23:51.009,290.609,0,-2,14,0,0,0,0,0,0,0,0,0
2026-03-27 22:23:51.011,290.611,0,-2,14,0,0,0,0,0,0,0,0,0
2026-03-27 22:23:51.013,290.612,0,-2,14,0,0,0,0,0,0,0,0,0
2026-03-27 22:23:51.138,290.738,0,-2,14,0,0,0,0,0,0,0,0,0
2026-03-27 22:23:51.140,290.740,0,-2,15,0,0,0,0,0,0,0,0,0
2026-03-27 22:23:51.233,290.833,0,-2,14,0,0,0,0,0,0,0,0,0
2026-03-27 22:23:51.298,290.898,0,-2,14,0,0,0,0,0,0,0,0,0
2026-03-27 22:23:51.314,290.914,0,-2,14,0,0,0,0,0,0,0,0,0
2026-03-27 22:23:51.394,290.994,0,-2,14,0,0,0,0,0,0,0,0,0
2026-03-27 22:23:51.457,291.057,0,-2,14,0,0,0,0,0,0,0,0,0
2026-03-27 22:23:51.474,291.074,0,-2,14,0,0,0,0,0,0,0,0,0
2026-03-27 22:23:51.569,291.169,0,-2,14,0,0,0,0,0,0,0,0,0
2026-03-27 22:23:51.698,291.298,0,-2,14,0,0,0,0,0,0,0,0,0
2026-03-27 22:23:51.745,291.345,0,-2,14,0,0,0,0,0,0,0,0,0
2026-03-27 22:23:51.747,291.347,0,-2,15,0,0,0,0,0,0,0,0,0
2026-03-27 22:23:51.873,291.473,0,-2,14,0,0,0,0,0,0,0,0,0
2026-03-27 22:23:51.890,291.490,0,-2,14,0,0,0,0,0,0,0,0,0
2026-03-27 22:23:51.985,291.585,0,-2,14,0,0,0,0,0,0,0,0,0
2026-03-27 22:23:52.066,291.666,0,-2,14,0,0,0,0,0,0,0,0,0
2026-03-27 22:23:52.162,291.761,0,-2,14,0,0,0,0,0,0,0,0,0
2026-03-27 22:23:52.338,291.938,0,-2,15,0,0,0,0,0,0,0,0,0
2026-03-27 22:23:52.354,291.953,0,-2,14,0,0,0,0,0,0,0,0,0
2026-03-27 22:23:52.561,292.161,0,-2,14,0,0,0,0,0,0,0,0,0
2026-03-27 22:23:52.562,292.162,0,-2,14,0,0,0,0,0,0,0,0,0
2026-03-27 22:23:52.641,292.241,0,-2,14,0,0,0,0,0,0,0,0,0
2026-03-27 22:23:52.658,292.258,0,-2,14,0,0,0,0,0,0,0,0,0
2026-03-27 22:23:52.721,292.321,0,-2,14,0,0,0,0,0,0,0,0,0
2026-03-27 22:23:52.802,292.402,0,-2,15,0,0,0,0,0,0,0,0,0
2026-03-27 22:23:52.881,292.481,0,-2,14,0,0,0,0,0,0,0,0,0
2026-03-27 22:23:52.882,292.482,0,-2,14,0,0,0,0,0,0,0,0,0
2026-03-27 22:23:52.993,292.593,0,-2,14,0,0,0,0,0,0,0,0,0
2026-03-27 22:23:52.994,292.594,0,-3,14,0,0,0,0,0,0,0,0,0
2026-03-27 22:23:53.010,292.609,0,-2,15,0,0,0,0,0,0,0,0,0
2026-03-27 22:23:53.106,292.705,0,-2,14,0,0,0,0,0,0,0,0,0
2026-03-27 22:23:53.218,292.818,0,-2,14,0,0,0,0,0,0,0,0,0
2026-03-27 22:23:53.219,292.819,0,-2,15,0,0,0,0,0,0,0,0,0
2026-03-27 22:23:53.281,292.881,0,-2,14,0,0,0,0,0,0,0,0,0
2026-03-27 22:23:53.410,293.010,0,-2,15,0,0,0,0,0,0,0,0,0
2026-03-27 22:23:53.553,293.153,0,-2,14,0,0,0,0,0,0,0,0,0
2026-03-27 22:23:53.633,293.233,0,-2,14,0,0,0,0,0,0,0,0,0
2026-03-27 22:23:53.634,293.234,0,-2,14,0,0,0,0,0,0,0,0,0
2026-03-27 22:23:53.636,293.236,0,-2,15,0,0,0,0,0,0,0,0,0
2026-03-27 22:23:53.778,293.378,0,-2,14,0,0,0,0,0,0,0,0,0
2026-03-27 22:23:53.905,293.505,0,-3,14,0,0,0,0,0,0,0,0,0
2026-03-27 22:23:53.907,293.507,0,-2,15,0,0,0,0,0,0,0,0,0
2026-03-27 22:23:53.969,293.569,0,-2,14,0,0,0,0,0,0,0,0,0
2026-03-27 22:23:54.050,293.649,0,-2,14,0,0,0,0,0,0,0,0,0
2026-03-27 22:23:54.177,293.777,0,-2,14,0,0,0,0,0,0,0,0,0
2026-03-27 22:23:54.258,293.857,0,-2,12,0,0,0,0,0,0,0,0,0
2026-03-27 22:23:54.386,293.986,0,-2,15,0,0,0,0,0,0,0,0,0
2026-03-27 22:23:54.530,294.129,0,-2,14,0,0,0,0,0,0,0,0,0
2026-03-27 22:23:54.531,294.131,0,-3,14,0,0,0,0,0,0,0,0,0
2026-03-27 22:23:54.578,294.178,0,-2,14,0,0,0,0,0,0,0,0,0
2026-03-27 22:23:54.673,294.273,0,-2,14,0,0,0,0,0,0,0,0,0
2026-03-27 22:23:54.785,294.385,0,-2,14,0,0,0,0,0,0,0,0,0
2026-03-27 22:23:54.787,294.387,0,-5,15,0,0,0,0,0,0,0,0,0
2026-03-27 22:23:54.802,294.401,0,-2,14,0,0,0,0,0,0,0,0,0
2026-03-27 22:23:54.818,294.418,0,-2,15,0,0,0,0,0,0,0,0,0
2026-03-27 22:23:54.833,294.433,0,-2,14,0,0,0,0,0,0,0,0,0
2026-03-27 22:23:54.994,294.594,0,-2,14,0,0,0,0,0,0,0,0,0
2026-03-27 22:23:55.089,294.689,0,-2,14,0,0,0,0,0,0,0,0,0
2026-03-27 22:23:55.091,294.691,0,-2,15,0,0,0,0,0,0,0,0,0
2026-03-27 22:23:55.153,294.753,0,-2,14,0,0,0,0,0,0,0,0,0
2026-03-27 22:23:55.156,294.756,0,-2,14,0,0,0,0,0,0,0,0,0
2026-03-27 22:23:55.265,294.865,0,-2,14,0,0,0,0,0,0,0,0,0
2026-03-27 22:23:55.394,294.994,0,-2,14,0,0,0,0,0,0,0,0,0
2026-03-27 22:23:55.457,295.057,0,-2,14,0,0,0,0,0,0,0,0,0
2026-03-27 22:23:55.460,295.059,0,-2,14,0,0,0,0,0,0,0,0,0
2026-03-27 22:23:55.489,295.089,0,-2,14,0,0,0,0,0,0,0,0,0
2026-03-27 22:23:55.617,295.217,0,-3,14,0,0,0,0,0,0,0,0,0
2026-03-27 22:23:55.746,295.346,0,-2,14,0,0,0,0,0,0,0,0,0
2026-03-27 22:23:55.762,295.362,0,-2,15,0,0,0,0,0,0,0,0,0
2026-03-27 22:23:55.889,295.489,0,-2,15,0,0,0,0,0,0,0,0,0
2026-03-27 22:23:55.937,295.537,0,-2,15,0,0,0,0,0,0,0,0,0
2026-03-27 22:23:56.097,295.697,0,-2,14,0,0,0,0,0,0,0,0,0
2026-03-27 22:23:56.145,295.745,0,-2,14,0,0,0,0,0,0,0,0,0
2026-03-27 22:23:56.273,295.873,0,-2,14,0,0,0,0,0,0,0,0,0
2026-03-27 22:23:56.274,295.874,0,-2,15,0,0,0,0,0,0,0,0,0
2026-03-27 22:23:56.402,296.002,0,-2,14,0,0,0,0,0,0,0,0,0
2026-03-27 22:23:56.418,296.018,0,-2,14,0,0,0,0,0,0,0,0,0
2026-03-27 22:23:56.530,296.129,0,-2,14,0,0,0,0,0,0,0,0,0
2026-03-27 22:23:56.532,296.132,0,-2,14,0,0,0,0,0,0,0,0,0
2026-03-27 22:23:56.802,296.401,0,-2,14,0,0,0,0,0,0,0,0,0
2026-03-27 22:23:56.849,296.449,0,-2,14,0,0,0,0,0,0,0,0,0
2026-03-27 22:23:56.866,296.466,0,-2,14,0,0,0,0,0,0,0,0,0
2026-03-27 22:23:56.867,296.467,0,-2,0,0,0,0,0,0,0,0,0,0
2026-03-27 22:23:56.977,296.577,0,-2,14,0,0,0,0,0,0,0,0,0
2026-03-27 22:23:56.979,296.578,0,-1,15,0,0,0,0,0,0,0,0,0
2026-03-27 22:23:57.106,296.706,0,-2,14,0,0,0,0,0,0,0,0,0
2026-03-27 22:23:57.123,296.723,0,-2,14,0,0,0,0,0,0,0,0,0
2026-03-27 22:23:57.217,296.817,0,-2,14,0,0,0,0,0,0,0,0,0
2026-03-27 22:23:57.345,296.945,0,-2,14,0,0,0,0,0,0,0,0,0
2026-03-27 22:23:57.346,296.946,0,-2,15,0,0,0,0,0,0,0,0,0
2026-03-27 22:23:57.442,297.041,0,-2,14,0,0,0,0,0,0,0,0,0
2026-03-27 22:23:57.521,297.121,0,-2,14,0,0,0,0,0,0,0,0,0
2026-03-27 22:23:57.537,297.137,0,-2,14,0,0,0,0,0,0,0,0,0
2026-03-27 22:23:57.666,297.266,0,-2,14,0,0,0,0,0,0,0,0,0
2026-03-27 22:23:57.730,297.330,0,-2,14,0,0,0,0,0,0,0,0,0
2026-03-27 22:23:57.748,297.348,0,-2,14,0,0,0,0,0,0,0,0,0
2026-03-27 22:23:57.810,297.410,0,-2,14,0,0,0,0,0,0,0,0,0
2026-03-27 22:23:57.905,297.505,0,-2,14,0,0,0,0,0,0,0,0,0
2026-03-27 22:23:58.049,297.649,0,-2,14,0,0,0,0,0,0,0,0,0
2026-03-27 22:23:58.050,297.650,0,-1,15,0,0,0,0,0,0,0,0,0
2026-03-27 22:23:58.146,297.746,0,-2,14,0,0,0,0,0,0,0,0,0
2026-03-27 22:23:58.273,297.873,0,-2,14,0,0,0,0,0,0,0,0,0
2026-03-27 22:23:58.401,298.001,0,-2,14,0,0,0,0,0,0,0,0,0
2026-03-27 22:23:58.513,298.113,0,-2,14,0,0,0,0,0,0,0,0,0
2026-03-27 22:23:58.577,298.177,0,-2,14,0,0,0,0,0,0,0,0,0
2026-03-27 22:23:58.674,298.274,0,-2,14,0,0,0,0,0,0,0,0,0
2026-03-27 22:23:58.786,298.386,0,-2,14,0,0,0,0,0,0,0,0,0
2026-03-27 22:23:58.897,298.497,0,-2,15,0,0,0,0,0,0,0,0,0
2026-03-27 22:23:58.993,298.593,0,-2,14,0,0,0,0,0,0,0,0,0
2026-03-27 22:23:59.121,298.720,0,-3,14,0,0,0,0,0,0,0,0,0
2026-03-27 22:23:59.217,298.817,0,-2,14,0,0,0,0,0,0,0,0,0
2026-03-27 22:23:59.233,298.833,0,-2,14,0,0,0,0,0,0,0,0,0
2026-03-27 22:23:59.281,298.881,0,-2,15,0,0,0,0,0,0,0,0,0
2026-03-27 22:23:59.297,298.897,0,-2,15,0,0,0,0,0,0,0,0,0
2026-03-27 22:23:59.361,298.961,0,-2,14,0,0,0,0,0,0,0,0,0
2026-03-27 22:23:59.473,299.073,0,-2,14,0,0,0,0,0,0,0,0,0
2026-03-27 22:23:59.553,299.153,0,-2,14,0,0,0,0,0,0,0,0,0
2026-03-27 22:23:59.745,299.345,0,-2,14,0,0,0,0,0,0,0,0,0
2026-03-27 22:23:59.825,299.425,0,-2,15,0,0,0,0,0,0,0,0,0
2026-03-27 22:23:59.873,299.473,0,-2,14,0,0,0,0,0,0,0,0,0
2026-03-27 22:23:59.889,299.489,0,-2,14,0,0,0,0,0,0,0,0,0
2026-03-27 22:23:59.936,299.536,0,-2,14,0,0,0,0,0,0,0,0,0
2026-03-27 22:23:59.938,299.538,0,-2,14,0,0,0,0,0,0,0,0,0
2026-03-27 22:24:00.065,299.665,0,-2,14,0,0,0,0,0,0,0,0,0
2026-03-27 22:24:00.081,299.681,0,-2,14,0,0,0,0,0,0,0,0,0
2026-03-27 22:24:00.177,299.777,0,-2,14,0,0,0,0,0,0,0,0,0
2026-03-27 22:24:00.257,299.857,0,-2,14,0,0,0,0,0,0,0,0,0
2026-03-27 22:24:00.433,300.033,0,-2,14,0,0,0,0,0,0,0,0,0
2026-03-27 22:24:00.448,300.048,0,-2,14,0,0,0,0,0,0,0,0,0
2026-03-27 22:24:00.529,300.129,0,-2,14,0,0,0,0,0,0,0,0,0
2026-03-27 22:24:00.641,300.241,0,-1,14,0,0,0,0,0,0,0,0,0
2026-03-27 22:24:00.658,300.257,0,-2,15,0,0,0,0,0,0,0,0,0
2026-03-27 22:24:00.833,300.433,0,-2,14,0,0,0,0,0,0,0,0,0
2026-03-27 22:24:01.057,300.657,0,-2,14,0,0,0,0,0,0,0,0,0
2026-03-27 22:24:01.153,300.752,0,-2,14,0,0,0,0,0,0,0,0,0
2026-03-27 22:24:01.265,300.865,0,-2,15,0,0,0,0,0,0,0,0,0
2026-03-27 22:24:01.281,300.881,0,-2,14,0,0,0,0,0,0,0,0,0
2026-03-27 22:24:01.377,300.977,0,-2,15,0,0,0,0,0,0,0,0,0
2026-03-27 22:24:01.473,301.073,0,-2,14,0,0,0,0,0,0,0,0,0
2026-03-27 22:24:01.585,301.185,0,-2,14,0,0,0,0,0,0,0,0,0
2026-03-27 22:24:01.586,301.186,0,-1,15,0,0,0,0,0,0,0,0,0
2026-03-27 22:24:01.713,301.313,0,-2,11,0,0,0,0,0,0,0,0,0
2026-03-27 22:24:01.730,301.330,0,-2,14,0,0,0,0,0,0,0,0,0
2026-03-27 22:24:01.809,301.409,0,-2,14,0,0,0,0,0,0,0,0,0
2026-03-27 22:24:01.920,301.520,0,-2,14,0,0,0,0,0,0,0,0,0
2026-03-27 22:24:01.922,301.522,0,-2,14,0,0,0,0,0,0,0,0,0
2026-03-27 22:24:02.001,301.601,0,-2,14,0,0,0,0,0,0,0,0,0
2026-03-27 22:24:02.130,301.729,0,-3,14,0,0,0,0,0,0,0,0,0
2026-03-27 22:24:02.225,301.825,0,-2,14,0,0,0,0,0,0,0,0,0
2026-03-27 22:24:02.401,302.001,0,-2,14,0,0,0,0,0,0,0,0,0
2026-03-27 22:24:02.417,302.017,0,-2,15,0,0,0,0,0,0,0,0,0
2026-03-27 22:24:02.529,302.129,0,-2,14,0,0,0,0,0,0,0,0,0
2026-03-27 22:24:02.641,302.241,0,-2,14,0,0,0,0,0,0,0,0,0
2026-03-27 22:24:02.769,302.369,0,-2,14,0,0,0,0,0,0,0,0,0
2026-03-27 22:24:02.865,302.465,0,-2,14,0,0,0,0,0,0,0,0,0
2026-03-27 22:24:02.977,302.576,0,-2,14,0,0,0,0,0,0,0,0,0
2026-03-27 22:24:03.089,302.689,0,-2,14,0,0,0,0,0,0,0,0,0
2026-03-27 22:24:03.217,302.817,0,-2,14,0,0,0,0,0,0,0,0,0
2026-03-27 22:24:03.265,302.865,0,-2,14,0,0,0,0,0,0,0,0,0
2026-03-27 22:24:03.329,302.929,0,-3,14,0,0,0,0,0,0,0,0,0
2026-03-27 22:24:03.457,303.057,0,-2,14,0,0,0,0,0,0,0,0,0
2026-03-27 22:24:03.473,303.073,0,-2,15,0,0,0,0,0,0,0,0,0
2026-03-27 22:24:03.553,303.152,0,-5,14,0,0,0,0,0,0,0,0,0
2026-03-27 22:24:03.554,303.154,0,-1,15,0,0,0,0,0,0,0,0,0
2026-03-27 22:24:03.555,303.155,0,-2,14,0,0,0,0,0,0,0,0,0
2026-03-27 22:24:03.649,303.249,0,-2,14,0,0,0,0,0,0,0,0,0
2026-03-27 22:24:03.873,303.473,0,-2,14,0,0,0,0,0,0,0,0,0
2026-03-27 22:24:03.889,303.489,0,-2,15,0,0,0,0,0,0,0,0,0
2026-03-27 22:24:03.921,303.521,0,-2,14,0,0,0,0,0,0,0,0,0
2026-03-27 22:24:04.001,303.601,0,-2,14,0,0,0,0,0,0,0,0,0
2026-03-27 22:24:04.097,303.697,0,-2,15,0,0,0,0,0,0,0,0,0
2026-03-27 22:24:04.209,303.809,0,-2,14,0,0,0,0,0,0,0,0,0
2026-03-27 22:24:04.226,303.826,0,-2,14,0,0,0,0,0,0,0,0,0
2026-03-27 22:24:04.353,303.953,0,-2,14,0,0,0,0,0,0,0,0,0
2026-03-27 22:24:04.401,304.001,0,-3,14,0,0,0,0,0,0,0,0,0
2026-03-27 22:24:04.561,304.161,0,-2,14,0,0,0,0,0,0,0,0,0
2026-03-27 22:24:04.609,304.209,0,-2,14,0,0,0,0,0,0,0,0,0
2026-03-27 22:24:04.611,304.211,0,-2,14,0,0,0,0,0,0,0,0,0
2026-03-27 22:24:04.674,304.273,0,-2,12,0,0,0,0,0,0,0,0,0
2026-03-27 22:24:04.801,304.401,0,-2,14,0,0,0,0,0,0,0,0,0
2026-03-27 22:24:04.913,304.513,0,-2,14,0,0,0,0,0,0,0,0,0
2026-03-27 22:24:04.977,304.577,0,-2,14,0,0,0,0,0,0,0,0,0
2026-03-27 22:24:05.057,304.657,0,-2,14,0,0,0,0,0,0,0,0,0
2026-03-27 22:24:05.060,304.660,0,-2,14,0,0,0,0,0,0,0,0,0
2026-03-27 22:24:05.185,304.785,0,-2,15,0,0,0,0,0,0,0,0,0
2026-03-27 22:24:05.297,304.897,0,-2,14,0,0,0,0,0,0,0,0,0
2026-03-27 22:24:05.300,304.899,0,-2,14,0,0,0,0,0,0,0,0,0
2026-03-27 22:24:05.409,305.009,0,-3,14,0,0,0,0,0,0,0,0,0
2026-03-27 22:24:05.489,305.089,0,-2,14,0,0,0,0,0,0,0,0,0
2026-03-27 22:24:05.585,305.185,0,-2,14,0,0,0,0,0,0,0,0,0
2026-03-27 22:24:05.664,305.264,0,-2,14,0,0,0,0,0,0,0,0,0
2026-03-27 22:24:05.809,305.408,0,-2,14,0,0,0,0,0,0,0,0,0
2026-03-27 22:24:05.953,305.553,0,-2,14,0,0,0,0,0,0,0,0,0
2026-03-27 22:24:05.956,305.556,0,-2,14,0,0,0,0,0,0,0,0,0
2026-03-27 22:24:06.049,305.649,0,-2,14,0,0,0,0,0,0,0,0,0
2026-03-27 22:24:06.193,305.793,0,-2,14,0,0,0,0,0,0,0,0,0
2026-03-27 22:24:06.272,305.872,0,-2,14,0,0,0,0,0,0,0,0,0
2026-03-27 22:24:06.274,305.874,0,-2,15,0,0,0,0,0,0,0,0,0
2026-03-27 22:24:06.337,305.937,0,-2,14,0,0,0,0,0,0,0,0,0
2026-03-27 22:24:06.417,306.017,0,-2,14,0,0,0,0,0,0,0,0,0
2026-03-27 22:24:06.545,306.145,0,-2,15,0,0,0,0,0,0,0,0,0
2026-03-27 22:24:06.641,306.241,0,-2,15,0,0,0,0,0,0,0,0,0
2026-03-27 22:24:06.705,306.305,0,-3,14,0,0,0,0,0,0,0,0,0
2026-03-27 22:24:06.817,306.417,0,-2,14,0,0,0,0,0,0,0,0,0
2026-03-27 22:24:06.928,306.528,0,-2,11,0,0,0,0,0,0,0,0,0
2026-03-27 22:24:07.041,306.641,0,-2,14,0,0,0,0,0,0,0,0,0
2026-03-27 22:24:07.169,306.769,0,-2,14,0,0,0,0,0,0,0,0,0
2026-03-27 22:24:07.345,306.945,0,-2,14,0,0,0,0,0,0,0,0,0
2026-03-27 22:24:07.441,307.041,0,-2,14,0,0,0,0,0,0,0,0,0
2026-03-27 22:24:07.489,307.089,0,-2,14,0,0,0,0,0,0,0,0,0
2026-03-27 22:24:07.617,307.217,0,-2,14,0,0,0,0,0,0,0,0,0
2026-03-27 22:24:07.713,307.313,0,-2,14,0,0,0,0,0,0,0,0,0
2026-03-27 22:24:07.888,307.488,0,-2,15,0,0,0,0,0,0,0,0,0
2026-03-27 22:24:07.937,307.537,0,-2,14,0,0,0,0,0,0,0,0,0
2026-03-27 22:24:08.033,307.633,0,-2,14,0,0,0,0,0,0,0,0,0
2026-03-27 22:24:08.209,307.809,0,-2,14,0,0,0,0,0,0,0,0,0
2026-03-27 22:24:08.320,307.920,0,-2,15,0,0,0,0,0,0,0,0,0
2026-03-27 22:24:08.321,307.921,0,-2,14,0,0,0,0,0,0,0,0,0
2026-03-27 22:24:08.323,307.923,0,-2,15,0,0,0,0,0,0,0,0,0
2026-03-27 22:24:08.385,307.985,0,-2,15,0,0,0,0,0,0,0,0,0
2026-03-27 22:24:08.545,308.145,0,-2,14,0,0,0,0,0,0,0,0,0
2026-03-27 22:24:08.720,308.320,0,-2,14,0,0,0,0,0,0,0,0,0
2026-03-27 22:24:08.721,308.321,0,-2,15,0,0,0,0,0,0,0,0,0
2026-03-27 22:24:08.723,308.323,0,-2,14,0,0,0,0,0,0,0,0,0
2026-03-27 22:24:08.769,308.369,0,-2,14,0,0,0,0,0,0,0,0,0
2026-03-27 22:24:08.772,308.372,0,-2,14,0,0,0,0,0,0,0,0,0
2026-03-27 22:24:08.865,308.465,0,-2,14,0,0,0,0,0,0,0,0,0
2026-03-27 22:24:08.882,308.482,0,-2,14,0,0,0,0,0,0,0,0,0
2026-03-27 22:24:09.009,308.609,0,-2,14,0,0,0,0,0,0,0,0,0
2026-03-27 22:24:09.026,308.626,0,-2,15,0,0,0,0,0,0,0,0,0
2026-03-27 22:24:09.121,308.721,0,-2,14,0,0,0,0,0,0,0,0,0
2026-03-27 22:24:09.232,308.832,0,-2,15,0,0,0,0,0,0,0,0,0
2026-03-27 22:24:09.233,308.833,0,-1,15,0,0,0,0,0,0,0,0,0
2026-03-27 22:24:09.265,308.865,0,-2,14,0,0,0,0,0,0,0,0,0
2026-03-27 22:24:09.393,308.993,0,-2,15,0,0,0,0,0,0,0,0,0
2026-03-27 22:24:09.409,309.009,0,-2,14,0,0,0,0,0,0,0,0,0
2026-03-27 22:24:09.425,309.025,0,-2,15,0,0,0,0,0,0,0,0,0
2026-03-27 22:24:09.681,309.281,0,-2,14,0,0,0,0,0,0,0,0,0
2026-03-27 22:24:09.682,309.282,0,-2,15,0,0,0,0,0,0,0,0,0
2026-03-27 22:24:09.698,309.297,0,-2,14,0,0,0,0,0,0,0,0,0
2026-03-27 22:24:09.745,309.345,0,-2,14,0,0,0,0,0,0,0,0,0
2026-03-27 22:24:09.841,309.441,0,-2,15,0,0,0,0,0,0,0,0,0
2026-03-27 22:24:09.952,309.552,0,-2,14,0,0,0,0,0,0,0,0,0
2026-03-27 22:24:09.954,309.554,0,-2,15,0,0,0,0,0,0,0,0,0
2026-03-27 22:24:09.969,309.569,0,-2,15,0,0,0,0,0,0,0,0,0
2026-03-27 22:24:10.049,309.649,0,-2,14,0,0,0,0,0,0,0,0,0
2026-03-27 22:24:10.193,309.793,0,-2,14,0,0,0,0,0,0,0,0,0
2026-03-27 22:24:10.195,309.794,0,-2,15,0,0,0,0,0,0,0,0,0
2026-03-27 22:24:10.256,309.856,0,-2,14,0,0,0,0,0,0,0,0,0
2026-03-27 22:24:10.257,309.857,0,-3,15,0,0,0,0,0,0,0,0,0
2026-03-27 22:24:10.272,309.872,0,-2,14,0,0,0,0,0,0,0,0,0
2026-03-27 22:24:10.401,310.001,0,-2,14,0,0,0,0,0,0,0,0,0
2026-03-27 22:24:10.593,310.193,0,-2,15,0,0,0,0,0,0,0,0,0
2026-03-27 22:24:10.596,310.196,0,-2,14,0,0,0,0,0,0,0,0,0
2026-03-27 22:24:10.673,310.273,0,-2,14,0,0,0,0,0,0,0,0,0
2026-03-27 22:24:10.737,310.337,0,-2,14,0,0,0,0,0,0,0,0,0
2026-03-27 22:24:10.849,310.449,0,-2,15,0,0,0,0,0,0,0,0,0
2026-03-27 22:24:11.024,310.624,0,-2,14,0,0,0,0,0,0,0,0,0
2026-03-27 22:24:11.026,310.626,0,-2,15,0,0,0,0,0,0,0,0,0
2026-03-27 22:24:11.104,310.704,0,-2,14,0,0,0,0,0,0,0,0,0
2026-03-27 22:24:11.105,310.705,0,-2,14,0,0,0,0,0,0,0,0,0
2026-03-27 22:24:11.107,310.707,0,-2,14,0,0,0,0,0,0,0,0,0
2026-03-27 22:24:11.201,310.801,0,-2,14,0,0,0,0,0,0,0,0,0
2026-03-27 22:24:11.329,310.929,0,-2,14,0,0,0,0,0,0,0,0,0
2026-03-27 22:24:11.424,311.024,0,-2,14,0,0,0,0,0,0,0,0,0
2026-03-27 22:24:11.426,311.026,0,-2,14,0,0,0,0,0,0,0,0,0
2026-03-27 22:24:11.569,311.168,0,-2,14,0,0,0,0,0,0,0,0,0
2026-03-27 22:24:11.570,311.170,0,-2,14,0,0,0,0,0,0,0,0,0
2026-03-27 22:24:11.617,311.217,0,-2,14,0,0,0,0,0,0,0,0,0
2026-03-27 22:24:11.697,311.297,0,-2,15,0,0,0,0,0,0,0,0,0
2026-03-27 22:24:11.713,311.313,0,-2,14,0,0,0,0,0,0,0,0,0
2026-03-27 22:24:11.776,311.376,0,-2,14,0,0,0,0,0,0,0,0,0
2026-03-27 22:24:11.793,311.393,0,-2,15,0,0,0,0,0,0,0,0,0
2026-03-27 22:24:11.921,311.521,0,-2,14,0,0,0,0,0,0,0,0,0
2026-03-27 22:24:12.016,311.616,0,-2,14,0,0,0,0,0,0,0,0,0
2026-03-27 22:24:12.018,311.618,0,-2,15,0,0,0,0,0,0,0,0,0
2026-03-27 22:24:12.097,311.697,0,-2,14,0,0,0,0,0,0,0,0,0
2026-03-27 22:24:12.209,311.809,0,-2,14,0,0,0,0,0,0,0,0,0
2026-03-27 22:24:12.210,311.810,0,-2,14,0,0,0,0,0,0,0,0,0
2026-03-27 22:24:12.211,311.811,0,-2,14,0,0,0,0,0,0,0,0,0
2026-03-27 22:24:12.337,311.937,0,-2,14,0,0,0,0,0,0,0,0,0
2026-03-27 22:24:12.432,312.032,0,-2,14,0,0,0,0,0,0,0,0,0
2026-03-27 22:24:12.512,312.112,0,-2,14,0,0,0,0,0,0,0,0,0
2026-03-27 22:24:12.529,312.129,0,-2,14,0,0,0,0,0,0,0,0,0
2026-03-27 22:24:12.737,312.337,0,-2,14,0,0,0,0,0,0,0,0,0
2026-03-27 22:24:12.832,312.432,0,-2,15,0,0,0,0,0,0,0,0,0
2026-03-27 22:24:12.929,312.529,0,-2,14,0,0,0,0,0,0,0,0,0
2026-03-27 22:24:13.009,312.609,0,-2,15,0,0,0,0,0,0,0,0,0
2026-03-27 22:24:13.025,312.625,0,-2,14,0,0,0,0,0,0,0,0,0
2026-03-27 22:24:13.088,312.688,0,-2,14,0,0,0,0,0,0,0,0,0
2026-03-27 22:24:13.232,312.832,0,-2,15,0,0,0,0,0,0,0,0,0
2026-03-27 22:24:13.233,312.833,0,-2,15,0,0,0,0,0,0,0,0,0
2026-03-27 22:24:13.312,312.912,0,-2,14,0,0,0,0,0,0,0,0,0
2026-03-27 22:24:13.314,312.913,0,-2,14,0,0,0,0,0,0,0,0,0
2026-03-27 22:24:13.472,313.072,0,-2,14,0,0,0,0,0,0,0,0,0
2026-03-27 22:24:13.585,313.185,0,-2,14,0,0,0,0,0,0,0,0,0
2026-03-27 22:24:13.587,313.187,0,-2,14,0,0,0,0,0,0,0,0,0
2026-03-27 22:24:13.697,313.296,0,-2,15,0,0,0,0,0,0,0,0,0
2026-03-27 22:24:13.841,313.441,0,-2,14,0,0,0,0,0,0,0,0,0
2026-03-27 22:24:13.872,313.472,0,-2,14,0,0,0,0,0,0,0,0,0
2026-03-27 22:24:13.890,313.490,0,-2,14,0,0,0,0,0,0,0,0,0
2026-03-27 22:24:14.017,313.617,0,-2,14,0,0,0,0,0,0,0,0,0
2026-03-27 22:24:14.177,313.776,0,-2,15,0,0,0,0,0,0,0,0,0
2026-03-27 22:24:14.256,313.856,0,-2,14,0,0,0,0,0,0,0,0,0
2026-03-27 22:24:14.259,313.859,0,-2,14,0,0,0,0,0,0,0,0,0
2026-03-27 22:24:14.337,313.937,0,-2,14,0,0,0,0,0,0,0,0,0
2026-03-27 22:24:14.481,314.081,0,-2,14,0,0,0,0,0,0,0,0,0
2026-03-27 22:24:14.593,314.193,0,-2,14,0,0,0,0,0,0,0,0,0
2026-03-27 22:24:14.656,314.256,0,-2,15,0,0,0,0,0,0,0,0,0
2026-03-27 22:24:14.768,314.368,0,-2,14,0,0,0,0,0,0,0,0,0
2026-03-27 22:24:14.784,314.384,0,-2,15,0,0,0,0,0,0,0,0,0
2026-03-27 22:24:14.896,314.496,0,-3,14,0,0,0,0,0,0,0,0,0
2026-03-27 22:24:14.898,314.497,0,-2,14,0,0,0,0,0,0,0,0,0
2026-03-27 22:24:14.960,314.560,0,-2,14,0,0,0,0,0,0,0,0,0
2026-03-27 22:24:15.025,314.625,0,-2,14,0,0,0,0,0,0,0,0,0
2026-03-27 22:24:15.168,314.768,0,-2,15,0,0,0,0,0,0,0,0,0
2026-03-27 22:24:15.297,314.897,0,-2,14,0,0,0,0,0,0,0,0,0
2026-03-27 22:24:15.313,314.913,0,-2,14,0,0,0,0,0,0,0,0,0
2026-03-27 22:24:15.377,314.977,0,-2,15,0,0,0,0,0,0,0,0,0
2026-03-27 22:24:15.457,315.057,0,-2,14,0,0,0,0,0,0,0,0,0
2026-03-27 22:24:15.504,315.104,0,-2,14,0,0,0,0,0,0,0,0,0
2026-03-27 22:24:15.680,315.280,0,-2,15,0,0,0,0,0,0,0,0,0
2026-03-27 22:24:15.744,315.344,0,-2,14,0,0,0,0,0,0,0,0,0
2026-03-27 22:24:15.872,315.472,0,-2,15,0,0,0,0,0,0,0,0,0
2026-03-27 22:24:15.952,315.552,0,-2,15,0,0,0,0,0,0,0,0,0
2026-03-27 22:24:15.984,315.584,0,-2,14,0,0,0,0,0,0,0,0,0
2026-03-27 22:24:15.985,315.585,0,-2,14,0,0,0,0,0,0,0,0,0
2026-03-27 22:24:15.987,315.587,0,-2,14,0,0,0,0,0,0,0,0,0
2026-03-27 22:24:16.112,315.712,0,-2,15,0,0,0,0,0,0,0,0,0
2026-03-27 22:24:16.177,315.777,0,-1,14,0,0,0,0,0,0,0,0,0
2026-03-27 22:24:16.179,315.779,0,-2,14,0,0,0,0,0,0,0,0,0
2026-03-27 22:24:16.272,315.872,0,-2,14,0,0,0,0,0,0,0,0,0
2026-03-27 22:24:16.401,316.000,0,-2,15,0,0,0,0,0,0,0,0,0
2026-03-27 22:24:16.529,316.128,0,-2,15,0,0,0,0,0,0,0,0,0
2026-03-27 22:24:16.561,316.160,0,-2,15,0,0,0,0,0,0,0,0,0
2026-03-27 22:24:16.672,316.272,0,-2,15,0,0,0,0,0,0,0,0,0
2026-03-27 22:24:16.768,316.368,0,-2,15,0,0,0,0,0,0,0,0,0
2026-03-27 22:24:16.770,316.370,0,-2,14,0,0,0,0,0,0,0,0,0
2026-03-27 22:24:16.929,316.529,0,-2,14,0,0,0,0,0,0,0,0,0
2026-03-27 22:24:17.040,316.640,0,-1,14,0,0,0,0,0,0,0,0,0
2026-03-27 22:24:17.057,316.657,0,-2,15,0,0,0,0,0,0,0,0,0
2026-03-27 22:24:17.136,316.736,0,-2,15,0,0,0,0,0,0,0,0,0
2026-03-27 22:24:17.296,316.896,0,-2,14,0,0,0,0,0,0,0,0,0
2026-03-27 22:24:17.298,316.897,0,-2,14,0,0,0,0,0,0,0,0,0
2026-03-27 22:24:17.504,317.103,0,-2,14,0,0,0,0,0,0,0,0,0
2026-03-27 22:24:17.521,317.120,0,-2,14,0,0,0,0,0,0,0,0,0
2026-03-27 22:24:17.568,317.168,0,-2,15,0,0,0,0,0,0,0,0,0
2026-03-27 22:24:17.888,317.487,0,-2,14,0,0,0,0,0,0,0,0,0
2026-03-27 22:24:18.016,317.616,0,-2,15,0,0,0,0,0,0,0,0,0
2026-03-27 22:24:18.018,317.618,0,-2,14,0,0,0,0,0,0,0,0,0
2026-03-27 22:24:18.127,317.727,0,-2,14,0,0,0,0,0,0,0,0,0
2026-03-27 22:24:18.129,317.729,0,-2,15,0,0,0,0,0,0,0,0,0
2026-03-27 22:24:18.272,317.872,0,-2,14,0,0,0,0,0,0,0,0,0
2026-03-27 22:24:18.352,317.952,0,-2,15,0,0,0,0,0,0,0,0,0
2026-03-27 22:24:18.481,318.080,0,-2,14,0,0,0,0,0,0,0,0,0
2026-03-27 22:24:18.576,318.176,0,-2,14,0,0,0,0,0,0,0,0,0
2026-03-27 22:24:18.688,318.288,0,-2,15,0,0,0,0,0,0,0,0,0
2026-03-27 22:24:18.832,318.432,0,-2,14,0,0,0,0,0,0,0,0,0
2026-03-27 22:24:18.912,318.512,0,-2,14,0,0,0,0,0,0,0,0,0
2026-03-27 22:24:19.071,318.671,0,-2,14,0,0,0,0,0,0,0,0,0
2026-03-27 22:24:19.104,318.704,0,-2,14,0,0,0,0,0,0,0,0,0
2026-03-27 22:24:19.200,318.800,0,-2,14,0,0,0,0,0,0,0,0,0
2026-03-27 22:24:19.202,318.802,0,-1,15,0,0,0,0,0,0,0,0,0
2026-03-27 22:24:19.216,318.816,0,-2,14,0,0,0,0,0,0,0,0,0
2026-03-27 22:24:19.280,318.880,0,-2,14,0,0,0,0,0,0,0,0,0
2026-03-27 22:24:19.360,318.960,0,-2,14,0,0,0,0,0,0,0,0,0
2026-03-27 22:24:19.521,319.120,0,-2,15,0,0,0,0,0,0,0,0,0
2026-03-27 22:24:19.523,319.123,0,-2,14,0,0,0,0,0,0,0,0,0
2026-03-27 22:24:19.601,319.201,0,-2,15,0,0,0,0,0,0,0,0,0
2026-03-27 22:24:19.712,319.312,0,-2,15,0,0,0,0,0,0,0,0,0
2026-03-27 22:24:19.808,319.408,0,-2,15,0,0,0,0,0,0,0,0,0
2026-03-27 22:24:19.952,319.551,0,-2,14,0,0,0,0,0,0,0,0,0
2026-03-27 22:24:20.128,319.728,0,-2,14,0,0,0,0,0,0,0,0,0
2026-03-27 22:24:20.145,319.745,0,-2,14,0,0,0,0,0,0,0,0,0
2026-03-27 22:24:20.147,319.747,0,-2,14,0,0,0,0,0,0,0,0,0
2026-03-27 22:24:20.240,319.840,0,-2,15,0,0,0,0,0,0,0,0,0
2026-03-27 22:24:20.384,319.984,0,-2,14,0,0,0,0,0,0,0,0,0
2026-03-27 22:24:20.386,319.985,0,-2,15,0,0,0,0,0,0,0,0,0
2026-03-27 22:24:20.448,320.048,0,-3,15,0,0,0,0,0,0,0,0,0
2026-03-27 22:24:20.608,320.208,0,-2,14,0,0,0,0,0,0,0,0,0
2026-03-27 22:24:20.625,320.224,0,-2,14,0,0,0,0,0,0,0,0,0
2026-03-27 22:24:20.656,320.256,0,-2,14,0,0,0,0,0,0,0,0,0
2026-03-27 22:24:20.784,320.384,0,-2,15,0,0,0,0,0,0,0,0,0
2026-03-27 22:24:20.864,320.464,0,-2,15,0,0,0,0,0,0,0,0,0
2026-03-27 22:24:21.008,320.608,0,-2,15,0,0,0,0,0,0,0,0,0
2026-03-27 22:24:21.024,320.624,1,-2,15,0,0,0,0,0,0,0,0,0
2026-03-27 22:24:21.104,320.704,0,-2,14,0,0,0,0,0,0,0,0,0
2026-03-27 22:24:21.122,320.722,0,-2,14,0,0,0,0,0,0,0,0,0
2026-03-27 22:24:21.200,320.800,0,-2,14,0,0,0,0,0,0,0,0,0
2026-03-27 22:24:21.248,320.848,0,-2,14,0,0,0,0,0,0,0,0,0
2026-03-27 22:24:21.424,321.024,0,-2,14,0,0,0,0,0,0,0,0,0
2026-03-27 22:24:21.521,321.121,0,-2,14,0,0,0,0,0,0,0,0,0
2026-03-27 22:24:21.538,321.138,0,-2,14,0,0,0,0,0,0,0,0,0
2026-03-27 22:24:21.600,321.200,0,-2,14,0,0,0,0,0,0,0,0,0
2026-03-27 22:24:21.664,321.264,0,-2,14,0,0,0,0,0,0,0,0,0
2026-03-27 22:24:21.824,321.424,0,-2,14,0,0,0,0,0,0,0,0,0
2026-03-27 22:24:21.825,321.425,0,-1,15,0,0,0,0,0,0,0,0,0
2026-03-27 22:24:21.826,321.426,0,-2,14,0,0,0,0,0,0,0,0,0
2026-03-27 22:24:21.937,321.537,0,-2,14,0,0,0,0,0,0,0,0,0
2026-03-27 22:24:22.015,321.615,0,-2,14,0,0,0,0,0,0,0,0,0
2026-03-27 22:24:22.017,321.617,0,-2,14,0,0,0,0,0,0,0,0,0
2026-03-27 22:24:22.159,321.759,0,-2,14,0,0,0,0,0,0,0,0,0
2026-03-27 22:24:22.240,321.840,0,-2,15,0,0,0,0,0,0,0,0,0
2026-03-27 22:24:22.241,321.841,0,-2,15,0,0,0,0,0,0,0,0,0
2026-03-27 22:24:22.384,321.984,0,-2,15,0,0,0,0,0,0,0,0,0
2026-03-27 22:24:22.416,322.016,0,-2,14,0,0,0,0,0,0,0,0,0
2026-03-27 22:24:22.496,322.096,0,-2,14,0,0,0,0,0,0,0,0,0
2026-03-27 22:24:22.497,322.097,0,-2,14,0,0,0,0,0,0,0,0,0
2026-03-27 22:24:22.624,322.224,0,-2,15,0,0,0,0,0,0,0,0,0
2026-03-27 22:24:22.625,322.225,0,-2,15,0,0,0,0,0,0,0,0,0
2026-03-27 22:24:22.799,322.399,0,-2,14,0,0,0,0,0,0,0,0,0
2026-03-27 22:24:22.801,322.401,0,-2,14,0,0,0,0,0,0,0,0,0
2026-03-27 22:24:22.848,322.448,0,-2,14,0,0,0,0,0,0,0,0,0
2026-03-27 22:24:22.896,322.496,0,-2,14,0,0,0,0,0,0,0,0,0
2026-03-27 22:24:23.072,322.671,0,-1,14,0,0,0,0,0,0,0,0,0
2026-03-27 22:24:23.280,322.879,0,-2,14,0,0,0,0,0,0,0,0,0
2026-03-27 22:24:23.423,323.023,0,-2,14,0,0,0,0,0,0,0,0,0
2026-03-27 22:24:23.425,323.024,0,-2,14,0,0,0,0,0,0,0,0,0
2026-03-27 22:24:23.535,323.135,0,-2,14,0,0,0,0,0,0,0,0,0
2026-03-27 22:24:23.536,323.136,0,-2,15,0,0,0,0,0,0,0,0,0
2026-03-27 22:24:23.538,323.137,0,-2,15,0,0,0,0,0,0,0,0,0
2026-03-27 22:24:23.584,323.184,0,-2,15,0,0,0,0,0,0,0,0,0
2026-03-27 22:24:23.680,323.280,0,-2,15,0,0,0,0,0,0,0,0,0
2026-03-27 22:24:23.792,323.392,0,-2,15,0,0,0,0,0,0,0,0,0
2026-03-27 22:24:23.919,323.519,0,-2,15,0,0,0,0,0,0,0,0,0
2026-03-27 22:24:23.921,323.521,0,-2,14,0,0,0,0,0,0,0,0,0
2026-03-27 22:24:24.080,323.679,0,-2,15,0,0,0,0,0,0,0,0,0
2026-03-27 22:24:24.112,323.712,0,-2,14,0,0,0,0,0,0,0,0,0
2026-03-27 22:24:24.224,323.824,0,-2,15,0,0,0,0,0,0,0,0,0
2026-03-27 22:24:24.336,323.936,0,-2,15,0,0,0,0,0,0,0,0,0
2026-03-27 22:24:24.464,324.064,0,-2,14,0,0,0,0,0,0,0,0,0
2026-03-27 22:24:24.465,324.065,0,-2,15,0,0,0,0,0,0,0,0,0
2026-03-27 22:24:24.560,324.160,0,-2,14,0,0,0,0,0,0,0,0,0
2026-03-27 22:24:24.577,324.177,0,-2,14,0,0,0,0,0,0,0,0,0
2026-03-27 22:24:24.704,324.303,0,-2,14,0,0,0,0,0,0,0,0,0
2026-03-27 22:24:24.768,324.368,0,-2,15,0,0,0,0,0,0,0,0,0
2026-03-27 22:24:24.911,324.511,0,-2,14,0,0,0,0,0,0,0,0,0
2026-03-27 22:24:24.928,324.528,0,-2,15,0,0,0,0,0,0,0,0,0
2026-03-27 22:24:25.024,324.623,0,-2,15,0,0,0,0,0,0,0,0,0
2026-03-27 22:24:25.039,324.639,0,-2,15,0,0,0,0,0,0,0,0,0
2026-03-27 22:24:25.120,324.720,0,-2,15,0,0,0,0,0,0,0,0,0
2026-03-27 22:24:25.248,324.848,0,-2,14,0,0,0,0,0,0,0,0,0
2026-03-27 22:24:25.249,324.849,0,-2,14,0,0,0,0,0,0,0,0,0
2026-03-27 22:24:25.251,324.851,0,-2,14,0,0,0,0,0,0,0,0,0
2026-03-27 22:24:25.296,324.896,0,-2,15,0,0,0,0,0,0,0,0,0
2026-03-27 22:24:25.299,324.899,0,-2,14,0,0,0,0,0,0,0,0,0
2026-03-27 22:24:25.488,325.088,0,-2,14,0,0,0,0,0,0,0,0,0
2026-03-27 22:24:25.536,325.135,0,-2,15,0,0,0,0,0,0,0,0,0
2026-03-27 22:24:25.647,325.247,0,-2,14,0,0,0,0,0,0,0,0,0
2026-03-27 22:24:25.649,325.248,0,-2,14,0,0,0,0,0,0,0,0,0
2026-03-27 22:24:25.776,325.376,0,-2,15,0,0,0,0,0,0,0,0,0
2026-03-27 22:24:25.824,325.423,0,-2,14,0,0,0,0,0,0,0,0,0
2026-03-27 22:24:25.840,325.440,0,-2,15,0,0,0,0,0,0,0,0,0
2026-03-27 22:24:25.920,325.519,0,-2,14,0,0,0,0,0,0,0,0,0
2026-03-27 22:24:25.921,325.521,0,-2,14,0,0,0,0,0,0,0,0,0
2026-03-27 22:24:26.032,325.631,0,-2,15,0,0,0,0,0,0,0,0,0
2026-03-27 22:24:26.192,325.792,0,-2,15,0,0,0,0,0,0,0,0,0
2026-03-27 22:24:26.193,325.793,0,-2,15,0,0,0,0,0,0,0,0,0
2026-03-27 22:24:26.195,325.795,0,-2,15,0,0,0,0,0,0,0,0,0
2026-03-27 22:24:26.256,325.856,0,-2,15,0,0,0,0,0,0,0,0,0
2026-03-27 22:24:26.271,325.871,0,-2,15,0,0,0,0,0,0,0,0,0
2026-03-27 22:24:26.383,325.983,0,-2,14,0,0,0,0,0,0,0,0,0
2026-03-27 22:24:26.400,326.000,0,-2,14,0,0,0,0,0,0,0,0,0
2026-03-27 22:24:26.543,326.143,0,-2,14,0,0,0,0,0,0,0,0,0
2026-03-27 22:24:26.545,326.145,0,-2,14,0,0,0,0,0,0,0,0,0
2026-03-27 22:24:26.592,326.191,0,-2,14,0,0,0,0,0,0,0,0,0
2026-03-27 22:24:26.594,326.194,0,-2,14,0,0,0,0,0,0,0,0,0
2026-03-27 22:24:26.704,326.304,0,-2,15,0,0,0,0,0,0,0,0,0
2026-03-27 22:24:26.816,326.415,0,-5,14,0,0,0,0,0,0,0,0,0
2026-03-27 22:24:26.927,326.527,0,-2,15,0,0,0,0,0,0,0,0,0
2026-03-27 22:24:26.929,326.528,0,-2,15,0,0,0,0,0,0,0,0,0
2026-03-27 22:24:27.055,326.655,0,-2,14,0,0,0,0,0,0,0,0,0
2026-03-27 22:24:27.057,326.656,0,-2,14,0,0,0,0,0,0,0,0,0
2026-03-27 22:24:27.167,326.767,0,-2,14,0,0,0,0,0,0,0,0,0
2026-03-27 22:24:27.168,326.768,0,-2,14,0,0,0,0,0,0,0,0,0
2026-03-27 22:24:27.264,326.864,0,-2,14,0,0,0,0,0,0,0,0,0
2026-03-27 22:24:27.375,326.975,0,-2,14,0,0,0,0,0,0,0,0,0
2026-03-27 22:24:27.488,327.088,0,-2,14,0,0,0,0,0,0,0,0,0
2026-03-27 22:24:27.631,327.231,0,-2,14,0,0,0,0,0,0,0,0,0
2026-03-27 22:24:27.633,327.232,0,-2,15,0,0,0,0,0,0,0,0,0
2026-03-27 22:24:27.760,327.360,0,-2,14,0,0,0,0,0,0,0,0,0
2026-03-27 22:24:27.824,327.423,0,-2,15,0,0,0,0,0,0,0,0,0
2026-03-27 22:24:27.904,327.504,0,-2,14,0,0,0,0,0,0,0,0,0
2026-03-27 22:24:27.922,327.522,0,-2,14,0,0,0,0,0,0,0,0,0
2026-03-27 22:24:28.016,327.616,0,-2,14,0,0,0,0,0,0,0,0,0
2026-03-27 22:24:28.018,327.618,0,-2,14,0,0,0,0,0,0,0,0,0
2026-03-27 22:24:28.096,327.696,0,-2,14,0,0,0,0,0,0,0,0,0
2026-03-27 22:24:28.255,327.855,0,-2,14,0,0,0,0,0,0,0,0,0
2026-03-27 22:24:28.272,327.872,0,-2,14,0,0,0,0,0,0,0,0,0
2026-03-27 22:24:28.367,327.967,0,-2,14,0,0,0,0,0,0,0,0,0
2026-03-27 22:24:28.527,328.127,0,-2,14,0,0,0,0,0,0,0,0,0
2026-03-27 22:24:28.544,328.144,0,-2,14,0,0,0,0,0,0,0,0,0
2026-03-27 22:24:28.639,328.239,0,-2,14,0,0,0,0,0,0,0,0,0
2026-03-27 22:24:28.655,328.255,0,-2,14,0,0,0,0,0,0,0,0,0
2026-03-27 22:24:28.784,328.384,0,-2,15,0,0,0,0,0,0,0,0,0
2026-03-27 22:24:28.959,328.559,0,-2,15,0,0,0,0,0,0,0,0,0
2026-03-27 22:24:28.975,328.575,0,-2,14,0,0,0,0,0,0,0,0,0
2026-03-27 22:24:28.978,328.578,0,-5,14,0,0,0,0,0,0,0,0,0
2026-03-27 22:24:29.072,328.672,0,-2,14,0,0,0,0,0,0,0,0,0
2026-03-27 22:24:29.184,328.783,0,-2,14,0,0,0,0,0,0,0,0,0
2026-03-27 22:24:29.185,328.785,0,-2,14,0,0,0,0,0,0,0,0,0
2026-03-27 22:24:29.263,328.863,0,-2,14,0,0,0,0,0,0,0,0,0
2026-03-27 22:24:29.423,329.023,0,-2,14,0,0,0,0,0,0,0,0,0
2026-03-27 22:24:29.488,329.088,0,-2,14,0,0,0,0,0,0,0,0,0
2026-03-27 22:24:29.567,329.167,0,-2,14,0,0,0,0,0,0,0,0,0
2026-03-27 22:24:29.615,329.215,0,-2,14,0,0,0,0,0,0,0,0,0
2026-03-27 22:24:29.631,329.231,0,-2,14,0,0,0,0,0,0,0,0,0
2026-03-27 22:24:29.776,329.376,0,-2,14,0,0,0,0,0,0,0,0,0
2026-03-27 22:24:29.840,329.440,0,-3,14,0,0,0,0,0,0,0,0,0
2026-03-27 22:24:29.983,329.583,0,-2,14,0,0,0,0,0,0,0,0,0
2026-03-27 22:24:30.111,329.711,0,-2,14,0,0,0,0,0,0,0,0,0
2026-03-27 22:24:30.192,329.791,0,-2,14,0,0,0,0,0,0,0,0,0
2026-03-27 22:24:30.287,329.887,0,-2,15,0,0,0,0,0,0,0,0,0
2026-03-27 22:24:30.447,330.047,0,-2,14,0,0,0,0,0,0,0,0,0
2026-03-27 22:24:30.479,330.079,0,-2,14,0,0,0,0,0,0,0,0,0
2026-03-27 22:24:30.591,330.191,0,-2,14,0,0,0,0,0,0,0,0,0
2026-03-27 22:24:30.592,330.192,0,-2,14,0,0,0,0,0,0,0,0,0
2026-03-27 22:24:30.655,330.255,0,-2,14,0,0,0,0,0,0,0,0,0
2026-03-27 22:24:30.767,330.367,0,-2,15,0,0,0,0,0,0,0,0,0
2026-03-27 22:24:30.911,330.511,0,-2,14,0,0,0,0,0,0,0,0,0
2026-03-27 22:24:30.976,330.576,0,-2,14,0,0,0,0,0,0,0,0,0
2026-03-27 22:24:30.977,330.577,0,-2,15,0,0,0,0,0,0,0,0,0
2026-03-27 22:24:31.039,330.639,0,-2,14,0,0,0,0,0,0,0,0,0
2026-03-27 22:24:31.232,330.832,0,-2,14,0,0,0,0,0,0,0,0,0
2026-03-27 22:24:31.327,330.927,0,-2,15,0,0,0,0,0,0,0,0,0
2026-03-27 22:24:31.376,330.975,0,-2,15,0,0,0,0,0,0,0,0,0
2026-03-27 22:24:31.455,331.055,0,-2,14,0,0,0,0,0,0,0,0,0
2026-03-27 22:24:31.552,331.152,0,-2,14,0,0,0,0,0,0,0,0,0
2026-03-27 22:24:31.567,331.167,0,-2,14,0,0,0,0,0,0,0,0,0
2026-03-27 22:24:31.647,331.247,0,-2,14,0,0,0,0,0,0,0,0,0
2026-03-27 22:24:31.743,331.343,0,-2,14,0,0,0,0,0,0,0,0,0
2026-03-27 22:24:31.760,331.360,0,-2,14,0,0,0,0,0,0,0,0,0
2026-03-27 22:24:31.855,331.455,0,-2,14,0,0,0,0,0,0,0,0,0
2026-03-27 22:24:32.064,331.664,0,-2,14,0,0,0,0,0,0,0,0,0
2026-03-27 22:24:32.111,331.711,0,-2,14,0,0,0,0,0,0,0,0,0
2026-03-27 22:24:32.159,331.759,0,-2,14,0,0,0,0,0,0,0,0,0
2026-03-27 22:24:32.335,331.935,0,-2,14,0,0,0,0,0,0,0,0,0
2026-03-27 22:24:32.415,332.015,0,-2,14,0,0,0,0,0,0,0,0,0
2026-03-27 22:24:32.512,332.112,0,-2,14,0,0,0,0,0,0,0,0,0
2026-03-27 22:24:32.655,332.255,0,-2,15,0,0,0,0,0,0,0,0,0
2026-03-27 22:24:32.703,332.303,0,-2,14,0,0,0,0,0,0,0,0,0
2026-03-27 22:24:32.704,332.304,0,-2,14,0,0,0,0,0,0,0,0,0
2026-03-27 22:24:32.783,332.383,0,-2,14,0,0,0,0,0,0,0,0,0
2026-03-27 22:24:32.848,332.448,0,-2,14,0,0,0,0,0,0,0,0,0
2026-03-27 22:24:32.975,332.575,0,-2,14,0,0,0,0,0,0,0,0,0
2026-03-27 22:24:32.977,332.577,0,-2,14,0,0,0,0,0,0,0,0,0
2026-03-27 22:24:33.087,332.687,0,-2,14,0,0,0,0,0,0,0,0,0
2026-03-27 22:24:33.088,332.688,0,-2,15,0,0,0,0,0,0,0,0,0
2026-03-27 22:24:33.247,332.847,0,-2,15,0,0,0,0,0,0,0,0,0
2026-03-27 22:24:33.279,332.879,0,-2,14,0,0,0,0,0,0,0,0,0
2026-03-27 22:24:33.281,332.881,0,-2,15,0,0,0,0,0,0,0,0,0
2026-03-27 22:24:33.283,332.883,0,-2,15,0,0,0,0,0,0,0,0,0
2026-03-27 22:24:33.376,332.976,0,-2,14,0,0,0,0,0,0,0,0,0
2026-03-27 22:24:33.391,332.991,0,-2,14,0,0,0,0,0,0,0,0,0
2026-03-27 22:24:33.552,333.152,0,-2,14,0,0,0,0,0,0,0,0,0
2026-03-27 22:24:33.600,333.200,0,-2,14,0,0,0,0,0,0,0,0,0
2026-03-27 22:24:33.711,333.311,0,-2,15,0,0,0,0,0,0,0,0,0
2026-03-27 22:24:33.729,333.328,0,-2,15,0,0,0,0,0,0,0,0,0
2026-03-27 22:24:33.871,333.471,0,-2,15,0,0,0,0,0,0,0,0,0
2026-03-27 22:24:33.887,333.487,0,-2,14,0,0,0,0,0,0,0,0,0
2026-03-27 22:24:34.031,333.631,0,-2,14,0,0,0,0,0,0,0,0,0
2026-03-27 22:24:34.080,333.679,0,-2,15,0,0,0,0,0,0,0,0,0
2026-03-27 22:24:34.096,333.696,0,-2,14,0,0,0,0,0,0,0,0,0
2026-03-27 22:24:34.127,333.727,0,-2,14,0,0,0,0,0,0,0,0,0
2026-03-27 22:24:34.145,333.745,0,-2,14,0,0,0,0,0,0,0,0,0
2026-03-27 22:24:34.256,333.856,0,-2,14,0,0,0,0,0,0,0,0,0
2026-03-27 22:24:34.336,333.936,0,-2,14,0,0,0,0,0,0,0,0,0
2026-03-27 22:24:34.339,333.939,0,-2,14,0,0,0,0,0,0,0,0,0
2026-03-27 22:24:34.416,334.016,0,-2,14,0,0,0,0,0,0,0,0,0
2026-03-27 22:24:34.719,334.319,0,-5,14,0,0,0,0,0,0,0,0,0
2026-03-27 22:24:34.863,334.463,0,-2,14,0,0,0,0,0,0,0,0,0
2026-03-27 22:24:34.991,334.591,0,-2,14,0,0,0,0,0,0,0,0,0
2026-03-27 22:24:35.087,334.687,0,-2,14,0,0,0,0,0,0,0,0,0
2026-03-27 22:24:35.199,334.799,0,-2,14,0,0,0,0,0,0,0,0,0
2026-03-27 22:24:35.202,334.802,0,-2,15,0,0,0,0,0,0,0,0,0
2026-03-27 22:24:35.264,334.864,0,-2,15,0,0,0,0,0,0,0,0,0
2026-03-27 22:24:35.279,334.879,0,-2,14,0,0,0,0,0,0,0,0,0
2026-03-27 22:24:35.391,334.991,0,-2,14,0,0,0,0,0,0,0,0,0
2026-03-27 22:24:35.439,335.039,0,-2,14,0,0,0,0,0,0,0,0,0
2026-03-27 22:24:35.567,335.167,0,-2,14,0,0,0,0,0,0,0,0,0
2026-03-27 22:24:35.712,335.312,0,-2,15,0,0,0,0,0,0,0,0,0
2026-03-27 22:24:35.872,335.472,0,-2,14,0,0,0,0,0,0,0,0,0
2026-03-27 22:24:35.951,335.551,0,-2,14,0,0,0,0,0,0,0,0,0
2026-03-27 22:24:36.080,335.680,0,-2,14,0,0,0,0,0,0,0,0,0
2026-03-27 22:24:36.127,335.727,0,-2,14,0,0,0,0,0,0,0,0,0
2026-03-27 22:24:36.143,335.743,0,-2,14,0,0,0,0,0,0,0,0,0
2026-03-27 22:24:36.207,335.807,0,-2,15,0,0,0,0,0,0,0,0,0
2026-03-27 22:24:36.208,335.808,0,-1,14,0,0,0,0,0,0,0,0,0
2026-03-27 22:24:36.223,335.823,0,-2,15,0,0,0,0,0,0,0,0,0
2026-03-27 22:24:36.303,335.903,0,-2,14,0,0,0,0,0,0,0,0,0
2026-03-27 22:24:36.399,335.999,0,-2,14,0,0,0,0,0,0,0,0,0
2026-03-27 22:24:36.400,336.000,0,-2,15,0,0,0,0,0,0,0,0,0
2026-03-27 22:24:36.543,336.143,0,-2,15,0,0,0,0,0,0,0,0,0
2026-03-27 22:24:36.720,336.320,0,-3,14,0,0,0,0,0,0,0,0,0
2026-03-27 22:24:36.832,336.431,0,-2,14,0,0,0,0,0,0,0,0,0
2026-03-27 22:24:36.959,336.559,0,-2,14,0,0,0,0,0,0,0,0,0
2026-03-27 22:24:37.087,336.687,0,-2,15,0,0,0,0,0,0,0,0,0
2026-03-27 22:24:37.183,336.783,0,-2,14,0,0,0,0,0,0,0,0,0
2026-03-27 22:24:37.263,336.863,0,-2,14,0,0,0,0,0,0,0,0,0
2026-03-27 22:24:37.343,336.943,0,-2,14,0,0,0,0,0,0,0,0,0
2026-03-27 22:24:37.360,336.960,0,-1,15,0,0,0,0,0,0,0,0,0
2026-03-27 22:24:37.455,337.055,0,-2,12,0,0,0,0,0,0,0,0,0
2026-03-27 22:24:37.583,337.183,0,-2,15,0,0,0,0,0,0,0,0,0
2026-03-27 22:24:37.727,337.327,0,-2,14,0,0,0,0,0,0,0,0,0
2026-03-27 22:24:37.729,337.329,0,-2,15,0,0,0,0,0,0,0,0,0
2026-03-27 22:24:37.742,337.342,0,-2,14,0,0,0,0,0,0,0,0,0
2026-03-27 22:24:37.823,337.423,0,-2,14,0,0,0,0,0,0,0,0,0
2026-03-27 22:24:37.855,337.455,0,-2,14,0,0,0,0,0,0,0,0,0
2026-03-27 22:24:37.952,337.551,0,-3,14,0,0,0,0,0,0,0,0,0
2026-03-27 22:24:38.079,337.679,0,-2,14,0,0,0,0,0,0,0,0,0
2026-03-27 22:24:38.207,337.807,0,-2,14,0,0,0,0,0,0,0,0,0
2026-03-27 22:24:38.303,337.903,0,-2,14,0,0,0,0,0,0,0,0,0
2026-03-27 22:24:38.351,337.951,0,-2,12,0,0,0,0,0,0,0,0,0
2026-03-27 22:24:38.511,338.111,0,-2,14,0,0,0,0,0,0,0,0,0
2026-03-27 22:24:38.512,338.112,0,-2,15,0,0,0,0,0,0,0,0,0
2026-03-27 22:24:38.575,338.175,0,-2,14,0,0,0,0,0,0,0,0,0
2026-03-27 22:24:38.703,338.303,0,-2,14,0,0,0,0,0,0,0,0,0
2026-03-27 22:24:38.800,338.399,0,-2,14,0,0,0,0,0,0,0,0,0
2026-03-27 22:24:38.912,338.512,0,-2,14,0,0,0,0,0,0,0,0,0
2026-03-27 22:24:38.991,338.591,0,-2,14,0,0,0,0,0,0,0,0,0
2026-03-27 22:24:39.072,338.672,0,-2,14,0,0,0,0,0,0,0,0,0
2026-03-27 22:24:39.215,338.815,0,-2,15,0,0,0,0,0,0,0,0,0
2026-03-27 22:24:39.311,338.911,0,-2,14,0,0,0,0,0,0,0,0,0
2026-03-27 22:24:39.314,338.914,0,-2,14,0,0,0,0,0,0,0,0,0
2026-03-27 22:24:39.359,338.959,0,-2,15,0,0,0,0,0,0,0,0,0
2026-03-27 22:24:39.487,339.087,0,-2,14,0,0,0,0,0,0,0,0,0
2026-03-27 22:24:39.583,339.183,0,-2,14,0,0,0,0,0,0,0,0,0
2026-03-27 22:24:39.647,339.247,0,-2,14,0,0,0,0,0,0,0,0,0
2026-03-27 22:24:39.823,339.423,0,-2,14,0,0,0,0,0,0,0,0,0
2026-03-27 22:24:39.983,339.583,0,-2,14,0,0,0,0,0,0,0,0,0
2026-03-27 22:24:40.111,339.711,0,-2,14,0,0,0,0,0,0,0,0,0
2026-03-27 22:24:40.319,339.919,0,-2,15,0,0,0,0,0,0,0,0,0
2026-03-27 22:24:40.495,340.095,0,-2,15,0,0,0,0,0,0,0,0,0
2026-03-27 22:24:40.511,340.111,0,-2,14,0,0,0,0,0,0,0,0,0
2026-03-27 22:24:40.639,340.239,0,-2,14,0,0,0,0,0,0,0,0,0
2026-03-27 22:24:40.703,340.303,0,-2,15,0,0,0,0,0,0,0,0,0
2026-03-27 22:24:40.878,340.478,0,-2,15,0,0,0,0,0,0,0,0,0
2026-03-27 22:24:40.880,340.480,0,-2,15,0,0,0,0,0,0,0,0,0
2026-03-27 22:24:40.959,340.559,0,-2,15,0,0,0,0,0,0,0,0,0
2026-03-27 22:24:41.039,340.639,0,-2,15,0,0,0,0,0,0,0,0,0
2026-03-27 22:24:41.041,340.641,0,-2,14,0,0,0,0,0,0,0,0,0
2026-03-27 22:24:41.327,340.927,0,-2,12,0,0,0,0,0,0,0,0,0
2026-03-27 22:24:41.328,340.928,0,-2,12,0,0,0,0,0,0,0,0,0
2026-03-27 22:24:41.330,340.930,0,-2,15,0,0,0,0,0,0,0,0,0
2026-03-27 22:24:41.487,341.087,0,-2,15,0,0,0,0,0,0,0,0,0
2026-03-27 22:24:41.535,341.135,0,-2,15,0,0,0,0,0,0,0,0,0
2026-03-27 22:24:41.615,341.215,0,-2,15,0,0,0,0,0,0,0,0,0
2026-03-27 22:24:41.775,341.375,0,-2,15,0,0,0,0,0,0,0,0,0
2026-03-27 22:24:41.903,341.503,0,-5,14,0,0,0,0,0,0,0,0,0
2026-03-27 22:24:42.015,341.614,0,-2,14,0,0,0,0,0,0,0,0,0
2026-03-27 22:24:42.111,341.710,0,-2,14,0,0,0,0,0,0,0,0,0
2026-03-27 22:24:42.207,341.807,0,-2,14,0,0,0,0,0,0,0,0,0
2026-03-27 22:24:42.367,341.966,0,-2,15,0,0,0,0,0,0,0,0,0
2026-03-27 22:24:42.398,341.998,0,-2,14,0,0,0,0,0,0,0,0,0
2026-03-27 22:24:42.400,341.999,0,-2,14,0,0,0,0,0,0,0,0,0
2026-03-27 22:24:42.479,342.079,0,-2,14,0,0,0,0,0,0,0,0,0
2026-03-27 22:24:42.638,342.238,0,-2,14,0,0,0,0,0,0,0,0,0
2026-03-27 22:24:42.640,342.240,0,-2,14,0,0,0,0,0,0,0,0,0
2026-03-27 22:24:42.735,342.335,0,-2,12,0,0,0,0,0,0,0,0,0
2026-03-27 22:24:42.878,342.478,0,-2,15,0,0,0,0,0,0,0,0,0
2026-03-27 22:24:42.880,342.480,0,-2,15,0,0,0,0,0,0,0,0,0
2026-03-27 22:24:42.911,342.511,0,-2,15,0,0,0,0,0,0,0,0,0
2026-03-27 22:24:42.913,342.513,0,-2,14,0,0,0,0,0,0,0,0,0
2026-03-27 22:24:43.038,342.638,0,-2,14,0,0,0,0,0,0,0,0,0
2026-03-27 22:24:43.041,342.640,0,-2,15,0,0,0,0,0,0,0,0,0
2026-03-27 22:24:43.119,342.719,0,-2,15,0,0,0,0,0,0,0,0,0
2026-03-27 22:24:43.122,342.721,0,-2,14,0,0,0,0,0,0,0,0,0
2026-03-27 22:24:43.247,342.847,0,-2,15,0,0,0,0,0,0,0,0,0
2026-03-27 22:24:43.327,342.927,0,-2,12,0,0,0,0,0,0,0,0,0
2026-03-27 22:24:43.342,342.942,0,-2,14,0,0,0,0,0,0,0,0,0
2026-03-27 22:24:43.407,343.007,0,-2,14,0,0,0,0,0,0,0,0,0
2026-03-27 22:24:43.598,343.198,0,-2,15,0,0,0,0,0,0,0,0,0
2026-03-27 22:24:43.615,343.214,0,-1,16,0,0,0,0,0,0,0,0,0
2026-03-27 22:24:43.663,343.263,0,-2,15,0,0,0,0,0,0,0,0,0
2026-03-27 22:24:43.664,343.264,0,-1,15,0,0,0,0,0,0,0,0,0
2026-03-27 22:24:43.665,343.265,0,-2,14,0,0,0,0,0,0,0,0,0
2026-03-27 22:24:43.872,343.472,0,-2,14,0,0,0,0,0,0,0,0,0
2026-03-27 22:24:43.983,343.583,0,-2,14,0,0,0,0,0,0,0,0,0
2026-03-27 22:24:44.095,343.695,0,-2,14,0,0,0,0,0,0,0,0,0
2026-03-27 22:24:44.239,343.839,0,-2,14,0,0,0,0,0,0,0,0,0
2026-03-27 22:24:44.318,343.918,0,-2,14,0,0,0,0,0,0,0,0,0
2026-03-27 22:24:44.399,343.999,0,-2,14,0,0,0,0,0,0,0,0,0
2026-03-27 22:24:44.414,344.014,0,-3,14,0,0,0,0,0,0,0,0,0
2026-03-27 22:24:44.447,344.047,0,-2,14,0,0,0,0,0,0,0,0,0
2026-03-27 22:24:44.639,344.239,0,-2,14,0,0,0,0,0,0,0,0,0
2026-03-27 22:24:44.655,344.255,0,-2,14,0,0,0,0,0,0,0,0,0
2026-03-27 22:24:44.719,344.319,0,-2,14,0,0,0,0,0,0,0,0,0
2026-03-27 22:24:44.735,344.335,0,-2,14,0,0,0,0,0,0,0,0,0
2026-03-27 22:24:44.799,344.399,0,-2,14,0,0,0,0,0,0,0,0,0
2026-03-27 22:24:44.927,344.527,0,-2,15,0,0,0,0,0,0,0,0,0
2026-03-27 22:24:45.087,344.687,0,-2,14,0,0,0,0,0,0,0,0,0
2026-03-27 22:24:45.183,344.782,0,-2,14,0,0,0,0,0,0,0,0,0
2026-03-27 22:24:45.186,344.785,0,-2,14,0,0,0,0,0,0,0,0,0
2026-03-27 22:24:45.327,344.927,0,-2,14,0,0,0,0,0,0,0,0,0
2026-03-27 22:24:45.423,345.023,0,-3,14,0,0,0,0,0,0,0,0,0
2026-03-27 22:24:45.502,345.102,0,-2,14,0,0,0,0,0,0,0,0,0
2026-03-27 22:24:45.504,345.103,0,-2,14,0,0,0,0,0,0,0,0,0
2026-03-27 22:24:45.615,345.215,0,-2,15,0,0,0,0,0,0,0,0,0
2026-03-27 22:24:45.695,345.295,0,-2,15,0,0,0,0,0,0,0,0,0
2026-03-27 22:24:45.887,345.487,0,-1,15,0,0,0,0,0,0,0,0,0
2026-03-27 22:24:45.935,345.535,0,-2,14,0,0,0,0,0,0,0,0,0
2026-03-27 22:24:46.046,345.646,0,-2,15,0,0,0,0,0,0,0,0,0
2026-03-27 22:24:46.063,345.663,0,-1,15,0,0,0,0,0,0,0,0,0
2026-03-27 22:24:46.110,345.710,0,-2,14,0,0,0,0,0,0,0,0,0
2026-03-27 22:24:46.254,345.854,0,-2,14,0,0,0,0,0,0,0,0,0
2026-03-27 22:24:46.256,345.856,0,-2,14,0,0,0,0,0,0,0,0,0
2026-03-27 22:24:46.271,345.871,0,-2,14,0,0,0,0,0,0,0,0,0
2026-03-27 22:24:46.383,345.983,0,-2,14,0,0,0,0,0,0,0,0,0
2026-03-27 22:24:46.495,346.095,0,-2,14,0,0,0,0,0,0,0,0,0
2026-03-27 22:24:46.590,346.190,0,-2,14,0,0,0,0,0,0,0,0,0
2026-03-27 22:24:46.703,346.302,0,-2,14,0,0,0,0,0,0,0,0,0
2026-03-27 22:24:46.799,346.398,0,-2,15,0,0,0,0,0,0,0,0,0
2026-03-27 22:24:46.800,346.400,0,-2,14,0,0,0,0,0,0,0,0,0
2026-03-27 22:24:46.815,346.414,0,-1,14,0,0,0,0,0,0,0,0,0
2026-03-27 22:24:46.894,346.494,0,-2,15,0,0,0,0,0,0,0,0,0
2026-03-27 22:24:46.897,346.496,0,-2,15,0,0,0,0,0,0,0,0,0
2026-03-27 22:24:46.990,346.590,0,-2,15,0,0,0,0,0,0,0,0,0
2026-03-27 22:24:47.008,346.607,0,-2,14,0,0,0,0,0,0,0,0,0
2026-03-27 22:24:47.103,346.703,0,-2,15,0,0,0,0,0,0,0,0,0
2026-03-27 22:24:47.105,346.705,0,-2,14,0,0,0,0,0,0,0,0,0
2026-03-27 22:24:47.230,346.830,0,-2,14,0,0,0,0,0,0,0,0,0
2026-03-27 22:24:47.343,346.943,0,-2,14,0,0,0,0,0,0,0,0,0
2026-03-27 22:24:47.360,346.959,0,-2,14,0,0,0,0,0,0,0,0,0
2026-03-27 22:24:47.455,347.054,0,-2,15,0,0,0,0,0,0,0,0,0
2026-03-27 22:24:47.535,347.135,0,-2,14,0,0,0,0,0,0,0,0,0
2026-03-27 22:24:47.646,347.246,0,-2,15,0,0,0,0,0,0,0,0,0
2026-03-27 22:24:47.823,347.423,0,-2,14,0,0,0,0,0,0,0,0,0
2026-03-27 22:24:47.919,347.519,0,-3,14,0,0,0,0,0,0,0,0,0
2026-03-27 22:24:47.921,347.521,0,-2,14,0,0,0,0,0,0,0,0,0
2026-03-27 22:24:47.950,347.550,0,-2,14,0,0,0,0,0,0,0,0,0
2026-03-27 22:24:48.095,347.694,0,-2,14,0,0,0,0,0,0,0,0,0
2026-03-27 22:24:48.142,347.742,0,-1,15,0,0,0,0,0,0,0,0,0
2026-03-27 22:24:48.239,347.839,0,-1,15,0,0,0,0,0,0,0,0,0
2026-03-27 22:24:48.446,348.046,0,-2,14,0,0,0,0,0,0,0,0,0
2026-03-27 22:24:48.479,348.079,0,-2,15,0,0,0,0,0,0,0,0,0
2026-03-27 22:24:48.655,348.254,0,-2,14,0,0,0,0,0,0,0,0,0
2026-03-27 22:24:48.687,348.287,0,-2,14,0,0,0,0,0,0,0,0,0
2026-03-27 22:24:48.814,348.414,0,-2,14,0,0,0,0,0,0,0,0,0
2026-03-27 22:24:48.927,348.527,0,-2,15,0,0,0,0,0,0,0,0,0
2026-03-27 22:24:49.038,348.638,0,-2,15,0,0,0,0,0,0,0,0,0
2026-03-27 22:24:49.119,348.719,0,-2,15,0,0,0,0,0,0,0,0,0
2026-03-27 22:24:49.121,348.721,0,-2,14,0,0,0,0,0,0,0,0,0
2026-03-27 22:24:49.215,348.815,0,-3,14,0,0,0,0,0,0,0,0,0
2026-03-27 22:24:49.230,348.830,0,-2,15,0,0,0,0,0,0,0,0,0
2026-03-27 22:24:49.295,348.895,0,-2,14,0,0,0,0,0,0,0,0,0
2026-03-27 22:24:49.407,349.007,0,-2,15,0,0,0,0,0,0,0,0,0
2026-03-27 22:24:49.534,349.134,0,-2,15,0,0,0,0,0,0,0,0,0
2026-03-27 22:24:49.535,349.135,0,-2,14,0,0,0,0,0,0,0,0,0
2026-03-27 22:24:49.662,349.262,0,-2,15,0,0,0,0,0,0,0,0,0
2026-03-27 22:24:49.774,349.374,0,-2,14,0,0,0,0,0,0,0,0,0
2026-03-27 22:24:49.871,349.470,0,-2,14,0,0,0,0,0,0,0,0,0
2026-03-27 22:24:49.999,349.599,0,-2,14,0,0,0,0,0,0,0,0,0
2026-03-27 22:24:50.094,349.694,0,-2,15,0,0,0,0,0,0,0,0,0
2026-03-27 22:24:50.175,349.774,0,-2,14,0,0,0,0,0,0,0,0,0
2026-03-27 22:24:50.319,349.918,0,-2,14,0,0,0,0,0,0,0,0,0
2026-03-27 22:24:50.415,350.015,0,-2,14,0,0,0,0,0,0,0,0,0
2026-03-27 22:24:50.462,350.062,0,-5,15,0,0,0,0,0,0,0,0,0
2026-03-27 22:24:50.558,350.158,0,-2,15,0,0,0,0,0,0,0,0,0
2026-03-27 22:24:50.670,350.270,0,-2,15,0,0,0,0,0,0,0,0,0
2026-03-27 22:24:50.672,350.271,0,-2,15,0,0,0,0,0,0,0,0,0
2026-03-27 22:24:50.782,350.382,0,-2,12,0,0,0,0,0,0,0,0,0
2026-03-27 22:24:50.926,350.526,0,-2,15,0,0,0,0,0,0,0,0,0
2026-03-27 22:24:50.929,350.528,0,-2,15,0,0,0,0,0,0,0,0,0
2026-03-27 22:24:51.087,350.687,0,-2,15,0,0,0,0,0,0,0,0,0
2026-03-27 22:24:51.183,350.782,0,-2,14,0,0,0,0,0,0,0,0,0
2026-03-27 22:24:51.342,350.942,0,-2,15,0,0,0,0,0,0,0,0,0
2026-03-27 22:24:51.358,350.958,0,-2,15,0,0,0,0,0,0,0,0,0
2026-03-27 22:24:51.407,351.007,0,-2,14,0,0,0,0,0,0,0,0,0
2026-03-27 22:24:51.502,351.102,0,-2,15,0,0,0,0,0,0,0,0,0
2026-03-27 22:24:51.519,351.118,0,-2,15,0,0,0,0,0,0,0,0,0
2026-03-27 22:24:51.520,351.120,0,-2,14,0,0,0,0,0,0,0,0,0
2026-03-27 22:24:51.598,351.198,0,-2,15,0,0,0,0,0,0,0,0,0
2026-03-27 22:24:51.600,351.199,0,-2,15,0,0,0,0,0,0,0,0,0
2026-03-27 22:24:51.601,351.201,0,-2,15,0,0,0,0,0,0,0,0,0
2026-03-27 22:24:51.695,351.295,0,-2,15,0,0,0,0,0,0,0,0,0
2026-03-27 22:24:51.696,351.296,0,-1,15,0,0,0,0,0,0,0,0,0
2026-03-27 22:24:51.697,351.297,0,-2,14,0,0,0,0,0,0,0,0,0
2026-03-27 22:24:51.791,351.391,0,-2,14,0,0,0,0,0,0,0,0,0
2026-03-27 22:24:51.870,351.470,0,-2,14,0,0,0,0,0,0,0,0,0
2026-03-27 22:24:51.886,351.486,0,-2,15,0,0,0,0,0,0,0,0,0
2026-03-27 22:24:51.966,351.566,0,-2,15,0,0,0,0,0,0,0,0,0
2026-03-27 22:24:51.968,351.568,0,-2,15,0,0,0,0,0,0,0,0,0
2026-03-27 22:24:52.079,351.679,0,-1,14,0,0,0,0,0,0,0,0,0
2026-03-27 22:24:52.142,351.742,0,-2,14,0,0,0,0,0,0,0,0,0
2026-03-27 22:24:52.158,351.758,0,-2,15,0,0,0,0,0,0,0,0,0
2026-03-27 22:24:52.270,351.870,0,-2,14,0,0,0,0,0,0,0,0,0
2026-03-27 22:24:52.350,351.950,0,-2,14,0,0,0,0,0,0,0,0,0
2026-03-27 22:24:52.462,352.062,0,-2,14,0,0,0,0,0,0,0,0,0
2026-03-27 22:24:52.558,352.158,0,-2,15,0,0,0,0,0,0,0,0,0
2026-03-27 22:24:52.574,352.174,0,-2,14,0,0,0,0,0,0,0,0,0
2026-03-27 22:24:52.719,352.319,0,-2,14,0,0,0,0,0,0,0,0,0
2026-03-27 22:24:52.831,352.431,0,-2,14,0,0,0,0,0,0,0,0,0
2026-03-27 22:24:52.942,352.542,0,-3,14,0,0,0,0,0,0,0,0,0
2026-03-27 22:24:52.958,352.558,0,-2,14,0,0,0,0,0,0,0,0,0
2026-03-27 22:24:52.959,352.559,0,-2,14,0,0,0,0,0,0,0,0,0
2026-03-27 22:24:53.071,352.671,0,-2,14,0,0,0,0,0,0,0,0,0
2026-03-27 22:24:53.072,352.672,-3,-3,14,0,0,0,0,0,0,0,0,0
2026-03-27 22:24:53.166,352.766,0,-2,14,0,0,0,0,0,0,0,0,0
2026-03-27 22:24:53.182,352.781,0,-2,14,0,0,0,0,0,0,0,0,0
2026-03-27 22:24:53.214,352.813,0,-2,14,0,0,0,0,0,0,0,0,0
2026-03-27 22:24:53.230,352.830,0,-2,14,0,0,0,0,0,0,0,0,0
2026-03-27 22:24:53.374,352.974,0,-2,14,0,0,0,0,0,0,0,0,0
2026-03-27 22:24:53.470,353.070,0,-1,14,0,0,0,0,0,0,0,0,0
2026-03-27 22:24:53.550,353.150,0,-2,14,0,0,0,0,0,0,0,0,0
2026-03-27 22:24:53.552,353.152,0,-2,14,0,0,0,0,0,0,0,0,0
2026-03-27 22:24:53.646,353.246,0,-2,15,0,0,0,0,0,0,0,0,0
2026-03-27 22:24:53.758,353.358,0,-2,14,0,0,0,0,0,0,0,0,0
2026-03-27 22:24:54.046,353.646,0,-2,14,0,0,0,0,0,0,0,0,0
2026-03-27 22:24:54.190,353.790,0,-2,14,0,0,0,0,0,0,0,0,0
2026-03-27 22:24:54.270,353.870,0,-2,15,0,0,0,0,0,0,0,0,0
2026-03-27 22:24:54.398,353.998,0,-2,14,0,0,0,0,0,0,0,0,0
2026-03-27 22:24:54.399,353.999,1,-1,15,0,0,0,0,0,0,0,0,0
2026-03-27 22:24:54.414,354.014,0,-2,14,0,0,0,0,0,0,0,0,0
2026-03-27 22:24:54.510,354.110,0,-2,14,0,0,0,0,0,0,0,0,0
2026-03-27 22:24:54.670,354.270,0,-2,14,0,0,0,0,0,0,0,0,0
2026-03-27 22:24:54.767,354.367,0,-2,15,0,0,0,0,0,0,0,0,0
2026-03-27 22:24:54.768,354.368,0,-2,14,0,0,0,0,0,0,0,0,0
2026-03-27 22:24:54.814,354.414,0,-2,15,0,0,0,0,0,0,0,0,0
2026-03-27 22:24:54.830,354.430,0,-1,15,0,0,0,0,0,0,0,0,0
2026-03-27 22:24:54.910,354.510,0,-2,14,0,0,0,0,0,0,0,0,0
2026-03-27 22:24:54.911,354.511,0,-2,14,0,0,0,0,0,0,0,0,0
2026-03-27 22:24:55.085,354.685,0,-2,14,0,0,0,0,0,0,0,0,0
2026-03-27 22:24:55.133,354.733,0,-2,14,0,0,0,0,0,0,0,0,0
2026-03-27 22:24:55.135,354.735,0,-2,14,0,0,0,0,0,0,0,0,0
2026-03-27 22:24:55.246,354.846,0,-2,12,0,0,0,0,0,0,0,0,0
2026-03-27 22:24:55.247,354.847,0,-2,12,0,0,0,0,0,0,0,0,0
2026-03-27 22:24:55.262,354.862,0,-2,14,0,0,0,0,0,0,0,0,0
2026-03-27 22:24:55.342,354.941,0,-2,14,0,0,0,0,0,0,0,0,0
2026-03-27 22:24:55.486,355.086,0,-2,14,0,0,0,0,0,0,0,0,0
2026-03-27 22:24:55.598,355.197,0,-2,14,0,0,0,0,0,0,0,0,0
2026-03-27 22:24:55.599,355.199,0,-2,14,0,0,0,0,0,0,0,0,0
2026-03-27 22:24:55.614,355.214,0,-2,14,0,0,0,0,0,0,0,0,0
2026-03-27 22:24:55.742,355.342,0,-2,14,0,0,0,0,0,0,0,0,0
2026-03-27 22:24:55.838,355.438,0,-2,14,0,0,0,0,0,0,0,0,0
2026-03-27 22:24:55.840,355.440,0,-2,14,0,0,0,0,0,0,0,0,0
2026-03-27 22:24:55.966,355.566,0,-2,14,0,0,0,0,0,0,0,0,0
2026-03-27 22:24:56.014,355.614,0,-2,15,0,0,0,0,0,0,0,0,0
2026-03-27 22:24:56.142,355.741,0,-2,15,0,0,0,0,0,0,0,0,0
2026-03-27 22:24:56.238,355.838,0,-2,14,0,0,0,0,0,0,0,0,0
2026-03-27 22:24:56.398,355.998,0,-2,15,0,0,0,0,0,0,0,0,0
2026-03-27 22:24:56.446,356.046,0,-2,14,0,0,0,0,0,0,0,0,0
2026-03-27 22:24:56.447,356.047,0,-2,14,0,0,0,0,0,0,0,0,0
2026-03-27 22:24:56.510,356.110,0,-2,14,0,0,0,0,0,0,0,0,0
2026-03-27 22:24:56.766,356.366,0,-3,14,0,0,0,0,0,0,0,0,0
2026-03-27 22:24:56.894,356.494,0,-2,15,0,0,0,0,0,0,0,0,0
2026-03-27 22:24:57.038,356.638,0,-2,14,0,0,0,0,0,0,0,0,0
2026-03-27 22:24:57.039,356.639,0,-2,15,0,0,0,0,0,0,0,0,0
2026-03-27 22:24:57.134,356.734,0,-2,15,0,0,0,0,0,0,0,0,0
2026-03-27 22:24:57.247,356.847,0,-2,15,0,0,0,0,0,0,0,0,0
2026-03-27 22:24:57.264,356.863,0,-1,15,0,0,0,0,0,0,0,0,0
2026-03-27 22:24:57.374,356.974,0,-2,15,0,0,0,0,0,0,0,0,0
2026-03-27 22:24:57.406,357.006,0,-2,15,0,0,0,0,0,0,0,0,0
2026-03-27 22:24:57.518,357.118,0,-2,14,0,0,0,0,0,0,0,0,0
2026-03-27 22:24:57.520,357.119,0,-1,15,0,0,0,0,0,0,0,0,0
2026-03-27 22:24:57.678,357.278,0,-2,15,0,0,0,0,0,0,0,0,0
2026-03-27 22:24:57.726,357.326,0,-4,14,0,0,0,0,0,0,0,0,0
2026-03-27 22:24:57.838,357.438,0,-2,14,0,0,0,0,0,0,0,0,0
2026-03-27 22:24:57.902,357.502,0,-2,14,0,0,0,0,0,0,0,0,0
2026-03-27 22:24:58.062,357.662,0,-2,14,0,0,0,0,0,0,0,0,0
2026-03-27 22:24:58.078,357.678,0,-2,14,0,0,0,0,0,0,0,0,0
2026-03-27 22:24:58.081,357.681,0,-2,14,0,0,0,0,0,0,0,0,0
2026-03-27 22:24:58.222,357.822,0,-2,14,0,0,0,0,0,0,0,0,0
2026-03-27 22:24:58.302,357.902,0,-3,14,0,0,0,0,0,0,0,0,0
2026-03-27 22:24:58.542,358.142,0,-2,14,0,0,0,0,0,0,0,0,0
2026-03-27 22:24:58.622,358.222,0,-2,14,0,0,0,0,0,0,0,0,0
2026-03-27 22:24:58.703,358.302,0,-2,15,0,0,0,0,0,0,0,0,0
2026-03-27 22:24:58.798,358.398,0,-2,14,0,0,0,0,0,0,0,0,0
2026-03-27 22:24:58.942,358.542,0,-2,14,0,0,0,0,0,0,0,0,0
2026-03-27 22:24:58.974,358.574,0,-2,15,0,0,0,0,0,0,0,0,0
2026-03-27 22:24:59.134,358.734,0,-3,14,0,0,0,0,0,0,0,0,0
2026-03-27 22:24:59.230,358.830,0,-2,14,0,0,0,0,0,0,0,0,0
2026-03-27 22:24:59.326,358.925,0,-3,14,0,0,0,0,0,0,0,0,0
2026-03-27 22:24:59.407,359.007,0,-2,14,0,0,0,0,0,0,0,0,0
2026-03-27 22:24:59.550,359.150,0,-2,14,0,0,0,0,0,0,0,0,0
2026-03-27 22:24:59.614,359.214,0,-2,14,0,0,0,0,0,0,0,0,0
2026-03-27 22:24:59.630,359.230,0,-2,15,0,0,0,0,0,0,0,0,0
2026-03-27 22:24:59.631,359.231,0,-2,14,0,0,0,0,0,0,0,0,0
2026-03-27 22:24:59.758,359.358,0,-2,14,0,0,0,0,0,0,0,0,0
2026-03-27 22:24:59.774,359.374,0,-2,14,0,0,0,0,0,0,0,0,0
2026-03-27 22:24:59.838,359.438,0,-3,14,0,0,0,0,0,0,0,0,0
2026-03-27 22:24:59.841,359.440,0,-2,14,0,0,0,0,0,0,0,0,0
2026-03-27 22:24:59.918,359.518,0,-2,14,0,0,0,0,0,0,0,0,0
2026-03-27 22:25:00.030,359.630,0,-2,14,0,0,0,0,0,0,0,0,0
2026-03-27 22:25:00.174,359.774,0,-2,14,0,0,0,0,0,0,0,0,0
2026-03-27 22:25:00.254,359.854,0,-2,14,0,0,0,0,0,0,0,0,0
2026-03-27 22:25:00.366,359.966,0,-2,14,0,0,0,0,0,0,0,0,0
2026-03-27 22:25:00.477,360.077,0,-2,14,0,0,0,0,0,0,0,0,0
2026-03-27 22:25:00.478,360.078,0,-2,14,0,0,0,0,0,0,0,0,0
2026-03-27 22:25:00.590,360.190,0,-2,14,0,0,0,0,0,0,0,0,0
2026-03-27 22:25:00.718,360.318,0,-2,14,0,0,0,0,0,0,0,0,0
2026-03-27 22:25:00.798,360.397,0,-2,15,0,0,0,0,0,0,0,0,0
2026-03-27 22:25:00.799,360.399,0,-2,15,0,0,0,0,0,0,0,0,0
2026-03-27 22:25:00.814,360.413,0,-3,14,0,0,0,0,0,0,0,0,0
2026-03-27 22:25:00.942,360.542,0,-2,14,0,0,0,0,0,0,0,0,0
2026-03-27 22:25:01.022,360.622,0,-2,14,0,0,0,0,0,0,0,0,0
2026-03-27 22:25:01.039,360.639,0,-2,14,0,0,0,0,0,0,0,0,0
2026-03-27 22:25:01.182,360.782,0,-2,14,0,0,0,0,0,0,0,0,0
2026-03-27 22:25:01.214,360.814,0,-3,14,0,0,0,0,0,0,0,0,0
2026-03-27 22:25:01.341,360.941,0,-2,14,0,0,0,0,0,0,0,0,0
2026-03-27 22:25:01.358,360.957,0,-2,14,0,0,0,0,0,0,0,0,0
2026-03-27 22:25:01.469,361.069,0,-2,15,0,0,0,0,0,0,0,0,0
2026-03-27 22:25:01.485,361.085,0,-2,15,0,0,0,0,0,0,0,0,0
2026-03-27 22:25:01.582,361.181,0,-2,14,0,0,0,0,0,0,0,0,0
2026-03-27 22:25:01.726,361.326,0,-2,14,0,0,0,0,0,0,0,0,0
2026-03-27 22:25:01.790,361.390,0,-2,14,0,0,0,0,0,0,0,0,0
2026-03-27 22:25:01.869,361.469,0,-2,14,0,0,0,0,0,0,0,0,0
2026-03-27 22:25:02.014,361.614,0,-2,14,0,0,0,0,0,0,0,0,0
2026-03-27 22:25:02.094,361.694,0,-2,15,0,0,0,0,0,0,0,0,0
2026-03-27 22:25:02.206,361.806,0,-2,14,0,0,0,0,0,0,0,0,0
2026-03-27 22:25:02.208,361.808,0,-2,15,0,0,0,0,0,0,0,0,0
2026-03-27 22:25:02.317,361.917,0,-2,14,0,0,0,0,0,0,0,0,0
2026-03-27 22:25:02.319,361.919,0,-2,15,0,0,0,0,0,0,0,0,0
2026-03-27 22:25:02.461,362.061,0,-2,14,0,0,0,0,0,0,0,0,0
2026-03-27 22:25:02.558,362.158,0,-2,15,0,0,0,0,0,0,0,0,0
2026-03-27 22:25:02.560,362.160,0,-2,15,0,0,0,0,0,0,0,0,0
2026-03-27 22:25:02.622,362.222,0,-2,15,0,0,0,0,0,0,0,0,0
2026-03-27 22:25:02.685,362.285,0,-2,15,0,0,0,0,0,0,0,0,0
2026-03-27 22:25:02.687,362.287,0,-2,15,0,0,0,0,0,0,0,0,0
2026-03-27 22:25:02.813,362.413,0,-2,14,0,0,0,0,0,0,0,0,0
2026-03-27 22:25:02.829,362.429,0,-2,15,0,0,0,0,0,0,0,0,0
2026-03-27 22:25:02.893,362.493,0,-2,14,0,0,0,0,0,0,0,0,0
2026-03-27 22:25:03.022,362.622,0,-2,14,0,0,0,0,0,0,0,0,0
2026-03-27 22:25:03.102,362.702,0,-2,14,0,0,0,0,0,0,0,0,0
2026-03-27 22:25:03.182,362.782,0,-2,15,0,0,0,0,0,0,0,0,0
2026-03-27 22:25:03.390,362.990,0,-2,15,0,0,0,0,0,0,0,0,0
2026-03-27 22:25:03.470,363.070,0,-2,15,0,0,0,0,0,0,0,0,0
2026-03-27 22:25:03.502,363.101,0,-2,15,0,0,0,0,0,0,0,0,0
2026-03-27 22:25:03.503,363.103,0,-2,15,0,0,0,0,0,0,0,0,0
2026-03-27 22:25:03.505,363.104,0,-2,14,0,0,0,0,0,0,0,0,0
2026-03-27 22:25:03.646,363.246,0,-3,14,0,0,0,0,0,0,0,0,0
2026-03-27 22:25:03.710,363.309,0,-2,14,0,0,0,0,0,0,0,0,0
2026-03-27 22:25:03.982,363.582,0,-2,14,0,0,0,0,0,0,0,0,0
2026-03-27 22:25:04.046,363.646,0,-2,14,0,0,0,0,0,0,0,0,0
2026-03-27 22:25:04.141,363.741,0,-2,14,0,0,0,0,0,0,0,0,0
2026-03-27 22:25:04.206,363.806,0,-2,15,0,0,0,0,0,0,0,0,0
2026-03-27 22:25:04.286,363.886,0,-2,14,0,0,0,0,0,0,0,0,0
2026-03-27 22:25:04.414,364.014,0,-2,14,0,0,0,0,0,0,0,0,0
2026-03-27 22:25:04.509,364.109,0,-3,14,0,0,0,0,0,0,0,0,0
2026-03-27 22:25:04.510,364.110,0,-2,14,0,0,0,0,0,0,0,0,0
2026-03-27 22:25:04.670,364.270,0,-2,14,0,0,0,0,0,0,0,0,0
2026-03-27 22:25:04.782,364.382,0,-2,14,0,0,0,0,0,0,0,0,0
2026-03-27 22:25:04.877,364.477,0,-2,14,0,0,0,0,0,0,0,0,0
2026-03-27 22:25:04.910,364.510,0,-2,14,0,0,0,0,0,0,0,0,0
2026-03-27 22:25:04.912,364.512,0,-2,14,0,0,0,0,0,0,0,0,0
2026-03-27 22:25:05.038,364.637,0,-2,14,0,0,0,0,0,0,0,0,0
2026-03-27 22:25:05.134,364.734,0,-2,14,0,0,0,0,0,0,0,0,0
2026-03-27 22:25:05.245,364.845,0,-2,14,0,0,0,0,0,0,0,0,0
2026-03-27 22:25:05.358,364.958,0,-2,14,0,0,0,0,0,0,0,0,0
2026-03-27 22:25:05.454,365.053,0,-2,14,0,0,0,0,0,0,0,0,0
2026-03-27 22:25:05.550,365.149,0,-2,14,0,0,0,0,0,0,0,0,0
2026-03-27 22:25:05.566,365.166,0,-2,14,0,0,0,0,0,0,0,0,0
2026-03-27 22:25:05.568,365.168,0,-2,14,0,0,0,0,0,0,0,0,0
2026-03-27 22:25:05.630,365.230,0,-2,14,0,0,0,0,0,0,0,0,0
2026-03-27 22:25:05.709,365.309,0,-3,14,0,0,0,0,0,0,0,0,0
2026-03-27 22:25:05.821,365.421,0,-3,14,0,0,0,0,0,0,0,0,0
2026-03-27 22:25:05.902,365.501,0,-2,14,0,0,0,0,0,0,0,0,0
2026-03-27 22:25:05.997,365.597,0,-5,14,0,0,0,0,0,0,0,0,0
2026-03-27 22:25:06.093,365.693,0,-3,14,0,0,0,0,0,0,0,0,0
2026-03-27 22:25:06.205,365.805,0,-3,14,0,0,0,0,0,0,0,0,0
2026-03-27 22:25:06.317,365.917,0,-2,14,0,0,0,0,0,0,0,0,0
2026-03-27 22:25:06.319,365.919,0,-2,15,0,0,0,0,0,0,0,0,0
2026-03-27 22:25:06.413,366.013,0,-2,14,0,0,0,0,0,0,0,0,0
2026-03-27 22:25:06.414,366.014,0,-2,14,0,0,0,0,0,0,0,0,0
2026-03-27 22:25:06.477,366.077,0,-3,14,0,0,0,0,0,0,0,0,0
2026-03-27 22:25:06.495,366.094,0,-3,14,0,0,0,0,0,0,0,0,0
2026-03-27 22:25:06.606,366.206,0,-3,14,0,0,0,0,0,0,0,0,0
2026-03-27 22:25:06.701,366.301,0,-2,14,0,0,0,0,0,0,0,0,0
2026-03-27 22:25:06.813,366.413,0,-2,14,0,0,0,0,0,0,0,0,0
2026-03-27 22:25:06.925,366.525,0,-3,13,0,0,0,0,0,0,0,0,0
2026-03-27 22:25:07.021,366.621,0,-3,14,0,0,0,0,0,0,0,0,0
2026-03-27 22:25:07.133,366.733,0,-2,14,0,0,0,0,0,0,0,0,0
2026-03-27 22:25:07.136,366.735,0,-2,14,0,0,0,0,0,0,0,0,0
2026-03-27 22:25:07.245,366.845,0,-2,14,0,0,0,0,0,0,0,0,0
2026-03-27 22:25:07.390,366.990,0,-2,14,0,0,0,0,0,0,0,0,0
2026-03-27 22:25:07.470,367.070,0,-3,14,0,0,0,0,0,0,0,0,0
2026-03-27 22:25:07.518,367.118,0,-3,14,0,0,0,0,0,0,0,0,0
2026-03-27 22:25:07.646,367.246,0,-2,15,0,0,0,0,0,0,0,0,0
2026-03-27 22:25:07.661,367.261,0,-2,15,0,0,0,0,0,0,0,0,0
2026-03-27 22:25:07.663,367.263,0,-2,15,0,0,0,0,0,0,0,0,0
2026-03-27 22:25:07.725,367.325,0,-2,15,0,0,0,0,0,0,0,0,0
2026-03-27 22:25:07.790,367.390,0,-3,14,0,0,0,0,0,0,0,0,0
2026-03-27 22:25:07.917,367.517,0,-2,14,0,0,0,0,0,0,0,0,0
2026-03-27 22:25:07.920,367.519,0,-3,14,0,0,0,0,0,0,0,0,0
2026-03-27 22:25:08.046,367.646,0,-2,14,0,0,0,0,0,0,0,0,0
2026-03-27 22:25:08.141,367.741,0,-2,14,0,0,0,0,0,0,0,0,0
2026-03-27 22:25:08.157,367.757,0,-2,14,0,0,0,0,0,0,0,0,0
2026-03-27 22:25:08.158,367.758,0,-2,150,0,0,0,0,0,0,0,0,0
2026-03-27 22:25:08.160,367.760,0,-2,14,0,0,0,0,0,0,0,0,0
2026-03-27 22:25:08.317,367.917,0,-2,14,0,0,0,0,0,0,0,0,0
2026-03-27 22:25:08.333,367.933,0,-2,14,0,0,0,0,0,0,0,0,0
2026-03-27 22:25:08.397,367.997,0,-2,14,0,0,0,0,0,0,0,0,0
2026-03-27 22:25:08.494,368.094,0,-2,14,0,0,0,0,0,0,0,0,0
2026-03-27 22:25:08.496,368.096,0,-2,14,0,0,0,0,0,0,0,0,0
2026-03-27 22:25:08.589,368.189,0,-3,14,0,0,0,0,0,0,0,0,0
2026-03-27 22:25:08.607,368.206,0,-3,14,0,0,0,0,0,0,0,0,0
2026-03-27 22:25:08.702,368.302,0,-3,14,0,0,0,0,0,0,0,0,0
2026-03-27 22:25:08.830,368.430,0,-2,14,0,0,0,0,0,0,0,0,0
2026-03-27 22:25:08.877,368.477,0,-3,14,0,0,0,0,0,0,0,0,0
2026-03-27 22:25:08.894,368.493,0,-2,14,0,0,0,0,0,0,0,0,0
2026-03-27 22:25:08.990,368.590,0,-2,14,0,0,0,0,0,0,0,0,0
2026-03-27 22:25:09.069,368.669,0,-2,14,0,0,0,0,0,0,0,0,0
2026-03-27 22:25:09.071,368.671,0,-3,14,0,0,0,0,0,0,0,0,0
2026-03-27 22:25:09.166,368.766,0,-3,14,0,0,0,0,0,0,0,0,0
2026-03-27 22:25:09.245,368.845,0,-2,14,0,0,0,0,0,0,0,0,0
2026-03-27 22:25:09.373,368.973,0,-3,14,0,0,0,0,0,0,0,0,0
2026-03-27 22:25:09.502,369.102,0,-2,14,0,0,0,0,0,0,0,0,0
2026-03-27 22:25:09.504,369.104,0,-3,14,0,0,0,0,0,0,0,0,0
2026-03-27 22:25:09.533,369.133,0,-3,14,0,0,0,0,0,0,0,0,0
2026-03-27 22:25:09.646,369.246,0,-2,15,0,0,0,0,0,0,0,0,0
2026-03-27 22:25:09.757,369.357,0,-2,14,0,0,0,0,0,0,0,0,0
2026-03-27 22:25:09.773,369.373,0,-2,14,0,0,0,0,0,0,0,0,0
2026-03-27 22:25:09.837,369.437,0,-2,14,0,0,0,0,0,0,0,0,0
2026-03-27 22:25:09.949,369.549,0,-3,14,0,0,0,0,0,0,0,0,0
2026-03-27 22:25:10.237,369.837,0,-2,15,0,0,0,0,0,0,0,0,0
2026-03-27 22:25:10.429,370.029,0,-3,14,0,0,0,0,0,0,0,0,0
2026-03-27 22:25:10.509,370.109,0,-5,14,0,0,0,0,0,0,0,0,0
2026-03-27 22:25:10.525,370.125,0,-2,14,0,0,0,0,0,0,0,0,0
2026-03-27 22:25:10.670,370.269,0,-2,14,0,0,0,0,0,0,0,0,0
2026-03-27 22:25:10.701,370.301,0,-3,14,0,0,0,0,0,0,0,0,0
2026-03-27 22:25:10.797,370.397,0,-3,14,0,0,0,0,0,0,0,0,0
2026-03-27 22:25:10.909,370.509,0,-2,14,0,0,0,0,0,0,0,0,0
2026-03-27 22:25:11.005,370.605,0,-5,11,0,0,0,0,0,0,0,0,0
2026-03-27 22:25:11.022,370.622,0,-3,14,0,0,0,0,0,0,0,0,0
2026-03-27 22:25:11.118,370.718,0,-3,14,0,0,0,0,0,0,0,0,0
2026-03-27 22:25:11.181,370.781,0,-2,14,0,0,0,0,0,0,0,0,0
2026-03-27 22:25:11.293,370.893,0,-3,14,0,0,0,0,0,0,0,0,0
2026-03-27 22:25:11.437,371.037,0,-3,14,0,0,0,0,0,0,0,0,0
2026-03-27 22:25:11.501,371.101,0,-2,14,0,0,0,0,0,0,0,0,0
2026-03-27 22:25:11.504,371.104,0,-2,14,0,0,0,0,0,0,0,0,0
2026-03-27 22:25:11.661,371.261,0,-2,14,0,0,0,0,0,0,0,0,0
2026-03-27 22:25:11.742,371.342,0,-3,14,0,0,0,0,0,0,0,0,0
2026-03-27 22:25:11.901,371.501,0,-2,14,0,0,0,0,0,0,0,0,0
2026-03-27 22:25:12.045,371.645,0,-3,14,0,0,0,0,0,0,0,0,0
2026-03-27 22:25:12.493,372.093,0,-2,14,0,0,0,0,0,0,0,0,0
2026-03-27 22:25:12.496,372.096,0,-3,14,0,0,0,0,0,0,0,0,0
2026-03-27 22:25:12.605,372.205,0,-3,14,0,0,0,0,0,0,0,0,0
2026-03-27 22:25:12.702,372.302,0,-2,14,0,0,0,0,0,0,0,0,0
2026-03-27 22:25:12.813,372.413,0,-2,14,0,0,0,0,0,0,0,0,0
2026-03-27 22:25:12.942,372.542,0,-2,14,0,0,0,0,0,0,0,0,0
2026-03-27 22:25:12.973,372.573,0,-2,14,0,0,0,0,0,0,0,0,0
2026-03-27 22:25:13.053,372.653,0,-3,14,0,0,0,0,0,0,0,0,0
2026-03-27 22:25:13.213,372.813,0,-2,14,0,0,0,0,0,0,0,0,0
2026-03-27 22:25:13.325,372.925,0,-2,14,0,0,0,0,0,0,0,0,0
2026-03-27 22:25:13.437,373.037,0,-2,14,0,0,0,0,0,0,0,0,0
2026-03-27 22:25:13.533,373.133,0,-2,14,0,0,0,0,0,0,0,0,0
2026-03-27 22:25:13.581,373.181,0,-2,14,0,0,0,0,0,0,0,0,0
2026-03-27 22:25:13.582,373.182,0,-2,14,0,0,0,0,0,0,0,0,0
2026-03-27 22:25:13.584,373.184,0,-2,14,0,0,0,0,0,0,0,0,0
2026-03-27 22:25:13.693,373.293,0,-2,14,0,0,0,0,0,0,0,0,0
2026-03-27 22:25:13.709,373.309,0,-2,15,0,0,0,0,0,0,0,0,0
2026-03-27 22:25:13.885,373.485,0,-3,14,0,0,0,0,0,0,0,0,0
2026-03-27 22:25:13.888,373.488,0,-2,14,0,0,0,0,0,0,0,0,0
2026-03-27 22:25:13.965,373.565,0,-2,14,0,0,0,0,0,0,0,0,0
2026-03-27 22:25:13.967,373.566,0,-2,14,0,0,0,0,0,0,0,0,0
2026-03-27 22:25:14.077,373.677,0,-2,14,0,0,0,0,0,0,0,0,0
2026-03-27 22:25:14.093,373.693,0,-3,14,0,0,0,0,0,0,0,0,0
2026-03-27 22:25:14.109,373.708,0,-2,14,0,0,0,0,0,0,0,0,0
2026-03-27 22:25:14.126,373.726,0,-2,15,0,0,0,0,0,0,0,0,0
2026-03-27 22:25:14.128,373.728,0,-2,14,0,0,0,0,0,0,0,0,0
2026-03-27 22:25:14.237,373.837,0,-2,14,0,0,0,0,0,0,0,0,0
2026-03-27 22:25:14.349,373.949,0,-2,14,0,0,0,0,0,0,0,0,0
2026-03-27 22:25:14.366,373.966,0,-3,14,0,0,0,0,0,0,0,0,0
2026-03-27 22:25:14.445,374.045,0,-2,15,0,0,0,0,0,0,0,0,0
2026-03-27 22:25:14.460,374.060,0,-2,15,0,0,0,0,0,0,0,0,0
2026-03-27 22:25:14.526,374.125,0,-3,14,0,0,0,0,0,0,0,0,0
2026-03-27 22:25:14.621,374.221,0,-2,14,0,0,0,0,0,0,0,0,0
2026-03-27 22:25:14.749,374.349,0,-3,14,0,0,0,0,0,0,0,0,0
2026-03-27 22:25:14.752,374.352,0,-2,15,0,0,0,0,0,0,0,0,0
2026-03-27 22:25:14.861,374.461,0,-2,15,0,0,0,0,0,0,0,0,0
2026-03-27 22:25:14.957,374.557,0,-2,14,0,0,0,0,0,0,0,0,0
2026-03-27 22:25:14.959,374.558,0,-2,15,0,0,0,0,0,0,0,0,0
2026-03-27 22:25:15.053,374.653,0,-2,14,0,0,0,0,0,0,0,0,0
2026-03-27 22:25:15.246,374.845,0,-2,14,0,0,0,0,0,0,0,0,0
2026-03-27 22:25:15.293,374.893,0,-3,14,0,0,0,0,0,0,0,0,0
2026-03-27 22:25:15.437,375.037,0,-2,14,0,0,0,0,0,0,0,0,0
2026-03-27 22:25:15.501,375.101,0,-2,14,0,0,0,0,0,0,0,0,0
2026-03-27 22:25:15.502,375.102,0,-2,14,0,0,0,0,0,0,0,0,0
2026-03-27 22:25:15.660,375.260,0,-3,14,0,0,0,0,0,0,0,0,0
2026-03-27 22:25:15.662,375.262,0,-1,15,0,0,0,0,0,0,0,0,0
2026-03-27 22:25:15.709,375.309,0,-2,14,0,0,0,0,0,0,0,0,0
2026-03-27 22:25:15.726,375.326,0,-2,14,0,0,0,0,0,0,0,0,0
2026-03-27 22:25:15.853,375.453,0,-2,14,0,0,0,0,0,0,0,0,0
2026-03-27 22:25:15.917,375.517,0,-2,14,0,0,0,0,0,0,0,0,0
2026-03-27 22:25:15.933,375.533,0,-2,14,0,0,0,0,0,0,0,0,0
2026-03-27 22:25:16.028,375.628,0,-2,14,0,0,0,0,0,0,0,0,0
2026-03-27 22:25:16.093,375.693,0,-2,14,0,0,0,0,0,0,0,0,0
2026-03-27 22:25:16.095,375.695,0,-2,15,0,0,0,0,0,0,0,0,0
2026-03-27 22:25:16.253,375.853,0,-2,14,0,0,0,0,0,0,0,0,0
2026-03-27 22:25:16.254,375.854,0,-3,14,0,0,0,0,0,0,0,0,0
2026-03-27 22:25:16.349,375.949,0,-2,14,0,0,0,0,0,0,0,0,0
2026-03-27 22:25:16.428,376.028,0,-3,14,0,0,0,0,0,0,0,0,0
2026-03-27 22:25:16.526,376.126,0,-2,14,0,0,0,0,0,0,0,0,0
2026-03-27 22:25:16.652,376.252,0,-2,14,0,0,0,0,0,0,0,0,0
2026-03-27 22:25:16.654,376.254,0,-3,14,0,0,0,0,0,0,0,0,0
2026-03-27 22:25:16.765,376.365,0,-2,14,0,0,0,0,0,0,0,0,0
2026-03-27 22:25:16.845,376.445,0,-2,14,0,0,0,0,0,0,0,0,0
2026-03-27 22:25:17.212,376.812,0,-2,14,0,0,0,0,0,0,0,0,0
2026-03-27 22:25:17.213,376.813,0,-3,14,0,0,0,0,0,0,0,0,0
2026-03-27 22:25:17.309,376.909,0,-3,14,0,0,0,0,0,0,0,0,0
2026-03-27 22:25:17.468,377.068,0,-3,14,0,0,0,0,0,0,0,0,0
2026-03-27 22:25:17.485,377.084,0,-3,15,0,0,0,0,0,0,0,0,0
2026-03-27 22:25:17.613,377.212,0,-2,14,0,0,0,0,0,0,0,0,0
2026-03-27 22:25:17.645,377.245,0,-3,15,0,0,0,0,0,0,0,0,0
2026-03-27 22:25:17.805,377.405,0,-2,15,0,0,0,0,0,0,0,0,0
2026-03-27 22:25:17.869,377.469,0,-2,11,0,0,0,0,0,0,0,0,0
2026-03-27 22:25:17.981,377.580,0,-2,14,0,0,0,0,0,0,0,0,0
2026-03-27 22:25:18.109,377.709,0,-2,14,0,0,0,0,0,0,0,0,0
2026-03-27 22:25:18.221,377.821,0,-3,14,0,0,0,0,0,0,0,0,0
2026-03-27 22:25:18.222,377.822,1,-2,15,0,0,0,0,0,0,0,0,0
2026-03-27 22:25:18.223,377.823,0,-2,14,0,0,0,0,0,0,0,0,0
2026-03-27 22:25:18.349,377.948,0,-2,14,0,0,0,0,0,0,0,0,0
2026-03-27 22:25:18.413,378.012,0,-3,14,0,0,0,0,0,0,0,0,0
2026-03-27 22:25:18.429,378.029,0,-3,14,0,0,0,0,0,0,0,0,0
2026-03-27 22:25:18.509,378.109,0,-3,14,0,0,0,0,0,0,0,0,0
2026-03-27 22:25:18.526,378.126,0,-2,14,0,0,0,0,0,0,0,0,0
2026-03-27 22:25:18.653,378.253,0,-3,14,0,0,0,0,0,0,0,0,0
2026-03-27 22:25:18.749,378.349,0,-3,11,0,0,0,0,0,0,0,0,0
2026-03-27 22:25:18.751,378.350,0,-2,12,0,0,0,0,0,0,0,0,0
2026-03-27 22:25:18.876,378.476,0,-2,14,0,0,0,0,0,0,0,0,0
2026-03-27 22:25:18.892,378.492,0,-3,14,0,0,0,0,0,0,0,0,0
2026-03-27 22:25:18.973,378.573,0,-3,14,0,0,0,0,0,0,0,0,0
2026-03-27 22:25:18.974,378.574,0,-2,14,0,0,0,0,0,0,0,0,0
2026-03-27 22:25:18.989,378.588,0,-3,14,0,0,0,0,0,0,0,0,0
2026-03-27 22:25:19.101,378.700,0,-3,14,0,0,0,0,0,0,0,0,0
2026-03-27 22:25:19.165,378.765,0,-2,14,0,0,0,0,0,0,0,0,0
2026-03-27 22:25:19.309,378.908,0,-3,14,0,0,0,0,0,0,0,0,0
2026-03-27 22:25:19.437,379.037,0,-3,14,0,0,0,0,0,0,0,0,0
2026-03-27 22:25:19.517,379.117,0,-2,14,0,0,0,0,0,0,0,0,0
2026-03-27 22:25:19.660,379.260,0,-2,14,0,0,0,0,0,0,0,0,0
2026-03-27 22:25:19.676,379.276,0,-2,14,0,0,0,0,0,0,0,0,0
2026-03-27 22:25:19.692,379.292,0,-3,14,0,0,0,0,0,0,0,0,0
2026-03-27 22:25:19.709,379.309,0,-2,15,0,0,0,0,0,0,0,0,0
2026-03-27 22:25:19.805,379.405,0,-2,14,0,0,0,0,0,0,0,0,0
2026-03-27 22:25:19.949,379.548,0,-3,14,0,0,0,0,0,0,0,0,0
2026-03-27 22:25:20.012,379.612,0,-2,14,0,0,0,0,0,0,0,0,0
2026-03-27 22:25:20.030,379.630,0,-3,14,0,0,0,0,0,0,0,0,0
2026-03-27 22:25:20.240,379.839,0,-2,14,0,0,0,0,0,0,0,0,0
2026-03-27 22:25:20.333,379.932,0,-2,14,0,0,0,0,0,0,0,0,0
2026-03-27 22:25:20.460,380.060,0,-2,14,0,0,0,0,0,0,0,0,0
2026-03-27 22:25:20.462,380.061,0,-2,14,0,0,0,0,0,0,0,0,0
2026-03-27 22:25:20.493,380.093,0,-2,14,0,0,0,0,0,0,0,0,0
2026-03-27 22:25:20.653,380.253,0,-2,14,0,0,0,0,0,0,0,0,0
2026-03-27 22:25:20.733,380.332,0,-2,15,0,0,0,0,0,0,0,0,0
2026-03-27 22:25:20.876,380.476,0,-2,15,0,0,0,0,0,0,0,0,0
2026-03-27 22:25:21.037,380.637,0,-3,14,0,0,0,0,0,0,0,0,0
2026-03-27 22:25:21.101,380.701,0,-2,14,0,0,0,0,0,0,0,0,0
2026-03-27 22:25:21.197,380.797,0,-2,14,0,0,0,0,0,0,0,0,0
2026-03-27 22:25:21.276,380.876,0,-3,13,0,0,0,0,0,0,0,0,0
2026-03-27 22:25:21.278,380.877,0,-3,13,0,0,0,0,0,0,0,0,0
2026-03-27 22:25:21.452,381.052,0,-3,14,0,0,0,0,0,0,0,0,0
2026-03-27 22:25:21.501,381.101,0,-3,13,0,0,0,0,0,0,0,0,0
2026-03-27 22:25:21.645,381.245,0,-3,14,0,0,0,0,0,0,0,0,0
2026-03-27 22:25:21.741,381.341,0,-3,14,0,0,0,0,0,0,0,0,0
2026-03-27 22:25:21.789,381.389,0,-3,14,0,0,0,0,0,0,0,0,0
2026-03-27 22:25:21.885,381.485,0,-3,14,0,0,0,0,0,0,0,0,0
2026-03-27 22:25:21.886,381.486,0,-3,14,0,0,0,0,0,0,0,0,0
2026-03-27 22:25:21.997,381.597,0,-3,14,0,0,0,0,0,0,0,0,0
2026-03-27 22:25:21.998,381.598,0,-2,15,0,0,0,0,0,0,0,0,0
2026-03-27 22:25:22.000,381.600,-2,-2,14,0,0,0,0,0,0,0,0,0
2026-03-27 22:25:22.077,381.677,0,-2,14,0,0,0,0,0,0,0,0,0
2026-03-27 22:25:22.079,381.679,0,-2,14,0,0,0,0,0,0,0,0,0
2026-03-27 22:25:22.205,381.805,0,-3,14,0,0,0,0,0,0,0,0,0
2026-03-27 22:25:22.317,381.917,0,-2,14,0,0,0,0,0,0,0,0,0
2026-03-27 22:25:22.319,381.919,0,-2,15,0,0,0,0,0,0,0,0,0
2026-03-27 22:25:22.397,381.997,0,-2,14,0,0,0,0,0,0,0,0,0
2026-03-27 22:25:22.508,382.108,0,-3,14,0,0,0,0,0,0,0,0,0
2026-03-27 22:25:22.525,382.124,0,-3,14,0,0,0,0,0,0,0,0,0
2026-03-27 22:25:22.636,382.236,0,-3,14,0,0,0,0,0,0,0,0,0
2026-03-27 22:25:22.637,382.237,0,-2,14,0,0,0,0,0,0,0,0,0
2026-03-27 22:25:22.639,382.239,0,-3,14,0,0,0,0,0,0,0,0,0
2026-03-27 22:25:22.764,382.364,0,-2,14,0,0,0,0,0,0,0,0,0
2026-03-27 22:25:22.892,382.492,0,-2,14,0,0,0,0,0,0,0,0,0
2026-03-27 22:25:22.973,382.573,0,-2,14,0,0,0,0,0,0,0,0,0
2026-03-27 22:25:23.068,382.668,0,-2,14,0,0,0,0,0,0,0,0,0
2026-03-27 22:25:23.070,382.669,0,-2,14,0,0,0,0,0,0,0,0,0
2026-03-27 22:25:23.196,382.796,0,-3,14,0,0,0,0,0,0,0,0,0
2026-03-27 22:25:23.199,382.799,0,-2,14,0,0,0,0,0,0,0,0,0
2026-03-27 22:25:23.293,382.893,0,-2,14,0,0,0,0,0,0,0,0,0
2026-03-27 22:25:23.436,383.036,0,-2,14,0,0,0,0,0,0,0,0,0
2026-03-27 22:25:23.564,383.164,0,-2,15,0,0,0,0,0,0,0,0,0
2026-03-27 22:25:23.644,383.244,0,-2,15,0,0,0,0,0,0,0,0,0
2026-03-27 22:25:23.660,383.260,0,-2,15,0,0,0,0,0,0,0,0,0
2026-03-27 22:25:23.740,383.340,0,-2,14,0,0,0,0,0,0,0,0,0
2026-03-27 22:25:23.742,383.341,0,-2,15,0,0,0,0,0,0,0,0,0
2026-03-27 22:25:23.756,383.356,0,-2,144,0,0,0,0,0,0,0,0,0
2026-03-27 22:25:23.852,383.452,0,-2,14,0,0,0,0,0,0,0,0,0
2026-03-27 22:25:23.980,383.580,0,-2,14,0,0,0,0,0,0,0,0,0
2026-03-27 22:25:24.093,383.693,0,-2,14,0,0,0,0,0,0,0,0,0
2026-03-27 22:25:24.172,383.772,0,-2,14,0,0,0,0,0,0,0,0,0
2026-03-27 22:25:24.173,383.773,0,-2,14,0,0,0,0,0,0,0,0,0
2026-03-27 22:25:24.318,383.917,0,-2,14,0,0,0,0,0,0,0,0,0
2026-03-27 22:25:24.444,384.044,0,-2,14,0,0,0,0,0,0,0,0,0
2026-03-27 22:25:24.589,384.189,0,-2,15,0,0,0,0,0,0,0,0,0
2026-03-27 22:25:24.669,384.269,0,-2,14,0,0,0,0,0,0,0,0,0
2026-03-27 22:25:24.749,384.349,0,-2,14,0,0,0,0,0,0,0,0,0
2026-03-27 22:25:24.813,384.413,0,-2,15,0,0,0,0,0,0,0,0,0
2026-03-27 22:25:24.941,384.540,0,-2,14,0,0,0,0,0,0,0,0,0
2026-03-27 22:25:25.069,384.669,0,-2,15,0,0,0,0,0,0,0,0,0
2026-03-27 22:25:25.133,384.732,0,-2,15,0,0,0,0,0,0,0,0,0
2026-03-27 22:25:25.245,384.845,0,-2,14,0,0,0,0,0,0,0,0,0
2026-03-27 22:25:25.260,384.860,0,-1,15,0,0,0,0,0,0,0,0,0
2026-03-27 22:25:25.262,384.862,0,-3,14,0,0,0,0,0,0,0,0,0
2026-03-27 22:25:25.276,384.876,0,-2,14,0,0,0,0,0,0,0,0,0
2026-03-27 22:25:25.279,384.878,0,-2,14,0,0,0,0,0,0,0,0,0
2026-03-27 22:25:25.404,385.004,0,-2,14,0,0,0,0,0,0,0,0,0
2026-03-27 22:25:25.407,385.007,0,-2,14,0,0,0,0,0,0,0,0,0
2026-03-27 22:25:25.469,385.069,0,-2,14,0,0,0,0,0,0,0,0,0
2026-03-27 22:25:25.564,385.164,0,-2,15,0,0,0,0,0,0,0,0,0
2026-03-27 22:25:25.581,385.181,0,-2,15,0,0,0,0,0,0,0,0,0
2026-03-27 22:25:25.693,385.293,0,-2,14,0,0,0,0,0,0,0,0,0
2026-03-27 22:25:25.805,385.404,0,-2,14,0,0,0,0,0,0,0,0,0
2026-03-27 22:25:25.820,385.420,0,-2,15,0,0,0,0,0,0,0,0,0
2026-03-27 22:25:25.885,385.485,0,-2,15,0,0,0,0,0,0,0,0,0
2026-03-27 22:25:25.886,385.486,0,-2,15,0,0,0,0,0,0,0,0,0
2026-03-27 22:25:25.948,385.548,0,-2,15,0,0,0,0,0,0,0,0,0
2026-03-27 22:25:25.949,385.549,0,-2,15,0,0,0,0,0,0,0,0,0
2026-03-27 22:25:26.060,385.660,0,-1,15,0,0,0,0,0,0,0,0,0
2026-03-27 22:25:26.268,385.868,0,-5,15,0,0,0,0,0,0,0,0,0
2026-03-27 22:25:26.348,385.948,0,-2,14,0,0,0,0,0,0,0,0,0
2026-03-27 22:25:26.365,385.965,0,-2,14,0,0,0,0,0,0,0,0,0
2026-03-27 22:25:26.492,386.092,0,-3,14,0,0,0,0,0,0,0,0,0
2026-03-27 22:25:26.508,386.108,0,-2,15,0,0,0,0,0,0,0,0,0
2026-03-27 22:25:26.605,386.205,0,-2,14,0,0,0,0,0,0,0,0,0
2026-03-27 22:25:26.717,386.316,0,-2,14,0,0,0,0,0,0,0,0,0
2026-03-27 22:25:26.797,386.397,0,-2,14,0,0,0,0,0,0,0,0,0
2026-03-27 22:25:26.844,386.444,0,-5,14,0,0,0,0,0,0,0,0,0
2026-03-27 22:25:26.940,386.540,0,-2,14,0,0,0,0,0,0,0,0,0
2026-03-27 22:25:27.100,386.700,0,-2,12,0,0,0,0,0,0,0,0,0
2026-03-27 22:25:27.101,386.701,0,-2,11,0,0,0,0,0,0,0,0,0
2026-03-27 22:25:27.212,386.812,0,-2,14,0,0,0,0,0,0,0,0,0
2026-03-27 22:25:27.214,386.814,0,-2,14,0,0,0,0,0,0,0,0,0
2026-03-27 22:25:27.260,386.860,0,-2,14,0,0,0,0,0,0,0,0,0
2026-03-27 22:25:27.340,386.940,0,-2,15,0,0,0,0,0,0,0,0,0
2026-03-27 22:25:27.357,386.956,0,-2,15,0,0,0,0,0,0,0,0,0
2026-03-27 22:25:27.469,387.069,0,-1,15,0,0,0,0,0,0,0,0,0
2026-03-27 22:25:27.533,387.133,0,-2,15,0,0,0,0,0,0,0,0,0
2026-03-27 22:25:27.677,387.277,0,-2,15,0,0,0,0,0,0,0,0,0
2026-03-27 22:25:27.788,387.388,0,-2,15,0,0,0,0,0,0,0,0,0
2026-03-27 22:25:27.790,387.390,0,-2,15,0,0,0,0,0,0,0,0,0
2026-03-27 22:25:27.916,387.516,0,-2,15,0,0,0,0,0,0,0,0,0
2026-03-27 22:25:27.997,387.597,0,-2,15,0,0,0,0,0,0,0,0,0
2026-03-27 22:25:28.125,387.725,0,-2,14,0,0,0,0,0,0,0,0,0
2026-03-27 22:25:28.126,387.726,0,-1,15,0,0,0,0,0,0,0,0,0
2026-03-27 22:25:28.128,387.727,0,-2,15,0,0,0,0,0,0,0,0,0
2026-03-27 22:25:28.221,387.821,0,-2,15,0,0,0,0,0,0,0,0,0
2026-03-27 22:25:28.333,387.933,0,-2,15,0,0,0,0,0,0,0,0,0
2026-03-27 22:25:28.396,387.996,0,-1,15,0,0,0,0,0,0,0,0,0
2026-03-27 22:25:28.509,388.108,0,-2,15,0,0,0,0,0,0,0,0,0
2026-03-27 22:25:28.525,388.125,0,-2,14,0,0,0,0,0,0,0,0,0
2026-03-27 22:25:28.636,388.236,0,-2,14,0,0,0,0,0,0,0,0,0
2026-03-27 22:25:28.765,388.365,0,-1,15,0,0,0,0,0,0,0,0,0
2026-03-27 22:25:28.893,388.493,0,-2,15,0,0,0,0,0,0,0,0,0
2026-03-27 22:25:28.941,388.541,0,-2,15,0,0,0,0,0,0,0,0,0
2026-03-27 22:25:29.021,388.621,0,-2,14,0,0,0,0,0,0,0,0,0
2026-03-27 22:25:29.116,388.716,0,-2,15,0,0,0,0,0,0,0,0,0
2026-03-27 22:25:29.228,388.828,0,-2,15,0,0,0,0,0,0,0,0,0
2026-03-27 22:25:29.356,388.956,0,-2,15,0,0,0,0,0,0,0,0,0
2026-03-27 22:25:29.485,389.085,0,-2,15,0,0,0,0,0,0,0,0,0
2026-03-27 22:25:29.596,389.196,0,-2,15,0,0,0,0,0,0,0,0,0
2026-03-27 22:25:29.612,389.212,0,-2,15,0,0,0,0,0,0,0,0,0
2026-03-27 22:25:29.628,389.228,0,-2,15,0,0,0,0,0,0,0,0,0
2026-03-27 22:25:29.644,389.244,0,-2,15,0,0,0,0,0,0,0,0,0
2026-03-27 22:25:29.772,389.372,0,-2,15,0,0,0,0,0,0,0,0,0
2026-03-27 22:25:29.933,389.532,0,-2,15,0,0,0,0,0,0,0,0,0
2026-03-27 22:25:30.044,389.644,0,-2,15,0,0,0,0,0,0,0,0,0
2026-03-27 22:25:30.060,389.659,0,-2,15,0,0,0,0,0,0,0,0,0
2026-03-27 22:25:30.061,389.661,0,-2,15,0,0,0,0,0,0,0,0,0
2026-03-27 22:25:30.141,389.741,0,-2,15,0,0,0,0,0,0,0,0,0
2026-03-27 22:25:30.269,389.868,0,-2,15,0,0,0,0,0,0,0,0,0
2026-03-27 22:25:30.380,389.980,0,-2,15,0,0,0,0,0,0,0,0,0
2026-03-27 22:25:30.428,390.028,0,-2,14,0,0,0,0,0,0,0,0,0
2026-03-27 22:25:30.557,390.157,0,-2,14,0,0,0,0,0,0,0,0,0
2026-03-27 22:25:30.668,390.268,0,-2,15,0,0,0,0,0,0,0,0,0
2026-03-27 22:25:30.669,390.269,0,-2,14,0,0,0,0,0,0,0,0,0
2026-03-27 22:25:30.796,390.396,0,-2,14,0,0,0,0,0,0,0,0,0
2026-03-27 22:25:30.908,390.508,0,-2,14,0,0,0,0,0,0,0,0,0
2026-03-27 22:25:31.020,390.619,0,-2,15,0,0,0,0,0,0,0,0,0
2026-03-27 22:25:31.021,390.621,0,-2,15,0,0,0,0,0,0,0,0,0
2026-03-27 22:25:31.196,390.796,0,-2,14,0,0,0,0,0,0,0,0,0
2026-03-27 22:25:31.244,390.844,0,-2,15,0,0,0,0,0,0,0,0,0
2026-03-27 22:25:31.324,390.924,0,-2,14,0,0,0,0,0,0,0,0,0
2026-03-27 22:25:31.452,391.052,0,-2,15,0,0,0,0,0,0,0,0,0
2026-03-27 22:25:31.548,391.148,0,-2,14,0,0,0,0,0,0,0,0,0
2026-03-27 22:25:31.692,391.292,0,-2,14,0,0,0,0,0,0,0,0,0
2026-03-27 22:25:31.694,391.294,0,-2,14,0,0,0,0,0,0,0,0,0
2026-03-27 22:25:31.695,391.295,0,0,0,0,0,0,0,0,0,0,0,0
2026-03-27 22:25:31.788,391.388,0,-2,14,0,0,0,0,0,0,0,0,0
2026-03-27 22:25:31.789,391.389,0,-3,14,0,0,0,0,0,0,0,0,0
2026-03-27 22:25:31.791,391.391,0,-2,15,0,0,0,0,0,0,0,0,0
2026-03-27 22:25:31.901,391.500,0,-2,14,0,0,0,0,0,0,0,0,0
2026-03-27 22:25:31.948,391.548,0,-2,15,0,0,0,0,0,0,0,0,0
2026-03-27 22:25:32.044,391.644,0,-2,14,0,0,0,0,0,0,0,0,0
2026-03-27 22:25:32.172,391.772,0,-5,14,0,0,0,0,0,0,0,0,0
2026-03-27 22:25:32.299,391.899,0,-2,15,0,0,0,0,0,0,0,0,0
2026-03-27 22:25:32.396,391.996,0,-2,14,0,0,0,0,0,0,0,0,0
2026-03-27 22:25:32.398,391.998,0,-1,15,0,0,0,0,0,0,0,0,0
2026-03-27 22:25:32.508,392.108,0,-2,15,0,0,0,0,0,0,0,0,0
2026-03-27 22:25:32.509,392.109,0,-2,15,0,0,0,0,0,0,0,0,0
2026-03-27 22:25:32.684,392.284,0,-2,15,0,0,0,0,0,0,0,0,0
2026-03-27 22:25:32.685,392.285,0,-3,15,0,0,0,0,0,0,0,0,0
2026-03-27 22:25:32.909,392.509,0,-2,15,0,0,0,0,0,0,0,0,0
2026-03-27 22:25:33.004,392.604,0,-2,15,0,0,0,0,0,0,0,0,0
2026-03-27 22:25:33.132,392.732,0,-2,15,0,0,0,0,0,0,0,0,0
2026-03-27 22:25:33.228,392.828,0,-2,15,0,0,0,0,0,0,0,0,0
2026-03-27 22:25:33.229,392.829,0,-2,15,0,0,0,0,0,0,0,0,0
2026-03-27 22:25:33.276,392.876,0,-2,15,0,0,0,0,0,0,0,0,0
2026-03-27 22:25:33.278,392.878,0,-2,15,0,0,0,0,0,0,0,0,0
2026-03-27 22:25:33.356,392.955,0,-2,14,0,0,0,0,0,0,0,0,0
2026-03-27 22:25:33.372,392.972,0,-2,14,0,0,0,0,0,0,0,0,0
2026-03-27 22:25:33.500,393.100,0,-2,14,0,0,0,0,0,0,0,0,0
2026-03-27 22:25:33.644,393.243,0,-2,15,0,0,0,0,0,0,0,0,0
2026-03-27 22:25:33.692,393.292,0,-2,15,0,0,0,0,0,0,0,0,0
2026-03-27 22:25:33.772,393.372,0,-2,15,0,0,0,0,0,0,0,0,0
2026-03-27 22:25:33.900,393.500,0,-2,15,0,0,0,0,0,0,0,0,0
2026-03-27 22:25:34.044,393.644,0,-2,15,0,0,0,0,0,0,0,0,0
2026-03-27 22:25:34.141,393.741,0,-2,15,0,0,0,0,0,0,0,0,0
2026-03-27 22:25:34.237,393.836,0,-2,14,0,0,0,0,0,0,0,0,0
2026-03-27 22:25:34.253,393.853,0,-2,14,0,0,0,0,0,0,0,0,0
2026-03-27 22:25:34.428,394.028,0,-2,14,0,0,0,0,0,0,0,0,0
2026-03-27 22:25:34.540,394.140,0,-2,15,0,0,0,0,0,0,0,0,0
2026-03-27 22:25:34.636,394.236,0,-2,15,0,0,0,0,0,0,0,0,0
2026-03-27 22:25:34.748,394.348,0,-2,15,0,0,0,0,0,0,0,0,0
2026-03-27 22:25:34.876,394.476,0,-2,14,0,0,0,0,0,0,0,0,0
2026-03-27 22:25:34.878,394.477,0,-1,15,0,0,0,0,0,0,0,0,0
2026-03-27 22:25:34.988,394.588,0,-2,15,0,0,0,0,0,0,0,0,0
2026-03-27 22:25:34.989,394.589,0,-2,15,0,0,0,0,0,0,0,0,0
2026-03-27 22:25:35.100,394.700,0,-2,14,0,0,0,0,0,0,0,0,0
2026-03-27 22:25:35.277,394.877,0,-2,15,0,0,0,0,0,0,0,0,0
2026-03-27 22:25:35.292,394.891,0,-1,15,0,0,0,0,0,0,0,0,0
2026-03-27 22:25:35.356,394.956,0,-2,14,0,0,0,0,0,0,0,0,0
2026-03-27 22:25:35.420,395.019,0,-2,15,0,0,0,0,0,0,0,0,0
2026-03-27 22:25:35.548,395.148,0,-2,15,0,0,0,0,0,0,0,0,0
2026-03-27 22:25:35.643,395.243,0,-2,15,0,0,0,0,0,0,0,0,0
2026-03-27 22:25:35.708,395.308,0,-2,14,0,0,0,0,0,0,0,0,0
2026-03-27 22:25:35.868,395.468,0,-2,14,0,0,0,0,0,0,0,0,0
2026-03-27 22:25:35.948,395.548,0,-2,14,0,0,0,0,0,0,0,0,0
2026-03-27 22:25:36.108,395.708,0,-2,14,0,0,0,0,0,0,0,0,0
2026-03-27 22:25:36.124,395.724,0,-2,14,0,0,0,0,0,0,0,0,0
2026-03-27 22:25:36.156,395.756,0,-2,14,0,0,0,0,0,0,0,0,0
2026-03-27 22:25:36.252,395.851,0,-2,14,0,0,0,0,0,0,0,0,0
2026-03-27 22:25:36.268,395.868,0,-2,15,0,0,0,0,0,0,0,0,0
2026-03-27 22:25:36.380,395.980,0,-2,14,0,0,0,0,0,0,0,0,0
2026-03-27 22:25:36.427,396.027,0,-2,14,0,0,0,0,0,0,0,0,0
2026-03-27 22:25:36.428,396.028,0,-2,15,0,0,0,0,0,0,0,0,0
2026-03-27 22:25:36.572,396.171,0,-2,14,0,0,0,0,0,0,0,0,0
2026-03-27 22:25:36.684,396.284,0,-2,15,0,0,0,0,0,0,0,0,0
2026-03-27 22:25:36.780,396.380,0,-2,15,0,0,0,0,0,0,0,0,0
2026-03-27 22:25:36.909,396.508,0,-2,15,0,0,0,0,0,0,0,0,0
2026-03-27 22:25:37.068,396.667,0,-2,14,0,0,0,0,0,0,0,0,0
2026-03-27 22:25:37.180,396.780,0,-2,14,0,0,0,0,0,0,0,0,0
2026-03-27 22:25:37.181,396.781,0,-2,14,0,0,0,0,0,0,0,0,0
2026-03-27 22:25:37.244,396.843,0,-2,15,0,0,0,0,0,0,0,0,0
2026-03-27 22:25:37.404,397.004,0,-2,14,0,0,0,0,0,0,0,0,0
2026-03-27 22:25:37.469,397.069,0,-2,14,0,0,0,0,0,0,0,0,0
2026-03-27 22:25:37.548,397.147,0,-2,14,0,0,0,0,0,0,0,0,0
2026-03-27 22:25:37.692,397.292,0,-2,15,0,0,0,0,0,0,0,0,0
2026-03-27 22:25:37.820,397.420,0,-2,14,0,0,0,0,0,0,0,0,0
2026-03-27 22:25:37.884,397.484,0,-2,15,0,0,0,0,0,0,0,0,0
2026-03-27 22:25:37.885,397.485,0,-2,14,0,0,0,0,0,0,0,0,0
2026-03-27 22:25:37.996,397.596,0,-2,15,0,0,0,0,0,0,0,0,0
2026-03-27 22:25:38.124,397.724,0,-2,15,0,0,0,0,0,0,0,0,0
2026-03-27 22:25:38.251,397.851,0,-2,15,0,0,0,0,0,0,0,0,0
2026-03-27 22:25:38.347,397.947,0,-2,15,0,0,0,0,0,0,0,0,0
2026-03-27 22:25:38.363,397.963,0,-2,15,0,0,0,0,0,0,0,0,0
2026-03-27 22:25:38.366,397.965,0,-2,14,0,0,0,0,0,0,0,0,0
2026-03-27 22:25:38.428,398.028,0,-2,14,0,0,0,0,0,0,0,0,0
2026-03-27 22:25:38.556,398.156,0,-2,15,0,0,0,0,0,0,0,0,0
2026-03-27 22:25:38.620,398.220,0,-2,15,0,0,0,0,0,0,0,0,0
2026-03-27 22:25:38.780,398.380,0,-2,14,0,0,0,0,0,0,0,0,0
2026-03-27 22:25:38.796,398.396,0,-2,14,0,0,0,0,0,0,0,0,0
2026-03-27 22:25:38.861,398.461,0,-2,14,0,0,0,0,0,0,0,0,0
2026-03-27 22:25:38.940,398.540,0,-2,15,0,0,0,0,0,0,0,0,0
2026-03-27 22:25:39.084,398.684,0,-2,15,0,0,0,0,0,0,0,0,0
2026-03-27 22:25:39.086,398.686,0,-2,15,0,0,0,0,0,0,0,0,0
2026-03-27 22:25:39.148,398.748,0,-2,15,0,0,0,0,0,0,0,0,0
2026-03-27 22:25:39.164,398.763,0,-2,14,0,0,0,0,0,0,0,0,0
2026-03-27 22:25:39.276,398.876,0,-2,14,0,0,0,0,0,0,0,0,0
2026-03-27 22:25:39.279,398.879,0,-2,15,0,0,0,0,0,0,0,0,0
2026-03-27 22:25:39.324,398.923,0,-2,15,0,0,0,0,0,0,0,0,0
2026-03-27 22:25:39.325,398.925,0,-1,15,0,0,0,0,0,0,0,0,0
2026-03-27 22:25:39.516,399.116,0,-2,15,0,0,0,0,0,0,0,0,0
2026-03-27 22:25:39.517,399.117,0,-2,14,0,0,0,0,0,0,0,0,0
2026-03-27 22:25:39.519,399.119,0,-2,14,0,0,0,0,0,0,0,0,0
2026-03-27 22:25:39.580,399.180,0,-2,14,0,0,0,0,0,0,0,0,0
2026-03-27 22:25:39.692,399.291,0,-2,14,0,0,0,0,0,0,0,0,0
2026-03-27 22:25:39.740,399.339,0,-2,14,0,0,0,0,0,0,0,0,0
2026-03-27 22:25:39.868,399.468,0,-2,14,0,0,0,0,0,0,0,0,0
2026-03-27 22:25:39.964,399.564,0,-2,14,0,0,0,0,0,0,0,0,0
2026-03-27 22:25:40.027,399.627,0,-2,14,0,0,0,0,0,0,0,0,0
2026-03-27 22:25:40.044,399.644,0,-2,14,0,0,0,0,0,0,0,0,0
2026-03-27 22:25:40.172,399.772,0,-2,14,0,0,0,0,0,0,0,0,0
2026-03-27 22:25:40.315,399.915,0,-2,14,0,0,0,0,0,0,0,0,0
2026-03-27 22:25:40.348,399.947,0,-2,14,0,0,0,0,0,0,0,0,0
2026-03-27 22:25:40.349,399.949,0,-2,15,0,0,0,0,0,0,0,0,0
2026-03-27 22:25:40.427,400.027,0,-2,14,0,0,0,0,0,0,0,0,0
2026-03-27 22:25:40.540,400.140,0,-2,14,0,0,0,0,0,0,0,0,0
2026-03-27 22:25:40.668,400.268,0,-2,14,0,0,0,0,0,0,0,0,0
2026-03-27 22:25:40.764,400.364,0,-2,15,0,0,0,0,0,0,0,0,0
2026-03-27 22:25:40.827,400.427,0,-2,15,0,0,0,0,0,0,0,0,0
2026-03-27 22:25:40.955,400.555,0,-2,14,0,0,0,0,0,0,0,0,0
2026-03-27 22:25:41.004,400.603,0,-2,14,0,0,0,0,0,0,0,0,0
2026-03-27 22:25:41.084,400.684,0,-2,15,0,0,0,0,0,0,0,0,0
2026-03-27 22:25:41.196,400.795,0,-2,14,0,0,0,0,0,0,0,0,0
2026-03-27 22:25:41.211,400.811,0,-2,14,0,0,0,0,0,0,0,0,0
2026-03-27 22:25:41.339,400.939,0,-2,14,0,0,0,0,0,0,0,0,0
2026-03-27 22:25:41.419,401.019,0,-2,14,0,0,0,0,0,0,0,0,0
2026-03-27 22:25:41.515,401.115,0,-2,15,0,0,0,0,0,0,0,0,0
2026-03-27 22:25:41.611,401.211,0,-2,14,0,0,0,0,0,0,0,0,0
2026-03-27 22:25:41.691,401.291,0,-2,14,0,0,0,0,0,0,0,0,0
2026-03-27 22:25:41.836,401.436,0,-2,15,0,0,0,0,0,0,0,0,0
2026-03-27 22:25:41.995,401.595,0,-2,14,0,0,0,0,0,0,0,0,0
2026-03-27 22:25:42.172,401.772,0,-2,14,0,0,0,0,0,0,0,0,0
2026-03-27 22:25:42.220,401.820,0,-2,14,0,0,0,0,0,0,0,0,0
2026-03-27 22:25:42.238,401.838,0,-2,14,0,0,0,0,0,0,0,0,0
2026-03-27 22:25:42.333,401.933,0,-2,15,0,0,0,0,0,0,0,0,0
2026-03-27 22:25:42.476,402.076,0,-2,15,0,0,0,0,0,0,0,0,0
2026-03-27 22:25:42.556,402.156,0,-2,14,0,0,0,0,0,0,0,0,0
2026-03-27 22:25:42.668,402.268,0,-2,15,0,0,0,0,0,0,0,0,0
2026-03-27 22:25:42.795,402.395,0,-2,15,0,0,0,0,0,0,0,0,0
2026-03-27 22:25:42.796,402.396,0,-2,14,0,0,0,0,0,0,0,0,0
2026-03-27 22:25:42.955,402.555,0,-2,14,0,0,0,0,0,0,0,0,0
2026-03-27 22:25:42.957,402.557,0,-2,15,0,0,0,0,0,0,0,0,0
2026-03-27 22:25:43.035,402.635,0,-2,15,0,0,0,0,0,0,0,0,0
2026-03-27 22:25:43.099,402.699,0,-2,15,0,0,0,0,0,0,0,0,0
2026-03-27 22:25:43.147,402.747,0,-2,15,0,0,0,0,0,0,0,0,0
2026-03-27 22:25:43.164,402.764,0,-2,15,0,0,0,0,0,0,0,0,0
2026-03-27 22:25:43.259,402.859,0,-2,15,0,0,0,0,0,0,0,0,0
2026-03-27 22:25:43.261,402.861,0,-2,14,0,0,0,0,0,0,0,0,0
2026-03-27 22:25:43.356,402.956,0,-2,15,0,0,0,0,0,0,0,0,0
2026-03-27 22:25:43.483,403.083,0,-2,15,0,0,0,0,0,0,0,0,0
2026-03-27 22:25:43.484,403.084,0,-2,14,0,0,0,0,0,0,0,0,0
2026-03-27 22:25:43.564,403.164,0,-2,15,0,0,0,0,0,0,0,0,0
2026-03-27 22:25:43.691,403.291,0,-2,15,0,0,0,0,0,0,0,0,0
2026-03-27 22:25:43.693,403.293,0,-1,15,0,0,0,0,0,0,0,0,0
2026-03-27 22:25:43.803,403.403,0,-2,15,0,0,0,0,0,0,0,0,0
2026-03-27 22:25:43.804,403.404,0,-2,14,0,0,0,0,0,0,0,0,0
2026-03-27 22:25:43.806,403.406,0,-2,14,0,0,0,0,0,0,0,0,0
2026-03-27 22:25:43.836,403.436,0,-2,14,0,0,0,0,0,0,0,0,0
2026-03-27 22:25:43.947,403.547,0,-2,15,0,0,0,0,0,0,0,0,0
2026-03-27 22:25:44.124,403.724,0,-2,15,0,0,0,0,0,0,0,0,0
2026-03-27 22:25:44.156,403.756,0,-2,15,0,0,0,0,0,0,0,0,0
2026-03-27 22:25:44.284,403.884,0,-2,15,0,0,0,0,0,0,0,0,0
2026-03-27 22:25:44.300,403.899,1,-1,15,0,0,0,0,0,0,0,0,0
2026-03-27 22:25:44.364,403.963,0,-2,15,0,0,0,0,0,0,0,0,0
2026-03-27 22:25:44.460,404.059,0,-2,15,0,0,0,0,0,0,0,0,0
2026-03-27 22:25:44.620,404.220,0,-2,15,0,0,0,0,0,0,0,0,0
2026-03-27 22:25:44.621,404.221,0,-2,15,0,0,0,0,0,0,0,0,0
2026-03-27 22:25:44.622,404.222,0,-2,14,0,0,0,0,0,0,0,0,0
2026-03-27 22:25:44.732,404.332,0,-2,14,0,0,0,0,0,0,0,0,0
2026-03-27 22:25:44.891,404.491,0,-2,15,0,0,0,0,0,0,0,0,0
2026-03-27 22:25:44.956,404.556,0,-2,15,0,0,0,0,0,0,0,0,0
2026-03-27 22:25:45.067,404.667,0,-2,15,0,0,0,0,0,0,0,0,0
2026-03-27 22:25:45.115,404.715,0,-2,14,0,0,0,0,0,0,0,0,0
2026-03-27 22:25:45.116,404.716,0,-2,15,0,0,0,0,0,0,0,0,0
2026-03-27 22:25:45.276,404.876,0,-2,15,0,0,0,0,0,0,0,0,0
2026-03-27 22:25:45.308,404.907,0,-2,15,0,0,0,0,0,0,0,0,0
2026-03-27 22:25:45.403,405.003,0,-2,15,0,0,0,0,0,0,0,0,0
2026-03-27 22:25:45.419,405.019,0,-2,15,0,0,0,0,0,0,0,0,0
2026-03-27 22:25:45.547,405.147,0,-2,14,0,0,0,0,0,0,0,0,0
2026-03-27 22:25:45.644,405.244,0,-2,15,0,0,0,0,0,0,0,0,0
2026-03-27 22:25:45.803,405.403,0,-2,15,0,0,0,0,0,0,0,0,0
2026-03-27 22:25:45.805,405.405,0,-2,15,0,0,0,0,0,0,0,0,0
2026-03-27 22:25:45.806,405.406,0,-2,15,0,0,0,0,0,0,0,0,0
2026-03-27 22:25:45.900,405.499,0,-2,15,0,0,0,0,0,0,0,0,0
2026-03-27 22:25:46.011,405.611,0,-2,14,0,0,0,0,0,0,0,0,0
2026-03-27 22:25:46.027,405.627,0,-2,15,0,0,0,0,0,0,0,0,0
2026-03-27 22:25:46.123,405.723,0,-2,15,0,0,0,0,0,0,0,0,0
2026-03-27 22:25:46.124,405.724,0,-2,15,0,0,0,0,0,0,0,0,0
2026-03-27 22:25:46.171,405.771,0,-2,15,0,0,0,0,0,0,0,0,0
2026-03-27 22:25:46.187,405.787,0,-2,15,0,0,0,0,0,0,0,0,0
2026-03-27 22:25:46.189,405.789,0,-2,14,0,0,0,0,0,0,0,0,0
2026-03-27 22:25:46.284,405.884,0,-2,15,0,0,0,0,0,0,0,0,0
2026-03-27 22:25:46.411,406.011,0,-2,14,0,0,0,0,0,0,0,0,0
2026-03-27 22:25:46.427,406.027,0,-2,14,0,0,0,0,0,0,0,0,0
2026-03-27 22:25:46.459,406.059,0,-2,15,0,0,0,0,0,0,0,0,0
2026-03-27 22:25:46.476,406.076,1,-2,15,0,0,0,0,0,0,0,0,0
2026-03-27 22:25:46.555,406.155,0,-2,15,0,0,0,0,0,0,0,0,0
2026-03-27 22:25:46.747,406.347,0,-2,15,0,0,0,0,0,0,0,0,0
2026-03-27 22:25:46.957,406.557,0,-2,15,0,0,0,0,0,0,0,0,0
2026-03-27 22:25:47.020,406.619,0,-2,15,0,0,0,0,0,0,0,0,0
2026-03-27 22:25:47.147,406.747,0,-2,14,0,0,0,0,0,0,0,0,0
2026-03-27 22:25:47.324,406.924,0,-2,14,0,0,0,0,0,0,0,0,0
2026-03-27 22:25:47.355,406.955,0,-2,15,0,0,0,0,0,0,0,0,0
2026-03-27 22:25:47.435,407.035,0,-2,14,0,0,0,0,0,0,0,0,0
2026-03-27 22:25:47.595,407.194,0,-2,15,0,0,0,0,0,0,0,0,0
2026-03-27 22:25:47.643,407.243,0,-2,14,0,0,0,0,0,0,0,0,0
2026-03-27 22:25:47.646,407.246,0,-1,14,0,0,0,0,0,0,0,0,0
2026-03-27 22:25:47.803,407.403,0,-2,15,0,0,0,0,0,0,0,0,0
2026-03-27 22:25:47.867,407.467,0,-2,14,0,0,0,0,0,0,0,0,0
2026-03-27 22:25:47.868,407.468,0,-2,14,0,0,0,0,0,0,0,0,0
2026-03-27 22:25:47.995,407.595,0,-2,15,0,0,0,0,0,0,0,0,0
2026-03-27 22:25:48.123,407.723,0,-2,15,0,0,0,0,0,0,0,0,0
2026-03-27 22:25:48.126,407.725,0,-2,14,0,0,0,0,0,0,0,0,0
2026-03-27 22:25:48.267,407.867,0,-2,15,0,0,0,0,0,0,0,0,0
2026-03-27 22:25:48.270,407.869,0,-4,15,0,0,0,0,0,0,0,0,0
2026-03-27 22:25:48.379,407.979,0,-5,12,0,0,0,0,0,0,0,0,0
2026-03-27 22:25:48.395,407.995,0,-2,15,0,0,0,0,0,0,0,0,0
2026-03-27 22:25:48.523,408.123,0,-2,15,0,0,0,0,0,0,0,0,0
2026-03-27 22:25:48.539,408.139,0,-2,15,0,0,0,0,0,0,0,0,0
2026-03-27 22:25:48.699,408.299,0,-2,15,0,0,0,0,0,0,0,0,0
2026-03-27 22:25:48.735,408.335,0,-2,14,0,0,0,0,0,0,0,0,0
2026-03-27 22:25:48.843,408.443,0,-2,15,0,0,0,0,0,0,0,0,0
2026-03-27 22:25:48.844,408.444,0,-2,15,0,0,0,0,0,0,0,0,0
2026-03-27 22:25:48.846,408.446,0,-2,12,0,0,0,0,0,0,0,0,0
2026-03-27 22:25:48.940,408.540,0,-2,12,0,0,0,0,0,0,0,0,0
2026-03-27 22:25:48.956,408.555,0,-2,12,0,0,0,0,0,0,0,0,0
2026-03-27 22:25:49.083,408.683,0,-2,15,0,0,0,0,0,0,0,0,0
2026-03-27 22:25:49.179,408.779,0,-2,15,0,0,0,0,0,0,0,0,0
2026-03-27 22:25:49.307,408.907,0,-2,15,0,0,0,0,0,0,0,0,0
2026-03-27 22:25:49.467,409.067,0,-2,15,0,0,0,0,0,0,0,0,0
2026-03-27 22:25:49.547,409.147,0,-2,14,0,0,0,0,0,0,0,0,0
2026-03-27 22:25:49.659,409.259,0,-2,15,0,0,0,0,0,0,0,0,0
2026-03-27 22:25:49.754,409.354,0,-4,14,0,0,0,0,0,0,0,0,0
2026-03-27 22:25:49.756,409.356,0,-5,15,0,0,0,0,0,0,0,0,0
2026-03-27 22:25:49.803,409.403,0,-2,14,0,0,0,0,0,0,0,0,0
2026-03-27 22:25:49.931,409.531,0,-2,14,0,0,0,0,0,0,0,0,0
2026-03-27 22:25:49.963,409.563,0,-2,14,0,0,0,0,0,0,0,0,0
2026-03-27 22:25:49.979,409.579,0,-2,15,0,0,0,0,0,0,0,0,0
2026-03-27 22:25:50.059,409.659,0,-2,15,0,0,0,0,0,0,0,0,0
2026-03-27 22:25:50.061,409.661,0,-2,14,0,0,0,0,0,0,0,0,0
2026-03-27 22:25:50.235,409.835,0,-2,15,0,0,0,0,0,0,0,0,0
2026-03-27 22:25:50.363,409.962,0,-2,14,0,0,0,0,0,0,0,0,0
2026-03-27 22:25:50.364,409.964,0,-1,15,0,0,0,0,0,0,0,0,0
2026-03-27 22:25:50.411,410.010,0,-2,15,0,0,0,0,0,0,0,0,0
2026-03-27 22:25:50.412,410.012,0,-2,15,0,0,0,0,0,0,0,0,0
2026-03-27 22:25:50.523,410.123,0,-2,15,0,0,0,0,0,0,0,0,0
2026-03-27 22:25:50.603,410.203,0,-2,15,0,0,0,0,0,0,0,0,0
2026-03-27 22:25:50.605,410.205,0,-2,15,0,0,0,0,0,0,0,0,0
2026-03-27 22:25:50.795,410.395,0,0,0,0,0,0,0,0,0,0,0,0
2026-03-27 22:25:50.955,410.555,0,-2,15,0,0,0,0,0,0,0,0,0
2026-03-27 22:25:50.972,410.572,0,-2,14,0,0,0,0,0,0,0,0,0
2026-03-27 22:25:50.988,410.588,0,-2,15,0,0,0,0,0,0,0,0,0
2026-03-27 22:25:50.990,410.589,0,-2,14,0,0,0,0,0,0,0,0,0
2026-03-27 22:25:51.099,410.699,0,-2,14,0,0,0,0,0,0,0,0,0
2026-03-27 22:25:51.275,410.875,0,-2,14,0,0,0,0,0,0,0,0,0
2026-03-27 22:25:51.276,410.876,0,-2,14,0,0,0,0,0,0,0,0,0
2026-03-27 22:25:51.387,410.987,0,-2,14,0,0,0,0,0,0,0,0,0
2026-03-27 22:25:51.499,411.099,0,-2,15,0,0,0,0,0,0,0,0,0
2026-03-27 22:25:51.595,411.195,0,-2,14,0,0,0,0,0,0,0,0,0
2026-03-27 22:25:51.596,411.196,0,-2,14,0,0,0,0,0,0,0,0,0
2026-03-27 22:25:51.659,411.259,0,-2,14,0,0,0,0,0,0,0,0,0
2026-03-27 22:25:51.755,411.355,0,-2,15,0,0,0,0,0,0,0,0,0
2026-03-27 22:25:51.899,411.499,0,-2,15,0,0,0,0,0,0,0,0,0
2026-03-27 22:25:52.011,411.611,0,-2,15,0,0,0,0,0,0,0,0,0
2026-03-27 22:25:52.139,411.739,0,-2,15,0,0,0,0,0,0,0,0,0
2026-03-27 22:25:52.140,411.740,0,-2,15,0,0,0,0,0,0,0,0,0
2026-03-27 22:25:52.142,411.741,0,-1,15,0,0,0,0,0,0,0,0,0
2026-03-27 22:25:52.220,411.820,0,-2,15,0,0,0,0,0,0,0,0,0
2026-03-27 22:25:52.299,411.899,0,-1,15,0,0,0,0,0,0,0,0,0
2026-03-27 22:25:52.427,412.027,0,-2,14,0,0,0,0,0,0,0,0,0
2026-03-27 22:25:52.554,412.154,0,-2,14,0,0,0,0,0,0,0,0,0
2026-03-27 22:25:52.556,412.156,0,-2,15,0,0,0,0,0,0,0,0,0
2026-03-27 22:25:52.635,412.235,0,-2,14,0,0,0,0,0,0,0,0,0
2026-03-27 22:25:52.731,412.331,0,-2,14,0,0,0,0,0,0,0,0,0
2026-03-27 22:25:52.734,412.334,0,-2,15,0,0,0,0,0,0,0,0,0
2026-03-27 22:25:52.795,412.395,0,-2,15,0,0,0,0,0,0,0,0,0
2026-03-27 22:25:52.810,412.410,0,-2,15,0,0,0,0,0,0,0,0,0
2026-03-27 22:25:52.939,412.539,0,-2,14,0,0,0,0,0,0,0,0,0
2026-03-27 22:25:53.019,412.619,0,-2,15,0,0,0,0,0,0,0,0,0
2026-03-27 22:25:53.115,412.715,0,-2,14,0,0,0,0,0,0,0,0,0
2026-03-27 22:25:53.211,412.811,0,-2,15,0,0,0,0,0,0,0,0,0
2026-03-27 22:25:53.355,412.955,0,-2,15,0,0,0,0,0,0,0,0,0
2026-03-27 22:25:53.451,413.051,0,-2,15,0,0,0,0,0,0,0,0,0
2026-03-27 22:25:53.468,413.068,0,-2,15,0,0,0,0,0,0,0,0,0
2026-03-27 22:25:53.514,413.114,0,-2,15,0,0,0,0,0,0,0,0,0
2026-03-27 22:25:53.627,413.227,0,-2,15,0,0,0,0,0,0,0,0,0
2026-03-27 22:25:53.787,413.387,0,-2,14,0,0,0,0,0,0,0,0,0
2026-03-27 22:25:53.899,413.499,0,-2,14,0,0,0,0,0,0,0,0,0
2026-03-27 22:25:53.995,413.595,0,-2,15,0,0,0,0,0,0,0,0,0
2026-03-27 22:25:54.123,413.723,0,-2,15,0,0,0,0,0,0,0,0,0
2026-03-27 22:25:54.203,413.803,0,-5,14,0,0,0,0,0,0,0,0,0
2026-03-27 22:25:54.283,413.883,0,-2,15,0,0,0,0,0,0,0,0,0
2026-03-27 22:25:54.395,413.995,0,-2,14,0,0,0,0,0,0,0,0,0
2026-03-27 22:25:54.507,414.107,0,-2,15,0,0,0,0,0,0,0,0,0
2026-03-27 22:25:54.651,414.251,0,-2,15,0,0,0,0,0,0,0,0,0
2026-03-27 22:25:54.747,414.347,0,-2,15,0,0,0,0,0,0,0,0,0
2026-03-27 22:25:54.827,414.427,0,-1,15,0,0,0,0,0,0,0,0,0
2026-03-27 22:25:54.923,414.523,0,-4,15,0,0,0,0,0,0,0,0,0
2026-03-27 22:25:55.083,414.682,0,-2,15,0,0,0,0,0,0,0,0,0
2026-03-27 22:25:55.179,414.778,0,-2,14,0,0,0,0,0,0,0,0,0
2026-03-27 22:25:55.195,414.794,0,-1,16,0,0,0,0,0,0,0,0,0
2026-03-27 22:25:55.196,414.796,0,-2,15,0,0,0,0,0,0,0,0,0
2026-03-27 22:25:55.275,414.875,0,-2,14,0,0,0,0,0,0,0,0,0
2026-03-27 22:25:55.419,415.019,0,-2,15,0,0,0,0,0,0,0,0,0
2026-03-27 22:25:55.467,415.066,0,-2,15,0,0,0,0,0,0,0,0,0
2026-03-27 22:25:55.482,415.082,0,-2,15,0,0,0,0,0,0,0,0,0
2026-03-27 22:25:55.595,415.195,0,-2,15,0,0,0,0,0,0,0,0,0
2026-03-27 22:25:55.739,415.339,0,-2,14,0,0,0,0,0,0,0,0,0
2026-03-27 22:25:55.835,415.435,0,-2,14,0,0,0,0,0,0,0,0,0
2026-03-27 22:25:55.837,415.437,0,-1,15,0,0,0,0,0,0,0,0,0
2026-03-27 22:25:55.931,415.531,0,-1,15,0,0,0,0,0,0,0,0,0
2026-03-27 22:25:55.946,415.546,0,-2,15,0,0,0,0,0,0,0,0,0
2026-03-27 22:25:56.043,415.643,0,-2,15,0,0,0,0,0,0,0,0,0
2026-03-27 22:25:56.107,415.706,0,-2,15,0,0,0,0,0,0,0,0,0
2026-03-27 22:25:56.155,415.755,0,-2,12,0,0,0,0,0,0,0,0,0
2026-03-27 22:25:56.251,415.851,0,-2,15,0,0,0,0,0,0,0,0,0
2026-03-27 22:25:56.395,415.995,0,-2,14,0,0,0,0,0,0,0,0,0
2026-03-27 22:25:56.491,416.091,0,-2,12,0,0,0,0,0,0,0,0,0
2026-03-27 22:25:56.603,416.203,0,-2,14,0,0,0,0,0,0,0,0,0
2026-03-27 22:25:56.605,416.205,0,-2,15,0,0,0,0,0,0,0,0,0
2026-03-27 22:25:56.795,416.395,0,-2,15,0,0,0,0,0,0,0,0,0
2026-03-27 22:25:56.842,416.442,0,-2,14,0,0,0,0,0,0,0,0,0
2026-03-27 22:25:56.954,416.554,0,-2,15,0,0,0,0,0,0,0,0,0
2026-03-27 22:25:57.050,416.650,0,-2,15,0,0,0,0,0,0,0,0,0
2026-03-27 22:25:57.051,416.651,0,-2,15,0,0,0,0,0,0,0,0,0
2026-03-27 22:25:57.115,416.714,0,-2,15,0,0,0,0,0,0,0,0,0
2026-03-27 22:25:57.259,416.858,0,-2,15,0,0,0,0,0,0,0,0,0
2026-03-27 22:25:57.339,416.939,0,-2,15,0,0,0,0,0,0,0,0,0
2026-03-27 22:25:57.659,417.259,0,-2,14,0,0,0,0,0,0,0,0,0
2026-03-27 22:25:57.754,417.354,0,-2,15,0,0,0,0,0,0,0,0,0
2026-03-27 22:25:57.899,417.498,0,-2,15,0,0,0,0,0,0,0,0,0
2026-03-27 22:25:57.900,417.500,0,-2,15,0,0,0,0,0,0,0,0,0
2026-03-27 22:25:57.902,417.501,0,-2,15,0,0,0,0,0,0,0,0,0
2026-03-27 22:25:57.995,417.595,0,-2,15,0,0,0,0,0,0,0,0,0
2026-03-27 22:25:58.123,417.723,0,-2,14,0,0,0,0,0,0,0,0,0
2026-03-27 22:25:58.154,417.754,0,-2,14,0,0,0,0,0,0,0,0,0
2026-03-27 22:25:58.330,417.930,0,-2,15,0,0,0,0,0,0,0,0,0
2026-03-27 22:25:58.443,418.043,0,-5,15,0,0,0,0,0,0,0,0,0
2026-03-27 22:25:58.474,418.074,0,-2,15,0,0,0,0,0,0,0,0,0
2026-03-27 22:25:58.492,418.091,0,-2,15,0,0,0,0,0,0,0,0,0
2026-03-27 22:25:58.635,418.235,0,-2,15,0,0,0,0,0,0,0,0,0
2026-03-27 22:25:58.714,418.314,0,-2,15,0,0,0,0,0,0,0,0,0
2026-03-27 22:25:58.715,418.315,0,-1,15,0,0,0,0,0,0,0,0,0
2026-03-27 22:25:58.717,418.316,0,-2,15,0,0,0,0,0,0,0,0,0
2026-03-27 22:25:58.875,418.475,0,-1,15,0,0,0,0,0,0,0,0,0
2026-03-27 22:25:58.955,418.555,0,-1,15,0,0,0,0,0,0,0,0,0
2026-03-27 22:25:59.098,418.698,0,-2,15,0,0,0,0,0,0,0,0,0
2026-03-27 22:25:59.099,418.699,0,-2,15,0,0,0,0,0,0,0,0,0
2026-03-27 22:25:59.210,418.810,0,-2,15,0,0,0,0,0,0,0,0,0
2026-03-27 22:25:59.322,418.922,0,-2,14,0,0,0,0,0,0,0,0,0
2026-03-27 22:25:59.450,419.050,0,-2,15,0,0,0,0,0,0,0,0,0
2026-03-27 22:25:59.594,419.194,0,-2,14,0,0,0,0,0,0,0,0,0
2026-03-27 22:25:59.595,419.195,0,-2,15,0,0,0,0,0,0,0,0,0
2026-03-27 22:25:59.642,419.242,0,-2,15,0,0,0,0,0,0,0,0,0
2026-03-27 22:25:59.658,419.258,0,-2,15,0,0,0,0,0,0,0,0,0
2026-03-27 22:25:59.738,419.338,0,-2,14,0,0,0,0,0,0,0,0,0
2026-03-27 22:25:59.851,419.451,0,-2,15,0,0,0,0,0,0,0,0,0
2026-03-27 22:25:59.931,419.531,0,-2,15,0,0,0,0,0,0,0,0,0
2026-03-27 22:26:00.106,419.706,0,-2,14,0,0,0,0,0,0,0,0,0
2026-03-27 22:26:00.138,419.738,0,-4,15,0,0,0,0,0,0,0,0,0
2026-03-27 22:26:00.250,419.850,0,-2,15,0,0,0,0,0,0,0,0,0
2026-03-27 22:26:00.266,419.866,0,-2,15,0,0,0,0,0,0,0,0,0
2026-03-27 22:26:00.331,419.930,0,-2,14,0,0,0,0,0,0,0,0,0
2026-03-27 22:26:00.490,420.090,0,-1,14,0,0,0,0,0,0,0,0,0
2026-03-27 22:26:00.682,420.282,0,-2,15,0,0,0,0,0,0,0,0,0
2026-03-27 22:26:00.746,420.346,0,-4,12,0,0,0,0,0,0,0,0,0
2026-03-27 22:26:00.843,420.443,0,-2,15,0,0,0,0,0,0,0,0,0
2026-03-27 22:26:00.922,420.522,0,-2,15,0,0,0,0,0,0,0,0,0
2026-03-27 22:26:00.924,420.524,0,-1,15,0,0,0,0,0,0,0,0,0
2026-03-27 22:26:01.050,420.650,0,-2,14,0,0,0,0,0,0,0,0,0
2026-03-27 22:26:01.146,420.746,0,-1,15,0,0,0,0,0,0,0,0,0
2026-03-27 22:26:01.227,420.827,0,-4,15,0,0,0,0,0,0,0,0,0
2026-03-27 22:26:01.338,420.938,0,-2,14,0,0,0,0,0,0,0,0,0
2026-03-27 22:26:01.402,421.002,0,-1,15,0,0,0,0,0,0,0,0,0
2026-03-27 22:26:01.420,421.020,0,-2,15,0,0,0,0,0,0,0,0,0
2026-03-27 22:26:01.482,421.082,0,-1,15,0,0,0,0,0,0,0,0,0
2026-03-27 22:26:01.611,421.211,0,-2,15,0,0,0,0,0,0,0,0,0
2026-03-27 22:26:01.755,421.355,2,-2,15,0,0,0,0,0,0,0,0,0
2026-03-27 22:26:01.803,421.403,0,-2,14,0,0,0,0,0,0,0,0,0
2026-03-27 22:26:01.850,421.450,0,-2,14,0,0,0,0,0,0,0,0,0
2026-03-27 22:26:01.963,421.563,0,-2,15,0,0,0,0,0,0,0,0,0
2026-03-27 22:26:01.978,421.578,0,-2,15,0,0,0,0,0,0,0,0,0
2026-03-27 22:26:02.042,421.642,0,-2,15,0,0,0,0,0,0,0,0,0
2026-03-27 22:26:02.139,421.739,0,-2,14,0,0,0,0,0,0,0,0,0
2026-03-27 22:26:02.251,421.851,0,-1,15,0,0,0,0,0,0,0,0,0
2026-03-27 22:26:02.266,421.866,0,-2,15,0,0,0,0,0,0,0,0,0
2026-03-27 22:26:02.395,421.995,0,-2,15,0,0,0,0,0,0,0,0,0
2026-03-27 22:26:02.398,421.998,0,-2,15,0,0,0,0,0,0,0,0,0
2026-03-27 22:26:02.490,422.090,0,-2,15,0,0,0,0,0,0,0,0,0
2026-03-27 22:26:02.602,422.202,0,-2,15,0,0,0,0,0,0,0,0,0
2026-03-27 22:26:02.731,422.330,0,-2,15,0,0,0,0,0,0,0,0,0
2026-03-27 22:26:02.827,422.427,0,-2,15,0,0,0,0,0,0,0,0,0
2026-03-27 22:26:02.939,422.539,0,-2,15,0,0,0,0,0,0,0,0,0
2026-03-27 22:26:02.971,422.570,0,-2,15,0,0,0,0,0,0,0,0,0
2026-03-27 22:26:02.972,422.572,0,-1,15,0,0,0,0,0,0,0,0,0
2026-03-27 22:26:03.083,422.683,0,-2,15,0,0,0,0,0,0,0,0,0
2026-03-27 22:26:03.242,422.842,0,-2,15,0,0,0,0,0,0,0,0,0
2026-03-27 22:26:03.354,422.954,0,-5,15,0,0,0,0,0,0,0,0,0
2026-03-27 22:26:03.419,423.018,0,-2,15,0,0,0,0,0,0,0,0,0
2026-03-27 22:26:03.421,423.021,0,-5,15,0,0,0,0,0,0,0,0,0
2026-03-27 22:26:03.515,423.115,0,-4,15,0,0,0,0,0,0,0,0,0
2026-03-27 22:26:03.642,423.242,0,-4,15,0,0,0,0,0,0,0,0,0
2026-03-27 22:26:03.658,423.258,0,-2,15,0,0,0,0,0,0,0,0,0
2026-03-27 22:26:03.675,423.275,0,-2,15,0,0,0,0,0,0,0,0,0
2026-03-27 22:26:03.690,423.290,0,-1,15,0,0,0,0,0,0,0,0,0
2026-03-27 22:26:03.754,423.354,0,-4,15,0,0,0,0,0,0,0,0,0
2026-03-27 22:26:03.930,423.529,0,-1,15,0,0,0,0,0,0,0,0,0
2026-03-27 22:26:03.931,423.531,0,-2,15,0,0,0,0,0,0,0,0,0
2026-03-27 22:26:03.979,423.579,0,-2,15,0,0,0,0,0,0,0,0,0
2026-03-27 22:26:04.075,423.675,0,-2,15,0,0,0,0,0,0,0,0,0
2026-03-27 22:26:04.092,423.691,0,-2,14,0,0,0,0,0,0,0,0,0
2026-03-27 22:26:04.442,424.042,0,-2,15,0,0,0,0,0,0,0,0,0
2026-03-27 22:26:04.555,424.155,0,-2,15,0,0,0,0,0,0,0,0,0
2026-03-27 22:26:04.763,424.363,0,-2,15,0,0,0,0,0,0,0,0,0
2026-03-27 22:26:04.827,424.427,0,-2,15,0,0,0,0,0,0,0,0,0
2026-03-27 22:26:04.954,424.554,0,-2,15,0,0,0,0,0,0,0,0,0
2026-03-27 22:26:05.019,424.618,0,-2,14,0,0,0,0,0,0,0,0,0
2026-03-27 22:26:05.163,424.763,0,-2,15,0,0,0,0,0,0,0,0,0
2026-03-27 22:26:05.165,424.765,0,-1,15,0,0,0,0,0,0,0,0,0
2026-03-27 22:26:05.226,424.826,0,-1,15,0,0,0,0,0,0,0,0,0
2026-03-27 22:26:05.354,424.954,0,-2,15,0,0,0,0,0,0,0,0,0
2026-03-27 22:26:05.451,425.051,0,-2,14,0,0,0,0,0,0,0,0,0
2026-03-27 22:26:05.563,425.163,0,-2,14,0,0,0,0,0,0,0,0,0
2026-03-27 22:26:05.675,425.275,0,-2,15,0,0,0,0,0,0,0,0,0
2026-03-27 22:26:05.787,425.386,0,-2,15,0,0,0,0,0,0,0,0,0
2026-03-27 22:26:05.930,425.530,0,-2,15,0,0,0,0,0,0,0,0,0
2026-03-27 22:26:05.994,425.594,0,-2,14,0,0,0,0,0,0,0,0,0
2026-03-27 22:26:06.011,425.610,0,-2,15,0,0,0,0,0,0,0,0,0
2026-03-27 22:26:06.122,425.722,0,-2,15,0,0,0,0,0,0,0,0,0
2026-03-27 22:26:06.235,425.835,0,-2,15,0,0,0,0,0,0,0,0,0
2026-03-27 22:26:06.237,425.837,0,-2,12,0,0,0,0,0,0,0,0,0
2026-03-27 22:26:06.362,425.962,0,-2,12,0,0,0,0,0,0,0,0,0
2026-03-27 22:26:06.474,426.074,0,-2,15,0,0,0,0,0,0,0,0,0
2026-03-27 22:26:06.586,426.186,0,-2,15,0,0,0,0,0,0,0,0,0
2026-03-27 22:26:06.587,426.187,0,-1,15,0,0,0,0,0,0,0,0,0
2026-03-27 22:26:06.588,426.188,0,-2,15,0,0,0,0,0,0,0,0,0
2026-03-27 22:26:06.698,426.298,0,-2,15,0,0,0,0,0,0,0,0,0
2026-03-27 22:26:06.794,426.393,0,-2,15,0,0,0,0,0,0,0,0,0
2026-03-27 22:26:06.874,426.474,0,-2,15,0,0,0,0,0,0,0,0,0
2026-03-27 22:26:06.876,426.475,0,-2,15,0,0,0,0,0,0,0,0,0
2026-03-27 22:26:06.986,426.586,0,-2,14,0,0,0,0,0,0,0,0,0
2026-03-27 22:26:07.098,426.698,0,-2,15,0,0,0,0,0,0,0,0,0
2026-03-27 22:26:07.100,426.700,0,-2,15,0,0,0,0,0,0,0,0,0
2026-03-27 22:26:07.130,426.730,0,-1,15,0,0,0,0,0,0,0,0,0
2026-03-27 22:26:07.242,426.842,0,-4,14,0,0,0,0,0,0,0,0,0
2026-03-27 22:26:07.354,426.954,0,-2,14,0,0,0,0,0,0,0,0,0
2026-03-27 22:26:07.434,427.034,0,-2,15,0,0,0,0,0,0,0,0,0
2026-03-27 22:26:07.562,427.162,0,-2,15,0,0,0,0,0,0,0,0,0
2026-03-27 22:26:07.642,427.242,0,-2,14,0,0,0,0,0,0,0,0,0
2026-03-27 22:26:07.659,427.259,0,-2,15,0,0,0,0,0,0,0,0,0
2026-03-27 22:26:07.771,427.370,0,-2,15,0,0,0,0,0,0,0,0,0
2026-03-27 22:26:07.834,427.434,0,-2,15,0,0,0,0,0,0,0,0,0
2026-03-27 22:26:07.963,427.562,0,-2,15,0,0,0,0,0,0,0,0,0
2026-03-27 22:26:08.074,427.674,0,-2,15,0,0,0,0,0,0,0,0,0
2026-03-27 22:26:08.075,427.675,0,-2,14,0,0,0,0,0,0,0,0,0
2026-03-27 22:26:08.154,427.754,0,-2,14,0,0,0,0,0,0,0,0,0
2026-03-27 22:26:08.282,427.882,0,-1,15,0,0,0,0,0,0,0,0,0
2026-03-27 22:26:08.458,428.058,0,-2,14,0,0,0,0,0,0,0,0,0
2026-03-27 22:26:08.618,428.218,0,-2,14,0,0,0,0,0,0,0,0,0
2026-03-27 22:26:08.620,428.219,0,-2,15,0,0,0,0,0,0,0,0,0
2026-03-27 22:26:08.729,428.329,0,-2,14,0,0,0,0,0,0,0,0,0
2026-03-27 22:26:08.731,428.331,0,-2,15,0,0,0,0,0,0,0,0,0
2026-03-27 22:26:08.826,428.426,0,-2,14,0,0,0,0,0,0,0,0,0
2026-03-27 22:26:08.890,428.490,0,-2,15,0,0,0,0,0,0,0,0,0
2026-03-27 22:26:08.906,428.506,0,-2,15,0,0,0,0,0,0,0,0,0
2026-03-27 22:26:08.908,428.508,0,-2,14,0,0,0,0,0,0,0,0,0
2026-03-27 22:26:09.018,428.618,0,-2,14,0,0,0,0,0,0,0,0,0
2026-03-27 22:26:09.146,428.746,0,-2,15,0,0,0,0,0,0,0,0,0
2026-03-27 22:26:09.258,428.858,0,-2,15,0,0,0,0,0,0,0,0,0
2026-03-27 22:26:09.434,429.034,0,-2,14,0,0,0,0,0,0,0,0,0
2026-03-27 22:26:09.563,429.162,0,-4,14,0,0,0,0,0,0,0,0,0
2026-03-27 22:26:09.690,429.290,0,-2,14,0,0,0,0,0,0,0,0,0
2026-03-27 22:26:09.691,429.291,0,-2,15,0,0,0,0,0,0,0,0,0
2026-03-27 22:26:09.706,429.306,0,-2,15,0,0,0,0,0,0,0,0,0
2026-03-27 22:26:09.786,429.386,0,-2,15,0,0,0,0,0,0,0,0,0
2026-03-27 22:26:09.913,429.513,0,-5,15,0,0,0,0,0,0,0,0,0
2026-03-27 22:26:09.915,429.515,0,-2,14,0,0,0,0,0,0,0,0,0
2026-03-27 22:26:10.026,429.626,0,-2,14,0,0,0,0,0,0,0,0,0
2026-03-27 22:26:10.106,429.706,0,-2,14,0,0,0,0,0,0,0,0,0
2026-03-27 22:26:10.122,429.722,0,-2,15,0,0,0,0,0,0,0,0,0
2026-03-27 22:26:10.124,429.723,0,-2,15,0,0,0,0,0,0,0,0,0
2026-03-27 22:26:10.283,429.882,0,-2,15,0,0,0,0,0,0,0,0,0
2026-03-27 22:26:10.330,429.930,0,-2,14,0,0,0,0,0,0,0,0,0
2026-03-27 22:26:10.474,430.074,0,-2,14,0,0,0,0,0,0,0,0,0
2026-03-27 22:26:10.570,430.170,0,-2,15,0,0,0,0,0,0,0,0,0
2026-03-27 22:26:10.588,430.188,0,-2,15,0,0,0,0,0,0,0,0,0
2026-03-27 22:26:10.714,430.314,0,-2,14,0,0,0,0,0,0,0,0,0
2026-03-27 22:26:10.841,430.441,0,-2,14,0,0,0,0,0,0,0,0,0
2026-03-27 22:26:10.843,430.443,0,-2,14,0,0,0,0,0,0,0,0,0
2026-03-27 22:26:10.845,430.444,0,-2,14,0,0,0,0,0,0,0,0,0
2026-03-27 22:26:10.922,430.522,0,-2,14,0,0,0,0,0,0,0,0,0
2026-03-27 22:26:10.924,430.524,0,-2,14,0,0,0,0,0,0,0,0,0
2026-03-27 22:26:11.035,430.634,0,-2,14,0,0,0,0,0,0,0,0,0
2026-03-27 22:26:11.037,430.637,0,-2,14,0,0,0,0,0,0,0,0,0
2026-03-27 22:26:11.130,430.730,0,-2,14,0,0,0,0,0,0,0,0,0
2026-03-27 22:26:11.242,430.842,0,-2,15,0,0,0,0,0,0,0,0,0
2026-03-27 22:26:11.258,430.858,0,-2,15,0,0,0,0,0,0,0,0,0
2026-03-27 22:26:11.306,430.906,0,-2,14,0,0,0,0,0,0,0,0,0
2026-03-27 22:26:11.418,431.018,0,-2,15,0,0,0,0,0,0,0,0,0
2026-03-27 22:26:11.435,431.035,0,-2,15,0,0,0,0,0,0,0,0,0
2026-03-27 22:26:11.546,431.146,0,-2,14,0,0,0,0,0,0,0,0,0
2026-03-27 22:26:11.641,431.241,0,-2,15,0,0,0,0,0,0,0,0,0
2026-03-27 22:26:11.643,431.243,0,-2,15,0,0,0,0,0,0,0,0,0
2026-03-27 22:26:11.705,431.305,0,-2,15,0,0,0,0,0,0,0,0,0
2026-03-27 22:26:11.722,431.322,0,-5,15,0,0,0,0,0,0,0,0,0
2026-03-27 22:26:11.866,431.466,0,-5,15,0,0,0,0,0,0,0,0,0
2026-03-27 22:26:11.994,431.594,0,-2,15,0,0,0,0,0,0,0,0,0
2026-03-27 22:26:12.138,431.738,0,-2,15,0,0,0,0,0,0,0,0,0
2026-03-27 22:26:12.139,431.739,0,-2,14,0,0,0,0,0,0,0,0,0
2026-03-27 22:26:12.186,431.786,0,-2,14,0,0,0,0,0,0,0,0,0
2026-03-27 22:26:12.202,431.802,0,-2,14,0,0,0,0,0,0,0,0,0
2026-03-27 22:26:12.330,431.930,0,-2,14,0,0,0,0,0,0,0,0,0
2026-03-27 22:26:12.442,432.041,0,-2,14,0,0,0,0,0,0,0,0,0
2026-03-27 22:26:12.443,432.043,0,-2,14,0,0,0,0,0,0,0,0,0
2026-03-27 22:26:12.537,432.137,0,-2,15,0,0,0,0,0,0,0,0,0
2026-03-27 22:26:12.538,432.138,0,-2,14,0,0,0,0,0,0,0,0,0
2026-03-27 22:26:12.633,432.233,0,-2,15,0,0,0,0,0,0,0,0,0
2026-03-27 22:26:12.730,432.330,0,-2,15,0,0,0,0,0,0,0,0,0
2026-03-27 22:26:12.809,432.409,0,-2,12,0,0,0,0,0,0,0,0,0
2026-03-27 22:26:13.002,432.601,0,-2,15,0,0,0,0,0,0,0,0,0
2026-03-27 22:26:13.004,432.604,0,-2,14,0,0,0,0,0,0,0,0,0
2026-03-27 22:26:13.066,432.666,0,-2,15,0,0,0,0,0,0,0,0,0
2026-03-27 22:26:13.178,432.778,0,-1,14,0,0,0,0,0,0,0,0,0
2026-03-27 22:26:13.258,432.858,0,-1,15,0,0,0,0,0,0,0,0,0
2026-03-27 22:26:13.402,433.002,0,-2,15,0,0,0,0,0,0,0,0,0
2026-03-27 22:26:13.403,433.003,0,-2,15,0,0,0,0,0,0,0,0,0
2026-03-27 22:26:13.466,433.065,0,-2,14,0,0,0,0,0,0,0,0,0
2026-03-27 22:26:13.594,433.194,0,-2,14,0,0,0,0,0,0,0,0,0
2026-03-27 22:26:13.674,433.274,0,-2,15,0,0,0,0,0,0,0,0,0
2026-03-27 22:26:13.754,433.354,0,-2,14,0,0,0,0,0,0,0,0,0
2026-03-27 22:26:13.882,433.482,0,-2,15,0,0,0,0,0,0,0,0,0
2026-03-27 22:26:13.930,433.530,0,-2,14,0,0,0,0,0,0,0,0,0
2026-03-27 22:26:14.042,433.642,0,-2,15,0,0,0,0,0,0,0,0,0
2026-03-27 22:26:14.138,433.737,0,-2,14,0,0,0,0,0,0,0,0,0
2026-03-27 22:26:14.266,433.866,0,-2,15,0,0,0,0,0,0,0,0,0
2026-03-27 22:26:14.330,433.930,0,-2,14,0,0,0,0,0,0,0,0,0
2026-03-27 22:26:14.410,434.010,0,-2,14,0,0,0,0,0,0,0,0,0
2026-03-27 22:26:14.473,434.073,0,-2,15,0,0,0,0,0,0,0,0,0
2026-03-27 22:26:14.489,434.089,0,-2,15,0,0,0,0,0,0,0,0,0
2026-03-27 22:26:14.633,434.233,0,-1,15,0,0,0,0,0,0,0,0,0
2026-03-27 22:26:14.698,434.298,0,-2,14,0,0,0,0,0,0,0,0,0
2026-03-27 22:26:14.762,434.362,0,-2,14,0,0,0,0,0,0,0,0,0
2026-03-27 22:26:14.858,434.457,0,-2,15,0,0,0,0,0,0,0,0,0
2026-03-27 22:26:14.874,434.474,0,-2,14,0,0,0,0,0,0,0,0,0
2026-03-27 22:26:14.876,434.476,0,-2,15,0,0,0,0,0,0,0,0,0
2026-03-27 22:26:15.018,434.618,0,-2,15,0,0,0,0,0,0,0,0,0
2026-03-27 22:26:15.034,434.634,0,-2,14,0,0,0,0,0,0,0,0,0
2026-03-27 22:26:15.290,434.890,0,-2,14,0,0,0,0,0,0,0,0,0
2026-03-27 22:26:15.450,435.049,0,-2,15,0,0,0,0,0,0,0,0,0
2026-03-27 22:26:15.481,435.081,0,-2,15,0,0,0,0,0,0,0,0,0
2026-03-27 22:26:15.497,435.097,0,-2,14,0,0,0,0,0,0,0,0,0
2026-03-27 22:26:15.499,435.099,0,-2,1,0,0,0,0,0,0,0,0,0
2026-03-27 22:26:15.500,435.100,0,-2,15,0,0,0,0,0,0,0,0,0
2026-03-27 22:26:15.594,435.194,0,-2,15,0,0,0,0,0,0,0,0,0
2026-03-27 22:26:15.597,435.196,0,-4,15,0,0,0,0,0,0,0,0,0
2026-03-27 22:26:15.722,435.322,0,-4,15,0,0,0,0,0,0,0,0,0
2026-03-27 22:26:15.817,435.417,0,-2,15,0,0,0,0,0,0,0,0,0
2026-03-27 22:26:15.818,435.418,0,-2,15,0,0,0,0,0,0,0,0,0
2026-03-27 22:26:15.945,435.545,0,-2,14,0,0,0,0,0,0,0,0,0
2026-03-27 22:26:15.946,435.546,0,-2,14,0,0,0,0,0,0,0,0,0
2026-03-27 22:26:16.025,435.625,0,-2,14,0,0,0,0,0,0,0,0,0
2026-03-27 22:26:16.121,435.721,0,-2,15,0,0,0,0,0,0,0,0,0
2026-03-27 22:26:16.282,435.882,0,-2,14,0,0,0,0,0,0,0,0,0
2026-03-27 22:26:16.283,435.883,0,-2,15,0,0,0,0,0,0,0,0,0
2026-03-27 22:26:16.378,435.978,0,-2,15,0,0,0,0,0,0,0,0,0
2026-03-27 22:26:16.380,435.980,0,-2,14,0,0,0,0,0,0,0,0,0
2026-03-27 22:26:16.506,436.106,0,-2,15,0,0,0,0,0,0,0,0,0
2026-03-27 22:26:16.508,436.108,0,-2,15,0,0,0,0,0,0,0,0,0
2026-03-27 22:26:16.538,436.137,0,-2,14,0,0,0,0,0,0,0,0,0
2026-03-27 22:26:16.553,436.153,0,-2,14,0,0,0,0,0,0,0,0,0
2026-03-27 22:26:16.649,436.249,0,-2,14,0,0,0,0,0,0,0,0,0
2026-03-27 22:26:16.651,436.251,0,-2,15,0,0,0,0,0,0,0,0,0
2026-03-27 22:26:16.713,436.313,0,-2,15,0,0,0,0,0,0,0,0,0
2026-03-27 22:26:16.715,436.315,0,-2,15,0,0,0,0,0,0,0,0,0
2026-03-27 22:26:16.717,436.317,-2,0,14,0,0,0,0,0,0,0,0,0
2026-03-27 22:26:16.826,436.426,0,-2,14,0,0,0,0,0,0,0,0,0
2026-03-27 22:26:16.937,436.537,0,-2,15,0,0,0,0,0,0,0,0,0
2026-03-27 22:26:17.065,436.665,0,-4,15,0,0,0,0,0,0,0,0,0
2026-03-27 22:26:17.068,436.668,0,-2,15,0,0,0,0,0,0,0,0,0
2026-03-27 22:26:17.274,436.873,0,-2,14,0,0,0,0,0,0,0,0,0
2026-03-27 22:26:17.385,436.985,0,-2,15,0,0,0,0,0,0,0,0,0
2026-03-27 22:26:17.481,437.081,0,-2,15,0,0,0,0,0,0,0,0,0
2026-03-27 22:26:17.609,437.209,0,-2,14,0,0,0,0,0,0,0,0,0
2026-03-27 22:26:17.611,437.210,0,-2,15,0,0,0,0,0,0,0,0,0
2026-03-27 22:26:17.612,437.211,0,0,0,0,0,0,0,0,0,0,0,0
2026-03-27 22:26:17.689,437.289,0,-2,14,0,0,0,0,0,0,0,0,0
2026-03-27 22:26:17.707,437.307,0,-2,14,0,0,0,0,0,0,0,0,0
2026-03-27 22:26:17.818,437.418,0,-2,14,0,0,0,0,0,0,0,0,0
2026-03-27 22:26:17.962,437.561,0,-2,15,0,0,0,0,0,0,0,0,0
2026-03-27 22:26:18.026,437.626,0,-2,14,0,0,0,0,0,0,0,0,0
2026-03-27 22:26:18.027,437.627,0,-2,15,0,0,0,0,0,0,0,0,0
2026-03-27 22:26:18.201,437.801,0,-2,14,0,0,0,0,0,0,0,0,0
2026-03-27 22:26:18.297,437.897,0,-2,15,0,0,0,0,0,0,0,0,0
2026-03-27 22:26:18.345,437.945,0,-2,15,0,0,0,0,0,0,0,0,0
2026-03-27 22:26:18.347,437.947,0,-2,15,0,0,0,0,0,0,0,0,0
2026-03-27 22:26:18.474,438.073,0,-2,14,0,0,0,0,0,0,0,0,0
2026-03-27 22:26:18.617,438.217,0,-2,14,0,0,0,0,0,0,0,0,0
2026-03-27 22:26:18.619,438.219,0,-2,14,0,0,0,0,0,0,0,0,0
2026-03-27 22:26:18.698,438.298,0,-2,14,0,0,0,0,0,0,0,0,0
2026-03-27 22:26:18.794,438.393,0,-2,15,0,0,0,0,0,0,0,0,0
2026-03-27 22:26:18.890,438.489,0,-2,14,0,0,0,0,0,0,0,0,0
2026-03-27 22:26:19.065,438.665,0,-2,15,0,0,0,0,0,0,0,0,0
2026-03-27 22:26:19.145,438.745,0,-2,14,0,0,0,0,0,0,0,0,0
2026-03-27 22:26:19.163,438.763,0,-2,14,0,0,0,0,0,0,0,0,0
2026-03-27 22:26:19.178,438.778,0,-2,15,0,0,0,0,0,0,0,0,0
2026-03-27 22:26:19.241,438.841,0,-2,15,0,0,0,0,0,0,0,0,0
2026-03-27 22:26:19.258,438.858,0,-2,15,0,0,0,0,0,0,0,0,0
2026-03-27 22:26:19.354,438.954,0,-2,14,0,0,0,0,0,0,0,0,0
2026-03-27 22:26:19.481,439.081,0,-2,15,0,0,0,0,0,0,0,0,0
2026-03-27 22:26:19.484,439.083,0,-2,15,0,0,0,0,0,0,0,0,0
2026-03-27 22:26:19.626,439.226,0,-2,15,0,0,0,0,0,0,0,0,0
2026-03-27 22:26:19.673,439.273,0,-2,15,0,0,0,0,0,0,0,0,0
2026-03-27 22:26:19.691,439.291,0,-2,14,0,0,0,0,0,0,0,0,0
2026-03-27 22:26:19.802,439.402,0,-2,14,0,0,0,0,0,0,0,0,0
2026-03-27 22:26:19.929,439.529,0,-2,14,0,0,0,0,0,0,0,0,0
2026-03-27 22:26:20.026,439.626,0,-2,14,0,0,0,0,0,0,0,0,0
2026-03-27 22:26:20.122,439.722,0,-2,15,0,0,0,0,0,0,0,0,0
2026-03-27 22:26:20.217,439.817,0,-2,14,0,0,0,0,0,0,0,0,0
2026-03-27 22:26:20.297,439.897,0,-2,14,0,0,0,0,0,0,0,0,0
2026-03-27 22:26:20.490,440.090,0,-2,15,0,0,0,0,0,0,0,0,0
2026-03-27 22:26:20.507,440.107,0,-2,15,0,0,0,0,0,0,0,0,0
2026-03-27 22:26:20.537,440.137,0,-2,14,0,0,0,0,0,0,0,0,0
2026-03-27 22:26:20.539,440.139,0,-2,15,0,0,0,0,0,0,0,0,0
2026-03-27 22:26:20.681,440.281,0,-2,15,0,0,0,0,0,0,0,0,0
2026-03-27 22:26:20.730,440.330,0,-2,14,0,0,0,0,0,0,0,0,0
2026-03-27 22:26:20.809,440.409,0,-1,15,0,0,0,0,0,0,0,0,0
2026-03-27 22:26:20.922,440.521,0,-1,15,0,0,0,0,0,0,0,0,0
2026-03-27 22:26:21.097,440.697,0,-2,15,0,0,0,0,0,0,0,0,0
2026-03-27 22:26:21.129,440.729,0,-2,14,0,0,0,0,0,0,0,0,0
2026-03-27 22:26:21.210,440.810,0,-2,14,0,0,0,0,0,0,0,0,0
2026-03-27 22:26:21.337,440.937,0,-2,14,0,0,0,0,0,0,0,0,0
2026-03-27 22:26:21.465,441.065,0,-2,15,0,0,0,0,0,0,0,0,0
2026-03-27 22:26:21.673,441.273,0,-2,15,0,0,0,0,0,0,0,0,0
2026-03-27 22:26:21.689,441.289,0,-2,14,0,0,0,0,0,0,0,0,0
2026-03-27 22:26:21.754,441.354,0,-2,14,0,0,0,0,0,0,0,0,0
2026-03-27 22:26:21.817,441.416,0,-2,15,0,0,0,0,0,0,0,0,0
2026-03-27 22:26:21.945,441.545,0,-1,15,0,0,0,0,0,0,0,0,0
2026-03-27 22:26:22.025,441.625,0,-2,15,0,0,0,0,0,0,0,0,0
2026-03-27 22:26:22.137,441.737,0,-1,15,0,0,0,0,0,0,0,0,0
2026-03-27 22:26:22.139,441.739,1,-1,15,0,0,0,0,0,0,0,0,0
2026-03-27 22:26:22.249,441.849,0,-2,14,0,0,0,0,0,0,0,0,0
2026-03-27 22:26:22.265,441.865,0,-2,15,0,0,0,0,0,0,0,0,0
2026-03-27 22:26:22.267,441.867,0,-2,14,0,0,0,0,0,0,0,0,0
2026-03-27 22:26:22.378,441.978,0,-2,15,0,0,0,0,0,0,0,0,0
2026-03-27 22:26:22.490,442.090,0,-2,15,0,0,0,0,0,0,0,0,0
2026-03-27 22:26:22.601,442.201,0,-2,14,0,0,0,0,0,0,0,0,0
2026-03-27 22:26:22.617,442.217,0,-2,15,0,0,0,0,0,0,0,0,0
2026-03-27 22:26:22.619,442.218,0,-2,15,0,0,0,0,0,0,0,0,0
2026-03-27 22:26:22.714,442.314,0,-2,15,0,0,0,0,0,0,0,0,0
2026-03-27 22:26:22.794,442.394,0,-2,15,0,0,0,0,0,0,0,0,0
2026-03-27 22:26:22.889,442.489,0,-2,15,0,0,0,0,0,0,0,0,0
2026-03-27 22:26:22.893,442.493,0,-2,15,0,0,0,0,0,0,0,0,0
2026-03-27 22:26:22.970,442.570,0,-2,15,0,0,0,0,0,0,0,0,0
2026-03-27 22:26:23.049,442.648,0,-2,15,0,0,0,0,0,0,0,0,0
2026-03-27 22:26:23.161,442.761,0,-2,15,0,0,0,0,0,0,0,0,0
2026-03-27 22:26:23.162,442.762,0,-1,15,0,0,0,0,0,0,0,0,0
2026-03-27 22:26:23.164,442.764,0,-2,14,0,0,0,0,0,0,0,0,0
2026-03-27 22:26:23.242,442.842,0,-2,15,0,0,0,0,0,0,0,0,0
2026-03-27 22:26:23.384,442.984,0,-2,15,0,0,0,0,0,0,0,0,0
2026-03-27 22:26:23.497,443.097,0,-2,15,0,0,0,0,0,0,0,0,0
2026-03-27 22:26:23.529,443.128,0,-2,15,0,0,0,0,0,0,0,0,0
2026-03-27 22:26:23.530,443.130,0,-2,14,0,0,0,0,0,0,0,0,0
2026-03-27 22:26:23.641,443.241,0,-2,14,0,0,0,0,0,0,0,0,0
2026-03-27 22:26:23.833,443.433,0,-2,14,0,0,0,0,0,0,0,0,0
2026-03-27 22:26:23.865,443.465,0,-2,15,0,0,0,0,0,0,0,0,0
2026-03-27 22:26:23.945,443.545,0,-2,15,0,0,0,0,0,0,0,0,0
2026-03-27 22:26:24.041,443.641,0,-2,15,0,0,0,0,0,0,0,0,0
2026-03-27 22:26:24.249,443.849,0,-2,14,0,0,0,0,0,0,0,0,0
2026-03-27 22:26:24.361,443.961,0,-2,14,0,0,0,0,0,0,0,0,0
2026-03-27 22:26:24.409,444.009,0,-2,15,0,0,0,0,0,0,0,0,0
2026-03-27 22:26:24.410,444.010,0,-1,15,0,0,0,0,0,0,0,0,0
2026-03-27 22:26:24.569,444.169,0,-2,15,0,0,0,0,0,0,0,0,0
2026-03-27 22:26:24.632,444.232,0,-2,15,0,0,0,0,0,0,0,0,0
2026-03-27 22:26:24.713,444.312,0,-2,15,0,0,0,0,0,0,0,0,0
2026-03-27 22:26:24.714,444.314,0,-2,15,0,0,0,0,0,0,0,0,0
2026-03-27 22:26:24.825,444.425,0,-2,15,0,0,0,0,0,0,0,0,0
2026-03-27 22:26:24.936,444.536,0,-2,15,0,0,0,0,0,0,0,0,0
2026-03-27 22:26:24.953,444.553,0,-2,15,0,0,0,0,0,0,0,0,0
2026-03-27 22:26:25.081,444.680,0,-2,14,0,0,0,0,0,0,0,0,0
2026-03-27 22:26:25.145,444.745,0,-2,15,0,0,0,0,0,0,0,0,0
2026-03-27 22:26:25.273,444.873,0,-1,15,0,0,0,0,0,0,0,0,0
2026-03-27 22:26:25.336,444.936,0,-2,15,0,0,0,0,0,0,0,0,0
2026-03-27 22:26:25.338,444.938,0,-2,15,0,0,0,0,0,0,0,0,0
2026-03-27 22:26:25.497,445.097,0,-2,15,0,0,0,0,0,0,0,0,0
2026-03-27 22:26:25.577,445.177,0,-1,15,0,0,0,0,0,0,0,0,0
2026-03-27 22:26:25.657,445.257,0,-2,15,0,0,0,0,0,0,0,0,0
2026-03-27 22:26:25.658,445.258,0,-2,15,0,0,0,0,0,0,0,0,0
2026-03-27 22:26:25.673,445.273,0,0,0,0,0,0,0,0,0,0,0,0
2026-03-27 22:26:25.816,445.416,0,-2,15,0,0,0,0,0,0,0,0,0
2026-03-27 22:26:25.818,445.418,0,-2,16,0,0,0,0,0,0,0,0,0
2026-03-27 22:26:25.912,445.512,0,-2,15,0,0,0,0,0,0,0,0,0
2026-03-27 22:26:25.914,445.514,0,-2,15,0,0,0,0,0,0,0,0,0
2026-03-27 22:26:25.961,445.561,0,-2,15,0,0,0,0,0,0,0,0,0
2026-03-27 22:26:26.089,445.689,0,-2,14,0,0,0,0,0,0,0,0,0
2026-03-27 22:26:26.090,445.690,0,-1,15,0,0,0,0,0,0,0,0,0
2026-03-27 22:26:26.092,445.692,0,-2,14,0,0,0,0,0,0,0,0,0
2026-03-27 22:26:26.201,445.801,0,-2,14,0,0,0,0,0,0,0,0,0
2026-03-27 22:26:26.280,445.880,0,-2,15,0,0,0,0,0,0,0,0,0
2026-03-27 22:26:26.282,445.882,0,-2,15,0,0,0,0,0,0,0,0,0
2026-03-27 22:26:26.377,445.977,0,-2,14,0,0,0,0,0,0,0,0,0
2026-03-27 22:26:26.505,446.105,0,-2,15,0,0,0,0,0,0,0,0,0
2026-03-27 22:26:26.584,446.184,0,-2,15,0,0,0,0,0,0,0,0,0
2026-03-27 22:26:26.586,446.186,0,-2,15,0,0,0,0,0,0,0,0,0
2026-03-27 22:26:26.745,446.345,0,-2,14,0,0,0,0,0,0,0,0,0
2026-03-27 22:26:26.808,446.408,0,-2,15,0,0,0,0,0,0,0,0,0
2026-03-27 22:26:26.810,446.410,0,-2,15,0,0,0,0,0,0,0,0,0
2026-03-27 22:26:26.905,446.505,0,-2,15,0,0,0,0,0,0,0,0,0
2026-03-27 22:26:27.065,446.665,0,-2,15,0,0,0,0,0,0,0,0,0
2026-03-27 22:26:27.067,446.667,0,-2,15,0,0,0,0,0,0,0,0,0
2026-03-27 22:26:27.145,446.745,0,-2,15,0,0,0,0,0,0,0,0,0
2026-03-27 22:26:27.241,446.841,0,-2,14,0,0,0,0,0,0,0,0,0
2026-03-27 22:26:27.353,446.953,0,-2,15,0,0,0,0,0,0,0,0,0
2026-03-27 22:26:27.449,447.049,0,-2,15,0,0,0,0,0,0,0,0,0
2026-03-27 22:26:27.592,447.192,0,-2,15,0,0,0,0,0,0,0,0,0
2026-03-27 22:26:27.704,447.304,0,-2,14,0,0,0,0,0,0,0,0,0
2026-03-27 22:26:27.706,447.305,0,-2,15,0,0,0,0,0,0,0,0,0
2026-03-27 22:26:27.817,447.417,0,-2,15,0,0,0,0,0,0,0,0,0
2026-03-27 22:26:27.945,447.545,0,-2,15,0,0,0,0,0,0,0,0,0
2026-03-27 22:26:28.009,447.609,0,-1,15,0,0,0,0,0,0,0,0,0
2026-03-27 22:26:28.121,447.721,0,-2,15,0,0,0,0,0,0,0,0,0
2026-03-27 22:26:28.281,447.881,0,-2,15,0,0,0,0,0,0,0,0,0
2026-03-27 22:26:28.441,448.041,0,-2,14,0,0,0,0,0,0,0,0,0
2026-03-27 22:26:28.457,448.057,0,-2,15,0,0,0,0,0,0,0,0,0
2026-03-27 22:26:28.585,448.184,0,-2,14,0,0,0,0,0,0,0,0,0
2026-03-27 22:26:28.602,448.202,0,-2,15,0,0,0,0,0,0,0,0,0
2026-03-27 22:26:28.681,448.281,0,-2,15,0,0,0,0,0,0,0,0,0
2026-03-27 22:26:28.776,448.376,0,-2,14,0,0,0,0,0,0,0,0,0
2026-03-27 22:26:28.873,448.473,0,-2,14,0,0,0,0,0,0,0,0,0
2026-03-27 22:26:28.984,448.584,0,-2,14,0,0,0,0,0,0,0,0,0
2026-03-27 22:26:29.080,448.680,0,-2,15,0,0,0,0,0,0,0,0,0
2026-03-27 22:26:29.082,448.682,0,-2,14,0,0,0,0,0,0,0,0,0
2026-03-27 22:26:29.145,448.744,0,-2,14,0,0,0,0,0,0,0,0,0
2026-03-27 22:26:29.160,448.760,0,-2,14,0,0,0,0,0,0,0,0,0
2026-03-27 22:26:29.257,448.857,0,-2,15,0,0,0,0,0,0,0,0,0
2026-03-27 22:26:29.337,448.937,0,-2,15,0,0,0,0,0,0,0,0,0
2026-03-27 22:26:29.497,449.097,0,-2,14,0,0,0,0,0,0,0,0,0
2026-03-27 22:26:29.609,449.208,0,-2,14,0,0,0,0,0,0,0,0,0
2026-03-27 22:26:29.721,449.321,0,-2,14,0,0,0,0,0,0,0,0,0
2026-03-27 22:26:29.784,449.384,0,-2,14,0,0,0,0,0,0,0,0,0
2026-03-27 22:26:29.801,449.401,0,-2,15,0,0,0,0,0,0,0,0,0
2026-03-27 22:26:29.976,449.576,0,-2,14,0,0,0,0,0,0,0,0,0
2026-03-27 22:26:30.041,449.640,0,-2,15,0,0,0,0,0,0,0,0,0
2026-03-27 22:26:30.153,449.753,0,-2,15,0,0,0,0,0,0,0,0,0
2026-03-27 22:26:30.313,449.912,0,-2,14,0,0,0,0,0,0,0,0,0
2026-03-27 22:26:30.377,449.977,0,-2,14,0,0,0,0,0,0,0,0,0
2026-03-27 22:26:30.488,450.088,0,-2,14,0,0,0,0,0,0,0,0,0
2026-03-27 22:26:30.632,450.232,0,-2,15,0,0,0,0,0,0,0,0,0
2026-03-27 22:26:30.634,450.233,0,-2,15,0,0,0,0,0,0,0,0,0
2026-03-27 22:26:30.682,450.282,0,-2,15,0,0,0,0,0,0,0,0,0
2026-03-27 22:26:30.686,450.286,0,-2,14,0,0,0,0,0,0,0,0,0
2026-03-27 22:26:30.777,450.376,0,-2,15,0,0,0,0,0,0,0,0,0
2026-03-27 22:26:30.889,450.489,0,-2,14,0,0,0,0,0,0,0,0,0
2026-03-27 22:26:31.001,450.600,0,-2,15,0,0,0,0,0,0,0,0,0
2026-03-27 22:26:31.128,450.728,0,-2,15,0,0,0,0,0,0,0,0,0
2026-03-27 22:26:31.176,450.776,0,-2,14,0,0,0,0,0,0,0,0,0
2026-03-27 22:26:31.192,450.792,0,-2,14,0,0,0,0,0,0,0,0,0
2026-03-27 22:26:31.194,450.794,0,-2,15,0,0,0,0,0,0,0,0,0
2026-03-27 22:26:31.337,450.937,0,-2,15,0,0,0,0,0,0,0,0,0
2026-03-27 22:26:31.448,451.048,0,-2,15,0,0,0,0,0,0,0,0,0
2026-03-27 22:26:31.512,451.112,0,-2,14,0,0,0,0,0,0,0,0,0
2026-03-27 22:26:31.657,451.257,0,-2,14,0,0,0,0,0,0,0,0,0
2026-03-27 22:26:31.688,451.288,0,-2,15,0,0,0,0,0,0,0,0,0
2026-03-27 22:26:31.833,451.433,0,-2,15,0,0,0,0,0,0,0,0,0
2026-03-27 22:26:31.993,451.592,0,-2,12,0,0,0,0,0,0,0,0,0
2026-03-27 22:26:32.120,451.720,0,-2,15,0,0,0,0,0,0,0,0,0
2026-03-27 22:26:32.136,451.736,0,-2,15,0,0,0,0,0,0,0,0,0
2026-03-27 22:26:32.232,451.832,0,-2,15,0,0,0,0,0,0,0,0,0
2026-03-27 22:26:32.234,451.834,0,-2,15,0,0,0,0,0,0,0,0,0
2026-03-27 22:26:32.248,451.848,0,0,0,0,0,0,0,0,0,0,0,0
2026-03-27 22:26:32.296,451.896,0,-2,14,0,0,0,0,0,0,0,0,0
2026-03-27 22:26:32.312,451.912,0,-2,14,0,0,0,0,0,0,0,0,0
2026-03-27 22:26:32.440,452.040,0,-1,15,0,0,0,0,0,0,0,0,0
2026-03-27 22:26:32.520,452.120,0,-2,15,0,0,0,0,0,0,0,0,0
2026-03-27 22:26:32.600,452.200,0,-2,15,0,0,0,0,0,0,0,0,0
2026-03-27 22:26:32.745,452.344,0,-2,15,0,0,0,0,0,0,0,0,0
2026-03-27 22:26:32.792,452.392,0,-2,14,0,0,0,0,0,0,0,0,0
2026-03-27 22:26:32.968,452.568,0,-2,15,0,0,0,0,0,0,0,0,0
2026-03-27 22:26:33.016,452.616,0,-2,14,0,0,0,0,0,0,0,0,0
2026-03-27 22:26:33.144,452.744,0,-2,14,0,0,0,0,0,0,0,0,0
2026-03-27 22:26:33.146,452.746,0,-2,14,0,0,0,0,0,0,0,0,0
2026-03-27 22:26:33.240,452.840,0,-2,14,0,0,0,0,0,0,0,0,0
2026-03-27 22:26:33.369,452.969,0,-2,14,0,0,0,0,0,0,0,0,0
2026-03-27 22:26:33.496,453.096,0,-2,14,0,0,0,0,0,0,0,0,0
2026-03-27 22:26:33.514,453.114,0,-2,14,0,0,0,0,0,0,0,0,0
2026-03-27 22:26:33.593,453.192,0,-2,15,0,0,0,0,0,0,0,0,0
2026-03-27 22:26:33.784,453.384,0,-2,15,0,0,0,0,0,0,0,0,0
2026-03-27 22:26:33.800,453.400,0,-1,16,0,0,0,0,0,0,0,0,0
2026-03-27 22:26:33.880,453.480,0,-2,15,0,0,0,0,0,0,0,0,0
2026-03-27 22:26:33.928,453.528,0,-2,14,0,0,0,0,0,0,0,0,0
2026-03-27 22:26:34.040,453.640,0,-2,15,0,0,0,0,0,0,0,0,0
2026-03-27 22:26:34.185,453.784,0,-2,15,0,0,0,0,0,0,0,0,0
2026-03-27 22:26:34.296,453.896,0,-2,14,0,0,0,0,0,0,0,0,0
2026-03-27 22:26:34.376,453.976,0,-2,14,0,0,0,0,0,0,0,0,0
2026-03-27 22:26:34.489,454.089,0,-2,15,0,0,0,0,0,0,0,0,0
2026-03-27 22:26:34.632,454.232,0,-2,15,0,0,0,0,0,0,0,0,0
2026-03-27 22:26:34.633,454.233,0,-2,14,0,0,0,0,0,0,0,0,0
2026-03-27 22:26:34.681,454.280,0,-2,15,0,0,0,0,0,0,0,0,0
2026-03-27 22:26:34.888,454.488,0,-2,15,0,0,0,0,0,0,0,0,0
2026-03-27 22:26:34.920,454.520,0,-2,15,0,0,0,0,0,0,0,0,0
2026-03-27 22:26:35.065,454.665,0,-2,15,0,0,0,0,0,0,0,0,0
2026-03-27 22:26:35.160,454.760,0,-2,14,0,0,0,0,0,0,0,0,0
2026-03-27 22:26:35.272,454.872,0,-2,15,0,0,0,0,0,0,0,0,0
2026-03-27 22:26:35.288,454.888,0,-2,15,0,0,0,0,0,0,0,0,0
2026-03-27 22:26:35.291,454.890,0,-2,14,0,0,0,0,0,0,0,0,0
2026-03-27 22:26:35.304,454.904,0,-2,13,0,0,0,0,0,0,0,0,0
2026-03-27 22:26:35.480,455.080,0,-1,15,0,0,0,0,0,0,0,0,0
2026-03-27 22:26:35.528,455.128,0,-2,15,0,0,0,0,0,0,0,0,0
2026-03-27 22:26:35.624,455.224,0,-2,14,0,0,0,0,0,0,0,0,0
2026-03-27 22:26:35.752,455.352,0,-2,14,0,0,0,0,0,0,0,0,0
2026-03-27 22:26:35.755,455.354,0,-2,15,0,0,0,0,0,0,0,0,0
2026-03-27 22:26:35.801,455.401,0,-2,15,0,0,0,0,0,0,0,0,0
2026-03-27 22:26:35.896,455.496,0,-2,12,0,0,0,0,0,0,0,0,0
2026-03-27 22:26:36.041,455.641,0,-2,14,0,0,0,0,0,0,0,0,0
2026-03-27 22:26:36.152,455.752,0,-2,15,0,0,0,0,0,0,0,0,0
2026-03-27 22:26:36.281,455.881,0,-2,15,0,0,0,0,0,0,0,0,0
2026-03-27 22:26:36.297,455.897,0,-2,15,0,0,0,0,0,0,0,0,0
2026-03-27 22:26:36.376,455.976,0,-2,15,0,0,0,0,0,0,0,0,0
2026-03-27 22:26:36.378,455.978,2,-2,15,0,0,0,0,0,0,0,0,0
2026-03-27 22:26:36.441,456.041,2,-2,14,0,0,0,0,0,0,0,0,0
2026-03-27 22:26:36.443,456.043,0,-2,15,0,0,0,0,0,0,0,0,0
2026-03-27 22:26:36.585,456.185,0,-2,15,0,0,0,0,0,0,0,0,0
2026-03-27 22:26:36.665,456.264,0,-2,15,0,0,0,0,0,0,0,0,0
2026-03-27 22:26:36.712,456.312,0,-2,15,0,0,0,0,0,0,0,0,0
2026-03-27 22:26:36.808,456.408,0,-2,15,0,0,0,0,0,0,0,0,0
2026-03-27 22:26:36.824,456.424,0,-2,14,0,0,0,0,0,0,0,0,0
2026-03-27 22:26:36.904,456.504,0,-2,14,0,0,0,0,0,0,0,0,0
2026-03-27 22:26:36.984,456.584,0,-2,14,0,0,0,0,0,0,0,0,0
2026-03-27 22:26:36.987,456.587,0,-2,15,0,0,0,0,0,0,0,0,0
2026-03-27 22:26:37.193,456.793,0,-2,14,0,0,0,0,0,0,0,0,0
2026-03-27 22:26:37.240,456.840,0,-2,14,0,0,0,0,0,0,0,0,0
2026-03-27 22:26:37.242,456.842,0,-2,15,0,0,0,0,0,0,0,0,0
2026-03-27 22:26:37.320,456.920,0,-2,14,0,0,0,0,0,0,0,0,0
2026-03-27 22:26:37.432,457.032,0,-2,15,0,0,0,0,0,0,0,0,0
2026-03-27 22:26:37.560,457.160,0,-2,15,0,0,0,0,0,0,0,0,0
2026-03-27 22:26:37.656,457.256,0,-2,14,0,0,0,0,0,0,0,0,0
2026-03-27 22:26:37.768,457.368,0,-2,15,0,0,0,0,0,0,0,0,0
2026-03-27 22:26:37.769,457.369,0,-2,15,0,0,0,0,0,0,0,0,0
2026-03-27 22:26:37.770,457.370,0,-2,14,0,0,0,0,0,0,0,0,0
2026-03-27 22:26:37.848,457.448,0,-2,14,0,0,0,0,0,0,0,0,0
2026-03-27 22:26:37.992,457.592,0,-2,15,0,0,0,0,0,0,0,0,0
2026-03-27 22:26:37.994,457.594,0,-2,15,0,0,0,0,0,0,0,0,0
2026-03-27 22:26:38.168,457.768,0,-2,14,0,0,0,0,0,0,0,0,0
2026-03-27 22:26:38.248,457.848,0,-2,15,0,0,0,0,0,0,0,0,0
2026-03-27 22:26:38.280,457.880,0,-2,14,0,0,0,0,0,0,0,0,0
2026-03-27 22:26:38.283,457.883,0,-2,14,0,0,0,0,0,0,0,0,0
2026-03-27 22:26:38.376,457.976,0,-2,14,0,0,0,0,0,0,0,0,0
2026-03-27 22:26:38.488,458.088,0,-2,14,0,0,0,0,0,0,0,0,0
2026-03-27 22:26:38.568,458.168,0,-2,15,0,0,0,0,0,0,0,0,0
2026-03-27 22:26:38.728,458.328,0,-2,14,0,0,0,0,0,0,0,0,0
2026-03-27 22:26:40.094,459.694,0,-2,12,0,0,0,0,0,0,0,0,0
2026-03-27 22:26:40.190,459.790,0,-2,14,0,0,0,0,0,0,0,0,0
2026-03-27 22:26:40.270,459.870,0,-2,15,0,0,0,0,0,0,0,0,0
2026-03-27 22:26:40.272,459.871,0,-2,14,0,0,0,0,0,0,0,0,0
2026-03-27 22:26:40.414,460.014,0,-2,14,0,0,0,0,0,0,0,0,0
2026-03-27 22:26:40.417,460.017,0,-2,15,0,0,0,0,0,0,0,0,0
2026-03-27 22:26:40.478,460.078,0,-2,15,0,0,0,0,0,0,0,0,0
2026-03-27 22:26:40.542,460.142,0,-2,15,0,0,0,0,0,0,0,0,0
2026-03-27 22:26:40.638,460.238,0,-2,14,0,0,0,0,0,0,0,0,0
2026-03-27 22:26:40.750,460.350,0,-2,14,0,0,0,0,0,0,0,0,0
2026-03-27 22:26:40.830,460.430,0,-2,14,0,0,0,0,0,0,0,0,0
2026-03-27 22:26:40.942,460.542,0,-2,14,0,0,0,0,0,0,0,0,0
2026-03-27 22:26:41.006,460.606,0,-2,14,0,0,0,0,0,0,0,0,0
2026-03-27 22:26:41.166,460.766,0,-2,14,0,0,0,0,0,0,0,0,0
2026-03-27 22:26:41.326,460.926,0,-2,15,0,0,0,0,0,0,0,0,0
2026-03-27 22:26:41.342,460.942,0,-2,14,0,0,0,0,0,0,0,0,0
2026-03-27 22:26:41.390,460.990,0,-2,14,0,0,0,0,0,0,0,0,0
2026-03-27 22:26:41.502,461.102,0,-2,14,0,0,0,0,0,0,0,0,0
2026-03-27 22:26:41.630,461.230,0,-2,12,0,0,0,0,0,0,0,0,0
2026-03-27 22:26:41.634,461.234,0,-2,15,0,0,0,0,0,0,0,0,0
2026-03-27 22:26:41.774,461.374,0,-2,15,0,0,0,0,0,0,0,0,0
2026-03-27 22:26:41.806,461.406,0,-2,15,0,0,0,0,0,0,0,0,0
2026-03-27 22:26:41.982,461.582,0,-2,14,0,0,0,0,0,0,0,0,0
2026-03-27 22:26:41.983,461.583,0,-2,14,0,0,0,0,0,0,0,0,0
2026-03-27 22:26:42.015,461.614,0,-2,14,0,0,0,0,0,0,0,0,0
2026-03-27 22:26:42.174,461.774,0,-2,14,0,0,0,0,0,0,0,0,0
2026-03-27 22:26:42.318,461.918,0,-2,15,0,0,0,0,0,0,0,0,0
2026-03-27 22:26:42.382,461.982,0,-2,15,0,0,0,0,0,0,0,0,0
2026-03-27 22:26:42.510,462.110,0,-2,15,0,0,0,0,0,0,0,0,0
2026-03-27 22:26:42.606,462.206,0,-2,14,0,0,0,0,0,0,0,0,0
2026-03-27 22:26:42.750,462.350,0,-2,15,0,0,0,0,0,0,0,0,0
2026-03-27 22:26:42.751,462.351,0,-2,15,0,0,0,0,0,0,0,0,0
2026-03-27 22:26:42.910,462.510,0,-2,14,0,0,0,0,0,0,0,0,0
2026-03-27 22:26:42.958,462.558,0,-1,14,0,0,0,0,0,0,0,0,0
2026-03-27 22:26:42.959,462.559,0,-2,15,0,0,0,0,0,0,0,0,0
2026-03-27 22:26:43.054,462.654,0,-2,15,0,0,0,0,0,0,0,0,0
2026-03-27 22:26:43.198,462.798,0,-2,14,0,0,0,0,0,0,0,0,0
2026-03-27 22:26:43.262,462.862,0,-2,14,0,0,0,0,0,0,0,0,0
2026-03-27 22:26:43.342,462.942,0,-2,14,0,0,0,0,0,0,0,0,0
2026-03-27 22:26:43.358,462.958,0,-2,14,0,0,0,0,0,0,0,0,0
2026-03-27 22:26:43.517,463.117,0,-2,14,0,0,0,0,0,0,0,0,0
2026-03-27 22:26:43.534,463.134,0,-2,14,0,0,0,0,0,0,0,0,0
2026-03-27 22:26:43.598,463.198,0,-2,14,0,0,0,0,0,0,0,0,0
2026-03-27 22:26:43.742,463.342,0,-2,14,0,0,0,0,0,0,0,0,0
2026-03-27 22:26:43.759,463.359,0,-2,15,0,0,0,0,0,0,0,0,0
2026-03-27 22:26:43.774,463.374,0,-2,14,0,0,0,0,0,0,0,0,0
2026-03-27 22:26:43.790,463.390,0,-2,15,0,0,0,0,0,0,0,0,0
2026-03-27 22:26:43.934,463.534,0,-2,14,0,0,0,0,0,0,0,0,0
2026-03-27 22:26:43.935,463.535,0,-2,15,0,0,0,0,0,0,0,0,0
2026-03-27 22:26:43.938,463.538,0,-2,14,0,0,0,0,0,0,0,0,0
2026-03-27 22:26:43.999,463.599,0,-2,14,0,0,0,0,0,0,0,0,0
2026-03-27 22:26:44.001,463.601,0,-2,15,0,0,0,0,0,0,0,0,0
2026-03-27 22:26:44.062,463.662,0,-2,14,0,0,0,0,0,0,0,0,0
2026-03-27 22:26:44.221,463.821,0,-2,14,0,0,0,0,0,0,0,0,0
2026-03-27 22:26:44.223,463.823,0,-2,14,0,0,0,0,0,0,0,0,0
2026-03-27 22:26:44.286,463.886,0,-2,14,0,0,0,0,0,0,0,0,0
2026-03-27 22:26:44.446,464.046,0,-2,15,0,0,0,0,0,0,0,0,0
2026-03-27 22:26:44.543,464.143,0,-2,14,0,0,0,0,0,0,0,0,0
2026-03-27 22:26:44.558,464.158,0,-2,14,0,0,0,0,0,0,0,0,0
2026-03-27 22:26:44.734,464.334,0,-2,14,0,0,0,0,0,0,0,0,0
2026-03-27 22:26:44.878,464.478,0,-2,14,0,0,0,0,0,0,0,0,0
2026-03-27 22:26:44.910,464.510,0,-2,14,0,0,0,0,0,0,0,0,0
2026-03-27 22:26:45.022,464.622,0,-2,15,0,0,0,0,0,0,0,0,0
2026-03-27 22:26:45.150,464.750,0,-2,14,0,0,0,0,0,0,0,0,0
2026-03-27 22:26:45.152,464.752,0,-2,14,0,0,0,0,0,0,0,0,0
2026-03-27 22:26:45.214,464.814,0,-2,14,0,0,0,0,0,0,0,0,0
2026-03-27 22:26:45.406,465.006,0,-2,15,0,0,0,0,0,0,0,0,0
2026-03-27 22:26:45.502,465.102,0,-2,14,0,0,0,0,0,0,0,0,0
2026-03-27 22:26:45.505,465.105,0,-2,14,0,0,0,0,0,0,0,0,0
2026-03-27 22:26:45.630,465.230,0,-2,14,0,0,0,0,0,0,0,0,0
2026-03-27 22:26:45.710,465.310,0,-2,15,0,0,0,0,0,0,0,0,0
2026-03-27 22:26:45.821,465.421,0,-2,15,0,0,0,0,0,0,0,0,0
2026-03-27 22:26:45.966,465.566,0,-2,11,0,0,0,0,0,0,0,0,0
2026-03-27 22:26:46.030,465.630,0,-2,14,0,0,0,0,0,0,0,0,0
2026-03-27 22:26:46.189,465.789,0,-2,15,0,0,0,0,0,0,0,0,0
2026-03-27 22:26:46.191,465.791,0,-2,14,0,0,0,0,0,0,0,0,0
2026-03-27 22:26:46.301,465.901,0,-2,14,0,0,0,0,0,0,0,0,0
2026-03-27 22:26:46.414,466.014,0,-2,14,0,0,0,0,0,0,0,0,0
2026-03-27 22:26:46.493,466.093,0,-2,14,0,0,0,0,0,0,0,0,0
2026-03-27 22:26:46.590,466.190,0,-2,14,0,0,0,0,0,0,0,0,0
2026-03-27 22:26:46.670,466.270,0,-2,15,0,0,0,0,0,0,0,0,0
2026-03-27 22:26:46.798,466.398,0,-2,15,0,0,0,0,0,0,0,0,0
2026-03-27 22:26:46.894,466.494,0,-2,15,0,0,0,0,0,0,0,0,0
2026-03-27 22:26:46.990,466.590,0,-2,14,0,0,0,0,0,0,0,0,0
2026-03-27 22:26:47.134,466.734,0,-2,15,0,0,0,0,0,0,0,0,0
2026-03-27 22:26:47.230,466.829,0,-2,15,0,0,0,0,0,0,0,0,0
2026-03-27 22:26:47.231,466.831,1,-1,15,0,0,0,0,0,0,0,0,0
2026-03-27 22:26:47.373,466.973,0,-2,14,0,0,0,0,0,0,0,0,0
2026-03-27 22:26:47.375,466.975,0,-2,14,0,0,0,0,0,0,0,0,0
2026-03-27 22:26:47.422,467.022,0,-2,14,0,0,0,0,0,0,0,0,0
2026-03-27 22:26:47.533,467.133,0,-2,14,0,0,0,0,0,0,0,0,0
2026-03-27 22:26:47.550,467.150,0,-2,15,0,0,0,0,0,0,0,0,0
2026-03-27 22:26:47.551,467.151,0,-21,15,0,0,0,0,0,0,0,0,0
2026-03-27 22:26:47.678,467.277,0,-2,14,0,0,0,0,0,0,0,0,0
2026-03-27 22:26:47.680,467.280,0,-2,14,0,0,0,0,0,0,0,0,0
2026-03-27 22:26:47.742,467.342,0,-2,14,0,0,0,0,0,0,0,0,0
2026-03-27 22:26:47.821,467.421,0,-2,12,0,0,0,0,0,0,0,0,0
2026-03-27 22:26:47.823,467.423,0,-2,12,0,0,0,0,0,0,0,0,0
2026-03-27 22:26:47.838,467.437,0,-2,15,0,0,0,0,0,0,0,0,0
2026-03-27 22:26:48.030,467.630,0,-2,14,0,0,0,0,0,0,0,0,0
2026-03-27 22:26:48.045,467.645,0,-2,14,0,0,0,0,0,0,0,0,0
2026-03-27 22:26:48.142,467.741,0,-2,15,0,0,0,0,0,0,0,0,0
2026-03-27 22:26:48.206,467.806,0,-2,15,0,0,0,0,0,0,0,0,0
2026-03-27 22:26:48.254,467.854,0,-2,15,0,0,0,0,0,0,0,0,0
2026-03-27 22:26:48.366,467.966,0,-1,15,0,0,0,0,0,0,0,0,0
2026-03-27 22:26:48.370,467.969,0,-2,15,0,0,0,0,0,0,0,0,0
2026-03-27 22:26:48.494,468.094,0,-2,15,0,0,0,0,0,0,0,0,0
2026-03-27 22:26:48.606,468.205,0,-2,15,0,0,0,0,0,0,0,0,0
2026-03-27 22:26:48.608,468.208,0,-2,14,0,0,0,0,0,0,0,0,0
2026-03-27 22:26:48.686,468.286,0,-2,14,0,0,0,0,0,0,0,0,0
2026-03-27 22:26:48.878,468.478,0,-2,15,0,0,0,0,0,0,0,0,0
2026-03-27 22:26:49.006,468.606,0,-2,14,0,0,0,0,0,0,0,0,0
2026-03-27 22:26:49.054,468.654,0,-2,14,0,0,0,0,0,0,0,0,0
2026-03-27 22:26:49.102,468.702,0,-2,14,0,0,0,0,0,0,0,0,0
2026-03-27 22:26:49.278,468.878,0,-2,15,0,0,0,0,0,0,0,0,0
2026-03-27 22:26:49.390,468.989,0,-2,14,0,0,0,0,0,0,0,0,0
2026-03-27 22:26:49.454,469.054,0,-2,15,0,0,0,0,0,0,0,0,0
2026-03-27 22:26:49.566,469.166,0,-2,14,0,0,0,0,0,0,0,0,0
2026-03-27 22:26:49.646,469.245,0,-1,14,0,0,0,0,0,0,0,0,0
2026-03-27 22:26:49.774,469.374,0,-2,15,0,0,0,0,0,0,0,0,0
2026-03-27 22:26:49.917,469.517,0,-2,14,0,0,0,0,0,0,0,0,0
2026-03-27 22:26:49.919,469.518,0,-2,15,0,0,0,0,0,0,0,0,0
2026-03-27 22:26:49.998,469.598,0,-2,14,0,0,0,0,0,0,0,0,0
2026-03-27 22:26:50.030,469.630,0,-2,14,0,0,0,0,0,0,0,0,0
2026-03-27 22:26:50.126,469.725,0,-2,14,0,0,0,0,0,0,0,0,0
2026-03-27 22:26:50.142,469.742,0,-2,15,0,0,0,0,0,0,0,0,0
2026-03-27 22:26:50.285,469.885,0,-2,14,0,0,0,0,0,0,0,0,0
2026-03-27 22:26:50.334,469.934,0,-2,15,0,0,0,0,0,0,0,0,0
2026-03-27 22:26:50.446,470.046,0,-2,15,0,0,0,0,0,0,0,0,0
2026-03-27 22:26:50.447,470.047,0,-2,15,0,0,0,0,0,0,0,0,0
2026-03-27 22:26:50.509,470.109,0,-2,15,0,0,0,0,0,0,0,0,0
2026-03-27 22:26:50.511,470.110,0,-2,15,0,0,0,0,0,0,0,0,0
2026-03-27 22:26:50.638,470.237,0,-2,15,0,0,0,0,0,0,0,0,0
2026-03-27 22:26:50.782,470.382,0,-2,15,0,0,0,0,0,0,0,0,0
2026-03-27 22:26:50.830,470.429,0,-2,15,0,0,0,0,0,0,0,0,0
2026-03-27 22:26:50.877,470.477,0,-1,15,0,0,0,0,0,0,0,0,0
2026-03-27 22:26:50.894,470.494,0,-1,15,0,0,0,0,0,0,0,0,0
2026-03-27 22:26:50.974,470.574,0,-2,14,0,0,0,0,0,0,0,0,0
2026-03-27 22:26:51.134,470.733,0,-2,14,0,0,0,0,0,0,0,0,0
2026-03-27 22:26:51.246,470.846,0,-2,14,0,0,0,0,0,0,0,0,0
2026-03-27 22:26:51.310,470.909,0,-2,15,0,0,0,0,0,0,0,0,0
2026-03-27 22:26:51.438,471.038,0,-2,14,0,0,0,0,0,0,0,0,0
2026-03-27 22:26:51.502,471.101,0,-2,14,0,0,0,0,0,0,0,0,0
2026-03-27 22:26:51.630,471.229,0,-2,14,0,0,0,0,0,0,0,0,0
2026-03-27 22:26:52.077,471.677,0,-2,14,0,0,0,0,0,0,0,0,0
2026-03-27 22:26:52.093,471.693,0,-2,14,0,0,0,0,0,0,0,0,0
2026-03-27 22:26:52.174,471.774,0,-2,15,0,0,0,0,0,0,0,0,0
2026-03-27 22:26:52.177,471.777,0,-2,15,0,0,0,0,0,0,0,0,0
2026-03-27 22:26:52.318,471.918,0,-2,15,0,0,0,0,0,0,0,0,0
2026-03-27 22:26:52.446,472.046,0,-2,15,0,0,0,0,0,0,0,0,0
2026-03-27 22:26:52.542,472.142,0,-2,14,0,0,0,0,0,0,0,0,0
2026-03-27 22:26:52.606,472.206,0,-2,14,0,0,0,0,0,0,0,0,0
2026-03-27 22:26:52.685,472.285,0,-2,14,0,0,0,0,0,0,0,0,0
2026-03-27 22:26:52.829,472.429,0,-2,14,0,0,0,0,0,0,0,0,0
2026-03-27 22:26:52.831,472.430,0,-2,14,0,0,0,0,0,0,0,0,0
2026-03-27 22:26:52.941,472.541,0,-2,14,0,0,0,0,0,0,0,0,0
2026-03-27 22:26:53.085,472.685,0,-2,15,0,0,0,0,0,0,0,0,0
2026-03-27 22:26:53.309,472.909,0,-2,14,0,0,0,0,0,0,0,0,0
2026-03-27 22:26:53.312,472.912,0,-2,15,0,0,0,0,0,0,0,0,0
2026-03-27 22:26:53.421,473.021,0,-2,15,0,0,0,0,0,0,0,0,0
2026-03-27 22:26:53.533,473.133,0,-2,15,0,0,0,0,0,0,0,0,0
2026-03-27 22:26:53.536,473.136,0,-2,14,0,0,0,0,0,0,0,0,0
2026-03-27 22:26:53.614,473.214,0,-2,14,0,0,0,0,0,0,0,0,0
2026-03-27 22:26:53.757,473.357,0,-2,14,0,0,0,0,0,0,0,0,0
2026-03-27 22:26:53.885,473.485,0,-2,14,0,0,0,0,0,0,0,0,0
2026-03-27 22:26:53.917,473.517,0,-2,14,0,0,0,0,0,0,0,0,0
2026-03-27 22:26:53.933,473.533,0,-2,15,0,0,0,0,0,0,0,0,0
2026-03-27 22:26:53.935,473.535,0,-2,14,0,0,0,0,0,0,0,0,0
2026-03-27 22:26:54.029,473.629,0,-2,14,0,0,0,0,0,0,0,0,0
2026-03-27 22:26:54.032,473.632,0,-2,14,0,0,0,0,0,0,0,0,0
2026-03-27 22:26:54.142,473.742,0,-2,14,0,0,0,0,0,0,0,0,0
2026-03-27 22:26:54.221,473.821,0,-2,14,0,0,0,0,0,0,0,0,0
2026-03-27 22:26:54.301,473.901,0,-2,14,0,0,0,0,0,0,0,0,0
2026-03-27 22:26:54.317,473.917,0,-2,15,0,0,0,0,0,0,0,0,0
2026-03-27 22:26:54.382,473.982,0,-2,14,0,0,0,0,0,0,0,0,0
2026-03-27 22:26:54.493,474.093,0,-2,14,0,0,0,0,0,0,0,0,0
2026-03-27 22:26:54.573,474.173,0,-2,14,0,0,0,0,0,0,0,0,0
2026-03-27 22:26:54.576,474.176,0,-1,14,0,0,0,0,0,0,0,0,0
2026-03-27 22:26:54.686,474.285,0,-2,15,0,0,0,0,0,0,0,0,0
2026-03-27 22:26:54.829,474.429,0,-2,14,0,0,0,0,0,0,0,0,0
2026-03-27 22:26:54.941,474.541,0,-2,15,0,0,0,0,0,0,0,0,0
2026-03-27 22:26:54.944,474.544,0,-2,15,0,0,0,0,0,0,0,0,0
2026-03-27 22:26:55.134,474.734,0,-2,14,0,0,0,0,0,0,0,0,0
2026-03-27 22:26:55.213,474.813,0,-2,14,0,0,0,0,0,0,0,0,0
2026-03-27 22:26:55.215,474.814,1,-2,15,0,0,0,0,0,0,0,0,0
2026-03-27 22:26:55.216,474.816,0,-2,15,0,0,0,0,0,0,0,0,0
2026-03-27 22:26:55.262,474.861,0,-2,14,0,0,0,0,0,0,0,0,0
2026-03-27 22:26:55.373,474.973,0,-2,14,0,0,0,0,0,0,0,0,0
2026-03-27 22:26:55.469,475.069,0,-2,14,0,0,0,0,0,0,0,0,0
2026-03-27 22:26:55.517,475.117,0,-2,15,0,0,0,0,0,0,0,0,0
2026-03-27 22:26:55.630,475.229,0,-2,15,0,0,0,0,0,0,0,0,0
2026-03-27 22:26:55.741,475.341,0,-2,15,0,0,0,0,0,0,0,0,0
2026-03-27 22:26:55.806,475.406,0,-2,14,0,0,0,0,0,0,0,0,0
2026-03-27 22:26:55.821,475.421,0,-1,15,0,0,0,0,0,0,0,0,0
2026-03-27 22:26:55.823,475.423,0,-2,15,0,0,0,0,0,0,0,0,0
2026-03-27 22:26:55.949,475.549,0,-2,15,0,0,0,0,0,0,0,0,0
2026-03-27 22:26:56.046,475.646,0,-2,15,0,0,0,0,0,0,0,0,0
2026-03-27 22:26:56.047,475.647,0,-2,15,0,0,0,0,0,0,0,0,0
2026-03-27 22:26:56.062,475.661,0,-2,14,0,0,0,0,0,0,0,0,0
2026-03-27 22:26:56.110,475.710,0,-2,14,0,0,0,0,0,0,0,0,0
2026-03-27 22:26:56.189,475.789,0,-2,14,0,0,0,0,0,0,0,0,0
2026-03-27 22:26:56.349,475.949,0,-2,15,0,0,0,0,0,0,0,0,0
2026-03-27 22:26:56.350,475.950,0,-2,14,0,0,0,0,0,0,0,0,0
2026-03-27 22:26:56.461,476.061,0,-2,14,0,0,0,0,0,0,0,0,0
2026-03-27 22:26:56.589,476.189,0,-2,14,0,0,0,0,0,0,0,0,0
2026-03-27 22:26:56.637,476.237,0,-2,15,0,0,0,0,0,0,0,0,0
2026-03-27 22:26:56.654,476.253,0,-2,15,0,0,0,0,0,0,0,0,0
2026-03-27 22:26:56.657,476.257,0,-2,15,0,0,0,0,0,0,0,0,0
2026-03-27 22:26:56.718,476.317,0,-2,14,0,0,0,0,0,0,0,0,0
2026-03-27 22:26:56.720,476.320,0,-2,15,0,0,0,0,0,0,0,0,0
2026-03-27 22:26:56.797,476.397,0,-2,14,0,0,0,0,0,0,0,0,0
2026-03-27 22:26:56.799,476.398,0,-2,14,0,0,0,0,0,0,0,0,0
2026-03-27 22:26:56.941,476.541,0,-2,15,0,0,0,0,0,0,0,0,0
2026-03-27 22:26:57.038,476.638,0,-2,14,0,0,0,0,0,0,0,0,0
2026-03-27 22:26:57.117,476.717,0,-2,14,0,0,0,0,0,0,0,0,0
2026-03-27 22:26:57.197,476.797,0,-2,15,0,0,0,0,0,0,0,0,0
2026-03-27 22:26:57.198,476.798,0,-2,15,0,0,0,0,0,0,0,0,0
2026-03-27 22:26:57.341,476.941,0,-2,15,0,0,0,0,0,0,0,0,0
2026-03-27 22:26:57.405,477.005,0,-2,14,0,0,0,0,0,0,0,0,0
2026-03-27 22:26:57.534,477.133,0,-2,15,0,0,0,0,0,0,0,0,0
2026-03-27 22:26:57.536,477.136,0,-2,14,0,0,0,0,0,0,0,0,0
2026-03-27 22:26:57.613,477.213,0,-2,15,0,0,0,0,0,0,0,0,0
2026-03-27 22:26:57.709,477.309,0,-2,15,0,0,0,0,0,0,0,0,0
2026-03-27 22:26:57.711,477.311,0,-2,15,0,0,0,0,0,0,0,0,0
2026-03-27 22:26:57.805,477.405,0,-2,15,0,0,0,0,0,0,0,0,0
2026-03-27 22:26:57.822,477.422,0,-2,15,0,0,0,0,0,0,0,0,0
2026-03-27 22:26:57.997,477.597,0,-2,15,0,0,0,0,0,0,0,0,0
2026-03-27 22:26:57.998,477.598,0,-2,15,0,0,0,0,0,0,0,0,0
2026-03-27 22:26:58.077,477.677,0,-2,14,0,0,0,0,0,0,0,0,0
2026-03-27 22:26:58.125,477.725,0,-2,15,0,0,0,0,0,0,0,0,0
2026-03-27 22:26:58.285,477.885,0,-2,15,0,0,0,0,0,0,0,0,0
2026-03-27 22:26:58.303,477.903,0,-2,15,0,0,0,0,0,0,0,0,0
2026-03-27 22:26:58.349,477.949,0,-2,14,0,0,0,0,0,0,0,0,0
2026-03-27 22:26:58.429,478.029,0,-2,15,0,0,0,0,0,0,0,0,0
2026-03-27 22:26:58.701,478.301,0,-2,15,0,0,0,0,0,0,0,0,0
2026-03-27 22:26:58.797,478.397,0,-2,14,0,0,0,0,0,0,0,0,0
2026-03-27 22:26:58.861,478.461,0,-2,14,0,0,0,0,0,0,0,0,0
2026-03-27 22:26:58.957,478.557,0,-2,15,0,0,0,0,0,0,0,0,0
2026-03-27 22:26:59.197,478.797,0,-2,15,0,0,0,0,0,0,0,0,0
2026-03-27 22:26:59.293,478.893,0,-2,15,0,0,0,0,0,0,0,0,0
2026-03-27 22:26:59.405,479.005,0,-2,14,0,0,0,0,0,0,0,0,0
2026-03-27 22:26:59.485,479.085,0,-3,14,0,0,0,0,0,0,0,0,0
2026-03-27 22:26:59.511,479.111,0,-2,15,0,0,0,0,0,0,0,0,0
2026-03-27 22:26:59.582,479.181,0,-2,15,0,0,0,0,0,0,0,0,0
2026-03-27 22:26:59.629,479.229,0,-2,14,0,0,0,0,0,0,0,0,0
2026-03-27 22:26:59.645,479.245,0,-2,15,0,0,0,0,0,0,0,0,0
2026-03-27 22:26:59.853,479.453,0,-2,15,0,0,0,0,0,0,0,0,0
2026-03-27 22:26:59.854,479.454,0,-2,15,0,0,0,0,0,0,0,0,0
2026-03-27 22:26:59.885,479.485,0,-2,15,0,0,0,0,0,0,0,0,0
2026-03-27 22:26:59.997,479.597,0,-2,14,0,0,0,0,0,0,0,0,0
2026-03-27 22:27:00.125,479.725,0,-2,15,0,0,0,0,0,0,0,0,0
2026-03-27 22:27:00.238,479.837,0,-2,15,0,0,0,0,0,0,0,0,0
2026-03-27 22:27:00.241,479.841,0,-2,15,0,0,0,0,0,0,0,0,0
2026-03-27 22:27:00.350,479.950,0,-2,15,0,0,0,0,0,0,0,0,0
2026-03-27 22:27:00.509,480.109,0,-2,14,0,0,0,0,0,0,0,0,0
2026-03-27 22:27:00.573,480.173,0,-2,14,0,0,0,0,0,0,0,0,0
2026-03-27 22:27:00.669,480.269,0,-2,14,0,0,0,0,0,0,0,0,0
2026-03-27 22:27:00.717,480.317,0,-2,15,0,0,0,0,0,0,0,0,0
2026-03-27 22:27:00.877,480.477,0,-2,15,0,0,0,0,0,0,0,0,0
2026-03-27 22:27:00.941,480.541,0,-2,15,0,0,0,0,0,0,0,0,0
2026-03-27 22:27:01.120,480.720,0,-2,14,0,0,0,0,0,0,0,0,0
2026-03-27 22:27:01.198,480.797,0,-2,15,0,0,0,0,0,0,0,0,0
2026-03-27 22:27:01.341,480.941,0,-2,15,0,0,0,0,0,0,0,0,0
2026-03-27 22:27:01.343,480.943,0,-2,14,0,0,0,0,0,0,0,0,0
2026-03-27 22:27:01.357,480.957,0,-2,14,0,0,0,0,0,0,0,0,0
2026-03-27 22:27:01.421,481.021,0,-2,14,0,0,0,0,0,0,0,0,0
2026-03-27 22:27:01.581,481.181,0,-2,14,0,0,0,0,0,0,0,0,0
2026-03-27 22:27:01.645,481.245,0,-2,14,0,0,0,0,0,0,0,0,0
2026-03-27 22:27:01.789,481.389,0,-2,14,0,0,0,0,0,0,0,0,0
2026-03-27 22:27:01.853,481.453,0,-2,14,0,0,0,0,0,0,0,0,0
2026-03-27 22:27:01.965,481.565,0,-2,14,0,0,0,0,0,0,0,0,0
2026-03-27 22:27:02.109,481.709,0,-5,14,0,0,0,0,0,0,0,0,0
2026-03-27 22:27:02.110,481.710,0,-4,14,0,0,0,0,0,0,0,0,0
2026-03-27 22:27:02.172,481.772,0,-2,14,0,0,0,0,0,0,0,0,0
2026-03-27 22:27:02.174,481.774,0,-2,14,0,0,0,0,0,0,0,0,0
2026-03-27 22:27:02.300,481.900,0,-2,14,0,0,0,0,0,0,0,0,0
2026-03-27 22:27:02.302,481.902,0,-2,15,0,0,0,0,0,0,0,0,0
2026-03-27 22:27:02.317,481.917,0,-2,14,0,0,0,0,0,0,0,0,0
2026-03-27 22:27:02.365,481.965,0,-2,14,0,0,0,0,0,0,0,0,0
2026-03-27 22:27:02.444,482.044,0,-2,14,0,0,0,0,0,0,0,0,0
2026-03-27 22:27:02.460,482.060,0,-2,14,0,0,0,0,0,0,0,0,0
2026-03-27 22:27:02.462,482.062,0,-2,14,0,0,0,0,0,0,0,0,0
2026-03-27 22:27:02.589,482.189,0,-3,14,0,0,0,0,0,0,0,0,0
2026-03-27 22:27:02.653,482.253,0,-2,14,0,0,0,0,0,0,0,0,0
2026-03-27 22:27:02.781,482.381,0,-3,14,0,0,0,0,0,0,0,0,0
2026-03-27 22:27:02.783,482.383,0,-2,15,0,0,0,0,0,0,0,0,0
2026-03-27 22:27:02.941,482.541,0,-2,15,0,0,0,0,0,0,0,0,0
2026-03-27 22:27:02.989,482.589,0,-2,15,0,0,0,0,0,0,0,0,0
2026-03-27 22:27:03.069,482.669,0,-2,14,0,0,0,0,0,0,0,0,0
2026-03-27 22:27:03.165,482.765,0,-3,14,0,0,0,0,0,0,0,0,0
2026-03-27 22:27:03.309,482.909,0,-3,14,0,0,0,0,0,0,0,0,0
2026-03-27 22:27:03.469,483.069,0,-2,14,0,0,0,0,0,0,0,0,0
2026-03-27 22:27:03.677,483.276,0,-2,14,0,0,0,0,0,0,0,0,0
2026-03-27 22:27:03.693,483.293,0,-3,14,0,0,0,0,0,0,0,0,0
2026-03-27 22:27:03.821,483.421,0,-3,14,0,0,0,0,0,0,0,0,0
2026-03-27 22:27:03.917,483.517,0,-2,14,0,0,0,0,0,0,0,0,0
2026-03-27 22:27:04.029,483.628,0,-2,11,0,0,0,0,0,0,0,0,0
2026-03-27 22:27:04.030,483.630,0,-2,11,0,0,0,0,0,0,0,0,0
2026-03-27 22:27:04.093,483.693,0,-3,14,0,0,0,0,0,0,0,0,0
2026-03-27 22:27:04.237,483.837,0,-2,14,0,0,0,0,0,0,0,0,0
2026-03-27 22:27:04.349,483.949,0,-3,14,0,0,0,0,0,0,0,0,0
2026-03-27 22:27:04.413,484.013,0,-2,14,0,0,0,0,0,0,0,0,0
2026-03-27 22:27:04.589,484.189,0,-3,14,0,0,0,0,0,0,0,0,0
2026-03-27 22:27:04.685,484.285,0,-2,14,0,0,0,0,0,0,0,0,0
2026-03-27 22:27:04.781,484.381,0,-2,14,0,0,0,0,0,0,0,0,0
2026-03-27 22:27:04.784,484.383,0,-2,14,0,0,0,0,0,0,0,0,0
2026-03-27 22:27:04.861,484.461,0,-2,15,0,0,0,0,0,0,0,0,0
2026-03-27 22:27:04.973,484.573,0,-2,14,0,0,0,0,0,0,0,0,0
2026-03-27 22:27:05.101,484.701,0,-3,14,0,0,0,0,0,0,0,0,0
2026-03-27 22:27:05.103,484.703,0,-2,14,0,0,0,0,0,0,0,0,0
2026-03-27 22:27:05.133,484.733,0,-2,14,0,0,0,0,0,0,0,0,0
2026-03-27 22:27:05.197,484.797,0,-3,14,0,0,0,0,0,0,0,0,0
2026-03-27 22:27:05.213,484.813,0,-3,14,0,0,0,0,0,0,0,0,0
2026-03-27 22:27:05.437,485.037,0,-2,14,0,0,0,0,0,0,0,0,0
2026-03-27 22:27:05.469,485.069,0,-3,14,0,0,0,0,0,0,0,0,0
2026-03-27 22:27:05.597,485.197,0,-2,14,0,0,0,0,0,0,0,0,0
2026-03-27 22:27:05.612,485.212,0,-2,15,0,0,0,0,0,0,0,0,0
2026-03-27 22:27:05.757,485.357,0,-2,14,0,0,0,0,0,0,0,0,0
2026-03-27 22:27:05.805,485.404,0,-2,14,0,0,0,0,0,0,0,0,0
2026-03-27 22:27:05.806,485.406,0,-3,14,0,0,0,0,0,0,0,0,0
2026-03-27 22:27:05.901,485.501,0,-3,14,0,0,0,0,0,0,0,0,0
2026-03-27 22:27:06.029,485.629,0,-3,14,0,0,0,0,0,0,0,0,0
2026-03-27 22:27:06.141,485.741,0,-3,14,0,0,0,0,0,0,0,0,0
2026-03-27 22:27:06.253,485.853,0,-2,14,0,0,0,0,0,0,0,0,0
2026-03-27 22:27:06.268,485.868,0,-3,14,0,0,0,0,0,0,0,0,0
2026-03-27 22:27:06.317,485.917,0,-2,14,0,0,0,0,0,0,0,0,0
2026-03-27 22:27:06.333,485.933,0,-3,14,0,0,0,0,0,0,0,0,0
2026-03-27 22:27:06.493,486.093,0,-3,14,0,0,0,0,0,0,0,0,0
2026-03-27 22:27:06.508,486.108,0,-2,14,0,0,0,0,0,0,0,0,0
2026-03-27 22:27:06.510,486.110,0,-3,14,0,0,0,0,0,0,0,0,0
2026-03-27 22:27:06.541,486.141,0,-3,14,0,0,0,0,0,0,0,0,0
2026-03-27 22:27:06.668,486.268,0,-2,14,0,0,0,0,0,0,0,0,0
2026-03-27 22:27:06.670,486.270,0,-3,15,0,0,0,0,0,0,0,0,0
2026-03-27 22:27:06.813,486.413,0,-2,14,0,0,0,0,0,0,0,0,0
2026-03-27 22:27:06.815,486.415,0,-2,15,0,0,0,0,0,0,0,0,0
2026-03-27 22:27:06.877,486.476,0,-3,14,0,0,0,0,0,0,0,0,0
2026-03-27 22:27:07.021,486.621,0,-3,14,0,0,0,0,0,0,0,0,0
2026-03-27 22:27:07.116,486.716,0,-2,14,0,0,0,0,0,0,0,0,0
2026-03-27 22:27:07.118,486.718,0,-3,14,0,0,0,0,0,0,0,0,0
2026-03-27 22:27:07.197,486.797,0,-3,14,0,0,0,0,0,0,0,0,0
2026-03-27 22:27:07.325,486.925,0,-3,11,0,0,0,0,0,0,0,0,0
2026-03-27 22:27:07.342,486.942,0,-3,14,0,0,0,0,0,0,0,0,0
2026-03-27 22:27:07.437,487.037,0,-3,14,0,0,0,0,0,0,0,0,0
2026-03-27 22:27:07.533,487.133,0,-2,14,0,0,0,0,0,0,0,0,0
2026-03-27 22:27:07.677,487.277,0,-5,14,0,0,0,0,0,0,0,0,0
2026-03-27 22:27:07.773,487.372,0,-2,14,0,0,0,0,0,0,0,0,0
2026-03-27 22:27:07.901,487.501,0,-2,14,0,0,0,0,0,0,0,0,0
2026-03-27 22:27:07.948,487.548,0,-3,14,0,0,0,0,0,0,0,0,0
2026-03-27 22:27:07.950,487.549,0,-3,14,0,0,0,0,0,0,0,0,0
2026-03-27 22:27:08.077,487.677,0,-3,14,0,0,0,0,0,0,0,0,0
2026-03-27 22:27:08.205,487.805,0,-3,14,0,0,0,0,0,0,0,0,0
2026-03-27 22:27:08.268,487.868,0,-3,14,0,0,0,0,0,0,0,0,0
2026-03-27 22:27:08.413,488.013,0,-2,14,0,0,0,0,0,0,0,0,0
2026-03-27 22:27:08.509,488.108,0,-2,14,0,0,0,0,0,0,0,0,0
2026-03-27 22:27:08.637,488.237,0,-3,14,0,0,0,0,0,0,0,0,0
2026-03-27 22:27:08.733,488.333,0,-3,14,0,0,0,0,0,0,0,0,0
2026-03-27 22:27:08.893,488.493,0,-2,14,0,0,0,0,0,0,0,0,0
2026-03-27 22:27:08.957,488.557,0,-2,14,0,0,0,0,0,0,0,0,0
2026-03-27 22:27:09.069,488.668,0,-3,14,0,0,0,0,0,0,0,0,0
2026-03-27 22:27:09.085,488.684,0,-3,14,0,0,0,0,0,0,0,0,0
2026-03-27 22:27:09.149,488.749,0,-3,14,0,0,0,0,0,0,0,0,0
2026-03-27 22:27:09.261,488.861,0,-2,14,0,0,0,0,0,0,0,0,0
2026-03-27 22:27:09.309,488.909,0,-3,14,0,0,0,0,0,0,0,0,0
2026-03-27 22:27:09.421,489.021,0,-3,14,0,0,0,0,0,0,0,0,0
2026-03-27 22:27:09.533,489.132,0,-2,14,0,0,0,0,0,0,0,0,0
2026-03-27 22:27:09.645,489.245,0,-2,14,0,0,0,0,0,0,0,0,0
2026-03-27 22:27:09.725,489.325,0,-3,13,0,0,0,0,0,0,0,0,0
2026-03-27 22:27:09.901,489.500,0,-2,14,0,0,0,0,0,0,0,0,0
2026-03-27 22:27:10.045,489.645,0,-3,14,0,0,0,0,0,0,0,0,0
2026-03-27 22:27:10.141,489.741,0,-3,13,0,0,0,0,0,0,0,0,0
2026-03-27 22:27:10.220,489.820,0,-3,14,0,0,0,0,0,0,0,0,0
2026-03-27 22:27:10.284,489.884,0,-3,14,0,0,0,0,0,0,0,0,0
2026-03-27 22:27:10.286,489.885,0,-3,14,0,0,0,0,0,0,0,0,0
2026-03-27 22:27:10.476,490.076,0,-3,14,0,0,0,0,0,0,0,0,0
2026-03-27 22:27:10.478,490.078,0,-2,14,0,0,0,0,0,0,0,0,0
2026-03-27 22:27:10.480,490.080,0,-3,14,0,0,0,0,0,0,0,0,0
2026-03-27 22:27:10.589,490.189,0,-2,14,0,0,0,0,0,0,0,0,0
2026-03-27 22:27:10.685,490.284,0,-3,14,0,0,0,0,0,0,0,0,0
2026-03-27 22:27:10.687,490.287,0,-3,14,0,0,0,0,0,0,0,0,0
2026-03-27 22:27:10.797,490.397,0,-3,14,0,0,0,0,0,0,0,0,0
2026-03-27 22:27:10.924,490.524,0,-3,14,0,0,0,0,0,0,0,0,0
2026-03-27 22:27:10.926,490.526,0,-3,14,0,0,0,0,0,0,0,0,0
2026-03-27 22:27:11.004,490.604,0,-2,14,0,0,0,0,0,0,0,0,0
2026-03-27 22:27:11.068,490.668,0,-2,14,0,0,0,0,0,0,0,0,0
2026-03-27 22:27:11.070,490.670,0,-3,14,0,0,0,0,0,0,0,0,0
2026-03-27 22:27:11.228,490.828,0,-3,14,0,0,0,0,0,0,0,0,0
2026-03-27 22:27:11.230,490.829,0,-3,14,0,0,0,0,0,0,0,0,0
2026-03-27 22:27:11.341,490.940,0,-3,14,0,0,0,0,0,0,0,0,0
2026-03-27 22:27:11.421,491.020,0,-2,14,0,0,0,0,0,0,0,0,0
2026-03-27 22:27:11.564,491.164,0,-2,15,0,0,0,0,0,0,0,0,0
2026-03-27 22:27:11.566,491.166,0,-2,15,0,0,0,0,0,0,0,0,0
2026-03-27 22:27:11.628,491.228,0,-2,14,0,0,0,0,0,0,0,0,0
2026-03-27 22:27:11.740,491.340,0,-3,14,0,0,0,0,0,0,0,0,0
2026-03-27 22:27:11.742,491.342,0,-2,14,0,0,0,0,0,0,0,0,0
2026-03-27 22:27:11.804,491.404,0,-2,14,0,0,0,0,0,0,0,0,0
2026-03-27 22:27:11.806,491.405,0,-2,14,0,0,0,0,0,0,0,0,0
2026-03-27 22:27:11.869,491.468,0,-2,14,0,0,0,0,0,0,0,0,0
2026-03-27 22:27:11.886,491.486,0,-2,14,0,0,0,0,0,0,0,0,0
2026-03-27 22:27:12.012,491.612,0,-2,14,0,0,0,0,0,0,0,0,0
2026-03-27 22:27:12.014,491.614,0,-2,14,0,0,0,0,0,0,0,0,0
2026-03-27 22:27:12.109,491.709,0,-2,14,0,0,0,0,0,0,0,0,0
2026-03-27 22:27:12.204,491.804,0,-2,14,0,0,0,0,0,0,0,0,0
2026-03-27 22:27:12.207,491.807,0,-2,14,0,0,0,0,0,0,0,0,0
2026-03-27 22:27:12.285,491.885,0,-5,14,0,0,0,0,0,0,0,0,0
2026-03-27 22:27:12.288,491.888,0,-2,14,0,0,0,0,0,0,0,0,0
2026-03-27 22:27:12.412,492.012,0,0,0,0,0,0,0,0,0,0,0,0
2026-03-27 22:27:12.429,492.029,0,-2,14,0,0,0,0,0,0,0,0,0
2026-03-27 22:27:12.430,492.030,0,-2,14,0,0,0,0,0,0,0,0,0
2026-03-27 22:27:12.541,492.141,0,-2,14,0,0,0,0,0,0,0,0,0
2026-03-27 22:27:12.637,492.236,0,-2,14,0,0,0,0,0,0,0,0,0
2026-03-27 22:27:12.780,492.380,0,-2,14,0,0,0,0,0,0,0,0,0
2026-03-27 22:27:12.813,492.412,0,-2,14,0,0,0,0,0,0,0,0,0
2026-03-27 22:27:12.908,492.508,0,-2,14,0,0,0,0,0,0,0,0,0
2026-03-27 22:27:13.052,492.652,0,-2,14,0,0,0,0,0,0,0,0,0
2026-03-27 22:27:13.133,492.733,0,-2,14,0,0,0,0,0,0,0,0,0
2026-03-27 22:27:13.276,492.876,0,-3,14,0,0,0,0,0,0,0,0,0
2026-03-27 22:27:13.324,492.924,0,-2,14,0,0,0,0,0,0,0,0,0
2026-03-27 22:27:13.404,493.004,0,-2,14,0,0,0,0,0,0,0,0,0
2026-03-27 22:27:13.581,493.180,0,-2,15,0,0,0,0,0,0,0,0,0
2026-03-27 22:27:13.583,493.183,0,-2,14,0,0,0,0,0,0,0,0,0
2026-03-27 22:27:13.613,493.213,0,-2,15,0,0,0,0,0,0,0,0,0
2026-03-27 22:27:13.614,493.214,0,-2,15,0,0,0,0,0,0,0,0,0
2026-03-27 22:27:13.628,493.228,0,-2,14,0,0,0,0,0,0,0,0,0
2026-03-27 22:27:13.740,493.340,0,-2,15,0,0,0,0,0,0,0,0,0
2026-03-27 22:27:13.852,493.452,0,-2,14,0,0,0,0,0,0,0,0,0
2026-03-27 22:27:13.916,493.516,0,-2,15,0,0,0,0,0,0,0,0,0
2026-03-27 22:27:14.076,493.676,0,-2,14,0,0,0,0,0,0,0,0,0
2026-03-27 22:27:14.093,493.693,0,-3,13,0,0,0,0,0,0,0,0,0
2026-03-27 22:27:14.157,493.757,0,-3,14,0,0,0,0,0,0,0,0,0
2026-03-27 22:27:14.172,493.772,0,-3,14,0,0,0,0,0,0,0,0,0
2026-03-27 22:27:14.174,493.774,0,-3,14,0,0,0,0,0,0,0,0,0
2026-03-27 22:27:14.190,493.789,0,-2,14,0,0,0,0,0,0,0,0,0
2026-03-27 22:27:14.333,493.933,0,-2,14,0,0,0,0,0,0,0,0,0
2026-03-27 22:27:14.428,494.028,0,-3,14,0,0,0,0,0,0,0,0,0
2026-03-27 22:27:14.430,494.030,0,-2,14,0,0,0,0,0,0,0,0,0
2026-03-27 22:27:14.477,494.076,0,-3,14,0,0,0,0,0,0,0,0,0
2026-03-27 22:27:14.636,494.236,0,-2,14,0,0,0,0,0,0,0,0,0
2026-03-27 22:27:14.764,494.364,0,-2,14,0,0,0,0,0,0,0,0,0
2026-03-27 22:27:14.812,494.412,0,-2,14,0,0,0,0,0,0,0,0,0
2026-03-27 22:27:14.924,494.524,0,-3,14,0,0,0,0,0,0,0,0,0
2026-03-27 22:27:15.020,494.620,0,-2,14,0,0,0,0,0,0,0,0,0
2026-03-27 22:27:15.021,494.621,0,-2,14,0,0,0,0,0,0,0,0,0
2026-03-27 22:27:15.037,494.637,0,-2,14,0,0,0,0,0,0,0,0,0
2026-03-27 22:27:15.116,494.716,0,-3,14,0,0,0,0,0,0,0,0,0
2026-03-27 22:27:15.276,494.876,0,-2,14,0,0,0,0,0,0,0,0,0
2026-03-27 22:27:15.388,494.988,0,-3,14,0,0,0,0,0,0,0,0,0
2026-03-27 22:27:15.390,494.990,0,-2,14,0,0,0,0,0,0,0,0,0
2026-03-27 22:27:15.436,495.036,0,-3,14,0,0,0,0,0,0,0,0,0
2026-03-27 22:27:15.612,495.212,0,-2,14,0,0,0,0,0,0,0,0,0
2026-03-27 22:27:15.614,495.214,0,-2,14,0,0,0,0,0,0,0,0,0
2026-03-27 22:27:15.756,495.356,0,-2,14,0,0,0,0,0,0,0,0,0
2026-03-27 22:27:15.852,495.452,0,-2,14,0,0,0,0,0,0,0,0,0
2026-03-27 22:27:15.853,495.453,0,-2,14,0,0,0,0,0,0,0,0,0
2026-03-27 22:27:15.948,495.548,0,-2,14,0,0,0,0,0,0,0,0,0
2026-03-27 22:27:16.108,495.708,0,-2,14,0,0,0,0,0,0,0,0,0
2026-03-27 22:27:16.111,495.711,0,-2,14,0,0,0,0,0,0,0,0,0
2026-03-27 22:27:16.189,495.789,0,-2,14,0,0,0,0,0,0,0,0,0
2026-03-27 22:27:16.332,495.932,0,-3,14,0,0,0,0,0,0,0,0,0
2026-03-27 22:27:16.444,496.044,0,-2,14,0,0,0,0,0,0,0,0,0
2026-03-27 22:27:16.572,496.172,0,-2,15,0,0,0,0,0,0,0,0,0
2026-03-27 22:27:16.636,496.236,0,-2,15,0,0,0,0,0,0,0,0,0
2026-03-27 22:27:16.780,496.380,0,-2,14,0,0,0,0,0,0,0,0,0
2026-03-27 22:27:16.876,496.476,0,-2,14,0,0,0,0,0,0,0,0,0
2026-03-27 22:27:16.973,496.573,0,-2,14,0,0,0,0,0,0,0,0,0
2026-03-27 22:27:17.132,496.732,0,-3,14,0,0,0,0,0,0,0,0,0
2026-03-27 22:27:17.148,496.748,0,-3,14,0,0,0,0,0,0,0,0,0
2026-03-27 22:27:17.213,496.812,0,-3,14,0,0,0,0,0,0,0,0,0
2026-03-27 22:27:17.228,496.828,0,-3,14,0,0,0,0,0,0,0,0,0
2026-03-27 22:27:17.340,496.940,0,-3,14,0,0,0,0,0,0,0,0,0
2026-03-27 22:27:17.421,497.020,0,-3,14,0,0,0,0,0,0,0,0,0
2026-03-27 22:27:17.548,497.148,0,-3,14,0,0,0,0,0,0,0,0,0
2026-03-27 22:27:17.676,497.276,0,-2,14,0,0,0,0,0,0,0,0,0
2026-03-27 22:27:17.772,497.372,0,-3,14,0,0,0,0,0,0,0,0,0
2026-03-27 22:27:17.836,497.436,0,-2,14,0,0,0,0,0,0,0,0,0
2026-03-27 22:27:17.916,497.516,0,-2,14,0,0,0,0,0,0,0,0,0
2026-03-27 22:27:18.092,497.692,0,-5,14,0,0,0,0,0,0,0,0,0
2026-03-27 22:27:18.187,497.787,0,-2,14,0,0,0,0,0,0,0,0,0
2026-03-27 22:27:18.189,497.789,0,-3,14,0,0,0,0,0,0,0,0,0
2026-03-27 22:27:18.204,497.803,0,-3,14,0,0,0,0,0,0,0,0,0
2026-03-27 22:27:18.300,497.900,0,-2,14,0,0,0,0,0,0,0,0,0
2026-03-27 22:27:18.303,497.903,0,-2,14,0,0,0,0,0,0,0,0,0
2026-03-27 22:27:18.412,498.012,0,-5,14,0,0,0,0,0,0,0,0,0
2026-03-27 22:27:18.508,498.108,0,-3,14,0,0,0,0,0,0,0,0,0
2026-03-27 22:27:18.588,498.188,0,-2,14,0,0,0,0,0,0,0,0,0
2026-03-27 22:27:18.589,498.189,0,-2,14,0,0,0,0,0,0,0,0,0
2026-03-27 22:27:18.700,498.300,0,-3,14,0,0,0,0,0,0,0,0,0
2026-03-27 22:27:18.796,498.396,0,-2,14,0,0,0,0,0,0,0,0,0
2026-03-27 22:27:19.004,498.604,0,-3,14,0,0,0,0,0,0,0,0,0
2026-03-27 22:27:19.036,498.636,0,-3,14,0,0,0,0,0,0,0,0,0
2026-03-27 22:27:19.164,498.764,0,-3,14,0,0,0,0,0,0,0,0,0
2026-03-27 22:27:19.180,498.779,0,-2,15,0,0,0,0,0,0,0,0,0
2026-03-27 22:27:19.212,498.812,0,-2,14,0,0,0,0,0,0,0,0,0
2026-03-27 22:27:19.372,498.972,0,-3,14,0,0,0,0,0,0,0,0,0
2026-03-27 22:27:19.484,499.084,0,-3,14,0,0,0,0,0,0,0,0,0
2026-03-27 22:27:19.628,499.228,0,-2,14,0,0,0,0,0,0,0,0,0
2026-03-27 22:27:19.693,499.292,0,-3,14,0,0,0,0,0,0,0,0,0
2026-03-27 22:27:19.772,499.372,0,-2,14,0,0,0,0,0,0,0,0,0
2026-03-27 22:27:19.774,499.373,0,-2,14,0,0,0,0,0,0,0,0,0
2026-03-27 22:27:19.788,499.388,0,-3,14,0,0,0,0,0,0,0,0,0
2026-03-27 22:27:19.933,499.533,0,-2,14,0,0,0,0,0,0,0,0,0
2026-03-27 22:27:19.934,499.534,0,-3,14,0,0,0,0,0,0,0,0,0
2026-03-27 22:27:19.935,499.535,0,-2,14,0,0,0,0,0,0,0,0,0
2026-03-27 22:27:20.028,499.628,0,-2,14,0,0,0,0,0,0,0,0,0
2026-03-27 22:27:20.124,499.724,0,-3,14,0,0,0,0,0,0,0,0,0
2026-03-27 22:27:20.204,499.804,0,-3,14,0,0,0,0,0,0,0,0,0
2026-03-27 22:27:20.331,499.931,0,-3,14,0,0,0,0,0,0,0,0,0
2026-03-27 22:27:20.364,499.964,0,-6,14,0,0,0,0,0,0,0,0,0
2026-03-27 22:27:20.365,499.965,0,-3,14,0,0,0,0,0,0,0,0,0
2026-03-27 22:27:20.366,499.966,0,-6,14,0,0,0,0,0,0,0,0,0
2026-03-27 22:27:20.540,500.140,0,-5,14,0,0,0,0,0,0,0,0,0
2026-03-27 22:27:20.844,500.444,0,-3,14,0,0,0,0,0,0,0,0,0
2026-03-27 22:27:20.893,500.492,0,-3,14,0,0,0,0,0,0,0,0,0
2026-03-27 22:27:21.020,500.620,0,-3,14,0,0,0,0,0,0,0,0,0
2026-03-27 22:27:21.131,500.731,0,-5,14,0,0,0,0,0,0,0,0,0
2026-03-27 22:27:21.133,500.733,0,-6,14,0,0,0,0,0,0,0,0,0
2026-03-27 22:27:21.244,500.844,0,-3,14,0,0,0,0,0,0,0,0,0
2026-03-27 22:27:21.308,500.908,0,-2,14,0,0,0,0,0,0,0,0,0
2026-03-27 22:27:21.452,501.052,0,-3,14,0,0,0,0,0,0,0,0,0
2026-03-27 22:27:21.548,501.148,0,-3,14,0,0,0,0,0,0,0,0,0
2026-03-27 22:27:21.644,501.244,0,-3,13,0,0,0,0,0,0,0,0,0
2026-03-27 22:27:21.772,501.372,0,-2,14,0,0,0,0,0,0,0,0,0
2026-03-27 22:27:21.900,501.500,0,-3,14,0,0,0,0,0,0,0,0,0
2026-03-27 22:27:22.043,501.643,0,-3,14,0,0,0,0,0,0,0,0,0
2026-03-27 22:27:22.124,501.724,0,-3,13,0,0,0,0,0,0,0,0,0
2026-03-27 22:27:22.126,501.726,0,-3,14,0,0,0,0,0,0,0,0,0
2026-03-27 22:27:22.268,501.868,0,-3,14,0,0,0,0,0,0,0,0,0
2026-03-27 22:27:22.271,501.871,0,-2,14,0,0,0,0,0,0,0,0,0
2026-03-27 22:27:22.316,501.916,0,-3,14,0,0,0,0,0,0,0,0,0
2026-03-27 22:27:22.427,502.027,0,-3,14,0,0,0,0,0,0,0,0,0
2026-03-27 22:27:22.572,502.172,0,-3,14,0,0,0,0,0,0,0,0,0
2026-03-27 22:27:22.603,502.203,0,-2,14,0,0,0,0,0,0,0,0,0
2026-03-27 22:27:22.620,502.220,0,-2,15,0,0,0,0,0,0,0,0,0
2026-03-27 22:27:22.732,502.332,0,-3,14,0,0,0,0,0,0,0,0,0
2026-03-27 22:27:22.827,502.427,0,-5,14,0,0,0,0,0,0,0,0,0
2026-03-27 22:27:22.844,502.444,0,-6,14,0,0,0,0,0,0,0,0,0
2026-03-27 22:27:22.956,502.556,0,-3,14,0,0,0,0,0,0,0,0,0
2026-03-27 22:27:23.020,502.619,0,-3,14,0,0,0,0,0,0,0,0,0
2026-03-27 22:27:23.021,502.621,0,-3,14,0,0,0,0,0,0,0,0,0
2026-03-27 22:27:23.180,502.780,0,-3,14,0,0,0,0,0,0,0,0,0
2026-03-27 22:27:23.292,502.892,0,-3,14,0,0,0,0,0,0,0,0,0
2026-03-27 22:27:23.420,503.020,0,-3,13,0,0,0,0,0,0,0,0,0
2026-03-27 22:27:23.548,503.148,0,-2,14,0,0,0,0,0,0,0,0,0
2026-03-27 22:27:23.627,503.227,0,-3,14,0,0,0,0,0,0,0,0,0
2026-03-27 22:27:23.740,503.340,0,-3,14,0,0,0,0,0,0,0,0,0
2026-03-27 22:27:23.820,503.420,0,-3,14,0,0,0,0,0,0,0,0,0
2026-03-27 22:27:23.900,503.500,0,-2,14,0,0,0,0,0,0,0,0,0
2026-03-27 22:27:23.916,503.516,0,-3,14,0,0,0,0,0,0,0,0,0
2026-03-27 22:27:24.043,503.643,0,-2,15,0,0,0,0,0,0,0,0,0
2026-03-27 22:27:24.044,503.644,0,-2,14,0,0,0,0,0,0,0,0,0
2026-03-27 22:27:24.139,503.739,0,-2,14,0,0,0,0,0,0,0,0,0
2026-03-27 22:27:24.235,503.835,0,-3,14,0,0,0,0,0,0,0,0,0
2026-03-27 22:27:24.237,503.836,0,-2,14,0,0,0,0,0,0,0,0,0
2026-03-27 22:27:24.315,503.915,0,-2,14,0,0,0,0,0,0,0,0,0
2026-03-27 22:27:24.317,503.917,0,-2,15,0,0,0,0,0,0,0,0,0
2026-03-27 22:27:24.364,503.964,0,-5,14,0,0,0,0,0,0,0,0,0
2026-03-27 22:27:24.492,504.092,0,-2,14,0,0,0,0,0,0,0,0,0
2026-03-27 22:27:24.540,504.140,0,-3,14,0,0,0,0,0,0,0,0,0
2026-03-27 22:27:24.556,504.156,0,-2,14,0,0,0,0,0,0,0,0,0
2026-03-27 22:27:24.669,504.268,0,-2,14,0,0,0,0,0,0,0,0,0
2026-03-27 22:27:24.828,504.428,0,-2,14,0,0,0,0,0,0,0,0,0
2026-03-27 22:27:24.956,504.556,0,-2,14,0,0,0,0,0,0,0,0,0
2026-03-27 22:27:24.973,504.573,0,-3,14,0,0,0,0,0,0,0,0,0
2026-03-27 22:27:25.052,504.652,0,-3,14,0,0,0,0,0,0,0,0,0
2026-03-27 22:27:25.069,504.669,0,-3,14,0,0,0,0,0,0,0,0,0
2026-03-27 22:27:25.132,504.732,0,-3,14,0,0,0,0,0,0,0,0,0
2026-03-27 22:27:25.133,504.733,0,-3,14,0,0,0,0,0,0,0,0,0
2026-03-27 22:27:25.195,504.795,0,-2,14,0,0,0,0,0,0,0,0,0
2026-03-27 22:27:25.196,504.796,0,-3,14,0,0,0,0,0,0,0,0,0
2026-03-27 22:27:25.388,504.988,0,-3,14,0,0,0,0,0,0,0,0,0
2026-03-27 22:27:25.468,505.068,0,-3,14,0,0,0,0,0,0,0,0,0
2026-03-27 22:27:25.484,505.084,0,-3,14,0,0,0,0,0,0,0,0,0
2026-03-27 22:27:25.580,505.180,0,-5,14,0,0,0,0,0,0,0,0,0
2026-03-27 22:27:25.582,505.182,0,-3,14,0,0,0,0,0,0,0,0,0
2026-03-27 22:27:25.708,505.308,0,-3,14,0,0,0,0,0,0,0,0,0
2026-03-27 22:27:25.836,505.436,0,-5,14,0,0,0,0,0,0,0,0,0
2026-03-27 22:27:25.838,505.438,0,-2,14,0,0,0,0,0,0,0,0,0
2026-03-27 22:27:25.900,505.500,0,-3,14,0,0,0,0,0,0,0,0,0
2026-03-27 22:27:25.963,505.563,0,-3,13,0,0,0,0,0,0,0,0,0
2026-03-27 22:27:26.075,505.675,0,-2,14,0,0,0,0,0,0,0,0,0
2026-03-27 22:27:26.077,505.676,0,-2,15,0,0,0,0,0,0,0,0,0
2026-03-27 22:27:26.155,505.755,0,-3,14,0,0,0,0,0,0,0,0,0
2026-03-27 22:27:26.157,505.756,0,-3,13,0,0,0,0,0,0,0,0,0
2026-03-27 22:27:26.159,505.759,0,-3,14,0,0,0,0,0,0,0,0,0
2026-03-27 22:27:26.284,505.884,0,-3,14,0,0,0,0,0,0,0,0,0
2026-03-27 22:27:26.443,506.043,0,-3,14,0,0,0,0,0,0,0,0,0
2026-03-27 22:27:26.445,506.044,0,-3,14,0,0,0,0,0,0,0,0,0
2026-03-27 22:27:26.492,506.092,0,-3,14,0,0,0,0,0,0,0,0,0
2026-03-27 22:27:26.540,506.140,0,-5,14,0,0,0,0,0,0,0,0,0
2026-03-27 22:27:26.700,506.300,0,-3,14,0,0,0,0,0,0,0,0,0
2026-03-27 22:27:26.812,506.412,0,-3,14,0,0,0,0,0,0,0,0,0
2026-03-27 22:27:26.859,506.459,0,-3,13,0,0,0,0,0,0,0,0,0
2026-03-27 22:27:26.987,506.587,0,-2,14,0,0,0,0,0,0,0,0,0
2026-03-27 22:27:27.052,506.652,0,-2,14,0,0,0,0,0,0,0,0,0
2026-03-27 22:27:27.164,506.764,0,-3,14,0,0,0,0,0,0,0,0,0
2026-03-27 22:27:27.244,506.844,0,-3,14,0,0,0,0,0,0,0,0,0
2026-03-27 22:27:27.260,506.859,0,-3,14,0,0,0,0,0,0,0,0,0
2026-03-27 22:27:27.260,506.860,0,0,0,0,0,0,0,0,0,0,0,0
2026-03-27 22:27:27.261,506.861,0,-3,14,0,0,0,0,0,0,0,0,0
2026-03-27 22:27:27.387,506.987,0,-3,14,0,0,0,0,0,0,0,0,0
2026-03-27 22:27:27.436,507.036,0,-3,14,0,0,0,0,0,0,0,0,0
2026-03-27 22:27:27.439,507.038,0,-3,14,0,0,0,0,0,0,0,0,0
2026-03-27 22:27:27.548,507.148,0,-2,14,0,0,0,0,0,0,0,0,0
2026-03-27 22:27:27.692,507.291,0,-3,14,0,0,0,0,0,0,0,0,0
2026-03-27 22:27:27.771,507.371,0,-3,14,0,0,0,0,0,0,0,0,0
2026-03-27 22:27:27.773,507.373,0,-3,14,0,0,0,0,0,0,0,0,0
2026-03-27 22:27:27.900,507.500,0,-3,14,0,0,0,0,0,0,0,0,0
2026-03-27 22:27:28.011,507.611,0,-3,14,0,0,0,0,0,0,0,0,0
2026-03-27 22:27:28.013,507.613,0,-3,13,0,0,0,0,0,0,0,0,0
2026-03-27 22:27:28.044,507.643,0,-6,14,0,0,0,0,0,0,0,0,0
2026-03-27 22:27:28.156,507.756,0,-3,14,0,0,0,0,0,0,0,0,0
2026-03-27 22:27:28.300,507.900,0,-2,14,0,0,0,0,0,0,0,0,0
2026-03-27 22:27:28.301,507.901,0,-2,14,0,0,0,0,0,0,0,0,0
2026-03-27 22:27:28.363,507.963,0,-2,14,0,0,0,0,0,0,0,0,0
2026-03-27 22:27:28.476,508.076,0,-3,14,0,0,0,0,0,0,0,0,0
2026-03-27 22:27:28.491,508.091,0,-2,14,0,0,0,0,0,0,0,0,0
2026-03-27 22:27:28.636,508.235,0,-2,14,0,0,0,0,0,0,0,0,0
2026-03-27 22:27:28.638,508.238,0,-3,14,0,0,0,0,0,0,0,0,0
2026-03-27 22:27:28.716,508.316,0,-3,14,0,0,0,0,0,0,0,0,0
2026-03-27 22:27:28.718,508.318,0,-3,14,0,0,0,0,0,0,0,0,0
2026-03-27 22:27:28.764,508.363,0,-3,14,0,0,0,0,0,0,0,0,0
2026-03-27 22:27:28.859,508.459,0,-3,14,0,0,0,0,0,0,0,0,0
2026-03-27 22:27:28.875,508.475,0,-3,14,0,0,0,0,0,0,0,0,0
2026-03-27 22:27:29.019,508.619,0,-2,14,0,0,0,0,0,0,0,0,0
2026-03-27 22:27:29.021,508.621,0,-2,14,0,0,0,0,0,0,0,0,0
2026-03-27 22:27:29.068,508.668,0,-3,14,0,0,0,0,0,0,0,0,0
2026-03-27 22:27:29.164,508.764,0,-3,14,0,0,0,0,0,0,0,0,0
2026-03-27 22:27:29.165,508.765,0,-2,14,0,0,0,0,0,0,0,0,0
2026-03-27 22:27:29.180,508.780,0,-3,14,0,0,0,0,0,0,0,0,0
2026-03-27 22:27:29.340,508.940,0,-3,14,0,0,0,0,0,0,0,0,0
2026-03-27 22:27:29.452,509.051,0,-3,14,0,0,0,0,0,0,0,0,0
2026-03-27 22:27:29.531,509.131,0,-2,14,0,0,0,0,0,0,0,0,0
2026-03-27 22:27:29.580,509.180,0,-2,14,0,0,0,0,0,0,0,0,0
2026-03-27 22:27:29.676,509.275,0,-3,14,0,0,0,0,0,0,0,0,0
2026-03-27 22:27:29.820,509.419,0,-3,14,0,0,0,0,0,0,0,0,0
2026-03-27 22:27:29.916,509.515,0,-3,14,0,0,0,0,0,0,0,0,0
2026-03-27 22:27:29.980,509.580,0,-3,14,0,0,0,0,0,0,0,0,0
2026-03-27 22:27:29.983,509.583,0,-3,14,0,0,0,0,0,0,0,0,0
2026-03-27 22:27:30.156,509.756,0,-3,14,0,0,0,0,0,0,0,0,0
2026-03-27 22:27:30.204,509.804,0,-2,14,0,0,0,0,0,0,0,0,0
2026-03-27 22:27:30.300,509.900,0,-2,14,0,0,0,0,0,0,0,0,0
2026-03-27 22:27:30.412,510.012,0,-3,14,0,0,0,0,0,0,0,0,0
2026-03-27 22:27:30.572,510.172,0,-3,14,0,0,0,0,0,0,0,0,0
