timestamp,elapsed_s,bottle_psi,tank_psi,chamber_psi,loadcell_lbs,gse_fill,gse_relief,gse_dump,rkt_ox,rkt_fuel,rkt_relief,rkt_dump,rkt_ign
2026-03-27 23:15:46.982,0.085,0,-4,0,-0.14,0,0,0,0,0,0,0,0
2026-03-27 23:15:47.097,0.200,0,-4,0,-0.14,0,0,0,0,0,0,0,0
2026-03-27 23:15:47.142,0.245,0,-4,0,-0.14,0,0,0,0,0,0,0,0
2026-03-27 23:15:47.572,0.675,0,-4,-2,0.45,0,0,0,0,0,0,0,0
2026-03-27 23:15:48.071,1.174,0,-4,0,0.45,0,0,0,0,0,0,0,0
2026-03-27 23:15:48.149,1.252,0,-4,0,0.45,0,0,0,0,0,0,0,0
2026-03-27 23:15:48.215,1.318,0,-4,0,0.45,0,0,0,0,0,0,0,0
2026-03-27 23:15:48.454,1.557,0,-4,0,-1.01,0,0,0,0,0,0,0,0
2026-03-27 23:15:48.900,2.003,0,-4,0,0.52,0,0,0,0,0,0,0,0
2026-03-27 23:15:49.141,2.244,0,-4,0,0.23,0,0,0,0,0,0,0,0
2026-03-27 23:15:49.476,2.579,0,-4,0,0.39,0,0,0,0,0,0,0,0
2026-03-27 23:15:50.036,3.139,0,-4,0,1.18,0,0,0,0,0,0,0,0
2026-03-27 23:15:50.131,3.234,0,-4,0,1.18,0,0,0,0,0,0,0,0
2026-03-27 23:15:50.212,3.315,0,-4,0,1.18,0,0,0,0,0,0,0,0
2026-03-27 23:15:50.356,3.459,0,-4,0,-1.21,0,0,0,0,0,0,0,0
2026-03-27 23:15:50.711,3.814,0,-4,0,-0.94,0,0,0,0,0,0,0,0
2026-03-27 23:15:51.253,4.356,0,-4,0,1.12,0,0,0,0,0,0,0,0
2026-03-27 23:15:51.319,4.422,0,-4,0,1.12,0,0,0,0,0,0,0,0
2026-03-27 23:15:51.411,4.514,0,-4,0,1.12,0,0,0,0,0,0,0,0
2026-03-27 23:15:51.635,4.738,0,-4,0,-1.66,0,0,0,0,0,0,0,0
2026-03-27 23:15:51.715,4.818,0,-4,0,-1.66,0,0,0,0,0,0,0,0
2026-03-27 23:15:51.843,4.945,0,-4,0,-1.66,0,0,0,0,0,0,0,0
2026-03-27 23:15:52.130,5.233,0,-4,0,-0.54,0,0,0,0,0,0,0,0
2026-03-27 23:15:52.786,5.889,0,-4,0,0.63,0,0,0,0,0,0,0,0
2026-03-27 23:15:53.074,6.177,0,-4,0,0.73,0,0,0,0,0,0,0,0
2026-03-27 23:15:53.410,6.513,0,-4,0,0.42,0,0,0,0,0,0,0,0
2026-03-27 23:15:53.858,6.961,0,-4,0,0.5,0,0,0,0,0,0,0,0
2026-03-27 23:15:54.194,7.297,0,-4,0,-0.22,0,0,0,0,0,0,0,0
2026-03-27 23:15:54.291,7.394,0,-4,0,-0.22,0,0,0,0,0,0,0,0
2026-03-27 23:15:54.403,7.506,0,-4,0,-0.22,0,0,0,0,0,0,0,0
2026-03-27 23:15:54.626,7.729,0,-4,0,-0.42,0,0,0,0,0,0,0,0
2026-03-27 23:15:54.722,7.825,0,-4,0,-0.42,0,0,0,0,0,0,0,0
2026-03-27 23:15:54.803,7.906,0,-4,0,-0.42,0,0,0,0,0,0,0,0
2026-03-27 23:15:55.010,8.113,0,-1,0,0.39,0,0,0,0,0,0,0,0
2026-03-27 23:15:55.362,8.465,0,-4,0,0.11,0,0,0,0,0,0,0,0
2026-03-27 23:15:56.018,9.121,0,-4,0,-0.12,0,0,0,0,0,0,0,0
2026-03-27 23:15:56.450,9.553,0,-4,0,2.11,0,0,0,0,0,0,0,0
2026-03-27 23:15:56.690,9.793,0,-1,0,-0.51,0,0,0,0,0,0,0,0
2026-03-27 23:15:57.298,10.401,0,-1,0,-0.02,0,0,0,0,0,0,0,0
2026-03-27 23:15:57.377,10.480,0,-1,0,-0.02,0,0,0,0,0,0,0,0
2026-03-27 23:15:57.474,10.577,0,-1,0,-0.02,0,0,0,0,0,0,0,0
2026-03-27 23:15:57.682,10.785,0,-4,0,-1.33,0,0,0,0,0,0,0,0
2026-03-27 23:15:57.970,11.073,0,-2,0,-0.15,0,0,0,0,0,0,0,0
2026-03-27 23:15:58.066,11.169,0,-1,0,-0.15,0,0,0,0,0,0,0,0
2026-03-27 23:15:58.131,11.234,0,-4,0,-0.15,0,0,0,0,0,0,0,0
2026-03-27 23:15:58.931,12.034,0,-4,0,-0.65,0,0,0,0,0,0,0,0
2026-03-27 23:15:59.378,12.481,0,-4,0,0.4,0,0,0,0,0,0,0,0
2026-03-27 23:15:59.618,12.721,0,-4,0,-0.48,0,0,0,0,0,0,0,0
2026-03-27 23:16:00.050,13.153,0,-4,0,0.49,0,0,0,0,0,0,0,0
2026-03-27 23:16:00.710,13.813,0,-4,0,-1.04,0,0,0,0,0,0,0,0
2026-03-27 23:16:01.058,14.161,0,-4,0,0.39,0,0,0,0,0,0,0,0
2026-03-27 23:16:01.505,14.608,0,-4,0,0.42,0,0,0,0,0,0,0,0
2026-03-27 23:16:02.050,15.153,0,-1,0,1.01,0,0,0,0,0,0,0,0
2026-03-27 23:16:02.289,15.392,-2,-4,0,0.28,0,0,0,0,0,0,0,0
2026-03-27 23:16:02.467,15.570,0,-4,0,0.1,0,0,0,0,0,0,0,0
2026-03-27 23:16:02.547,15.650,0,-4,0,0.1,0,0,0,0,0,0,0,0
2026-03-27 23:16:02.628,15.732,0,-4,0,0.1,0,0,0,0,0,0,0,0
2026-03-27 23:16:03.058,16.161,0,-4,0,0.14,0,0,0,0,0,0,0,0
2026-03-27 23:16:03.603,16.706,0,-4,0,-0.06,0,0,0,0,0,0,0,0
2026-03-27 23:16:03.846,16.949,0,-4,0,-1.13,0,0,0,0,0,0,0,0
2026-03-27 23:16:04.291,17.394,0,-4,0,0.44,0,0,0,0,0,0,0,0
2026-03-27 23:16:04.578,17.681,0,-1,0,0.33,0,0,0,0,0,0,0,0
2026-03-27 23:16:04.707,17.810,0,-1,0,0.33,0,0,0,0,0,0,0,0
2026-03-27 23:16:04.802,17.906,0,-1,0,0.33,0,0,0,0,0,0,0,0
2026-03-27 23:16:05.220,18.323,0,-4,0,-0.02,0,0,0,0,0,0,0,0
2026-03-27 23:16:05.570,18.673,-2,-4,0,-1.06,0,0,0,0,0,0,0,0
2026-03-27 23:16:06.006,19.109,-2,-2,0,-1.08,0,0,0,0,0,0,0,0
2026-03-27 23:16:06.354,19.457,-2,-4,0,0.44,0,0,0,0,0,0,0,0
2026-03-27 23:16:06.690,19.793,-2,-1,0,-0.84,0,0,0,0,0,0,0,0
2026-03-27 23:16:06.866,19.969,-2,-4,0,0.43,0,0,0,0,0,0,0,0
2026-03-27 23:16:06.962,20.065,-2,-4,0,0.43,0,0,0,0,0,0,0,0
2026-03-27 23:16:06.999,20.102,-2,-3,0,0.43,0,0,0,0,0,0,0,0
2026-03-27 23:16:07.570,20.673,-2,-4,0,0.1,0,0,0,0,0,0,0,0
2026-03-27 23:16:07.909,21.012,0,-4,0,0.39,0,0,0,0,0,0,0,0
2026-03-27 23:16:08.147,21.250,-2,-4,0,0.35,0,0,0,0,0,0,0,0
2026-03-27 23:16:08.482,21.585,0,-4,0,-5.45,0,0,0,0,0,0,0,0
2026-03-27 23:16:08.835,21.938,-2,-1,0,0.08,0,0,0,0,0,0,0,0
2026-03-27 23:16:09.124,22.227,-2,-4,0,0.3,0,0,0,0,0,0,0,0
2026-03-27 23:16:09.218,22.321,-2,-4,0,0.3,0,0,0,0,0,0,0,0
2026-03-27 23:16:09.314,22.417,-1,-4,0,0.3,0,0,0,0,0,0,0,0
2026-03-27 23:16:09.666,22.769,-2,-1,0,-0.1,0,0,0,0,0,0,0,0
2026-03-27 23:16:10.002,23.105,-2,-4,0,0.42,0,0,0,0,0,0,0,0
2026-03-27 23:16:10.246,23.349,-2,-1,0,0.13,0,0,0,0,0,0,0,0
2026-03-27 23:16:10.691,23.794,0,-4,0,2.0,0,0,0,0,0,0,0,0
2026-03-27 23:16:10.978,24.081,0,-4,0,0.3,0,0,0,0,0,0,0,0
2026-03-27 23:16:11.059,24.162,-2,-4,0,0.3,0,0,0,0,0,0,0,0
2026-03-27 23:16:11.154,24.257,-2,-4,0,0.3,0,0,0,0,0,0,0,0
2026-03-27 23:16:11.361,24.464,0,-4,0,-0.06,0,0,0,0,0,0,0,0
2026-03-27 23:16:11.650,24.753,-2,-4,0,-0.17,0,0,0,0,0,0,0,0
2026-03-27 23:16:11.749,24.852,-2,-3,0,-0.17,0,0,0,0,0,0,0,0
2026-03-27 23:16:11.810,24.913,-2,-4,0,-0.17,0,0,0,0,0,0,0,0
2026-03-27 23:16:12.082,25.185,-3,-2,0,-0.27,0,0,0,0,0,0,0,0
2026-03-27 23:16:12.193,25.296,-3,-5,0,-0.27,0,0,0,0,0,0,0,0
2026-03-27 23:16:12.257,25.360,-2,-4,0,-0.27,0,0,0,0,0,0,0,0
2026-03-27 23:16:12.689,25.792,-3,-5,-1,-0.11,0,0,0,0,0,0,0,0
2026-03-27 23:16:12.866,25.969,-3,-5,-1,0.97,0,0,0,0,0,0,0,0
2026-03-27 23:16:12.945,26.048,-2,-4,0,0.97,0,0,0,0,0,0,0,0
2026-03-27 23:16:13.009,26.112,-2,-2,0,0.97,0,0,0,0,0,0,0,0
2026-03-27 23:16:13.457,26.560,-3,-5,0,1.01,0,0,0,0,0,0,0,0
2026-03-27 23:16:13.538,26.641,-3,-5,0,1.01,0,0,0,0,0,0,0,0
2026-03-27 23:16:13.633,26.736,-3,-2,0,1.01,0,0,0,0,0,0,0,0
2026-03-27 23:16:13.794,26.897,-3,-5,0,-1.33,0,0,0,0,0,0,0,0
2026-03-27 23:16:14.033,27.136,-3,-4,0,0.25,0,0,0,0,0,0,0,0
2026-03-27 23:16:14.257,27.360,-3,-2,0,0.88,0,0,0,0,0,0,0,0
2026-03-27 23:16:14.322,27.425,-2,-2,0,0.88,0,0,0,0,0,0,0,0
2026-03-27 23:16:14.402,27.505,-3,-4,0,0.88,0,0,0,0,0,0,0,0
2026-03-27 23:16:14.690,27.793,-2,-2,0,0.43,0,0,0,0,0,0,0,0
2026-03-27 23:16:15.090,28.193,-3,-4,0,0.43,0,0,0,0,0,0,0,0
2026-03-27 23:16:15.218,28.321,-2,-2,0,0.76,0,0,0,0,0,0,0,0
2026-03-27 23:16:15.777,28.880,-2,-1,-3,0.61,0,0,0,0,0,0,0,0
2026-03-27 23:16:16.321,29.424,-2,-4,0,0.15,0,0,0,0,0,0,0,0
2026-03-27 23:16:16.562,29.664,-2,-2,0,-0.84,0,0,0,0,0,0,0,0
2026-03-27 23:16:17.105,30.208,0,-4,0,1.97,0,0,0,0,0,0,0,0
2026-03-27 23:16:17.554,30.657,-3,-4,0,-0.09,0,0,0,0,0,0,0,0
2026-03-27 23:16:17.792,30.895,0,-2,0,-0.25,0,0,0,0,0,0,0,0
2026-03-27 23:16:18.130,31.233,-2,-1,0,0.44,0,0,0,0,0,0,0,0
2026-03-27 23:16:18.577,31.680,-2,-4,0,-0.13,0,0,0,0,0,0,0,0
2026-03-27 23:16:18.801,31.904,0,-4,0,0.31,0,0,0,0,0,0,0,0
2026-03-27 23:16:19.250,32.353,-2,-3,0,0.44,0,0,0,0,0,0,0,0
2026-03-27 23:16:19.585,32.688,-2,-4,0,0.41,0,0,0,0,0,0,0,0
2026-03-27 23:16:19.825,32.928,-2,-4,0,-0.37,0,0,0,0,0,0,0,0
2026-03-27 23:16:20.065,33.168,-2,-4,0,0.37,0,0,0,0,0,0,0,0
2026-03-27 23:16:20.162,33.265,-2,-1,0,0.37,0,0,0,0,0,0,0,0
2026-03-27 23:16:20.241,33.344,-2,-1,0,0.37,0,0,0,0,0,0,0,0
2026-03-27 23:16:20.546,33.648,0,-1,0,0.43,0,0,0,0,0,0,0,0
2026-03-27 23:16:20.896,33.999,-2,-4,0,0.42,0,0,0,0,0,0,0,0
2026-03-27 23:16:21.121,34.224,-2,-4,0,1.27,0,0,0,0,0,0,0,0
2026-03-27 23:16:21.201,34.304,0,-4,0,1.27,0,0,0,0,0,0,0,0
2026-03-27 23:16:21.313,34.416,0,-4,0,1.27,0,0,0,0,0,0,0,0
2026-03-27 23:16:21.458,34.561,-2,-4,0,-0.31,0,0,0,0,0,0,0,0
2026-03-27 23:16:21.954,35.057,-2,-4,0,0.47,0,0,0,0,0,0,0,0
2026-03-27 23:16:22.497,35.600,-2,-4,0,0.53,0,0,0,0,0,0,0,0
2026-03-27 23:16:22.737,35.840,-2,-4,0,0.18,0,0,0,0,0,0,0,0
2026-03-27 23:16:22.913,36.016,-2,-4,0,0.13,0,0,0,0,0,0,0,0
2026-03-27 23:16:22.993,36.096,-2,-4,0,0.13,0,0,0,0,0,0,0,0
2026-03-27 23:16:23.058,36.161,-2,-1,0,0.13,0,0,0,0,0,0,0,0
2026-03-27 23:16:23.154,36.257,-3,-4,0,-5.45,0,0,0,0,0,0,0,0
2026-03-27 23:16:23.265,36.368,-4,-4,0,-5.45,0,0,0,0,0,0,0,0
2026-03-27 23:16:23.297,36.400,-2,-4,0,-5.45,0,0,0,0,0,0,0,0
2026-03-27 23:16:23.377,36.480,-2,-4,0,-5.45,0,0,0,0,0,0,0,0
2026-03-27 23:16:23.442,36.545,-2,-4,0,-5.45,0,0,0,0,0,0,0,0
2026-03-27 23:16:23.536,36.639,-2,-1,-1,-5.45,0,0,0,0,0,0,0,0
2026-03-27 23:16:23.633,36.736,-2,-4,0,-5.45,0,0,0,0,0,0,0,0
2026-03-27 23:16:23.649,36.752,-2,-3,0,-5.45,0,0,0,0,0,0,0,0
2026-03-27 23:16:23.745,36.848,-1,-4,0,49.89,0,0,0,0,0,0,0,0
2026-03-27 23:16:23.825,36.928,-2,-3,0,1.48,0,0,0,0,0,0,0,0
2026-03-27 23:16:23.889,36.992,-3,-5,-1,-5.45,0,0,0,0,0,0,0,0
2026-03-27 23:16:24.049,37.152,-3,-5,-1,-5.45,0,0,0,0,0,0,0,0
2026-03-27 23:16:24.098,37.201,-3,-5,-1,-5.45,0,0,0,0,0,0,0,0
2026-03-27 23:16:24.161,37.264,0,-4,0,-4.61,0,0,0,0,0,0,0,0
2026-03-27 23:16:24.256,37.359,0,-2,0,-5.45,0,0,0,0,0,0,0,0
2026-03-27 23:16:24.401,37.504,-3,-2,0,-5.45,0,0,0,0,0,0,0,0
2026-03-27 23:16:24.497,37.600,-4,-6,-1,-5.45,0,0,0,0,0,0,0,0
2026-03-27 23:16:24.593,37.696,-3,-3,-1,-5.45,0,0,0,0,0,0,0,0
2026-03-27 23:16:24.689,37.792,-3,-5,-1,-3.72,0,0,0,0,0,0,0,0
2026-03-27 23:16:24.737,37.840,-1,-3,-1,-5.45,0,0,0,0,0,0,0,0
2026-03-27 23:16:24.897,38.000,-3,-5,-1,-5.45,0,0,0,0,0,0,0,0
2026-03-27 23:16:24.945,38.048,0,-2,-1,-5.44,0,0,0,0,0,0,0,0
2026-03-27 23:16:25.025,38.128,-7,-5,-1,-5.45,0,0,0,0,0,0,0,0
2026-03-27 23:16:25.105,38.208,0,-5,-1,-5.45,0,0,0,0,0,0,0,0
2026-03-27 23:16:25.137,38.240,0,-2,-1,-5.45,0,0,0,0,0,0,0,0
2026-03-27 23:16:25.233,38.336,-3,-6,-1,-5.45,0,0,0,0,0,0,0,0
2026-03-27 23:16:25.344,38.447,-3,-5,-1,-5.45,0,0,0,0,0,0,0,0
2026-03-27 23:16:25.377,38.480,0,-2,0,-5.45,0,0,0,0,0,0,0,0
2026-03-27 23:16:25.473,38.576,-3,-4,-1,-5.45,0,0,0,0,0,0,0,0
2026-03-27 23:16:25.537,38.640,-3,-2,-1,-5.45,0,0,0,0,0,0,0,0
2026-03-27 23:16:25.617,38.720,-3,-5,-2,-5.45,0,0,0,0,0,0,0,0
2026-03-27 23:16:25.681,38.784,-3,-2,-1,-5.45,0,0,0,0,0,0,0,0
2026-03-27 23:16:25.776,38.879,-3,-2,-1,-5.45,0,0,0,0,0,0,0,0
2026-03-27 23:16:25.873,38.976,-3,-2,0,-5.45,0,0,0,0,0,0,0,0
2026-03-27 23:16:25.953,39.056,0,-5,0,-5.45,0,0,0,0,0,0,0,0
2026-03-27 23:16:26.033,39.136,-1,-5,-1,-5.45,0,0,0,0,0,0,0,0
2026-03-27 23:16:26.074,39.177,-3,-5,0,-5.45,0,0,0,0,0,0,0,0
2026-03-27 23:16:26.177,39.280,-3,-2,-1,-5.45,0,0,0,0,0,0,0,0
2026-03-27 23:16:26.178,39.281,0,-5,0,-5.45,0,0,0,0,0,0,0,0
2026-03-27 23:16:26.288,39.391,-1,-5,-1,-5.45,0,0,0,0,0,0,0,0
2026-03-27 23:16:26.290,39.393,0,-3,-1,-5.45,0,0,0,0,0,0,0,0
2026-03-27 23:16:26.417,39.520,-1,-2,-1,-5.45,0,0,0,0,0,0,0,0
2026-03-27 23:16:26.419,39.522,-1,-3,-1,-5.45,0,0,0,0,0,0,0,0
2026-03-27 23:16:26.481,39.584,-3,-5,-1,-5.45,0,0,0,0,0,0,0,0
2026-03-27 23:16:26.483,39.586,-3,-5,-1,-5.45,0,0,0,0,0,0,0,0
2026-03-27 23:16:26.592,39.695,0,-2,0,-5.45,0,0,0,0,0,0,0,0
2026-03-27 23:16:26.705,39.808,-3,-2,0,-5.45,0,0,0,0,0,0,0,0
2026-03-27 23:16:26.707,39.810,0,-5,-1,-5.45,0,0,0,0,0,0,0,0
2026-03-27 23:16:26.768,39.871,0,-5,0,-5.45,0,0,0,0,0,0,0,0
2026-03-27 23:16:26.849,39.952,-2,-4,0,-5.45,0,0,0,0,0,0,0,0
2026-03-27 23:16:26.850,39.953,-2,-1,0,-5.45,0,0,0,0,0,0,0,0
2026-03-27 23:16:26.961,40.064,-1,-3,0,-5.45,0,0,0,0,0,0,0,0
2026-03-27 23:16:26.976,40.079,-1,-3,0,-5.45,0,0,0,0,0,0,0,0
2026-03-27 23:16:26.978,40.081,-1,-1,0,-5.45,0,0,0,0,0,0,0,0
2026-03-27 23:16:27.089,40.192,-2,-3,0,-5.45,0,0,0,0,0,0,0,0
2026-03-27 23:16:27.090,40.193,-1,-3,0,-5.45,0,0,0,0,0,0,0,0
2026-03-27 23:16:27.152,40.255,-1,-3,0,-5.45,0,0,0,0,0,0,0,0
2026-03-27 23:16:27.153,40.256,0,-3,0,-5.45,0,0,0,0,0,0,0,0
2026-03-27 23:16:27.155,40.258,0,-3,0,-5.45,0,0,0,0,0,0,0,0
2026-03-27 23:16:27.313,40.416,1,-3,0,-5.45,0,0,0,0,0,0,0,0
2026-03-27 23:16:27.376,40.479,-1,0,-2,-5.45,0,0,0,0,0,0,0,0
2026-03-27 23:16:27.521,40.624,0,-3,0,-5.45,0,0,0,0,0,0,0,0
2026-03-27 23:16:27.617,40.720,-1,-3,0,-5.45,0,0,0,0,0,0,0,0
2026-03-27 23:16:27.618,40.721,-2,-3,0,-5.45,0,0,0,0,0,0,0,0
2026-03-27 23:16:27.696,40.799,-1,-3,0,-5.45,0,0,0,0,0,0,0,0
2026-03-27 23:16:27.697,40.800,-1,-3,0,-5.45,0,0,0,0,0,0,0,0
2026-03-27 23:16:27.698,40.801,-2,-3,0,-5.45,0,0,0,0,0,0,0,0
2026-03-27 23:16:27.776,40.879,-2,-1,0,-5.45,0,0,0,0,0,0,0,0
2026-03-27 23:16:27.905,41.008,0,-4,0,-5.45,0,0,0,0,0,0,0,0
2026-03-27 23:16:27.908,41.011,-2,-3,0,-5.45,0,0,0,0,0,0,0,0
2026-03-27 23:16:28.096,41.199,-1,-3,0,-5.45,0,0,0,0,0,0,0,0
2026-03-27 23:16:28.098,41.201,-2,-3,0,-5.45,0,0,0,0,0,0,0,0
2026-03-27 23:16:28.128,41.231,0,-3,0,-5.43,0,0,0,0,0,0,0,0
2026-03-27 23:16:28.144,41.247,0,-3,0,-5.45,0,0,0,0,0,0,0,0
2026-03-27 23:16:28.146,41.249,-1,-3,0,-5.45,0,0,0,0,0,0,0,0
2026-03-27 23:16:28.241,41.344,-2,-1,0,-5.45,0,0,0,0,0,0,0,0
2026-03-27 23:16:28.243,41.346,-1,-1,0,-5.45,0,0,0,0,0,0,0,0
2026-03-27 23:16:28.400,41.503,0,-3,0,-5.45,0,0,0,0,0,0,0,0
2026-03-27 23:16:28.416,41.519,-2,-1,0,-5.45,0,0,0,0,0,0,0,0
2026-03-27 23:16:28.418,41.521,0,-3,0,-5.45,0,0,0,0,0,0,0,0
2026-03-27 23:16:28.448,41.551,0,-3,0,-5.45,0,0,0,0,0,0,0,0
2026-03-27 23:16:28.561,41.664,0,-3,0,-5.45,0,0,0,0,0,0,0,0
2026-03-27 23:16:28.562,41.665,0,-3,0,-5.45,0,0,0,0,0,0,0,0
2026-03-27 23:16:28.704,41.807,-1,-3,0,-5.45,0,0,0,0,0,0,0,0
2026-03-27 23:16:28.705,41.808,-1,-3,-2,-5.45,0,0,0,0,0,0,0,0
2026-03-27 23:16:28.707,41.810,-1,-3,-2,-5.45,0,0,0,0,0,0,0,0
2026-03-27 23:16:28.817,41.920,-2,-4,0,-5.45,0,0,0,0,0,0,0,0
2026-03-27 23:16:28.834,41.937,-1,-3,0,-5.45,0,0,0,0,0,0,0,0
2026-03-27 23:16:28.896,41.999,0,-3,0,-5.45,0,0,0,0,0,0,0,0
2026-03-27 23:16:28.912,42.015,0,-3,0,-5.45,0,0,0,0,0,0,0,0
2026-03-27 23:16:29.056,42.159,-2,-1,0,-5.45,0,0,0,0,0,0,0,0
2026-03-27 23:16:29.073,42.176,0,-3,0,-5.45,0,0,0,0,0,0,0,0
2026-03-27 23:16:29.121,42.224,-1,-3,0,-5.45,0,0,0,0,0,0,0,0
2026-03-27 23:16:29.123,42.226,-2,-3,0,-5.45,0,0,0,0,0,0,0,0
2026-03-27 23:16:29.266,42.369,-1,-3,0,-5.45,0,0,0,0,0,0,0,0
2026-03-27 23:16:29.267,42.370,-2,-3,0,-5.45,0,0,0,0,0,0,0,0
2026-03-27 23:16:29.344,42.447,0,-3,0,-5.45,0,0,0,0,0,0,0,0
2026-03-27 23:16:29.424,42.527,0,-3,0,-5.45,0,0,0,0,0,0,0,0
2026-03-27 23:16:29.426,42.529,-3,-5,-1,-5.45,0,0,0,0,0,0,0,0
2026-03-27 23:16:29.633,42.736,-3,-5,0,-5.45,0,0,0,0,0,0,0,0
2026-03-27 23:16:29.649,42.752,-3,-5,0,-5.45,0,0,0,0,0,0,0,0
2026-03-27 23:16:29.776,42.879,-3,-4,0,-5.45,0,0,0,0,0,0,0,0
2026-03-27 23:16:29.778,42.881,-3,-2,0,-5.45,0,0,0,0,0,0,0,0
2026-03-27 23:16:29.841,42.944,0,-5,0,-5.45,0,0,0,0,0,0,0,0
2026-03-27 23:16:29.969,43.072,0,-2,-1,-5.45,0,0,0,0,0,0,0,0
2026-03-27 23:16:29.970,43.073,0,-5,0,-5.45,0,0,0,0,0,0,0,0
2026-03-27 23:16:30.050,43.153,-3,-5,0,-5.45,0,0,0,0,0,0,0,0
2026-03-27 23:16:30.112,43.215,-3,-6,0,-5.34,0,0,0,0,0,0,0,0
2026-03-27 23:16:30.208,43.311,0,-5,-1,-5.01,0,0,0,0,0,0,0,0
2026-03-27 23:16:30.210,43.313,-3,-2,-1,-5.45,0,0,0,0,0,0,0,0
2026-03-27 23:16:30.321,43.424,-3,-2,-1,-5.45,0,0,0,0,0,0,0,0
2026-03-27 23:16:30.384,43.487,-2,-4,0,-5.45,0,0,0,0,0,0,0,0
2026-03-27 23:16:30.385,43.488,-3,-5,-1,-5.45,0,0,0,0,0,0,0,0
2026-03-27 23:16:30.513,43.616,-3,-5,-1,1.48,0,0,0,0,0,0,0,0
2026-03-27 23:16:30.514,43.617,-3,-5,-1,-4.58,0,0,0,0,0,0,0,0
2026-03-27 23:16:30.608,43.711,-3,-5,-1,-5.45,0,0,0,0,0,0,0,0
2026-03-27 23:16:30.673,43.776,-3,-5,0,-5.43,0,0,0,0,0,0,0,0
2026-03-27 23:16:30.675,43.778,0,-5,-1,-5.45,0,0,0,0,0,0,0,0
2026-03-27 23:16:30.833,43.936,-3,-5,-1,-5.44,0,0,0,0,0,0,0,0
2026-03-27 23:16:30.848,43.951,-3,-4,-1,-5.45,0,0,0,0,0,0,0,0
2026-03-27 23:16:30.929,44.032,-3,-5,0,-5.45,0,0,0,0,0,0,0,0
2026-03-27 23:16:30.930,44.033,0,-5,-1,-5.45,0,0,0,0,0,0,0,0
2026-03-27 23:16:31.009,44.112,-3,-2,0,-5.45,0,0,0,0,0,0,0,0
2026-03-27 23:16:31.010,44.113,-3,-5,-1,-5.45,0,0,0,0,0,0,0,0
2026-03-27 23:16:31.104,44.207,0,-5,-1,-5.45,0,0,0,0,0,0,0,0
2026-03-27 23:16:31.152,44.255,-3,-2,-1,-2.01,0,0,0,0,0,0,0,0
2026-03-27 23:16:31.249,44.352,0,-5,-1,-5.45,0,0,0,0,0,0,0,0
2026-03-27 23:16:31.297,44.400,-3,-5,-1,-4.15,0,0,0,0,0,0,0,0
2026-03-27 23:16:31.441,44.544,-3,-5,-1,8.41,0,0,0,0,0,0,0,0
2026-03-27 23:16:31.505,44.608,0,-5,-1,-5.44,0,0,0,0,0,0,0,0
2026-03-27 23:16:31.585,44.688,-2,-3,0,-5.45,0,0,0,0,0,0,0,0
2026-03-27 23:16:31.697,44.800,-1,-3,0,-5.45,0,0,0,0,0,0,0,0
2026-03-27 23:16:31.744,44.847,-1,0,0,8.41,0,0,0,0,0,0,0,0
2026-03-27 23:16:31.824,44.927,1,-1,0,-5.45,0,0,0,0,0,0,0,0
2026-03-27 23:16:31.921,45.024,1,-3,0,8.41,0,0,0,0,0,0,0,0
2026-03-27 23:16:32.048,45.151,1,-3,0,-5.45,0,0,0,0,0,0,0,0
2026-03-27 23:16:32.097,45.200,0,-3,0,-5.45,0,0,0,0,0,0,0,0
2026-03-27 23:16:32.208,45.311,-1,-3,0,-5.45,0,0,0,0,0,0,0,0
2026-03-27 23:16:32.303,45.406,-1,-3,0,-5.45,0,0,0,0,0,0,0,0
2026-03-27 23:16:32.336,45.439,-1,-3,0,-5.45,0,0,0,0,0,0,0,0
2026-03-27 23:16:32.433,45.536,-1,-3,0,-5.45,0,0,0,0,0,0,0,0
2026-03-27 23:16:32.532,45.635,-1,-3,0,-5.45,0,0,0,0,0,0,0,0
2026-03-27 23:16:32.548,45.651,1,-3,0,-5.45,0,0,0,0,0,0,0,0
2026-03-27 23:16:32.593,45.696,0,-3,0,-5.45,0,0,0,0,0,0,0,0
2026-03-27 23:16:32.598,45.701,-1,-3,0,-5.45,0,0,0,0,0,0,0,0
2026-03-27 23:16:32.604,45.707,-1,-3,0,-5.45,0,0,0,0,0,0,0,0
2026-03-27 23:16:32.673,45.776,1,-3,0,-5.45,0,0,0,0,0,0,0,0
2026-03-27 23:16:32.678,45.781,1,0,0,-3.72,0,0,0,0,0,0,0,0
2026-03-27 23:16:32.768,45.871,0,-1,0,-5.45,0,0,0,0,0,0,0,0
2026-03-27 23:16:32.784,45.887,-1,-3,0,8.41,0,0,0,0,0,0,0,0
2026-03-27 23:16:32.790,45.893,-1,-1,0,-5.45,0,0,0,0,0,0,0,0
2026-03-27 23:16:32.864,45.967,-1,-3,1,-5.45,0,0,0,0,0,0,0,0
2026-03-27 23:16:32.870,45.973,-1,-3,0,-5.45,0,0,0,0,0,0,0,0
2026-03-27 23:16:33.024,46.127,-1,-3,0,-5.45,0,0,0,0,0,0,0,0
2026-03-27 23:16:33.135,46.238,-1,-3,0,-1.74,0,0,0,0,0,0,0,0
2026-03-27 23:16:33.248,46.351,-1,-3,0,-1.74,0,0,0,0,0,0,0,0
2026-03-27 23:16:33.264,46.367,-1,-3,0,-1.74,0,0,0,0,0,0,0,0
2026-03-27 23:16:33.360,46.463,-2,-1,0,-0.09,0,0,0,0,0,0,0,0
2026-03-27 23:16:33.411,46.515,1,-3,0,-0.09,0,0,0,0,0,0,0,0
2026-03-27 23:16:33.472,46.575,1,-3,0,-0.09,0,0,0,0,0,0,0,0
2026-03-27 23:16:33.600,46.703,-1,0,0,-4.04,0,0,0,0,0,0,0,0
2026-03-27 23:16:33.632,46.735,-1,-3,0,-4.04,0,0,0,0,0,0,0,0
2026-03-27 23:16:33.698,46.801,-1,-3,0,-4.04,0,0,0,0,0,0,0,0
2026-03-27 23:16:34.081,47.185,-2,-3,0,-1.41,0,0,0,0,0,0,0,0
2026-03-27 23:16:34.160,47.263,-1,-1,0,-1.41,0,0,0,0,0,0,0,0
2026-03-27 23:16:34.256,47.359,-1,-1,0,-1.41,0,0,0,0,0,0,0,0
2026-03-27 23:16:34.610,47.713,-2,-3,0,1.21,0,0,0,0,0,0,0,0
2026-03-27 23:16:34.720,47.823,-1,-3,0,1.21,0,0,0,0,0,0,0,0
2026-03-27 23:16:34.785,47.888,-1,-3,0,1.21,0,0,0,0,0,0,0,0
2026-03-27 23:16:35.152,48.255,0,-3,0,2.55,0,0,0,0,0,0,0,0
2026-03-27 23:16:35.265,48.368,-1,-3,0,2.55,0,0,0,0,0,0,0,0
2026-03-27 23:16:35.315,48.418,-1,-3,0,2.55,0,0,0,0,0,0,0,0
2026-03-27 23:16:35.552,48.655,0,-4,0,-2.79,0,0,0,0,0,0,0,0
2026-03-27 23:16:35.635,48.738,1,-3,0,-2.79,0,0,0,0,0,0,0,0
2026-03-27 23:16:35.698,48.801,-1,-3,0,-2.79,0,0,0,0,0,0,0,0
2026-03-27 23:16:36.033,49.136,-1,-3,0,1.06,0,0,0,0,0,0,0,0
2026-03-27 23:16:36.129,49.232,-1,-3,0,1.06,0,0,0,0,0,0,0,0
2026-03-27 23:16:36.211,49.315,-1,-3,0,1.06,0,0,0,0,0,0,0,0
2026-03-27 23:16:36.784,49.887,0,-3,0,0.34,0,0,0,0,0,0,0,0
2026-03-27 23:16:36.865,49.968,0,-3,0,0.34,0,0,0,0,0,0,0,0
2026-03-27 23:16:36.964,50.067,-1,-3,0,0.34,0,0,0,0,0,0,0,0
2026-03-27 23:16:37.120,50.223,0,-3,0,-5.45,0,0,0,0,0,0,0,0
2026-03-27 23:16:37.360,50.463,-1,0,0,-5.45,0,0,0,0,0,0,0,0
2026-03-27 23:16:37.473,50.576,-1,-1,0,-5.45,0,0,0,0,0,0,0,0
2026-03-27 23:16:37.585,50.688,-1,-3,0,-5.45,0,0,0,0,0,0,0,0
2026-03-27 23:16:37.681,50.784,-1,-3,0,-5.45,0,0,0,0,0,0,0,0
2026-03-27 23:16:37.715,50.818,0,-3,0,-5.45,0,0,0,0,0,0,0,0
2026-03-27 23:16:37.857,50.960,0,-2,0,-5.44,0,0,0,0,0,0,0,0
2026-03-27 23:16:37.921,51.024,-1,-2,0,-5.45,0,0,0,0,0,0,0,0
2026-03-27 23:16:38.016,51.119,-1,-4,0,-5.45,0,0,0,0,0,0,0,0
2026-03-27 23:16:38.112,51.215,0,-3,0,-5.45,0,0,0,0,0,0,0,0
2026-03-27 23:16:38.176,51.279,-1,-3,0,-5.45,0,0,0,0,0,0,0,0
2026-03-27 23:16:38.308,51.411,-1,-4,0,-5.45,0,0,0,0,0,0,0,0
2026-03-27 23:16:38.352,51.455,1,-3,0,-5.45,0,0,0,0,0,0,0,0
2026-03-27 23:16:38.418,51.521,1,-3,0,-5.45,0,0,0,0,0,0,0,0
2026-03-27 23:16:38.480,51.583,-1,-1,0,-5.45,0,0,0,0,0,0,0,0
2026-03-27 23:16:38.575,51.678,1,-3,0,-5.45,0,0,0,0,0,0,0,0
2026-03-27 23:16:38.640,51.743,1,0,0,-5.45,0,0,0,0,0,0,0,0
2026-03-27 23:16:38.720,51.823,-1,-1,0,-5.45,0,0,0,0,0,0,0,0
2026-03-27 23:16:38.800,51.903,0,-3,0,-5.45,0,0,0,0,0,0,0,0
2026-03-27 23:16:38.880,51.983,-1,-3,0,-5.45,0,0,0,0,0,0,0,0
2026-03-27 23:16:38.948,52.051,0,-3,0,-5.45,0,0,0,0,0,0,0,0
2026-03-27 23:16:39.025,52.128,-1,-3,0,466.03,0,0,0,0,0,0,0,0
2026-03-27 23:16:39.104,52.207,0,-1,0,-5.45,0,0,0,0,0,0,0,0
2026-03-27 23:16:39.217,52.319,-1,-1,0,-5.45,0,0,0,0,0,0,0,0
2026-03-27 23:16:39.299,52.402,0,-4,0,-4.71,0,0,0,0,0,0,0,0
2026-03-27 23:16:39.408,52.511,-1,-3,0,-4.75,0,0,0,0,0,0,0,0
2026-03-27 23:16:39.487,52.590,0,0,0,-5.45,0,0,0,0,0,0,0,0
2026-03-27 23:16:39.585,52.687,1,-3,0,-5.01,0,0,0,0,0,0,0,0
2026-03-27 23:16:39.648,52.751,0,-3,0,-5.45,0,0,0,0,0,0,0,0
2026-03-27 23:16:39.744,52.847,-1,-3,0,-5.34,0,0,0,0,0,0,0,0
2026-03-27 23:16:39.824,52.927,-1,-3,0,-5.45,0,0,0,0,0,0,0,0
2026-03-27 23:16:39.907,53.010,-1,-4,0,-5.45,0,0,0,0,0,0,0,0
2026-03-27 23:16:39.954,53.058,0,-3,0,-5.45,0,0,0,0,0,0,0,0
2026-03-27 23:16:40.066,53.169,-1,-4,0,-1.98,0,0,0,0,0,0,0,0
2026-03-27 23:16:40.132,53.235,-1,0,0,1.48,0,0,0,0,0,0,0,0
2026-03-27 23:16:40.288,53.391,-2,-3,0,-5.45,0,0,0,0,0,0,0,0
2026-03-27 23:16:40.291,53.394,1,-3,0,-5.45,0,0,0,0,0,0,0,0
2026-03-27 23:16:40.385,53.488,-1,0,0,-5.45,0,0,0,0,0,0,0,0
2026-03-27 23:16:40.480,53.583,-1,0,0,-5.45,0,0,0,0,0,0,0,0
2026-03-27 23:16:40.549,53.652,0,-3,0,-5.45,0,0,0,0,0,0,0,0
2026-03-27 23:16:40.625,53.728,-1,-3,0,-5.45,0,0,0,0,0,0,0,0
2026-03-27 23:16:40.656,53.759,-1,-3,0,-5.45,0,0,0,0,0,0,0,0
2026-03-27 23:16:40.784,53.887,0,-1,0,-5.45,0,0,0,0,0,0,0,0
2026-03-27 23:16:40.866,53.969,-1,-3,0,-5.45,0,0,0,0,0,0,0,0
2026-03-27 23:16:40.948,54.051,-1,-1,0,-5.45,0,0,0,0,0,0,0,0
2026-03-27 23:16:41.040,54.143,-1,-4,0,-5.45,0,0,0,0,0,0,0,0
2026-03-27 23:16:41.120,54.223,-1,-3,0,-5.43,0,0,0,0,0,0,0,0
2026-03-27 23:16:41.123,54.226,0,0,0,-5.45,0,0,0,0,0,0,0,0
2026-03-27 23:16:41.168,54.271,1,-3,0,-5.39,0,0,0,0,0,0,0,0
2026-03-27 23:16:41.266,54.369,-1,0,0,-5.45,0,0,0,0,0,0,0,0
2026-03-27 23:16:41.348,54.451,-1,0,0,-5.45,0,0,0,0,0,0,0,0
2026-03-27 23:16:41.351,54.454,-1,-1,0,-5.45,0,0,0,0,0,0,0,0
2026-03-27 23:16:41.456,54.559,-1,-3,0,-5.45,0,0,0,0,0,0,0,0
2026-03-27 23:16:41.472,54.575,-1,-1,0,-5.45,0,0,0,0,0,0,0,0
2026-03-27 23:16:41.552,54.655,-1,-1,0,216.32,0,0,0,0,0,0,0,0
2026-03-27 23:16:41.633,54.736,1,-1,0,1.48,0,0,0,0,0,0,0,0
2026-03-27 23:16:41.682,54.785,-1,0,0,-3.72,0,0,0,0,0,0,0,0
2026-03-27 23:16:41.824,54.927,0,-1,0,-5.45,0,0,0,0,0,0,0,0
2026-03-27 23:16:41.872,54.975,0,-1,0,-5.45,0,0,0,0,0,0,0,0
2026-03-27 23:16:41.936,55.039,-1,-3,0,-5.45,0,0,0,0,0,0,0,0
2026-03-27 23:16:42.000,55.103,-2,-4,0,-5.45,0,0,0,0,0,0,0,0
2026-03-27 23:16:42.082,55.185,-1,-3,0,-5.45,0,0,0,0,0,0,0,0
2026-03-27 23:16:42.115,55.218,-2,-1,0,-5.45,0,0,0,0,0,0,0,0
2026-03-27 23:16:42.181,55.284,-2,-1,0,-5.45,0,0,0,0,0,0,0,0
2026-03-27 23:16:42.272,55.375,-2,-4,0,-5.45,0,0,0,0,0,0,0,0
2026-03-27 23:16:42.352,55.455,-1,-3,0,-5.45,0,0,0,0,0,0,0,0
2026-03-27 23:16:42.400,55.503,-3,-1,0,-5.42,0,0,0,0,0,0,0,0
2026-03-27 23:16:42.496,55.599,-1,-3,0,-5.45,0,0,0,0,0,0,0,0
2026-03-27 23:16:42.592,55.695,0,-1,0,-5.45,0,0,0,0,0,0,0,0
2026-03-27 23:16:42.640,55.743,-1,-1,0,-5.45,0,0,0,0,0,0,0,0
2026-03-27 23:16:42.720,55.823,0,-1,0,-5.45,0,0,0,0,0,0,0,0
2026-03-27 23:16:42.816,55.919,-2,-4,0,-5.45,0,0,0,0,0,0,0,0
2026-03-27 23:16:42.880,55.983,0,-3,0,-5.45,0,0,0,0,0,0,0,0
2026-03-27 23:16:43.008,56.111,-2,-4,0,-5.45,0,0,0,0,0,0,0,0
2026-03-27 23:16:43.040,56.143,-2,-1,0,-5.45,0,0,0,0,0,0,0,0
2026-03-27 23:16:43.200,56.303,0,-4,0,-5.45,0,0,0,0,0,0,0,0
2026-03-27 23:16:43.249,56.352,-2,-3,0,-5.45,0,0,0,0,0,0,0,0
2026-03-27 23:16:43.331,56.434,-2,-1,0,-5.45,0,0,0,0,0,0,0,0
2026-03-27 23:16:43.362,56.465,-2,-1,0,-5.45,0,0,0,0,0,0,0,0
2026-03-27 23:16:43.472,56.575,-2,-1,0,-5.45,0,0,0,0,0,0,0,0
2026-03-27 23:16:43.555,56.658,0,-1,0,-5.45,0,0,0,0,0,0,0,0
2026-03-27 23:16:43.559,56.662,-2,-4,0,-5.45,0,0,0,0,0,0,0,0
2026-03-27 23:16:43.588,56.691,0,-4,0,-5.45,0,0,0,0,0,0,0,0
2026-03-27 23:16:43.713,56.816,-2,-3,0,-1.98,0,0,0,0,0,0,0,0
2026-03-27 23:16:43.716,56.819,-2,-4,0,-5.45,0,0,0,0,0,0,0,0
2026-03-27 23:16:43.759,56.862,0,-3,0,-5.45,0,0,0,0,0,0,0,0
2026-03-27 23:16:43.824,56.927,-2,-3,0,-5.45,0,0,0,0,0,0,0,0
2026-03-27 23:16:43.830,56.933,-2,-4,0,-5.45,0,0,0,0,0,0,0,0
2026-03-27 23:16:43.999,57.102,-2,-4,0,-5.45,0,0,0,0,0,0,0,0
2026-03-27 23:16:44.005,57.108,-2,-4,0,-5.45,0,0,0,0,0,0,0,0
2026-03-27 23:16:44.011,57.114,0,-3,0,-5.45,0,0,0,0,0,0,0,0
2026-03-27 23:16:44.066,57.169,0,-4,0,-5.45,0,0,0,0,0,0,0,0
2026-03-27 23:16:44.129,57.232,-1,-3,0,-5.45,0,0,0,0,0,0,0,0
2026-03-27 23:16:44.135,57.238,-2,-4,0,-5.45,0,0,0,0,0,0,0,0
2026-03-27 23:16:44.304,57.407,-1,-4,0,-5.45,0,0,0,0,0,0,0,0
2026-03-27 23:16:44.368,57.471,-2,-6,-2,-5.45,0,0,0,0,0,0,0,0
2026-03-27 23:16:44.464,57.567,-4,-6,-2,-5.45,0,0,0,0,0,0,0,0
2026-03-27 23:16:44.496,57.599,-2,-6,0,-5.45,0,0,0,0,0,0,0,0
2026-03-27 23:16:44.560,57.663,-1,-6,-2,-5.45,0,0,0,0,0,0,0,0
2026-03-27 23:16:44.575,57.678,-4,-6,-2,-5.45,0,0,0,0,0,0,0,0
2026-03-27 23:16:44.735,57.838,-4,-6,-2,-5.45,0,0,0,0,0,0,0,0
2026-03-27 23:16:44.815,57.918,-4,-4,-2,-5.45,0,0,0,0,0,0,0,0
2026-03-27 23:16:44.817,57.920,-2,-4,-2,-5.45,0,0,0,0,0,0,0,0
2026-03-27 23:16:44.880,57.983,-2,-4,-2,-5.45,0,0,0,0,0,0,0,0
2026-03-27 23:16:44.881,57.984,-5,-6,-2,-5.45,0,0,0,0,0,0,0,0
2026-03-27 23:16:44.883,57.986,-2,-6,-2,-5.45,0,0,0,0,0,0,0,0
2026-03-27 23:16:45.216,58.319,-4,-6,-2,-5.45,0,0,0,0,0,0,0,0
2026-03-27 23:16:45.217,58.320,-2,-6,-2,-5.45,0,0,0,0,0,0,0,0
2026-03-27 23:16:45.295,58.398,-5,-4,-2,-5.45,0,0,0,0,0,0,0,0
2026-03-27 23:16:45.297,58.399,-5,-4,-3,-5.45,0,0,0,0,0,0,0,0
2026-03-27 23:16:45.298,58.401,-5,-7,-3,-5.45,0,0,0,0,0,0,0,0
2026-03-27 23:16:45.408,58.511,-4,-6,-3,-5.45,0,0,0,0,0,0,0,0
2026-03-27 23:16:45.410,58.513,-2,-7,-3,-5.45,0,0,0,0,0,0,0,0
2026-03-27 23:16:45.536,58.639,-5,-7,-2,-5.45,0,0,0,0,0,0,0,0
2026-03-27 23:16:45.537,58.640,-2,-4,-3,-5.45,0,0,0,0,0,0,0,0
2026-03-27 23:16:45.664,58.767,-2,-7,-3,-5.45,0,0,0,0,0,0,0,0
2026-03-27 23:16:45.665,58.768,-2,-4,-2,-5.45,0,0,0,0,0,0,0,0
2026-03-27 23:16:45.667,58.770,-2,-7,-2,-5.45,0,0,0,0,0,0,0,0
2026-03-27 23:16:45.743,58.846,-5,-4,-3,-5.45,0,0,0,0,0,0,0,0
2026-03-27 23:16:45.745,58.848,-2,-6,-2,-5.45,0,0,0,0,0,0,0,0
2026-03-27 23:16:45.759,58.862,-1,-7,-2,-5.45,0,0,0,0,0,0,0,0
2026-03-27 23:16:45.872,58.975,-2,-7,-3,-5.45,0,0,0,0,0,0,0,0
2026-03-27 23:16:45.983,59.086,-2,-7,-3,-5.45,0,0,0,0,0,0,0,0
2026-03-27 23:16:46.063,59.166,-5,-4,-2,-5.45,0,0,0,0,0,0,0,0
2026-03-27 23:16:46.224,59.327,-5,-7,-2,-5.45,0,0,0,0,0,0,0,0
2026-03-27 23:16:46.304,59.407,-2,-7,-2,-5.45,0,0,0,0,0,0,0,0
2026-03-27 23:16:46.431,59.534,-4,-4,-2,-5.45,0,0,0,0,0,0,0,0
2026-03-27 23:16:46.591,59.694,-4,-5,-2,-5.45,0,0,0,0,0,0,0,0
2026-03-27 23:16:46.703,59.806,-5,-7,-2,-5.45,0,0,0,0,0,0,0,0
2026-03-27 23:16:46.704,59.807,-2,-6,-2,-5.45,0,0,0,0,0,0,0,0
2026-03-27 23:16:46.719,59.822,-4,-4,-1,-5.45,0,0,0,0,0,0,0,0
2026-03-27 23:16:46.767,59.870,-2,-6,-2,-5.45,0,0,0,0,0,0,0,0
2026-03-27 23:16:46.784,59.887,-3,-4,-2,-5.45,0,0,0,0,0,0,0,0
2026-03-27 23:16:46.880,59.983,-2,-3,-2,-4.22,0,0,0,0,0,0,0,0
2026-03-27 23:16:46.912,60.015,-2,-4,-2,-4.22,0,0,0,0,0,0,0,0
2026-03-27 23:16:46.913,60.016,-2,-4,-2,-4.22,0,0,0,0,0,0,0,0
2026-03-27 23:16:47.039,60.142,-3,-5,-1,-5.45,0,0,0,0,0,0,0,0
2026-03-27 23:16:47.041,60.144,-1,-2,-1,-5.45,0,0,0,0,0,0,0,0
2026-03-27 23:16:47.055,60.158,-4,-3,-1,-5.45,0,0,0,0,0,0,0,0
2026-03-27 23:16:47.136,60.239,-3,-5,-1,-5.45,0,0,0,0,0,0,0,0
2026-03-27 23:16:47.137,60.240,-1,-5,-1,-5.45,0,0,0,0,0,0,0,0
2026-03-27 23:16:47.296,60.399,-3,-3,-1,1.48,0,0,0,0,0,0,0,0
2026-03-27 23:16:47.297,60.400,-1,-3,-1,-5.45,0,0,0,0,0,0,0,0
2026-03-27 23:16:47.311,60.414,-3,-5,-1,-5.45,0,0,0,0,0,0,0,0
2026-03-27 23:16:47.360,60.463,-3,-4,0,-5.45,0,0,0,0,0,0,0,0
2026-03-27 23:16:47.376,60.479,-1,-4,0,-5.45,0,0,0,0,0,0,0,0
2026-03-27 23:16:47.487,60.590,-1,-3,-2,-5.45,0,0,0,0,0,0,0,0
2026-03-27 23:16:47.489,60.592,-1,-6,-2,-5.45,0,0,0,0,0,0,0,0
2026-03-27 23:16:47.490,60.593,-1,-2,-2,-5.45,0,0,0,0,0,0,0,0
2026-03-27 23:16:47.616,60.719,-4,-6,-2,-5.45,0,0,0,0,0,0,0,0
2026-03-27 23:16:47.743,60.846,-1,-6,-2,-5.45,0,0,0,0,0,0,0,0
2026-03-27 23:16:47.745,60.848,-1,-3,-1,-5.45,0,0,0,0,0,0,0,0
2026-03-27 23:16:47.840,60.943,-1,-6,-2,-5.45,0,0,0,0,0,0,0,0
2026-03-27 23:16:47.842,60.945,-1,-3,-1,-5.45,0,0,0,0,0,0,0,0
2026-03-27 23:16:47.952,61.055,0,-4,-2,-5.45,0,0,0,0,0,0,0,0
2026-03-27 23:16:47.953,61.056,-2,-4,-2,-5.45,0,0,0,0,0,0,0,0
2026-03-27 23:16:48.016,61.119,-4,-6,-2,-5.45,0,0,0,0,0,0,0,0
2026-03-27 23:16:48.095,61.198,-2,-5,-2,-3.88,0,0,0,0,0,0,0,0
2026-03-27 23:16:48.191,61.294,-2,-6,-2,-5.45,0,0,0,0,0,0,0,0
2026-03-27 23:16:48.272,61.375,-1,-6,-2,-5.45,0,0,0,0,0,0,0,0
2026-03-27 23:16:48.273,61.376,-1,-4,-2,-5.45,0,0,0,0,0,0,0,0
2026-03-27 23:16:48.400,61.503,-1,-6,-2,-5.45,0,0,0,0,0,0,0,0
2026-03-27 23:16:48.416,61.519,-1,-6,-2,-5.45,0,0,0,0,0,0,0,0
2026-03-27 23:16:48.417,61.520,-4,-3,-2,-5.45,0,0,0,0,0,0,0,0
2026-03-27 23:16:48.543,61.646,-1,-3,-2,-5.45,0,0,0,0,0,0,0,0
2026-03-27 23:16:48.656,61.759,-4,-5,-1,-5.45,0,0,0,0,0,0,0,0
2026-03-27 23:16:48.703,61.806,-1,-5,-1,-5.45,0,0,0,0,0,0,0,0
2026-03-27 23:16:48.719,61.822,-1,-5,-1,-5.45,0,0,0,0,0,0,0,0
2026-03-27 23:16:48.831,61.934,-2,-6,-2,-5.45,0,0,0,0,0,0,0,0
2026-03-27 23:16:48.832,61.935,-4,-6,-2,-5.45,0,0,0,0,0,0,0,0
2026-03-27 23:16:48.834,61.937,-3,-6,-2,-5.45,0,0,0,0,0,0,0,0
2026-03-27 23:16:48.927,62.030,-3,-6,-1,-5.45,0,0,0,0,0,0,0,0
2026-03-27 23:16:48.943,62.046,-4,-6,-2,-5.45,0,0,0,0,0,0,0,0
2026-03-27 23:16:48.975,62.078,-4,-6,-1,-1.98,0,0,0,0,0,0,0,0
2026-03-27 23:16:48.979,62.082,-1,-5,-2,-5.34,0,0,0,0,0,0,0,0
2026-03-27 23:16:49.104,62.207,-4,-6,-2,-5.45,0,0,0,0,0,0,0,0
2026-03-27 23:16:49.105,62.208,-1,-5,-1,-5.45,0,0,0,0,0,0,0,0
2026-03-27 23:16:49.215,62.318,-1,-6,-2,-5.45,0,0,0,0,0,0,0,0
2026-03-27 23:16:49.217,62.320,-4,-5,-1,-5.45,0,0,0,0,0,0,0,0
2026-03-27 23:16:49.247,62.350,0,-5,-1,-5.45,0,0,0,0,0,0,0,0
2026-03-27 23:16:49.249,62.351,-1,-5,-1,-5.45,0,0,0,0,0,0,0,0
2026-03-27 23:16:49.456,62.559,-1,-5,-1,-5.45,0,0,0,0,0,0,0,0
2026-03-27 23:16:49.457,62.560,-1,-7,-1,-5.45,0,0,0,0,0,0,0,0
2026-03-27 23:16:49.503,62.606,-7,-5,-1,-5.45,0,0,0,0,0,0,0,0
2026-03-27 23:16:49.615,62.718,-4,-5,-1,-5.45,0,0,0,0,0,0,0,0
2026-03-27 23:16:49.631,62.734,-1,-3,-1,-5.45,0,0,0,0,0,0,0,0
2026-03-27 23:16:49.759,62.862,-4,-6,-1,-5.45,0,0,0,0,0,0,0,0
2026-03-27 23:16:49.761,62.864,-1,-5,-1,-5.45,0,0,0,0,0,0,0,0
2026-03-27 23:16:49.763,62.866,-1,-5,-3,-5.45,0,0,0,0,0,0,0,0
2026-03-27 23:16:49.856,62.959,-1,-5,-3,-5.45,0,0,0,0,0,0,0,0
2026-03-27 23:16:49.919,63.022,-1,-5,-1,-5.45,0,0,0,0,0,0,0,0
2026-03-27 23:16:49.968,63.071,-1,-5,-1,-5.45,0,0,0,0,0,0,0,0
2026-03-27 23:16:49.969,63.072,-1,-5,-1,-5.45,0,0,0,0,0,0,0,0
2026-03-27 23:16:50.063,63.166,0,-5,-1,-5.45,0,0,0,0,0,0,0,0
2026-03-27 23:16:50.064,63.167,-1,-5,-1,-5.45,0,0,0,0,0,0,0,0
2026-03-27 23:16:50.160,63.263,0,-4,-1,-5.45,0,0,0,0,0,0,0,0
2026-03-27 23:16:50.175,63.278,-1,-5,-1,-5.45,0,0,0,0,0,0,0,0
2026-03-27 23:16:50.256,63.359,-1,-5,-1,-1.98,0,0,0,0,0,0,0,0
2026-03-27 23:16:50.257,63.360,-3,-5,-1,-5.45,0,0,0,0,0,0,0,0
2026-03-27 23:16:50.431,63.534,-3,-5,-1,-5.45,0,0,0,0,0,0,0,0
2026-03-27 23:16:50.433,63.536,0,-5,-1,50.02,0,0,0,0,0,0,0,0
2026-03-27 23:16:50.479,63.582,-1,-7,-1,-5.45,0,0,0,0,0,0,0,0
2026-03-27 23:16:50.496,63.599,-1,-5,-3,-5.45,0,0,0,0,0,0,0,0
2026-03-27 23:16:50.607,63.710,0,-5,-1,-5.45,0,0,0,0,0,0,0,0
2026-03-27 23:16:50.608,63.711,-3,-2,-1,8.41,0,0,0,0,0,0,0,0
2026-03-27 23:16:50.704,63.807,-3,-5,-1,-5.45,0,0,0,0,0,0,0,0
2026-03-27 23:16:50.720,63.823,0,-6,-1,-5.45,0,0,0,0,0,0,0,0
2026-03-27 23:16:50.783,63.886,-1,-5,-1,-5.45,0,0,0,0,0,0,0,0
2026-03-27 23:16:50.799,63.902,-1,-5,-1,-5.45,0,0,0,0,0,0,0,0
2026-03-27 23:16:50.880,63.983,-3,-5,-1,-5.45,0,0,0,0,0,0,0,0
2026-03-27 23:16:50.896,63.999,-3,-5,-1,-5.45,0,0,0,0,0,0,0,0
2026-03-27 23:16:50.960,64.063,-1,-5,-1,-5.45,0,0,0,0,0,0,0,0
2026-03-27 23:16:51.040,64.143,-1,-5,-1,-5.45,0,0,0,0,0,0,0,0
2026-03-27 23:16:51.167,64.270,0,-6,-2,-4.67,0,0,0,0,0,0,0,0
2026-03-27 23:16:51.215,64.318,-1,-6,-2,-4.67,0,0,0,0,0,0,0,0
2026-03-27 23:16:51.280,64.383,-4,-5,-1,-4.67,0,0,0,0,0,0,0,0
2026-03-27 23:16:51.327,64.430,-1,-3,-1,-5.45,0,0,0,0,0,0,0,0
2026-03-27 23:16:51.392,64.495,-1,-6,-1,-5.45,0,0,0,0,0,0,0,0
2026-03-27 23:16:51.471,64.574,-1,-5,-2,9.54,0,0,0,0,0,0,0,0
2026-03-27 23:16:51.599,64.702,-4,-6,-2,9.54,0,0,0,0,0,0,0,0
2026-03-27 23:16:51.679,64.782,-4,-6,-1,9.54,0,0,0,0,0,0,0,0
2026-03-27 23:16:51.760,64.863,-4,-5,-2,-5.45,0,0,0,0,0,0,0,0
2026-03-27 23:16:51.808,64.911,-3,-6,-1,-5.45,0,0,0,0,0,0,0,0
2026-03-27 23:16:51.872,64.975,-1,-6,-1,216.32,0,0,0,0,0,0,0,0
2026-03-27 23:16:51.983,65.086,-4,-6,-1,-5.45,0,0,0,0,0,0,0,0
2026-03-27 23:16:52.159,65.262,-3,-5,-1,-5.45,0,0,0,0,0,0,0,0
2026-03-27 23:16:52.191,65.294,-1,-6,-1,-0.66,0,0,0,0,0,0,0,0
2026-03-27 23:16:52.304,65.407,-4,-6,-2,-0.66,0,0,0,0,0,0,0,0
2026-03-27 23:16:52.416,65.519,-1,-6,-1,-0.66,0,0,0,0,0,0,0,0
2026-03-27 23:16:52.511,65.614,-1,-5,-1,-5.45,0,0,0,0,0,0,0,0
2026-03-27 23:16:52.560,65.663,-1,-6,-2,-3.5,0,0,0,0,0,0,0,0
2026-03-27 23:16:52.671,65.774,-1,-5,-1,-3.5,0,0,0,0,0,0,0,0
2026-03-27 23:16:52.767,65.870,-4,-6,-1,-3.5,0,0,0,0,0,0,0,0
2026-03-27 23:16:52.831,65.934,-4,-5,-2,-5.43,0,0,0,0,0,0,0,0
2026-03-27 23:16:52.880,65.983,-4,-6,-2,-5.45,0,0,0,0,0,0,0,0
2026-03-27 23:16:52.944,66.047,-3,-5,-1,-5.45,0,0,0,0,0,0,0,0
2026-03-27 23:16:53.055,66.158,-3,-3,-1,-5.45,0,0,0,0,0,0,0,0
2026-03-27 23:16:53.102,66.205,-1,-6,-2,-5.45,0,0,0,0,0,0,0,0
2026-03-27 23:16:53.183,66.286,-1,-5,-1,-5.39,0,0,0,0,0,0,0,0
2026-03-27 23:16:53.280,66.383,-4,-9,-1,-5.45,0,0,0,0,0,0,0,0
2026-03-27 23:16:53.344,66.447,-4,-3,-2,53.92,0,0,0,0,0,0,0,0
2026-03-27 23:16:53.935,67.038,-1,-6,-1,4.52,0,0,0,0,0,0,0,0
2026-03-27 23:16:54.032,67.135,-1,-3,-1,-5.45,0,0,0,0,0,0,0,0
2026-03-27 23:16:54.271,67.374,-1,-6,-1,105.44,0,0,0,0,0,0,0,0
2026-03-27 23:16:54.351,67.454,-1,-5,0,-5.45,0,0,0,0,0,0,0,0
2026-03-27 23:16:54.479,67.582,-1,-6,-1,-5.45,0,0,0,0,0,0,0,0
2026-03-27 23:16:54.607,67.710,-1,-6,-1,-5.45,0,0,0,0,0,0,0,0
2026-03-27 23:16:54.655,67.758,-1,-6,-2,-5.45,0,0,0,0,0,0,0,0
2026-03-27 23:16:54.752,67.855,-4,-6,-2,-5.45,0,0,0,0,0,0,0,0
2026-03-27 23:16:54.831,67.934,-1,-6,-1,-5.45,0,0,0,0,0,0,0,0
2026-03-27 23:16:54.926,68.029,-1,-5,-2,-5.45,0,0,0,0,0,0,0,0
2026-03-27 23:16:55.039,68.142,-1,-5,-1,-5.41,0,0,0,0,0,0,0,0
2026-03-27 23:16:55.087,68.190,-1,-5,-1,-5.45,0,0,0,0,0,0,0,0
2026-03-27 23:16:55.167,68.270,-1,-5,-1,-5.45,0,0,0,0,0,0,0,0
2026-03-27 23:16:55.279,68.382,-1,-8,-1,-5.45,0,0,0,0,0,0,0,0
2026-03-27 23:16:55.311,68.414,-4,-3,-2,-5.45,0,0,0,0,0,0,0,0
2026-03-27 23:16:55.391,68.494,-3,-5,-1,-5.45,0,0,0,0,0,0,0,0
2026-03-27 23:16:55.455,68.558,-2,-6,-2,-5.45,0,0,0,0,0,0,0,0
2026-03-27 23:16:55.535,68.638,-1,-5,-1,-5.45,0,0,0,0,0,0,0,0
2026-03-27 23:16:55.537,68.640,-1,-6,-1,-5.45,0,0,0,0,0,0,0,0
2026-03-27 23:16:55.647,68.750,-1,-6,-1,-5.45,0,0,0,0,0,0,0,0
2026-03-27 23:16:55.648,68.751,-1,-5,-1,-5.45,0,0,0,0,0,0,0,0
2026-03-27 23:16:55.695,68.798,-1,-6,-1,-5.45,0,0,0,0,0,0,0,0
2026-03-27 23:16:55.696,68.799,-1,-3,-5,-5.45,0,0,0,0,0,0,0,0
2026-03-27 23:16:55.791,68.894,-4,-6,-1,-5.45,0,0,0,0,0,0,0,0
2026-03-27 23:16:55.793,68.896,-4,-8,-1,-5.45,0,0,0,0,0,0,0,0
2026-03-27 23:16:55.854,68.957,-4,-3,-1,-5.45,0,0,0,0,0,0,0,0
2026-03-27 23:16:55.871,68.974,-4,-6,-1,-5.45,0,0,0,0,0,0,0,0
2026-03-27 23:16:55.951,69.054,-1,-3,-1,26.36,0,0,0,0,0,0,0,0
2026-03-27 23:16:56.047,69.150,-3,-5,-1,2.24,0,0,0,0,0,0,0,0
2026-03-27 23:16:56.127,69.230,0,-6,-1,-5.45,0,0,0,0,0,0,0,0
2026-03-27 23:16:56.175,69.278,-1,-5,-1,-5.45,0,0,0,0,0,0,0,0
2026-03-27 23:16:56.239,69.342,-1,-5,-1,-5.45,0,0,0,0,0,0,0,0
2026-03-27 23:16:56.336,69.439,-4,-6,-1,-5.45,0,0,0,0,0,0,0,0
2026-03-27 23:16:56.415,69.518,-1,-5,-1,-5.45,0,0,0,0,0,0,0,0
2026-03-27 23:16:56.495,69.598,-4,-3,0,-5.45,0,0,0,0,0,0,0,0
2026-03-27 23:16:56.496,69.599,0,-6,-1,-5.45,0,0,0,0,0,0,0,0
2026-03-27 23:16:56.560,69.663,-1,-5,-1,-5.45,0,0,0,0,0,0,0,0
2026-03-27 23:16:56.608,69.711,-1,-5,0,-5.45,0,0,0,0,0,0,0,0
2026-03-27 23:16:56.687,69.790,-4,-6,-1,-5.45,0,0,0,0,0,0,0,0
2026-03-27 23:16:56.831,69.934,-1,-2,-1,-2.42,0,0,0,0,0,0,0,0
2026-03-27 23:16:57.135,70.238,-1,-3,-1,0.43,0,0,0,0,0,0,0,0
2026-03-27 23:16:57.999,71.102,-1,-6,-1,2.68,0,0,0,0,0,0,0,0
2026-03-27 23:16:58.751,71.854,-1,-5,-1,0.24,0,0,0,0,0,0,0,0
2026-03-27 23:16:58.815,71.918,-3,-5,-1,0.24,0,0,0,0,0,0,0,0
2026-03-27 23:16:58.927,72.030,-3,-5,-1,0.24,0,0,0,0,0,0,0,0
2026-03-27 23:16:59.247,72.350,-1,-5,-1,1.98,0,0,0,0,0,0,0,0
2026-03-27 23:16:59.328,72.431,-1,-5,-1,1.98,0,0,0,0,0,0,0,0
2026-03-27 23:16:59.423,72.526,-1,-5,-1,1.98,0,0,0,0,0,0,0,0
2026-03-27 23:16:59.840,72.943,-1,-3,-1,-4.01,0,0,0,0,0,0,0,0
2026-03-27 23:16:59.951,73.054,-3,-3,-1,-4.01,0,0,0,0,0,0,0,0
2026-03-27 23:17:00.014,73.117,-3,-5,-1,-4.01,0,0,0,0,0,0,0,0
2026-03-27 23:17:00.447,73.550,-1,-5,-1,-1.9,0,0,0,0,0,0,0,0
2026-03-27 23:17:00.831,73.934,-1,-3,-1,-0.01,0,0,0,0,0,0,0,0
2026-03-27 23:17:00.928,74.030,0,-2,-1,-0.01,0,0,0,0,0,0,0,0
2026-03-27 23:17:01.023,74.126,-1,-3,-1,-0.01,0,0,0,0,0,0,0,0
2026-03-27 23:17:01.423,74.526,-3,-2,-1,0.04,0,0,0,0,0,0,0,0
2026-03-27 23:17:01.519,74.622,-3,-2,-1,0.04,0,0,0,0,0,0,0,0
2026-03-27 23:17:01.551,74.654,-3,-2,0,0.04,0,0,0,0,0,0,0,0
2026-03-27 23:17:02.415,75.518,-1,-3,-1,1.28,0,0,0,0,0,0,0,0
2026-03-27 23:17:02.863,75.965,-3,-5,-1,1.16,0,0,0,0,0,0,0,0
2026-03-27 23:17:02.928,76.031,-3,-3,-1,1.16,0,0,0,0,0,0,0,0
2026-03-27 23:17:02.991,76.094,0,-2,-1,1.16,0,0,0,0,0,0,0,0
2026-03-27 23:17:03.391,76.494,-1,-3,-1,0.78,0,0,0,0,0,0,0,0
2026-03-27 23:17:03.471,76.574,-1,-3,-1,0.78,0,0,0,0,0,0,0,0
2026-03-27 23:17:03.583,76.686,-1,-5,-1,0.78,0,0,0,0,0,0,0,0
2026-03-27 23:17:04.303,77.406,-1,-5,-1,1.33,0,0,0,0,0,0,0,0
2026-03-27 23:17:04.399,77.502,-1,-3,-1,1.33,0,0,0,0,0,0,0,0
2026-03-27 23:17:04.527,77.630,0,-2,0,1.33,0,0,0,0,0,0,0,0
2026-03-27 23:17:04.735,77.838,-1,-3,-1,-0.34,0,0,0,0,0,0,0,0
2026-03-27 23:17:04.862,77.965,-1,-3,-1,-0.34,0,0,0,0,0,0,0,0
2026-03-27 23:17:04.913,78.016,-1,-3,-1,-0.34,0,0,0,0,0,0,0,0
2026-03-27 23:17:05.231,78.334,-1,-3,-1,1.52,0,0,0,0,0,0,0,0
2026-03-27 23:17:05.343,78.446,-1,-3,-1,1.52,0,0,0,0,0,0,0,0
2026-03-27 23:17:05.438,78.541,0,-2,-1,1.52,0,0,0,0,0,0,0,0
2026-03-27 23:17:05.807,78.910,-1,-5,-1,4.23,0,0,0,0,0,0,0,0
2026-03-27 23:17:05.905,79.008,0,-5,0,4.23,0,0,0,0,0,0,0,0
2026-03-27 23:17:05.983,79.086,-1,-3,-1,4.23,0,0,0,0,0,0,0,0
2026-03-27 23:17:06.254,79.357,-1,-3,-1,-1.26,0,0,0,0,0,0,0,0
2026-03-27 23:17:06.350,79.453,-1,-3,-1,-1.26,0,0,0,0,0,0,0,0
2026-03-27 23:17:06.415,79.517,-1,-3,-1,-1.26,0,0,0,0,0,0,0,0
2026-03-27 23:17:06.495,79.598,0,3991,-1,-5.45,0,0,0,0,0,0,0,0
2026-03-27 23:17:06.590,79.693,0,2915,-1,25.73,0,0,0,0,0,0,0,0
2026-03-27 23:17:06.671,79.774,0,1175,-1,-5.45,0,0,0,0,0,0,0,0
2026-03-27 23:17:06.766,79.869,-1,1163,-1,-5.45,0,0,0,0,0,0,0,0
2026-03-27 23:17:06.862,79.965,-1,1161,-1,-5.45,0,0,0,0,0,0,0,0
2026-03-27 23:17:06.958,80.061,-3,1168,-1,-5.45,0,0,0,0,0,0,0,0
2026-03-27 23:17:07.055,80.158,-1,1160,-1,105.44,0,0,0,0,0,0,0,0
2026-03-27 23:17:07.150,80.253,-1,1156,-1,-5.45,0,0,0,0,0,0,0,0
2026-03-27 23:17:07.246,80.349,-1,1161,-1,-1.98,0,0,0,0,0,0,0,0
2026-03-27 23:17:07.375,80.478,-1,1157,-1,-5.45,0,0,0,0,0,0,0,0
2026-03-27 23:17:07.487,80.590,-1,1155,-1,-5.45,0,0,0,0,0,0,0,0
2026-03-27 23:17:07.582,80.685,-1,1160,-1,-5.45,0,0,0,0,0,0,0,0
2026-03-27 23:17:07.646,80.749,0,1165,0,-5.45,0,0,0,0,0,0,0,0
2026-03-27 23:17:07.774,80.877,-1,1172,-1,-5.45,0,0,0,0,0,0,0,0
2026-03-27 23:17:07.871,80.974,-1,1164,-1,-5.45,0,0,0,0,0,0,0,0
2026-03-27 23:17:07.950,81.053,-1,1163,-1,9.28,0,0,0,0,0,0,0,0
2026-03-27 23:17:08.046,81.149,-3,1160,-1,-5.45,0,0,0,0,0,0,0,0
2026-03-27 23:17:08.143,81.246,-3,1157,-1,-5.45,0,0,0,0,0,0,0,0
2026-03-27 23:17:08.222,81.325,-3,1166,-1,105.44,0,0,0,0,0,0,0,0
2026-03-27 23:17:08.334,81.437,-1,1161,-1,-5.45,0,0,0,0,0,0,0,0
2026-03-27 23:17:08.415,81.518,-1,1157,-1,-5.45,0,0,0,0,0,0,0,0
2026-03-27 23:17:08.510,81.613,-3,1161,-1,-5.45,0,0,0,0,0,0,0,0
2026-03-27 23:17:08.574,81.677,-1,1169,-1,4.96,0,0,0,0,0,0,0,0
2026-03-27 23:17:08.687,81.790,-1,1163,-1,-5.45,0,0,0,0,0,0,0,0
2026-03-27 23:17:08.750,81.853,-3,1167,-1,-5.45,0,0,0,0,0,0,0,0
2026-03-27 23:17:08.862,81.965,-3,1160,-1,-5.45,0,0,0,0,0,0,0,0
2026-03-27 23:17:08.958,82.061,0,1158,-1,-5.45,0,0,0,0,0,0,0,0
2026-03-27 23:17:09.054,82.157,-1,1156,-1,-5.45,0,0,0,0,0,0,0,0
2026-03-27 23:17:09.182,82.285,-1,1155,-1,-5.45,0,0,0,0,0,0,0,0
2026-03-27 23:17:09.294,82.397,-3,1154,-1,-5.45,0,0,0,0,0,0,0,0
2026-03-27 23:17:09.405,82.508,-3,1157,-1,105.44,0,0,0,0,0,0,0,0
2026-03-27 23:17:09.455,82.558,-1,1162,-1,-5.45,0,0,0,0,0,0,0,0
2026-03-27 23:17:09.550,82.653,-3,1162,-1,109.02,0,0,0,0,0,0,0,0
2026-03-27 23:17:09.662,82.765,-3,1158,-1,-5.45,0,0,0,0,0,0,0,0
2026-03-27 23:17:09.758,82.861,-3,1156,-1,-5.45,0,0,0,0,0,0,0,0
2026-03-27 23:17:09.806,82.909,-1,1169,-1,-5.45,0,0,0,0,0,0,0,0
2026-03-27 23:17:09.886,82.989,-3,1163,-1,-5.45,0,0,0,0,0,0,0,0
2026-03-27 23:17:10.030,83.133,-3,1159,-1,-5.45,0,0,0,0,0,0,0,0
2026-03-27 23:17:10.127,83.230,-3,1157,-1,-5.45,0,0,0,0,0,0,0,0
2026-03-27 23:17:10.207,83.310,0,1174,-1,-5.45,0,0,0,0,0,0,0,0
2026-03-27 23:17:10.286,83.389,-1,1165,-1,-5.45,0,0,0,0,0,0,0,0
2026-03-27 23:17:10.399,83.502,-1,1160,-1,-5.45,0,0,0,0,0,0,0,0
2026-03-27 23:17:10.542,83.645,-3,1157,1,-5.45,0,0,0,0,0,0,0,0
2026-03-27 23:17:10.575,83.678,-1,1162,-1,-5.45,0,0,0,0,0,0,0,0
2026-03-27 23:17:10.702,83.805,-1,1158,-1,-5.45,0,0,0,0,0,0,0,0
2026-03-27 23:17:10.766,83.869,0,1162,-1,-5.39,0,0,0,0,0,0,0,0
2026-03-27 23:17:10.878,83.981,-3,1158,-1,-5.45,0,0,0,0,0,0,0,0
2026-03-27 23:17:10.895,83.998,0,1174,-1,219.78,0,0,0,0,0,0,0,0
2026-03-27 23:17:11.055,84.158,0,1165,-2,-5.45,0,0,0,0,0,0,0,0
2026-03-27 23:17:11.070,84.173,-3,1173,-1,-5.45,0,0,0,0,0,0,0,0
2026-03-27 23:17:11.134,84.237,0,1159,-1,-4.8,0,0,0,0,0,0,0,0
2026-03-27 23:17:11.262,84.365,0,1169,-1,-5.45,0,0,0,0,0,0,0,0
2026-03-27 23:17:11.342,84.445,0,1162,1,-5.45,0,0,0,0,0,0,0,0
2026-03-27 23:17:11.407,84.510,-1,1158,-1,-5.45,0,0,0,0,0,0,0,0
2026-03-27 23:17:11.503,84.605,-3,1167,-1,-5.45,0,0,0,0,0,0,0,0
2026-03-27 23:17:11.599,84.702,-3,1168,-1,-5.45,0,0,0,0,0,0,0,0
2026-03-27 23:17:11.679,84.782,-1,1162,-1,-5.45,0,0,0,0,0,0,0,0
2026-03-27 23:17:11.774,84.877,-1,1162,-1,-6.32,0,0,0,0,0,0,0,0
2026-03-27 23:17:11.870,84.973,0,1165,-1,-5.45,0,0,0,0,0,0,0,0
2026-03-27 23:17:11.951,85.054,0,1160,-1,-5.45,0,0,0,0,0,0,0,0
2026-03-27 23:17:12.046,85.149,0,1157,-1,-5.45,0,0,0,0,0,0,0,0
2026-03-27 23:17:12.143,85.245,0,1161,-1,-5.42,0,0,0,0,0,0,0,0
2026-03-27 23:17:12.239,85.342,0,1158,-1,-5.45,0,0,0,0,0,0,0,0
2026-03-27 23:17:12.333,85.436,0,1161,-1,-1.77,0,0,0,0,0,0,0,0
2026-03-27 23:17:12.366,85.469,-3,1160,-1,-3.71,0,0,0,0,0,0,0,0
2026-03-27 23:17:12.478,85.581,-3,1172,-1,-3.71,0,0,0,0,0,0,0,0
2026-03-27 23:17:12.590,85.693,-2,1169,-1,-5.45,0,0,0,0,0,0,0,0
2026-03-27 23:17:12.592,85.694,0,1168,-1,-5.45,0,0,0,0,0,0,0,0
2026-03-27 23:17:12.766,85.869,-3,1158,-1,36.03,0,0,0,0,0,0,0,0
2026-03-27 23:17:12.846,85.949,-1,1169,-1,438.09,0,0,0,0,0,0,0,0
2026-03-27 23:17:12.941,86.044,-2,1163,-1,-5.45,0,0,0,0,0,0,0,0
2026-03-27 23:17:13.022,86.125,0,1166,1,-5.01,0,0,0,0,0,0,0,0
2026-03-27 23:17:13.102,86.205,0,1167,-1,438.09,0,0,0,0,0,0,0,0
2026-03-27 23:17:13.199,86.302,-1,1161,-1,-5.45,0,0,0,0,0,0,0,0
2026-03-27 23:17:13.310,86.413,-2,1158,-1,-5.45,0,0,0,0,0,0,0,0
2026-03-27 23:17:13.343,86.446,-1,1167,-1,-5.45,0,0,0,0,0,0,0,0
2026-03-27 23:17:13.469,86.572,-1,1168,-1,-5.45,0,0,0,0,0,0,0,0
2026-03-27 23:17:13.566,86.669,0,1158,-1,-5.45,0,0,0,0,0,0,0,0
2026-03-27 23:17:13.678,86.781,-1,1163,-1,-5.45,0,0,0,0,0,0,0,0
2026-03-27 23:17:13.790,86.893,0,1159,-1,-5.45,0,0,0,0,0,0,0,0
2026-03-27 23:17:13.838,86.941,-1,1167,-1,-5.45,0,0,0,0,0,0,0,0
2026-03-27 23:17:13.919,87.022,-1,1164,-1,-5.45,0,0,0,0,0,0,0,0
2026-03-27 23:17:13.999,87.102,-1,1164,-1,-5.45,0,0,0,0,0,0,0,0
2026-03-27 23:17:14.109,87.212,-3,1159,1,-5.45,0,0,0,0,0,0,0,0
2026-03-27 23:17:14.174,87.277,0,1161,-1,-5.45,0,0,0,0,0,0,0,0
2026-03-27 23:17:14.285,87.388,0,1168,-1,-5.44,0,0,0,0,0,0,0,0
2026-03-27 23:17:14.318,87.421,0,1165,1,-5.45,0,0,0,0,0,0,0,0
2026-03-27 23:17:14.446,87.549,-1,1164,-1,-5.45,0,0,0,0,0,0,0,0
2026-03-27 23:17:14.526,87.629,-1,1160,-1,-5.45,0,0,0,0,0,0,0,0
2026-03-27 23:17:14.590,87.693,0,1174,-1,-5.45,0,0,0,0,0,0,0,0
2026-03-27 23:17:14.719,87.822,0,1165,-1,-5.45,0,0,0,0,0,0,0,0
2026-03-27 23:17:14.766,87.869,-1,1161,-1,-5.45,0,0,0,0,0,0,0,0
2026-03-27 23:17:14.878,87.981,0,1164,0,105.44,0,0,0,0,0,0,0,0
2026-03-27 23:17:14.926,88.029,-1,1163,0,-5.45,0,0,0,0,0,0,0,0
2026-03-27 23:17:15.055,88.158,-3,1161,-1,-5.45,0,0,0,0,0,0,0,0
2026-03-27 23:17:15.150,88.253,-3,1158,-1,-5.45,0,0,0,0,0,0,0,0
2026-03-27 23:17:15.198,88.301,-3,1160,-1,-5.45,0,0,0,0,0,0,0,0
2026-03-27 23:17:15.279,88.382,0,1158,-1,-5.45,0,0,0,0,0,0,0,0
2026-03-27 23:17:15.358,88.461,0,1161,-1,-5.45,0,0,0,0,0,0,0,0
2026-03-27 23:17:15.470,88.573,-3,1170,-1,-5.45,0,0,0,0,0,0,0,0
2026-03-27 23:17:15.550,88.652,-1,1164,-1,-5.45,0,0,0,0,0,0,0,0
2026-03-27 23:17:15.583,88.686,0,1164,0,50.21,0,0,0,0,0,0,0,0
2026-03-27 23:17:15.694,88.797,0,1168,-1,-5.45,0,0,0,0,0,0,0,0
2026-03-27 23:17:15.758,88.861,-1,1162,-1,-5.45,0,0,0,0,0,0,0,0
2026-03-27 23:17:15.838,88.941,-1,1159,1,-5.45,0,0,0,0,0,0,0,0
2026-03-27 23:17:15.935,89.038,0,1159,-1,-5.45,0,0,0,0,0,0,0,0
2026-03-27 23:17:16.014,89.117,-1,1156,-1,-5.45,0,0,0,0,0,0,0,0
2026-03-27 23:17:16.142,89.245,-1,1155,-1,-5.45,0,0,0,0,0,0,0,0
2026-03-27 23:17:16.190,89.293,0,1159,1,-5.45,0,0,0,0,0,0,0,0
2026-03-27 23:17:16.255,89.358,0,1157,-1,-5.45,0,0,0,0,0,0,0,0
2026-03-27 23:17:16.383,89.485,-3,1169,1,-5.45,0,0,0,0,0,0,0,0
2026-03-27 23:17:16.445,89.548,0,1165,-1,-5.34,0,0,0,0,0,0,0,0
2026-03-27 23:17:16.527,89.629,0,1158,-1,-5.45,0,0,0,0,0,0,0,0
2026-03-27 23:17:16.590,89.693,0,1157,-1,-5.45,0,0,0,0,0,0,0,0
2026-03-27 23:17:16.702,89.805,0,1161,-1,-5.45,0,0,0,0,0,0,0,0
2026-03-27 23:17:16.782,89.885,0,1159,1,-5.45,0,0,0,0,0,0,0,0
2026-03-27 23:17:16.894,89.997,0,1178,-1,-5.45,0,0,0,0,0,0,0,0
2026-03-27 23:17:16.926,90.029,0,1172,-1,-5.45,0,0,0,0,0,0,0,0
2026-03-27 23:17:17.039,90.142,-1,1164,1,-5.45,0,0,0,0,0,0,0,0
2026-03-27 23:17:17.166,90.269,0,1157,-1,-5.45,0,0,0,0,0,0,0,0
2026-03-27 23:17:17.262,90.365,0,1155,-1,-5.45,0,0,0,0,0,0,0,0
2026-03-27 23:17:17.357,90.460,0,1154,-1,-5.45,0,0,0,0,0,0,0,0
2026-03-27 23:17:17.406,90.509,0,1156,-1,-5.45,0,0,0,0,0,0,0,0
2026-03-27 23:17:17.518,90.621,0,1173,-1,438.09,0,0,0,0,0,0,0,0
2026-03-27 23:17:17.582,90.685,0,1167,-1,-5.45,0,0,0,0,0,0,0,0
2026-03-27 23:17:17.663,90.766,-1,1163,-1,-5.45,0,0,0,0,0,0,0,0
2026-03-27 23:17:17.726,90.829,-2,1166,-1,-5.43,0,0,0,0,0,0,0,0
2026-03-27 23:17:17.774,90.877,-1,1159,-1,-5.45,0,0,0,0,0,0,0,0
2026-03-27 23:17:17.934,91.037,0,1165,1,-4.58,0,0,0,0,0,0,0,0
2026-03-27 23:17:17.950,91.053,-1,1165,-1,-5.45,0,0,0,0,0,0,0,0
2026-03-27 23:17:18.063,91.165,-1,1160,-1,-5.45,0,0,0,0,0,0,0,0
2026-03-27 23:17:18.174,91.277,0,1157,-1,-5.45,0,0,0,0,0,0,0,0
2026-03-27 23:17:18.222,91.325,0,1155,1,-5.45,0,0,0,0,0,0,0,0
2026-03-27 23:17:18.318,91.421,-2,1171,-1,-5.45,0,0,0,0,0,0,0,0
2026-03-27 23:17:18.430,91.533,-1,1164,0,-5.45,0,0,0,0,0,0,0,0
2026-03-27 23:17:18.509,91.612,0,1160,-1,-5.45,0,0,0,0,0,0,0,0
2026-03-27 23:17:18.606,91.709,0,1167,-1,-1.98,0,0,0,0,0,0,0,0
2026-03-27 23:17:18.702,91.805,0,1161,0,-5.34,0,0,0,0,0,0,0,0
2026-03-27 23:17:18.749,91.852,-2,1164,1,-5.45,0,0,0,0,0,0,0,0
2026-03-27 23:17:18.846,91.949,0,1159,0,-5.45,0,0,0,0,0,0,0,0
2026-03-27 23:17:18.942,92.045,0,1157,-1,-5.45,0,0,0,0,0,0,0,0
2026-03-27 23:17:18.990,92.093,0,1162,-1,-5.45,0,0,0,0,0,0,0,0
2026-03-27 23:17:19.069,92.172,-1,1168,-1,-5.45,0,0,0,0,0,0,0,0
2026-03-27 23:17:19.166,92.268,-1,1164,1,8.47,0,0,0,0,0,0,0,0
2026-03-27 23:17:19.246,92.349,-3,1158,1,-5.45,0,0,0,0,0,0,0,0
2026-03-27 23:17:19.342,92.445,0,1156,-3,-5.45,0,0,0,0,0,0,0,0
2026-03-27 23:17:19.454,92.557,-1,1165,-1,438.09,0,0,0,0,0,0,0,0
2026-03-27 23:17:19.550,92.653,0,1167,-1,-5.45,0,0,0,0,0,0,0,0
2026-03-27 23:17:19.646,92.749,-3,1161,-1,-5.45,0,0,0,0,0,0,0,0
2026-03-27 23:17:19.710,92.813,-1,1173,-1,-5.45,0,0,0,0,0,0,0,0
2026-03-27 23:17:19.806,92.909,-1,1161,-1,-5.45,0,0,0,0,0,0,0,0
2026-03-27 23:17:19.918,93.021,0,1165,-1,-5.45,0,0,0,0,0,0,0,0
2026-03-27 23:17:19.998,93.101,-3,1160,-1,-5.45,0,0,0,0,0,0,0,0
2026-03-27 23:17:20.094,93.197,-3,1157,-1,-5.45,0,0,0,0,0,0,0,0
2026-03-27 23:17:20.190,93.293,-3,1162,-1,-5.45,0,0,0,0,0,0,0,0
2026-03-27 23:17:20.238,93.341,0,1163,-1,-5.01,0,0,0,0,0,0,0,0
2026-03-27 23:17:20.334,93.437,-1,1159,-1,-5.45,0,0,0,0,0,0,0,0
2026-03-27 23:17:20.382,93.485,-1,1162,-1,-226.35,0,0,0,0,0,0,0,0
2026-03-27 23:17:20.461,93.564,-1,1161,1,-5.45,0,0,0,0,0,0,0,0
2026-03-27 23:17:20.558,93.661,-1,1159,-1,-5.45,0,0,0,0,0,0,0,0
2026-03-27 23:17:20.638,93.741,0,1168,1,105.44,0,0,0,0,0,0,0,0
2026-03-27 23:17:20.718,93.821,0,1162,1,-5.45,0,0,0,0,0,0,0,0
2026-03-27 23:17:20.846,93.949,-3,1167,-1,-5.45,0,0,0,0,0,0,0,0
2026-03-27 23:17:20.910,94.013,-3,1166,-1,-5.45,0,0,0,0,0,0,0,0
2026-03-27 23:17:20.990,94.093,0,1161,-1,-5.45,0,0,0,0,0,0,0,0
2026-03-27 23:17:21.086,94.189,0,1162,-1,-5.45,0,0,0,0,0,0,0,0
2026-03-27 23:17:21.166,94.269,-3,1168,-1,-5.45,0,0,0,0,0,0,0,0
2026-03-27 23:17:21.342,94.445,-1,1166,1,-5.45,0,0,0,0,0,0,0,0
2026-03-27 23:17:21.438,94.541,-1,1165,-1,-5.45,0,0,0,0,0,0,0,0
2026-03-27 23:17:21.550,94.653,0,1160,0,-5.45,0,0,0,0,0,0,0,0
2026-03-27 23:17:21.646,94.749,-1,1157,-1,-5.45,0,0,0,0,0,0,0,0
2026-03-27 23:17:21.678,94.781,0,1155,1,-5.45,0,0,0,0,0,0,0,0
2026-03-27 23:17:21.805,94.908,0,1168,1,-5.45,0,0,0,0,0,0,0,0
2026-03-27 23:17:21.918,95.021,0,1161,-1,-5.45,0,0,0,0,0,0,0,0
2026-03-27 23:17:21.982,95.085,0,1162,1,216.32,0,0,0,0,0,0,0,0
2026-03-27 23:17:22.046,95.149,-1,1160,-1,-5.45,0,0,0,0,0,0,0,0
2026-03-27 23:17:22.110,95.213,0,1177,2,105.44,0,0,0,0,0,0,0,0
2026-03-27 23:17:22.158,95.261,-3,1169,1,-5.45,0,0,0,0,0,0,0,0
2026-03-27 23:17:22.285,95.388,-3,1162,-1,49.99,0,0,0,0,0,0,0,0
2026-03-27 23:17:22.398,95.501,0,1161,1,-5.45,0,0,0,0,0,0,0,0
2026-03-27 23:17:22.494,95.597,0,1158,1,-5.45,0,0,0,0,0,0,0,0
2026-03-27 23:17:22.574,95.677,0,1156,1,-5.45,0,0,0,0,0,0,0,0
2026-03-27 23:17:22.669,95.772,-3,1154,1,-5.45,0,0,0,0,0,0,0,0
2026-03-27 23:17:22.734,95.837,-3,1161,-1,-5.45,0,0,0,0,0,0,0,0
2026-03-27 23:17:22.798,95.901,-3,1162,1,105.66,0,0,0,0,0,0,0,0
2026-03-27 23:17:22.910,96.013,-3,1160,1,-5.45,0,0,0,0,0,0,0,0
2026-03-27 23:17:22.990,96.093,-3,1159,0,3.33,0,0,0,0,0,0,0,0
2026-03-27 23:17:23.119,96.222,-3,1163,0,3.33,0,0,0,0,0,0,0,0
2026-03-27 23:17:23.198,96.301,-3,1163,1,3.33,0,0,0,0,0,0,0,0
2026-03-27 23:17:23.230,96.333,-3,1163,-1,-5.45,0,0,0,0,0,0,0,0
2026-03-27 23:17:23.358,96.461,-3,1165,-1,-5.45,0,0,0,0,0,0,0,0
2026-03-27 23:17:23.390,96.493,-3,1168,1,-5.45,0,0,0,0,0,0,0,0
2026-03-27 23:17:23.470,96.573,0,1161,-1,-5.45,0,0,0,0,0,0,0,0
2026-03-27 23:17:23.550,96.653,0,1158,-1,-5.45,0,0,0,0,0,0,0,0
2026-03-27 23:17:23.614,96.716,-1,1169,-1,-5.39,0,0,0,0,0,0,0,0
2026-03-27 23:17:23.725,96.828,-3,1168,-1,-5.45,0,0,0,0,0,0,0,0
2026-03-27 23:17:23.838,96.941,-3,1171,0,8.41,0,0,0,0,0,0,0,0
2026-03-27 23:17:23.885,96.988,0,1165,-1,-5.45,0,0,0,0,0,0,0,0
2026-03-27 23:17:23.950,97.053,0,1176,1,-5.45,0,0,0,0,0,0,0,0
2026-03-27 23:17:24.062,97.165,-2,1172,-1,-3.72,0,0,0,0,0,0,0,0
2026-03-27 23:17:24.110,97.213,0,1164,-1,-5.45,0,0,0,0,0,0,0,0
2026-03-27 23:17:24.238,97.341,-3,1165,-1,-5.45,0,0,0,0,0,0,0,0
2026-03-27 23:17:24.349,97.452,0,1160,-1,-5.45,0,0,0,0,0,0,0,0
2026-03-27 23:17:24.430,97.533,0,1158,-1,-5.45,0,0,0,0,0,0,0,0
2026-03-27 23:17:24.526,97.629,0,1156,-1,10.16,0,0,0,0,0,0,0,0
2026-03-27 23:17:24.621,97.724,-1,1162,1,-5.45,0,0,0,0,0,0,0,0
2026-03-27 23:17:24.718,97.821,0,1168,-1,-5.45,0,0,0,0,0,0,0,0
2026-03-27 23:17:24.797,97.900,0,1168,-1,-5.45,0,0,0,0,0,0,0,0
2026-03-27 23:17:24.910,98.013,0,1162,0,-5.45,0,0,0,0,0,0,0,0
2026-03-27 23:17:24.942,98.045,0,1162,-1,-4.58,0,0,0,0,0,0,0,0
2026-03-27 23:17:25.101,98.204,-3,1166,-1,-5.45,0,0,0,0,0,0,0,0
2026-03-27 23:17:25.198,98.301,0,1162,-1,438.09,0,0,0,0,0,0,0,0
2026-03-27 23:17:25.262,98.365,0,1166,1,-5.45,0,0,0,0,0,0,0,0
2026-03-27 23:17:25.390,98.493,0,1164,-1,-5.45,0,0,0,0,0,0,0,0
2026-03-27 23:17:25.454,98.557,0,1161,1,-5.45,0,0,0,0,0,0,0,0
2026-03-27 23:17:25.566,98.669,0,1157,1,-5.45,0,0,0,0,0,0,0,0
2026-03-27 23:17:25.630,98.733,-1,1155,-1,-5.45,0,0,0,0,0,0,0,0
2026-03-27 23:17:25.725,98.828,0,1169,-1,-5.45,0,0,0,0,0,0,0,0
2026-03-27 23:17:25.821,98.924,-3,1169,-1,216.32,0,0,0,0,0,0,0,0
2026-03-27 23:17:25.901,99.004,-1,1162,1,-5.45,0,0,0,0,0,0,0,0
2026-03-27 23:17:25.950,99.053,-1,1162,1,-5.45,0,0,0,0,0,0,0,0
2026-03-27 23:17:26.078,99.181,0,1166,-1,548.54,0,0,0,0,0,0,0,0
2026-03-27 23:17:26.109,99.212,0,1174,1,-5.45,0,0,0,0,0,0,0,0
2026-03-27 23:17:26.206,99.309,0,1175,1,-5.45,0,0,0,0,0,0,0,0
2026-03-27 23:17:26.286,99.389,-1,1166,-3,-5.45,0,0,0,0,0,0,0,0
2026-03-27 23:17:26.366,99.469,-1,1165,1,-5.45,0,0,0,0,0,0,0,0
2026-03-27 23:17:26.445,99.548,-1,1160,0,-5.45,0,0,0,0,0,0,0,0
2026-03-27 23:17:26.525,99.628,0,1158,-1,-5.45,0,0,0,0,0,0,0,0
2026-03-27 23:17:26.638,99.741,0,1159,-1,50.02,0,0,0,0,0,0,0,0
2026-03-27 23:17:26.685,99.788,-1,1161,-1,50.02,0,0,0,0,0,0,0,0
2026-03-27 23:17:26.750,99.853,0,1171,0,50.02,0,0,0,0,0,0,0,0
2026-03-27 23:17:26.909,100.012,0,1164,-1,-5.45,0,0,0,0,0,0,0,0
2026-03-27 23:17:26.941,100.044,-1,1159,-1,-5.45,0,0,0,0,0,0,0,0
2026-03-27 23:17:27.021,100.124,-3,1160,-1,-1.98,0,0,0,0,0,0,0,0
2026-03-27 23:17:27.085,100.188,-1,1168,1,-5.45,0,0,0,0,0,0,0,0
2026-03-27 23:17:27.165,100.268,0,1175,1,-5.45,0,0,0,0,0,0,0,0
2026-03-27 23:17:27.262,100.364,0,1167,-1,-5.45,0,0,0,0,0,0,0,0
2026-03-27 23:17:27.342,100.444,-3,1166,1,216.32,0,0,0,0,0,0,0,0
2026-03-27 23:17:27.406,100.509,-3,1162,-1,-5.45,0,0,0,0,0,0,0,0
2026-03-27 23:17:27.486,100.589,-1,1158,-1,-1.99,0,0,0,0,0,0,0,0
2026-03-27 23:17:27.597,100.700,-1,1169,-1,-5.45,0,0,0,0,0,0,0,0
2026-03-27 23:17:27.666,100.769,0,1171,-1,-4.58,0,0,0,0,0,0,0,0
2026-03-27 23:17:27.789,100.892,0,1170,-4,-5.45,0,0,0,0,0,0,0,0
2026-03-27 23:17:27.870,100.973,-5,1174,1,438.09,0,0,0,0,0,0,0,0
2026-03-27 23:17:27.934,101.037,-1,1166,-1,-5.45,0,0,0,0,0,0,0,0
2026-03-27 23:17:28.045,101.148,0,1161,-1,-5.45,0,0,0,0,0,0,0,0
2026-03-27 23:17:28.157,101.260,-1,1157,1,-5.45,0,0,0,0,0,0,0,0
2026-03-27 23:17:28.189,101.292,0,1157,0,-5.45,0,0,0,0,0,0,0,0
2026-03-27 23:17:28.270,101.373,0,1155,-1,-5.45,0,0,0,0,0,0,0,0
2026-03-27 23:17:28.333,101.436,-1,1154,0,-5.45,0,0,0,0,0,0,0,0
2026-03-27 23:17:28.397,101.500,0,1172,-1,-5.43,0,0,0,0,0,0,0,0
2026-03-27 23:17:28.477,101.580,-3,1165,-1,8.43,0,0,0,0,0,0,0,0
2026-03-27 23:17:28.558,101.661,0,1161,-1,-5.45,0,0,0,0,0,0,0,0
2026-03-27 23:17:28.685,101.788,0,1162,-1,-5.45,0,0,0,0,0,0,0,0
2026-03-27 23:17:28.765,101.868,0,1168,-1,-5.45,0,0,0,0,0,0,0,0
2026-03-27 23:17:28.830,101.933,0,1166,-1,-5.45,0,0,0,0,0,0,0,0
2026-03-27 23:17:28.941,102.044,0,1168,-1,-5.45,0,0,0,0,0,0,0,0
2026-03-27 23:17:29.054,102.157,0,1157,-1,-5.45,0,0,0,0,0,0,0,0
2026-03-27 23:17:29.118,102.221,-3,1158,1,-5.45,0,0,0,0,0,0,0,0
2026-03-27 23:17:29.213,102.316,-3,1156,-1,-5.45,0,0,0,0,0,0,0,0
2026-03-27 23:17:29.293,102.396,0,1154,-1,-5.43,0,0,0,0,0,0,0,0
2026-03-27 23:17:29.421,102.524,-3,1158,1,-5.45,0,0,0,0,0,0,0,0
2026-03-27 23:17:29.518,102.621,0,1155,-1,-5.45,0,0,0,0,0,0,0,0
2026-03-27 23:17:29.613,102.716,0,1154,1,-5.45,0,0,0,0,0,0,0,0
2026-03-27 23:17:29.725,102.828,-3,1176,-1,-5.18,0,0,0,0,0,0,0,0
2026-03-27 23:17:29.820,102.923,-1,1168,0,-5.43,0,0,0,0,0,0,0,0
2026-03-27 23:17:29.901,103.004,-3,1170,-1,-5.45,0,0,0,0,0,0,0,0
2026-03-27 23:17:29.965,103.068,0,1180,-1,-5.45,0,0,0,0,0,0,0,0
2026-03-27 23:17:30.077,103.180,0,1171,-1,-5.45,0,0,0,0,0,0,0,0
2026-03-27 23:17:30.158,103.261,0,1164,-1,105.44,0,0,0,0,0,0,0,0
2026-03-27 23:17:30.254,103.357,0,1167,-1,-5.45,0,0,0,0,0,0,0,0
2026-03-27 23:17:30.333,103.436,-1,1169,-1,-5.45,0,0,0,0,0,0,0,0
2026-03-27 23:17:30.381,103.484,-3,1175,1,-5.45,0,0,0,0,0,0,0,0
2026-03-27 23:17:30.574,103.677,-1,1155,-1,63.7,0,0,0,0,0,0,0,0
2026-03-27 23:17:30.637,103.740,-1,1162,-1,63.7,0,0,0,0,0,0,0,0
2026-03-27 23:17:30.749,103.852,-1,1162,-1,63.7,0,0,0,0,0,0,0,0
2026-03-27 23:17:30.845,103.948,-1,1164,1,-5.45,0,0,0,0,0,0,0,0
2026-03-27 23:17:30.926,104.029,0,1161,-1,-5.45,0,0,0,0,0,0,0,0
2026-03-27 23:17:31.005,104.108,-3,1162,-1,-5.45,0,0,0,0,0,0,0,0
2026-03-27 23:17:31.117,104.220,0,1161,0,-5.45,0,0,0,0,0,0,0,0
2026-03-27 23:17:31.181,104.284,0,1166,1,-5.45,0,0,0,0,0,0,0,0
2026-03-27 23:17:31.277,104.380,0,1170,0,105.44,0,0,0,0,0,0,0,0
2026-03-27 23:17:31.357,104.460,0,1168,-1,-5.45,0,0,0,0,0,0,0,0
2026-03-27 23:17:31.421,104.524,0,1168,1,-5.45,0,0,0,0,0,0,0,0
2026-03-27 23:17:31.518,104.621,0,1164,-1,-5.45,0,0,0,0,0,0,0,0
2026-03-27 23:17:31.581,104.684,-1,1168,0,-5.45,0,0,0,0,0,0,0,0
2026-03-27 23:17:31.645,104.748,0,1171,-1,-5.45,0,0,0,0,0,0,0,0
2026-03-27 23:17:31.741,104.844,0,1174,0,-5.45,0,0,0,0,0,0,0,0
2026-03-27 23:17:31.789,104.892,-1,1169,0,-5.45,0,0,0,0,0,0,0,0
2026-03-27 23:17:31.917,105.020,0,1172,-1,-5.45,0,0,0,0,0,0,0,0
2026-03-27 23:17:31.997,105.100,0,1173,-1,-5.45,0,0,0,0,0,0,0,0
2026-03-27 23:17:32.045,105.148,-3,1170,0,-5.45,0,0,0,0,0,0,0,0
2026-03-27 23:17:32.221,105.324,-3,1170,0,-5.45,0,0,0,0,0,0,0,0
2026-03-27 23:17:32.223,105.326,-3,1172,0,-5.45,0,0,0,0,0,0,0,0
2026-03-27 23:17:32.286,105.389,-3,1173,0,-5.45,0,0,0,0,0,0,0,0
2026-03-27 23:17:32.316,105.419,-3,1173,1,-5.45,0,0,0,0,0,0,0,0
2026-03-27 23:17:32.318,105.421,0,1169,0,-5.45,0,0,0,0,0,0,0,0
2026-03-27 23:17:32.365,105.468,0,1168,-1,-5.45,0,0,0,0,0,0,0,0
2026-03-27 23:17:32.605,105.708,0,1174,0,-5.45,0,0,0,0,0,0,0,0
2026-03-27 23:17:32.611,105.714,-2,1181,2,-5.45,0,0,0,0,0,0,0,0
2026-03-27 23:17:32.718,105.821,-2,1173,0,-5.45,0,0,0,0,0,0,0,0
2026-03-27 23:17:32.766,105.869,0,1165,0,-5.45,0,0,0,0,0,0,0,0
2026-03-27 23:17:32.845,105.948,0,1165,1,-5.45,0,0,0,0,0,0,0,0
2026-03-27 23:17:32.880,105.983,-2,1176,0,-5.45,0,0,0,0,0,0,0,0
2026-03-27 23:17:32.958,106.061,0,1174,1,105.38,0,0,0,0,0,0,0,0
2026-03-27 23:17:33.117,106.220,-5,1175,-1,50.0,0,0,0,0,0,0,0,0
2026-03-27 23:17:33.198,106.301,-3,1169,0,-5.45,0,0,0,0,0,0,0,0
2026-03-27 23:17:33.264,106.367,-3,1164,-1,-5.45,0,0,0,0,0,0,0,0
2026-03-27 23:17:33.326,106.429,-3,1161,-1,-5.45,0,0,0,0,0,0,0,0
2026-03-27 23:17:33.437,106.540,-3,1158,-1,63.87,0,0,0,0,0,0,0,0
2026-03-27 23:17:33.533,106.636,-1,1157,1,-5.45,0,0,0,0,0,0,0,0
2026-03-27 23:17:33.568,106.671,-1,1164,1,438.09,0,0,0,0,0,0,0,0
2026-03-27 23:17:33.629,106.732,-2,1172,-1,-5.45,0,0,0,0,0,0,0,0
2026-03-27 23:17:33.693,106.796,-1,1167,1,-222.87,0,0,0,0,0,0,0,0
2026-03-27 23:17:33.741,106.844,-3,1185,-1,148.02,0,0,0,0,0,0,0,0
2026-03-27 23:17:33.806,106.909,-1,1164,0,-5.39,0,0,0,0,0,0,0,0
2026-03-27 23:17:33.903,107.006,-3,1189,-1,-5.45,0,0,0,0,0,0,0,0
2026-03-27 23:17:33.997,107.101,-3,1184,0,-5.45,0,0,0,0,0,0,0,0
2026-03-27 23:17:34.126,107.229,0,1174,1,-5.45,0,0,0,0,0,0,0,0
2026-03-27 23:17:34.225,107.328,-1,1163,1,-5.45,0,0,0,0,0,0,0,0
2026-03-27 23:17:34.253,107.357,-1,1162,1,-5.45,0,0,0,0,0,0,0,0
2026-03-27 23:17:34.383,107.486,0,1168,1,-5.45,0,0,0,0,0,0,0,0
2026-03-27 23:17:34.462,107.565,0,1171,1,-5.45,0,0,0,0,0,0,0,0
2026-03-27 23:17:34.526,107.629,0,1169,0,-5.45,0,0,0,0,0,0,0,0
2026-03-27 23:17:34.637,107.740,0,1171,2,-5.45,0,0,0,0,0,0,0,0
2026-03-27 23:17:34.703,107.806,0,1165,0,-5.45,0,0,0,0,0,0,0,0
2026-03-27 23:17:34.770,107.872,0,1168,1,-5.45,0,0,0,0,0,0,0,0
2026-03-27 23:17:34.845,107.947,0,1161,0,-5.45,0,0,0,0,0,0,0,0
2026-03-27 23:17:34.941,108.044,0,1167,0,-5.45,0,0,0,0,0,0,0,0
2026-03-27 23:17:35.037,108.140,0,1162,0,-5.45,0,0,0,0,0,0,0,0
2026-03-27 23:17:35.136,108.239,-2,1159,0,-5.45,0,0,0,0,0,0,0,0
2026-03-27 23:17:35.248,108.351,-2,1162,0,-5.45,0,0,0,0,0,0,0,0
2026-03-27 23:17:35.309,108.412,-2,1159,2,-5.45,0,0,0,0,0,0,0,0
2026-03-27 23:17:35.312,108.415,-2,1159,0,-5.45,0,0,0,0,0,0,0,0
2026-03-27 23:17:35.389,108.492,0,1161,0,-5.45,0,0,0,0,0,0,0,0
2026-03-27 23:17:35.470,108.573,-2,1161,1,-5.45,0,0,0,0,0,0,0,0
2026-03-27 23:17:35.475,108.578,-2,1158,2,-5.45,0,0,0,0,0,0,0,0
2026-03-27 23:17:35.598,108.701,0,1160,0,-5.45,0,0,0,0,0,0,0,0
2026-03-27 23:17:35.629,108.732,0,1160,0,-5.45,0,0,0,0,0,0,0,0
2026-03-27 23:17:35.693,108.796,0,1158,0,-5.45,0,0,0,0,0,0,0,0
2026-03-27 23:17:35.694,108.797,0,1160,2,-5.45,0,0,0,0,0,0,0,0
2026-03-27 23:17:35.820,108.923,0,1157,2,-5.45,0,0,0,0,0,0,0,0
2026-03-27 23:17:35.837,108.940,0,1157,2,-5.45,0,0,0,0,0,0,0,0
2026-03-27 23:17:35.842,108.945,0,1159,0,-5.45,0,0,0,0,0,0,0,0
2026-03-27 23:17:35.917,109.020,0,1158,0,-5.45,0,0,0,0,0,0,0,0
2026-03-27 23:17:35.920,109.023,0,1159,0,-5.45,0,0,0,0,0,0,0,0
2026-03-27 23:17:36.029,109.132,0,1162,0,-5.45,0,0,0,0,0,0,0,0
2026-03-27 23:17:36.035,109.138,-1,1159,2,-5.45,0,0,0,0,0,0,0,0
2026-03-27 23:17:36.109,109.212,0,1165,2,-5.45,0,0,0,0,0,0,0,0
2026-03-27 23:17:36.252,109.355,0,1163,0,-5.45,0,0,0,0,0,0,0,0
2026-03-27 23:17:36.256,109.360,0,1171,0,49.99,0,0,0,0,0,0,0,0
2026-03-27 23:17:36.317,109.420,0,1175,2,-5.45,0,0,0,0,0,0,0,0
2026-03-27 23:17:36.429,109.532,-2,1174,0,-5.45,0,0,0,0,0,0,0,0
2026-03-27 23:17:36.449,109.552,0,1173,0,-5.45,0,0,0,0,0,0,0,0
2026-03-27 23:17:36.454,109.557,0,1172,0,-5.45,0,0,0,0,0,0,0,0
2026-03-27 23:17:36.572,109.675,0,1164,0,-5.45,0,0,0,0,0,0,0,0
2026-03-27 23:17:36.577,109.680,-2,1162,0,-5.45,0,0,0,0,0,0,0,0
2026-03-27 23:17:36.580,109.683,-2,1163,0,-5.45,0,0,0,0,0,0,0,0
2026-03-27 23:17:36.637,109.740,0,1167,0,-5.45,0,0,0,0,0,0,0,0
2026-03-27 23:17:36.643,109.746,0,1168,1,-5.45,0,0,0,0,0,0,0,0
2026-03-27 23:17:36.751,109.854,0,1168,2,-5.43,0,0,0,0,0,0,0,0
2026-03-27 23:17:36.754,109.857,0,1173,0,-1.98,0,0,0,0,0,0,0,0
2026-03-27 23:17:36.759,109.862,0,1168,2,-5.45,0,0,0,0,0,0,0,0
2026-03-27 23:17:36.941,110.044,0,1172,0,-5.45,0,0,0,0,0,0,0,0
2026-03-27 23:17:36.943,110.046,0,1163,0,-5.45,0,0,0,0,0,0,0,0
2026-03-27 23:17:36.989,110.092,0,1160,2,-5.45,0,0,0,0,0,0,0,0
2026-03-27 23:17:36.990,110.093,0,1161,2,-5.45,0,0,0,0,0,0,0,0
2026-03-27 23:17:36.992,110.095,0,1162,0,-5.45,0,0,0,0,0,0,0,0
2026-03-27 23:17:37.104,110.207,0,1161,2,-5.45,0,0,0,0,0,0,0,0
2026-03-27 23:17:37.118,110.221,0,1164,0,-5.45,0,0,0,0,0,0,0,0
2026-03-27 23:17:37.228,110.331,0,1160,1,-5.45,0,0,0,0,0,0,0,0
2026-03-27 23:17:37.234,110.337,0,1167,0,-5.45,0,0,0,0,0,0,0,0
2026-03-27 23:17:37.238,110.341,0,1167,0,-5.45,0,0,0,0,0,0,0,0
2026-03-27 23:17:37.309,110.412,0,1164,0,-5.45,0,0,0,0,0,0,0,0
2026-03-27 23:17:37.311,110.414,0,1168,2,-5.45,0,0,0,0,0,0,0,0
2026-03-27 23:17:37.421,110.524,0,1171,2,-5.45,0,0,0,0,0,0,0,0
2026-03-27 23:17:37.423,110.526,0,1164,0,-5.45,0,0,0,0,0,0,0,0
2026-03-27 23:17:37.486,110.589,-2,1159,-2,-5.45,0,0,0,0,0,0,0,0
2026-03-27 23:17:37.489,110.592,-2,1156,-2,-5.45,0,0,0,0,0,0,0,0
2026-03-27 23:17:37.612,110.715,0,1162,-1,-5.45,0,0,0,0,0,0,0,0
2026-03-27 23:17:37.617,110.720,0,1157,2,-5.45,0,0,0,0,0,0,0,0
2026-03-27 23:17:37.680,110.783,-1,1155,-2,-5.45,0,0,0,0,0,0,0,0
2026-03-27 23:17:37.741,110.844,-1,1153,-2,-5.45,0,0,0,0,0,0,0,0
2026-03-27 23:17:37.887,110.990,-1,1152,-1,-5.45,0,0,0,0,0,0,0,0
2026-03-27 23:17:37.890,110.993,-1,1155,-1,8.76,0,0,0,0,0,0,0,0
2026-03-27 23:17:37.937,111.040,-1,1159,-1,8.76,0,0,0,0,0,0,0,0
2026-03-27 23:17:37.941,111.044,-1,1159,-2,8.76,0,0,0,0,0,0,0,0
2026-03-27 23:17:38.077,111.180,-1,1158,-2,-2.15,0,0,0,0,0,0,0,0
2026-03-27 23:17:38.125,111.228,-1,1152,-1,-5.45,0,0,0,0,0,0,0,0
2026-03-27 23:17:38.204,111.307,-1,1157,-1,-4.59,0,0,0,0,0,0,0,0
2026-03-27 23:17:38.301,111.404,-1,1156,-1,-4.59,0,0,0,0,0,0,0,0
2026-03-27 23:17:38.381,111.484,-1,1154,0,-4.59,0,0,0,0,0,0,0,0
2026-03-27 23:17:38.492,111.595,-1,1154,0,-5.45,0,0,0,0,0,0,0,0
2026-03-27 23:17:38.589,111.692,-1,1152,-1,-5.45,0,0,0,0,0,0,0,0
2026-03-27 23:17:38.638,111.741,-1,1151,-1,-5.45,0,0,0,0,0,0,0,0
2026-03-27 23:17:38.687,111.790,-3,1151,-1,-5.45,0,0,0,0,0,0,0,0
2026-03-27 23:17:38.783,111.886,-1,1153,-1,-5.45,0,0,0,0,0,0,0,0
2026-03-27 23:17:38.878,111.981,-1,1152,-1,-5.45,0,0,0,0,0,0,0,0
2026-03-27 23:17:38.972,112.075,-1,1152,-1,-5.45,0,0,0,0,0,0,0,0
2026-03-27 23:17:39.054,112.157,-1,1150,-1,-5.45,0,0,0,0,0,0,0,0
2026-03-27 23:17:39.103,112.206,-1,1159,-1,-5.45,0,0,0,0,0,0,0,0
2026-03-27 23:17:39.198,112.301,-1,1154,-1,-5.45,0,0,0,0,0,0,0,0
2026-03-27 23:17:39.308,112.411,-1,1153,-1,-5.45,0,0,0,0,0,0,0,0
2026-03-27 23:17:39.389,112.492,-1,1155,-1,-5.45,0,0,0,0,0,0,0,0
2026-03-27 23:17:39.485,112.588,-1,1156,-2,-5.45,0,0,0,0,0,0,0,0
2026-03-27 23:17:39.583,112.686,-1,1155,-2,-5.45,0,0,0,0,0,0,0,0
2026-03-27 23:17:39.587,112.690,-3,1154,-1,-5.45,0,0,0,0,0,0,0,0
2026-03-27 23:17:39.711,112.814,-2,1154,-3,-5.45,0,0,0,0,0,0,0,0
2026-03-27 23:17:39.756,112.859,-1,1155,-2,-5.45,0,0,0,0,0,0,0,0
2026-03-27 23:17:39.854,112.957,-2,1153,-2,-5.45,0,0,0,0,0,0,0,0
2026-03-27 23:17:39.869,112.972,-1,1154,-2,-5.45,0,0,0,0,0,0,0,0
2026-03-27 23:17:39.967,113.070,-1,1154,0,-5.45,0,0,0,0,0,0,0,0
2026-03-27 23:17:39.973,113.076,-1,1155,-2,-5.45,0,0,0,0,0,0,0,0
2026-03-27 23:17:40.028,113.131,-1,1156,0,-5.45,0,0,0,0,0,0,0,0
2026-03-27 23:17:40.044,113.147,-1,1152,-1,-5.45,0,0,0,0,0,0,0,0
2026-03-27 23:17:40.049,113.152,-1,1150,-2,-5.45,0,0,0,0,0,0,0,0
2026-03-27 23:17:40.172,113.275,-2,1151,-2,-5.45,0,0,0,0,0,0,0,0
2026-03-27 23:17:40.174,113.277,-1,1158,-2,-5.45,0,0,0,0,0,0,0,0
2026-03-27 23:17:40.253,113.356,-1,1155,-2,-5.45,0,0,0,0,0,0,0,0
2026-03-27 23:17:40.257,113.360,-5,1154,-2,-5.45,0,0,0,0,0,0,0,0
2026-03-27 23:17:40.270,113.373,-4,1153,-2,-5.45,0,0,0,0,0,0,0,0
2026-03-27 23:17:40.397,113.500,-1,1153,0,-5.45,0,0,0,0,0,0,0,0
2026-03-27 23:17:40.403,113.506,-1,1155,-1,-5.45,0,0,0,0,0,0,0,0
2026-03-27 23:17:40.508,113.611,-1,1155,-1,-5.45,0,0,0,0,0,0,0,0
2026-03-27 23:17:40.511,113.614,0,1153,-1,-5.45,0,0,0,0,0,0,0,0
2026-03-27 23:17:40.517,113.620,0,1152,0,-5.45,0,0,0,0,0,0,0,0
2026-03-27 23:17:40.543,113.646,0,1153,0,-5.45,0,0,0,0,0,0,0,0
2026-03-27 23:17:40.621,113.724,-1,1154,-1,-5.45,0,0,0,0,0,0,0,0
2026-03-27 23:17:40.717,113.820,-1,1158,-2,-5.45,0,0,0,0,0,0,0,0
2026-03-27 23:17:40.722,113.825,-1,1160,1,-5.45,0,0,0,0,0,0,0,0
2026-03-27 23:17:40.846,113.949,-1,1162,-1,-5.45,0,0,0,0,0,0,0,0
2026-03-27 23:17:40.850,113.953,-1,1159,-2,-5.45,0,0,0,0,0,0,0,0
2026-03-27 23:17:40.973,114.076,-1,1167,-2,-5.45,0,0,0,0,0,0,0,0
2026-03-27 23:17:41.006,114.110,-2,1164,-1,-5.45,0,0,0,0,0,0,0,0
2026-03-27 23:17:41.024,114.127,-1,1158,-1,-5.45,0,0,0,0,0,0,0,0
2026-03-27 23:17:41.196,114.299,-1,1157,0,-5.45,0,0,0,0,0,0,0,0
2026-03-27 23:17:41.308,114.411,-1,1153,-1,-5.45,0,0,0,0,0,0,0,0
2026-03-27 23:17:41.389,114.492,-1,1150,-1,-5.45,0,0,0,0,0,0,0,0
2026-03-27 23:17:41.391,114.495,-1,1152,-2,-5.45,0,0,0,0,0,0,0,0
2026-03-27 23:17:41.503,114.606,-1,1162,-1,-5.45,0,0,0,0,0,0,0,0
2026-03-27 23:17:41.506,114.609,-1,1159,0,-5.45,0,0,0,0,0,0,0,0
2026-03-27 23:17:41.632,114.735,-1,1157,-1,-5.45,0,0,0,0,0,0,0,0
2026-03-27 23:17:41.646,114.749,-1,1155,-1,-5.45,0,0,0,0,0,0,0,0
2026-03-27 23:17:41.653,114.756,-1,1152,-1,-5.45,0,0,0,0,0,0,0,0
2026-03-27 23:17:41.757,114.860,-1,1157,0,-5.45,0,0,0,0,0,0,0,0
2026-03-27 23:17:41.762,114.865,-1,1153,-2,-5.45,0,0,0,0,0,0,0,0
2026-03-27 23:17:41.854,114.957,0,1162,-1,-5.45,0,0,0,0,0,0,0,0
2026-03-27 23:17:41.887,114.990,0,1164,-1,-5.45,0,0,0,0,0,0,0,0
2026-03-27 23:17:41.902,115.005,-1,1164,-1,216.32,0,0,0,0,0,0,0,0
2026-03-27 23:17:42.060,115.163,-3,1170,-1,-5.45,0,0,0,0,0,0,0,0
2026-03-27 23:17:42.064,115.167,-3,1164,-1,-5.45,0,0,0,0,0,0,0,0
2026-03-27 23:17:42.141,115.244,-4,1164,-1,-4.58,0,0,0,0,0,0,0,0
2026-03-27 23:17:42.147,115.250,-3,1162,-1,-1.98,0,0,0,0,0,0,0,0
2026-03-27 23:17:42.254,115.357,-3,1161,-1,-5.45,0,0,0,0,0,0,0,0
2026-03-27 23:17:42.256,115.359,-1,1162,-1,-5.45,0,0,0,0,0,0,0,0
2026-03-27 23:17:42.261,115.364,-1,1161,1,-5.45,0,0,0,0,0,0,0,0
2026-03-27 23:17:42.353,115.456,0,1158,1,-5.45,0,0,0,0,0,0,0,0
2026-03-27 23:17:42.364,115.467,-1,1157,-1,-5.45,0,0,0,0,0,0,0,0
2026-03-27 23:17:42.413,115.516,-1,1154,-1,-5.45,0,0,0,0,0,0,0,0
2026-03-27 23:17:42.429,115.532,-1,1153,-1,-5.45,0,0,0,0,0,0,0,0
2026-03-27 23:17:42.431,115.534,0,1151,-1,-5.45,0,0,0,0,0,0,0,0
2026-03-27 23:17:42.543,115.646,-3,1154,-1,-5.45,0,0,0,0,0,0,0,0
2026-03-27 23:17:42.605,115.708,-4,1154,-2,-5.45,0,0,0,0,0,0,0,0
2026-03-27 23:17:42.749,115.852,-4,1151,0,-5.45,0,0,0,0,0,0,0,0
2026-03-27 23:17:42.781,115.884,-1,1153,-2,-5.45,0,0,0,0,0,0,0,0
2026-03-27 23:17:42.908,116.011,-1,1151,0,-5.45,0,0,0,0,0,0,0,0
2026-03-27 23:17:43.004,116.107,-1,1152,-2,-5.45,0,0,0,0,0,0,0,0
2026-03-27 23:17:43.136,116.239,-1,1154,-1,-5.45,0,0,0,0,0,0,0,0
2026-03-27 23:17:43.139,116.242,-1,1156,-1,-5.45,0,0,0,0,0,0,0,0
2026-03-27 23:17:43.164,116.267,-1,1156,-1,-5.45,0,0,0,0,0,0,0,0
2026-03-27 23:17:43.170,116.273,-1,1162,-2,-5.45,0,0,0,0,0,0,0,0
2026-03-27 23:17:43.176,116.279,-1,1159,-1,-5.45,0,0,0,0,0,0,0,0
2026-03-27 23:17:43.324,116.427,-1,1159,-1,-5.45,0,0,0,0,0,0,0,0
2026-03-27 23:17:43.504,116.607,-2,1158,-1,-5.45,0,0,0,0,0,0,0,0
2026-03-27 23:17:43.508,116.611,-1,1158,-1,-5.45,0,0,0,0,0,0,0,0
2026-03-27 23:17:43.628,116.731,0,1159,-1,-5.45,0,0,0,0,0,0,0,0
2026-03-27 23:17:43.634,116.737,-1,1156,-1,-5.45,0,0,0,0,0,0,0,0
2026-03-27 23:17:43.724,116.827,-1,1157,-1,-5.45,0,0,0,0,0,0,0,0
2026-03-27 23:17:43.730,116.833,-1,1161,-1,-5.45,0,0,0,0,0,0,0,0
2026-03-27 23:17:43.735,116.838,-1,1160,-1,-5.45,0,0,0,0,0,0,0,0
2026-03-27 23:17:43.777,116.880,-1,1164,-1,-5.39,0,0,0,0,0,0,0,0
2026-03-27 23:17:43.779,116.882,-3,1160,1,-5.45,0,0,0,0,0,0,0,0
2026-03-27 23:17:43.854,116.957,0,1161,0,-5.45,0,0,0,0,0,0,0,0
2026-03-27 23:17:43.857,116.960,-1,1164,-1,-5.45,0,0,0,0,0,0,0,0
2026-03-27 23:17:43.932,117.035,-1,1164,0,-5.45,0,0,0,0,0,0,0,0
2026-03-27 23:17:43.938,117.041,-1,1163,-1,-5.45,0,0,0,0,0,0,0,0
2026-03-27 23:17:43.980,117.083,-1,1161,-1,-5.45,0,0,0,0,0,0,0,0
2026-03-27 23:17:43.997,117.100,-1,1159,-1,-5.45,0,0,0,0,0,0,0,0
2026-03-27 23:17:44.141,117.244,-3,1163,-1,-5.45,0,0,0,0,0,0,0,0
2026-03-27 23:17:44.144,117.247,-3,1162,0,-5.45,0,0,0,0,0,0,0,0
2026-03-27 23:17:44.205,117.308,-3,1159,1,-5.45,0,0,0,0,0,0,0,0
2026-03-27 23:17:44.268,117.371,-1,1168,0,-5.45,0,0,0,0,0,0,0,0
2026-03-27 23:17:44.397,117.500,-3,1166,0,-5.45,0,0,0,0,0,0,0,0
2026-03-27 23:17:44.460,117.563,-3,1166,-1,-5.45,0,0,0,0,0,0,0,0
2026-03-27 23:17:44.462,117.565,-3,1163,1,-5.45,0,0,0,0,0,0,0,0
2026-03-27 23:17:44.636,117.739,-1,1160,0,-5.45,0,0,0,0,0,0,0,0
2026-03-27 23:17:44.652,117.755,0,1160,-1,-5.45,0,0,0,0,0,0,0,0
2026-03-27 23:17:44.669,117.772,-1,1162,-1,-5.45,0,0,0,0,0,0,0,0
2026-03-27 23:17:44.684,117.787,-1,1169,-1,-5.45,0,0,0,0,0,0,0,0
2026-03-27 23:17:44.796,117.899,-3,1167,-1,-5.45,0,0,0,0,0,0,0,0
2026-03-27 23:17:44.798,117.901,-3,1162,1,-5.45,0,0,0,0,0,0,0,0
2026-03-27 23:17:44.909,118.011,-1,1164,0,-5.45,0,0,0,0,0,0,0,0
2026-03-27 23:17:44.910,118.013,-3,1159,-1,-5.42,0,0,0,0,0,0,0,0
2026-03-27 23:17:44.911,118.014,-4,1155,-1,-5.45,0,0,0,0,0,0,0,0
2026-03-27 23:17:45.004,118.107,-3,1160,-1,-5.45,0,0,0,0,0,0,0,0
2026-03-27 23:17:45.084,118.187,-3,1166,-1,51.72,0,0,0,0,0,0,0,0
2026-03-27 23:17:45.100,118.203,-3,1162,-1,-5.45,0,0,0,0,0,0,0,0
2026-03-27 23:17:45.148,118.251,-3,1159,-1,-5.45,0,0,0,0,0,0,0,0
2026-03-27 23:17:45.278,118.381,-3,1171,-1,-5.45,0,0,0,0,0,0,0,0
2026-03-27 23:17:45.341,118.444,-3,1171,-1,-5.45,0,0,0,0,0,0,0,0
2026-03-27 23:17:45.389,118.492,-3,1165,-1,-5.45,0,0,0,0,0,0,0,0
2026-03-27 23:17:45.404,118.507,-3,1162,-1,-5.45,0,0,0,0,0,0,0,0
2026-03-27 23:17:45.468,118.571,-3,1161,-1,-5.45,0,0,0,0,0,0,0,0
2026-03-27 23:17:45.470,118.573,-3,1158,-1,-5.45,0,0,0,0,0,0,0,0
2026-03-27 23:17:45.471,118.574,-3,1157,-1,-5.45,0,0,0,0,0,0,0,0
2026-03-27 23:17:45.580,118.683,-3,1155,-1,-5.45,0,0,0,0,0,0,0,0
2026-03-27 23:17:45.582,118.685,-3,1154,0,-5.45,0,0,0,0,0,0,0,0
2026-03-27 23:17:45.660,118.763,-3,1161,-1,22.27,0,0,0,0,0,0,0,0
2026-03-27 23:17:45.677,118.780,-3,1158,-1,-5.45,0,0,0,0,0,0,0,0
2026-03-27 23:17:45.773,118.876,-3,1162,-1,-5.45,0,0,0,0,0,0,0,0
2026-03-27 23:17:45.853,118.956,-3,1167,-1,-5.39,0,0,0,0,0,0,0,0
2026-03-27 23:17:45.854,118.957,-3,1161,-1,-5.45,0,0,0,0,0,0,0,0
2026-03-27 23:17:45.932,119.035,-3,1156,-1,-5.45,0,0,0,0,0,0,0,0
2026-03-27 23:17:45.995,119.098,-3,1162,-1,-5.45,0,0,0,0,0,0,0,0
2026-03-27 23:17:46.077,119.179,-3,1162,0,-5.45,0,0,0,0,0,0,0,0
2026-03-27 23:17:46.108,119.211,-3,1159,-1,-5.45,0,0,0,0,0,0,0,0
2026-03-27 23:17:46.191,119.294,-3,1164,1,-5.45,0,0,0,0,0,0,0,0
2026-03-27 23:17:46.198,119.301,-3,1162,-1,-5.45,0,0,0,0,0,0,0,0
2026-03-27 23:17:46.316,119.419,-1,1160,-1,-5.45,0,0,0,0,0,0,0,0
2026-03-27 23:17:46.317,119.420,-3,1158,-1,-5.45,0,0,0,0,0,0,0,0
2026-03-27 23:17:46.492,119.595,-3,1163,0,22.27,0,0,0,0,0,0,0,0
2026-03-27 23:17:46.494,119.597,-3,1158,1,-5.45,0,0,0,0,0,0,0,0
2026-03-27 23:17:46.572,119.675,-3,1170,-1,-5.45,0,0,0,0,0,0,0,0
2026-03-27 23:17:46.636,119.739,-3,1168,-1,-5.45,0,0,0,0,0,0,0,0
2026-03-27 23:17:46.638,119.740,0,1159,-1,-5.45,0,0,0,0,0,0,0,0
2026-03-27 23:17:46.780,119.883,0,1159,1,-5.45,0,0,0,0,0,0,0,0
2026-03-27 23:17:46.782,119.885,-1,1156,0,-5.45,0,0,0,0,0,0,0,0
2026-03-27 23:17:46.828,119.931,-1,1156,-1,-5.45,0,0,0,0,0,0,0,0
2026-03-27 23:17:46.830,119.933,-3,1154,1,-5.45,0,0,0,0,0,0,0,0
2026-03-27 23:17:47.005,120.108,-3,1162,-1,-5.45,0,0,0,0,0,0,0,0
2026-03-27 23:17:47.116,120.219,-3,1158,-1,-5.45,0,0,0,0,0,0,0,0
2026-03-27 23:17:47.117,120.220,-3,1159,-1,-5.45,0,0,0,0,0,0,0,0
2026-03-27 23:17:47.125,120.228,-3,1167,-3,-5.45,0,0,0,0,0,0,0,0
2026-03-27 23:17:47.228,120.331,-2,1156,-1,-5.45,0,0,0,0,0,0,0,0
2026-03-27 23:17:47.230,120.333,-1,1155,-1,-5.45,0,0,0,0,0,0,0,0
2026-03-27 23:17:47.308,120.411,-1,1153,-2,-5.45,0,0,0,0,0,0,0,0
2026-03-27 23:17:47.420,120.523,-1,1159,1,-5.44,0,0,0,0,0,0,0,0
2026-03-27 23:17:47.421,120.524,0,1159,-1,-5.45,0,0,0,0,0,0,0,0
2026-03-27 23:17:47.500,120.603,0,1159,1,-5.45,0,0,0,0,0,0,0,0
2026-03-27 23:17:47.501,120.604,0,1163,-1,-5.45,0,0,0,0,0,0,0,0
2026-03-27 23:17:47.503,120.606,0,1163,-1,-5.45,0,0,0,0,0,0,0,0
2026-03-27 23:17:47.580,120.683,0,1161,-1,-5.45,0,0,0,0,0,0,0,0
2026-03-27 23:17:47.582,120.685,0,1165,-1,-5.45,0,0,0,0,0,0,0,0
2026-03-27 23:17:47.676,120.779,-1,1158,-1,-5.45,0,0,0,0,0,0,0,0
2026-03-27 23:17:47.692,120.795,-3,1167,-1,-5.45,0,0,0,0,0,0,0,0
2026-03-27 23:17:47.693,120.796,-3,1166,-1,-5.45,0,0,0,0,0,0,0,0
2026-03-27 23:17:47.788,120.891,-3,1162,-1,-5.45,0,0,0,0,0,0,0,0
2026-03-27 23:17:47.869,120.972,-3,1165,-1,-5.45,0,0,0,0,0,0,0,0
2026-03-27 23:17:47.883,120.986,-3,1162,1,-5.45,0,0,0,0,0,0,0,0
2026-03-27 23:17:48.028,121.131,-3,1159,0,-5.45,0,0,0,0,0,0,0,0
2026-03-27 23:17:48.029,121.132,-3,1162,-1,-5.45,0,0,0,0,0,0,0,0
2026-03-27 23:17:48.031,121.134,-3,1158,1,-5.45,0,0,0,0,0,0,0,0
2026-03-27 23:17:48.092,121.195,-3,1157,1,-5.45,0,0,0,0,0,0,0,0
2026-03-27 23:17:48.094,121.197,-3,1160,-1,-5.45,0,0,0,0,0,0,0,0
2026-03-27 23:17:48.124,121.227,-3,1156,-1,-5.45,0,0,0,0,0,0,0,0
2026-03-27 23:17:48.125,121.228,0,1161,1,-5.45,0,0,0,0,0,0,0,0
2026-03-27 23:17:48.140,121.243,-3,1161,-1,-5.45,0,0,0,0,0,0,0,0
2026-03-27 23:17:48.237,121.340,-3,1165,-1,-5.45,0,0,0,0,0,0,0,0
2026-03-27 23:17:48.252,121.355,-3,1158,-1,-5.45,0,0,0,0,0,0,0,0
2026-03-27 23:17:48.348,121.451,-3,1162,-1,-5.45,0,0,0,0,0,0,0,0
2026-03-27 23:17:48.350,121.453,-3,1159,-1,-5.45,0,0,0,0,0,0,0,0
2026-03-27 23:17:48.363,121.466,-3,1160,1,-5.45,0,0,0,0,0,0,0,0
2026-03-27 23:17:48.429,121.532,-3,1156,1,-5.45,0,0,0,0,0,0,0,0
2026-03-27 23:17:48.557,121.660,-3,1162,1,-5.44,0,0,0,0,0,0,0,0
2026-03-27 23:17:48.636,121.739,-3,1160,-1,-5.45,0,0,0,0,0,0,0,0
2026-03-27 23:17:48.638,121.741,-3,1157,1,-5.45,0,0,0,0,0,0,0,0
2026-03-27 23:17:48.700,121.803,-3,1154,1,49.99,0,0,0,0,0,0,0,0
2026-03-27 23:17:48.701,121.804,-3,1165,-1,-5.45,0,0,0,0,0,0,0,0
2026-03-27 23:17:48.716,121.819,-3,1165,-1,-5.45,0,0,0,0,0,0,0,0
2026-03-27 23:17:48.828,121.931,-3,1167,-3,-5.44,0,0,0,0,0,0,0,0
2026-03-27 23:17:48.860,121.963,-3,1164,1,-5.45,0,0,0,0,0,0,0,0
2026-03-27 23:17:48.876,121.979,-3,1158,-1,-5.45,0,0,0,0,0,0,0,0
2026-03-27 23:17:48.940,122.043,-3,1161,-1,-5.45,0,0,0,0,0,0,0,0
2026-03-27 23:17:49.053,122.156,-3,1157,-1,-5.45,0,0,0,0,0,0,0,0
2026-03-27 23:17:49.068,122.171,-3,1157,-1,-5.45,0,0,0,0,0,0,0,0
2026-03-27 23:17:49.116,122.219,-3,1158,-1,-5.45,0,0,0,0,0,0,0,0
2026-03-27 23:17:49.118,122.221,-3,1155,1,-5.45,0,0,0,0,0,0,0,0
2026-03-27 23:17:49.180,122.283,-1,1154,-1,-5.45,0,0,0,0,0,0,0,0
2026-03-27 23:17:49.184,122.288,-1,1161,-1,-5.45,0,0,0,0,0,0,0,0
2026-03-27 23:17:49.293,122.396,-3,1161,1,-5.45,0,0,0,0,0,0,0,0
2026-03-27 23:17:49.404,122.507,-3,1163,1,-5.45,0,0,0,0,0,0,0,0
2026-03-27 23:17:49.484,122.587,-3,1170,-1,-5.45,0,0,0,0,0,0,0,0
2026-03-27 23:17:49.628,122.731,-3,1157,1,-5.45,0,0,0,0,0,0,0,0
2026-03-27 23:17:49.724,122.827,-3,1157,-1,-5.45,0,0,0,0,0,0,0,0
2026-03-27 23:17:49.788,122.891,-3,1163,-1,-5.45,0,0,0,0,0,0,0,0
2026-03-27 23:17:49.915,123.018,-3,1158,-1,-5.45,0,0,0,0,0,0,0,0
2026-03-27 23:17:49.948,123.051,-3,1156,-1,-5.45,0,0,0,0,0,0,0,0
2026-03-27 23:17:50.013,123.116,-1,1160,-1,-5.45,0,0,0,0,0,0,0,0
2026-03-27 23:17:50.028,123.131,-3,1156,1,-5.45,0,0,0,0,0,0,0,0
2026-03-27 23:17:50.109,123.212,-3,1153,1,-5.45,0,0,0,0,0,0,0,0
2026-03-27 23:17:50.110,123.213,-3,1153,-1,-5.45,0,0,0,0,0,0,0,0
2026-03-27 23:17:50.188,123.291,-3,1158,1,-5.45,0,0,0,0,0,0,0,0
2026-03-27 23:17:50.348,123.451,-3,1160,-1,-5.45,0,0,0,0,0,0,0,0
2026-03-27 23:17:50.350,123.453,-3,1157,1,-5.45,0,0,0,0,0,0,0,0
2026-03-27 23:17:50.412,123.515,0,1162,1,-5.45,0,0,0,0,0,0,0,0
2026-03-27 23:17:50.460,123.563,-3,1164,-1,-5.45,0,0,0,0,0,0,0,0
2026-03-27 23:17:50.525,123.628,-3,1162,-1,-5.45,0,0,0,0,0,0,0,0
2026-03-27 23:17:50.540,123.643,-3,1160,-1,-5.45,0,0,0,0,0,0,0,0
2026-03-27 23:17:50.604,123.707,-3,1159,-1,-5.45,0,0,0,0,0,0,0,0
2026-03-27 23:17:50.716,123.819,-3,1161,-1,-5.45,0,0,0,0,0,0,0,0
2026-03-27 23:17:50.795,123.898,-3,1164,-1,-5.45,0,0,0,0,0,0,0,0
2026-03-27 23:17:50.797,123.900,-3,1164,1,438.09,0,0,0,0,0,0,0,0
2026-03-27 23:17:50.892,123.995,-3,1165,1,-5.45,0,0,0,0,0,0,0,0
2026-03-27 23:17:50.908,124.011,-3,1161,-1,-5.45,0,0,0,0,0,0,0,0
2026-03-27 23:17:51.004,124.107,-3,1161,1,1.48,0,0,0,0,0,0,0,0
2026-03-27 23:17:51.132,124.235,-3,1165,0,-5.45,0,0,0,0,0,0,0,0
2026-03-27 23:17:51.147,124.250,-3,1158,-1,-5.45,0,0,0,0,0,0,0,0
2026-03-27 23:17:51.212,124.315,-3,1161,-1,-5.45,0,0,0,0,0,0,0,0
2026-03-27 23:17:51.260,124.363,-3,1159,-1,-5.45,0,0,0,0,0,0,0,0
2026-03-27 23:17:51.276,124.379,-3,1155,-1,-5.45,0,0,0,0,0,0,0,0
2026-03-27 23:17:51.277,124.380,-3,1153,1,-5.45,0,0,0,0,0,0,0,0
2026-03-27 23:17:51.420,124.523,-3,1157,-1,-5.45,0,0,0,0,0,0,0,0
2026-03-27 23:17:51.422,124.525,-3,1157,-1,-5.45,0,0,0,0,0,0,0,0
2026-03-27 23:17:51.484,124.587,-3,1164,-1,8.41,0,0,0,0,0,0,0,0
2026-03-27 23:17:51.485,124.588,-3,1159,-1,-5.45,0,0,0,0,0,0,0,0
2026-03-27 23:17:51.532,124.635,-3,1157,-1,-5.45,0,0,0,0,0,0,0,0
2026-03-27 23:17:51.548,124.651,-5,1155,1,-5.45,0,0,0,0,0,0,0,0
2026-03-27 23:17:51.628,124.731,-3,1157,-1,-5.45,0,0,0,0,0,0,0,0
2026-03-27 23:17:51.644,124.747,-3,1155,-1,-5.45,0,0,0,0,0,0,0,0
2026-03-27 23:17:51.645,124.748,-3,1154,-1,-5.45,0,0,0,0,0,0,0,0
2026-03-27 23:17:51.756,124.859,-3,1152,1,-5.45,0,0,0,0,0,0,0,0
2026-03-27 23:17:51.931,125.034,-3,1154,-1,-5.45,0,0,0,0,0,0,0,0
2026-03-27 23:17:51.936,125.039,-3,1161,-1,-5.45,0,0,0,0,0,0,0,0
2026-03-27 23:17:51.939,125.042,-3,1159,-1,-5.45,0,0,0,0,0,0,0,0
2026-03-27 23:17:51.948,125.051,-3,1161,-1,-5.45,0,0,0,0,0,0,0,0
2026-03-27 23:17:52.029,125.132,-3,1164,-1,-5.45,0,0,0,0,0,0,0,0
2026-03-27 23:17:52.030,125.133,-3,1160,-3,-5.45,0,0,0,0,0,0,0,0
2026-03-27 23:17:52.140,125.243,-3,1162,-1,-5.45,0,0,0,0,0,0,0,0
2026-03-27 23:17:52.156,125.259,-3,1160,-1,-5.45,0,0,0,0,0,0,0,0
2026-03-27 23:17:52.252,125.355,-3,1160,1,-5.45,0,0,0,0,0,0,0,0
2026-03-27 23:17:52.428,125.531,-3,1168,-1,-5.45,0,0,0,0,0,0,0,0
2026-03-27 23:17:52.430,125.533,-3,1163,-1,-5.45,0,0,0,0,0,0,0,0
2026-03-27 23:17:52.508,125.611,-3,1162,-1,-5.45,0,0,0,0,0,0,0,0
2026-03-27 23:17:52.510,125.613,-3,1160,-1,-5.45,0,0,0,0,0,0,0,0
2026-03-27 23:17:52.604,125.707,-3,1158,-1,-5.45,0,0,0,0,0,0,0,0
2026-03-27 23:17:52.620,125.723,-3,1160,-1,-5.45,0,0,0,0,0,0,0,0
2026-03-27 23:17:52.699,125.802,-3,1161,-1,-5.45,0,0,0,0,0,0,0,0
2026-03-27 23:17:52.828,125.931,-4,1166,-1,-5.43,0,0,0,0,0,0,0,0
2026-03-27 23:17:52.829,125.932,-3,1158,1,-5.45,0,0,0,0,0,0,0,0
2026-03-27 23:17:52.876,125.979,-3,1164,-1,-5.45,0,0,0,0,0,0,0,0
2026-03-27 23:17:52.877,125.980,-3,1157,1,-5.45,0,0,0,0,0,0,0,0
2026-03-27 23:17:52.988,126.091,-3,1154,-1,-5.45,0,0,0,0,0,0,0,0
2026-03-27 23:17:53.036,126.139,-3,1164,-1,-5.45,0,0,0,0,0,0,0,0
2026-03-27 23:17:53.116,126.219,0,1165,1,9.14,0,0,0,0,0,0,0,0
2026-03-27 23:17:53.244,126.347,-3,1164,-1,9.14,0,0,0,0,0,0,0,0
2026-03-27 23:17:53.260,126.363,-3,1168,1,9.14,0,0,0,0,0,0,0,0
2026-03-27 23:17:53.340,126.443,-3,1159,1,-5.45,0,0,0,0,0,0,0,0
2026-03-27 23:17:53.420,126.523,0,1161,0,-5.45,0,0,0,0,0,0,0,0
2026-03-27 23:17:53.580,126.683,-3,1161,1,-5.45,0,0,0,0,0,0,0,0
2026-03-27 23:17:53.644,126.747,-3,1160,1,-5.45,0,0,0,0,0,0,0,0
2026-03-27 23:17:53.708,126.811,-3,1163,-1,-5.45,0,0,0,0,0,0,0,0
2026-03-27 23:17:53.804,126.907,-3,1157,1,-5.45,0,0,0,0,0,0,0,0
2026-03-27 23:17:53.932,127.035,-3,1168,-1,-5.45,0,0,0,0,0,0,0,0
2026-03-27 23:17:54.028,127.131,-3,1160,1,216.32,0,0,0,0,0,0,0,0
2026-03-27 23:17:54.140,127.243,-3,1167,-1,-5.45,0,0,0,0,0,0,0,0
2026-03-27 23:17:54.188,127.291,-3,1165,1,-5.45,0,0,0,0,0,0,0,0
2026-03-27 23:17:54.316,127.419,0,1158,1,-5.45,0,0,0,0,0,0,0,0
2026-03-27 23:17:54.331,127.434,0,1160,-1,-5.45,0,0,0,0,0,0,0,0
2026-03-27 23:17:54.380,127.483,-3,1159,1,-5.45,0,0,0,0,0,0,0,0
2026-03-27 23:17:54.412,127.515,-3,1163,-1,-5.45,0,0,0,0,0,0,0,0
2026-03-27 23:17:54.429,127.532,-3,1157,1,-5.45,0,0,0,0,0,0,0,0
2026-03-27 23:17:54.556,127.659,-3,1158,1,-5.45,0,0,0,0,0,0,0,0
2026-03-27 23:17:54.557,127.660,-3,1157,1,-5.45,0,0,0,0,0,0,0,0
2026-03-27 23:17:54.620,127.722,-3,1161,-1,22.27,0,0,0,0,0,0,0,0
2026-03-27 23:17:54.621,127.724,-3,1157,1,-5.45,0,0,0,0,0,0,0,0
2026-03-27 23:17:54.700,127.803,-5,1168,-1,-5.45,0,0,0,0,0,0,0,0
2026-03-27 23:17:54.812,127.915,-3,1163,-1,-5.45,0,0,0,0,0,0,0,0
2026-03-27 23:17:54.814,127.916,-3,1157,-1,-5.45,0,0,0,0,0,0,0,0
2026-03-27 23:17:54.909,128.011,-3,1159,-1,-5.45,0,0,0,0,0,0,0,0
2026-03-27 23:17:54.972,128.075,-3,1161,-1,-5.45,0,0,0,0,0,0,0,0
2026-03-27 23:17:54.973,128.076,-1,1157,1,-5.45,0,0,0,0,0,0,0,0
2026-03-27 23:17:55.083,128.186,-1,1153,-1,-5.45,0,0,0,0,0,0,0,0
2026-03-27 23:17:55.164,128.267,-1,1167,-1,-5.45,0,0,0,0,0,0,0,0
2026-03-27 23:17:55.260,128.363,-1,1162,-1,-5.45,0,0,0,0,0,0,0,0
2026-03-27 23:17:55.276,128.379,0,1157,0,-5.45,0,0,0,0,0,0,0,0
2026-03-27 23:17:55.388,128.491,-3,1155,-1,-5.45,0,0,0,0,0,0,0,0
2026-03-27 23:17:55.389,128.492,-3,1153,0,-5.45,0,0,0,0,0,0,0,0
2026-03-27 23:17:55.516,128.619,-3,1155,-1,-5.45,0,0,0,0,0,0,0,0
2026-03-27 23:17:55.517,128.620,-3,1160,-1,-4.58,0,0,0,0,0,0,0,0
2026-03-27 23:17:55.611,128.714,-3,1157,-1,-5.45,0,0,0,0,0,0,0,0
2026-03-27 23:17:55.613,128.716,-3,1163,0,-5.45,0,0,0,0,0,0,0,0
2026-03-27 23:17:55.628,128.731,-3,1158,-2,-5.45,0,0,0,0,0,0,0,0
2026-03-27 23:17:55.692,128.795,-3,1156,1,-5.45,0,0,0,0,0,0,0,0
2026-03-27 23:17:55.694,128.797,-3,1157,1,-5.45,0,0,0,0,0,0,0,0
2026-03-27 23:17:55.820,128.923,-2,1176,0,-5.45,0,0,0,0,0,0,0,0
2026-03-27 23:17:55.821,128.924,-2,1175,0,-5.45,0,0,0,0,0,0,0,0
2026-03-27 23:17:55.947,129.050,-2,1175,0,-5.45,0,0,0,0,0,0,0,0
2026-03-27 23:17:55.964,129.067,-4,1171,0,-5.45,0,0,0,0,0,0,0,0
2026-03-27 23:17:55.966,129.069,-3,1171,1,-5.45,0,0,0,0,0,0,0,0
2026-03-27 23:17:56.044,129.147,0,1173,0,216.32,0,0,0,0,0,0,0,0
2026-03-27 23:17:56.060,129.163,0,1165,0,-5.45,0,0,0,0,0,0,0,0
2026-03-27 23:17:56.124,129.227,0,1164,0,-5.45,0,0,0,0,0,0,0,0
2026-03-27 23:17:56.125,129.228,-3,1168,0,-5.45,0,0,0,0,0,0,0,0
2026-03-27 23:17:56.140,129.243,-3,1159,0,-5.45,0,0,0,0,0,0,0,0
2026-03-27 23:17:56.284,129.387,-3,1159,0,-5.45,0,0,0,0,0,0,0,0
2026-03-27 23:17:56.286,129.389,-3,1161,-1,-5.45,0,0,0,0,0,0,0,0
2026-03-27 23:17:56.364,129.467,-3,1156,-1,-5.45,0,0,0,0,0,0,0,0
2026-03-27 23:17:56.380,129.483,-3,1163,-1,-5.45,0,0,0,0,0,0,0,0
2026-03-27 23:17:56.381,129.484,-3,1158,-1,-5.45,0,0,0,0,0,0,0,0
2026-03-27 23:17:56.460,129.563,-3,1162,-1,-5.45,0,0,0,0,0,0,0,0
2026-03-27 23:17:56.461,129.564,-3,1157,-1,-5.45,0,0,0,0,0,0,0,0
2026-03-27 23:17:56.556,129.659,-3,1153,-1,-5.45,0,0,0,0,0,0,0,0
2026-03-27 23:17:56.557,129.660,-3,1156,-1,-5.45,0,0,0,0,0,0,0,0
2026-03-27 23:17:56.572,129.675,-3,1153,-1,-5.45,0,0,0,0,0,0,0,0
2026-03-27 23:17:56.700,129.803,-3,1152,-1,-5.45,0,0,0,0,0,0,0,0
2026-03-27 23:17:56.732,129.835,-3,1154,-1,-5.45,0,0,0,0,0,0,0,0
2026-03-27 23:17:56.734,129.837,-2,1157,2,-5.45,0,0,0,0,0,0,0,0
2026-03-27 23:17:56.859,129.962,-2,1154,0,-5.45,0,0,0,0,0,0,0,0
2026-03-27 23:17:56.875,129.978,-2,1155,0,-5.45,0,0,0,0,0,0,0,0
2026-03-27 23:17:56.877,129.980,-4,1156,-1,-5.45,0,0,0,0,0,0,0,0
2026-03-27 23:17:57.003,130.106,-3,1156,-1,-5.45,0,0,0,0,0,0,0,0
2026-03-27 23:17:57.052,130.155,-3,1153,-1,-5.45,0,0,0,0,0,0,0,0
2026-03-27 23:17:57.115,130.218,-3,1153,1,-5.45,0,0,0,0,0,0,0,0
2026-03-27 23:17:57.243,130.346,-3,1150,-1,-5.45,0,0,0,0,0,0,0,0
2026-03-27 23:17:57.308,130.411,-3,1152,-1,-5.45,0,0,0,0,0,0,0,0
2026-03-27 23:17:57.387,130.490,-1,1154,-1,-5.45,0,0,0,0,0,0,0,0
2026-03-27 23:17:57.389,130.492,0,1159,-1,-5.45,0,0,0,0,0,0,0,0
2026-03-27 23:17:57.467,130.570,-1,1156,-1,-5.45,0,0,0,0,0,0,0,0
2026-03-27 23:17:57.483,130.586,-3,1160,0,-5.45,0,0,0,0,0,0,0,0
2026-03-27 23:17:57.485,130.588,-3,1162,-1,-5.45,0,0,0,0,0,0,0,0
2026-03-27 23:17:57.611,130.714,-3,1156,1,-5.45,0,0,0,0,0,0,0,0
2026-03-27 23:17:57.740,130.843,-3,1157,-1,-5.45,0,0,0,0,0,0,0,0
2026-03-27 23:17:57.741,130.844,-3,1154,-1,-5.45,0,0,0,0,0,0,0,0
2026-03-27 23:17:57.803,130.906,-3,1150,-1,-5.45,0,0,0,0,0,0,0,0
2026-03-27 23:17:57.805,130.907,0,1153,1,-5.45,0,0,0,0,0,0,0,0
2026-03-27 23:17:57.820,130.923,0,1154,2,-5.45,0,0,0,0,0,0,0,0
2026-03-27 23:17:57.868,130.971,0,1159,0,-5.45,0,0,0,0,0,0,0,0
2026-03-27 23:17:57.964,131.067,0,1175,2,438.09,0,0,0,0,0,0,0,0
2026-03-27 23:17:58.076,131.179,0,1174,2,-5.34,0,0,0,0,0,0,0,0
2026-03-27 23:17:58.077,131.180,0,1167,0,-5.45,0,0,0,0,0,0,0,0
2026-03-27 23:17:58.156,131.259,0,1166,0,-5.45,0,0,0,0,0,0,0,0
2026-03-27 23:17:58.204,131.307,-2,1165,0,-5.45,0,0,0,0,0,0,0,0
2026-03-27 23:17:58.364,131.467,-2,1160,2,-5.45,0,0,0,0,0,0,0,0
2026-03-27 23:17:58.412,131.515,-2,1159,0,-5.45,0,0,0,0,0,0,0,0
2026-03-27 23:17:58.492,131.595,-1,1161,1,-5.45,0,0,0,0,0,0,0,0
2026-03-27 23:17:58.604,131.707,-2,1166,0,-5.45,0,0,0,0,0,0,0,0
2026-03-27 23:17:58.652,131.755,-2,1165,0,-5.45,0,0,0,0,0,0,0,0
2026-03-27 23:17:58.732,131.835,-2,1165,0,-5.45,0,0,0,0,0,0,0,0
2026-03-27 23:17:58.875,131.978,-2,1159,0,-5.45,0,0,0,0,0,0,0,0
2026-03-27 23:17:58.908,132.011,-2,1162,2,-5.45,0,0,0,0,0,0,0,0
2026-03-27 23:17:58.972,132.075,-2,1162,0,-5.45,0,0,0,0,0,0,0,0
2026-03-27 23:17:59.084,132.187,-2,1161,2,-5.45,0,0,0,0,0,0,0,0
2026-03-27 23:17:59.116,132.219,-2,1161,2,-5.45,0,0,0,0,0,0,0,0
2026-03-27 23:17:59.212,132.315,-2,1162,0,-5.45,0,0,0,0,0,0,0,0
2026-03-27 23:17:59.308,132.410,-1,1164,0,-5.45,0,0,0,0,0,0,0,0
2026-03-27 23:17:59.309,132.412,-2,1156,2,-5.45,0,0,0,0,0,0,0,0
2026-03-27 23:17:59.372,132.475,-2,1158,2,-5.44,0,0,0,0,0,0,0,0
2026-03-27 23:17:59.387,132.490,-2,1160,0,-5.45,0,0,0,0,0,0,0,0
2026-03-27 23:17:59.468,132.571,-2,1158,0,-5.45,0,0,0,0,0,0,0,0
2026-03-27 23:17:59.469,132.572,-1,1158,0,-5.45,0,0,0,0,0,0,0,0
2026-03-27 23:17:59.596,132.699,-1,1163,0,-5.45,0,0,0,0,0,0,0,0
2026-03-27 23:17:59.708,132.811,-1,1165,2,-5.45,0,0,0,0,0,0,0,0
2026-03-27 23:17:59.709,132.812,-1,1161,3,-5.45,0,0,0,0,0,0,0,0
2026-03-27 23:17:59.867,132.970,-2,1158,2,-5.45,0,0,0,0,0,0,0,0
2026-03-27 23:17:59.868,132.971,-2,1154,2,-5.45,0,0,0,0,0,0,0,0
2026-03-27 23:17:59.870,132.973,-2,1153,2,-5.45,0,0,0,0,0,0,0,0
2026-03-27 23:17:59.964,133.067,-3,1152,-1,-5.45,0,0,0,0,0,0,0,0
2026-03-27 23:18:00.027,133.130,-3,1154,-1,-5.45,0,0,0,0,0,0,0,0
2026-03-27 23:18:00.204,133.307,-3,1154,0,-4.06,0,0,0,0,0,0,0,0
2026-03-27 23:18:00.235,133.338,-3,1176,-1,-5.45,0,0,0,0,0,0,0,0
2026-03-27 23:18:00.348,133.451,-3,1171,-4,-4.61,0,0,0,0,0,0,0,0
2026-03-27 23:18:00.444,133.547,-3,1168,-1,-5.45,0,0,0,0,0,0,0,0
2026-03-27 23:18:00.492,133.595,-3,1170,2,-5.45,0,0,0,0,0,0,0,0
2026-03-27 23:18:00.587,133.690,-3,1166,-1,-5.45,0,0,0,0,0,0,0,0
2026-03-27 23:18:00.667,133.770,-3,1177,1,-5.45,0,0,0,0,0,0,0,0
2026-03-27 23:18:00.747,133.850,-3,1174,-1,-5.45,0,0,0,0,0,0,0,0
2026-03-27 23:18:00.795,133.898,-3,1165,-1,-5.45,0,0,0,0,0,0,0,0
2026-03-27 23:18:00.892,133.995,-2,1161,2,-5.45,0,0,0,0,0,0,0,0
2026-03-27 23:18:00.972,134.075,-1,1157,0,-5.45,0,0,0,0,0,0,0,0
2026-03-27 23:18:01.068,134.171,-1,1155,0,-5.45,0,0,0,0,0,0,0,0
2026-03-27 23:18:01.133,134.236,-1,1171,0,8.41,0,0,0,0,0,0,0,0
2026-03-27 23:18:01.199,134.302,-1,1170,0,-5.45,0,0,0,0,0,0,0,0
2026-03-27 23:18:01.355,134.458,0,1163,0,216.98,0,0,0,0,0,0,0,0
2026-03-27 23:18:01.451,134.554,-1,1158,0,216.98,0,0,0,0,0,0,0,0
2026-03-27 23:18:01.563,134.666,-1,1154,3,8.97,0,0,0,0,0,0,0,0
2026-03-27 23:18:01.819,134.922,-2,1153,0,-5.45,0,0,0,0,0,0,0,0
2026-03-27 23:18:02.299,135.402,0,1153,0,11.14,0,0,0,0,0,0,0,0
2026-03-27 23:18:02.523,135.626,-2,1156,0,-5.45,0,0,0,0,0,0,0,0
2026-03-27 23:18:02.571,135.674,-2,1157,0,-5.45,0,0,0,0,0,0,0,0
2026-03-27 23:18:02.924,136.027,-2,1175,0,-1.36,0,0,0,0,0,0,0,0
2026-03-27 23:18:03.020,136.123,0,1153,2,-5.45,0,0,0,0,0,0,0,0
2026-03-27 23:18:03.099,136.202,-2,1152,0,-5.45,0,0,0,0,0,0,0,0
2026-03-27 23:18:03.211,136.314,-2,1161,0,-5.45,0,0,0,0,0,0,0,0
2026-03-27 23:18:03.307,136.410,0,1162,2,-5.45,0,0,0,0,0,0,0,0
2026-03-27 23:18:03.627,136.730,-2,1157,0,442.78,0,0,0,0,0,0,0,0
2026-03-27 23:18:03.707,136.810,-2,1166,0,442.78,0,0,0,0,0,0,0,0
2026-03-27 23:18:03.771,136.874,-2,1162,0,442.78,0,0,0,0,0,0,0,0
2026-03-27 23:18:03.915,137.018,-1,1156,0,-5.45,0,0,0,0,0,0,0,0
2026-03-27 23:18:03.964,137.067,-2,1157,0,-5.45,0,0,0,0,0,0,0,0
2026-03-27 23:18:04.075,137.178,-1,1163,0,-5.45,0,0,0,0,0,0,0,0
2026-03-27 23:18:04.140,137.243,-1,1161,2,-5.45,0,0,0,0,0,0,0,0
2026-03-27 23:18:04.220,137.323,-2,1160,-1,-5.45,0,0,0,0,0,0,0,0
2026-03-27 23:18:04.283,137.386,-1,1160,0,-5.45,0,0,0,0,0,0,0,0
2026-03-27 23:18:04.347,137.450,-1,1166,0,-5.45,0,0,0,0,0,0,0,0
2026-03-27 23:18:04.444,137.547,-1,1164,3,-5.45,0,0,0,0,0,0,0,0
2026-03-27 23:18:04.524,137.627,-1,1163,0,-5.45,0,0,0,0,0,0,0,0
2026-03-27 23:18:04.651,137.754,-1,1171,0,-0.33,0,0,0,0,0,0,0,0
2026-03-27 23:18:04.748,137.851,-1,1165,0,-5.45,0,0,0,0,0,0,0,0
2026-03-27 23:18:04.828,137.931,-1,1167,0,-5.45,0,0,0,0,0,0,0,0
2026-03-27 23:18:04.907,138.010,-1,1160,0,-5.45,0,0,0,0,0,0,0,0
2026-03-27 23:18:04.955,138.058,-1,1159,0,-5.45,0,0,0,0,0,0,0,0
2026-03-27 23:18:05.035,138.138,1,1155,0,-5.45,0,0,0,0,0,0,0,0
2026-03-27 23:18:05.115,138.218,1,1158,0,-5.45,0,0,0,0,0,0,0,0
2026-03-27 23:18:05.259,138.362,1,1155,0,-5.45,0,0,0,0,0,0,0,0
2026-03-27 23:18:05.308,138.411,1,1157,3,-5.45,0,0,0,0,0,0,0,0
2026-03-27 23:18:05.309,138.412,1,1160,3,-5.45,0,0,0,0,0,0,0,0
2026-03-27 23:18:05.450,138.553,0,1156,0,-5.45,0,0,0,0,0,0,0,0
2026-03-27 23:18:05.452,138.555,1,1162,0,-5.45,0,0,0,0,0,0,0,0
2026-03-27 23:18:05.500,138.603,0,1172,0,-5.45,0,0,0,0,0,0,0,0
2026-03-27 23:18:05.596,138.699,0,1168,0,-5.45,0,0,0,0,0,0,0,0
2026-03-27 23:18:05.691,138.794,0,1168,0,-5.45,0,0,0,0,0,0,0,0
2026-03-27 23:18:05.692,138.795,0,1163,3,-5.45,0,0,0,0,0,0,0,0
2026-03-27 23:18:05.836,138.939,0,1167,0,-5.45,0,0,0,0,0,0,0,0
2026-03-27 23:18:05.851,138.954,0,1167,0,-5.45,0,0,0,0,0,0,0,0
2026-03-27 23:18:05.931,139.034,1,1167,0,-5.45,0,0,0,0,0,0,0,0
2026-03-27 23:18:05.933,139.036,0,1167,3,-5.45,0,0,0,0,0,0,0,0
2026-03-27 23:18:05.934,139.037,0,1161,2,-5.45,0,0,0,0,0,0,0,0
2026-03-27 23:18:05.995,139.098,1,1161,0,-5.45,0,0,0,0,0,0,0,0
2026-03-27 23:18:05.996,139.099,0,1165,0,-5.45,0,0,0,0,0,0,0,0
2026-03-27 23:18:06.123,139.226,0,1162,3,-5.45,0,0,0,0,0,0,0,0
2026-03-27 23:18:06.126,139.229,0,1163,0,-5.45,0,0,0,0,0,0,0,0
2026-03-27 23:18:06.203,139.306,0,1159,0,-5.45,0,0,0,0,0,0,0,0
2026-03-27 23:18:06.204,139.307,0,1157,0,-5.45,0,0,0,0,0,0,0,0
2026-03-27 23:18:06.347,139.450,1,1160,0,-5.45,0,0,0,0,0,0,0,0
2026-03-27 23:18:06.348,139.451,1,1162,0,-5.45,0,0,0,0,0,0,0,0
2026-03-27 23:18:06.350,139.453,0,1163,0,-5.45,0,0,0,0,0,0,0,0
2026-03-27 23:18:06.396,139.499,0,1168,0,-5.45,0,0,0,0,0,0,0,0
2026-03-27 23:18:06.397,139.500,0,1168,3,-5.45,0,0,0,0,0,0,0,0
2026-03-27 23:18:06.491,139.594,0,1169,0,-5.45,0,0,0,0,0,0,0,0
2026-03-27 23:18:06.492,139.595,0,1169,0,-5.45,0,0,0,0,0,0,0,0
2026-03-27 23:18:06.603,139.706,0,1169,3,-5.45,0,0,0,0,0,0,0,0
2026-03-27 23:18:06.605,139.708,0,1168,0,-5.45,0,0,0,0,0,0,0,0
2026-03-27 23:18:06.699,139.802,1,1166,0,-5.45,0,0,0,0,0,0,0,0
2026-03-27 23:18:06.860,139.963,1,1163,0,-5.45,0,0,0,0,0,0,0,0
2026-03-27 23:18:06.891,139.994,-1,1166,0,-5.45,0,0,0,0,0,0,0,0
2026-03-27 23:18:07.035,140.138,0,1165,0,-5.45,0,0,0,0,0,0,0,0
2026-03-27 23:18:07.050,140.153,0,1166,0,-5.45,0,0,0,0,0,0,0,0
2026-03-27 23:18:07.163,140.266,1,1164,0,-5.45,0,0,0,0,0,0,0,0
2026-03-27 23:18:07.164,140.267,0,1159,3,-5.45,0,0,0,0,0,0,0,0
2026-03-27 23:18:07.166,140.269,-1,1166,0,-5.45,0,0,0,0,0,0,0,0
2026-03-27 23:18:07.243,140.346,-1,1159,3,-5.45,0,0,0,0,0,0,0,0
2026-03-27 23:18:07.435,140.538,-1,1161,0,-5.45,0,0,0,0,0,0,0,0
2026-03-27 23:18:07.436,140.539,-1,1167,0,-5.45,0,0,0,0,0,0,0,0
2026-03-27 23:18:07.450,140.553,-1,1167,0,-5.45,0,0,0,0,0,0,0,0
2026-03-27 23:18:07.468,140.571,-1,1169,0,-5.45,0,0,0,0,0,0,0,0
2026-03-27 23:18:07.470,140.573,-1,1165,3,-5.45,0,0,0,0,0,0,0,0
2026-03-27 23:18:07.627,140.730,-1,1161,0,-5.45,0,0,0,0,0,0,0,0
2026-03-27 23:18:07.643,140.746,1,1163,3,-5.45,0,0,0,0,0,0,0,0
2026-03-27 23:18:07.690,140.793,1,1163,0,-5.45,0,0,0,0,0,0,0,0
2026-03-27 23:18:07.692,140.795,0,1161,0,-5.45,0,0,0,0,0,0,0,0
2026-03-27 23:18:07.693,140.796,0,1167,0,-5.45,0,0,0,0,0,0,0,0
2026-03-27 23:18:07.804,140.907,1,1165,0,-5.45,0,0,0,0,0,0,0,0
2026-03-27 23:18:07.805,140.908,1,1160,0,-5.45,0,0,0,0,0,0,0,0
2026-03-27 23:18:07.946,141.049,1,1166,3,-5.45,0,0,0,0,0,0,0,0
2026-03-27 23:18:07.948,141.051,1,1166,0,-5.45,0,0,0,0,0,0,0,0
2026-03-27 23:18:07.949,141.052,0,1166,0,-5.45,0,0,0,0,0,0,0,0
2026-03-27 23:18:08.043,141.146,0,1166,0,-5.45,0,0,0,0,0,0,0,0
2026-03-27 23:18:08.044,141.147,0,1169,3,-5.45,0,0,0,0,0,0,0,0
2026-03-27 23:18:08.155,141.258,0,1169,0,-5.45,0,0,0,0,0,0,0,0
2026-03-27 23:18:08.156,141.259,0,1163,0,-5.45,0,0,0,0,0,0,0,0
2026-03-27 23:18:08.219,141.322,0,1162,3,-5.45,0,0,0,0,0,0,0,0
2026-03-27 23:18:08.315,141.418,1,1159,3,-5.45,0,0,0,0,0,0,0,0
2026-03-27 23:18:08.443,141.546,0,1165,0,-5.45,0,0,0,0,0,0,0,0
2026-03-27 23:18:08.539,141.642,1,1161,0,-5.45,0,0,0,0,0,0,0,0
2026-03-27 23:18:08.603,141.706,0,1158,0,2.38,0,0,0,0,0,0,0,0
2026-03-27 23:18:08.700,141.803,-1,1177,0,1.67,0,0,0,0,0,0,0,0
2026-03-27 23:18:08.747,141.850,-1,1169,0,2.25,0,0,0,0,0,0,0,0
2026-03-27 23:18:08.891,141.994,1,1158,0,2.25,0,0,0,0,0,0,0,0
2026-03-27 23:18:08.938,142.041,0,1162,0,2.25,0,0,0,0,0,0,0,0
2026-03-27 23:18:08.971,142.074,0,1168,0,-5.45,0,0,0,0,0,0,0,0
2026-03-27 23:18:09.083,142.186,1,1166,3,-5.45,0,0,0,0,0,0,0,0
2026-03-27 23:18:09.195,142.298,0,1168,3,-5.45,0,0,0,0,0,0,0,0
2026-03-27 23:18:09.259,142.362,1,1163,0,-5.45,0,0,0,0,0,0,0,0
2026-03-27 23:18:09.388,142.491,-1,1171,3,-5.45,0,0,0,0,0,0,0,0
2026-03-27 23:18:09.389,142.492,-2,1163,0,-5.45,0,0,0,0,0,0,0,0
2026-03-27 23:18:09.467,142.570,-1,1163,-1,-5.62,0,0,0,0,0,0,0,0
2026-03-27 23:18:09.739,142.842,-1,1162,-1,1.95,0,0,0,0,0,0,0,0
2026-03-27 23:18:10.507,143.610,-1,1156,-1,-0.14,0,0,0,0,0,0,0,0
2026-03-27 23:18:10.843,143.946,-3,1153,-1,0.79,0,0,0,0,0,0,0,0
2026-03-27 23:18:10.939,144.042,-3,1155,-1,0.79,0,0,0,0,0,0,0,0
2026-03-27 23:18:11.003,144.106,-4,1156,-1,0.79,0,0,0,0,0,0,0,0
2026-03-27 23:18:14.795,147.898,-1,1165,0,-5.45,0,0,0,0,0,0,0,0
2026-03-27 23:18:14.859,147.962,-1,1160,0,-5.45,0,0,0,0,0,0,0,0
2026-03-27 23:18:14.907,148.010,-2,1159,0,-5.45,0,0,0,0,0,0,0,0
2026-03-27 23:18:15.003,148.106,-1,1157,0,-5.45,0,0,0,0,0,0,0,0
2026-03-27 23:18:15.051,148.154,-2,1156,0,-5.45,0,0,0,0,0,0,0,0
2026-03-27 23:18:15.131,148.234,-2,1156,0,-5.45,0,0,0,0,0,0,0,0
2026-03-27 23:18:15.259,148.362,-1,1154,0,-5.45,0,0,0,0,0,0,0,0
2026-03-27 23:18:15.291,148.394,-1,1153,0,-5.45,0,0,0,0,0,0,0,0
2026-03-27 23:18:15.435,148.538,-1,1155,0,-5.45,0,0,0,0,0,0,0,0
2026-03-27 23:18:15.515,148.618,-1,1155,1,-5.45,0,0,0,0,0,0,0,0
2026-03-27 23:18:15.579,148.682,-1,1154,0,-5.45,0,0,0,0,0,0,0,0
2026-03-27 23:18:15.691,148.794,-2,1152,0,-5.45,0,0,0,0,0,0,0,0
2026-03-27 23:18:15.707,148.810,-2,1156,0,-5.45,0,0,0,0,0,0,0,0
2026-03-27 23:18:15.787,148.890,-1,1156,0,-5.45,0,0,0,0,0,0,0,0
2026-03-27 23:18:15.914,149.017,-2,1155,2,-5.45,0,0,0,0,0,0,0,0
2026-03-27 23:18:15.916,149.019,-1,1154,0,-5.45,0,0,0,0,0,0,0,0
2026-03-27 23:18:15.917,149.020,-2,1154,0,-5.45,0,0,0,0,0,0,0,0
2026-03-27 23:18:16.027,149.130,0,1155,0,-5.45,0,0,0,0,0,0,0,0
2026-03-27 23:18:16.042,149.145,0,1156,0,-5.45,0,0,0,0,0,0,0,0
2026-03-27 23:18:16.123,149.226,0,1158,0,-5.45,0,0,0,0,0,0,0,0
2026-03-27 23:18:16.125,149.228,-1,1155,0,-5.45,0,0,0,0,0,0,0,0
2026-03-27 23:18:16.218,149.321,-2,1154,0,-5.45,0,0,0,0,0,0,0,0
2026-03-27 23:18:16.219,149.322,-1,1155,0,-5.45,0,0,0,0,0,0,0,0
2026-03-27 23:18:16.234,149.337,-1,1154,0,-5.45,0,0,0,0,0,0,0,0
2026-03-27 23:18:16.347,149.450,-1,1154,0,-5.45,0,0,0,0,0,0,0,0
2026-03-27 23:18:16.427,149.530,-2,1156,0,-5.45,0,0,0,0,0,0,0,0
2026-03-27 23:18:16.442,149.545,-2,1155,0,-5.45,0,0,0,0,0,0,0,0
2026-03-27 23:18:16.571,149.674,-1,1155,0,-5.45,0,0,0,0,0,0,0,0
2026-03-27 23:18:16.572,149.675,-1,1155,0,-5.45,0,0,0,0,0,0,0,0
2026-03-27 23:18:16.574,149.677,-2,1154,0,-5.45,0,0,0,0,0,0,0,0
2026-03-27 23:18:16.699,149.802,-2,1156,2,-5.45,0,0,0,0,0,0,0,0
2026-03-27 23:18:16.701,149.804,-1,1154,0,-5.45,0,0,0,0,0,0,0,0
2026-03-27 23:18:16.794,149.897,-2,1155,0,-5.45,0,0,0,0,0,0,0,0
2026-03-27 23:18:16.810,149.913,0,1153,0,-5.45,0,0,0,0,0,0,0,0
2026-03-27 23:18:16.811,149.914,0,1154,0,-5.45,0,0,0,0,0,0,0,0
2026-03-27 23:18:16.891,149.994,-1,1152,0,-5.45,0,0,0,0,0,0,0,0
2026-03-27 23:18:16.894,149.997,-1,1156,0,-5.45,0,0,0,0,0,0,0,0
2026-03-27 23:18:17.002,150.105,-2,1158,0,-5.45,0,0,0,0,0,0,0,0
2026-03-27 23:18:17.146,150.249,-1,1155,0,-5.45,0,0,0,0,0,0,0,0
2026-03-27 23:18:17.162,150.265,-1,1156,0,-5.45,0,0,0,0,0,0,0,0
2026-03-27 23:18:17.274,150.377,-1,1154,0,-5.45,0,0,0,0,0,0,0,0
2026-03-27 23:18:17.275,150.378,-2,1157,2,-5.45,0,0,0,0,0,0,0,0
2026-03-27 23:18:17.290,150.393,-2,1157,2,-5.45,0,0,0,0,0,0,0,0
2026-03-27 23:18:17.323,150.426,-2,1157,0,-5.45,0,0,0,0,0,0,0,0
2026-03-27 23:18:17.338,150.441,-2,1157,0,-5.45,0,0,0,0,0,0,0,0
2026-03-27 23:18:17.466,150.569,-2,1155,0,-5.45,0,0,0,0,0,0,0,0
2026-03-27 23:18:17.468,150.571,-1,1153,0,-5.45,0,0,0,0,0,0,0,0
2026-03-27 23:18:17.499,150.602,-2,1155,0,-5.45,0,0,0,0,0,0,0,0
2026-03-27 23:18:17.626,150.729,0,1157,3,-5.45,0,0,0,0,0,0,0,0
2026-03-27 23:18:17.723,150.826,-1,1161,0,-5.45,0,0,0,0,0,0,0,0
2026-03-27 23:18:17.724,150.827,-1,1161,0,-5.45,0,0,0,0,0,0,0,0
2026-03-27 23:18:17.882,150.985,-1,1157,0,-5.45,0,0,0,0,0,0,0,0
2026-03-27 23:18:17.889,150.992,-1,1154,2,-5.45,0,0,0,0,0,0,0,0
2026-03-27 23:18:17.895,150.998,-2,1156,0,-5.45,0,0,0,0,0,0,0,0
2026-03-27 23:18:17.946,151.049,-2,1158,0,-5.45,0,0,0,0,0,0,0,0
2026-03-27 23:18:17.994,151.097,0,1155,0,-5.45,0,0,0,0,0,0,0,0
2026-03-27 23:18:18.299,151.402,-2,1159,0,-5.45,0,0,0,0,0,0,0,0
2026-03-27 23:18:18.300,151.403,-2,1161,0,-5.45,0,0,0,0,0,0,0,0
2026-03-27 23:18:18.410,151.513,-1,1160,0,-5.45,0,0,0,0,0,0,0,0
2026-03-27 23:18:18.411,151.514,-2,1159,0,-5.45,0,0,0,0,0,0,0,0
2026-03-27 23:18:18.412,151.515,-1,1160,0,-5.45,0,0,0,0,0,0,0,0
2026-03-27 23:18:18.554,151.657,-1,1157,0,-5.45,0,0,0,0,0,0,0,0
2026-03-27 23:18:18.634,151.737,-2,1158,2,-5.45,0,0,0,0,0,0,0,0
2026-03-27 23:18:18.762,151.865,0,1157,0,-5.45,0,0,0,0,0,0,0,0
2026-03-27 23:18:18.764,151.867,0,1160,0,-5.45,0,0,0,0,0,0,0,0
2026-03-27 23:18:18.779,151.882,0,1156,0,-5.45,0,0,0,0,0,0,0,0
2026-03-27 23:18:18.780,151.883,1,1158,0,-5.45,0,0,0,0,0,0,0,0
2026-03-27 23:18:18.794,151.897,0,1158,0,-5.45,0,0,0,0,0,0,0,0
2026-03-27 23:18:18.906,152.009,0,1156,0,-5.45,0,0,0,0,0,0,0,0
2026-03-27 23:18:18.908,152.011,0,1158,0,-5.45,0,0,0,0,0,0,0,0
2026-03-27 23:18:18.970,152.073,0,1158,0,-5.45,0,0,0,0,0,0,0,0
2026-03-27 23:18:18.971,152.074,0,1158,0,-5.45,0,0,0,0,0,0,0,0
2026-03-27 23:18:18.986,152.089,-1,1155,0,-5.45,0,0,0,0,0,0,0,0
2026-03-27 23:18:19.067,152.170,-2,1153,2,-5.45,0,0,0,0,0,0,0,0
2026-03-27 23:18:19.083,152.186,0,1156,0,-5.45,0,0,0,0,0,0,0,0
2026-03-27 23:18:19.085,152.188,0,1156,2,-5.45,0,0,0,0,0,0,0,0
2026-03-27 23:18:19.179,152.282,0,1157,0,-5.45,0,0,0,0,0,0,0,0
2026-03-27 23:18:19.180,152.283,0,1160,0,-5.45,0,0,0,0,0,0,0,0
2026-03-27 23:18:19.290,152.393,0,1159,0,-5.45,0,0,0,0,0,0,0,0
2026-03-27 23:18:19.322,152.425,-2,1158,2,-5.45,0,0,0,0,0,0,0,0
2026-03-27 23:18:19.324,152.427,-2,1160,0,-5.45,0,0,0,0,0,0,0,0
2026-03-27 23:18:19.450,152.553,-2,1157,2,-5.45,0,0,0,0,0,0,0,0
2026-03-27 23:18:19.466,152.569,0,1159,0,-5.45,0,0,0,0,0,0,0,0
2026-03-27 23:18:19.471,152.574,0,1158,0,-5.45,0,0,0,0,0,0,0,0
2026-03-27 23:18:19.562,152.665,-2,1158,0,-5.45,0,0,0,0,0,0,0,0
2026-03-27 23:18:19.564,152.667,-2,1160,0,-5.45,0,0,0,0,0,0,0,0
2026-03-27 23:18:19.626,152.729,-2,1162,2,-5.45,0,0,0,0,0,0,0,0
2026-03-27 23:18:19.770,152.873,0,1160,0,-5.45,0,0,0,0,0,0,0,0
2026-03-27 23:18:19.772,152.875,0,1162,2,-5.45,0,0,0,0,0,0,0,0
2026-03-27 23:18:19.834,152.937,-2,1159,0,-5.45,0,0,0,0,0,0,0,0
2026-03-27 23:18:19.840,152.943,-1,1157,3,-5.45,0,0,0,0,0,0,0,0
2026-03-27 23:18:19.850,152.953,-2,1158,0,-5.45,0,0,0,0,0,0,0,0
2026-03-27 23:18:19.882,152.985,-2,1161,0,-5.45,0,0,0,0,0,0,0,0
2026-03-27 23:18:19.886,152.989,-2,1161,2,-5.45,0,0,0,0,0,0,0,0
2026-03-27 23:18:20.059,153.162,-2,1157,0,-5.45,0,0,0,0,0,0,0,0
2026-03-27 23:18:20.060,153.163,-2,1164,0,-5.45,0,0,0,0,0,0,0,0
2026-03-27 23:18:20.090,153.193,-1,1164,2,-5.45,0,0,0,0,0,0,0,0
2026-03-27 23:18:20.092,153.195,-2,1162,2,-5.45,0,0,0,0,0,0,0,0
2026-03-27 23:18:20.250,153.353,-2,1163,0,-5.45,0,0,0,0,0,0,0,0
2026-03-27 23:18:20.252,153.355,-1,1157,0,-5.45,0,0,0,0,0,0,0,0
2026-03-27 23:18:20.346,153.449,-2,1155,0,-5.45,0,0,0,0,0,0,0,0
2026-03-27 23:18:20.442,153.545,-1,1156,0,-5.45,0,0,0,0,0,0,0,0
2026-03-27 23:18:20.458,153.561,-1,1158,0,-5.45,0,0,0,0,0,0,0,0
2026-03-27 23:18:20.555,153.658,-1,1158,0,-5.45,0,0,0,0,0,0,0,0
2026-03-27 23:18:20.558,153.661,-1,1158,3,-5.45,0,0,0,0,0,0,0,0
2026-03-27 23:18:20.559,153.662,-1,1154,2,-5.45,0,0,0,0,0,0,0,0
2026-03-27 23:18:20.618,153.721,-1,1158,0,-5.45,0,0,0,0,0,0,0,0
2026-03-27 23:18:20.778,153.881,-1,1168,0,-5.45,0,0,0,0,0,0,0,0
2026-03-27 23:18:20.859,153.962,-1,1159,0,-5.45,0,0,0,0,0,0,0,0
2026-03-27 23:18:21.002,154.105,-1,1168,0,-5.45,0,0,0,0,0,0,0,0
2026-03-27 23:18:21.004,154.107,-1,1169,3,-5.45,0,0,0,0,0,0,0,0
2026-03-27 23:18:21.066,154.169,-1,1164,3,-5.45,0,0,0,0,0,0,0,0
2026-03-27 23:18:21.082,154.185,-1,1168,3,-5.45,0,0,0,0,0,0,0,0
2026-03-27 23:18:21.084,154.187,-1,1164,0,-5.45,0,0,0,0,0,0,0,0
2026-03-27 23:18:21.146,154.249,-1,1167,0,-5.45,0,0,0,0,0,0,0,0
2026-03-27 23:18:21.147,154.250,-1,1171,2,-5.45,0,0,0,0,0,0,0,0
2026-03-27 23:18:21.273,154.376,-1,1165,3,-5.45,0,0,0,0,0,0,0,0
2026-03-27 23:18:21.279,154.382,-1,1161,3,-5.45,0,0,0,0,0,0,0,0
2026-03-27 23:18:21.290,154.393,-1,1163,2,-5.45,0,0,0,0,0,0,0,0
2026-03-27 23:18:21.434,154.537,-1,1162,2,-5.45,0,0,0,0,0,0,0,0
2026-03-27 23:18:21.531,154.634,-1,1158,0,-5.45,0,0,0,0,0,0,0,0
2026-03-27 23:18:21.594,154.697,-1,1160,3,-5.45,0,0,0,0,0,0,0,0
2026-03-27 23:18:21.596,154.699,-1,1162,3,-5.45,0,0,0,0,0,0,0,0
2026-03-27 23:18:21.690,154.793,-1,1160,2,-5.45,0,0,0,0,0,0,0,0
2026-03-27 23:18:21.691,154.794,-1,1158,2,-5.45,0,0,0,0,0,0,0,0
2026-03-27 23:18:21.692,154.795,-1,1160,0,-5.45,0,0,0,0,0,0,0,0
2026-03-27 23:18:21.770,154.873,-1,1157,0,-5.45,0,0,0,0,0,0,0,0
2026-03-27 23:18:21.772,154.875,-2,1159,0,49.99,0,0,0,0,0,0,0,0
2026-03-27 23:18:21.866,154.969,-1,1158,0,-5.45,0,0,0,0,0,0,0,0
2026-03-27 23:18:21.979,155.082,-1,1160,0,-5.45,0,0,0,0,0,0,0,0
2026-03-27 23:18:21.981,155.084,-1,1162,0,-5.45,0,0,0,0,0,0,0,0
2026-03-27 23:18:22.026,155.129,-1,1162,3,-5.45,0,0,0,0,0,0,0,0
2026-03-27 23:18:22.028,155.131,-1,1160,0,-5.45,0,0,0,0,0,0,0,0
2026-03-27 23:18:22.122,155.225,-1,1160,0,-5.45,0,0,0,0,0,0,0,0
2026-03-27 23:18:22.138,155.241,-1,1162,0,-5.45,0,0,0,0,0,0,0,0
2026-03-27 23:18:22.139,155.242,-1,1160,3,-5.45,0,0,0,0,0,0,0,0
2026-03-27 23:18:22.267,155.370,-1,1157,3,-5.45,0,0,0,0,0,0,0,0
2026-03-27 23:18:22.269,155.372,-1,1158,0,-5.45,0,0,0,0,0,0,0,0
2026-03-27 23:18:22.330,155.433,-2,1155,0,-5.45,0,0,0,0,0,0,0,0
2026-03-27 23:18:22.490,155.593,-1,1155,2,-5.45,0,0,0,0,0,0,0,0
2026-03-27 23:18:22.569,155.672,-1,1155,0,-5.45,0,0,0,0,0,0,0,0
2026-03-27 23:18:22.586,155.689,-1,1157,0,-5.45,0,0,0,0,0,0,0,0
2026-03-27 23:18:22.588,155.691,-1,1163,0,-5.45,0,0,0,0,0,0,0,0
2026-03-27 23:18:22.698,155.801,-1,1160,0,-4.17,0,0,0,0,0,0,0,0
2026-03-27 23:18:22.747,155.850,0,1157,2,-5.45,0,0,0,0,0,0,0,0
2026-03-27 23:18:22.752,155.855,-2,1155,0,-5.45,0,0,0,0,0,0,0,0
2026-03-27 23:18:22.890,155.993,-2,1157,0,-5.45,0,0,0,0,0,0,0,0
2026-03-27 23:18:22.905,156.008,-2,1159,2,-5.45,0,0,0,0,0,0,0,0
2026-03-27 23:18:22.938,156.041,-1,1155,0,-5.45,0,0,0,0,0,0,0,0
2026-03-27 23:18:23.002,156.105,-1,1169,3,-5.45,0,0,0,0,0,0,0,0
2026-03-27 23:18:23.018,156.121,-1,1164,3,-5.45,0,0,0,0,0,0,0,0
2026-03-27 23:18:23.147,156.250,-1,1164,0,-5.45,0,0,0,0,0,0,0,0
2026-03-27 23:18:23.162,156.265,-1,1172,0,220.56,0,0,0,0,0,0,0,0
2026-03-27 23:18:23.274,156.377,-1,1164,0,220.56,0,0,0,0,0,0,0,0
2026-03-27 23:18:23.323,156.426,0,1165,0,220.56,0,0,0,0,0,0,0,0
2026-03-27 23:18:23.434,156.537,0,1160,0,-0.78,0,0,0,0,0,0,0,0
2026-03-27 23:18:23.563,156.666,-1,1162,0,-0.78,0,0,0,0,0,0,0,0
2026-03-27 23:18:23.706,156.809,-1,1161,0,-2.33,0,0,0,0,0,0,0,0
2026-03-27 23:18:23.770,156.873,-1,1159,0,24.33,0,0,0,0,0,0,0,0
2026-03-27 23:18:23.883,156.986,-2,1160,0,440.67,0,0,0,0,0,0,0,0
2026-03-27 23:18:24.251,157.354,-1,1152,0,-0.15,0,0,0,0,0,0,0,0
2026-03-27 23:18:24.523,157.626,-1,1154,0,588.51,0,0,0,0,0,0,0,0
2026-03-27 23:18:24.586,157.689,-1,1156,0,588.51,0,0,0,0,0,0,0,0
2026-03-27 23:18:24.715,157.818,-1,1153,0,1.2,0,0,0,0,0,0,0,0
2026-03-27 23:18:25.050,158.153,-1,1151,0,-224.05,0,0,0,0,0,0,0,0
2026-03-27 23:18:25.130,158.233,-1,1154,0,-224.05,0,0,0,0,0,0,0,0
2026-03-27 23:18:25.194,158.297,-1,1158,0,-224.05,0,0,0,0,0,0,0,0
2026-03-27 23:18:25.450,158.553,-1,1151,0,328.49,0,0,0,0,0,0,0,0
2026-03-27 23:18:25.626,158.729,-1,1152,0,-2.4,0,0,0,0,0,0,0,0
2026-03-27 23:18:25.866,158.969,-1,1152,0,-2.64,0,0,0,0,0,0,0,0
2026-03-27 23:18:26.106,159.209,-1,1150,0,-5.45,0,0,0,0,0,0,0,0
2026-03-27 23:18:26.186,159.289,-1,1150,0,-5.45,0,0,0,0,0,0,0,0
2026-03-27 23:18:26.267,159.370,-1,1153,0,-5.45,0,0,0,0,0,0,0,0
2026-03-27 23:18:26.363,159.466,-1,1152,0,-5.45,0,0,0,0,0,0,0,0
2026-03-27 23:18:26.410,159.513,-2,1159,0,-5.45,0,0,0,0,0,0,0,0
2026-03-27 23:18:26.474,159.577,-1,1160,0,-5.45,0,0,0,0,0,0,0,0
2026-03-27 23:18:26.602,159.705,-1,1160,0,-5.45,0,0,0,0,0,0,0,0
2026-03-27 23:18:26.617,159.720,-1,1170,0,49.99,0,0,0,0,0,0,0,0
2026-03-27 23:18:26.762,159.865,-2,1162,0,-5.45,0,0,0,0,0,0,0,0
2026-03-27 23:18:26.827,159.930,-1,1164,0,-5.45,0,0,0,0,0,0,0,0
2026-03-27 23:18:26.874,159.977,-2,1163,0,-5.45,0,0,0,0,0,0,0,0
2026-03-27 23:18:26.986,160.089,-1,1162,0,-5.45,0,0,0,0,0,0,0,0
2026-03-27 23:18:27.035,160.138,-1,1161,0,-5.45,0,0,0,0,0,0,0,0
2026-03-27 23:18:27.146,160.249,-1,1158,0,-5.45,0,0,0,0,0,0,0,0
2026-03-27 23:18:27.193,160.296,-1,1158,0,-5.45,0,0,0,0,0,0,0,0
2026-03-27 23:18:27.290,160.393,-1,1158,0,-5.45,0,0,0,0,0,0,0,0
2026-03-27 23:18:27.355,160.458,-1,1154,0,-5.45,0,0,0,0,0,0,0,0
2026-03-27 23:18:27.450,160.553,-2,1155,0,438.05,0,0,0,0,0,0,0,0
2026-03-27 23:18:27.546,160.649,-1,1154,0,438.05,0,0,0,0,0,0,0,0
2026-03-27 23:18:27.626,160.729,-1,1157,0,438.05,0,0,0,0,0,0,0,0
2026-03-27 23:18:27.705,160.808,-1,1159,0,0.46,0,0,0,0,0,0,0,0
2026-03-27 23:18:27.753,160.856,-1,1162,0,0.46,0,0,0,0,0,0,0,0
2026-03-27 23:18:27.818,160.921,-1,1170,0,0.46,0,0,0,0,0,0,0,0
2026-03-27 23:18:28.058,161.161,-1,1161,0,0.81,0,0,0,0,0,0,0,0
2026-03-27 23:18:28.122,161.225,-1,1170,0,0.81,0,0,0,0,0,0,0,0
2026-03-27 23:18:28.154,161.257,-1,1179,1,0.81,0,0,0,0,0,0,0,0
2026-03-27 23:18:34.925,168.027,1,1177,0,-5.45,0,0,0,0,0,0,0,0
2026-03-27 23:18:34.988,168.091,1,1178,3,-5.45,0,0,0,0,0,0,0,0
2026-03-27 23:18:35.050,168.153,1,1174,0,-5.45,0,0,0,0,0,0,0,0
2026-03-27 23:18:35.146,168.249,1,1179,0,-5.45,0,0,0,0,0,0,0,0
2026-03-27 23:18:35.209,168.312,-1,1167,0,-5.45,0,0,0,0,0,0,0,0
2026-03-27 23:18:35.292,168.395,-1,1177,0,-5.45,0,0,0,0,0,0,0,0
2026-03-27 23:18:35.402,168.505,-1,1175,0,-5.45,0,0,0,0,0,0,0,0
2026-03-27 23:18:35.481,168.584,-1,1170,0,-5.45,0,0,0,0,0,0,0,0
2026-03-27 23:18:35.578,168.681,-1,1180,3,-5.01,0,0,0,0,0,0,0,0
2026-03-27 23:18:35.612,168.715,-1,1178,0,-5.44,0,0,0,0,0,0,0,0
2026-03-27 23:18:35.722,168.825,-1,1177,0,-5.45,0,0,0,0,0,0,0,0
2026-03-27 23:18:35.787,168.890,0,1173,3,-5.45,0,0,0,0,0,0,0,0
2026-03-27 23:18:35.897,169.000,0,1165,0,-5.45,0,0,0,0,0,0,0,0
2026-03-27 23:18:35.914,169.017,1,1164,0,-5.45,0,0,0,0,0,0,0,0
2026-03-27 23:18:36.042,169.145,0,1170,0,-5.45,0,0,0,0,0,0,0,0
2026-03-27 23:18:36.045,169.148,1,1167,0,-5.45,0,0,0,0,0,0,0,0
2026-03-27 23:18:36.138,169.241,0,1172,0,-5.45,0,0,0,0,0,0,0,0
2026-03-27 23:18:36.298,169.401,1,1175,3,-5.45,0,0,0,0,0,0,0,0
2026-03-27 23:18:36.304,169.407,1,1176,0,-5.45,0,0,0,0,0,0,0,0
2026-03-27 23:18:36.361,169.464,1,1173,3,-5.45,0,0,0,0,0,0,0,0
2026-03-27 23:18:36.364,169.467,1,1176,3,-5.45,0,0,0,0,0,0,0,0
2026-03-27 23:18:36.369,169.472,0,1172,3,-5.45,0,0,0,0,0,0,0,0
2026-03-27 23:18:36.378,169.481,1,1179,3,-5.44,0,0,0,0,0,0,0,0
2026-03-27 23:18:36.384,169.487,1,1173,3,-5.45,0,0,0,0,0,0,0,0
2026-03-27 23:18:36.505,169.608,1,1165,3,-5.45,0,0,0,0,0,0,0,0
2026-03-27 23:18:36.511,169.614,1,1170,3,-5.45,0,0,0,0,0,0,0,0
2026-03-27 23:18:36.513,169.616,1,1169,0,-5.45,0,0,0,0,0,0,0,0
2026-03-27 23:18:36.588,169.691,0,1166,0,-5.45,0,0,0,0,0,0,0,0
2026-03-27 23:18:36.591,169.694,1,1173,0,-5.43,0,0,0,0,0,0,0,0
2026-03-27 23:18:36.714,169.817,1,1178,0,-5.45,0,0,0,0,0,0,0,0
2026-03-27 23:18:36.718,169.821,1,1171,0,-5.45,0,0,0,0,0,0,0,0
2026-03-27 23:18:36.809,169.912,1,1171,0,-5.45,0,0,0,0,0,0,0,0
2026-03-27 23:18:36.812,169.915,0,1165,0,-5.45,0,0,0,0,0,0,0,0
2026-03-27 23:18:36.817,169.920,1,1168,0,-5.45,0,0,0,0,0,0,0,0
2026-03-27 23:18:36.938,170.041,0,1167,3,-5.45,0,0,0,0,0,0,0,0
2026-03-27 23:18:36.941,170.044,1,1169,0,-5.45,0,0,0,0,0,0,0,0
2026-03-27 23:18:37.049,170.152,0,1165,0,-5.45,0,0,0,0,0,0,0,0
2026-03-27 23:18:37.053,170.156,1,1193,3,-5.45,0,0,0,0,0,0,0,0
2026-03-27 23:18:37.057,170.160,1,1183,0,-5.45,0,0,0,0,0,0,0,0
2026-03-27 23:18:37.146,170.249,0,1184,0,-5.45,0,0,0,0,0,0,0,0
2026-03-27 23:18:37.242,170.345,1,1180,0,-5.45,0,0,0,0,0,0,0,0
2026-03-27 23:18:37.258,170.361,1,1177,0,-5.45,0,0,0,0,0,0,0,0
2026-03-27 23:18:37.353,170.456,1,1171,0,-5.45,0,0,0,0,0,0,0,0
2026-03-27 23:18:37.370,170.473,1,1176,0,-5.45,0,0,0,0,0,0,0,0
2026-03-27 23:18:37.375,170.478,0,1166,0,-5.45,0,0,0,0,0,0,0,0
2026-03-27 23:18:37.513,170.616,1,1169,0,-5.45,0,0,0,0,0,0,0,0
2026-03-27 23:18:37.519,170.622,1,1164,3,-5.45,0,0,0,0,0,0,0,0
2026-03-27 23:18:37.609,170.712,1,1177,0,-5.45,0,0,0,0,0,0,0,0
2026-03-27 23:18:37.625,170.728,1,1178,3,-5.45,0,0,0,0,0,0,0,0
2026-03-27 23:18:37.631,170.734,1,1178,3,-5.45,0,0,0,0,0,0,0,0
2026-03-27 23:18:37.708,170.810,-1,1181,0,-5.45,0,0,0,0,0,0,0,0
2026-03-27 23:18:37.710,170.813,-1,1188,3,-5.45,0,0,0,0,0,0,0,0
2026-03-27 23:18:37.786,170.889,0,1179,2,-5.45,0,0,0,0,0,0,0,0
2026-03-27 23:18:37.945,171.048,-1,1171,0,-5.45,0,0,0,0,0,0,0,0
2026-03-27 23:18:38.011,171.114,1,1163,0,-5.45,0,0,0,0,0,0,0,0
2026-03-27 23:18:38.016,171.119,1,1165,0,-5.45,0,0,0,0,0,0,0,0
2026-03-27 23:18:38.137,171.240,-1,1160,0,-5.45,0,0,0,0,0,0,0,0
2026-03-27 23:18:38.157,171.260,-1,1162,0,-5.45,0,0,0,0,0,0,0,0
2026-03-27 23:18:38.160,171.263,-1,1158,3,-5.45,0,0,0,0,0,0,0,0
2026-03-27 23:18:38.251,171.354,-1,1163,0,-5.45,0,0,0,0,0,0,0,0
2026-03-27 23:18:38.377,171.480,0,1170,0,-5.45,0,0,0,0,0,0,0,0
2026-03-27 23:18:38.474,171.577,0,1168,3,-5.45,0,0,0,0,0,0,0,0
2026-03-27 23:18:38.571,171.674,1,1178,3,-5.45,0,0,0,0,0,0,0,0
2026-03-27 23:18:38.634,171.737,1,1176,0,-5.45,0,0,0,0,0,0,0,0
2026-03-27 23:18:38.649,171.752,-1,1178,0,-5.45,0,0,0,0,0,0,0,0
2026-03-27 23:18:38.761,171.864,-1,1181,0,-5.45,0,0,0,0,0,0,0,0
2026-03-27 23:18:38.777,171.880,-1,1184,0,-5.45,0,0,0,0,0,0,0,0
2026-03-27 23:18:38.781,171.884,-1,1173,0,-5.45,0,0,0,0,0,0,0,0
2026-03-27 23:18:38.908,172.011,1,1169,0,-5.45,0,0,0,0,0,0,0,0
2026-03-27 23:18:38.911,172.014,1,1174,0,-5.45,0,0,0,0,0,0,0,0
2026-03-27 23:18:39.017,172.120,0,1169,3,-5.45,0,0,0,0,0,0,0,0
2026-03-27 23:18:39.022,172.125,-1,1172,0,-5.45,0,0,0,0,0,0,0,0
2026-03-27 23:18:39.035,172.138,-1,11,0,-5.45,0,0,0,0,0,0,0,0
2026-03-27 23:18:39.145,172.248,-1,1166,0,-5.45,0,0,0,0,0,0,0,0
2026-03-27 23:18:39.180,172.284,-1,1173,0,-5.45,0,0,0,0,0,0,0,0
2026-03-27 23:18:39.193,172.296,1,1175,0,-5.45,0,0,0,0,0,0,0,0
2026-03-27 23:18:39.241,172.344,1,1176,3,105.44,0,0,0,0,0,0,0,0
2026-03-27 23:18:39.260,172.363,1,1172,0,-5.45,0,0,0,0,0,0,0,0
2026-03-27 23:18:39.263,172.366,1,1170,3,-5.45,0,0,0,0,0,0,0,0
2026-03-27 23:18:39.401,172.504,1,1168,0,-5.45,0,0,0,0,0,0,0,0
2026-03-27 23:18:39.407,172.510,1,1173,0,-5.45,0,0,0,0,0,0,0,0
2026-03-27 23:18:39.531,172.634,-1,1178,3,-5.45,0,0,0,0,0,0,0,0
2026-03-27 23:18:39.609,172.712,0,1166,0,-5.45,0,0,0,0,0,0,0,0
2026-03-27 23:18:39.612,172.715,1,1173,0,-5.45,0,0,0,0,0,0,0,0
2026-03-27 23:18:39.625,172.728,1,1172,0,-5.45,0,0,0,0,0,0,0,0
2026-03-27 23:18:39.722,172.825,1,1169,0,-5.45,0,0,0,0,0,0,0,0
2026-03-27 23:18:39.727,172.830,1,1172,3,-5.45,0,0,0,0,0,0,0,0
2026-03-27 23:18:39.849,172.952,1,1165,3,-5.45,0,0,0,0,0,0,0,0
2026-03-27 23:18:39.852,172.955,1,1167,0,-5.45,0,0,0,0,0,0,0,0
2026-03-27 23:18:39.865,172.968,0,1166,0,-5.45,0,0,0,0,0,0,0,0
2026-03-27 23:18:39.929,173.032,1,1172,0,-5.34,0,0,0,0,0,0,0,0
2026-03-27 23:18:39.945,173.048,1,1173,0,438.09,0,0,0,0,0,0,0,0
2026-03-27 23:18:40.121,173.224,1,1175,0,-5.45,0,0,0,0,0,0,0,0
2026-03-27 23:18:40.124,173.228,1,1168,3,-5.45,0,0,0,0,0,0,0,0
2026-03-27 23:18:40.128,173.231,1,1177,0,-5.01,0,0,0,0,0,0,0,0
2026-03-27 23:18:40.218,173.321,1,1181,3,-5.45,0,0,0,0,0,0,0,0
2026-03-27 23:18:40.224,173.327,-1,1171,0,-5.45,0,0,0,0,0,0,0,0
2026-03-27 23:18:40.329,173.432,-1,1170,0,-5.45,0,0,0,0,0,0,0,0
2026-03-27 23:18:40.334,173.437,-1,1173,0,49.99,0,0,0,0,0,0,0,0
2026-03-27 23:18:40.337,173.440,-1,1193,0,-5.45,0,0,0,0,0,0,0,0
2026-03-27 23:18:40.394,173.497,1,1187,0,-5.45,0,0,0,0,0,0,0,0
2026-03-27 23:18:40.396,173.499,1,1180,3,-5.45,0,0,0,0,0,0,0,0
2026-03-27 23:18:40.523,173.626,1,1176,0,-5.45,0,0,0,0,0,0,0,0
2026-03-27 23:18:40.602,173.705,1,1174,0,-5.45,0,0,0,0,0,0,0,0
2026-03-27 23:18:40.730,173.833,1,1167,0,-5.45,0,0,0,0,0,0,0,0
2026-03-27 23:18:40.826,173.929,-1,1166,1,-5.45,0,0,0,0,0,0,0,0
2026-03-27 23:18:40.829,173.932,-1,1170,3,-5.45,0,0,0,0,0,0,0,0
2026-03-27 23:18:40.906,174.009,1,1172,0,-5.45,0,0,0,0,0,0,0,0
2026-03-27 23:18:40.922,174.025,1,1179,3,-4.58,0,0,0,0,0,0,0,0
2026-03-27 23:18:40.985,174.088,1,1164,3,-5.45,0,0,0,0,0,0,0,0
2026-03-27 23:18:40.991,174.094,-1,1167,0,-5.45,0,0,0,0,0,0,0,0
2026-03-27 23:18:41.112,174.215,-1,1168,0,-5.45,0,0,0,0,0,0,0,0
2026-03-27 23:18:41.117,174.220,1,1169,0,-5.45,0,0,0,0,0,0,0,0
2026-03-27 23:18:41.122,174.225,0,1167,0,-5.45,0,0,0,0,0,0,0,0
2026-03-27 23:18:41.258,174.361,1,1163,0,-5.45,0,0,0,0,0,0,0,0
2026-03-27 23:18:41.261,174.364,1,1172,0,-5.45,0,0,0,0,0,0,0,0
2026-03-27 23:18:41.305,174.408,0,1163,0,-5.45,0,0,0,0,0,0,0,0
2026-03-27 23:18:41.309,174.412,1,1166,0,-5.45,0,0,0,0,0,0,0,0
2026-03-27 23:18:41.311,174.414,1,1177,1,-5.45,0,0,0,0,0,0,0,0
2026-03-27 23:18:41.417,174.520,1,1174,0,-5.45,0,0,0,0,0,0,0,0
2026-03-27 23:18:41.564,174.667,-1,1168,0,-5.45,0,0,0,0,0,0,0,0
2026-03-27 23:18:41.658,174.761,-1,1166,0,-5.45,0,0,0,0,0,0,0,0
2026-03-27 23:18:41.736,174.839,-1,1181,0,-5.45,0,0,0,0,0,0,0,0
2026-03-27 23:18:41.739,174.842,1,1178,0,-5.45,0,0,0,0,0,0,0,0
2026-03-27 23:18:41.865,174.968,1,1175,0,-5.45,0,0,0,0,0,0,0,0
2026-03-27 23:18:41.961,175.064,-1,1184,0,-5.45,0,0,0,0,0,0,0,0
2026-03-27 23:18:41.964,175.067,-1,1173,0,-5.45,0,0,0,0,0,0,0,0
2026-03-27 23:18:42.089,175.192,-1,1175,0,-5.45,0,0,0,0,0,0,0,0
2026-03-27 23:18:42.091,175.195,1,1179,3,-5.45,0,0,0,0,0,0,0,0
2026-03-27 23:18:42.105,175.208,1,1181,0,-5.45,0,0,0,0,0,0,0,0
2026-03-27 23:18:42.170,175.273,0,1175,0,-5.45,0,0,0,0,0,0,0,0
2026-03-27 23:18:42.175,175.278,-1,1174,0,-5.45,0,0,0,0,0,0,0,0
2026-03-27 23:18:42.265,175.368,-1,1164,0,-5.45,0,0,0,0,0,0,0,0
2026-03-27 23:18:42.267,175.370,0,1168,0,-5.45,0,0,0,0,0,0,0,0
2026-03-27 23:18:42.281,175.384,1,1175,0,-5.45,0,0,0,0,0,0,0,0
2026-03-27 23:18:42.345,175.448,0,1177,0,-5.45,0,0,0,0,0,0,0,0
2026-03-27 23:18:42.491,175.594,0,1169,0,-5.45,0,0,0,0,0,0,0,0
2026-03-27 23:18:42.572,175.675,1,1165,3,-5.45,0,0,0,0,0,0,0,0
2026-03-27 23:18:42.633,175.736,-1,1176,0,-5.45,0,0,0,0,0,0,0,0
2026-03-27 23:18:42.745,175.848,1,1172,0,-5.45,0,0,0,0,0,0,0,0
2026-03-27 23:18:42.873,175.976,-1,1180,0,-5.45,0,0,0,0,0,0,0,0
2026-03-27 23:18:42.892,175.995,-1,1185,0,1.48,0,0,0,0,0,0,0,0
2026-03-27 23:18:42.956,176.059,1,1193,3,-5.45,0,0,0,0,0,0,0,0
2026-03-27 23:18:42.959,176.062,1,1184,0,-5.45,0,0,0,0,0,0,0,0
2026-03-27 23:18:43.129,176.232,1,1178,0,-5.45,0,0,0,0,0,0,0,0
2026-03-27 23:18:43.132,176.235,-1,1171,0,-5.45,0,0,0,0,0,0,0,0
2026-03-27 23:18:43.137,176.240,-1,1169,3,-5.45,0,0,0,0,0,0,0,0
2026-03-27 23:18:43.177,176.280,-1,1163,0,-5.45,0,0,0,0,0,0,0,0
2026-03-27 23:18:43.180,176.283,-1,1176,0,-4.58,0,0,0,0,0,0,0,0
2026-03-27 23:18:43.323,176.426,-1,1178,3,-5.45,0,0,0,0,0,0,0,0
2026-03-27 23:18:43.418,176.521,-1,1169,3,-5.45,0,0,0,0,0,0,0,0
2026-03-27 23:18:43.423,176.526,-1,1177,3,-5.45,0,0,0,0,0,0,0,0
2026-03-27 23:18:43.513,176.616,-1,1173,1,-5.45,0,0,0,0,0,0,0,0
2026-03-27 23:18:43.518,176.621,-1,1163,3,-5.45,0,0,0,0,0,0,0,0
2026-03-27 23:18:43.531,176.634,-1,1172,0,-5.45,0,0,0,0,0,0,0,0
2026-03-27 23:18:43.673,176.776,-1,1168,3,-5.45,0,0,0,0,0,0,0,0
2026-03-27 23:18:43.754,176.857,-1,1179,0,-1.98,0,0,0,0,0,0,0,0
2026-03-27 23:18:43.759,176.862,-1,1166,0,-5.45,0,0,0,0,0,0,0,0
2026-03-27 23:18:43.817,176.920,-1,1163,3,-5.45,0,0,0,0,0,0,0,0
2026-03-27 23:18:43.823,176.926,-1,1167,3,-5.45,0,0,0,0,0,0,0,0
2026-03-27 23:18:43.833,176.936,-1,1176,3,-5.45,0,0,0,0,0,0,0,0
2026-03-27 23:18:43.961,177.064,-1,1176,0,-5.45,0,0,0,0,0,0,0,0
2026-03-27 23:18:43.964,177.067,-1,1181,0,-5.45,0,0,0,0,0,0,0,0
2026-03-27 23:18:44.008,177.111,-1,1173,0,-5.45,0,0,0,0,0,0,0,0
2026-03-27 23:18:44.014,177.117,-1,1164,0,-5.45,0,0,0,0,0,0,0,0
2026-03-27 23:18:44.266,177.369,-1,1169,0,-5.45,0,0,0,0,0,0,0,0
2026-03-27 23:18:44.268,177.371,-1,1164,3,-5.45,0,0,0,0,0,0,0,0
2026-03-27 23:18:44.329,177.432,-1,1169,0,-5.45,0,0,0,0,0,0,0,0
2026-03-27 23:18:44.409,177.512,1,1174,0,-5.45,0,0,0,0,0,0,0,0
2026-03-27 23:18:44.521,177.624,-1,1169,0,-5.45,0,0,0,0,0,0,0,0
2026-03-27 23:18:44.524,177.627,-1,1178,3,216.32,0,0,0,0,0,0,0,0
2026-03-27 23:18:44.697,177.800,-1,1182,0,-5.42,0,0,0,0,0,0,0,0
2026-03-27 23:18:44.698,177.801,-1,1179,0,-5.45,0,0,0,0,0,0,0,0
2026-03-27 23:18:44.713,177.816,1,1176,0,-5.45,0,0,0,0,0,0,0,0
2026-03-27 23:18:44.714,177.817,1,1175,3,-5.45,0,0,0,0,0,0,0,0
2026-03-27 23:18:44.729,177.832,0,1173,3,-5.45,0,0,0,0,0,0,0,0
2026-03-27 23:18:44.793,177.896,-1,1167,3,-5.45,0,0,0,0,0,0,0,0
2026-03-27 23:18:44.794,177.897,-1,1173,0,-5.45,0,0,0,0,0,0,0,0
2026-03-27 23:18:44.795,177.898,-1,1178,3,-5.45,0,0,0,0,0,0,0,0
2026-03-27 23:18:44.937,178.040,-1,1171,0,-5.45,0,0,0,0,0,0,0,0
2026-03-27 23:18:44.952,178.055,-1,1180,0,-5.45,0,0,0,0,0,0,0,0
2026-03-27 23:18:44.985,178.088,-1,1170,0,-5.45,0,0,0,0,0,0,0,0
2026-03-27 23:18:45.097,178.200,-1,1172,0,-5.45,0,0,0,0,0,0,0,0
2026-03-27 23:18:45.099,178.202,1,1175,0,-5.45,0,0,0,0,0,0,0,0
2026-03-27 23:18:45.161,178.264,1,1176,0,-5.45,0,0,0,0,0,0,0,0
2026-03-27 23:18:45.162,178.265,-1,1181,0,-5.45,0,0,0,0,0,0,0,0
2026-03-27 23:18:45.177,178.280,-1,1184,3,-5.45,0,0,0,0,0,0,0,0
2026-03-27 23:18:45.193,178.296,-1,1181,0,-5.45,0,0,0,0,0,0,0,0
2026-03-27 23:18:45.209,178.312,-1,1173,3,-5.45,0,0,0,0,0,0,0,0
2026-03-27 23:18:45.353,178.456,-1,1169,3,-5.45,0,0,0,0,0,0,0,0
2026-03-27 23:18:45.354,178.457,-1,1179,3,-5.45,0,0,0,0,0,0,0,0
2026-03-27 23:18:45.369,178.472,-1,1176,3,-5.45,0,0,0,0,0,0,0,0
2026-03-27 23:18:45.434,178.537,-1,1165,0,-5.45,0,0,0,0,0,0,0,0
2026-03-27 23:18:45.449,178.552,-1,1159,0,-5.45,0,0,0,0,0,0,0,0
2026-03-27 23:18:45.528,178.631,-1,1174,0,-5.45,0,0,0,0,0,0,0,0
2026-03-27 23:18:45.530,178.633,-1,1177,0,-5.45,0,0,0,0,0,0,0,0
2026-03-27 23:18:45.545,178.648,-1,1177,0,-5.45,0,0,0,0,0,0,0,0
2026-03-27 23:18:45.577,178.680,-1,1171,3,-5.45,0,0,0,0,0,0,0,0
2026-03-27 23:18:45.593,178.696,-1,1171,0,-5.45,0,0,0,0,0,0,0,0
2026-03-27 23:18:45.705,178.808,-1,1165,0,-5.45,0,0,0,0,0,0,0,0
2026-03-27 23:18:45.706,178.809,0,1165,0,-5.45,0,0,0,0,0,0,0,0
2026-03-27 23:18:45.801,178.904,-1,1175,0,-5.45,0,0,0,0,0,0,0,0
2026-03-27 23:18:45.803,178.906,-1,1170,0,-5.45,0,0,0,0,0,0,0,0
2026-03-27 23:18:45.865,178.968,-1,1170,3,-5.45,0,0,0,0,0,0,0,0
2026-03-27 23:18:46.009,179.112,1,1187,3,-5.45,0,0,0,0,0,0,0,0
2026-03-27 23:18:46.011,179.114,-1,1187,3,-5.45,0,0,0,0,0,0,0,0
2026-03-27 23:18:46.072,179.175,-1,1172,3,-5.45,0,0,0,0,0,0,0,0
2026-03-27 23:18:46.074,179.177,-1,1175,0,-5.45,0,0,0,0,0,0,0,0
2026-03-27 23:18:46.088,179.191,-1,1170,0,-5.45,0,0,0,0,0,0,0,0
2026-03-27 23:18:46.185,179.288,-1,1169,0,-5.45,0,0,0,0,0,0,0,0
2026-03-27 23:18:46.187,179.290,-1,1172,3,-5.45,0,0,0,0,0,0,0,0
2026-03-27 23:18:46.360,179.463,-1,1168,0,-5.45,0,0,0,0,0,0,0,0
2026-03-27 23:18:46.377,179.480,-1,1167,3,-5.45,0,0,0,0,0,0,0,0
2026-03-27 23:18:46.378,179.481,-1,1176,0,-5.44,0,0,0,0,0,0,0,0
2026-03-27 23:18:46.456,179.559,-1,1172,3,-5.45,0,0,0,0,0,0,0,0
2026-03-27 23:18:46.458,179.561,-1,1170,0,-5.45,0,0,0,0,0,0,0,0
2026-03-27 23:18:46.616,179.719,-1,1165,0,-5.45,0,0,0,0,0,0,0,0
2026-03-27 23:18:46.618,179.721,-1,1161,0,-5.45,0,0,0,0,0,0,0,0
2026-03-27 23:18:46.620,179.723,-1,1166,0,-5.45,0,0,0,0,0,0,0,0
2026-03-27 23:18:46.648,179.751,-1,1170,0,-5.45,0,0,0,0,0,0,0,0
2026-03-27 23:18:46.650,179.753,-1,1177,3,-5.45,0,0,0,0,0,0,0,0
2026-03-27 23:18:46.651,179.754,-1,1173,0,-5.45,0,0,0,0,0,0,0,0
2026-03-27 23:18:46.681,179.784,-1,1169,3,-5.45,0,0,0,0,0,0,0,0
2026-03-27 23:18:46.683,179.786,-1,1164,0,-5.45,0,0,0,0,0,0,0,0
2026-03-27 23:18:46.809,179.912,-1,1160,0,-5.45,0,0,0,0,0,0,0,0
2026-03-27 23:18:46.811,179.914,-1,1184,3,-5.45,0,0,0,0,0,0,0,0
2026-03-27 23:18:46.812,179.915,-1,1186,3,-5.45,0,0,0,0,0,0,0,0
2026-03-27 23:18:46.937,180.040,-1,1181,0,-5.45,0,0,0,0,0,0,0,0
2026-03-27 23:18:46.938,180.041,-1,1178,0,-5.45,0,0,0,0,0,0,0,0
2026-03-27 23:18:47.065,180.168,-1,1171,0,-5.45,0,0,0,0,0,0,0,0
2026-03-27 23:18:47.066,180.169,-1,1164,3,-5.45,0,0,0,0,0,0,0,0
2026-03-27 23:18:47.113,180.216,-1,1160,0,-5.45,0,0,0,0,0,0,0,0
2026-03-27 23:18:47.114,180.217,-1,1164,1,-5.45,0,0,0,0,0,0,0,0
2026-03-27 23:18:47.116,180.219,-1,1166,0,-5.45,0,0,0,0,0,0,0,0
2026-03-27 23:18:47.289,180.392,-1,1165,0,-5.45,0,0,0,0,0,0,0,0
2026-03-27 23:18:47.291,180.394,-1,1163,0,-5.45,0,0,0,0,0,0,0,0
2026-03-27 23:18:47.369,180.472,-1,1160,2,-5.45,0,0,0,0,0,0,0,0
2026-03-27 23:18:47.417,180.520,-1,1175,0,-5.45,0,0,0,0,0,0,0,0
2026-03-27 23:18:47.625,180.728,-1,1181,3,-5.45,0,0,0,0,0,0,0,0
2026-03-27 23:18:47.627,180.730,-1,1183,3,-5.45,0,0,0,0,0,0,0,0
2026-03-27 23:18:47.656,180.759,-1,1173,3,-5.45,0,0,0,0,0,0,0,0
2026-03-27 23:18:47.658,180.761,-1,1168,0,-5.45,0,0,0,0,0,0,0,0
2026-03-27 23:18:47.659,180.762,-1,1171,3,-5.45,0,0,0,0,0,0,0,0
2026-03-27 23:18:47.785,180.888,-1,1169,3,-5.45,0,0,0,0,0,0,0,0
2026-03-27 23:18:47.787,180.890,-1,1171,0,-5.45,0,0,0,0,0,0,0,0
2026-03-27 23:18:47.976,181.079,-1,1168,3,-5.45,0,0,0,0,0,0,0,0
2026-03-27 23:18:47.978,181.081,-1,1163,3,-5.45,0,0,0,0,0,0,0,0
2026-03-27 23:18:47.980,181.083,-1,1171,0,-5.45,0,0,0,0,0,0,0,0
2026-03-27 23:18:48.041,181.144,-1,1178,3,-5.45,0,0,0,0,0,0,0,0
2026-03-27 23:18:48.042,181.145,-1,1182,0,-5.45,0,0,0,0,0,0,0,0
2026-03-27 23:18:48.104,181.207,-1,1171,0,-5.45,0,0,0,0,0,0,0,0
2026-03-27 23:18:48.105,181.208,-1,1164,3,-5.45,0,0,0,0,0,0,0,0
2026-03-27 23:18:48.297,181.400,-1,1173,0,-5.45,0,0,0,0,0,0,0,0
2026-03-27 23:18:48.361,181.464,-1,1168,0,-5.45,0,0,0,0,0,0,0,0
2026-03-27 23:18:48.377,181.480,-1,1171,3,-5.45,0,0,0,0,0,0,0,0
2026-03-27 23:18:48.440,181.543,-1,1175,0,-5.45,0,0,0,0,0,0,0,0
2026-03-27 23:18:48.442,181.545,-1,1169,3,-5.45,0,0,0,0,0,0,0,0
2026-03-27 23:18:48.552,181.655,0,1166,3,-5.45,0,0,0,0,0,0,0,0
2026-03-27 23:18:48.554,181.657,1,1159,3,-5.45,0,0,0,0,0,0,0,0
2026-03-27 23:18:48.697,181.800,-1,1164,3,-5.45,0,0,0,0,0,0,0,0
2026-03-27 23:18:48.857,181.960,0,1169,0,-5.45,0,0,0,0,0,0,0,0
2026-03-27 23:18:48.986,182.089,-1,1166,3,-5.45,0,0,0,0,0,0,0,0
2026-03-27 23:18:49.145,182.248,1,1161,3,-5.45,0,0,0,0,0,0,0,0
2026-03-27 23:18:49.146,182.249,1,1165,0,-5.45,0,0,0,0,0,0,0,0
2026-03-27 23:18:49.148,182.251,-1,1164,3,-5.45,0,0,0,0,0,0,0,0
2026-03-27 23:18:49.209,182.312,-1,1172,3,-5.45,0,0,0,0,0,0,0,0
2026-03-27 23:18:49.305,182.408,-1,1165,0,-5.45,0,0,0,0,0,0,0,0
2026-03-27 23:18:49.433,182.536,-1,1162,3,-5.45,0,0,0,0,0,0,0,0
2026-03-27 23:18:49.481,182.584,-1,1167,0,-5.45,0,0,0,0,0,0,0,0
2026-03-27 23:18:49.482,182.585,-1,1180,0,-5.45,0,0,0,0,0,0,0,0
2026-03-27 23:18:49.576,182.679,-1,1167,0,-5.45,0,0,0,0,0,0,0,0
2026-03-27 23:18:49.578,182.681,-1,1160,1,-5.45,0,0,0,0,0,0,0,0
2026-03-27 23:18:49.657,182.760,-1,1182,0,-5.45,0,0,0,0,0,0,0,0
2026-03-27 23:18:49.659,182.762,-1,1176,0,-5.45,0,0,0,0,0,0,0,0
2026-03-27 23:18:49.769,182.872,-1,1174,3,-5.45,0,0,0,0,0,0,0,0
2026-03-27 23:18:49.771,182.874,-1,1181,3,-5.45,0,0,0,0,0,0,0,0
2026-03-27 23:18:49.784,182.887,-1,1172,0,-5.45,0,0,0,0,0,0,0,0
2026-03-27 23:18:49.881,182.984,-1,1167,3,-5.45,0,0,0,0,0,0,0,0
2026-03-27 23:18:49.882,182.985,1,1176,3,-5.45,0,0,0,0,0,0,0,0
2026-03-27 23:18:50.009,183.112,0,1166,3,-5.42,0,0,0,0,0,0,0,0
2026-03-27 23:18:50.010,183.113,-1,1169,0,-5.45,0,0,0,0,0,0,0,0
2026-03-27 23:18:50.012,183.115,-1,1168,3,-5.45,0,0,0,0,0,0,0,0
2026-03-27 23:18:50.105,183.208,-1,1171,3,-5.45,0,0,0,0,0,0,0,0
2026-03-27 23:18:50.107,183.210,-1,1174,0,-5.45,0,0,0,0,0,0,0,0
2026-03-27 23:18:50.152,183.255,-1,1175,0,-5.45,0,0,0,0,0,0,0,0
2026-03-27 23:18:50.158,183.261,-1,1180,3,-5.45,0,0,0,0,0,0,0,0
2026-03-27 23:18:50.161,183.264,-2,1170,0,-5.45,0,0,0,0,0,0,0,0
2026-03-27 23:18:50.345,183.448,-1,1179,0,-5.45,0,0,0,0,0,0,0,0
2026-03-27 23:18:50.347,183.450,-1,1181,3,-5.45,0,0,0,0,0,0,0,0
2026-03-27 23:18:50.473,183.576,-1,1186,0,-5.45,0,0,0,0,0,0,0,0
2026-03-27 23:18:50.474,183.577,-1,1160,1,-5.45,0,0,0,0,0,0,0,0
2026-03-27 23:18:50.585,183.688,-1,1160,0,-5.45,0,0,0,0,0,0,0,0
2026-03-27 23:18:50.601,183.704,-1,1168,0,-5.45,0,0,0,0,0,0,0,0
2026-03-27 23:18:50.602,183.705,-1,1171,3,-5.45,0,0,0,0,0,0,0,0
2026-03-27 23:18:50.649,183.752,-2,1167,3,-5.45,0,0,0,0,0,0,0,0
2026-03-27 23:18:50.650,183.753,-1,1168,0,-5.45,0,0,0,0,0,0,0,0
2026-03-27 23:18:50.745,183.848,-1,1168,0,-5.45,0,0,0,0,0,0,0,0
2026-03-27 23:18:50.889,183.992,-2,1174,0,-5.45,0,0,0,0,0,0,0,0
2026-03-27 23:18:50.890,183.993,-1,1175,0,-5.45,0,0,0,0,0,0,0,0
2026-03-27 23:18:50.936,184.039,-1,1169,3,-5.45,0,0,0,0,0,0,0,0
2026-03-27 23:18:50.938,184.041,-1,1172,3,-5.45,0,0,0,0,0,0,0,0
2026-03-27 23:18:50.940,184.043,-1,1166,3,-5.45,0,0,0,0,0,0,0,0
2026-03-27 23:18:51.320,184.423,1,1164,0,-5.45,0,0,0,0,0,0,0,0
2026-03-27 23:18:51.352,184.455,-1,1170,0,-5.45,0,0,0,0,0,0,0,0
2026-03-27 23:18:51.359,184.462,1,1172,0,-5.45,0,0,0,0,0,0,0,0
2026-03-27 23:18:51.464,184.567,1,1179,0,-5.45,0,0,0,0,0,0,0,0
2026-03-27 23:18:51.465,184.568,-1,1180,0,-5.45,0,0,0,0,0,0,0,0
2026-03-27 23:18:51.481,184.584,-1,1178,0,-5.45,0,0,0,0,0,0,0,0
2026-03-27 23:18:51.592,184.695,-1,1171,0,-5.45,0,0,0,0,0,0,0,0
2026-03-27 23:18:51.593,184.696,-1,1173,3,-5.45,0,0,0,0,0,0,0,0
2026-03-27 23:18:51.704,184.807,-1,1163,3,-5.45,0,0,0,0,0,0,0,0
2026-03-27 23:18:51.705,184.808,-1,1158,0,-5.45,0,0,0,0,0,0,0,0
2026-03-27 23:18:51.707,184.810,-1,1168,0,-5.45,0,0,0,0,0,0,0,0
2026-03-27 23:18:51.817,184.920,-1,1172,0,-5.45,0,0,0,0,0,0,0,0
2026-03-27 23:18:51.818,184.921,-1,1173,1,-5.45,0,0,0,0,0,0,0,0
2026-03-27 23:18:51.912,185.015,-2,1167,3,-5.45,0,0,0,0,0,0,0,0
2026-03-27 23:18:51.913,185.016,-1,1167,0,-5.45,0,0,0,0,0,0,0,0
2026-03-27 23:18:52.073,185.176,-1,1171,3,-5.45,0,0,0,0,0,0,0,0
2026-03-27 23:18:52.075,185.177,-1,1174,0,-5.45,0,0,0,0,0,0,0,0
2026-03-27 23:18:52.152,185.255,-1,1175,3,-5.45,0,0,0,0,0,0,0,0
2026-03-27 23:18:52.168,185.271,-1,1175,3,-5.45,0,0,0,0,0,0,0,0
2026-03-27 23:18:52.264,185.367,-1,1163,0,-5.45,0,0,0,0,0,0,0,0
2026-03-27 23:18:52.345,185.448,-1,1169,0,-5.45,0,0,0,0,0,0,0,0
2026-03-27 23:18:52.346,185.449,-1,1168,0,-5.45,0,0,0,0,0,0,0,0
2026-03-27 23:18:52.472,185.575,-1,1171,2,-5.45,0,0,0,0,0,0,0,0
2026-03-27 23:18:52.474,185.577,-1,1173,3,-5.45,0,0,0,0,0,0,0,0
2026-03-27 23:18:52.476,185.579,-1,1168,3,-5.45,0,0,0,0,0,0,0,0
2026-03-27 23:18:52.633,185.736,-1,1174,0,-5.45,0,0,0,0,0,0,0,0
2026-03-27 23:18:52.635,185.738,-1,1170,0,-5.45,0,0,0,0,0,0,0,0
2026-03-27 23:18:52.744,185.847,-1,1164,3,-5.45,0,0,0,0,0,0,0,0
2026-03-27 23:18:52.761,185.864,-1,1180,3,-5.45,0,0,0,0,0,0,0,0
2026-03-27 23:18:52.857,185.960,-1,1178,3,-5.45,0,0,0,0,0,0,0,0
2026-03-27 23:18:52.872,185.975,-1,1172,3,-5.45,0,0,0,0,0,0,0,0
2026-03-27 23:18:52.874,185.977,-1,1163,3,-5.45,0,0,0,0,0,0,0,0
2026-03-27 23:18:52.985,186.088,-1,1159,0,-5.45,0,0,0,0,0,0,0,0
2026-03-27 23:18:53.000,186.103,-1,1161,0,-5.45,0,0,0,0,0,0,0,0
2026-03-27 23:18:53.080,186.183,-1,1167,0,-5.45,0,0,0,0,0,0,0,0
2026-03-27 23:18:53.096,186.199,-1,1167,3,-5.45,0,0,0,0,0,0,0,0
2026-03-27 23:18:53.145,186.248,-1,1170,0,-5.45,0,0,0,0,0,0,0,0
2026-03-27 23:18:53.146,186.249,-1,1172,3,-5.43,0,0,0,0,0,0,0,0
2026-03-27 23:18:53.256,186.359,-1,1164,0,-5.45,0,0,0,0,0,0,0,0
2026-03-27 23:18:53.258,186.361,-1,1165,0,-5.45,0,0,0,0,0,0,0,0
2026-03-27 23:18:53.369,186.472,-1,1170,0,-5.45,0,0,0,0,0,0,0,0
2026-03-27 23:18:53.371,186.474,-1,1164,0,-5.45,0,0,0,0,0,0,0,0
2026-03-27 23:18:53.464,186.567,-1,1158,3,-5.45,0,0,0,0,0,0,0,0
2026-03-27 23:18:53.466,186.569,-1,1163,3,-5.45,0,0,0,0,0,0,0,0
2026-03-27 23:18:53.467,186.570,-1,1163,3,-5.45,0,0,0,0,0,0,0,0
2026-03-27 23:18:53.577,186.680,-1,1158,0,-5.45,0,0,0,0,0,0,0,0
2026-03-27 23:18:53.592,186.695,-1,1166,0,-5.45,0,0,0,0,0,0,0,0
2026-03-27 23:18:53.720,186.823,-1,1175,1,-5.45,0,0,0,0,0,0,0,0
2026-03-27 23:18:53.721,186.824,-1,1171,0,-5.45,0,0,0,0,0,0,0,0
2026-03-27 23:18:53.723,186.826,-1,1169,3,-5.45,0,0,0,0,0,0,0,0
2026-03-27 23:18:53.832,186.935,-1,1175,3,-5.45,0,0,0,0,0,0,0,0
2026-03-27 23:18:53.849,186.952,-1,1174,0,8.41,0,0,0,0,0,0,0,0
2026-03-27 23:18:53.961,187.064,-1,1166,2,-5.45,0,0,0,0,0,0,0,0
2026-03-27 23:18:53.962,187.065,-1,1161,0,-5.45,0,0,0,0,0,0,0,0
2026-03-27 23:18:54.041,187.144,-1,1169,0,-5.45,0,0,0,0,0,0,0,0
2026-03-27 23:18:54.042,187.145,-1,1177,0,-5.45,0,0,0,0,0,0,0,0
2026-03-27 23:18:54.089,187.192,-1,1165,3,-5.45,0,0,0,0,0,0,0,0
2026-03-27 23:18:54.090,187.193,-1,1162,0,-5.45,0,0,0,0,0,0,0,0
2026-03-27 23:18:54.185,187.288,-1,1163,0,-5.45,0,0,0,0,0,0,0,0
2026-03-27 23:18:54.187,187.290,-1,1171,3,-5.45,0,0,0,0,0,0,0,0
2026-03-27 23:18:54.280,187.383,-1,1174,0,-5.45,0,0,0,0,0,0,0,0
2026-03-27 23:18:54.282,187.385,0,1169,0,-5.45,0,0,0,0,0,0,0,0
2026-03-27 23:18:54.440,187.543,-1,1172,0,-5.45,0,0,0,0,0,0,0,0
2026-03-27 23:18:54.442,187.545,-1,1165,3,-5.45,0,0,0,0,0,0,0,0
2026-03-27 23:18:54.504,187.607,-1,1161,3,-5.45,0,0,0,0,0,0,0,0
2026-03-27 23:18:54.506,187.609,-1,1168,1,-5.45,0,0,0,0,0,0,0,0
2026-03-27 23:18:54.508,187.611,-1,1172,0,-5.45,0,0,0,0,0,0,0,0
2026-03-27 23:18:54.680,187.783,-1,1170,3,-5.45,0,0,0,0,0,0,0,0
2026-03-27 23:18:54.682,187.785,-1,1164,0,-5.45,0,0,0,0,0,0,0,0
2026-03-27 23:18:54.744,187.847,-1,1159,0,-5.45,0,0,0,0,0,0,0,0
2026-03-27 23:18:54.746,187.849,-1,1165,0,-5.45,0,0,0,0,0,0,0,0
2026-03-27 23:18:54.747,187.850,-1,1169,3,-5.45,0,0,0,0,0,0,0,0
2026-03-27 23:18:54.825,187.928,-1,1169,0,-5.45,0,0,0,0,0,0,0,0
2026-03-27 23:18:54.826,187.929,-1,1168,0,-5.45,0,0,0,0,0,0,0,0
2026-03-27 23:18:54.889,187.992,-1,1173,3,-5.45,0,0,0,0,0,0,0,0
2026-03-27 23:18:54.904,188.007,-1,1172,0,-4.58,0,0,0,0,0,0,0,0
2026-03-27 23:18:55.016,188.119,-1,1183,0,-5.45,0,0,0,0,0,0,0,0
2026-03-27 23:18:55.018,188.121,-1,1183,3,1.48,0,0,0,0,0,0,0,0
2026-03-27 23:18:55.112,188.215,-1,1179,0,-5.45,0,0,0,0,0,0,0,0
2026-03-27 23:18:55.113,188.216,-1,1177,1,-5.45,0,0,0,0,0,0,0,0
2026-03-27 23:18:55.115,188.218,-1,1170,0,-5.45,0,0,0,0,0,0,0,0
2026-03-27 23:18:55.225,188.328,-1,1171,3,-5.45,0,0,0,0,0,0,0,0
2026-03-27 23:18:55.226,188.329,-1,1171,0,-5.45,0,0,0,0,0,0,0,0
2026-03-27 23:18:55.352,188.455,-1,1167,3,-5.45,0,0,0,0,0,0,0,0
2026-03-27 23:18:55.355,188.458,-1,1172,3,-5.45,0,0,0,0,0,0,0,0
2026-03-27 23:18:55.368,188.471,-1,1166,3,-5.45,0,0,0,0,0,0,0,0
2026-03-27 23:18:55.497,188.600,-1,1162,0,-5.45,0,0,0,0,0,0,0,0
2026-03-27 23:18:55.624,188.727,-1,1160,2,-5.45,0,0,0,0,0,0,0,0
2026-03-27 23:18:55.625,188.728,-1,1172,0,-5.44,0,0,0,0,0,0,0,0
2026-03-27 23:18:55.688,188.791,-1,1177,0,-5.45,0,0,0,0,0,0,0,0
2026-03-27 23:18:55.689,188.792,-1,1174,3,-5.45,0,0,0,0,0,0,0,0
2026-03-27 23:18:55.691,188.794,-1,1175,3,-5.45,0,0,0,0,0,0,0,0
2026-03-27 23:18:55.768,188.871,-1,1176,3,-5.45,0,0,0,0,0,0,0,0
2026-03-27 23:18:55.771,188.874,-1,1170,0,-5.44,0,0,0,0,0,0,0,0
2026-03-27 23:18:55.880,188.983,-1,1169,0,-5.45,0,0,0,0,0,0,0,0
2026-03-27 23:18:55.882,188.985,-1,1168,0,-5.45,0,0,0,0,0,0,0,0
2026-03-27 23:18:55.896,188.999,-1,1165,3,-5.45,0,0,0,0,0,0,0,0
2026-03-27 23:18:55.992,189.095,-1,1172,0,-5.45,0,0,0,0,0,0,0,0
2026-03-27 23:18:55.994,189.096,-1,1167,0,-5.45,0,0,0,0,0,0,0,0
2026-03-27 23:18:56.104,189.207,-1,1164,0,-5.45,0,0,0,0,0,0,0,0
2026-03-27 23:18:56.120,189.223,-1,1165,0,-5.45,0,0,0,0,0,0,0,0
2026-03-27 23:18:56.122,189.225,-1,1168,1,-5.45,0,0,0,0,0,0,0,0
2026-03-27 23:18:56.168,189.271,-1,1162,3,-5.45,0,0,0,0,0,0,0,0
2026-03-27 23:18:56.233,189.336,-1,1166,3,-5.45,0,0,0,0,0,0,0,0
2026-03-27 23:18:56.234,189.337,-1,1172,0,-5.45,0,0,0,0,0,0,0,0
2026-03-27 23:18:56.552,189.655,-1,1169,0,-5.45,0,0,0,0,0,0,0,0
2026-03-27 23:18:56.554,189.657,-1,1162,3,-5.45,0,0,0,0,0,0,0,0
2026-03-27 23:18:56.664,189.767,-1,1182,3,-5.45,0,0,0,0,0,0,0,0
2026-03-27 23:18:56.729,189.832,-1,1180,3,-5.43,0,0,0,0,0,0,0,0
2026-03-27 23:18:56.736,189.839,-1,1167,3,-5.45,0,0,0,0,0,0,0,0
2026-03-27 23:18:56.810,189.913,-1,1177,0,-5.45,0,0,0,0,0,0,0,0
2026-03-27 23:18:56.815,189.918,-1,1169,0,-5.45,0,0,0,0,0,0,0,0
2026-03-27 23:18:56.920,190.023,-1,1188,3,-5.45,0,0,0,0,0,0,0,0
2026-03-27 23:18:56.985,190.088,-1,1180,3,-5.45,0,0,0,0,0,0,0,0
2026-03-27 23:18:56.989,190.092,-1,1172,3,-5.45,0,0,0,0,0,0,0,0
2026-03-27 23:18:57.080,190.183,-1,1170,3,-5.45,0,0,0,0,0,0,0,0
2026-03-27 23:18:57.081,190.184,-1,1171,3,-5.45,0,0,0,0,0,0,0,0
2026-03-27 23:18:57.096,190.199,-1,1165,0,-4.58,0,0,0,0,0,0,0,0
2026-03-27 23:18:57.193,190.296,-1,1165,0,-5.45,0,0,0,0,0,0,0,0
2026-03-27 23:18:57.224,190.327,-1,1165,0,-5.45,0,0,0,0,0,0,0,0
2026-03-27 23:18:57.225,190.328,-1,1164,3,-5.39,0,0,0,0,0,0,0,0
2026-03-27 23:18:57.242,190.345,-1,1164,0,-5.45,0,0,0,0,0,0,0,0
2026-03-27 23:18:57.288,190.391,-1,1162,0,-5.45,0,0,0,0,0,0,0,0
2026-03-27 23:18:57.400,190.503,-1,1168,3,-5.44,0,0,0,0,0,0,0,0
2026-03-27 23:18:57.560,190.663,-1,1165,3,-5.45,0,0,0,0,0,0,0,0
2026-03-27 23:18:57.641,190.744,-1,1167,0,-5.45,0,0,0,0,0,0,0,0
2026-03-27 23:18:57.656,190.759,-1,1160,3,-5.45,0,0,0,0,0,0,0,0
2026-03-27 23:18:57.704,190.807,-1,1179,0,-5.45,0,0,0,0,0,0,0,0
2026-03-27 23:18:57.752,190.855,-1,1177,0,-5.45,0,0,0,0,0,0,0,0
2026-03-27 23:18:57.864,190.967,-1,1181,3,-5.45,0,0,0,0,0,0,0,0
2026-03-27 23:18:57.992,191.095,-1,1183,3,-5.45,0,0,0,0,0,0,0,0
2026-03-27 23:18:57.994,191.097,-1,1165,0,-5.45,0,0,0,0,0,0,0,0
2026-03-27 23:18:58.025,191.128,-1,1161,3,-5.45,0,0,0,0,0,0,0,0
2026-03-27 23:18:58.041,191.144,-1,1156,0,-5.45,0,0,0,0,0,0,0,0
2026-03-27 23:18:58.136,191.239,-1,1159,0,-5.45,0,0,0,0,0,0,0,0
2026-03-27 23:18:58.232,191.335,-1,1159,3,-5.45,0,0,0,0,0,0,0,0
2026-03-27 23:18:58.234,191.337,-1,1157,0,-5.45,0,0,0,0,0,0,0,0
2026-03-27 23:18:58.313,191.416,-1,1174,3,-5.45,0,0,0,0,0,0,0,0
2026-03-27 23:18:58.360,191.463,-1,1169,0,-5.45,0,0,0,0,0,0,0,0
2026-03-27 23:18:58.424,191.527,-1,1170,3,-5.39,0,0,0,0,0,0,0,0
2026-03-27 23:18:58.520,191.623,-2,1164,0,-5.45,0,0,0,0,0,0,0,0
2026-03-27 23:18:58.522,191.625,-2,1168,1,-5.45,0,0,0,0,0,0,0,0
2026-03-27 23:18:58.584,191.687,-1,1169,0,-5.45,0,0,0,0,0,0,0,0
2026-03-27 23:18:58.712,191.815,-1,1164,0,-5.45,0,0,0,0,0,0,0,0
2026-03-27 23:18:58.714,191.817,-1,1167,3,-5.45,0,0,0,0,0,0,0,0
2026-03-27 23:18:58.776,191.879,-1,1163,0,-5.45,0,0,0,0,0,0,0,0
2026-03-27 23:18:58.778,191.881,-1,1164,0,-5.45,0,0,0,0,0,0,0,0
2026-03-27 23:18:58.779,191.882,-1,1160,3,-5.45,0,0,0,0,0,0,0,0
2026-03-27 23:18:58.840,191.943,-1,1170,3,-5.45,0,0,0,0,0,0,0,0
2026-03-27 23:18:58.842,191.945,-1,1163,0,-5.45,0,0,0,0,0,0,0,0
2026-03-27 23:18:59.032,192.135,-1,1166,3,-5.45,0,0,0,0,0,0,0,0
2026-03-27 23:18:59.097,192.200,-1,1160,3,-5.45,0,0,0,0,0,0,0,0
2026-03-27 23:18:59.160,192.263,-1,1175,3,-5.45,0,0,0,0,0,0,0,0
2026-03-27 23:18:59.256,192.359,-1,1170,3,-5.45,0,0,0,0,0,0,0,0
2026-03-27 23:18:59.384,192.487,-1,1166,0,-5.45,0,0,0,0,0,0,0,0
2026-03-27 23:18:59.386,192.489,-1,1160,3,-5.39,0,0,0,0,0,0,0,0
2026-03-27 23:18:59.464,192.567,-1,1164,0,-5.45,0,0,0,0,0,0,0,0
2026-03-27 23:18:59.576,192.679,-1,1168,0,-5.45,0,0,0,0,0,0,0,0
2026-03-27 23:18:59.578,192.681,-1,1163,3,-5.42,0,0,0,0,0,0,0,0
2026-03-27 23:18:59.607,192.710,-1,1172,0,22.27,0,0,0,0,0,0,0,0
2026-03-27 23:18:59.609,192.712,-1,1178,3,-5.45,0,0,0,0,0,0,0,0
2026-03-27 23:18:59.688,192.791,-1,1177,0,-5.45,0,0,0,0,0,0,0,0
2026-03-27 23:18:59.689,192.792,-1,1173,3,-5.45,0,0,0,0,0,0,0,0
2026-03-27 23:18:59.816,192.919,-1,1177,3,-5.45,0,0,0,0,0,0,0,0
2026-03-27 23:18:59.818,192.921,-1,1174,3,-5.45,0,0,0,0,0,0,0,0
2026-03-27 23:18:59.928,193.031,-1,1171,3,-5.45,0,0,0,0,0,0,0,0
2026-03-27 23:18:59.929,193.032,-1,1170,0,-5.45,0,0,0,0,0,0,0,0
2026-03-27 23:18:59.976,193.079,-1,1168,0,-5.45,0,0,0,0,0,0,0,0
2026-03-27 23:18:59.994,193.097,-1,1181,0,-5.45,0,0,0,0,0,0,0,0
2026-03-27 23:18:59.995,193.098,-1,1171,0,-5.45,0,0,0,0,0,0,0,0
2026-03-27 23:19:00.104,193.207,-1,1165,3,-5.45,0,0,0,0,0,0,0,0
2026-03-27 23:19:00.217,193.320,-1,1169,0,-5.45,0,0,0,0,0,0,0,0
2026-03-27 23:19:00.218,193.321,-1,1166,0,-5.45,0,0,0,0,0,0,0,0
2026-03-27 23:19:00.344,193.447,-1,1163,1,-5.45,0,0,0,0,0,0,0,0
2026-03-27 23:19:00.346,193.449,-1,1160,0,-5.45,0,0,0,0,0,0,0,0
2026-03-27 23:19:00.441,193.544,-1,1174,3,-5.34,0,0,0,0,0,0,0,0
2026-03-27 23:19:00.504,193.607,-1,1172,1,-5.45,0,0,0,0,0,0,0,0
2026-03-27 23:19:00.506,193.609,-1,1170,0,-5.45,0,0,0,0,0,0,0,0
2026-03-27 23:19:00.600,193.703,-1,1176,0,216.32,0,0,0,0,0,0,0,0
2026-03-27 23:19:00.602,193.705,-1,1175,3,-5.45,0,0,0,0,0,0,0,0
2026-03-27 23:19:00.728,193.831,-1,1168,0,-5.45,0,0,0,0,0,0,0,0
2026-03-27 23:19:00.729,193.832,-1,1165,0,-5.45,0,0,0,0,0,0,0,0
2026-03-27 23:19:00.731,193.834,-1,1162,0,-5.45,0,0,0,0,0,0,0,0
2026-03-27 23:19:00.840,193.943,-1,1164,3,-5.45,0,0,0,0,0,0,0,0
2026-03-27 23:19:00.842,193.945,-1,1183,2,-5.45,0,0,0,0,0,0,0,0
2026-03-27 23:19:00.953,194.056,-1,1178,0,-5.45,0,0,0,0,0,0,0,0
2026-03-27 23:19:00.955,194.057,-1,1174,3,-5.45,0,0,0,0,0,0,0,0
2026-03-27 23:19:01.016,194.119,-1,1165,0,-5.45,0,0,0,0,0,0,0,0
2026-03-27 23:19:01.177,194.280,-1,1160,3,-5.45,0,0,0,0,0,0,0,0
2026-03-27 23:19:01.304,194.407,-1,1168,3,-5.45,0,0,0,0,0,0,0,0
2026-03-27 23:19:01.306,194.409,-1,1166,0,-5.45,0,0,0,0,0,0,0,0
2026-03-27 23:19:01.368,194.471,-1,1159,0,-5.45,0,0,0,0,0,0,0,0
2026-03-27 23:19:01.384,194.487,-1,1163,0,-5.45,0,0,0,0,0,0,0,0
2026-03-27 23:19:01.385,194.488,-1,1170,0,-5.45,0,0,0,0,0,0,0,0
2026-03-27 23:19:01.496,194.599,-1,1175,3,-5.23,0,0,0,0,0,0,0,0
2026-03-27 23:19:01.497,194.600,-1,1172,0,-5.45,0,0,0,0,0,0,0,0
2026-03-27 23:19:01.591,194.694,-1,1170,0,-5.45,0,0,0,0,0,0,0,0
2026-03-27 23:19:01.593,194.696,-1,1172,0,-5.45,0,0,0,0,0,0,0,0
2026-03-27 23:19:01.595,194.698,-1,1172,3,-5.45,0,0,0,0,0,0,0,0
2026-03-27 23:19:01.656,194.759,-1,1171,0,-5.45,0,0,0,0,0,0,0,0
2026-03-27 23:19:01.657,194.760,-1,1176,3,-5.45,0,0,0,0,0,0,0,0
2026-03-27 23:19:01.720,194.823,-1,1173,0,216.32,0,0,0,0,0,0,0,0
2026-03-27 23:19:01.880,194.983,-1,1168,0,-5.45,0,0,0,0,0,0,0,0
2026-03-27 23:19:01.896,194.999,-1,1163,0,-5.45,0,0,0,0,0,0,0,0
2026-03-27 23:19:01.911,195.014,-1,1159,3,-5.45,0,0,0,0,0,0,0,0
2026-03-27 23:19:01.929,195.032,-1,1156,3,-5.45,0,0,0,0,0,0,0,0
2026-03-27 23:19:01.930,195.033,-1,1159,0,-5.45,0,0,0,0,0,0,0,0
2026-03-27 23:19:02.104,195.207,-1,1161,0,-5.45,0,0,0,0,0,0,0,0
2026-03-27 23:19:02.107,195.210,-1,1162,3,-5.45,0,0,0,0,0,0,0,0
2026-03-27 23:19:02.168,195.271,-1,1165,0,-5.45,0,0,0,0,0,0,0,0
2026-03-27 23:19:02.170,195.273,-1,1174,0,216.32,0,0,0,0,0,0,0,0
2026-03-27 23:19:02.232,195.335,-1,1173,3,-5.45,0,0,0,0,0,0,0,0
2026-03-27 23:19:02.233,195.336,-1,1173,3,-5.45,0,0,0,0,0,0,0,0
2026-03-27 23:19:02.234,195.337,-1,1164,0,-5.45,0,0,0,0,0,0,0,0
2026-03-27 23:19:02.392,195.495,-1,1165,3,-5.45,0,0,0,0,0,0,0,0
2026-03-27 23:19:02.408,195.511,-1,1170,3,-5.45,0,0,0,0,0,0,0,0
2026-03-27 23:19:02.455,195.558,-1,1168,3,-5.45,0,0,0,0,0,0,0,0
2026-03-27 23:19:02.472,195.575,-1,1173,3,-5.45,0,0,0,0,0,0,0,0
2026-03-27 23:19:02.473,195.576,-1,1173,0,-5.45,0,0,0,0,0,0,0,0
2026-03-27 23:19:02.552,195.655,-1,1168,3,-5.45,0,0,0,0,0,0,0,0
2026-03-27 23:19:02.554,195.657,-1,1167,0,-5.45,0,0,0,0,0,0,0,0
2026-03-27 23:19:02.615,195.718,-1,1168,3,-5.45,0,0,0,0,0,0,0,0
2026-03-27 23:19:02.712,195.815,-1,1172,3,-5.45,0,0,0,0,0,0,0,0
2026-03-27 23:19:02.808,195.911,-1,1167,3,-5.45,0,0,0,0,0,0,0,0
2026-03-27 23:19:02.810,195.913,-1,1170,3,-5.45,0,0,0,0,0,0,0,0
2026-03-27 23:19:02.951,196.054,-1,1166,3,-5.45,0,0,0,0,0,0,0,0
2026-03-27 23:19:03.063,196.166,-1,1161,3,-5.45,0,0,0,0,0,0,0,0
2026-03-27 23:19:03.065,196.168,-1,1165,0,-5.45,0,0,0,0,0,0,0,0
2026-03-27 23:19:03.067,196.170,-1,1164,0,-5.45,0,0,0,0,0,0,0,0
2026-03-27 23:19:03.128,196.231,-1,1161,0,-5.45,0,0,0,0,0,0,0,0
2026-03-27 23:19:03.144,196.247,0,1166,0,-5.45,0,0,0,0,0,0,0,0
2026-03-27 23:19:03.287,196.390,1,1162,3,-5.45,0,0,0,0,0,0,0,0
2026-03-27 23:19:03.289,196.392,1,1160,0,-5.45,0,0,0,0,0,0,0,0
2026-03-27 23:19:03.303,196.406,-1,1167,0,-5.45,0,0,0,0,0,0,0,0
2026-03-27 23:19:03.368,196.471,-1,1169,0,-5.45,0,0,0,0,0,0,0,0
2026-03-27 23:19:03.384,196.487,-1,1176,3,-5.45,0,0,0,0,0,0,0,0
2026-03-27 23:19:03.479,196.582,-1,1178,0,-5.45,0,0,0,0,0,0,0,0
2026-03-27 23:19:03.481,196.584,-1,1169,0,-5.45,0,0,0,0,0,0,0,0
2026-03-27 23:19:03.496,196.599,-1,1165,0,-5.45,0,0,0,0,0,0,0,0
2026-03-27 23:19:03.544,196.647,-1,1170,0,-5.45,0,0,0,0,0,0,0,0
2026-03-27 23:19:03.656,196.759,-1,1170,3,-5.45,0,0,0,0,0,0,0,0
2026-03-27 23:19:03.657,196.760,-1,1182,3,-1.98,0,0,0,0,0,0,0,0
2026-03-27 23:19:03.752,196.855,-1,1187,3,438.09,0,0,0,0,0,0,0,0
2026-03-27 23:19:03.754,196.857,-1,1163,3,-5.45,0,0,0,0,0,0,0,0
2026-03-27 23:19:03.880,196.983,-1,1166,3,-5.45,0,0,0,0,0,0,0,0
2026-03-27 23:19:04.024,197.127,-1,1168,0,-5.45,0,0,0,0,0,0,0,0
2026-03-27 23:19:04.026,197.129,-1,1176,0,-5.45,0,0,0,0,0,0,0,0
2026-03-27 23:19:04.120,197.223,-1,1178,1,105.44,0,0,0,0,0,0,0,0
2026-03-27 23:19:04.264,197.367,-1,1170,0,-5.45,0,0,0,0,0,0,0,0
2026-03-27 23:19:04.265,197.368,-1,1164,3,-5.45,0,0,0,0,0,0,0,0
2026-03-27 23:19:04.328,197.431,-1,1173,3,-5.45,0,0,0,0,0,0,0,0
2026-03-27 23:19:04.330,197.433,-1,1179,0,-5.45,0,0,0,0,0,0,0,0
2026-03-27 23:19:04.440,197.543,-1,1180,3,-5.45,0,0,0,0,0,0,0,0
2026-03-27 23:19:04.442,197.545,-1,1169,0,-5.45,0,0,0,0,0,0,0,0
2026-03-27 23:19:04.504,197.607,-1,1177,0,-5.45,0,0,0,0,0,0,0,0
2026-03-27 23:19:04.615,197.718,-1,1174,3,-5.45,0,0,0,0,0,0,0,0
2026-03-27 23:19:04.617,197.720,-1,1169,3,-5.45,0,0,0,0,0,0,0,0
2026-03-27 23:19:04.808,197.911,-1,1173,3,-5.45,0,0,0,0,0,0,0,0
2026-03-27 23:19:04.824,197.927,-1,1176,0,-5.45,0,0,0,0,0,0,0,0
2026-03-27 23:19:04.888,197.991,-1,1169,3,-5.45,0,0,0,0,0,0,0,0
2026-03-27 23:19:04.889,197.992,-1,1164,0,-5.45,0,0,0,0,0,0,0,0
2026-03-27 23:19:04.891,197.994,-1,1165,3,-5.45,0,0,0,0,0,0,0,0
2026-03-27 23:19:04.936,198.039,-1,1161,3,-5.45,0,0,0,0,0,0,0,0
2026-03-27 23:19:04.938,198.041,-1,1163,0,-5.45,0,0,0,0,0,0,0,0
2026-03-27 23:19:05.079,198.182,-1,1166,3,-5.45,0,0,0,0,0,0,0,0
2026-03-27 23:19:05.096,198.199,-1,1175,3,-5.43,0,0,0,0,0,0,0,0
2026-03-27 23:19:05.097,198.200,-1,1169,3,-5.45,0,0,0,0,0,0,0,0
2026-03-27 23:19:05.160,198.263,-1,1174,3,-5.23,0,0,0,0,0,0,0,0
2026-03-27 23:19:05.161,198.264,-1,1177,3,-5.45,0,0,0,0,0,0,0,0
2026-03-27 23:19:05.255,198.358,-1,1174,3,-5.45,0,0,0,0,0,0,0,0
2026-03-27 23:19:05.257,198.360,-1,1172,3,-5.45,0,0,0,0,0,0,0,0
2026-03-27 23:19:05.258,198.361,-1,1165,3,-5.45,0,0,0,0,0,0,0,0
2026-03-27 23:19:05.384,198.487,-1,1164,0,-5.45,0,0,0,0,0,0,0,0
2026-03-27 23:19:05.386,198.489,-1,1172,0,-4.58,0,0,0,0,0,0,0,0
2026-03-27 23:19:05.431,198.534,-1,1164,0,-5.45,0,0,0,0,0,0,0,0
2026-03-27 23:19:05.560,198.663,-1,1167,0,-5.45,0,0,0,0,0,0,0,0
2026-03-27 23:19:05.561,198.664,-1,1169,0,-5.45,0,0,0,0,0,0,0,0
2026-03-27 23:19:05.736,198.839,-1,1170,3,-5.45,0,0,0,0,0,0,0,0
2026-03-27 23:19:05.738,198.841,-1,1177,0,-5.45,0,0,0,0,0,0,0,0
2026-03-27 23:19:05.864,198.967,-1,1177,0,-5.45,0,0,0,0,0,0,0,0
2026-03-27 23:19:05.865,198.968,-2,1168,3,-5.45,0,0,0,0,0,0,0,0
2026-03-27 23:19:05.928,199.031,-1,1169,0,-5.45,0,0,0,0,0,0,0,0
2026-03-27 23:19:06.024,199.127,-1,1167,3,-5.45,0,0,0,0,0,0,0,0
2026-03-27 23:19:06.040,199.143,-1,1174,0,-5.45,0,0,0,0,0,0,0,0
2026-03-27 23:19:06.119,199.222,-1,1172,0,-5.45,0,0,0,0,0,0,0,0
2026-03-27 23:19:06.121,199.224,-1,1169,0,-5.45,0,0,0,0,0,0,0,0
2026-03-27 23:19:06.123,199.226,-1,1167,0,-5.45,0,0,0,0,0,0,0,0
2026-03-27 23:19:06.216,199.319,-1,1170,0,-5.45,0,0,0,0,0,0,0,0
2026-03-27 23:19:06.217,199.320,-1,1183,0,-5.45,0,0,0,0,0,0,0,0
2026-03-27 23:19:06.312,199.415,-1,1179,3,-5.45,0,0,0,0,0,0,0,0
2026-03-27 23:19:06.408,199.511,-1,1179,3,-5.45,0,0,0,0,0,0,0,0
2026-03-27 23:19:06.423,199.526,-1,1174,3,-5.45,0,0,0,0,0,0,0,0
2026-03-27 23:19:06.568,199.671,-1,1162,0,-5.45,0,0,0,0,0,0,0,0
2026-03-27 23:19:06.696,199.799,-1,1164,0,-5.45,0,0,0,0,0,0,0,0
2026-03-27 23:19:06.697,199.800,-1,1172,0,-5.45,0,0,0,0,0,0,0,0
2026-03-27 23:19:06.776,199.879,-1,1182,3,-5.45,0,0,0,0,0,0,0,0
2026-03-27 23:19:06.778,199.881,-1,1171,3,-5.45,0,0,0,0,0,0,0,0
2026-03-27 23:19:06.951,200.054,-1,1163,0,-5.45,0,0,0,0,0,0,0,0
2026-03-27 23:19:06.953,200.056,-1,1167,3,-5.45,0,0,0,0,0,0,0,0
2026-03-27 23:19:06.967,200.070,-1,1166,0,-5.45,0,0,0,0,0,0,0,0
2026-03-27 23:19:07.016,200.119,-1,1162,0,-5.45,0,0,0,0,0,0,0,0
2026-03-27 23:19:07.031,200.134,-1,1158,0,-5.45,0,0,0,0,0,0,0,0
2026-03-27 23:19:07.095,200.198,-1,1156,0,-5.45,0,0,0,0,0,0,0,0
2026-03-27 23:19:07.097,200.200,-1,1162,0,-5.45,0,0,0,0,0,0,0,0
2026-03-27 23:19:07.111,200.214,-2,1166,0,-5.45,0,0,0,0,0,0,0,0
2026-03-27 23:19:07.208,200.311,-1,1173,0,-5.45,0,0,0,0,0,0,0,0
2026-03-27 23:19:07.223,200.326,-1,1169,0,-5.45,0,0,0,0,0,0,0,0
2026-03-27 23:19:07.288,200.391,-1,1171,3,-5.45,0,0,0,0,0,0,0,0
2026-03-27 23:19:07.384,200.487,-1,1188,0,-5.45,0,0,0,0,0,0,0,0
2026-03-27 23:19:07.386,200.489,-2,1159,3,-5.45,0,0,0,0,0,0,0,0
2026-03-27 23:19:07.400,200.503,-1,1184,0,-5.45,0,0,0,0,0,0,0,0
2026-03-27 23:19:07.512,200.615,-1,1171,0,-5.45,0,0,0,0,0,0,0,0
2026-03-27 23:19:07.527,200.630,-1,1171,3,-5.45,0,0,0,0,0,0,0,0
2026-03-27 23:19:07.592,200.695,-1,1170,0,-5.45,0,0,0,0,0,0,0,0
2026-03-27 23:19:07.593,200.696,-1,1171,0,-5.45,0,0,0,0,0,0,0,0
2026-03-27 23:19:07.595,200.698,-1,1163,0,-5.45,0,0,0,0,0,0,0,0
2026-03-27 23:19:07.703,200.806,0,0,0,0,0,0,0,0,0,0,0,0
2026-03-27 23:19:07.719,200.822,-1,1161,0,-5.45,0,0,0,0,0,0,0,0
2026-03-27 23:19:07.722,200.825,-1,1165,0,-5.45,0,0,0,0,0,0,0,0
2026-03-27 23:19:07.896,200.999,-1,1170,0,-5.45,0,0,0,0,0,0,0,0
2026-03-27 23:19:07.898,201.001,-1,1178,3,-5.39,0,0,0,0,0,0,0,0
2026-03-27 23:19:07.975,201.078,-3,1169,3,-5.45,0,0,0,0,0,0,0,0
2026-03-27 23:19:07.977,201.080,-1,1178,3,-5.45,0,0,0,0,0,0,0,0
2026-03-27 23:19:07.979,201.082,-1,1172,3,-5.45,0,0,0,0,0,0,0,0
2026-03-27 23:19:08.072,201.175,-1,1171,3,-5.45,0,0,0,0,0,0,0,0
2026-03-27 23:19:08.168,201.271,-1,1174,0,-5.45,0,0,0,0,0,0,0,0
2026-03-27 23:19:08.169,201.272,-1,1169,0,-5.45,0,0,0,0,0,0,0,0
2026-03-27 23:19:08.247,201.350,-1,1173,3,-5.45,0,0,0,0,0,0,0,0
2026-03-27 23:19:08.249,201.352,-1,1166,3,-5.45,0,0,0,0,0,0,0,0
2026-03-27 23:19:08.328,201.431,-1,1171,3,-5.45,0,0,0,0,0,0,0,0
2026-03-27 23:19:08.488,201.591,-1,1172,0,-5.45,0,0,0,0,0,0,0,0
2026-03-27 23:19:08.489,201.592,-1,1182,3,-5.45,0,0,0,0,0,0,0,0
2026-03-27 23:19:08.568,201.671,-1,1186,3,-5.45,0,0,0,0,0,0,0,0
2026-03-27 23:19:08.599,201.702,-1,1179,3,-5.45,0,0,0,0,0,0,0,0
2026-03-27 23:19:08.601,201.704,-1,1168,0,-5.45,0,0,0,0,0,0,0,0
2026-03-27 23:19:08.602,201.705,-1,1163,0,-5.45,0,0,0,0,0,0,0,0
2026-03-27 23:19:08.775,201.878,-1,1164,3,-5.45,0,0,0,0,0,0,0,0
2026-03-27 23:19:08.777,201.880,-1,1162,3,-5.45,0,0,0,0,0,0,0,0
2026-03-27 23:19:08.919,202.022,-1,1159,0,-5.45,0,0,0,0,0,0,0,0
2026-03-27 23:19:08.935,202.038,-1,1160,3,-5.45,0,0,0,0,0,0,0,0
2026-03-27 23:19:08.937,202.040,-1,1167,1,-5.45,0,0,0,0,0,0,0,0
2026-03-27 23:19:08.984,202.087,-1,1177,0,-3.72,0,0,0,0,0,0,0,0
2026-03-27 23:19:08.986,202.089,-1,1169,0,-5.45,0,0,0,0,0,0,0,0
2026-03-27 23:19:09.112,202.215,-1,1172,0,-5.44,0,0,0,0,0,0,0,0
2026-03-27 23:19:09.192,202.295,-1,1175,1,-5.45,0,0,0,0,0,0,0,0
2026-03-27 23:19:09.194,202.296,-1,1172,0,-5.45,0,0,0,0,0,0,0,0
2026-03-27 23:19:09.304,202.407,-1,1168,0,-5.45,0,0,0,0,0,0,0,0
2026-03-27 23:19:09.305,202.408,-1,1161,0,-5.45,0,0,0,0,0,0,0,0
2026-03-27 23:19:09.448,202.551,-1,1169,0,-5.45,0,0,0,0,0,0,0,0
2026-03-27 23:19:09.463,202.566,-1,1174,0,-5.45,0,0,0,0,0,0,0,0
2026-03-27 23:19:09.465,202.568,-1,1169,3,-5.45,0,0,0,0,0,0,0,0
2026-03-27 23:19:09.511,202.614,-1,1168,3,-5.45,0,0,0,0,0,0,0,0
2026-03-27 23:19:09.512,202.615,-1,1168,0,-5.45,0,0,0,0,0,0,0,0
2026-03-27 23:19:09.592,202.695,-1,1167,3,-5.45,0,0,0,0,0,0,0,0
2026-03-27 23:19:09.593,202.696,-1,1173,3,-5.45,0,0,0,0,0,0,0,0
2026-03-27 23:19:09.607,202.710,-1,1169,0,-5.45,0,0,0,0,0,0,0,0
2026-03-27 23:19:09.719,202.822,-1,1170,0,-5.45,0,0,0,0,0,0,0,0
2026-03-27 23:19:09.895,202.998,-1,1164,1,-5.45,0,0,0,0,0,0,0,0
2026-03-27 23:19:09.959,203.062,-1,1172,3,-5.45,0,0,0,0,0,0,0,0
2026-03-27 23:19:09.961,203.064,-1,1174,3,-5.45,0,0,0,0,0,0,0,0
2026-03-27 23:19:10.039,203.142,-1,1164,0,-5.45,0,0,0,0,0,0,0,0
2026-03-27 23:19:10.040,203.143,-1,1163,0,-5.45,0,0,0,0,0,0,0,0
2026-03-27 23:19:10.055,203.158,-1,1163,3,-5.45,0,0,0,0,0,0,0,0
2026-03-27 23:19:10.200,203.303,-1,1163,0,-5.45,0,0,0,0,0,0,0,0
2026-03-27 23:19:10.201,203.304,-1,1167,0,-5.45,0,0,0,0,0,0,0,0
2026-03-27 23:19:10.279,203.382,-1,1162,0,-5.45,0,0,0,0,0,0,0,0
2026-03-27 23:19:10.295,203.398,-1,1162,0,-5.45,0,0,0,0,0,0,0,0
2026-03-27 23:19:10.297,203.400,-1,1174,0,-5.23,0,0,0,0,0,0,0,0
2026-03-27 23:19:10.408,203.511,-1,1177,0,-5.45,0,0,0,0,0,0,0,0
2026-03-27 23:19:10.487,203.590,-1,1169,3,-5.45,0,0,0,0,0,0,0,0
2026-03-27 23:19:10.489,203.592,-1,1175,0,-5.45,0,0,0,0,0,0,0,0
2026-03-27 23:19:10.631,203.734,-1,1167,3,-5.45,0,0,0,0,0,0,0,0
2026-03-27 23:19:10.633,203.735,-1,1171,0,-5.45,0,0,0,0,0,0,0,0
2026-03-27 23:19:10.664,203.767,-2,1167,0,-5.45,0,0,0,0,0,0,0,0
2026-03-27 23:19:10.839,203.942,-1,1168,0,-5.45,0,0,0,0,0,0,0,0
2026-03-27 23:19:10.919,204.022,1,1166,3,-5.45,0,0,0,0,0,0,0,0
2026-03-27 23:19:10.921,204.024,1,1168,0,-3.72,0,0,0,0,0,0,0,0
2026-03-27 23:19:11.063,204.166,-1,1172,0,-5.45,0,0,0,0,0,0,0,0
2026-03-27 23:19:11.065,204.168,-1,1165,3,-5.45,0,0,0,0,0,0,0,0
2026-03-27 23:19:11.080,204.183,-1,1166,0,-5.45,0,0,0,0,0,0,0,0
2026-03-27 23:19:11.175,204.278,-1,1169,0,-5.45,0,0,0,0,0,0,0,0
2026-03-27 23:19:11.176,204.279,-1,1172,0,-5.45,0,0,0,0,0,0,0,0
2026-03-27 23:19:11.255,204.358,-1,1172,0,-5.44,0,0,0,0,0,0,0,0
2026-03-27 23:19:11.256,204.359,-1,1177,0,-5.23,0,0,0,0,0,0,0,0
2026-03-27 23:19:11.258,204.361,-1,1165,3,-5.45,0,0,0,0,0,0,0,0
2026-03-27 23:19:11.368,204.471,-1,1164,0,-5.45,0,0,0,0,0,0,0,0
2026-03-27 23:19:11.432,204.535,-1,1169,0,-5.45,0,0,0,0,0,0,0,0
2026-03-27 23:19:11.433,204.536,-1,1163,3,-5.45,0,0,0,0,0,0,0,0
2026-03-27 23:19:11.559,204.662,-1,1158,0,-5.45,0,0,0,0,0,0,0,0
2026-03-27 23:19:11.655,204.758,1,1172,3,438.09,0,0,0,0,0,0,0,0
2026-03-27 23:19:11.815,204.918,1,1163,0,-5.45,0,0,0,0,0,0,0,0
2026-03-27 23:19:11.912,205.015,-1,1166,3,-5.45,0,0,0,0,0,0,0,0
2026-03-27 23:19:11.927,205.030,-1,1169,0,-5.45,0,0,0,0,0,0,0,0
2026-03-27 23:19:11.975,205.078,-1,1167,3,-5.45,0,0,0,0,0,0,0,0
2026-03-27 23:19:11.991,205.094,-1,1168,0,-5.45,0,0,0,0,0,0,0,0
2026-03-27 23:19:11.992,205.095,-1,1170,0,-5.45,0,0,0,0,0,0,0,0
2026-03-27 23:19:12.167,205.270,-1,1164,3,-5.45,0,0,0,0,0,0,0,0
2026-03-27 23:19:12.169,205.272,-1,1163,0,-5.45,0,0,0,0,0,0,0,0
2026-03-27 23:19:12.231,205.334,-1,1169,3,-5.45,0,0,0,0,0,0,0,0
2026-03-27 23:19:12.279,205.382,-1,1172,0,-5.45,0,0,0,0,0,0,0,0
2026-03-27 23:19:12.295,205.398,-1,1170,3,-5.45,0,0,0,0,0,0,0,0
2026-03-27 23:19:12.344,205.447,-1,1164,0,-5.45,0,0,0,0,0,0,0,0
2026-03-27 23:19:12.346,205.449,-1,1160,3,-5.45,0,0,0,0,0,0,0,0
2026-03-27 23:19:12.535,205.638,-1,1157,0,-5.45,0,0,0,0,0,0,0,0
2026-03-27 23:19:12.536,205.639,-1,1164,3,-5.45,0,0,0,0,0,0,0,0
2026-03-27 23:19:12.538,205.641,-1,1168,3,-5.45,0,0,0,0,0,0,0,0
2026-03-27 23:19:12.632,205.735,1,1170,0,-5.45,0,0,0,0,0,0,0,0
2026-03-27 23:19:12.633,205.736,1,1173,3,-5.39,0,0,0,0,0,0,0,0
2026-03-27 23:19:12.679,205.782,1,1164,0,-5.45,0,0,0,0,0,0,0,0
2026-03-27 23:19:12.680,205.783,-1,1185,0,-5.45,0,0,0,0,0,0,0,0
2026-03-27 23:19:12.682,205.785,-1,1173,0,-5.45,0,0,0,0,0,0,0,0
2026-03-27 23:19:12.839,205.942,-1,1169,0,-5.45,0,0,0,0,0,0,0,0
2026-03-27 23:19:12.840,205.943,-1,1171,0,-4.58,0,0,0,0,0,0,0,0
2026-03-27 23:19:12.888,205.991,-1,1160,0,-5.45,0,0,0,0,0,0,0,0
2026-03-27 23:19:12.903,206.006,-1,1160,3,-5.45,0,0,0,0,0,0,0,0
2026-03-27 23:19:12.920,206.023,0,1168,1,-5.45,0,0,0,0,0,0,0,0
2026-03-27 23:19:12.936,206.039,1,1167,0,-5.45,0,0,0,0,0,0,0,0
2026-03-27 23:19:13.047,206.150,0,1161,0,-5.45,0,0,0,0,0,0,0,0
2026-03-27 23:19:13.049,206.152,1,1169,0,-5.45,0,0,0,0,0,0,0,0
2026-03-27 23:19:13.050,206.153,1,1170,1,-5.45,0,0,0,0,0,0,0,0
2026-03-27 23:19:13.160,206.263,1,1172,0,-5.45,0,0,0,0,0,0,0,0
2026-03-27 23:19:13.161,206.264,-1,1173,0,-5.45,0,0,0,0,0,0,0,0
2026-03-27 23:19:13.223,206.326,-1,1163,3,-5.45,0,0,0,0,0,0,0,0
2026-03-27 23:19:13.335,206.438,-1,1171,0,-5.45,0,0,0,0,0,0,0,0
2026-03-27 23:19:13.512,206.615,-1,1179,3,-5.45,0,0,0,0,0,0,0,0
2026-03-27 23:19:13.527,206.630,-1,1172,3,-5.45,0,0,0,0,0,0,0,0
2026-03-27 23:19:13.704,206.807,1,1172,3,-5.45,0,0,0,0,0,0,0,0
2026-03-27 23:19:13.706,206.809,1,1163,3,-5.45,0,0,0,0,0,0,0,0
2026-03-27 23:19:13.784,206.887,-1,1168,0,-5.45,0,0,0,0,0,0,0,0
2026-03-27 23:19:13.847,206.950,1,1167,3,-5.45,0,0,0,0,0,0,0,0
2026-03-27 23:19:13.928,207.031,1,1165,0,-5.45,0,0,0,0,0,0,0,0
2026-03-27 23:19:13.944,207.047,1,1162,0,-5.45,0,0,0,0,0,0,0,0
2026-03-27 23:19:14.055,207.158,1,1175,3,-5.45,0,0,0,0,0,0,0,0
2026-03-27 23:19:14.056,207.159,1,1181,0,-5.01,0,0,0,0,0,0,0,0
2026-03-27 23:19:14.183,207.286,1,1169,0,-5.45,0,0,0,0,0,0,0,0
2026-03-27 23:19:14.185,207.288,1,1177,3,-5.34,0,0,0,0,0,0,0,0
2026-03-27 23:19:14.199,207.302,0,1168,0,-5.45,0,0,0,0,0,0,0,0
2026-03-27 23:19:14.264,207.367,1,1166,0,-5.45,0,0,0,0,0,0,0,0
2026-03-27 23:19:14.265,207.368,1,1168,0,-5.45,0,0,0,0,0,0,0,0
2026-03-27 23:19:14.375,207.478,-2,1172,0,-5.45,0,0,0,0,0,0,0,0
2026-03-27 23:19:14.377,207.480,-1,1179,0,-5.45,0,0,0,0,0,0,0,0
2026-03-27 23:19:14.391,207.494,-1,1182,0,-5.43,0,0,0,0,0,0,0,0
2026-03-27 23:19:14.441,207.544,-1,1172,0,-5.45,0,0,0,0,0,0,0,0
2026-03-27 23:19:14.584,207.687,-1,1170,3,-5.45,0,0,0,0,0,0,0,0
2026-03-27 23:19:14.585,207.688,-1,1172,0,-5.45,0,0,0,0,0,0,0,0
2026-03-27 23:19:14.711,207.814,-1,1172,0,-5.45,0,0,0,0,0,0,0,0
2026-03-27 23:19:14.713,207.816,-1,1167,0,-5.45,0,0,0,0,0,0,0,0
2026-03-27 23:19:14.714,207.817,-1,1160,0,-5.45,0,0,0,0,0,0,0,0
2026-03-27 23:19:14.839,207.942,-1,1167,1,-5.23,0,0,0,0,0,0,0,0
2026-03-27 23:19:14.968,208.071,-1,1171,0,-5.39,0,0,0,0,0,0,0,0
2026-03-27 23:19:14.969,208.072,1,1172,3,-5.45,0,0,0,0,0,0,0,0
2026-03-27 23:19:15.079,208.182,1,1163,0,-5.45,0,0,0,0,0,0,0,0
2026-03-27 23:19:15.081,208.184,0,1169,3,-5.45,0,0,0,0,0,0,0,0
2026-03-27 23:19:15.176,208.279,1,1172,0,-5.45,0,0,0,0,0,0,0,0
2026-03-27 23:19:15.191,208.294,1,1169,0,-5.45,0,0,0,0,0,0,0,0
2026-03-27 23:19:15.255,208.358,-1,1171,0,-5.45,0,0,0,0,0,0,0,0
2026-03-27 23:19:15.257,208.360,-1,1172,2,-5.42,0,0,0,0,0,0,0,0
2026-03-27 23:19:15.351,208.454,1,1169,0,-5.01,0,0,0,0,0,0,0,0
2026-03-27 23:19:15.368,208.471,-1,1158,0,-5.45,0,0,0,0,0,0,0,0
2026-03-27 23:19:15.463,208.566,-1,1166,0,-5.45,0,0,0,0,0,0,0,0
2026-03-27 23:19:15.465,208.568,-1,1173,3,-4.58,0,0,0,0,0,0,0,0
2026-03-27 23:19:15.466,208.569,0,1165,0,-5.45,0,0,0,0,0,0,0,0
2026-03-27 23:19:15.528,208.631,0,1159,0,-5.45,0,0,0,0,0,0,0,0
2026-03-27 23:19:15.671,208.774,-1,1160,0,-5.45,0,0,0,0,0,0,0,0
2026-03-27 23:19:15.751,208.854,1,1162,0,-5.45,0,0,0,0,0,0,0,0
2026-03-27 23:19:15.752,208.855,1,1159,0,-5.45,0,0,0,0,0,0,0,0
2026-03-27 23:19:15.879,208.982,-1,1158,0,-5.45,0,0,0,0,0,0,0,0
2026-03-27 23:19:15.881,208.984,-2,1158,0,-5.45,0,0,0,0,0,0,0,0
2026-03-27 23:19:15.882,208.985,-1,1163,0,-5.45,0,0,0,0,0,0,0,0
2026-03-27 23:19:15.943,209.046,-1,1160,0,-5.45,0,0,0,0,0,0,0,0
2026-03-27 23:19:15.944,209.047,-1,1169,0,-5.45,0,0,0,0,0,0,0,0
2026-03-27 23:19:16.054,209.157,-1,1170,0,-5.45,0,0,0,0,0,0,0,0
2026-03-27 23:19:16.168,209.271,-1,1173,0,-5.45,0,0,0,0,0,0,0,0
2026-03-27 23:19:16.184,209.287,-1,1169,0,-5.45,0,0,0,0,0,0,0,0
2026-03-27 23:19:16.279,209.382,-1,1164,3,-5.45,0,0,0,0,0,0,0,0
2026-03-27 23:19:16.295,209.398,1,1169,0,-5.45,0,0,0,0,0,0,0,0
2026-03-27 23:19:16.391,209.494,1,1172,0,-5.45,0,0,0,0,0,0,0,0
2026-03-27 23:19:16.393,209.496,-1,1173,0,-5.45,0,0,0,0,0,0,0,0
2026-03-27 23:19:16.504,209.607,-2,1182,3,-5.45,0,0,0,0,0,0,0,0
2026-03-27 23:19:16.519,209.622,-1,1178,0,-5.45,0,0,0,0,0,0,0,0
2026-03-27 23:19:16.615,209.718,-1,1175,0,-5.45,0,0,0,0,0,0,0,0
2026-03-27 23:19:16.631,209.734,-1,1176,0,-5.45,0,0,0,0,0,0,0,0
2026-03-27 23:19:16.633,209.736,-1,1175,3,-5.45,0,0,0,0,0,0,0,0
2026-03-27 23:19:16.728,209.831,1,1185,0,-5.45,0,0,0,0,0,0,0,0
2026-03-27 23:19:16.729,209.832,0,1171,0,-5.45,0,0,0,0,0,0,0,0
2026-03-27 23:19:16.839,209.942,-1,1171,0,105.44,0,0,0,0,0,0,0,0
2026-03-27 23:19:16.841,209.944,-2,1174,3,-5.45,0,0,0,0,0,0,0,0
2026-03-27 23:19:16.919,210.022,-1,1165,0,-5.45,0,0,0,0,0,0,0,0
2026-03-27 23:19:16.920,210.023,-1,1167,3,-5.45,0,0,0,0,0,0,0,0
2026-03-27 23:19:16.935,210.038,-1,1172,3,-5.45,0,0,0,0,0,0,0,0
2026-03-27 23:19:16.968,210.071,-1,1173,3,-5.45,0,0,0,0,0,0,0,0
2026-03-27 23:19:16.983,210.086,-1,1168,3,-5.45,0,0,0,0,0,0,0,0
2026-03-27 23:19:17.095,210.198,-1,1168,0,-5.45,0,0,0,0,0,0,0,0
2026-03-27 23:19:17.191,210.294,-1,1175,3,-5.45,0,0,0,0,0,0,0,0
2026-03-27 23:19:17.193,210.296,-1,1174,3,-5.45,0,0,0,0,0,0,0,0
2026-03-27 23:19:17.255,210.358,-1,1169,3,-5.45,0,0,0,0,0,0,0,0
2026-03-27 23:19:17.257,210.360,-1,1173,0,-5.45,0,0,0,0,0,0,0,0
2026-03-27 23:19:17.272,210.375,-1,1166,3,-5.45,0,0,0,0,0,0,0,0
2026-03-27 23:19:17.335,210.438,-1,1168,0,-5.45,0,0,0,0,0,0,0,0
2026-03-27 23:19:17.352,210.455,-1,1169,0,-5.45,0,0,0,0,0,0,0,0
2026-03-27 23:19:17.432,210.535,-1,1170,0,-5.45,0,0,0,0,0,0,0,0
2026-03-27 23:19:17.433,210.536,-1,1173,3,-5.45,0,0,0,0,0,0,0,0
2026-03-27 23:19:17.575,210.678,-1,1170,0,-5.45,0,0,0,0,0,0,0,0
2026-03-27 23:19:17.577,210.680,1,1166,0,-5.45,0,0,0,0,0,0,0,0
2026-03-27 23:19:17.639,210.742,1,1168,0,-5.45,0,0,0,0,0,0,0,0
2026-03-27 23:19:17.641,210.744,1,1173,0,-5.45,0,0,0,0,0,0,0,0
2026-03-27 23:19:17.815,210.918,1,1174,0,-5.45,0,0,0,0,0,0,0,0
2026-03-27 23:19:17.943,211.046,0,1176,0,-5.45,0,0,0,0,0,0,0,0
2026-03-27 23:19:17.945,211.048,0,1167,0,-5.45,0,0,0,0,0,0,0,0
2026-03-27 23:19:18.038,211.141,-1,1174,0,-5.45,0,0,0,0,0,0,0,0
2026-03-27 23:19:18.055,211.158,-1,1173,3,-5.45,0,0,0,0,0,0,0,0
2026-03-27 23:19:18.071,211.174,1,1176,0,-5.45,0,0,0,0,0,0,0,0
2026-03-27 23:19:18.151,211.254,1,1176,0,-5.45,0,0,0,0,0,0,0,0
