timestamp,elapsed_s,bottle_psi,tank_psi,chamber_psi,loadcell_kg,gse_fill,gse_relief,gse_dump,rkt_ox,rkt_fuel,rkt_relief,rkt_dump,rkt_ign
2026-03-27 22:35:24.875,0.161,0,-3,14,0.1,0,0,0,0,0,0,0,0
2026-03-27 22:35:24.987,0.273,0,-3,11,5.52,0,0,0,0,0,0,0,0
2026-03-27 22:35:25.131,0.417,0,-3,13,0.15,0,0,0,0,0,0,0,0
2026-03-27 22:35:25.195,0.481,0,-3,14,6.75,0,0,0,0,0,0,0,0
2026-03-27 22:35:25.354,0.641,-1,-4,13,6.27,0,0,0,0,0,0,0,0
2026-03-27 22:35:25.387,0.673,0,-3,13,-7.13,0,0,0,0,0,0,0,0
2026-03-27 22:35:25.499,0.785,0,-3,14,0.66,0,0,0,0,0,0,0,0
2026-03-27 22:35:25.596,0.882,0,-2,14,16.63,0,0,0,0,0,0,0,0
2026-03-27 22:35:25.739,1.025,0,-3,13,16.63,0,0,0,0,0,0,0,0
2026-03-27 22:35:25.803,1.089,-1,-3,13,5.74,0,0,0,0,0,0,0,0
2026-03-27 22:35:25.899,1.185,-1,-3,13,23.49,0,0,0,0,0,0,0,0
2026-03-27 22:35:25.979,1.266,0,-3,14,23.49,0,0,0,0,0,0,0,0
2026-03-27 22:35:26.059,1.345,0,-3,14,23.49,0,0,0,0,0,0,0,0
2026-03-27 22:35:26.187,1.473,0,-3,14,6.06,0,0,0,0,0,0,0,0
2026-03-27 22:35:26.298,1.585,0,-3,14,6.06,0,0,0,0,0,0,0,0
2026-03-27 22:35:26.300,1.586,0,-3,13,15.24,0,0,0,0,0,0,0,0
2026-03-27 22:35:26.523,1.809,0,-3,11,7.18,0,0,0,0,0,0,0,0
2026-03-27 22:35:26.731,2.017,0,-3,14,6.99,0,0,0,0,0,0,0,0
2026-03-27 22:35:26.780,2.066,0,-3,13,6.74,0,0,0,0,0,0,0,0
2026-03-27 22:35:26.843,2.129,0,-3,13,6.74,0,0,0,0,0,0,0,0
2026-03-27 22:35:26.955,2.242,0,-3,14,18.05,0,0,0,0,0,0,0,0
2026-03-27 22:35:27.051,2.337,0,-3,13,9.03,0,0,0,0,0,0,0,0
2026-03-27 22:35:27.147,2.433,0,-3,13,0.57,0,0,0,0,0,0,0,0
2026-03-27 22:35:27.306,2.593,0,-3,13,0.57,0,0,0,0,0,0,0,0
2026-03-27 22:35:27.339,2.625,0,-3,14,-2.58,0,0,0,0,0,0,0,0
2026-03-27 22:35:27.499,2.785,0,-3,14,-2.58,0,0,0,0,0,0,0,0
2026-03-27 22:35:27.547,2.833,0,-3,13,0.27,0,0,0,0,0,0,0,0
2026-03-27 22:35:27.691,2.977,0,-3,14,3.53,0,0,0,0,0,0,0,0
2026-03-27 22:35:27.819,3.105,-1,-3,13,6.07,0,0,0,0,0,0,0,0
2026-03-27 22:35:27.835,3.122,0,-3,14,0.21,0,0,0,0,0,0,0,0
2026-03-27 22:35:27.916,3.202,0,-3,14,0.21,0,0,0,0,0,0,0,0
2026-03-27 22:35:27.918,3.205,0,-3,11,0.58,0,0,0,0,0,0,0,0
2026-03-27 22:35:28.043,3.329,0,-3,11,0.58,0,0,0,0,0,0,0,0
2026-03-27 22:35:28.235,3.521,0,-3,14,-0.08,0,0,0,0,0,0,0,0
2026-03-27 22:35:28.300,3.586,0,-3,13,-0.08,0,0,0,0,0,0,0,0
2026-03-27 22:35:28.331,3.617,0,-3,14,36.33,0,0,0,0,0,0,0,0
2026-03-27 22:35:28.459,3.745,0,-3,13,16.5,0,0,0,0,0,0,0,0
2026-03-27 22:35:28.507,3.793,0,-3,13,41.76,0,0,0,0,0,0,0,0
2026-03-27 22:35:28.587,3.873,0,-3,14,41.76,0,0,0,0,0,0,0,0
2026-03-27 22:35:28.827,4.113,0,-3,14,6.65,0,0,0,0,0,0,0,0
2026-03-27 22:35:28.891,4.177,0,-3,14,-1.86,0,0,0,0,0,0,0,0
2026-03-27 22:35:28.939,4.225,0,-3,14,7.02,0,0,0,0,0,0,0,0
2026-03-27 22:35:28.941,4.227,0,-3,13,6.35,0,0,0,0,0,0,0,0
2026-03-27 22:35:29.083,4.369,0,-3,13,6.35,0,0,0,0,0,0,0,0
2026-03-27 22:35:29.163,4.449,0,-3,13,5.93,0,0,0,0,0,0,0,0
2026-03-27 22:35:29.179,4.465,0,-3,13,6.2,0,0,0,0,0,0,0,0
2026-03-27 22:35:29.531,4.817,0,-3,14,17.94,0,0,0,0,0,0,0,0
2026-03-27 22:35:29.563,4.849,0,-3,14,2.64,0,0,0,0,0,0,0,0
2026-03-27 22:35:29.707,4.993,0,-3,14,17.21,0,0,0,0,0,0,0,0
2026-03-27 22:35:29.771,5.057,0,-3,13,-2.15,0,0,0,0,0,0,0,0
2026-03-27 22:35:29.899,5.185,-1,-3,13,37.06,0,0,0,0,0,0,0,0
2026-03-27 22:35:30.027,5.314,0,-3,14,-0.33,0,0,0,0,0,0,0,0
2026-03-27 22:35:30.171,5.457,0,-3,14,-7.9,0,0,0,0,0,0,0,0
2026-03-27 22:35:30.251,5.538,0,-3,14,5.79,0,0,0,0,0,0,0,0
2026-03-27 22:35:30.299,5.585,0,-3,14,0.32,0,0,0,0,0,0,0,0
2026-03-27 22:35:30.491,5.777,-1,-3,13,16.47,0,0,0,0,0,0,0,0
2026-03-27 22:35:30.587,5.873,0,-3,14,6.31,0,0,0,0,0,0,0,0
2026-03-27 22:35:30.698,5.985,0,-3,14,6.31,0,0,0,0,0,0,0,0
2026-03-27 22:35:30.762,6.049,0,-3,14,40.09,0,0,0,0,0,0,0,0
2026-03-27 22:35:30.827,6.113,0,-3,13,5.69,0,0,0,0,0,0,0,0
2026-03-27 22:35:31.163,6.449,0,-3,14,6.93,0,0,0,0,0,0,0,0
2026-03-27 22:35:31.275,6.561,0,-3,13,15.19,0,0,0,0,0,0,0,0
2026-03-27 22:35:31.291,6.577,0,-3,14,15.19,0,0,0,0,0,0,0,0
2026-03-27 22:35:31.403,6.690,0,-3,14,6.87,0,0,0,0,0,0,0,0
2026-03-27 22:35:31.483,6.769,0,-3,13,-9.85,0,0,0,0,0,0,0,0
2026-03-27 22:35:31.595,6.881,0,-3,14,0.16,0,0,0,0,0,0,0,0
2026-03-27 22:35:31.643,6.929,0,-3,13,22.93,0,0,0,0,0,0,0,0
2026-03-27 22:35:31.771,7.057,0,-3,14,4.73,0,0,0,0,0,0,0,0
2026-03-27 22:35:31.915,7.201,0,-3,14,5.6,0,0,0,0,0,0,0,0
2026-03-27 22:35:31.932,7.218,0,-3,14,5.6,0,0,0,0,0,0,0,0
2026-03-27 22:35:31.995,7.281,0,-3,13,5.6,0,0,0,0,0,0,0,0
2026-03-27 22:35:32.107,7.393,0,-3,13,5.51,0,0,0,0,0,0,0,0
2026-03-27 22:35:32.123,7.409,-1,-3,14,5.98,0,0,0,0,0,0,0,0
2026-03-27 22:35:32.203,7.490,-1,-3,13,5.98,0,0,0,0,0,0,0,0
2026-03-27 22:35:32.330,7.616,0,-3,13,33.84,0,0,0,0,0,0,0,0
2026-03-27 22:35:32.411,7.697,0,-3,14,-0.2,0,0,0,0,0,0,0,0
2026-03-27 22:35:32.475,7.761,-1,-3,13,-0.2,0,0,0,0,0,0,0,0
2026-03-27 22:35:32.587,7.873,0,-3,13,-0.18,0,0,0,0,0,0,0,0
2026-03-27 22:35:32.731,8.017,-1,-3,13,-12.8,0,0,0,0,0,0,0,0
2026-03-27 22:35:32.875,8.161,-1,-3,13,-2.17,0,0,0,0,0,0,0,0
2026-03-27 22:35:32.923,8.209,0,-3,14,23.92,0,0,0,0,0,0,0,0
2026-03-27 22:35:32.925,8.212,0,-3,14,23.92,0,0,0,0,0,0,0,0
2026-03-27 22:35:33.035,8.321,-1,-3,13,0.36,0,0,0,0,0,0,0,0
2026-03-27 22:35:33.115,8.402,0,-3,14,-7.19,0,0,0,0,0,0,0,0
2026-03-27 22:35:33.227,8.513,0,-3,13,0.26,0,0,0,0,0,0,0,0
2026-03-27 22:35:33.307,8.593,0,-3,14,-8.18,0,0,0,0,0,0,0,0
2026-03-27 22:35:33.435,8.721,0,-3,14,6.44,0,0,0,0,0,0,0,0
2026-03-27 22:35:33.563,8.849,0,-3,14,-7.32,0,0,0,0,0,0,0,0
2026-03-27 22:35:33.580,8.867,0,-3,14,-0.82,0,0,0,0,0,0,0,0
2026-03-27 22:35:33.676,8.962,0,-3,13,5.4,0,0,0,0,0,0,0,0
2026-03-27 22:35:33.754,9.041,0,-3,14,-4.29,0,0,0,0,0,0,0,0
2026-03-27 22:35:33.819,9.105,0,-3,14,5.33,0,0,0,0,0,0,0,0
2026-03-27 22:35:33.947,9.233,0,-3,13,-6.31,0,0,0,0,0,0,0,0
2026-03-27 22:35:34.074,9.361,0,-3,14,5.49,0,0,0,0,0,0,0,0
2026-03-27 22:35:34.235,9.522,-1,-3,13,-1.43,0,0,0,0,0,0,0,0
2026-03-27 22:35:34.363,9.649,0,-3,14,-0.28,0,0,0,0,0,0,0,0
2026-03-27 22:35:34.490,9.776,0,-3,14,15.28,0,0,0,0,0,0,0,0
2026-03-27 22:35:34.554,9.841,0,-3,14,15.28,0,0,0,0,0,0,0,0
2026-03-27 22:35:34.667,9.953,0,-3,14,16.5,0,0,0,0,0,0,0,0
2026-03-27 22:35:34.730,10.017,0,-3,13,17.72,0,0,0,0,0,0,0,0
2026-03-27 22:35:34.747,10.034,-1,-4,14,2.78,0,0,0,0,0,0,0,0
2026-03-27 22:35:34.875,10.162,0,-3,13,2.78,0,0,0,0,0,0,0,0
2026-03-27 22:35:35.002,10.289,0,-3,14,0.68,0,0,0,0,0,0,0,0
2026-03-27 22:35:35.114,10.401,0,-3,13,-2.07,0,0,0,0,0,0,0,0
2026-03-27 22:35:35.180,10.466,0,-3,13,5.76,0,0,0,0,0,0,0,0
2026-03-27 22:35:35.307,10.593,0,-4,14,-0.09,0,0,0,0,0,0,0,0
2026-03-27 22:35:35.434,10.721,0,-3,14,-7.35,0,0,0,0,0,0,0,0
2026-03-27 22:35:35.547,10.833,0,-3,13,-7.35,0,0,0,0,0,0,0,0
2026-03-27 22:35:35.707,10.993,0,-3,14,-0.5,0,0,0,0,0,0,0,0
2026-03-27 22:35:35.787,11.073,0,-3,13,35.6,0,0,0,0,0,0,0,0
2026-03-27 22:35:35.867,11.153,0,-3,14,-8.94,0,0,0,0,0,0,0,0
2026-03-27 22:35:35.963,11.250,0,-3,14,5.56,0,0,0,0,0,0,0,0
2026-03-27 22:35:36.091,11.377,0,-3,14,-5.72,0,0,0,0,0,0,0,0
2026-03-27 22:35:36.203,11.489,0,-3,13,14.69,0,0,0,0,0,0,0,0
2026-03-27 22:35:36.315,11.601,0,-3,13,-2.02,0,0,0,0,0,0,0,0
2026-03-27 22:35:36.459,11.745,0,-3,13,5.72,0,0,0,0,0,0,0,0
2026-03-27 22:35:36.538,11.825,0,-3,13,-2.14,0,0,0,0,0,0,0,0
2026-03-27 22:35:36.603,11.889,0,-3,14,-2.14,0,0,0,0,0,0,0,0
2026-03-27 22:35:36.763,12.049,0,-3,14,-2.88,0,0,0,0,0,0,0,0
2026-03-27 22:35:36.875,12.162,0,-3,13,-2.88,0,0,0,0,0,0,0,0
2026-03-27 22:35:36.955,12.241,0,-3,14,0.27,0,0,0,0,0,0,0,0
2026-03-27 22:35:37.019,12.305,0,-3,14,-9.86,0,0,0,0,0,0,0,0
2026-03-27 22:35:37.114,12.401,0,-3,14,16.2,0,0,0,0,0,0,0,0
2026-03-27 22:35:37.242,12.529,0,-3,13,-2.0,0,0,0,0,0,0,0,0
2026-03-27 22:35:37.323,12.609,0,-3,14,0.17,0,0,0,0,0,0,0,0
2026-03-27 22:35:37.325,12.612,0,-3,14,0.71,0,0,0,0,0,0,0,0
2026-03-27 22:35:37.435,12.721,0,-3,13,0.71,0,0,0,0,0,0,0,0
2026-03-27 22:35:37.563,12.849,0,-3,13,3.99,0,0,0,0,0,0,0,0
2026-03-27 22:35:37.642,12.929,0,-3,14,-4.68,0,0,0,0,0,0,0,0
2026-03-27 22:35:37.835,13.121,0,-3,13,6.44,0,0,0,0,0,0,0,0
2026-03-27 22:35:37.866,13.152,0,-3,14,6.44,0,0,0,0,0,0,0,0
2026-03-27 22:35:38.058,13.345,0,-3,14,9.66,0,0,0,0,0,0,0,0
2026-03-27 22:35:38.059,13.346,0,-3,14,28.7,0,0,0,0,0,0,0,0
2026-03-27 22:35:38.075,13.361,0,-3,14,-7.98,0,0,0,0,0,0,0,0
2026-03-27 22:35:38.123,13.409,0,-3,13,-7.98,0,0,0,0,0,0,0,0
2026-03-27 22:35:38.187,13.473,0,-3,14,40.63,0,0,0,0,0,0,0,0
2026-03-27 22:35:38.314,13.600,0,-3,13,9.46,0,0,0,0,0,0,0,0
2026-03-27 22:35:38.395,13.681,0,-3,14,24.36,0,0,0,0,0,0,0,0
2026-03-27 22:35:38.506,13.792,0,-3,14,236.28,0,0,0,0,0,0,0,0
2026-03-27 22:35:38.570,13.856,0,-3,14,-7.35,0,0,0,0,0,0,0,0
2026-03-27 22:35:38.667,13.953,0,-2,14,26.48,0,0,0,0,0,0,0,0
2026-03-27 22:35:38.669,13.955,0,-3,14,26.48,0,0,0,0,0,0,0,0
2026-03-27 22:35:38.795,14.081,0,-3,13,26.48,0,0,0,0,0,0,0,0
2026-03-27 22:35:38.922,14.209,0,-3,14,13.26,0,0,0,0,0,0,0,0
2026-03-27 22:35:38.971,14.257,0,-3,14,163.61,0,0,0,0,0,0,0,0
2026-03-27 22:35:39.099,14.385,0,-3,13,163.61,0,0,0,0,0,0,0,0
2026-03-27 22:35:39.178,14.464,0,-3,13,163.61,0,0,0,0,0,0,0,0
2026-03-27 22:35:39.274,14.560,0,-3,14,41.17,0,0,0,0,0,0,0,0
2026-03-27 22:35:39.450,14.736,0,-3,14,-11.27,0,0,0,0,0,0,0,0
2026-03-27 22:35:39.482,14.769,0,-3,13,36.03,0,0,0,0,0,0,0,0
2026-03-27 22:35:39.579,14.865,-1,-3,13,102.26,0,0,0,0,0,0,0,0
2026-03-27 22:35:39.658,14.944,0,-3,14,116.96,0,0,0,0,0,0,0,0
2026-03-27 22:35:39.754,15.040,0,-3,14,2.47,0,0,0,0,0,0,0,0
2026-03-27 22:35:39.850,15.137,0,-3,14,0.03,0,0,0,0,0,0,0,0
2026-03-27 22:35:39.979,15.265,0,-3,13,0.03,0,0,0,0,0,0,0,0
2026-03-27 22:35:40.090,15.377,0,-3,14,0.23,0,0,0,0,0,0,0,0
2026-03-27 22:35:40.139,15.425,0,-3,14,5.31,0,0,0,0,0,0,0,0
2026-03-27 22:35:40.266,15.552,0,-3,14,-1.9,0,0,0,0,0,0,0,0
2026-03-27 22:35:40.379,15.665,0,-3,14,0.06,0,0,0,0,0,0,0,0
2026-03-27 22:35:40.491,15.777,0,-3,14,7.65,0,0,0,0,0,0,0,0
2026-03-27 22:35:40.586,15.872,0,-3,13,-7.16,0,0,0,0,0,0,0,0
2026-03-27 22:35:40.714,16.000,0,-3,13,5.89,0,0,0,0,0,0,0,0
2026-03-27 22:35:40.859,16.145,0,-3,14,7.04,0,0,0,0,0,0,0,0
2026-03-27 22:35:40.938,16.225,-1,-3,13,16.44,0,0,0,0,0,0,0,0
2026-03-27 22:35:41.066,16.352,0,-3,14,16.99,0,0,0,0,0,0,0,0
2026-03-27 22:35:41.068,16.354,0,-3,14,5.35,0,0,0,0,0,0,0,0
2026-03-27 22:35:41.178,16.464,0,-3,14,5.35,0,0,0,0,0,0,0,0
2026-03-27 22:35:41.291,16.577,-1,-3,14,6.81,0,0,0,0,0,0,0,0
2026-03-27 22:35:41.387,16.673,0,-3,14,5.07,0,0,0,0,0,0,0,0
2026-03-27 22:35:41.389,16.675,0,-3,14,-2.24,0,0,0,0,0,0,0,0
2026-03-27 22:35:41.482,16.769,0,-4,13,-2.24,0,0,0,0,0,0,0,0
2026-03-27 22:35:41.786,17.072,0,-3,13,18.97,0,0,0,0,0,0,0,0
2026-03-27 22:35:41.930,17.217,0,-3,14,-2.21,0,0,0,0,0,0,0,0
2026-03-27 22:35:42.058,17.345,0,-3,13,0.92,0,0,0,0,0,0,0,0
2026-03-27 22:35:42.122,17.408,0,-3,14,0.02,0,0,0,0,0,0,0,0
2026-03-27 22:35:42.218,17.505,-1,-3,13,-0.15,0,0,0,0,0,0,0,0
2026-03-27 22:35:42.298,17.585,0,-3,13,6.12,0,0,0,0,0,0,0,0
2026-03-27 22:35:42.442,17.728,0,-3,13,6.89,0,0,0,0,0,0,0,0
2026-03-27 22:35:42.699,17.985,0,-3,14,-1.98,0,0,0,0,0,0,0,0
2026-03-27 22:35:42.778,18.065,0,-3,14,18.57,0,0,0,0,0,0,0,0
2026-03-27 22:35:42.891,18.177,0,-3,14,-1.89,0,0,0,0,0,0,0,0
2026-03-27 22:35:43.034,18.321,-1,-3,13,-1.89,0,0,0,0,0,0,0,0
2026-03-27 22:35:43.098,18.384,0,-3,13,6.26,0,0,0,0,0,0,0,0
2026-03-27 22:35:43.210,18.496,0,-3,14,-12.76,0,0,0,0,0,0,0,0
2026-03-27 22:35:43.305,18.592,0,-3,13,0.14,0,0,0,0,0,0,0,0
2026-03-27 22:35:43.307,18.593,0,-3,14,0.14,0,0,0,0,0,0,0,0
2026-03-27 22:35:43.562,18.849,0,-3,14,5.08,0,0,0,0,0,0,0,0
2026-03-27 22:35:43.706,18.992,0,-3,14,-0.07,0,0,0,0,0,0,0,0
2026-03-27 22:35:43.802,19.088,0,-3,14,-2.21,0,0,0,0,0,0,0,0
2026-03-27 22:35:43.818,19.104,-1,-3,14,4.81,0,0,0,0,0,0,0,0
2026-03-27 22:35:43.898,19.184,0,-3,13,-0.63,0,0,0,0,0,0,0,0
2026-03-27 22:35:43.962,19.248,0,-3,13,-6.39,0,0,0,0,0,0,0,0
2026-03-27 22:35:44.106,19.393,0,-3,13,-2.09,0,0,0,0,0,0,0,0
2026-03-27 22:35:44.202,19.489,0,-3,14,-2.09,0,0,0,0,0,0,0,0
2026-03-27 22:35:44.330,19.616,0,-3,13,-2.09,0,0,0,0,0,0,0,0
2026-03-27 22:35:44.458,19.744,0,-3,13,-1.9,0,0,0,0,0,0,0,0
2026-03-27 22:35:44.461,19.747,0,-3,14,-1.9,0,0,0,0,0,0,0,0
2026-03-27 22:35:44.522,19.809,0,-3,14,-1.9,0,0,0,0,0,0,0,0
2026-03-27 22:35:44.618,19.904,-1,-3,13,-1.9,0,0,0,0,0,0,0,0
2026-03-27 22:35:44.682,19.969,0,-3,14,-1.9,0,0,0,0,0,0,0,0
2026-03-27 22:35:44.778,20.064,0,-3,13,32.87,0,0,0,0,0,0,0,0
2026-03-27 22:35:44.874,20.160,0,-3,14,73.27,0,0,0,0,0,0,0,0
2026-03-27 22:35:44.890,20.177,0,-3,14,73.27,0,0,0,0,0,0,0,0
2026-03-27 22:35:44.938,20.224,2,-3,14,42.06,0,0,0,0,0,0,0,0
2026-03-27 22:35:45.050,20.336,0,-3,14,47.88,0,0,0,0,0,0,0,0
2026-03-27 22:35:45.147,20.433,0,-3,13,114.98,0,0,0,0,0,0,0,0
2026-03-27 22:35:45.306,20.592,-1,-3,13,-3.72,0,0,0,0,0,0,0,0
2026-03-27 22:35:45.450,20.736,0,-3,14,142.32,0,0,0,0,0,0,0,0
2026-03-27 22:35:45.561,20.848,0,-3,14,142.32,0,0,0,0,0,0,0,0
2026-03-27 22:35:45.563,20.849,0,-3,14,142.32,0,0,0,0,0,0,0,0
2026-03-27 22:35:45.641,20.928,0,-4,13,142.32,0,0,0,0,0,0,0,0
2026-03-27 22:35:45.643,20.929,0,-3,13,75.04,0,0,0,0,0,0,0,0
2026-03-27 22:35:45.645,20.931,0,-3,13,35.89,0,0,0,0,0,0,0,0
2026-03-27 22:35:45.690,20.976,-1,-3,13,35.89,0,0,0,0,0,0,0,0
2026-03-27 22:35:45.802,21.089,0,-3,13,173.29,0,0,0,0,0,0,0,0
2026-03-27 22:35:45.882,21.168,0,-3,14,173.29,0,0,0,0,0,0,0,0
2026-03-27 22:35:45.897,21.184,0,-3,13,173.29,0,0,0,0,0,0,0,0
2026-03-27 22:35:45.978,21.264,0,-3,14,173.29,0,0,0,0,0,0,0,0
2026-03-27 22:35:46.250,21.536,0,-3,13,44.22,0,0,0,0,0,0,0,0
2026-03-27 22:35:46.266,21.553,0,-3,14,44.22,0,0,0,0,0,0,0,0
2026-03-27 22:35:46.394,21.680,0,-4,13,44.22,0,0,0,0,0,0,0,0
2026-03-27 22:35:46.506,21.793,0,-3,13,33.52,0,0,0,0,0,0,0,0
2026-03-27 22:35:46.523,21.810,-1,-3,13,147.68,0,0,0,0,0,0,0,0
2026-03-27 22:35:46.618,21.904,-1,-3,13,147.68,0,0,0,0,0,0,0,0
2026-03-27 22:35:46.634,21.920,0,-3,14,147.68,0,0,0,0,0,0,0,0
2026-03-27 22:35:46.810,22.096,0,-3,14,79.12,0,0,0,0,0,0,0,0
2026-03-27 22:35:46.811,22.097,0,-3,14,79.12,0,0,0,0,0,0,0,0
2026-03-27 22:35:46.858,22.144,-1,-3,13,32.7,0,0,0,0,0,0,0,0
2026-03-27 22:35:46.874,22.160,-1,-3,13,32.7,0,0,0,0,0,0,0,0
2026-03-27 22:35:46.985,22.271,0,-3,14,-7.67,0,0,0,0,0,0,0,0
2026-03-27 22:35:47.002,22.288,0,-3,14,-7.67,0,0,0,0,0,0,0,0
2026-03-27 22:35:47.082,22.368,0,-3,13,31.44,0,0,0,0,0,0,0,0
2026-03-27 22:35:47.210,22.496,0,-3,14,166.65,0,0,0,0,0,0,0,0
2026-03-27 22:35:47.274,22.561,-1,-3,13,27.9,0,0,0,0,0,0,0,0
2026-03-27 22:35:47.386,22.672,0,-3,14,147.83,0,0,0,0,0,0,0,0
2026-03-27 22:35:47.466,22.753,0,-3,14,-7.32,0,0,0,0,0,0,0,0
2026-03-27 22:35:47.562,22.848,0,-3,13,-0.42,0,0,0,0,0,0,0,0
2026-03-27 22:35:47.563,22.850,0,-3,13,14.99,0,0,0,0,0,0,0,0
2026-03-27 22:35:47.578,22.865,-1,-3,13,5.61,0,0,0,0,0,0,0,0
2026-03-27 22:35:47.723,23.009,-1,-3,13,5.61,0,0,0,0,0,0,0,0
2026-03-27 22:35:47.770,23.056,-1,-3,13,5.46,0,0,0,0,0,0,0,0
2026-03-27 22:35:47.773,23.059,0,-3,14,-2.26,0,0,0,0,0,0,0,0
2026-03-27 22:35:47.994,23.280,0,-3,14,0.75,0,0,0,0,0,0,0,0
2026-03-27 22:35:48.089,23.376,0,-3,14,-0.38,0,0,0,0,0,0,0,0
2026-03-27 22:35:48.091,23.377,0,-3,14,-0.38,0,0,0,0,0,0,0,0
2026-03-27 22:35:48.169,23.456,-1,-3,13,-0.38,0,0,0,0,0,0,0,0
2026-03-27 22:35:48.250,23.536,-1,-3,13,0.64,0,0,0,0,0,0,0,0
2026-03-27 22:35:48.394,23.680,0,-3,13,-2.05,0,0,0,0,0,0,0,0
2026-03-27 22:35:48.458,23.744,0,-3,14,14.25,0,0,0,0,0,0,0,0
2026-03-27 22:35:48.570,23.856,0,-3,14,14.25,0,0,0,0,0,0,0,0
2026-03-27 22:35:48.586,23.872,-1,-3,13,17.55,0,0,0,0,0,0,0,0
2026-03-27 22:35:48.587,23.874,0,-3,13,-7.25,0,0,0,0,0,0,0,0
2026-03-27 22:35:48.602,23.888,0,-3,14,-7.38,0,0,0,0,0,0,0,0
2026-03-27 22:35:48.619,23.906,0,-3,13,37.84,0,0,0,0,0,0,0,0
2026-03-27 22:35:48.746,24.033,0,-3,13,37.84,0,0,0,0,0,0,0,0
2026-03-27 22:35:48.874,24.160,0,-3,13,-2.31,0,0,0,0,0,0,0,0
2026-03-27 22:35:48.954,24.241,-1,-3,13,-7.25,0,0,0,0,0,0,0,0
2026-03-27 22:35:49.081,24.367,0,-3,14,5.94,0,0,0,0,0,0,0,0
2026-03-27 22:35:49.082,24.369,0,-3,13,5.94,0,0,0,0,0,0,0,0
2026-03-27 22:35:49.369,24.656,0,-3,14,36.63,0,0,0,0,0,0,0,0
2026-03-27 22:35:49.450,24.736,-1,-3,13,-0.13,0,0,0,0,0,0,0,0
2026-03-27 22:35:49.562,24.849,0,-3,14,-2.18,0,0,0,0,0,0,0,0
2026-03-27 22:35:49.785,25.071,0,-3,13,1.02,0,0,0,0,0,0,0,0
2026-03-27 22:35:49.787,25.073,-1,-3,13,3.62,0,0,0,0,0,0,0,0
2026-03-27 22:35:49.833,25.120,0,-3,13,-1.89,0,0,0,0,0,0,0,0
2026-03-27 22:35:49.914,25.200,0,-3,13,5.36,0,0,0,0,0,0,0,0
2026-03-27 22:35:50.025,25.312,0,-3,14,-0.4,0,0,0,0,0,0,0,0
2026-03-27 22:35:50.121,25.408,0,-3,14,-6.81,0,0,0,0,0,0,0,0
2026-03-27 22:35:50.266,25.552,0,-3,14,-2.97,0,0,0,0,0,0,0,0
2026-03-27 22:35:50.267,25.554,0,-3,13,-2.97,0,0,0,0,0,0,0,0
2026-03-27 22:35:50.330,25.616,-1,-3,13,15.39,0,0,0,0,0,0,0,0
2026-03-27 22:35:50.426,25.712,-1,-3,13,13.3,0,0,0,0,0,0,0,0
2026-03-27 22:35:50.569,25.856,0,-3,14,16.04,0,0,0,0,0,0,0,0
2026-03-27 22:35:50.666,25.952,0,-3,14,-0.37,0,0,0,0,0,0,0,0
2026-03-27 22:35:50.778,26.064,-1,-4,13,7.0,0,0,0,0,0,0,0,0
2026-03-27 22:35:50.874,26.160,-1,-3,13,0.1,0,0,0,0,0,0,0,0
2026-03-27 22:35:50.986,26.272,0,-3,14,-6.86,0,0,0,0,0,0,0,0
2026-03-27 22:35:51.001,26.288,0,-3,13,3.7,0,0,0,0,0,0,0,0
2026-03-27 22:35:51.050,26.336,0,-3,13,3.7,0,0,0,0,0,0,0,0
2026-03-27 22:35:51.162,26.448,0,-3,14,0.49,0,0,0,0,0,0,0,0
2026-03-27 22:35:51.209,26.495,0,-3,14,0.49,0,0,0,0,0,0,0,0
2026-03-27 22:35:51.273,26.559,0,-3,13,-7.36,0,0,0,0,0,0,0,0
2026-03-27 22:35:51.274,26.560,0,-3,13,-7.36,0,0,0,0,0,0,0,0
2026-03-27 22:35:51.385,26.671,0,-3,14,-0.27,0,0,0,0,0,0,0,0
2026-03-27 22:35:51.386,26.673,0,-3,14,-0.27,0,0,0,0,0,0,0,0
2026-03-27 22:35:51.433,26.720,0,-3,13,-0.31,0,0,0,0,0,0,0,0
2026-03-27 22:35:51.578,26.864,-1,-3,13,-8.62,0,0,0,0,0,0,0,0
2026-03-27 22:35:51.593,26.880,-1,-3,13,-8.62,0,0,0,0,0,0,0,0
2026-03-27 22:35:51.596,26.882,0,-3,13,1.35,0,0,0,0,0,0,0,0
2026-03-27 22:35:51.721,27.007,0,-3,13,1.35,0,0,0,0,0,0,0,0
2026-03-27 22:35:51.802,27.088,0,-3,14,14.55,0,0,0,0,0,0,0,0
2026-03-27 22:35:51.804,27.090,0,-3,14,29.74,0,0,0,0,0,0,0,0
2026-03-27 22:35:51.897,27.184,0,-3,14,29.74,0,0,0,0,0,0,0,0
2026-03-27 22:35:51.913,27.199,0,-3,14,14.49,0,0,0,0,0,0,0,0
2026-03-27 22:35:51.946,27.232,0,-3,14,14.49,0,0,0,0,0,0,0,0
2026-03-27 22:35:52.137,27.424,-1,-3,13,3.93,0,0,0,0,0,0,0,0
2026-03-27 22:35:52.218,27.504,0,-3,14,-2.44,0,0,0,0,0,0,0,0
2026-03-27 22:35:52.362,27.648,1,-3,13,-4.42,0,0,0,0,0,0,0,0
2026-03-27 22:35:52.649,27.936,0,-3,14,-6.1,0,0,0,0,0,0,0,0
2026-03-27 22:35:52.665,27.951,0,-3,14,-6.1,0,0,0,0,0,0,0,0
2026-03-27 22:35:52.730,28.016,0,-3,13,12.97,0,0,0,0,0,0,0,0
2026-03-27 22:35:52.842,28.128,0,-3,14,5.43,0,0,0,0,0,0,0,0
2026-03-27 22:35:53.018,28.304,-1,-3,14,38.0,0,0,0,0,0,0,0,0
2026-03-27 22:35:53.065,28.352,-1,-3,13,-2.27,0,0,0,0,0,0,0,0
2026-03-27 22:35:53.178,28.464,0,-3,14,37.96,0,0,0,0,0,0,0,0
2026-03-27 22:35:53.274,28.560,0,-3,13,37.96,0,0,0,0,0,0,0,0
2026-03-27 22:35:53.433,28.719,0,-3,13,4.85,0,0,0,0,0,0,0,0
2026-03-27 22:35:53.450,28.736,-1,-3,13,4.85,0,0,0,0,0,0,0,0
2026-03-27 22:35:53.532,28.818,0,-3,13,0.22,0,0,0,0,0,0,0,0
2026-03-27 22:35:53.641,28.928,0,-3,13,-0.48,0,0,0,0,0,0,0,0
2026-03-27 22:35:53.721,29.007,0,-3,13,5.09,0,0,0,0,0,0,0,0
2026-03-27 22:35:53.722,29.009,0,-3,13,5.09,0,0,0,0,0,0,0,0
2026-03-27 22:35:53.723,29.010,0,-20,0,0,0,0,0,0,0,0,0,0
2026-03-27 22:35:53.725,29.011,0,-3,14,15.15,0,0,0,0,0,0,0,0
2026-03-27 22:35:53.818,29.105,0,-3,14,15.15,0,0,0,0,0,0,0,0
2026-03-27 22:35:53.834,29.120,0,-3,13,1.34,0,0,0,0,0,0,0,0
2026-03-27 22:35:53.914,29.201,0,-3,13,1.34,0,0,0,0,0,0,0,0
2026-03-27 22:35:54.057,29.343,0,-3,14,-1.58,0,0,0,0,0,0,0,0
2026-03-27 22:35:54.058,29.345,0,-3,14,-1.58,0,0,0,0,0,0,0,0
2026-03-27 22:35:54.137,29.423,0,-3,13,5.81,0,0,0,0,0,0,0,0
2026-03-27 22:35:54.138,29.425,0,-3,14,5.81,0,0,0,0,0,0,0,0
2026-03-27 22:35:54.249,29.535,0,-3,13,14.18,0,0,0,0,0,0,0,0
2026-03-27 22:35:54.362,29.648,0,-3,13,-1.07,0,0,0,0,0,0,0,0
2026-03-27 22:35:54.473,29.760,-1,-3,13,8.69,0,0,0,0,0,0,0,0
2026-03-27 22:35:54.617,29.903,0,-3,14,-0.77,0,0,0,0,0,0,0,0
2026-03-27 22:35:54.714,30.000,0,-3,14,-2.17,0,0,0,0,0,0,0,0
2026-03-27 22:35:54.809,30.096,0,-3,11,-0.63,0,0,0,0,0,0,0,0
2026-03-27 22:35:54.825,30.112,-1,-3,11,-0.21,0,0,0,0,0,0,0,0
2026-03-27 22:35:54.953,30.240,0,-3,14,-2.35,0,0,0,0,0,0,0,0
2026-03-27 22:35:54.955,30.241,0,-3,14,-2.35,0,0,0,0,0,0,0,0
2026-03-27 22:35:54.969,30.255,0,-3,13,7.03,0,0,0,0,0,0,0,0
2026-03-27 22:35:55.065,30.352,0,-3,13,7.03,0,0,0,0,0,0,0,0
2026-03-27 22:35:55.129,30.416,0,-3,13,-8.04,0,0,0,0,0,0,0,0
2026-03-27 22:35:55.274,30.560,0,-3,13,-5.98,0,0,0,0,0,0,0,0
2026-03-27 22:35:55.276,30.563,0,-3,14,4.36,0,0,0,0,0,0,0,0
2026-03-27 22:35:55.337,30.624,0,-3,14,4.36,0,0,0,0,0,0,0,0
2026-03-27 22:35:55.338,30.625,0,-3,14,4.36,0,0,0,0,0,0,0,0
2026-03-27 22:35:55.353,30.639,0,-3,11,4.36,0,0,0,0,0,0,0,0
2026-03-27 22:35:55.497,30.784,0,-3,14,4.36,0,0,0,0,0,0,0,0
2026-03-27 22:35:55.529,30.815,0,-3,13,-2.1,0,0,0,0,0,0,0,0
2026-03-27 22:35:55.531,30.817,0,-3,14,-2.1,0,0,0,0,0,0,0,0
2026-03-27 22:35:55.658,30.944,0,-3,13,5.72,0,0,0,0,0,0,0,0
2026-03-27 22:35:55.673,30.959,0,-3,14,-2.74,0,0,0,0,0,0,0,0
2026-03-27 22:35:55.705,30.992,0,-3,13,-2.74,0,0,0,0,0,0,0,0
2026-03-27 22:35:55.722,31.008,-1,-3,14,12.2,0,0,0,0,0,0,0,0
2026-03-27 22:35:55.817,31.103,0,-3,14,12.2,0,0,0,0,0,0,0,0
2026-03-27 22:35:55.946,31.232,0,-3,14,12.2,0,0,0,0,0,0,0,0
2026-03-27 22:35:56.058,31.344,-1,-3,13,-0.31,0,0,0,0,0,0,0,0
2026-03-27 22:35:56.105,31.392,-1,-3,13,-3.13,0,0,0,0,0,0,0,0
2026-03-27 22:35:56.121,31.407,-1,-3,13,-3.13,0,0,0,0,0,0,0,0
2026-03-27 22:35:56.249,31.535,-1,-3,14,14.71,0,0,0,0,0,0,0,0
2026-03-27 22:35:56.251,31.538,0,-3,13,74.87,0,0,0,0,0,0,0,0
2026-03-27 22:35:56.329,31.616,0,-3,13,74.87,0,0,0,0,0,0,0,0
2026-03-27 22:35:56.410,31.696,0,-3,14,18.63,0,0,0,0,0,0,0,0
2026-03-27 22:35:56.538,31.824,0,-3,14,-3.04,0,0,0,0,0,0,0,0
2026-03-27 22:35:56.714,32.000,0,-3,14,5.79,0,0,0,0,0,0,0,0
2026-03-27 22:35:56.826,32.112,0,-3,13,-3.01,0,0,0,0,0,0,0,0
2026-03-27 22:35:56.889,32.175,-1,-3,13,-9.18,0,0,0,0,0,0,0,0
2026-03-27 22:35:57.081,32.368,0,-3,13,14.67,0,0,0,0,0,0,0,0
2026-03-27 22:35:57.083,32.369,0,-3,14,14.67,0,0,0,0,0,0,0,0
2026-03-27 22:35:57.098,32.385,0,-3,13,5.67,0,0,0,0,0,0,0,0
2026-03-27 22:35:57.161,32.448,0,-3,13,5.67,0,0,0,0,0,0,0,0
2026-03-27 22:35:57.225,32.511,0,-3,14,2.07,0,0,0,0,0,0,0,0
2026-03-27 22:35:57.353,32.640,0,-2,13,2.07,0,0,0,0,0,0,0,0
2026-03-27 22:35:57.369,32.656,-1,-4,13,7.91,0,0,0,0,0,0,0,0
2026-03-27 22:35:57.481,32.768,-1,-3,13,7.91,0,0,0,0,0,0,0,0
2026-03-27 22:35:57.484,32.770,0,-3,14,-12.68,0,0,0,0,0,0,0,0
2026-03-27 22:35:57.546,32.832,0,-3,14,-11.99,0,0,0,0,0,0,0,0
2026-03-27 22:35:57.548,32.835,0,-3,13,0.27,0,0,0,0,0,0,0,0
2026-03-27 22:35:57.658,32.944,-1,-3,13,0.27,0,0,0,0,0,0,0,0
2026-03-27 22:35:57.786,33.072,0,-3,13,-0.39,0,0,0,0,0,0,0,0
2026-03-27 22:35:57.897,33.184,0,-3,13,-1.08,0,0,0,0,0,0,0,0
2026-03-27 22:35:57.913,33.200,0,-3,13,-1.08,0,0,0,0,0,0,0,0
2026-03-27 22:35:57.994,33.280,0,-3,14,4.87,0,0,0,0,0,0,0,0
2026-03-27 22:35:58.122,33.408,0,-3,14,-2.23,0,0,0,0,0,0,0,0
2026-03-27 22:35:58.265,33.551,0,-3,14,3.76,0,0,0,0,0,0,0,0
2026-03-27 22:35:58.266,33.552,0,-3,14,3.76,0,0,0,0,0,0,0,0
2026-03-27 22:35:58.314,33.600,0,-3,13,-1.14,0,0,0,0,0,0,0,0
2026-03-27 22:35:58.425,33.711,-1,-3,13,36.22,0,0,0,0,0,0,0,0
2026-03-27 22:35:58.426,33.713,0,-3,13,36.22,0,0,0,0,0,0,0,0
2026-03-27 22:35:58.553,33.839,0,-3,14,-1.88,0,0,0,0,0,0,0,0
2026-03-27 22:35:58.681,33.968,0,-3,14,-2.9,0,0,0,0,0,0,0,0
2026-03-27 22:35:58.778,34.064,-1,-3,13,38.42,0,0,0,0,0,0,0,0
2026-03-27 22:35:58.938,34.224,0,-3,13,3.11,0,0,0,0,0,0,0,0
2026-03-27 22:35:59.001,34.287,0,-3,13,3.11,0,0,0,0,0,0,0,0
2026-03-27 22:35:59.065,34.351,0,-3,14,-1.3,0,0,0,0,0,0,0,0
2026-03-27 22:35:59.193,34.479,0,-3,13,-0.03,0,0,0,0,0,0,0,0
2026-03-27 22:35:59.288,34.575,0,-3,14,-0.49,0,0,0,0,0,0,0,0
2026-03-27 22:35:59.305,34.591,0,-3,13,-0.49,0,0,0,0,0,0,0,0
2026-03-27 22:35:59.401,34.687,0,-3,14,-0.3,0,0,0,0,0,0,0,0
2026-03-27 22:35:59.594,34.880,-1,-3,14,-0.3,0,0,0,0,0,0,0,0
2026-03-27 22:35:59.658,34.944,0,-3,14,-0.74,0,0,0,0,0,0,0,0
2026-03-27 22:35:59.785,35.071,0,-3,13,-1.86,0,0,0,0,0,0,0,0
2026-03-27 22:35:59.898,35.184,0,-2,14,5.76,0,0,0,0,0,0,0,0
2026-03-27 22:35:59.899,35.185,0,-3,13,5.76,0,0,0,0,0,0,0,0
2026-03-27 22:35:59.901,35.187,0,-3,14,38.42,0,0,0,0,0,0,0,0
2026-03-27 22:36:00.041,35.328,0,-3,14,0.51,0,0,0,0,0,0,0,0
2026-03-27 22:36:00.153,35.440,-1,-3,13,-2.94,0,0,0,0,0,0,0,0
2026-03-27 22:36:00.155,35.441,-1,-3,13,-2.94,0,0,0,0,0,0,0,0
2026-03-27 22:36:00.169,35.455,0,-3,14,-7.16,0,0,0,0,0,0,0,0
2026-03-27 22:36:00.249,35.536,0,-3,14,-6.99,0,0,0,0,0,0,0,0
2026-03-27 22:36:00.313,35.599,0,-3,13,5.48,0,0,0,0,0,0,0,0
2026-03-27 22:36:00.377,35.663,0,-3,13,-0.04,0,0,0,0,0,0,0,0
2026-03-27 22:36:00.393,35.679,0,-3,14,-0.04,0,0,0,0,0,0,0,0
2026-03-27 22:36:00.489,35.775,0,-3,13,-3.77,0,0,0,0,0,0,0,0
2026-03-27 22:36:00.633,35.919,0,-3,14,-2.35,0,0,0,0,0,0,0,0
2026-03-27 22:36:00.745,36.032,0,-3,14,5.82,0,0,0,0,0,0,0,0
2026-03-27 22:36:00.841,36.127,0,-3,14,-0.8,0,0,0,0,0,0,0,0
2026-03-27 22:36:00.936,36.223,0,-3,13,5.21,0,0,0,0,0,0,0,0
2026-03-27 22:36:00.952,36.239,0,-3,13,5.21,0,0,0,0,0,0,0,0
2026-03-27 22:36:01.065,36.352,-1,-3,13,-2.52,0,0,0,0,0,0,0,0
2026-03-27 22:36:01.067,36.353,0,-3,14,5.85,0,0,0,0,0,0,0,0
2026-03-27 22:36:01.081,36.368,0,-3,14,-4.77,0,0,0,0,0,0,0,0
2026-03-27 22:36:01.161,36.447,0,-3,14,-4.77,0,0,0,0,0,0,0,0
2026-03-27 22:36:01.289,36.575,0,-3,13,-4.77,0,0,0,0,0,0,0,0
2026-03-27 22:36:01.321,36.607,-1,-3,13,13.1,0,0,0,0,0,0,0,0
2026-03-27 22:36:01.338,36.624,0,-3,13,-0.47,0,0,0,0,0,0,0,0
2026-03-27 22:36:01.433,36.720,0,-3,13,-0.47,0,0,0,0,0,0,0,0
2026-03-27 22:36:01.593,36.879,0,-3,13,15.35,0,0,0,0,0,0,0,0
2026-03-27 22:36:01.657,36.943,0,-3,14,-1.92,0,0,0,0,0,0,0,0
2026-03-27 22:36:01.754,37.040,0,-3,14,-5.44,0,0,0,0,0,0,0,0
2026-03-27 22:36:01.756,37.042,0,-3,14,16.34,0,0,0,0,0,0,0,0
2026-03-27 22:36:01.833,37.119,0,-3,14,-1.09,0,0,0,0,0,0,0,0
2026-03-27 22:36:01.836,37.122,0,-3,14,5.52,0,0,0,0,0,0,0,0
2026-03-27 22:36:01.913,37.200,0,-3,14,-0.01,0,0,0,0,0,0,0,0
2026-03-27 22:36:01.929,37.215,0,-3,13,-2.49,0,0,0,0,0,0,0,0
2026-03-27 22:36:01.993,37.280,0,-3,14,-1.45,0,0,0,0,0,0,0,0
2026-03-27 22:36:02.074,37.360,-1,-3,13,5.7,0,0,0,0,0,0,0,0
2026-03-27 22:36:02.217,37.503,0,-3,13,14.83,0,0,0,0,0,0,0,0
2026-03-27 22:36:02.297,37.583,0,-3,13,-2.45,0,0,0,0,0,0,0,0
2026-03-27 22:36:02.442,37.728,0,-3,14,15.85,0,0,0,0,0,0,0,0
2026-03-27 22:36:02.537,37.823,0,-3,14,-0.29,0,0,0,0,0,0,0,0
2026-03-27 22:36:02.538,37.825,0,-3,13,-0.29,0,0,0,0,0,0,0,0
2026-03-27 22:36:02.541,37.827,0,-3,13,-8.0,0,0,0,0,0,0,0,0
2026-03-27 22:36:02.618,37.904,0,-3,13,-8.0,0,0,0,0,0,0,0,0
2026-03-27 22:36:02.665,37.952,0,-3,14,-8.0,0,0,0,0,0,0,0,0
2026-03-27 22:36:02.777,38.064,0,-3,13,0.29,0,0,0,0,0,0,0,0
2026-03-27 22:36:02.794,38.081,0,-3,13,-6.02,0,0,0,0,0,0,0,0
2026-03-27 22:36:02.938,38.224,0,-3,13,-6.02,0,0,0,0,0,0,0,0
2026-03-27 22:36:02.953,38.239,0,-3,13,-6.02,0,0,0,0,0,0,0,0
2026-03-27 22:36:02.969,38.256,-1,-3,14,-6.02,0,0,0,0,0,0,0,0
2026-03-27 22:36:03.081,38.368,0,-3,14,12.09,0,0,0,0,0,0,0,0
2026-03-27 22:36:03.210,38.496,0,-3,14,-3.02,0,0,0,0,0,0,0,0
2026-03-27 22:36:03.370,38.656,0,-3,11,-0.2,0,0,0,0,0,0,0,0
2026-03-27 22:36:03.372,38.658,0,-3,13,35.92,0,0,0,0,0,0,0,0
2026-03-27 22:36:03.449,38.735,0,-3,13,16.54,0,0,0,0,0,0,0,0
2026-03-27 22:36:03.546,38.832,-1,-4,13,4.82,0,0,0,0,0,0,0,0
2026-03-27 22:36:03.736,39.023,0,-3,14,17.46,0,0,0,0,0,0,0,0
2026-03-27 22:36:03.738,39.025,0,-3,14,17.46,0,0,0,0,0,0,0,0
2026-03-27 22:36:03.768,39.055,0,-3,13,17.46,0,0,0,0,0,0,0,0
2026-03-27 22:36:03.773,39.059,0,-3,14,17.46,0,0,0,0,0,0,0,0
2026-03-27 22:36:03.849,39.135,-1,-3,13,-0.73,0,0,0,0,0,0,0,0
2026-03-27 22:36:03.977,39.263,-1,-3,13,-0.49,0,0,0,0,0,0,0,0
2026-03-27 22:36:03.978,39.264,0,-3,14,-0.49,0,0,0,0,0,0,0,0
2026-03-27 22:36:03.979,39.265,0,-3,13,1.37,0,0,0,0,0,0,0,0
2026-03-27 22:36:04.041,39.327,0,-3,13,1.37,0,0,0,0,0,0,0,0
2026-03-27 22:36:04.169,39.455,0,-3,13,-5.9,0,0,0,0,0,0,0,0
2026-03-27 22:36:04.201,39.487,0,-3,14,7.8,0,0,0,0,0,0,0,0
2026-03-27 22:36:04.218,39.504,0,-3,14,15.33,0,0,0,0,0,0,0,0
2026-03-27 22:36:04.345,39.632,0,-3,13,15.33,0,0,0,0,0,0,0,0
2026-03-27 22:36:04.348,39.634,0,-3,14,0.92,0,0,0,0,0,0,0,0
2026-03-27 22:36:04.441,39.727,0,-3,14,0.92,0,0,0,0,0,0,0,0
2026-03-27 22:36:04.617,39.903,0,-3,13,0.92,0,0,0,0,0,0,0,0
2026-03-27 22:36:04.620,39.906,0,-3,13,6.61,0,0,0,0,0,0,0,0
2026-03-27 22:36:04.633,39.919,-1,-3,13,6.61,0,0,0,0,0,0,0,0
2026-03-27 22:36:04.793,40.079,0,-3,14,17.33,0,0,0,0,0,0,0,0
2026-03-27 22:36:04.857,40.143,-1,-3,14,0.45,0,0,0,0,0,0,0,0
2026-03-27 22:36:04.953,40.239,0,-3,14,-9.71,0,0,0,0,0,0,0,0
2026-03-27 22:36:04.970,40.256,0,-2,14,5.77,0,0,0,0,0,0,0,0
2026-03-27 22:36:05.081,40.367,0,-3,14,5.77,0,0,0,0,0,0,0,0
2026-03-27 22:36:05.225,40.511,-1,-4,13,6.19,0,0,0,0,0,0,0,0
2026-03-27 22:36:05.273,40.559,0,-3,14,3.87,0,0,0,0,0,0,0,0
2026-03-27 22:36:05.417,40.704,0,-3,13,-2.6,0,0,0,0,0,0,0,0
2026-03-27 22:36:05.593,40.880,0,-3,14,15.72,0,0,0,0,0,0,0,0
2026-03-27 22:36:05.688,40.975,0,-3,13,-10.51,0,0,0,0,0,0,0,0
2026-03-27 22:36:05.690,40.976,0,-3,13,-10.51,0,0,0,0,0,0,0,0
2026-03-27 22:36:05.785,41.071,0,-3,14,15.65,0,0,0,0,0,0,0,0
2026-03-27 22:36:06.185,41.471,0,-3,13,0.84,0,0,0,0,0,0,0,0
2026-03-27 22:36:06.186,41.472,-1,-3,13,43.48,0,0,0,0,0,0,0,0
2026-03-27 22:36:06.189,41.475,0,-3,13,-6.26,0,0,0,0,0,0,0,0
2026-03-27 22:36:06.249,41.536,-1,-3,13,-6.26,0,0,0,0,0,0,0,0
2026-03-27 22:36:06.409,41.696,0,-3,14,5.68,0,0,0,0,0,0,0,0
2026-03-27 22:36:06.488,41.775,0,-3,13,5.68,0,0,0,0,0,0,0,0
2026-03-27 22:36:06.585,41.871,-1,-3,13,0.33,0,0,0,0,0,0,0,0
2026-03-27 22:36:06.587,41.874,0,-3,13,-1.06,0,0,0,0,0,0,0,0
2026-03-27 22:36:06.649,41.936,-1,-3,13,-1.06,0,0,0,0,0,0,0,0
2026-03-27 22:36:06.761,42.048,0,-3,13,35.45,0,0,0,0,0,0,0,0
2026-03-27 22:36:06.905,42.191,0,-3,13,0.12,0,0,0,0,0,0,0,0
2026-03-27 22:36:07.065,42.352,0,-3,14,0.12,0,0,0,0,0,0,0,0
2026-03-27 22:36:07.146,42.432,0,-3,14,3.32,0,0,0,0,0,0,0,0
2026-03-27 22:36:07.162,42.448,0,-3,14,-1.11,0,0,0,0,0,0,0,0
2026-03-27 22:36:07.305,42.591,0,-3,14,34.43,0,0,0,0,0,0,0,0
2026-03-27 22:36:07.448,42.735,-1,-3,13,-1.73,0,0,0,0,0,0,0,0
2026-03-27 22:36:07.545,42.832,0,-3,13,5.55,0,0,0,0,0,0,0,0
2026-03-27 22:36:07.625,42.912,0,-3,13,0.23,0,0,0,0,0,0,0,0
2026-03-27 22:36:07.689,42.976,0,-3,14,5.81,0,0,0,0,0,0,0,0
2026-03-27 22:36:07.752,43.039,0,-3,14,5.81,0,0,0,0,0,0,0,0
2026-03-27 22:36:07.769,43.055,0,-3,14,5.81,0,0,0,0,0,0,0,0
2026-03-27 22:36:07.771,43.057,0,-4,13,4.72,0,0,0,0,0,0,0,0
2026-03-27 22:36:07.881,43.167,-1,-3,13,4.72,0,0,0,0,0,0,0,0
2026-03-27 22:36:07.897,43.183,0,-3,14,0.72,0,0,0,0,0,0,0,0
2026-03-27 22:36:07.913,43.200,0,-3,14,0.72,0,0,0,0,0,0,0,0
2026-03-27 22:36:08.041,43.327,1,-3,13,-0.17,0,0,0,0,0,0,0,0
2026-03-27 22:36:08.232,43.518,1,-3,13,-0.45,0,0,0,0,0,0,0,0
2026-03-27 22:36:08.441,43.727,0,-3,13,0.59,0,0,0,0,0,0,0,0
2026-03-27 22:36:08.616,43.903,0,-3,14,0.08,0,0,0,0,0,0,0,0
2026-03-27 22:36:08.680,43.967,0,-3,14,0.08,0,0,0,0,0,0,0,0
2026-03-27 22:36:08.682,43.969,0,-3,13,0.08,0,0,0,0,0,0,0,0
2026-03-27 22:36:08.792,44.079,-1,-3,13,12.98,0,0,0,0,0,0,0,0
2026-03-27 22:36:08.809,44.095,0,-3,14,12.98,0,0,0,0,0,0,0,0
2026-03-27 22:36:08.921,44.207,0,-3,14,8.14,0,0,0,0,0,0,0,0
2026-03-27 22:36:08.922,44.208,0,-3,14,8.14,0,0,0,0,0,0,0,0
2026-03-27 22:36:09.065,44.351,0,-3,14,8.14,0,0,0,0,0,0,0,0
2026-03-27 22:36:09.145,44.431,-1,-3,10,-0.24,0,0,0,0,0,0,0,0
2026-03-27 22:36:09.193,44.479,-1,-3,13,-6.01,0,0,0,0,0,0,0,0
2026-03-27 22:36:09.209,44.495,0,-3,13,38.93,0,0,0,0,0,0,0,0
2026-03-27 22:36:09.369,44.656,0,-3,14,38.93,0,0,0,0,0,0,0,0
2026-03-27 22:36:09.433,44.719,0,-3,14,16.74,0,0,0,0,0,0,0,0
2026-03-27 22:36:09.528,44.814,0,-3,13,-0.13,0,0,0,0,0,0,0,0
2026-03-27 22:36:09.544,44.831,0,-3,13,-0.13,0,0,0,0,0,0,0,0
2026-03-27 22:36:09.673,44.959,0,-3,14,-0.23,0,0,0,0,0,0,0,0
2026-03-27 22:36:09.816,45.103,0,-3,14,-0.33,0,0,0,0,0,0,0,0
2026-03-27 22:36:09.929,45.215,0,-3,13,12.52,0,0,0,0,0,0,0,0
2026-03-27 22:36:10.041,45.327,-1,-3,13,-1.86,0,0,0,0,0,0,0,0
2026-03-27 22:36:10.137,45.423,0,-3,13,0.18,0,0,0,0,0,0,0,0
2026-03-27 22:36:10.265,45.551,-1,-3,13,-2.81,0,0,0,0,0,0,0,0
2026-03-27 22:36:10.392,45.679,0,-3,14,5.11,0,0,0,0,0,0,0,0
2026-03-27 22:36:10.520,45.807,0,-3,14,-4.66,0,0,0,0,0,0,0,0
2026-03-27 22:36:10.601,45.887,-1,-3,13,15.57,0,0,0,0,0,0,0,0
2026-03-27 22:36:10.602,45.888,-1,-4,13,15.57,0,0,0,0,0,0,0,0
2026-03-27 22:36:10.697,45.983,0,-3,14,5.28,0,0,0,0,0,0,0,0
2026-03-27 22:36:10.856,46.142,0,-3,13,-4.12,0,0,0,0,0,0,0,0
2026-03-27 22:36:10.872,46.159,-1,-3,13,-4.12,0,0,0,0,0,0,0,0
2026-03-27 22:36:10.936,46.222,0,-3,13,-3.49,0,0,0,0,0,0,0,0
2026-03-27 22:36:11.048,46.335,0,-3,13,0.43,0,0,0,0,0,0,0,0
2026-03-27 22:36:11.193,46.479,0,-3,14,5.84,0,0,0,0,0,0,0,0
2026-03-27 22:36:11.195,46.481,2,-3,14,-2.47,0,0,0,0,0,0,0,0
2026-03-27 22:36:11.305,46.591,1,-3,14,-5.45,0,0,0,0,0,0,0,0
2026-03-27 22:36:11.400,46.687,0,-3,14,-5.38,0,0,0,0,0,0,0,0
2026-03-27 22:36:11.512,46.799,-1,-3,13,-4.91,0,0,0,0,0,0,0,0
2026-03-27 22:36:11.640,46.926,-1,-3,13,-5.45,0,0,0,0,0,0,0,0
2026-03-27 22:36:11.673,46.959,2,-2,14,-5.45,0,0,0,0,0,0,0,0
2026-03-27 22:36:11.832,47.119,0,-3,14,-5.45,0,0,0,0,0,0,0,0
2026-03-27 22:36:11.880,47.166,-1,-3,13,-5.18,0,0,0,0,0,0,0,0
2026-03-27 22:36:11.882,47.168,0,-3,13,-5.45,0,0,0,0,0,0,0,0
2026-03-27 22:36:11.977,47.263,1,-3,13,548.97,0,0,0,0,0,0,0,0
2026-03-27 22:36:12.136,47.422,1,-3,13,-5.45,0,0,0,0,0,0,0,0
2026-03-27 22:36:12.138,47.424,2,-3,14,-5.45,0,0,0,0,0,0,0,0
2026-03-27 22:36:12.152,47.438,0,-3,14,-5.45,0,0,0,0,0,0,0,0
2026-03-27 22:36:12.169,47.455,1,-3,13,-5.45,0,0,0,0,0,0,0,0
2026-03-27 22:36:12.329,47.615,0,-3,14,-5.31,0,0,0,0,0,0,0,0
2026-03-27 22:36:12.472,47.759,0,-3,14,1103.39,0,0,0,0,0,0,0,0
2026-03-27 22:36:12.617,47.903,0,-3,14,-5.45,0,0,0,0,0,0,0,0
2026-03-27 22:36:12.633,47.920,0,-2,14,-5.45,0,0,0,0,0,0,0,0
2026-03-27 22:36:12.664,47.951,0,-3,14,-5.45,0,0,0,0,0,0,0,0
2026-03-27 22:36:12.729,48.015,0,-3,14,-5.45,0,0,0,0,0,0,0,0
2026-03-27 22:36:12.872,48.159,0,-3,14,-5.45,0,0,0,0,0,0,0,0
2026-03-27 22:36:12.874,48.160,0,-3,14,-5.43,0,0,0,0,0,0,0,0
2026-03-27 22:36:12.969,48.255,0,-3,14,-5.45,0,0,0,0,0,0,0,0
2026-03-27 22:36:13.113,48.399,0,-2,14,133.16,0,0,0,0,0,0,0,0
2026-03-27 22:36:13.192,48.478,0,-2,14,-5.44,0,0,0,0,0,0,0,0
2026-03-27 22:36:13.257,48.543,0,-3,13,-5.45,0,0,0,0,0,0,0,0
2026-03-27 22:36:13.369,48.655,0,-2,14,-5.45,0,0,0,0,0,0,0,0
2026-03-27 22:36:13.370,48.656,0,-3,14,-5.45,0,0,0,0,0,0,0,0
2026-03-27 22:36:13.496,48.783,0,-3,14,-5.41,0,0,0,0,0,0,0,0
2026-03-27 22:36:13.497,48.784,0,-3,14,-5.45,0,0,0,0,0,0,0,0
2026-03-27 22:36:13.608,48.895,0,-3,14,-5.45,0,0,0,0,0,0,0,0
2026-03-27 22:36:13.752,49.039,0,-3,13,-5.45,0,0,0,0,0,0,0,0
2026-03-27 22:36:13.784,49.071,0,-2,14,-5.45,0,0,0,0,0,0,0,0
2026-03-27 22:36:13.802,49.088,0,-3,14,11.88,0,0,0,0,0,0,0,0
2026-03-27 22:36:13.896,49.182,0,-2,14,11.88,0,0,0,0,0,0,0,0
2026-03-27 22:36:14.025,49.311,0,-2,14,-5.45,0,0,0,0,0,0,0,0
2026-03-27 22:36:14.026,49.313,0,-3,14,-1.12,0,0,0,0,0,0,0,0
2026-03-27 22:36:14.168,49.455,0,-3,14,-5.38,0,0,0,0,0,0,0,0
2026-03-27 22:36:14.184,49.470,0,-3,13,-5.38,0,0,0,0,0,0,0,0
2026-03-27 22:36:14.186,49.472,-1,-3,13,-1.12,0,0,0,0,0,0,0,0
2026-03-27 22:36:14.280,49.566,0,-3,13,-5.45,0,0,0,0,0,0,0,0
2026-03-27 22:36:14.360,49.646,0,-3,14,11.88,0,0,0,0,0,0,0,0
2026-03-27 22:36:14.362,49.648,0,-2,14,-5.45,0,0,0,0,0,0,0,0
2026-03-27 22:36:14.376,49.662,0,-2,14,-5.45,0,0,0,0,0,0,0,0
2026-03-27 22:36:14.441,49.727,0,-2,14,-5.45,0,0,0,0,0,0,0,0
2026-03-27 22:36:14.536,49.822,-1,-3,13,-5.45,0,0,0,0,0,0,0,0
2026-03-27 22:36:14.665,49.951,0,-3,13,-5.45,0,0,0,0,0,0,0,0
2026-03-27 22:36:14.667,49.954,0,-3,14,2203.57,0,0,0,0,0,0,0,0
2026-03-27 22:36:14.745,50.031,0,-3,14,-5.47,0,0,0,0,0,0,0,0
2026-03-27 22:36:14.857,50.143,0,-3,14,-5.44,0,0,0,0,0,0,0,0
2026-03-27 22:36:14.936,50.223,0,-3,14,4429.9,0,0,0,0,0,0,0,0
2026-03-27 22:36:15.065,50.351,0,-3,14,-5.45,0,0,0,0,0,0,0,0
2026-03-27 22:36:15.080,50.367,0,-2,14,1103.39,0,0,0,0,0,0,0,0
2026-03-27 22:36:15.209,50.495,0,-3,140,0,0,0,0,0,0,0,0,0
2026-03-27 22:36:15.320,50.606,0,-3,13,540.26,0,0,0,0,0,0,0,0
2026-03-27 22:36:15.384,50.670,0,-3,14,-5.44,0,0,0,0,0,0,0,0
2026-03-27 22:36:15.386,50.672,0,-3,14,-5.44,0,0,0,0,0,0,0,0
2026-03-27 22:36:15.513,50.799,0,-3,14,-5.43,0,0,0,0,0,0,0,0
2026-03-27 22:36:15.527,50.814,0,-2,14,-5.45,0,0,0,0,0,0,0,0
2026-03-27 22:36:15.641,50.927,0,-2,14,-5.45,0,0,0,0,0,0,0,0
2026-03-27 22:36:15.673,50.959,0,-2,14,271.76,0,0,0,0,0,0,0,0
2026-03-27 22:36:15.865,51.152,0,-3,13,1103.39,0,0,0,0,0,0,0,0
2026-03-27 22:36:15.913,51.199,0,-2,14,-5.41,0,0,0,0,0,0,0,0
2026-03-27 22:36:15.930,51.216,0,-3,14,-5.31,0,0,0,0,0,0,0,0
2026-03-27 22:36:16.072,51.359,0,-3,14,-5.31,0,0,0,0,0,0,0,0
2026-03-27 22:36:16.104,51.390,0,-3,14,-5.45,0,0,0,0,0,0,0,0
2026-03-27 22:36:16.105,51.392,0,-3,14,-5.45,0,0,0,0,0,0,0,0
2026-03-27 22:36:16.232,51.519,0,-3,14,-5.45,0,0,0,0,0,0,0,0
2026-03-27 22:36:16.392,51.678,0,-2,14,-5.45,0,0,0,0,0,0,0,0
2026-03-27 22:36:16.440,51.726,0,-2,11,-1.12,0,0,0,0,0,0,0,0
2026-03-27 22:36:16.441,51.728,0,-2,11,-5.45,0,0,0,0,0,0,0,0
2026-03-27 22:36:16.552,51.838,0,-2,14,63.85,0,0,0,0,0,0,0,0
2026-03-27 22:36:16.584,51.871,0,-3,14,63.85,0,0,0,0,0,0,0,0
2026-03-27 22:36:16.696,51.983,0,-3,14,-5.43,0,0,0,0,0,0,0,0
2026-03-27 22:36:16.698,51.984,0,-3,13,-5.45,0,0,0,0,0,0,0,0
2026-03-27 22:36:16.793,52.079,0,-3,14,-5.45,0,0,0,0,0,0,0,0
2026-03-27 22:36:16.983,52.270,0,-2,15,1103.39,0,0,0,0,0,0,0,0
2026-03-27 22:36:17.000,52.287,0,-2,14,1103.39,0,0,0,0,0,0,0,0
2026-03-27 22:36:17.033,52.319,0,-3,13,2211.95,0,0,0,0,0,0,0,0
2026-03-27 22:36:17.145,52.431,0,-3,14,-1.12,0,0,0,0,0,0,0,0
2026-03-27 22:36:17.225,52.511,0,-5,14,4429.9,0,0,0,0,0,0,0,0
2026-03-27 22:36:17.305,52.591,0,-3,14,-5.45,0,0,0,0,0,0,0,0
2026-03-27 22:36:20.344,55.631,0,-3,13,-5.45,0,0,0,0,0,0,0,0
2026-03-27 22:36:20.409,55.695,0,-3,14,-5.45,0,0,0,0,0,0,0,0
2026-03-27 22:36:20.537,55.823,-1,-3,13,-5.45,0,0,0,0,0,0,0,0
2026-03-27 22:36:20.600,55.887,0,-3,14,-5.45,0,0,0,0,0,0,0,0
2026-03-27 22:36:20.680,55.966,0,-3,14,-5.45,0,0,0,0,0,0,0,0
2026-03-27 22:36:20.745,56.031,0,-2,14,-5.45,0,0,0,0,0,0,0,0
2026-03-27 22:36:20.888,56.175,0,-3,14,-5.45,0,0,0,0,0,0,0,0
2026-03-27 22:36:20.936,56.223,0,-3,14,-5.45,0,0,0,0,0,0,0,0
2026-03-27 22:36:21.017,56.303,0,-3,14,-5.45,0,0,0,0,0,0,0,0
2026-03-27 22:36:21.080,56.366,0,-3,14,-5.45,0,0,0,0,0,0,0,0
2026-03-27 22:36:21.193,56.479,0,-3,14,-5.45,0,0,0,0,0,0,0,0
2026-03-27 22:36:21.194,56.481,0,-3,14,-5.45,0,0,0,0,0,0,0,0
2026-03-27 22:36:21.288,56.574,0,-2,14,-5.45,0,0,0,0,0,0,0,0
2026-03-27 22:36:21.303,56.590,0,-3,14,-5.45,0,0,0,0,0,0,0,0
2026-03-27 22:36:21.416,56.702,0,-3,14,-5.45,0,0,0,0,0,0,0,0
2026-03-27 22:36:21.528,56.814,0,-3,14,-5.45,0,0,0,0,0,0,0,0
2026-03-27 22:36:21.640,56.926,0,-3,14,-5.45,0,0,0,0,0,0,0,0
2026-03-27 22:36:21.672,56.959,0,-3,14,-5.45,0,0,0,0,0,0,0,0
2026-03-27 22:36:21.752,57.039,0,-3,14,-5.45,0,0,0,0,0,0,0,0
2026-03-27 22:36:21.768,57.054,-1,-3,13,-5.45,0,0,0,0,0,0,0,0
2026-03-27 22:36:21.880,57.166,0,-2,14,-5.45,0,0,0,0,0,0,0,0
2026-03-27 22:36:21.881,57.168,0,-4,13,-5.45,0,0,0,0,0,0,0,0
2026-03-27 22:36:22.024,57.311,0,-3,14,-5.45,0,0,0,0,0,0,0,0
2026-03-27 22:36:22.026,57.312,0,-3,13,-5.45,0,0,0,0,0,0,0,0
2026-03-27 22:36:22.088,57.374,0,-3,14,-5.45,0,0,0,0,0,0,0,0
2026-03-27 22:36:22.089,57.376,0,-3,14,-5.45,0,0,0,0,0,0,0,0
2026-03-27 22:36:22.183,57.470,0,-3,14,-5.45,0,0,0,0,0,0,0,0
2026-03-27 22:36:22.247,57.534,0,-3,13,-5.45,0,0,0,0,0,0,0,0
2026-03-27 22:36:22.249,57.535,0,-3,14,-5.45,0,0,0,0,0,0,0,0
2026-03-27 22:36:22.392,57.678,0,-3,14,-5.45,0,0,0,0,0,0,0,0
2026-03-27 22:36:22.535,57.822,0,-3,13,-5.45,0,0,0,0,0,0,0,0
2026-03-27 22:36:22.632,57.918,0,-3,14,-5.45,0,0,0,0,0,0,0,0
2026-03-27 22:36:22.760,58.047,0,-3,13,-5.45,0,0,0,0,0,0,0,0
2026-03-27 22:36:22.872,58.159,0,-3,14,-5.45,0,0,0,0,0,0,0,0
2026-03-27 22:36:22.984,58.270,-1,-3,14,-5.45,0,0,0,0,0,0,0,0
2026-03-27 22:36:23.096,58.383,0,-3,13,-5.45,0,0,0,0,0,0,0,0
2026-03-27 22:36:23.208,58.494,0,-3,14,-5.45,0,0,0,0,0,0,0,0
2026-03-27 22:36:23.352,58.638,0,-3,14,-5.45,0,0,0,0,0,0,0,0
2026-03-27 22:36:23.384,58.670,0,-3,14,-5.45,0,0,0,0,0,0,0,0
2026-03-27 22:36:23.448,58.735,0,-3,13,-5.45,0,0,0,0,0,0,0,0
2026-03-27 22:36:23.544,58.830,0,-3,14,-5.45,0,0,0,0,0,0,0,0
2026-03-27 22:36:23.656,58.942,0,-3,14,-5.45,0,0,0,0,0,0,0,0
2026-03-27 22:36:23.784,59.070,0,-6,14,-5.45,0,0,0,0,0,0,0,0
2026-03-27 22:36:23.849,59.135,0,-3,14,-5.45,0,0,0,0,0,0,0,0
2026-03-27 22:36:23.928,59.214,0,-2,14,-5.45,0,0,0,0,0,0,0,0
2026-03-27 22:36:24.024,59.310,0,-3,14,-5.45,0,0,0,0,0,0,0,0
2026-03-27 22:36:24.136,59.422,0,-3,14,-5.45,0,0,0,0,0,0,0,0
2026-03-27 22:36:24.280,59.566,0,-3,13,-5.45,0,0,0,0,0,0,0,0
2026-03-27 22:36:24.647,59.934,0,-3,13,-5.45,0,0,0,0,0,0,0,0
2026-03-27 22:36:24.759,60.046,0,-3,14,-5.45,0,0,0,0,0,0,0,0
2026-03-27 22:36:24.761,60.047,0,-3,14,-5.45,0,0,0,0,0,0,0,0
2026-03-27 22:36:24.856,60.142,0,-3,14,-5.45,0,0,0,0,0,0,0,0
2026-03-27 22:36:24.857,60.144,-1,-3,13,-5.45,0,0,0,0,0,0,0,0
2026-03-27 22:36:24.888,60.174,0,-3,14,-5.45,0,0,0,0,0,0,0,0
2026-03-27 22:36:25.096,60.382,0,-3,14,-5.45,0,0,0,0,0,0,0,0
2026-03-27 22:36:25.113,60.399,-1,-3,11,-5.45,0,0,0,0,0,0,0,0
2026-03-27 22:36:25.192,60.479,0,-3,11,-5.45,0,0,0,0,0,0,0,0
2026-03-27 22:36:25.288,60.574,0,-3,14,-5.45,0,0,0,0,0,0,0,0
2026-03-27 22:36:25.416,60.702,0,-3,14,-5.45,0,0,0,0,0,0,0,0
2026-03-27 22:36:25.512,60.798,0,-3,14,-5.45,0,0,0,0,0,0,0,0
2026-03-27 22:36:25.528,60.815,0,-3,14,-5.45,0,0,0,0,0,0,0,0
2026-03-27 22:36:25.705,60.991,-1,-3,13,-5.45,0,0,0,0,0,0,0,0
2026-03-27 22:36:25.752,61.038,0,-3,14,-5.45,0,0,0,0,0,0,0,0
2026-03-27 22:36:25.848,61.134,0,-3,14,-5.45,0,0,0,0,0,0,0,0
2026-03-27 22:36:25.944,61.230,0,-3,14,-5.45,0,0,0,0,0,0,0,0
2026-03-27 22:36:25.960,61.246,0,-3,14,-5.45,0,0,0,0,0,0,0,0
2026-03-27 22:36:26.024,61.310,-1,-3,13,-5.45,0,0,0,0,0,0,0,0
2026-03-27 22:36:26.135,61.421,0,-3,14,-5.45,0,0,0,0,0,0,0,0
2026-03-27 22:36:26.264,61.550,0,-3,14,-5.45,0,0,0,0,0,0,0,0
2026-03-27 22:36:26.265,61.552,0,-3,14,-1.12,0,0,0,0,0,0,0,0
2026-03-27 22:36:26.312,61.599,0,-3,14,-5.45,0,0,0,0,0,0,0,0
2026-03-27 22:36:26.408,61.694,0,-3,14,548.97,0,0,0,0,0,0,0,0
2026-03-27 22:36:26.568,61.854,0,-3,14,-5.45,0,0,0,0,0,0,0,0
2026-03-27 22:36:26.711,61.997,0,-3,14,-5.45,0,0,0,0,0,0,0,0
2026-03-27 22:36:26.840,62.126,0,-3,14,-5.45,0,0,0,0,0,0,0,0
2026-03-27 22:36:26.920,62.206,0,-3,14,-5.45,0,0,0,0,0,0,0,0
2026-03-27 22:36:27.031,62.317,0,-3,14,-5.45,0,0,0,0,0,0,0,0
2026-03-27 22:36:27.033,62.319,0,-3,14,-5.45,0,0,0,0,0,0,0,0
2026-03-27 22:36:27.159,62.446,0,-3,14,-5.45,0,0,0,0,0,0,0,0
2026-03-27 22:36:27.224,62.510,0,-3,14,-5.45,0,0,0,0,0,0,0,0
2026-03-27 22:36:27.351,62.638,0,-3,14,-5.45,0,0,0,0,0,0,0,0
2026-03-27 22:36:27.448,62.734,0,-3,14,-5.45,0,0,0,0,0,0,0,0
2026-03-27 22:36:27.528,62.814,0,-3,14,-5.45,0,0,0,0,0,0,0,0
2026-03-27 22:36:27.703,62.990,0,-3,14,-5.45,0,0,0,0,0,0,0,0
2026-03-27 22:36:27.784,63.070,0,-3,14,-5.45,0,0,0,0,0,0,0,0
2026-03-27 22:36:27.880,63.166,0,-3,14,-5.45,0,0,0,0,0,0,0,0
2026-03-27 22:36:27.992,63.278,0,-3,14,-5.45,0,0,0,0,0,0,0,0
2026-03-27 22:36:28.071,63.357,0,-3,14,-5.41,0,0,0,0,0,0,0,0
2026-03-27 22:36:28.072,63.359,0,-3,14,2212.22,0,0,0,0,0,0,0,0
2026-03-27 22:36:28.074,63.361,0,-3,14,-5.41,0,0,0,0,0,0,0,0
2026-03-27 22:36:28.184,63.470,0,-3,14,-5.18,0,0,0,0,0,0,0,0
2026-03-27 22:36:28.280,63.566,0,-3,13,-5.31,0,0,0,0,0,0,0,0
2026-03-27 22:36:28.408,63.694,0,-3,14,-4.91,0,0,0,0,0,0,0,0
2026-03-27 22:36:28.567,63.854,0,-3,14,-5.45,0,0,0,0,0,0,0,0
2026-03-27 22:36:28.679,63.965,0,-3,14,133.15,0,0,0,0,0,0,0,0
2026-03-27 22:36:28.680,63.967,0,-3,14,-5.45,0,0,0,0,0,0,0,0
2026-03-27 22:36:28.775,64.061,-1,-3,13,-5.45,0,0,0,0,0,0,0,0
2026-03-27 22:36:28.856,64.142,0,-3,14,-5.45,0,0,0,0,0,0,0,0
2026-03-27 22:36:28.935,64.222,0,-3,14,-5.45,0,0,0,0,0,0,0,0
2026-03-27 22:36:29.031,64.318,0,-3,14,-5.45,0,0,0,0,0,0,0,0
2026-03-27 22:36:29.144,64.431,0,-3,14,-5.45,0,0,0,0,0,0,0,0
2026-03-27 22:36:29.147,64.433,0,-3,14,-5.31,0,0,0,0,0,0,0,0
2026-03-27 22:36:29.256,64.542,0,-3,14,-5.45,0,0,0,0,0,0,0,0
2026-03-27 22:36:29.384,64.670,-1,-2,14,-5.45,0,0,0,0,0,0,0,0
2026-03-27 22:36:29.464,64.751,0,-3,14,-5.45,0,0,0,0,0,0,0,0
2026-03-27 22:36:29.576,64.862,0,-3,14,-5.45,0,0,0,0,0,0,0,0
2026-03-27 22:36:29.767,65.053,0,-3,14,0,0,0,0,0,0,0,0,0
2026-03-27 22:36:29.911,65.198,0,-3,13,-5.45,0,0,0,0,0,0,0,0
2026-03-27 22:36:30.024,65.310,0,-3,14,-5.45,0,0,0,0,0,0,0,0
2026-03-27 22:36:30.056,65.342,0,-3,14,-5.45,0,0,0,0,0,0,0,0
2026-03-27 22:36:30.184,65.470,0,-3,14,-5.45,0,0,0,0,0,0,0,0
2026-03-27 22:36:30.296,65.582,0,-3,14,-5.45,0,0,0,0,0,0,0,0
2026-03-27 22:36:30.392,65.678,0,-3,14,-5.45,0,0,0,0,0,0,0,0
2026-03-27 22:36:30.503,65.790,0,-3,14,271.76,0,0,0,0,0,0,0,0
2026-03-27 22:36:30.632,65.918,0,-3,14,-5.45,0,0,0,0,0,0,0,0
2026-03-27 22:36:30.760,66.046,0,-3,14,-5.45,0,0,0,0,0,0,0,0
2026-03-27 22:36:30.904,66.190,0,-3,14,-5.45,0,0,0,0,0,0,0,0
2026-03-27 22:36:30.999,66.285,0,-3,14,3.21,0,0,0,0,0,0,0,0
2026-03-27 22:36:31.080,66.366,0,-3,13,-5.45,0,0,0,0,0,0,0,0
2026-03-27 22:36:31.096,66.382,0,-3,14,-5.45,0,0,0,0,0,0,0,0
2026-03-27 22:36:31.192,66.478,0,-3,13,11.88,0,0,0,0,0,0,0,0
2026-03-27 22:36:31.304,66.590,0,-3,13,-5.45,0,0,0,0,0,0,0,0
2026-03-27 22:36:31.448,66.734,0,-3,14,-5.45,0,0,0,0,0,0,0,0
2026-03-27 22:36:31.479,66.766,0,-3,14,-5.19,0,0,0,0,0,0,0,0
2026-03-27 22:36:31.656,66.942,0,-3,14,-5.45,0,0,0,0,0,0,0,0
2026-03-27 22:36:31.752,67.038,0,-3,14,-5.45,0,0,0,0,0,0,0,0
2026-03-27 22:36:31.864,67.150,0,-3,14,-5.45,0,0,0,0,0,0,0,0
2026-03-27 22:36:31.992,67.278,0,-2,14,-5.45,0,0,0,0,0,0,0,0
2026-03-27 22:36:32.103,67.390,0,-2,14,-5.45,0,0,0,0,0,0,0,0
2026-03-27 22:36:32.215,67.502,0,-3,14,-5.45,0,0,0,0,0,0,0,0
2026-03-27 22:36:32.263,67.550,-1,-2,14,-5.45,0,0,0,0,0,0,0,0
2026-03-27 22:36:32.424,67.710,0,-3,14,-5.45,0,0,0,0,0,0,0,0
2026-03-27 22:36:32.456,67.742,0,-3,14,-5.45,0,0,0,0,0,0,0,0
2026-03-27 22:36:32.632,67.918,0,-3,14,-5.45,0,0,0,0,0,0,0,0
2026-03-27 22:36:32.712,67.998,0,-3,14,-5.45,0,0,0,0,0,0,0,0
2026-03-27 22:36:32.775,68.061,0,-3,14,-5.45,0,0,0,0,0,0,0,0
2026-03-27 22:36:32.935,68.222,0,-3,14,-5.45,0,0,0,0,0,0,0,0
2026-03-27 22:36:32.951,68.238,0,-3,14,-5.45,0,0,0,0,0,0,0,0
2026-03-27 22:36:33.015,68.302,0,-3,14,-5.45,0,0,0,0,0,0,0,0
2026-03-27 22:36:33.143,68.430,0,-2,14,-5.45,0,0,0,0,0,0,0,0
2026-03-27 22:36:33.208,68.494,0,-3,14,-5.45,0,0,0,0,0,0,0,0
2026-03-27 22:36:33.384,68.670,0,-3,14,-5.45,0,0,0,0,0,0,0,0
2026-03-27 22:36:33.496,68.782,0,-3,14,-5.45,0,0,0,0,0,0,0,0
2026-03-27 22:36:33.591,68.877,0,-2,14,-5.45,0,0,0,0,0,0,0,0
2026-03-27 22:36:33.592,68.879,2,-2,14,-5.45,0,0,0,0,0,0,0,0
2026-03-27 22:36:33.607,68.893,0,-3,14,-5.45,0,0,0,0,0,0,0,0
2026-03-27 22:36:33.655,68.942,0,-3,14,-5.45,0,0,0,0,0,0,0,0
2026-03-27 22:36:33.735,69.022,0,-3,14,-5.45,0,0,0,0,0,0,0,0
2026-03-27 22:36:33.863,69.149,0,-3,14,-5.45,0,0,0,0,0,0,0,0
2026-03-27 22:36:33.975,69.262,0,-3,14,-5.45,0,0,0,0,0,0,0,0
2026-03-27 22:36:33.978,69.264,0,-3,14,-5.45,0,0,0,0,0,0,0,0
2026-03-27 22:36:34.088,69.374,1,-3,13,-5.45,0,0,0,0,0,0,0,0
2026-03-27 22:36:34.135,69.422,0,-3,14,-5.45,0,0,0,0,0,0,0,0
2026-03-27 22:36:34.327,69.614,0,-3,14,-5.45,0,0,0,0,0,0,0,0
2026-03-27 22:36:34.408,69.694,0,-3,14,-5.45,0,0,0,0,0,0,0,0
2026-03-27 22:36:34.472,69.758,0,-3,14,-5.45,0,0,0,0,0,0,0,0
2026-03-27 22:36:34.473,69.759,0,-3,14,-5.45,0,0,0,0,0,0,0,0
2026-03-27 22:36:34.474,69.760,0,-3,14,-5.45,0,0,0,0,0,0,0,0
2026-03-27 22:36:34.584,69.871,0,-2,14,-5.45,0,0,0,0,0,0,0,0
2026-03-27 22:36:34.695,69.981,0,-2,14,-5.45,0,0,0,0,0,0,0,0
2026-03-27 22:36:34.839,70.126,0,-3,14,-5.45,0,0,0,0,0,0,0,0
2026-03-27 22:36:34.841,70.127,2,-3,14,-5.45,0,0,0,0,0,0,0,0
2026-03-27 22:36:34.935,70.221,0,-3,14,-5.41,0,0,0,0,0,0,0,0
2026-03-27 22:36:35.080,70.366,0,-3,14,-4.91,0,0,0,0,0,0,0,0
2026-03-27 22:36:35.143,70.429,0,-3,14,-5.45,0,0,0,0,0,0,0,0
2026-03-27 22:36:35.255,70.542,0,-3,14,-5.45,0,0,0,0,0,0,0,0
2026-03-27 22:36:35.368,70.654,0,-3,14,-5.45,0,0,0,0,0,0,0,0
2026-03-27 22:36:35.447,70.734,0,-3,13,-5.45,0,0,0,0,0,0,0,0
2026-03-27 22:36:35.623,70.909,2,-2,14,-5.45,0,0,0,0,0,0,0,0
2026-03-27 22:36:35.735,71.021,0,-3,13,-5.45,0,0,0,0,0,0,0,0
2026-03-27 22:36:35.800,71.086,0,-3,14,-5.45,0,0,0,0,0,0,0,0
2026-03-27 22:36:35.895,71.181,2,-3,14,-5.45,0,0,0,0,0,0,0,0
2026-03-27 22:36:35.975,71.262,0,-3,14,-5.45,0,0,0,0,0,0,0,0
2026-03-27 22:36:36.151,71.437,0,-3,14,-5.45,0,0,0,0,0,0,0,0
2026-03-27 22:36:36.215,71.502,0,-3,14,-5.45,0,0,0,0,0,0,0,0
2026-03-27 22:36:36.375,71.662,0,-3,14,-5.45,0,0,0,0,0,0,0,0
2026-03-27 22:36:36.455,71.742,0,-3,14,-5.45,0,0,0,0,0,0,0,0
2026-03-27 22:36:36.567,71.854,0,-3,14,-5.45,0,0,0,0,0,0,0,0
2026-03-27 22:36:36.648,71.934,0,-3,13,-5.45,0,0,0,0,0,0,0,0
2026-03-27 22:36:36.775,72.062,0,-3,14,-5.45,0,0,0,0,0,0,0,0
2026-03-27 22:36:36.778,72.064,0,-3,11,-5.45,0,0,0,0,0,0,0,0
2026-03-27 22:36:36.903,72.190,0,-3,11,-5.45,0,0,0,0,0,0,0,0
2026-03-27 22:36:37.015,72.302,0,-3,14,-5.45,0,0,0,0,0,0,0,0
2026-03-27 22:36:37.111,72.397,0,-3,13,-5.45,0,0,0,0,0,0,0,0
2026-03-27 22:36:37.304,72.590,0,-3,14,-1.9,0,0,0,0,0,0,0,0
2026-03-27 22:36:37.335,72.621,0,-3,14,-5.45,0,0,0,0,0,0,0,0
2026-03-27 22:36:37.447,72.734,0,-3,14,-3.87,0,0,0,0,0,0,0,0
2026-03-27 22:36:37.560,72.846,0,-3,14,6.81,0,0,0,0,0,0,0,0
2026-03-27 22:36:37.623,72.910,0,-3,13,-5.45,0,0,0,0,0,0,0,0
2026-03-27 22:36:37.735,73.021,0,-3,14,-5.44,0,0,0,0,0,0,0,0
2026-03-27 22:36:37.831,73.118,0,-3,11,-5.44,0,0,0,0,0,0,0,0
2026-03-27 22:36:37.959,73.246,0,-3,14,-5.38,0,0,0,0,0,0,0,0
2026-03-27 22:36:38.088,73.374,0,-3,14,-5.45,0,0,0,0,0,0,0,0
2026-03-27 22:36:38.135,73.421,-1,-3,13,-5.41,0,0,0,0,0,0,0,0
2026-03-27 22:36:38.391,73.677,0,-3,14,-5.45,0,0,0,0,0,0,0,0
2026-03-27 22:36:38.519,73.805,0,-3,13,29.1,0,0,0,0,0,0,0,0
2026-03-27 22:36:38.664,73.950,0,-3,13,-1.38,0,0,0,0,0,0,0,0
2026-03-27 22:36:38.760,74.046,0,-3,14,62.77,0,0,0,0,0,0,0,0
2026-03-27 22:36:38.775,74.062,0,-3,14,-5.45,0,0,0,0,0,0,0,0
2026-03-27 22:36:38.807,74.093,0,-2,14,133.16,0,0,0,0,0,0,0,0
2026-03-27 22:36:38.919,74.205,0,-3,14,-5.45,0,0,0,0,0,0,0,0
2026-03-27 22:36:39.015,74.301,0,-2,14,-5.45,0,0,0,0,0,0,0,0
2026-03-27 22:36:39.047,74.333,0,-3,14,-4.37,0,0,0,0,0,0,0,0
2026-03-27 22:36:39.175,74.461,0,-3,14,11.04,0,0,0,0,0,0,0,0
2026-03-27 22:36:39.223,74.510,0,-3,14,-5.45,0,0,0,0,0,0,0,0
2026-03-27 22:36:39.415,74.701,0,-3,14,-5.41,0,0,0,0,0,0,0,0
2026-03-27 22:36:39.479,74.766,0,-3,14,-5.18,0,0,0,0,0,0,0,0
2026-03-27 22:36:39.543,74.829,0,-3,14,-5.38,0,0,0,0,0,0,0,0
2026-03-27 22:36:39.654,74.941,0,-3,14,60.4,0,0,0,0,0,0,0,0
2026-03-27 22:36:39.735,75.021,0,-2,14,-5.45,0,0,0,0,0,0,0,0
2026-03-27 22:36:39.895,75.181,0,-2,14,-5.45,0,0,0,0,0,0,0,0
2026-03-27 22:36:39.959,75.245,0,-3,14,-5.45,0,0,0,0,0,0,0,0
2026-03-27 22:36:40.039,75.325,-1,-3,13,-5.45,0,0,0,0,0,0,0,0
2026-03-27 22:36:40.151,75.437,0,-3,14,-5.45,0,0,0,0,0,0,0,0
2026-03-27 22:36:40.471,75.757,0,-2,14,63.85,0,0,0,0,0,0,0,0
2026-03-27 22:36:40.551,75.837,-1,-3,13,-5.45,0,0,0,0,0,0,0,0
2026-03-27 22:36:40.663,75.949,0,-2,14,-5.45,0,0,0,0,0,0,0,0
2026-03-27 22:36:40.839,76.126,0,-3,14,-5.45,0,0,0,0,0,0,0,0
2026-03-27 22:36:40.887,76.173,0,-2,14,-5.45,0,0,0,0,0,0,0,0
2026-03-27 22:36:41.000,76.286,0,-3,13,271.76,0,0,0,0,0,0,0,0
2026-03-27 22:36:41.143,76.429,0,-3,14,271.76,0,0,0,0,0,0,0,0
2026-03-27 22:36:41.190,76.476,0,-3,14,-5.45,0,0,0,0,0,0,0,0
2026-03-27 22:36:41.367,76.653,0,-2,14,-5.45,0,0,0,0,0,0,0,0
2026-03-27 22:36:41.383,76.669,-1,-3,13,-1.12,0,0,0,0,0,0,0,0
2026-03-27 22:36:41.527,76.813,0,-2,14,-5.45,0,0,0,0,0,0,0,0
2026-03-27 22:36:41.607,76.894,0,-3,13,-5.45,0,0,0,0,0,0,0,0
2026-03-27 22:36:41.670,76.957,0,-3,14,-5.45,0,0,0,0,0,0,0,0
2026-03-27 22:36:41.672,76.958,0,-3,14,-5.45,0,0,0,0,0,0,0,0
2026-03-27 22:36:41.768,77.054,0,-3,13,271.74,0,0,0,0,0,0,0,0
2026-03-27 22:36:41.879,77.166,0,-3,14,4377.92,0,0,0,0,0,0,0,0
2026-03-27 22:36:42.071,77.358,0,-3,14,4429.9,0,0,0,0,0,0,0,0
2026-03-27 22:36:42.183,77.469,0,-3,14,269.73,0,0,0,0,0,0,0,0
2026-03-27 22:36:42.263,77.550,0,-3,14,-2223.6,0,0,0,0,0,0,0,0
2026-03-27 22:36:42.360,77.646,0,-3,14,132.95,0,0,0,0,0,0,0,0
2026-03-27 22:36:42.487,77.773,0,-2,14,9.98,0,0,0,0,0,0,0,0
2026-03-27 22:36:42.583,77.869,0,-3,14,304.25,0,0,0,0,0,0,0,0
2026-03-27 22:36:42.743,78.029,0,-3,13,133.16,0,0,0,0,0,0,0,0
2026-03-27 22:36:42.823,78.110,0,-2,14,271.76,0,0,0,0,0,0,0,0
2026-03-27 22:36:42.903,78.189,0,-3,14,271.76,0,0,0,0,0,0,0,0
2026-03-27 22:36:42.999,78.285,0,-3,14,4429.9,0,0,0,0,0,0,0,0
2026-03-27 22:36:43.063,78.350,0,-3,14,-5.45,0,0,0,0,0,0,0,0
2026-03-27 22:36:43.175,78.461,-1,-3,13,-3.28,0,0,0,0,0,0,0,0
2026-03-27 22:36:43.287,78.573,0,-3,14,-4.37,0,0,0,0,0,0,0,0
2026-03-27 22:36:43.335,78.622,0,-3,14,-3.29,0,0,0,0,0,0,0,0
2026-03-27 22:36:43.431,78.717,0,-3,14,-1.13,0,0,0,0,0,0,0,0
2026-03-27 22:36:43.575,78.861,0,-3,14,252.26,0,0,0,0,0,0,0,0
2026-03-27 22:36:43.654,78.941,0,-3,14,3.21,0,0,0,0,0,0,0,0
2026-03-27 22:36:43.783,79.069,0,-3,14,-5.18,0,0,0,0,0,0,0,0
2026-03-27 22:36:43.799,79.086,0,-3,14,-4.91,0,0,0,0,0,0,0,0
2026-03-27 22:36:43.879,79.165,0,-2,14,-3.28,0,0,0,0,0,0,0,0
2026-03-27 22:36:43.881,79.168,0,-3,14,-1.62,0,0,0,0,0,0,0,0
2026-03-27 22:36:43.991,79.278,0,-3,13,-5.45,0,0,0,0,0,0,0,0
2026-03-27 22:36:44.134,79.421,0,-2,14,-6.31,0,0,0,0,0,0,0,0
2026-03-27 22:36:44.231,79.517,0,-3,14,-1.89,0,0,0,0,0,0,0,0
2026-03-27 22:36:44.234,79.520,0,-2,13,-6.59,0,0,0,0,0,0,0,0
2026-03-27 22:36:44.295,79.581,0,-3,14,-6.59,0,0,0,0,0,0,0,0
2026-03-27 22:36:44.407,79.693,0,-3,14,-1.12,0,0,0,0,0,0,0,0
2026-03-27 22:36:44.424,79.711,0,-3,14,0.66,0,0,0,0,0,0,0,0
2026-03-27 22:36:44.567,79.854,0,-2,14,0.66,0,0,0,0,0,0,0,0
2026-03-27 22:36:44.663,79.949,0,-3,14,2212.22,0,0,0,0,0,0,0,0
2026-03-27 22:36:44.679,79.965,0,-2,14,4429.9,0,0,0,0,0,0,0,0
2026-03-27 22:36:44.807,80.094,0,-3,14,-4.37,0,0,0,0,0,0,0,0
2026-03-27 22:36:44.887,80.173,0,-3,14,-3.87,0,0,0,0,0,0,0,0
2026-03-27 22:36:44.999,80.286,0,-2,14,0.19,0,0,0,0,0,0,0,0
2026-03-27 22:36:45.047,80.333,0,-3,14,6.38,0,0,0,0,0,0,0,0
2026-03-27 22:36:45.143,80.429,0,-3,14,-1.79,0,0,0,0,0,0,0,0
2026-03-27 22:36:45.302,80.589,0,-3,14,-5.46,0,0,0,0,0,0,0,0
2026-03-27 22:36:45.495,80.781,0,-2,14,3.21,0,0,0,0,0,0,0,0
2026-03-27 22:36:45.590,80.877,0,-3,14,-5.51,0,0,0,0,0,0,0,0
2026-03-27 22:36:45.606,80.893,0,-3,14,-6.66,0,0,0,0,0,0,0,0
2026-03-27 22:36:45.703,80.989,0,-2,14,-1.88,0,0,0,0,0,0,0,0
2026-03-27 22:36:45.766,81.053,0,-3,14,0.03,0,0,0,0,0,0,0,0
2026-03-27 22:36:45.863,81.149,0,-2,14,-1.83,0,0,0,0,0,0,0,0
2026-03-27 22:36:45.864,81.150,0,-2,14,-1.83,0,0,0,0,0,0,0,0
2026-03-27 22:36:45.991,81.277,0,-3,14,0.27,0,0,0,0,0,0,0,0
2026-03-27 22:36:46.055,81.341,0,-2,14,1103.39,0,0,0,0,0,0,0,0
2026-03-27 22:36:46.198,81.485,0,-3,14,-5.45,0,0,0,0,0,0,0,0
2026-03-27 22:36:46.279,81.565,0,-3,13,-5.45,0,0,0,0,0,0,0,0
2026-03-27 22:36:46.375,81.661,0,-3,14,-5.45,0,0,0,0,0,0,0,0
2026-03-27 22:36:46.534,81.821,0,-2,14,-5.45,0,0,0,0,0,0,0,0
2026-03-27 22:36:46.663,81.949,0,-3,14,-5.45,0,0,0,0,0,0,0,0
2026-03-27 22:36:46.711,81.997,0,-3,14,-5.45,0,0,0,0,0,0,0,0
2026-03-27 22:36:46.839,82.125,0,-3,14,-5.45,0,0,0,0,0,0,0,0
2026-03-27 22:36:46.935,82.222,0,-3,14,-5.45,0,0,0,0,0,0,0,0
2026-03-27 22:36:47.047,82.333,0,-3,13,-5.45,0,0,0,0,0,0,0,0
2026-03-27 22:36:47.049,82.336,0,-3,14,-5.45,0,0,0,0,0,0,0,0
2026-03-27 22:36:47.159,82.445,0,-2,14,-5.45,0,0,0,0,0,0,0,0
2026-03-27 22:36:47.303,82.589,0,-2,14,-5.45,0,0,0,0,0,0,0,0
2026-03-27 22:36:47.367,82.653,0,-3,14,-5.45,0,0,0,0,0,0,0,0
2026-03-27 22:36:47.511,82.797,0,-3,14,-5.45,0,0,0,0,0,0,0,0
2026-03-27 22:36:47.513,82.799,0,-3,14,3.21,0,0,0,0,0,0,0,0
2026-03-27 22:36:47.622,82.909,0,-3,14,-4.37,0,0,0,0,0,0,0,0
2026-03-27 22:36:47.719,83.005,0,-2,14,-5.45,0,0,0,0,0,0,0,0
2026-03-27 22:36:47.846,83.132,0,-2,14,-5.41,0,0,0,0,0,0,0,0
2026-03-27 22:36:47.927,83.213,0,-3,13,-5.31,0,0,0,0,0,0,0,0
2026-03-27 22:36:48.023,83.309,0,-2,14,-1.37,0,0,0,0,0,0,0,0
2026-03-27 22:36:48.199,83.485,0,-3,14,-1.32,0,0,0,0,0,0,0,0
2026-03-27 22:36:48.215,83.501,0,-3,14,-1.26,0,0,0,0,0,0,0,0
2026-03-27 22:36:48.247,83.533,0,-3,14,-1.26,0,0,0,0,0,0,0,0
2026-03-27 22:36:48.423,83.709,0,-2,14,2.23,0,0,0,0,0,0,0,0
2026-03-27 22:36:48.518,83.805,0,-3,12,-5.18,0,0,0,0,0,0,0,0
2026-03-27 22:36:48.598,83.885,0,-3,14,63.85,0,0,0,0,0,0,0,0
2026-03-27 22:36:48.679,83.965,0,-3,14,2.07,0,0,0,0,0,0,0,0
2026-03-27 22:36:48.695,83.981,0,-3,14,-1.13,0,0,0,0,0,0,0,0
2026-03-27 22:36:48.823,84.109,0,-2,14,0.59,0,0,0,0,0,0,0,0
2026-03-27 22:36:48.840,84.126,0,-2,14,-5.74,0,0,0,0,0,0,0,0
2026-03-27 22:36:48.951,84.237,0,-3,14,-5.74,0,0,0,0,0,0,0,0
2026-03-27 22:36:49.079,84.365,0,-3,14,2.64,0,0,0,0,0,0,0,0
2026-03-27 22:36:49.142,84.428,0,-3,14,2.66,0,0,0,0,0,0,0,0
2026-03-27 22:36:49.302,84.589,0,-3,14,-1.39,0,0,0,0,0,0,0,0
2026-03-27 22:36:49.399,84.685,0,-3,14,-3.32,0,0,0,0,0,0,0,0
2026-03-27 22:36:49.559,84.845,0,-2,14,-1.18,0,0,0,0,0,0,0,0
2026-03-27 22:36:49.591,84.877,0,-3,14,2.4,0,0,0,0,0,0,0,0
2026-03-27 22:36:49.751,85.037,0,-3,14,-1.13,0,0,0,0,0,0,0,0
2026-03-27 22:36:49.879,85.166,0,-3,14,-5.45,0,0,0,0,0,0,0,0
2026-03-27 22:36:49.943,85.229,0,-2,14,2.31,0,0,0,0,0,0,0,0
2026-03-27 22:36:50.070,85.357,0,-2,14,-1.13,0,0,0,0,0,0,0,0
2026-03-27 22:36:50.182,85.469,0,-3,14,2.64,0,0,0,0,0,0,0,0
2026-03-27 22:36:50.263,85.549,0,-2,14,-1.16,0,0,0,0,0,0,0,0
2026-03-27 22:36:50.279,85.565,-1,-3,14,2.3,0,0,0,0,0,0,0,0
2026-03-27 22:36:50.391,85.677,0,-3,14,2.3,0,0,0,0,0,0,0,0
2026-03-27 22:36:50.470,85.756,0,-2,14,-10.2,0,0,0,0,0,0,0,0
2026-03-27 22:36:50.582,85.869,0,-2,14,2.12,0,0,0,0,0,0,0,0
2026-03-27 22:36:50.711,85.997,0,-3,13,-5.45,0,0,0,0,0,0,0,0
2026-03-27 22:36:50.822,86.108,0,-3,14,2.55,0,0,0,0,0,0,0,0
2026-03-27 22:36:50.918,86.205,0,-3,14,2.4,0,0,0,0,0,0,0,0
2026-03-27 22:36:50.983,86.269,0,-3,14,2.39,0,0,0,0,0,0,0,0
2026-03-27 22:36:51.063,86.349,0,-3,14,59.79,0,0,0,0,0,0,0,0
2026-03-27 22:36:51.158,86.445,-1,-3,13,3.21,0,0,0,0,0,0,0,0
2026-03-27 22:36:51.302,86.589,0,-3,14,2.66,0,0,0,0,0,0,0,0
2026-03-27 22:36:51.430,86.716,0,-3,14,-2.48,0,0,0,0,0,0,0,0
2026-03-27 22:36:51.447,86.733,0,-3,14,-5.45,0,0,0,0,0,0,0,0
2026-03-27 22:36:51.527,86.813,0,-3,14,-1.12,0,0,0,0,0,0,0,0
2026-03-27 22:36:51.574,86.860,0,-3,14,3.21,0,0,0,0,0,0,0,0
2026-03-27 22:36:51.686,86.973,0,-3,14,-1.23,0,0,0,0,0,0,0,0
2026-03-27 22:36:51.814,87.100,0,-3,14,2.23,0,0,0,0,0,0,0,0
2026-03-27 22:36:51.894,87.181,0,-2,13,-1.4,0,0,0,0,0,0,0,0
2026-03-27 22:36:51.974,87.261,-1,-3,13,-4.58,0,0,0,0,0,0,0,0
2026-03-27 22:36:52.135,87.421,0,-2,14,2.39,0,0,0,0,0,0,0,0
2026-03-27 22:36:52.279,87.565,0,-3,14,-1.93,0,0,0,0,0,0,0,0
2026-03-27 22:36:52.282,87.568,0,-3,14,-7.61,0,0,0,0,0,0,0,0
2026-03-27 22:36:52.327,87.613,0,-3,14,-7.61,0,0,0,0,0,0,0,0
2026-03-27 22:36:52.407,87.693,0,-3,13,2.25,0,0,0,0,0,0,0,0
2026-03-27 22:36:52.535,87.821,0,-2,14,-1.12,0,0,0,0,0,0,0,0
2026-03-27 22:36:52.537,87.823,0,-3,14,-1.35,0,0,0,0,0,0,0,0
2026-03-27 22:36:52.614,87.901,0,-3,14,-1.81,0,0,0,0,0,0,0,0
2026-03-27 22:36:52.727,88.013,0,-3,14,-7.01,0,0,0,0,0,0,0,0
2026-03-27 22:36:52.823,88.109,0,-2,14,3.11,0,0,0,0,0,0,0,0
2026-03-27 22:36:52.950,88.236,0,-3,14,2.12,0,0,0,0,0,0,0,0
2026-03-27 22:36:53.094,88.380,0,-3,14,-1.25,0,0,0,0,0,0,0,0
2026-03-27 22:36:53.174,88.460,0,-3,14,-5.45,0,0,0,0,0,0,0,0
2026-03-27 22:36:53.270,88.556,0,-3,14,2.92,0,0,0,0,0,0,0,0
2026-03-27 22:36:53.272,88.558,-1,-3,13,2.92,0,0,0,0,0,0,0,0
2026-03-27 22:36:53.367,88.653,0,-2,14,-1.16,0,0,0,0,0,0,0,0
2026-03-27 22:36:53.446,88.732,0,-3,14,-1.53,0,0,0,0,0,0,0,0
2026-03-27 22:36:53.462,88.748,0,-3,14,-5.44,0,0,0,0,0,0,0,0
2026-03-27 22:36:53.559,88.845,0,-3,14,-5.31,0,0,0,0,0,0,0,0
2026-03-27 22:36:53.671,88.957,0,-2,14,-1.21,0,0,0,0,0,0,0,0
2026-03-27 22:36:53.782,89.068,0,-3,14,2.31,0,0,0,0,0,0,0,0
2026-03-27 22:36:53.878,89.165,0,-3,14,-1.67,0,0,0,0,0,0,0,0
2026-03-27 22:36:53.880,89.166,0,-3,14,-1.67,0,0,0,0,0,0,0,0
2026-03-27 22:36:53.910,89.196,0,-3,14,0.96,0,0,0,0,0,0,0,0
2026-03-27 22:36:54.023,89.309,0,-3,14,-1.24,0,0,0,0,0,0,0,0
2026-03-27 22:36:54.134,89.421,0,-3,14,3.21,0,0,0,0,0,0,0,0
2026-03-27 22:36:54.295,89.581,0,-3,14,3.21,0,0,0,0,0,0,0,0
2026-03-27 22:36:54.342,89.628,0,-3,14,-5.45,0,0,0,0,0,0,0,0
2026-03-27 22:36:54.423,89.709,0,-3,14,-5.45,0,0,0,0,0,0,0,0
2026-03-27 22:36:54.647,89.933,0,-3,14,3.21,0,0,0,0,0,0,0,0
2026-03-27 22:36:54.710,89.997,0,-2,14,-4.91,0,0,0,0,0,0,0,0
2026-03-27 22:36:54.774,90.061,0,-3,14,-5.45,0,0,0,0,0,0,0,0
2026-03-27 22:36:54.886,90.173,0,-3,14,-5.44,0,0,0,0,0,0,0,0
2026-03-27 22:36:54.982,90.268,-1,-3,13,2.74,0,0,0,0,0,0,0,0
2026-03-27 22:36:55.062,90.348,0,-3,14,2.37,0,0,0,0,0,0,0,0
2026-03-27 22:36:55.158,90.444,0,-3,14,-5.45,0,0,0,0,0,0,0,0
2026-03-27 22:36:55.350,90.636,0,-3,14,3.08,0,0,0,0,0,0,0,0
2026-03-27 22:36:55.398,90.684,0,-3,14,-1.19,0,0,0,0,0,0,0,0
2026-03-27 22:36:55.495,90.781,0,-2,14,6.45,0,0,0,0,0,0,0,0
2026-03-27 22:36:55.639,90.925,0,-3,14,-5.45,0,0,0,0,0,0,0,0
2026-03-27 22:36:55.670,90.957,0,-3,14,-1.61,0,0,0,0,0,0,0,0
2026-03-27 22:36:55.798,91.084,0,-3,13,-5.43,0,0,0,0,0,0,0,0
2026-03-27 22:36:55.878,91.164,0,-2,14,-5.45,0,0,0,0,0,0,0,0
2026-03-27 22:36:56.005,91.292,0,-2,14,-1.12,0,0,0,0,0,0,0,0
2026-03-27 22:36:56.119,91.405,0,-3,14,10.08,0,0,0,0,0,0,0,0
2026-03-27 22:36:56.246,91.533,0,-3,14,4429.9,0,0,0,0,0,0,0,0
2026-03-27 22:36:56.342,91.628,-1,-3,13,15.1,0,0,0,0,0,0,0,0
2026-03-27 22:36:56.406,91.693,0,-2,14,-5.43,0,0,0,0,0,0,0,0
2026-03-27 22:36:56.518,91.805,0,-3,14,15.1,0,0,0,0,0,0,0,0
2026-03-27 22:36:56.678,91.965,0,-2,14,46.52,0,0,0,0,0,0,0,0
2026-03-27 22:36:56.709,91.996,-1,-3,13,20.51,0,0,0,0,0,0,0,0
2026-03-27 22:36:56.711,91.997,0,-3,14,20.51,0,0,0,0,0,0,0,0
2026-03-27 22:36:57.015,92.301,0,-3,14,-9.86,0,0,0,0,0,0,0,0
2026-03-27 22:36:57.126,92.413,0,-3,14,-5.45,0,0,0,0,0,0,0,0
2026-03-27 22:36:57.174,92.460,0,-3,14,265.48,0,0,0,0,0,0,0,0
2026-03-27 22:36:57.206,92.493,0,-2,14,129.37,0,0,0,0,0,0,0,0
2026-03-27 22:36:57.350,92.637,0,-3,14,263.53,0,0,0,0,0,0,0,0
2026-03-27 22:36:57.494,92.781,0,-3,14,214.98,0,0,0,0,0,0,0,0
2026-03-27 22:36:57.526,92.812,0,-3,14,126.63,0,0,0,0,0,0,0,0
2026-03-27 22:36:57.686,92.972,0,-2,14,119.34,0,0,0,0,0,0,0,0
2026-03-27 22:36:57.687,92.973,0,-3,14,-5.45,0,0,0,0,0,0,0,0
2026-03-27 22:36:57.688,92.975,0,-3,14,42.99,0,0,0,0,0,0,0,0
2026-03-27 22:36:57.799,93.086,0,-3,14,42.99,0,0,0,0,0,0,0,0
2026-03-27 22:36:57.814,93.101,0,-3,14,103.12,0,0,0,0,0,0,0,0
2026-03-27 22:36:57.942,93.228,0,-3,14,62.37,0,0,0,0,0,0,0,0
2026-03-27 22:36:58.086,93.373,0,-2,14,55.06,0,0,0,0,0,0,0,0
2026-03-27 22:36:58.118,93.404,0,-3,13,48.82,0,0,0,0,0,0,0,0
2026-03-27 22:36:58.246,93.532,0,-3,14,8.62,0,0,0,0,0,0,0,0
2026-03-27 22:36:58.342,93.628,-1,-3,13,23.84,0,0,0,0,0,0,0,0
2026-03-27 22:36:58.486,93.772,0,-3,14,-5.45,0,0,0,0,0,0,0,0
2026-03-27 22:36:58.581,93.868,0,-3,14,51.39,0,0,0,0,0,0,0,0
2026-03-27 22:36:58.597,93.884,0,-3,14,59.23,0,0,0,0,0,0,0,0
2026-03-27 22:36:58.709,93.996,0,-3,14,-5.45,0,0,0,0,0,0,0,0
2026-03-27 22:36:58.790,94.076,0,-3,14,29.19,0,0,0,0,0,0,0,0
2026-03-27 22:36:58.838,94.124,-1,-2,14,63.13,0,0,0,0,0,0,0,0
2026-03-27 22:36:58.934,94.220,0,-2,13,529.06,0,0,0,0,0,0,0,0
2026-03-27 22:36:58.937,94.223,0,-3,14,28.25,0,0,0,0,0,0,0,0
2026-03-27 22:36:59.030,94.316,0,-3,14,28.25,0,0,0,0,0,0,0,0
2026-03-27 22:36:59.126,94.412,0,-3,14,62.25,0,0,0,0,0,0,0,0
2026-03-27 22:36:59.129,94.416,0,-3,14,63.09,0,0,0,0,0,0,0,0
2026-03-27 22:36:59.223,94.509,0,-3,13,62.26,0,0,0,0,0,0,0,0
2026-03-27 22:36:59.318,94.605,0,-3,13,28.73,0,0,0,0,0,0,0,0
2026-03-27 22:36:59.398,94.684,0,-3,11,28.7,0,0,0,0,0,0,0,0
2026-03-27 22:36:59.558,94.844,0,-2,14,4.53,0,0,0,0,0,0,0,0
2026-03-27 22:36:59.654,94.940,0,-3,13,65.48,0,0,0,0,0,0,0,0
2026-03-27 22:36:59.782,95.069,0,-2,14,63.72,0,0,0,0,0,0,0,0
2026-03-27 22:36:59.830,95.116,0,-3,14,29.41,0,0,0,0,0,0,0,0
2026-03-27 22:36:59.974,95.260,-1,-3,13,63.02,0,0,0,0,0,0,0,0
2026-03-27 22:37:00.038,95.324,0,-3,14,29.79,0,0,0,0,0,0,0,0
2026-03-27 22:37:00.166,95.452,0,-2,14,29.11,0,0,0,0,0,0,0,0
2026-03-27 22:37:00.294,95.580,2,-3,14,32.39,0,0,0,0,0,0,0,0
2026-03-27 22:37:00.297,95.583,0,-3,14,30.11,0,0,0,0,0,0,0,0
2026-03-27 22:37:00.358,95.644,0,-3,14,63.63,0,0,0,0,0,0,0,0
2026-03-27 22:37:00.470,95.756,0,-2,14,1100.88,0,0,0,0,0,0,0,0
2026-03-27 22:37:00.550,95.837,0,-2,14,28.96,0,0,0,0,0,0,0,0
2026-03-27 22:37:00.553,95.839,0,-3,14,-3.28,0,0,0,0,0,0,0,0
2026-03-27 22:37:00.710,95.996,0,-3,14,63.78,0,0,0,0,0,0,0,0
2026-03-27 22:37:00.805,96.092,0,-3,14,63.72,0,0,0,0,0,0,0,0
2026-03-27 22:37:01.030,96.316,0,-3,14,-5.45,0,0,0,0,0,0,0,0
2026-03-27 22:37:01.109,96.396,0,-2,14,28.93,0,0,0,0,0,0,0,0
2026-03-27 22:37:01.141,96.428,0,-3,14,-5.45,0,0,0,0,0,0,0,0
2026-03-27 22:37:01.238,96.524,0,-3,14,30.8,0,0,0,0,0,0,0,0
2026-03-27 22:37:01.318,96.604,0,-3,14,62.3,0,0,0,0,0,0,0,0
2026-03-27 22:37:01.446,96.733,-1,-4,13,30.45,0,0,0,0,0,0,0,0
2026-03-27 22:37:01.526,96.812,0,-3,14,98.53,0,0,0,0,0,0,0,0
2026-03-27 22:37:01.528,96.814,0,-2,14,-4.5,0,0,0,0,0,0,0,0
2026-03-27 22:37:01.718,97.004,0,-3,14,129.67,0,0,0,0,0,0,0,0
2026-03-27 22:37:01.720,97.006,0,-3,13,2284.5,0,0,0,0,0,0,0,0
2026-03-27 22:37:01.781,97.068,0,-3,14,59.46,0,0,0,0,0,0,0,0
2026-03-27 22:37:01.798,97.084,0,-2,14,65.61,0,0,0,0,0,0,0,0
2026-03-27 22:37:01.926,97.212,0,-3,14,32.21,0,0,0,0,0,0,0,0
2026-03-27 22:37:01.990,97.276,0,-3,14,131.02,0,0,0,0,0,0,0,0
2026-03-27 22:37:02.101,97.388,0,-3,14,68.13,0,0,0,0,0,0,0,0
2026-03-27 22:37:02.134,97.420,0,-2,12,32.72,0,0,0,0,0,0,0,0
2026-03-27 22:37:02.198,97.485,0,-3,13,100.56,0,0,0,0,0,0,0,0
2026-03-27 22:37:02.438,97.724,0,-3,14,63.84,0,0,0,0,0,0,0,0
2026-03-27 22:37:02.534,97.820,0,-3,14,61.34,0,0,0,0,0,0,0,0
2026-03-27 22:37:02.598,97.884,0,-3,14,34.71,0,0,0,0,0,0,0,0
2026-03-27 22:37:02.725,98.012,0,-3,13,-5.31,0,0,0,0,0,0,0,0
2026-03-27 22:37:02.822,98.108,0,-3,14,0.78,0,0,0,0,0,0,0,0
2026-03-27 22:37:02.998,98.284,0,-3,14,2.0,0,0,0,0,0,0,0,0
2026-03-27 22:37:03.046,98.332,0,-3,14,-1.77,0,0,0,0,0,0,0,0
2026-03-27 22:37:03.158,98.444,0,-2,14,2.4,0,0,0,0,0,0,0,0
2026-03-27 22:37:03.270,98.556,0,-3,14,-5.45,0,0,0,0,0,0,0,0
2026-03-27 22:37:03.366,98.652,0,-3,14,-1.66,0,0,0,0,0,0,0,0
2026-03-27 22:37:03.462,98.748,0,-3,14,2.54,0,0,0,0,0,0,0,0
2026-03-27 22:37:03.622,98.908,0,-3,13,-1.94,0,0,0,0,0,0,0,0
2026-03-27 22:37:03.687,98.973,-1,-2,14,-1.85,0,0,0,0,0,0,0,0
2026-03-27 22:37:03.782,99.068,0,-3,14,-5.44,0,0,0,0,0,0,0,0
2026-03-27 22:37:03.877,99.164,0,-3,14,2.74,0,0,0,0,0,0,0,0
2026-03-27 22:37:04.022,99.308,0,-2,14,-1.82,0,0,0,0,0,0,0,0
2026-03-27 22:37:04.070,99.356,0,-3,14,2.67,0,0,0,0,0,0,0,0
2026-03-27 22:37:04.134,99.420,0,-3,14,-5.45,0,0,0,0,0,0,0,0
2026-03-27 22:37:04.246,99.532,0,-3,13,-3.82,0,0,0,0,0,0,0,0
2026-03-27 22:37:04.325,99.611,0,-2,14,2.67,0,0,0,0,0,0,0,0
2026-03-27 22:37:04.470,99.757,0,-3,14,63.85,0,0,0,0,0,0,0,0
2026-03-27 22:37:04.598,99.885,0,-3,14,-5.44,0,0,0,0,0,0,0,0
2026-03-27 22:37:04.710,99.996,0,-2,14,-1.95,0,0,0,0,0,0,0,0
2026-03-27 22:37:04.822,100.108,-1,-3,10,3.21,0,0,0,0,0,0,0,0
2026-03-27 22:37:04.997,100.284,0,-2,14,0.25,0,0,0,0,0,0,0,0
2026-03-27 22:37:05.046,100.332,0,-3,14,-14.55,0,0,0,0,0,0,0,0
2026-03-27 22:37:05.253,100.539,0,-2,14,1.62,0,0,0,0,0,0,0,0
2026-03-27 22:37:05.286,100.572,0,-3,14,-1.96,0,0,0,0,0,0,0,0
2026-03-27 22:37:05.288,100.575,0,-3,14,-1.66,0,0,0,0,0,0,0,0
2026-03-27 22:37:05.414,100.700,0,-3,14,1.53,0,0,0,0,0,0,0,0
2026-03-27 22:37:05.590,100.876,0,-3,11,0.26,0,0,0,0,0,0,0,0
2026-03-27 22:37:05.702,100.989,0,-3,14,-6.55,0,0,0,0,0,0,0,0
2026-03-27 22:37:05.846,101.132,0,-3,11,-2.71,0,0,0,0,0,0,0,0
2026-03-27 22:37:05.848,101.135,0,-3,14,22.16,0,0,0,0,0,0,0,0
2026-03-27 22:37:05.894,101.180,0,-3,14,6.1,0,0,0,0,0,0,0,0
2026-03-27 22:37:06.022,101.308,0,-3,14,-7.52,0,0,0,0,0,0,0,0
2026-03-27 22:37:06.101,101.388,0,-3,14,0.58,0,0,0,0,0,0,0,0
2026-03-27 22:37:06.104,101.390,0,-2,14,-7.96,0,0,0,0,0,0,0,0
2026-03-27 22:37:06.198,101.484,2,-3,14,-7.96,0,0,0,0,0,0,0,0
2026-03-27 22:37:06.325,101.612,0,-3,14,-7.01,0,0,0,0,0,0,0,0
2026-03-27 22:37:06.453,101.739,0,-3,14,5.94,0,0,0,0,0,0,0,0
2026-03-27 22:37:06.456,101.742,0,-3,14,-2.02,0,0,0,0,0,0,0,0
2026-03-27 22:37:06.630,101.916,0,-2,14,-2.02,0,0,0,0,0,0,0,0
2026-03-27 22:37:06.694,101.980,-1,-3,13,-1.96,0,0,0,0,0,0,0,0
2026-03-27 22:37:06.758,102.044,0,-3,14,-9.07,0,0,0,0,0,0,0,0
2026-03-27 22:37:06.934,102.220,0,-3,14,6.29,0,0,0,0,0,0,0,0
2026-03-27 22:37:07.062,102.348,2,-3,14,0.38,0,0,0,0,0,0,0,0
2026-03-27 22:37:07.142,102.428,2,-3,14,-1.95,0,0,0,0,0,0,0,0
2026-03-27 22:37:07.173,102.460,0,-3,13,6.9,0,0,0,0,0,0,0,0
2026-03-27 22:37:07.333,102.620,0,-3,14,0.38,0,0,0,0,0,0,0,0
2026-03-27 22:37:07.445,102.732,0,-3,14,-2.13,0,0,0,0,0,0,0,0
2026-03-27 22:37:07.590,102.876,0,-3,11,-13.38,0,0,0,0,0,0,0,0
2026-03-27 22:37:07.685,102.972,0,-3,14,0.14,0,0,0,0,0,0,0,0
2026-03-27 22:37:07.782,103.068,0,-3,13,-8.98,0,0,0,0,0,0,0,0
2026-03-27 22:37:07.861,103.148,0,-3,13,0.5,0,0,0,0,0,0,0,0
2026-03-27 22:37:07.958,103.244,0,-3,14,0.13,0,0,0,0,0,0,0,0
2026-03-27 22:37:08.102,103.388,0,-2,14,6.49,0,0,0,0,0,0,0,0
2026-03-27 22:37:08.198,103.484,0,-3,14,-9.67,0,0,0,0,0,0,0,0
2026-03-27 22:37:08.309,103.596,0,-3,14,0.11,0,0,0,0,0,0,0,0
2026-03-27 22:37:08.311,103.597,0,-3,14,0.11,0,0,0,0,0,0,0,0
2026-03-27 22:37:08.312,103.598,0,-3,12,0,0,0,0,0,0,0,0,0
2026-03-27 22:37:08.406,103.692,0,-3,14,0.19,0,0,0,0,0,0,0,0
2026-03-27 22:37:08.407,103.693,0,-3,14,16.99,0,0,0,0,0,0,0,0
2026-03-27 22:37:08.422,103.708,0,-3,14,-1.91,0,0,0,0,0,0,0,0
2026-03-27 22:37:08.534,103.820,0,-3,14,-1.91,0,0,0,0,0,0,0,0
2026-03-27 22:37:08.597,103.884,0,-3,14,5.68,0,0,0,0,0,0,0,0
2026-03-27 22:37:08.758,104.044,0,-3,14,-10.42,0,0,0,0,0,0,0,0
2026-03-27 22:37:08.869,104.155,0,-3,14,-4.78,0,0,0,0,0,0,0,0
2026-03-27 22:37:08.950,104.236,0,-3,14,0.19,0,0,0,0,0,0,0,0
2026-03-27 22:37:09.045,104.332,0,-3,14,-0.51,0,0,0,0,0,0,0,0
2026-03-27 22:37:09.173,104.459,0,-3,14,0.64,0,0,0,0,0,0,0,0
2026-03-27 22:37:09.175,104.461,0,-3,14,-9.8,0,0,0,0,0,0,0,0
2026-03-27 22:37:09.237,104.524,0,-3,14,0.26,0,0,0,0,0,0,0,0
2026-03-27 22:37:09.301,104.588,0,-3,14,0.39,0,0,0,0,0,0,0,0
2026-03-27 22:37:09.397,104.684,0,-3,14,-1.99,0,0,0,0,0,0,0,0
2026-03-27 22:37:09.509,104.795,0,-3,14,0.34,0,0,0,0,0,0,0,0
2026-03-27 22:37:09.605,104.892,0,-3,14,-10.27,0,0,0,0,0,0,0,0
2026-03-27 22:37:09.781,105.068,0,-3,14,-10.25,0,0,0,0,0,0,0,0
2026-03-27 22:37:09.877,105.164,0,-3,14,0.2,0,0,0,0,0,0,0,0
2026-03-27 22:37:09.973,105.260,0,-2,14,-8.63,0,0,0,0,0,0,0,0
2026-03-27 22:37:10.101,105.387,0,-3,14,6.16,0,0,0,0,0,0,0,0
2026-03-27 22:37:15.246,110.532,0,-3,14,6.0,0,0,0,0,0,0,0,0
2026-03-27 22:37:15.249,110.535,0,-3,11,1.51,0,0,0,0,0,0,0,0
2026-03-27 22:37:15.252,110.538,0,-3,14,-0.47,0,0,0,0,0,0,0,0
2026-03-27 22:37:15.255,110.542,0,-3,14,-1.93,0,0,0,0,0,0,0,0
2026-03-27 22:37:15.260,110.546,0,-3,14,0.55,0,0,0,0,0,0,0,0
2026-03-27 22:37:15.263,110.550,0,-3,14,-1.91,0,0,0,0,0,0,0,0
2026-03-27 22:37:15.266,110.552,0,-3,14,-4.2,0,0,0,0,0,0,0,0
2026-03-27 22:37:15.267,110.554,-1,-3,14,-4.2,0,0,0,0,0,0,0,0
2026-03-27 22:37:15.417,110.703,0,-3,14,-0.22,0,0,0,0,0,0,0,0
2026-03-27 22:37:15.481,110.767,0,-3,14,-2.23,0,0,0,0,0,0,0,0
2026-03-27 22:37:15.608,110.895,-1,-3,13,0.43,0,0,0,0,0,0,0,0
2026-03-27 22:37:15.624,110.911,0,-3,14,0.43,0,0,0,0,0,0,0,0
2026-03-27 22:37:15.768,111.055,0,-3,14,-10.34,0,0,0,0,0,0,0,0
2026-03-27 22:37:15.864,111.150,0,-3,14,0.05,0,0,0,0,0,0,0,0
2026-03-27 22:37:15.865,111.152,0,-3,14,-0.06,0,0,0,0,0,0,0,0
2026-03-27 22:37:16.073,111.359,0,-3,14,5.57,0,0,0,0,0,0,0,0
2026-03-27 22:37:16.137,111.423,0,-3,14,0.07,0,0,0,0,0,0,0,0
2026-03-27 22:37:16.265,111.551,0,-3,14,16.14,0,0,0,0,0,0,0,0
2026-03-27 22:37:16.297,111.583,0,-3,14,-2.2,0,0,0,0,0,0,0,0
2026-03-27 22:37:16.457,111.743,0,-3,14,-8.49,0,0,0,0,0,0,0,0
2026-03-27 22:37:16.521,111.807,0,-3,14,-8.98,0,0,0,0,0,0,0,0
2026-03-27 22:37:16.585,111.871,2,-3,13,-1.97,0,0,0,0,0,0,0,0
2026-03-27 22:37:16.697,111.983,2,-3,14,-0.85,0,0,0,0,0,0,0,0
2026-03-27 22:37:16.746,112.032,0,-3,14,0.18,0,0,0,0,0,0,0,0
2026-03-27 22:37:16.841,112.127,0,-3,14,-1.66,0,0,0,0,0,0,0,0
2026-03-27 22:37:16.969,112.255,0,-2,14,5.37,0,0,0,0,0,0,0,0
2026-03-27 22:37:17.097,112.383,0,-3,14,-10.92,0,0,0,0,0,0,0,0
2026-03-27 22:37:17.369,112.655,0,-3,14,-10.12,0,0,0,0,0,0,0,0
2026-03-27 22:37:17.545,112.832,0,-3,14,5.92,0,0,0,0,0,0,0,0
2026-03-27 22:37:17.577,112.864,0,-3,14,-2.19,0,0,0,0,0,0,0,0
2026-03-27 22:37:17.737,113.023,0,-3,14,0.15,0,0,0,0,0,0,0,0
2026-03-27 22:37:17.741,113.027,0,-2,14,0.32,0,0,0,0,0,0,0,0
2026-03-27 22:37:17.817,113.103,0,-3,14,-0.09,0,0,0,0,0,0,0,0
2026-03-27 22:37:17.913,113.199,2,-3,14,-0.22,0,0,0,0,0,0,0,0
2026-03-27 22:37:18.009,113.296,0,-3,14,-2.02,0,0,0,0,0,0,0,0
2026-03-27 22:37:18.153,113.439,0,-3,14,-13.19,0,0,0,0,0,0,0,0
2026-03-27 22:37:18.280,113.566,0,-3,14,0.11,0,0,0,0,0,0,0,0
2026-03-27 22:37:18.376,113.663,0,-3,14,-2.27,0,0,0,0,0,0,0,0
2026-03-27 22:37:18.472,113.759,2,-3,14,-1.9,0,0,0,0,0,0,0,0
2026-03-27 22:37:18.569,113.855,0,-3,14,-9.18,0,0,0,0,0,0,0,0
2026-03-27 22:37:18.697,113.984,2,-3,14,0.36,0,0,0,0,0,0,0,0
2026-03-27 22:37:18.809,114.095,0,-3,14,0.0,0,0,0,0,0,0,0,0
2026-03-27 22:37:18.921,114.207,0,-3,14,-9.47,0,0,0,0,0,0,0,0
2026-03-27 22:37:19.017,114.303,0,-3,14,-10.22,0,0,0,0,0,0,0,0
2026-03-27 22:37:19.177,114.463,0,-3,14,0.15,0,0,0,0,0,0,0,0
2026-03-27 22:37:19.240,114.527,0,-4,13,0.31,0,0,0,0,0,0,0,0
2026-03-27 22:37:19.417,114.703,0,-3,14,-11.4,0,0,0,0,0,0,0,0
2026-03-27 22:37:19.497,114.784,0,-3,14,0.05,0,0,0,0,0,0,0,0
2026-03-27 22:37:19.577,114.863,0,-3,14,0.01,0,0,0,0,0,0,0,0
2026-03-27 22:37:19.608,114.895,0,-3,14,-11.75,0,0,0,0,0,0,0,0
2026-03-27 22:37:19.721,115.007,2,-3,14,-8.81,0,0,0,0,0,0,0,0
2026-03-27 22:37:19.722,115.009,1,-3,13,0.14,0,0,0,0,0,0,0,0
2026-03-27 22:37:19.816,115.102,0,-3,14,-2.25,0,0,0,0,0,0,0,0
2026-03-27 22:37:19.944,115.230,2,-3,14,5.74,0,0,0,0,0,0,0,0
2026-03-27 22:37:20.088,115.375,0,-3,14,-10.36,0,0,0,0,0,0,0,0
2026-03-27 22:37:20.169,115.455,0,-3,14,-9.87,0,0,0,0,0,0,0,0
2026-03-27 22:37:20.281,115.567,0,-3,14,-1.84,0,0,0,0,0,0,0,0
2026-03-27 22:37:20.313,115.599,2,-3,14,0.16,0,0,0,0,0,0,0,0
2026-03-27 22:37:20.441,115.727,0,-3,14,-10.23,0,0,0,0,0,0,0,0
2026-03-27 22:37:20.505,115.791,0,-3,11,4.97,0,0,0,0,0,0,0,0
2026-03-27 22:37:20.697,115.983,0,-3,14,-7.36,0,0,0,0,0,0,0,0
2026-03-27 22:37:20.698,115.985,0,-3,14,5.56,0,0,0,0,0,0,0,0
2026-03-27 22:37:20.776,116.063,0,-3,14,-1.8,0,0,0,0,0,0,0,0
2026-03-27 22:37:20.778,116.064,0,-3,14,-1.8,0,0,0,0,0,0,0,0
2026-03-27 22:37:20.779,116.065,0,-3,14,0.19,0,0,0,0,0,0,0,0
2026-03-27 22:37:20.857,116.143,0,-3,14,0.19,0,0,0,0,0,0,0,0
2026-03-27 22:37:21.049,116.335,0,-3,14,-1.74,0,0,0,0,0,0,0,0
2026-03-27 22:37:21.065,116.351,0,-3,14,-1.74,0,0,0,0,0,0,0,0
2026-03-27 22:37:21.066,116.352,0,-3,14,-3.77,0,0,0,0,0,0,0,0
2026-03-27 22:37:21.225,116.511,0,-3,14,-10.57,0,0,0,0,0,0,0,0
2026-03-27 22:37:21.352,116.639,-1,-3,14,0.2,0,0,0,0,0,0,0,0
2026-03-27 22:37:21.625,116.911,0,-3,14,-0.07,0,0,0,0,0,0,0,0
2026-03-27 22:37:21.689,116.975,0,-3,14,5.93,0,0,0,0,0,0,0,0
2026-03-27 22:37:21.832,117.119,0,-3,14,5.3,0,0,0,0,0,0,0,0
2026-03-27 22:37:21.913,117.199,0,-3,14,-8.02,0,0,0,0,0,0,0,0
2026-03-27 22:37:21.992,117.279,0,-3,14,-7.52,0,0,0,0,0,0,0,0
2026-03-27 22:37:22.104,117.391,0,-3,14,5.37,0,0,0,0,0,0,0,0
2026-03-27 22:37:22.232,117.518,0,-3,14,0.16,0,0,0,0,0,0,0,0
2026-03-27 22:37:22.233,117.519,0,-3,14,4.04,0,0,0,0,0,0,0,0
2026-03-27 22:37:22.346,117.632,-1,-3,14,-1.93,0,0,0,0,0,0,0,0
2026-03-27 22:37:22.457,117.743,0,-3,14,0.42,0,0,0,0,0,0,0,0
2026-03-27 22:37:22.648,117.935,0,-3,14,0.23,0,0,0,0,0,0,0,0
2026-03-27 22:37:22.696,117.982,-1,-2,11,-2.05,0,0,0,0,0,0,0,0
2026-03-27 22:37:22.697,117.983,0,-3,14,-2.05,0,0,0,0,0,0,0,0
2026-03-27 22:37:22.825,118.111,0,-3,14,0.09,0,0,0,0,0,0,0,0
2026-03-27 22:37:22.827,118.113,0,-3,14,0.09,0,0,0,0,0,0,0,0
2026-03-27 22:37:22.888,118.175,0,-3,14,-7.76,0,0,0,0,0,0,0,0
2026-03-27 22:37:23.032,118.319,0,-3,14,-7.12,0,0,0,0,0,0,0,0
2026-03-27 22:37:23.096,118.382,0,-3,14,-2.07,0,0,0,0,0,0,0,0
2026-03-27 22:37:23.321,118.607,0,-3,14,0.3,0,0,0,0,0,0,0,0
2026-03-27 22:37:23.385,118.671,2,-3,14,0.15,0,0,0,0,0,0,0,0
2026-03-27 22:37:23.480,118.767,2,-3,14,0.36,0,0,0,0,0,0,0,0
2026-03-27 22:37:23.640,118.927,0,-3,14,-9.74,0,0,0,0,0,0,0,0
2026-03-27 22:37:23.688,118.975,0,-3,14,-10.63,0,0,0,0,0,0,0,0
2026-03-27 22:37:23.784,119.070,0,-3,14,-0.35,0,0,0,0,0,0,0,0
2026-03-27 22:37:23.992,119.279,0,-3,14,-7.95,0,0,0,0,0,0,0,0
2026-03-27 22:37:24.056,119.343,0,-3,14,5.67,0,0,0,0,0,0,0,0
2026-03-27 22:37:24.074,119.360,0,-2,14,0.2,0,0,0,0,0,0,0,0
2026-03-27 22:37:24.200,119.487,0,-3,14,-0.02,0,0,0,0,0,0,0,0
2026-03-27 22:37:24.248,119.535,0,-3,14,-6.9,0,0,0,0,0,0,0,0
2026-03-27 22:37:24.266,119.552,0,-3,11,0.14,0,0,0,0,0,0,0,0
2026-03-27 22:37:24.329,119.615,0,-3,11,0.14,0,0,0,0,0,0,0,0
2026-03-27 22:37:24.473,119.759,0,-3,14,0.2,0,0,0,0,0,0,0,0
2026-03-27 22:37:24.585,119.871,0,-3,14,-8.08,0,0,0,0,0,0,0,0
2026-03-27 22:37:24.696,119.983,0,-3,14,5.88,0,0,0,0,0,0,0,0
2026-03-27 22:37:24.856,120.142,0,-3,13,0.11,0,0,0,0,0,0,0,0
2026-03-27 22:37:24.936,120.222,0,-3,14,-11.82,0,0,0,0,0,0,0,0
2026-03-27 22:37:24.939,120.225,0,-2,14,-2.72,0,0,0,0,0,0,0,0
2026-03-27 22:37:25.065,120.351,0,-3,14,-10.66,0,0,0,0,0,0,0,0
2026-03-27 22:37:25.144,120.430,0,-3,13,6.06,0,0,0,0,0,0,0,0
2026-03-27 22:37:25.304,120.590,0,-3,14,1.36,0,0,0,0,0,0,0,0
2026-03-27 22:37:25.417,120.703,0,-3,14,0.19,0,0,0,0,0,0,0,0
2026-03-27 22:37:25.419,120.705,0,-3,11,-8.47,0,0,0,0,0,0,0,0
2026-03-27 22:37:25.512,120.798,0,-3,11,0.36,0,0,0,0,0,0,0,0
2026-03-27 22:37:25.545,120.831,0,-3,14,-9.58,0,0,0,0,0,0,0,0
2026-03-27 22:37:25.640,120.926,0,-3,14,5.52,0,0,0,0,0,0,0,0
2026-03-27 22:37:25.736,121.022,0,-3,14,0.11,0,0,0,0,0,0,0,0
2026-03-27 22:37:25.881,121.167,0,-3,14,-8.5,0,0,0,0,0,0,0,0
2026-03-27 22:37:25.883,121.169,0,-3,14,6.24,0,0,0,0,0,0,0,0
2026-03-27 22:37:25.944,121.231,0,-3,14,6.24,0,0,0,0,0,0,0,0
2026-03-27 22:37:26.007,121.294,0,-3,14,-0.72,0,0,0,0,0,0,0,0
2026-03-27 22:37:26.009,121.295,0,-3,14,-0.72,0,0,0,0,0,0,0,0
2026-03-27 22:37:26.184,121.470,0,-3,14,-1.83,0,0,0,0,0,0,0,0
2026-03-27 22:37:26.265,121.551,0,-3,14,-12.26,0,0,0,0,0,0,0,0
2026-03-27 22:37:26.312,121.599,0,-3,14,-0.96,0,0,0,0,0,0,0,0
2026-03-27 22:37:26.409,121.695,0,-3,14,-7.44,0,0,0,0,0,0,0,0
2026-03-27 22:37:26.568,121.855,0,-3,14,-10.15,0,0,0,0,0,0,0,0
2026-03-27 22:37:26.632,121.919,0,-3,14,-0.32,0,0,0,0,0,0,0,0
2026-03-27 22:37:26.712,121.998,0,-3,14,-7.86,0,0,0,0,0,0,0,0
2026-03-27 22:37:26.872,122.159,0,-3,14,-0.15,0,0,0,0,0,0,0,0
2026-03-27 22:37:26.904,122.191,0,-3,14,-2.33,0,0,0,0,0,0,0,0
2026-03-27 22:37:27.048,122.334,0,-3,14,0.94,0,0,0,0,0,0,0,0
2026-03-27 22:37:27.192,122.478,0,-3,13,0.09,0,0,0,0,0,0,0,0
2026-03-27 22:37:27.272,122.558,0,-2,14,-7.9,0,0,0,0,0,0,0,0
2026-03-27 22:37:27.321,122.608,0,-3,14,-7.99,0,0,0,0,0,0,0,0
2026-03-27 22:37:27.384,122.670,0,-3,14,5.08,0,0,0,0,0,0,0,0
2026-03-27 22:37:27.512,122.799,0,-2,14,0.25,0,0,0,0,0,0,0,0
2026-03-27 22:37:27.624,122.910,0,-3,14,-8.77,0,0,0,0,0,0,0,0
2026-03-27 22:37:27.720,123.006,0,-3,14,-2.05,0,0,0,0,0,0,0,0
2026-03-27 22:37:27.865,123.151,0,-3,14,4.02,0,0,0,0,0,0,0,0
2026-03-27 22:37:27.897,123.183,0,-3,13,-0.07,0,0,0,0,0,0,0,0
2026-03-27 22:37:27.899,123.185,0,-3,14,0.13,0,0,0,0,0,0,0,0
2026-03-27 22:37:28.040,123.326,0,-3,14,-9.87,0,0,0,0,0,0,0,0
2026-03-27 22:37:28.136,123.422,0,-3,14,0.25,0,0,0,0,0,0,0,0
2026-03-27 22:37:28.168,123.454,0,-3,14,-0.44,0,0,0,0,0,0,0,0
2026-03-27 22:37:28.360,123.646,0,-3,14,-1.94,0,0,0,0,0,0,0,0
2026-03-27 22:37:28.377,123.664,0,-3,14,0.15,0,0,0,0,0,0,0,0
2026-03-27 22:37:28.520,123.807,0,-3,14,5.76,0,0,0,0,0,0,0,0
2026-03-27 22:37:28.712,123.999,0,-3,14,-9.6,0,0,0,0,0,0,0,0
2026-03-27 22:37:28.776,124.062,0,-3,14,-3.15,0,0,0,0,0,0,0,0
2026-03-27 22:37:28.778,124.065,0,-3,14,-10.98,0,0,0,0,0,0,0,0
2026-03-27 22:37:28.840,124.127,0,-3,14,-11.41,0,0,0,0,0,0,0,0
2026-03-27 22:37:28.920,124.207,0,-3,14,-10.7,0,0,0,0,0,0,0,0
2026-03-27 22:37:29.080,124.366,0,-3,14,5.53,0,0,0,0,0,0,0,0
2026-03-27 22:37:29.112,124.398,0,-3,14,-10.67,0,0,0,0,0,0,0,0
2026-03-27 22:37:29.225,124.511,0,-3,14,5.82,0,0,0,0,0,0,0,0
2026-03-27 22:37:29.320,124.606,0,-3,14,-0.29,0,0,0,0,0,0,0,0
2026-03-27 22:37:29.416,124.702,0,-3,14,0.06,0,0,0,0,0,0,0,0
2026-03-27 22:37:29.560,124.846,0,-3,14,0.26,0,0,0,0,0,0,0,0
2026-03-27 22:37:29.656,124.942,0,-3,14,-1.85,0,0,0,0,0,0,0,0
2026-03-27 22:37:29.769,125.055,0,-2,14,0.16,0,0,0,0,0,0,0,0
2026-03-27 22:37:29.896,125.182,0,-3,14,-8.94,0,0,0,0,0,0,0,0
2026-03-27 22:37:29.977,125.263,0,-3,14,0.2,0,0,0,0,0,0,0,0
2026-03-27 22:37:29.979,125.266,0,-3,14,-9.9,0,0,0,0,0,0,0,0
2026-03-27 22:37:30.056,125.342,0,-3,14,-0.34,0,0,0,0,0,0,0,0
2026-03-27 22:37:30.088,125.374,0,-3,14,0.31,0,0,0,0,0,0,0,0
2026-03-27 22:37:30.215,125.502,0,-3,14,-8.27,0,0,0,0,0,0,0,0
2026-03-27 22:37:30.232,125.518,0,-3,14,5.42,0,0,0,0,0,0,0,0
2026-03-27 22:37:30.408,125.694,0,-3,14,0.37,0,0,0,0,0,0,0,0
2026-03-27 22:37:30.472,125.758,0,-3,14,-2.04,0,0,0,0,0,0,0,0
2026-03-27 22:37:30.569,125.855,0,-3,14,-11.21,0,0,0,0,0,0,0,0
2026-03-27 22:37:30.648,125.935,0,-3,14,3.8,0,0,0,0,0,0,0,0
2026-03-27 22:37:30.776,126.063,0,-3,14,-2.07,0,0,0,0,0,0,0,0
2026-03-27 22:37:30.824,126.110,0,-3,14,-11.08,0,0,0,0,0,0,0,0
2026-03-27 22:37:30.952,126.238,2,-3,14,16.04,0,0,0,0,0,0,0,0
2026-03-27 22:37:31.079,126.366,0,-2,14,-1.85,0,0,0,0,0,0,0,0
2026-03-27 22:37:31.095,126.382,0,-3,14,-1.85,0,0,0,0,0,0,0,0
2026-03-27 22:37:31.160,126.446,0,-3,14,-6.29,0,0,0,0,0,0,0,0
2026-03-27 22:37:31.256,126.542,0,-3,14,-8.19,0,0,0,0,0,0,0,0
2026-03-27 22:37:31.320,126.606,0,-3,14,-0.64,0,0,0,0,0,0,0,0
2026-03-27 22:37:31.416,126.702,0,-3,14,-10.34,0,0,0,0,0,0,0,0
2026-03-27 22:37:31.592,126.878,0,-3,14,-2.23,0,0,0,0,0,0,0,0
2026-03-27 22:37:31.640,126.926,0,-3,14,-8.82,0,0,0,0,0,0,0,0
2026-03-27 22:37:31.720,127.006,0,-3,14,5.91,0,0,0,0,0,0,0,0
2026-03-27 22:37:31.848,127.135,0,-3,14,0.48,0,0,0,0,0,0,0,0
2026-03-27 22:37:31.944,127.231,0,-3,14,-1.94,0,0,0,0,0,0,0,0
2026-03-27 22:37:32.280,127.566,0,-2,14,6.12,0,0,0,0,0,0,0,0
2026-03-27 22:37:32.344,127.630,0,-3,14,5.71,0,0,0,0,0,0,0,0
2026-03-27 22:37:32.439,127.726,0,-3,14,0.28,0,0,0,0,0,0,0,0
2026-03-27 22:37:32.488,127.775,0,-3,14,-7.75,0,0,0,0,0,0,0,0
2026-03-27 22:37:32.584,127.870,0,-3,14,-2.06,0,0,0,0,0,0,0,0
2026-03-27 22:37:32.585,127.872,-1,-3,13,-0.49,0,0,0,0,0,0,0,0
2026-03-27 22:37:32.696,127.982,0,-2,14,-0.49,0,0,0,0,0,0,0,0
2026-03-27 22:37:32.872,128.158,0,-3,14,16.38,0,0,0,0,0,0,0,0
2026-03-27 22:37:32.999,128.285,0,-3,14,-2.16,0,0,0,0,0,0,0,0
2026-03-27 22:37:33.001,128.287,0,-3,14,0.12,0,0,0,0,0,0,0,0
2026-03-27 22:37:33.095,128.382,0,-3,14,-9.35,0,0,0,0,0,0,0,0
2026-03-27 22:37:33.097,128.383,0,-3,14,-9.35,0,0,0,0,0,0,0,0
2026-03-27 22:37:33.207,128.493,0,-3,14,-0.05,0,0,0,0,0,0,0,0
2026-03-27 22:37:33.305,128.591,0,-3,14,-2.28,0,0,0,0,0,0,0,0
2026-03-27 22:37:33.307,128.594,0,-3,14,0.27,0,0,0,0,0,0,0,0
2026-03-27 22:37:33.369,128.655,0,-3,14,0.1,0,0,0,0,0,0,0,0
2026-03-27 22:37:33.447,128.733,0,-3,14,5.9,0,0,0,0,0,0,0,0
2026-03-27 22:37:33.448,128.735,0,-3,14,-11.71,0,0,0,0,0,0,0,0
2026-03-27 22:37:33.465,128.751,0,-3,14,16.65,0,0,0,0,0,0,0,0
2026-03-27 22:37:33.592,128.878,0,-3,14,16.65,0,0,0,0,0,0,0,0
2026-03-27 22:37:33.640,128.926,0,-3,14,-8.0,0,0,0,0,0,0,0,0
2026-03-27 22:37:33.736,129.022,0,-3,14,0.39,0,0,0,0,0,0,0,0
2026-03-27 22:37:33.896,129.182,0,-3,14,-9.49,0,0,0,0,0,0,0,0
2026-03-27 22:37:33.944,129.230,0,-3,14,-11.62,0,0,0,0,0,0,0,0
2026-03-27 22:37:34.088,129.374,0,-3,14,5.95,0,0,0,0,0,0,0,0
2026-03-27 22:37:34.216,129.502,0,-3,14,17.22,0,0,0,0,0,0,0,0
2026-03-27 22:37:34.218,129.505,0,-3,14,1.5,0,0,0,0,0,0,0,0
2026-03-27 22:37:34.248,129.534,0,-3,14,1.5,0,0,0,0,0,0,0,0
2026-03-27 22:37:34.376,129.663,0,-3,11,-0.75,0,0,0,0,0,0,0,0
2026-03-27 22:37:34.488,129.774,0,-3,11,0.37,0,0,0,0,0,0,0,0
2026-03-27 22:37:34.552,129.838,0,-3,14,-0.36,0,0,0,0,0,0,0,0
2026-03-27 22:37:34.648,129.934,0,-3,11,-2.02,0,0,0,0,0,0,0,0
2026-03-27 22:37:34.697,129.983,0,-3,14,0.17,0,0,0,0,0,0,0,0
2026-03-27 22:37:34.872,130.159,0,-3,14,-0.11,0,0,0,0,0,0,0,0
2026-03-27 22:37:34.952,130.238,0,-3,14,-9.31,0,0,0,0,0,0,0,0
2026-03-27 22:37:35.064,130.350,0,-3,14,5.8,0,0,0,0,0,0,0,0
2026-03-27 22:37:35.160,130.446,0,-3,14,-7.33,0,0,0,0,0,0,0,0
2026-03-27 22:37:35.288,130.575,0,-3,14,1.43,0,0,0,0,0,0,0,0
2026-03-27 22:37:35.464,130.751,0,-3,14,-11.16,0,0,0,0,0,0,0,0
2026-03-27 22:37:35.496,130.782,0,-3,14,0.1,0,0,0,0,0,0,0,0
2026-03-27 22:37:35.608,130.894,0,-3,14,5.51,0,0,0,0,0,0,0,0
2026-03-27 22:37:35.736,131.022,0,-3,14,-3.02,0,0,0,0,0,0,0,0
2026-03-27 22:37:35.752,131.038,0,-3,14,5.8,0,0,0,0,0,0,0,0
2026-03-27 22:37:35.800,131.086,0,-3,14,5.8,0,0,0,0,0,0,0,0
2026-03-27 22:37:35.817,131.103,0,-3,14,-9.17,0,0,0,0,0,0,0,0
2026-03-27 22:37:35.944,131.231,0,-3,14,4.9,0,0,0,0,0,0,0,0
2026-03-27 22:37:36.312,131.598,0,-3,14,-0.52,0,0,0,0,0,0,0,0
2026-03-27 22:37:36.328,131.615,0,-3,14,-2.06,0,0,0,0,0,0,0,0
2026-03-27 22:37:36.472,131.758,0,-3,14,-9.93,0,0,0,0,0,0,0,0
2026-03-27 22:37:36.631,131.918,0,-3,14,5.85,0,0,0,0,0,0,0,0
2026-03-27 22:37:36.680,131.966,0,-3,14,-2.15,0,0,0,0,0,0,0,0
2026-03-27 22:37:36.744,132.031,0,-3,14,-8.03,0,0,0,0,0,0,0,0
2026-03-27 22:37:36.759,132.045,0,-2,14,-6.77,0,0,0,0,0,0,0,0
2026-03-27 22:37:36.920,132.206,0,-3,14,0.13,0,0,0,0,0,0,0,0
2026-03-27 22:37:36.968,132.254,0,-3,14,-0.47,0,0,0,0,0,0,0,0
2026-03-27 22:37:37.112,132.398,0,-3,14,17.49,0,0,0,0,0,0,0,0
2026-03-27 22:37:37.240,132.526,0,-3,14,-0.47,0,0,0,0,0,0,0,0
2026-03-27 22:37:37.320,132.606,0,-3,14,-12.01,0,0,0,0,0,0,0,0
2026-03-27 22:37:37.322,132.608,0,-3,14,5.98,0,0,0,0,0,0,0,0
2026-03-27 22:37:37.448,132.734,0,-3,14,5.98,0,0,0,0,0,0,0,0
2026-03-27 22:37:37.559,132.846,0,-3,14,-2.31,0,0,0,0,0,0,0,0
2026-03-27 22:37:37.688,132.974,0,-3,14,-8.55,0,0,0,0,0,0,0,0
2026-03-27 22:37:37.752,133.038,0,-3,14,5.68,0,0,0,0,0,0,0,0
2026-03-27 22:37:37.879,133.166,0,-3,14,-8.47,0,0,0,0,0,0,0,0
2026-03-27 22:37:37.976,133.262,0,-3,14,-9.5,0,0,0,0,0,0,0,0
2026-03-27 22:37:38.167,133.454,0,-3,14,0.26,0,0,0,0,0,0,0,0
2026-03-27 22:37:38.359,133.645,0,-3,14,5.8,0,0,0,0,0,0,0,0
2026-03-27 22:37:38.361,133.647,0,-3,14,5.8,0,0,0,0,0,0,0,0
2026-03-27 22:37:38.392,133.678,0,-3,14,-2.9,0,0,0,0,0,0,0,0
2026-03-27 22:37:38.456,133.743,0,-3,14,5.85,0,0,0,0,0,0,0,0
2026-03-27 22:37:38.583,133.870,0,-3,14,-8.28,0,0,0,0,0,0,0,0
2026-03-27 22:37:38.663,133.950,0,-3,14,-9.98,0,0,0,0,0,0,0,0
2026-03-27 22:37:38.775,134.062,0,-3,14,0.2,0,0,0,0,0,0,0,0
2026-03-27 22:37:38.872,134.158,0,-3,14,-8.72,0,0,0,0,0,0,0,0
2026-03-27 22:37:38.951,134.238,0,-3,14,6.04,0,0,0,0,0,0,0,0
2026-03-27 22:37:38.954,134.240,0,-3,14,0.04,0,0,0,0,0,0,0,0
2026-03-27 22:37:39.096,134.382,0,-3,13,-0.35,0,0,0,0,0,0,0,0
2026-03-27 22:37:39.160,134.446,0,-3,14,-7.36,0,0,0,0,0,0,0,0
2026-03-27 22:37:39.271,134.558,0,-3,14,-9.16,0,0,0,0,0,0,0,0
2026-03-27 22:37:39.367,134.654,0,-3,14,5.91,0,0,0,0,0,0,0,0
2026-03-27 22:37:39.463,134.750,0,-3,14,0.14,0,0,0,0,0,0,0,0
2026-03-27 22:37:39.671,134.958,0,-3,14,-0.75,0,0,0,0,0,0,0,0
2026-03-27 22:37:39.848,135.134,0,-3,14,-8.03,0,0,0,0,0,0,0,0
2026-03-27 22:37:39.896,135.182,0,-3,13,15.73,0,0,0,0,0,0,0,0
2026-03-27 22:37:39.991,135.278,0,-3,14,5.88,0,0,0,0,0,0,0,0
2026-03-27 22:37:40.088,135.374,0,-3,14,-9.65,0,0,0,0,0,0,0,0
2026-03-27 22:37:40.200,135.486,0,-3,14,6.38,0,0,0,0,0,0,0,0
2026-03-27 22:37:40.311,135.598,0,-3,14,0.11,0,0,0,0,0,0,0,0
2026-03-27 22:37:40.503,135.790,2,-3,14,-2.06,0,0,0,0,0,0,0,0
2026-03-27 22:37:40.551,135.837,0,-3,14,0.92,0,0,0,0,0,0,0,0
2026-03-27 22:37:40.648,135.934,0,-3,14,0.22,0,0,0,0,0,0,0,0
2026-03-27 22:37:40.760,136.046,0,-3,14,-2.07,0,0,0,0,0,0,0,0
2026-03-27 22:37:40.840,136.126,0,-3,14,-7.88,0,0,0,0,0,0,0,0
2026-03-27 22:37:41.015,136.302,0,-3,14,0.22,0,0,0,0,0,0,0,0
2026-03-27 22:37:41.112,136.398,0,-3,14,6.0,0,0,0,0,0,0,0,0
2026-03-27 22:37:41.239,136.525,0,-3,14,-6.77,0,0,0,0,0,0,0,0
2026-03-27 22:37:41.352,136.638,0,-3,14,-1.94,0,0,0,0,0,0,0,0
2026-03-27 22:37:41.479,136.766,0,-3,14,0.04,0,0,0,0,0,0,0,0
2026-03-27 22:37:41.559,136.845,0,-3,14,-9.21,0,0,0,0,0,0,0,0
2026-03-27 22:37:41.640,136.926,0,-3,14,-10.88,0,0,0,0,0,0,0,0
2026-03-27 22:37:41.815,137.101,0,-3,14,0.28,0,0,0,0,0,0,0,0
2026-03-27 22:37:41.832,137.118,0,-2,14,5.99,0,0,0,0,0,0,0,0
2026-03-27 22:37:41.944,137.230,0,-3,14,0.22,0,0,0,0,0,0,0,0
2026-03-27 22:37:42.040,137.326,0,-3,14,2.2,0,0,0,0,0,0,0,0
2026-03-27 22:37:42.167,137.453,0,-3,14,5.7,0,0,0,0,0,0,0,0
2026-03-27 22:37:42.263,137.549,0,-3,14,-7.53,0,0,0,0,0,0,0,0
2026-03-27 22:37:42.265,137.551,0,-3,14,-0.95,0,0,0,0,0,0,0,0
2026-03-27 22:37:42.407,137.693,0,-3,14,-7.01,0,0,0,0,0,0,0,0
2026-03-27 22:37:42.408,137.695,0,-3,14,0.39,0,0,0,0,0,0,0,0
2026-03-27 22:37:42.409,137.695,0,0,0,0,0,0,0,0,0,0,0,0
2026-03-27 22:37:42.410,137.697,0,-3,14,5.74,0,0,0,0,0,0,0,0
2026-03-27 22:37:42.504,137.790,0,-3,14,-9.8,0,0,0,0,0,0,0,0
2026-03-27 22:37:42.583,137.869,0,-3,14,0.69,0,0,0,0,0,0,0,0
2026-03-27 22:37:42.679,137.965,0,-3,14,-0.11,0,0,0,0,0,0,0,0
2026-03-27 22:37:42.887,138.173,0,-3,14,-9.81,0,0,0,0,0,0,0,0
2026-03-27 22:37:42.951,138.237,0,-3,14,-0.46,0,0,0,0,0,0,0,0
2026-03-27 22:37:42.983,138.269,0,-3,14,1.63,0,0,0,0,0,0,0,0
2026-03-27 22:37:43.159,138.445,0,-3,11,-9.14,0,0,0,0,0,0,0,0
2026-03-27 22:37:43.303,138.589,0,-3,14,-8.5,0,0,0,0,0,0,0,0
2026-03-27 22:37:43.335,138.621,0,-3,13,4.66,0,0,0,0,0,0,0,0
2026-03-27 22:37:43.512,138.798,0,-3,14,-9.45,0,0,0,0,0,0,0,0
2026-03-27 22:37:43.559,138.845,0,-3,14,-7.28,0,0,0,0,0,0,0,0
2026-03-27 22:37:43.656,138.942,0,-3,14,-2.14,0,0,0,0,0,0,0,0
2026-03-27 22:37:43.735,139.022,0,-3,14,-0.29,0,0,0,0,0,0,0,0
2026-03-27 22:37:43.847,139.134,0,-3,14,-0.98,0,0,0,0,0,0,0,0
2026-03-27 22:37:43.943,139.230,0,-3,14,-1.74,0,0,0,0,0,0,0,0
2026-03-27 22:37:43.946,139.232,-1,-3,14,0.22,0,0,0,0,0,0,0,0
2026-03-27 22:37:44.103,139.389,0,-3,14,0.22,0,0,0,0,0,0,0,0
2026-03-27 22:37:44.247,139.533,0,-3,14,-0.05,0,0,0,0,0,0,0,0
2026-03-27 22:37:44.248,139.535,0,-3,14,-0.05,0,0,0,0,0,0,0,0
2026-03-27 22:37:44.279,139.565,0,-3,14,0.01,0,0,0,0,0,0,0,0
2026-03-27 22:37:44.295,139.581,0,-2,14,-9.84,0,0,0,0,0,0,0,0
2026-03-27 22:37:44.408,139.694,0,-3,14,-9.84,0,0,0,0,0,0,0,0
2026-03-27 22:37:44.455,139.741,0,-3,14,-8.39,0,0,0,0,0,0,0,0
2026-03-27 22:37:44.583,139.869,0,-3,14,5.81,0,0,0,0,0,0,0,0
2026-03-27 22:37:44.679,139.966,0,-3,14,0.59,0,0,0,0,0,0,0,0
2026-03-27 22:37:44.776,140.062,0,-3,11,0.22,0,0,0,0,0,0,0,0
2026-03-27 22:37:44.887,140.173,0,-3,14,-10.38,0,0,0,0,0,0,0,0
2026-03-27 22:37:45.000,140.287,0,-3,14,0.09,0,0,0,0,0,0,0,0
2026-03-27 22:37:45.335,140.621,0,-3,14,0.15,0,0,0,0,0,0,0,0
2026-03-27 22:37:45.431,140.717,0,-3,14,-1.07,0,0,0,0,0,0,0,0
2026-03-27 22:37:45.543,140.829,0,-3,14,-1.94,0,0,0,0,0,0,0,0
2026-03-27 22:37:45.640,140.926,0,-3,14,6.0,0,0,0,0,0,0,0,0
2026-03-27 22:37:45.719,141.006,0,-3,13,-1.73,0,0,0,0,0,0,0,0
2026-03-27 22:37:45.832,141.118,0,-3,14,-11.65,0,0,0,0,0,0,0,0
2026-03-27 22:37:45.943,141.229,0,-3,14,-0.63,0,0,0,0,0,0,0,0
2026-03-27 22:37:46.023,141.310,0,-3,14,0.34,0,0,0,0,0,0,0,0
2026-03-27 22:37:46.184,141.470,0,-3,14,6.45,0,0,0,0,0,0,0,0
2026-03-27 22:37:46.279,141.565,0,-3,14,-8.19,0,0,0,0,0,0,0,0
2026-03-27 22:37:46.343,141.630,0,-3,14,-7.83,0,0,0,0,0,0,0,0
2026-03-27 22:37:46.487,141.773,0,-3,14,-2.08,0,0,0,0,0,0,0,0
2026-03-27 22:37:46.583,141.869,2,-3,11,-8.48,0,0,0,0,0,0,0,0
2026-03-27 22:37:46.598,141.885,0,-3,14,-8.48,0,0,0,0,0,0,0,0
2026-03-27 22:37:46.664,141.950,0,-3,11,5.91,0,0,0,0,0,0,0,0
2026-03-27 22:37:46.839,142.125,2,-3,12,5.63,0,0,0,0,0,0,0,0
2026-03-27 22:37:46.935,142.221,0,-3,14,-10.53,0,0,0,0,0,0,0,0
2026-03-27 22:37:46.999,142.285,0,-3,14,-0.1,0,0,0,0,0,0,0,0
2026-03-27 22:37:47.000,142.286,0,-3,14,-3.01,0,0,0,0,0,0,0,0
2026-03-27 22:37:47.127,142.413,0,-3,14,5.75,0,0,0,0,0,0,0,0
2026-03-27 22:37:47.143,142.429,0,-3,14,5.75,0,0,0,0,0,0,0,0
2026-03-27 22:37:47.272,142.558,0,-3,11,-11.42,0,0,0,0,0,0,0,0
2026-03-27 22:37:47.367,142.653,0,-3,14,0.48,0,0,0,0,0,0,0,0
2026-03-27 22:37:47.464,142.750,0,-3,14,6.0,0,0,0,0,0,0,0,0
2026-03-27 22:37:47.466,142.752,0,-3,14,-13.79,0,0,0,0,0,0,0,0
2026-03-27 22:37:47.575,142.862,0,-4,14,-13.79,0,0,0,0,0,0,0,0
2026-03-27 22:37:47.577,142.863,0,-3,14,-13.79,0,0,0,0,0,0,0,0
2026-03-27 22:37:47.687,142.973,0,-3,14,-2.83,0,0,0,0,0,0,0,0
2026-03-27 22:37:47.688,142.974,0,-3,14,0.22,0,0,0,0,0,0,0,0
2026-03-27 22:37:47.815,143.101,-1,-3,14,-11.02,0,0,0,0,0,0,0,0
2026-03-27 22:37:47.894,143.181,0,-3,14,-1.88,0,0,0,0,0,0,0,0
2026-03-27 22:37:47.896,143.182,2,-3,13,-1.88,0,0,0,0,0,0,0,0
2026-03-27 22:37:48.038,143.325,0,-3,14,-10.43,0,0,0,0,0,0,0,0
2026-03-27 22:37:48.040,143.326,0,-3,14,-10.43,0,0,0,0,0,0,0,0
2026-03-27 22:37:48.151,143.438,0,-3,14,-8.65,0,0,0,0,0,0,0,0
2026-03-27 22:37:48.263,143.549,0,-3,14,0.24,0,0,0,0,0,0,0,0
2026-03-27 22:37:48.406,143.693,0,-3,14,0.29,0,0,0,0,0,0,0,0
2026-03-27 22:37:48.408,143.694,0,-3,14,5.86,0,0,0,0,0,0,0,0
2026-03-27 22:37:48.487,143.773,0,-3,14,-7.94,0,0,0,0,0,0,0,0
2026-03-27 22:37:48.567,143.853,0,-3,14,1.91,0,0,0,0,0,0,0,0
2026-03-27 22:37:48.742,144.028,0,-3,14,-8.45,0,0,0,0,0,0,0,0
2026-03-27 22:37:48.758,144.045,0,-3,14,0.2,0,0,0,0,0,0,0,0
2026-03-27 22:37:48.903,144.190,0,-3,14,-9.38,0,0,0,0,0,0,0,0
2026-03-27 22:37:49.031,144.318,0,-3,14,-2.19,0,0,0,0,0,0,0,0
2026-03-27 22:37:49.079,144.365,0,-3,14,5.78,0,0,0,0,0,0,0,0
2026-03-27 22:37:49.143,144.429,0,-3,14,-10.3,0,0,0,0,0,0,0,0
2026-03-27 22:37:49.480,144.766,0,-3,14,-1.93,0,0,0,0,0,0,0,0
2026-03-27 22:37:49.543,144.829,0,-3,14,-9.78,0,0,0,0,0,0,0,0
2026-03-27 22:37:49.687,144.973,0,-3,14,0.19,0,0,0,0,0,0,0,0
2026-03-27 22:37:49.704,144.990,0,-3,14,0.19,0,0,0,0,0,0,0,0
2026-03-27 22:37:49.735,145.021,0,-3,14,0.16,0,0,0,0,0,0,0,0
2026-03-27 22:37:49.863,145.149,0,-3,14,-1.93,0,0,0,0,0,0,0,0
2026-03-27 22:37:49.943,145.230,0,-3,14,0.21,0,0,0,0,0,0,0,0
2026-03-27 22:37:50.008,145.294,0,-3,14,-9.36,0,0,0,0,0,0,0,0
2026-03-27 22:37:50.151,145.438,0,-3,14,16.9,0,0,0,0,0,0,0,0
2026-03-27 22:37:50.247,145.533,0,-3,14,0.31,0,0,0,0,0,0,0,0
2026-03-27 22:37:50.295,145.581,0,-3,14,-9.19,0,0,0,0,0,0,0,0
2026-03-27 22:37:50.551,145.837,0,-3,14,-9.74,0,0,0,0,0,0,0,0
2026-03-27 22:37:50.711,145.998,0,-3,14,5.4,0,0,0,0,0,0,0,0
2026-03-27 22:37:50.790,146.077,0,-3,14,0.33,0,0,0,0,0,0,0,0
2026-03-27 22:37:50.871,146.157,-1,-3,13,0.89,0,0,0,0,0,0,0,0
2026-03-27 22:37:50.967,146.253,0,-3,13,-10.87,0,0,0,0,0,0,0,0
2026-03-27 22:37:50.983,146.270,0,-3,14,4.99,0,0,0,0,0,0,0,0
2026-03-27 22:37:51.143,146.429,0,-3,14,-11.31,0,0,0,0,0,0,0,0
2026-03-27 22:37:51.159,146.445,0,-3,14,0,0,0,0,0,0,0,0,0
2026-03-27 22:37:51.238,146.525,0,-3,14,0.36,0,0,0,0,0,0,0,0
2026-03-27 22:37:51.240,146.526,0,-3,14,0.05,0,0,0,0,0,0,0,0
2026-03-27 22:37:51.335,146.621,0,-3,14,-7.93,0,0,0,0,0,0,0,0
2026-03-27 22:37:51.431,146.717,0,-3,14,5.34,0,0,0,0,0,0,0,0
2026-03-27 22:37:51.526,146.813,0,-3,14,6.07,0,0,0,0,0,0,0,0
2026-03-27 22:37:51.623,146.910,0,-3,14,0.22,0,0,0,0,0,0,0,0
2026-03-27 22:37:51.687,146.973,0,-3,14,6.2,0,0,0,0,0,0,0,0
2026-03-27 22:37:51.815,147.101,0,-3,14,0.33,0,0,0,0,0,0,0,0
2026-03-27 22:37:51.959,147.245,0,-3,14,-9.14,0,0,0,0,0,0,0,0
2026-03-27 22:37:51.991,147.277,0,-3,14,6.1,0,0,0,0,0,0,0,0
2026-03-27 22:37:52.135,147.421,0,-3,14,-8.8,0,0,0,0,0,0,0,0
2026-03-27 22:37:52.263,147.550,0,-3,14,-8.65,0,0,0,0,0,0,0,0
2026-03-27 22:37:52.375,147.661,0,-3,14,6.15,0,0,0,0,0,0,0,0
2026-03-27 22:37:52.439,147.725,0,-3,14,5.77,0,0,0,0,0,0,0,0
2026-03-27 22:37:52.694,147.981,0,-3,14,-1.79,0,0,0,0,0,0,0,0
2026-03-27 22:37:52.759,148.045,0,-3,14,-10.54,0,0,0,0,0,0,0,0
2026-03-27 22:37:52.760,148.046,0,-3,14,-10.54,0,0,0,0,0,0,0,0
2026-03-27 22:37:52.902,148.189,0,-3,14,0.49,0,0,0,0,0,0,0,0
2026-03-27 22:37:52.904,148.190,0,-3,14,0.49,0,0,0,0,0,0,0,0
2026-03-27 22:37:52.999,148.285,0,-3,14,-8.07,0,0,0,0,0,0,0,0
2026-03-27 22:37:53.079,148.365,0,-3,11,-9.62,0,0,0,0,0,0,0,0
2026-03-27 22:37:53.175,148.461,0,-3,14,-9.08,0,0,0,0,0,0,0,0
2026-03-27 22:37:53.303,148.589,0,-3,13,6.37,0,0,0,0,0,0,0,0
2026-03-27 22:37:53.399,148.685,0,-3,14,0.07,0,0,0,0,0,0,0,0
2026-03-27 22:37:53.510,148.797,2,-3,14,-6.95,0,0,0,0,0,0,0,0
2026-03-27 22:37:53.654,148.940,0,-3,14,0.49,0,0,0,0,0,0,0,0
2026-03-27 22:37:53.655,148.942,0,-3,14,5.54,0,0,0,0,0,0,0,0
2026-03-27 22:37:53.814,149.101,0,-3,14,-2.04,0,0,0,0,0,0,0,0
2026-03-27 22:37:53.879,149.165,0,-3,14,-1.77,0,0,0,0,0,0,0,0
2026-03-27 22:37:53.959,149.245,0,-3,14,5.97,0,0,0,0,0,0,0,0
2026-03-27 22:37:54.118,149.405,2,-3,14,-9.3,0,0,0,0,0,0,0,0
2026-03-27 22:37:54.199,149.485,0,-3,14,-2.23,0,0,0,0,0,0,0,0
2026-03-27 22:37:54.279,149.565,2,-3,14,0.45,0,0,0,0,0,0,0,0
2026-03-27 22:37:54.375,149.661,0,-3,14,0.06,0,0,0,0,0,0,0,0
2026-03-27 22:37:54.487,149.773,0,-3,14,0.14,0,0,0,0,0,0,0,0
2026-03-27 22:37:54.599,149.885,2,-3,14,-10.38,0,0,0,0,0,0,0,0
2026-03-27 22:37:54.615,149.902,2,-3,14,1.01,0,0,0,0,0,0,0,0
2026-03-27 22:37:54.711,149.997,1,-3,13,-9.77,0,0,0,0,0,0,0,0
2026-03-27 22:37:54.810,150.096,2,-3,14,0.39,0,0,0,0,0,0,0,0
2026-03-27 22:37:54.935,150.221,0,-3,14,-11.58,0,0,0,0,0,0,0,0
2026-03-27 22:37:55.046,150.332,0,-3,14,6.04,0,0,0,0,0,0,0,0
2026-03-27 22:37:55.111,150.397,2,-3,14,-8.44,0,0,0,0,0,0,0,0
2026-03-27 22:37:55.207,150.493,2,-3,14,-10.71,0,0,0,0,0,0,0,0
2026-03-27 22:37:55.350,150.636,0,-3,14,5.66,0,0,0,0,0,0,0,0
2026-03-27 22:37:55.352,150.638,0,-3,14,-11.17,0,0,0,0,0,0,0,0
2026-03-27 22:37:55.431,150.717,0,-3,14,-11.17,0,0,0,0,0,0,0,0
2026-03-27 22:37:55.559,150.845,0,-3,14,0.29,0,0,0,0,0,0,0,0
2026-03-27 22:37:55.686,150.973,-1,-4,13,-10.22,0,0,0,0,0,0,0,0
2026-03-27 22:37:55.719,151.005,0,-3,14,-2.14,0,0,0,0,0,0,0,0
2026-03-27 22:37:55.831,151.117,0,-3,14,-9.95,0,0,0,0,0,0,0,0
2026-03-27 22:37:56.022,151.309,0,-3,14,6.05,0,0,0,0,0,0,0,0
2026-03-27 22:37:56.027,151.313,0,-3,14,-8.32,0,0,0,0,0,0,0,0
2026-03-27 22:37:56.070,151.356,0,-3,14,0.17,0,0,0,0,0,0,0,0
2026-03-27 22:37:56.183,151.469,0,-3,14,-8.05,0,0,0,0,0,0,0,0
2026-03-27 22:37:56.327,151.613,0,-3,14,5.83,0,0,0,0,0,0,0,0
2026-03-27 22:37:56.390,151.677,0,-3,14,-0.25,0,0,0,0,0,0,0,0
2026-03-27 22:37:56.454,151.741,0,-3,14,-10.41,0,0,0,0,0,0,0,0
2026-03-27 22:37:56.550,151.837,0,-3,14,-1.96,0,0,0,0,0,0,0,0
2026-03-27 22:37:56.678,151.965,0,-3,14,0.49,0,0,0,0,0,0,0,0
2026-03-27 22:37:56.758,152.044,0,-3,14,6.03,0,0,0,0,0,0,0,0
2026-03-27 22:37:56.871,152.157,0,-3,14,6.04,0,0,0,0,0,0,0,0
2026-03-27 22:37:57.015,152.301,0,-3,14,-2.66,0,0,0,0,0,0,0,0
2026-03-27 22:37:57.142,152.429,0,-3,14,-7.32,0,0,0,0,0,0,0,0
2026-03-27 22:37:57.191,152.477,0,-3,14,5.87,0,0,0,0,0,0,0,0
2026-03-27 22:37:57.366,152.653,0,-3,14,-0.06,0,0,0,0,0,0,0,0
2026-03-27 22:37:57.399,152.685,0,-3,14,-1.79,0,0,0,0,0,0,0,0
2026-03-27 22:37:57.591,152.877,0,-3,14,-8.02,0,0,0,0,0,0,0,0
2026-03-27 22:37:57.654,152.941,0,-3,14,-2.12,0,0,0,0,0,0,0,0
2026-03-27 22:37:57.766,153.052,0,-3,14,-0.3,0,0,0,0,0,0,0,0
2026-03-27 22:37:57.846,153.133,0,-3,14,0.09,0,0,0,0,0,0,0,0
2026-03-27 22:37:57.863,153.149,0,-3,14,-1.98,0,0,0,0,0,0,0,0
2026-03-27 22:37:57.911,153.198,0,-3,14,-1.98,0,0,0,0,0,0,0,0
2026-03-27 22:37:58.039,153.325,0,-3,14,-1.88,0,0,0,0,0,0,0,0
2026-03-27 22:37:58.183,153.469,0,-3,14,0.29,0,0,0,0,0,0,0,0
2026-03-27 22:37:58.361,153.647,0,-3,14,5.79,0,0,0,0,0,0,0,0
2026-03-27 22:37:58.470,153.757,0,-3,14,5.79,0,0,0,0,0,0,0,0
2026-03-27 22:37:58.646,153.933,0,-3,14,1.28,0,0,0,0,0,0,0,0
2026-03-27 22:37:58.727,154.013,0,-2,14,6.37,0,0,0,0,0,0,0,0
2026-03-27 22:37:58.838,154.125,0,-3,13,-0.18,0,0,0,0,0,0,0,0
2026-03-27 22:37:58.919,154.205,0,-3,14,-7.69,0,0,0,0,0,0,0,0
2026-03-27 22:37:59.015,154.301,0,-3,13,-7.19,0,0,0,0,0,0,0,0
2026-03-27 22:37:59.158,154.445,0,-3,14,0.35,0,0,0,0,0,0,0,0
2026-03-27 22:37:59.254,154.541,0,-3,14,-2.11,0,0,0,0,0,0,0,0
2026-03-27 22:37:59.335,154.621,0,-3,13,-7.02,0,0,0,0,0,0,0,0
2026-03-27 22:37:59.655,154.941,0,-3,14,0.2,0,0,0,0,0,0,0,0
2026-03-27 22:37:59.718,155.005,0,-3,14,-8.16,0,0,0,0,0,0,0,0
2026-03-27 22:37:59.831,155.117,0,-3,14,-9.48,0,0,0,0,0,0,0,0
2026-03-27 22:37:59.958,155.245,0,-3,14,-0.25,0,0,0,0,0,0,0,0
2026-03-27 22:38:00.039,155.325,0,-3,14,-9.86,0,0,0,0,0,0,0,0
2026-03-27 22:38:00.040,155.327,0,-3,14,-9.86,0,0,0,0,0,0,0,0
2026-03-27 22:38:00.042,155.328,0,-3,14,6.03,0,0,0,0,0,0,0,0
2026-03-27 22:38:00.150,155.437,0,-3,14,6.03,0,0,0,0,0,0,0,0
2026-03-27 22:38:00.342,155.629,0,-3,14,0.38,0,0,0,0,0,0,0,0
2026-03-27 22:38:00.438,155.725,0,-3,14,-9.25,0,0,0,0,0,0,0,0
2026-03-27 22:38:00.503,155.789,0,-3,14,0.35,0,0,0,0,0,0,0,0
2026-03-27 22:38:00.599,155.885,0,-3,14,0.35,0,0,0,0,0,0,0,0
2026-03-27 22:38:00.695,155.981,0,-3,14,-8.07,0,0,0,0,0,0,0,0
2026-03-27 22:38:00.807,156.093,0,-3,14,-1.88,0,0,0,0,0,0,0,0
2026-03-27 22:38:00.870,156.157,0,-3,13,-10.69,0,0,0,0,0,0,0,0
2026-03-27 22:38:01.014,156.300,0,-3,14,0.3,0,0,0,0,0,0,0,0
2026-03-27 22:38:01.126,156.412,0,-3,11,-10.97,0,0,0,0,0,0,0,0
2026-03-27 22:38:01.239,156.525,0,-3,14,-9.03,0,0,0,0,0,0,0,0
2026-03-27 22:38:01.255,156.542,0,-4,14,0.68,0,0,0,0,0,0,0,0
2026-03-27 22:38:01.318,156.605,0,-3,14,0.68,0,0,0,0,0,0,0,0
2026-03-27 22:38:01.350,156.636,0,-3,14,-8.91,0,0,0,0,0,0,0,0
2026-03-27 22:38:01.510,156.796,0,-3,14,-7.86,0,0,0,0,0,0,0,0
2026-03-27 22:38:01.558,156.844,0,-3,14,-9.63,0,0,0,0,0,0,0,0
2026-03-27 22:38:01.670,156.957,0,-3,14,-0.0,0,0,0,0,0,0,0,0
2026-03-27 22:38:01.814,157.101,0,-3,14,-7.6,0,0,0,0,0,0,0,0
2026-03-27 22:38:01.941,157.228,0,-3,14,-7.27,0,0,0,0,0,0,0,0
2026-03-27 22:38:01.943,157.229,0,-3,14,-7.27,0,0,0,0,0,0,0,0
2026-03-27 22:38:02.022,157.308,0,-3,14,0.18,0,0,0,0,0,0,0,0
2026-03-27 22:38:02.166,157.452,0,-3,14,-8.59,0,0,0,0,0,0,0,0
2026-03-27 22:38:02.214,157.501,0,-3,14,-2.07,0,0,0,0,0,0,0,0
2026-03-27 22:38:02.310,157.597,0,-2,14,15.35,0,0,0,0,0,0,0,0
2026-03-27 22:38:02.423,157.709,0,-3,11,-13.27,0,0,0,0,0,0,0,0
2026-03-27 22:38:02.519,157.805,0,-3,14,0.02,0,0,0,0,0,0,0,0
2026-03-27 22:38:02.615,157.901,0,-3,14,-1.9,0,0,0,0,0,0,0,0
2026-03-27 22:38:02.695,157.981,0,-3,14,-11.76,0,0,0,0,0,0,0,0
2026-03-27 22:38:02.791,158.077,0,-3,14,6.15,0,0,0,0,0,0,0,0
2026-03-27 22:38:02.951,158.237,0,-3,14,0.43,0,0,0,0,0,0,0,0
2026-03-27 22:38:03.014,158.300,0,-3,14,-8.55,0,0,0,0,0,0,0,0
2026-03-27 22:38:03.126,158.413,0,-3,14,6.08,0,0,0,0,0,0,0,0
2026-03-27 22:38:03.207,158.493,0,-3,14,-9.55,0,0,0,0,0,0,0,0
2026-03-27 22:38:03.255,158.541,0,-3,14,0.13,0,0,0,0,0,0,0,0
2026-03-27 22:38:03.351,158.637,0,-3,14,-9.39,0,0,0,0,0,0,0,0
2026-03-27 22:38:03.430,158.716,0,-2,14,0.26,0,0,0,0,0,0,0,0
2026-03-27 22:38:03.526,158.812,0,-3,14,-2.06,0,0,0,0,0,0,0,0
2026-03-27 22:38:03.623,158.909,0,-3,14,5.84,0,0,0,0,0,0,0,0
2026-03-27 22:38:03.750,159.037,0,-3,14,-8.09,0,0,0,0,0,0,0,0
2026-03-27 22:38:03.846,159.132,0,-3,14,-11.1,0,0,0,0,0,0,0,0
2026-03-27 22:38:03.975,159.261,-1,-3,14,0.15,0,0,0,0,0,0,0,0
2026-03-27 22:38:04.054,159.341,0,-3,14,-10.8,0,0,0,0,0,0,0,0
2026-03-27 22:38:04.151,159.437,0,-2,14,-10.04,0,0,0,0,0,0,0,0
2026-03-27 22:38:04.246,159.532,0,-3,14,-6.06,0,0,0,0,0,0,0,0
2026-03-27 22:38:04.374,159.660,0,-3,14,0.38,0,0,0,0,0,0,0,0
2026-03-27 22:38:04.550,159.836,0,-3,14,-10.76,0,0,0,0,0,0,0,0
2026-03-27 22:38:04.568,159.854,0,-3,14,6.26,0,0,0,0,0,0,0,0
2026-03-27 22:38:04.694,159.980,0,-3,14,0.28,0,0,0,0,0,0,0,0
2026-03-27 22:38:04.774,160.060,0,-3,14,-1.95,0,0,0,0,0,0,0,0
2026-03-27 22:38:04.838,160.124,0,-3,14,-9.47,0,0,0,0,0,0,0,0
2026-03-27 22:38:04.934,160.220,0,-3,13,5.96,0,0,0,0,0,0,0,0
2026-03-27 22:38:05.030,160.317,0,-3,14,-0.01,0,0,0,0,0,0,0,0
2026-03-27 22:38:05.110,160.396,0,-3,14,-4.04,0,0,0,0,0,0,0,0
2026-03-27 22:38:05.238,160.524,0,-3,14,-1.85,0,0,0,0,0,0,0,0
2026-03-27 22:38:05.239,160.526,0,-3,14,0.55,0,0,0,0,0,0,0,0
2026-03-27 22:38:05.318,160.605,0,-3,14,-2.3,0,0,0,0,0,0,0,0
2026-03-27 22:38:05.383,160.669,0,-3,14,5.97,0,0,0,0,0,0,0,0
2026-03-27 22:38:05.479,160.765,0,-3,14,-11.78,0,0,0,0,0,0,0,0
2026-03-27 22:38:05.590,160.877,0,-3,14,5.58,0,0,0,0,0,0,0,0
2026-03-27 22:38:05.702,160.988,0,-3,14,-8.72,0,0,0,0,0,0,0,0
2026-03-27 22:38:05.704,160.990,0,-3,14,6.14,0,0,0,0,0,0,0,0
2026-03-27 22:38:05.831,161.117,0,-3,13,6.14,0,0,0,0,0,0,0,0
2026-03-27 22:38:05.911,161.197,0,-3,14,40.15,0,0,0,0,0,0,0,0
2026-03-27 22:38:06.023,161.309,0,-3,14,-8.41,0,0,0,0,0,0,0,0
2026-03-27 22:38:06.086,161.372,0,-3,14,6.29,0,0,0,0,0,0,0,0
2026-03-27 22:38:06.088,161.374,0,-3,14,6.29,0,0,0,0,0,0,0,0
2026-03-27 22:38:06.166,161.452,0,-3,14,-8.95,0,0,0,0,0,0,0,0
2026-03-27 22:38:06.311,161.597,0,-3,14,1.18,0,0,0,0,0,0,0,0
2026-03-27 22:38:06.328,161.614,0,-3,14,1.18,0,0,0,0,0,0,0,0
2026-03-27 22:38:06.406,161.692,0,-3,14,-11.14,0,0,0,0,0,0,0,0
2026-03-27 22:38:06.549,161.836,0,-3,14,6.13,0,0,0,0,0,0,0,0
2026-03-27 22:38:06.710,161.996,0,-3,14,0.27,0,0,0,0,0,0,0,0
2026-03-27 22:38:06.773,162.060,0,-3,14,-8.17,0,0,0,0,0,0,0,0
2026-03-27 22:38:06.902,162.188,0,-3,14,-7.98,0,0,0,0,0,0,0,0
2026-03-27 22:38:07.046,162.332,0,-3,14,4.26,0,0,0,0,0,0,0,0
2026-03-27 22:38:07.126,162.412,0,-3,13,0.24,0,0,0,0,0,0,0,0
2026-03-27 22:38:07.175,162.461,0,-3,14,-10.51,0,0,0,0,0,0,0,0
2026-03-27 22:38:07.286,162.572,0,-3,14,6.32,0,0,0,0,0,0,0,0
2026-03-27 22:38:07.302,162.588,0,-2,14,0.27,0,0,0,0,0,0,0,0
2026-03-27 22:38:07.606,162.892,0,-3,14,-0.04,0,0,0,0,0,0,0,0
2026-03-27 22:38:07.607,162.894,0,-3,14,-0.04,0,0,0,0,0,0,0,0
2026-03-27 22:38:07.654,162.941,0,-3,14,-2.74,0,0,0,0,0,0,0,0
2026-03-27 22:38:07.750,163.036,0,-3,14,-2.23,0,0,0,0,0,0,0,0
2026-03-27 22:38:07.862,163.149,0,-3,14,-12.94,0,0,0,0,0,0,0,0
2026-03-27 22:38:07.958,163.244,-1,-3,14,5.44,0,0,0,0,0,0,0,0
2026-03-27 22:38:08.102,163.388,0,-3,14,-11.15,0,0,0,0,0,0,0,0
2026-03-27 22:38:08.182,163.468,0,-3,14,-10.46,0,0,0,0,0,0,0,0
2026-03-27 22:38:08.214,163.500,0,-3,14,1.68,0,0,0,0,0,0,0,0
2026-03-27 22:38:08.390,163.676,0,-3,13,-1.94,0,0,0,0,0,0,0,0
2026-03-27 22:38:08.534,163.821,0,-3,14,6.02,0,0,0,0,0,0,0,0
2026-03-27 22:38:08.582,163.869,0,-3,14,6.21,0,0,0,0,0,0,0,0
2026-03-27 22:38:08.630,163.916,0,-3,14,-1.86,0,0,0,0,0,0,0,0
2026-03-27 22:38:08.647,163.933,0,-3,14,0.33,0,0,0,0,0,0,0,0
2026-03-27 22:38:08.774,164.061,0,-3,14,0.36,0,0,0,0,0,0,0,0
2026-03-27 22:38:08.776,164.062,0,-3,14,-13.27,0,0,0,0,0,0,0,0
2026-03-27 22:38:08.918,164.204,-1,-3,13,0.34,0,0,0,0,0,0,0,0
2026-03-27 22:38:08.919,164.206,0,-3,14,0.34,0,0,0,0,0,0,0,0
2026-03-27 22:38:09.030,164.316,0,-3,14,1.61,0,0,0,0,0,0,0,0
2026-03-27 22:38:09.032,164.319,0,-3,14,-1.92,0,0,0,0,0,0,0,0
2026-03-27 22:38:09.126,164.412,0,-3,14,6.18,0,0,0,0,0,0,0,0
2026-03-27 22:38:09.190,164.477,0,-3,14,6.14,0,0,0,0,0,0,0,0
2026-03-27 22:38:09.286,164.572,0,-3,14,9.21,0,0,0,0,0,0,0,0
2026-03-27 22:38:09.430,164.716,0,-3,14,0.01,0,0,0,0,0,0,0,0
2026-03-27 22:38:09.462,164.748,0,-3,14,17.54,0,0,0,0,0,0,0,0
2026-03-27 22:38:09.558,164.844,0,-3,14,1.68,0,0,0,0,0,0,0,0
2026-03-27 22:38:09.670,164.956,0,-3,14,-10.84,0,0,0,0,0,0,0,0
2026-03-27 22:38:09.687,164.973,0,-2,14,-2.17,0,0,0,0,0,0,0,0
2026-03-27 22:38:09.830,165.117,0,-3,14,-2.17,0,0,0,0,0,0,0,0
2026-03-27 22:38:09.910,165.196,0,-3,14,0.25,0,0,0,0,0,0,0,0
2026-03-27 22:38:09.958,165.245,0,-3,14,-0.85,0,0,0,0,0,0,0,0
2026-03-27 22:38:09.960,165.247,0,-3,14,-0.85,0,0,0,0,0,0,0,0
2026-03-27 22:38:10.150,165.436,0,-3,14,-9.74,0,0,0,0,0,0,0,0
2026-03-27 22:38:10.246,165.532,0,-3,11,-7.35,0,0,0,0,0,0,0,0
2026-03-27 22:38:10.358,165.644,0,-3,14,-0.84,0,0,0,0,0,0,0,0
2026-03-27 22:38:10.438,165.725,0,-3,14,1.51,0,0,0,0,0,0,0,0
2026-03-27 22:38:10.517,165.803,0,-3,14,-6.13,0,0,0,0,0,0,0,0
2026-03-27 22:38:10.518,165.805,0,-3,14,-6.13,0,0,0,0,0,0,0,0
2026-03-27 22:38:10.678,165.965,0,-3,14,-9.98,0,0,0,0,0,0,0,0
2026-03-27 22:38:10.726,166.012,0,-3,14,5.82,0,0,0,0,0,0,0,0
2026-03-27 22:38:10.838,166.124,0,-3,14,-2.27,0,0,0,0,0,0,0,0
2026-03-27 22:38:10.934,166.221,0,-3,14,-9.26,0,0,0,0,0,0,0,0
2026-03-27 22:38:11.046,166.332,0,-3,14,-1.85,0,0,0,0,0,0,0,0
2026-03-27 22:38:11.047,166.334,0,-3,14,-1.85,0,0,0,0,0,0,0,0
2026-03-27 22:38:11.158,166.444,0,-3,14,-1.94,0,0,0,0,0,0,0,0
2026-03-27 22:38:11.254,166.540,0,-3,14,6.51,0,0,0,0,0,0,0,0
2026-03-27 22:38:11.366,166.653,0,-3,14,0.07,0,0,0,0,0,0,0,0
2026-03-27 22:38:11.462,166.749,0,-3,14,-3.11,0,0,0,0,0,0,0,0
2026-03-27 22:38:11.574,166.860,0,-3,14,-0.14,0,0,0,0,0,0,0,0
2026-03-27 22:38:11.576,166.863,0,-2,14,5.9,0,0,0,0,0,0,0,0
2026-03-27 22:38:11.719,167.005,0,-3,14,-11.39,0,0,0,0,0,0,0,0
2026-03-27 22:38:11.814,167.101,0,-3,14,0.32,0,0,0,0,0,0,0,0
2026-03-27 22:38:11.926,167.212,0,-3,14,6.3,0,0,0,0,0,0,0,0
2026-03-27 22:38:12.054,167.340,0,-3,14,-1.89,0,0,0,0,0,0,0,0
2026-03-27 22:38:12.390,167.676,0,-3,14,-0.04,0,0,0,0,0,0,0,0
2026-03-27 22:38:12.422,167.709,0,-3,14,0.31,0,0,0,0,0,0,0,0
2026-03-27 22:38:12.822,168.108,0,-3,14,5.59,0,0,0,0,0,0,0,0
2026-03-27 22:38:12.918,168.204,0,-3,14,5.12,0,0,0,0,0,0,0,0
2026-03-27 22:38:12.981,168.268,0,-3,14,0.27,0,0,0,0,0,0,0,0
2026-03-27 22:38:13.094,168.380,0,-3,14,-1.99,0,0,0,0,0,0,0,0
2026-03-27 22:38:13.238,168.524,0,-3,14,-1.9,0,0,0,0,0,0,0,0
2026-03-27 22:38:13.301,168.587,0,-3,14,0.47,0,0,0,0,0,0,0,0
2026-03-27 22:38:13.302,168.589,0,-3,14,-1.71,0,0,0,0,0,0,0,0
2026-03-27 22:38:13.445,168.732,0,-3,14,0.44,0,0,0,0,0,0,0,0
2026-03-27 22:38:13.526,168.812,0,-3,14,6.25,0,0,0,0,0,0,0,0
2026-03-27 22:38:13.574,168.860,0,-3,14,0.13,0,0,0,0,0,0,0,0
2026-03-27 22:38:13.750,169.036,0,-3,14,-10.43,0,0,0,0,0,0,0,0
2026-03-27 22:38:13.797,169.083,0,-3,14,6.06,0,0,0,0,0,0,0,0
2026-03-27 22:38:13.799,169.085,0,-3,14,6.06,0,0,0,0,0,0,0,0
2026-03-27 22:38:13.942,169.229,0,-3,14,0.38,0,0,0,0,0,0,0,0
2026-03-27 22:38:14.005,169.291,0,-2,14,5.52,0,0,0,0,0,0,0,0
2026-03-27 22:38:14.053,169.340,0,-3,14,-0.46,0,0,0,0,0,0,0,0
2026-03-27 22:38:14.182,169.468,0,-3,14,0.22,0,0,0,0,0,0,0,0
2026-03-27 22:38:14.326,169.612,0,-3,14,6.35,0,0,0,0,0,0,0,0
2026-03-27 22:38:14.486,169.772,0,-3,14,-8.96,0,0,0,0,0,0,0,0
2026-03-27 22:38:14.502,169.788,0,-3,14,5.2,0,0,0,0,0,0,0,0
2026-03-27 22:38:14.694,169.980,0,-3,14,0.49,0,0,0,0,0,0,0,0
2026-03-27 22:38:14.822,170.108,0,-3,14,-8.66,0,0,0,0,0,0,0,0
2026-03-27 22:38:14.934,170.220,0,-3,14,5.73,0,0,0,0,0,0,0,0
2026-03-27 22:38:14.981,170.268,0,-2,14,0.33,0,0,0,0,0,0,0,0
2026-03-27 22:38:15.158,170.444,0,-3,14,-7.07,0,0,0,0,0,0,0,0
2026-03-27 22:38:15.221,170.508,0,-3,14,-2.33,0,0,0,0,0,0,0,0
2026-03-27 22:38:15.350,170.636,0,-3,14,-0.26,0,0,0,0,0,0,0,0
2026-03-27 22:38:15.477,170.764,0,-3,14,-9.06,0,0,0,0,0,0,0,0
2026-03-27 22:38:15.590,170.876,0,-3,14,-0.08,0,0,0,0,0,0,0,0
2026-03-27 22:38:15.606,170.893,0,-3,14,0.25,0,0,0,0,0,0,0,0
2026-03-27 22:38:15.718,171.004,0,-3,14,-2.31,0,0,0,0,0,0,0,0
2026-03-27 22:38:15.765,171.052,0,-3,14,-8.56,0,0,0,0,0,0,0,0
2026-03-27 22:38:15.925,171.212,0,-3,14,6.28,0,0,0,0,0,0,0,0
2026-03-27 22:38:16.054,171.340,0,-3,14,-8.51,0,0,0,0,0,0,0,0
2026-03-27 22:38:16.133,171.420,0,-3,14,0.41,0,0,0,0,0,0,0,0
2026-03-27 22:38:16.229,171.516,0,-3,13,-9.41,0,0,0,0,0,0,0,0
2026-03-27 22:38:16.374,171.661,0,-3,14,-7.73,0,0,0,0,0,0,0,0
2026-03-27 22:38:16.485,171.772,0,-3,14,5.81,0,0,0,0,0,0,0,0
2026-03-27 22:38:16.565,171.852,0,-3,14,0.35,0,0,0,0,0,0,0,0
2026-03-27 22:38:16.661,171.948,0,-3,14,-3.37,0,0,0,0,0,0,0,0
2026-03-27 22:38:16.789,172.076,0,-3,14,-10.58,0,0,0,0,0,0,0,0
2026-03-27 22:38:16.792,172.078,0,-3,14,-8.7,0,0,0,0,0,0,0,0
2026-03-27 22:38:16.838,172.124,0,-3,14,-8.7,0,0,0,0,0,0,0,0
2026-03-27 22:38:17.030,172.316,0,-3,14,-7.29,0,0,0,0,0,0,0,0
2026-03-27 22:38:17.061,172.348,0,-3,14,6.15,0,0,0,0,0,0,0,0
2026-03-27 22:38:17.221,172.508,0,-3,14,0.43,0,0,0,0,0,0,0,0
2026-03-27 22:38:17.285,172.571,0,-3,13,0.31,0,0,0,0,0,0,0,0
2026-03-27 22:38:17.287,172.574,0,-3,14,-11.97,0,0,0,0,0,0,0,0
2026-03-27 22:38:17.430,172.716,0,-3,14,-11.97,0,0,0,0,0,0,0,0
2026-03-27 22:38:17.509,172.796,0,-3,14,-0.16,0,0,0,0,0,0,0,0
2026-03-27 22:38:17.654,172.940,0,-3,13,-9.09,0,0,0,0,0,0,0,0
2026-03-27 22:38:17.750,173.036,0,-3,14,-10.06,0,0,0,0,0,0,0,0
2026-03-27 22:38:17.862,173.148,0,-3,14,-1.95,0,0,0,0,0,0,0,0
2026-03-27 22:38:17.958,173.244,0,-3,14,-9.82,0,0,0,0,0,0,0,0
2026-03-27 22:38:18.070,173.356,0,-3,14,0.22,0,0,0,0,0,0,0,0
2026-03-27 22:38:18.245,173.531,0,-3,14,-7.69,0,0,0,0,0,0,0,0
2026-03-27 22:38:18.341,173.627,0,-3,14,6.08,0,0,0,0,0,0,0,0
2026-03-27 22:38:18.438,173.724,0,-3,14,0.38,0,0,0,0,0,0,0,0
2026-03-27 22:38:18.565,173.852,0,-3,14,-7.24,0,0,0,0,0,0,0,0
2026-03-27 22:38:18.662,173.948,0,-3,14,-1.99,0,0,0,0,0,0,0,0
2026-03-27 22:38:18.820,174.107,0,-3,14,-0.0,0,0,0,0,0,0,0,0
2026-03-27 22:38:18.933,174.220,0,-3,14,-2.79,0,0,0,0,0,0,0,0
2026-03-27 22:38:19.046,174.332,0,-3,14,5.27,0,0,0,0,0,0,0,0
2026-03-27 22:38:19.093,174.380,0,-3,14,17.1,0,0,0,0,0,0,0,0
2026-03-27 22:38:19.096,174.382,0,-3,14,0.45,0,0,0,0,0,0,0,0
2026-03-27 22:38:19.190,174.476,0,-3,14,0.28,0,0,0,0,0,0,0,0
2026-03-27 22:38:19.349,174.635,0,-3,14,-8.58,0,0,0,0,0,0,0,0
2026-03-27 22:38:19.397,174.683,0,-3,14,-8.35,0,0,0,0,0,0,0,0
2026-03-27 22:38:19.557,174.843,0,-3,14,-9.65,0,0,0,0,0,0,0,0
2026-03-27 22:38:19.621,174.908,0,-3,14,0.35,0,0,0,0,0,0,0,0
2026-03-27 22:38:19.733,175.020,0,-3,14,-8.05,0,0,0,0,0,0,0,0
2026-03-27 22:38:19.829,175.115,0,-3,14,-1.86,0,0,0,0,0,0,0,0
2026-03-27 22:38:19.973,175.260,0,-3,14,6.08,0,0,0,0,0,0,0,0
2026-03-27 22:38:20.069,175.355,0,-3,14,-11.45,0,0,0,0,0,0,0,0
2026-03-27 22:38:20.213,175.499,0,-3,14,5.87,0,0,0,0,0,0,0,0
2026-03-27 22:38:20.214,175.500,0,-3,14,5.87,0,0,0,0,0,0,0,0
2026-03-27 22:38:20.215,175.502,0,-3,14,-1.8,0,0,0,0,0,0,0,0
2026-03-27 22:38:20.245,175.532,0,-3,14,0.21,0,0,0,0,0,0,0,0
2026-03-27 22:38:20.390,175.676,0,-3,14,-10.75,0,0,0,0,0,0,0,0
2026-03-27 22:38:20.437,175.724,0,-3,14,6.13,0,0,0,0,0,0,0,0
2026-03-27 22:38:20.630,175.916,0,-3,14,0.19,0,0,0,0,0,0,0,0
2026-03-27 22:38:20.741,176.028,0,-3,14,-10.3,0,0,0,0,0,0,0,0
2026-03-27 22:38:20.837,176.123,0,-3,14,0.45,0,0,0,0,0,0,0,0
2026-03-27 22:38:20.933,176.219,0,-3,14,-7.73,0,0,0,0,0,0,0,0
2026-03-27 22:38:21.029,176.315,0,-3,14,0.42,0,0,0,0,0,0,0,0
2026-03-27 22:38:21.109,176.395,0,-3,14,-1.89,0,0,0,0,0,0,0,0
2026-03-27 22:38:21.205,176.491,0,-3,14,0.15,0,0,0,0,0,0,0,0
2026-03-27 22:38:21.269,176.555,0,-3,14,-8.06,0,0,0,0,0,0,0,0
2026-03-27 22:38:21.461,176.748,0,-3,14,0.3,0,0,0,0,0,0,0,0
2026-03-27 22:38:21.525,176.811,0,-3,14,0.2,0,0,0,0,0,0,0,0
2026-03-27 22:38:21.701,176.988,0,-3,14,6.19,0,0,0,0,0,0,0,0
2026-03-27 22:38:21.813,177.100,0,-3,14,-8.04,0,0,0,0,0,0,0,0
2026-03-27 22:38:21.925,177.212,0,-3,14,-8.04,0,0,0,0,0,0,0,0
2026-03-27 22:38:22.021,177.308,0,-2,14,-9.92,0,0,0,0,0,0,0,0
2026-03-27 22:38:22.165,177.451,0,-3,14,0.37,0,0,0,0,0,0,0,0
2026-03-27 22:38:22.245,177.532,0,-3,14,2.17,0,0,0,0,0,0,0,0
2026-03-27 22:38:22.405,177.691,0,-3,14,5.8,0,0,0,0,0,0,0,0
2026-03-27 22:38:22.406,177.693,0,-3,14,5.8,0,0,0,0,0,0,0,0
2026-03-27 22:38:22.408,177.694,0,-3,14,1.74,0,0,0,0,0,0,0,0
2026-03-27 22:38:22.485,177.771,0,-3,14,1.74,0,0,0,0,0,0,0,0
2026-03-27 22:38:22.629,177.915,0,-3,14,0.24,0,0,0,0,0,0,0,0
2026-03-27 22:38:22.741,178.027,0,-3,14,6.38,0,0,0,0,0,0,0,0
2026-03-27 22:38:22.854,178.140,0,-3,14,-9.31,0,0,0,0,0,0,0,0
2026-03-27 22:38:22.965,178.252,0,-3,14,-10.52,0,0,0,0,0,0,0,0
2026-03-27 22:38:23.093,178.379,0,-3,14,5.91,0,0,0,0,0,0,0,0
2026-03-27 22:38:23.109,178.395,0,-3,14,5.91,0,0,0,0,0,0,0,0
2026-03-27 22:38:23.112,178.398,0,-3,14,6.11,0,0,0,0,0,0,0,0
2026-03-27 22:38:23.285,178.571,0,-3,14,0.22,0,0,0,0,0,0,0,0
2026-03-27 22:38:23.397,178.683,0,-3,14,-1.24,0,0,0,0,0,0,0,0
2026-03-27 22:38:23.477,178.763,0,-3,14,-0.46,0,0,0,0,0,0,0,0
2026-03-27 22:38:23.557,178.843,0,-3,14,-2.72,0,0,0,0,0,0,0,0
2026-03-27 22:38:23.670,178.956,0,-3,14,0.25,0,0,0,0,0,0,0,0
2026-03-27 22:38:23.781,179.067,0,-3,14,5.82,0,0,0,0,0,0,0,0
2026-03-27 22:38:23.829,179.116,0,-3,14,-8.81,0,0,0,0,0,0,0,0
2026-03-27 22:38:23.957,179.243,0,-3,14,-10.33,0,0,0,0,0,0,0,0
2026-03-27 22:38:23.960,179.246,0,-3,14,0.29,0,0,0,0,0,0,0,0
2026-03-27 22:38:24.054,179.340,0,-3,14,0.34,0,0,0,0,0,0,0,0
2026-03-27 22:38:24.133,179.419,0,-3,14,-8.73,0,0,0,0,0,0,0,0
2026-03-27 22:38:24.341,179.628,0,-3,14,0.51,0,0,0,0,0,0,0,0
2026-03-27 22:38:24.438,179.724,0,-3,14,6.2,0,0,0,0,0,0,0,0
2026-03-27 22:38:24.501,179.787,0,-3,14,-1.7,0,0,0,0,0,0,0,0
2026-03-27 22:38:24.629,179.915,0,-3,14,-0.67,0,0,0,0,0,0,0,0
2026-03-27 22:38:24.725,180.011,0,-3,14,-1.94,0,0,0,0,0,0,0,0
2026-03-27 22:38:24.870,180.156,0,-3,14,0.11,0,0,0,0,0,0,0,0
2026-03-27 22:38:24.917,180.203,0,-3,14,0.31,0,0,0,0,0,0,0,0
2026-03-27 22:38:25.077,180.363,0,-3,14,-10.39,0,0,0,0,0,0,0,0
2026-03-27 22:38:25.142,180.428,0,-3,14,-0.45,0,0,0,0,0,0,0,0
2026-03-27 22:38:25.301,180.587,0,-3,14,-10.59,0,0,0,0,0,0,0,0
2026-03-27 22:38:25.318,180.604,0,-3,14,6.52,0,0,0,0,0,0,0,0
2026-03-27 22:38:25.365,180.652,0,-3,14,6.52,0,0,0,0,0,0,0,0
2026-03-27 22:38:25.461,180.747,0,-3,14,-11.24,0,0,0,0,0,0,0,0
2026-03-27 22:38:25.589,180.876,0,-3,14,0.24,0,0,0,0,0,0,0,0
2026-03-27 22:38:25.637,180.924,0,-3,14,-8.19,0,0,0,0,0,0,0,0
2026-03-27 22:38:25.781,181.068,0,-3,14,-1.89,0,0,0,0,0,0,0,0
2026-03-27 22:38:25.877,181.163,0,-3,14,0.26,0,0,0,0,0,0,0,0
2026-03-27 22:38:26.021,181.307,0,-3,14,-9.23,0,0,0,0,0,0,0,0
2026-03-27 22:38:26.101,181.387,0,-3,14,6.44,0,0,0,0,0,0,0,0
2026-03-27 22:38:26.119,181.405,0,-3,14,-11.52,0,0,0,0,0,0,0,0
2026-03-27 22:38:26.214,181.500,0,-3,14,-0.25,0,0,0,0,0,0,0,0
2026-03-27 22:38:26.245,181.531,0,-3,14,-6.67,0,0,0,0,0,0,0,0
2026-03-27 22:38:26.373,181.659,0,-3,14,0.02,0,0,0,0,0,0,0,0
2026-03-27 22:38:26.517,181.803,0,-3,14,-8.04,0,0,0,0,0,0,0,0
2026-03-27 22:38:26.565,181.851,0,-3,14,-1.89,0,0,0,0,0,0,0,0
2026-03-27 22:38:26.676,181.963,0,-3,14,0.41,0,0,0,0,0,0,0,0
2026-03-27 22:38:26.789,182.075,0,-3,14,-9.55,0,0,0,0,0,0,0,0
2026-03-27 22:38:26.837,182.123,0,-3,14,-1.88,0,0,0,0,0,0,0,0
2026-03-27 22:38:26.981,182.267,0,-3,14,-10.72,0,0,0,0,0,0,0,0
2026-03-27 22:38:26.982,182.268,-1,-3,14,-10.72,0,0,0,0,0,0,0,0
2026-03-27 22:38:27.093,182.379,0,-3,11,-1.92,0,0,0,0,0,0,0,0
2026-03-27 22:38:27.094,182.381,0,-3,11,-1.92,0,0,0,0,0,0,0,0
2026-03-27 22:38:27.317,182.603,0,-3,14,6.0,0,0,0,0,0,0,0,0
2026-03-27 22:38:27.412,182.699,0,-3,14,0.27,0,0,0,0,0,0,0,0
2026-03-27 22:38:27.509,182.795,0,-3,14,-10.81,0,0,0,0,0,0,0,0
2026-03-27 22:38:27.637,182.924,0,-3,14,5.84,0,0,0,0,0,0,0,0
2026-03-27 22:38:27.701,182.987,0,-3,14,1.39,0,0,0,0,0,0,0,0
2026-03-27 22:38:27.845,183.131,0,-3,14,-9.08,0,0,0,0,0,0,0,0
2026-03-27 22:38:27.973,183.259,0,-3,14,-8.53,0,0,0,0,0,0,0,0
2026-03-27 22:38:27.974,183.260,0,-3,14,-8.53,0,0,0,0,0,0,0,0
2026-03-27 22:38:28.021,183.307,0,-3,11,-10.32,0,0,0,0,0,0,0,0
2026-03-27 22:38:28.116,183.403,0,-3,14,0.27,0,0,0,0,0,0,0,0
2026-03-27 22:38:28.213,183.500,0,-3,14,-1.91,0,0,0,0,0,0,0,0
2026-03-27 22:38:28.229,183.515,0,-3,14,0.21,0,0,0,0,0,0,0,0
2026-03-27 22:38:28.325,183.611,0,-3,14,0.21,0,0,0,0,0,0,0,0
2026-03-27 22:38:28.453,183.739,0,-3,14,-9.83,0,0,0,0,0,0,0,0
2026-03-27 22:38:28.533,183.820,0,-3,14,5.42,0,0,0,0,0,0,0,0
2026-03-27 22:38:28.677,183.963,0,-3,14,-7.48,0,0,0,0,0,0,0,0
2026-03-27 22:38:28.679,183.965,0,-3,14,-2.12,0,0,0,0,0,0,0,0
2026-03-27 22:38:28.853,184.140,0,-3,14,0.33,0,0,0,0,0,0,0,0
2026-03-27 22:38:28.965,184.251,0,-3,14,-10.8,0,0,0,0,0,0,0,0
2026-03-27 22:38:29.061,184.347,0,-3,14,0.22,0,0,0,0,0,0,0,0
2026-03-27 22:38:29.141,184.427,0,-3,14,-8.8,0,0,0,0,0,0,0,0
2026-03-27 22:38:29.269,184.555,0,-3,14,-1.82,0,0,0,0,0,0,0,0
2026-03-27 22:38:29.413,184.699,0,-3,14,-11.73,0,0,0,0,0,0,0,0
2026-03-27 22:38:29.477,184.763,0,-3,14,0.17,0,0,0,0,0,0,0,0
2026-03-27 22:38:29.573,184.859,0,-3,14,-0.09,0,0,0,0,0,0,0,0
2026-03-27 22:38:29.589,184.875,0,-3,14,5.7,0,0,0,0,0,0,0,0
2026-03-27 22:38:29.893,185.180,0,-3,13,0.37,0,0,0,0,0,0,0,0
2026-03-27 22:38:29.973,185.259,0,-3,14,-2.13,0,0,0,0,0,0,0,0
2026-03-27 22:38:30.085,185.371,0,-3,14,5.63,0,0,0,0,0,0,0,0
2026-03-27 22:38:30.245,185.531,0,-3,14,0.37,0,0,0,0,0,0,0,0
2026-03-27 22:38:30.293,185.579,0,-3,14,-9.46,0,0,0,0,0,0,0,0
2026-03-27 22:38:30.389,185.675,0,-3,14,5.81,0,0,0,0,0,0,0,0
2026-03-27 22:38:30.453,185.740,0,-3,14,-10.26,0,0,0,0,0,0,0,0
2026-03-27 22:38:30.565,185.851,0,-3,14,-10.51,0,0,0,0,0,0,0,0
2026-03-27 22:38:30.677,185.964,0,-3,14,-0.08,0,0,0,0,0,0,0,0
2026-03-27 22:38:30.773,186.059,0,-3,14,0.36,0,0,0,0,0,0,0,0
2026-03-27 22:38:30.917,186.204,0,-3,14,-1.92,0,0,0,0,0,0,0,0
2026-03-27 22:38:31.013,186.299,0,-3,14,6.21,0,0,0,0,0,0,0,0
2026-03-27 22:38:31.125,186.411,0,-3,13,0.41,0,0,0,0,0,0,0,0
2026-03-27 22:38:31.189,186.475,0,-3,13,-2.46,0,0,0,0,0,0,0,0
2026-03-27 22:38:31.381,186.667,0,-3,14,-1.92,0,0,0,0,0,0,0,0
2026-03-27 22:38:31.460,186.747,0,-3,14,0.04,0,0,0,0,0,0,0,0
2026-03-27 22:38:31.525,186.812,0,-3,14,11.64,0,0,0,0,0,0,0,0
2026-03-27 22:38:31.557,186.843,0,-3,14,-7.0,0,0,0,0,0,0,0,0
2026-03-27 22:38:31.669,186.956,0,-3,14,5.25,0,0,0,0,0,0,0,0
2026-03-27 22:38:31.813,187.100,0,-3,14,1.28,0,0,0,0,0,0,0,0
2026-03-27 22:38:31.910,187.196,0,-3,12,1.24,0,0,0,0,0,0,0,0
2026-03-27 22:38:32.085,187.371,-1,-3,14,5.21,0,0,0,0,0,0,0,0
2026-03-27 22:38:32.165,187.451,0,-3,14,5.81,0,0,0,0,0,0,0,0
2026-03-27 22:38:32.293,187.580,0,-3,14,5.41,0,0,0,0,0,0,0,0
2026-03-27 22:38:32.388,187.675,0,-3,13,-1.76,0,0,0,0,0,0,0,0
2026-03-27 22:38:32.485,187.771,0,-3,14,-12.33,0,0,0,0,0,0,0,0
2026-03-27 22:38:32.597,187.883,0,-3,14,0.2,0,0,0,0,0,0,0,0
2026-03-27 22:38:32.693,187.979,0,-3,14,-7.8,0,0,0,0,0,0,0,0
2026-03-27 22:38:32.837,188.123,0,-3,14,-10.27,0,0,0,0,0,0,0,0
2026-03-27 22:38:32.964,188.251,0,-3,14,-0.87,0,0,0,0,0,0,0,0
2026-03-27 22:38:33.061,188.347,0,-3,14,-8.36,0,0,0,0,0,0,0,0
2026-03-27 22:38:33.189,188.475,0,-3,14,-6.46,0,0,0,0,0,0,0,0
2026-03-27 22:38:33.333,188.619,0,-3,14,-8.17,0,0,0,0,0,0,0,0
2026-03-27 22:38:33.413,188.699,0,-3,14,5.86,0,0,0,0,0,0,0,0
2026-03-27 22:38:33.414,188.700,0,-3,14,-10.47,0,0,0,0,0,0,0,0
2026-03-27 22:38:33.541,188.827,0,-3,14,5.71,0,0,0,0,0,0,0,0
2026-03-27 22:38:33.652,188.939,0,-3,14,0.25,0,0,0,0,0,0,0,0
2026-03-27 22:38:33.732,189.019,0,-3,14,-10.43,0,0,0,0,0,0,0,0
2026-03-27 22:38:33.893,189.179,0,-3,14,11.45,0,0,0,0,0,0,0,0
2026-03-27 22:38:33.895,189.181,0,-3,14,-2.05,0,0,0,0,0,0,0,0
2026-03-27 22:38:34.021,189.307,0,-2,14,0.09,0,0,0,0,0,0,0,0
2026-03-27 22:38:34.117,189.403,0,-3,14,0.95,0,0,0,0,0,0,0,0
2026-03-27 22:38:34.180,189.466,0,-3,14,0.27,0,0,0,0,0,0,0,0
2026-03-27 22:38:34.277,189.563,0,-3,14,0.22,0,0,0,0,0,0,0,0
2026-03-27 22:38:34.389,189.675,0,-3,14,-2.34,0,0,0,0,0,0,0,0
2026-03-27 22:38:34.548,189.834,0,-3,14,-11.24,0,0,0,0,0,0,0,0
2026-03-27 22:38:34.596,189.883,0,-3,14,-9.45,0,0,0,0,0,0,0,0
2026-03-27 22:38:34.613,189.900,0,-3,14,0.38,0,0,0,0,0,0,0,0
2026-03-27 22:38:34.725,190.011,0,-3,14,-0.66,0,0,0,0,0,0,0,0
2026-03-27 22:38:34.806,190.092,0,-3,14,-8.26,0,0,0,0,0,0,0,0
2026-03-27 22:38:34.948,190.234,0,-3,14,6.03,0,0,0,0,0,0,0,0
2026-03-27 22:38:35.029,190.315,0,-3,14,-0.25,0,0,0,0,0,0,0,0
2026-03-27 22:38:35.109,190.395,0,-3,14,-7.95,0,0,0,0,0,0,0,0
2026-03-27 22:38:35.252,190.539,0,-3,14,-9.66,0,0,0,0,0,0,0,0
2026-03-27 22:38:35.316,190.603,0,-3,13,-0.07,0,0,0,0,0,0,0,0
2026-03-27 22:38:35.428,190.714,0,-3,14,-2.01,0,0,0,0,0,0,0,0
2026-03-27 22:38:35.654,190.940,0,-3,14,0.38,0,0,0,0,0,0,0,0
2026-03-27 22:38:35.796,191.083,0,-3,14,-12.5,0,0,0,0,0,0,0,0
2026-03-27 22:38:35.860,191.147,0,-3,14,-0.33,0,0,0,0,0,0,0,0
2026-03-27 22:38:36.036,191.323,0,-3,14,-7.52,0,0,0,0,0,0,0,0
2026-03-27 22:38:36.180,191.467,0,-3,14,-1.99,0,0,0,0,0,0,0,0
2026-03-27 22:38:36.228,191.514,0,-3,13,0.47,0,0,0,0,0,0,0,0
2026-03-27 22:38:36.341,191.627,0,-3,14,-9.5,0,0,0,0,0,0,0,0
2026-03-27 22:38:36.468,191.755,0,-3,14,21.62,0,0,0,0,0,0,0,0
2026-03-27 22:38:36.532,191.819,0,-3,14,-5.87,0,0,0,0,0,0,0,0
2026-03-27 22:38:36.550,191.836,2,-3,14,-1.95,0,0,0,0,0,0,0,0
2026-03-27 22:38:36.596,191.882,1,-3,14,0.53,0,0,0,0,0,0,0,0
2026-03-27 22:38:36.709,191.995,0,-3,14,-2.93,0,0,0,0,0,0,0,0
2026-03-27 22:38:36.868,192.155,0,-3,14,-0.11,0,0,0,0,0,0,0,0
2026-03-27 22:38:36.884,192.170,0,-3,14,-11.43,0,0,0,0,0,0,0,0
2026-03-27 22:38:37.108,192.394,0,-3,14,0.21,0,0,0,0,0,0,0,0
2026-03-27 22:38:37.188,192.475,0,-3,14,5.63,0,0,0,0,0,0,0,0
2026-03-27 22:38:37.333,192.619,0,-3,14,-1.99,0,0,0,0,0,0,0,0
2026-03-27 22:38:37.429,192.715,-1,-3,13,-2.44,0,0,0,0,0,0,0,0
2026-03-27 22:38:37.509,192.795,0,-3,14,0.65,0,0,0,0,0,0,0,0
2026-03-27 22:38:37.653,192.939,0,-3,14,0.31,0,0,0,0,0,0,0,0
2026-03-27 22:38:37.733,193.019,0,-3,13,-0.78,0,0,0,0,0,0,0,0
2026-03-27 22:38:37.844,193.130,0,-3,14,-8.17,0,0,0,0,0,0,0,0
2026-03-27 22:38:38.101,193.387,0,-3,14,-9.17,0,0,0,0,0,0,0,0
2026-03-27 22:38:38.213,193.499,0,-3,14,-0.07,0,0,0,0,0,0,0,0
2026-03-27 22:38:38.228,193.514,-1,-3,14,-1.81,0,0,0,0,0,0,0,0
2026-03-27 22:38:38.277,193.563,0,-3,14,-11.09,0,0,0,0,0,0,0,0
2026-03-27 22:38:38.453,193.739,0,-3,14,0.26,0,0,0,0,0,0,0,0
2026-03-27 22:38:38.564,193.850,0,-3,14,0.29,0,0,0,0,0,0,0,0
2026-03-27 22:38:38.629,193.915,-1,-3,14,-1.97,0,0,0,0,0,0,0,0
2026-03-27 22:38:38.740,194.026,0,-3,14,0.3,0,0,0,0,0,0,0,0
2026-03-27 22:38:38.804,194.090,0,-3,14,4.53,0,0,0,0,0,0,0,0
2026-03-27 22:38:38.917,194.203,0,-3,14,6.22,0,0,0,0,0,0,0,0
2026-03-27 22:38:38.919,194.205,0,-3,14,-12.34,0,0,0,0,0,0,0,0
2026-03-27 22:38:38.996,194.282,0,-3,14,-12.34,0,0,0,0,0,0,0,0
2026-03-27 22:38:39.077,194.363,0,-3,14,0.38,0,0,0,0,0,0,0,0
2026-03-27 22:38:39.156,194.442,0,-3,13,-7.53,0,0,0,0,0,0,0,0
2026-03-27 22:38:39.172,194.459,0,-3,14,-7.53,0,0,0,0,0,0,0,0
2026-03-27 22:38:39.284,194.570,0,-3,14,-1.77,0,0,0,0,0,0,0,0
2026-03-27 22:38:39.380,194.666,0,-3,14,17.04,0,0,0,0,0,0,0,0
2026-03-27 22:38:39.477,194.763,0,-3,14,0.67,0,0,0,0,0,0,0,0
2026-03-27 22:38:39.492,194.778,0,-3,14,-8.11,0,0,0,0,0,0,0,0
2026-03-27 22:38:39.604,194.891,0,-3,14,-8.11,0,0,0,0,0,0,0,0
2026-03-27 22:38:39.717,195.003,0,-3,14,-0.57,0,0,0,0,0,0,0,0
2026-03-27 22:38:39.844,195.131,0,-3,14,1.42,0,0,0,0,0,0,0,0
2026-03-27 22:38:39.957,195.243,0,-3,14,-8.57,0,0,0,0,0,0,0,0
2026-03-27 22:38:40.037,195.323,0,-3,14,17.21,0,0,0,0,0,0,0,0
2026-03-27 22:38:40.164,195.451,0,-3,14,7.2,0,0,0,0,0,0,0,0
2026-03-27 22:38:40.212,195.498,0,-3,14,-1.66,0,0,0,0,0,0,0,0
2026-03-27 22:38:40.356,195.643,0,-3,14,6.2,0,0,0,0,0,0,0,0
2026-03-27 22:38:40.436,195.723,0,-3,14,-9.21,0,0,0,0,0,0,0,0
2026-03-27 22:38:40.580,195.867,0,-3,13,-2.0,0,0,0,0,0,0,0,0
2026-03-27 22:38:40.692,195.979,0,-3,14,-9.99,0,0,0,0,0,0,0,0
2026-03-27 22:38:40.741,196.027,0,-3,14,-2.1,0,0,0,0,0,0,0,0
2026-03-27 22:38:40.884,196.170,0,-3,14,0.38,0,0,0,0,0,0,0,0
2026-03-27 22:38:40.901,196.187,0,-3,14,0.38,0,0,0,0,0,0,0,0
2026-03-27 22:38:40.932,196.218,0,-3,14,-1.27,0,0,0,0,0,0,0,0
2026-03-27 22:38:40.933,196.219,0,-3,14,2.18,0,0,0,0,0,0,0,0
2026-03-27 22:38:41.092,196.379,0,-3,14,5.22,0,0,0,0,0,0,0,0
2026-03-27 22:38:41.204,196.491,0,-3,14,0.5,0,0,0,0,0,0,0,0
2026-03-27 22:38:41.348,196.634,0,-3,14,-9.49,0,0,0,0,0,0,0,0
2026-03-27 22:38:41.428,196.714,0,-3,14,-10.08,0,0,0,0,0,0,0,0
2026-03-27 22:38:41.508,196.795,0,-3,14,5.84,0,0,0,0,0,0,0,0
2026-03-27 22:38:41.684,196.971,0,-3,14,-7.32,0,0,0,0,0,0,0,0
2026-03-27 22:38:41.687,196.973,0,-3,14,0.45,0,0,0,0,0,0,0,0
2026-03-27 22:38:41.764,197.050,0,-3,14,0.05,0,0,0,0,0,0,0,0
2026-03-27 22:38:41.765,197.051,0,-3,14,0.31,0,0,0,0,0,0,0,0
2026-03-27 22:38:41.909,197.195,0,-3,14,-1.42,0,0,0,0,0,0,0,0
2026-03-27 22:38:41.957,197.243,0,-3,14,5.85,0,0,0,0,0,0,0,0
2026-03-27 22:38:42.052,197.338,0,-3,14,-8.37,0,0,0,0,0,0,0,0
2026-03-27 22:38:42.053,197.339,0,-3,14,0.22,0,0,0,0,0,0,0,0
2026-03-27 22:38:42.245,197.531,0,-3,14,-10.37,0,0,0,0,0,0,0,0
2026-03-27 22:38:42.277,197.563,0,-3,14,0.18,0,0,0,0,0,0,0,0
2026-03-27 22:38:42.420,197.707,0,-3,13,0.83,0,0,0,0,0,0,0,0
2026-03-27 22:38:42.452,197.739,0,-3,14,1.12,0,0,0,0,0,0,0,0
2026-03-27 22:38:42.596,197.882,0,-3,14,6.14,0,0,0,0,0,0,0,0
2026-03-27 22:38:42.677,197.963,0,-3,14,-9.3,0,0,0,0,0,0,0,0
2026-03-27 22:38:42.789,198.075,0,-3,14,-0.68,0,0,0,0,0,0,0,0
2026-03-27 22:38:42.836,198.122,0,-3,14,1.17,0,0,0,0,0,0,0,0
2026-03-27 22:38:42.981,198.267,0,-3,14,-10.51,0,0,0,0,0,0,0,0
2026-03-27 22:38:43.157,198.443,0,-3,14,0.08,0,0,0,0,0,0,0,0
2026-03-27 22:38:43.204,198.490,0,-3,14,-9.35,0,0,0,0,0,0,0,0
2026-03-27 22:38:43.284,198.570,0,-3,14,-10.67,0,0,0,0,0,0,0,0
2026-03-27 22:38:43.395,198.682,0,-3,14,6.13,0,0,0,0,0,0,0,0
2026-03-27 22:38:43.460,198.746,0,-3,14,-9.27,0,0,0,0,0,0,0,0
2026-03-27 22:38:43.572,198.858,0,-3,14,-1.87,0,0,0,0,0,0,0,0
2026-03-27 22:38:43.652,198.939,0,-3,14,-2.78,0,0,0,0,0,0,0,0
2026-03-27 22:38:43.748,199.035,0,-3,14,-1.71,0,0,0,0,0,0,0,0
2026-03-27 22:38:43.843,199.130,0,-3,14,0.57,0,0,0,0,0,0,0,0
2026-03-27 22:38:43.972,199.259,0,-3,14,6.73,0,0,0,0,0,0,0,0
2026-03-27 22:38:44.052,199.339,0,-3,14,-9.06,0,0,0,0,0,0,0,0
2026-03-27 22:38:44.164,199.450,0,-3,14,1.19,0,0,0,0,0,0,0,0
2026-03-27 22:38:44.260,199.547,0,-3,14,0.45,0,0,0,0,0,0,0,0
2026-03-27 22:38:44.372,199.658,0,-3,14,0.68,0,0,0,0,0,0,0,0
2026-03-27 22:38:44.484,199.770,0,-3,14,5.96,0,0,0,0,0,0,0,0
2026-03-27 22:38:44.628,199.914,0,-3,14,0.69,0,0,0,0,0,0,0,0
2026-03-27 22:38:44.660,199.946,0,-3,14,-0.33,0,0,0,0,0,0,0,0
2026-03-27 22:38:44.868,200.154,0,-3,14,-10.26,0,0,0,0,0,0,0,0
2026-03-27 22:38:44.948,200.234,0,-3,14,5.85,0,0,0,0,0,0,0,0
2026-03-27 22:38:45.044,200.330,0,-2,14,-8.52,0,0,0,0,0,0,0,0
2026-03-27 22:38:45.108,200.394,0,-3,14,-9.0,0,0,0,0,0,0,0,0
2026-03-27 22:38:45.157,200.443,0,-3,14,5.73,0,0,0,0,0,0,0,0
2026-03-27 22:38:45.348,200.634,0,-2,14,0.16,0,0,0,0,0,0,0,0
2026-03-27 22:38:45.443,200.730,0,-3,14,-8.96,0,0,0,0,0,0,0,0
2026-03-27 22:38:45.621,200.907,0,-3,14,5.9,0,0,0,0,0,0,0,0
2026-03-27 22:38:45.733,201.019,-1,-3,14,5.9,0,0,0,0,0,0,0,0
2026-03-27 22:38:45.796,201.082,0,-3,14,5.54,0,0,0,0,0,0,0,0
2026-03-27 22:38:45.939,201.226,0,-3,13,-10.08,0,0,0,0,0,0,0,0
2026-03-27 22:38:46.004,201.290,0,-3,14,0.27,0,0,0,0,0,0,0,0
2026-03-27 22:38:46.148,201.435,0,-3,14,-10.54,0,0,0,0,0,0,0,0
2026-03-27 22:38:46.211,201.498,0,-3,14,-9.91,0,0,0,0,0,0,0,0
2026-03-27 22:38:46.356,201.643,0,-3,14,-1.93,0,0,0,0,0,0,0,0
2026-03-27 22:38:46.420,201.706,0,-3,14,6.53,0,0,0,0,0,0,0,0
2026-03-27 22:38:46.515,201.801,0,-3,14,0.11,0,0,0,0,0,0,0,0
2026-03-27 22:38:46.628,201.914,0,-3,14,5.76,0,0,0,0,0,0,0,0
2026-03-27 22:38:46.708,201.994,0,-3,14,-0.01,0,0,0,0,0,0,0,0
2026-03-27 22:38:46.884,202.170,0,-3,14,-7.06,0,0,0,0,0,0,0,0
2026-03-27 22:38:46.996,202.282,0,-3,14,-0.59,0,0,0,0,0,0,0,0
2026-03-27 22:38:47.140,202.426,0,-3,14,0.07,0,0,0,0,0,0,0,0
2026-03-27 22:38:47.172,202.458,0,-3,14,0.15,0,0,0,0,0,0,0,0
2026-03-27 22:38:47.252,202.538,0,-3,14,5.87,0,0,0,0,0,0,0,0
2026-03-27 22:38:47.348,202.634,0,-3,14,-0.17,0,0,0,0,0,0,0,0
2026-03-27 22:38:47.444,202.730,0,-3,14,-10.1,0,0,0,0,0,0,0,0
2026-03-27 22:38:47.539,202.825,0,-3,14,17.48,0,0,0,0,0,0,0,0
2026-03-27 22:38:47.636,202.922,0,-3,14,0.2,0,0,0,0,0,0,0,0
2026-03-27 22:38:47.764,203.050,0,-3,14,-0.27,0,0,0,0,0,0,0,0
2026-03-27 22:38:47.860,203.146,0,-3,14,-8.77,0,0,0,0,0,0,0,0
2026-03-27 22:38:47.972,203.258,0,-3,14,0.13,0,0,0,0,0,0,0,0
2026-03-27 22:38:48.068,203.354,0,-3,14,5.32,0,0,0,0,0,0,0,0
2026-03-27 22:38:48.164,203.450,0,-3,14,-8.97,0,0,0,0,0,0,0,0
2026-03-27 22:38:48.165,203.452,0,-3,14,-0.99,0,0,0,0,0,0,0,0
2026-03-27 22:38:48.323,203.609,0,-3,14,0.09,0,0,0,0,0,0,0,0
2026-03-27 22:38:48.324,203.611,0,-3,14,-9.84,0,0,0,0,0,0,0,0
2026-03-27 22:38:48.419,203.706,0,-3,14,1.73,0,0,0,0,0,0,0,0
2026-03-27 22:38:48.548,203.834,0,-3,14,4.64,0,0,0,0,0,0,0,0
2026-03-27 22:38:48.659,203.946,0,-3,14,-7.26,0,0,0,0,0,0,0,0
2026-03-27 22:38:48.661,203.947,0,-3,14,-7.26,0,0,0,0,0,0,0,0
2026-03-27 22:38:48.772,204.058,0,-3,14,0.36,0,0,0,0,0,0,0,0
2026-03-27 22:38:48.804,204.091,0,-3,14,4.28,0,0,0,0,0,0,0,0
2026-03-27 22:38:48.996,204.282,0,-2,14,0.1,0,0,0,0,0,0,0,0
2026-03-27 22:38:49.124,204.410,0,-3,14,-11.13,0,0,0,0,0,0,0,0
2026-03-27 22:38:49.219,204.506,0,-3,14,-9.2,0,0,0,0,0,0,0,0
2026-03-27 22:38:49.540,204.826,0,-3,14,0.33,0,0,0,0,0,0,0,0
2026-03-27 22:38:49.619,204.906,0,-3,14,-1.89,0,0,0,0,0,0,0,0
2026-03-27 22:38:49.748,205.034,0,-3,14,6.26,0,0,0,0,0,0,0,0
2026-03-27 22:38:49.908,205.194,0,-3,14,0.32,0,0,0,0,0,0,0,0
2026-03-27 22:38:50.020,205.306,0,-3,14,-9.36,0,0,0,0,0,0,0,0
2026-03-27 22:38:50.148,205.434,0,-3,14,-1.99,0,0,0,0,0,0,0,0
2026-03-27 22:38:50.244,205.531,0,-3,14,0.28,0,0,0,0,0,0,0,0
2026-03-27 22:38:50.307,205.593,0,-3,14,-0.07,0,0,0,0,0,0,0,0
2026-03-27 22:38:50.404,205.690,0,-3,14,-10.96,0,0,0,0,0,0,0,0
2026-03-27 22:38:50.420,205.706,0,-3,14,0.19,0,0,0,0,0,0,0,0
2026-03-27 22:38:50.548,205.834,0,-3,14,0.19,0,0,0,0,0,0,0,0
2026-03-27 22:38:50.550,205.836,0,-3,14,-2.3,0,0,0,0,0,0,0,0
2026-03-27 22:38:50.579,205.866,0,-3,14,0.21,0,0,0,0,0,0,0,0
2026-03-27 22:38:50.724,206.010,0,-3,14,0.63,0,0,0,0,0,0,0,0
2026-03-27 22:38:50.820,206.106,0,-3,14,6.26,0,0,0,0,0,0,0,0
2026-03-27 22:38:50.884,206.170,0,-3,14,-10.29,0,0,0,0,0,0,0,0
2026-03-27 22:38:50.901,206.187,0,-3,14,0.29,0,0,0,0,0,0,0,0
2026-03-27 22:38:50.979,206.265,0,-3,14,0.29,0,0,0,0,0,0,0,0
2026-03-27 22:38:51.059,206.346,0,-3,14,6.15,0,0,0,0,0,0,0,0
2026-03-27 22:38:51.061,206.347,0,-3,14,6.15,0,0,0,0,0,0,0,0
2026-03-27 22:38:51.204,206.490,-1,-3,14,0.45,0,0,0,0,0,0,0,0
2026-03-27 22:38:51.205,206.491,0,-3,14,6.26,0,0,0,0,0,0,0,0
2026-03-27 22:38:51.331,206.618,0,-3,14,-1.7,0,0,0,0,0,0,0,0
2026-03-27 22:38:51.396,206.682,0,-3,14,-10.24,0,0,0,0,0,0,0,0
2026-03-27 22:38:51.539,206.826,0,-3,14,18.66,0,0,0,0,0,0,0,0
2026-03-27 22:38:51.572,206.858,0,-3,14,-2.27,0,0,0,0,0,0,0,0
2026-03-27 22:38:51.700,206.986,0,-3,11,0.19,0,0,0,0,0,0,0,0
2026-03-27 22:38:51.828,207.115,0,-3,14,-1.81,0,0,0,0,0,0,0,0
2026-03-27 22:38:51.892,207.178,0,-3,14,6.24,0,0,0,0,0,0,0,0
2026-03-27 22:38:51.971,207.258,0,-3,14,-9.1,0,0,0,0,0,0,0,0
2026-03-27 22:38:52.115,207.402,0,-3,14,1.42,0,0,0,0,0,0,0,0
2026-03-27 22:38:52.259,207.545,-1,-3,14,-3.09,0,0,0,0,0,0,0,0
2026-03-27 22:38:52.339,207.626,0,-3,14,-2.08,0,0,0,0,0,0,0,0
2026-03-27 22:38:52.452,207.738,0,-3,14,0.28,0,0,0,0,0,0,0,0
2026-03-27 22:38:52.595,207.882,0,-3,14,1.64,0,0,0,0,0,0,0,0
2026-03-27 22:38:52.660,207.946,0,-3,14,0.65,0,0,0,0,0,0,0,0
2026-03-27 22:38:52.771,208.058,0,-3,14,-9.51,0,0,0,0,0,0,0,0
2026-03-27 22:38:52.868,208.154,0,-3,14,-1.87,0,0,0,0,0,0,0,0
2026-03-27 22:38:52.947,208.234,0,-3,14,6.44,0,0,0,0,0,0,0,0
2026-03-27 22:38:53.059,208.345,0,-3,14,0.23,0,0,0,0,0,0,0,0
2026-03-27 22:38:53.171,208.458,0,-3,14,-9.15,0,0,0,0,0,0,0,0
2026-03-27 22:38:53.347,208.634,0,-3,14,6.0,0,0,0,0,0,0,0,0
2026-03-27 22:38:53.507,208.794,0,-3,14,5.4,0,0,0,0,0,0,0,0
2026-03-27 22:38:53.604,208.890,0,-3,14,-0.5,0,0,0,0,0,0,0,0
2026-03-27 22:38:53.652,208.938,0,-3,14,-11.18,0,0,0,0,0,0,0,0
2026-03-27 22:38:53.811,209.098,0,-3,14,-0.07,0,0,0,0,0,0,0,0
2026-03-27 22:38:53.923,209.209,0,-3,14,-2.09,0,0,0,0,0,0,0,0
2026-03-27 22:38:53.988,209.274,0,-3,13,0.59,0,0,0,0,0,0,0,0
2026-03-27 22:38:54.068,209.354,0,-3,14,0.23,0,0,0,0,0,0,0,0
2026-03-27 22:38:54.163,209.450,0,-3,14,-7.84,0,0,0,0,0,0,0,0
2026-03-27 22:38:54.260,209.546,0,-3,14,-2.14,0,0,0,0,0,0,0,0
2026-03-27 22:38:54.371,209.658,0,-3,14,0.06,0,0,0,0,0,0,0,0
2026-03-27 22:38:54.499,209.785,0,-3,14,0.45,0,0,0,0,0,0,0,0
2026-03-27 22:38:54.501,209.788,0,-3,14,8.83,0,0,0,0,0,0,0,0
2026-03-27 22:38:54.531,209.818,0,-3,13,8.83,0,0,0,0,0,0,0,0
2026-03-27 22:38:54.740,210.026,0,-3,14,-10.58,0,0,0,0,0,0,0,0
2026-03-27 22:38:54.788,210.074,0,-3,14,1.65,0,0,0,0,0,0,0,0
2026-03-27 22:38:54.884,210.170,0,-3,14,-1.75,0,0,0,0,0,0,0,0
2026-03-27 22:38:55.027,210.314,0,-2,14,0.32,0,0,0,0,0,0,0,0
2026-03-27 22:38:55.092,210.378,0,-3,14,0.34,0,0,0,0,0,0,0,0
2026-03-27 22:38:55.188,210.474,0,-3,14,-0.29,0,0,0,0,0,0,0,0
2026-03-27 22:38:55.379,210.666,0,-3,13,-1.88,0,0,0,0,0,0,0,0
2026-03-27 22:38:55.475,210.762,0,-3,14,-9.42,0,0,0,0,0,0,0,0
2026-03-27 22:38:55.603,210.890,0,-3,14,-2.76,0,0,0,0,0,0,0,0
2026-03-27 22:38:55.668,210.954,0,-2,14,-0.8,0,0,0,0,0,0,0,0
2026-03-27 22:38:55.747,211.034,0,-3,14,-2.12,0,0,0,0,0,0,0,0
2026-03-27 22:38:55.749,211.035,0,-3,14,-2.12,0,0,0,0,0,0,0,0
2026-03-27 22:38:55.891,211.177,0,-3,13,-1.91,0,0,0,0,0,0,0,0
2026-03-27 22:38:55.971,211.257,0,-3,14,0.12,0,0,0,0,0,0,0,0
2026-03-27 22:38:55.974,211.260,0,-3,14,-2.44,0,0,0,0,0,0,0,0
2026-03-27 22:38:56.051,211.338,0,-3,14,-2.44,0,0,0,0,0,0,0,0
2026-03-27 22:38:56.147,211.434,0,-3,14,-9.69,0,0,0,0,0,0,0,0
2026-03-27 22:38:56.165,211.452,0,-3,14,-7.47,0,0,0,0,0,0,0,0
2026-03-27 22:38:56.275,211.562,0,-3,14,-10.63,0,0,0,0,0,0,0,0
2026-03-27 22:38:56.371,211.657,0,-3,14,0.12,0,0,0,0,0,0,0,0
2026-03-27 22:38:56.435,211.722,0,-3,14,-2.23,0,0,0,0,0,0,0,0
2026-03-27 22:38:56.547,211.833,0,-3,14,0.24,0,0,0,0,0,0,0,0
2026-03-27 22:38:56.643,211.929,0,-3,14,0.5,0,0,0,0,0,0,0,0
2026-03-27 22:38:56.740,212.026,0,-3,14,-8.59,0,0,0,0,0,0,0,0
2026-03-27 22:38:56.931,212.217,0,-3,14,-9.54,0,0,0,0,0,0,0,0
2026-03-27 22:38:57.011,212.298,0,-3,14,0.91,0,0,0,0,0,0,0,0
2026-03-27 22:38:57.123,212.409,0,-3,14,0.37,0,0,0,0,0,0,0,0
2026-03-27 22:38:57.235,212.521,0,-3,14,-8.64,0,0,0,0,0,0,0,0
2026-03-27 22:38:57.315,212.602,0,-3,14,-9.51,0,0,0,0,0,0,0,0
2026-03-27 22:38:57.427,212.714,0,-3,14,0.07,0,0,0,0,0,0,0,0
2026-03-27 22:38:57.507,212.793,0,-3,14,-10.71,0,0,0,0,0,0,0,0
2026-03-27 22:38:57.699,212.985,0,-3,14,-7.75,0,0,0,0,0,0,0,0
2026-03-27 22:38:57.812,213.098,0,-3,14,0.87,0,0,0,0,0,0,0,0
2026-03-27 22:38:57.908,213.194,0,-3,14,0.39,0,0,0,0,0,0,0,0
2026-03-27 22:38:58.003,213.289,0,-3,13,0.33,0,0,0,0,0,0,0,0
2026-03-27 22:38:58.083,213.369,0,-3,14,-1.59,0,0,0,0,0,0,0,0
2026-03-27 22:38:58.196,213.482,0,-3,14,5.98,0,0,0,0,0,0,0,0
2026-03-27 22:38:58.275,213.561,0,-3,14,-0.41,0,0,0,0,0,0,0,0
2026-03-27 22:38:58.371,213.657,0,-3,14,-8.07,0,0,0,0,0,0,0,0
2026-03-27 22:38:58.483,213.770,0,-3,14,5.83,0,0,0,0,0,0,0,0
2026-03-27 22:38:58.579,213.866,0,-3,14,-8.86,0,0,0,0,0,0,0,0
2026-03-27 22:38:58.582,213.868,0,-3,14,-6.78,0,0,0,0,0,0,0,0
2026-03-27 22:38:58.724,214.010,0,-3,14,-6.78,0,0,0,0,0,0,0,0
2026-03-27 22:38:58.804,214.090,0,-3,14,7.05,0,0,0,0,0,0,0,0
2026-03-27 22:38:58.884,214.170,0,-3,14,-7.87,0,0,0,0,0,0,0,0
2026-03-27 22:38:58.963,214.249,0,-3,14,6.61,0,0,0,0,0,0,0,0
2026-03-27 22:38:59.076,214.362,0,-3,14,-9.91,0,0,0,0,0,0,0,0
2026-03-27 22:38:59.171,214.458,0,-3,14,6.11,0,0,0,0,0,0,0,0
2026-03-27 22:38:59.252,214.538,0,-3,14,-1.72,0,0,0,0,0,0,0,0
2026-03-27 22:38:59.363,214.649,0,-3,14,-8.73,0,0,0,0,0,0,0,0
2026-03-27 22:38:59.507,214.794,0,-3,14,1.66,0,0,0,0,0,0,0,0
2026-03-27 22:38:59.651,214.937,0,-3,13,0.6,0,0,0,0,0,0,0,0
2026-03-27 22:38:59.667,214.953,0,-3,14,-10.88,0,0,0,0,0,0,0,0
2026-03-27 22:38:59.731,215.018,0,-3,13,-10.88,0,0,0,0,0,0,0,0
2026-03-27 22:38:59.796,215.082,0,-3,14,0.4,0,0,0,0,0,0,0,0
2026-03-27 22:38:59.827,215.114,0,-3,14,-7.73,0,0,0,0,0,0,0,0
2026-03-27 22:38:59.972,215.258,0,-3,14,0.3,0,0,0,0,0,0,0,0
2026-03-27 22:38:59.973,215.260,0,-3,14,-2.39,0,0,0,0,0,0,0,0
2026-03-27 22:39:00.054,215.340,0,-3,14,-2.39,0,0,0,0,0,0,0,0
2026-03-27 22:39:00.163,215.449,0,-3,14,0.55,0,0,0,0,0,0,0,0
2026-03-27 22:39:00.308,215.594,0,-3,14,-7.98,0,0,0,0,0,0,0,0
2026-03-27 22:39:00.339,215.625,0,-3,14,-0.01,0,0,0,0,0,0,0,0
2026-03-27 22:39:00.451,215.737,0,-3,14,5.94,0,0,0,0,0,0,0,0
2026-03-27 22:39:00.469,215.755,0,-3,14,1.87,0,0,0,0,0,0,0,0
2026-03-27 22:39:00.548,215.834,0,-3,14,1.87,0,0,0,0,0,0,0,0
2026-03-27 22:39:00.739,216.025,0,-3,14,-4.12,0,0,0,0,0,0,0,0
2026-03-27 22:39:00.851,216.138,0,-3,14,-9.69,0,0,0,0,0,0,0,0
2026-03-27 22:39:00.868,216.154,0,-3,14,0.18,0,0,0,0,0,0,0,0
2026-03-27 22:39:00.947,216.233,0,-3,13,0.18,0,0,0,0,0,0,0,0
2026-03-27 22:39:00.995,216.282,0,-3,14,-1.97,0,0,0,0,0,0,0,0
2026-03-27 22:39:00.997,216.283,0,-3,14,-1.97,0,0,0,0,0,0,0,0
2026-03-27 22:39:01.059,216.346,0,-3,13,4.41,0,0,0,0,0,0,0,0
2026-03-27 22:39:01.061,216.347,0,-3,14,4.41,0,0,0,0,0,0,0,0
2026-03-27 22:39:01.171,216.457,0,-3,14,-12.11,0,0,0,0,0,0,0,0
2026-03-27 22:39:01.379,216.665,0,-3,14,-9.13,0,0,0,0,0,0,0,0
2026-03-27 22:39:01.475,216.761,0,-3,14,0.18,0,0,0,0,0,0,0,0
2026-03-27 22:39:01.602,216.888,-1,-3,13,-1.98,0,0,0,0,0,0,0,0
2026-03-27 22:39:01.603,216.890,0,-3,14,-1.98,0,0,0,0,0,0,0,0
2026-03-27 22:39:01.700,216.986,0,-3,14,6.65,0,0,0,0,0,0,0,0
2026-03-27 22:39:01.811,217.097,0,-3,14,-12.2,0,0,0,0,0,0,0,0
2026-03-27 22:39:01.827,217.113,0,-3,14,-12.2,0,0,0,0,0,0,0,0
2026-03-27 22:39:01.923,217.209,0,-3,14,6.22,0,0,0,0,0,0,0,0
2026-03-27 22:39:02.067,217.354,0,-3,14,-8.16,0,0,0,0,0,0,0,0
2026-03-27 22:39:02.083,217.370,0,-3,14,-2.53,0,0,0,0,0,0,0,0
2026-03-27 22:39:02.195,217.481,0,-3,14,-1.96,0,0,0,0,0,0,0,0
2026-03-27 22:39:02.275,217.561,0,-3,14,18.62,0,0,0,0,0,0,0,0
2026-03-27 22:39:02.499,217.785,0,-3,13,11.31,0,0,0,0,0,0,0,0
2026-03-27 22:39:02.547,217.833,0,-3,14,-7.52,0,0,0,0,0,0,0,0
2026-03-27 22:39:02.611,217.897,0,-3,14,-2.06,0,0,0,0,0,0,0,0
2026-03-27 22:39:02.691,217.977,0,-3,14,-7.29,0,0,0,0,0,0,0,0
2026-03-27 22:39:02.851,218.137,0,-3,13,-2.67,0,0,0,0,0,0,0,0
2026-03-27 22:39:02.899,218.185,0,-3,14,0.36,0,0,0,0,0,0,0,0
2026-03-27 22:39:03.075,218.361,0,-3,13,-11.56,0,0,0,0,0,0,0,0
2026-03-27 22:39:03.187,218.473,0,-3,13,6.02,0,0,0,0,0,0,0,0
2026-03-27 22:39:03.219,218.505,0,-3,14,5.96,0,0,0,0,0,0,0,0
2026-03-27 22:39:03.315,218.601,0,-3,14,-11.26,0,0,0,0,0,0,0,0
2026-03-27 22:39:03.459,218.745,0,-3,14,-1.92,0,0,0,0,0,0,0,0
2026-03-27 22:39:03.556,218.842,-1,-3,13,6.02,0,0,0,0,0,0,0,0
2026-03-27 22:39:03.699,218.985,0,-3,14,-9.27,0,0,0,0,0,0,0,0
2026-03-27 22:39:03.843,219.130,0,-3,14,5.84,0,0,0,0,0,0,0,0
2026-03-27 22:39:03.939,219.225,0,-2,14,-2.04,0,0,0,0,0,0,0,0
2026-03-27 22:39:04.067,219.354,0,-3,14,0.52,0,0,0,0,0,0,0,0
2026-03-27 22:39:04.163,219.449,0,-3,14,-0.82,0,0,0,0,0,0,0,0
2026-03-27 22:39:04.195,219.481,0,-3,14,6.53,0,0,0,0,0,0,0,0
2026-03-27 22:39:04.388,219.674,0,-3,14,0.03,0,0,0,0,0,0,0,0
2026-03-27 22:39:04.435,219.721,0,-3,14,-8.47,0,0,0,0,0,0,0,0
2026-03-27 22:39:04.483,219.769,0,-3,14,0.05,0,0,0,0,0,0,0,0
2026-03-27 22:39:04.626,219.913,0,-3,14,-8.49,0,0,0,0,0,0,0,0
2026-03-27 22:39:04.628,219.914,0,-3,14,0.07,0,0,0,0,0,0,0,0
2026-03-27 22:39:04.771,220.058,0,-3,13,-8.58,0,0,0,0,0,0,0,0
2026-03-27 22:39:04.883,220.169,0,-3,14,-2.12,0,0,0,0,0,0,0,0
2026-03-27 22:39:04.963,220.249,0,-3,14,18.58,0,0,0,0,0,0,0,0
2026-03-27 22:39:05.091,220.377,0,-3,14,5.97,0,0,0,0,0,0,0,0
2026-03-27 22:39:05.187,220.474,0,-3,14,-10.99,0,0,0,0,0,0,0,0
2026-03-27 22:39:05.251,220.537,0,-3,14,6.37,0,0,0,0,0,0,0,0
2026-03-27 22:39:05.379,220.665,0,-3,14,5.54,0,0,0,0,0,0,0,0
2026-03-27 22:39:05.459,220.745,0,-3,14,-7.1,0,0,0,0,0,0,0,0
2026-03-27 22:39:05.619,220.905,0,-3,14,-8.7,0,0,0,0,0,0,0,0
2026-03-27 22:39:05.667,220.953,0,-6,13,7.46,0,0,0,0,0,0,0,0
2026-03-27 22:39:05.730,221.016,0,-3,14,0.98,0,0,0,0,0,0,0,0
2026-03-27 22:39:05.827,221.113,0,-3,14,0.34,0,0,0,0,0,0,0,0
2026-03-27 22:39:05.987,221.273,0,-3,14,-10.84,0,0,0,0,0,0,0,0
2026-03-27 22:39:06.083,221.369,0,-3,14,6.0,0,0,0,0,0,0,0,0
2026-03-27 22:39:06.163,221.449,0,-3,14,-11.59,0,0,0,0,0,0,0,0
2026-03-27 22:39:06.211,221.497,0,-3,14,6.65,0,0,0,0,0,0,0,0
2026-03-27 22:39:06.227,221.514,0,-3,14,0.34,0,0,0,0,0,0,0,0
2026-03-27 22:39:06.354,221.641,0,-3,14,0.15,0,0,0,0,0,0,0,0
2026-03-27 22:39:06.674,221.960,0,-3,14,-12.18,0,0,0,0,0,0,0,0
2026-03-27 22:39:06.755,222.041,0,-2,14,-2.07,0,0,0,0,0,0,0,0
2026-03-27 22:39:06.867,222.153,0,-3,14,-8.76,0,0,0,0,0,0,0,0
2026-03-27 22:39:06.963,222.249,0,-3,14,1.5,0,0,0,0,0,0,0,0
2026-03-27 22:39:07.059,222.345,0,-6,14,0.14,0,0,0,0,0,0,0,0
2026-03-27 22:39:07.379,222.665,0,-3,14,-2.02,0,0,0,0,0,0,0,0
2026-03-27 22:39:07.475,222.761,0,-2,14,-8.57,0,0,0,0,0,0,0,0
2026-03-27 22:39:07.651,222.937,0,-3,14,18.08,0,0,0,0,0,0,0,0
2026-03-27 22:39:07.763,223.049,0,-3,14,-0.02,0,0,0,0,0,0,0,0
2026-03-27 22:39:07.875,223.161,0,-3,14,-9.96,0,0,0,0,0,0,0,0
2026-03-27 22:39:08.002,223.288,0,-3,14,0.51,0,0,0,0,0,0,0,0
2026-03-27 22:39:08.082,223.369,0,-3,14,1.59,0,0,0,0,0,0,0,0
2026-03-27 22:39:08.242,223.529,0,-3,14,0.34,0,0,0,0,0,0,0,0
2026-03-27 22:39:08.291,223.577,0,-3,13,-11.17,0,0,0,0,0,0,0,0
2026-03-27 22:39:08.467,223.753,0,-3,14,0.42,0,0,0,0,0,0,0,0
2026-03-27 22:39:08.515,223.801,0,-3,14,-2.03,0,0,0,0,0,0,0,0
2026-03-27 22:39:08.659,223.945,0,-3,14,0.39,0,0,0,0,0,0,0,0
2026-03-27 22:39:08.786,224.073,-1,-3,14,0.25,0,0,0,0,0,0,0,0
2026-03-27 22:39:08.882,224.169,0,-3,14,-7.82,0,0,0,0,0,0,0,0
2026-03-27 22:39:08.963,224.249,0,-3,14,-1.86,0,0,0,0,0,0,0,0
2026-03-27 22:39:09.091,224.377,0,-3,14,-1.93,0,0,0,0,0,0,0,0
2026-03-27 22:39:09.170,224.456,0,-3,14,0.5,0,0,0,0,0,0,0,0
2026-03-27 22:39:09.250,224.537,0,-3,14,-8.75,0,0,0,0,0,0,0,0
2026-03-27 22:39:09.378,224.664,0,-3,14,-10.27,0,0,0,0,0,0,0,0
2026-03-27 22:39:09.426,224.713,0,-3,14,6.33,0,0,0,0,0,0,0,0
2026-03-27 22:39:09.570,224.856,0,-3,14,0.23,0,0,0,0,0,0,0,0
2026-03-27 22:39:09.683,224.969,0,-3,14,-10.18,0,0,0,0,0,0,0,0
2026-03-27 22:39:09.747,225.033,0,-5,14,-1.82,0,0,0,0,0,0,0,0
2026-03-27 22:39:09.906,225.192,0,-3,14,6.19,0,0,0,0,0,0,0,0
2026-03-27 22:39:09.908,225.194,0,-3,14,6.19,0,0,0,0,0,0,0,0
2026-03-27 22:39:10.034,225.320,0,-3,14,5.98,0,0,0,0,0,0,0,0
2026-03-27 22:39:10.147,225.434,0,-3,14,-1.74,0,0,0,0,0,0,0,0
2026-03-27 22:39:10.242,225.529,0,-3,14,0.4,0,0,0,0,0,0,0,0
2026-03-27 22:39:10.322,225.608,0,-3,14,-10.19,0,0,0,0,0,0,0,0
2026-03-27 22:39:10.323,225.610,0,-3,14,-10.19,0,0,0,0,0,0,0,0
2026-03-27 22:39:10.482,225.768,0,-3,14,6.03,0,0,0,0,0,0,0,0
2026-03-27 22:39:10.483,225.770,0,-3,14,6.03,0,0,0,0,0,0,0,0
2026-03-27 22:39:10.531,225.817,0,-3,14,0.25,0,0,0,0,0,0,0,0
2026-03-27 22:39:10.690,225.977,0,-3,14,-10.36,0,0,0,0,0,0,0,0
2026-03-27 22:39:10.754,226.041,0,-3,14,0.12,0,0,0,0,0,0,0,0
2026-03-27 22:39:10.914,226.201,0,-3,14,-7.69,0,0,0,0,0,0,0,0
2026-03-27 22:39:11.011,226.297,0,-3,14,-6.69,0,0,0,0,0,0,0,0
2026-03-27 22:39:11.091,226.377,0,-2,14,0.07,0,0,0,0,0,0,0,0
2026-03-27 22:39:11.203,226.489,0,-3,14,-1.85,0,0,0,0,0,0,0,0
2026-03-27 22:39:11.266,226.553,0,-3,14,-12.1,0,0,0,0,0,0,0,0
2026-03-27 22:39:11.346,226.632,0,-3,14,0.48,0,0,0,0,0,0,0,0
2026-03-27 22:39:11.443,226.729,0,-3,13,-9.42,0,0,0,0,0,0,0,0
2026-03-27 22:39:11.586,226.872,0,-3,14,-1.46,0,0,0,0,0,0,0,0
2026-03-27 22:39:11.603,226.889,0,-3,14,-1.46,0,0,0,0,0,0,0,0
2026-03-27 22:39:11.698,226.985,0,-3,14,5.36,0,0,0,0,0,0,0,0
2026-03-27 22:39:11.763,227.049,0,-3,14,-8.2,0,0,0,0,0,0,0,0
2026-03-27 22:39:11.826,227.113,0,-3,14,1.49,0,0,0,0,0,0,0,0
2026-03-27 22:39:12.034,227.321,0,-3,14,6.07,0,0,0,0,0,0,0,0
2026-03-27 22:39:12.099,227.385,0,-3,14,-7.72,0,0,0,0,0,0,0,0
2026-03-27 22:39:12.210,227.497,0,-3,14,5.87,0,0,0,0,0,0,0,0
2026-03-27 22:39:12.213,227.499,0,-3,14,-1.89,0,0,0,0,0,0,0,0
2026-03-27 22:39:12.275,227.561,0,-3,14,-0.33,0,0,0,0,0,0,0,0
2026-03-27 22:39:12.371,227.657,0,-3,14,-9.29,0,0,0,0,0,0,0,0
2026-03-27 22:39:12.450,227.736,0,-3,14,-0.02,0,0,0,0,0,0,0,0
2026-03-27 22:39:12.546,227.832,0,-3,14,0.88,0,0,0,0,0,0,0,0
2026-03-27 22:39:12.675,227.961,0,-2,14,0.42,0,0,0,0,0,0,0,0
2026-03-27 22:39:12.770,228.057,0,-3,14,-7.48,0,0,0,0,0,0,0,0
2026-03-27 22:39:12.914,228.201,0,-3,14,-9.76,0,0,0,0,0,0,0,0
2026-03-27 22:39:13.346,228.632,0,-3,14,-2.05,0,0,0,0,0,0,0,0
2026-03-27 22:39:13.395,228.682,0,-3,14,0.1,0,0,0,0,0,0,0,0
2026-03-27 22:39:13.490,228.776,0,-3,11,-9.52,0,0,0,0,0,0,0,0
2026-03-27 22:39:13.492,228.779,0,-3,14,-2.86,0,0,0,0,0,0,0,0
2026-03-27 22:39:13.635,228.921,0,-2,14,-2.86,0,0,0,0,0,0,0,0
2026-03-27 22:39:13.763,229.049,0,-3,14,-8.44,0,0,0,0,0,0,0,0
2026-03-27 22:39:13.858,229.145,0,-2,14,0.31,0,0,0,0,0,0,0,0
2026-03-27 22:39:13.891,229.177,0,-3,14,-9.75,0,0,0,0,0,0,0,0
2026-03-27 22:39:13.954,229.241,0,-3,14,0.04,0,0,0,0,0,0,0,0
2026-03-27 22:39:14.114,229.401,0,-3,14,-10.23,0,0,0,0,0,0,0,0
2026-03-27 22:39:14.210,229.497,0,-3,14,-0.32,0,0,0,0,0,0,0,0
2026-03-27 22:39:14.290,229.576,0,-3,14,-9.02,0,0,0,0,0,0,0,0
2026-03-27 22:39:14.466,229.752,0,-3,14,-1.23,0,0,0,0,0,0,0,0
2026-03-27 22:39:14.563,229.849,0,-3,14,-8.83,0,0,0,0,0,0,0,0
2026-03-27 22:39:14.690,229.976,0,-3,14,7.37,0,0,0,0,0,0,0,0
2026-03-27 22:39:14.706,229.993,0,-3,14,0.36,0,0,0,0,0,0,0,0
2026-03-27 22:39:15.027,230.313,0,-3,13,0.34,0,0,0,0,0,0,0,0
2026-03-27 22:39:15.155,230.441,0,-3,14,-2.05,0,0,0,0,0,0,0,0
2026-03-27 22:39:15.202,230.489,0,-3,14,-2.05,0,0,0,0,0,0,0,0
2026-03-27 22:39:15.330,230.616,0,-3,14,0.47,0,0,0,0,0,0,0,0
2026-03-27 22:39:15.426,230.712,0,-3,14,-2.1,0,0,0,0,0,0,0,0
2026-03-27 22:39:15.523,230.809,0,-3,14,1.27,0,0,0,0,0,0,0,0
2026-03-27 22:39:15.619,230.905,0,-3,14,-10.34,0,0,0,0,0,0,0,0
2026-03-27 22:39:15.714,231.000,0,-3,14,-2.98,0,0,0,0,0,0,0,0
2026-03-27 22:39:15.826,231.113,0,-3,14,0.23,0,0,0,0,0,0,0,0
2026-03-27 22:39:15.923,231.209,0,-3,14,0.38,0,0,0,0,0,0,0,0
2026-03-27 22:39:16.002,231.288,0,-3,14,0.03,0,0,0,0,0,0,0,0
2026-03-27 22:39:16.130,231.416,0,-3,14,-8.83,0,0,0,0,0,0,0,0
2026-03-27 22:39:16.227,231.513,0,-3,13,-7.38,0,0,0,0,0,0,0,0
2026-03-27 22:39:16.402,231.688,0,-3,11,0.28,0,0,0,0,0,0,0,0
2026-03-27 22:39:16.434,231.720,-1,-3,13,17.0,0,0,0,0,0,0,0,0
2026-03-27 22:39:16.547,231.833,0,-3,14,-11.45,0,0,0,0,0,0,0,0
2026-03-27 22:39:16.658,231.945,0,-3,14,-0.58,0,0,0,0,0,0,0,0
2026-03-27 22:39:16.754,232.041,0,-3,14,0.32,0,0,0,0,0,0,0,0
2026-03-27 22:39:17.042,232.328,0,-3,14,5.84,0,0,0,0,0,0,0,0
2026-03-27 22:39:17.154,232.441,0,-2,14,6.07,0,0,0,0,0,0,0,0
2026-03-27 22:39:17.250,232.537,0,-3,14,-8.09,0,0,0,0,0,0,0,0
2026-03-27 22:39:17.314,232.600,0,-3,14,0.42,0,0,0,0,0,0,0,0
2026-03-27 22:39:17.442,232.728,0,-3,14,5.61,0,0,0,0,0,0,0,0
2026-03-27 22:39:17.444,232.730,0,-3,14,5.61,0,0,0,0,0,0,0,0
2026-03-27 22:39:17.506,232.792,0,-3,14,16.15,0,0,0,0,0,0,0,0
2026-03-27 22:39:17.586,232.872,0,-3,14,8.73,0,0,0,0,0,0,0,0
2026-03-27 22:39:17.714,233.000,0,-3,14,0.3,0,0,0,0,0,0,0,0
2026-03-27 22:39:17.716,233.003,0,-3,14,-11.41,0,0,0,0,0,0,0,0
2026-03-27 22:39:17.826,233.112,0,-3,14,-11.41,0,0,0,0,0,0,0,0
2026-03-27 22:39:17.955,233.241,0,-3,14,-1.83,0,0,0,0,0,0,0,0
2026-03-27 22:39:17.956,233.242,0,-3,14,0.19,0,0,0,0,0,0,0,0
2026-03-27 22:39:18.034,233.321,0,-3,14,-8.91,0,0,0,0,0,0,0,0
2026-03-27 22:39:18.306,233.592,0,-3,14,0.32,0,0,0,0,0,0,0,0
2026-03-27 22:39:18.435,233.721,0,-3,13,-8.12,0,0,0,0,0,0,0,0
2026-03-27 22:39:18.578,233.864,0,-3,14,-10.47,0,0,0,0,0,0,0,0
2026-03-27 22:39:18.658,233.944,0,-3,14,5.94,0,0,0,0,0,0,0,0
2026-03-27 22:39:18.786,234.072,0,-3,14,-10.26,0,0,0,0,0,0,0,0
2026-03-27 22:39:18.882,234.168,0,-3,14,0.28,0,0,0,0,0,0,0,0
2026-03-27 22:39:18.962,234.249,0,-3,14,6.12,0,0,0,0,0,0,0,0
2026-03-27 22:39:19.074,234.360,0,-3,14,0.18,0,0,0,0,0,0,0,0
2026-03-27 22:39:19.202,234.489,0,-3,14,6.14,0,0,0,0,0,0,0,0
2026-03-27 22:39:19.219,234.505,0,-3,14,0.37,0,0,0,0,0,0,0,0
2026-03-27 22:39:19.265,234.552,0,-3,14,0.37,0,0,0,0,0,0,0,0
2026-03-27 22:39:19.426,234.713,0,-3,14,-7.57,0,0,0,0,0,0,0,0
2026-03-27 22:39:19.428,234.714,0,-3,14,0.14,0,0,0,0,0,0,0,0
2026-03-27 22:39:19.505,234.792,0,-3,14,-8.65,0,0,0,0,0,0,0,0
2026-03-27 22:39:19.602,234.889,0,-3,14,-9.24,0,0,0,0,0,0,0,0
2026-03-27 22:39:19.650,234.936,0,-3,14,0.09,0,0,0,0,0,0,0,0
2026-03-27 22:39:19.762,235.049,0,-3,14,-10.79,0,0,0,0,0,0,0,0
2026-03-27 22:39:19.986,235.272,0,-3,14,0.49,0,0,0,0,0,0,0,0
2026-03-27 22:39:20.066,235.352,0,-3,14,0.23,0,0,0,0,0,0,0,0
2026-03-27 22:39:20.242,235.529,0,-3,14,7.63,0,0,0,0,0,0,0,0
2026-03-27 22:39:20.244,235.530,0,-3,14,7.63,0,0,0,0,0,0,0,0
2026-03-27 22:39:20.245,235.531,0,-3,14,0.47,0,0,0,0,0,0,0,0
2026-03-27 22:39:20.274,235.560,0,-3,14,0.2,0,0,0,0,0,0,0,0
2026-03-27 22:39:20.370,235.656,0,-3,14,-9.78,0,0,0,0,0,0,0,0
2026-03-27 22:39:20.387,235.673,0,-3,14,7.0,0,0,0,0,0,0,0,0
2026-03-27 22:39:20.498,235.784,0,-3,14,0.37,0,0,0,0,0,0,0,0
2026-03-27 22:39:20.658,235.944,0,-3,14,-2.98,0,0,0,0,0,0,0,0
2026-03-27 22:39:20.706,235.993,0,-3,14,-8.34,0,0,0,0,0,0,0,0
2026-03-27 22:39:20.834,236.120,0,-3,14,-1.19,0,0,0,0,0,0,0,0
2026-03-27 22:39:20.850,236.136,0,-2,14,-1.19,0,0,0,0,0,0,0,0
2026-03-27 22:39:20.962,236.248,0,-3,14,0.11,0,0,0,0,0,0,0,0
2026-03-27 22:39:21.026,236.312,0,-3,14,0.1,0,0,0,0,0,0,0,0
2026-03-27 22:39:21.138,236.424,0,-3,14,-2.23,0,0,0,0,0,0,0,0
2026-03-27 22:39:21.234,236.520,0,-3,14,0.63,0,0,0,0,0,0,0,0
2026-03-27 22:39:21.362,236.649,0,-3,14,-1.04,0,0,0,0,0,0,0,0
2026-03-27 22:39:21.490,236.776,0,-3,14,6.05,0,0,0,0,0,0,0,0
2026-03-27 22:39:21.522,236.808,0,-3,14,-0.33,0,0,0,0,0,0,0,0
2026-03-27 22:39:21.601,236.888,0,-3,14,-2.03,0,0,0,0,0,0,0,0
2026-03-27 22:39:21.603,236.889,0,-3,14,0.0,0,0,0,0,0,0,0,0
2026-03-27 22:39:21.698,236.984,0,-3,14,-8.52,0,0,0,0,0,0,0,0
2026-03-27 22:39:21.874,237.160,0,-3,14,0.71,0,0,0,0,0,0,0,0
2026-03-27 22:39:21.937,237.223,0,-3,13,-7.21,0,0,0,0,0,0,0,0
2026-03-27 22:39:22.066,237.352,0,-3,14,-3.2,0,0,0,0,0,0,0,0
2026-03-27 22:39:22.145,237.432,0,-3,13,0.5,0,0,0,0,0,0,0,0
2026-03-27 22:39:22.274,237.560,0,-3,14,-6.67,0,0,0,0,0,0,0,0
2026-03-27 22:39:22.434,237.720,0,-3,14,17.59,0,0,0,0,0,0,0,0
2026-03-27 22:39:22.546,237.832,0,-3,14,0.71,0,0,0,0,0,0,0,0
2026-03-27 22:39:22.626,237.913,0,-3,14,-1.76,0,0,0,0,0,0,0,0
2026-03-27 22:39:22.738,238.024,0,-3,14,0.17,0,0,0,0,0,0,0,0
2026-03-27 22:39:22.818,238.104,0,-3,14,-9.04,0,0,0,0,0,0,0,0
2026-03-27 22:39:22.930,238.217,0,-3,14,-10.07,0,0,0,0,0,0,0,0
2026-03-27 22:39:23.010,238.296,0,-3,14,0.24,0,0,0,0,0,0,0,0
2026-03-27 22:39:23.154,238.440,0,-3,14,-10.42,0,0,0,0,0,0,0,0
2026-03-27 22:39:23.250,238.536,0,-3,14,-9.79,0,0,0,0,0,0,0,0
2026-03-27 22:39:23.267,238.553,0,-3,14,0.9,0,0,0,0,0,0,0,0
2026-03-27 22:39:23.585,238.872,0,-3,14,5.28,0,0,0,0,0,0,0,0
2026-03-27 22:39:23.698,238.984,0,-3,13,0.44,0,0,0,0,0,0,0,0
2026-03-27 22:39:23.762,239.048,0,-2,14,8.37,0,0,0,0,0,0,0,0
2026-03-27 22:39:23.906,239.193,0,-3,14,0.67,0,0,0,0,0,0,0,0
2026-03-27 22:39:24.002,239.288,0,-3,14,2.02,0,0,0,0,0,0,0,0
2026-03-27 22:39:24.018,239.304,0,-3,14,-2.01,0,0,0,0,0,0,0,0
2026-03-27 22:39:24.097,239.384,0,-3,14,-2.01,0,0,0,0,0,0,0,0
2026-03-27 22:39:24.162,239.448,0,-3,14,0.4,0,0,0,0,0,0,0,0
2026-03-27 22:39:24.209,239.496,0,-3,11,-0.08,0,0,0,0,0,0,0,0
2026-03-27 22:39:24.338,239.624,0,-3,14,-2.08,0,0,0,0,0,0,0,0
2026-03-27 22:39:24.450,239.736,0,-3,14,7.97,0,0,0,0,0,0,0,0
2026-03-27 22:39:24.498,239.785,0,-3,13,6.12,0,0,0,0,0,0,0,0
2026-03-27 22:39:24.513,239.799,0,-3,14,-9.65,0,0,0,0,0,0,0,0
2026-03-27 22:39:24.690,239.976,0,-3,14,-8.96,0,0,0,0,0,0,0,0
2026-03-27 22:39:24.883,240.169,0,-3,14,-7.47,0,0,0,0,0,0,0,0
2026-03-27 22:39:24.962,240.248,0,-3,14,-7.47,0,0,0,0,0,0,0,0
2026-03-27 22:39:25.073,240.360,0,-3,14,-2.81,0,0,0,0,0,0,0,0
2026-03-27 22:39:25.186,240.472,0,-2,14,-0.01,0,0,0,0,0,0,0,0
2026-03-27 22:39:25.314,240.600,0,-3,14,-3.06,0,0,0,0,0,0,0,0
2026-03-27 22:39:25.442,240.728,0,-3,13,-6.8,0,0,0,0,0,0,0,0
2026-03-27 22:39:25.522,240.808,0,-3,14,6.01,0,0,0,0,0,0,0,0
2026-03-27 22:39:25.602,240.888,0,-3,14,6.31,0,0,0,0,0,0,0,0
2026-03-27 22:39:25.713,240.999,0,-3,14,-2.09,0,0,0,0,0,0,0,0
2026-03-27 22:39:25.842,241.128,0,-3,14,-7.82,0,0,0,0,0,0,0,0
2026-03-27 22:39:25.937,241.223,0,-3,14,-10.09,0,0,0,0,0,0,0,0
2026-03-27 22:39:26.049,241.336,0,-3,14,7.37,0,0,0,0,0,0,0,0
2026-03-27 22:39:26.130,241.416,0,-3,11,0.43,0,0,0,0,0,0,0,0
2026-03-27 22:39:26.242,241.528,0,-3,14,-9.85,0,0,0,0,0,0,0,0
2026-03-27 22:39:26.259,241.545,-1,-3,14,-7.4,0,0,0,0,0,0,0,0
2026-03-27 22:39:26.369,241.656,0,-3,14,0.31,0,0,0,0,0,0,0,0
2026-03-27 22:39:26.498,241.784,0,-3,14,-10.17,0,0,0,0,0,0,0,0
2026-03-27 22:39:26.625,241.912,0,-3,14,5.3,0,0,0,0,0,0,0,0
2026-03-27 22:39:26.657,241.944,0,-3,14,0.39,0,0,0,0,0,0,0,0
2026-03-27 22:39:26.770,242.056,-1,-3,14,17.49,0,0,0,0,0,0,0,0
2026-03-27 22:39:26.881,242.168,0,-3,14,-1.45,0,0,0,0,0,0,0,0
2026-03-27 22:39:27.026,242.312,0,-3,14,0.27,0,0,0,0,0,0,0,0
2026-03-27 22:39:27.105,242.392,0,-3,14,-12.68,0,0,0,0,0,0,0,0
2026-03-27 22:39:27.107,242.394,0,-3,14,6.18,0,0,0,0,0,0,0,0
2026-03-27 22:39:27.218,242.504,0,-3,14,6.18,0,0,0,0,0,0,0,0
2026-03-27 22:39:27.297,242.584,0,-3,14,6.08,0,0,0,0,0,0,0,0
2026-03-27 22:39:27.425,242.712,0,-3,14,0.33,0,0,0,0,0,0,0,0
2026-03-27 22:39:27.537,242.824,0,-3,14,18.64,0,0,0,0,0,0,0,0
2026-03-27 22:39:27.649,242.936,0,-3,14,0.34,0,0,0,0,0,0,0,0
2026-03-27 22:39:27.745,243.032,0,-3,14,0.38,0,0,0,0,0,0,0,0
2026-03-27 22:39:27.825,243.112,0,-3,14,-10.21,0,0,0,0,0,0,0,0
2026-03-27 22:39:27.937,243.224,0,-3,14,0.1,0,0,0,0,0,0,0,0
2026-03-27 22:39:28.065,243.351,0,-3,14,0.59,0,0,0,0,0,0,0,0
2026-03-27 22:39:28.066,243.353,0,-3,14,-0.02,0,0,0,0,0,0,0,0
2026-03-27 22:39:28.177,243.464,0,-3,14,-11.43,0,0,0,0,0,0,0,0
2026-03-27 22:39:28.305,243.591,0,-3,14,6.18,0,0,0,0,0,0,0,0
2026-03-27 22:39:28.641,243.927,0,-3,14,-7.77,0,0,0,0,0,0,0,0
2026-03-27 22:39:28.753,244.040,0,-3,14,-0.29,0,0,0,0,0,0,0,0
2026-03-27 22:39:28.817,244.103,0,-3,14,6.46,0,0,0,0,0,0,0,0
2026-03-27 22:39:28.818,244.104,0,-3,14,6.46,0,0,0,0,0,0,0,0
2026-03-27 22:39:28.977,244.264,0,-3,14,0.04,0,0,0,0,0,0,0,0
2026-03-27 22:39:29.090,244.376,0,-3,14,-9.18,0,0,0,0,0,0,0,0
2026-03-27 22:39:29.201,244.488,0,-3,14,-2.65,0,0,0,0,0,0,0,0
2026-03-27 22:39:29.329,244.615,0,-3,14,-8.58,0,0,0,0,0,0,0,0
2026-03-27 22:39:29.331,244.617,0,-3,14,-6.8,0,0,0,0,0,0,0,0
2026-03-27 22:39:29.361,244.647,0,-3,14,0.42,0,0,0,0,0,0,0,0
2026-03-27 22:39:29.473,244.760,0,-2,14,0.04,0,0,0,0,0,0,0,0
2026-03-27 22:39:29.617,244.903,0,-3,14,5.86,0,0,0,0,0,0,0,0
2026-03-27 22:39:29.713,245.000,0,-3,14,-7.86,0,0,0,0,0,0,0,0
2026-03-27 22:39:29.794,245.080,0,-3,14,-10.31,0,0,0,0,0,0,0,0
2026-03-27 22:39:29.889,245.176,0,-3,14,0.21,0,0,0,0,0,0,0,0
2026-03-27 22:39:29.892,245.179,0,-3,14,0.23,0,0,0,0,0,0,0,0
2026-03-27 22:39:29.953,245.240,0,-3,13,18.5,0,0,0,0,0,0,0,0
2026-03-27 22:39:30.098,245.384,0,-3,14,-1.82,0,0,0,0,0,0,0,0
2026-03-27 22:39:30.115,245.401,0,-2,14,6.01,0,0,0,0,0,0,0,0
2026-03-27 22:39:30.193,245.480,0,-3,14,6.01,0,0,0,0,0,0,0,0
2026-03-27 22:39:30.338,245.624,0,-2,14,0.24,0,0,0,0,0,0,0,0
2026-03-27 22:39:30.465,245.752,0,-3,14,-11.98,0,0,0,0,0,0,0,0
2026-03-27 22:39:30.561,245.848,0,-3,14,-10.7,0,0,0,0,0,0,0,0
2026-03-27 22:39:30.609,245.896,0,-3,14,0.57,0,0,0,0,0,0,0,0
2026-03-27 22:39:30.721,246.008,0,-3,14,-7.48,0,0,0,0,0,0,0,0
2026-03-27 22:39:30.833,246.119,0,-3,14,-10.3,0,0,0,0,0,0,0,0
2026-03-27 22:39:30.835,246.121,0,-3,14,-10.3,0,0,0,0,0,0,0,0
2026-03-27 22:39:30.929,246.216,0,-3,14,6.27,0,0,0,0,0,0,0,0
2026-03-27 22:39:31.026,246.312,0,-3,14,-14.95,0,0,0,0,0,0,0,0
2026-03-27 22:39:31.105,246.392,0,-3,14,0.47,0,0,0,0,0,0,0,0
2026-03-27 22:39:31.169,246.456,0,-3,14,-1.92,0,0,0,0,0,0,0,0
2026-03-27 22:39:31.537,246.824,0,-3,13,6.37,0,0,0,0,0,0,0,0
2026-03-27 22:39:31.649,246.936,0,-3,14,-10.29,0,0,0,0,0,0,0,0
2026-03-27 22:39:31.778,247.064,0,-3,14,5.53,0,0,0,0,0,0,0,0
2026-03-27 22:39:31.889,247.175,0,-3,14,-7.8,0,0,0,0,0,0,0,0
2026-03-27 22:39:32.049,247.336,0,-2,14,6.24,0,0,0,0,0,0,0,0
2026-03-27 22:39:32.289,247.576,0,-3,14,-1.99,0,0,0,0,0,0,0,0
2026-03-27 22:39:32.385,247.672,0,-3,14,-7.56,0,0,0,0,0,0,0,0
2026-03-27 22:39:32.497,247.784,0,-3,14,-10.66,0,0,0,0,0,0,0,0
2026-03-27 22:39:32.641,247.927,0,-3,14,1.21,0,0,0,0,0,0,0,0
2026-03-27 22:39:32.722,248.008,0,-3,13,6.25,0,0,0,0,0,0,0,0
2026-03-27 22:39:32.849,248.135,0,-3,11,4.29,0,0,0,0,0,0,0,0
2026-03-27 22:39:32.978,248.264,0,-3,14,1.42,0,0,0,0,0,0,0,0
2026-03-27 22:39:33.105,248.392,0,-2,14,0.37,0,0,0,0,0,0,0,0
2026-03-27 22:39:33.122,248.408,0,-2,14,-1.93,0,0,0,0,0,0,0,0
2026-03-27 22:39:33.218,248.504,0,-3,14,-1.93,0,0,0,0,0,0,0,0
2026-03-27 22:39:33.298,248.584,0,-3,14,-11.18,0,0,0,0,0,0,0,0
2026-03-27 22:39:33.457,248.743,0,-3,14,6.01,0,0,0,0,0,0,0,0
2026-03-27 22:39:33.569,248.855,0,-3,14,0.28,0,0,0,0,0,0,0,0
2026-03-27 22:39:33.617,248.904,0,-3,13,0.08,0,0,0,0,0,0,0,0
2026-03-27 22:39:33.746,249.032,0,-2,14,-8.12,0,0,0,0,0,0,0,0
2026-03-27 22:39:33.793,249.079,0,-3,14,-0.02,0,0,0,0,0,0,0,0
2026-03-27 22:39:33.937,249.224,0,-3,14,0.45,0,0,0,0,0,0,0,0
2026-03-27 22:39:33.985,249.271,0,-3,14,6.22,0,0,0,0,0,0,0,0
2026-03-27 22:39:34.146,249.432,0,-3,14,6.4,0,0,0,0,0,0,0,0
2026-03-27 22:39:34.241,249.527,0,-3,14,-8.53,0,0,0,0,0,0,0,0
2026-03-27 22:39:34.369,249.655,0,-3,14,0.36,0,0,0,0,0,0,0,0
2026-03-27 22:39:34.482,249.768,0,-3,14,17.62,0,0,0,0,0,0,0,0
2026-03-27 22:39:34.513,249.800,0,-3,14,6.43,0,0,0,0,0,0,0,0
2026-03-27 22:39:34.609,249.895,0,-3,14,0.27,0,0,0,0,0,0,0,0
2026-03-27 22:39:34.769,250.056,0,-3,13,-9.3,0,0,0,0,0,0,0,0
2026-03-27 22:39:34.849,250.135,0,-3,14,-1.55,0,0,0,0,0,0,0,0
2026-03-27 22:39:34.852,250.138,0,-3,14,-9.49,0,0,0,0,0,0,0,0
2026-03-27 22:39:34.929,250.215,0,-3,14,-9.49,0,0,0,0,0,0,0,0
2026-03-27 22:39:35.057,250.343,0,-3,14,0.44,0,0,0,0,0,0,0,0
2026-03-27 22:39:35.138,250.424,0,-3,14,0.02,0,0,0,0,0,0,0,0
2026-03-27 22:39:35.249,250.535,0,-3,14,0.46,0,0,0,0,0,0,0,0
2026-03-27 22:39:35.346,250.632,0,-3,14,-9.59,0,0,0,0,0,0,0,0
2026-03-27 22:39:35.425,250.711,0,-3,14,0.03,0,0,0,0,0,0,0,0
2026-03-27 22:39:35.521,250.808,0,-3,13,0.31,0,0,0,0,0,0,0,0
2026-03-27 22:39:35.617,250.903,0,-3,14,-11.28,0,0,0,0,0,0,0,0
2026-03-27 22:39:35.713,251.000,0,-3,14,0.64,0,0,0,0,0,0,0,0
2026-03-27 22:39:35.826,251.112,0,-3,14,-11.33,0,0,0,0,0,0,0,0
2026-03-27 22:39:35.938,251.224,0,-3,14,-9.99,0,0,0,0,0,0,0,0
2026-03-27 22:39:35.969,251.255,0,-3,14,6.09,0,0,0,0,0,0,0,0
2026-03-27 22:39:36.049,251.336,0,-3,14,-0.54,0,0,0,0,0,0,0,0
2026-03-27 22:39:36.273,251.560,0,-3,14,-0.25,0,0,0,0,0,0,0,0
2026-03-27 22:39:36.449,251.735,0,-3,14,0.11,0,0,0,0,0,0,0,0
2026-03-27 22:39:36.513,251.800,0,-3,14,0.28,0,0,0,0,0,0,0,0
2026-03-27 22:39:36.705,251.992,0,-3,14,-8.94,0,0,0,0,0,0,0,0
2026-03-27 22:39:36.753,252.039,0,-3,13,0.41,0,0,0,0,0,0,0,0
2026-03-27 22:39:36.833,252.119,0,-3,14,-0.08,0,0,0,0,0,0,0,0
2026-03-27 22:39:36.961,252.248,0,-3,14,6.65,0,0,0,0,0,0,0,0
2026-03-27 22:39:37.073,252.359,0,-3,14,-10.75,0,0,0,0,0,0,0,0
2026-03-27 22:39:37.153,252.439,0,-3,14,-7.1,0,0,0,0,0,0,0,0
2026-03-27 22:39:37.297,252.583,0,-3,14,5.06,0,0,0,0,0,0,0,0
2026-03-27 22:39:37.345,252.631,0,-3,14,-0.0,0,0,0,0,0,0,0,0
2026-03-27 22:39:37.346,252.633,0,-3,14,-0.25,0,0,0,0,0,0,0,0
2026-03-27 22:39:37.441,252.728,0,-3,14,-9.89,0,0,0,0,0,0,0,0
2026-03-27 22:39:37.617,252.904,0,-3,14,0.23,0,0,0,0,0,0,0,0
2026-03-27 22:39:37.633,252.919,0,-3,14,-9.55,0,0,0,0,0,0,0,0
2026-03-27 22:39:37.681,252.967,0,-3,14,-9.55,0,0,0,0,0,0,0,0
2026-03-27 22:39:37.889,253.175,0,-3,14,1.31,0,0,0,0,0,0,0,0
2026-03-27 22:39:37.905,253.192,0,-3,14,-8.24,0,0,0,0,0,0,0,0
2026-03-27 22:39:37.953,253.239,0,-3,14,0.31,0,0,0,0,0,0,0,0
2026-03-27 22:39:38.081,253.368,0,-3,14,6.09,0,0,0,0,0,0,0,0
2026-03-27 22:39:38.083,253.370,0,-3,14,-9.09,0,0,0,0,0,0,0,0
2026-03-27 22:39:38.129,253.415,0,-3,14,2.12,0,0,0,0,0,0,0,0
2026-03-27 22:39:38.257,253.543,0,-3,14,-10.03,0,0,0,0,0,0,0,0
2026-03-27 22:39:38.354,253.640,0,-3,14,0.06,0,0,0,0,0,0,0,0
2026-03-27 22:39:38.528,253.815,0,-3,14,-10.65,0,0,0,0,0,0,0,0
2026-03-27 22:39:38.531,253.817,0,-2,14,0.11,0,0,0,0,0,0,0,0
2026-03-27 22:39:38.594,253.880,0,-3,14,0.11,0,0,0,0,0,0,0,0
2026-03-27 22:39:38.705,253.991,0,-3,14,-0.6,0,0,0,0,0,0,0,0
2026-03-27 22:39:38.786,254.072,0,-3,14,-2.5,0,0,0,0,0,0,0,0
2026-03-27 22:39:38.897,254.183,0,-3,14,0.54,0,0,0,0,0,0,0,0
2026-03-27 22:39:38.993,254.279,0,-3,14,-9.93,0,0,0,0,0,0,0,0
2026-03-27 22:39:39.089,254.375,0,-3,14,-1.66,0,0,0,0,0,0,0,0
2026-03-27 22:39:39.185,254.471,0,-3,14,6.13,0,0,0,0,0,0,0,0
2026-03-27 22:39:39.313,254.599,0,-3,14,-11.18,0,0,0,0,0,0,0,0
2026-03-27 22:39:39.474,254.760,0,-3,14,-10.04,0,0,0,0,0,0,0,0
2026-03-27 22:39:39.505,254.791,0,-3,14,-8.61,0,0,0,0,0,0,0,0
2026-03-27 22:39:39.617,254.903,0,-3,14,0.33,0,0,0,0,0,0,0,0
2026-03-27 22:39:39.729,255.015,0,-3,14,0.54,0,0,0,0,0,0,0,0
2026-03-27 22:39:39.857,255.144,0,-3,14,6.48,0,0,0,0,0,0,0,0
2026-03-27 22:39:39.953,255.239,0,-3,14,17.13,0,0,0,0,0,0,0,0
2026-03-27 22:39:40.016,255.302,0,-3,14,-11.28,0,0,0,0,0,0,0,0
2026-03-27 22:39:40.033,255.319,0,-3,14,-11.28,0,0,0,0,0,0,0,0
2026-03-27 22:39:40.113,255.399,0,-3,11,0.58,0,0,0,0,0,0,0,0
2026-03-27 22:39:40.257,255.543,0,-3,14,-7.33,0,0,0,0,0,0,0,0
2026-03-27 22:39:40.305,255.591,0,-3,14,-1.79,0,0,0,0,0,0,0,0
2026-03-27 22:39:40.466,255.752,0,-3,14,6.0,0,0,0,0,0,0,0,0
2026-03-27 22:39:40.529,255.815,0,-3,14,-10.08,0,0,0,0,0,0,0,0
2026-03-27 22:39:40.673,255.959,0,-3,14,0.35,0,0,0,0,0,0,0,0
2026-03-27 22:39:40.817,256.103,0,-3,14,0.56,0,0,0,0,0,0,0,0
2026-03-27 22:39:40.849,256.135,0,-3,14,-3.3,0,0,0,0,0,0,0,0
2026-03-27 22:39:41.265,256.552,0,-3,14,-9.51,0,0,0,0,0,0,0,0
2026-03-27 22:39:41.345,256.632,0,-3,14,5.81,0,0,0,0,0,0,0,0
2026-03-27 22:39:41.426,256.712,0,-3,14,-10.13,0,0,0,0,0,0,0,0
2026-03-27 22:39:41.521,256.807,0,-3,14,0.35,0,0,0,0,0,0,0,0
2026-03-27 22:39:41.649,256.935,0,-3,14,6.69,0,0,0,0,0,0,0,0
2026-03-27 22:39:41.761,257.047,0,-3,14,-0.16,0,0,0,0,0,0,0,0
2026-03-27 22:39:41.873,257.159,0,-3,14,-7.97,0,0,0,0,0,0,0,0
2026-03-27 22:39:41.953,257.239,0,-3,14,-2.7,0,0,0,0,0,0,0,0
2026-03-27 22:39:41.973,257.259,0,-3,14,0.47,0,0,0,0,0,0,0,0
2026-03-27 22:39:42.065,257.352,0,-3,14,-0.25,0,0,0,0,0,0,0,0
2026-03-27 22:39:42.129,257.415,0,-3,14,-1.35,0,0,0,0,0,0,0,0
2026-03-27 22:39:42.353,257.639,0,-3,14,-10.49,0,0,0,0,0,0,0,0
2026-03-27 22:39:42.354,257.640,0,-3,14,-10.49,0,0,0,0,0,0,0,0
2026-03-27 22:39:42.355,257.641,0,-3,14,6.84,0,0,0,0,0,0,0,0
2026-03-27 22:39:42.401,257.687,0,-3,14,6.84,0,0,0,0,0,0,0,0
2026-03-27 22:39:42.497,257.783,0,-3,14,0.35,0,0,0,0,0,0,0,0
2026-03-27 22:39:42.577,257.863,0,-3,14,-8.57,0,0,0,0,0,0,0,0
2026-03-27 22:39:42.769,258.055,0,-3,14,6.32,0,0,0,0,0,0,0,0
2026-03-27 22:39:42.881,258.167,0,-3,14,-11.37,0,0,0,0,0,0,0,0
2026-03-27 22:39:42.913,258.199,0,-3,14,-10.39,0,0,0,0,0,0,0,0
2026-03-27 22:39:43.056,258.343,0,-3,14,5.9,0,0,0,0,0,0,0,0
2026-03-27 22:39:43.217,258.503,0,-3,14,-7.07,0,0,0,0,0,0,0,0
2026-03-27 22:39:43.329,258.615,0,-3,14,-8.1,0,0,0,0,0,0,0,0
2026-03-27 22:39:43.457,258.743,0,-3,14,0.48,0,0,0,0,0,0,0,0
2026-03-27 22:39:43.472,258.759,0,-3,14,6.33,0,0,0,0,0,0,0,0
2026-03-27 22:39:43.537,258.823,0,-3,14,6.33,0,0,0,0,0,0,0,0
2026-03-27 22:39:43.601,258.887,0,-3,14,-1.51,0,0,0,0,0,0,0,0
2026-03-27 22:39:43.728,259.014,0,-3,14,5.87,0,0,0,0,0,0,0,0
2026-03-27 22:39:43.729,259.016,0,-3,14,5.87,0,0,0,0,0,0,0,0
2026-03-27 22:39:43.841,259.127,0,-3,14,0.66,0,0,0,0,0,0,0,0
2026-03-27 22:39:43.937,259.223,0,-3,14,-8.1,0,0,0,0,0,0,0,0
2026-03-27 22:39:44.049,259.336,0,-3,14,-8.51,0,0,0,0,0,0,0,0
2026-03-27 22:39:44.145,259.432,0,-3,14,-4.99,0,0,0,0,0,0,0,0
2026-03-27 22:39:44.273,259.559,0,-3,14,-9.57,0,0,0,0,0,0,0,0
2026-03-27 22:39:44.321,259.607,0,-3,14,0.63,0,0,0,0,0,0,0,0
2026-03-27 22:39:44.323,259.610,0,-3,14,-9.53,0,0,0,0,0,0,0,0
2026-03-27 22:39:44.401,259.687,0,-3,14,0.2,0,0,0,0,0,0,0,0
2026-03-27 22:39:44.545,259.831,0,-2,14,-7.51,0,0,0,0,0,0,0,0
2026-03-27 22:39:44.673,259.959,0,-3,14,18.92,0,0,0,0,0,0,0,0
2026-03-27 22:39:44.784,260.071,0,-3,11,-2.11,0,0,0,0,0,0,0,0
2026-03-27 22:39:44.961,260.247,0,-3,14,6.2,0,0,0,0,0,0,0,0
2026-03-27 22:39:45.009,260.295,0,-3,14,-9.17,0,0,0,0,0,0,0,0
2026-03-27 22:39:45.136,260.422,0,-3,14,0.5,0,0,0,0,0,0,0,0
2026-03-27 22:39:45.249,260.536,0,-3,14,-1.93,0,0,0,0,0,0,0,0
2026-03-27 22:39:45.377,260.663,0,-3,13,-7.64,0,0,0,0,0,0,0,0
2026-03-27 22:39:45.456,260.743,0,-3,14,1.38,0,0,0,0,0,0,0,0
2026-03-27 22:39:45.568,260.855,0,-3,14,-8.31,0,0,0,0,0,0,0,0
2026-03-27 22:39:45.712,260.999,0,-3,14,-7.55,0,0,0,0,0,0,0,0
2026-03-27 22:39:45.824,261.111,0,-3,14,1.69,0,0,0,0,0,0,0,0
2026-03-27 22:39:45.888,261.175,0,-3,14,-10.62,0,0,0,0,0,0,0,0
2026-03-27 22:39:46.064,261.351,0,-3,13,0.31,0,0,0,0,0,0,0,0
2026-03-27 22:39:46.208,261.494,0,-3,14,-1.87,0,0,0,0,0,0,0,0
2026-03-27 22:39:46.273,261.559,0,-3,14,1.01,0,0,0,0,0,0,0,0
2026-03-27 22:39:46.352,261.639,0,-3,14,-1.85,0,0,0,0,0,0,0,0
2026-03-27 22:39:46.529,261.815,0,-3,13,-10.3,0,0,0,0,0,0,0,0
2026-03-27 22:39:46.609,261.895,0,-3,14,6.1,0,0,0,0,0,0,0,0
2026-03-27 22:39:46.705,261.991,0,-3,14,-0.31,0,0,0,0,0,0,0,0
2026-03-27 22:39:46.784,262.071,0,-3,14,-9.02,0,0,0,0,0,0,0,0
2026-03-27 22:39:46.945,262.231,0,-3,14,-8.64,0,0,0,0,0,0,0,0
2026-03-27 22:39:46.962,262.248,0,-3,14,-2.02,0,0,0,0,0,0,0,0
2026-03-27 22:39:47.105,262.391,0,-3,14,0.45,0,0,0,0,0,0,0,0
2026-03-27 22:39:47.137,262.423,0,-3,14,-10.56,0,0,0,0,0,0,0,0
2026-03-27 22:39:47.249,262.535,0,-3,14,0.28,0,0,0,0,0,0,0,0
2026-03-27 22:39:47.345,262.631,0,-3,14,-2.17,0,0,0,0,0,0,0,0
2026-03-27 22:39:47.392,262.679,0,-3,14,-8.61,0,0,0,0,0,0,0,0
2026-03-27 22:39:47.408,262.695,0,-3,14,6.03,0,0,0,0,0,0,0,0
2026-03-27 22:39:47.553,262.839,0,-3,14,6.03,0,0,0,0,0,0,0,0
2026-03-27 22:39:47.601,262.888,0,-3,14,-10.06,0,0,0,0,0,0,0,0
2026-03-27 22:39:47.744,263.030,0,-3,14,0.45,0,0,0,0,0,0,0,0
2026-03-27 22:39:47.776,263.062,0,-3,14,5.57,0,0,0,0,0,0,0,0
2026-03-27 22:39:47.872,263.159,0,-3,11,-1.18,0,0,0,0,0,0,0,0
2026-03-27 22:39:47.873,263.159,0,-2,11,-1.18,0,0,0,0,0,0,0,0
2026-03-27 22:39:47.888,263.175,0,-3,14,0.08,0,0,0,0,0,0,0,0
2026-03-27 22:39:47.985,263.271,0,-3,14,0.08,0,0,0,0,0,0,0,0
2026-03-27 22:39:48.081,263.367,0,-3,14,-1.87,0,0,0,0,0,0,0,0
2026-03-27 22:39:48.161,263.447,0,-3,14,5.77,0,0,0,0,0,0,0,0
2026-03-27 22:39:48.289,263.575,0,-3,14,1.82,0,0,0,0,0,0,0,0
2026-03-27 22:39:48.560,263.847,0,-3,13,-9.86,0,0,0,0,0,0,0,0
2026-03-27 22:39:48.673,263.959,0,-3,14,0.14,0,0,0,0,0,0,0,0
2026-03-27 22:39:48.816,264.103,0,-3,13,6.29,0,0,0,0,0,0,0,0
2026-03-27 22:39:48.881,264.167,0,-3,14,-2.01,0,0,0,0,0,0,0,0
2026-03-27 22:39:48.993,264.279,0,-3,13,0.51,0,0,0,0,0,0,0,0
2026-03-27 22:39:49.072,264.359,0,-3,14,-9.47,0,0,0,0,0,0,0,0
2026-03-27 22:39:49.137,264.423,0,-3,14,5.7,0,0,0,0,0,0,0,0
2026-03-27 22:39:49.249,264.536,0,-3,14,-0.34,0,0,0,0,0,0,0,0
2026-03-27 22:39:49.266,264.552,0,-3,14,-10.11,0,0,0,0,0,0,0,0
2026-03-27 22:39:49.393,264.679,0,-3,14,-10.11,0,0,0,0,0,0,0,0
2026-03-27 22:39:49.489,264.775,0,-3,14,5.36,0,0,0,0,0,0,0,0
2026-03-27 22:39:49.553,264.839,0,-3,13,-1.79,0,0,0,0,0,0,0,0
2026-03-27 22:39:49.680,264.967,0,-3,11,6.15,0,0,0,0,0,0,0,0
2026-03-27 22:39:49.808,265.095,0,-3,14,-10.16,0,0,0,0,0,0,0,0
2026-03-27 22:39:49.840,265.126,0,-3,14,0.22,0,0,0,0,0,0,0,0
2026-03-27 22:39:49.842,265.128,0,-3,14,0.22,0,0,0,0,0,0,0,0
2026-03-27 22:39:49.968,265.255,0,-2,14,17.44,0,0,0,0,0,0,0,0
2026-03-27 22:39:50.096,265.382,0,-3,14,1.46,0,0,0,0,0,0,0,0
2026-03-27 22:39:50.289,265.575,0,-3,14,17.92,0,0,0,0,0,0,0,0
2026-03-27 22:39:50.561,265.847,0,-3,14,6.24,0,0,0,0,0,0,0,0
2026-03-27 22:39:50.657,265.943,0,-2,14,-9.37,0,0,0,0,0,0,0,0
2026-03-27 22:39:50.768,266.055,0,-3,14,0.51,0,0,0,0,0,0,0,0
2026-03-27 22:39:50.865,266.151,0,-3,14,0.33,0,0,0,0,0,0,0,0
2026-03-27 22:39:50.945,266.231,0,-3,14,6.35,0,0,0,0,0,0,0,0
2026-03-27 22:39:51.056,266.342,0,-3,14,0.36,0,0,0,0,0,0,0,0
2026-03-27 22:39:51.344,266.630,0,-3,14,-0.04,0,0,0,0,0,0,0,0
2026-03-27 22:39:51.425,266.711,0,-3,14,-7.65,0,0,0,0,0,0,0,0
2026-03-27 22:39:51.504,266.790,0,-3,14,0.54,0,0,0,0,0,0,0,0
2026-03-27 22:39:51.665,266.951,0,-3,14,6.32,0,0,0,0,0,0,0,0
2026-03-27 22:39:51.792,267.078,0,-3,14,-8.86,0,0,0,0,0,0,0,0
2026-03-27 22:39:51.794,267.080,0,-3,14,-3.65,0,0,0,0,0,0,0,0
2026-03-27 22:39:51.889,267.175,0,-3,14,-3.65,0,0,0,0,0,0,0,0
2026-03-27 22:39:51.969,267.255,0,-3,14,0.6,0,0,0,0,0,0,0,0
2026-03-27 22:39:52.033,267.319,0,-3,14,-8.23,0,0,0,0,0,0,0,0
2026-03-27 22:39:52.192,267.479,0,-3,13,0.21,0,0,0,0,0,0,0,0
2026-03-27 22:39:52.321,267.607,0,-3,14,0.42,0,0,0,0,0,0,0,0
2026-03-27 22:39:52.384,267.670,0,-3,14,-9.42,0,0,0,0,0,0,0,0
2026-03-27 22:39:52.402,267.688,0,-3,14,2.4,0,0,0,0,0,0,0,0
2026-03-27 22:39:52.480,267.766,0,-3,14,2.4,0,0,0,0,0,0,0,0
2026-03-27 22:39:52.640,267.927,0,-3,14,-7.5,0,0,0,0,0,0,0,0
2026-03-27 22:39:52.672,267.959,0,-3,14,0.22,0,0,0,0,0,0,0,0
2026-03-27 22:39:52.674,267.961,0,-3,14,-7.35,0,0,0,0,0,0,0,0
2026-03-27 22:39:52.816,268.102,0,-3,14,-3.21,0,0,0,0,0,0,0,0
2026-03-27 22:39:52.896,268.182,0,-3,14,-7.68,0,0,0,0,0,0,0,0
2026-03-27 22:39:52.976,268.262,0,-3,14,-9.09,0,0,0,0,0,0,0,0
2026-03-27 22:39:53.057,268.343,0,-3,14,-10.12,0,0,0,0,0,0,0,0
2026-03-27 22:39:53.264,268.550,0,-3,14,6.42,0,0,0,0,0,0,0,0
2026-03-27 22:39:53.329,268.615,0,-3,14,5.92,0,0,0,0,0,0,0,0
2026-03-27 22:39:53.409,268.695,0,-3,14,-6.9,0,0,0,0,0,0,0,0
2026-03-27 22:39:53.600,268.886,0,-3,14,0.46,0,0,0,0,0,0,0,0
2026-03-27 22:39:53.665,268.951,0,-3,11,-9.81,0,0,0,0,0,0,0,0
2026-03-27 22:39:53.760,269.046,0,-3,14,0.45,0,0,0,0,0,0,0,0
2026-03-27 22:39:53.792,269.078,0,-3,14,0.32,0,0,0,0,0,0,0,0
2026-03-27 22:39:53.873,269.159,0,-3,14,-8.52,0,0,0,0,0,0,0,0
2026-03-27 22:39:53.984,269.270,0,-3,14,5.79,0,0,0,0,0,0,0,0
2026-03-27 22:39:54.081,269.367,0,-5,14,0.32,0,0,0,0,0,0,0,0
2026-03-27 22:39:54.176,269.462,0,-3,14,-1.9,0,0,0,0,0,0,0,0
2026-03-27 22:39:54.304,269.591,0,-3,14,-0.04,0,0,0,0,0,0,0,0
2026-03-27 22:39:54.416,269.703,0,-3,14,-7.82,0,0,0,0,0,0,0,0
2026-03-27 22:39:54.496,269.783,0,-3,14,-9.55,0,0,0,0,0,0,0,0
2026-03-27 22:39:54.592,269.879,0,-3,14,-1.86,0,0,0,0,0,0,0,0
2026-03-27 22:39:54.784,270.070,0,-3,14,-7.28,0,0,0,0,0,0,0,0
2026-03-27 22:39:54.833,270.119,0,-3,14,-1.97,0,0,0,0,0,0,0,0
2026-03-27 22:39:54.913,270.199,0,-3,14,0.39,0,0,0,0,0,0,0,0
2026-03-27 22:39:55.007,270.294,0,-3,14,-1.9,0,0,0,0,0,0,0,0
2026-03-27 22:39:55.009,270.295,0,-3,14,-1.9,0,0,0,0,0,0,0,0
2026-03-27 22:39:55.089,270.375,0,-3,13,-10.01,0,0,0,0,0,0,0,0
2026-03-27 22:39:55.248,270.534,0,-3,13,0.21,0,0,0,0,0,0,0,0
2026-03-27 22:39:55.552,270.838,0,-3,14,-9.35,0,0,0,0,0,0,0,0
2026-03-27 22:39:55.681,270.967,0,-4,14,0.27,0,0,0,0,0,0,0,0
2026-03-27 22:39:55.793,271.079,0,-3,14,-7.49,0,0,0,0,0,0,0,0
2026-03-27 22:39:55.824,271.110,0,-3,14,5.87,0,0,0,0,0,0,0,0
2026-03-27 22:39:55.984,271.270,0,-3,14,-10.77,0,0,0,0,0,0,0,0
2026-03-27 22:39:56.049,271.335,0,-3,14,-7.81,0,0,0,0,0,0,0,0
2026-03-27 22:39:56.176,271.462,0,-3,14,6.36,0,0,0,0,0,0,0,0
2026-03-27 22:39:56.352,271.639,0,-3,14,0.3,0,0,0,0,0,0,0,0
2026-03-27 22:39:56.400,271.687,0,-3,14,-8.4,0,0,0,0,0,0,0,0
2026-03-27 22:39:56.465,271.751,0,-3,14,-9.87,0,0,0,0,0,0,0,0
2026-03-27 22:39:56.609,271.895,0,-3,14,0.12,0,0,0,0,0,0,0,0
2026-03-27 22:39:56.736,272.022,0,-3,14,0.32,0,0,0,0,0,0,0,0
2026-03-27 22:39:56.737,272.023,-1,-3,13,0.32,0,0,0,0,0,0,0,0
2026-03-27 22:39:56.801,272.087,0,-3,14,-11.07,0,0,0,0,0,0,0,0
2026-03-27 22:39:56.944,272.230,0,-3,14,5.1,0,0,0,0,0,0,0,0
2026-03-27 22:39:56.946,272.233,0,-3,14,-7.87,0,0,0,0,0,0,0,0
2026-03-27 22:39:57.024,272.311,0,-3,14,6.45,0,0,0,0,0,0,0,0
2026-03-27 22:39:57.121,272.407,0,-3,14,-8.46,0,0,0,0,0,0,0,0
2026-03-27 22:39:57.200,272.486,0,-3,14,-9.31,0,0,0,0,0,0,0,0
2026-03-27 22:39:57.296,272.582,0,-3,14,0.27,0,0,0,0,0,0,0,0
2026-03-27 22:39:57.409,272.695,0,-3,14,-9.77,0,0,0,0,0,0,0,0
2026-03-27 22:39:57.505,272.791,0,-3,14,-1.91,0,0,0,0,0,0,0,0
2026-03-27 22:39:57.520,272.807,0,-2,14,6.25,0,0,0,0,0,0,0,0
2026-03-27 22:39:57.617,272.903,0,-3,14,6.25,0,0,0,0,0,0,0,0
2026-03-27 22:39:57.760,273.046,0,-3,14,-9.86,0,0,0,0,0,0,0,0
2026-03-27 22:39:57.920,273.206,0,-3,14,-7.17,0,0,0,0,0,0,0,0
2026-03-27 22:39:57.952,273.238,0,-3,14,-4.33,0,0,0,0,0,0,0,0
2026-03-27 22:39:58.049,273.335,0,-3,14,-8.25,0,0,0,0,0,0,0,0
2026-03-27 22:39:58.144,273.431,0,-3,14,6.05,0,0,0,0,0,0,0,0
2026-03-27 22:39:58.288,273.574,0,-3,14,5.5,0,0,0,0,0,0,0,0
2026-03-27 22:39:58.384,273.670,0,-3,14,-9.05,0,0,0,0,0,0,0,0
2026-03-27 22:39:58.480,273.766,0,-3,11,-6.83,0,0,0,0,0,0,0,0
2026-03-27 22:39:58.625,273.911,0,-3,14,0.18,0,0,0,0,0,0,0,0
2026-03-27 22:39:58.736,274.022,0,-3,14,17.48,0,0,0,0,0,0,0,0
2026-03-27 22:39:58.800,274.087,0,-3,14,-1.83,0,0,0,0,0,0,0,0
2026-03-27 22:39:58.880,274.166,0,-3,14,6.01,0,0,0,0,0,0,0,0
2026-03-27 22:39:59.088,274.375,0,-3,14,0.29,0,0,0,0,0,0,0,0
2026-03-27 22:39:59.168,274.454,0,-3,14,-8.48,0,0,0,0,0,0,0,0
2026-03-27 22:39:59.232,274.519,0,-3,14,0.25,0,0,0,0,0,0,0,0
2026-03-27 22:39:59.360,274.647,0,-3,14,-9.95,0,0,0,0,0,0,0,0
2026-03-27 22:39:59.456,274.742,0,-3,14,-8.58,0,0,0,0,0,0,0,0
2026-03-27 22:39:59.584,274.870,0,-3,14,0.19,0,0,0,0,0,0,0,0
2026-03-27 22:39:59.648,274.935,0,-3,14,-9.39,0,0,0,0,0,0,0,0
2026-03-27 22:39:59.776,275.062,0,-3,14,0.14,0,0,0,0,0,0,0,0
2026-03-27 22:39:59.920,275.206,0,-3,14,0.28,0,0,0,0,0,0,0,0
2026-03-27 22:40:00.048,275.334,0,-3,11,-7.5,0,0,0,0,0,0,0,0
2026-03-27 22:40:00.049,275.335,0,-3,14,0.44,0,0,0,0,0,0,0,0
2026-03-27 22:40:00.064,275.351,0,-3,14,6.54,0,0,0,0,0,0,0,0
2026-03-27 22:40:00.176,275.462,0,-3,14,6.54,0,0,0,0,0,0,0,0
2026-03-27 22:40:00.208,275.494,0,-3,14,-9.0,0,0,0,0,0,0,0,0
2026-03-27 22:40:00.288,275.575,0,-3,14,0.24,0,0,0,0,0,0,0,0
2026-03-27 22:40:00.432,275.718,0,-3,14,1.65,0,0,0,0,0,0,0,0
2026-03-27 22:40:00.512,275.798,0,-3,14,0.55,0,0,0,0,0,0,0,0
2026-03-27 22:40:00.624,275.910,0,-3,14,6.25,0,0,0,0,0,0,0,0
2026-03-27 22:40:00.640,275.927,0,-3,14,-2.68,0,0,0,0,0,0,0,0
2026-03-27 22:40:00.736,276.022,0,-3,14,-2.68,0,0,0,0,0,0,0,0
2026-03-27 22:40:00.832,276.119,0,-3,14,5.58,0,0,0,0,0,0,0,0
2026-03-27 22:40:01.024,276.310,0,-3,14,5.58,0,0,0,0,0,0,0,0
2026-03-27 22:40:01.056,276.342,0,-3,14,5.58,0,0,0,0,0,0,0,0
2026-03-27 22:40:01.120,276.406,0,-3,14,5.58,0,0,0,0,0,0,0,0
2026-03-27 22:40:01.264,276.550,0,-3,14,-0.41,0,0,0,0,0,0,0,0
2026-03-27 22:40:01.266,276.552,0,-3,14,3.5,0,0,0,0,0,0,0,0
2026-03-27 22:40:01.376,276.663,0,-5,14,3.5,0,0,0,0,0,0,0,0
2026-03-27 22:40:01.519,276.806,0,-3,14,3.5,0,0,0,0,0,0,0,0
2026-03-27 22:40:01.616,276.902,0,-3,14,3.5,0,0,0,0,0,0,0,0
2026-03-27 22:40:01.680,276.966,0,-3,14,0.21,0,0,0,0,0,0,0,0
2026-03-27 22:40:01.807,277.093,0,-3,14,0.21,0,0,0,0,0,0,0,0
2026-03-27 22:40:01.967,277.254,0,-3,14,0.21,0,0,0,0,0,0,0,0
2026-03-27 22:40:02.000,277.286,0,-3,14,6.59,0,0,0,0,0,0,0,0
2026-03-27 22:40:02.096,277.382,0,-3,14,0.29,0,0,0,0,0,0,0,0
2026-03-27 22:40:02.224,277.510,0,-3,14,0.49,0,0,0,0,0,0,0,0
2026-03-27 22:40:02.304,277.590,0,-3,14,-1.96,0,0,0,0,0,0,0,0
2026-03-27 22:40:02.624,277.910,0,-2,13,-9.92,0,0,0,0,0,0,0,0
2026-03-27 22:40:02.751,278.038,0,-3,14,6.2,0,0,0,0,0,0,0,0
2026-03-27 22:40:02.832,278.118,0,-3,14,17.19,0,0,0,0,0,0,0,0
2026-03-27 22:40:02.943,278.230,0,-3,14,4.94,0,0,0,0,0,0,0,0
2026-03-27 22:40:02.960,278.246,0,-3,14,5.54,0,0,0,0,0,0,0,0
2026-03-27 22:40:03.071,278.358,0,-3,14,0.06,0,0,0,0,0,0,0,0
2026-03-27 22:40:03.120,278.406,0,-3,14,0.23,0,0,0,0,0,0,0,0
2026-03-27 22:40:03.264,278.550,0,-3,14,6.06,0,0,0,0,0,0,0,0
2026-03-27 22:40:03.344,278.630,0,-3,13,0.47,0,0,0,0,0,0,0,0
2026-03-27 22:40:03.440,278.726,0,-3,14,6.3,0,0,0,0,0,0,0,0
2026-03-27 22:40:03.584,278.871,0,-3,14,-1.67,0,0,0,0,0,0,0,0
2026-03-27 22:40:03.648,278.934,0,-3,14,5.79,0,0,0,0,0,0,0,0
2026-03-27 22:40:03.760,279.046,0,-3,14,0.5,0,0,0,0,0,0,0,0
2026-03-27 22:40:03.856,279.142,0,-3,14,1.16,0,0,0,0,0,0,0,0
2026-03-27 22:40:04.000,279.286,0,-3,14,0.64,0,0,0,0,0,0,0,0
2026-03-27 22:40:04.143,279.429,0,-3,14,-14.13,0,0,0,0,0,0,0,0
2026-03-27 22:40:04.304,279.590,0,-3,14,16.96,0,0,0,0,0,0,0,0
2026-03-27 22:40:04.431,279.718,0,-3,14,0.31,0,0,0,0,0,0,0,0
2026-03-27 22:40:04.480,279.766,0,-3,14,-10.14,0,0,0,0,0,0,0,0
2026-03-27 22:40:04.482,279.768,0,-3,14,5.31,0,0,0,0,0,0,0,0
2026-03-27 22:40:04.608,279.895,0,-3,14,-1.85,0,0,0,0,0,0,0,0
2026-03-27 22:40:04.611,279.897,0,-3,14,0.38,0,0,0,0,0,0,0,0
2026-03-27 22:40:04.768,280.054,0,-3,14,0.38,0,0,0,0,0,0,0,0
2026-03-27 22:40:04.864,280.150,0,-3,14,6.37,0,0,0,0,0,0,0,0
2026-03-27 22:40:04.928,280.215,0,-3,14,0.51,0,0,0,0,0,0,0,0
2026-03-27 22:40:04.992,280.278,0,-3,14,-9.28,0,0,0,0,0,0,0,0
2026-03-27 22:40:05.088,280.374,0,-3,14,4.21,0,0,0,0,0,0,0,0
2026-03-27 22:40:05.264,280.550,0,-3,14,0.31,0,0,0,0,0,0,0,0
2026-03-27 22:40:05.328,280.614,0,-3,14,9.18,0,0,0,0,0,0,0,0
2026-03-27 22:40:05.423,280.710,0,-3,14,41.03,0,0,0,0,0,0,0,0
2026-03-27 22:40:05.535,280.822,0,-3,13,-7.41,0,0,0,0,0,0,0,0
2026-03-27 22:40:05.664,280.950,0,-3,14,-9.56,0,0,0,0,0,0,0,0
2026-03-27 22:40:05.743,281.030,0,-3,14,6.22,0,0,0,0,0,0,0,0
2026-03-27 22:40:05.839,281.126,0,-3,14,-2.05,0,0,0,0,0,0,0,0
2026-03-27 22:40:06.015,281.301,0,-3,14,-8.53,0,0,0,0,0,0,0,0
2026-03-27 22:40:06.111,281.398,0,-3,14,-3.85,0,0,0,0,0,0,0,0
2026-03-27 22:40:06.113,281.399,0,-3,13,-1.95,0,0,0,0,0,0,0,0
2026-03-27 22:40:06.192,281.478,0,-3,14,5.88,0,0,0,0,0,0,0,0
2026-03-27 22:40:06.272,281.558,0,-3,14,-1.6,0,0,0,0,0,0,0,0
2026-03-27 22:40:06.368,281.654,0,-3,14,-1.98,0,0,0,0,0,0,0,0
2026-03-27 22:40:06.495,281.782,0,-3,14,5.8,0,0,0,0,0,0,0,0
2026-03-27 22:40:06.624,281.910,0,-3,14,-10.33,0,0,0,0,0,0,0,0
2026-03-27 22:40:06.751,282.037,0,-3,14,-7.46,0,0,0,0,0,0,0,0
2026-03-27 22:40:06.752,282.039,0,-3,14,-7.46,0,0,0,0,0,0,0,0
2026-03-27 22:40:06.815,282.102,0,-3,14,0.18,0,0,0,0,0,0,0,0
2026-03-27 22:40:06.880,282.166,0,-3,14,-10.4,0,0,0,0,0,0,0,0
2026-03-27 22:40:07.055,282.341,0,-3,14,19.6,0,0,0,0,0,0,0,0
2026-03-27 22:40:07.152,282.438,0,-3,14,-8.88,0,0,0,0,0,0,0,0
2026-03-27 22:40:07.200,282.486,0,-3,14,17.48,0,0,0,0,0,0,0,0
2026-03-27 22:40:07.343,282.629,0,-3,14,-1.9,0,0,0,0,0,0,0,0
2026-03-27 22:40:07.503,282.790,0,-3,13,0.25,0,0,0,0,0,0,0,0
2026-03-27 22:40:07.551,282.837,0,-3,14,0.25,0,0,0,0,0,0,0,0
2026-03-27 22:40:07.728,283.014,0,-3,14,0.25,0,0,0,0,0,0,0,0
2026-03-27 22:40:07.792,283.078,0,-3,14,0.25,0,0,0,0,0,0,0,0
2026-03-27 22:40:07.794,283.081,0,-3,14,6.06,0,0,0,0,0,0,0,0
2026-03-27 22:40:07.887,283.174,0,-3,14,6.06,0,0,0,0,0,0,0,0
2026-03-27 22:40:07.983,283.270,0,-3,14,0.29,0,0,0,0,0,0,0,0
2026-03-27 22:40:08.112,283.398,0,-3,14,0.24,0,0,0,0,0,0,0,0
2026-03-27 22:40:08.239,283.526,0,-3,14,0.24,0,0,0,0,0,0,0,0
2026-03-27 22:40:08.336,283.622,0,-3,14,6.2,0,0,0,0,0,0,0,0
2026-03-27 22:40:08.480,283.766,0,-3,14,0.39,0,0,0,0,0,0,0,0
2026-03-27 22:40:08.560,283.846,0,-3,14,5.83,0,0,0,0,0,0,0,0
2026-03-27 22:40:08.688,283.974,0,-3,14,-12.15,0,0,0,0,0,0,0,0
2026-03-27 22:40:08.690,283.976,0,-4,11,-2.85,0,0,0,0,0,0,0,0
2026-03-27 22:40:08.752,284.038,0,-3,11,-2.85,0,0,0,0,0,0,0,0
2026-03-27 22:40:08.848,284.134,0,-3,14,-7.79,0,0,0,0,0,0,0,0
2026-03-27 22:40:08.959,284.245,0,-3,14,-7.79,0,0,0,0,0,0,0,0
2026-03-27 22:40:09.055,284.342,0,-3,14,0.15,0,0,0,0,0,0,0,0
2026-03-27 22:40:09.184,284.470,0,-3,14,0.15,0,0,0,0,0,0,0,0
2026-03-27 22:40:09.247,284.534,0,-3,14,0.28,0,0,0,0,0,0,0,0
2026-03-27 22:40:09.360,284.646,0,-3,14,6.4,0,0,0,0,0,0,0,0
2026-03-27 22:40:09.423,284.710,0,-3,14,0.32,0,0,0,0,0,0,0,0
2026-03-27 22:40:09.599,284.886,0,-3,13,0.32,0,0,0,0,0,0,0,0
2026-03-27 22:40:09.664,284.950,0,-3,14,-0.79,0,0,0,0,0,0,0,0
2026-03-27 22:40:09.808,285.094,0,-3,14,-1.84,0,0,0,0,0,0,0,0
2026-03-27 22:40:09.872,285.158,0,-3,14,11.29,0,0,0,0,0,0,0,0
2026-03-27 22:40:09.919,285.206,0,-3,13,8.3,0,0,0,0,0,0,0,0
2026-03-27 22:40:10.047,285.333,0,-3,14,0.31,0,0,0,0,0,0,0,0
2026-03-27 22:40:10.128,285.414,0,-3,14,-10.07,0,0,0,0,0,0,0,0
2026-03-27 22:40:10.272,285.558,0,-3,14,0.32,0,0,0,0,0,0,0,0
2026-03-27 22:40:10.319,285.606,0,-3,13,-8.47,0,0,0,0,0,0,0,0
2026-03-27 22:40:10.528,285.814,0,-3,14,17.6,0,0,0,0,0,0,0,0
2026-03-27 22:40:10.575,285.861,0,-3,14,22.1,0,0,0,0,0,0,0,0
2026-03-27 22:40:10.703,285.989,0,-3,14,6.24,0,0,0,0,0,0,0,0
2026-03-27 22:40:10.767,286.053,0,-3,14,-9.38,0,0,0,0,0,0,0,0
2026-03-27 22:40:10.895,286.182,0,-3,14,-11.79,0,0,0,0,0,0,0,0
2026-03-27 22:40:11.007,286.293,0,-3,14,0.37,0,0,0,0,0,0,0,0
2026-03-27 22:40:11.008,286.294,0,-3,14,-0.46,0,0,0,0,0,0,0,0
2026-03-27 22:40:11.039,286.326,0,-3,14,-10.88,0,0,0,0,0,0,0,0
2026-03-27 22:40:11.119,286.405,0,-3,14,0.34,0,0,0,0,0,0,0,0
2026-03-27 22:40:11.199,286.486,0,-3,14,-9.09,0,0,0,0,0,0,0,0
2026-03-27 22:40:11.201,286.488,-1,-3,13,0.28,0,0,0,0,0,0,0,0
2026-03-27 22:40:11.391,286.678,0,-3,14,6.03,0,0,0,0,0,0,0,0
2026-03-27 22:40:11.487,286.773,0,-3,14,-0.25,0,0,0,0,0,0,0,0
2026-03-27 22:40:11.600,286.886,0,-3,14,0.31,0,0,0,0,0,0,0,0
2026-03-27 22:40:11.728,287.014,0,-3,14,0.17,0,0,0,0,0,0,0,0
2026-03-27 22:40:11.839,287.125,0,-3,14,-0.54,0,0,0,0,0,0,0,0
2026-03-27 22:40:11.856,287.143,0,-3,13,-8.71,0,0,0,0,0,0,0,0
2026-03-27 22:40:12.031,287.317,0,-3,14,0.3,0,0,0,0,0,0,0,0
2026-03-27 22:40:12.111,287.397,0,-3,13,-9.89,0,0,0,0,0,0,0,0
2026-03-27 22:40:12.239,287.526,0,-3,14,0.27,0,0,0,0,0,0,0,0
2026-03-27 22:40:12.335,287.621,0,-3,14,0.29,0,0,0,0,0,0,0,0
2026-03-27 22:40:12.415,287.702,0,-3,13,0.22,0,0,0,0,0,0,0,0
2026-03-27 22:40:12.480,287.766,0,-3,13,-8.44,0,0,0,0,0,0,0,0
2026-03-27 22:40:12.591,287.877,0,-3,14,0.48,0,0,0,0,0,0,0,0
2026-03-27 22:40:12.752,288.038,0,-3,14,-5.68,0,0,0,0,0,0,0,0
2026-03-27 22:40:12.895,288.182,0,-3,14,0.3,0,0,0,0,0,0,0,0
2026-03-27 22:40:12.927,288.213,0,-3,14,0.36,0,0,0,0,0,0,0,0
2026-03-27 22:40:12.928,288.215,0,-3,14,0.35,0,0,0,0,0,0,0,0
2026-03-27 22:40:12.991,288.277,0,-3,14,-6.96,0,0,0,0,0,0,0,0
2026-03-27 22:40:13.183,288.469,0,-3,14,0.17,0,0,0,0,0,0,0,0
2026-03-27 22:40:13.247,288.534,0,-3,14,-6.08,0,0,0,0,0,0,0,0
2026-03-27 22:40:13.391,288.678,-1,-3,13,0.24,0,0,0,0,0,0,0,0
2026-03-27 22:40:13.439,288.725,-1,-3,14,0.4,0,0,0,0,0,0,0,0
2026-03-27 22:40:13.519,288.805,0,-3,14,0.31,0,0,0,0,0,0,0,0
2026-03-27 22:40:13.647,288.933,0,-3,14,0.18,0,0,0,0,0,0,0,0
2026-03-27 22:40:13.760,289.046,0,-3,11,0.24,0,0,0,0,0,0,0,0
2026-03-27 22:40:13.887,289.173,0,-3,14,-6.24,0,0,0,0,0,0,0,0
2026-03-27 22:40:13.935,289.221,0,-3,14,1.53,0,0,0,0,0,0,0,0
2026-03-27 22:40:14.112,289.398,0,-3,14,0.28,0,0,0,0,0,0,0,0
2026-03-27 22:40:14.144,289.430,0,-3,14,-5.39,0,0,0,0,0,0,0,0
2026-03-27 22:40:14.335,289.621,0,-3,14,0.25,0,0,0,0,0,0,0,0
2026-03-27 22:40:14.383,289.670,0,-4,13,6.29,0,0,0,0,0,0,0,0
2026-03-27 22:40:14.479,289.766,0,-3,13,0.36,0,0,0,0,0,0,0,0
2026-03-27 22:40:14.608,289.894,0,-3,14,0.23,0,0,0,0,0,0,0,0
2026-03-27 22:40:14.687,289.974,0,-3,14,0.39,0,0,0,0,0,0,0,0
2026-03-27 22:40:14.847,290.133,0,-3,13,-8.07,0,0,0,0,0,0,0,0
2026-03-27 22:40:14.863,290.149,-1,-4,13,0.17,0,0,0,0,0,0,0,0
2026-03-27 22:40:14.991,290.277,0,-3,14,-0.31,0,0,0,0,0,0,0,0
2026-03-27 22:40:15.167,290.453,0,-3,14,-7.16,0,0,0,0,0,0,0,0
2026-03-27 22:40:15.423,290.709,0,-3,13,-4.87,0,0,0,0,0,0,0,0
2026-03-27 22:40:15.568,290.854,0,-3,14,0.28,0,0,0,0,0,0,0,0
2026-03-27 22:40:15.664,290.950,0,-3,14,0.38,0,0,0,0,0,0,0,0
2026-03-27 22:40:15.759,291.045,0,-3,14,0.38,0,0,0,0,0,0,0,0
2026-03-27 22:40:15.761,291.047,0,-3,14,0.18,0,0,0,0,0,0,0,0
2026-03-27 22:40:15.952,291.238,0,-3,13,0.33,0,0,0,0,0,0,0,0
2026-03-27 22:40:15.983,291.270,0,-3,14,-4.85,0,0,0,0,0,0,0,0
2026-03-27 22:40:16.159,291.445,0,-3,13,0.54,0,0,0,0,0,0,0,0
2026-03-27 22:40:16.191,291.477,0,-3,14,-5.34,0,0,0,0,0,0,0,0
2026-03-27 22:40:16.271,291.557,0,-3,14,0.16,0,0,0,0,0,0,0,0
2026-03-27 22:40:16.367,291.653,0,-3,14,-7.11,0,0,0,0,0,0,0,0
2026-03-27 22:40:16.511,291.797,0,-3,14,-0.33,0,0,0,0,0,0,0,0
2026-03-27 22:40:16.575,291.862,0,-3,14,17.28,0,0,0,0,0,0,0,0
2026-03-27 22:40:16.639,291.926,-1,-3,14,-2.03,0,0,0,0,0,0,0,0
2026-03-27 22:40:16.767,292.054,0,-3,14,8.64,0,0,0,0,0,0,0,0
2026-03-27 22:40:16.927,292.213,-1,-4,13,-2.13,0,0,0,0,0,0,0,0
2026-03-27 22:40:16.991,292.277,0,-3,14,0.65,0,0,0,0,0,0,0,0
2026-03-27 22:40:17.103,292.390,0,-3,13,0.07,0,0,0,0,0,0,0,0
2026-03-27 22:40:17.216,292.502,0,-3,14,-6.16,0,0,0,0,0,0,0,0
2026-03-27 22:40:17.279,292.565,-1,-3,13,-0.65,0,0,0,0,0,0,0,0
2026-03-27 22:40:17.374,292.661,0,-3,14,-2.3,0,0,0,0,0,0,0,0
2026-03-27 22:40:17.551,292.837,-1,-4,13,0.07,0,0,0,0,0,0,0,0
2026-03-27 22:40:17.695,292.981,-1,-4,13,-5.61,0,0,0,0,0,0,0,0
2026-03-27 22:40:17.727,293.013,0,-3,13,-5.51,0,0,0,0,0,0,0,0
2026-03-27 22:40:17.854,293.141,0,-3,13,1.99,0,0,0,0,0,0,0,0
2026-03-27 22:40:17.999,293.285,0,-3,14,0.46,0,0,0,0,0,0,0,0
2026-03-27 22:40:18.143,293.429,0,-3,14,-5.35,0,0,0,0,0,0,0,0
2026-03-27 22:40:18.207,293.493,0,-3,14,0.4,0,0,0,0,0,0,0,0
2026-03-27 22:40:18.335,293.622,0,-3,14,-5.45,0,0,0,0,0,0,0,0
2026-03-27 22:40:18.399,293.685,0,-3,14,-5.41,0,0,0,0,0,0,0,0
2026-03-27 22:40:18.511,293.797,0,-3,13,-5.45,0,0,0,0,0,0,0,0
2026-03-27 22:40:18.639,293.925,0,-3,14,-5.45,0,0,0,0,0,0,0,0
2026-03-27 22:40:18.815,294.101,0,-2,14,-5.45,0,0,0,0,0,0,0,0
2026-03-27 22:40:18.816,294.102,0,-3,14,-5.45,0,0,0,0,0,0,0,0
2026-03-27 22:40:18.879,294.166,0,-3,13,-5.45,0,0,0,0,0,0,0,0
2026-03-27 22:40:19.070,294.357,0,-3,14,-5.45,0,0,0,0,0,0,0,0
2026-03-27 22:40:19.166,294.453,0,-3,14,-5.45,0,0,0,0,0,0,0,0
2026-03-27 22:40:19.199,294.486,0,-3,14,-5.45,0,0,0,0,0,0,0,0
2026-03-27 22:40:19.202,294.488,0,-3,14,-5.45,0,0,0,0,0,0,0,0
2026-03-27 22:40:19.327,294.613,0,-3,14,-5.45,0,0,0,0,0,0,0,0
2026-03-27 22:40:19.423,294.709,0,-3,14,-5.45,0,0,0,0,0,0,0,0
2026-03-27 22:40:19.424,294.710,-1,-3,13,-5.45,0,0,0,0,0,0,0,0
2026-03-27 22:40:19.503,294.789,0,-2,14,-5.45,0,0,0,0,0,0,0,0
2026-03-27 22:40:19.568,294.854,0,-2,14,-5.45,0,0,0,0,0,0,0,0
2026-03-27 22:40:19.695,294.982,0,-2,14,-5.45,0,0,0,0,0,0,0,0
2026-03-27 22:40:19.807,295.093,0,-2,15,-5.45,0,0,0,0,0,0,0,0
2026-03-27 22:40:19.871,295.157,0,-2,14,-5.45,0,0,0,0,0,0,0,0
2026-03-27 22:40:19.967,295.254,0,-2,14,-5.45,0,0,0,0,0,0,0,0
2026-03-27 22:40:20.095,295.381,0,-2,14,-5.45,0,0,0,0,0,0,0,0
2026-03-27 22:40:20.223,295.510,0,-3,14,-5.45,0,0,0,0,0,0,0,0
2026-03-27 22:40:20.335,295.621,0,-3,14,-5.45,0,0,0,0,0,0,0,0
2026-03-27 22:40:20.447,295.733,0,-3,14,-5.45,0,0,0,0,0,0,0,0
2026-03-27 22:40:20.559,295.845,0,-2,15,-5.45,0,0,0,0,0,0,0,0
2026-03-27 22:40:20.687,295.973,0,-2,14,-5.45,0,0,0,0,0,0,0,0
2026-03-27 22:40:20.815,296.102,0,-3,14,-5.45,0,0,0,0,0,0,0,0
2026-03-27 22:40:20.927,296.213,-1,-3,13,-5.45,0,0,0,0,0,0,0,0
2026-03-27 22:40:21.022,296.309,0,-3,13,-4.64,0,0,0,0,0,0,0,0
2026-03-27 22:40:21.039,296.325,0,-3,14,-5.45,0,0,0,0,0,0,0,0
2026-03-27 22:40:21.151,296.437,0,-3,13,-5.45,0,0,0,0,0,0,0,0
2026-03-27 22:40:21.198,296.484,0,-3,13,-5.44,0,0,0,0,0,0,0,0
2026-03-27 22:40:21.200,296.486,-1,-4,13,-54.82,0,0,0,0,0,0,0,0
2026-03-27 22:40:21.295,296.581,-1,-4,13,-5.45,0,0,0,0,0,0,0,0
2026-03-27 22:40:21.487,296.773,-1,-3,13,-1.55,0,0,0,0,0,0,0,0
2026-03-27 22:40:21.599,296.886,-1,-4,13,11.83,0,0,0,0,0,0,0,0
2026-03-27 22:40:21.694,296.980,0,-3,13,-5.43,0,0,0,0,0,0,0,0
2026-03-27 22:40:21.710,296.997,0,-3,13,-5.45,0,0,0,0,0,0,0,0
2026-03-27 22:40:21.855,297.142,-1,-4,12,132.89,0,0,0,0,0,0,0,0
2026-03-27 22:40:21.903,297.189,-1,-3,13,-5.45,0,0,0,0,0,0,0,0
2026-03-27 22:40:21.999,297.285,-1,-3,13,-5.45,0,0,0,0,0,0,0,0
2026-03-27 22:40:22.015,297.301,-1,-4,13,29.2,0,0,0,0,0,0,0,0
2026-03-27 22:40:22.143,297.430,-1,-3,13,-5.45,0,0,0,0,0,0,0,0
2026-03-27 22:40:22.146,297.432,-1,-3,13,-5.45,0,0,0,0,0,0,0,0
2026-03-27 22:40:22.239,297.525,-1,-3,13,4429.9,0,0,0,0,0,0,0,0
2026-03-27 22:40:22.382,297.668,-1,-3,13,-5.45,0,0,0,0,0,0,0,0
2026-03-27 22:40:22.383,297.669,-1,-3,11,-5.44,0,0,0,0,0,0,0,0
2026-03-27 22:40:22.384,297.670,-1,-4,13,-5.45,0,0,0,0,0,0,0,0
2026-03-27 22:40:22.463,297.749,0,-3,13,-5.45,0,0,0,0,0,0,0,0
2026-03-27 22:40:22.527,297.813,0,-3,13,-5.45,0,0,0,0,0,0,0,0
2026-03-27 22:40:22.623,297.909,0,-3,13,-5.45,0,0,0,0,0,0,0,0
2026-03-27 22:40:22.671,297.957,-1,-3,13,1.97,0,0,0,0,0,0,0,0
2026-03-27 22:40:22.767,298.053,-1,-4,13,0.41,0,0,0,0,0,0,0,0
2026-03-27 22:40:22.846,298.133,-1,-4,12,0.36,0,0,0,0,0,0,0,0
2026-03-27 22:40:23.007,298.293,-1,-4,13,0.29,0,0,0,0,0,0,0,0
2026-03-27 22:40:23.038,298.325,-1,-4,13,-0.4,0,0,0,0,0,0,0,0
2026-03-27 22:40:23.215,298.501,-1,-3,13,437.85,0,0,0,0,0,0,0,0
2026-03-27 22:40:23.246,298.533,-1,-3,13,0.33,0,0,0,0,0,0,0,0
2026-03-27 22:40:23.391,298.677,-1,-4,13,-2.06,0,0,0,0,0,0,0,0
2026-03-27 22:40:23.486,298.773,-1,-4,13,25.16,0,0,0,0,0,0,0,0
2026-03-27 22:40:23.599,298.885,-1,-4,13,5.97,0,0,0,0,0,0,0,0
2026-03-27 22:40:23.726,299.013,0,-3,13,0.19,0,0,0,0,0,0,0,0
2026-03-27 22:40:23.806,299.093,-1,-4,13,0.45,0,0,0,0,0,0,0,0
2026-03-27 22:40:24.094,299.381,-1,-3,13,-40.28,0,0,0,0,0,0,0,0
2026-03-27 22:40:24.174,299.461,0,-3,13,1.51,0,0,0,0,0,0,0,0
2026-03-27 22:40:24.287,299.573,-1,-4,13,0.28,0,0,0,0,0,0,0,0
2026-03-27 22:40:24.575,299.861,-1,-4,13,-0.19,0,0,0,0,0,0,0,0
2026-03-27 22:40:24.670,299.957,-1,-4,13,50.58,0,0,0,0,0,0,0,0
2026-03-27 22:40:24.815,300.101,-1,-4,13,2.2,0,0,0,0,0,0,0,0
2026-03-27 22:40:24.943,300.229,-1,-4,13,-2.53,0,0,0,0,0,0,0,0
2026-03-27 22:40:24.975,300.261,-1,-3,13,8.24,0,0,0,0,0,0,0,0
2026-03-27 22:40:25.070,300.357,0,-4,13,8.19,0,0,0,0,0,0,0,0
2026-03-27 22:40:25.072,300.358,-1,-3,13,8.19,0,0,0,0,0,0,0,0
2026-03-27 22:40:25.182,300.469,-1,-4,13,0.67,0,0,0,0,0,0,0,0
2026-03-27 22:40:25.262,300.549,-1,-4,13,-1.81,0,0,0,0,0,0,0,0
2026-03-27 22:40:25.264,300.550,-1,-3,13,17.05,0,0,0,0,0,0,0,0
2026-03-27 22:40:25.343,300.629,-1,-4,13,17.05,0,0,0,0,0,0,0,0
2026-03-27 22:40:25.486,300.773,-1,-4,13,-0.01,0,0,0,0,0,0,0,0
2026-03-27 22:40:25.598,300.885,-1,-3,13,-2.16,0,0,0,0,0,0,0,0
2026-03-27 22:40:25.759,301.045,-1,-3,13,-5.45,0,0,0,0,0,0,0,0
2026-03-27 22:40:25.791,301.077,0,-3,13,-5.45,0,0,0,0,0,0,0,0
2026-03-27 22:40:25.934,301.221,-1,-3,13,-5.45,0,0,0,0,0,0,0,0
2026-03-27 22:40:26.030,301.317,0,-3,13,-5.45,0,0,0,0,0,0,0,0
2026-03-27 22:40:26.095,301.381,0,-3,13,-5.45,0,0,0,0,0,0,0,0
2026-03-27 22:40:26.191,301.477,0,-3,14,-5.45,0,0,0,0,0,0,0,0
2026-03-27 22:40:26.319,301.606,-1,-3,13,-5.45,0,0,0,0,0,0,0,0
2026-03-27 22:40:26.399,301.685,0,-3,14,-5.38,0,0,0,0,0,0,0,0
2026-03-27 22:40:26.511,301.797,-1,-4,13,-5.45,0,0,0,0,0,0,0,0
2026-03-27 22:40:26.654,301.941,-1,-4,13,-5.45,0,0,0,0,0,0,0,0
2026-03-27 22:40:26.751,302.037,0,-3,13,-5.45,0,0,0,0,0,0,0,0
2026-03-27 22:40:26.911,302.197,-1,-4,13,-5.45,0,0,0,0,0,0,0,0
2026-03-27 22:40:26.959,302.245,0,-3,13,-5.45,0,0,0,0,0,0,0,0
2026-03-27 22:40:27.054,302.341,-1,-3,13,-5.45,0,0,0,0,0,0,0,0
2026-03-27 22:40:27.055,302.342,-1,-3,13,-5.45,0,0,0,0,0,0,0,0
2026-03-27 22:40:27.070,302.356,-1,-4,13,-5.45,0,0,0,0,0,0,0,0
2026-03-27 22:40:27.119,302.405,-1,-3,13,-5.45,0,0,0,0,0,0,0,0
2026-03-27 22:40:27.262,302.549,0,-3,13,-5.45,0,0,0,0,0,0,0,0
2026-03-27 22:40:27.326,302.613,0,-3,13,-5.45,0,0,0,0,0,0,0,0
2026-03-27 22:40:27.470,302.756,-1,-4,13,-5.45,0,0,0,0,0,0,0,0
2026-03-27 22:40:27.486,302.773,-1,-3,13,-5.45,0,0,0,0,0,0,0,0
2026-03-27 22:40:27.679,302.966,0,-4,13,-5.45,0,0,0,0,0,0,0,0
2026-03-27 22:40:27.694,302.981,-1,-3,13,-5.45,0,0,0,0,0,0,0,0
2026-03-27 22:40:27.710,302.997,0,-3,13,-5.45,0,0,0,0,0,0,0,0
2026-03-27 22:40:27.870,303.156,-1,-4,13,-5.45,0,0,0,0,0,0,0,0
2026-03-27 22:40:27.871,303.158,-1,-3,13,-5.45,0,0,0,0,0,0,0,0
2026-03-27 22:40:27.982,303.268,0,-3,13,-5.45,0,0,0,0,0,0,0,0
2026-03-27 22:40:28.062,303.349,0,-3,13,-5.45,0,0,0,0,0,0,0,0
2026-03-27 22:40:28.142,303.428,0,-3,13,-5.45,0,0,0,0,0,0,0,0
2026-03-27 22:40:28.254,303.540,0,-3,13,-5.45,0,0,0,0,0,0,0,0
2026-03-27 22:40:28.318,303.604,-1,-3,13,-5.45,0,0,0,0,0,0,0,0
2026-03-27 22:40:28.431,303.717,0,-3,13,-5.45,0,0,0,0,0,0,0,0
2026-03-27 22:40:28.559,303.845,0,-3,13,-5.45,0,0,0,0,0,0,0,0
2026-03-27 22:40:28.639,303.925,0,-3,13,-5.45,0,0,0,0,0,0,0,0
2026-03-27 22:40:28.783,304.069,0,-4,13,-5.45,0,0,0,0,0,0,0,0
2026-03-27 22:40:28.830,304.117,0,-3,13,6.69,0,0,0,0,0,0,0,0
2026-03-27 22:40:28.832,304.118,-1,-3,13,6.69,0,0,0,0,0,0,0,0
2026-03-27 22:40:28.895,304.181,-1,-3,13,4.29,0,0,0,0,0,0,0,0
2026-03-27 22:40:29.039,304.325,-1,-4,13,-5.45,0,0,0,0,0,0,0,0
2026-03-27 22:40:29.118,304.404,0,-3,13,29.16,0,0,0,0,0,0,0,0
2026-03-27 22:40:29.230,304.517,-1,-3,13,-0.31,0,0,0,0,0,0,0,0
2026-03-27 22:40:29.359,304.645,-1,-3,13,-5.45,0,0,0,0,0,0,0,0
2026-03-27 22:40:29.438,304.724,0,-3,13,-5.45,0,0,0,0,0,0,0,0
2026-03-27 22:40:29.503,304.789,-1,-3,13,548.97,0,0,0,0,0,0,0,0
2026-03-27 22:40:29.615,304.901,0,-3,13,-5.44,0,0,0,0,0,0,0,0
2026-03-27 22:40:29.726,305.012,-1,-4,13,2.06,0,0,0,0,0,0,0,0
2026-03-27 22:40:29.823,305.109,-1,-4,13,-0.52,0,0,0,0,0,0,0,0
2026-03-27 22:40:29.934,305.220,-1,-4,13,1.89,0,0,0,0,0,0,0,0
2026-03-27 22:40:30.318,305.605,-1,-3,13,2.3,0,0,0,0,0,0,0,0
2026-03-27 22:40:30.336,305.622,-1,-4,13,2.3,0,0,0,0,0,0,0,0
2026-03-27 22:40:30.338,305.624,-1,-4,13,9.42,0,0,0,0,0,0,0,0
2026-03-27 22:40:30.398,305.684,0,-3,13,8.82,0,0,0,0,0,0,0,0
2026-03-27 22:40:30.558,305.845,-1,-3,13,9.35,0,0,0,0,0,0,0,0
2026-03-27 22:40:30.670,305.956,-1,-3,13,-0.78,0,0,0,0,0,0,0,0
2026-03-27 22:40:30.735,306.021,-1,-3,13,-0.32,0,0,0,0,0,0,0,0
2026-03-27 22:40:30.738,306.024,0,-3,13,-2.96,0,0,0,0,0,0,0,0
2026-03-27 22:40:30.847,306.133,-1,-3,13,-2.96,0,0,0,0,0,0,0,0
2026-03-27 22:40:30.942,306.228,-1,-3,13,-2.64,0,0,0,0,0,0,0,0
2026-03-27 22:40:31.070,306.356,-1,-3,13,-2.13,0,0,0,0,0,0,0,0
2026-03-27 22:40:31.119,306.405,0,-3,13,-1.05,0,0,0,0,0,0,0,0
2026-03-27 22:40:31.135,306.421,0,-3,13,5.85,0,0,0,0,0,0,0,0
2026-03-27 22:40:31.247,306.533,0,-3,13,5.85,0,0,0,0,0,0,0,0
2026-03-27 22:40:31.375,306.661,0,-3,13,0.28,0,0,0,0,0,0,0,0
2026-03-27 22:40:31.438,306.724,0,-3,13,8.07,0,0,0,0,0,0,0,0
2026-03-27 22:40:31.440,306.727,0,-3,13,-4.91,0,0,0,0,0,0,0,0
2026-03-27 22:40:31.616,306.902,-1,-4,13,-1.84,0,0,0,0,0,0,0,0
2026-03-27 22:40:31.710,306.997,0,-3,13,1.75,0,0,0,0,0,0,0,0
2026-03-27 22:40:31.838,307.124,-1,-4,14,-3.1,0,0,0,0,0,0,0,0
2026-03-27 22:40:31.998,307.284,-1,-4,13,-5.45,0,0,0,0,0,0,0,0
2026-03-27 22:40:32.046,307.332,0,-3,13,1240.91,0,0,0,0,0,0,0,0
2026-03-27 22:40:32.206,307.492,-1,-3,13,-5.45,0,0,0,0,0,0,0,0
2026-03-27 22:40:32.207,307.493,-1,-4,13,-5.45,0,0,0,0,0,0,0,0
2026-03-27 22:40:32.318,307.604,-1,-3,13,548.97,0,0,0,0,0,0,0,0
2026-03-27 22:40:32.382,307.668,-1,-4,13,-5.45,0,0,0,0,0,0,0,0
2026-03-27 22:40:32.494,307.780,-1,-4,13,1103.39,0,0,0,0,0,0,0,0
2026-03-27 22:40:32.590,307.876,-1,-4,13,271.76,0,0,0,0,0,0,0,0
2026-03-27 22:40:32.654,307.940,-1,-3,13,-5.43,0,0,0,0,0,0,0,0
2026-03-27 22:40:32.798,308.084,-1,-3,13,-4.37,0,0,0,0,0,0,0,0
2026-03-27 22:40:32.894,308.180,-1,-4,13,-0.65,0,0,0,0,0,0,0,0
2026-03-27 22:40:32.957,308.244,-1,-3,13,-0.57,0,0,0,0,0,0,0,0
2026-03-27 22:40:33.070,308.356,-1,-4,13,-0.51,0,0,0,0,0,0,0,0
2026-03-27 22:40:33.166,308.453,-1,-4,13,-0.87,0,0,0,0,0,0,0,0
2026-03-27 22:40:33.246,308.532,0,-3,13,-0.66,0,0,0,0,0,0,0,0
2026-03-27 22:40:33.326,308.613,-1,-4,13,-1.06,0,0,0,0,0,0,0,0
2026-03-27 22:40:33.582,308.868,-1,-3,13,-0.82,0,0,0,0,0,0,0,0
2026-03-27 22:40:33.694,308.981,-1,-3,13,5.28,0,0,0,0,0,0,0,0
2026-03-27 22:40:33.758,309.044,-1,-3,13,-0.9,0,0,0,0,0,0,0,0
2026-03-27 22:40:33.918,309.204,-1,-3,13,13.3,0,0,0,0,0,0,0,0
2026-03-27 22:40:33.966,309.253,-1,-3,13,-1.05,0,0,0,0,0,0,0,0
2026-03-27 22:40:34.094,309.380,-1,-3,13,-5.45,0,0,0,0,0,0,0,0
2026-03-27 22:40:34.222,309.508,0,-4,13,-3.28,0,0,0,0,0,0,0,0
2026-03-27 22:40:34.303,309.589,-1,-3,13,63.85,0,0,0,0,0,0,0,0
2026-03-27 22:40:34.318,309.604,-1,-4,13,-5.45,0,0,0,0,0,0,0,0
2026-03-27 22:40:34.462,309.749,-1,-3,13,-5.45,0,0,0,0,0,0,0,0
2026-03-27 22:40:34.526,309.812,-1,-4,13,-5.45,0,0,0,0,0,0,0,0
2026-03-27 22:40:34.621,309.908,0,-4,13,29.2,0,0,0,0,0,0,0,0
2026-03-27 22:40:34.734,310.020,0,-3,13,-5.45,0,0,0,0,0,0,0,0
2026-03-27 22:40:34.814,310.101,-1,-3,13,-5.45,0,0,0,0,0,0,0,0
2026-03-27 22:40:34.879,310.165,-1,-3,13,-5.45,0,0,0,0,0,0,0,0
2026-03-27 22:40:35.038,310.324,0,-3,13,-5.45,0,0,0,0,0,0,0,0
2026-03-27 22:40:35.374,310.661,0,-3,14,548.97,0,0,0,0,0,0,0,0
2026-03-27 22:40:35.376,310.662,0,-2,14,548.97,0,0,0,0,0,0,0,0
2026-03-27 22:40:35.377,310.663,0,-3,14,-4.37,0,0,0,0,0,0,0,0
2026-03-27 22:40:35.518,310.804,0,-2,15,11.85,0,0,0,0,0,0,0,0
2026-03-27 22:40:35.598,310.885,0,-2,14,11.88,0,0,0,0,0,0,0,0
2026-03-27 22:40:35.710,310.996,0,-2,14,17.02,0,0,0,0,0,0,0,0
2026-03-27 22:40:35.790,311.076,0,-2,14,0.21,0,0,0,0,0,0,0,0
2026-03-27 22:40:35.886,311.172,-1,-4,13,3.7,0,0,0,0,0,0,0,0
2026-03-27 22:40:35.998,311.284,-1,-4,13,3.12,0,0,0,0,0,0,0,0
2026-03-27 22:40:36.142,311.429,-1,-3,13,-2.46,0,0,0,0,0,0,0,0
2026-03-27 22:40:36.238,311.524,0,-3,13,10.66,0,0,0,0,0,0,0,0
2026-03-27 22:40:36.414,311.701,0,-3,13,-0.1,0,0,0,0,0,0,0,0
2026-03-27 22:40:36.462,311.748,0,-3,13,2.7,0,0,0,0,0,0,0,0
2026-03-27 22:40:36.558,311.845,-1,-4,13,-2.35,0,0,0,0,0,0,0,0
2026-03-27 22:40:36.638,311.924,-1,-4,13,-1.0,0,0,0,0,0,0,0,0
2026-03-27 22:40:36.718,312.004,-1,-4,13,54.68,0,0,0,0,0,0,0,0
2026-03-27 22:40:36.862,312.148,0,-3,14,-1.44,0,0,0,0,0,0,0,0
2026-03-27 22:40:37.021,312.307,-1,-4,13,-2.62,0,0,0,0,0,0,0,0
2026-03-27 22:40:37.118,312.404,-1,-4,13,-4.43,0,0,0,0,0,0,0,0
2026-03-27 22:40:37.214,312.500,-1,-3,13,-1.18,0,0,0,0,0,0,0,0
2026-03-27 22:40:37.215,312.502,-1,-3,13,-0.75,0,0,0,0,0,0,0,0
2026-03-27 22:40:37.357,312.644,0,-3,13,21.14,0,0,0,0,0,0,0,0
2026-03-27 22:40:37.359,312.645,-1,-4,13,21.14,0,0,0,0,0,0,0,0
2026-03-27 22:40:37.422,312.708,-1,-3,13,4429.9,0,0,0,0,0,0,0,0
2026-03-27 22:40:37.502,312.788,-1,-4,13,-5.45,0,0,0,0,0,0,0,0
2026-03-27 22:40:37.645,312.932,-1,-4,13,-5.31,0,0,0,0,0,0,0,0
2026-03-27 22:40:37.758,313.044,-1,-3,13,4.05,0,0,0,0,0,0,0,0
2026-03-27 22:40:37.869,313.156,-1,-3,13,7.62,0,0,0,0,0,0,0,0
2026-03-27 22:40:37.886,313.173,-1,-4,13,0.88,0,0,0,0,0,0,0,0
2026-03-27 22:40:37.966,313.253,-1,-4,13,-2.52,0,0,0,0,0,0,0,0
2026-03-27 22:40:38.062,313.348,-1,-3,13,-2.46,0,0,0,0,0,0,0,0
2026-03-27 22:40:38.158,313.444,-1,-3,13,1.87,0,0,0,0,0,0,0,0
2026-03-27 22:40:38.270,313.556,-1,-4,13,2.63,0,0,0,0,0,0,0,0
2026-03-27 22:40:38.382,313.668,-1,-4,13,24.3,0,0,0,0,0,0,0,0
2026-03-27 22:40:38.446,313.733,-1,-4,13,19.9,0,0,0,0,0,0,0,0
2026-03-27 22:40:38.574,313.860,-1,-4,12,9.53,0,0,0,0,0,0,0,0
2026-03-27 22:40:38.687,313.973,-1,-4,13,46.5,0,0,0,0,0,0,0,0
2026-03-27 22:40:38.814,314.100,-1,-4,13,7.25,0,0,0,0,0,0,0,0
2026-03-27 22:40:38.910,314.196,-1,-3,13,9.74,0,0,0,0,0,0,0,0
2026-03-27 22:40:38.990,314.276,-1,-4,13,0.94,0,0,0,0,0,0,0,0
2026-03-27 22:40:39.085,314.372,-1,-4,13,7.06,0,0,0,0,0,0,0,0
2026-03-27 22:40:39.230,314.516,-1,-4,13,0.5,0,0,0,0,0,0,0,0
2026-03-27 22:40:39.278,314.564,-1,-3,13,7.84,0,0,0,0,0,0,0,0
2026-03-27 22:40:39.437,314.723,-1,-4,13,24.24,0,0,0,0,0,0,0,0
2026-03-27 22:40:39.439,314.725,-1,-4,13,26.38,0,0,0,0,0,0,0,0
2026-03-27 22:40:39.550,314.836,-1,-3,13,20.11,0,0,0,0,0,0,0,0
2026-03-27 22:40:39.662,314.949,-1,-3,13,2.3,0,0,0,0,0,0,0,0
2026-03-27 22:40:39.789,315.076,-1,-4,13,11.88,0,0,0,0,0,0,0,0
2026-03-27 22:40:39.902,315.188,-1,-3,13,11.4,0,0,0,0,0,0,0,0
2026-03-27 22:40:39.998,315.284,-1,-3,13,19.43,0,0,0,0,0,0,0,0
2026-03-27 22:40:40.001,315.287,0,-3,13,23.98,0,0,0,0,0,0,0,0
2026-03-27 22:40:40.110,315.396,-1,-3,13,19.81,0,0,0,0,0,0,0,0
2026-03-27 22:40:40.206,315.492,-1,-4,13,6.94,0,0,0,0,0,0,0,0
2026-03-27 22:40:40.317,315.604,0,-3,12,1.54,0,0,0,0,0,0,0,0
2026-03-27 22:40:40.414,315.700,-1,-3,12,-0.06,0,0,0,0,0,0,0,0
2026-03-27 22:40:40.493,315.780,-1,-3,13,8.04,0,0,0,0,0,0,0,0
2026-03-27 22:40:40.638,315.924,-1,-4,13,-0.66,0,0,0,0,0,0,0,0
2026-03-27 22:40:40.640,315.927,0,-3,13,-5.45,0,0,0,0,0,0,0,0
2026-03-27 22:40:40.750,316.037,-1,-3,13,-5.45,0,0,0,0,0,0,0,0
2026-03-27 22:40:40.798,316.084,-1,-3,13,-5.45,0,0,0,0,0,0,0,0
2026-03-27 22:40:40.942,316.228,-1,-3,13,3321.06,0,0,0,0,0,0,0,0
2026-03-27 22:40:41.006,316.292,-1,-4,13,271.76,0,0,0,0,0,0,0,0
2026-03-27 22:40:41.165,316.451,0,-3,14,-4.37,0,0,0,0,0,0,0,0
2026-03-27 22:40:41.166,316.453,0,-3,14,-5.45,0,0,0,0,0,0,0,0
2026-03-27 22:40:41.278,316.564,0,-3,13,-4.91,0,0,0,0,0,0,0,0
2026-03-27 22:40:41.408,316.694,0,-3,13,-5.45,0,0,0,0,0,0,0,0
2026-03-27 22:40:41.437,316.724,0,-3,13,-5.45,0,0,0,0,0,0,0,0
2026-03-27 22:40:41.550,316.836,0,-3,13,-5.45,0,0,0,0,0,0,0,0
2026-03-27 22:40:41.565,316.852,-1,-4,13,-5.45,0,0,0,0,0,0,0,0
2026-03-27 22:40:41.567,316.853,-1,-3,13,-5.45,0,0,0,0,0,0,0,0
2026-03-27 22:40:41.694,316.980,0,-3,14,-5.45,0,0,0,0,0,0,0,0
2026-03-27 22:40:41.789,317.076,0,-3,13,2.12,0,0,0,0,0,0,0,0
2026-03-27 22:40:41.917,317.204,0,-3,13,-5.45,0,0,0,0,0,0,0,0
2026-03-27 22:40:41.981,317.268,0,-3,14,11.88,0,0,0,0,0,0,0,0
2026-03-27 22:40:41.984,317.270,-1,-3,14,-5.43,0,0,0,0,0,0,0,0
2026-03-27 22:40:42.094,317.380,0,-3,13,-5.45,0,0,0,0,0,0,0,0
2026-03-27 22:40:42.158,317.444,0,-3,14,271.76,0,0,0,0,0,0,0,0
2026-03-27 22:40:42.302,317.588,0,-3,14,-5.45,0,0,0,0,0,0,0,0
2026-03-27 22:40:42.382,317.668,-1,-4,13,63.85,0,0,0,0,0,0,0,0
2026-03-27 22:40:42.510,317.796,0,-3,14,-5.45,0,0,0,0,0,0,0,0
2026-03-27 22:40:42.685,317.971,0,-3,14,2212.22,0,0,0,0,0,0,0,0
2026-03-27 22:40:42.687,317.973,-1,-3,13,2.11,0,0,0,0,0,0,0,0
2026-03-27 22:40:42.765,318.052,0,-3,14,-8.75,0,0,0,0,0,0,0,0
2026-03-27 22:40:42.814,318.100,0,-3,13,4429.9,0,0,0,0,0,0,0,0
2026-03-27 22:40:42.942,318.228,-1,-4,13,254.37,0,0,0,0,0,0,0,0
2026-03-27 22:40:43.021,318.308,0,-3,14,4421.5,0,0,0,0,0,0,0,0
2026-03-27 22:40:43.230,318.516,0,-3,14,3.21,0,0,0,0,0,0,0,0
2026-03-27 22:40:43.309,318.596,0,-3,14,-5.41,0,0,0,0,0,0,0,0
2026-03-27 22:40:43.311,318.597,-1,-4,13,-4.37,0,0,0,0,0,0,0,0
2026-03-27 22:40:43.357,318.643,0,-3,13,-5.45,0,0,0,0,0,0,0,0
2026-03-27 22:40:43.358,318.645,0,-3,14,-3.28,0,0,0,0,0,0,0,0
2026-03-27 22:40:43.518,318.804,0,-3,13,21.09,0,0,0,0,0,0,0,0
2026-03-27 22:40:43.614,318.900,-1,-4,13,-1.12,0,0,0,0,0,0,0,0
2026-03-27 22:40:43.741,319.028,0,-3,14,-6.4,0,0,0,0,0,0,0,0
2026-03-27 22:40:43.885,319.172,0,-3,14,30.12,0,0,0,0,0,0,0,0
2026-03-27 22:40:43.887,319.173,0,-3,14,30.12,0,0,0,0,0,0,0,0
2026-03-27 22:40:43.949,319.236,0,-3,14,-5.44,0,0,0,0,0,0,0,0
2026-03-27 22:40:43.951,319.237,0,-3,13,-4.37,0,0,0,0,0,0,0,0
2026-03-27 22:40:44.014,319.300,0,-3,13,23.1,0,0,0,0,0,0,0,0
2026-03-27 22:40:44.077,319.364,0,-3,14,-1.12,0,0,0,0,0,0,0,0
2026-03-27 22:40:44.221,319.508,0,-2,14,25.5,0,0,0,0,0,0,0,0
2026-03-27 22:40:44.318,319.605,0,-3,14,5.65,0,0,0,0,0,0,0,0
2026-03-27 22:40:44.382,319.668,0,-2,14,3.0,0,0,0,0,0,0,0,0
2026-03-27 22:40:44.477,319.764,0,-3,14,8.93,0,0,0,0,0,0,0,0
2026-03-27 22:40:44.479,319.765,-1,-3,13,11.83,0,0,0,0,0,0,0,0
2026-03-27 22:40:44.574,319.860,0,-3,14,52.46,0,0,0,0,0,0,0,0
2026-03-27 22:40:44.702,319.988,0,-3,14,31.02,0,0,0,0,0,0,0,0
2026-03-27 22:40:44.703,319.989,0,-3,14,31.02,0,0,0,0,0,0,0,0
2026-03-27 22:40:44.734,320.020,0,-3,14,9.08,0,0,0,0,0,0,0,0
2026-03-27 22:40:44.735,320.021,0,-3,14,9.08,0,0,0,0,0,0,0,0
2026-03-27 22:40:44.861,320.148,0,-3,14,6.09,0,0,0,0,0,0,0,0
2026-03-27 22:40:44.942,320.228,-1,-3,13,-5.45,0,0,0,0,0,0,0,0
2026-03-27 22:40:45.069,320.355,0,-3,14,-5.45,0,0,0,0,0,0,0,0
2026-03-27 22:40:45.165,320.452,0,-2,14,-5.45,0,0,0,0,0,0,0,0
2026-03-27 22:40:45.245,320.532,0,-2,14,-5.45,0,0,0,0,0,0,0,0
2026-03-27 22:40:45.405,320.692,0,-3,14,-5.45,0,0,0,0,0,0,0,0
2026-03-27 22:40:45.486,320.772,0,-3,14,-5.45,0,0,0,0,0,0,0,0
2026-03-27 22:40:45.518,320.804,0,-2,14,-5.45,0,0,0,0,0,0,0,0
2026-03-27 22:40:45.757,321.043,0,-2,14,10.24,0,0,0,0,0,0,0,0
2026-03-27 22:40:45.869,321.155,0,-2,14,-5.45,0,0,0,0,0,0,0,0
2026-03-27 22:40:45.982,321.268,0,-2,14,-5.45,0,0,0,0,0,0,0,0
2026-03-27 22:40:46.093,321.379,0,-2,14,-5.45,0,0,0,0,0,0,0,0
2026-03-27 22:40:46.157,321.443,0,-2,14,-5.45,0,0,0,0,0,0,0,0
2026-03-27 22:40:46.159,321.445,0,-2,15,-5.45,0,0,0,0,0,0,0,0
2026-03-27 22:40:46.285,321.572,0,-2,15,-5.41,0,0,0,0,0,0,0,0
2026-03-27 22:40:46.397,321.684,0,-2,15,-5.45,0,0,0,0,0,0,0,0
2026-03-27 22:40:46.494,321.780,0,-2,15,-5.45,0,0,0,0,0,0,0,0
2026-03-27 22:40:46.557,321.844,0,-2,15,-5.45,0,0,0,0,0,0,0,0
2026-03-27 22:40:46.717,322.004,0,-2,15,271.76,0,0,0,0,0,0,0,0
2026-03-27 22:40:46.765,322.052,0,-2,15,-5.45,0,0,0,0,0,0,0,0
2026-03-27 22:40:46.781,322.067,1,-2,14,-5.45,0,0,0,0,0,0,0,0
2026-03-27 22:40:46.957,322.244,0,-2,15,-5.45,0,0,0,0,0,0,0,0
2026-03-27 22:40:47.021,322.308,0,-1,15,-5.45,0,0,0,0,0,0,0,0
2026-03-27 22:40:47.039,322.325,0,-1,15,-5.45,0,0,0,0,0,0,0,0
2026-03-27 22:40:47.149,322.435,1,-1,16,-5.45,0,0,0,0,0,0,0,0
2026-03-27 22:40:47.229,322.515,0,-1,16,-5.45,0,0,0,0,0,0,0,0
2026-03-27 22:40:47.389,322.675,1,-1,15,-5.45,0,0,0,0,0,0,0,0
2026-03-27 22:40:47.454,322.740,1,-1,15,-5.44,0,0,0,0,0,0,0,0
2026-03-27 22:40:47.597,322.883,0,-2,14,62.34,0,0,0,0,0,0,0,0
2026-03-27 22:40:47.598,322.884,0,-3,13,-0.95,0,0,0,0,0,0,0,0
2026-03-27 22:40:47.725,323.011,0,-3,14,-6.32,0,0,0,0,0,0,0,0
2026-03-27 22:40:47.789,323.076,0,-2,15,-5.45,0,0,0,0,0,0,0,0
2026-03-27 22:40:47.917,323.203,0,-2,13,-3.81,0,0,0,0,0,0,0,0
2026-03-27 22:40:48.030,323.316,0,-3,13,-5.45,0,0,0,0,0,0,0,0
2026-03-27 22:40:48.061,323.347,0,-3,13,-5.45,0,0,0,0,0,0,0,0
2026-03-27 22:40:48.189,323.475,0,-4,13,-5.45,0,0,0,0,0,0,0,0
2026-03-27 22:40:48.301,323.587,-1,-3,13,-5.45,0,0,0,0,0,0,0,0
2026-03-27 22:40:48.381,323.667,0,-3,13,-5.45,0,0,0,0,0,0,0,0
2026-03-27 22:40:48.477,323.763,0,-3,13,-5.45,0,0,0,0,0,0,0,0
2026-03-27 22:40:48.654,323.940,0,-3,14,-5.45,0,0,0,0,0,0,0,0
2026-03-27 22:40:48.717,324.003,-1,-3,13,-5.45,0,0,0,0,0,0,0,0
2026-03-27 22:40:48.781,324.067,0,-3,13,-5.45,0,0,0,0,0,0,0,0
2026-03-27 22:40:48.893,324.180,0,-3,13,-5.45,0,0,0,0,0,0,0,0
2026-03-27 22:40:48.974,324.260,0,-3,13,-5.45,0,0,0,0,0,0,0,0
2026-03-27 22:40:49.117,324.403,0,-3,14,-5.45,0,0,0,0,0,0,0,0
2026-03-27 22:40:49.181,324.467,0,-3,14,-5.45,0,0,0,0,0,0,0,0
2026-03-27 22:40:49.310,324.596,-2,-3,14,-5.45,0,0,0,0,0,0,0,0
2026-03-27 22:40:49.389,324.675,0,-3,14,-5.45,0,0,0,0,0,0,0,0
2026-03-27 22:40:49.485,324.772,0,-3,14,-5.45,0,0,0,0,0,0,0,0
2026-03-27 22:40:49.662,324.949,0,-3,14,-5.45,0,0,0,0,0,0,0,0
2026-03-27 22:40:49.725,325.011,0,-3,14,-5.45,0,0,0,0,0,0,0,0
2026-03-27 22:40:49.854,325.140,0,-3,14,-5.45,0,0,0,0,0,0,0,0
2026-03-27 22:40:49.949,325.235,0,-3,14,-5.45,0,0,0,0,0,0,0,0
2026-03-27 22:40:49.965,325.251,-1,-3,14,-5.45,0,0,0,0,0,0,0,0
2026-03-27 22:40:50.013,325.299,0,-3,14,-5.45,0,0,0,0,0,0,0,0
2026-03-27 22:40:50.030,325.316,0,-3,14,-5.45,0,0,0,0,0,0,0,0
2026-03-27 22:40:50.173,325.460,0,-2,14,-5.45,0,0,0,0,0,0,0,0
2026-03-27 22:40:50.301,325.587,0,-2,14,-5.45,0,0,0,0,0,0,0,0
2026-03-27 22:40:50.349,325.636,0,-3,14,-5.45,0,0,0,0,0,0,0,0
2026-03-27 22:40:50.477,325.763,0,-3,14,-5.45,0,0,0,0,0,0,0,0
2026-03-27 22:40:50.589,325.875,0,-3,14,-5.45,0,0,0,0,0,0,0,0
2026-03-27 22:40:50.733,326.020,0,-3,14,-5.45,0,0,0,0,0,0,0,0
2026-03-27 22:40:50.797,326.083,0,-2,14,-5.45,0,0,0,0,0,0,0,0
2026-03-27 22:40:50.974,326.260,0,-2,14,-5.45,0,0,0,0,0,0,0,0
2026-03-27 22:40:51.005,326.291,0,-2,14,-5.45,0,0,0,0,0,0,0,0
2026-03-27 22:40:51.117,326.403,0,-2,14,-5.45,0,0,0,0,0,0,0,0
2026-03-27 22:40:51.214,326.500,0,-2,14,-5.45,0,0,0,0,0,0,0,0
2026-03-27 22:40:51.358,326.644,0,-3,14,-5.45,0,0,0,0,0,0,0,0
2026-03-27 22:40:51.389,326.675,0,-2,14,-5.45,0,0,0,0,0,0,0,0
2026-03-27 22:40:51.533,326.819,-1,-2,11,-5.45,0,0,0,0,0,0,0,0
2026-03-27 22:40:51.661,326.947,0,-2,14,-5.45,0,0,0,0,0,0,0,0
2026-03-27 22:40:51.725,327.011,0,-3,14,2.1,0,0,0,0,0,0,0,0
2026-03-27 22:40:51.853,327.139,0,-2,14,63.85,0,0,0,0,0,0,0,0
2026-03-27 22:40:51.885,327.171,0,-2,14,133.16,0,0,0,0,0,0,0,0
2026-03-27 22:40:52.030,327.316,0,-2,14,28.39,0,0,0,0,0,0,0,0
2026-03-27 22:40:52.125,327.411,0,-2,14,-2.2,0,0,0,0,0,0,0,0
2026-03-27 22:40:52.285,327.571,0,-3,14,3.18,0,0,0,0,0,0,0,0
2026-03-27 22:40:52.288,327.574,0,-3,14,-4.91,0,0,0,0,0,0,0,0
2026-03-27 22:40:52.429,327.716,0,-2,14,9.43,0,0,0,0,0,0,0,0
2026-03-27 22:40:52.477,327.764,0,-2,15,-2.17,0,0,0,0,0,0,0,0
2026-03-27 22:40:52.621,327.907,0,-2,14,-5.55,0,0,0,0,0,0,0,0
2026-03-27 22:40:52.669,327.955,0,-2,14,-5.45,0,0,0,0,0,0,0,0
2026-03-27 22:40:52.781,328.067,0,-2,14,-0.36,0,0,0,0,0,0,0,0
2026-03-27 22:40:52.941,328.228,0,-2,14,-7.07,0,0,0,0,0,0,0,0
2026-03-27 22:40:53.069,328.355,0,-3,14,-1.15,0,0,0,0,0,0,0,0
2026-03-27 22:40:53.165,328.451,0,-2,14,-0.05,0,0,0,0,0,0,0,0
2026-03-27 22:40:53.181,328.467,0,-2,14,11.88,0,0,0,0,0,0,0,0
2026-03-27 22:40:53.228,328.515,0,-2,14,-5.18,0,0,0,0,0,0,0,0
2026-03-27 22:40:53.358,328.644,0,-2,14,-5.44,0,0,0,0,0,0,0,0
2026-03-27 22:40:53.501,328.788,0,-2,14,4429.9,0,0,0,0,0,0,0,0
2026-03-27 22:40:53.516,328.803,0,-2,14,-2.2,0,0,0,0,0,0,0,0
2026-03-27 22:40:53.533,328.819,0,-2,14,-2.2,0,0,0,0,0,0,0,0
2026-03-27 22:40:53.661,328.947,0,-2,15,-5.48,0,0,0,0,0,0,0,0
2026-03-27 22:40:53.709,328.995,0,-2,14,237.11,0,0,0,0,0,0,0,0
2026-03-27 22:40:53.885,329.171,0,-2,14,-1.13,0,0,0,0,0,0,0,0
2026-03-27 22:40:53.980,329.267,0,-2,14,2.06,0,0,0,0,0,0,0,0
2026-03-27 22:40:53.982,329.268,0,-2,14,-5.43,0,0,0,0,0,0,0,0
2026-03-27 22:40:54.141,329.427,0,-2,14,-5.45,0,0,0,0,0,0,0,0
2026-03-27 22:40:54.205,329.491,0,-2,14,36.78,0,0,0,0,0,0,0,0
2026-03-27 22:40:54.333,329.620,0,-2,14,0.95,0,0,0,0,0,0,0,0
2026-03-27 22:40:54.445,329.732,0,-2,14,2.38,0,0,0,0,0,0,0,0
2026-03-27 22:40:54.525,329.811,0,-2,14,-4.37,0,0,0,0,0,0,0,0
2026-03-27 22:40:54.637,329.923,0,-2,14,2.13,0,0,0,0,0,0,0,0
2026-03-27 22:40:54.733,330.019,0,-2,14,-1.18,0,0,0,0,0,0,0,0
2026-03-27 22:40:54.829,330.115,0,-2,15,0.84,0,0,0,0,0,0,0,0
2026-03-27 22:40:55.053,330.340,0,-2,15,-5.45,0,0,0,0,0,0,0,0
2026-03-27 22:40:55.164,330.451,0,-2,15,-5.32,0,0,0,0,0,0,0,0
2026-03-27 22:40:55.245,330.532,0,-2,14,-1.37,0,0,0,0,0,0,0,0
2026-03-27 22:40:55.248,330.534,0,-2,15,1.58,0,0,0,0,0,0,0,0
2026-03-27 22:40:55.277,330.563,0,-2,14,1.58,0,0,0,0,0,0,0,0
2026-03-27 22:40:55.437,330.723,0,-3,14,-5.52,0,0,0,0,0,0,0,0
2026-03-27 22:40:55.565,330.851,0,-2,15,2.12,0,0,0,0,0,0,0,0
2026-03-27 22:40:55.693,330.979,0,-2,14,-5.49,0,0,0,0,0,0,0,0
2026-03-27 22:40:55.788,331.075,0,-2,15,-1.59,0,0,0,0,0,0,0,0
2026-03-27 22:40:55.790,331.076,0,-2,14,-1.59,0,0,0,0,0,0,0,0
2026-03-27 22:40:55.853,331.139,0,-2,15,-6.27,0,0,0,0,0,0,0,0
2026-03-27 22:40:55.916,331.203,0,-2,15,-1.93,0,0,0,0,0,0,0,0
2026-03-27 22:40:56.045,331.332,0,-2,15,1.04,0,0,0,0,0,0,0,0
2026-03-27 22:40:56.157,331.443,0,-2,15,-1.12,0,0,0,0,0,0,0,0
2026-03-27 22:40:56.254,331.540,0,-2,14,-5.41,0,0,0,0,0,0,0,0
2026-03-27 22:40:56.349,331.635,0,-2,14,-1.12,0,0,0,0,0,0,0,0
2026-03-27 22:40:56.351,331.638,0,-2,15,-1.13,0,0,0,0,0,0,0,0
2026-03-27 22:40:56.461,331.747,0,-3,14,-5.44,0,0,0,0,0,0,0,0
2026-03-27 22:40:56.541,331.827,0,-2,14,1.05,0,0,0,0,0,0,0,0
2026-03-27 22:40:56.543,331.829,0,-2,15,-1.24,0,0,0,0,0,0,0,0
2026-03-27 22:40:56.621,331.908,0,-2,14,540.31,0,0,0,0,0,0,0,0
2026-03-27 22:40:56.622,331.909,0,-2,14,548.97,0,0,0,0,0,0,0,0
2026-03-27 22:40:56.637,331.924,0,-2,14,-2.0,0,0,0,0,0,0,0,0
2026-03-27 22:40:56.701,331.988,0,-2,15,-2.0,0,0,0,0,0,0,0,0
2026-03-27 22:40:56.765,332.052,0,-2,14,-0.07,0,0,0,0,0,0,0,0
2026-03-27 22:40:56.780,332.066,0,-2,14,-8.78,0,0,0,0,0,0,0,0
2026-03-27 22:40:56.893,332.179,0,-2,15,-5.45,0,0,0,0,0,0,0,0
2026-03-27 22:40:56.957,332.243,0,-2,15,-2.15,0,0,0,0,0,0,0,0
2026-03-27 22:40:57.165,332.451,0,-2,15,4429.9,0,0,0,0,0,0,0,0
2026-03-27 22:40:57.261,332.547,0,-2,12,-2.27,0,0,0,0,0,0,0,0
2026-03-27 22:40:57.388,332.674,0,-2,15,-2.21,0,0,0,0,0,0,0,0
2026-03-27 22:40:57.390,332.676,0,-2,14,-2.21,0,0,0,0,0,0,0,0
2026-03-27 22:40:57.452,332.738,0,-2,14,-2.12,0,0,0,0,0,0,0,0
2026-03-27 22:40:57.469,332.755,0,-2,15,-3.28,0,0,0,0,0,0,0,0
2026-03-27 22:40:57.533,332.819,0,-2,14,0.9,0,0,0,0,0,0,0,0
2026-03-27 22:40:57.693,332.979,0,-2,15,-4.91,0,0,0,0,0,0,0,0
2026-03-27 22:40:57.789,333.075,0,-2,14,-1.12,0,0,0,0,0,0,0,0
2026-03-27 22:40:57.869,333.155,0,-2,14,1.02,0,0,0,0,0,0,0,0
2026-03-27 22:40:57.964,333.251,0,-2,15,-1.53,0,0,0,0,0,0,0,0
2026-03-27 22:40:58.109,333.395,0,-2,15,-1.12,0,0,0,0,0,0,0,0
2026-03-27 22:40:58.189,333.475,0,-2,15,-2.08,0,0,0,0,0,0,0,0
2026-03-27 22:40:58.348,333.635,0,-2,15,-4.37,0,0,0,0,0,0,0,0
2026-03-27 22:40:58.350,333.637,0,-2,15,0.92,0,0,0,0,0,0,0,0
2026-03-27 22:40:58.429,333.715,0,-2,15,0.92,0,0,0,0,0,0,0,0
2026-03-27 22:40:58.541,333.827,0,-2,14,-5.45,0,0,0,0,0,0,0,0
2026-03-27 22:40:58.606,333.892,0,-2,15,-5.45,0,0,0,0,0,0,0,0
2026-03-27 22:40:58.717,334.003,0,-2,14,3.18,0,0,0,0,0,0,0,0
2026-03-27 22:40:58.780,334.067,0,-2,15,0.71,0,0,0,0,0,0,0,0
2026-03-27 22:40:58.845,334.131,0,-2,15,3.21,0,0,0,0,0,0,0,0
2026-03-27 22:40:59.052,334.338,0,-2,15,10.68,0,0,0,0,0,0,0,0
2026-03-27 22:40:59.055,334.341,0,-2,15,-3.11,0,0,0,0,0,0,0,0
2026-03-27 22:40:59.117,334.403,0,-2,14,-3.11,0,0,0,0,0,0,0,0
2026-03-27 22:40:59.197,334.483,0,-2,14,-5.31,0,0,0,0,0,0,0,0
2026-03-27 22:40:59.325,334.611,0,-2,14,3.08,0,0,0,0,0,0,0,0
2026-03-27 22:40:59.356,334.643,0,-2,15,1.59,0,0,0,0,0,0,0,0
2026-03-27 22:40:59.564,334.851,0,-2,14,-0.07,0,0,0,0,0,0,0,0
2026-03-27 22:40:59.644,334.931,0,-2,14,-3.28,0,0,0,0,0,0,0,0
2026-03-27 22:40:59.708,334.994,0,-2,15,-1.95,0,0,0,0,0,0,0,0
2026-03-27 22:40:59.725,335.011,0,-2,14,-1.95,0,0,0,0,0,0,0,0
2026-03-27 22:40:59.773,335.059,0,-2,15,-0.08,0,0,0,0,0,0,0,0
2026-03-27 22:40:59.853,335.139,0,-2,15,-5.45,0,0,0,0,0,0,0,0
2026-03-27 22:41:00.028,335.315,0,-2,14,-5.45,0,0,0,0,0,0,0,0
2026-03-27 22:41:00.092,335.379,0,-3,15,-5.45,0,0,0,0,0,0,0,0
2026-03-27 22:41:00.284,335.571,0,-2,15,-5.45,0,0,0,0,0,0,0,0
2026-03-27 22:41:00.412,335.699,0,-2,14,-5.45,0,0,0,0,0,0,0,0
2026-03-27 22:41:00.415,335.701,0,-2,15,-5.45,0,0,0,0,0,0,0,0
2026-03-27 22:41:00.540,335.826,0,-2,15,-5.45,0,0,0,0,0,0,0,0
2026-03-27 22:41:00.620,335.906,0,-2,14,-5.45,0,0,0,0,0,0,0,0
2026-03-27 22:41:00.716,336.002,0,-2,15,-5.45,0,0,0,0,0,0,0,0
2026-03-27 22:41:00.860,336.147,0,-2,14,-5.45,0,0,0,0,0,0,0,0
2026-03-27 22:41:00.972,336.259,0,-2,15,-5.45,0,0,0,0,0,0,0,0
2026-03-27 22:41:01.036,336.322,0,-2,14,-5.45,0,0,0,0,0,0,0,0
2026-03-27 22:41:01.116,336.403,0,-2,14,-5.45,0,0,0,0,0,0,0,0
2026-03-27 22:41:01.196,336.482,0,-5,15,-5.45,0,0,0,0,0,0,0,0
2026-03-27 22:41:01.197,336.483,0,-4,14,-5.45,0,0,0,0,0,0,0,0
2026-03-27 22:41:01.324,336.610,0,-2,14,-5.45,0,0,0,0,0,0,0,0
2026-03-27 22:41:01.325,336.611,0,-2,15,-5.45,0,0,0,0,0,0,0,0
2026-03-27 22:41:01.468,336.754,0,-2,15,4429.9,0,0,0,0,0,0,0,0
2026-03-27 22:41:01.580,336.866,0,-2,14,2212.22,0,0,0,0,0,0,0,0
2026-03-27 22:41:01.581,336.867,0,-2,15,2212.22,0,0,0,0,0,0,0,0
2026-03-27 22:41:01.582,336.868,0,-1,15,-5.45,0,0,0,0,0,0,0,0
2026-03-27 22:41:01.613,336.899,0,-2,14,-5.45,0,0,0,0,0,0,0,0
2026-03-27 22:41:01.660,336.947,0,-2,14,-5.43,0,0,0,0,0,0,0,0
2026-03-27 22:41:01.756,337.043,0,-2,14,-5.85,0,0,0,0,0,0,0,0
2026-03-27 22:41:01.949,337.235,0,-2,15,-5.45,0,0,0,0,0,0,0,0
2026-03-27 22:41:02.029,337.315,0,-2,15,-5.45,0,0,0,0,0,0,0,0
2026-03-27 22:41:02.092,337.379,0,-2,12,-5.45,0,0,0,0,0,0,0,0
2026-03-27 22:41:02.221,337.507,0,-2,15,29.2,0,0,0,0,0,0,0,0
2026-03-27 22:41:02.333,337.619,0,-2,14,-5.43,0,0,0,0,0,0,0,0
2026-03-27 22:41:02.396,337.683,0,-2,15,25.95,0,0,0,0,0,0,0,0
2026-03-27 22:41:02.413,337.700,0,-2,14,-5.41,0,0,0,0,0,0,0,0
2026-03-27 22:41:02.652,337.938,0,0,0,0,0,0,0,0,0,0,0,0
2026-03-27 22:41:02.668,337.954,0,-2,14,-3.28,0,0,0,0,0,0,0,0
2026-03-27 22:41:02.749,338.035,0,-2,15,-5.45,0,0,0,0,0,0,0,0
2026-03-27 22:41:02.860,338.147,0,-2,15,63.85,0,0,0,0,0,0,0,0
2026-03-27 22:41:02.956,338.242,0,-2,15,-5.45,0,0,0,0,0,0,0,0
2026-03-27 22:41:03.036,338.323,0,-2,14,-5.48,0,0,0,0,0,0,0,0
2026-03-27 22:41:03.052,338.339,0,-2,14,-5.48,0,0,0,0,0,0,0,0
2026-03-27 22:41:03.164,338.450,0,-2,15,1.19,0,0,0,0,0,0,0,0
2026-03-27 22:41:03.245,338.531,0,-2,15,-5.45,0,0,0,0,0,0,0,0
2026-03-27 22:41:03.420,338.707,0,-2,15,-5.45,0,0,0,0,0,0,0,0
2026-03-27 22:41:03.516,338.802,0,-2,15,-5.45,0,0,0,0,0,0,0,0
2026-03-27 22:41:03.548,338.834,0,-2,15,-5.45,0,0,0,0,0,0,0,0
2026-03-27 22:41:03.612,338.898,0,-2,15,-5.45,0,0,0,0,0,0,0,0
2026-03-27 22:41:03.613,338.899,0,-2,14,-5.45,0,0,0,0,0,0,0,0
2026-03-27 22:41:03.772,339.059,0,-2,15,-5.45,0,0,0,0,0,0,0,0
2026-03-27 22:41:03.900,339.186,0,-2,15,-5.45,0,0,0,0,0,0,0,0
2026-03-27 22:41:03.948,339.235,0,-2,14,-5.45,0,0,0,0,0,0,0,0
2026-03-27 22:41:04.012,339.299,0,-2,14,-5.45,0,0,0,0,0,0,0,0
2026-03-27 22:41:04.124,339.410,0,-2,15,-5.45,0,0,0,0,0,0,0,0
2026-03-27 22:41:04.220,339.506,0,-2,14,-5.45,0,0,0,0,0,0,0,0
2026-03-27 22:41:04.396,339.682,0,-2,14,-5.45,0,0,0,0,0,0,0,0
2026-03-27 22:41:04.492,339.778,0,-2,14,-5.45,0,0,0,0,0,0,0,0
2026-03-27 22:41:04.573,339.859,0,-2,15,-5.45,0,0,0,0,0,0,0,0
2026-03-27 22:41:04.684,339.970,0,-2,14,-5.45,0,0,0,0,0,0,0,0
2026-03-27 22:41:04.796,340.082,0,-2,15,-5.45,0,0,0,0,0,0,0,0
2026-03-27 22:41:04.844,340.130,0,-2,15,-5.45,0,0,0,0,0,0,0,0
2026-03-27 22:41:04.861,340.147,0,-2,14,-5.45,0,0,0,0,0,0,0,0
2026-03-27 22:41:04.862,340.148,5,0,0,0,0,0,0,0,0,0,0,0
2026-03-27 22:41:05.036,340.323,0,-2,15,-5.45,0,0,0,0,0,0,0,0
2026-03-27 22:41:05.276,340.562,0,-2,15,-5.45,0,0,0,0,0,0,0,0
2026-03-27 22:41:05.277,340.564,0,-2,15,-5.45,0,0,0,0,0,0,0,0
2026-03-27 22:41:05.279,340.565,0,-2,14,-5.45,0,0,0,0,0,0,0,0
2026-03-27 22:41:05.340,340.626,0,-2,15,-5.45,0,0,0,0,0,0,0,0
2026-03-27 22:41:05.452,340.739,0,-2,15,-5.45,0,0,0,0,0,0,0,0
2026-03-27 22:41:05.612,340.898,0,-2,15,-5.45,0,0,0,0,0,0,0,0
2026-03-27 22:41:05.628,340.914,0,-2,15,-5.45,0,0,0,0,0,0,0,0
2026-03-27 22:41:05.724,341.010,0,-2,15,-5.45,0,0,0,0,0,0,0,0
2026-03-27 22:41:05.789,341.075,0,-2,15,-5.45,0,0,0,0,0,0,0,0
2026-03-27 22:41:05.853,341.139,0,-2,15,-5.45,0,0,0,0,0,0,0,0
2026-03-27 22:41:05.964,341.250,0,-2,15,-5.45,0,0,0,0,0,0,0,0
2026-03-27 22:41:06.092,341.379,0,-2,14,-5.45,0,0,0,0,0,0,0,0
2026-03-27 22:41:06.236,341.523,0,-2,14,-5.45,0,0,0,0,0,0,0,0
2026-03-27 22:41:06.300,341.586,0,-2,15,-5.45,0,0,0,0,0,0,0,0
2026-03-27 22:41:06.444,341.731,0,-2,14,-5.45,0,0,0,0,0,0,0,0
2026-03-27 22:41:06.556,341.842,0,-2,14,-5.45,0,0,0,0,0,0,0,0
2026-03-27 22:41:06.700,341.986,0,-2,12,-5.45,0,0,0,0,0,0,0,0
2026-03-27 22:41:06.748,342.035,0,-2,15,-5.45,0,0,0,0,0,0,0,0
2026-03-27 22:41:06.876,342.162,0,-2,14,-5.45,0,0,0,0,0,0,0,0
2026-03-27 22:41:06.893,342.179,0,-2,15,-5.45,0,0,0,0,0,0,0,0
2026-03-27 22:41:06.908,342.195,0,-2,14,-5.45,0,0,0,0,0,0,0,0
2026-03-27 22:41:07.036,342.323,0,-2,15,-5.45,0,0,0,0,0,0,0,0
2026-03-27 22:41:07.132,342.418,0,-2,15,-5.45,0,0,0,0,0,0,0,0
2026-03-27 22:41:07.180,342.466,0,-2,15,-5.45,0,0,0,0,0,0,0,0
2026-03-27 22:41:07.292,342.578,0,-2,15,-5.45,0,0,0,0,0,0,0,0
2026-03-27 22:41:07.420,342.706,0,-2,15,-5.45,0,0,0,0,0,0,0,0
2026-03-27 22:41:07.422,342.708,0,-2,15,-5.45,0,0,0,0,0,0,0,0
2026-03-27 22:41:07.548,342.834,0,-2,15,-5.45,0,0,0,0,0,0,0,0
2026-03-27 22:41:07.566,342.852,0,-2,15,-5.45,0,0,0,0,0,0,0,0
2026-03-27 22:41:07.676,342.962,0,-2,14,-5.45,0,0,0,0,0,0,0,0
2026-03-27 22:41:07.852,343.138,0,-2,15,-5.45,0,0,0,0,0,0,0,0
2026-03-27 22:41:07.933,343.219,0,-2,14,-5.45,0,0,0,0,0,0,0,0
2026-03-27 22:41:08.029,343.315,0,-2,14,-5.45,0,0,0,0,0,0,0,0
2026-03-27 22:41:08.156,343.442,0,-2,15,-5.45,0,0,0,0,0,0,0,0
2026-03-27 22:41:08.284,343.570,0,-3,14,-5.45,0,0,0,0,0,0,0,0
2026-03-27 22:41:08.332,343.619,0,-2,15,-5.45,0,0,0,0,0,0,0,0
2026-03-27 22:41:08.460,343.746,0,-2,14,-5.45,0,0,0,0,0,0,0,0
2026-03-27 22:41:08.524,343.811,0,-2,15,-5.45,0,0,0,0,0,0,0,0
2026-03-27 22:41:08.700,343.986,0,-2,14,-5.45,0,0,0,0,0,0,0,0
2026-03-27 22:41:08.764,344.051,0,-2,14,-5.45,0,0,0,0,0,0,0,0
2026-03-27 22:41:08.767,344.053,0,-2,15,-5.45,0,0,0,0,0,0,0,0
2026-03-27 22:41:09.100,344.386,0,-2,15,-5.45,0,0,0,0,0,0,0,0
2026-03-27 22:41:09.102,344.388,0,-2,15,-5.45,0,0,0,0,0,0,0,0
2026-03-27 22:41:09.163,344.450,0,-2,15,-5.45,0,0,0,0,0,0,0,0
2026-03-27 22:41:09.324,344.610,0,-2,15,-5.45,0,0,0,0,0,0,0,0
2026-03-27 22:41:09.420,344.707,0,-2,14,-5.45,0,0,0,0,0,0,0,0
2026-03-27 22:41:09.532,344.818,0,-2,15,-5.45,0,0,0,0,0,0,0,0
2026-03-27 22:41:09.628,344.914,0,-2,14,-5.45,0,0,0,0,0,0,0,0
2026-03-27 22:41:09.756,345.042,0,-2,15,-5.45,0,0,0,0,0,0,0,0
2026-03-27 22:41:09.821,345.107,0,-2,15,-5.45,0,0,0,0,0,0,0,0
2026-03-27 22:41:09.948,345.234,0,-2,15,-5.45,0,0,0,0,0,0,0,0
2026-03-27 22:41:10.093,345.379,0,-2,15,-5.45,0,0,0,0,0,0,0,0
2026-03-27 22:41:10.124,345.410,0,-2,15,-5.45,0,0,0,0,0,0,0,0
2026-03-27 22:41:10.428,345.714,0,-2,15,-5.45,0,0,0,0,0,0,0,0
2026-03-27 22:41:10.524,345.810,0,-2,15,-5.45,0,0,0,0,0,0,0,0
2026-03-27 22:41:10.620,345.906,0,-2,14,-5.45,0,0,0,0,0,0,0,0
2026-03-27 22:41:10.716,346.002,0,-2,15,-5.45,0,0,0,0,0,0,0,0
2026-03-27 22:41:10.764,346.050,0,-2,15,-5.45,0,0,0,0,0,0,0,0
2026-03-27 22:41:10.860,346.146,0,-2,15,-5.45,0,0,0,0,0,0,0,0
2026-03-27 22:41:11.004,346.290,0,-2,15,-5.45,0,0,0,0,0,0,0,0
2026-03-27 22:41:11.006,346.292,0,-2,15,-5.45,0,0,0,0,0,0,0,0
2026-03-27 22:41:11.164,346.451,0,-2,15,-5.45,0,0,0,0,0,0,0,0
2026-03-27 22:41:11.166,346.452,0,-2,14,-5.45,0,0,0,0,0,0,0,0
2026-03-27 22:41:11.244,346.531,0,-2,15,-5.45,0,0,0,0,0,0,0,0
2026-03-27 22:41:11.340,346.626,0,-2,14,-5.45,0,0,0,0,0,0,0,0
2026-03-27 22:41:11.356,346.643,0,-2,15,-5.45,0,0,0,0,0,0,0,0
2026-03-27 22:41:11.468,346.754,0,-2,15,-5.45,0,0,0,0,0,0,0,0
2026-03-27 22:41:11.470,346.756,0,-2,15,-5.45,0,0,0,0,0,0,0,0
2026-03-27 22:41:11.516,346.802,0,-2,15,-5.45,0,0,0,0,0,0,0,0
2026-03-27 22:41:11.660,346.947,0,-2,14,-5.45,0,0,0,0,0,0,0,0
2026-03-27 22:41:11.675,346.962,0,-2,15,-5.45,0,0,0,0,0,0,0,0
2026-03-27 22:41:11.787,347.074,0,-2,15,-5.45,0,0,0,0,0,0,0,0
2026-03-27 22:41:11.900,347.187,0,-2,14,-5.45,0,0,0,0,0,0,0,0
2026-03-27 22:41:12.076,347.362,0,-2,15,-5.45,0,0,0,0,0,0,0,0
2026-03-27 22:41:12.124,347.410,0,-2,15,-5.45,0,0,0,0,0,0,0,0
2026-03-27 22:41:12.126,347.413,0,-2,14,-5.45,0,0,0,0,0,0,0,0
2026-03-27 22:41:12.252,347.539,0,-2,15,-5.45,0,0,0,0,0,0,0,0
2026-03-27 22:41:12.332,347.619,0,-2,14,-5.45,0,0,0,0,0,0,0,0
2026-03-27 22:41:12.460,347.747,0,-2,15,-5.45,0,0,0,0,0,0,0,0
2026-03-27 22:41:12.620,347.906,0,-2,14,-5.45,0,0,0,0,0,0,0,0
2026-03-27 22:41:12.668,347.955,0,-2,15,-5.45,0,0,0,0,0,0,0,0
2026-03-27 22:41:12.780,348.067,0,-2,14,-5.45,0,0,0,0,0,0,0,0
2026-03-27 22:41:12.844,348.130,0,-2,15,-5.45,0,0,0,0,0,0,0,0
2026-03-27 22:41:13.036,348.322,0,-3,14,-5.45,0,0,0,0,0,0,0,0
2026-03-27 22:41:13.195,348.482,0,-2,15,-5.45,0,0,0,0,0,0,0,0
2026-03-27 22:41:13.308,348.594,0,-2,15,-5.45,0,0,0,0,0,0,0,0
2026-03-27 22:41:13.404,348.690,0,-2,14,-5.45,0,0,0,0,0,0,0,0
2026-03-27 22:41:13.516,348.803,0,-2,15,-5.45,0,0,0,0,0,0,0,0
2026-03-27 22:41:13.548,348.835,0,-2,14,-5.45,0,0,0,0,0,0,0,0
2026-03-27 22:41:13.550,348.836,0,-2,14,-5.45,0,0,0,0,0,0,0,0
2026-03-27 22:41:13.691,348.978,0,-2,15,-5.45,0,0,0,0,0,0,0,0
2026-03-27 22:41:13.693,348.979,0,-2,14,-5.45,0,0,0,0,0,0,0,0
2026-03-27 22:41:13.740,349.026,0,-2,15,-5.45,0,0,0,0,0,0,0,0
2026-03-27 22:41:13.820,349.107,0,-2,15,-5.45,0,0,0,0,0,0,0,0
2026-03-27 22:41:13.916,349.202,0,-2,15,-5.45,0,0,0,0,0,0,0,0
2026-03-27 22:41:14.060,349.346,0,-2,14,-5.45,0,0,0,0,0,0,0,0
2026-03-27 22:41:14.140,349.426,0,-2,14,-5.45,0,0,0,0,0,0,0,0
2026-03-27 22:41:14.300,349.586,0,-2,12,-5.45,0,0,0,0,0,0,0,0
2026-03-27 22:41:14.412,349.698,0,-2,14,-5.45,0,0,0,0,0,0,0,0
2026-03-27 22:41:14.460,349.746,0,-2,14,-5.45,0,0,0,0,0,0,0,0
2026-03-27 22:41:14.588,349.874,0,-2,15,-5.45,0,0,0,0,0,0,0,0
2026-03-27 22:41:14.636,349.922,0,-2,15,-5.45,0,0,0,0,0,0,0,0
2026-03-27 22:41:14.748,350.035,0,-2,15,-5.45,0,0,0,0,0,0,0,0
2026-03-27 22:41:14.859,350.146,0,-2,15,-5.45,0,0,0,0,0,0,0,0
2026-03-27 22:41:14.988,350.274,0,-2,14,-5.45,0,0,0,0,0,0,0,0
2026-03-27 22:41:15.099,350.386,0,-2,14,-5.45,0,0,0,0,0,0,0,0
2026-03-27 22:41:15.180,350.466,0,-2,15,-5.45,0,0,0,0,0,0,0,0
2026-03-27 22:41:15.308,350.594,0,-2,14,-5.45,0,0,0,0,0,0,0,0
2026-03-27 22:41:15.468,350.754,0,-2,12,-5.45,0,0,0,0,0,0,0,0
2026-03-27 22:41:15.548,350.834,0,-2,14,-5.45,0,0,0,0,0,0,0,0
2026-03-27 22:41:15.628,350.914,0,-2,15,-5.45,0,0,0,0,0,0,0,0
2026-03-27 22:41:15.660,350.946,0,-2,15,-5.45,0,0,0,0,0,0,0,0
2026-03-27 22:41:15.676,350.962,0,-2,15,-5.45,0,0,0,0,0,0,0,0
2026-03-27 22:41:15.677,350.964,0,-2,15,-5.45,0,0,0,0,0,0,0,0
2026-03-27 22:41:15.836,351.123,0,-2,14,-5.45,0,0,0,0,0,0,0,0
2026-03-27 22:41:15.916,351.202,0,-2,14,-5.45,0,0,0,0,0,0,0,0
2026-03-27 22:41:16.188,351.474,0,-2,14,-5.45,0,0,0,0,0,0,0,0
2026-03-27 22:41:16.332,351.618,0,-2,15,-5.45,0,0,0,0,0,0,0,0
2026-03-27 22:41:16.396,351.682,0,-2,15,-5.45,0,0,0,0,0,0,0,0
2026-03-27 22:41:16.492,351.778,0,-2,15,-5.45,0,0,0,0,0,0,0,0
2026-03-27 22:41:16.652,351.938,0,-2,14,-5.45,0,0,0,0,0,0,0,0
2026-03-27 22:41:16.764,352.050,0,-2,14,-5.45,0,0,0,0,0,0,0,0
2026-03-27 22:41:16.844,352.131,0,-2,15,-5.45,0,0,0,0,0,0,0,0
2026-03-27 22:41:16.987,352.274,0,-2,14,-5.45,0,0,0,0,0,0,0,0
2026-03-27 22:41:17.068,352.354,0,-2,15,-5.45,0,0,0,0,0,0,0,0
2026-03-27 22:41:17.164,352.450,0,-2,15,-5.45,0,0,0,0,0,0,0,0
2026-03-27 22:41:17.166,352.452,0,-2,14,-5.45,0,0,0,0,0,0,0,0
2026-03-27 22:41:17.323,352.610,0,-2,15,-5.45,0,0,0,0,0,0,0,0
2026-03-27 22:41:17.436,352.722,0,-2,14,-5.45,0,0,0,0,0,0,0,0
2026-03-27 22:41:17.564,352.850,0,-2,15,-5.45,0,0,0,0,0,0,0,0
2026-03-27 22:41:17.612,352.899,0,-2,15,-5.45,0,0,0,0,0,0,0,0
2026-03-27 22:41:17.723,353.010,0,-2,14,-5.45,0,0,0,0,0,0,0,0
2026-03-27 22:41:17.788,353.075,0,-2,15,-5.45,0,0,0,0,0,0,0,0
2026-03-27 22:41:17.932,353.218,0,-2,15,-5.45,0,0,0,0,0,0,0,0
2026-03-27 22:41:18.060,353.346,0,-2,14,-5.45,0,0,0,0,0,0,0,0
2026-03-27 22:41:18.171,353.458,0,-2,14,-5.45,0,0,0,0,0,0,0,0
2026-03-27 22:41:18.300,353.586,0,-2,15,-5.45,0,0,0,0,0,0,0,0
2026-03-27 22:41:18.411,353.698,0,-3,15,-5.45,0,0,0,0,0,0,0,0
2026-03-27 22:41:18.507,353.794,0,-2,15,-5.45,0,0,0,0,0,0,0,0
2026-03-27 22:41:18.619,353.906,0,-2,15,-5.45,0,0,0,0,0,0,0,0
2026-03-27 22:41:18.731,354.017,0,-2,15,-5.45,0,0,0,0,0,0,0,0
2026-03-27 22:41:18.827,354.114,0,-2,15,-5.45,0,0,0,0,0,0,0,0
2026-03-27 22:41:18.987,354.274,0,-2,14,-5.45,0,0,0,0,0,0,0,0
2026-03-27 22:41:19.019,354.306,0,-2,15,-5.45,0,0,0,0,0,0,0,0
2026-03-27 22:41:19.116,354.402,0,-2,15,-5.45,0,0,0,0,0,0,0,0
2026-03-27 22:41:19.227,354.514,0,-2,15,-5.45,0,0,0,0,0,0,0,0
2026-03-27 22:41:19.276,354.562,0,-2,15,-5.45,0,0,0,0,0,0,0,0
2026-03-27 22:41:19.611,354.898,0,-2,12,-5.45,0,0,0,0,0,0,0,0
2026-03-27 22:41:19.612,354.899,0,-2,15,-5.45,0,0,0,0,0,0,0,0
2026-03-27 22:41:19.628,354.914,0,-2,15,-5.45,0,0,0,0,0,0,0,0
2026-03-27 22:41:19.739,355.026,0,-2,15,-5.45,0,0,0,0,0,0,0,0
2026-03-27 22:41:19.803,355.090,0,-2,14,-5.45,0,0,0,0,0,0,0,0
2026-03-27 22:41:19.948,355.234,0,-2,14,-5.45,0,0,0,0,0,0,0,0
2026-03-27 22:41:19.964,355.251,0,-2,15,-5.45,0,0,0,0,0,0,0,0
2026-03-27 22:41:20.091,355.378,0,-2,15,-5.45,0,0,0,0,0,0,0,0
2026-03-27 22:41:20.204,355.490,0,-2,14,-5.45,0,0,0,0,0,0,0,0
2026-03-27 22:41:20.363,355.649,0,-2,15,-5.45,0,0,0,0,0,0,0,0
2026-03-27 22:41:20.411,355.698,0,-2,15,-5.45,0,0,0,0,0,0,0,0
2026-03-27 22:41:20.507,355.793,0,-2,15,-5.45,0,0,0,0,0,0,0,0
2026-03-27 22:41:20.539,355.825,0,-2,15,-5.45,0,0,0,0,0,0,0,0
2026-03-27 22:41:20.668,355.954,0,-2,15,-5.45,0,0,0,0,0,0,0,0
2026-03-27 22:41:20.715,356.002,0,-2,14,-5.45,0,0,0,0,0,0,0,0
2026-03-27 22:41:20.891,356.177,0,-2,15,-5.45,0,0,0,0,0,0,0,0
2026-03-27 22:41:20.940,356.226,0,-2,14,-5.45,0,0,0,0,0,0,0,0
2026-03-27 22:41:21.052,356.338,0,-2,15,-5.45,0,0,0,0,0,0,0,0
2026-03-27 22:41:21.116,356.402,0,-2,15,-5.45,0,0,0,0,0,0,0,0
2026-03-27 22:41:21.227,356.513,0,-2,14,-5.45,0,0,0,0,0,0,0,0
2026-03-27 22:41:21.229,356.516,0,-2,15,-5.45,0,0,0,0,0,0,0,0
2026-03-27 22:41:21.484,356.770,0,-2,15,-5.45,0,0,0,0,0,0,0,0
2026-03-27 22:41:21.516,356.802,0,-2,15,-5.45,0,0,0,0,0,0,0,0
2026-03-27 22:41:21.739,357.025,0,-2,15,-5.45,0,0,0,0,0,0,0,0
2026-03-27 22:41:21.899,357.185,0,-2,15,-5.45,0,0,0,0,0,0,0,0
2026-03-27 22:41:22.011,357.297,0,-2,15,-5.45,0,0,0,0,0,0,0,0
2026-03-27 22:41:22.043,357.330,0,-2,15,-5.45,0,0,0,0,0,0,0,0
2026-03-27 22:41:22.203,357.489,0,-2,15,-5.45,0,0,0,0,0,0,0,0
2026-03-27 22:41:22.219,357.505,0,-2,15,-5.45,0,0,0,0,0,0,0,0
2026-03-27 22:41:22.347,357.634,0,-2,15,-5.45,0,0,0,0,0,0,0,0
2026-03-27 22:41:22.444,357.730,0,-2,15,-5.45,0,0,0,0,0,0,0,0
2026-03-27 22:41:22.571,357.857,0,-2,12,-5.45,0,0,0,0,0,0,0,0
2026-03-27 22:41:22.667,357.953,0,-2,14,-5.45,0,0,0,0,0,0,0,0
2026-03-27 22:41:22.763,358.050,0,-2,15,-5.45,0,0,0,0,0,0,0,0
2026-03-27 22:41:22.780,358.066,0,-2,14,-5.45,0,0,0,0,0,0,0,0
2026-03-27 22:41:22.859,358.145,0,-2,15,-5.45,0,0,0,0,0,0,0,0
2026-03-27 22:41:22.861,358.147,0,-2,14,-5.45,0,0,0,0,0,0,0,0
2026-03-27 22:41:22.955,358.241,0,-2,14,-5.45,0,0,0,0,0,0,0,0
2026-03-27 22:41:23.067,358.353,0,-2,15,-5.45,0,0,0,0,0,0,0,0
2026-03-27 22:41:23.131,358.417,0,-2,15,-5.45,0,0,0,0,0,0,0,0
2026-03-27 22:41:23.244,358.530,0,-2,15,-5.45,0,0,0,0,0,0,0,0
2026-03-27 22:41:23.404,358.690,0,-2,14,-5.45,0,0,0,0,0,0,0,0
2026-03-27 22:41:23.483,358.770,0,-2,15,-5.45,0,0,0,0,0,0,0,0
2026-03-27 22:41:23.484,358.771,0,-2,15,-5.45,0,0,0,0,0,0,0,0
2026-03-27 22:41:23.627,358.914,0,-2,14,-5.45,0,0,0,0,0,0,0,0
2026-03-27 22:41:23.707,358.994,0,-2,14,-5.45,0,0,0,0,0,0,0,0
2026-03-27 22:41:23.755,359.041,0,-2,15,-5.45,0,0,0,0,0,0,0,0
2026-03-27 22:41:23.851,359.137,0,-2,15,-5.45,0,0,0,0,0,0,0,0
2026-03-27 22:41:24.011,359.298,0,-2,15,-5.45,0,0,0,0,0,0,0,0
2026-03-27 22:41:24.016,359.302,0,-2,14,-5.45,0,0,0,0,0,0,0,0
2026-03-27 22:41:24.027,359.314,0,-2,15,-5.45,0,0,0,0,0,0,0,0
2026-03-27 22:41:24.155,359.441,0,-2,15,-5.45,0,0,0,0,0,0,0,0
2026-03-27 22:41:24.267,359.554,0,-2,14,-5.45,0,0,0,0,0,0,0,0
2026-03-27 22:41:24.395,359.681,0,-2,15,-5.45,0,0,0,0,0,0,0,0
2026-03-27 22:41:24.541,359.827,0,-2,15,-5.45,0,0,0,0,0,0,0,0
2026-03-27 22:41:24.667,359.954,0,-2,15,-5.45,0,0,0,0,0,0,0,0
2026-03-27 22:41:24.779,360.065,0,-2,15,-5.45,0,0,0,0,0,0,0,0
2026-03-27 22:41:24.923,360.209,0,-2,15,-5.45,0,0,0,0,0,0,0,0
2026-03-27 22:41:24.987,360.274,0,-2,14,-5.45,0,0,0,0,0,0,0,0
2026-03-27 22:41:25.099,360.385,0,-2,14,-5.45,0,0,0,0,0,0,0,0
2026-03-27 22:41:25.195,360.481,0,-2,15,-5.45,0,0,0,0,0,0,0,0
2026-03-27 22:41:25.275,360.562,0,-2,14,-5.45,0,0,0,0,0,0,0,0
2026-03-27 22:41:25.467,360.754,3,-2,14,-5.45,0,0,0,0,0,0,0,0
2026-03-27 22:41:25.531,360.817,0,-2,15,-5.45,0,0,0,0,0,0,0,0
2026-03-27 22:41:25.610,360.897,0,-2,15,-5.45,0,0,0,0,0,0,0,0
2026-03-27 22:41:25.707,360.994,0,-2,14,-5.45,0,0,0,0,0,0,0,0
2026-03-27 22:41:25.867,361.154,0,-2,15,-5.45,0,0,0,0,0,0,0,0
2026-03-27 22:41:26.011,361.297,0,-2,15,-5.45,0,0,0,0,0,0,0,0
2026-03-27 22:41:26.139,361.425,0,-2,15,-5.45,0,0,0,0,0,0,0,0
2026-03-27 22:41:26.219,361.505,0,-2,14,-5.45,0,0,0,0,0,0,0,0
2026-03-27 22:41:26.347,361.634,0,-2,15,-5.45,0,0,0,0,0,0,0,0
2026-03-27 22:41:26.442,361.729,0,-2,14,-5.45,0,0,0,0,0,0,0,0
2026-03-27 22:41:26.539,361.825,0,-2,14,-5.45,0,0,0,0,0,0,0,0
2026-03-27 22:41:26.635,361.921,0,-2,15,-5.45,0,0,0,0,0,0,0,0
2026-03-27 22:41:26.731,362.017,0,-2,15,-5.45,0,0,0,0,0,0,0,0
2026-03-27 22:41:26.795,362.081,0,-2,14,-5.45,0,0,0,0,0,0,0,0
2026-03-27 22:41:26.907,362.194,0,-2,14,-5.45,0,0,0,0,0,0,0,0
2026-03-27 22:41:27.067,362.353,3,-2,15,-5.45,0,0,0,0,0,0,0,0
2026-03-27 22:41:27.163,362.449,3,-2,14,-5.45,0,0,0,0,0,0,0,0
2026-03-27 22:41:27.275,362.561,3,-2,15,-5.45,0,0,0,0,0,0,0,0
2026-03-27 22:41:27.322,362.609,0,-2,15,-5.45,0,0,0,0,0,0,0,0
2026-03-27 22:41:27.467,362.753,2,-2,14,-5.45,0,0,0,0,0,0,0,0
2026-03-27 22:41:27.547,362.833,0,-2,15,-5.45,0,0,0,0,0,0,0,0
2026-03-27 22:41:27.659,362.945,0,-2,15,-5.45,0,0,0,0,0,0,0,0
2026-03-27 22:41:27.675,362.961,0,-2,15,-5.45,0,0,0,0,0,0,0,0
2026-03-27 22:41:27.819,363.105,0,-2,15,-5.45,0,0,0,0,0,0,0,0
2026-03-27 22:41:28.059,363.345,0,-2,14,-5.45,0,0,0,0,0,0,0,0
2026-03-27 22:41:28.123,363.409,0,-2,15,-5.45,0,0,0,0,0,0,0,0
2026-03-27 22:41:28.251,363.537,0,-2,15,-5.45,0,0,0,0,0,0,0,0
2026-03-27 22:41:28.395,363.681,2,-2,15,-5.45,0,0,0,0,0,0,0,0
2026-03-27 22:41:28.475,363.761,3,-2,15,-5.45,0,0,0,0,0,0,0,0
2026-03-27 22:41:28.619,363.905,0,-2,15,-5.45,0,0,0,0,0,0,0,0
2026-03-27 22:41:28.699,363.985,0,-2,15,-5.45,0,0,0,0,0,0,0,0
2026-03-27 22:41:28.701,363.987,3,-2,15,-5.45,0,0,0,0,0,0,0,0
2026-03-27 22:41:28.828,364.114,2,-2,14,-5.45,0,0,0,0,0,0,0,0
2026-03-27 22:41:28.939,364.225,0,-2,15,-5.45,0,0,0,0,0,0,0,0
2026-03-27 22:41:28.957,364.243,0,-2,14,-5.45,0,0,0,0,0,0,0,0
2026-03-27 22:41:29.019,364.305,0,-2,14,-5.45,0,0,0,0,0,0,0,0
2026-03-27 22:41:29.163,364.449,0,-2,15,-5.45,0,0,0,0,0,0,0,0
2026-03-27 22:41:29.165,364.451,0,-2,15,-5.45,0,0,0,0,0,0,0,0
2026-03-27 22:41:29.275,364.561,0,-2,15,-5.45,0,0,0,0,0,0,0,0
2026-03-27 22:41:29.386,364.672,0,-2,14,-5.45,0,0,0,0,0,0,0,0
2026-03-27 22:41:29.531,364.817,0,-2,14,-5.45,0,0,0,0,0,0,0,0
2026-03-27 22:41:29.578,364.865,3,-2,14,-5.45,0,0,0,0,0,0,0,0
2026-03-27 22:41:29.755,365.041,3,-2,14,-5.45,0,0,0,0,0,0,0,0
2026-03-27 22:41:29.835,365.122,3,-2,15,-5.45,0,0,0,0,0,0,0,0
2026-03-27 22:41:29.915,365.201,3,-2,14,-5.45,0,0,0,0,0,0,0,0
2026-03-27 22:41:30.027,365.313,3,-2,15,-5.45,0,0,0,0,0,0,0,0
2026-03-27 22:41:30.187,365.473,0,-2,14,-5.45,0,0,0,0,0,0,0,0
2026-03-27 22:41:30.283,365.569,0,-2,15,-5.45,0,0,0,0,0,0,0,0
2026-03-27 22:41:30.395,365.681,3,-2,15,-5.45,0,0,0,0,0,0,0,0
2026-03-27 22:41:30.474,365.760,0,-2,15,-5.45,0,0,0,0,0,0,0,0
2026-03-27 22:41:30.491,365.777,0,-2,15,-5.45,0,0,0,0,0,0,0,0
2026-03-27 22:41:30.555,365.841,0,-2,14,-5.45,0,0,0,0,0,0,0,0
2026-03-27 22:41:30.619,365.905,0,-2,15,-5.45,0,0,0,0,0,0,0,0
2026-03-27 22:41:30.731,366.017,0,-2,15,-5.45,0,0,0,0,0,0,0,0
2026-03-27 22:41:30.875,366.161,0,-2,15,-5.45,0,0,0,0,0,0,0,0
2026-03-27 22:41:30.971,366.257,3,-2,15,-5.45,0,0,0,0,0,0,0,0
2026-03-27 22:41:31.146,366.433,0,-2,15,-5.45,0,0,0,0,0,0,0,0
2026-03-27 22:41:31.179,366.465,0,-2,14,-5.45,0,0,0,0,0,0,0,0
2026-03-27 22:41:31.387,366.673,0,-2,15,-5.45,0,0,0,0,0,0,0,0
2026-03-27 22:41:31.483,366.770,0,-2,14,-5.45,0,0,0,0,0,0,0,0
2026-03-27 22:41:31.547,366.833,0,-2,14,-5.45,0,0,0,0,0,0,0,0
2026-03-27 22:41:31.659,366.945,0,-2,15,-5.45,0,0,0,0,0,0,0,0
2026-03-27 22:41:31.661,366.947,0,-2,15,-5.45,0,0,0,0,0,0,0,0
2026-03-27 22:41:31.691,366.977,0,-2,14,-5.45,0,0,0,0,0,0,0,0
2026-03-27 22:41:31.883,367.169,0,-2,15,-1.12,0,0,0,0,0,0,0,0
2026-03-27 22:41:31.930,367.216,0,-2,15,-5.45,0,0,0,0,0,0,0,0
2026-03-27 22:41:31.933,367.219,0,-2,15,-5.45,0,0,0,0,0,0,0,0
2026-03-27 22:41:32.059,367.345,0,-2,15,-5.45,0,0,0,0,0,0,0,0
2026-03-27 22:41:32.155,367.441,2,-2,15,-5.45,0,0,0,0,0,0,0,0
2026-03-27 22:41:32.331,367.617,0,-2,15,-5.45,0,0,0,0,0,0,0,0
2026-03-27 22:41:32.427,367.713,3,-2,15,-5.45,0,0,0,0,0,0,0,0
2026-03-27 22:41:32.507,367.793,3,-2,15,-2.84,1,0,0,0,0,0,0,0
2026-03-27 22:41:32.555,367.841,3,-2,15,-27.06,1,0,0,0,0,0,0,0
2026-03-27 22:41:32.556,367.843,3,-2,15,-8.74,1,0,0,0,0,0,0,0
2026-03-27 22:41:32.603,367.889,0,-2,12,-8.51,1,0,0,0,0,0,0,0
2026-03-27 22:41:32.746,368.033,0,-2,15,0.18,1,0,0,0,0,0,0,0
2026-03-27 22:41:32.923,368.209,0,-2,15,-0.03,1,0,0,0,0,0,0,0
2026-03-27 22:41:32.939,368.225,3,-2,14,0.02,1,0,0,0,0,0,0,0
2026-03-27 22:41:33.147,368.433,2,-1,15,0.2,1,0,0,0,0,0,0,0
2026-03-27 22:41:33.227,368.513,1,-1,15,0.07,1,0,0,0,0,0,0,0
2026-03-27 22:41:33.307,368.593,1,-1,15,0.07,1,0,0,0,0,0,0,0
2026-03-27 22:41:33.308,368.595,1,-1,15,0.21,1,0,0,0,0,0,0,0
2026-03-27 22:41:33.434,368.721,1,-1,15,-0.06,1,0,0,0,0,0,0,0
2026-03-27 22:41:33.563,368.849,1,-1,15,-0.06,1,0,0,0,0,0,0,0
2026-03-27 22:41:33.610,368.897,1,-1,15,0.12,1,0,0,0,0,0,0,0
2026-03-27 22:41:33.674,368.961,1,-1,15,-9.95,1,0,0,0,0,0,0,0
2026-03-27 22:41:33.756,369.042,0,-1,15,0.1,1,0,0,0,0,0,0,0
2026-03-27 22:41:33.930,369.216,1,-1,15,-6.75,1,0,0,0,0,0,0,0
2026-03-27 22:41:33.931,369.218,1,-1,15,0.02,1,0,0,0,0,0,0,0
2026-03-27 22:41:34.074,369.361,1,-1,15,-7.23,1,0,0,0,0,0,0,0
2026-03-27 22:41:34.170,369.457,1,-1,15,-8.78,1,0,0,0,0,0,0,0
2026-03-27 22:41:34.251,369.537,1,-1,15,0.31,1,1,0,0,0,0,0,0
2026-03-27 22:41:34.331,369.617,1,-1,15,0.1,1,1,0,0,0,0,0,0
2026-03-27 22:41:34.443,369.729,1,-1,15,-10.11,1,1,0,0,0,0,0,0
2026-03-27 22:41:34.571,369.857,0,-2,15,-1.12,1,1,0,0,0,0,0,0
2026-03-27 22:41:34.667,369.953,0,-2,15,-1.94,1,1,0,0,0,0,0,0
2026-03-27 22:41:34.747,370.033,0,-2,14,1.56,1,1,0,0,0,0,0,0
2026-03-27 22:41:34.891,370.177,0,-1,15,-1.66,1,1,0,0,0,0,0,0
2026-03-27 22:41:34.893,370.179,0,-2,15,3.21,1,1,0,0,0,0,0,0
2026-03-27 22:41:35.034,370.320,0,-2,15,-1.26,1,1,0,0,0,0,0,0
2026-03-27 22:41:35.035,370.322,0,-2,15,-1.26,1,1,0,0,0,0,0,0
2026-03-27 22:41:35.114,370.400,2,-2,15,-5.45,1,1,0,0,0,0,0,0
2026-03-27 22:41:35.115,370.402,3,-2,15,-5.45,1,1,0,0,0,0,0,0
2026-03-27 22:41:35.117,370.403,3,-1,14,-5.45,1,1,0,0,0,0,0,0
2026-03-27 22:41:35.258,370.545,3,-2,15,-5.45,1,1,0,0,0,0,0,0
2026-03-27 22:41:35.323,370.610,0,-2,15,-5.45,1,1,0,0,0,0,0,0
2026-03-27 22:41:35.403,370.689,3,-1,15,-1.79,1,1,0,0,0,0,0,0
2026-03-27 22:41:35.482,370.769,1,-2,15,3321.06,1,1,0,0,0,0,0,0
2026-03-27 22:41:35.642,370.929,0,-2,15,-1.27,1,1,0,0,0,0,0,0
2026-03-27 22:41:35.674,370.961,0,-2,15,2.54,1,1,0,0,0,0,0,0
2026-03-27 22:41:35.995,371.281,0,-2,15,1.95,1,1,0,0,0,0,0,0
2026-03-27 22:41:36.187,371.473,1,-2,15,2.13,1,1,0,0,0,0,0,0
2026-03-27 22:41:36.251,371.537,1,-2,14,0.77,1,1,0,0,0,0,0,0
2026-03-27 22:41:36.252,371.538,0,-2,15,0.77,1,1,0,0,0,0,1,0
2026-03-27 22:41:36.315,371.601,0,-2,15,-2.06,1,1,0,0,0,0,1,0
2026-03-27 22:41:36.507,371.793,0,-1,15,0.23,1,1,0,0,0,0,1,0
2026-03-27 22:41:36.602,371.888,0,-1,15,-1.52,1,1,0,0,0,0,1,0
2026-03-27 22:41:36.650,371.937,0,-2,14,4429.9,1,1,0,0,0,0,1,0
2026-03-27 22:41:36.842,372.129,0,-2,15,-1.12,1,1,0,0,0,0,1,0
2026-03-27 22:41:36.844,372.130,3,-2,15,-1.66,1,1,0,0,0,0,1,0
2026-03-27 22:41:36.923,372.209,1,-2,15,-1.73,1,1,0,0,0,0,1,0
2026-03-27 22:41:36.954,372.240,0,-2,15,9.66,1,1,0,0,0,0,1,0
2026-03-27 22:41:36.970,372.257,0,-1,15,9.66,1,1,0,0,0,0,1,0
2026-03-27 22:41:37.083,372.369,0,-2,15,0.02,1,1,0,0,0,0,1,0
2026-03-27 22:41:37.211,372.497,0,-2,15,-6.28,1,1,0,0,0,0,1,0
2026-03-27 22:41:37.387,372.673,3,-2,15,-1.99,1,1,0,0,0,0,1,0
2026-03-27 22:41:37.403,372.689,0,-2,15,2.74,1,1,0,0,0,0,1,0
2026-03-27 22:41:37.483,372.769,0,-1,15,2.74,1,1,0,0,0,0,1,0
2026-03-27 22:41:37.547,372.833,0,-1,15,5.35,1,1,0,0,0,1,1,0
2026-03-27 22:41:37.627,372.913,0,-2,15,-9.24,1,1,0,0,0,1,1,0
2026-03-27 22:41:37.771,373.057,0,-1,15,-2.91,1,1,0,0,0,1,1,0
2026-03-27 22:41:37.819,373.105,0,-2,15,0.06,1,1,0,0,0,1,1,0
2026-03-27 22:41:37.899,373.185,1,-1,15,1.4,1,1,0,0,0,1,1,0
2026-03-27 22:41:38.268,373.554,1,-1,15,0.19,1,1,0,0,0,1,1,0
2026-03-27 22:41:38.271,373.557,0,-2,15,0.22,1,1,0,0,0,1,1,0
2026-03-27 22:41:38.586,373.873,1,-1,15,0.11,1,1,0,0,0,1,1,0
2026-03-27 22:41:38.746,374.033,1,-1,15,5.65,1,1,0,0,1,1,1,0
2026-03-27 22:41:38.810,374.097,1,-1,15,-0.05,1,1,0,0,1,1,1,0
2026-03-27 22:41:38.954,374.241,1,-1,15,6.05,1,1,0,0,1,1,1,0
2026-03-27 22:41:39.018,374.304,1,-1,15,0.11,1,1,0,0,1,1,1,0
2026-03-27 22:41:39.115,374.401,1,0,16,-0.26,1,1,0,0,1,1,1,0
2026-03-27 22:41:39.210,374.497,1,-1,16,0.21,1,1,0,0,1,1,1,0
2026-03-27 22:41:39.323,374.609,1,-1,16,0.08,1,1,0,0,1,1,1,0
2026-03-27 22:41:39.723,375.009,1,-1,15,0.14,1,1,0,0,1,1,1,0
2026-03-27 22:41:39.771,375.057,4,-1,15,0.45,1,1,0,1,1,1,1,0
2026-03-27 22:41:39.914,375.201,3,-1,15,0.13,1,1,0,1,1,1,1,0
2026-03-27 22:41:40.010,375.296,1,-1,15,-0.09,1,1,0,1,1,1,1,0
2026-03-27 22:41:40.027,375.314,1,-1,15,-0.14,1,1,0,1,1,1,1,0
2026-03-27 22:41:40.090,375.377,1,-1,15,0.14,1,1,0,1,1,1,1,0
2026-03-27 22:41:40.186,375.472,1,-1,15,0.19,1,1,0,1,1,1,1,0
2026-03-27 22:41:40.187,375.473,0,-1,15,-0.04,1,1,0,1,1,1,1,0
2026-03-27 22:41:40.347,375.633,0,-1,15,0.28,1,1,0,1,1,1,1,0
2026-03-27 22:41:40.458,375.745,1,-1,15,-0.1,1,1,0,1,1,1,1,0
2026-03-27 22:41:40.571,375.857,3,-1,15,0.15,1,1,0,1,1,1,1,0
2026-03-27 22:41:40.666,375.952,3,-1,15,0.12,1,1,0,1,1,1,1,0
2026-03-27 22:41:40.714,376.000,3,-1,15,0.09,1,1,0,1,1,1,1,0
2026-03-27 22:41:40.891,376.177,0,-2,15,1.41,1,1,0,1,1,1,1,0
2026-03-27 22:41:41.002,376.288,0,-1,15,-8.7,1,1,0,1,1,1,1,0
2026-03-27 22:41:41.019,376.305,0,-1,15,-8.7,1,1,0,1,1,1,1,1
2026-03-27 22:41:41.099,376.385,0,-1,15,-7.17,1,1,0,1,1,1,1,1
2026-03-27 22:41:41.242,376.529,0,-1,15,2.45,1,1,0,1,1,1,1,1
2026-03-27 22:41:41.322,376.609,0,-2,12,-1.94,1,1,0,1,1,1,1,1
2026-03-27 22:41:41.402,376.688,0,-1,15,-7.61,1,1,0,1,1,1,1,1
2026-03-27 22:41:41.403,376.690,0,-2,15,-7.61,1,1,0,1,1,1,1,1
2026-03-27 22:41:41.546,376.832,3,-2,15,-1.98,1,1,0,1,1,1,1,1
2026-03-27 22:41:41.547,376.833,3,-2,15,-1.83,1,1,0,1,1,1,1,1
2026-03-27 22:41:41.610,376.896,0,-2,15,1.27,1,1,0,1,1,1,1,1
2026-03-27 22:41:41.706,376.993,0,-1,15,-1.82,1,1,0,1,1,1,1,1
2026-03-27 22:41:41.867,377.153,0,-2,15,0.27,1,1,0,1,1,1,1,1
2026-03-27 22:41:42.026,377.312,0,-2,15,-1.99,1,1,0,1,1,1,1,1
2026-03-27 22:41:42.123,377.409,0,-2,15,-6.67,1,1,0,1,1,1,1,1
2026-03-27 22:41:42.218,377.504,0,-2,12,0.05,1,1,0,1,1,1,1,0
2026-03-27 22:41:42.362,377.648,0,-2,15,8.87,1,1,0,1,1,1,1,0
2026-03-27 22:41:42.378,377.664,0,-2,15,0.03,1,1,0,1,1,1,1,0
2026-03-27 22:41:42.523,377.809,0,-2,15,16.23,1,1,0,1,1,1,1,0
2026-03-27 22:41:42.603,377.889,0,-2,15,1.29,1,1,0,1,1,1,1,0
2026-03-27 22:41:42.810,378.096,0,-2,15,-6.82,1,1,0,1,1,1,1,0
2026-03-27 22:41:42.858,378.144,0,-2,14,-5.87,1,1,0,1,1,1,1,0
2026-03-27 22:41:42.954,378.240,0,-2,15,1.1,1,1,0,1,1,1,1,0
2026-03-27 22:41:43.082,378.368,0,-2,15,-7.64,1,1,0,1,0,1,1,0
2026-03-27 22:41:43.162,378.448,0,-1,15,5.79,1,1,0,1,0,1,1,0
2026-03-27 22:41:43.259,378.545,0,-1,15,-9.44,1,1,0,1,0,1,1,0
2026-03-27 22:41:43.418,378.704,0,-2,15,-2.16,1,1,0,1,0,1,1,0
2026-03-27 22:41:43.482,378.768,0,-2,15,-7.88,1,1,0,1,0,1,1,0
2026-03-27 22:41:43.610,378.896,0,-2,15,0.54,1,1,0,1,0,1,1,0
2026-03-27 22:41:43.613,378.899,0,-1,15,0.25,1,1,0,1,0,1,1,0
2026-03-27 22:41:43.738,379.024,0,-2,15,0.25,1,1,0,1,0,1,1,0
2026-03-27 22:41:43.740,379.026,0,-2,15,-8.63,1,1,0,1,0,1,1,0
2026-03-27 22:41:43.914,379.200,0,-1,15,-8.63,1,1,0,0,0,1,1,0
2026-03-27 22:41:43.994,379.280,0,-1,15,-8.71,1,1,0,0,0,1,1,0
2026-03-27 22:41:44.106,379.392,0,-2,14,5.78,1,1,0,0,0,1,1,0
2026-03-27 22:41:44.186,379.472,0,-1,15,-8.26,1,1,0,0,0,1,1,0
2026-03-27 22:41:44.570,379.856,3,-2,15,-5.73,1,1,0,0,0,1,1,0
2026-03-27 22:41:44.762,380.048,0,-2,15,0.21,1,1,0,0,0,1,0,0
2026-03-27 22:41:44.875,380.161,0,-1,15,6.22,1,1,0,0,0,1,0,0
2026-03-27 22:41:44.971,380.257,0,-1,15,-6.77,1,1,0,0,0,1,0,0
2026-03-27 22:41:45.098,380.385,0,-1,15,0.28,1,1,0,0,0,1,0,0
2026-03-27 22:41:45.242,380.528,0,-2,15,-2.04,1,1,0,0,0,1,0,0
2026-03-27 22:41:45.386,380.672,0,-2,15,-7.96,1,1,0,0,0,1,0,0
2026-03-27 22:41:45.401,380.688,0,-2,15,-13.15,1,1,0,0,0,0,0,0
2026-03-27 22:41:45.403,380.689,0,-2,15,-8.86,1,1,0,0,0,1,0,0
2026-03-27 22:41:45.514,380.801,0,-2,15,-8.86,1,1,0,0,0,1,0,0
2026-03-27 22:41:45.516,380.802,0,-1,15,-8.8,0,1,0,0,0,0,0,0
2026-03-27 22:41:45.517,380.803,0,-1,15,-6.15,1,1,0,0,0,1,0,0
2026-03-27 22:41:45.546,380.833,0,-1,15,-6.15,1,1,0,0,0,1,0,0
2026-03-27 22:41:45.674,380.960,0,-1,15,0.07,1,1,0,0,0,1,0,0
2026-03-27 22:41:45.770,381.056,0,-1,15,-0.69,1,1,0,0,0,1,0,0
2026-03-27 22:41:45.786,381.072,0,-2,15,-0.69,1,1,0,0,0,1,0,0
2026-03-27 22:41:45.849,381.136,0,-2,14,-12.71,1,1,0,0,0,1,0,0
2026-03-27 22:41:45.851,381.137,0,-2,14,-2.04,1,1,0,0,0,1,0,0
2026-03-27 22:41:46.026,381.312,0,-2,14,-6.66,1,1,0,0,0,1,0,0
2026-03-27 22:41:46.074,381.360,0,-1,15,-2.12,1,1,0,0,0,1,0,0
2026-03-27 22:41:46.075,381.361,0,-2,15,0.12,1,1,0,0,0,1,0,0
2026-03-27 22:41:46.090,381.376,3,-2,15,1.53,0,1,0,0,0,1,0,0
2026-03-27 22:41:46.282,381.568,0,-2,15,1.53,0,1,0,0,0,1,0,0
2026-03-27 22:41:46.378,381.665,0,-2,15,0.3,0,1,0,0,0,1,0,0
2026-03-27 22:41:46.554,381.840,0,-2,15,-6.93,0,1,0,0,0,1,0,0
2026-03-27 22:41:46.666,381.953,0,-2,14,5.88,0,1,0,0,0,1,0,0
2026-03-27 22:41:46.858,382.144,0,-2,12,1.59,0,0,0,0,0,1,0,0
2026-03-27 22:41:46.906,382.192,1,-1,15,-1.76,0,0,0,0,0,1,0,0
2026-03-27 22:41:47.002,382.288,0,-2,15,-5.38,0,0,0,0,0,1,0,0
2026-03-27 22:41:47.004,382.290,0,-2,14,63.85,0,0,0,0,0,1,0,0
2026-03-27 22:41:47.130,382.416,0,-2,14,63.85,0,0,0,0,0,1,0,0
2026-03-27 22:41:47.162,382.448,0,-2,15,-4.37,0,0,0,0,0,1,0,0
2026-03-27 22:41:47.306,382.592,0,-2,14,-5.43,0,0,0,0,0,1,0,0
2026-03-27 22:41:47.418,382.705,0,-2,15,-5.44,0,0,0,0,0,1,0,0
2026-03-27 22:41:47.514,382.800,0,-2,15,-5.45,0,0,0,0,0,1,0,0
2026-03-27 22:41:47.515,382.801,0,-2,14,-4.91,0,0,0,0,0,1,0,0
2026-03-27 22:41:47.723,383.009,0,-2,14,-5.45,0,0,0,0,0,1,0,0
2026-03-27 22:41:47.818,383.104,0,-2,15,-5.18,0,0,0,0,0,1,0,0
2026-03-27 22:41:47.978,383.265,0,-2,14,-1.66,0,0,0,0,0,0,0,0
2026-03-27 22:41:48.043,383.329,0,-2,15,548.97,0,0,0,0,0,0,0,0
2026-03-27 22:41:48.154,383.440,0,-2,15,-9.8,0,0,0,0,0,0,0,0
2026-03-27 22:41:48.282,383.568,0,-2,14,-5.41,0,0,0,0,0,0,0,0
2026-03-27 22:41:48.329,383.615,0,-2,15,-5.44,0,0,0,0,0,0,0,0
2026-03-27 22:41:48.474,383.760,0,-2,14,-5.43,0,0,0,0,0,0,0,0
2026-03-27 22:41:48.538,383.824,0,-2,15,-5.45,0,0,0,0,0,0,0,0
2026-03-27 22:41:48.682,383.968,0,-2,15,11.88,0,0,0,0,0,0,0,0
2026-03-27 22:41:48.842,384.128,0,-2,15,-5.41,0,0,0,0,0,0,0,0
2026-03-27 22:41:48.844,384.130,0,-2,14,-5.18,0,0,0,0,0,0,0,0
2026-03-27 22:41:48.905,384.192,0,-2,14,-5.45,0,0,0,0,0,0,0,0
2026-03-27 22:41:48.986,384.272,0,-2,14,548.92,0,0,0,0,0,0,0,0
2026-03-27 22:41:49.002,384.288,0,-2,14,546.82,0,0,0,0,0,0,0,0
2026-03-27 22:41:49.115,384.401,0,-2,15,546.82,0,0,0,0,0,0,0,0
2026-03-27 22:41:49.210,384.496,3,-2,14,-5.45,0,0,0,0,0,0,0,0
2026-03-27 22:41:49.274,384.560,0,-2,15,-4.91,0,0,0,0,0,0,0,0
2026-03-27 22:41:49.370,384.656,0,-2,15,-5.65,0,0,0,0,0,0,0,0
2026-03-27 22:41:49.674,384.960,2,-2,14,-5.43,0,0,0,0,0,0,0,0
2026-03-27 22:41:49.689,384.975,2,-2,14,-5.43,0,0,0,0,0,0,0,0
2026-03-27 22:41:49.770,385.056,3,-2,14,-5.41,0,0,0,0,0,0,0,0
2026-03-27 22:41:49.898,385.184,2,-2,14,-4.37,0,0,0,0,0,0,0,0
2026-03-27 22:41:49.914,385.200,3,-2,15,-4.37,0,0,0,0,0,0,0,0
2026-03-27 22:41:50.026,385.312,0,-2,15,1103.39,0,0,0,0,0,0,0,0
2026-03-27 22:41:50.028,385.314,0,-2,15,-3.28,0,0,0,0,0,0,0,0
2026-03-27 22:41:50.074,385.360,0,-2,15,1101.76,0,0,0,0,0,0,0,0
2026-03-27 22:41:50.202,385.489,0,-2,14,-5.45,0,0,0,0,0,0,0,0
2026-03-27 22:41:50.330,385.616,0,-1,15,2212.17,0,0,0,0,0,0,0,0
2026-03-27 22:41:50.332,385.619,0,-3,15,63.85,0,0,0,0,0,0,0,0
2026-03-27 22:41:50.443,385.729,0,-2,14,63.85,0,0,0,0,0,0,0,0
2026-03-27 22:41:50.522,385.808,0,-2,15,4429.9,0,0,0,0,0,0,0,0
2026-03-27 22:41:50.650,385.936,3,-2,12,29.2,0,0,0,0,0,0,0,0
2026-03-27 22:41:50.652,385.938,3,-2,12,3.21,0,0,0,0,0,0,0,0
2026-03-27 22:41:50.730,386.016,3,-2,15,3.21,0,0,0,0,0,0,0,0
2026-03-27 22:41:50.841,386.128,0,-2,15,4429.9,0,0,0,0,0,0,0,0
2026-03-27 22:41:50.857,386.143,0,-2,15,1103.39,0,0,0,0,0,0,0,0
2026-03-27 22:41:50.937,386.224,0,-2,15,-5.45,0,0,0,0,0,0,0,0
2026-03-27 22:41:51.066,386.352,0,-2,14,-5.45,0,0,0,0,0,0,0,0
2026-03-27 22:41:51.068,386.354,0,-2,14,-5.45,0,0,0,0,0,0,0,0
2026-03-27 22:41:51.146,386.432,0,-2,14,-5.45,0,0,0,0,0,0,0,0
2026-03-27 22:41:51.226,386.512,0,-1,15,-5.31,0,0,0,0,0,0,0,0
2026-03-27 22:41:51.322,386.608,0,-2,15,11.88,0,0,0,0,0,0,0,0
2026-03-27 22:41:51.370,386.656,2,-2,14,28.93,0,0,0,0,0,0,0,0
2026-03-27 22:41:51.641,386.927,0,-2,15,-5.43,0,0,0,0,0,0,0,0
2026-03-27 22:41:51.738,387.024,2,-2,15,-5.45,0,0,0,0,0,0,0,0
2026-03-27 22:41:51.882,387.168,0,-2,14,-5.41,0,0,0,0,0,0,0,0
2026-03-27 22:41:51.883,387.169,0,-2,14,-5.45,0,0,0,0,0,0,0,0
2026-03-27 22:41:51.962,387.248,0,-2,14,-5.38,0,0,0,0,0,0,0,0
2026-03-27 22:41:52.105,387.391,0,-2,15,-5.41,0,0,0,0,0,0,0,0
2026-03-27 22:41:52.106,387.393,0,-2,15,-5.41,0,0,0,0,0,0,0,0
2026-03-27 22:41:52.154,387.440,0,-2,15,2212.22,0,0,0,0,0,0,0,0
2026-03-27 22:41:52.266,387.552,0,-2,14,-5.45,0,0,0,0,0,0,0,0
2026-03-27 22:41:52.410,387.696,0,-2,15,-5.44,0,0,0,0,0,0,0,0
2026-03-27 22:41:52.457,387.744,0,-2,14,-4.91,0,0,0,0,0,0,0,0
2026-03-27 22:41:52.602,387.889,0,-2,14,11.87,0,0,0,0,0,0,0,0
2026-03-27 22:41:52.730,388.016,0,-2,15,-35.77,0,0,0,0,0,0,0,0
2026-03-27 22:41:52.857,388.143,0,-2,14,-5.45,0,0,0,0,0,0,0,0
2026-03-27 22:41:52.859,388.145,0,-2,14,-5.45,0,0,0,0,0,0,0,0
2026-03-27 22:41:52.938,388.225,0,-1,15,-5.38,0,0,0,0,0,0,0,0
2026-03-27 22:41:53.081,388.368,0,-2,14,-5.45,0,0,0,0,0,0,0,0
2026-03-27 22:41:53.162,388.448,0,-2,14,271.63,0,0,0,0,0,0,0,0
2026-03-27 22:41:53.258,388.544,0,-2,14,-5.31,0,0,0,0,0,0,0,0
2026-03-27 22:41:53.385,388.672,0,-2,15,-5.43,0,0,0,0,0,0,0,0
2026-03-27 22:41:53.401,388.688,0,-2,15,-5.43,0,0,0,0,0,0,0,0
2026-03-27 22:41:53.482,388.768,0,-2,15,-5.43,0,0,0,0,0,0,0,0
2026-03-27 22:41:53.609,388.896,0,-2,15,4428.26,0,0,0,0,0,0,0,0
2026-03-27 22:41:53.611,388.897,0,-2,15,4428.26,0,0,0,0,0,0,0,0
2026-03-27 22:41:53.738,389.024,0,-2,15,-5.45,0,0,0,0,0,0,0,0
2026-03-27 22:41:53.801,389.088,0,-2,14,63.85,0,0,0,0,0,0,0,0
2026-03-27 22:41:53.881,389.168,0,-1,15,-5.31,0,0,0,0,0,0,0,0
2026-03-27 22:41:53.993,389.280,0,-2,15,4429.9,0,0,0,0,0,0,0,0
2026-03-27 22:41:54.073,389.360,0,-2,14,-5.31,0,0,0,0,0,0,0,0
2026-03-27 22:41:54.185,389.472,0,-2,15,3.21,0,0,0,0,0,0,0,0
2026-03-27 22:41:54.281,389.568,0,-2,14,-5.44,0,0,0,0,0,0,0,0
2026-03-27 22:41:54.393,389.680,0,-2,14,-5.41,0,0,0,0,0,0,0,0
2026-03-27 22:41:54.426,389.712,0,-2,14,29.2,0,0,0,0,0,0,0,0
2026-03-27 22:41:54.428,389.714,0,-2,14,1103.39,0,0,0,0,0,0,0,0
2026-03-27 22:41:54.554,389.840,0,-2,15,1103.39,0,0,0,0,0,0,0,0
2026-03-27 22:41:54.634,389.920,0,-2,14,4429.9,0,0,0,0,0,0,0,0
2026-03-27 22:41:54.745,390.031,0,-2,15,2.14,0,0,0,0,0,0,0,0
2026-03-27 22:41:54.746,390.033,0,-2,15,548.97,0,0,0,0,0,0,0,0
2026-03-27 22:41:54.810,390.096,0,-2,14,1103.39,0,0,0,0,0,0,0,0
2026-03-27 22:41:54.954,390.240,2,-2,14,1103.39,0,0,0,0,0,0,0,0
2026-03-27 22:41:55.241,390.528,0,-2,15,-5.44,0,0,0,0,0,0,0,0
2026-03-27 22:41:55.337,390.623,0,-2,14,-5.45,0,0,0,0,0,0,0,0
2026-03-27 22:41:55.339,390.625,0,-2,14,-5.45,0,0,0,0,0,0,0,0
2026-03-27 22:41:55.340,390.627,0,-2,15,-5.45,0,0,0,0,0,0,0,0
2026-03-27 22:41:55.389,390.675,0,-2,15,-5.38,0,0,0,0,0,0,0,0
2026-03-27 22:41:55.481,390.767,0,-2,14,1103.39,0,0,0,0,0,0,0,0
2026-03-27 22:41:55.482,390.769,0,-2,14,1103.39,0,0,0,0,0,0,0,0
2026-03-27 22:41:55.484,390.770,0,-2,15,133.16,0,0,0,0,0,0,0,0
2026-03-27 22:41:55.610,390.896,0,-2,14,3.21,0,0,0,0,0,0,0,0
2026-03-27 22:41:55.705,390.991,0,-2,12,-4.37,0,0,0,0,0,0,0,0
2026-03-27 22:41:55.753,391.040,0,-2,15,133.15,0,0,0,0,0,0,0,0
2026-03-27 22:41:55.945,391.231,0,-2,14,4429.9,0,0,0,0,0,0,0,0
2026-03-27 22:41:56.025,391.311,0,-2,15,63.85,0,0,0,0,0,0,0,0
2026-03-27 22:41:56.153,391.440,0,-2,14,-5.45,0,0,0,0,0,0,0,0
2026-03-27 22:41:56.155,391.441,0,-2,14,-5.38,0,0,0,0,0,0,0,0
2026-03-27 22:41:56.186,391.472,0,-2,14,-5.44,0,0,0,0,0,0,0,0
2026-03-27 22:41:56.202,391.488,0,-2,15,-5.31,0,0,0,0,0,0,0,0
2026-03-27 22:41:56.361,391.648,0,-2,15,1103.39,0,0,0,0,0,0,0,0
2026-03-27 22:41:56.409,391.695,0,-2,15,-3.28,0,0,0,0,0,0,0,0
2026-03-27 22:41:56.553,391.840,0,-2,14,-5.45,0,0,0,0,0,0,0,0
2026-03-27 22:41:56.633,391.920,0,-2,14,-1.12,0,0,0,0,0,0,0,0
2026-03-27 22:41:56.649,391.935,0,-2,14,63.85,0,0,0,0,0,0,0,0
2026-03-27 22:41:56.810,392.096,0,-2,15,63.85,0,0,0,0,0,0,0,0
2026-03-27 22:41:56.857,392.144,0,-2,14,-5.45,0,0,0,0,0,0,0,0
2026-03-27 22:41:57.001,392.288,0,-2,15,2212.19,0,0,0,0,0,0,0,0
2026-03-27 22:41:57.018,392.304,0,-2,15,-1.12,0,0,0,0,0,0,0,0
2026-03-27 22:41:57.066,392.352,0,-2,14,-1.12,0,0,0,0,0,0,0,0
2026-03-27 22:41:57.194,392.480,0,-2,15,-7.55,0,0,0,0,0,0,0,0
2026-03-27 22:41:57.210,392.496,0,-2,15,-5.41,0,0,0,0,0,0,0,0
2026-03-27 22:41:57.273,392.559,0,-2,14,-5.41,0,0,0,0,0,0,0,0
2026-03-27 22:41:57.353,392.640,0,-2,14,-5.41,0,0,0,0,0,0,0,0
2026-03-27 22:41:57.450,392.736,0,-2,14,4428.82,0,0,0,0,0,0,0,0
2026-03-27 22:41:57.452,392.738,0,-2,15,4428.82,0,0,0,0,0,0,0,0
2026-03-27 22:41:57.513,392.799,0,-2,15,-1.12,0,0,0,0,0,0,0,0
2026-03-27 22:41:57.657,392.943,0,-2,15,-4.37,0,0,0,0,0,0,0,0
2026-03-27 22:41:57.659,392.945,0,-2,15,-5.38,0,0,0,0,0,0,0,0
2026-03-27 22:41:57.753,393.040,0,-2,15,-5.38,0,0,0,0,0,0,0,0
2026-03-27 22:41:57.755,393.041,0,-2,15,-5.38,0,0,0,0,0,0,0,0
2026-03-27 22:41:57.801,393.087,0,-2,14,4429.9,0,0,0,0,0,0,0,0
2026-03-27 22:41:57.803,393.089,0,-2,14,4429.9,0,0,0,0,0,0,0,0
2026-03-27 22:41:57.962,393.248,0,-1,15,548.96,0,0,0,0,0,0,0,0
2026-03-27 22:41:58.057,393.343,0,-2,14,-3.28,0,0,0,0,0,0,0,0
2026-03-27 22:41:58.073,393.359,0,-2,14,4429.9,0,0,0,0,0,0,0,0
2026-03-27 22:41:58.169,393.456,0,-2,14,-1.12,0,0,0,0,0,0,0,0
2026-03-27 22:41:58.313,393.600,0,-2,14,-5.45,0,0,0,0,0,0,0,0
2026-03-27 22:41:58.393,393.679,0,-2,15,-5.31,0,0,0,0,0,0,0,0
2026-03-27 22:41:58.537,393.823,0,-2,15,-3.29,0,0,0,0,0,0,0,0
2026-03-27 22:41:58.633,393.919,0,-2,15,-5.45,0,0,0,0,0,0,0,0
2026-03-27 22:41:58.761,394.047,0,-2,14,29.2,0,0,0,0,0,0,0,0
2026-03-27 22:41:58.841,394.128,0,-2,14,-4.91,0,0,0,0,0,0,0,0
2026-03-27 22:41:58.985,394.271,0,-2,15,-1.12,0,0,0,0,0,0,0,0
2026-03-27 22:41:59.065,394.351,0,-2,15,-5.38,0,0,0,0,0,0,0,0
2026-03-27 22:41:59.242,394.528,0,-2,14,-5.45,0,0,0,0,0,0,0,0
2026-03-27 22:41:59.289,394.575,0,-2,14,-5.45,0,0,0,0,0,0,0,0
2026-03-27 22:41:59.449,394.735,0,-2,15,271.76,0,0,0,0,0,0,0,0
2026-03-27 22:41:59.497,394.783,0,-2,15,-5.38,0,0,0,0,0,0,0,0
2026-03-27 22:41:59.514,394.801,0,-2,15,-5.45,0,0,0,0,0,0,0,0
2026-03-27 22:41:59.625,394.911,0,-2,15,-5.45,0,0,0,0,0,0,0,0
2026-03-27 22:41:59.737,395.023,0,-2,14,-4.91,0,0,0,0,0,0,0,0
2026-03-27 22:41:59.833,395.119,0,-2,14,-5.41,0,0,0,0,0,0,0,0
2026-03-27 22:41:59.913,395.200,3,-2,15,4429.9,0,0,0,0,0,0,0,0
2026-03-27 22:42:00.041,395.327,2,-2,14,-4.91,0,0,0,0,0,0,0,0
2026-03-27 22:42:00.121,395.407,2,-2,14,-1.12,0,0,0,0,0,0,0,0
2026-03-27 22:42:00.217,395.503,2,-2,14,-5.43,0,0,0,0,0,0,0,0
2026-03-27 22:42:00.221,395.507,3,-2,14,-1.12,0,0,0,0,0,0,0,0
2026-03-27 22:42:00.345,395.632,0,-2,15,-5.45,0,0,0,0,0,0,0,0
2026-03-27 22:42:00.489,395.775,0,-2,15,-5.38,0,0,0,0,0,0,0,0
2026-03-27 22:42:00.505,395.791,0,-2,15,-5.45,0,0,0,0,0,0,0,0
2026-03-27 22:42:00.536,395.823,0,-2,15,-975.68,0,0,0,0,0,0,0,0
2026-03-27 22:42:00.697,395.983,3,-2,15,-5.38,0,0,0,0,0,0,0,0
2026-03-27 22:42:00.777,396.064,3,-2,14,-5.43,0,0,0,0,0,0,0,0
2026-03-27 22:42:00.857,396.143,0,-2,15,3.15,0,0,0,0,0,0,0,0
2026-03-27 22:42:00.860,396.146,0,-3,14,-5.38,0,0,0,0,0,0,0,0
2026-03-27 22:42:01.034,396.320,0,-2,15,-5.45,0,0,0,0,0,0,0,0
2026-03-27 22:42:01.130,396.416,3,-2,15,-5.18,0,0,0,0,0,0,0,0
2026-03-27 22:42:01.178,396.464,3,-2,15,-1.12,0,0,0,0,0,0,0,0
2026-03-27 22:42:01.321,396.607,0,-2,15,-5.41,0,0,0,0,0,0,0,0
2026-03-27 22:42:01.432,396.719,0,-2,14,-5.43,0,0,0,0,0,0,0,0
2026-03-27 22:42:01.434,396.720,0,-2,14,-5.43,0,0,0,0,0,0,0,0
2026-03-27 22:42:01.561,396.847,2,-2,14,-4.37,0,0,0,0,0,0,0,0
2026-03-27 22:42:01.657,396.943,3,-2,14,-5.18,0,0,0,0,0,0,0,0
2026-03-27 22:42:01.721,397.007,3,-2,15,63.85,0,0,0,0,0,0,0,0
2026-03-27 22:42:01.737,397.023,2,-2,14,63.85,0,0,0,0,0,0,0,0
2026-03-27 22:42:01.834,397.120,2,-2,14,63.85,0,0,0,0,0,0,0,0
2026-03-27 22:42:01.993,397.280,3,-2,14,-5.31,0,0,0,0,0,0,0,0
