timestamp,elapsed_s,bottle_psi,tank_psi,chamber_psi,loadcell_lbs,gse_fill,gse_relief,gse_dump,rkt_ox,rkt_fuel,rkt_relief,rkt_dump,rkt_ign
2026-03-28 12:13:03.500,0.098,0,8,11,-66.01,0,0,0,0,0,0,0,0
2026-03-28 12:13:03.596,0.194,-1,5,11,-67.24,0,0,0,0,0,0,0,0
2026-03-28 12:13:03.675,0.274,-1,8,11,-64.51,0,0,0,0,0,0,0,0
2026-03-28 12:13:03.820,0.419,-1,8,11,-66.96,0,0,0,0,0,0,0,0
2026-03-28 12:13:03.852,0.450,-1,8,11,-64.16,0,0,0,0,0,0,0,0
2026-03-28 12:13:03.963,0.561,-1,5,11,-63.26,0,0,0,0,0,0,0,0
2026-03-28 12:13:04.058,0.657,0,8,11,-62.68,0,0,0,0,0,0,0,0
2026-03-28 12:13:04.138,0.737,0,8,11,-63.58,0,0,0,0,0,0,0,0
2026-03-28 12:13:04.236,0.834,-1,8,11,-65.38,0,0,0,0,0,0,0,0
2026-03-28 12:13:04.347,0.946,-1,8,11,-62.26,0,0,0,0,0,0,0,0
2026-03-28 12:13:04.379,0.978,-1,8,11,-64.01,0,0,0,0,0,0,0,0
2026-03-28 12:13:04.491,1.090,0,8,11,-67.06,0,0,0,0,0,0,0,0
2026-03-28 12:13:04.539,1.137,0,8,11,-64.78,0,0,0,0,0,0,0,0
2026-03-28 12:13:04.604,1.202,-1,8,11,-68.58,0,0,0,0,0,0,0,0
2026-03-28 12:13:04.683,1.282,-1,8,11,-70.53,0,0,0,0,0,0,0,0
2026-03-28 12:13:04.747,1.346,-1,8,11,-65.28,0,0,0,0,0,0,0,0
2026-03-28 12:13:04.811,1.410,-1,8,11,-64.66,0,0,0,0,0,0,0,0
2026-03-28 12:13:04.939,1.537,-1,5,11,-66.9,0,0,0,0,0,0,0,0
2026-03-28 12:13:05.019,1.618,-1,8,11,-67.42,0,0,0,0,0,0,0,0
2026-03-28 12:13:05.083,1.681,0,8,11,-67.4,0,0,0,0,0,0,0,0
2026-03-28 12:13:05.147,1.745,-1,7,11,-68.13,0,0,0,0,0,0,0,0
2026-03-28 12:13:05.276,1.874,0,6,11,-65.41,0,0,0,0,0,0,0,0
2026-03-28 12:13:05.308,1.906,-1,8,11,-65.29,0,0,0,0,0,0,0,0
2026-03-28 12:13:05.419,2.017,0,8,11,-61.94,0,0,0,0,0,0,0,0
2026-03-28 12:13:05.451,2.049,-1,8,11,-69.58,0,0,0,0,0,0,0,0
2026-03-28 12:13:05.531,2.129,-1,8,11,-63.89,0,0,0,0,0,0,0,0
2026-03-28 12:13:05.659,2.258,-1,8,11,-62.65,0,0,0,0,0,0,0,0
2026-03-28 12:13:05.707,2.305,-1,8,11,-63.05,0,0,0,0,0,0,0,0
2026-03-28 12:13:05.787,2.386,0,8,11,-64.61,0,0,0,0,0,0,0,0
2026-03-28 12:13:05.882,2.481,0,8,11,-66.22,0,0,0,0,0,0,0,0
2026-03-28 12:13:05.963,2.561,-1,5,11,-66.08,0,0,0,0,0,0,0,0
2026-03-28 12:13:06.076,2.674,-1,8,11,-65.23,0,0,0,0,0,0,0,0
2026-03-28 12:13:06.187,2.785,0,5,12,-70.73,0,0,0,0,0,1,0,0
2026-03-28 12:13:06.300,2.898,-1,5,11,-61.75,0,0,0,0,0,1,0,0
2026-03-28 12:13:06.394,2.993,-1,8,11,-63.02,0,0,0,0,0,1,0,0
2026-03-28 12:13:06.491,3.090,-1,8,11,-62.7,0,0,0,0,0,1,0,0
2026-03-28 12:13:06.571,3.170,0,8,11,-65.21,0,0,0,0,0,1,0,0
2026-03-28 12:13:06.636,3.234,-1,5,11,-68.11,0,0,0,0,0,1,0,0
2026-03-28 12:13:06.746,3.345,-1,5,11,-66.62,0,0,0,0,0,1,0,0
2026-03-28 12:13:06.795,3.394,0,8,11,-65.93,0,0,0,0,0,1,0,0
2026-03-28 12:13:06.891,3.489,0,8,11,-63.54,0,0,0,0,0,1,0,0
2026-03-28 12:13:06.955,3.554,-1,8,11,-67.4,0,0,0,0,0,1,0,0
2026-03-28 12:13:07.036,3.634,0,6,11,-65.76,0,0,0,0,0,1,0,0
2026-03-28 12:13:07.115,3.714,-1,8,11,-67.14,0,0,0,0,0,1,0,0
2026-03-28 12:13:07.260,3.858,-1,5,11,-66.98,0,0,0,0,0,1,0,0
2026-03-28 12:13:07.292,3.890,-1,8,11,-62.9,0,0,0,0,0,1,0,0
2026-03-28 12:13:07.370,3.969,0,8,8,-62.69,0,0,0,0,0,1,0,0
2026-03-28 12:13:07.467,4.065,-1,8,11,-65.43,0,0,0,0,0,1,0,0
2026-03-28 12:13:07.562,4.161,-1,8,11,-66.11,0,0,0,0,0,1,0,0
2026-03-28 12:13:07.579,4.177,0,8,13,-69.76,0,0,0,0,0,1,0,0
2026-03-28 12:13:07.691,4.290,-1,8,11,-68.32,0,0,0,0,0,1,0,0
2026-03-28 12:13:07.739,4.338,-1,8,11,-66.26,0,0,0,0,0,1,0,0
2026-03-28 12:13:07.819,4.418,-1,8,11,-67.53,0,0,0,0,0,1,0,0
2026-03-28 12:13:07.963,4.561,-1,8,11,-64.44,0,0,0,0,0,1,0,0
2026-03-28 12:13:08.107,4.706,0,8,11,-64.53,0,0,0,0,0,0,0,0
2026-03-28 12:13:08.171,4.769,-1,8,11,-68.0,0,0,0,0,0,0,0,0
2026-03-28 12:13:08.202,4.800,-1,8,11,-63.24,0,0,0,0,0,0,0,0
2026-03-28 12:13:08.330,4.929,-1,8,11,-64.42,0,0,0,0,0,0,0,0
2026-03-28 12:13:08.332,4.930,-1,8,11,-62.32,0,0,0,0,0,0,0,0
2026-03-28 12:13:08.395,4.993,-1,8,11,-65.85,0,0,0,0,0,0,0,0
2026-03-28 12:13:08.475,5.074,-1,8,11,-68.32,0,0,0,0,0,0,0,0
2026-03-28 12:13:08.587,5.186,-1,5,11,-65.2,0,0,0,0,0,0,0,0
2026-03-28 12:13:08.684,5.282,-1,8,11,-62.56,0,0,0,0,0,0,0,0
2026-03-28 12:13:08.763,5.361,-1,8,11,-64.06,0,0,0,0,0,0,0,0
2026-03-28 12:13:08.844,5.442,-1,5,11,-64.36,0,0,0,0,0,0,0,0
2026-03-28 12:13:08.970,5.569,0,8,11,-63.63,0,0,0,0,0,1,0,0
2026-03-28 12:13:09.051,5.649,-1,8,11,-64.95,0,0,0,0,0,1,0,0
2026-03-28 12:13:09.130,5.728,0,8,11,-60.82,0,0,0,0,0,1,0,0
2026-03-28 12:13:09.195,5.793,-1,8,11,-65.47,0,0,0,0,0,1,0,0
2026-03-28 12:13:09.243,5.841,-1,8,11,-62.15,0,0,0,0,0,1,0,0
2026-03-28 12:13:09.339,5.937,-1,8,11,-63.08,0,0,0,0,0,1,0,0
2026-03-28 12:13:09.403,6.002,-1,8,11,-68.91,0,0,0,0,0,1,0,0
2026-03-28 12:13:09.435,6.033,-1,8,11,-62.65,0,0,0,0,0,1,0,0
2026-03-28 12:13:09.515,6.113,-1,8,11,-68.94,0,0,0,0,0,1,0,0
2026-03-28 12:13:09.595,6.193,-1,8,11,-60.9,0,0,0,0,0,1,0,0
2026-03-28 12:13:09.851,6.449,-1,5,11,-62.65,0,0,0,0,0,0,0,0
2026-03-28 12:13:09.930,6.529,-1,5,11,-62.48,0,0,0,0,0,0,0,0
2026-03-28 12:13:10.011,6.609,-1,8,11,-66.77,0,0,0,0,0,0,0,0
2026-03-28 12:13:10.059,6.657,-1,8,11,-63.08,0,0,0,0,0,0,0,0
2026-03-28 12:13:10.139,6.737,-1,8,11,-60.82,0,0,0,0,0,0,0,0
2026-03-28 12:13:10.219,6.818,-1,8,11,-62.55,0,0,0,0,0,0,0,0
2026-03-28 12:13:10.347,6.946,-1,8,11,-64.03,0,0,0,0,0,0,0,0
2026-03-28 12:13:10.442,7.041,-1,5,11,-62.97,0,0,0,0,0,0,0,0
2026-03-28 12:13:10.475,7.073,0,6,11,-65.01,0,0,0,0,0,0,0,0
2026-03-28 12:13:10.555,7.153,-1,8,11,-62.79,0,0,0,0,0,0,0,0
2026-03-28 12:13:10.635,7.233,-1,8,11,-63.48,0,0,0,0,0,0,0,0
2026-03-28 12:13:10.747,7.345,0,8,11,-67.21,0,0,0,0,0,0,0,0
2026-03-28 12:13:10.779,7.377,1,5,11,-60.55,0,0,0,0,0,0,0,0
2026-03-28 12:13:10.859,7.457,-1,8,11,-66.38,0,0,0,0,0,0,0,0
2026-03-28 12:13:10.908,7.506,0,8,11,-64.06,0,0,0,0,0,0,0,0
2026-03-28 12:13:11.003,7.601,-1,5,11,-60.29,0,0,0,0,0,0,0,0
2026-03-28 12:13:11.115,7.713,-1,6,11,-62.88,0,0,0,0,0,0,0,0
2026-03-28 12:13:11.179,7.778,-1,5,11,-62.79,0,0,0,0,0,0,0,0
2026-03-28 12:13:11.291,7.889,-1,5,11,-62.15,0,0,0,0,0,0,0,0
2026-03-28 12:13:11.355,7.954,-1,8,11,-63.12,0,0,0,0,0,0,0,0
2026-03-28 12:13:11.420,8.018,-1,6,11,-65.6,0,0,0,0,0,0,0,0
2026-03-28 12:13:11.547,8.145,-1,8,11,-66.21,0,0,0,0,0,0,0,0
2026-03-28 12:13:11.595,8.193,0,8,11,-59.82,0,0,0,0,0,0,0,0
2026-03-28 12:13:11.675,8.274,0,5,11,-65.12,0,0,0,0,0,0,0,0
2026-03-28 12:13:11.819,8.418,0,6,11,-60.24,0,0,0,0,0,0,0,0
2026-03-28 12:13:11.915,8.513,-1,8,11,-64.41,0,0,0,0,0,0,0,0
2026-03-28 12:13:11.931,8.529,-1,5,11,-65.44,0,0,0,0,0,0,0,0
2026-03-28 12:13:12.043,8.642,-1,5,11,-63.69,0,0,0,0,0,0,0,0
2026-03-28 12:13:12.187,8.785,0,8,11,-61.82,0,0,0,0,0,0,0,0
2026-03-28 12:13:12.235,8.833,-1,8,11,-62.86,0,0,0,0,0,0,0,0
2026-03-28 12:13:12.299,8.897,-1,5,8,-64.29,0,0,0,0,0,0,0,0
2026-03-28 12:13:12.411,9.009,-1,8,11,-63.53,0,0,0,0,0,0,0,0
2026-03-28 12:13:12.506,9.104,-1,8,11,-63.29,0,0,0,0,0,0,0,0
2026-03-28 12:13:12.587,9.186,-1,6,11,-63.11,0,0,0,0,0,0,0,0
2026-03-28 12:13:12.683,9.281,0,8,11,-64.54,0,0,0,0,0,0,0,0
2026-03-28 12:13:12.731,9.330,-1,8,11,-63.84,0,0,0,0,0,0,0,0
2026-03-28 12:13:12.811,9.410,0,8,11,-65.89,0,0,0,0,0,0,0,0
2026-03-28 12:13:12.891,9.489,-1,5,11,-71.16,0,0,0,0,0,0,0,0
2026-03-28 12:13:12.972,9.570,-1,8,11,-70.71,0,0,0,0,0,0,0,0
2026-03-28 12:13:13.067,9.666,-1,8,11,-68.66,0,0,0,0,0,0,0,0
2026-03-28 12:13:13.083,9.682,-1,8,11,-70.64,0,0,0,0,0,0,0,0
2026-03-28 12:13:13.147,9.746,-1,8,12,-70.01,0,0,0,0,0,0,0,0
2026-03-28 12:13:13.259,9.857,-1,5,11,-61.81,0,0,0,0,0,0,0,0
2026-03-28 12:13:13.387,9.985,-1,8,11,-63.98,0,0,0,0,0,0,0,0
2026-03-28 12:13:13.418,10.017,-1,5,11,-68.69,0,0,0,0,0,0,0,0
2026-03-28 12:13:13.467,10.065,0,8,11,-69.66,0,0,0,0,0,0,0,0
2026-03-28 12:13:13.595,10.193,-1,8,11,-66.53,0,0,0,0,0,0,0,0
2026-03-28 12:13:13.690,10.288,-1,5,11,-60.42,0,0,0,0,0,0,0,0
2026-03-28 12:13:13.755,10.353,-1,8,11,-65.36,0,0,0,0,0,0,0,0
2026-03-28 12:13:13.819,10.418,0,6,11,-67.42,0,0,0,0,0,0,0,0
2026-03-28 12:13:13.915,10.514,0,5,11,-67.67,0,0,0,0,0,0,0,0
2026-03-28 12:13:14.011,10.609,-1,8,11,-67.01,0,0,0,0,0,0,0,0
2026-03-28 12:13:14.091,10.689,-1,8,11,-64.81,0,0,0,0,0,0,0,0
2026-03-28 12:13:14.139,10.737,-1,8,11,-63.79,0,0,0,0,0,0,0,0
2026-03-28 12:13:14.203,10.801,0,6,11,-63.06,0,0,0,0,0,0,0,0
2026-03-28 12:13:14.315,10.913,-1,8,11,-62.36,0,0,0,0,0,0,0,0
2026-03-28 12:13:14.426,11.025,-1,5,11,-62.66,0,0,0,0,0,0,0,0
2026-03-28 12:13:14.523,11.121,-1,8,11,-66.19,0,0,0,0,0,0,0,0
2026-03-28 12:13:14.619,11.218,-1,8,11,-64.86,0,0,0,0,0,0,0,0
2026-03-28 12:13:14.634,11.233,-1,8,11,-63.89,0,0,0,0,0,0,0,0
2026-03-28 12:13:14.731,11.330,0,8,11,-64.78,0,0,0,0,0,0,0,0
2026-03-28 12:13:14.828,11.426,-1,5,11,-64.34,0,0,0,0,0,0,0,0
2026-03-28 12:13:14.907,11.505,-1,8,11,-65.43,0,0,0,0,0,0,0,0
2026-03-28 12:13:15.002,11.601,-1,8,11,-61.73,0,0,0,0,0,0,0,0
2026-03-28 12:13:15.082,11.681,-1,8,11,-66.33,0,0,0,0,0,0,0,0
2026-03-28 12:13:15.228,11.826,-1,8,11,-64.09,0,0,0,0,0,0,0,0
2026-03-28 12:13:15.275,11.873,0,9,11,-63.21,0,0,0,0,0,0,0,0
2026-03-28 12:13:15.339,11.938,-1,8,11,-62.83,0,0,0,0,0,0,0,0
2026-03-28 12:13:15.419,12.018,-1,8,11,-64.59,0,0,0,0,0,0,0,0
2026-03-28 12:13:15.515,12.113,-1,8,11,-64.43,0,0,0,0,0,0,0,0
2026-03-28 12:13:15.562,12.161,-1,8,11,-64.0,0,0,0,0,0,0,0,0
2026-03-28 12:13:15.707,12.306,-1,6,11,-66.43,0,0,0,0,0,0,0,0
2026-03-28 12:13:15.754,12.353,-1,5,11,-61.95,0,0,0,0,0,0,0,0
2026-03-28 12:13:15.835,12.433,-1,8,11,-61.05,0,0,0,0,0,0,0,0
2026-03-28 12:13:15.946,12.544,-1,8,11,-67.82,0,0,0,0,0,0,0,0
2026-03-28 12:13:15.994,12.593,-1,8,11,-63.71,0,0,0,0,0,0,0,0
2026-03-28 12:13:16.075,12.674,-1,5,11,-63.31,0,0,0,0,0,0,0,0
2026-03-28 12:13:16.202,12.800,-1,8,11,-62.86,0,0,0,0,0,0,0,0
2026-03-28 12:13:16.314,12.912,-1,8,11,-61.35,0,0,0,0,0,0,0,0
2026-03-28 12:13:16.331,12.929,-1,8,11,-63.97,0,0,0,0,0,0,0,0
2026-03-28 12:13:16.411,13.009,-1,8,11,-63.16,0,0,0,0,0,0,0,0
2026-03-28 12:13:16.507,13.105,-1,8,11,-63.46,0,0,0,0,0,0,0,0
2026-03-28 12:13:16.571,13.169,-1,5,11,-65.5,0,0,0,0,0,0,0,0
2026-03-28 12:13:16.682,13.280,0,8,11,-65.83,0,0,0,0,0,0,0,0
2026-03-28 12:13:16.730,13.329,-1,8,11,-62.61,0,0,0,0,0,0,0,0
2026-03-28 12:13:16.795,13.393,0,8,11,-64.66,0,0,0,0,0,0,0,0
2026-03-28 12:13:16.859,13.457,-1,8,11,-67.7,0,0,0,0,0,0,0,0
2026-03-28 12:13:16.955,13.553,-1,8,11,-61.68,0,0,0,0,0,0,0,0
2026-03-28 12:13:17.051,13.649,0,5,11,-62.97,0,0,0,0,0,0,0,0
2026-03-28 12:13:17.099,13.698,-1,8,11,-60.3,0,0,0,0,0,0,0,0
2026-03-28 12:13:17.179,13.777,-1,5,11,-62.53,0,0,0,0,0,0,0,0
2026-03-28 12:13:17.322,13.921,-1,8,11,-62.13,0,0,0,0,0,0,0,0
2026-03-28 12:13:17.354,13.953,-1,5,11,-64.07,0,0,0,0,0,0,0,0
2026-03-28 12:13:17.482,14.081,-1,8,11,-64.07,0,0,0,0,0,0,0,0
2026-03-28 12:13:17.578,14.177,0,6,11,-67.78,0,0,0,0,0,0,0,0
2026-03-28 12:13:17.643,14.241,-1,5,11,-61.02,0,0,0,0,0,0,0,0
2026-03-28 12:13:17.771,14.369,0,8,11,-64.01,0,0,0,0,0,0,0,0
2026-03-28 12:13:17.850,14.448,-1,8,11,-63.6,0,0,0,0,0,0,0,0
2026-03-28 12:13:17.947,14.545,-1,8,11,-62.7,0,0,0,0,0,0,0,0
2026-03-28 12:13:17.978,14.577,0,5,11,-64.6,0,0,0,0,0,0,0,0
2026-03-28 12:13:18.122,14.721,0,8,11,-64.79,0,0,0,0,0,0,0,0
2026-03-28 12:13:18.155,14.753,-1,5,11,-65.54,0,0,0,0,0,0,0,0
2026-03-28 12:13:18.202,14.801,-1,5,11,-64.53,0,0,0,0,0,0,0,0
2026-03-28 12:13:18.331,14.929,-1,5,12,-62.91,0,0,0,0,0,0,0,0
2026-03-28 12:13:18.378,14.977,-1,5,11,-64.84,0,0,0,0,0,0,0,0
2026-03-28 12:13:18.491,15.089,-1,5,11,-68.0,0,0,0,0,0,0,0,0
2026-03-28 12:13:18.538,15.137,-3,8,11,-62.3,0,0,0,0,0,0,0,0
2026-03-28 12:13:18.602,15.201,0,5,11,-64.0,0,0,0,0,0,0,0,0
2026-03-28 12:13:18.699,15.297,-1,5,11,-63.37,0,0,0,0,0,0,0,0
2026-03-28 12:13:18.763,15.361,1,8,11,-64.27,0,0,0,0,0,0,0,0
2026-03-28 12:13:18.842,15.441,0,8,11,-61.22,0,0,0,0,0,0,0,0
2026-03-28 12:13:18.955,15.553,0,8,11,-67.4,0,0,0,0,0,0,0,0
2026-03-28 12:13:18.987,15.585,-1,8,11,-67.98,0,0,0,0,0,0,0,0
2026-03-28 12:13:19.098,15.697,-1,8,11,-72.34,0,0,0,0,0,0,0,0
2026-03-28 12:13:19.162,15.761,-1,8,11,-65.89,0,0,0,0,0,0,0,0
2026-03-28 12:13:19.275,15.873,-1,8,11,-64.82,0,0,0,0,0,0,0,0
2026-03-28 12:13:19.338,15.937,-3,9,11,-64.71,0,0,0,0,0,0,0,0
2026-03-28 12:13:19.451,16.049,0,8,11,-67.73,0,0,0,0,0,0,0,0
2026-03-28 12:13:19.514,16.113,-1,5,11,-63.24,0,0,0,0,0,0,0,0
2026-03-28 12:13:19.594,16.193,-1,8,11,-70.42,0,0,0,0,0,0,0,0
2026-03-28 12:13:19.659,16.257,-1,8,11,-63.51,0,0,0,0,0,0,0,0
2026-03-28 12:13:19.738,16.337,-1,5,11,-66.28,0,0,0,0,0,0,0,0
2026-03-28 12:13:19.834,16.432,-1,5,11,-64.93,0,0,0,0,0,0,0,0
2026-03-28 12:13:19.915,16.513,-1,8,11,-63.29,0,0,0,0,0,0,0,0
2026-03-28 12:13:20.026,16.625,-1,8,11,-69.35,0,0,0,0,0,0,0,0
2026-03-28 12:13:20.122,16.721,-1,8,11,-66.33,0,0,0,0,0,0,0,0
2026-03-28 12:13:20.203,16.801,-1,8,11,-64.85,0,0,0,0,0,0,0,0
2026-03-28 12:13:20.298,16.897,0,8,11,-62.39,0,0,0,0,0,0,0,0
2026-03-28 12:13:20.346,16.945,-1,8,11,-65.46,0,0,0,0,0,0,0,0
2026-03-28 12:13:20.410,17.009,0,8,11,-69.03,0,0,0,0,0,0,0,0
2026-03-28 12:13:20.523,17.121,-1,8,11,-63.25,0,0,0,0,0,0,0,0
2026-03-28 12:13:20.587,17.185,-1,8,11,-64.72,0,0,0,0,0,0,0,0
2026-03-28 12:13:20.667,17.265,-1,8,11,-67.45,0,0,0,0,0,0,0,0
2026-03-28 12:13:20.746,17.344,-1,8,11,-67.84,0,0,0,0,0,0,0,0
2026-03-28 12:13:20.859,17.457,-1,8,11,-63.14,0,0,0,0,0,0,0,0
2026-03-28 12:13:20.923,17.521,-1,8,11,-63.25,0,0,0,0,0,0,0,0
2026-03-28 12:13:21.002,17.601,-1,8,11,-60.4,0,0,0,0,0,0,0,0
2026-03-28 12:13:21.067,17.665,-1,5,11,-64.1,0,0,0,0,0,0,0,0
2026-03-28 12:13:21.162,17.761,-1,8,8,-60.99,0,0,0,0,0,0,0,0
2026-03-28 12:13:21.306,17.905,-1,5,11,-62.7,0,0,0,0,0,0,0,0
2026-03-28 12:13:21.308,17.906,0,6,11,-62.94,0,0,0,0,0,0,0,0
2026-03-28 12:13:21.467,18.065,-1,8,11,-67.5,0,0,0,0,0,0,0,0
2026-03-28 12:13:21.498,18.097,-1,8,11,-59.72,0,0,0,0,0,0,0,0
2026-03-28 12:13:21.578,18.176,-1,8,11,-66.11,0,0,0,0,0,0,0,0
2026-03-28 12:13:21.659,18.257,0,8,11,-59.51,0,0,0,0,0,0,0,0
2026-03-28 12:13:21.738,18.336,-1,8,11,-63.18,0,0,0,0,0,0,0,0
2026-03-28 12:13:21.882,18.481,-1,5,11,-61.14,0,0,0,0,0,0,0,0
2026-03-28 12:13:21.962,18.561,-1,5,11,-61.36,0,0,0,0,0,0,0,0
2026-03-28 12:13:21.995,18.594,-1,8,11,-62.22,0,0,0,0,0,0,0,0
2026-03-28 12:13:22.138,18.737,-1,8,11,-63.88,0,0,0,0,0,0,0,0
2026-03-28 12:13:22.170,18.769,0,8,11,-62.65,0,0,0,0,0,0,0,0
2026-03-28 12:13:22.298,18.897,0,8,11,-63.2,0,0,0,0,0,0,0,0
2026-03-28 12:13:22.330,18.929,-1,8,11,-61.8,0,0,0,0,0,0,0,0
2026-03-28 12:13:22.426,19.025,-1,5,11,-63.71,0,0,0,0,0,0,0,0
2026-03-28 12:13:22.505,19.104,-1,8,11,-59.99,0,0,0,0,0,0,0,0
2026-03-28 12:13:22.634,19.233,-1,5,11,-62.17,0,0,0,0,0,0,0,0
2026-03-28 12:13:22.731,19.329,-1,8,11,-61.31,0,0,0,0,0,0,0,0
2026-03-28 12:13:22.795,19.393,-1,8,11,-65.5,0,0,0,0,0,0,0,0
2026-03-28 12:13:22.890,19.489,-1,8,11,-63.22,0,0,0,0,0,0,0,0
2026-03-28 12:13:22.922,19.521,-1,5,11,-63.47,0,0,0,0,0,0,0,0
2026-03-28 12:13:23.001,19.600,0,6,11,-63.24,0,0,0,0,0,0,0,0
2026-03-28 12:13:23.099,19.697,0,5,11,-63.61,0,0,0,0,0,0,0,0
2026-03-28 12:13:23.163,19.761,-1,8,11,-66.93,0,0,0,0,0,0,0,0
2026-03-28 12:13:23.242,19.840,-1,8,11,-65.55,0,0,0,0,0,0,0,0
2026-03-28 12:13:23.386,19.985,0,5,11,-59.67,0,0,0,0,0,0,0,0
2026-03-28 12:13:23.481,20.080,-1,8,11,-60.66,0,0,0,0,0,0,0,0
2026-03-28 12:13:23.546,20.145,-1,8,11,-62.22,0,0,0,0,0,0,0,0
2026-03-28 12:13:23.627,20.225,-1,8,11,-62.89,0,0,0,0,0,0,0,0
2026-03-28 12:13:23.722,20.320,-1,5,11,-64.18,0,0,0,0,0,0,0,0
2026-03-28 12:13:23.802,20.400,-1,5,11,-59.87,0,0,0,0,0,0,0,0
2026-03-28 12:13:23.899,20.497,-1,8,10,-64.36,0,0,0,0,0,0,0,0
2026-03-28 12:13:24.011,20.609,-1,8,11,-63.18,0,0,0,0,0,0,0,0
2026-03-28 12:13:24.058,20.656,-1,8,11,-63.03,0,0,0,0,0,0,0,0
2026-03-28 12:13:24.155,20.753,-1,8,11,-61.63,0,0,0,0,0,0,0,0
2026-03-28 12:13:24.202,20.801,0,5,11,-62.49,0,0,0,0,0,0,0,0
2026-03-28 12:13:24.298,20.897,-1,5,11,-65.29,0,0,0,0,0,0,0,0
2026-03-28 12:13:24.379,20.977,-1,8,12,-62.44,0,0,0,0,0,0,0,0
2026-03-28 12:13:24.474,21.072,-1,8,11,-61.63,0,0,0,0,0,0,0,0
2026-03-28 12:13:24.522,21.120,-1,8,11,-60.94,0,0,0,0,0,0,0,0
2026-03-28 12:13:24.618,21.216,-1,8,11,-64.58,0,0,0,0,0,0,0,0
2026-03-28 12:13:24.746,21.344,-1,8,11,-61.38,0,0,0,0,0,0,0,0
2026-03-28 12:13:24.842,21.441,-1,8,11,-59.77,0,0,0,0,0,0,0,0
2026-03-28 12:13:24.922,21.520,-1,8,11,-62.67,0,0,0,0,0,0,0,0
2026-03-28 12:13:24.986,21.584,-1,8,11,-60.08,0,0,0,0,0,0,0,0
2026-03-28 12:13:25.130,21.729,-1,8,11,-61.45,0,0,0,0,0,0,0,0
2026-03-28 12:13:25.226,21.824,0,8,11,-62.39,0,0,0,0,0,0,0,0
2026-03-28 12:13:25.243,21.842,0,8,11,-61.99,0,0,0,0,0,0,0,0
2026-03-28 12:13:25.306,21.905,-1,6,11,-65.18,0,0,0,0,0,0,0,0
2026-03-28 12:13:25.418,22.017,0,8,11,-64.92,0,0,0,0,0,0,0,0
2026-03-28 12:13:25.514,22.112,0,8,11,-63.59,0,0,0,0,0,0,0,0
2026-03-28 12:13:25.626,22.224,0,8,11,-61.06,0,0,0,0,0,0,0,0
2026-03-28 12:13:25.642,22.241,0,8,11,-62.95,0,0,0,0,0,0,0,0
2026-03-28 12:13:25.690,22.288,-1,8,11,-66.95,0,0,0,0,0,0,0,0
2026-03-28 12:13:25.787,22.385,0,8,11,-64.52,0,0,0,0,0,0,0,0
2026-03-28 12:13:25.866,22.464,0,8,11,-61.41,0,0,0,0,0,0,0,0
2026-03-28 12:13:25.930,22.528,-1,8,11,-65.33,0,0,0,0,0,0,0,0
2026-03-28 12:13:26.026,22.625,-1,8,11,-59.17,0,0,0,0,0,0,0,0
2026-03-28 12:13:26.154,22.753,-1,8,11,-61.54,0,0,0,0,0,0,0,0
2026-03-28 12:13:26.186,22.784,-1,8,11,-62.89,0,0,0,0,0,0,0,0
2026-03-28 12:13:26.298,22.896,-1,5,11,-61.12,0,0,0,0,0,0,0,0
2026-03-28 12:13:26.346,22.944,-1,8,11,-61.99,0,0,0,0,0,0,0,0
2026-03-28 12:13:26.539,23.137,-1,5,11,-61.68,0,0,0,0,0,0,0,0
2026-03-28 12:13:26.602,23.200,-1,8,11,-60.86,0,0,0,0,0,1,0,0
2026-03-28 12:13:26.666,23.264,-1,8,11,-61.36,0,0,0,0,0,1,0,0
2026-03-28 12:13:26.777,23.376,-1,8,11,-61.93,0,0,0,0,0,1,0,0
2026-03-28 12:13:26.826,23.424,-1,8,11,-62.44,0,0,0,0,0,1,0,0
2026-03-28 12:13:26.922,23.520,0,8,11,-64.41,0,0,0,0,0,1,0,0
2026-03-28 12:13:26.970,23.568,-1,8,11,-62.94,0,0,0,0,0,1,0,0
2026-03-28 12:13:27.066,23.665,-1,8,11,-61.11,0,0,0,0,0,1,0,0
2026-03-28 12:13:27.129,23.728,0,8,11,-60.26,0,0,0,0,0,1,0,0
2026-03-28 12:13:27.258,23.856,-1,8,11,-62.29,0,0,0,0,0,1,0,0
2026-03-28 12:13:27.305,23.904,-1,8,11,-61.74,0,0,0,0,0,1,0,0
2026-03-28 12:13:27.402,24.001,0,8,11,-61.92,0,0,0,0,0,1,0,0
2026-03-28 12:13:27.530,24.128,0,8,11,-64.06,0,0,0,0,0,1,0,0
2026-03-28 12:13:27.594,24.193,-1,8,11,-62.06,0,0,0,0,0,1,1,0
2026-03-28 12:13:27.706,24.304,-1,6,13,-62.67,0,0,0,0,0,1,1,0
2026-03-28 12:13:27.738,24.337,0,6,11,-60.11,0,0,0,0,0,1,1,0
2026-03-28 12:13:27.833,24.432,0,5,11,-62.24,0,0,0,0,0,1,1,0
2026-03-28 12:13:27.946,24.544,0,8,11,-62.83,0,0,0,0,0,1,1,0
2026-03-28 12:13:28.026,24.624,-1,8,11,-59.65,0,0,0,0,0,1,1,0
2026-03-28 12:13:28.122,24.720,0,8,11,-58.9,0,0,0,0,0,1,1,0
2026-03-28 12:13:28.218,24.816,-1,8,11,-62.65,0,0,0,0,0,1,1,0
2026-03-28 12:13:28.249,24.848,0,8,11,-62.05,0,0,0,0,0,1,1,0
2026-03-28 12:13:28.314,24.912,-1,8,11,-63.05,0,0,0,0,0,1,1,0
2026-03-28 12:13:28.458,25.057,-1,8,11,-64.29,0,0,0,0,0,1,1,0
2026-03-28 12:13:28.522,25.121,0,8,11,-61.83,0,0,0,0,0,1,1,0
2026-03-28 12:13:28.570,25.169,0,8,11,-61.15,0,0,0,0,0,1,1,0
2026-03-28 12:13:28.681,25.280,-1,8,11,-63.96,0,0,0,0,0,1,1,0
2026-03-28 12:13:28.762,25.360,-1,8,11,-63.47,0,0,0,0,0,1,1,0
2026-03-28 12:13:28.954,25.552,-1,8,8,-62.24,0,0,0,0,1,1,1,0
2026-03-28 12:13:29.065,25.664,0,8,11,-60.93,0,0,0,0,1,1,1,0
2026-03-28 12:13:29.098,25.696,0,8,11,-59.5,0,0,0,0,1,1,1,0
2026-03-28 12:13:29.178,25.776,-1,8,11,-62.42,0,0,0,0,1,1,1,0
2026-03-28 12:13:29.306,25.904,-1,8,11,-60.97,0,0,0,0,1,1,1,0
2026-03-28 12:13:29.370,25.968,-1,8,11,-63.31,0,0,0,0,1,1,1,0
2026-03-28 12:13:29.514,26.112,-1,8,11,-60.77,0,0,0,0,1,1,1,0
2026-03-28 12:13:29.546,26.144,0,8,11,-60.66,0,0,0,0,1,1,1,0
2026-03-28 12:13:29.674,26.273,0,8,11,-61.36,0,0,0,1,1,1,1,0
2026-03-28 12:13:29.754,26.352,-1,6,11,-63.38,0,0,0,1,1,1,1,0
2026-03-28 12:13:29.850,26.448,-1,8,11,-61.58,0,0,0,1,1,1,1,0
2026-03-28 12:13:29.946,26.544,-1,8,11,-64.51,0,0,0,1,1,1,1,0
2026-03-28 12:13:29.994,26.592,0,8,11,-62.12,0,0,0,1,1,1,1,0
2026-03-28 12:13:30.074,26.673,-1,8,13,-65.1,0,0,0,1,1,1,1,0
2026-03-28 12:13:30.137,26.736,-1,5,11,-61.98,0,0,0,1,1,1,1,0
2026-03-28 12:13:30.218,26.816,-1,8,11,-62.52,0,0,0,1,1,1,1,0
2026-03-28 12:13:30.379,26.977,0,6,11,-61.54,0,0,0,1,1,1,1,1
2026-03-28 12:13:30.410,27.009,-1,8,11,-62.95,0,0,0,1,1,1,1,1
2026-03-28 12:13:30.490,27.088,-1,6,11,-61.48,0,0,0,1,1,1,1,1
2026-03-28 12:13:30.586,27.184,0,5,11,-62.72,0,0,0,1,1,1,1,1
2026-03-28 12:13:30.762,27.360,-1,8,11,-60.36,0,0,0,1,1,1,1,1
2026-03-28 12:13:30.858,27.456,0,6,11,-60.83,0,0,0,1,1,1,1,1
2026-03-28 12:13:30.938,27.536,-1,8,11,-61.72,0,0,0,1,1,1,1,1
2026-03-28 12:13:31.018,27.616,0,8,11,-61.27,0,0,0,1,1,1,1,1
2026-03-28 12:13:31.130,27.728,0,6,11,-58.84,0,0,0,1,1,1,1,1
2026-03-28 12:13:31.194,27.792,-1,8,11,-61.94,0,0,0,1,1,1,1,1
2026-03-28 12:13:31.274,27.872,-3,8,11,-59.91,0,0,0,1,1,1,1,1
2026-03-28 12:13:31.338,27.936,-3,5,11,-60.81,0,0,0,1,1,1,1,1
2026-03-28 12:13:31.498,28.096,-1,8,11,-61.87,1,0,0,1,1,1,1,1
2026-03-28 12:13:31.530,28.128,-1,8,11,-60.71,1,0,0,1,1,1,1,1
2026-03-28 12:13:31.626,28.224,-1,8,11,-60.96,1,0,0,1,1,1,1,1
2026-03-28 12:13:31.722,28.321,0,8,11,-61.03,1,0,0,1,1,1,1,1
2026-03-28 12:13:31.802,28.400,0,8,11,-59.61,1,0,0,1,1,1,1,1
2026-03-28 12:13:31.866,28.465,1,8,11,-63.84,1,0,0,1,1,1,1,1
2026-03-28 12:13:31.913,28.512,0,8,11,-63.25,1,0,0,1,1,1,1,1
2026-03-28 12:13:31.994,28.593,-1,8,11,-62.16,1,0,0,1,1,1,1,1
2026-03-28 12:13:32.058,28.657,0,8,11,-62.48,1,0,0,1,1,1,1,1
2026-03-28 12:13:32.170,28.769,0,8,11,-62.49,1,0,0,1,1,1,1,1
2026-03-28 12:13:32.282,28.881,-1,8,11,-61.68,1,0,0,1,1,1,1,1
2026-03-28 12:13:32.379,28.977,-1,8,11,-62.81,1,0,0,1,1,1,1,1
2026-03-28 12:13:32.442,29.040,0,8,11,-59.36,1,0,0,1,1,1,1,1
2026-03-28 12:13:32.586,29.185,-1,8,11,-60.17,1,0,0,1,1,1,1,1
2026-03-28 12:13:32.634,29.233,-3,8,11,-58.91,1,0,0,1,1,1,1,1
2026-03-28 12:13:32.730,29.328,-3,8,11,-62.54,1,0,0,1,1,1,1,1
2026-03-28 12:13:32.810,29.408,-1,5,11,-60.62,1,0,0,1,1,1,1,1
2026-03-28 12:13:32.874,29.472,-1,8,11,-59.73,1,0,0,1,1,1,1,1
2026-03-28 12:13:32.986,29.584,0,5,11,-64.87,1,0,0,1,1,1,1,1
2026-03-28 12:13:33.002,29.601,-1,8,11,-63.11,1,0,0,1,1,1,1,1
2026-03-28 12:13:33.098,29.696,-1,8,11,-61.42,1,0,0,1,1,1,1,1
2026-03-28 12:13:33.178,29.777,-1,5,11,-62.25,1,0,0,1,1,1,1,1
2026-03-28 12:13:33.242,29.840,0,8,11,-62.43,1,0,0,1,1,1,1,1
2026-03-28 12:13:33.337,29.936,-1,5,11,-60.17,1,0,0,1,1,1,1,1
2026-03-28 12:13:33.418,30.016,0,8,11,-62.53,1,0,0,1,1,1,1,1
2026-03-28 12:13:33.497,30.095,0,8,11,-62.01,1,0,0,1,1,1,1,1
2026-03-28 12:13:33.658,30.256,-1,8,11,-58.43,1,1,0,1,1,1,1,1
2026-03-28 12:13:33.770,30.368,-1,5,11,-60.06,1,1,0,1,1,1,1,1
2026-03-28 12:13:33.818,30.416,-1,8,11,-62.85,1,1,0,1,1,1,1,1
2026-03-28 12:13:33.913,30.512,-1,8,11,-59.28,1,1,0,1,1,1,1,1
2026-03-28 12:13:33.993,30.592,-1,5,10,-60.73,1,1,0,1,1,1,1,1
2026-03-28 12:13:34.105,30.704,-1,8,11,-60.82,1,1,0,1,1,1,1,1
2026-03-28 12:13:34.170,30.769,-1,8,11,-60.12,1,1,0,1,1,1,1,1
2026-03-28 12:13:34.297,30.895,-1,8,11,-59.5,1,1,0,1,1,1,1,1
2026-03-28 12:13:34.314,30.912,-1,8,11,-59.64,1,1,0,1,1,1,1,1
2026-03-28 12:13:34.410,31.008,-1,5,11,-57.66,1,1,0,1,1,1,1,1
2026-03-28 12:13:34.506,31.104,-1,8,11,-62.82,1,1,0,1,1,1,1,1
2026-03-28 12:13:34.569,31.168,-1,8,11,-62.26,1,1,0,1,1,1,1,1
2026-03-28 12:13:34.634,31.232,-1,8,11,-59.07,1,1,0,1,1,1,1,1
2026-03-28 12:13:34.746,31.345,-1,5,11,-58.73,1,1,0,1,1,1,1,1
2026-03-28 12:13:34.826,31.425,-1,8,11,-63.58,1,1,0,1,1,1,1,1
2026-03-28 12:13:34.906,31.505,-1,8,11,-60.46,1,1,0,1,1,1,1,1
2026-03-28 12:13:35.050,31.648,-1,5,11,-62.85,1,1,0,1,1,1,1,1
2026-03-28 12:13:35.114,31.712,-1,7,10,-62.63,1,1,0,1,1,1,1,1
2026-03-28 12:13:35.162,31.761,-1,7,11,-62.52,1,1,0,1,1,1,1,1
2026-03-28 12:13:35.209,31.808,-1,5,11,-61.98,1,1,0,1,1,1,1,1
2026-03-28 12:13:35.306,31.904,-1,5,11,-60.83,1,1,0,1,1,1,1,1
2026-03-28 12:13:35.386,31.984,-1,8,11,-60.82,1,1,0,1,1,1,1,1
2026-03-28 12:13:35.450,32.048,-1,8,11,-60.13,1,1,0,1,1,1,1,1
2026-03-28 12:13:35.514,32.112,-2,8,11,-62.13,1,1,0,1,1,1,1,1
2026-03-28 12:13:35.562,32.161,-1,8,11,-60.54,1,1,0,1,1,1,1,1
2026-03-28 12:13:35.658,32.256,-1,8,11,-62.16,1,1,0,1,1,1,1,1
2026-03-28 12:13:35.722,32.321,-1,7,11,-69.24,1,1,0,1,1,1,1,1
2026-03-28 12:13:35.801,32.400,-1,8,11,-65.56,1,1,0,1,1,1,1,1
2026-03-28 12:13:35.881,32.479,-1,8,11,-59.85,1,1,0,1,1,1,1,1
2026-03-28 12:13:35.947,32.545,-1,8,10,-65.3,1,1,0,1,1,1,1,1
2026-03-28 12:13:36.058,32.656,-1,5,11,-63.27,1,1,0,1,1,1,1,1
2026-03-28 12:13:36.121,32.720,-1,5,11,-64.66,1,1,0,1,1,1,1,1
2026-03-28 12:13:36.169,32.768,-1,8,10,-64.18,1,1,0,1,1,1,1,1
2026-03-28 12:13:36.282,32.880,-1,8,11,-66.07,1,1,0,1,1,1,1,1
2026-03-28 12:13:36.313,32.912,-1,5,11,-64.68,1,1,0,1,1,1,1,1
2026-03-28 12:13:36.377,32.976,-1,8,11,-65.39,1,1,0,1,1,1,1,1
2026-03-28 12:13:36.441,33.040,-1,8,11,-60.51,1,1,0,1,1,1,1,1
2026-03-28 12:13:36.601,33.200,-1,8,11,-63.64,1,1,0,1,1,1,1,1
2026-03-28 12:13:36.632,33.231,-1,8,10,-60.42,1,1,0,1,1,1,1,1
2026-03-28 12:13:36.665,33.264,-1,5,10,-64.87,1,1,0,1,1,1,1,1
2026-03-28 12:13:36.745,33.344,-1,8,11,-64.95,1,1,0,1,1,1,1,1
2026-03-28 12:13:36.857,33.456,-1,8,11,-66.41,1,1,0,1,1,1,1,1
2026-03-28 12:13:36.905,33.503,-1,5,11,-63.14,1,1,0,1,1,1,1,1
2026-03-28 12:13:36.954,33.552,-1,8,11,-64.23,1,1,0,1,1,1,1,1
2026-03-28 12:13:37.050,33.648,-1,8,11,-66.47,1,1,0,1,1,1,1,1
2026-03-28 12:13:37.113,33.712,-1,8,11,-66.15,1,1,0,1,1,1,1,1
2026-03-28 12:13:37.241,33.840,-1,8,10,-65.29,1,1,0,1,1,1,1,1
2026-03-28 12:13:37.273,33.872,-1,5,11,-65.81,1,1,0,1,1,1,1,1
2026-03-28 12:13:37.514,34.112,-1,8,11,-62.94,1,0,0,1,1,1,1,1
2026-03-28 12:13:37.593,34.192,-1,8,11,-64.99,1,0,0,1,1,1,1,1
2026-03-28 12:13:37.722,34.320,-1,8,11,-62.82,1,0,0,1,1,1,1,1
2026-03-28 12:13:37.723,34.322,-1,8,11,-64.65,1,0,0,1,1,1,1,1
2026-03-28 12:13:37.849,34.448,0,5,11,-64.2,1,0,0,1,1,1,1,1
2026-03-28 12:13:37.880,34.479,0,8,11,-68.93,1,0,0,1,1,1,1,1
2026-03-28 12:13:37.962,34.561,0,8,11,-64.79,1,0,0,1,1,1,1,1
2026-03-28 12:13:38.058,34.656,0,8,11,-63.29,1,0,0,1,1,1,1,1
2026-03-28 12:13:38.217,34.816,-1,8,11,-62.27,1,1,0,1,1,1,1,1
2026-03-28 12:13:38.265,34.864,-1,5,11,-64.48,1,1,0,1,1,1,1,1
2026-03-28 12:13:38.410,35.008,-1,7,11,-59.16,1,1,0,1,1,1,1,1
2026-03-28 12:13:38.489,35.087,-1,5,11,-67.9,1,1,0,1,1,1,1,1
2026-03-28 12:13:38.570,35.168,-1,5,11,-61.78,1,1,0,1,1,1,1,1
2026-03-28 12:13:38.618,35.216,-1,8,11,-67.42,1,1,0,1,1,1,1,1
2026-03-28 12:13:38.713,35.312,-1,8,11,-59.88,1,1,0,1,1,1,1,1
2026-03-28 12:13:38.794,35.392,-1,8,11,-63.95,1,1,0,1,1,1,1,1
2026-03-28 12:13:38.858,35.456,-1,5,10,-63.11,1,1,0,1,1,1,1,1
2026-03-28 12:13:38.969,35.568,-1,8,11,-60.9,1,1,0,1,1,1,1,1
2026-03-28 12:13:39.048,35.647,-1,8,11,-60.76,1,1,0,1,1,1,1,1
2026-03-28 12:13:39.146,35.744,0,7,11,-62.41,1,1,0,1,1,1,1,1
2026-03-28 12:13:39.225,35.824,-1,8,11,-59.92,1,1,0,1,1,1,1,1
2026-03-28 12:13:39.418,36.016,0,8,11,-63.96,1,0,0,1,1,1,1,1
2026-03-28 12:13:39.482,36.080,-1,5,11,-67.96,1,0,0,1,1,1,1,1
2026-03-28 12:13:39.594,36.192,-1,5,11,-68.49,1,0,0,1,1,1,1,1
2026-03-28 12:13:39.690,36.288,-4,8,10,-64.59,1,0,0,1,1,1,1,1
2026-03-28 12:13:39.770,36.368,-3,8,11,-65.92,1,0,0,1,1,1,1,1
2026-03-28 12:13:39.881,36.480,-1,8,11,-63.1,1,0,0,1,1,1,1,1
2026-03-28 12:13:39.946,36.545,0,5,11,-64.5,1,0,0,1,1,1,1,1
2026-03-28 12:13:40.010,36.608,0,8,11,-60.07,1,0,0,1,1,1,1,1
2026-03-28 12:13:40.073,36.672,0,8,11,-63.73,1,0,0,1,1,1,1,1
2026-03-28 12:13:40.170,36.768,-1,8,11,-60.69,1,0,0,1,1,1,1,1
2026-03-28 12:13:40.281,36.880,-1,8,11,-65.99,1,0,0,1,1,1,1,1
2026-03-28 12:13:40.313,36.912,0,8,11,-60.47,1,0,0,1,1,1,1,1
2026-03-28 12:13:40.426,37.024,-1,8,11,-59.0,1,0,0,1,1,1,1,1
2026-03-28 12:13:40.458,37.056,0,8,11,-63.11,1,0,0,1,1,1,1,1
2026-03-28 12:13:40.602,37.200,-1,8,11,-62.65,1,0,0,1,1,1,1,1
2026-03-28 12:13:40.665,37.264,0,8,13,-63.24,1,0,0,1,1,1,1,1
2026-03-28 12:13:40.713,37.312,-1,8,11,-64.9,1,0,0,1,1,1,1,1
2026-03-28 12:13:40.810,37.408,-1,8,11,-62.43,1,0,0,1,1,1,1,1
2026-03-28 12:13:40.905,37.503,0,8,11,-63.46,1,0,0,1,1,1,1,1
2026-03-28 12:13:41.001,37.600,0,8,11,-62.94,1,0,0,1,1,1,1,1
2026-03-28 12:13:41.066,37.664,-1,8,11,-64.85,1,0,0,1,1,1,1,1
2026-03-28 12:13:41.161,37.760,-1,8,11,-61.56,1,0,0,1,1,1,1,1
2026-03-28 12:13:41.193,37.791,-1,8,11,-64.34,1,0,0,1,1,1,1,1
2026-03-28 12:13:41.321,37.920,-1,8,11,-62.9,1,0,0,1,1,1,1,1
2026-03-28 12:13:41.353,37.951,-1,8,11,-63.65,1,0,0,1,1,1,1,1
2026-03-28 12:13:41.400,37.999,-1,8,11,-66.29,1,0,0,1,1,1,1,1
2026-03-28 12:13:41.481,38.080,-1,8,11,-61.04,1,0,0,1,1,1,1,1
2026-03-28 12:13:41.593,38.191,-1,8,11,-66.08,1,0,0,1,1,1,1,1
2026-03-28 12:13:41.641,38.240,-3,8,11,-59.55,1,0,0,1,1,1,1,1
2026-03-28 12:13:41.801,38.400,0,8,11,-60.49,1,0,0,1,1,1,1,1
2026-03-28 12:13:41.945,38.543,0,8,11,-61.29,1,1,0,1,1,1,1,1
2026-03-28 12:13:42.010,38.608,-1,8,11,-59.84,1,1,0,1,1,1,1,1
2026-03-28 12:13:42.122,38.720,-1,5,11,-58.86,1,1,0,1,1,1,1,1
2026-03-28 12:13:42.154,38.752,-1,8,11,-59.4,1,1,0,1,1,1,1,1
2026-03-28 12:13:42.217,38.816,-1,8,11,-65.43,1,1,0,1,1,1,1,1
2026-03-28 12:13:42.345,38.944,-1,8,11,-63.14,1,1,0,1,1,1,1,1
2026-03-28 12:13:42.393,38.992,-3,10,11,-61.88,1,1,0,1,1,1,1,1
2026-03-28 12:13:42.522,39.120,-1,8,10,-61.61,1,1,0,1,1,1,1,1
2026-03-28 12:13:42.681,39.279,-1,7,11,-60.22,1,1,0,1,1,1,1,1
2026-03-28 12:13:42.745,39.344,-1,8,11,-62.92,1,0,0,1,1,1,1,1
2026-03-28 12:13:42.873,39.472,-1,8,11,-60.89,1,0,0,1,1,1,1,1
2026-03-28 12:13:42.953,39.551,-1,8,11,-60.29,1,0,0,1,1,1,1,1
2026-03-28 12:13:43.033,39.631,-1,5,11,-60.33,1,0,0,1,1,1,1,1
2026-03-28 12:13:43.113,39.712,-1,8,11,-63.23,1,0,0,1,1,1,1,1
2026-03-28 12:13:43.193,39.791,-1,8,11,-59.28,1,0,0,1,1,1,1,1
2026-03-28 12:13:43.273,39.871,-1,8,11,-58.96,1,0,0,1,1,1,1,1
2026-03-28 12:13:43.353,39.951,0,8,11,-61.87,1,0,0,1,1,1,1,1
2026-03-28 12:13:43.465,40.063,-1,8,11,-62.64,1,0,0,1,1,1,1,1
2026-03-28 12:13:43.562,40.160,-1,8,11,-61.5,1,0,0,1,1,1,1,1
2026-03-28 12:13:43.657,40.256,-1,8,11,-59.31,1,0,0,1,1,1,1,1
2026-03-28 12:13:43.705,40.304,-1,8,11,-60.62,1,0,0,1,1,1,1,1
2026-03-28 12:13:43.785,40.384,-1,8,11,-64.66,1,0,0,1,1,1,1,1
2026-03-28 12:13:43.864,40.463,0,8,11,-61.21,1,0,0,1,1,1,1,1
2026-03-28 12:13:43.992,40.591,-1,8,11,-62.37,1,0,0,1,1,1,1,1
2026-03-28 12:13:43.994,40.592,-1,8,11,-62.08,1,0,0,1,1,1,1,1
2026-03-28 12:13:44.121,40.719,-1,5,11,-62.18,1,0,0,1,1,1,1,1
2026-03-28 12:13:44.185,40.783,-1,5,11,-61.87,1,0,0,1,1,1,1,1
2026-03-28 12:13:44.297,40.896,-1,8,11,-63.37,1,0,0,1,1,1,1,1
2026-03-28 12:13:44.361,40.960,-1,5,11,-60.62,1,0,0,1,1,1,1,1
2026-03-28 12:13:44.442,41.040,-1,8,11,-64.11,1,0,0,1,1,1,1,1
2026-03-28 12:13:44.505,41.103,0,8,11,-62.63,1,0,0,1,1,1,1,1
2026-03-28 12:13:44.617,41.216,-1,5,11,-62.29,1,0,0,1,1,1,1,1
2026-03-28 12:13:44.633,41.231,-1,8,11,-61.12,1,0,0,1,1,1,1,1
2026-03-28 12:13:44.729,41.328,-1,8,11,-60.95,1,0,0,1,1,1,1,1
2026-03-28 12:13:44.792,41.391,0,5,11,-61.68,1,0,0,1,1,1,1,1
2026-03-28 12:13:44.856,41.455,-1,8,11,-61.75,1,0,0,1,1,1,1,1
2026-03-28 12:13:44.953,41.552,-1,8,11,-64.99,1,0,0,1,1,1,1,1
2026-03-28 12:13:45.017,41.615,-1,8,11,-62.9,1,0,0,1,1,1,1,1
2026-03-28 12:13:45.129,41.728,0,8,11,-64.12,1,0,0,1,1,1,1,1
2026-03-28 12:13:45.161,41.759,-1,8,11,-64.26,1,0,0,1,1,1,1,1
2026-03-28 12:13:45.224,41.822,-1,8,11,-61.62,1,0,0,1,1,1,1,1
2026-03-28 12:13:45.305,41.904,0,8,11,-63.8,1,0,0,1,1,1,1,1
2026-03-28 12:13:45.385,41.983,0,8,12,-62.18,1,0,0,1,1,1,1,1
2026-03-28 12:13:45.465,42.064,-1,8,11,-60.88,1,0,0,1,1,1,1,1
2026-03-28 12:13:45.529,42.127,-1,5,11,-61.97,1,0,0,1,1,1,1,1
2026-03-28 12:13:45.594,42.192,0,8,11,-59.8,1,0,0,1,1,1,1,1
2026-03-28 12:13:45.688,42.286,-1,8,11,-63.33,1,0,0,1,1,1,1,1
2026-03-28 12:13:45.737,42.336,-1,8,11,-62.23,1,0,0,1,1,1,1,1
2026-03-28 12:13:45.832,42.431,-1,8,11,-61.47,1,0,0,1,1,1,1,1
2026-03-28 12:13:45.978,42.576,-1,8,11,-66.4,1,0,0,1,1,1,1,1
2026-03-28 12:13:46.057,42.655,-1,8,11,-63.81,1,0,0,1,1,1,1,1
2026-03-28 12:13:46.105,42.703,-1,9,11,-62.48,1,0,0,1,1,1,1,1
2026-03-28 12:13:46.169,42.767,0,8,11,-62.93,1,0,0,1,1,1,1,1
2026-03-28 12:13:46.280,42.878,-1,8,11,-63.66,1,0,0,1,1,1,1,1
2026-03-28 12:13:46.361,42.959,-1,5,11,-61.88,1,0,0,1,1,1,1,1
2026-03-28 12:13:46.441,43.039,-1,8,11,-61.98,1,0,0,1,1,1,1,1
2026-03-28 12:13:46.505,43.103,0,5,11,-58.97,1,0,0,1,1,1,1,1
2026-03-28 12:13:46.601,43.199,0,8,11,-64.88,1,0,0,1,1,1,1,1
2026-03-28 12:13:46.696,43.294,-1,8,11,-62.01,1,0,0,1,1,1,1,1
2026-03-28 12:13:46.793,43.391,-1,8,11,-62.44,1,0,0,1,1,1,1,1
2026-03-28 12:13:46.889,43.488,-1,8,11,-60.05,1,0,0,1,1,1,1,1
2026-03-28 12:13:47.000,43.598,0,8,11,-58.88,1,0,0,1,1,1,1,1
2026-03-28 12:13:47.033,43.631,-1,8,11,-62.2,1,0,0,1,1,1,1,1
2026-03-28 12:13:47.113,43.712,0,8,11,-61.29,1,0,0,1,1,1,1,1
2026-03-28 12:13:47.192,43.791,-3,6,11,-62.66,1,0,0,1,1,1,1,1
2026-03-28 12:13:47.305,43.903,-1,8,11,-60.77,1,0,0,1,1,1,1,1
2026-03-28 12:13:47.384,43.983,-1,5,11,-65.12,1,0,0,1,1,1,1,1
2026-03-28 12:13:47.417,44.015,0,9,11,-65.48,1,0,0,1,1,1,1,1
2026-03-28 12:13:47.432,44.031,-3,5,11,-62.86,1,0,0,1,1,1,1,1
2026-03-28 12:13:47.544,44.143,-1,5,11,-68.46,1,0,0,1,1,1,1,1
2026-03-28 12:13:47.593,44.191,-1,8,11,-66.51,1,0,0,1,1,1,1,1
2026-03-28 12:13:47.641,44.240,-1,8,11,-63.01,1,0,0,1,1,1,1,1
2026-03-28 12:13:47.737,44.336,-1,8,11,-58.05,1,0,0,1,1,1,1,1
2026-03-28 12:13:47.833,44.431,-4,8,11,-61.92,1,0,0,1,1,1,1,1
2026-03-28 12:13:47.897,44.495,0,8,11,-64.11,1,0,0,1,1,1,1,1
2026-03-28 12:13:47.977,44.575,-1,8,11,-62.61,1,0,0,1,1,1,1,1
2026-03-28 12:13:48.057,44.655,-1,8,11,-59.71,1,0,0,1,1,1,1,1
2026-03-28 12:13:48.152,44.751,-1,8,11,-60.31,1,0,0,1,1,1,1,1
2026-03-28 12:13:48.217,44.815,0,8,11,-63.4,1,0,0,1,1,1,1,1
2026-03-28 12:13:48.297,44.895,0,8,11,-64.22,1,0,0,1,1,1,1,1
2026-03-28 12:13:48.409,45.007,0,8,11,-60.23,1,0,0,1,1,1,1,1
2026-03-28 12:13:48.456,45.055,0,8,11,-64.99,1,0,0,1,1,1,1,1
2026-03-28 12:13:48.553,45.151,-1,8,11,-62.74,1,0,0,1,1,1,1,1
2026-03-28 12:13:48.712,45.311,0,8,11,-61.21,1,0,0,1,1,1,1,1
2026-03-28 12:13:48.745,45.343,-1,8,11,-61.24,1,0,0,1,1,1,1,1
2026-03-28 12:13:48.825,45.424,0,8,11,-62.91,1,0,0,1,1,1,1,1
2026-03-28 12:13:48.953,45.551,-3,5,11,-60.48,1,0,0,1,1,1,1,1
2026-03-28 12:13:48.969,45.567,-1,8,11,-62.72,1,0,0,1,1,1,1,1
2026-03-28 12:13:49.049,45.647,-1,8,11,-66.84,1,0,0,1,1,1,1,1
2026-03-28 12:13:49.193,45.791,0,8,11,-61.74,1,0,0,1,1,1,1,1
2026-03-28 12:13:49.241,45.839,0,6,11,-62.34,1,0,0,1,1,1,1,1
2026-03-28 12:13:49.320,45.919,0,5,8,-62.18,1,0,0,1,1,1,1,1
2026-03-28 12:13:49.369,45.967,-1,8,11,-64.44,1,0,0,1,1,1,1,1
2026-03-28 12:13:49.480,46.078,-1,8,11,-67.2,1,0,0,1,1,1,1,1
2026-03-28 12:13:49.577,46.175,-1,8,11,-61.2,1,0,0,1,1,1,1,1
2026-03-28 12:13:49.625,46.223,-1,8,11,-61.9,1,0,0,1,1,1,1,1
2026-03-28 12:13:49.689,46.288,-1,8,11,-61.74,1,0,0,1,1,1,1,1
2026-03-28 12:13:49.800,46.399,-1,8,11,-60.78,1,0,0,1,1,1,1,1
2026-03-28 12:13:49.897,46.496,-1,8,11,-60.79,1,0,0,1,1,1,1,1
2026-03-28 12:13:50.057,46.655,-1,8,11,-65.63,1,0,0,1,1,1,1,1
2026-03-28 12:13:50.058,46.657,-1,5,11,-62.9,1,0,0,1,1,1,1,1
2026-03-28 12:13:50.152,46.750,-1,8,11,-64.39,1,0,0,1,1,1,1,1
2026-03-28 12:13:50.217,46.815,-1,8,11,-66.61,1,0,0,1,1,1,1,1
2026-03-28 12:13:50.281,46.879,-1,8,11,-61.97,1,0,0,1,1,1,1,1
2026-03-28 12:13:50.393,46.991,-1,9,11,-61.02,1,0,0,1,1,1,1,1
2026-03-28 12:13:50.521,47.119,0,8,11,-63.08,1,0,0,1,1,1,1,1
2026-03-28 12:13:50.552,47.151,-1,8,11,-63.06,1,0,0,1,1,1,1,1
2026-03-28 12:13:50.664,47.263,0,8,11,-61.23,1,0,0,1,1,1,1,1
2026-03-28 12:13:50.728,47.326,0,8,11,-61.18,1,0,0,1,1,1,1,1
2026-03-28 12:13:50.809,47.407,-1,8,11,-60.5,1,0,0,1,1,1,1,1
2026-03-28 12:13:50.873,47.471,-3,8,11,-62.3,1,0,0,1,1,1,1,1
2026-03-28 12:13:50.953,47.551,-3,8,11,-62.29,1,0,0,1,1,1,1,1
2026-03-28 12:13:51.017,47.615,0,8,11,-59.68,1,0,0,1,1,1,1,1
2026-03-28 12:13:51.129,47.728,-1,8,11,-63.79,1,0,0,1,1,1,1,1
2026-03-28 12:13:51.208,47.807,-1,8,11,-61.12,1,0,0,1,1,1,1,1
2026-03-28 12:13:51.288,47.887,0,8,11,-63.12,1,0,0,1,1,1,1,1
2026-03-28 12:13:51.384,47.982,-3,8,11,-58.97,1,0,0,1,1,1,1,1
2026-03-28 12:13:51.560,48.158,-1,8,11,-60.45,1,0,0,1,1,1,1,1
2026-03-28 12:13:51.609,48.207,-1,8,11,-61.31,1,0,0,1,1,1,1,1
2026-03-28 12:13:51.736,48.335,-1,8,11,-61.87,1,0,0,1,1,1,1,1
2026-03-28 12:13:51.784,48.383,-1,8,11,-63.84,1,0,0,1,1,1,1,1
2026-03-28 12:13:51.864,48.463,-3,8,11,-63.85,1,0,0,1,1,1,1,1
2026-03-28 12:13:51.929,48.528,-1,8,11,-62.32,1,0,0,1,1,1,1,1
2026-03-28 12:13:52.024,48.623,-1,8,11,-63.72,1,0,0,1,1,1,1,1
2026-03-28 12:13:52.105,48.703,1,8,11,-62.97,1,0,0,1,1,1,1,1
2026-03-28 12:13:52.185,48.783,-1,8,11,-60.77,1,0,0,1,1,1,1,1
2026-03-28 12:13:52.264,48.863,0,8,11,-60.28,1,0,0,1,1,1,1,1
2026-03-28 12:13:52.345,48.943,-1,8,11,-62.45,1,0,0,1,1,1,1,1
2026-03-28 12:13:52.424,49.023,-3,8,11,-60.92,1,0,0,1,1,1,1,1
2026-03-28 12:13:52.520,49.118,-3,8,11,-62.17,1,0,0,1,1,1,1,1
2026-03-28 12:13:52.600,49.199,-1,8,11,-61.33,1,0,0,1,1,1,1,1
2026-03-28 12:13:52.681,49.279,-1,8,11,-61.36,1,0,0,1,1,1,1,1
2026-03-28 12:13:52.777,49.375,0,8,11,-64.02,1,0,0,1,1,1,1,1
2026-03-28 12:13:52.824,49.423,0,8,11,-60.76,1,0,0,1,1,1,1,1
2026-03-28 12:13:52.968,49.566,-1,8,11,-62.16,1,0,0,1,1,1,1,1
2026-03-28 12:13:53.016,49.615,-1,8,11,-58.8,1,0,0,1,1,1,1,1
2026-03-28 12:13:53.161,49.759,0,8,11,-63.67,1,0,0,1,1,1,1,1
2026-03-28 12:13:53.225,49.823,-1,5,11,-62.04,1,0,0,1,1,1,1,1
2026-03-28 12:13:53.272,49.871,-3,8,11,-61.47,1,0,0,1,1,1,1,1
2026-03-28 12:13:53.368,49.966,0,8,11,-61.54,1,0,0,1,1,1,1,1
2026-03-28 12:13:53.449,50.047,-4,8,11,-62.64,1,0,0,1,1,1,1,1
2026-03-28 12:13:53.545,50.143,-1,8,11,-63.45,1,0,0,1,1,1,1,1
2026-03-28 12:13:53.625,50.223,-1,8,11,-61.51,1,0,0,1,1,1,1,1
2026-03-28 12:13:53.672,50.271,0,8,11,-61.97,1,0,0,1,1,1,1,1
2026-03-28 12:13:53.736,50.335,-1,8,11,-62.08,1,0,0,1,1,1,1,1
2026-03-28 12:13:53.865,50.463,0,9,11,-59.13,1,0,0,1,1,1,1,1
2026-03-28 12:13:53.912,50.511,-1,8,11,-62.13,1,0,0,1,1,1,1,1
2026-03-28 12:13:53.993,50.591,0,8,11,-59.11,1,0,0,1,1,1,1,1
2026-03-28 12:13:54.120,50.719,-1,8,11,-62.22,1,0,0,1,1,1,1,1
2026-03-28 12:13:54.184,50.783,-1,8,11,-63.95,1,0,0,1,1,1,1,1
2026-03-28 12:13:54.265,50.863,-1,8,11,-59.41,1,0,0,1,1,1,1,1
2026-03-28 12:13:54.344,50.943,-1,8,11,-62.6,1,0,0,1,1,1,1,1
2026-03-28 12:13:54.408,51.007,-1,8,11,-61.69,1,0,0,1,1,1,1,1
2026-03-28 12:13:54.537,51.135,-1,8,11,-62.37,1,0,0,1,1,1,1,1
2026-03-28 12:13:54.585,51.183,-1,5,11,-60.23,1,0,0,1,1,1,1,1
2026-03-28 12:13:54.680,51.279,-1,8,11,-61.57,1,0,0,1,1,1,1,1
2026-03-28 12:13:54.745,51.343,-1,5,11,-63.73,1,0,0,1,1,1,1,1
2026-03-28 12:13:54.824,51.423,-1,8,11,-61.03,1,0,0,1,1,1,1,1
2026-03-28 12:13:54.920,51.519,-1,8,11,-60.28,1,0,0,1,1,1,1,1
2026-03-28 12:13:55.048,51.646,-1,8,11,-60.93,1,0,0,1,1,1,1,1
2026-03-28 12:13:55.129,51.728,-1,8,11,-60.7,1,0,0,1,1,1,1,1
2026-03-28 12:13:55.177,51.775,-1,8,11,-60.46,1,0,0,1,1,1,1,1
2026-03-28 12:13:55.288,51.887,-1,5,11,-61.8,1,0,0,1,1,1,1,1
2026-03-28 12:13:55.384,51.983,0,7,11,-62.44,1,0,0,1,1,1,1,1
2026-03-28 12:13:55.400,51.999,-1,8,11,-61.66,1,0,0,1,1,1,1,1
2026-03-28 12:13:55.481,52.080,-1,8,11,-61.61,1,0,0,1,1,1,1,1
2026-03-28 12:13:55.576,52.175,-1,8,11,-61.92,1,0,0,1,1,1,1,1
2026-03-28 12:13:55.640,52.239,-1,8,11,-58.63,1,0,0,1,1,1,1,1
2026-03-28 12:13:55.752,52.351,-1,8,11,-60.0,1,0,0,1,1,1,1,1
2026-03-28 12:13:55.848,52.446,-1,8,11,-63.15,1,0,0,1,1,1,1,1
2026-03-28 12:13:55.912,52.510,-1,8,11,-59.45,1,0,0,1,1,1,1,1
2026-03-28 12:13:56.024,52.622,-1,8,11,-60.1,1,0,0,1,1,1,1,1
2026-03-28 12:13:56.089,52.687,-3,8,11,-60.75,1,0,0,1,1,1,1,1
2026-03-28 12:13:56.169,52.767,-1,8,11,-64.38,1,0,0,1,1,1,1,1
2026-03-28 12:13:56.264,52.863,-1,8,12,-62.5,1,0,0,1,1,1,1,1
2026-03-28 12:13:56.344,52.943,-3,8,11,-60.08,1,0,0,1,1,1,1,1
2026-03-28 12:13:56.441,53.039,-1,8,11,-60.2,1,0,0,1,1,1,1,1
2026-03-28 12:13:56.537,53.135,-1,8,11,-60.87,1,0,0,1,1,1,1,1
2026-03-28 12:13:56.633,53.231,0,8,11,-61.01,1,0,0,1,1,1,1,1
2026-03-28 12:13:56.712,53.310,0,8,11,-60.44,1,0,0,1,1,1,1,1
2026-03-28 12:13:56.761,53.359,-1,8,11,-60.61,1,0,0,1,1,1,1,1
2026-03-28 12:13:56.856,53.455,-1,8,11,-63.86,1,0,0,1,1,1,1,1
2026-03-28 12:13:56.968,53.567,-1,8,11,-61.4,1,0,0,1,1,1,1,1
2026-03-28 12:13:57.048,53.647,-3,8,11,-57.91,1,0,0,1,1,1,1,1
2026-03-28 12:13:57.128,53.727,-1,8,11,-61.4,1,0,0,1,1,1,1,1
2026-03-28 12:13:57.208,53.807,0,8,11,-61.95,1,0,0,1,1,1,1,1
2026-03-28 12:13:57.256,53.855,0,8,11,-64.64,1,0,0,1,1,1,1,1
2026-03-28 12:13:57.369,53.967,-1,8,11,-60.8,1,0,0,1,1,1,1,1
2026-03-28 12:13:57.448,54.046,0,5,11,-62.2,1,0,0,1,1,1,1,1
2026-03-28 12:13:57.561,54.159,-1,8,11,-62.76,1,0,0,1,1,1,1,1
2026-03-28 12:13:57.656,54.255,-1,8,11,-62.03,1,0,0,1,1,1,1,1
2026-03-28 12:13:57.736,54.335,-1,8,11,-61.29,1,0,0,1,1,1,1,1
2026-03-28 12:13:57.801,54.399,-1,8,11,-64.25,1,0,0,1,1,1,1,1
2026-03-28 12:13:57.913,54.511,-1,8,11,-60.98,1,0,0,1,1,1,1,1
2026-03-28 12:13:57.944,54.543,-1,8,11,-62.13,1,0,0,1,1,1,1,1
2026-03-28 12:13:58.057,54.655,-1,8,11,-59.27,1,0,0,1,1,1,1,1
2026-03-28 12:13:58.168,54.767,-1,8,11,-62.48,1,0,0,1,1,1,1,1
2026-03-28 12:13:58.248,54.847,-1,8,11,-62.11,1,0,0,1,1,1,1,1
2026-03-28 12:13:58.344,54.943,-1,8,11,-62.13,1,0,0,1,1,1,1,1
2026-03-28 12:13:58.392,54.990,-1,8,11,-63.23,1,0,0,1,1,1,1,1
2026-03-28 12:13:58.472,55.071,-1,8,11,-61.84,1,0,0,1,1,1,1,1
2026-03-28 12:13:58.568,55.167,0,8,11,-63.29,1,0,0,1,1,1,1,1
2026-03-28 12:13:58.648,55.246,-1,8,11,-62.38,1,0,0,1,1,1,1,1
2026-03-28 12:13:58.697,55.295,-1,8,11,-62.62,1,0,0,1,1,1,1,1
2026-03-28 12:13:58.840,55.438,-1,8,11,-60.13,1,0,0,1,1,1,1,1
2026-03-28 12:13:58.888,55.487,-1,8,11,-59.56,1,0,0,1,1,1,1,1
2026-03-28 12:13:58.952,55.551,-1,8,11,-65.29,1,0,0,1,1,1,1,1
2026-03-28 12:13:59.048,55.647,-1,8,11,-60.8,1,0,0,1,1,1,1,1
2026-03-28 12:13:59.145,55.743,-1,8,11,-62.14,1,0,0,1,1,1,1,1
2026-03-28 12:13:59.256,55.855,0,8,11,-65.08,1,0,0,1,1,1,1,1
2026-03-28 12:13:59.336,55.934,0,8,11,-62.17,1,0,0,1,1,1,1,1
2026-03-28 12:13:59.384,55.982,-1,8,11,-62.63,1,0,0,1,1,1,1,1
2026-03-28 12:13:59.464,56.062,-1,8,11,-62.14,1,0,0,1,1,1,1,1
2026-03-28 12:13:59.576,56.175,-1,8,11,-64.02,1,0,0,1,1,1,1,1
2026-03-28 12:13:59.655,56.254,-1,8,11,-58.44,1,0,0,1,1,1,1,1
2026-03-28 12:13:59.720,56.318,-1,8,11,-61.93,1,0,0,1,1,1,1,1
2026-03-28 12:13:59.864,56.463,-1,8,11,-61.82,1,0,0,1,1,1,1,1
2026-03-28 12:13:59.896,56.495,-1,8,11,-62.92,1,0,0,1,1,1,1,1
2026-03-28 12:13:59.960,56.559,-3,8,11,-60.55,1,0,0,1,1,1,1,1
2026-03-28 12:14:00.040,56.638,-1,8,11,-62.6,1,0,0,1,1,1,1,1
2026-03-28 12:14:00.104,56.702,-1,8,11,-62.06,1,0,0,1,1,1,1,1
2026-03-28 12:14:00.248,56.847,-1,8,11,-59.76,1,0,0,1,1,1,1,1
2026-03-28 12:14:00.311,56.910,-1,8,11,-61.87,1,0,0,1,1,1,1,1
2026-03-28 12:14:00.376,56.974,0,8,11,-62.4,1,0,0,1,1,1,1,1
2026-03-28 12:14:00.440,57.038,-1,8,11,-64.18,1,0,0,1,1,1,1,1
2026-03-28 12:14:00.568,57.166,-1,8,11,-60.26,1,0,0,1,1,1,1,1
2026-03-28 12:14:00.648,57.246,-1,8,11,-60.9,1,0,0,1,1,1,1,1
2026-03-28 12:14:00.696,57.294,-1,8,11,-61.89,1,0,0,1,1,1,1,1
2026-03-28 12:14:00.776,57.374,-1,8,11,-63.79,1,0,0,1,1,1,1,1
2026-03-28 12:14:00.856,57.455,-1,8,11,-63.45,1,0,0,1,1,1,1,1
2026-03-28 12:14:00.968,57.567,-1,8,11,-60.06,1,0,0,1,1,1,1,1
2026-03-28 12:14:01.000,57.598,-1,5,11,-63.97,1,0,0,1,1,1,1,1
2026-03-28 12:14:01.111,57.710,-1,8,11,-61.67,1,0,0,1,1,1,1,1
2026-03-28 12:14:01.256,57.855,-1,8,10,-61.97,1,0,0,1,1,1,1,1
2026-03-28 12:14:01.352,57.950,-1,8,11,-61.3,1,0,0,1,1,1,1,1
2026-03-28 12:14:01.353,57.952,-1,8,11,-62.88,1,0,0,1,1,1,1,1
2026-03-28 12:14:01.480,58.079,0,8,11,-63.93,1,0,0,1,1,1,1,1
2026-03-28 12:14:01.561,58.159,-1,5,11,-61.77,1,0,0,1,1,1,1,1
2026-03-28 12:14:01.640,58.238,-3,8,11,-60.81,1,0,0,1,1,1,1,1
2026-03-28 12:14:01.784,58.382,-1,5,11,-60.4,1,0,0,1,1,1,1,1
2026-03-28 12:14:01.849,58.447,-1,8,11,-61.06,1,0,0,1,1,1,1,1
2026-03-28 12:14:01.960,58.559,0,8,11,-62.23,1,0,0,1,1,1,1,1
2026-03-28 12:14:02.087,58.686,-3,8,11,-60.42,1,0,0,1,1,1,1,1
2026-03-28 12:14:02.121,58.719,0,8,11,-61.63,1,0,0,1,1,1,1,1
2026-03-28 12:14:02.232,58.831,-1,8,11,-63.52,1,0,0,1,1,1,1,1
2026-03-28 12:14:02.249,58.847,-1,8,11,-63.65,1,0,0,1,1,1,1,1
2026-03-28 12:14:02.328,58.926,-1,8,11,-63.5,1,0,0,1,1,1,1,1
2026-03-28 12:14:02.440,59.039,-1,8,11,-62.64,1,0,0,1,1,1,1,1
2026-03-28 12:14:02.489,59.087,-1,8,11,-64.48,1,0,0,1,1,1,1,1
2026-03-28 12:14:02.600,59.198,-1,8,11,-61.34,1,0,0,1,1,1,1,1
2026-03-28 12:14:02.632,59.230,0,5,11,-60.89,1,0,0,1,1,1,1,1
2026-03-28 12:14:02.728,59.326,0,8,11,-61.77,1,0,0,1,1,1,1,1
2026-03-28 12:14:02.792,59.390,-1,8,11,-64.4,1,0,0,1,1,1,1,1
2026-03-28 12:14:02.840,59.439,-1,8,11,-64.88,1,0,0,1,1,1,1,1
2026-03-28 12:14:02.952,59.550,-1,8,11,-61.27,1,0,0,1,1,1,1,1
2026-03-28 12:14:03.032,59.630,-1,8,11,-63.69,1,0,0,1,1,1,1,1
2026-03-28 12:14:03.080,59.679,-1,8,11,-67.14,1,0,0,1,1,1,1,1
2026-03-28 12:14:03.192,59.791,0,8,11,-59.48,1,0,0,1,1,1,1,1
2026-03-28 12:14:03.240,59.838,-4,8,11,-64.45,1,0,0,1,1,1,1,1
2026-03-28 12:14:03.336,59.934,-1,8,11,-63.26,1,0,0,1,1,1,1,1
2026-03-28 12:14:03.416,60.014,0,5,11,-60.95,1,0,0,1,1,1,1,1
2026-03-28 12:14:03.496,60.095,-2,8,11,-60.25,1,0,0,1,1,1,1,1
2026-03-28 12:14:03.560,60.158,-1,5,11,-63.86,1,0,0,1,1,1,1,1
2026-03-28 12:14:03.656,60.254,-1,8,11,-60.63,1,0,0,1,1,1,1,1
2026-03-28 12:14:03.768,60.367,-1,8,11,-62.4,1,0,0,1,1,1,1,1
2026-03-28 12:14:03.832,60.431,-1,8,11,-61.0,1,0,0,1,1,1,1,1
2026-03-28 12:14:03.944,60.543,-1,8,11,-63.09,1,0,0,1,1,1,1,1
2026-03-28 12:14:03.976,60.575,-1,8,11,-62.45,1,0,0,1,1,1,1,1
2026-03-28 12:14:04.072,60.670,-1,8,11,-64.3,1,0,0,1,1,1,1,1
2026-03-28 12:14:04.215,60.813,-1,8,11,-61.38,1,0,0,1,1,1,1,1
2026-03-28 12:14:04.281,60.879,-1,8,11,-63.32,1,0,0,1,1,1,1,1
2026-03-28 12:14:04.296,60.894,0,8,11,-61.39,1,0,0,1,1,1,1,1
2026-03-28 12:14:04.408,61.006,-1,8,11,-63.39,1,0,0,1,1,1,1,1
2026-03-28 12:14:04.504,61.102,-1,8,11,-62.62,1,0,0,1,1,1,1,1
2026-03-28 12:14:04.600,61.198,-1,8,11,-61.68,1,0,0,1,1,1,1,1
2026-03-28 12:14:04.665,61.263,-1,8,11,-61.28,1,0,0,1,1,1,1,1
2026-03-28 12:14:04.793,61.391,-1,8,11,-62.6,1,0,0,1,1,1,1,1
2026-03-28 12:14:04.824,61.423,-1,8,11,-60.27,1,0,0,1,1,1,1,1
2026-03-28 12:14:04.952,61.550,-1,8,11,-63.18,1,0,0,1,1,1,1,1
2026-03-28 12:14:05.032,61.630,-1,8,11,-62.96,1,0,0,1,1,1,1,1
2026-03-28 12:14:05.064,61.663,-1,8,11,-65.0,1,0,0,1,1,1,1,1
2026-03-28 12:14:05.160,61.758,-1,8,11,-61.59,1,0,0,1,1,1,1,1
2026-03-28 12:14:05.288,61.887,-1,8,11,-63.67,1,0,0,1,1,1,1,1
2026-03-28 12:14:05.368,61.966,-1,8,11,-61.34,1,0,0,1,1,1,1,1
2026-03-28 12:14:05.400,61.998,0,6,11,-60.89,1,0,0,1,1,1,1,1
2026-03-28 12:14:05.480,62.078,-1,8,11,-63.27,1,0,0,1,1,1,1,1
2026-03-28 12:14:05.560,62.158,-1,8,11,-59.1,1,0,0,1,1,1,1,1
2026-03-28 12:14:05.639,62.238,-1,8,11,-62.67,1,0,0,1,1,1,1,1
2026-03-28 12:14:05.832,62.430,-1,8,11,-60.38,1,0,0,1,1,1,1,1
2026-03-28 12:14:05.864,62.462,-1,8,11,-64.12,1,0,0,1,1,1,1,1
2026-03-28 12:14:05.975,62.574,-1,8,11,-62.59,1,0,0,1,1,1,1,1
2026-03-28 12:14:06.088,62.686,-1,8,11,-60.69,1,0,0,1,1,1,1,1
2026-03-28 12:14:06.152,62.750,-1,8,11,-62.04,1,0,0,1,1,1,1,1
2026-03-28 12:14:06.232,62.830,-1,8,11,-62.7,1,0,0,1,1,1,1,1
2026-03-28 12:14:06.312,62.910,-1,8,11,-61.96,1,0,0,1,1,1,1,1
2026-03-28 12:14:06.423,63.022,0,8,11,-62.18,1,0,0,1,1,1,1,1
2026-03-28 12:14:06.504,63.102,-1,5,11,-63.21,1,0,0,1,1,1,1,1
2026-03-28 12:14:06.600,63.198,-4,8,11,-63.21,1,0,0,1,1,1,1,1
2026-03-28 12:14:06.632,63.230,-3,8,11,-62.68,1,0,0,1,1,1,1,1
2026-03-28 12:14:06.744,63.342,-1,8,11,-63.19,1,0,0,1,1,1,1,1
2026-03-28 12:14:06.824,63.422,-1,8,11,-61.66,1,0,0,1,1,1,1,1
2026-03-28 12:14:06.904,63.503,0,8,11,-62.49,1,0,0,1,1,1,1,1
2026-03-28 12:14:07.000,63.598,0,6,11,-63.99,1,0,0,1,1,1,1,1
2026-03-28 12:14:07.095,63.693,-1,8,11,-66.01,1,0,0,1,1,1,1,1
2026-03-28 12:14:07.128,63.726,-1,8,8,-61.44,1,0,0,1,1,1,1,1
2026-03-28 12:14:07.256,63.854,0,8,9,-63.51,1,0,0,1,1,1,1,1
2026-03-28 12:14:07.303,63.902,0,8,11,-62.63,1,0,0,1,1,1,1,1
2026-03-28 12:14:07.400,63.998,-1,8,11,-63.31,1,0,0,1,1,1,1,1
2026-03-28 12:14:07.464,64.063,-1,5,11,-65.83,1,0,0,1,1,1,1,1
2026-03-28 12:14:07.544,64.142,-1,8,11,-61.75,1,0,0,1,1,1,1,1
2026-03-28 12:14:07.624,64.222,-1,5,11,-64.82,1,0,0,1,1,1,1,1
2026-03-28 12:14:07.704,64.302,0,8,11,-61.9,1,0,0,1,1,1,1,1
2026-03-28 12:14:07.816,64.414,0,8,11,-65.11,1,0,0,1,1,1,1,1
2026-03-28 12:14:07.864,64.463,-1,5,11,-59.83,1,0,0,1,1,1,1,1
2026-03-28 12:14:07.991,64.590,-1,8,11,-64.04,1,0,0,1,1,1,1,1
2026-03-28 12:14:08.056,64.654,-1,8,11,-65.4,1,0,0,1,1,1,1,1
2026-03-28 12:14:08.152,64.750,-1,8,11,-62.17,1,0,0,1,1,1,1,1
2026-03-28 12:14:08.264,64.862,-1,8,11,-62.89,1,0,0,1,1,1,1,1
2026-03-28 12:14:08.328,64.926,0,8,11,-63.54,1,0,0,1,1,1,1,1
2026-03-28 12:14:08.408,65.006,-1,8,11,-66.1,1,0,0,1,1,1,1,1
2026-03-28 12:14:08.520,65.118,-1,8,11,-64.39,1,0,0,1,1,1,1,1
2026-03-28 12:14:08.568,65.166,-1,8,11,-61.38,1,0,0,1,1,1,1,1
2026-03-28 12:14:08.696,65.294,-1,8,11,-67.18,1,0,0,1,1,1,1,1
2026-03-28 12:14:08.728,65.326,0,8,11,-63.57,1,0,0,1,1,1,1,1
2026-03-28 12:14:08.871,65.470,0,8,11,-63.63,1,0,0,1,1,1,1,1
2026-03-28 12:14:08.936,65.535,-1,8,11,-63.74,1,0,0,1,1,1,1,1
2026-03-28 12:14:09.000,65.598,-1,8,11,-63.34,1,0,0,1,1,1,1,1
2026-03-28 12:14:09.112,65.711,-1,5,11,-63.03,1,0,0,1,1,1,1,1
2026-03-28 12:14:09.143,65.742,-1,8,11,-62.43,1,0,0,1,1,1,1,1
2026-03-28 12:14:09.256,65.854,0,8,11,-61.97,1,0,0,1,1,1,1,1
2026-03-28 12:14:09.320,65.919,-1,8,11,-65.62,1,0,0,1,1,1,1,1
2026-03-28 12:14:09.352,65.950,-2,8,10,-62.51,1,0,0,1,1,1,1,1
2026-03-28 12:14:09.464,66.062,-1,8,11,-61.19,1,0,0,1,1,1,1,1
2026-03-28 12:14:09.496,66.094,-1,8,11,-64.72,1,0,0,1,1,1,1,1
2026-03-28 12:14:09.591,66.190,-1,8,11,-63.41,1,0,0,1,1,1,1,1
2026-03-28 12:14:09.768,66.366,0,8,11,-62.76,1,0,0,1,1,1,1,1
2026-03-28 12:14:09.784,66.383,0,8,11,-62.16,1,0,0,1,1,1,1,1
2026-03-28 12:14:09.895,66.494,-1,5,11,-62.48,1,0,0,1,1,1,1,1
2026-03-28 12:14:09.960,66.558,-1,8,10,-63.73,1,0,0,1,1,1,1,1
2026-03-28 12:14:10.088,66.686,-1,8,11,-66.23,1,0,0,1,1,1,1,1
2026-03-28 12:14:10.104,66.702,-1,6,11,-61.43,1,0,0,1,1,1,1,1
2026-03-28 12:14:10.216,66.814,-1,5,11,-65.21,1,0,0,1,1,1,1,1
2026-03-28 12:14:10.280,66.878,-1,8,11,-62.89,1,0,0,1,1,1,1,1
2026-03-28 12:14:10.343,66.942,0,8,11,-64.51,1,0,0,1,1,1,1,1
2026-03-28 12:14:10.440,67.039,0,8,11,-63.86,1,0,0,1,1,1,1,1
2026-03-28 12:14:10.520,67.119,0,9,11,-61.93,1,0,0,1,1,1,1,1
2026-03-28 12:14:10.616,67.214,-1,8,11,-63.11,1,0,0,1,1,1,1,1
2026-03-28 12:14:10.680,67.279,-1,8,11,-68.24,1,0,0,1,1,1,1,1
2026-03-28 12:14:10.776,67.375,-1,5,11,-62.01,1,0,0,1,1,1,1,1
2026-03-28 12:14:10.856,67.454,-1,9,10,-62.59,1,0,0,1,1,1,1,1
2026-03-28 12:14:10.952,67.550,-1,8,11,-65.02,1,0,0,1,1,1,1,1
2026-03-28 12:14:11.032,67.630,0,8,11,-64.03,1,0,0,1,1,1,1,1
2026-03-28 12:14:11.112,67.710,-1,8,11,-62.71,1,0,0,1,1,1,1,1
2026-03-28 12:14:11.208,67.806,-1,8,11,-63.65,1,0,0,1,1,1,1,1
2026-03-28 12:14:11.320,67.918,-1,8,11,-65.62,1,0,0,1,1,1,1,1
2026-03-28 12:14:11.351,67.949,-1,8,11,-64.86,1,0,0,1,1,1,1,1
2026-03-28 12:14:11.448,68.047,-1,8,11,-61.35,1,0,0,1,1,1,1,1
2026-03-28 12:14:11.512,68.110,-1,8,11,-63.4,1,0,0,1,1,1,1,1
2026-03-28 12:14:11.640,68.238,-1,8,11,-63.26,1,0,0,1,1,1,1,1
2026-03-28 12:14:11.704,68.302,-1,8,11,-64.85,1,0,0,1,1,1,1,1
2026-03-28 12:14:11.799,68.398,-1,8,11,-67.34,1,0,0,1,1,1,1,1
2026-03-28 12:14:11.864,68.462,-1,5,11,-63.37,1,0,0,1,1,1,1,1
2026-03-28 12:14:11.928,68.526,-1,8,11,-66.55,1,0,0,1,1,1,1,1
2026-03-28 12:14:12.056,68.655,0,8,11,-62.09,1,0,0,1,1,1,1,1
2026-03-28 12:14:12.088,68.686,-1,8,11,-62.52,1,0,0,1,1,1,1,1
2026-03-28 12:14:12.168,68.766,-1,8,11,-61.52,1,0,0,1,1,1,1,1
2026-03-28 12:14:12.296,68.894,-1,8,11,-63.96,1,0,0,1,1,1,1,1
2026-03-28 12:14:12.360,68.959,-1,8,11,-63.66,1,0,0,1,1,1,1,1
2026-03-28 12:14:12.423,69.022,0,8,11,-62.6,1,0,0,1,1,1,1,1
2026-03-28 12:14:12.536,69.134,-1,8,11,-62.38,1,0,0,1,1,1,1,1
2026-03-28 12:14:12.568,69.166,-1,8,11,-63.65,1,0,0,1,1,1,1,1
2026-03-28 12:14:12.664,69.262,-1,8,11,-61.69,1,0,0,1,1,1,1,1
2026-03-28 12:14:12.776,69.374,-1,8,11,-63.68,1,0,0,1,1,1,1,1
2026-03-28 12:14:12.840,69.438,0,8,11,-62.63,1,0,0,1,1,1,1,1
2026-03-28 12:14:12.936,69.534,-1,8,11,-62.59,1,0,0,1,1,1,1,1
2026-03-28 12:14:13.031,69.630,-1,8,11,-63.76,1,0,0,1,1,1,1,1
2026-03-28 12:14:13.096,69.694,-1,8,11,-64.97,1,0,0,1,1,1,1,1
2026-03-28 12:14:13.207,69.806,-1,8,11,-63.63,1,0,0,1,1,1,1,1
2026-03-28 12:14:13.239,69.838,0,8,11,-64.53,1,0,0,1,1,1,1,1
2026-03-28 12:14:13.319,69.918,-1,8,11,-65.0,1,0,0,1,1,1,1,1
2026-03-28 12:14:13.415,70.014,0,8,11,-63.6,1,0,0,1,1,1,1,1
2026-03-28 12:14:13.543,70.142,0,8,11,-59.85,1,0,0,1,1,1,1,1
2026-03-28 12:14:13.607,70.206,-1,8,11,-64.2,1,0,0,1,1,1,1,1
2026-03-28 12:14:13.672,70.270,-1,8,11,-65.15,1,0,0,1,1,1,1,1
2026-03-28 12:14:13.736,70.334,0,8,11,-64.45,1,0,0,1,1,1,1,1
2026-03-28 12:14:13.831,70.430,-1,8,11,-62.43,1,0,0,1,1,1,1,1
2026-03-28 12:14:13.895,70.494,-1,8,11,-67.29,1,0,0,1,1,1,1,1
2026-03-28 12:14:13.975,70.574,-1,5,11,-64.42,1,0,0,1,1,1,1,1
2026-03-28 12:14:14.072,70.670,-1,8,11,-63.99,1,0,0,1,1,1,1,1
2026-03-28 12:14:14.167,70.766,-1,8,11,-61.86,1,0,0,1,1,1,1,1
2026-03-28 12:14:14.264,70.862,0,8,11,-63.86,1,0,0,1,1,1,1,1
2026-03-28 12:14:14.328,70.926,-1,8,11,-62.1,1,0,0,1,1,1,1,1
2026-03-28 12:14:14.440,71.039,-1,8,11,-64.2,1,0,0,1,1,1,1,1
2026-03-28 12:14:14.536,71.134,-1,8,11,-64.67,1,0,0,1,1,1,1,1
2026-03-28 12:14:14.567,71.165,-1,8,11,-65.6,1,0,0,1,1,1,1,1
2026-03-28 12:14:14.680,71.278,-1,8,11,-63.81,1,0,0,1,1,1,1,1
2026-03-28 12:14:14.744,71.342,0,8,11,-65.38,1,0,0,1,1,1,1,1
2026-03-28 12:14:14.807,71.406,-1,8,11,-61.42,1,0,0,1,1,1,1,1
2026-03-28 12:14:14.887,71.486,-1,8,11,-66.44,1,0,0,1,1,1,1,1
2026-03-28 12:14:14.968,71.566,-1,8,11,-63.26,1,0,0,1,1,1,1,1
2026-03-28 12:14:15.064,71.662,-1,8,11,-65.29,1,0,0,1,1,1,1,1
2026-03-28 12:14:15.144,71.742,-1,8,11,-62.48,1,0,0,1,1,1,1,1
2026-03-28 12:14:15.223,71.821,0,8,11,-68.52,1,0,0,1,1,1,1,1
2026-03-28 12:14:15.303,71.902,-1,8,11,-65.49,1,0,0,1,1,1,1,1
2026-03-28 12:14:15.399,71.997,-1,8,11,-64.12,1,0,0,1,1,1,1,1
2026-03-28 12:14:15.463,72.062,-1,8,11,-63.52,1,0,0,1,1,1,1,1
2026-03-28 12:14:15.560,72.158,-1,8,8,-64.92,1,0,0,1,1,1,1,1
2026-03-28 12:14:15.623,72.222,-1,8,11,-65.35,1,0,0,1,1,1,1,1
2026-03-28 12:14:15.720,72.318,-1,8,11,-64.55,1,0,0,1,1,1,1,1
2026-03-28 12:14:15.831,72.429,-1,8,11,-65.83,1,0,0,1,1,1,1,1
2026-03-28 12:14:15.943,72.542,-1,8,11,-65.89,1,0,0,1,1,1,1,1
2026-03-28 12:14:15.959,72.558,0,8,11,-62.31,1,0,0,1,1,1,1,1
2026-03-28 12:14:16.088,72.686,-1,8,11,-62.41,1,0,0,1,1,1,1,1
2026-03-28 12:14:16.135,72.734,-1,8,11,-64.41,1,0,0,1,1,1,1,1
2026-03-28 12:14:16.216,72.814,0,9,11,-65.23,1,0,0,1,1,1,1,1
2026-03-28 12:14:16.296,72.894,-1,8,11,-66.15,1,0,0,1,1,1,1,1
2026-03-28 12:14:16.407,73.005,-1,8,11,-61.3,1,0,0,1,1,1,1,1
2026-03-28 12:14:16.455,73.054,-1,8,11,-68.12,1,0,0,1,1,1,1,1
2026-03-28 12:14:16.568,73.166,-1,8,11,-63.85,1,0,0,1,1,1,1,1
2026-03-28 12:14:16.664,73.262,-1,8,11,-63.08,1,0,0,1,1,1,1,1
2026-03-28 12:14:16.711,73.309,-1,7,11,-62.38,1,0,0,1,1,1,1,1
2026-03-28 12:14:16.776,73.374,-1,8,11,-68.08,1,0,0,1,1,1,1,1
2026-03-28 12:14:16.888,73.486,-1,8,11,-64.89,1,0,0,1,1,1,1,1
2026-03-28 12:14:17.032,73.630,-1,8,11,-62.31,1,0,0,1,1,1,1,1
2026-03-28 12:14:17.128,73.726,-1,8,11,-63.25,1,0,0,1,1,1,1,1
2026-03-28 12:14:17.160,73.758,0,8,11,-63.47,1,0,0,1,1,1,1,1
2026-03-28 12:14:17.223,73.822,-1,8,11,-63.95,1,0,0,1,1,1,1,1
2026-03-28 12:14:17.288,73.886,0,8,11,-65.84,1,0,0,1,1,1,1,1
2026-03-28 12:14:17.383,73.981,-1,8,11,-65.34,1,0,0,1,1,1,1,1
2026-03-28 12:14:17.463,74.062,-1,8,11,-62.31,1,0,0,1,1,1,1,1
2026-03-28 12:14:17.528,74.126,-1,8,8,-66.22,1,0,0,1,1,1,1,1
2026-03-28 12:14:17.656,74.254,-1,8,11,-63.07,1,0,0,1,1,1,1,1
2026-03-28 12:14:17.720,74.318,-1,8,11,-64.27,1,0,0,1,1,1,1,1
2026-03-28 12:14:17.816,74.414,-1,8,11,-65.14,1,0,0,1,1,1,1,1
2026-03-28 12:14:17.911,74.510,-1,8,11,-65.27,1,0,0,1,1,1,1,1
2026-03-28 12:14:17.959,74.558,-1,8,11,-64.68,1,0,0,1,1,1,1,1
2026-03-28 12:14:18.039,74.638,-1,8,11,-67.74,1,0,0,1,1,1,1,1
2026-03-28 12:14:18.167,74.765,-1,8,11,-63.85,1,0,0,1,1,1,1,1
2026-03-28 12:14:18.247,74.845,-3,8,11,-62.36,1,0,0,1,1,1,1,1
2026-03-28 12:14:18.279,74.878,-1,8,11,-63.9,1,0,0,1,1,1,1,1
2026-03-28 12:14:18.375,74.974,-1,8,11,-63.65,1,0,0,1,1,1,1,1
2026-03-28 12:14:18.472,75.070,-1,8,11,-64.76,1,0,0,1,1,1,1,1
2026-03-28 12:14:18.535,75.133,-3,8,11,-65.74,1,0,0,1,1,1,1,1
2026-03-28 12:14:18.616,75.214,-1,8,11,-62.85,1,0,0,1,1,1,1,1
2026-03-28 12:14:18.696,75.294,-1,8,11,-65.51,1,0,0,1,1,1,1,1
2026-03-28 12:14:18.791,75.390,-1,8,11,-65.32,1,0,0,1,1,1,1,1
2026-03-28 12:14:18.872,75.470,-1,8,11,-66.94,1,0,0,1,1,1,1,1
2026-03-28 12:14:18.968,75.566,-1,8,11,-64.1,1,0,0,1,1,1,1,1
2026-03-28 12:14:19.063,75.661,-1,8,11,-65.58,1,0,0,1,1,1,1,1
2026-03-28 12:14:19.111,75.710,-1,8,11,-62.61,1,0,0,1,1,1,1,1
2026-03-28 12:14:19.175,75.774,0,8,11,-68.34,1,0,0,1,1,1,1,1
2026-03-28 12:14:19.255,75.854,-1,8,11,-62.6,1,0,0,1,1,1,1,1
2026-03-28 12:14:19.383,75.981,0,8,11,-65.75,1,0,0,1,1,1,1,1
2026-03-28 12:14:19.431,76.029,0,8,11,-64.37,1,0,0,1,1,1,1,1
2026-03-28 12:14:19.496,76.094,-1,8,11,-67.68,1,0,0,1,1,1,1,1
2026-03-28 12:14:19.607,76.205,-1,8,11,-64.97,1,0,0,1,1,1,1,1
2026-03-28 12:14:19.703,76.302,-1,8,11,-64.67,1,0,0,1,1,1,1,1
2026-03-28 12:14:19.768,76.366,-1,8,11,-65.78,1,0,0,1,1,1,1,1
2026-03-28 12:14:19.880,76.478,-1,8,11,-65.21,1,0,0,1,1,1,1,1
2026-03-28 12:14:19.911,76.509,-3,8,11,-66.77,1,0,0,1,1,1,1,1
2026-03-28 12:14:20.023,76.622,-4,8,11,-65.47,1,0,0,1,1,1,1,1
2026-03-28 12:14:20.120,76.718,-1,8,11,-64.69,1,0,0,1,1,1,1,1
2026-03-28 12:14:20.215,76.814,-3,8,11,-67.38,1,0,0,1,1,1,1,1
2026-03-28 12:14:20.279,76.878,-1,8,11,-65.61,1,0,0,1,1,1,1,1
2026-03-28 12:14:20.343,76.941,-1,8,11,-65.48,1,0,0,1,1,1,1,1
2026-03-28 12:14:20.424,77.022,-1,8,11,-66.51,1,0,0,1,1,1,1,1
2026-03-28 12:14:20.488,77.086,0,8,11,-69.61,1,0,0,1,1,1,1,1
2026-03-28 12:14:20.615,77.214,-1,8,11,-64.1,1,0,0,1,1,1,1,1
2026-03-28 12:14:20.679,77.278,-1,8,11,-66.43,1,0,0,1,1,1,1,1
2026-03-28 12:14:20.792,77.390,-1,8,11,-63.53,1,0,0,1,1,1,1,1
2026-03-28 12:14:20.887,77.486,-1,8,11,-66.49,1,0,0,1,1,1,1,1
2026-03-28 12:14:20.967,77.566,-1,8,11,-70.06,1,0,0,1,1,1,1,1
2026-03-28 12:14:21.032,77.630,-1,8,11,-67.11,1,0,0,1,1,1,1,1
2026-03-28 12:14:21.080,77.678,0,8,11,-64.85,1,0,0,1,1,1,1,1
2026-03-28 12:14:21.159,77.758,-1,8,11,-66.31,1,0,0,1,1,1,1,1
2026-03-28 12:14:21.288,77.886,-1,8,11,-64.13,1,0,0,1,1,1,1,1
2026-03-28 12:14:21.351,77.949,-1,8,11,-64.26,1,0,0,1,1,1,1,1
2026-03-28 12:14:21.479,78.078,-1,8,11,-66.76,1,0,0,1,1,1,1,1
2026-03-28 12:14:21.527,78.125,0,9,11,-67.26,1,0,0,1,1,1,1,1
2026-03-28 12:14:21.639,78.237,-1,8,11,-66.39,1,0,0,1,1,1,1,1
2026-03-28 12:14:21.719,78.318,-1,8,11,-66.44,1,0,0,1,1,1,1,1
2026-03-28 12:14:21.783,78.382,-1,8,11,-65.34,1,0,0,1,1,1,1,1
2026-03-28 12:14:21.831,78.429,0,8,11,-69.16,1,0,0,1,1,1,1,1
2026-03-28 12:14:21.975,78.573,-1,8,11,-68.27,1,0,0,1,1,1,1,1
2026-03-28 12:14:21.991,78.589,-1,5,11,-63.11,1,0,0,1,1,1,1,1
2026-03-28 12:14:22.088,78.686,-1,8,11,-68.98,1,0,0,1,1,1,1,1
2026-03-28 12:14:22.247,78.846,-1,8,10,-66.36,1,0,0,1,1,1,1,1
2026-03-28 12:14:22.359,78.958,-1,8,13,-63.36,1,0,0,1,1,1,1,1
2026-03-28 12:14:22.471,79.069,-1,8,11,-65.16,1,0,0,1,1,1,1,1
2026-03-28 12:14:22.534,79.133,0,8,11,-65.36,1,0,0,1,1,1,1,1
2026-03-28 12:14:22.583,79.181,-1,8,11,-67.76,1,0,0,1,1,1,1,1
2026-03-28 12:14:22.727,79.325,-1,8,11,-67.29,1,0,0,1,1,1,1,1
2026-03-28 12:14:22.743,79.341,-1,8,11,-69.34,1,0,0,1,1,1,1,1
2026-03-28 12:14:22.791,79.390,-1,8,11,-68.98,1,0,0,1,1,1,1,1
2026-03-28 12:14:22.919,79.518,-1,8,11,-64.85,1,0,0,1,1,1,1,1
2026-03-28 12:14:22.999,79.598,0,8,11,-67.09,1,0,0,1,1,1,1,1
2026-03-28 12:14:23.063,79.662,-1,8,11,-64.32,1,0,0,1,1,1,1,1
2026-03-28 12:14:23.207,79.806,-1,8,11,-66.91,1,0,0,1,1,1,1,1
2026-03-28 12:14:23.287,79.886,-1,8,11,-65.14,1,0,0,1,1,1,1,1
2026-03-28 12:14:23.319,79.918,-1,8,11,-66.41,1,0,0,1,1,1,1,1
2026-03-28 12:14:23.447,80.045,0,8,11,-66.48,1,0,0,1,1,1,1,1
2026-03-28 12:14:23.479,80.077,-1,8,11,-67.58,1,0,0,1,1,1,1,1
2026-03-28 12:14:23.575,80.174,-1,8,11,-66.92,1,0,0,1,1,1,1,1
2026-03-28 12:14:23.655,80.254,-1,8,11,-65.25,1,0,0,1,1,1,1,1
2026-03-28 12:14:23.766,80.364,-1,8,11,-66.43,1,0,0,1,1,1,1,1
2026-03-28 12:14:23.800,80.398,-1,8,11,-66.55,1,0,0,1,1,1,1,1
2026-03-28 12:14:23.927,80.526,-3,8,11,-67.82,1,0,0,1,1,1,1,1
2026-03-28 12:14:23.991,80.590,-1,8,11,-66.13,1,0,0,1,1,1,1,1
2026-03-28 12:14:24.119,80.717,-1,5,11,-66.26,1,0,0,1,1,1,1,1
2026-03-28 12:14:24.167,80.765,0,8,11,-65.37,1,0,0,1,1,1,1,1
2026-03-28 12:14:24.263,80.862,-1,8,11,-66.29,1,0,0,1,1,1,1,1
2026-03-28 12:14:24.327,80.926,-1,9,11,-65.57,1,0,0,1,1,1,1,1
2026-03-28 12:14:24.423,81.022,-1,8,11,-68.16,1,0,0,1,1,1,1,1
2026-03-28 12:14:24.535,81.134,0,8,11,-66.33,1,0,0,1,1,1,1,1
2026-03-28 12:14:24.630,81.229,-1,8,11,-66.62,1,0,0,1,1,1,1,1
2026-03-28 12:14:24.678,81.277,-1,8,11,-67.84,1,0,0,1,1,1,1,1
2026-03-28 12:14:24.776,81.374,-1,8,11,-64.59,1,0,0,1,1,1,1,1
2026-03-28 12:14:24.871,81.469,0,6,11,-69.08,1,0,0,1,1,1,1,1
2026-03-28 12:14:24.903,81.501,-1,8,11,-68.18,1,0,0,1,1,1,1,1
2026-03-28 12:14:25.000,81.598,-1,8,11,-67.37,1,0,0,1,1,1,1,1
2026-03-28 12:14:25.095,81.693,-1,8,11,-68.05,1,0,0,1,1,1,1,1
2026-03-28 12:14:25.159,81.757,-1,8,11,-66.73,1,0,0,1,1,1,1,1
2026-03-28 12:14:25.271,81.869,-1,8,11,-67.77,1,0,0,1,1,1,1,1
2026-03-28 12:14:25.351,81.949,-1,8,11,-67.21,1,0,0,1,1,1,1,1
2026-03-28 12:14:25.431,82.029,-1,8,11,-67.0,1,0,0,1,1,1,1,1
2026-03-28 12:14:25.511,82.109,-1,8,11,-66.84,1,0,0,1,1,1,1,1
2026-03-28 12:14:25.575,82.173,0,7,11,-67.83,1,0,0,1,1,1,1,1
2026-03-28 12:14:25.655,82.253,-1,8,11,-64.47,1,0,0,1,1,1,1,1
2026-03-28 12:14:25.719,82.317,-1,8,11,-67.55,1,0,0,1,1,1,1,1
2026-03-28 12:14:25.830,82.429,-1,8,11,-65.86,1,0,0,1,1,1,1,1
2026-03-28 12:14:25.895,82.494,-1,7,11,-67.66,1,0,0,1,1,1,1,1
2026-03-28 12:14:25.959,82.557,-1,8,11,-67.69,1,0,0,1,1,1,1,1
2026-03-28 12:14:26.071,82.669,-1,8,11,-64.46,1,0,0,1,1,1,1,1
2026-03-28 12:14:26.135,82.734,-1,5,11,-67.61,1,0,0,1,1,1,1,1
2026-03-28 12:14:26.230,82.829,-1,8,11,-66.87,1,0,0,1,1,1,1,1
2026-03-28 12:14:26.279,82.878,0,8,11,-67.49,1,0,0,1,1,1,1,1
2026-03-28 12:14:26.455,83.054,-1,8,11,-65.94,1,0,0,1,1,1,1,1
2026-03-28 12:14:26.471,83.070,-1,8,11,-65.94,1,0,0,1,1,1,1,1
2026-03-28 12:14:26.519,83.118,-1,8,11,-67.33,1,0,0,1,1,1,1,1
2026-03-28 12:14:26.647,83.246,-3,8,11,-68.85,1,0,0,1,1,1,1,1
2026-03-28 12:14:26.742,83.341,-1,8,11,-64.18,1,0,0,1,1,1,1,1
2026-03-28 12:14:26.823,83.421,-1,8,11,-66.33,1,0,0,1,1,1,1,1
2026-03-28 12:14:26.935,83.533,-1,8,11,-67.68,1,0,0,1,1,1,1,1
2026-03-28 12:14:26.982,83.581,-1,8,11,-66.83,1,0,0,1,1,1,1,1
2026-03-28 12:14:27.079,83.677,-1,7,11,-67.23,1,0,0,1,1,1,1,1
2026-03-28 12:14:27.191,83.790,-1,8,11,-66.87,1,0,0,1,1,1,1,1
2026-03-28 12:14:27.255,83.854,-1,8,11,-65.61,1,0,0,1,1,1,1,1
2026-03-28 12:14:27.334,83.933,-1,8,11,-66.93,1,0,0,1,1,1,1,1
2026-03-28 12:14:27.383,83.981,-1,8,11,-64.31,1,0,0,1,1,1,1,1
2026-03-28 12:14:27.495,84.094,-1,8,11,-67.07,1,0,0,1,1,1,1,1
2026-03-28 12:14:27.574,84.173,0,8,11,-67.11,1,0,0,1,1,1,1,1
2026-03-28 12:14:27.623,84.221,-1,8,11,-68.32,1,0,0,1,1,1,1,1
2026-03-28 12:14:27.703,84.301,-1,5,11,-67.43,1,0,0,1,1,1,1,1
2026-03-28 12:14:27.767,84.365,-1,8,11,-69.63,1,0,0,1,1,1,1,1
2026-03-28 12:14:27.895,84.494,-1,8,11,-64.85,1,0,0,1,1,1,1,1
2026-03-28 12:14:27.943,84.541,-1,7,11,-64.18,1,0,0,1,1,1,1,1
2026-03-28 12:14:28.055,84.654,-1,8,11,-70.03,1,0,0,1,1,1,1,1
2026-03-28 12:14:28.151,84.749,-1,8,11,-66.39,1,0,0,1,1,1,1,1
2026-03-28 12:14:28.183,84.782,-1,8,11,-64.84,1,0,0,1,1,1,1,1
2026-03-28 12:14:28.311,84.910,-1,8,11,-65.11,1,0,0,1,1,1,1,1
2026-03-28 12:14:28.422,85.020,-1,8,11,-65.57,1,0,0,1,1,1,1,1
2026-03-28 12:14:28.471,85.069,0,5,11,-66.84,1,0,0,1,1,1,1,1
2026-03-28 12:14:28.535,85.133,-1,8,11,-66.71,1,0,0,1,1,1,1,1
2026-03-28 12:14:28.599,85.198,-1,8,11,-66.9,1,0,0,1,1,1,1,1
2026-03-28 12:14:28.695,85.293,-1,8,11,-66.43,1,0,0,1,1,1,1,1
2026-03-28 12:14:28.791,85.389,-1,8,11,-67.22,1,0,0,1,1,1,1,1
2026-03-28 12:14:28.919,85.517,-1,8,11,-67.51,1,0,0,1,1,1,1,1
2026-03-28 12:14:29.030,85.628,-1,8,11,-65.96,1,0,0,1,1,1,1,1
2026-03-28 12:14:29.094,85.693,-3,8,11,-63.78,1,0,0,1,1,1,1,1
2026-03-28 12:14:29.127,85.726,-1,8,11,-65.25,1,0,0,1,1,1,1,1
2026-03-28 12:14:29.206,85.805,-1,8,11,-69.51,1,0,0,1,1,1,1,1
2026-03-28 12:14:29.302,85.901,-1,8,11,-65.81,1,0,0,1,1,1,1,1
2026-03-28 12:14:29.383,85.982,-1,8,11,-66.7,1,0,0,1,1,1,1,1
2026-03-28 12:14:29.479,86.077,-1,9,9,-64.82,1,0,0,1,1,1,1,1
2026-03-28 12:14:29.511,86.109,-1,8,11,-66.39,1,0,0,1,1,1,1,1
2026-03-28 12:14:29.590,86.189,-1,8,11,-67.12,1,0,0,1,1,1,1,1
2026-03-28 12:14:29.654,86.253,-1,8,11,-67.95,1,0,0,1,1,1,1,1
2026-03-28 12:14:29.798,86.397,-1,8,11,-66.79,1,0,0,1,1,1,1,1
2026-03-28 12:14:29.831,86.429,-1,8,11,-65.46,1,0,0,1,1,1,1,1
2026-03-28 12:14:29.975,86.573,-1,8,11,-64.83,1,0,0,1,1,1,1,1
2026-03-28 12:14:30.039,86.637,-1,8,11,-64.56,1,0,0,1,1,1,1,1
2026-03-28 12:14:30.102,86.701,-1,8,11,-66.7,1,0,0,1,1,1,1,1
2026-03-28 12:14:30.167,86.765,-1,8,11,-66.66,1,0,0,1,1,1,1,1
2026-03-28 12:14:30.294,86.893,-1,8,11,-63.99,1,0,0,1,1,1,1,1
2026-03-28 12:14:30.342,86.941,-1,8,11,-67.78,1,0,0,1,1,1,1,1
2026-03-28 12:14:30.470,87.069,-1,8,11,-66.31,1,0,0,1,1,1,1,1
2026-03-28 12:14:30.502,87.101,-1,8,11,-66.27,1,0,0,1,1,1,1,1
2026-03-28 12:14:30.582,87.181,0,8,11,-65.42,1,0,0,1,1,1,1,1
2026-03-28 12:14:30.679,87.277,-1,8,11,-64.44,1,0,0,1,1,1,1,1
2026-03-28 12:14:30.727,87.326,-1,8,11,-69.68,1,0,0,1,1,1,1,1
2026-03-28 12:14:30.950,87.548,-1,8,11,-63.99,1,0,0,1,1,1,1,1
2026-03-28 12:14:30.999,87.597,-1,8,11,-63.81,1,0,0,1,1,1,1,1
2026-03-28 12:14:31.095,87.693,-1,8,11,-66.66,1,0,0,1,1,1,1,1
2026-03-28 12:14:31.175,87.773,-1,8,11,-65.95,1,0,0,1,1,1,1,1
2026-03-28 12:14:31.255,87.853,-1,8,11,-66.11,1,0,0,1,1,1,1,1
2026-03-28 12:14:31.318,87.917,-1,8,11,-67.87,1,0,0,1,1,1,1,1
2026-03-28 12:14:31.446,88.045,-1,8,11,-65.01,1,0,0,1,1,1,1,1
2026-03-28 12:14:31.495,88.093,-1,8,11,-66.32,1,0,0,1,1,1,1,1
2026-03-28 12:14:31.574,88.173,-1,8,11,-65.0,1,0,0,1,1,1,1,1
2026-03-28 12:14:31.639,88.237,-1,8,11,-65.43,1,0,0,1,1,1,1,1
2026-03-28 12:14:31.751,88.349,-1,8,11,-65.39,1,0,0,1,1,1,1,1
2026-03-28 12:14:31.815,88.413,-1,8,11,-63.86,1,0,0,1,1,1,1,1
2026-03-28 12:14:31.942,88.541,-1,8,11,-64.77,1,0,0,1,1,1,1,1
2026-03-28 12:14:32.006,88.605,-1,8,11,-65.19,1,0,0,1,1,1,1,1
2026-03-28 12:14:32.119,88.717,-1,8,11,-63.92,1,0,0,1,1,1,1,1
2026-03-28 12:14:32.134,88.733,-1,8,11,-67.32,1,0,0,1,1,1,1,1
2026-03-28 12:14:32.246,88.845,-1,8,11,-63.09,1,0,0,1,1,1,1,1
2026-03-28 12:14:32.309,88.908,-1,8,11,-66.5,1,0,0,1,1,1,1,1
2026-03-28 12:14:32.422,89.020,-1,8,11,-67.64,1,0,0,1,1,1,1,1
2026-03-28 12:14:32.486,89.084,-1,8,11,-66.51,1,0,0,1,1,1,1,1
2026-03-28 12:14:32.567,89.166,-1,8,11,-64.58,1,0,0,1,1,1,1,1
2026-03-28 12:14:32.694,89.293,-1,8,11,-62.49,1,0,0,1,1,1,1,1
2026-03-28 12:14:32.774,89.373,-1,8,11,-64.66,1,0,0,1,1,1,1,1
2026-03-28 12:14:32.886,89.485,-1,8,11,-66.06,1,0,0,1,1,1,1,1
2026-03-28 12:14:32.918,89.517,-1,8,11,-66.37,1,0,0,1,1,1,1,1
2026-03-28 12:14:32.967,89.565,-1,8,11,-67.23,1,0,0,1,1,1,1,1
2026-03-28 12:14:33.126,89.724,-3,8,11,-65.42,1,0,0,1,1,1,1,1
2026-03-28 12:14:33.190,89.789,-1,8,11,-63.99,1,0,0,1,1,1,1,1
2026-03-28 12:14:33.238,89.836,-1,8,11,-63.34,1,0,0,1,1,1,1,1
2026-03-28 12:14:33.302,89.901,-1,8,10,-67.52,1,0,0,1,1,1,1,1
2026-03-28 12:14:33.414,90.013,-1,8,11,-65.04,1,0,0,1,1,1,1,1
2026-03-28 12:14:33.478,90.077,-1,8,11,-65.62,1,0,0,1,1,1,1,1
2026-03-28 12:14:33.606,90.205,-1,8,11,-62.79,1,0,0,1,1,1,1,1
2026-03-28 12:14:33.622,90.221,-1,8,11,-66.56,1,0,0,1,1,1,1,1
2026-03-28 12:14:33.718,90.316,0,8,11,-64.81,1,0,0,1,1,1,1,1
2026-03-28 12:14:33.830,90.429,-1,8,11,-64.86,1,0,0,1,1,1,1,1
2026-03-28 12:14:33.910,90.509,-1,8,11,-63.55,1,0,0,1,1,1,1,1
2026-03-28 12:14:34.006,90.605,-1,8,11,-64.71,1,0,0,1,1,1,1,1
2026-03-28 12:14:34.054,90.653,0,8,11,-68.19,1,0,0,1,1,1,1,1
2026-03-28 12:14:34.182,90.781,-1,8,11,-65.48,1,0,0,1,1,1,1,1
2026-03-28 12:14:34.214,90.813,-1,8,11,-66.5,1,0,0,1,1,1,1,1
2026-03-28 12:14:34.326,90.925,-1,8,11,-66.23,1,0,0,1,1,1,1,1
2026-03-28 12:14:34.438,91.036,0,8,11,-68.98,1,0,0,1,1,1,1,1
2026-03-28 12:14:34.470,91.069,-1,8,11,-67.55,1,0,0,1,1,1,1,1
2026-03-28 12:14:34.549,91.148,-1,8,11,-68.25,1,0,0,1,1,1,1,1
2026-03-28 12:14:34.662,91.261,-1,8,11,-62.14,1,0,0,1,1,1,1,1
2026-03-28 12:14:34.774,91.373,-1,8,11,-64.97,1,0,0,1,1,1,1,1
2026-03-28 12:14:34.838,91.437,-1,8,11,-65.07,1,0,0,1,1,1,1,1
2026-03-28 12:14:34.951,91.549,-1,8,11,-67.2,1,0,0,1,1,1,1,1
2026-03-28 12:14:35.014,91.612,-1,8,11,-64.08,1,0,0,1,1,1,1,1
2026-03-28 12:14:35.079,91.677,-1,8,11,-65.45,1,0,0,1,1,1,1,1
2026-03-28 12:14:35.175,91.773,-1,8,11,-68.25,1,0,0,1,1,1,1,1
2026-03-28 12:14:35.206,91.805,-1,8,11,-69.5,1,0,0,1,1,1,1,1
2026-03-28 12:14:35.302,91.901,-1,8,11,-68.47,1,0,0,1,1,1,1,1
2026-03-28 12:14:35.398,91.996,-1,8,11,-65.52,1,0,0,1,1,1,1,1
2026-03-28 12:14:35.511,92.109,-1,8,11,-66.37,1,0,0,1,1,1,1,1
2026-03-28 12:14:35.542,92.141,-1,8,11,-65.44,1,0,0,1,1,1,1,1
2026-03-28 12:14:35.623,92.221,-1,8,11,-65.7,1,0,0,1,1,1,1,1
2026-03-28 12:14:35.718,92.316,-3,8,11,-65.95,1,0,0,1,1,1,1,1
2026-03-28 12:14:35.846,92.445,-1,8,11,-65.33,1,0,0,1,1,1,1,1
2026-03-28 12:14:35.942,92.541,-1,8,11,-66.81,1,0,0,1,1,1,1,1
2026-03-28 12:14:35.975,92.573,-1,8,11,-68.32,1,0,0,1,1,1,1,1
2026-03-28 12:14:36.039,92.637,-1,8,11,-65.96,1,0,0,1,1,1,1,1
2026-03-28 12:14:36.151,92.749,-1,8,11,-68.11,1,0,0,1,1,1,1,1
2026-03-28 12:14:36.215,92.813,-1,8,11,-64.02,1,0,0,1,1,1,1,1
2026-03-28 12:14:36.279,92.877,-1,8,11,-68.24,1,0,0,1,1,1,1,1
2026-03-28 12:14:36.342,92.941,-1,8,11,-65.13,1,0,0,1,1,1,1,1
2026-03-28 12:14:36.439,93.037,-1,8,11,-65.69,1,0,0,1,1,1,1,1
2026-03-28 12:14:36.551,93.149,-1,8,11,-62.73,1,0,0,1,1,1,1,1
2026-03-28 12:14:36.662,93.261,-1,8,11,-65.0,1,0,0,1,1,1,1,1
2026-03-28 12:14:36.710,93.309,-1,8,11,-63.8,1,0,0,1,1,1,1,1
2026-03-28 12:14:36.838,93.437,-1,8,11,-65.96,1,0,0,1,1,1,1,1
2026-03-28 12:14:36.934,93.533,-1,8,11,-65.34,1,0,0,1,1,1,1,1
2026-03-28 12:14:37.030,93.629,-1,8,11,-63.85,1,0,0,1,1,1,1,1
2026-03-28 12:14:37.046,93.645,-3,8,11,-65.9,1,0,0,1,1,1,1,1
2026-03-28 12:14:37.174,93.773,-1,8,11,-68.2,1,0,0,1,1,1,1,1
2026-03-28 12:14:37.254,93.853,-1,8,11,-65.79,1,0,0,1,1,1,1,1
2026-03-28 12:14:37.351,93.949,-1,8,11,-63.05,1,0,0,1,1,1,1,1
2026-03-28 12:14:37.430,94.029,-1,8,11,-64.68,1,0,0,1,1,1,1,1
2026-03-28 12:14:37.494,94.093,-1,8,11,-67.24,1,0,0,1,1,1,1,1
2026-03-28 12:14:37.590,94.189,-1,8,11,-66.57,1,0,0,1,1,1,1,1
2026-03-28 12:14:37.606,94.204,0,8,11,-65.5,1,0,0,1,1,1,1,1
2026-03-28 12:14:37.702,94.300,-1,8,11,-69.68,1,0,0,1,1,1,1,1
2026-03-28 12:14:37.831,94.429,-1,8,11,-66.66,1,0,0,1,1,1,1,1
2026-03-28 12:14:37.861,94.460,0,8,11,-64.69,1,0,0,1,1,1,1,1
2026-03-28 12:14:37.990,94.588,-1,8,11,-67.47,1,0,0,1,1,1,1,1
2026-03-28 12:14:38.070,94.669,-1,8,11,-67.25,1,0,0,1,1,1,1,1
2026-03-28 12:14:38.117,94.716,-3,8,11,-63.72,1,0,0,1,1,1,1,1
2026-03-28 12:14:38.198,94.796,0,8,11,-64.6,1,0,0,1,1,1,1,1
2026-03-28 12:14:38.262,94.860,-1,8,11,-67.16,1,0,0,1,1,1,1,1
2026-03-28 12:14:38.374,94.972,-1,8,11,-68.11,1,0,0,1,1,1,1,1
2026-03-28 12:14:38.438,95.036,-1,8,8,-64.35,1,0,0,1,1,1,1,1
2026-03-28 12:14:38.550,95.148,-1,8,11,-64.52,1,0,0,1,1,1,1,1
2026-03-28 12:14:38.646,95.245,-1,8,11,-65.1,1,0,0,1,1,1,1,1
2026-03-28 12:14:38.694,95.292,-1,8,11,-67.54,1,0,0,1,1,1,1,1
2026-03-28 12:14:38.791,95.389,-1,8,11,-67.7,1,0,0,1,1,1,1,1
2026-03-28 12:14:38.902,95.500,-4,8,11,-67.19,1,0,0,1,1,1,1,1
2026-03-28 12:14:38.966,95.565,-1,8,11,-66.64,1,0,0,1,1,1,1,1
2026-03-28 12:14:39.014,95.613,-1,8,11,-69.21,1,0,0,1,1,1,1,1
2026-03-28 12:14:39.111,95.709,-1,8,11,-69.06,1,0,0,1,1,1,1,1
2026-03-28 12:14:39.174,95.773,-1,8,11,-64.97,1,0,0,1,1,1,1,1
2026-03-28 12:14:39.301,95.900,-1,8,11,-68.12,1,0,0,1,1,1,1,1
2026-03-28 12:14:39.318,95.917,-1,8,11,-66.69,1,0,0,1,1,1,1,1
2026-03-28 12:14:39.414,96.012,-1,8,11,-65.13,1,0,0,1,1,1,1,1
2026-03-28 12:14:39.542,96.141,-1,8,11,-67.91,1,0,0,1,1,1,1,1
2026-03-28 12:14:39.590,96.189,-1,8,13,-65.12,1,0,0,1,1,1,1,1
2026-03-28 12:14:39.654,96.253,-1,8,11,-71.79,1,0,0,1,1,1,1,1
2026-03-28 12:14:39.734,96.332,-1,8,11,-64.43,1,0,0,1,1,1,1,1
2026-03-28 12:14:39.846,96.444,-1,8,11,-63.76,1,0,0,1,1,1,1,1
2026-03-28 12:14:39.942,96.541,-3,8,11,-68.7,1,0,0,1,1,1,1,1
2026-03-28 12:14:40.054,96.653,-1,8,11,-67.66,1,0,0,1,1,1,1,1
2026-03-28 12:14:40.102,96.700,-1,8,11,-67.1,1,0,0,1,1,1,1,1
2026-03-28 12:14:40.213,96.812,-3,8,11,-66.84,1,0,0,1,1,1,1,1
2026-03-28 12:14:40.310,96.908,-3,8,11,-64.95,1,0,0,1,1,1,1,1
2026-03-28 12:14:40.342,96.940,-1,8,11,-67.65,1,0,0,1,1,1,1,1
2026-03-28 12:14:40.422,97.020,-1,8,11,-71.19,1,0,0,1,1,1,1,1
2026-03-28 12:14:40.518,97.117,-1,8,11,-66.58,1,0,0,1,1,1,1,1
2026-03-28 12:14:40.582,97.181,-1,8,11,-69.01,1,0,0,1,1,1,1,1
2026-03-28 12:14:40.662,97.260,-1,8,11,-68.27,1,0,0,1,1,1,1,1
2026-03-28 12:14:40.742,97.340,-1,8,11,-70.01,1,0,0,1,1,1,1,1
2026-03-28 12:14:40.870,97.469,-1,8,11,-65.14,1,0,0,1,1,1,1,1
2026-03-28 12:14:40.918,97.517,-1,8,11,-66.68,1,0,0,1,1,1,1,1
2026-03-28 12:14:41.030,97.628,-1,8,11,-68.23,1,0,0,1,1,1,1,1
2026-03-28 12:14:41.094,97.693,-1,7,11,-66.69,1,0,0,1,1,1,1,1
2026-03-28 12:14:41.191,97.789,-1,8,11,-66.83,1,0,0,1,1,1,1,1
2026-03-28 12:14:41.286,97.884,-1,8,11,-69.44,1,0,0,1,1,1,1,1
2026-03-28 12:14:41.334,97.932,-1,8,11,-66.16,1,0,0,1,1,1,1,1
2026-03-28 12:14:41.398,97.997,-1,8,11,-68.59,1,0,0,1,1,1,1,1
2026-03-28 12:14:41.526,98.124,-1,8,11,-63.23,1,0,0,1,1,1,1,1
2026-03-28 12:14:41.558,98.157,-1,8,11,-68.16,1,0,0,1,1,1,1,1
2026-03-28 12:14:41.622,98.220,-1,8,11,-68.78,1,0,0,1,1,1,1,1
2026-03-28 12:14:41.735,98.333,-1,8,11,-68.19,1,0,0,1,1,1,1,1
2026-03-28 12:14:41.830,98.429,-1,8,11,-66.66,1,0,0,1,1,1,1,1
2026-03-28 12:14:41.894,98.492,-1,8,11,-66.62,1,0,0,1,1,1,1,1
2026-03-28 12:14:41.974,98.572,-1,8,11,-67.59,1,0,0,1,1,1,1,1
2026-03-28 12:14:42.054,98.653,0,8,11,-66.39,1,0,0,1,1,1,1,1
2026-03-28 12:14:42.135,98.733,-1,8,11,-67.19,1,0,0,1,1,1,1,1
2026-03-28 12:14:42.246,98.844,-1,8,11,-65.24,1,0,0,1,1,1,1,1
2026-03-28 12:14:42.342,98.941,-1,8,11,-68.55,1,0,0,1,1,1,1,1
2026-03-28 12:14:42.374,98.972,-1,8,11,-66.06,1,0,0,1,1,1,1,1
2026-03-28 12:14:42.470,99.068,-1,8,11,-66.76,1,0,0,1,1,1,1,1
2026-03-28 12:14:42.615,99.213,-1,8,11,-63.13,1,0,0,1,1,1,1,1
2026-03-28 12:14:42.646,99.245,-1,8,11,-69.46,1,0,0,1,1,1,1,1
2026-03-28 12:14:42.742,99.340,-1,8,11,-67.54,1,0,0,1,1,1,1,1
2026-03-28 12:14:42.837,99.436,-1,8,11,-65.59,1,0,0,1,1,1,1,1
2026-03-28 12:14:42.950,99.548,-1,8,11,-65.83,1,0,0,1,1,1,1,1
2026-03-28 12:14:43.030,99.628,-1,8,11,-68.2,1,0,0,1,1,1,1,1
2026-03-28 12:14:43.046,99.645,-1,8,11,-69.18,1,0,0,1,1,1,1,1
2026-03-28 12:14:43.190,99.789,-1,8,11,-68.17,1,0,0,1,1,1,1,1
2026-03-28 12:14:43.238,99.836,-1,8,11,-62.86,1,0,0,1,1,1,1,1
2026-03-28 12:14:43.286,99.884,-1,8,10,-67.16,1,0,0,1,1,1,1,1
2026-03-28 12:14:43.382,99.981,-1,8,11,-63.72,1,0,0,1,1,1,1,1
2026-03-28 12:14:43.477,100.076,-1,8,11,-64.37,1,0,0,1,1,1,1,1
2026-03-28 12:14:43.542,100.140,-1,8,11,-65.0,1,0,0,1,1,1,1,1
2026-03-28 12:14:43.654,100.252,-1,8,11,-67.5,1,0,0,1,1,1,1,1
2026-03-28 12:14:43.750,100.348,-1,8,11,-63.37,1,0,0,1,1,1,1,1
2026-03-28 12:14:43.814,100.412,-1,8,11,-62.97,1,0,0,1,1,1,1,1
2026-03-28 12:14:43.878,100.477,-1,8,11,-66.19,1,0,0,1,1,1,1,1
2026-03-28 12:14:44.006,100.604,-1,8,11,-65.97,1,0,0,1,1,1,1,1
2026-03-28 12:14:44.055,100.653,-1,8,11,-63.2,1,0,0,1,1,1,1,1
2026-03-28 12:14:44.151,100.749,-1,8,11,-64.45,1,0,0,1,1,1,1,1
2026-03-28 12:14:44.214,100.812,-1,8,11,-65.75,1,0,0,1,1,1,1,1
2026-03-28 12:14:44.327,100.925,-1,8,11,-66.56,1,0,0,1,1,1,1,1
2026-03-28 12:14:44.374,100.973,-1,8,12,-67.15,1,0,0,1,1,1,1,1
2026-03-28 12:14:44.454,101.052,-1,8,11,-63.6,1,0,0,1,1,1,1,1
2026-03-28 12:14:44.518,101.117,-1,8,11,-66.51,1,0,0,1,1,1,1,1
2026-03-28 12:14:44.598,101.197,-1,8,11,-64.48,1,0,0,1,1,1,1,1
2026-03-28 12:14:44.694,101.292,-1,8,11,-66.0,1,0,0,1,1,1,1,1
2026-03-28 12:14:44.790,101.389,-1,8,11,-64.37,1,0,0,1,1,1,1,1
2026-03-28 12:14:44.886,101.484,-1,8,11,-63.63,1,0,0,1,1,1,1,1
2026-03-28 12:14:44.950,101.549,-1,8,11,-65.28,1,0,0,1,1,1,1,1
2026-03-28 12:14:45.030,101.629,-1,8,11,-64.3,1,0,0,1,1,1,1,1
2026-03-28 12:14:45.126,101.724,-1,8,11,-64.45,1,0,0,1,1,1,1,1
2026-03-28 12:14:45.190,101.788,-1,8,11,-61.38,1,0,0,1,1,1,1,1
2026-03-28 12:14:45.318,101.917,-1,8,11,-65.46,1,0,0,1,1,1,1,1
2026-03-28 12:14:45.365,101.963,-1,8,11,-65.13,1,0,0,1,1,1,1,1
2026-03-28 12:14:45.478,102.077,-1,8,11,-63.36,1,0,0,1,1,1,1,1
2026-03-28 12:14:45.590,102.189,-1,8,11,-63.72,1,0,0,1,1,1,1,1
2026-03-28 12:14:45.638,102.237,-1,8,11,-66.54,1,0,0,1,1,1,1,1
2026-03-28 12:14:45.718,102.317,-1,8,11,-64.81,1,0,0,1,1,1,1,1
2026-03-28 12:14:45.862,102.460,-1,8,11,-66.21,1,0,0,1,1,1,1,1
2026-03-28 12:14:45.877,102.476,1,8,11,-65.06,1,0,0,1,1,1,1,1
2026-03-28 12:14:45.958,102.557,-1,8,11,-65.56,1,0,0,1,1,1,1,1
2026-03-28 12:14:46.054,102.653,-1,8,11,-64.24,1,0,0,1,1,1,1,1
2026-03-28 12:14:46.134,102.733,-1,8,11,-62.05,1,0,0,1,1,1,1,1
2026-03-28 12:14:46.213,102.811,-1,8,11,-64.54,1,0,0,1,1,1,1,1
2026-03-28 12:14:46.262,102.861,-1,8,11,-64.71,1,0,0,1,1,1,1,1
2026-03-28 12:14:46.389,102.988,-1,8,11,-66.99,1,0,0,1,1,1,1,1
2026-03-28 12:14:46.438,103.036,-1,8,11,-64.55,1,0,0,1,1,1,1,1
2026-03-28 12:14:46.502,103.100,-1,8,11,-65.11,1,0,0,1,1,1,1,1
2026-03-28 12:14:46.629,103.228,-1,8,11,-64.31,1,0,0,1,1,1,1,1
2026-03-28 12:14:46.693,103.292,-1,8,11,-62.8,1,0,0,1,1,1,1,1
2026-03-28 12:14:46.758,103.357,-1,8,11,-64.64,1,0,0,1,1,1,1,1
2026-03-28 12:14:46.854,103.453,-1,8,11,-64.84,1,0,0,1,1,1,1,1
2026-03-28 12:14:46.950,103.548,-1,8,11,-65.13,1,0,0,1,1,1,1,1
2026-03-28 12:14:47.014,103.613,-1,8,11,-67.05,1,0,0,1,1,1,1,1
2026-03-28 12:14:47.190,103.788,-1,8,11,-63.1,1,0,0,1,1,1,1,1
2026-03-28 12:14:47.237,103.836,-1,8,11,-63.31,1,0,0,1,1,1,1,1
2026-03-28 12:14:47.286,103.884,-1,8,11,-64.19,1,0,0,1,1,1,1,1
2026-03-28 12:14:47.350,103.948,-1,8,11,-65.06,1,0,0,1,1,1,1,1
2026-03-28 12:14:47.430,104.028,0,8,11,-64.67,1,0,0,1,1,1,1,1
2026-03-28 12:14:47.510,104.108,-1,8,11,-60.94,1,0,0,1,1,1,1,1
2026-03-28 12:14:47.574,104.172,-1,8,11,-63.98,1,0,0,1,1,1,1,1
2026-03-28 12:14:47.669,104.268,-1,8,11,-64.17,1,0,0,1,1,1,1,1
2026-03-28 12:14:47.766,104.364,-1,8,11,-64.84,1,0,0,1,1,1,1,1
2026-03-28 12:14:47.862,104.460,-1,8,11,-62.74,1,0,0,1,1,1,1,1
2026-03-28 12:14:47.926,104.525,-1,8,11,-64.99,1,0,0,1,1,1,1,1
2026-03-28 12:14:48.021,104.619,-1,8,11,-61.58,1,0,0,1,1,1,1,1
2026-03-28 12:14:48.149,104.748,-1,8,11,-64.11,1,0,0,1,1,1,1,1
2026-03-28 12:14:48.198,104.796,-1,8,11,-62.21,1,0,0,1,1,1,1,1
2026-03-28 12:14:48.261,104.860,-1,8,11,-66.83,1,0,0,1,1,1,1,1
2026-03-28 12:14:48.358,104.956,-1,8,11,-63.06,1,0,0,1,1,1,1,1
2026-03-28 12:14:48.485,105.084,-1,8,11,-63.71,1,0,0,1,1,1,1,1
2026-03-28 12:14:48.518,105.117,-1,8,11,-65.46,1,0,0,1,1,1,1,1
2026-03-28 12:14:48.597,105.196,-1,8,11,-65.55,1,0,0,1,1,1,1,1
2026-03-28 12:14:48.662,105.260,-1,8,11,-64.52,1,0,0,1,1,1,1,1
2026-03-28 12:14:48.742,105.340,-1,8,11,-63.01,1,0,0,1,1,1,1,1
2026-03-28 12:14:48.885,105.484,-1,8,11,-65.7,1,0,0,1,1,1,1,1
2026-03-28 12:14:48.918,105.517,-1,8,11,-63.43,1,0,0,1,1,1,1,1
2026-03-28 12:14:49.093,105.692,0,8,11,-65.81,1,0,0,1,1,1,1,1
2026-03-28 12:14:49.142,105.740,-1,8,11,-62.7,1,0,0,1,1,1,1,1
2026-03-28 12:14:49.238,105.836,-1,8,11,-64.94,1,0,0,1,1,1,1,1
2026-03-28 12:14:49.349,105.948,-1,8,11,-63.87,1,0,0,1,1,1,1,1
2026-03-28 12:14:49.446,106.044,-1,8,11,-63.39,1,0,0,1,1,1,1,1
2026-03-28 12:14:49.510,106.109,-1,8,11,-62.73,1,0,0,1,1,1,1,1
2026-03-28 12:14:49.559,106.157,-1,8,11,-65.84,1,0,0,1,1,1,1,1
2026-03-28 12:14:49.637,106.236,-1,8,11,-65.46,1,0,0,1,1,1,1,1
2026-03-28 12:14:49.734,106.333,-1,8,11,-63.19,1,0,0,1,1,1,1,1
2026-03-28 12:14:49.861,106.460,-1,8,11,-65.01,1,0,0,1,1,1,1,1
2026-03-28 12:14:49.958,106.557,-1,8,11,-65.7,1,0,0,1,1,1,1,1
2026-03-28 12:14:50.022,106.620,-1,8,11,-64.49,1,0,0,1,1,1,1,1
2026-03-28 12:14:50.118,106.717,-1,8,11,-63.88,1,0,0,1,1,1,1,1
2026-03-28 12:14:50.230,106.828,-1,7,11,-66.34,1,0,0,1,1,1,1,1
2026-03-28 12:14:50.246,106.845,-1,8,11,-65.93,1,0,0,1,1,1,1,1
2026-03-28 12:14:50.310,106.908,-1,8,11,-66.19,1,0,0,1,1,1,1,1
2026-03-28 12:14:50.406,107.004,-1,8,11,-65.86,1,0,0,1,1,1,1,1
2026-03-28 12:14:50.486,107.084,-1,8,11,-62.41,1,0,0,1,1,1,1,1
2026-03-28 12:14:50.566,107.164,-1,8,11,-64.34,1,0,0,1,1,1,1,1
2026-03-28 12:14:50.678,107.277,-1,8,11,-64.25,1,0,0,1,1,1,1,1
2026-03-28 12:14:50.758,107.356,-1,8,11,-63.83,1,0,0,1,1,1,1,1
2026-03-28 12:14:50.854,107.452,-1,8,11,-63.35,1,0,0,1,1,1,1,1
2026-03-28 12:14:50.902,107.500,0,8,11,-65.46,1,0,0,1,1,1,1,1
2026-03-28 12:14:51.029,107.627,-1,8,11,-64.89,1,0,0,1,1,1,1,1
2026-03-28 12:14:51.094,107.692,-1,8,11,-65.67,1,0,0,1,1,1,1,1
2026-03-28 12:14:51.206,107.804,0,8,11,-63.36,1,0,0,1,1,1,1,1
2026-03-28 12:14:51.237,107.836,-1,8,11,-65.65,1,0,0,1,1,1,1,1
2026-03-28 12:14:51.318,107.917,-1,10,11,-66.46,1,0,0,1,1,1,1,1
2026-03-28 12:14:51.446,108.044,-1,8,11,-67.47,1,0,0,1,1,1,1,1
2026-03-28 12:14:51.492,108.091,-1,8,8,-63.07,1,0,0,1,1,1,1,1
2026-03-28 12:14:51.637,108.236,-1,8,11,-62.85,1,0,0,1,1,1,1,1
2026-03-28 12:14:51.733,108.332,0,8,11,-64.81,1,0,0,1,1,1,1,1
2026-03-28 12:14:51.814,108.412,-1,8,11,-63.3,1,0,0,1,1,1,1,1
2026-03-28 12:14:51.893,108.492,-1,8,11,-64.3,1,0,0,1,1,1,1,1
2026-03-28 12:14:51.974,108.572,-1,8,11,-63.34,1,0,0,1,1,1,1,1
2026-03-28 12:14:52.085,108.684,0,8,11,-61.9,1,0,0,1,1,1,1,1
2026-03-28 12:14:52.181,108.780,-1,8,11,-62.79,1,0,0,1,1,1,1,1
2026-03-28 12:14:52.261,108.860,-1,8,11,-62.08,1,0,0,1,1,1,1,1
2026-03-28 12:14:52.326,108.924,-1,8,11,-64.37,1,0,0,1,1,1,1,1
2026-03-28 12:14:52.453,109.052,-1,8,11,-63.86,1,0,0,1,1,1,1,1
2026-03-28 12:14:52.533,109.132,-1,8,11,-61.84,1,0,0,1,1,1,1,1
2026-03-28 12:14:52.597,109.196,0,8,11,-62.98,1,0,0,1,1,1,1,1
2026-03-28 12:14:52.661,109.260,0,8,11,-66.42,1,0,0,1,1,1,1,1
2026-03-28 12:14:52.710,109.308,-1,8,11,-65.95,1,0,0,1,1,1,1,1
2026-03-28 12:14:52.870,109.468,-1,8,11,-63.82,1,0,0,1,1,1,1,1
2026-03-28 12:14:52.949,109.548,-1,8,11,-66.23,1,0,0,1,1,1,1,1
2026-03-28 12:14:52.981,109.580,-1,8,11,-61.91,1,0,0,1,1,1,1,1
2026-03-28 12:14:53.110,109.708,-1,8,11,-66.28,1,0,0,1,1,1,1,1
2026-03-28 12:14:53.141,109.740,-1,8,11,-65.82,1,0,0,1,1,1,1,1
2026-03-28 12:14:53.252,109.851,-1,8,11,-64.28,1,0,0,1,1,1,1,1
2026-03-28 12:14:53.365,109.964,-1,8,11,-65.65,1,0,0,1,1,1,1,1
2026-03-28 12:14:53.397,109.996,0,8,11,-64.53,1,0,0,1,1,1,1,1
2026-03-28 12:14:53.510,110.108,-1,8,11,-65.49,1,0,0,1,1,1,1,1
2026-03-28 12:14:53.588,110.187,-1,8,11,-65.25,1,0,0,1,1,1,1,1
2026-03-28 12:14:53.669,110.268,-1,8,11,-65.42,1,0,0,1,1,1,1,1
2026-03-28 12:14:53.718,110.316,-1,8,11,-62.56,1,0,0,1,1,1,1,1
2026-03-28 12:14:53.781,110.380,-1,8,11,-64.58,1,0,0,1,1,1,1,1
2026-03-28 12:14:53.878,110.476,-1,8,11,-64.46,1,0,0,1,1,1,1,1
2026-03-28 12:14:53.988,110.587,-1,8,11,-64.52,1,0,0,1,1,1,1,1
2026-03-28 12:14:54.069,110.668,-1,8,11,-65.41,1,0,0,1,1,1,1,1
2026-03-28 12:14:54.118,110.717,-1,8,11,-62.45,1,0,0,1,1,1,1,1
2026-03-28 12:14:54.230,110.828,-1,8,11,-65.44,1,0,0,1,1,1,1,1
2026-03-28 12:14:54.342,110.940,-1,8,11,-63.74,1,0,0,1,1,1,1,1
2026-03-28 12:14:54.390,110.988,-1,8,11,-63.97,1,0,0,1,1,1,1,1
2026-03-28 12:14:54.437,111.035,-1,8,11,-65.26,1,0,0,1,1,1,1,1
2026-03-28 12:14:54.518,111.117,-1,8,11,-64.19,1,0,0,1,1,1,1,1
2026-03-28 12:14:54.645,111.244,-1,8,11,-65.47,1,0,0,1,1,1,1,1
2026-03-28 12:14:54.693,111.292,-1,8,11,-64.03,1,0,0,1,1,1,1,1
2026-03-28 12:14:54.774,111.372,-1,8,11,-63.42,1,0,0,1,1,1,1,1
2026-03-28 12:14:54.885,111.483,-1,8,11,-66.32,1,0,0,1,1,1,1,1
2026-03-28 12:14:54.934,111.532,-1,8,11,-64.73,1,0,0,1,1,1,1,1
2026-03-28 12:14:55.029,111.628,-1,8,11,-63.06,1,0,0,1,1,1,1,1
2026-03-28 12:14:55.142,111.740,0,8,11,-64.39,1,0,0,1,1,1,1,1
2026-03-28 12:14:55.205,111.804,-1,8,11,-64.54,1,0,0,1,1,1,1,1
2026-03-28 12:14:55.285,111.884,0,8,11,-63.2,1,0,0,1,1,1,1,1
2026-03-28 12:14:55.365,111.964,-1,8,11,-64.35,1,0,0,1,1,1,1,1
2026-03-28 12:14:55.429,112.028,0,8,11,-64.83,1,0,0,1,1,1,1,1
2026-03-28 12:14:55.541,112.139,-1,8,11,-66.5,1,0,0,1,1,1,1,1
2026-03-28 12:14:55.622,112.220,-1,8,11,-61.05,1,0,0,1,1,1,1,1
2026-03-28 12:14:55.718,112.316,-1,8,11,-64.46,1,0,0,1,1,1,1,1
2026-03-28 12:14:55.766,112.364,-1,8,11,-63.26,1,0,0,1,1,1,1,1
2026-03-28 12:14:55.845,112.444,-1,8,10,-65.72,1,0,0,1,1,1,1,1
2026-03-28 12:14:55.925,112.523,-1,8,11,-62.9,1,0,0,1,1,1,1,1
2026-03-28 12:14:56.086,112.684,-1,8,11,-62.55,1,0,0,1,1,1,1,1
2026-03-28 12:14:56.134,112.732,-1,8,11,-64.21,1,0,0,1,1,1,1,1
2026-03-28 12:14:56.197,112.796,0,8,11,-66.12,1,0,0,1,1,1,1,1
2026-03-28 12:14:56.261,112.860,-1,8,11,-65.57,1,0,0,1,1,1,1,1
2026-03-28 12:14:56.374,112.972,-1,8,11,-63.64,1,0,0,1,1,1,1,1
2026-03-28 12:14:56.453,113.052,-1,8,11,-61.83,1,0,0,1,1,1,1,1
2026-03-28 12:14:56.533,113.131,-1,8,11,-66.05,1,0,0,1,1,1,1,1
2026-03-28 12:14:56.630,113.228,-1,8,11,-65.97,1,0,0,1,1,1,1,1
2026-03-28 12:14:56.710,113.308,-1,8,11,-66.44,1,0,0,1,1,1,1,1
2026-03-28 12:14:56.806,113.404,-1,8,11,-63.87,1,0,0,1,1,1,1,1
2026-03-28 12:14:56.902,113.500,0,8,11,-62.21,1,0,0,1,1,1,1,1
2026-03-28 12:14:56.981,113.580,-1,8,11,-63.13,1,0,0,1,1,1,1,1
2026-03-28 12:14:57.046,113.644,-1,8,11,-65.02,1,0,0,1,1,1,1,1
2026-03-28 12:14:57.125,113.723,0,8,11,-67.42,1,0,0,1,1,1,1,1
2026-03-28 12:14:57.189,113.788,-1,8,11,-67.39,1,0,0,1,1,1,1,1
2026-03-28 12:14:57.302,113.900,-1,8,11,-63.93,1,0,0,1,1,1,1,1
2026-03-28 12:14:57.365,113.963,-2,8,11,-64.71,1,0,0,1,1,1,1,1
2026-03-28 12:14:57.461,114.059,-1,8,11,-65.15,1,0,0,1,1,1,1,1
2026-03-28 12:14:57.573,114.171,-1,8,11,-62.46,1,0,0,1,1,1,1,1
2026-03-28 12:14:57.653,114.251,0,8,11,-62.13,1,0,0,1,1,1,1,1
2026-03-28 12:14:57.749,114.348,-1,8,11,-65.59,1,0,0,1,1,1,1,1
2026-03-28 12:14:57.861,114.460,-1,8,11,-66.65,1,0,0,1,1,1,1,1
2026-03-28 12:14:57.925,114.523,-1,8,11,-64.14,1,0,0,1,1,1,1,1
2026-03-28 12:14:57.957,114.556,-1,8,11,-62.51,1,0,0,1,1,1,1,1
2026-03-28 12:14:58.037,114.636,-1,8,11,-66.84,1,0,0,1,1,1,1,1
2026-03-28 12:14:58.165,114.763,-1,8,11,-64.12,1,0,0,1,1,1,1,1
2026-03-28 12:14:58.214,114.812,-1,8,11,-63.7,1,0,0,1,1,1,1,1
2026-03-28 12:14:58.326,114.924,-1,8,11,-63.4,1,0,0,1,1,1,1,1
2026-03-28 12:14:58.405,115.004,-1,8,11,-65.55,1,0,0,1,1,1,1,1
2026-03-28 12:14:58.453,115.051,-1,8,11,-62.52,1,0,0,1,1,1,1,1
2026-03-28 12:14:58.534,115.132,-1,8,11,-66.13,1,0,0,1,1,1,1,1
2026-03-28 12:14:58.629,115.228,-1,8,11,-65.34,1,0,0,1,1,1,1,1
2026-03-28 12:14:58.677,115.276,-1,8,11,-67.95,1,0,0,1,1,1,1,1
2026-03-28 12:14:58.773,115.371,-1,8,11,-66.3,1,0,0,1,1,1,1,1
2026-03-28 12:14:58.805,115.403,-1,8,11,-66.23,1,0,0,1,1,1,1,1
2026-03-28 12:14:58.901,115.499,-1,8,11,-65.62,1,0,0,1,1,1,1,1
2026-03-28 12:14:58.998,115.596,-1,8,11,-65.79,1,0,0,1,1,1,1,1
2026-03-28 12:14:59.093,115.692,-1,8,11,-62.33,1,0,0,1,1,1,1,1
2026-03-28 12:14:59.189,115.788,-1,8,11,-66.61,1,0,0,1,1,1,1,1
2026-03-28 12:14:59.237,115.836,-1,8,11,-66.76,1,0,0,1,1,1,1,1
2026-03-28 12:14:59.318,115.916,-1,8,11,-64.38,1,0,0,1,1,1,1,1
2026-03-28 12:14:59.397,115.996,-1,8,11,-63.63,1,0,0,1,1,1,1,1
2026-03-28 12:14:59.461,116.059,-1,8,11,-66.9,1,0,0,1,1,1,1,1
2026-03-28 12:14:59.605,116.203,-1,8,11,-63.89,1,0,0,1,1,1,1,1
2026-03-28 12:14:59.653,116.251,-1,8,11,-67.06,1,0,0,1,1,1,1,1
2026-03-28 12:14:59.782,116.380,0,8,11,-64.18,1,0,0,1,1,1,1,1
2026-03-28 12:14:59.829,116.427,-1,8,11,-66.33,1,0,0,1,1,1,1,1
2026-03-28 12:14:59.893,116.491,-1,8,11,-67.25,1,0,0,1,1,1,1,1
2026-03-28 12:15:00.021,116.619,-1,8,11,-65.72,1,0,0,1,1,1,1,1
2026-03-28 12:15:00.101,116.699,-1,8,11,-65.27,1,0,0,1,1,1,1,1
2026-03-28 12:15:00.149,116.747,-1,8,11,-68.09,1,0,0,1,1,1,1,1
2026-03-28 12:15:00.245,116.843,-1,8,11,-67.62,1,0,0,1,1,1,1,1
2026-03-28 12:15:00.341,116.939,0,8,11,-66.74,1,0,0,1,1,1,1,1
2026-03-28 12:15:00.452,117.051,-1,10,11,-62.68,1,0,0,1,1,1,1,1
2026-03-28 12:15:00.501,117.099,-1,5,11,-66.22,1,0,0,1,1,1,1,1
2026-03-28 12:15:00.597,117.196,-1,8,11,-65.03,1,0,0,1,1,1,1,1
2026-03-28 12:15:00.645,117.243,-1,8,11,-68.31,1,0,0,1,1,1,1,1
2026-03-28 12:15:00.756,117.355,0,8,11,-67.65,1,0,0,1,1,1,1,1
2026-03-28 12:15:00.852,117.450,-1,8,11,-67.53,1,0,0,1,1,1,1,1
2026-03-28 12:15:00.964,117.563,-1,8,8,-67.98,1,0,0,1,1,1,1,1
2026-03-28 12:15:00.981,117.579,-1,8,11,-65.36,1,0,0,1,1,1,1,1
2026-03-28 12:15:01.061,117.659,0,8,11,-67.59,1,0,0,1,1,1,1,1
2026-03-28 12:15:01.173,117.771,-1,8,11,-66.68,1,0,0,1,1,1,1,1
2026-03-28 12:15:01.221,117.819,-1,8,11,-66.32,1,0,0,1,1,1,1,1
2026-03-28 12:15:01.317,117.916,-1,8,10,-63.96,1,0,0,1,1,1,1,1
2026-03-28 12:15:01.397,117.996,-1,8,11,-65.35,1,0,0,1,1,1,1,1
2026-03-28 12:15:01.509,118.107,-1,8,11,-67.91,1,0,0,1,1,1,1,1
2026-03-28 12:15:01.573,118.172,-1,8,11,-65.4,1,0,0,1,1,1,1,1
2026-03-28 12:15:01.653,118.251,-1,8,11,-65.33,1,0,0,1,1,1,1,1
2026-03-28 12:15:01.718,118.316,-1,8,11,-66.89,1,0,0,1,1,1,1,1
2026-03-28 12:15:01.813,118.411,0,8,11,-67.66,1,0,0,1,1,1,1,1
2026-03-28 12:15:01.925,118.524,-1,8,11,-68.72,1,0,0,1,1,1,1,1
2026-03-28 12:15:01.988,118.587,-1,8,11,-65.68,1,0,0,1,1,1,1,1
2026-03-28 12:15:02.021,118.619,-1,8,11,-68.5,1,0,0,1,1,1,1,1
2026-03-28 12:15:02.118,118.716,-1,8,11,-65.48,1,0,0,1,1,1,1,1
2026-03-28 12:15:02.277,118.875,-1,8,11,-67.06,1,0,0,1,1,1,1,1
2026-03-28 12:15:02.293,118.891,-1,8,11,-64.16,1,0,0,1,1,1,1,1
2026-03-28 12:15:02.389,118.987,-1,8,11,-67.09,1,0,0,1,1,1,1,1
2026-03-28 12:15:02.453,119.051,-1,8,11,-67.77,1,0,0,1,1,1,1,1
2026-03-28 12:15:02.597,119.195,-1,8,11,-66.94,1,0,0,1,1,1,1,1
2026-03-28 12:15:02.629,119.228,-1,8,11,-63.64,1,0,0,1,1,1,1,1
2026-03-28 12:15:02.741,119.339,-4,8,11,-65.62,1,0,0,1,1,1,1,1
2026-03-28 12:15:02.805,119.403,-2,8,11,-67.14,1,0,0,1,1,1,1,1
2026-03-28 12:15:02.932,119.530,-1,8,11,-65.29,1,0,0,1,1,1,1,1
2026-03-28 12:15:03.013,119.611,-1,8,11,-66.68,1,0,0,1,1,1,1,1
2026-03-28 12:15:03.077,119.676,-1,8,11,-66.1,1,0,0,1,1,1,1,1
2026-03-28 12:15:03.189,119.788,-1,8,11,-67.81,1,0,0,1,1,1,1,1
2026-03-28 12:15:03.286,119.884,-1,8,11,-66.15,1,0,0,1,1,1,1,1
2026-03-28 12:15:03.302,119.900,-1,8,11,-66.25,1,0,0,1,1,1,1,1
2026-03-28 12:15:03.428,120.027,0,8,11,-70.13,1,0,0,1,1,1,1,1
2026-03-28 12:15:03.492,120.091,-1,8,11,-66.68,1,0,0,1,1,1,1,1
2026-03-28 12:15:03.572,120.170,-1,8,11,-66.26,1,0,0,1,1,1,1,1
2026-03-28 12:15:03.637,120.235,-1,8,11,-67.34,1,0,0,1,1,1,1,1
2026-03-28 12:15:03.733,120.331,-1,8,11,-66.52,1,0,0,1,1,1,1,1
2026-03-28 12:15:03.780,120.379,-1,8,11,-66.69,1,0,0,1,1,1,1,1
2026-03-28 12:15:03.860,120.459,-1,8,11,-68.14,1,0,0,1,1,1,1,1
2026-03-28 12:15:03.957,120.555,-1,8,11,-68.19,1,0,0,1,1,1,1,1
2026-03-28 12:15:04.005,120.603,0,5,11,-63.18,1,0,0,1,1,1,1,1
2026-03-28 12:15:04.117,120.716,-3,8,11,-66.07,1,0,0,1,1,1,1,1
2026-03-28 12:15:04.229,120.828,-1,8,11,-66.46,1,0,0,1,1,1,1,1
2026-03-28 12:15:04.325,120.924,-1,8,11,-65.72,1,0,0,1,1,1,1,1
2026-03-28 12:15:04.404,121.003,-1,8,11,-66.01,1,0,0,1,1,1,1,1
2026-03-28 12:15:04.453,121.052,-1,8,11,-66.24,1,0,0,1,1,1,1,1
2026-03-28 12:15:04.565,121.163,-1,8,11,-65.44,1,0,0,1,1,1,1,1
2026-03-28 12:15:04.661,121.259,-1,8,11,-65.61,1,0,0,1,1,1,1,1
2026-03-28 12:15:04.725,121.323,-1,8,11,-64.36,1,0,0,1,1,1,1,1
2026-03-28 12:15:04.820,121.419,-1,8,11,-67.14,1,0,0,1,1,1,1,1
2026-03-28 12:15:04.885,121.483,-1,8,8,-65.7,1,0,0,1,1,1,1,1
2026-03-28 12:15:04.997,121.595,-1,8,11,-63.36,1,0,0,1,1,1,1,1
2026-03-28 12:15:05.045,121.644,-1,8,11,-62.23,1,0,0,1,1,1,1,1
2026-03-28 12:15:05.109,121.707,-1,8,11,-63.34,1,0,0,1,1,1,1,1
2026-03-28 12:15:05.173,121.771,-1,8,11,-64.67,1,0,0,1,1,1,1,1
2026-03-28 12:15:05.285,121.884,-1,8,11,-63.67,1,0,0,1,1,1,1,1
2026-03-28 12:15:05.413,122.011,-1,8,11,-63.07,1,0,0,1,1,1,1,1
2026-03-28 12:15:05.461,122.059,-1,8,11,-64.25,1,0,0,1,1,1,1,1
2026-03-28 12:15:05.509,122.108,-1,8,11,-67.11,1,0,0,1,1,1,1,1
2026-03-28 12:15:05.604,122.203,-1,8,11,-62.59,1,0,0,1,1,1,1,1
2026-03-28 12:15:05.733,122.331,-1,8,11,-64.46,1,0,0,1,1,1,1,1
2026-03-28 12:15:05.765,122.363,-1,8,11,-63.75,1,0,0,1,1,1,1,1
2026-03-28 12:15:05.877,122.475,-1,8,11,-63.22,1,0,0,1,1,1,1,1
2026-03-28 12:15:06.004,122.603,-1,8,11,-63.69,1,0,0,1,1,1,1,1
2026-03-28 12:15:06.053,122.651,-1,8,11,-64.52,1,0,0,1,1,1,1,1
2026-03-28 12:15:06.149,122.748,-1,8,11,-65.09,1,0,0,1,1,1,1,1
2026-03-28 12:15:06.229,122.827,-1,8,11,-66.7,1,0,0,1,1,1,1,1
2026-03-28 12:15:06.340,122.939,-1,8,11,-65.38,1,0,0,1,1,1,1,1
2026-03-28 12:15:06.420,123.018,0,8,11,-64.86,1,0,0,1,1,1,1,1
2026-03-28 12:15:06.517,123.116,-1,8,11,-66.09,1,0,0,1,1,1,1,1
2026-03-28 12:15:06.597,123.196,-1,8,11,-63.61,1,0,0,1,1,1,1,1
2026-03-28 12:15:06.693,123.291,-1,8,11,-64.8,1,0,0,1,1,1,1,1
2026-03-28 12:15:06.757,123.355,-1,8,11,-66.05,1,0,0,1,1,1,1,1
2026-03-28 12:15:06.804,123.403,-1,8,11,-64.1,1,0,0,1,1,1,1,1
2026-03-28 12:15:06.901,123.499,-1,8,11,-63.69,1,0,0,1,1,1,1,1
2026-03-28 12:15:07.028,123.627,-1,8,11,-62.52,1,0,0,1,1,1,1,1
2026-03-28 12:15:07.108,123.707,-1,8,11,-63.18,1,0,0,1,1,1,1,1
2026-03-28 12:15:07.204,123.803,0,8,11,-63.77,1,0,0,1,1,1,1,1
2026-03-28 12:15:07.301,123.899,-1,8,11,-64.11,1,0,0,1,1,1,1,1
2026-03-28 12:15:07.381,123.979,-1,8,11,-64.24,1,0,0,1,1,1,1,1
2026-03-28 12:15:07.429,124.027,-1,10,10,-64.92,1,0,0,1,1,1,1,1
2026-03-28 12:15:07.477,124.075,-1,8,11,-66.05,1,0,0,1,1,1,1,1
2026-03-28 12:15:07.604,124.203,-1,8,11,-64.51,1,0,0,1,1,1,1,1
2026-03-28 12:15:07.717,124.315,-1,8,11,-62.99,1,0,0,1,1,1,1,1
2026-03-28 12:15:07.781,124.379,0,8,11,-64.94,1,0,0,1,1,1,1,1
2026-03-28 12:15:07.877,124.476,-1,8,11,-64.98,1,0,0,1,1,1,1,1
2026-03-28 12:15:07.893,124.491,-1,8,11,-62.57,1,0,0,1,1,1,1,1
2026-03-28 12:15:08.036,124.635,-1,8,11,-66.06,1,0,0,1,1,1,1,1
2026-03-28 12:15:08.053,124.652,-1,8,8,-64.56,1,0,0,1,1,1,1,1
2026-03-28 12:15:08.148,124.746,-1,8,11,-64.08,1,0,0,1,1,1,1,1
2026-03-28 12:15:08.212,124.811,0,8,8,-64.11,1,0,0,1,1,1,1,1
2026-03-28 12:15:08.245,124.843,-1,7,11,-65.41,1,0,0,1,1,1,1,1
2026-03-28 12:15:08.325,124.923,-1,8,11,-65.93,1,0,0,1,1,1,1,1
2026-03-28 12:15:08.421,125.019,-1,8,11,-64.56,1,0,0,1,1,1,1,1
2026-03-28 12:15:08.484,125.083,-1,8,11,-62.0,1,0,0,1,1,1,1,1
2026-03-28 12:15:08.565,125.163,-1,8,11,-62.17,1,0,0,1,1,1,1,1
2026-03-28 12:15:08.725,125.323,-1,8,11,-64.53,1,0,0,1,1,1,1,1
2026-03-28 12:15:08.756,125.355,-1,8,11,-62.87,1,0,0,1,1,1,1,1
2026-03-28 12:15:08.820,125.419,-1,8,11,-63.05,1,0,0,1,1,1,1,1
2026-03-28 12:15:08.916,125.515,-1,8,11,-63.4,1,0,0,1,1,1,1,1
2026-03-28 12:15:09.013,125.611,-1,8,11,-63.1,1,0,0,1,1,1,1,1
2026-03-28 12:15:09.077,125.675,-1,8,11,-63.9,1,0,0,1,1,1,1,1
2026-03-28 12:15:09.141,125.739,-1,8,10,-64.61,1,0,0,1,1,1,1,1
2026-03-28 12:15:09.237,125.835,0,8,11,-63.64,1,0,0,1,1,1,1,1
2026-03-28 12:15:09.348,125.946,0,8,11,-63.85,1,0,0,1,1,1,1,1
2026-03-28 12:15:09.380,125.979,-1,8,11,-64.98,1,0,0,1,1,1,1,1
2026-03-28 12:15:09.572,126.170,-1,8,11,-62.84,1,0,0,1,1,1,1,1
2026-03-28 12:15:09.653,126.251,-1,8,11,-64.01,1,0,0,1,1,1,1,1
2026-03-28 12:15:09.701,126.299,0,8,11,-64.54,1,0,0,1,1,1,1,1
2026-03-28 12:15:09.812,126.411,-1,8,11,-62.62,1,0,0,1,1,1,1,1
2026-03-28 12:15:09.892,126.491,-1,8,11,-63.94,1,0,0,1,1,1,1,1
2026-03-28 12:15:09.972,126.571,-1,8,11,-63.15,1,0,0,1,1,1,1,1
2026-03-28 12:15:10.037,126.635,-1,8,11,-63.67,1,0,0,1,1,1,1,1
2026-03-28 12:15:10.132,126.731,-1,8,11,-61.98,1,0,0,1,1,1,1,1
2026-03-28 12:15:10.228,126.827,0,8,11,-64.74,1,0,0,1,1,1,1,1
2026-03-28 12:15:10.308,126.907,-1,8,11,-61.44,1,0,0,1,1,1,1,1
2026-03-28 12:15:10.373,126.971,-1,8,11,-63.9,1,0,0,1,1,1,1,1
2026-03-28 12:15:10.469,127.067,-1,8,11,-61.84,1,0,0,1,1,1,1,1
2026-03-28 12:15:10.549,127.147,-1,8,11,-61.26,1,0,0,1,1,1,1,1
2026-03-28 12:15:10.660,127.259,-1,8,11,-63.04,1,0,0,1,1,1,1,1
2026-03-28 12:15:10.709,127.307,-1,8,11,-64.23,1,0,0,1,1,1,1,1
2026-03-28 12:15:10.804,127.403,-1,8,11,-61.1,1,0,0,1,1,1,1,1
2026-03-28 12:15:10.901,127.499,-1,8,11,-61.75,1,0,0,1,1,1,1,1
2026-03-28 12:15:10.965,127.563,-1,8,11,-64.7,1,0,0,1,1,1,1,1
2026-03-28 12:15:11.029,127.627,0,8,11,-61.02,1,0,0,1,1,1,1,1
2026-03-28 12:15:11.156,127.755,-1,8,11,-60.65,1,0,0,1,1,1,1,1
2026-03-28 12:15:11.204,127.803,-1,8,11,-65.61,1,0,0,1,1,1,1,1
2026-03-28 12:15:11.364,127.963,-1,8,11,-69.97,1,0,0,1,1,1,1,1
2026-03-28 12:15:11.397,127.995,-1,8,11,-70.36,1,0,0,1,1,1,1,1
2026-03-28 12:15:11.477,128.075,-1,8,11,-63.01,1,0,0,1,1,1,1,1
2026-03-28 12:15:11.540,128.139,-1,8,11,-63.51,1,0,0,1,1,1,1,1
2026-03-28 12:15:11.620,128.218,-1,8,11,-62.28,1,0,0,1,1,1,1,1
2026-03-28 12:15:11.717,128.315,-1,8,11,-63.02,1,0,0,1,1,1,1,1
2026-03-28 12:15:11.780,128.379,-1,8,11,-60.29,1,0,0,1,1,1,1,1
2026-03-28 12:15:11.924,128.523,-1,8,11,-60.16,1,0,0,1,1,1,1,1
2026-03-28 12:15:11.940,128.539,-1,8,11,-62.52,1,0,0,1,1,1,1,1
2026-03-28 12:15:12.020,128.618,-1,8,11,-63.86,1,0,0,1,1,1,1,1
2026-03-28 12:15:12.100,128.699,-1,8,11,-64.1,1,0,0,1,1,1,1,1
2026-03-28 12:15:12.212,128.811,-1,8,11,-60.97,1,0,0,1,1,1,1,1
2026-03-28 12:15:12.309,128.907,-1,8,11,-61.73,1,0,0,1,1,1,1,1
2026-03-28 12:15:12.372,128.971,-1,8,11,-63.29,1,0,0,1,1,1,1,1
2026-03-28 12:15:12.452,129.050,-1,8,11,-66.21,1,0,0,1,1,1,1,1
2026-03-28 12:15:12.532,129.130,-1,8,11,-60.61,1,0,0,1,1,1,1,1
2026-03-28 12:15:12.661,129.259,-1,8,11,-61.58,1,0,0,1,1,1,1,1
2026-03-28 12:15:12.692,129.291,-1,8,11,-62.59,1,0,0,1,1,1,1,1
2026-03-28 12:15:12.804,129.403,-1,8,11,-63.4,1,0,0,1,1,1,1,1
2026-03-28 12:15:12.885,129.483,-1,8,11,-59.77,1,0,0,1,1,1,1,1
2026-03-28 12:15:12.932,129.531,-1,8,11,-61.27,1,0,0,1,1,1,1,1
2026-03-28 12:15:13.012,129.611,-1,8,8,-62.46,1,0,0,1,1,1,1,1
2026-03-28 12:15:13.125,129.723,-1,8,11,-60.28,1,0,0,1,1,1,1,1
2026-03-28 12:15:13.204,129.803,-1,8,11,-60.79,1,0,0,1,1,1,1,1
2026-03-28 12:15:13.269,129.867,0,8,11,-62.35,1,0,0,1,1,1,1,1
2026-03-28 12:15:13.332,129.931,-1,8,11,-63.01,1,0,0,1,1,1,1,1
2026-03-28 12:15:13.429,130.027,-1,8,11,-63.7,1,0,0,1,1,1,1,1
2026-03-28 12:15:13.540,130.139,0,8,11,-61.51,1,0,0,1,1,1,1,1
2026-03-28 12:15:13.620,130.219,-1,8,11,-63.57,1,0,0,1,1,1,1,1
2026-03-28 12:15:13.717,130.315,-1,8,11,-62.6,1,0,0,1,1,1,1,1
2026-03-28 12:15:13.749,130.347,-1,8,11,-66.26,1,0,0,1,1,1,1,1
2026-03-28 12:15:13.845,130.443,-1,8,11,-61.2,1,0,0,1,1,1,1,1
2026-03-28 12:15:13.956,130.554,-1,8,11,-61.48,1,0,0,1,1,1,1,1
2026-03-28 12:15:14.085,130.683,-1,8,8,-60.68,1,0,0,1,1,1,1,1
2026-03-28 12:15:14.132,130.730,-1,8,11,-62.25,1,0,0,1,1,1,1,1
2026-03-28 12:15:14.180,130.778,-1,8,11,-61.47,1,0,0,1,1,1,1,1
2026-03-28 12:15:14.293,130.891,-1,8,11,-60.98,1,0,0,1,1,1,1,1
2026-03-28 12:15:14.341,130.939,0,8,11,-63.73,1,0,0,1,1,1,1,1
2026-03-28 12:15:14.453,131.051,-1,8,11,-67.25,1,0,0,1,1,1,1,1
2026-03-28 12:15:14.532,131.130,-1,8,8,-64.26,1,0,0,1,1,1,1,1
2026-03-28 12:15:14.660,131.258,-4,8,11,-69.01,1,0,0,1,1,1,1,1
2026-03-28 12:15:14.708,131.306,-1,8,11,-67.36,1,0,0,1,1,1,1,1
2026-03-28 12:15:14.756,131.355,0,8,11,-62.65,1,0,0,1,1,1,1,1
2026-03-28 12:15:14.852,131.451,-1,8,11,-66.05,1,0,0,1,1,1,1,1
2026-03-28 12:15:14.964,131.562,-1,8,11,-61.07,1,0,0,1,1,1,1,1
2026-03-28 12:15:15.012,131.610,-1,8,11,-65.72,1,0,0,1,1,1,1,1
2026-03-28 12:15:15.109,131.707,-1,8,8,-69.5,1,0,0,1,1,1,1,1
2026-03-28 12:15:15.172,131.771,-1,8,11,-63.59,1,0,0,1,1,1,1,1
2026-03-28 12:15:15.300,131.899,-1,8,11,-66.43,1,0,0,1,1,1,1,1
2026-03-28 12:15:15.365,131.963,-1,8,11,-67.5,1,0,0,1,1,1,1,1
2026-03-28 12:15:15.492,132.090,-1,8,11,-67.14,1,0,0,1,1,1,1,1
2026-03-28 12:15:15.508,132.106,-1,8,11,-64.06,1,0,0,1,1,1,1,1
2026-03-28 12:15:15.604,132.203,-1,8,11,-63.88,1,0,0,1,1,1,1,1
2026-03-28 12:15:15.683,132.282,-1,8,11,-68.64,1,0,0,1,1,1,1,1
2026-03-28 12:15:15.749,132.347,-1,8,11,-64.44,1,0,0,1,1,1,1,1
2026-03-28 12:15:15.860,132.459,0,8,11,-63.58,1,0,0,1,1,1,1,1
2026-03-28 12:15:15.972,132.571,-1,8,11,-62.29,1,0,0,1,1,1,1,1
2026-03-28 12:15:16.004,132.602,-1,8,11,-67.07,1,0,0,1,1,1,1,1
2026-03-28 12:15:16.149,132.747,-1,8,11,-66.52,1,0,0,1,1,1,1,1
2026-03-28 12:15:16.165,132.763,-1,8,11,-65.97,1,0,0,1,1,1,1,1
2026-03-28 12:15:16.244,132.842,-1,8,11,-69.28,1,0,0,1,1,1,1,1
2026-03-28 12:15:16.403,133.002,-1,8,11,-66.11,1,0,0,1,1,1,1,1
2026-03-28 12:15:16.484,133.082,-1,8,11,-63.13,1,0,0,1,1,1,1,1
2026-03-28 12:15:16.499,133.097,-1,8,11,-65.24,1,0,0,1,1,1,1,1
2026-03-28 12:15:16.579,133.178,-1,8,11,-66.59,1,0,0,1,1,1,1,1
2026-03-28 12:15:16.644,133.242,-1,11,10,-65.87,1,0,0,1,1,1,1,1
2026-03-28 12:15:16.771,133.370,-1,8,11,-63.78,1,0,0,1,1,1,1,1
2026-03-28 12:15:16.884,133.482,-1,8,11,-66.07,1,0,0,1,1,1,1,1
2026-03-28 12:15:16.981,133.579,-1,8,11,-65.81,1,0,0,1,1,1,1,1
2026-03-28 12:15:17.076,133.674,-1,8,11,-64.94,1,0,0,1,1,1,1,1
2026-03-28 12:15:17.171,133.770,0,8,11,-64.99,1,0,0,1,1,1,1,1
2026-03-28 12:15:17.252,133.851,-1,8,11,-63.14,1,0,0,1,1,1,1,1
2026-03-28 12:15:17.348,133.947,-1,8,11,-65.45,1,0,0,1,1,1,1,1
2026-03-28 12:15:17.444,134.042,-1,8,11,-64.54,1,0,0,1,1,1,1,1
2026-03-28 12:15:17.524,134.122,-1,8,11,-64.03,1,0,0,1,1,1,1,1
2026-03-28 12:15:17.571,134.170,-1,8,11,-64.33,1,0,0,1,1,1,1,1
2026-03-28 12:15:17.684,134.283,-1,8,11,-64.07,1,0,0,1,1,1,1,1
2026-03-28 12:15:17.764,134.362,-1,8,11,-65.79,1,0,0,1,1,1,1,1
2026-03-28 12:15:17.812,134.410,-1,8,11,-63.73,1,0,0,1,1,1,1,1
2026-03-28 12:15:17.924,134.522,-1,8,11,-64.26,1,0,0,1,1,1,1,1
2026-03-28 12:15:17.972,134.571,-1,8,11,-68.33,1,0,0,1,1,1,1,1
2026-03-28 12:15:18.067,134.666,-1,8,11,-63.45,1,0,0,1,1,1,1,1
2026-03-28 12:15:18.148,134.746,0,8,11,-62.12,1,0,0,1,1,1,1,1
2026-03-28 12:15:18.228,134.826,-1,8,11,-64.46,1,0,0,1,1,1,1,1
2026-03-28 12:15:18.340,134.938,-1,8,11,-62.38,1,0,0,1,1,1,1,1
2026-03-28 12:15:18.420,135.019,-1,8,11,-63.28,1,0,0,1,1,1,1,1
2026-03-28 12:15:18.547,135.145,-1,8,11,-62.92,1,0,0,1,1,1,1,1
2026-03-28 12:15:18.596,135.194,-1,8,11,-64.6,1,0,0,1,1,1,1,1
2026-03-28 12:15:18.644,135.242,-1,8,8,-65.36,1,0,0,1,1,1,1,1
2026-03-28 12:15:18.724,135.322,-1,8,11,-66.52,1,0,0,1,1,1,1,1
2026-03-28 12:15:18.820,135.418,-1,8,8,-65.57,1,0,0,1,1,1,1,1
2026-03-28 12:15:18.916,135.514,-1,8,11,-63.02,1,0,0,1,1,1,1,1
2026-03-28 12:15:19.028,135.626,-1,8,11,-63.7,1,0,0,1,1,1,1,1
2026-03-28 12:15:19.123,135.722,0,8,11,-64.46,1,0,0,1,1,1,1,1
2026-03-28 12:15:19.220,135.819,-1,8,11,-64.14,1,0,0,1,1,1,1,1
2026-03-28 12:15:19.284,135.882,-3,8,11,-62.41,1,0,0,1,1,1,1,1
2026-03-28 12:15:19.348,135.946,0,8,9,-64.09,1,0,0,1,1,1,1,1
2026-03-28 12:15:19.428,136.026,-1,8,11,-67.45,1,0,0,1,1,1,1,1
2026-03-28 12:15:19.492,136.090,-1,8,11,-67.19,1,0,0,1,1,1,1,1
2026-03-28 12:15:19.556,136.154,-1,8,11,-66.31,1,0,0,1,1,1,1,1
2026-03-28 12:15:19.652,136.250,-1,8,11,-64.67,1,0,0,1,1,1,1,1
2026-03-28 12:15:19.700,136.298,-1,8,11,-66.23,1,0,0,1,1,1,1,1
2026-03-28 12:15:19.795,136.394,-1,8,10,-65.84,1,0,0,1,1,1,1,1
2026-03-28 12:15:19.908,136.506,-1,8,11,-63.51,1,0,0,1,1,1,1,1
2026-03-28 12:15:20.019,136.618,0,8,11,-66.52,1,0,0,1,1,1,1,1
2026-03-28 12:15:20.084,136.682,-1,8,11,-64.2,1,0,0,1,1,1,1,1
2026-03-28 12:15:20.164,136.762,-3,8,11,-63.4,1,0,0,1,1,1,1,1
2026-03-28 12:15:20.244,136.842,-1,8,11,-62.67,1,0,0,1,1,1,1,1
2026-03-28 12:15:20.340,136.938,-1,8,11,-66.56,1,0,0,1,1,1,1,1
2026-03-28 12:15:20.421,137.019,-1,8,11,-64.63,1,0,0,1,1,1,1,1
2026-03-28 12:15:20.516,137.115,-1,8,11,-64.09,1,0,0,1,1,1,1,1
2026-03-28 12:15:20.548,137.146,-1,8,11,-64.15,1,0,0,1,1,1,1,1
2026-03-28 12:15:20.675,137.274,-1,8,11,-66.7,1,0,0,1,1,1,1,1
2026-03-28 12:15:20.772,137.370,-1,8,11,-63.42,1,0,0,1,1,1,1,1
2026-03-28 12:15:20.868,137.466,-1,8,11,-63.92,1,0,0,1,1,1,1,1
2026-03-28 12:15:20.932,137.530,-1,8,11,-64.94,1,0,0,1,1,1,1,1
2026-03-28 12:15:20.996,137.594,-3,8,11,-66.69,1,0,0,1,1,1,1,1
2026-03-28 12:15:21.092,137.690,-1,8,11,-65.85,1,0,0,1,1,1,1,1
2026-03-28 12:15:21.156,137.754,-1,8,11,-64.72,1,0,0,1,1,1,1,1
2026-03-28 12:15:21.205,137.803,-1,8,11,-66.6,1,0,0,1,1,1,1,1
2026-03-28 12:15:21.316,137.914,-1,8,11,-68.51,1,0,0,1,1,1,1,1
2026-03-28 12:15:21.396,137.994,-1,8,11,-66.92,1,0,0,1,1,1,1,1
2026-03-28 12:15:21.476,138.074,-1,8,11,-65.09,1,0,0,1,1,1,1,1
2026-03-28 12:15:21.572,138.170,-1,8,11,-64.61,1,0,0,1,1,1,1,1
2026-03-28 12:15:21.668,138.266,-1,8,11,-63.21,1,0,0,1,1,1,1,1
2026-03-28 12:15:21.763,138.361,-1,8,11,-63.64,1,0,0,1,1,1,1,1
2026-03-28 12:15:21.812,138.411,-1,8,11,-66.37,1,0,0,1,1,1,1,1
2026-03-28 12:15:21.876,138.474,-1,8,11,-66.71,1,0,0,1,1,1,1,1
2026-03-28 12:15:21.956,138.554,-1,8,11,-63.71,1,0,0,1,1,1,1,1
2026-03-28 12:15:22.100,138.698,-1,8,11,-65.18,1,0,0,1,1,1,1,1
2026-03-28 12:15:22.180,138.778,-1,8,11,-64.91,1,0,0,1,1,1,1,1
2026-03-28 12:15:22.212,138.810,-3,8,11,-63.7,1,0,0,1,1,1,1,1
2026-03-28 12:15:22.323,138.921,-1,8,11,-67.05,1,0,0,1,1,1,1,1
2026-03-28 12:15:22.404,139.003,-1,8,11,-66.37,1,0,0,1,1,1,1,1
2026-03-28 12:15:22.483,139.082,-1,8,11,-67.68,1,0,0,1,1,1,1,1
2026-03-28 12:15:22.532,139.130,-1,8,11,-65.36,1,0,0,1,1,1,1,1
2026-03-28 12:15:22.627,139.225,-1,8,11,-67.76,1,0,0,1,1,1,1,1
2026-03-28 12:15:22.691,139.290,-1,8,11,-65.64,1,0,0,1,1,1,1,1
2026-03-28 12:15:22.772,139.370,-1,8,11,-66.3,1,0,0,1,1,1,1,1
2026-03-28 12:15:22.868,139.466,-1,8,11,-63.41,1,0,0,1,1,1,1,1
2026-03-28 12:15:22.963,139.561,-1,8,10,-66.52,1,0,0,1,1,1,1,1
2026-03-28 12:15:23.076,139.674,-1,8,11,-64.55,1,0,0,1,1,1,1,1
2026-03-28 12:15:23.156,139.754,-1,8,11,-65.64,1,0,0,1,1,1,1,1
2026-03-28 12:15:23.284,139.882,-1,8,11,-62.1,1,0,0,1,1,1,1,1
2026-03-28 12:15:23.347,139.945,-1,8,11,-62.53,1,0,0,1,1,1,1,1
2026-03-28 12:15:23.444,140.042,-1,8,11,-63.4,1,0,0,1,1,1,1,1
2026-03-28 12:15:23.492,140.090,-1,8,11,-65.21,1,0,0,1,1,1,1,1
2026-03-28 12:15:23.555,140.154,-3,8,11,-65.8,1,0,0,1,1,1,1,1
2026-03-28 12:15:23.683,140.281,-1,8,11,-65.6,1,0,0,1,1,1,1,1
2026-03-28 12:15:23.732,140.330,-1,8,11,-65.13,1,0,0,1,1,1,1,1
2026-03-28 12:15:23.844,140.442,-1,8,8,-66.23,1,0,0,1,1,1,1,1
2026-03-28 12:15:23.876,140.474,-1,8,11,-64.77,1,0,0,1,1,1,1,1
2026-03-28 12:15:24.003,140.602,-1,8,11,-68.92,1,0,0,1,1,1,1,1
2026-03-28 12:15:24.036,140.634,-1,8,11,-65.5,1,0,0,1,1,1,1,1
2026-03-28 12:15:24.180,140.778,-1,8,11,-65.58,1,0,0,1,1,1,1,1
2026-03-28 12:15:24.227,140.826,-1,8,11,-64.37,1,0,0,1,1,1,1,1
2026-03-28 12:15:24.259,140.857,-1,8,11,-65.46,1,0,0,1,1,1,1,1
2026-03-28 12:15:24.339,140.938,-1,8,11,-64.85,1,0,0,1,1,1,1,1
2026-03-28 12:15:24.436,141.034,-1,8,11,-63.48,1,0,0,1,1,1,1,1
2026-03-28 12:15:24.516,141.114,-1,8,11,-64.15,1,0,0,1,1,1,1,1
2026-03-28 12:15:24.595,141.194,-1,8,11,-64.23,1,0,0,1,1,1,1,1
2026-03-28 12:15:24.659,141.258,-1,8,11,-66.94,1,0,0,1,1,1,1,1
2026-03-28 12:15:24.771,141.370,-1,8,8,-62.24,1,0,0,1,1,1,1,1
2026-03-28 12:15:24.868,141.466,-1,8,11,-64.59,1,0,0,1,1,1,1,1
2026-03-28 12:15:24.995,141.594,-1,8,11,-64.93,1,0,0,1,1,1,1,1
2026-03-28 12:15:25.060,141.658,-1,8,11,-65.06,1,0,0,1,1,1,1,1
2026-03-28 12:15:25.107,141.706,-1,8,11,-65.1,1,0,0,1,1,1,1,1
2026-03-28 12:15:25.204,141.802,-1,8,11,-64.0,1,0,0,1,1,1,1,1
2026-03-28 12:15:25.348,141.946,0,8,11,-64.02,1,0,0,1,1,1,1,1
2026-03-28 12:15:25.395,141.994,-1,8,11,-65.09,1,0,0,1,1,1,1,1
2026-03-28 12:15:25.459,142.058,-1,8,11,-62.93,1,0,0,1,1,1,1,1
2026-03-28 12:15:25.571,142.170,-1,8,11,-67.0,1,0,0,1,1,1,1,1
2026-03-28 12:15:25.668,142.266,0,8,11,-62.28,1,0,0,1,1,1,1,1
2026-03-28 12:15:25.779,142.378,-1,8,11,-62.79,1,0,0,1,1,1,1,1
2026-03-28 12:15:25.843,142.442,-1,8,11,-65.18,1,0,0,1,1,1,1,1
2026-03-28 12:15:25.955,142.553,-1,8,11,-64.77,1,0,0,1,1,1,1,1
2026-03-28 12:15:26.004,142.602,-1,11,11,-68.64,1,0,0,1,1,1,1,1
2026-03-28 12:15:26.083,142.682,-1,8,11,-65.68,1,0,0,1,1,1,1,1
2026-03-28 12:15:26.195,142.793,-1,8,11,-65.36,1,0,0,1,1,1,1,1
2026-03-28 12:15:26.227,142.826,-1,8,11,-68.43,1,0,0,1,1,1,1,1
2026-03-28 12:15:26.339,142.938,-1,8,11,-65.59,1,0,0,1,1,1,1,1
2026-03-28 12:15:26.419,143.018,-1,8,11,-62.01,1,0,0,1,1,1,1,1
2026-03-28 12:15:26.467,143.066,-1,8,11,-68.13,1,0,0,1,1,1,1,1
2026-03-28 12:15:26.547,143.146,-1,8,11,-65.88,1,0,0,1,1,1,1,1
2026-03-28 12:15:26.659,143.258,-1,8,11,-63.96,1,0,0,1,1,1,1,1
2026-03-28 12:15:26.739,143.338,-1,8,11,-62.36,1,0,0,1,1,1,1,1
2026-03-28 12:15:26.851,143.450,-1,8,11,-62.88,1,0,0,1,1,1,1,1
2026-03-28 12:15:26.931,143.529,-1,8,11,-66.13,1,0,0,1,1,1,1,1
2026-03-28 12:15:26.995,143.593,-1,8,11,-66.67,1,0,0,1,1,1,1,1
2026-03-28 12:15:27.059,143.658,-1,8,11,-64.58,1,0,0,1,1,1,1,1
2026-03-28 12:15:27.155,143.754,-1,8,11,-65.46,1,0,0,1,1,1,1,1
2026-03-28 12:15:27.251,143.850,-1,8,11,-66.5,1,0,0,1,1,1,1,1
2026-03-28 12:15:27.379,143.978,-1,8,11,-64.97,1,0,0,1,1,1,1,1
2026-03-28 12:15:27.395,143.994,-1,8,11,-63.11,1,0,0,1,1,1,1,1
2026-03-28 12:15:27.491,144.090,-1,8,11,-62.37,1,0,0,1,1,1,1,1
2026-03-28 12:15:27.555,144.154,-1,8,11,-68.08,1,0,0,1,1,1,1,1
2026-03-28 12:15:27.635,144.234,-1,8,11,-63.58,1,0,0,1,1,1,1,1
2026-03-28 12:15:27.715,144.314,-1,8,11,-63.6,1,0,0,1,1,1,1,1
2026-03-28 12:15:27.811,144.410,-1,8,11,-63.64,1,0,0,1,1,1,1,1
2026-03-28 12:15:27.907,144.506,-1,8,11,-65.33,1,0,0,1,1,1,1,1
2026-03-28 12:15:28.003,144.601,-1,8,11,-62.62,1,0,0,1,1,1,1,1
2026-03-28 12:15:28.051,144.650,-1,8,8,-65.38,1,0,0,1,1,1,1,1
2026-03-28 12:15:28.131,144.730,-1,8,9,-62.31,1,0,0,1,1,1,1,1
2026-03-28 12:15:28.227,144.825,-1,8,11,-62.17,1,0,0,1,1,1,1,1
2026-03-28 12:15:28.355,144.954,-1,8,11,-61.96,1,0,0,1,1,1,1,1
2026-03-28 12:15:28.403,145.002,-1,8,11,-61.3,1,0,0,1,1,1,1,1
2026-03-28 12:15:28.500,145.098,-1,8,11,-66.41,1,0,0,1,1,1,1,1
2026-03-28 12:15:28.563,145.162,-1,8,11,-64.36,1,0,0,1,1,1,1,1
2026-03-28 12:15:28.659,145.258,-1,8,11,-64.01,1,0,0,1,1,1,1,1
2026-03-28 12:15:28.755,145.354,-1,8,11,-66.36,1,0,0,1,1,1,1,1
2026-03-28 12:15:28.819,145.417,-1,8,11,-59.96,1,0,0,1,1,1,1,1
2026-03-28 12:15:28.916,145.514,-1,8,11,-65.82,1,0,0,1,1,1,1,1
2026-03-28 12:15:28.963,145.562,-1,8,11,-62.5,1,0,0,1,1,1,1,1
2026-03-28 12:15:29.123,145.721,-1,8,11,-64.61,1,0,0,1,1,1,1,1
2026-03-28 12:15:29.124,145.723,-1,8,11,-61.15,1,0,0,1,1,1,1,1
2026-03-28 12:15:29.251,145.850,-1,8,11,-67.66,1,0,0,1,1,1,1,1
2026-03-28 12:15:29.363,145.961,-1,8,11,-62.72,1,0,0,1,1,1,1,1
2026-03-28 12:15:29.459,146.057,-1,8,11,-64.85,1,0,0,1,1,1,1,1
2026-03-28 12:15:29.475,146.074,-1,8,11,-65.63,1,0,0,1,1,1,1,1
2026-03-28 12:15:29.555,146.154,-1,8,11,-68.17,1,0,0,1,1,1,1,1
2026-03-28 12:15:29.619,146.218,-1,8,11,-64.8,1,0,0,1,1,1,1,1
2026-03-28 12:15:29.715,146.314,-1,8,11,-63.5,1,0,0,1,1,1,1,1
2026-03-28 12:15:29.844,146.442,-1,8,11,-64.08,1,0,0,1,1,1,1,1
2026-03-28 12:15:29.859,146.458,-1,8,11,-67.0,1,0,0,1,1,1,1,1
2026-03-28 12:15:29.955,146.554,-1,8,9,-63.75,1,0,0,1,1,1,1,1
2026-03-28 12:15:30.051,146.650,-1,8,11,-66.03,1,0,0,1,1,1,1,1
2026-03-28 12:15:30.099,146.698,-1,8,11,-62.85,1,0,0,1,1,1,1,1
2026-03-28 12:15:30.211,146.810,-1,8,11,-60.01,1,0,0,1,1,1,1,1
2026-03-28 12:15:30.291,146.890,-1,8,11,-62.7,1,0,0,1,1,1,1,1
2026-03-28 12:15:30.388,146.987,-1,8,11,-61.44,1,0,0,1,1,1,1,1
2026-03-28 12:15:30.436,147.035,-1,8,11,-62.58,1,0,0,1,1,1,1,1
2026-03-28 12:15:30.563,147.162,-1,8,11,-63.4,1,0,0,1,1,1,1,1
2026-03-28 12:15:30.643,147.242,-1,8,11,-62.46,1,0,0,1,1,1,1,1
2026-03-28 12:15:30.739,147.337,-1,8,11,-63.05,1,0,0,1,1,1,1,1
2026-03-28 12:15:30.819,147.418,-1,8,11,-62.03,1,0,0,1,1,1,1,1
2026-03-28 12:15:30.915,147.514,-1,8,11,-63.64,1,0,0,1,1,1,1,1
2026-03-28 12:15:31.010,147.609,-1,8,8,-61.17,1,0,0,1,1,1,1,1
2026-03-28 12:15:31.043,147.642,-1,8,11,-62.1,1,0,0,1,1,1,1,1
2026-03-28 12:15:31.171,147.770,-1,8,11,-65.37,1,0,0,1,1,1,1,1
2026-03-28 12:15:31.187,147.785,-1,8,11,-62.59,1,0,0,1,1,1,1,1
2026-03-28 12:15:31.315,147.914,-1,8,11,-62.66,1,0,0,1,1,1,1,1
2026-03-28 12:15:31.379,147.978,-1,8,11,-61.59,1,0,0,1,1,1,1,1
2026-03-28 12:15:31.443,148.042,-1,8,11,-64.02,1,0,0,1,1,1,1,1
2026-03-28 12:15:31.522,148.121,-1,8,11,-63.95,1,0,0,1,1,1,1,1
2026-03-28 12:15:31.619,148.218,-1,8,11,-62.92,1,0,0,1,1,1,1,1
2026-03-28 12:15:31.699,148.298,-1,8,11,-62.92,1,0,0,1,1,1,1,1
2026-03-28 12:15:31.811,148.410,-1,8,11,-62.35,1,0,0,1,1,1,1,1
2026-03-28 12:15:31.859,148.457,-1,8,11,-63.9,1,0,0,1,1,1,1,1
2026-03-28 12:15:31.971,148.570,-1,8,11,-64.31,1,0,0,1,1,1,1,1
2026-03-28 12:15:32.066,148.665,-1,8,11,-64.41,1,0,0,1,1,1,1,1
2026-03-28 12:15:32.131,148.730,-1,8,11,-63.4,1,0,0,1,1,1,1,1
2026-03-28 12:15:32.179,148.777,-1,8,11,-65.35,1,0,0,1,1,1,1,1
2026-03-28 12:15:32.275,148.874,-1,8,11,-62.8,1,0,0,1,1,1,1,1
2026-03-28 12:15:32.371,148.970,-1,8,11,-62.78,1,0,0,1,1,1,1,1
2026-03-28 12:15:32.418,149.017,-1,8,11,-64.91,1,0,0,1,1,1,1,1
2026-03-28 12:15:32.547,149.146,-1,8,11,-60.17,1,0,0,1,1,1,1,1
2026-03-28 12:15:32.627,149.226,-1,8,11,-61.54,1,0,0,1,1,1,1,1
2026-03-28 12:15:32.691,149.290,-1,8,11,-64.26,1,0,0,1,1,1,1,1
2026-03-28 12:15:32.771,149.369,-1,8,11,-62.74,1,0,0,1,1,1,1,1
2026-03-28 12:15:32.835,149.433,-1,8,11,-63.06,1,0,0,1,1,1,1,1
2026-03-28 12:15:32.962,149.561,-1,8,11,-61.98,1,0,0,1,1,1,1,1
2026-03-28 12:15:33.011,149.609,-1,8,11,-62.87,1,0,0,1,1,1,1,1
2026-03-28 12:15:33.107,149.706,-1,8,11,-63.64,1,0,0,1,1,1,1,1
2026-03-28 12:15:33.171,149.770,-1,8,11,-65.3,1,0,0,1,1,1,1,1
2026-03-28 12:15:33.283,149.881,-1,8,11,-63.72,1,0,0,1,1,1,1,1
2026-03-28 12:15:33.347,149.945,-1,8,11,-62.36,1,0,0,1,1,1,1,1
2026-03-28 12:15:33.459,150.058,-1,8,11,-62.0,1,0,0,1,1,1,1,1
2026-03-28 12:15:33.507,150.106,-1,8,11,-62.96,1,0,0,1,1,1,1,1
2026-03-28 12:15:33.603,150.201,-1,8,11,-64.7,1,0,0,1,1,1,1,1
2026-03-28 12:15:33.699,150.297,-1,8,11,-62.33,1,0,0,1,1,1,1,1
2026-03-28 12:15:33.763,150.361,-1,8,11,-63.05,1,0,0,1,1,1,1,1
2026-03-28 12:15:33.843,150.441,-1,8,11,-62.07,1,0,0,1,1,1,1,1
2026-03-28 12:15:33.923,150.521,-1,8,11,-63.9,1,0,0,1,1,1,1,1
2026-03-28 12:15:34.019,150.617,-1,8,11,-60.62,1,0,0,1,1,1,1,1
2026-03-28 12:15:34.099,150.698,-1,8,8,-63.76,1,0,0,1,1,1,1,1
2026-03-28 12:15:34.162,150.761,-1,8,11,-66.62,1,0,0,1,1,1,1,1
2026-03-28 12:15:34.290,150.889,-1,8,11,-60.65,1,0,0,1,1,1,1,1
2026-03-28 12:15:34.387,150.985,-1,8,11,-59.98,1,0,0,1,1,1,1,1
2026-03-28 12:15:34.483,151.081,-1,8,11,-62.12,1,0,0,1,1,1,1,1
2026-03-28 12:15:34.547,151.145,-1,8,11,-60.37,1,0,0,1,1,1,1,1
2026-03-28 12:15:34.659,151.257,-1,8,11,-60.77,1,0,0,1,1,1,1,1
2026-03-28 12:15:34.755,151.354,-1,8,11,-61.02,1,0,0,1,1,1,1,1
2026-03-28 12:15:34.835,151.433,-1,8,11,-62.32,1,0,0,1,1,1,1,1
2026-03-28 12:15:34.946,151.545,-1,8,11,-64.04,1,0,0,1,1,1,1,1
2026-03-28 12:15:34.979,151.577,-1,8,11,-64.93,1,0,0,1,1,1,1,1
2026-03-28 12:15:35.043,151.641,-1,8,11,-63.0,1,0,0,1,1,1,1,1
2026-03-28 12:15:35.187,151.785,-1,8,10,-62.78,1,0,0,1,1,1,1,1
2026-03-28 12:15:35.219,151.817,-1,8,11,-60.71,1,0,0,1,1,1,1,1
2026-03-28 12:15:35.267,151.865,-1,8,11,-64.55,1,0,0,1,1,1,1,1
2026-03-28 12:15:35.410,152.009,-1,8,11,-62.79,1,0,0,1,1,1,1,1
2026-03-28 12:15:35.458,152.057,-1,8,11,-63.04,1,0,0,1,1,1,1,1
2026-03-28 12:15:35.523,152.121,-1,8,11,-63.02,1,0,0,1,1,1,1,1
2026-03-28 12:15:35.667,152.265,-1,8,11,-62.99,1,0,0,1,1,1,1,1
2026-03-28 12:15:35.747,152.345,-1,8,11,-62.7,1,0,0,1,1,1,1,1
2026-03-28 12:15:35.795,152.393,-1,8,11,-61.67,1,0,0,1,1,1,1,1
2026-03-28 12:15:35.874,152.473,-3,8,11,-67.36,1,0,0,1,1,1,1,1
2026-03-28 12:15:35.938,152.537,-1,8,11,-63.36,1,0,0,1,1,1,1,1
2026-03-28 12:15:36.003,152.601,-1,8,11,-65.38,1,0,0,1,1,1,1,1
2026-03-28 12:15:36.099,152.697,-1,8,11,-63.6,1,0,0,1,1,1,1,1
2026-03-28 12:15:36.179,152.777,-1,8,11,-66.99,1,0,0,1,1,1,1,1
2026-03-28 12:15:36.291,152.889,-1,8,11,-67.45,1,0,0,1,1,1,1,1
2026-03-28 12:15:36.308,152.906,-1,8,11,-62.26,1,0,0,1,1,1,1,1
2026-03-28 12:15:36.403,153.001,-1,7,11,-63.83,1,0,0,1,1,1,1,1
2026-03-28 12:15:36.499,153.097,-1,8,11,-67.66,1,0,0,1,1,1,1,1
2026-03-28 12:15:36.547,153.145,-1,8,11,-65.26,1,0,0,1,1,1,1,1
2026-03-28 12:15:36.675,153.273,-1,8,11,-62.66,1,0,0,1,1,1,1,1
2026-03-28 12:15:36.739,153.338,-1,8,11,-64.66,1,0,0,1,1,1,1,1
2026-03-28 12:15:36.819,153.417,-1,8,11,-64.64,1,0,0,1,1,1,1,1
2026-03-28 12:15:36.947,153.545,-1,8,11,-63.78,1,0,0,1,1,1,1,1
2026-03-28 12:15:37.043,153.641,-1,8,11,-63.22,1,0,0,1,1,1,1,1
2026-03-28 12:15:37.090,153.689,-1,8,11,-63.49,1,0,0,1,1,1,1,1
2026-03-28 12:15:37.139,153.737,-1,8,11,-64.65,1,0,0,1,1,1,1,1
2026-03-28 12:15:37.267,153.865,-1,8,11,-65.46,1,0,0,1,1,1,1,1
2026-03-28 12:15:37.299,153.897,-1,8,8,-65.62,1,0,0,1,1,1,1,1
2026-03-28 12:15:37.363,153.961,-1,8,8,-64.25,1,0,0,1,1,1,1,1
2026-03-28 12:15:37.459,154.057,-1,8,11,-66.36,1,0,0,1,1,1,1,1
2026-03-28 12:15:37.572,154.170,-1,8,11,-63.36,1,0,0,1,1,1,1,1
2026-03-28 12:15:37.635,154.233,-1,8,11,-63.18,1,0,0,1,1,1,1,1
2026-03-28 12:15:37.747,154.345,-1,8,11,-63.31,1,0,0,1,1,1,1,1
2026-03-28 12:15:37.795,154.393,-1,8,11,-62.88,1,0,0,1,1,1,1,1
2026-03-28 12:15:37.891,154.489,-1,8,11,-67.05,1,0,0,1,1,1,1,1
2026-03-28 12:15:37.971,154.569,-1,8,11,-63.03,1,0,0,1,1,1,1,1
2026-03-28 12:15:38.035,154.633,-1,8,11,-61.57,1,0,0,1,1,1,1,1
2026-03-28 12:15:38.131,154.729,-1,8,11,-63.51,1,0,0,1,1,1,1,1
2026-03-28 12:15:38.195,154.793,-1,8,11,-66.48,1,0,0,1,1,1,1,1
2026-03-28 12:15:38.307,154.906,-1,8,11,-63.32,1,0,0,1,1,1,1,1
2026-03-28 12:15:38.403,155.001,-1,8,11,-61.29,1,0,0,1,1,1,1,1
2026-03-28 12:15:38.515,155.113,-1,8,8,-66.92,1,0,0,1,1,1,1,1
2026-03-28 12:15:38.579,155.177,-1,8,11,-64.01,1,0,0,1,1,1,1,1
2026-03-28 12:15:38.674,155.273,-1,8,11,-66.56,1,0,0,1,1,1,1,1
2026-03-28 12:15:38.723,155.322,-1,8,11,-62.82,1,0,0,1,1,1,1,1
2026-03-28 12:15:38.819,155.417,-1,8,11,-64.21,1,0,0,1,1,1,1,1
2026-03-28 12:15:38.898,155.496,-1,8,11,-61.97,1,0,0,1,1,1,1,1
2026-03-28 12:15:38.995,155.593,-1,8,11,-62.91,1,0,0,1,1,1,1,1
2026-03-28 12:15:39.075,155.674,-1,8,11,-62.07,1,0,0,1,1,1,1,1
2026-03-28 12:15:39.171,155.769,-1,8,11,-67.6,1,0,0,1,1,1,1,1
2026-03-28 12:15:39.219,155.817,-1,8,11,-66.78,1,0,0,1,1,1,1,1
2026-03-28 12:15:39.298,155.896,-1,8,11,-64.95,1,0,0,1,1,1,1,1
2026-03-28 12:15:39.395,155.993,-3,8,11,-61.97,1,0,0,1,1,1,1,1
2026-03-28 12:15:39.443,156.041,-1,8,11,-69.4,1,0,0,1,1,1,1,1
2026-03-28 12:15:39.571,156.169,-1,8,11,-64.13,1,0,0,1,1,1,1,1
2026-03-28 12:15:39.634,156.233,-1,8,11,-66.13,1,0,0,1,1,1,1,1
2026-03-28 12:15:39.715,156.313,-1,8,11,-61.21,1,0,0,1,1,1,1,1
2026-03-28 12:15:39.827,156.425,-1,8,11,-63.99,1,0,0,1,1,1,1,1
2026-03-28 12:15:39.875,156.473,-1,8,11,-67.1,1,0,0,1,1,1,1,1
2026-03-28 12:15:39.987,156.585,-1,8,11,-67.54,1,0,0,1,1,1,1,1
2026-03-28 12:15:40.051,156.649,-1,8,11,-62.02,1,0,0,1,1,1,1,1
2026-03-28 12:15:40.131,156.729,-1,8,11,-68.7,1,0,0,1,1,1,1,1
2026-03-28 12:15:40.227,156.825,-1,8,11,-64.83,1,0,0,1,1,1,1,1
2026-03-28 12:15:40.306,156.904,-1,8,11,-63.05,1,0,0,1,1,1,1,1
2026-03-28 12:15:40.403,157.001,-1,8,11,-64.39,1,0,0,1,1,1,1,1
2026-03-28 12:15:40.499,157.097,-1,8,11,-65.97,1,0,0,1,1,1,1,1
2026-03-28 12:15:40.578,157.176,0,7,11,-65.95,1,0,0,1,1,1,1,1
2026-03-28 12:15:40.643,157.241,-1,8,11,-64.4,1,0,0,1,1,1,1,1
2026-03-28 12:15:40.723,157.321,-1,8,11,-65.63,1,0,0,1,1,1,1,1
2026-03-28 12:15:40.787,157.385,-1,8,11,-69.07,1,0,0,1,1,1,1,1
2026-03-28 12:15:40.851,157.449,-1,8,11,-69.89,1,0,0,1,1,1,1,1
2026-03-28 12:15:40.962,157.561,-1,8,11,-65.23,1,0,0,1,1,1,1,1
2026-03-28 12:15:41.027,157.625,-1,8,11,-66.91,1,0,0,1,1,1,1,1
2026-03-28 12:15:41.122,157.720,-1,8,11,-64.79,1,0,0,1,1,1,1,1
2026-03-28 12:15:41.187,157.785,-1,8,11,-65.11,1,0,0,1,1,1,1,1
2026-03-28 12:15:41.283,157.881,-1,8,11,-63.83,1,0,0,1,1,1,1,1
2026-03-28 12:15:41.362,157.960,-1,8,11,-65.12,1,0,0,1,1,1,1,1
2026-03-28 12:15:41.427,158.025,-1,8,11,-66.7,1,0,0,1,1,1,1,1
2026-03-28 12:15:41.507,158.105,-1,8,11,-66.25,1,0,0,1,1,1,1,1
2026-03-28 12:15:41.603,158.202,-1,8,11,-63.41,1,0,0,1,1,1,1,1
2026-03-28 12:15:41.714,158.313,-1,8,11,-62.11,1,0,0,1,1,1,1,1
2026-03-28 12:15:41.795,158.394,-1,8,11,-64.56,1,0,0,1,1,1,1,1
2026-03-28 12:15:41.843,158.441,-1,8,11,-66.01,1,0,0,1,1,1,1,1
2026-03-28 12:15:41.922,158.521,-1,8,11,-64.61,1,0,0,1,1,1,1,1
2026-03-28 12:15:42.005,158.604,-1,8,11,-68.22,1,0,0,1,1,1,1,1
2026-03-28 12:15:42.084,158.683,-1,8,11,-66.88,1,0,0,1,1,1,1,1
2026-03-28 12:15:42.179,158.777,-1,8,11,-66.79,1,0,0,1,1,1,1,1
2026-03-28 12:15:42.290,158.889,-3,8,11,-64.88,1,0,0,1,1,1,1,1
2026-03-28 12:15:42.339,158.937,-4,8,11,-64.05,1,0,0,1,1,1,1,1
2026-03-28 12:15:42.435,159.033,-1,8,11,-63.97,1,0,0,1,1,1,1,1
2026-03-28 12:15:42.531,159.129,-1,8,11,-66.74,1,0,0,1,1,1,1,1
2026-03-28 12:15:42.627,159.225,-1,8,11,-64.5,1,0,0,1,1,1,1,1
2026-03-28 12:15:42.690,159.289,-1,8,12,-64.95,1,0,0,1,1,1,1,1
2026-03-28 12:15:42.770,159.368,-1,8,11,-62.21,1,0,0,1,1,1,1,1
2026-03-28 12:15:42.850,159.448,-1,8,11,-68.07,1,0,0,1,1,1,1,1
2026-03-28 12:15:43.011,159.610,-1,8,11,-64.05,1,0,0,1,1,1,1,1
2026-03-28 12:15:43.027,159.625,-1,8,11,-64.5,1,0,0,1,1,1,1,1
2026-03-28 12:15:43.091,159.689,-1,8,11,-67.01,1,0,0,1,1,1,1,1
2026-03-28 12:15:43.203,159.801,-1,8,11,-64.97,1,0,0,1,1,1,1,1
2026-03-28 12:15:43.250,159.849,-1,8,11,-65.54,1,0,0,1,1,1,1,1
2026-03-28 12:15:43.346,159.945,-1,8,11,-60.75,1,0,0,1,1,1,1,1
2026-03-28 12:15:43.443,160.041,-1,8,11,-66.97,1,0,0,1,1,1,1,1
2026-03-28 12:15:43.507,160.105,-1,8,11,-67.21,1,0,0,1,1,1,1,1
2026-03-28 12:15:43.587,160.185,-1,10,10,-64.11,1,0,0,1,1,1,1,1
2026-03-28 12:15:43.666,160.265,-4,8,11,-66.29,1,0,0,1,1,1,1,1
2026-03-28 12:15:43.762,160.361,-1,8,11,-65.06,1,0,0,1,1,1,1,1
2026-03-28 12:15:43.875,160.473,-1,8,11,-67.65,1,0,0,1,1,1,1,1
2026-03-28 12:15:43.939,160.538,-1,8,11,-65.96,1,0,0,1,1,1,1,1
2026-03-28 12:15:44.003,160.601,-1,8,11,-67.39,1,0,0,1,1,1,1,1
2026-03-28 12:15:44.099,160.697,-1,8,11,-67.35,1,0,0,1,1,1,1,1
2026-03-28 12:15:44.162,160.761,-1,8,11,-67.64,1,0,0,1,1,1,1,1
2026-03-28 12:15:44.305,160.904,-1,8,11,-66.43,1,0,0,1,1,1,1,1
2026-03-28 12:15:44.370,160.968,0,8,11,-63.55,1,0,0,1,1,1,1,1
2026-03-28 12:15:44.434,161.032,-1,8,11,-66.25,1,0,0,1,1,1,1,1
2026-03-28 12:15:44.483,161.081,-1,8,11,-65.95,1,0,0,1,1,1,1,1
2026-03-28 12:15:44.579,161.177,-1,8,11,-63.59,1,0,0,1,1,1,1,1
2026-03-28 12:15:44.658,161.257,-1,8,11,-68.4,1,0,0,1,1,1,1,1
2026-03-28 12:15:44.739,161.337,-1,8,11,-67.92,1,0,0,1,1,1,1,1
2026-03-28 12:15:44.898,161.497,-1,8,11,-63.33,1,0,0,1,1,1,1,1
2026-03-28 12:15:44.931,161.529,-1,8,11,-64.52,1,0,0,1,1,1,1,1
2026-03-28 12:15:44.994,161.593,-1,8,11,-65.13,1,0,0,1,1,1,1,1
2026-03-28 12:15:45.074,161.673,0,8,11,-66.41,1,0,0,1,1,1,1,1
2026-03-28 12:15:45.203,161.801,-1,8,11,-66.36,1,0,0,1,1,1,1,1
2026-03-28 12:15:45.251,161.849,-1,8,11,-65.94,1,0,0,1,1,1,1,1
2026-03-28 12:15:45.426,162.024,-1,8,11,-66.45,1,0,0,1,1,1,1,1
2026-03-28 12:15:45.427,162.026,-1,8,11,-63.87,1,0,0,1,1,1,1,1
2026-03-28 12:15:45.523,162.122,-1,8,11,-70.14,1,0,0,1,1,1,1,1
2026-03-28 12:15:45.570,162.169,-1,8,11,-71.64,1,0,0,1,1,1,1,1
2026-03-28 12:15:45.683,162.281,-1,8,11,-64.3,1,0,0,1,1,1,1,1
2026-03-28 12:15:45.746,162.345,-1,8,11,-67.36,1,0,0,1,1,1,1,1
2026-03-28 12:15:45.842,162.440,-1,8,11,-66.25,1,0,0,1,1,1,1,1
2026-03-28 12:15:45.986,162.585,-1,8,11,-68.05,1,0,0,1,1,1,1,1
2026-03-28 12:15:46.067,162.665,-3,8,11,-65.5,1,0,0,1,1,1,1,1
2026-03-28 12:15:46.097,162.696,-1,8,11,-64.78,1,0,0,1,1,1,1,1
2026-03-28 12:15:46.130,162.729,-1,8,11,-70.02,1,0,0,1,1,1,1,1
2026-03-28 12:15:46.243,162.842,-1,8,11,-68.67,1,0,0,1,1,1,1,1
2026-03-28 12:15:46.339,162.938,-1,8,11,-63.99,1,0,0,1,1,1,1,1
2026-03-28 12:15:46.386,162.985,-1,8,11,-68.8,1,0,0,1,1,1,1,1
2026-03-28 12:15:46.499,163.097,-1,8,11,-64.21,1,0,0,1,1,1,1,1
2026-03-28 12:15:46.611,163.210,-1,8,11,-64.77,1,0,0,1,1,1,1,1
2026-03-28 12:15:46.658,163.257,-1,8,11,-66.6,1,0,0,1,1,1,1,1
2026-03-28 12:15:46.754,163.353,-1,8,11,-68.32,1,0,0,1,1,1,1,1
2026-03-28 12:15:46.866,163.465,-1,8,11,-65.58,1,0,0,1,1,1,1,1
2026-03-28 12:15:46.882,163.481,-1,8,11,-63.98,1,0,0,1,1,1,1,1
2026-03-28 12:15:46.994,163.593,-1,8,8,-67.41,1,0,0,1,1,1,1,1
2026-03-28 12:15:47.058,163.657,-1,8,11,-67.87,1,0,0,1,1,1,1,1
2026-03-28 12:15:47.139,163.737,-1,8,11,-64.97,1,0,0,1,1,1,1,1
2026-03-28 12:15:47.250,163.849,-1,8,11,-66.6,1,0,0,1,1,1,1,1
2026-03-28 12:15:47.314,163.913,-1,8,11,-64.34,1,0,0,1,1,1,1,1
2026-03-28 12:15:47.378,163.976,-1,8,11,-68.41,1,0,0,1,1,1,1,1
2026-03-28 12:15:47.490,164.089,-1,8,11,-66.02,1,0,0,1,1,1,1,1
2026-03-28 12:15:47.586,164.185,-1,8,11,-63.35,1,0,0,1,1,1,1,1
2026-03-28 12:15:47.699,164.297,-1,8,11,-65.79,1,0,0,1,1,1,1,1
2026-03-28 12:15:47.779,164.377,-1,8,11,-68.27,1,0,0,1,1,1,1,1
2026-03-28 12:15:47.843,164.441,-1,8,11,-64.7,1,0,0,1,1,1,1,1
2026-03-28 12:15:47.907,164.505,-1,8,11,-67.22,1,0,0,1,1,1,1,1
2026-03-28 12:15:48.002,164.601,-1,8,11,-64.04,1,0,0,1,1,1,1,1
2026-03-28 12:15:48.034,164.633,-1,8,11,-66.76,1,0,0,1,1,1,1,1
2026-03-28 12:15:48.162,164.761,-1,10,10,-64.76,1,0,0,1,1,1,1,1
2026-03-28 12:15:48.226,164.825,-1,8,11,-68.01,1,0,0,1,1,1,1,1
2026-03-28 12:15:48.275,164.873,-1,8,11,-66.71,1,0,0,1,1,1,1,1
2026-03-28 12:15:48.355,164.953,-1,8,11,-67.43,1,0,0,1,1,1,1,1
2026-03-28 12:15:48.450,165.049,-1,8,8,-66.74,1,0,0,1,1,1,1,1
2026-03-28 12:15:48.546,165.145,-3,8,11,-67.27,1,0,0,1,1,1,1,1
2026-03-28 12:15:48.658,165.257,-1,8,11,-64.87,1,0,0,1,1,1,1,1
2026-03-28 12:15:48.770,165.368,-1,8,11,-64.97,1,0,0,1,1,1,1,1
2026-03-28 12:15:48.866,165.465,-1,8,11,-63.84,1,0,0,1,1,1,1,1
2026-03-28 12:15:48.931,165.529,-1,8,11,-68.61,1,0,0,1,1,1,1,1
2026-03-28 12:15:49.027,165.625,-1,8,11,-62.4,1,0,0,1,1,1,1,1
2026-03-28 12:15:49.138,165.737,-1,8,11,-63.57,1,0,0,1,1,1,1,1
2026-03-28 12:15:49.187,165.785,-1,8,11,-66.1,1,0,0,1,1,1,1,1
2026-03-28 12:15:49.298,165.897,-1,8,11,-67.17,1,0,0,1,1,1,1,1
2026-03-28 12:15:49.362,165.961,-1,8,11,-68.56,1,0,0,1,1,1,1,1
2026-03-28 12:15:49.474,166.073,-1,8,11,-63.47,1,0,0,1,1,1,1,1
2026-03-28 12:15:49.507,166.106,-1,8,10,-72.78,1,0,0,1,1,1,1,1
2026-03-28 12:15:49.586,166.185,-1,8,11,-68.06,1,0,0,1,1,1,1,1
2026-03-28 12:15:49.682,166.281,-1,8,11,-67.54,1,0,0,1,1,1,1,1
2026-03-28 12:15:49.842,166.441,-1,8,11,-66.34,1,0,0,1,1,1,1,1
2026-03-28 12:15:49.923,166.521,-1,8,11,-65.54,1,0,0,1,1,1,1,1
2026-03-28 12:15:50.018,166.616,-1,8,11,-64.48,1,0,0,1,1,1,1,1
2026-03-28 12:15:50.115,166.713,-1,8,11,-64.64,1,0,0,1,1,1,1,1
2026-03-28 12:15:50.179,166.777,-1,8,11,-64.2,1,0,0,1,1,1,1,1
2026-03-28 12:15:50.275,166.873,-1,8,11,-68.36,1,0,0,1,1,1,1,1
2026-03-28 12:15:50.370,166.969,-1,8,11,-68.38,1,0,0,1,1,1,1,1
2026-03-28 12:15:50.418,167.017,-1,8,11,-72.82,1,0,0,1,1,1,1,1
2026-03-28 12:15:50.515,167.113,-1,8,11,-69.71,1,0,0,1,1,1,1,1
2026-03-28 12:15:50.595,167.193,-1,8,11,-68.14,1,0,0,1,1,1,1,1
2026-03-28 12:15:50.690,167.289,-1,8,11,-65.08,1,0,0,1,1,1,1,1
2026-03-28 12:15:50.771,167.369,-1,8,11,-68.65,1,0,0,1,1,1,1,1
2026-03-28 12:15:50.819,167.417,-1,8,11,-71.56,1,0,0,1,1,1,1,1
2026-03-28 12:15:50.882,167.481,-1,8,11,-73.0,1,0,0,1,1,1,1,1
2026-03-28 12:15:51.011,167.609,-1,8,11,-70.19,1,0,0,1,1,1,1,1
2026-03-28 12:15:51.122,167.721,-1,8,11,-65.49,1,0,0,1,1,1,1,1
2026-03-28 12:15:51.138,167.737,-1,8,11,-67.43,1,0,0,1,1,1,1,1
2026-03-28 12:15:51.186,167.784,-1,8,11,-70.04,1,0,0,1,1,1,1,1
2026-03-28 12:15:51.282,167.881,-1,8,11,-70.09,1,0,0,1,1,1,1,1
2026-03-28 12:15:51.410,168.009,-1,8,11,-71.1,1,0,0,1,1,1,1,1
2026-03-28 12:15:51.442,168.041,0,8,11,-67.87,1,0,0,1,1,1,1,1
2026-03-28 12:15:51.523,168.121,-1,8,11,-68.87,1,0,0,1,1,1,1,1
2026-03-28 12:15:51.650,168.249,-1,8,11,-62.62,1,0,0,1,1,1,1,1
2026-03-28 12:15:51.762,168.361,-1,8,11,-70.67,1,0,0,1,1,1,1,1
2026-03-28 12:15:51.795,168.393,-1,8,11,-66.77,1,0,0,1,1,1,1,1
2026-03-28 12:15:51.923,168.521,-1,8,11,-67.07,1,0,0,1,1,1,1,1
2026-03-28 12:15:51.955,168.553,-1,8,11,-69.4,1,0,0,1,1,1,1,1
2026-03-28 12:15:52.018,168.617,-1,8,11,-66.77,1,0,0,1,1,1,1,1
2026-03-28 12:15:52.114,168.712,-1,8,11,-69.23,1,0,0,1,1,1,1,1
2026-03-28 12:15:52.194,168.793,-1,8,11,-65.19,1,0,0,1,1,1,1,1
2026-03-28 12:15:52.307,168.905,-1,8,11,-65.78,1,0,0,1,1,1,1,1
2026-03-28 12:15:52.386,168.984,-1,8,11,-66.2,1,0,0,1,1,1,1,1
2026-03-28 12:15:52.418,169.016,-1,8,11,-67.05,1,0,0,1,1,1,1,1
2026-03-28 12:15:52.530,169.129,-1,8,11,-66.61,1,0,0,1,1,1,1,1
2026-03-28 12:15:52.643,169.241,-1,8,11,-64.47,1,0,0,1,1,1,1,1
2026-03-28 12:15:52.690,169.288,-1,10,11,-64.71,1,0,0,1,1,1,1,1
2026-03-28 12:15:52.866,169.464,-1,8,11,-64.02,1,0,0,1,1,1,1,1
2026-03-28 12:15:52.930,169.529,-1,8,11,-67.89,1,0,0,1,1,1,1,1
2026-03-28 12:15:52.994,169.592,-1,8,11,-65.41,1,0,0,1,1,1,1,1
2026-03-28 12:15:53.123,169.721,-1,8,11,-67.13,1,0,0,1,1,1,1,1
2026-03-28 12:15:53.154,169.752,-1,8,11,-66.36,1,0,0,1,1,1,1,1
2026-03-28 12:15:53.282,169.880,-1,8,11,-63.19,1,0,0,1,1,1,1,1
2026-03-28 12:15:53.394,169.992,-3,8,11,-65.76,1,0,0,1,1,1,1,1
2026-03-28 12:15:53.490,170.088,-1,8,11,-66.11,1,0,0,1,1,1,1,1
2026-03-28 12:15:53.555,170.153,-1,8,11,-67.67,1,0,0,1,1,1,1,1
2026-03-28 12:15:53.650,170.249,-1,8,11,-64.77,1,0,0,1,1,1,1,1
2026-03-28 12:15:53.745,170.344,-1,8,11,-62.67,1,0,0,1,1,1,1,1
2026-03-28 12:15:53.795,170.393,-1,8,11,-66.68,1,0,0,1,1,1,1,1
2026-03-28 12:15:53.907,170.505,0,8,11,-70.47,1,0,0,1,1,1,1,1
2026-03-28 12:15:54.034,170.633,-1,8,11,-65.55,1,0,0,1,1,1,1,1
2026-03-28 12:15:54.098,170.697,-1,8,11,-67.96,1,0,0,1,1,1,1,1
2026-03-28 12:15:54.210,170.809,-1,8,9,-65.59,1,0,0,1,1,1,1,1
2026-03-28 12:15:54.274,170.872,-1,8,11,-64.57,1,0,0,1,1,1,1,1
2026-03-28 12:15:54.306,170.904,-1,8,11,-68.09,1,0,0,1,1,1,1,1
2026-03-28 12:15:54.402,171.000,-1,8,11,-66.18,1,0,0,1,1,1,1,1
2026-03-28 12:15:54.515,171.113,-1,8,11,-69.81,1,0,0,1,1,1,1,1
2026-03-28 12:15:54.530,171.129,-1,8,11,-65.72,1,0,0,1,1,1,1,1
2026-03-28 12:15:54.610,171.208,-1,8,11,-64.81,1,0,0,1,1,1,1,1
2026-03-28 12:15:54.690,171.288,-1,8,11,-68.22,1,0,0,1,1,1,1,1
2026-03-28 12:15:54.771,171.369,-1,8,11,-69.86,1,0,0,1,1,1,1,1
2026-03-28 12:15:54.850,171.448,-1,8,11,-66.89,1,0,0,1,1,1,1,1
2026-03-28 12:15:54.898,171.496,-1,8,11,-68.1,1,0,0,1,1,1,1,1
2026-03-28 12:15:54.978,171.576,-1,8,11,-65.37,1,0,0,1,1,1,1,1
2026-03-28 12:15:55.058,171.656,-1,8,11,-65.38,1,0,0,1,1,1,1,1
2026-03-28 12:15:55.154,171.753,-1,8,11,-68.55,1,0,0,1,1,1,1,1
2026-03-28 12:15:55.234,171.833,-1,8,11,-62.33,1,0,0,1,1,1,1,1
2026-03-28 12:15:55.314,171.913,-1,8,11,-69.26,1,0,0,1,1,1,1,1
2026-03-28 12:15:55.394,171.992,-1,8,11,-72.01,1,0,0,1,1,1,1,1
2026-03-28 12:15:55.505,172.103,-1,8,11,-66.81,1,0,0,1,1,1,1,1
2026-03-28 12:15:55.586,172.184,-1,8,11,-71.78,1,0,0,1,1,1,1,1
2026-03-28 12:15:55.618,172.216,-1,8,11,-64.28,1,0,0,1,1,1,1,1
2026-03-28 12:15:55.747,172.345,-1,8,14,-68.03,1,0,0,1,1,1,1,1
2026-03-28 12:15:55.826,172.424,-1,8,11,-65.26,1,0,0,1,1,1,1,1
2026-03-28 12:15:55.906,172.505,-1,8,11,-73.39,1,0,0,1,1,1,1,1
2026-03-28 12:15:55.954,172.553,-1,8,11,-76.48,1,0,0,1,1,1,1,1
2026-03-28 12:15:56.082,172.680,-1,8,11,-70.09,1,0,0,1,1,1,1,1
2026-03-28 12:15:56.147,172.745,-1,8,11,-70.35,1,0,0,1,1,1,1,1
2026-03-28 12:15:56.306,172.905,-1,8,11,-65.21,1,0,0,1,1,1,1,1
2026-03-28 12:15:56.338,172.936,-1,8,11,-68.59,1,0,0,1,1,1,1,1
2026-03-28 12:15:56.482,173.080,-1,8,11,-70.56,1,0,0,1,1,1,1,1
2026-03-28 12:15:56.498,173.096,-1,8,11,-70.09,1,0,0,1,1,1,1,1
2026-03-28 12:15:56.562,173.160,0,8,11,-72.96,1,0,0,1,1,1,1,1
2026-03-28 12:15:56.642,173.240,-1,8,11,-69.63,1,0,0,1,1,1,1,1
2026-03-28 12:15:56.722,173.320,-1,8,11,-67.8,1,0,0,1,1,1,1,1
2026-03-28 12:15:56.850,173.448,-1,8,11,-68.52,1,0,0,1,1,1,1,1
2026-03-28 12:15:56.946,173.544,-1,8,11,-65.34,1,0,0,1,1,1,1,1
2026-03-28 12:15:56.978,173.576,-1,8,11,-70.61,1,0,0,1,1,1,1,1
2026-03-28 12:15:57.074,173.672,-1,8,11,-67.17,1,0,0,1,1,1,1,1
2026-03-28 12:15:57.169,173.768,0,8,11,-73.71,1,0,0,1,1,1,1,1
2026-03-28 12:15:57.218,173.816,-1,8,11,-67.69,1,0,0,1,1,1,1,1
2026-03-28 12:15:57.330,173.928,-1,8,11,-70.36,1,0,0,1,1,1,1,1
2026-03-28 12:15:57.426,174.024,-1,8,11,-70.9,1,0,0,1,1,1,1,1
2026-03-28 12:15:57.506,174.104,-1,8,11,-68.61,1,0,0,1,1,1,1,1
2026-03-28 12:15:57.537,174.136,-1,8,11,-68.02,1,0,0,1,1,1,1,1
2026-03-28 12:15:57.618,174.216,-1,8,11,-68.36,1,0,0,1,1,1,1,1
2026-03-28 12:15:57.698,174.296,-1,7,11,-69.68,1,0,0,1,1,1,1,1
2026-03-28 12:15:57.809,174.408,-1,8,11,-68.87,1,0,0,1,1,1,1,1
2026-03-28 12:15:57.842,174.440,-1,8,11,-67.76,1,0,0,1,1,1,1,1
2026-03-28 12:15:58.017,174.616,-1,8,11,-69.64,1,0,0,1,1,1,1,1
2026-03-28 12:15:58.034,174.632,-1,8,11,-71.59,1,0,0,1,1,1,1,1
2026-03-28 12:15:58.177,174.776,-1,8,11,-68.5,1,0,0,1,1,1,1,1
2026-03-28 12:15:58.242,174.840,0,8,11,-64.9,1,0,0,1,1,1,1,1
2026-03-28 12:15:58.306,174.904,-1,8,11,-70.17,1,0,0,1,1,1,1,1
2026-03-28 12:15:58.386,174.984,-1,8,11,-71.22,1,0,0,1,1,1,1,1
2026-03-28 12:15:58.466,175.064,0,8,11,-68.79,1,0,0,1,1,1,1,1
2026-03-28 12:15:58.577,175.176,-1,8,11,-77.75,1,0,0,1,1,1,1,1
2026-03-28 12:15:58.626,175.224,0,8,9,-69.71,1,0,0,1,1,1,1,1
2026-03-28 12:15:58.722,175.320,-1,8,11,-72.92,1,0,0,1,1,1,1,1
2026-03-28 12:15:58.818,175.416,0,9,11,-69.37,1,0,0,1,1,1,1,1
2026-03-28 12:15:58.882,175.480,-1,8,11,-71.21,1,0,0,1,1,1,1,1
2026-03-28 12:15:58.977,175.576,-1,8,11,-68.02,1,0,0,1,1,1,1,1
2026-03-28 12:15:59.042,175.640,0,8,11,-72.97,1,0,0,1,1,1,1,1
2026-03-28 12:15:59.170,175.768,-1,8,11,-68.76,1,0,0,1,1,1,1,1
2026-03-28 12:15:59.217,175.816,-1,8,11,-74.46,1,0,0,1,1,1,1,1
2026-03-28 12:15:59.346,175.945,-1,8,11,-72.16,1,0,0,1,1,1,1,1
2026-03-28 12:15:59.362,175.961,-1,8,11,-63.92,1,0,0,1,1,1,1,1
2026-03-28 12:15:59.458,176.056,-1,8,11,-64.71,1,0,0,1,1,1,1,1
2026-03-28 12:15:59.538,176.137,-1,8,11,-69.86,1,0,0,1,1,1,1,1
2026-03-28 12:15:59.618,176.216,-1,8,11,-72.72,1,0,0,1,1,1,1,1
2026-03-28 12:15:59.714,176.312,-1,8,11,-74.66,1,0,0,1,1,1,1,1
2026-03-28 12:15:59.778,176.376,-1,8,11,-71.09,1,0,0,1,1,1,1,1
2026-03-28 12:15:59.890,176.488,0,8,9,-69.98,1,0,0,1,1,1,1,1
2026-03-28 12:15:59.954,176.552,-1,8,11,-69.58,1,0,0,1,1,1,1,1
2026-03-28 12:16:00.018,176.616,-1,8,11,-69.12,1,0,0,1,1,1,1,1
2026-03-28 12:16:00.114,176.712,-1,8,11,-69.72,1,0,0,1,1,1,1,1
2026-03-28 12:16:00.178,176.776,-1,8,11,-68.12,1,0,0,1,1,1,1,1
2026-03-28 12:16:00.258,176.856,-1,8,11,-71.93,1,0,0,1,1,1,1,1
2026-03-28 12:16:00.354,176.952,-1,8,11,-70.78,1,0,0,1,1,1,1,1
2026-03-28 12:16:00.449,177.047,-1,8,11,-67.9,1,0,0,1,1,1,1,1
2026-03-28 12:16:00.529,177.128,0,8,11,-73.35,1,0,0,1,1,1,1,1
2026-03-28 12:16:00.625,177.224,-4,8,11,-71.88,1,0,0,1,1,1,1,1
2026-03-28 12:16:00.738,177.336,-3,8,11,-70.98,1,0,0,1,1,1,1,1
2026-03-28 12:16:00.785,177.384,-3,8,11,-71.45,1,0,0,1,1,1,1,1
2026-03-28 12:16:00.882,177.480,-1,8,11,-69.75,1,0,0,1,1,1,1,1
2026-03-28 12:16:01.026,177.624,-1,8,11,-70.61,1,0,0,1,1,1,1,1
2026-03-28 12:16:01.058,177.657,0,8,11,-66.1,1,0,0,1,1,1,1,1
2026-03-28 12:16:01.154,177.752,-1,8,11,-72.52,1,0,0,1,1,1,1,1
2026-03-28 12:16:01.298,177.897,-1,8,11,-70.42,1,0,0,1,1,1,1,1
2026-03-28 12:16:01.330,177.929,-1,8,11,-70.04,1,0,0,1,1,1,1,1
2026-03-28 12:16:01.442,178.040,-1,8,11,-71.23,1,0,0,1,1,1,1,1
2026-03-28 12:16:01.443,178.042,-1,8,11,-77.12,1,0,0,1,1,1,1,1
2026-03-28 12:16:01.506,178.105,-3,8,11,-69.29,1,0,0,1,1,1,1,1
2026-03-28 12:16:01.602,178.200,-1,8,11,-72.99,1,0,0,1,1,1,1,1
2026-03-28 12:16:01.666,178.265,-1,8,11,-68.22,1,0,0,1,1,1,1,1
2026-03-28 12:16:01.778,178.376,-1,8,11,-65.12,1,0,0,1,1,1,1,1
2026-03-28 12:16:01.874,178.473,-1,8,11,-68.43,1,0,0,1,1,1,1,1
2026-03-28 12:16:01.986,178.584,-1,8,11,-74.96,1,0,0,1,1,1,1,1
2026-03-28 12:16:02.065,178.664,-1,8,11,-70.17,1,0,0,1,1,1,1,1
2026-03-28 12:16:02.114,178.712,-1,8,11,-68.38,1,0,0,1,1,1,1,1
2026-03-28 12:16:02.194,178.792,-1,8,11,-69.49,1,0,0,1,1,1,1,1
2026-03-28 12:16:02.306,178.904,0,8,9,-70.05,1,0,0,1,1,1,1,1
2026-03-28 12:16:02.402,179.000,-1,8,11,-70.29,1,0,0,1,1,1,1,1
2026-03-28 12:16:02.482,179.080,-2,8,11,-70.2,1,0,0,1,1,1,1,1
2026-03-28 12:16:02.594,179.192,-3,8,11,-69.98,1,0,0,1,1,1,1,1
2026-03-28 12:16:02.642,179.240,-1,8,11,-66.41,1,0,0,1,1,1,1,1
2026-03-28 12:16:02.754,179.352,-1,8,11,-70.61,1,0,0,1,1,1,1,1
2026-03-28 12:16:02.818,179.416,-1,8,11,-68.95,1,0,0,1,1,1,1,1
2026-03-28 12:16:02.882,179.480,-1,8,11,-64.39,1,0,0,1,1,1,1,1
2026-03-28 12:16:03.010,179.608,-1,8,11,-69.38,1,0,0,1,1,1,1,1
2026-03-28 12:16:03.042,179.640,-1,8,11,-69.54,1,0,0,1,1,1,1,1
2026-03-28 12:16:03.154,179.752,-1,8,11,-69.55,1,0,0,1,1,1,1,1
2026-03-28 12:16:03.217,179.816,-1,8,11,-69.28,1,0,0,1,1,1,1,1
2026-03-28 12:16:03.282,179.880,-1,8,11,-68.48,1,0,0,1,1,1,1,1
2026-03-28 12:16:03.393,179.992,-1,8,11,-70.36,1,0,0,1,1,1,1,1
2026-03-28 12:16:03.505,180.104,-1,8,11,-70.39,1,0,0,1,1,1,1,1
2026-03-28 12:16:03.601,180.200,-1,8,11,-65.42,1,0,0,1,1,1,1,1
2026-03-28 12:16:03.650,180.248,-1,8,11,-65.47,1,0,0,1,1,1,1,1
2026-03-28 12:16:03.730,180.328,-1,8,11,-68.17,1,0,0,1,1,1,1,1
2026-03-28 12:16:03.826,180.424,-1,8,11,-69.56,1,0,0,1,1,1,1,1
2026-03-28 12:16:03.906,180.504,-1,8,11,-71.08,1,0,0,1,1,1,1,1
2026-03-28 12:16:04.002,180.600,-1,8,11,-69.11,1,0,0,1,1,1,1,1
2026-03-28 12:16:04.050,180.648,-1,8,11,-67.29,1,0,0,1,1,1,1,1
2026-03-28 12:16:04.130,180.728,-1,8,11,-73.31,1,0,0,1,1,1,1,1
2026-03-28 12:16:04.194,180.793,-1,8,11,-71.13,1,0,0,1,1,1,1,1
2026-03-28 12:16:04.258,180.856,-1,8,11,-72.44,1,0,0,1,1,1,1,1
2026-03-28 12:16:04.321,180.920,-1,8,11,-75.02,1,0,0,1,1,1,1,1
2026-03-28 12:16:04.449,181.048,-1,8,11,-68.01,1,0,0,1,1,1,1,1
2026-03-28 12:16:04.465,181.064,-1,8,11,-70.91,1,0,0,1,1,1,1,1
2026-03-28 12:16:04.562,181.160,-1,8,11,-67.81,1,0,0,1,1,1,1,1
2026-03-28 12:16:04.689,181.288,-1,8,11,-67.0,1,0,0,1,1,1,1,1
2026-03-28 12:16:04.754,181.352,-1,8,11,-65.7,1,0,0,1,1,1,1,1
2026-03-28 12:16:04.818,181.416,-1,8,11,-69.8,1,0,0,1,1,1,1,1
2026-03-28 12:16:04.898,181.496,-1,8,11,-71.33,1,0,0,1,1,1,1,1
2026-03-28 12:16:04.978,181.576,-1,8,11,-72.06,1,0,0,1,1,1,1,1
2026-03-28 12:16:05.058,181.657,-1,8,11,-72.99,1,0,0,1,1,1,1,1
2026-03-28 12:16:05.233,181.831,-1,8,11,-64.17,1,0,0,1,1,1,1,1
2026-03-28 12:16:05.234,181.833,-1,8,11,-70.44,1,0,0,1,1,1,1,1
2026-03-28 12:16:05.314,181.912,-1,8,11,-74.52,1,0,0,1,1,1,1,1
2026-03-28 12:16:05.394,181.992,-1,8,11,-69.18,1,0,0,1,1,1,1,1
2026-03-28 12:16:05.506,182.104,0,8,11,-68.12,1,0,0,1,1,1,1,1
2026-03-28 12:16:05.569,182.168,-1,8,11,-69.78,1,0,0,1,1,1,1,1
2026-03-28 12:16:05.650,182.249,-1,8,11,-69.84,1,0,0,1,1,1,1,1
2026-03-28 12:16:05.745,182.344,-1,8,11,-69.75,1,0,0,1,1,1,1,1
2026-03-28 12:16:05.858,182.456,-1,8,11,-68.27,1,0,0,1,1,1,1,1
2026-03-28 12:16:05.874,182.473,-1,8,11,-72.12,1,0,0,1,1,1,1,1
2026-03-28 12:16:06.018,182.616,-1,8,11,-68.72,1,0,0,1,1,1,1,1
2026-03-28 12:16:06.081,182.679,-1,8,11,-69.45,1,0,0,1,1,1,1,1
2026-03-28 12:16:06.161,182.760,0,8,11,-73.24,1,0,0,1,1,1,1,1
2026-03-28 12:16:06.193,182.792,-1,8,11,-69.75,1,0,0,1,1,1,1,1
2026-03-28 12:16:06.290,182.889,-1,8,11,-69.99,1,0,0,1,1,1,1,1
2026-03-28 12:16:06.401,182.999,-1,8,11,-68.84,1,0,0,1,1,1,1,1
2026-03-28 12:16:06.482,183.080,-1,8,11,-65.38,1,0,0,1,1,1,1,1
2026-03-28 12:16:06.609,183.208,-1,8,11,-71.88,1,0,0,1,1,1,1,1
2026-03-28 12:16:06.641,183.240,-1,8,11,-64.28,1,0,0,1,1,1,1,1
2026-03-28 12:16:06.705,183.304,-1,8,11,-71.25,1,0,0,1,1,1,1,1
2026-03-28 12:16:06.818,183.416,-1,8,11,-66.16,1,0,0,1,1,1,1,1
2026-03-28 12:16:06.914,183.512,-1,8,11,-69.16,1,0,0,1,1,1,1,1
2026-03-28 12:16:06.978,183.576,-1,8,11,-71.2,1,0,0,1,1,1,1,1
2026-03-28 12:16:07.121,183.720,-1,9,8,-71.38,1,0,0,1,1,1,1,1
2026-03-28 12:16:07.185,183.784,-1,8,11,-73.21,1,0,0,1,1,1,1,1
2026-03-28 12:16:07.218,183.816,-1,8,11,-71.72,1,0,0,1,1,1,1,1
2026-03-28 12:16:07.313,183.912,-1,8,11,-76.47,1,0,0,1,1,1,1,1
2026-03-28 12:16:07.377,183.976,-1,8,11,-68.73,1,0,0,1,1,1,1,1
2026-03-28 12:16:07.472,184.071,-1,8,11,-68.38,1,0,0,1,1,1,1,1
2026-03-28 12:16:07.585,184.184,-1,8,11,-69.91,1,0,0,1,1,1,1,1
2026-03-28 12:16:07.649,184.248,-1,8,11,-70.12,1,0,0,1,1,1,1,1
2026-03-28 12:16:07.746,184.344,-1,8,11,-65.59,1,0,0,1,1,1,1,1
2026-03-28 12:16:07.841,184.440,-3,8,11,-70.67,1,0,0,1,1,1,1,1
2026-03-28 12:16:07.857,184.456,-1,8,11,-69.16,1,0,0,1,1,1,1,1
2026-03-28 12:16:07.953,184.552,-1,8,11,-66.64,1,0,0,1,1,1,1,1
2026-03-28 12:16:08.017,184.616,-1,8,11,-71.7,1,0,0,1,1,1,1,1
2026-03-28 12:16:08.145,184.744,-1,8,8,-70.8,1,0,0,1,1,1,1,1
2026-03-28 12:16:08.177,184.776,-1,8,11,-71.64,1,0,0,1,1,1,1,1
2026-03-28 12:16:08.273,184.872,-1,8,11,-67.79,1,0,0,1,1,1,1,1
2026-03-28 12:16:08.369,184.967,-1,8,11,-74.56,1,0,0,1,1,1,1,1
2026-03-28 12:16:08.465,185.064,-1,8,11,-65.47,1,0,0,1,1,1,1,1
2026-03-28 12:16:08.545,185.144,-1,10,11,-67.82,1,0,0,1,1,1,1,1
2026-03-28 12:16:08.609,185.208,-1,8,11,-72.97,1,0,0,1,1,1,1,1
2026-03-28 12:16:08.737,185.336,-1,8,11,-69.41,1,0,0,1,1,1,1,1
2026-03-28 12:16:08.801,185.400,-3,8,11,-66.74,1,0,0,1,1,1,1,1
2026-03-28 12:16:08.914,185.512,-1,8,11,-74.78,1,0,0,1,1,1,1,1
2026-03-28 12:16:08.962,185.560,-1,8,11,-68.13,1,0,0,1,1,1,1,1
2026-03-28 12:16:09.025,185.624,0,8,11,-69.34,1,0,0,1,1,1,1,1
2026-03-28 12:16:09.074,185.672,-1,8,11,-69.76,1,0,0,1,1,1,1,1
2026-03-28 12:16:09.186,185.784,-1,8,11,-69.82,1,0,0,1,1,1,1,1
2026-03-28 12:16:09.266,185.864,-1,8,11,-70.61,1,0,0,1,1,1,1,1
2026-03-28 12:16:09.361,185.960,-1,8,11,-70.84,1,0,0,1,1,1,1,1
2026-03-28 12:16:09.442,186.040,-1,8,11,-72.2,1,0,0,1,1,1,1,1
2026-03-28 12:16:09.505,186.104,0,8,11,-71.48,1,0,0,1,1,1,1,1
2026-03-28 12:16:09.650,186.248,-1,8,11,-66.69,1,0,0,1,1,1,1,1
2026-03-28 12:16:09.713,186.312,-1,8,11,-68.64,1,0,0,1,1,1,1,1
2026-03-28 12:16:09.825,186.424,-1,8,11,-67.99,1,0,0,1,1,1,1,1
2026-03-28 12:16:09.874,186.472,-1,8,11,-71.56,1,0,0,1,1,1,1,1
2026-03-28 12:16:09.953,186.552,-1,8,11,-70.73,1,0,0,1,1,1,1,1
2026-03-28 12:16:10.082,186.680,-1,8,11,-68.34,1,0,0,1,1,1,1,1
2026-03-28 12:16:10.162,186.760,0,8,11,-70.25,1,0,0,1,1,1,1,1
2026-03-28 12:16:10.209,186.807,-1,8,11,-71.79,1,0,0,1,1,1,1,1
2026-03-28 12:16:10.258,186.856,-1,8,11,-71.03,1,0,0,1,1,1,1,1
2026-03-28 12:16:10.353,186.951,-1,8,11,-73.71,1,0,0,1,1,1,1,1
2026-03-28 12:16:10.417,187.015,-1,8,11,-79.24,1,0,0,1,1,1,1,1
2026-03-28 12:16:10.497,187.095,-1,8,11,-70.34,1,0,0,1,1,1,1,1
2026-03-28 12:16:10.577,187.176,-1,8,11,-69.84,1,0,0,1,1,1,1,1
2026-03-28 12:16:10.672,187.271,0,8,8,-68.25,1,0,0,1,1,1,1,1
2026-03-28 12:16:10.737,187.335,-1,8,11,-69.08,1,0,0,1,1,1,1,1
2026-03-28 12:16:10.833,187.431,-1,8,11,-65.58,1,0,0,1,1,1,1,1
2026-03-28 12:16:10.962,187.560,-1,8,11,-66.07,1,0,0,1,1,1,1,1
2026-03-28 12:16:10.993,187.591,-1,8,11,-68.44,1,0,0,1,1,1,1,1
2026-03-28 12:16:11.106,187.704,-1,8,11,-68.84,1,0,0,1,1,1,1,1
2026-03-28 12:16:11.202,187.800,-1,8,11,-66.66,1,0,0,1,1,1,1,1
2026-03-28 12:16:11.298,187.896,-1,8,11,-68.41,1,0,0,1,1,1,1,1
2026-03-28 12:16:11.361,187.959,-1,8,11,-65.69,1,0,0,1,1,1,1,1
2026-03-28 12:16:11.409,188.007,-1,8,11,-69.41,1,0,0,1,1,1,1,1
2026-03-28 12:16:11.490,188.088,-1,8,11,-69.34,1,0,0,1,1,1,1,1
2026-03-28 12:16:11.586,188.184,-1,8,11,-65.63,1,0,0,1,1,1,1,1
2026-03-28 12:16:11.681,188.279,-1,8,11,-69.92,1,0,0,1,1,1,1,1
2026-03-28 12:16:11.746,188.344,-1,8,11,-66.58,1,0,0,1,1,1,1,1
2026-03-28 12:16:11.825,188.424,-1,8,11,-66.39,1,0,0,1,1,1,1,1
2026-03-28 12:16:11.889,188.488,-1,8,11,-68.55,1,0,0,1,1,1,1,1
2026-03-28 12:16:12.001,188.600,-1,8,11,-70.32,1,0,0,1,1,1,1,1
2026-03-28 12:16:12.065,188.663,-1,8,11,-64.91,1,0,0,1,1,1,1,1
2026-03-28 12:16:12.192,188.791,-1,8,11,-69.53,1,0,0,1,1,1,1,1
2026-03-28 12:16:12.241,188.840,-1,8,11,-70.48,1,0,0,1,1,1,1,1
2026-03-28 12:16:12.321,188.919,-1,8,8,-65.57,1,0,0,1,1,1,1,1
2026-03-28 12:16:12.385,188.984,-1,8,11,-67.15,1,0,0,1,1,1,1,1
2026-03-28 12:16:12.465,189.064,-1,8,11,-69.88,1,0,0,1,1,1,1,1
2026-03-28 12:16:12.545,189.144,-1,8,11,-73.75,1,0,0,1,1,1,1,1
2026-03-28 12:16:12.658,189.256,-1,7,11,-65.71,1,0,0,1,1,1,1,1
2026-03-28 12:16:12.721,189.320,-1,8,11,-71.65,1,0,0,1,1,1,1,1
2026-03-28 12:16:12.770,189.368,-1,8,11,-68.88,1,0,0,1,1,1,1,1
2026-03-28 12:16:12.850,189.448,-1,8,11,-67.4,1,0,0,1,1,1,1,1
2026-03-28 12:16:12.993,189.592,-1,8,11,-65.73,1,0,0,1,1,1,1,1
2026-03-28 12:16:13.089,189.688,-1,8,8,-66.33,1,0,0,1,1,1,1,1
2026-03-28 12:16:13.153,189.752,-1,8,8,-67.12,1,0,0,1,1,1,1,1
2026-03-28 12:16:13.233,189.832,-1,8,11,-70.59,1,0,0,1,1,1,1,1
2026-03-28 12:16:13.281,189.879,-1,8,11,-68.59,1,0,0,1,1,1,1,1
2026-03-28 12:16:13.377,189.975,-1,8,11,-68.49,1,0,0,1,1,1,1,1
2026-03-28 12:16:13.425,190.024,-1,8,11,-75.51,1,0,0,1,1,1,1,1
2026-03-28 12:16:13.521,190.120,-1,8,11,-68.63,1,0,0,1,1,1,1,1
2026-03-28 12:16:13.585,190.184,1,8,11,-66.67,1,0,0,1,1,1,1,1
2026-03-28 12:16:13.681,190.280,-1,8,11,-70.57,1,0,0,1,1,1,1,1
2026-03-28 12:16:13.777,190.376,-1,8,11,-65.51,1,0,0,1,1,1,1,1
2026-03-28 12:16:13.857,190.456,-1,8,11,-66.81,1,0,0,1,1,1,1,1
2026-03-28 12:16:13.921,190.519,-1,8,11,-69.13,1,0,0,1,1,1,1,1
2026-03-28 12:16:14.017,190.615,-1,8,11,-69.02,1,0,0,1,1,1,1,1
2026-03-28 12:16:14.113,190.711,-1,8,11,-70.8,1,0,0,1,1,1,1,1
2026-03-28 12:16:14.193,190.791,-1,8,11,-67.78,1,0,0,1,1,1,1,1
2026-03-28 12:16:14.289,190.888,-1,8,11,-68.85,1,0,0,1,1,1,1,1
2026-03-28 12:16:14.353,190.951,-1,8,11,-69.38,1,0,0,1,1,1,1,1
2026-03-28 12:16:14.448,191.047,-1,8,11,-70.11,1,0,0,1,1,1,1,1
2026-03-28 12:16:14.481,191.080,-1,8,11,-72.61,1,0,0,1,1,1,1,1
2026-03-28 12:16:14.561,191.160,-1,8,8,-72.53,1,0,0,1,1,1,1,1
2026-03-28 12:16:14.673,191.271,-1,8,11,-67.01,1,0,0,1,1,1,1,1
2026-03-28 12:16:14.753,191.351,-1,8,11,-68.55,1,0,0,1,1,1,1,1
2026-03-28 12:16:14.833,191.432,-1,8,11,-69.71,1,0,0,1,1,1,1,1
2026-03-28 12:16:14.898,191.496,-1,8,11,-68.59,1,0,0,1,1,1,1,1
2026-03-28 12:16:15.009,191.607,-1,8,11,-71.26,1,0,0,1,1,1,1,1
2026-03-28 12:16:15.073,191.671,-1,8,11,-67.89,1,0,0,1,1,1,1,1
2026-03-28 12:16:15.185,191.783,-1,8,9,-71.51,1,0,0,1,1,1,1,1
2026-03-28 12:16:15.217,191.816,-1,8,8,-67.45,1,0,0,1,1,1,1,1
2026-03-28 12:16:15.297,191.896,-1,8,11,-73.14,1,0,0,1,1,1,1,1
2026-03-28 12:16:15.441,192.039,-1,8,11,-68.64,1,0,0,1,1,1,1,1
2026-03-28 12:16:15.473,192.071,-1,8,11,-66.23,1,0,0,1,1,1,1,1
2026-03-28 12:16:15.553,192.152,-1,8,11,-72.97,1,0,0,1,1,1,1,1
2026-03-28 12:16:15.697,192.296,-1,8,11,-73.47,1,0,0,1,1,1,1,1
2026-03-28 12:16:15.761,192.359,-1,8,11,-67.37,1,0,0,1,1,1,1,1
2026-03-28 12:16:15.793,192.391,-1,8,11,-68.2,1,0,0,1,1,1,1,1
2026-03-28 12:16:15.873,192.472,-1,8,11,-70.24,1,0,0,1,1,1,1,1
2026-03-28 12:16:15.985,192.583,-1,8,8,-65.24,1,0,0,1,1,1,1,1
2026-03-28 12:16:16.097,192.695,-1,8,11,-67.8,1,0,0,1,1,1,1,1
2026-03-28 12:16:16.161,192.759,-1,8,11,-70.64,1,0,0,1,1,1,1,1
2026-03-28 12:16:16.226,192.824,-1,8,11,-70.55,1,0,0,1,1,1,1,1
2026-03-28 12:16:16.353,192.952,-1,8,11,-72.53,1,0,0,1,1,1,1,1
2026-03-28 12:16:16.433,193.032,-1,8,11,-67.1,1,0,0,1,1,1,1,1
2026-03-28 12:16:16.498,193.096,-1,8,11,-68.43,1,0,0,1,1,1,1,1
2026-03-28 12:16:16.593,193.192,-1,8,11,-68.05,1,0,0,1,1,1,1,1
2026-03-28 12:16:16.642,193.240,-1,8,11,-73.42,1,0,0,1,1,1,1,1
2026-03-28 12:16:16.753,193.352,-3,8,13,-71.85,1,0,0,1,1,1,1,1
2026-03-28 12:16:16.817,193.415,-1,8,11,-66.42,1,0,0,1,1,1,1,1
2026-03-28 12:16:16.897,193.495,-1,8,11,-68.06,1,0,0,1,1,1,1,1
2026-03-28 12:16:16.961,193.559,-1,8,11,-70.85,1,0,0,1,1,1,1,1
2026-03-28 12:16:17.008,193.607,-4,8,11,-69.47,1,0,0,1,1,1,1,1
2026-03-28 12:16:17.089,193.687,-1,8,11,-67.21,1,0,0,1,1,1,1,1
2026-03-28 12:16:17.169,193.767,-1,8,11,-70.89,1,0,0,1,1,1,1,1
2026-03-28 12:16:17.249,193.848,-1,8,11,-68.58,1,0,0,1,1,1,1,1
2026-03-28 12:16:17.345,193.944,-1,8,11,-68.64,1,0,0,1,1,1,1,1
2026-03-28 12:16:17.457,194.055,-1,8,11,-66.17,1,0,0,1,1,1,1,1
2026-03-28 12:16:17.601,194.200,-1,8,11,-64.42,1,0,0,1,1,1,1,1
2026-03-28 12:16:17.713,194.311,-1,8,11,-68.48,1,0,0,1,1,1,1,1
2026-03-28 12:16:17.793,194.392,-1,8,11,-66.8,1,0,0,1,1,1,1,1
2026-03-28 12:16:17.825,194.424,-1,8,11,-67.15,1,0,0,1,1,1,1,1
2026-03-28 12:16:17.905,194.504,-1,8,11,-68.75,1,0,0,1,1,1,1,1
2026-03-28 12:16:18.001,194.599,-1,8,11,-69.03,1,0,0,1,1,1,1,1
2026-03-28 12:16:18.129,194.728,-1,8,11,-67.72,1,0,0,1,1,1,1,1
2026-03-28 12:16:18.160,194.759,-1,8,12,-71.13,1,0,0,1,1,1,1,1
2026-03-28 12:16:18.241,194.839,-1,8,11,-69.61,1,0,0,1,1,1,1,1
2026-03-28 12:16:18.290,194.888,-1,8,11,-66.96,1,0,0,1,1,1,1,1
2026-03-28 12:16:18.401,195.000,-1,8,11,-73.07,1,0,0,1,1,1,1,1
2026-03-28 12:16:18.480,195.079,-1,8,11,-70.6,1,0,0,1,1,1,1,1
2026-03-28 12:16:18.545,195.144,-1,8,11,-69.27,1,0,0,1,1,1,1,1
2026-03-28 12:16:18.609,195.207,-1,8,11,-68.73,1,0,0,1,1,1,1,1
2026-03-28 12:16:18.705,195.304,-1,8,11,-69.12,1,0,0,1,1,1,1,1
2026-03-28 12:16:18.769,195.368,-1,8,11,-74.34,1,0,0,1,1,1,1,1
2026-03-28 12:16:18.832,195.431,-1,8,11,-69.47,1,0,0,1,1,1,1,1
2026-03-28 12:16:18.961,195.559,-1,8,11,-71.79,1,0,0,1,1,1,1,1
2026-03-28 12:16:19.009,195.607,-1,8,11,-67.36,1,0,0,1,1,1,1,1
2026-03-28 12:16:19.153,195.751,-1,8,11,-68.21,1,0,0,1,1,1,1,1
2026-03-28 12:16:19.184,195.783,-1,8,11,-70.6,1,0,0,1,1,1,1,1
2026-03-28 12:16:19.265,195.864,-1,8,11,-70.91,1,0,0,1,1,1,1,1
2026-03-28 12:16:19.361,195.959,-1,8,11,-71.67,1,0,0,1,1,1,1,1
2026-03-28 12:16:19.426,196.024,-1,8,11,-67.15,1,0,0,1,1,1,1,1
2026-03-28 12:16:19.521,196.119,-1,8,11,-72.83,1,0,0,1,1,1,1,1
2026-03-28 12:16:19.601,196.199,-1,8,11,-70.91,1,0,0,1,1,1,1,1
2026-03-28 12:16:19.697,196.295,-1,8,11,-70.11,1,0,0,1,1,1,1,1
2026-03-28 12:16:19.761,196.359,-1,8,11,-66.28,1,0,0,1,1,1,1,1
2026-03-28 12:16:19.889,196.487,-1,8,11,-70.58,1,0,0,1,1,1,1,1
2026-03-28 12:16:19.953,196.551,-1,8,11,-69.18,1,0,0,1,1,1,1,1
2026-03-28 12:16:20.017,196.616,-1,8,11,-72.72,1,0,0,1,1,1,1,1
2026-03-28 12:16:20.081,196.679,-1,8,11,-73.64,1,0,0,1,1,1,1,1
2026-03-28 12:16:20.225,196.823,-1,8,11,-68.82,1,0,0,1,1,1,1,1
2026-03-28 12:16:20.321,196.919,-1,8,11,-70.31,1,0,0,1,1,1,1,1
2026-03-28 12:16:20.417,197.015,-1,8,11,-68.24,1,0,0,1,1,1,1,1
2026-03-28 12:16:20.448,197.046,-1,8,11,-70.32,1,0,0,1,1,1,1,1
2026-03-28 12:16:20.481,197.079,-3,8,11,-71.73,1,0,0,1,1,1,1,1
2026-03-28 12:16:20.592,197.191,-1,8,11,-70.58,1,0,0,1,1,1,1,1
2026-03-28 12:16:20.641,197.239,-1,8,11,-73.84,1,0,0,1,1,1,1,1
2026-03-28 12:16:20.736,197.334,-1,8,11,-68.01,1,0,0,1,1,1,1,1
2026-03-28 12:16:20.832,197.431,-1,8,11,-71.33,1,0,0,1,1,1,1,1
2026-03-28 12:16:20.896,197.495,-1,8,11,-68.79,1,0,0,1,1,1,1,1
2026-03-28 12:16:20.993,197.591,-3,8,11,-71.45,1,0,0,1,1,1,1,1
2026-03-28 12:16:21.089,197.687,-1,8,10,-69.48,1,0,0,1,1,1,1,1
2026-03-28 12:16:21.185,197.784,-1,8,11,-70.31,1,0,0,1,1,1,1,1
2026-03-28 12:16:21.233,197.831,-1,8,11,-70.61,1,0,0,1,1,1,1,1
2026-03-28 12:16:21.312,197.911,-1,8,11,-69.78,1,0,0,1,1,1,1,1
2026-03-28 12:16:21.440,198.039,-1,8,11,-70.66,1,0,0,1,1,1,1,1
2026-03-28 12:16:21.537,198.135,-1,8,11,-69.27,1,0,0,1,1,1,1,1
2026-03-28 12:16:21.617,198.215,-1,8,11,-71.76,1,0,0,1,1,1,1,1
2026-03-28 12:16:21.729,198.328,-1,8,11,-69.22,1,0,0,1,1,1,1,1
2026-03-28 12:16:21.777,198.376,-1,8,11,-66.82,1,0,0,1,1,1,1,1
2026-03-28 12:16:21.888,198.487,0,8,11,-67.27,1,0,0,1,1,1,1,1
2026-03-28 12:16:21.905,198.503,-1,8,11,-70.39,1,0,0,1,1,1,1,1
2026-03-28 12:16:22.033,198.631,-1,8,11,-73.18,1,0,0,1,1,1,1,1
2026-03-28 12:16:22.081,198.679,-1,8,11,-69.44,1,0,0,1,1,1,1,1
2026-03-28 12:16:22.160,198.759,-1,8,11,-69.58,1,0,0,1,1,1,1,1
2026-03-28 12:16:22.257,198.856,-1,8,11,-72.61,1,0,0,1,1,1,1,1
2026-03-28 12:16:22.304,198.903,-1,8,11,-74.79,1,0,0,1,1,1,1,1
2026-03-28 12:16:22.449,199.048,-1,8,11,-68.7,1,0,0,1,1,1,1,1
2026-03-28 12:16:22.544,199.142,-3,8,11,-70.4,1,0,0,1,1,1,1,1
2026-03-28 12:16:22.592,199.190,-1,8,8,-73.43,1,0,0,1,1,1,1,1
2026-03-28 12:16:22.673,199.272,-1,8,11,-65.85,1,0,0,1,1,1,1,1
2026-03-28 12:16:22.768,199.367,-1,8,11,-67.45,1,0,0,1,1,1,1,1
2026-03-28 12:16:22.848,199.447,-1,8,11,-68.42,1,0,0,1,1,1,1,1
2026-03-28 12:16:22.929,199.527,-1,8,11,-69.19,1,0,0,1,1,1,1,1
2026-03-28 12:16:22.993,199.591,-1,8,11,-65.01,1,0,0,1,1,1,1,1
2026-03-28 12:16:23.089,199.688,-1,8,11,-76.09,1,0,0,1,1,1,1,1
2026-03-28 12:16:23.152,199.751,-1,8,11,-69.17,1,0,0,1,1,1,1,1
2026-03-28 12:16:23.233,199.831,-1,8,11,-69.89,1,0,0,1,1,1,1,1
2026-03-28 12:16:23.360,199.958,-1,8,11,-67.49,1,0,0,1,1,1,1,1
2026-03-28 12:16:23.392,199.991,-1,8,11,-69.18,1,0,0,1,1,1,1,1
2026-03-28 12:16:23.504,200.103,-1,8,11,-68.91,1,0,0,1,1,1,1,1
2026-03-28 12:16:23.632,200.230,-1,8,11,-68.37,1,0,0,1,1,1,1,1
2026-03-28 12:16:23.664,200.263,-1,8,11,-68.43,1,0,0,1,1,1,1,1
2026-03-28 12:16:23.696,200.295,-1,8,11,-69.99,1,0,0,1,1,1,1,1
2026-03-28 12:16:23.776,200.375,-1,8,11,-67.94,1,0,0,1,1,1,1,1
2026-03-28 12:16:23.905,200.503,-1,8,11,-65.68,1,0,0,1,1,1,1,1
2026-03-28 12:16:23.968,200.567,-1,8,11,-70.08,1,0,0,1,1,1,1,1
2026-03-28 12:16:24.016,200.615,-1,8,11,-75.78,1,0,0,1,1,1,1,1
2026-03-28 12:16:24.097,200.695,-1,8,11,-69.58,1,0,0,1,1,1,1,1
2026-03-28 12:16:24.209,200.808,-1,8,11,-67.39,1,0,0,1,1,1,1,1
2026-03-28 12:16:24.305,200.903,-1,8,11,-66.67,1,0,0,1,1,1,1,1
2026-03-28 12:16:24.352,200.951,-1,8,11,-67.13,1,0,0,1,1,1,1,1
2026-03-28 12:16:24.497,201.095,-1,8,11,-64.72,1,0,0,1,1,1,1,1
2026-03-28 12:16:24.560,201.158,-1,8,11,-68.33,1,0,0,1,1,1,1,1
2026-03-28 12:16:24.610,201.208,-1,8,11,-67.04,1,0,0,1,1,1,1,1
2026-03-28 12:16:24.689,201.287,-1,8,11,-68.02,1,0,0,1,1,1,1,1
2026-03-28 12:16:24.832,201.430,-1,8,11,-68.69,1,0,0,1,1,1,1,1
2026-03-28 12:16:24.848,201.447,-1,8,11,-68.54,1,0,0,1,1,1,1,1
2026-03-28 12:16:24.912,201.511,-1,8,11,-67.55,1,0,0,1,1,1,1,1
2026-03-28 12:16:25.025,201.623,-1,8,11,-66.57,1,0,0,1,1,1,1,1
2026-03-28 12:16:25.089,201.687,-1,8,11,-66.37,1,0,0,1,1,1,1,1
2026-03-28 12:16:25.137,201.735,-1,8,11,-70.67,1,0,0,1,1,1,1,1
2026-03-28 12:16:25.233,201.831,-3,8,11,-65.92,1,0,0,1,1,1,1,1
2026-03-28 12:16:25.328,201.926,-1,8,11,-65.89,1,0,0,1,1,1,1,1
2026-03-28 12:16:25.393,201.991,-1,8,11,-65.72,1,0,0,1,1,1,1,1
2026-03-28 12:16:25.504,202.103,-1,8,11,-65.12,1,0,0,1,1,1,1,1
2026-03-28 12:16:25.585,202.183,-1,8,11,-69.9,1,0,0,1,1,1,1,1
2026-03-28 12:16:25.696,202.295,-1,8,11,-66.89,1,0,0,1,1,1,1,1
2026-03-28 12:16:25.761,202.359,-1,8,11,-67.45,1,0,0,1,1,1,1,1
2026-03-28 12:16:25.841,202.439,-1,8,11,-69.71,1,0,0,1,1,1,1,1
2026-03-28 12:16:25.905,202.503,-1,8,11,-67.52,1,0,0,1,1,1,1,1
2026-03-28 12:16:26.017,202.615,-1,8,11,-64.83,1,0,0,1,1,1,1,1
2026-03-28 12:16:26.065,202.663,-1,8,11,-66.57,1,0,0,1,1,1,1,1
2026-03-28 12:16:26.176,202.774,-1,8,11,-68.88,1,0,0,1,1,1,1,1
2026-03-28 12:16:26.241,202.839,-1,8,11,-70.5,1,0,0,1,1,1,1,1
2026-03-28 12:16:26.321,202.919,-1,8,11,-69.4,1,0,0,1,1,1,1,1
2026-03-28 12:16:26.385,202.983,-1,8,11,-65.08,1,0,0,1,1,1,1,1
2026-03-28 12:16:26.481,203.079,-1,8,11,-64.72,1,0,0,1,1,1,1,1
2026-03-28 12:16:26.560,203.159,-1,8,11,-68.24,1,0,0,1,1,1,1,1
2026-03-28 12:16:26.689,203.287,-1,8,11,-67.63,1,0,0,1,1,1,1,1
2026-03-28 12:16:26.753,203.351,-1,8,11,-67.34,1,0,0,1,1,1,1,1
2026-03-28 12:16:26.864,203.463,-1,8,11,-65.45,1,0,0,1,1,1,1,1
2026-03-28 12:16:26.944,203.543,-1,8,11,-65.66,1,0,0,1,1,1,1,1
2026-03-28 12:16:27.040,203.639,-1,8,11,-69.16,1,0,0,1,1,1,1,1
2026-03-28 12:16:27.121,203.719,-1,8,11,-66.95,1,0,0,1,1,1,1,1
2026-03-28 12:16:27.215,203.814,-1,8,11,-67.07,1,0,0,1,1,1,1,1
2026-03-28 12:16:27.280,203.879,-1,8,11,-69.23,1,0,0,1,1,1,1,1
2026-03-28 12:16:27.328,203.927,-1,8,11,-68.43,1,0,0,1,1,1,1,1
2026-03-28 12:16:27.376,203.975,-1,8,11,-70.79,1,0,0,1,1,1,1,1
2026-03-28 12:16:27.472,204.071,-1,8,11,-70.64,1,0,0,1,1,1,1,1
2026-03-28 12:16:27.520,204.118,-1,8,11,-69.85,1,0,0,1,1,1,1,1
2026-03-28 12:16:27.648,204.247,-1,8,11,-67.42,1,0,0,1,1,1,1,1
2026-03-28 12:16:27.712,204.311,-4,8,11,-64.69,1,0,0,1,1,1,1,1
2026-03-28 12:16:27.777,204.375,-1,8,11,-67.41,1,0,0,1,1,1,1,1
2026-03-28 12:16:27.872,204.470,-1,8,11,-68.39,1,0,0,1,1,1,1,1
2026-03-28 12:16:27.936,204.535,-3,8,11,-65.11,1,0,0,1,1,1,1,1
2026-03-28 12:16:28.064,204.663,-1,8,8,-66.34,1,0,0,1,1,1,1,1
2026-03-28 12:16:28.112,204.711,-1,8,11,-65.33,1,0,0,1,1,1,1,1
2026-03-28 12:16:28.240,204.838,-1,8,11,-65.77,1,0,0,1,1,1,1,1
2026-03-28 12:16:28.272,204.871,-1,8,11,-64.75,1,0,0,1,1,1,1,1
2026-03-28 12:16:28.368,204.967,-1,8,11,-65.83,1,0,0,1,1,1,1,1
2026-03-28 12:16:28.416,205.015,-1,8,11,-64.91,1,0,0,1,1,1,1,1
2026-03-28 12:16:28.528,205.127,-1,8,11,-67.45,1,0,0,1,1,1,1,1
2026-03-28 12:16:28.609,205.207,-1,8,11,-64.65,1,0,0,1,1,1,1,1
2026-03-28 12:16:28.704,205.303,-1,8,11,-69.18,1,0,0,1,1,1,1,1
2026-03-28 12:16:28.816,205.414,-1,8,11,-66.2,1,0,0,1,1,1,1,1
2026-03-28 12:16:28.880,205.479,-1,8,11,-66.83,1,0,0,1,1,1,1,1
2026-03-28 12:16:28.976,205.575,-1,8,11,-65.49,1,0,0,1,1,1,1,1
2026-03-28 12:16:29.024,205.622,-1,8,11,-68.74,1,0,0,1,1,1,1,1
2026-03-28 12:16:29.120,205.719,-1,8,11,-66.57,1,0,0,1,1,1,1,1
2026-03-28 12:16:29.232,205.831,-1,8,11,-67.45,1,0,0,1,1,1,1,1
2026-03-28 12:16:29.312,205.910,-1,8,11,-67.07,1,0,0,1,1,1,1,1
2026-03-28 12:16:29.393,205.991,-1,8,11,-65.73,1,0,0,1,1,1,1,1
2026-03-28 12:16:29.472,206.071,-1,8,11,-63.72,1,0,0,1,1,1,1,1
2026-03-28 12:16:29.568,206.166,-1,8,11,-64.8,1,0,0,1,1,1,1,1
2026-03-28 12:16:29.647,206.246,-1,8,11,-64.73,1,0,0,1,1,1,1,1
2026-03-28 12:16:29.712,206.311,-1,8,11,-67.47,1,0,0,1,1,1,1,1
2026-03-28 12:16:29.792,206.390,-1,8,11,-66.74,1,0,0,1,1,1,1,1
2026-03-28 12:16:29.888,206.486,-1,8,11,-69.47,1,0,0,1,1,1,1,1
2026-03-28 12:16:29.968,206.566,-1,8,11,-70.27,1,0,0,1,1,1,1,1
2026-03-28 12:16:30.064,206.662,-1,8,11,-64.25,1,0,0,1,1,1,1,1
2026-03-28 12:16:30.128,206.726,-1,8,11,-65.95,1,0,0,1,1,1,1,1
2026-03-28 12:16:30.208,206.806,-1,8,11,-67.16,1,0,0,1,1,1,1,1
2026-03-28 12:16:30.304,206.902,-1,8,11,-65.95,1,0,0,1,1,1,1,1
2026-03-28 12:16:30.400,206.999,-1,8,11,-63.55,1,0,0,1,1,1,1,1
2026-03-28 12:16:30.496,207.095,-1,8,11,-64.06,1,0,0,1,1,1,1,1
2026-03-28 12:16:30.528,207.126,-1,8,11,-66.09,1,0,0,1,1,1,1,1
2026-03-28 12:16:30.592,207.191,-1,8,11,-65.85,1,0,0,1,1,1,1,1
2026-03-28 12:16:30.704,207.302,-1,8,11,-65.21,1,0,0,1,1,1,1,1
2026-03-28 12:16:30.752,207.350,-1,8,11,-69.5,1,0,0,1,1,1,1,1
2026-03-28 12:16:30.832,207.430,-1,8,11,-69.63,1,0,0,1,1,1,1,1
2026-03-28 12:16:30.976,207.575,-1,8,11,-68.68,1,0,0,1,1,1,1,1
2026-03-28 12:16:31.040,207.639,-1,8,11,-67.16,1,0,0,1,1,1,1,1
2026-03-28 12:16:31.121,207.719,-1,8,11,-66.47,1,0,0,1,1,1,1,1
2026-03-28 12:16:31.231,207.830,-1,8,11,-66.35,1,0,0,1,1,1,1,1
2026-03-28 12:16:31.312,207.910,-1,8,11,-62.39,1,0,0,1,1,1,1,1
2026-03-28 12:16:31.376,207.975,-1,8,11,-63.0,1,0,0,1,1,1,1,1
2026-03-28 12:16:31.424,208.023,-1,8,11,-67.64,1,0,0,1,1,1,1,1
2026-03-28 12:16:31.536,208.134,-1,8,11,-64.54,1,0,0,1,1,1,1,1
2026-03-28 12:16:31.616,208.215,-1,7,11,-67.4,1,0,0,1,1,1,1,1
2026-03-28 12:16:31.727,208.326,-1,8,11,-66.48,1,0,0,1,1,1,1,1
2026-03-28 12:16:31.776,208.375,-1,8,11,-64.49,1,0,0,1,1,1,1,1
2026-03-28 12:16:31.840,208.438,-1,8,11,-65.1,1,0,0,1,1,1,1,1
2026-03-28 12:16:31.952,208.550,-1,8,11,-66.1,1,0,0,1,1,1,1,1
2026-03-28 12:16:32.016,208.615,-1,8,11,-67.13,1,0,0,1,1,1,1,1
2026-03-28 12:16:32.080,208.678,-1,8,11,-67.17,1,0,0,1,1,1,1,1
2026-03-28 12:16:32.159,208.758,-1,8,11,-63.35,1,0,0,1,1,1,1,1
2026-03-28 12:16:32.257,208.855,-1,8,11,-67.44,1,0,0,1,1,1,1,1
2026-03-28 12:16:32.320,208.919,-1,8,14,-66.45,1,0,0,1,1,1,1,1
2026-03-28 12:16:32.384,208.982,-1,8,11,-65.13,1,0,0,1,1,1,1,1
2026-03-28 12:16:32.416,209.014,-1,8,11,-64.65,1,0,0,1,1,1,1,1
2026-03-28 12:16:32.481,209.079,-1,8,11,-70.25,1,0,0,1,1,1,1,1
2026-03-28 12:16:32.624,209.222,-1,8,11,-70.33,1,0,0,1,1,1,1,1
2026-03-28 12:16:32.704,209.303,-1,8,11,-66.95,1,0,0,1,1,1,1,1
2026-03-28 12:16:32.720,209.318,-1,8,11,-66.86,1,0,0,1,1,1,1,1
2026-03-28 12:16:32.800,209.398,-1,8,11,-64.45,1,0,0,1,1,1,1,1
2026-03-28 12:16:32.880,209.478,-1,8,11,-66.92,1,0,0,1,1,1,1,1
2026-03-28 12:16:33.056,209.654,-1,8,11,-67.44,1,0,0,1,1,1,1,1
2026-03-28 12:16:33.087,209.686,0,8,11,-62.51,1,0,0,1,1,1,1,1
2026-03-28 12:16:33.184,209.783,-1,8,11,-64.17,1,0,0,1,1,1,1,1
2026-03-28 12:16:33.216,209.814,-1,8,11,-64.81,1,0,0,1,1,1,1,1
2026-03-28 12:16:33.311,209.909,-1,8,11,-65.73,1,0,0,1,1,1,1,1
2026-03-28 12:16:33.392,209.990,-1,7,11,-64.63,1,0,0,1,1,1,1,1
2026-03-28 12:16:33.456,210.054,-1,8,11,-66.67,1,0,0,1,1,1,1,1
2026-03-28 12:16:33.551,210.149,-4,8,11,-66.85,1,0,0,1,1,1,1,1
2026-03-28 12:16:33.632,210.230,-1,8,11,-64.72,1,0,0,1,1,1,1,1
2026-03-28 12:16:33.712,210.310,-1,8,11,-62.23,1,0,0,1,1,1,1,1
2026-03-28 12:16:33.728,210.326,-3,8,11,-68.16,1,0,0,1,1,1,1,1
2026-03-28 12:16:33.824,210.422,-1,8,11,-65.89,1,0,0,1,1,1,1,1
2026-03-28 12:16:33.887,210.486,0,8,11,-68.16,1,0,0,1,1,1,1,1
2026-03-28 12:16:33.952,210.550,-1,7,11,-64.49,1,0,0,1,1,1,1,1
2026-03-28 12:16:34.048,210.646,-1,8,11,-66.66,1,0,0,1,1,1,1,1
2026-03-28 12:16:34.176,210.775,-1,8,11,-65.23,1,0,0,1,1,1,1,1
2026-03-28 12:16:34.193,210.791,-1,8,11,-67.12,1,0,0,1,1,1,1,1
2026-03-28 12:16:34.320,210.918,-1,8,11,-68.05,1,0,0,1,1,1,1,1
2026-03-28 12:16:34.352,210.950,-1,8,11,-65.28,1,0,0,1,1,1,1,1
2026-03-28 12:16:34.432,211.030,-1,8,11,-66.17,1,0,0,1,1,1,1,1
2026-03-28 12:16:34.480,211.078,-1,8,11,-68.24,1,0,0,1,1,1,1,1
2026-03-28 12:16:34.560,211.159,-3,8,11,-66.72,1,0,0,1,1,1,1,1
2026-03-28 12:16:34.624,211.222,-1,8,11,-68.78,1,0,0,1,1,1,1,1
2026-03-28 12:16:34.704,211.302,-1,8,11,-65.21,1,0,0,1,1,1,1,1
2026-03-28 12:16:34.800,211.398,-1,8,11,-66.53,1,0,0,1,1,1,1,1
2026-03-28 12:16:34.832,211.431,-1,8,11,-66.96,1,0,0,1,1,1,1,1
2026-03-28 12:16:34.911,211.509,-1,8,11,-65.91,1,0,0,1,1,1,1,1
2026-03-28 12:16:35.008,211.606,-1,8,11,-70.37,1,0,0,1,1,1,1,1
2026-03-28 12:16:35.056,211.654,0,8,11,-65.08,1,0,0,1,1,1,1,1
2026-03-28 12:16:35.136,211.734,-1,8,11,-66.86,1,0,0,1,1,1,1,1
2026-03-28 12:16:35.200,211.798,-1,8,11,-66.28,1,0,0,1,1,1,1,1
2026-03-28 12:16:35.312,211.911,-1,8,11,-63.81,1,0,0,1,1,1,1,1
2026-03-28 12:16:35.408,212.006,-1,8,11,-64.92,1,0,0,1,1,1,1,1
2026-03-28 12:16:35.504,212.102,-1,8,11,-64.02,1,0,0,1,1,1,1,1
2026-03-28 12:16:35.616,212.214,-1,8,11,-65.42,1,0,0,1,1,1,1,1
2026-03-28 12:16:35.664,212.262,-1,8,11,-64.7,1,0,0,1,1,1,1,1
2026-03-28 12:16:35.759,212.357,-1,8,11,-65.54,1,0,0,1,1,1,1,1
2026-03-28 12:16:35.791,212.390,0,8,11,-65.25,1,0,0,1,1,1,1,1
2026-03-28 12:16:35.872,212.470,0,8,11,-65.38,1,0,0,1,1,1,1,1
2026-03-28 12:16:35.952,212.550,-1,8,11,-65.98,1,0,0,1,1,1,1,1
2026-03-28 12:16:36.048,212.646,-1,8,11,-67.44,1,0,0,1,1,1,1,1
2026-03-28 12:16:36.128,212.726,-1,8,11,-68.38,1,0,0,1,1,1,1,1
2026-03-28 12:16:36.176,212.774,-1,8,11,-68.76,1,0,0,1,1,1,1,1
2026-03-28 12:16:36.240,212.838,-1,8,11,-63.18,1,0,0,1,1,1,1,1
2026-03-28 12:16:36.369,212.967,-1,8,11,-66.23,1,0,0,1,1,1,1,1
2026-03-28 12:16:36.416,213.014,-1,8,11,-63.84,1,0,0,1,1,1,1,1
2026-03-28 12:16:36.496,213.094,-1,8,11,-65.3,1,0,0,1,1,1,1,1
2026-03-28 12:16:36.577,213.175,-1,7,11,-66.86,1,0,0,1,1,1,1,1
2026-03-28 12:16:36.656,213.254,0,8,11,-65.2,1,0,0,1,1,1,1,1
2026-03-28 12:16:36.720,213.319,-1,8,11,-67.84,1,0,0,1,1,1,1,1
2026-03-28 12:16:36.832,213.430,0,8,11,-68.26,1,0,0,1,1,1,1,1
2026-03-28 12:16:37.008,213.606,-3,8,11,-64.07,1,0,0,1,1,1,1,1
2026-03-28 12:16:37.104,213.702,-1,8,11,-66.15,1,0,0,1,1,1,1,1
2026-03-28 12:16:37.168,213.766,-1,8,11,-64.25,1,0,0,1,1,1,1,1
2026-03-28 12:16:37.280,213.879,-1,8,11,-65.63,1,0,0,1,1,1,1,1
2026-03-28 12:16:37.376,213.974,-1,8,11,-63.61,1,0,0,1,1,1,1,1
2026-03-28 12:16:37.455,214.054,-1,8,11,-65.21,1,0,0,1,1,1,1,1
2026-03-28 12:16:37.504,214.102,-1,8,11,-64.61,1,0,0,1,1,1,1,1
2026-03-28 12:16:37.584,214.182,-1,8,11,-66.75,1,0,0,1,1,1,1,1
2026-03-28 12:16:37.695,214.293,-1,8,11,-66.26,1,0,0,1,1,1,1,1
2026-03-28 12:16:37.760,214.358,-1,8,11,-64.74,1,0,0,1,1,1,1,1
2026-03-28 12:16:37.776,214.374,-3,8,11,-64.84,1,0,0,1,1,1,1,1
2026-03-28 12:16:37.856,214.454,-1,8,11,-66.55,1,0,0,1,1,1,1,1
2026-03-28 12:16:37.935,214.534,-1,8,11,-71.03,1,0,0,1,1,1,1,1
2026-03-28 12:16:38.000,214.598,-1,8,11,-67.8,1,0,0,1,1,1,1,1
2026-03-28 12:16:38.080,214.678,-1,8,11,-68.27,1,0,0,1,1,1,1,1
2026-03-28 12:16:38.192,214.790,-1,8,11,-67.82,1,0,0,1,1,1,1,1
2026-03-28 12:16:38.335,214.933,-1,8,11,-65.07,1,0,0,1,1,1,1,1
2026-03-28 12:16:38.400,214.998,-1,8,11,-65.74,1,0,0,1,1,1,1,1
2026-03-28 12:16:38.496,215.094,-1,8,11,-66.07,1,0,0,1,1,1,1,1
2026-03-28 12:16:38.528,215.126,-1,8,11,-62.07,1,0,0,1,1,1,1,1
2026-03-28 12:16:38.591,215.189,-1,7,11,-68.74,1,0,0,1,1,1,1,1
2026-03-28 12:16:38.655,215.254,-1,8,11,-63.64,1,0,0,1,1,1,1,1
2026-03-28 12:16:38.752,215.350,0,8,11,-64.5,1,0,0,1,1,1,1,1
2026-03-28 12:16:38.831,215.430,-1,8,11,-67.83,1,0,0,1,1,1,1,1
2026-03-28 12:16:38.944,215.542,-1,8,11,-64.41,1,0,0,1,1,1,1,1
2026-03-28 12:16:39.039,215.637,-1,8,11,-62.3,1,0,0,1,1,1,1,1
2026-03-28 12:16:39.071,215.670,-1,8,11,-68.4,1,0,0,1,1,1,1,1
2026-03-28 12:16:39.119,215.717,-1,8,11,-68.3,1,0,0,1,1,1,1,1
2026-03-28 12:16:39.199,215.798,-1,8,11,-68.39,1,0,0,1,1,1,1,1
2026-03-28 12:16:39.295,215.893,-1,8,11,-67.51,1,0,0,1,1,1,1,1
2026-03-28 12:16:39.360,215.959,-1,8,11,-64.32,1,0,0,1,1,1,1,1
2026-03-28 12:16:39.408,216.007,-1,8,11,-65.22,1,0,0,1,1,1,1,1
2026-03-28 12:16:39.519,216.118,-1,8,11,-64.86,1,0,0,1,1,1,1,1
2026-03-28 12:16:39.583,216.182,-1,8,11,-64.22,1,0,0,1,1,1,1,1
2026-03-28 12:16:39.663,216.262,-4,8,11,-65.41,1,0,0,1,1,1,1,1
2026-03-28 12:16:39.792,216.390,-3,8,11,-64.68,1,0,0,1,1,1,1,1
2026-03-28 12:16:39.808,216.406,-1,8,11,-63.93,1,0,0,1,1,1,1,1
2026-03-28 12:16:39.951,216.549,-1,8,11,-66.3,1,0,0,1,1,1,1,1
2026-03-28 12:16:39.967,216.566,-1,8,11,-66.55,1,0,0,1,1,1,1,1
2026-03-28 12:16:40.096,216.694,-1,8,11,-68.76,1,0,0,1,1,1,1,1
2026-03-28 12:16:40.128,216.726,-1,8,10,-64.88,1,0,0,1,1,1,1,1
2026-03-28 12:16:40.239,216.838,-1,8,11,-62.99,1,0,0,1,1,1,1,1
2026-03-28 12:16:40.318,216.917,-1,8,11,-64.88,1,0,0,1,1,1,1,1
2026-03-28 12:16:40.368,216.966,-1,8,11,-66.18,1,0,0,1,1,1,1,1
2026-03-28 12:16:40.512,217.110,-2,8,11,-65.08,1,0,0,1,1,1,1,1
2026-03-28 12:16:40.560,217.158,-1,8,11,-65.28,1,0,0,1,1,1,1,1
2026-03-28 12:16:40.623,217.222,-1,8,11,-63.7,1,0,0,1,1,1,1,1
2026-03-28 12:16:40.688,217.286,-1,8,11,-66.93,1,0,0,1,1,1,1,1
2026-03-28 12:16:40.831,217.430,-1,8,11,-67.33,1,0,0,1,1,1,1,1
2026-03-28 12:16:40.896,217.494,-1,8,11,-65.48,1,0,0,1,1,1,1,1
2026-03-28 12:16:40.944,217.542,-1,8,11,-63.62,1,0,0,1,1,1,1,1
2026-03-28 12:16:41.039,217.638,-1,8,11,-64.92,1,0,0,1,1,1,1,1
2026-03-28 12:16:41.120,217.718,-1,8,11,-67.31,1,0,0,1,1,1,1,1
2026-03-28 12:16:41.184,217.782,-1,8,11,-63.75,1,0,0,1,1,1,1,1
2026-03-28 12:16:41.263,217.862,-1,8,11,-66.73,1,0,0,1,1,1,1,1
2026-03-28 12:16:41.312,217.910,-4,8,11,-64.76,1,0,0,1,1,1,1,1
2026-03-28 12:16:41.423,218.022,-1,8,11,-64.47,1,0,0,1,1,1,1,1
2026-03-28 12:16:41.503,218.102,-1,8,11,-62.37,1,0,0,1,1,1,1,1
2026-03-28 12:16:41.599,218.198,-1,8,11,-64.49,1,0,0,1,1,1,1,1
2026-03-28 12:16:41.744,218.342,-1,9,10,-66.22,1,0,0,1,1,1,1,1
2026-03-28 12:16:41.872,218.470,-1,8,11,-67.03,1,0,0,1,1,1,1,1
2026-03-28 12:16:41.903,218.502,-1,8,11,-65.78,1,0,0,1,1,1,1,1
2026-03-28 12:16:41.999,218.598,-1,8,11,-65.58,1,0,0,1,1,1,1,1
2026-03-28 12:16:42.063,218.662,-1,8,11,-65.2,1,0,0,1,1,1,1,1
2026-03-28 12:16:42.160,218.758,-1,8,11,-65.12,1,0,0,1,1,1,1,1
2026-03-28 12:16:42.239,218.838,-1,8,11,-64.77,1,0,0,1,1,1,1,1
2026-03-28 12:16:42.320,218.918,-1,8,11,-62.8,1,0,0,1,1,1,1,1
2026-03-28 12:16:42.351,218.950,-1,8,11,-67.93,1,0,0,1,1,1,1,1
2026-03-28 12:16:42.511,219.110,-3,8,11,-63.98,1,0,0,1,1,1,1,1
2026-03-28 12:16:42.591,219.190,-1,8,11,-63.01,1,0,0,1,1,1,1,1
2026-03-28 12:16:42.687,219.286,-3,8,11,-62.48,1,0,0,1,1,1,1,1
2026-03-28 12:16:42.767,219.366,-1,8,11,-64.79,1,0,0,1,1,1,1,1
2026-03-28 12:16:42.800,219.398,-1,8,11,-64.82,1,0,0,1,1,1,1,1
2026-03-28 12:16:42.911,219.509,-1,8,11,-67.92,1,0,0,1,1,1,1,1
2026-03-28 12:16:42.976,219.575,-3,8,11,-66.56,1,0,0,1,1,1,1,1
2026-03-28 12:16:43.056,219.654,-3,8,11,-63.93,1,0,0,1,1,1,1,1
2026-03-28 12:16:43.071,219.670,-1,8,11,-67.79,1,0,0,1,1,1,1,1
2026-03-28 12:16:43.183,219.782,-1,8,11,-69.06,1,0,0,1,1,1,1,1
2026-03-28 12:16:43.232,219.830,-1,8,11,-66.86,1,0,0,1,1,1,1,1
2026-03-28 12:16:43.280,219.878,-1,8,12,-67.87,1,0,0,1,1,1,1,1
2026-03-28 12:16:43.376,219.974,-1,8,11,-70.17,1,0,0,1,1,1,1,1
2026-03-28 12:16:43.502,220.101,-3,8,11,-65.31,1,0,0,1,1,1,1,1
2026-03-28 12:16:43.567,220.166,-1,8,11,-65.24,1,0,0,1,1,1,1,1
2026-03-28 12:16:43.647,220.246,-4,8,11,-64.96,1,0,0,1,1,1,1,1
2026-03-28 12:16:43.743,220.342,-1,8,11,-62.65,1,0,0,1,1,1,1,1
2026-03-28 12:16:43.807,220.406,-1,8,11,-62.66,1,0,0,1,1,1,1,1
2026-03-28 12:16:43.871,220.470,-1,8,11,-67.66,1,0,0,1,1,1,1,1
2026-03-28 12:16:43.967,220.566,-4,8,11,-63.55,1,0,0,1,1,1,1,1
2026-03-28 12:16:44.063,220.662,-1,8,11,-65.93,1,0,0,1,1,1,1,1
2026-03-28 12:16:44.159,220.758,-1,8,11,-65.17,1,0,0,1,1,1,1,1
2026-03-28 12:16:44.288,220.886,-1,8,11,-64.79,1,0,0,1,1,1,1,1
2026-03-28 12:16:44.335,220.934,-1,8,11,-64.62,1,0,0,1,1,1,1,1
2026-03-28 12:16:44.400,220.998,-1,8,11,-65.29,1,0,0,1,1,1,1,1
2026-03-28 12:16:44.527,221.126,-1,8,11,-64.36,1,0,0,1,1,1,1,1
2026-03-28 12:16:44.575,221.174,-1,8,11,-66.17,1,0,0,1,1,1,1,1
2026-03-28 12:16:44.639,221.238,-1,8,11,-62.93,1,0,0,1,1,1,1,1
2026-03-28 12:16:44.703,221.302,-3,8,11,-64.84,1,0,0,1,1,1,1,1
2026-03-28 12:16:44.879,221.478,-1,8,11,-64.94,1,0,0,1,1,1,1,1
2026-03-28 12:16:44.959,221.557,-1,8,11,-63.92,1,0,0,1,1,1,1,1
2026-03-28 12:16:45.039,221.638,-1,8,11,-65.0,1,0,0,1,1,1,1,1
2026-03-28 12:16:45.103,221.702,-1,8,11,-65.3,1,0,0,1,1,1,1,1
2026-03-28 12:16:45.199,221.798,-1,8,11,-65.2,1,0,0,1,1,1,1,1
2026-03-28 12:16:45.310,221.909,-1,8,11,-65.08,1,0,0,1,1,1,1,1
2026-03-28 12:16:45.375,221.974,-3,8,11,-62.21,1,0,0,1,1,1,1,1
2026-03-28 12:16:45.439,222.038,-1,8,11,-65.48,1,0,0,1,1,1,1,1
2026-03-28 12:16:45.534,222.133,-1,8,11,-64.1,1,0,0,1,1,1,1,1
2026-03-28 12:16:45.598,222.197,-1,8,11,-65.4,1,0,0,1,1,1,1,1
2026-03-28 12:16:45.679,222.278,-1,8,11,-66.87,1,0,0,1,1,1,1,1
2026-03-28 12:16:45.775,222.374,-1,8,11,-64.39,1,0,0,1,1,1,1,1
2026-03-28 12:16:45.839,222.437,-1,8,11,-64.33,1,0,0,1,1,1,1,1
2026-03-28 12:16:45.950,222.549,-1,8,11,-64.98,1,0,0,1,1,1,1,1
2026-03-28 12:16:45.952,222.550,-3,8,11,-63.78,1,0,0,1,1,1,1,1
2026-03-28 12:16:46.015,222.614,-1,8,11,-63.89,1,0,0,1,1,1,1,1
2026-03-28 12:16:46.143,222.742,-1,8,11,-66.66,1,0,0,1,1,1,1,1
2026-03-28 12:16:46.255,222.854,0,8,11,-62.38,1,0,0,1,1,1,1,1
2026-03-28 12:16:46.383,222.981,-1,8,11,-66.01,1,0,0,1,1,1,1,1
2026-03-28 12:16:46.479,223.078,-1,8,11,-66.74,1,0,0,1,1,1,1,1
2026-03-28 12:16:46.560,223.158,-1,8,11,-61.13,1,0,0,1,1,1,1,1
2026-03-28 12:16:46.639,223.237,0,8,11,-64.16,1,0,0,1,1,1,1,1
2026-03-28 12:16:46.688,223.286,-1,8,11,-69.15,1,0,0,1,1,1,1,1
2026-03-28 12:16:46.800,223.398,-3,8,11,-63.92,1,0,0,1,1,1,1,1
2026-03-28 12:16:46.847,223.446,-1,8,11,-63.46,1,0,0,1,1,1,1,1
2026-03-28 12:16:46.926,223.525,-1,8,11,-63.64,1,0,0,1,1,1,1,1
2026-03-28 12:16:46.990,223.589,-1,8,10,-64.44,1,0,0,1,1,1,1,1
2026-03-28 12:16:47.040,223.638,-1,8,11,-68.32,1,0,0,1,1,1,1,1
2026-03-28 12:16:47.168,223.766,-1,8,11,-66.76,1,0,0,1,1,1,1,1
2026-03-28 12:16:47.264,223.862,-1,8,11,-64.61,1,0,0,1,1,1,1,1
2026-03-28 12:16:47.327,223.926,-1,8,11,-62.97,1,0,0,1,1,1,1,1
2026-03-28 12:16:47.407,224.005,-3,8,11,-65.28,1,0,0,1,1,1,1,1
2026-03-28 12:16:47.488,224.086,-1,8,11,-63.1,1,0,0,1,1,1,1,1
2026-03-28 12:16:47.567,224.166,-1,8,11,-62.58,1,0,0,1,1,1,1,1
2026-03-28 12:16:47.680,224.278,-1,8,11,-65.04,1,0,0,1,1,1,1,1
2026-03-28 12:16:47.760,224.358,-3,8,11,-62.01,1,0,0,1,1,1,1,1
2026-03-28 12:16:47.839,224.438,-3,8,11,-62.0,1,0,0,1,1,1,1,1
2026-03-28 12:16:47.951,224.549,-1,8,11,-63.26,1,0,0,1,1,1,1,1
2026-03-28 12:16:47.984,224.582,-1,8,11,-63.75,1,0,0,1,1,1,1,1
2026-03-28 12:16:48.048,224.646,-1,8,11,-62.38,1,0,0,1,1,1,1,1
2026-03-28 12:16:48.159,224.757,-4,8,11,-65.51,1,0,0,1,1,1,1,1
2026-03-28 12:16:48.271,224.869,-1,8,11,-65.8,1,0,0,1,1,1,1,1
2026-03-28 12:16:48.367,224.965,-1,8,11,-62.77,1,0,0,1,1,1,1,1
2026-03-28 12:16:48.431,225.030,-1,8,11,-61.56,1,0,0,1,1,1,1,1
2026-03-28 12:16:48.479,225.078,-1,8,11,-65.31,1,0,0,1,1,1,1,1
2026-03-28 12:16:48.576,225.174,-1,8,11,-63.45,1,0,0,1,1,1,1,1
2026-03-28 12:16:48.703,225.301,-1,8,13,-64.45,1,0,0,1,1,1,1,1
2026-03-28 12:16:48.735,225.334,-1,8,11,-64.04,1,0,0,1,1,1,1,1
2026-03-28 12:16:48.880,225.478,-1,8,11,-63.11,1,0,0,1,1,1,1,1
2026-03-28 12:16:48.910,225.509,-1,8,11,-62.82,1,0,0,1,1,1,1,1
2026-03-28 12:16:48.975,225.574,-1,8,10,-63.73,1,0,0,1,1,1,1,1
2026-03-28 12:16:49.087,225.686,-1,8,11,-65.67,1,0,0,1,1,1,1,1
2026-03-28 12:16:49.167,225.766,-1,8,11,-64.91,1,0,0,1,1,1,1,1
2026-03-28 12:16:49.263,225.861,-1,8,11,-66.56,1,0,0,1,1,1,1,1
2026-03-28 12:16:49.279,225.878,-1,8,11,-63.55,1,0,0,1,1,1,1,1
2026-03-28 12:16:49.360,225.958,-1,8,11,-63.1,1,0,0,1,1,1,1,1
2026-03-28 12:16:49.455,226.053,-1,8,11,-65.89,1,0,0,1,1,1,1,1
2026-03-28 12:16:49.536,226.134,-1,8,11,-65.92,1,0,0,1,1,1,1,1
2026-03-28 12:16:49.599,226.198,-1,8,11,-61.72,1,0,0,1,1,1,1,1
2026-03-28 12:16:49.680,226.278,-1,8,11,-65.03,1,0,0,1,1,1,1,1
2026-03-28 12:16:49.744,226.342,-1,8,11,-64.86,1,0,0,1,1,1,1,1
2026-03-28 12:16:49.823,226.422,-1,8,11,-62.19,1,0,0,1,1,1,1,1
2026-03-28 12:16:49.871,226.469,-1,8,11,-62.68,1,0,0,1,1,1,1,1
2026-03-28 12:16:49.951,226.549,-3,8,11,-65.88,1,0,0,1,1,1,1,1
2026-03-28 12:16:50.031,226.629,-1,8,11,-66.81,1,0,0,1,1,1,1,1
2026-03-28 12:16:50.079,226.677,-1,8,11,-64.99,1,0,0,1,1,1,1,1
2026-03-28 12:16:50.176,226.774,-1,8,11,-61.88,1,0,0,1,1,1,1,1
2026-03-28 12:16:50.240,226.838,-1,8,11,-68.7,1,0,0,1,1,1,1,1
2026-03-28 12:16:50.271,226.869,-1,8,11,-66.3,1,0,0,1,1,1,1,1
2026-03-28 12:16:50.383,226.981,-1,8,11,-65.41,1,0,0,1,1,1,1,1
2026-03-28 12:16:50.415,227.014,-1,8,11,-61.5,1,0,0,1,1,1,1,1
2026-03-28 12:16:50.511,227.110,-1,8,11,-63.86,1,0,0,1,1,1,1,1
2026-03-28 12:16:50.591,227.189,-1,8,11,-64.97,1,0,0,1,1,1,1,1
2026-03-28 12:16:50.655,227.254,-1,8,11,-64.08,1,0,0,1,1,1,1,1
2026-03-28 12:16:50.751,227.349,-1,8,11,-62.96,1,0,0,1,1,1,1,1
2026-03-28 12:16:50.815,227.414,-1,8,11,-62.37,1,0,0,1,1,1,1,1
2026-03-28 12:16:50.895,227.493,0,8,11,-61.04,1,0,0,1,1,1,1,1
2026-03-28 12:16:51.007,227.605,-1,8,11,-65.55,1,0,0,1,1,1,1,1
2026-03-28 12:16:51.023,227.621,-1,8,11,-63.77,1,0,0,1,1,1,1,1
2026-03-28 12:16:51.119,227.718,-1,8,11,-64.05,1,0,0,1,1,1,1,1
2026-03-28 12:16:51.183,227.782,-1,8,11,-61.28,1,0,0,1,1,1,1,1
2026-03-28 12:16:51.263,227.861,-1,8,11,-62.21,1,0,0,1,1,1,1,1
2026-03-28 12:16:51.359,227.958,0,8,11,-65.9,1,0,0,1,1,1,1,1
2026-03-28 12:16:51.423,228.022,-1,8,11,-62.7,1,0,0,1,1,1,1,1
2026-03-28 12:16:51.583,228.182,-1,8,11,-62.5,1,0,0,1,1,1,1,1
2026-03-28 12:16:51.743,228.341,-1,8,11,-63.29,1,0,0,1,1,1,1,1
2026-03-28 12:16:51.745,228.343,-1,8,11,-62.79,1,0,0,1,1,1,1,1
2026-03-28 12:16:51.855,228.454,-1,8,11,-64.24,1,0,0,1,1,1,1,1
2026-03-28 12:16:51.919,228.517,-1,8,11,-64.67,1,0,0,1,1,1,1,1
2026-03-28 12:16:51.999,228.597,-1,8,11,-63.54,1,0,0,1,1,1,1,1
2026-03-28 12:16:52.047,228.645,-1,8,11,-61.93,1,0,0,1,1,1,1,1
2026-03-28 12:16:52.191,228.789,-1,7,11,-64.47,1,0,0,1,1,1,1,1
2026-03-28 12:16:52.286,228.885,-1,8,11,-62.38,1,0,0,1,1,1,1,1
2026-03-28 12:16:52.335,228.933,-1,8,11,-63.09,1,0,0,1,1,1,1,1
2026-03-28 12:16:52.383,228.981,-1,8,11,-63.61,1,0,0,1,1,1,1,1
2026-03-28 12:16:52.463,229.061,-1,8,11,-61.8,1,0,0,1,1,1,1,1
2026-03-28 12:16:52.559,229.157,-3,8,11,-62.68,1,0,0,1,1,1,1,1
2026-03-28 12:16:52.655,229.253,-1,8,11,-63.96,1,0,0,1,1,1,1,1
2026-03-28 12:16:52.783,229.381,-1,8,11,-61.25,1,0,0,1,1,1,1,1
2026-03-28 12:16:52.847,229.446,-1,8,11,-63.12,1,0,0,1,1,1,1,1
2026-03-28 12:16:52.863,229.461,-3,8,11,-62.9,1,0,0,1,1,1,1,1
2026-03-28 12:16:52.943,229.542,-1,8,12,-64.21,1,0,0,1,1,1,1,1
2026-03-28 12:16:53.023,229.621,-3,8,11,-62.76,1,0,0,1,1,1,1,1
2026-03-28 12:16:53.087,229.686,0,8,11,-64.8,1,0,0,1,1,1,1,1
2026-03-28 12:16:53.199,229.798,-1,8,11,-63.42,1,0,0,1,1,1,1,1
2026-03-28 12:16:53.231,229.829,-3,8,11,-64.78,1,0,0,1,1,1,1,1
2026-03-28 12:16:53.327,229.925,-3,8,11,-62.66,1,0,0,1,1,1,1,1
2026-03-28 12:16:53.471,230.069,-1,8,11,-60.68,1,0,0,1,1,1,1,1
2026-03-28 12:16:53.503,230.101,-1,8,11,-61.96,1,0,0,1,1,1,1,1
2026-03-28 12:16:53.695,230.294,-1,8,11,-61.75,1,0,0,1,1,1,1,1
2026-03-28 12:16:53.759,230.357,-1,8,13,-60.16,1,0,0,1,1,1,1,1
2026-03-28 12:16:53.855,230.453,-1,8,11,-64.4,1,0,0,1,1,1,1,1
2026-03-28 12:16:53.966,230.565,-1,8,11,-64.21,1,0,0,1,1,1,1,1
2026-03-28 12:16:54.048,230.646,-1,8,11,-63.84,1,0,0,1,1,1,1,1
2026-03-28 12:16:54.095,230.694,-1,8,11,-61.42,1,0,0,1,1,1,1,1
2026-03-28 12:16:54.207,230.805,-1,8,11,-62.27,1,0,0,1,1,1,1,1
2026-03-28 12:16:54.302,230.901,-1,8,11,-62.59,1,0,0,1,1,1,1,1
2026-03-28 12:16:54.399,230.997,-1,8,11,-63.58,1,0,0,1,1,1,1,1
2026-03-28 12:16:54.430,231.029,-1,8,11,-63.31,1,0,0,1,1,1,1,1
2026-03-28 12:16:54.543,231.142,-1,8,11,-63.34,1,0,0,1,1,1,1,1
2026-03-28 12:16:54.639,231.237,-1,8,11,-64.65,1,0,0,1,1,1,1,1
2026-03-28 12:16:54.750,231.349,-1,8,11,-62.92,1,0,0,1,1,1,1,1
2026-03-28 12:16:54.815,231.413,-1,8,11,-60.83,1,0,0,1,1,1,1,1
2026-03-28 12:16:54.863,231.461,-1,8,11,-62.51,1,0,0,1,1,1,1,1
2026-03-28 12:16:55.022,231.621,-1,8,11,-65.22,1,0,0,1,1,1,1,1
2026-03-28 12:16:55.087,231.685,-1,8,11,-62.52,1,0,0,1,1,1,1,1
2026-03-28 12:16:55.151,231.749,-1,8,11,-63.25,1,0,0,1,1,1,1,1
2026-03-28 12:16:55.183,231.781,-1,8,11,-62.43,1,0,0,1,1,1,1,1
2026-03-28 12:16:55.231,231.830,-1,8,11,-65.29,1,0,0,1,1,1,1,1
2026-03-28 12:16:55.328,231.926,-1,8,11,-63.82,1,0,0,1,1,1,1,1
2026-03-28 12:16:55.423,232.021,-1,8,11,-60.88,1,0,0,1,1,1,1,1
2026-03-28 12:16:55.487,232.085,-1,8,11,-62.37,1,0,0,1,1,1,1,1
2026-03-28 12:16:55.599,232.197,-1,8,11,-62.92,1,0,0,1,1,1,1,1
2026-03-28 12:16:55.647,232.245,-1,8,11,-63.14,1,0,0,1,1,1,1,1
2026-03-28 12:16:55.727,232.325,-1,8,11,-64.36,1,0,0,1,1,1,1,1
2026-03-28 12:16:55.807,232.405,-3,8,11,-64.47,1,0,0,1,1,1,1,1
2026-03-28 12:16:55.951,232.549,-1,8,11,-63.17,1,0,0,1,1,1,1,1
2026-03-28 12:16:55.999,232.597,-1,8,11,-61.44,1,0,0,1,1,1,1,1
2026-03-28 12:16:56.126,232.725,-1,8,11,-63.14,1,0,0,1,1,1,1,1
2026-03-28 12:16:56.191,232.789,-1,8,11,-62.18,1,0,0,1,1,1,1,1
2026-03-28 12:16:56.271,232.869,-1,8,11,-59.59,1,0,0,1,1,1,1,1
2026-03-28 12:16:56.367,232.965,-1,8,11,-61.99,1,0,0,1,1,1,1,1
2026-03-28 12:16:56.415,233.013,-1,8,11,-59.93,1,0,0,1,1,1,1,1
2026-03-28 12:16:56.479,233.077,-1,8,11,-64.07,1,0,0,1,1,1,1,1
2026-03-28 12:16:56.559,233.157,0,8,11,-64.24,1,0,0,1,1,1,1,1
2026-03-28 12:16:56.654,233.252,-1,8,11,-63.28,1,0,0,1,1,1,1,1
2026-03-28 12:16:56.783,233.381,-1,8,11,-61.6,1,0,0,1,1,1,1,1
2026-03-28 12:16:56.815,233.413,-1,8,11,-61.33,1,0,0,1,1,1,1,1
2026-03-28 12:16:56.943,233.541,-1,8,11,-61.73,1,0,0,1,1,1,1,1
2026-03-28 12:16:56.975,233.573,-1,8,11,-65.07,1,0,0,1,1,1,1,1
2026-03-28 12:16:57.055,233.653,-1,8,11,-62.07,1,0,0,1,1,1,1,1
2026-03-28 12:16:57.119,233.717,-3,8,11,-62.13,1,0,0,1,1,1,1,1
2026-03-28 12:16:57.199,233.797,0,8,11,-64.36,1,0,0,1,1,1,1,1
2026-03-28 12:16:57.279,233.877,-1,8,11,-62.17,1,0,0,1,1,1,1,1
2026-03-28 12:16:57.422,234.021,-1,8,11,-60.64,1,0,0,1,1,1,1,1
2026-03-28 12:16:57.486,234.085,-1,8,10,-63.97,1,0,0,1,1,1,1,1
2026-03-28 12:16:57.567,234.165,-1,8,11,-59.91,1,0,0,1,1,1,1,1
2026-03-28 12:16:57.614,234.213,-1,8,11,-61.47,1,0,0,1,1,1,1,1
2026-03-28 12:16:57.695,234.293,-1,8,11,-63.1,1,0,0,1,1,1,1,1
2026-03-28 12:16:57.806,234.405,-1,8,11,-62.36,1,0,0,1,1,1,1,1
2026-03-28 12:16:57.854,234.452,-1,8,11,-63.44,1,0,0,1,1,1,1,1
2026-03-28 12:16:57.902,234.501,-1,8,11,-63.59,1,0,0,1,1,1,1,1
2026-03-28 12:16:57.983,234.582,-1,8,11,-59.18,1,0,0,1,1,1,1,1
2026-03-28 12:16:58.063,234.661,-1,7,11,-63.0,1,0,0,1,1,1,1,1
2026-03-28 12:16:58.142,234.741,-1,8,11,-64.48,1,0,0,1,1,1,1,1
2026-03-28 12:16:58.286,234.885,-1,8,11,-61.31,1,0,0,1,1,1,1,1
2026-03-28 12:16:58.414,235.013,-1,8,11,-62.24,1,0,0,1,1,1,1,1
2026-03-28 12:16:58.496,235.094,-1,8,11,-61.38,1,0,0,1,1,1,1,1
2026-03-28 12:16:58.574,235.173,-1,8,11,-61.02,1,0,0,1,1,1,1,1
2026-03-28 12:16:58.671,235.269,-1,8,11,-62.91,1,0,0,1,1,1,1,1
2026-03-28 12:16:58.766,235.365,-1,8,8,-63.07,1,0,0,1,1,1,1,1
2026-03-28 12:16:58.846,235.445,-1,8,11,-59.67,1,0,0,1,1,1,1,1
2026-03-28 12:16:58.926,235.525,-1,8,11,-63.55,1,0,0,1,1,1,1,1
2026-03-28 12:16:59.023,235.621,0,8,11,-61.76,1,0,0,1,1,1,1,1
2026-03-28 12:16:59.071,235.669,-1,8,11,-61.92,1,0,0,1,1,1,1,1
2026-03-28 12:16:59.151,235.749,-1,8,11,-62.32,1,0,0,1,1,1,1,1
2026-03-28 12:16:59.215,235.813,-1,8,11,-59.73,1,0,0,1,1,1,1,1
2026-03-28 12:16:59.327,235.925,-1,8,11,-61.73,1,0,0,1,1,1,1,1
2026-03-28 12:16:59.391,235.990,-1,8,11,-61.16,1,0,0,1,1,1,1,1
2026-03-28 12:16:59.486,236.085,-1,8,11,-62.54,1,0,0,1,1,1,1,1
2026-03-28 12:16:59.534,236.133,-1,8,11,-64.3,1,0,0,1,1,1,1,1
2026-03-28 12:16:59.582,236.180,-1,8,11,-60.47,1,0,0,1,1,1,1,1
2026-03-28 12:16:59.630,236.228,-1,8,11,-63.59,1,0,0,1,1,1,1,1
2026-03-28 12:16:59.678,236.277,-1,8,11,-64.54,1,0,0,1,1,1,1,1
2026-03-28 12:16:59.774,236.373,-1,8,11,-65.55,1,0,0,1,1,1,1,1
2026-03-28 12:16:59.838,236.437,-1,8,11,-66.07,1,0,0,1,1,1,1,1
2026-03-28 12:16:59.902,236.501,-1,8,11,-62.74,1,0,0,1,1,1,1,1
2026-03-28 12:16:59.982,236.581,-1,8,11,-62.89,1,0,0,1,1,1,1,1
2026-03-28 12:17:00.158,236.756,-1,8,11,-61.7,1,0,0,1,1,1,1,1
2026-03-28 12:17:00.190,236.789,-1,8,11,-62.71,1,0,0,1,1,1,1,1
2026-03-28 12:17:00.239,236.837,-1,8,11,-63.21,1,0,0,1,1,1,1,1
2026-03-28 12:17:00.318,236.917,-1,8,11,-60.77,1,0,0,1,1,1,1,1
2026-03-28 12:17:00.382,236.981,-1,8,11,-62.93,1,0,0,1,1,1,1,1
2026-03-28 12:17:00.479,237.077,-3,8,11,-60.58,1,0,0,1,1,1,1,1
2026-03-28 12:17:00.575,237.173,-1,8,11,-63.79,1,0,0,1,1,1,1,1
2026-03-28 12:17:00.655,237.253,-1,8,11,-62.82,1,0,0,1,1,1,1,1
2026-03-28 12:17:00.718,237.317,-1,8,11,-59.36,1,0,0,1,1,1,1,1
2026-03-28 12:17:00.814,237.413,-1,8,11,-59.62,1,0,0,1,1,1,1,1
2026-03-28 12:17:00.879,237.477,-1,8,11,-63.47,1,0,0,1,1,1,1,1
2026-03-28 12:17:00.974,237.573,-1,8,11,-60.8,1,0,0,1,1,1,1,1
2026-03-28 12:17:01.054,237.653,-1,8,11,-61.84,1,0,0,1,1,1,1,1
2026-03-28 12:17:01.134,237.732,-1,8,11,-60.09,1,0,0,1,1,1,1,1
2026-03-28 12:17:01.230,237.828,0,8,11,-63.39,1,0,0,1,1,1,1,1
2026-03-28 12:17:01.263,237.861,0,8,11,-61.27,1,0,0,1,1,1,1,1
2026-03-28 12:17:01.358,237.956,-1,8,11,-62.89,1,0,0,1,1,1,1,1
2026-03-28 12:17:01.375,237.973,-1,8,11,-64.63,1,0,0,1,1,1,1,1
2026-03-28 12:17:01.487,238.086,-1,8,11,-63.65,1,0,0,1,1,1,1,1
2026-03-28 12:17:01.535,238.133,-1,8,11,-59.89,1,0,0,1,1,1,1,1
2026-03-28 12:17:01.614,238.213,-1,8,11,-61.85,1,0,0,1,1,1,1,1
2026-03-28 12:17:01.647,238.245,-1,8,11,-62.15,1,0,0,1,1,1,1,1
2026-03-28 12:17:01.711,238.310,-1,8,11,-67.15,1,0,0,1,1,1,1,1
2026-03-28 12:17:01.790,238.389,-1,8,11,-63.65,1,0,0,1,1,1,1,1
2026-03-28 12:17:01.903,238.501,-1,8,11,-61.26,1,0,0,1,1,1,1,1
2026-03-28 12:17:01.966,238.565,0,7,11,-61.53,1,0,0,1,1,1,1,1
2026-03-28 12:17:02.046,238.645,-1,8,11,-63.6,1,0,0,1,1,1,1,1
2026-03-28 12:17:02.175,238.773,-1,8,11,-59.98,1,0,0,1,1,1,1,1
2026-03-28 12:17:02.238,238.837,-1,8,11,-59.21,1,0,0,1,1,1,1,1
2026-03-28 12:17:02.302,238.901,-1,8,11,-62.72,1,0,0,1,1,1,1,1
2026-03-28 12:17:02.430,239.029,-1,8,11,-64.67,1,0,0,1,1,1,1,1
2026-03-28 12:17:02.479,239.077,-1,8,11,-60.25,1,0,0,1,1,1,1,1
2026-03-28 12:17:02.559,239.157,-1,8,11,-59.73,1,0,0,1,1,1,1,1
2026-03-28 12:17:02.622,239.221,-1,8,11,-60.05,1,0,0,1,1,1,1,1
2026-03-28 12:17:02.767,239.365,-1,8,11,-61.14,1,0,0,1,1,1,1,1
2026-03-28 12:17:02.783,239.381,-1,8,11,-63.98,1,0,0,1,1,1,1,1
2026-03-28 12:17:02.863,239.461,-1,8,11,-61.2,1,0,0,1,1,1,1,1
2026-03-28 12:17:02.942,239.541,-1,8,11,-59.29,1,0,0,1,1,1,1,1
2026-03-28 12:17:03.022,239.621,-1,8,11,-60.25,1,0,0,1,1,1,1,1
2026-03-28 12:17:03.087,239.685,-1,8,11,-65.98,1,0,0,1,1,1,1,1
2026-03-28 12:17:03.134,239.733,-1,8,11,-62.06,1,0,0,1,1,1,1,1
2026-03-28 12:17:03.230,239.828,-1,8,11,-66.28,1,0,0,1,1,1,1,1
2026-03-28 12:17:03.262,239.861,-1,8,11,-62.61,1,0,0,1,1,1,1,1
2026-03-28 12:17:03.422,240.021,-1,8,11,-59.06,1,0,0,1,1,1,1,1
2026-03-28 12:17:03.439,240.037,-1,8,11,-62.46,1,0,0,1,1,1,1,1
2026-03-28 12:17:03.535,240.133,-1,8,11,-61.81,1,0,0,1,1,1,1,1
2026-03-28 12:17:03.631,240.229,-1,8,11,-62.14,1,0,0,1,1,1,1,1
2026-03-28 12:17:03.695,240.293,-1,8,11,-60.72,1,0,0,1,1,1,1,1
2026-03-28 12:17:03.775,240.373,-1,8,11,-63.59,1,0,0,1,1,1,1,1
2026-03-28 12:17:03.839,240.437,-1,8,11,-63.89,1,0,0,1,1,1,1,1
2026-03-28 12:17:03.886,240.485,-1,8,11,-63.66,1,0,0,1,1,1,1,1
2026-03-28 12:17:03.982,240.581,-1,8,11,-60.28,1,0,0,1,1,1,1,1
2026-03-28 12:17:04.093,240.692,-1,8,11,-60.32,1,0,0,1,1,1,1,1
2026-03-28 12:17:04.143,240.741,-1,8,11,-61.78,1,0,0,1,1,1,1,1
2026-03-28 12:17:04.254,240.853,-1,8,11,-64.96,1,0,0,1,1,1,1,1
2026-03-28 12:17:04.286,240.884,-1,8,11,-62.5,1,0,0,1,1,1,1,1
2026-03-28 12:17:04.429,241.028,-1,8,11,-59.06,1,0,0,1,1,1,1,1
2026-03-28 12:17:04.446,241.045,-1,8,11,-60.63,1,0,0,1,1,1,1,1
2026-03-28 12:17:04.542,241.140,-1,8,11,-60.55,1,0,0,1,1,1,1,1
2026-03-28 12:17:04.639,241.237,-1,8,11,-63.65,1,0,0,1,1,1,1,1
2026-03-28 12:17:04.686,241.285,-1,8,11,-62.08,1,0,0,1,1,1,1,1
2026-03-28 12:17:04.815,241.413,-1,8,11,-61.21,1,0,0,1,1,1,1,1
2026-03-28 12:17:04.879,241.478,-1,8,11,-61.16,1,0,0,1,1,1,1,1
2026-03-28 12:17:04.975,241.573,-1,8,11,-62.53,1,0,0,1,1,1,1,1
2026-03-28 12:17:05.022,241.621,-1,8,11,-61.18,1,0,0,1,1,1,1,1
2026-03-28 12:17:05.118,241.717,-1,8,11,-62.14,1,0,0,1,1,1,1,1
2026-03-28 12:17:05.263,241.861,-1,8,11,-59.89,1,0,0,1,1,1,1,1
2026-03-28 12:17:05.295,241.893,-1,8,11,-61.38,1,0,0,1,1,1,1,1
2026-03-28 12:17:05.326,241.925,-1,8,11,-63.26,1,0,0,1,1,1,1,1
2026-03-28 12:17:05.422,242.020,-1,8,11,-65.42,1,0,0,1,1,1,1,1
2026-03-28 12:17:05.470,242.068,-1,8,11,-64.35,1,0,0,1,1,1,1,1
2026-03-28 12:17:05.646,242.245,-1,8,11,-62.2,1,0,0,1,1,1,1,1
2026-03-28 12:17:05.742,242.341,-1,8,11,-63.12,1,0,0,1,1,1,1,1
2026-03-28 12:17:05.806,242.404,-1,8,11,-61.27,1,0,0,1,1,1,1,1
2026-03-28 12:17:05.887,242.485,-1,8,11,-62.96,1,0,0,1,1,1,1,1
2026-03-28 12:17:05.983,242.581,-1,8,11,-59.6,1,0,0,1,1,1,1,1
2026-03-28 12:17:06.095,242.693,-1,8,11,-62.7,1,0,0,1,1,1,1,1
2026-03-28 12:17:06.127,242.725,-1,8,11,-64.78,1,0,0,1,1,1,1,1
2026-03-28 12:17:06.191,242.789,-1,8,11,-62.74,1,0,0,1,1,1,1,1
2026-03-28 12:17:06.287,242.885,-1,8,11,-61.19,1,0,0,1,1,1,1,1
2026-03-28 12:17:06.335,242.933,-1,8,10,-64.35,1,0,0,1,1,1,1,1
2026-03-28 12:17:06.510,243.109,-1,8,11,-58.15,1,0,0,1,1,1,1,1
2026-03-28 12:17:06.607,243.205,-1,8,11,-63.62,1,0,0,1,1,1,1,1
2026-03-28 12:17:06.654,243.252,-1,8,11,-64.22,1,0,0,1,1,1,1,1
2026-03-28 12:17:06.750,243.348,-1,8,11,-59.97,1,0,0,1,1,1,1,1
2026-03-28 12:17:06.862,243.461,-1,8,11,-61.47,1,0,0,1,1,1,1,1
2026-03-28 12:17:07.006,243.605,-1,8,11,-63.36,1,0,0,1,1,1,1,1
2026-03-28 12:17:07.022,243.620,-1,8,11,-60.55,1,0,0,1,1,1,1,1
2026-03-28 12:17:07.086,243.684,-1,8,11,-61.25,1,0,0,1,1,1,1,1
2026-03-28 12:17:07.151,243.749,-1,8,13,-62.39,1,0,0,1,1,1,1,1
2026-03-28 12:17:07.263,243.861,-1,8,11,-64.14,1,0,0,1,1,1,1,1
2026-03-28 12:17:07.358,243.956,-1,8,8,-60.94,1,0,0,1,1,1,1,1
2026-03-28 12:17:07.455,244.053,-1,8,11,-63.62,1,0,0,1,1,1,1,1
2026-03-28 12:17:07.471,244.069,0,8,11,-61.97,1,0,0,1,1,1,1,1
2026-03-28 12:17:07.550,244.149,-1,8,11,-62.99,1,0,0,1,1,1,1,1
2026-03-28 12:17:07.693,244.292,-1,8,11,-62.57,1,0,0,1,1,1,1,1
2026-03-28 12:17:07.727,244.325,-1,8,11,-60.06,1,0,0,1,1,1,1,1
2026-03-28 12:17:07.823,244.421,-1,8,11,-61.23,1,0,0,1,1,1,1,1
2026-03-28 12:17:07.854,244.453,-1,8,11,-62.32,1,0,0,1,1,1,1,1
2026-03-28 12:17:07.966,244.565,-1,8,11,-64.78,1,0,0,1,1,1,1,1
2026-03-28 12:17:08.062,244.661,-1,8,11,-63.07,1,0,0,1,1,1,1,1
2026-03-28 12:17:08.158,244.757,-1,8,11,-64.37,1,0,0,1,1,1,1,1
2026-03-28 12:17:08.191,244.789,-1,8,11,-63.38,1,0,0,1,1,1,1,1
2026-03-28 12:17:08.271,244.869,0,8,11,-63.74,1,0,0,1,1,1,1,1
2026-03-28 12:17:08.318,244.916,-1,8,11,-64.05,1,0,0,1,1,1,1,1
2026-03-28 12:17:08.383,244.981,-1,8,11,-63.1,1,0,0,1,1,1,1,1
2026-03-28 12:17:08.462,245.060,-1,8,11,-61.59,1,0,0,1,1,1,1,1
2026-03-28 12:17:08.542,245.141,-1,8,11,-61.32,1,0,0,1,1,1,1,1
2026-03-28 12:17:08.622,245.221,-1,8,11,-60.77,1,0,0,1,1,1,1,1
2026-03-28 12:17:08.702,245.301,-1,8,11,-63.41,1,0,0,1,1,1,1,1
2026-03-28 12:17:08.829,245.428,-1,8,11,-59.89,1,0,0,1,1,1,1,1
2026-03-28 12:17:08.895,245.493,-3,8,11,-62.68,1,0,0,1,1,1,1,1
2026-03-28 12:17:09.006,245.604,-1,8,11,-61.72,1,0,0,1,1,1,1,1
2026-03-28 12:17:09.038,245.636,-1,8,11,-62.33,1,0,0,1,1,1,1,1
2026-03-28 12:17:09.151,245.749,-3,8,11,-63.68,1,0,0,1,1,1,1,1
2026-03-28 12:17:09.279,245.878,-1,8,11,-63.24,1,0,0,1,1,1,1,1
2026-03-28 12:17:09.294,245.893,-1,8,11,-60.51,1,0,0,1,1,1,1,1
2026-03-28 12:17:09.358,245.957,-1,8,11,-61.07,1,0,0,1,1,1,1,1
2026-03-28 12:17:09.470,246.069,-1,8,11,-65.03,1,0,0,1,1,1,1,1
2026-03-28 12:17:09.534,246.132,-1,8,11,-63.68,1,0,0,1,1,1,1,1
2026-03-28 12:17:09.598,246.196,-1,8,11,-60.69,1,0,0,1,1,1,1,1
2026-03-28 12:17:09.710,246.309,-1,8,11,-64.57,1,0,0,1,1,1,1,1
2026-03-28 12:17:09.742,246.340,0,8,11,-61.72,1,0,0,1,1,1,1,1
2026-03-28 12:17:09.839,246.437,-1,8,11,-63.75,1,0,0,1,1,1,1,1
2026-03-28 12:17:09.919,246.517,-1,8,11,-62.08,1,0,0,1,1,1,1,1
2026-03-28 12:17:10.046,246.645,-1,8,11,-63.36,1,0,0,1,1,1,1,1
2026-03-28 12:17:10.190,246.789,-1,8,11,-63.35,1,0,0,1,1,1,1,1
2026-03-28 12:17:10.238,246.837,-1,8,11,-60.76,1,0,0,1,1,1,1,1
2026-03-28 12:17:10.382,246.980,-1,8,11,-59.29,1,0,0,1,1,1,1,1
2026-03-28 12:17:10.398,246.996,-1,8,11,-59.21,1,0,0,1,1,1,1,1
2026-03-28 12:17:10.558,247.157,-1,8,11,-62.52,1,0,0,1,1,1,1,1
2026-03-28 12:17:10.638,247.236,-1,8,11,-61.21,1,0,0,1,1,1,1,1
2026-03-28 12:17:10.781,247.380,-1,8,11,-62.54,1,0,0,1,1,1,1,1
2026-03-28 12:17:10.814,247.412,-1,8,11,-61.06,1,0,0,1,1,1,1,1
2026-03-28 12:17:10.909,247.507,-1,8,11,-59.5,1,0,0,1,1,1,1,1
2026-03-28 12:17:11.022,247.620,-1,8,11,-60.09,1,0,0,1,1,1,1,1
2026-03-28 12:17:11.118,247.716,-1,8,11,-61.34,1,0,0,1,1,1,1,1
2026-03-28 12:17:11.198,247.796,-1,8,11,-63.34,1,0,0,1,1,1,1,1
2026-03-28 12:17:11.311,247.909,-1,8,11,-61.77,1,0,0,1,1,1,1,1
2026-03-28 12:17:11.342,247.940,-1,8,11,-60.45,1,0,0,1,1,1,1,1
2026-03-28 12:17:11.407,248.005,-1,8,11,-61.93,1,0,0,1,1,1,1,1
2026-03-28 12:17:11.502,248.101,-1,8,11,-64.84,1,0,0,1,1,1,1,1
2026-03-28 12:17:11.550,248.148,-1,8,11,-62.27,1,0,0,1,1,1,1,1
2026-03-28 12:17:11.646,248.245,-1,8,11,-61.8,1,0,0,1,1,1,1,1
2026-03-28 12:17:11.774,248.372,-1,8,11,-61.85,1,0,0,1,1,1,1,1
2026-03-28 12:17:11.854,248.452,-1,8,11,-60.57,1,0,0,1,1,1,1,1
2026-03-28 12:17:11.933,248.532,-1,8,11,-61.28,1,0,0,1,1,1,1,1
2026-03-28 12:17:11.982,248.580,-1,8,11,-61.82,1,0,0,1,1,1,1,1
2026-03-28 12:17:12.047,248.645,-1,8,11,-61.73,1,0,0,1,1,1,1,1
2026-03-28 12:17:12.125,248.724,-1,8,11,-60.82,1,0,0,1,1,1,1,1
2026-03-28 12:17:12.206,248.805,-1,8,11,-62.56,1,0,0,1,1,1,1,1
2026-03-28 12:17:12.302,248.901,-1,8,11,-63.18,1,0,0,1,1,1,1,1
2026-03-28 12:17:12.366,248.964,-1,8,11,-61.14,1,0,0,1,1,1,1,1
2026-03-28 12:17:12.478,249.076,-1,8,11,-61.27,1,0,0,1,1,1,1,1
2026-03-28 12:17:12.526,249.124,-1,8,11,-62.64,1,0,0,1,1,1,1,1
2026-03-28 12:17:12.574,249.172,-1,8,8,-61.95,1,0,0,1,1,1,1,1
2026-03-28 12:17:12.670,249.269,-1,8,11,-63.86,1,0,0,1,1,1,1,1
2026-03-28 12:17:12.798,249.396,-1,8,11,-65.57,1,0,0,1,1,1,1,1
2026-03-28 12:17:12.894,249.493,-1,8,11,-62.4,1,0,0,1,1,1,1,1
2026-03-28 12:17:12.942,249.540,-1,8,11,-59.99,1,0,0,1,1,1,1,1
2026-03-28 12:17:13.070,249.669,-1,8,11,-61.16,1,0,0,1,1,1,1,1
2026-03-28 12:17:13.150,249.748,-1,8,11,-60.62,1,0,0,1,1,1,1,1
2026-03-28 12:17:13.214,249.812,-1,8,11,-59.74,1,0,0,1,1,1,1,1
2026-03-28 12:17:13.310,249.909,-1,8,11,-62.86,1,0,0,1,1,1,1,1
2026-03-28 12:17:13.406,250.005,-1,8,11,-62.49,1,0,0,1,1,1,1,1
2026-03-28 12:17:13.454,250.053,-1,8,11,-64.4,1,0,0,1,1,1,1,1
2026-03-28 12:17:13.518,250.117,-1,8,11,-61.78,1,0,0,1,1,1,1,1
2026-03-28 12:17:13.630,250.228,-1,8,11,-62.3,1,0,0,1,1,1,1,1
2026-03-28 12:17:13.710,250.309,0,8,11,-61.19,1,0,0,1,1,1,1,1
2026-03-28 12:17:13.822,250.420,-1,8,11,-61.59,1,0,0,1,1,1,1,1
2026-03-28 12:17:13.870,250.468,-1,8,11,-63.12,1,0,0,1,1,1,1,1
2026-03-28 12:17:13.981,250.580,-1,8,11,-62.49,1,0,0,1,1,1,1,1
2026-03-28 12:17:14.047,250.645,-1,7,11,-63.52,1,0,0,1,1,1,1,1
2026-03-28 12:17:14.190,250.789,-1,8,11,-60.03,1,0,0,1,1,1,1,1
2026-03-28 12:17:14.222,250.820,-4,8,11,-60.72,1,0,0,1,1,1,1,1
2026-03-28 12:17:14.302,250.901,-1,8,11,-59.46,1,0,0,1,1,1,1,1
2026-03-28 12:17:14.413,251.012,-3,8,11,-61.26,1,0,0,1,1,1,1,1
2026-03-28 12:17:14.447,251.045,-1,8,11,-62.25,1,0,0,1,1,1,1,1
2026-03-28 12:17:14.542,251.140,-1,8,11,-62.04,1,0,0,1,1,1,1,1
2026-03-28 12:17:14.622,251.221,0,8,11,-61.94,1,0,0,1,1,1,1,1
2026-03-28 12:17:14.686,251.284,-1,8,11,-62.13,1,0,0,1,1,1,1,1
2026-03-28 12:17:14.750,251.349,-1,8,11,-62.89,1,0,0,1,1,1,1,1
2026-03-28 12:17:14.846,251.445,-1,8,11,-60.22,1,0,0,1,1,1,1,1
2026-03-28 12:17:14.942,251.541,-1,8,11,-63.76,1,0,0,1,1,1,1,1
2026-03-28 12:17:15.022,251.620,-1,8,11,-63.09,1,0,0,1,1,1,1,1
2026-03-28 12:17:15.102,251.701,-1,8,11,-63.1,1,0,0,1,1,1,1,1
2026-03-28 12:17:15.134,251.732,-1,8,11,-62.24,1,0,0,1,1,1,1,1
2026-03-28 12:17:15.246,251.845,-1,8,11,-61.04,1,0,0,1,1,1,1,1
2026-03-28 12:17:15.342,251.940,-1,8,11,-60.99,1,0,0,1,1,1,1,1
2026-03-28 12:17:15.453,252.052,-1,8,11,-62.5,1,0,0,1,1,1,1,1
2026-03-28 12:17:15.486,252.085,-1,8,11,-61.19,1,0,0,1,1,1,1,1
2026-03-28 12:17:15.582,252.180,-1,8,11,-62.15,1,0,0,1,1,1,1,1
2026-03-28 12:17:15.647,252.245,-1,8,11,-62.12,1,0,0,1,1,1,1,1
2026-03-28 12:17:15.757,252.356,-1,8,11,-62.56,1,0,0,1,1,1,1,1
2026-03-28 12:17:15.822,252.420,-1,8,11,-61.64,1,0,0,1,1,1,1,1
2026-03-28 12:17:15.917,252.515,-1,8,11,-63.79,1,0,0,1,1,1,1,1
2026-03-28 12:17:15.998,252.596,-1,8,11,-61.71,1,0,0,1,1,1,1,1
2026-03-28 12:17:16.030,252.629,-1,8,11,-61.69,1,0,0,1,1,1,1,1
2026-03-28 12:17:16.157,252.756,-1,7,11,-64.88,1,0,0,1,1,1,1,1
2026-03-28 12:17:16.222,252.820,-1,8,11,-63.5,1,0,0,1,1,1,1,1
2026-03-28 12:17:16.302,252.901,0,8,11,-61.92,1,0,0,1,1,1,1,1
2026-03-28 12:17:16.381,252.980,-1,8,11,-62.36,1,0,0,1,1,1,1,1
2026-03-28 12:17:16.526,253.124,-1,8,8,-61.45,1,0,0,1,1,1,1,1
2026-03-28 12:17:16.541,253.140,-1,8,11,-62.99,1,0,0,1,1,1,1,1
2026-03-28 12:17:16.606,253.204,-1,8,11,-61.72,1,0,0,1,1,1,1,1
2026-03-28 12:17:16.670,253.268,-1,8,11,-61.5,1,0,0,1,1,1,1,1
2026-03-28 12:17:16.734,253.332,-1,8,11,-62.63,1,0,0,1,1,1,1,1
2026-03-28 12:17:16.814,253.412,-1,8,11,-62.55,1,0,0,1,1,1,1,1
2026-03-28 12:17:16.910,253.509,-3,8,11,-60.74,1,0,0,1,1,1,1,1
2026-03-28 12:17:16.973,253.572,-1,8,11,-63.89,1,0,0,1,1,1,1,1
2026-03-28 12:17:17.053,253.652,-1,8,11,-61.55,1,0,0,1,1,1,1,1
2026-03-28 12:17:17.086,253.684,-1,8,11,-61.49,1,0,0,1,1,1,1,1
2026-03-28 12:17:17.150,253.748,-1,8,11,-62.43,1,0,0,1,1,1,1,1
2026-03-28 12:17:17.213,253.812,-1,8,11,-61.78,1,0,0,1,1,1,1,1
2026-03-28 12:17:17.310,253.909,-1,7,11,-65.13,1,0,0,1,1,1,1,1
2026-03-28 12:17:17.358,253.956,-1,8,11,-63.96,1,0,0,1,1,1,1,1
2026-03-28 12:17:17.470,254.069,-1,8,11,-63.7,1,0,0,1,1,1,1,1
2026-03-28 12:17:17.486,254.084,-1,8,11,-64.01,1,0,0,1,1,1,1,1
2026-03-28 12:17:17.646,254.244,-1,9,11,-66.11,1,0,0,1,1,1,1,1
2026-03-28 12:17:17.742,254.340,-1,8,11,-61.56,1,0,0,1,1,1,1,1
2026-03-28 12:17:17.854,254.452,2,7,11,-61.3,1,0,0,1,1,1,1,1
2026-03-28 12:17:17.950,254.548,-1,8,11,-62.23,1,0,0,1,1,1,1,1
2026-03-28 12:17:17.965,254.564,-1,8,11,-61.8,1,0,0,1,1,1,1,1
2026-03-28 12:17:18.094,254.692,-1,8,11,-60.12,1,0,0,1,1,1,1,1
2026-03-28 12:17:18.110,254.708,-1,8,11,-64.59,1,0,0,1,1,1,1,1
2026-03-28 12:17:18.222,254.820,-1,8,11,-62.38,1,0,0,1,1,1,1,1
2026-03-28 12:17:18.302,254.900,-1,8,11,-61.34,1,0,0,1,1,1,1,1
2026-03-28 12:17:18.462,255.060,-1,8,11,-62.54,1,0,0,1,1,1,1,1
2026-03-28 12:17:18.589,255.188,-1,8,11,-62.7,1,0,0,1,1,1,1,1
2026-03-28 12:17:18.670,255.268,-1,10,11,-62.09,1,0,0,1,1,1,1,1
2026-03-28 12:17:18.702,255.300,-1,8,11,-63.06,1,0,0,1,1,1,1,1
2026-03-28 12:17:18.797,255.395,-1,8,11,-62.79,1,0,0,1,1,1,1,1
2026-03-28 12:17:18.845,255.444,-1,8,11,-62.9,1,0,0,1,1,1,1,1
2026-03-28 12:17:18.941,255.540,-1,8,11,-61.88,1,0,0,1,1,1,1,1
2026-03-28 12:17:18.989,255.588,-3,8,11,-61.37,1,0,0,1,1,1,1,1
2026-03-28 12:17:19.101,255.700,-1,8,11,-63.55,1,0,0,1,1,1,1,1
2026-03-28 12:17:19.261,255.860,-1,8,11,-60.82,1,0,0,1,1,1,1,1
2026-03-28 12:17:19.326,255.924,-1,8,11,-63.0,1,0,0,1,1,1,1,1
2026-03-28 12:17:19.405,256.004,-2,8,11,-63.54,1,0,0,1,1,1,1,1
2026-03-28 12:17:19.486,256.084,-1,8,11,-60.54,1,0,0,1,1,1,1,1
2026-03-28 12:17:19.597,256.196,-1,8,11,-63.98,1,0,0,1,1,1,1,1
2026-03-28 12:17:19.646,256.244,-1,8,11,-65.37,1,0,0,1,1,1,1,1
2026-03-28 12:17:19.789,256.388,-1,8,11,-61.6,1,0,0,1,1,1,1,1
2026-03-28 12:17:19.854,256.452,-1,8,11,-65.13,1,0,0,1,1,1,1,1
2026-03-28 12:17:19.886,256.484,-1,8,11,-61.21,1,0,0,1,1,1,1,1
2026-03-28 12:17:19.950,256.548,0,8,11,-61.87,1,0,0,1,1,1,1,1
2026-03-28 12:17:20.062,256.660,-1,8,11,-64.55,1,0,0,1,1,1,1,1
2026-03-28 12:17:20.142,256.740,-1,8,11,-66.3,1,0,0,1,1,1,1,1
2026-03-28 12:17:20.253,256.852,-1,8,11,-62.89,1,0,0,1,1,1,1,1
2026-03-28 12:17:20.286,256.884,-1,8,11,-59.98,1,0,0,1,1,1,1,1
2026-03-28 12:17:20.382,256.980,-1,8,11,-61.86,1,0,0,1,1,1,1,1
2026-03-28 12:17:20.445,257.044,-1,8,11,-62.68,1,0,0,1,1,1,1,1
2026-03-28 12:17:20.541,257.140,-1,8,11,-61.61,1,0,0,1,1,1,1,1
2026-03-28 12:17:20.622,257.220,0,8,11,-61.86,1,0,0,1,1,1,1,1
2026-03-28 12:17:20.702,257.300,-1,8,11,-62.51,1,0,0,1,1,1,1,1
2026-03-28 12:17:20.798,257.396,-1,8,11,-63.64,1,0,0,1,1,1,1,1
2026-03-28 12:17:20.878,257.476,-1,8,11,-62.9,1,0,0,1,1,1,1,1
2026-03-28 12:17:20.942,257.540,-1,8,11,-61.36,1,0,0,1,1,1,1,1
2026-03-28 12:17:21.021,257.620,-1,8,11,-62.62,1,0,0,1,1,1,1,1
2026-03-28 12:17:21.086,257.684,-1,8,11,-63.31,1,0,0,1,1,1,1,1
2026-03-28 12:17:21.229,257.827,-1,8,11,-61.37,1,0,0,1,1,1,1,1
2026-03-28 12:17:21.261,257.860,-1,8,11,-63.1,1,0,0,1,1,1,1,1
2026-03-28 12:17:21.341,257.940,-1,8,11,-63.4,1,0,0,1,1,1,1,1
2026-03-28 12:17:21.421,258.020,-1,8,11,-61.43,1,0,0,1,1,1,1,1
2026-03-28 12:17:21.518,258.116,-1,8,11,-59.84,1,0,0,1,1,1,1,1
2026-03-28 12:17:21.597,258.196,-1,8,11,-61.52,1,0,0,1,1,1,1,1
2026-03-28 12:17:21.646,258.245,-1,8,11,-61.24,1,0,0,1,1,1,1,1
2026-03-28 12:17:21.790,258.388,-1,8,11,-61.51,1,0,0,1,1,1,1,1
2026-03-28 12:17:21.886,258.484,-1,8,11,-64.4,1,0,0,1,1,1,1,1
2026-03-28 12:17:21.949,258.548,-1,8,11,-64.12,1,0,0,1,1,1,1,1
2026-03-28 12:17:22.030,258.628,0,8,11,-60.84,1,0,0,1,1,1,1,1
2026-03-28 12:17:22.093,258.692,-1,8,11,-62.39,1,0,0,1,1,1,1,1
2026-03-28 12:17:22.158,258.756,-1,8,11,-64.3,1,0,0,1,1,1,1,1
2026-03-28 12:17:22.238,258.836,-1,8,11,-63.33,1,0,0,1,1,1,1,1
2026-03-28 12:17:22.334,258.932,-1,8,11,-60.86,1,0,0,1,1,1,1,1
2026-03-28 12:17:22.397,258.996,-1,8,10,-64.44,1,0,0,1,1,1,1,1
2026-03-28 12:17:22.462,259.060,-1,8,11,-63.13,1,0,0,1,1,1,1,1
2026-03-28 12:17:22.557,259.156,0,8,11,-62.5,1,0,0,1,1,1,1,1
2026-03-28 12:17:22.653,259.252,-1,8,11,-61.99,1,0,0,1,1,1,1,1
2026-03-28 12:17:22.685,259.284,-1,8,11,-61.53,1,0,0,1,1,1,1,1
2026-03-28 12:17:22.749,259.348,-1,8,11,-61.9,1,0,0,1,1,1,1,1
2026-03-28 12:17:22.861,259.460,-1,8,11,-63.94,1,0,0,1,1,1,1,1
2026-03-28 12:17:22.925,259.524,-1,8,11,-65.57,1,0,0,1,1,1,1,1
2026-03-28 12:17:23.005,259.604,-1,8,11,-62.15,1,0,0,1,1,1,1,1
2026-03-28 12:17:23.054,259.652,-1,8,11,-62.27,1,0,0,1,1,1,1,1
2026-03-28 12:17:23.181,259.780,-1,8,12,-63.75,1,0,0,1,1,1,1,1
2026-03-28 12:17:23.262,259.860,-1,8,11,-62.03,1,0,0,1,1,1,1,1
2026-03-28 12:17:23.358,259.956,-1,8,11,-59.87,1,0,0,1,1,1,1,1
2026-03-28 12:17:23.390,259.988,-1,8,11,-62.38,1,0,0,1,1,1,1,1
2026-03-28 12:17:23.502,260.100,-1,8,11,-62.37,1,0,0,1,1,1,1,1
2026-03-28 12:17:23.581,260.180,-1,8,11,-64.29,1,0,0,1,1,1,1,1
2026-03-28 12:17:23.678,260.276,-1,8,11,-61.23,1,0,0,1,1,1,1,1
2026-03-28 12:17:23.758,260.356,-1,8,11,-63.7,1,0,0,1,1,1,1,1
2026-03-28 12:17:23.820,260.419,-1,8,11,-62.57,1,0,0,1,1,1,1,1
2026-03-28 12:17:23.917,260.515,-1,8,11,-62.34,1,0,0,1,1,1,1,1
2026-03-28 12:17:24.029,260.627,0,8,11,-60.93,1,0,0,1,1,1,1,1
2026-03-28 12:17:24.109,260.707,0,8,11,-61.8,1,0,0,1,1,1,1,1
2026-03-28 12:17:24.190,260.788,-1,8,11,-62.22,1,0,0,1,1,1,1,1
2026-03-28 12:17:24.284,260.883,-1,8,11,-61.33,1,0,0,1,1,1,1,1
2026-03-28 12:17:24.317,260.916,-1,8,11,-61.55,1,0,0,1,1,1,1,1
2026-03-28 12:17:24.414,261.012,-1,8,11,-60.25,1,0,0,1,1,1,1,1
2026-03-28 12:17:24.430,261.029,-1,8,11,-62.17,1,0,0,1,1,1,1,1
2026-03-28 12:17:24.509,261.108,-1,8,11,-64.89,1,0,0,1,1,1,1,1
2026-03-28 12:17:24.621,261.219,-1,8,11,-62.22,1,0,0,1,1,1,1,1
2026-03-28 12:17:24.686,261.284,-1,8,11,-65.25,1,0,0,1,1,1,1,1
2026-03-28 12:17:24.765,261.364,-1,8,11,-62.98,1,0,0,1,1,1,1,1
2026-03-28 12:17:24.876,261.475,-1,8,11,-61.81,1,0,0,1,1,1,1,1
2026-03-28 12:17:24.910,261.508,-1,8,11,-60.54,1,0,0,1,1,1,1,1
2026-03-28 12:17:24.988,261.587,-1,8,11,-63.96,1,0,0,1,1,1,1,1
2026-03-28 12:17:25.086,261.684,-1,8,11,-61.29,1,0,0,1,1,1,1,1
2026-03-28 12:17:25.133,261.732,-1,8,11,-61.28,1,0,0,1,1,1,1,1
2026-03-28 12:17:25.261,261.860,-1,8,11,-64.48,1,0,0,1,1,1,1,1
2026-03-28 12:17:25.293,261.892,-1,8,11,-62.33,1,0,0,1,1,1,1,1
2026-03-28 12:17:25.470,262.068,-1,8,11,-62.19,1,0,0,1,1,1,1,1
2026-03-28 12:17:25.485,262.083,-1,8,11,-63.43,1,0,0,1,1,1,1,1
2026-03-28 12:17:25.549,262.147,-1,8,11,-63.75,1,0,0,1,1,1,1,1
2026-03-28 12:17:25.693,262.292,-1,8,11,-59.06,1,0,0,1,1,1,1,1
2026-03-28 12:17:25.726,262.324,-1,8,11,-60.73,1,0,0,1,1,1,1,1
2026-03-28 12:17:25.853,262.451,-1,8,11,-64.32,1,0,0,1,1,1,1,1
2026-03-28 12:17:25.917,262.516,-1,8,11,-62.38,1,0,0,1,1,1,1,1
2026-03-28 12:17:26.029,262.627,-1,8,11,-62.15,1,0,0,1,1,1,1,1
2026-03-28 12:17:26.109,262.708,-1,8,11,-59.58,1,0,0,1,1,1,1,1
2026-03-28 12:17:26.157,262.756,-1,8,11,-63.77,1,0,0,1,1,1,1,1
2026-03-28 12:17:26.221,262.820,-1,8,11,-62.5,1,0,0,1,1,1,1,1
2026-03-28 12:17:26.317,262.916,-1,8,11,-63.44,1,0,0,1,1,1,1,1
2026-03-28 12:17:26.398,262.996,-1,8,11,-63.09,1,0,0,1,1,1,1,1
2026-03-28 12:17:26.461,263.059,-1,8,11,-62.29,1,0,0,1,1,1,1,1
2026-03-28 12:17:26.589,263.187,-1,8,11,-62.14,1,0,0,1,1,1,1,1
2026-03-28 12:17:26.638,263.236,-1,8,11,-64.42,1,0,0,1,1,1,1,1
2026-03-28 12:17:26.749,263.347,-1,8,11,-61.14,1,0,0,1,1,1,1,1
2026-03-28 12:17:26.766,263.364,-1,10,11,-62.27,1,0,0,1,1,1,1,1
2026-03-28 12:17:26.877,263.476,-1,8,11,-63.16,1,0,0,1,1,1,1,1
2026-03-28 12:17:26.957,263.556,-1,8,11,-64.88,1,0,0,1,1,1,1,1
2026-03-28 12:17:27.037,263.635,-1,8,11,-63.28,1,0,0,1,1,1,1,1
2026-03-28 12:17:27.053,263.651,-1,8,11,-62.26,1,0,0,1,1,1,1,1
2026-03-28 12:17:27.165,263.763,-1,8,11,-61.97,1,0,0,1,1,1,1,1
2026-03-28 12:17:27.293,263.891,-1,8,11,-63.12,1,0,0,1,1,1,1,1
2026-03-28 12:17:27.357,263.956,-1,8,11,-63.45,1,0,0,1,1,1,1,1
2026-03-28 12:17:27.453,264.052,-1,8,11,-59.85,1,0,0,1,1,1,1,1
2026-03-28 12:17:27.549,264.148,-1,8,11,-62.83,1,0,0,1,1,1,1,1
2026-03-28 12:17:27.662,264.260,-1,8,11,-62.84,1,0,0,1,1,1,1,1
2026-03-28 12:17:27.693,264.292,-1,8,11,-60.11,1,0,0,1,1,1,1,1
2026-03-28 12:17:27.821,264.419,0,8,11,-59.88,1,0,0,1,1,1,1,1
2026-03-28 12:17:27.853,264.451,-1,8,11,-64.09,1,0,0,1,1,1,1,1
2026-03-28 12:17:27.949,264.547,-1,8,11,-60.62,1,0,0,1,1,1,1,1
2026-03-28 12:17:28.029,264.628,-1,8,11,-63.55,1,0,0,1,1,1,1,1
2026-03-28 12:17:28.061,264.659,-1,8,11,-65.45,1,0,0,1,1,1,1,1
2026-03-28 12:17:28.157,264.755,-1,8,11,-63.21,1,0,0,1,1,1,1,1
2026-03-28 12:17:28.174,264.772,-1,8,11,-63.97,1,0,0,1,1,1,1,1
2026-03-28 12:17:28.237,264.835,-1,8,11,-66.79,1,0,0,1,1,1,1,1
2026-03-28 12:17:28.333,264.932,-1,8,11,-64.68,1,0,0,1,1,1,1,1
2026-03-28 12:17:28.413,265.011,-1,8,11,-63.76,1,0,0,1,1,1,1,1
2026-03-28 12:17:28.493,265.091,-1,8,11,-63.31,1,0,0,1,1,1,1,1
2026-03-28 12:17:28.558,265.156,-1,8,11,-61.82,1,0,0,1,1,1,1,1
2026-03-28 12:17:28.653,265.251,-1,8,11,-61.28,1,0,0,1,1,1,1,1
2026-03-28 12:17:28.701,265.300,-1,8,11,-61.22,1,0,0,1,1,1,1,1
2026-03-28 12:17:28.797,265.396,-1,8,11,-62.78,1,0,0,1,1,1,1,1
2026-03-28 12:17:28.925,265.523,-1,8,11,-61.71,1,0,0,1,1,1,1,1
2026-03-28 12:17:28.941,265.539,-1,8,11,-63.38,1,0,0,1,1,1,1,1
2026-03-28 12:17:29.037,265.635,-1,8,11,-60.51,1,0,0,1,1,1,1,1
2026-03-28 12:17:29.117,265.715,-1,8,11,-61.89,1,0,0,1,1,1,1,1
2026-03-28 12:17:29.198,265.796,-1,7,11,-62.07,1,0,0,1,1,1,1,1
2026-03-28 12:17:29.261,265.859,-1,8,11,-63.79,1,0,0,1,1,1,1,1
2026-03-28 12:17:29.373,265.972,-1,8,11,-62.54,1,0,0,1,1,1,1,1
2026-03-28 12:17:29.422,266.020,-1,8,11,-64.5,1,0,0,1,1,1,1,1
2026-03-28 12:17:29.533,266.131,-1,8,11,-65.61,1,0,0,1,1,1,1,1
2026-03-28 12:17:29.549,266.147,-1,8,11,-62.82,1,0,0,1,1,1,1,1
2026-03-28 12:17:29.692,266.291,-1,8,11,-64.68,1,0,0,1,1,1,1,1
2026-03-28 12:17:29.725,266.324,-1,8,11,-64.27,1,0,0,1,1,1,1,1
2026-03-28 12:17:29.805,266.404,-1,8,11,-67.35,1,0,0,1,1,1,1,1
2026-03-28 12:17:29.885,266.484,-1,8,11,-62.12,1,0,0,1,1,1,1,1
2026-03-28 12:17:29.917,266.515,-1,8,11,-63.34,1,0,0,1,1,1,1,1
2026-03-28 12:17:30.014,266.612,-1,8,11,-61.8,1,0,0,1,1,1,1,1
2026-03-28 12:17:30.125,266.724,-1,8,11,-63.35,1,0,0,1,1,1,1,1
2026-03-28 12:17:30.221,266.820,-1,8,11,-62.91,1,0,0,1,1,1,1,1
2026-03-28 12:17:30.285,266.884,-1,8,11,-65.55,1,0,0,1,1,1,1,1
2026-03-28 12:17:30.317,266.915,-1,8,11,-65.11,1,0,0,1,1,1,1,1
2026-03-28 12:17:30.414,267.012,-1,8,11,-66.95,1,0,0,1,1,1,1,1
2026-03-28 12:17:30.509,267.107,-1,8,11,-65.91,1,0,0,1,1,1,1,1
2026-03-28 12:17:30.573,267.171,0,8,11,-61.41,1,0,0,1,1,1,1,1
2026-03-28 12:17:30.669,267.268,-1,8,11,-62.64,1,0,0,1,1,1,1,1
2026-03-28 12:17:30.733,267.331,-1,8,11,-63.13,1,0,0,1,1,1,1,1
2026-03-28 12:17:30.781,267.380,-1,8,11,-67.83,1,0,0,1,1,1,1,1
2026-03-28 12:17:30.893,267.491,-1,8,11,-63.14,1,0,0,1,1,1,1,1
2026-03-28 12:17:30.957,267.556,-1,8,11,-64.26,1,0,0,1,1,1,1,1
2026-03-28 12:17:31.101,267.700,-1,8,11,-61.61,1,0,0,1,1,1,1,1
2026-03-28 12:17:31.149,267.747,-1,8,11,-62.48,1,0,0,1,1,1,1,1
2026-03-28 12:17:31.245,267.843,-1,8,11,-62.24,1,0,0,1,1,1,1,1
2026-03-28 12:17:31.341,267.939,-1,8,11,-63.82,1,0,0,1,1,1,1,1
2026-03-28 12:17:31.373,267.971,-1,8,11,-66.67,1,0,0,1,1,1,1,1
2026-03-28 12:17:31.421,268.019,-1,8,11,-63.69,1,0,0,1,1,1,1,1
2026-03-28 12:17:31.517,268.115,-1,8,11,-62.76,1,0,0,1,1,1,1,1
2026-03-28 12:17:31.598,268.196,-1,8,11,-64.1,1,0,0,1,1,1,1,1
2026-03-28 12:17:31.645,268.244,-1,8,11,-63.99,1,0,0,1,1,1,1,1
2026-03-28 12:17:31.805,268.403,-1,8,11,-61.8,1,0,0,1,1,1,1,1
2026-03-28 12:17:31.885,268.484,-1,8,11,-63.52,1,0,0,1,1,1,1,1
2026-03-28 12:17:31.917,268.515,-1,8,11,-63.36,1,0,0,1,1,1,1,1
2026-03-28 12:17:31.998,268.596,-1,8,11,-64.24,1,0,0,1,1,1,1,1
2026-03-28 12:17:32.060,268.659,-1,8,11,-61.99,1,0,0,1,1,1,1,1
2026-03-28 12:17:32.125,268.723,-1,8,11,-64.55,1,0,0,1,1,1,1,1
2026-03-28 12:17:32.221,268.819,-1,8,11,-62.39,1,0,0,1,1,1,1,1
2026-03-28 12:17:32.301,268.899,-1,8,11,-65.34,1,0,0,1,1,1,1,1
2026-03-28 12:17:32.365,268.963,-1,8,11,-66.95,1,0,0,1,1,1,1,1
2026-03-28 12:17:32.445,269.044,-1,8,11,-63.89,1,0,0,1,1,1,1,1
2026-03-28 12:17:32.541,269.139,-1,8,11,-61.62,1,0,0,1,1,1,1,1
2026-03-28 12:17:32.605,269.204,-1,8,11,-64.24,1,0,0,1,1,1,1,1
2026-03-28 12:17:32.748,269.346,-1,8,11,-64.69,1,0,0,1,1,1,1,1
2026-03-28 12:17:32.781,269.379,-1,8,11,-65.76,1,0,0,1,1,1,1,1
2026-03-28 12:17:32.925,269.524,-1,8,11,-64.44,1,0,0,1,1,1,1,1
2026-03-28 12:17:33.005,269.603,-1,8,11,-62.34,1,0,0,1,1,1,1,1
2026-03-28 12:17:33.054,269.652,-1,8,11,-65.94,1,0,0,1,1,1,1,1
2026-03-28 12:17:33.085,269.684,-1,8,11,-62.19,1,0,0,1,1,1,1,1
2026-03-28 12:17:33.181,269.780,-1,8,11,-65.26,1,0,0,1,1,1,1,1
2026-03-28 12:17:33.245,269.844,-1,8,11,-64.55,1,0,0,1,1,1,1,1
2026-03-28 12:17:33.325,269.923,-1,8,11,-64.4,1,0,0,1,1,1,1,1
2026-03-28 12:17:33.420,270.018,-1,8,13,-63.99,1,0,0,1,1,1,1,1
2026-03-28 12:17:33.548,270.146,-1,8,11,-65.34,1,0,0,1,1,1,1,1
2026-03-28 12:17:33.581,270.180,-1,8,11,-65.59,1,0,0,1,1,1,1,1
2026-03-28 12:17:33.661,270.259,-1,8,11,-65.45,1,0,0,1,1,1,1,1
2026-03-28 12:17:33.805,270.404,-1,8,11,-65.25,1,0,0,1,1,1,1,1
2026-03-28 12:17:33.885,270.484,-1,8,11,-63.77,1,0,0,1,1,1,1,1
2026-03-28 12:17:33.981,270.580,-1,8,11,-61.66,1,0,0,1,1,1,1,1
2026-03-28 12:17:34.045,270.644,-1,8,11,-63.69,1,0,0,1,1,1,1,1
2026-03-28 12:17:34.124,270.722,-1,8,11,-63.07,1,0,0,1,1,1,1,1
2026-03-28 12:17:34.189,270.787,-1,8,11,-65.42,1,0,0,1,1,1,1,1
2026-03-28 12:17:34.269,270.868,-1,8,11,-63.91,1,0,0,1,1,1,1,1
2026-03-28 12:17:34.364,270.963,-1,8,11,-65.25,1,0,0,1,1,1,1,1
2026-03-28 12:17:34.429,271.027,-1,8,11,-63.99,1,0,0,1,1,1,1,1
2026-03-28 12:17:34.477,271.076,-1,8,11,-66.47,1,0,0,1,1,1,1,1
2026-03-28 12:17:34.573,271.171,-1,8,11,-63.3,1,0,0,1,1,1,1,1
2026-03-28 12:17:34.653,271.251,-1,8,11,-63.0,1,0,0,1,1,1,1,1
2026-03-28 12:17:34.813,271.411,-1,8,11,-61.89,1,0,0,1,1,1,1,1
2026-03-28 12:17:34.877,271.475,-1,8,11,-63.38,1,0,0,1,1,1,1,1
2026-03-28 12:17:34.941,271.540,-1,8,11,-64.52,1,0,0,1,1,1,1,1
2026-03-28 12:17:35.053,271.651,-1,8,11,-61.92,1,0,0,1,1,1,1,1
2026-03-28 12:17:35.133,271.731,-1,8,11,-61.43,1,0,0,1,1,1,1,1
2026-03-28 12:17:35.245,271.843,-1,8,11,-65.45,1,0,0,1,1,1,1,1
2026-03-28 12:17:35.309,271.907,-1,8,11,-63.42,1,0,0,1,1,1,1,1
2026-03-28 12:17:35.372,271.971,-1,8,11,-65.37,1,0,0,1,1,1,1,1
2026-03-28 12:17:35.453,272.051,-1,8,11,-65.63,1,0,0,1,1,1,1,1
2026-03-28 12:17:35.548,272.147,-1,8,11,-66.4,1,0,0,1,1,1,1,1
2026-03-28 12:17:35.612,272.211,-1,8,11,-66.86,1,0,0,1,1,1,1,1
2026-03-28 12:17:35.724,272.323,-1,8,11,-65.36,1,0,0,1,1,1,1,1
2026-03-28 12:17:35.773,272.371,-1,8,11,-65.01,1,0,0,1,1,1,1,1
2026-03-28 12:17:35.853,272.452,-1,8,11,-65.05,1,0,0,1,1,1,1,1
2026-03-28 12:17:35.917,272.515,-1,8,11,-65.84,1,0,0,1,1,1,1,1
2026-03-28 12:17:36.012,272.611,-1,8,11,-65.81,1,0,0,1,1,1,1,1
2026-03-28 12:17:36.093,272.691,-1,8,11,-64.57,1,0,0,1,1,1,1,1
2026-03-28 12:17:36.205,272.803,-1,8,11,-67.02,1,0,0,1,1,1,1,1
2026-03-28 12:17:36.221,272.819,-1,8,11,-64.72,1,0,0,1,1,1,1,1
2026-03-28 12:17:36.397,272.995,-1,8,11,-62.79,1,0,0,1,1,1,1,1
2026-03-28 12:17:36.556,273.155,0,8,11,-65.78,1,0,0,1,1,1,1,1
2026-03-28 12:17:36.573,273.171,-1,8,11,-61.67,1,0,0,1,1,1,1,1
2026-03-28 12:17:36.621,273.219,-1,8,11,-67.25,1,0,0,1,1,1,1,1
2026-03-28 12:17:36.749,273.347,-1,8,11,-64.14,1,0,0,1,1,1,1,1
2026-03-28 12:17:36.813,273.411,-1,8,11,-65.13,1,0,0,1,1,1,1,1
2026-03-28 12:17:36.908,273.507,-1,8,11,-63.1,1,0,0,1,1,1,1,1
2026-03-28 12:17:36.972,273.571,-1,8,11,-64.47,1,0,0,1,1,1,1,1
2026-03-28 12:17:37.101,273.699,-1,8,11,-62.42,1,0,0,1,1,1,1,1
2026-03-28 12:17:37.196,273.794,-1,8,11,-65.36,1,0,0,1,1,1,1,1
2026-03-28 12:17:37.292,273.890,-1,8,11,-65.25,1,0,0,1,1,1,1,1
2026-03-28 12:17:37.324,273.923,-1,8,11,-61.47,1,0,0,1,1,1,1,1
2026-03-28 12:17:37.405,274.003,-1,8,11,-61.9,1,0,0,1,1,1,1,1
2026-03-28 12:17:37.549,274.147,-1,8,11,-61.85,1,0,0,1,1,1,1,1
2026-03-28 12:17:37.644,274.243,-1,8,11,-63.2,1,0,0,1,1,1,1,1
2026-03-28 12:17:37.708,274.307,-1,8,11,-66.27,1,0,0,1,1,1,1,1
2026-03-28 12:17:37.773,274.371,-1,8,11,-65.8,1,0,0,1,1,1,1,1
2026-03-28 12:17:37.869,274.467,-1,8,11,-63.76,1,0,0,1,1,1,1,1
2026-03-28 12:17:37.932,274.531,-1,8,11,-66.22,1,0,0,1,1,1,1,1
2026-03-28 12:17:38.029,274.627,-1,8,11,-65.72,1,0,0,1,1,1,1,1
2026-03-28 12:17:38.092,274.691,-1,8,11,-66.48,1,0,0,1,1,1,1,1
2026-03-28 12:17:38.189,274.787,-1,8,11,-63.15,1,0,0,1,1,1,1,1
2026-03-28 12:17:38.220,274.819,-1,8,11,-62.47,1,0,0,1,1,1,1,1
2026-03-28 12:17:38.332,274.931,-1,8,11,-63.45,1,0,0,1,1,1,1,1
2026-03-28 12:17:38.428,275.026,-1,8,11,-63.95,1,0,0,1,1,1,1,1
2026-03-28 12:17:38.540,275.138,-1,8,11,-63.58,1,0,0,1,1,1,1,1
2026-03-28 12:17:38.588,275.187,-1,8,11,-63.51,1,0,0,1,1,1,1,1
2026-03-28 12:17:38.636,275.235,-1,8,11,-64.59,1,0,0,1,1,1,1,1
2026-03-28 12:17:38.733,275.331,-1,8,11,-64.27,1,0,0,1,1,1,1,1
2026-03-28 12:17:38.780,275.379,-1,8,11,-64.68,1,0,0,1,1,1,1,1
2026-03-28 12:17:38.876,275.475,-1,8,11,-67.18,1,0,0,1,1,1,1,1
2026-03-28 12:17:38.973,275.571,-1,8,10,-63.12,1,0,0,1,1,1,1,1
2026-03-28 12:17:39.053,275.651,-1,8,11,-62.42,1,0,0,1,1,1,1,1
2026-03-28 12:17:39.132,275.731,-1,8,11,-61.69,1,0,0,1,1,1,1,1
2026-03-28 12:17:39.213,275.811,-1,8,11,-62.8,1,0,0,1,1,1,1,1
2026-03-28 12:17:39.325,275.923,-1,8,11,-64.9,1,0,0,1,1,1,1,1
2026-03-28 12:17:39.356,275.955,-1,8,11,-64.49,1,0,0,1,1,1,1,1
2026-03-28 12:17:39.453,276.051,-1,8,11,-64.47,1,0,0,1,1,1,1,1
2026-03-28 12:17:39.532,276.131,-1,8,11,-63.72,1,0,0,1,1,1,1,1
2026-03-28 12:17:39.580,276.178,-1,8,11,-63.55,1,0,0,1,1,1,1,1
2026-03-28 12:17:39.724,276.323,-1,8,11,-62.5,1,0,0,1,1,1,1,1
2026-03-28 12:17:39.740,276.339,-1,8,11,-65.77,1,0,0,1,1,1,1,1
2026-03-28 12:17:39.852,276.451,-1,8,11,-64.42,1,0,0,1,1,1,1,1
2026-03-28 12:17:39.916,276.514,-1,8,11,-64.45,1,0,0,1,1,1,1,1
2026-03-28 12:17:39.996,276.595,-1,8,11,-65.18,1,0,0,1,1,1,1,1
2026-03-28 12:17:40.076,276.675,-1,8,11,-64.66,1,0,0,1,1,1,1,1
2026-03-28 12:17:40.124,276.723,-1,8,11,-64.09,1,0,0,1,1,1,1,1
2026-03-28 12:17:40.220,276.819,-1,8,11,-65.02,1,0,0,1,1,1,1,1
2026-03-28 12:17:40.380,276.978,-1,8,11,-64.23,1,0,0,1,1,1,1,1
2026-03-28 12:17:40.460,277.059,-1,8,11,-63.65,1,1,0,1,1,1,1,1
2026-03-28 12:17:40.572,277.170,-1,8,11,-62.9,1,1,0,1,1,1,1,1
2026-03-28 12:17:40.636,277.235,-1,8,11,-62.93,1,1,0,1,1,1,1,1
2026-03-28 12:17:40.700,277.299,-1,8,11,-64.84,1,1,0,1,1,1,1,1
2026-03-28 12:17:40.795,277.394,-1,8,11,-63.22,1,1,0,1,1,1,1,1
2026-03-28 12:17:40.860,277.458,-1,8,11,-63.87,1,1,0,1,1,1,1,1
2026-03-28 12:17:40.940,277.539,-1,8,11,-64.68,1,1,0,1,1,1,1,1
2026-03-28 12:17:41.036,277.635,-1,8,10,-62.75,1,1,0,1,1,1,1,1
2026-03-28 12:17:41.131,277.730,-1,8,11,-63.64,1,1,0,1,1,1,1,1
2026-03-28 12:17:41.212,277.811,-1,8,11,-63.8,1,1,0,1,1,1,1,1
2026-03-28 12:17:41.292,277.891,-1,8,11,-61.75,1,1,0,1,1,1,1,1
2026-03-28 12:17:41.355,277.954,-1,8,11,-64.29,1,1,0,1,1,1,1,1
2026-03-28 12:17:41.420,278.019,-1,8,11,-63.63,1,1,0,1,1,1,1,1
2026-03-28 12:17:41.517,278.115,-1,8,11,-65.38,1,1,0,1,1,1,1,1
2026-03-28 12:17:41.565,278.163,-1,8,10,-62.57,1,1,0,1,1,1,1,1
2026-03-28 12:17:41.661,278.259,-1,8,11,-63.55,1,1,0,1,1,1,1,1
2026-03-28 12:17:41.740,278.339,-1,8,11,-64.66,1,1,0,1,1,1,1,1
2026-03-28 12:17:41.835,278.434,-1,8,11,-64.38,1,1,0,1,1,1,1,1
2026-03-28 12:17:41.884,278.483,-1,7,11,-64.48,1,1,0,1,1,1,1,1
2026-03-28 12:17:42.029,278.627,-1,8,11,-63.83,1,1,0,1,1,1,1,1
2026-03-28 12:17:42.060,278.658,-1,8,11,-64.15,1,1,0,1,1,1,1,1
2026-03-28 12:17:42.172,278.770,-1,7,11,-63.84,1,1,0,1,1,1,1,1
2026-03-28 12:17:42.236,278.834,-1,11,10,-62.93,1,1,0,1,1,1,1,1
2026-03-28 12:17:42.284,278.882,-1,8,11,-64.88,1,1,0,1,1,1,1,1
2026-03-28 12:17:42.428,279.027,-1,8,11,-63.05,1,1,0,1,1,1,1,1
2026-03-28 12:17:42.444,279.043,-1,8,10,-64.99,1,1,0,1,1,1,1,1
2026-03-28 12:17:42.540,279.138,-1,8,11,-65.11,1,1,0,1,1,1,1,1
2026-03-28 12:17:42.652,279.251,-1,8,11,-63.63,1,1,0,1,1,1,1,1
2026-03-28 12:17:42.684,279.283,-1,8,11,-65.07,1,1,0,1,1,1,1,1
2026-03-28 12:17:42.749,279.347,-1,8,11,-62.17,1,1,0,1,1,1,1,1
2026-03-28 12:17:42.876,279.475,-1,8,11,-65.58,1,1,0,1,1,1,1,1
2026-03-28 12:17:42.972,279.571,-1,8,11,-64.55,1,1,0,1,1,1,1,1
2026-03-28 12:17:43.021,279.619,-1,8,10,-62.62,1,1,0,1,1,1,1,1
2026-03-28 12:17:43.052,279.651,-1,8,11,-61.61,1,1,0,1,1,1,1,1
2026-03-28 12:17:43.132,279.731,-1,8,11,-65.56,1,1,0,1,1,1,1,1
2026-03-28 12:17:43.197,279.795,-1,8,11,-64.99,1,1,0,1,1,1,1,1
2026-03-28 12:17:43.308,279.906,-1,8,10,-65.63,1,1,0,1,1,1,1,1
2026-03-28 12:17:43.340,279.939,-1,8,11,-65.55,1,1,0,1,1,1,1,1
2026-03-28 12:17:43.469,280.067,-1,8,10,-64.39,1,1,0,1,1,1,1,1
2026-03-28 12:17:43.532,280.131,-1,7,11,-64.19,1,1,0,1,1,1,1,1
2026-03-28 12:17:43.612,280.211,-1,8,11,-65.3,1,1,0,1,1,1,1,1
2026-03-28 12:17:43.661,280.259,-1,7,11,-65.25,1,1,0,1,1,1,1,1
2026-03-28 12:17:43.693,280.291,-1,8,11,-62.81,1,1,0,1,1,1,1,1
2026-03-28 12:17:43.756,280.355,-1,8,11,-63.94,1,1,0,1,1,1,1,1
2026-03-28 12:17:43.836,280.435,-1,8,11,-64.72,1,1,0,1,1,1,1,1
2026-03-28 12:17:43.931,280.530,-1,8,11,-62.9,1,1,0,1,1,1,1,1
2026-03-28 12:17:44.012,280.610,-1,8,11,-61.53,1,1,0,1,1,1,1,1
2026-03-28 12:17:44.060,280.659,-1,8,11,-67.74,1,1,0,1,1,1,1,1
2026-03-28 12:17:44.172,280.770,-1,7,11,-62.43,1,1,0,1,1,1,1,1
2026-03-28 12:17:44.331,280.930,-1,8,10,-63.87,1,1,0,1,1,1,1,1
2026-03-28 12:17:44.333,280.932,1,7,11,-62.05,1,1,0,1,1,1,1,1
2026-03-28 12:17:44.412,281.010,-1,8,11,-65.34,1,1,0,1,1,1,1,1
2026-03-28 12:17:44.492,281.090,-1,8,11,-62.69,1,1,0,1,1,1,1,1
2026-03-28 12:17:44.620,281.219,-1,8,11,-63.97,1,1,0,1,1,1,1,1
2026-03-28 12:17:44.684,281.283,-1,8,10,-63.27,1,1,0,1,1,1,1,1
2026-03-28 12:17:44.732,281.330,-1,8,10,-66.4,1,1,0,1,1,1,1,1
2026-03-28 12:17:44.860,281.458,-1,8,10,-64.47,1,1,0,1,1,1,1,1
2026-03-28 12:17:44.876,281.474,-1,8,11,-62.92,1,1,0,1,1,1,1,1
2026-03-28 12:17:45.036,281.635,-1,8,11,-63.03,1,1,0,1,1,1,1,1
2026-03-28 12:17:45.083,281.682,-1,7,11,-61.01,1,1,0,1,1,1,1,1
2026-03-28 12:17:45.132,281.730,-1,8,11,-64.99,1,1,0,1,1,1,1,1
2026-03-28 12:17:45.260,281.858,-1,8,11,-63.44,1,1,0,1,1,1,1,1
2026-03-28 12:17:45.292,281.890,-1,7,11,-61.44,1,1,0,1,1,1,1,1
2026-03-28 12:17:45.452,282.050,-1,7,11,-62.28,1,1,0,1,1,1,1,1
2026-03-28 12:17:45.469,282.067,-1,8,11,-63.83,1,1,0,1,1,1,1,1
2026-03-28 12:17:45.580,282.178,-1,8,11,-63.07,1,1,0,1,1,1,1,1
2026-03-28 12:17:45.628,282.227,-1,8,11,-61.89,1,1,0,1,1,1,1,1
2026-03-28 12:17:45.740,282.338,-1,8,11,-63.33,1,1,0,1,1,1,1,1
2026-03-28 12:17:45.788,282.386,-1,8,9,-63.65,1,1,0,1,1,1,1,1
2026-03-28 12:17:45.868,282.467,-1,8,11,-63.08,1,1,0,1,1,1,1,1
2026-03-28 12:17:45.995,282.594,-1,8,11,-61.25,1,1,0,1,1,1,1,1
2026-03-28 12:17:46.156,282.754,-1,8,11,-64.4,1,1,0,1,1,1,1,1
2026-03-28 12:17:46.220,282.818,-1,8,11,-62.4,1,1,0,1,1,1,1,1
2026-03-28 12:17:46.300,282.899,-1,7,11,-63.1,1,1,0,1,1,1,1,1
2026-03-28 12:17:46.380,282.979,-1,8,11,-65.75,1,1,0,1,1,1,1,1
2026-03-28 12:17:46.444,283.042,-1,8,10,-64.75,1,1,0,1,1,1,1,1
2026-03-28 12:17:46.524,283.123,-1,8,11,-63.15,1,1,0,1,1,1,1,1
2026-03-28 12:17:46.668,283.267,-1,8,11,-62.16,1,1,0,1,1,1,1,1
2026-03-28 12:17:46.716,283.315,-1,8,11,-64.16,1,1,0,1,1,1,1,1
2026-03-28 12:17:46.812,283.411,-1,8,11,-63.71,1,1,0,1,1,1,1,1
2026-03-28 12:17:46.876,283.475,-1,8,11,-63.52,1,1,0,1,1,1,1,1
2026-03-28 12:17:47.020,283.619,-1,7,11,-63.47,1,0,0,1,1,1,1,1
2026-03-28 12:17:47.180,283.779,-1,8,11,-62.54,1,0,0,1,1,1,1,1
2026-03-28 12:17:47.228,283.827,-1,8,11,-61.03,1,0,0,1,1,1,1,1
2026-03-28 12:17:47.276,283.874,-1,8,11,-61.26,1,0,0,1,1,1,1,1
2026-03-28 12:17:47.388,283.986,-1,7,11,-64.07,1,0,0,1,1,1,1,1
2026-03-28 12:17:47.420,284.019,-1,8,11,-64.38,1,0,0,1,1,1,1,1
2026-03-28 12:17:47.452,284.051,-1,8,11,-62.22,1,0,0,1,1,1,1,1
2026-03-28 12:17:47.516,284.114,-1,8,11,-66.57,1,0,0,1,1,1,1,1
2026-03-28 12:17:47.644,284.243,-1,8,11,-62.04,1,0,0,1,1,1,1,1
2026-03-28 12:17:47.692,284.290,0,8,11,-64.07,1,0,0,1,1,1,1,1
2026-03-28 12:17:47.869,284.467,-1,8,11,-62.27,1,1,0,1,1,1,1,1
2026-03-28 12:17:47.964,284.562,-1,8,11,-61.21,1,1,0,1,1,1,1,1
2026-03-28 12:17:48.059,284.657,-2,8,11,-62.14,1,1,0,1,1,1,1,1
2026-03-28 12:17:48.204,284.802,-1,8,11,-62.26,1,1,0,1,1,1,1,1
2026-03-28 12:17:48.236,284.834,-1,7,11,-63.94,1,1,0,1,1,1,1,1
2026-03-28 12:17:48.395,284.993,-1,8,11,-66.65,1,1,0,1,1,1,1,1
2026-03-28 12:17:48.492,285.090,-1,8,11,-63.24,1,1,0,1,1,1,1,1
2026-03-28 12:17:48.588,285.187,-1,8,11,-63.54,1,1,0,1,1,1,1,1
2026-03-28 12:17:48.651,285.250,-1,8,11,-61.96,1,1,0,1,1,1,1,1
2026-03-28 12:17:48.699,285.298,-1,8,11,-63.67,1,1,0,1,1,1,1,1
2026-03-28 12:17:48.812,285.411,-1,8,11,-62.19,1,1,0,1,1,1,1,1
2026-03-28 12:17:48.923,285.522,-1,8,11,-64.03,1,1,0,1,1,1,1,1
2026-03-28 12:17:48.956,285.555,-1,8,11,-63.83,1,1,0,1,1,1,1,1
2026-03-28 12:17:49.084,285.683,-1,8,11,-64.43,1,1,0,1,1,1,1,1
2026-03-28 12:17:49.116,285.715,-1,8,11,-63.1,1,1,0,1,1,1,1,1
2026-03-28 12:17:49.180,285.779,-1,8,11,-63.56,1,1,0,1,1,1,1,1
2026-03-28 12:17:49.260,285.858,-1,8,11,-63.89,1,1,0,1,1,1,1,1
2026-03-28 12:17:49.372,285.971,-1,7,11,-65.23,1,1,0,1,1,1,1,1
2026-03-28 12:17:49.500,286.098,-1,8,11,-64.0,1,1,0,1,1,1,1,1
2026-03-28 12:17:49.532,286.130,-1,8,11,-65.0,1,1,0,1,1,1,1,1
2026-03-28 12:17:49.660,286.259,-1,8,11,-63.23,1,1,0,1,1,1,1,1
2026-03-28 12:17:49.740,286.338,-1,8,11,-64.35,0,1,0,1,1,1,1,1
2026-03-28 12:17:49.852,286.450,-1,8,11,-62.01,0,1,0,1,1,1,1,1
2026-03-28 12:17:49.979,286.578,-1,8,11,-61.91,0,1,0,1,1,1,1,1
2026-03-28 12:17:50.012,286.610,-1,8,11,-61.6,0,1,0,1,1,1,1,1
2026-03-28 12:17:50.060,286.659,-1,8,11,-63.68,0,1,0,1,1,1,1,1
2026-03-28 12:17:50.172,286.770,-1,8,11,-60.83,0,1,0,1,1,1,1,1
2026-03-28 12:17:50.236,286.835,-1,7,11,-61.09,0,1,0,1,1,1,1,1
2026-03-28 12:17:50.363,286.962,-1,8,11,-62.59,0,1,0,1,1,1,1,1
2026-03-28 12:17:50.460,287.059,-1,8,11,-63.91,0,1,0,1,1,1,1,1
2026-03-28 12:17:50.476,287.074,-1,8,11,-63.49,0,1,0,1,1,1,1,1
2026-03-28 12:17:50.556,287.154,-1,8,11,-63.82,0,1,0,1,1,1,1,1
2026-03-28 12:17:50.652,287.251,-1,8,11,-63.0,0,1,0,1,1,1,1,1
2026-03-28 12:17:50.716,287.314,-1,8,10,-63.43,0,1,0,1,1,1,1,1
2026-03-28 12:17:50.812,287.411,-1,8,11,-63.1,0,1,0,1,1,1,1,1
2026-03-28 12:17:50.892,287.490,-1,8,11,-63.5,0,1,0,1,1,1,1,1
2026-03-28 12:17:50.956,287.554,-1,7,11,-64.1,0,1,0,1,1,1,1,1
2026-03-28 12:17:51.020,287.618,-1,8,11,-63.36,0,1,0,1,1,1,1,1
2026-03-28 12:17:51.116,287.715,0,7,11,-63.26,0,1,0,1,1,1,1,1
2026-03-28 12:17:51.196,287.795,-1,8,11,-63.31,0,1,0,1,1,1,1,1
2026-03-28 12:17:51.372,287.970,-1,8,11,-62.73,1,1,0,1,1,1,1,1
2026-03-28 12:17:51.419,288.017,-1,7,11,-64.23,1,1,0,1,1,1,1,1
2026-03-28 12:17:51.532,288.130,-1,8,11,-63.32,1,1,0,1,1,1,1,1
2026-03-28 12:17:51.563,288.162,-1,8,11,-61.87,1,1,0,1,1,1,1,1
2026-03-28 12:17:51.708,288.306,-1,8,11,-63.5,1,1,0,1,1,1,1,1
2026-03-28 12:17:51.740,288.339,-1,8,10,-61.02,1,1,0,1,1,1,1,1
2026-03-28 12:17:51.835,288.434,-1,8,11,-63.8,1,1,0,1,1,1,1,1
2026-03-28 12:17:51.884,288.482,-1,8,11,-64.06,1,1,0,1,1,1,1,1
2026-03-28 12:17:51.980,288.578,-1,8,11,-61.77,1,1,0,1,1,1,1,1
2026-03-28 12:17:52.107,288.706,-1,8,11,-63.68,1,1,0,1,1,1,1,1
2026-03-28 12:17:52.220,288.818,-1,7,11,-63.4,1,1,0,1,1,1,1,1
2026-03-28 12:17:52.316,288.914,-1,8,11,-62.34,0,1,0,1,1,1,1,1
2026-03-28 12:17:52.428,289.027,-1,8,11,-63.65,0,1,0,1,1,1,1,1
2026-03-28 12:17:52.492,289.090,-1,8,11,-63.42,0,1,0,1,1,1,1,1
2026-03-28 12:17:52.524,289.122,-1,8,11,-63.81,0,1,0,1,1,1,1,1
2026-03-28 12:17:52.620,289.218,-1,8,11,-62.67,0,1,0,1,1,1,1,1
2026-03-28 12:17:52.684,289.283,-1,8,10,-62.78,0,1,0,1,1,1,1,1
2026-03-28 12:17:52.732,289.331,-1,8,11,-62.91,0,1,0,1,1,1,1,1
2026-03-28 12:17:52.827,289.426,-1,8,11,-62.48,0,1,0,1,1,1,1,1
2026-03-28 12:17:52.924,289.523,-1,8,11,-65.17,0,1,0,1,1,1,1,1
2026-03-28 12:17:53.004,289.602,-1,8,11,-62.75,0,1,0,1,1,1,1,1
2026-03-28 12:17:53.083,289.682,-1,8,11,-64.88,0,1,0,1,1,1,1,1
2026-03-28 12:17:53.148,289.746,-1,8,11,-63.15,0,1,0,1,1,1,1,1
2026-03-28 12:17:53.339,289.938,-1,8,11,-62.4,1,1,0,1,1,1,1,1
2026-03-28 12:17:53.371,289.970,-1,8,11,-67.82,1,1,0,1,1,1,1,1
2026-03-28 12:17:53.452,290.051,-1,8,11,-67.06,1,1,0,1,1,1,1,1
2026-03-28 12:17:53.500,290.098,-1,8,11,-59.89,1,1,0,1,1,1,1,1
2026-03-28 12:17:53.548,290.146,-1,8,11,-62.89,1,1,0,1,1,1,1,1
2026-03-28 12:17:53.596,290.194,-1,8,11,-67.11,1,1,0,1,1,1,1,1
2026-03-28 12:17:53.740,290.339,-1,7,11,-63.91,1,1,0,1,1,1,1,1
2026-03-28 12:17:53.804,290.403,-1,8,11,-64.66,1,1,0,1,1,1,1,1
2026-03-28 12:17:54.012,290.610,-1,7,11,-62.46,0,1,0,1,1,1,1,1
2026-03-28 12:17:54.076,290.674,-1,8,11,-63.06,0,1,0,1,1,1,1,1
2026-03-28 12:17:54.172,290.770,-1,7,11,-60.73,0,1,0,1,1,1,1,1
2026-03-28 12:17:54.251,290.850,-1,7,11,-62.72,0,1,0,1,1,1,1,1
2026-03-28 12:17:54.316,290.914,-1,8,11,-63.92,0,1,0,1,1,1,1,1
2026-03-28 12:17:54.379,290.978,-1,8,11,-62.73,0,1,0,1,1,1,1,1
2026-03-28 12:17:54.492,291.090,-1,8,11,-63.1,0,1,0,1,1,1,1,1
2026-03-28 12:17:54.556,291.154,-1,8,11,-62.93,0,1,0,1,1,1,1,1
2026-03-28 12:17:54.620,291.218,-1,8,11,-62.37,0,1,0,1,1,1,1,1
2026-03-28 12:17:54.763,291.362,-1,8,11,-64.77,0,1,0,1,1,1,1,1
2026-03-28 12:17:54.779,291.378,-1,8,11,-64.11,0,1,0,1,1,1,1,1
2026-03-28 12:17:54.908,291.506,-1,8,11,-64.08,1,1,0,1,1,1,1,1
2026-03-28 12:17:55.019,291.618,-1,8,11,-62.31,1,1,0,1,1,1,1,1
2026-03-28 12:17:55.100,291.698,-1,8,11,-65.73,1,1,0,1,1,1,1,1
2026-03-28 12:17:55.211,291.810,-1,8,11,-66.67,1,1,0,1,1,1,1,1
2026-03-28 12:17:55.259,291.858,-1,8,11,-65.73,1,1,0,1,1,1,1,1
2026-03-28 12:17:55.404,292.002,-1,8,11,-64.36,1,1,0,1,1,1,1,1
2026-03-28 12:17:55.451,292.050,-1,8,11,-60.2,1,1,0,1,1,1,1,1
2026-03-28 12:17:55.611,292.210,-1,8,11,-61.18,0,1,0,1,1,1,1,1
2026-03-28 12:17:55.691,292.289,-1,8,10,-61.93,0,1,0,1,1,1,1,1
2026-03-28 12:17:55.771,292.370,-1,8,11,-64.34,0,1,0,1,1,1,1,1
2026-03-28 12:17:55.851,292.450,-1,8,11,-63.6,0,1,0,1,1,1,1,1
2026-03-28 12:17:55.883,292.482,-1,7,11,-61.56,0,1,0,1,1,1,1,1
2026-03-28 12:17:55.948,292.546,-1,8,11,-61.39,0,1,0,1,1,1,1,1
2026-03-28 12:17:56.060,292.658,-1,8,11,-63.79,0,1,0,1,1,1,1,1
2026-03-28 12:17:56.283,292.882,-1,8,11,-65.73,1,1,0,1,1,1,1,1
2026-03-28 12:17:56.332,292.930,-1,8,10,-62.08,1,1,0,1,1,1,1,1
2026-03-28 12:17:56.411,293.010,-1,8,11,-63.72,1,1,0,1,1,1,1,1
2026-03-28 12:17:56.540,293.138,-1,8,11,-61.44,1,1,0,1,1,1,1,1
2026-03-28 12:17:56.555,293.154,-1,8,11,-63.19,1,1,0,1,1,1,1,1
2026-03-28 12:17:56.667,293.266,-1,8,11,-63.65,1,1,0,1,1,1,1,1
2026-03-28 12:17:56.700,293.298,-1,8,11,-61.86,1,1,0,1,1,1,1,1
2026-03-28 12:17:56.795,293.394,-1,8,11,-63.47,1,1,0,1,1,1,1,1
2026-03-28 12:17:56.907,293.506,-1,8,11,-64.46,1,1,0,1,1,1,1,1
2026-03-28 12:17:57.036,293.634,-1,8,11,-62.28,0,1,0,1,1,1,1,1
2026-03-28 12:17:57.148,293.746,-1,8,14,-62.47,0,1,0,1,1,1,1,1
2026-03-28 12:17:57.212,293.810,-1,8,11,-63.67,0,1,0,1,1,1,1,1
2026-03-28 12:17:57.244,293.842,-1,8,11,-62.53,0,1,0,1,1,1,1,1
2026-03-28 12:17:57.292,293.890,-1,7,10,-61.44,0,1,0,1,1,1,1,1
2026-03-28 12:17:57.420,294.018,-3,8,11,-63.88,0,1,0,1,1,1,1,1
2026-03-28 12:17:57.548,294.146,-1,8,11,-64.6,1,1,0,1,1,1,1,1
2026-03-28 12:17:57.676,294.274,-1,8,11,-67.05,1,1,0,1,1,1,1,1
2026-03-28 12:17:57.692,294.290,-1,8,11,-61.87,1,1,0,1,1,1,1,1
2026-03-28 12:17:57.787,294.386,-1,8,10,-63.66,1,1,0,1,1,1,1,1
2026-03-28 12:17:57.867,294.466,-1,8,11,-61.31,1,1,0,1,1,1,1,1
2026-03-28 12:17:57.931,294.529,-1,8,11,-63.26,1,1,0,1,1,1,1,1
2026-03-28 12:17:58.044,294.642,-1,8,11,-63.33,1,1,0,1,1,1,1,1
2026-03-28 12:17:58.059,294.658,-1,8,11,-64.0,1,1,0,1,1,1,1,1
2026-03-28 12:17:58.156,294.755,-1,8,11,-66.59,1,1,0,1,1,1,1,1
2026-03-28 12:17:58.235,294.834,-1,8,11,-60.86,1,1,0,1,1,1,1,1
2026-03-28 12:17:58.300,294.899,-1,8,11,-65.95,1,1,0,1,1,1,1,1
2026-03-28 12:17:58.396,294.995,-1,8,11,-60.58,1,1,0,1,1,1,1,1
2026-03-28 12:17:58.427,295.026,-1,8,11,-63.45,1,1,0,1,1,1,1,1
2026-03-28 12:17:58.491,295.090,-1,8,11,-62.43,1,1,0,1,1,1,1,1
2026-03-28 12:17:58.619,295.218,-1,8,11,-64.92,1,1,0,1,1,1,1,1
2026-03-28 12:17:58.683,295.282,-1,8,11,-62.34,1,1,0,1,1,1,1,1
2026-03-28 12:17:58.795,295.394,-1,8,11,-62.39,1,1,0,1,1,1,1,1
2026-03-28 12:17:58.827,295.425,-1,8,11,-64.28,1,1,0,1,1,1,1,1
2026-03-28 12:17:58.892,295.490,-1,8,11,-62.58,1,1,0,1,1,1,1,1
2026-03-28 12:17:58.956,295.554,-1,8,11,-64.85,1,1,0,1,1,1,1,1
2026-03-28 12:17:59.019,295.618,-1,8,11,-62.45,1,1,0,1,1,1,1,1
2026-03-28 12:17:59.100,295.698,-1,8,11,-63.31,1,1,0,1,1,1,1,1
2026-03-28 12:17:59.196,295.794,-1,7,11,-63.1,1,1,0,1,1,1,1,1
2026-03-28 12:17:59.323,295.921,-1,8,11,-63.4,1,1,0,1,1,1,1,1
2026-03-28 12:17:59.324,295.923,-1,8,11,-66.43,1,1,0,1,1,1,1,1
2026-03-28 12:17:59.483,296.082,-1,8,11,-64.7,1,1,0,1,1,1,1,1
2026-03-28 12:17:59.516,296.114,-1,7,11,-61.33,1,1,0,1,1,1,1,1
2026-03-28 12:17:59.580,296.178,-1,8,11,-61.56,1,1,0,1,1,1,1,1
2026-03-28 12:17:59.691,296.289,-1,8,11,-64.81,1,1,0,1,1,1,1,1
2026-03-28 12:17:59.739,296.338,-1,8,10,-62.35,1,1,0,1,1,1,1,1
2026-03-28 12:17:59.804,296.402,-1,8,11,-63.77,1,1,0,1,1,1,1,1
2026-03-28 12:17:59.883,296.482,-1,8,11,-64.6,1,1,0,1,1,1,1,1
2026-03-28 12:18:00.011,296.610,0,8,11,-62.78,1,1,0,1,1,1,1,1
2026-03-28 12:18:00.076,296.674,-1,8,11,-61.79,1,1,0,1,1,1,1,1
2026-03-28 12:18:00.187,296.786,-1,8,11,-61.94,1,1,0,1,1,1,1,1
2026-03-28 12:18:00.235,296.833,-1,8,11,-63.24,1,1,0,1,1,1,1,1
2026-03-28 12:18:00.283,296.882,-1,8,11,-64.14,1,1,0,1,1,1,1,1
2026-03-28 12:18:00.395,296.994,-1,8,11,-65.1,1,1,0,1,1,1,1,1
2026-03-28 12:18:00.523,297.122,-1,8,11,-64.55,1,1,0,1,1,1,1,1
2026-03-28 12:18:00.539,297.137,-1,7,11,-60.01,1,1,0,1,1,1,1,1
2026-03-28 12:18:00.667,297.266,-1,8,11,-62.23,1,1,0,1,1,1,1,1
2026-03-28 12:18:00.747,297.346,-1,8,10,-63.7,1,1,0,1,1,1,1,1
2026-03-28 12:18:00.795,297.393,-1,8,11,-62.85,1,1,0,1,1,1,1,1
2026-03-28 12:18:00.844,297.442,-1,8,11,-63.33,1,1,0,1,1,1,1,1
2026-03-28 12:18:00.972,297.570,-1,8,11,-62.21,1,1,0,1,1,1,1,1
2026-03-28 12:18:01.035,297.633,-1,8,11,-61.53,1,1,0,1,1,1,1,1
2026-03-28 12:18:01.164,297.762,-1,8,11,-66.16,1,1,0,1,1,1,1,1
2026-03-28 12:18:01.227,297.825,-1,8,11,-63.63,1,1,0,1,1,1,1,1
2026-03-28 12:18:01.243,297.841,-1,8,11,-64.22,1,1,0,1,1,1,1,1
2026-03-28 12:18:01.340,297.938,-1,8,11,-63.73,1,1,0,1,1,1,1,1
2026-03-28 12:18:01.388,297.986,-1,8,11,-65.4,1,1,0,1,1,1,1,1
2026-03-28 12:18:01.499,298.097,-1,8,11,-64.29,1,1,0,1,1,1,1,1
2026-03-28 12:18:01.595,298.194,-1,8,11,-64.25,1,1,0,1,1,1,1,1
2026-03-28 12:18:01.692,298.290,-1,8,11,-65.07,1,1,0,1,1,1,1,1
2026-03-28 12:18:01.819,298.418,-1,8,11,-64.25,1,1,0,1,1,1,1,1
2026-03-28 12:18:01.884,298.482,-1,8,11,-63.49,1,1,0,1,1,1,1,1
2026-03-28 12:18:01.932,298.530,-1,8,11,-62.79,1,1,0,1,1,1,1,1
2026-03-28 12:18:02.027,298.626,-1,8,11,-65.53,1,1,0,1,1,1,1,1
2026-03-28 12:18:02.060,298.658,-1,8,11,-67.7,1,1,0,1,1,1,1,1
2026-03-28 12:18:02.156,298.754,-1,8,11,-63.68,1,1,0,1,1,1,1,1
2026-03-28 12:18:02.267,298.866,-1,7,11,-64.67,1,1,0,1,1,1,1,1
2026-03-28 12:18:02.363,298.962,-1,7,11,-63.19,1,1,0,1,1,1,1,1
2026-03-28 12:18:02.427,299.026,-1,8,11,-61.82,1,1,0,1,1,1,1,1
2026-03-28 12:18:02.491,299.090,-1,8,11,-65.13,1,1,0,1,1,1,1,1
2026-03-28 12:18:02.587,299.185,-1,8,10,-62.73,1,1,0,1,1,1,1,1
2026-03-28 12:18:02.700,299.298,-1,8,11,-63.93,1,1,0,1,1,1,1,1
2026-03-28 12:18:02.764,299.362,-1,8,11,-64.56,1,1,0,1,1,1,1,1
2026-03-28 12:18:02.875,299.473,-1,8,11,-64.97,1,1,0,1,1,1,1,1
2026-03-28 12:18:02.907,299.506,-1,8,11,-63.06,1,1,0,1,1,1,1,1
2026-03-28 12:18:03.067,299.666,-1,8,11,-66.97,1,1,0,1,1,1,1,1
2026-03-28 12:18:03.179,299.778,-1,8,11,-62.31,1,1,0,1,1,1,1,1
2026-03-28 12:18:03.275,299.873,-1,8,11,-63.43,1,1,0,1,1,1,1,1
2026-03-28 12:18:03.323,299.922,-1,8,11,-64.72,1,1,0,1,1,1,1,1
2026-03-28 12:18:03.403,300.002,-1,8,11,-61.52,1,1,0,1,1,1,1,1
2026-03-28 12:18:03.516,300.114,-1,8,11,-61.51,1,1,0,1,1,1,1,1
2026-03-28 12:18:03.548,300.146,-1,8,11,-63.22,1,1,0,1,1,1,1,1
2026-03-28 12:18:03.643,300.242,-1,8,11,-66.37,1,1,0,1,1,1,1,1
2026-03-28 12:18:03.708,300.306,-1,8,11,-60.56,1,1,0,1,1,1,1,1
2026-03-28 12:18:03.803,300.401,-1,8,11,-62.46,1,1,0,1,1,1,1,1
2026-03-28 12:18:03.900,300.499,-1,8,11,-63.35,1,1,0,1,1,1,1,1
2026-03-28 12:18:03.947,300.546,-1,8,8,-64.37,1,1,0,1,1,1,1,1
2026-03-28 12:18:04.027,300.625,-1,8,11,-63.3,1,1,0,1,1,1,1,1
2026-03-28 12:18:04.123,300.722,-1,7,11,-61.79,1,1,0,1,1,1,1,1
2026-03-28 12:18:04.283,300.882,-1,8,11,-59.63,1,1,0,1,1,1,1,1
2026-03-28 12:18:04.412,301.010,-1,8,11,-59.94,1,1,0,1,1,1,1,1
2026-03-28 12:18:04.523,301.121,-1,8,11,-61.97,1,1,0,1,1,1,1,1
2026-03-28 12:18:04.587,301.186,-1,8,11,-60.97,1,1,0,1,1,1,1,1
2026-03-28 12:18:04.715,301.314,-1,8,10,-61.29,1,1,0,1,1,1,1,1
2026-03-28 12:18:04.779,301.378,-1,8,10,-60.81,1,1,0,1,1,1,1,1
2026-03-28 12:18:04.827,301.425,-1,8,11,-65.28,1,1,0,1,1,1,1,1
2026-03-28 12:18:04.987,301.586,-1,8,11,-66.42,1,1,0,1,1,1,1,1
2026-03-28 12:18:05.019,301.617,-1,8,11,-62.85,1,1,0,1,1,1,1,1
2026-03-28 12:18:05.099,301.698,-1,8,11,-61.21,1,1,0,1,1,1,1,1
2026-03-28 12:18:05.163,301.762,-1,8,11,-64.73,1,1,0,1,1,1,1,1
2026-03-28 12:18:05.260,301.858,-1,8,11,-61.27,1,1,0,1,1,1,1,1
2026-03-28 12:18:05.340,301.938,-1,8,11,-60.57,1,1,0,1,1,1,1,1
2026-03-28 12:18:05.371,301.969,-1,8,11,-65.94,1,1,0,1,1,1,1,1
2026-03-28 12:18:05.516,302.114,-1,8,11,-65.05,1,1,0,1,1,1,1,1
2026-03-28 12:18:05.579,302.177,-1,8,11,-64.54,1,1,0,1,1,1,1,1
2026-03-28 12:18:05.676,302.274,-1,8,11,-63.0,1,1,0,1,1,1,1,1
2026-03-28 12:18:05.738,302.337,-1,7,11,-62.27,1,1,0,1,1,1,1,1
2026-03-28 12:18:05.819,302.417,-1,8,11,-63.04,1,1,0,1,1,1,1,1
2026-03-28 12:18:05.867,302.466,-1,8,11,-63.62,1,1,0,1,1,1,1,1
2026-03-28 12:18:05.980,302.578,-1,8,11,-65.03,1,1,0,1,1,1,1,1
2026-03-28 12:18:06.011,302.609,-1,8,11,-64.64,1,1,0,1,1,1,1,1
2026-03-28 12:18:06.075,302.674,-1,8,11,-61.79,1,1,0,1,1,1,1,1
2026-03-28 12:18:06.171,302.770,-1,8,11,-60.76,1,1,0,1,1,1,1,1
2026-03-28 12:18:06.314,302.913,-1,8,11,-59.33,1,1,0,1,1,1,1,1
2026-03-28 12:18:06.347,302.946,-1,8,10,-63.27,1,1,0,1,1,1,1,1
2026-03-28 12:18:06.443,303.041,-1,8,11,-62.76,1,1,0,1,1,1,1,1
2026-03-28 12:18:06.523,303.122,-1,8,11,-63.4,1,1,0,1,1,1,1,1
2026-03-28 12:18:06.635,303.234,-1,7,11,-61.74,1,1,0,1,1,1,1,1
2026-03-28 12:18:06.682,303.281,-1,7,11,-64.42,1,1,0,1,1,1,1,1
2026-03-28 12:18:06.811,303.410,-1,8,11,-66.55,1,1,0,1,1,1,1,1
2026-03-28 12:18:06.843,303.442,-1,8,11,-65.43,1,1,0,1,1,1,1,1
2026-03-28 12:18:06.923,303.522,-1,8,11,-65.54,1,1,0,1,1,1,1,1
2026-03-28 12:18:07.003,303.601,-1,8,11,-62.47,1,1,0,1,1,1,1,1
2026-03-28 12:18:07.131,303.730,-1,8,11,-63.66,1,1,0,1,1,1,1,1
2026-03-28 12:18:07.226,303.825,-1,8,11,-65.08,1,1,0,1,1,1,1,1
2026-03-28 12:18:07.323,303.922,-1,8,11,-65.21,1,1,0,1,1,1,1,1
2026-03-28 12:18:07.403,304.001,-1,8,11,-63.32,1,1,0,1,1,1,1,1
2026-03-28 12:18:07.451,304.049,-1,8,11,-66.4,1,1,0,1,1,1,1,1
2026-03-28 12:18:07.531,304.129,-1,8,11,-64.24,1,1,0,1,1,1,1,1
2026-03-28 12:18:07.610,304.208,-1,8,11,-67.86,1,1,0,1,1,1,1,1
2026-03-28 12:18:07.707,304.306,-1,8,11,-63.53,1,1,0,1,1,1,1,1
2026-03-28 12:18:07.754,304.353,-1,8,11,-63.12,1,1,0,1,1,1,1,1
2026-03-28 12:18:07.819,304.417,-1,8,11,-66.92,1,1,0,1,1,1,1,1
2026-03-28 12:18:07.994,304.593,-1,8,10,-65.69,1,1,0,1,1,1,1,1
2026-03-28 12:18:07.996,304.594,-1,8,11,-63.02,1,1,0,1,1,1,1,1
2026-03-28 12:18:08.091,304.689,-1,8,11,-63.21,1,1,0,1,1,1,1,1
2026-03-28 12:18:08.219,304.818,-1,8,11,-65.98,1,1,0,1,1,1,1,1
2026-03-28 12:18:08.268,304.866,-1,8,11,-62.04,1,1,0,1,1,1,1,1
2026-03-28 12:18:08.347,304.946,-1,8,10,-64.01,1,1,0,1,1,1,1,1
2026-03-28 12:18:08.443,305.042,-1,8,11,-66.19,1,1,0,1,1,1,1,1
2026-03-28 12:18:08.507,305.106,-1,8,11,-67.11,1,1,0,1,1,1,1,1
2026-03-28 12:18:08.587,305.186,-1,8,11,-68.38,1,1,0,1,1,1,1,1
2026-03-28 12:18:08.684,305.282,-1,8,11,-62.83,1,1,0,1,1,1,1,1
2026-03-28 12:18:08.810,305.408,-1,8,11,-65.74,1,1,0,1,1,1,1,1
2026-03-28 12:18:08.843,305.442,-1,8,11,-64.53,1,1,0,1,1,1,1,1
2026-03-28 12:18:08.939,305.538,-1,8,11,-67.95,1,1,0,1,1,1,1,1
2026-03-28 12:18:09.018,305.617,-1,8,10,-64.78,1,1,0,1,1,1,1,1
2026-03-28 12:18:09.099,305.698,-1,7,11,-63.73,1,1,0,1,1,1,1,1
2026-03-28 12:18:09.211,305.809,-1,7,11,-64.41,1,1,0,1,1,1,1,1
2026-03-28 12:18:09.275,305.873,-1,8,11,-69.47,1,1,0,1,1,1,1,1
2026-03-28 12:18:09.339,305.938,-1,8,11,-63.26,1,1,0,1,1,1,1,1
2026-03-28 12:18:09.435,306.033,-1,8,11,-69.12,1,1,0,1,1,1,1,1
2026-03-28 12:18:09.563,306.161,-1,8,11,-64.86,1,1,0,1,1,1,1,1
2026-03-28 12:18:09.611,306.210,-1,8,11,-65.03,1,1,0,1,1,1,1,1
2026-03-28 12:18:09.659,306.258,-1,8,11,-67.53,1,1,0,1,1,1,1,1
2026-03-28 12:18:09.739,306.338,-1,8,11,-66.16,1,1,0,1,1,1,1,1
2026-03-28 12:18:09.851,306.449,-1,8,11,-64.86,1,1,0,1,1,1,1,1
2026-03-28 12:18:09.963,306.561,-1,8,11,-65.14,1,1,0,1,1,1,1,1
2026-03-28 12:18:09.995,306.593,-1,8,11,-62.94,1,1,0,1,1,1,1,1
2026-03-28 12:18:10.075,306.674,-1,7,11,-63.92,1,1,0,1,1,1,1,1
2026-03-28 12:18:10.139,306.738,-1,8,11,-66.22,1,1,0,1,1,1,1,1
2026-03-28 12:18:10.267,306.865,-1,8,11,-63.16,1,1,0,1,1,1,1,1
2026-03-28 12:18:10.330,306.929,-1,7,11,-68.66,1,1,0,1,1,1,1,1
2026-03-28 12:18:10.395,306.993,-1,8,11,-62.08,1,1,0,1,1,1,1,1
2026-03-28 12:18:10.459,307.057,-1,8,11,-67.75,1,1,0,1,1,1,1,1
2026-03-28 12:18:10.555,307.154,-1,8,11,-66.9,1,1,0,1,1,1,1,1
2026-03-28 12:18:10.650,307.248,-1,8,11,-66.65,1,1,0,1,1,1,1,1
2026-03-28 12:18:10.731,307.329,-1,8,11,-62.85,1,1,0,1,1,1,1,1
2026-03-28 12:18:10.827,307.426,-1,8,10,-66.91,1,1,0,1,1,1,1,1
2026-03-28 12:18:10.923,307.522,-1,8,11,-63.95,1,1,0,1,1,1,1,1
2026-03-28 12:18:10.971,307.569,-1,8,11,-73.39,1,1,0,1,1,1,1,1
2026-03-28 12:18:11.099,307.698,-1,7,11,-66.25,1,1,0,1,1,1,1,1
2026-03-28 12:18:11.131,307.729,-1,8,11,-66.35,1,1,0,1,1,1,1,1
2026-03-28 12:18:11.243,307.841,-1,8,11,-67.74,1,1,0,1,1,1,1,1
2026-03-28 12:18:11.339,307.937,-1,8,11,-61.97,1,1,0,1,1,1,1,1
2026-03-28 12:18:11.435,308.033,-1,8,11,-65.96,1,1,0,1,1,1,1,1
2026-03-28 12:18:11.467,308.066,-1,8,11,-64.19,1,1,0,1,1,1,1,1
2026-03-28 12:18:11.563,308.161,-1,8,11,-67.88,1,1,0,1,1,1,1,1
2026-03-28 12:18:11.627,308.225,-1,8,11,-62.29,1,1,0,1,1,1,1,1
2026-03-28 12:18:11.803,308.401,-1,8,11,-63.54,1,1,0,1,1,1,1,1
2026-03-28 12:18:11.819,308.417,-1,8,11,-63.23,1,1,0,1,1,1,1,1
2026-03-28 12:18:11.883,308.482,-1,8,11,-68.5,1,1,0,1,1,1,1,1
2026-03-28 12:18:11.995,308.594,-1,7,11,-63.8,1,1,0,1,1,1,1,1
2026-03-28 12:18:12.075,308.674,-1,8,11,-67.5,1,1,0,1,1,1,1,1
2026-03-28 12:18:12.171,308.769,-1,8,11,-63.33,1,1,0,1,1,1,1,1
2026-03-28 12:18:12.218,308.816,-1,8,11,-66.64,1,1,0,1,1,1,1,1
2026-03-28 12:18:12.283,308.882,-1,8,11,-65.68,1,1,0,1,1,1,1,1
2026-03-28 12:18:12.395,308.994,-1,8,11,-65.65,1,1,0,1,1,1,1,1
2026-03-28 12:18:12.443,309.041,-1,7,11,-67.17,1,1,0,1,1,1,1,1
2026-03-28 12:18:12.603,309.201,-1,8,11,-62.91,1,1,0,1,1,1,1,1
2026-03-28 12:18:12.651,309.250,-1,8,11,-67.23,1,1,0,1,1,1,1,1
2026-03-28 12:18:12.699,309.298,-1,8,11,-66.81,1,1,0,1,1,1,1,1
2026-03-28 12:18:12.794,309.393,-1,8,11,-66.11,1,1,0,1,1,1,1,1
2026-03-28 12:18:12.875,309.473,-1,8,11,-62.25,1,1,0,1,1,1,1,1
2026-03-28 12:18:12.940,309.539,-1,7,11,-67.92,1,1,0,1,1,1,1,1
2026-03-28 12:18:13.051,309.649,-1,8,11,-66.92,1,1,0,1,1,1,1,1
2026-03-28 12:18:13.163,309.762,-1,7,11,-67.31,1,1,0,1,1,1,1,1
2026-03-28 12:18:13.195,309.794,-1,8,11,-62.44,1,1,0,1,1,1,1,1
2026-03-28 12:18:13.306,309.905,-1,8,11,-65.36,1,1,0,1,1,1,1,1
2026-03-28 12:18:13.371,309.969,-1,8,11,-66.09,1,1,0,1,1,1,1,1
2026-03-28 12:18:13.435,310.033,-1,8,11,-62.29,1,1,0,1,1,1,1,1
2026-03-28 12:18:13.499,310.097,-1,8,11,-68.22,1,1,0,1,1,1,1,1
2026-03-28 12:18:13.595,310.193,-1,8,11,-64.71,1,1,0,1,1,1,1,1
2026-03-28 12:18:13.707,310.305,-1,7,11,-65.01,1,1,0,1,1,1,1,1
2026-03-28 12:18:13.868,310.466,-1,8,11,-64.02,1,1,0,1,1,1,1,1
2026-03-28 12:18:13.947,310.546,-1,8,11,-63.22,1,1,0,1,1,1,1,1
2026-03-28 12:18:14.059,310.658,-1,8,11,-64.99,1,1,0,1,1,1,1,1
2026-03-28 12:18:14.122,310.721,-1,8,11,-62.82,1,1,0,1,1,1,1,1
2026-03-28 12:18:14.203,310.801,-1,8,11,-66.59,1,1,0,1,1,1,1,1
2026-03-28 12:18:14.315,310.913,-1,7,11,-65.6,1,1,0,1,1,1,1,1
2026-03-28 12:18:14.394,310.993,-1,8,11,-64.38,1,1,0,1,1,1,1,1
2026-03-28 12:18:14.507,311.105,-1,8,11,-63.63,1,1,0,1,1,1,1,1
2026-03-28 12:18:14.555,311.153,-1,8,11,-64.86,1,1,0,1,1,1,1,1
2026-03-28 12:18:14.667,311.266,-1,8,11,-63.98,1,1,0,1,1,1,1,1
2026-03-28 12:18:14.715,311.313,-1,8,11,-70.64,1,1,0,1,1,1,1,1
2026-03-28 12:18:14.811,311.410,-1,8,11,-64.7,1,1,0,1,1,1,1,1
2026-03-28 12:18:14.859,311.457,-1,7,11,-66.34,1,1,0,1,1,1,1,1
2026-03-28 12:18:14.954,311.553,-1,8,11,-68.79,1,1,0,1,1,1,1,1
2026-03-28 12:18:15.003,311.601,-1,8,11,-71.43,1,1,0,1,1,1,1,1
2026-03-28 12:18:15.114,311.713,-1,7,11,-66.46,1,1,0,1,1,1,1,1
2026-03-28 12:18:15.162,311.760,-1,8,11,-66.65,1,1,0,1,1,1,1,1
2026-03-28 12:18:15.227,311.825,-1,8,11,-72.13,1,1,0,1,1,1,1,1
2026-03-28 12:18:15.323,311.922,-1,7,11,-65.5,1,1,0,1,1,1,1,1
2026-03-28 12:18:15.371,311.969,-1,7,11,-63.55,1,1,0,1,1,1,1,1
2026-03-28 12:18:15.530,312.129,-1,8,11,-68.72,1,1,0,1,1,1,1,1
2026-03-28 12:18:15.594,312.192,-1,8,11,-62.28,1,1,0,1,1,1,1,1
2026-03-28 12:18:15.658,312.257,-1,8,11,-66.33,1,1,0,1,1,1,1,1
2026-03-28 12:18:15.739,312.337,-1,8,11,-64.35,1,1,0,1,1,1,1,1
2026-03-28 12:18:15.786,312.385,-1,8,11,-68.37,1,1,0,1,1,1,1,1
2026-03-28 12:18:15.866,312.465,-1,8,11,-66.34,1,1,0,1,1,1,1,1
2026-03-28 12:18:15.994,312.593,-1,8,11,-65.52,1,1,0,1,1,1,1,1
2026-03-28 12:18:16.026,312.625,-1,8,11,-65.92,1,1,0,1,1,1,1,1
2026-03-28 12:18:16.123,312.721,-1,8,11,-65.91,1,1,0,1,1,1,1,1
2026-03-28 12:18:16.218,312.817,-1,8,11,-63.85,1,1,0,1,1,1,1,1
2026-03-28 12:18:16.331,312.929,-1,8,11,-65.27,1,1,0,1,1,1,1,1
2026-03-28 12:18:16.363,312.961,0,7,11,-65.26,1,1,0,1,1,1,1,1
2026-03-28 12:18:16.491,313.089,-1,8,11,-65.61,1,1,0,1,1,1,1,1
2026-03-28 12:18:16.538,313.137,-1,7,11,-68.6,1,1,0,1,1,1,1,1
2026-03-28 12:18:16.586,313.184,-1,8,11,-66.47,1,1,0,1,1,1,1,1
2026-03-28 12:18:16.683,313.281,-1,8,11,-69.31,1,1,0,1,1,1,1,1
2026-03-28 12:18:16.795,313.393,-1,8,11,-65.37,1,1,0,1,1,1,1,1
2026-03-28 12:18:16.890,313.489,-1,8,11,-66.3,1,1,0,1,1,1,1,1
2026-03-28 12:18:16.955,313.553,-1,8,11,-64.83,1,1,0,1,1,1,1,1
2026-03-28 12:18:17.098,313.696,-1,8,11,-63.48,1,1,0,1,1,1,1,1
2026-03-28 12:18:17.099,313.698,-1,8,11,-65.07,1,1,0,1,1,1,1,1
2026-03-28 12:18:17.242,313.841,-1,9,11,-66.11,1,1,0,1,1,1,1,1
2026-03-28 12:18:17.339,313.937,-1,7,11,-66.46,1,1,0,1,1,1,1,1
2026-03-28 12:18:17.370,313.969,-1,8,11,-64.27,1,1,0,1,1,1,1,1
2026-03-28 12:18:17.467,314.065,-1,8,11,-62.41,1,1,0,1,1,1,1,1
2026-03-28 12:18:17.579,314.177,-1,8,11,-68.28,1,1,0,1,1,1,1,1
2026-03-28 12:18:17.595,314.193,-1,8,10,-64.87,1,1,0,1,1,1,1,1
2026-03-28 12:18:17.675,314.273,-1,8,11,-69.23,1,1,0,1,1,1,1,1
2026-03-28 12:18:17.802,314.401,-1,8,11,-64.21,1,1,0,1,1,1,1,1
2026-03-28 12:18:17.883,314.481,-1,8,11,-65.04,1,1,0,1,1,1,1,1
2026-03-28 12:18:17.994,314.593,-1,8,11,-62.9,1,1,0,1,1,1,1,1
2026-03-28 12:18:18.058,314.657,-1,8,11,-64.79,1,1,0,1,1,1,1,1
2026-03-28 12:18:18.154,314.752,-1,8,11,-65.88,1,1,0,1,1,1,1,1
2026-03-28 12:18:18.219,314.817,-1,8,11,-66.17,1,1,0,1,1,1,1,1
2026-03-28 12:18:18.315,314.913,-1,8,11,-65.15,1,1,0,1,1,1,1,1
2026-03-28 12:18:18.410,315.009,-1,8,10,-63.1,1,1,0,1,1,1,1,1
2026-03-28 12:18:18.506,315.105,-1,8,11,-68.1,1,1,0,1,1,1,1,1
2026-03-28 12:18:18.538,315.137,-1,8,11,-64.83,1,1,0,1,1,1,1,1
2026-03-28 12:18:18.634,315.233,-1,8,11,-62.97,1,1,0,1,1,1,1,1
2026-03-28 12:18:18.715,315.313,-1,8,11,-66.2,1,1,0,1,1,1,1,1
2026-03-28 12:18:18.827,315.425,-1,8,11,-65.68,1,1,0,1,1,1,1,1
2026-03-28 12:18:18.874,315.472,-1,8,11,-63.82,1,1,0,1,1,1,1,1
2026-03-28 12:18:18.939,315.537,-1,8,11,-62.7,1,1,0,1,1,1,1,1
2026-03-28 12:18:19.035,315.633,-1,8,11,-65.84,1,1,0,1,1,1,1,1
2026-03-28 12:18:19.098,315.696,-1,8,11,-66.05,1,1,0,1,1,1,1,1
2026-03-28 12:18:19.179,315.777,-1,7,11,-64.64,1,1,0,1,1,1,1,1
2026-03-28 12:18:19.242,315.840,-1,8,11,-65.4,1,1,0,1,1,1,1,1
2026-03-28 12:18:19.339,315.937,-1,8,11,-68.8,1,1,0,1,1,1,1,1
2026-03-28 12:18:19.402,316.001,-1,8,10,-65.35,1,1,0,1,1,1,1,1
2026-03-28 12:18:19.451,316.049,-1,8,11,-69.38,1,1,0,1,1,1,1,1
2026-03-28 12:18:19.546,316.144,-1,8,10,-66.81,1,1,0,1,1,1,1,1
2026-03-28 12:18:19.674,316.272,-1,8,11,-67.19,1,1,0,1,1,1,1,1
2026-03-28 12:18:19.755,316.353,-1,8,11,-66.83,1,1,0,1,1,1,1,1
2026-03-28 12:18:19.835,316.434,-1,8,11,-67.3,1,1,0,1,1,1,1,1
2026-03-28 12:18:19.898,316.496,-1,8,11,-64.79,1,1,0,1,1,1,1,1
2026-03-28 12:18:19.946,316.545,-1,8,11,-67.65,1,1,0,1,1,1,1,1
2026-03-28 12:18:20.074,316.672,-1,8,11,-63.78,1,1,0,1,1,1,1,1
2026-03-28 12:18:20.106,316.704,-1,8,11,-66.62,1,1,0,1,1,1,1,1
2026-03-28 12:18:20.235,316.833,-1,8,11,-69.37,1,1,0,1,1,1,1,1
2026-03-28 12:18:20.298,316.896,-1,8,11,-63.88,1,1,0,1,1,1,1,1
2026-03-28 12:18:20.395,316.993,-1,8,11,-68.23,1,1,0,1,1,1,1,1
2026-03-28 12:18:20.475,317.073,-1,7,11,-67.31,1,1,0,1,1,1,1,1
2026-03-28 12:18:20.553,317.152,-1,8,11,-63.4,1,1,0,1,1,1,1,1
2026-03-28 12:18:20.634,317.233,-1,8,11,-63.35,1,1,0,1,1,1,1,1
2026-03-28 12:18:20.683,317.281,-1,8,11,-66.33,1,1,0,1,1,1,1,1
2026-03-28 12:18:20.746,317.344,-1,8,11,-64.62,1,1,0,1,1,1,1,1
2026-03-28 12:18:20.810,317.409,-1,8,11,-66.17,1,1,0,1,1,1,1,1
2026-03-28 12:18:20.875,317.473,-1,8,11,-67.84,1,1,0,1,1,1,1,1
2026-03-28 12:18:20.955,317.553,-1,8,11,-65.33,1,1,0,1,1,1,1,1
2026-03-28 12:18:21.066,317.664,-1,8,11,-68.03,1,1,0,1,1,1,1,1
2026-03-28 12:18:21.179,317.777,-1,8,11,-68.65,1,1,0,1,1,1,1,1
2026-03-28 12:18:21.322,317.920,-1,8,11,-66.73,1,1,0,1,1,1,1,1
2026-03-28 12:18:21.323,317.922,-1,7,11,-63.88,1,1,0,1,1,1,1,1
2026-03-28 12:18:21.435,318.033,-1,8,10,-66.77,1,1,0,1,1,1,1,1
2026-03-28 12:18:21.499,318.097,-1,8,11,-65.78,1,1,0,1,1,1,1,1
2026-03-28 12:18:21.595,318.193,-1,7,11,-67.57,1,1,0,1,1,1,1,1
2026-03-28 12:18:21.643,318.241,-1,7,8,-66.78,1,1,0,1,1,1,1,1
2026-03-28 12:18:21.753,318.352,-1,8,11,-67.45,1,1,0,1,1,1,1,1
2026-03-28 12:18:21.802,318.401,-1,8,11,-68.94,1,1,0,1,1,1,1,1
2026-03-28 12:18:21.882,318.481,-1,8,11,-63.96,1,1,0,1,1,1,1,1
2026-03-28 12:18:22.010,318.609,-1,7,11,-65.64,1,1,0,1,1,1,1,1
2026-03-28 12:18:22.075,318.673,-1,8,11,-64.9,1,1,0,1,1,1,1,1
2026-03-28 12:18:22.091,318.689,-1,8,11,-63.99,1,1,0,1,1,1,1,1
2026-03-28 12:18:22.218,318.816,-1,8,11,-63.94,1,1,0,1,1,1,1,1
2026-03-28 12:18:22.299,318.897,-1,7,11,-68.61,1,1,0,1,1,1,1,1
2026-03-28 12:18:22.346,318.945,-1,8,11,-64.46,1,1,0,1,1,1,1,1
2026-03-28 12:18:22.410,319.008,-1,7,11,-62.49,1,1,0,1,1,1,1,1
2026-03-28 12:18:22.490,319.089,-1,8,11,-64.83,1,1,0,1,1,1,1,1
2026-03-28 12:18:22.619,319.217,-1,8,11,-65.09,1,1,0,1,1,1,1,1
2026-03-28 12:18:22.666,319.264,-1,8,11,-65.2,1,1,0,1,1,1,1,1
2026-03-28 12:18:22.745,319.344,-1,8,11,-64.62,1,1,0,1,1,1,1,1
2026-03-28 12:18:22.778,319.377,-1,8,11,-64.53,1,1,0,1,1,1,1,1
2026-03-28 12:18:22.891,319.489,-1,7,11,-65.46,1,1,0,1,1,1,1,1
2026-03-28 12:18:22.938,319.537,-1,8,11,-64.2,1,1,0,1,1,1,1,1
2026-03-28 12:18:23.050,319.649,-1,8,11,-63.99,1,1,0,1,1,1,1,1
2026-03-28 12:18:23.113,319.712,-1,8,10,-66.65,1,1,0,1,1,1,1,1
2026-03-28 12:18:23.195,319.793,-1,8,11,-63.71,1,1,0,1,1,1,1,1
2026-03-28 12:18:23.258,319.857,-1,8,11,-64.22,1,1,0,1,1,1,1,1
2026-03-28 12:18:23.306,319.905,-1,8,11,-65.01,1,1,0,1,1,1,1,1
2026-03-28 12:18:23.418,320.017,-1,8,11,-67.49,1,1,0,1,1,1,1,1
2026-03-28 12:18:23.466,320.064,-1,8,10,-69.37,1,1,0,1,1,1,1,1
2026-03-28 12:18:23.579,320.177,-1,8,11,-66.36,1,1,0,1,1,1,1,1
2026-03-28 12:18:23.641,320.240,-1,8,11,-68.35,1,1,0,1,1,1,1,1
2026-03-28 12:18:23.706,320.305,-1,8,11,-64.31,1,1,0,1,1,1,1,1
2026-03-28 12:18:23.834,320.432,-1,8,11,-65.3,1,1,0,1,1,1,1,1
2026-03-28 12:18:23.867,320.465,-1,8,11,-69.8,1,1,0,1,1,1,1,1
2026-03-28 12:18:23.978,320.577,-1,8,11,-64.17,1,1,0,1,1,1,1,1
2026-03-28 12:18:24.010,320.608,-1,8,11,-66.63,1,1,0,1,1,1,1,1
2026-03-28 12:18:24.074,320.673,-1,8,11,-65.18,1,1,0,1,1,1,1,1
2026-03-28 12:18:24.154,320.752,-1,8,11,-69.05,1,1,0,1,1,1,1,1
2026-03-28 12:18:24.282,320.880,-1,8,11,-63.71,1,1,0,1,1,1,1,1
2026-03-28 12:18:24.346,320.944,-1,8,11,-66.44,1,1,0,1,1,1,1,1
2026-03-28 12:18:24.394,320.993,-1,8,11,-65.72,1,1,0,1,1,1,1,1
2026-03-28 12:18:24.474,321.072,-1,8,11,-67.08,1,1,0,1,1,1,1,1
2026-03-28 12:18:24.570,321.168,-1,8,11,-71.31,1,1,0,1,1,1,1,1
2026-03-28 12:18:24.635,321.233,-1,8,10,-65.26,1,1,0,1,1,1,1,1
2026-03-28 12:18:24.730,321.329,-1,8,11,-68.59,1,1,0,1,1,1,1,1
2026-03-28 12:18:24.762,321.360,-1,7,11,-69.52,1,1,0,1,1,1,1,1
2026-03-28 12:18:24.858,321.456,-1,8,11,-66.32,1,1,0,1,1,1,1,1
2026-03-28 12:18:24.954,321.552,-1,8,11,-65.96,1,1,0,1,1,1,1,1
2026-03-28 12:18:25.066,321.665,-1,8,11,-70.04,1,1,0,1,1,1,1,1
2026-03-28 12:18:25.114,321.712,-1,8,11,-63.8,1,1,0,1,1,1,1,1
2026-03-28 12:18:25.178,321.776,-1,8,11,-66.39,1,1,0,1,1,1,1,1
2026-03-28 12:18:25.242,321.841,-1,8,11,-66.61,1,1,0,1,1,1,1,1
2026-03-28 12:18:25.306,321.905,-1,7,11,-68.32,1,1,0,1,1,1,1,1
2026-03-28 12:18:25.402,322.001,-1,8,11,-69.12,1,1,0,1,1,1,1,1
2026-03-28 12:18:25.498,322.096,-1,8,10,-65.39,1,1,0,1,1,1,1,1
2026-03-28 12:18:25.594,322.193,-1,8,11,-68.23,1,1,0,1,1,1,1,1
2026-03-28 12:18:25.626,322.225,-1,8,11,-64.32,1,1,0,1,1,1,1,1
2026-03-28 12:18:25.706,322.305,-1,8,11,-67.57,1,1,0,1,1,1,1,1
2026-03-28 12:18:25.786,322.384,-1,8,11,-64.36,1,1,0,1,1,1,1,1
2026-03-28 12:18:25.834,322.433,-1,8,11,-67.37,1,1,0,1,1,1,1,1
2026-03-28 12:18:25.898,322.497,-1,8,11,-67.02,1,1,0,1,1,1,1,1
2026-03-28 12:18:25.978,322.577,-1,8,11,-67.75,1,1,0,1,1,1,1,1
2026-03-28 12:18:26.202,322.801,-1,8,11,-65.81,1,1,0,1,1,1,1,1
2026-03-28 12:18:26.250,322.849,-1,8,11,-65.09,1,1,0,1,1,1,1,1
2026-03-28 12:18:26.346,322.945,-1,8,10,-67.66,1,1,0,1,1,1,1,1
2026-03-28 12:18:26.426,323.025,-1,8,11,-65.78,1,1,0,1,1,1,1,1
2026-03-28 12:18:26.474,323.073,-1,8,11,-66.62,1,1,0,1,1,1,1,1
2026-03-28 12:18:26.538,323.136,-1,8,11,-64.2,1,1,0,1,1,1,1,1
2026-03-28 12:18:26.602,323.201,-1,8,11,-67.17,1,1,0,1,1,1,1,1
2026-03-28 12:18:26.730,323.328,-1,8,11,-65.8,1,1,0,1,1,1,1,1
2026-03-28 12:18:26.778,323.376,-1,8,11,-65.94,1,1,0,1,1,1,1,1
2026-03-28 12:18:26.874,323.473,-1,8,11,-68.11,1,1,0,1,1,1,1,1
2026-03-28 12:18:26.954,323.552,-1,7,11,-67.8,1,1,0,1,1,1,1,1
2026-03-28 12:18:27.081,323.680,-1,8,11,-65.84,1,1,0,1,1,1,1,1
2026-03-28 12:18:27.130,323.728,-1,8,11,-62.48,1,1,0,1,1,1,1,1
2026-03-28 12:18:27.194,323.792,-1,8,11,-66.84,1,1,0,1,1,1,1,1
2026-03-28 12:18:27.258,323.857,-1,8,11,-67.71,1,1,0,1,1,1,1,1
2026-03-28 12:18:27.322,323.921,-1,8,11,-63.99,1,1,0,1,1,1,1,1
2026-03-28 12:18:27.419,324.017,-1,8,11,-65.86,1,1,0,1,1,1,1,1
2026-03-28 12:18:27.530,324.129,-1,8,11,-64.9,1,1,0,1,1,1,1,1
2026-03-28 12:18:27.657,324.256,-1,8,10,-62.34,1,1,0,1,1,1,1,1
2026-03-28 12:18:27.706,324.305,-1,8,11,-65.24,1,1,0,1,1,1,1,1
2026-03-28 12:18:27.786,324.385,-1,8,11,-64.15,1,1,0,1,1,1,1,1
2026-03-28 12:18:27.834,324.432,-1,8,11,-65.85,1,1,0,1,1,1,1,1
2026-03-28 12:18:27.914,324.513,-1,8,11,-69.56,1,1,0,1,1,1,1,1
2026-03-28 12:18:28.026,324.625,-1,8,11,-63.81,1,1,0,1,1,1,1,1
2026-03-28 12:18:28.074,324.672,-1,8,11,-67.24,1,1,0,1,1,1,1,1
2026-03-28 12:18:28.154,324.752,-1,8,11,-66.28,1,1,0,1,1,1,1,1
2026-03-28 12:18:28.218,324.817,-1,7,11,-65.04,1,1,0,1,1,1,1,1
2026-03-28 12:18:28.313,324.912,-1,8,11,-64.31,1,1,0,1,1,1,1,1
2026-03-28 12:18:28.362,324.960,-1,8,10,-67.68,1,1,0,1,1,1,1,1
2026-03-28 12:18:28.442,325.041,-1,8,11,-68.62,1,1,0,1,1,1,1,1
2026-03-28 12:18:28.506,325.105,-1,8,11,-63.44,1,1,0,1,1,1,1,1
2026-03-28 12:18:28.570,325.168,-1,8,11,-65.08,1,1,0,1,1,1,1,1
2026-03-28 12:18:28.714,325.313,-1,8,10,-62.82,1,1,0,1,1,1,1,1
2026-03-28 12:18:28.842,325.441,-1,8,11,-65.76,1,1,0,1,1,1,1,1
2026-03-28 12:18:28.906,325.505,-1,8,10,-64.05,1,1,0,1,1,1,1,1
2026-03-28 12:18:29.002,325.600,-1,7,11,-65.2,1,1,0,1,1,1,1,1
2026-03-28 12:18:29.066,325.665,-1,8,11,-65.27,1,1,0,1,1,1,1,1
2026-03-28 12:18:29.130,325.729,-1,7,11,-63.47,1,1,0,1,1,1,1,1
2026-03-28 12:18:29.178,325.776,-1,8,10,-64.35,1,1,0,1,1,1,1,1
2026-03-28 12:18:29.306,325.905,-1,8,11,-64.79,1,1,0,1,1,1,1,1
2026-03-28 12:18:29.386,325.984,-1,8,11,-64.11,1,1,0,1,1,1,1,1
2026-03-28 12:18:29.434,326.033,-1,8,11,-64.15,1,1,0,1,1,1,1,1
2026-03-28 12:18:29.530,326.129,-1,8,11,-65.0,1,1,0,1,1,1,1,1
2026-03-28 12:18:29.610,326.209,-1,8,11,-65.33,1,1,0,1,1,1,1,1
2026-03-28 12:18:29.706,326.305,-1,8,11,-65.14,1,1,0,1,1,1,1,1
2026-03-28 12:18:29.802,326.400,-1,8,11,-65.78,1,1,0,1,1,1,1,1
2026-03-28 12:18:29.866,326.464,-1,7,11,-64.7,1,1,0,1,1,1,1,1
2026-03-28 12:18:29.962,326.560,-1,8,11,-65.55,1,1,0,1,1,1,1,1
2026-03-28 12:18:29.994,326.593,-1,8,11,-63.17,1,1,0,1,1,1,1,1
2026-03-28 12:18:30.106,326.705,-1,8,10,-65.49,1,1,0,1,1,1,1,1
2026-03-28 12:18:30.218,326.816,-1,8,11,-64.12,1,1,0,1,1,1,1,1
2026-03-28 12:18:30.234,326.833,-1,8,11,-66.01,1,1,0,1,1,1,1,1
2026-03-28 12:18:30.298,326.896,-1,8,8,-66.5,1,1,0,1,1,1,1,1
2026-03-28 12:18:30.426,327.024,-1,8,11,-64.52,1,1,0,1,1,1,1,1
2026-03-28 12:18:30.522,327.120,-1,7,11,-62.55,1,1,0,1,1,1,1,1
2026-03-28 12:18:30.634,327.233,-1,8,11,-64.18,1,1,0,1,1,1,1,1
2026-03-28 12:18:30.714,327.312,-1,8,8,-60.75,1,1,0,1,1,1,1,1
2026-03-28 12:18:30.762,327.360,-1,8,11,-63.78,1,1,0,1,1,1,1,1
2026-03-28 12:18:30.921,327.520,-1,8,11,-66.65,1,1,0,1,1,1,1,1
2026-03-28 12:18:30.954,327.552,-1,7,11,-65.81,1,1,0,1,1,1,1,1
2026-03-28 12:18:31.034,327.632,-1,8,11,-64.44,1,1,0,1,1,1,1,1
2026-03-28 12:18:31.114,327.713,-1,8,11,-64.24,1,1,0,1,1,1,1,1
2026-03-28 12:18:31.194,327.792,-1,8,11,-61.97,1,1,0,1,1,1,1,1
2026-03-28 12:18:31.258,327.857,-1,8,11,-65.26,1,1,0,1,1,1,1,1
2026-03-28 12:18:31.338,327.936,-1,7,8,-64.56,1,1,0,1,1,1,1,1
2026-03-28 12:18:31.417,328.016,-1,8,8,-65.16,1,1,0,1,1,1,1,1
2026-03-28 12:18:31.482,328.081,-1,8,10,-65.28,1,1,0,1,1,1,1,1
2026-03-28 12:18:31.594,328.192,-1,7,11,-63.66,1,1,0,1,1,1,1,1
2026-03-28 12:18:31.658,328.256,-1,8,11,-66.18,1,1,0,1,1,1,1,1
2026-03-28 12:18:31.753,328.351,-1,8,11,-64.07,1,1,0,1,1,1,1,1
2026-03-28 12:18:31.833,328.432,-1,8,11,-63.68,1,1,0,1,1,1,1,1
2026-03-28 12:18:31.977,328.576,-1,8,11,-65.28,1,1,0,1,1,1,1,1
2026-03-28 12:18:32.010,328.608,-1,8,11,-63.85,1,1,0,1,1,1,1,1
2026-03-28 12:18:32.105,328.704,-1,8,11,-63.91,1,1,0,1,1,1,1,1
2026-03-28 12:18:32.137,328.736,-1,8,11,-62.19,1,1,0,1,1,1,1,1
2026-03-28 12:18:32.266,328.864,-1,8,11,-62.45,1,1,0,1,1,1,1,1
2026-03-28 12:18:32.329,328.928,-1,8,11,-65.91,1,1,0,1,1,1,1,1
2026-03-28 12:18:32.410,329.008,-1,8,11,-63.28,1,1,0,1,1,1,1,1
2026-03-28 12:18:32.521,329.120,-1,7,11,-61.23,1,1,0,1,1,1,1,1
2026-03-28 12:18:32.618,329.217,-1,8,11,-64.75,1,1,0,1,1,1,1,1
2026-03-28 12:18:32.698,329.297,-1,8,11,-60.74,1,1,0,1,1,1,1,1
2026-03-28 12:18:32.746,329.344,-1,8,11,-62.24,1,1,0,1,1,1,1,1
2026-03-28 12:18:32.889,329.488,-1,8,11,-64.12,1,1,0,1,1,1,1,1
2026-03-28 12:18:33.002,329.600,-1,8,11,-65.74,1,1,0,1,1,1,1,1
2026-03-28 12:18:33.066,329.664,-1,8,11,-63.46,1,1,0,1,1,1,1,1
2026-03-28 12:18:33.082,329.680,-1,8,11,-65.97,1,1,0,1,1,1,1,1
2026-03-28 12:18:33.210,329.809,-1,8,11,-62.93,1,1,0,1,1,1,1,1
2026-03-28 12:18:33.258,329.856,-1,8,10,-65.76,1,1,0,1,1,1,1,1
2026-03-28 12:18:33.338,329.936,-1,8,11,-60.88,1,1,0,1,1,1,1,1
2026-03-28 12:18:33.450,330.048,-1,8,10,-65.58,1,1,0,1,1,1,1,1
2026-03-28 12:18:33.530,330.129,-1,8,11,-65.22,1,1,0,1,1,1,1,1
2026-03-28 12:18:33.578,330.176,-1,8,10,-63.28,1,1,0,1,1,1,1,1
2026-03-28 12:18:33.674,330.272,-1,8,11,-61.7,1,1,0,1,1,1,1,1
2026-03-28 12:18:33.738,330.336,-1,8,11,-63.68,1,1,0,1,1,1,1,1
2026-03-28 12:18:33.850,330.448,-1,8,11,-64.32,1,1,0,1,1,1,1,1
2026-03-28 12:18:33.898,330.496,-1,7,11,-64.32,1,1,0,1,1,1,1,1
2026-03-28 12:18:33.962,330.560,-1,8,11,-63.77,1,1,0,1,1,1,1,1
2026-03-28 12:18:34.138,330.736,-1,8,11,-64.96,1,1,0,1,1,1,1,1
2026-03-28 12:18:34.169,330.768,-1,8,11,-62.42,1,1,0,1,1,1,1,1
2026-03-28 12:18:34.250,330.848,-1,8,11,-64.11,1,1,0,1,1,1,1,1
2026-03-28 12:18:34.282,330.880,-1,8,11,-64.25,1,1,0,1,1,1,1,1
2026-03-28 12:18:34.346,330.944,-1,8,11,-63.02,1,1,0,1,1,1,1,1
2026-03-28 12:18:34.441,331.039,-1,8,11,-64.72,1,1,0,1,1,1,1,1
2026-03-28 12:18:34.522,331.120,-1,8,11,-64.36,1,1,0,1,1,1,1,1
2026-03-28 12:18:34.618,331.217,-1,8,11,-62.64,1,1,0,1,1,1,1,1
2026-03-28 12:18:34.650,331.248,-1,8,11,-65.27,1,1,0,1,1,1,1,1
2026-03-28 12:18:34.729,331.328,-1,7,11,-63.2,1,1,0,1,1,1,1,1
2026-03-28 12:18:34.826,331.424,-1,8,11,-66.04,1,1,0,1,1,1,1,1
2026-03-28 12:18:34.969,331.568,-1,8,11,-66.03,1,1,0,1,1,1,1,1
2026-03-28 12:18:35.082,331.680,-1,8,11,-63.15,1,1,0,1,1,1,1,1
2026-03-28 12:18:35.178,331.777,-1,8,11,-64.2,1,1,0,1,1,1,1,1
2026-03-28 12:18:35.272,331.871,-1,8,11,-63.69,1,1,0,1,1,1,1,1
2026-03-28 12:18:35.337,331.935,-1,8,11,-60.73,1,1,0,1,1,1,1,1
2026-03-28 12:18:35.418,332.016,-1,8,11,-63.22,1,1,0,1,1,1,1,1
2026-03-28 12:18:35.513,332.112,-1,8,11,-64.77,1,1,0,1,1,1,1,1
2026-03-28 12:18:35.610,332.208,-1,8,11,-63.01,1,1,0,1,1,1,1,1
2026-03-28 12:18:35.657,332.256,-1,8,11,-61.99,1,1,0,1,1,1,1,1
2026-03-28 12:18:35.786,332.384,-1,7,11,-64.33,1,1,0,1,1,1,1,1
2026-03-28 12:18:35.881,332.480,-1,8,11,-63.4,1,1,0,1,1,1,1,1
2026-03-28 12:18:35.946,332.544,-1,8,11,-62.96,1,1,0,1,1,1,1,1
2026-03-28 12:18:35.994,332.592,-1,8,11,-63.59,1,1,0,1,1,1,1,1
2026-03-28 12:18:36.089,332.688,-1,8,11,-61.35,1,1,0,1,1,1,1,1
2026-03-28 12:18:36.186,332.785,-1,7,11,-63.72,1,1,0,1,1,1,1,1
2026-03-28 12:18:36.249,332.847,-1,8,11,-68.96,1,1,0,1,1,1,1,1
2026-03-28 12:18:36.330,332.928,-1,8,11,-64.12,1,1,0,1,1,1,1,1
2026-03-28 12:18:36.378,332.976,-1,8,11,-62.87,1,1,0,1,1,1,1,1
2026-03-28 12:18:36.490,333.088,-1,8,11,-63.71,1,1,0,1,1,1,1,1
2026-03-28 12:18:36.586,333.184,-1,8,11,-67.08,1,1,0,1,1,1,1,1
2026-03-28 12:18:36.618,333.216,-1,8,11,-64.57,1,1,0,1,1,1,1,1
2026-03-28 12:18:36.698,333.296,-1,8,11,-63.06,1,1,0,1,1,1,1,1
2026-03-28 12:18:36.746,333.344,-1,7,11,-64.7,1,1,0,1,1,1,1,1
2026-03-28 12:18:36.809,333.408,-1,7,11,-65.93,1,1,0,1,1,1,1,1
2026-03-28 12:18:36.857,333.456,-1,7,11,-67.46,1,1,0,1,1,1,1,1
2026-03-28 12:18:36.906,333.504,-1,8,11,-64.33,1,1,0,1,1,1,1,1
2026-03-28 12:18:37.098,333.696,-1,8,11,-64.86,1,1,0,1,1,1,1,1
2026-03-28 12:18:37.113,333.712,-1,8,10,-63.58,1,1,0,1,1,1,1,1
2026-03-28 12:18:37.146,333.744,-1,8,11,-63.88,1,1,0,1,1,1,1,1
2026-03-28 12:18:37.257,333.856,-1,8,11,-63.91,1,1,0,1,1,1,1,1
2026-03-28 12:18:37.322,333.920,-1,8,11,-67.7,1,1,0,1,1,1,1,1
2026-03-28 12:18:37.370,333.969,-1,8,11,-65.02,1,1,0,1,1,1,1,1
2026-03-28 12:18:37.497,334.096,-1,8,11,-66.21,1,1,0,1,1,1,1,1
2026-03-28 12:18:37.562,334.160,-1,8,11,-64.21,1,1,0,1,1,1,1,1
2026-03-28 12:18:37.657,334.256,-1,8,11,-64.72,1,1,0,1,1,1,1,1
2026-03-28 12:18:37.705,334.304,-1,8,11,-64.6,1,1,0,1,1,1,1,1
2026-03-28 12:18:37.785,334.384,-1,8,11,-67.31,1,1,0,1,1,1,1,1
2026-03-28 12:18:37.850,334.448,-1,8,11,-65.28,1,1,0,1,1,1,1,1
2026-03-28 12:18:38.009,334.608,-1,8,11,-61.05,1,1,0,1,1,1,1,1
2026-03-28 12:18:38.089,334.688,0,8,11,-63.03,1,1,0,1,1,1,1,1
2026-03-28 12:18:38.234,334.832,0,8,11,-64.87,1,1,0,1,1,1,1,1
2026-03-28 12:18:38.281,334.880,0,9,11,-63.16,1,1,0,1,1,1,1,1
2026-03-28 12:18:38.362,334.960,0,8,12,-66.17,1,1,0,1,1,1,1,1
2026-03-28 12:18:38.441,335.039,0,9,11,-62.1,1,1,0,1,1,1,1,1
2026-03-28 12:18:38.521,335.120,0,8,11,-63.91,1,1,0,1,1,1,1,1
2026-03-28 12:18:38.634,335.232,0,8,11,-63.44,1,1,0,1,1,1,1,1
2026-03-28 12:18:38.761,335.360,-1,8,11,-62.44,1,1,0,1,1,1,1,1
2026-03-28 12:18:38.777,335.376,0,8,11,-62.38,1,1,0,1,1,1,1,1
2026-03-28 12:18:38.857,335.456,0,8,11,-64.56,1,1,0,1,1,1,1,1
2026-03-28 12:18:38.953,335.552,0,9,11,-63.33,1,1,0,1,1,1,1,1
2026-03-28 12:18:39.082,335.680,0,8,11,-64.33,1,1,0,1,1,1,1,1
2026-03-28 12:18:39.177,335.775,0,8,12,-61.58,1,1,0,1,1,1,1,1
2026-03-28 12:18:39.193,335.792,0,8,11,-66.25,1,1,0,1,1,1,1,1
2026-03-28 12:18:39.305,335.904,0,9,11,-67.28,1,1,0,1,1,1,1,1
2026-03-28 12:18:39.353,335.952,-1,8,11,-61.88,1,1,0,1,1,1,1,1
2026-03-28 12:18:39.417,336.016,0,8,11,-62.4,1,1,0,1,1,1,1,1
2026-03-28 12:18:39.529,336.128,0,9,11,-65.72,1,1,0,1,1,1,1,1
2026-03-28 12:18:39.641,336.240,0,8,11,-63.54,1,1,0,1,1,1,1,1
2026-03-28 12:18:39.737,336.335,0,8,11,-63.18,1,1,0,1,1,1,1,1
2026-03-28 12:18:39.864,336.463,0,8,11,-63.39,1,1,0,1,1,1,1,1
2026-03-28 12:18:39.898,336.496,0,8,12,-65.11,1,1,0,1,1,1,1,1
2026-03-28 12:18:40.026,336.624,0,8,11,-63.04,1,1,0,1,1,1,1,1
2026-03-28 12:18:40.073,336.672,-1,8,11,-60.72,1,1,0,1,1,1,1,1
2026-03-28 12:18:40.153,336.751,0,8,11,-63.87,1,1,0,1,1,1,1,1
2026-03-28 12:18:40.265,336.863,0,8,11,-63.85,1,1,0,1,1,1,1,1
2026-03-28 12:18:40.329,336.928,0,8,11,-63.81,1,1,0,1,1,1,1,1
2026-03-28 12:18:40.457,337.056,0,8,11,-66.7,1,1,0,1,1,1,1,1
2026-03-28 12:18:40.459,337.057,0,8,11,-63.6,1,1,0,1,1,1,1,1
2026-03-28 12:18:40.554,337.152,0,8,11,-61.12,1,1,0,1,1,1,1,1
2026-03-28 12:18:40.697,337.296,0,8,11,-65.99,1,1,0,1,1,1,1,1
2026-03-28 12:18:40.826,337.424,0,8,11,-61.66,1,1,0,1,1,1,1,1
2026-03-28 12:18:40.890,337.488,0,8,11,-65.82,1,1,0,1,1,1,1,1
2026-03-28 12:18:40.969,337.568,0,8,11,-63.04,1,1,0,1,1,1,1,1
2026-03-28 12:18:41.081,337.679,0,8,11,-62.63,1,1,0,1,1,1,1,1
2026-03-28 12:18:41.161,337.760,0,8,11,-63.57,1,1,0,1,1,1,1,1
2026-03-28 12:18:41.258,337.856,0,8,12,-60.85,1,1,0,1,1,1,1,1
2026-03-28 12:18:41.353,337.952,0,8,11,-61.49,1,1,0,1,1,1,1,1
2026-03-28 12:18:41.433,338.032,0,8,11,-65.35,1,1,0,1,1,1,1,1
2026-03-28 12:18:41.513,338.111,0,8,11,-65.67,1,1,0,1,1,1,1,1
2026-03-28 12:18:41.625,338.223,0,9,11,-63.2,1,1,0,1,1,1,1,1
2026-03-28 12:18:41.673,338.271,0,9,11,-61.21,1,1,0,1,1,1,1,1
2026-03-28 12:18:41.737,338.336,0,8,11,-63.65,1,1,0,1,1,1,1,1
2026-03-28 12:18:41.786,338.384,0,8,11,-63.02,1,1,0,1,1,1,1,1
2026-03-28 12:18:41.897,338.495,0,8,11,-63.03,1,1,0,1,1,1,1,1
2026-03-28 12:18:41.977,338.575,0,8,11,-65.26,1,1,0,1,1,1,1,1
2026-03-28 12:18:42.057,338.655,0,8,11,-66.2,1,1,0,1,1,1,1,1
2026-03-28 12:18:42.120,338.719,0,8,12,-60.38,1,1,0,1,1,1,1,1
2026-03-28 12:18:42.217,338.816,0,8,12,-63.14,1,1,0,1,1,1,1,1
2026-03-28 12:18:42.312,338.911,0,8,11,-64.13,1,1,0,1,1,1,1,1
2026-03-28 12:18:42.361,338.960,0,8,11,-61.68,1,1,0,1,1,1,1,1
2026-03-28 12:18:42.425,339.023,0,9,11,-61.85,1,1,0,1,1,1,1,1
2026-03-28 12:18:42.505,339.104,0,8,11,-60.25,1,1,0,1,1,1,1,1
2026-03-28 12:18:42.617,339.215,0,8,11,-61.87,1,1,0,1,1,1,1,1
2026-03-28 12:18:42.649,339.248,0,8,11,-61.66,1,1,0,1,1,1,1,1
2026-03-28 12:18:42.745,339.344,0,8,11,-61.59,1,1,0,1,1,1,1,1
2026-03-28 12:18:42.841,339.439,0,8,11,-63.11,1,1,0,1,1,1,1,1
2026-03-28 12:18:42.937,339.535,-1,8,11,-63.25,1,1,0,1,1,1,1,1
2026-03-28 12:18:43.066,339.664,-1,8,11,-63.03,1,1,0,1,1,1,1,1
2026-03-28 12:18:43.177,339.776,-1,8,11,-63.0,1,1,0,1,1,1,1,1
2026-03-28 12:18:43.224,339.823,-1,8,11,-61.99,1,1,0,1,1,1,1,1
2026-03-28 12:18:43.273,339.871,-1,8,11,-62.86,1,1,0,1,1,1,1,1
2026-03-28 12:18:43.385,339.984,-1,8,11,-61.49,1,1,0,1,1,1,1,1
2026-03-28 12:18:43.465,340.063,-1,8,11,-65.27,1,1,0,1,1,1,1,1
2026-03-28 12:18:43.544,340.143,-1,8,11,-64.51,1,1,0,1,1,1,1,1
2026-03-28 12:18:43.657,340.256,-1,8,11,-63.41,1,1,0,1,1,1,1,1
2026-03-28 12:18:43.704,340.302,-1,8,11,-61.63,1,1,0,1,1,1,1,1
2026-03-28 12:18:43.737,340.336,-1,8,11,-63.39,1,1,0,1,1,1,1,1
2026-03-28 12:18:43.817,340.415,-1,8,11,-63.49,1,1,0,1,1,1,1,1
2026-03-28 12:18:43.913,340.511,-1,8,11,-63.27,1,1,0,1,1,1,1,1
2026-03-28 12:18:44.026,340.624,-1,8,11,-63.39,1,1,0,1,1,1,1,1
2026-03-28 12:18:44.105,340.703,-1,7,11,-65.98,1,1,0,1,1,1,1,1
2026-03-28 12:18:44.184,340.783,-1,8,11,-62.23,1,1,0,1,1,1,1,1
2026-03-28 12:18:44.281,340.879,-1,8,11,-61.25,1,1,0,1,1,1,1,1
2026-03-28 12:18:44.409,341.008,-1,8,11,-64.46,1,1,0,1,1,1,1,1
2026-03-28 12:18:44.456,341.054,-1,8,11,-63.15,1,1,0,1,1,1,1,1
2026-03-28 12:18:44.537,341.135,-1,7,11,-63.79,1,1,0,1,1,1,1,1
2026-03-28 12:18:44.617,341.215,-1,8,11,-62.18,1,1,0,1,1,1,1,1
2026-03-28 12:18:44.713,341.311,-1,8,11,-61.58,1,1,0,1,1,1,1,1
2026-03-28 12:18:44.761,341.360,-1,8,11,-61.62,1,1,0,1,1,1,1,1
2026-03-28 12:18:44.825,341.424,-1,7,11,-62.76,1,1,0,1,1,1,1,1
2026-03-28 12:18:44.904,341.503,-1,8,8,-64.79,1,1,0,1,1,1,1,1
2026-03-28 12:18:45.001,341.599,-1,8,11,-64.57,1,1,0,1,1,1,1,1
2026-03-28 12:18:45.017,341.616,-1,8,11,-64.0,1,1,0,1,1,1,1,1
2026-03-28 12:18:45.160,341.759,-1,7,11,-62.84,1,1,0,1,1,1,1,1
2026-03-28 12:18:45.193,341.791,-1,8,11,-62.75,1,1,0,1,1,1,1,1
2026-03-28 12:18:45.337,341.935,-1,8,11,-62.82,1,1,0,1,1,1,1,1
2026-03-28 12:18:45.385,341.984,-1,8,11,-63.6,1,1,0,1,1,1,1,1
2026-03-28 12:18:45.513,342.112,-1,8,11,-64.2,1,1,0,1,1,1,1,1
2026-03-28 12:18:45.609,342.208,-1,8,11,-65.21,1,1,0,1,1,1,1,1
2026-03-28 12:18:45.657,342.255,-1,8,11,-62.42,1,1,0,1,1,1,1,1
2026-03-28 12:18:45.721,342.319,-1,8,11,-61.72,1,1,0,1,1,1,1,1
2026-03-28 12:18:45.849,342.447,-1,8,11,-59.51,1,1,0,1,1,1,1,1
2026-03-28 12:18:45.881,342.479,-1,8,11,-61.85,1,1,0,1,1,1,1,1
2026-03-28 12:18:45.961,342.559,-1,8,11,-61.03,1,1,0,1,1,1,1,1
2026-03-28 12:18:46.040,342.639,-1,8,11,-64.81,1,1,0,1,1,1,1,1
2026-03-28 12:18:46.120,342.719,-1,8,11,-68.49,1,1,0,1,1,1,1,1
2026-03-28 12:18:46.201,342.799,-1,8,11,-63.85,1,1,0,1,1,1,1,1
2026-03-28 12:18:46.265,342.864,-1,8,11,-61.93,1,1,0,1,1,1,1,1
2026-03-28 12:18:46.345,342.943,-1,8,11,-64.14,1,1,0,1,1,1,1,1
2026-03-28 12:18:46.457,343.056,-1,8,11,-61.09,1,1,0,1,1,1,1,1
2026-03-28 12:18:46.473,343.071,-1,8,11,-62.84,1,1,0,1,1,1,1,1
2026-03-28 12:18:46.585,343.184,-1,8,11,-65.17,1,1,0,1,1,1,1,1
2026-03-28 12:18:46.665,343.264,-1,8,11,-61.88,1,1,0,1,1,1,1,1
2026-03-28 12:18:46.729,343.328,-1,8,11,-63.07,1,1,0,1,1,1,1,1
2026-03-28 12:18:46.777,343.376,-1,8,11,-64.88,1,1,0,1,1,1,1,1
2026-03-28 12:18:46.937,343.535,-1,8,11,-62.82,1,1,0,1,1,1,1,1
2026-03-28 12:18:46.970,343.568,-1,8,11,-62.04,1,1,0,1,1,1,1,1
2026-03-28 12:18:47.065,343.664,-1,8,11,-66.66,1,1,0,1,1,1,1,1
2026-03-28 12:18:47.113,343.712,-1,8,11,-66.69,1,1,0,1,1,1,1,1
2026-03-28 12:18:47.161,343.759,-1,8,11,-61.42,1,1,0,1,1,1,1,1
2026-03-28 12:18:47.241,343.840,-1,8,11,-64.16,1,1,0,1,1,1,1,1
2026-03-28 12:18:47.305,343.903,-1,8,11,-63.53,1,1,0,1,1,1,1,1
2026-03-28 12:18:47.449,344.048,-1,8,11,-61.33,1,1,0,1,1,1,1,1
2026-03-28 12:18:47.481,344.079,-1,8,11,-66.23,1,1,0,1,1,1,1,1
2026-03-28 12:18:47.545,344.144,-1,8,11,-64.3,1,1,0,1,1,1,1,1
2026-03-28 12:18:47.641,344.240,-1,8,11,-63.75,1,1,0,1,1,1,1,1
2026-03-28 12:18:47.689,344.288,-1,8,11,-65.11,1,1,0,1,1,1,1,1
2026-03-28 12:18:47.785,344.384,-1,8,11,-62.99,1,1,0,1,1,1,1,1
2026-03-28 12:18:47.833,344.431,-1,8,11,-64.85,1,1,0,1,1,1,1,1
2026-03-28 12:18:47.897,344.495,-1,8,11,-63.51,1,1,0,1,1,1,1,1
2026-03-28 12:18:47.993,344.592,-1,8,11,-67.57,1,1,0,1,1,1,1,1
2026-03-28 12:18:48.073,344.672,-1,8,11,-63.92,1,1,0,1,1,1,1,1
2026-03-28 12:18:48.170,344.768,-1,8,11,-62.44,1,1,0,1,1,1,1,1
2026-03-28 12:18:48.248,344.847,-1,8,11,-60.79,1,1,0,1,1,1,1,1
2026-03-28 12:18:48.297,344.895,-1,8,11,-65.6,1,1,0,1,1,1,1,1
2026-03-28 12:18:48.393,344.992,-1,8,11,-66.21,1,1,0,1,1,1,1,1
2026-03-28 12:18:48.457,345.055,-1,8,11,-62.2,1,1,0,1,1,1,1,1
2026-03-28 12:18:48.489,345.087,-1,8,11,-63.68,1,1,0,1,1,1,1,1
2026-03-28 12:18:48.569,345.167,-1,8,11,-63.91,1,1,0,1,1,1,1,1
2026-03-28 12:18:48.697,345.296,-1,8,11,-64.32,1,1,0,1,1,1,1,1
2026-03-28 12:18:48.745,345.343,-1,8,11,-67.01,1,1,0,1,1,1,1,1
2026-03-28 12:18:48.825,345.424,-1,8,11,-63.43,1,1,0,1,1,1,1,1
2026-03-28 12:18:48.905,345.503,-1,8,11,-66.03,1,1,0,1,1,1,1,1
2026-03-28 12:18:48.985,345.583,-1,8,11,-62.6,1,1,0,1,1,1,1,1
2026-03-28 12:18:49.064,345.663,-1,8,11,-62.4,1,1,0,1,1,1,1,1
2026-03-28 12:18:49.128,345.727,-1,8,11,-62.46,1,1,0,1,1,1,1,1
2026-03-28 12:18:49.193,345.792,-1,8,11,-63.32,1,1,0,1,1,1,1,1
2026-03-28 12:18:49.304,345.903,-1,8,11,-63.01,1,1,0,1,1,1,1,1
2026-03-28 12:18:49.369,345.968,-1,8,10,-61.58,1,1,0,1,1,1,1,1
2026-03-28 12:18:49.481,346.079,-1,8,11,-63.26,1,1,0,1,1,1,1,1
2026-03-28 12:18:49.496,346.095,-1,8,11,-65.01,1,1,0,1,1,1,1,1
2026-03-28 12:18:49.593,346.191,-1,8,11,-61.93,1,1,0,1,1,1,1,1
2026-03-28 12:18:49.673,346.271,-1,8,11,-68.77,1,1,0,1,1,1,1,1
2026-03-28 12:18:49.705,346.303,-1,8,11,-64.27,1,1,0,1,1,1,1,1
2026-03-28 12:18:49.786,346.384,-1,7,11,-66.17,1,1,0,1,1,1,1,1
2026-03-28 12:18:49.881,346.479,-1,8,11,-62.34,1,1,0,1,1,1,1,1
2026-03-28 12:18:49.961,346.559,-1,8,11,-64.17,1,1,0,1,1,1,1,1
2026-03-28 12:18:50.057,346.655,-1,8,11,-62.33,1,1,0,1,1,1,1,1
2026-03-28 12:18:50.120,346.718,-1,8,11,-64.84,1,1,0,1,1,1,1,1
2026-03-28 12:18:50.233,346.832,-1,8,11,-62.67,1,1,0,1,1,1,1,1
2026-03-28 12:18:50.361,346.959,-1,8,11,-62.11,1,1,0,1,1,1,1,1
2026-03-28 12:18:50.489,347.087,-1,8,11,-63.47,1,1,0,1,1,1,1,1
2026-03-28 12:18:50.585,347.183,-1,8,11,-61.98,1,1,0,1,1,1,1,1
2026-03-28 12:18:50.633,347.231,-1,8,11,-61.26,1,1,0,1,1,1,1,1
2026-03-28 12:18:50.697,347.295,-1,8,11,-64.92,1,1,0,1,1,1,1,1
2026-03-28 12:18:50.761,347.359,-1,8,11,-63.18,1,1,0,1,1,1,1,1
2026-03-28 12:18:50.841,347.439,-1,8,11,-65.6,1,1,0,1,1,1,1,1
2026-03-28 12:18:50.953,347.551,-1,8,11,-65.65,1,1,0,1,1,1,1,1
2026-03-28 12:18:50.984,347.583,-1,8,11,-60.22,1,1,0,1,1,1,1,1
2026-03-28 12:18:51.080,347.679,-1,8,11,-61.36,1,1,0,1,1,1,1,1
2026-03-28 12:18:51.209,347.807,-1,8,11,-66.86,1,1,0,1,1,1,1,1
2026-03-28 12:18:51.256,347.855,-1,8,11,-64.03,1,1,0,1,1,1,1,1
2026-03-28 12:18:51.337,347.935,-1,8,10,-62.8,1,1,0,1,1,1,1,1
2026-03-28 12:18:51.432,348.031,-1,8,11,-60.7,1,1,0,1,1,1,1,1
2026-03-28 12:18:51.512,348.111,-1,8,11,-62.31,1,1,0,1,1,1,1,1
2026-03-28 12:18:51.576,348.175,-1,8,11,-62.01,1,1,0,1,1,1,1,1
2026-03-28 12:18:51.625,348.223,-1,8,11,-64.16,1,1,0,1,1,1,1,1
2026-03-28 12:18:51.688,348.286,-1,8,11,-63.79,1,1,0,1,1,1,1,1
2026-03-28 12:18:51.769,348.367,-1,8,11,-65.81,1,1,0,1,1,1,1,1
2026-03-28 12:18:51.864,348.463,-1,8,11,-64.3,1,1,0,1,1,1,1,1
2026-03-28 12:18:51.896,348.495,-1,8,11,-63.89,1,1,0,1,1,1,1,1
2026-03-28 12:18:51.960,348.559,-1,8,11,-61.71,1,1,0,1,1,1,1,1
2026-03-28 12:18:52.040,348.639,-1,8,11,-66.79,1,1,0,1,1,1,1,1
2026-03-28 12:18:52.121,348.720,-1,8,11,-64.88,1,1,0,1,1,1,1,1
2026-03-28 12:18:52.201,348.799,-1,8,11,-61.92,1,1,0,1,1,1,1,1
2026-03-28 12:18:52.313,348.912,-1,8,11,-64.83,1,1,0,1,1,1,1,1
2026-03-28 12:18:52.361,348.959,-1,8,11,-63.06,1,1,0,1,1,1,1,1
2026-03-28 12:18:52.408,349.007,-1,8,11,-64.67,1,1,0,1,1,1,1,1
2026-03-28 12:18:52.472,349.071,-1,8,11,-63.07,1,1,0,1,1,1,1,1
2026-03-28 12:18:52.569,349.167,-1,8,11,-66.96,1,1,0,1,1,1,1,1
2026-03-28 12:18:52.649,349.247,-1,8,11,-60.81,1,1,0,1,1,1,1,1
2026-03-28 12:18:52.745,349.343,-1,8,10,-61.6,1,1,0,1,1,1,1,1
2026-03-28 12:18:52.808,349.407,-1,8,11,-65.47,1,1,0,1,1,1,1,1
2026-03-28 12:18:52.921,349.520,-1,8,11,-64.17,1,1,0,1,1,1,1,1
2026-03-28 12:18:53.048,349.647,-1,8,11,-62.85,1,1,0,1,1,1,1,1
2026-03-28 12:18:53.096,349.695,-1,8,11,-62.52,1,1,0,1,1,1,1,1
2026-03-28 12:18:53.160,349.759,-1,8,11,-62.9,1,1,0,1,1,1,1,1
2026-03-28 12:18:53.224,349.823,-1,8,11,-65.25,1,1,0,1,1,1,1,1
2026-03-28 12:18:53.352,349.951,-1,8,11,-63.15,1,1,0,1,1,1,1,1
2026-03-28 12:18:53.417,350.015,-1,8,11,-64.48,1,1,0,1,1,1,1,1
2026-03-28 12:18:53.481,350.079,-1,7,11,-64.09,1,1,0,1,1,1,1,1
2026-03-28 12:18:53.545,350.143,-1,8,11,-63.0,1,1,0,1,1,1,1,1
2026-03-28 12:18:53.641,350.239,-1,8,11,-63.6,1,1,0,1,1,1,1,1
2026-03-28 12:18:53.737,350.335,-1,7,11,-60.98,1,1,0,1,1,1,1,1
2026-03-28 12:18:53.800,350.399,-1,8,11,-63.2,1,1,0,1,1,1,1,1
2026-03-28 12:18:53.881,350.479,-1,8,11,-65.6,1,1,0,1,1,1,1,1
2026-03-28 12:18:53.993,350.591,-1,8,11,-65.04,1,1,0,1,1,1,1,1
2026-03-28 12:18:54.073,350.671,-1,8,11,-60.72,1,1,0,1,1,1,1,1
2026-03-28 12:18:54.216,350.814,-1,8,11,-62.67,1,1,0,1,1,1,1,1
2026-03-28 12:18:54.248,350.847,-1,8,11,-63.1,1,1,0,1,1,1,1,1
2026-03-28 12:18:54.313,350.911,-1,8,11,-62.48,1,1,0,1,1,1,1,1
2026-03-28 12:18:54.376,350.975,-1,8,11,-64.63,1,1,0,1,1,1,1,1
2026-03-28 12:18:54.456,351.055,-1,8,11,-64.37,1,1,0,1,1,1,1,1
2026-03-28 12:18:54.537,351.136,-1,7,11,-66.52,1,1,0,1,1,1,1,1
2026-03-28 12:18:54.617,351.215,-1,8,11,-62.85,1,1,0,1,1,1,1,1
2026-03-28 12:18:54.713,351.311,-1,8,11,-64.62,1,1,0,1,1,1,1,1
2026-03-28 12:18:54.809,351.407,-1,8,10,-65.42,1,1,0,1,1,1,1,1
2026-03-28 12:18:54.856,351.455,-1,8,11,-63.6,1,1,0,1,1,1,1,1
2026-03-28 12:18:55.049,351.647,-1,8,11,-63.92,1,1,0,1,1,1,1,1
2026-03-28 12:18:55.145,351.743,-1,8,11,-63.46,1,1,0,1,1,1,1,1
2026-03-28 12:18:55.209,351.807,-1,8,11,-63.49,1,1,0,1,1,1,1,1
2026-03-28 12:18:55.288,351.887,-1,8,11,-64.69,1,1,0,1,1,1,1,1
2026-03-28 12:18:55.400,351.999,-1,8,11,-63.17,1,1,0,1,1,1,1,1
2026-03-28 12:18:55.432,352.031,-1,8,11,-65.32,1,1,0,1,1,1,1,1
2026-03-28 12:18:55.528,352.127,-1,8,11,-63.43,1,1,0,1,1,1,1,1
2026-03-28 12:18:55.624,352.223,-1,8,11,-64.1,1,1,0,1,1,1,1,1
2026-03-28 12:18:55.688,352.287,-1,8,10,-62.67,1,1,0,1,1,1,1,1
2026-03-28 12:18:55.769,352.367,-1,8,11,-63.78,1,1,0,1,1,1,1,1
2026-03-28 12:18:55.865,352.463,-1,8,11,-63.31,1,1,0,1,1,1,1,1
2026-03-28 12:18:55.960,352.558,-1,8,11,-64.61,1,1,0,1,1,1,1,1
2026-03-28 12:18:56.024,352.623,-1,8,11,-62.25,1,1,0,1,1,1,1,1
2026-03-28 12:18:56.152,352.751,-1,8,10,-64.56,1,1,0,1,1,1,1,1
2026-03-28 12:18:56.232,352.831,-1,8,11,-63.01,1,1,0,1,1,1,1,1
2026-03-28 12:18:56.329,352.927,-1,7,11,-61.75,1,1,0,1,1,1,1,1
2026-03-28 12:18:56.376,352.974,-1,8,11,-61.78,1,1,0,1,1,1,1,1
2026-03-28 12:18:56.456,353.055,-1,8,11,-66.77,1,1,0,1,1,1,1,1
2026-03-28 12:18:56.521,353.119,-1,8,8,-61.96,1,1,0,1,1,1,1,1
2026-03-28 12:18:56.585,353.183,-1,8,11,-66.28,1,1,0,1,1,1,1,1
2026-03-28 12:18:56.665,353.263,-1,8,11,-65.23,1,1,0,1,1,1,1,1
2026-03-28 12:18:56.760,353.359,-1,8,11,-62.59,1,1,0,1,1,1,1,1
2026-03-28 12:18:56.840,353.439,-1,8,11,-63.4,1,1,0,1,1,1,1,1
2026-03-28 12:18:56.952,353.551,-1,8,11,-63.27,1,1,0,1,1,1,1,1
2026-03-28 12:18:57.001,353.599,-1,8,11,-65.64,1,1,0,1,1,1,1,1
2026-03-28 12:18:57.112,353.710,-1,8,11,-64.06,1,1,0,1,1,1,1,1
2026-03-28 12:18:57.192,353.791,-1,8,11,-61.44,1,1,0,1,1,1,1,1
2026-03-28 12:18:57.272,353.871,-1,8,11,-62.89,1,1,0,1,1,1,1,1
2026-03-28 12:18:57.336,353.934,-1,8,11,-65.18,1,1,0,1,1,1,1,1
2026-03-28 12:18:57.432,354.031,-1,8,11,-62.64,1,1,0,1,1,1,1,1
2026-03-28 12:18:57.496,354.095,-1,8,11,-64.44,1,1,0,1,1,1,1,1
2026-03-28 12:18:57.640,354.238,-1,8,11,-62.9,1,1,0,1,1,1,1,1
2026-03-28 12:18:57.688,354.287,-1,8,11,-63.72,1,1,0,1,1,1,1,1
2026-03-28 12:18:57.768,354.367,-1,8,11,-64.81,1,1,0,1,1,1,1,1
2026-03-28 12:18:57.832,354.431,-1,8,11,-62.02,1,1,0,1,1,1,1,1
2026-03-28 12:18:57.976,354.575,-1,8,10,-65.17,1,1,0,1,1,1,1,1
2026-03-28 12:18:58.025,354.623,-1,8,11,-62.64,1,1,0,1,1,1,1,1
2026-03-28 12:18:58.152,354.750,-1,8,11,-64.53,1,1,0,1,1,1,1,1
2026-03-28 12:18:58.264,354.862,-1,8,11,-62.95,1,1,0,1,1,1,1,1
2026-03-28 12:18:58.296,354.894,-1,8,11,-63.19,1,1,0,1,1,1,1,1
2026-03-28 12:18:58.344,354.943,-1,8,11,-63.44,1,1,0,1,1,1,1,1
2026-03-28 12:18:58.441,355.039,-1,8,11,-64.74,1,1,0,1,1,1,1,1
2026-03-28 12:18:58.552,355.151,-1,8,11,-62.91,1,1,0,1,1,1,1,1
2026-03-28 12:18:58.632,355.230,-1,8,11,-61.9,1,1,0,1,1,1,1,1
2026-03-28 12:18:58.712,355.310,-1,8,11,-62.38,1,1,0,1,1,1,1,1
2026-03-28 12:18:58.824,355.423,-1,8,11,-63.68,1,1,0,1,1,1,1,1
2026-03-28 12:18:58.856,355.455,-1,8,11,-64.96,1,1,0,1,1,1,1,1
2026-03-28 12:18:58.920,355.519,-1,8,11,-62.27,1,1,0,1,1,1,1,1
2026-03-28 12:18:59.000,355.598,-1,8,11,-66.27,1,1,0,1,1,1,1,1
2026-03-28 12:18:59.080,355.678,-1,8,11,-64.73,1,1,0,1,1,1,1,1
2026-03-28 12:18:59.160,355.758,-1,8,11,-66.23,1,1,0,1,1,1,1,1
2026-03-28 12:18:59.240,355.838,-1,8,11,-62.93,1,1,0,1,1,1,1,1
2026-03-28 12:18:59.303,355.902,-1,8,10,-63.35,1,1,0,1,1,1,1,1
2026-03-28 12:18:59.400,355.998,-1,8,11,-63.95,1,1,0,1,1,1,1,1
2026-03-28 12:18:59.481,356.079,-1,8,11,-62.99,1,1,0,1,1,1,1,1
2026-03-28 12:18:59.593,356.191,-1,8,11,-64.09,1,1,0,1,1,1,1,1
2026-03-28 12:18:59.656,356.254,-1,8,11,-67.09,1,1,0,1,1,1,1,1
2026-03-28 12:18:59.737,356.335,-1,8,11,-63.89,1,1,0,1,1,1,1,1
2026-03-28 12:18:59.848,356.446,-1,8,11,-65.38,1,1,0,1,1,1,1,1
2026-03-28 12:18:59.944,356.542,-1,8,11,-64.13,1,1,0,1,1,1,1,1
2026-03-28 12:19:00.024,356.622,-1,8,11,-66.97,1,1,0,1,1,1,1,1
2026-03-28 12:19:00.056,356.654,-1,8,11,-65.33,1,1,0,1,1,1,1,1
2026-03-28 12:19:00.152,356.750,-1,8,11,-62.32,1,1,0,1,1,1,1,1
2026-03-28 12:19:00.248,356.846,-1,8,11,-65.74,1,1,0,1,1,1,1,1
2026-03-28 12:19:00.344,356.942,-1,8,11,-64.1,1,1,0,1,1,1,1,1
2026-03-28 12:19:00.408,357.006,-1,8,11,-63.07,1,1,0,1,1,1,1,1
2026-03-28 12:19:00.472,357.070,-1,8,11,-64.63,1,1,0,1,1,1,1,1
2026-03-28 12:19:00.600,357.198,-1,8,11,-65.86,1,1,0,1,1,1,1,1
2026-03-28 12:19:00.664,357.262,-1,8,8,-62.62,1,1,0,1,1,1,1,1
2026-03-28 12:19:00.728,357.326,-1,8,11,-62.96,1,1,0,1,1,1,1,1
2026-03-28 12:19:00.856,357.455,-1,8,11,-64.67,1,1,0,1,1,1,1,1
2026-03-28 12:19:00.921,357.519,-1,8,11,-65.23,1,1,0,1,1,1,1,1
2026-03-28 12:19:00.983,357.581,-1,8,11,-64.48,1,1,0,1,1,1,1,1
2026-03-28 12:19:01.063,357.662,-1,8,11,-62.6,1,1,0,1,1,1,1,1
2026-03-28 12:19:01.144,357.742,-1,8,11,-64.37,1,1,0,1,1,1,1,1
2026-03-28 12:19:01.240,357.838,-1,8,11,-66.83,1,1,0,1,1,1,1,1
2026-03-28 12:19:01.305,357.903,-1,8,11,-63.75,1,1,0,1,1,1,1,1
2026-03-28 12:19:01.384,357.982,-1,8,11,-62.74,1,1,0,1,1,1,1,1
2026-03-28 12:19:01.481,358.079,-1,8,11,-62.58,1,1,0,1,1,1,1,1
2026-03-28 12:19:01.607,358.206,-1,8,11,-63.16,1,1,0,1,1,1,1,1
2026-03-28 12:19:01.704,358.303,-1,8,11,-63.05,1,1,0,1,1,1,1,1
2026-03-28 12:19:01.720,358.318,-1,8,11,-66.22,1,1,0,1,1,1,1,1
2026-03-28 12:19:01.784,358.383,-1,8,11,-65.05,1,1,0,1,1,1,1,1
2026-03-28 12:19:01.848,358.447,-1,7,11,-64.65,1,1,0,1,1,1,1,1
2026-03-28 12:19:01.992,358.591,-1,7,11,-61.38,1,1,0,1,1,1,1,1
2026-03-28 12:19:02.056,358.654,-1,8,11,-62.18,1,1,0,1,1,1,1,1
2026-03-28 12:19:02.184,358.783,-1,8,11,-63.57,1,1,0,1,1,1,1,1
2026-03-28 12:19:02.296,358.894,-1,8,11,-64.06,1,1,0,1,1,1,1,1
2026-03-28 12:19:02.344,358.942,-1,8,8,-65.38,1,1,0,1,1,1,1,1
2026-03-28 12:19:02.408,359.006,-1,8,11,-63.69,1,1,0,1,1,1,1,1
2026-03-28 12:19:02.537,359.135,-1,8,11,-61.93,1,1,0,1,1,1,1,1
2026-03-28 12:19:02.649,359.247,-1,8,11,-61.71,1,1,0,1,1,1,1,1
2026-03-28 12:19:02.680,359.278,-1,8,11,-64.71,1,1,0,1,1,1,1,1
2026-03-28 12:19:02.744,359.343,-1,8,11,-64.38,1,1,0,1,1,1,1,1
2026-03-28 12:19:02.840,359.439,-1,8,11,-64.22,1,1,0,1,1,1,1,1
2026-03-28 12:19:02.904,359.502,-1,8,11,-66.26,1,1,0,1,1,1,1,1
2026-03-28 12:19:02.952,359.551,-1,8,11,-64.96,1,1,0,1,1,1,1,1
2026-03-28 12:19:03.096,359.694,-1,8,11,-62.95,1,1,0,1,1,1,1,1
2026-03-28 12:19:03.128,359.726,-1,8,11,-63.4,1,1,0,1,1,1,1,1
2026-03-28 12:19:03.240,359.839,-1,8,11,-67.42,1,1,0,1,1,1,1,1
2026-03-28 12:19:03.289,359.887,-1,8,11,-62.28,1,1,0,1,1,1,1,1
2026-03-28 12:19:03.352,359.951,-1,8,11,-64.69,1,1,0,1,1,1,1,1
2026-03-28 12:19:03.417,360.015,-1,8,11,-65.11,1,1,0,1,1,1,1,1
2026-03-28 12:19:03.560,360.159,-1,8,11,-65.08,1,1,0,1,1,1,1,1
2026-03-28 12:19:03.608,360.206,-1,8,11,-62.93,1,1,0,1,1,1,1,1
2026-03-28 12:19:03.689,360.287,-1,8,11,-63.67,1,1,0,1,1,1,1,1
2026-03-28 12:19:03.800,360.399,-1,8,11,-64.23,1,1,0,1,1,1,1,1
2026-03-28 12:19:03.896,360.495,-1,8,11,-65.02,1,1,0,1,1,1,1,1
2026-03-28 12:19:03.928,360.527,-1,8,11,-65.71,1,1,0,1,1,1,1,1
2026-03-28 12:19:04.024,360.622,-1,8,11,-63.85,1,1,0,1,1,1,1,1
2026-03-28 12:19:04.105,360.703,-1,8,11,-60.88,1,1,0,1,1,1,1,1
2026-03-28 12:19:04.184,360.783,-1,8,11,-67.58,1,1,0,1,1,1,1,1
2026-03-28 12:19:04.280,360.879,-1,8,10,-63.65,1,1,0,1,1,1,1,1
2026-03-28 12:19:04.360,360.958,-1,8,11,-62.58,1,1,0,1,1,1,1,1
2026-03-28 12:19:04.440,361.039,-1,8,11,-64.75,1,1,0,1,1,1,1,1
2026-03-28 12:19:04.504,361.103,-1,8,11,-63.86,1,1,0,1,1,1,1,1
2026-03-28 12:19:04.600,361.199,-1,8,11,-63.97,1,1,0,1,1,1,1,1
2026-03-28 12:19:04.712,361.311,-1,8,11,-61.69,1,1,0,1,1,1,1,1
2026-03-28 12:19:04.808,361.407,-1,8,11,-63.82,1,1,0,1,1,1,1,1
2026-03-28 12:19:04.872,361.471,-1,8,11,-65.67,1,1,0,1,1,1,1,1
2026-03-28 12:19:05.016,361.614,-1,8,11,-65.3,1,1,0,1,1,1,1,1
2026-03-28 12:19:05.017,361.616,-1,8,11,-62.53,1,1,0,1,1,1,1,1
2026-03-28 12:19:05.080,361.678,-1,8,11,-64.93,1,1,0,1,1,1,1,1
2026-03-28 12:19:05.160,361.759,-1,8,11,-63.7,1,1,0,1,1,1,1,1
2026-03-28 12:19:05.303,361.902,-1,8,11,-63.13,1,1,0,1,1,1,1,1
2026-03-28 12:19:05.368,361.967,-1,8,11,-61.66,1,1,0,1,1,1,1,1
2026-03-28 12:19:05.448,362.047,-1,8,11,-62.56,1,1,0,1,1,1,1,1
2026-03-28 12:19:05.560,362.159,-1,8,11,-64.23,1,1,0,1,1,1,1,1
2026-03-28 12:19:05.608,362.206,-1,8,11,-62.65,1,1,0,1,1,1,1,1
2026-03-28 12:19:05.688,362.286,-1,8,11,-64.83,1,1,0,1,1,1,1,1
2026-03-28 12:19:05.752,362.351,-1,8,11,-63.02,1,1,0,1,1,1,1,1
2026-03-28 12:19:05.832,362.430,-1,8,11,-63.28,1,1,0,1,1,1,1,1
2026-03-28 12:19:05.911,362.510,-1,8,11,-63.84,1,1,0,1,1,1,1,1
2026-03-28 12:19:06.008,362.607,-1,8,11,-64.15,1,1,0,1,1,1,1,1
2026-03-28 12:19:06.089,362.687,-1,8,11,-64.21,1,1,0,1,1,1,1,1
2026-03-28 12:19:06.136,362.735,-1,8,11,-64.14,1,1,0,1,1,1,1,1
2026-03-28 12:19:06.248,362.847,-1,8,11,-63.67,1,1,0,1,1,1,1,1
2026-03-28 12:19:06.328,362.926,-1,8,11,-64.19,1,1,0,1,1,1,1,1
2026-03-28 12:19:06.408,363.006,-1,8,8,-65.09,1,1,0,1,1,1,1,1
2026-03-28 12:19:06.520,363.118,-1,8,11,-62.39,1,1,0,1,1,1,1,1
2026-03-28 12:19:06.583,363.182,-1,8,11,-61.84,1,1,0,1,1,1,1,1
2026-03-28 12:19:06.695,363.293,-1,8,11,-64.83,1,1,0,1,1,1,1,1
2026-03-28 12:19:06.744,363.342,-1,8,11,-63.96,1,1,0,1,1,1,1,1
2026-03-28 12:19:06.856,363.454,-1,7,11,-65.55,1,1,0,1,1,1,1,1
2026-03-28 12:19:06.904,363.503,-1,8,11,-63.29,1,1,0,1,1,1,1,1
2026-03-28 12:19:07.000,363.599,-1,8,11,-66.2,1,1,0,1,1,1,1,1
2026-03-28 12:19:07.048,363.647,-1,8,11,-65.51,1,1,0,1,1,1,1,1
2026-03-28 12:19:07.160,363.759,-1,8,11,-66.32,1,1,0,1,1,1,1,1
2026-03-28 12:19:07.240,363.838,-1,8,11,-63.4,1,1,0,1,1,1,1,1
2026-03-28 12:19:07.368,363.967,-1,8,11,-63.53,1,1,0,1,1,1,1,1
2026-03-28 12:19:07.416,364.014,-1,8,11,-63.94,1,1,0,1,1,1,1,1
2026-03-28 12:19:07.496,364.094,-1,8,11,-65.83,1,1,0,1,1,1,1,1
2026-03-28 12:19:07.560,364.158,-1,8,11,-62.54,1,1,0,1,1,1,1,1
2026-03-28 12:19:07.624,364.222,-1,8,11,-62.54,1,1,0,1,1,1,1,1
2026-03-28 12:19:07.752,364.350,-1,8,11,-62.52,1,1,0,1,1,1,1,1
2026-03-28 12:19:07.816,364.414,-1,8,11,-62.42,1,1,0,1,1,1,1,1
2026-03-28 12:19:07.912,364.511,-1,8,11,-62.91,1,1,0,1,1,1,1,1
2026-03-28 12:19:07.991,364.590,-1,8,11,-63.89,1,1,0,1,1,1,1,1
2026-03-28 12:19:08.119,364.718,-1,8,11,-64.55,1,1,0,1,1,1,1,1
2026-03-28 12:19:08.183,364.782,-1,8,11,-61.82,1,1,0,1,1,1,1,1
2026-03-28 12:19:08.280,364.879,-1,8,11,-66.77,1,1,0,1,1,1,1,1
2026-03-28 12:19:08.344,364.942,-1,8,11,-62.82,1,1,0,1,1,1,1,1
2026-03-28 12:19:08.408,365.006,-1,8,11,-66.19,1,1,0,1,1,1,1,1
2026-03-28 12:19:08.503,365.101,-1,8,11,-64.38,1,1,0,1,1,1,1,1
2026-03-28 12:19:08.584,365.182,-1,8,11,-64.33,1,1,0,1,1,1,1,1
2026-03-28 12:19:08.712,365.310,-1,8,11,-64.07,1,1,0,1,1,1,1,1
2026-03-28 12:19:08.743,365.342,-1,8,11,-65.16,1,1,0,1,1,1,1,1
2026-03-28 12:19:08.791,365.390,-1,8,11,-65.63,1,1,0,1,1,1,1,1
2026-03-28 12:19:08.935,365.534,-1,8,11,-63.58,1,1,0,1,1,1,1,1
2026-03-28 12:19:09.000,365.598,-1,8,11,-65.13,1,1,0,1,1,1,1,1
2026-03-28 12:19:09.064,365.662,-1,8,11,-63.92,1,1,0,1,1,1,1,1
2026-03-28 12:19:09.128,365.727,-1,8,11,-63.53,1,1,0,1,1,1,1,1
2026-03-28 12:19:09.223,365.822,-1,8,11,-64.64,1,1,0,1,1,1,1,1
2026-03-28 12:19:09.336,365.935,-1,8,11,-60.94,1,1,0,1,1,1,1,1
2026-03-28 12:19:09.400,365.999,-1,8,11,-65.22,1,1,0,1,1,1,1,1
2026-03-28 12:19:09.528,366.126,-1,8,11,-64.6,1,1,0,1,1,1,1,1
2026-03-28 12:19:09.560,366.158,-1,8,11,-64.22,1,1,0,1,1,1,1,1
2026-03-28 12:19:09.656,366.254,-1,7,11,-63.37,1,1,0,1,1,1,1,1
2026-03-28 12:19:09.704,366.302,-1,8,11,-64.6,1,1,0,1,1,1,1,1
2026-03-28 12:19:09.832,366.430,-1,8,11,-62.78,1,1,0,1,1,1,1,1
2026-03-28 12:19:09.911,366.510,-1,8,11,-63.89,1,1,0,1,1,1,1,1
2026-03-28 12:19:09.976,366.574,-1,8,11,-63.52,1,1,0,1,1,1,1,1
2026-03-28 12:19:10.039,366.638,-1,8,11,-62.1,1,1,0,1,1,1,1,1
2026-03-28 12:19:10.168,366.767,-1,8,11,-62.6,1,1,0,1,1,1,1,1
2026-03-28 12:19:10.264,366.862,-1,8,11,-62.14,1,1,0,1,1,1,1,1
2026-03-28 12:19:10.312,366.910,-1,8,11,-61.04,1,1,0,1,1,1,1,1
2026-03-28 12:19:10.391,366.990,-1,8,11,-63.29,1,1,0,1,1,1,1,1
2026-03-28 12:19:10.456,367.054,-1,8,11,-67.01,1,1,0,1,1,1,1,1
2026-03-28 12:19:10.583,367.182,-1,8,11,-61.98,1,1,0,1,1,1,1,1
2026-03-28 12:19:10.648,367.246,-1,8,11,-63.17,1,1,0,1,1,1,1,1
2026-03-28 12:19:10.728,367.326,-1,8,11,-62.71,1,1,0,1,1,1,1,1
2026-03-28 12:19:10.823,367.422,-1,8,11,-63.05,1,1,0,1,1,1,1,1
2026-03-28 12:19:10.904,367.502,-1,8,11,-64.06,1,1,0,1,1,1,1,1
2026-03-28 12:19:10.984,367.582,-1,8,11,-62.12,1,1,0,1,1,1,1,1
2026-03-28 12:19:11.095,367.694,-1,7,11,-63.56,1,1,0,1,1,1,1,1
2026-03-28 12:19:11.175,367.774,-1,8,11,-63.24,1,1,0,1,1,1,1,1
2026-03-28 12:19:11.239,367.838,-1,8,11,-64.85,1,1,0,1,1,1,1,1
2026-03-28 12:19:11.399,367.997,-1,8,11,-63.33,1,1,0,1,1,1,1,1
2026-03-28 12:19:11.464,368.062,-1,8,11,-61.35,1,1,0,1,1,1,1,1
2026-03-28 12:19:11.496,368.094,-1,8,11,-63.21,1,1,0,1,1,1,1,1
2026-03-28 12:19:11.575,368.173,-1,8,11,-63.46,1,1,0,1,1,1,1,1
2026-03-28 12:19:11.688,368.286,-1,8,11,-65.19,1,1,0,1,1,1,1,1
2026-03-28 12:19:11.768,368.366,-1,8,11,-63.11,1,1,0,1,1,1,1,1
2026-03-28 12:19:11.816,368.414,-1,8,11,-63.49,1,1,0,1,1,1,1,1
2026-03-28 12:19:11.911,368.510,-1,8,11,-64.16,1,1,0,1,1,1,1,1
2026-03-28 12:19:11.992,368.590,-1,8,11,-63.93,1,1,0,1,1,1,1,1
2026-03-28 12:19:12.040,368.638,-1,8,11,-65.52,1,1,0,1,1,1,1,1
2026-03-28 12:19:12.119,368.717,-1,8,11,-64.52,1,1,0,1,1,1,1,1
2026-03-28 12:19:12.183,368.782,-1,8,11,-62.23,1,1,0,1,1,1,1,1
2026-03-28 12:19:12.280,368.878,-1,8,11,-64.93,1,1,0,1,1,1,1,1
2026-03-28 12:19:12.344,368.942,-1,8,11,-66.58,1,1,0,1,1,1,1,1
2026-03-28 12:19:12.424,369.022,-1,8,11,-62.99,1,1,0,1,1,1,1,1
2026-03-28 12:19:12.536,369.134,-1,8,11,-62.51,1,1,0,1,1,1,1,1
2026-03-28 12:19:12.615,369.213,-1,7,11,-66.57,1,1,0,1,1,1,1,1
2026-03-28 12:19:12.663,369.262,-1,8,11,-60.85,1,1,0,1,1,1,1,1
2026-03-28 12:19:12.775,369.374,-1,8,11,-61.6,1,1,0,1,1,1,1,1
2026-03-28 12:19:12.872,369.470,-1,8,11,-63.82,1,1,0,1,1,1,1,1
2026-03-28 12:19:12.967,369.566,-1,8,11,-62.25,1,1,0,1,1,1,1,1
2026-03-28 12:19:13.048,369.646,-1,7,10,-63.24,1,1,0,1,1,1,1,1
2026-03-28 12:19:13.096,369.694,-1,8,11,-63.41,1,1,0,1,1,1,1,1
2026-03-28 12:19:13.192,369.790,-1,7,11,-63.38,1,1,0,1,1,1,1,1
2026-03-28 12:19:13.320,369.918,-1,8,11,-63.09,1,1,0,1,1,1,1,1
2026-03-28 12:19:13.432,370.030,-1,8,11,-62.09,1,1,0,1,1,1,1,1
2026-03-28 12:19:13.479,370.077,-1,8,11,-63.91,1,1,0,1,1,1,1,1
2026-03-28 12:19:13.544,370.142,-1,8,11,-62.15,1,1,0,1,1,1,1,1
2026-03-28 12:19:13.623,370.222,-1,8,11,-63.61,1,1,0,1,1,1,1,1
2026-03-28 12:19:13.736,370.334,-1,8,11,-63.05,1,1,0,1,1,1,1,1
2026-03-28 12:19:13.847,370.446,-1,8,11,-61.21,1,1,0,1,1,1,1,1
2026-03-28 12:19:13.880,370.478,-1,8,11,-60.25,1,1,0,1,1,1,1,1
2026-03-28 12:19:13.911,370.510,-1,8,11,-65.69,1,1,0,1,1,1,1,1
2026-03-28 12:19:14.007,370.606,-1,8,11,-61.27,1,1,0,1,1,1,1,1
2026-03-28 12:19:14.103,370.702,-1,8,11,-64.71,1,1,0,1,1,1,1,1
2026-03-28 12:19:14.136,370.734,-1,8,11,-62.03,1,1,0,1,1,1,1,1
2026-03-28 12:19:14.248,370.846,-1,8,11,-61.8,1,1,0,1,1,1,1,1
2026-03-28 12:19:14.376,370.974,-1,8,11,-63.0,1,1,0,1,1,1,1,1
2026-03-28 12:19:14.407,371.006,-1,8,11,-61.45,1,1,0,1,1,1,1,1
2026-03-28 12:19:14.536,371.134,-1,8,11,-61.1,1,1,0,1,1,1,1,1
2026-03-28 12:19:14.583,371.181,-1,8,11,-62.17,1,1,0,1,1,1,1,1
2026-03-28 12:19:14.648,371.246,-1,8,11,-64.83,1,1,0,1,1,1,1,1
2026-03-28 12:19:14.760,371.358,-1,8,11,-60.17,1,1,0,1,1,1,1,1
2026-03-28 12:19:14.856,371.455,-1,8,11,-61.06,1,1,0,1,1,1,1,1
2026-03-28 12:19:14.904,371.502,-1,8,11,-60.63,1,1,0,1,1,1,1,1
2026-03-28 12:19:14.983,371.581,-1,8,11,-63.12,1,1,0,1,1,1,1,1
2026-03-28 12:19:15.080,371.678,-1,8,11,-61.16,1,1,0,1,1,1,1,1
2026-03-28 12:19:15.128,371.726,-1,8,11,-63.6,1,1,0,1,1,1,1,1
2026-03-28 12:19:15.223,371.822,-1,8,11,-61.65,1,1,0,1,1,1,1,1
2026-03-28 12:19:15.320,371.918,-1,8,11,-59.29,1,1,0,1,1,1,1,1
2026-03-28 12:19:15.415,372.013,-1,8,11,-61.62,1,1,0,1,1,1,1,1
2026-03-28 12:19:15.528,372.126,-1,8,11,-61.56,1,1,0,1,1,1,1,1
2026-03-28 12:19:15.576,372.174,-1,8,11,-61.59,1,1,0,1,1,1,1,1
2026-03-28 12:19:15.656,372.254,-1,8,11,-61.66,1,1,0,1,1,1,1,1
2026-03-28 12:19:15.736,372.334,-1,8,11,-62.88,1,1,0,1,1,1,1,1
2026-03-28 12:19:15.832,372.430,-1,8,8,-60.25,1,1,0,1,1,1,1,1
2026-03-28 12:19:15.928,372.526,-1,8,11,-60.86,1,1,0,1,1,1,1,1
2026-03-28 12:19:15.975,372.574,-1,8,11,-58.68,1,1,0,1,1,1,1,1
2026-03-28 12:19:16.071,372.670,-1,8,10,-61.05,1,1,0,1,1,1,1,1
2026-03-28 12:19:16.167,372.766,-1,8,11,-63.7,1,1,0,1,1,1,1,1
2026-03-28 12:19:16.231,372.829,-1,8,11,-64.03,1,1,0,1,1,1,1,1
2026-03-28 12:19:16.296,372.894,-1,8,11,-61.88,1,1,0,1,1,1,1,1
2026-03-28 12:19:16.407,373.005,-1,8,11,-62.35,1,1,0,1,1,1,1,1
2026-03-28 12:19:16.440,373.038,-1,8,11,-60.77,1,1,0,1,1,1,1,1
2026-03-28 12:19:16.583,373.181,-1,8,11,-57.97,1,1,0,1,1,1,1,1
2026-03-28 12:19:16.632,373.230,-1,8,11,-62.42,1,1,0,1,1,1,1,1
2026-03-28 12:19:16.728,373.326,-1,8,11,-58.29,1,1,0,1,1,1,1,1
2026-03-28 12:19:16.823,373.422,-1,8,11,-61.35,1,1,0,1,1,1,1,1
2026-03-28 12:19:16.903,373.502,-1,7,11,-62.12,1,1,0,1,1,1,1,1
2026-03-28 12:19:16.967,373.566,-1,8,11,-58.46,1,1,0,1,1,1,1,1
2026-03-28 12:19:17.063,373.661,-1,8,11,-58.98,1,1,0,1,1,1,1,1
2026-03-28 12:19:17.176,373.774,-1,8,11,-61.62,1,1,0,1,1,1,1,1
2026-03-28 12:19:17.271,373.869,-1,8,11,-61.15,1,1,0,1,1,1,1,1
2026-03-28 12:19:17.336,373.934,-1,8,11,-60.64,1,1,0,1,1,1,1,1
2026-03-28 12:19:17.448,374.046,-1,8,11,-60.77,1,1,0,1,1,1,1,1
2026-03-28 12:19:17.511,374.110,-1,8,11,-58.0,1,1,0,1,1,1,1,1
2026-03-28 12:19:17.607,374.205,-1,8,11,-63.13,1,1,0,1,1,1,1,1
2026-03-28 12:19:17.640,374.238,-1,8,11,-61.04,1,1,0,1,1,1,1,1
2026-03-28 12:19:17.720,374.318,-1,8,11,-60.64,1,1,0,1,1,1,1,1
2026-03-28 12:19:17.864,374.462,-1,8,11,-65.08,1,1,0,1,1,1,1,1
2026-03-28 12:19:17.880,374.478,-1,8,11,-57.92,1,1,0,1,1,1,1,1
2026-03-28 12:19:18.023,374.621,-1,8,11,-62.33,1,1,0,1,1,1,1,1
2026-03-28 12:19:18.072,374.670,-1,8,11,-61.16,1,1,0,1,1,1,1,1
2026-03-28 12:19:18.136,374.734,-1,8,11,-57.1,1,1,0,1,1,1,1,1
2026-03-28 12:19:18.199,374.798,-1,8,11,-64.76,1,1,0,1,1,1,1,1
2026-03-28 12:19:18.296,374.894,-1,8,11,-62.2,1,1,0,1,1,1,1,1
2026-03-28 12:19:18.406,375.005,-1,8,11,-62.08,1,1,0,1,1,1,1,1
2026-03-28 12:19:18.471,375.069,-1,8,11,-57.49,1,1,0,1,1,1,1,1
2026-03-28 12:19:18.551,375.149,-1,8,11,-62.63,1,1,0,1,1,1,1,1
2026-03-28 12:19:18.647,375.246,-1,8,11,-59.94,1,1,0,1,1,1,1,1
2026-03-28 12:19:18.727,375.325,-1,8,11,-59.57,1,1,0,1,1,1,1,1
2026-03-28 12:19:18.823,375.422,-1,8,11,-60.46,1,1,0,1,1,1,1,1
2026-03-28 12:19:18.871,375.469,-1,8,11,-60.04,1,1,0,1,1,1,1,1
2026-03-28 12:19:18.967,375.565,-1,8,11,-60.04,1,1,0,1,1,1,1,1
2026-03-28 12:19:19.047,375.646,-1,8,11,-58.77,1,1,0,1,1,1,1,1
2026-03-28 12:19:19.112,375.710,-1,8,11,-60.15,1,1,0,1,1,1,1,1
2026-03-28 12:19:19.256,375.854,-1,8,11,-63.08,1,1,0,1,1,1,1,1
2026-03-28 12:19:19.271,375.869,-1,8,11,-57.68,1,1,0,1,1,1,1,1
2026-03-28 12:19:19.367,375.966,-1,8,11,-60.6,1,1,0,1,1,1,1,1
2026-03-28 12:19:19.511,376.110,-1,8,11,-57.9,1,1,0,1,1,1,1,1
2026-03-28 12:19:19.559,376.157,-1,8,11,-59.03,1,1,0,1,1,1,1,1
2026-03-28 12:19:19.639,376.237,-1,8,11,-60.75,1,1,0,1,1,1,1,1
2026-03-28 12:19:19.719,376.317,-1,8,11,-62.22,1,1,0,1,1,1,1,1
2026-03-28 12:19:19.783,376.382,-1,8,11,-60.86,1,1,0,1,1,1,1,1
2026-03-28 12:19:19.863,376.462,-1,8,11,-62.04,1,1,0,1,1,1,1,1
2026-03-28 12:19:19.959,376.557,-1,8,11,-61.2,1,1,0,1,1,1,1,1
2026-03-28 12:19:20.039,376.638,-1,8,11,-59.2,1,1,0,1,1,1,1,1
2026-03-28 12:19:20.183,376.782,-1,8,11,-60.06,1,1,0,1,1,1,1,1
2026-03-28 12:19:20.280,376.878,-1,8,11,-58.07,1,1,0,1,1,1,1,1
2026-03-28 12:19:20.359,376.957,-1,8,11,-60.33,1,1,0,1,1,1,1,1
2026-03-28 12:19:20.407,377.005,-1,8,11,-60.31,1,1,0,1,1,1,1,1
2026-03-28 12:19:20.518,377.117,-1,8,11,-62.69,1,1,0,1,1,1,1,1
2026-03-28 12:19:20.600,377.198,-1,8,11,-61.06,1,1,0,1,1,1,1,1
2026-03-28 12:19:20.695,377.294,-1,8,11,-58.22,1,1,0,1,1,1,1,1
2026-03-28 12:19:20.806,377.405,-1,8,11,-60.88,1,1,0,1,1,1,1,1
2026-03-28 12:19:20.903,377.501,-1,8,11,-62.39,1,1,0,1,1,1,1,1
2026-03-28 12:19:20.951,377.549,-1,8,11,-59.87,1,1,0,1,1,1,1,1
2026-03-28 12:19:21.031,377.629,-1,8,11,-62.54,1,1,0,1,1,1,1,1
2026-03-28 12:19:21.111,377.709,-1,7,11,-60.96,1,1,0,1,1,1,1,1
2026-03-28 12:19:21.254,377.853,-1,8,11,-60.35,1,1,0,1,1,1,1,1
2026-03-28 12:19:21.287,377.885,-1,8,11,-58.41,1,1,0,1,1,1,1,1
2026-03-28 12:19:21.367,377.966,-1,8,11,-58.12,1,1,0,1,1,1,1,1
2026-03-28 12:19:21.495,378.094,-1,7,11,-61.05,1,1,0,1,1,1,1,1
2026-03-28 12:19:21.511,378.110,-1,8,11,-59.62,1,1,0,1,1,1,1,1
2026-03-28 12:19:21.591,378.189,-1,8,11,-60.35,1,1,0,1,1,1,1,1
2026-03-28 12:19:21.687,378.285,-1,8,11,-58.44,1,1,0,1,1,1,1,1
2026-03-28 12:19:21.815,378.414,-1,8,11,-59.6,1,1,0,1,1,1,1,1
2026-03-28 12:19:21.879,378.477,-1,8,11,-60.22,1,1,0,1,1,1,1,1
2026-03-28 12:19:21.959,378.558,-1,8,11,-59.85,1,1,0,1,1,1,1,1
2026-03-28 12:19:22.039,378.638,-1,8,11,-59.69,1,1,0,1,1,1,1,1
2026-03-28 12:19:22.119,378.717,-1,8,11,-61.17,1,1,0,1,1,1,1,1
2026-03-28 12:19:22.183,378.781,-1,8,11,-59.63,1,1,0,1,1,1,1,1
2026-03-28 12:19:22.279,378.877,-1,8,11,-61.22,1,1,0,1,1,1,1,1
2026-03-28 12:19:22.342,378.940,-1,8,11,-59.76,1,1,0,1,1,1,1,1
2026-03-28 12:19:22.406,379.005,-1,8,11,-61.93,1,1,0,1,1,1,1,1
2026-03-28 12:19:22.503,379.101,-1,8,11,-61.37,1,1,0,1,1,1,1,1
2026-03-28 12:19:22.615,379.214,-1,8,11,-59.26,1,1,0,1,1,1,1,1
2026-03-28 12:19:22.695,379.294,-1,8,11,-60.06,1,1,0,1,1,1,1,1
2026-03-28 12:19:22.791,379.390,-1,8,11,-58.25,1,1,0,1,1,1,1,1
2026-03-28 12:19:22.824,379.422,-1,8,11,-61.84,1,1,0,1,1,1,1,1
2026-03-28 12:19:22.903,379.501,-1,8,11,-58.32,1,1,0,1,1,1,1,1
2026-03-28 12:19:23.015,379.613,-1,8,11,-58.92,1,1,0,1,1,1,1,1
2026-03-28 12:19:23.047,379.645,-1,8,11,-61.11,1,1,0,1,1,1,1,1
2026-03-28 12:19:23.191,379.789,-1,8,11,-58.25,1,1,0,1,1,1,1,1
2026-03-28 12:19:23.240,379.838,-1,8,11,-59.21,1,1,0,1,1,1,1,1
2026-03-28 12:19:23.383,379.982,-1,8,11,-60.71,1,1,0,1,1,1,1,1
2026-03-28 12:19:23.464,380.062,-1,8,11,-60.26,1,1,0,1,1,1,1,1
2026-03-28 12:19:23.575,380.173,-1,8,11,-61.04,1,1,0,1,1,1,1,1
2026-03-28 12:19:23.607,380.205,-1,8,11,-59.86,1,1,0,1,1,1,1,1
2026-03-28 12:19:23.687,380.285,-1,8,11,-61.21,1,1,0,1,1,1,1,1
2026-03-28 12:19:23.751,380.350,-1,8,11,-62.42,1,1,0,1,1,1,1,1
2026-03-28 12:19:23.799,380.398,-1,8,11,-64.04,1,1,0,1,1,1,1,1
2026-03-28 12:19:23.942,380.540,-1,8,11,-59.63,1,1,0,1,1,1,1,1
2026-03-28 12:19:24.007,380.605,-1,8,11,-59.47,1,1,0,1,1,1,1,1
2026-03-28 12:19:24.102,380.701,-1,8,11,-58.72,1,1,0,1,1,1,1,1
2026-03-28 12:19:24.167,380.766,-1,8,11,-64.38,1,1,0,1,1,1,1,1
2026-03-28 12:19:24.247,380.845,-1,8,11,-61.56,1,1,0,1,1,1,1,1
2026-03-28 12:19:24.407,381.005,-1,8,11,-61.18,1,1,0,1,1,1,1,1
2026-03-28 12:19:24.423,381.021,-1,8,11,-59.4,1,1,0,1,1,1,1,1
2026-03-28 12:19:24.503,381.102,-1,8,11,-63.16,1,1,0,1,1,1,1,1
2026-03-28 12:19:24.599,381.198,-1,8,10,-60.72,1,1,0,1,1,1,1,1
2026-03-28 12:19:24.679,381.278,-1,8,11,-58.4,1,1,0,1,1,1,1,1
2026-03-28 12:19:24.774,381.373,-1,8,11,-58.96,1,1,0,1,1,1,1,1
2026-03-28 12:19:24.840,381.438,-1,8,11,-60.71,1,1,0,1,1,1,1,1
2026-03-28 12:19:24.887,381.486,-1,8,11,-59.08,1,1,0,1,1,1,1,1
2026-03-28 12:19:24.983,381.581,-1,8,11,-59.05,1,1,0,1,1,1,1,1
2026-03-28 12:19:25.078,381.677,-1,8,11,-58.18,1,1,0,1,1,1,1,1
2026-03-28 12:19:25.191,381.789,-1,8,11,-61.18,1,1,0,1,1,1,1,1
2026-03-28 12:19:25.255,381.853,-1,8,11,-60.31,1,1,0,1,1,1,1,1
2026-03-28 12:19:25.335,381.934,-1,8,11,-59.99,1,1,0,1,1,1,1,1
2026-03-28 12:19:25.415,382.013,-1,8,11,-60.76,1,1,0,1,1,1,1,1
2026-03-28 12:19:25.511,382.109,-1,8,11,-61.3,1,1,0,1,1,1,1,1
2026-03-28 12:19:25.559,382.157,-1,8,11,-61.31,1,1,0,1,1,1,1,1
2026-03-28 12:19:25.655,382.254,-1,8,11,-57.14,1,1,0,1,1,1,1,1
2026-03-28 12:19:25.782,382.380,-1,8,11,-60.11,1,1,0,1,1,1,1,1
2026-03-28 12:19:25.848,382.446,-1,8,11,-61.0,1,1,0,1,1,1,1,1
2026-03-28 12:19:25.911,382.509,-1,8,11,-61.62,1,1,0,1,1,1,1,1
2026-03-28 12:19:26.007,382.605,-1,8,11,-60.8,1,1,0,1,1,1,1,1
2026-03-28 12:19:26.103,382.701,-1,8,11,-58.77,1,1,0,1,1,1,1,1
2026-03-28 12:19:26.199,382.798,-1,8,11,-59.85,1,1,0,1,1,1,1,1
2026-03-28 12:19:26.263,382.861,-1,8,11,-60.23,1,1,0,1,1,1,1,1
2026-03-28 12:19:26.391,382.989,-1,8,11,-60.39,1,1,0,1,1,1,1,1
2026-03-28 12:19:26.407,383.005,-1,8,10,-59.9,1,1,0,1,1,1,1,1
2026-03-28 12:19:26.455,383.054,-1,8,11,-63.63,1,1,0,1,1,1,1,1
2026-03-28 12:19:26.551,383.149,-1,8,11,-58.4,1,1,0,1,1,1,1,1
2026-03-28 12:19:26.679,383.278,-1,8,11,-57.71,1,1,0,1,1,1,1,1
2026-03-28 12:19:26.742,383.340,-1,8,8,-59.67,1,1,0,1,1,1,1,1
2026-03-28 12:19:26.823,383.421,-1,8,11,-61.82,1,1,0,1,1,1,1,1
2026-03-28 12:19:26.887,383.485,-1,8,11,-59.61,1,1,0,1,1,1,1,1
2026-03-28 12:19:27.031,383.629,-1,8,11,-58.22,1,1,0,1,1,1,1,1
2026-03-28 12:19:27.079,383.678,-1,8,11,-60.41,1,1,0,1,1,1,1,1
2026-03-28 12:19:27.175,383.773,-1,8,10,-61.53,1,1,0,1,1,1,1,1
2026-03-28 12:19:27.206,383.805,-1,8,11,-59.54,1,1,0,1,1,1,1,1
2026-03-28 12:19:27.335,383.934,-1,8,11,-59.45,1,1,0,1,1,1,1,1
2026-03-28 12:19:27.479,384.078,-1,7,11,-59.31,1,1,0,1,1,1,1,1
2026-03-28 12:19:27.511,384.109,-1,8,11,-59.86,1,1,0,1,1,1,1,1
2026-03-28 12:19:27.559,384.157,-1,8,11,-60.76,1,1,0,1,1,1,1,1
2026-03-28 12:19:27.671,384.269,-1,8,11,-61.11,1,1,0,1,1,1,1,1
2026-03-28 12:19:27.798,384.397,-1,8,11,-59.3,1,1,0,1,1,1,1,1
2026-03-28 12:19:27.830,384.429,-1,8,11,-58.08,1,1,0,1,1,1,1,1
2026-03-28 12:19:27.895,384.493,-1,8,11,-61.31,1,1,0,1,1,1,1,1
2026-03-28 12:19:27.990,384.589,-1,8,11,-63.59,1,1,0,1,1,1,1,1
2026-03-28 12:19:28.070,384.669,-1,8,11,-59.49,1,1,0,1,1,1,1,1
2026-03-28 12:19:28.151,384.749,-1,8,11,-60.67,1,1,0,1,1,1,1,1
2026-03-28 12:19:28.199,384.797,-1,8,11,-60.33,1,1,0,1,1,1,1,1
2026-03-28 12:19:28.294,384.893,-1,8,11,-60.3,1,1,0,1,1,1,1,1
2026-03-28 12:19:28.390,384.989,-1,8,11,-59.68,1,1,0,1,1,1,1,1
2026-03-28 12:19:28.470,385.069,-1,8,11,-62.18,1,1,0,1,1,1,1,1
2026-03-28 12:19:28.534,385.133,-1,8,11,-61.33,1,1,0,1,1,1,1,1
2026-03-28 12:19:28.631,385.229,-1,8,11,-60.17,1,1,0,1,1,1,1,1
2026-03-28 12:19:28.726,385.325,-1,8,11,-60.21,1,1,0,1,1,1,1,1
2026-03-28 12:19:28.807,385.406,-1,8,11,-59.47,1,1,0,1,1,1,1,1
2026-03-28 12:19:28.919,385.517,-1,8,11,-61.58,1,1,0,1,1,1,1,1
2026-03-28 12:19:28.999,385.597,-1,8,11,-59.49,1,1,0,1,1,1,1,1
2026-03-28 12:19:29.079,385.677,-1,8,11,-61.65,1,1,0,1,1,1,1,1
2026-03-28 12:19:29.191,385.789,-1,8,11,-62.53,1,1,0,1,1,1,1,1
2026-03-28 12:19:29.223,385.821,-1,8,11,-59.06,1,1,0,1,1,1,1,1
2026-03-28 12:19:29.351,385.949,-1,8,11,-60.01,1,1,0,1,1,1,1,1
2026-03-28 12:19:29.399,385.997,-1,8,11,-60.44,1,1,0,1,1,1,1,1
2026-03-28 12:19:29.463,386.061,-1,8,11,-59.9,1,1,0,1,1,1,1,1
2026-03-28 12:19:29.558,386.157,-1,8,11,-63.41,1,1,0,1,1,1,1,1
2026-03-28 12:19:29.623,386.221,-1,8,11,-60.83,1,1,0,1,1,1,1,1
2026-03-28 12:19:29.702,386.301,-1,8,11,-62.89,1,1,0,1,1,1,1,1
2026-03-28 12:19:29.782,386.381,-1,8,11,-61.38,1,1,0,1,1,1,1,1
2026-03-28 12:19:29.895,386.493,-1,8,10,-60.0,1,1,0,1,1,1,1,1
2026-03-28 12:19:29.991,386.589,-1,8,11,-58.14,1,1,0,1,1,1,1,1
2026-03-28 12:19:30.055,386.653,-1,8,11,-61.46,1,1,0,1,1,1,1,1
2026-03-28 12:19:30.182,386.781,-1,8,11,-61.09,1,1,0,1,1,1,1,1
2026-03-28 12:19:30.231,386.829,-1,8,11,-61.83,1,1,0,1,1,1,1,1
2026-03-28 12:19:30.311,386.909,-1,8,11,-62.2,1,1,0,1,1,1,1,1
2026-03-28 12:19:30.391,386.989,-1,8,11,-57.04,1,1,0,1,1,1,1,1
2026-03-28 12:19:30.470,387.069,-1,8,11,-60.81,1,1,0,1,1,1,1,1
2026-03-28 12:19:30.519,387.117,-1,8,11,-62.04,1,1,0,1,1,1,1,1
2026-03-28 12:19:30.647,387.245,-1,8,11,-61.83,1,1,0,1,1,1,1,1
2026-03-28 12:19:30.662,387.261,-1,8,11,-62.57,1,1,0,1,1,1,1,1
2026-03-28 12:19:30.807,387.405,-1,8,11,-60.96,1,1,0,1,1,1,1,1
2026-03-28 12:19:30.854,387.453,-1,8,11,-62.01,1,1,0,1,1,1,1,1
2026-03-28 12:19:30.950,387.549,-1,8,11,-60.33,1,1,0,1,1,1,1,1
2026-03-28 12:19:31.014,387.612,-1,8,11,-58.98,1,1,0,1,1,1,1,1
2026-03-28 12:19:31.110,387.709,-1,8,11,-58.85,1,1,0,1,1,1,1,1
2026-03-28 12:19:31.206,387.805,-1,8,11,-58.26,1,1,0,1,1,1,1,1
2026-03-28 12:19:31.302,387.901,-1,8,11,-58.34,1,1,0,1,1,1,1,1
2026-03-28 12:19:31.350,387.949,-1,8,11,-59.19,1,1,0,1,1,1,1,1
2026-03-28 12:19:31.431,388.029,-1,7,11,-60.02,1,1,0,1,1,1,1,1
2026-03-28 12:19:31.527,388.125,-1,7,11,-60.78,1,1,0,1,1,1,1,1
2026-03-28 12:19:31.623,388.221,-1,8,11,-63.98,1,1,0,1,1,1,1,1
2026-03-28 12:19:31.686,388.285,-1,8,11,-57.71,1,1,0,1,1,1,1,1
2026-03-28 12:19:31.766,388.365,-1,8,11,-62.25,1,1,0,1,1,1,1,1
2026-03-28 12:19:31.895,388.493,-1,8,11,-59.65,1,1,0,1,1,1,1,1
2026-03-28 12:19:31.942,388.541,-1,8,11,-62.4,1,1,0,1,1,1,1,1
2026-03-28 12:19:32.023,388.621,-1,8,11,-62.9,1,1,0,1,1,1,1,1
2026-03-28 12:19:32.119,388.718,-1,8,11,-62.1,1,1,0,1,1,1,1,1
2026-03-28 12:19:32.182,388.780,-1,8,11,-61.22,1,1,0,1,1,1,1,1
2026-03-28 12:19:32.262,388.861,-1,8,11,-60.0,1,1,0,1,1,1,1,1
2026-03-28 12:19:32.326,388.925,-1,8,11,-60.37,1,1,0,1,1,1,1,1
2026-03-28 12:19:32.390,388.989,-1,8,11,-64.58,1,1,0,1,1,1,1,1
2026-03-28 12:19:32.503,389.101,-1,8,11,-57.0,1,1,0,1,1,1,1,1
2026-03-28 12:19:32.582,389.181,-1,8,11,-61.55,1,1,0,1,1,1,1,1
2026-03-28 12:19:32.711,389.309,-1,8,11,-60.02,1,1,0,1,1,1,1,1
2026-03-28 12:19:32.758,389.356,-1,8,11,-59.79,1,1,0,1,1,1,1,1
2026-03-28 12:19:32.839,389.437,-1,8,11,-60.21,1,1,0,1,1,1,1,1
2026-03-28 12:19:32.935,389.533,-1,8,11,-61.5,1,1,0,1,1,1,1,1
2026-03-28 12:19:33.015,389.613,-1,8,11,-57.21,1,1,0,1,1,1,1,1
2026-03-28 12:19:33.062,389.661,-1,8,11,-62.92,1,1,0,1,1,1,1,1
2026-03-28 12:19:33.158,389.757,-1,8,11,-57.83,1,1,0,1,1,1,1,1
2026-03-28 12:19:33.254,389.852,-1,8,11,-59.15,1,1,0,1,1,1,1,1
2026-03-28 12:19:33.351,389.949,-1,8,11,-58.78,1,1,0,1,1,1,1,1
2026-03-28 12:19:33.478,390.076,-1,8,11,-60.57,1,1,0,1,1,1,1,1
2026-03-28 12:19:33.558,390.156,-1,8,11,-59.05,1,1,0,1,1,1,1,1
2026-03-28 12:19:33.606,390.205,-1,8,11,-60.74,1,1,0,1,1,1,1,1
2026-03-28 12:19:33.670,390.268,-1,8,11,-61.19,1,1,0,1,1,1,1,1
2026-03-28 12:19:33.751,390.349,-1,8,11,-61.56,1,1,0,1,1,1,1,1
2026-03-28 12:19:33.815,390.413,-1,8,11,-63.11,1,1,0,1,1,1,1,1
2026-03-28 12:19:33.942,390.541,-1,8,11,-59.67,1,1,0,1,1,1,1,1
2026-03-28 12:19:34.055,390.653,-1,8,11,-58.49,1,1,0,1,1,1,1,1
2026-03-28 12:19:34.119,390.717,-1,8,11,-62.05,1,1,0,1,1,1,1,1
2026-03-28 12:19:34.215,390.813,-1,8,11,-61.82,1,1,0,1,1,1,1,1
2026-03-28 12:19:34.278,390.877,-1,8,11,-61.8,1,1,0,1,1,1,1,1
2026-03-28 12:19:34.310,390.909,-1,8,11,-58.18,1,1,0,1,1,1,1,1
2026-03-28 12:19:34.422,391.021,-1,8,11,-59.69,1,1,0,1,1,1,1,1
2026-03-28 12:19:34.534,391.133,-1,8,11,-60.94,1,1,0,1,1,1,1,1
2026-03-28 12:19:34.599,391.197,-1,8,11,-60.31,1,1,0,1,1,1,1,1
2026-03-28 12:19:34.678,391.276,-1,8,11,-61.25,1,1,0,1,1,1,1,1
2026-03-28 12:19:34.743,391.341,-1,7,11,-62.28,1,1,0,1,1,1,1,1
2026-03-28 12:19:34.823,391.421,-1,8,11,-60.36,1,1,0,1,1,1,1,1
2026-03-28 12:19:34.902,391.500,-1,8,10,-64.43,1,1,0,1,1,1,1,1
2026-03-28 12:19:35.015,391.613,-1,8,11,-57.38,1,1,0,1,1,1,1,1
2026-03-28 12:19:35.079,391.677,-1,8,11,-62.85,1,1,0,1,1,1,1,1
2026-03-28 12:19:35.126,391.724,-1,8,11,-59.67,1,1,0,1,1,1,1,1
2026-03-28 12:19:35.222,391.821,-1,8,11,-59.31,1,1,0,1,1,1,1,1
2026-03-28 12:19:35.318,391.917,-1,8,11,-61.06,1,1,0,1,1,1,1,1
2026-03-28 12:19:35.398,391.997,-1,8,11,-59.5,1,1,0,1,1,1,1,1
2026-03-28 12:19:35.479,392.077,-1,8,11,-62.06,1,1,0,1,1,1,1,1
2026-03-28 12:19:35.558,392.157,-1,8,11,-59.24,1,1,0,1,1,1,1,1
2026-03-28 12:19:35.655,392.253,-1,8,11,-59.21,1,1,0,1,1,1,1,1
2026-03-28 12:19:35.702,392.300,-1,8,11,-63.2,1,1,0,1,1,1,1,1
2026-03-28 12:19:35.814,392.412,-1,8,11,-58.4,1,1,0,1,1,1,1,1
2026-03-28 12:19:35.910,392.509,-1,8,11,-58.59,1,1,0,1,1,1,1,1
2026-03-28 12:19:36.053,392.652,-1,8,11,-61.79,1,1,0,1,1,1,1,1
2026-03-28 12:19:36.070,392.669,-1,8,11,-60.06,1,1,0,1,1,1,1,1
2026-03-28 12:19:36.182,392.781,-1,8,11,-60.56,1,1,0,1,1,1,1,1
2026-03-28 12:19:36.246,392.845,-1,8,11,-62.97,1,1,0,1,1,1,1,1
2026-03-28 12:19:36.342,392.941,-1,8,11,-59.48,1,1,0,1,1,1,1,1
2026-03-28 12:19:36.422,393.020,-1,8,11,-61.28,1,1,0,1,1,1,1,1
2026-03-28 12:19:36.518,393.116,-1,8,11,-59.16,1,1,0,1,1,1,1,1
2026-03-28 12:19:36.598,393.196,-1,8,11,-60.94,1,1,0,1,1,1,1,1
2026-03-28 12:19:36.694,393.292,-1,8,11,-59.46,1,1,0,1,1,1,1,1
2026-03-28 12:19:36.774,393.373,-1,8,11,-59.17,1,1,0,1,1,1,1,1
2026-03-28 12:19:36.854,393.452,-1,8,11,-60.71,1,1,0,1,1,1,1,1
2026-03-28 12:19:36.886,393.485,-1,8,11,-64.1,1,1,0,1,1,1,1,1
2026-03-28 12:19:36.999,393.597,-1,8,11,-64.98,1,1,0,1,1,1,1,1
2026-03-28 12:19:37.046,393.645,-1,8,11,-58.79,1,1,0,1,1,1,1,1
2026-03-28 12:19:37.157,393.756,-1,8,11,-59.54,1,1,0,1,1,1,1,1
2026-03-28 12:19:37.238,393.836,-1,8,11,-60.93,1,1,0,1,1,1,1,1
2026-03-28 12:19:37.286,393.885,-1,7,11,-61.23,1,1,0,1,1,1,1,1
2026-03-28 12:19:37.383,393.981,-1,8,11,-62.9,1,1,0,1,1,1,1,1
2026-03-28 12:19:37.461,394.060,-1,8,11,-60.68,1,1,0,1,1,1,1,1
2026-03-28 12:19:37.543,394.141,-1,8,11,-58.47,1,1,0,1,1,1,1,1
2026-03-28 12:19:37.654,394.252,-1,8,11,-62.1,1,1,0,1,1,1,1,1
2026-03-28 12:19:37.718,394.316,-1,8,11,-60.63,1,1,0,1,1,1,1,1
2026-03-28 12:19:37.798,394.396,-1,8,11,-60.43,1,1,0,1,1,1,1,1
2026-03-28 12:19:37.894,394.492,-1,8,11,-57.95,1,1,0,1,1,1,1,1
2026-03-28 12:19:37.990,394.588,-1,8,11,-62.37,1,1,0,1,1,1,1,1
2026-03-28 12:19:38.071,394.669,-1,8,11,-61.56,1,1,0,1,1,1,1,1
2026-03-28 12:19:38.166,394.765,-1,8,11,-61.78,1,1,0,1,1,1,1,1
2026-03-28 12:19:38.231,394.829,-1,8,11,-58.09,1,1,0,1,1,1,1,1
2026-03-28 12:19:38.309,394.908,-1,8,11,-60.99,1,1,0,1,1,1,1,1
2026-03-28 12:19:38.406,395.005,-1,8,11,-60.91,1,1,0,1,1,1,1,1
2026-03-28 12:19:38.454,395.053,-1,8,11,-61.35,1,1,0,1,1,1,1,1
2026-03-28 12:19:38.566,395.165,-1,8,11,-59.41,1,1,0,1,1,1,1,1
2026-03-28 12:19:38.614,395.212,-1,8,11,-60.18,1,1,0,1,1,1,1,1
2026-03-28 12:19:38.726,395.324,-1,8,11,-61.01,1,1,0,1,1,1,1,1
2026-03-28 12:19:38.790,395.388,-1,8,11,-60.34,1,1,0,1,1,1,1,1
2026-03-28 12:19:38.870,395.469,-1,8,11,-60.36,1,1,0,1,1,1,1,1
2026-03-28 12:19:38.966,395.565,-1,8,11,-59.65,1,1,0,1,1,1,1,1
2026-03-28 12:19:39.078,395.676,-1,8,11,-62.83,1,1,0,1,1,1,1,1
2026-03-28 12:19:39.158,395.757,-1,8,11,-60.89,1,1,0,1,1,1,1,1
2026-03-28 12:19:39.254,395.853,-1,8,11,-61.7,1,1,0,1,1,1,1,1
2026-03-28 12:19:39.335,395.933,-1,8,11,-59.69,1,1,0,1,1,1,1,1
2026-03-28 12:19:39.430,396.028,-1,8,11,-60.75,1,1,0,1,1,1,1,1
2026-03-28 12:19:39.494,396.093,-1,8,11,-64.24,1,1,0,1,1,1,1,1
2026-03-28 12:19:39.606,396.205,-1,8,11,-60.32,1,1,0,1,1,1,1,1
2026-03-28 12:19:39.654,396.253,-1,8,11,-58.16,1,1,0,1,1,1,1,1
2026-03-28 12:19:39.750,396.349,-1,8,11,-62.2,1,1,0,1,1,1,1,1
2026-03-28 12:19:39.814,396.413,-1,8,11,-62.4,1,1,0,1,1,1,1,1
2026-03-28 12:19:39.862,396.461,-1,8,11,-63.18,1,1,0,1,1,1,1,1
2026-03-28 12:19:39.942,396.541,-1,8,11,-59.76,1,1,0,1,1,1,1,1
2026-03-28 12:19:40.054,396.653,-1,8,11,-61.47,1,1,0,1,1,1,1,1
2026-03-28 12:19:40.134,396.733,-1,8,10,-62.14,1,1,0,1,1,1,1,1
2026-03-28 12:19:40.182,396.780,-1,8,11,-60.42,1,1,0,1,1,1,1,1
2026-03-28 12:19:40.278,396.877,-1,8,11,-61.13,1,1,0,1,1,1,1,1
2026-03-28 12:19:40.390,396.989,-1,8,10,-61.05,1,1,0,1,1,1,1,1
2026-03-28 12:19:40.454,397.053,-1,8,11,-63.04,1,1,0,1,1,1,1,1
2026-03-28 12:19:40.534,397.133,-1,8,11,-61.54,1,1,0,1,1,1,1,1
2026-03-28 12:19:40.613,397.212,-1,8,11,-60.37,1,1,0,1,1,1,1,1
2026-03-28 12:19:40.726,397.324,-1,8,11,-61.2,1,1,0,1,1,1,1,1
2026-03-28 12:19:40.774,397.373,-1,8,11,-62.48,1,1,0,1,1,1,1,1
2026-03-28 12:19:40.854,397.452,-1,8,11,-60.35,1,1,0,1,1,1,1,1
2026-03-28 12:19:40.950,397.549,-1,8,11,-60.89,1,1,0,1,1,1,1,1
2026-03-28 12:19:41.061,397.660,-1,8,11,-60.24,1,1,0,1,1,1,1,1
2026-03-28 12:19:41.110,397.708,-1,8,11,-59.7,1,1,0,1,1,1,1,1
2026-03-28 12:19:41.237,397.836,-1,8,11,-62.64,1,1,0,1,1,1,1,1
2026-03-28 12:19:41.270,397.869,-1,8,11,-57.62,1,1,0,1,1,1,1,1
2026-03-28 12:19:41.398,397.996,-1,8,11,-60.43,1,1,0,1,1,1,1,1
2026-03-28 12:19:41.446,398.045,-1,8,11,-59.54,1,1,0,1,1,1,1,1
2026-03-28 12:19:41.526,398.125,-1,8,11,-59.08,1,1,0,1,1,1,1,1
2026-03-28 12:19:41.558,398.157,-1,8,11,-62.92,1,1,0,1,1,1,1,1
2026-03-28 12:19:41.685,398.284,-1,8,11,-60.6,1,1,0,1,1,1,1,1
2026-03-28 12:19:41.750,398.349,-1,8,11,-62.37,1,1,0,1,1,1,1,1
2026-03-28 12:19:41.846,398.445,-1,8,11,-61.98,1,1,0,1,1,1,1,1
2026-03-28 12:19:41.941,398.540,-1,8,11,-63.66,1,1,0,1,1,1,1,1
2026-03-28 12:19:42.086,398.685,-1,8,11,-61.4,1,1,0,1,1,1,1,1
2026-03-28 12:19:42.118,398.717,-1,8,11,-63.1,1,1,0,1,1,1,1,1
2026-03-28 12:19:42.246,398.845,-1,8,11,-61.09,1,1,0,1,1,1,1,1
2026-03-28 12:19:42.262,398.860,-1,8,11,-63.01,1,1,0,1,1,1,1,1
2026-03-28 12:19:42.390,398.988,-1,8,11,-64.83,1,1,0,1,1,1,1,1
2026-03-28 12:19:42.422,399.020,-1,8,11,-62.65,1,1,0,1,1,1,1,1
2026-03-28 12:19:42.534,399.132,-1,8,11,-61.04,1,1,0,1,1,1,1,1
2026-03-28 12:19:42.629,399.227,-1,7,11,-60.93,1,1,0,1,1,1,1,1
2026-03-28 12:19:42.646,399.244,-1,8,11,-64.75,1,1,0,1,1,1,1,1
2026-03-28 12:19:42.742,399.340,-1,8,11,-63.69,1,1,0,1,1,1,1,1
2026-03-28 12:19:42.838,399.437,-1,8,11,-62.08,1,1,0,1,1,1,1,1
2026-03-28 12:19:42.934,399.533,-1,8,11,-57.24,1,1,0,1,1,1,1,1
2026-03-28 12:19:42.982,399.580,-1,8,10,-61.84,1,1,0,1,1,1,1,1
2026-03-28 12:19:43.078,399.677,-1,8,11,-60.74,1,1,0,1,1,1,1,1
2026-03-28 12:19:43.191,399.789,-1,8,11,-65.5,1,1,0,1,1,1,1,1
2026-03-28 12:19:43.254,399.852,-1,8,11,-60.4,1,1,0,1,1,1,1,1
2026-03-28 12:19:43.334,399.932,-1,8,11,-70.42,1,1,0,1,1,1,1,1
2026-03-28 12:19:43.446,400.045,-1,8,11,-62.71,1,1,0,1,1,1,1,1
2026-03-28 12:19:43.494,400.092,-1,8,11,-67.26,1,1,0,1,1,1,1,1
2026-03-28 12:19:43.575,400.173,-1,8,11,-59.88,1,1,0,1,1,1,1,1
2026-03-28 12:19:43.670,400.268,-1,8,11,-64.58,1,1,0,1,1,1,1,1
2026-03-28 12:19:43.750,400.348,-1,8,10,-61.36,1,1,0,1,1,1,1,1
2026-03-28 12:19:43.830,400.429,-1,8,11,-62.47,1,1,0,1,1,1,1,1
2026-03-28 12:19:43.894,400.493,-1,8,11,-61.71,1,1,0,1,1,1,1,1
2026-03-28 12:19:43.974,400.572,-1,8,11,-63.83,1,1,0,1,1,1,1,1
2026-03-28 12:19:44.070,400.668,-1,8,11,-59.45,1,1,0,1,1,1,1,1
2026-03-28 12:19:44.181,400.779,-1,8,11,-58.85,1,1,0,1,1,1,1,1
2026-03-28 12:19:44.245,400.843,-1,8,11,-62.92,1,1,0,1,1,1,1,1
2026-03-28 12:19:44.326,400.924,-1,8,11,-65.57,1,1,0,1,1,1,1,1
2026-03-28 12:19:44.422,401.020,-1,8,11,-61.77,1,1,0,1,1,1,1,1
2026-03-28 12:19:44.486,401.085,-1,8,11,-61.91,1,1,0,1,1,1,1,1
2026-03-28 12:19:44.534,401.133,-1,8,11,-64.3,1,1,0,1,1,1,1,1
2026-03-28 12:19:44.630,401.228,-1,8,11,-61.39,1,1,0,1,1,1,1,1
2026-03-28 12:19:44.725,401.323,-1,8,11,-61.85,1,1,0,1,1,1,1,1
2026-03-28 12:19:44.806,401.405,-1,7,11,-61.63,1,1,0,1,1,1,1,1
2026-03-28 12:19:44.902,401.500,-1,7,11,-63.59,1,1,0,1,1,1,1,1
2026-03-28 12:19:44.966,401.564,-1,8,11,-61.78,1,1,0,1,1,1,1,1
2026-03-28 12:19:45.062,401.661,-1,8,11,-62.45,1,1,0,1,1,1,1,1
2026-03-28 12:19:45.142,401.741,-1,7,11,-61.76,1,1,0,1,1,1,1,1
2026-03-28 12:19:45.206,401.804,-1,8,11,-60.58,1,1,0,1,1,1,1,1
2026-03-28 12:19:45.286,401.884,-1,8,11,-62.56,1,1,0,1,1,1,1,1
2026-03-28 12:19:45.413,402.012,-1,8,11,-59.66,1,1,0,1,1,1,1,1
2026-03-28 12:19:45.478,402.077,-1,8,10,-61.31,1,1,0,1,1,1,1,1
2026-03-28 12:19:45.573,402.171,-1,7,11,-61.06,1,1,0,1,1,1,1,1
2026-03-28 12:19:45.669,402.268,-1,7,11,-61.49,1,1,0,1,1,1,1,1
2026-03-28 12:19:45.718,402.316,-2,7,10,-62.99,1,1,0,1,1,1,1,1
2026-03-28 12:19:45.814,402.412,-2,7,11,-61.51,1,1,0,1,1,1,1,1
2026-03-28 12:19:45.910,402.508,-1,7,10,-63.35,1,1,0,1,1,1,1,1
2026-03-28 12:19:45.990,402.588,-1,7,11,-62.29,1,1,0,1,1,1,1,1
2026-03-28 12:19:46.070,402.668,-1,7,10,-63.95,1,1,0,1,1,1,1,1
2026-03-28 12:19:46.166,402.764,-1,7,10,-62.72,1,1,0,1,1,1,1,1
2026-03-28 12:19:46.230,402.828,-2,7,10,-64.3,1,1,0,1,1,1,1,1
2026-03-28 12:19:46.325,402.923,-1,7,10,-62.57,1,1,0,1,1,1,1,1
2026-03-28 12:19:46.390,402.988,-1,7,11,-66.93,1,1,0,1,1,1,1,1
2026-03-28 12:19:46.501,403.100,-1,7,10,-63.1,1,1,0,1,1,1,1,1
2026-03-28 12:19:46.549,403.148,-2,7,10,-59.14,1,1,0,1,1,1,1,1
2026-03-28 12:19:46.630,403.229,-1,7,11,-65.05,1,1,0,1,1,1,1,1
2026-03-28 12:19:46.709,403.307,-2,7,10,-61.97,1,1,0,1,1,1,1,1
2026-03-28 12:19:46.805,403.404,-1,7,10,-63.02,1,1,0,1,1,1,1,1
2026-03-28 12:19:46.934,403.532,-1,7,11,-61.76,1,1,0,1,1,1,1,1
2026-03-28 12:19:47.014,403.612,-1,7,11,-63.33,1,1,0,1,1,1,1,1
2026-03-28 12:19:47.045,403.644,-1,8,11,-64.01,1,1,0,1,1,1,1,1
2026-03-28 12:19:47.141,403.740,-2,8,11,-62.42,1,1,0,1,1,1,1,1
2026-03-28 12:19:47.238,403.836,-2,7,10,-61.61,1,1,0,1,1,1,1,1
2026-03-28 12:19:47.350,403.948,-1,8,11,-64.76,1,1,0,1,1,1,1,1
2026-03-28 12:19:47.366,403.964,-1,7,10,-61.35,1,1,0,1,1,1,1,1
2026-03-28 12:19:47.478,404.076,-1,8,11,-61.23,1,1,0,1,1,1,1,1
2026-03-28 12:19:47.509,404.108,-1,7,10,-66.47,1,1,0,1,1,1,1,1
2026-03-28 12:19:47.605,404.204,-1,7,10,-65.18,1,1,0,1,1,1,1,1
2026-03-28 12:19:47.733,404.332,-2,7,10,-63.55,1,1,0,1,1,1,1,1
2026-03-28 12:19:47.797,404.396,-1,7,10,-62.14,1,1,0,1,1,1,1,1
2026-03-28 12:19:47.878,404.476,-1,7,11,-64.78,1,1,0,1,1,1,1,1
2026-03-28 12:19:47.974,404.573,-1,7,10,-64.75,1,1,0,1,1,1,1,1
2026-03-28 12:19:48.070,404.668,-1,8,11,-64.65,1,1,0,1,1,1,1,1
2026-03-28 12:19:48.118,404.716,-1,7,10,-63.51,1,1,0,1,1,1,1,1
2026-03-28 12:19:48.198,404.797,-1,7,11,-65.07,1,1,0,1,1,1,1,1
2026-03-28 12:19:48.293,404.892,-2,7,11,-65.41,1,1,0,1,1,1,1,1
2026-03-28 12:19:48.374,404.972,-1,7,10,-64.09,1,1,0,1,1,1,1,1
2026-03-28 12:19:48.453,405.052,-1,7,10,-63.47,1,1,0,1,1,1,1,1
2026-03-28 12:19:48.533,405.132,-1,7,11,-62.94,1,1,0,1,1,1,1,1
2026-03-28 12:19:48.614,405.212,-1,7,11,-65.2,1,1,0,1,1,1,1,1
2026-03-28 12:19:48.726,405.324,-1,7,10,-66.3,1,1,0,1,1,1,1,1
2026-03-28 12:19:48.790,405.389,-1,7,11,-62.42,1,1,0,1,1,1,1,1
2026-03-28 12:19:48.870,405.468,-1,8,11,-62.37,1,1,0,1,1,1,1,1
2026-03-28 12:19:48.950,405.549,-1,7,10,-66.11,1,1,0,1,1,1,1,1
2026-03-28 12:19:49.062,405.660,-2,7,10,-63.18,1,1,0,1,1,1,1,1
2026-03-28 12:19:49.174,405.772,-1,7,10,-61.8,1,1,0,1,1,1,1,1
2026-03-28 12:19:49.189,405.788,0,7,10,-62.13,1,1,0,1,1,1,1,1
2026-03-28 12:19:49.270,405.868,-1,7,10,-65.49,1,1,0,1,1,1,1,1
2026-03-28 12:19:49.350,405.948,-1,7,10,-64.5,1,1,0,1,1,1,1,1
2026-03-28 12:19:49.446,406.044,-1,7,10,-63.68,1,1,0,1,1,1,1,1
2026-03-28 12:19:49.525,406.124,0,7,10,-61.08,1,1,0,1,1,1,1,1
2026-03-28 12:19:49.606,406.204,-1,7,11,-64.21,1,1,0,1,1,1,1,1
2026-03-28 12:19:49.701,406.300,-1,7,10,-62.15,1,1,0,1,1,1,1,1
2026-03-28 12:19:49.782,406.380,-1,7,10,-61.19,1,1,0,1,1,1,1,1
2026-03-28 12:19:49.862,406.460,0,7,10,-65.04,1,1,0,1,1,1,1,1
2026-03-28 12:19:49.974,406.572,-1,7,10,-61.18,1,1,0,1,1,1,1,1
2026-03-28 12:19:50.005,406.604,-2,7,10,-64.65,1,1,0,1,1,1,1,1
2026-03-28 12:19:50.133,406.732,-2,7,10,-59.61,1,1,0,1,1,1,1,1
2026-03-28 12:19:50.197,406.796,-1,7,11,-59.78,1,1,0,1,1,1,1,1
2026-03-28 12:19:50.245,406.844,-1,7,11,-64.83,1,1,0,1,1,1,1,1
2026-03-28 12:19:50.342,406.941,-1,8,11,-62.4,1,1,0,1,1,1,1,1
2026-03-28 12:19:50.421,407.020,-1,7,10,-62.14,1,1,0,1,1,1,1,1
2026-03-28 12:19:50.502,407.100,-1,7,11,-61.32,1,1,0,1,1,1,1,1
2026-03-28 12:19:50.598,407.196,-1,8,10,-60.31,1,1,0,1,1,1,1,1
2026-03-28 12:19:50.677,407.276,-2,7,10,-61.65,1,1,0,1,1,1,1,1
2026-03-28 12:19:50.773,407.371,-1,7,11,-62.69,1,1,0,1,1,1,1,1
2026-03-28 12:19:50.853,407.452,-2,7,10,-62.55,1,1,0,1,1,1,1,1
2026-03-28 12:19:50.949,407.547,-2,7,10,-61.5,1,1,0,1,1,1,1,1
2026-03-28 12:19:50.998,407.596,-1,7,10,-64.29,1,1,0,1,1,1,1,1
2026-03-28 12:19:51.125,407.724,-1,7,10,-60.69,1,1,0,1,1,1,1,1
2026-03-28 12:19:51.189,407.788,-1,7,11,-62.52,1,1,0,1,1,1,1,1
2026-03-28 12:19:51.238,407.837,-2,8,11,-64.9,1,1,0,1,1,1,1,1
2026-03-28 12:19:51.349,407.947,-2,7,10,-61.8,1,1,0,1,1,1,1,1
2026-03-28 12:19:51.445,408.044,-1,8,11,-61.03,1,1,0,1,1,1,1,1
2026-03-28 12:19:51.526,408.124,-2,7,11,-61.03,1,1,0,1,1,1,1,1
2026-03-28 12:19:51.574,408.172,-1,8,11,-63.18,1,1,0,1,1,1,1,1
2026-03-28 12:19:51.670,408.268,-1,7,10,-62.26,1,1,0,1,1,1,1,1
2026-03-28 12:19:51.782,408.380,-1,7,11,-60.99,1,1,0,1,1,1,1,1
2026-03-28 12:19:51.878,408.476,-1,7,10,-63.87,1,1,0,1,1,1,1,1
2026-03-28 12:19:51.942,408.540,-1,7,11,-61.99,1,1,0,1,1,1,1,1
2026-03-28 12:19:52.021,408.620,-2,7,10,-65.08,1,1,0,1,1,1,1,1
2026-03-28 12:19:52.102,408.700,-1,7,10,-65.29,1,1,0,1,1,1,1,1
2026-03-28 12:19:52.181,408.779,-2,7,10,-65.55,1,1,0,1,1,1,1,1
2026-03-28 12:19:52.246,408.844,-1,7,10,-64.31,1,1,0,1,1,1,1,1
2026-03-28 12:19:52.390,408.988,-2,7,10,-59.87,1,1,0,1,1,1,1,1
2026-03-28 12:19:52.453,409.052,-2,8,11,-61.44,1,1,0,1,1,1,1,1
2026-03-28 12:19:52.533,409.132,-2,8,10,-65.59,1,1,0,1,1,1,1,1
2026-03-28 12:19:52.581,409.180,-1,7,10,-62.03,1,1,0,1,1,1,1,1
2026-03-28 12:19:52.725,409.324,-2,7,10,-60.53,1,1,0,1,1,1,1,1
2026-03-28 12:19:52.758,409.356,-2,7,10,-61.01,1,1,0,1,1,1,1,1
2026-03-28 12:19:52.870,409.468,-1,7,10,-63.47,1,1,0,1,1,1,1,1
2026-03-28 12:19:52.917,409.515,-1,8,11,-64.61,1,1,0,1,1,1,1,1
2026-03-28 12:19:53.014,409.612,-1,7,11,-61.55,1,1,0,1,1,1,1,1
2026-03-28 12:19:53.061,409.660,-1,7,11,-67.57,1,1,0,1,1,1,1,1
2026-03-28 12:19:53.174,409.772,-1,7,10,-64.55,1,1,0,1,1,1,1,1
2026-03-28 12:19:53.221,409.819,-1,7,10,-66.39,1,1,0,1,1,1,1,1
2026-03-28 12:19:53.318,409.916,-2,7,10,-63.13,1,1,0,1,1,1,1,1
2026-03-28 12:19:53.445,410.044,-2,7,10,-63.46,1,1,0,1,1,1,1,1
2026-03-28 12:19:53.509,410.108,-1,7,10,-64.4,1,1,0,1,1,1,1,1
2026-03-28 12:19:53.558,410.157,-1,7,10,-61.08,1,1,0,1,1,1,1,1
2026-03-28 12:19:53.669,410.267,-1,7,10,-60.68,1,1,0,1,1,1,1,1
2026-03-28 12:19:53.733,410.332,-1,7,11,-60.38,1,1,0,1,1,1,1,1
2026-03-28 12:19:53.845,410.444,-1,7,11,-65.74,1,1,0,1,1,1,1,1
2026-03-28 12:19:53.893,410.491,-1,7,11,-66.76,1,1,0,1,1,1,1,1
2026-03-28 12:19:53.990,410.588,-2,7,10,-60.9,1,1,0,1,1,1,1,1
2026-03-28 12:19:54.085,410.683,-2,7,10,-61.68,1,1,0,1,1,1,1,1
2026-03-28 12:19:54.197,410.795,-2,7,10,-63.8,1,1,0,1,1,1,1,1
2026-03-28 12:19:54.229,410.827,-1,8,11,-64.91,1,1,0,1,1,1,1,1
2026-03-28 12:19:54.309,410.908,-1,8,11,-63.2,1,1,0,1,1,1,1,1
2026-03-28 12:19:54.405,411.004,-2,7,10,-60.05,1,1,0,1,1,1,1,1
2026-03-28 12:19:54.486,411.084,-1,7,10,-62.99,1,1,0,1,1,1,1,1
2026-03-28 12:19:54.582,411.180,-1,7,10,-63.58,1,1,0,1,1,1,1,1
2026-03-28 12:19:54.645,411.244,-1,8,11,-63.62,1,1,0,1,1,1,1,1
2026-03-28 12:19:54.773,411.371,-2,7,11,-60.6,1,1,0,1,1,1,1,1
2026-03-28 12:19:54.853,411.452,-1,7,11,-60.94,1,1,0,1,1,1,1,1
2026-03-28 12:19:54.933,411.531,-1,7,10,-64.09,1,1,0,1,1,1,1,1
2026-03-28 12:19:55.061,411.660,-1,7,11,-64.97,1,1,0,1,1,1,1,1
2026-03-28 12:19:55.108,411.707,-1,7,10,-61.58,1,1,0,1,1,1,1,1
2026-03-28 12:19:55.173,411.771,-2,7,10,-60.46,1,1,0,1,1,1,1,1
2026-03-28 12:19:55.237,411.835,-2,7,10,-64.44,1,1,0,1,1,1,1,1
2026-03-28 12:19:55.349,411.947,-1,7,10,-64.33,1,1,0,1,1,1,1,1
2026-03-28 12:19:55.429,412.028,-2,7,11,-63.66,1,1,0,1,1,1,1,1
2026-03-28 12:19:55.492,412.091,-1,7,11,-64.33,1,1,0,1,1,1,1,1
2026-03-28 12:19:55.654,412.252,-1,7,11,-66.34,1,1,0,1,1,1,1,1
2026-03-28 12:19:55.669,412.267,-1,7,10,-60.77,1,1,0,1,1,1,1,1
2026-03-28 12:19:55.733,412.331,-1,7,11,-64.27,1,1,0,1,1,1,1,1
2026-03-28 12:19:55.813,412.411,-1,7,10,-65.1,1,1,0,1,1,1,1,1
2026-03-28 12:19:55.956,412.555,-1,7,11,-64.47,1,1,0,1,1,1,1,1
2026-03-28 12:19:55.973,412.571,-1,7,11,-67.37,1,1,0,1,1,1,1,1
2026-03-28 12:19:56.086,412.684,-2,7,10,-62.25,1,1,0,1,1,1,1,1
2026-03-28 12:19:56.182,412.780,-2,8,10,-60.84,1,1,0,1,1,1,1,1
2026-03-28 12:19:56.245,412.844,-1,8,10,-66.37,1,1,0,1,1,1,1,1
2026-03-28 12:19:56.309,412.908,-1,7,10,-65.28,1,1,0,1,1,1,1,1
2026-03-28 12:19:56.405,413.004,-1,7,10,-69.51,1,1,0,1,1,1,1,1
2026-03-28 12:19:56.485,413.084,-1,7,11,-66.0,1,1,0,1,1,1,1,1
2026-03-28 12:19:56.581,413.180,-1,7,11,-68.27,1,1,0,1,1,1,1,1
2026-03-28 12:19:56.677,413.275,-1,7,11,-67.98,1,1,0,1,1,1,1,1
2026-03-28 12:19:56.773,413.371,-1,7,11,-66.98,1,1,0,1,1,1,1,1
2026-03-28 12:19:56.789,413.388,-1,7,10,-65.96,1,1,0,1,1,1,1,1
2026-03-28 12:19:56.901,413.499,-1,7,10,-67.08,1,1,0,1,1,1,1,1
2026-03-28 12:19:56.982,413.580,-1,7,11,-68.45,1,1,0,1,1,1,1,1
2026-03-28 12:19:57.093,413.691,-1,7,11,-68.65,1,1,0,1,1,1,1,1
2026-03-28 12:19:57.141,413.739,-2,7,10,-64.37,1,1,0,1,1,1,1,1
2026-03-28 12:19:57.205,413.804,-2,7,11,-72.14,1,1,0,1,1,1,1,1
2026-03-28 12:19:57.269,413.868,-1,7,10,-69.66,1,1,0,1,1,1,1,1
2026-03-28 12:19:57.381,413.979,-1,7,10,-65.75,1,1,0,1,1,1,1,1
2026-03-28 12:19:57.477,414.076,-2,7,10,-67.02,1,1,0,1,1,1,1,1
2026-03-28 12:19:57.589,414.187,-1,7,11,-67.15,1,1,0,1,1,1,1,1
2026-03-28 12:19:57.637,414.236,-1,7,10,-70.13,1,1,0,1,1,1,1,1
2026-03-28 12:19:57.701,414.299,-2,7,10,-69.38,1,1,0,1,1,1,1,1
2026-03-28 12:19:57.813,414.412,-2,7,10,-61.44,1,1,0,1,1,1,1,1
2026-03-28 12:19:57.909,414.507,-1,7,10,-63.18,1,1,0,1,1,1,1,1
2026-03-28 12:19:57.941,414.539,-1,7,10,-71.93,1,1,0,1,1,1,1,1
2026-03-28 12:19:58.085,414.683,-2,7,10,-63.84,1,1,0,1,1,1,1,1
2026-03-28 12:19:58.149,414.747,-1,7,10,-65.59,1,1,0,1,1,1,1,1
2026-03-28 12:19:58.229,414.828,-1,7,10,-63.92,1,1,0,1,1,1,1,1
2026-03-28 12:19:58.310,414.908,-1,7,10,-68.61,1,1,0,1,1,1,1,1
2026-03-28 12:19:58.357,414.955,-1,7,11,-68.14,1,1,0,1,1,1,1,1
2026-03-28 12:19:58.437,415.035,-1,8,10,-67.9,1,1,0,1,1,1,1,1
2026-03-28 12:19:58.581,415.179,-1,8,10,-66.95,1,1,0,1,1,1,1,1
2026-03-28 12:19:58.645,415.244,-2,7,10,-68.41,1,1,0,1,1,1,1,1
2026-03-28 12:19:58.693,415.291,-1,7,11,-65.47,1,1,0,1,1,1,1,1
2026-03-28 12:19:58.773,415.371,-2,8,10,-69.5,1,1,0,1,1,1,1,1
2026-03-28 12:19:58.869,415.468,-2,7,10,-65.48,1,1,0,1,1,1,1,1
2026-03-28 12:19:58.933,415.532,-1,8,8,-64.99,1,1,0,1,1,1,1,1
2026-03-28 12:19:59.013,415.611,-1,7,10,-65.69,1,1,0,1,1,1,1,1
2026-03-28 12:19:59.126,415.724,-1,7,10,-64.95,1,1,0,1,1,1,1,1
2026-03-28 12:19:59.173,415.772,-1,7,11,-65.44,1,1,0,1,1,1,1,1
2026-03-28 12:19:59.301,415.899,-1,7,10,-65.29,1,1,0,1,1,1,1,1
2026-03-28 12:19:59.365,415.963,-2,7,10,-61.57,1,1,0,1,1,1,1,1
2026-03-28 12:19:59.493,416.091,-1,7,11,-67.78,1,1,0,1,1,1,1,1
2026-03-28 12:19:59.509,416.108,-1,7,8,-71.21,1,1,0,1,1,1,1,1
2026-03-28 12:19:59.589,416.188,-1,7,10,-65.78,1,1,0,1,1,1,1,1
2026-03-28 12:19:59.685,416.283,-1,7,11,-64.21,1,1,0,1,1,1,1,1
2026-03-28 12:19:59.781,416.379,-1,7,10,-65.5,1,1,0,1,1,1,1,1
2026-03-28 12:19:59.829,416.427,-1,7,11,-71.57,1,1,0,1,1,1,1,1
2026-03-28 12:19:59.925,416.523,-2,7,10,-69.85,1,1,0,1,1,1,1,1
2026-03-28 12:20:00.037,416.636,-1,7,10,-69.35,1,1,0,1,1,1,1,1
2026-03-28 12:20:00.085,416.684,-1,7,11,-63.98,1,1,0,1,1,1,1,1
2026-03-28 12:20:00.149,416.747,-1,7,8,-67.3,1,1,0,1,1,1,1,1
2026-03-28 12:20:00.245,416.843,-2,7,8,-66.11,1,1,0,1,1,1,1,1
2026-03-28 12:20:00.340,416.939,-2,7,10,-65.19,1,1,0,1,1,1,1,1
2026-03-28 12:20:00.405,417.003,-1,8,11,-65.13,1,1,0,1,1,1,1,1
2026-03-28 12:20:00.500,417.098,-1,7,11,-64.34,1,1,0,1,1,1,1,1
2026-03-28 12:20:00.613,417.211,-1,7,10,-63.85,1,1,0,1,1,1,1,1
2026-03-28 12:20:00.709,417.307,-1,7,10,-67.66,1,1,0,1,1,1,1,1
2026-03-28 12:20:00.756,417.354,-1,7,10,-64.75,1,1,0,1,1,1,1,1
2026-03-28 12:20:00.821,417.419,-2,7,10,-65.69,1,1,0,1,1,1,1,1
2026-03-28 12:20:00.949,417.548,-1,7,10,-65.94,1,1,0,1,1,1,1,1
2026-03-28 12:20:01.045,417.644,-1,7,10,-66.35,1,1,0,1,1,1,1,1
2026-03-28 12:20:01.124,417.722,-1,7,10,-67.48,1,1,0,1,1,1,1,1
2026-03-28 12:20:01.173,417.771,-2,7,10,-72.41,1,1,0,1,1,1,1,1
2026-03-28 12:20:01.284,417.882,-1,8,11,-64.95,1,1,0,1,1,1,1,1
2026-03-28 12:20:01.364,417.963,-1,7,10,-70.48,1,1,0,1,1,1,1,1
2026-03-28 12:20:01.429,418.028,-1,8,11,-65.23,1,1,0,1,1,1,1,1
2026-03-28 12:20:01.541,418.139,-1,7,11,-71.67,1,1,0,1,1,1,1,1
2026-03-28 12:20:01.573,418.172,-2,7,11,-67.32,1,1,0,1,1,1,1,1
2026-03-28 12:20:01.716,418.314,-1,7,10,-69.18,1,1,0,1,1,1,1,1
2026-03-28 12:20:01.813,418.411,-1,7,11,-66.93,1,1,0,1,1,1,1,1
2026-03-28 12:20:01.925,418.524,-2,7,10,-69.46,1,1,0,1,1,1,1,1
2026-03-28 12:20:02.004,418.603,-1,7,10,-70.54,1,1,0,1,1,1,1,1
2026-03-28 12:20:02.085,418.684,-1,7,11,-65.95,1,1,0,1,1,1,1,1
2026-03-28 12:20:02.149,418.747,-1,7,11,-74.43,1,1,0,1,1,1,1,1
2026-03-28 12:20:02.261,418.859,-2,7,10,-65.16,1,1,0,1,1,1,1,1
2026-03-28 12:20:02.357,418.956,-1,7,10,-67.11,1,1,0,1,1,1,1,1
2026-03-28 12:20:02.453,419.052,-1,7,10,-66.97,1,1,0,1,1,1,1,1
2026-03-28 12:20:02.565,419.163,1,8,10,-69.55,1,1,0,1,1,1,1,1
2026-03-28 12:20:02.566,419.164,-1,7,11,-67.72,1,1,0,1,1,1,1,1
2026-03-28 12:20:02.662,419.260,0,7,10,-66.8,1,1,0,1,1,1,1,1
2026-03-28 12:20:02.805,419.403,0,7,11,-66.86,1,1,0,1,1,1,1,1
2026-03-28 12:20:02.885,419.484,-2,7,10,-66.11,1,1,0,1,1,1,1,1
2026-03-28 12:20:02.932,419.531,-1,8,11,-61.89,1,1,0,1,1,1,1,1
2026-03-28 12:20:02.997,419.595,-1,8,10,-69.58,1,1,0,1,1,1,1,1
2026-03-28 12:20:03.045,419.643,-2,7,10,-66.63,1,1,0,1,1,1,1,1
2026-03-28 12:20:03.173,419.771,-2,7,10,-68.77,1,1,0,1,1,1,1,1
2026-03-28 12:20:03.285,419.884,-1,7,11,-66.68,1,1,0,1,1,1,1,1
2026-03-28 12:20:03.317,419.916,-1,7,10,-64.98,1,1,0,1,1,1,1,1
2026-03-28 12:20:03.413,420.011,0,7,10,-65.83,1,1,0,1,1,1,1,1
2026-03-28 12:20:03.477,420.075,-2,7,10,-67.99,1,1,0,1,1,1,1,1
2026-03-28 12:20:03.637,420.236,-1,7,11,-67.1,1,1,0,1,1,1,1,1
2026-03-28 12:20:03.684,420.283,-1,7,10,-66.67,1,1,0,1,1,1,1,1
2026-03-28 12:20:03.797,420.395,-2,7,10,-65.6,1,1,0,1,1,1,1,1
2026-03-28 12:20:03.845,420.443,-1,7,10,-68.31,1,1,0,1,1,1,1,1
2026-03-28 12:20:03.925,420.524,-1,8,11,-66.5,1,1,0,1,1,1,1,1
2026-03-28 12:20:04.085,420.683,-1,7,11,-67.91,1,1,0,1,1,1,1,1
2026-03-28 12:20:04.165,420.763,-1,8,11,-68.24,1,1,0,1,1,1,1,1
2026-03-28 12:20:04.228,420.826,-2,7,11,-66.11,1,1,0,1,1,1,1,1
2026-03-28 12:20:04.293,420.891,-1,7,10,-68.98,1,1,0,1,1,1,1,1
2026-03-28 12:20:04.405,421.003,-1,7,10,-68.78,1,1,0,1,1,1,1,1
2026-03-28 12:20:04.421,421.019,-1,7,11,-62.57,1,1,0,1,1,1,1,1
2026-03-28 12:20:04.580,421.178,-1,7,10,-69.3,1,1,0,1,1,1,1,1
2026-03-28 12:20:04.629,421.227,-2,7,11,-65.18,1,1,0,1,1,1,1,1
2026-03-28 12:20:04.677,421.275,-1,7,11,-68.59,1,1,0,1,1,1,1,1
2026-03-28 12:20:04.788,421.387,-1,7,11,-71.27,1,1,0,1,1,1,1,1
2026-03-28 12:20:04.820,421.419,-2,7,10,-72.19,1,1,0,1,1,1,1,1
2026-03-28 12:20:04.933,421.531,-1,7,11,-68.83,1,1,0,1,1,1,1,1
2026-03-28 12:20:04.965,421.563,-1,7,10,-70.35,1,1,0,1,1,1,1,1
2026-03-28 12:20:05.109,421.707,-1,7,11,-65.46,1,1,0,1,1,1,1,1
2026-03-28 12:20:05.140,421.739,-2,7,10,-69.49,1,1,0,1,1,1,1,1
2026-03-28 12:20:05.205,421.803,-1,7,10,-71.9,1,1,0,1,1,1,1,1
2026-03-28 12:20:05.349,421.947,-1,7,11,-64.06,1,1,0,1,1,1,1,1
2026-03-28 12:20:05.477,422.075,-1,7,10,-64.67,1,1,0,1,1,1,1,1
2026-03-28 12:20:05.509,422.107,0,7,11,-70.71,1,1,0,1,1,1,1,1
2026-03-28 12:20:05.589,422.187,-1,7,10,-71.0,1,1,0,1,1,1,1,1
2026-03-28 12:20:05.669,422.267,-2,7,11,-67.59,1,1,0,1,1,1,1,1
2026-03-28 12:20:05.749,422.348,-1,7,11,-73.53,1,1,0,1,1,1,1,1
2026-03-28 12:20:05.812,422.411,-1,8,10,-71.38,1,1,0,1,1,1,1,1
2026-03-28 12:20:05.941,422.539,1,7,10,-68.77,1,1,0,1,1,1,1,1
2026-03-28 12:20:05.989,422.588,-1,7,10,-66.63,1,1,0,1,1,1,1,1
2026-03-28 12:20:06.085,422.683,-1,7,10,-67.87,1,1,0,1,1,1,1,1
2026-03-28 12:20:06.181,422.779,-1,7,10,-66.94,1,1,0,1,1,1,1,1
2026-03-28 12:20:06.244,422.843,-1,7,11,-68.83,1,1,0,1,1,1,1,1
2026-03-28 12:20:06.357,422.955,-1,8,10,-71.95,1,1,0,1,1,1,1,1
2026-03-28 12:20:06.388,422.986,-2,7,10,-69.77,1,1,0,1,1,1,1,1
2026-03-28 12:20:06.452,423.051,-1,7,10,-66.75,1,1,0,1,1,1,1,1
2026-03-28 12:20:06.549,423.147,-1,7,10,-71.26,1,1,0,1,1,1,1,1
2026-03-28 12:20:06.628,423.227,-2,7,11,-68.01,1,1,0,1,1,1,1,1
2026-03-28 12:20:06.708,423.307,-1,7,10,-68.42,1,1,0,1,1,1,1,1
2026-03-28 12:20:06.804,423.402,-2,7,10,-69.45,1,1,0,1,1,1,1,1
2026-03-28 12:20:06.868,423.467,-1,8,11,-73.2,1,1,0,1,1,1,1,1
2026-03-28 12:20:06.949,423.548,-1,7,10,-66.48,1,1,0,1,1,1,1,1
2026-03-28 12:20:07.045,423.643,-1,7,10,-65.97,1,1,0,1,1,1,1,1
2026-03-28 12:20:07.125,423.723,-1,8,11,-70.34,1,1,0,1,1,1,1,1
2026-03-28 12:20:07.221,423.819,-2,7,10,-73.34,1,1,0,1,1,1,1,1
2026-03-28 12:20:07.269,423.868,-1,7,11,-69.39,1,1,0,1,1,1,1,1
2026-03-28 12:20:07.396,423.995,-2,7,10,-67.35,1,1,0,1,1,1,1,1
2026-03-28 12:20:07.444,424.043,-1,7,10,-66.99,1,1,0,1,1,1,1,1
2026-03-28 12:20:07.589,424.187,-1,7,10,-67.81,1,1,0,1,1,1,1,1
2026-03-28 12:20:07.669,424.267,-1,7,10,-66.39,1,1,0,1,1,1,1,1
2026-03-28 12:20:07.749,424.347,-1,7,10,-66.71,1,1,0,1,1,1,1,1
2026-03-28 12:20:07.829,424.427,-1,7,11,-68.49,1,1,0,1,1,1,1,1
2026-03-28 12:20:07.893,424.492,-2,7,10,-67.71,1,1,0,1,1,1,1,1
2026-03-28 12:20:08.004,424.602,-1,7,10,-70.18,1,1,0,1,1,1,1,1
2026-03-28 12:20:08.100,424.699,-1,8,11,-65.57,1,1,0,1,1,1,1,1
2026-03-28 12:20:08.165,424.763,-1,7,11,-64.69,1,1,0,1,1,1,1,1
2026-03-28 12:20:08.244,424.843,-1,7,11,-69.14,1,1,0,1,1,1,1,1
2026-03-28 12:20:08.357,424.955,-1,7,10,-69.46,1,1,0,1,1,1,1,1
2026-03-28 12:20:08.437,425.035,-1,7,11,-64.14,1,1,0,1,1,1,1,1
2026-03-28 12:20:08.485,425.083,-2,7,10,-69.49,1,1,0,1,1,1,1,1
2026-03-28 12:20:08.613,425.211,-1,7,10,-69.28,1,1,0,1,1,1,1,1
2026-03-28 12:20:08.661,425.259,-1,7,10,-69.21,1,1,0,1,1,1,1,1
2026-03-28 12:20:08.723,425.322,-1,7,11,-66.23,1,1,0,1,1,1,1,1
2026-03-28 12:20:08.789,425.387,-1,7,11,-72.48,1,1,0,1,1,1,1,1
2026-03-28 12:20:08.869,425.467,-1,8,10,-69.93,1,1,0,1,1,1,1,1
2026-03-28 12:20:08.965,425.563,-2,7,10,-67.37,1,1,0,1,1,1,1,1
2026-03-28 12:20:09.028,425.626,-2,7,10,-69.28,1,1,0,1,1,1,1,1
2026-03-28 12:20:09.125,425.723,-1,7,11,-66.73,1,1,0,1,1,1,1,1
2026-03-28 12:20:09.221,425.819,-2,7,10,-67.16,1,1,0,1,1,1,1,1
2026-03-28 12:20:09.268,425.867,0,7,10,-69.42,1,1,0,1,1,1,1,1
2026-03-28 12:20:09.333,425.931,-1,7,10,-67.27,1,1,0,1,1,1,1,1
2026-03-28 12:20:09.459,426.058,-1,7,11,-67.28,1,1,0,1,1,1,1,1
2026-03-28 12:20:09.508,426.107,-2,7,10,-63.86,1,1,0,1,1,1,1,1
2026-03-28 12:20:09.589,426.187,-1,7,10,-67.43,1,1,0,1,1,1,1,1
2026-03-28 12:20:09.685,426.283,-1,7,10,-67.72,1,1,0,1,1,1,1,1
2026-03-28 12:20:09.781,426.379,-1,7,10,-69.4,1,1,0,1,1,1,1,1
2026-03-28 12:20:09.844,426.443,-1,7,11,-67.63,1,1,0,1,1,1,1,1
2026-03-28 12:20:09.924,426.523,-1,7,10,-71.68,1,1,0,1,1,1,1,1
2026-03-28 12:20:10.020,426.619,-1,7,11,-67.4,1,1,0,1,1,1,1,1
2026-03-28 12:20:10.132,426.731,-2,7,10,-68.0,1,1,0,1,1,1,1,1
2026-03-28 12:20:10.164,426.763,-2,7,10,-69.77,1,1,0,1,1,1,1,1
2026-03-28 12:20:10.260,426.859,-2,7,10,-70.4,1,1,0,1,1,1,1,1
2026-03-28 12:20:10.356,426.955,-1,8,11,-65.18,1,1,0,1,1,1,1,1
2026-03-28 12:20:10.468,427.067,-2,7,11,-72.02,1,1,0,1,1,1,1,1
2026-03-28 12:20:10.484,427.082,-1,7,10,-67.65,1,1,0,1,1,1,1,1
2026-03-28 12:20:10.596,427.194,-2,7,10,-67.41,1,1,0,1,1,1,1,1
2026-03-28 12:20:10.660,427.258,-2,7,10,-65.93,1,1,0,1,1,1,1,1
2026-03-28 12:20:10.788,427.386,-2,7,10,-68.86,1,1,0,1,1,1,1,1
2026-03-28 12:20:10.868,427.467,-1,7,10,-67.17,1,1,0,1,1,1,1,1
2026-03-28 12:20:10.917,427.515,-1,8,11,-63.83,1,1,0,1,1,1,1,1
2026-03-28 12:20:10.997,427.595,-2,7,10,-71.4,1,1,0,1,1,1,1,1
2026-03-28 12:20:11.109,427.707,-1,7,11,-66.99,1,1,0,1,1,1,1,1
2026-03-28 12:20:11.189,427.787,-2,7,10,-67.43,1,1,0,1,1,1,1,1
2026-03-28 12:20:11.252,427.851,-2,7,11,-64.15,1,1,0,1,1,1,1,1
2026-03-28 12:20:11.348,427.947,-1,7,11,-69.83,1,1,0,1,1,1,1,1
2026-03-28 12:20:11.397,427.995,-2,7,10,-72.06,1,1,0,1,1,1,1,1
2026-03-28 12:20:11.509,428.107,-1,7,11,-66.26,1,1,0,1,1,1,1,1
2026-03-28 12:20:11.572,428.171,-1,7,10,-65.44,1,1,0,1,1,1,1,1
2026-03-28 12:20:11.652,428.251,-1,7,10,-65.7,1,1,0,1,1,1,1,1
2026-03-28 12:20:11.749,428.347,-1,7,10,-66.35,1,1,0,1,1,1,1,1
2026-03-28 12:20:11.844,428.443,-1,8,11,-68.79,1,1,0,1,1,1,1,1
2026-03-28 12:20:11.940,428.539,-2,7,11,-71.11,1,1,0,1,1,1,1,1
2026-03-28 12:20:12.037,428.635,-1,7,11,-66.2,1,1,0,1,1,1,1,1
2026-03-28 12:20:12.101,428.699,-1,8,11,-68.63,1,1,0,1,1,1,1,1
2026-03-28 12:20:12.180,428.779,-1,7,10,-68.56,1,1,0,1,1,1,1,1
2026-03-28 12:20:12.244,428.843,-1,7,11,-73.48,1,1,0,1,1,1,1,1
2026-03-28 12:20:12.324,428.923,-1,7,11,-67.2,1,1,0,1,1,1,1,1
2026-03-28 12:20:12.389,428.987,-1,7,10,-63.26,1,1,0,1,1,1,1,1
2026-03-28 12:20:12.469,429.067,-1,7,11,-69.89,1,1,0,1,1,1,1,1
2026-03-28 12:20:12.595,429.194,-2,7,10,-65.86,1,1,0,1,1,1,1,1
2026-03-28 12:20:12.660,429.258,-2,7,10,-64.47,1,1,0,1,1,1,1,1
2026-03-28 12:20:12.740,429.338,-1,7,10,-68.21,1,1,0,1,1,1,1,1
2026-03-28 12:20:12.869,429.467,-2,7,10,-68.5,1,1,0,1,1,1,1,1
2026-03-28 12:20:12.916,429.514,-1,7,11,-66.6,1,1,0,1,1,1,1,1
2026-03-28 12:20:12.981,429.579,-1,8,11,-68.63,1,1,0,1,1,1,1,1
2026-03-28 12:20:13.044,429.643,-2,7,10,-74.97,1,1,0,1,1,1,1,1
2026-03-28 12:20:13.173,429.771,-2,7,10,-63.3,1,1,0,1,1,1,1,1
2026-03-28 12:20:13.252,429.851,-1,7,10,-67.65,1,1,0,1,1,1,1,1
2026-03-28 12:20:13.333,429.931,-1,7,10,-66.12,1,1,0,1,1,1,1,1
2026-03-28 12:20:13.444,430.042,-2,7,10,-66.83,1,1,0,1,1,1,1,1
2026-03-28 12:20:13.541,430.139,-2,7,11,-71.27,1,1,0,1,1,1,1,1
2026-03-28 12:20:13.621,430.219,-1,7,10,-70.29,1,1,0,1,1,1,1,1
2026-03-28 12:20:13.636,430.234,-1,7,10,-66.36,1,1,0,1,1,1,1,1
2026-03-28 12:20:13.732,430.331,-2,7,11,-70.95,1,1,0,1,1,1,1,1
2026-03-28 12:20:13.797,430.395,-1,7,10,-66.83,1,1,0,1,1,1,1,1
2026-03-28 12:20:13.925,430.523,0,7,10,-67.61,1,1,0,1,1,1,1,1
2026-03-28 12:20:13.972,430.571,-2,7,10,-67.16,1,1,0,1,1,1,1,1
2026-03-28 12:20:14.068,430.666,-2,7,10,-70.32,1,1,0,1,1,1,1,1
2026-03-28 12:20:14.116,430.714,-1,8,11,-66.27,1,1,0,1,1,1,1,1
2026-03-28 12:20:14.228,430.826,-2,7,10,-65.91,1,1,0,1,1,1,1,1
2026-03-28 12:20:14.293,430.891,-2,7,10,-67.61,1,1,0,1,1,1,1,1
2026-03-28 12:20:14.372,430.971,-1,7,11,-69.52,1,1,0,1,1,1,1,1
2026-03-28 12:20:14.452,431.051,-2,7,10,-65.87,1,1,0,1,1,1,1,1
2026-03-28 12:20:14.549,431.147,-1,7,10,-66.37,1,1,0,1,1,1,1,1
2026-03-28 12:20:14.660,431.259,-2,7,10,-68.12,1,1,0,1,1,1,1,1
2026-03-28 12:20:14.708,431.307,-1,7,11,-65.85,1,1,0,1,1,1,1,1
2026-03-28 12:20:14.788,431.387,-2,7,10,-66.75,1,1,0,1,1,1,1,1
2026-03-28 12:20:14.884,431.483,-2,7,10,-64.1,1,1,0,1,1,1,1,1
2026-03-28 12:20:14.948,431.546,-1,7,10,-68.66,1,1,0,1,1,1,1,1
2026-03-28 12:20:15.028,431.626,-2,7,10,-70.13,1,1,0,1,1,1,1,1
2026-03-28 12:20:15.156,431.754,-1,7,10,-65.22,1,1,0,1,1,1,1,1
2026-03-28 12:20:15.252,431.851,-1,7,10,-67.34,1,1,0,1,1,1,1,1
2026-03-28 12:20:15.267,431.866,-1,8,11,-67.82,1,1,0,1,1,1,1,1
2026-03-28 12:20:15.427,432.026,-2,7,11,-62.94,1,1,0,1,1,1,1,1
2026-03-28 12:20:15.460,432.058,-2,7,10,-66.6,1,1,0,1,1,1,1,1
2026-03-28 12:20:15.541,432.140,-2,7,10,-67.09,1,1,0,1,1,1,1,1
2026-03-28 12:20:15.603,432.202,0,7,11,-69.97,1,1,0,1,1,1,1,1
2026-03-28 12:20:15.700,432.298,-2,7,10,-65.57,1,1,0,1,1,1,1,1
2026-03-28 12:20:15.780,432.378,-2,7,10,-69.21,1,1,0,1,1,1,1,1
2026-03-28 12:20:15.877,432.475,-1,7,10,-71.04,1,1,0,1,1,1,1,1
2026-03-28 12:20:15.972,432.570,-1,7,10,-65.44,1,1,0,1,1,1,1,1
2026-03-28 12:20:16.052,432.651,-1,7,10,-71.56,1,1,0,1,1,1,1,1
2026-03-28 12:20:16.116,432.715,-1,7,11,-70.96,1,1,0,1,1,1,1,1
2026-03-28 12:20:16.213,432.811,-1,7,10,-67.29,1,1,0,1,1,1,1,1
2026-03-28 12:20:16.324,432.923,-1,7,11,-63.19,1,1,0,1,1,1,1,1
2026-03-28 12:20:16.387,432.986,-2,7,11,-66.65,1,1,0,1,1,1,1,1
2026-03-28 12:20:16.500,433.099,-1,7,11,-64.02,1,1,0,1,1,1,1,1
2026-03-28 12:20:16.564,433.163,-2,7,10,-67.74,1,1,0,1,1,1,1,1
2026-03-28 12:20:16.676,433.275,-1,7,11,-67.26,1,1,0,1,1,1,1,1
2026-03-28 12:20:16.756,433.354,-2,7,11,-70.27,1,1,0,1,1,1,1,1
2026-03-28 12:20:16.771,433.370,-1,7,11,-67.27,1,1,0,1,1,1,1,1
2026-03-28 12:20:16.868,433.467,-2,7,10,-65.81,1,1,0,1,1,1,1,1
2026-03-28 12:20:16.980,433.578,-1,8,11,-66.81,1,1,0,1,1,1,1,1
2026-03-28 12:20:17.044,433.642,-1,7,10,-66.29,1,1,0,1,1,1,1,1
2026-03-28 12:20:17.124,433.723,-2,7,10,-69.7,1,1,0,1,1,1,1,1
2026-03-28 12:20:17.203,433.802,-1,7,10,-70.91,1,1,0,1,1,1,1,1
2026-03-28 12:20:17.268,433.867,-1,7,11,-65.5,1,1,0,1,1,1,1,1
2026-03-28 12:20:17.348,433.946,-1,7,10,-73.64,1,1,0,1,1,1,1,1
2026-03-28 12:20:17.428,434.026,-2,7,10,-62.46,1,1,0,1,1,1,1,1
2026-03-28 12:20:17.572,434.170,-2,7,10,-64.24,1,1,0,1,1,1,1,1
2026-03-28 12:20:17.652,434.250,-1,7,11,-65.72,1,1,0,1,1,1,1,1
2026-03-28 12:20:17.701,434.299,-1,7,11,-67.88,1,1,0,1,1,1,1,1
2026-03-28 12:20:17.764,434.363,-2,7,10,-69.15,1,1,0,1,1,1,1,1
2026-03-28 12:20:17.908,434.506,-2,7,10,-66.68,1,1,0,1,1,1,1,1
2026-03-28 12:20:17.956,434.554,-1,7,10,-67.43,1,1,0,1,1,1,1,1
2026-03-28 12:20:18.037,434.635,-2,7,10,-70.76,1,1,0,1,1,1,1,1
2026-03-28 12:20:18.132,434.730,-2,7,10,-67.51,1,1,0,1,1,1,1,1
2026-03-28 12:20:18.244,434.843,-2,7,10,-67.48,1,1,0,1,1,1,1,1
2026-03-28 12:20:18.308,434.906,-2,7,10,-65.83,1,1,0,1,1,1,1,1
2026-03-28 12:20:18.356,434.955,-2,7,10,-65.53,1,1,0,1,1,1,1,1
2026-03-28 12:20:18.436,435.034,-2,7,10,-67.91,1,1,0,1,1,1,1,1
2026-03-28 12:20:18.564,435.163,-1,8,11,-66.46,1,1,0,1,1,1,1,1
2026-03-28 12:20:18.596,435.194,-1,7,11,-70.99,1,1,0,1,1,1,1,1
2026-03-28 12:20:18.692,435.291,-1,7,10,-68.46,1,1,0,1,1,1,1,1
2026-03-28 12:20:18.788,435.387,-1,7,11,-67.65,1,1,0,1,1,1,1,1
2026-03-28 12:20:18.884,435.482,-1,7,11,-66.16,1,1,0,1,1,1,1,1
2026-03-28 12:20:18.980,435.579,-1,7,10,-66.98,1,1,0,1,1,1,1,1
2026-03-28 12:20:19.028,435.626,-1,7,10,-67.92,1,1,0,1,1,1,1,1
2026-03-28 12:20:19.093,435.691,-2,7,10,-68.9,1,1,0,1,1,1,1,1
2026-03-28 12:20:19.204,435.803,-1,7,11,-66.29,1,1,0,1,1,1,1,1
2026-03-28 12:20:19.252,435.851,-2,7,10,-70.37,1,1,0,1,1,1,1,1
2026-03-28 12:20:19.364,435.962,-1,7,10,-67.49,1,1,0,1,1,1,1,1
2026-03-28 12:20:19.476,436.074,-1,7,11,-66.25,1,1,0,1,1,1,1,1
2026-03-28 12:20:19.540,436.139,-2,7,10,-62.59,1,1,0,1,1,1,1,1
2026-03-28 12:20:19.604,436.203,-1,7,11,-68.21,1,1,0,1,1,1,1,1
2026-03-28 12:20:19.652,436.250,-1,7,10,-68.68,1,1,0,1,1,1,1,1
2026-03-28 12:20:19.764,436.363,-2,7,10,-66.51,1,1,0,1,1,1,1,1
2026-03-28 12:20:19.876,436.475,-1,7,10,-66.03,1,1,0,1,1,1,1,1
2026-03-28 12:20:19.955,436.553,-2,7,10,-66.21,1,1,0,1,1,1,1,1
2026-03-28 12:20:20.020,436.618,-1,7,10,-66.7,1,1,0,1,1,1,1,1
2026-03-28 12:20:20.084,436.683,-2,7,10,-69.18,1,1,0,1,1,1,1,1
2026-03-28 12:20:20.212,436.810,-1,7,10,-71.93,1,1,0,1,1,1,1,1
2026-03-28 12:20:20.276,436.874,-2,7,10,-62.82,1,1,0,1,1,1,1,1
2026-03-28 12:20:20.356,436.955,-1,7,11,-67.85,1,1,0,1,1,1,1,1
2026-03-28 12:20:20.420,437.019,-1,7,11,-64.36,1,1,0,1,1,1,1,1
2026-03-28 12:20:20.532,437.131,-2,7,10,-65.18,1,1,0,1,1,1,1,1
2026-03-28 12:20:20.628,437.227,-2,7,10,-66.16,1,1,0,1,1,1,1,1
2026-03-28 12:20:20.692,437.291,-1,7,10,-67.93,1,1,0,1,1,1,1,1
2026-03-28 12:20:20.772,437.370,-2,7,11,-70.51,1,1,0,1,1,1,1,1
2026-03-28 12:20:20.868,437.467,-1,8,10,-65.55,1,1,0,1,1,1,1,1
2026-03-28 12:20:20.964,437.563,-1,8,10,-64.29,1,1,0,1,1,1,1,1
2026-03-28 12:20:21.045,437.643,-1,7,10,-66.86,1,1,0,1,1,1,1,1
2026-03-28 12:20:21.172,437.770,-1,7,10,-67.55,1,1,0,1,1,1,1,1
2026-03-28 12:20:21.252,437.851,-1,7,10,-68.67,1,1,0,1,1,1,1,1
2026-03-28 12:20:21.300,437.898,-1,7,11,-67.35,1,1,0,1,1,1,1,1
2026-03-28 12:20:21.411,438.010,-1,7,8,-65.09,1,1,0,1,1,1,1,1
2026-03-28 12:20:21.508,438.107,-1,7,11,-66.37,1,1,0,1,1,1,1,1
2026-03-28 12:20:21.540,438.138,-1,7,11,-64.41,1,1,0,1,1,1,1,1
2026-03-28 12:20:21.604,438.203,-1,7,11,-67.41,1,1,0,1,1,1,1,1
2026-03-28 12:20:21.732,438.330,-2,10,11,-72.56,1,1,0,1,1,1,1,1
2026-03-28 12:20:21.764,438.362,-2,7,10,-65.84,1,1,0,1,1,1,1,1
2026-03-28 12:20:21.828,438.426,-2,7,11,-69.49,1,1,0,1,1,1,1,1
2026-03-28 12:20:21.987,438.586,-1,7,11,-66.09,1,1,0,1,1,1,1,1
2026-03-28 12:20:22.020,438.619,-1,7,11,-67.55,1,1,0,1,1,1,1,1
2026-03-28 12:20:22.132,438.730,-1,7,10,-68.34,1,1,0,1,1,1,1,1
2026-03-28 12:20:22.163,438.761,-1,7,10,-69.39,1,1,0,1,1,1,1,1
2026-03-28 12:20:22.260,438.858,-1,7,11,-72.13,1,1,0,1,1,1,1,1
2026-03-28 12:20:22.307,438.906,-1,8,11,-70.95,1,1,0,1,1,1,1,1
2026-03-28 12:20:22.404,439.002,-1,8,11,-68.87,1,1,0,1,1,1,1,1
2026-03-28 12:20:22.564,439.163,-1,7,10,-65.59,1,1,0,1,1,1,1,1
2026-03-28 12:20:22.644,439.243,-1,7,10,-64.65,1,1,0,1,1,1,1,1
2026-03-28 12:20:22.676,439.274,-2,7,10,-68.74,1,1,0,1,1,1,1,1
2026-03-28 12:20:22.772,439.370,-2,7,10,-71.31,1,1,0,1,1,1,1,1
2026-03-28 12:20:22.852,439.450,-1,7,11,-70.28,1,1,0,1,1,1,1,1
2026-03-28 12:20:22.947,439.546,-1,7,11,-72.16,1,1,0,1,1,1,1,1
2026-03-28 12:20:23.011,439.610,-1,7,10,-66.26,1,1,0,1,1,1,1,1
2026-03-28 12:20:23.156,439.754,-2,7,10,-70.4,1,1,0,1,1,1,1,1
2026-03-28 12:20:23.220,439.819,-1,7,10,-69.17,1,1,0,1,1,1,1,1
2026-03-28 12:20:23.284,439.882,-1,7,11,-66.28,1,1,0,1,1,1,1,1
2026-03-28 12:20:23.363,439.962,-1,7,11,-69.85,1,1,0,1,1,1,1,1
2026-03-28 12:20:23.476,440.074,-1,7,10,-72.38,1,1,0,1,1,1,1,1
2026-03-28 12:20:23.524,440.122,-1,7,10,-72.47,1,1,0,1,1,1,1,1
2026-03-28 12:20:23.588,440.186,-2,7,10,-64.56,1,1,0,1,1,1,1,1
2026-03-28 12:20:23.683,440.282,-2,7,11,-67.81,1,1,0,1,1,1,1,1
2026-03-28 12:20:23.732,440.330,-1,7,11,-73.0,1,1,0,1,1,1,1,1
2026-03-28 12:20:23.860,440.458,-1,7,10,-71.01,1,1,0,1,1,1,1,1
2026-03-28 12:20:23.891,440.490,-1,7,11,-65.57,1,1,0,1,1,1,1,1
2026-03-28 12:20:23.988,440.587,-2,7,10,-66.32,1,1,0,1,1,1,1,1
2026-03-28 12:20:24.067,440.666,-2,7,10,-68.53,1,1,0,1,1,1,1,1
2026-03-28 12:20:24.132,440.730,-2,7,10,-67.27,1,1,0,1,1,1,1,1
2026-03-28 12:20:24.276,440.874,-1,10,11,-66.59,1,1,0,1,1,1,1,1
2026-03-28 12:20:24.355,440.954,-1,7,11,-71.17,1,1,0,1,1,1,1,1
2026-03-28 12:20:24.404,441.002,-2,7,10,-67.78,1,1,0,1,1,1,1,1
2026-03-28 12:20:24.516,441.114,-2,8,10,-69.81,1,1,0,1,1,1,1,1
2026-03-28 12:20:24.595,441.194,-1,7,11,-65.74,1,1,0,1,1,1,1,1
2026-03-28 12:20:24.676,441.274,-1,7,10,-68.57,1,1,0,1,1,1,1,1
2026-03-28 12:20:24.756,441.354,-2,7,10,-67.64,1,1,0,1,1,1,1,1
2026-03-28 12:20:24.835,441.434,-1,7,10,-72.11,1,1,0,1,1,1,1,1
2026-03-28 12:20:24.900,441.499,-1,7,10,-66.12,1,1,0,1,1,1,1,1
2026-03-28 12:20:24.963,441.561,-1,7,11,-69.81,1,1,0,1,1,1,1,1
2026-03-28 12:20:25.044,441.643,-2,7,10,-69.83,1,1,0,1,1,1,1,1
2026-03-28 12:20:25.188,441.786,-1,7,10,-69.38,1,1,0,1,1,1,1,1
2026-03-28 12:20:25.252,441.850,-1,7,10,-64.82,1,1,0,1,1,1,1,1
2026-03-28 12:20:25.332,441.930,-1,7,10,-68.75,1,1,0,1,1,1,1,1
2026-03-28 12:20:25.444,442.042,-1,7,10,-68.96,1,1,0,1,1,1,1,1
2026-03-28 12:20:25.555,442.154,-1,7,10,-69.08,1,1,0,1,1,1,1,1
2026-03-28 12:20:25.587,442.186,-1,7,10,-69.03,1,1,0,1,1,1,1,1
2026-03-28 12:20:25.715,442.314,-1,7,11,-65.29,1,1,0,1,1,1,1,1
2026-03-28 12:20:25.780,442.378,-1,7,10,-66.73,1,1,0,1,1,1,1,1
2026-03-28 12:20:25.892,442.490,-1,8,11,-66.48,1,1,0,1,1,1,1,1
2026-03-28 12:20:25.924,442.522,-1,7,10,-74.81,1,1,0,1,1,1,1,1
2026-03-28 12:20:26.020,442.618,-1,7,10,-68.95,1,1,0,1,1,1,1,1
2026-03-28 12:20:26.131,442.730,-1,7,10,-67.05,1,1,0,1,1,1,1,1
2026-03-28 12:20:26.163,442.762,-1,7,11,-69.05,1,1,0,1,1,1,1,1
2026-03-28 12:20:26.259,442.858,-1,7,11,-69.19,1,1,0,1,1,1,1,1
2026-03-28 12:20:26.356,442.954,-1,7,11,-66.79,1,1,0,1,1,1,1,1
2026-03-28 12:20:26.451,443.050,-1,7,11,-67.74,1,1,0,1,1,1,1,1
2026-03-28 12:20:26.531,443.129,-1,7,10,-69.76,1,1,0,1,1,1,1,1
2026-03-28 12:20:26.611,443.210,-1,7,10,-70.16,1,1,0,1,1,1,1,1
2026-03-28 12:20:26.660,443.258,-2,7,10,-69.58,1,1,0,1,1,1,1,1
2026-03-28 12:20:26.724,443.322,-2,7,10,-72.58,1,1,0,1,1,1,1,1
2026-03-28 12:20:26.835,443.434,-1,8,11,-71.19,1,1,0,1,1,1,1,1
2026-03-28 12:20:26.963,443.562,-1,7,10,-70.66,1,1,0,1,1,1,1,1
2026-03-28 12:20:27.059,443.658,-2,10,10,-70.86,1,1,0,1,1,1,1,1
2026-03-28 12:20:27.091,443.690,-1,7,10,-70.06,1,1,0,1,1,1,1,1
2026-03-28 12:20:27.171,443.770,-2,7,10,-65.7,1,1,0,1,1,1,1,1
2026-03-28 12:20:27.251,443.850,-1,7,11,-69.23,1,1,0,1,1,1,1,1
2026-03-28 12:20:27.347,443.946,-1,7,11,-67.21,1,1,0,1,1,1,1,1
2026-03-28 12:20:27.395,443.994,-1,7,11,-66.42,1,1,0,1,1,1,1,1
2026-03-28 12:20:27.492,444.090,-1,10,11,-76.13,1,1,0,1,1,1,1,1
2026-03-28 12:20:27.556,444.154,-2,7,10,-67.98,1,1,0,1,1,1,1,1
2026-03-28 12:20:27.620,444.218,-1,7,10,-72.68,1,1,0,1,1,1,1,1
2026-03-28 12:20:27.683,444.282,-2,7,10,-69.66,1,1,0,1,1,1,1,1
2026-03-28 12:20:27.779,444.378,-2,7,10,-66.52,1,1,0,1,1,1,1,1
2026-03-28 12:20:27.875,444.473,-2,7,10,-69.99,1,1,0,1,1,1,1,1
2026-03-28 12:20:27.971,444.569,-1,7,11,-68.9,1,1,0,1,1,1,1,1
2026-03-28 12:20:28.003,444.602,-2,7,10,-66.89,1,1,0,1,1,1,1,1
2026-03-28 12:20:28.099,444.698,-1,7,10,-67.97,1,1,0,1,1,1,1,1
2026-03-28 12:20:28.211,444.810,-2,7,10,-66.31,1,1,0,1,1,1,1,1
2026-03-28 12:20:28.259,444.858,-1,7,10,-68.85,1,1,0,1,1,1,1,1
2026-03-28 12:20:28.371,444.969,-1,7,10,-70.1,1,1,0,1,1,1,1,1
2026-03-28 12:20:28.420,445.018,-2,7,10,-70.52,1,1,0,1,1,1,1,1
2026-03-28 12:20:28.515,445.114,-2,7,11,-70.66,1,1,0,1,1,1,1,1
2026-03-28 12:20:28.611,445.209,-1,7,11,-72.9,1,1,0,1,1,1,1,1
2026-03-28 12:20:28.675,445.274,-1,7,10,-71.77,1,1,0,1,1,1,1,1
2026-03-28 12:20:28.723,445.322,-2,7,10,-67.5,1,1,0,1,1,1,1,1
2026-03-28 12:20:28.820,445.418,-1,7,10,-66.68,1,1,0,1,1,1,1,1
2026-03-28 12:20:28.900,445.498,-2,7,10,-66.56,1,1,0,1,1,1,1,1
2026-03-28 12:20:29.076,445.674,-2,7,10,-64.79,1,1,0,1,1,1,1,1
2026-03-28 12:20:29.140,445.738,-1,7,11,-68.73,1,1,0,1,1,1,1,1
2026-03-28 12:20:29.172,445.770,-1,7,10,-65.83,1,1,0,1,1,1,1,1
2026-03-28 12:20:29.252,445.850,-1,7,10,-71.3,1,1,0,1,1,1,1,1
2026-03-28 12:20:29.364,445.962,-1,7,11,-71.86,1,1,0,1,1,1,1,1
2026-03-28 12:20:29.379,445.978,-2,7,10,-70.8,1,1,0,1,1,1,1,1
2026-03-28 12:20:29.507,446.106,-2,7,10,-65.41,1,1,0,1,1,1,1,1
2026-03-28 12:20:29.572,446.170,-1,7,10,-70.53,1,1,0,1,1,1,1,1
2026-03-28 12:20:29.667,446.265,-1,10,11,-69.63,1,1,0,1,1,1,1,1
2026-03-28 12:20:29.732,446.330,-2,7,10,-71.49,1,1,0,1,1,1,1,1
2026-03-28 12:20:29.812,446.410,-1,7,11,-67.91,1,1,0,1,1,1,1,1
2026-03-28 12:20:29.908,446.506,-2,8,11,-69.78,1,1,0,1,1,1,1,1
2026-03-28 12:20:30.003,446.602,-2,7,10,-69.12,1,1,0,1,1,1,1,1
2026-03-28 12:20:30.051,446.650,-2,7,11,-71.13,1,1,0,1,1,1,1,1
2026-03-28 12:20:30.131,446.730,-1,7,11,-65.07,1,1,0,1,1,1,1,1
2026-03-28 12:20:30.211,446.810,-2,7,10,-72.46,1,1,0,1,1,1,1,1
2026-03-28 12:20:30.275,446.874,-2,7,10,-70.46,1,1,0,1,1,1,1,1
2026-03-28 12:20:30.387,446.986,-1,7,11,-68.06,1,1,0,1,1,1,1,1
2026-03-28 12:20:30.452,447.050,-1,10,11,-68.98,1,1,0,1,1,1,1,1
2026-03-28 12:20:30.579,447.177,-1,7,10,-67.62,1,1,0,1,1,1,1,1
2026-03-28 12:20:30.659,447.258,0,7,10,-70.62,1,1,0,1,1,1,1,1
2026-03-28 12:20:30.692,447.290,-2,7,10,-67.08,1,1,0,1,1,1,1,1
2026-03-28 12:20:30.771,447.370,-1,7,10,-71.3,1,1,0,1,1,1,1,1
2026-03-28 12:20:30.883,447.482,-2,7,10,-68.16,1,1,0,1,1,1,1,1
2026-03-28 12:20:30.947,447.546,-2,7,10,-72.23,1,1,0,1,1,1,1,1
2026-03-28 12:20:31.012,447.610,-1,7,11,-70.1,1,1,0,1,1,1,1,1
2026-03-28 12:20:31.123,447.721,-1,8,11,-69.93,1,1,0,1,1,1,1,1
2026-03-28 12:20:31.155,447.753,-2,7,10,-66.92,1,1,0,1,1,1,1,1
2026-03-28 12:20:31.235,447.834,-1,7,10,-71.76,1,1,0,1,1,1,1,1
2026-03-28 12:20:31.331,447.929,-1,7,11,-66.69,1,1,0,1,1,1,1,1
2026-03-28 12:20:31.491,448.089,-2,7,10,-69.65,1,1,0,1,1,1,1,1
2026-03-28 12:20:31.555,448.153,-2,7,10,-71.24,1,1,0,1,1,1,1,1
2026-03-28 12:20:31.619,448.217,-2,7,11,-72.97,1,1,0,1,1,1,1,1
2026-03-28 12:20:31.700,448.298,-1,7,11,-70.46,1,1,0,1,1,1,1,1
2026-03-28 12:20:31.779,448.377,-1,7,10,-65.49,1,1,0,1,1,1,1,1
2026-03-28 12:20:31.891,448.490,-2,7,10,-68.58,1,1,0,1,1,1,1,1
2026-03-28 12:20:31.955,448.554,-1,7,10,-69.83,1,1,0,1,1,1,1,1
2026-03-28 12:20:32.036,448.634,-2,7,10,-70.63,1,1,0,1,1,1,1,1
2026-03-28 12:20:32.099,448.697,-1,7,11,-68.01,1,1,0,1,1,1,1,1
2026-03-28 12:20:32.211,448.809,-1,7,10,-69.19,1,1,0,1,1,1,1,1
2026-03-28 12:20:32.307,448.906,-2,7,10,-68.77,1,1,0,1,1,1,1,1
2026-03-28 12:20:32.371,448.969,-1,7,10,-68.53,1,1,0,1,1,1,1,1
2026-03-28 12:20:32.451,449.049,-1,7,10,-68.1,1,1,0,1,1,1,1,1
2026-03-28 12:20:32.531,449.130,-2,7,10,-69.68,1,1,0,1,1,1,1,1
2026-03-28 12:20:32.596,449.194,-2,7,10,-67.32,1,1,0,1,1,1,1,1
2026-03-28 12:20:32.739,449.337,-1,7,10,-67.93,1,1,0,1,1,1,1,1
2026-03-28 12:20:32.803,449.401,-1,7,11,-68.99,1,1,0,1,1,1,1,1
2026-03-28 12:20:32.867,449.465,-2,7,11,-67.72,1,1,0,1,1,1,1,1
2026-03-28 12:20:32.931,449.529,-1,7,11,-71.59,1,1,0,1,1,1,1,1
2026-03-28 12:20:32.979,449.577,-2,7,11,-71.82,1,1,0,1,1,1,1,1
2026-03-28 12:20:33.059,449.658,-2,7,10,-76.04,1,1,0,1,1,1,1,1
2026-03-28 12:20:33.156,449.754,-1,8,11,-67.69,1,1,0,1,1,1,1,1
2026-03-28 12:20:33.267,449.866,-2,7,10,-71.54,1,1,0,1,1,1,1,1
2026-03-28 12:20:33.331,449.930,-1,7,10,-66.63,1,1,0,1,1,1,1,1
2026-03-28 12:20:33.396,449.994,-1,7,10,-68.41,1,1,0,1,1,1,1,1
2026-03-28 12:20:33.508,450.106,-2,7,11,-68.77,1,1,0,1,1,1,1,1
2026-03-28 12:20:33.571,450.170,-2,7,10,-71.72,1,1,0,1,1,1,1,1
2026-03-28 12:20:33.603,450.202,-1,7,11,-72.93,1,1,0,1,1,1,1,1
2026-03-28 12:20:33.763,450.361,-1,8,11,-69.13,1,1,0,1,1,1,1,1
2026-03-28 12:20:33.923,450.521,-2,7,10,-71.81,1,1,0,1,1,1,1,1
2026-03-28 12:20:33.939,450.538,0,7,10,-69.53,1,1,0,1,1,1,1,1
2026-03-28 12:20:34.051,450.649,0,8,11,-69.69,1,1,0,1,1,1,1,1
2026-03-28 12:20:34.164,450.762,-2,7,10,-66.12,1,1,0,1,1,1,1,1
2026-03-28 12:20:34.196,450.794,-2,7,10,-69.03,1,1,0,1,1,1,1,1
2026-03-28 12:20:34.292,450.890,-2,7,10,-70.47,1,1,0,1,1,1,1,1
2026-03-28 12:20:34.339,450.937,-2,7,10,-67.78,1,1,0,1,1,1,1,1
2026-03-28 12:20:34.451,451.049,-1,7,10,-70.42,1,1,0,1,1,1,1,1
2026-03-28 12:20:34.547,451.145,0,7,11,-70.64,1,1,0,1,1,1,1,1
2026-03-28 12:20:34.596,451.194,-2,7,10,-69.48,1,1,0,1,1,1,1,1
2026-03-28 12:20:34.691,451.289,-1,8,11,-68.62,1,1,0,1,1,1,1,1
2026-03-28 12:20:34.787,451.386,-2,7,10,-68.45,1,1,0,1,1,1,1,1
2026-03-28 12:20:34.899,451.498,0,7,11,-67.56,1,1,0,1,1,1,1,1
2026-03-28 12:20:34.963,451.561,0,10,10,-66.07,1,1,0,1,1,1,1,1
2026-03-28 12:20:35.107,451.706,-1,10,11,-69.86,1,1,0,1,1,1,1,1
2026-03-28 12:20:35.140,451.738,-1,7,10,-72.26,1,1,0,1,1,1,1,1
2026-03-28 12:20:35.187,451.785,-1,7,10,-71.1,1,1,0,1,1,1,1,1
2026-03-28 12:20:35.315,451.914,-1,7,10,-67.65,1,1,0,1,1,1,1,1
2026-03-28 12:20:35.363,451.961,-2,7,10,-71.04,1,1,0,1,1,1,1,1
2026-03-28 12:20:35.443,452.041,-1,7,10,-70.64,1,1,0,1,1,1,1,1
2026-03-28 12:20:35.555,452.154,-1,7,10,-69.61,1,1,0,1,1,1,1,1
2026-03-28 12:20:35.619,452.218,-2,10,10,-72.01,1,1,0,1,1,1,1,1
2026-03-28 12:20:35.731,452.329,-1,7,10,-69.58,1,1,0,1,1,1,1,1
2026-03-28 12:20:35.779,452.377,-1,7,10,-69.01,1,1,0,1,1,1,1,1
2026-03-28 12:20:35.842,452.441,-2,7,10,-66.24,1,1,0,1,1,1,1,1
2026-03-28 12:20:35.907,452.506,-1,7,10,-69.71,1,1,0,1,1,1,1,1
2026-03-28 12:20:36.003,452.601,-1,7,10,-65.84,1,1,0,1,1,1,1,1
2026-03-28 12:20:36.099,452.698,-2,7,10,-71.1,1,1,0,1,1,1,1,1
2026-03-28 12:20:36.227,452.825,-2,7,10,-67.66,1,1,0,1,1,1,1,1
2026-03-28 12:20:36.291,452.890,-2,7,11,-68.74,1,1,0,1,1,1,1,1
2026-03-28 12:20:36.371,452.969,-1,7,11,-67.16,1,1,0,1,1,1,1,1
2026-03-28 12:20:36.436,453.034,-2,7,10,-69.27,1,1,0,1,1,1,1,1
2026-03-28 12:20:36.531,453.130,-2,7,10,-69.28,1,1,0,1,1,1,1,1
2026-03-28 12:20:36.627,453.225,-1,7,10,-68.54,1,1,0,1,1,1,1,1
2026-03-28 12:20:36.691,453.289,-2,7,11,-68.13,1,1,0,1,1,1,1,1
2026-03-28 12:20:36.754,453.353,-1,7,11,-69.9,1,1,0,1,1,1,1,1
2026-03-28 12:20:36.883,453.481,-2,7,10,-70.44,1,1,0,1,1,1,1,1
2026-03-28 12:20:36.915,453.513,-2,7,11,-66.84,1,1,0,1,1,1,1,1
2026-03-28 12:20:36.979,453.578,-1,7,11,-70.92,1,1,0,1,1,1,1,1
2026-03-28 12:20:37.059,453.657,-1,7,11,-69.23,1,1,0,1,1,1,1,1
2026-03-28 12:20:37.107,453.705,-1,7,10,-75.6,1,1,0,1,1,1,1,1
2026-03-28 12:20:37.188,453.786,-2,7,10,-68.35,1,1,0,1,1,1,1,1
2026-03-28 12:20:37.283,453.881,-1,7,10,-70.06,1,1,0,1,1,1,1,1
2026-03-28 12:20:37.379,453.977,-1,7,10,-70.23,1,1,0,1,1,1,1,1
2026-03-28 12:20:37.459,454.058,-2,7,10,-67.59,1,1,0,1,1,1,1,1
2026-03-28 12:20:37.603,454.201,-2,7,10,-70.6,1,1,0,1,1,1,1,1
2026-03-28 12:20:37.667,454.266,-2,7,10,-68.15,1,1,0,1,1,1,1,1
2026-03-28 12:20:37.731,454.330,-1,7,10,-71.58,1,1,0,1,1,1,1,1
2026-03-28 12:20:37.827,454.426,-2,7,10,-72.99,1,1,0,1,1,1,1,1
2026-03-28 12:20:37.891,454.489,-1,7,10,-68.04,1,1,0,1,1,1,1,1
2026-03-28 12:20:38.003,454.601,-1,7,11,-66.06,1,1,0,1,1,1,1,1
2026-03-28 12:20:38.099,454.697,-1,7,11,-70.21,1,1,0,1,1,1,1,1
2026-03-28 12:20:38.115,454.714,-1,7,10,-71.05,1,1,0,1,1,1,1,1
2026-03-28 12:20:38.227,454.825,-1,7,11,-69.35,1,1,0,1,1,1,1,1
2026-03-28 12:20:38.275,454.873,-1,7,11,-69.46,1,1,0,1,1,1,1,1
2026-03-28 12:20:38.387,454.985,-1,7,10,-72.12,1,1,0,1,1,1,1,1
2026-03-28 12:20:38.483,455.081,-1,7,10,-67.69,1,1,0,1,1,1,1,1
2026-03-28 12:20:38.499,455.097,-2,7,10,-67.99,1,1,0,1,1,1,1,1
2026-03-28 12:20:38.563,455.161,-2,7,11,-70.02,1,1,0,1,1,1,1,1
2026-03-28 12:20:38.659,455.258,-2,7,10,-73.64,1,1,0,1,1,1,1,1
2026-03-28 12:20:38.707,455.305,-1,7,11,-71.99,1,1,0,1,1,1,1,1
2026-03-28 12:20:38.803,455.402,-2,7,10,-71.99,1,1,0,1,1,1,1,1
2026-03-28 12:20:38.883,455.481,-2,7,10,-70.15,1,1,0,1,1,1,1,1
2026-03-28 12:20:38.947,455.545,-2,7,8,-72.82,1,1,0,1,1,1,1,1
2026-03-28 12:20:39.059,455.657,-1,7,10,-75.17,1,1,0,1,1,1,1,1
2026-03-28 12:20:39.075,455.674,-2,7,10,-72.63,1,1,0,1,1,1,1,1
2026-03-28 12:20:39.171,455.769,-2,7,11,-73.18,1,1,0,1,1,1,1,1
2026-03-28 12:20:39.235,455.833,-1,7,11,-72.83,1,1,0,1,1,1,1,1
2026-03-28 12:20:39.283,455.881,-2,7,10,-71.02,1,1,0,1,1,1,1,1
2026-03-28 12:20:39.411,456.009,-2,7,11,-71.66,1,1,0,1,1,1,1,1
2026-03-28 12:20:39.475,456.074,-2,7,10,-73.57,1,1,0,1,1,1,1,1
2026-03-28 12:20:39.491,456.089,-1,7,11,-71.74,1,1,0,1,1,1,1,1
2026-03-28 12:20:39.586,456.185,-2,7,10,-68.34,1,1,0,1,1,1,1,1
2026-03-28 12:20:39.747,456.345,-2,7,11,-71.03,1,1,0,1,1,1,1,1
2026-03-28 12:20:39.875,456.473,-2,7,10,-69.31,1,1,0,1,1,1,1,1
2026-03-28 12:20:39.955,456.553,-1,7,11,-69.86,1,1,0,1,1,1,1,1
2026-03-28 12:20:40.035,456.633,-2,7,11,-70.11,1,1,0,1,1,1,1,1
2026-03-28 12:20:40.115,456.714,-1,7,11,-70.02,1,1,0,1,1,1,1,1
2026-03-28 12:20:40.179,456.778,-1,7,10,-71.73,1,1,0,1,1,1,1,1
2026-03-28 12:20:40.307,456.905,-1,7,10,-70.25,1,1,0,1,1,1,1,1
2026-03-28 12:20:40.339,456.938,-1,7,10,-70.76,1,1,0,1,1,1,1,1
2026-03-28 12:20:40.435,457.034,-1,7,11,-71.0,1,1,0,1,1,1,1,1
2026-03-28 12:20:40.499,457.098,-2,7,10,-72.3,1,1,0,1,1,1,1,1
2026-03-28 12:20:40.563,457.161,-1,7,10,-72.05,1,1,0,1,1,1,1,1
2026-03-28 12:20:40.627,457.226,-1,7,10,-72.43,1,1,0,1,1,1,1,1
2026-03-28 12:20:40.675,457.273,-1,7,10,-70.7,1,1,0,1,1,1,1,1
2026-03-28 12:20:40.803,457.401,-1,7,11,-69.49,1,1,0,1,1,1,1,1
2026-03-28 12:20:40.851,457.449,-1,7,10,-75.86,1,1,0,1,1,1,1,1
2026-03-28 12:20:40.914,457.513,-1,7,11,-70.61,1,1,0,1,1,1,1,1
2026-03-28 12:20:41.042,457.640,-1,7,10,-74.07,1,1,0,1,1,1,1,1
2026-03-28 12:20:41.059,457.657,-2,7,10,-69.05,1,1,0,1,1,1,1,1
2026-03-28 12:20:41.170,457.769,-1,8,10,-70.16,1,1,0,1,1,1,1,1
2026-03-28 12:20:41.251,457.849,-1,7,10,-70.98,1,1,0,1,1,1,1,1
2026-03-28 12:20:41.346,457.945,-2,7,10,-74.5,1,1,0,1,1,1,1,1
2026-03-28 12:20:41.378,457.977,-1,8,10,-78.17,1,1,0,1,1,1,1,1
2026-03-28 12:20:41.506,458.104,-2,8,10,-65.63,1,1,0,1,1,1,1,1
2026-03-28 12:20:41.555,458.153,-2,7,10,-71.92,1,1,0,1,1,1,1,1
2026-03-28 12:20:41.650,458.249,-2,7,10,-70.94,1,1,0,1,1,1,1,1
2026-03-28 12:20:41.714,458.313,-1,7,10,-71.7,1,1,0,1,1,1,1,1
2026-03-28 12:20:41.827,458.425,-2,7,10,-73.66,1,1,0,1,1,1,1,1
2026-03-28 12:20:41.938,458.537,-2,7,10,-69.35,1,1,0,1,1,1,1,1
2026-03-28 12:20:42.066,458.665,-1,7,11,-68.66,1,1,0,1,1,1,1,1
2026-03-28 12:20:42.114,458.712,-1,7,11,-68.19,1,1,0,1,1,1,1,1
2026-03-28 12:20:42.162,458.760,-1,7,10,-71.42,1,1,0,1,1,1,1,1
2026-03-28 12:20:42.195,458.793,-1,7,10,-73.38,1,1,0,1,1,1,1,1
2026-03-28 12:20:42.323,458.921,-2,8,10,-69.97,1,1,0,1,1,1,1,1
2026-03-28 12:20:42.403,459.002,-1,7,11,-68.14,1,1,0,1,1,1,1,1
2026-03-28 12:20:42.515,459.113,-1,7,11,-68.45,1,1,0,1,1,1,1,1
2026-03-28 12:20:42.530,459.129,-1,7,11,-71.62,1,1,0,1,1,1,1,1
2026-03-28 12:20:42.626,459.225,-2,7,10,-69.64,1,1,0,1,1,1,1,1
2026-03-28 12:20:42.755,459.354,-1,7,11,-72.04,1,1,0,1,1,1,1,1
2026-03-28 12:20:42.819,459.418,-1,7,11,-73.05,1,1,0,1,1,1,1,1
2026-03-28 12:20:42.898,459.497,-1,7,10,-67.71,1,1,0,1,1,1,1,1
2026-03-28 12:20:43.011,459.609,-1,7,11,-67.04,1,1,0,1,1,1,1,1
2026-03-28 12:20:43.059,459.657,-1,7,10,-69.77,1,1,0,1,1,1,1,1
2026-03-28 12:20:43.122,459.721,-2,7,10,-70.88,1,1,0,1,1,1,1,1
2026-03-28 12:20:43.219,459.817,-2,7,10,-71.11,1,1,0,1,1,1,1,1
2026-03-28 12:20:43.267,459.865,-1,7,11,-70.93,1,1,0,1,1,1,1,1
2026-03-28 12:20:43.395,459.994,-1,10,11,-67.66,1,1,0,1,1,1,1,1
2026-03-28 12:20:43.442,460.041,-1,7,11,-69.61,1,1,0,1,1,1,1,1
2026-03-28 12:20:43.538,460.137,-1,7,11,-68.99,1,1,0,1,1,1,1,1
2026-03-28 12:20:43.635,460.233,-2,7,10,-66.84,1,1,0,1,1,1,1,1
2026-03-28 12:20:43.746,460.345,-2,7,10,-66.78,1,1,0,1,1,1,1,1
2026-03-28 12:20:43.795,460.394,-1,7,10,-69.83,1,1,0,1,1,1,1,1
2026-03-28 12:20:43.874,460.473,-2,10,11,-68.07,1,1,0,1,1,1,1,1
2026-03-28 12:20:43.939,460.537,-1,7,11,-68.26,1,1,0,1,1,1,1,1
2026-03-28 12:20:44.002,460.601,-2,7,10,-73.65,1,1,0,1,1,1,1,1
2026-03-28 12:20:44.067,460.665,-1,7,10,-66.59,1,1,0,1,1,1,1,1
2026-03-28 12:20:44.178,460.777,-1,7,10,-68.17,1,1,0,1,1,1,1,1
2026-03-28 12:20:44.226,460.825,-2,7,10,-68.53,1,1,0,1,1,1,1,1
2026-03-28 12:20:44.354,460.953,-1,7,10,-68.66,1,1,0,1,1,1,1,1
2026-03-28 12:20:44.370,460.969,-1,10,11,-70.42,1,1,0,1,1,1,1,1
2026-03-28 12:20:44.483,461.081,-2,7,10,-67.62,1,1,0,1,1,1,1,1
2026-03-28 12:20:44.547,461.145,-2,7,11,-66.12,1,1,0,1,1,1,1,1
2026-03-28 12:20:44.627,461.225,-2,7,10,-67.76,1,1,0,1,1,1,1,1
2026-03-28 12:20:44.706,461.305,-1,7,10,-69.59,1,1,0,1,1,1,1,1
2026-03-28 12:20:44.818,461.417,-2,7,10,-65.26,1,1,0,1,1,1,1,1
2026-03-28 12:20:44.882,461.481,-1,7,10,-67.43,1,1,0,1,1,1,1,1
2026-03-28 12:20:44.994,461.592,-2,7,10,-67.91,1,1,0,1,1,1,1,1
2026-03-28 12:20:45.026,461.625,-2,7,10,-68.53,1,1,0,1,1,1,1,1
2026-03-28 12:20:45.139,461.737,-1,7,11,-67.47,1,1,0,1,1,1,1,1
2026-03-28 12:20:45.203,461.802,-1,7,11,-66.48,1,1,0,1,1,1,1,1
2026-03-28 12:20:45.282,461.881,-1,10,10,-70.99,1,1,0,1,1,1,1,1
2026-03-28 12:20:45.346,461.945,-1,7,11,-65.85,1,1,0,1,1,1,1,1
2026-03-28 12:20:45.491,462.089,-2,7,10,-67.98,1,1,0,1,1,1,1,1
2026-03-28 12:20:45.522,462.121,-2,7,10,-65.58,1,1,0,1,1,1,1,1
2026-03-28 12:20:45.587,462.186,-1,7,10,-68.16,1,1,0,1,1,1,1,1
2026-03-28 12:20:45.666,462.264,-1,7,10,-66.89,1,1,0,1,1,1,1,1
2026-03-28 12:20:45.747,462.345,-1,10,10,-67.81,1,1,0,1,1,1,1,1
2026-03-28 12:20:45.875,462.473,-2,7,10,-67.81,1,1,0,1,1,1,1,1
2026-03-28 12:20:45.923,462.521,-1,7,10,-63.94,1,1,0,1,1,1,1,1
2026-03-28 12:20:46.035,462.633,-1,7,10,-69.96,1,1,0,1,1,1,1,1
2026-03-28 12:20:46.066,462.665,-2,7,10,-67.94,1,1,0,1,1,1,1,1
2026-03-28 12:20:46.179,462.777,-2,7,10,-66.5,1,1,0,1,1,1,1,1
2026-03-28 12:20:46.242,462.841,-1,7,10,-69.21,1,1,0,1,1,1,1,1
2026-03-28 12:20:46.354,462.953,-1,7,10,-65.89,1,1,0,1,1,1,1,1
2026-03-28 12:20:46.434,463.033,-2,7,10,-65.5,1,1,0,1,1,1,1,1
2026-03-28 12:20:46.514,463.113,-1,7,10,-65.41,1,1,0,1,1,1,1,1
2026-03-28 12:20:46.563,463.161,-1,7,11,-65.58,1,1,0,1,1,1,1,1
2026-03-28 12:20:46.690,463.289,-1,7,11,-64.61,1,1,0,1,1,1,1,1
2026-03-28 12:20:46.754,463.353,-1,7,11,-65.02,1,1,0,1,1,1,1,1
2026-03-28 12:20:46.851,463.449,-2,7,10,-67.82,1,1,0,1,1,1,1,1
2026-03-28 12:20:46.898,463.496,0,7,11,-63.91,1,1,0,1,1,1,1,1
2026-03-28 12:20:47.010,463.609,0,7,10,-68.48,1,1,0,1,1,1,1,1
2026-03-28 12:20:47.075,463.673,0,8,10,-71.39,1,1,0,1,1,1,1,1
2026-03-28 12:20:47.171,463.769,0,7,10,-67.91,1,1,0,1,1,1,1,1
2026-03-28 12:20:47.298,463.896,0,7,11,-67.88,1,1,0,1,1,1,1,1
2026-03-28 12:20:47.315,463.913,-2,7,10,-68.32,1,1,0,1,1,1,1,1
2026-03-28 12:20:47.426,464.024,-2,7,11,-65.9,1,1,0,1,1,1,1,1
2026-03-28 12:20:47.442,464.041,-1,7,11,-66.88,1,1,0,1,1,1,1,1
2026-03-28 12:20:47.539,464.137,-1,7,10,-65.62,1,1,0,1,1,1,1,1
2026-03-28 12:20:47.635,464.233,-2,7,10,-66.9,1,1,0,1,1,1,1,1
2026-03-28 12:20:47.763,464.361,-2,7,10,-65.17,1,1,0,1,1,1,1,1
2026-03-28 12:20:47.795,464.393,-1,7,11,-68.34,1,1,0,1,1,1,1,1
2026-03-28 12:20:47.939,464.537,-1,7,10,-63.93,1,1,0,1,1,1,1,1
2026-03-28 12:20:47.954,464.553,-1,7,11,-62.89,1,1,0,1,1,1,1,1
2026-03-28 12:20:48.130,464.728,-2,7,10,-66.62,1,1,0,1,1,1,1,1
2026-03-28 12:20:48.163,464.761,-1,7,10,-67.94,1,1,0,1,1,1,1,1
2026-03-28 12:20:48.243,464.841,-1,7,11,-65.06,1,1,0,1,1,1,1,1
2026-03-28 12:20:48.322,464.921,-2,7,10,-65.14,1,1,0,1,1,1,1,1
2026-03-28 12:20:48.386,464.985,-1,7,10,-72.9,1,1,0,1,1,1,1,1
2026-03-28 12:20:48.434,465.033,-1,10,11,-64.04,1,1,0,1,1,1,1,1
2026-03-28 12:20:48.498,465.097,0,7,11,-66.74,1,1,0,1,1,1,1,1
2026-03-28 12:20:48.595,465.193,-1,7,10,-65.37,1,1,0,1,1,1,1,1
2026-03-28 12:20:48.659,465.257,-1,7,10,-66.95,1,1,0,1,1,1,1,1
2026-03-28 12:20:48.770,465.368,-2,7,11,-67.91,1,1,0,1,1,1,1,1
2026-03-28 12:20:48.914,465.513,-1,7,11,-66.13,1,1,0,1,1,1,1,1
2026-03-28 12:20:48.947,465.545,-1,7,11,-62.48,1,1,0,1,1,1,1,1
2026-03-28 12:20:49.010,465.609,-2,7,10,-64.12,1,1,0,1,1,1,1,1
2026-03-28 12:20:49.170,465.769,-2,7,10,-64.31,1,1,0,1,1,1,1,1
2026-03-28 12:20:49.234,465.832,0,7,10,-64.64,1,1,0,1,1,1,1,1
2026-03-28 12:20:49.330,465.928,-1,7,11,-67.38,1,1,0,1,1,1,1,1
2026-03-28 12:20:49.395,465.993,0,7,10,-65.4,1,1,0,1,1,1,1,1
2026-03-28 12:20:49.442,466.041,0,7,10,-66.19,1,1,0,1,1,1,1,1
2026-03-28 12:20:49.539,466.137,0,8,10,-64.69,1,1,0,1,1,1,1,1
2026-03-28 12:20:49.619,466.217,-2,7,10,-63.4,1,1,0,1,1,1,1,1
2026-03-28 12:20:49.682,466.281,0,8,11,-65.13,1,1,0,1,1,1,1,1
2026-03-28 12:20:49.762,466.361,0,7,10,-65.98,1,1,0,1,1,1,1,1
2026-03-28 12:20:49.859,466.457,0,7,11,-66.06,1,1,0,1,1,1,1,1
2026-03-28 12:20:49.938,466.536,0,7,10,-65.77,1,1,0,1,1,1,1,1
2026-03-28 12:20:49.971,466.569,-2,7,10,-63.39,1,1,0,1,1,1,1,1
2026-03-28 12:20:50.114,466.712,-1,7,10,-66.93,1,1,0,1,1,1,1,1
2026-03-28 12:20:50.195,466.793,-1,7,11,-68.58,1,1,0,1,1,1,1,1
2026-03-28 12:20:50.258,466.857,0,7,11,-66.07,1,1,0,1,1,1,1,1
2026-03-28 12:20:50.354,466.953,0,7,11,-68.55,1,1,0,1,1,1,1,1
2026-03-28 12:20:50.466,467.065,0,7,11,-64.73,1,1,0,1,1,1,1,1
2026-03-28 12:20:50.563,467.161,0,7,11,-64.86,1,1,0,1,1,1,1,1
2026-03-28 12:20:50.642,467.241,0,8,11,-61.95,1,1,0,1,1,1,1,1
2026-03-28 12:20:50.691,467.289,-1,7,11,-64.42,1,1,0,1,1,1,1,1
2026-03-28 12:20:50.787,467.385,-1,7,11,-64.52,1,1,0,1,1,1,1,1
2026-03-28 12:20:50.818,467.417,0,7,11,-65.87,1,1,0,1,1,1,1,1
2026-03-28 12:20:50.961,467.560,-2,10,10,-67.94,1,1,0,1,1,1,1,1
2026-03-28 12:20:50.994,467.593,-1,7,11,-66.66,1,1,0,1,1,1,1,1
2026-03-28 12:20:51.059,467.657,-1,7,10,-65.42,1,1,0,1,1,1,1,1
2026-03-28 12:20:51.107,467.705,-2,7,10,-64.17,1,1,0,1,1,1,1,1
2026-03-28 12:20:51.186,467.785,-1,7,10,-66.53,1,1,0,1,1,1,1,1
2026-03-28 12:20:51.330,467.929,-1,7,11,-68.32,1,1,0,1,1,1,1,1
2026-03-28 12:20:51.347,467.945,-2,7,10,-71.09,1,1,0,1,1,1,1,1
2026-03-28 12:20:51.506,468.104,-2,7,10,-67.47,1,1,0,1,1,1,1,1
2026-03-28 12:20:51.522,468.121,-1,7,10,-67.03,1,1,0,1,1,1,1,1
2026-03-28 12:20:51.602,468.201,-1,7,10,-63.84,1,1,0,1,1,1,1,1
2026-03-28 12:20:51.730,468.328,-1,7,10,-65.2,1,1,0,1,1,1,1,1
2026-03-28 12:20:51.777,468.376,-2,7,10,-64.98,1,1,0,1,1,1,1,1
2026-03-28 12:20:51.858,468.457,-1,7,11,-65.47,1,1,0,1,1,1,1,1
2026-03-28 12:20:51.954,468.553,-1,7,11,-65.66,1,1,0,1,1,1,1,1
2026-03-28 12:20:52.002,468.600,-2,7,10,-63.73,1,1,0,1,1,1,1,1
2026-03-28 12:20:52.098,468.696,-2,7,10,-63.28,1,1,0,1,1,1,1,1
2026-03-28 12:20:52.194,468.793,-2,7,10,-69.03,1,1,0,1,1,1,1,1
2026-03-28 12:20:52.290,468.889,-2,7,11,-66.88,1,1,0,1,1,1,1,1
2026-03-28 12:20:52.354,468.953,-1,7,10,-63.92,1,1,0,1,1,1,1,1
2026-03-28 12:20:52.435,469.033,-2,7,10,-65.11,1,1,0,1,1,1,1,1
2026-03-28 12:20:52.530,469.129,-1,7,10,-65.4,1,1,0,1,1,1,1,1
2026-03-28 12:20:52.611,469.209,-1,7,11,-68.57,1,1,0,1,1,1,1,1
2026-03-28 12:20:52.690,469.288,-1,7,11,-64.81,1,1,0,1,1,1,1,1
2026-03-28 12:20:52.739,469.337,-1,7,10,-69.11,1,1,0,1,1,1,1,1
2026-03-28 12:20:52.834,469.433,-1,7,10,-67.85,1,1,0,1,1,1,1,1
2026-03-28 12:20:52.897,469.496,-2,7,10,-71.55,1,1,0,1,1,1,1,1
2026-03-28 12:20:53.009,469.608,-1,7,11,-66.64,1,1,0,1,1,1,1,1
2026-03-28 12:20:53.090,469.689,-1,7,11,-66.68,1,1,0,1,1,1,1,1
2026-03-28 12:20:53.123,469.721,-2,7,10,-65.69,1,1,0,1,1,1,1,1
2026-03-28 12:20:53.250,469.849,-1,7,10,-69.16,1,1,0,1,1,1,1,1
2026-03-28 12:20:53.298,469.896,-2,7,10,-68.22,1,1,0,1,1,1,1,1
2026-03-28 12:20:53.394,469.993,-1,7,10,-67.3,1,1,0,1,1,1,1,1
2026-03-28 12:20:53.490,470.089,-2,10,10,-69.15,1,1,0,1,1,1,1,1
2026-03-28 12:20:53.506,470.104,-2,7,10,-65.35,1,1,0,1,1,1,1,1
2026-03-28 12:20:53.618,470.217,-1,7,11,-64.11,1,1,0,1,1,1,1,1
2026-03-28 12:20:53.666,470.264,-1,10,11,-67.91,1,1,0,1,1,1,1,1
2026-03-28 12:20:53.762,470.360,-1,7,11,-67.45,1,1,0,1,1,1,1,1
2026-03-28 12:20:53.842,470.440,-2,7,10,-69.35,1,1,0,1,1,1,1,1
2026-03-28 12:20:53.906,470.505,-2,7,10,-67.88,1,1,0,1,1,1,1,1
2026-03-28 12:20:53.987,470.585,-1,7,11,-66.44,1,1,0,1,1,1,1,1
2026-03-28 12:20:54.098,470.696,-1,7,10,-67.21,1,1,0,1,1,1,1,1
2026-03-28 12:20:54.147,470.745,-2,7,10,-64.72,1,1,0,1,1,1,1,1
2026-03-28 12:20:54.242,470.840,-2,7,10,-68.83,1,1,0,1,1,1,1,1
2026-03-28 12:20:54.354,470.953,-1,7,10,-65.07,1,1,0,1,1,1,1,1
2026-03-28 12:20:54.419,471.017,-2,10,10,-65.42,1,1,0,1,1,1,1,1
2026-03-28 12:20:54.482,471.080,-2,7,10,-65.54,1,1,0,1,1,1,1,1
2026-03-28 12:20:54.578,471.176,-1,7,10,-69.79,1,1,0,1,1,1,1,1
2026-03-28 12:20:54.642,471.241,-2,7,10,-66.28,1,1,0,1,1,1,1,1
2026-03-28 12:20:54.706,471.305,-1,7,11,-65.1,1,1,0,1,1,1,1,1
2026-03-28 12:20:54.786,471.384,-2,7,10,-63.43,1,1,0,1,1,1,1,1
2026-03-28 12:20:54.866,471.464,-1,7,10,-69.64,1,1,0,1,1,1,1,1
2026-03-28 12:20:54.913,471.512,-2,7,10,-69.5,1,1,0,1,1,1,1,1
2026-03-28 12:20:55.026,471.625,-1,7,10,-65.44,1,1,0,1,1,1,1,1
2026-03-28 12:20:55.058,471.656,-1,7,11,-68.05,1,1,0,1,1,1,1,1
2026-03-28 12:20:55.171,471.769,-2,7,10,-66.9,1,1,0,1,1,1,1,1
2026-03-28 12:20:55.202,471.800,-2,9,10,-63.39,1,1,0,1,1,1,1,1
2026-03-28 12:20:55.331,471.929,-2,7,11,-66.56,1,1,0,1,1,1,1,1
2026-03-28 12:20:55.362,471.960,-2,7,10,-71.57,1,1,0,1,1,1,1,1
2026-03-28 12:20:55.458,472.056,-2,7,10,-66.82,1,1,0,1,1,1,1,1
2026-03-28 12:20:55.538,472.137,-2,7,11,-67.82,1,1,0,1,1,1,1,1
2026-03-28 12:20:55.618,472.217,-2,7,10,-64.18,1,1,0,1,1,1,1,1
2026-03-28 12:20:55.682,472.280,-1,7,10,-68.51,1,1,0,1,1,1,1,1
2026-03-28 12:20:55.747,472.345,-2,7,10,-66.37,1,1,0,1,1,1,1,1
2026-03-28 12:20:55.842,472.440,-1,7,10,-70.77,1,1,0,1,1,1,1,1
2026-03-28 12:20:55.954,472.553,-2,7,10,-64.57,1,1,0,1,1,1,1,1
2026-03-28 12:20:56.034,472.633,-1,7,10,-66.43,1,1,0,1,1,1,1,1
2026-03-28 12:20:56.114,472.713,-1,7,11,-66.93,1,1,0,1,1,1,1,1
2026-03-28 12:20:56.130,472.728,-1,7,10,-68.31,1,1,0,1,1,1,1,1
2026-03-28 12:20:56.210,472.809,-2,7,11,-69.13,1,1,0,1,1,1,1,1
2026-03-28 12:20:56.274,472.873,-2,7,11,-69.32,1,1,0,1,1,1,1,1
2026-03-28 12:20:56.354,472.952,-1,7,11,-67.06,1,1,0,1,1,1,1,1
2026-03-28 12:20:56.450,473.048,-1,7,10,-63.57,1,1,0,1,1,1,1,1
2026-03-28 12:20:56.546,473.144,-2,7,10,-65.61,1,1,0,1,1,1,1,1
2026-03-28 12:20:56.562,473.160,-1,7,11,-65.77,1,1,0,1,1,1,1,1
2026-03-28 12:20:56.706,473.304,-1,7,10,-70.38,1,1,0,1,1,1,1,1
2026-03-28 12:20:56.754,473.352,-2,7,10,-66.4,1,1,0,1,1,1,1,1
2026-03-28 12:20:56.786,473.384,-1,7,10,-68.97,1,1,0,1,1,1,1,1
2026-03-28 12:20:56.882,473.480,-1,7,10,-68.21,1,1,0,1,1,1,1,1
2026-03-28 12:20:56.931,473.529,-1,7,10,-67.11,1,1,0,1,1,1,1,1
2026-03-28 12:20:57.026,473.624,-1,8,10,-67.17,1,1,0,1,1,1,1,1
2026-03-28 12:20:57.106,473.704,-1,8,11,-68.79,1,1,0,1,1,1,1,1
2026-03-28 12:20:57.186,473.785,-1,10,10,-69.99,1,1,0,1,1,1,1,1
2026-03-28 12:20:57.282,473.881,-1,7,11,-66.99,1,1,0,1,1,1,1,1
2026-03-28 12:20:57.346,473.945,-1,10,10,-65.77,1,1,0,1,1,1,1,1
2026-03-28 12:20:57.458,474.057,-2,10,10,-66.91,1,1,0,1,1,1,1,1
2026-03-28 12:20:57.490,474.089,-2,7,10,-65.11,1,1,0,1,1,1,1,1
2026-03-28 12:20:57.602,474.201,-1,7,10,-70.28,1,1,0,1,1,1,1,1
2026-03-28 12:20:57.666,474.264,-1,7,11,-67.5,1,1,0,1,1,1,1,1
2026-03-28 12:20:57.747,474.345,-2,7,11,-66.67,1,1,0,1,1,1,1,1
2026-03-28 12:20:57.826,474.425,-1,7,10,-68.08,1,1,0,1,1,1,1,1
2026-03-28 12:20:57.970,474.568,-1,7,10,-66.17,1,1,0,1,1,1,1,1
2026-03-28 12:20:58.050,474.648,-1,7,10,-68.34,1,1,0,1,1,1,1,1
2026-03-28 12:20:58.146,474.745,-1,10,11,-68.43,1,1,0,1,1,1,1,1
2026-03-28 12:20:58.306,474.905,-1,10,11,-64.25,1,1,0,1,1,1,1,1
2026-03-28 12:20:58.338,474.936,-2,7,10,-64.59,1,1,0,1,1,1,1,1
2026-03-28 12:20:58.401,474.999,-1,7,11,-65.26,1,1,0,1,1,1,1,1
2026-03-28 12:20:58.481,475.079,-1,7,11,-63.96,1,1,0,1,1,1,1,1
2026-03-28 12:20:58.578,475.177,-2,7,10,-65.58,1,1,0,1,1,1,1,1
2026-03-28 12:20:58.626,475.224,-1,7,10,-70.16,1,1,0,1,1,1,1,1
2026-03-28 12:20:58.690,475.289,-1,7,10,-67.64,1,1,0,1,1,1,1,1
2026-03-28 12:20:58.801,475.400,-2,7,10,-64.93,1,1,0,1,1,1,1,1
2026-03-28 12:20:58.881,475.480,-1,7,11,-67.11,1,1,0,1,1,1,1,1
2026-03-28 12:20:58.946,475.545,-2,9,10,-70.69,1,1,0,1,1,1,1,1
2026-03-28 12:20:59.010,475.609,-1,10,11,-66.04,1,1,0,1,1,1,1,1
2026-03-28 12:20:59.121,475.720,-1,10,11,-71.02,1,1,0,1,1,1,1,1
2026-03-28 12:20:59.202,475.801,-1,7,11,-65.9,1,1,0,1,1,1,1,1
2026-03-28 12:20:59.250,475.848,0,7,11,-68.06,1,1,0,1,1,1,1,1
2026-03-28 12:20:59.346,475.944,-2,10,11,-67.66,1,1,0,1,1,1,1,1
2026-03-28 12:20:59.522,476.120,-1,7,10,-64.45,1,1,0,1,1,1,1,1
2026-03-28 12:20:59.634,476.232,-1,7,10,-66.46,1,1,0,1,1,1,1,1
2026-03-28 12:20:59.682,476.280,-1,7,10,-68.05,1,1,0,1,1,1,1,1
2026-03-28 12:20:59.762,476.360,-2,10,10,-67.88,1,1,0,1,1,1,1,1
2026-03-28 12:20:59.890,476.488,-2,7,10,-68.6,1,1,0,1,1,1,1,1
2026-03-28 12:20:59.937,476.536,-1,7,10,-71.16,1,1,0,1,1,1,1,1
2026-03-28 12:21:00.002,476.600,-1,7,10,-69.14,1,1,0,1,1,1,1,1
2026-03-28 12:21:00.146,476.745,-1,7,10,-65.14,1,1,0,1,1,1,1,1
2026-03-28 12:21:00.162,476.760,-1,7,11,-71.29,1,1,0,1,1,1,1,1
2026-03-28 12:21:00.242,476.840,-1,7,11,-70.68,1,1,0,1,1,1,1,1
2026-03-28 12:21:00.337,476.936,-2,7,10,-69.67,1,1,0,1,1,1,1,1
2026-03-28 12:21:00.369,476.968,-1,7,10,-67.37,1,1,0,1,1,1,1,1
2026-03-28 12:21:00.449,477.048,-2,10,11,-66.55,1,1,0,1,1,1,1,1
2026-03-28 12:21:00.545,477.144,-2,7,10,-66.5,1,1,0,1,1,1,1,1
2026-03-28 12:21:00.641,477.240,-1,7,11,-69.08,1,1,0,1,1,1,1,1
2026-03-28 12:21:00.769,477.368,-2,7,10,-68.73,1,1,0,1,1,1,1,1
2026-03-28 12:21:00.849,477.448,-2,7,10,-66.08,1,1,0,1,1,1,1,1
2026-03-28 12:21:00.961,477.560,-1,7,10,-65.64,1,1,0,1,1,1,1,1
2026-03-28 12:21:00.994,477.592,-2,7,10,-68.04,1,1,0,1,1,1,1,1
2026-03-28 12:21:01.089,477.687,-2,7,10,-67.03,1,1,0,1,1,1,1,1
2026-03-28 12:21:01.201,477.799,-2,7,10,-69.76,1,1,0,1,1,1,1,1
2026-03-28 12:21:01.313,477.912,-1,7,10,-67.93,1,1,0,1,1,1,1,1
2026-03-28 12:21:01.330,477.928,-1,10,11,-73.17,1,1,0,1,1,1,1,1
2026-03-28 12:21:01.441,478.040,-1,7,11,-71.49,1,1,0,1,1,1,1,1
2026-03-28 12:21:01.490,478.089,-2,7,11,-69.7,1,1,0,1,1,1,1,1
2026-03-28 12:21:01.569,478.168,-2,7,10,-66.45,1,1,0,1,1,1,1,1
2026-03-28 12:21:01.698,478.296,-1,10,10,-69.97,1,1,0,1,1,1,1,1
2026-03-28 12:21:01.762,478.360,-2,7,10,-71.89,1,1,0,1,1,1,1,1
2026-03-28 12:21:01.874,478.472,-2,7,10,-68.44,1,1,0,1,1,1,1,1
2026-03-28 12:21:01.937,478.535,-1,7,11,-65.88,1,1,0,1,1,1,1,1
2026-03-28 12:21:02.050,478.648,-2,7,10,-68.16,1,1,0,1,1,1,1,1
2026-03-28 12:21:02.114,478.713,-2,10,10,-69.88,1,1,0,1,1,1,1,1
2026-03-28 12:21:02.210,478.809,-1,7,10,-73.62,1,1,0,1,1,1,1,1
2026-03-28 12:21:02.290,478.888,0,7,10,-69.86,1,1,0,1,1,1,1,1
2026-03-28 12:21:02.386,478.984,0,8,11,-68.48,1,1,0,1,1,1,1,1
2026-03-28 12:21:02.481,479.079,-2,7,10,-73.4,1,1,0,1,1,1,1,1
2026-03-28 12:21:02.593,479.192,-2,7,11,-71.56,1,1,0,1,1,1,1,1
2026-03-28 12:21:02.658,479.256,-2,7,11,-69.93,1,1,0,1,1,1,1,1
2026-03-28 12:21:02.705,479.304,-2,7,10,-67.51,1,1,0,1,1,1,1,1
2026-03-28 12:21:02.818,479.416,0,7,10,-70.01,1,1,0,1,1,1,1,1
2026-03-28 12:21:02.897,479.496,-1,7,11,-69.48,1,1,0,1,1,1,1,1
2026-03-28 12:21:02.961,479.559,-1,8,10,-68.23,1,1,0,1,1,1,1,1
2026-03-28 12:21:03.025,479.624,-1,7,10,-71.96,1,1,0,1,1,1,1,1
2026-03-28 12:21:03.153,479.752,-2,10,10,-66.69,1,1,0,1,1,1,1,1
2026-03-28 12:21:03.201,479.800,-2,7,10,-73.61,1,1,0,1,1,1,1,1
2026-03-28 12:21:03.265,479.864,-2,7,11,-72.59,1,1,0,1,1,1,1,1
2026-03-28 12:21:03.410,480.009,-1,7,11,-67.56,1,1,0,1,1,1,1,1
2026-03-28 12:21:03.442,480.040,0,7,10,-66.91,1,1,0,1,1,1,1,1
2026-03-28 12:21:03.554,480.152,-1,10,10,-71.79,1,1,0,1,1,1,1,1
2026-03-28 12:21:03.570,480.168,-2,7,10,-69.2,1,1,0,1,1,1,1,1
2026-03-28 12:21:03.633,480.232,-1,7,11,-70.27,1,1,0,1,1,1,1,1
2026-03-28 12:21:03.714,480.313,0,7,11,-66.0,1,1,0,1,1,1,1,1
2026-03-28 12:21:03.810,480.408,0,7,11,-68.91,1,1,0,1,1,1,1,1
2026-03-28 12:21:03.889,480.488,-1,8,10,-71.31,1,1,0,1,1,1,1,1
2026-03-28 12:21:03.985,480.584,-1,7,10,-69.96,1,1,0,1,1,1,1,1
2026-03-28 12:21:04.033,480.632,-2,7,10,-69.42,1,1,0,1,1,1,1,1
2026-03-28 12:21:04.146,480.744,-2,10,10,-67.54,1,1,0,1,1,1,1,1
2026-03-28 12:21:04.194,480.792,0,8,10,-67.98,1,1,0,1,1,1,1,1
2026-03-28 12:21:04.306,480.904,-1,7,10,-68.65,1,1,0,1,1,1,1,1
2026-03-28 12:21:04.401,481.000,-1,7,10,-69.21,1,1,0,1,1,1,1,1
2026-03-28 12:21:04.418,481.016,-1,7,10,-67.17,1,1,0,1,1,1,1,1
2026-03-28 12:21:04.498,481.096,-2,7,10,-76.76,1,1,0,1,1,1,1,1
2026-03-28 12:21:04.578,481.176,0,10,10,-70.74,1,1,0,1,1,1,1,1
2026-03-28 12:21:04.674,481.272,0,10,10,-67.03,1,1,0,1,1,1,1,1
2026-03-28 12:21:04.706,481.304,-1,7,11,-69.49,1,1,0,1,1,1,1,1
2026-03-28 12:21:04.786,481.384,-2,8,10,-69.87,1,1,0,1,1,1,1,1
2026-03-28 12:21:04.817,481.416,-1,8,10,-71.49,1,1,0,1,1,1,1,1
2026-03-28 12:21:04.913,481.511,-1,7,10,-73.11,1,1,0,1,1,1,1,1
2026-03-28 12:21:05.009,481.608,-1,7,11,-66.63,1,1,0,1,1,1,1,1
2026-03-28 12:21:05.106,481.704,-1,7,10,-74.29,1,1,0,1,1,1,1,1
2026-03-28 12:21:05.154,481.752,0,7,10,-69.49,1,1,0,1,1,1,1,1
2026-03-28 12:21:05.249,481.848,0,10,11,-66.69,1,1,0,1,1,1,1,1
2026-03-28 12:21:05.346,481.944,-1,10,10,-69.93,1,1,0,1,1,1,1,1
2026-03-28 12:21:05.410,482.008,-1,10,10,-71.29,1,1,0,1,1,1,1,1
2026-03-28 12:21:05.505,482.103,-2,7,10,-71.73,1,1,0,1,1,1,1,1
2026-03-28 12:21:05.633,482.232,-1,7,11,-66.97,1,1,0,1,1,1,1,1
2026-03-28 12:21:05.649,482.248,-2,7,10,-70.65,1,1,0,1,1,1,1,1
2026-03-28 12:21:05.762,482.360,-1,8,10,-70.66,1,1,0,1,1,1,1,1
2026-03-28 12:21:05.793,482.392,-2,7,11,-68.65,1,1,0,1,1,1,1,1
2026-03-28 12:21:05.857,482.456,-1,7,10,-69.59,1,1,0,1,1,1,1,1
2026-03-28 12:21:05.905,482.504,-1,7,10,-73.84,1,1,0,1,1,1,1,1
2026-03-28 12:21:06.001,482.600,-1,7,11,-71.47,1,1,0,1,1,1,1,1
2026-03-28 12:21:06.049,482.648,0,7,11,-70.82,1,1,0,1,1,1,1,1
2026-03-28 12:21:06.146,482.744,0,7,11,-73.37,1,1,0,1,1,1,1,1
2026-03-28 12:21:06.226,482.824,-1,7,10,-74.09,1,1,0,1,1,1,1,1
2026-03-28 12:21:06.290,482.889,-2,7,10,-71.87,1,1,0,1,1,1,1,1
2026-03-28 12:21:06.353,482.952,-2,7,10,-70.31,1,1,0,1,1,1,1,1
2026-03-28 12:21:06.449,483.048,0,7,10,-69.37,1,1,0,1,1,1,1,1
2026-03-28 12:21:06.513,483.112,0,7,10,-71.33,1,1,0,1,1,1,1,1
2026-03-28 12:21:06.577,483.175,-1,7,11,-71.06,1,1,0,1,1,1,1,1
2026-03-28 12:21:06.658,483.256,-1,7,10,-73.34,1,1,0,1,1,1,1,1
2026-03-28 12:21:06.786,483.384,-2,7,11,-74.59,1,1,0,1,1,1,1,1
2026-03-28 12:21:06.817,483.416,-1,8,11,-68.64,1,1,0,1,1,1,1,1
2026-03-28 12:21:06.849,483.448,-1,8,11,-73.82,1,1,0,1,1,1,1,1
2026-03-28 12:21:06.977,483.576,-1,7,10,-71.9,1,1,0,1,1,1,1,1
2026-03-28 12:21:07.090,483.688,-1,7,10,-73.6,1,1,0,1,1,1,1,1
2026-03-28 12:21:07.201,483.800,0,7,11,-70.16,1,1,0,1,1,1,1,1
2026-03-28 12:21:07.298,483.896,-2,7,10,-65.99,1,1,0,1,1,1,1,1
2026-03-28 12:21:07.330,483.928,0,7,10,-68.74,1,1,0,1,1,1,1,1
2026-03-28 12:21:07.394,483.992,0,8,11,-67.05,1,1,0,1,1,1,1,1
2026-03-28 12:21:07.489,484.088,-1,7,11,-66.24,1,1,0,1,1,1,1,1
2026-03-28 12:21:07.586,484.184,0,7,10,-71.68,1,1,0,1,1,1,1,1
2026-03-28 12:21:07.633,484.231,-1,7,10,-70.39,1,1,0,1,1,1,1,1
2026-03-28 12:21:07.777,484.375,-1,10,10,-68.65,1,1,0,1,1,1,1,1
2026-03-28 12:21:07.810,484.408,-2,7,10,-70.64,1,1,0,1,1,1,1,1
2026-03-28 12:21:07.874,484.472,-2,7,10,-72.08,1,1,0,1,1,1,1,1
2026-03-28 12:21:07.954,484.552,-1,7,11,-69.59,1,1,0,1,1,1,1,1
2026-03-28 12:21:08.033,484.632,-1,7,11,-71.42,1,1,0,1,1,1,1,1
2026-03-28 12:21:08.098,484.697,-2,7,11,-71.26,1,1,0,1,1,1,1,1
2026-03-28 12:21:08.241,484.840,-2,7,10,-75.57,1,1,0,1,1,1,1,1
2026-03-28 12:21:08.321,484.920,0,7,11,-71.13,1,1,0,1,1,1,1,1
2026-03-28 12:21:08.338,484.936,-1,7,10,-68.8,1,1,0,1,1,1,1,1
2026-03-28 12:21:08.402,485.000,-1,7,11,-68.44,1,1,0,1,1,1,1,1
2026-03-28 12:21:08.545,485.143,-2,7,10,-71.52,1,1,0,1,1,1,1,1
2026-03-28 12:21:08.577,485.175,-2,7,10,-73.68,1,1,0,1,1,1,1,1
2026-03-28 12:21:08.657,485.255,-2,7,11,-72.62,1,1,0,1,1,1,1,1
2026-03-28 12:21:08.721,485.320,-2,7,10,-72.48,1,1,0,1,1,1,1,1
2026-03-28 12:21:08.785,485.383,-1,7,10,-68.56,1,1,0,1,1,1,1,1
2026-03-28 12:21:08.865,485.463,-1,7,11,-71.85,1,1,0,1,1,1,1,1
2026-03-28 12:21:08.945,485.543,-1,10,10,-71.64,1,1,0,1,1,1,1,1
2026-03-28 12:21:09.041,485.640,-2,7,10,-70.79,1,1,0,1,1,1,1,1
2026-03-28 12:21:09.137,485.735,-2,7,10,-69.83,1,1,0,1,1,1,1,1
2026-03-28 12:21:09.185,485.783,-1,7,11,-67.64,1,1,0,1,1,1,1,1
2026-03-28 12:21:09.249,485.847,-1,7,10,-69.87,1,1,0,1,1,1,1,1
2026-03-28 12:21:09.360,485.959,-2,7,10,-69.88,1,1,0,1,1,1,1,1
2026-03-28 12:21:09.441,486.039,-1,7,11,-73.5,1,1,0,1,1,1,1,1
2026-03-28 12:21:09.505,486.103,-2,7,10,-69.89,1,1,0,1,1,1,1,1
2026-03-28 12:21:09.601,486.199,-1,8,11,-71.57,1,1,0,1,1,1,1,1
2026-03-28 12:21:09.617,486.216,0,7,10,-71.72,1,1,0,1,1,1,1,1
2026-03-28 12:21:09.697,486.296,-1,8,11,-73.17,1,1,0,1,1,1,1,1
2026-03-28 12:21:09.761,486.360,-2,10,10,-72.74,1,1,0,1,1,1,1,1
2026-03-28 12:21:09.921,486.520,-2,7,10,-74.27,1,1,0,1,1,1,1,1
2026-03-28 12:21:09.985,486.583,-2,7,11,-70.3,1,1,0,1,1,1,1,1
2026-03-28 12:21:10.065,486.664,-2,7,10,-69.54,1,1,0,1,1,1,1,1
2026-03-28 12:21:10.114,486.712,-2,7,10,-68.93,1,1,0,1,1,1,1,1
2026-03-28 12:21:10.160,486.759,-2,7,10,-70.59,1,1,0,1,1,1,1,1
2026-03-28 12:21:10.289,486.888,0,7,10,-70.23,1,1,0,1,1,1,1,1
2026-03-28 12:21:10.353,486.952,-2,7,10,-75.16,1,1,0,1,1,1,1,1
2026-03-28 12:21:10.449,487.048,-1,7,10,-68.27,1,1,0,1,1,1,1,1
2026-03-28 12:21:10.529,487.127,0,7,10,-70.06,1,1,0,1,1,1,1,1
2026-03-28 12:21:10.625,487.224,0,7,11,-75.81,1,1,0,1,1,1,1,1
2026-03-28 12:21:10.657,487.256,-2,7,10,-69.4,1,1,0,1,1,1,1,1
2026-03-28 12:21:10.721,487.319,1,7,10,-71.35,1,1,0,1,1,1,1,1
2026-03-28 12:21:10.817,487.416,0,8,10,-70.89,1,1,0,1,1,1,1,1
2026-03-28 12:21:10.913,487.512,-1,7,10,-73.66,1,1,0,1,1,1,1,1
2026-03-28 12:21:10.994,487.592,-1,7,10,-73.18,1,1,0,1,1,1,1,1
2026-03-28 12:21:11.073,487.672,-2,7,10,-70.3,1,1,0,1,1,1,1,1
2026-03-28 12:21:11.201,487.799,-1,7,10,-74.43,1,1,0,1,1,1,1,1
2026-03-28 12:21:11.233,487.831,-1,7,10,-71.79,1,1,0,1,1,1,1,1
2026-03-28 12:21:11.265,487.864,-2,7,10,-69.71,1,1,0,1,1,1,1,1
2026-03-28 12:21:11.345,487.944,-1,10,10,-70.5,1,1,0,1,1,1,1,1
2026-03-28 12:21:11.425,488.024,-2,7,10,-73.89,1,1,0,1,1,1,1,1
2026-03-28 12:21:11.521,488.119,-1,7,10,-72.93,1,1,0,1,1,1,1,1
2026-03-28 12:21:11.585,488.183,-1,7,11,-72.06,1,1,0,1,1,1,1,1
2026-03-28 12:21:11.664,488.263,-2,7,10,-70.84,1,1,0,1,1,1,1,1
2026-03-28 12:21:11.729,488.327,-2,7,10,-71.45,1,1,0,1,1,1,1,1
2026-03-28 12:21:11.841,488.440,-1,7,10,-71.3,1,1,0,1,1,1,1,1
2026-03-28 12:21:11.921,488.520,-2,7,10,-72.29,1,1,0,1,1,1,1,1
2026-03-28 12:21:12.033,488.632,-1,7,8,-73.07,1,1,0,1,1,1,1,1
2026-03-28 12:21:12.049,488.648,-2,7,11,-71.96,1,1,0,1,1,1,1,1
2026-03-28 12:21:12.145,488.744,-1,7,11,-68.76,1,1,0,1,1,1,1,1
2026-03-28 12:21:12.257,488.855,-1,7,11,-71.05,1,1,0,1,1,1,1,1
2026-03-28 12:21:12.353,488.952,-1,7,10,-70.6,1,1,0,1,1,1,1,1
2026-03-28 12:21:12.385,488.983,-2,7,10,-70.17,1,1,0,1,1,1,1,1
2026-03-28 12:21:12.432,489.031,-2,7,10,-72.95,1,1,0,1,1,1,1,1
2026-03-28 12:21:12.529,489.128,-1,7,10,-73.31,1,1,0,1,1,1,1,1
2026-03-28 12:21:12.593,489.191,-1,7,8,-73.46,1,1,0,1,1,1,1,1
2026-03-28 12:21:12.689,489.287,-1,10,11,-70.63,1,1,0,1,1,1,1,1
2026-03-28 12:21:12.721,489.319,-1,7,10,-72.46,1,1,0,1,1,1,1,1
2026-03-28 12:21:12.849,489.447,-1,10,11,-71.76,1,1,0,1,1,1,1,1
2026-03-28 12:21:12.897,489.495,0,7,10,-73.23,1,1,0,1,1,1,1,1
2026-03-28 12:21:12.961,489.560,-2,7,10,-72.51,1,1,0,1,1,1,1,1
2026-03-28 12:21:13.025,489.624,-1,7,11,-70.3,1,1,0,1,1,1,1,1
2026-03-28 12:21:13.105,489.703,-1,7,10,-68.36,1,1,0,1,1,1,1,1
2026-03-28 12:21:13.169,489.767,0,8,11,-70.35,1,1,0,1,1,1,1,1
2026-03-28 12:21:13.249,489.847,0,7,10,-70.19,1,1,0,1,1,1,1,1
2026-03-28 12:21:13.329,489.927,-2,7,10,-69.95,1,1,0,1,1,1,1,1
2026-03-28 12:21:13.377,489.975,-1,7,10,-75.0,1,1,0,1,1,1,1,1
2026-03-28 12:21:13.473,490.071,-2,7,10,-68.63,1,1,0,1,1,1,1,1
2026-03-28 12:21:13.553,490.151,-2,7,10,-70.51,1,1,0,1,1,1,1,1
2026-03-28 12:21:13.633,490.231,-1,7,11,-71.02,1,1,0,1,1,1,1,1
2026-03-28 12:21:13.729,490.328,-1,7,11,-72.43,1,1,0,1,1,1,1,1
2026-03-28 12:21:13.777,490.375,-1,7,11,-71.43,1,1,0,1,1,1,1,1
2026-03-28 12:21:13.841,490.439,-1,7,10,-75.33,1,1,0,1,1,1,1,1
2026-03-28 12:21:13.969,490.568,-2,7,10,-70.31,1,1,0,1,1,1,1,1
2026-03-28 12:21:14.033,490.631,-2,7,10,-67.4,1,1,0,1,1,1,1,1
2026-03-28 12:21:14.113,490.712,0,8,11,-71.79,1,1,0,1,1,1,1,1
2026-03-28 12:21:14.209,490.807,0,8,11,-68.05,1,1,0,1,1,1,1,1
2026-03-28 12:21:14.241,490.840,-1,7,10,-73.99,1,1,0,1,1,1,1,1
2026-03-28 12:21:14.336,490.935,-2,7,10,-67.63,1,1,0,1,1,1,1,1
2026-03-28 12:21:14.417,491.015,-1,7,11,-69.54,1,1,0,1,1,1,1,1
2026-03-28 12:21:14.513,491.111,-1,7,10,-67.67,1,1,0,1,1,1,1,1
2026-03-28 12:21:14.625,491.223,-1,7,10,-74.15,1,1,0,1,1,1,1,1
2026-03-28 12:21:14.673,491.271,-1,7,10,-67.91,1,1,0,1,1,1,1,1
2026-03-28 12:21:14.785,491.383,-1,7,8,-69.35,1,1,0,1,1,1,1,1
2026-03-28 12:21:14.897,491.495,-1,7,11,-70.2,1,1,0,1,1,1,1,1
2026-03-28 12:21:14.961,491.559,0,7,10,-70.36,1,1,0,1,1,1,1,1
2026-03-28 12:21:15.009,491.607,-1,7,11,-71.85,1,1,0,1,1,1,1,1
2026-03-28 12:21:15.089,491.687,0,7,11,-68.54,1,1,0,1,1,1,1,1
2026-03-28 12:21:15.168,491.766,-2,7,10,-72.54,1,1,0,1,1,1,1,1
2026-03-28 12:21:15.282,491.880,0,7,10,-71.18,1,1,0,1,1,1,1,1
2026-03-28 12:21:15.361,491.959,0,7,10,-68.33,1,1,0,1,1,1,1,1
2026-03-28 12:21:15.409,492.008,-1,7,11,-68.96,1,1,0,1,1,1,1,1
2026-03-28 12:21:15.473,492.072,0,8,11,-68.18,1,1,0,1,1,1,1,1
2026-03-28 12:21:15.553,492.152,-1,7,10,-69.66,1,1,0,1,1,1,1,1
2026-03-28 12:21:15.665,492.264,-1,7,11,-70.81,1,1,0,1,1,1,1,1
2026-03-28 12:21:15.793,492.391,-1,7,10,-68.45,1,1,0,1,1,1,1,1
2026-03-28 12:21:15.825,492.423,-2,7,11,-67.46,1,1,0,1,1,1,1,1
2026-03-28 12:21:15.921,492.519,-2,7,10,-70.95,1,1,0,1,1,1,1,1
2026-03-28 12:21:15.984,492.583,-2,7,10,-68.05,1,1,0,1,1,1,1,1
2026-03-28 12:21:16.065,492.664,-1,7,11,-74.15,1,1,0,1,1,1,1,1
2026-03-28 12:21:16.129,492.728,-1,7,11,-71.19,1,1,0,1,1,1,1,1
2026-03-28 12:21:16.225,492.823,-2,7,10,-70.41,1,1,0,1,1,1,1,1
2026-03-28 12:21:16.337,492.935,-1,7,10,-66.3,1,1,0,1,1,1,1,1
2026-03-28 12:21:16.401,492.999,-1,8,10,-70.78,1,1,0,1,1,1,1,1
2026-03-28 12:21:16.497,493.095,-1,7,11,-70.64,1,1,0,1,1,1,1,1
2026-03-28 12:21:16.625,493.224,0,7,10,-70.3,1,1,0,1,1,1,1,1
2026-03-28 12:21:16.721,493.319,-2,7,10,-69.69,1,1,0,1,1,1,1,1
2026-03-28 12:21:16.817,493.415,-2,10,11,-72.25,1,1,0,1,1,1,1,1
2026-03-28 12:21:16.849,493.448,0,7,10,-66.81,1,1,0,1,1,1,1,1
2026-03-28 12:21:16.913,493.512,-1,7,11,-71.28,1,1,0,1,1,1,1,1
2026-03-28 12:21:17.009,493.607,-2,7,10,-71.44,1,1,0,1,1,1,1,1
2026-03-28 12:21:17.073,493.671,-1,7,11,-69.82,1,1,0,1,1,1,1,1
2026-03-28 12:21:17.185,493.783,-2,7,10,-71.37,1,1,0,1,1,1,1,1
2026-03-28 12:21:17.265,493.864,-2,8,10,-68.43,1,1,0,1,1,1,1,1
2026-03-28 12:21:17.345,493.943,-2,7,10,-68.51,1,1,0,1,1,1,1,1
2026-03-28 12:21:17.425,494.024,-1,7,10,-73.22,1,1,0,1,1,1,1,1
2026-03-28 12:21:17.489,494.088,-1,7,11,-72.29,1,1,0,1,1,1,1,1
2026-03-28 12:21:17.617,494.215,-2,7,10,-69.75,1,1,0,1,1,1,1,1
2026-03-28 12:21:17.761,494.359,-1,7,10,-71.29,1,1,0,1,1,1,1,1
2026-03-28 12:21:17.809,494.408,-1,7,10,-71.46,1,1,0,1,1,1,1,1
2026-03-28 12:21:17.889,494.488,-2,7,11,-69.37,1,1,0,1,1,1,1,1
2026-03-28 12:21:17.969,494.568,-1,7,11,-71.67,1,1,0,1,1,1,1,1
2026-03-28 12:21:18.049,494.647,-2,7,11,-68.17,1,1,0,1,1,1,1,1
2026-03-28 12:21:18.113,494.712,-1,7,11,-70.44,1,1,0,1,1,1,1,1
2026-03-28 12:21:18.257,494.855,-1,7,10,-72.38,1,1,0,1,1,1,1,1
2026-03-28 12:21:18.288,494.887,0,7,10,-70.2,1,1,0,1,1,1,1,1
2026-03-28 12:21:18.368,494.966,-1,10,11,-71.13,1,1,0,1,1,1,1,1
2026-03-28 12:21:18.512,495.111,-1,7,10,-75.46,1,1,0,1,1,1,1,1
2026-03-28 12:21:18.545,495.143,-2,7,10,-70.59,1,1,0,1,1,1,1,1
2026-03-28 12:21:18.657,495.255,-2,7,10,-65.68,1,1,0,1,1,1,1,1
2026-03-28 12:21:18.737,495.335,-1,7,11,-70.29,1,1,0,1,1,1,1,1
2026-03-28 12:21:18.817,495.415,0,7,11,-68.59,1,1,0,1,1,1,1,1
2026-03-28 12:21:18.912,495.510,-1,7,10,-66.95,1,1,0,1,1,1,1,1
2026-03-28 12:21:18.976,495.575,-1,7,11,-68.95,1,1,0,1,1,1,1,1
2026-03-28 12:21:19.057,495.655,-1,7,11,-71.63,1,1,0,1,1,1,1,1
2026-03-28 12:21:19.120,495.719,-2,7,10,-76.92,1,1,0,1,1,1,1,1
2026-03-28 12:21:19.216,495.815,-1,7,10,-66.88,1,1,0,1,1,1,1,1
2026-03-28 12:21:19.264,495.863,-2,7,10,-70.59,1,1,0,1,1,1,1,1
2026-03-28 12:21:19.312,495.911,-2,7,11,-71.16,1,1,0,1,1,1,1,1
2026-03-28 12:21:19.409,496.008,-2,7,10,-74.03,1,1,0,1,1,1,1,1
2026-03-28 12:21:19.457,496.056,0,7,10,-73.65,1,1,0,1,1,1,1,1
2026-03-28 12:21:19.552,496.151,-1,10,10,-69.52,1,1,0,1,1,1,1,1
2026-03-28 12:21:19.633,496.231,-2,7,10,-71.84,1,1,0,1,1,1,1,1
2026-03-28 12:21:19.776,496.375,-2,10,10,-71.27,1,1,0,1,1,1,1,1
2026-03-28 12:21:19.793,496.392,-1,7,10,-68.2,1,1,0,1,1,1,1,1
2026-03-28 12:21:19.905,496.503,-1,7,10,-70.38,1,1,0,1,1,1,1,1
2026-03-28 12:21:20.049,496.647,-1,7,10,-69.75,1,1,0,1,1,1,1,1
2026-03-28 12:21:20.081,496.679,-1,7,11,-66.92,1,1,0,1,1,1,1,1
2026-03-28 12:21:20.145,496.743,-2,7,10,-67.1,1,1,0,1,1,1,1,1
2026-03-28 12:21:20.289,496.887,-1,7,11,-69.29,1,1,0,1,1,1,1,1
2026-03-28 12:21:20.321,496.919,-2,7,10,-70.94,1,1,0,1,1,1,1,1
2026-03-28 12:21:20.416,497.015,-1,7,10,-67.53,1,1,0,1,1,1,1,1
2026-03-28 12:21:20.496,497.095,-1,7,10,-72.27,1,1,0,1,1,1,1,1
2026-03-28 12:21:20.593,497.191,0,10,10,-72.6,1,1,0,1,1,1,1,1
2026-03-28 12:21:20.673,497.271,0,10,10,-69.5,1,1,0,1,1,1,1,1
2026-03-28 12:21:20.704,497.303,-1,7,11,-69.75,1,1,0,1,1,1,1,1
2026-03-28 12:21:20.833,497.431,-2,7,10,-71.98,1,1,0,1,1,1,1,1
2026-03-28 12:21:20.849,497.448,-2,7,10,-69.75,1,1,0,1,1,1,1,1
2026-03-28 12:21:20.944,497.543,-2,7,10,-75.53,1,1,0,1,1,1,1,1
2026-03-28 12:21:21.025,497.623,-2,7,10,-71.11,1,1,0,1,1,1,1,1
2026-03-28 12:21:21.088,497.687,-2,7,11,-69.9,1,1,0,1,1,1,1,1
2026-03-28 12:21:21.200,497.798,-1,7,11,-72.58,1,1,0,1,1,1,1,1
2026-03-28 12:21:21.281,497.879,-1,7,11,-72.15,1,1,0,1,1,1,1,1
2026-03-28 12:21:21.296,497.895,-1,7,10,-71.29,1,1,0,1,1,1,1,1
2026-03-28 12:21:21.409,498.008,-1,7,10,-69.25,1,1,0,1,1,1,1,1
2026-03-28 12:21:21.488,498.087,0,7,10,-69.26,1,1,0,1,1,1,1,1
2026-03-28 12:21:21.505,498.103,0,7,10,-69.17,1,1,0,1,1,1,1,1
2026-03-28 12:21:21.649,498.248,-2,7,11,-71.21,1,1,0,1,1,1,1,1
2026-03-28 12:21:21.713,498.311,-1,7,11,-72.14,1,1,0,1,1,1,1,1
2026-03-28 12:21:21.793,498.391,-2,7,10,-69.48,1,1,0,1,1,1,1,1
2026-03-28 12:21:21.824,498.423,-2,7,10,-74.42,1,1,0,1,1,1,1,1
2026-03-28 12:21:21.889,498.487,-2,7,10,-69.44,1,1,0,1,1,1,1,1
2026-03-28 12:21:21.969,498.567,-1,7,11,-72.67,1,1,0,1,1,1,1,1
2026-03-28 12:21:22.016,498.614,-1,8,10,-70.87,1,1,0,1,1,1,1,1
2026-03-28 12:21:22.112,498.710,-1,8,11,-72.72,1,1,0,1,1,1,1,1
2026-03-28 12:21:22.161,498.759,-1,7,11,-71.67,1,1,0,1,1,1,1,1
2026-03-28 12:21:22.209,498.808,0,7,10,-74.6,1,1,0,1,1,1,1,1
2026-03-28 12:21:22.321,498.919,-2,7,10,-71.91,1,1,0,1,1,1,1,1
2026-03-28 12:21:22.416,499.015,-1,7,11,-69.9,1,1,0,1,1,1,1,1
2026-03-28 12:21:22.497,499.095,-1,7,10,-69.69,1,1,0,1,1,1,1,1
2026-03-28 12:21:22.545,499.143,-2,7,11,-70.87,1,1,0,1,1,1,1,1
2026-03-28 12:21:22.625,499.223,-2,10,10,-70.89,1,1,0,1,1,1,1,1
2026-03-28 12:21:22.720,499.318,0,10,11,-68.33,1,1,0,1,1,1,1,1
2026-03-28 12:21:22.800,499.399,-2,7,10,-70.65,1,1,0,1,1,1,1,1
2026-03-28 12:21:22.929,499.527,-1,7,10,-71.88,1,1,0,1,1,1,1,1
2026-03-28 12:21:22.992,499.591,-2,7,10,-68.76,1,1,0,1,1,1,1,1
2026-03-28 12:21:23.041,499.639,-1,7,11,-70.81,1,1,0,1,1,1,1,1
2026-03-28 12:21:23.104,499.703,0,7,11,-68.39,1,1,0,1,1,1,1,1
2026-03-28 12:21:23.200,499.799,-1,7,11,-74.96,1,1,0,1,1,1,1,1
2026-03-28 12:21:23.249,499.847,-2,7,11,-70.68,1,1,0,1,1,1,1,1
2026-03-28 12:21:23.312,499.911,-2,7,10,-68.94,1,1,0,1,1,1,1,1
2026-03-28 12:21:23.457,500.055,-2,7,10,-70.44,1,1,0,1,1,1,1,1
2026-03-28 12:21:23.489,500.087,-2,7,10,-69.49,1,1,0,1,1,1,1,1
2026-03-28 12:21:23.569,500.167,-1,7,11,-67.82,1,1,0,1,1,1,1,1
2026-03-28 12:21:23.649,500.248,0,10,10,-68.58,1,1,0,1,1,1,1,1
2026-03-28 12:21:23.697,500.295,-2,7,10,-72.45,1,1,0,1,1,1,1,1
2026-03-28 12:21:23.792,500.391,-2,8,10,-69.46,1,1,0,1,1,1,1,1
2026-03-28 12:21:23.952,500.551,-1,7,11,-70.18,1,1,0,1,1,1,1,1
2026-03-28 12:21:24.016,500.615,0,7,10,-70.86,1,1,0,1,1,1,1,1
2026-03-28 12:21:24.112,500.711,-2,7,10,-71.38,1,1,0,1,1,1,1,1
2026-03-28 12:21:24.192,500.791,0,7,11,-72.41,1,1,0,1,1,1,1,1
2026-03-28 12:21:24.272,500.871,-2,7,10,-68.11,1,1,0,1,1,1,1,1
2026-03-28 12:21:24.352,500.951,-1,7,10,-67.84,1,1,0,1,1,1,1,1
2026-03-28 12:21:24.416,501.015,-2,7,10,-71.71,1,1,0,1,1,1,1,1
2026-03-28 12:21:24.511,501.110,0,7,10,-69.41,1,1,0,1,1,1,1,1
2026-03-28 12:21:24.592,501.191,-2,7,11,-70.2,1,1,0,1,1,1,1,1
2026-03-28 12:21:24.705,501.303,-2,7,10,-72.09,1,1,0,1,1,1,1,1
2026-03-28 12:21:24.752,501.351,-1,7,10,-70.53,1,1,0,1,1,1,1,1
2026-03-28 12:21:24.848,501.446,-2,10,10,-69.97,1,1,0,1,1,1,1,1
2026-03-28 12:21:24.928,501.527,-2,7,8,-66.7,1,1,0,1,1,1,1,1
2026-03-28 12:21:24.992,501.590,-1,7,11,-76.55,1,1,0,1,1,1,1,1
2026-03-28 12:21:25.088,501.686,-1,7,10,-69.72,1,1,0,1,1,1,1,1
2026-03-28 12:21:25.168,501.767,-1,7,11,-70.3,1,1,0,1,1,1,1,1
2026-03-28 12:21:25.216,501.815,-2,7,10,-70.34,1,1,0,1,1,1,1,1
2026-03-28 12:21:25.344,501.943,-1,8,11,-71.5,1,1,0,1,1,1,1,1
2026-03-28 12:21:25.377,501.975,-2,7,10,-68.86,1,1,0,1,1,1,1,1
2026-03-28 12:21:25.521,502.119,-2,7,11,-73.55,1,1,0,1,1,1,1,1
2026-03-28 12:21:25.585,502.183,-2,7,10,-65.62,1,1,0,1,1,1,1,1
2026-03-28 12:21:25.665,502.263,-1,7,11,-70.18,1,1,0,1,1,1,1,1
2026-03-28 12:21:25.792,502.391,-1,7,10,-69.03,1,1,0,1,1,1,1,1
2026-03-28 12:21:25.840,502.439,-2,7,10,-68.36,1,1,0,1,1,1,1,1
2026-03-28 12:21:25.921,502.519,-2,7,10,-70.85,1,1,0,1,1,1,1,1
2026-03-28 12:21:26.016,502.615,0,7,11,-73.89,1,1,0,1,1,1,1,1
2026-03-28 12:21:26.064,502.662,-1,10,10,-70.34,1,1,0,1,1,1,1,1
2026-03-28 12:21:26.129,502.727,-2,7,10,-68.28,1,1,0,1,1,1,1,1
2026-03-28 12:21:26.257,502.855,-1,7,10,-72.64,1,1,0,1,1,1,1,1
2026-03-28 12:21:26.320,502.919,-1,7,11,-73.33,1,1,0,1,1,1,1,1
2026-03-28 12:21:26.400,502.999,-1,7,11,-65.53,1,1,0,1,1,1,1,1
2026-03-28 12:21:26.465,503.063,0,7,10,-68.66,1,1,0,1,1,1,1,1
2026-03-28 12:21:26.512,503.111,0,9,10,-71.51,1,1,0,1,1,1,1,1
2026-03-28 12:21:26.577,503.175,-1,8,11,-74.74,1,1,0,1,1,1,1,1
2026-03-28 12:21:26.672,503.271,-1,8,11,-69.99,1,1,0,1,1,1,1,1
2026-03-28 12:21:26.736,503.335,-1,7,11,-66.93,1,1,0,1,1,1,1,1
2026-03-28 12:21:26.817,503.415,-2,7,10,-73.03,1,1,0,1,1,1,1,1
2026-03-28 12:21:26.912,503.511,-1,10,10,-68.42,1,1,0,1,1,1,1,1
2026-03-28 12:21:26.992,503.590,-1,7,11,-68.09,1,1,0,1,1,1,1,1
2026-03-28 12:21:27.120,503.719,-1,10,11,-71.98,1,1,0,1,1,1,1,1
2026-03-28 12:21:27.233,503.831,-2,7,10,-71.74,1,1,0,1,1,1,1,1
2026-03-28 12:21:27.281,503.879,0,7,11,-70.85,1,1,0,1,1,1,1,1
2026-03-28 12:21:27.345,503.943,0,7,10,-72.95,1,1,0,1,1,1,1,1
2026-03-28 12:21:27.472,504.071,-2,7,11,-68.19,1,1,0,1,1,1,1,1
2026-03-28 12:21:27.504,504.102,-2,7,10,-69.13,1,1,0,1,1,1,1,1
2026-03-28 12:21:27.600,504.199,-2,8,11,-71.74,1,1,0,1,1,1,1,1
2026-03-28 12:21:27.664,504.262,-2,7,10,-69.58,1,1,0,1,1,1,1,1
2026-03-28 12:21:27.792,504.391,-2,7,10,-70.44,1,1,0,1,1,1,1,1
2026-03-28 12:21:27.872,504.471,-2,7,10,-67.98,1,1,0,1,1,1,1,1
2026-03-28 12:21:28.032,504.631,-2,7,11,-67.25,1,1,0,1,1,1,1,1
2026-03-28 12:21:28.159,504.758,-1,7,10,-69.98,1,1,0,1,1,1,1,1
2026-03-28 12:21:28.305,504.903,-2,7,10,-70.16,1,1,0,1,1,1,1,1
2026-03-28 12:21:28.336,504.934,-1,7,10,-72.56,1,1,0,1,1,1,1,1
2026-03-28 12:21:28.416,505.015,-1,8,11,-71.4,1,1,0,1,1,1,1,1
2026-03-28 12:21:28.512,505.111,0,7,11,-66.89,1,1,0,1,1,1,1,1
2026-03-28 12:21:28.544,505.143,0,7,10,-69.05,1,1,0,1,1,1,1,1
2026-03-28 12:21:28.689,505.287,-1,7,10,-71.67,1,1,0,1,1,1,1,1
2026-03-28 12:21:28.752,505.351,-1,7,11,-66.54,1,1,0,1,1,1,1,1
2026-03-28 12:21:28.881,505.479,-1,7,11,-68.95,1,1,0,1,1,1,1,1
2026-03-28 12:21:28.912,505.511,-2,7,11,-66.18,1,1,0,1,1,1,1,1
2026-03-28 12:21:28.992,505.591,-2,7,11,-73.23,1,1,0,1,1,1,1,1
2026-03-28 12:21:29.072,505.670,-2,10,10,-67.42,1,1,0,1,1,1,1,1
2026-03-28 12:21:29.152,505.751,-1,7,11,-69.86,1,1,0,1,1,1,1,1
2026-03-28 12:21:29.217,505.815,-2,7,10,-69.26,1,1,0,1,1,1,1,1
2026-03-28 12:21:29.312,505.910,-2,10,11,-70.44,1,1,0,1,1,1,1,1
2026-03-28 12:21:29.360,505.959,-2,7,10,-69.43,1,1,0,1,1,1,1,1
2026-03-28 12:21:29.439,506.037,-1,7,10,-72.94,1,1,0,1,1,1,1,1
2026-03-28 12:21:29.568,506.167,-1,7,10,-69.49,1,1,0,1,1,1,1,1
2026-03-28 12:21:29.617,506.215,-2,7,10,-68.81,1,1,0,1,1,1,1,1
2026-03-28 12:21:29.729,506.327,-2,7,10,-70.44,1,1,0,1,1,1,1,1
2026-03-28 12:21:29.792,506.390,-2,7,10,-72.98,1,1,0,1,1,1,1,1
2026-03-28 12:21:29.857,506.455,-1,7,11,-68.52,1,1,0,1,1,1,1,1
2026-03-28 12:21:29.952,506.551,-2,7,10,-70.72,1,1,0,1,1,1,1,1
2026-03-28 12:21:30.033,506.631,0,7,10,-70.03,1,1,0,1,1,1,1,1
2026-03-28 12:21:30.079,506.678,-1,7,11,-67.73,1,1,0,1,1,1,1,1
2026-03-28 12:21:30.192,506.790,-2,7,10,-70.89,1,1,0,1,1,1,1,1
2026-03-28 12:21:30.256,506.855,-2,7,10,-67.74,1,1,0,1,1,1,1,1
2026-03-28 12:21:30.320,506.919,-2,7,11,-66.58,1,1,0,1,1,1,1,1
2026-03-28 12:21:30.384,506.982,-2,7,11,-73.5,1,1,0,1,1,1,1,1
2026-03-28 12:21:30.480,507.079,-2,7,10,-70.92,1,1,0,1,1,1,1,1
2026-03-28 12:21:30.608,507.207,-1,7,10,-69.63,1,1,0,1,1,1,1,1
2026-03-28 12:21:30.672,507.271,-2,7,10,-71.48,1,1,0,1,1,1,1,1
2026-03-28 12:21:30.752,507.350,0,7,10,-70.28,1,1,0,1,1,1,1,1
2026-03-28 12:21:30.832,507.430,-2,7,10,-69.86,1,1,0,1,1,1,1,1
2026-03-28 12:21:30.880,507.479,-1,7,10,-72.06,1,1,0,1,1,1,1,1
2026-03-28 12:21:30.976,507.575,-1,7,11,-72.05,1,1,0,1,1,1,1,1
2026-03-28 12:21:31.008,507.606,-1,7,10,-71.48,1,1,0,1,1,1,1,1
2026-03-28 12:21:31.072,507.671,-2,7,10,-71.3,1,1,0,1,1,1,1,1
2026-03-28 12:21:31.200,507.799,-1,7,10,-73.78,1,1,0,1,1,1,1,1
2026-03-28 12:21:31.232,507.830,0,7,10,-72.56,1,1,0,1,1,1,1,1
2026-03-28 12:21:31.312,507.911,-2,7,10,-69.5,1,1,0,1,1,1,1,1
2026-03-28 12:21:31.408,508.006,-1,7,11,-68.87,1,1,0,1,1,1,1,1
2026-03-28 12:21:31.504,508.102,-1,10,10,-70.84,1,1,0,1,1,1,1,1
2026-03-28 12:21:31.536,508.134,-1,7,11,-73.25,1,1,0,1,1,1,1,1
2026-03-28 12:21:31.584,508.182,-1,7,11,-69.21,1,1,0,1,1,1,1,1
2026-03-28 12:21:31.664,508.262,-2,7,10,-73.43,1,1,0,1,1,1,1,1
2026-03-28 12:21:31.856,508.454,-2,7,10,-71.98,1,1,0,1,1,1,1,1
2026-03-28 12:21:31.920,508.519,-1,7,10,-70.13,1,1,0,1,1,1,1,1
2026-03-28 12:21:32.017,508.615,-1,7,11,-68.52,1,1,0,1,1,1,1,1
2026-03-28 12:21:32.049,508.647,-2,7,10,-68.49,1,1,0,1,1,1,1,1
2026-03-28 12:21:32.128,508.727,-2,7,10,-70.6,1,1,0,1,1,1,1,1
2026-03-28 12:21:32.224,508.822,-1,7,10,-72.95,1,1,0,1,1,1,1,1
2026-03-28 12:21:32.304,508.902,-2,7,11,-68.83,1,1,0,1,1,1,1,1
2026-03-28 12:21:32.336,508.934,-1,7,11,-68.02,1,1,0,1,1,1,1,1
2026-03-28 12:21:32.448,509.046,-1,7,11,-72.86,1,1,0,1,1,1,1,1
2026-03-28 12:21:32.512,509.111,-2,7,11,-67.3,1,1,0,1,1,1,1,1
2026-03-28 12:21:32.608,509.206,-2,7,10,-75.42,1,1,0,1,1,1,1,1
2026-03-28 12:21:32.688,509.287,-1,7,11,-69.34,1,1,0,1,1,1,1,1
2026-03-28 12:21:32.767,509.365,-2,10,10,-66.94,1,1,0,1,1,1,1,1
2026-03-28 12:21:32.864,509.462,-1,7,10,-72.85,1,1,0,1,1,1,1,1
2026-03-28 12:21:32.881,509.479,-1,7,11,-68.33,1,1,0,1,1,1,1,1
2026-03-28 12:21:32.992,509.591,-1,7,8,-70.56,1,1,0,1,1,1,1,1
2026-03-28 12:21:33.040,509.638,0,7,10,-71.81,1,1,0,1,1,1,1,1
2026-03-28 12:21:33.120,509.719,-1,7,10,-70.63,1,1,0,1,1,1,1,1
2026-03-28 12:21:33.216,509.814,-1,7,10,-66.31,1,1,0,1,1,1,1,1
2026-03-28 12:21:33.344,509.942,-2,10,10,-67.32,1,1,0,1,1,1,1,1
2026-03-28 12:21:33.360,509.958,-1,7,11,-72.64,1,1,0,1,1,1,1,1
2026-03-28 12:21:33.520,510.119,0,7,10,-69.26,1,1,0,1,1,1,1,1
2026-03-28 12:21:33.536,510.134,0,7,10,-68.57,1,1,0,1,1,1,1,1
2026-03-28 12:21:33.568,510.166,0,7,10,-69.98,1,1,0,1,1,1,1,1
2026-03-28 12:21:33.664,510.263,0,7,11,-77.37,1,1,0,1,1,1,1,1
2026-03-28 12:21:33.712,510.311,0,7,11,-70.67,1,1,0,1,1,1,1,1
2026-03-28 12:21:33.824,510.422,-2,7,10,-70.98,1,1,0,1,1,1,1,1
2026-03-28 12:21:33.872,510.470,-2,7,10,-67.25,1,1,0,1,1,1,1,1
2026-03-28 12:21:33.952,510.550,0,7,10,-69.46,1,1,0,1,1,1,1,1
2026-03-28 12:21:34.031,510.630,-2,7,10,-72.09,1,1,0,1,1,1,1,1
2026-03-28 12:21:34.176,510.775,-2,7,10,-66.55,1,1,0,1,1,1,1,1
2026-03-28 12:21:34.256,510.854,0,7,10,-73.73,1,1,0,1,1,1,1,1
2026-03-28 12:21:34.336,510.935,0,7,10,-67.45,1,1,0,1,1,1,1,1
2026-03-28 12:21:34.417,511.015,-1,7,10,-73.69,1,1,0,1,1,1,1,1
2026-03-28 12:21:34.544,511.143,-2,7,10,-64.94,1,1,0,1,1,1,1,1
2026-03-28 12:21:34.608,511.207,-2,7,10,-69.31,1,1,0,1,1,1,1,1
2026-03-28 12:21:34.736,511.334,-2,7,10,-67.53,1,1,0,1,1,1,1,1
2026-03-28 12:21:34.816,511.415,0,7,11,-65.78,1,1,0,1,1,1,1,1
2026-03-28 12:21:34.880,511.478,0,7,10,-67.23,1,1,0,1,1,1,1,1
2026-03-28 12:21:34.944,511.542,-1,7,10,-70.0,1,1,0,1,1,1,1,1
2026-03-28 12:21:35.040,511.639,-1,10,10,-68.96,1,1,0,1,1,1,1,1
2026-03-28 12:21:35.104,511.703,-2,7,10,-66.31,1,1,0,1,1,1,1,1
2026-03-28 12:21:35.199,511.797,-2,7,10,-68.11,1,1,0,1,1,1,1,1
2026-03-28 12:21:35.280,511.878,-1,7,10,-67.37,1,1,0,1,1,1,1,1
2026-03-28 12:21:35.375,511.973,-2,7,10,-69.75,1,1,0,1,1,1,1,1
2026-03-28 12:21:35.408,512.006,0,7,10,-69.43,1,1,0,1,1,1,1,1
2026-03-28 12:21:35.472,512.071,0,7,11,-69.88,1,1,0,1,1,1,1,1
2026-03-28 12:21:35.568,512.166,0,7,10,-69.38,1,1,0,1,1,1,1,1
2026-03-28 12:21:35.647,512.246,0,7,10,-70.24,1,1,0,1,1,1,1,1
2026-03-28 12:21:35.776,512.374,-2,7,10,-67.41,1,1,0,1,1,1,1,1
2026-03-28 12:21:35.791,512.390,0,7,10,-68.73,1,1,0,1,1,1,1,1
2026-03-28 12:21:35.840,512.439,0,10,10,-68.24,1,1,0,1,1,1,1,1
2026-03-28 12:21:36.001,512.599,-2,7,10,-73.55,1,1,0,1,1,1,1,1
2026-03-28 12:21:36.016,512.615,0,7,10,-69.85,1,1,0,1,1,1,1,1
2026-03-28 12:21:36.096,512.695,0,7,11,-69.66,1,1,0,1,1,1,1,1
2026-03-28 12:21:36.192,512.790,-2,7,10,-67.61,1,1,0,1,1,1,1,1
2026-03-28 12:21:36.240,512.838,-2,7,10,-70.7,1,1,0,1,1,1,1,1
2026-03-28 12:21:36.336,512.934,-2,8,10,-68.62,1,1,0,1,1,1,1,1
2026-03-28 12:21:36.400,512.998,-2,7,10,-74.52,1,1,0,1,1,1,1,1
2026-03-28 12:21:36.479,513.078,-2,7,10,-73.23,1,1,0,1,1,1,1,1
2026-03-28 12:21:36.560,513.159,-2,7,10,-70.86,1,1,0,1,1,1,1,1
2026-03-28 12:21:36.624,513.223,-2,7,11,-63.55,1,1,0,1,1,1,1,1
2026-03-28 12:21:36.768,513.366,-1,7,10,-69.88,1,1,0,1,1,1,1,1
2026-03-28 12:21:36.801,513.399,-2,7,10,-66.14,1,1,0,1,1,1,1,1
2026-03-28 12:21:36.864,513.462,0,7,10,-67.73,1,1,0,1,1,1,1,1
2026-03-28 12:21:36.944,513.542,-1,7,10,-71.24,1,1,0,1,1,1,1,1
2026-03-28 12:21:37.024,513.623,-1,7,11,-67.16,1,1,0,1,1,1,1,1
2026-03-28 12:21:37.152,513.750,-1,7,10,-68.67,1,1,0,1,1,1,1,1
2026-03-28 12:21:37.168,513.766,-2,7,10,-70.09,1,1,0,1,1,1,1,1
2026-03-28 12:21:37.280,513.878,-1,7,10,-67.52,1,1,0,1,1,1,1,1
2026-03-28 12:21:37.392,513.990,-1,7,10,-69.3,1,1,0,1,1,1,1,1
2026-03-28 12:21:37.440,514.038,-2,7,11,-68.61,1,1,0,1,1,1,1,1
2026-03-28 12:21:37.551,514.149,0,7,10,-68.3,1,1,0,1,1,1,1,1
2026-03-28 12:21:37.632,514.230,0,7,10,-66.07,1,1,0,1,1,1,1,1
2026-03-28 12:21:37.680,514.279,0,7,10,-65.75,1,1,0,1,1,1,1,1
2026-03-28 12:21:37.744,514.342,0,7,11,-71.32,1,1,0,1,1,1,1,1
2026-03-28 12:21:37.871,514.470,-1,7,10,-67.8,1,1,0,1,1,1,1,1
2026-03-28 12:21:37.935,514.534,0,7,10,-64.74,1,1,0,1,1,1,1,1
2026-03-28 12:21:38.015,514.613,0,7,10,-75.45,1,1,0,1,1,1,1,1
2026-03-28 12:21:38.143,514.742,0,8,11,-66.78,1,1,0,1,1,1,1,1
2026-03-28 12:21:38.239,514.838,0,7,10,-66.02,1,1,0,1,1,1,1,1
2026-03-28 12:21:38.271,514.870,-2,7,10,-66.75,1,1,0,1,1,1,1,1
2026-03-28 12:21:38.384,514.983,0,7,10,-66.78,1,1,0,1,1,1,1,1
2026-03-28 12:21:38.447,515.046,0,7,11,-66.61,1,1,0,1,1,1,1,1
2026-03-28 12:21:38.511,515.110,-1,7,10,-70.99,1,1,0,1,1,1,1,1
2026-03-28 12:21:38.576,515.174,-1,7,8,-67.51,1,1,0,1,1,1,1,1
2026-03-28 12:21:38.671,515.270,-1,7,11,-66.23,1,1,0,1,1,1,1,1
2026-03-28 12:21:38.751,515.349,-1,7,10,-68.55,1,1,0,1,1,1,1,1
2026-03-28 12:21:38.816,515.415,0,7,10,-66.98,1,1,0,1,1,1,1,1
2026-03-28 12:21:38.879,515.478,0,7,11,-69.75,1,1,0,1,1,1,1,1
2026-03-28 12:21:38.960,515.558,-1,7,10,-69.1,1,1,0,1,1,1,1,1
2026-03-28 12:21:39.024,515.622,0,7,10,-68.28,1,1,0,1,1,1,1,1
2026-03-28 12:21:39.088,515.686,0,8,11,-68.54,1,1,0,1,1,1,1,1
2026-03-28 12:21:39.200,515.798,-1,7,10,-69.3,1,1,0,1,1,1,1,1
2026-03-28 12:21:39.264,515.862,-1,7,11,-69.58,1,1,0,1,1,1,1,1
2026-03-28 12:21:39.344,515.942,-1,7,10,-68.03,1,1,0,1,1,1,1,1
2026-03-28 12:21:39.423,516.021,0,7,10,-69.06,1,1,0,1,1,1,1,1
2026-03-28 12:21:39.520,516.118,0,7,10,-68.38,1,1,0,1,1,1,1,1
2026-03-28 12:21:39.567,516.166,0,7,11,-70.15,1,1,0,1,1,1,1,1
2026-03-28 12:21:39.632,516.230,0,10,10,-67.54,1,1,0,1,1,1,1,1
2026-03-28 12:21:39.760,516.359,-1,7,10,-68.73,1,1,0,1,1,1,1,1
2026-03-28 12:21:39.856,516.454,0,7,10,-66.36,1,1,0,1,1,1,1,1
2026-03-28 12:21:39.919,516.518,0,7,11,-67.23,1,1,0,1,1,1,1,1
2026-03-28 12:21:40.031,516.630,0,7,10,-70.19,1,1,0,1,1,1,1,1
2026-03-28 12:21:40.079,516.678,0,7,10,-66.54,1,1,0,1,1,1,1,1
2026-03-28 12:21:40.176,516.775,-1,7,11,-66.33,1,1,0,1,1,1,1,1
2026-03-28 12:21:40.240,516.838,-1,7,10,-67.38,1,1,0,1,1,1,1,1
2026-03-28 12:21:40.288,516.886,-1,7,10,-69.25,1,1,0,1,1,1,1,1
2026-03-28 12:21:40.383,516.982,0,7,10,-71.03,1,1,0,1,1,1,1,1
2026-03-28 12:21:40.480,517.078,0,10,10,-65.09,1,1,0,1,1,1,1,1
2026-03-28 12:21:40.528,517.126,0,7,10,-70.12,1,1,0,1,1,1,1,1
2026-03-28 12:21:40.592,517.191,0,7,11,-69.78,1,1,0,1,1,1,1,1
2026-03-28 12:21:40.703,517.302,0,7,10,-70.04,1,1,0,1,1,1,1,1
2026-03-28 12:21:40.751,517.350,0,7,11,-69.2,1,1,0,1,1,1,1,1
2026-03-28 12:21:40.816,517.414,0,7,10,-67.44,1,1,0,1,1,1,1,1
2026-03-28 12:21:40.928,517.526,-2,8,10,-67.76,1,1,0,1,1,1,1,1
2026-03-28 12:21:41.120,517.718,0,7,10,-65.18,1,1,0,1,1,1,1,1
2026-03-28 12:21:41.216,517.815,-2,7,10,-67.6,1,1,0,1,1,1,1,1
2026-03-28 12:21:41.280,517.878,-2,10,10,-68.3,1,1,0,1,1,1,1,1
2026-03-28 12:21:41.375,517.974,-2,7,11,-69.24,1,1,0,1,1,1,1,1
2026-03-28 12:21:41.472,518.070,0,7,10,-70.99,1,1,0,1,1,1,1,1
2026-03-28 12:21:41.567,518.166,0,7,10,-70.23,1,1,0,1,1,1,1,1
2026-03-28 12:21:41.632,518.230,0,7,11,-68.69,1,1,0,1,1,1,1,1
2026-03-28 12:21:41.695,518.294,-1,10,10,-70.99,1,1,0,1,1,1,1,1
2026-03-28 12:21:41.760,518.358,-2,7,10,-65.98,1,1,0,1,1,1,1,1
2026-03-28 12:21:41.855,518.454,0,7,10,-71.99,1,1,0,1,1,1,1,1
2026-03-28 12:21:41.919,518.518,-2,7,10,-69.17,1,1,0,1,1,1,1,1
2026-03-28 12:21:42.032,518.630,0,7,10,-70.07,1,1,0,1,1,1,1,1
2026-03-28 12:21:42.128,518.726,0,7,10,-65.64,1,1,0,1,1,1,1,1
2026-03-28 12:21:42.239,518.838,-1,8,11,-66.21,1,1,0,1,1,1,1,1
2026-03-28 12:21:42.255,518.853,-2,7,10,-65.43,1,1,0,1,1,1,1,1
2026-03-28 12:21:42.351,518.950,0,8,11,-71.26,1,1,0,1,1,1,1,1
2026-03-28 12:21:42.464,519.062,-1,10,10,-68.12,1,1,0,1,1,1,1,1
2026-03-28 12:21:42.511,519.109,0,7,10,-72.8,1,1,0,1,1,1,1,1
2026-03-28 12:21:42.608,519.206,-2,7,10,-68.2,1,1,0,1,1,1,1,1
2026-03-28 12:21:42.703,519.302,-1,7,11,-66.76,1,1,0,1,1,1,1,1
2026-03-28 12:21:42.784,519.382,-1,7,10,-66.91,1,1,0,1,1,1,1,1
2026-03-28 12:21:42.879,519.477,0,7,11,-65.26,1,1,0,1,1,1,1,1
2026-03-28 12:21:42.976,519.574,0,7,10,-66.74,1,1,0,1,1,1,1,1
2026-03-28 12:21:43.008,519.606,-2,7,10,-70.33,1,1,0,1,1,1,1,1
2026-03-28 12:21:43.151,519.750,-1,7,11,-72.08,1,1,0,1,1,1,1,1
2026-03-28 12:21:43.215,519.814,-1,7,10,-68.2,1,1,0,1,1,1,1,1
2026-03-28 12:21:43.248,519.846,-2,8,10,-68.29,1,1,0,1,1,1,1,1
2026-03-28 12:21:43.343,519.941,0,7,10,-67.53,1,1,0,1,1,1,1,1
2026-03-28 12:21:43.423,520.022,0,8,10,-68.62,1,1,0,1,1,1,1,1
2026-03-28 12:21:43.455,520.054,0,7,10,-72.16,1,1,0,1,1,1,1,1
2026-03-28 12:21:43.616,520.214,0,7,10,-66.72,1,1,0,1,1,1,1,1
2026-03-28 12:21:43.648,520.246,-1,7,11,-72.44,1,1,0,1,1,1,1,1
2026-03-28 12:21:43.728,520.326,-2,7,10,-67.51,1,1,0,1,1,1,1,1
2026-03-28 12:21:43.824,520.422,0,7,11,-65.55,1,1,0,1,1,1,1,1
2026-03-28 12:21:43.856,520.454,-1,7,10,-66.95,1,1,0,1,1,1,1,1
2026-03-28 12:21:43.951,520.550,0,7,11,-67.42,1,1,0,1,1,1,1,1
2026-03-28 12:21:44.095,520.694,0,7,10,-67.37,1,1,0,1,1,1,1,1
2026-03-28 12:21:44.176,520.774,0,10,10,-70.36,1,1,0,1,1,1,1,1
2026-03-28 12:21:44.335,520.934,0,7,10,-65.22,1,1,0,1,1,1,1,1
2026-03-28 12:21:44.400,520.998,0,7,10,-64.65,1,1,0,1,1,1,1,1
2026-03-28 12:21:44.479,521.078,0,7,10,-66.42,1,1,0,1,1,1,1,1
2026-03-28 12:21:44.560,521.158,0,7,10,-68.07,1,1,0,1,1,1,1,1
2026-03-28 12:21:44.656,521.254,0,7,11,-69.92,1,1,0,1,1,1,1,1
2026-03-28 12:21:44.720,521.318,-2,7,10,-68.74,1,1,0,1,1,1,1,1
2026-03-28 12:21:44.831,521.430,-1,7,10,-68.88,1,1,0,1,1,1,1,1
2026-03-28 12:21:44.911,521.510,0,10,11,-69.94,1,1,0,1,1,1,1,1
2026-03-28 12:21:45.008,521.606,-1,8,11,-65.7,1,1,0,1,1,1,1,1
2026-03-28 12:21:45.055,521.653,-2,7,10,-67.96,1,1,0,1,1,1,1,1
2026-03-28 12:21:45.135,521.734,-1,7,10,-69.77,1,1,0,1,1,1,1,1
2026-03-28 12:21:45.264,521.862,0,7,10,-66.58,1,1,0,1,1,1,1,1
2026-03-28 12:21:45.278,521.877,-2,7,10,-69.0,1,1,0,1,1,1,1,1
2026-03-28 12:21:45.360,521.958,-1,7,10,-67.88,1,1,0,1,1,1,1,1
2026-03-28 12:21:45.439,522.037,0,7,10,-69.21,1,1,0,1,1,1,1,1
2026-03-28 12:21:45.486,522.085,0,10,11,-69.18,1,1,0,1,1,1,1,1
2026-03-28 12:21:45.568,522.167,0,7,10,-71.58,1,1,0,1,1,1,1,1
2026-03-28 12:21:45.663,522.262,-2,7,10,-68.78,1,1,0,1,1,1,1,1
2026-03-28 12:21:45.680,522.278,0,7,10,-68.1,1,1,0,1,1,1,1,1
2026-03-28 12:21:45.760,522.358,-1,7,11,-71.23,1,1,0,1,1,1,1,1
2026-03-28 12:21:45.840,522.438,-2,7,10,-66.39,1,1,0,1,1,1,1,1
2026-03-28 12:21:45.951,522.550,-1,7,10,-67.73,1,1,0,1,1,1,1,1
2026-03-28 12:21:46.063,522.662,0,7,10,-67.55,1,1,0,1,1,1,1,1
2026-03-28 12:21:46.143,522.742,0,7,10,-68.56,1,1,0,1,1,1,1,1
2026-03-28 12:21:46.223,522.822,-1,7,10,-65.74,1,1,0,1,1,1,1,1
2026-03-28 12:21:46.335,522.933,-1,8,10,-65.28,1,1,0,1,1,1,1,1
2026-03-28 12:21:46.430,523.029,0,7,10,-66.79,1,1,0,1,1,1,1,1
2026-03-28 12:21:46.463,523.061,-2,7,10,-71.04,1,1,0,1,1,1,1,1
2026-03-28 12:21:46.543,523.141,-2,7,11,-67.62,1,1,0,1,1,1,1,1
2026-03-28 12:21:46.640,523.238,0,7,10,-67.63,1,1,0,1,1,1,1,1
2026-03-28 12:21:46.735,523.333,-2,7,10,-69.6,1,1,0,1,1,1,1,1
2026-03-28 12:21:46.815,523.414,-2,7,10,-66.61,1,1,0,1,1,1,1,1
2026-03-28 12:21:46.896,523.494,-2,7,11,-66.64,1,1,0,1,1,1,1,1
2026-03-28 12:21:46.975,523.574,-1,10,11,-64.2,1,1,0,1,1,1,1,1
2026-03-28 12:21:47.087,523.685,-2,7,10,-67.6,1,1,0,1,1,1,1,1
2026-03-28 12:21:47.088,523.687,-1,7,11,-67.57,1,1,0,1,1,1,1,1
2026-03-28 12:21:47.184,523.782,0,7,10,-70.41,1,1,0,1,1,1,1,1
2026-03-28 12:21:47.248,523.846,-1,7,10,-71.85,1,1,0,1,1,1,1,1
2026-03-28 12:21:47.343,523.942,-1,7,11,-69.7,1,1,0,1,1,1,1,1
2026-03-28 12:21:47.408,524.006,-2,7,10,-65.08,1,1,0,1,1,1,1,1
2026-03-28 12:21:47.471,524.069,-2,7,10,-71.17,1,1,0,1,1,1,1,1
2026-03-28 12:21:47.535,524.133,0,7,11,-69.21,1,1,0,1,1,1,1,1
2026-03-28 12:21:47.646,524.245,0,7,10,-69.99,1,1,0,1,1,1,1,1
2026-03-28 12:21:47.695,524.294,-1,10,10,-71.55,1,1,0,1,1,1,1,1
2026-03-28 12:21:47.838,524.437,-1,7,11,-69.7,1,1,0,1,1,1,1,1
2026-03-28 12:21:47.903,524.501,-1,7,10,-68.94,1,1,0,1,1,1,1,1
2026-03-28 12:21:47.919,524.518,-1,7,8,-67.07,1,1,0,1,1,1,1,1
2026-03-28 12:21:48.063,524.661,-2,7,8,-70.19,1,1,0,1,1,1,1,1
2026-03-28 12:21:48.176,524.774,-1,7,11,-72.44,1,1,0,1,1,1,1,1
2026-03-28 12:21:48.208,524.806,0,7,11,-69.47,1,1,0,1,1,1,1,1
2026-03-28 12:21:48.255,524.854,-1,7,10,-73.13,1,1,0,1,1,1,1,1
2026-03-28 12:21:48.367,524.966,0,7,10,-71.01,1,1,0,1,1,1,1,1
2026-03-28 12:21:48.416,525.014,-1,7,11,-70.11,1,1,0,1,1,1,1,1
2026-03-28 12:21:48.479,525.077,-1,10,10,-69.68,1,1,0,1,1,1,1,1
2026-03-28 12:21:48.591,525.189,-2,7,10,-67.32,1,1,0,1,1,1,1,1
2026-03-28 12:21:48.655,525.254,-1,7,11,-70.85,1,1,0,1,1,1,1,1
2026-03-28 12:21:48.719,525.317,-1,8,8,-67.9,1,1,0,1,1,1,1,1
2026-03-28 12:21:48.798,525.397,0,7,10,-67.4,1,1,0,1,1,1,1,1
2026-03-28 12:21:48.927,525.525,0,7,10,-70.53,1,1,0,1,1,1,1,1
2026-03-28 12:21:48.943,525.541,-1,7,10,-69.35,1,1,0,1,1,1,1,1
2026-03-28 12:21:49.039,525.638,-1,7,11,-69.17,1,1,0,1,1,1,1,1
2026-03-28 12:21:49.087,525.686,0,8,11,-66.78,1,1,0,1,1,1,1,1
2026-03-28 12:21:49.183,525.781,0,10,10,-65.72,1,1,0,1,1,1,1,1
2026-03-28 12:21:49.231,525.829,0,7,11,-69.07,1,1,0,1,1,1,1,1
2026-03-28 12:21:49.327,525.925,0,7,10,-72.12,1,1,0,1,1,1,1,1
2026-03-28 12:21:49.407,526.006,-1,7,11,-69.81,1,1,0,1,1,1,1,1
2026-03-28 12:21:49.535,526.133,0,7,11,-67.95,1,1,0,1,1,1,1,1
2026-03-28 12:21:49.583,526.181,-2,7,11,-70.45,1,1,0,1,1,1,1,1
2026-03-28 12:21:49.727,526.326,-2,10,10,-66.91,1,1,0,1,1,1,1,1
2026-03-28 12:21:49.807,526.405,-2,10,10,-66.54,1,1,0,1,1,1,1,1
2026-03-28 12:21:49.855,526.454,-1,7,10,-69.54,1,1,0,1,1,1,1,1
2026-03-28 12:21:49.935,526.533,-1,7,10,-69.24,1,1,0,1,1,1,1,1
2026-03-28 12:21:49.983,526.582,0,7,10,-66.08,1,1,0,1,1,1,1,1
2026-03-28 12:21:50.127,526.726,-1,7,11,-69.62,1,1,0,1,1,1,1,1
2026-03-28 12:21:50.175,526.774,-2,7,11,-69.39,1,1,0,1,1,1,1,1
2026-03-28 12:21:50.207,526.806,-2,7,10,-68.67,1,1,0,1,1,1,1,1
2026-03-28 12:21:50.303,526.901,0,7,10,-67.22,1,1,0,1,1,1,1,1
2026-03-28 12:21:50.382,526.981,-2,7,10,-72.56,1,1,0,1,1,1,1,1
2026-03-28 12:21:50.463,527.062,-1,7,11,-66.59,1,1,0,1,1,1,1,1
2026-03-28 12:21:50.559,527.157,0,7,10,-67.81,1,1,0,1,1,1,1,1
2026-03-28 12:21:50.655,527.254,-1,7,10,-66.73,1,1,0,1,1,1,1,1
2026-03-28 12:21:50.735,527.334,0,7,10,-69.46,1,1,0,1,1,1,1,1
2026-03-28 12:21:50.847,527.445,-2,7,11,-69.52,1,1,0,1,1,1,1,1
2026-03-28 12:21:50.926,527.525,0,7,10,-70.32,1,1,0,1,1,1,1,1
2026-03-28 12:21:51.040,527.638,-2,7,10,-70.29,1,1,0,1,1,1,1,1
2026-03-28 12:21:51.119,527.717,-1,7,11,-66.34,1,1,0,1,1,1,1,1
2026-03-28 12:21:51.168,527.766,-2,7,10,-68.83,1,1,0,1,1,1,1,1
2026-03-28 12:21:51.248,527.846,-2,7,10,-67.84,1,1,0,1,1,1,1,1
2026-03-28 12:21:51.376,527.974,-1,7,10,-68.23,1,1,0,1,1,1,1,1
2026-03-28 12:21:51.423,528.021,-1,7,11,-69.21,1,1,0,1,1,1,1,1
2026-03-28 12:21:51.471,528.069,0,7,10,-67.99,1,1,0,1,1,1,1,1
2026-03-28 12:21:51.551,528.149,0,7,10,-67.98,1,1,0,1,1,1,1,1
2026-03-28 12:21:51.663,528.262,0,7,10,-67.53,1,1,0,1,1,1,1,1
2026-03-28 12:21:51.775,528.374,0,7,10,-69.93,1,1,0,1,1,1,1,1
2026-03-28 12:21:51.806,528.405,-1,7,10,-66.01,1,1,0,1,1,1,1,1
2026-03-28 12:21:51.855,528.453,0,7,10,-67.82,1,1,0,1,1,1,1,1
2026-03-28 12:21:51.983,528.581,0,7,10,-71.72,1,1,0,1,1,1,1,1
2026-03-28 12:21:52.063,528.662,-2,10,10,-67.05,1,1,0,1,1,1,1,1
2026-03-28 12:21:52.111,528.710,-1,7,11,-65.0,1,1,0,1,1,1,1,1
2026-03-28 12:21:52.223,528.821,-2,7,10,-64.93,1,1,0,1,1,1,1,1
2026-03-28 12:21:52.319,528.917,-2,7,10,-73.8,1,1,0,1,1,1,1,1
2026-03-28 12:21:52.367,528.965,0,7,10,-70.78,1,1,0,1,1,1,1,1
2026-03-28 12:21:52.431,529.029,0,7,11,-72.85,1,1,0,1,1,1,1,1
2026-03-28 12:21:52.527,529.125,-2,7,10,-69.0,1,1,0,1,1,1,1,1
2026-03-28 12:21:52.686,529.285,0,7,10,-66.88,1,1,0,1,1,1,1,1
2026-03-28 12:21:52.719,529.317,-1,7,11,-63.78,1,1,0,1,1,1,1,1
2026-03-28 12:21:52.862,529.461,-1,10,10,-65.0,1,1,0,1,1,1,1,1
2026-03-28 12:21:52.895,529.494,-1,7,11,-68.81,1,1,0,1,1,1,1,1
2026-03-28 12:21:52.991,529.589,-1,7,10,-68.56,1,1,0,1,1,1,1,1
2026-03-28 12:21:53.055,529.654,-1,7,10,-67.05,1,1,0,1,1,1,1,1
2026-03-28 12:21:53.119,529.717,-1,10,11,-68.45,1,1,0,1,1,1,1,1
2026-03-28 12:21:53.199,529.798,-2,7,10,-66.97,1,1,0,1,1,1,1,1
2026-03-28 12:21:53.295,529.893,-2,7,10,-69.54,1,1,0,1,1,1,1,1
2026-03-28 12:21:53.343,529.941,-1,7,11,-74.34,1,1,0,1,1,1,1,1
2026-03-28 12:21:53.422,530.021,0,10,11,-70.71,1,1,0,1,1,1,1,1
2026-03-28 12:21:53.503,530.101,0,7,11,-70.45,1,1,0,1,1,1,1,1
2026-03-28 12:21:53.583,530.181,-1,7,10,-72.92,1,1,0,1,1,1,1,1
2026-03-28 12:21:53.663,530.261,0,7,10,-69.44,1,1,0,1,1,1,1,1
2026-03-28 12:21:53.742,530.340,-2,7,10,-64.64,1,1,0,1,1,1,1,1
2026-03-28 12:21:53.839,530.437,0,7,10,-67.52,1,1,0,1,1,1,1,1
2026-03-28 12:21:53.934,530.533,0,7,10,-67.5,1,1,0,1,1,1,1,1
2026-03-28 12:21:54.030,530.628,0,7,10,-67.79,1,1,0,1,1,1,1,1
2026-03-28 12:21:54.063,530.661,0,7,10,-70.81,1,1,0,1,1,1,1,1
2026-03-28 12:21:54.159,530.757,0,7,10,-67.2,1,1,0,1,1,1,1,1
2026-03-28 12:21:54.254,530.853,0,7,10,-67.16,1,1,0,1,1,1,1,1
2026-03-28 12:21:54.303,530.901,0,8,10,-70.75,1,1,0,1,1,1,1,1
2026-03-28 12:21:54.382,530.980,0,7,11,-71.07,1,1,0,1,1,1,1,1
2026-03-28 12:21:54.495,531.094,0,7,10,-68.76,1,1,0,1,1,1,1,1
2026-03-28 12:21:54.575,531.173,0,7,10,-71.48,1,1,0,1,1,1,1,1
2026-03-28 12:21:54.654,531.252,0,7,10,-67.78,1,1,0,1,1,1,1,1
2026-03-28 12:21:54.735,531.334,0,10,10,-68.41,1,1,0,1,1,1,1,1
2026-03-28 12:21:54.815,531.413,0,7,11,-65.02,1,1,0,1,1,1,1,1
2026-03-28 12:21:54.926,531.525,0,7,10,-68.5,1,1,0,1,1,1,1,1
2026-03-28 12:21:55.054,531.653,0,7,10,-67.92,1,1,0,1,1,1,1,1
2026-03-28 12:21:55.086,531.685,0,7,10,-66.79,1,1,0,1,1,1,1,1
2026-03-28 12:21:55.231,531.829,0,10,10,-64.96,1,1,0,1,1,1,1,1
2026-03-28 12:21:55.342,531.940,-1,7,11,-66.66,1,1,0,1,1,1,1,1
2026-03-28 12:21:55.423,532.021,-2,7,11,-70.98,1,1,0,1,1,1,1,1
2026-03-28 12:21:55.487,532.086,-1,10,11,-64.31,1,1,0,1,1,1,1,1
2026-03-28 12:21:55.598,532.197,0,7,11,-71.77,1,1,0,1,1,1,1,1
2026-03-28 12:21:55.663,532.261,0,7,10,-71.73,1,1,0,1,1,1,1,1
2026-03-28 12:21:55.742,532.340,0,7,10,-67.51,1,1,0,1,1,1,1,1
2026-03-28 12:21:55.839,532.438,-1,7,11,-68.76,1,1,0,1,1,1,1,1
2026-03-28 12:21:55.903,532.501,0,7,11,-68.51,1,1,0,1,1,1,1,1
2026-03-28 12:21:55.966,532.565,0,7,10,-66.89,1,1,0,1,1,1,1,1
2026-03-28 12:21:56.047,532.645,0,7,11,-66.79,1,1,0,1,1,1,1,1
2026-03-28 12:21:56.095,532.694,-1,7,10,-74.35,1,1,0,1,1,1,1,1
2026-03-28 12:21:56.159,532.758,0,7,10,-71.31,1,1,0,1,1,1,1,1
2026-03-28 12:21:56.271,532.869,0,7,10,-68.92,1,1,0,1,1,1,1,1
2026-03-28 12:21:56.367,532.966,-1,7,10,-69.17,1,1,0,1,1,1,1,1
2026-03-28 12:21:56.447,533.045,0,7,10,-68.35,1,1,0,1,1,1,1,1
2026-03-28 12:21:56.543,533.141,0,7,10,-68.94,1,1,0,1,1,1,1,1
2026-03-28 12:21:56.590,533.189,-1,7,10,-70.86,1,1,0,1,1,1,1,1
2026-03-28 12:21:56.686,533.285,0,7,10,-64.25,1,1,0,1,1,1,1,1
2026-03-28 12:21:56.782,533.381,-2,7,10,-71.19,1,1,0,1,1,1,1,1
2026-03-28 12:21:56.847,533.445,-1,10,10,-69.63,1,1,0,1,1,1,1,1
2026-03-28 12:21:56.975,533.573,0,7,11,-66.68,1,1,0,1,1,1,1,1
2026-03-28 12:21:56.990,533.588,0,7,11,-65.14,1,1,0,1,1,1,1,1
2026-03-28 12:21:57.119,533.717,0,7,10,-66.8,1,1,0,1,1,1,1,1
2026-03-28 12:21:57.182,533.780,-2,7,10,-70.71,1,1,0,1,1,1,1,1
2026-03-28 12:21:57.278,533.877,-1,7,11,-71.2,1,1,0,1,1,1,1,1
2026-03-28 12:21:57.374,533.973,0,7,11,-69.01,1,1,0,1,1,1,1,1
2026-03-28 12:21:57.471,534.069,0,7,10,-69.04,1,1,0,1,1,1,1,1
2026-03-28 12:21:57.503,534.102,0,7,10,-67.2,1,1,0,1,1,1,1,1
2026-03-28 12:21:57.614,534.213,0,7,10,-66.81,1,1,0,1,1,1,1,1
2026-03-28 12:21:57.662,534.260,-1,7,11,-68.84,1,1,0,1,1,1,1,1
2026-03-28 12:21:57.678,534.277,0,7,10,-70.94,1,1,0,1,1,1,1,1
2026-03-28 12:21:57.806,534.405,0,7,10,-66.52,1,1,0,1,1,1,1,1
2026-03-28 12:21:57.902,534.501,-1,7,10,-67.24,1,1,0,1,1,1,1,1
2026-03-28 12:21:57.951,534.549,0,7,11,-65.93,1,1,0,1,1,1,1,1
2026-03-28 12:21:58.046,534.645,0,7,10,-70.9,1,1,0,1,1,1,1,1
2026-03-28 12:21:58.127,534.725,0,7,10,-68.88,1,1,0,1,1,1,1,1
2026-03-28 12:21:58.222,534.821,-2,7,10,-67.64,1,1,0,1,1,1,1,1
2026-03-28 12:21:58.301,534.900,0,7,11,-70.08,1,1,0,1,1,1,1,1
2026-03-28 12:21:58.319,534.917,-2,7,10,-66.61,1,1,0,1,1,1,1,1
2026-03-28 12:21:58.462,535.061,0,7,10,-67.6,1,1,0,1,1,1,1,1
2026-03-28 12:21:58.494,535.092,0,7,10,-71.01,1,1,0,1,1,1,1,1
2026-03-28 12:21:58.542,535.141,-1,7,11,-69.81,1,1,0,1,1,1,1,1
2026-03-28 12:21:58.590,535.189,0,7,10,-71.73,1,1,0,1,1,1,1,1
2026-03-28 12:21:58.670,535.268,0,7,10,-69.57,1,1,0,1,1,1,1,1
2026-03-28 12:21:58.734,535.333,0,7,10,-68.33,1,1,0,1,1,1,1,1
2026-03-28 12:21:58.830,535.429,-1,10,11,-72.46,1,1,0,1,1,1,1,1
2026-03-28 12:21:58.974,535.573,0,10,10,-69.39,1,1,0,1,1,1,1,1
2026-03-28 12:21:59.054,535.653,0,10,10,-68.75,1,1,0,1,1,1,1,1
2026-03-28 12:21:59.119,535.717,0,7,10,-69.21,1,1,0,1,1,1,1,1
2026-03-28 12:21:59.150,535.749,0,7,10,-70.82,1,1,0,1,1,1,1,1
2026-03-28 12:21:59.310,535.908,-2,10,10,-69.41,1,1,0,1,1,1,1,1
2026-03-28 12:21:59.374,535.973,-1,10,10,-73.91,1,1,0,1,1,1,1,1
2026-03-28 12:21:59.486,536.084,-1,7,11,-68.46,1,1,0,1,1,1,1,1
2026-03-28 12:21:59.534,536.132,-1,7,11,-67.11,1,1,0,1,1,1,1,1
2026-03-28 12:21:59.582,536.181,-1,7,10,-71.18,1,1,0,1,1,1,1,1
2026-03-28 12:21:59.662,536.261,0,7,11,-65.53,1,1,0,1,1,1,1,1
2026-03-28 12:21:59.742,536.340,0,7,10,-65.39,1,1,0,1,1,1,1,1
2026-03-28 12:21:59.806,536.405,0,7,10,-70.33,1,1,0,1,1,1,1,1
2026-03-28 12:21:59.870,536.469,0,7,10,-74.24,1,1,0,1,1,1,1,1
2026-03-28 12:21:59.918,536.517,0,10,10,-72.7,1,1,0,1,1,1,1,1
2026-03-28 12:22:00.014,536.613,0,7,10,-69.8,1,1,0,1,1,1,1,1
2026-03-28 12:22:00.078,536.677,-2,7,10,-70.73,1,1,0,1,1,1,1,1
2026-03-28 12:22:00.142,536.741,0,7,10,-70.37,1,1,0,1,1,1,1,1
2026-03-28 12:22:00.223,536.822,-1,7,10,-71.88,1,1,0,1,1,1,1,1
2026-03-28 12:22:00.334,536.932,-2,7,10,-68.41,1,1,0,1,1,1,1,1
2026-03-28 12:22:00.381,536.980,0,7,10,-69.33,1,1,0,1,1,1,1,1
2026-03-28 12:22:00.479,537.077,0,7,10,-69.37,1,1,0,1,1,1,1,1
2026-03-28 12:22:00.573,537.172,-1,7,10,-70.87,1,1,0,1,1,1,1,1
2026-03-28 12:22:00.606,537.205,0,7,11,-70.22,1,1,0,1,1,1,1,1
2026-03-28 12:22:00.734,537.333,0,10,10,-70.22,1,1,0,1,1,1,1,1
2026-03-28 12:22:00.766,537.365,0,7,10,-71.27,1,1,0,1,1,1,1,1
2026-03-28 12:22:00.895,537.493,-2,7,10,-67.87,1,1,0,1,1,1,1,1
2026-03-28 12:22:00.990,537.589,0,7,10,-69.76,1,1,0,1,1,1,1,1
2026-03-28 12:22:01.134,537.733,0,7,10,-66.13,1,1,0,1,1,1,1,1
2026-03-28 12:22:01.182,537.781,0,7,10,-73.24,1,1,0,1,1,1,1,1
2026-03-28 12:22:01.278,537.876,0,7,10,-69.78,1,1,0,1,1,1,1,1
2026-03-28 12:22:01.342,537.941,-2,7,10,-68.61,1,1,0,1,1,1,1,1
2026-03-28 12:22:01.470,538.069,0,7,10,-69.5,1,1,0,1,1,1,1,1
2026-03-28 12:22:01.518,538.117,-2,10,10,-67.95,1,1,0,1,1,1,1,1
2026-03-28 12:22:01.599,538.197,0,7,10,-67.14,1,1,0,1,1,1,1,1
2026-03-28 12:22:01.710,538.308,0,7,10,-70.34,1,1,0,1,1,1,1,1
2026-03-28 12:22:01.742,538.341,0,7,10,-71.6,1,1,0,1,1,1,1,1
2026-03-28 12:22:01.838,538.436,0,7,11,-70.73,1,1,0,1,1,1,1,1
2026-03-28 12:22:01.903,538.501,0,7,11,-65.9,1,1,0,1,1,1,1,1
2026-03-28 12:22:02.046,538.645,0,7,10,-73.08,1,1,0,1,1,1,1,1
2026-03-28 12:22:02.078,538.677,0,7,10,-68.53,1,1,0,1,1,1,1,1
2026-03-28 12:22:02.190,538.789,0,7,10,-71.41,1,1,0,1,1,1,1,1
2026-03-28 12:22:02.206,538.805,-2,7,10,-66.37,1,1,0,1,1,1,1,1
2026-03-28 12:22:02.286,538.884,0,7,10,-72.85,1,1,0,1,1,1,1,1
2026-03-28 12:22:02.382,538.980,0,7,10,-67.88,1,1,0,1,1,1,1,1
2026-03-28 12:22:02.446,539.044,-1,7,10,-67.44,1,1,0,1,1,1,1,1
2026-03-28 12:22:02.527,539.125,0,7,10,-68.2,1,1,0,1,1,1,1,1
2026-03-28 12:22:02.686,539.285,0,10,10,-67.39,1,1,0,1,1,1,1,1
2026-03-28 12:22:02.703,539.301,0,7,10,-68.87,1,1,0,1,1,1,1,1
2026-03-28 12:22:02.798,539.396,0,7,11,-65.17,1,1,0,1,1,1,1,1
2026-03-28 12:22:02.878,539.477,0,7,10,-64.78,1,1,0,1,1,1,1,1
2026-03-28 12:22:02.989,539.588,0,10,10,-69.44,1,1,0,1,1,1,1,1
2026-03-28 12:22:03.054,539.653,-1,7,10,-73.22,1,1,0,1,1,1,1,1
2026-03-28 12:22:03.150,539.749,-2,10,10,-69.93,1,1,0,1,1,1,1,1
2026-03-28 12:22:03.246,539.845,-1,7,10,-69.9,1,1,0,1,1,1,1,1
2026-03-28 12:22:03.342,539.941,0,7,10,-68.39,1,1,0,1,1,1,1,1
2026-03-28 12:22:03.422,540.021,-2,7,10,-64.28,1,1,0,1,1,1,1,1
2026-03-28 12:22:03.454,540.053,0,7,11,-68.24,1,1,0,1,1,1,1,1
2026-03-28 12:22:03.582,540.181,0,7,10,-71.43,1,1,0,1,1,1,1,1
2026-03-28 12:22:03.614,540.213,0,7,10,-66.47,1,1,0,1,1,1,1,1
2026-03-28 12:22:03.742,540.340,0,7,11,-70.28,1,1,0,1,1,1,1,1
2026-03-28 12:22:03.790,540.388,0,7,10,-66.69,1,1,0,1,1,1,1,1
2026-03-28 12:22:03.870,540.468,0,7,10,-69.39,1,1,0,1,1,1,1,1
2026-03-28 12:22:03.918,540.517,0,7,10,-70.47,1,1,0,1,1,1,1,1
2026-03-28 12:22:04.030,540.628,0,7,10,-69.23,1,1,0,1,1,1,1,1
2026-03-28 12:22:04.077,540.676,0,7,11,-68.51,1,1,0,1,1,1,1,1
2026-03-28 12:22:04.142,540.740,-2,8,10,-71.14,1,1,0,1,1,1,1,1
2026-03-28 12:22:04.222,540.820,-1,10,10,-65.5,1,1,0,1,1,1,1,1
2026-03-28 12:22:04.334,540.932,0,7,10,-69.09,1,1,0,1,1,1,1,1
2026-03-28 12:22:04.414,541.012,0,8,10,-65.91,1,1,0,1,1,1,1,1
2026-03-28 12:22:04.510,541.108,0,10,10,-66.46,1,1,0,1,1,1,1,1
2026-03-28 12:22:04.590,541.188,-2,7,10,-66.9,1,1,0,1,1,1,1,1
2026-03-28 12:22:04.622,541.220,-1,7,10,-67.1,1,1,0,1,1,1,1,1
2026-03-28 12:22:04.734,541.332,-1,7,10,-67.43,1,1,0,1,1,1,1,1
2026-03-28 12:22:04.782,541.381,-2,7,10,-66.27,1,1,0,1,1,1,1,1
2026-03-28 12:22:04.878,541.476,0,7,10,-68.26,1,1,0,1,1,1,1,1
2026-03-28 12:22:04.990,541.588,0,7,10,-69.47,1,1,0,1,1,1,1,1
2026-03-28 12:22:05.022,541.620,0,7,10,-67.0,1,1,0,1,1,1,1,1
2026-03-28 12:22:05.086,541.684,0,7,10,-67.69,1,1,0,1,1,1,1,1
2026-03-28 12:22:05.166,541.764,0,7,10,-64.99,1,1,0,1,1,1,1,1
2026-03-28 12:22:05.325,541.924,0,7,10,-68.52,1,1,0,1,1,1,1,1
2026-03-28 12:22:05.342,541.940,0,7,10,-67.06,1,1,0,1,1,1,1,1
2026-03-28 12:22:05.438,542.037,0,7,10,-65.29,1,1,0,1,1,1,1,1
2026-03-28 12:22:05.550,542.149,0,7,10,-71.02,1,1,0,1,1,1,1,1
2026-03-28 12:22:05.630,542.228,0,7,10,-70.65,1,1,0,1,1,1,1,1
2026-03-28 12:22:05.646,542.244,0,7,10,-64.31,1,1,0,1,1,1,1,1
2026-03-28 12:22:05.726,542.324,-1,7,10,-66.41,1,1,0,1,1,1,1,1
2026-03-28 12:22:05.838,542.436,0,7,10,-64.8,1,1,0,1,1,1,1,1
2026-03-28 12:22:05.965,542.563,-1,7,10,-68.96,1,1,0,1,1,1,1,1
2026-03-28 12:22:05.982,542.580,0,7,10,-63.33,1,1,0,1,1,1,1,1
2026-03-28 12:22:06.094,542.692,0,7,10,-68.79,1,1,0,1,1,1,1,1
2026-03-28 12:22:06.142,542.740,0,7,10,-68.37,1,1,0,1,1,1,1,1
2026-03-28 12:22:06.238,542.836,-2,7,10,-68.71,1,1,0,1,1,1,1,1
2026-03-28 12:22:06.287,542.885,0,7,10,-66.99,1,1,0,1,1,1,1,1
2026-03-28 12:22:06.366,542.965,0,7,10,-67.87,1,1,0,1,1,1,1,1
2026-03-28 12:22:06.446,543.044,-2,10,10,-67.82,1,1,0,1,1,1,1,1
2026-03-28 12:22:06.510,543.108,-1,7,11,-73.26,1,1,0,1,1,1,1,1
2026-03-28 12:22:06.574,543.172,-2,7,10,-66.24,1,1,0,1,1,1,1,1
2026-03-28 12:22:06.702,543.301,0,7,10,-62.7,1,1,0,1,1,1,1,1
2026-03-28 12:22:06.797,543.396,0,7,10,-66.72,1,1,0,1,1,1,1,1
2026-03-28 12:22:06.846,543.444,0,7,10,-67.72,1,1,0,1,1,1,1,1
2026-03-28 12:22:06.942,543.540,-1,7,10,-65.16,1,1,0,1,1,1,1,1
2026-03-28 12:22:07.005,543.604,-2,7,10,-67.98,1,1,0,1,1,1,1,1
2026-03-28 12:22:07.102,543.701,0,7,10,-71.2,1,1,0,1,1,1,1,1
2026-03-28 12:22:07.182,543.780,0,8,11,-69.17,1,1,0,1,1,1,1,1
2026-03-28 12:22:07.294,543.892,0,7,10,-64.92,1,1,0,1,1,1,1,1
2026-03-28 12:22:07.390,543.988,0,7,11,-63.28,1,1,0,1,1,1,1,1
2026-03-28 12:22:07.438,544.037,0,7,11,-69.66,1,1,0,1,1,1,1,1
2026-03-28 12:22:07.566,544.164,-1,7,10,-64.98,1,1,0,1,1,1,1,1
2026-03-28 12:22:07.598,544.196,0,10,10,-64.38,1,1,0,1,1,1,1,1
2026-03-28 12:22:07.693,544.292,-2,7,10,-67.76,1,1,0,1,1,1,1,1
2026-03-28 12:22:07.822,544.420,0,7,10,-65.58,1,1,0,1,1,1,1,1
2026-03-28 12:22:07.949,544.548,0,7,10,-69.62,1,1,0,1,1,1,1,1
2026-03-28 12:22:07.998,544.597,0,7,10,-66.51,1,1,0,1,1,1,1,1
2026-03-28 12:22:08.094,544.692,0,7,10,-66.18,1,1,0,1,1,1,1,1
2026-03-28 12:22:08.158,544.756,-2,7,10,-71.09,1,1,0,1,1,1,1,1
2026-03-28 12:22:08.270,544.868,-2,7,10,-64.51,1,1,0,1,1,1,1,1
2026-03-28 12:22:08.350,544.948,0,7,8,-64.16,1,1,0,1,1,1,1,1
2026-03-28 12:22:08.414,545.012,0,7,8,-68.07,1,1,0,1,1,1,1,1
2026-03-28 12:22:08.510,545.108,0,7,10,-66.99,1,1,0,1,1,1,1,1
2026-03-28 12:22:08.542,545.140,0,8,11,-69.38,1,1,0,1,1,1,1,1
2026-03-28 12:22:08.670,545.268,0,10,10,-70.38,1,1,0,1,1,1,1,1
2026-03-28 12:22:08.734,545.332,0,7,10,-66.52,1,1,0,1,1,1,1,1
2026-03-28 12:22:08.846,545.444,0,7,10,-68.48,1,1,0,1,1,1,1,1
2026-03-28 12:22:08.910,545.508,0,7,10,-65.83,1,1,0,1,1,1,1,1
2026-03-28 12:22:08.974,545.572,0,10,11,-66.29,1,1,0,1,1,1,1,1
2026-03-28 12:22:09.037,545.635,0,7,10,-71.41,1,1,0,1,1,1,1,1
2026-03-28 12:22:09.198,545.796,0,7,10,-72.16,1,1,0,1,1,1,1,1
2026-03-28 12:22:09.294,545.892,0,10,11,-68.25,1,1,0,1,1,1,1,1
2026-03-28 12:22:09.405,546.004,-2,7,10,-66.37,1,1,0,1,1,1,1,1
2026-03-28 12:22:09.518,546.116,0,7,10,-69.41,1,1,0,1,1,1,1,1
2026-03-28 12:22:09.582,546.180,-1,7,10,-65.53,1,1,0,1,1,1,1,1
2026-03-28 12:22:09.629,546.228,-2,7,10,-65.91,1,1,0,1,1,1,1,1
2026-03-28 12:22:09.742,546.340,0,7,10,-66.95,1,1,0,1,1,1,1,1
2026-03-28 12:22:09.774,546.372,-2,10,10,-65.16,1,1,0,1,1,1,1,1
2026-03-28 12:22:09.838,546.436,-1,7,10,-64.35,1,1,0,1,1,1,1,1
2026-03-28 12:22:09.934,546.532,0,10,10,-63.66,1,1,0,1,1,1,1,1
2026-03-28 12:22:09.998,546.596,0,7,10,-63.61,1,1,0,1,1,1,1,1
2026-03-28 12:22:10.126,546.724,-2,7,10,-65.44,1,1,0,1,1,1,1,1
2026-03-28 12:22:10.158,546.756,0,7,10,-64.78,1,1,0,1,1,1,1,1
2026-03-28 12:22:10.238,546.836,0,10,10,-63.91,1,1,0,1,1,1,1,1
2026-03-28 12:22:10.318,546.916,-2,7,10,-63.01,1,1,0,1,1,1,1,1
2026-03-28 12:22:10.382,546.980,0,7,10,-64.7,1,1,0,1,1,1,1,1
2026-03-28 12:22:10.478,547.076,0,7,10,-65.98,1,1,0,1,1,1,1,1
2026-03-28 12:22:10.558,547.157,-2,7,10,-67.32,1,1,0,1,1,1,1,1
2026-03-28 12:22:10.670,547.268,0,7,10,-65.54,1,1,0,1,1,1,1,1
2026-03-28 12:22:10.734,547.332,0,7,10,-68.34,1,1,0,1,1,1,1,1
2026-03-28 12:22:10.782,547.381,-2,7,10,-63.96,1,1,0,1,1,1,1,1
2026-03-28 12:22:10.846,547.444,0,7,10,-68.4,1,1,0,1,1,1,1,1
2026-03-28 12:22:10.926,547.524,0,7,10,-67.99,1,1,0,1,1,1,1,1
2026-03-28 12:22:10.990,547.588,-2,7,10,-68.29,1,1,0,1,1,1,1,1
2026-03-28 12:22:11.102,547.700,-1,8,11,-69.16,1,1,0,1,1,1,1,1
2026-03-28 12:22:11.197,547.795,-2,7,10,-64.31,1,1,0,1,1,1,1,1
2026-03-28 12:22:11.261,547.860,-2,7,10,-65.79,1,1,0,1,1,1,1,1
2026-03-28 12:22:11.358,547.956,-2,10,8,-64.85,1,1,0,1,1,1,1,1
2026-03-28 12:22:11.453,548.052,-1,8,10,-67.96,1,1,0,1,1,1,1,1
2026-03-28 12:22:11.485,548.084,-2,7,10,-66.96,1,1,0,1,1,1,1,1
2026-03-28 12:22:11.582,548.180,0,7,10,-67.04,1,1,0,1,1,1,1,1
2026-03-28 12:22:11.694,548.292,0,7,10,-63.82,1,1,0,1,1,1,1,1
2026-03-28 12:22:11.758,548.356,0,7,11,-65.9,1,1,0,1,1,1,1,1
2026-03-28 12:22:11.806,548.404,1,10,10,-64.26,1,1,0,1,1,1,1,1
2026-03-28 12:22:11.950,548.548,0,7,10,-65.93,1,1,0,1,1,1,1,1
2026-03-28 12:22:12.014,548.612,0,7,10,-66.76,1,1,0,1,1,1,1,1
2026-03-28 12:22:12.094,548.692,0,7,10,-64.18,1,1,0,1,1,1,1,1
2026-03-28 12:22:12.173,548.772,-2,10,10,-65.64,1,1,0,1,1,1,1,1
2026-03-28 12:22:12.254,548.852,0,7,10,-64.82,1,1,0,1,1,1,1,1
2026-03-28 12:22:12.350,548.948,0,7,10,-62.26,1,1,0,1,1,1,1,1
2026-03-28 12:22:12.382,548.980,0,7,10,-62.88,1,1,0,1,1,1,1,1
2026-03-28 12:22:12.462,549.060,0,7,10,-63.77,1,1,0,1,1,1,1,1
2026-03-28 12:22:12.526,549.124,0,7,10,-67.96,1,1,0,1,1,1,1,1
2026-03-28 12:22:12.622,549.220,0,7,10,-66.63,1,1,0,1,1,1,1,1
2026-03-28 12:22:12.702,549.300,0,7,10,-63.44,1,1,0,1,1,1,1,1
2026-03-28 12:22:12.765,549.364,-1,7,10,-65.98,1,1,0,1,1,1,1,1
2026-03-28 12:22:12.893,549.492,0,7,10,-66.04,1,1,0,1,1,1,1,1
2026-03-28 12:22:12.910,549.508,-2,10,10,-66.37,1,1,0,1,1,1,1,1
2026-03-28 12:22:13.054,549.652,-2,7,10,-68.08,1,1,0,1,1,1,1,1
2026-03-28 12:22:13.117,549.715,-2,7,10,-67.19,1,1,0,1,1,1,1,1
2026-03-28 12:22:13.181,549.779,0,7,10,-65.09,1,1,0,1,1,1,1,1
2026-03-28 12:22:13.326,549.924,0,7,11,-62.16,1,1,0,1,1,1,1,1
2026-03-28 12:22:13.405,550.003,-1,7,10,-64.37,1,1,0,1,1,1,1,1
2026-03-28 12:22:13.470,550.068,0,7,10,-63.65,1,1,0,1,1,1,1,1
2026-03-28 12:22:13.533,550.132,0,7,10,-65.47,1,1,0,1,1,1,1,1
2026-03-28 12:22:13.614,550.212,0,7,8,-64.54,1,1,0,1,1,1,1,1
2026-03-28 12:22:13.726,550.324,0,7,10,-68.2,1,1,0,1,1,1,1,1
2026-03-28 12:22:13.806,550.404,-2,7,10,-65.69,1,1,0,1,1,1,1,1
2026-03-28 12:22:13.870,550.468,0,7,11,-65.92,1,1,0,1,1,1,1,1
2026-03-28 12:22:13.917,550.515,-1,7,10,-65.58,1,1,0,1,1,1,1,1
2026-03-28 12:22:14.013,550.612,0,7,10,-65.67,1,1,0,1,1,1,1,1
2026-03-28 12:22:14.125,550.724,0,8,10,-65.36,1,1,0,1,1,1,1,1
2026-03-28 12:22:14.142,550.740,0,7,10,-69.3,1,1,0,1,1,1,1,1
2026-03-28 12:22:14.222,550.820,0,7,10,-64.31,1,1,0,1,1,1,1,1
2026-03-28 12:22:14.333,550.931,0,7,11,-65.1,1,1,0,1,1,1,1,1
2026-03-28 12:22:14.429,551.028,-1,7,10,-66.29,1,1,0,1,1,1,1,1
2026-03-28 12:22:14.477,551.076,-1,7,10,-64.54,1,1,0,1,1,1,1,1
2026-03-28 12:22:14.590,551.188,-2,7,10,-66.56,1,1,0,1,1,1,1,1
2026-03-28 12:22:14.606,551.204,-1,7,10,-64.17,1,1,0,1,1,1,1,1
2026-03-28 12:22:14.701,551.300,0,7,10,-66.0,1,1,0,1,1,1,1,1
2026-03-28 12:22:14.750,551.348,-2,7,11,-66.08,1,1,0,1,1,1,1,1
2026-03-28 12:22:14.813,551.412,0,7,11,-71.92,1,1,0,1,1,1,1,1
2026-03-28 12:22:14.893,551.492,-1,7,10,-67.99,1,1,0,1,1,1,1,1
2026-03-28 12:22:14.957,551.556,-2,7,11,-70.32,1,1,0,1,1,1,1,1
2026-03-28 12:22:15.021,551.620,-2,7,10,-74.31,1,1,0,1,1,1,1,1
2026-03-28 12:22:15.117,551.716,-1,7,10,-77.43,1,1,0,1,1,1,1,1
2026-03-28 12:22:15.149,551.748,0,7,10,-68.44,1,1,0,1,1,1,1,1
2026-03-28 12:22:15.213,551.812,0,7,11,-71.65,1,1,0,1,1,1,1,1
2026-03-28 12:22:15.293,551.892,0,7,10,-69.46,1,1,0,1,1,1,1,1
2026-03-28 12:22:15.405,552.004,0,7,10,-73.4,1,1,0,1,1,1,1,1
2026-03-28 12:22:15.438,552.036,-2,7,10,-69.53,1,1,0,1,1,1,1,1
2026-03-28 12:22:15.502,552.100,-2,7,10,-73.52,1,1,0,1,1,1,1,1
2026-03-28 12:22:15.581,552.180,-2,7,10,-69.37,1,1,0,1,1,1,1,1
2026-03-28 12:22:15.661,552.260,-2,7,10,-68.8,1,1,0,1,1,1,1,1
2026-03-28 12:22:15.757,552.356,0,7,10,-71.46,1,1,0,1,1,1,1,1
2026-03-28 12:22:15.805,552.404,0,7,10,-71.52,1,1,0,1,1,1,1,1
2026-03-28 12:22:15.981,552.580,0,7,10,-72.93,1,1,0,1,1,1,1,1
2026-03-28 12:22:16.109,552.708,0,7,10,-71.05,1,1,0,1,1,1,1,1
2026-03-28 12:22:16.189,552.788,-2,7,10,-63.2,1,1,0,1,1,1,1,1
2026-03-28 12:22:16.285,552.883,0,7,8,-67.34,1,1,0,1,1,1,1,1
2026-03-28 12:22:16.349,552.947,0,10,10,-67.14,1,1,0,1,1,1,1,1
2026-03-28 12:22:16.429,553.027,0,7,10,-70.9,1,1,0,1,1,1,1,1
2026-03-28 12:22:16.541,553.140,-2,7,10,-66.92,1,1,0,1,1,1,1,1
2026-03-28 12:22:16.605,553.204,-2,7,10,-62.19,1,1,0,1,1,1,1,1
2026-03-28 12:22:16.654,553.252,-2,7,10,-66.7,1,1,0,1,1,1,1,1
2026-03-28 12:22:16.749,553.348,0,8,11,-66.22,1,1,0,1,1,1,1,1
2026-03-28 12:22:16.813,553.412,-2,7,11,-65.85,1,1,0,1,1,1,1,1
2026-03-28 12:22:16.893,553.492,-1,7,10,-74.89,1,1,0,1,1,1,1,1
2026-03-28 12:22:17.021,553.620,0,7,10,-72.84,1,1,0,1,1,1,1,1
2026-03-28 12:22:17.117,553.715,0,8,10,-69.79,1,1,0,1,1,1,1,1
2026-03-28 12:22:17.119,553.717,0,10,10,-65.13,1,1,0,1,1,1,1,1
2026-03-28 12:22:17.213,553.812,-1,7,10,-64.64,1,1,0,1,1,1,1,1
2026-03-28 12:22:17.293,553.892,0,7,10,-68.58,1,1,0,1,1,1,1,1
2026-03-28 12:22:17.325,553.924,0,7,10,-67.75,1,1,0,1,1,1,1,1
2026-03-28 12:22:17.421,554.020,-1,7,10,-73.76,1,1,0,1,1,1,1,1
2026-03-28 12:22:17.469,554.067,-1,7,10,-71.79,1,1,0,1,1,1,1,1
2026-03-28 12:22:17.581,554.180,-1,7,10,-66.45,1,1,0,1,1,1,1,1
2026-03-28 12:22:17.661,554.260,-2,10,10,-66.89,1,1,0,1,1,1,1,1
2026-03-28 12:22:17.789,554.388,-1,7,10,-69.42,1,1,0,1,1,1,1,1
2026-03-28 12:22:17.901,554.500,0,7,10,-64.58,1,1,0,1,1,1,1,1
2026-03-28 12:22:17.933,554.531,0,7,10,-64.86,1,1,0,1,1,1,1,1
2026-03-28 12:22:18.077,554.675,0,7,11,-64.93,1,1,0,1,1,1,1,1
2026-03-28 12:22:18.125,554.724,-2,7,10,-68.11,1,1,0,1,1,1,1,1
2026-03-28 12:22:18.173,554.772,0,7,10,-67.79,1,1,0,1,1,1,1,1
2026-03-28 12:22:18.236,554.835,-1,7,10,-74.97,1,1,0,1,1,1,1,1
2026-03-28 12:22:18.317,554.916,-1,7,10,-74.43,1,1,0,1,1,1,1,1
2026-03-28 12:22:18.365,554.964,0,7,10,-70.28,1,1,0,1,1,1,1,1
2026-03-28 12:22:18.477,555.075,-1,7,10,-69.29,1,1,0,1,1,1,1,1
2026-03-28 12:22:18.636,555.235,0,7,11,-66.51,1,1,0,1,1,1,1,1
2026-03-28 12:22:18.654,555.252,-2,7,10,-63.94,1,1,0,1,1,1,1,1
2026-03-28 12:22:18.734,555.332,0,7,10,-67.14,1,1,0,1,1,1,1,1
2026-03-28 12:22:18.829,555.428,0,7,10,-68.47,1,1,0,1,1,1,1,1
2026-03-28 12:22:18.893,555.492,-1,7,10,-65.84,1,1,0,1,1,1,1,1
2026-03-28 12:22:19.005,555.604,-1,7,11,-74.21,1,1,0,1,1,1,1,1
2026-03-28 12:22:19.038,555.636,0,7,10,-67.28,1,1,0,1,1,1,1,1
2026-03-28 12:22:19.181,555.780,-2,7,10,-69.13,1,1,0,1,1,1,1,1
2026-03-28 12:22:19.213,555.812,0,7,10,-66.15,1,1,0,1,1,1,1,1
2026-03-28 12:22:19.261,555.860,0,7,10,-66.84,1,1,0,1,1,1,1,1
2026-03-28 12:22:19.389,555.988,0,7,10,-70.52,1,1,0,1,1,1,1,1
2026-03-28 12:22:19.438,556.036,0,7,10,-62.98,1,1,0,1,1,1,1,1
2026-03-28 12:22:19.549,556.148,0,7,10,-66.75,1,1,0,1,1,1,1,1
2026-03-28 12:22:19.581,556.180,-1,7,10,-66.08,1,1,0,1,1,1,1,1
2026-03-28 12:22:19.677,556.275,-2,7,10,-66.14,1,1,0,1,1,1,1,1
2026-03-28 12:22:19.741,556.340,0,7,10,-69.14,1,1,0,1,1,1,1,1
2026-03-28 12:22:19.821,556.420,0,7,10,-70.01,1,1,0,1,1,1,1,1
2026-03-28 12:22:19.901,556.500,0,7,10,-65.72,1,1,0,1,1,1,1,1
2026-03-28 12:22:19.965,556.564,-2,10,10,-68.86,1,1,0,1,1,1,1,1
2026-03-28 12:22:20.045,556.644,0,7,10,-67.68,1,1,0,1,1,1,1,1
2026-03-28 12:22:20.141,556.740,-1,7,11,-67.11,1,1,0,1,1,1,1,1
2026-03-28 12:22:20.221,556.820,-1,7,10,-65.76,1,1,0,1,1,1,1,1
2026-03-28 12:22:20.269,556.868,-2,7,10,-65.24,1,1,0,1,1,1,1,1
2026-03-28 12:22:20.333,556.932,0,7,10,-68.96,1,1,0,1,1,1,1,1
2026-03-28 12:22:20.477,557.076,-1,7,10,-67.3,1,1,0,1,1,1,1,1
2026-03-28 12:22:20.589,557.187,-2,7,11,-65.13,1,1,0,1,1,1,1,1
2026-03-28 12:22:20.653,557.252,-1,7,10,-66.65,1,1,0,1,1,1,1,1
2026-03-28 12:22:20.669,557.268,-1,7,10,-64.27,1,1,0,1,1,1,1,1
2026-03-28 12:22:20.765,557.364,-1,7,10,-64.39,1,1,0,1,1,1,1,1
2026-03-28 12:22:20.861,557.460,0,7,10,-63.78,1,1,0,1,1,1,1,1
2026-03-28 12:22:21.037,557.636,-2,7,10,-68.7,1,1,0,1,1,1,1,1
2026-03-28 12:22:21.085,557.684,-1,7,10,-64.87,1,1,0,1,1,1,1,1
2026-03-28 12:22:21.181,557.780,0,10,11,-64.93,1,1,0,1,1,1,1,1
2026-03-28 12:22:21.261,557.860,0,7,10,-67.93,1,1,0,1,1,1,1,1
2026-03-28 12:22:21.357,557.956,-1,7,10,-63.56,1,1,0,1,1,1,1,1
2026-03-28 12:22:21.469,558.068,-2,7,10,-67.7,1,1,0,1,1,1,1,1
2026-03-28 12:22:21.517,558.116,-2,7,10,-67.97,1,1,0,1,1,1,1,1
2026-03-28 12:22:21.629,558.227,0,7,10,-67.44,1,1,0,1,1,1,1,1
2026-03-28 12:22:21.693,558.292,0,7,10,-63.28,1,1,0,1,1,1,1,1
2026-03-28 12:22:21.773,558.372,0,10,10,-62.06,1,1,0,1,1,1,1,1
2026-03-28 12:22:21.854,558.452,0,7,10,-67.67,1,1,0,1,1,1,1,1
2026-03-28 12:22:21.917,558.516,0,7,10,-64.76,1,1,0,1,1,1,1,1
2026-03-28 12:22:22.013,558.611,0,10,10,-66.15,1,1,0,1,1,1,1,1
2026-03-28 12:22:22.126,558.724,0,7,10,-67.46,1,1,0,1,1,1,1,1
2026-03-28 12:22:22.141,558.740,0,7,10,-65.85,1,1,0,1,1,1,1,1
2026-03-28 12:22:22.254,558.852,0,7,10,-62.33,1,1,0,1,1,1,1,1
2026-03-28 12:22:22.333,558.931,-1,7,10,-67.38,1,1,0,1,1,1,1,1
2026-03-28 12:22:22.397,558.996,-2,10,10,-62.87,1,1,0,1,1,1,1,1
2026-03-28 12:22:22.493,559.091,0,10,10,-63.57,1,1,0,1,1,1,1,1
2026-03-28 12:22:22.589,559.187,0,7,10,-66.91,1,1,0,1,1,1,1,1
2026-03-28 12:22:22.669,559.267,0,7,10,-62.25,1,1,0,1,1,1,1,1
2026-03-28 12:22:22.733,559.331,0,10,10,-64.96,1,1,0,1,1,1,1,1
2026-03-28 12:22:22.828,559.427,0,7,10,-65.76,1,1,0,1,1,1,1,1
2026-03-28 12:22:22.877,559.475,-2,7,10,-67.59,1,1,0,1,1,1,1,1
2026-03-28 12:22:22.989,559.587,-2,7,10,-66.73,1,1,0,1,1,1,1,1
2026-03-28 12:22:23.069,559.667,0,10,10,-71.42,1,1,0,1,1,1,1,1
2026-03-28 12:22:23.133,559.731,0,10,10,-67.0,1,1,0,1,1,1,1,1
2026-03-28 12:22:23.229,559.827,0,7,11,-62.95,1,1,0,1,1,1,1,1
2026-03-28 12:22:23.277,559.875,0,7,10,-62.34,1,1,0,1,1,1,1,1
2026-03-28 12:22:23.405,560.004,0,7,10,-65.81,1,1,0,1,1,1,1,1
2026-03-28 12:22:23.501,560.099,-2,7,10,-66.99,1,1,0,1,1,1,1,1
2026-03-28 12:22:23.581,560.179,0,7,10,-63.45,1,1,0,1,1,1,1,1
2026-03-28 12:22:23.613,560.211,0,7,10,-65.81,1,1,0,1,1,1,1,1
2026-03-28 12:22:23.741,560.339,-1,10,10,-65.65,1,1,0,1,1,1,1,1
2026-03-28 12:22:23.756,560.355,-1,7,10,-64.28,1,1,0,1,1,1,1,1
2026-03-28 12:22:23.821,560.419,-2,10,10,-66.58,1,1,0,1,1,1,1,1
2026-03-28 12:22:23.965,560.564,-1,7,10,-66.95,1,1,0,1,1,1,1,1
2026-03-28 12:22:24.077,560.676,0,10,8,-65.74,1,1,0,1,1,1,1,1
2026-03-28 12:22:24.141,560.739,0,7,11,-64.91,1,1,0,1,1,1,1,1
2026-03-28 12:22:24.253,560.852,0,10,10,-64.7,1,1,0,1,1,1,1,1
2026-03-28 12:22:24.285,560.883,0,7,10,-66.51,1,1,0,1,1,1,1,1
2026-03-28 12:22:24.349,560.947,-1,8,10,-63.01,1,1,0,1,1,1,1,1
2026-03-28 12:22:24.461,561.059,-1,7,10,-66.82,1,1,0,1,1,1,1,1
2026-03-28 12:22:24.525,561.123,-2,7,10,-67.59,1,1,0,1,1,1,1,1
2026-03-28 12:22:24.589,561.188,0,7,10,-64.49,1,1,0,1,1,1,1,1
2026-03-28 12:22:24.685,561.283,0,7,10,-66.92,1,1,0,1,1,1,1,1
2026-03-28 12:22:24.749,561.347,-2,7,10,-68.16,1,1,0,1,1,1,1,1
2026-03-28 12:22:24.797,561.395,-2,10,10,-69.59,1,1,0,1,1,1,1,1
2026-03-28 12:22:24.861,561.459,0,7,10,-63.97,1,1,0,1,1,1,1,1
2026-03-28 12:22:24.941,561.539,0,7,10,-70.97,1,1,0,1,1,1,1,1
2026-03-28 12:22:25.021,561.620,-1,7,11,-67.69,1,1,0,1,1,1,1,1
2026-03-28 12:22:25.101,561.699,-1,7,10,-66.91,1,1,0,1,1,1,1,1
2026-03-28 12:22:25.213,561.811,0,7,10,-64.62,1,1,0,1,1,1,1,1
2026-03-28 12:22:25.293,561.891,-2,8,11,-64.83,1,1,0,1,1,1,1,1
2026-03-28 12:22:25.340,561.939,0,10,10,-66.92,1,1,0,1,1,1,1,1
2026-03-28 12:22:25.373,561.971,0,7,10,-66.73,1,1,0,1,1,1,1,1
2026-03-28 12:22:25.469,562.067,0,7,10,-66.07,1,1,0,1,1,1,1,1
2026-03-28 12:22:25.565,562.163,0,7,10,-70.09,1,1,0,1,1,1,1,1
2026-03-28 12:22:25.613,562.211,-2,7,10,-68.29,1,1,0,1,1,1,1,1
2026-03-28 12:22:25.708,562.307,0,7,10,-68.78,1,1,0,1,1,1,1,1
2026-03-28 12:22:25.772,562.371,-2,7,10,-67.09,1,1,0,1,1,1,1,1
2026-03-28 12:22:25.916,562.515,0,7,10,-62.93,1,1,0,1,1,1,1,1
2026-03-28 12:22:25.933,562.531,-1,7,11,-67.35,1,1,0,1,1,1,1,1
2026-03-28 12:22:25.981,562.579,0,7,10,-65.55,1,1,0,1,1,1,1,1
2026-03-28 12:22:26.045,562.643,0,7,10,-67.1,1,1,0,1,1,1,1,1
2026-03-28 12:22:26.173,562.771,0,7,10,-62.86,1,1,0,1,1,1,1,1
2026-03-28 12:22:26.301,562.899,-2,10,10,-64.43,1,1,0,1,1,1,1,1
2026-03-28 12:22:26.365,562.963,-2,7,10,-63.28,1,1,0,1,1,1,1,1
2026-03-28 12:22:26.397,562.995,0,7,10,-63.31,1,1,0,1,1,1,1,1
2026-03-28 12:22:26.461,563.059,0,10,10,-65.13,1,1,0,1,1,1,1,1
2026-03-28 12:22:26.589,563.188,0,8,11,-65.79,1,1,0,1,1,1,1,1
2026-03-28 12:22:26.605,563.203,0,7,10,-67.93,1,1,0,1,1,1,1,1
2026-03-28 12:22:26.717,563.316,-1,7,10,-63.05,1,1,0,1,1,1,1,1
2026-03-28 12:22:26.749,563.347,-2,7,10,-64.55,1,1,0,1,1,1,1,1
2026-03-28 12:22:26.844,563.443,0,10,10,-64.7,1,1,0,1,1,1,1,1
2026-03-28 12:22:26.909,563.507,1,10,10,-64.87,1,1,0,1,1,1,1,1
2026-03-28 12:22:27.004,563.603,-2,7,10,-60.52,1,1,0,1,1,1,1,1
2026-03-28 12:22:27.101,563.699,0,10,10,-66.35,1,1,0,1,1,1,1,1
2026-03-28 12:22:27.196,563.795,-1,7,10,-62.35,1,1,0,1,1,1,1,1
2026-03-28 12:22:27.261,563.859,1,8,11,-63.9,1,1,0,1,1,1,1,1
2026-03-28 12:22:27.357,563.955,-1,8,10,-65.9,1,1,0,1,1,1,1,1
2026-03-28 12:22:27.421,564.019,1,8,11,-61.06,1,1,0,1,1,1,1,1
2026-03-28 12:22:27.501,564.099,-1,10,11,-65.47,1,1,0,1,1,1,1,1
2026-03-28 12:22:27.628,564.226,-1,7,11,-64.79,1,1,0,1,1,1,1,1
2026-03-28 12:22:27.709,564.307,-1,8,11,-63.13,1,1,0,1,1,1,1,1
2026-03-28 12:22:27.757,564.355,-1,11,11,-61.36,1,1,0,1,1,1,1,1
2026-03-28 12:22:27.854,564.452,1,8,11,-61.67,1,1,0,1,1,1,1,1
2026-03-28 12:22:27.916,564.515,0,8,11,-60.7,1,1,0,1,1,1,1,1
2026-03-28 12:22:27.996,564.595,1,8,11,-65.93,1,1,0,1,1,1,1,1
2026-03-28 12:22:28.045,564.643,1,8,11,-69.85,1,1,0,1,1,1,1,1
2026-03-28 12:22:28.189,564.787,1,8,11,-64.83,1,1,0,1,1,1,1,1
2026-03-28 12:22:28.269,564.868,1,8,11,-66.65,1,1,0,1,1,1,1,1
2026-03-28 12:22:28.317,564.915,1,10,11,-64.34,1,1,0,1,1,1,1,1
2026-03-28 12:22:28.429,565.027,1,8,11,-64.69,1,1,0,1,1,1,1,1
2026-03-28 12:22:28.461,565.059,1,8,11,-65.49,1,1,0,1,1,1,1,1
2026-03-28 12:22:28.541,565.139,1,11,11,-65.33,1,1,0,1,1,1,1,1
2026-03-28 12:22:28.589,565.187,1,8,11,-67.67,1,1,0,1,1,1,1,1
2026-03-28 12:22:28.701,565.299,1,8,11,-66.15,1,1,0,1,1,1,1,1
2026-03-28 12:22:28.813,565.411,1,8,11,-61.84,1,1,0,1,1,1,1,1
2026-03-28 12:22:28.845,565.443,0,8,11,-66.39,1,1,0,1,1,1,1,1
2026-03-28 12:22:28.909,565.507,1,8,11,-67.57,1,1,0,1,1,1,1,1
2026-03-28 12:22:29.037,565.635,1,8,11,-66.28,1,1,0,1,1,1,1,1
2026-03-28 12:22:29.053,565.651,1,8,11,-66.69,1,1,0,1,1,1,1,1
2026-03-28 12:22:29.164,565.762,-1,8,11,-67.55,1,1,0,1,1,1,1,1
2026-03-28 12:22:29.228,565.826,1,11,11,-67.03,1,1,0,1,1,1,1,1
2026-03-28 12:22:29.357,565.955,0,8,11,-67.4,1,1,0,1,1,1,1,1
2026-03-28 12:22:29.389,565.988,1,8,11,-63.38,1,1,0,1,1,1,1,1
2026-03-28 12:22:29.485,566.083,1,10,11,-69.87,1,1,0,1,1,1,1,1
2026-03-28 12:22:29.580,566.179,-1,8,11,-64.13,1,1,0,1,1,1,1,1
2026-03-28 12:22:29.644,566.243,1,10,11,-64.53,1,1,0,1,1,1,1,1
2026-03-28 12:22:29.725,566.323,-1,11,11,-67.47,1,1,0,1,1,1,1,1
2026-03-28 12:22:29.789,566.387,-1,8,10,-66.62,1,1,0,1,1,1,1,1
2026-03-28 12:22:29.932,566.531,1,8,11,-69.47,1,1,0,1,1,1,1,1
2026-03-28 12:22:30.013,566.611,-1,8,11,-63.04,1,1,0,1,1,1,1,1
2026-03-28 12:22:30.061,566.659,1,8,11,-66.66,1,1,0,1,1,1,1,1
2026-03-28 12:22:30.141,566.739,1,8,11,-66.26,1,1,0,1,1,1,1,1
2026-03-28 12:22:30.237,566.835,-1,8,11,-65.78,1,1,0,1,1,1,1,1
2026-03-28 12:22:30.349,566.947,-1,8,11,-60.54,1,1,0,1,1,1,1,1
2026-03-28 12:22:30.428,567.027,-1,7,11,-66.42,1,1,0,1,1,1,1,1
2026-03-28 12:22:30.525,567.123,1,8,11,-62.74,1,1,0,1,1,1,1,1
2026-03-28 12:22:30.572,567.170,0,8,11,-67.5,1,1,0,1,1,1,1,1
2026-03-28 12:22:30.653,567.251,0,8,11,-66.95,1,1,0,1,1,1,1,1
2026-03-28 12:22:30.765,567.363,1,8,11,-67.66,1,1,0,1,1,1,1,1
2026-03-28 12:22:30.813,567.411,-1,8,11,-65.7,1,1,0,1,1,1,1,1
2026-03-28 12:22:30.877,567.475,-1,8,11,-67.13,1,1,0,1,1,1,1,1
2026-03-28 12:22:30.956,567.555,-1,8,11,-66.79,1,1,0,1,1,1,1,1
2026-03-28 12:22:31.037,567.635,1,10,11,-65.71,1,1,0,1,1,1,1,1
2026-03-28 12:22:31.085,567.683,-1,8,11,-69.62,1,1,0,1,1,1,1,1
2026-03-28 12:22:31.165,567.763,1,8,11,-66.85,1,1,0,1,1,1,1,1
2026-03-28 12:22:31.325,567.923,1,8,11,-61.12,1,1,0,1,1,1,1,1
2026-03-28 12:22:31.356,567.955,-2,7,10,-64.44,1,1,0,1,1,1,1,1
2026-03-28 12:22:31.421,568.019,-2,7,10,-66.31,1,1,0,1,1,1,1,1
2026-03-28 12:22:31.485,568.083,0,7,10,-67.39,1,1,0,1,1,1,1,1
2026-03-28 12:22:31.596,568.195,0,7,10,-68.27,1,1,0,1,1,1,1,1
2026-03-28 12:22:31.644,568.243,-1,7,10,-70.74,1,1,0,1,1,1,1,1
2026-03-28 12:22:31.757,568.355,0,10,10,-67.19,1,1,0,1,1,1,1,1
2026-03-28 12:22:31.837,568.436,0,7,10,-66.32,1,1,0,1,1,1,1,1
2026-03-28 12:22:31.932,568.531,0,7,10,-65.05,1,1,0,1,1,1,1,1
2026-03-28 12:22:31.949,568.547,-1,7,10,-65.06,1,1,0,1,1,1,1,1
2026-03-28 12:22:32.029,568.627,-1,10,10,-66.2,1,1,0,1,1,1,1,1
2026-03-28 12:22:32.141,568.739,-2,7,10,-63.08,1,1,0,1,1,1,1,1
2026-03-28 12:22:32.221,568.820,-2,7,11,-65.22,1,1,0,1,1,1,1,1
2026-03-28 12:22:32.349,568.947,-2,10,10,-64.25,1,1,0,1,1,1,1,1
2026-03-28 12:22:32.380,568.979,0,7,10,-65.02,1,1,0,1,1,1,1,1
2026-03-28 12:22:32.493,569.091,-2,7,10,-64.84,1,1,0,1,1,1,1,1
2026-03-28 12:22:32.556,569.155,-1,7,10,-65.07,1,1,0,1,1,1,1,1
2026-03-28 12:22:32.636,569.234,-1,10,10,-68.16,1,1,0,1,1,1,1,1
2026-03-28 12:22:32.732,569.331,-2,7,10,-63.38,1,1,0,1,1,1,1,1
2026-03-28 12:22:32.812,569.411,-1,10,10,-69.17,1,1,0,1,1,1,1,1
2026-03-28 12:22:32.876,569.475,-1,7,10,-64.23,1,1,0,1,1,1,1,1
2026-03-28 12:22:32.924,569.523,-1,7,11,-67.03,1,1,0,1,1,1,1,1
2026-03-28 12:22:33.052,569.650,-1,10,10,-65.51,1,1,0,1,1,1,1,1
2026-03-28 12:22:33.084,569.683,-1,8,11,-64.79,1,1,0,1,1,1,1,1
2026-03-28 12:22:33.164,569.763,0,8,10,-67.44,1,1,0,1,1,1,1,1
2026-03-28 12:22:33.292,569.891,-1,7,11,-66.62,1,1,0,1,1,1,1,1
2026-03-28 12:22:33.356,569.955,-1,10,10,-64.76,1,1,0,1,1,1,1,1
2026-03-28 12:22:33.468,570.066,0,7,10,-65.59,1,1,0,1,1,1,1,1
2026-03-28 12:22:33.484,570.083,0,10,10,-66.15,1,1,0,1,1,1,1,1
2026-03-28 12:22:33.596,570.195,-2,7,10,-68.71,1,1,0,1,1,1,1,1
2026-03-28 12:22:33.676,570.274,0,7,11,-66.26,1,1,0,1,1,1,1,1
2026-03-28 12:22:33.724,570.322,0,10,10,-66.02,1,1,0,1,1,1,1,1
2026-03-28 12:22:33.789,570.387,-2,7,10,-65.48,1,1,0,1,1,1,1,1
2026-03-28 12:22:33.900,570.499,0,8,10,-68.14,1,1,0,1,1,1,1,1
2026-03-28 12:22:33.948,570.547,0,7,10,-69.47,1,1,0,1,1,1,1,1
2026-03-28 12:22:34.092,570.691,0,7,10,-69.6,1,1,0,1,1,1,1,1
2026-03-28 12:22:34.124,570.723,-2,10,10,-64.85,1,1,0,1,1,1,1,1
2026-03-28 12:22:34.205,570.803,-1,7,10,-67.13,1,1,0,1,1,1,1,1
2026-03-28 12:22:34.348,570.947,-2,7,10,-64.49,1,1,0,1,1,1,1,1
2026-03-28 12:22:34.460,571.059,0,7,10,-68.13,1,1,0,1,1,1,1,1
2026-03-28 12:22:34.556,571.155,0,10,10,-66.05,1,1,0,1,1,1,1,1
2026-03-28 12:22:34.621,571.219,0,7,10,-65.71,1,1,0,1,1,1,1,1
2026-03-28 12:22:34.668,571.266,0,7,11,-64.47,1,1,0,1,1,1,1,1
2026-03-28 12:22:34.765,571.364,-2,7,10,-64.55,1,1,0,1,1,1,1,1
2026-03-28 12:22:34.828,571.427,-2,7,10,-67.37,1,1,0,1,1,1,1,1
2026-03-28 12:22:34.892,571.491,-2,7,10,-68.86,1,1,0,1,1,1,1,1
2026-03-28 12:22:34.956,571.555,0,7,10,-66.8,1,1,0,1,1,1,1,1
2026-03-28 12:22:35.068,571.666,0,8,10,-65.59,1,1,0,1,1,1,1,1
2026-03-28 12:22:35.149,571.748,-2,7,10,-67.34,1,1,0,1,1,1,1,1
2026-03-28 12:22:35.277,571.875,-1,7,11,-66.4,1,1,0,1,1,1,1,1
2026-03-28 12:22:35.324,571.923,0,7,11,-61.83,1,1,0,1,1,1,1,1
2026-03-28 12:22:35.405,572.003,-1,7,10,-65.18,1,1,0,1,1,1,1,1
2026-03-28 12:22:35.501,572.099,0,7,10,-63.24,1,1,0,1,1,1,1,1
2026-03-28 12:22:35.580,572.179,-1,8,10,-65.89,1,1,0,1,1,1,1,1
2026-03-28 12:22:35.676,572.275,-2,7,10,-71.41,1,1,0,1,1,1,1,1
2026-03-28 12:22:35.773,572.371,-1,8,11,-65.54,1,1,0,1,1,1,1,1
2026-03-28 12:22:35.852,572.451,-2,7,10,-67.4,1,1,0,1,1,1,1,1
2026-03-28 12:22:35.948,572.547,-1,7,10,-65.14,1,1,0,1,1,1,1,1
2026-03-28 12:22:36.012,572.611,-1,10,10,-63.31,1,1,0,1,1,1,1,1
2026-03-28 12:22:36.092,572.691,-1,8,8,-65.82,1,1,0,1,1,1,1,1
2026-03-28 12:22:36.156,572.755,-1,7,10,-64.46,1,1,0,1,1,1,1,1
2026-03-28 12:22:36.268,572.866,0,7,10,-64.76,1,1,0,1,1,1,1,1
2026-03-28 12:22:36.396,572.995,0,7,10,-64.85,1,1,0,1,1,1,1,1
2026-03-28 12:22:36.428,573.027,-1,8,10,-63.54,1,1,0,1,1,1,1,1
2026-03-28 12:22:36.524,573.123,1,8,11,-69.7,1,1,0,1,1,1,1,1
2026-03-28 12:22:36.668,573.267,1,8,11,-61.43,1,1,0,1,1,1,1,1
2026-03-28 12:22:36.684,573.283,0,10,10,-65.92,1,1,0,1,1,1,1,1
2026-03-28 12:22:36.716,573.315,0,7,10,-65.53,1,1,0,1,1,1,1,1
2026-03-28 12:22:36.812,573.411,0,8,10,-62.54,1,1,0,1,1,1,1,1
2026-03-28 12:22:36.892,573.491,-1,10,10,-66.32,1,1,0,1,1,1,1,1
2026-03-28 12:22:37.020,573.618,0,10,10,-64.51,1,1,0,1,1,1,1,1
2026-03-28 12:22:37.068,573.666,0,7,10,-63.32,1,1,0,1,1,1,1,1
2026-03-28 12:22:37.116,573.715,0,7,10,-65.67,1,1,0,1,1,1,1,1
2026-03-28 12:22:37.212,573.811,0,7,10,-66.97,1,1,0,1,1,1,1,1
2026-03-28 12:22:37.292,573.891,-1,7,10,-63.03,1,1,0,1,1,1,1,1
2026-03-28 12:22:37.372,573.971,-2,7,10,-67.0,1,1,0,1,1,1,1,1
2026-03-28 12:22:37.468,574.067,-2,7,11,-64.88,1,1,0,1,1,1,1,1
2026-03-28 12:22:37.532,574.131,-2,7,10,-67.46,1,1,0,1,1,1,1,1
2026-03-28 12:22:37.644,574.242,0,10,10,-63.52,1,1,0,1,1,1,1,1
2026-03-28 12:22:37.724,574.323,-2,7,10,-67.24,1,1,0,1,1,1,1,1
2026-03-28 12:22:37.756,574.355,0,7,11,-64.64,1,1,0,1,1,1,1,1
2026-03-28 12:22:37.789,574.388,-1,7,10,-62.77,1,1,0,1,1,1,1,1
2026-03-28 12:22:37.980,574.579,0,10,11,-67.7,1,1,0,1,1,1,1,1
2026-03-28 12:22:38.108,574.707,-1,7,10,-65.23,1,1,0,1,1,1,1,1
2026-03-28 12:22:38.124,574.723,-2,7,10,-65.7,1,1,0,1,1,1,1,1
2026-03-28 12:22:38.205,574.803,-2,7,10,-65.62,1,1,0,1,1,1,1,1
2026-03-28 12:22:38.268,574.867,-1,10,10,-67.89,1,1,0,1,1,1,1,1
2026-03-28 12:22:38.396,574.995,-1,10,10,-64.22,1,1,0,1,1,1,1,1
2026-03-28 12:22:38.412,575.011,0,7,10,-64.17,1,1,0,1,1,1,1,1
2026-03-28 12:22:38.572,575.171,-1,7,10,-63.31,1,1,0,1,1,1,1,1
2026-03-28 12:22:38.604,575.203,0,7,10,-59.83,1,1,0,1,1,1,1,1
2026-03-28 12:22:38.716,575.315,0,10,10,-62.76,1,1,0,1,1,1,1,1
2026-03-28 12:22:38.764,575.363,0,7,10,-62.63,1,1,0,1,1,1,1,1
2026-03-28 12:22:38.860,575.458,0,7,10,-61.26,1,1,0,1,1,1,1,1
2026-03-28 12:22:38.940,575.539,0,7,10,-61.7,1,1,0,1,1,1,1,1
2026-03-28 12:22:39.052,575.651,0,7,10,-60.08,1,1,0,1,1,1,1,1
2026-03-28 12:22:39.100,575.699,0,10,10,-62.13,1,1,0,1,1,1,1,1
2026-03-28 12:22:39.228,575.827,0,7,10,-61.83,1,1,0,1,1,1,1,1
2026-03-28 12:22:39.292,575.891,0,7,10,-61.67,1,1,0,1,1,1,1,1
2026-03-28 12:22:39.388,575.987,0,7,10,-61.91,1,1,0,1,1,1,1,1
2026-03-28 12:22:39.484,576.083,0,7,10,-63.21,1,1,0,1,1,1,1,1
2026-03-28 12:22:39.564,576.163,0,10,10,-62.13,1,1,0,1,1,1,1,1
2026-03-28 12:22:39.596,576.195,0,10,10,-61.32,1,1,0,1,1,1,1,1
2026-03-28 12:22:39.676,576.275,0,7,10,-64.14,1,1,0,1,1,1,1,1
2026-03-28 12:22:39.771,576.370,-1,7,10,-63.29,1,1,0,1,1,1,1,1
2026-03-28 12:22:39.836,576.435,-1,7,11,-61.45,1,1,0,1,1,1,1,1
2026-03-28 12:22:39.948,576.547,-2,10,10,-62.61,1,1,0,1,1,1,1,1
2026-03-28 12:22:40.028,576.626,-2,7,11,-63.3,1,1,0,1,1,1,1,1
2026-03-28 12:22:40.109,576.707,-2,7,10,-60.71,1,1,0,1,1,1,1,1
2026-03-28 12:22:40.156,576.755,-1,7,10,-63.51,1,1,0,1,1,1,1,1
2026-03-28 12:22:40.268,576.866,-1,10,10,-63.02,1,1,0,1,1,1,1,1
2026-03-28 12:22:40.364,576.963,0,10,10,-61.41,1,1,0,1,1,1,1,1
2026-03-28 12:22:40.396,576.995,-1,7,11,-62.19,1,1,0,1,1,1,1,1
2026-03-28 12:22:40.492,577.091,-2,7,10,-64.59,1,1,0,1,1,1,1,1
2026-03-28 12:22:40.620,577.219,-2,10,10,-59.49,1,1,0,1,1,1,1,1
2026-03-28 12:22:40.636,577.235,-2,7,10,-62.88,1,1,0,1,1,1,1,1
2026-03-28 12:22:40.748,577.347,-2,10,10,-61.65,1,1,0,1,1,1,1,1
2026-03-28 12:22:40.796,577.394,0,7,10,-62.34,1,1,0,1,1,1,1,1
2026-03-28 12:22:40.876,577.474,-1,7,11,-67.13,1,1,0,1,1,1,1,1
2026-03-28 12:22:41.004,577.603,0,7,10,-62.58,1,1,0,1,1,1,1,1
2026-03-28 12:22:41.100,577.699,-2,10,10,-63.24,1,1,0,1,1,1,1,1
2026-03-28 12:22:41.164,577.762,-1,7,10,-63.4,1,1,0,1,1,1,1,1
2026-03-28 12:22:41.260,577.858,-2,7,11,-61.98,1,1,0,1,1,1,1,1
2026-03-28 12:22:41.324,577.922,-1,7,10,-60.91,1,1,0,1,1,1,1,1
2026-03-28 12:22:41.404,578.003,-1,8,10,-59.72,1,1,0,1,1,1,1,1
2026-03-28 12:22:41.468,578.066,0,7,10,-61.69,1,1,0,1,1,1,1,1
2026-03-28 12:22:41.532,578.130,-1,7,10,-61.92,1,1,0,1,1,1,1,1
2026-03-28 12:22:41.597,578.195,-1,7,10,-63.1,1,1,0,1,1,1,1,1
2026-03-28 12:22:41.676,578.274,-1,10,10,-65.88,1,1,0,1,1,1,1,1
2026-03-28 12:22:41.724,578.323,-2,7,10,-63.56,1,1,0,1,1,1,1,1
2026-03-28 12:22:41.804,578.403,-2,10,10,-66.24,1,1,0,1,1,1,1,1
2026-03-28 12:22:41.884,578.482,0,10,10,-62.91,1,1,0,1,1,1,1,1
2026-03-28 12:22:41.996,578.594,0,7,10,-63.17,1,1,0,1,1,1,1,1
2026-03-28 12:22:42.044,578.642,0,7,10,-65.21,1,1,0,1,1,1,1,1
2026-03-28 12:22:42.172,578.770,-2,7,10,-60.75,1,1,0,1,1,1,1,1
2026-03-28 12:22:42.268,578.866,-1,7,11,-64.26,1,1,0,1,1,1,1,1
2026-03-28 12:22:42.316,578.914,-2,10,11,-60.12,1,1,0,1,1,1,1,1
2026-03-28 12:22:42.412,579.010,-1,7,11,-64.04,1,1,0,1,1,1,1,1
2026-03-28 12:22:42.523,579.122,-1,7,10,-62.45,1,1,0,1,1,1,1,1
2026-03-28 12:22:42.556,579.155,-2,8,11,-63.7,1,1,0,1,1,1,1,1
2026-03-28 12:22:42.636,579.235,0,7,10,-59.58,1,1,0,1,1,1,1,1
2026-03-28 12:22:42.700,579.298,-1,10,10,-61.01,1,1,0,1,1,1,1,1
2026-03-28 12:22:42.764,579.362,-2,10,11,-63.22,1,1,0,1,1,1,1,1
2026-03-28 12:22:42.844,579.442,0,7,10,-63.53,1,1,0,1,1,1,1,1
2026-03-28 12:22:42.907,579.506,-2,10,10,-64.61,1,1,0,1,1,1,1,1
2026-03-28 12:22:43.020,579.618,-1,10,10,-60.37,1,1,0,1,1,1,1,1
2026-03-28 12:22:43.100,579.698,-2,10,10,-61.23,1,1,0,1,1,1,1,1
2026-03-28 12:22:43.164,579.762,0,7,10,-63.05,1,1,0,1,1,1,1,1
2026-03-28 12:22:43.276,579.874,-2,7,10,-61.26,1,1,0,1,1,1,1,1
2026-03-28 12:22:43.324,579.922,-1,7,10,-59.58,1,1,0,1,1,1,1,1
2026-03-28 12:22:43.404,580.002,-2,7,10,-65.39,1,1,0,1,1,1,1,1
2026-03-28 12:22:43.484,580.082,-1,7,10,-61.9,1,1,0,1,1,1,1,1
2026-03-28 12:22:43.547,580.146,-2,10,10,-60.96,1,1,0,1,1,1,1,1
2026-03-28 12:22:43.628,580.226,-1,7,11,-63.93,1,1,0,1,1,1,1,1
2026-03-28 12:22:43.708,580.307,-2,7,10,-62.96,1,1,0,1,1,1,1,1
2026-03-28 12:22:43.804,580.402,0,7,10,-64.58,1,1,0,1,1,1,1,1
2026-03-28 12:22:43.852,580.450,0,10,10,-62.05,1,1,0,1,1,1,1,1
2026-03-28 12:22:43.980,580.578,0,7,11,-61.07,1,1,0,1,1,1,1,1
2026-03-28 12:22:44.108,580.706,0,10,10,-60.38,1,1,0,1,1,1,1,1
2026-03-28 12:22:44.172,580.770,-1,10,10,-61.01,1,1,0,1,1,1,1,1
2026-03-28 12:22:44.236,580.834,0,7,10,-61.37,1,1,0,1,1,1,1,1
2026-03-28 12:22:44.268,580.866,-1,7,10,-61.25,1,1,0,1,1,1,1,1
2026-03-28 12:22:44.428,581.026,-2,7,10,-60.59,1,1,0,1,1,1,1,1
2026-03-28 12:22:44.476,581.074,-1,7,10,-60.63,1,1,0,1,1,1,1,1
2026-03-28 12:22:44.572,581.170,-2,7,10,-59.87,1,1,0,1,1,1,1,1
2026-03-28 12:22:44.652,581.251,-1,7,10,-60.63,1,1,0,1,1,1,1,1
2026-03-28 12:22:44.700,581.298,-1,7,11,-63.92,1,1,0,1,1,1,1,1
2026-03-28 12:22:44.812,581.410,-1,7,10,-64.43,1,1,0,1,1,1,1,1
2026-03-28 12:22:44.908,581.506,0,10,10,-60.77,1,1,0,1,1,1,1,1
2026-03-28 12:22:44.956,581.554,0,7,10,-60.66,1,1,0,1,1,1,1,1
2026-03-28 12:22:45.068,581.666,0,7,10,-59.8,1,1,0,1,1,1,1,1
2026-03-28 12:22:45.116,581.714,0,7,10,-62.92,1,1,0,1,1,1,1,1
2026-03-28 12:22:45.212,581.810,-1,7,8,-63.22,1,1,0,1,1,1,1,1
2026-03-28 12:22:45.244,581.842,-1,7,10,-61.89,1,1,0,1,1,1,1,1
2026-03-28 12:22:45.339,581.938,-2,7,10,-60.53,1,1,0,1,1,1,1,1
2026-03-28 12:22:45.420,582.018,-2,10,10,-62.35,1,1,0,1,1,1,1,1
2026-03-28 12:22:45.499,582.098,0,7,10,-62.07,1,1,0,1,1,1,1,1
2026-03-28 12:22:45.564,582.162,-1,7,10,-60.77,1,1,0,1,1,1,1,1
2026-03-28 12:22:45.644,582.242,-1,7,10,-66.43,1,1,0,1,1,1,1,1
2026-03-28 12:22:45.708,582.306,-2,10,10,-62.52,1,1,0,1,1,1,1,1
2026-03-28 12:22:45.804,582.402,0,7,11,-61.68,1,1,0,1,1,1,1,1
2026-03-28 12:22:45.915,582.514,-2,7,10,-60.43,1,1,0,1,1,1,1,1
2026-03-28 12:22:46.012,582.610,-2,7,10,-58.86,1,1,0,1,1,1,1,1
2026-03-28 12:22:46.076,582.674,-2,7,11,-60.6,1,1,0,1,1,1,1,1
2026-03-28 12:22:46.252,582.850,-1,7,10,-60.81,1,1,0,1,1,1,1,1
2026-03-28 12:22:46.380,582.978,-2,7,10,-60.91,1,1,0,1,1,1,1,1
2026-03-28 12:22:46.476,583.074,-1,10,10,-60.24,1,1,0,1,1,1,1,1
2026-03-28 12:22:46.492,583.090,0,7,10,-59.35,1,1,0,1,1,1,1,1
2026-03-28 12:22:46.588,583.186,-1,10,10,-59.09,1,1,0,1,1,1,1,1
2026-03-28 12:22:46.668,583.266,-1,10,10,-62.86,1,1,0,1,1,1,1,1
2026-03-28 12:22:46.812,583.410,0,10,10,-60.69,1,1,0,1,1,1,1,1
2026-03-28 12:22:46.828,583.426,-1,7,11,-60.54,1,1,0,1,1,1,1,1
2026-03-28 12:22:46.908,583.506,-1,10,10,-63.44,1,1,0,1,1,1,1,1
2026-03-28 12:22:46.972,583.570,-1,10,11,-59.24,1,1,0,1,1,1,1,1
2026-03-28 12:22:47.068,583.666,-2,7,11,-64.59,1,1,0,1,1,1,1,1
2026-03-28 12:22:47.164,583.762,-2,7,10,-61.33,1,1,0,1,1,1,1,1
2026-03-28 12:22:47.260,583.858,0,10,11,-60.74,1,1,0,1,1,1,1,1
2026-03-28 12:22:47.308,583.906,-1,7,10,-59.47,1,1,0,1,1,1,1,1
2026-03-28 12:22:47.420,584.018,0,7,11,-61.16,1,1,0,1,1,1,1,1
2026-03-28 12:22:47.436,584.034,0,7,10,-63.0,1,1,0,1,1,1,1,1
2026-03-28 12:22:47.532,584.130,-1,10,10,-59.86,1,1,0,1,1,1,1,1
2026-03-28 12:22:47.644,584.242,0,7,8,-64.76,1,1,0,1,1,1,1,1
2026-03-28 12:22:47.692,584.290,-1,7,10,-61.99,1,1,0,1,1,1,1,1
2026-03-28 12:22:47.804,584.402,-1,10,10,-58.79,1,1,0,1,1,1,1,1
2026-03-28 12:22:47.852,584.450,-2,7,10,-60.25,1,1,0,1,1,1,1,1
2026-03-28 12:22:47.963,584.561,-1,10,10,-61.07,1,1,0,1,1,1,1,1
2026-03-28 12:22:48.043,584.642,0,7,10,-61.65,1,1,0,1,1,1,1,1
2026-03-28 12:22:48.156,584.755,-2,10,10,-60.45,1,1,0,1,1,1,1,1
2026-03-28 12:22:48.219,584.818,0,10,10,-60.83,1,1,0,1,1,1,1,1
2026-03-28 12:22:48.284,584.882,-1,7,11,-61.93,1,1,0,1,1,1,1,1
2026-03-28 12:22:48.428,585.026,-2,7,10,-57.85,1,1,0,1,1,1,1,1
2026-03-28 12:22:48.508,585.106,-1,10,10,-60.05,1,1,0,1,1,1,1,1
2026-03-28 12:22:48.604,585.202,-1,7,10,-61.32,1,1,0,1,1,1,1,1
2026-03-28 12:22:48.636,585.235,-1,7,10,-60.75,1,1,0,1,1,1,1,1
2026-03-28 12:22:48.748,585.346,-1,7,10,-60.93,1,1,0,1,1,1,1,1
2026-03-28 12:22:48.844,585.442,0,7,10,-59.33,1,1,0,1,1,1,1,1
2026-03-28 12:22:48.892,585.490,0,7,10,-61.16,1,1,0,1,1,1,1,1
2026-03-28 12:22:48.972,585.570,0,10,10,-61.24,1,1,0,1,1,1,1,1
2026-03-28 12:22:49.067,585.665,-1,10,10,-60.47,1,1,0,1,1,1,1,1
2026-03-28 12:22:49.116,585.714,-2,7,11,-61.96,1,1,0,1,1,1,1,1
2026-03-28 12:22:49.260,585.858,-2,7,10,-63.96,1,1,0,1,1,1,1,1
2026-03-28 12:22:49.323,585.922,0,7,10,-64.44,1,1,0,1,1,1,1,1
2026-03-28 12:22:49.357,585.955,-2,10,10,-60.54,1,1,0,1,1,1,1,1
2026-03-28 12:22:49.531,586.129,-1,10,10,-58.99,1,1,0,1,1,1,1,1
2026-03-28 12:22:49.612,586.210,-2,10,10,-58.19,1,1,0,1,1,1,1,1
2026-03-28 12:22:49.707,586.305,-1,7,10,-60.89,1,1,0,1,1,1,1,1
2026-03-28 12:22:49.788,586.386,-1,7,11,-61.18,1,1,0,1,1,1,1,1
2026-03-28 12:22:49.836,586.434,-2,10,10,-60.36,1,1,0,1,1,1,1,1
2026-03-28 12:22:49.996,586.594,-2,10,10,-61.43,1,1,0,1,1,1,1,1
2026-03-28 12:22:50.028,586.626,0,7,10,-59.31,1,1,0,1,1,1,1,1
2026-03-28 12:22:50.139,586.738,-1,7,11,-60.49,1,1,0,1,1,1,1,1
2026-03-28 12:22:50.220,586.818,-1,10,10,-62.01,1,1,0,1,1,1,1,1
2026-03-28 12:22:50.299,586.897,-2,10,10,-60.71,1,1,0,1,1,1,1,1
2026-03-28 12:22:50.364,586.962,-2,7,10,-63.22,1,1,0,1,1,1,1,1
2026-03-28 12:22:50.444,587.042,0,7,10,-60.05,1,1,0,1,1,1,1,1
2026-03-28 12:22:50.523,587.121,-1,7,10,-60.12,1,1,0,1,1,1,1,1
2026-03-28 12:22:50.620,587.218,0,7,10,-60.27,1,1,0,1,1,1,1,1
2026-03-28 12:22:50.700,587.298,-2,10,10,-59.91,1,1,0,1,1,1,1,1
2026-03-28 12:22:50.764,587.362,0,10,11,-60.9,1,1,0,1,1,1,1,1
2026-03-28 12:22:50.860,587.458,0,10,10,-63.99,1,1,0,1,1,1,1,1
2026-03-28 12:22:50.892,587.490,-1,7,11,-60.14,1,1,0,1,1,1,1,1
2026-03-28 12:22:51.003,587.601,-1,7,10,-63.59,1,1,0,1,1,1,1,1
2026-03-28 12:22:51.083,587.682,-1,8,10,-60.56,1,1,0,1,1,1,1,1
2026-03-28 12:22:51.164,587.762,-2,10,11,-62.81,1,1,0,1,1,1,1,1
2026-03-28 12:22:51.212,587.810,-2,7,8,-61.22,1,1,0,1,1,1,1,1
2026-03-28 12:22:51.291,587.890,-2,10,10,-58.92,1,1,0,1,1,1,1,1
2026-03-28 12:22:51.387,587.985,-1,7,11,-62.1,1,1,0,1,1,1,1,1
2026-03-28 12:22:51.451,588.049,-2,7,10,-61.11,1,1,0,1,1,1,1,1
2026-03-28 12:22:51.532,588.130,0,10,11,-59.68,1,1,0,1,1,1,1,1
2026-03-28 12:22:51.595,588.194,0,7,10,-60.21,1,1,0,1,1,1,1,1
2026-03-28 12:22:51.675,588.273,0,10,10,-62.6,1,1,0,1,1,1,1,1
2026-03-28 12:22:51.756,588.354,-2,7,10,-59.22,1,1,0,1,1,1,1,1
2026-03-28 12:22:51.867,588.466,0,7,10,-64.36,1,1,0,1,1,1,1,1
2026-03-28 12:22:51.899,588.498,-1,10,10,-60.8,1,1,0,1,1,1,1,1
2026-03-28 12:22:52.012,588.610,0,7,11,-61.7,1,1,0,1,1,1,1,1
2026-03-28 12:22:52.059,588.658,-1,7,10,-60.7,1,1,0,1,1,1,1,1
2026-03-28 12:22:52.156,588.754,-1,7,10,-62.24,1,1,0,1,1,1,1,1
2026-03-28 12:22:52.219,588.818,-1,10,11,-59.94,1,1,0,1,1,1,1,1
2026-03-28 12:22:52.299,588.897,-1,7,10,-61.74,1,1,0,1,1,1,1,1
2026-03-28 12:22:52.411,589.009,-1,10,10,-62.94,1,1,0,1,1,1,1,1
2026-03-28 12:22:52.475,589.074,0,7,10,-62.92,1,1,0,1,1,1,1,1
2026-03-28 12:22:52.555,589.154,-1,7,10,-62.56,1,1,0,1,1,1,1,1
2026-03-28 12:22:52.619,589.218,-1,7,11,-58.88,1,1,0,1,1,1,1,1
2026-03-28 12:22:52.667,589.266,0,7,10,-58.39,1,1,0,1,1,1,1,1
2026-03-28 12:22:52.811,589.410,-2,7,10,-62.23,1,1,0,1,1,1,1,1
2026-03-28 12:22:52.859,589.458,-2,7,10,-61.29,1,1,0,1,1,1,1,1
2026-03-28 12:22:52.907,589.506,0,7,11,-61.91,1,1,0,1,1,1,1,1
2026-03-28 12:22:52.956,589.554,0,10,10,-60.06,1,1,0,1,1,1,1,1
2026-03-28 12:22:53.083,589.682,0,10,10,-60.9,1,1,0,1,1,1,1,1
2026-03-28 12:22:53.115,589.714,-1,7,10,-61.24,1,1,0,1,1,1,1,1
2026-03-28 12:22:53.227,589.826,0,7,11,-59.22,1,1,0,1,1,1,1,1
2026-03-28 12:22:53.307,589.906,-2,10,10,-62.16,1,1,0,1,1,1,1,1
2026-03-28 12:22:53.339,589.938,-1,7,10,-59.07,1,1,0,1,1,1,1,1
2026-03-28 12:22:53.452,590.050,-1,7,11,-63.76,1,1,0,1,1,1,1,1
2026-03-28 12:22:53.547,590.146,0,7,11,-62.7,1,1,0,1,1,1,1,1
2026-03-28 12:22:53.595,590.194,-2,7,10,-59.4,1,1,0,1,1,1,1,1
2026-03-28 12:22:53.611,590.210,0,7,11,-60.61,1,1,0,1,1,1,1,1
2026-03-28 12:22:53.739,590.338,0,10,10,-63.18,1,1,0,1,1,1,1,1
2026-03-28 12:22:53.803,590.402,0,10,11,-62.55,1,1,0,1,1,1,1,1
2026-03-28 12:22:53.883,590.481,0,10,10,-61.02,1,1,0,1,1,1,1,1
2026-03-28 12:22:53.947,590.546,0,10,10,-60.33,1,1,0,1,1,1,1,1
2026-03-28 12:22:54.091,590.690,1,7,11,-59.36,1,1,0,1,1,1,1,1
2026-03-28 12:22:54.123,590.722,0,10,10,-60.08,1,1,0,1,1,1,1,1
2026-03-28 12:22:54.251,590.850,0,7,10,-60.4,1,1,0,1,1,1,1,1
2026-03-28 12:22:54.283,590.882,0,8,10,-63.63,1,1,0,1,1,1,1,1
2026-03-28 12:22:54.315,590.914,-1,7,10,-62.45,1,1,0,1,1,1,1,1
2026-03-28 12:22:54.411,591.010,-1,7,10,-63.12,1,1,0,1,1,1,1,1
2026-03-28 12:22:54.475,591.074,0,7,10,-61.12,1,1,0,1,1,1,1,1
2026-03-28 12:22:54.539,591.137,-2,10,11,-61.82,1,1,0,1,1,1,1,1
2026-03-28 12:22:54.652,591.250,0,10,10,-64.08,1,1,0,1,1,1,1,1
2026-03-28 12:22:54.683,591.282,-1,10,11,-60.06,1,1,0,1,1,1,1,1
2026-03-28 12:22:54.827,591.425,-2,10,10,-61.36,1,1,0,1,1,1,1,1
2026-03-28 12:22:54.875,591.474,-2,10,10,-59.7,1,1,0,1,1,1,1,1
2026-03-28 12:22:54.956,591.554,-2,10,11,-62.11,1,1,0,1,1,1,1,1
2026-03-28 12:22:55.019,591.618,0,7,10,-61.74,1,1,0,1,1,1,1,1
2026-03-28 12:22:55.067,591.666,-1,7,11,-59.58,1,1,0,1,1,1,1,1
2026-03-28 12:22:55.163,591.762,0,10,10,-61.54,1,1,0,1,1,1,1,1
2026-03-28 12:22:55.291,591.890,0,7,10,-59.23,1,1,0,1,1,1,1,1
2026-03-28 12:22:55.339,591.938,-1,7,11,-62.33,1,1,0,1,1,1,1,1
2026-03-28 12:22:55.387,591.986,-1,7,10,-60.65,1,1,0,1,1,1,1,1
2026-03-28 12:22:55.483,592.082,0,7,10,-60.02,1,1,0,1,1,1,1,1
2026-03-28 12:22:55.610,592.209,0,10,10,-60.0,1,1,0,1,1,1,1,1
2026-03-28 12:22:55.707,592.306,0,10,10,-59.35,1,1,0,1,1,1,1,1
2026-03-28 12:22:55.786,592.385,0,7,10,-63.19,1,1,0,1,1,1,1,1
2026-03-28 12:22:55.835,592.434,-2,7,8,-61.16,1,1,0,1,1,1,1,1
2026-03-28 12:22:55.947,592.546,-1,7,10,-66.37,1,1,0,1,1,1,1,1
2026-03-28 12:22:55.963,592.562,0,10,10,-61.64,1,1,0,1,1,1,1,1
2026-03-28 12:22:56.043,592.642,0,7,10,-63.08,1,1,0,1,1,1,1,1
2026-03-28 12:22:56.108,592.706,-2,10,10,-63.61,1,1,0,1,1,1,1,1
2026-03-28 12:22:56.235,592.833,-2,7,10,-61.78,1,1,0,1,1,1,1,1
2026-03-28 12:22:56.267,592.866,0,7,10,-63.23,1,1,0,1,1,1,1,1
2026-03-28 12:22:56.315,592.914,0,9,10,-66.07,1,1,0,1,1,1,1,1
2026-03-28 12:22:56.395,592.994,0,9,10,-66.48,1,1,0,1,1,1,1,1
2026-03-28 12:22:56.571,593.170,-2,7,10,-61.0,1,1,0,1,1,1,1,1
2026-03-28 12:22:56.651,593.250,0,10,10,-65.72,1,1,0,1,1,1,1,1
2026-03-28 12:22:56.795,593.394,-1,7,10,-63.4,1,1,0,1,1,1,1,1
2026-03-28 12:22:56.811,593.410,-2,7,10,-61.26,1,1,0,1,1,1,1,1
2026-03-28 12:22:56.907,593.506,-2,10,10,-68.6,1,1,0,1,1,1,1,1
2026-03-28 12:22:56.987,593.585,-2,7,10,-64.15,1,1,0,1,1,1,1,1
2026-03-28 12:22:57.051,593.650,-2,10,10,-64.62,1,1,0,1,1,1,1,1
2026-03-28 12:22:57.163,593.762,0,10,10,-65.12,1,1,0,1,1,1,1,1
2026-03-28 12:22:57.179,593.778,-2,10,10,-67.83,1,1,0,1,1,1,1,1
2026-03-28 12:22:57.275,593.874,-2,7,10,-64.56,1,1,0,1,1,1,1,1
2026-03-28 12:22:57.340,593.938,-2,10,10,-66.31,1,1,0,1,1,1,1,1
2026-03-28 12:22:57.403,594.002,0,7,10,-65.46,1,1,0,1,1,1,1,1
2026-03-28 12:22:57.499,594.098,0,9,10,-65.28,1,1,0,1,1,1,1,1
2026-03-28 12:22:57.579,594.178,-2,10,10,-64.82,1,1,0,1,1,1,1,1
2026-03-28 12:22:57.691,594.290,0,7,10,-62.13,1,1,0,1,1,1,1,1
2026-03-28 12:22:57.755,594.354,-1,10,10,-61.27,1,1,0,1,1,1,1,1
2026-03-28 12:22:57.867,594.465,0,10,10,-64.47,1,1,0,1,1,1,1,1
2026-03-28 12:22:57.931,594.530,0,7,10,-64.49,1,1,0,1,1,1,1,1
2026-03-28 12:22:58.027,594.625,0,10,10,-61.38,1,1,0,1,1,1,1,1
2026-03-28 12:22:58.139,594.738,0,10,10,-61.67,1,1,0,1,1,1,1,1
2026-03-28 12:22:58.187,594.785,-1,10,10,-63.19,1,1,0,1,1,1,1,1
2026-03-28 12:22:58.235,594.834,0,10,10,-62.78,1,1,0,1,1,1,1,1
2026-03-28 12:22:58.331,594.930,-1,10,10,-60.15,1,1,0,1,1,1,1,1
2026-03-28 12:22:58.411,595.010,0,10,10,-59.83,1,1,0,1,1,1,1,1
2026-03-28 12:22:58.491,595.089,-2,7,10,-62.65,1,1,0,1,1,1,1,1
2026-03-28 12:22:58.571,595.170,-2,10,10,-64.92,1,1,0,1,1,1,1,1
2026-03-28 12:22:58.619,595.218,-1,10,10,-63.35,1,1,0,1,1,1,1,1
2026-03-28 12:22:58.715,595.313,-1,10,10,-62.91,1,1,0,1,1,1,1,1
2026-03-28 12:22:58.779,595.378,-2,10,10,-62.16,1,1,0,1,1,1,1,1
2026-03-28 12:22:58.891,595.490,-2,7,10,-64.53,1,1,0,1,1,1,1,1
2026-03-28 12:22:58.971,595.570,-2,10,10,-62.21,1,1,0,1,1,1,1,1
2026-03-28 12:22:59.003,595.602,0,7,10,-63.36,1,1,0,1,1,1,1,1
2026-03-28 12:22:59.099,595.698,0,10,10,-62.33,1,1,0,1,1,1,1,1
2026-03-28 12:22:59.179,595.778,0,10,10,-62.23,1,1,0,1,1,1,1,1
2026-03-28 12:22:59.243,595.842,0,10,10,-65.13,1,1,0,1,1,1,1,1
2026-03-28 12:22:59.323,595.922,0,10,10,-61.18,1,1,0,1,1,1,1,1
2026-03-28 12:22:59.419,596.017,0,10,10,-62.72,1,1,0,1,1,1,1,1
2026-03-28 12:22:59.451,596.049,0,10,10,-65.17,1,1,0,1,1,1,1,1
2026-03-28 12:22:59.531,596.129,0,10,10,-65.81,1,1,0,1,1,1,1,1
2026-03-28 12:22:59.611,596.210,-2,7,10,-60.62,1,1,0,1,1,1,1,1
2026-03-28 12:22:59.755,596.354,0,7,10,-61.87,1,1,0,1,1,1,1,1
2026-03-28 12:22:59.819,596.417,-2,10,10,-62.61,1,1,0,1,1,1,1,1
2026-03-28 12:22:59.883,596.481,-2,10,10,-61.39,1,1,0,1,1,1,1,1
2026-03-28 12:23:00.027,596.626,0,10,10,-63.89,1,1,0,1,1,1,1,1
2026-03-28 12:23:00.107,596.705,0,7,10,-63.24,1,1,0,1,1,1,1,1
2026-03-28 12:23:00.139,596.738,0,10,11,-60.19,1,1,0,1,1,1,1,1
2026-03-28 12:23:00.235,596.834,-1,10,10,-62.81,1,1,0,1,1,1,1,1
2026-03-28 12:23:00.251,596.849,0,10,10,-63.61,1,1,0,1,1,1,1,1
2026-03-28 12:23:00.299,596.897,-1,10,10,-66.56,1,1,0,1,1,1,1,1
2026-03-28 12:23:00.411,597.009,-2,10,10,-67.4,1,1,0,1,1,1,1,1
2026-03-28 12:23:00.491,597.089,0,7,10,-62.15,1,1,0,1,1,1,1,1
2026-03-28 12:23:00.555,597.153,0,7,10,-64.41,1,1,0,1,1,1,1,1
2026-03-28 12:23:00.667,597.266,0,10,10,-62.47,1,1,0,1,1,1,1,1
2026-03-28 12:23:00.746,597.345,0,7,10,-63.26,1,1,0,1,1,1,1,1
2026-03-28 12:23:00.923,597.522,0,7,10,-60.64,1,1,0,1,1,1,1,1
2026-03-28 12:23:00.939,597.537,0,7,10,-62.97,1,1,0,1,1,1,1,1
2026-03-28 12:23:01.051,597.649,0,10,10,-61.69,1,1,0,1,1,1,1,1
2026-03-28 12:23:01.067,597.665,0,8,10,-65.49,1,1,0,1,1,1,1,1
2026-03-28 12:23:01.227,597.825,0,7,10,-64.45,1,1,0,1,1,1,1,1
2026-03-28 12:23:01.291,597.889,0,7,10,-65.15,1,1,0,1,1,1,1,1
2026-03-28 12:23:01.323,597.921,0,10,10,-61.55,1,1,0,1,1,1,1,1
2026-03-28 12:23:01.451,598.050,-1,7,10,-60.29,1,1,0,1,1,1,1,1
2026-03-28 12:23:01.467,598.065,0,10,10,-63.85,1,1,0,1,1,1,1,1
2026-03-28 12:23:01.547,598.145,0,7,10,-65.45,1,1,0,1,1,1,1,1
2026-03-28 12:23:01.659,598.257,-2,10,10,-61.34,1,1,0,1,1,1,1,1
2026-03-28 12:23:01.723,598.322,0,7,10,-60.93,1,1,0,1,1,1,1,1
2026-03-28 12:23:01.787,598.385,-2,7,10,-65.57,1,1,0,1,1,1,1,1
2026-03-28 12:23:01.963,598.561,-1,7,10,-67.01,1,1,0,1,1,1,1,1
2026-03-28 12:23:01.979,598.577,0,10,10,-63.8,1,1,0,1,1,1,1,1
2026-03-28 12:23:02.027,598.625,-2,10,10,-62.89,1,1,0,1,1,1,1,1
2026-03-28 12:23:02.170,598.769,-2,7,10,-66.32,1,1,0,1,1,1,1,1
2026-03-28 12:23:02.234,598.833,0,7,10,-62.71,1,1,0,1,1,1,1,1
2026-03-28 12:23:02.298,598.897,0,7,10,-62.82,1,1,0,1,1,1,1,1
2026-03-28 12:23:02.395,598.993,0,10,11,-63.04,1,1,0,1,1,1,1,1
2026-03-28 12:23:02.523,599.122,0,7,10,-63.24,1,1,0,1,1,1,1,1
2026-03-28 12:23:02.571,599.169,0,10,10,-61.9,1,1,0,1,1,1,1,1
2026-03-28 12:23:02.667,599.265,0,7,10,-65.14,1,1,0,1,1,1,1,1
2026-03-28 12:23:02.731,599.329,0,10,10,-64.28,1,1,0,1,1,1,1,1
2026-03-28 12:23:02.827,599.425,0,10,10,-63.4,1,1,0,1,1,1,1,1
2026-03-28 12:23:02.891,599.489,0,10,10,-62.56,1,1,0,1,1,1,1,1
2026-03-28 12:23:03.003,599.601,0,10,11,-65.07,1,1,0,1,1,1,1,1
2026-03-28 12:23:03.051,599.649,0,7,10,-65.67,1,1,0,1,1,1,1,1
2026-03-28 12:23:03.083,599.681,0,7,10,-62.84,1,1,0,1,1,1,1,1
2026-03-28 12:23:03.195,599.793,0,7,10,-62.94,1,1,0,1,1,1,1,1
2026-03-28 12:23:03.259,599.857,-2,7,10,-63.7,1,1,0,1,1,1,1,1
2026-03-28 12:23:03.338,599.937,0,10,10,-65.36,1,1,0,1,1,1,1,1
2026-03-28 12:23:03.387,599.986,0,10,10,-64.47,1,1,0,1,1,1,1,1
2026-03-28 12:23:03.451,600.049,0,10,10,-64.02,1,1,0,1,1,1,1,1
2026-03-28 12:23:03.578,600.177,-1,7,10,-63.62,1,1,0,1,1,1,1,1
2026-03-28 12:23:03.627,600.225,0,7,10,-62.47,1,1,0,1,1,1,1,1
2026-03-28 12:23:03.707,600.306,-2,7,10,-61.45,1,1,0,1,1,1,1,1
2026-03-28 12:23:03.787,600.385,0,10,10,-64.42,1,1,0,1,1,1,1,1
2026-03-28 12:23:03.835,600.433,-2,7,10,-65.02,1,1,0,1,1,1,1,1
2026-03-28 12:23:03.947,600.545,-1,10,10,-65.38,1,1,0,1,1,1,1,1
2026-03-28 12:23:04.090,600.689,0,7,10,-65.19,1,1,0,1,1,1,1,1
2026-03-28 12:23:04.203,600.801,0,10,10,-62.05,1,1,0,1,1,1,1,1
2026-03-28 12:23:04.299,600.897,0,10,10,-60.49,1,1,0,1,1,1,1,1
2026-03-28 12:23:04.378,600.976,0,7,10,-61.36,1,1,0,1,1,1,1,1
2026-03-28 12:23:04.427,601.025,-1,10,10,-64.66,1,1,0,1,1,1,1,1
2026-03-28 12:23:04.508,601.106,-2,10,10,-66.74,1,1,0,1,1,1,1,1
2026-03-28 12:23:04.571,601.169,0,7,10,-68.58,1,1,0,1,1,1,1,1
2026-03-28 12:23:04.619,601.217,0,10,10,-64.78,1,1,0,1,1,1,1,1
2026-03-28 12:23:04.731,601.329,0,10,10,-63.17,1,1,0,1,1,1,1,1
2026-03-28 12:23:04.826,601.425,0,7,10,-61.42,1,1,0,1,1,1,1,1
2026-03-28 12:23:04.907,601.506,0,10,10,-63.95,1,1,0,1,1,1,1,1
2026-03-28 12:23:04.954,601.553,0,10,10,-63.03,1,1,0,1,1,1,1,1
2026-03-28 12:23:05.035,601.633,0,7,10,-64.01,1,1,0,1,1,1,1,1
2026-03-28 12:23:05.163,601.761,0,10,10,-63.43,1,1,0,1,1,1,1,1
2026-03-28 12:23:05.211,601.809,0,10,10,-60.91,1,1,0,1,1,1,1,1
2026-03-28 12:23:05.387,601.985,-2,10,10,-64.5,1,1,0,1,1,1,1,1
2026-03-28 12:23:05.435,602.033,0,10,10,-60.12,1,1,0,1,1,1,1,1
2026-03-28 12:23:05.498,602.097,0,7,10,-63.3,1,1,0,1,1,1,1,1
2026-03-28 12:23:05.579,602.177,0,10,10,-64.39,1,1,0,1,1,1,1,1
2026-03-28 12:23:05.643,602.241,0,7,10,-65.18,1,1,0,1,1,1,1,1
2026-03-28 12:23:05.754,602.353,-2,10,10,-62.61,1,1,0,1,1,1,1,1
2026-03-28 12:23:05.819,602.417,-2,7,10,-62.67,1,1,0,1,1,1,1,1
2026-03-28 12:23:05.963,602.561,0,10,10,-67.54,1,1,0,1,1,1,1,1
2026-03-28 12:23:06.059,602.657,0,7,10,-66.41,1,1,0,1,1,1,1,1
2026-03-28 12:23:06.139,602.737,-2,7,11,-62.23,1,1,0,1,1,1,1,1
2026-03-28 12:23:06.203,602.801,0,7,10,-64.92,1,1,0,1,1,1,1,1
2026-03-28 12:23:06.283,602.881,0,10,10,-61.33,1,1,0,1,1,1,1,1
2026-03-28 12:23:06.394,602.993,0,10,10,-67.91,1,1,0,1,1,1,1,1
2026-03-28 12:23:06.474,603.073,-1,7,10,-63.27,1,1,0,1,1,1,1,1
2026-03-28 12:23:06.507,603.106,-2,7,10,-64.07,1,1,0,1,1,1,1,1
2026-03-28 12:23:06.603,603.201,0,7,10,-68.12,1,1,0,1,1,1,1,1
2026-03-28 12:23:06.683,603.281,-1,10,10,-63.75,1,1,0,1,1,1,1,1
2026-03-28 12:23:06.794,603.393,0,10,10,-61.6,1,1,0,1,1,1,1,1
2026-03-28 12:23:06.859,603.457,0,10,10,-61.55,1,1,0,1,1,1,1,1
2026-03-28 12:23:07.003,603.601,0,7,10,-61.61,1,1,0,1,1,1,1,1
2026-03-28 12:23:07.019,603.617,0,7,10,-65.92,1,1,0,1,1,1,1,1
2026-03-28 12:23:07.131,603.729,-2,10,10,-59.58,1,1,0,1,1,1,1,1
2026-03-28 12:23:07.147,603.745,0,10,10,-62.64,1,1,0,1,1,1,1,1
2026-03-28 12:23:07.291,603.889,0,7,10,-67.23,1,1,0,1,1,1,1,1
2026-03-28 12:23:07.387,603.985,0,7,10,-64.65,1,1,0,1,1,1,1,1
2026-03-28 12:23:07.450,604.049,-2,10,10,-63.81,1,1,0,1,1,1,1,1
2026-03-28 12:23:07.499,604.097,-1,10,10,-68.14,1,1,0,1,1,1,1,1
2026-03-28 12:23:07.579,604.177,0,10,10,-62.96,1,1,0,1,1,1,1,1
2026-03-28 12:23:07.658,604.257,-1,7,11,-68.69,1,1,0,1,1,1,1,1
2026-03-28 12:23:07.706,604.304,-2,7,10,-66.06,1,1,0,1,1,1,1,1
2026-03-28 12:23:07.835,604.433,-2,7,10,-65.14,1,1,0,1,1,1,1,1
2026-03-28 12:23:07.899,604.497,0,10,10,-66.12,1,1,0,1,1,1,1,1
2026-03-28 12:23:07.963,604.561,0,10,10,-64.13,1,1,0,1,1,1,1,1
2026-03-28 12:23:08.059,604.658,-2,7,10,-64.97,1,1,0,1,1,1,1,1
2026-03-28 12:23:08.107,604.706,0,7,10,-66.18,1,1,0,1,1,1,1,1
2026-03-28 12:23:08.171,604.769,0,10,10,-63.78,1,1,0,1,1,1,1,1
2026-03-28 12:23:08.218,604.816,-2,10,10,-62.68,1,1,0,1,1,1,1,1
2026-03-28 12:23:08.283,604.881,-2,10,10,-65.87,1,1,0,1,1,1,1,1
2026-03-28 12:23:08.395,604.993,0,10,10,-64.4,1,1,0,1,1,1,1,1
2026-03-28 12:23:08.426,605.025,0,7,10,-62.9,1,1,0,1,1,1,1,1
2026-03-28 12:23:08.555,605.153,-2,7,10,-61.52,1,1,0,1,1,1,1,1
2026-03-28 12:23:08.651,605.249,-2,7,10,-64.5,1,1,0,1,1,1,1,1
2026-03-28 12:23:08.699,605.297,0,7,10,-69.99,1,1,0,1,1,1,1,1
2026-03-28 12:23:08.794,605.393,0,7,10,-62.7,1,1,0,1,1,1,1,1
2026-03-28 12:23:08.922,605.521,-2,7,10,-64.68,1,1,0,1,1,1,1,1
2026-03-28 12:23:08.939,605.537,0,7,10,-62.67,1,1,0,1,1,1,1,1
2026-03-28 12:23:09.019,605.617,0,10,10,-63.12,1,1,0,1,1,1,1,1
2026-03-28 12:23:09.115,605.713,0,10,10,-64.27,1,1,0,1,1,1,1,1
2026-03-28 12:23:09.195,605.793,-1,7,10,-65.83,1,1,0,1,1,1,1,1
2026-03-28 12:23:09.291,605.889,0,7,10,-65.87,1,1,0,1,1,1,1,1
2026-03-28 12:23:09.323,605.921,0,10,10,-62.15,1,1,0,1,1,1,1,1
2026-03-28 12:23:09.466,606.065,0,7,10,-64.03,1,1,0,1,1,1,1,1
2026-03-28 12:23:09.531,606.129,-2,10,10,-65.36,1,1,0,1,1,1,1,1
2026-03-28 12:23:09.611,606.209,-1,7,10,-64.4,1,1,0,1,1,1,1,1
2026-03-28 12:23:09.675,606.273,-1,10,11,-63.97,1,1,0,1,1,1,1,1
2026-03-28 12:23:09.754,606.353,-2,7,10,-63.89,1,1,0,1,1,1,1,1
2026-03-28 12:23:09.819,606.417,-2,7,10,-66.03,1,1,0,1,1,1,1,1
2026-03-28 12:23:09.914,606.513,0,10,10,-62.88,1,1,0,1,1,1,1,1
2026-03-28 12:23:09.995,606.594,0,10,10,-62.17,1,1,0,1,1,1,1,1
2026-03-28 12:23:10.058,606.657,-2,10,10,-64.52,1,1,0,1,1,1,1,1
2026-03-28 12:23:10.170,606.769,-2,7,10,-63.83,1,1,0,1,1,1,1,1
2026-03-28 12:23:10.218,606.817,-2,10,10,-65.96,1,1,0,1,1,1,1,1
2026-03-28 12:23:10.282,606.881,-1,10,10,-67.95,1,1,0,1,1,1,1,1
2026-03-28 12:23:10.362,606.961,0,10,10,-67.66,1,1,0,1,1,1,1,1
2026-03-28 12:23:10.491,607.089,0,10,10,-65.27,1,1,0,1,1,1,1,1
2026-03-28 12:23:10.507,607.106,-1,10,10,-63.6,1,1,0,1,1,1,1,1
2026-03-28 12:23:10.570,607.169,0,7,10,-66.72,1,1,0,1,1,1,1,1
2026-03-28 12:23:10.682,607.280,0,7,10,-66.42,1,1,0,1,1,1,1,1
2026-03-28 12:23:10.826,607.425,0,7,10,-60.33,1,1,0,1,1,1,1,1
2026-03-28 12:23:10.859,607.457,0,9,10,-64.23,1,1,0,1,1,1,1,1
2026-03-28 12:23:10.938,607.537,0,7,11,-70.3,1,1,0,1,1,1,1,1
2026-03-28 12:23:11.114,607.713,-2,7,10,-65.54,1,1,0,1,1,1,1,1
2026-03-28 12:23:11.130,607.729,0,10,10,-63.63,1,1,0,1,1,1,1,1
2026-03-28 12:23:11.226,607.825,0,7,10,-63.96,1,1,0,1,1,1,1,1
2026-03-28 12:23:11.275,607.874,-1,7,10,-63.14,1,1,0,1,1,1,1,1
2026-03-28 12:23:11.386,607.985,-1,10,10,-63.61,1,1,0,1,1,1,1,1
2026-03-28 12:23:11.434,608.033,-2,10,10,-63.02,1,1,0,1,1,1,1,1
2026-03-28 12:23:11.594,608.193,-1,7,10,-61.85,1,1,0,1,1,1,1,1
2026-03-28 12:23:11.674,608.273,0,7,10,-63.03,1,1,0,1,1,1,1,1
2026-03-28 12:23:11.770,608.369,0,7,10,-65.67,1,1,0,1,1,1,1,1
2026-03-28 12:23:11.882,608.480,-2,10,10,-64.63,1,1,0,1,1,1,1,1
2026-03-28 12:23:11.994,608.592,0,10,10,-60.28,1,1,0,1,1,1,1,1
2026-03-28 12:23:12.075,608.673,-2,10,10,-63.14,1,1,0,1,1,1,1,1
2026-03-28 12:23:12.186,608.784,-2,7,10,-60.23,1,1,0,1,1,1,1,1
2026-03-28 12:23:12.234,608.833,0,10,10,-62.59,1,1,0,1,1,1,1,1
2026-03-28 12:23:12.282,608.881,0,10,10,-63.08,1,1,0,1,1,1,1,1
2026-03-28 12:23:12.410,609.009,0,7,10,-69.06,1,1,0,1,1,1,1,1
2026-03-28 12:23:12.458,609.057,-1,7,11,-68.14,1,1,0,1,1,1,1,1
2026-03-28 12:23:12.554,609.153,-2,10,10,-63.64,1,1,0,1,1,1,1,1
2026-03-28 12:23:12.618,609.217,-1,7,11,-62.93,1,1,0,1,1,1,1,1
2026-03-28 12:23:12.730,609.329,0,7,10,-63.44,1,1,0,1,1,1,1,1
2026-03-28 12:23:12.762,609.361,0,7,10,-65.62,1,1,0,1,1,1,1,1
2026-03-28 12:23:12.826,609.425,0,7,10,-65.86,1,1,0,1,1,1,1,1
2026-03-28 12:23:12.906,609.505,-2,7,10,-66.98,1,1,0,1,1,1,1,1
2026-03-28 12:23:13.066,609.665,0,7,10,-64.1,1,1,0,1,1,1,1,1
2026-03-28 12:23:13.162,609.761,0,7,10,-62.96,1,1,0,1,1,1,1,1
2026-03-28 12:23:13.210,609.808,0,7,10,-63.26,1,1,0,1,1,1,1,1
2026-03-28 12:23:13.259,609.857,0,10,10,-66.76,1,1,0,1,1,1,1,1
2026-03-28 12:23:13.418,610.017,-2,7,10,-66.34,1,1,0,1,1,1,1,1
2026-03-28 12:23:13.450,610.048,-1,7,10,-69.42,1,1,0,1,1,1,1,1
2026-03-28 12:23:13.514,610.113,-2,7,10,-65.91,1,1,0,1,1,1,1,1
2026-03-28 12:23:13.675,610.273,0,7,10,-61.9,1,1,0,1,1,1,1,1
2026-03-28 12:23:13.722,610.320,0,7,10,-64.72,1,1,0,1,1,1,1,1
2026-03-28 12:23:13.850,610.448,0,9,10,-62.12,1,1,0,1,1,1,1,1
2026-03-28 12:23:13.852,610.450,-1,7,10,-66.4,1,1,0,1,1,1,1,1
2026-03-28 12:23:13.962,610.561,0,7,10,-62.31,1,1,0,1,1,1,1,1
2026-03-28 12:23:14.090,610.689,0,7,10,-66.11,1,1,0,1,1,1,1,1
2026-03-28 12:23:14.107,610.705,0,7,10,-62.77,1,1,0,1,1,1,1,1
2026-03-28 12:23:14.171,610.769,-2,10,10,-65.01,1,1,0,1,1,1,1,1
2026-03-28 12:23:14.314,610.913,0,7,10,-65.18,1,1,0,1,1,1,1,1
2026-03-28 12:23:14.362,610.961,-2,10,10,-67.37,1,1,0,1,1,1,1,1
2026-03-28 12:23:14.458,611.057,0,10,10,-65.65,1,1,0,1,1,1,1,1
2026-03-28 12:23:14.474,611.072,0,10,10,-65.65,1,1,0,1,1,1,1,1
2026-03-28 12:23:14.570,611.169,-2,10,10,-66.04,1,1,0,1,1,1,1,1
2026-03-28 12:23:14.666,611.265,0,7,10,-65.53,1,1,0,1,1,1,1,1
2026-03-28 12:23:14.762,611.361,0,7,10,-61.69,1,1,0,1,1,1,1,1
2026-03-28 12:23:14.938,611.537,-2,7,10,-63.34,1,1,0,1,1,1,1,1
2026-03-28 12:23:14.954,611.553,0,10,10,-64.09,1,1,0,1,1,1,1,1
2026-03-28 12:23:15.034,611.633,-2,10,10,-65.67,1,1,0,1,1,1,1,1
2026-03-28 12:23:15.114,611.713,-1,10,10,-64.75,1,1,0,1,1,1,1,1
2026-03-28 12:23:15.194,611.792,-2,10,10,-63.28,1,1,0,1,1,1,1,1
2026-03-28 12:23:15.275,611.873,-2,7,10,-64.03,1,1,0,1,1,1,1,1
2026-03-28 12:23:15.354,611.953,-2,7,11,-64.9,1,1,0,1,1,1,1,1
2026-03-28 12:23:15.434,612.033,-2,7,10,-62.06,1,1,0,1,1,1,1,1
2026-03-28 12:23:15.513,612.112,0,7,10,-63.59,1,1,0,1,1,1,1,1
2026-03-28 12:23:15.610,612.209,-2,10,10,-66.27,1,1,0,1,1,1,1,1
2026-03-28 12:23:15.658,612.257,-2,10,10,-61.34,1,1,0,1,1,1,1,1
2026-03-28 12:23:15.754,612.352,-2,7,10,-67.16,1,1,0,1,1,1,1,1
2026-03-28 12:23:15.834,612.433,-1,10,10,-64.05,1,1,0,1,1,1,1,1
2026-03-28 12:23:15.882,612.481,0,10,10,-62.88,1,1,0,1,1,1,1,1
2026-03-28 12:23:15.994,612.593,0,7,10,-64.14,1,1,0,1,1,1,1,1
2026-03-28 12:23:16.075,612.673,-1,10,10,-64.54,1,1,0,1,1,1,1,1
2026-03-28 12:23:16.154,612.752,-1,10,10,-63.27,1,1,0,1,1,1,1,1
2026-03-28 12:23:16.265,612.864,-2,10,10,-64.43,1,1,0,1,1,1,1,1
2026-03-28 12:23:16.314,612.913,0,7,10,-64.13,1,1,0,1,1,1,1,1
2026-03-28 12:23:16.442,613.041,0,7,10,-61.9,1,1,0,1,1,1,1,1
2026-03-28 12:23:16.490,613.089,-2,7,10,-63.06,1,1,0,1,1,1,1,1
2026-03-28 12:23:16.554,613.153,-2,7,10,-66.57,1,1,0,1,1,1,1,1
2026-03-28 12:23:16.698,613.297,-2,7,10,-63.43,1,1,0,1,1,1,1,1
2026-03-28 12:23:16.762,613.361,-2,10,10,-61.97,1,1,0,1,1,1,1,1
2026-03-28 12:23:16.890,613.488,-2,10,10,-65.54,1,1,0,1,1,1,1,1
2026-03-28 12:23:16.922,613.521,-2,10,10,-63.58,1,1,0,1,1,1,1,1
2026-03-28 12:23:17.034,613.632,0,10,10,-61.3,1,1,0,1,1,1,1,1
2026-03-28 12:23:17.066,613.665,-1,10,10,-64.44,1,1,0,1,1,1,1,1
2026-03-28 12:23:17.146,613.745,-2,10,10,-63.92,1,1,0,1,1,1,1,1
2026-03-28 12:23:17.194,613.792,-2,7,10,-61.72,1,1,0,1,1,1,1,1
2026-03-28 12:23:17.274,613.873,-2,7,10,-65.29,1,1,0,1,1,1,1,1
2026-03-28 12:23:17.386,613.985,-2,7,10,-67.83,1,1,0,1,1,1,1,1
2026-03-28 12:23:17.450,614.049,0,7,10,-64.54,1,1,0,1,1,1,1,1
2026-03-28 12:23:17.498,614.096,-1,7,10,-63.09,1,1,0,1,1,1,1,1
2026-03-28 12:23:17.610,614.209,-2,10,10,-66.56,1,1,0,1,1,1,1,1
2026-03-28 12:23:17.706,614.305,-2,7,10,-67.47,1,1,0,1,1,1,1,1
2026-03-28 12:23:17.738,614.337,-2,10,10,-66.83,1,1,0,1,1,1,1,1
2026-03-28 12:23:17.850,614.449,-2,7,10,-64.06,1,1,0,1,1,1,1,1
2026-03-28 12:23:17.930,614.529,-2,7,10,-65.2,1,1,0,1,1,1,1,1
2026-03-28 12:23:17.946,614.545,-2,10,10,-66.33,1,1,0,1,1,1,1,1
2026-03-28 12:23:18.026,614.624,-2,10,10,-65.67,1,1,0,1,1,1,1,1
2026-03-28 12:23:18.122,614.721,0,7,10,-64.56,1,1,0,1,1,1,1,1
2026-03-28 12:23:18.154,614.753,-2,7,11,-69.62,1,1,0,1,1,1,1,1
2026-03-28 12:23:18.266,614.865,0,10,10,-66.17,1,1,0,1,1,1,1,1
2026-03-28 12:23:18.314,614.912,0,10,10,-64.03,1,1,0,1,1,1,1,1
2026-03-28 12:23:18.458,615.057,-2,10,10,-63.51,1,1,0,1,1,1,1,1
2026-03-28 12:23:18.570,615.168,0,10,10,-64.53,1,1,0,1,1,1,1,1
2026-03-28 12:23:18.602,615.200,0,7,10,-65.88,1,1,0,1,1,1,1,1
2026-03-28 12:23:18.666,615.264,0,7,10,-64.54,1,1,0,1,1,1,1,1
2026-03-28 12:23:18.730,615.328,-2,10,10,-64.93,1,1,0,1,1,1,1,1
2026-03-28 12:23:18.778,615.376,-1,7,10,-64.21,1,1,0,1,1,1,1,1
2026-03-28 12:23:18.858,615.457,-2,10,10,-67.66,1,1,0,1,1,1,1,1
2026-03-28 12:23:18.938,615.536,-2,10,10,-66.89,1,1,0,1,1,1,1,1
2026-03-28 12:23:19.018,615.616,-2,10,10,-64.3,1,1,0,1,1,1,1,1
2026-03-28 12:23:19.114,615.713,-2,10,10,-64.84,1,1,0,1,1,1,1,1
2026-03-28 12:23:19.146,615.745,0,10,10,-64.83,1,1,0,1,1,1,1,1
2026-03-28 12:23:19.241,615.840,-2,10,10,-64.52,1,1,0,1,1,1,1,1
2026-03-28 12:23:19.353,615.952,0,7,10,-64.9,1,1,0,1,1,1,1,1
2026-03-28 12:23:19.402,616.000,0,7,10,-65.07,1,1,0,1,1,1,1,1
2026-03-28 12:23:19.482,616.080,-1,7,10,-61.62,1,1,0,1,1,1,1,1
2026-03-28 12:23:19.578,616.176,-1,10,10,-65.66,1,1,0,1,1,1,1,1
2026-03-28 12:23:19.626,616.225,-1,10,10,-66.67,1,1,0,1,1,1,1,1
2026-03-28 12:23:19.722,616.320,0,7,10,-64.68,1,1,0,1,1,1,1,1
2026-03-28 12:23:19.785,616.384,-2,10,10,-66.36,1,1,0,1,1,1,1,1
2026-03-28 12:23:19.866,616.464,0,7,10,-66.25,1,1,0,1,1,1,1,1
2026-03-28 12:23:19.930,616.528,0,10,10,-64.96,1,1,0,1,1,1,1,1
2026-03-28 12:23:19.994,616.592,-2,7,10,-65.2,1,1,0,1,1,1,1,1
2026-03-28 12:23:20.073,616.671,-2,7,10,-64.62,1,1,0,1,1,1,1,1
2026-03-28 12:23:20.154,616.752,-2,10,10,-67.54,1,1,0,1,1,1,1,1
2026-03-28 12:23:20.282,616.880,-2,7,10,-66.78,1,1,0,1,1,1,1,1
2026-03-28 12:23:20.346,616.944,-2,7,10,-64.15,1,1,0,1,1,1,1,1
2026-03-28 12:23:20.457,617.056,-1,7,10,-66.73,1,1,0,1,1,1,1,1
2026-03-28 12:23:20.554,617.152,0,10,10,-63.12,1,1,0,1,1,1,1,1
2026-03-28 12:23:20.602,617.200,0,10,10,-62.7,1,1,0,1,1,1,1,1
2026-03-28 12:23:20.682,617.280,-2,7,10,-68.8,1,1,0,1,1,1,1,1
2026-03-28 12:23:20.794,617.392,0,7,10,-70.04,1,1,0,1,1,1,1,1
2026-03-28 12:23:20.843,617.441,0,7,10,-63.83,1,1,0,1,1,1,1,1
2026-03-28 12:23:20.954,617.552,-2,7,10,-66.45,1,1,0,1,1,1,1,1
2026-03-28 12:23:21.018,617.616,-2,9,10,-66.49,1,1,0,1,1,1,1,1
2026-03-28 12:23:21.130,617.729,0,10,10,-65.17,1,1,0,1,1,1,1,1
2026-03-28 12:23:21.162,617.761,-2,7,10,-63.19,1,1,0,1,1,1,1,1
2026-03-28 12:23:21.258,617.857,-2,7,10,-67.42,1,1,0,1,1,1,1,1
2026-03-28 12:23:21.370,617.968,-2,7,10,-65.38,1,1,0,1,1,1,1,1
2026-03-28 12:23:21.417,618.016,-2,7,10,-64.63,1,1,0,1,1,1,1,1
2026-03-28 12:23:21.450,618.048,0,7,10,-64.61,1,1,0,1,1,1,1,1
2026-03-28 12:23:21.546,618.144,-2,7,10,-67.12,1,1,0,1,1,1,1,1
2026-03-28 12:23:21.626,618.224,-2,7,11,-64.11,1,1,0,1,1,1,1,1
2026-03-28 12:23:21.690,618.288,-2,7,10,-69.18,1,1,0,1,1,1,1,1
2026-03-28 12:23:21.786,618.384,-2,10,10,-64.72,1,1,0,1,1,1,1,1
2026-03-28 12:23:21.866,618.464,-2,10,10,-65.16,1,1,0,1,1,1,1,1
2026-03-28 12:23:21.946,618.544,0,10,10,-65.48,1,1,0,1,1,1,1,1
2026-03-28 12:23:21.993,618.591,-1,10,10,-65.94,1,1,0,1,1,1,1,1
2026-03-28 12:23:22.074,618.672,0,10,10,-65.69,1,1,0,1,1,1,1,1
2026-03-28 12:23:22.138,618.736,0,10,10,-66.22,1,1,0,1,1,1,1,1
2026-03-28 12:23:22.234,618.832,0,10,10,-67.96,1,1,0,1,1,1,1,1
2026-03-28 12:23:22.314,618.912,-2,10,10,-62.89,1,1,0,1,1,1,1,1
2026-03-28 12:23:22.410,619.008,-2,10,10,-70.44,1,1,0,1,1,1,1,1
2026-03-28 12:23:22.411,619.010,0,10,10,-66.02,1,1,0,1,1,1,1,1
2026-03-28 12:23:22.554,619.152,-2,7,10,-67.74,1,1,0,1,1,1,1,1
2026-03-28 12:23:22.586,619.184,0,7,10,-70.03,1,1,0,1,1,1,1,1
2026-03-28 12:23:22.634,619.232,0,10,10,-65.87,1,1,0,1,1,1,1,1
2026-03-28 12:23:22.714,619.312,-1,7,10,-66.01,1,1,0,1,1,1,1,1
2026-03-28 12:23:22.810,619.408,-2,7,10,-64.96,1,1,0,1,1,1,1,1
2026-03-28 12:23:22.890,619.488,-2,10,10,-65.71,1,1,0,1,1,1,1,1
2026-03-28 12:23:22.969,619.568,-2,10,10,-67.23,1,1,0,1,1,1,1,1
2026-03-28 12:23:23.050,619.648,-2,10,10,-64.18,1,1,0,1,1,1,1,1
2026-03-28 12:23:23.114,619.712,0,7,10,-70.45,1,1,0,1,1,1,1,1
2026-03-28 12:23:23.257,619.856,-2,10,10,-69.31,1,1,0,1,1,1,1,1
2026-03-28 12:23:23.305,619.903,-2,7,7,-61.43,1,1,0,1,1,1,1,1
2026-03-28 12:23:23.385,619.983,0,10,10,-67.6,1,1,0,1,1,1,1,1
2026-03-28 12:23:23.530,620.128,0,10,8,-65.04,1,1,0,1,1,1,1,1
2026-03-28 12:23:23.562,620.160,-2,10,8,-66.63,1,1,0,1,1,1,1,1
2026-03-28 12:23:23.642,620.241,-2,10,10,-66.5,1,1,0,1,1,1,1,1
2026-03-28 12:23:23.738,620.336,0,7,10,-66.11,1,1,0,1,1,1,1,1
2026-03-28 12:23:23.834,620.432,0,10,10,-64.75,1,1,0,1,1,1,1,1
2026-03-28 12:23:23.866,620.464,-2,7,10,-68.15,1,1,0,1,1,1,1,1
2026-03-28 12:23:23.978,620.576,0,10,10,-66.28,1,1,0,1,1,1,1,1
2026-03-28 12:23:24.058,620.657,0,10,10,-68.05,1,1,0,1,1,1,1,1
2026-03-28 12:23:24.138,620.736,-2,7,10,-66.01,1,1,0,1,1,1,1,1
2026-03-28 12:23:24.234,620.832,-2,7,10,-66.48,1,1,0,1,1,1,1,1
2026-03-28 12:23:24.361,620.960,0,7,10,-64.31,1,1,0,1,1,1,1,1
2026-03-28 12:23:24.474,621.072,-2,7,10,-64.69,1,1,0,1,1,1,1,1
2026-03-28 12:23:24.506,621.104,-2,10,10,-63.79,1,1,0,1,1,1,1,1
2026-03-28 12:23:24.586,621.184,-1,10,10,-64.85,1,1,0,1,1,1,1,1
2026-03-28 12:23:24.666,621.264,-2,7,10,-64.5,1,1,0,1,1,1,1,1
2026-03-28 12:23:24.714,621.312,-2,7,10,-67.36,1,1,0,1,1,1,1,1
2026-03-28 12:23:24.809,621.408,-2,10,10,-68.25,1,1,0,1,1,1,1,1
2026-03-28 12:23:24.906,621.504,-2,10,10,-65.75,1,1,0,1,1,1,1,1
2026-03-28 12:23:24.970,621.568,-2,10,10,-63.77,1,1,0,1,1,1,1,1
2026-03-28 12:23:25.066,621.664,-1,10,10,-66.36,1,1,0,1,1,1,1,1
2026-03-28 12:23:25.114,621.712,-1,7,10,-67.59,1,1,0,1,1,1,1,1
2026-03-28 12:23:25.226,621.824,0,7,10,-67.17,1,1,0,1,1,1,1,1
2026-03-28 12:23:25.273,621.872,0,10,10,-65.73,1,1,0,1,1,1,1,1
2026-03-28 12:23:25.370,621.968,0,7,10,-64.69,1,1,0,1,1,1,1,1
2026-03-28 12:23:25.434,622.032,-2,7,10,-66.69,1,1,0,1,1,1,1,1
2026-03-28 12:23:25.482,622.080,-2,10,10,-69.8,1,1,0,1,1,1,1,1
2026-03-28 12:23:25.642,622.240,-2,10,10,-64.76,1,1,0,1,1,1,1,1
2026-03-28 12:23:25.721,622.319,-2,10,10,-65.67,1,1,0,1,1,1,1,1
2026-03-28 12:23:25.754,622.352,-2,10,10,-66.59,1,1,0,1,1,1,1,1
2026-03-28 12:23:25.849,622.448,-2,10,10,-65.0,1,1,0,1,1,1,1,1
2026-03-28 12:23:25.913,622.512,-2,10,10,-66.75,1,1,0,1,1,1,1,1
2026-03-28 12:23:25.994,622.592,-1,7,10,-65.13,1,1,0,1,1,1,1,1
2026-03-28 12:23:26.122,622.720,-1,10,11,-65.77,1,1,0,1,1,1,1,1
2026-03-28 12:23:26.186,622.784,-2,10,10,-63.91,1,1,0,1,1,1,1,1
2026-03-28 12:23:26.249,622.847,-1,7,10,-65.75,1,1,0,1,1,1,1,1
2026-03-28 12:23:26.298,622.896,-2,10,10,-66.38,1,1,0,1,1,1,1,1
2026-03-28 12:23:26.378,622.976,-2,10,10,-67.08,1,1,0,1,1,1,1,1
2026-03-28 12:23:26.489,623.087,-2,10,10,-67.81,1,1,0,1,1,1,1,1
2026-03-28 12:23:26.522,623.120,-2,10,10,-68.05,1,1,0,1,1,1,1,1
2026-03-28 12:23:26.650,623.248,0,7,10,-70.69,1,1,0,1,1,1,1,1
2026-03-28 12:23:26.746,623.344,0,7,10,-63.8,1,1,0,1,1,1,1,1
2026-03-28 12:23:26.858,623.456,0,7,8,-65.12,1,1,0,1,1,1,1,1
2026-03-28 12:23:26.954,623.552,-2,7,10,-64.7,1,1,0,1,1,1,1,1
2026-03-28 12:23:27.050,623.648,-2,7,10,-66.07,1,1,0,1,1,1,1,1
2026-03-28 12:23:27.130,623.728,0,7,11,-64.63,1,1,0,1,1,1,1,1
2026-03-28 12:23:27.194,623.792,-2,7,10,-64.76,1,1,0,1,1,1,1,1
2026-03-28 12:23:27.258,623.856,-2,7,10,-65.65,1,1,0,1,1,1,1,1
2026-03-28 12:23:27.353,623.951,-1,7,10,-67.23,1,1,0,1,1,1,1,1
2026-03-28 12:23:27.433,624.031,-2,10,10,-66.14,1,1,0,1,1,1,1,1
2026-03-28 12:23:27.513,624.112,-2,7,10,-67.68,1,1,0,1,1,1,1,1
2026-03-28 12:23:27.578,624.176,-2,7,10,-65.91,1,1,0,1,1,1,1,1
2026-03-28 12:23:27.690,624.288,-2,10,10,-61.81,1,1,0,1,1,1,1,1
2026-03-28 12:23:27.738,624.336,-2,7,11,-65.4,1,1,0,1,1,1,1,1
2026-03-28 12:23:27.786,624.384,-2,7,10,-67.14,1,1,0,1,1,1,1,1
2026-03-28 12:23:27.866,624.464,-2,7,10,-69.6,1,1,0,1,1,1,1,1
2026-03-28 12:23:27.946,624.545,-1,7,10,-64.32,1,1,0,1,1,1,1,1
2026-03-28 12:23:28.010,624.608,-1,7,10,-66.58,1,1,0,1,1,1,1,1
2026-03-28 12:23:28.106,624.704,-2,10,10,-63.85,1,1,0,1,1,1,1,1
2026-03-28 12:23:28.266,624.864,-2,7,10,-65.23,1,1,0,1,1,1,1,1
2026-03-28 12:23:28.281,624.880,-2,7,10,-62.52,1,1,0,1,1,1,1,1
2026-03-28 12:23:28.362,624.960,0,7,10,-66.92,1,1,0,1,1,1,1,1
2026-03-28 12:23:28.473,625.072,0,7,10,-67.63,1,1,0,1,1,1,1,1
2026-03-28 12:23:28.521,625.119,-1,7,10,-65.4,1,1,0,1,1,1,1,1
2026-03-28 12:23:28.666,625.264,-2,7,10,-64.85,1,1,0,1,1,1,1,1
2026-03-28 12:23:28.729,625.328,-2,7,10,-63.05,1,1,0,1,1,1,1,1
2026-03-28 12:23:28.778,625.376,-1,10,10,-64.73,1,1,0,1,1,1,1,1
2026-03-28 12:23:28.873,625.471,0,10,10,-63.68,1,1,0,1,1,1,1,1
2026-03-28 12:23:28.969,625.568,-2,10,10,-64.12,1,1,0,1,1,1,1,1
2026-03-28 12:23:29.065,625.663,0,7,10,-63.46,1,1,0,1,1,1,1,1
2026-03-28 12:23:29.113,625.712,-2,10,10,-65.0,1,1,0,1,1,1,1,1
2026-03-28 12:23:29.210,625.808,-1,10,10,-65.85,1,1,0,1,1,1,1,1
2026-03-28 12:23:29.321,625.920,0,10,10,-63.3,1,1,0,1,1,1,1,1
2026-03-28 12:23:29.401,626.000,-2,7,10,-64.45,1,1,0,1,1,1,1,1
2026-03-28 12:23:29.481,626.079,-2,10,8,-63.29,1,1,0,1,1,1,1,1
2026-03-28 12:23:29.577,626.176,0,7,10,-64.23,1,1,0,1,1,1,1,1
2026-03-28 12:23:29.673,626.272,-2,7,10,-63.54,1,1,0,1,1,1,1,1
2026-03-28 12:23:29.769,626.368,-2,7,10,-63.02,1,1,0,1,1,1,1,1
2026-03-28 12:23:29.817,626.416,-2,7,10,-67.7,1,1,0,1,1,1,1,1
2026-03-28 12:23:29.865,626.464,-2,10,10,-61.66,1,1,0,1,1,1,1,1
2026-03-28 12:23:29.945,626.544,-2,10,10,-65.95,1,1,0,1,1,1,1,1
2026-03-28 12:23:30.057,626.656,-2,7,7,-64.03,1,1,0,1,1,1,1,1
2026-03-28 12:23:30.137,626.735,-2,7,10,-63.44,1,1,0,1,1,1,1,1
2026-03-28 12:23:30.233,626.832,-1,7,10,-68.75,1,1,0,1,1,1,1,1
2026-03-28 12:23:30.265,626.864,-1,10,10,-65.66,1,1,0,1,1,1,1,1
2026-03-28 12:23:30.329,626.928,-2,7,10,-64.83,1,1,0,1,1,1,1,1
2026-03-28 12:23:30.489,627.087,-2,7,10,-64.38,1,1,0,1,1,1,1,1
2026-03-28 12:23:30.505,627.104,-2,7,10,-64.55,1,1,0,1,1,1,1,1
2026-03-28 12:23:30.602,627.200,-2,10,10,-63.8,1,1,0,1,1,1,1,1
2026-03-28 12:23:30.665,627.264,-2,7,10,-68.73,1,1,0,1,1,1,1,1
2026-03-28 12:23:30.729,627.328,0,7,10,-66.64,1,1,0,1,1,1,1,1
2026-03-28 12:23:30.810,627.408,-2,9,10,-63.51,1,1,0,1,1,1,1,1
2026-03-28 12:23:30.905,627.504,-2,10,10,-64.46,1,1,0,1,1,1,1,1
2026-03-28 12:23:30.985,627.584,-2,10,10,-64.61,1,1,0,1,1,1,1,1
2026-03-28 12:23:31.049,627.647,-1,10,10,-62.7,1,1,0,1,1,1,1,1
2026-03-28 12:23:31.113,627.712,-1,10,10,-67.36,1,1,0,1,1,1,1,1
2026-03-28 12:23:31.193,627.792,-2,10,10,-66.69,1,1,0,1,1,1,1,1
2026-03-28 12:23:31.273,627.872,-2,10,10,-66.49,1,1,0,1,1,1,1,1
2026-03-28 12:23:31.385,627.983,-2,7,10,-63.46,1,1,0,1,1,1,1,1
2026-03-28 12:23:31.401,628.000,-2,7,10,-65.14,1,1,0,1,1,1,1,1
2026-03-28 12:23:31.466,628.065,0,7,10,-64.12,1,1,0,1,1,1,1,1
2026-03-28 12:23:31.609,628.208,-1,10,8,-64.39,1,1,0,1,1,1,1,1
2026-03-28 12:23:31.673,628.272,-2,7,10,-65.5,1,1,0,1,1,1,1,1
2026-03-28 12:23:31.785,628.383,-2,7,10,-64.23,1,1,0,1,1,1,1,1
2026-03-28 12:23:31.849,628.448,-1,7,10,-64.82,1,1,0,1,1,1,1,1
2026-03-28 12:23:31.961,628.560,-2,10,10,-62.69,1,1,0,1,1,1,1,1
2026-03-28 12:23:32.057,628.655,0,10,10,-65.14,1,1,0,1,1,1,1,1
2026-03-28 12:23:32.106,628.704,0,10,10,-64.33,1,1,0,1,1,1,1,1
2026-03-28 12:23:32.217,628.816,0,10,10,-62.72,1,1,0,1,1,1,1,1
2026-03-28 12:23:32.265,628.864,-2,10,10,-63.34,1,1,0,1,1,1,1,1
2026-03-28 12:23:32.329,628.928,0,7,10,-65.88,1,1,0,1,1,1,1,1
2026-03-28 12:23:32.377,628.975,0,10,10,-66.06,1,1,0,1,1,1,1,1
2026-03-28 12:23:32.473,629.072,0,9,10,-67.19,1,1,0,1,1,1,1,1
2026-03-28 12:23:32.553,629.152,0,7,10,-66.82,1,1,0,1,1,1,1,1
2026-03-28 12:23:32.617,629.216,-2,7,10,-61.61,1,1,0,1,1,1,1,1
2026-03-28 12:23:32.729,629.328,-2,7,10,-63.67,1,1,0,1,1,1,1,1
2026-03-28 12:23:32.793,629.392,-1,10,10,-66.48,1,1,0,1,1,1,1,1
2026-03-28 12:23:32.873,629.472,-1,10,10,-64.37,1,1,0,1,1,1,1,1
2026-03-28 12:23:32.953,629.551,-2,7,10,-62.13,1,1,0,1,1,1,1,1
2026-03-28 12:23:33.065,629.664,-2,10,10,-63.78,1,1,0,1,1,1,1,1
2026-03-28 12:23:33.145,629.744,-2,10,10,-65.47,1,1,0,1,1,1,1,1
2026-03-28 12:23:33.209,629.808,-2,10,10,-62.72,1,1,0,1,1,1,1,1
2026-03-28 12:23:33.305,629.904,-2,7,10,-63.57,1,1,0,1,1,1,1,1
2026-03-28 12:23:33.385,629.984,-2,7,10,-65.3,1,1,0,1,1,1,1,1
2026-03-28 12:23:33.481,630.080,-2,7,10,-64.75,1,1,0,1,1,1,1,1
2026-03-28 12:23:33.529,630.128,0,10,10,-65.75,1,1,0,1,1,1,1,1
2026-03-28 12:23:33.593,630.192,0,7,10,-67.17,1,1,0,1,1,1,1,1
2026-03-28 12:23:33.689,630.288,0,7,10,-64.8,1,1,0,1,1,1,1,1
2026-03-28 12:23:33.849,630.448,-2,7,10,-70.25,1,1,0,1,1,1,1,1
2026-03-28 12:23:33.945,630.544,-2,7,10,-64.44,1,1,0,1,1,1,1,1
2026-03-28 12:23:33.994,630.592,-2,10,7,-63.83,1,1,0,1,1,1,1,1
2026-03-28 12:23:34.169,630.767,-2,7,10,-64.07,1,1,0,1,1,1,1,1
2026-03-28 12:23:34.264,630.863,-2,7,10,-64.17,1,1,0,1,1,1,1,1
2026-03-28 12:23:34.297,630.896,-2,7,11,-62.98,1,1,0,1,1,1,1,1
2026-03-28 12:23:34.393,630.991,-2,7,10,-65.08,1,1,0,1,1,1,1,1
2026-03-28 12:23:34.489,631.088,0,7,10,-64.66,1,1,0,1,1,1,1,1
2026-03-28 12:23:34.491,631.089,0,10,10,-63.73,1,1,0,1,1,1,1,1
2026-03-28 12:23:34.601,631.200,-2,7,10,-72.52,1,1,0,1,1,1,1,1
2026-03-28 12:23:34.665,631.264,-2,10,11,-69.14,1,1,0,1,1,1,1,1
2026-03-28 12:23:34.697,631.296,-2,7,10,-66.9,1,1,0,1,1,1,1,1
2026-03-28 12:23:34.792,631.391,-2,10,10,-64.11,1,1,0,1,1,1,1,1
2026-03-28 12:23:34.873,631.472,-2,10,10,-66.78,1,1,0,1,1,1,1,1
2026-03-28 12:23:34.953,631.552,-2,10,10,-70.79,1,1,0,1,1,1,1,1
2026-03-28 12:23:35.049,631.648,-2,10,10,-67.07,1,1,0,1,1,1,1,1
2026-03-28 12:23:35.113,631.712,-2,7,10,-66.39,1,1,0,1,1,1,1,1
2026-03-28 12:23:35.161,631.760,-1,10,10,-64.1,1,1,0,1,1,1,1,1
2026-03-28 12:23:35.225,631.824,-2,10,10,-64.85,1,1,0,1,1,1,1,1
2026-03-28 12:23:35.289,631.888,-2,7,10,-67.12,1,1,0,1,1,1,1,1
2026-03-28 12:23:35.417,632.015,-1,10,10,-68.6,1,1,0,1,1,1,1,1
2026-03-28 12:23:35.465,632.064,0,10,10,-68.21,1,1,0,1,1,1,1,1
2026-03-28 12:23:35.529,632.128,-2,7,10,-65.1,1,1,0,1,1,1,1,1
2026-03-28 12:23:35.641,632.240,-2,7,10,-67.42,1,1,0,1,1,1,1,1
2026-03-28 12:23:35.673,632.272,-2,10,10,-66.37,1,1,0,1,1,1,1,1
2026-03-28 12:23:35.737,632.336,-1,7,10,-65.2,1,1,0,1,1,1,1,1
2026-03-28 12:23:35.817,632.416,-2,10,10,-69.71,1,1,0,1,1,1,1,1
2026-03-28 12:23:35.897,632.496,-2,10,10,-67.49,1,1,0,1,1,1,1,1
2026-03-28 12:23:36.057,632.656,-2,10,10,-67.87,1,1,0,1,1,1,1,1
2026-03-28 12:23:36.137,632.736,-2,10,10,-63.92,1,1,0,1,1,1,1,1
2026-03-28 12:23:36.201,632.799,-2,10,10,-64.46,1,1,0,1,1,1,1,1
2026-03-28 12:23:36.281,632.880,-2,10,10,-64.15,1,1,0,1,1,1,1,1
2026-03-28 12:23:36.345,632.944,-2,7,10,-63.74,1,1,0,1,1,1,1,1
2026-03-28 12:23:36.456,633.055,0,10,11,-67.88,1,1,0,1,1,1,1,1
2026-03-28 12:23:36.489,633.087,-1,10,10,-69.47,1,1,0,1,1,1,1,1
2026-03-28 12:23:36.585,633.184,-2,10,11,-62.5,1,1,0,1,1,1,1,1
2026-03-28 12:23:36.665,633.263,0,10,10,-66.62,1,1,0,1,1,1,1,1
2026-03-28 12:23:36.761,633.360,-2,7,11,-63.54,1,1,0,1,1,1,1,1
2026-03-28 12:23:36.826,633.424,0,7,8,-65.14,1,1,0,1,1,1,1,1
2026-03-28 12:23:36.905,633.504,-2,10,10,-66.68,1,1,0,1,1,1,1,1
2026-03-28 12:23:36.969,633.567,-2,7,10,-70.19,1,1,0,1,1,1,1,1
2026-03-28 12:23:37.049,633.647,0,10,10,-66.19,1,1,0,1,1,1,1,1
2026-03-28 12:23:37.161,633.759,-2,10,10,-68.44,1,1,0,1,1,1,1,1
2026-03-28 12:23:37.241,633.840,0,10,10,-67.2,1,1,0,1,1,1,1,1
2026-03-28 12:23:37.289,633.887,-2,10,10,-66.98,1,1,0,1,1,1,1,1
2026-03-28 12:23:37.369,633.967,-2,10,8,-64.7,1,1,0,1,1,1,1,1
2026-03-28 12:23:37.497,634.095,-2,10,10,-63.31,1,1,0,1,1,1,1,1
2026-03-28 12:23:37.545,634.143,-2,7,10,-66.38,1,1,0,1,1,1,1,1
2026-03-28 12:23:37.578,634.176,-2,7,10,-65.99,1,1,0,1,1,1,1,1
2026-03-28 12:23:37.657,634.255,0,7,10,-70.58,1,1,0,1,1,1,1,1
2026-03-28 12:23:37.753,634.351,-2,7,10,-70.25,1,1,0,1,1,1,1,1
2026-03-28 12:23:37.865,634.464,0,10,10,-65.58,1,1,0,1,1,1,1,1
2026-03-28 12:23:37.993,634.592,-2,7,10,-64.88,1,1,0,1,1,1,1,1
2026-03-28 12:23:38.041,634.639,0,10,10,-64.12,1,1,0,1,1,1,1,1
2026-03-28 12:23:38.137,634.735,-2,10,8,-66.59,1,1,0,1,1,1,1,1
2026-03-28 12:23:38.217,634.815,-1,7,10,-64.0,1,1,0,1,1,1,1,1
2026-03-28 12:23:38.249,634.847,-2,7,10,-68.94,1,1,0,1,1,1,1,1
2026-03-28 12:23:38.361,634.959,-1,7,10,-68.66,1,1,0,1,1,1,1,1
2026-03-28 12:23:38.489,635.087,-1,7,10,-64.59,1,1,0,1,1,1,1,1
2026-03-28 12:23:38.520,635.119,-2,10,10,-62.62,1,1,0,1,1,1,1,1
2026-03-28 12:23:38.585,635.183,-1,10,10,-68.57,1,1,0,1,1,1,1,1
2026-03-28 12:23:38.696,635.295,-2,10,10,-66.1,1,1,0,1,1,1,1,1
2026-03-28 12:23:38.793,635.391,-2,7,10,-65.08,1,1,0,1,1,1,1,1
2026-03-28 12:23:38.841,635.440,0,10,10,-71.39,1,1,0,1,1,1,1,1
2026-03-28 12:23:38.905,635.503,-2,7,10,-67.4,1,1,0,1,1,1,1,1
2026-03-28 12:23:39.049,635.647,-2,7,10,-67.94,1,1,0,1,1,1,1,1
2026-03-28 12:23:39.097,635.695,-2,10,10,-64.13,1,1,0,1,1,1,1,1
2026-03-28 12:23:39.177,635.775,-1,10,10,-67.16,1,1,0,1,1,1,1,1
2026-03-28 12:23:39.209,635.808,-2,10,10,-64.27,1,1,0,1,1,1,1,1
2026-03-28 12:23:39.305,635.903,-2,10,10,-67.92,1,1,0,1,1,1,1,1
2026-03-28 12:23:39.353,635.951,-1,7,11,-68.19,1,1,0,1,1,1,1,1
2026-03-28 12:23:39.401,635.999,-2,7,10,-64.91,1,1,0,1,1,1,1,1
2026-03-28 12:23:39.545,636.143,-2,7,10,-70.53,1,1,0,1,1,1,1,1
2026-03-28 12:23:39.721,636.319,-2,7,8,-66.33,1,1,0,1,1,1,1,1
2026-03-28 12:23:39.785,636.383,-2,10,10,-67.24,1,1,0,1,1,1,1,1
2026-03-28 12:23:39.849,636.447,-2,10,10,-65.28,1,1,0,1,1,1,1,1
2026-03-28 12:23:39.961,636.559,-2,10,10,-64.8,1,1,0,1,1,1,1,1
2026-03-28 12:23:40.009,636.608,-2,10,10,-70.77,1,1,0,1,1,1,1,1
2026-03-28 12:23:40.121,636.719,-2,10,10,-65.07,1,1,0,1,1,1,1,1
2026-03-28 12:23:40.153,636.751,-1,10,10,-68.31,1,1,0,1,1,1,1,1
2026-03-28 12:23:40.217,636.815,-2,10,10,-68.69,1,1,0,1,1,1,1,1
2026-03-28 12:23:40.313,636.911,-1,7,10,-69.08,1,1,0,1,1,1,1,1
2026-03-28 12:23:40.489,637.087,-1,9,10,-68.98,1,1,0,1,1,1,1,1
2026-03-28 12:23:40.569,637.167,-2,10,10,-66.98,1,1,0,1,1,1,1,1
2026-03-28 12:23:40.585,637.183,-2,10,10,-69.44,1,1,0,1,1,1,1,1
2026-03-28 12:23:40.713,637.311,0,10,10,-65.87,1,1,0,1,1,1,1,1
2026-03-28 12:23:40.793,637.392,-2,7,10,-64.65,1,1,0,1,1,1,1,1
2026-03-28 12:23:40.889,637.487,-2,10,10,-72.5,1,1,0,1,1,1,1,1
2026-03-28 12:23:40.921,637.519,0,7,10,-66.02,1,1,0,1,1,1,1,1
2026-03-28 12:23:41.064,637.663,0,7,10,-66.01,1,1,0,1,1,1,1,1
2026-03-28 12:23:41.097,637.695,-2,10,10,-64.06,1,1,0,1,1,1,1,1
2026-03-28 12:23:41.176,637.775,0,10,10,-68.02,1,1,0,1,1,1,1,1
2026-03-28 12:23:41.256,637.855,-2,10,10,-68.05,1,1,0,1,1,1,1,1
2026-03-28 12:23:41.352,637.951,-2,10,10,-68.63,1,1,0,1,1,1,1,1
2026-03-28 12:23:41.433,638.031,-2,10,10,-69.84,1,1,0,1,1,1,1,1
2026-03-28 12:23:41.513,638.111,-1,10,10,-68.57,1,1,0,1,1,1,1,1
2026-03-28 12:23:41.577,638.175,-1,7,10,-67.83,1,1,0,1,1,1,1,1
2026-03-28 12:23:41.689,638.287,-2,10,8,-63.24,1,1,0,1,1,1,1,1
2026-03-28 12:23:41.737,638.336,-2,10,10,-71.3,1,1,0,1,1,1,1,1
2026-03-28 12:23:41.817,638.415,-2,10,10,-65.35,1,1,0,1,1,1,1,1
2026-03-28 12:23:41.881,638.479,-2,10,10,-66.37,1,1,0,1,1,1,1,1
2026-03-28 12:23:41.977,638.575,0,10,10,-70.72,1,1,0,1,1,1,1,1
2026-03-28 12:23:42.105,638.703,0,10,10,-70.19,1,1,0,1,1,1,1,1
2026-03-28 12:23:42.137,638.735,0,10,10,-66.31,1,1,0,1,1,1,1,1
2026-03-28 12:23:42.248,638.847,-1,10,10,-69.12,1,1,0,1,1,1,1,1
2026-03-28 12:23:42.345,638.943,-2,10,8,-66.23,1,1,0,1,1,1,1,1
2026-03-28 12:23:42.441,639.039,-2,10,10,-66.06,1,1,0,1,1,1,1,1
2026-03-28 12:23:42.553,639.151,0,10,10,-64.49,1,1,0,1,1,1,1,1
2026-03-28 12:23:42.681,639.279,0,10,10,-66.94,1,1,0,1,1,1,1,1
2026-03-28 12:23:42.761,639.359,-2,7,10,-66.41,1,1,0,1,1,1,1,1
2026-03-28 12:23:42.873,639.471,-2,9,10,-64.89,1,1,0,1,1,1,1,1
2026-03-28 12:23:42.905,639.503,-2,10,10,-67.28,1,1,0,1,1,1,1,1
2026-03-28 12:23:43.001,639.599,-2,7,10,-68.06,1,1,0,1,1,1,1,1
2026-03-28 12:23:43.065,639.663,0,10,10,-67.51,1,1,0,1,1,1,1,1
2026-03-28 12:23:43.145,639.743,-1,10,10,-65.06,1,1,0,1,1,1,1,1
2026-03-28 12:23:43.225,639.823,0,10,10,-70.9,1,1,0,1,1,1,1,1
2026-03-28 12:23:43.304,639.903,0,10,10,-69.48,1,1,0,1,1,1,1,1
2026-03-28 12:23:43.401,639.999,0,10,10,-70.72,1,1,0,1,1,1,1,1
2026-03-28 12:23:43.496,640.095,-2,10,10,-67.69,1,1,0,1,1,1,1,1
2026-03-28 12:23:43.577,640.175,0,10,10,-67.98,1,1,0,1,1,1,1,1
2026-03-28 12:23:43.641,640.239,0,10,10,-66.74,1,1,0,1,1,1,1,1
2026-03-28 12:23:43.768,640.367,-1,10,10,-67.39,1,1,0,1,1,1,1,1
2026-03-28 12:23:43.816,640.415,-2,10,10,-69.56,1,1,0,1,1,1,1,1
2026-03-28 12:23:43.897,640.495,-2,10,10,-68.07,1,1,0,1,1,1,1,1
2026-03-28 12:23:43.960,640.559,-2,7,10,-67.37,1,1,0,1,1,1,1,1
2026-03-28 12:23:44.025,640.623,0,10,10,-73.11,1,1,0,1,1,1,1,1
2026-03-28 12:23:44.153,640.751,0,10,10,-67.6,1,1,0,1,1,1,1,1
2026-03-28 12:23:44.184,640.783,-1,10,10,-71.5,1,1,0,1,1,1,1,1
2026-03-28 12:23:44.249,640.847,-2,10,10,-67.55,1,1,0,1,1,1,1,1
2026-03-28 12:23:44.361,640.959,-2,10,10,-64.12,1,1,0,1,1,1,1,1
2026-03-28 12:23:44.441,641.039,-2,10,10,-66.72,1,1,0,1,1,1,1,1
2026-03-28 12:23:44.537,641.135,0,10,10,-66.61,1,1,0,1,1,1,1,1
2026-03-28 12:23:44.553,641.151,-2,10,10,-66.17,1,1,0,1,1,1,1,1
2026-03-28 12:23:44.697,641.295,0,7,10,-67.02,1,1,0,1,1,1,1,1
2026-03-28 12:23:44.745,641.343,0,10,10,-67.4,1,1,0,1,1,1,1,1
2026-03-28 12:23:44.840,641.438,-2,10,10,-69.55,1,1,0,1,1,1,1,1
2026-03-28 12:23:44.873,641.471,0,10,10,-70.03,1,1,0,1,1,1,1,1
2026-03-28 12:23:44.920,641.519,-1,7,10,-68.02,1,1,0,1,1,1,1,1
2026-03-28 12:23:45.080,641.679,0,10,10,-68.11,1,1,0,1,1,1,1,1
2026-03-28 12:23:45.193,641.791,0,10,10,-71.27,1,1,0,1,1,1,1,1
2026-03-28 12:23:45.225,641.823,0,10,10,-69.04,1,1,0,1,1,1,1,1
2026-03-28 12:23:45.320,641.919,-2,7,10,-66.8,1,1,0,1,1,1,1,1
2026-03-28 12:23:45.401,641.999,-2,7,10,-70.48,1,1,0,1,1,1,1,1
2026-03-28 12:23:45.497,642.095,0,10,10,-68.49,1,1,0,1,1,1,1,1
2026-03-28 12:23:45.577,642.175,-2,10,10,-65.65,1,1,0,1,1,1,1,1
2026-03-28 12:23:45.689,642.287,-2,10,10,-67.41,1,1,0,1,1,1,1,1
2026-03-28 12:23:45.753,642.351,-2,7,10,-68.37,1,1,0,1,1,1,1,1
2026-03-28 12:23:45.785,642.383,-2,7,10,-70.35,1,1,0,1,1,1,1,1
2026-03-28 12:23:45.848,642.447,0,7,10,-67.84,1,1,0,1,1,1,1,1
2026-03-28 12:23:45.929,642.527,-2,7,8,-69.05,1,1,0,1,1,1,1,1
2026-03-28 12:23:46.008,642.606,0,7,10,-71.09,1,1,0,1,1,1,1,1
2026-03-28 12:23:46.105,642.703,0,7,10,-66.47,1,1,0,1,1,1,1,1
2026-03-28 12:23:46.136,642.734,-1,7,10,-65.65,1,1,0,1,1,1,1,1
2026-03-28 12:23:46.233,642.831,-2,10,10,-68.57,1,1,0,1,1,1,1,1
2026-03-28 12:23:46.281,642.879,0,10,10,-72.02,1,1,0,1,1,1,1,1
2026-03-28 12:23:46.440,643.038,-2,10,10,-68.4,1,1,0,1,1,1,1,1
2026-03-28 12:23:46.521,643.119,-2,10,7,-65.19,1,1,0,1,1,1,1,1
2026-03-28 12:23:46.616,643.214,-1,10,11,-68.38,1,1,0,1,1,1,1,1
2026-03-28 12:23:46.697,643.295,-2,7,10,-69.62,1,1,0,1,1,1,1,1
2026-03-28 12:23:46.825,643.423,-2,10,10,-67.31,1,1,0,1,1,1,1,1
2026-03-28 12:23:46.840,643.439,0,10,10,-69.17,1,1,0,1,1,1,1,1
2026-03-28 12:23:46.952,643.550,-2,10,11,-68.24,1,1,0,1,1,1,1,1
2026-03-28 12:23:47.017,643.615,-1,10,10,-65.3,1,1,0,1,1,1,1,1
2026-03-28 12:23:47.064,643.662,-2,10,8,-69.95,1,1,0,1,1,1,1,1
2026-03-28 12:23:47.129,643.727,-2,10,10,-66.88,1,1,0,1,1,1,1,1
2026-03-28 12:23:47.161,643.759,-1,10,10,-69.25,1,1,0,1,1,1,1,1
2026-03-28 12:23:47.320,643.919,0,7,10,-67.65,1,1,0,1,1,1,1,1
2026-03-28 12:23:47.368,643.966,-2,10,10,-66.25,1,1,0,1,1,1,1,1
2026-03-28 12:23:47.416,644.015,-2,10,10,-65.51,1,1,0,1,1,1,1,1
2026-03-28 12:23:47.496,644.095,0,10,10,-64.96,1,1,0,1,1,1,1,1
2026-03-28 12:23:47.577,644.175,-2,10,10,-69.07,1,1,0,1,1,1,1,1
2026-03-28 12:23:47.721,644.320,-2,10,10,-73.15,1,1,0,1,1,1,1,1
2026-03-28 12:23:47.768,644.367,0,10,10,-65.1,1,1,0,1,1,1,1,1
2026-03-28 12:23:47.816,644.415,0,10,10,-68.91,1,1,0,1,1,1,1,1
2026-03-28 12:23:47.896,644.495,0,10,10,-65.41,1,1,0,1,1,1,1,1
2026-03-28 12:23:47.977,644.575,0,10,10,-69.22,1,1,0,1,1,1,1,1
2026-03-28 12:23:48.040,644.639,-2,10,10,-68.09,1,1,0,1,1,1,1,1
2026-03-28 12:23:48.104,644.703,-2,7,10,-68.37,1,1,0,1,1,1,1,1
2026-03-28 12:23:48.232,644.831,-2,10,10,-69.2,1,1,0,1,1,1,1,1
2026-03-28 12:23:48.312,644.911,-2,10,10,-71.75,1,1,0,1,1,1,1,1
2026-03-28 12:23:48.329,644.927,-2,10,10,-69.53,1,1,0,1,1,1,1,1
2026-03-28 12:23:48.408,645.007,-2,7,8,-70.11,1,1,0,1,1,1,1,1
2026-03-28 12:23:48.504,645.103,-2,7,10,-69.16,1,1,0,1,1,1,1,1
2026-03-28 12:23:48.600,645.199,-2,7,10,-65.34,1,1,0,1,1,1,1,1
2026-03-28 12:23:48.712,645.311,-2,7,10,-70.73,1,1,0,1,1,1,1,1
2026-03-28 12:23:48.808,645.406,-2,7,10,-70.08,1,1,0,1,1,1,1,1
2026-03-28 12:23:48.825,645.423,-2,10,10,-67.33,1,1,0,1,1,1,1,1
2026-03-28 12:23:48.968,645.567,0,9,10,-71.77,1,1,0,1,1,1,1,1
2026-03-28 12:23:49.048,645.647,-2,10,8,-71.91,1,1,0,1,1,1,1,1
2026-03-28 12:23:49.096,645.695,-2,10,10,-68.08,1,1,0,1,1,1,1,1
2026-03-28 12:23:49.177,645.775,0,7,11,-69.22,1,1,0,1,1,1,1,1
2026-03-28 12:23:49.288,645.887,0,10,10,-71.88,1,1,0,1,1,1,1,1
2026-03-28 12:23:49.304,645.903,0,10,10,-67.02,1,1,0,1,1,1,1,1
2026-03-28 12:23:49.416,646.014,-2,10,10,-69.05,1,1,0,1,1,1,1,1
2026-03-28 12:23:49.480,646.079,-2,10,10,-68.55,1,1,0,1,1,1,1,1
2026-03-28 12:23:49.545,646.143,-2,7,10,-67.98,1,1,0,1,1,1,1,1
2026-03-28 12:23:49.656,646.255,-2,7,10,-69.9,1,1,0,1,1,1,1,1
2026-03-28 12:23:49.752,646.351,-2,7,8,-65.24,1,1,0,1,1,1,1,1
2026-03-28 12:23:49.784,646.383,-2,7,10,-65.88,1,1,0,1,1,1,1,1
2026-03-28 12:23:49.864,646.463,-2,7,10,-68.13,1,1,0,1,1,1,1,1
2026-03-28 12:23:49.928,646.526,-2,10,10,-67.49,1,1,0,1,1,1,1,1
2026-03-28 12:23:50.024,646.623,-2,10,10,-69.57,1,1,0,1,1,1,1,1
2026-03-28 12:23:50.152,646.750,-2,10,10,-69.91,1,1,0,1,1,1,1,1
2026-03-28 12:23:50.184,646.783,-2,10,10,-66.86,1,1,0,1,1,1,1,1
2026-03-28 12:23:50.264,646.862,-2,10,10,-70.45,1,1,0,1,1,1,1,1
2026-03-28 12:23:50.296,646.895,-2,7,10,-68.39,1,1,0,1,1,1,1,1
2026-03-28 12:23:50.377,646.975,-2,10,10,-70.53,1,1,0,1,1,1,1,1
2026-03-28 12:23:50.472,647.071,-2,7,10,-68.54,1,1,0,1,1,1,1,1
2026-03-28 12:23:50.536,647.134,-2,7,10,-66.93,1,1,0,1,1,1,1,1
2026-03-28 12:23:50.632,647.231,-2,7,10,-63.59,1,1,0,1,1,1,1,1
2026-03-28 12:23:50.712,647.311,-2,7,10,-67.26,1,1,0,1,1,1,1,1
2026-03-28 12:23:50.824,647.422,0,10,10,-69.04,1,1,0,1,1,1,1,1
2026-03-28 12:23:50.904,647.503,0,10,10,-74.49,1,1,0,1,1,1,1,1
2026-03-28 12:23:50.952,647.550,0,7,10,-67.88,1,1,0,1,1,1,1,1
2026-03-28 12:23:51.032,647.631,-1,10,10,-69.54,1,1,0,1,1,1,1,1
2026-03-28 12:23:51.144,647.743,-1,10,10,-65.64,1,1,0,1,1,1,1,1
2026-03-28 12:23:51.192,647.791,-2,7,10,-65.38,1,1,0,1,1,1,1,1
2026-03-28 12:23:51.272,647.871,-2,10,8,-70.07,1,1,0,1,1,1,1,1
2026-03-28 12:23:51.400,647.999,-2,10,10,-68.13,1,1,0,1,1,1,1,1
2026-03-28 12:23:51.497,648.095,-2,10,10,-65.17,1,1,0,1,1,1,1,1
2026-03-28 12:23:51.529,648.127,-2,10,10,-69.69,1,1,0,1,1,1,1,1
2026-03-28 12:23:51.640,648.239,-2,10,10,-70.07,1,1,0,1,1,1,1,1
2026-03-28 12:23:51.736,648.335,-1,10,10,-66.39,1,1,0,1,1,1,1,1
2026-03-28 12:23:51.752,648.350,-2,10,11,-67.97,1,1,0,1,1,1,1,1
2026-03-28 12:23:51.847,648.446,-2,10,10,-67.97,1,1,0,1,1,1,1,1
2026-03-28 12:23:51.944,648.543,-2,10,8,-66.71,1,1,0,1,1,1,1,1
2026-03-28 12:23:51.976,648.574,-2,10,10,-71.41,1,1,0,1,1,1,1,1
2026-03-28 12:23:52.056,648.655,-2,10,10,-65.24,1,1,0,1,1,1,1,1
2026-03-28 12:23:52.152,648.750,-2,7,10,-67.56,1,1,0,1,1,1,1,1
2026-03-28 12:23:52.216,648.815,-2,10,10,-68.07,1,1,0,1,1,1,1,1
2026-03-28 12:23:52.280,648.879,-2,10,10,-66.91,1,1,0,1,1,1,1,1
2026-03-28 12:23:52.424,649.023,0,10,10,-69.53,1,1,0,1,1,1,1,1
2026-03-28 12:23:52.456,649.055,-2,10,10,-69.58,1,1,0,1,1,1,1,1
2026-03-28 12:23:52.520,649.119,-2,7,10,-73.63,1,1,0,1,1,1,1,1
2026-03-28 12:23:52.632,649.231,-2,7,10,-66.58,1,1,0,1,1,1,1,1
2026-03-28 12:23:52.712,649.311,-2,10,10,-69.14,1,1,0,1,1,1,1,1
2026-03-28 12:23:52.761,649.359,-2,7,10,-64.38,1,1,0,1,1,1,1,1
2026-03-28 12:23:52.855,649.454,-2,10,10,-68.85,1,1,0,1,1,1,1,1
2026-03-28 12:23:52.936,649.535,0,7,10,-71.48,1,1,0,1,1,1,1,1
2026-03-28 12:23:52.984,649.583,0,7,10,-66.74,1,1,0,1,1,1,1,1
2026-03-28 12:23:53.112,649.711,0,7,10,-66.6,1,1,0,1,1,1,1,1
2026-03-28 12:23:53.129,649.727,-1,10,10,-70.11,1,1,0,1,1,1,1,1
2026-03-28 12:23:53.240,649.839,0,7,10,-66.46,1,1,0,1,1,1,1,1
2026-03-28 12:23:53.288,649.886,0,10,10,-70.35,1,1,0,1,1,1,1,1
2026-03-28 12:23:53.416,650.015,0,10,10,-66.89,1,1,0,1,1,1,1,1
2026-03-28 12:23:53.481,650.079,0,7,10,-68.72,1,1,0,1,1,1,1,1
2026-03-28 12:23:53.528,650.127,0,7,10,-70.28,1,1,0,1,1,1,1,1
2026-03-28 12:23:53.624,650.223,-2,10,10,-68.06,1,1,0,1,1,1,1,1
2026-03-28 12:23:53.720,650.319,0,10,10,-67.79,1,1,0,1,1,1,1,1
2026-03-28 12:23:53.768,650.366,0,10,10,-64.75,1,1,0,1,1,1,1,1
2026-03-28 12:23:53.912,650.511,-2,10,10,-68.42,1,1,0,1,1,1,1,1
2026-03-28 12:23:53.944,650.543,-2,10,10,-68.06,1,1,0,1,1,1,1,1
2026-03-28 12:23:54.040,650.638,-2,7,10,-70.72,1,1,0,1,1,1,1,1
2026-03-28 12:23:54.136,650.734,0,10,10,-67.31,1,1,0,1,1,1,1,1
2026-03-28 12:23:54.200,650.799,0,10,8,-67.68,1,1,0,1,1,1,1,1
2026-03-28 12:23:54.311,650.910,0,7,10,-68.19,1,1,0,1,1,1,1,1
2026-03-28 12:23:54.423,651.022,0,10,10,-68.15,1,1,0,1,1,1,1,1
2026-03-28 12:23:54.456,651.055,0,7,10,-68.05,1,1,0,1,1,1,1,1
2026-03-28 12:23:54.552,651.150,-2,10,10,-64.83,1,1,0,1,1,1,1,1
2026-03-28 12:23:54.584,651.183,-2,10,10,-70.01,1,1,0,1,1,1,1,1
2026-03-28 12:23:54.664,651.262,0,10,10,-71.08,1,1,0,1,1,1,1,1
2026-03-28 12:23:54.775,651.374,-2,10,10,-66.46,1,1,0,1,1,1,1,1
2026-03-28 12:23:54.839,651.438,0,10,10,-71.94,1,1,0,1,1,1,1,1
2026-03-28 12:23:54.920,651.518,0,10,8,-66.75,1,1,0,1,1,1,1,1
2026-03-28 12:23:55.048,651.647,-2,10,10,-67.6,1,1,0,1,1,1,1,1
2026-03-28 12:23:55.096,651.695,-2,10,10,-66.16,1,1,0,1,1,1,1,1
2026-03-28 12:23:55.192,651.791,-2,10,10,-67.99,1,1,0,1,1,1,1,1
2026-03-28 12:23:55.288,651.886,0,7,10,-64.94,1,1,0,1,1,1,1,1
2026-03-28 12:23:55.400,651.999,-2,7,10,-65.25,1,1,0,1,1,1,1,1
2026-03-28 12:23:55.448,652.046,0,10,10,-69.27,1,1,0,1,1,1,1,1
2026-03-28 12:23:55.512,652.110,0,10,10,-68.59,1,1,0,1,1,1,1,1
2026-03-28 12:23:55.624,652.222,-2,10,10,-71.05,1,1,0,1,1,1,1,1
2026-03-28 12:23:55.704,652.303,-2,10,8,-69.64,1,1,0,1,1,1,1,1
2026-03-28 12:23:55.767,652.366,0,10,8,-64.97,1,1,0,1,1,1,1,1
2026-03-28 12:23:55.816,652.414,-2,7,10,-68.26,1,1,0,1,1,1,1,1
2026-03-28 12:23:55.928,652.526,0,10,10,-69.15,1,1,0,1,1,1,1,1
2026-03-28 12:23:55.992,652.591,0,10,10,-67.82,1,1,0,1,1,1,1,1
2026-03-28 12:23:56.056,652.654,-2,7,10,-67.89,1,1,0,1,1,1,1,1
2026-03-28 12:23:56.152,652.751,-2,10,10,-66.6,1,1,0,1,1,1,1,1
2026-03-28 12:23:56.200,652.798,-2,7,10,-66.33,1,1,0,1,1,1,1,1
2026-03-28 12:23:56.296,652.894,0,10,10,-66.99,1,1,0,1,1,1,1,1
2026-03-28 12:23:56.360,652.959,0,10,8,-64.26,1,1,0,1,1,1,1,1
2026-03-28 12:23:56.488,653.086,0,7,10,-72.76,1,1,0,1,1,1,1,1
2026-03-28 12:23:56.583,653.182,-2,7,10,-64.57,1,1,0,1,1,1,1,1
2026-03-28 12:23:56.648,653.247,-2,7,10,-68.05,1,1,0,1,1,1,1,1
2026-03-28 12:23:56.744,653.343,-1,10,10,-66.05,1,1,0,1,1,1,1,1
2026-03-28 12:23:56.824,653.422,-2,10,10,-65.26,1,1,0,1,1,1,1,1
2026-03-28 12:23:56.920,653.518,0,10,10,-69.22,1,1,0,1,1,1,1,1
2026-03-28 12:23:56.984,653.582,0,7,10,-64.24,1,1,0,1,1,1,1,1
2026-03-28 12:23:57.096,653.694,-2,10,8,-64.63,1,1,0,1,1,1,1,1
2026-03-28 12:23:57.113,653.711,-2,10,10,-68.64,1,1,0,1,1,1,1,1
2026-03-28 12:23:57.272,653.870,-2,10,10,-69.04,1,1,0,1,1,1,1,1
2026-03-28 12:23:57.288,653.886,0,10,10,-65.36,1,1,0,1,1,1,1,1
2026-03-28 12:23:57.400,653.998,-1,7,10,-69.39,1,1,0,1,1,1,1,1
2026-03-28 12:23:57.480,654.078,-2,7,10,-66.38,1,1,0,1,1,1,1,1
2026-03-28 12:23:57.560,654.158,-2,10,10,-66.74,1,1,0,1,1,1,1,1
2026-03-28 12:23:57.608,654.206,0,7,10,-69.67,1,1,0,1,1,1,1,1
2026-03-28 12:23:57.672,654.270,-2,7,10,-67.7,1,1,0,1,1,1,1,1
2026-03-28 12:23:57.783,654.382,0,10,10,-66.02,1,1,0,1,1,1,1,1
2026-03-28 12:23:57.864,654.462,-2,10,10,-67.96,1,1,0,1,1,1,1,1
2026-03-28 12:23:57.976,654.575,-2,10,10,-69.05,1,1,0,1,1,1,1,1
2026-03-28 12:23:57.992,654.590,-2,10,10,-71.92,1,1,0,1,1,1,1,1
2026-03-28 12:23:58.119,654.718,-2,10,10,-71.45,1,1,0,1,1,1,1,1
2026-03-28 12:23:58.152,654.750,-2,10,10,-65.08,1,1,0,1,1,1,1,1
2026-03-28 12:23:58.360,654.958,0,7,10,-69.0,1,1,0,1,1,1,1,1
2026-03-28 12:23:58.424,655.022,-2,7,10,-66.15,1,1,0,1,1,1,1,1
2026-03-28 12:23:58.488,655.086,-2,10,10,-67.58,1,1,0,1,1,1,1,1
2026-03-28 12:23:58.536,655.134,-2,7,10,-70.37,1,1,0,1,1,1,1,1
2026-03-28 12:23:58.664,655.263,-2,10,10,-65.55,1,1,0,1,1,1,1,1
2026-03-28 12:23:58.728,655.327,-2,10,10,-70.49,1,1,0,1,1,1,1,1
2026-03-28 12:23:58.792,655.390,-2,7,10,-65.64,1,1,0,1,1,1,1,1
2026-03-28 12:23:58.872,655.470,-2,7,10,-66.63,1,1,0,1,1,1,1,1
2026-03-28 12:23:58.919,655.518,-1,10,10,-65.67,1,1,0,1,1,1,1,1
2026-03-28 12:23:59.080,655.678,0,10,10,-69.11,1,1,0,1,1,1,1,1
2026-03-28 12:23:59.144,655.743,-2,10,10,-74.47,1,1,0,1,1,1,1,1
2026-03-28 12:23:59.192,655.790,-2,7,10,-65.19,1,1,0,1,1,1,1,1
2026-03-28 12:23:59.256,655.854,-1,7,10,-66.79,1,1,0,1,1,1,1,1
2026-03-28 12:23:59.400,655.998,-2,7,10,-67.87,1,1,0,1,1,1,1,1
2026-03-28 12:23:59.432,656.030,-2,10,10,-66.4,1,1,0,1,1,1,1,1
2026-03-28 12:23:59.528,656.126,0,7,10,-71.42,1,1,0,1,1,1,1,1
2026-03-28 12:23:59.624,656.222,-2,7,10,-67.55,1,1,0,1,1,1,1,1
2026-03-28 12:23:59.656,656.254,-2,10,8,-66.24,1,1,0,1,1,1,1,1
2026-03-28 12:23:59.800,656.398,-2,7,8,-65.48,1,1,0,1,1,1,1,1
2026-03-28 12:23:59.848,656.446,0,7,10,-68.84,1,1,0,1,1,1,1,1
2026-03-28 12:23:59.976,656.574,-2,7,10,-64.24,1,1,0,1,1,1,1,1
2026-03-28 12:24:00.056,656.654,-1,10,10,-62.94,1,1,0,1,1,1,1,1
2026-03-28 12:24:00.168,656.766,0,10,8,-72.58,1,1,0,1,1,1,1,1
2026-03-28 12:24:00.200,656.798,-2,7,10,-70.51,1,1,0,1,1,1,1,1
2026-03-28 12:24:00.280,656.878,-2,7,10,-62.94,1,1,0,1,1,1,1,1
2026-03-28 12:24:00.360,656.959,-2,10,10,-66.47,1,1,0,1,1,1,1,1
2026-03-28 12:24:00.423,657.022,-2,7,10,-69.78,1,1,0,1,1,1,1,1
2026-03-28 12:24:00.520,657.118,-2,7,8,-68.24,1,1,0,1,1,1,1,1
2026-03-28 12:24:00.584,657.182,-2,7,10,-70.02,1,1,0,1,1,1,1,1
2026-03-28 12:24:00.664,657.262,-2,9,10,-69.49,1,1,0,1,1,1,1,1
2026-03-28 12:24:00.744,657.342,0,7,10,-69.35,1,1,0,1,1,1,1,1
2026-03-28 12:24:00.792,657.390,0,7,10,-67.68,1,1,0,1,1,1,1,1
2026-03-28 12:24:00.887,657.485,0,10,10,-66.99,1,1,0,1,1,1,1,1
2026-03-28 12:24:00.935,657.533,-2,10,10,-68.96,1,1,0,1,1,1,1,1
2026-03-28 12:24:01.000,657.598,0,10,11,-68.2,1,1,0,1,1,1,1,1
2026-03-28 12:24:01.096,657.695,-1,7,11,-68.23,1,1,0,1,1,1,1,1
2026-03-28 12:24:01.192,657.790,-2,7,10,-66.65,1,1,0,1,1,1,1,1
2026-03-28 12:24:01.224,657.822,-2,10,10,-64.99,1,1,0,1,1,1,1,1
2026-03-28 12:24:01.272,657.870,-1,7,10,-68.75,1,1,0,1,1,1,1,1
2026-03-28 12:24:01.384,657.982,-2,7,10,-67.73,1,1,0,1,1,1,1,1
2026-03-28 12:24:01.432,658.030,0,10,10,-73.53,1,1,0,1,1,1,1,1
2026-03-28 12:24:01.528,658.126,-2,10,10,-67.85,1,1,0,1,1,1,1,1
2026-03-28 12:24:01.608,658.206,0,10,11,-68.52,1,1,0,1,1,1,1,1
2026-03-28 12:24:01.704,658.302,-2,10,10,-66.46,1,1,0,1,1,1,1,1
2026-03-28 12:24:01.768,658.366,-2,7,10,-66.93,1,1,0,1,1,1,1,1
2026-03-28 12:24:01.832,658.430,-1,10,10,-65.85,1,1,0,1,1,1,1,1
2026-03-28 12:24:01.992,658.590,-2,7,10,-71.28,1,1,0,1,1,1,1,1
2026-03-28 12:24:02.056,658.654,0,10,10,-68.04,1,1,0,1,1,1,1,1
2026-03-28 12:24:02.104,658.702,0,7,10,-67.39,1,1,0,1,1,1,1,1
2026-03-28 12:24:02.264,658.862,0,10,10,-65.01,1,1,0,1,1,1,1,1
2026-03-28 12:24:02.312,658.910,0,10,10,-68.43,1,1,0,1,1,1,1,1
2026-03-28 12:24:02.344,658.942,-2,10,11,-68.89,1,1,0,1,1,1,1,1
2026-03-28 12:24:02.456,659.054,0,10,10,-69.8,1,1,0,1,1,1,1,1
2026-03-28 12:24:02.520,659.118,-1,7,10,-68.83,1,1,0,1,1,1,1,1
2026-03-28 12:24:02.568,659.167,0,10,10,-62.4,1,1,0,1,1,1,1,1
2026-03-28 12:24:02.632,659.230,-1,10,10,-69.61,1,1,0,1,1,1,1,1
2026-03-28 12:24:02.760,659.358,-2,10,10,-67.29,1,1,0,1,1,1,1,1
2026-03-28 12:24:02.840,659.438,0,10,10,-68.59,1,1,0,1,1,1,1,1
2026-03-28 12:24:02.887,659.486,0,10,11,-66.87,1,1,0,1,1,1,1,1
2026-03-28 12:24:02.968,659.566,-1,10,10,-65.67,1,1,0,1,1,1,1,1
2026-03-28 12:24:03.095,659.693,-1,10,10,-63.98,1,1,0,1,1,1,1,1
2026-03-28 12:24:03.128,659.726,-1,10,11,-68.82,1,1,0,1,1,1,1,1
2026-03-28 12:24:03.208,659.806,-1,7,10,-68.94,1,1,0,1,1,1,1,1
2026-03-28 12:24:03.256,659.854,0,10,8,-66.65,1,1,0,1,1,1,1,1
2026-03-28 12:24:03.352,659.950,-2,7,8,-68.71,1,1,0,1,1,1,1,1
2026-03-28 12:24:03.480,660.078,-2,7,10,-69.47,1,1,0,1,1,1,1,1
2026-03-28 12:24:03.543,660.142,0,10,10,-66.15,1,1,0,1,1,1,1,1
2026-03-28 12:24:03.545,660.144,-2,10,10,-69.35,1,1,0,1,1,1,1,1
2026-03-28 12:24:03.624,660.222,-2,7,10,-68.07,1,1,0,1,1,1,1,1
2026-03-28 12:24:03.736,660.334,-2,7,10,-68.58,1,1,0,1,1,1,1,1
2026-03-28 12:24:03.832,660.430,-2,7,10,-66.44,1,1,0,1,1,1,1,1
2026-03-28 12:24:03.944,660.542,0,10,8,-65.12,1,1,0,1,1,1,1,1
2026-03-28 12:24:04.007,660.606,-2,10,10,-63.56,1,1,0,1,1,1,1,1
2026-03-28 12:24:04.088,660.686,-2,10,10,-66.01,1,1,0,1,1,1,1,1
2026-03-28 12:24:04.136,660.734,-1,7,10,-69.51,1,1,0,1,1,1,1,1
2026-03-28 12:24:04.231,660.829,-2,7,10,-65.42,1,1,0,1,1,1,1,1
2026-03-28 12:24:04.328,660.926,-2,10,10,-67.07,1,1,0,1,1,1,1,1
2026-03-28 12:24:04.391,660.989,0,7,10,-69.44,1,1,0,1,1,1,1,1
2026-03-28 12:24:04.456,661.054,-1,7,10,-67.56,1,1,0,1,1,1,1,1
2026-03-28 12:24:04.584,661.182,-2,10,10,-64.8,1,1,0,1,1,1,1,1
2026-03-28 12:24:04.616,661.214,-2,7,8,-68.9,1,1,0,1,1,1,1,1
2026-03-28 12:24:04.712,661.310,0,10,10,-67.49,1,1,0,1,1,1,1,1
2026-03-28 12:24:04.808,661.406,0,10,10,-66.68,1,1,0,1,1,1,1,1
2026-03-28 12:24:04.919,661.518,-1,7,10,-69.65,1,1,0,1,1,1,1,1
2026-03-28 12:24:04.952,661.550,-2,7,10,-68.18,1,1,0,1,1,1,1,1
2026-03-28 12:24:05.016,661.614,-2,10,10,-66.04,1,1,0,1,1,1,1,1
2026-03-28 12:24:05.144,661.742,-2,10,10,-69.81,1,1,0,1,1,1,1,1
2026-03-28 12:24:05.272,661.870,-2,7,10,-71.96,1,1,0,1,1,1,1,1
2026-03-28 12:24:05.288,661.886,-2,7,10,-64.99,1,1,0,1,1,1,1,1
2026-03-28 12:24:05.399,661.997,-2,10,10,-70.07,1,1,0,1,1,1,1,1
2026-03-28 12:24:05.464,662.062,-2,10,10,-63.73,1,1,0,1,1,1,1,1
2026-03-28 12:24:05.528,662.126,-1,10,11,-71.57,1,1,0,1,1,1,1,1
2026-03-28 12:24:05.640,662.238,-2,10,10,-65.35,1,1,0,1,1,1,1,1
2026-03-28 12:24:05.752,662.350,0,7,10,-68.12,1,1,0,1,1,1,1,1
2026-03-28 12:24:05.832,662.430,-2,7,10,-70.4,1,1,0,1,1,1,1,1
2026-03-28 12:24:05.912,662.510,-1,10,10,-68.58,1,1,0,1,1,1,1,1
2026-03-28 12:24:06.023,662.622,0,10,8,-62.71,1,1,0,1,1,1,1,1
2026-03-28 12:24:06.103,662.702,0,10,10,-64.7,1,1,0,1,1,1,1,1
2026-03-28 12:24:06.135,662.734,0,7,10,-67.86,1,1,0,1,1,1,1,1
2026-03-28 12:24:06.247,662.845,0,10,10,-65.87,1,1,0,1,1,1,1,1
2026-03-28 12:24:06.280,662.879,-2,10,10,-66.76,1,1,0,1,1,1,1,1
2026-03-28 12:24:06.408,663.006,-2,10,10,-68.61,1,1,0,1,1,1,1,1
2026-03-28 12:24:06.455,663.053,-1,7,10,-68.19,1,1,0,1,1,1,1,1
2026-03-28 12:24:06.552,663.150,-2,7,10,-61.96,1,1,0,1,1,1,1,1
2026-03-28 12:24:06.615,663.214,-1,10,10,-65.99,1,1,0,1,1,1,1,1
2026-03-28 12:24:06.728,663.326,-2,10,10,-64.79,1,1,0,1,1,1,1,1
2026-03-28 12:24:06.807,663.405,-2,10,10,-64.88,1,1,0,1,1,1,1,1
2026-03-28 12:24:06.887,663.486,-2,10,10,-65.22,1,1,0,1,1,1,1,1
2026-03-28 12:24:06.935,663.534,0,7,10,-67.36,1,1,0,1,1,1,1,1
2026-03-28 12:24:07.015,663.614,0,10,8,-63.6,1,1,0,1,1,1,1,1
2026-03-28 12:24:07.079,663.677,-2,10,10,-71.38,1,1,0,1,1,1,1,1
2026-03-28 12:24:07.175,663.774,0,7,10,-69.76,1,1,0,1,1,1,1,1
2026-03-28 12:24:07.303,663.902,0,7,8,-66.16,1,1,0,1,1,1,1,1
2026-03-28 12:24:07.367,663.966,0,10,8,-72.08,1,1,0,1,1,1,1,1
2026-03-28 12:24:07.463,664.062,-2,10,10,-68.38,1,1,0,1,1,1,1,1
2026-03-28 12:24:07.496,664.094,-2,7,10,-70.17,1,1,0,1,1,1,1,1
2026-03-28 12:24:07.576,664.174,0,10,10,-65.63,1,1,0,1,1,1,1,1
2026-03-28 12:24:07.703,664.301,0,10,10,-66.79,1,1,0,1,1,1,1,1
2026-03-28 12:24:07.751,664.350,-1,10,10,-66.0,1,1,0,1,1,1,1,1
2026-03-28 12:24:07.815,664.414,0,10,10,-68.49,1,1,0,1,1,1,1,1
2026-03-28 12:24:07.927,664.526,0,7,10,-69.59,1,1,0,1,1,1,1,1
2026-03-28 12:24:08.087,664.685,0,7,8,-65.78,1,1,0,1,1,1,1,1
2026-03-28 12:24:08.119,664.718,-2,7,10,-63.44,1,1,0,1,1,1,1,1
2026-03-28 12:24:08.167,664.765,0,7,11,-70.96,1,1,0,1,1,1,1,1
2026-03-28 12:24:08.263,664.862,-1,10,10,-67.24,1,1,0,1,1,1,1,1
2026-03-28 12:24:08.359,664.958,-2,10,10,-64.71,1,1,0,1,1,1,1,1
2026-03-28 12:24:08.455,665.054,0,7,10,-69.31,1,1,0,1,1,1,1,1
2026-03-28 12:24:08.567,665.166,0,10,10,-68.07,1,1,0,1,1,1,1,1
2026-03-28 12:24:08.599,665.197,0,10,10,-65.54,1,1,0,1,1,1,1,1
2026-03-28 12:24:08.647,665.246,-1,7,10,-63.94,1,1,0,1,1,1,1,1
2026-03-28 12:24:08.727,665.326,0,7,11,-70.56,1,1,0,1,1,1,1,1
2026-03-28 12:24:08.792,665.390,-2,7,10,-66.56,1,1,0,1,1,1,1,1
2026-03-28 12:24:08.855,665.454,-1,7,10,-65.24,1,1,0,1,1,1,1,1
2026-03-28 12:24:09.015,665.614,0,10,10,-66.69,1,1,0,1,1,1,1,1
2026-03-28 12:24:09.127,665.726,0,7,8,-67.85,1,1,0,1,1,1,1,1
2026-03-28 12:24:09.175,665.774,0,7,8,-66.08,1,1,0,1,1,1,1,1
2026-03-28 12:24:09.287,665.885,-2,7,11,-65.48,1,1,0,1,1,1,1,1
2026-03-28 12:24:09.367,665.966,-2,10,10,-71.17,1,1,0,1,1,1,1,1
2026-03-28 12:24:09.415,666.014,-2,7,10,-64.92,1,1,0,1,1,1,1,1
2026-03-28 12:24:09.559,666.158,-2,7,10,-67.8,1,1,0,1,1,1,1,1
2026-03-28 12:24:09.591,666.190,-2,7,11,-66.7,1,1,0,1,1,1,1,1
2026-03-28 12:24:09.703,666.301,-2,7,10,-66.03,1,1,0,1,1,1,1,1
2026-03-28 12:24:09.767,666.365,0,7,10,-66.42,1,1,0,1,1,1,1,1
2026-03-28 12:24:09.847,666.446,0,10,10,-65.06,1,1,0,1,1,1,1,1
2026-03-28 12:24:09.943,666.542,0,7,10,-67.51,1,1,0,1,1,1,1,1
2026-03-28 12:24:09.991,666.590,-2,7,10,-65.85,1,1,0,1,1,1,1,1
2026-03-28 12:24:10.071,666.670,0,7,8,-63.18,1,1,0,1,1,1,1,1
2026-03-28 12:24:10.151,666.750,-1,10,10,-70.77,1,1,0,1,1,1,1,1
2026-03-28 12:24:10.279,666.878,-1,7,10,-68.65,1,1,0,1,1,1,1,1
2026-03-28 12:24:10.327,666.926,0,10,10,-62.94,1,1,0,1,1,1,1,1
2026-03-28 12:24:10.407,667.006,0,10,10,-68.39,1,1,0,1,1,1,1,1
2026-03-28 12:24:10.519,667.117,0,10,8,-63.05,1,1,0,1,1,1,1,1
2026-03-28 12:24:10.583,667.181,-2,10,10,-67.06,1,1,0,1,1,1,1,1
2026-03-28 12:24:10.679,667.277,-1,10,10,-63.34,1,1,0,1,1,1,1,1
2026-03-28 12:24:10.775,667.374,0,10,10,-64.83,1,1,0,1,1,1,1,1
2026-03-28 12:24:10.823,667.422,0,7,8,-66.8,1,1,0,1,1,1,1,1
2026-03-28 12:24:10.903,667.502,0,10,10,-69.41,1,1,0,1,1,1,1,1
2026-03-28 12:24:10.967,667.566,0,10,10,-70.4,1,1,0,1,1,1,1,1
2026-03-28 12:24:11.063,667.662,-2,10,11,-70.39,1,1,0,1,1,1,1,1
2026-03-28 12:24:11.159,667.758,0,7,10,-70.07,1,1,0,1,1,1,1,1
2026-03-28 12:24:11.223,667.822,0,10,10,-71.97,1,1,0,1,1,1,1,1
2026-03-28 12:24:11.287,667.886,-2,10,8,-65.27,1,1,0,1,1,1,1,1
2026-03-28 12:24:11.399,667.998,-2,10,10,-67.07,1,1,0,1,1,1,1,1
2026-03-28 12:24:11.479,668.077,0,10,10,-68.88,1,1,0,1,1,1,1,1
2026-03-28 12:24:11.575,668.174,-1,10,10,-68.41,1,1,0,1,1,1,1,1
2026-03-28 12:24:11.607,668.206,-2,7,10,-71.19,1,1,0,1,1,1,1,1
2026-03-28 12:24:11.703,668.302,-1,10,8,-67.45,1,1,0,1,1,1,1,1
2026-03-28 12:24:11.815,668.414,0,7,10,-66.9,1,1,0,1,1,1,1,1
2026-03-28 12:24:11.896,668.494,0,7,10,-63.8,1,1,0,1,1,1,1,1
2026-03-28 12:24:11.943,668.542,-1,10,10,-65.48,1,1,0,1,1,1,1,1
2026-03-28 12:24:12.007,668.606,-2,10,10,-70.2,1,1,0,1,1,1,1,1
2026-03-28 12:24:12.087,668.685,-1,10,11,-67.47,1,1,0,1,1,1,1,1
2026-03-28 12:24:12.135,668.734,-1,10,10,-65.93,1,1,0,1,1,1,1,1
2026-03-28 12:24:12.199,668.798,0,7,10,-67.97,1,1,0,1,1,1,1,1
2026-03-28 12:24:12.296,668.894,0,7,10,-68.12,1,1,0,1,1,1,1,1
2026-03-28 12:24:12.375,668.973,0,10,10,-67.04,1,1,0,1,1,1,1,1
2026-03-28 12:24:12.487,669.086,-2,7,10,-65.04,1,1,0,1,1,1,1,1
2026-03-28 12:24:12.519,669.118,0,10,11,-66.95,1,1,0,1,1,1,1,1
2026-03-28 12:24:12.567,669.166,-1,10,10,-65.86,1,1,0,1,1,1,1,1
2026-03-28 12:24:12.759,669.358,-2,7,8,-68.46,1,1,0,1,1,1,1,1
2026-03-28 12:24:12.791,669.390,0,10,8,-66.71,1,1,0,1,1,1,1,1
2026-03-28 12:24:12.950,669.549,-1,10,10,-67.5,1,1,0,1,1,1,1,1
2026-03-28 12:24:12.967,669.566,0,10,8,-64.31,1,1,0,1,1,1,1,1
2026-03-28 12:24:13.079,669.677,0,10,10,-66.0,1,1,0,1,1,1,1,1
2026-03-28 12:24:13.127,669.726,-2,10,10,-67.24,1,1,0,1,1,1,1,1
2026-03-28 12:24:13.207,669.806,-2,7,10,-67.84,1,1,0,1,1,1,1,1
2026-03-28 12:24:13.287,669.886,0,7,10,-66.81,1,1,0,1,1,1,1,1
2026-03-28 12:24:13.319,669.918,0,10,10,-72.11,1,1,0,1,1,1,1,1
2026-03-28 12:24:13.447,670.045,-2,10,8,-66.26,1,1,0,1,1,1,1,1
2026-03-28 12:24:13.511,670.110,0,10,8,-65.67,1,1,0,1,1,1,1,1
2026-03-28 12:24:13.606,670.205,0,10,10,-70.9,1,1,0,1,1,1,1,1
2026-03-28 12:24:13.639,670.238,0,7,10,-66.48,1,1,0,1,1,1,1,1
2026-03-28 12:24:13.735,670.333,0,7,10,-72.4,1,1,0,1,1,1,1,1
2026-03-28 12:24:13.799,670.398,0,7,10,-70.65,1,1,0,1,1,1,1,1
2026-03-28 12:24:13.863,670.462,0,10,8,-65.11,1,1,0,1,1,1,1,1
2026-03-28 12:24:13.927,670.525,0,10,10,-68.87,1,1,0,1,1,1,1,1
2026-03-28 12:24:14.023,670.622,-2,7,10,-71.53,1,1,0,1,1,1,1,1
2026-03-28 12:24:14.086,670.685,-1,10,10,-68.56,1,1,0,1,1,1,1,1
2026-03-28 12:24:14.231,670.830,0,10,10,-68.71,1,1,0,1,1,1,1,1
2026-03-28 12:24:14.295,670.894,0,7,10,-68.13,1,1,0,1,1,1,1,1
2026-03-28 12:24:14.359,670.957,-2,10,8,-64.04,1,1,0,1,1,1,1,1
2026-03-28 12:24:14.439,671.037,-2,10,10,-66.96,1,1,0,1,1,1,1,1
2026-03-28 12:24:14.519,671.117,0,10,8,-69.16,1,1,0,1,1,1,1,1
2026-03-28 12:24:14.599,671.197,0,10,8,-64.32,1,1,0,1,1,1,1,1
2026-03-28 12:24:14.680,671.278,-2,10,10,-66.77,1,1,0,1,1,1,1,1
2026-03-28 12:24:14.759,671.358,-2,10,10,-68.29,1,1,0,1,1,1,1,1
2026-03-28 12:24:14.887,671.485,-2,10,8,-67.83,1,1,0,1,1,1,1,1
2026-03-28 12:24:14.935,671.533,0,10,10,-67.47,1,1,0,1,1,1,1,1
2026-03-28 12:24:14.999,671.597,0,7,11,-65.05,1,1,0,1,1,1,1,1
2026-03-28 12:24:15.031,671.629,0,10,10,-69.52,1,1,0,1,1,1,1,1
2026-03-28 12:24:15.158,671.757,-1,10,10,-68.09,1,1,0,1,1,1,1,1
2026-03-28 12:24:15.191,671.789,-1,7,10,-66.89,1,1,0,1,1,1,1,1
2026-03-28 12:24:15.256,671.854,0,10,10,-68.95,1,1,0,1,1,1,1,1
2026-03-28 12:24:15.351,671.949,1,10,8,-66.49,1,1,0,1,1,1,1,1
2026-03-28 12:24:15.511,672.110,0,10,8,-65.93,1,1,0,1,1,1,1,1
2026-03-28 12:24:15.591,672.190,-1,10,8,-67.74,1,1,0,1,1,1,1,1
2026-03-28 12:24:15.670,672.269,-2,10,10,-67.33,1,1,0,1,1,1,1,1
2026-03-28 12:24:15.735,672.333,-1,10,10,-70.42,1,1,0,1,1,1,1,1
2026-03-28 12:24:15.831,672.429,0,10,10,-65.71,1,1,0,1,1,1,1,1
2026-03-28 12:24:15.943,672.541,-2,7,8,-70.74,1,1,0,1,1,1,1,1
2026-03-28 12:24:15.958,672.557,-1,10,10,-68.63,1,1,0,1,1,1,1,1
2026-03-28 12:24:16.023,672.621,-2,10,10,-69.68,1,1,0,1,1,1,1,1
2026-03-28 12:24:16.135,672.733,-2,7,10,-69.77,1,1,0,1,1,1,1,1
2026-03-28 12:24:16.231,672.829,-2,10,10,-71.03,1,1,0,1,1,1,1,1
2026-03-28 12:24:16.263,672.862,-2,10,10,-66.97,1,1,0,1,1,1,1,1
2026-03-28 12:24:16.359,672.957,-2,10,8,-70.73,1,1,0,1,1,1,1,1
2026-03-28 12:24:16.422,673.021,-1,7,10,-65.63,1,1,0,1,1,1,1,1
2026-03-28 12:24:16.519,673.117,-2,7,10,-67.75,1,1,0,1,1,1,1,1
2026-03-28 12:24:16.615,673.214,-2,10,10,-68.78,1,1,0,1,1,1,1,1
2026-03-28 12:24:16.663,673.262,0,10,10,-69.61,1,1,0,1,1,1,1,1
2026-03-28 12:24:16.727,673.325,0,7,10,-64.84,1,1,0,1,1,1,1,1
2026-03-28 12:24:16.807,673.406,0,7,10,-64.37,1,1,0,1,1,1,1,1
2026-03-28 12:24:16.934,673.533,0,7,10,-70.1,1,1,0,1,1,1,1,1
2026-03-28 12:24:17.031,673.629,0,7,8,-62.95,1,1,0,1,1,1,1,1
2026-03-28 12:24:17.110,673.709,-2,10,7,-68.78,1,1,0,1,1,1,1,1
2026-03-28 12:24:17.112,673.711,0,10,10,-72.77,1,1,0,1,1,1,1,1
2026-03-28 12:24:17.191,673.789,-2,10,8,-68.08,1,1,0,1,1,1,1,1
2026-03-28 12:24:17.319,673.917,0,7,8,-67.3,1,1,0,1,1,1,1,1
2026-03-28 12:24:17.351,673.949,0,7,10,-66.76,1,1,0,1,1,1,1,1
2026-03-28 12:24:17.479,674.077,0,7,10,-66.72,1,1,0,1,1,1,1,1
2026-03-28 12:24:17.527,674.125,0,10,8,-67.4,1,1,0,1,1,1,1,1
2026-03-28 12:24:17.639,674.237,-2,10,8,-70.35,1,1,0,1,1,1,1,1
2026-03-28 12:24:17.719,674.317,-1,10,10,-68.13,1,1,0,1,1,1,1,1
2026-03-28 12:24:17.799,674.397,0,10,8,-67.46,1,1,0,1,1,1,1,1
2026-03-28 12:24:17.895,674.493,0,10,10,-66.57,1,1,0,1,1,1,1,1
2026-03-28 12:24:17.943,674.541,0,7,11,-66.49,1,1,0,1,1,1,1,1
2026-03-28 12:24:18.006,674.605,0,10,10,-72.4,1,1,0,1,1,1,1,1
2026-03-28 12:24:18.102,674.701,0,10,10,-67.3,1,1,0,1,1,1,1,1
2026-03-28 12:24:18.167,674.765,-1,10,10,-67.27,1,1,0,1,1,1,1,1
2026-03-28 12:24:18.263,674.861,0,7,10,-69.51,1,1,0,1,1,1,1,1
2026-03-28 12:24:18.295,674.893,0,10,8,-71.19,1,1,0,1,1,1,1,1
2026-03-28 12:24:18.375,674.973,-1,10,8,-70.37,1,1,0,1,1,1,1,1
2026-03-28 12:24:18.487,675.085,0,10,8,-66.71,1,1,0,1,1,1,1,1
2026-03-28 12:24:18.583,675.181,0,7,9,-70.9,1,1,0,1,1,1,1,1
2026-03-28 12:24:18.679,675.278,-1,10,11,-68.32,1,1,0,1,1,1,1,1
2026-03-28 12:24:18.695,675.294,-1,10,8,-66.83,1,1,0,1,1,1,1,1
2026-03-28 12:24:18.775,675.373,-2,7,8,-68.11,1,1,0,1,1,1,1,1
2026-03-28 12:24:18.871,675.469,-2,7,8,-65.92,1,1,0,1,1,1,1,1
2026-03-28 12:24:18.919,675.517,0,10,8,-68.75,1,1,0,1,1,1,1,1
2026-03-28 12:24:19.079,675.677,-1,7,7,-67.97,1,1,0,1,1,1,1,1
2026-03-28 12:24:19.159,675.757,-2,10,10,-63.65,1,1,0,1,1,1,1,1
2026-03-28 12:24:19.239,675.837,0,10,10,-67.78,1,1,0,1,1,1,1,1
2026-03-28 12:24:19.351,675.949,0,10,10,-68.45,1,1,0,1,1,1,1,1
2026-03-28 12:24:19.431,676.029,-2,10,10,-67.31,1,1,0,1,1,1,1,1
2026-03-28 12:24:19.527,676.125,-2,10,10,-73.76,1,1,0,1,1,1,1,1
2026-03-28 12:24:19.607,676.205,0,10,8,-71.19,1,1,0,1,1,1,1,1
2026-03-28 12:24:19.671,676.269,-2,10,10,-68.49,1,1,0,1,1,1,1,1
2026-03-28 12:24:19.799,676.397,-2,10,8,-66.65,1,1,0,1,1,1,1,1
2026-03-28 12:24:19.863,676.461,-2,7,10,-66.38,1,1,0,1,1,1,1,1
2026-03-28 12:24:19.943,676.541,-2,10,10,-66.31,1,1,0,1,1,1,1,1
2026-03-28 12:24:20.055,676.653,-2,10,10,-65.68,1,1,0,1,1,1,1,1
2026-03-28 12:24:20.119,676.717,0,10,8,-70.9,1,1,0,1,1,1,1,1
2026-03-28 12:24:20.247,676.845,0,10,10,-65.52,1,1,0,1,1,1,1,1
2026-03-28 12:24:20.311,676.909,-2,10,8,-67.29,1,1,0,1,1,1,1,1
2026-03-28 12:24:20.390,676.989,-1,10,10,-68.69,1,1,0,1,1,1,1,1
2026-03-28 12:24:20.438,677.036,0,10,8,-71.79,1,1,0,1,1,1,1,1
2026-03-28 12:24:20.535,677.133,-2,7,10,-68.42,1,1,0,1,1,1,1,1
2026-03-28 12:24:20.551,677.149,0,7,10,-70.46,1,1,0,1,1,1,1,1
2026-03-28 12:24:20.630,677.229,-2,10,10,-70.24,1,1,0,1,1,1,1,1
2026-03-28 12:24:20.679,677.277,0,10,8,-67.75,1,1,0,1,1,1,1,1
2026-03-28 12:24:20.775,677.373,0,10,10,-69.72,1,1,0,1,1,1,1,1
2026-03-28 12:24:20.807,677.405,-1,10,8,-73.42,1,1,0,1,1,1,1,1
2026-03-28 12:24:20.919,677.517,-2,10,8,-66.17,1,1,0,1,1,1,1,1
2026-03-28 12:24:21.047,677.645,-2,7,8,-69.86,1,1,0,1,1,1,1,1
2026-03-28 12:24:21.095,677.693,0,10,8,-65.76,1,1,0,1,1,1,1,1
2026-03-28 12:24:21.191,677.789,-2,10,11,-71.68,1,1,0,1,1,1,1,1
2026-03-28 12:24:21.286,677.885,-2,10,10,-68.79,1,1,0,1,1,1,1,1
2026-03-28 12:24:21.399,677.997,-2,10,10,-64.47,1,1,0,1,1,1,1,1
2026-03-28 12:24:21.415,678.013,0,10,10,-68.85,1,1,0,1,1,1,1,1
2026-03-28 12:24:21.511,678.109,-2,10,10,-67.4,1,1,0,1,1,1,1,1
2026-03-28 12:24:21.623,678.221,-2,10,8,-67.18,1,1,0,1,1,1,1,1
2026-03-28 12:24:21.671,678.269,0,10,10,-68.44,1,1,0,1,1,1,1,1
2026-03-28 12:24:21.719,678.317,0,10,10,-66.0,1,1,0,1,1,1,1,1
2026-03-28 12:24:21.847,678.446,-2,10,10,-72.2,1,1,0,1,1,1,1,1
2026-03-28 12:24:21.927,678.525,-1,10,8,-68.62,1,1,0,1,1,1,1,1
2026-03-28 12:24:21.974,678.573,-1,10,8,-66.36,1,1,0,1,1,1,1,1
2026-03-28 12:24:22.055,678.653,-2,10,8,-73.33,1,1,0,1,1,1,1,1
2026-03-28 12:24:22.199,678.797,-2,10,8,-71.66,1,1,0,1,1,1,1,1
2026-03-28 12:24:22.327,678.925,-2,10,8,-65.84,1,1,0,1,1,1,1,1
2026-03-28 12:24:22.359,678.957,-2,10,8,-70.03,1,1,0,1,1,1,1,1
2026-03-28 12:24:22.439,679.037,-2,10,7,-66.19,1,1,0,1,1,1,1,1
2026-03-28 12:24:22.567,679.165,-2,7,10,-67.39,1,1,0,1,1,1,1,1
2026-03-28 12:24:22.631,679.229,0,10,8,-68.41,1,1,0,1,1,1,1,1
2026-03-28 12:24:22.727,679.325,0,10,11,-67.55,1,1,0,1,1,1,1,1
2026-03-28 12:24:22.823,679.421,0,7,10,-65.67,1,1,0,1,1,1,1,1
2026-03-28 12:24:22.887,679.485,0,10,8,-66.57,1,1,0,1,1,1,1,1
2026-03-28 12:24:23.015,679.613,-2,10,8,-68.38,1,1,0,1,1,1,1,1
2026-03-28 12:24:23.078,679.677,0,7,8,-69.02,1,1,0,1,1,1,1,1
2026-03-28 12:24:23.143,679.741,-2,10,7,-69.87,1,1,0,1,1,1,1,1
2026-03-28 12:24:23.254,679.853,-2,7,10,-69.12,1,1,0,1,1,1,1,1
2026-03-28 12:24:23.350,679.948,-2,7,7,-72.55,1,1,0,1,1,1,1,1
2026-03-28 12:24:23.431,680.029,-2,7,11,-69.53,1,1,0,1,1,1,1,1
2026-03-28 12:24:23.511,680.109,-2,7,8,-66.69,1,1,0,1,1,1,1,1
2026-03-28 12:24:23.559,680.157,-1,10,8,-66.95,1,1,0,1,1,1,1,1
2026-03-28 12:24:23.654,680.252,0,10,10,-71.48,1,1,0,1,1,1,1,1
2026-03-28 12:24:23.719,680.317,-2,7,10,-67.98,1,1,0,1,1,1,1,1
2026-03-28 12:24:23.814,680.413,-1,10,8,-69.12,1,1,0,1,1,1,1,1
2026-03-28 12:24:23.863,680.461,-1,7,10,-68.71,1,1,0,1,1,1,1,1
2026-03-28 12:24:23.974,680.573,-2,7,10,-68.37,1,1,0,1,1,1,1,1
2026-03-28 12:24:24.039,680.637,0,10,10,-69.44,1,1,0,1,1,1,1,1
2026-03-28 12:24:24.135,680.733,-2,7,10,-70.26,1,1,0,1,1,1,1,1
2026-03-28 12:24:24.167,680.765,-1,7,8,-69.54,1,1,0,1,1,1,1,1
2026-03-28 12:24:24.231,680.829,-2,10,10,-71.84,1,1,0,1,1,1,1,1
2026-03-28 12:24:24.327,680.925,-1,7,10,-70.14,1,1,0,1,1,1,1,1
2026-03-28 12:24:24.470,681.069,-2,10,8,-71.37,1,1,0,1,1,1,1,1
2026-03-28 12:24:24.518,681.117,0,7,10,-68.96,1,1,0,1,1,1,1,1
2026-03-28 12:24:24.599,681.197,-2,7,10,-67.83,1,1,0,1,1,1,1,1
2026-03-28 12:24:24.631,681.229,-1,7,8,-72.85,1,1,0,1,1,1,1,1
2026-03-28 12:24:24.711,681.309,-1,10,11,-69.1,1,1,0,1,1,1,1,1
2026-03-28 12:24:24.807,681.405,-1,10,8,-68.94,1,1,0,1,1,1,1,1
2026-03-28 12:24:24.902,681.501,-2,7,8,-70.66,1,1,0,1,1,1,1,1
2026-03-28 12:24:25.063,681.661,0,10,8,-70.38,1,1,0,1,1,1,1,1
2026-03-28 12:24:25.094,681.692,-2,7,7,-68.98,1,1,0,1,1,1,1,1
2026-03-28 12:24:25.174,681.773,0,10,10,-67.96,1,1,0,1,1,1,1,1
2026-03-28 12:24:25.254,681.853,-2,10,10,-69.77,1,1,0,1,1,1,1,1
2026-03-28 12:24:25.350,681.949,-2,10,8,-67.96,1,1,0,1,1,1,1,1
2026-03-28 12:24:25.462,682.060,0,10,8,-71.23,1,1,0,1,1,1,1,1
2026-03-28 12:24:25.510,682.109,-2,10,8,-67.63,1,1,0,1,1,1,1,1
2026-03-28 12:24:25.606,682.205,-1,10,10,-70.79,1,1,0,1,1,1,1,1
2026-03-28 12:24:25.686,682.285,0,7,10,-68.43,1,1,0,1,1,1,1,1
2026-03-28 12:24:25.751,682.349,-1,7,7,-71.03,1,1,0,1,1,1,1,1
2026-03-28 12:24:25.894,682.493,-2,10,10,-72.21,1,1,0,1,1,1,1,1
2026-03-28 12:24:25.896,682.494,0,10,10,-67.67,1,1,0,1,1,1,1,1
2026-03-28 12:24:25.943,682.541,0,10,7,-69.19,1,1,0,1,1,1,1,1
2026-03-28 12:24:26.038,682.637,-2,7,8,-72.51,1,1,0,1,1,1,1,1
2026-03-28 12:24:26.182,682.781,-2,7,10,-71.13,1,1,0,1,1,1,1,1
2026-03-28 12:24:26.278,682.876,0,10,10,-72.46,1,1,0,1,1,1,1,1
2026-03-28 12:24:26.294,682.893,0,7,10,-68.61,1,1,0,1,1,1,1,1
2026-03-28 12:24:26.358,682.957,0,10,10,-72.94,1,1,0,1,1,1,1,1
2026-03-28 12:24:26.438,683.037,-1,10,8,-69.34,1,1,0,1,1,1,1,1
2026-03-28 12:24:26.534,683.133,-2,10,10,-71.46,1,1,0,1,1,1,1,1
2026-03-28 12:24:26.614,683.213,-2,10,10,-73.25,1,1,0,1,1,1,1,1
2026-03-28 12:24:26.711,683.310,0,10,10,-72.45,1,1,0,1,1,1,1,1
2026-03-28 12:24:26.822,683.421,0,10,10,-72.31,1,1,0,1,1,1,1,1
2026-03-28 12:24:26.934,683.533,0,10,10,-65.05,1,1,0,1,1,1,1,1
2026-03-28 12:24:26.982,683.581,0,7,8,-70.89,1,1,0,1,1,1,1,1
2026-03-28 12:24:27.062,683.661,0,7,8,-70.56,1,1,0,1,1,1,1,1
2026-03-28 12:24:27.158,683.757,0,7,10,-74.42,1,1,0,1,1,1,1,1
2026-03-28 12:24:27.254,683.853,0,7,10,-70.92,1,1,0,1,1,1,1,1
2026-03-28 12:24:27.334,683.933,-2,10,10,-72.56,1,1,0,1,1,1,1,1
2026-03-28 12:24:27.431,684.029,-2,10,10,-71.79,1,1,0,1,1,1,1,1
2026-03-28 12:24:27.463,684.061,0,10,11,-69.71,1,1,0,1,1,1,1,1
2026-03-28 12:24:27.575,684.173,-2,10,8,-73.17,1,1,0,1,1,1,1,1
2026-03-28 12:24:27.654,684.252,-1,10,8,-69.26,1,1,0,1,1,1,1,1
2026-03-28 12:24:27.702,684.301,-1,10,7,-68.45,1,1,0,1,1,1,1,1
2026-03-28 12:24:27.782,684.381,0,10,7,-69.46,1,1,0,1,1,1,1,1
2026-03-28 12:24:27.862,684.461,0,10,8,-72.91,1,1,0,1,1,1,1,1
2026-03-28 12:24:27.926,684.525,0,10,7,-71.0,1,1,0,1,1,1,1,1
2026-03-28 12:24:28.006,684.605,0,10,8,-72.25,1,1,0,1,1,1,1,1
2026-03-28 12:24:28.054,684.653,-2,10,8,-72.33,1,1,0,1,1,1,1,1
2026-03-28 12:24:28.134,684.733,-2,10,7,-75.63,1,1,0,1,1,1,1,1
2026-03-28 12:24:28.198,684.797,0,10,11,-72.76,1,1,0,1,1,1,1,1
2026-03-28 12:24:28.262,684.861,0,10,8,-72.6,1,1,0,1,1,1,1,1
2026-03-28 12:24:28.374,684.973,0,10,10,-74.28,1,1,0,1,1,1,1,1
2026-03-28 12:24:28.422,685.021,0,10,10,-71.61,1,1,0,1,1,1,1,1
2026-03-28 12:24:28.502,685.101,-2,10,10,-74.54,1,1,0,1,1,1,1,1
2026-03-28 12:24:28.582,685.181,-2,7,10,-71.45,1,1,0,1,1,1,1,1
2026-03-28 12:24:28.629,685.228,-2,7,10,-72.62,1,1,0,1,1,1,1,1
2026-03-28 12:24:28.710,685.309,-2,10,10,-70.83,1,1,0,1,1,1,1,1
2026-03-28 12:24:28.822,685.421,-1,10,11,-74.86,1,1,0,1,1,1,1,1
2026-03-28 12:24:28.870,685.469,0,10,8,-68.91,1,1,0,1,1,1,1,1
2026-03-28 12:24:28.998,685.596,-2,7,10,-70.48,1,1,0,1,1,1,1,1
2026-03-28 12:24:29.015,685.613,-2,10,8,-70.45,1,1,0,1,1,1,1,1
2026-03-28 12:24:29.142,685.741,-2,10,8,-74.58,1,1,0,1,1,1,1,1
2026-03-28 12:24:29.190,685.789,0,10,8,-67.91,1,1,0,1,1,1,1,1
2026-03-28 12:24:29.318,685.916,0,10,10,-72.72,1,1,0,1,1,1,1,1
2026-03-28 12:24:29.462,686.061,0,10,8,-69.84,1,1,0,1,1,1,1,1
2026-03-28 12:24:29.558,686.157,0,10,10,-68.35,1,1,0,1,1,1,1,1
2026-03-28 12:24:29.606,686.204,-2,10,10,-71.05,1,1,0,1,1,1,1,1
2026-03-28 12:24:29.686,686.285,-1,10,11,-68.92,1,1,0,1,1,1,1,1
2026-03-28 12:24:29.798,686.396,0,10,8,-69.45,1,1,0,1,1,1,1,1
2026-03-28 12:24:29.878,686.477,-2,10,10,-69.96,1,1,0,1,1,1,1,1
2026-03-28 12:24:29.926,686.525,-2,10,8,-72.81,1,1,0,1,1,1,1,1
2026-03-28 12:24:29.990,686.589,-2,9,8,-71.14,1,1,0,1,1,1,1,1
2026-03-28 12:24:30.102,686.701,-2,10,8,-73.96,1,1,0,1,1,1,1,1
2026-03-28 12:24:30.118,686.717,0,7,8,-75.37,1,1,0,1,1,1,1,1
2026-03-28 12:24:30.214,686.813,0,10,10,-68.99,1,1,0,1,1,1,1,1
2026-03-28 12:24:30.309,686.908,0,7,10,-73.4,1,1,0,1,1,1,1,1
2026-03-28 12:24:30.390,686.989,0,7,10,-70.78,1,1,0,1,1,1,1,1
2026-03-28 12:24:30.438,687.037,0,10,10,-72.69,1,1,0,1,1,1,1,1
2026-03-28 12:24:30.534,687.132,-2,10,10,-72.15,1,1,0,1,1,1,1,1
2026-03-28 12:24:30.614,687.212,0,7,8,-70.22,1,1,0,1,1,1,1,1
2026-03-28 12:24:30.726,687.325,-1,10,8,-65.64,1,1,0,1,1,1,1,1
2026-03-28 12:24:30.775,687.373,0,10,10,-75.98,1,1,0,1,1,1,1,1
2026-03-28 12:24:30.838,687.437,-2,10,10,-69.14,1,1,0,1,1,1,1,1
2026-03-28 12:24:30.918,687.517,-2,7,10,-73.78,1,1,0,1,1,1,1,1
2026-03-28 12:24:30.982,687.581,0,7,10,-77.9,1,1,0,1,1,1,1,1
2026-03-28 12:24:31.046,687.645,-2,10,10,-69.41,1,1,0,1,1,1,1,1
2026-03-28 12:24:31.127,687.725,-1,10,10,-72.9,1,1,0,1,1,1,1,1
2026-03-28 12:24:31.206,687.805,0,7,10,-70.93,1,1,0,1,1,1,1,1
2026-03-28 12:24:31.318,687.917,-2,10,10,-68.85,1,1,0,1,1,1,1,1
2026-03-28 12:24:31.382,687.981,-2,7,10,-72.96,1,1,0,1,1,1,1,1
2026-03-28 12:24:31.510,688.108,-2,7,10,-71.96,1,1,0,1,1,1,1,1
2026-03-28 12:24:31.558,688.156,-1,7,11,-68.63,1,1,0,1,1,1,1,1
2026-03-28 12:24:31.654,688.252,0,10,8,-66.97,1,1,0,1,1,1,1,1
2026-03-28 12:24:31.718,688.316,0,7,8,-72.78,1,1,0,1,1,1,1,1
2026-03-28 12:24:31.766,688.365,0,10,10,-72.8,1,1,0,1,1,1,1,1
2026-03-28 12:24:31.830,688.429,0,7,8,-73.1,1,1,0,1,1,1,1,1
2026-03-28 12:24:31.926,688.525,0,10,10,-73.28,1,1,0,1,1,1,1,1
2026-03-28 12:24:32.022,688.621,0,7,11,-65.1,1,1,0,1,1,1,1,1
2026-03-28 12:24:32.102,688.701,0,7,10,-70.38,1,1,0,1,1,1,1,1
2026-03-28 12:24:32.198,688.797,0,7,10,-70.48,1,1,0,1,1,1,1,1
2026-03-28 12:24:32.294,688.893,0,7,10,-73.04,1,1,0,1,1,1,1,1
2026-03-28 12:24:32.374,688.973,0,10,10,-67.3,1,1,0,1,1,1,1,1
2026-03-28 12:24:32.422,689.020,-2,10,10,-70.68,1,1,0,1,1,1,1,1
2026-03-28 12:24:32.502,689.100,-1,7,8,-73.01,1,1,0,1,1,1,1,1
2026-03-28 12:24:32.566,689.164,0,7,10,-67.04,1,1,0,1,1,1,1,1
2026-03-28 12:24:32.662,689.260,0,7,11,-69.36,1,1,0,1,1,1,1,1
2026-03-28 12:24:32.742,689.340,0,7,10,-70.5,1,1,0,1,1,1,1,1
2026-03-28 12:24:32.854,689.452,0,7,10,-69.82,1,1,0,1,1,1,1,1
2026-03-28 12:24:32.949,689.548,0,7,10,-69.6,1,1,0,1,1,1,1,1
2026-03-28 12:24:33.014,689.613,-1,7,10,-71.06,1,1,0,1,1,1,1,1
2026-03-28 12:24:33.110,689.709,0,10,10,-69.98,1,1,0,1,1,1,1,1
2026-03-28 12:24:33.142,689.740,-2,7,10,-74.38,1,1,0,1,1,1,1,1
2026-03-28 12:24:33.222,689.820,0,10,10,-67.69,1,1,0,1,1,1,1,1
2026-03-28 12:24:33.302,689.900,0,8,11,-69.47,1,1,0,1,1,1,1,1
2026-03-28 12:24:33.430,690.029,0,10,10,-72.28,1,1,0,1,1,1,1,1
2026-03-28 12:24:33.590,690.189,-2,7,11,-73.61,1,1,0,1,1,1,1,1
2026-03-28 12:24:33.686,690.284,-2,10,10,-68.59,1,1,0,1,1,1,1,1
2026-03-28 12:24:33.750,690.348,0,10,8,-69.26,1,1,0,1,1,1,1,1
2026-03-28 12:24:33.784,690.382,0,10,10,-71.12,1,1,0,1,1,1,1,1
2026-03-28 12:24:33.878,690.477,-2,10,10,-70.64,1,1,0,1,1,1,1,1
2026-03-28 12:24:34.006,690.604,-2,7,10,-74.77,1,1,0,1,1,1,1,1
2026-03-28 12:24:34.101,690.700,0,10,10,-70.68,1,1,0,1,1,1,1,1
2026-03-28 12:24:34.118,690.717,0,7,10,-72.06,1,1,0,1,1,1,1,1
2026-03-28 12:24:34.262,690.860,0,10,10,-71.55,1,1,0,1,1,1,1,1
2026-03-28 12:24:34.326,690.924,0,7,10,-69.36,1,1,0,1,1,1,1,1
2026-03-28 12:24:34.406,691.004,-1,10,10,-67.65,1,1,0,1,1,1,1,1
2026-03-28 12:24:34.518,691.116,-2,7,10,-64.84,1,1,0,1,1,1,1,1
2026-03-28 12:24:34.598,691.197,0,10,11,-71.3,1,1,0,1,1,1,1,1
2026-03-28 12:24:34.662,691.260,0,10,10,-69.36,1,1,0,1,1,1,1,1
2026-03-28 12:24:34.758,691.357,-2,10,11,-72.58,1,1,0,1,1,1,1,1
2026-03-28 12:24:34.823,691.421,-1,10,10,-66.05,1,1,0,1,1,1,1,1
2026-03-28 12:24:34.902,691.500,-2,10,10,-68.83,1,1,0,1,1,1,1,1
2026-03-28 12:24:34.966,691.564,-2,9,10,-69.72,1,1,0,1,1,1,1,1
2026-03-28 12:24:35.062,691.660,-1,7,10,-76.03,1,1,0,1,1,1,1,1
2026-03-28 12:24:35.110,691.708,-2,7,10,-74.97,1,1,0,1,1,1,1,1
2026-03-28 12:24:35.205,691.804,-2,7,10,-75.51,1,1,0,1,1,1,1,1
2026-03-28 12:24:35.317,691.916,-2,10,10,-66.71,1,1,0,1,1,1,1,1
2026-03-28 12:24:35.350,691.948,0,10,10,-69.17,1,1,0,1,1,1,1,1
2026-03-28 12:24:35.462,692.060,-2,10,10,-72.5,1,1,0,1,1,1,1,1
2026-03-28 12:24:35.589,692.188,-1,7,10,-69.14,1,1,0,1,1,1,1,1
2026-03-28 12:24:35.622,692.220,-2,8,10,-75.13,1,1,0,1,1,1,1,1
2026-03-28 12:24:35.686,692.284,-2,10,10,-73.19,1,1,0,1,1,1,1,1
2026-03-28 12:24:35.766,692.364,-1,10,10,-72.53,1,1,0,1,1,1,1,1
2026-03-28 12:24:35.877,692.476,-2,10,10,-70.23,1,1,0,1,1,1,1,1
2026-03-28 12:24:35.926,692.524,0,10,10,-73.29,1,1,0,1,1,1,1,1
2026-03-28 12:24:36.022,692.620,-2,10,11,-71.87,1,1,0,1,1,1,1,1
2026-03-28 12:24:36.118,692.716,-2,7,10,-67.39,1,1,0,1,1,1,1,1
2026-03-28 12:24:36.230,692.829,-2,10,10,-76.13,1,1,0,1,1,1,1,1
2026-03-28 12:24:36.262,692.860,-1,10,10,-73.81,1,1,0,1,1,1,1,1
2026-03-28 12:24:36.310,692.908,-2,10,11,-70.74,1,1,0,1,1,1,1,1
2026-03-28 12:24:36.406,693.004,-2,10,10,-70.53,1,1,0,1,1,1,1,1
2026-03-28 12:24:36.470,693.068,-1,11,10,-71.97,1,1,0,1,1,1,1,1
2026-03-28 12:24:36.534,693.132,0,10,10,-69.11,1,1,0,1,1,1,1,1
2026-03-28 12:24:36.646,693.244,-2,7,10,-76.59,1,1,0,1,1,1,1,1
2026-03-28 12:24:36.694,693.292,-2,10,10,-68.09,1,1,0,1,1,1,1,1
2026-03-28 12:24:36.806,693.404,-2,10,10,-68.31,1,1,0,1,1,1,1,1
2026-03-28 12:24:36.886,693.484,0,10,8,-71.69,1,1,0,1,1,1,1,1
2026-03-28 12:24:36.966,693.564,-2,7,7,-68.81,1,1,0,1,1,1,1,1
2026-03-28 12:24:37.030,693.628,-2,10,10,-70.69,1,1,0,1,1,1,1,1
2026-03-28 12:24:37.125,693.724,-1,10,8,-70.23,1,1,0,1,1,1,1,1
2026-03-28 12:24:37.174,693.772,-1,7,10,-74.58,1,1,0,1,1,1,1,1
2026-03-28 12:24:37.302,693.900,-2,7,8,-70.65,1,1,0,1,1,1,1,1
2026-03-28 12:24:37.414,694.013,0,7,10,-67.93,1,1,0,1,1,1,1,1
2026-03-28 12:24:37.478,694.076,0,10,10,-72.74,1,1,0,1,1,1,1,1
2026-03-28 12:24:37.510,694.108,-2,10,10,-70.38,1,1,0,1,1,1,1,1
2026-03-28 12:24:37.606,694.204,-2,10,10,-72.81,1,1,0,1,1,1,1,1
2026-03-28 12:24:37.670,694.268,-2,10,11,-74.68,1,1,0,1,1,1,1,1
2026-03-28 12:24:37.734,694.332,-1,10,8,-69.31,1,1,0,1,1,1,1,1
2026-03-28 12:24:37.829,694.428,-2,10,10,-72.65,1,1,0,1,1,1,1,1
2026-03-28 12:24:37.958,694.556,-1,7,10,-75.1,1,1,0,1,1,1,1,1
2026-03-28 12:24:38.006,694.604,-2,7,10,-70.19,1,1,0,1,1,1,1,1
2026-03-28 12:24:38.102,694.700,-1,7,10,-70.51,1,1,0,1,1,1,1,1
2026-03-28 12:24:38.150,694.748,-2,10,10,-69.56,1,1,0,1,1,1,1,1
2026-03-28 12:24:38.230,694.828,-2,10,10,-72.46,1,1,0,1,1,1,1,1
2026-03-28 12:24:38.341,694.940,-2,10,8,-70.51,1,1,0,1,1,1,1,1
2026-03-28 12:24:38.422,695.020,0,10,8,-69.68,1,1,0,1,1,1,1,1
2026-03-28 12:24:38.550,695.148,-1,10,10,-70.49,1,1,0,1,1,1,1,1
2026-03-28 12:24:38.630,695.228,-1,10,10,-71.03,1,1,0,1,1,1,1,1
2026-03-28 12:24:38.710,695.308,-2,10,10,-69.63,1,1,0,1,1,1,1,1
2026-03-28 12:24:38.805,695.404,0,7,10,-69.58,1,1,0,1,1,1,1,1
2026-03-28 12:24:38.869,695.468,-2,10,10,-69.33,1,1,0,1,1,1,1,1
2026-03-28 12:24:38.917,695.515,0,10,11,-70.9,1,1,0,1,1,1,1,1
2026-03-28 12:24:39.014,695.612,-1,9,10,-69.02,1,1,0,1,1,1,1,1
2026-03-28 12:24:39.094,695.692,-2,10,8,-77.97,1,1,0,1,1,1,1,1
2026-03-28 12:24:39.173,695.772,-2,10,10,-69.99,1,1,0,1,1,1,1,1
2026-03-28 12:24:39.270,695.868,-2,10,10,-70.11,1,1,0,1,1,1,1,1
2026-03-28 12:24:39.334,695.932,-2,7,10,-69.34,1,1,0,1,1,1,1,1
2026-03-28 12:24:39.414,696.012,0,10,11,-72.6,1,1,0,1,1,1,1,1
2026-03-28 12:24:39.541,696.140,-1,10,10,-75.43,1,1,0,1,1,1,1,1
2026-03-28 12:24:39.606,696.204,-2,10,10,-74.36,1,1,0,1,1,1,1,1
2026-03-28 12:24:39.654,696.252,0,10,10,-67.74,1,1,0,1,1,1,1,1
2026-03-28 12:24:39.750,696.348,0,10,10,-72.4,1,1,0,1,1,1,1,1
2026-03-28 12:24:39.829,696.428,-2,7,10,-69.53,1,1,0,1,1,1,1,1
2026-03-28 12:24:39.878,696.476,-1,10,10,-67.55,1,1,0,1,1,1,1,1
2026-03-28 12:24:39.989,696.588,-2,10,10,-73.66,1,1,0,1,1,1,1,1
2026-03-28 12:24:40.054,696.652,-2,10,10,-69.54,1,1,0,1,1,1,1,1
2026-03-28 12:24:40.102,696.700,-2,10,10,-68.11,1,1,0,1,1,1,1,1
2026-03-28 12:24:40.215,696.813,-1,7,10,-70.62,1,1,0,1,1,1,1,1
2026-03-28 12:24:40.278,696.877,0,7,10,-76.05,1,1,0,1,1,1,1,1
2026-03-28 12:24:40.358,696.957,-2,10,10,-67.5,1,1,0,1,1,1,1,1
2026-03-28 12:24:40.437,697.036,0,10,10,-73.33,1,1,0,1,1,1,1,1
2026-03-28 12:24:40.518,697.116,0,9,8,-72.17,1,1,0,1,1,1,1,1
2026-03-28 12:24:40.614,697.212,0,10,10,-69.03,1,1,0,1,1,1,1,1
2026-03-28 12:24:40.710,697.308,-2,7,10,-73.05,1,1,0,1,1,1,1,1
2026-03-28 12:24:40.742,697.340,-2,7,10,-70.21,1,1,0,1,1,1,1,1
2026-03-28 12:24:40.838,697.436,-1,10,10,-72.08,1,1,0,1,1,1,1,1
2026-03-28 12:24:40.934,697.532,0,10,10,-72.63,1,1,0,1,1,1,1,1
2026-03-28 12:24:41.062,697.660,-2,10,10,-71.7,1,1,0,1,1,1,1,1
2026-03-28 12:24:41.077,697.676,-1,10,10,-72.61,1,1,0,1,1,1,1,1
2026-03-28 12:24:41.173,697.771,-2,7,10,-67.81,1,1,0,1,1,1,1,1
2026-03-28 12:24:41.253,697.851,0,10,11,-67.49,1,1,0,1,1,1,1,1
2026-03-28 12:24:41.317,697.916,-1,10,10,-70.65,1,1,0,1,1,1,1,1
2026-03-28 12:24:41.414,698.013,0,7,10,-74.66,1,1,0,1,1,1,1,1
2026-03-28 12:24:41.477,698.075,0,7,10,-74.72,1,1,0,1,1,1,1,1
2026-03-28 12:24:41.605,698.204,-1,7,11,-69.05,1,1,0,1,1,1,1,1
2026-03-28 12:24:41.622,698.220,-2,10,10,-67.83,1,1,0,1,1,1,1,1
2026-03-28 12:24:41.686,698.284,0,7,10,-71.44,1,1,0,1,1,1,1,1
2026-03-28 12:24:41.782,698.380,0,10,10,-73.62,1,1,0,1,1,1,1,1
2026-03-28 12:24:41.862,698.460,0,7,10,-75.62,1,1,0,1,1,1,1,1
2026-03-28 12:24:41.942,698.540,0,7,11,-72.92,1,1,0,1,1,1,1,1
2026-03-28 12:24:41.990,698.588,0,10,10,-73.53,1,1,0,1,1,1,1,1
2026-03-28 12:24:42.118,698.716,0,10,10,-72.98,1,1,0,1,1,1,1,1
2026-03-28 12:24:42.150,698.748,-2,10,10,-70.02,1,1,0,1,1,1,1,1
2026-03-28 12:24:42.214,698.812,-1,7,10,-74.12,1,1,0,1,1,1,1,1
2026-03-28 12:24:42.326,698.924,-2,7,10,-73.91,1,1,0,1,1,1,1,1
2026-03-28 12:24:42.390,698.988,-2,10,10,-74.69,1,1,0,1,1,1,1,1
2026-03-28 12:24:42.469,699.068,-1,10,10,-72.88,1,1,0,1,1,1,1,1
2026-03-28 12:24:42.502,699.100,0,10,10,-71.77,1,1,0,1,1,1,1,1
2026-03-28 12:24:42.598,699.196,-2,10,10,-74.85,1,1,0,1,1,1,1,1
2026-03-28 12:24:42.678,699.276,0,10,10,-69.81,1,1,0,1,1,1,1,1
2026-03-28 12:24:42.773,699.372,-2,7,10,-72.45,1,1,0,1,1,1,1,1
2026-03-28 12:24:42.822,699.420,-2,7,11,-72.64,1,1,0,1,1,1,1,1
2026-03-28 12:24:42.933,699.532,-2,7,10,-72.67,1,1,0,1,1,1,1,1
2026-03-28 12:24:43.014,699.612,0,10,11,-68.11,1,1,0,1,1,1,1,1
2026-03-28 12:24:43.109,699.708,0,10,10,-68.37,1,1,0,1,1,1,1,1
2026-03-28 12:24:43.173,699.772,0,10,10,-70.65,1,1,0,1,1,1,1,1
2026-03-28 12:24:43.237,699.836,0,7,10,-70.97,1,1,0,1,1,1,1,1
2026-03-28 12:24:43.317,699.916,0,7,10,-75.86,1,1,0,1,1,1,1,1
2026-03-28 12:24:43.365,699.963,-1,10,10,-74.99,1,1,0,1,1,1,1,1
2026-03-28 12:24:43.414,700.012,-1,10,10,-76.62,1,1,0,1,1,1,1,1
2026-03-28 12:24:43.509,700.108,-1,10,10,-78.13,1,1,0,1,1,1,1,1
2026-03-28 12:24:43.541,700.140,0,10,8,-67.31,1,1,0,1,1,1,1,1
2026-03-28 12:24:43.669,700.268,0,10,10,-67.99,1,1,0,1,1,1,1,1
2026-03-28 12:24:43.765,700.364,0,10,10,-71.41,1,1,0,1,1,1,1,1
2026-03-28 12:24:43.845,700.444,0,10,10,-72.53,1,1,0,1,1,1,1,1
2026-03-28 12:24:43.909,700.508,0,10,10,-73.66,1,1,0,1,1,1,1,1
2026-03-28 12:24:43.973,700.572,0,9,10,-67.82,1,1,0,1,1,1,1,1
2026-03-28 12:24:44.038,700.636,-2,10,10,-71.6,1,1,0,1,1,1,1,1
2026-03-28 12:24:44.213,700.812,-2,10,10,-71.65,1,1,0,1,1,1,1,1
2026-03-28 12:24:44.357,700.955,-2,10,10,-68.56,1,1,0,1,1,1,1,1
2026-03-28 12:24:44.389,700.988,-1,7,11,-68.93,1,1,0,1,1,1,1,1
2026-03-28 12:24:44.485,701.084,0,10,10,-69.44,1,1,0,1,1,1,1,1
2026-03-28 12:24:44.581,701.179,-1,7,11,-69.62,1,1,0,1,1,1,1,1
2026-03-28 12:24:44.613,701.212,-2,10,10,-71.27,1,1,0,1,1,1,1,1
2026-03-28 12:24:44.661,701.260,0,10,10,-72.14,1,1,0,1,1,1,1,1
2026-03-28 12:24:44.773,701.371,0,7,10,-71.01,1,1,0,1,1,1,1,1
2026-03-28 12:24:44.853,701.452,0,10,10,-72.22,1,1,0,1,1,1,1,1
2026-03-28 12:24:44.949,701.548,-2,10,10,-69.63,1,1,0,1,1,1,1,1
2026-03-28 12:24:45.014,701.613,-2,7,10,-70.76,1,1,0,1,1,1,1,1
2026-03-28 12:24:45.094,701.692,-1,10,10,-67.92,1,1,0,1,1,1,1,1
2026-03-28 12:24:45.205,701.804,-2,10,10,-76.47,1,1,0,1,1,1,1,1
2026-03-28 12:24:45.253,701.852,0,10,10,-73.65,1,1,0,1,1,1,1,1
2026-03-28 12:24:45.301,701.900,0,10,10,-65.74,1,1,0,1,1,1,1,1
2026-03-28 12:24:45.430,702.028,0,10,10,-65.3,1,1,0,1,1,1,1,1
2026-03-28 12:24:45.494,702.092,-2,10,10,-70.55,1,1,0,1,1,1,1,1
2026-03-28 12:24:45.557,702.156,-2,10,10,-69.86,1,1,0,1,1,1,1,1
2026-03-28 12:24:45.621,702.220,-2,10,10,-70.09,1,1,0,1,1,1,1,1
2026-03-28 12:24:45.733,702.332,-2,10,10,-70.7,1,1,0,1,1,1,1,1
2026-03-28 12:24:45.813,702.411,-2,10,10,-69.87,1,1,0,1,1,1,1,1
2026-03-28 12:24:45.941,702.540,0,10,10,-70.74,1,1,0,1,1,1,1,1
2026-03-28 12:24:45.973,702.571,0,10,10,-65.79,1,1,0,1,1,1,1,1
2026-03-28 12:24:46.053,702.652,-2,10,10,-68.4,1,1,0,1,1,1,1,1
2026-03-28 12:24:46.197,702.795,-2,10,10,-66.12,1,1,0,1,1,1,1,1
2026-03-28 12:24:46.213,702.812,-2,10,10,-67.64,1,1,0,1,1,1,1,1
2026-03-28 12:24:46.325,702.924,-2,10,10,-70.97,1,1,0,1,1,1,1,1
2026-03-28 12:24:46.389,702.988,0,10,10,-66.86,1,1,0,1,1,1,1,1
2026-03-28 12:24:46.469,703.068,0,10,10,-68.07,1,1,0,1,1,1,1,1
2026-03-28 12:24:46.517,703.116,-2,10,10,-72.59,1,1,0,1,1,1,1,1
2026-03-28 12:24:46.629,703.227,-2,10,10,-72.56,1,1,0,1,1,1,1,1
2026-03-28 12:24:46.709,703.308,-2,7,10,-67.55,1,1,0,1,1,1,1,1
2026-03-28 12:24:46.757,703.356,-2,7,10,-73.08,1,1,0,1,1,1,1,1
2026-03-28 12:24:46.837,703.436,-2,7,10,-68.73,1,1,0,1,1,1,1,1
2026-03-28 12:24:46.917,703.515,0,10,10,-68.24,1,1,0,1,1,1,1,1
2026-03-28 12:24:47.013,703.612,0,10,10,-71.4,1,1,0,1,1,1,1,1
2026-03-28 12:24:47.061,703.660,0,10,10,-68.93,1,1,0,1,1,1,1,1
2026-03-28 12:24:47.093,703.692,0,10,10,-76.14,1,1,0,1,1,1,1,1
2026-03-28 12:24:47.189,703.788,0,10,10,-67.85,1,1,0,1,1,1,1,1
2026-03-28 12:24:47.285,703.883,-2,10,10,-67.78,1,1,0,1,1,1,1,1
2026-03-28 12:24:47.334,703.932,-2,10,10,-70.61,1,1,0,1,1,1,1,1
2026-03-28 12:24:47.445,704.043,0,10,10,-68.61,1,1,0,1,1,1,1,1
2026-03-28 12:24:47.557,704.155,0,10,10,-68.35,1,1,0,1,1,1,1,1
2026-03-28 12:24:47.605,704.204,-2,10,10,-70.86,1,1,0,1,1,1,1,1
2026-03-28 12:24:47.701,704.300,-2,10,10,-70.14,1,1,0,1,1,1,1,1
2026-03-28 12:24:47.749,704.348,-2,10,10,-71.63,1,1,0,1,1,1,1,1
2026-03-28 12:24:47.893,704.492,0,7,10,-68.34,1,1,0,1,1,1,1,1
2026-03-28 12:24:47.941,704.539,-2,10,10,-67.49,1,1,0,1,1,1,1,1
2026-03-28 12:24:48.037,704.636,-2,10,10,-67.6,1,1,0,1,1,1,1,1
2026-03-28 12:24:48.101,704.700,0,10,10,-65.28,1,1,0,1,1,1,1,1
2026-03-28 12:24:48.197,704.796,0,10,10,-73.57,1,1,0,1,1,1,1,1
2026-03-28 12:24:48.245,704.844,0,10,10,-68.75,1,1,0,1,1,1,1,1
2026-03-28 12:24:48.357,704.956,-2,7,10,-67.71,1,1,0,1,1,1,1,1
2026-03-28 12:24:48.421,705.020,-2,10,10,-67.07,1,1,0,1,1,1,1,1
2026-03-28 12:24:48.485,705.084,-2,10,10,-72.9,1,1,0,1,1,1,1,1
2026-03-28 12:24:48.582,705.180,-2,10,10,-71.3,1,1,0,1,1,1,1,1
2026-03-28 12:24:48.693,705.292,-2,7,10,-69.98,1,1,0,1,1,1,1,1
2026-03-28 12:24:48.756,705.355,-2,7,10,-69.38,1,1,0,1,1,1,1,1
2026-03-28 12:24:48.805,705.404,0,7,10,-71.14,1,1,0,1,1,1,1,1
2026-03-28 12:24:48.901,705.499,-2,7,10,-67.22,1,1,0,1,1,1,1,1
2026-03-28 12:24:49.013,705.612,-2,10,10,-66.65,1,1,0,1,1,1,1,1
2026-03-28 12:24:49.077,705.676,-2,10,10,-67.58,1,1,0,1,1,1,1,1
2026-03-28 12:24:49.189,705.788,-2,10,10,-72.96,1,1,0,1,1,1,1,1
2026-03-28 12:24:49.253,705.852,-2,10,10,-68.94,1,1,0,1,1,1,1,1
2026-03-28 12:24:49.301,705.900,-2,7,10,-68.15,1,1,0,1,1,1,1,1
2026-03-28 12:24:49.382,705.980,-2,10,10,-68.29,1,1,0,1,1,1,1,1
2026-03-28 12:24:49.462,706.060,0,9,10,-70.7,1,1,0,1,1,1,1,1
2026-03-28 12:24:49.540,706.139,0,10,10,-65.3,1,1,0,1,1,1,1,1
2026-03-28 12:24:49.621,706.220,-2,10,10,-65.97,1,1,0,1,1,1,1,1
2026-03-28 12:24:49.717,706.316,-2,10,10,-69.69,1,1,0,1,1,1,1,1
2026-03-28 12:24:49.861,706.460,-1,7,10,-66.28,1,1,0,1,1,1,1,1
2026-03-28 12:24:49.894,706.492,0,7,10,-70.42,1,1,0,1,1,1,1,1
2026-03-28 12:24:50.020,706.619,0,7,10,-67.9,1,1,0,1,1,1,1,1
2026-03-28 12:24:50.054,706.652,-2,10,10,-67.93,1,1,0,1,1,1,1,1
2026-03-28 12:24:50.149,706.748,-2,7,10,-64.0,1,1,0,1,1,1,1,1
2026-03-28 12:24:50.229,706.827,-2,10,10,-70.48,1,1,0,1,1,1,1,1
2026-03-28 12:24:50.325,706.923,-2,7,10,-67.32,1,1,0,1,1,1,1,1
2026-03-28 12:24:50.389,706.988,-2,10,10,-70.74,1,1,0,1,1,1,1,1
2026-03-28 12:24:50.453,707.051,0,10,11,-65.11,1,1,0,1,1,1,1,1
2026-03-28 12:24:50.501,707.100,0,10,10,-71.71,1,1,0,1,1,1,1,1
2026-03-28 12:24:50.598,707.196,0,10,10,-69.34,1,1,0,1,1,1,1,1
2026-03-28 12:24:50.709,707.308,0,10,10,-71.58,1,1,0,1,1,1,1,1
2026-03-28 12:24:50.757,707.355,-2,10,8,-72.52,1,1,0,1,1,1,1,1
2026-03-28 12:24:50.837,707.436,-2,7,10,-69.22,1,1,0,1,1,1,1,1
2026-03-28 12:24:50.933,707.532,-2,9,10,-72.32,1,1,0,1,1,1,1,1
2026-03-28 12:24:50.998,707.596,-2,7,10,-65.75,1,1,0,1,1,1,1,1
2026-03-28 12:24:51.077,707.676,-2,10,10,-68.13,1,1,0,1,1,1,1,1
2026-03-28 12:24:51.141,707.740,0,10,10,-67.58,1,1,0,1,1,1,1,1
2026-03-28 12:24:51.286,707.884,0,10,10,-70.75,1,1,0,1,1,1,1,1
2026-03-28 12:24:51.348,707.947,0,10,10,-66.46,1,1,0,1,1,1,1,1
2026-03-28 12:24:51.397,707.996,0,10,10,-68.55,1,1,0,1,1,1,1,1
2026-03-28 12:24:51.494,708.092,0,7,10,-65.02,1,1,0,1,1,1,1,1
2026-03-28 12:24:51.637,708.236,0,9,10,-70.98,1,1,0,1,1,1,1,1
2026-03-28 12:24:51.717,708.316,-2,10,10,-68.03,1,1,0,1,1,1,1,1
2026-03-28 12:24:51.765,708.363,-2,10,10,-68.75,1,1,0,1,1,1,1,1
2026-03-28 12:24:51.813,708.411,-2,7,10,-69.99,1,1,0,1,1,1,1,1
2026-03-28 12:24:51.894,708.492,0,7,10,-65.73,1,1,0,1,1,1,1,1
2026-03-28 12:24:51.988,708.587,-2,7,10,-67.0,1,1,0,1,1,1,1,1
2026-03-28 12:24:52.069,708.667,-2,10,8,-66.95,1,1,0,1,1,1,1,1
2026-03-28 12:24:52.198,708.796,-2,9,10,-64.0,1,1,0,1,1,1,1,1
2026-03-28 12:24:52.276,708.875,-2,10,10,-68.98,1,1,0,1,1,1,1,1
2026-03-28 12:24:52.389,708.988,-2,10,10,-68.18,1,1,0,1,1,1,1,1
2026-03-28 12:24:52.405,709.003,-2,10,10,-66.54,1,1,0,1,1,1,1,1
2026-03-28 12:24:52.517,709.116,-2,10,10,-69.99,1,1,0,1,1,1,1,1
2026-03-28 12:24:52.581,709.179,0,7,10,-73.97,1,1,0,1,1,1,1,1
2026-03-28 12:24:52.645,709.243,-2,10,10,-68.34,1,1,0,1,1,1,1,1
2026-03-28 12:24:52.758,709.356,0,10,10,-72.83,1,1,0,1,1,1,1,1
2026-03-28 12:24:52.853,709.451,0,10,10,-70.53,1,1,0,1,1,1,1,1
2026-03-28 12:24:52.917,709.516,-2,10,10,-70.45,1,1,0,1,1,1,1,1
2026-03-28 12:24:52.997,709.595,0,10,10,-65.81,1,1,0,1,1,1,1,1
2026-03-28 12:24:53.077,709.675,-2,7,10,-65.63,1,1,0,1,1,1,1,1
2026-03-28 12:24:53.157,709.755,-2,10,10,-66.88,1,1,0,1,1,1,1,1
2026-03-28 12:24:53.253,709.851,-2,10,10,-71.57,1,1,0,1,1,1,1,1
2026-03-28 12:24:53.301,709.899,-2,10,10,-71.84,1,1,0,1,1,1,1,1
2026-03-28 12:24:53.413,710.011,0,10,10,-69.25,1,1,0,1,1,1,1,1
2026-03-28 12:24:53.477,710.076,0,9,10,-65.78,1,1,0,1,1,1,1,1
2026-03-28 12:24:53.574,710.172,0,10,10,-68.54,1,1,0,1,1,1,1,1
2026-03-28 12:24:53.685,710.284,-2,7,10,-67.52,1,1,0,1,1,1,1,1
2026-03-28 12:24:53.797,710.396,-2,10,10,-65.09,1,1,0,1,1,1,1,1
2026-03-28 12:24:53.893,710.491,0,7,10,-69.59,1,1,0,1,1,1,1,1
2026-03-28 12:24:53.972,710.571,0,10,10,-69.34,1,1,0,1,1,1,1,1
2026-03-28 12:24:54.021,710.620,0,7,10,-70.25,1,1,0,1,1,1,1,1
2026-03-28 12:24:54.132,710.730,-2,7,10,-69.76,1,1,0,1,1,1,1,1
2026-03-28 12:24:54.181,710.779,-2,10,11,-63.61,1,1,0,1,1,1,1,1
2026-03-28 12:24:54.293,710.892,0,10,8,-71.39,1,1,0,1,1,1,1,1
2026-03-28 12:24:54.341,710.939,-2,10,8,-70.51,1,1,0,1,1,1,1,1
2026-03-28 12:24:54.453,711.052,0,10,10,-67.87,1,1,0,1,1,1,1,1
2026-03-28 12:24:54.501,711.100,0,10,10,-68.73,1,1,0,1,1,1,1,1
2026-03-28 12:24:54.549,711.148,0,10,10,-65.44,1,1,0,1,1,1,1,1
2026-03-28 12:24:54.629,711.227,-2,10,10,-70.46,1,1,0,1,1,1,1,1
2026-03-28 12:24:54.677,711.275,-2,9,10,-69.53,1,1,0,1,1,1,1,1
2026-03-28 12:24:54.725,711.324,0,10,10,-71.89,1,1,0,1,1,1,1,1
2026-03-28 12:24:54.838,711.436,-1,7,11,-74.77,1,1,0,1,1,1,1,1
2026-03-28 12:24:54.869,711.467,0,10,10,-70.9,1,1,0,1,1,1,1,1
2026-03-28 12:24:54.917,711.515,0,10,10,-68.45,1,1,0,1,1,1,1,1
2026-03-28 12:24:54.981,711.579,-2,10,10,-70.75,1,1,0,1,1,1,1,1
2026-03-28 12:24:55.093,711.691,-2,10,10,-70.75,1,1,0,1,1,1,1,1
2026-03-28 12:24:55.141,711.739,-2,10,10,-70.15,1,1,0,1,1,1,1,1
2026-03-28 12:24:55.221,711.819,-1,7,10,-68.53,1,1,0,1,1,1,1,1
2026-03-28 12:24:55.333,711.931,-2,10,10,-65.3,1,1,0,1,1,1,1,1
2026-03-28 12:24:55.366,711.964,0,10,10,-68.93,1,1,0,1,1,1,1,1
2026-03-28 12:24:55.445,712.044,0,10,10,-67.66,1,1,0,1,1,1,1,1
2026-03-28 12:24:55.557,712.155,0,10,10,-68.02,1,1,0,1,1,1,1,1
2026-03-28 12:24:55.685,712.284,-2,10,10,-69.88,1,1,0,1,1,1,1,1
2026-03-28 12:24:55.701,712.300,0,7,10,-68.03,1,1,0,1,1,1,1,1
2026-03-28 12:24:55.797,712.395,0,10,10,-69.06,1,1,0,1,1,1,1,1
2026-03-28 12:24:55.861,712.459,0,10,10,-64.54,1,1,0,1,1,1,1,1
2026-03-28 12:24:55.926,712.524,-2,7,10,-70.68,1,1,0,1,1,1,1,1
2026-03-28 12:24:56.037,712.636,-2,10,10,-68.97,1,1,0,1,1,1,1,1
2026-03-28 12:24:56.053,712.651,-2,10,10,-68.35,1,1,0,1,1,1,1,1
2026-03-28 12:24:56.229,712.828,0,10,10,-69.58,1,1,0,1,1,1,1,1
2026-03-28 12:24:56.293,712.892,0,10,10,-65.44,1,1,0,1,1,1,1,1
2026-03-28 12:24:56.389,712.987,-2,10,10,-68.17,1,1,0,1,1,1,1,1
2026-03-28 12:24:56.469,713.067,-2,10,10,-65.7,1,1,0,1,1,1,1,1
2026-03-28 12:24:56.550,713.148,-2,10,10,-67.87,1,1,0,1,1,1,1,1
2026-03-28 12:24:56.613,713.211,-2,10,10,-67.78,1,1,0,1,1,1,1,1
2026-03-28 12:24:56.725,713.323,-2,7,10,-72.58,1,1,0,1,1,1,1,1
2026-03-28 12:24:56.821,713.419,-2,7,10,-66.23,1,1,0,1,1,1,1,1
2026-03-28 12:24:56.901,713.499,0,7,10,-68.12,1,1,0,1,1,1,1,1
2026-03-28 12:24:56.997,713.595,-2,7,10,-66.6,1,1,0,1,1,1,1,1
2026-03-28 12:24:57.076,713.674,0,10,10,-65.01,1,1,0,1,1,1,1,1
2026-03-28 12:24:57.142,713.740,-2,10,10,-70.64,1,1,0,1,1,1,1,1
2026-03-28 12:24:57.189,713.787,0,7,10,-69.16,1,1,0,1,1,1,1,1
2026-03-28 12:24:57.268,713.867,0,10,10,-68.26,1,1,0,1,1,1,1,1
2026-03-28 12:24:57.365,713.963,0,10,10,-68.1,1,1,0,1,1,1,1,1
2026-03-28 12:24:57.477,714.075,-2,10,10,-69.29,1,1,0,1,1,1,1,1
2026-03-28 12:24:57.509,714.107,0,10,10,-66.78,1,1,0,1,1,1,1,1
2026-03-28 12:24:57.621,714.219,-2,10,10,-69.72,1,1,0,1,1,1,1,1
2026-03-28 12:24:57.684,714.282,-2,7,10,-68.48,1,1,0,1,1,1,1,1
2026-03-28 12:24:57.717,714.315,-2,10,10,-73.15,1,1,0,1,1,1,1,1
2026-03-28 12:24:57.845,714.443,0,10,10,-67.67,1,1,0,1,1,1,1,1
2026-03-28 12:24:57.877,714.475,0,7,10,-69.78,1,1,0,1,1,1,1,1
2026-03-28 12:24:57.973,714.571,-2,7,10,-65.23,1,1,0,1,1,1,1,1
2026-03-28 12:24:58.117,714.715,-2,10,10,-65.73,1,1,0,1,1,1,1,1
2026-03-28 12:24:58.118,714.716,0,10,10,-67.49,1,1,0,1,1,1,1,1
2026-03-28 12:24:58.245,714.844,0,7,10,-70.06,1,1,0,1,1,1,1,1
2026-03-28 12:24:58.357,714.955,-2,7,10,-66.93,1,1,0,1,1,1,1,1
2026-03-28 12:24:58.373,714.971,-2,7,10,-73.19,1,1,0,1,1,1,1,1
2026-03-28 12:24:58.453,715.051,0,7,10,-68.98,1,1,0,1,1,1,1,1
2026-03-28 12:24:58.517,715.115,0,10,10,-72.69,1,1,0,1,1,1,1,1
2026-03-28 12:24:58.597,715.196,0,10,10,-68.42,1,1,0,1,1,1,1,1
2026-03-28 12:24:58.693,715.292,-2,10,10,-70.82,1,1,0,1,1,1,1,1
2026-03-28 12:24:58.789,715.388,-2,10,10,-64.68,1,1,0,1,1,1,1,1
2026-03-28 12:24:58.853,715.452,-2,10,10,-67.99,1,1,0,1,1,1,1,1
2026-03-28 12:24:58.965,715.563,-2,7,10,-70.33,1,1,0,1,1,1,1,1
2026-03-28 12:24:59.045,715.644,-2,7,10,-67.12,1,1,0,1,1,1,1,1
2026-03-28 12:24:59.140,715.739,0,7,10,-64.29,1,1,0,1,1,1,1,1
2026-03-28 12:24:59.204,715.802,-2,7,10,-74.33,1,1,0,1,1,1,1,1
2026-03-28 12:24:59.301,715.899,-2,10,10,-64.38,1,1,0,1,1,1,1,1
2026-03-28 12:24:59.380,715.979,-2,7,10,-67.49,1,1,0,1,1,1,1,1
2026-03-28 12:24:59.525,716.123,-2,10,10,-72.15,1,1,0,1,1,1,1,1
2026-03-28 12:24:59.541,716.139,-2,10,10,-67.75,1,1,0,1,1,1,1,1
2026-03-28 12:24:59.653,716.251,-2,10,10,-68.33,1,1,0,1,1,1,1,1
2026-03-28 12:24:59.685,716.283,0,10,10,-68.26,1,1,0,1,1,1,1,1
2026-03-28 12:24:59.797,716.396,0,7,10,-69.33,1,1,0,1,1,1,1,1
2026-03-28 12:24:59.877,716.476,-2,10,10,-67.84,1,1,0,1,1,1,1,1
2026-03-28 12:24:59.893,716.491,-2,10,10,-66.36,1,1,0,1,1,1,1,1
2026-03-28 12:25:00.004,716.603,0,10,10,-70.92,1,1,0,1,1,1,1,1
2026-03-28 12:25:00.053,716.652,0,7,10,-70.43,1,1,0,1,1,1,1,1
2026-03-28 12:25:00.117,716.715,0,10,10,-70.31,1,1,0,1,1,1,1,1
2026-03-28 12:25:00.244,716.843,0,10,10,-69.22,1,1,0,1,1,1,1,1
2026-03-28 12:25:00.308,716.907,-2,7,10,-66.09,1,1,0,1,1,1,1,1
2026-03-28 12:25:00.437,717.035,-2,7,10,-79.47,1,1,0,1,1,1,1,1
2026-03-28 12:25:00.484,717.083,0,10,10,-68.01,1,1,0,1,1,1,1,1
2026-03-28 12:25:00.581,717.179,0,9,10,-66.55,1,1,0,1,1,1,1,1
2026-03-28 12:25:00.644,717.243,-2,7,10,-69.88,1,1,0,1,1,1,1,1
2026-03-28 12:25:00.757,717.355,0,10,10,-69.37,1,1,0,1,1,1,1,1
2026-03-28 12:25:00.805,717.403,0,7,10,-76.13,1,1,0,1,1,1,1,1
2026-03-28 12:25:00.949,717.547,0,7,10,-67.65,1,1,0,1,1,1,1,1
2026-03-28 12:25:00.980,717.579,0,7,10,-72.22,1,1,0,1,1,1,1,1
2026-03-28 12:25:01.045,717.643,-2,7,10,-69.25,1,1,0,1,1,1,1,1
2026-03-28 12:25:01.141,717.739,0,7,10,-69.78,1,1,0,1,1,1,1,1
2026-03-28 12:25:01.188,717.787,0,7,10,-75.14,1,1,0,1,1,1,1,1
2026-03-28 12:25:01.284,717.882,0,10,10,-69.4,1,1,0,1,1,1,1,1
2026-03-28 12:25:01.364,717.963,0,9,10,-66.95,1,1,0,1,1,1,1,1
2026-03-28 12:25:01.477,718.076,-2,7,10,-70.4,1,1,0,1,1,1,1,1
2026-03-28 12:25:01.572,718.170,0,10,10,-67.24,1,1,0,1,1,1,1,1
2026-03-28 12:25:01.685,718.283,-2,10,10,-65.44,1,1,0,1,1,1,1,1
2026-03-28 12:25:01.781,718.379,0,7,10,-68.52,1,1,0,1,1,1,1,1
2026-03-28 12:25:01.861,718.459,0,10,10,-62.46,1,1,0,1,1,1,1,1
2026-03-28 12:25:01.973,718.571,0,10,10,-63.14,1,1,0,1,1,1,1,1
2026-03-28 12:25:02.004,718.603,-2,10,10,-63.51,1,1,0,1,1,1,1,1
2026-03-28 12:25:02.069,718.668,-2,10,10,-62.88,1,1,0,1,1,1,1,1
2026-03-28 12:25:02.165,718.763,0,8,10,-62.86,1,1,0,1,1,1,1,1
2026-03-28 12:25:02.245,718.844,0,7,10,-63.38,1,1,0,1,1,1,1,1
2026-03-28 12:25:02.341,718.939,0,7,10,-68.69,1,1,0,1,1,1,1,1
2026-03-28 12:25:02.437,719.035,0,10,10,-69.4,1,1,0,1,1,1,1,1
2026-03-28 12:25:02.485,719.083,0,7,10,-62.87,1,1,0,1,1,1,1,1
2026-03-28 12:25:02.597,719.195,0,7,10,-63.33,1,1,0,1,1,1,1,1
2026-03-28 12:25:02.677,719.275,-2,7,10,-66.74,1,1,0,1,1,1,1,1
2026-03-28 12:25:02.789,719.388,0,7,10,-68.51,1,1,0,1,1,1,1,1
2026-03-28 12:25:02.853,719.451,0,10,10,-66.5,1,1,0,1,1,1,1,1
2026-03-28 12:25:02.933,719.532,0,10,10,-68.14,1,1,0,1,1,1,1,1
2026-03-28 12:25:02.997,719.596,0,7,10,-67.58,1,1,0,1,1,1,1,1
2026-03-28 12:25:03.060,719.659,0,7,10,-67.31,1,1,0,1,1,1,1,1
2026-03-28 12:25:03.189,719.787,0,10,10,-63.74,1,1,0,1,1,1,1,1
2026-03-28 12:25:03.268,719.866,0,10,10,-69.46,1,1,0,1,1,1,1,1
2026-03-28 12:25:03.397,719.995,0,10,10,-66.49,1,1,0,1,1,1,1,1
2026-03-28 12:25:03.493,720.091,-2,10,10,-70.65,1,1,0,1,1,1,1,1
2026-03-28 12:25:03.508,720.107,-2,10,10,-70.06,1,1,0,1,1,1,1,1
2026-03-28 12:25:03.589,720.187,0,10,10,-65.59,1,1,0,1,1,1,1,1
2026-03-28 12:25:03.652,720.251,0,10,10,-62.21,1,1,0,1,1,1,1,1
2026-03-28 12:25:03.700,720.298,-2,7,10,-64.78,1,1,0,1,1,1,1,1
2026-03-28 12:25:03.764,720.363,-2,10,10,-70.87,1,1,0,1,1,1,1,1
2026-03-28 12:25:03.829,720.427,0,10,10,-64.27,1,1,0,1,1,1,1,1
2026-03-28 12:25:03.957,720.555,-2,10,10,-70.18,1,1,0,1,1,1,1,1
2026-03-28 12:25:04.021,720.619,-2,10,8,-69.49,1,1,0,1,1,1,1,1
2026-03-28 12:25:04.036,720.635,0,10,8,-64.88,1,1,0,1,1,1,1,1
2026-03-28 12:25:04.164,720.762,0,10,10,-65.04,1,1,0,1,1,1,1,1
2026-03-28 12:25:04.212,720.811,-2,10,10,-69.55,1,1,0,1,1,1,1,1
2026-03-28 12:25:04.309,720.907,0,10,10,-67.73,1,1,0,1,1,1,1,1
2026-03-28 12:25:04.421,721.019,-2,10,10,-67.32,1,1,0,1,1,1,1,1
2026-03-28 12:25:04.452,721.050,-2,7,10,-63.87,1,1,0,1,1,1,1,1
2026-03-28 12:25:04.517,721.115,-2,7,10,-64.58,1,1,0,1,1,1,1,1
2026-03-28 12:25:04.597,721.195,0,10,10,-66.82,1,1,0,1,1,1,1,1
2026-03-28 12:25:04.725,721.323,-2,10,10,-67.84,1,1,0,1,1,1,1,1
2026-03-28 12:25:04.740,721.339,0,7,10,-70.19,1,1,0,1,1,1,1,1
2026-03-28 12:25:04.820,721.419,-2,10,10,-64.98,1,1,0,1,1,1,1,1
2026-03-28 12:25:04.917,721.516,-2,10,10,-71.21,1,1,0,1,1,1,1,1
2026-03-28 12:25:04.980,721.579,0,10,10,-64.09,1,1,0,1,1,1,1,1
2026-03-28 12:25:05.061,721.659,-2,10,10,-67.58,1,1,0,1,1,1,1,1
2026-03-28 12:25:05.124,721.723,-2,7,10,-62.27,1,1,0,1,1,1,1,1
2026-03-28 12:25:05.220,721.818,-2,7,10,-71.06,1,1,0,1,1,1,1,1
2026-03-28 12:25:05.300,721.899,0,7,10,-70.47,1,1,0,1,1,1,1,1
2026-03-28 12:25:05.333,721.931,0,10,10,-63.76,1,1,0,1,1,1,1,1
2026-03-28 12:25:05.429,722.027,-2,7,10,-63.82,1,1,0,1,1,1,1,1
2026-03-28 12:25:05.477,722.075,-2,7,10,-67.5,1,1,0,1,1,1,1,1
2026-03-28 12:25:05.556,722.155,-2,10,10,-67.32,1,1,0,1,1,1,1,1
2026-03-28 12:25:05.636,722.235,-2,10,10,-68.79,1,1,0,1,1,1,1,1
2026-03-28 12:25:05.701,722.299,0,9,10,-66.64,1,1,0,1,1,1,1,1
2026-03-28 12:25:05.795,722.394,0,10,10,-66.07,1,1,0,1,1,1,1,1
2026-03-28 12:25:05.844,722.443,-2,10,10,-63.73,1,1,0,1,1,1,1,1
2026-03-28 12:25:05.907,722.506,0,10,10,-64.91,1,1,0,1,1,1,1,1
2026-03-28 12:25:06.021,722.619,0,10,10,-70.52,1,1,0,1,1,1,1,1
2026-03-28 12:25:06.084,722.683,-2,10,10,-64.71,1,1,0,1,1,1,1,1
2026-03-28 12:25:06.197,722.795,-2,10,10,-66.43,1,1,0,1,1,1,1,1
2026-03-28 12:25:06.277,722.876,-2,9,10,-61.24,1,1,0,1,1,1,1,1
2026-03-28 12:25:06.308,722.906,-2,7,10,-64.61,1,1,0,1,1,1,1,1
2026-03-28 12:25:06.389,722.987,-2,7,10,-64.93,1,1,0,1,1,1,1,1
2026-03-28 12:25:06.501,723.099,-2,7,10,-63.93,1,1,0,1,1,1,1,1
2026-03-28 12:25:06.564,723.163,-2,9,10,-69.15,1,1,0,1,1,1,1,1
2026-03-28 12:25:06.629,723.227,-2,9,10,-65.64,1,1,0,1,1,1,1,1
2026-03-28 12:25:06.676,723.275,0,7,10,-64.42,1,1,0,1,1,1,1,1
2026-03-28 12:25:06.741,723.339,0,7,10,-63.07,1,1,0,1,1,1,1,1
2026-03-28 12:25:06.836,723.435,0,10,10,-63.85,1,1,0,1,1,1,1,1
2026-03-28 12:25:06.900,723.499,-2,7,10,-67.76,1,1,0,1,1,1,1,1
2026-03-28 12:25:06.981,723.579,-2,10,10,-65.2,1,1,0,1,1,1,1,1
2026-03-28 12:25:07.045,723.643,-2,10,10,-66.35,1,1,0,1,1,1,1,1
2026-03-28 12:25:07.157,723.755,0,10,10,-64.76,1,1,0,1,1,1,1,1
2026-03-28 12:25:07.188,723.787,-2,10,10,-68.49,1,1,0,1,1,1,1,1
2026-03-28 12:25:07.284,723.883,0,10,10,-67.38,1,1,0,1,1,1,1,1
2026-03-28 12:25:07.349,723.947,0,9,10,-66.84,1,1,0,1,1,1,1,1
2026-03-28 12:25:07.429,724.027,-2,7,10,-71.52,1,1,0,1,1,1,1,1
2026-03-28 12:25:07.557,724.155,-2,9,10,-67.61,1,1,0,1,1,1,1,1
2026-03-28 12:25:07.732,724.331,-2,10,10,-62.17,1,1,0,1,1,1,1,1
2026-03-28 12:25:07.765,724.363,-2,10,10,-66.82,1,1,0,1,1,1,1,1
2026-03-28 12:25:07.829,724.427,-2,7,10,-67.62,1,1,0,1,1,1,1,1
2026-03-28 12:25:07.909,724.507,-2,7,10,-67.04,1,1,0,1,1,1,1,1
2026-03-28 12:25:08.037,724.635,0,10,10,-64.66,1,1,0,1,1,1,1,1
2026-03-28 12:25:08.149,724.747,-2,7,10,-62.09,1,1,0,1,1,1,1,1
2026-03-28 12:25:08.308,724.906,0,7,10,-67.45,1,1,0,1,1,1,1,1
2026-03-28 12:25:08.324,724.923,0,7,10,-63.08,1,1,0,1,1,1,1,1
2026-03-28 12:25:08.405,725.003,0,10,10,-64.63,1,1,0,1,1,1,1,1
2026-03-28 12:25:08.468,725.067,0,10,10,-63.24,1,1,0,1,1,1,1,1
2026-03-28 12:25:08.565,725.163,0,10,10,-71.1,1,1,0,1,1,1,1,1
2026-03-28 12:25:08.597,725.195,0,10,10,-64.62,1,1,0,1,1,1,1,1
2026-03-28 12:25:08.725,725.323,0,7,10,-65.58,1,1,0,1,1,1,1,1
2026-03-28 12:25:08.756,725.354,-2,9,10,-62.89,1,1,0,1,1,1,1,1
2026-03-28 12:25:08.852,725.451,0,7,10,-68.32,1,1,0,1,1,1,1,1
2026-03-28 12:25:08.900,725.499,-2,10,10,-65.15,1,1,0,1,1,1,1,1
2026-03-28 12:25:09.012,725.611,-2,10,10,-62.41,1,1,0,1,1,1,1,1
2026-03-28 12:25:09.109,725.707,-2,10,10,-63.68,1,1,0,1,1,1,1,1
2026-03-28 12:25:09.188,725.787,-2,10,10,-66.81,1,1,0,1,1,1,1,1
2026-03-28 12:25:09.220,725.819,-2,10,10,-63.55,1,1,0,1,1,1,1,1
2026-03-28 12:25:09.365,725.963,-2,10,10,-66.95,1,1,0,1,1,1,1,1
2026-03-28 12:25:09.428,726.027,-2,9,10,-69.45,1,1,0,1,1,1,1,1
2026-03-28 12:25:09.477,726.075,-2,10,10,-68.39,1,1,0,1,1,1,1,1
2026-03-28 12:25:09.557,726.155,-2,10,10,-63.37,1,1,0,1,1,1,1,1
2026-03-28 12:25:09.620,726.219,-2,7,10,-64.9,1,1,0,1,1,1,1,1
2026-03-28 12:25:09.748,726.347,-2,9,10,-62.85,1,1,0,1,1,1,1,1
2026-03-28 12:25:09.845,726.443,0,10,10,-66.01,1,1,0,1,1,1,1,1
2026-03-28 12:25:09.941,726.539,0,10,10,-63.25,1,1,0,1,1,1,1,1
2026-03-28 12:25:10.052,726.651,-2,10,10,-61.67,1,1,0,1,1,1,1,1
2026-03-28 12:25:10.164,726.763,-2,10,10,-66.72,1,1,0,1,1,1,1,1
2026-03-28 12:25:10.261,726.860,0,7,10,-64.58,1,1,0,1,1,1,1,1
2026-03-28 12:25:10.309,726.907,0,7,10,-65.7,1,1,0,1,1,1,1,1
2026-03-28 12:25:10.436,727.034,0,7,10,-65.59,1,1,0,1,1,1,1,1
2026-03-28 12:25:10.501,727.099,0,10,10,-65.82,1,1,0,1,1,1,1,1
2026-03-28 12:25:10.580,727.178,0,10,10,-66.14,1,1,0,1,1,1,1,1
2026-03-28 12:25:10.660,727.259,0,10,10,-65.68,1,1,0,1,1,1,1,1
2026-03-28 12:25:10.725,727.323,0,7,10,-70.15,1,1,0,1,1,1,1,1
2026-03-28 12:25:10.772,727.371,-2,7,10,-64.1,1,1,0,1,1,1,1,1
2026-03-28 12:25:10.852,727.451,-2,7,10,-69.83,1,1,0,1,1,1,1,1
2026-03-28 12:25:10.964,727.563,-2,10,10,-69.0,1,1,0,1,1,1,1,1
2026-03-28 12:25:11.045,727.643,-2,10,10,-66.78,1,1,0,1,1,1,1,1
2026-03-28 12:25:11.092,727.691,-2,7,10,-63.67,1,1,0,1,1,1,1,1
2026-03-28 12:25:11.156,727.754,-2,9,10,-66.28,1,1,0,1,1,1,1,1
2026-03-28 12:25:11.220,727.818,-2,10,10,-65.21,1,1,0,1,1,1,1,1
2026-03-28 12:25:11.332,727.931,-2,7,10,-66.04,1,1,0,1,1,1,1,1
2026-03-28 12:25:11.397,727.995,-2,7,10,-66.11,1,1,0,1,1,1,1,1
2026-03-28 12:25:11.476,728.074,-2,10,10,-68.54,1,1,0,1,1,1,1,1
2026-03-28 12:25:11.556,728.155,0,10,10,-63.19,1,1,0,1,1,1,1,1
2026-03-28 12:25:11.604,728.203,0,10,10,-63.62,1,1,0,1,1,1,1,1
2026-03-28 12:25:11.700,728.299,-2,10,10,-65.68,1,1,0,1,1,1,1,1
2026-03-28 12:25:11.780,728.378,0,9,10,-67.9,1,1,0,1,1,1,1,1
2026-03-28 12:25:11.860,728.458,-2,7,10,-66.17,1,1,0,1,1,1,1,1
2026-03-28 12:25:11.988,728.586,0,7,10,-66.56,1,1,0,1,1,1,1,1
2026-03-28 12:25:12.004,728.602,-2,10,10,-63.64,1,1,0,1,1,1,1,1
2026-03-28 12:25:12.068,728.666,-2,7,10,-66.42,1,1,0,1,1,1,1,1
2026-03-28 12:25:12.148,728.747,0,10,10,-61.82,1,1,0,1,1,1,1,1
2026-03-28 12:25:12.261,728.859,-2,9,10,-64.95,1,1,0,1,1,1,1,1
2026-03-28 12:25:12.308,728.907,-2,10,10,-65.32,1,1,0,1,1,1,1,1
2026-03-28 12:25:12.404,729.003,-2,10,10,-65.61,1,1,0,1,1,1,1,1
2026-03-28 12:25:12.484,729.082,0,7,10,-68.3,1,1,0,1,1,1,1,1
2026-03-28 12:25:12.596,729.194,0,10,10,-65.32,1,1,0,1,1,1,1,1
2026-03-28 12:25:12.660,729.258,0,10,10,-65.76,1,1,0,1,1,1,1,1
2026-03-28 12:25:12.724,729.323,0,7,10,-66.25,1,1,0,1,1,1,1,1
2026-03-28 12:25:12.836,729.434,0,10,10,-62.89,1,1,0,1,1,1,1,1
2026-03-28 12:25:12.917,729.515,-2,10,10,-66.43,1,1,0,1,1,1,1,1
2026-03-28 12:25:12.964,729.563,0,7,10,-65.69,1,1,0,1,1,1,1,1
2026-03-28 12:25:13.044,729.643,0,7,10,-64.93,1,1,0,1,1,1,1,1
2026-03-28 12:25:13.076,729.674,0,7,10,-64.91,1,1,0,1,1,1,1,1
2026-03-28 12:25:13.157,729.755,0,10,10,-63.44,1,1,0,1,1,1,1,1
2026-03-28 12:25:13.267,729.866,0,10,10,-65.61,1,1,0,1,1,1,1,1
2026-03-28 12:25:13.379,729.977,0,10,10,-65.9,1,1,0,1,1,1,1,1
2026-03-28 12:25:13.412,730.011,0,10,10,-69.78,1,1,0,1,1,1,1,1
2026-03-28 12:25:13.509,730.107,-2,7,10,-62.08,1,1,0,1,1,1,1,1
2026-03-28 12:25:13.588,730.186,0,7,10,-63.01,1,1,0,1,1,1,1,1
2026-03-28 12:25:13.652,730.250,-2,10,10,-65.41,1,1,0,1,1,1,1,1
2026-03-28 12:25:13.732,730.330,-2,7,10,-66.29,1,1,0,1,1,1,1,1
2026-03-28 12:25:13.829,730.427,-2,7,10,-66.95,1,1,0,1,1,1,1,1
2026-03-28 12:25:13.924,730.523,-2,10,10,-66.64,1,1,0,1,1,1,1,1
2026-03-28 12:25:13.989,730.587,-1,7,10,-61.46,1,1,0,1,1,1,1,1
2026-03-28 12:25:14.084,730.683,-2,10,10,-64.68,1,1,0,1,1,1,1,1
2026-03-28 12:25:14.165,730.763,-2,7,10,-65.79,1,1,0,1,1,1,1,1
2026-03-28 12:25:14.276,730.874,-2,10,10,-66.09,1,1,0,1,1,1,1,1
2026-03-28 12:25:14.340,730.938,-2,10,10,-64.19,1,1,0,1,1,1,1,1
2026-03-28 12:25:14.436,731.034,-2,9,10,-62.87,1,1,0,1,1,1,1,1
2026-03-28 12:25:14.516,731.115,-2,7,10,-66.31,1,1,0,1,1,1,1,1
2026-03-28 12:25:14.548,731.147,-2,10,10,-63.63,1,1,0,1,1,1,1,1
2026-03-28 12:25:14.724,731.323,-2,7,10,-64.51,1,1,0,1,1,1,1,1
2026-03-28 12:25:14.804,731.403,0,9,10,-61.71,1,1,0,1,1,1,1,1
2026-03-28 12:25:14.884,731.482,-2,7,10,-63.36,1,1,0,1,1,1,1,1
2026-03-28 12:25:14.964,731.563,-2,10,10,-65.66,1,1,0,1,1,1,1,1
2026-03-28 12:25:14.996,731.595,-1,7,10,-62.84,1,1,0,1,1,1,1,1
2026-03-28 12:25:15.093,731.691,1,11,11,-68.12,1,1,0,1,1,1,1,1
2026-03-28 12:25:15.171,731.770,1,8,11,-65.24,1,1,0,1,1,1,1,1
2026-03-28 12:25:15.300,731.898,1,10,11,-63.35,1,1,0,1,1,1,1,1
2026-03-28 12:25:15.364,731.963,1,10,11,-67.54,1,1,0,1,1,1,1,1
2026-03-28 12:25:15.429,732.027,1,8,11,-67.77,1,1,0,1,1,1,1,1
2026-03-28 12:25:15.492,732.091,1,11,11,-65.52,1,1,0,1,1,1,1,1
2026-03-28 12:25:15.620,732.219,0,7,10,-64.13,1,1,0,1,1,1,1,1
2026-03-28 12:25:15.652,732.250,-2,7,10,-65.39,1,1,0,1,1,1,1,1
2026-03-28 12:25:15.716,732.314,0,9,10,-66.81,1,1,0,1,1,1,1,1
2026-03-28 12:25:15.829,732.427,0,9,10,-66.74,1,1,0,1,1,1,1,1
2026-03-28 12:25:15.940,732.538,0,10,10,-65.65,1,1,0,1,1,1,1,1
2026-03-28 12:25:15.972,732.570,0,10,10,-61.87,1,1,0,1,1,1,1,1
2026-03-28 12:25:16.085,732.683,-2,10,10,-66.84,1,1,0,1,1,1,1,1
2026-03-28 12:25:16.148,732.747,-2,7,10,-63.29,1,1,0,1,1,1,1,1
2026-03-28 12:25:16.260,732.858,-2,7,10,-62.11,1,1,0,1,1,1,1,1
2026-03-28 12:25:16.372,732.970,0,7,10,-62.53,1,1,0,1,1,1,1,1
2026-03-28 12:25:16.419,733.018,-2,7,10,-63.9,1,1,0,1,1,1,1,1
2026-03-28 12:25:16.532,733.130,-2,7,10,-62.72,1,1,0,1,1,1,1,1
2026-03-28 12:25:16.579,733.178,-1,9,10,-63.24,1,1,0,1,1,1,1,1
2026-03-28 12:25:16.660,733.259,-2,7,10,-63.5,1,1,0,1,1,1,1,1
2026-03-28 12:25:16.740,733.339,-2,7,10,-66.3,1,1,0,1,1,1,1,1
2026-03-28 12:25:16.804,733.403,-2,10,10,-61.88,1,1,0,1,1,1,1,1
2026-03-28 12:25:16.917,733.515,-2,10,10,-67.1,1,1,0,1,1,1,1,1
2026-03-28 12:25:17.028,733.626,-2,10,10,-66.12,1,1,0,1,1,1,1,1
2026-03-28 12:25:17.108,733.707,0,7,10,-63.45,1,1,0,1,1,1,1,1
2026-03-28 12:25:17.156,733.755,0,7,10,-64.65,1,1,0,1,1,1,1,1
2026-03-28 12:25:17.236,733.835,-2,7,10,-63.84,1,1,0,1,1,1,1,1
2026-03-28 12:25:17.285,733.883,0,10,10,-66.41,1,1,0,1,1,1,1,1
2026-03-28 12:25:17.380,733.979,-2,10,10,-67.92,1,1,0,1,1,1,1,1
2026-03-28 12:25:17.492,734.090,0,7,11,-67.0,1,1,0,1,1,1,1,1
2026-03-28 12:25:17.508,734.107,0,10,10,-66.29,1,1,0,1,1,1,1,1
2026-03-28 12:25:17.684,734.283,-2,10,10,-64.7,1,1,0,1,1,1,1,1
2026-03-28 12:25:17.764,734.363,0,10,10,-63.04,1,1,0,1,1,1,1,1
2026-03-28 12:25:17.860,734.458,0,7,10,-64.95,1,1,0,1,1,1,1,1
2026-03-28 12:25:17.908,734.507,0,7,10,-63.39,1,1,0,1,1,1,1,1
2026-03-28 12:25:18.004,734.602,0,7,10,-65.74,1,1,0,1,1,1,1,1
2026-03-28 12:25:18.099,734.698,0,10,10,-61.78,1,1,0,1,1,1,1,1
2026-03-28 12:25:18.164,734.763,-2,7,10,-64.41,1,1,0,1,1,1,1,1
2026-03-28 12:25:18.260,734.858,-1,10,11,-62.53,1,1,0,1,1,1,1,1
2026-03-28 12:25:18.308,734.907,-2,10,10,-63.93,1,1,0,1,1,1,1,1
2026-03-28 12:25:18.371,734.970,0,10,10,-65.18,1,1,0,1,1,1,1,1
2026-03-28 12:25:18.452,735.050,-2,7,10,-68.0,1,1,0,1,1,1,1,1
2026-03-28 12:25:18.500,735.099,-2,10,10,-64.08,1,1,0,1,1,1,1,1
2026-03-28 12:25:18.612,735.210,0,7,10,-62.54,1,1,0,1,1,1,1,1
2026-03-28 12:25:18.676,735.274,1,7,10,-62.73,1,1,0,1,1,1,1,1
2026-03-28 12:25:18.820,735.418,-2,7,10,-67.01,1,1,0,1,1,1,1,1
2026-03-28 12:25:18.852,735.450,0,7,10,-64.04,1,1,0,1,1,1,1,1
2026-03-28 12:25:18.916,735.515,-2,7,10,-63.5,1,1,0,1,1,1,1,1
2026-03-28 12:25:18.996,735.595,-2,7,10,-64.2,1,1,0,1,1,1,1,1
2026-03-28 12:25:19.092,735.691,-2,10,10,-63.77,1,1,0,1,1,1,1,1
2026-03-28 12:25:19.171,735.769,0,10,11,-63.33,1,1,0,1,1,1,1,1
2026-03-28 12:25:19.235,735.833,-2,10,10,-63.64,1,1,0,1,1,1,1,1
2026-03-28 12:25:19.364,735.962,-2,7,10,-66.67,1,1,0,1,1,1,1,1
2026-03-28 12:25:19.428,736.027,0,7,10,-61.99,1,1,0,1,1,1,1,1
2026-03-28 12:25:19.524,736.123,0,10,10,-66.9,1,1,0,1,1,1,1,1
2026-03-28 12:25:19.588,736.186,0,10,10,-64.27,1,1,0,1,1,1,1,1
2026-03-28 12:25:19.652,736.250,0,7,10,-64.97,1,1,0,1,1,1,1,1
2026-03-28 12:25:19.747,736.346,0,10,10,-63.86,1,1,0,1,1,1,1,1
2026-03-28 12:25:19.828,736.427,-2,10,10,-65.01,1,1,0,1,1,1,1,1
2026-03-28 12:25:19.908,736.506,-2,10,10,-65.26,1,1,0,1,1,1,1,1
2026-03-28 12:25:20.020,736.618,-2,9,10,-65.55,1,1,0,1,1,1,1,1
2026-03-28 12:25:20.100,736.699,-2,10,10,-63.33,1,1,0,1,1,1,1,1
2026-03-28 12:25:20.180,736.778,0,10,10,-64.67,1,1,0,1,1,1,1,1
2026-03-28 12:25:20.228,736.826,0,10,10,-65.12,1,1,0,1,1,1,1,1
2026-03-28 12:25:20.324,736.922,0,10,10,-64.18,1,1,0,1,1,1,1,1
2026-03-28 12:25:20.420,737.018,0,7,10,-66.16,1,1,0,1,1,1,1,1
2026-03-28 12:25:20.563,737.162,0,10,10,-63.21,1,1,0,1,1,1,1,1
2026-03-28 12:25:20.644,737.242,0,9,10,-64.79,1,1,0,1,1,1,1,1
2026-03-28 12:25:20.708,737.306,0,7,10,-62.69,1,1,0,1,1,1,1,1
2026-03-28 12:25:20.788,737.387,0,10,10,-64.63,1,1,0,1,1,1,1,1
2026-03-28 12:25:20.835,737.434,0,10,10,-64.37,1,1,0,1,1,1,1,1
2026-03-28 12:25:20.932,737.530,-2,7,10,-65.65,1,1,0,1,1,1,1,1
2026-03-28 12:25:20.964,737.563,-2,10,10,-63.29,1,1,0,1,1,1,1,1
2026-03-28 12:25:21.108,737.707,-2,10,10,-67.45,1,1,0,1,1,1,1,1
2026-03-28 12:25:21.156,737.754,0,10,10,-62.8,1,1,0,1,1,1,1,1
2026-03-28 12:25:21.268,737.867,-2,7,10,-64.46,1,1,0,1,1,1,1,1
2026-03-28 12:25:21.300,737.899,-2,7,10,-66.9,1,1,0,1,1,1,1,1
2026-03-28 12:25:21.411,738.010,0,10,10,-64.98,1,1,0,1,1,1,1,1
2026-03-28 12:25:21.508,738.106,-2,10,10,-67.07,1,1,0,1,1,1,1,1
2026-03-28 12:25:21.572,738.170,0,10,10,-68.09,1,1,0,1,1,1,1,1
2026-03-28 12:25:21.652,738.250,0,10,10,-68.83,1,1,0,1,1,1,1,1
2026-03-28 12:25:21.667,738.266,0,10,10,-63.9,1,1,0,1,1,1,1,1
2026-03-28 12:25:21.732,738.330,0,10,10,-67.58,1,1,0,1,1,1,1,1
2026-03-28 12:25:21.860,738.458,-2,10,10,-65.29,1,1,0,1,1,1,1,1
2026-03-28 12:25:21.875,738.474,-2,9,10,-65.15,1,1,0,1,1,1,1,1
2026-03-28 12:25:21.972,738.570,-2,9,10,-66.89,1,1,0,1,1,1,1,1
2026-03-28 12:25:22.020,738.618,-2,10,10,-63.41,1,1,0,1,1,1,1,1
2026-03-28 12:25:22.131,738.730,0,10,10,-67.93,1,1,0,1,1,1,1,1
2026-03-28 12:25:22.196,738.794,-2,10,10,-68.69,1,1,0,1,1,1,1,1
2026-03-28 12:25:22.243,738.842,-2,10,10,-65.87,1,1,0,1,1,1,1,1
2026-03-28 12:25:22.323,738.922,0,7,10,-66.78,1,1,0,1,1,1,1,1
2026-03-28 12:25:22.387,738.986,0,7,10,-65.88,1,1,0,1,1,1,1,1
2026-03-28 12:25:22.469,739.067,0,10,10,-63.78,1,1,0,1,1,1,1,1
2026-03-28 12:25:22.516,739.115,0,9,10,-65.94,1,1,0,1,1,1,1,1
2026-03-28 12:25:22.611,739.210,0,10,10,-66.16,1,1,0,1,1,1,1,1
2026-03-28 12:25:22.723,739.322,0,9,10,-66.65,1,1,0,1,1,1,1,1
2026-03-28 12:25:22.787,739.386,0,9,10,-70.51,1,1,0,1,1,1,1,1
2026-03-28 12:25:22.883,739.482,0,7,10,-64.85,1,1,0,1,1,1,1,1
2026-03-28 12:25:22.932,739.530,0,10,10,-62.47,1,1,0,1,1,1,1,1
2026-03-28 12:25:23.011,739.609,0,10,10,-68.64,1,1,0,1,1,1,1,1
2026-03-28 12:25:23.108,739.706,0,10,10,-64.98,1,1,0,1,1,1,1,1
2026-03-28 12:25:23.203,739.802,0,7,10,-67.44,1,1,0,1,1,1,1,1
2026-03-28 12:25:23.235,739.833,-2,10,10,-68.22,1,1,0,1,1,1,1,1
2026-03-28 12:25:23.300,739.899,-2,9,10,-69.23,1,1,0,1,1,1,1,1
2026-03-28 12:25:23.396,739.994,0,7,10,-65.94,1,1,0,1,1,1,1,1
2026-03-28 12:25:23.539,740.138,0,7,10,-65.78,1,1,0,1,1,1,1,1
2026-03-28 12:25:23.555,740.154,0,10,10,-65.01,1,1,0,1,1,1,1,1
2026-03-28 12:25:23.669,740.267,-2,10,10,-64.94,1,1,0,1,1,1,1,1
2026-03-28 12:25:23.684,740.283,-2,9,10,-66.18,1,1,0,1,1,1,1,1
2026-03-28 12:25:23.780,740.378,-2,10,10,-72.09,1,1,0,1,1,1,1,1
2026-03-28 12:25:23.892,740.490,0,10,10,-63.69,1,1,0,1,1,1,1,1
2026-03-28 12:25:23.972,740.570,0,7,7,-67.69,1,1,0,1,1,1,1,1
2026-03-28 12:25:24.115,740.714,0,7,10,-64.45,1,1,0,1,1,1,1,1
2026-03-28 12:25:24.228,740.826,0,9,10,-68.39,1,1,0,1,1,1,1,1
2026-03-28 12:25:24.260,740.858,0,7,10,-66.62,1,1,0,1,1,1,1,1
2026-03-28 12:25:24.403,741.002,0,10,10,-69.2,1,1,0,1,1,1,1,1
2026-03-28 12:25:24.516,741.114,0,7,10,-64.45,1,1,0,1,1,1,1,1
2026-03-28 12:25:24.548,741.147,0,10,10,-63.87,1,1,0,1,1,1,1,1
2026-03-28 12:25:24.596,741.195,-2,10,10,-66.29,1,1,0,1,1,1,1,1
2026-03-28 12:25:24.692,741.290,-2,10,10,-67.64,1,1,0,1,1,1,1,1
2026-03-28 12:25:24.756,741.354,0,10,10,-68.14,1,1,0,1,1,1,1,1
2026-03-28 12:25:24.868,741.466,-2,7,10,-65.9,1,1,0,1,1,1,1,1
2026-03-28 12:25:25.011,741.609,-2,10,10,-63.27,1,1,0,1,1,1,1,1
2026-03-28 12:25:25.076,741.674,-2,9,10,-67.1,1,1,0,1,1,1,1,1
2026-03-28 12:25:25.139,741.738,-2,7,10,-65.88,1,1,0,1,1,1,1,1
2026-03-28 12:25:25.187,741.785,0,9,10,-64.04,1,1,0,1,1,1,1,1
2026-03-28 12:25:25.299,741.898,-2,9,10,-67.2,1,1,0,1,1,1,1,1
2026-03-28 12:25:25.379,741.978,-2,7,10,-68.99,1,1,0,1,1,1,1,1
2026-03-28 12:25:25.475,742.074,-2,10,10,-68.23,1,1,0,1,1,1,1,1
2026-03-28 12:25:25.540,742.138,0,7,10,-67.88,1,1,0,1,1,1,1,1
2026-03-28 12:25:25.603,742.201,0,7,10,-63.71,1,1,0,1,1,1,1,1
2026-03-28 12:25:25.763,742.362,0,10,10,-67.21,1,1,0,1,1,1,1,1
2026-03-28 12:25:25.779,742.377,0,10,10,-68.22,1,1,0,1,1,1,1,1
2026-03-28 12:25:25.876,742.474,0,7,10,-65.06,1,1,0,1,1,1,1,1
2026-03-28 12:25:25.908,742.506,0,7,10,-67.78,1,1,0,1,1,1,1,1
2026-03-28 12:25:26.036,742.634,0,10,10,-63.24,1,1,0,1,1,1,1,1
2026-03-28 12:25:26.116,742.714,0,10,10,-68.3,1,1,0,1,1,1,1,1
2026-03-28 12:25:26.147,742.746,-2,10,10,-66.49,1,1,0,1,1,1,1,1
2026-03-28 12:25:26.228,742.826,-2,10,10,-64.77,1,1,0,1,1,1,1,1
2026-03-28 12:25:26.292,742.890,-2,7,10,-67.23,1,1,0,1,1,1,1,1
2026-03-28 12:25:26.387,742.986,-2,7,10,-65.21,1,1,0,1,1,1,1,1
2026-03-28 12:25:26.483,743.081,-2,7,10,-66.82,1,1,0,1,1,1,1,1
2026-03-28 12:25:26.580,743.178,0,7,10,-65.94,1,1,0,1,1,1,1,1
2026-03-28 12:25:26.627,743.225,0,7,10,-68.23,1,1,0,1,1,1,1,1
2026-03-28 12:25:26.692,743.290,-2,7,10,-68.43,1,1,0,1,1,1,1,1
2026-03-28 12:25:26.756,743.354,-2,9,10,-68.89,1,1,0,1,1,1,1,1
2026-03-28 12:25:26.868,743.466,-2,10,10,-64.55,1,1,0,1,1,1,1,1
2026-03-28 12:25:26.916,743.514,-2,9,10,-65.05,1,1,0,1,1,1,1,1
2026-03-28 12:25:27.059,743.658,-2,7,10,-64.65,1,1,0,1,1,1,1,1
2026-03-28 12:25:27.108,743.706,-2,10,10,-64.22,1,1,0,1,1,1,1,1
2026-03-28 12:25:27.171,743.770,-2,9,10,-65.97,1,1,0,1,1,1,1,1
2026-03-28 12:25:27.251,743.850,-2,7,10,-70.19,1,1,0,1,1,1,1,1
2026-03-28 12:25:27.348,743.946,-2,10,10,-67.8,1,1,0,1,1,1,1,1
2026-03-28 12:25:27.396,743.994,-2,7,10,-71.12,1,1,0,1,1,1,1,1
2026-03-28 12:25:27.492,744.090,-2,10,10,-66.67,1,1,0,1,1,1,1,1
2026-03-28 12:25:27.588,744.186,-2,10,10,-64.98,1,1,0,1,1,1,1,1
2026-03-28 12:25:27.667,744.266,-1,10,10,-65.68,1,1,0,1,1,1,1,1
2026-03-28 12:25:27.747,744.346,-2,7,10,-67.42,1,1,0,1,1,1,1,1
2026-03-28 12:25:27.827,744.426,-2,7,10,-70.05,1,1,0,1,1,1,1,1
2026-03-28 12:25:27.940,744.538,0,7,10,-68.44,1,1,0,1,1,1,1,1
2026-03-28 12:25:28.019,744.618,0,7,10,-64.1,1,1,0,1,1,1,1,1
2026-03-28 12:25:28.147,744.746,0,7,10,-66.31,1,1,0,1,1,1,1,1
2026-03-28 12:25:28.179,744.778,-2,7,10,-67.02,1,1,0,1,1,1,1,1
2026-03-28 12:25:28.308,744.906,-2,10,10,-67.12,1,1,0,1,1,1,1,1
2026-03-28 12:25:28.355,744.954,-2,10,10,-70.07,1,1,0,1,1,1,1,1
2026-03-28 12:25:28.403,745.001,-2,7,10,-66.53,1,1,0,1,1,1,1,1
2026-03-28 12:25:28.484,745.082,0,7,10,-68.69,1,1,0,1,1,1,1,1
2026-03-28 12:25:28.611,745.209,0,10,10,-65.25,1,1,0,1,1,1,1,1
2026-03-28 12:25:28.659,745.258,0,10,10,-64.99,1,1,0,1,1,1,1,1
2026-03-28 12:25:28.740,745.339,-2,10,10,-65.15,1,1,0,1,1,1,1,1
2026-03-28 12:25:28.835,745.434,0,9,10,-66.84,1,1,0,1,1,1,1,1
2026-03-28 12:25:28.932,745.530,-2,10,10,-66.75,1,1,0,1,1,1,1,1
2026-03-28 12:25:29.060,745.658,0,7,10,-68.38,1,1,0,1,1,1,1,1
2026-03-28 12:25:29.075,745.673,0,9,10,-65.3,1,1,0,1,1,1,1,1
2026-03-28 12:25:29.171,745.770,-2,10,10,-64.45,1,1,0,1,1,1,1,1
2026-03-28 12:25:29.252,745.851,0,10,10,-69.12,1,1,0,1,1,1,1,1
2026-03-28 12:25:29.331,745.929,0,7,10,-66.48,1,1,0,1,1,1,1,1
2026-03-28 12:25:29.411,746.010,-2,7,10,-64.64,1,1,0,1,1,1,1,1
2026-03-28 12:25:29.523,746.122,-2,10,10,-70.07,1,1,0,1,1,1,1,1
2026-03-28 12:25:29.555,746.154,-2,10,10,-66.83,1,1,0,1,1,1,1,1
2026-03-28 12:25:29.652,746.250,-2,7,10,-66.95,1,1,0,1,1,1,1,1
2026-03-28 12:25:29.683,746.281,-2,10,10,-64.37,1,1,0,1,1,1,1,1
2026-03-28 12:25:29.826,746.425,-2,10,10,-68.45,1,1,0,1,1,1,1,1
2026-03-28 12:25:29.876,746.474,-2,10,10,-66.69,1,1,0,1,1,1,1,1
2026-03-28 12:25:29.987,746.585,0,10,10,-66.16,1,1,0,1,1,1,1,1
2026-03-28 12:25:30.115,746.714,0,10,10,-65.64,1,1,0,1,1,1,1,1
2026-03-28 12:25:30.163,746.762,-2,7,10,-67.46,1,1,0,1,1,1,1,1
2026-03-28 12:25:30.227,746.826,-2,7,10,-64.85,1,1,0,1,1,1,1,1
2026-03-28 12:25:30.339,746.938,-2,7,10,-64.91,1,1,0,1,1,1,1,1
2026-03-28 12:25:30.387,746.985,-2,9,10,-65.37,1,1,0,1,1,1,1,1
2026-03-28 12:25:30.467,747.066,-2,10,10,-66.3,1,1,0,1,1,1,1,1
2026-03-28 12:25:30.547,747.146,-2,10,10,-67.9,1,1,0,1,1,1,1,1
2026-03-28 12:25:30.659,747.257,-2,10,10,-66.75,1,1,0,1,1,1,1,1
2026-03-28 12:25:30.707,747.305,0,7,10,-64.9,1,1,0,1,1,1,1,1
2026-03-28 12:25:30.803,747.401,0,10,10,-64.4,1,1,0,1,1,1,1,1
2026-03-28 12:25:30.868,747.466,0,10,10,-67.67,1,1,0,1,1,1,1,1
2026-03-28 12:25:30.883,747.481,-2,7,10,-66.14,1,1,0,1,1,1,1,1
2026-03-28 12:25:31.011,747.609,-2,7,10,-69.65,1,1,0,1,1,1,1,1
2026-03-28 12:25:31.091,747.690,-2,7,10,-63.16,1,1,0,1,1,1,1,1
2026-03-28 12:25:31.171,747.769,0,9,10,-64.7,1,1,0,1,1,1,1,1
2026-03-28 12:25:31.250,747.849,0,7,10,-67.38,1,1,0,1,1,1,1,1
2026-03-28 12:25:31.363,747.961,-2,7,10,-64.44,1,1,0,1,1,1,1,1
2026-03-28 12:25:31.379,747.977,0,7,10,-63.12,1,1,0,1,1,1,1,1
2026-03-28 12:25:31.475,748.074,0,7,10,-64.79,1,1,0,1,1,1,1,1
2026-03-28 12:25:31.523,748.122,0,10,10,-67.46,1,1,0,1,1,1,1,1
2026-03-28 12:25:31.619,748.217,0,10,10,-68.66,1,1,0,1,1,1,1,1
2026-03-28 12:25:31.700,748.298,0,10,10,-67.34,1,1,0,1,1,1,1,1
2026-03-28 12:25:31.747,748.346,0,10,10,-65.9,1,1,0,1,1,1,1,1
2026-03-28 12:25:31.843,748.441,-2,9,10,-65.54,1,1,0,1,1,1,1,1
2026-03-28 12:25:31.987,748.585,0,7,10,-68.29,1,1,0,1,1,1,1,1
2026-03-28 12:25:32.130,748.728,-2,9,10,-68.53,1,1,0,1,1,1,1,1
2026-03-28 12:25:32.227,748.825,-2,9,10,-66.5,1,1,0,1,1,1,1,1
2026-03-28 12:25:32.259,748.857,-2,7,10,-69.71,1,1,0,1,1,1,1,1
2026-03-28 12:25:32.340,748.938,0,10,10,-68.5,1,1,0,1,1,1,1,1
2026-03-28 12:25:32.403,749.001,0,7,10,-66.67,1,1,0,1,1,1,1,1
2026-03-28 12:25:32.532,749.130,0,7,10,-69.25,1,1,0,1,1,1,1,1
2026-03-28 12:25:32.595,749.193,-2,7,10,-66.55,1,1,0,1,1,1,1,1
2026-03-28 12:25:32.675,749.273,0,7,10,-69.37,1,1,0,1,1,1,1,1
2026-03-28 12:25:32.739,749.337,-2,7,10,-66.53,1,1,0,1,1,1,1,1
2026-03-28 12:25:32.899,749.497,0,7,10,-65.18,1,1,0,1,1,1,1,1
2026-03-28 12:25:32.930,749.528,0,7,10,-65.5,1,1,0,1,1,1,1,1
2026-03-28 12:25:33.010,749.609,0,10,10,-63.92,1,1,0,1,1,1,1,1
2026-03-28 12:25:33.075,749.673,-2,10,10,-69.62,1,1,0,1,1,1,1,1
2026-03-28 12:25:33.202,749.800,-2,9,10,-65.93,1,1,0,1,1,1,1,1
2026-03-28 12:25:33.267,749.865,-2,10,10,-65.28,1,1,0,1,1,1,1,1
2026-03-28 12:25:33.331,749.929,0,10,10,-67.46,1,1,0,1,1,1,1,1
2026-03-28 12:25:33.411,750.009,0,7,10,-66.2,1,1,0,1,1,1,1,1
2026-03-28 12:25:33.491,750.089,-2,9,10,-66.68,1,1,0,1,1,1,1,1
2026-03-28 12:25:33.587,750.185,-2,7,10,-66.08,1,1,0,1,1,1,1,1
2026-03-28 12:25:33.651,750.249,-2,7,10,-67.44,1,1,0,1,1,1,1,1
2026-03-28 12:25:33.683,750.281,0,10,10,-68.3,1,1,0,1,1,1,1,1
2026-03-28 12:25:33.731,750.329,0,7,10,-67.62,1,1,0,1,1,1,1,1
2026-03-28 12:25:33.843,750.441,0,10,10,-65.62,1,1,0,1,1,1,1,1
2026-03-28 12:25:33.938,750.537,0,10,10,-65.43,1,1,0,1,1,1,1,1
2026-03-28 12:25:34.019,750.617,-2,10,10,-65.33,1,1,0,1,1,1,1,1
2026-03-28 12:25:34.115,750.713,0,10,10,-66.09,1,1,0,1,1,1,1,1
2026-03-28 12:25:34.195,750.793,0,10,10,-66.87,1,1,0,1,1,1,1,1
2026-03-28 12:25:34.290,750.889,0,10,10,-68.53,1,1,0,1,1,1,1,1
2026-03-28 12:25:34.403,751.002,0,7,10,-67.74,1,1,0,1,1,1,1,1
2026-03-28 12:25:34.419,751.018,0,10,10,-65.58,1,1,0,1,1,1,1,1
2026-03-28 12:25:34.483,751.081,-2,10,10,-67.47,1,1,0,1,1,1,1,1
2026-03-28 12:25:34.547,751.146,-2,9,10,-65.26,1,1,0,1,1,1,1,1
2026-03-28 12:25:34.690,751.289,0,10,10,-69.0,1,1,0,1,1,1,1,1
2026-03-28 12:25:34.707,751.305,0,7,10,-64.64,1,1,0,1,1,1,1,1
2026-03-28 12:25:34.818,751.417,-2,7,10,-63.93,1,1,0,1,1,1,1,1
2026-03-28 12:25:34.883,751.482,-2,7,10,-65.49,1,1,0,1,1,1,1,1
2026-03-28 12:25:34.931,751.530,0,9,10,-69.21,1,1,0,1,1,1,1,1
2026-03-28 12:25:34.995,751.594,-2,10,10,-66.59,1,1,0,1,1,1,1,1
2026-03-28 12:25:35.091,751.689,-2,10,10,-65.38,1,1,0,1,1,1,1,1
2026-03-28 12:25:35.154,751.753,0,9,10,-64.34,1,1,0,1,1,1,1,1
2026-03-28 12:25:35.283,751.882,-1,10,10,-66.29,1,1,0,1,1,1,1,1
2026-03-28 12:25:35.299,751.898,-2,7,10,-63.94,1,1,0,1,1,1,1,1
2026-03-28 12:25:35.394,751.993,-2,10,10,-64.9,1,1,0,1,1,1,1,1
2026-03-28 12:25:35.458,752.057,0,9,10,-65.89,1,1,0,1,1,1,1,1
2026-03-28 12:25:35.603,752.201,0,10,10,-62.8,1,1,0,1,1,1,1,1
2026-03-28 12:25:35.619,752.218,-2,7,10,-61.89,1,1,0,1,1,1,1,1
2026-03-28 12:25:35.730,752.329,0,10,10,-61.68,1,1,0,1,1,1,1,1
2026-03-28 12:25:35.778,752.377,0,10,10,-65.9,1,1,0,1,1,1,1,1
2026-03-28 12:25:35.890,752.488,0,9,10,-63.57,1,1,0,1,1,1,1,1
2026-03-28 12:25:35.971,752.569,0,10,10,-63.5,1,1,0,1,1,1,1,1
2026-03-28 12:25:36.035,752.633,0,7,10,-65.68,1,1,0,1,1,1,1,1
2026-03-28 12:25:36.163,752.761,0,7,10,-64.94,1,1,0,1,1,1,1,1
2026-03-28 12:25:36.227,752.826,0,10,10,-63.96,1,1,0,1,1,1,1,1
2026-03-28 12:25:36.323,752.922,0,10,10,-62.77,1,1,0,1,1,1,1,1
2026-03-28 12:25:36.387,752.985,0,9,10,-63.75,1,1,0,1,1,1,1,1
2026-03-28 12:25:36.435,753.034,0,10,10,-65.23,1,1,0,1,1,1,1,1
2026-03-28 12:25:36.531,753.129,0,7,10,-68.59,1,1,0,1,1,1,1,1
2026-03-28 12:25:36.610,753.209,0,10,10,-67.47,1,1,0,1,1,1,1,1
2026-03-28 12:25:36.723,753.321,0,10,10,-67.25,1,1,0,1,1,1,1,1
2026-03-28 12:25:36.770,753.369,0,7,10,-64.75,1,1,0,1,1,1,1,1
2026-03-28 12:25:36.803,753.401,0,7,10,-66.33,1,1,0,1,1,1,1,1
2026-03-28 12:25:36.947,753.546,0,10,10,-68.85,1,1,0,1,1,1,1,1
2026-03-28 12:25:36.979,753.578,0,10,10,-68.71,1,1,0,1,1,1,1,1
2026-03-28 12:25:37.042,753.640,0,7,10,-72.31,1,1,0,1,1,1,1,1
2026-03-28 12:25:37.123,753.721,0,10,10,-64.92,1,1,0,1,1,1,1,1
2026-03-28 12:25:37.187,753.785,-2,10,10,-71.57,1,1,0,1,1,1,1,1
2026-03-28 12:25:37.298,753.897,0,10,10,-67.47,1,1,0,1,1,1,1,1
2026-03-28 12:25:37.379,753.977,0,7,10,-72.99,1,1,0,1,1,1,1,1
2026-03-28 12:25:37.459,754.057,0,9,10,-74.37,1,1,0,1,1,1,1,1
2026-03-28 12:25:37.587,754.185,0,7,10,-68.49,1,1,0,1,1,1,1,1
2026-03-28 12:25:37.651,754.249,0,10,10,-69.87,1,1,0,1,1,1,1,1
2026-03-28 12:25:37.731,754.329,0,10,10,-65.24,1,1,0,1,1,1,1,1
2026-03-28 12:25:37.827,754.426,0,10,10,-65.28,1,1,0,1,1,1,1,1
2026-03-28 12:25:37.907,754.505,0,9,10,-68.17,1,1,0,1,1,1,1,1
2026-03-28 12:25:37.939,754.537,0,10,10,-71.9,1,1,0,1,1,1,1,1
2026-03-28 12:25:38.035,754.633,0,10,10,-70.76,1,1,0,1,1,1,1,1
2026-03-28 12:25:38.099,754.698,0,9,10,-71.38,1,1,0,1,1,1,1,1
2026-03-28 12:25:38.210,754.809,0,7,10,-76.46,1,1,0,1,1,1,1,1
2026-03-28 12:25:38.275,754.873,0,9,10,-72.49,1,1,0,1,1,1,1,1
2026-03-28 12:25:38.339,754.938,0,10,10,-70.08,1,1,0,1,1,1,1,1
2026-03-28 12:25:38.451,755.049,0,10,10,-70.22,1,1,0,1,1,1,1,1
2026-03-28 12:25:38.530,755.129,0,10,10,-74.89,1,1,0,1,1,1,1,1
2026-03-28 12:25:38.611,755.209,0,10,10,-69.61,1,1,0,1,1,1,1,1
2026-03-28 12:25:38.722,755.321,0,10,10,-66.83,1,1,0,1,1,1,1,1
2026-03-28 12:25:38.755,755.353,0,10,10,-64.49,1,1,0,1,1,1,1,1
2026-03-28 12:25:38.835,755.433,0,10,10,-67.45,1,1,0,1,1,1,1,1
2026-03-28 12:25:38.899,755.497,0,10,10,-76.04,1,1,0,1,1,1,1,1
2026-03-28 12:25:38.995,755.593,0,7,10,-68.61,1,1,0,1,1,1,1,1
2026-03-28 12:25:39.091,755.689,0,10,10,-72.88,1,1,0,1,1,1,1,1
2026-03-28 12:25:39.186,755.785,0,10,10,-68.86,1,1,0,1,1,1,1,1
2026-03-28 12:25:39.236,755.834,-2,10,10,-76.76,1,1,0,1,1,1,1,1
2026-03-28 12:25:39.347,755.946,0,10,10,-68.88,1,1,0,1,1,1,1,1
2026-03-28 12:25:39.410,756.008,0,10,10,-67.78,1,1,0,1,1,1,1,1
2026-03-28 12:25:39.459,756.058,0,7,10,-68.07,1,1,0,1,1,1,1,1
2026-03-28 12:25:39.507,756.105,0,10,10,-71.14,1,1,0,1,1,1,1,1
2026-03-28 12:25:39.602,756.201,0,9,10,-69.44,1,1,0,1,1,1,1,1
2026-03-28 12:25:39.715,756.313,0,10,10,-67.0,1,1,0,1,1,1,1,1
2026-03-28 12:25:39.746,756.345,0,9,10,-70.13,1,1,0,1,1,1,1,1
2026-03-28 12:25:39.843,756.441,0,7,10,-65.7,1,1,0,1,1,1,1,1
2026-03-28 12:25:39.890,756.488,-2,7,10,-70.64,1,1,0,1,1,1,1,1
2026-03-28 12:25:39.970,756.569,-2,10,10,-77.9,1,1,0,1,1,1,1,1
2026-03-28 12:25:40.035,756.634,-2,9,10,-72.73,1,1,0,1,1,1,1,1
2026-03-28 12:25:40.131,756.729,0,7,10,-76.89,1,1,0,1,1,1,1,1
2026-03-28 12:25:40.242,756.840,0,8,10,-70.12,1,1,0,1,1,1,1,1
2026-03-28 12:25:40.354,756.953,0,9,10,-74.08,1,1,0,1,1,1,1,1
2026-03-28 12:25:40.419,757.018,0,7,10,-68.51,1,1,0,1,1,1,1,1
2026-03-28 12:25:40.451,757.049,-2,10,10,-75.43,1,1,0,1,1,1,1,1
2026-03-28 12:25:40.531,757.129,0,9,10,-71.48,1,1,0,1,1,1,1,1
2026-03-28 12:25:40.578,757.177,0,7,10,-76.73,1,1,0,1,1,1,1,1
2026-03-28 12:25:40.659,757.257,0,7,10,-74.29,1,1,0,1,1,1,1,1
2026-03-28 12:25:40.738,757.337,0,7,10,-69.37,1,1,0,1,1,1,1,1
2026-03-28 12:25:40.851,757.449,0,7,10,-67.48,1,1,0,1,1,1,1,1
2026-03-28 12:25:40.915,757.513,-2,10,10,-78.67,1,1,0,1,1,1,1,1
2026-03-28 12:25:41.010,757.609,-2,10,10,-67.32,1,1,0,1,1,1,1,1
2026-03-28 12:25:41.091,757.689,0,10,10,-70.17,1,1,0,1,1,1,1,1
2026-03-28 12:25:41.251,757.849,0,7,10,-73.0,1,1,0,1,1,1,1,1
2026-03-28 12:25:41.362,757.961,-2,10,10,-68.42,1,1,0,1,1,1,1,1
2026-03-28 12:25:41.427,758.026,0,10,10,-68.54,1,1,0,1,1,1,1,1
2026-03-28 12:25:41.523,758.121,-2,10,10,-73.5,1,1,0,1,1,1,1,1
2026-03-28 12:25:41.586,758.185,-2,10,10,-73.56,1,1,0,1,1,1,1,1
2026-03-28 12:25:41.730,758.328,-1,10,10,-66.12,1,1,0,1,1,1,1,1
2026-03-28 12:25:41.762,758.361,0,10,10,-70.16,1,1,0,1,1,1,1,1
2026-03-28 12:25:41.874,758.473,-2,10,10,-68.18,1,1,0,1,1,1,1,1
2026-03-28 12:25:41.891,758.489,-2,10,10,-72.57,1,1,0,1,1,1,1,1
2026-03-28 12:25:42.034,758.632,-2,10,10,-75.99,1,1,0,1,1,1,1,1
2026-03-28 12:25:42.099,758.698,0,10,10,-72.88,1,1,0,1,1,1,1,1
2026-03-28 12:25:42.163,758.761,-2,10,10,-73.65,1,1,0,1,1,1,1,1
2026-03-28 12:25:42.226,758.825,-2,10,10,-72.92,1,1,0,1,1,1,1,1
2026-03-28 12:25:42.290,758.889,0,10,10,-71.82,1,1,0,1,1,1,1,1
2026-03-28 12:25:42.402,759.001,0,7,10,-72.51,1,1,0,1,1,1,1,1
2026-03-28 12:25:42.515,759.113,0,9,10,-77.87,1,1,0,1,1,1,1,1
2026-03-28 12:25:42.531,759.129,-2,10,10,-69.73,1,1,0,1,1,1,1,1
2026-03-28 12:25:42.675,759.273,0,10,10,-68.4,1,1,0,1,1,1,1,1
2026-03-28 12:25:42.739,759.337,0,10,10,-66.98,1,1,0,1,1,1,1,1
2026-03-28 12:25:42.819,759.418,0,10,10,-68.8,1,1,0,1,1,1,1,1
2026-03-28 12:25:42.931,759.529,0,7,10,-73.91,1,1,0,1,1,1,1,1
2026-03-28 12:25:42.995,759.593,0,7,10,-73.21,1,1,0,1,1,1,1,1
2026-03-28 12:25:43.027,759.625,0,10,10,-73.47,1,1,0,1,1,1,1,1
2026-03-28 12:25:43.170,759.769,0,10,10,-73.59,1,1,0,1,1,1,1,1
2026-03-28 12:25:43.203,759.801,0,10,10,-71.97,1,1,0,1,1,1,1,1
2026-03-28 12:25:43.266,759.865,0,10,10,-68.28,1,1,0,1,1,1,1,1
2026-03-28 12:25:43.347,759.945,0,7,10,-69.61,1,1,0,1,1,1,1,1
2026-03-28 12:25:43.475,760.073,-2,9,10,-66.99,1,1,0,1,1,1,1,1
2026-03-28 12:25:43.522,760.121,0,10,10,-73.37,1,1,0,1,1,1,1,1
2026-03-28 12:25:43.602,760.200,0,9,10,-69.79,1,1,0,1,1,1,1,1
2026-03-28 12:25:43.682,760.280,0,10,10,-68.86,1,1,0,1,1,1,1,1
2026-03-28 12:25:43.747,760.345,0,10,10,-68.63,1,1,0,1,1,1,1,1
2026-03-28 12:25:43.891,760.489,0,7,10,-72.29,1,1,0,1,1,1,1,1
2026-03-28 12:25:43.907,760.505,0,7,10,-70.72,1,1,0,1,1,1,1,1
2026-03-28 12:25:44.017,760.616,0,7,10,-68.47,1,1,0,1,1,1,1,1
2026-03-28 12:25:44.115,760.713,0,10,10,-81.97,1,1,0,1,1,1,1,1
2026-03-28 12:25:44.178,760.777,0,9,10,-68.59,1,1,0,1,1,1,1,1
2026-03-28 12:25:44.275,760.873,0,10,11,-71.53,1,1,0,1,1,1,1,1
2026-03-28 12:25:44.401,761.000,0,10,10,-67.07,1,1,0,1,1,1,1,1
2026-03-28 12:25:44.467,761.065,0,10,10,-71.09,1,1,0,1,1,1,1,1
2026-03-28 12:25:44.515,761.113,0,10,10,-70.19,1,1,0,1,1,1,1,1
2026-03-28 12:25:44.611,761.209,0,10,10,-71.66,1,1,0,1,1,1,1,1
2026-03-28 12:25:44.658,761.257,0,10,10,-72.95,1,1,0,1,1,1,1,1
2026-03-28 12:25:44.754,761.353,0,10,10,-75.57,1,1,0,1,1,1,1,1
2026-03-28 12:25:44.787,761.385,0,10,10,-67.59,1,1,0,1,1,1,1,1
2026-03-28 12:25:44.867,761.465,0,9,10,-76.6,1,1,0,1,1,1,1,1
2026-03-28 12:25:44.946,761.545,0,10,10,-73.57,1,1,0,1,1,1,1,1
2026-03-28 12:25:45.058,761.657,0,7,10,-76.72,1,1,0,1,1,1,1,1
2026-03-28 12:25:45.106,761.705,0,10,10,-68.96,1,1,0,1,1,1,1,1
2026-03-28 12:25:45.219,761.818,0,7,10,-74.24,1,1,0,1,1,1,1,1
2026-03-28 12:25:45.315,761.913,0,10,10,-67.49,1,1,0,1,1,1,1,1
2026-03-28 12:25:45.346,761.945,0,7,10,-69.26,1,1,0,1,1,1,1,1
2026-03-28 12:25:45.442,762.040,0,10,10,-71.75,1,1,0,1,1,1,1,1
2026-03-28 12:25:45.554,762.153,0,10,10,-68.92,1,1,0,1,1,1,1,1
2026-03-28 12:25:45.619,762.217,0,10,10,-73.13,1,1,0,1,1,1,1,1
2026-03-28 12:25:45.682,762.280,0,10,10,-69.21,1,1,0,1,1,1,1,1
2026-03-28 12:25:45.746,762.345,0,10,10,-65.83,1,1,0,1,1,1,1,1
2026-03-28 12:25:45.811,762.409,0,9,10,-74.21,1,1,0,1,1,1,1,1
2026-03-28 12:25:45.922,762.521,0,9,10,-68.76,1,1,0,1,1,1,1,1
2026-03-28 12:25:45.970,762.569,0,10,10,-75.88,1,1,0,1,1,1,1,1
2026-03-28 12:25:46.050,762.648,0,10,10,-70.66,1,1,0,1,1,1,1,1
2026-03-28 12:25:46.131,762.729,0,10,10,-68.51,1,1,0,1,1,1,1,1
2026-03-28 12:25:46.195,762.793,0,10,10,-69.95,1,1,0,1,1,1,1,1
2026-03-28 12:25:46.291,762.889,0,7,10,-67.76,1,1,0,1,1,1,1,1
2026-03-28 12:25:46.402,763.001,0,10,10,-72.61,1,1,0,1,1,1,1,1
2026-03-28 12:25:46.435,763.033,0,10,10,-67.86,1,1,0,1,1,1,1,1
2026-03-28 12:25:46.547,763.145,0,10,10,-67.98,1,1,0,1,1,1,1,1
2026-03-28 12:25:46.610,763.209,0,7,10,-72.47,1,1,0,1,1,1,1,1
2026-03-28 12:25:46.707,763.305,0,10,10,-71.77,1,1,0,1,1,1,1,1
2026-03-28 12:25:46.787,763.385,0,9,10,-70.82,1,1,0,1,1,1,1,1
2026-03-28 12:25:46.914,763.512,0,10,10,-67.33,1,1,0,1,1,1,1,1
2026-03-28 12:25:46.962,763.561,-2,9,10,-69.03,1,1,0,1,1,1,1,1
2026-03-28 12:25:47.026,763.625,-2,10,10,-70.85,1,1,0,1,1,1,1,1
2026-03-28 12:25:47.202,763.801,0,7,10,-71.19,1,1,0,1,1,1,1,1
2026-03-28 12:25:47.282,763.881,0,10,10,-68.34,1,1,0,1,1,1,1,1
2026-03-28 12:25:47.395,763.993,0,10,10,-67.54,1,1,0,1,1,1,1,1
2026-03-28 12:25:47.442,764.040,-2,10,10,-69.25,1,1,0,1,1,1,1,1
2026-03-28 12:25:47.570,764.169,0,10,10,-67.34,1,1,0,1,1,1,1,1
2026-03-28 12:25:47.619,764.217,0,10,10,-71.4,1,1,0,1,1,1,1,1
2026-03-28 12:25:47.698,764.297,0,10,10,-73.04,1,1,0,1,1,1,1,1
2026-03-28 12:25:47.795,764.393,0,10,10,-64.49,1,1,0,1,1,1,1,1
2026-03-28 12:25:47.826,764.424,0,9,10,-68.2,1,1,0,1,1,1,1,1
2026-03-28 12:25:47.859,764.457,0,10,10,-74.26,1,1,0,1,1,1,1,1
2026-03-28 12:25:47.971,764.569,0,7,10,-70.37,1,1,0,1,1,1,1,1
2026-03-28 12:25:48.035,764.633,-2,10,10,-80.88,1,1,0,1,1,1,1,1
2026-03-28 12:25:48.146,764.744,0,10,10,-75.15,1,1,0,1,1,1,1,1
2026-03-28 12:25:48.211,764.809,0,7,10,-81.42,1,1,0,1,1,1,1,1
2026-03-28 12:25:48.306,764.905,0,10,10,-74.13,1,1,0,1,1,1,1,1
2026-03-28 12:25:48.338,764.937,0,10,10,-86.76,1,1,0,1,1,1,1,1
2026-03-28 12:25:48.418,765.017,0,7,10,-76.63,1,1,0,1,1,1,1,1
2026-03-28 12:25:48.482,765.081,0,7,10,-71.89,1,1,0,1,1,1,1,1
2026-03-28 12:25:48.547,765.145,0,7,10,-72.92,1,1,0,1,1,1,1,1
2026-03-28 12:25:48.641,765.240,0,7,10,-69.91,1,1,0,1,1,1,1,1
2026-03-28 12:25:48.674,765.272,0,9,10,-68.87,1,1,0,1,1,1,1,1
2026-03-28 12:25:48.754,765.352,0,7,10,-73.25,1,1,0,1,1,1,1,1
2026-03-28 12:25:48.850,765.448,0,10,10,-77.39,1,1,0,1,1,1,1,1
2026-03-28 12:25:48.914,765.512,0,10,10,-74.19,1,1,0,1,1,1,1,1
2026-03-28 12:25:48.979,765.577,-1,10,10,-84.17,1,1,0,1,1,1,1,1
2026-03-28 12:25:49.138,765.736,0,10,10,-66.5,1,1,0,1,1,1,1,1
2026-03-28 12:25:49.251,765.849,0,10,10,-74.97,1,1,0,1,1,1,1,1
2026-03-28 12:25:49.330,765.928,0,7,10,-72.54,1,1,0,1,1,1,1,1
2026-03-28 12:25:49.395,765.993,0,7,10,-77.52,1,1,0,1,1,1,1,1
2026-03-28 12:25:49.442,766.041,0,10,10,-73.43,1,1,0,1,1,1,1,1
2026-03-28 12:25:49.522,766.120,0,9,10,-70.95,1,1,0,1,1,1,1,1
2026-03-28 12:25:49.666,766.264,0,10,10,-82.31,1,1,0,1,1,1,1,1
2026-03-28 12:25:49.682,766.281,0,10,10,-68.98,1,1,0,1,1,1,1,1
2026-03-28 12:25:49.747,766.345,-2,9,10,-82.12,1,1,0,1,1,1,1,1
2026-03-28 12:25:49.842,766.440,0,10,10,-76.63,1,1,0,1,1,1,1,1
2026-03-28 12:25:49.922,766.520,0,7,10,-73.28,1,1,0,1,1,1,1,1
2026-03-28 12:25:50.050,766.648,0,10,10,-75.01,1,1,0,1,1,1,1,1
2026-03-28 12:25:50.114,766.712,0,10,10,-70.46,1,1,0,1,1,1,1,1
2026-03-28 12:25:50.194,766.793,0,10,10,-72.2,1,1,0,1,1,1,1,1
2026-03-28 12:25:50.258,766.857,0,10,10,-69.5,1,1,0,1,1,1,1,1
2026-03-28 12:25:50.354,766.953,0,7,10,-81.56,1,1,0,1,1,1,1,1
2026-03-28 12:25:50.403,767.001,0,10,10,-76.85,1,1,0,1,1,1,1,1
2026-03-28 12:25:50.466,767.065,0,10,10,-78.09,1,1,0,1,1,1,1,1
2026-03-28 12:25:50.546,767.145,-2,7,10,-72.26,1,1,0,1,1,1,1,1
2026-03-28 12:25:50.659,767.257,0,7,10,-80.24,1,1,0,1,1,1,1,1
2026-03-28 12:25:50.738,767.336,0,7,10,-78.01,1,1,0,1,1,1,1,1
2026-03-28 12:25:50.818,767.417,0,7,10,-79.06,1,1,0,1,1,1,1,1
2026-03-28 12:25:50.898,767.497,0,10,7,-79.65,1,1,0,1,1,1,1,1
2026-03-28 12:25:50.946,767.545,0,10,10,-87.89,1,1,0,1,1,1,1,1
2026-03-28 12:25:51.027,767.625,0,10,10,-81.44,1,1,0,1,1,1,1,1
2026-03-28 12:25:51.138,767.737,0,9,10,-84.83,1,1,0,1,1,1,1,1
2026-03-28 12:25:51.202,767.801,0,10,10,-76.32,1,1,0,1,1,1,1,1
2026-03-28 12:25:51.299,767.897,0,9,10,-80.52,1,1,0,1,1,1,1,1
2026-03-28 12:25:51.331,767.929,-2,10,10,-81.08,1,1,0,1,1,1,1,1
2026-03-28 12:25:51.553,768.152,0,9,10,-71.85,1,1,0,1,1,1,1,1
2026-03-28 12:25:51.634,768.232,0,10,11,-73.5,1,1,0,1,1,1,1,1
2026-03-28 12:25:51.714,768.313,-2,10,10,-69.4,1,1,0,1,1,1,1,1
2026-03-28 12:25:51.842,768.440,0,10,11,-72.46,1,1,0,1,1,1,1,1
2026-03-28 12:25:51.874,768.472,0,8,11,-73.66,1,1,0,1,1,1,1,1
2026-03-28 12:25:51.938,768.536,0,7,10,-74.61,1,1,0,1,1,1,1,1
2026-03-28 12:25:52.034,768.632,0,7,10,-79.59,1,1,0,1,1,1,1,1
2026-03-28 12:25:52.130,768.728,0,10,10,-72.26,1,1,0,1,1,1,1,1
2026-03-28 12:25:52.210,768.808,0,10,10,-69.72,1,1,0,1,1,1,1,1
2026-03-28 12:25:52.322,768.921,0,10,10,-78.83,1,1,0,1,1,1,1,1
2026-03-28 12:25:52.419,769.017,0,10,10,-77.84,1,1,0,1,1,1,1,1
2026-03-28 12:25:52.499,769.097,1,7,10,-72.7,1,1,0,1,1,1,1,1
2026-03-28 12:25:52.562,769.161,0,8,11,-76.12,1,1,0,1,1,1,1,1
2026-03-28 12:25:52.674,769.272,1,8,11,-69.98,1,1,0,1,1,1,1,1
2026-03-28 12:25:52.770,769.368,1,10,10,-73.63,1,1,0,1,1,1,1,1
2026-03-28 12:25:52.850,769.449,0,7,10,-75.46,1,1,0,1,1,1,1,1
2026-03-28 12:25:52.883,769.481,1,11,10,-70.33,1,1,0,1,1,1,1,1
2026-03-28 12:25:52.963,769.561,0,8,11,-66.82,1,1,0,1,1,1,1,1
2026-03-28 12:25:53.074,769.672,0,7,10,-82.63,1,1,0,1,1,1,1,1
2026-03-28 12:25:53.090,769.689,1,8,11,-69.85,1,1,0,1,1,1,1,1
2026-03-28 12:25:53.250,769.849,1,10,11,-77.85,1,1,0,1,1,1,1,1
2026-03-28 12:25:53.281,769.880,1,10,11,-74.61,1,1,0,1,1,1,1,1
2026-03-28 12:25:53.346,769.945,0,10,10,-76.87,1,1,0,1,1,1,1,1
2026-03-28 12:25:53.410,770.009,0,10,11,-90.64,1,1,0,1,1,1,1,1
2026-03-28 12:25:53.506,770.105,0,10,10,-79.45,1,1,0,1,1,1,1,1
2026-03-28 12:25:53.634,770.232,0,10,11,-75.89,1,1,0,1,1,1,1,1
2026-03-28 12:25:53.778,770.377,0,10,10,-76.72,1,1,0,1,1,1,1,1
2026-03-28 12:25:53.780,770.378,0,10,10,-69.49,1,1,0,1,1,1,1,1
2026-03-28 12:25:53.938,770.536,-2,10,11,-72.2,1,1,0,1,1,1,1,1
2026-03-28 12:25:54.051,770.649,-1,10,10,-77.73,1,1,0,1,1,1,1,1
2026-03-28 12:25:54.146,770.745,0,10,10,-78.33,1,1,0,1,1,1,1,1
2026-03-28 12:25:54.178,770.776,0,9,10,-72.26,1,1,0,1,1,1,1,1
2026-03-28 12:25:54.274,770.872,-2,10,10,-77.13,1,1,0,1,1,1,1,1
2026-03-28 12:25:54.354,770.953,0,10,10,-68.98,1,1,0,1,1,1,1,1
2026-03-28 12:25:54.466,771.065,0,10,10,-76.61,1,1,0,1,1,1,1,1
2026-03-28 12:25:54.514,771.113,0,9,10,-70.77,1,1,0,1,1,1,1,1
2026-03-28 12:25:54.594,771.192,0,7,10,-75.98,1,1,0,1,1,1,1,1
2026-03-28 12:25:54.690,771.288,-2,10,10,-71.82,1,1,0,1,1,1,1,1
2026-03-28 12:25:54.754,771.352,0,10,10,-81.55,1,1,0,1,1,1,1,1
2026-03-28 12:25:54.834,771.432,0,10,10,-78.52,1,1,0,1,1,1,1,1
2026-03-28 12:25:54.898,771.497,0,10,10,-69.28,1,1,0,1,1,1,1,1
2026-03-28 12:25:55.026,771.625,-2,10,10,-74.17,1,1,0,1,1,1,1,1
2026-03-28 12:25:55.090,771.689,0,10,10,-79.68,1,1,0,1,1,1,1,1
2026-03-28 12:25:55.138,771.736,0,7,10,-75.09,1,1,0,1,1,1,1,1
2026-03-28 12:25:55.250,771.849,-2,10,10,-75.05,1,1,0,1,1,1,1,1
2026-03-28 12:25:55.347,771.945,0,10,10,-80.29,1,1,0,1,1,1,1,1
2026-03-28 12:25:55.394,771.992,-2,10,10,-77.45,1,1,0,1,1,1,1,1
2026-03-28 12:25:55.442,772.040,0,10,10,-77.14,1,1,0,1,1,1,1,1
2026-03-28 12:25:55.521,772.120,0,10,10,-83.86,1,1,0,1,1,1,1,1
2026-03-28 12:25:55.602,772.200,0,10,10,-78.59,1,1,0,1,1,1,1,1
2026-03-28 12:25:55.698,772.297,0,7,10,-78.1,1,1,0,1,1,1,1,1
2026-03-28 12:25:55.778,772.377,0,9,10,-73.97,1,1,0,1,1,1,1,1
2026-03-28 12:25:55.905,772.504,-2,10,10,-73.55,1,1,0,1,1,1,1,1
2026-03-28 12:25:55.954,772.552,0,10,10,-71.21,1,1,0,1,1,1,1,1
2026-03-28 12:25:56.002,772.600,0,10,10,-72.84,1,1,0,1,1,1,1,1
2026-03-28 12:25:56.178,772.777,0,7,10,-77.75,1,1,0,1,1,1,1,1
2026-03-28 12:25:56.210,772.808,0,7,10,-77.35,1,1,0,1,1,1,1,1
2026-03-28 12:25:56.354,772.952,0,10,10,-77.01,1,1,0,1,1,1,1,1
2026-03-28 12:25:56.370,772.969,0,10,10,-70.0,1,1,0,1,1,1,1,1
2026-03-28 12:25:56.434,773.032,0,7,10,-76.42,1,1,0,1,1,1,1,1
2026-03-28 12:25:56.546,773.144,0,10,10,-75.95,1,1,0,1,1,1,1,1
2026-03-28 12:25:56.610,773.209,-2,9,10,-77.13,1,1,0,1,1,1,1,1
2026-03-28 12:25:56.673,773.272,-2,10,10,-74.14,1,1,0,1,1,1,1,1
2026-03-28 12:25:56.754,773.352,0,10,10,-69.43,1,1,0,1,1,1,1,1
2026-03-28 12:25:56.850,773.448,0,9,10,-70.22,1,1,0,1,1,1,1,1
2026-03-28 12:25:56.898,773.496,-2,7,10,-78.06,1,1,0,1,1,1,1,1
2026-03-28 12:25:57.042,773.640,0,10,10,-74.01,1,1,0,1,1,1,1,1
2026-03-28 12:25:57.090,773.688,0,10,10,-74.9,1,1,0,1,1,1,1,1
2026-03-28 12:25:57.218,773.816,0,10,10,-74.25,1,1,0,1,1,1,1,1
2026-03-28 12:25:57.266,773.864,0,10,10,-72.31,1,1,0,1,1,1,1,1
2026-03-28 12:25:57.378,773.976,-2,10,10,-77.06,1,1,0,1,1,1,1,1
2026-03-28 12:25:57.474,774.073,0,10,8,-73.41,1,1,0,1,1,1,1,1
2026-03-28 12:25:57.554,774.152,0,10,10,-76.68,1,1,0,1,1,1,1,1
2026-03-28 12:25:57.634,774.232,0,10,10,-70.34,1,1,0,1,1,1,1,1
2026-03-28 12:25:57.682,774.280,-2,7,10,-75.26,1,1,0,1,1,1,1,1
2026-03-28 12:25:57.778,774.376,0,7,10,-77.66,1,1,0,1,1,1,1,1
2026-03-28 12:25:57.842,774.440,0,10,10,-72.48,1,1,0,1,1,1,1,1
2026-03-28 12:25:57.921,774.520,0,10,10,-77.02,1,1,0,1,1,1,1,1
2026-03-28 12:25:58.002,774.601,0,9,10,-76.2,1,1,0,1,1,1,1,1
2026-03-28 12:25:58.098,774.697,0,10,10,-69.48,1,1,0,1,1,1,1,1
2026-03-28 12:25:58.146,774.745,-2,10,10,-74.37,1,1,0,1,1,1,1,1
2026-03-28 12:25:58.242,774.840,-2,10,10,-75.58,1,1,0,1,1,1,1,1
2026-03-28 12:25:58.290,774.888,0,9,10,-75.7,1,1,0,1,1,1,1,1
2026-03-28 12:25:58.385,774.984,0,10,10,-71.74,1,1,0,1,1,1,1,1
2026-03-28 12:25:58.449,775.048,0,10,10,-71.18,1,1,0,1,1,1,1,1
2026-03-28 12:25:58.482,775.081,0,10,10,-88.18,1,1,0,1,1,1,1,1
2026-03-28 12:25:58.545,775.144,-2,7,10,-84.17,1,1,0,1,1,1,1,1
2026-03-28 12:25:58.641,775.240,0,9,10,-78.24,1,1,0,1,1,1,1,1
2026-03-28 12:25:58.689,775.288,-1,10,10,-83.2,1,1,0,1,1,1,1,1
2026-03-28 12:25:58.833,775.432,0,7,10,-74.53,1,1,0,1,1,1,1,1
2026-03-28 12:25:58.882,775.481,0,10,10,-75.03,1,1,0,1,1,1,1,1
2026-03-28 12:25:58.929,775.527,0,10,10,-72.31,1,1,0,1,1,1,1,1
2026-03-28 12:25:58.994,775.592,-2,10,10,-76.61,1,1,0,1,1,1,1,1
2026-03-28 12:25:59.121,775.720,0,10,10,-75.73,1,1,0,1,1,1,1,1
2026-03-28 12:25:59.169,775.768,-2,7,10,-77.14,1,1,0,1,1,1,1,1
2026-03-28 12:25:59.250,775.848,0,10,10,-78.28,1,1,0,1,1,1,1,1
2026-03-28 12:25:59.346,775.944,-1,10,11,-77.17,1,1,0,1,1,1,1,1
2026-03-28 12:25:59.394,775.992,-2,9,10,-75.38,1,1,0,1,1,1,1,1
2026-03-28 12:25:59.505,776.104,0,10,10,-80.17,1,1,0,1,1,1,1,1
2026-03-28 12:25:59.570,776.169,-2,10,10,-79.35,1,1,0,1,1,1,1,1
2026-03-28 12:25:59.634,776.232,-2,10,10,-76.5,1,1,0,1,1,1,1,1
2026-03-28 12:25:59.682,776.280,0,10,10,-70.23,1,1,0,1,1,1,1,1
2026-03-28 12:25:59.762,776.360,0,10,10,-75.3,1,1,0,1,1,1,1,1
2026-03-28 12:25:59.874,776.472,0,7,10,-75.82,1,1,0,1,1,1,1,1
2026-03-28 12:25:59.938,776.536,0,10,10,-74.19,1,1,0,1,1,1,1,1
2026-03-28 12:25:59.986,776.584,0,10,10,-74.71,1,1,0,1,1,1,1,1
2026-03-28 12:26:00.050,776.648,0,7,10,-80.61,1,1,0,1,1,1,1,1
2026-03-28 12:26:00.145,776.744,0,7,10,-75.76,1,1,0,1,1,1,1,1
2026-03-28 12:26:00.209,776.808,-2,10,10,-81.71,1,1,0,1,1,1,1,1
2026-03-28 12:26:00.242,776.840,0,9,10,-81.19,1,1,0,1,1,1,1,1
2026-03-28 12:26:00.337,776.935,0,7,10,-76.23,1,1,0,1,1,1,1,1
2026-03-28 12:26:00.401,777.000,-2,7,10,-70.12,1,1,0,1,1,1,1,1
2026-03-28 12:26:00.481,777.080,-2,9,10,-73.66,1,1,0,1,1,1,1,1
2026-03-28 12:26:00.545,777.144,0,10,10,-82.33,1,1,0,1,1,1,1,1
2026-03-28 12:26:00.625,777.224,0,10,10,-75.21,1,1,0,1,1,1,1,1
2026-03-28 12:26:00.721,777.320,-2,9,10,-78.84,1,1,0,1,1,1,1,1
2026-03-28 12:26:00.785,777.384,0,10,10,-73.87,1,1,0,1,1,1,1,1
2026-03-28 12:26:00.913,777.511,-2,9,10,-80.01,1,1,0,1,1,1,1,1
2026-03-28 12:26:00.961,777.560,-2,7,10,-78.16,1,1,0,1,1,1,1,1
2026-03-28 12:26:01.105,777.704,0,10,10,-67.55,1,1,0,1,1,1,1,1
2026-03-28 12:26:01.138,777.737,0,9,10,-78.29,1,1,0,1,1,1,1,1
2026-03-28 12:26:01.218,777.816,0,10,10,-75.95,1,1,0,1,1,1,1,1
2026-03-28 12:26:01.281,777.880,0,10,10,-79.4,1,1,0,1,1,1,1,1
2026-03-28 12:26:01.377,777.976,0,10,11,-75.23,1,1,0,1,1,1,1,1
2026-03-28 12:26:01.473,778.072,0,10,10,-75.55,1,1,0,1,1,1,1,1
2026-03-28 12:26:01.521,778.120,0,10,10,-70.51,1,1,0,1,1,1,1,1
2026-03-28 12:26:01.602,778.200,-2,10,10,-71.6,1,1,0,1,1,1,1,1
2026-03-28 12:26:01.649,778.248,-1,7,10,-73.95,1,1,0,1,1,1,1,1
2026-03-28 12:26:01.745,778.344,0,7,10,-78.06,1,1,0,1,1,1,1,1
2026-03-28 12:26:01.857,778.456,0,7,10,-74.74,1,1,0,1,1,1,1,1
2026-03-28 12:26:01.905,778.504,0,10,10,-77.85,1,1,0,1,1,1,1,1
2026-03-28 12:26:01.954,778.553,-2,10,10,-71.45,1,1,0,1,1,1,1,1
2026-03-28 12:26:02.034,778.632,0,10,10,-74.78,1,1,0,1,1,1,1,1
2026-03-28 12:26:02.113,778.712,0,7,10,-70.23,1,1,0,1,1,1,1,1
2026-03-28 12:26:02.225,778.824,-1,9,10,-72.33,1,1,0,1,1,1,1,1
2026-03-28 12:26:02.273,778.871,0,10,10,-79.08,1,1,0,1,1,1,1,1
2026-03-28 12:26:02.337,778.936,0,7,10,-76.22,1,1,0,1,1,1,1,1
2026-03-28 12:26:02.530,779.128,0,10,10,-76.63,1,1,0,1,1,1,1,1
2026-03-28 12:26:02.610,779.208,0,9,10,-76.62,1,1,0,1,1,1,1,1
2026-03-28 12:26:02.689,779.287,0,10,10,-81.13,1,1,0,1,1,1,1,1
2026-03-28 12:26:02.786,779.385,0,10,11,-78.13,1,1,0,1,1,1,1,1
2026-03-28 12:26:02.865,779.464,0,9,10,-80.42,1,1,0,1,1,1,1,1
2026-03-28 12:26:02.882,779.481,0,7,10,-74.87,1,1,0,1,1,1,1,1
2026-03-28 12:26:02.962,779.560,0,10,10,-80.52,1,1,0,1,1,1,1,1
2026-03-28 12:26:03.057,779.656,0,7,10,-72.55,1,1,0,1,1,1,1,1
2026-03-28 12:26:03.105,779.704,0,9,10,-73.87,1,1,0,1,1,1,1,1
2026-03-28 12:26:03.201,779.800,-1,10,10,-75.3,1,1,0,1,1,1,1,1
2026-03-28 12:26:03.266,779.864,-2,10,10,-73.35,1,1,0,1,1,1,1,1
2026-03-28 12:26:03.410,780.008,0,10,10,-72.11,1,1,0,1,1,1,1,1
2026-03-28 12:26:03.490,780.088,-2,9,10,-70.68,1,1,0,1,1,1,1,1
2026-03-28 12:26:03.538,780.137,-2,10,10,-67.96,1,1,0,1,1,1,1,1
2026-03-28 12:26:03.650,780.248,0,10,10,-90.33,1,1,0,1,1,1,1,1
2026-03-28 12:26:03.761,780.359,-2,7,10,-74.2,1,1,0,1,1,1,1,1
2026-03-28 12:26:03.842,780.440,0,10,10,-74.86,1,1,0,1,1,1,1,1
2026-03-28 12:26:03.938,780.537,-2,7,10,-67.27,1,1,0,1,1,1,1,1
2026-03-28 12:26:04.050,780.648,-2,10,10,-71.39,1,1,0,1,1,1,1,1
2026-03-28 12:26:04.146,780.744,-1,10,11,-69.41,1,1,0,1,1,1,1,1
2026-03-28 12:26:04.241,780.840,-2,10,10,-68.89,1,1,0,1,1,1,1,1
2026-03-28 12:26:04.305,780.903,-2,10,10,-70.19,1,1,0,1,1,1,1,1
2026-03-28 12:26:04.370,780.968,-2,10,10,-78.64,1,1,0,1,1,1,1,1
2026-03-28 12:26:04.434,781.032,0,10,10,-66.85,1,1,0,1,1,1,1,1
2026-03-28 12:26:04.481,781.079,0,7,10,-73.45,1,1,0,1,1,1,1,1
2026-03-28 12:26:04.561,781.160,0,7,10,-70.57,1,1,0,1,1,1,1,1
2026-03-28 12:26:04.657,781.255,0,9,10,-69.89,1,1,0,1,1,1,1,1
2026-03-28 12:26:04.786,781.384,0,10,10,-74.96,1,1,0,1,1,1,1,1
2026-03-28 12:26:04.833,781.432,0,10,10,-68.8,1,1,0,1,1,1,1,1
2026-03-28 12:26:04.962,781.560,-2,10,10,-73.06,1,1,0,1,1,1,1,1
2026-03-28 12:26:05.010,781.608,0,10,10,-66.11,1,1,0,1,1,1,1,1
2026-03-28 12:26:05.090,781.688,0,10,10,-75.42,1,1,0,1,1,1,1,1
2026-03-28 12:26:05.169,781.767,0,7,10,-64.56,1,1,0,1,1,1,1,1
2026-03-28 12:26:05.218,781.816,0,7,10,-63.79,1,1,0,1,1,1,1,1
2026-03-28 12:26:05.249,781.848,0,7,10,-64.16,1,1,0,1,1,1,1,1
2026-03-28 12:26:05.345,781.944,0,10,10,-63.08,1,1,0,1,1,1,1,1
2026-03-28 12:26:05.409,782.007,-2,10,10,-64.1,1,1,0,1,1,1,1,1
2026-03-28 12:26:05.521,782.120,0,10,10,-63.47,1,1,0,1,1,1,1,1
2026-03-28 12:26:05.570,782.168,0,10,10,-63.73,1,1,0,1,1,1,1,1
2026-03-28 12:26:05.649,782.247,0,10,10,-63.95,1,1,0,1,1,1,1,1
2026-03-28 12:26:05.729,782.328,0,10,10,-62.82,1,1,0,1,1,1,1,1
2026-03-28 12:26:05.873,782.472,0,10,10,-65.25,1,1,0,1,1,1,1,1
2026-03-28 12:26:05.889,782.488,-2,10,10,-63.97,1,1,0,1,1,1,1,1
2026-03-28 12:26:06.066,782.664,0,10,10,-65.46,1,1,0,1,1,1,1,1
2026-03-28 12:26:06.113,782.711,-2,10,10,-63.54,1,1,0,1,1,1,1,1
2026-03-28 12:26:06.194,782.792,-2,7,10,-67.82,1,1,0,1,1,1,1,1
2026-03-28 12:26:06.257,782.855,0,10,10,-64.57,1,1,0,1,1,1,1,1
2026-03-28 12:26:06.370,782.968,-2,10,10,-72.1,1,1,0,1,1,1,1,1
2026-03-28 12:26:06.401,782.999,0,7,10,-63.97,1,1,0,1,1,1,1,1
2026-03-28 12:26:06.546,783.144,0,7,10,-65.85,1,1,0,1,1,1,1,1
2026-03-28 12:26:06.578,783.176,0,10,10,-68.51,1,1,0,1,1,1,1,1
2026-03-28 12:26:06.658,783.256,0,7,10,-65.6,1,1,0,1,1,1,1,1
2026-03-28 12:26:06.737,783.335,0,7,10,-68.15,1,1,0,1,1,1,1,1
2026-03-28 12:26:06.769,783.368,0,9,10,-68.44,1,1,0,1,1,1,1,1
2026-03-28 12:26:06.865,783.464,0,10,10,-66.61,1,1,0,1,1,1,1,1
2026-03-28 12:26:06.993,783.592,0,10,10,-64.11,1,1,0,1,1,1,1,1
2026-03-28 12:26:07.041,783.640,0,10,10,-68.76,1,1,0,1,1,1,1,1
2026-03-28 12:26:07.121,783.720,0,10,10,-64.05,1,1,0,1,1,1,1,1
2026-03-28 12:26:07.201,783.799,-2,10,10,-71.35,1,1,0,1,1,1,1,1
2026-03-28 12:26:07.266,783.864,-2,7,10,-69.74,1,1,0,1,1,1,1,1
2026-03-28 12:26:07.393,783.991,0,10,10,-64.46,1,1,0,1,1,1,1,1
2026-03-28 12:26:07.410,784.008,-2,10,10,-64.28,1,1,0,1,1,1,1,1
2026-03-28 12:26:07.522,784.120,0,10,10,-68.81,1,1,0,1,1,1,1,1
2026-03-28 12:26:07.586,784.184,-2,10,10,-67.14,1,1,0,1,1,1,1,1
2026-03-28 12:26:07.745,784.343,0,10,10,-66.39,1,1,0,1,1,1,1,1
2026-03-28 12:26:07.809,784.407,0,7,10,-67.78,1,1,0,1,1,1,1,1
2026-03-28 12:26:07.889,784.487,0,10,10,-65.07,1,1,0,1,1,1,1,1
2026-03-28 12:26:07.970,784.568,-2,10,10,-68.37,1,1,0,1,1,1,1,1
2026-03-28 12:26:08.065,784.664,0,10,10,-63.38,1,1,0,1,1,1,1,1
2026-03-28 12:26:08.161,784.759,0,7,10,-65.98,1,1,0,1,1,1,1,1
2026-03-28 12:26:08.210,784.808,0,10,10,-63.92,1,1,0,1,1,1,1,1
2026-03-28 12:26:08.289,784.887,-2,10,10,-70.2,1,1,0,1,1,1,1,1
2026-03-28 12:26:08.354,784.952,-2,9,10,-64.12,1,1,0,1,1,1,1,1
2026-03-28 12:26:08.450,785.049,-2,10,10,-71.91,1,1,0,1,1,1,1,1
2026-03-28 12:26:08.512,785.111,-2,7,10,-70.69,1,1,0,1,1,1,1,1
2026-03-28 12:26:08.625,785.223,0,7,10,-65.84,1,1,0,1,1,1,1,1
2026-03-28 12:26:08.641,785.240,0,7,10,-72.99,1,1,0,1,1,1,1,1
2026-03-28 12:26:08.753,785.351,0,10,10,-67.26,1,1,0,1,1,1,1,1
2026-03-28 12:26:08.865,785.463,0,10,10,-69.03,1,1,0,1,1,1,1,1
2026-03-28 12:26:08.897,785.495,0,10,10,-66.76,1,1,0,1,1,1,1,1
2026-03-28 12:26:08.993,785.591,-2,10,10,-66.45,1,1,0,1,1,1,1,1
2026-03-28 12:26:09.073,785.672,-2,10,10,-69.76,1,1,0,1,1,1,1,1
2026-03-28 12:26:09.105,785.703,-2,10,10,-71.5,1,1,0,1,1,1,1,1
2026-03-28 12:26:09.201,785.799,0,7,10,-63.46,1,1,0,1,1,1,1,1
2026-03-28 12:26:09.361,785.959,0,7,10,-62.68,1,1,0,1,1,1,1,1
2026-03-28 12:26:09.441,786.039,-2,10,10,-65.91,1,1,0,1,1,1,1,1
2026-03-28 12:26:09.536,786.135,-2,10,10,-64.41,1,1,0,1,1,1,1,1
2026-03-28 12:26:09.617,786.216,0,10,10,-63.32,1,1,0,1,1,1,1,1
2026-03-28 12:26:09.665,786.263,0,7,10,-62.78,1,1,0,1,1,1,1,1
2026-03-28 12:26:09.761,786.359,-2,10,8,-67.0,1,1,0,1,1,1,1,1
2026-03-28 12:26:09.857,786.455,0,10,10,-68.31,1,1,0,1,1,1,1,1
2026-03-28 12:26:09.969,786.567,0,7,10,-68.83,1,1,0,1,1,1,1,1
2026-03-28 12:26:10.049,786.647,0,10,10,-64.11,1,1,0,1,1,1,1,1
2026-03-28 12:26:10.113,786.711,0,10,10,-64.61,1,1,0,1,1,1,1,1
2026-03-28 12:26:10.241,786.839,-2,10,10,-63.93,1,1,0,1,1,1,1,1
2026-03-28 12:26:10.305,786.904,-2,10,10,-67.93,1,1,0,1,1,1,1,1
2026-03-28 12:26:10.416,787.015,-2,7,10,-60.85,1,1,0,1,1,1,1,1
2026-03-28 12:26:10.513,787.111,-2,10,10,-62.71,1,1,0,1,1,1,1,1
2026-03-28 12:26:10.577,787.175,-2,10,10,-61.21,1,1,0,1,1,1,1,1
2026-03-28 12:26:10.673,787.271,-2,10,10,-61.73,1,1,0,1,1,1,1,1
2026-03-28 12:26:10.705,787.303,-2,7,10,-68.55,1,1,0,1,1,1,1,1
2026-03-28 12:26:10.801,787.399,0,10,10,-65.43,1,1,0,1,1,1,1,1
2026-03-28 12:26:10.945,787.544,0,10,10,-68.87,1,1,0,1,1,1,1,1
2026-03-28 12:26:11.025,787.624,0,10,10,-67.65,1,1,0,1,1,1,1,1
2026-03-28 12:26:11.089,787.687,0,10,10,-63.51,1,1,0,1,1,1,1,1
2026-03-28 12:26:11.186,787.784,0,10,10,-64.73,1,1,0,1,1,1,1,1
2026-03-28 12:26:11.249,787.848,0,10,10,-63.84,1,1,0,1,1,1,1,1
2026-03-28 12:26:11.329,787.927,0,7,10,-69.3,1,1,0,1,1,1,1,1
2026-03-28 12:26:11.393,787.992,0,10,10,-62.77,1,1,0,1,1,1,1,1
2026-03-28 12:26:11.473,788.071,0,7,10,-62.69,1,1,0,1,1,1,1,1
2026-03-28 12:26:11.569,788.167,-2,7,10,-61.51,1,1,0,1,1,1,1,1
2026-03-28 12:26:11.649,788.247,-2,10,10,-66.17,1,1,0,1,1,1,1,1
2026-03-28 12:26:11.761,788.359,-2,10,10,-64.56,1,1,0,1,1,1,1,1
2026-03-28 12:26:11.825,788.423,0,10,10,-62.32,1,1,0,1,1,1,1,1
2026-03-28 12:26:11.857,788.455,-2,7,10,-67.6,1,1,0,1,1,1,1,1
2026-03-28 12:26:11.937,788.535,-2,10,10,-68.59,1,1,0,1,1,1,1,1
2026-03-28 12:26:12.051,788.649,-2,7,10,-64.55,1,1,0,1,1,1,1,1
2026-03-28 12:26:12.113,788.711,0,10,10,-63.9,1,1,0,1,1,1,1,1
2026-03-28 12:26:12.177,788.775,-2,7,10,-62.55,1,1,0,1,1,1,1,1
2026-03-28 12:26:12.321,788.920,-2,7,10,-65.44,1,1,0,1,1,1,1,1
2026-03-28 12:26:12.337,788.935,0,7,10,-65.09,1,1,0,1,1,1,1,1
2026-03-28 12:26:12.401,788.999,0,7,10,-63.05,1,1,0,1,1,1,1,1
2026-03-28 12:26:12.497,789.095,-2,10,10,-60.97,1,1,0,1,1,1,1,1
2026-03-28 12:26:12.545,789.144,-2,7,10,-62.32,1,1,0,1,1,1,1,1
2026-03-28 12:26:12.689,789.287,-2,7,10,-67.44,1,1,0,1,1,1,1,1
2026-03-28 12:26:12.721,789.319,0,7,10,-67.29,1,1,0,1,1,1,1,1
2026-03-28 12:26:12.753,789.351,0,7,10,-64.58,1,1,0,1,1,1,1,1
2026-03-28 12:26:12.833,789.431,0,7,10,-66.48,1,1,0,1,1,1,1,1
2026-03-28 12:26:12.945,789.544,-2,7,10,-68.09,1,1,0,1,1,1,1,1
2026-03-28 12:26:13.009,789.607,-2,7,10,-63.96,1,1,0,1,1,1,1,1
2026-03-28 12:26:13.073,789.671,-2,10,10,-63.82,1,1,0,1,1,1,1,1
2026-03-28 12:26:13.200,789.799,-2,7,10,-65.73,1,1,0,1,1,1,1,1
2026-03-28 12:26:13.249,789.847,-2,7,10,-63.62,1,1,0,1,1,1,1,1
2026-03-28 12:26:13.377,789.975,0,7,10,-62.68,1,1,0,1,1,1,1,1
2026-03-28 12:26:13.425,790.023,-2,7,10,-60.34,1,1,0,1,1,1,1,1
2026-03-28 12:26:13.489,790.087,-2,7,10,-62.8,1,1,0,1,1,1,1,1
2026-03-28 12:26:13.600,790.199,-2,7,10,-63.54,1,1,0,1,1,1,1,1
2026-03-28 12:26:13.777,790.376,0,7,10,-62.08,1,1,0,1,1,1,1,1
2026-03-28 12:26:13.889,790.488,0,10,10,-61.99,1,1,0,1,1,1,1,1
2026-03-28 12:26:13.953,790.551,0,10,10,-62.28,1,1,0,1,1,1,1,1
2026-03-28 12:26:14.001,790.599,-2,7,10,-62.98,1,1,0,1,1,1,1,1
2026-03-28 12:26:14.096,790.695,-2,10,10,-64.77,1,1,0,1,1,1,1,1
2026-03-28 12:26:14.177,790.775,-2,10,10,-62.9,1,1,0,1,1,1,1,1
2026-03-28 12:26:14.321,790.919,-2,10,10,-63.86,1,1,0,1,1,1,1,1
2026-03-28 12:26:14.337,790.935,-2,7,10,-62.53,1,1,0,1,1,1,1,1
2026-03-28 12:26:14.417,791.016,0,9,10,-66.44,1,1,0,1,1,1,1,1
2026-03-28 12:26:14.481,791.079,-2,10,10,-61.43,1,1,0,1,1,1,1,1
2026-03-28 12:26:14.593,791.191,-2,10,10,-61.93,1,1,0,1,1,1,1,1
2026-03-28 12:26:14.609,791.207,-2,10,10,-65.97,1,1,0,1,1,1,1,1
2026-03-28 12:26:14.737,791.336,0,7,10,-61.51,1,1,0,1,1,1,1,1
2026-03-28 12:26:14.785,791.384,-2,7,7,-65.43,1,1,0,1,1,1,1,1
2026-03-28 12:26:14.896,791.494,0,10,10,-60.4,1,1,0,1,1,1,1,1
2026-03-28 12:26:14.961,791.559,0,10,10,-63.2,1,1,0,1,1,1,1,1
2026-03-28 12:26:15.025,791.623,0,9,10,-61.59,1,1,0,1,1,1,1,1
2026-03-28 12:26:15.073,791.671,0,7,10,-61.5,1,1,0,1,1,1,1,1
2026-03-28 12:26:15.153,791.751,0,10,10,-61.48,1,1,0,1,1,1,1,1
2026-03-28 12:26:15.217,791.816,0,10,10,-64.15,1,1,0,1,1,1,1,1
2026-03-28 12:26:15.345,791.943,0,7,10,-61.74,1,1,0,1,1,1,1,1
2026-03-28 12:26:15.377,791.975,0,7,10,-62.51,1,1,0,1,1,1,1,1
2026-03-28 12:26:15.425,792.024,0,10,10,-62.51,1,1,0,1,1,1,1,1
2026-03-28 12:26:15.553,792.151,0,10,10,-63.86,1,1,0,1,1,1,1,1
2026-03-28 12:26:15.600,792.199,0,7,10,-61.74,1,1,0,1,1,1,1,1
2026-03-28 12:26:15.729,792.327,0,7,10,-65.78,1,1,0,1,1,1,1,1
2026-03-28 12:26:15.760,792.359,-2,10,10,-66.13,1,1,0,1,1,1,1,1
2026-03-28 12:26:15.793,792.391,-2,10,10,-66.48,1,1,0,1,1,1,1,1
2026-03-28 12:26:15.921,792.520,-2,9,10,-63.68,1,1,0,1,1,1,1,1
2026-03-28 12:26:15.985,792.583,0,10,10,-69.95,1,1,0,1,1,1,1,1
2026-03-28 12:26:16.113,792.711,-2,7,10,-59.63,1,1,0,1,1,1,1,1
2026-03-28 12:26:16.177,792.775,0,7,10,-64.74,1,1,0,1,1,1,1,1
2026-03-28 12:26:16.257,792.855,-2,10,10,-63.67,1,1,0,1,1,1,1,1
2026-03-28 12:26:16.320,792.918,-2,7,10,-63.34,1,1,0,1,1,1,1,1
2026-03-28 12:26:16.416,793.015,0,7,10,-61.48,1,1,0,1,1,1,1,1
2026-03-28 12:26:16.481,793.079,-2,7,10,-66.6,1,1,0,1,1,1,1,1
2026-03-28 12:26:16.560,793.159,0,7,10,-61.34,1,1,0,1,1,1,1,1
2026-03-28 12:26:16.656,793.255,-2,10,10,-66.93,1,1,0,1,1,1,1,1
2026-03-28 12:26:16.737,793.335,-2,10,10,-63.21,1,1,0,1,1,1,1,1
2026-03-28 12:26:16.800,793.399,-2,7,10,-67.06,1,1,0,1,1,1,1,1
2026-03-28 12:26:16.849,793.448,-1,7,10,-64.68,1,1,0,1,1,1,1,1
2026-03-28 12:26:16.961,793.559,-2,7,10,-65.2,1,1,0,1,1,1,1,1
2026-03-28 12:26:17.040,793.639,-2,7,10,-63.52,1,1,0,1,1,1,1,1
2026-03-28 12:26:17.121,793.719,-2,10,10,-61.02,1,1,0,1,1,1,1,1
2026-03-28 12:26:17.217,793.815,-2,7,10,-62.14,1,1,0,1,1,1,1,1
2026-03-28 12:26:17.329,793.927,-2,7,10,-63.67,1,1,0,1,1,1,1,1
2026-03-28 12:26:17.392,793.991,-1,7,10,-62.56,1,1,0,1,1,1,1,1
2026-03-28 12:26:17.456,794.054,0,10,10,-64.28,1,1,0,1,1,1,1,1
2026-03-28 12:26:17.553,794.151,0,7,10,-67.39,1,1,0,1,1,1,1,1
2026-03-28 12:26:17.633,794.231,0,7,10,-62.55,1,1,0,1,1,1,1,1
2026-03-28 12:26:17.681,794.279,-2,7,10,-66.01,1,1,0,1,1,1,1,1
2026-03-28 12:26:17.824,794.423,-2,10,10,-60.1,1,1,0,1,1,1,1,1
2026-03-28 12:26:17.872,794.471,-2,10,10,-61.0,1,1,0,1,1,1,1,1
2026-03-28 12:26:17.953,794.551,0,7,10,-60.87,1,1,0,1,1,1,1,1
2026-03-28 12:26:18.033,794.632,-2,7,10,-65.68,1,1,0,1,1,1,1,1
2026-03-28 12:26:18.097,794.695,0,7,10,-61.19,1,1,0,1,1,1,1,1
2026-03-28 12:26:18.240,794.839,-2,10,10,-61.61,1,1,0,1,1,1,1,1
2026-03-28 12:26:18.305,794.903,-2,10,10,-58.67,1,1,0,1,1,1,1,1
2026-03-28 12:26:18.416,795.014,0,10,10,-63.3,1,1,0,1,1,1,1,1
2026-03-28 12:26:18.496,795.095,-2,7,10,-63.54,1,1,0,1,1,1,1,1
2026-03-28 12:26:18.545,795.143,0,7,10,-61.73,1,1,0,1,1,1,1,1
2026-03-28 12:26:18.672,795.271,-2,7,8,-62.51,1,1,0,1,1,1,1,1
2026-03-28 12:26:18.737,795.335,0,7,10,-66.0,1,1,0,1,1,1,1,1
2026-03-28 12:26:18.769,795.367,0,7,7,-63.44,1,1,0,1,1,1,1,1
2026-03-28 12:26:18.865,795.463,-2,7,10,-63.8,1,1,0,1,1,1,1,1
2026-03-28 12:26:18.929,795.527,-2,7,10,-65.76,1,1,0,1,1,1,1,1
2026-03-28 12:26:19.024,795.623,0,7,10,-57.31,1,1,0,1,1,1,1,1
2026-03-28 12:26:19.137,795.736,0,7,10,-64.37,1,1,0,1,1,1,1,1
2026-03-28 12:26:19.249,795.847,0,7,10,-61.39,1,1,0,1,1,1,1,1
2026-03-28 12:26:19.296,795.895,0,7,7,-64.21,1,1,0,1,1,1,1,1
2026-03-28 12:26:19.361,795.959,-2,7,10,-58.21,1,1,0,1,1,1,1,1
2026-03-28 12:26:19.489,796.087,0,7,10,-59.77,1,1,0,1,1,1,1,1
2026-03-28 12:26:19.553,796.151,0,10,10,-66.47,1,1,0,1,1,1,1,1
2026-03-28 12:26:19.648,796.247,0,7,10,-65.97,1,1,0,1,1,1,1,1
2026-03-28 12:26:19.745,796.343,0,10,10,-63.03,1,1,0,1,1,1,1,1
2026-03-28 12:26:19.840,796.439,-2,7,10,-60.72,1,1,0,1,1,1,1,1
2026-03-28 12:26:19.920,796.519,-2,7,10,-62.89,1,1,0,1,1,1,1,1
2026-03-28 12:26:19.985,796.583,0,10,10,-61.82,1,1,0,1,1,1,1,1
2026-03-28 12:26:20.049,796.647,-2,7,10,-60.16,1,1,0,1,1,1,1,1
2026-03-28 12:26:20.112,796.711,0,7,10,-62.72,1,1,0,1,1,1,1,1
2026-03-28 12:26:20.192,796.791,0,7,10,-60.96,1,1,0,1,1,1,1,1
2026-03-28 12:26:20.257,796.855,-2,10,10,-64.65,1,1,0,1,1,1,1,1
2026-03-28 12:26:20.321,796.919,-2,7,10,-68.19,1,1,0,1,1,1,1,1
2026-03-28 12:26:20.432,797.030,0,7,10,-62.01,1,1,0,1,1,1,1,1
2026-03-28 12:26:20.512,797.111,0,7,10,-66.18,1,1,0,1,1,1,1,1
2026-03-28 12:26:20.577,797.175,0,7,10,-58.83,1,1,0,1,1,1,1,1
2026-03-28 12:26:20.720,797.319,0,7,10,-59.68,1,1,0,1,1,1,1,1
2026-03-28 12:26:20.736,797.335,0,10,10,-64.04,1,1,0,1,1,1,1,1
2026-03-28 12:26:20.848,797.447,0,10,10,-62.19,1,1,0,1,1,1,1,1
2026-03-28 12:26:20.928,797.527,0,10,10,-64.51,1,1,0,1,1,1,1,1
2026-03-28 12:26:20.976,797.575,0,10,10,-59.28,1,1,0,1,1,1,1,1
2026-03-28 12:26:21.025,797.623,0,10,10,-64.96,1,1,0,1,1,1,1,1
2026-03-28 12:26:21.089,797.687,0,10,10,-62.94,1,1,0,1,1,1,1,1
2026-03-28 12:26:21.185,797.783,0,10,10,-62.71,1,1,0,1,1,1,1,1
2026-03-28 12:26:21.264,797.863,-2,10,10,-67.34,1,1,0,1,1,1,1,1
2026-03-28 12:26:21.361,797.959,0,7,10,-59.9,1,1,0,1,1,1,1,1
2026-03-28 12:26:21.408,798.006,0,10,10,-62.93,1,1,0,1,1,1,1,1
2026-03-28 12:26:21.504,798.103,0,10,10,-63.67,1,1,0,1,1,1,1,1
2026-03-28 12:26:21.600,798.199,0,10,10,-65.07,1,1,0,1,1,1,1,1
2026-03-28 12:26:21.648,798.247,0,10,10,-65.94,1,1,0,1,1,1,1,1
2026-03-28 12:26:21.808,798.407,-2,10,10,-65.26,1,1,0,1,1,1,1,1
2026-03-28 12:26:21.856,798.454,-2,10,10,-65.36,1,1,0,1,1,1,1,1
2026-03-28 12:26:21.952,798.551,-2,7,10,-60.53,1,1,0,1,1,1,1,1
2026-03-28 12:26:22.000,798.599,-2,7,10,-59.13,1,1,0,1,1,1,1,1
2026-03-28 12:26:22.096,798.695,0,7,10,-63.95,1,1,0,1,1,1,1,1
2026-03-28 12:26:22.224,798.823,0,7,10,-63.3,1,1,0,1,1,1,1,1
2026-03-28 12:26:22.337,798.935,-2,7,10,-63.94,1,1,0,1,1,1,1,1
2026-03-28 12:26:22.352,798.951,0,7,10,-65.16,1,1,0,1,1,1,1,1
2026-03-28 12:26:22.401,798.999,-2,7,10,-61.51,1,1,0,1,1,1,1,1
2026-03-28 12:26:22.481,799.079,-2,10,10,-60.68,1,1,0,1,1,1,1,1
2026-03-28 12:26:22.576,799.175,-2,7,10,-66.85,1,1,0,1,1,1,1,1
2026-03-28 12:26:22.672,799.271,0,7,10,-60.72,1,1,0,1,1,1,1,1
2026-03-28 12:26:22.800,799.399,0,7,10,-63.86,1,1,0,1,1,1,1,1
2026-03-28 12:26:22.832,799.431,-2,10,10,-64.86,1,1,0,1,1,1,1,1
2026-03-28 12:26:22.896,799.494,0,7,10,-68.22,1,1,0,1,1,1,1,1
2026-03-28 12:26:22.961,799.559,-2,7,10,-63.64,1,1,0,1,1,1,1,1
2026-03-28 12:26:23.073,799.672,0,10,10,-64.22,1,1,0,1,1,1,1,1
2026-03-28 12:26:23.120,799.719,-2,7,10,-62.03,1,1,0,1,1,1,1,1
2026-03-28 12:26:23.233,799.831,-2,7,10,-65.65,1,1,0,1,1,1,1,1
2026-03-28 12:26:23.280,799.879,0,10,10,-64.96,1,1,0,1,1,1,1,1
2026-03-28 12:26:23.377,799.975,0,7,10,-62.79,1,1,0,1,1,1,1,1
2026-03-28 12:26:23.456,800.055,-2,7,10,-59.8,1,1,0,1,1,1,1,1
2026-03-28 12:26:23.584,800.183,0,7,10,-69.11,1,1,0,1,1,1,1,1
2026-03-28 12:26:23.665,800.263,0,7,10,-61.4,1,1,0,1,1,1,1,1
2026-03-28 12:26:23.712,800.311,0,7,10,-60.84,1,1,0,1,1,1,1,1
2026-03-28 12:26:23.839,800.438,0,10,10,-65.13,1,1,0,1,1,1,1,1
2026-03-28 12:26:23.904,800.503,0,7,10,-63.05,1,1,0,1,1,1,1,1
2026-03-28 12:26:23.968,800.567,-2,7,10,-59.42,1,1,0,1,1,1,1,1
2026-03-28 12:26:24.065,800.663,0,10,10,-60.29,1,1,0,1,1,1,1,1
2026-03-28 12:26:24.127,800.726,0,7,10,-64.11,1,1,0,1,1,1,1,1
2026-03-28 12:26:24.208,800.807,0,7,10,-63.03,1,1,0,1,1,1,1,1
2026-03-28 12:26:24.288,800.886,0,7,10,-61.44,1,1,0,1,1,1,1,1
2026-03-28 12:26:24.385,800.983,0,7,10,-66.21,1,1,0,1,1,1,1,1
2026-03-28 12:26:24.480,801.078,0,10,10,-59.35,1,1,0,1,1,1,1,1
2026-03-28 12:26:24.545,801.143,0,7,10,-60.0,1,1,0,1,1,1,1,1
2026-03-28 12:26:24.624,801.222,0,7,10,-62.28,1,1,0,1,1,1,1,1
2026-03-28 12:26:24.721,801.319,0,10,10,-64.73,1,1,0,1,1,1,1,1
2026-03-28 12:26:24.801,801.399,0,10,10,-62.94,1,1,0,1,1,1,1,1
2026-03-28 12:26:24.897,801.495,0,10,10,-64.73,1,1,0,1,1,1,1,1
2026-03-28 12:26:24.944,801.543,-2,10,10,-63.31,1,1,0,1,1,1,1,1
2026-03-28 12:26:25.072,801.671,0,7,10,-66.22,1,1,0,1,1,1,1,1
2026-03-28 12:26:25.089,801.688,0,10,10,-57.97,1,1,0,1,1,1,1,1
2026-03-28 12:26:25.168,801.767,-2,10,10,-61.77,1,1,0,1,1,1,1,1
2026-03-28 12:26:25.232,801.831,0,7,10,-62.89,1,1,0,1,1,1,1,1
2026-03-28 12:26:25.281,801.879,0,10,10,-66.05,1,1,0,1,1,1,1,1
2026-03-28 12:26:25.361,801.959,0,7,10,-65.5,1,1,0,1,1,1,1,1
2026-03-28 12:26:25.408,802.007,-2,10,10,-63.77,1,1,0,1,1,1,1,1
2026-03-28 12:26:25.472,802.070,-2,10,10,-65.84,1,1,0,1,1,1,1,1
2026-03-28 12:26:25.552,802.151,0,10,10,-62.13,1,1,0,1,1,1,1,1
2026-03-28 12:26:25.616,802.214,0,7,7,-64.76,1,1,0,1,1,1,1,1
2026-03-28 12:26:25.728,802.327,0,7,10,-63.13,1,1,0,1,1,1,1,1
2026-03-28 12:26:25.776,802.375,0,7,10,-62.24,1,1,0,1,1,1,1,1
2026-03-28 12:26:25.857,802.455,-2,10,10,-61.41,1,1,0,1,1,1,1,1
2026-03-28 12:26:25.952,802.550,-2,10,10,-63.19,1,1,0,1,1,1,1,1
2026-03-28 12:26:26.064,802.662,0,10,10,-59.98,1,1,0,1,1,1,1,1
2026-03-28 12:26:26.128,802.727,-2,10,10,-59.32,1,1,0,1,1,1,1,1
2026-03-28 12:26:26.192,802.790,-2,7,10,-60.27,1,1,0,1,1,1,1,1
2026-03-28 12:26:26.320,802.919,-2,7,10,-63.96,1,1,0,1,1,1,1,1
2026-03-28 12:26:26.384,802.983,-2,7,10,-62.74,1,1,0,1,1,1,1,1
2026-03-28 12:26:26.432,803.030,0,7,10,-60.45,1,1,0,1,1,1,1,1
2026-03-28 12:26:26.512,803.110,0,7,10,-63.98,1,1,0,1,1,1,1,1
2026-03-28 12:26:26.624,803.223,-2,7,10,-60.91,1,1,0,1,1,1,1,1
2026-03-28 12:26:26.655,803.254,-2,7,10,-63.25,1,1,0,1,1,1,1,1
2026-03-28 12:26:26.721,803.319,0,9,10,-62.08,1,1,0,1,1,1,1,1
2026-03-28 12:26:26.784,803.382,0,7,10,-64.52,1,1,0,1,1,1,1,1
2026-03-28 12:26:26.848,803.447,-2,7,10,-61.48,1,1,0,1,1,1,1,1
2026-03-28 12:26:26.959,803.558,-2,7,10,-62.91,1,1,0,1,1,1,1,1
2026-03-28 12:26:27.040,803.638,0,10,10,-62.69,1,1,0,1,1,1,1,1
2026-03-28 12:26:27.104,803.702,0,10,10,-65.47,1,1,0,1,1,1,1,1
2026-03-28 12:26:27.200,803.799,0,7,10,-62.61,1,1,0,1,1,1,1,1
2026-03-28 12:26:27.265,803.863,0,10,10,-59.67,1,1,0,1,1,1,1,1
2026-03-28 12:26:27.280,803.879,-2,7,10,-65.12,1,1,0,1,1,1,1,1
2026-03-28 12:26:27.376,803.975,-2,7,10,-63.71,1,1,0,1,1,1,1,1
2026-03-28 12:26:27.457,804.055,0,10,10,-62.16,1,1,0,1,1,1,1,1
2026-03-28 12:26:27.536,804.135,0,7,10,-63.18,1,1,0,1,1,1,1,1
2026-03-28 12:26:27.633,804.231,-2,10,10,-62.05,1,1,0,1,1,1,1,1
2026-03-28 12:26:27.744,804.343,-2,10,10,-63.82,1,1,0,1,1,1,1,1
2026-03-28 12:26:27.808,804.407,0,9,10,-63.84,1,1,0,1,1,1,1,1
2026-03-28 12:26:27.936,804.535,-2,7,10,-65.36,1,1,0,1,1,1,1,1
2026-03-28 12:26:28.000,804.599,-2,7,10,-64.51,1,1,0,1,1,1,1,1
2026-03-28 12:26:28.016,804.615,-2,7,10,-63.94,1,1,0,1,1,1,1,1
2026-03-28 12:26:28.097,804.695,0,10,10,-59.69,1,1,0,1,1,1,1,1
2026-03-28 12:26:28.207,804.806,-1,11,10,-61.64,1,1,0,1,1,1,1,1
2026-03-28 12:26:28.368,804.967,0,10,10,-61.83,1,1,0,1,1,1,1,1
2026-03-28 12:26:28.497,805.095,0,7,10,-65.44,1,1,0,1,1,1,1,1
2026-03-28 12:26:28.544,805.142,0,10,11,-58.91,1,1,0,1,1,1,1,1
2026-03-28 12:26:28.624,805.222,0,10,10,-63.97,1,1,0,1,1,1,1,1
2026-03-28 12:26:28.751,805.350,0,10,10,-61.3,1,1,0,1,1,1,1,1
2026-03-28 12:26:28.832,805.430,0,10,10,-61.26,1,1,0,1,1,1,1,1
2026-03-28 12:26:28.880,805.479,0,7,10,-58.21,1,1,0,1,1,1,1,1
2026-03-28 12:26:29.008,805.606,0,7,11,-63.28,1,1,0,1,1,1,1,1
2026-03-28 12:26:29.056,805.655,0,7,10,-61.36,1,1,0,1,1,1,1,1
2026-03-28 12:26:29.104,805.703,0,10,10,-63.61,1,1,0,1,1,1,1,1
2026-03-28 12:26:29.248,805.846,0,10,10,-61.4,1,1,0,1,1,1,1,1
2026-03-28 12:26:29.296,805.895,0,10,10,-61.99,1,1,0,1,1,1,1,1
2026-03-28 12:26:29.360,805.959,0,7,10,-65.56,1,1,0,1,1,1,1,1
2026-03-28 12:26:29.456,806.054,-2,7,10,-60.96,1,1,0,1,1,1,1,1
2026-03-28 12:26:29.520,806.118,-2,10,10,-64.34,1,1,0,1,1,1,1,1
2026-03-28 12:26:29.615,806.213,0,10,10,-59.23,1,1,0,1,1,1,1,1
2026-03-28 12:26:29.696,806.295,-2,10,10,-62.9,1,1,0,1,1,1,1,1
2026-03-28 12:26:29.808,806.406,0,7,10,-61.43,1,1,0,1,1,1,1,1
2026-03-28 12:26:29.841,806.439,-2,7,10,-60.8,1,1,0,1,1,1,1,1
2026-03-28 12:26:29.936,806.535,-2,10,10,-65.53,1,1,0,1,1,1,1,1
2026-03-28 12:26:29.984,806.583,0,7,10,-59.9,1,1,0,1,1,1,1,1
2026-03-28 12:26:30.112,806.710,0,10,10,-63.31,1,1,0,1,1,1,1,1
2026-03-28 12:26:30.224,806.822,0,10,10,-61.3,1,1,0,1,1,1,1,1
2026-03-28 12:26:30.320,806.919,0,7,10,-63.08,1,1,0,1,1,1,1,1
2026-03-28 12:26:30.369,806.967,0,10,10,-62.81,1,1,0,1,1,1,1,1
2026-03-28 12:26:30.464,807.062,0,7,10,-63.93,1,1,0,1,1,1,1,1
2026-03-28 12:26:30.544,807.143,0,7,10,-58.28,1,1,0,1,1,1,1,1
2026-03-28 12:26:30.656,807.254,-2,10,8,-62.12,1,1,0,1,1,1,1,1
2026-03-28 12:26:30.752,807.350,0,7,10,-57.88,1,1,0,1,1,1,1,1
2026-03-28 12:26:30.816,807.415,0,10,10,-65.89,1,1,0,1,1,1,1,1
2026-03-28 12:26:30.880,807.478,-2,10,10,-61.51,1,1,0,1,1,1,1,1
2026-03-28 12:26:30.960,807.559,-2,7,8,-63.18,1,1,0,1,1,1,1,1
2026-03-28 12:26:31.024,807.622,0,8,10,-61.84,1,1,0,1,1,1,1,1
2026-03-28 12:26:31.136,807.735,0,7,7,-60.11,1,1,0,1,1,1,1,1
2026-03-28 12:26:31.168,807.767,0,9,10,-60.46,1,1,0,1,1,1,1,1
2026-03-28 12:26:31.280,807.879,0,7,10,-62.16,1,1,0,1,1,1,1,1
2026-03-28 12:26:31.375,807.974,-2,7,10,-62.99,1,1,0,1,1,1,1,1
2026-03-28 12:26:31.472,808.071,-2,7,10,-62.27,1,1,0,1,1,1,1,1
2026-03-28 12:26:31.552,808.150,0,10,10,-62.69,1,1,0,1,1,1,1,1
2026-03-28 12:26:31.568,808.166,0,10,10,-58.11,1,1,0,1,1,1,1,1
2026-03-28 12:26:31.680,808.279,0,10,10,-61.79,1,1,0,1,1,1,1,1
2026-03-28 12:26:31.760,808.359,0,10,10,-59.37,1,1,0,1,1,1,1,1
2026-03-28 12:26:31.872,808.470,0,7,10,-64.83,1,1,0,1,1,1,1,1
2026-03-28 12:26:31.936,808.535,0,10,10,-63.66,1,1,0,1,1,1,1,1
2026-03-28 12:26:32.031,808.630,0,10,10,-60.8,1,1,0,1,1,1,1,1
2026-03-28 12:26:32.079,808.678,0,9,10,-60.03,1,1,0,1,1,1,1,1
2026-03-28 12:26:32.144,808.742,-2,7,10,-65.3,1,1,0,1,1,1,1,1
2026-03-28 12:26:32.223,808.822,0,10,10,-61.82,1,1,0,1,1,1,1,1
2026-03-28 12:26:32.304,808.903,0,10,10,-61.49,1,1,0,1,1,1,1,1
2026-03-28 12:26:32.384,808.983,-2,10,10,-62.79,1,1,0,1,1,1,1,1
2026-03-28 12:26:32.480,809.078,-2,10,8,-63.42,1,1,0,1,1,1,1,1
2026-03-28 12:26:32.608,809.206,-2,10,10,-61.47,1,1,0,1,1,1,1,1
2026-03-28 12:26:32.672,809.270,0,10,8,-57.46,1,1,0,1,1,1,1,1
2026-03-28 12:26:32.720,809.319,0,7,10,-61.38,1,1,0,1,1,1,1,1
2026-03-28 12:26:32.816,809.415,0,10,10,-61.54,1,1,0,1,1,1,1,1
2026-03-28 12:26:32.880,809.479,0,10,10,-62.58,1,1,0,1,1,1,1,1
2026-03-28 12:26:32.976,809.575,0,10,10,-62.58,1,1,0,1,1,1,1,1
2026-03-28 12:26:33.073,809.671,0,10,10,-58.37,1,1,0,1,1,1,1,1
2026-03-28 12:26:33.120,809.718,0,10,10,-59.82,1,1,0,1,1,1,1,1
2026-03-28 12:26:33.200,809.799,-2,10,10,-62.55,1,1,0,1,1,1,1,1
2026-03-28 12:26:33.312,809.910,-2,10,10,-60.45,1,1,0,1,1,1,1,1
2026-03-28 12:26:33.392,809.990,0,10,8,-60.09,1,1,0,1,1,1,1,1
2026-03-28 12:26:33.504,810.103,0,10,10,-63.31,1,1,0,1,1,1,1,1
2026-03-28 12:26:33.553,810.151,0,7,10,-60.0,1,1,0,1,1,1,1,1
2026-03-28 12:26:33.632,810.230,0,10,10,-61.94,1,1,0,1,1,1,1,1
2026-03-28 12:26:33.696,810.295,0,10,10,-59.6,1,1,0,1,1,1,1,1
2026-03-28 12:26:33.760,810.358,-2,10,10,-64.93,1,1,0,1,1,1,1,1
2026-03-28 12:26:33.824,810.422,0,10,10,-67.46,1,1,0,1,1,1,1,1
2026-03-28 12:26:33.920,810.518,0,10,10,-63.87,1,1,0,1,1,1,1,1
2026-03-28 12:26:34.032,810.630,0,10,10,-61.79,1,1,0,1,1,1,1,1
2026-03-28 12:26:34.080,810.678,0,7,10,-58.28,1,1,0,1,1,1,1,1
2026-03-28 12:26:34.191,810.790,0,7,10,-63.25,1,1,0,1,1,1,1,1
2026-03-28 12:26:34.208,810.806,0,7,10,-59.18,1,1,0,1,1,1,1,1
2026-03-28 12:26:34.288,810.886,0,10,10,-65.17,1,1,0,1,1,1,1,1
2026-03-28 12:26:34.368,810.966,0,7,10,-62.77,1,1,0,1,1,1,1,1
2026-03-28 12:26:34.464,811.062,0,7,8,-64.69,1,1,0,1,1,1,1,1
2026-03-28 12:26:34.592,811.190,-2,7,10,-61.13,1,1,0,1,1,1,1,1
2026-03-28 12:26:34.689,811.287,-2,10,8,-62.18,1,1,0,1,1,1,1,1
2026-03-28 12:26:34.752,811.350,0,10,10,-63.57,1,1,0,1,1,1,1,1
2026-03-28 12:26:34.847,811.446,-2,10,8,-62.94,1,1,0,1,1,1,1,1
2026-03-28 12:26:34.944,811.542,0,10,8,-61.17,1,1,0,1,1,1,1,1
2026-03-28 12:26:35.024,811.623,-2,7,8,-58.53,1,1,0,1,1,1,1,1
2026-03-28 12:26:35.056,811.654,-2,10,8,-63.51,1,1,0,1,1,1,1,1
2026-03-28 12:26:35.151,811.750,0,10,7,-64.58,1,1,0,1,1,1,1,1
2026-03-28 12:26:35.232,811.830,-2,10,10,-59.88,1,1,0,1,1,1,1,1
2026-03-28 12:26:35.328,811.926,-2,10,8,-63.17,1,1,0,1,1,1,1,1
2026-03-28 12:26:35.487,812.086,-2,10,10,-60.85,1,1,0,1,1,1,1,1
2026-03-28 12:26:35.520,812.118,-2,10,7,-63.92,1,1,0,1,1,1,1,1
2026-03-28 12:26:35.568,812.166,-2,10,10,-57.61,1,1,0,1,1,1,1,1
2026-03-28 12:26:35.664,812.263,-2,7,10,-59.76,1,1,0,1,1,1,1,1
2026-03-28 12:26:35.728,812.326,0,7,10,-59.93,1,1,0,1,1,1,1,1
2026-03-28 12:26:35.776,812.374,-2,10,10,-66.07,1,1,0,1,1,1,1,1
2026-03-28 12:26:35.887,812.486,-2,10,10,-64.76,1,1,0,1,1,1,1,1
2026-03-28 12:26:36.000,812.598,0,10,10,-61.24,1,1,0,1,1,1,1,1
2026-03-28 12:26:36.095,812.694,0,7,10,-58.2,1,1,0,1,1,1,1,1
2026-03-28 12:26:36.191,812.790,-2,7,10,-60.9,1,1,0,1,1,1,1,1
2026-03-28 12:26:36.287,812.886,0,10,8,-58.69,1,1,0,1,1,1,1,1
2026-03-28 12:26:36.352,812.950,-2,10,10,-58.71,1,1,0,1,1,1,1,1
2026-03-28 12:26:36.496,813.094,-2,10,10,-61.61,1,1,0,1,1,1,1,1
2026-03-28 12:26:36.528,813.126,-2,9,10,-62.93,1,1,0,1,1,1,1,1
2026-03-28 12:26:36.656,813.255,-2,10,10,-62.65,1,1,0,1,1,1,1,1
2026-03-28 12:26:36.704,813.302,-2,10,10,-61.55,1,1,0,1,1,1,1,1
2026-03-28 12:26:36.784,813.382,0,10,10,-61.12,1,1,0,1,1,1,1,1
2026-03-28 12:26:36.831,813.430,0,10,10,-61.69,1,1,0,1,1,1,1,1
2026-03-28 12:26:36.895,813.494,-2,10,10,-57.48,1,1,0,1,1,1,1,1
2026-03-28 12:26:36.991,813.590,-2,7,10,-63.59,1,1,0,1,1,1,1,1
2026-03-28 12:26:37.071,813.669,-2,7,8,-63.08,1,1,0,1,1,1,1,1
2026-03-28 12:26:37.136,813.734,0,10,10,-59.24,1,1,0,1,1,1,1,1
2026-03-28 12:26:37.264,813.862,-2,7,10,-62.57,1,1,0,1,1,1,1,1
2026-03-28 12:26:37.280,813.878,0,7,10,-60.62,1,1,0,1,1,1,1,1
2026-03-28 12:26:37.359,813.957,0,7,10,-62.01,1,1,0,1,1,1,1,1
2026-03-28 12:26:37.440,814.039,-2,7,10,-64.75,1,1,0,1,1,1,1,1
2026-03-28 12:26:37.504,814.102,-2,10,10,-63.84,1,1,0,1,1,1,1,1
2026-03-28 12:26:37.695,814.294,-2,7,10,-58.39,1,1,0,1,1,1,1,1
2026-03-28 12:26:37.791,814.390,-2,10,8,-63.51,1,1,0,1,1,1,1,1
2026-03-28 12:26:37.839,814.438,0,10,10,-60.08,1,1,0,1,1,1,1,1
2026-03-28 12:26:37.952,814.550,0,10,10,-62.27,1,1,0,1,1,1,1,1
2026-03-28 12:26:38.016,814.615,0,10,10,-65.11,1,1,0,1,1,1,1,1
2026-03-28 12:26:38.063,814.662,-2,7,8,-62.74,1,1,0,1,1,1,1,1
2026-03-28 12:26:38.159,814.758,-2,10,10,-60.89,1,1,0,1,1,1,1,1
2026-03-28 12:26:38.240,814.839,-2,10,10,-60.48,1,1,0,1,1,1,1,1
2026-03-28 12:26:38.303,814.902,0,10,10,-62.2,1,1,0,1,1,1,1,1
2026-03-28 12:26:38.367,814.966,0,7,10,-63.58,1,1,0,1,1,1,1,1
2026-03-28 12:26:38.464,815.062,0,7,10,-61.0,1,1,0,1,1,1,1,1
2026-03-28 12:26:38.576,815.174,-2,7,10,-65.62,1,1,0,1,1,1,1,1
2026-03-28 12:26:38.607,815.206,0,7,10,-60.19,1,1,0,1,1,1,1,1
2026-03-28 12:26:38.768,815.366,0,7,10,-60.02,1,1,0,1,1,1,1,1
2026-03-28 12:26:38.815,815.414,0,7,10,-62.35,1,1,0,1,1,1,1,1
2026-03-28 12:26:38.880,815.479,-2,10,10,-62.74,1,1,0,1,1,1,1,1
2026-03-28 12:26:38.975,815.574,-2,10,10,-65.08,1,1,0,1,1,1,1,1
2026-03-28 12:26:39.039,815.637,-2,10,8,-63.35,1,1,0,1,1,1,1,1
2026-03-28 12:26:39.119,815.717,-2,7,10,-58.97,1,1,0,1,1,1,1,1
2026-03-28 12:26:39.231,815.830,-2,10,7,-63.67,1,1,0,1,1,1,1,1
2026-03-28 12:26:39.279,815.877,-1,7,10,-61.25,1,1,0,1,1,1,1,1
2026-03-28 12:26:39.392,815.990,-2,10,10,-62.32,1,1,0,1,1,1,1,1
2026-03-28 12:26:39.408,816.006,-2,10,10,-65.77,1,1,0,1,1,1,1,1
2026-03-28 12:26:39.520,816.118,-2,7,10,-61.14,1,1,0,1,1,1,1,1
2026-03-28 12:26:39.631,816.230,-2,7,10,-64.9,1,1,0,1,1,1,1,1
2026-03-28 12:26:39.743,816.342,0,7,10,-62.68,1,1,0,1,1,1,1,1
2026-03-28 12:26:39.823,816.422,0,10,10,-59.14,1,1,0,1,1,1,1,1
2026-03-28 12:26:39.887,816.486,0,7,8,-64.6,1,1,0,1,1,1,1,1
2026-03-28 12:26:40.031,816.630,-2,10,8,-59.85,1,1,0,1,1,1,1,1
2026-03-28 12:26:40.127,816.725,-2,10,10,-59.57,1,1,0,1,1,1,1,1
2026-03-28 12:26:40.223,816.822,-2,10,10,-62.51,1,1,0,1,1,1,1,1
2026-03-28 12:26:40.288,816.886,0,10,7,-62.59,1,1,0,1,1,1,1,1
2026-03-28 12:26:40.367,816.966,-2,7,10,-62.16,1,1,0,1,1,1,1,1
2026-03-28 12:26:40.448,817.046,-2,10,8,-64.39,1,1,0,1,1,1,1,1
2026-03-28 12:26:40.543,817.142,-2,7,10,-65.05,1,1,0,1,1,1,1,1
2026-03-28 12:26:40.608,817.207,-2,7,10,-61.64,1,1,0,1,1,1,1,1
2026-03-28 12:26:40.736,817.334,-2,7,10,-60.46,1,1,0,1,1,1,1,1
2026-03-28 12:26:40.816,817.414,0,9,8,-61.36,1,1,0,1,1,1,1,1
2026-03-28 12:26:40.864,817.462,0,10,10,-61.61,1,1,0,1,1,1,1,1
2026-03-28 12:26:40.928,817.526,-2,10,10,-62.9,1,1,0,1,1,1,1,1
2026-03-28 12:26:41.072,817.670,-2,10,10,-61.9,1,1,0,1,1,1,1,1
2026-03-28 12:26:41.103,817.702,-2,7,10,-60.56,1,1,0,1,1,1,1,1
2026-03-28 12:26:41.151,817.750,-2,7,10,-62.17,1,1,0,1,1,1,1,1
2026-03-28 12:26:41.263,817.862,-2,7,10,-61.67,1,1,0,1,1,1,1,1
2026-03-28 12:26:41.327,817.926,-2,7,10,-60.11,1,1,0,1,1,1,1,1
2026-03-28 12:26:41.487,818.085,0,7,10,-60.68,1,1,0,1,1,1,1,1
2026-03-28 12:26:41.488,818.087,-2,7,10,-63.4,1,1,0,1,1,1,1,1
2026-03-28 12:26:41.567,818.165,0,7,10,-65.4,1,1,0,1,1,1,1,1
2026-03-28 12:26:41.648,818.246,-2,7,10,-60.58,1,1,0,1,1,1,1,1
2026-03-28 12:26:41.695,818.294,0,10,10,-62.26,1,1,0,1,1,1,1,1
2026-03-28 12:26:41.743,818.342,-2,7,10,-63.63,1,1,0,1,1,1,1,1
2026-03-28 12:26:41.823,818.422,-2,7,8,-66.94,1,1,0,1,1,1,1,1
2026-03-28 12:26:41.919,818.518,0,7,10,-63.32,1,1,0,1,1,1,1,1
2026-03-28 12:26:41.983,818.582,0,7,10,-59.73,1,1,0,1,1,1,1,1
2026-03-28 12:26:42.047,818.646,-2,10,10,-61.66,1,1,0,1,1,1,1,1
2026-03-28 12:26:42.159,818.758,-2,10,7,-63.3,1,1,0,1,1,1,1,1
2026-03-28 12:26:42.208,818.806,0,10,10,-65.96,1,1,0,1,1,1,1,1
2026-03-28 12:26:42.271,818.869,-2,7,10,-65.15,1,1,0,1,1,1,1,1
2026-03-28 12:26:42.366,818.965,-2,7,10,-62.69,1,1,0,1,1,1,1,1
2026-03-28 12:26:42.415,819.014,-2,10,10,-62.81,1,1,0,1,1,1,1,1
2026-03-28 12:26:42.511,819.110,-2,10,10,-60.99,1,1,0,1,1,1,1,1
2026-03-28 12:26:42.591,819.189,-1,10,10,-61.66,1,1,0,1,1,1,1,1
2026-03-28 12:26:42.672,819.270,0,10,10,-60.36,1,1,0,1,1,1,1,1
2026-03-28 12:26:42.767,819.366,-2,10,10,-60.4,1,1,0,1,1,1,1,1
2026-03-28 12:26:42.848,819.446,-1,7,10,-60.88,1,1,0,1,1,1,1,1
2026-03-28 12:26:42.895,819.494,-2,7,10,-60.95,1,1,0,1,1,1,1,1
2026-03-28 12:26:43.008,819.606,-2,7,10,-64.67,1,1,0,1,1,1,1,1
2026-03-28 12:26:43.072,819.670,-2,10,10,-62.57,1,1,0,1,1,1,1,1
2026-03-28 12:26:43.152,819.750,0,10,10,-63.32,1,1,0,1,1,1,1,1
2026-03-28 12:26:43.231,819.829,0,7,10,-62.54,1,1,0,1,1,1,1,1
2026-03-28 12:26:43.311,819.910,-2,7,10,-64.92,1,1,0,1,1,1,1,1
2026-03-28 12:26:43.359,819.958,-2,10,10,-59.59,1,1,0,1,1,1,1,1
2026-03-28 12:26:43.488,820.086,0,7,10,-59.83,1,1,0,1,1,1,1,1
2026-03-28 12:26:43.600,820.198,-2,7,10,-61.93,1,1,0,1,1,1,1,1
2026-03-28 12:26:43.647,820.246,0,7,8,-58.89,1,1,0,1,1,1,1,1
2026-03-28 12:26:43.743,820.341,-2,7,10,-61.72,1,1,0,1,1,1,1,1
2026-03-28 12:26:43.856,820.454,-2,10,10,-58.59,1,1,0,1,1,1,1,1
2026-03-28 12:26:43.903,820.502,-2,10,8,-61.97,1,1,0,1,1,1,1,1
2026-03-28 12:26:43.951,820.549,-2,10,8,-59.39,1,1,0,1,1,1,1,1
2026-03-28 12:26:44.079,820.678,-2,7,10,-62.61,1,1,0,1,1,1,1,1
2026-03-28 12:26:44.143,820.741,-2,7,10,-62.06,1,1,0,1,1,1,1,1
2026-03-28 12:26:44.191,820.790,-2,7,8,-61.85,1,1,0,1,1,1,1,1
2026-03-28 12:26:44.303,820.902,-2,7,10,-64.92,1,1,0,1,1,1,1,1
2026-03-28 12:26:44.351,820.950,-2,7,10,-67.14,1,1,0,1,1,1,1,1
2026-03-28 12:26:44.447,821.045,-2,10,7,-64.63,1,1,0,1,1,1,1,1
2026-03-28 12:26:44.543,821.142,-2,7,10,-60.69,1,1,0,1,1,1,1,1
2026-03-28 12:26:44.592,821.190,-2,10,10,-62.07,1,1,0,1,1,1,1,1
2026-03-28 12:26:44.671,821.269,-2,7,10,-58.62,1,1,0,1,1,1,1,1
2026-03-28 12:26:44.735,821.333,-2,10,8,-60.45,1,1,0,1,1,1,1,1
2026-03-28 12:26:44.848,821.446,-2,10,7,-61.13,1,1,0,1,1,1,1,1
2026-03-28 12:26:44.927,821.526,-2,10,10,-59.72,1,1,0,1,1,1,1,1
2026-03-28 12:26:45.024,821.622,-2,7,10,-58.79,1,1,0,1,1,1,1,1
2026-03-28 12:26:45.119,821.718,-2,10,10,-62.98,1,1,0,1,1,1,1,1
2026-03-28 12:26:45.183,821.782,-2,7,10,-61.79,1,1,0,1,1,1,1,1
2026-03-28 12:26:45.247,821.845,0,7,10,-62.06,1,1,0,1,1,1,1,1
2026-03-28 12:26:45.343,821.942,0,7,10,-68.85,1,1,0,1,1,1,1,1
2026-03-28 12:26:45.423,822.022,-2,7,8,-61.68,1,1,0,1,1,1,1,1
2026-03-28 12:26:45.551,822.150,-2,10,8,-68.28,1,1,0,1,1,1,1,1
2026-03-28 12:26:45.631,822.230,-2,10,10,-60.55,1,1,0,1,1,1,1,1
2026-03-28 12:26:45.759,822.357,-2,10,10,-65.56,1,1,0,1,1,1,1,1
2026-03-28 12:26:45.823,822.422,-2,7,11,-67.32,1,1,0,1,1,1,1,1
2026-03-28 12:26:45.903,822.501,-2,7,10,-63.94,1,1,0,1,1,1,1,1
2026-03-28 12:26:46.031,822.629,-2,7,10,-64.74,1,1,0,1,1,1,1,1
2026-03-28 12:26:46.079,822.677,-2,7,10,-64.28,1,1,0,1,1,1,1,1
2026-03-28 12:26:46.159,822.757,-2,7,7,-65.8,1,1,0,1,1,1,1,1
2026-03-28 12:26:46.255,822.854,-2,10,10,-62.79,1,1,0,1,1,1,1,1
2026-03-28 12:26:46.319,822.918,-2,10,10,-65.02,1,1,0,1,1,1,1,1
2026-03-28 12:26:46.400,822.998,-2,7,8,-63.45,1,1,0,1,1,1,1,1
2026-03-28 12:26:46.527,823.126,-2,10,8,-69.18,1,1,0,1,1,1,1,1
2026-03-28 12:26:46.608,823.207,0,10,8,-66.73,1,1,0,1,1,1,1,1
2026-03-28 12:26:46.703,823.301,-2,7,8,-65.45,1,1,0,1,1,1,1,1
2026-03-28 12:26:46.799,823.398,-2,7,10,-62.91,1,1,0,1,1,1,1,1
2026-03-28 12:26:46.848,823.446,-2,7,10,-62.07,1,1,0,1,1,1,1,1
2026-03-28 12:26:46.943,823.542,-2,10,8,-64.69,1,1,0,1,1,1,1,1
2026-03-28 12:26:47.039,823.637,-2,7,10,-58.78,1,1,0,1,1,1,1,1
2026-03-28 12:26:47.071,823.669,-2,7,8,-60.72,1,1,0,1,1,1,1,1
2026-03-28 12:26:47.151,823.749,-2,7,10,-60.69,1,1,0,1,1,1,1,1
2026-03-28 12:26:47.230,823.829,0,7,10,-61.61,1,1,0,1,1,1,1,1
2026-03-28 12:26:47.343,823.942,-2,10,10,-63.81,1,1,0,1,1,1,1,1
2026-03-28 12:26:47.359,823.957,-2,7,7,-61.8,1,1,0,1,1,1,1,1
2026-03-28 12:26:47.471,824.070,-2,10,10,-65.17,1,1,0,1,1,1,1,1
2026-03-28 12:26:47.552,824.150,-2,7,10,-61.19,1,1,0,1,1,1,1,1
2026-03-28 12:26:47.647,824.246,0,10,8,-60.95,1,1,0,1,1,1,1,1
2026-03-28 12:26:47.759,824.357,0,10,8,-60.69,1,1,0,1,1,1,1,1
2026-03-28 12:26:47.808,824.406,-2,10,10,-62.58,1,1,0,1,1,1,1,1
2026-03-28 12:26:47.951,824.550,-2,10,10,-62.25,1,1,0,1,1,1,1,1
2026-03-28 12:26:48.015,824.613,0,10,8,-58.87,1,1,0,1,1,1,1,1
2026-03-28 12:26:48.095,824.693,0,10,10,-57.25,1,1,0,1,1,1,1,1
2026-03-28 12:26:48.175,824.773,0,7,10,-60.44,1,1,0,1,1,1,1,1
2026-03-28 12:26:48.240,824.838,-2,10,10,-61.78,1,1,0,1,1,1,1,1
2026-03-28 12:26:48.287,824.886,-2,10,10,-63.16,1,1,0,1,1,1,1,1
2026-03-28 12:26:48.383,824.981,-2,7,8,-63.82,1,1,0,1,1,1,1,1
2026-03-28 12:26:48.479,825.078,-2,10,10,-66.49,1,1,0,1,1,1,1,1
2026-03-28 12:26:48.608,825.206,-2,7,8,-64.68,1,1,0,1,1,1,1,1
2026-03-28 12:26:48.639,825.238,-2,7,10,-60.24,1,1,0,1,1,1,1,1
2026-03-28 12:26:48.703,825.302,-2,10,10,-62.9,1,1,0,1,1,1,1,1
2026-03-28 12:26:48.767,825.365,-2,7,10,-58.74,1,1,0,1,1,1,1,1
2026-03-28 12:26:48.895,825.494,0,10,10,-60.05,1,1,0,1,1,1,1,1
2026-03-28 12:26:49.023,825.621,-2,7,10,-59.64,1,1,0,1,1,1,1,1
2026-03-28 12:26:49.103,825.701,0,7,10,-59.2,1,1,0,1,1,1,1,1
2026-03-28 12:26:49.151,825.749,0,7,10,-57.74,1,1,0,1,1,1,1,1
2026-03-28 12:26:49.231,825.829,0,7,10,-63.42,1,1,0,1,1,1,1,1
2026-03-28 12:26:49.311,825.909,0,10,10,-61.57,1,1,0,1,1,1,1,1
2026-03-28 12:26:49.423,826.022,-2,7,8,-67.69,1,1,0,1,1,1,1,1
2026-03-28 12:26:49.519,826.118,0,10,10,-67.61,1,1,0,1,1,1,1,1
2026-03-28 12:26:49.631,826.229,0,9,10,-64.37,1,1,0,1,1,1,1,1
2026-03-28 12:26:49.663,826.262,-2,10,10,-69.4,1,1,0,1,1,1,1,1
2026-03-28 12:26:49.744,826.342,-2,7,10,-59.09,1,1,0,1,1,1,1,1
2026-03-28 12:26:49.902,826.500,-2,10,10,-59.69,1,1,0,1,1,1,1,1
2026-03-28 12:26:49.904,826.502,-2,7,8,-60.75,1,1,0,1,1,1,1,1
2026-03-28 12:26:49.999,826.597,-2,7,7,-62.5,1,1,0,1,1,1,1,1
2026-03-28 12:26:50.063,826.661,-2,7,8,-62.04,1,1,0,1,1,1,1,1
2026-03-28 12:26:50.190,826.789,-2,7,8,-61.46,1,1,0,1,1,1,1,1
2026-03-28 12:26:50.209,826.807,-2,7,10,-60.08,1,1,0,1,1,1,1,1
2026-03-28 12:26:50.335,826.934,-2,7,10,-62.08,1,1,0,1,1,1,1,1
2026-03-28 12:26:50.399,826.998,-2,10,8,-64.0,1,1,0,1,1,1,1,1
2026-03-28 12:26:50.430,827.029,-2,7,7,-63.16,1,1,0,1,1,1,1,1
2026-03-28 12:26:50.495,827.093,-2,7,10,-66.85,1,1,0,1,1,1,1,1
2026-03-28 12:26:50.543,827.141,-2,10,10,-62.99,1,1,0,1,1,1,1,1
2026-03-28 12:26:50.638,827.237,-1,11,10,-61.77,1,1,0,1,1,1,1,1
2026-03-28 12:26:50.719,827.317,-1,8,11,-62.01,1,1,0,1,1,1,1,1
2026-03-28 12:26:50.847,827.446,-2,10,10,-63.1,1,1,0,1,1,1,1,1
2026-03-28 12:26:50.942,827.541,-2,7,10,-64.23,1,1,0,1,1,1,1,1
2026-03-28 12:26:51.055,827.653,0,7,10,-59.96,1,1,0,1,1,1,1,1
2026-03-28 12:26:51.135,827.733,0,7,10,-63.05,1,1,0,1,1,1,1,1
2026-03-28 12:26:51.167,827.765,-2,10,10,-63.2,1,1,0,1,1,1,1,1
2026-03-28 12:26:51.279,827.877,-2,7,10,-60.66,1,1,0,1,1,1,1,1
2026-03-28 12:26:51.343,827.941,-2,7,10,-61.09,1,1,0,1,1,1,1,1
2026-03-28 12:26:51.502,828.100,-2,7,10,-65.42,1,1,0,1,1,1,1,1
2026-03-28 12:26:51.519,828.117,-2,7,7,-63.21,1,1,0,1,1,1,1,1
2026-03-28 12:26:51.614,828.212,-2,7,10,-62.72,1,1,0,1,1,1,1,1
2026-03-28 12:26:51.678,828.276,-2,7,10,-58.09,1,1,0,1,1,1,1,1
2026-03-28 12:26:51.743,828.341,-2,7,10,-63.46,1,1,0,1,1,1,1,1
2026-03-28 12:26:51.839,828.437,-2,7,8,-60.07,1,1,0,1,1,1,1,1
2026-03-28 12:26:51.903,828.501,-2,7,10,-65.24,1,1,0,1,1,1,1,1
2026-03-28 12:26:51.983,828.581,-2,10,8,-63.64,1,1,0,1,1,1,1,1
2026-03-28 12:26:52.063,828.661,-2,7,10,-60.32,1,1,0,1,1,1,1,1
2026-03-28 12:26:52.127,828.725,-2,7,10,-64.93,1,1,0,1,1,1,1,1
2026-03-28 12:26:52.191,828.789,-2,7,10,-61.62,1,1,0,1,1,1,1,1
2026-03-28 12:26:52.271,828.870,-2,10,10,-64.39,1,1,0,1,1,1,1,1
2026-03-28 12:26:52.335,828.933,0,10,10,-64.53,1,1,0,1,1,1,1,1
2026-03-28 12:26:52.462,829.061,-2,7,7,-64.47,1,1,0,1,1,1,1,1
2026-03-28 12:26:52.543,829.141,0,8,10,-62.92,1,1,0,1,1,1,1,1
2026-03-28 12:26:52.591,829.189,-2,10,10,-58.18,1,1,0,1,1,1,1,1
2026-03-28 12:26:52.655,829.254,-2,7,10,-64.36,1,1,0,1,1,1,1,1
2026-03-28 12:26:52.687,829.286,-2,7,8,-62.01,1,1,0,1,1,1,1,1
2026-03-28 12:26:52.735,829.334,-2,7,10,-69.73,1,1,0,1,1,1,1,1
2026-03-28 12:26:52.831,829.429,-2,7,8,-65.49,1,1,0,1,1,1,1,1
2026-03-28 12:26:52.863,829.461,-2,7,10,-65.27,1,1,0,1,1,1,1,1
2026-03-28 12:26:53.055,829.653,-2,10,8,-64.31,1,1,0,1,1,1,1,1
2026-03-28 12:26:53.103,829.702,-2,10,10,-64.76,1,1,0,1,1,1,1,1
2026-03-28 12:26:53.183,829.781,-2,7,10,-64.39,1,1,0,1,1,1,1,1
2026-03-28 12:26:53.326,829.924,-2,10,7,-63.32,1,1,0,1,1,1,1,1
2026-03-28 12:26:53.342,829.941,-1,7,10,-59.77,1,1,0,1,1,1,1,1
2026-03-28 12:26:53.422,830.021,-2,7,10,-62.69,1,1,0,1,1,1,1,1
2026-03-28 12:26:53.487,830.085,0,7,10,-59.98,1,1,0,1,1,1,1,1
2026-03-28 12:26:53.598,830.197,0,7,7,-62.25,1,1,0,1,1,1,1,1
2026-03-28 12:26:53.663,830.261,-2,10,8,-64.61,1,1,0,1,1,1,1,1
2026-03-28 12:26:53.711,830.309,-1,7,10,-61.94,1,1,0,1,1,1,1,1
2026-03-28 12:26:53.902,830.501,-2,7,8,-63.97,1,1,0,1,1,1,1,1
2026-03-28 12:26:53.998,830.597,-2,7,10,-62.09,1,1,0,1,1,1,1,1
2026-03-28 12:26:54.063,830.661,-2,7,10,-68.79,1,1,0,1,1,1,1,1
2026-03-28 12:26:54.158,830.756,-2,7,7,-69.28,1,1,0,1,1,1,1,1
2026-03-28 12:26:54.286,830.885,0,7,8,-67.31,1,1,0,1,1,1,1,1
2026-03-28 12:26:54.288,830.886,-2,7,10,-61.28,1,1,0,1,1,1,1,1
2026-03-28 12:26:54.367,830.965,-2,7,10,-60.01,1,1,0,1,1,1,1,1
2026-03-28 12:26:54.478,831.076,0,10,10,-64.1,1,1,0,1,1,1,1,1
2026-03-28 12:26:54.622,831.221,0,10,10,-62.63,1,1,0,1,1,1,1,1
2026-03-28 12:26:54.735,831.333,0,10,7,-61.46,1,1,0,1,1,1,1,1
2026-03-28 12:26:54.766,831.364,0,7,10,-60.1,1,1,0,1,1,1,1,1
2026-03-28 12:26:54.830,831.429,0,7,7,-63.33,1,1,0,1,1,1,1,1
2026-03-28 12:26:54.926,831.525,0,7,7,-61.11,1,1,0,1,1,1,1,1
2026-03-28 12:26:55.006,831.604,0,10,8,-61.71,1,1,0,1,1,1,1,1
2026-03-28 12:26:55.103,831.701,-2,10,8,-63.2,1,1,0,1,1,1,1,1
2026-03-28 12:26:55.150,831.749,-2,10,7,-63.33,1,1,0,1,1,1,1,1
2026-03-28 12:26:55.231,831.829,0,10,10,-63.38,1,1,0,1,1,1,1,1
2026-03-28 12:26:55.358,831.957,0,10,10,-57.95,1,1,0,1,1,1,1,1
2026-03-28 12:26:55.454,832.053,0,10,8,-61.73,1,1,0,1,1,1,1,1
2026-03-28 12:26:55.519,832.117,0,10,8,-59.55,1,1,0,1,1,1,1,1
2026-03-28 12:26:55.535,832.133,-2,7,10,-66.24,1,1,0,1,1,1,1,1
2026-03-28 12:26:55.615,832.213,-2,7,10,-65.34,1,1,0,1,1,1,1,1
2026-03-28 12:26:55.694,832.293,0,7,7,-58.18,1,1,0,1,1,1,1,1
2026-03-28 12:26:55.791,832.389,0,7,8,-59.79,1,1,0,1,1,1,1,1
2026-03-28 12:26:55.886,832.484,0,10,8,-61.57,1,1,0,1,1,1,1,1
2026-03-28 12:26:55.967,832.565,-2,7,8,-59.88,1,1,0,1,1,1,1,1
2026-03-28 12:26:56.030,832.629,0,10,10,-63.68,1,1,0,1,1,1,1,1
2026-03-28 12:26:56.126,832.724,-2,10,8,-63.15,1,1,0,1,1,1,1,1
2026-03-28 12:26:56.255,832.853,-2,10,10,-62.67,1,1,0,1,1,1,1,1
2026-03-28 12:26:56.302,832.901,-2,10,10,-60.77,1,1,0,1,1,1,1,1
2026-03-28 12:26:56.367,832.965,-2,7,10,-58.09,1,1,0,1,1,1,1,1
2026-03-28 12:26:56.430,833.029,-2,7,8,-62.49,1,1,0,1,1,1,1,1
2026-03-28 12:26:56.574,833.173,-2,7,8,-59.27,1,1,0,1,1,1,1,1
2026-03-28 12:26:56.607,833.205,-2,10,7,-60.63,1,1,0,1,1,1,1,1
2026-03-28 12:26:56.671,833.269,-2,10,7,-65.87,1,1,0,1,1,1,1,1
2026-03-28 12:26:56.751,833.349,-2,7,10,-60.23,1,1,0,1,1,1,1,1
2026-03-28 12:26:56.862,833.461,0,10,7,-62.91,1,1,0,1,1,1,1,1
2026-03-28 12:26:56.958,833.557,0,7,7,-65.2,1,1,0,1,1,1,1,1
2026-03-28 12:26:56.990,833.589,0,7,8,-65.54,1,1,0,1,1,1,1,1
2026-03-28 12:26:57.086,833.685,0,10,8,-67.92,1,1,0,1,1,1,1,1
2026-03-28 12:26:57.118,833.717,-2,7,10,-68.43,1,1,0,1,1,1,1,1
2026-03-28 12:26:57.262,833.860,-2,7,8,-61.08,1,1,0,1,1,1,1,1
2026-03-28 12:26:57.294,833.893,-2,7,10,-62.74,1,1,0,1,1,1,1,1
2026-03-28 12:26:57.390,833.988,0,10,8,-64.23,1,1,0,1,1,1,1,1
2026-03-28 12:26:57.534,834.133,-2,7,7,-58.97,1,1,0,1,1,1,1,1
2026-03-28 12:26:57.583,834.181,-2,7,10,-65.63,1,1,0,1,1,1,1,1
2026-03-28 12:26:57.615,834.213,-2,10,10,-65.83,1,1,0,1,1,1,1,1
2026-03-28 12:26:57.695,834.293,-2,7,7,-65.81,1,1,0,1,1,1,1,1
2026-03-28 12:26:57.855,834.453,-2,10,8,-61.08,1,1,0,1,1,1,1,1
2026-03-28 12:26:57.886,834.485,-2,10,8,-65.66,1,1,0,1,1,1,1,1
2026-03-28 12:26:57.983,834.581,0,10,10,-60.76,1,1,0,1,1,1,1,1
2026-03-28 12:26:58.095,834.693,-2,7,10,-60.1,1,1,0,1,1,1,1,1
2026-03-28 12:26:58.159,834.758,-2,10,8,-65.61,1,1,0,1,1,1,1,1
2026-03-28 12:26:58.239,834.837,-2,10,8,-62.89,1,1,0,1,1,1,1,1
2026-03-28 12:26:58.270,834.868,-1,7,8,-63.38,1,1,0,1,1,1,1,1
2026-03-28 12:26:58.319,834.917,-2,10,7,-65.36,1,1,0,1,1,1,1,1
2026-03-28 12:26:58.399,834.998,-2,10,8,-64.65,1,1,0,1,1,1,1,1
2026-03-28 12:26:58.510,835.108,0,7,8,-65.04,1,1,0,1,1,1,1,1
2026-03-28 12:26:58.543,835.141,0,7,10,-63.87,1,1,0,1,1,1,1,1
2026-03-28 12:26:58.655,835.253,0,7,7,-61.11,1,1,0,1,1,1,1,1
2026-03-28 12:26:58.766,835.364,-2,7,10,-59.57,1,1,0,1,1,1,1,1
2026-03-28 12:26:58.830,835.429,-2,7,8,-66.18,1,1,0,1,1,1,1,1
2026-03-28 12:26:58.910,835.509,-2,7,8,-62.62,1,1,0,1,1,1,1,1
2026-03-28 12:26:58.959,835.557,-2,7,8,-61.14,1,1,0,1,1,1,1,1
2026-03-28 12:26:59.023,835.621,0,10,8,-66.15,1,1,0,1,1,1,1,1
2026-03-28 12:26:59.118,835.717,-2,7,8,-63.73,1,1,0,1,1,1,1,1
2026-03-28 12:26:59.182,835.780,-2,10,8,-61.64,1,1,0,1,1,1,1,1
2026-03-28 12:26:59.263,835.861,-1,7,8,-61.11,1,1,0,1,1,1,1,1
2026-03-28 12:26:59.375,835.973,-2,7,8,-61.86,1,1,0,1,1,1,1,1
2026-03-28 12:26:59.471,836.069,-2,7,8,-59.81,1,1,0,1,1,1,1,1
2026-03-28 12:26:59.519,836.117,-2,7,8,-64.23,1,1,0,1,1,1,1,1
2026-03-28 12:26:59.582,836.181,0,7,8,-64.39,1,1,0,1,1,1,1,1
2026-03-28 12:26:59.694,836.293,-2,10,10,-63.14,1,1,0,1,1,1,1,1
2026-03-28 12:26:59.790,836.388,-2,10,10,-61.28,1,1,0,1,1,1,1,1
2026-03-28 12:26:59.791,836.390,-2,10,10,-65.37,1,1,0,1,1,1,1,1
2026-03-28 12:26:59.886,836.485,-2,7,8,-62.71,1,1,0,1,1,1,1,1
2026-03-28 12:26:59.981,836.580,0,7,10,-65.39,1,1,0,1,1,1,1,1
2026-03-28 12:27:00.031,836.629,-2,10,10,-60.34,1,1,0,1,1,1,1,1
2026-03-28 12:27:00.157,836.756,-2,7,8,-63.3,1,1,0,1,1,1,1,1
2026-03-28 12:27:00.207,836.805,0,7,10,-61.79,1,1,0,1,1,1,1,1
2026-03-28 12:27:00.318,836.916,0,10,8,-59.02,1,1,0,1,1,1,1,1
2026-03-28 12:27:00.367,836.965,0,7,8,-62.34,1,1,0,1,1,1,1,1
2026-03-28 12:27:00.510,837.109,-2,7,8,-62.18,1,1,0,1,1,1,1,1
2026-03-28 12:27:00.542,837.141,0,10,10,-61.11,1,1,0,1,1,1,1,1
2026-03-28 12:27:00.638,837.237,0,7,10,-62.97,1,1,0,1,1,1,1,1
2026-03-28 12:27:00.734,837.333,0,7,7,-59.51,1,1,0,1,1,1,1,1
2026-03-28 12:27:00.814,837.413,-2,7,7,-61.92,1,1,0,1,1,1,1,1
2026-03-28 12:27:00.910,837.508,-2,7,10,-61.36,1,1,0,1,1,1,1,1
2026-03-28 12:27:00.990,837.589,-2,7,10,-62.74,1,1,0,1,1,1,1,1
2026-03-28 12:27:01.070,837.668,0,7,8,-62.31,1,1,0,1,1,1,1,1
2026-03-28 12:27:01.086,837.685,-2,7,10,-61.63,1,1,0,1,1,1,1,1
2026-03-28 12:27:01.198,837.797,-2,7,10,-61.07,1,1,0,1,1,1,1,1
2026-03-28 12:27:01.230,837.829,-2,10,10,-58.16,1,1,0,1,1,1,1,1
2026-03-28 12:27:01.359,837.958,0,7,8,-62.62,1,1,0,1,1,1,1,1
2026-03-28 12:27:01.407,838.005,0,10,8,-61.28,1,1,0,1,1,1,1,1
2026-03-28 12:27:01.534,838.132,-2,10,8,-64.2,1,1,0,1,1,1,1,1
2026-03-28 12:27:01.598,838.197,-2,7,8,-63.86,1,1,0,1,1,1,1,1
2026-03-28 12:27:01.679,838.277,-2,7,8,-62.94,1,1,0,1,1,1,1,1
2026-03-28 12:27:01.791,838.389,-2,7,9,-59.02,1,1,0,1,1,1,1,1
2026-03-28 12:27:01.838,838.437,-2,10,10,-67.46,1,1,0,1,1,1,1,1
2026-03-28 12:27:01.951,838.549,-2,7,8,-66.96,1,1,0,1,1,1,1,1
2026-03-28 12:27:01.982,838.580,-2,7,7,-65.19,1,1,0,1,1,1,1,1
2026-03-28 12:27:02.030,838.629,-2,7,8,-64.77,1,1,0,1,1,1,1,1
2026-03-28 12:27:02.110,838.708,-2,7,10,-66.78,1,1,0,1,1,1,1,1
2026-03-28 12:27:02.159,838.757,-2,7,8,-64.2,1,1,0,1,1,1,1,1
2026-03-28 12:27:02.255,838.853,-2,7,7,-61.45,1,1,0,1,1,1,1,1
2026-03-28 12:27:02.382,838.980,-2,10,10,-57.95,1,1,0,1,1,1,1,1
2026-03-28 12:27:02.510,839.108,0,10,8,-62.97,1,1,0,1,1,1,1,1
2026-03-28 12:27:02.590,839.189,0,7,8,-59.6,1,1,0,1,1,1,1,1
2026-03-28 12:27:02.687,839.285,0,7,10,-59.11,1,1,0,1,1,1,1,1
2026-03-28 12:27:02.798,839.397,-1,7,10,-61.35,1,1,0,1,1,1,1,1
2026-03-28 12:27:02.878,839.477,-2,7,7,-61.67,1,1,0,1,1,1,1,1
2026-03-28 12:27:03.006,839.604,-2,7,10,-60.15,1,1,0,1,1,1,1,1
2026-03-28 12:27:03.038,839.636,0,7,8,-64.4,1,1,0,1,1,1,1,1
2026-03-28 12:27:03.133,839.732,-2,7,8,-61.77,1,1,0,1,1,1,1,1
2026-03-28 12:27:03.262,839.860,-2,7,8,-62.2,1,1,0,1,1,1,1,1
2026-03-28 12:27:03.294,839.892,-2,10,10,-62.07,1,1,0,1,1,1,1,1
2026-03-28 12:27:03.358,839.957,-2,10,8,-58.64,1,1,0,1,1,1,1,1
2026-03-28 12:27:03.422,840.020,-2,7,8,-61.17,1,1,0,1,1,1,1,1
2026-03-28 12:27:03.534,840.133,-2,7,8,-59.49,1,1,0,1,1,1,1,1
2026-03-28 12:27:03.614,840.213,-2,7,8,-58.28,1,1,0,1,1,1,1,1
2026-03-28 12:27:03.679,840.277,-2,7,10,-61.01,1,1,0,1,1,1,1,1
2026-03-28 12:27:03.742,840.341,-2,7,8,-59.16,1,1,0,1,1,1,1,1
2026-03-28 12:27:03.838,840.436,0,10,8,-63.33,1,1,0,1,1,1,1,1
2026-03-28 12:27:03.918,840.517,-2,7,8,-59.15,1,1,0,1,1,1,1,1
2026-03-28 12:27:03.999,840.597,-2,10,10,-59.81,1,1,0,1,1,1,1,1
2026-03-28 12:27:04.126,840.724,-2,10,8,-61.04,1,1,0,1,1,1,1,1
2026-03-28 12:27:04.175,840.773,-2,7,8,-60.63,1,1,0,1,1,1,1,1
2026-03-28 12:27:04.271,840.869,-2,7,8,-62.14,1,1,0,1,1,1,1,1
2026-03-28 12:27:04.366,840.964,-2,7,10,-58.74,1,1,0,1,1,1,1,1
2026-03-28 12:27:04.446,841.044,-2,7,10,-60.11,1,1,0,1,1,1,1,1
2026-03-28 12:27:04.526,841.125,-2,7,8,-62.61,1,1,0,1,1,1,1,1
2026-03-28 12:27:04.575,841.173,-2,7,8,-65.18,1,1,0,1,1,1,1,1
2026-03-28 12:27:04.702,841.301,-2,7,8,-65.82,1,1,0,1,1,1,1,1
2026-03-28 12:27:04.750,841.348,-2,7,10,-62.21,1,1,0,1,1,1,1,1
2026-03-28 12:27:04.861,841.460,-2,7,7,-60.86,1,1,0,1,1,1,1,1
2026-03-28 12:27:04.878,841.477,-2,7,10,-62.68,1,1,0,1,1,1,1,1
2026-03-28 12:27:05.022,841.620,-2,7,8,-62.17,1,1,0,1,1,1,1,1
2026-03-28 12:27:05.087,841.685,-2,10,8,-61.07,1,1,0,1,1,1,1,1
2026-03-28 12:27:05.166,841.764,-2,10,7,-59.69,1,1,0,1,1,1,1,1
2026-03-28 12:27:05.230,841.828,0,7,10,-62.88,1,1,0,1,1,1,1,1
2026-03-28 12:27:05.294,841.893,0,7,7,-61.31,1,1,0,1,1,1,1,1
2026-03-28 12:27:05.406,842.004,-2,10,10,-61.71,1,1,0,1,1,1,1,1
2026-03-28 12:27:05.502,842.100,0,7,10,-62.8,1,1,0,1,1,1,1,1
2026-03-28 12:27:05.614,842.213,-2,7,10,-64.24,1,1,0,1,1,1,1,1
2026-03-28 12:27:05.662,842.260,-2,7,8,-60.21,1,1,0,1,1,1,1,1
2026-03-28 12:27:05.743,842.341,-2,10,10,-59.29,1,1,0,1,1,1,1,1
2026-03-28 12:27:05.838,842.437,-2,7,8,-61.8,1,1,0,1,1,1,1,1
2026-03-28 12:27:05.934,842.533,-1,7,8,-64.02,1,1,0,1,1,1,1,1
2026-03-28 12:27:05.999,842.598,0,7,8,-61.99,1,1,0,1,1,1,1,1
2026-03-28 12:27:06.046,842.644,0,7,8,-60.59,1,1,0,1,1,1,1,1
2026-03-28 12:27:06.126,842.724,-2,7,8,-65.37,1,1,0,1,1,1,1,1
2026-03-28 12:27:06.190,842.788,-2,10,8,-62.94,1,1,0,1,1,1,1,1
2026-03-28 12:27:06.286,842.884,-2,10,7,-65.45,1,1,0,1,1,1,1,1
2026-03-28 12:27:06.399,842.997,-2,10,8,-65.47,1,1,0,1,1,1,1,1
2026-03-28 12:27:06.462,843.060,0,7,8,-60.04,1,1,0,1,1,1,1,1
2026-03-28 12:27:06.574,843.173,-2,7,10,-63.58,1,1,0,1,1,1,1,1
2026-03-28 12:27:06.605,843.204,-2,7,10,-64.98,1,1,0,1,1,1,1,1
2026-03-28 12:27:06.686,843.285,0,7,8,-65.52,1,1,0,1,1,1,1,1
2026-03-28 12:27:06.766,843.364,0,10,8,-62.34,1,1,0,1,1,1,1,1
2026-03-28 12:27:06.862,843.460,-2,7,8,-63.65,1,1,0,1,1,1,1,1
2026-03-28 12:27:06.991,843.589,-2,7,8,-59.48,1,1,0,1,1,1,1,1
2026-03-28 12:27:07.038,843.636,-2,7,8,-62.28,1,1,0,1,1,1,1,1
2026-03-28 12:27:07.150,843.749,-2,7,10,-61.38,1,1,0,1,1,1,1,1
2026-03-28 12:27:07.182,843.781,-2,10,10,-61.68,1,1,0,1,1,1,1,1
2026-03-28 12:27:07.293,843.891,-2,7,8,-66.03,1,1,0,1,1,1,1,1
2026-03-28 12:27:07.374,843.973,0,7,8,-64.89,1,1,0,1,1,1,1,1
2026-03-28 12:27:07.454,844.053,-1,10,8,-65.38,1,1,0,1,1,1,1,1
2026-03-28 12:27:07.566,844.164,-1,7,10,-60.86,1,1,0,1,1,1,1,1
2026-03-28 12:27:07.646,844.244,-2,7,8,-62.26,1,1,0,1,1,1,1,1
2026-03-28 12:27:07.758,844.356,0,7,8,-62.61,1,1,0,1,1,1,1,1
2026-03-28 12:27:07.790,844.388,-2,10,8,-62.46,1,1,0,1,1,1,1,1
2026-03-28 12:27:07.886,844.484,0,10,10,-64.62,1,1,0,1,1,1,1,1
2026-03-28 12:27:07.918,844.516,-1,7,8,-64.78,1,1,0,1,1,1,1,1
2026-03-28 12:27:07.998,844.597,0,7,8,-62.3,1,1,0,1,1,1,1,1
2026-03-28 12:27:08.078,844.677,-2,7,8,-64.67,1,1,0,1,1,1,1,1
2026-03-28 12:27:08.174,844.772,-2,7,8,-61.25,1,1,0,1,1,1,1,1
2026-03-28 12:27:08.238,844.837,-2,7,8,-63.15,1,1,0,1,1,1,1,1
2026-03-28 12:27:08.302,844.901,-2,7,7,-66.01,1,1,0,1,1,1,1,1
2026-03-28 12:27:08.399,844.997,-2,7,8,-65.53,1,1,0,1,1,1,1,1
2026-03-28 12:27:08.509,845.108,-2,7,10,-62.42,1,1,0,1,1,1,1,1
2026-03-28 12:27:08.527,845.125,-2,10,8,-59.31,1,1,0,1,1,1,1,1
2026-03-28 12:27:08.622,845.220,0,9,8,-65.1,1,1,0,1,1,1,1,1
2026-03-28 12:27:08.670,845.268,0,9,10,-65.54,1,1,0,1,1,1,1,1
2026-03-28 12:27:08.798,845.396,0,10,8,-67.76,1,1,0,1,1,1,1,1
2026-03-28 12:27:08.814,845.413,0,7,8,-64.63,1,1,0,1,1,1,1,1
2026-03-28 12:27:08.893,845.492,-1,7,8,-64.53,1,1,0,1,1,1,1,1
2026-03-28 12:27:08.974,845.573,-2,10,10,-64.85,1,1,0,1,1,1,1,1
2026-03-28 12:27:09.069,845.668,-2,7,8,-63.79,1,1,0,1,1,1,1,1
2026-03-28 12:27:09.182,845.780,-2,10,7,-65.72,1,1,0,1,1,1,1,1
2026-03-28 12:27:09.262,845.860,-2,10,8,-67.24,1,1,0,1,1,1,1,1
2026-03-28 12:27:09.406,846.004,-2,7,8,-63.82,1,1,0,1,1,1,1,1
2026-03-28 12:27:09.534,846.133,-2,10,10,-62.71,1,1,0,1,1,1,1,1
2026-03-28 12:27:09.550,846.149,-2,10,8,-71.28,1,1,0,1,1,1,1,1
2026-03-28 12:27:09.598,846.197,0,10,8,-68.49,1,1,0,1,1,1,1,1
2026-03-28 12:27:09.725,846.323,-2,7,8,-67.06,1,1,0,1,1,1,1,1
2026-03-28 12:27:09.774,846.372,0,9,8,-67.71,1,1,0,1,1,1,1,1
2026-03-28 12:27:09.822,846.420,-2,10,8,-70.06,1,1,0,1,1,1,1,1
2026-03-28 12:27:09.902,846.500,-2,10,8,-68.99,1,1,0,1,1,1,1,1
2026-03-28 12:27:10.014,846.613,-2,10,7,-65.98,1,1,0,1,1,1,1,1
2026-03-28 12:27:10.030,846.628,-2,7,10,-66.86,1,1,0,1,1,1,1,1
2026-03-28 12:27:10.126,846.725,-2,10,10,-65.29,1,1,0,1,1,1,1,1
2026-03-28 12:27:10.222,846.821,0,7,8,-64.76,1,1,0,1,1,1,1,1
2026-03-28 12:27:10.286,846.884,-2,7,10,-62.44,1,1,0,1,1,1,1,1
2026-03-28 12:27:10.398,846.996,0,10,8,-62.89,1,1,0,1,1,1,1,1
2026-03-28 12:27:10.445,847.044,0,10,8,-66.38,1,1,0,1,1,1,1,1
2026-03-28 12:27:10.558,847.156,-2,10,7,-66.43,1,1,0,1,1,1,1,1
2026-03-28 12:27:10.654,847.253,0,10,7,-63.87,1,1,0,1,1,1,1,1
2026-03-28 12:27:10.671,847.269,-2,10,10,-67.15,1,1,0,1,1,1,1,1
2026-03-28 12:27:10.830,847.429,-2,10,7,-67.6,1,1,0,1,1,1,1,1
2026-03-28 12:27:10.846,847.444,-2,7,7,-65.11,1,1,0,1,1,1,1,1
2026-03-28 12:27:10.927,847.525,-2,9,8,-66.2,1,1,0,1,1,1,1,1
2026-03-28 12:27:11.005,847.603,-2,7,7,-65.03,1,1,0,1,1,1,1,1
2026-03-28 12:27:11.054,847.653,0,10,8,-68.93,1,1,0,1,1,1,1,1
2026-03-28 12:27:11.133,847.732,-2,10,10,-62.42,1,1,0,1,1,1,1,1
2026-03-28 12:27:11.246,847.844,-2,10,8,-64.43,1,1,0,1,1,1,1,1
2026-03-28 12:27:11.310,847.909,-2,10,8,-61.67,1,1,0,1,1,1,1,1
2026-03-28 12:27:11.405,848.004,-2,10,8,-68.12,1,1,0,1,1,1,1,1
2026-03-28 12:27:11.454,848.053,-2,10,8,-69.72,1,1,0,1,1,1,1,1
2026-03-28 12:27:11.518,848.117,-2,10,8,-65.85,1,1,0,1,1,1,1,1
2026-03-28 12:27:11.630,848.229,-2,10,7,-63.03,1,1,0,1,1,1,1,1
2026-03-28 12:27:11.710,848.309,-2,10,8,-67.2,1,1,0,1,1,1,1,1
2026-03-28 12:27:11.774,848.372,-2,10,10,-68.22,1,1,0,1,1,1,1,1
2026-03-28 12:27:11.885,848.484,-2,10,7,-67.77,1,1,0,1,1,1,1,1
2026-03-28 12:27:11.949,848.548,-2,7,8,-64.91,1,1,0,1,1,1,1,1
2026-03-28 12:27:12.030,848.628,-2,10,10,-68.75,1,1,0,1,1,1,1,1
2026-03-28 12:27:12.077,848.675,-2,10,8,-60.85,1,1,0,1,1,1,1,1
2026-03-28 12:27:12.206,848.805,-2,10,8,-63.14,1,1,0,1,1,1,1,1
2026-03-28 12:27:12.301,848.900,-2,10,8,-65.16,1,1,0,1,1,1,1,1
2026-03-28 12:27:12.382,848.981,-2,7,10,-68.02,1,1,0,1,1,1,1,1
2026-03-28 12:27:12.478,849.076,0,7,7,-66.08,1,1,0,1,1,1,1,1
2026-03-28 12:27:12.574,849.172,-2,10,8,-62.96,1,1,0,1,1,1,1,1
2026-03-28 12:27:12.654,849.252,-2,7,8,-62.7,1,1,0,1,1,1,1,1
2026-03-28 12:27:12.685,849.284,-2,7,8,-60.74,1,1,0,1,1,1,1,1
2026-03-28 12:27:12.798,849.397,-2,7,7,-66.42,1,1,0,1,1,1,1,1
2026-03-28 12:27:12.877,849.476,-2,7,7,-62.7,1,1,0,1,1,1,1,1
2026-03-28 12:27:12.927,849.525,-2,10,7,-63.74,1,1,0,1,1,1,1,1
2026-03-28 12:27:13.149,849.748,-2,10,8,-63.13,1,1,0,1,1,1,1,1
2026-03-28 12:27:13.182,849.780,-2,10,10,-66.35,1,1,0,1,1,1,1,1
2026-03-28 12:27:13.277,849.875,-1,7,8,-63.12,1,1,0,1,1,1,1,1
2026-03-28 12:27:13.326,849.925,-2,7,10,-65.81,1,1,0,1,1,1,1,1
2026-03-28 12:27:13.422,850.020,-2,7,10,-64.76,1,1,0,1,1,1,1,1
2026-03-28 12:27:13.470,850.068,-2,7,8,-63.54,1,1,0,1,1,1,1,1
2026-03-28 12:27:13.582,850.180,-2,7,10,-67.2,1,1,0,1,1,1,1,1
2026-03-28 12:27:13.645,850.244,-2,7,8,-62.51,1,1,0,1,1,1,1,1
2026-03-28 12:27:13.694,850.292,-2,7,8,-63.18,1,1,0,1,1,1,1,1
2026-03-28 12:27:13.854,850.452,-2,10,8,-67.0,1,1,0,1,1,1,1,1
2026-03-28 12:27:13.886,850.484,-2,10,8,-63.95,1,1,0,1,1,1,1,1
2026-03-28 12:27:13.982,850.580,-2,7,8,-62.96,1,1,0,1,1,1,1,1
2026-03-28 12:27:14.077,850.675,-2,7,7,-61.97,1,1,0,1,1,1,1,1
2026-03-28 12:27:14.174,850.772,0,7,8,-67.41,1,1,0,1,1,1,1,1
2026-03-28 12:27:14.238,850.836,-2,7,8,-63.36,1,1,0,1,1,1,1,1
2026-03-28 12:27:14.285,850.884,-2,10,10,-64.71,1,1,0,1,1,1,1,1
2026-03-28 12:27:14.382,850.980,-2,7,8,-63.91,1,1,0,1,1,1,1,1
2026-03-28 12:27:14.461,851.060,0,7,8,-70.18,1,1,0,1,1,1,1,1
2026-03-28 12:27:14.542,851.140,-2,7,8,-66.65,1,1,0,1,1,1,1,1
2026-03-28 12:27:14.621,851.220,0,7,8,-65.23,1,1,0,1,1,1,1,1
2026-03-28 12:27:14.718,851.317,-2,10,7,-62.32,1,1,0,1,1,1,1,1
2026-03-28 12:27:14.781,851.380,-2,7,8,-66.51,1,1,0,1,1,1,1,1
2026-03-28 12:27:14.911,851.509,-1,10,8,-66.38,1,1,0,1,1,1,1,1
2026-03-28 12:27:14.942,851.540,0,7,8,-63.14,1,1,0,1,1,1,1,1
2026-03-28 12:27:15.021,851.620,0,7,8,-64.53,1,1,0,1,1,1,1,1
2026-03-28 12:27:15.069,851.668,-2,7,8,-65.66,1,1,0,1,1,1,1,1
2026-03-28 12:27:15.166,851.764,0,10,8,-66.21,1,1,0,1,1,1,1,1
2026-03-28 12:27:15.310,851.908,-2,7,8,-63.2,1,1,0,1,1,1,1,1
2026-03-28 12:27:15.358,851.957,-2,7,8,-65.45,1,1,0,1,1,1,1,1
2026-03-28 12:27:15.453,852.052,-2,7,7,-63.56,1,1,0,1,1,1,1,1
2026-03-28 12:27:15.566,852.164,-2,10,10,-68.21,1,1,0,1,1,1,1,1
2026-03-28 12:27:15.582,852.180,-2,10,10,-65.95,1,1,0,1,1,1,1,1
2026-03-28 12:27:15.694,852.292,-2,7,8,-65.86,1,1,0,1,1,1,1,1
2026-03-28 12:27:15.774,852.372,-2,10,10,-62.67,1,1,0,1,1,1,1,1
2026-03-28 12:27:15.886,852.485,-2,10,8,-63.07,1,1,0,1,1,1,1,1
2026-03-28 12:27:15.966,852.564,-2,7,8,-61.64,1,1,0,1,1,1,1,1
2026-03-28 12:27:16.062,852.660,-2,9,8,-61.47,1,1,0,1,1,1,1,1
2026-03-28 12:27:16.126,852.724,0,7,7,-63.42,1,1,0,1,1,1,1,1
2026-03-28 12:27:16.189,852.788,-2,7,8,-67.68,1,1,0,1,1,1,1,1
2026-03-28 12:27:16.254,852.852,-2,7,8,-64.79,1,1,0,1,1,1,1,1
2026-03-28 12:27:16.317,852.916,0,7,7,-66.28,1,1,0,1,1,1,1,1
2026-03-28 12:27:16.413,853.012,0,10,8,-68.51,1,1,0,1,1,1,1,1
2026-03-28 12:27:16.526,853.124,0,7,8,-61.8,1,1,0,1,1,1,1,1
2026-03-28 12:27:16.605,853.203,-2,10,8,-66.74,1,1,0,1,1,1,1,1
2026-03-28 12:27:16.670,853.268,-2,10,8,-65.4,1,1,0,1,1,1,1,1
2026-03-28 12:27:16.733,853.332,-2,7,10,-62.97,1,1,0,1,1,1,1,1
2026-03-28 12:27:16.830,853.428,0,10,8,-62.7,1,1,0,1,1,1,1,1
2026-03-28 12:27:16.926,853.524,-2,10,8,-67.59,1,1,0,1,1,1,1,1
2026-03-28 12:27:17.022,853.620,-2,10,10,-65.1,1,1,0,1,1,1,1,1
2026-03-28 12:27:17.102,853.700,0,10,10,-65.18,1,1,0,1,1,1,1,1
2026-03-28 12:27:17.198,853.796,0,10,10,-65.85,1,1,0,1,1,1,1,1
2026-03-28 12:27:17.245,853.844,0,10,8,-63.81,1,1,0,1,1,1,1,1
2026-03-28 12:27:17.309,853.908,-2,7,8,-65.94,1,1,0,1,1,1,1,1
2026-03-28 12:27:17.469,854.068,-2,7,8,-61.01,1,1,0,1,1,1,1,1
2026-03-28 12:27:17.517,854.116,0,7,8,-67.53,1,1,0,1,1,1,1,1
2026-03-28 12:27:17.582,854.180,-1,7,8,-68.8,1,1,0,1,1,1,1,1
2026-03-28 12:27:17.630,854.228,-2,7,10,-69.98,1,1,0,1,1,1,1,1
2026-03-28 12:27:17.742,854.340,0,7,8,-66.75,1,1,0,1,1,1,1,1
2026-03-28 12:27:17.773,854.371,0,10,8,-62.32,1,1,0,1,1,1,1,1
2026-03-28 12:27:17.950,854.548,0,10,8,-67.03,1,1,0,1,1,1,1,1
2026-03-28 12:27:18.030,854.628,0,10,8,-67.53,1,1,0,1,1,1,1,1
2026-03-28 12:27:18.110,854.709,0,10,8,-67.46,1,1,0,1,1,1,1,1
2026-03-28 12:27:18.190,854.788,-2,10,8,-68.35,1,1,0,1,1,1,1,1
2026-03-28 12:27:18.269,854.868,0,7,8,-65.39,1,1,0,1,1,1,1,1
2026-03-28 12:27:18.318,854.916,0,10,8,-64.89,1,1,0,1,1,1,1,1
2026-03-28 12:27:18.365,854.964,0,10,8,-66.87,1,1,0,1,1,1,1,1
2026-03-28 12:27:18.478,855.076,-2,7,10,-68.13,1,1,0,1,1,1,1,1
2026-03-28 12:27:18.574,855.172,0,7,8,-65.03,1,1,0,1,1,1,1,1
2026-03-28 12:27:18.670,855.268,0,7,8,-65.66,1,1,0,1,1,1,1,1
2026-03-28 12:27:18.733,855.332,0,7,10,-67.54,1,1,0,1,1,1,1,1
2026-03-28 12:27:18.798,855.396,0,7,8,-63.1,1,1,0,1,1,1,1,1
2026-03-28 12:27:18.909,855.508,-2,7,8,-65.49,1,1,0,1,1,1,1,1
2026-03-28 12:27:18.990,855.588,0,10,7,-68.26,1,1,0,1,1,1,1,1
2026-03-28 12:27:19.021,855.620,0,10,8,-68.04,1,1,0,1,1,1,1,1
2026-03-28 12:27:19.101,855.700,0,10,8,-68.57,1,1,0,1,1,1,1,1
2026-03-28 12:27:19.213,855.812,0,10,8,-61.83,1,1,0,1,1,1,1,1
2026-03-28 12:27:19.309,855.908,0,10,8,-63.37,1,1,0,1,1,1,1,1
2026-03-28 12:27:19.326,855.924,0,10,10,-64.65,1,1,0,1,1,1,1,1
2026-03-28 12:27:19.422,856.020,0,10,10,-67.21,1,1,0,1,1,1,1,1
2026-03-28 12:27:19.486,856.084,0,7,8,-67.11,1,1,0,1,1,1,1,1
2026-03-28 12:27:19.549,856.148,0,10,10,-63.26,1,1,0,1,1,1,1,1
2026-03-28 12:27:19.613,856.212,0,7,10,-71.34,1,1,0,1,1,1,1,1
2026-03-28 12:27:19.758,856.356,0,10,8,-72.89,1,1,0,1,1,1,1,1
2026-03-28 12:27:19.806,856.404,-2,10,8,-71.58,1,1,0,1,1,1,1,1
2026-03-28 12:27:19.885,856.484,-2,7,8,-73.11,1,1,0,1,1,1,1,1
2026-03-28 12:27:19.965,856.564,0,10,8,-71.74,1,1,0,1,1,1,1,1
2026-03-28 12:27:19.996,856.595,0,7,8,-64.13,1,1,0,1,1,1,1,1
2026-03-28 12:27:20.061,856.659,0,7,8,-64.89,1,1,0,1,1,1,1,1
2026-03-28 12:27:20.142,856.740,0,10,7,-64.88,1,1,0,1,1,1,1,1
2026-03-28 12:27:20.222,856.820,0,10,8,-66.43,1,1,0,1,1,1,1,1
2026-03-28 12:27:20.301,856.900,0,7,10,-67.98,1,1,0,1,1,1,1,1
2026-03-28 12:27:20.366,856.964,0,10,8,-64.55,1,1,0,1,1,1,1,1
2026-03-28 12:27:20.445,857.044,-2,10,8,-64.15,1,1,0,1,1,1,1,1
2026-03-28 12:27:20.526,857.124,0,7,7,-66.92,1,1,0,1,1,1,1,1
2026-03-28 12:27:20.669,857.268,0,10,8,-62.95,1,1,0,1,1,1,1,1
2026-03-28 12:27:20.766,857.364,-2,7,10,-62.23,1,1,0,1,1,1,1,1
2026-03-28 12:27:20.813,857.412,-2,7,8,-68.08,1,1,0,1,1,1,1,1
2026-03-28 12:27:20.893,857.492,0,7,10,-65.18,1,1,0,1,1,1,1,1
2026-03-28 12:27:20.956,857.555,0,7,8,-66.77,1,1,0,1,1,1,1,1
2026-03-28 12:27:21.037,857.636,-2,7,7,-65.27,1,1,0,1,1,1,1,1
2026-03-28 12:27:21.086,857.684,-2,10,8,-67.16,1,1,0,1,1,1,1,1
2026-03-28 12:27:21.261,857.860,-2,7,8,-67.66,1,1,0,1,1,1,1,1
2026-03-28 12:27:21.326,857.924,-1,10,7,-67.03,1,1,0,1,1,1,1,1
2026-03-28 12:27:21.358,857.956,0,9,8,-68.61,1,1,0,1,1,1,1,1
2026-03-28 12:27:21.420,858.019,0,10,10,-75.1,1,1,0,1,1,1,1,1
2026-03-28 12:27:21.486,858.084,0,7,10,-67.77,1,1,0,1,1,1,1,1
2026-03-28 12:27:21.645,858.243,0,7,10,-68.28,1,1,0,1,1,1,1,1
2026-03-28 12:27:21.677,858.276,0,7,10,-62.76,1,1,0,1,1,1,1,1
2026-03-28 12:27:21.742,858.340,-2,7,8,-70.66,1,1,0,1,1,1,1,1
2026-03-28 12:27:21.821,858.419,-2,7,7,-62.37,1,1,0,1,1,1,1,1
2026-03-28 12:27:21.901,858.499,0,7,8,-64.61,1,1,0,1,1,1,1,1
2026-03-28 12:27:21.981,858.580,-2,7,7,-63.6,1,1,0,1,1,1,1,1
2026-03-28 12:27:22.061,858.659,-2,10,10,-72.45,1,1,0,1,1,1,1,1
2026-03-28 12:27:22.158,858.756,0,10,10,-69.98,1,1,0,1,1,1,1,1
2026-03-28 12:27:22.253,858.851,-2,10,10,-70.86,1,1,0,1,1,1,1,1
2026-03-28 12:27:22.318,858.916,0,10,8,-71.5,1,1,0,1,1,1,1,1
2026-03-28 12:27:22.413,859.012,0,7,8,-71.59,1,1,0,1,1,1,1,1
2026-03-28 12:27:22.445,859.044,0,7,8,-65.29,1,1,0,1,1,1,1,1
2026-03-28 12:27:22.525,859.123,0,7,8,-68.28,1,1,0,1,1,1,1,1
2026-03-28 12:27:22.589,859.188,0,7,10,-65.71,1,1,0,1,1,1,1,1
2026-03-28 12:27:22.701,859.299,0,10,10,-65.05,1,1,0,1,1,1,1,1
2026-03-28 12:27:22.765,859.363,0,7,10,-72.12,1,1,0,1,1,1,1,1
2026-03-28 12:27:22.894,859.492,0,7,10,-69.38,1,1,0,1,1,1,1,1
2026-03-28 12:27:22.926,859.524,0,7,8,-70.23,1,1,0,1,1,1,1,1
2026-03-28 12:27:23.022,859.620,0,7,8,-63.79,1,1,0,1,1,1,1,1
2026-03-28 12:27:23.101,859.699,0,7,8,-65.51,1,1,0,1,1,1,1,1
2026-03-28 12:27:23.213,859.811,0,7,8,-62.54,1,1,0,1,1,1,1,1
2026-03-28 12:27:23.341,859.939,0,7,7,-65.54,1,1,0,1,1,1,1,1
2026-03-28 12:27:23.405,860.004,0,10,8,-62.36,1,1,0,1,1,1,1,1
2026-03-28 12:27:23.453,860.052,0,7,10,-65.75,1,1,0,1,1,1,1,1
2026-03-28 12:27:23.565,860.163,-2,7,10,-70.82,1,1,0,1,1,1,1,1
2026-03-28 12:27:23.645,860.243,0,10,8,-64.01,1,1,0,1,1,1,1,1
2026-03-28 12:27:23.693,860.292,0,10,8,-67.29,1,1,0,1,1,1,1,1
2026-03-28 12:27:23.757,860.356,0,10,10,-67.19,1,1,0,1,1,1,1,1
2026-03-28 12:27:23.853,860.451,0,7,7,-67.13,1,1,0,1,1,1,1,1
2026-03-28 12:27:23.965,860.563,0,10,7,-62.45,1,1,0,1,1,1,1,1
2026-03-28 12:27:24.029,860.627,0,10,8,-61.69,1,1,0,1,1,1,1,1
2026-03-28 12:27:24.141,860.739,0,7,10,-68.61,1,1,0,1,1,1,1,1
2026-03-28 12:27:24.173,860.772,0,10,8,-68.03,1,1,0,1,1,1,1,1
2026-03-28 12:27:24.318,860.916,0,10,10,-67.77,1,1,0,1,1,1,1,1
2026-03-28 12:27:24.333,860.931,0,10,10,-66.01,1,1,0,1,1,1,1,1
2026-03-28 12:27:24.445,861.043,0,7,8,-61.87,1,1,0,1,1,1,1,1
2026-03-28 12:27:24.525,861.124,0,10,8,-61.99,1,1,0,1,1,1,1,1
2026-03-28 12:27:24.621,861.219,0,10,10,-69.61,1,1,0,1,1,1,1,1
2026-03-28 12:27:24.653,861.252,0,10,10,-66.95,1,1,0,1,1,1,1,1
2026-03-28 12:27:24.732,861.331,0,9,8,-71.06,1,1,0,1,1,1,1,1
2026-03-28 12:27:24.796,861.395,0,7,8,-68.21,1,1,0,1,1,1,1,1
2026-03-28 12:27:24.878,861.477,0,10,8,-63.86,1,1,0,1,1,1,1,1
2026-03-28 12:27:24.989,861.587,0,10,8,-60.56,1,1,0,1,1,1,1,1
2026-03-28 12:27:25.101,861.699,-2,10,8,-64.69,1,1,0,1,1,1,1,1
2026-03-28 12:27:25.133,861.732,-2,7,8,-62.65,1,1,0,1,1,1,1,1
2026-03-28 12:27:25.165,861.763,-2,7,10,-66.15,1,1,0,1,1,1,1,1
2026-03-28 12:27:25.324,861.923,-2,10,7,-62.23,1,1,0,1,1,1,1,1
2026-03-28 12:27:25.388,861.987,0,10,8,-62.11,1,1,0,1,1,1,1,1
2026-03-28 12:27:25.453,862.052,0,10,7,-63.28,1,1,0,1,1,1,1,1
2026-03-28 12:27:25.501,862.099,-2,7,8,-71.51,1,1,0,1,1,1,1,1
2026-03-28 12:27:25.597,862.195,0,7,7,-65.45,1,1,0,1,1,1,1,1
2026-03-28 12:27:25.661,862.259,0,7,8,-66.77,1,1,0,1,1,1,1,1
2026-03-28 12:27:25.758,862.356,0,7,8,-64.82,1,1,0,1,1,1,1,1
2026-03-28 12:27:25.836,862.435,0,10,8,-64.91,1,1,0,1,1,1,1,1
2026-03-28 12:27:25.917,862.515,0,7,8,-65.12,1,1,0,1,1,1,1,1
2026-03-28 12:27:26.013,862.611,0,7,10,-66.87,1,1,0,1,1,1,1,1
2026-03-28 12:27:26.078,862.676,0,7,10,-62.86,1,1,0,1,1,1,1,1
2026-03-28 12:27:26.189,862.788,0,7,10,-65.25,1,1,0,1,1,1,1,1
2026-03-28 12:27:26.269,862.867,0,7,8,-66.02,1,1,0,1,1,1,1,1
2026-03-28 12:27:26.365,862.963,0,10,10,-66.75,1,1,0,1,1,1,1,1
2026-03-28 12:27:26.461,863.059,0,7,10,-63.49,1,1,0,1,1,1,1,1
2026-03-28 12:27:26.525,863.123,0,7,7,-66.26,1,1,0,1,1,1,1,1
2026-03-28 12:27:26.605,863.204,0,7,8,-65.25,1,1,0,1,1,1,1,1
2026-03-28 12:27:26.701,863.299,0,10,8,-61.51,1,1,0,1,1,1,1,1
2026-03-28 12:27:26.717,863.316,0,10,8,-65.83,1,1,0,1,1,1,1,1
2026-03-28 12:27:26.797,863.395,0,10,8,-66.55,1,1,0,1,1,1,1,1
2026-03-28 12:27:26.893,863.491,0,7,8,-70.08,1,1,0,1,1,1,1,1
2026-03-28 12:27:26.973,863.572,0,10,8,-62.41,1,1,0,1,1,1,1,1
2026-03-28 12:27:27.037,863.636,0,10,8,-69.0,1,1,0,1,1,1,1,1
2026-03-28 12:27:27.101,863.699,0,9,7,-65.32,1,1,0,1,1,1,1,1
2026-03-28 12:27:27.213,863.812,0,10,8,-66.66,1,1,0,1,1,1,1,1
2026-03-28 12:27:27.276,863.875,0,7,7,-64.56,1,1,0,1,1,1,1,1
2026-03-28 12:27:27.340,863.939,0,7,10,-66.15,1,1,0,1,1,1,1,1
2026-03-28 12:27:27.485,864.083,0,7,8,-64.36,1,1,0,1,1,1,1,1
2026-03-28 12:27:27.501,864.099,0,10,7,-67.17,1,1,0,1,1,1,1,1
2026-03-28 12:27:27.565,864.163,0,7,8,-66.36,1,1,0,1,1,1,1,1
2026-03-28 12:27:27.693,864.292,0,7,7,-67.25,1,1,0,1,1,1,1,1
2026-03-28 12:27:27.789,864.388,0,10,8,-65.5,1,1,0,1,1,1,1,1
2026-03-28 12:27:27.821,864.420,0,10,7,-66.24,1,1,0,1,1,1,1,1
2026-03-28 12:27:27.949,864.547,-2,10,8,-67.89,1,1,0,1,1,1,1,1
2026-03-28 12:27:28.061,864.659,0,10,8,-66.64,1,1,0,1,1,1,1,1
2026-03-28 12:27:28.093,864.691,-2,10,7,-63.81,1,1,0,1,1,1,1,1
2026-03-28 12:27:28.125,864.724,0,10,8,-67.12,1,1,0,1,1,1,1,1
2026-03-28 12:27:28.221,864.820,-2,10,7,-67.42,1,1,0,1,1,1,1,1
2026-03-28 12:27:28.333,864.932,-2,10,7,-68.0,1,1,0,1,1,1,1,1
2026-03-28 12:27:28.365,864.964,-2,7,10,-63.06,1,1,0,1,1,1,1,1
2026-03-28 12:27:28.509,865.108,-2,7,10,-66.54,1,1,0,1,1,1,1,1
2026-03-28 12:27:28.605,865.204,0,7,10,-65.81,1,1,0,1,1,1,1,1
2026-03-28 12:27:28.669,865.267,0,10,8,-64.74,1,1,0,1,1,1,1,1
2026-03-28 12:27:28.733,865.332,0,7,8,-68.49,1,1,0,1,1,1,1,1
2026-03-28 12:27:28.828,865.427,0,7,10,-67.26,1,1,0,1,1,1,1,1
2026-03-28 12:27:28.893,865.491,-2,7,8,-68.66,1,1,0,1,1,1,1,1
2026-03-28 12:27:28.941,865.539,-2,10,8,-62.24,1,1,0,1,1,1,1,1
2026-03-28 12:27:29.037,865.636,-2,10,10,-63.72,1,1,0,1,1,1,1,1
2026-03-28 12:27:29.133,865.731,-2,10,8,-62.9,1,1,0,1,1,1,1,1
2026-03-28 12:27:29.244,865.843,0,10,10,-64.58,1,1,0,1,1,1,1,1
2026-03-28 12:27:29.309,865.907,0,10,10,-66.72,1,1,0,1,1,1,1,1
2026-03-28 12:27:29.373,865.972,0,7,8,-68.25,1,1,0,1,1,1,1,1
2026-03-28 12:27:29.501,866.099,-2,10,10,-63.44,1,1,0,1,1,1,1,1
2026-03-28 12:27:29.565,866.164,-2,7,8,-64.18,1,1,0,1,1,1,1,1
2026-03-28 12:27:29.693,866.291,0,10,7,-68.89,1,1,0,1,1,1,1,1
2026-03-28 12:27:29.709,866.307,0,10,8,-68.61,1,1,0,1,1,1,1,1
2026-03-28 12:27:29.868,866.467,0,10,7,-68.65,1,1,0,1,1,1,1,1
2026-03-28 12:27:29.933,866.531,0,7,8,-70.91,1,1,0,1,1,1,1,1
2026-03-28 12:27:29.997,866.595,0,10,10,-68.4,1,1,0,1,1,1,1,1
2026-03-28 12:27:30.061,866.660,0,10,7,-65.16,1,1,0,1,1,1,1,1
2026-03-28 12:27:30.141,866.739,0,7,10,-67.01,1,1,0,1,1,1,1,1
2026-03-28 12:27:30.253,866.852,0,10,8,-73.22,1,1,0,1,1,1,1,1
2026-03-28 12:27:30.285,866.883,-2,10,8,-70.29,1,1,0,1,1,1,1,1
2026-03-28 12:27:30.333,866.931,-2,7,8,-78.87,1,1,0,1,1,1,1,1
2026-03-28 12:27:30.460,867.059,0,10,7,-69.61,1,1,0,1,1,1,1,1
2026-03-28 12:27:30.573,867.171,0,7,10,-71.12,1,1,0,1,1,1,1,1
2026-03-28 12:27:30.716,867.315,0,7,7,-67.75,1,1,0,1,1,1,1,1
2026-03-28 12:27:30.749,867.347,-2,7,9,-65.64,1,1,0,1,1,1,1,1
2026-03-28 12:27:30.878,867.476,0,10,7,-66.23,1,1,0,1,1,1,1,1
2026-03-28 12:27:30.925,867.523,0,10,8,-65.38,1,1,0,1,1,1,1,1
2026-03-28 12:27:30.973,867.571,0,10,10,-70.33,1,1,0,1,1,1,1,1
2026-03-28 12:27:31.053,867.651,0,10,10,-64.1,1,1,0,1,1,1,1,1
2026-03-28 12:27:31.101,867.699,0,10,8,-70.36,1,1,0,1,1,1,1,1
2026-03-28 12:27:31.213,867.811,0,7,8,-65.69,1,1,0,1,1,1,1,1
2026-03-28 12:27:31.325,867.923,-1,7,8,-76.71,1,1,0,1,1,1,1,1
2026-03-28 12:27:31.405,868.003,0,7,8,-64.9,1,1,0,1,1,1,1,1
2026-03-28 12:27:31.452,868.051,0,10,8,-64.29,1,1,0,1,1,1,1,1
2026-03-28 12:27:31.485,868.083,-2,10,8,-69.32,1,1,0,1,1,1,1,1
2026-03-28 12:27:31.596,868.195,0,10,8,-65.61,1,1,0,1,1,1,1,1
2026-03-28 12:27:31.678,868.276,-2,7,8,-72.26,1,1,0,1,1,1,1,1
2026-03-28 12:27:31.789,868.387,0,7,8,-62.92,1,1,0,1,1,1,1,1
2026-03-28 12:27:31.868,868.467,0,10,7,-66.55,1,1,0,1,1,1,1,1
2026-03-28 12:27:31.916,868.514,0,7,8,-67.58,1,1,0,1,1,1,1,1
2026-03-28 12:27:31.965,868.563,-2,10,7,-61.41,1,1,0,1,1,1,1,1
2026-03-28 12:27:32.109,868.707,-2,7,8,-64.76,1,1,0,1,1,1,1,1
2026-03-28 12:27:32.157,868.755,-2,10,10,-61.7,1,1,0,1,1,1,1,1
2026-03-28 12:27:32.204,868.803,-2,10,7,-63.82,1,1,0,1,1,1,1,1
2026-03-28 12:27:32.301,868.899,-2,9,8,-65.65,1,1,0,1,1,1,1,1
2026-03-28 12:27:32.460,869.059,-2,7,7,-68.03,1,1,0,1,1,1,1,1
2026-03-28 12:27:32.493,869.091,0,10,8,-65.15,1,1,0,1,1,1,1,1
2026-03-28 12:27:32.557,869.155,0,7,8,-65.82,1,1,0,1,1,1,1,1
2026-03-28 12:27:32.637,869.235,0,10,8,-62.35,1,1,0,1,1,1,1,1
2026-03-28 12:27:32.700,869.299,0,9,8,-64.2,1,1,0,1,1,1,1,1
2026-03-28 12:27:32.812,869.411,0,10,7,-63.56,1,1,0,1,1,1,1,1
2026-03-28 12:27:32.893,869.491,0,10,8,-65.8,1,1,0,1,1,1,1,1
2026-03-28 12:27:32.973,869.571,0,10,8,-65.74,1,1,0,1,1,1,1,1
2026-03-28 12:27:33.052,869.651,0,7,8,-64.59,1,1,0,1,1,1,1,1
2026-03-28 12:27:33.149,869.747,0,7,10,-66.31,1,1,0,1,1,1,1,1
2026-03-28 12:27:33.229,869.827,0,10,7,-62.35,1,1,0,1,1,1,1,1
2026-03-28 12:27:33.277,869.876,0,7,8,-65.98,1,1,0,1,1,1,1,1
2026-03-28 12:27:33.357,869.955,0,10,8,-64.51,1,1,0,1,1,1,1,1
2026-03-28 12:27:33.468,870.067,0,10,8,-64.83,1,1,0,1,1,1,1,1
2026-03-28 12:27:33.533,870.131,0,7,7,-69.18,1,1,0,1,1,1,1,1
2026-03-28 12:27:33.597,870.195,0,7,7,-66.19,1,1,0,1,1,1,1,1
2026-03-28 12:27:33.692,870.291,0,9,7,-62.11,1,1,0,1,1,1,1,1
2026-03-28 12:27:33.772,870.371,0,10,8,-66.65,1,1,0,1,1,1,1,1
2026-03-28 12:27:33.869,870.468,0,10,8,-64.46,1,1,0,1,1,1,1,1
2026-03-28 12:27:33.965,870.563,0,10,7,-65.35,1,1,0,1,1,1,1,1
2026-03-28 12:27:34.029,870.627,0,10,7,-64.32,1,1,0,1,1,1,1,1
2026-03-28 12:27:34.124,870.722,-2,10,8,-66.45,1,1,0,1,1,1,1,1
2026-03-28 12:27:34.188,870.787,-2,10,7,-63.54,1,1,0,1,1,1,1,1
2026-03-28 12:27:34.284,870.882,-2,7,8,-63.53,1,1,0,1,1,1,1,1
2026-03-28 12:27:34.332,870.930,0,10,8,-65.16,1,1,0,1,1,1,1,1
2026-03-28 12:27:34.429,871.027,0,10,8,-61.36,1,1,0,1,1,1,1,1
2026-03-28 12:27:34.476,871.075,-2,10,8,-64.1,1,1,0,1,1,1,1,1
2026-03-28 12:27:34.588,871.187,-2,10,8,-63.14,1,1,0,1,1,1,1,1
2026-03-28 12:27:34.669,871.267,0,10,8,-62.13,1,1,0,1,1,1,1,1
2026-03-28 12:27:34.749,871.347,0,10,7,-63.39,1,1,0,1,1,1,1,1
2026-03-28 12:27:34.812,871.411,0,10,7,-63.91,1,1,0,1,1,1,1,1
2026-03-28 12:27:34.941,871.539,0,10,8,-61.34,1,1,0,1,1,1,1,1
2026-03-28 12:27:34.989,871.587,0,10,8,-64.17,1,1,0,1,1,1,1,1
2026-03-28 12:27:35.133,871.731,0,10,8,-65.18,1,1,0,1,1,1,1,1
2026-03-28 12:27:35.212,871.811,0,10,8,-61.91,1,1,0,1,1,1,1,1
2026-03-28 12:27:35.277,871.875,0,10,8,-64.92,1,1,0,1,1,1,1,1
2026-03-28 12:27:35.341,871.939,0,7,8,-65.76,1,1,0,1,1,1,1,1
2026-03-28 12:27:35.405,872.003,0,10,8,-65.25,1,1,0,1,1,1,1,1
2026-03-28 12:27:35.501,872.099,0,7,7,-65.06,1,1,0,1,1,1,1,1
2026-03-28 12:27:35.516,872.115,0,10,8,-64.58,1,1,0,1,1,1,1,1
2026-03-28 12:27:35.611,872.210,-2,7,8,-61.26,1,1,0,1,1,1,1,1
2026-03-28 12:27:35.692,872.291,-2,10,8,-65.81,1,1,0,1,1,1,1,1
2026-03-28 12:27:35.772,872.371,0,10,8,-61.7,1,1,0,1,1,1,1,1
2026-03-28 12:27:35.821,872.419,0,10,8,-65.14,1,1,0,1,1,1,1,1
2026-03-28 12:27:35.900,872.499,0,7,8,-64.44,1,1,0,1,1,1,1,1
2026-03-28 12:27:35.949,872.547,0,10,8,-67.46,1,1,0,1,1,1,1,1
2026-03-28 12:27:36.044,872.643,0,7,8,-66.5,1,1,0,1,1,1,1,1
2026-03-28 12:27:36.109,872.707,0,7,7,-61.56,1,1,0,1,1,1,1,1
2026-03-28 12:27:36.220,872.819,0,7,7,-64.48,1,1,0,1,1,1,1,1
2026-03-28 12:27:36.252,872.851,0,10,8,-64.58,1,1,0,1,1,1,1,1
2026-03-28 12:27:36.333,872.931,0,10,8,-64.41,1,1,0,1,1,1,1,1
2026-03-28 12:27:36.444,873.042,0,10,8,-62.14,1,1,0,1,1,1,1,1
2026-03-28 12:27:36.476,873.075,-2,9,8,-64.58,1,1,0,1,1,1,1,1
2026-03-28 12:27:36.716,873.315,0,7,8,-62.38,1,1,0,1,1,1,1,1
2026-03-28 12:27:36.844,873.442,-2,10,7,-63.8,1,1,0,1,1,1,1,1
2026-03-28 12:27:36.892,873.491,0,10,8,-62.09,1,1,0,1,1,1,1,1
2026-03-28 12:27:36.972,873.571,-2,10,8,-62.12,1,1,0,1,1,1,1,1
2026-03-28 12:27:37.020,873.618,-2,7,7,-63.89,1,1,0,1,1,1,1,1
2026-03-28 12:27:37.101,873.699,0,10,8,-63.23,1,1,0,1,1,1,1,1
2026-03-28 12:27:37.180,873.779,0,10,8,-64.48,1,1,0,1,1,1,1,1
2026-03-28 12:27:37.292,873.890,-2,10,7,-63.27,1,1,0,1,1,1,1,1
2026-03-28 12:27:37.372,873.971,0,7,8,-60.44,1,1,0,1,1,1,1,1
2026-03-28 12:27:37.404,874.003,0,10,10,-63.6,1,1,0,1,1,1,1,1
2026-03-28 12:27:37.532,874.131,0,10,8,-64.33,1,1,0,1,1,1,1,1
2026-03-28 12:27:37.548,874.147,0,10,7,-60.07,1,1,0,1,1,1,1,1
2026-03-28 12:27:37.644,874.243,0,7,8,-66.99,1,1,0,1,1,1,1,1
2026-03-28 12:27:37.740,874.339,0,7,8,-65.33,1,1,0,1,1,1,1,1
2026-03-28 12:27:37.788,874.386,0,10,8,-63.74,1,1,0,1,1,1,1,1
2026-03-28 12:27:37.868,874.467,0,10,8,-61.9,1,1,0,1,1,1,1,1
2026-03-28 12:27:37.980,874.579,0,10,8,-63.46,1,1,0,1,1,1,1,1
2026-03-28 12:27:38.029,874.627,0,10,8,-61.17,1,1,0,1,1,1,1,1
2026-03-28 12:27:38.157,874.755,0,10,7,-64.3,1,1,0,1,1,1,1,1
2026-03-28 12:27:38.237,874.835,0,10,10,-61.66,1,1,0,1,1,1,1,1
2026-03-28 12:27:38.301,874.899,0,10,8,-61.35,1,1,0,1,1,1,1,1
2026-03-28 12:27:38.396,874.995,0,10,8,-60.01,1,1,0,1,1,1,1,1
2026-03-28 12:27:38.445,875.043,0,10,7,-63.33,1,1,0,1,1,1,1,1
2026-03-28 12:27:38.525,875.124,0,7,8,-61.25,1,1,0,1,1,1,1,1
2026-03-28 12:27:38.636,875.235,0,10,7,-63.66,1,1,0,1,1,1,1,1
2026-03-28 12:27:38.700,875.298,0,10,7,-61.04,1,1,0,1,1,1,1,1
2026-03-28 12:27:38.780,875.379,0,10,7,-62.61,1,1,0,1,1,1,1,1
2026-03-28 12:27:38.861,875.459,0,7,8,-61.85,1,1,0,1,1,1,1,1
2026-03-28 12:27:38.972,875.571,0,10,8,-63.24,1,1,0,1,1,1,1,1
2026-03-28 12:27:39.036,875.635,0,7,8,-62.26,1,1,0,1,1,1,1,1
2026-03-28 12:27:39.068,875.667,0,10,10,-62.71,1,1,0,1,1,1,1,1
2026-03-28 12:27:39.245,875.843,0,10,8,-60.86,1,1,0,1,1,1,1,1
2026-03-28 12:27:39.372,875.971,0,7,8,-59.5,1,1,0,1,1,1,1,1
2026-03-28 12:27:39.436,876.035,0,7,8,-59.96,1,1,0,1,1,1,1,1
2026-03-28 12:27:39.549,876.147,0,7,8,-63.53,1,1,0,1,1,1,1,1
2026-03-28 12:27:39.629,876.227,0,7,8,-62.4,1,1,0,1,1,1,1,1
2026-03-28 12:27:39.740,876.339,0,10,7,-62.33,1,1,0,1,1,1,1,1
2026-03-28 12:27:39.772,876.370,0,10,7,-63.49,1,1,0,1,1,1,1,1
2026-03-28 12:27:39.836,876.434,0,7,8,-62.67,1,1,0,1,1,1,1,1
2026-03-28 12:27:39.884,876.483,0,10,8,-62.86,1,1,0,1,1,1,1,1
2026-03-28 12:27:39.964,876.563,0,7,8,-63.75,1,1,0,1,1,1,1,1
2026-03-28 12:27:40.109,876.707,0,10,8,-59.07,1,1,0,1,1,1,1,1
2026-03-28 12:27:40.204,876.803,0,7,8,-62.51,1,1,0,1,1,1,1,1
2026-03-28 12:27:40.268,876.867,0,7,8,-62.3,1,1,0,1,1,1,1,1
2026-03-28 12:27:40.364,876.962,0,10,8,-62.46,1,1,0,1,1,1,1,1
2026-03-28 12:27:40.380,876.979,0,10,7,-59.89,1,1,0,1,1,1,1,1
2026-03-28 12:27:40.461,877.059,0,10,8,-62.54,1,1,0,1,1,1,1,1
2026-03-28 12:27:40.572,877.171,0,9,8,-60.88,1,1,0,1,1,1,1,1
2026-03-28 12:27:40.652,877.251,0,7,8,-61.75,1,1,0,1,1,1,1,1
2026-03-28 12:27:40.748,877.347,0,7,7,-62.47,1,1,0,1,1,1,1,1
2026-03-28 12:27:40.796,877.395,0,10,8,-62.54,1,1,0,1,1,1,1,1
2026-03-28 12:27:40.876,877.474,0,10,7,-63.27,1,1,0,1,1,1,1,1
2026-03-28 12:27:40.940,877.538,0,10,8,-61.26,1,1,0,1,1,1,1,1
2026-03-28 12:27:41.021,877.619,0,7,8,-62.7,1,1,0,1,1,1,1,1
2026-03-28 12:27:41.133,877.731,0,7,7,-60.32,1,1,0,1,1,1,1,1
2026-03-28 12:27:41.179,877.778,0,10,8,-65.72,1,1,0,1,1,1,1,1
2026-03-28 12:27:41.276,877.874,0,10,8,-64.69,1,1,0,1,1,1,1,1
2026-03-28 12:27:41.341,877.939,0,10,8,-59.7,1,1,0,1,1,1,1,1
2026-03-28 12:27:41.452,878.051,-2,10,8,-60.26,1,1,0,1,1,1,1,1
2026-03-28 12:27:41.548,878.146,0,10,8,-62.66,1,1,0,1,1,1,1,1
2026-03-28 12:27:41.613,878.211,0,9,7,-61.6,1,1,0,1,1,1,1,1
2026-03-28 12:27:41.724,878.322,-2,10,8,-59.27,1,1,0,1,1,1,1,1
2026-03-28 12:27:41.820,878.419,-2,10,7,-63.34,1,1,0,1,1,1,1,1
2026-03-28 12:27:41.883,878.482,-1,9,10,-62.61,1,1,0,1,1,1,1,1
2026-03-28 12:27:41.964,878.562,0,10,8,-61.62,1,1,0,1,1,1,1,1
2026-03-28 12:27:42.029,878.627,-2,7,7,-59.19,1,1,0,1,1,1,1,1
2026-03-28 12:27:42.109,878.707,0,7,8,-61.49,1,1,0,1,1,1,1,1
2026-03-28 12:27:42.188,878.786,0,10,8,-61.49,1,1,0,1,1,1,1,1
2026-03-28 12:27:42.300,878.899,-2,10,8,-62.22,1,1,0,1,1,1,1,1
2026-03-28 12:27:42.395,878.994,-2,10,8,-62.2,1,1,0,1,1,1,1,1
2026-03-28 12:27:42.461,879.059,0,7,7,-61.38,1,1,0,1,1,1,1,1
2026-03-28 12:27:42.539,879.138,0,7,8,-59.95,1,1,0,1,1,1,1,1
2026-03-28 12:27:42.651,879.250,0,7,8,-63.78,1,1,0,1,1,1,1,1
2026-03-28 12:27:42.716,879.315,0,10,7,-61.04,1,1,0,1,1,1,1,1
2026-03-28 12:27:42.812,879.410,0,7,8,-63.1,1,1,0,1,1,1,1,1
2026-03-28 12:27:42.876,879.475,0,10,7,-63.84,1,1,0,1,1,1,1,1
2026-03-28 12:27:42.956,879.555,0,10,8,-63.41,1,1,0,1,1,1,1,1
2026-03-28 12:27:43.052,879.651,0,10,8,-63.39,1,1,0,1,1,1,1,1
2026-03-28 12:27:43.148,879.746,-2,10,8,-58.98,1,1,0,1,1,1,1,1
2026-03-28 12:27:43.196,879.795,-2,10,8,-60.45,1,1,0,1,1,1,1,1
2026-03-28 12:27:43.309,879.907,0,10,7,-60.5,1,1,0,1,1,1,1,1
2026-03-28 12:27:43.388,879.987,-2,10,7,-62.13,1,1,0,1,1,1,1,1
2026-03-28 12:27:43.499,880.098,-2,10,8,-61.42,1,1,0,1,1,1,1,1
2026-03-28 12:27:43.580,880.178,-2,10,8,-59.48,1,1,0,1,1,1,1,1
2026-03-28 12:27:43.629,880.227,-2,10,8,-60.36,1,1,0,1,1,1,1,1
2026-03-28 12:27:43.692,880.290,0,10,8,-59.57,1,1,0,1,1,1,1,1
2026-03-28 12:27:43.772,880.370,0,10,10,-62.9,1,1,0,1,1,1,1,1
2026-03-28 12:27:43.804,880.403,0,10,8,-61.19,1,1,0,1,1,1,1,1
2026-03-28 12:27:43.900,880.498,0,10,8,-65.38,1,1,0,1,1,1,1,1
2026-03-28 12:27:43.964,880.562,0,10,7,-61.98,1,1,0,1,1,1,1,1
2026-03-28 12:27:44.028,880.626,0,7,8,-62.23,1,1,0,1,1,1,1,1
2026-03-28 12:27:44.124,880.722,-2,7,8,-61.47,1,1,0,1,1,1,1,1
2026-03-28 12:27:44.252,880.850,0,7,8,-62.01,1,1,0,1,1,1,1,1
2026-03-28 12:27:44.300,880.899,-2,7,8,-63.93,1,1,0,1,1,1,1,1
2026-03-28 12:27:44.380,880.979,0,7,8,-61.19,1,1,0,1,1,1,1,1
2026-03-28 12:27:44.492,881.090,0,10,8,-64.35,1,1,0,1,1,1,1,1
2026-03-28 12:27:44.556,881.154,-2,7,8,-61.17,1,1,0,1,1,1,1,1
2026-03-28 12:27:44.620,881.219,0,10,8,-62.93,1,1,0,1,1,1,1,1
2026-03-28 12:27:44.668,881.266,0,7,7,-61.49,1,1,0,1,1,1,1,1
2026-03-28 12:27:44.780,881.378,-2,7,8,-62.59,1,1,0,1,1,1,1,1
2026-03-28 12:27:44.829,881.427,0,7,8,-62.78,1,1,0,1,1,1,1,1
2026-03-28 12:27:44.941,881.539,0,7,7,-65.17,1,1,0,1,1,1,1,1
2026-03-28 12:27:44.987,881.585,0,10,8,-63.65,1,1,0,1,1,1,1,1
2026-03-28 12:27:45.052,881.651,0,10,8,-61.74,1,1,0,1,1,1,1,1
2026-03-28 12:27:45.180,881.778,0,10,8,-64.97,1,1,0,1,1,1,1,1
2026-03-28 12:27:45.244,881.842,0,10,10,-65.25,1,1,0,1,1,1,1,1
2026-03-28 12:27:45.292,881.891,0,7,10,-66.62,1,1,0,1,1,1,1,1
2026-03-28 12:27:45.468,882.067,0,7,8,-68.24,1,1,0,1,1,1,1,1
2026-03-28 12:27:45.484,882.083,0,10,8,-60.7,1,1,0,1,1,1,1,1
2026-03-28 12:27:45.532,882.130,0,10,8,-60.57,1,1,0,1,1,1,1,1
2026-03-28 12:27:45.628,882.227,0,7,10,-67.1,1,1,0,1,1,1,1,1
2026-03-28 12:27:45.677,882.275,0,10,10,-65.86,1,1,0,1,1,1,1,1
2026-03-28 12:27:45.788,882.386,0,10,7,-70.41,1,1,0,1,1,1,1,1
2026-03-28 12:27:45.868,882.466,0,10,8,-61.83,1,1,0,1,1,1,1,1
2026-03-28 12:27:45.932,882.531,0,7,8,-64.66,1,1,0,1,1,1,1,1
2026-03-28 12:27:45.996,882.595,0,7,10,-64.39,1,1,0,1,1,1,1,1
2026-03-28 12:27:46.108,882.707,0,10,10,-62.65,1,1,0,1,1,1,1,1
2026-03-28 12:27:46.284,882.883,0,10,10,-63.0,1,1,0,1,1,1,1,1
2026-03-28 12:27:46.331,882.930,0,7,8,-63.19,1,1,0,1,1,1,1,1
2026-03-28 12:27:46.379,882.978,0,10,8,-64.5,1,1,0,1,1,1,1,1
2026-03-28 12:27:46.427,883.025,0,7,7,-61.64,1,1,0,1,1,1,1,1
2026-03-28 12:27:46.508,883.106,0,7,8,-63.83,1,1,0,1,1,1,1,1
2026-03-28 12:27:46.556,883.154,-2,10,10,-64.8,1,1,0,1,1,1,1,1
2026-03-28 12:27:46.668,883.267,0,7,7,-65.23,1,1,0,1,1,1,1,1
2026-03-28 12:27:46.731,883.330,0,10,7,-65.04,1,1,0,1,1,1,1,1
2026-03-28 12:27:46.780,883.378,0,7,7,-62.32,1,1,0,1,1,1,1,1
2026-03-28 12:27:46.828,883.427,0,7,10,-61.89,1,1,0,1,1,1,1,1
2026-03-28 12:27:46.908,883.506,0,10,7,-64.8,1,1,0,1,1,1,1,1
2026-03-28 12:27:46.988,883.586,0,7,8,-67.71,1,1,0,1,1,1,1,1
2026-03-28 12:27:47.068,883.666,0,7,8,-60.31,1,1,0,1,1,1,1,1
2026-03-28 12:27:47.164,883.762,0,7,8,-64.53,1,1,0,1,1,1,1,1
2026-03-28 12:27:47.212,883.810,0,7,8,-59.63,1,1,0,1,1,1,1,1
2026-03-28 12:27:47.324,883.923,0,7,7,-62.35,1,1,0,1,1,1,1,1
2026-03-28 12:27:47.388,883.986,0,7,8,-62.38,1,1,0,1,1,1,1,1
2026-03-28 12:27:47.452,884.051,0,7,8,-62.56,1,1,0,1,1,1,1,1
2026-03-28 12:27:47.516,884.115,-2,10,8,-64.44,1,1,0,1,1,1,1,1
2026-03-28 12:27:47.612,884.210,0,7,8,-63.82,1,1,0,1,1,1,1,1
2026-03-28 12:27:47.660,884.259,-2,10,8,-61.01,1,1,0,1,1,1,1,1
2026-03-28 12:27:47.724,884.323,-2,10,8,-61.1,1,1,0,1,1,1,1,1
2026-03-28 12:27:47.836,884.435,0,10,8,-60.29,1,1,0,1,1,1,1,1
2026-03-28 12:27:47.915,884.514,0,10,8,-61.43,1,1,0,1,1,1,1,1
2026-03-28 12:27:48.028,884.627,0,10,8,-62.13,1,1,0,1,1,1,1,1
2026-03-28 12:27:48.108,884.706,0,10,8,-61.92,1,1,0,1,1,1,1,1
2026-03-28 12:27:48.155,884.753,0,10,7,-60.69,1,1,0,1,1,1,1,1
2026-03-28 12:27:48.220,884.818,0,10,8,-63.26,1,1,0,1,1,1,1,1
2026-03-28 12:27:48.300,884.898,0,10,8,-60.32,1,1,0,1,1,1,1,1
2026-03-28 12:27:48.444,885.043,0,7,8,-63.12,1,1,0,1,1,1,1,1
2026-03-28 12:27:48.508,885.106,-2,10,8,-64.79,1,1,0,1,1,1,1,1
2026-03-28 12:27:48.540,885.138,0,10,8,-62.05,1,1,0,1,1,1,1,1
2026-03-28 12:27:48.620,885.219,0,7,7,-64.6,1,1,0,1,1,1,1,1
2026-03-28 12:27:48.700,885.298,0,7,8,-59.75,1,1,0,1,1,1,1,1
2026-03-28 12:27:48.780,885.378,0,10,7,-66.31,1,1,0,1,1,1,1,1
2026-03-28 12:27:48.844,885.443,-2,7,8,-60.07,1,1,0,1,1,1,1,1
2026-03-28 12:27:48.940,885.538,0,7,7,-63.49,1,1,0,1,1,1,1,1
2026-03-28 12:27:49.003,885.602,0,7,8,-64.08,1,1,0,1,1,1,1,1
2026-03-28 12:27:49.099,885.698,0,7,10,-61.59,1,1,0,1,1,1,1,1
2026-03-28 12:27:49.197,885.795,0,7,10,-61.9,1,1,0,1,1,1,1,1
2026-03-28 12:27:49.244,885.843,0,9,7,-63.05,1,1,0,1,1,1,1,1
2026-03-28 12:27:49.340,885.939,0,10,7,-62.27,1,1,0,1,1,1,1,1
2026-03-28 12:27:49.500,886.098,0,10,8,-62.64,1,1,0,1,1,1,1,1
2026-03-28 12:27:49.548,886.146,0,10,8,-66.07,1,1,0,1,1,1,1,1
2026-03-28 12:27:49.659,886.257,0,10,8,-62.53,1,1,0,1,1,1,1,1
2026-03-28 12:27:49.740,886.339,-2,7,8,-61.71,1,1,0,1,1,1,1,1
2026-03-28 12:27:49.803,886.401,0,7,7,-62.12,1,1,0,1,1,1,1,1
2026-03-28 12:27:49.900,886.498,0,7,8,-61.96,1,1,0,1,1,1,1,1
2026-03-28 12:27:49.979,886.577,0,10,10,-62.37,1,1,0,1,1,1,1,1
2026-03-28 12:27:50.044,886.642,0,10,10,-64.94,1,1,0,1,1,1,1,1
2026-03-28 12:27:50.140,886.738,0,10,8,-61.34,1,1,0,1,1,1,1,1
2026-03-28 12:27:50.188,886.786,0,7,8,-65.78,1,1,0,1,1,1,1,1
2026-03-28 12:27:50.299,886.898,0,10,8,-58.94,1,1,0,1,1,1,1,1
2026-03-28 12:27:50.412,887.011,0,10,7,-59.91,1,1,0,1,1,1,1,1
2026-03-28 12:27:50.476,887.074,0,7,7,-63.36,1,1,0,1,1,1,1,1
2026-03-28 12:27:50.524,887.122,0,7,8,-61.18,1,1,0,1,1,1,1,1
2026-03-28 12:27:50.652,887.250,0,7,7,-60.86,1,1,0,1,1,1,1,1
2026-03-28 12:27:50.699,887.298,0,7,8,-58.54,1,1,0,1,1,1,1,1
2026-03-28 12:27:50.892,887.491,0,10,8,-58.86,1,1,0,1,1,1,1,1
2026-03-28 12:27:50.924,887.522,0,7,8,-59.61,1,1,0,1,1,1,1,1
2026-03-28 12:27:50.988,887.586,0,10,8,-59.44,1,1,0,1,1,1,1,1
2026-03-28 12:27:51.084,887.682,0,7,8,-59.7,1,1,0,1,1,1,1,1
2026-03-28 12:27:51.180,887.779,0,7,8,-58.18,1,1,0,1,1,1,1,1
2026-03-28 12:27:51.292,887.890,0,10,8,-59.05,1,1,0,1,1,1,1,1
2026-03-28 12:27:51.388,887.986,0,7,8,-58.67,1,1,0,1,1,1,1,1
2026-03-28 12:27:51.419,888.018,0,7,10,-58.33,1,1,0,1,1,1,1,1
2026-03-28 12:27:51.516,888.114,0,7,10,-60.75,1,1,0,1,1,1,1,1
2026-03-28 12:27:51.628,888.226,0,7,8,-58.51,1,1,0,1,1,1,1,1
2026-03-28 12:27:51.708,888.306,0,7,7,-59.07,1,1,0,1,1,1,1,1
2026-03-28 12:27:51.771,888.370,0,7,10,-60.13,1,1,0,1,1,1,1,1
2026-03-28 12:27:51.850,888.449,0,7,7,-61.11,1,1,0,1,1,1,1,1
2026-03-28 12:27:51.947,888.546,0,10,8,-60.16,1,1,0,1,1,1,1,1
2026-03-28 12:27:52.027,888.626,0,10,7,-62.22,1,1,0,1,1,1,1,1
2026-03-28 12:27:52.108,888.706,0,10,7,-58.1,1,1,0,1,1,1,1,1
2026-03-28 12:27:52.172,888.770,0,10,8,-60.3,1,1,0,1,1,1,1,1
2026-03-28 12:27:52.284,888.882,0,10,8,-60.22,1,1,0,1,1,1,1,1
2026-03-28 12:27:52.331,888.929,0,10,8,-59.62,1,1,0,1,1,1,1,1
2026-03-28 12:27:52.444,889.042,0,7,8,-59.65,1,1,0,1,1,1,1,1
2026-03-28 12:27:52.523,889.121,0,10,10,-59.53,1,1,0,1,1,1,1,1
2026-03-28 12:27:52.620,889.218,0,10,8,-61.35,1,1,0,1,1,1,1,1
2026-03-28 12:27:52.668,889.266,0,10,8,-58.01,1,1,0,1,1,1,1,1
2026-03-28 12:27:52.763,889.361,0,7,8,-59.43,1,1,0,1,1,1,1,1
2026-03-28 12:27:52.860,889.458,0,10,8,-59.74,1,1,0,1,1,1,1,1
2026-03-28 12:27:52.940,889.538,0,7,8,-60.45,1,1,0,1,1,1,1,1
2026-03-28 12:27:53.003,889.601,0,7,7,-58.89,1,1,0,1,1,1,1,1
2026-03-28 12:27:53.035,889.634,0,7,8,-60.02,1,1,0,1,1,1,1,1
2026-03-28 12:27:53.116,889.714,0,10,8,-59.74,1,1,0,1,1,1,1,1
2026-03-28 12:27:53.212,889.810,0,10,7,-59.63,1,1,0,1,1,1,1,1
2026-03-28 12:27:53.276,889.874,0,7,8,-59.75,1,1,0,1,1,1,1,1
2026-03-28 12:27:53.388,889.986,0,10,8,-59.44,1,1,0,1,1,1,1,1
2026-03-28 12:27:53.451,890.050,0,10,8,-59.95,1,1,0,1,1,1,1,1
2026-03-28 12:27:53.500,890.098,0,7,8,-60.93,1,1,0,1,1,1,1,1
2026-03-28 12:27:53.579,890.178,0,10,8,-57.45,1,1,0,1,1,1,1,1
2026-03-28 12:27:53.675,890.274,0,7,8,-58.87,1,1,0,1,1,1,1,1
2026-03-28 12:27:53.724,890.322,0,10,10,-59.71,1,1,0,1,1,1,1,1
2026-03-28 12:27:53.851,890.449,0,7,8,-59.63,1,1,0,1,1,1,1,1
2026-03-28 12:27:53.963,890.561,0,7,10,-59.57,1,1,0,1,1,1,1,1
2026-03-28 12:27:54.028,890.626,0,7,7,-59.2,1,1,0,1,1,1,1,1
2026-03-28 12:27:54.139,890.738,0,10,8,-58.23,1,1,0,1,1,1,1,1
2026-03-28 12:27:54.187,890.786,0,10,8,-57.63,1,1,0,1,1,1,1,1
2026-03-28 12:27:54.251,890.850,0,10,8,-60.7,1,1,0,1,1,1,1,1
2026-03-28 12:27:54.363,890.962,0,7,8,-60.2,1,1,0,1,1,1,1,1
2026-03-28 12:27:54.412,891.011,0,10,8,-61.65,1,1,0,1,1,1,1,1
2026-03-28 12:27:54.459,891.058,0,10,10,-60.99,1,1,0,1,1,1,1,1
2026-03-28 12:27:54.540,891.138,0,7,10,-59.67,1,1,0,1,1,1,1,1
2026-03-28 12:27:54.636,891.234,0,7,10,-57.89,1,1,0,1,1,1,1,1
2026-03-28 12:27:54.732,891.330,0,7,8,-59.6,1,1,0,1,1,1,1,1
2026-03-28 12:27:54.797,891.395,0,7,10,-59.73,1,1,0,1,1,1,1,1
2026-03-28 12:27:54.891,891.490,0,10,8,-60.59,1,1,0,1,1,1,1,1
2026-03-28 12:27:54.955,891.553,0,7,7,-60.84,1,1,0,1,1,1,1,1
2026-03-28 12:27:55.019,891.618,0,10,7,-58.86,1,1,0,1,1,1,1,1
2026-03-28 12:27:55.163,891.762,0,10,8,-58.04,1,1,0,1,1,1,1,1
2026-03-28 12:27:55.196,891.794,0,10,8,-59.19,1,1,0,1,1,1,1,1
2026-03-28 12:27:55.275,891.874,0,10,8,-61.44,1,1,0,1,1,1,1,1
2026-03-28 12:27:55.340,891.938,0,10,8,-59.72,1,1,0,1,1,1,1,1
2026-03-28 12:27:55.420,892.018,0,7,8,-61.29,1,1,0,1,1,1,1,1
2026-03-28 12:27:55.547,892.145,0,10,8,-61.35,1,1,0,1,1,1,1,1
2026-03-28 12:27:55.595,892.194,0,10,8,-59.7,1,1,0,1,1,1,1,1
2026-03-28 12:27:55.708,892.306,0,10,7,-58.62,1,1,0,1,1,1,1,1
2026-03-28 12:27:55.819,892.417,0,10,8,-58.45,1,1,0,1,1,1,1,1
2026-03-28 12:27:55.868,892.466,0,9,8,-59.83,1,1,0,1,1,1,1,1
2026-03-28 12:27:55.947,892.546,0,10,8,-60.33,1,1,0,1,1,1,1,1
2026-03-28 12:27:56.044,892.642,0,7,8,-60.54,1,1,0,1,1,1,1,1
2026-03-28 12:27:56.091,892.689,0,10,8,-59.57,1,1,0,1,1,1,1,1
2026-03-28 12:27:56.172,892.770,0,10,8,-59.53,1,1,0,1,1,1,1,1
2026-03-28 12:27:56.267,892.866,0,10,7,-60.99,1,1,0,1,1,1,1,1
2026-03-28 12:27:56.331,892.929,0,10,8,-59.19,1,1,0,1,1,1,1,1
2026-03-28 12:27:56.380,892.979,0,7,7,-62.22,1,1,0,1,1,1,1,1
2026-03-28 12:27:56.539,893.138,0,7,8,-60.4,1,1,0,1,1,1,1,1
2026-03-28 12:27:56.619,893.218,0,7,8,-59.73,1,1,0,1,1,1,1,1
2026-03-28 12:27:56.651,893.250,0,7,7,-59.17,1,1,0,1,1,1,1,1
2026-03-28 12:27:56.699,893.298,0,7,7,-60.76,1,1,0,1,1,1,1,1
2026-03-28 12:27:56.779,893.378,0,7,10,-60.08,1,1,0,1,1,1,1,1
2026-03-28 12:27:56.860,893.458,0,7,10,-61.35,1,1,0,1,1,1,1,1
2026-03-28 12:27:57.003,893.602,0,7,7,-60.69,1,1,0,1,1,1,1,1
2026-03-28 12:27:57.099,893.697,0,7,8,-58.87,1,1,0,1,1,1,1,1
2026-03-28 12:27:57.180,893.779,0,7,8,-58.24,1,1,0,1,1,1,1,1
2026-03-28 12:27:57.244,893.842,0,10,8,-59.69,1,1,0,1,1,1,1,1
2026-03-28 12:27:57.340,893.938,0,7,7,-60.63,1,1,0,1,1,1,1,1
2026-03-28 12:27:57.451,894.049,0,10,7,-59.42,1,1,0,1,1,1,1,1
2026-03-28 12:27:57.516,894.114,0,10,8,-59.84,1,1,0,1,1,1,1,1
2026-03-28 12:27:57.580,894.178,0,10,10,-59.77,1,1,0,1,1,1,1,1
2026-03-28 12:27:57.644,894.242,0,10,7,-59.61,1,1,0,1,1,1,1,1
2026-03-28 12:27:57.740,894.338,0,10,8,-60.63,1,1,0,1,1,1,1,1
2026-03-28 12:27:57.803,894.402,0,10,8,-58.81,1,1,0,1,1,1,1,1
2026-03-28 12:27:57.915,894.513,0,7,8,-59.78,1,1,0,1,1,1,1,1
2026-03-28 12:27:57.947,894.546,0,7,8,-60.64,1,1,0,1,1,1,1,1
2026-03-28 12:27:58.011,894.610,0,10,8,-60.01,1,1,0,1,1,1,1,1
2026-03-28 12:27:58.092,894.690,0,10,8,-59.54,1,1,0,1,1,1,1,1
2026-03-28 12:27:58.156,894.754,0,7,8,-58.36,1,1,0,1,1,1,1,1
2026-03-28 12:27:58.284,894.882,0,7,7,-60.26,1,1,0,1,1,1,1,1
2026-03-28 12:27:58.363,894.962,0,10,10,-58.86,1,1,0,1,1,1,1,1
2026-03-28 12:27:58.475,895.074,0,7,8,-58.97,1,1,0,1,1,1,1,1
2026-03-28 12:27:58.507,895.106,0,10,7,-59.81,1,1,0,1,1,1,1,1
2026-03-28 12:27:58.603,895.202,0,7,8,-58.97,1,1,0,1,1,1,1,1
2026-03-28 12:27:58.651,895.249,-2,10,8,-59.84,1,1,0,1,1,1,1,1
2026-03-28 12:27:58.731,895.329,0,10,10,-58.78,1,1,0,1,1,1,1,1
2026-03-28 12:27:58.843,895.442,0,10,8,-59.61,1,1,0,1,1,1,1,1
2026-03-28 12:27:58.971,895.569,-2,10,10,-60.97,1,1,0,1,1,1,1,1
2026-03-28 12:27:59.051,895.650,0,10,7,-60.77,1,1,0,1,1,1,1,1
2026-03-28 12:27:59.099,895.698,0,7,10,-58.47,1,1,0,1,1,1,1,1
2026-03-28 12:27:59.244,895.842,0,10,8,-59.63,1,1,0,1,1,1,1,1
2026-03-28 12:27:59.275,895.874,0,10,7,-60.64,1,1,0,1,1,1,1,1
2026-03-28 12:27:59.355,895.953,0,7,7,-59.11,1,1,0,1,1,1,1,1
2026-03-28 12:27:59.483,896.082,0,7,8,-59.57,1,1,0,1,1,1,1,1
2026-03-28 12:27:59.564,896.162,0,10,7,-58.93,1,1,0,1,1,1,1,1
2026-03-28 12:27:59.594,896.193,0,9,8,-61.73,1,1,0,1,1,1,1,1
2026-03-28 12:27:59.660,896.258,0,7,8,-59.01,1,1,0,1,1,1,1,1
2026-03-28 12:27:59.804,896.402,0,10,8,-59.28,1,1,0,1,1,1,1,1
2026-03-28 12:27:59.868,896.466,0,10,7,-57.9,1,1,0,1,1,1,1,1
2026-03-28 12:27:59.931,896.529,0,10,8,-60.01,1,1,0,1,1,1,1,1
2026-03-28 12:27:59.995,896.594,0,7,8,-59.67,1,1,0,1,1,1,1,1
2026-03-28 12:28:00.139,896.737,0,10,8,-59.05,1,1,0,1,1,1,1,1
2026-03-28 12:28:00.171,896.769,0,10,8,-58.83,1,1,0,1,1,1,1,1
2026-03-28 12:28:00.251,896.849,0,10,8,-59.69,1,1,0,1,1,1,1,1
2026-03-28 12:28:00.347,896.946,0,10,8,-59.29,1,1,0,1,1,1,1,1
2026-03-28 12:28:00.443,897.042,0,10,7,-59.01,1,1,0,1,1,1,1,1
2026-03-28 12:28:00.522,897.121,0,10,10,-60.69,1,1,0,1,1,1,1,1
2026-03-28 12:28:00.603,897.201,0,10,8,-58.92,1,1,0,1,1,1,1,1
2026-03-28 12:28:00.731,897.329,0,9,8,-59.53,1,1,0,1,1,1,1,1
2026-03-28 12:28:00.811,897.409,0,10,8,-58.34,1,1,0,1,1,1,1,1
2026-03-28 12:28:00.907,897.506,0,7,10,-58.64,1,1,0,1,1,1,1,1
2026-03-28 12:28:00.987,897.585,0,10,8,-59.93,1,1,0,1,1,1,1,1
2026-03-28 12:28:01.035,897.633,0,7,8,-58.54,1,1,0,1,1,1,1,1
2026-03-28 12:28:01.163,897.762,0,10,8,-60.41,1,1,0,1,1,1,1,1
2026-03-28 12:28:01.243,897.841,0,10,7,-60.24,1,1,0,1,1,1,1,1
2026-03-28 12:28:01.306,897.904,0,10,7,-59.48,1,1,0,1,1,1,1,1
2026-03-28 12:28:01.387,897.986,0,10,8,-58.32,1,1,0,1,1,1,1,1
2026-03-28 12:28:01.435,898.033,0,7,7,-59.42,1,1,0,1,1,1,1,1
2026-03-28 12:28:01.515,898.114,0,7,8,-61.32,1,1,0,1,1,1,1,1
2026-03-28 12:28:01.580,898.178,0,7,8,-60.36,1,1,0,1,1,1,1,1
2026-03-28 12:28:01.659,898.258,0,10,8,-61.39,1,1,0,1,1,1,1,1
2026-03-28 12:28:01.707,898.305,0,10,8,-61.42,1,1,0,1,1,1,1,1
2026-03-28 12:28:01.819,898.417,0,7,8,-58.87,1,1,0,1,1,1,1,1
2026-03-28 12:28:01.867,898.465,0,7,8,-60.0,1,1,0,1,1,1,1,1
2026-03-28 12:28:01.930,898.529,0,10,7,-58.45,1,1,0,1,1,1,1,1
2026-03-28 12:28:02.027,898.625,0,10,8,-59.21,1,1,0,1,1,1,1,1
2026-03-28 12:28:02.139,898.737,0,10,7,-60.8,1,1,0,1,1,1,1,1
2026-03-28 12:28:02.202,898.801,1,11,11,-58.65,1,1,0,1,1,1,1,1
2026-03-28 12:28:02.299,898.897,0,7,8,-60.13,1,1,0,1,1,1,1,1
2026-03-28 12:28:02.363,898.962,0,7,8,-61.37,1,1,0,1,1,1,1,1
2026-03-28 12:28:02.380,898.978,0,10,8,-59.47,1,1,0,1,1,1,1,1
2026-03-28 12:28:02.491,899.089,0,10,10,-62.41,1,1,0,1,1,1,1,1
2026-03-28 12:28:02.523,899.121,0,7,8,-58.93,1,1,0,1,1,1,1,1
2026-03-28 12:28:02.571,899.169,1,11,8,-60.9,1,1,0,1,1,1,1,1
2026-03-28 12:28:02.683,899.281,1,8,8,-59.92,1,1,0,1,1,1,1,1
2026-03-28 12:28:02.730,899.329,1,8,9,-59.0,1,1,0,1,1,1,1,1
2026-03-28 12:28:02.810,899.409,1,8,8,-60.42,1,1,0,1,1,1,1,1
2026-03-28 12:28:02.875,899.474,1,11,8,-59.58,1,1,0,1,1,1,1,1
2026-03-28 12:28:02.971,899.570,1,11,11,-59.14,1,1,0,1,1,1,1,1
2026-03-28 12:28:03.020,899.618,1,11,9,-59.09,1,1,0,1,1,1,1,1
2026-03-28 12:28:03.083,899.682,1,11,8,-58.97,1,1,0,1,1,1,1,1
2026-03-28 12:28:03.179,899.778,1,11,11,-59.09,1,1,0,1,1,1,1,1
2026-03-28 12:28:03.243,899.842,1,11,8,-60.42,1,1,0,1,1,1,1,1
2026-03-28 12:28:03.324,899.922,1,11,8,-58.05,1,1,0,1,1,1,1,1
2026-03-28 12:28:03.403,900.002,1,11,11,-60.39,1,1,0,1,1,1,1,1
2026-03-28 12:28:03.499,900.097,1,8,8,-58.27,1,1,0,1,1,1,1,1
2026-03-28 12:28:03.564,900.162,1,8,8,-59.01,1,1,0,1,1,1,1,1
2026-03-28 12:28:03.627,900.225,1,11,8,-59.42,1,1,0,1,1,1,1,1
2026-03-28 12:28:03.691,900.289,1,8,10,-60.07,1,1,0,1,1,1,1,1
2026-03-28 12:28:03.788,900.386,1,11,8,-59.44,1,1,0,1,1,1,1,1
2026-03-28 12:28:03.931,900.530,1,11,8,-58.59,1,1,0,1,1,1,1,1
2026-03-28 12:28:03.979,900.578,1,11,8,-58.36,1,1,0,1,1,1,1,1
2026-03-28 12:28:04.091,900.690,1,11,9,-61.53,1,1,0,1,1,1,1,1
2026-03-28 12:28:04.171,900.769,1,11,8,-59.3,1,1,0,1,1,1,1,1
2026-03-28 12:28:04.235,900.833,1,11,8,-59.41,1,1,0,1,1,1,1,1
2026-03-28 12:28:04.315,900.913,1,8,8,-60.14,1,1,0,1,1,1,1,1
2026-03-28 12:28:04.379,900.978,1,11,8,-59.04,1,1,0,1,1,1,1,1
2026-03-28 12:28:04.475,901.073,1,8,11,-58.69,1,1,0,1,1,1,1,1
2026-03-28 12:28:04.539,901.138,1,8,8,-58.12,1,1,0,1,1,1,1,1
2026-03-28 12:28:04.619,901.217,1,8,9,-58.38,1,1,0,1,1,1,1,1
2026-03-28 12:28:04.699,901.297,1,11,9,-58.25,1,1,0,1,1,1,1,1
2026-03-28 12:28:04.794,901.393,1,8,9,-60.54,1,1,0,1,1,1,1,1
2026-03-28 12:28:04.891,901.489,1,10,8,-57.97,1,1,0,1,1,1,1,1
2026-03-28 12:28:05.003,901.601,1,11,9,-58.86,1,1,0,1,1,1,1,1
2026-03-28 12:28:05.018,901.617,1,11,8,-57.76,1,1,0,1,1,1,1,1
2026-03-28 12:28:05.083,901.682,1,11,8,-59.31,1,1,0,1,1,1,1,1
2026-03-28 12:28:05.164,901.762,1,11,8,-60.34,1,1,0,1,1,1,1,1
2026-03-28 12:28:05.243,901.841,1,11,8,-60.74,1,1,0,1,1,1,1,1
2026-03-28 12:28:05.403,902.002,1,11,8,-59.59,1,1,0,1,1,1,1,1
2026-03-28 12:28:05.483,902.082,1,11,8,-58.71,1,1,0,1,1,1,1,1
2026-03-28 12:28:05.611,902.209,1,11,8,-58.39,1,1,0,1,1,1,1,1
2026-03-28 12:28:05.707,902.306,1,11,9,-59.27,1,1,0,1,1,1,1,1
2026-03-28 12:28:05.739,902.338,1,11,9,-60.21,1,1,0,1,1,1,1,1
2026-03-28 12:28:05.819,902.417,1,11,8,-60.19,1,1,0,1,1,1,1,1
2026-03-28 12:28:05.931,902.530,1,11,8,-60.3,1,1,0,1,1,1,1,1
2026-03-28 12:28:06.027,902.626,1,11,9,-57.64,1,1,0,1,1,1,1,1
2026-03-28 12:28:06.091,902.689,1,11,8,-58.67,1,1,0,1,1,1,1,1
2026-03-28 12:28:06.171,902.770,1,11,8,-59.06,1,1,0,1,1,1,1,1
2026-03-28 12:28:06.251,902.850,1,11,9,-60.4,1,1,0,1,1,1,1,1
2026-03-28 12:28:06.331,902.929,1,11,8,-60.08,1,1,0,1,1,1,1,1
2026-03-28 12:28:06.443,903.041,1,11,8,-59.92,1,1,0,1,1,1,1,1
2026-03-28 12:28:06.475,903.073,1,11,8,-60.62,1,1,0,1,1,1,1,1
2026-03-28 12:28:06.587,903.185,1,11,11,-61.33,1,1,0,1,1,1,1,1
2026-03-28 12:28:06.683,903.281,1,8,8,-58.23,1,1,0,1,1,1,1,1
2026-03-28 12:28:06.746,903.345,1,8,11,-60.22,1,1,0,1,1,1,1,1
2026-03-28 12:28:06.907,903.506,1,8,8,-61.61,1,1,0,1,1,1,1,1
2026-03-28 12:28:06.971,903.569,1,11,8,-59.78,1,1,0,1,1,1,1,1
2026-03-28 12:28:07.003,903.602,1,11,11,-58.55,1,1,0,1,1,1,1,1
2026-03-28 12:28:07.099,903.697,1,8,8,-59.32,1,1,0,1,1,1,1,1
2026-03-28 12:28:07.179,903.778,1,8,8,-59.18,1,1,0,1,1,1,1,1
2026-03-28 12:28:07.322,903.921,1,8,8,-59.64,1,1,0,1,1,1,1,1
2026-03-28 12:28:07.355,903.954,1,11,8,-61.03,1,1,0,1,1,1,1,1
2026-03-28 12:28:07.435,904.034,1,8,8,-57.82,1,1,0,1,1,1,1,1
2026-03-28 12:28:07.563,904.161,1,8,8,-60.93,1,1,0,1,1,1,1,1
2026-03-28 12:28:07.642,904.241,1,8,8,-59.14,1,1,0,1,1,1,1,1
2026-03-28 12:28:07.739,904.338,1,11,8,-59.83,1,1,0,1,1,1,1,1
2026-03-28 12:28:07.818,904.417,1,11,8,-59.4,1,1,0,1,1,1,1,1
2026-03-28 12:28:07.898,904.497,1,11,8,-59.64,1,1,0,1,1,1,1,1
2026-03-28 12:28:07.962,904.561,1,8,11,-59.93,1,1,0,1,1,1,1,1
2026-03-28 12:28:08.074,904.673,1,11,8,-59.19,1,1,0,1,1,1,1,1
2026-03-28 12:28:08.138,904.737,1,11,8,-58.02,1,1,0,1,1,1,1,1
2026-03-28 12:28:08.202,904.801,1,11,9,-57.65,1,1,0,1,1,1,1,1
2026-03-28 12:28:08.282,904.881,1,11,8,-60.83,1,1,0,1,1,1,1,1
2026-03-28 12:28:08.411,905.009,1,11,8,-59.43,1,1,0,1,1,1,1,1
2026-03-28 12:28:08.475,905.073,1,8,11,-60.41,1,1,0,1,1,1,1,1
2026-03-28 12:28:08.571,905.169,-1,11,8,-60.79,1,1,0,1,1,1,1,1
2026-03-28 12:28:08.666,905.265,1,11,9,-59.36,1,1,0,1,1,1,1,1
2026-03-28 12:28:08.747,905.346,1,11,11,-60.49,1,1,0,1,1,1,1,1
2026-03-28 12:28:08.858,905.457,-1,8,8,-58.02,1,1,0,1,1,1,1,1
2026-03-28 12:28:08.939,905.538,1,8,8,-59.5,1,1,0,1,1,1,1,1
2026-03-28 12:28:08.987,905.586,1,11,8,-58.28,1,1,0,1,1,1,1,1
2026-03-28 12:28:09.067,905.666,1,11,8,-59.11,1,1,0,1,1,1,1,1
2026-03-28 12:28:09.163,905.761,1,11,8,-58.84,1,1,0,1,1,1,1,1
2026-03-28 12:28:09.195,905.794,1,11,11,-60.33,1,1,0,1,1,1,1,1
2026-03-28 12:28:09.290,905.889,1,8,8,-58.91,1,1,0,1,1,1,1,1
2026-03-28 12:28:09.386,905.985,1,8,8,-59.41,1,1,0,1,1,1,1,1
2026-03-28 12:28:09.483,906.082,1,8,8,-60.34,1,1,0,1,1,1,1,1
2026-03-28 12:28:09.515,906.113,1,8,8,-58.79,1,1,0,1,1,1,1,1
2026-03-28 12:28:09.610,906.209,1,11,8,-61.24,1,1,0,1,1,1,1,1
2026-03-28 12:28:09.690,906.288,1,11,8,-61.36,1,1,0,1,1,1,1,1
2026-03-28 12:28:09.802,906.401,-1,11,8,-60.63,1,1,0,1,1,1,1,1
2026-03-28 12:28:09.882,906.481,1,11,8,-58.09,1,1,0,1,1,1,1,1
2026-03-28 12:28:09.915,906.513,1,11,8,-60.37,1,1,0,1,1,1,1,1
2026-03-28 12:28:09.979,906.577,-1,10,8,-57.78,1,1,0,1,1,1,1,1
2026-03-28 12:28:10.090,906.689,1,8,8,-60.06,1,1,0,1,1,1,1,1
2026-03-28 12:28:10.186,906.784,1,8,11,-61.27,1,1,0,1,1,1,1,1
2026-03-28 12:28:10.266,906.865,1,11,8,-58.68,1,1,0,1,1,1,1,1
2026-03-28 12:28:10.331,906.930,0,10,8,-57.71,1,1,0,1,1,1,1,1
2026-03-28 12:28:10.410,907.009,1,11,8,-59.57,1,1,0,1,1,1,1,1
2026-03-28 12:28:10.490,907.088,1,11,8,-59.72,1,1,0,1,1,1,1,1
2026-03-28 12:28:10.619,907.217,1,11,8,-60.43,1,1,0,1,1,1,1,1
2026-03-28 12:28:10.682,907.280,1,11,8,-59.69,1,1,0,1,1,1,1,1
2026-03-28 12:28:10.826,907.425,1,11,8,-59.31,1,1,0,1,1,1,1,1
2026-03-28 12:28:10.859,907.457,1,11,8,-58.71,1,1,0,1,1,1,1,1
2026-03-28 12:28:10.922,907.521,1,7,7,-60.61,1,1,0,1,1,1,1,1
2026-03-28 12:28:11.019,907.617,0,10,10,-59.43,1,1,0,1,1,1,1,1
2026-03-28 12:28:11.066,907.664,0,10,8,-58.28,1,1,0,1,1,1,1,1
2026-03-28 12:28:11.178,907.776,0,10,7,-57.81,1,1,0,1,1,1,1,1
2026-03-28 12:28:11.291,907.890,0,10,8,-61.49,1,1,0,1,1,1,1,1
2026-03-28 12:28:11.355,907.953,-2,7,8,-58.67,1,1,0,1,1,1,1,1
2026-03-28 12:28:11.402,908.001,-2,10,8,-59.1,1,1,0,1,1,1,1,1
2026-03-28 12:28:11.514,908.112,-1,11,8,-59.38,1,1,0,1,1,1,1,1
2026-03-28 12:28:11.610,908.209,0,10,8,-60.04,1,1,0,1,1,1,1,1
2026-03-28 12:28:11.642,908.241,0,10,8,-60.24,1,1,0,1,1,1,1,1
2026-03-28 12:28:11.754,908.352,0,9,8,-59.33,1,1,0,1,1,1,1,1
2026-03-28 12:28:11.787,908.385,0,7,8,-59.21,1,1,0,1,1,1,1,1
2026-03-28 12:28:11.898,908.496,0,10,8,-58.91,1,1,0,1,1,1,1,1
2026-03-28 12:28:11.963,908.561,1,11,11,-59.22,1,1,0,1,1,1,1,1
2026-03-28 12:28:12.010,908.609,0,10,8,-60.07,1,1,0,1,1,1,1,1
2026-03-28 12:28:12.058,908.657,1,8,8,-62.14,1,1,0,1,1,1,1,1
2026-03-28 12:28:12.138,908.737,1,10,8,-60.49,1,1,0,1,1,1,1,1
2026-03-28 12:28:12.186,908.785,1,10,8,-59.73,1,1,0,1,1,1,1,1
2026-03-28 12:28:12.314,908.913,1,10,8,-59.33,1,1,0,1,1,1,1,1
2026-03-28 12:28:12.347,908.945,1,10,8,-60.45,1,1,0,1,1,1,1,1
2026-03-28 12:28:12.475,909.073,1,7,8,-59.33,1,1,0,1,1,1,1,1
2026-03-28 12:28:12.570,909.169,0,8,9,-61.31,1,1,0,1,1,1,1,1
2026-03-28 12:28:12.618,909.216,1,8,8,-59.13,1,1,0,1,1,1,1,1
2026-03-28 12:28:12.698,909.297,1,11,8,-57.81,1,1,0,1,1,1,1,1
2026-03-28 12:28:12.794,909.392,1,8,8,-58.71,1,1,0,1,1,1,1,1
2026-03-28 12:28:12.842,909.441,0,7,8,-58.54,1,1,0,1,1,1,1,1
2026-03-28 12:28:12.923,909.521,1,11,8,-59.32,1,1,0,1,1,1,1,1
2026-03-28 12:28:12.971,909.569,1,8,11,-61.54,1,1,0,1,1,1,1,1
2026-03-28 12:28:13.067,909.665,0,10,10,-60.23,1,1,0,1,1,1,1,1
2026-03-28 12:28:13.179,909.777,0,10,10,-59.33,1,1,0,1,1,1,1,1
2026-03-28 12:28:13.226,909.825,0,7,10,-59.22,1,1,0,1,1,1,1,1
2026-03-28 12:28:13.322,909.921,0,7,8,-58.65,1,1,0,1,1,1,1,1
2026-03-28 12:28:13.370,909.969,0,7,8,-59.62,1,1,0,1,1,1,1,1
2026-03-28 12:28:13.467,910.065,1,11,8,-61.17,1,1,0,1,1,1,1,1
2026-03-28 12:28:13.578,910.177,0,10,8,-59.78,1,1,0,1,1,1,1,1
2026-03-28 12:28:13.658,910.257,0,10,7,-61.1,1,1,0,1,1,1,1,1
2026-03-28 12:28:13.722,910.321,0,7,7,-57.77,1,1,0,1,1,1,1,1
2026-03-28 12:28:13.755,910.353,0,7,8,-58.39,1,1,0,1,1,1,1,1
2026-03-28 12:28:13.819,910.417,0,10,8,-59.36,1,1,0,1,1,1,1,1
2026-03-28 12:28:13.882,910.481,0,7,8,-60.11,1,1,0,1,1,1,1,1
2026-03-28 12:28:13.978,910.576,0,7,8,-60.58,1,1,0,1,1,1,1,1
2026-03-28 12:28:14.042,910.640,0,8,8,-58.65,1,1,0,1,1,1,1,1
2026-03-28 12:28:14.107,910.705,0,10,8,-58.89,1,1,0,1,1,1,1,1
2026-03-28 12:28:14.187,910.785,1,11,8,-60.32,1,1,0,1,1,1,1,1
2026-03-28 12:28:14.250,910.849,1,11,8,-59.26,1,1,0,1,1,1,1,1
2026-03-28 12:28:14.298,910.897,1,11,8,-61.13,1,1,0,1,1,1,1,1
2026-03-28 12:28:14.395,910.993,1,8,8,-60.93,1,1,0,1,1,1,1,1
2026-03-28 12:28:14.507,911.105,0,10,8,-59.44,1,1,0,1,1,1,1,1
2026-03-28 12:28:14.587,911.185,0,7,8,-58.19,1,1,0,1,1,1,1,1
2026-03-28 12:28:14.698,911.296,0,7,7,-59.5,1,1,0,1,1,1,1,1
2026-03-28 12:28:14.762,911.361,0,10,10,-57.53,1,1,0,1,1,1,1,1
2026-03-28 12:28:14.795,911.393,0,10,8,-59.93,1,1,0,1,1,1,1,1
2026-03-28 12:28:14.890,911.489,0,10,8,-59.34,1,1,0,1,1,1,1,1
2026-03-28 12:28:14.954,911.553,0,10,8,-59.27,1,1,0,1,1,1,1,1
2026-03-28 12:28:15.018,911.617,0,10,8,-58.82,1,1,0,1,1,1,1,1
2026-03-28 12:28:15.147,911.745,1,11,8,-60.52,1,1,0,1,1,1,1,1
2026-03-28 12:28:15.179,911.777,1,10,8,-59.23,1,1,0,1,1,1,1,1
2026-03-28 12:28:15.259,911.857,1,11,8,-59.24,1,1,0,1,1,1,1,1
2026-03-28 12:28:15.387,911.985,1,8,8,-59.75,1,1,0,1,1,1,1,1
2026-03-28 12:28:15.418,912.017,0,7,8,-59.41,1,1,0,1,1,1,1,1
2026-03-28 12:28:15.482,912.081,0,10,8,-58.72,1,1,0,1,1,1,1,1
2026-03-28 12:28:15.578,912.177,0,10,10,-59.5,1,1,0,1,1,1,1,1
2026-03-28 12:28:15.706,912.305,0,10,8,-58.18,1,1,0,1,1,1,1,1
2026-03-28 12:28:15.739,912.337,0,10,8,-59.28,1,1,0,1,1,1,1,1
2026-03-28 12:28:15.834,912.433,0,10,10,-59.6,1,1,0,1,1,1,1,1
2026-03-28 12:28:15.898,912.497,0,10,7,-58.66,1,1,0,1,1,1,1,1
2026-03-28 12:28:15.947,912.545,0,10,7,-57.64,1,1,0,1,1,1,1,1
2026-03-28 12:28:16.138,912.737,0,10,8,-59.62,1,1,0,1,1,1,1,1
2026-03-28 12:28:16.154,912.752,1,8,8,-60.77,1,1,0,1,1,1,1,1
2026-03-28 12:28:16.282,912.881,1,8,9,-59.16,1,1,0,1,1,1,1,1
2026-03-28 12:28:16.299,912.897,1,10,11,-59.92,1,1,0,1,1,1,1,1
2026-03-28 12:28:16.395,912.993,1,11,8,-57.81,1,1,0,1,1,1,1,1
2026-03-28 12:28:16.490,913.088,1,11,8,-58.84,1,1,0,1,1,1,1,1
2026-03-28 12:28:16.555,913.153,1,11,8,-58.45,1,1,0,1,1,1,1,1
2026-03-28 12:28:16.602,913.200,1,10,8,-60.5,1,1,0,1,1,1,1,1
2026-03-28 12:28:16.698,913.297,0,7,8,-59.09,1,1,0,1,1,1,1,1
2026-03-28 12:28:16.809,913.408,0,10,8,-57.89,1,1,0,1,1,1,1,1
2026-03-28 12:28:16.858,913.457,0,11,11,-58.27,1,1,0,1,1,1,1,1
2026-03-28 12:28:16.922,913.520,0,10,8,-59.34,1,1,0,1,1,1,1,1
2026-03-28 12:28:17.114,913.713,1,10,8,-60.2,1,1,0,1,1,1,1,1
2026-03-28 12:28:17.210,913.808,0,8,8,-59.2,1,1,0,1,1,1,1,1
2026-03-28 12:28:17.258,913.857,1,10,8,-59.08,1,1,0,1,1,1,1,1
2026-03-28 12:28:17.339,913.937,1,10,8,-57.92,1,1,0,1,1,1,1,1
2026-03-28 12:28:17.418,914.016,1,11,8,-58.14,1,1,0,1,1,1,1,1
2026-03-28 12:28:17.499,914.098,1,10,8,-58.94,1,1,0,1,1,1,1,1
2026-03-28 12:28:17.546,914.144,0,10,8,-60.25,1,1,0,1,1,1,1,1
2026-03-28 12:28:17.674,914.272,0,10,8,-58.22,1,1,0,1,1,1,1,1
2026-03-28 12:28:17.723,914.321,0,10,7,-58.03,1,1,0,1,1,1,1,1
2026-03-28 12:28:17.802,914.401,0,10,7,-57.32,1,1,0,1,1,1,1,1
2026-03-28 12:28:17.882,914.481,0,9,8,-58.66,1,1,0,1,1,1,1,1
2026-03-28 12:28:17.962,914.561,0,10,8,-58.14,1,1,0,1,1,1,1,1
2026-03-28 12:28:18.059,914.657,0,7,8,-57.86,1,1,0,1,1,1,1,1
2026-03-28 12:28:18.139,914.737,0,10,8,-59.29,1,1,0,1,1,1,1,1
2026-03-28 12:28:18.202,914.800,1,8,8,-58.65,1,1,0,1,1,1,1,1
2026-03-28 12:28:18.266,914.864,0,11,8,-57.8,1,1,0,1,1,1,1,1
2026-03-28 12:28:18.378,914.977,0,10,8,-56.48,1,1,0,1,1,1,1,1
2026-03-28 12:28:18.522,915.121,1,10,8,-56.84,1,1,0,1,1,1,1,1
2026-03-28 12:28:18.698,915.297,1,8,8,-59.22,1,1,0,1,1,1,1,1
2026-03-28 12:28:18.747,915.345,0,10,8,-56.83,1,1,0,1,1,1,1,1
2026-03-28 12:28:18.858,915.456,1,10,8,-56.89,1,1,0,1,1,1,1,1
2026-03-28 12:28:18.906,915.505,0,7,8,-58.39,1,1,0,1,1,1,1,1
2026-03-28 12:28:19.018,915.617,1,10,8,-58.35,1,1,0,1,1,1,1,1
2026-03-28 12:28:19.066,915.664,1,10,10,-58.21,1,1,0,1,1,1,1,1
2026-03-28 12:28:19.227,915.825,0,10,8,-58.1,1,1,0,1,1,1,1,1
2026-03-28 12:28:19.306,915.905,0,10,8,-58.32,1,1,0,1,1,1,1,1
2026-03-28 12:28:19.402,916.000,0,10,7,-59.1,1,1,0,1,1,1,1,1
2026-03-28 12:28:19.466,916.064,0,10,8,-56.07,1,1,0,1,1,1,1,1
2026-03-28 12:28:19.579,916.177,0,10,8,-58.62,1,1,0,1,1,1,1,1
2026-03-28 12:28:19.658,916.257,1,11,8,-57.19,1,1,0,1,1,1,1,1
2026-03-28 12:28:19.769,916.368,0,10,8,-58.55,1,1,0,1,1,1,1,1
2026-03-28 12:28:19.834,916.432,0,10,8,-56.74,1,1,0,1,1,1,1,1
2026-03-28 12:28:19.914,916.513,0,7,8,-58.06,1,1,0,1,1,1,1,1
2026-03-28 12:28:19.931,916.529,0,8,8,-57.15,1,1,0,1,1,1,1,1
2026-03-28 12:28:20.074,916.673,0,7,8,-58.03,1,1,0,1,1,1,1,1
2026-03-28 12:28:20.122,916.721,0,10,8,-58.71,1,1,0,1,1,1,1,1
2026-03-28 12:28:20.170,916.769,0,10,8,-57.84,1,1,0,1,1,1,1,1
2026-03-28 12:28:20.250,916.848,0,8,8,-58.52,1,1,0,1,1,1,1,1
2026-03-28 12:28:20.394,916.992,0,10,8,-56.4,1,1,0,1,1,1,1,1
2026-03-28 12:28:20.442,917.040,0,7,8,-57.56,1,1,0,1,1,1,1,1
2026-03-28 12:28:20.507,917.105,0,10,8,-55.92,1,1,0,1,1,1,1,1
2026-03-28 12:28:20.571,917.169,0,10,8,-58.82,1,1,0,1,1,1,1,1
2026-03-28 12:28:20.666,917.264,0,10,8,-57.72,1,1,0,1,1,1,1,1
2026-03-28 12:28:20.730,917.329,1,10,11,-58.21,1,1,0,1,1,1,1,1
2026-03-28 12:28:20.794,917.393,0,10,8,-57.54,1,1,0,1,1,1,1,1
2026-03-28 12:28:20.874,917.473,1,10,8,-57.51,1,1,0,1,1,1,1,1
2026-03-28 12:28:20.954,917.553,1,11,8,-56.84,1,1,0,1,1,1,1,1
2026-03-28 12:28:21.082,917.680,1,10,8,-57.68,1,1,0,1,1,1,1,1
2026-03-28 12:28:21.146,917.744,1,11,8,-57.94,1,1,0,1,1,1,1,1
2026-03-28 12:28:21.226,917.824,0,10,8,-57.21,1,1,0,1,1,1,1,1
2026-03-28 12:28:21.306,917.905,1,11,8,-57.8,1,1,0,1,1,1,1,1
2026-03-28 12:28:21.449,918.048,1,10,8,-56.78,1,1,0,1,1,1,1,1
2026-03-28 12:28:21.515,918.113,0,10,8,-57.31,1,1,0,1,1,1,1,1
2026-03-28 12:28:21.626,918.224,1,11,8,-55.14,1,1,0,1,1,1,1,1
2026-03-28 12:28:21.674,918.273,1,8,8,-57.12,1,1,0,1,1,1,1,1
2026-03-28 12:28:21.785,918.384,1,8,8,-56.17,1,1,0,1,1,1,1,1
2026-03-28 12:28:21.866,918.464,1,11,8,-56.46,1,1,0,1,1,1,1,1
2026-03-28 12:28:21.914,918.513,1,10,8,-55.5,1,1,0,1,1,1,1,1
2026-03-28 12:28:22.058,918.657,0,10,8,-56.76,1,1,0,1,1,1,1,1
2026-03-28 12:28:22.074,918.672,1,11,8,-57.01,1,1,0,1,1,1,1,1
2026-03-28 12:28:22.138,918.736,1,11,8,-57.23,1,1,0,1,1,1,1,1
2026-03-28 12:28:22.218,918.817,0,10,7,-58.73,1,1,0,1,1,1,1,1
2026-03-28 12:28:22.299,918.897,0,8,8,-58.01,1,1,0,1,1,1,1,1
2026-03-28 12:28:22.330,918.928,0,10,8,-56.24,1,1,0,1,1,1,1,1
2026-03-28 12:28:22.442,919.041,0,7,10,-56.39,1,1,0,1,1,1,1,1
2026-03-28 12:28:22.490,919.089,0,10,8,-56.04,1,1,0,1,1,1,1,1
2026-03-28 12:28:22.602,919.201,0,7,8,-58.53,1,1,0,1,1,1,1,1
2026-03-28 12:28:22.682,919.281,0,7,8,-56.13,1,1,0,1,1,1,1,1
2026-03-28 12:28:22.746,919.345,0,10,8,-56.26,1,1,0,1,1,1,1,1
2026-03-28 12:28:22.842,919.440,0,10,10,-55.28,1,1,0,1,1,1,1,1
2026-03-28 12:28:22.938,919.536,0,7,8,-56.47,1,1,0,1,1,1,1,1
2026-03-28 12:28:22.986,919.585,1,11,9,-56.52,1,1,0,1,1,1,1,1
2026-03-28 12:28:23.066,919.664,0,10,8,-57.55,1,1,0,1,1,1,1,1
2026-03-28 12:28:23.226,919.825,1,11,8,-56.69,1,1,0,1,1,1,1,1
2026-03-28 12:28:23.306,919.905,0,10,8,-55.17,1,1,0,1,1,1,1,1
2026-03-28 12:28:23.338,919.936,0,8,8,-57.38,1,1,0,1,1,1,1,1
2026-03-28 12:28:23.482,920.080,0,7,7,-55.75,1,1,0,1,1,1,1,1
2026-03-28 12:28:23.546,920.144,0,7,8,-56.26,1,1,0,1,1,1,1,1
2026-03-28 12:28:23.674,920.273,0,10,8,-56.13,1,1,0,1,1,1,1,1
2026-03-28 12:28:23.754,920.353,0,10,8,-56.52,1,1,0,1,1,1,1,1
2026-03-28 12:28:23.849,920.448,0,10,8,-57.45,1,1,0,1,1,1,1,1
2026-03-28 12:28:23.962,920.560,0,10,8,-54.61,1,1,0,1,1,1,1,1
2026-03-28 12:28:24.010,920.608,0,7,8,-56.32,1,1,0,1,1,1,1,1
2026-03-28 12:28:24.106,920.705,0,10,8,-56.6,1,1,0,1,1,1,1,1
2026-03-28 12:28:24.218,920.816,1,10,8,-57.21,1,1,0,1,1,1,1,1
2026-03-28 12:28:24.266,920.864,0,10,8,-56.15,1,1,0,1,1,1,1,1
2026-03-28 12:28:24.346,920.945,1,10,8,-56.54,1,1,0,1,1,1,1,1
2026-03-28 12:28:24.458,921.057,1,8,8,-56.8,1,1,0,1,1,1,1,1
2026-03-28 12:28:24.490,921.089,0,10,8,-56.27,1,1,0,1,1,1,1,1
2026-03-28 12:28:24.570,921.169,0,10,8,-57.01,1,1,0,1,1,1,1,1
2026-03-28 12:28:24.682,921.281,0,10,8,-56.32,1,1,0,1,1,1,1,1
2026-03-28 12:28:24.730,921.328,0,10,8,-56.27,1,1,0,1,1,1,1,1
2026-03-28 12:28:24.841,921.440,0,10,7,-59.09,1,1,0,1,1,1,1,1
2026-03-28 12:28:24.874,921.472,0,7,8,-56.14,1,1,0,1,1,1,1,1
2026-03-28 12:28:24.970,921.568,0,10,8,-54.93,1,1,0,1,1,1,1,1
2026-03-28 12:28:25.034,921.632,0,11,8,-57.75,1,1,0,1,1,1,1,1
2026-03-28 12:28:25.114,921.712,1,10,8,-56.62,1,1,0,1,1,1,1,1
2026-03-28 12:28:25.209,921.808,1,10,8,-56.54,1,1,0,1,1,1,1,1
2026-03-28 12:28:25.289,921.888,1,10,8,-56.81,1,1,0,1,1,1,1,1
2026-03-28 12:28:25.370,921.968,1,8,8,-55.47,1,1,0,1,1,1,1,1
2026-03-28 12:28:25.418,922.016,0,10,8,-57.52,1,1,0,1,1,1,1,1
2026-03-28 12:28:25.514,922.113,0,10,8,-55.77,1,1,0,1,1,1,1,1
2026-03-28 12:28:25.594,922.193,1,11,9,-56.07,1,1,0,1,1,1,1,1
2026-03-28 12:28:25.690,922.289,1,10,8,-54.68,1,1,0,1,1,1,1,1
2026-03-28 12:28:25.722,922.321,1,11,8,-56.89,1,1,0,1,1,1,1,1
2026-03-28 12:28:25.818,922.416,1,11,8,-57.2,1,1,0,1,1,1,1,1
2026-03-28 12:28:25.914,922.512,1,8,8,-55.22,1,1,0,1,1,1,1,1
2026-03-28 12:28:25.977,922.575,1,11,8,-57.21,1,1,0,1,1,1,1,1
2026-03-28 12:28:26.042,922.641,0,11,9,-57.26,1,1,0,1,1,1,1,1
2026-03-28 12:28:26.122,922.720,0,10,7,-55.41,1,1,0,1,1,1,1,1
2026-03-28 12:28:26.202,922.800,1,8,8,-57.7,1,1,0,1,1,1,1,1
2026-03-28 12:28:26.314,922.913,0,7,8,-56.95,1,1,0,1,1,1,1,1
2026-03-28 12:28:26.330,922.928,1,8,8,-57.55,1,1,0,1,1,1,1,1
2026-03-28 12:28:26.426,923.024,1,8,8,-55.71,1,1,0,1,1,1,1,1
2026-03-28 12:28:26.570,923.169,0,10,8,-56.56,1,1,0,1,1,1,1,1
2026-03-28 12:28:26.586,923.185,0,7,8,-55.55,1,1,0,1,1,1,1,1
2026-03-28 12:28:26.713,923.312,0,7,8,-55.41,1,1,0,1,1,1,1,1
2026-03-28 12:28:26.761,923.360,0,10,7,-57.04,1,1,0,1,1,1,1,1
2026-03-28 12:28:26.826,923.424,0,10,7,-55.65,1,1,0,1,1,1,1,1
2026-03-28 12:28:26.890,923.488,0,10,8,-56.45,1,1,0,1,1,1,1,1
2026-03-28 12:28:26.970,923.568,0,10,8,-56.54,1,1,0,1,1,1,1,1
2026-03-28 12:28:27.146,923.744,0,7,8,-56.75,1,1,0,1,1,1,1,1
2026-03-28 12:28:27.162,923.761,1,7,8,-56.94,1,1,0,1,1,1,1,1
2026-03-28 12:28:27.258,923.856,0,7,8,-56.98,1,1,0,1,1,1,1,1
2026-03-28 12:28:27.322,923.920,1,11,8,-57.24,1,1,0,1,1,1,1,1
2026-03-28 12:28:27.450,924.048,0,10,8,-55.47,1,1,0,1,1,1,1,1
2026-03-28 12:28:27.514,924.112,1,10,8,-54.44,1,1,0,1,1,1,1,1
2026-03-28 12:28:27.578,924.177,0,10,8,-55.61,1,1,0,1,1,1,1,1
2026-03-28 12:28:27.674,924.272,0,10,8,-56.1,1,1,0,1,1,1,1,1
2026-03-28 12:28:27.770,924.368,0,10,8,-56.81,1,1,0,1,1,1,1,1
2026-03-28 12:28:27.866,924.465,0,7,7,-56.05,1,1,0,1,1,1,1,1
2026-03-28 12:28:27.898,924.496,0,7,8,-54.96,1,1,0,1,1,1,1,1
2026-03-28 12:28:27.978,924.576,0,10,7,-54.74,1,1,0,1,1,1,1,1
2026-03-28 12:28:28.074,924.672,0,10,8,-56.95,1,1,0,1,1,1,1,1
2026-03-28 12:28:28.154,924.752,0,10,8,-56.0,1,1,0,1,1,1,1,1
2026-03-28 12:28:28.250,924.848,1,8,8,-55.81,1,1,0,1,1,1,1,1
2026-03-28 12:28:28.330,924.929,0,10,8,-56.88,1,1,0,1,1,1,1,1
2026-03-28 12:28:28.394,924.992,0,10,8,-56.47,1,1,0,1,1,1,1,1
2026-03-28 12:28:28.457,925.056,0,10,8,-57.11,1,1,0,1,1,1,1,1
2026-03-28 12:28:28.554,925.152,0,10,8,-55.37,1,1,0,1,1,1,1,1
2026-03-28 12:28:28.586,925.184,0,10,11,-56.98,1,1,0,1,1,1,1,1
2026-03-28 12:28:28.650,925.249,1,8,8,-55.59,1,1,0,1,1,1,1,1
2026-03-28 12:28:28.746,925.344,0,10,8,-56.88,1,1,0,1,1,1,1,1
2026-03-28 12:28:28.793,925.392,0,7,8,-56.94,1,1,0,1,1,1,1,1
2026-03-28 12:28:28.857,925.455,0,8,8,-55.05,1,1,0,1,1,1,1,1
2026-03-28 12:28:28.938,925.536,0,7,8,-57.76,1,1,0,1,1,1,1,1
2026-03-28 12:28:28.985,925.583,0,10,8,-56.59,1,1,0,1,1,1,1,1
2026-03-28 12:28:29.081,925.680,0,10,8,-56.62,1,1,0,1,1,1,1,1
2026-03-28 12:28:29.162,925.760,0,10,7,-55.87,1,1,0,1,1,1,1,1
2026-03-28 12:28:29.225,925.824,1,10,8,-56.65,1,1,0,1,1,1,1,1
2026-03-28 12:28:29.322,925.920,1,11,8,-54.9,1,1,0,1,1,1,1,1
2026-03-28 12:28:29.401,925.999,1,8,8,-55.81,1,1,0,1,1,1,1,1
2026-03-28 12:28:29.498,926.096,0,10,8,-57.18,1,1,0,1,1,1,1,1
2026-03-28 12:28:29.593,926.192,0,10,7,-57.55,1,1,0,1,1,1,1,1
2026-03-28 12:28:29.673,926.271,0,10,8,-56.01,1,1,0,1,1,1,1,1
2026-03-28 12:28:29.754,926.352,0,10,7,-56.24,1,1,0,1,1,1,1,1
2026-03-28 12:28:29.817,926.416,0,10,10,-56.01,1,1,0,1,1,1,1,1
2026-03-28 12:28:29.930,926.528,0,7,8,-56.6,1,1,0,1,1,1,1,1
2026-03-28 12:28:29.977,926.576,0,7,8,-56.89,1,1,0,1,1,1,1,1
2026-03-28 12:28:30.058,926.656,0,10,7,-55.96,1,1,0,1,1,1,1,1
2026-03-28 12:28:30.154,926.752,0,11,8,-56.08,1,1,0,1,1,1,1,1
2026-03-28 12:28:30.218,926.816,0,10,8,-55.58,1,1,0,1,1,1,1,1
2026-03-28 12:28:30.266,926.865,1,10,8,-57.61,1,1,0,1,1,1,1,1
2026-03-28 12:28:30.362,926.960,1,11,8,-56.07,1,1,0,1,1,1,1,1
2026-03-28 12:28:30.490,927.088,0,10,8,-56.99,1,1,0,1,1,1,1,1
2026-03-28 12:28:30.553,927.152,1,8,8,-57.39,1,1,0,1,1,1,1,1
2026-03-28 12:28:30.618,927.216,1,10,8,-55.8,1,1,0,1,1,1,1,1
2026-03-28 12:28:30.698,927.296,0,7,8,-55.12,1,1,0,1,1,1,1,1
2026-03-28 12:28:30.777,927.376,0,7,8,-57.58,1,1,0,1,1,1,1,1
2026-03-28 12:28:30.857,927.455,1,8,8,-56.29,1,1,0,1,1,1,1,1
2026-03-28 12:28:30.922,927.520,1,8,8,-56.56,1,1,0,1,1,1,1,1
2026-03-28 12:28:31.033,927.632,1,11,8,-57.04,1,1,0,1,1,1,1,1
2026-03-28 12:28:31.082,927.680,1,11,8,-57.02,1,1,0,1,1,1,1,1
2026-03-28 12:28:31.178,927.776,0,11,8,-57.14,1,1,0,1,1,1,1,1
2026-03-28 12:28:31.226,927.824,0,10,8,-55.99,1,1,0,1,1,1,1,1
2026-03-28 12:28:31.321,927.919,0,10,7,-55.46,1,1,0,1,1,1,1,1
2026-03-28 12:28:31.386,927.984,0,10,7,-57.05,1,1,0,1,1,1,1,1
2026-03-28 12:28:31.466,928.064,0,7,8,-57.23,1,1,0,1,1,1,1,1
2026-03-28 12:28:31.561,928.160,0,7,7,-55.76,1,1,0,1,1,1,1,1
2026-03-28 12:28:31.641,928.239,0,7,8,-55.67,1,1,0,1,1,1,1,1
2026-03-28 12:28:31.754,928.352,1,8,8,-56.38,1,1,0,1,1,1,1,1
2026-03-28 12:28:31.865,928.464,0,8,8,-55.59,1,1,0,1,1,1,1,1
2026-03-28 12:28:31.929,928.528,0,7,8,-56.94,1,1,0,1,1,1,1,1
2026-03-28 12:28:32.074,928.672,1,8,8,-58.11,1,1,0,1,1,1,1,1
2026-03-28 12:28:32.090,928.688,0,10,7,-55.79,1,1,0,1,1,1,1,1
2026-03-28 12:28:32.153,928.752,0,10,8,-56.21,1,1,0,1,1,1,1,1
2026-03-28 12:28:32.281,928.880,1,11,8,-55.86,1,1,0,1,1,1,1,1
2026-03-28 12:28:32.329,928.928,0,7,8,-55.49,1,1,0,1,1,1,1,1
2026-03-28 12:28:32.457,929.056,0,10,8,-57.11,1,1,0,1,1,1,1,1
2026-03-28 12:28:32.473,929.072,0,10,8,-56.55,1,1,0,1,1,1,1,1
2026-03-28 12:28:32.601,929.200,0,10,8,-57.38,1,1,0,1,1,1,1,1
2026-03-28 12:28:32.633,929.232,0,10,8,-56.41,1,1,0,1,1,1,1,1
2026-03-28 12:28:32.793,929.392,0,10,8,-55.53,1,1,0,1,1,1,1,1
2026-03-28 12:28:32.857,929.456,0,7,8,-56.21,1,1,0,1,1,1,1,1
2026-03-28 12:28:32.873,929.472,0,10,8,-58.01,1,1,0,1,1,1,1,1
2026-03-28 12:28:32.954,929.552,0,7,8,-56.7,1,1,0,1,1,1,1,1
2026-03-28 12:28:33.066,929.664,0,7,8,-57.64,1,1,0,1,1,1,1,1
2026-03-28 12:28:33.130,929.728,0,7,8,-55.28,1,1,0,1,1,1,1,1
2026-03-28 12:28:33.241,929.840,0,7,8,-56.55,1,1,0,1,1,1,1,1
2026-03-28 12:28:33.306,929.904,0,7,8,-55.52,1,1,0,1,1,1,1,1
2026-03-28 12:28:33.385,929.984,0,10,8,-56.67,1,1,0,1,1,1,1,1
2026-03-28 12:28:33.497,930.096,1,8,8,-55.88,1,1,0,1,1,1,1,1
2026-03-28 12:28:33.545,930.144,0,10,8,-58.8,1,1,0,1,1,1,1,1
2026-03-28 12:28:33.594,930.192,1,8,8,-57.04,1,1,0,1,1,1,1,1
2026-03-28 12:28:33.658,930.256,0,7,8,-57.63,1,1,0,1,1,1,1,1
2026-03-28 12:28:33.754,930.352,0,8,8,-57.16,1,1,0,1,1,1,1,1
2026-03-28 12:28:33.978,930.576,1,8,8,-57.38,1,1,0,1,1,1,1,1
2026-03-28 12:28:34.009,930.607,0,10,8,-57.0,1,1,0,1,1,1,1,1
2026-03-28 12:28:34.105,930.704,1,8,8,-59.06,1,1,0,1,1,1,1,1
2026-03-28 12:28:34.137,930.735,0,7,8,-58.35,1,1,0,1,1,1,1,1
2026-03-28 12:28:34.232,930.831,0,11,9,-56.74,1,1,0,1,1,1,1,1
2026-03-28 12:28:34.362,930.960,0,7,7,-57.37,1,1,0,1,1,1,1,1
2026-03-28 12:28:34.409,931.007,0,10,10,-58.94,1,1,0,1,1,1,1,1
2026-03-28 12:28:34.538,931.136,0,7,8,-59.25,1,1,0,1,1,1,1,1
2026-03-28 12:28:34.617,931.216,0,7,8,-57.67,1,1,0,1,1,1,1,1
2026-03-28 12:28:34.697,931.296,0,10,7,-55.87,1,1,0,1,1,1,1,1
2026-03-28 12:28:34.810,931.409,0,10,8,-57.1,1,1,0,1,1,1,1,1
2026-03-28 12:28:34.873,931.472,0,10,7,-58.38,1,1,0,1,1,1,1,1
2026-03-28 12:28:34.906,931.504,1,11,8,-57.84,1,1,0,1,1,1,1,1
2026-03-28 12:28:35.064,931.663,1,10,8,-58.73,1,1,0,1,1,1,1,1
2026-03-28 12:28:35.113,931.712,1,8,8,-57.82,1,1,0,1,1,1,1,1
2026-03-28 12:28:35.193,931.792,1,8,8,-57.73,1,1,0,1,1,1,1,1
2026-03-28 12:28:35.225,931.824,0,10,8,-56.47,1,1,0,1,1,1,1,1
2026-03-28 12:28:35.353,931.952,1,8,8,-58.2,1,1,0,1,1,1,1,1
2026-03-28 12:28:35.417,932.016,1,8,8,-57.67,1,1,0,1,1,1,1,1
2026-03-28 12:28:35.529,932.127,1,11,8,-57.24,1,1,0,1,1,1,1,1
2026-03-28 12:28:35.593,932.191,0,11,8,-57.94,1,1,0,1,1,1,1,1
2026-03-28 12:28:35.689,932.288,1,11,9,-58.2,1,1,0,1,1,1,1,1
2026-03-28 12:28:35.786,932.384,1,10,9,-57.01,1,1,0,1,1,1,1,1
2026-03-28 12:28:35.897,932.496,1,8,8,-59.17,1,1,0,1,1,1,1,1
2026-03-28 12:28:35.929,932.528,1,11,8,-56.67,1,1,0,1,1,1,1,1
2026-03-28 12:28:35.993,932.591,0,10,7,-58.15,1,1,0,1,1,1,1,1
2026-03-28 12:28:36.074,932.672,0,10,8,-58.95,1,1,0,1,1,1,1,1
2026-03-28 12:28:36.168,932.767,0,10,7,-58.13,1,1,0,1,1,1,1,1
2026-03-28 12:28:36.265,932.864,0,10,8,-59.34,1,1,0,1,1,1,1,1
2026-03-28 12:28:36.346,932.944,0,7,8,-56.91,1,1,0,1,1,1,1,1
2026-03-28 12:28:36.442,933.040,0,7,8,-58.15,1,1,0,1,1,1,1,1
2026-03-28 12:28:36.536,933.135,0,7,7,-57.35,1,1,0,1,1,1,1,1
2026-03-28 12:28:36.634,933.232,1,11,8,-57.32,1,1,0,1,1,1,1,1
2026-03-28 12:28:36.713,933.311,0,10,7,-58.02,1,1,0,1,1,1,1,1
2026-03-28 12:28:36.793,933.392,0,10,8,-58.56,1,1,0,1,1,1,1,1
2026-03-28 12:28:36.857,933.455,1,11,8,-57.75,1,1,0,1,1,1,1,1
2026-03-28 12:28:37.001,933.600,0,7,8,-57.8,1,1,0,1,1,1,1,1
2026-03-28 12:28:37.065,933.664,0,7,7,-58.1,1,1,0,1,1,1,1,1
2026-03-28 12:28:37.146,933.744,0,8,8,-58.37,1,1,0,1,1,1,1,1
2026-03-28 12:28:37.193,933.792,0,7,8,-58.05,1,1,0,1,1,1,1,1
2026-03-28 12:28:37.257,933.856,1,8,8,-58.56,1,1,0,1,1,1,1,1
2026-03-28 12:28:37.401,934.000,1,11,8,-59.94,1,1,0,1,1,1,1,1
2026-03-28 12:28:37.497,934.095,1,11,8,-56.0,1,1,0,1,1,1,1,1
2026-03-28 12:28:37.544,934.143,1,8,8,-58.78,1,1,0,1,1,1,1,1
2026-03-28 12:28:37.593,934.191,1,11,8,-57.47,1,1,0,1,1,1,1,1
2026-03-28 12:28:37.674,934.272,0,10,8,-58.65,1,1,0,1,1,1,1,1
2026-03-28 12:28:37.801,934.399,0,10,8,-57.77,1,1,0,1,1,1,1,1
2026-03-28 12:28:37.849,934.448,0,10,8,-57.93,1,1,0,1,1,1,1,1
2026-03-28 12:28:37.913,934.512,0,7,8,-57.45,1,1,0,1,1,1,1,1
2026-03-28 12:28:37.945,934.544,0,7,8,-58.06,1,1,0,1,1,1,1,1
2026-03-28 12:28:38.136,934.735,0,7,7,-57.35,1,1,0,1,1,1,1,1
2026-03-28 12:28:38.138,934.736,0,8,8,-58.13,1,1,0,1,1,1,1,1
2026-03-28 12:28:38.234,934.832,1,11,8,-59.11,1,1,0,1,1,1,1,1
2026-03-28 12:28:38.281,934.880,0,10,8,-58.48,1,1,0,1,1,1,1,1
2026-03-28 12:28:38.346,934.944,0,8,8,-60.09,1,1,0,1,1,1,1,1
2026-03-28 12:28:38.488,935.087,0,10,8,-56.82,1,1,0,1,1,1,1,1
2026-03-28 12:28:38.521,935.119,0,7,8,-57.77,1,1,0,1,1,1,1,1
2026-03-28 12:28:38.569,935.167,0,7,8,-58.07,1,1,0,1,1,1,1,1
2026-03-28 12:28:38.633,935.232,1,11,8,-59.15,1,1,0,1,1,1,1,1
2026-03-28 12:28:38.713,935.312,1,11,8,-58.49,1,1,0,1,1,1,1,1
2026-03-28 12:28:38.825,935.423,1,7,8,-58.52,1,1,0,1,1,1,1,1
2026-03-28 12:28:38.921,935.519,1,10,8,-59.22,1,1,0,1,1,1,1,1
2026-03-28 12:28:38.969,935.568,0,11,8,-58.07,1,1,0,1,1,1,1,1
2026-03-28 12:28:39.001,935.599,0,8,8,-59.76,1,1,0,1,1,1,1,1
2026-03-28 12:28:39.097,935.695,0,7,8,-59.92,1,1,0,1,1,1,1,1
2026-03-28 12:28:39.193,935.791,0,7,8,-59.13,1,1,0,1,1,1,1,1
2026-03-28 12:28:39.256,935.855,0,7,8,-57.98,1,1,0,1,1,1,1,1
2026-03-28 12:28:39.322,935.920,0,7,7,-57.03,1,1,0,1,1,1,1,1
2026-03-28 12:28:39.434,936.032,0,7,8,-59.45,1,1,0,1,1,1,1,1
2026-03-28 12:28:39.481,936.079,0,7,8,-59.42,1,1,0,1,1,1,1,1
2026-03-28 12:28:39.562,936.160,0,10,8,-59.31,1,1,0,1,1,1,1,1
2026-03-28 12:28:39.608,936.207,0,10,8,-59.35,1,1,0,1,1,1,1,1
2026-03-28 12:28:39.690,936.288,0,10,8,-58.34,1,1,0,1,1,1,1,1
2026-03-28 12:28:39.737,936.336,0,8,8,-59.77,1,1,0,1,1,1,1,1
2026-03-28 12:28:39.817,936.416,1,8,8,-59.49,1,1,0,1,1,1,1,1
2026-03-28 12:28:39.929,936.528,0,8,8,-61.76,1,1,0,1,1,1,1,1
2026-03-28 12:28:39.977,936.576,0,11,9,-58.96,1,1,0,1,1,1,1,1
2026-03-28 12:28:40.041,936.639,1,11,9,-59.33,1,1,0,1,1,1,1,1
2026-03-28 12:28:40.153,936.751,1,11,8,-57.8,1,1,0,1,1,1,1,1
2026-03-28 12:28:40.201,936.799,0,10,8,-59.53,1,1,0,1,1,1,1,1
2026-03-28 12:28:40.281,936.880,0,7,8,-58.56,1,1,0,1,1,1,1,1
2026-03-28 12:28:40.361,936.960,0,7,8,-59.98,1,1,0,1,1,1,1,1
2026-03-28 12:28:40.409,937.007,1,8,8,-59.35,1,1,0,1,1,1,1,1
2026-03-28 12:28:40.504,937.103,1,8,8,-58.95,1,1,0,1,1,1,1,1
2026-03-28 12:28:40.601,937.199,1,7,7,-58.38,1,1,0,1,1,1,1,1
2026-03-28 12:28:40.697,937.296,0,7,8,-59.28,1,1,0,1,1,1,1,1
2026-03-28 12:28:40.729,937.328,0,10,8,-59.97,1,1,0,1,1,1,1,1
2026-03-28 12:28:40.841,937.439,0,7,7,-59.53,1,1,0,1,1,1,1,1
2026-03-28 12:28:40.921,937.520,0,7,8,-58.7,1,1,0,1,1,1,1,1
2026-03-28 12:28:41.001,937.599,0,7,8,-59.33,1,1,0,1,1,1,1,1
2026-03-28 12:28:41.065,937.664,0,8,8,-57.92,1,1,0,1,1,1,1,1
2026-03-28 12:28:41.145,937.743,1,8,8,-57.36,1,1,0,1,1,1,1,1
2026-03-28 12:28:41.225,937.824,0,10,8,-59.02,1,1,0,1,1,1,1,1
2026-03-28 12:28:41.305,937.904,0,10,8,-60.51,1,1,0,1,1,1,1,1
2026-03-28 12:28:41.369,937.968,0,10,8,-58.46,1,1,0,1,1,1,1,1
2026-03-28 12:28:41.513,938.112,1,8,8,-57.25,1,1,0,1,1,1,1,1
2026-03-28 12:28:41.673,938.272,0,10,7,-58.71,1,1,0,1,1,1,1,1
2026-03-28 12:28:41.720,938.319,0,7,7,-58.97,1,1,0,1,1,1,1,1
2026-03-28 12:28:41.817,938.416,0,10,8,-57.92,1,1,0,1,1,1,1,1
2026-03-28 12:28:41.881,938.479,0,10,8,-58.96,1,1,0,1,1,1,1,1
2026-03-28 12:28:41.930,938.528,0,10,8,-60.52,1,1,0,1,1,1,1,1
2026-03-28 12:28:42.041,938.640,0,7,8,-59.96,1,1,0,1,1,1,1,1
2026-03-28 12:28:42.137,938.735,0,10,8,-57.82,1,1,0,1,1,1,1,1
2026-03-28 12:28:42.201,938.800,0,7,8,-59.57,1,1,0,1,1,1,1,1
2026-03-28 12:28:42.249,938.847,1,10,8,-58.22,1,1,0,1,1,1,1,1
2026-03-28 12:28:42.360,938.959,0,7,8,-61.54,1,1,0,1,1,1,1,1
2026-03-28 12:28:42.425,939.024,1,8,8,-60.16,1,1,0,1,1,1,1,1
2026-03-28 12:28:42.521,939.119,0,10,8,-58.74,1,1,0,1,1,1,1,1
2026-03-28 12:28:42.634,939.232,1,11,8,-57.38,1,1,0,1,1,1,1,1
2026-03-28 12:28:42.697,939.296,0,7,8,-60.38,1,1,0,1,1,1,1,1
2026-03-28 12:28:42.713,939.311,0,7,8,-58.96,1,1,0,1,1,1,1,1
2026-03-28 12:28:42.825,939.424,1,11,8,-59.53,1,1,0,1,1,1,1,1
2026-03-28 12:28:42.873,939.472,0,7,7,-58.63,1,1,0,1,1,1,1,1
2026-03-28 12:28:42.969,939.568,1,8,8,-59.07,1,1,0,1,1,1,1,1
2026-03-28 12:28:43.064,939.663,1,8,8,-59.37,1,1,0,1,1,1,1,1
2026-03-28 12:28:43.129,939.727,0,10,8,-59.34,1,1,0,1,1,1,1,1
2026-03-28 12:28:43.193,939.791,0,10,8,-57.31,1,1,0,1,1,1,1,1
2026-03-28 12:28:43.305,939.903,0,10,8,-59.06,1,1,0,1,1,1,1,1
2026-03-28 12:28:43.353,939.951,0,7,8,-59.44,1,1,0,1,1,1,1,1
2026-03-28 12:28:43.449,940.047,0,7,7,-59.64,1,1,0,1,1,1,1,1
2026-03-28 12:28:43.513,940.112,0,7,8,-57.7,1,1,0,1,1,1,1,1
2026-03-28 12:28:43.608,940.207,1,11,8,-60.42,1,1,0,1,1,1,1,1
2026-03-28 12:28:43.657,940.256,1,7,8,-59.41,1,1,0,1,1,1,1,1
2026-03-28 12:28:43.784,940.383,0,8,8,-58.68,1,1,0,1,1,1,1,1
2026-03-28 12:28:43.817,940.416,0,7,8,-59.26,1,1,0,1,1,1,1,1
2026-03-28 12:28:43.897,940.495,1,7,8,-58.77,1,1,0,1,1,1,1,1
2026-03-28 12:28:44.025,940.623,1,8,8,-60.21,1,1,0,1,1,1,1,1
2026-03-28 12:28:44.057,940.656,0,8,8,-58.31,1,1,0,1,1,1,1,1
2026-03-28 12:28:44.185,940.783,1,7,8,-59.62,1,1,0,1,1,1,1,1
2026-03-28 12:28:44.200,940.799,1,8,8,-58.08,1,1,0,1,1,1,1,1
2026-03-28 12:28:44.281,940.879,0,7,8,-59.63,1,1,0,1,1,1,1,1
2026-03-28 12:28:44.361,940.959,0,11,8,-60.08,1,1,0,1,1,1,1,1
2026-03-28 12:28:44.489,941.087,0,8,8,-57.35,1,1,0,1,1,1,1,1
2026-03-28 12:28:44.601,941.200,0,7,8,-57.65,1,1,0,1,1,1,1,1
2026-03-28 12:28:44.649,941.248,0,10,8,-60.21,1,1,0,1,1,1,1,1
2026-03-28 12:28:44.745,941.343,0,7,8,-58.79,1,1,0,1,1,1,1,1
2026-03-28 12:28:44.824,941.423,0,10,8,-59.28,1,1,0,1,1,1,1,1
2026-03-28 12:28:44.969,941.567,0,7,8,-60.96,1,1,0,1,1,1,1,1
2026-03-28 12:28:45.049,941.648,0,7,7,-57.96,1,1,0,1,1,1,1,1
2026-03-28 12:28:45.097,941.695,0,10,8,-60.16,1,1,0,1,1,1,1,1
2026-03-28 12:28:45.177,941.775,0,10,8,-57.24,1,1,0,1,1,1,1,1
2026-03-28 12:28:45.257,941.855,0,10,8,-59.54,1,1,0,1,1,1,1,1
2026-03-28 12:28:45.353,941.951,1,11,9,-59.32,1,1,0,1,1,1,1,1
2026-03-28 12:28:45.384,941.982,1,10,8,-60.57,1,1,0,1,1,1,1,1
2026-03-28 12:28:45.512,942.111,1,11,8,-59.95,1,1,0,1,1,1,1,1
2026-03-28 12:28:45.561,942.159,0,10,8,-58.29,1,1,0,1,1,1,1,1
2026-03-28 12:28:45.609,942.208,0,8,8,-59.46,1,1,0,1,1,1,1,1
2026-03-28 12:28:45.768,942.367,1,11,8,-59.75,1,1,0,1,1,1,1,1
2026-03-28 12:28:45.849,942.447,1,8,8,-60.0,1,1,0,1,1,1,1,1
2026-03-28 12:28:45.913,942.512,1,11,8,-58.95,1,1,0,1,1,1,1,1
2026-03-28 12:28:46.056,942.655,1,10,8,-58.01,1,1,0,1,1,1,1,1
2026-03-28 12:28:46.169,942.767,0,10,7,-58.02,1,1,0,1,1,1,1,1
2026-03-28 12:28:46.233,942.831,0,10,8,-59.32,1,1,0,1,1,1,1,1
2026-03-28 12:28:46.313,942.911,0,10,8,-59.71,1,1,0,1,1,1,1,1
2026-03-28 12:28:46.409,943.007,0,10,8,-61.41,1,1,0,1,1,1,1,1
2026-03-28 12:28:46.473,943.071,1,11,9,-59.02,1,1,0,1,1,1,1,1
2026-03-28 12:28:46.537,943.135,0,10,8,-59.54,1,1,0,1,1,1,1,1
2026-03-28 12:28:46.584,943.183,0,10,7,-60.91,1,1,0,1,1,1,1,1
2026-03-28 12:28:46.729,943.328,0,10,7,-58.8,1,1,0,1,1,1,1,1
2026-03-28 12:28:46.761,943.359,1,8,8,-59.72,1,1,0,1,1,1,1,1
2026-03-28 12:28:46.856,943.455,1,10,8,-61.7,1,1,0,1,1,1,1,1
2026-03-28 12:28:46.953,943.551,0,10,8,-60.89,1,1,0,1,1,1,1,1
2026-03-28 12:28:47.033,943.631,0,10,8,-58.62,1,1,0,1,1,1,1,1
2026-03-28 12:28:47.145,943.743,1,10,8,-57.79,1,1,0,1,1,1,1,1
2026-03-28 12:28:47.225,943.823,0,10,8,-58.02,1,1,0,1,1,1,1,1
2026-03-28 12:28:47.257,943.855,0,7,8,-58.83,1,1,0,1,1,1,1,1
2026-03-28 12:28:47.368,943.966,1,10,8,-61.32,1,1,0,1,1,1,1,1
2026-03-28 12:28:47.433,944.031,0,10,8,-59.11,1,1,0,1,1,1,1,1
2026-03-28 12:28:47.497,944.095,0,10,8,-58.55,1,1,0,1,1,1,1,1
2026-03-28 12:28:47.593,944.191,0,10,8,-57.99,1,1,0,1,1,1,1,1
2026-03-28 12:28:47.705,944.303,0,10,8,-59.04,1,1,0,1,1,1,1,1
2026-03-28 12:28:47.736,944.335,0,11,8,-60.2,1,1,0,1,1,1,1,1
2026-03-28 12:28:47.881,944.479,1,11,8,-60.93,1,1,0,1,1,1,1,1
2026-03-28 12:28:47.912,944.511,0,7,8,-60.37,1,1,0,1,1,1,1,1
2026-03-28 12:28:47.960,944.559,1,11,8,-61.05,1,1,0,1,1,1,1,1
2026-03-28 12:28:48.025,944.623,1,8,8,-59.69,1,1,0,1,1,1,1,1
2026-03-28 12:28:48.137,944.735,0,10,8,-60.65,1,1,0,1,1,1,1,1
2026-03-28 12:28:48.232,944.830,1,7,8,-58.76,1,1,0,1,1,1,1,1
2026-03-28 12:28:48.265,944.863,0,10,8,-59.24,1,1,0,1,1,1,1,1
2026-03-28 12:28:48.329,944.927,0,10,8,-61.67,1,1,0,1,1,1,1,1
2026-03-28 12:28:48.441,945.039,0,10,8,-58.17,1,1,0,1,1,1,1,1
2026-03-28 12:28:48.521,945.119,0,7,8,-57.69,1,1,0,1,1,1,1,1
2026-03-28 12:28:48.601,945.199,0,10,7,-61.13,1,1,0,1,1,1,1,1
2026-03-28 12:28:48.649,945.247,1,10,8,-61.14,1,1,0,1,1,1,1,1
2026-03-28 12:28:48.745,945.344,1,11,8,-60.25,1,1,0,1,1,1,1,1
2026-03-28 12:28:48.936,945.535,1,10,8,-61.18,1,1,0,1,1,1,1,1
2026-03-28 12:28:49.033,945.631,0,10,8,-60.6,1,1,0,1,1,1,1,1
2026-03-28 12:28:49.128,945.727,0,7,8,-59.0,1,1,0,1,1,1,1,1
2026-03-28 12:28:49.192,945.791,0,7,8,-59.21,1,1,0,1,1,1,1,1
2026-03-28 12:28:49.289,945.887,0,10,7,-59.24,1,1,0,1,1,1,1,1
2026-03-28 12:28:49.368,945.967,0,7,8,-59.89,1,1,0,1,1,1,1,1
2026-03-28 12:28:49.449,946.047,0,7,7,-61.44,1,1,0,1,1,1,1,1
2026-03-28 12:28:49.560,946.158,0,7,8,-60.55,1,1,0,1,1,1,1,1
2026-03-28 12:28:49.592,946.191,0,7,8,-58.71,1,1,0,1,1,1,1,1
2026-03-28 12:28:49.657,946.255,0,10,8,-61.07,1,1,0,1,1,1,1,1
2026-03-28 12:28:49.784,946.383,0,7,8,-59.62,1,1,0,1,1,1,1,1
2026-03-28 12:28:49.832,946.430,0,7,8,-60.75,1,1,0,1,1,1,1,1
2026-03-28 12:28:49.881,946.479,1,10,8,-59.68,1,1,0,1,1,1,1,1
2026-03-28 12:28:49.976,946.575,0,10,8,-61.17,1,1,0,1,1,1,1,1
2026-03-28 12:28:50.104,946.702,0,7,8,-59.09,1,1,0,1,1,1,1,1
2026-03-28 12:28:50.168,946.767,1,10,8,-59.93,1,1,0,1,1,1,1,1
2026-03-28 12:28:50.201,946.799,0,10,8,-58.52,1,1,0,1,1,1,1,1
2026-03-28 12:28:50.280,946.878,0,10,8,-59.7,1,1,0,1,1,1,1,1
2026-03-28 12:28:50.361,946.959,0,10,8,-61.23,1,1,0,1,1,1,1,1
2026-03-28 12:28:50.456,947.055,0,7,8,-58.9,1,1,0,1,1,1,1,1
2026-03-28 12:28:50.568,947.167,0,10,8,-58.35,1,1,0,1,1,1,1,1
2026-03-28 12:28:50.649,947.247,0,10,8,-60.67,1,1,0,1,1,1,1,1
2026-03-28 12:28:50.697,947.295,0,10,8,-60.14,1,1,0,1,1,1,1,1
2026-03-28 12:28:50.824,947.423,1,8,9,-58.57,1,1,0,1,1,1,1,1
2026-03-28 12:28:50.919,947.518,0,7,8,-60.23,1,1,0,1,1,1,1,1
2026-03-28 12:28:51.016,947.615,0,7,8,-59.0,1,1,0,1,1,1,1,1
2026-03-28 12:28:51.080,947.679,0,7,8,-59.89,1,1,0,1,1,1,1,1
2026-03-28 12:28:51.112,947.711,0,7,8,-57.86,1,1,0,1,1,1,1,1
2026-03-28 12:28:51.224,947.822,0,7,8,-57.86,1,1,0,1,1,1,1,1
2026-03-28 12:28:51.305,947.903,0,8,8,-60.59,1,1,0,1,1,1,1,1
2026-03-28 12:28:51.385,947.983,0,7,8,-60.07,1,1,0,1,1,1,1,1
2026-03-28 12:28:51.481,948.079,1,8,8,-60.35,1,1,0,1,1,1,1,1
2026-03-28 12:28:51.497,948.095,1,8,8,-60.27,1,1,0,1,1,1,1,1
2026-03-28 12:28:51.592,948.191,0,7,8,-58.89,1,1,0,1,1,1,1,1
2026-03-28 12:28:51.721,948.319,1,11,8,-60.63,1,1,0,1,1,1,1,1
2026-03-28 12:28:51.801,948.400,1,8,9,-59.06,1,1,0,1,1,1,1,1
2026-03-28 12:28:51.832,948.430,0,7,8,-59.03,1,1,0,1,1,1,1,1
2026-03-28 12:28:51.929,948.527,1,8,8,-59.54,1,1,0,1,1,1,1,1
2026-03-28 12:28:52.024,948.622,0,10,7,-59.19,1,1,0,1,1,1,1,1
2026-03-28 12:28:52.120,948.719,1,8,8,-60.65,1,1,0,1,1,1,1,1
2026-03-28 12:28:52.201,948.800,1,11,9,-57.99,1,1,0,1,1,1,1,1
2026-03-28 12:28:52.232,948.831,1,10,8,-59.14,1,1,0,1,1,1,1,1
2026-03-28 12:28:52.329,948.927,0,8,8,-57.81,1,1,0,1,1,1,1,1
2026-03-28 12:28:52.425,949.023,0,10,8,-60.76,1,1,0,1,1,1,1,1
2026-03-28 12:28:52.520,949.119,0,10,8,-60.76,1,1,0,1,1,1,1,1
2026-03-28 12:28:52.552,949.151,0,11,8,-58.93,1,1,0,1,1,1,1,1
2026-03-28 12:28:52.632,949.231,1,11,8,-57.62,1,1,0,1,1,1,1,1
2026-03-28 12:28:52.792,949.390,0,7,8,-59.2,1,1,0,1,1,1,1,1
2026-03-28 12:28:52.809,949.407,1,10,8,-60.37,1,1,0,1,1,1,1,1
2026-03-28 12:28:52.889,949.487,0,7,8,-58.51,1,1,0,1,1,1,1,1
2026-03-28 12:28:53.048,949.647,0,10,7,-61.36,1,1,0,1,1,1,1,1
2026-03-28 12:28:53.144,949.743,0,10,8,-60.87,1,1,0,1,1,1,1,1
2026-03-28 12:28:53.256,949.855,0,7,8,-59.11,1,1,0,1,1,1,1,1
2026-03-28 12:28:53.288,949.887,0,10,8,-59.88,1,1,0,1,1,1,1,1
2026-03-28 12:28:53.352,949.951,1,8,9,-57.94,1,1,0,1,1,1,1,1
2026-03-28 12:28:53.448,950.047,0,10,8,-59.83,1,1,0,1,1,1,1,1
2026-03-28 12:28:53.512,950.110,0,10,8,-59.44,1,1,0,1,1,1,1,1
2026-03-28 12:28:53.608,950.207,1,10,8,-58.29,1,1,0,1,1,1,1,1
2026-03-28 12:28:53.768,950.367,1,11,8,-58.91,1,1,0,1,1,1,1,1
2026-03-28 12:28:53.863,950.462,0,10,9,-59.87,1,1,0,1,1,1,1,1
2026-03-28 12:28:53.897,950.495,1,8,8,-60.66,1,1,0,1,1,1,1,1
2026-03-28 12:28:53.928,950.527,1,10,8,-59.36,1,1,0,1,1,1,1,1
2026-03-28 12:28:54.057,950.656,1,10,8,-61.29,1,1,0,1,1,1,1,1
2026-03-28 12:28:54.168,950.766,1,8,8,-58.22,1,1,0,1,1,1,1,1
2026-03-28 12:28:54.233,950.831,0,10,8,-59.05,1,1,0,1,1,1,1,1
2026-03-28 12:28:54.312,950.911,0,10,8,-58.54,1,1,0,1,1,1,1,1
2026-03-28 12:28:54.409,951.007,0,10,7,-59.89,1,1,0,1,1,1,1,1
2026-03-28 12:28:54.472,951.071,0,10,8,-60.74,1,1,0,1,1,1,1,1
2026-03-28 12:28:54.584,951.183,0,10,8,-59.66,1,1,0,1,1,1,1,1
2026-03-28 12:28:54.647,951.246,0,7,8,-58.29,1,1,0,1,1,1,1,1
2026-03-28 12:28:54.744,951.343,0,7,8,-61.1,1,1,0,1,1,1,1,1
2026-03-28 12:28:54.776,951.375,1,11,8,-58.21,1,1,0,1,1,1,1,1
2026-03-28 12:28:54.872,951.471,0,10,7,-59.35,1,1,0,1,1,1,1,1
2026-03-28 12:28:54.984,951.582,0,10,8,-62.08,1,1,0,1,1,1,1,1
2026-03-28 12:28:55.001,951.600,0,9,7,-60.17,1,1,0,1,1,1,1,1
2026-03-28 12:28:55.095,951.694,0,10,8,-58.69,1,1,0,1,1,1,1,1
2026-03-28 12:28:55.144,951.743,0,10,8,-59.36,1,1,0,1,1,1,1,1
2026-03-28 12:28:55.192,951.791,0,10,7,-59.69,1,1,0,1,1,1,1,1
2026-03-28 12:28:55.273,951.871,0,7,8,-60.22,1,1,0,1,1,1,1,1
2026-03-28 12:28:55.337,951.935,1,7,8,-60.88,1,1,0,1,1,1,1,1
2026-03-28 12:28:55.401,951.999,1,8,8,-59.71,1,1,0,1,1,1,1,1
2026-03-28 12:28:55.481,952.079,0,10,8,-59.15,1,1,0,1,1,1,1,1
2026-03-28 12:28:55.575,952.174,1,7,8,-59.5,1,1,0,1,1,1,1,1
2026-03-28 12:28:55.608,952.206,0,7,8,-59.58,1,1,0,1,1,1,1,1
2026-03-28 12:28:55.736,952.334,0,7,8,-60.38,1,1,0,1,1,1,1,1
2026-03-28 12:28:55.785,952.383,0,9,8,-59.08,1,1,0,1,1,1,1,1
2026-03-28 12:28:55.848,952.446,0,10,8,-60.62,1,1,0,1,1,1,1,1
2026-03-28 12:28:55.960,952.559,0,10,8,-57.79,1,1,0,1,1,1,1,1
2026-03-28 12:28:56.105,952.703,0,10,8,-60.1,1,1,0,1,1,1,1,1
2026-03-28 12:28:56.136,952.734,0,10,8,-58.53,1,1,0,1,1,1,1,1
2026-03-28 12:28:56.265,952.863,0,10,8,-60.22,1,1,0,1,1,1,1,1
2026-03-28 12:28:56.281,952.879,1,11,8,-61.18,1,1,0,1,1,1,1,1
2026-03-28 12:28:56.360,952.959,0,7,8,-59.32,1,1,0,1,1,1,1,1
2026-03-28 12:28:56.456,953.055,0,11,8,-59.06,1,1,0,1,1,1,1,1
2026-03-28 12:28:56.520,953.119,0,10,8,-61.06,1,1,0,1,1,1,1,1
2026-03-28 12:28:56.584,953.183,0,10,8,-59.1,1,1,0,1,1,1,1,1
2026-03-28 12:28:56.664,953.262,1,11,9,-59.38,1,1,0,1,1,1,1,1
2026-03-28 12:28:56.729,953.327,0,10,8,-60.6,1,1,0,1,1,1,1,1
2026-03-28 12:28:56.824,953.423,1,8,8,-59.0,1,1,0,1,1,1,1,1
2026-03-28 12:28:56.920,953.518,1,8,8,-59.58,1,1,0,1,1,1,1,1
2026-03-28 12:28:57.000,953.598,0,8,8,-60.23,1,1,0,1,1,1,1,1
2026-03-28 12:28:57.047,953.646,1,8,8,-59.48,1,1,0,1,1,1,1,1
2026-03-28 12:28:57.144,953.742,0,8,8,-60.81,1,1,0,1,1,1,1,1
2026-03-28 12:28:57.240,953.838,0,10,8,-59.63,1,1,0,1,1,1,1,1
2026-03-28 12:28:57.272,953.871,0,10,8,-58.26,1,1,0,1,1,1,1,1
2026-03-28 12:28:57.369,953.967,0,7,8,-57.65,1,1,0,1,1,1,1,1
2026-03-28 12:28:57.448,954.047,0,10,8,-59.8,1,1,0,1,1,1,1,1
2026-03-28 12:28:57.497,954.095,0,10,8,-59.57,1,1,0,1,1,1,1,1
2026-03-28 12:28:57.641,954.239,0,7,8,-59.55,1,1,0,1,1,1,1,1
2026-03-28 12:28:57.672,954.271,0,11,8,-59.0,1,1,0,1,1,1,1,1
2026-03-28 12:28:57.768,954.367,0,10,8,-58.34,1,1,0,1,1,1,1,1
2026-03-28 12:28:57.832,954.430,0,7,8,-60.44,1,1,0,1,1,1,1,1
2026-03-28 12:28:57.944,954.542,1,11,8,-57.77,1,1,0,1,1,1,1,1
2026-03-28 12:28:57.992,954.591,0,10,8,-58.84,1,1,0,1,1,1,1,1
2026-03-28 12:28:58.088,954.686,0,10,8,-57.48,1,1,0,1,1,1,1,1
2026-03-28 12:28:58.185,954.783,0,10,8,-58.88,1,1,0,1,1,1,1,1
2026-03-28 12:28:58.264,954.862,0,10,8,-58.56,1,1,0,1,1,1,1,1
2026-03-28 12:28:58.328,954.927,1,8,8,-58.68,1,1,0,1,1,1,1,1
2026-03-28 12:28:58.441,955.039,0,7,8,-59.6,1,1,0,1,1,1,1,1
2026-03-28 12:28:58.456,955.055,0,10,8,-59.73,1,1,0,1,1,1,1,1
2026-03-28 12:28:58.617,955.215,0,7,8,-58.39,1,1,0,1,1,1,1,1
2026-03-28 12:28:58.729,955.327,0,8,8,-60.07,1,1,0,1,1,1,1,1
2026-03-28 12:28:58.792,955.391,1,10,8,-59.34,1,1,0,1,1,1,1,1
2026-03-28 12:28:58.888,955.487,1,11,8,-57.67,1,1,0,1,1,1,1,1
2026-03-28 12:28:58.936,955.534,0,10,8,-57.58,1,1,0,1,1,1,1,1
2026-03-28 12:28:59.032,955.630,0,7,8,-59.74,1,1,0,1,1,1,1,1
2026-03-28 12:28:59.096,955.695,0,10,8,-59.2,1,1,0,1,1,1,1,1
2026-03-28 12:28:59.224,955.823,0,7,8,-58.84,1,1,0,1,1,1,1,1
2026-03-28 12:28:59.335,955.934,0,10,8,-58.35,1,1,0,1,1,1,1,1
2026-03-28 12:28:59.383,955.982,0,10,8,-57.73,1,1,0,1,1,1,1,1
2026-03-28 12:28:59.464,956.063,0,10,8,-57.9,1,1,0,1,1,1,1,1
2026-03-28 12:28:59.511,956.110,0,10,8,-58.88,1,1,0,1,1,1,1,1
2026-03-28 12:28:59.672,956.270,0,10,8,-58.09,1,1,0,1,1,1,1,1
2026-03-28 12:28:59.736,956.334,0,7,8,-58.49,1,1,0,1,1,1,1,1
2026-03-28 12:28:59.816,956.415,1,11,8,-59.62,1,1,0,1,1,1,1,1
2026-03-28 12:28:59.848,956.447,1,8,9,-62.67,1,1,0,1,1,1,1,1
2026-03-28 12:28:59.928,956.526,1,8,9,-59.39,1,1,0,1,1,1,1,1
2026-03-28 12:28:59.992,956.591,1,11,8,-61.24,1,1,0,1,1,1,1,1
2026-03-28 12:29:00.072,956.671,1,11,8,-59.47,1,1,0,1,1,1,1,1
2026-03-28 12:29:00.136,956.734,1,11,8,-59.91,1,1,0,1,1,1,1,1
2026-03-28 12:29:00.264,956.863,1,10,8,-62.37,1,1,0,1,1,1,1,1
2026-03-28 12:29:00.328,956.927,1,10,8,-58.87,1,1,0,1,1,1,1,1
2026-03-28 12:29:00.344,956.943,1,8,9,-58.4,1,1,0,1,1,1,1,1
2026-03-28 12:29:00.441,957.039,1,11,8,-58.89,1,1,0,1,1,1,1,1
2026-03-28 12:29:00.568,957.167,1,8,8,-58.11,1,1,0,1,1,1,1,1
2026-03-28 12:29:00.616,957.214,1,8,8,-58.69,1,1,0,1,1,1,1,1
2026-03-28 12:29:00.712,957.310,0,8,8,-59.24,1,1,0,1,1,1,1,1
2026-03-28 12:29:00.807,957.405,0,10,8,-59.38,1,1,0,1,1,1,1,1
2026-03-28 12:29:00.887,957.486,0,10,8,-60.08,1,1,0,1,1,1,1,1
2026-03-28 12:29:00.952,957.551,0,10,8,-58.63,1,1,0,1,1,1,1,1
2026-03-28 12:29:01.032,957.630,0,10,7,-60.53,1,1,0,1,1,1,1,1
2026-03-28 12:29:01.096,957.694,0,10,8,-58.08,1,1,0,1,1,1,1,1
2026-03-28 12:29:01.176,957.775,1,8,8,-60.04,1,1,0,1,1,1,1,1
2026-03-28 12:29:01.271,957.870,1,10,7,-58.76,1,1,0,1,1,1,1,1
2026-03-28 12:29:01.367,957.966,1,11,8,-58.25,1,1,0,1,1,1,1,1
2026-03-28 12:29:01.496,958.094,0,7,8,-57.89,1,1,0,1,1,1,1,1
2026-03-28 12:29:01.607,958.206,1,7,8,-58.68,1,1,0,1,1,1,1,1
2026-03-28 12:29:01.688,958.286,1,10,8,-58.08,1,1,0,1,1,1,1,1
2026-03-28 12:29:01.720,958.318,0,10,8,-58.65,1,1,0,1,1,1,1,1
2026-03-28 12:29:01.816,958.415,0,10,8,-59.29,1,1,0,1,1,1,1,1
2026-03-28 12:29:01.911,958.510,0,10,8,-58.49,1,1,0,1,1,1,1,1
2026-03-28 12:29:01.975,958.574,0,10,8,-60.95,1,1,0,1,1,1,1,1
2026-03-28 12:29:02.040,958.638,0,10,8,-58.52,1,1,0,1,1,1,1,1
2026-03-28 12:29:02.120,958.718,0,10,8,-60.43,1,1,0,1,1,1,1,1
2026-03-28 12:29:02.232,958.830,0,10,8,-60.24,1,1,0,1,1,1,1,1
2026-03-28 12:29:02.295,958.894,0,10,8,-60.02,1,1,0,1,1,1,1,1
2026-03-28 12:29:02.360,958.959,1,10,8,-61.12,1,1,0,1,1,1,1,1
2026-03-28 12:29:02.456,959.054,1,11,8,-58.88,1,1,0,1,1,1,1,1
2026-03-28 12:29:02.535,959.134,0,8,8,-58.85,1,1,0,1,1,1,1,1
2026-03-28 12:29:02.600,959.199,0,7,7,-60.02,1,1,0,1,1,1,1,1
2026-03-28 12:29:02.680,959.278,0,7,8,-58.66,1,1,0,1,1,1,1,1
2026-03-28 12:29:02.776,959.374,0,7,8,-59.25,1,1,0,1,1,1,1,1
2026-03-28 12:29:02.872,959.471,0,10,8,-59.42,1,1,0,1,1,1,1,1
2026-03-28 12:29:02.967,959.565,1,11,8,-60.1,1,1,0,1,1,1,1,1
2026-03-28 12:29:03.032,959.631,1,10,8,-58.74,1,1,0,1,1,1,1,1
2026-03-28 12:29:03.096,959.694,1,11,8,-57.96,1,1,0,1,1,1,1,1
2026-03-28 12:29:03.176,959.774,0,7,8,-60.38,1,1,0,1,1,1,1,1
2026-03-28 12:29:03.320,959.918,1,11,8,-58.68,1,1,0,1,1,1,1,1
2026-03-28 12:29:03.384,959.982,0,10,8,-59.71,1,1,0,1,1,1,1,1
2026-03-28 12:29:03.496,960.095,0,7,7,-58.77,1,1,0,1,1,1,1,1
2026-03-28 12:29:03.528,960.127,0,10,7,-58.79,1,1,0,1,1,1,1,1
2026-03-28 12:29:03.671,960.270,0,7,8,-58.07,1,1,0,1,1,1,1,1
2026-03-28 12:29:03.736,960.334,0,7,8,-59.23,1,1,0,1,1,1,1,1
2026-03-28 12:29:03.752,960.350,1,11,8,-58.13,1,1,0,1,1,1,1,1
2026-03-28 12:29:03.831,960.430,0,11,8,-59.6,1,1,0,1,1,1,1,1
2026-03-28 12:29:04.007,960.606,1,10,8,-60.61,1,1,0,1,1,1,1,1
2026-03-28 12:29:04.039,960.638,1,11,8,-59.27,1,1,0,1,1,1,1,1
2026-03-28 12:29:04.119,960.718,1,11,8,-59.33,1,1,0,1,1,1,1,1
2026-03-28 12:29:04.248,960.846,0,10,8,-58.14,1,1,0,1,1,1,1,1
2026-03-28 12:29:04.249,960.848,0,9,8,-59.11,1,1,0,1,1,1,1,1
2026-03-28 12:29:04.328,960.927,1,10,8,-59.5,1,1,0,1,1,1,1,1
2026-03-28 12:29:04.407,961.006,0,7,8,-60.09,1,1,0,1,1,1,1,1
2026-03-28 12:29:04.504,961.102,0,10,8,-61.06,1,1,0,1,1,1,1,1
2026-03-28 12:29:04.583,961.182,0,10,8,-60.36,1,1,0,1,1,1,1,1
2026-03-28 12:29:04.663,961.262,0,10,8,-58.83,1,1,0,1,1,1,1,1
2026-03-28 12:29:04.744,961.342,1,7,8,-58.16,1,1,0,1,1,1,1,1
2026-03-28 12:29:04.824,961.422,0,7,8,-58.27,1,1,0,1,1,1,1,1
2026-03-28 12:29:04.919,961.517,1,10,8,-59.26,1,1,0,1,1,1,1,1
2026-03-28 12:29:04.984,961.582,0,11,8,-59.3,1,1,0,1,1,1,1,1
2026-03-28 12:29:05.064,961.662,0,10,7,-59.17,1,1,0,1,1,1,1,1
2026-03-28 12:29:05.144,961.742,1,8,8,-58.19,1,1,0,1,1,1,1,1
2026-03-28 12:29:05.239,961.837,1,8,8,-58.47,1,1,0,1,1,1,1,1
2026-03-28 12:29:05.287,961.886,0,7,8,-59.65,1,1,0,1,1,1,1,1
2026-03-28 12:29:05.432,962.030,0,7,7,-58.11,1,1,0,1,1,1,1,1
2026-03-28 12:29:05.496,962.094,0,10,7,-59.35,1,1,0,1,1,1,1,1
2026-03-28 12:29:05.544,962.142,0,10,8,-59.21,1,1,0,1,1,1,1,1
2026-03-28 12:29:05.624,962.222,0,7,8,-57.34,1,1,0,1,1,1,1,1
2026-03-28 12:29:05.671,962.270,0,7,7,-58.27,1,1,0,1,1,1,1,1
2026-03-28 12:29:05.752,962.351,0,7,8,-58.53,1,1,0,1,1,1,1,1
2026-03-28 12:29:05.896,962.494,0,10,8,-58.56,1,1,0,1,1,1,1,1
2026-03-28 12:29:05.992,962.590,1,7,8,-58.35,1,1,0,1,1,1,1,1
2026-03-28 12:29:06.056,962.654,0,7,7,-58.68,1,1,0,1,1,1,1,1
2026-03-28 12:29:06.152,962.750,0,10,8,-59.67,1,1,0,1,1,1,1,1
2026-03-28 12:29:06.167,962.766,0,10,8,-57.91,1,1,0,1,1,1,1,1
2026-03-28 12:29:06.231,962.830,1,8,8,-58.41,1,1,0,1,1,1,1,1
2026-03-28 12:29:06.312,962.910,0,10,8,-59.87,1,1,0,1,1,1,1,1
2026-03-28 12:29:06.375,962.974,0,10,8,-61.14,1,1,0,1,1,1,1,1
2026-03-28 12:29:06.471,963.069,0,10,8,-59.82,1,1,0,1,1,1,1,1
2026-03-28 12:29:06.536,963.134,0,8,8,-59.8,1,1,0,1,1,1,1,1
2026-03-28 12:29:06.616,963.215,0,9,8,-59.43,1,1,0,1,1,1,1,1
2026-03-28 12:29:06.711,963.310,0,10,8,-60.04,1,1,0,1,1,1,1,1
2026-03-28 12:29:06.776,963.375,0,10,8,-59.38,1,1,0,1,1,1,1,1
2026-03-28 12:29:06.808,963.406,0,10,8,-59.74,1,1,0,1,1,1,1,1
2026-03-28 12:29:06.903,963.501,0,7,8,-60.03,1,1,0,1,1,1,1,1
2026-03-28 12:29:06.952,963.550,0,10,8,-60.94,1,1,0,1,1,1,1,1
2026-03-28 12:29:07.048,963.647,0,10,8,-58.47,1,1,0,1,1,1,1,1
2026-03-28 12:29:07.127,963.726,0,10,8,-59.84,1,1,0,1,1,1,1,1
2026-03-28 12:29:07.191,963.790,0,10,7,-59.65,1,1,0,1,1,1,1,1
2026-03-28 12:29:07.240,963.839,0,10,7,-59.35,1,1,0,1,1,1,1,1
2026-03-28 12:29:07.303,963.902,0,10,8,-60.38,1,1,0,1,1,1,1,1
2026-03-28 12:29:07.352,963.951,0,10,7,-58.6,1,1,0,1,1,1,1,1
2026-03-28 12:29:07.495,964.094,0,10,8,-60.68,1,1,0,1,1,1,1,1
2026-03-28 12:29:07.559,964.158,0,10,8,-58.75,1,1,0,1,1,1,1,1
2026-03-28 12:29:07.607,964.205,0,7,8,-60.75,1,1,0,1,1,1,1,1
2026-03-28 12:29:07.735,964.334,0,10,7,-58.41,1,1,0,1,1,1,1,1
2026-03-28 12:29:07.896,964.494,0,10,8,-58.11,1,1,0,1,1,1,1,1
2026-03-28 12:29:08.071,964.670,0,10,7,-59.62,1,1,0,1,1,1,1,1
2026-03-28 12:29:08.168,964.767,0,9,8,-58.22,1,1,0,1,1,1,1,1
2026-03-28 12:29:08.231,964.830,1,9,8,-60.28,1,1,0,1,1,1,1,1
2026-03-28 12:29:08.296,964.894,0,10,8,-60.33,1,1,0,1,1,1,1,1
2026-03-28 12:29:08.360,964.958,0,10,8,-59.21,1,1,0,1,1,1,1,1
2026-03-28 12:29:08.424,965.022,0,10,8,-59.59,1,1,0,1,1,1,1,1
2026-03-28 12:29:08.503,965.102,0,10,8,-60.59,1,1,0,1,1,1,1,1
2026-03-28 12:29:08.584,965.182,0,7,8,-58.33,1,1,0,1,1,1,1,1
2026-03-28 12:29:08.711,965.310,0,7,8,-60.14,1,1,0,1,1,1,1,1
2026-03-28 12:29:08.760,965.358,0,10,8,-57.92,1,1,0,1,1,1,1,1
2026-03-28 12:29:08.791,965.390,0,10,8,-59.47,1,1,0,1,1,1,1,1
2026-03-28 12:29:08.887,965.485,0,10,8,-58.19,1,1,0,1,1,1,1,1
2026-03-28 12:29:09.016,965.614,0,10,8,-57.74,1,1,0,1,1,1,1,1
2026-03-28 12:29:09.080,965.678,0,10,10,-60.42,1,1,0,1,1,1,1,1
2026-03-28 12:29:09.223,965.822,-2,7,8,-59.96,1,1,0,1,1,1,1,1
2026-03-28 12:29:09.303,965.901,0,10,8,-58.07,1,1,0,1,1,1,1,1
2026-03-28 12:29:09.352,965.951,0,10,8,-59.02,1,1,0,1,1,1,1,1
2026-03-28 12:29:09.415,966.013,0,10,8,-59.93,1,1,0,1,1,1,1,1
2026-03-28 12:29:09.511,966.109,0,10,8,-59.06,1,1,0,1,1,1,1,1
2026-03-28 12:29:09.544,966.142,0,10,7,-60.98,1,1,0,1,1,1,1,1
2026-03-28 12:29:09.655,966.254,0,10,8,-59.37,1,1,0,1,1,1,1,1
2026-03-28 12:29:09.720,966.318,0,10,8,-58.56,1,1,0,1,1,1,1,1
2026-03-28 12:29:09.800,966.398,0,7,8,-58.51,1,1,0,1,1,1,1,1
2026-03-28 12:29:09.863,966.462,0,10,8,-59.76,1,1,0,1,1,1,1,1
2026-03-28 12:29:09.912,966.510,0,10,8,-59.05,1,1,0,1,1,1,1,1
2026-03-28 12:29:10.008,966.606,0,10,8,-60.73,1,1,0,1,1,1,1,1
2026-03-28 12:29:10.167,966.766,0,10,7,-60.14,1,1,0,1,1,1,1,1
2026-03-28 12:29:10.264,966.862,1,10,8,-59.5,1,1,0,1,1,1,1,1
2026-03-28 12:29:10.344,966.942,0,10,8,-60.8,1,1,0,1,1,1,1,1
2026-03-28 12:29:10.424,967.022,0,10,8,-59.45,1,1,0,1,1,1,1,1
2026-03-28 12:29:10.535,967.134,0,10,8,-60.64,1,1,0,1,1,1,1,1
2026-03-28 12:29:10.615,967.214,0,10,8,-60.18,1,1,0,1,1,1,1,1
2026-03-28 12:29:10.680,967.278,0,10,8,-59.87,1,1,0,1,1,1,1,1
2026-03-28 12:29:10.775,967.374,0,10,8,-59.28,1,1,0,1,1,1,1,1
2026-03-28 12:29:10.871,967.469,0,7,8,-58.19,1,1,0,1,1,1,1,1
2026-03-28 12:29:10.968,967.566,0,10,8,-59.48,1,1,0,1,1,1,1,1
2026-03-28 12:29:11.016,967.614,0,7,8,-59.29,1,1,0,1,1,1,1,1
2026-03-28 12:29:11.048,967.646,0,7,8,-60.98,1,1,0,1,1,1,1,1
2026-03-28 12:29:11.144,967.742,0,10,8,-60.71,1,1,0,1,1,1,1,1
2026-03-28 12:29:11.208,967.806,0,10,8,-58.47,1,1,0,1,1,1,1,1
2026-03-28 12:29:11.303,967.902,0,9,8,-59.76,1,1,0,1,1,1,1,1
2026-03-28 12:29:11.399,967.997,0,7,8,-59.52,1,1,0,1,1,1,1,1
2026-03-28 12:29:11.448,968.046,0,10,7,-59.24,1,1,0,1,1,1,1,1
2026-03-28 12:29:11.511,968.110,0,10,8,-61.21,1,1,0,1,1,1,1,1
2026-03-28 12:29:11.607,968.206,0,10,8,-60.88,1,1,0,1,1,1,1,1
2026-03-28 12:29:11.703,968.302,0,10,8,-58.74,1,1,0,1,1,1,1,1
2026-03-28 12:29:11.783,968.381,0,10,8,-58.12,1,1,0,1,1,1,1,1
2026-03-28 12:29:11.879,968.478,0,10,8,-59.7,1,1,0,1,1,1,1,1
2026-03-28 12:29:11.960,968.558,0,7,7,-58.24,1,1,0,1,1,1,1,1
2026-03-28 12:29:12.007,968.606,0,10,8,-61.02,1,1,0,1,1,1,1,1
2026-03-28 12:29:12.120,968.718,0,10,8,-60.89,1,1,0,1,1,1,1,1
2026-03-28 12:29:12.200,968.798,0,10,8,-60.12,1,1,0,1,1,1,1,1
2026-03-28 12:29:12.296,968.894,0,10,8,-58.3,1,1,0,1,1,1,1,1
2026-03-28 12:29:12.376,968.974,0,7,7,-58.97,1,1,0,1,1,1,1,1
2026-03-28 12:29:12.487,969.085,0,7,7,-59.75,1,1,0,1,1,1,1,1
2026-03-28 12:29:12.552,969.150,0,7,8,-59.99,1,1,0,1,1,1,1,1
2026-03-28 12:29:12.632,969.230,0,10,8,-61.21,1,1,0,1,1,1,1,1
2026-03-28 12:29:12.710,969.309,0,10,8,-60.6,1,1,0,1,1,1,1,1
2026-03-28 12:29:12.727,969.326,0,10,8,-59.67,1,1,0,1,1,1,1,1
2026-03-28 12:29:12.775,969.373,1,10,8,-59.16,1,1,0,1,1,1,1,1
2026-03-28 12:29:12.856,969.454,0,10,8,-58.44,1,1,0,1,1,1,1,1
2026-03-28 12:29:12.950,969.549,0,10,7,-59.94,1,1,0,1,1,1,1,1
2026-03-28 12:29:13.015,969.613,0,10,8,-60.38,1,1,0,1,1,1,1,1
2026-03-28 12:29:13.111,969.710,0,10,8,-58.79,1,1,0,1,1,1,1,1
2026-03-28 12:29:13.223,969.821,0,10,8,-58.8,1,1,0,1,1,1,1,1
2026-03-28 12:29:13.320,969.918,0,10,7,-60.14,1,1,0,1,1,1,1,1
2026-03-28 12:29:13.415,970.014,0,10,8,-59.34,1,1,0,1,1,1,1,1
2026-03-28 12:29:13.527,970.126,0,10,8,-59.28,1,1,0,1,1,1,1,1
2026-03-28 12:29:13.608,970.206,0,10,8,-59.66,1,1,0,1,1,1,1,1
2026-03-28 12:29:13.703,970.302,0,10,8,-58.9,1,1,0,1,1,1,1,1
2026-03-28 12:29:13.767,970.366,0,10,8,-59.15,1,1,0,1,1,1,1,1
2026-03-28 12:29:13.848,970.446,0,10,8,-59.77,1,1,0,1,1,1,1,1
2026-03-28 12:29:13.928,970.526,1,8,8,-59.45,1,1,0,1,1,1,1,1
2026-03-28 12:29:14.007,970.606,0,10,8,-60.24,1,1,0,1,1,1,1,1
2026-03-28 12:29:14.103,970.701,0,7,8,-61.0,1,1,0,1,1,1,1,1
2026-03-28 12:29:14.215,970.814,0,7,8,-59.63,1,1,0,1,1,1,1,1
2026-03-28 12:29:14.248,970.846,0,10,8,-58.68,1,1,0,1,1,1,1,1
2026-03-28 12:29:14.328,970.926,0,7,8,-62.46,1,1,0,1,1,1,1,1
2026-03-28 12:29:14.376,970.974,0,10,8,-60.69,1,1,0,1,1,1,1,1
2026-03-28 12:29:14.471,971.069,0,7,8,-61.01,1,1,0,1,1,1,1,1
2026-03-28 12:29:14.567,971.165,0,10,8,-61.38,1,1,0,1,1,1,1,1
2026-03-28 12:29:14.647,971.246,1,8,8,-58.79,1,1,0,1,1,1,1,1
2026-03-28 12:29:14.727,971.326,0,7,8,-59.38,1,1,0,1,1,1,1,1
2026-03-28 12:29:14.840,971.438,-2,7,8,-59.63,1,1,0,1,1,1,1,1
2026-03-28 12:29:14.903,971.502,0,7,8,-59.05,1,1,0,1,1,1,1,1
2026-03-28 12:29:15.000,971.598,0,7,8,-58.08,1,1,0,1,1,1,1,1
2026-03-28 12:29:15.063,971.662,1,8,8,-59.94,1,1,0,1,1,1,1,1
2026-03-28 12:29:15.127,971.725,0,7,8,-60.13,1,1,0,1,1,1,1,1
2026-03-28 12:29:15.223,971.821,0,7,8,-59.45,1,1,0,1,1,1,1,1
2026-03-28 12:29:15.336,971.934,0,7,8,-59.68,1,1,0,1,1,1,1,1
2026-03-28 12:29:15.399,971.998,0,7,8,-60.56,1,1,0,1,1,1,1,1
2026-03-28 12:29:15.447,972.046,0,7,7,-59.09,1,1,0,1,1,1,1,1
2026-03-28 12:29:15.543,972.142,0,7,8,-61.48,1,1,0,1,1,1,1,1
2026-03-28 12:29:15.622,972.221,0,7,8,-61.99,1,1,0,1,1,1,1,1
2026-03-28 12:29:15.735,972.333,0,7,8,-59.91,1,1,0,1,1,1,1,1
2026-03-28 12:29:15.783,972.382,0,10,7,-59.62,1,1,0,1,1,1,1,1
2026-03-28 12:29:15.927,972.525,0,10,8,-58.89,1,1,0,1,1,1,1,1
2026-03-28 12:29:15.975,972.573,0,7,8,-60.63,1,1,0,1,1,1,1,1
2026-03-28 12:29:16.039,972.638,0,10,8,-60.35,1,1,0,1,1,1,1,1
2026-03-28 12:29:16.087,972.685,1,8,8,-60.57,1,1,0,1,1,1,1,1
2026-03-28 12:29:16.199,972.798,0,7,8,-60.78,1,1,0,1,1,1,1,1
2026-03-28 12:29:16.327,972.925,0,7,8,-58.91,1,1,0,1,1,1,1,1
2026-03-28 12:29:16.329,972.927,0,7,8,-60.07,1,1,0,1,1,1,1,1
2026-03-28 12:29:16.455,973.053,0,10,8,-58.66,1,1,0,1,1,1,1,1
2026-03-28 12:29:16.487,973.085,0,7,8,-58.19,1,1,0,1,1,1,1,1
2026-03-28 12:29:16.583,973.182,0,7,8,-61.67,1,1,0,1,1,1,1,1
2026-03-28 12:29:16.695,973.293,0,10,8,-59.84,1,1,0,1,1,1,1,1
2026-03-28 12:29:16.775,973.374,0,7,8,-60.62,1,1,0,1,1,1,1,1
2026-03-28 12:29:16.855,973.454,0,10,8,-59.78,1,1,0,1,1,1,1,1
2026-03-28 12:29:16.936,973.534,0,10,8,-60.46,1,1,0,1,1,1,1,1
2026-03-28 12:29:17.015,973.614,0,7,8,-59.37,1,1,0,1,1,1,1,1
2026-03-28 12:29:17.143,973.742,0,7,8,-58.18,1,1,0,1,1,1,1,1
2026-03-28 12:29:17.191,973.789,0,7,8,-59.26,1,1,0,1,1,1,1,1
2026-03-28 12:29:17.287,973.885,0,7,8,-59.62,1,1,0,1,1,1,1,1
2026-03-28 12:29:17.367,973.965,0,10,8,-59.37,1,1,0,1,1,1,1,1
2026-03-28 12:29:17.415,974.013,0,7,8,-59.35,1,1,0,1,1,1,1,1
2026-03-28 12:29:17.479,974.077,0,10,8,-61.08,1,1,0,1,1,1,1,1
2026-03-28 12:29:17.575,974.173,0,7,8,-59.7,1,1,0,1,1,1,1,1
2026-03-28 12:29:17.623,974.221,0,7,8,-63.16,1,1,0,1,1,1,1,1
2026-03-28 12:29:17.734,974.333,0,10,8,-61.29,1,1,0,1,1,1,1,1
2026-03-28 12:29:17.799,974.398,0,10,8,-61.02,1,1,0,1,1,1,1,1
2026-03-28 12:29:17.943,974.542,0,10,8,-59.37,1,1,0,1,1,1,1,1
2026-03-28 12:29:18.023,974.621,0,7,8,-61.88,1,1,0,1,1,1,1,1
2026-03-28 12:29:18.070,974.669,0,7,7,-58.54,1,1,0,1,1,1,1,1
2026-03-28 12:29:18.136,974.734,1,10,8,-62.35,1,1,0,1,1,1,1,1
2026-03-28 12:29:18.247,974.845,0,10,8,-60.28,1,1,0,1,1,1,1,1
2026-03-28 12:29:18.343,974.941,0,10,8,-59.17,1,1,0,1,1,1,1,1
2026-03-28 12:29:18.439,975.037,0,10,8,-58.19,1,1,0,1,1,1,1,1
2026-03-28 12:29:18.455,975.053,0,10,8,-60.7,1,1,0,1,1,1,1,1
2026-03-28 12:29:18.536,975.134,0,10,8,-60.78,1,1,0,1,1,1,1,1
2026-03-28 12:29:18.599,975.198,0,7,8,-58.49,1,1,0,1,1,1,1,1
2026-03-28 12:29:18.695,975.293,0,10,8,-60.7,1,1,0,1,1,1,1,1
2026-03-28 12:29:18.807,975.406,0,10,8,-58.63,1,1,0,1,1,1,1,1
2026-03-28 12:29:18.887,975.486,0,7,8,-60.5,1,1,0,1,1,1,1,1
2026-03-28 12:29:19.000,975.598,0,10,8,-58.92,1,1,0,1,1,1,1,1
2026-03-28 12:29:19.047,975.645,0,10,8,-59.43,1,1,0,1,1,1,1,1
2026-03-28 12:29:19.143,975.741,0,7,8,-59.34,1,1,0,1,1,1,1,1
2026-03-28 12:29:19.222,975.821,0,7,8,-60.51,1,1,0,1,1,1,1,1
2026-03-28 12:29:19.271,975.869,0,10,8,-60.48,1,1,0,1,1,1,1,1
2026-03-28 12:29:19.399,975.998,0,7,8,-59.2,1,1,0,1,1,1,1,1
2026-03-28 12:29:19.479,976.077,0,7,8,-59.0,1,1,0,1,1,1,1,1
2026-03-28 12:29:19.511,976.109,0,10,8,-61.77,1,1,0,1,1,1,1,1
2026-03-28 12:29:19.543,976.142,0,10,8,-59.18,1,1,0,1,1,1,1,1
2026-03-28 12:29:19.623,976.221,0,10,7,-60.08,1,1,0,1,1,1,1,1
2026-03-28 12:29:19.719,976.318,0,7,8,-61.51,1,1,0,1,1,1,1,1
2026-03-28 12:29:19.783,976.382,0,10,8,-60.91,1,1,0,1,1,1,1,1
2026-03-28 12:29:19.863,976.461,0,10,8,-59.06,1,1,0,1,1,1,1,1
2026-03-28 12:29:19.959,976.557,0,7,7,-60.73,1,1,0,1,1,1,1,1
2026-03-28 12:29:20.055,976.653,0,10,8,-58.35,1,1,0,1,1,1,1,1
2026-03-28 12:29:20.119,976.717,0,7,8,-60.31,1,1,0,1,1,1,1,1
2026-03-28 12:29:20.167,976.766,-2,7,8,-58.88,1,1,0,1,1,1,1,1
2026-03-28 12:29:20.247,976.845,0,10,8,-59.64,1,1,0,1,1,1,1,1
2026-03-28 12:29:20.343,976.942,0,10,7,-59.84,1,1,0,1,1,1,1,1
2026-03-28 12:29:20.407,977.006,0,10,8,-60.38,1,1,0,1,1,1,1,1
2026-03-28 12:29:20.551,977.149,0,9,8,-59.5,1,1,0,1,1,1,1,1
2026-03-28 12:29:20.567,977.165,0,7,8,-60.78,1,1,0,1,1,1,1,1
2026-03-28 12:29:20.679,977.278,0,7,7,-61.29,1,1,0,1,1,1,1,1
2026-03-28 12:29:20.711,977.309,-2,7,8,-59.87,1,1,0,1,1,1,1,1
2026-03-28 12:29:20.775,977.374,0,10,8,-59.15,1,1,0,1,1,1,1,1
2026-03-28 12:29:20.887,977.485,0,10,8,-59.89,1,1,0,1,1,1,1,1
2026-03-28 12:29:20.999,977.597,0,7,8,-58.6,1,1,0,1,1,1,1,1
2026-03-28 12:29:21.015,977.613,0,7,8,-60.35,1,1,0,1,1,1,1,1
2026-03-28 12:29:21.110,977.709,0,7,8,-59.2,1,1,0,1,1,1,1,1
2026-03-28 12:29:21.191,977.789,0,7,8,-60.5,1,1,0,1,1,1,1,1
2026-03-28 12:29:21.270,977.869,0,7,8,-58.29,1,1,0,1,1,1,1,1
2026-03-28 12:29:21.351,977.949,0,10,8,-59.72,1,1,0,1,1,1,1,1
2026-03-28 12:29:21.495,978.094,0,7,7,-59.52,1,1,0,1,1,1,1,1
2026-03-28 12:29:21.606,978.205,0,7,8,-58.85,1,1,0,1,1,1,1,1
2026-03-28 12:29:21.655,978.253,0,10,8,-59.77,1,1,0,1,1,1,1,1
2026-03-28 12:29:21.671,978.269,0,10,7,-59.86,1,1,0,1,1,1,1,1
2026-03-28 12:29:21.783,978.381,0,7,7,-61.35,1,1,0,1,1,1,1,1
2026-03-28 12:29:21.880,978.478,0,7,8,-59.07,1,1,0,1,1,1,1,1
2026-03-28 12:29:21.975,978.573,1,8,8,-58.0,1,1,0,1,1,1,1,1
2026-03-28 12:29:22.070,978.669,0,7,8,-58.96,1,1,0,1,1,1,1,1
2026-03-28 12:29:22.072,978.670,0,7,8,-58.58,1,1,0,1,1,1,1,1
2026-03-28 12:29:22.183,978.781,0,10,8,-59.11,1,1,0,1,1,1,1,1
2026-03-28 12:29:22.263,978.861,0,10,8,-60.43,1,1,0,1,1,1,1,1
2026-03-28 12:29:22.327,978.925,0,7,8,-58.32,1,1,0,1,1,1,1,1
2026-03-28 12:29:22.471,979.069,0,10,8,-58.34,1,1,0,1,1,1,1,1
2026-03-28 12:29:22.502,979.100,0,10,8,-60.16,1,1,0,1,1,1,1,1
2026-03-28 12:29:22.519,979.117,0,7,8,-60.45,1,1,0,1,1,1,1,1
2026-03-28 12:29:22.647,979.246,0,7,8,-60.31,1,1,0,1,1,1,1,1
2026-03-28 12:29:22.711,979.309,0,7,8,-60.08,1,1,0,1,1,1,1,1
2026-03-28 12:29:22.791,979.389,0,10,8,-60.24,1,1,0,1,1,1,1,1
2026-03-28 12:29:22.823,979.421,0,7,8,-59.7,1,1,0,1,1,1,1,1
2026-03-28 12:29:22.934,979.533,0,10,8,-58.54,1,1,0,1,1,1,1,1
2026-03-28 12:29:22.999,979.598,0,10,8,-61.69,1,1,0,1,1,1,1,1
2026-03-28 12:29:23.047,979.645,-2,7,8,-60.4,1,1,0,1,1,1,1,1
2026-03-28 12:29:23.143,979.741,0,10,8,-58.11,1,1,0,1,1,1,1,1
2026-03-28 12:29:23.206,979.805,0,10,8,-58.92,1,1,0,1,1,1,1,1
2026-03-28 12:29:23.287,979.886,0,7,8,-60.89,1,1,0,1,1,1,1,1
2026-03-28 12:29:23.350,979.949,0,7,8,-58.81,1,1,0,1,1,1,1,1
2026-03-28 12:29:23.415,980.014,0,7,7,-59.83,1,1,0,1,1,1,1,1
2026-03-28 12:29:23.478,980.077,0,7,8,-60.65,1,1,0,1,1,1,1,1
2026-03-28 12:29:23.575,980.173,0,7,8,-58.83,1,1,0,1,1,1,1,1
2026-03-28 12:29:23.623,980.221,0,7,8,-58.62,1,1,0,1,1,1,1,1
2026-03-28 12:29:23.687,980.286,0,7,8,-60.11,1,1,0,1,1,1,1,1
2026-03-28 12:29:23.783,980.381,0,7,8,-58.65,1,1,0,1,1,1,1,1
2026-03-28 12:29:23.895,980.493,0,7,7,-60.43,1,1,0,1,1,1,1,1
2026-03-28 12:29:24.071,980.669,0,7,7,-58.51,1,1,0,1,1,1,1,1
2026-03-28 12:29:24.103,980.701,0,7,8,-58.02,1,1,0,1,1,1,1,1
2026-03-28 12:29:24.199,980.797,0,7,7,-60.75,1,1,0,1,1,1,1,1
2026-03-28 12:29:24.311,980.909,0,7,8,-59.24,1,1,0,1,1,1,1,1
2026-03-28 12:29:24.359,980.958,0,10,8,-59.12,1,1,0,1,1,1,1,1
2026-03-28 12:29:24.471,981.069,0,7,8,-60.6,1,1,0,1,1,1,1,1
2026-03-28 12:29:24.535,981.133,0,7,7,-59.19,1,1,0,1,1,1,1,1
2026-03-28 12:29:24.567,981.165,0,7,8,-59.81,1,1,0,1,1,1,1,1
2026-03-28 12:29:24.647,981.245,0,7,8,-59.53,1,1,0,1,1,1,1,1
2026-03-28 12:29:24.742,981.341,0,7,7,-58.54,1,1,0,1,1,1,1,1
2026-03-28 12:29:24.838,981.436,0,10,8,-59.96,1,1,0,1,1,1,1,1
2026-03-28 12:29:24.871,981.469,0,10,8,-61.3,1,1,0,1,1,1,1,1
2026-03-28 12:29:24.998,981.597,0,7,8,-58.74,1,1,0,1,1,1,1,1
2026-03-28 12:29:25.047,981.645,0,10,8,-58.5,1,1,0,1,1,1,1,1
2026-03-28 12:29:25.206,981.805,0,10,7,-59.74,1,1,0,1,1,1,1,1
2026-03-28 12:29:25.238,981.837,0,7,7,-58.4,1,1,0,1,1,1,1,1
2026-03-28 12:29:25.335,981.933,0,7,8,-59.45,1,1,0,1,1,1,1,1
2026-03-28 12:29:25.415,982.013,0,7,8,-59.03,1,1,0,1,1,1,1,1
2026-03-28 12:29:25.510,982.109,0,8,8,-59.72,1,1,0,1,1,1,1,1
2026-03-28 12:29:25.622,982.221,-2,10,8,-60.47,1,1,0,1,1,1,1,1
2026-03-28 12:29:25.735,982.334,0,7,8,-58.42,1,1,0,1,1,1,1,1
2026-03-28 12:29:25.879,982.477,0,7,8,-59.22,1,1,0,1,1,1,1,1
2026-03-28 12:29:25.910,982.509,0,7,8,-58.18,1,1,0,1,1,1,1,1
2026-03-28 12:29:26.007,982.605,0,10,8,-59.03,1,1,0,1,1,1,1,1
2026-03-28 12:29:26.135,982.733,0,7,8,-60.73,1,1,0,1,1,1,1,1
2026-03-28 12:29:26.150,982.749,0,10,8,-58.73,1,1,0,1,1,1,1,1
2026-03-28 12:29:26.262,982.861,0,7,8,-59.63,1,1,0,1,1,1,1,1
2026-03-28 12:29:26.391,982.989,0,7,7,-59.97,1,1,0,1,1,1,1,1
2026-03-28 12:29:26.488,983.086,0,7,8,-59.48,1,1,0,1,1,1,1,1
2026-03-28 12:29:26.550,983.149,0,10,8,-59.12,1,1,0,1,1,1,1,1
2026-03-28 12:29:26.567,983.166,0,10,7,-60.5,1,1,0,1,1,1,1,1
2026-03-28 12:29:26.662,983.261,0,10,8,-60.52,1,1,0,1,1,1,1,1
2026-03-28 12:29:26.694,983.293,0,7,8,-57.86,1,1,0,1,1,1,1,1
2026-03-28 12:29:26.774,983.373,0,10,8,-58.48,1,1,0,1,1,1,1,1
2026-03-28 12:29:26.870,983.469,-2,10,8,-58.11,1,1,0,1,1,1,1,1
2026-03-28 12:29:26.967,983.565,0,7,8,-60.0,1,1,0,1,1,1,1,1
2026-03-28 12:29:27.047,983.645,0,7,8,-59.44,1,1,0,1,1,1,1,1
2026-03-28 12:29:27.142,983.740,0,10,8,-60.13,1,1,0,1,1,1,1,1
2026-03-28 12:29:27.223,983.821,0,10,8,-58.31,1,1,0,1,1,1,1,1
2026-03-28 12:29:27.254,983.853,-2,10,7,-59.46,1,1,0,1,1,1,1,1
2026-03-28 12:29:27.350,983.948,0,10,8,-59.45,1,1,0,1,1,1,1,1
2026-03-28 12:29:27.430,984.029,0,10,7,-59.37,1,1,0,1,1,1,1,1
2026-03-28 12:29:27.510,984.109,0,10,8,-60.85,1,1,0,1,1,1,1,1
2026-03-28 12:29:27.590,984.189,0,10,8,-60.1,1,1,0,1,1,1,1,1
2026-03-28 12:29:27.606,984.205,0,10,7,-58.34,1,1,0,1,1,1,1,1
2026-03-28 12:29:27.718,984.317,0,10,7,-58.31,1,1,0,1,1,1,1,1
2026-03-28 12:29:27.782,984.380,0,10,8,-59.39,1,1,0,1,1,1,1,1
2026-03-28 12:29:27.927,984.525,0,7,8,-60.83,1,1,0,1,1,1,1,1
2026-03-28 12:29:27.958,984.557,0,10,8,-57.68,1,1,0,1,1,1,1,1
2026-03-28 12:29:28.038,984.637,0,10,8,-59.51,1,1,0,1,1,1,1,1
2026-03-28 12:29:28.135,984.733,0,7,8,-58.43,1,1,0,1,1,1,1,1
2026-03-28 12:29:28.199,984.797,0,7,7,-59.17,1,1,0,1,1,1,1,1
2026-03-28 12:29:28.359,984.957,0,10,7,-57.93,1,1,0,1,1,1,1,1
2026-03-28 12:29:28.438,985.037,0,7,8,-58.6,1,1,0,1,1,1,1,1
2026-03-28 12:29:28.470,985.068,0,10,8,-59.03,1,1,0,1,1,1,1,1
2026-03-28 12:29:28.615,985.213,0,10,7,-58.55,1,1,0,1,1,1,1,1
2026-03-28 12:29:28.662,985.260,0,7,7,-60.1,1,1,0,1,1,1,1,1
2026-03-28 12:29:28.791,985.389,0,7,8,-58.4,1,1,0,1,1,1,1,1
2026-03-28 12:29:28.935,985.533,0,10,8,-58.88,1,1,0,1,1,1,1,1
2026-03-28 12:29:28.966,985.565,0,10,8,-58.3,1,1,0,1,1,1,1,1
2026-03-28 12:29:29.031,985.629,0,10,8,-60.01,1,1,0,1,1,1,1,1
2026-03-28 12:29:29.095,985.693,0,10,8,-59.05,1,1,0,1,1,1,1,1
2026-03-28 12:29:29.190,985.788,0,7,8,-59.39,1,1,0,1,1,1,1,1
2026-03-28 12:29:29.335,985.933,0,10,8,-58.88,1,1,0,1,1,1,1,1
2026-03-28 12:29:29.414,986.012,0,10,8,-59.1,1,1,0,1,1,1,1,1
2026-03-28 12:29:29.479,986.077,0,7,8,-58.95,1,1,0,1,1,1,1,1
2026-03-28 12:29:29.510,986.109,0,7,8,-59.55,1,1,0,1,1,1,1,1
2026-03-28 12:29:29.606,986.204,0,10,7,-58.94,1,1,0,1,1,1,1,1
2026-03-28 12:29:29.686,986.285,0,7,8,-59.51,1,1,0,1,1,1,1,1
2026-03-28 12:29:29.862,986.461,0,7,8,-58.31,1,1,0,1,1,1,1,1
2026-03-28 12:29:29.895,986.493,0,7,8,-59.35,1,1,0,1,1,1,1,1
2026-03-28 12:29:29.943,986.541,0,7,8,-58.2,1,1,0,1,1,1,1,1
2026-03-28 12:29:30.023,986.621,0,7,8,-58.31,1,1,0,1,1,1,1,1
2026-03-28 12:29:30.087,986.685,0,7,8,-59.14,1,1,0,1,1,1,1,1
2026-03-28 12:29:30.134,986.732,0,7,8,-59.87,1,1,0,1,1,1,1,1
2026-03-28 12:29:30.295,986.893,0,7,8,-58.42,1,1,0,1,1,1,1,1
2026-03-28 12:29:30.311,986.909,0,10,8,-60.02,1,1,0,1,1,1,1,1
2026-03-28 12:29:30.390,986.989,0,7,7,-58.37,1,1,0,1,1,1,1,1
2026-03-28 12:29:30.486,987.085,0,10,8,-59.59,1,1,0,1,1,1,1,1
2026-03-28 12:29:30.614,987.213,1,10,8,-59.15,1,1,0,1,1,1,1,1
2026-03-28 12:29:30.679,987.277,0,10,8,-58.12,1,1,0,1,1,1,1,1
2026-03-28 12:29:30.759,987.357,0,10,7,-59.32,1,1,0,1,1,1,1,1
2026-03-28 12:29:30.822,987.420,0,7,8,-57.4,1,1,0,1,1,1,1,1
2026-03-28 12:29:30.871,987.469,0,7,8,-59.1,1,1,0,1,1,1,1,1
2026-03-28 12:29:30.982,987.581,0,7,8,-57.79,1,1,0,1,1,1,1,1
2026-03-28 12:29:31.047,987.645,0,7,8,-60.31,1,1,0,1,1,1,1,1
2026-03-28 12:29:31.159,987.757,0,7,8,-59.02,1,1,0,1,1,1,1,1
2026-03-28 12:29:31.271,987.869,0,7,7,-58.44,1,1,0,1,1,1,1,1
2026-03-28 12:29:31.319,987.917,0,7,8,-57.93,1,1,0,1,1,1,1,1
2026-03-28 12:29:31.366,987.964,0,7,8,-59.05,1,1,0,1,1,1,1,1
2026-03-28 12:29:31.431,988.029,0,7,8,-59.0,1,1,0,1,1,1,1,1
2026-03-28 12:29:31.527,988.125,0,10,8,-59.98,1,1,0,1,1,1,1,1
2026-03-28 12:29:31.638,988.237,0,10,8,-59.83,1,1,0,1,1,1,1,1
2026-03-28 12:29:31.669,988.268,0,7,8,-58.52,1,1,0,1,1,1,1,1
2026-03-28 12:29:31.735,988.333,0,7,8,-58.63,1,1,0,1,1,1,1,1
2026-03-28 12:29:31.830,988.429,0,7,8,-58.06,1,1,0,1,1,1,1,1
2026-03-28 12:29:31.926,988.525,0,7,8,-58.9,1,1,0,1,1,1,1,1
2026-03-28 12:29:31.975,988.573,0,7,8,-59.84,1,1,0,1,1,1,1,1
2026-03-28 12:29:32.102,988.700,0,10,8,-60.02,1,1,0,1,1,1,1,1
2026-03-28 12:29:32.198,988.797,0,7,8,-58.66,1,1,0,1,1,1,1,1
2026-03-28 12:29:32.215,988.813,0,10,8,-57.93,1,1,0,1,1,1,1,1
2026-03-28 12:29:32.342,988.941,0,10,8,-59.29,1,1,0,1,1,1,1,1
2026-03-28 12:29:32.438,989.037,-1,10,8,-58.94,1,1,0,1,1,1,1,1
2026-03-28 12:29:32.487,989.085,0,7,8,-57.78,1,1,0,1,1,1,1,1
2026-03-28 12:29:32.535,989.133,-1,11,8,-60.45,1,1,0,1,1,1,1,1
2026-03-28 12:29:32.646,989.245,0,7,8,-59.55,1,1,0,1,1,1,1,1
2026-03-28 12:29:32.726,989.324,0,7,8,-61.31,1,1,0,1,1,1,1,1
2026-03-28 12:29:32.806,989.404,0,7,8,-57.82,1,1,0,1,1,1,1,1
2026-03-28 12:29:32.903,989.501,0,10,8,-59.62,1,1,0,1,1,1,1,1
2026-03-28 12:29:32.934,989.533,0,10,8,-58.38,1,1,0,1,1,1,1,1
2026-03-28 12:29:33.078,989.676,0,10,8,-62.5,1,1,0,1,1,1,1,1
2026-03-28 12:29:33.110,989.709,0,7,7,-59.98,1,1,0,1,1,1,1,1
2026-03-28 12:29:33.206,989.805,0,10,7,-59.22,1,1,0,1,1,1,1,1
2026-03-28 12:29:33.271,989.869,0,7,8,-58.4,1,1,0,1,1,1,1,1
2026-03-28 12:29:33.382,989.981,0,7,8,-60.04,1,1,0,1,1,1,1,1
2026-03-28 12:29:33.431,990.029,-2,10,8,-60.12,1,1,0,1,1,1,1,1
2026-03-28 12:29:33.542,990.140,0,10,8,-59.63,1,1,0,1,1,1,1,1
2026-03-28 12:29:33.606,990.204,0,7,8,-61.65,1,1,0,1,1,1,1,1
2026-03-28 12:29:33.671,990.269,0,7,7,-60.98,1,1,0,1,1,1,1,1
2026-03-28 12:29:33.766,990.364,0,10,8,-61.53,1,1,0,1,1,1,1,1
2026-03-28 12:29:33.830,990.428,0,7,7,-58.73,1,1,0,1,1,1,1,1
2026-03-28 12:29:33.879,990.478,0,10,8,-60.47,1,1,0,1,1,1,1,1
2026-03-28 12:29:33.974,990.572,0,10,8,-60.65,1,1,0,1,1,1,1,1
2026-03-28 12:29:34.005,990.604,0,7,7,-60.79,1,1,0,1,1,1,1,1
2026-03-28 12:29:34.118,990.717,0,7,8,-60.86,1,1,0,1,1,1,1,1
2026-03-28 12:29:34.150,990.748,0,7,7,-59.09,1,1,0,1,1,1,1,1
2026-03-28 12:29:34.246,990.844,0,10,8,-60.95,1,1,0,1,1,1,1,1
2026-03-28 12:29:34.310,990.908,0,10,8,-60.4,1,1,0,1,1,1,1,1
2026-03-28 12:29:34.358,990.957,0,8,8,-60.58,1,1,0,1,1,1,1,1
2026-03-28 12:29:34.454,991.053,0,7,8,-60.61,1,1,0,1,1,1,1,1
2026-03-28 12:29:34.518,991.117,0,7,8,-60.38,1,1,0,1,1,1,1,1
2026-03-28 12:29:34.598,991.197,0,7,8,-59.3,1,1,0,1,1,1,1,1
2026-03-28 12:29:34.662,991.261,0,8,8,-59.94,1,1,0,1,1,1,1,1
2026-03-28 12:29:34.759,991.357,0,7,8,-59.82,1,1,0,1,1,1,1,1
2026-03-28 12:29:34.902,991.501,-2,10,8,-61.96,1,1,0,1,1,1,1,1
2026-03-28 12:29:34.950,991.549,0,7,8,-59.81,1,1,0,1,1,1,1,1
2026-03-28 12:29:35.030,991.629,0,10,8,-58.88,1,1,0,1,1,1,1,1
2026-03-28 12:29:35.062,991.661,0,7,8,-59.12,1,1,0,1,1,1,1,1
2026-03-28 12:29:35.158,991.757,0,10,8,-61.3,1,1,0,1,1,1,1,1
2026-03-28 12:29:35.238,991.837,0,7,8,-59.7,1,1,0,1,1,1,1,1
2026-03-28 12:29:35.302,991.900,0,7,8,-60.62,1,1,0,1,1,1,1,1
2026-03-28 12:29:35.349,991.948,0,10,8,-61.26,1,1,0,1,1,1,1,1
2026-03-28 12:29:35.446,992.045,0,7,8,-61.05,1,1,0,1,1,1,1,1
2026-03-28 12:29:35.558,992.157,0,10,8,-59.18,1,1,0,1,1,1,1,1
2026-03-28 12:29:35.606,992.204,0,7,8,-59.83,1,1,0,1,1,1,1,1
2026-03-28 12:29:35.734,992.333,0,10,8,-61.72,1,1,0,1,1,1,1,1
2026-03-28 12:29:35.798,992.397,0,7,8,-61.27,1,1,0,1,1,1,1,1
2026-03-28 12:29:35.942,992.541,0,10,7,-58.55,1,1,0,1,1,1,1,1
2026-03-28 12:29:36.006,992.604,-2,7,7,-58.8,1,1,0,1,1,1,1,1
2026-03-28 12:29:36.087,992.685,0,10,7,-59.58,1,1,0,1,1,1,1,1
2026-03-28 12:29:36.167,992.765,0,10,8,-60.59,1,1,0,1,1,1,1,1
2026-03-28 12:29:36.246,992.844,0,10,8,-59.08,1,1,0,1,1,1,1,1
2026-03-28 12:29:36.310,992.909,0,10,8,-61.45,1,1,0,1,1,1,1,1
2026-03-28 12:29:36.374,992.973,0,10,8,-62.2,1,1,0,1,1,1,1,1
2026-03-28 12:29:36.502,993.101,0,10,8,-58.72,1,1,0,1,1,1,1,1
2026-03-28 12:29:36.567,993.165,-1,10,8,-60.06,1,1,0,1,1,1,1,1
2026-03-28 12:29:36.662,993.260,0,7,7,-60.43,1,1,0,1,1,1,1,1
2026-03-28 12:29:36.710,993.309,0,10,8,-59.07,1,1,0,1,1,1,1,1
2026-03-28 12:29:36.806,993.404,-1,10,8,-60.6,1,1,0,1,1,1,1,1
2026-03-28 12:29:36.886,993.484,0,10,8,-61.07,1,1,0,1,1,1,1,1
2026-03-28 12:29:36.918,993.517,-2,10,8,-59.38,1,1,0,1,1,1,1,1
2026-03-28 12:29:37.014,993.613,-2,10,7,-60.83,1,1,0,1,1,1,1,1
2026-03-28 12:29:37.078,993.676,0,7,8,-59.48,1,1,0,1,1,1,1,1
2026-03-28 12:29:37.190,993.789,0,10,8,-58.68,1,1,0,1,1,1,1,1
2026-03-28 12:29:37.287,993.885,0,10,8,-60.57,1,1,0,1,1,1,1,1
2026-03-28 12:29:37.318,993.917,0,10,8,-61.46,1,1,0,1,1,1,1,1
2026-03-28 12:29:37.398,993.996,0,7,8,-62.03,1,1,0,1,1,1,1,1
2026-03-28 12:29:37.461,994.060,0,10,8,-59.62,1,1,0,1,1,1,1,1
2026-03-28 12:29:37.574,994.172,-1,10,8,-60.17,1,1,0,1,1,1,1,1
2026-03-28 12:29:37.655,994.253,0,7,8,-59.12,1,1,0,1,1,1,1,1
2026-03-28 12:29:37.718,994.317,0,10,8,-60.42,1,1,0,1,1,1,1,1
2026-03-28 12:29:37.798,994.397,0,10,8,-59.87,1,1,0,1,1,1,1,1
2026-03-28 12:29:37.846,994.444,0,10,8,-59.56,1,1,0,1,1,1,1,1
2026-03-28 12:29:38.006,994.604,1,11,8,-59.78,1,1,0,1,1,1,1,1
2026-03-28 12:29:38.054,994.652,0,8,8,-58.73,1,1,0,1,1,1,1,1
2026-03-28 12:29:38.102,994.700,-1,7,8,-60.77,1,1,0,1,1,1,1,1
2026-03-28 12:29:38.166,994.765,0,7,7,-61.22,1,1,0,1,1,1,1,1
2026-03-28 12:29:38.278,994.876,0,10,7,-59.16,1,1,0,1,1,1,1,1
2026-03-28 12:29:38.406,995.004,1,8,8,-61.3,1,1,0,1,1,1,1,1
2026-03-28 12:29:38.439,995.037,0,10,8,-59.08,1,1,0,1,1,1,1,1
2026-03-28 12:29:38.534,995.133,-2,10,8,-60.49,1,1,0,1,1,1,1,1
2026-03-28 12:29:38.582,995.180,0,10,8,-59.1,1,1,0,1,1,1,1,1
2026-03-28 12:29:38.710,995.308,0,10,8,-61.29,1,1,0,1,1,1,1,1
2026-03-28 12:29:38.758,995.356,0,7,8,-60.58,1,1,0,1,1,1,1,1
2026-03-28 12:29:38.871,995.469,0,7,8,-60.15,1,1,0,1,1,1,1,1
2026-03-28 12:29:38.966,995.565,0,10,8,-58.87,1,1,0,1,1,1,1,1
2026-03-28 12:29:38.998,995.597,0,10,7,-60.11,1,1,0,1,1,1,1,1
2026-03-28 12:29:39.110,995.709,0,10,8,-60.67,1,1,0,1,1,1,1,1
2026-03-28 12:29:39.174,995.773,0,7,8,-60.42,1,1,0,1,1,1,1,1
2026-03-28 12:29:39.286,995.884,0,7,7,-61.76,1,1,0,1,1,1,1,1
2026-03-28 12:29:39.302,995.900,0,10,8,-59.91,1,1,0,1,1,1,1,1
2026-03-28 12:29:39.398,995.996,0,10,8,-60.65,1,1,0,1,1,1,1,1
2026-03-28 12:29:39.446,996.045,0,10,8,-59.1,1,1,0,1,1,1,1,1
2026-03-28 12:29:39.573,996.172,0,10,8,-60.21,1,1,0,1,1,1,1,1
2026-03-28 12:29:39.639,996.237,-2,10,8,-59.1,1,1,0,1,1,1,1,1
2026-03-28 12:29:39.733,996.332,0,10,8,-61.13,1,1,0,1,1,1,1,1
2026-03-28 12:29:39.766,996.365,0,7,8,-59.18,1,1,0,1,1,1,1,1
2026-03-28 12:29:39.846,996.445,0,8,8,-59.29,1,1,0,1,1,1,1,1
2026-03-28 12:29:39.925,996.524,0,10,7,-59.52,1,1,0,1,1,1,1,1
2026-03-28 12:29:40.022,996.620,0,7,7,-59.91,1,1,0,1,1,1,1,1
2026-03-28 12:29:40.118,996.716,0,10,8,-60.02,1,1,0,1,1,1,1,1
2026-03-28 12:29:40.182,996.781,0,10,8,-60.53,1,1,0,1,1,1,1,1
2026-03-28 12:29:40.310,996.909,0,10,8,-59.79,1,1,0,1,1,1,1,1
2026-03-28 12:29:40.374,996.972,0,7,8,-59.51,1,1,0,1,1,1,1,1
2026-03-28 12:29:40.470,997.068,0,10,8,-59.68,1,1,0,1,1,1,1,1
2026-03-28 12:29:40.581,997.180,0,10,8,-58.94,1,1,0,1,1,1,1,1
2026-03-28 12:29:40.598,997.197,-2,10,8,-58.9,1,1,0,1,1,1,1,1
2026-03-28 12:29:40.694,997.292,0,7,8,-59.05,1,1,0,1,1,1,1,1
2026-03-28 12:29:40.838,997.437,0,10,8,-59.91,1,1,0,1,1,1,1,1
2026-03-28 12:29:40.966,997.565,0,10,10,-58.42,1,1,0,1,1,1,1,1
2026-03-28 12:29:41.029,997.628,0,10,8,-58.16,1,1,0,1,1,1,1,1
2026-03-28 12:29:41.094,997.692,0,10,8,-60.49,1,1,0,1,1,1,1,1
2026-03-28 12:29:41.174,997.773,0,7,8,-59.94,1,1,0,1,1,1,1,1
2026-03-28 12:29:41.222,997.820,0,10,8,-59.8,1,1,0,1,1,1,1,1
2026-03-28 12:29:41.302,997.901,0,7,8,-60.02,1,1,0,1,1,1,1,1
2026-03-28 12:29:41.381,997.980,0,7,8,-61.04,1,1,0,1,1,1,1,1
2026-03-28 12:29:41.445,998.044,0,10,8,-58.64,1,1,0,1,1,1,1,1
2026-03-28 12:29:41.510,998.108,0,7,8,-59.97,1,1,0,1,1,1,1,1
2026-03-28 12:29:41.590,998.189,0,7,7,-59.41,1,1,0,1,1,1,1,1
2026-03-28 12:29:41.750,998.349,0,7,8,-59.96,1,1,0,1,1,1,1,1
2026-03-28 12:29:41.766,998.364,-2,10,8,-61.46,1,1,0,1,1,1,1,1
2026-03-28 12:29:41.830,998.428,-2,10,8,-58.81,1,1,0,1,1,1,1,1
2026-03-28 12:29:41.894,998.492,0,10,8,-58.26,1,1,0,1,1,1,1,1
2026-03-28 12:29:42.022,998.621,0,8,8,-58.33,1,1,0,1,1,1,1,1
2026-03-28 12:29:42.133,998.732,0,10,7,-59.32,1,1,0,1,1,1,1,1
2026-03-28 12:29:42.214,998.812,0,10,8,-59.59,1,1,0,1,1,1,1,1
2026-03-28 12:29:42.245,998.844,0,10,8,-60.07,1,1,0,1,1,1,1,1
2026-03-28 12:29:42.309,998.908,0,7,8,-60.34,1,1,0,1,1,1,1,1
2026-03-28 12:29:42.454,999.053,0,10,7,-59.36,1,1,0,1,1,1,1,1
2026-03-28 12:29:42.582,999.180,0,7,8,-59.49,1,1,0,1,1,1,1,1
2026-03-28 12:29:42.693,999.292,0,10,7,-57.97,1,1,0,1,1,1,1,1
2026-03-28 12:29:42.805,999.404,0,7,8,-59.17,1,1,0,1,1,1,1,1
2026-03-28 12:29:42.854,999.453,0,10,8,-58.92,1,1,0,1,1,1,1,1
2026-03-28 12:29:42.934,999.532,-2,10,8,-59.3,1,1,0,1,1,1,1,1
2026-03-28 12:29:43.013,999.612,0,10,8,-57.85,1,1,0,1,1,1,1,1
2026-03-28 12:29:43.094,999.692,-2,10,8,-59.16,1,1,0,1,1,1,1,1
2026-03-28 12:29:43.158,999.756,0,10,8,-59.93,1,1,0,1,1,1,1,1
2026-03-28 12:29:43.254,999.853,0,10,8,-58.81,1,1,0,1,1,1,1,1
2026-03-28 12:29:43.318,999.917,0,10,8,-59.85,1,1,0,1,1,1,1,1
2026-03-28 12:29:43.397,999.996,-1,10,8,-59.39,1,1,0,1,1,1,1,1
2026-03-28 12:29:43.462,1000.060,0,7,8,-59.52,1,1,0,1,1,1,1,1
2026-03-28 12:29:43.542,1000.140,0,10,7,-60.21,1,1,0,1,1,1,1,1
2026-03-28 12:29:43.702,1000.300,0,10,8,-60.05,1,1,0,1,1,1,1,1
2026-03-28 12:29:43.798,1000.397,-2,10,8,-59.66,1,1,0,1,1,1,1,1
2026-03-28 12:29:43.894,1000.492,-2,10,8,-59.71,1,1,0,1,1,1,1,1
2026-03-28 12:29:43.973,1000.572,0,10,8,-58.1,1,1,0,1,1,1,1,1
2026-03-28 12:29:44.022,1000.621,-2,10,7,-59.07,1,1,0,1,1,1,1,1
2026-03-28 12:29:44.166,1000.764,0,10,8,-60.48,1,1,0,1,1,1,1,1
2026-03-28 12:29:44.197,1000.796,0,10,8,-59.4,1,1,0,1,1,1,1,1
2026-03-28 12:29:44.310,1000.908,0,10,8,-61.17,1,1,0,1,1,1,1,1
2026-03-28 12:29:44.389,1000.988,0,10,8,-59.88,1,1,0,1,1,1,1,1
2026-03-28 12:29:44.486,1001.084,0,7,8,-60.8,1,1,0,1,1,1,1,1
2026-03-28 12:29:44.534,1001.132,0,7,8,-58.82,1,1,0,1,1,1,1,1
2026-03-28 12:29:44.614,1001.212,0,10,8,-58.39,1,1,0,1,1,1,1,1
2026-03-28 12:29:44.726,1001.324,0,7,8,-59.25,1,1,0,1,1,1,1,1
2026-03-28 12:29:44.789,1001.388,0,7,7,-59.34,1,1,0,1,1,1,1,1
2026-03-28 12:29:44.838,1001.436,-2,10,8,-59.52,1,1,0,1,1,1,1,1
2026-03-28 12:29:44.902,1001.500,0,10,8,-59.76,1,1,0,1,1,1,1,1
2026-03-28 12:29:45.030,1001.628,0,10,8,-60.06,1,1,0,1,1,1,1,1
2026-03-28 12:29:45.141,1001.740,0,10,8,-58.91,1,1,0,1,1,1,1,1
2026-03-28 12:29:45.222,1001.821,0,10,8,-59.24,1,1,0,1,1,1,1,1
2026-03-28 12:29:45.301,1001.899,0,10,8,-60.8,1,1,0,1,1,1,1,1
2026-03-28 12:29:45.382,1001.980,-2,9,8,-59.5,1,1,0,1,1,1,1,1
2026-03-28 12:29:45.477,1002.075,0,8,8,-58.66,1,1,0,1,1,1,1,1
2026-03-28 12:29:45.589,1002.188,0,7,8,-58.21,1,1,0,1,1,1,1,1
2026-03-28 12:29:45.638,1002.237,0,7,7,-59.83,1,1,0,1,1,1,1,1
2026-03-28 12:29:45.685,1002.284,0,7,8,-58.89,1,1,0,1,1,1,1,1
2026-03-28 12:29:45.829,1002.428,0,11,8,-61.18,1,1,0,1,1,1,1,1
2026-03-28 12:29:45.861,1002.460,0,11,8,-59.38,1,1,0,1,1,1,1,1
2026-03-28 12:29:45.957,1002.556,0,10,8,-59.09,1,1,0,1,1,1,1,1
2026-03-28 12:29:46.053,1002.652,0,10,8,-58.39,1,1,0,1,1,1,1,1
2026-03-28 12:29:46.165,1002.764,0,7,8,-59.95,1,1,0,1,1,1,1,1
2026-03-28 12:29:46.230,1002.828,0,7,8,-60.35,1,1,0,1,1,1,1,1
2026-03-28 12:29:46.341,1002.939,0,10,8,-58.56,1,1,0,1,1,1,1,1
2026-03-28 12:29:46.342,1002.941,0,8,8,-60.66,1,1,0,1,1,1,1,1
2026-03-28 12:29:46.502,1003.100,0,7,8,-60.15,1,1,0,1,1,1,1,1
2026-03-28 12:29:46.550,1003.148,-1,8,8,-60.67,1,1,0,1,1,1,1,1
2026-03-28 12:29:46.597,1003.196,0,7,8,-58.76,1,1,0,1,1,1,1,1
2026-03-28 12:29:46.741,1003.340,0,10,8,-59.93,1,1,0,1,1,1,1,1
2026-03-28 12:29:46.789,1003.388,1,11,9,-58.16,1,1,0,1,1,1,1,1
2026-03-28 12:29:46.854,1003.452,0,10,8,-59.22,1,1,0,1,1,1,1,1
2026-03-28 12:29:46.949,1003.548,0,7,8,-60.36,1,1,0,1,1,1,1,1
2026-03-28 12:29:47.062,1003.660,0,7,7,-58.56,1,1,0,1,1,1,1,1
2026-03-28 12:29:47.094,1003.692,0,7,8,-58.26,1,1,0,1,1,1,1,1
2026-03-28 12:29:47.173,1003.772,0,11,8,-59.27,1,1,0,1,1,1,1,1
2026-03-28 12:29:47.286,1003.884,0,10,8,-59.58,1,1,0,1,1,1,1,1
2026-03-28 12:29:47.382,1003.980,0,10,8,-59.47,1,1,0,1,1,1,1,1
2026-03-28 12:29:47.477,1004.075,0,7,8,-59.02,1,1,0,1,1,1,1,1
2026-03-28 12:29:47.509,1004.108,0,10,8,-60.13,1,1,0,1,1,1,1,1
2026-03-28 12:29:47.622,1004.220,0,7,8,-58.88,1,1,0,1,1,1,1,1
2026-03-28 12:29:47.670,1004.268,0,7,8,-58.57,1,1,0,1,1,1,1,1
2026-03-28 12:29:47.733,1004.332,0,7,8,-60.02,1,1,0,1,1,1,1,1
2026-03-28 12:29:47.830,1004.428,0,7,8,-60.3,1,1,0,1,1,1,1,1
2026-03-28 12:29:47.910,1004.508,-2,10,8,-59.74,1,1,0,1,1,1,1,1
2026-03-28 12:29:48.005,1004.604,0,7,8,-58.74,1,1,0,1,1,1,1,1
2026-03-28 12:29:48.053,1004.652,0,7,8,-58.12,1,1,0,1,1,1,1,1
2026-03-28 12:29:48.198,1004.796,0,10,8,-60.32,1,1,0,1,1,1,1,1
2026-03-28 12:29:48.262,1004.860,-2,10,8,-59.25,1,1,0,1,1,1,1,1
2026-03-28 12:29:48.325,1004.924,0,7,8,-60.12,1,1,0,1,1,1,1,1
2026-03-28 12:29:48.373,1004.972,0,10,8,-60.75,1,1,0,1,1,1,1,1
2026-03-28 12:29:48.438,1005.036,0,7,8,-58.04,1,1,0,1,1,1,1,1
2026-03-28 12:29:48.534,1005.132,0,10,8,-60.63,1,1,0,1,1,1,1,1
2026-03-28 12:29:48.630,1005.228,0,7,8,-58.79,1,1,0,1,1,1,1,1
2026-03-28 12:29:48.677,1005.275,1,7,8,-59.1,1,1,0,1,1,1,1,1
2026-03-28 12:29:48.742,1005.340,0,7,8,-58.11,1,1,0,1,1,1,1,1
2026-03-28 12:29:48.805,1005.404,-1,10,8,-61.11,1,1,0,1,1,1,1,1
2026-03-28 12:29:48.917,1005.516,0,10,8,-60.73,1,1,0,1,1,1,1,1
2026-03-28 12:29:48.981,1005.579,0,7,8,-58.56,1,1,0,1,1,1,1,1
2026-03-28 12:29:49.029,1005.627,0,7,8,-60.45,1,1,0,1,1,1,1,1
2026-03-28 12:29:49.109,1005.708,0,7,8,-60.41,1,1,0,1,1,1,1,1
2026-03-28 12:29:49.157,1005.756,0,7,8,-60.6,1,1,0,1,1,1,1,1
2026-03-28 12:29:49.238,1005.836,0,7,8,-59.67,1,1,0,1,1,1,1,1
2026-03-28 12:29:49.286,1005.884,0,7,8,-61.8,1,1,0,1,1,1,1,1
2026-03-28 12:29:49.382,1005.980,0,7,8,-58.28,1,1,0,1,1,1,1,1
2026-03-28 12:29:49.445,1006.044,-1,10,8,-60.24,1,1,0,1,1,1,1,1
2026-03-28 12:29:49.541,1006.140,0,10,7,-58.86,1,1,0,1,1,1,1,1
2026-03-28 12:29:49.638,1006.236,0,10,8,-60.84,1,1,0,1,1,1,1,1
2026-03-28 12:29:49.685,1006.284,-2,7,7,-60.11,1,1,0,1,1,1,1,1
2026-03-28 12:29:49.798,1006.396,0,7,8,-59.98,1,1,0,1,1,1,1,1
2026-03-28 12:29:49.861,1006.460,-2,10,8,-58.27,1,1,0,1,1,1,1,1
2026-03-28 12:29:49.941,1006.540,1,7,8,-59.89,1,1,0,1,1,1,1,1
2026-03-28 12:29:50.006,1006.605,0,10,8,-58.76,1,1,0,1,1,1,1,1
2026-03-28 12:29:50.086,1006.684,0,10,7,-59.97,1,1,0,1,1,1,1,1
2026-03-28 12:29:50.165,1006.763,0,7,8,-60.12,1,1,0,1,1,1,1,1
2026-03-28 12:29:50.230,1006.828,0,7,8,-60.16,1,1,0,1,1,1,1,1
2026-03-28 12:29:50.309,1006.907,0,7,8,-58.7,1,1,0,1,1,1,1,1
2026-03-28 12:29:50.406,1007.004,0,7,8,-60.4,1,1,0,1,1,1,1,1
2026-03-28 12:29:50.437,1007.036,-2,7,8,-59.3,1,1,0,1,1,1,1,1
2026-03-28 12:29:50.612,1007.211,0,10,8,-59.51,1,1,0,1,1,1,1,1
2026-03-28 12:29:50.709,1007.307,0,10,8,-58.54,1,1,0,1,1,1,1,1
2026-03-28 12:29:50.821,1007.420,-2,9,8,-58.27,1,1,0,1,1,1,1,1
2026-03-28 12:29:50.853,1007.452,0,7,8,-60.03,1,1,0,1,1,1,1,1
2026-03-28 12:29:50.933,1007.532,0,7,8,-61.48,1,1,0,1,1,1,1,1
2026-03-28 12:29:51.094,1007.692,0,7,8,-59.17,1,1,0,1,1,1,1,1
2026-03-28 12:29:51.110,1007.708,0,10,8,-59.57,1,1,0,1,1,1,1,1
2026-03-28 12:29:51.237,1007.836,0,7,7,-59.21,1,1,0,1,1,1,1,1
2026-03-28 12:29:51.300,1007.899,0,10,8,-61.0,1,1,0,1,1,1,1,1
2026-03-28 12:29:51.349,1007.948,0,7,8,-58.38,1,1,0,1,1,1,1,1
2026-03-28 12:29:51.413,1008.011,1,11,8,-59.95,1,1,0,1,1,1,1,1
2026-03-28 12:29:51.525,1008.124,0,7,8,-59.15,1,1,0,1,1,1,1,1
2026-03-28 12:29:51.590,1008.188,1,10,8,-59.58,1,1,0,1,1,1,1,1
2026-03-28 12:29:51.653,1008.252,0,10,7,-60.89,1,1,0,1,1,1,1,1
2026-03-28 12:29:51.749,1008.348,0,10,8,-59.06,1,1,0,1,1,1,1,1
2026-03-28 12:29:51.829,1008.428,-2,10,8,-59.61,1,1,0,1,1,1,1,1
2026-03-28 12:29:51.926,1008.524,0,7,8,-59.24,1,1,0,1,1,1,1,1
2026-03-28 12:29:51.957,1008.556,0,7,8,-58.99,1,1,0,1,1,1,1,1
2026-03-28 12:29:52.053,1008.651,0,10,8,-60.66,1,1,0,1,1,1,1,1
2026-03-28 12:29:52.133,1008.731,0,10,8,-59.88,1,1,0,1,1,1,1,1
2026-03-28 12:29:52.213,1008.812,0,7,8,-60.9,1,1,0,1,1,1,1,1
2026-03-28 12:29:52.357,1008.955,0,7,8,-58.38,1,1,0,1,1,1,1,1
2026-03-28 12:29:52.390,1008.988,0,10,8,-58.83,1,1,0,1,1,1,1,1
2026-03-28 12:29:52.485,1009.083,0,10,8,-59.49,1,1,0,1,1,1,1,1
2026-03-28 12:29:52.629,1009.228,0,10,8,-60.05,1,1,0,1,1,1,1,1
2026-03-28 12:29:52.661,1009.259,0,7,8,-59.66,1,1,0,1,1,1,1,1
2026-03-28 12:29:52.725,1009.323,0,10,8,-59.22,1,1,0,1,1,1,1,1
2026-03-28 12:29:52.821,1009.419,0,7,8,-58.54,1,1,0,1,1,1,1,1
2026-03-28 12:29:52.885,1009.484,-2,7,8,-57.97,1,1,0,1,1,1,1,1
2026-03-28 12:29:52.981,1009.579,0,7,8,-59.96,1,1,0,1,1,1,1,1
2026-03-28 12:29:53.045,1009.644,0,7,8,-59.19,1,1,0,1,1,1,1,1
2026-03-28 12:29:53.125,1009.724,0,8,8,-58.71,1,1,0,1,1,1,1,1
2026-03-28 12:29:53.221,1009.819,0,10,8,-59.5,1,1,0,1,1,1,1,1
2026-03-28 12:29:53.270,1009.868,0,10,8,-58.81,1,1,0,1,1,1,1,1
2026-03-28 12:29:53.381,1009.979,0,7,8,-61.56,1,1,0,1,1,1,1,1
2026-03-28 12:29:53.429,1010.028,0,7,8,-58.28,1,1,0,1,1,1,1,1
2026-03-28 12:29:53.509,1010.107,0,7,8,-60.38,1,1,0,1,1,1,1,1
2026-03-28 12:29:53.685,1010.284,0,10,8,-59.73,1,1,0,1,1,1,1,1
2026-03-28 12:29:53.717,1010.316,0,10,8,-59.15,1,1,0,1,1,1,1,1
2026-03-28 12:29:53.798,1010.396,0,10,8,-58.87,1,1,0,1,1,1,1,1
2026-03-28 12:29:53.844,1010.443,0,7,8,-59.08,1,1,0,1,1,1,1,1
2026-03-28 12:29:54.021,1010.619,-2,7,8,-59.46,1,1,0,1,1,1,1,1
2026-03-28 12:29:54.084,1010.683,0,10,7,-58.73,1,1,0,1,1,1,1,1
2026-03-28 12:29:54.117,1010.716,0,10,8,-59.0,1,1,0,1,1,1,1,1
2026-03-28 12:29:54.165,1010.763,0,10,7,-59.57,1,1,0,1,1,1,1,1
2026-03-28 12:29:54.277,1010.876,0,10,8,-60.1,1,1,0,1,1,1,1,1
2026-03-28 12:29:54.357,1010.955,0,7,8,-60.62,1,1,0,1,1,1,1,1
2026-03-28 12:29:54.469,1011.068,0,10,8,-59.12,1,1,0,1,1,1,1,1
2026-03-28 12:29:54.549,1011.148,0,10,8,-58.71,1,1,0,1,1,1,1,1
2026-03-28 12:29:54.565,1011.164,0,10,8,-58.98,1,1,0,1,1,1,1,1
2026-03-28 12:29:54.677,1011.275,0,10,8,-59.19,1,1,0,1,1,1,1,1
2026-03-28 12:29:54.725,1011.323,0,7,8,-60.74,1,1,0,1,1,1,1,1
2026-03-28 12:29:54.838,1011.436,0,7,8,-58.75,1,1,0,1,1,1,1,1
2026-03-28 12:29:54.916,1011.515,0,10,8,-58.47,1,1,0,1,1,1,1,1
2026-03-28 12:29:54.981,1011.579,0,10,8,-60.04,1,1,0,1,1,1,1,1
2026-03-28 12:29:55.045,1011.643,0,10,8,-58.86,1,1,0,1,1,1,1,1
2026-03-28 12:29:55.093,1011.691,0,7,8,-59.45,1,1,0,1,1,1,1,1
2026-03-28 12:29:55.173,1011.771,-2,7,7,-60.86,1,1,0,1,1,1,1,1
2026-03-28 12:29:55.253,1011.851,0,10,8,-59.36,1,1,0,1,1,1,1,1
2026-03-28 12:29:55.333,1011.931,0,7,8,-58.62,1,1,0,1,1,1,1,1
2026-03-28 12:29:55.445,1012.043,0,7,8,-58.38,1,1,0,1,1,1,1,1
2026-03-28 12:29:55.572,1012.171,0,7,8,-58.73,1,1,0,1,1,1,1,1
2026-03-28 12:29:55.605,1012.203,0,10,8,-58.03,1,1,0,1,1,1,1,1
2026-03-28 12:29:55.685,1012.284,0,7,8,-59.37,1,1,0,1,1,1,1,1
2026-03-28 12:29:55.796,1012.395,0,7,8,-59.91,1,1,0,1,1,1,1,1
2026-03-28 12:29:55.877,1012.476,0,10,8,-59.41,1,1,0,1,1,1,1,1
2026-03-28 12:29:55.973,1012.571,0,10,8,-59.26,1,1,0,1,1,1,1,1
2026-03-28 12:29:56.037,1012.636,0,7,8,-60.43,1,1,0,1,1,1,1,1
2026-03-28 12:29:56.133,1012.731,0,7,8,-59.5,1,1,0,1,1,1,1,1
2026-03-28 12:29:56.245,1012.843,0,10,8,-58.14,1,1,0,1,1,1,1,1
2026-03-28 12:29:56.292,1012.891,0,9,8,-60.45,1,1,0,1,1,1,1,1
2026-03-28 12:29:56.373,1012.971,-1,7,8,-58.99,1,1,0,1,1,1,1,1
2026-03-28 12:29:56.453,1013.052,0,10,8,-59.74,1,1,0,1,1,1,1,1
2026-03-28 12:29:56.581,1013.179,0,10,8,-58.52,1,1,0,1,1,1,1,1
2026-03-28 12:29:56.661,1013.259,0,10,8,-59.12,1,1,0,1,1,1,1,1
2026-03-28 12:29:56.725,1013.323,0,10,8,-58.55,1,1,0,1,1,1,1,1
2026-03-28 12:29:56.821,1013.419,0,7,8,-59.86,1,1,0,1,1,1,1,1
2026-03-28 12:29:56.917,1013.516,1,10,8,-59.37,1,1,0,1,1,1,1,1
2026-03-28 12:29:56.949,1013.548,0,10,8,-60.21,1,1,0,1,1,1,1,1
2026-03-28 12:29:57.029,1013.628,-2,10,8,-58.68,1,1,0,1,1,1,1,1
2026-03-28 12:29:57.157,1013.755,-1,10,8,-61.04,1,1,0,1,1,1,1,1
2026-03-28 12:29:57.189,1013.787,0,10,7,-59.87,1,1,0,1,1,1,1,1
2026-03-28 12:29:57.285,1013.883,0,10,8,-59.58,1,1,0,1,1,1,1,1
2026-03-28 12:29:57.413,1014.011,0,10,8,-60.29,1,1,0,1,1,1,1,1
2026-03-28 12:29:57.509,1014.107,0,7,7,-58.9,1,1,0,1,1,1,1,1
2026-03-28 12:29:57.605,1014.203,0,7,8,-60.21,1,1,0,1,1,1,1,1
2026-03-28 12:29:57.685,1014.283,0,10,7,-58.71,1,1,0,1,1,1,1,1
2026-03-28 12:29:57.780,1014.379,1,7,8,-58.31,1,1,0,1,1,1,1,1
2026-03-28 12:29:57.813,1014.411,0,7,8,-60.41,1,1,0,1,1,1,1,1
2026-03-28 12:29:57.941,1014.539,0,10,8,-58.7,1,1,0,1,1,1,1,1
2026-03-28 12:29:57.989,1014.587,0,7,8,-58.94,1,1,0,1,1,1,1,1
2026-03-28 12:29:58.084,1014.683,0,10,7,-61.49,1,1,0,1,1,1,1,1
2026-03-28 12:29:58.149,1014.747,0,7,8,-60.51,1,1,0,1,1,1,1,1
2026-03-28 12:29:58.245,1014.843,0,10,8,-58.97,1,1,0,1,1,1,1,1
2026-03-28 12:29:58.341,1014.939,0,10,8,-59.74,1,1,0,1,1,1,1,1
2026-03-28 12:29:58.389,1014.987,0,10,8,-60.84,1,1,0,1,1,1,1,1
2026-03-28 12:29:58.501,1015.100,0,7,7,-60.62,1,1,0,1,1,1,1,1
2026-03-28 12:29:58.533,1015.131,0,10,8,-61.16,1,1,0,1,1,1,1,1
2026-03-28 12:29:58.677,1015.275,0,10,8,-60.16,1,1,0,1,1,1,1,1
2026-03-28 12:29:58.693,1015.291,-2,7,8,-59.73,1,1,0,1,1,1,1,1
2026-03-28 12:29:58.789,1015.387,0,7,8,-58.78,1,1,0,1,1,1,1,1
2026-03-28 12:29:58.853,1015.452,0,8,8,-59.99,1,1,0,1,1,1,1,1
2026-03-28 12:29:58.932,1015.531,0,7,8,-59.6,1,1,0,1,1,1,1,1
2026-03-28 12:29:59.029,1015.628,0,7,7,-61.49,1,1,0,1,1,1,1,1
2026-03-28 12:29:59.077,1015.675,0,7,8,-60.19,1,1,0,1,1,1,1,1
2026-03-28 12:29:59.156,1015.755,0,8,8,-59.72,1,1,0,1,1,1,1,1
2026-03-28 12:29:59.237,1015.835,0,7,8,-59.87,1,1,0,1,1,1,1,1
2026-03-28 12:29:59.284,1015.883,0,7,8,-59.72,1,1,0,1,1,1,1,1
2026-03-28 12:29:59.365,1015.963,0,7,8,-59.22,1,1,0,1,1,1,1,1
2026-03-28 12:29:59.460,1016.058,0,7,8,-63.64,1,1,0,1,1,1,1,1
2026-03-28 12:29:59.525,1016.123,0,7,8,-61.51,1,1,0,1,1,1,1,1
2026-03-28 12:29:59.637,1016.235,-2,7,8,-58.58,1,1,0,1,1,1,1,1
2026-03-28 12:29:59.652,1016.251,0,7,8,-58.35,1,1,0,1,1,1,1,1
2026-03-28 12:29:59.764,1016.363,0,7,8,-59.79,1,1,0,1,1,1,1,1
2026-03-28 12:29:59.812,1016.411,-2,7,8,-61.97,1,1,0,1,1,1,1,1
2026-03-28 12:29:59.893,1016.492,0,8,8,-60.23,1,1,0,1,1,1,1,1
2026-03-28 12:29:59.924,1016.523,0,7,8,-59.58,1,1,0,1,1,1,1,1
2026-03-28 12:30:00.037,1016.636,0,7,8,-61.0,1,1,0,1,1,1,1,1
2026-03-28 12:30:00.053,1016.651,0,10,8,-61.46,1,1,0,1,1,1,1,1
2026-03-28 12:30:00.132,1016.731,0,7,8,-61.57,1,1,0,1,1,1,1,1
2026-03-28 12:30:00.180,1016.779,0,7,8,-61.23,1,1,0,1,1,1,1,1
2026-03-28 12:30:00.293,1016.891,0,10,8,-60.84,1,1,0,1,1,1,1,1
2026-03-28 12:30:00.388,1016.987,0,7,8,-58.62,1,1,0,1,1,1,1,1
2026-03-28 12:30:00.453,1017.051,0,10,8,-58.55,1,1,0,1,1,1,1,1
2026-03-28 12:30:00.612,1017.210,-2,10,8,-60.62,1,1,0,1,1,1,1,1
2026-03-28 12:30:00.676,1017.275,0,7,8,-61.29,1,1,0,1,1,1,1,1
2026-03-28 12:30:00.788,1017.386,0,7,8,-60.0,1,1,0,1,1,1,1,1
2026-03-28 12:30:00.836,1017.435,0,7,8,-59.34,1,1,0,1,1,1,1,1
2026-03-28 12:30:00.901,1017.499,0,10,8,-59.74,1,1,0,1,1,1,1,1
2026-03-28 12:30:01.028,1017.627,0,10,8,-61.28,1,1,0,1,1,1,1,1
2026-03-28 12:30:01.060,1017.659,0,7,7,-59.14,1,1,0,1,1,1,1,1
2026-03-28 12:30:01.173,1017.771,0,10,8,-61.03,1,1,0,1,1,1,1,1
2026-03-28 12:30:01.189,1017.788,0,10,8,-60.11,1,1,0,1,1,1,1,1
2026-03-28 12:30:01.284,1017.883,0,10,8,-59.69,1,1,0,1,1,1,1,1
2026-03-28 12:30:01.396,1017.995,0,7,8,-60.82,1,1,0,1,1,1,1,1
2026-03-28 12:30:01.445,1018.043,0,7,8,-59.86,1,1,0,1,1,1,1,1
2026-03-28 12:30:01.493,1018.091,-2,10,8,-60.57,1,1,0,1,1,1,1,1
2026-03-28 12:30:01.620,1018.219,0,7,8,-61.08,1,1,0,1,1,1,1,1
2026-03-28 12:30:01.685,1018.283,0,7,8,-58.93,1,1,0,1,1,1,1,1
2026-03-28 12:30:01.749,1018.348,0,7,8,-58.66,1,1,0,1,1,1,1,1
2026-03-28 12:30:01.797,1018.395,0,10,8,-59.76,1,1,0,1,1,1,1,1
2026-03-28 12:30:01.892,1018.491,-2,7,8,-61.38,1,1,0,1,1,1,1,1
2026-03-28 12:30:01.973,1018.571,0,10,8,-60.28,1,1,0,1,1,1,1,1
2026-03-28 12:30:02.053,1018.651,0,10,8,-60.98,1,1,0,1,1,1,1,1
2026-03-28 12:30:02.133,1018.731,0,10,8,-59.19,1,1,0,1,1,1,1,1
2026-03-28 12:30:02.229,1018.828,0,10,8,-60.73,1,1,0,1,1,1,1,1
2026-03-28 12:30:02.277,1018.875,0,7,8,-59.07,1,1,0,1,1,1,1,1
2026-03-28 12:30:02.373,1018.971,0,10,8,-60.06,1,1,0,1,1,1,1,1
2026-03-28 12:30:02.437,1019.035,0,7,8,-59.85,1,1,0,1,1,1,1,1
2026-03-28 12:30:02.485,1019.083,0,7,8,-60.17,1,1,0,1,1,1,1,1
2026-03-28 12:30:02.581,1019.179,0,10,7,-60.27,1,1,0,1,1,1,1,1
2026-03-28 12:30:02.645,1019.243,0,10,8,-58.64,1,1,0,1,1,1,1,1
2026-03-28 12:30:02.757,1019.356,0,7,8,-59.75,1,1,0,1,1,1,1,1
2026-03-28 12:30:02.852,1019.451,0,7,8,-59.87,1,1,0,1,1,1,1,1
2026-03-28 12:30:02.917,1019.515,0,10,7,-59.86,1,1,0,1,1,1,1,1
2026-03-28 12:30:02.980,1019.579,-2,10,7,-62.28,1,1,0,1,1,1,1,1
2026-03-28 12:30:03.092,1019.690,0,7,7,-60.09,1,1,0,1,1,1,1,1
2026-03-28 12:30:03.189,1019.788,0,7,8,-61.45,1,1,0,1,1,1,1,1
2026-03-28 12:30:03.237,1019.835,0,7,8,-59.05,1,1,0,1,1,1,1,1
2026-03-28 12:30:03.301,1019.899,0,10,8,-60.1,1,1,0,1,1,1,1,1
2026-03-28 12:30:03.332,1019.931,0,7,7,-59.25,1,1,0,1,1,1,1,1
2026-03-28 12:30:03.461,1020.059,0,10,7,-60.54,1,1,0,1,1,1,1,1
2026-03-28 12:30:03.556,1020.155,0,7,8,-59.35,1,1,0,1,1,1,1,1
2026-03-28 12:30:03.621,1020.219,0,10,7,-59.84,1,1,0,1,1,1,1,1
2026-03-28 12:30:03.684,1020.283,0,7,8,-60.21,1,1,0,1,1,1,1,1
2026-03-28 12:30:03.764,1020.363,-2,7,8,-61.5,1,1,0,1,1,1,1,1
2026-03-28 12:30:03.813,1020.411,0,9,7,-61.06,1,1,0,1,1,1,1,1
2026-03-28 12:30:03.909,1020.507,0,10,8,-60.86,1,1,0,1,1,1,1,1
2026-03-28 12:30:03.989,1020.588,0,10,8,-60.74,1,1,0,1,1,1,1,1
2026-03-28 12:30:04.069,1020.667,0,7,8,-61.35,1,1,0,1,1,1,1,1
2026-03-28 12:30:04.164,1020.762,0,7,8,-59.13,1,1,0,1,1,1,1,1
2026-03-28 12:30:04.212,1020.811,-1,7,8,-58.98,1,1,0,1,1,1,1,1
2026-03-28 12:30:04.277,1020.875,0,10,8,-59.94,1,1,0,1,1,1,1,1
2026-03-28 12:30:04.389,1020.987,0,10,8,-60.35,1,1,0,1,1,1,1,1
2026-03-28 12:30:04.485,1021.083,0,10,8,-60.23,1,1,0,1,1,1,1,1
2026-03-28 12:30:04.532,1021.131,0,7,8,-60.71,1,1,0,1,1,1,1,1
2026-03-28 12:30:04.612,1021.210,0,7,8,-59.03,1,1,0,1,1,1,1,1
2026-03-28 12:30:04.789,1021.387,-2,7,7,-60.24,1,1,0,1,1,1,1,1
2026-03-28 12:30:04.820,1021.419,0,7,8,-60.99,1,1,0,1,1,1,1,1
2026-03-28 12:30:04.900,1021.499,0,7,8,-59.6,1,1,0,1,1,1,1,1
2026-03-28 12:30:04.964,1021.562,0,7,8,-60.81,1,1,0,1,1,1,1,1
2026-03-28 12:30:05.060,1021.659,0,10,8,-60.12,1,1,0,1,1,1,1,1
2026-03-28 12:30:05.124,1021.723,1,10,8,-61.06,1,1,0,1,1,1,1,1
2026-03-28 12:30:05.252,1021.850,0,7,8,-59.35,1,1,0,1,1,1,1,1
2026-03-28 12:30:05.332,1021.931,0,7,8,-61.02,1,1,0,1,1,1,1,1
2026-03-28 12:30:05.364,1021.962,-1,7,8,-60.02,1,1,0,1,1,1,1,1
2026-03-28 12:30:05.445,1022.043,0,10,8,-60.89,1,1,0,1,1,1,1,1
2026-03-28 12:30:05.589,1022.188,0,10,7,-62.08,1,1,0,1,1,1,1,1
2026-03-28 12:30:05.652,1022.251,0,7,8,-59.58,1,1,0,1,1,1,1,1
2026-03-28 12:30:05.716,1022.315,-1,7,8,-59.0,1,1,0,1,1,1,1,1
2026-03-28 12:30:05.749,1022.347,0,10,8,-58.45,1,1,0,1,1,1,1,1
2026-03-28 12:30:05.844,1022.443,-2,10,7,-60.14,1,1,0,1,1,1,1,1
2026-03-28 12:30:05.924,1022.523,0,7,8,-59.12,1,1,0,1,1,1,1,1
2026-03-28 12:30:06.004,1022.603,0,7,8,-61.02,1,1,0,1,1,1,1,1
2026-03-28 12:30:06.085,1022.683,0,7,8,-60.72,1,1,0,1,1,1,1,1
2026-03-28 12:30:06.148,1022.746,0,7,8,-61.27,1,1,0,1,1,1,1,1
2026-03-28 12:30:06.228,1022.827,0,7,8,-59.65,1,1,0,1,1,1,1,1
2026-03-28 12:30:06.276,1022.874,-1,8,8,-59.44,1,1,0,1,1,1,1,1
2026-03-28 12:30:06.372,1022.971,-1,8,8,-60.94,1,1,0,1,1,1,1,1
2026-03-28 12:30:06.420,1023.019,1,11,8,-60.02,1,1,0,1,1,1,1,1
2026-03-28 12:30:06.516,1023.115,-1,7,8,-59.08,1,1,0,1,1,1,1,1
2026-03-28 12:30:06.565,1023.163,0,10,8,-58.86,1,1,0,1,1,1,1,1
2026-03-28 12:30:06.692,1023.291,0,7,8,-60.67,1,1,0,1,1,1,1,1
2026-03-28 12:30:06.756,1023.355,0,8,8,-58.7,1,1,0,1,1,1,1,1
2026-03-28 12:30:06.804,1023.403,1,8,9,-59.96,1,1,0,1,1,1,1,1
2026-03-28 12:30:06.885,1023.483,0,7,7,-59.94,1,1,0,1,1,1,1,1
2026-03-28 12:30:07.044,1023.643,1,7,8,-60.12,1,1,0,1,1,1,1,1
2026-03-28 12:30:07.076,1023.675,0,10,8,-60.19,1,1,0,1,1,1,1,1
2026-03-28 12:30:07.140,1023.739,-1,8,8,-59.19,1,1,0,1,1,1,1,1
2026-03-28 12:30:07.237,1023.835,-2,7,7,-59.18,1,1,0,1,1,1,1,1
2026-03-28 12:30:07.365,1023.963,0,7,8,-59.42,1,1,0,1,1,1,1,1
2026-03-28 12:30:07.445,1024.043,-1,7,7,-60.04,1,1,0,1,1,1,1,1
2026-03-28 12:30:07.476,1024.075,0,8,8,-59.35,1,1,0,1,1,1,1,1
2026-03-28 12:30:07.604,1024.202,0,7,8,-60.11,1,1,0,1,1,1,1,1
2026-03-28 12:30:07.652,1024.251,0,10,8,-58.3,1,1,0,1,1,1,1,1
2026-03-28 12:30:07.749,1024.347,-1,10,7,-60.36,1,1,0,1,1,1,1,1
2026-03-28 12:30:07.828,1024.427,0,7,8,-59.37,1,1,0,1,1,1,1,1
2026-03-28 12:30:07.908,1024.506,0,7,8,-58.28,1,1,0,1,1,1,1,1
2026-03-28 12:30:08.004,1024.603,0,7,8,-61.74,1,1,0,1,1,1,1,1
2026-03-28 12:30:08.052,1024.651,0,7,8,-60.62,1,1,0,1,1,1,1,1
2026-03-28 12:30:08.117,1024.715,0,7,8,-59.04,1,1,0,1,1,1,1,1
2026-03-28 12:30:08.181,1024.779,-1,7,8,-59.49,1,1,0,1,1,1,1,1
2026-03-28 12:30:08.292,1024.891,-2,7,8,-59.48,1,1,0,1,1,1,1,1
2026-03-28 12:30:08.372,1024.970,0,7,7,-60.65,1,1,0,1,1,1,1,1
2026-03-28 12:30:08.469,1025.067,0,9,8,-59.95,1,1,0,1,1,1,1,1
2026-03-28 12:30:08.500,1025.098,-2,10,8,-59.98,1,1,0,1,1,1,1,1
2026-03-28 12:30:08.564,1025.163,1,8,8,-58.94,1,1,0,1,1,1,1,1
2026-03-28 12:30:08.676,1025.274,0,10,7,-60.88,1,1,0,1,1,1,1,1
2026-03-28 12:30:08.724,1025.322,0,7,8,-59.64,1,1,0,1,1,1,1,1
2026-03-28 12:30:08.821,1025.419,-1,7,7,-59.34,1,1,0,1,1,1,1,1
2026-03-28 12:30:08.997,1025.595,0,7,8,-58.8,1,1,0,1,1,1,1,1
2026-03-28 12:30:09.061,1025.659,0,7,8,-60.23,1,1,0,1,1,1,1,1
2026-03-28 12:30:09.141,1025.739,0,7,8,-58.29,1,1,0,1,1,1,1,1
2026-03-28 12:30:09.268,1025.867,1,8,8,-60.24,1,1,0,1,1,1,1,1
2026-03-28 12:30:09.301,1025.899,0,7,8,-59.73,1,1,0,1,1,1,1,1
2026-03-28 12:30:09.365,1025.963,0,7,8,-62.4,1,1,0,1,1,1,1,1
2026-03-28 12:30:09.460,1026.059,-1,10,8,-61.7,1,1,0,1,1,1,1,1
2026-03-28 12:30:09.653,1026.251,0,7,7,-58.54,1,1,0,1,1,1,1,1
2026-03-28 12:30:09.765,1026.363,-2,7,8,-59.26,1,1,0,1,1,1,1,1
2026-03-28 12:30:09.828,1026.426,0,10,8,-59.08,1,1,0,1,1,1,1,1
2026-03-28 12:30:09.924,1026.523,0,7,7,-58.65,1,1,0,1,1,1,1,1
2026-03-28 12:30:10.020,1026.619,-1,10,8,-61.17,1,1,0,1,1,1,1,1
2026-03-28 12:30:10.084,1026.683,0,7,8,-57.58,1,1,0,1,1,1,1,1
2026-03-28 12:30:10.149,1026.747,0,10,7,-59.55,1,1,0,1,1,1,1,1
2026-03-28 12:30:10.244,1026.842,0,8,8,-59.63,1,1,0,1,1,1,1,1
2026-03-28 12:30:10.324,1026.922,0,10,8,-59.18,1,1,0,1,1,1,1,1
2026-03-28 12:30:10.437,1027.035,-1,10,8,-60.57,1,1,0,1,1,1,1,1
2026-03-28 12:30:10.469,1027.067,0,10,7,-60.53,1,1,0,1,1,1,1,1
2026-03-28 12:30:10.612,1027.210,0,7,8,-60.08,1,1,0,1,1,1,1,1
2026-03-28 12:30:10.660,1027.258,0,10,8,-60.82,1,1,0,1,1,1,1,1
2026-03-28 12:30:10.741,1027.339,0,10,8,-58.79,1,1,0,1,1,1,1,1
2026-03-28 12:30:10.805,1027.403,0,7,8,-59.94,1,1,0,1,1,1,1,1
2026-03-28 12:30:10.901,1027.499,0,7,7,-58.82,1,1,0,1,1,1,1,1
2026-03-28 12:30:10.964,1027.562,0,7,7,-59.9,1,1,0,1,1,1,1,1
2026-03-28 12:30:11.060,1027.659,-1,10,8,-60.85,1,1,0,1,1,1,1,1
2026-03-28 12:30:11.092,1027.691,-2,7,8,-59.54,1,1,0,1,1,1,1,1
2026-03-28 12:30:11.157,1027.755,0,10,8,-59.9,1,1,0,1,1,1,1,1
2026-03-28 12:30:11.284,1027.882,0,7,8,-58.98,1,1,0,1,1,1,1,1
2026-03-28 12:30:11.316,1027.914,0,7,8,-59.06,1,1,0,1,1,1,1,1
2026-03-28 12:30:11.428,1028.026,-1,7,8,-58.01,1,1,0,1,1,1,1,1
2026-03-28 12:30:11.492,1028.090,0,7,8,-58.36,1,1,0,1,1,1,1,1
2026-03-28 12:30:11.589,1028.187,0,10,8,-60.59,1,1,0,1,1,1,1,1
2026-03-28 12:30:11.700,1028.299,0,10,7,-58.99,1,1,0,1,1,1,1,1
2026-03-28 12:30:11.732,1028.331,0,7,8,-59.05,1,1,0,1,1,1,1,1
2026-03-28 12:30:11.812,1028.410,0,7,8,-58.69,1,1,0,1,1,1,1,1
2026-03-28 12:30:11.892,1028.490,0,7,8,-59.52,1,1,0,1,1,1,1,1
2026-03-28 12:30:11.973,1028.571,-1,7,8,-60.15,1,1,0,1,1,1,1,1
2026-03-28 12:30:12.036,1028.635,0,10,8,-60.02,1,1,0,1,1,1,1,1
2026-03-28 12:30:12.132,1028.730,0,10,8,-59.52,1,1,0,1,1,1,1,1
2026-03-28 12:30:12.164,1028.763,0,10,8,-59.16,1,1,0,1,1,1,1,1
2026-03-28 12:30:12.260,1028.858,-1,7,8,-61.04,1,1,0,1,1,1,1,1
2026-03-28 12:30:12.341,1028.939,0,7,8,-57.86,1,1,0,1,1,1,1,1
2026-03-28 12:30:12.436,1029.035,1,10,8,-59.56,1,1,0,1,1,1,1,1
2026-03-28 12:30:12.564,1029.162,0,7,8,-59.74,1,1,0,1,1,1,1,1
2026-03-28 12:30:12.691,1029.290,0,10,8,-59.09,1,1,0,1,1,1,1,1
2026-03-28 12:30:12.741,1029.339,0,10,8,-58.1,1,1,0,1,1,1,1,1
2026-03-28 12:30:12.772,1029.370,-2,7,8,-59.44,1,1,0,1,1,1,1,1
2026-03-28 12:30:12.900,1029.499,0,7,7,-59.57,1,1,0,1,1,1,1,1
2026-03-28 12:30:12.964,1029.562,0,7,8,-58.83,1,1,0,1,1,1,1,1
2026-03-28 12:30:13.028,1029.626,0,7,8,-59.76,1,1,0,1,1,1,1,1
2026-03-28 12:30:13.123,1029.722,0,7,7,-60.48,1,1,0,1,1,1,1,1
2026-03-28 12:30:13.204,1029.802,0,10,8,-60.41,1,1,0,1,1,1,1,1
2026-03-28 12:30:13.252,1029.851,0,10,7,-57.73,1,1,0,1,1,1,1,1
2026-03-28 12:30:13.348,1029.946,-1,7,8,-59.18,1,1,0,1,1,1,1,1
2026-03-28 12:30:13.396,1029.994,0,10,8,-57.76,1,1,0,1,1,1,1,1
2026-03-28 12:30:13.524,1030.122,0,7,8,-58.17,1,1,0,1,1,1,1,1
2026-03-28 12:30:13.588,1030.186,0,7,8,-60.73,1,1,0,1,1,1,1,1
2026-03-28 12:30:13.684,1030.282,-2,7,8,-58.39,1,1,0,1,1,1,1,1
2026-03-28 12:30:13.748,1030.346,0,7,8,-58.95,1,1,0,1,1,1,1,1
2026-03-28 12:30:13.828,1030.427,0,7,8,-59.83,1,1,0,1,1,1,1,1
2026-03-28 12:30:13.892,1030.490,0,8,8,-60.56,1,1,0,1,1,1,1,1
2026-03-28 12:30:13.988,1030.587,0,7,8,-61.46,1,1,0,1,1,1,1,1
2026-03-28 12:30:14.100,1030.699,1,11,8,-59.8,1,1,0,1,1,1,1,1
2026-03-28 12:30:14.116,1030.715,-1,8,8,-60.43,1,1,0,1,1,1,1,1
2026-03-28 12:30:14.260,1030.858,0,7,8,-59.35,1,1,0,1,1,1,1,1
2026-03-28 12:30:14.325,1030.923,0,7,8,-58.92,1,1,0,1,1,1,1,1
2026-03-28 12:30:14.388,1030.987,0,7,8,-59.37,1,1,0,1,1,1,1,1
2026-03-28 12:30:14.436,1031.035,-1,7,8,-59.95,1,1,0,1,1,1,1,1
2026-03-28 12:30:14.516,1031.114,-1,8,8,-60.08,1,1,0,1,1,1,1,1
2026-03-28 12:30:14.596,1031.195,1,10,8,-61.05,1,1,0,1,1,1,1,1
2026-03-28 12:30:14.708,1031.307,0,7,8,-59.06,1,1,0,1,1,1,1,1
2026-03-28 12:30:14.788,1031.386,0,7,8,-59.25,1,1,0,1,1,1,1,1
2026-03-28 12:30:14.867,1031.466,0,10,7,-59.71,1,1,0,1,1,1,1,1
2026-03-28 12:30:14.932,1031.531,0,7,8,-60.48,1,1,0,1,1,1,1,1
2026-03-28 12:30:15.012,1031.610,-2,7,8,-59.5,1,1,0,1,1,1,1,1
2026-03-28 12:30:15.108,1031.707,0,10,8,-60.42,1,1,0,1,1,1,1,1
2026-03-28 12:30:15.204,1031.803,0,10,8,-60.32,1,1,0,1,1,1,1,1
2026-03-28 12:30:15.300,1031.899,-1,7,8,-58.49,1,1,0,1,1,1,1,1
2026-03-28 12:30:15.412,1032.011,0,10,8,-58.48,1,1,0,1,1,1,1,1
2026-03-28 12:30:15.428,1032.026,0,7,8,-59.41,1,1,0,1,1,1,1,1
2026-03-28 12:30:15.540,1032.138,0,7,8,-58.59,1,1,0,1,1,1,1,1
2026-03-28 12:30:15.620,1032.218,0,7,8,-59.3,1,1,0,1,1,1,1,1
2026-03-28 12:30:15.668,1032.266,0,10,8,-60.31,1,1,0,1,1,1,1,1
2026-03-28 12:30:15.748,1032.347,1,10,8,-59.35,1,1,0,1,1,1,1,1
2026-03-28 12:30:15.812,1032.410,-1,7,8,-60.1,1,1,0,1,1,1,1,1
2026-03-28 12:30:15.859,1032.458,-2,7,8,-61.14,1,1,0,1,1,1,1,1
2026-03-28 12:30:15.924,1032.522,0,7,8,-59.19,1,1,0,1,1,1,1,1
2026-03-28 12:30:15.988,1032.586,0,7,8,-62.31,1,1,0,1,1,1,1,1
2026-03-28 12:30:16.084,1032.683,0,10,8,-60.62,1,1,0,1,1,1,1,1
2026-03-28 12:30:16.132,1032.731,0,10,8,-58.49,1,1,0,1,1,1,1,1
2026-03-28 12:30:16.228,1032.826,0,7,8,-59.69,1,1,0,1,1,1,1,1
2026-03-28 12:30:16.341,1032.939,-1,7,8,-59.54,1,1,0,1,1,1,1,1
2026-03-28 12:30:16.372,1032.971,0,7,8,-60.63,1,1,0,1,1,1,1,1
2026-03-28 12:30:16.436,1033.035,0,7,8,-60.41,1,1,0,1,1,1,1,1
2026-03-28 12:30:16.516,1033.115,1,11,8,-59.67,1,1,0,1,1,1,1,1
2026-03-28 12:30:16.580,1033.178,1,11,8,-60.15,1,1,0,1,1,1,1,1
2026-03-28 12:30:16.628,1033.227,1,8,9,-59.8,1,1,0,1,1,1,1,1
2026-03-28 12:30:16.708,1033.307,0,10,8,-59.61,1,1,0,1,1,1,1,1
2026-03-28 12:30:16.836,1033.435,-1,10,8,-60.12,1,1,0,1,1,1,1,1
2026-03-28 12:30:16.932,1033.531,0,7,8,-59.37,1,1,0,1,1,1,1,1
2026-03-28 12:30:16.980,1033.579,-1,10,8,-60.48,1,1,0,1,1,1,1,1
2026-03-28 12:30:17.060,1033.658,0,7,8,-59.22,1,1,0,1,1,1,1,1
2026-03-28 12:30:17.108,1033.707,0,10,8,-60.0,1,1,0,1,1,1,1,1
2026-03-28 12:30:17.235,1033.834,-1,10,8,-58.32,1,1,0,1,1,1,1,1
2026-03-28 12:30:17.316,1033.914,0,10,8,-60.74,1,1,0,1,1,1,1,1
2026-03-28 12:30:17.364,1033.962,0,7,7,-59.38,1,1,0,1,1,1,1,1
2026-03-28 12:30:17.460,1034.058,0,7,8,-59.44,1,1,0,1,1,1,1,1
2026-03-28 12:30:17.525,1034.123,0,7,8,-58.52,1,1,0,1,1,1,1,1
2026-03-28 12:30:17.636,1034.234,0,7,8,-60.3,1,1,0,1,1,1,1,1
2026-03-28 12:30:17.716,1034.314,1,7,8,-59.53,1,1,0,1,1,1,1,1
2026-03-28 12:30:17.812,1034.410,0,10,8,-60.95,1,1,0,1,1,1,1,1
2026-03-28 12:30:17.875,1034.473,0,7,8,-59.93,1,1,0,1,1,1,1,1
2026-03-28 12:30:17.941,1034.539,0,7,8,-59.88,1,1,0,1,1,1,1,1
2026-03-28 12:30:18.068,1034.667,1,7,8,-59.38,1,1,0,1,1,1,1,1
2026-03-28 12:30:18.164,1034.763,0,7,8,-58.13,1,1,0,1,1,1,1,1
2026-03-28 12:30:18.212,1034.810,0,7,8,-60.08,1,1,0,1,1,1,1,1
2026-03-28 12:30:18.340,1034.938,0,7,8,-58.14,1,1,0,1,1,1,1,1
2026-03-28 12:30:18.356,1034.954,0,7,8,-60.49,1,1,0,1,1,1,1,1
2026-03-28 12:30:18.404,1035.002,-1,10,8,-60.42,1,1,0,1,1,1,1,1
2026-03-28 12:30:18.484,1035.082,0,10,8,-59.5,1,1,0,1,1,1,1,1
2026-03-28 12:30:18.563,1035.161,-2,7,8,-60.84,1,1,0,1,1,1,1,1
2026-03-28 12:30:18.660,1035.258,-2,7,8,-59.26,1,1,0,1,1,1,1,1
2026-03-28 12:30:18.708,1035.307,0,7,8,-58.73,1,1,0,1,1,1,1,1
2026-03-28 12:30:18.803,1035.402,0,7,8,-60.53,1,1,0,1,1,1,1,1
2026-03-28 12:30:18.884,1035.483,0,7,8,-59.78,1,1,0,1,1,1,1,1
2026-03-28 12:30:18.948,1035.547,-2,7,8,-59.03,1,1,0,1,1,1,1,1
2026-03-28 12:30:19.059,1035.658,-2,7,7,-58.09,1,1,0,1,1,1,1,1
2026-03-28 12:30:19.092,1035.690,0,10,8,-59.39,1,1,0,1,1,1,1,1
2026-03-28 12:30:19.220,1035.819,0,10,7,-58.52,1,1,0,1,1,1,1,1
2026-03-28 12:30:19.315,1035.914,0,7,8,-60.77,1,1,0,1,1,1,1,1
2026-03-28 12:30:19.395,1035.994,-1,7,8,-60.42,1,1,0,1,1,1,1,1
2026-03-28 12:30:19.460,1036.058,0,10,8,-58.96,1,1,0,1,1,1,1,1
2026-03-28 12:30:19.620,1036.218,0,10,8,-58.2,1,1,0,1,1,1,1,1
2026-03-28 12:30:19.668,1036.266,-2,7,8,-59.08,1,1,0,1,1,1,1,1
2026-03-28 12:30:19.811,1036.410,0,7,8,-60.54,1,1,0,1,1,1,1,1
2026-03-28 12:30:19.859,1036.457,0,7,8,-59.83,1,1,0,1,1,1,1,1
2026-03-28 12:30:19.892,1036.490,-2,7,8,-59.94,1,1,0,1,1,1,1,1
2026-03-28 12:30:20.003,1036.602,0,7,8,-62.67,1,1,0,1,1,1,1,1
2026-03-28 12:30:20.068,1036.666,-2,7,8,-60.29,1,1,0,1,1,1,1,1
2026-03-28 12:30:20.211,1036.810,0,7,8,-58.97,1,1,0,1,1,1,1,1
2026-03-28 12:30:20.259,1036.858,0,7,8,-57.81,1,1,0,1,1,1,1,1
2026-03-28 12:30:20.403,1037.002,0,7,8,-59.43,1,1,0,1,1,1,1,1
2026-03-28 12:30:20.435,1037.034,0,7,8,-58.68,1,1,0,1,1,1,1,1
2026-03-28 12:30:20.532,1037.130,0,7,8,-60.71,1,1,0,1,1,1,1,1
2026-03-28 12:30:20.612,1037.210,1,8,8,-60.31,1,1,0,1,1,1,1,1
2026-03-28 12:30:20.675,1037.274,-1,10,8,-58.06,1,1,0,1,1,1,1,1
2026-03-28 12:30:20.739,1037.337,-1,10,8,-58.87,1,1,0,1,1,1,1,1
2026-03-28 12:30:20.820,1037.418,0,10,8,-60.53,1,1,0,1,1,1,1,1
2026-03-28 12:30:20.900,1037.498,1,7,8,-59.91,1,1,0,1,1,1,1,1
2026-03-28 12:30:20.948,1037.546,0,7,8,-59.62,1,1,0,1,1,1,1,1
2026-03-28 12:30:21.027,1037.626,0,7,8,-60.91,1,1,0,1,1,1,1,1
2026-03-28 12:30:21.076,1037.674,-1,7,8,-60.95,1,1,0,1,1,1,1,1
2026-03-28 12:30:21.172,1037.770,-1,8,8,-59.32,1,1,0,1,1,1,1,1
2026-03-28 12:30:21.236,1037.835,0,7,8,-60.9,1,1,0,1,1,1,1,1
2026-03-28 12:30:21.300,1037.899,0,7,8,-58.59,1,1,0,1,1,1,1,1
2026-03-28 12:30:21.459,1038.058,0,7,8,-62.28,1,1,0,1,1,1,1,1
2026-03-28 12:30:21.507,1038.106,-2,7,8,-60.13,1,1,0,1,1,1,1,1
2026-03-28 12:30:21.572,1038.170,0,7,8,-58.41,1,1,0,1,1,1,1,1
2026-03-28 12:30:21.652,1038.250,0,7,8,-58.87,1,1,0,1,1,1,1,1
2026-03-28 12:30:21.731,1038.330,0,7,8,-60.9,1,1,0,1,1,1,1,1
2026-03-28 12:30:21.780,1038.378,0,7,8,-58.74,1,1,0,1,1,1,1,1
2026-03-28 12:30:21.908,1038.506,-2,7,8,-60.03,1,1,0,1,1,1,1,1
2026-03-28 12:30:21.972,1038.570,0,10,8,-60.96,1,1,0,1,1,1,1,1
2026-03-28 12:30:22.019,1038.618,-1,8,8,-60.78,1,1,0,1,1,1,1,1
2026-03-28 12:30:22.099,1038.698,0,7,7,-60.09,1,1,0,1,1,1,1,1
2026-03-28 12:30:22.212,1038.810,0,7,8,-60.36,1,1,0,1,1,1,1,1
2026-03-28 12:30:22.291,1038.890,0,10,8,-59.11,1,1,0,1,1,1,1,1
2026-03-28 12:30:22.340,1038.938,0,10,8,-59.71,1,1,0,1,1,1,1,1
2026-03-28 12:30:22.436,1039.034,-1,7,8,-59.56,1,1,0,1,1,1,1,1
2026-03-28 12:30:22.579,1039.178,-1,7,8,-60.12,1,1,0,1,1,1,1,1
2026-03-28 12:30:22.675,1039.274,-2,7,8,-58.77,1,1,0,1,1,1,1,1
2026-03-28 12:30:22.708,1039.306,-1,10,8,-59.7,1,1,0,1,1,1,1,1
2026-03-28 12:30:22.787,1039.386,0,10,7,-59.98,1,1,0,1,1,1,1,1
2026-03-28 12:30:22.867,1039.466,0,7,8,-59.78,1,1,0,1,1,1,1,1
2026-03-28 12:30:22.932,1039.530,0,10,8,-59.55,1,1,0,1,1,1,1,1
2026-03-28 12:30:23.012,1039.610,0,10,8,-60.92,1,1,0,1,1,1,1,1
2026-03-28 12:30:23.123,1039.722,1,8,8,-60.63,1,1,0,1,1,1,1,1
2026-03-28 12:30:23.220,1039.818,0,7,8,-58.86,1,1,0,1,1,1,1,1
2026-03-28 12:30:23.251,1039.850,0,7,8,-60.0,1,1,0,1,1,1,1,1
2026-03-28 12:30:23.379,1039.977,0,7,8,-60.59,1,1,0,1,1,1,1,1
2026-03-28 12:30:23.428,1040.026,0,7,8,-59.4,1,1,0,1,1,1,1,1
2026-03-28 12:30:23.571,1040.170,1,10,8,-61.78,1,1,0,1,1,1,1,1
2026-03-28 12:30:23.588,1040.186,0,7,8,-58.96,1,1,0,1,1,1,1,1
2026-03-28 12:30:23.683,1040.282,0,10,8,-58.37,1,1,0,1,1,1,1,1
2026-03-28 12:30:23.796,1040.394,0,7,8,-59.77,1,1,0,1,1,1,1,1
2026-03-28 12:30:23.875,1040.474,1,7,8,-60.52,1,1,0,1,1,1,1,1
2026-03-28 12:30:23.923,1040.522,-1,7,8,-59.65,1,1,0,1,1,1,1,1
2026-03-28 12:30:24.051,1040.650,0,10,8,-61.11,1,1,0,1,1,1,1,1
2026-03-28 12:30:24.084,1040.682,-1,10,8,-60.34,1,1,0,1,1,1,1,1
2026-03-28 12:30:24.147,1040.746,0,7,8,-60.4,1,1,0,1,1,1,1,1
2026-03-28 12:30:24.292,1040.890,-1,7,8,-58.96,1,1,0,1,1,1,1,1
2026-03-28 12:30:24.371,1040.970,0,10,8,-59.57,1,1,0,1,1,1,1,1
2026-03-28 12:30:24.388,1040.987,0,10,8,-59.92,1,1,0,1,1,1,1,1
2026-03-28 12:30:24.500,1041.098,0,10,8,-60.49,1,1,0,1,1,1,1,1
2026-03-28 12:30:24.579,1041.178,0,10,8,-60.65,1,1,0,1,1,1,1,1
2026-03-28 12:30:24.708,1041.307,-2,10,8,-60.51,1,1,0,1,1,1,1,1
2026-03-28 12:30:24.724,1041.322,0,7,8,-58.62,1,1,0,1,1,1,1,1
2026-03-28 12:30:24.852,1041.450,0,10,8,-59.15,1,1,0,1,1,1,1,1
2026-03-28 12:30:24.868,1041.466,0,10,8,-60.88,1,1,0,1,1,1,1,1
2026-03-28 12:30:24.964,1041.562,0,7,8,-60.48,1,1,0,1,1,1,1,1
2026-03-28 12:30:25.028,1041.626,0,7,8,-59.74,1,1,0,1,1,1,1,1
2026-03-28 12:30:25.124,1041.722,0,10,8,-60.45,1,1,0,1,1,1,1,1
2026-03-28 12:30:25.236,1041.834,0,7,8,-60.12,1,1,0,1,1,1,1,1
2026-03-28 12:30:25.332,1041.930,0,10,7,-59.51,1,1,0,1,1,1,1,1
2026-03-28 12:30:25.381,1041.979,-2,10,8,-58.87,1,1,0,1,1,1,1,1
2026-03-28 12:30:25.459,1042.058,1,10,8,-62.06,1,1,0,1,1,1,1,1
2026-03-28 12:30:25.603,1042.201,1,10,8,-59.65,1,1,0,1,1,1,1,1
2026-03-28 12:30:25.636,1042.234,0,7,8,-58.56,1,1,0,1,1,1,1,1
2026-03-28 12:30:25.731,1042.330,0,8,8,-59.33,1,1,0,1,1,1,1,1
2026-03-28 12:30:25.811,1042.409,-1,10,8,-59.81,1,1,0,1,1,1,1,1
2026-03-28 12:30:25.908,1042.507,-1,10,8,-59.87,1,1,0,1,1,1,1,1
2026-03-28 12:30:25.940,1042.538,0,10,8,-60.18,1,1,0,1,1,1,1,1
2026-03-28 12:30:26.019,1042.617,-1,9,8,-60.82,1,1,0,1,1,1,1,1
2026-03-28 12:30:26.099,1042.697,0,7,8,-59.29,1,1,0,1,1,1,1,1
2026-03-28 12:30:26.180,1042.778,0,7,8,-58.17,1,1,0,1,1,1,1,1
2026-03-28 12:30:26.243,1042.841,0,7,8,-60.36,1,1,0,1,1,1,1,1
2026-03-28 12:30:26.356,1042.954,0,10,8,-59.32,1,1,0,1,1,1,1,1
2026-03-28 12:30:26.435,1043.034,0,10,8,-59.98,1,1,0,1,1,1,1,1
2026-03-28 12:30:26.468,1043.066,0,7,8,-60.53,1,1,0,1,1,1,1,1
2026-03-28 12:30:26.596,1043.194,0,10,8,-58.82,1,1,0,1,1,1,1,1
2026-03-28 12:30:26.643,1043.242,0,7,8,-59.57,1,1,0,1,1,1,1,1
2026-03-28 12:30:26.691,1043.290,0,10,8,-59.9,1,1,0,1,1,1,1,1
2026-03-28 12:30:26.787,1043.386,-2,10,8,-60.9,1,1,0,1,1,1,1,1
2026-03-28 12:30:26.867,1043.465,1,10,8,-60.76,1,1,0,1,1,1,1,1
2026-03-28 12:30:26.979,1043.578,1,11,8,-59.14,1,1,0,1,1,1,1,1
2026-03-28 12:30:27.043,1043.641,0,7,8,-59.41,1,1,0,1,1,1,1,1
2026-03-28 12:30:27.123,1043.722,-1,10,7,-58.91,1,1,0,1,1,1,1,1
2026-03-28 12:30:27.188,1043.786,0,7,8,-59.95,1,1,0,1,1,1,1,1
2026-03-28 12:30:27.284,1043.882,-1,10,8,-58.7,1,1,0,1,1,1,1,1
2026-03-28 12:30:27.347,1043.946,0,10,7,-60.8,1,1,0,1,1,1,1,1
2026-03-28 12:30:27.459,1044.058,0,10,8,-61.45,1,1,0,1,1,1,1,1
2026-03-28 12:30:27.539,1044.138,0,10,8,-58.9,1,1,0,1,1,1,1,1
2026-03-28 12:30:27.604,1044.203,-1,10,8,-58.4,1,1,0,1,1,1,1,1
2026-03-28 12:30:27.667,1044.265,0,10,8,-60.54,1,1,0,1,1,1,1,1
2026-03-28 12:30:27.763,1044.362,-2,10,8,-59.56,1,1,0,1,1,1,1,1
2026-03-28 12:30:27.827,1044.425,0,10,7,-59.49,1,1,0,1,1,1,1,1
2026-03-28 12:30:27.860,1044.458,0,10,8,-61.27,1,1,0,1,1,1,1,1
2026-03-28 12:30:27.956,1044.554,0,10,8,-62.13,1,1,0,1,1,1,1,1
2026-03-28 12:30:28.051,1044.649,0,10,8,-59.21,1,1,0,1,1,1,1,1
2026-03-28 12:30:28.115,1044.714,-2,10,8,-59.11,1,1,0,1,1,1,1,1
2026-03-28 12:30:28.195,1044.794,0,7,8,-59.42,1,1,0,1,1,1,1,1
2026-03-28 12:30:28.307,1044.906,-1,10,7,-59.83,1,1,0,1,1,1,1,1
2026-03-28 12:30:28.340,1044.938,0,10,8,-59.91,1,1,0,1,1,1,1,1
2026-03-28 12:30:28.419,1045.018,0,10,8,-58.8,1,1,0,1,1,1,1,1
2026-03-28 12:30:28.500,1045.098,1,11,8,-58.73,1,1,0,1,1,1,1,1
2026-03-28 12:30:28.579,1045.177,-1,10,8,-60.35,1,1,0,1,1,1,1,1
2026-03-28 12:30:28.659,1045.258,-2,10,8,-58.94,1,1,0,1,1,1,1,1
2026-03-28 12:30:28.707,1045.306,0,10,8,-60.22,1,1,0,1,1,1,1,1
2026-03-28 12:30:28.788,1045.386,0,10,8,-61.12,1,1,0,1,1,1,1,1
2026-03-28 12:30:28.867,1045.466,0,10,8,-60.54,1,1,0,1,1,1,1,1
2026-03-28 12:30:28.963,1045.562,0,10,8,-59.39,1,1,0,1,1,1,1,1
2026-03-28 12:30:29.011,1045.609,0,10,8,-59.81,1,1,0,1,1,1,1,1
2026-03-28 12:30:29.076,1045.674,-2,10,8,-59.06,1,1,0,1,1,1,1,1
2026-03-28 12:30:29.171,1045.769,0,7,8,-60.96,1,1,0,1,1,1,1,1
2026-03-28 12:30:29.315,1045.914,-1,7,7,-58.55,1,1,0,1,1,1,1,1
2026-03-28 12:30:29.380,1045.978,0,10,7,-58.18,1,1,0,1,1,1,1,1
2026-03-28 12:30:29.475,1046.074,0,10,8,-60.83,1,1,0,1,1,1,1,1
2026-03-28 12:30:29.555,1046.153,0,10,8,-59.82,1,1,0,1,1,1,1,1
2026-03-28 12:30:29.668,1046.266,0,7,8,-59.44,1,1,0,1,1,1,1,1
2026-03-28 12:30:29.699,1046.298,0,7,8,-59.29,1,1,0,1,1,1,1,1
2026-03-28 12:30:29.780,1046.378,0,10,7,-60.65,1,1,0,1,1,1,1,1
2026-03-28 12:30:29.907,1046.505,0,7,7,-59.13,1,1,0,1,1,1,1,1
2026-03-28 12:30:29.923,1046.522,0,10,8,-59.6,1,1,0,1,1,1,1,1
2026-03-28 12:30:30.036,1046.634,0,7,7,-58.54,1,1,0,1,1,1,1,1
2026-03-28 12:30:30.163,1046.761,0,7,8,-58.73,1,1,0,1,1,1,1,1
2026-03-28 12:30:30.195,1046.794,0,7,8,-58.78,1,1,0,1,1,1,1,1
2026-03-28 12:30:30.259,1046.857,0,7,7,-59.77,1,1,0,1,1,1,1,1
2026-03-28 12:30:30.323,1046.922,0,7,8,-59.37,1,1,0,1,1,1,1,1
2026-03-28 12:30:30.403,1047.002,0,10,8,-60.11,1,1,0,1,1,1,1,1
2026-03-28 12:30:30.483,1047.082,0,10,8,-59.41,1,1,0,1,1,1,1,1
2026-03-28 12:30:30.594,1047.193,-2,7,7,-58.62,1,1,0,1,1,1,1,1
2026-03-28 12:30:30.675,1047.274,0,10,8,-59.75,1,1,0,1,1,1,1,1
2026-03-28 12:30:30.770,1047.369,0,7,8,-58.94,1,1,0,1,1,1,1,1
2026-03-28 12:30:30.867,1047.466,-2,7,8,-59.12,1,1,0,1,1,1,1,1
2026-03-28 12:30:30.899,1047.498,0,7,8,-58.68,1,1,0,1,1,1,1,1
2026-03-28 12:30:30.963,1047.562,0,7,8,-59.91,1,1,0,1,1,1,1,1
2026-03-28 12:30:31.075,1047.674,0,7,8,-59.54,1,1,0,1,1,1,1,1
2026-03-28 12:30:31.170,1047.769,-2,7,8,-60.12,1,1,0,1,1,1,1,1
2026-03-28 12:30:31.203,1047.801,0,8,8,-60.85,1,1,0,1,1,1,1,1
2026-03-28 12:30:31.283,1047.882,0,7,8,-59.86,1,1,0,1,1,1,1,1
2026-03-28 12:30:31.395,1047.994,-2,10,8,-58.28,1,1,0,1,1,1,1,1
2026-03-28 12:30:31.443,1048.041,0,7,8,-60.63,1,1,0,1,1,1,1,1
2026-03-28 12:30:31.539,1048.138,0,7,8,-59.71,1,1,0,1,1,1,1,1
2026-03-28 12:30:31.587,1048.185,0,7,8,-59.58,1,1,0,1,1,1,1,1
2026-03-28 12:30:31.683,1048.282,-1,7,8,-58.13,1,1,0,1,1,1,1,1
2026-03-28 12:30:31.748,1048.346,0,7,8,-59.74,1,1,0,1,1,1,1,1
2026-03-28 12:30:31.923,1048.521,0,10,8,-58.71,1,1,0,1,1,1,1,1
2026-03-28 12:30:31.971,1048.570,0,10,8,-59.5,1,1,0,1,1,1,1,1
2026-03-28 12:30:32.115,1048.713,-2,7,8,-59.51,1,1,0,1,1,1,1,1
2026-03-28 12:30:32.211,1048.809,0,7,7,-60.35,1,1,0,1,1,1,1,1
2026-03-28 12:30:32.226,1048.825,-2,7,8,-59.23,1,1,0,1,1,1,1,1
2026-03-28 12:30:32.339,1048.938,0,8,8,-58.2,1,1,0,1,1,1,1,1
2026-03-28 12:30:32.419,1049.018,-2,7,7,-59.81,1,1,0,1,1,1,1,1
2026-03-28 12:30:32.468,1049.066,0,7,8,-59.25,1,1,0,1,1,1,1,1
2026-03-28 12:30:32.579,1049.178,0,10,8,-59.35,1,1,0,1,1,1,1,1
2026-03-28 12:30:32.627,1049.225,0,7,8,-59.62,1,1,0,1,1,1,1,1
2026-03-28 12:30:32.723,1049.322,0,7,7,-58.22,1,1,0,1,1,1,1,1
2026-03-28 12:30:32.803,1049.402,0,10,8,-60.16,1,1,0,1,1,1,1,1
2026-03-28 12:30:32.851,1049.449,0,7,8,-58.77,1,1,0,1,1,1,1,1
2026-03-28 12:30:32.963,1049.561,-1,10,8,-59.48,1,1,0,1,1,1,1,1
2026-03-28 12:30:33.075,1049.674,0,10,7,-59.08,1,1,0,1,1,1,1,1
2026-03-28 12:30:33.123,1049.721,0,10,8,-59.62,1,1,0,1,1,1,1,1
2026-03-28 12:30:33.155,1049.754,-2,10,8,-59.43,1,1,0,1,1,1,1,1
2026-03-28 12:30:33.267,1049.866,0,7,8,-58.0,1,1,0,1,1,1,1,1
2026-03-28 12:30:33.346,1049.945,0,10,8,-59.09,1,1,0,1,1,1,1,1
2026-03-28 12:30:33.443,1050.041,0,7,7,-59.93,1,1,0,1,1,1,1,1
2026-03-28 12:30:33.539,1050.138,0,10,7,-59.42,1,1,0,1,1,1,1,1
2026-03-28 12:30:33.651,1050.249,-2,7,8,-60.14,1,1,0,1,1,1,1,1
2026-03-28 12:30:33.731,1050.329,-2,7,8,-58.32,1,1,0,1,1,1,1,1
2026-03-28 12:30:33.795,1050.394,0,7,8,-58.27,1,1,0,1,1,1,1,1
2026-03-28 12:30:33.860,1050.458,0,7,8,-59.49,1,1,0,1,1,1,1,1
2026-03-28 12:30:33.955,1050.554,0,7,8,-57.48,1,1,0,1,1,1,1,1
2026-03-28 12:30:34.019,1050.618,0,7,8,-58.75,1,1,0,1,1,1,1,1
2026-03-28 12:30:34.083,1050.682,0,7,8,-59.55,1,1,0,1,1,1,1,1
2026-03-28 12:30:34.147,1050.746,0,10,7,-59.37,1,1,0,1,1,1,1,1
2026-03-28 12:30:34.276,1050.874,-2,10,8,-58.7,1,1,0,1,1,1,1,1
2026-03-28 12:30:34.323,1050.921,0,10,8,-57.82,1,1,0,1,1,1,1,1
2026-03-28 12:30:34.451,1051.049,-2,10,8,-58.96,1,1,0,1,1,1,1,1
2026-03-28 12:30:34.531,1051.130,0,7,8,-58.61,1,1,0,1,1,1,1,1
2026-03-28 12:30:34.660,1051.258,0,10,8,-60.02,1,1,0,1,1,1,1,1
2026-03-28 12:30:34.707,1051.305,-2,10,8,-59.2,1,1,0,1,1,1,1,1
2026-03-28 12:30:34.787,1051.385,0,7,7,-58.43,1,1,0,1,1,1,1,1
2026-03-28 12:30:34.835,1051.434,-1,7,8,-57.18,1,1,0,1,1,1,1,1
2026-03-28 12:30:34.947,1051.546,0,7,8,-58.85,1,1,0,1,1,1,1,1
2026-03-28 12:30:35.026,1051.625,-1,7,8,-57.93,1,1,0,1,1,1,1,1
2026-03-28 12:30:35.139,1051.737,0,7,8,-59.75,1,1,0,1,1,1,1,1
2026-03-28 12:30:35.171,1051.769,-1,7,8,-59.57,1,1,0,1,1,1,1,1
2026-03-28 12:30:35.250,1051.849,0,7,8,-57.98,1,1,0,1,1,1,1,1
2026-03-28 12:30:35.363,1051.962,0,10,8,-57.33,1,1,0,1,1,1,1,1
2026-03-28 12:30:35.427,1052.025,-2,7,8,-59.21,1,1,0,1,1,1,1,1
2026-03-28 12:30:35.539,1052.137,0,7,8,-58.92,1,1,0,1,1,1,1,1
2026-03-28 12:30:35.571,1052.169,-1,7,8,-59.5,1,1,0,1,1,1,1,1
2026-03-28 12:30:35.635,1052.233,-1,7,8,-60.31,1,1,0,1,1,1,1,1
2026-03-28 12:30:35.715,1052.313,0,10,8,-60.4,1,1,0,1,1,1,1,1
2026-03-28 12:30:35.826,1052.425,-1,10,8,-58.54,1,1,0,1,1,1,1,1
2026-03-28 12:30:35.891,1052.489,0,7,8,-58.9,1,1,0,1,1,1,1,1
2026-03-28 12:30:36.019,1052.618,0,7,8,-57.76,1,1,0,1,1,1,1,1
2026-03-28 12:30:36.099,1052.698,0,10,8,-58.51,1,1,0,1,1,1,1,1
2026-03-28 12:30:36.115,1052.713,0,8,8,-59.72,1,1,0,1,1,1,1,1
2026-03-28 12:30:36.275,1052.873,0,7,8,-58.32,1,1,0,1,1,1,1,1
2026-03-28 12:30:36.338,1052.937,-1,7,8,-59.22,1,1,0,1,1,1,1,1
2026-03-28 12:30:36.434,1053.033,-2,7,8,-58.52,1,1,0,1,1,1,1,1
2026-03-28 12:30:36.531,1053.129,-2,7,8,-57.95,1,1,0,1,1,1,1,1
2026-03-28 12:30:36.611,1053.209,0,7,8,-60.68,1,1,0,1,1,1,1,1
2026-03-28 12:30:36.691,1053.289,-2,7,8,-59.59,1,1,0,1,1,1,1,1
2026-03-28 12:30:36.707,1053.306,0,7,8,-61.53,1,1,0,1,1,1,1,1
2026-03-28 12:30:36.851,1053.449,0,7,8,-57.84,1,1,0,1,1,1,1,1
2026-03-28 12:30:36.915,1053.513,0,7,7,-58.73,1,1,0,1,1,1,1,1
2026-03-28 12:30:36.995,1053.593,-1,7,8,-57.58,1,1,0,1,1,1,1,1
2026-03-28 12:30:37.075,1053.674,0,7,8,-57.51,1,1,0,1,1,1,1,1
2026-03-28 12:30:37.139,1053.737,0,7,8,-57.67,1,1,0,1,1,1,1,1
2026-03-28 12:30:37.251,1053.850,0,7,8,-58.58,1,1,0,1,1,1,1,1
2026-03-28 12:30:37.315,1053.914,0,10,8,-57.42,1,1,0,1,1,1,1,1
2026-03-28 12:30:37.427,1054.025,-1,7,8,-59.35,1,1,0,1,1,1,1,1
2026-03-28 12:30:37.507,1054.105,-2,10,8,-58.47,1,1,0,1,1,1,1,1
2026-03-28 12:30:37.555,1054.153,0,10,8,-58.31,1,1,0,1,1,1,1,1
2026-03-28 12:30:37.667,1054.266,0,7,8,-59.5,1,1,0,1,1,1,1,1
2026-03-28 12:30:37.763,1054.361,0,7,8,-58.31,1,1,0,1,1,1,1,1
2026-03-28 12:30:37.826,1054.425,0,7,8,-59.49,1,1,0,1,1,1,1,1
2026-03-28 12:30:37.874,1054.473,0,7,8,-58.02,1,1,0,1,1,1,1,1
2026-03-28 12:30:37.970,1054.568,0,7,8,-58.87,1,1,0,1,1,1,1,1
2026-03-28 12:30:38.035,1054.633,0,7,7,-58.92,1,1,0,1,1,1,1,1
2026-03-28 12:30:38.115,1054.713,-1,10,7,-58.72,1,1,0,1,1,1,1,1
2026-03-28 12:30:38.162,1054.761,0,7,7,-59.52,1,1,0,1,1,1,1,1
2026-03-28 12:30:38.307,1054.906,0,7,8,-57.49,1,1,0,1,1,1,1,1
2026-03-28 12:30:38.371,1054.969,0,7,8,-58.28,1,1,0,1,1,1,1,1
2026-03-28 12:30:38.434,1055.033,-2,7,8,-58.22,1,1,0,1,1,1,1,1
2026-03-28 12:30:38.547,1055.145,0,7,8,-58.37,1,1,0,1,1,1,1,1
2026-03-28 12:30:38.626,1055.224,-2,7,7,-58.27,1,1,0,1,1,1,1,1
2026-03-28 12:30:38.723,1055.321,0,7,8,-60.65,1,1,0,1,1,1,1,1
2026-03-28 12:30:38.787,1055.385,0,7,8,-59.1,1,1,0,1,1,1,1,1
2026-03-28 12:30:38.883,1055.481,0,7,8,-57.88,1,1,0,1,1,1,1,1
2026-03-28 12:30:38.962,1055.561,0,7,8,-57.99,1,1,0,1,1,1,1,1
2026-03-28 12:30:39.027,1055.625,0,7,8,-58.82,1,1,0,1,1,1,1,1
2026-03-28 12:30:39.139,1055.737,0,7,8,-58.46,1,1,0,1,1,1,1,1
2026-03-28 12:30:39.235,1055.833,0,7,8,-59.65,1,1,0,1,1,1,1,1
2026-03-28 12:30:39.331,1055.929,0,7,8,-57.88,1,1,0,1,1,1,1,1
2026-03-28 12:30:39.363,1055.961,0,7,8,-57.4,1,1,0,1,1,1,1,1
2026-03-28 12:30:39.443,1056.041,-2,7,7,-57.31,1,1,0,1,1,1,1,1
2026-03-28 12:30:39.522,1056.121,-1,10,8,-59.4,1,1,0,1,1,1,1,1
2026-03-28 12:30:39.571,1056.169,-1,10,8,-58.89,1,1,0,1,1,1,1,1
2026-03-28 12:30:39.650,1056.249,0,10,8,-58.33,1,1,0,1,1,1,1,1
2026-03-28 12:30:39.747,1056.345,0,7,8,-59.73,1,1,0,1,1,1,1,1
2026-03-28 12:30:39.778,1056.377,0,10,8,-59.25,1,1,0,1,1,1,1,1
2026-03-28 12:30:39.874,1056.473,0,7,8,-58.05,1,1,0,1,1,1,1,1
2026-03-28 12:30:39.971,1056.569,0,7,8,-57.69,1,1,0,1,1,1,1,1
2026-03-28 12:30:40.115,1056.713,0,7,8,-57.11,1,1,0,1,1,1,1,1
2026-03-28 12:30:40.146,1056.745,0,7,8,-59.3,1,1,0,1,1,1,1,1
2026-03-28 12:30:40.226,1056.825,0,10,8,-59.69,1,1,0,1,1,1,1,1
2026-03-28 12:30:40.291,1056.890,-2,10,8,-58.12,1,1,0,1,1,1,1,1
2026-03-28 12:30:40.386,1056.985,0,10,8,-57.08,1,1,0,1,1,1,1,1
2026-03-28 12:30:40.450,1057.049,0,10,7,-59.68,1,1,0,1,1,1,1,1
2026-03-28 12:30:40.514,1057.113,0,7,8,-58.99,1,1,0,1,1,1,1,1
2026-03-28 12:30:40.563,1057.161,-2,7,8,-59.23,1,1,0,1,1,1,1,1
2026-03-28 12:30:40.675,1057.273,0,7,8,-58.84,1,1,0,1,1,1,1,1
2026-03-28 12:30:40.722,1057.320,1,7,8,-59.52,1,1,0,1,1,1,1,1
2026-03-28 12:30:40.835,1057.433,0,7,8,-57.97,1,1,0,1,1,1,1,1
2026-03-28 12:30:40.899,1057.498,-1,10,8,-58.58,1,1,0,1,1,1,1,1
2026-03-28 12:30:40.963,1057.561,0,10,8,-58.55,1,1,0,1,1,1,1,1
2026-03-28 12:30:41.107,1057.705,0,10,8,-58.2,1,1,0,1,1,1,1,1
2026-03-28 12:30:41.170,1057.769,0,7,8,-59.47,1,1,0,1,1,1,1,1
2026-03-28 12:30:41.235,1057.833,0,10,7,-59.03,1,1,0,1,1,1,1,1
2026-03-28 12:30:41.299,1057.897,0,10,7,-57.36,1,1,0,1,1,1,1,1
2026-03-28 12:30:41.394,1057.993,0,10,8,-58.36,1,1,0,1,1,1,1,1
2026-03-28 12:30:41.474,1058.073,0,10,8,-59.34,1,1,0,1,1,1,1,1
2026-03-28 12:30:41.555,1058.153,1,8,9,-57.86,1,1,0,1,1,1,1,1
2026-03-28 12:30:41.634,1058.232,0,10,8,-58.65,1,1,0,1,1,1,1,1
2026-03-28 12:30:41.682,1058.281,-2,10,8,-59.48,1,1,0,1,1,1,1,1
2026-03-28 12:30:41.763,1058.361,-1,10,7,-59.21,1,1,0,1,1,1,1,1
2026-03-28 12:30:41.906,1058.505,-1,10,8,-57.07,1,1,0,1,1,1,1,1
2026-03-28 12:30:41.987,1058.585,0,10,8,-58.64,1,1,0,1,1,1,1,1
2026-03-28 12:30:42.067,1058.665,-2,10,8,-59.11,1,1,0,1,1,1,1,1
2026-03-28 12:30:42.194,1058.793,0,7,8,-60.38,1,1,0,1,1,1,1,1
2026-03-28 12:30:42.259,1058.858,0,7,8,-60.87,1,1,0,1,1,1,1,1
2026-03-28 12:30:42.307,1058.905,0,7,8,-59.69,1,1,0,1,1,1,1,1
2026-03-28 12:30:42.387,1058.985,0,7,8,-58.17,1,1,0,1,1,1,1,1
2026-03-28 12:30:42.435,1059.033,0,7,8,-59.56,1,1,0,1,1,1,1,1
2026-03-28 12:30:42.515,1059.113,0,7,8,-58.81,1,1,0,1,1,1,1,1
2026-03-28 12:30:42.594,1059.193,0,7,8,-58.93,1,1,0,1,1,1,1,1
2026-03-28 12:30:42.658,1059.257,0,7,8,-59.03,1,1,0,1,1,1,1,1
2026-03-28 12:30:42.738,1059.336,-2,7,8,-59.51,1,1,0,1,1,1,1,1
2026-03-28 12:30:42.803,1059.401,0,7,8,-59.34,1,1,0,1,1,1,1,1
2026-03-28 12:30:42.914,1059.513,0,7,8,-59.98,1,1,0,1,1,1,1,1
2026-03-28 12:30:42.948,1059.546,0,7,8,-59.73,1,1,0,1,1,1,1,1
2026-03-28 12:30:43.043,1059.641,0,10,8,-59.98,1,1,0,1,1,1,1,1
2026-03-28 12:30:43.091,1059.689,-2,10,8,-60.0,1,1,0,1,1,1,1,1
2026-03-28 12:30:43.171,1059.769,-2,10,8,-59.27,1,1,0,1,1,1,1,1
2026-03-28 12:30:43.235,1059.833,-2,10,8,-59.06,1,1,0,1,1,1,1,1
2026-03-28 12:30:43.362,1059.961,0,7,7,-58.85,1,1,0,1,1,1,1,1
2026-03-28 12:30:43.458,1060.057,1,10,8,-58.31,1,1,0,1,1,1,1,1
2026-03-28 12:30:43.570,1060.168,-1,7,8,-58.85,1,1,0,1,1,1,1,1
2026-03-28 12:30:43.651,1060.249,-2,7,8,-58.92,1,1,0,1,1,1,1,1
2026-03-28 12:30:43.698,1060.296,0,10,8,-58.31,1,1,0,1,1,1,1,1
2026-03-28 12:30:43.827,1060.425,0,10,8,-58.35,1,1,0,1,1,1,1,1
2026-03-28 12:30:43.890,1060.488,-1,7,8,-59.15,1,1,0,1,1,1,1,1
2026-03-28 12:30:43.970,1060.569,-1,7,8,-59.75,1,1,0,1,1,1,1,1
2026-03-28 12:30:44.035,1060.633,0,7,8,-59.8,1,1,0,1,1,1,1,1
2026-03-28 12:30:44.115,1060.713,0,10,8,-58.82,1,1,0,1,1,1,1,1
2026-03-28 12:30:44.242,1060.841,0,10,8,-58.35,1,1,0,1,1,1,1,1
2026-03-28 12:30:44.259,1060.857,0,7,8,-59.13,1,1,0,1,1,1,1,1
2026-03-28 12:30:44.371,1060.969,-1,7,8,-59.68,1,1,0,1,1,1,1,1
2026-03-28 12:30:44.466,1061.064,0,7,8,-58.76,1,1,0,1,1,1,1,1
2026-03-28 12:30:44.530,1061.129,0,7,8,-60.2,1,1,0,1,1,1,1,1
2026-03-28 12:30:44.626,1061.225,-1,10,8,-59.15,1,1,0,1,1,1,1,1
2026-03-28 12:30:44.674,1061.273,-1,10,8,-59.12,1,1,0,1,1,1,1,1
2026-03-28 12:30:44.754,1061.353,-1,10,8,-58.43,1,1,0,1,1,1,1,1
2026-03-28 12:30:44.834,1061.433,0,7,8,-60.29,1,1,0,1,1,1,1,1
2026-03-28 12:30:44.962,1061.561,-2,10,8,-59.56,1,1,0,1,1,1,1,1
2026-03-28 12:30:45.026,1061.625,0,10,8,-62.44,1,1,0,1,1,1,1,1
2026-03-28 12:30:45.090,1061.689,-2,7,8,-60.39,1,1,0,1,1,1,1,1
2026-03-28 12:30:45.154,1061.753,-1,7,8,-61.37,1,1,0,1,1,1,1,1
2026-03-28 12:30:45.234,1061.833,-1,10,8,-59.72,1,1,0,1,1,1,1,1
2026-03-28 12:30:45.330,1061.929,0,7,8,-59.23,1,1,0,1,1,1,1,1
2026-03-28 12:30:45.394,1061.992,-2,7,8,-59.53,1,1,0,1,1,1,1,1
2026-03-28 12:30:45.458,1062.056,-2,7,8,-60.5,1,1,0,1,1,1,1,1
2026-03-28 12:30:45.538,1062.136,0,10,8,-60.69,1,1,0,1,1,1,1,1
2026-03-28 12:30:45.650,1062.249,-2,10,7,-60.1,1,1,0,1,1,1,1,1
2026-03-28 12:30:45.698,1062.296,0,10,7,-59.7,1,1,0,1,1,1,1,1
2026-03-28 12:30:45.810,1062.408,1,10,8,-58.96,1,1,0,1,1,1,1,1
2026-03-28 12:30:45.921,1062.520,-2,7,8,-59.91,1,1,0,1,1,1,1,1
2026-03-28 12:30:46.002,1062.600,-2,7,8,-59.77,1,1,0,1,1,1,1,1
2026-03-28 12:30:46.035,1062.633,-1,7,8,-64.02,1,1,0,1,1,1,1,1
2026-03-28 12:30:46.130,1062.729,-2,7,8,-61.08,1,1,0,1,1,1,1,1
2026-03-28 12:30:46.226,1062.825,0,7,8,-59.6,1,1,0,1,1,1,1,1
2026-03-28 12:30:46.290,1062.888,0,7,8,-58.79,1,1,0,1,1,1,1,1
2026-03-28 12:30:46.386,1062.984,-1,7,8,-60.27,1,1,0,1,1,1,1,1
2026-03-28 12:30:46.562,1063.160,0,7,8,-59.43,1,1,0,1,1,1,1,1
2026-03-28 12:30:46.563,1063.162,-1,8,8,-59.73,1,1,0,1,1,1,1,1
2026-03-28 12:30:46.674,1063.272,-1,10,8,-60.41,1,1,0,1,1,1,1,1
2026-03-28 12:30:46.785,1063.384,-2,10,8,-61.44,1,1,0,1,1,1,1,1
2026-03-28 12:30:46.802,1063.400,0,10,8,-61.67,1,1,0,1,1,1,1,1
2026-03-28 12:30:46.898,1063.497,0,10,8,-60.24,1,1,0,1,1,1,1,1
2026-03-28 12:30:47.010,1063.609,0,7,8,-60.59,1,1,0,1,1,1,1,1
2026-03-28 12:30:47.138,1063.737,0,7,8,-60.86,1,1,0,1,1,1,1,1
2026-03-28 12:30:47.154,1063.752,0,10,8,-62.2,1,1,0,1,1,1,1,1
2026-03-28 12:30:47.187,1063.785,-1,11,8,-61.99,1,1,0,1,1,1,1,1
2026-03-28 12:30:47.362,1063.960,-1,7,8,-59.54,1,1,0,1,1,1,1,1
2026-03-28 12:30:47.427,1064.025,-2,7,8,-60.1,1,1,0,1,1,1,1,1
2026-03-28 12:30:47.506,1064.105,0,7,8,-61.12,1,1,0,1,1,1,1,1
2026-03-28 12:30:47.553,1064.152,0,7,8,-61.23,1,1,0,1,1,1,1,1
2026-03-28 12:30:47.618,1064.216,1,7,8,-60.9,1,1,0,1,1,1,1,1
2026-03-28 12:30:47.731,1064.329,1,8,8,-62.45,1,1,0,1,1,1,1,1
2026-03-28 12:30:47.858,1064.456,0,8,8,-59.03,1,1,0,1,1,1,1,1
2026-03-28 12:30:47.890,1064.489,-1,10,8,-60.94,1,1,0,1,1,1,1,1
2026-03-28 12:30:47.938,1064.536,-1,7,7,-60.51,1,1,0,1,1,1,1,1
2026-03-28 12:30:48.034,1064.632,0,10,8,-61.4,1,1,0,1,1,1,1,1
2026-03-28 12:30:48.162,1064.761,-1,10,8,-61.11,1,1,0,1,1,1,1,1
2026-03-28 12:30:48.242,1064.841,1,8,8,-59.58,1,1,0,1,1,1,1,1
2026-03-28 12:30:48.290,1064.888,-1,10,8,-59.31,1,1,0,1,1,1,1,1
2026-03-28 12:30:48.338,1064.936,0,7,8,-61.12,1,1,0,1,1,1,1,1
2026-03-28 12:30:48.434,1065.032,-1,7,8,-61.24,1,1,0,1,1,1,1,1
2026-03-28 12:30:48.529,1065.128,0,7,8,-61.25,1,1,0,1,1,1,1,1
2026-03-28 12:30:48.578,1065.176,0,10,8,-61.17,1,1,0,1,1,1,1,1
2026-03-28 12:30:48.658,1065.256,1,8,8,-62.13,1,1,0,1,1,1,1,1
2026-03-28 12:30:48.769,1065.368,1,8,8,-59.32,1,1,0,1,1,1,1,1
2026-03-28 12:30:48.850,1065.448,0,11,8,-61.02,1,1,0,1,1,1,1,1
2026-03-28 12:30:48.898,1065.496,0,10,8,-61.21,1,1,0,1,1,1,1,1
2026-03-28 12:30:49.026,1065.625,-1,10,8,-62.31,1,1,0,1,1,1,1,1
2026-03-28 12:30:49.105,1065.704,-1,7,8,-62.55,1,1,0,1,1,1,1,1
2026-03-28 12:30:49.169,1065.768,-1,10,8,-61.93,1,1,0,1,1,1,1,1
2026-03-28 12:30:49.282,1065.880,-1,10,8,-62.08,1,1,0,1,1,1,1,1
2026-03-28 12:30:49.410,1066.009,1,7,8,-62.18,1,1,0,1,1,1,1,1
2026-03-28 12:30:49.442,1066.040,0,10,8,-61.33,1,1,0,1,1,1,1,1
2026-03-28 12:30:49.538,1066.136,0,10,8,-62.62,1,1,0,1,1,1,1,1
2026-03-28 12:30:49.650,1066.248,0,10,7,-58.93,1,1,0,1,1,1,1,1
2026-03-28 12:30:49.762,1066.360,-2,10,7,-63.93,1,1,0,1,1,1,1,1
2026-03-28 12:30:49.764,1066.363,-1,10,8,-59.1,1,1,0,1,1,1,1,1
2026-03-28 12:30:49.858,1066.456,1,8,7,-61.48,1,1,0,1,1,1,1,1
2026-03-28 12:30:50.002,1066.600,0,10,8,-59.96,1,1,0,1,1,1,1,1
2026-03-28 12:30:50.034,1066.632,-2,10,8,-61.89,1,1,0,1,1,1,1,1
2026-03-28 12:30:50.098,1066.696,0,7,8,-60.68,1,1,0,1,1,1,1,1
2026-03-28 12:30:50.194,1066.792,-1,10,8,-61.84,1,1,0,1,1,1,1,1
2026-03-28 12:30:50.337,1066.936,-2,10,8,-59.5,1,1,0,1,1,1,1,1
2026-03-28 12:30:50.401,1067.000,0,7,8,-61.11,1,1,0,1,1,1,1,1
2026-03-28 12:30:50.482,1067.080,-2,10,8,-61.08,1,1,0,1,1,1,1,1
2026-03-28 12:30:50.578,1067.176,0,7,8,-61.26,1,1,0,1,1,1,1,1
2026-03-28 12:30:50.690,1067.288,-2,7,8,-60.94,1,1,0,1,1,1,1,1
2026-03-28 12:30:50.754,1067.352,-1,7,8,-61.91,1,1,0,1,1,1,1,1
2026-03-28 12:30:50.818,1067.416,-2,7,8,-61.21,1,1,0,1,1,1,1,1
2026-03-28 12:30:50.946,1067.544,-1,7,8,-60.07,1,1,0,1,1,1,1,1
2026-03-28 12:30:51.074,1067.672,-1,10,8,-61.87,1,1,0,1,1,1,1,1
2026-03-28 12:30:51.137,1067.736,-1,7,8,-60.63,1,1,0,1,1,1,1,1
2026-03-28 12:30:51.234,1067.832,0,10,8,-60.79,1,1,0,1,1,1,1,1
2026-03-28 12:30:51.346,1067.944,-2,7,8,-60.39,1,1,0,1,1,1,1,1
2026-03-28 12:30:51.378,1067.977,0,7,7,-60.63,1,1,0,1,1,1,1,1
2026-03-28 12:30:51.489,1068.087,0,7,8,-60.95,1,1,0,1,1,1,1,1
2026-03-28 12:30:51.538,1068.136,-1,10,8,-62.04,1,1,0,1,1,1,1,1
2026-03-28 12:30:51.634,1068.232,0,7,8,-62.66,1,1,0,1,1,1,1,1
2026-03-28 12:30:51.681,1068.279,-1,10,8,-62.48,1,1,0,1,1,1,1,1
2026-03-28 12:30:51.778,1068.376,-2,7,8,-60.2,1,1,0,1,1,1,1,1
2026-03-28 12:30:51.890,1068.488,0,10,8,-61.83,1,1,0,1,1,1,1,1
2026-03-28 12:30:51.906,1068.504,0,10,8,-60.12,1,1,0,1,1,1,1,1
2026-03-28 12:30:52.002,1068.600,0,7,8,-61.33,1,1,0,1,1,1,1,1
2026-03-28 12:30:52.114,1068.712,0,7,8,-61.83,1,1,0,1,1,1,1,1
2026-03-28 12:30:52.194,1068.792,-1,7,8,-61.97,1,1,0,1,1,1,1,1
2026-03-28 12:30:52.241,1068.840,-1,10,8,-61.72,1,1,0,1,1,1,1,1
2026-03-28 12:30:52.322,1068.920,0,7,8,-60.41,1,1,0,1,1,1,1,1
2026-03-28 12:30:52.418,1069.016,0,7,8,-59.56,1,1,0,1,1,1,1,1
2026-03-28 12:30:52.466,1069.064,0,7,8,-61.06,1,1,0,1,1,1,1,1
2026-03-28 12:30:52.594,1069.192,0,7,7,-61.15,1,1,0,1,1,1,1,1
2026-03-28 12:30:52.689,1069.288,0,7,8,-62.03,1,1,0,1,1,1,1,1
2026-03-28 12:30:52.754,1069.352,-1,7,8,-60.8,1,1,0,1,1,1,1,1
2026-03-28 12:30:52.818,1069.416,0,7,7,-61.19,1,1,0,1,1,1,1,1
2026-03-28 12:30:52.882,1069.480,1,8,8,-61.99,1,1,0,1,1,1,1,1
2026-03-28 12:30:52.978,1069.576,-1,10,8,-59.75,1,1,0,1,1,1,1,1
2026-03-28 12:30:53.073,1069.671,-1,7,8,-60.77,1,1,0,1,1,1,1,1
2026-03-28 12:30:53.105,1069.704,-1,10,8,-61.88,1,1,0,1,1,1,1,1
2026-03-28 12:30:53.154,1069.752,0,10,8,-61.6,1,1,0,1,1,1,1,1
2026-03-28 12:30:53.266,1069.864,-1,7,8,-61.06,1,1,0,1,1,1,1,1
2026-03-28 12:30:53.314,1069.912,0,10,8,-59.94,1,1,0,1,1,1,1,1
2026-03-28 12:30:53.362,1069.960,-1,7,8,-62.94,1,1,0,1,1,1,1,1
2026-03-28 12:30:53.442,1070.040,-1,7,7,-60.69,1,1,0,1,1,1,1,1
2026-03-28 12:30:53.474,1070.072,0,7,8,-62.64,1,1,0,1,1,1,1,1
2026-03-28 12:30:53.570,1070.168,-1,7,8,-63.32,1,1,0,1,1,1,1,1
2026-03-28 12:30:53.649,1070.248,-1,7,8,-62.03,1,1,0,1,1,1,1,1
2026-03-28 12:30:53.730,1070.328,-1,7,8,-59.68,1,1,0,1,1,1,1,1
2026-03-28 12:30:53.810,1070.408,-2,7,7,-60.6,1,1,0,1,1,1,1,1
2026-03-28 12:30:53.905,1070.503,0,7,8,-60.61,1,1,0,1,1,1,1,1
2026-03-28 12:30:54.018,1070.616,0,10,8,-62.95,1,1,0,1,1,1,1,1
2026-03-28 12:30:54.049,1070.648,0,10,8,-61.51,1,1,0,1,1,1,1,1
2026-03-28 12:30:54.161,1070.760,0,10,8,-60.86,1,1,0,1,1,1,1,1
2026-03-28 12:30:54.225,1070.824,0,7,8,-61.2,1,1,0,1,1,1,1,1
2026-03-28 12:30:54.322,1070.920,0,10,8,-61.89,1,1,0,1,1,1,1,1
2026-03-28 12:30:54.354,1070.952,0,10,8,-60.73,1,1,0,1,1,1,1,1
2026-03-28 12:30:54.465,1071.064,0,7,8,-60.9,1,1,0,1,1,1,1,1
2026-03-28 12:30:54.514,1071.113,1,8,8,-60.99,1,1,0,1,1,1,1,1
2026-03-28 12:30:54.595,1071.193,0,8,9,-63.84,1,1,0,1,1,1,1,1
2026-03-28 12:30:54.674,1071.273,1,8,8,-61.53,1,1,0,1,1,1,1,1
2026-03-28 12:30:54.722,1071.321,0,8,9,-63.16,1,1,0,1,1,1,1,1
2026-03-28 12:30:54.898,1071.496,1,11,8,-61.39,1,1,0,1,1,1,1,1
2026-03-28 12:30:55.010,1071.609,1,8,8,-63.14,1,1,0,1,1,1,1,1
2026-03-28 12:30:55.058,1071.656,1,11,8,-61.48,1,1,0,1,1,1,1,1
2026-03-28 12:30:55.138,1071.737,1,7,8,-60.61,1,1,0,1,1,1,1,1
2026-03-28 12:30:55.218,1071.816,0,8,7,-62.18,1,1,0,1,1,1,1,1
2026-03-28 12:30:55.346,1071.944,0,7,8,-62.91,1,1,0,1,1,1,1,1
2026-03-28 12:30:55.458,1072.056,-2,7,8,-61.72,1,1,0,1,1,1,1,1
2026-03-28 12:30:55.490,1072.088,-1,10,8,-62.33,1,1,0,1,1,1,1,1
2026-03-28 12:30:55.554,1072.153,-2,10,8,-60.69,1,1,0,1,1,1,1,1
2026-03-28 12:30:55.650,1072.249,-2,7,8,-61.01,1,1,0,1,1,1,1,1
2026-03-28 12:30:55.714,1072.312,0,7,8,-62.45,1,1,0,1,1,1,1,1
2026-03-28 12:30:55.874,1072.473,0,7,8,-62.1,1,1,0,1,1,1,1,1
2026-03-28 12:30:55.922,1072.520,0,7,8,-62.56,1,1,0,1,1,1,1,1
2026-03-28 12:30:55.986,1072.584,0,7,8,-60.69,1,1,0,1,1,1,1,1
2026-03-28 12:30:56.114,1072.713,-1,7,8,-60.48,1,1,0,1,1,1,1,1
2026-03-28 12:30:56.162,1072.760,0,10,8,-61.48,1,1,0,1,1,1,1,1
2026-03-28 12:30:56.210,1072.809,0,10,7,-62.65,1,1,0,1,1,1,1,1
2026-03-28 12:30:56.274,1072.872,-2,7,8,-61.48,1,1,0,1,1,1,1,1
2026-03-28 12:30:56.354,1072.952,-2,7,8,-63.03,1,1,0,1,1,1,1,1
2026-03-28 12:30:56.450,1073.048,0,7,8,-60.44,1,1,0,1,1,1,1,1
2026-03-28 12:30:56.513,1073.112,-1,7,8,-62.87,1,1,0,1,1,1,1,1
2026-03-28 12:30:56.641,1073.240,-1,7,7,-61.06,1,1,0,1,1,1,1,1
2026-03-28 12:30:56.690,1073.288,-1,7,8,-59.81,1,1,0,1,1,1,1,1
2026-03-28 12:30:56.738,1073.336,0,7,8,-62.02,1,1,0,1,1,1,1,1
2026-03-28 12:30:56.834,1073.432,-1,7,8,-61.78,1,1,0,1,1,1,1,1
2026-03-28 12:30:56.994,1073.593,-2,10,8,-60.52,1,1,0,1,1,1,1,1
2026-03-28 12:30:57.121,1073.719,0,7,8,-60.42,1,1,0,1,1,1,1,1
2026-03-28 12:30:57.202,1073.800,0,7,8,-61.23,1,1,0,1,1,1,1,1
2026-03-28 12:30:57.282,1073.880,-2,7,8,-60.66,1,1,0,1,1,1,1,1
2026-03-28 12:30:57.410,1074.008,-1,10,8,-62.24,1,1,0,1,1,1,1,1
2026-03-28 12:30:57.474,1074.072,0,7,8,-63.27,1,1,0,1,1,1,1,1
2026-03-28 12:30:57.521,1074.120,-1,7,8,-60.61,1,1,0,1,1,1,1,1
2026-03-28 12:30:57.618,1074.216,-1,10,8,-62.06,1,1,0,1,1,1,1,1
2026-03-28 12:30:57.745,1074.344,0,7,8,-61.23,1,1,0,1,1,1,1,1
2026-03-28 12:30:57.809,1074.408,0,7,8,-60.87,1,1,0,1,1,1,1,1
2026-03-28 12:30:57.889,1074.487,0,7,8,-61.63,1,1,0,1,1,1,1,1
2026-03-28 12:30:57.969,1074.568,0,7,8,-62.19,1,1,0,1,1,1,1,1
2026-03-28 12:30:58.049,1074.648,0,7,8,-58.98,1,1,0,1,1,1,1,1
2026-03-28 12:30:58.178,1074.776,0,10,7,-60.13,1,1,0,1,1,1,1,1
2026-03-28 12:30:58.257,1074.856,0,10,8,-60.39,1,1,0,1,1,1,1,1
2026-03-28 12:30:58.321,1074.920,-1,10,8,-61.54,1,1,0,1,1,1,1,1
2026-03-28 12:30:58.369,1074.968,0,10,8,-61.71,1,1,0,1,1,1,1,1
2026-03-28 12:30:58.449,1075.048,0,10,7,-61.42,1,1,0,1,1,1,1,1
2026-03-28 12:30:58.513,1075.112,-1,7,8,-62.42,1,1,0,1,1,1,1,1
2026-03-28 12:30:58.610,1075.208,-2,7,8,-59.96,1,1,0,1,1,1,1,1
2026-03-28 12:30:58.721,1075.319,0,7,8,-60.93,1,1,0,1,1,1,1,1
2026-03-28 12:30:58.753,1075.352,0,7,8,-60.26,1,1,0,1,1,1,1,1
2026-03-28 12:30:58.865,1075.464,0,7,8,-61.9,1,1,0,1,1,1,1,1
2026-03-28 12:30:58.913,1075.511,-1,7,8,-61.7,1,1,0,1,1,1,1,1
2026-03-28 12:30:59.057,1075.656,-2,7,8,-59.72,1,1,0,1,1,1,1,1
2026-03-28 12:30:59.121,1075.720,-2,10,8,-59.27,1,1,0,1,1,1,1,1
2026-03-28 12:30:59.170,1075.768,-1,7,8,-59.31,1,1,0,1,1,1,1,1
2026-03-28 12:30:59.281,1075.880,0,7,8,-61.23,1,1,0,1,1,1,1,1
2026-03-28 12:30:59.329,1075.928,0,10,8,-60.2,1,1,0,1,1,1,1,1
2026-03-28 12:30:59.426,1076.024,0,7,8,-62.62,1,1,0,1,1,1,1,1
2026-03-28 12:30:59.521,1076.120,-1,7,7,-60.81,1,1,0,1,1,1,1,1
2026-03-28 12:30:59.601,1076.200,-1,10,8,-59.74,1,1,0,1,1,1,1,1
2026-03-28 12:30:59.729,1076.327,0,10,8,-60.01,1,1,0,1,1,1,1,1
2026-03-28 12:30:59.794,1076.393,-1,7,8,-58.85,1,1,0,1,1,1,1,1
2026-03-28 12:30:59.858,1076.456,-2,7,7,-60.24,1,1,0,1,1,1,1,1
2026-03-28 12:30:59.968,1076.567,-1,7,8,-61.12,1,1,0,1,1,1,1,1
2026-03-28 12:31:00.034,1076.632,-1,7,7,-59.75,1,1,0,1,1,1,1,1
2026-03-28 12:31:00.113,1076.712,0,10,8,-60.75,1,1,0,1,1,1,1,1
2026-03-28 12:31:00.177,1076.776,0,10,8,-60.43,1,1,0,1,1,1,1,1
2026-03-28 12:31:00.274,1076.872,-2,7,8,-60.97,1,1,0,1,1,1,1,1
2026-03-28 12:31:00.353,1076.952,-1,7,8,-62.79,1,1,0,1,1,1,1,1
2026-03-28 12:31:00.434,1077.032,-2,10,8,-60.59,1,1,0,1,1,1,1,1
2026-03-28 12:31:00.513,1077.112,0,7,8,-61.06,1,1,0,1,1,1,1,1
2026-03-28 12:31:00.546,1077.144,-1,7,8,-60.17,1,1,0,1,1,1,1,1
2026-03-28 12:31:00.625,1077.224,-2,7,8,-61.72,1,1,0,1,1,1,1,1
2026-03-28 12:31:00.737,1077.335,-1,7,8,-59.37,1,1,0,1,1,1,1,1
2026-03-28 12:31:00.801,1077.400,0,7,8,-61.89,1,1,0,1,1,1,1,1
2026-03-28 12:31:00.897,1077.495,0,10,7,-60.35,1,1,0,1,1,1,1,1
2026-03-28 12:31:00.993,1077.592,-1,7,8,-59.76,1,1,0,1,1,1,1,1
2026-03-28 12:31:01.074,1077.673,-1,7,8,-59.23,1,1,0,1,1,1,1,1
2026-03-28 12:31:01.153,1077.752,-1,7,7,-61.56,1,1,0,1,1,1,1,1
2026-03-28 12:31:01.217,1077.816,0,7,8,-60.03,1,1,0,1,1,1,1,1
2026-03-28 12:31:01.265,1077.864,-2,7,7,-62.74,1,1,0,1,1,1,1,1
2026-03-28 12:31:01.393,1077.991,-1,7,8,-59.88,1,1,0,1,1,1,1,1
2026-03-28 12:31:01.457,1078.056,1,8,8,-60.44,1,1,0,1,1,1,1,1
2026-03-28 12:31:01.505,1078.104,-1,10,8,-60.06,1,1,0,1,1,1,1,1
2026-03-28 12:31:01.617,1078.216,-1,10,7,-60.67,1,1,0,1,1,1,1,1
2026-03-28 12:31:01.681,1078.280,-2,7,8,-59.49,1,1,0,1,1,1,1,1
2026-03-28 12:31:01.825,1078.423,0,10,8,-60.66,1,1,0,1,1,1,1,1
2026-03-28 12:31:01.858,1078.456,0,10,8,-61.28,1,1,0,1,1,1,1,1
2026-03-28 12:31:01.922,1078.520,0,10,8,-60.25,1,1,0,1,1,1,1,1
2026-03-28 12:31:02.000,1078.599,-1,7,8,-59.9,1,1,0,1,1,1,1,1
2026-03-28 12:31:02.081,1078.680,0,7,7,-62.18,1,1,0,1,1,1,1,1
2026-03-28 12:31:02.145,1078.744,-2,10,8,-60.76,1,1,0,1,1,1,1,1
2026-03-28 12:31:02.257,1078.856,0,7,8,-60.59,1,1,0,1,1,1,1,1
2026-03-28 12:31:02.321,1078.920,0,7,8,-61.81,1,1,0,1,1,1,1,1
2026-03-28 12:31:02.402,1079.000,-2,10,8,-60.35,1,1,0,1,1,1,1,1
2026-03-28 12:31:02.497,1079.096,0,10,7,-61.36,1,1,0,1,1,1,1,1
2026-03-28 12:31:02.545,1079.144,0,7,8,-59.27,1,1,0,1,1,1,1,1
2026-03-28 12:31:02.593,1079.192,-2,10,8,-60.72,1,1,0,1,1,1,1,1
2026-03-28 12:31:02.706,1079.304,-2,7,8,-59.98,1,1,0,1,1,1,1,1
2026-03-28 12:31:02.818,1079.416,-2,10,8,-58.51,1,1,0,1,1,1,1,1
2026-03-28 12:31:02.897,1079.495,-1,8,8,-60.94,1,1,0,1,1,1,1,1
2026-03-28 12:31:02.929,1079.528,0,7,8,-60.76,1,1,0,1,1,1,1,1
2026-03-28 12:31:03.010,1079.608,0,7,8,-59.95,1,1,0,1,1,1,1,1
2026-03-28 12:31:03.137,1079.735,-2,7,8,-61.28,1,1,0,1,1,1,1,1
2026-03-28 12:31:03.185,1079.784,-2,10,8,-59.85,1,1,0,1,1,1,1,1
2026-03-28 12:31:03.297,1079.896,-1,10,8,-60.85,1,1,0,1,1,1,1,1
2026-03-28 12:31:03.378,1079.977,0,7,8,-60.28,1,1,0,1,1,1,1,1
2026-03-28 12:31:03.458,1080.056,-2,10,7,-60.3,1,1,0,1,1,1,1,1
2026-03-28 12:31:03.505,1080.103,-2,10,8,-60.31,1,1,0,1,1,1,1,1
2026-03-28 12:31:03.601,1080.200,0,10,8,-60.66,1,1,0,1,1,1,1,1
2026-03-28 12:31:03.712,1080.311,0,7,7,-60.62,1,1,0,1,1,1,1,1
2026-03-28 12:31:03.761,1080.360,0,7,8,-60.58,1,1,0,1,1,1,1,1
2026-03-28 12:31:03.874,1080.472,-1,10,8,-60.69,1,1,0,1,1,1,1,1
2026-03-28 12:31:03.954,1080.552,-1,10,8,-60.97,1,1,0,1,1,1,1,1
2026-03-28 12:31:03.985,1080.584,-1,7,8,-59.4,1,1,0,1,1,1,1,1
2026-03-28 12:31:04.065,1080.663,-1,7,8,-60.81,1,1,0,1,1,1,1,1
2026-03-28 12:31:04.193,1080.792,-2,10,8,-61.47,1,1,0,1,1,1,1,1
2026-03-28 12:31:04.241,1080.840,0,7,8,-60.76,1,1,0,1,1,1,1,1
2026-03-28 12:31:04.369,1080.968,-1,10,8,-60.77,1,1,0,1,1,1,1,1
2026-03-28 12:31:04.401,1080.999,-1,7,8,-59.96,1,1,0,1,1,1,1,1
2026-03-28 12:31:04.481,1081.080,-1,10,8,-61.98,1,1,0,1,1,1,1,1
2026-03-28 12:31:04.610,1081.209,-1,7,8,-59.83,1,1,0,1,1,1,1,1
2026-03-28 12:31:04.673,1081.271,-1,11,8,-59.49,1,1,0,1,1,1,1,1
2026-03-28 12:31:04.769,1081.367,-1,10,8,-60.41,1,1,0,1,1,1,1,1
2026-03-28 12:31:04.833,1081.432,-2,10,8,-59.27,1,1,0,1,1,1,1,1
2026-03-28 12:31:04.978,1081.577,-2,10,8,-60.32,1,1,0,1,1,1,1,1
2026-03-28 12:31:05.010,1081.608,-1,7,8,-59.16,1,1,0,1,1,1,1,1
2026-03-28 12:31:05.089,1081.687,-1,11,8,-59.78,1,1,0,1,1,1,1,1
2026-03-28 12:31:05.186,1081.784,0,10,8,-59.64,1,1,0,1,1,1,1,1
2026-03-28 12:31:05.265,1081.863,-1,7,8,-61.64,1,1,0,1,1,1,1,1
2026-03-28 12:31:05.361,1081.960,-1,7,8,-60.05,1,1,0,1,1,1,1,1
2026-03-28 12:31:05.457,1082.055,-1,8,8,-60.68,1,1,0,1,1,1,1,1
2026-03-28 12:31:05.506,1082.104,-1,7,8,-62.55,1,1,0,1,1,1,1,1
2026-03-28 12:31:05.585,1082.183,-2,10,8,-62.32,1,1,0,1,1,1,1,1
2026-03-28 12:31:05.681,1082.279,-2,7,8,-61.06,1,1,0,1,1,1,1,1
2026-03-28 12:31:05.809,1082.408,0,7,8,-60.39,1,1,0,1,1,1,1,1
2026-03-28 12:31:05.840,1082.439,0,7,8,-62.02,1,1,0,1,1,1,1,1
2026-03-28 12:31:05.874,1082.472,-1,10,8,-59.6,1,1,0,1,1,1,1,1
2026-03-28 12:31:05.970,1082.568,-1,10,8,-61.21,1,1,0,1,1,1,1,1
2026-03-28 12:31:06.097,1082.695,0,10,8,-62.93,1,1,0,1,1,1,1,1
2026-03-28 12:31:06.162,1082.760,-1,7,8,-59.44,1,1,0,1,1,1,1,1
2026-03-28 12:31:06.241,1082.839,-1,10,8,-60.66,1,1,0,1,1,1,1,1
2026-03-28 12:31:06.321,1082.919,-1,8,8,-61.6,1,1,0,1,1,1,1,1
2026-03-28 12:31:06.337,1082.936,-1,11,8,-61.08,1,1,0,1,1,1,1,1
2026-03-28 12:31:06.417,1083.016,0,11,9,-63.99,1,1,0,1,1,1,1,1
2026-03-28 12:31:06.561,1083.160,0,11,8,-62.93,1,1,0,1,1,1,1,1
2026-03-28 12:31:06.609,1083.207,0,11,9,-62.29,1,1,0,1,1,1,1,1
2026-03-28 12:31:06.673,1083.272,0,11,8,-60.02,1,1,0,1,1,1,1,1
2026-03-28 12:31:06.801,1083.400,-1,11,9,-60.2,1,1,0,1,1,1,1,1
2026-03-28 12:31:06.833,1083.432,0,11,9,-60.68,1,1,0,1,1,1,1,1
2026-03-28 12:31:06.961,1083.560,0,8,8,-62.4,1,1,0,1,1,1,1,1
2026-03-28 12:31:07.009,1083.608,0,8,9,-60.28,1,1,0,1,1,1,1,1
2026-03-28 12:31:07.073,1083.672,0,8,9,-60.08,1,1,0,1,1,1,1,1
2026-03-28 12:31:07.217,1083.816,0,11,8,-60.58,1,1,0,1,1,1,1,1
2026-03-28 12:31:07.281,1083.880,-1,11,8,-60.82,1,1,0,1,1,1,1,1
2026-03-28 12:31:07.377,1083.975,-1,11,8,-60.46,1,1,0,1,1,1,1,1
2026-03-28 12:31:07.425,1084.023,0,8,9,-61.55,1,1,0,1,1,1,1,1
2026-03-28 12:31:07.553,1084.151,0,11,9,-61.53,1,1,0,1,1,1,1,1
2026-03-28 12:31:07.601,1084.200,0,11,9,-60.74,1,1,0,1,1,1,1,1
2026-03-28 12:31:07.633,1084.232,0,11,9,-61.55,1,1,0,1,1,1,1,1
2026-03-28 12:31:07.777,1084.376,1,11,8,-59.29,1,1,0,1,1,1,1,1
2026-03-28 12:31:07.825,1084.423,-1,8,8,-60.56,1,1,0,1,1,1,1,1
2026-03-28 12:31:07.921,1084.519,-1,10,8,-59.46,1,1,0,1,1,1,1,1
2026-03-28 12:31:07.953,1084.551,0,8,8,-61.56,1,1,0,1,1,1,1,1
2026-03-28 12:31:08.048,1084.646,-1,7,8,-62.76,1,1,0,1,1,1,1,1
2026-03-28 12:31:08.129,1084.727,-1,7,8,-60.03,1,1,0,1,1,1,1,1
2026-03-28 12:31:08.193,1084.791,0,7,8,-61.79,1,1,0,1,1,1,1,1
2026-03-28 12:31:08.241,1084.840,-1,10,8,-60.49,1,1,0,1,1,1,1,1
2026-03-28 12:31:08.385,1084.983,-2,7,8,-62.4,1,1,0,1,1,1,1,1
2026-03-28 12:31:08.417,1085.016,0,7,8,-63.5,1,1,0,1,1,1,1,1
2026-03-28 12:31:08.496,1085.095,0,10,8,-61.43,1,1,0,1,1,1,1,1
2026-03-28 12:31:08.609,1085.207,-1,7,8,-62.25,1,1,0,1,1,1,1,1
2026-03-28 12:31:08.657,1085.256,-1,10,8,-60.09,1,1,0,1,1,1,1,1
2026-03-28 12:31:08.770,1085.368,-1,7,8,-61.74,1,1,0,1,1,1,1,1
2026-03-28 12:31:08.833,1085.431,0,7,8,-59.72,1,1,0,1,1,1,1,1
2026-03-28 12:31:08.929,1085.527,-2,7,8,-60.43,1,1,0,1,1,1,1,1
2026-03-28 12:31:09.025,1085.623,-1,7,8,-60.9,1,1,0,1,1,1,1,1
2026-03-28 12:31:09.105,1085.703,-2,7,8,-61.22,1,1,0,1,1,1,1,1
2026-03-28 12:31:09.121,1085.719,0,7,8,-59.96,1,1,0,1,1,1,1,1
2026-03-28 12:31:09.217,1085.815,-1,7,8,-61.58,1,1,0,1,1,1,1,1
2026-03-28 12:31:09.329,1085.927,-1,7,8,-61.97,1,1,0,1,1,1,1,1
2026-03-28 12:31:09.378,1085.976,-1,7,7,-61.26,1,1,0,1,1,1,1,1
2026-03-28 12:31:09.457,1086.056,-2,7,8,-61.96,1,1,0,1,1,1,1,1
2026-03-28 12:31:09.553,1086.152,1,8,8,-62.93,1,1,0,1,1,1,1,1
2026-03-28 12:31:09.617,1086.215,-2,7,8,-61.16,1,1,0,1,1,1,1,1
2026-03-28 12:31:09.681,1086.280,-2,7,8,-59.03,1,1,0,1,1,1,1,1
2026-03-28 12:31:09.793,1086.391,0,7,8,-61.72,1,1,0,1,1,1,1,1
2026-03-28 12:31:09.825,1086.423,0,10,8,-60.01,1,1,0,1,1,1,1,1
2026-03-28 12:31:09.873,1086.472,-1,7,8,-61.43,1,1,0,1,1,1,1,1
2026-03-28 12:31:09.937,1086.536,1,7,8,-62.35,1,1,0,1,1,1,1,1
2026-03-28 12:31:10.017,1086.616,-1,7,8,-59.51,1,1,0,1,1,1,1,1
2026-03-28 12:31:10.081,1086.680,-1,10,8,-62.16,1,1,0,1,1,1,1,1
2026-03-28 12:31:10.129,1086.727,-1,8,8,-62.41,1,1,0,1,1,1,1,1
2026-03-28 12:31:10.209,1086.807,-1,10,8,-62.4,1,1,0,1,1,1,1,1
2026-03-28 12:31:10.305,1086.903,1,8,8,-62.65,1,1,0,1,1,1,1,1
2026-03-28 12:31:10.385,1086.983,0,7,8,-60.19,1,1,0,1,1,1,1,1
2026-03-28 12:31:10.481,1087.079,0,7,8,-59.3,1,1,0,1,1,1,1,1
2026-03-28 12:31:10.706,1087.304,1,10,8,-62.76,1,1,0,1,1,1,1,1
2026-03-28 12:31:10.817,1087.415,-1,7,8,-62.59,1,1,0,1,1,1,1,1
2026-03-28 12:31:10.913,1087.511,-1,10,8,-60.85,1,1,0,1,1,1,1,1
2026-03-28 12:31:10.977,1087.575,-1,7,8,-59.96,1,1,0,1,1,1,1,1
2026-03-28 12:31:11.025,1087.623,0,7,8,-62.28,1,1,0,1,1,1,1,1
2026-03-28 12:31:11.088,1087.686,-1,7,8,-62.06,1,1,0,1,1,1,1,1
2026-03-28 12:31:11.169,1087.767,-2,7,8,-62.01,1,1,0,1,1,1,1,1
2026-03-28 12:31:11.264,1087.862,-2,10,8,-61.11,1,1,0,1,1,1,1,1
2026-03-28 12:31:11.329,1087.927,-2,7,8,-61.12,1,1,0,1,1,1,1,1
2026-03-28 12:31:11.457,1088.055,-1,10,8,-61.34,1,1,0,1,1,1,1,1
2026-03-28 12:31:11.521,1088.119,0,10,8,-60.97,1,1,0,1,1,1,1,1
2026-03-28 12:31:11.553,1088.151,1,10,8,-59.41,1,1,0,1,1,1,1,1
2026-03-28 12:31:11.633,1088.232,-1,7,8,-62.04,1,1,0,1,1,1,1,1
2026-03-28 12:31:11.713,1088.311,0,7,8,-62.61,1,1,0,1,1,1,1,1
2026-03-28 12:31:11.808,1088.406,-1,7,8,-60.08,1,1,0,1,1,1,1,1
2026-03-28 12:31:11.889,1088.487,-1,7,8,-59.83,1,1,0,1,1,1,1,1
2026-03-28 12:31:11.985,1088.583,-2,10,8,-60.95,1,1,0,1,1,1,1,1
2026-03-28 12:31:12.097,1088.695,-1,10,8,-61.77,1,1,0,1,1,1,1,1
2026-03-28 12:31:12.145,1088.744,1,8,8,-61.55,1,1,0,1,1,1,1,1
2026-03-28 12:31:12.257,1088.856,1,10,8,-62.8,1,1,0,1,1,1,1,1
2026-03-28 12:31:12.289,1088.887,0,11,8,-61.84,1,1,0,1,1,1,1,1
2026-03-28 12:31:12.369,1088.968,-1,8,8,-63.48,1,1,0,1,1,1,1,1
2026-03-28 12:31:12.449,1089.048,1,8,8,-60.13,1,1,0,1,1,1,1,1
2026-03-28 12:31:12.545,1089.144,0,8,8,-63.84,1,1,0,1,1,1,1,1
2026-03-28 12:31:12.609,1089.208,-1,8,8,-60.18,1,1,0,1,1,1,1,1
2026-03-28 12:31:12.705,1089.304,1,10,8,-61.57,1,1,0,1,1,1,1,1
2026-03-28 12:31:12.753,1089.351,1,8,8,-59.63,1,1,0,1,1,1,1,1
2026-03-28 12:31:12.848,1089.447,1,8,8,-60.97,1,1,0,1,1,1,1,1
2026-03-28 12:31:12.912,1089.511,1,11,9,-60.48,1,1,0,1,1,1,1,1
2026-03-28 12:31:12.993,1089.591,1,11,8,-61.62,1,1,0,1,1,1,1,1
2026-03-28 12:31:13.105,1089.704,-1,11,8,-61.74,1,1,0,1,1,1,1,1
2026-03-28 12:31:13.169,1089.768,0,11,9,-61.38,1,1,0,1,1,1,1,1
2026-03-28 12:31:13.280,1089.879,1,8,9,-60.91,1,1,0,1,1,1,1,1
2026-03-28 12:31:13.361,1089.959,1,11,8,-61.0,1,1,0,1,1,1,1,1
2026-03-28 12:31:13.473,1090.071,1,11,9,-62.15,1,1,0,1,1,1,1,1
2026-03-28 12:31:13.505,1090.104,1,11,9,-60.55,1,1,0,1,1,1,1,1
2026-03-28 12:31:13.601,1090.200,0,11,9,-60.65,1,1,0,1,1,1,1,1
2026-03-28 12:31:13.696,1090.295,0,8,9,-59.74,1,1,0,1,1,1,1,1
2026-03-28 12:31:13.761,1090.359,-1,7,8,-62.65,1,1,0,1,1,1,1,1
2026-03-28 12:31:13.873,1090.472,-1,7,8,-62.12,1,1,0,1,1,1,1,1
2026-03-28 12:31:13.905,1090.504,0,10,8,-60.58,1,1,0,1,1,1,1,1
2026-03-28 12:31:14.001,1090.599,0,10,8,-61.39,1,1,0,1,1,1,1,1
2026-03-28 12:31:14.112,1090.711,-1,10,8,-62.57,1,1,0,1,1,1,1,1
2026-03-28 12:31:14.160,1090.759,0,7,8,-61.6,1,1,0,1,1,1,1,1
2026-03-28 12:31:14.241,1090.839,0,10,7,-64.5,1,1,0,1,1,1,1,1
2026-03-28 12:31:14.273,1090.871,1,8,8,-62.26,1,1,0,1,1,1,1,1
2026-03-28 12:31:14.432,1091.030,-1,11,8,-62.83,1,1,0,1,1,1,1,1
2026-03-28 12:31:14.448,1091.047,-1,11,9,-60.65,1,1,0,1,1,1,1,1
2026-03-28 12:31:14.529,1091.127,-1,8,8,-61.41,1,1,0,1,1,1,1,1
2026-03-28 12:31:14.593,1091.192,-1,11,9,-61.6,1,1,0,1,1,1,1,1
2026-03-28 12:31:14.720,1091.318,0,11,8,-63.92,1,1,0,1,1,1,1,1
2026-03-28 12:31:14.801,1091.399,-1,11,8,-61.8,1,1,0,1,1,1,1,1
2026-03-28 12:31:14.832,1091.431,1,8,8,-61.29,1,1,0,1,1,1,1,1
2026-03-28 12:31:14.929,1091.528,-1,10,8,-61.76,1,1,0,1,1,1,1,1
2026-03-28 12:31:14.993,1091.591,-1,11,9,-61.82,1,1,0,1,1,1,1,1
2026-03-28 12:31:15.169,1091.768,1,11,8,-61.11,1,1,0,1,1,1,1,1
2026-03-28 12:31:15.201,1091.799,0,8,8,-61.54,1,1,0,1,1,1,1,1
2026-03-28 12:31:15.280,1091.878,0,7,8,-61.25,1,1,0,1,1,1,1,1
2026-03-28 12:31:15.345,1091.943,-1,10,8,-61.66,1,1,0,1,1,1,1,1
2026-03-28 12:31:15.441,1092.039,-1,10,8,-60.5,1,1,0,1,1,1,1,1
2026-03-28 12:31:15.569,1092.168,-1,10,8,-61.5,1,1,0,1,1,1,1,1
2026-03-28 12:31:15.713,1092.311,-1,10,8,-60.72,1,1,0,1,1,1,1,1
2026-03-28 12:31:15.761,1092.359,-1,10,8,-62.74,1,1,0,1,1,1,1,1
2026-03-28 12:31:15.809,1092.407,1,11,8,-62.57,1,1,0,1,1,1,1,1
2026-03-28 12:31:15.905,1092.504,1,11,8,-61.6,1,1,0,1,1,1,1,1
2026-03-28 12:31:16.017,1092.615,1,11,8,-60.94,1,1,0,1,1,1,1,1
2026-03-28 12:31:16.097,1092.695,1,11,8,-61.85,1,1,0,1,1,1,1,1
2026-03-28 12:31:16.160,1092.759,0,8,9,-59.97,1,1,0,1,1,1,1,1
2026-03-28 12:31:16.273,1092.871,0,11,9,-62.24,1,1,0,1,1,1,1,1
2026-03-28 12:31:16.337,1092.935,0,8,8,-63.05,1,1,0,1,1,1,1,1
2026-03-28 12:31:16.401,1092.999,0,11,8,-62.49,1,1,0,1,1,1,1,1
2026-03-28 12:31:16.529,1093.127,-1,11,8,-62.54,1,1,0,1,1,1,1,1
2026-03-28 12:31:16.641,1093.239,-1,8,8,-60.06,1,1,0,1,1,1,1,1
2026-03-28 12:31:16.673,1093.271,1,10,8,-62.2,1,1,0,1,1,1,1,1
2026-03-28 12:31:16.784,1093.383,0,7,8,-61.94,1,1,0,1,1,1,1,1
2026-03-28 12:31:16.865,1093.463,-1,7,8,-61.92,1,1,0,1,1,1,1,1
2026-03-28 12:31:16.929,1093.528,-2,7,8,-63.05,1,1,0,1,1,1,1,1
2026-03-28 12:31:17.009,1093.607,-1,10,8,-60.77,1,1,0,1,1,1,1,1
2026-03-28 12:31:17.073,1093.671,-2,10,8,-61.06,1,1,0,1,1,1,1,1
2026-03-28 12:31:17.136,1093.735,-1,10,8,-61.7,1,1,0,1,1,1,1,1
2026-03-28 12:31:17.248,1093.846,-1,10,8,-62.03,1,1,0,1,1,1,1,1
2026-03-28 12:31:17.280,1093.879,0,8,8,-63.29,1,1,0,1,1,1,1,1
2026-03-28 12:31:17.425,1094.024,0,8,8,-62.52,1,1,0,1,1,1,1,1
2026-03-28 12:31:17.488,1094.087,-1,8,8,-63.17,1,1,0,1,1,1,1,1
2026-03-28 12:31:17.632,1094.231,-1,11,8,-61.61,1,1,0,1,1,1,1,1
2026-03-28 12:31:17.696,1094.295,-1,11,8,-61.29,1,1,0,1,1,1,1,1
2026-03-28 12:31:17.729,1094.327,1,11,8,-61.53,1,1,0,1,1,1,1,1
2026-03-28 12:31:17.777,1094.375,-1,11,9,-61.97,1,1,0,1,1,1,1,1
2026-03-28 12:31:17.841,1094.439,-1,11,8,-62.03,1,1,0,1,1,1,1,1
2026-03-28 12:31:17.921,1094.519,0,11,9,-62.27,1,1,0,1,1,1,1,1
2026-03-28 12:31:18.001,1094.599,0,11,8,-61.8,1,1,0,1,1,1,1,1
2026-03-28 12:31:18.048,1094.647,-1,7,8,-61.73,1,1,0,1,1,1,1,1
2026-03-28 12:31:18.160,1094.758,-2,10,8,-62.99,1,1,0,1,1,1,1,1
2026-03-28 12:31:18.288,1094.887,-1,7,8,-61.28,1,1,0,1,1,1,1,1
2026-03-28 12:31:18.337,1094.935,-1,7,8,-63.22,1,1,0,1,1,1,1,1
2026-03-28 12:31:18.464,1095.063,-1,7,8,-62.63,1,1,0,1,1,1,1,1
2026-03-28 12:31:18.562,1095.160,-1,10,8,-62.87,1,1,0,1,1,1,1,1
2026-03-28 12:31:18.593,1095.192,-1,8,8,-60.96,1,1,0,1,1,1,1,1
2026-03-28 12:31:18.672,1095.271,-1,8,8,-60.93,1,1,0,1,1,1,1,1
2026-03-28 12:31:18.769,1095.367,0,9,9,-62.44,1,1,0,1,1,1,1,1
2026-03-28 12:31:18.817,1095.415,-1,11,9,-60.94,1,1,0,1,1,1,1,1
2026-03-28 12:31:18.929,1095.527,-1,11,8,-62.96,1,1,0,1,1,1,1,1
2026-03-28 12:31:18.977,1095.575,-1,11,8,-63.63,1,1,0,1,1,1,1,1
2026-03-28 12:31:19.024,1095.623,0,8,8,-60.88,1,1,0,1,1,1,1,1
2026-03-28 12:31:19.137,1095.735,-1,8,9,-61.92,1,1,0,1,1,1,1,1
2026-03-28 12:31:19.185,1095.783,0,11,9,-62.54,1,1,0,1,1,1,1,1
2026-03-28 12:31:19.280,1095.878,0,8,8,-62.58,1,1,0,1,1,1,1,1
2026-03-28 12:31:19.392,1095.991,-1,10,8,-63.24,1,1,0,1,1,1,1,1
2026-03-28 12:31:19.408,1096.006,1,8,8,-62.48,1,1,0,1,1,1,1,1
2026-03-28 12:31:19.472,1096.071,1,7,8,-63.23,1,1,0,1,1,1,1,1
2026-03-28 12:31:19.616,1096.215,-1,7,8,-62.54,1,1,0,1,1,1,1,1
2026-03-28 12:31:19.680,1096.279,-1,10,8,-63.16,1,1,0,1,1,1,1,1
2026-03-28 12:31:19.745,1096.344,-1,7,8,-62.99,1,1,0,1,1,1,1,1
2026-03-28 12:31:19.793,1096.391,-2,7,8,-63.44,1,1,0,1,1,1,1,1
2026-03-28 12:31:19.905,1096.503,0,10,8,-62.14,1,1,0,1,1,1,1,1
2026-03-28 12:31:19.985,1096.583,-1,7,8,-61.41,1,1,0,1,1,1,1,1
2026-03-28 12:31:20.113,1096.711,-1,8,8,-60.63,1,1,0,1,1,1,1,1
2026-03-28 12:31:20.177,1096.775,0,8,9,-62.4,1,1,0,1,1,1,1,1
2026-03-28 12:31:20.257,1096.855,0,8,8,-62.56,1,1,0,1,1,1,1,1
2026-03-28 12:31:20.304,1096.903,-1,11,8,-63.12,1,1,0,1,1,1,1,1
2026-03-28 12:31:20.352,1096.951,-1,8,8,-63.93,1,1,0,1,1,1,1,1
2026-03-28 12:31:20.401,1096.999,-1,11,8,-62.62,1,1,0,1,1,1,1,1
2026-03-28 12:31:20.480,1097.079,1,8,9,-61.6,1,1,0,1,1,1,1,1
2026-03-28 12:31:20.560,1097.159,-1,8,9,-62.82,1,1,0,1,1,1,1,1
2026-03-28 12:31:20.609,1097.207,0,8,8,-63.21,1,1,0,1,1,1,1,1
2026-03-28 12:31:20.768,1097.367,-1,8,8,-61.74,1,1,0,1,1,1,1,1
2026-03-28 12:31:20.817,1097.415,-1,8,8,-61.48,1,1,0,1,1,1,1,1
2026-03-28 12:31:20.848,1097.447,-1,10,8,-61.68,1,1,0,1,1,1,1,1
2026-03-28 12:31:20.912,1097.511,0,7,8,-62.4,1,1,0,1,1,1,1,1
2026-03-28 12:31:21.009,1097.607,-1,10,8,-63.25,1,1,0,1,1,1,1,1
2026-03-28 12:31:21.105,1097.703,-1,7,8,-63.3,1,1,0,1,1,1,1,1
2026-03-28 12:31:21.152,1097.750,0,7,8,-63.67,1,1,0,1,1,1,1,1
2026-03-28 12:31:21.232,1097.830,0,7,8,-64.6,1,1,0,1,1,1,1,1
2026-03-28 12:31:21.280,1097.879,0,8,8,-62.31,1,1,0,1,1,1,1,1
2026-03-28 12:31:21.409,1098.007,1,11,8,-62.28,1,1,0,1,1,1,1,1
2026-03-28 12:31:21.457,1098.055,0,11,8,-62.27,1,1,0,1,1,1,1,1
2026-03-28 12:31:21.537,1098.135,0,11,8,-64.42,1,1,0,1,1,1,1,1
2026-03-28 12:31:21.585,1098.183,1,11,9,-63.02,1,1,0,1,1,1,1,1
2026-03-28 12:31:21.713,1098.311,1,8,8,-61.03,1,1,0,1,1,1,1,1
2026-03-28 12:31:21.840,1098.439,-1,8,8,-60.23,1,1,0,1,1,1,1,1
2026-03-28 12:31:21.872,1098.470,1,11,9,-61.44,1,1,0,1,1,1,1,1
2026-03-28 12:31:21.937,1098.535,0,8,8,-62.55,1,1,0,1,1,1,1,1
2026-03-28 12:31:22.048,1098.646,0,8,9,-61.52,1,1,0,1,1,1,1,1
2026-03-28 12:31:22.096,1098.695,1,8,8,-63.62,1,1,0,1,1,1,1,1
2026-03-28 12:31:22.241,1098.839,0,7,8,-61.94,1,1,0,1,1,1,1,1
2026-03-28 12:31:22.321,1098.919,-1,7,8,-61.76,1,1,0,1,1,1,1,1
2026-03-28 12:31:22.448,1099.047,-1,10,8,-64.18,1,1,0,1,1,1,1,1
2026-03-28 12:31:22.480,1099.079,-1,7,8,-62.2,1,1,0,1,1,1,1,1
2026-03-28 12:31:22.592,1099.190,-1,7,8,-63.62,1,1,0,1,1,1,1,1
2026-03-28 12:31:22.656,1099.255,0,10,8,-63.69,1,1,0,1,1,1,1,1
2026-03-28 12:31:22.784,1099.382,-1,11,9,-61.43,1,1,0,1,1,1,1,1
2026-03-28 12:31:22.832,1099.431,-1,10,8,-60.91,1,1,0,1,1,1,1,1
2026-03-28 12:31:22.912,1099.511,0,11,8,-64.34,1,1,0,1,1,1,1,1
2026-03-28 12:31:23.008,1099.607,-1,11,9,-62.72,1,1,0,1,1,1,1,1
2026-03-28 12:31:23.056,1099.655,0,8,9,-61.28,1,1,0,1,1,1,1,1
2026-03-28 12:31:23.152,1099.751,0,11,9,-64.32,1,1,0,1,1,1,1,1
2026-03-28 12:31:23.232,1099.831,-1,8,9,-63.14,1,1,0,1,1,1,1,1
2026-03-28 12:31:23.280,1099.879,-1,8,8,-64.43,1,1,0,1,1,1,1,1
2026-03-28 12:31:23.344,1099.942,-1,11,8,-65.49,1,1,0,1,1,1,1,1
2026-03-28 12:31:23.440,1100.038,-1,11,8,-60.92,1,1,0,1,1,1,1,1
2026-03-28 12:31:23.520,1100.118,-1,10,8,-63.9,1,1,0,1,1,1,1,1
2026-03-28 12:31:23.584,1100.182,-2,7,8,-66.23,1,1,0,1,1,1,1,1
2026-03-28 12:31:23.679,1100.278,-1,7,8,-63.74,1,1,0,1,1,1,1,1
2026-03-28 12:31:23.761,1100.359,-1,7,8,-60.39,1,1,0,1,1,1,1,1
2026-03-28 12:31:23.841,1100.439,-1,10,8,-66.57,1,1,0,1,1,1,1,1
2026-03-28 12:31:23.936,1100.535,-1,10,8,-63.7,1,1,0,1,1,1,1,1
2026-03-28 12:31:23.985,1100.583,-1,10,8,-59.96,1,1,0,1,1,1,1,1
2026-03-28 12:31:24.080,1100.679,0,8,8,-64.2,1,1,0,1,1,1,1,1
2026-03-28 12:31:24.160,1100.759,0,11,9,-64.35,1,1,0,1,1,1,1,1
2026-03-28 12:31:24.208,1100.806,0,11,8,-66.49,1,1,0,1,1,1,1,1
2026-03-28 12:31:24.320,1100.919,0,8,9,-61.99,1,1,0,1,1,1,1,1
2026-03-28 12:31:24.384,1100.983,-1,11,8,-63.23,1,1,0,1,1,1,1,1
2026-03-28 12:31:24.529,1101.127,-1,11,8,-65.52,1,1,0,1,1,1,1,1
2026-03-28 12:31:24.624,1101.222,-1,8,8,-63.58,1,1,0,1,1,1,1,1
2026-03-28 12:31:24.737,1101.335,1,8,8,-60.82,1,1,0,1,1,1,1,1
2026-03-28 12:31:24.768,1101.367,-1,11,8,-62.79,1,1,0,1,1,1,1,1
2026-03-28 12:31:24.864,1101.462,-1,11,8,-62.07,1,1,0,1,1,1,1,1
2026-03-28 12:31:24.959,1101.558,1,10,8,-64.24,1,1,0,1,1,1,1,1
2026-03-28 12:31:25.024,1101.622,-1,10,8,-62.8,1,1,0,1,1,1,1,1
2026-03-28 12:31:25.089,1101.687,-1,7,8,-61.25,1,1,0,1,1,1,1,1
2026-03-28 12:31:25.184,1101.783,-2,7,8,-64.53,1,1,0,1,1,1,1,1
2026-03-28 12:31:25.328,1101.927,-2,10,8,-64.34,1,1,0,1,1,1,1,1
2026-03-28 12:31:25.392,1101.990,-2,10,8,-63.98,1,1,0,1,1,1,1,1
2026-03-28 12:31:25.424,1102.023,-1,7,8,-63.84,1,1,0,1,1,1,1,1
2026-03-28 12:31:25.520,1102.118,-2,7,8,-63.27,1,1,0,1,1,1,1,1
2026-03-28 12:31:25.600,1102.198,-1,10,7,-64.56,1,1,0,1,1,1,1,1
2026-03-28 12:31:25.664,1102.262,0,10,8,-62.47,1,1,0,1,1,1,1,1
2026-03-28 12:31:25.744,1102.343,-2,10,8,-61.14,1,1,0,1,1,1,1,1
2026-03-28 12:31:25.824,1102.423,-2,7,7,-62.98,1,1,0,1,1,1,1,1
2026-03-28 12:31:25.952,1102.551,0,7,8,-64.83,1,1,0,1,1,1,1,1
2026-03-28 12:31:26.032,1102.631,-2,10,8,-63.96,1,1,0,1,1,1,1,1
2026-03-28 12:31:26.097,1102.695,-1,10,8,-66.99,1,1,0,1,1,1,1,1
2026-03-28 12:31:26.128,1102.727,-1,10,8,-65.32,1,1,0,1,1,1,1,1
2026-03-28 12:31:26.208,1102.807,0,10,8,-64.62,1,1,0,1,1,1,1,1
2026-03-28 12:31:26.272,1102.871,-1,7,8,-61.22,1,1,0,1,1,1,1,1
2026-03-28 12:31:26.369,1102.967,-2,10,8,-63.02,1,1,0,1,1,1,1,1
2026-03-28 12:31:26.496,1103.095,-2,10,8,-61.68,1,1,0,1,1,1,1,1
2026-03-28 12:31:26.560,1103.158,-2,10,8,-66.37,1,1,0,1,1,1,1,1
2026-03-28 12:31:26.624,1103.223,-1,10,8,-67.92,1,1,0,1,1,1,1,1
2026-03-28 12:31:26.736,1103.335,-2,7,8,-65.78,1,1,0,1,1,1,1,1
2026-03-28 12:31:26.816,1103.414,-1,7,8,-62.45,1,1,0,1,1,1,1,1
2026-03-28 12:31:26.881,1103.479,-2,10,7,-65.82,1,1,0,1,1,1,1,1
2026-03-28 12:31:26.976,1103.575,-2,7,8,-64.33,1,1,0,1,1,1,1,1
2026-03-28 12:31:27.007,1103.606,0,7,8,-66.65,1,1,0,1,1,1,1,1
2026-03-28 12:31:27.088,1103.687,-1,7,7,-70.03,1,1,0,1,1,1,1,1
2026-03-28 12:31:27.168,1103.767,-2,10,7,-67.77,1,1,0,1,1,1,1,1
2026-03-28 12:31:27.280,1103.878,-2,10,8,-62.57,1,1,0,1,1,1,1,1
2026-03-28 12:31:27.360,1103.959,0,10,8,-61.36,1,1,0,1,1,1,1,1
2026-03-28 12:31:27.408,1104.007,0,7,8,-64.18,1,1,0,1,1,1,1,1
2026-03-28 12:31:27.488,1104.086,0,10,8,-65.45,1,1,0,1,1,1,1,1
2026-03-28 12:31:27.536,1104.135,-2,10,8,-62.36,1,1,0,1,1,1,1,1
2026-03-28 12:31:27.648,1104.246,-1,10,8,-63.68,1,1,0,1,1,1,1,1
2026-03-28 12:31:27.744,1104.343,-2,10,8,-61.49,1,1,0,1,1,1,1,1
2026-03-28 12:31:27.792,1104.390,0,10,8,-65.41,1,1,0,1,1,1,1,1
2026-03-28 12:31:27.856,1104.454,0,10,7,-62.93,1,1,0,1,1,1,1,1
2026-03-28 12:31:27.968,1104.567,0,7,8,-64.31,1,1,0,1,1,1,1,1
2026-03-28 12:31:28.032,1104.630,-2,7,8,-65.65,1,1,0,1,1,1,1,1
2026-03-28 12:31:28.097,1104.696,-2,7,8,-67.15,1,1,0,1,1,1,1,1
2026-03-28 12:31:28.256,1104.854,0,10,8,-62.28,1,1,0,1,1,1,1,1
2026-03-28 12:31:28.352,1104.950,0,10,8,-64.33,1,1,0,1,1,1,1,1
2026-03-28 12:31:28.448,1105.046,0,7,7,-62.77,1,1,0,1,1,1,1,1
2026-03-28 12:31:28.512,1105.111,0,7,8,-68.75,1,1,0,1,1,1,1,1
2026-03-28 12:31:28.640,1105.239,0,10,7,-68.08,1,1,0,1,1,1,1,1
2026-03-28 12:31:28.656,1105.255,-1,7,8,-63.44,1,1,0,1,1,1,1,1
2026-03-28 12:31:28.800,1105.399,-1,7,8,-61.35,1,1,0,1,1,1,1,1
2026-03-28 12:31:28.864,1105.462,-2,10,8,-64.47,1,1,0,1,1,1,1,1
2026-03-28 12:31:28.911,1105.510,-2,7,8,-62.78,1,1,0,1,1,1,1,1
2026-03-28 12:31:29.024,1105.623,-1,7,7,-62.53,1,1,0,1,1,1,1,1
2026-03-28 12:31:29.072,1105.670,-1,10,8,-63.92,1,1,0,1,1,1,1,1
2026-03-28 12:31:29.152,1105.750,-2,10,8,-63.34,1,1,0,1,1,1,1,1
2026-03-28 12:31:29.232,1105.831,-2,10,8,-64.25,1,1,0,1,1,1,1,1
2026-03-28 12:31:29.360,1105.958,0,10,8,-61.5,1,1,0,1,1,1,1,1
2026-03-28 12:31:29.424,1106.023,0,7,8,-64.07,1,1,0,1,1,1,1,1
2026-03-28 12:31:29.489,1106.087,0,7,8,-59.83,1,1,0,1,1,1,1,1
2026-03-28 12:31:29.568,1106.167,-2,10,8,-65.06,1,1,0,1,1,1,1,1
2026-03-28 12:31:29.632,1106.231,-2,10,8,-63.48,1,1,0,1,1,1,1,1
2026-03-28 12:31:29.777,1106.375,0,10,8,-61.14,1,1,0,1,1,1,1,1
2026-03-28 12:31:29.792,1106.391,0,10,8,-62.31,1,1,0,1,1,1,1,1
2026-03-28 12:31:29.951,1106.550,0,10,8,-63.96,1,1,0,1,1,1,1,1
2026-03-28 12:31:30.000,1106.599,-2,10,8,-61.04,1,1,0,1,1,1,1,1
2026-03-28 12:31:30.112,1106.711,-1,10,8,-61.59,1,1,0,1,1,1,1,1
2026-03-28 12:31:30.144,1106.743,-2,10,8,-61.28,1,1,0,1,1,1,1,1
2026-03-28 12:31:30.272,1106.871,-2,7,8,-61.7,1,1,0,1,1,1,1,1
2026-03-28 12:31:30.320,1106.918,0,7,8,-61.13,1,1,0,1,1,1,1,1
2026-03-28 12:31:30.432,1107.030,0,10,8,-60.08,1,1,0,1,1,1,1,1
2026-03-28 12:31:30.496,1107.094,-2,9,8,-63.17,1,1,0,1,1,1,1,1
2026-03-28 12:31:30.592,1107.190,-2,7,8,-60.73,1,1,0,1,1,1,1,1
2026-03-28 12:31:30.671,1107.270,0,10,8,-64.21,1,1,0,1,1,1,1,1
2026-03-28 12:31:30.752,1107.351,-2,10,8,-65.12,1,1,0,1,1,1,1,1
2026-03-28 12:31:30.815,1107.414,0,10,8,-60.07,1,1,0,1,1,1,1,1
2026-03-28 12:31:30.928,1107.527,-2,7,8,-61.79,1,1,0,1,1,1,1,1
2026-03-28 12:31:31.008,1107.606,-2,10,8,-61.21,1,1,0,1,1,1,1,1
2026-03-28 12:31:31.040,1107.638,-2,10,8,-63.59,1,1,0,1,1,1,1,1
2026-03-28 12:31:31.168,1107.767,0,10,8,-61.59,1,1,0,1,1,1,1,1
2026-03-28 12:31:31.232,1107.831,0,7,8,-62.85,1,1,0,1,1,1,1,1
2026-03-28 12:31:31.312,1107.910,-2,7,8,-61.66,1,1,0,1,1,1,1,1
2026-03-28 12:31:31.456,1108.055,-1,7,8,-62.09,1,1,0,1,1,1,1,1
2026-03-28 12:31:31.536,1108.134,0,10,8,-59.81,1,1,0,1,1,1,1,1
2026-03-28 12:31:31.568,1108.167,-2,10,8,-63.13,1,1,0,1,1,1,1,1
2026-03-28 12:31:31.664,1108.262,0,10,8,-60.07,1,1,0,1,1,1,1,1
2026-03-28 12:31:31.776,1108.374,0,10,8,-64.64,1,1,0,1,1,1,1,1
2026-03-28 12:31:31.807,1108.405,0,10,8,-66.58,1,1,0,1,1,1,1,1
2026-03-28 12:31:31.871,1108.469,0,7,7,-62.51,1,1,0,1,1,1,1,1
2026-03-28 12:31:31.936,1108.535,0,10,8,-59.87,1,1,0,1,1,1,1,1
2026-03-28 12:31:32.016,1108.614,0,7,8,-62.11,1,1,0,1,1,1,1,1
2026-03-28 12:31:32.111,1108.709,0,10,8,-60.3,1,1,0,1,1,1,1,1
2026-03-28 12:31:32.175,1108.773,0,10,8,-61.8,1,1,0,1,1,1,1,1
2026-03-28 12:31:32.255,1108.854,0,10,7,-61.04,1,1,0,1,1,1,1,1
2026-03-28 12:31:32.336,1108.934,0,10,8,-63.45,1,1,0,1,1,1,1,1
2026-03-28 12:31:32.415,1109.013,0,10,8,-60.8,1,1,0,1,1,1,1,1
2026-03-28 12:31:32.527,1109.125,0,7,8,-61.65,1,1,0,1,1,1,1,1
2026-03-28 12:31:32.639,1109.238,0,7,7,-60.49,1,1,0,1,1,1,1,1
2026-03-28 12:31:32.703,1109.301,0,10,7,-62.17,1,1,0,1,1,1,1,1
2026-03-28 12:31:32.751,1109.349,0,10,8,-63.22,1,1,0,1,1,1,1,1
2026-03-28 12:31:32.800,1109.398,0,10,8,-62.23,1,1,0,1,1,1,1,1
2026-03-28 12:31:32.944,1109.542,0,10,8,-60.64,1,1,0,1,1,1,1,1
2026-03-28 12:31:32.992,1109.590,0,7,8,-61.56,1,1,0,1,1,1,1,1
2026-03-28 12:31:33.055,1109.654,0,7,8,-62.2,1,1,0,1,1,1,1,1
2026-03-28 12:31:33.136,1109.734,0,10,8,-60.4,1,1,0,1,1,1,1,1
2026-03-28 12:31:33.248,1109.846,-2,7,8,-61.83,1,1,0,1,1,1,1,1
2026-03-28 12:31:33.296,1109.894,-1,10,8,-61.98,1,1,0,1,1,1,1,1
2026-03-28 12:31:33.375,1109.974,-1,7,8,-62.04,1,1,0,1,1,1,1,1
2026-03-28 12:31:33.488,1110.086,-1,7,8,-59.31,1,1,0,1,1,1,1,1
2026-03-28 12:31:33.567,1110.165,0,10,8,-60.83,1,1,0,1,1,1,1,1
2026-03-28 12:31:33.647,1110.246,0,10,8,-60.16,1,1,0,1,1,1,1,1
2026-03-28 12:31:33.759,1110.358,0,7,8,-63.92,1,1,0,1,1,1,1,1
2026-03-28 12:31:33.791,1110.390,0,10,7,-63.39,1,1,0,1,1,1,1,1
2026-03-28 12:31:33.856,1110.454,0,8,8,-62.75,1,1,0,1,1,1,1,1
2026-03-28 12:31:33.919,1110.518,0,10,8,-59.39,1,1,0,1,1,1,1,1
2026-03-28 12:31:34.016,1110.614,0,7,8,-62.51,1,1,0,1,1,1,1,1
2026-03-28 12:31:34.160,1110.758,0,7,8,-61.8,1,1,0,1,1,1,1,1
2026-03-28 12:31:34.191,1110.790,0,10,8,-61.63,1,1,0,1,1,1,1,1
2026-03-28 12:31:34.240,1110.838,0,7,8,-60.33,1,1,0,1,1,1,1,1
2026-03-28 12:31:34.351,1110.950,-2,10,8,-61.44,1,1,0,1,1,1,1,1
2026-03-28 12:31:34.448,1111.046,-1,7,8,-60.52,1,1,0,1,1,1,1,1
2026-03-28 12:31:34.496,1111.095,0,10,8,-59.37,1,1,0,1,1,1,1,1
2026-03-28 12:31:34.575,1111.174,0,7,8,-63.76,1,1,0,1,1,1,1,1
2026-03-28 12:31:34.640,1111.238,0,7,8,-61.07,1,1,0,1,1,1,1,1
2026-03-28 12:31:34.720,1111.319,0,7,8,-60.59,1,1,0,1,1,1,1,1
2026-03-28 12:31:34.847,1111.445,-1,7,8,-62.25,1,1,0,1,1,1,1,1
2026-03-28 12:31:34.911,1111.510,0,10,8,-59.38,1,1,0,1,1,1,1,1
2026-03-28 12:31:35.007,1111.606,-2,7,8,-59.95,1,1,0,1,1,1,1,1
2026-03-28 12:31:35.087,1111.686,0,7,8,-61.62,1,1,0,1,1,1,1,1
2026-03-28 12:31:35.168,1111.766,-2,7,8,-60.82,1,1,0,1,1,1,1,1
2026-03-28 12:31:35.216,1111.815,-2,10,8,-62.21,1,1,0,1,1,1,1,1
2026-03-28 12:31:35.328,1111.926,0,10,8,-62.88,1,1,0,1,1,1,1,1
2026-03-28 12:31:35.423,1112.022,-1,10,8,-63.76,1,1,0,1,1,1,1,1
2026-03-28 12:31:35.503,1112.102,0,10,8,-59.82,1,1,0,1,1,1,1,1
2026-03-28 12:31:35.551,1112.150,0,7,8,-62.85,1,1,0,1,1,1,1,1
2026-03-28 12:31:35.631,1112.229,-1,10,8,-62.76,1,1,0,1,1,1,1,1
2026-03-28 12:31:35.711,1112.310,-2,10,10,-63.39,1,1,0,1,1,1,1,1
2026-03-28 12:31:35.808,1112.406,-2,10,10,-62.81,1,1,0,1,1,1,1,1
2026-03-28 12:31:35.872,1112.470,0,7,8,-62.14,1,1,0,1,1,1,1,1
2026-03-28 12:31:35.919,1112.518,0,10,8,-59.2,1,1,0,1,1,1,1,1
2026-03-28 12:31:36.015,1112.614,0,10,8,-63.04,1,1,0,1,1,1,1,1
2026-03-28 12:31:36.047,1112.646,0,7,8,-62.08,1,1,0,1,1,1,1,1
2026-03-28 12:31:36.191,1112.790,0,7,8,-63.52,1,1,0,1,1,1,1,1
2026-03-28 12:31:36.239,1112.838,0,10,8,-62.51,1,1,0,1,1,1,1,1
2026-03-28 12:31:36.304,1112.902,0,10,7,-64.21,1,1,0,1,1,1,1,1
2026-03-28 12:31:36.399,1112.997,0,7,7,-59.52,1,1,0,1,1,1,1,1
2026-03-28 12:31:36.463,1113.061,-2,10,8,-61.62,1,1,0,1,1,1,1,1
2026-03-28 12:31:36.591,1113.190,0,10,8,-61.22,1,1,0,1,1,1,1,1
2026-03-28 12:31:36.624,1113.222,0,10,7,-65.83,1,1,0,1,1,1,1,1
2026-03-28 12:31:36.688,1113.286,0,7,8,-60.75,1,1,0,1,1,1,1,1
2026-03-28 12:31:36.815,1113.413,0,7,8,-61.94,1,1,0,1,1,1,1,1
2026-03-28 12:31:36.864,1113.462,0,10,8,-59.46,1,1,0,1,1,1,1,1
2026-03-28 12:31:36.928,1113.526,0,10,8,-60.63,1,1,0,1,1,1,1,1
2026-03-28 12:31:36.991,1113.590,0,7,8,-63.78,1,1,0,1,1,1,1,1
2026-03-28 12:31:37.056,1113.654,0,10,8,-63.28,1,1,0,1,1,1,1,1
2026-03-28 12:31:37.135,1113.734,0,10,7,-64.2,1,1,0,1,1,1,1,1
2026-03-28 12:31:37.246,1113.845,0,7,8,-60.1,1,1,0,1,1,1,1,1
2026-03-28 12:31:37.359,1113.958,0,10,8,-62.17,1,1,0,1,1,1,1,1
2026-03-28 12:31:37.406,1114.005,0,10,7,-59.37,1,1,0,1,1,1,1,1
2026-03-28 12:31:37.487,1114.086,0,10,8,-63.89,1,1,0,1,1,1,1,1
2026-03-28 12:31:37.583,1114.182,0,10,8,-62.58,1,1,0,1,1,1,1,1
2026-03-28 12:31:37.695,1114.294,0,10,8,-59.77,1,1,0,1,1,1,1,1
2026-03-28 12:31:37.760,1114.358,0,7,8,-64.29,1,1,0,1,1,1,1,1
2026-03-28 12:31:37.872,1114.470,0,10,7,-60.28,1,1,0,1,1,1,1,1
2026-03-28 12:31:37.935,1114.534,0,7,8,-62.53,1,1,0,1,1,1,1,1
2026-03-28 12:31:38.016,1114.614,0,10,7,-61.87,1,1,0,1,1,1,1,1
2026-03-28 12:31:38.096,1114.694,0,7,8,-63.5,1,1,0,1,1,1,1,1
2026-03-28 12:31:38.159,1114.758,0,10,8,-60.03,1,1,0,1,1,1,1,1
2026-03-28 12:31:38.271,1114.870,0,10,8,-61.81,1,1,0,1,1,1,1,1
2026-03-28 12:31:38.383,1114.982,0,10,7,-60.55,1,1,0,1,1,1,1,1
2026-03-28 12:31:38.447,1115.046,0,10,8,-63.41,1,1,0,1,1,1,1,1
2026-03-28 12:31:38.543,1115.142,0,10,10,-60.43,1,1,0,1,1,1,1,1
2026-03-28 12:31:38.608,1115.206,-1,10,8,-59.41,1,1,0,1,1,1,1,1
2026-03-28 12:31:38.671,1115.270,0,10,8,-60.31,1,1,0,1,1,1,1,1
2026-03-28 12:31:38.768,1115.366,0,7,7,-61.39,1,1,0,1,1,1,1,1
2026-03-28 12:31:38.815,1115.414,-2,10,8,-60.34,1,1,0,1,1,1,1,1
2026-03-28 12:31:38.879,1115.478,0,7,10,-61.33,1,1,0,1,1,1,1,1
2026-03-28 12:31:38.976,1115.574,0,7,10,-63.36,1,1,0,1,1,1,1,1
2026-03-28 12:31:39.055,1115.654,0,7,7,-61.53,1,1,0,1,1,1,1,1
2026-03-28 12:31:39.184,1115.782,0,7,8,-60.45,1,1,0,1,1,1,1,1
2026-03-28 12:31:39.231,1115.830,0,10,10,-58.48,1,1,0,1,1,1,1,1
2026-03-28 12:31:39.311,1115.910,0,10,8,-61.47,1,1,0,1,1,1,1,1
2026-03-28 12:31:39.454,1116.053,-2,10,8,-61.97,1,1,0,1,1,1,1,1
2026-03-28 12:31:39.471,1116.070,0,10,8,-61.89,1,1,0,1,1,1,1,1
2026-03-28 12:31:39.631,1116.229,0,10,10,-60.25,1,1,0,1,1,1,1,1
2026-03-28 12:31:39.712,1116.310,0,7,10,-58.76,1,1,0,1,1,1,1,1
2026-03-28 12:31:39.807,1116.405,0,9,8,-61.34,1,1,0,1,1,1,1,1
2026-03-28 12:31:39.887,1116.486,-2,7,7,-60.79,1,1,0,1,1,1,1,1
2026-03-28 12:31:39.968,1116.566,0,7,8,-60.65,1,1,0,1,1,1,1,1
2026-03-28 12:31:40.048,1116.647,0,7,8,-62.45,1,1,0,1,1,1,1,1
