timestamp,elapsed_s,bottle_psi,tank_psi,chamber_psi,loadcell_lbs,gse_fill,gse_relief,gse_dump,rkt_ox,rkt_fuel,rkt_relief,rkt_dump,rkt_ign
2026-03-28 11:48:45.168,0.083,-2,4,7,-58.72,0,0,0,0,0,0,0,0
2026-03-28 11:48:45.248,0.162,-2,2,7,-58.63,0,0,0,0,0,0,0,0
2026-03-28 11:48:45.343,0.258,-2,1,7,-58.68,0,0,0,0,0,0,0,0
2026-03-28 11:48:45.424,0.338,-2,2,8,-58.81,0,0,0,0,0,0,0,0
2026-03-28 11:48:45.472,0.387,-2,2,8,-58.74,0,0,0,0,0,0,0,0
2026-03-28 11:48:45.600,0.514,-2,2,8,-58.79,0,0,0,0,0,0,0,0
2026-03-28 11:48:45.648,0.562,-2,1,7,-58.6,0,0,0,0,0,0,0,0
2026-03-28 11:48:45.775,0.690,-2,2,7,-58.8,0,0,0,0,0,0,0,0
2026-03-28 11:48:45.824,0.739,-2,2,7,-58.71,0,0,0,0,0,0,0,0
2026-03-28 11:48:45.936,0.851,-2,1,7,-58.7,0,0,0,0,0,0,0,0
2026-03-28 11:48:46.016,0.930,-2,4,7,-58.54,0,0,0,0,0,0,0,0
2026-03-28 11:48:46.111,1.026,-2,1,7,-58.58,0,0,0,0,0,0,0,0
2026-03-28 11:48:46.160,1.075,-2,1,7,-58.62,0,0,0,0,0,0,0,0
2026-03-28 11:48:46.256,1.170,-2,2,7,-58.65,0,0,0,0,0,0,0,0
2026-03-28 11:48:46.320,1.234,-2,1,7,-58.65,0,0,0,0,0,0,0,0
2026-03-28 11:48:46.416,1.331,-2,4,7,-58.56,0,0,0,0,0,0,0,0
2026-03-28 11:48:46.496,1.411,-2,2,7,-58.57,0,0,0,0,0,0,0,0
2026-03-28 11:48:46.544,1.458,-2,2,7,-58.68,0,0,0,0,0,0,0,0
2026-03-28 11:48:46.640,1.554,-2,2,7,-58.48,0,0,0,0,0,0,0,0
2026-03-28 11:48:46.736,1.650,-2,4,7,-58.67,0,0,0,0,0,0,0,0
2026-03-28 11:48:46.816,1.730,-2,4,7,-58.68,0,0,0,0,0,0,0,0
2026-03-28 11:48:46.944,1.858,-2,2,7,-58.57,0,0,0,0,0,0,0,0
2026-03-28 11:48:46.976,1.891,-2,1,7,-58.59,0,0,0,0,0,0,0,0
2026-03-28 11:48:47.072,1.986,-4,4,7,-58.66,0,0,0,0,0,0,0,0
2026-03-28 11:48:47.120,2.034,-4,1,7,-58.63,0,0,0,0,0,0,0,0
2026-03-28 11:48:47.248,2.163,-2,1,7,-58.77,0,0,0,0,0,0,0,0
2026-03-28 11:48:47.296,2.210,-2,1,7,-58.77,0,0,0,0,0,0,0,0
2026-03-28 11:48:47.440,2.354,-2,1,7,-58.73,0,0,0,0,0,0,0,0
2026-03-28 11:48:47.456,2.370,-2,1,8,-58.87,0,0,0,0,0,0,0,0
2026-03-28 11:48:47.568,2.483,-4,1,7,-58.9,0,0,0,0,0,0,0,0
2026-03-28 11:48:47.711,2.626,-2,2,7,-58.94,0,0,0,0,0,0,0,0
2026-03-28 11:48:47.712,2.627,-4,2,7,-58.89,0,0,0,0,0,0,0,0
2026-03-28 11:48:47.792,2.706,-2,1,7,-58.89,0,0,0,0,0,0,0,0
2026-03-28 11:48:47.920,2.835,-2,2,7,-58.75,0,0,0,0,0,0,0,0
2026-03-28 11:48:48.016,2.931,-2,2,7,-58.91,0,0,0,0,0,0,0,0
2026-03-28 11:48:48.113,3.027,-2,1,7,-58.71,0,0,0,0,0,0,0,0
2026-03-28 11:48:48.144,3.058,-2,2,7,-58.83,0,0,0,0,0,0,0,0
2026-03-28 11:48:48.208,3.122,-2,4,7,-58.9,0,0,0,0,0,0,0,0
2026-03-28 11:48:48.288,3.203,-2,1,7,-58.86,0,0,0,0,0,0,0,0
2026-03-28 11:48:48.400,3.315,-5,1,7,-58.89,0,0,0,0,0,0,0,0
2026-03-28 11:48:48.448,3.362,-2,4,7,-58.84,0,0,0,0,0,0,0,0
2026-03-28 11:48:48.560,3.475,-2,1,8,-58.98,0,0,0,0,0,0,0,0
2026-03-28 11:48:48.625,3.539,-4,1,7,-58.99,0,0,0,0,0,0,0,0
2026-03-28 11:48:48.768,3.683,-2,2,7,-58.97,0,0,0,0,0,0,0,0
2026-03-28 11:48:48.832,3.747,-2,1,7,-58.92,0,0,0,0,0,0,0,0
2026-03-28 11:48:48.879,3.794,-2,2,8,-58.93,0,0,0,0,0,0,0,0
2026-03-28 11:48:48.944,3.859,-1,2,7,-59.09,0,0,0,0,0,0,0,0
2026-03-28 11:48:49.121,4.035,-2,1,7,-58.99,0,0,0,0,0,0,0,0
2026-03-28 11:48:49.152,4.067,-5,1,7,-59.05,0,0,0,0,0,0,0,0
2026-03-28 11:48:49.232,4.146,-2,1,7,-58.89,0,0,0,0,0,0,0,0
2026-03-28 11:48:49.296,4.210,-2,1,7,-59.22,0,0,0,0,0,0,0,0
2026-03-28 11:48:49.392,4.306,-2,1,7,-59.37,0,0,0,0,0,0,0,0
2026-03-28 11:48:49.457,4.371,-2,4,7,-59.17,0,0,0,0,0,0,0,0
2026-03-28 11:48:49.504,4.419,-2,2,7,-59.02,0,0,0,0,0,0,0,0
2026-03-28 11:48:49.616,4.530,-2,2,7,-59.19,0,0,0,0,0,0,0,0
2026-03-28 11:48:49.696,4.610,-2,1,7,-59.17,0,0,0,0,0,0,0,0
2026-03-28 11:48:49.776,4.691,-4,4,7,-59.14,0,0,0,0,0,0,0,0
2026-03-28 11:48:49.920,4.834,-2,1,7,-59.03,0,0,0,0,0,0,0,0
2026-03-28 11:48:49.968,4.883,-5,2,7,-59.09,0,0,0,0,0,0,0,0
2026-03-28 11:48:50.064,4.979,-2,2,8,-59.05,0,0,0,0,0,0,0,0
2026-03-28 11:48:50.112,5.027,-5,1,7,-59.07,0,0,0,0,0,0,0,0
2026-03-28 11:48:50.208,5.123,-4,1,7,-59.12,0,0,0,0,0,0,0,0
2026-03-28 11:48:50.320,5.234,-2,1,7,-59.22,0,0,0,0,0,0,0,0
2026-03-28 11:48:50.384,5.298,-2,1,7,-59.13,0,0,0,0,0,0,0,0
2026-03-28 11:48:50.448,5.363,-2,4,7,-59.16,0,0,0,0,0,0,0,0
2026-03-28 11:48:50.559,5.474,-2,1,8,-58.95,0,0,0,0,0,0,0,0
2026-03-28 11:48:50.608,5.522,-2,2,7,-59.18,0,0,0,0,0,0,0,0
2026-03-28 11:48:50.704,5.619,-2,4,7,-59.25,0,0,0,0,0,0,0,0
2026-03-28 11:48:50.784,5.699,-4,4,7,-59.3,0,0,0,0,0,0,0,0
2026-03-28 11:48:50.864,5.778,-2,2,8,-59.09,0,0,0,0,0,0,0,0
2026-03-28 11:48:50.944,5.858,-2,2,7,-59.16,0,0,0,0,0,0,0,0
2026-03-28 11:48:51.088,6.002,-4,2,7,-59.25,0,0,0,0,0,0,0,0
2026-03-28 11:48:51.120,6.034,-4,1,7,-59.31,0,0,0,0,0,0,0,0
2026-03-28 11:48:51.216,6.131,-2,4,8,-59.18,0,0,0,0,0,0,0,0
2026-03-28 11:48:51.296,6.211,-2,2,8,-59.29,0,0,0,0,0,0,0,0
2026-03-28 11:48:51.359,6.274,-2,1,7,-59.37,0,0,0,0,0,0,0,0
2026-03-28 11:48:51.504,6.419,-2,1,8,-59.32,0,0,0,0,0,0,0,0
2026-03-28 11:48:51.536,6.450,-4,1,7,-59.36,0,0,0,0,0,0,0,0
2026-03-28 11:48:51.600,6.515,-2,1,7,-59.31,0,0,0,0,0,0,0,0
2026-03-28 11:48:51.696,6.610,-2,1,7,-59.31,0,0,0,0,0,0,0,0
2026-03-28 11:48:51.760,6.674,-2,1,7,-59.3,0,0,0,0,0,0,0,0
2026-03-28 11:48:51.856,6.770,-5,3,7,-59.11,0,0,0,0,0,0,0,0
2026-03-28 11:48:51.968,6.882,-2,1,7,-59.23,0,0,0,0,0,0,0,0
2026-03-28 11:48:52.016,6.931,-2,2,8,-59.35,0,0,0,0,0,0,0,0
2026-03-28 11:48:52.112,7.027,-4,1,7,-59.24,0,0,0,0,0,0,0,0
2026-03-28 11:48:52.208,7.123,-2,4,7,-59.14,0,0,0,0,0,0,0,0
2026-03-28 11:48:52.288,7.202,-2,1,7,-59.15,0,0,0,0,0,0,0,0
2026-03-28 11:48:52.384,7.298,-2,1,7,-59.4,0,0,0,0,0,0,0,0
2026-03-28 11:48:52.448,7.362,-4,1,7,-59.35,0,0,0,0,0,0,0,0
2026-03-28 11:48:52.528,7.442,-2,1,7,-59.36,0,0,0,0,0,0,0,0
2026-03-28 11:48:52.656,7.571,-2,1,7,-59.2,0,0,0,0,0,0,0,0
2026-03-28 11:48:52.720,7.634,-4,1,7,-59.36,0,0,0,0,0,0,0,0
2026-03-28 11:48:52.784,7.699,-4,2,7,-59.37,0,0,0,0,0,0,0,0
2026-03-28 11:48:52.897,7.811,-2,1,7,-59.35,0,0,0,0,0,0,0,0
2026-03-28 11:48:52.944,7.859,-2,2,7,-59.19,0,0,0,0,0,0,0,0
2026-03-28 11:48:53.008,7.922,-2,2,7,-59.26,0,0,0,0,0,0,0,0
2026-03-28 11:48:53.152,8.067,-2,2,8,-59.41,0,0,0,0,0,0,0,0
2026-03-28 11:48:53.200,8.115,-4,4,7,-59.34,0,0,0,0,0,0,0,0
2026-03-28 11:48:53.311,8.225,-2,2,8,-59.36,0,0,0,0,0,0,0,0
2026-03-28 11:48:53.344,8.258,-2,1,7,-59.3,0,0,0,0,0,0,0,0
2026-03-28 11:48:53.440,8.354,-2,1,7,-59.52,0,0,0,0,0,0,0,0
2026-03-28 11:48:53.520,8.434,-2,1,7,-59.33,0,0,0,0,0,0,0,0
2026-03-28 11:48:53.568,8.482,-5,1,7,-59.18,0,0,0,0,0,0,0,0
2026-03-28 11:48:53.680,8.594,-2,4,8,-59.22,0,0,0,0,0,0,0,0
2026-03-28 11:48:53.808,8.722,-2,1,7,-59.19,0,0,0,0,0,0,0,0
2026-03-28 11:48:53.824,8.738,-4,2,7,-59.3,0,0,0,0,0,0,0,0
2026-03-28 11:48:53.984,8.898,-4,1,7,-59.12,0,0,0,0,0,0,0,0
2026-03-28 11:48:54.031,8.946,-2,4,7,-59.25,0,0,0,0,0,0,0,0
2026-03-28 11:48:54.080,8.994,-2,1,7,-59.2,0,0,0,0,0,0,0,0
2026-03-28 11:48:54.191,9.105,-2,1,7,-59.09,0,0,0,0,0,0,0,0
2026-03-28 11:48:54.272,9.186,-2,1,7,-59.07,0,0,0,0,0,0,0,0
2026-03-28 11:48:54.336,9.250,-2,2,7,-59.07,0,0,0,0,0,0,0,0
2026-03-28 11:48:54.463,9.378,-2,2,8,-59.08,0,0,0,0,0,0,0,0
2026-03-28 11:48:54.544,9.458,-4,1,7,-59.25,0,0,0,0,0,0,0,0
2026-03-28 11:48:54.608,9.522,-2,1,7,-59.15,0,0,0,0,0,0,0,0
2026-03-28 11:48:54.688,9.603,-2,1,7,-59.1,0,0,0,0,0,0,0,0
2026-03-28 11:48:54.784,9.698,-2,2,8,-59.15,0,0,0,0,0,0,0,0
2026-03-28 11:48:54.816,9.730,-4,1,7,-59.29,0,0,0,0,0,0,0,0
2026-03-28 11:48:54.927,9.842,-2,2,7,-59.28,0,0,0,0,0,0,0,0
2026-03-28 11:48:54.976,9.890,-4,4,7,-59.09,0,0,0,0,0,0,0,0
2026-03-28 11:48:55.087,10.002,-4,2,7,-59.2,0,0,0,0,0,0,0,0
2026-03-28 11:48:55.199,10.113,-4,1,7,-59.17,0,0,0,0,0,0,0,0
2026-03-28 11:48:55.263,10.178,-2,1,7,-59.15,0,0,0,0,0,0,0,0
2026-03-28 11:48:55.360,10.275,-2,1,7,-59.03,0,0,0,0,0,0,0,0
2026-03-28 11:48:55.423,10.338,-2,1,7,-59.18,0,0,0,0,0,0,0,0
2026-03-28 11:48:55.520,10.435,-2,1,7,-59.2,0,0,0,0,0,0,0,0
2026-03-28 11:48:55.567,10.482,-2,1,7,-59.22,0,0,0,0,0,0,0,0
2026-03-28 11:48:55.647,10.562,-2,1,7,-58.99,0,0,0,0,0,0,0,0
2026-03-28 11:48:55.727,10.642,-4,2,8,-59.1,0,0,0,0,0,0,0,0
2026-03-28 11:48:55.887,10.802,-2,1,8,-58.96,0,0,0,0,0,0,0,0
2026-03-28 11:48:55.935,10.850,-2,1,8,-59.06,0,0,0,0,0,0,0,0
2026-03-28 11:48:55.968,10.882,-5,1,7,-58.82,0,0,0,0,0,0,0,0
2026-03-28 11:48:56.080,10.995,-2,4,7,-59.02,0,0,0,0,0,0,0,0
2026-03-28 11:48:56.144,11.058,-2,1,7,-58.93,0,0,0,0,0,0,0,0
2026-03-28 11:48:56.256,11.170,-2,4,7,-59.01,0,0,0,0,0,0,0,0
2026-03-28 11:48:56.320,11.234,-2,4,7,-58.85,0,0,0,0,0,0,0,0
2026-03-28 11:48:56.384,11.298,-4,4,8,-58.84,0,0,0,0,0,0,0,0
2026-03-28 11:48:56.463,11.377,-2,1,7,-59.07,0,0,0,0,0,0,0,0
2026-03-28 11:48:56.591,11.506,-2,4,7,-58.96,0,0,0,0,0,0,0,0
2026-03-28 11:48:56.655,11.570,-4,4,7,-59.01,0,0,0,0,0,0,0,0
2026-03-28 11:48:56.815,11.730,-2,1,7,-58.82,0,0,0,0,0,0,0,0
2026-03-28 11:48:56.863,11.777,-4,4,7,-58.9,0,0,0,0,0,0,0,0
2026-03-28 11:48:56.896,11.810,-4,4,8,-58.89,0,0,0,0,0,0,0,0
2026-03-28 11:48:56.975,11.890,-2,2,7,-58.84,0,0,0,0,0,0,0,0
2026-03-28 11:48:57.023,11.938,-2,1,7,-58.62,0,0,0,0,0,0,0,0
2026-03-28 11:48:57.135,12.050,-5,1,7,-58.57,0,0,0,0,0,0,0,0
2026-03-28 11:48:57.295,12.210,-2,4,7,-58.77,0,0,0,0,0,0,0,0
2026-03-28 11:48:57.344,12.258,-2,2,7,-58.57,0,0,0,0,0,0,0,0
2026-03-28 11:48:57.440,12.354,-2,2,7,-58.5,0,0,0,0,0,0,0,0
2026-03-28 11:48:57.519,12.433,-2,4,7,-58.54,0,0,0,0,0,0,0,0
2026-03-28 11:48:57.631,12.546,-2,2,7,-58.66,0,0,0,0,0,0,0,0
2026-03-28 11:48:57.695,12.609,-2,4,7,-58.45,0,0,0,0,0,0,0,0
2026-03-28 11:48:57.791,12.706,-2,4,7,-58.56,0,0,0,0,0,0,0,0
2026-03-28 11:48:57.887,12.802,-2,2,8,-58.47,0,0,0,0,0,0,0,0
2026-03-28 11:48:57.983,12.898,-2,4,7,-58.47,0,0,0,0,0,0,0,0
2026-03-28 11:48:58.015,12.930,-2,4,8,-58.51,0,0,0,0,0,0,0,0
2026-03-28 11:48:58.159,13.073,-2,2,7,-58.54,0,0,0,0,0,0,0,0
2026-03-28 11:48:58.256,13.170,-2,1,7,-58.41,0,0,0,0,0,0,0,0
2026-03-28 11:48:58.368,13.282,-2,4,7,-58.54,0,0,0,0,0,0,0,0
2026-03-28 11:48:58.416,13.330,-2,4,7,-58.48,0,0,0,0,0,0,0,0
2026-03-28 11:48:58.527,13.442,-4,4,7,-58.43,0,0,0,0,0,0,0,0
2026-03-28 11:48:58.608,13.522,-2,4,7,-58.5,0,0,0,0,0,0,0,0
2026-03-28 11:48:58.704,13.618,-2,1,7,-58.57,0,0,0,0,0,0,0,0
2026-03-28 11:48:58.814,13.729,-2,1,7,-58.53,0,0,0,0,0,0,0,0
2026-03-28 11:48:58.864,13.778,-2,1,7,-58.51,0,0,0,0,0,0,0,0
2026-03-28 11:48:58.960,13.874,-2,1,7,-58.27,0,0,0,0,0,0,0,0
2026-03-28 11:48:59.055,13.970,-4,1,7,-58.41,0,0,0,0,0,0,0,0
2026-03-28 11:48:59.135,14.050,-4,1,8,-58.33,0,0,0,0,0,0,0,0
2026-03-28 11:48:59.232,14.146,-4,4,7,-58.36,0,0,0,0,0,0,0,0
2026-03-28 11:48:59.279,14.194,-2,4,8,-58.45,0,0,0,0,0,0,0,0
2026-03-28 11:48:59.359,14.274,-2,4,7,-58.33,0,0,0,0,0,0,0,0
2026-03-28 11:48:59.439,14.354,-2,2,7,-58.34,0,0,0,0,0,0,0,0
2026-03-28 11:48:59.520,14.434,-4,2,8,-58.4,0,0,0,0,0,0,0,0
2026-03-28 11:48:59.615,14.530,-2,1,7,-58.4,0,0,0,0,0,0,0,0
2026-03-28 11:48:59.696,14.610,-5,1,7,-58.45,0,0,0,0,0,0,0,0
2026-03-28 11:48:59.792,14.706,-2,4,7,-58.48,0,0,0,0,0,0,0,0
2026-03-28 11:48:59.855,14.770,-2,1,7,-58.55,0,0,0,0,0,0,0,0
2026-03-28 11:48:59.952,14.866,-2,2,7,-58.46,0,0,0,0,0,0,0,0
2026-03-28 11:49:00.032,14.946,-2,2,8,-58.64,0,0,0,0,0,0,0,0
2026-03-28 11:49:00.095,15.010,-5,1,7,-58.48,0,0,0,0,0,0,0,0
2026-03-28 11:49:00.207,15.121,-5,4,7,-58.78,0,0,0,0,0,0,0,0
2026-03-28 11:49:00.287,15.201,-2,4,7,-58.66,0,0,0,0,0,0,0,0
2026-03-28 11:49:00.319,15.234,-2,4,7,-58.64,0,0,0,0,0,0,0,0
2026-03-28 11:49:00.415,15.330,-2,4,7,-58.58,0,0,0,0,0,0,0,0
2026-03-28 11:49:00.511,15.426,-2,4,7,-58.64,0,0,0,0,0,0,0,0
2026-03-28 11:49:00.607,15.522,-2,4,7,-58.93,0,0,0,0,0,0,0,0
2026-03-28 11:49:00.687,15.601,-2,4,7,-58.78,0,0,0,0,0,0,0,0
2026-03-28 11:49:00.799,15.713,-2,1,7,-58.87,0,0,0,0,0,0,0,0
2026-03-28 11:49:00.879,15.794,-2,4,7,-58.64,0,0,0,0,0,0,0,0
2026-03-28 11:49:00.944,15.858,-2,4,7,-58.75,0,0,0,0,0,0,0,0
2026-03-28 11:49:01.040,15.954,-4,4,8,-58.9,0,0,0,0,0,0,0,0
2026-03-28 11:49:01.104,16.018,-2,4,7,-58.77,0,0,0,0,0,0,0,0
2026-03-28 11:49:01.183,16.098,-4,4,7,-58.8,0,0,0,0,0,0,0,0
2026-03-28 11:49:01.264,16.178,-4,1,7,-58.77,0,0,0,0,0,0,0,0
2026-03-28 11:49:01.327,16.242,-2,4,8,-58.84,0,0,0,0,0,0,0,0
2026-03-28 11:49:01.424,16.338,-2,4,7,-58.64,0,0,0,0,0,0,0,0
2026-03-28 11:49:01.520,16.434,-2,1,7,-58.86,0,0,0,0,0,0,0,0
2026-03-28 11:49:01.584,16.498,-2,1,7,-58.83,0,0,0,0,0,0,0,0
2026-03-28 11:49:01.679,16.594,-2,2,7,-58.94,0,0,0,0,0,0,0,0
2026-03-28 11:49:01.791,16.706,-2,2,8,-58.81,0,0,0,0,0,0,0,0
2026-03-28 11:49:01.823,16.738,-2,4,7,-58.93,0,0,0,0,0,0,0,0
2026-03-28 11:49:01.952,16.866,-2,4,7,-58.86,0,0,0,0,0,0,0,0
2026-03-28 11:49:02.031,16.946,-2,4,7,-59.05,0,0,0,0,0,0,0,0
2026-03-28 11:49:02.080,16.995,-2,4,7,-59.04,0,0,0,0,0,0,0,0
2026-03-28 11:49:02.175,17.090,-2,4,7,-58.94,0,0,0,0,0,0,0,0
2026-03-28 11:49:02.271,17.185,-2,4,7,-59.04,0,0,0,0,0,0,0,0
2026-03-28 11:49:02.351,17.266,-4,4,7,-58.91,0,0,0,0,0,0,0,0
2026-03-28 11:49:02.463,17.378,-2,4,7,-58.86,0,0,0,0,0,0,0,0
2026-03-28 11:49:02.542,17.457,-2,4,7,-58.88,0,0,0,0,0,0,0,0
2026-03-28 11:49:02.639,17.554,-2,1,7,-58.93,0,0,0,0,0,0,0,0
2026-03-28 11:49:02.735,17.650,-4,1,7,-59.03,0,0,0,0,0,0,0,0
2026-03-28 11:49:02.831,17.745,-2,3,7,-59.11,0,0,0,0,0,0,0,0
2026-03-28 11:49:02.912,17.826,-2,1,7,-58.98,0,0,0,0,0,0,0,0
2026-03-28 11:49:03.007,17.922,-4,4,8,-59.06,0,0,0,0,0,0,0,0
2026-03-28 11:49:03.071,17.985,-2,2,7,-58.98,0,0,0,0,0,0,0,0
2026-03-28 11:49:03.167,18.081,-2,2,7,-59.12,0,0,0,0,0,0,0,0
2026-03-28 11:49:03.279,18.194,-4,4,7,-59.15,0,0,0,0,0,0,0,0
2026-03-28 11:49:03.359,18.274,-2,4,7,-58.99,0,0,0,0,0,0,0,0
2026-03-28 11:49:03.407,18.321,-2,4,7,-58.92,0,0,0,0,0,0,0,0
2026-03-28 11:49:03.488,18.402,-5,1,7,-59.06,0,0,0,0,0,0,0,0
2026-03-28 11:49:03.567,18.482,-4,2,7,-59.04,0,0,0,0,0,0,0,0
2026-03-28 11:49:03.664,18.578,-5,4,7,-58.92,0,0,0,0,0,0,0,0
2026-03-28 11:49:03.743,18.657,-2,4,7,-58.94,0,0,0,0,0,0,0,0
2026-03-28 11:49:03.791,18.705,-4,1,7,-58.96,0,0,0,0,0,0,0,0
2026-03-28 11:49:03.935,18.850,-2,2,7,-58.99,0,0,0,0,0,0,0,0
2026-03-28 11:49:03.999,18.914,-5,4,7,-59.1,0,0,0,0,0,0,0,0
2026-03-28 11:49:04.111,19.025,-2,4,7,-58.97,0,0,0,0,0,0,0,0
2026-03-28 11:49:04.191,19.105,-2,4,7,-59.06,0,0,0,0,0,0,0,0
2026-03-28 11:49:04.239,19.153,-2,4,7,-58.93,0,0,0,0,0,0,0,0
2026-03-28 11:49:04.319,19.234,-2,1,8,-59.11,0,0,0,0,0,0,0,0
2026-03-28 11:49:04.415,19.330,-2,1,7,-58.91,0,0,0,0,0,0,0,0
2026-03-28 11:49:04.494,19.409,-2,4,7,-58.97,0,0,0,0,0,0,0,0
2026-03-28 11:49:04.575,19.489,-2,1,7,-58.88,0,0,0,0,0,0,0,0
2026-03-28 11:49:04.655,19.570,-2,2,8,-58.8,0,0,0,0,0,0,0,0
2026-03-28 11:49:04.719,19.633,-2,1,7,-58.85,0,0,0,0,0,0,0,0
2026-03-28 11:49:04.768,19.682,-2,4,7,-58.9,0,0,0,0,0,0,0,0
2026-03-28 11:49:04.878,19.793,-2,4,7,-58.95,0,0,0,0,0,0,0,0
2026-03-28 11:49:04.975,19.889,-2,4,7,-58.88,0,0,0,0,0,0,0,0
2026-03-28 11:49:05.040,19.954,-2,4,7,-58.89,0,0,0,0,0,0,0,0
2026-03-28 11:49:05.102,20.017,-2,4,7,-58.83,0,0,0,0,0,0,0,0
2026-03-28 11:49:05.151,20.065,-2,1,7,-58.74,0,0,0,0,0,0,0,0
2026-03-28 11:49:05.247,20.162,-2,4,7,-58.81,0,0,0,0,0,0,0,0
2026-03-28 11:49:05.343,20.257,-2,4,7,-58.83,0,0,0,0,0,0,0,0
2026-03-28 11:49:05.456,20.370,-2,1,7,-58.75,0,0,0,0,0,0,0,0
2026-03-28 11:49:05.503,20.417,-2,2,7,-58.74,0,0,0,0,0,0,0,0
2026-03-28 11:49:05.583,20.498,-5,4,7,-58.68,0,0,0,0,0,0,0,0
2026-03-28 11:49:05.664,20.578,-2,4,7,-58.93,0,0,0,0,0,0,0,0
2026-03-28 11:49:05.775,20.689,-2,1,7,-58.76,0,0,0,0,0,0,0,0
2026-03-28 11:49:05.839,20.754,-2,4,7,-58.97,0,0,0,0,0,0,0,0
2026-03-28 11:49:05.904,20.818,-2,1,7,-58.87,0,0,0,0,0,0,0,0
2026-03-28 11:49:05.983,20.897,-2,1,7,-58.83,0,0,0,0,0,0,0,0
2026-03-28 11:49:06.048,20.962,-2,4,7,-58.85,0,0,0,0,0,0,0,0
2026-03-28 11:49:06.191,21.106,-2,1,7,-58.82,0,0,0,0,0,0,0,0
2026-03-28 11:49:06.255,21.170,-2,2,7,-58.93,0,0,0,0,0,0,0,0
2026-03-28 11:49:06.447,21.361,-2,2,7,-58.87,0,0,0,0,0,0,0,0
2026-03-28 11:49:06.543,21.458,-2,4,7,-58.84,0,0,0,0,0,0,0,0
2026-03-28 11:49:06.591,21.506,-2,1,7,-58.81,0,0,0,0,0,0,0,0
2026-03-28 11:49:06.639,21.554,-2,2,8,-58.76,0,0,0,0,0,0,0,0
2026-03-28 11:49:06.750,21.665,-2,2,7,-58.65,0,0,0,0,0,0,0,0
2026-03-28 11:49:06.831,21.746,-2,4,7,-58.7,0,0,0,0,0,0,0,0
2026-03-28 11:49:06.974,21.888,-2,2,7,-58.79,0,0,0,0,0,0,0,0
2026-03-28 11:49:07.055,21.969,-2,2,8,-58.72,0,0,0,0,0,0,0,0
2026-03-28 11:49:07.103,22.017,-2,1,7,-58.78,0,0,0,0,0,0,0,0
2026-03-28 11:49:07.215,22.129,-2,4,7,-58.67,0,0,0,0,0,0,0,0
2026-03-28 11:49:07.248,22.162,-2,4,8,-58.68,0,0,0,0,0,0,0,0
2026-03-28 11:49:07.407,22.322,-2,4,8,-58.74,0,0,0,0,0,0,0,0
2026-03-28 11:49:07.439,22.353,-2,1,7,-58.65,0,0,0,0,0,0,0,0
2026-03-28 11:49:07.550,22.465,-2,1,7,-58.7,0,0,0,0,0,0,0,0
2026-03-28 11:49:07.599,22.513,-2,4,7,-58.84,0,0,0,0,0,0,0,0
2026-03-28 11:49:07.695,22.609,-2,2,8,-58.84,0,0,0,0,0,0,0,0
2026-03-28 11:49:07.743,22.657,-2,2,7,-58.73,0,0,0,0,0,0,0,0
2026-03-28 11:49:07.807,22.721,-2,1,7,-58.82,0,0,0,0,0,0,0,0
2026-03-28 11:49:07.902,22.817,-2,4,7,-58.88,0,0,0,0,0,0,0,0
2026-03-28 11:49:07.998,22.913,-2,4,8,-58.84,0,0,0,0,0,0,0,0
2026-03-28 11:49:08.062,22.976,-2,1,7,-58.96,0,0,0,0,0,0,0,0
2026-03-28 11:49:08.175,23.089,-2,1,7,-58.92,0,0,0,0,0,0,0,0
2026-03-28 11:49:08.239,23.153,-2,2,7,-58.96,0,0,0,0,0,0,0,0
2026-03-28 11:49:08.303,23.217,-2,2,7,-58.92,0,0,0,0,0,0,0,0
2026-03-28 11:49:08.399,23.314,-2,4,7,-58.83,0,0,0,0,0,0,0,0
2026-03-28 11:49:08.527,23.441,-2,1,7,-58.78,0,0,0,0,0,0,0,0
2026-03-28 11:49:08.543,23.458,-2,4,8,-58.91,0,0,0,0,0,0,0,0
2026-03-28 11:49:08.607,23.521,-2,2,7,-58.76,0,0,0,0,0,0,0,0
2026-03-28 11:49:08.671,23.585,-2,1,7,-58.7,0,0,0,0,0,0,0,0
2026-03-28 11:49:08.815,23.730,-4,2,7,-58.76,0,0,0,0,0,0,0,0
2026-03-28 11:49:08.942,23.857,-2,1,7,-58.96,0,0,0,0,0,0,0,0
2026-03-28 11:49:09.007,23.922,-2,4,7,-58.96,0,0,0,0,0,0,0,0
2026-03-28 11:49:09.087,24.001,-2,4,7,-58.92,0,0,0,0,0,0,0,0
2026-03-28 11:49:09.103,24.017,-2,1,8,-58.74,0,0,0,0,0,0,0,0
2026-03-28 11:49:09.231,24.145,-2,4,8,-58.9,0,0,0,0,0,0,0,0
2026-03-28 11:49:09.311,24.225,-2,4,7,-58.74,0,0,0,0,0,0,0,0
2026-03-28 11:49:09.391,24.306,-2,1,7,-58.96,0,0,0,0,0,0,0,0
2026-03-28 11:49:09.439,24.354,-2,1,7,-58.91,0,0,0,0,0,0,0,0
2026-03-28 11:49:09.535,24.449,-2,4,7,-58.96,0,0,0,0,0,0,0,0
2026-03-28 11:49:09.646,24.560,-2,4,7,-58.93,0,0,0,0,0,0,0,0
2026-03-28 11:49:09.679,24.594,-2,1,8,-58.81,0,0,0,0,0,0,0,0
2026-03-28 11:49:09.759,24.673,-4,4,7,-59.05,0,0,0,0,0,0,0,0
2026-03-28 11:49:09.902,24.816,-5,4,7,-59.11,0,0,0,0,0,0,0,0
2026-03-28 11:49:09.951,24.866,-2,2,7,-59.06,0,0,0,0,0,0,0,0
2026-03-28 11:49:10.014,24.928,-2,4,7,-59.07,0,0,0,0,0,0,0,0
2026-03-28 11:49:10.110,25.024,-2,4,7,-59.01,0,0,0,0,0,0,0,0
2026-03-28 11:49:10.191,25.105,-4,4,7,-58.94,0,0,0,0,0,0,0,0
2026-03-28 11:49:10.286,25.201,-2,4,7,-59.04,0,0,0,0,0,0,0,0
2026-03-28 11:49:10.382,25.296,-2,4,8,-58.93,0,0,0,0,0,0,0,0
2026-03-28 11:49:10.462,25.377,-2,4,7,-59.0,0,0,0,0,0,0,0,0
2026-03-28 11:49:10.543,25.457,-2,1,7,-59.04,0,0,0,0,0,0,0,0
2026-03-28 11:49:10.591,25.505,-4,4,8,-58.95,0,0,0,0,0,0,0,0
2026-03-28 11:49:10.718,25.633,-2,4,7,-58.86,0,0,0,0,0,0,0,0
2026-03-28 11:49:10.783,25.697,-2,4,7,-58.88,0,0,0,0,0,0,0,0
2026-03-28 11:49:10.895,25.810,-4,4,7,-58.9,0,0,0,0,0,0,0,0
2026-03-28 11:49:10.943,25.858,-2,4,7,-58.92,0,0,0,0,0,0,0,0
2026-03-28 11:49:10.991,25.905,-2,4,7,-59.08,0,0,0,0,0,0,0,0
2026-03-28 11:49:11.102,26.017,-2,4,7,-58.99,0,0,0,0,0,0,0,0
2026-03-28 11:49:11.247,26.161,-2,2,8,-58.97,0,0,0,0,0,0,0,0
2026-03-28 11:49:11.279,26.193,-2,2,8,-59.07,0,0,0,0,0,0,0,0
2026-03-28 11:49:11.343,26.257,-2,4,7,-59.03,0,0,0,0,0,0,0,0
2026-03-28 11:49:11.407,26.321,-2,4,7,-58.94,0,0,0,0,0,0,0,0
2026-03-28 11:49:11.550,26.464,-2,4,7,-59.14,0,0,0,0,0,0,0,0
2026-03-28 11:49:11.614,26.528,-2,4,7,-59.04,0,0,0,0,0,0,0,0
2026-03-28 11:49:11.647,26.562,-2,1,7,-59.07,0,0,0,0,0,0,0,0
2026-03-28 11:49:11.743,26.657,-2,4,7,-58.98,0,0,0,0,0,0,0,0
2026-03-28 11:49:11.822,26.737,-2,4,7,-59.16,0,0,0,0,0,0,0,0
2026-03-28 11:49:11.903,26.817,-2,4,7,-59.07,0,0,0,0,0,0,0,0
2026-03-28 11:49:11.998,26.913,-2,4,7,-59.24,0,0,0,0,0,0,0,0
2026-03-28 11:49:12.078,26.993,-2,4,7,-59.26,0,0,0,0,0,0,0,0
2026-03-28 11:49:12.142,27.056,-2,4,7,-59.13,0,0,0,0,0,0,0,0
2026-03-28 11:49:12.271,27.185,-2,4,7,-59.13,0,0,0,0,0,0,0,0
2026-03-28 11:49:12.334,27.249,-2,2,7,-59.14,0,0,0,0,0,0,0,0
2026-03-28 11:49:12.415,27.329,-2,2,7,-59.09,0,0,0,0,0,0,0,0
2026-03-28 11:49:12.526,27.441,-2,4,7,-58.88,0,0,0,0,0,0,0,0
2026-03-28 11:49:12.606,27.521,-2,2,7,-58.93,0,0,0,0,0,0,0,0
2026-03-28 11:49:12.654,27.569,-2,2,7,-58.95,0,0,0,0,0,0,0,0
2026-03-28 11:49:12.750,27.664,-2,4,7,-58.8,0,0,0,0,0,0,0,0
2026-03-28 11:49:12.814,27.729,-2,4,7,-58.82,0,0,0,0,0,0,0,0
2026-03-28 11:49:12.910,27.825,-2,4,7,-58.99,0,0,0,0,0,0,0,0
2026-03-28 11:49:13.022,27.937,-2,4,7,-59.04,0,0,0,0,0,0,0,0
2026-03-28 11:49:13.087,28.001,-2,1,7,-58.99,0,0,0,0,0,0,0,0
2026-03-28 11:49:13.166,28.081,-2,4,7,-59.08,0,0,0,0,0,0,0,0
2026-03-28 11:49:13.215,28.129,-2,1,8,-58.97,0,0,0,0,0,0,0,0
2026-03-28 11:49:13.342,28.256,-2,1,7,-59.04,0,0,0,0,0,0,0,0
2026-03-28 11:49:13.407,28.321,-2,4,7,-59.18,0,0,0,0,0,0,0,0
2026-03-28 11:49:13.503,28.417,-2,4,7,-59.05,0,0,0,0,0,0,0,0
2026-03-28 11:49:13.599,28.514,-5,4,7,-59.06,0,0,0,0,0,0,0,0
2026-03-28 11:49:13.647,28.561,-2,4,7,-59.15,0,0,0,0,0,0,0,0
2026-03-28 11:49:13.759,28.674,-2,2,7,-59.01,0,0,0,0,0,0,0,0
2026-03-28 11:49:13.871,28.785,-2,2,7,-59.03,0,0,0,0,0,0,0,0
2026-03-28 11:49:13.903,28.817,-2,4,7,-59.09,0,0,0,0,0,0,0,0
2026-03-28 11:49:13.967,28.881,-2,4,7,-58.89,0,0,0,0,0,0,0,0
2026-03-28 11:49:14.095,29.009,-2,4,7,-59.1,0,0,0,0,0,0,0,0
2026-03-28 11:49:14.142,29.057,-2,1,7,-58.94,0,0,0,0,0,0,0,0
2026-03-28 11:49:14.238,29.153,-2,4,7,-58.84,0,0,0,0,0,0,0,0
2026-03-28 11:49:14.366,29.281,-2,1,7,-58.96,0,0,0,0,0,0,0,0
2026-03-28 11:49:14.398,29.313,-2,1,7,-58.97,0,0,0,0,0,0,0,0
2026-03-28 11:49:14.527,29.441,-2,4,7,-59.02,0,0,0,0,0,0,0,0
2026-03-28 11:49:14.543,29.458,-2,1,7,-58.98,0,0,0,0,0,0,0,0
2026-03-28 11:49:14.654,29.569,-5,1,7,-59.11,0,0,0,0,0,0,0,0
2026-03-28 11:49:14.750,29.665,-2,2,8,-59.06,0,0,0,0,0,0,0,0
2026-03-28 11:49:14.798,29.712,-2,1,7,-59.11,0,0,0,0,0,0,0,0
2026-03-28 11:49:14.879,29.793,-2,4,7,-59.0,0,0,0,0,0,0,0,0
2026-03-28 11:49:14.990,29.904,-2,1,7,-58.99,0,0,0,0,0,0,0,0
2026-03-28 11:49:15.054,29.969,-2,4,7,-59.34,0,0,0,0,0,0,0,0
2026-03-28 11:49:15.151,30.065,-2,1,7,-59.24,0,0,0,0,0,0,0,0
2026-03-28 11:49:15.198,30.113,-2,1,7,-59.31,0,0,0,0,0,0,0,0
2026-03-28 11:49:15.294,30.209,-2,1,7,-59.21,0,0,0,0,0,0,0,0
2026-03-28 11:49:15.375,30.289,-2,4,7,-59.22,0,0,0,0,0,0,0,0
2026-03-28 11:49:15.454,30.369,-2,1,7,-59.19,0,0,0,0,0,0,0,0
2026-03-28 11:49:15.535,30.449,-4,4,7,-59.26,0,0,0,0,0,0,0,0
2026-03-28 11:49:15.631,30.545,-2,4,7,-59.07,0,0,0,0,0,0,0,0
2026-03-28 11:49:15.711,30.625,-2,4,7,-59.04,0,0,0,0,0,0,0,0
2026-03-28 11:49:15.838,30.752,-2,1,7,-59.17,0,0,0,0,0,0,0,0
2026-03-28 11:49:15.902,30.817,-2,2,7,-59.11,0,0,0,0,0,0,0,0
2026-03-28 11:49:15.950,30.865,-2,4,7,-59.1,0,0,0,0,0,0,0,0
2026-03-28 11:49:16.078,30.992,-2,4,7,-59.14,0,0,0,0,0,0,0,0
2026-03-28 11:49:16.158,31.073,-2,4,7,-59.35,0,0,0,0,0,0,0,0
2026-03-28 11:49:16.255,31.169,-2,4,7,-59.21,0,0,0,0,0,0,0,0
2026-03-28 11:49:16.334,31.249,-2,1,7,-59.24,0,0,0,0,0,0,0,0
2026-03-28 11:49:16.382,31.297,-2,2,8,-59.26,0,0,0,0,0,0,0,0
2026-03-28 11:49:16.479,31.393,-2,4,7,-59.32,0,0,0,0,0,0,0,0
2026-03-28 11:49:16.559,31.473,-2,4,8,-59.4,0,0,0,0,0,0,0,0
2026-03-28 11:49:16.623,31.537,-2,4,7,-59.43,0,0,0,0,0,0,0,0
2026-03-28 11:49:16.734,31.649,-2,4,7,-59.5,0,0,0,0,0,0,0,0
2026-03-28 11:49:16.847,31.761,-4,4,7,-59.44,0,0,0,0,0,0,0,0
2026-03-28 11:49:16.926,31.841,-2,4,8,-59.41,0,0,0,0,0,0,0,0
2026-03-28 11:49:17.022,31.937,-2,4,7,-59.45,0,0,0,0,0,0,0,0
2026-03-28 11:49:17.102,32.016,-2,1,8,-59.57,0,0,0,0,0,0,0,0
2026-03-28 11:49:17.182,32.096,-1,4,8,-59.69,0,0,0,0,0,0,0,0
2026-03-28 11:49:17.183,32.098,-2,1,7,-59.69,0,0,0,0,0,0,0,0
2026-03-28 11:49:17.279,32.193,-2,4,8,-59.67,0,0,0,0,0,0,0,0
2026-03-28 11:49:17.358,32.273,-2,4,7,-59.78,0,0,0,0,0,0,0,0
2026-03-28 11:49:17.455,32.369,-2,2,7,-59.83,0,0,0,0,0,0,0,0
2026-03-28 11:49:17.518,32.433,-2,4,7,-59.91,0,0,0,0,0,0,0,0
2026-03-28 11:49:17.630,32.545,-2,2,7,-59.85,0,0,0,0,0,0,0,0
2026-03-28 11:49:17.710,32.625,-2,2,7,-59.94,0,0,0,0,0,0,0,0
2026-03-28 11:49:17.791,32.705,-2,4,8,-59.99,0,0,0,0,0,0,0,0
2026-03-28 11:49:17.887,32.801,-2,4,8,-60.11,0,0,0,0,0,0,0,0
2026-03-28 11:49:17.967,32.881,-4,4,8,-59.94,0,0,0,0,0,0,0,0
2026-03-28 11:49:18.046,32.961,-2,4,7,-59.99,0,0,0,0,0,0,0,0
2026-03-28 11:49:18.143,33.057,-2,4,7,-59.98,0,0,0,0,0,0,0,0
2026-03-28 11:49:18.174,33.089,-2,4,9,-60.41,0,0,0,0,0,0,0,0
2026-03-28 11:49:18.270,33.185,-2,4,7,-60.66,0,0,0,0,0,0,0,0
2026-03-28 11:49:18.367,33.281,-2,4,7,-60.68,0,0,0,0,0,0,0,0
2026-03-28 11:49:18.447,33.361,-2,4,7,-60.82,0,0,0,0,0,0,0,0
2026-03-28 11:49:18.526,33.441,-5,1,7,-60.84,0,0,0,0,0,0,0,0
2026-03-28 11:49:18.591,33.505,-2,4,7,-61.08,0,0,0,0,0,0,0,0
2026-03-28 11:49:18.687,33.601,-2,1,7,-60.86,0,0,0,0,0,0,0,0
2026-03-28 11:49:18.783,33.697,-2,4,7,-60.93,0,0,0,0,0,0,0,0
2026-03-28 11:49:18.926,33.841,-2,4,7,-60.72,0,0,0,0,0,0,0,0
2026-03-28 11:49:18.942,33.857,-2,4,7,-60.92,0,0,0,0,0,0,0,0
2026-03-28 11:49:19.006,33.921,-2,4,7,-60.94,0,0,0,0,0,0,0,0
2026-03-28 11:49:19.086,34.001,-2,4,7,-61.15,0,0,0,0,0,0,0,0
2026-03-28 11:49:19.166,34.081,-4,4,7,-61.44,0,0,0,0,0,0,0,0
2026-03-28 11:49:19.279,34.193,-5,4,7,-61.46,0,0,0,0,0,0,0,0
2026-03-28 11:49:19.391,34.305,-2,4,7,-61.61,0,0,0,0,0,0,0,0
2026-03-28 11:49:19.438,34.353,-4,4,7,-61.63,0,0,0,0,0,0,0,0
2026-03-28 11:49:19.503,34.417,-4,1,7,-61.46,0,0,0,0,0,0,0,0
2026-03-28 11:49:19.615,34.530,-2,1,7,-61.74,0,0,0,0,0,0,0,0
2026-03-28 11:49:19.646,34.561,-2,4,7,-61.8,0,0,0,0,0,0,0,0
2026-03-28 11:49:19.742,34.657,-2,4,7,-61.93,0,0,0,0,0,0,0,0
2026-03-28 11:49:19.806,34.721,-4,4,7,-61.91,0,0,0,0,0,0,0,0
2026-03-28 11:49:19.886,34.800,-2,2,8,-61.99,0,0,0,0,0,0,0,0
2026-03-28 11:49:19.966,34.881,-2,4,7,-61.95,0,0,0,0,0,0,0,0
2026-03-28 11:49:20.062,34.977,-2,4,8,-61.94,0,0,0,0,0,0,0,0
2026-03-28 11:49:20.159,35.073,-2,4,7,-62.07,0,0,0,0,0,0,0,0
2026-03-28 11:49:20.207,35.121,-2,4,7,-62.34,0,0,0,0,0,0,0,0
2026-03-28 11:49:20.287,35.201,-2,4,7,-62.48,0,0,0,0,0,0,0,0
2026-03-28 11:49:20.382,35.296,-2,4,7,-62.4,0,0,0,0,0,0,0,0
2026-03-28 11:49:20.495,35.409,-2,4,8,-62.29,0,0,0,0,0,0,0,0
2026-03-28 11:49:20.590,35.505,-2,4,7,-62.4,0,0,0,0,0,0,0,0
2026-03-28 11:49:20.622,35.537,-2,4,7,-62.41,0,0,0,0,0,0,0,0
2026-03-28 11:49:20.734,35.649,-5,4,10,-62.37,0,0,0,0,0,0,0,0
2026-03-28 11:49:20.798,35.713,-2,4,8,-62.35,0,0,0,0,0,0,0,0
2026-03-28 11:49:20.894,35.809,-2,4,7,-62.46,0,0,0,0,0,0,0,0
2026-03-28 11:49:20.910,35.825,-2,4,8,-62.53,0,0,0,0,0,0,0,0
2026-03-28 11:49:20.975,35.889,-2,4,7,-62.57,0,0,0,0,0,0,0,0
2026-03-28 11:49:21.118,36.032,-2,4,7,-62.51,0,0,0,0,0,0,0,0
2026-03-28 11:49:21.182,36.097,-2,4,7,-62.7,0,0,0,0,0,0,0,0
2026-03-28 11:49:21.262,36.177,-2,4,7,-62.76,0,0,0,0,0,0,0,0
2026-03-28 11:49:21.391,36.305,-2,1,7,-62.65,0,0,0,0,0,0,0,0
2026-03-28 11:49:21.502,36.416,-2,2,7,-62.67,0,0,0,0,0,0,0,0
2026-03-28 11:49:21.551,36.465,-2,4,7,-62.81,0,0,0,0,0,0,0,0
2026-03-28 11:49:21.678,36.593,-2,4,7,-62.8,0,0,0,0,0,0,0,0
2026-03-28 11:49:21.742,36.657,-2,4,7,-62.73,0,0,0,0,0,0,0,0
2026-03-28 11:49:21.854,36.769,-2,4,7,-62.76,0,0,0,0,0,0,0,0
2026-03-28 11:49:21.950,36.864,-2,4,7,-62.77,0,0,0,0,0,0,0,0
2026-03-28 11:49:22.031,36.945,-2,4,7,-62.79,0,0,0,0,0,0,0,0
2026-03-28 11:49:22.126,37.041,-4,4,7,-62.81,0,0,0,0,0,0,0,0
2026-03-28 11:49:22.222,37.137,-5,4,8,-62.83,0,0,0,0,0,0,0,0
2026-03-28 11:49:22.286,37.201,-5,4,7,-62.9,0,0,0,0,0,0,0,0
2026-03-28 11:49:22.399,37.313,-2,4,7,-62.94,0,0,0,0,0,0,0,0
2026-03-28 11:49:22.462,37.377,-2,4,7,-62.78,0,0,0,0,0,0,0,0
2026-03-28 11:49:22.574,37.489,-2,4,7,-62.88,0,0,0,0,0,0,0,0
2026-03-28 11:49:22.670,37.584,-4,4,8,-62.56,0,0,0,0,0,0,0,0
2026-03-28 11:49:22.766,37.680,-2,1,7,-62.8,0,0,0,0,0,0,0,0
2026-03-28 11:49:22.815,37.729,-2,1,7,-62.78,0,0,0,0,0,0,0,0
2026-03-28 11:49:22.878,37.793,-5,4,7,-62.72,0,0,0,0,0,0,0,0
2026-03-28 11:49:23.022,37.937,-2,1,7,-62.7,0,0,0,0,0,0,0,0
2026-03-28 11:49:23.055,37.969,-2,1,7,-62.74,0,0,0,0,0,0,0,0
2026-03-28 11:49:23.150,38.064,-2,4,8,-62.85,0,0,0,0,0,0,0,0
2026-03-28 11:49:23.247,38.161,-2,4,8,-62.7,0,0,0,0,0,0,0,0
2026-03-28 11:49:23.279,38.193,-2,1,7,-62.65,0,0,0,0,0,0,0,0
2026-03-28 11:49:23.390,38.304,-2,1,7,-62.69,0,0,0,0,0,0,0,0
2026-03-28 11:49:23.470,38.385,-2,4,7,-62.67,0,0,0,0,0,0,0,0
2026-03-28 11:49:23.534,38.448,-5,1,7,-62.73,0,0,0,0,0,0,0,0
2026-03-28 11:49:23.582,38.496,-5,4,7,-62.65,0,0,0,0,0,0,0,0
2026-03-28 11:49:23.694,38.608,-4,1,7,-62.43,0,0,0,0,0,0,0,0
2026-03-28 11:49:23.774,38.689,-2,1,8,-62.49,0,0,0,0,0,0,0,0
2026-03-28 11:49:23.838,38.753,-4,4,7,-62.56,0,0,0,0,0,0,0,0
2026-03-28 11:49:23.870,38.785,-2,1,7,-62.54,0,0,0,0,0,0,0,0
2026-03-28 11:49:24.062,38.976,-4,4,10,-62.51,0,0,0,0,0,0,0,0
2026-03-28 11:49:24.078,38.993,-2,1,7,-62.64,0,0,0,0,0,0,0,0
2026-03-28 11:49:24.174,39.089,-4,4,7,-62.47,0,0,0,0,0,0,0,0
2026-03-28 11:49:24.254,39.168,-4,4,7,-62.47,0,0,0,0,0,0,0,0
2026-03-28 11:49:24.318,39.232,-5,4,8,-62.36,0,0,0,0,0,0,0,0
2026-03-28 11:49:24.430,39.344,-4,4,8,-62.32,0,0,0,0,0,0,0,0
2026-03-28 11:49:24.462,39.376,-4,4,7,-62.34,0,0,0,0,0,0,0,0
2026-03-28 11:49:24.526,39.440,-2,4,7,-62.05,0,0,0,0,0,0,0,0
2026-03-28 11:49:24.622,39.536,-2,4,7,-62.05,0,0,0,0,0,0,0,0
2026-03-28 11:49:24.686,39.601,-4,2,7,-61.94,0,0,0,0,0,0,0,0
2026-03-28 11:49:24.782,39.696,-2,4,7,-62.03,0,0,0,0,0,0,0,0
2026-03-28 11:49:24.942,39.857,-2,4,7,-62.03,0,0,0,0,0,0,0,0
2026-03-28 11:49:25.071,39.985,-5,4,7,-61.92,0,0,0,0,0,0,0,0
2026-03-28 11:49:25.118,40.033,-4,4,7,-61.73,0,0,0,0,0,0,0,0
2026-03-28 11:49:25.262,40.177,-3,1,7,-61.83,0,0,0,0,0,0,0,0
2026-03-28 11:49:25.327,40.241,-2,1,7,-61.67,0,0,0,0,0,0,0,0
2026-03-28 11:49:25.374,40.289,-2,4,7,-61.58,0,0,0,0,0,0,0,0
2026-03-28 11:49:25.486,40.401,-4,1,7,-61.56,0,0,0,0,0,0,0,0
2026-03-28 11:49:25.598,40.513,-2,4,7,-61.67,0,0,0,0,0,0,0,0
2026-03-28 11:49:25.630,40.545,-4,4,7,-61.53,0,0,0,0,0,0,0,0
2026-03-28 11:49:25.742,40.656,-2,4,8,-61.74,0,0,0,0,0,0,0,0
2026-03-28 11:49:25.839,40.753,-2,4,7,-61.55,0,0,0,0,0,0,0,0
2026-03-28 11:49:25.885,40.799,-4,4,8,-61.52,0,0,0,0,0,0,0,0
2026-03-28 11:49:25.997,40.911,-2,4,7,-61.57,0,0,0,0,0,0,0,0
2026-03-28 11:49:25.999,40.913,-2,4,7,-61.5,0,0,0,0,0,0,0,0
2026-03-28 11:49:26.110,41.024,-4,4,7,-61.38,0,0,0,0,0,0,0,0
2026-03-28 11:49:26.158,41.072,-2,4,10,-61.42,0,0,0,0,0,0,0,0
2026-03-28 11:49:26.238,41.153,-2,4,7,-61.39,0,0,0,0,0,0,0,0
2026-03-28 11:49:26.350,41.264,-2,1,7,-61.13,0,0,0,0,0,0,0,0
2026-03-28 11:49:26.430,41.344,-4,4,7,-61.12,0,0,0,0,0,0,0,0
2026-03-28 11:49:26.525,41.440,-2,4,8,-61.14,0,0,0,0,0,0,0,0
2026-03-28 11:49:26.622,41.536,-2,4,7,-61.22,0,0,0,0,0,0,0,0
2026-03-28 11:49:26.686,41.600,-5,4,7,-61.21,0,0,0,0,0,0,0,0
2026-03-28 11:49:26.734,41.648,-4,4,7,-61.21,0,0,0,0,0,0,0,0
2026-03-28 11:49:26.830,41.744,-2,4,7,-61.19,0,0,0,0,0,0,0,0
2026-03-28 11:49:26.877,41.792,-2,4,7,-61.18,0,0,0,0,0,0,0,0
2026-03-28 11:49:26.974,41.888,-4,2,7,-61.34,0,0,0,0,0,0,0,0
2026-03-28 11:49:27.054,41.968,-2,4,8,-61.12,0,0,0,0,0,0,0,0
2026-03-28 11:49:27.118,42.032,-2,4,7,-61.16,0,0,0,0,0,0,0,0
2026-03-28 11:49:27.150,42.064,-4,4,7,-61.0,0,0,0,0,0,0,0,0
2026-03-28 11:49:27.262,42.176,-2,4,7,-60.84,0,0,0,0,0,0,0,0
2026-03-28 11:49:27.310,42.224,-2,4,7,-60.88,0,0,0,0,0,0,0,0
2026-03-28 11:49:27.390,42.304,-4,4,7,-60.77,0,0,0,0,0,0,0,0
2026-03-28 11:49:27.454,42.369,-4,4,7,-61.03,0,0,0,0,0,0,0,0
2026-03-28 11:49:27.534,42.448,-2,1,7,-61.02,0,0,0,0,0,0,0,0
2026-03-28 11:49:27.614,42.528,-2,4,7,-60.84,0,0,0,0,0,0,0,0
2026-03-28 11:49:27.710,42.625,-4,4,7,-61.0,0,0,0,0,0,0,0,0
2026-03-28 11:49:27.774,42.689,-2,1,7,-60.96,0,0,0,0,0,0,0,0
2026-03-28 11:49:27.838,42.752,-4,1,7,-61.03,0,0,0,0,0,0,0,0
2026-03-28 11:49:27.886,42.800,-2,4,7,-60.77,0,0,0,0,0,0,0,0
2026-03-28 11:49:27.999,42.913,-2,4,10,-60.85,0,0,0,0,0,0,0,0
2026-03-28 11:49:28.030,42.944,-4,4,7,-60.93,0,0,0,0,0,0,0,0
2026-03-28 11:49:28.110,43.024,-4,4,7,-60.77,0,0,0,0,0,0,0,0
2026-03-28 11:49:28.190,43.104,-2,4,7,-60.74,0,0,0,0,0,0,0,0
2026-03-28 11:49:28.259,43.173,-4,4,7,-61.12,0,0,0,0,0,0,0,0
2026-03-28 11:49:28.319,43.233,-2,4,7,-60.95,0,0,0,0,0,0,0,0
2026-03-28 11:49:28.447,43.361,-2,1,7,-61.04,0,0,0,0,0,0,0,0
2026-03-28 11:49:28.558,43.472,-4,4,7,-61.09,0,0,0,0,0,0,0,0
2026-03-28 11:49:28.605,43.520,-2,4,8,-61.07,0,0,0,0,0,0,0,0
2026-03-28 11:49:28.701,43.615,-4,4,8,-60.93,0,0,0,0,0,0,0,0
2026-03-28 11:49:28.765,43.680,-2,4,10,-60.97,0,0,0,0,0,0,0,0
2026-03-28 11:49:28.862,43.776,-2,4,7,-60.71,0,0,0,0,0,0,0,0
2026-03-28 11:49:28.958,43.872,-2,4,7,-60.89,0,0,0,0,0,0,0,0
2026-03-28 11:49:29.037,43.952,-2,4,8,-60.88,0,0,0,0,0,0,0,0
2026-03-28 11:49:29.085,44.000,-2,4,8,-60.79,0,0,0,0,0,0,0,0
2026-03-28 11:49:29.182,44.096,-2,4,7,-60.91,0,0,0,0,0,0,0,0
2026-03-28 11:49:29.294,44.208,-2,4,7,-60.85,0,0,0,0,0,0,0,0
2026-03-28 11:49:29.326,44.240,-2,4,7,-61.06,0,0,0,0,0,0,0,0
2026-03-28 11:49:29.422,44.336,-2,1,7,-60.92,0,0,0,0,0,0,0,0
2026-03-28 11:49:29.470,44.384,-2,4,7,-60.98,0,0,0,0,0,0,0,0
2026-03-28 11:49:29.613,44.528,-2,4,7,-61.06,0,0,0,0,0,0,0,0
2026-03-28 11:49:29.662,44.576,-4,1,7,-60.88,0,0,0,0,0,0,0,0
2026-03-28 11:49:29.758,44.672,-2,1,7,-60.87,0,0,0,0,0,0,0,0
2026-03-28 11:49:29.822,44.736,-2,4,7,-61.0,0,0,0,0,0,0,0,0
2026-03-28 11:49:29.902,44.816,-2,4,7,-60.86,0,0,0,0,0,0,0,0
2026-03-28 11:49:30.013,44.927,-1,4,7,-60.89,0,0,0,0,0,0,0,0
2026-03-28 11:49:30.093,45.008,-2,1,10,-60.76,0,0,0,0,0,0,0,0
2026-03-28 11:49:30.189,45.104,-2,2,7,-60.8,0,0,0,0,0,0,0,0
2026-03-28 11:49:30.253,45.168,-2,4,7,-60.93,0,0,0,0,0,0,0,0
2026-03-28 11:49:30.350,45.264,-2,4,7,-60.9,0,0,0,0,0,0,0,0
2026-03-28 11:49:30.429,45.344,-2,4,7,-60.91,0,0,0,0,0,0,0,0
2026-03-28 11:49:30.493,45.408,-2,4,7,-60.85,0,0,0,0,0,0,0,0
2026-03-28 11:49:30.557,45.472,-2,4,7,-60.9,0,0,0,0,0,0,0,0
2026-03-28 11:49:30.653,45.567,-2,1,7,-60.93,0,0,0,0,0,0,0,0
2026-03-28 11:49:30.717,45.632,-2,4,7,-60.82,0,0,0,0,0,0,0,0
2026-03-28 11:49:30.829,45.744,-2,4,7,-60.74,0,0,0,0,0,0,0,0
2026-03-28 11:49:30.925,45.840,-5,4,7,-60.7,0,0,0,0,0,0,0,0
2026-03-28 11:49:31.005,45.920,-4,4,8,-60.74,0,0,0,0,0,0,0,0
2026-03-28 11:49:31.086,46.000,-4,4,7,-60.73,0,0,0,0,0,0,0,0
2026-03-28 11:49:31.197,46.112,-2,4,7,-60.5,0,0,0,0,0,0,0,0
2026-03-28 11:49:31.309,46.224,-2,4,7,-60.61,0,0,0,0,0,0,0,0
2026-03-28 11:49:31.405,46.320,-2,4,7,-60.78,0,0,0,0,0,0,0,0
2026-03-28 11:49:31.485,46.400,-2,4,7,-60.87,0,0,0,0,0,0,0,0
2026-03-28 11:49:31.566,46.480,-2,4,7,-60.65,0,0,0,0,0,0,0,0
2026-03-28 11:49:31.646,46.560,-2,2,7,-60.7,0,0,0,0,0,0,0,0
2026-03-28 11:49:31.741,46.656,-2,4,8,-60.72,0,0,0,0,0,0,0,0
2026-03-28 11:49:31.773,46.687,-2,4,8,-60.76,0,0,0,0,0,0,0,0
2026-03-28 11:49:31.885,46.799,-4,4,7,-60.52,0,0,0,0,0,0,0,0
2026-03-28 11:49:31.950,46.864,-4,1,7,-60.52,0,0,0,0,0,0,0,0
2026-03-28 11:49:32.077,46.992,-5,4,7,-60.58,0,0,0,0,0,0,0,0
2026-03-28 11:49:32.125,47.040,-4,4,7,-60.6,0,0,0,0,0,0,0,0
2026-03-28 11:49:32.206,47.120,-4,4,7,-60.49,0,0,0,0,0,0,0,0
2026-03-28 11:49:32.317,47.232,-4,4,7,-60.58,0,0,0,0,0,0,0,0
2026-03-28 11:49:32.366,47.280,-2,4,7,-60.75,0,0,0,0,0,0,0,0
2026-03-28 11:49:32.461,47.376,-2,1,7,-60.5,0,0,0,0,0,0,0,0
2026-03-28 11:49:32.494,47.408,-2,4,7,-60.59,0,0,0,0,0,0,0,0
2026-03-28 11:49:32.606,47.520,-4,2,7,-60.5,0,0,0,0,0,0,0,0
2026-03-28 11:49:32.670,47.584,-2,1,7,-60.57,0,0,0,0,0,0,0,0
2026-03-28 11:49:32.766,47.680,-2,1,7,-60.62,0,0,0,0,0,0,0,0
2026-03-28 11:49:32.877,47.792,-2,1,7,-60.47,0,0,0,0,0,0,0,0
2026-03-28 11:49:32.879,47.793,-2,4,7,-60.4,0,0,0,0,0,0,0,0
2026-03-28 11:49:32.990,47.905,-4,4,7,-60.39,0,0,0,0,0,0,0,0
2026-03-28 11:49:33.117,48.031,-4,4,7,-60.48,0,0,0,0,0,0,0,0
2026-03-28 11:49:33.198,48.112,-2,4,7,-60.33,0,0,0,0,0,0,0,0
2026-03-28 11:49:33.214,48.128,-2,4,7,-60.41,0,0,0,0,0,0,0,0
2026-03-28 11:49:33.310,48.224,-2,4,7,-60.4,0,0,0,0,0,0,0,0
2026-03-28 11:49:33.454,48.368,-2,4,7,-60.57,0,0,0,0,0,0,0,0
2026-03-28 11:49:33.470,48.384,-4,3,7,-60.61,0,0,0,0,0,0,0,0
2026-03-28 11:49:33.565,48.479,-2,1,7,-60.44,0,0,0,0,0,0,0,0
2026-03-28 11:49:33.629,48.544,-2,1,7,-60.47,0,0,0,0,0,0,0,0
2026-03-28 11:49:33.742,48.656,-2,4,7,-60.48,0,0,0,0,0,0,0,0
2026-03-28 11:49:33.869,48.784,-2,1,7,-60.42,0,0,0,0,0,0,0,0
2026-03-28 11:49:33.950,48.864,-5,4,7,-60.37,0,0,0,0,0,0,0,0
2026-03-28 11:49:33.981,48.895,-4,1,7,-60.42,0,0,0,0,0,0,0,0
2026-03-28 11:49:34.061,48.976,-2,1,7,-60.32,0,0,0,0,0,0,0,0
2026-03-28 11:49:34.141,49.056,-2,4,7,-60.47,0,0,0,0,0,0,0,0
2026-03-28 11:49:34.254,49.168,-2,4,7,-60.36,0,0,0,0,0,0,0,0
2026-03-28 11:49:34.333,49.248,-2,4,7,-60.23,0,0,0,0,0,0,0,0
2026-03-28 11:49:34.477,49.392,-2,4,7,-60.23,0,0,0,0,0,0,0,0
2026-03-28 11:49:34.573,49.487,-2,4,7,-60.45,0,0,0,0,0,0,0,0
2026-03-28 11:49:34.574,49.489,-2,5,8,-60.31,0,0,0,0,0,0,0,0
2026-03-28 11:49:34.686,49.600,-2,4,7,-60.27,0,0,0,0,0,0,0,0
2026-03-28 11:49:34.830,49.744,-2,2,7,-60.18,0,0,0,0,0,0,0,0
2026-03-28 11:49:34.893,49.807,-5,1,7,-60.23,0,0,0,0,0,0,0,0
2026-03-28 11:49:34.926,49.840,-4,4,7,-60.39,0,0,0,0,0,0,0,0
2026-03-28 11:49:34.990,49.904,-2,4,8,-60.37,0,0,0,0,0,0,0,0
2026-03-28 11:49:35.021,49.936,-2,1,7,-60.2,0,0,0,0,0,0,0,0
2026-03-28 11:49:35.149,50.064,-2,2,8,-60.3,0,0,0,0,0,0,0,0
2026-03-28 11:49:35.246,50.160,-2,4,7,-60.11,0,0,0,0,0,0,0,0
2026-03-28 11:49:35.309,50.224,-2,1,7,-60.12,0,0,0,0,0,0,0,0
2026-03-28 11:49:35.389,50.303,-4,1,7,-60.18,0,0,0,0,0,0,0,0
2026-03-28 11:49:35.501,50.416,-2,1,7,-60.13,0,0,0,0,0,0,0,0
2026-03-28 11:49:35.533,50.448,-2,4,7,-60.3,0,0,0,0,0,0,0,0
2026-03-28 11:49:35.614,50.528,-4,4,8,-60.2,0,0,0,0,0,0,0,0
2026-03-28 11:49:35.693,50.608,-2,4,7,-60.32,0,0,0,0,0,0,0,0
2026-03-28 11:49:35.758,50.672,-2,2,7,-60.22,0,0,0,0,0,0,0,0
2026-03-28 11:49:35.853,50.768,-2,1,7,-60.3,0,0,0,0,0,0,0,0
2026-03-28 11:49:35.916,50.831,-2,4,7,-60.34,0,0,0,0,0,0,0,0
2026-03-28 11:49:36.045,50.960,-2,2,7,-60.21,0,0,0,0,0,0,0,0
2026-03-28 11:49:36.110,51.024,-2,1,7,-60.22,0,0,0,0,0,0,0,0
2026-03-28 11:49:36.253,51.167,-2,4,7,-60.2,0,0,0,0,0,0,0,0
2026-03-28 11:49:36.333,51.247,-2,4,7,-60.23,0,0,0,0,0,0,0,0
2026-03-28 11:49:36.350,51.264,-2,4,7,-60.03,0,0,0,0,0,0,0,0
2026-03-28 11:49:36.446,51.360,-5,4,7,-60.21,0,0,0,0,0,0,0,0
2026-03-28 11:49:36.478,51.392,-4,4,7,-60.13,0,0,0,0,0,0,0,0
2026-03-28 11:49:36.574,51.488,-2,4,7,-60.22,0,0,0,0,0,0,0,0
2026-03-28 11:49:36.653,51.568,-5,4,7,-60.3,0,0,0,0,0,0,0,0
2026-03-28 11:49:36.750,51.664,-4,4,7,-60.24,0,0,0,0,0,0,0,0
2026-03-28 11:49:36.782,51.696,-4,4,7,-60.11,0,0,0,0,0,0,0,0
2026-03-28 11:49:36.894,51.808,-2,4,7,-60.17,0,0,0,0,0,0,0,0
2026-03-28 11:49:36.926,51.840,-4,4,8,-60.25,0,0,0,0,0,0,0,0
2026-03-28 11:49:36.973,51.888,-4,4,7,-60.11,0,0,0,0,0,0,0,0
2026-03-28 11:49:37.070,51.984,-5,5,8,-60.24,0,0,0,0,0,0,0,0
2026-03-28 11:49:37.117,52.031,-2,2,8,-60.28,0,0,0,0,0,0,0,0
2026-03-28 11:49:37.197,52.112,-2,4,7,-60.02,0,0,0,0,0,0,0,0
2026-03-28 11:49:37.277,52.192,-3,4,10,-60.2,0,0,0,0,0,0,0,0
2026-03-28 11:49:37.390,52.304,-2,4,7,-60.28,0,0,0,0,0,0,0,0
2026-03-28 11:49:37.485,52.400,-2,4,7,-60.26,0,0,0,0,0,0,0,0
2026-03-28 11:49:37.517,52.432,-2,4,10,-60.36,0,0,0,0,0,0,0,0
2026-03-28 11:49:37.550,52.465,-4,4,10,-60.26,0,0,0,0,0,0,0,0
2026-03-28 11:49:37.694,52.608,-4,4,7,-60.26,0,0,0,0,0,0,0,0
2026-03-28 11:49:37.726,52.640,-2,1,7,-60.28,0,0,0,0,0,0,0,0
2026-03-28 11:49:37.821,52.735,-4,4,7,-60.13,0,0,0,0,0,0,0,0
2026-03-28 11:49:37.950,52.864,-4,4,7,-60.17,0,0,0,0,0,0,0,0
2026-03-28 11:49:38.014,52.928,-4,4,7,-60.22,0,0,0,0,0,0,0,0
2026-03-28 11:49:38.094,53.008,-5,4,7,-60.02,0,0,0,0,0,0,0,0
2026-03-28 11:49:38.125,53.040,-2,4,7,-60.13,0,0,0,0,0,0,0,0
2026-03-28 11:49:38.222,53.136,-2,4,7,-60.32,0,0,0,0,0,0,0,0
2026-03-28 11:49:38.317,53.232,-2,4,7,-60.34,0,0,0,0,0,0,0,0
2026-03-28 11:49:38.397,53.312,-2,4,7,-60.21,0,0,0,0,0,0,0,0
2026-03-28 11:49:38.494,53.408,-4,4,7,-60.27,0,0,0,0,0,0,0,0
2026-03-28 11:49:38.621,53.536,-5,4,7,-60.21,0,0,0,0,0,0,0,0
2026-03-28 11:49:38.653,53.568,-4,1,7,-60.35,0,0,0,0,0,0,0,0
2026-03-28 11:49:38.733,53.647,-4,1,7,-60.1,0,0,0,0,0,0,0,0
2026-03-28 11:49:38.798,53.712,-2,4,7,-60.2,0,0,0,0,0,0,0,0
2026-03-28 11:49:38.877,53.792,-5,4,7,-60.16,0,0,0,0,0,0,0,0
2026-03-28 11:49:39.005,53.919,-4,4,8,-60.13,0,0,0,0,0,0,0,0
2026-03-28 11:49:39.037,53.952,-2,4,7,-60.02,0,0,0,0,0,0,0,0
2026-03-28 11:49:39.085,54.000,-4,4,8,-60.12,0,0,0,0,0,0,0,0
2026-03-28 11:49:39.165,54.080,-4,1,7,-60.16,0,0,0,0,0,0,0,0
2026-03-28 11:49:39.261,54.175,-2,4,7,-60.04,0,0,0,0,0,0,0,0
2026-03-28 11:49:39.356,54.271,-2,1,7,-60.11,0,0,0,0,0,0,0,0
2026-03-28 11:49:39.438,54.352,-4,4,7,-59.95,0,0,0,0,0,0,0,0
2026-03-28 11:49:39.470,54.385,-4,4,7,-60.04,0,0,0,0,0,0,0,0
2026-03-28 11:49:39.533,54.448,-2,1,7,-60.1,0,0,0,0,0,0,0,0
2026-03-28 11:49:39.677,54.591,-4,4,7,-59.99,0,0,0,0,0,0,0,0
2026-03-28 11:49:39.757,54.671,-2,4,7,-60.05,0,0,0,0,0,0,0,0
2026-03-28 11:49:39.838,54.752,-2,4,7,-59.8,0,0,0,0,0,0,0,0
2026-03-28 11:49:39.885,54.800,-2,4,8,-59.98,0,0,0,0,0,0,0,0
2026-03-28 11:49:39.933,54.848,-2,4,7,-59.77,0,0,0,0,0,0,0,0
2026-03-28 11:49:39.998,54.912,-2,1,7,-59.73,0,0,0,0,0,0,0,0
2026-03-28 11:49:40.077,54.992,-2,4,7,-59.7,0,0,0,0,0,0,0,0
2026-03-28 11:49:40.109,55.024,-2,4,7,-59.72,0,0,0,0,0,0,0,0
2026-03-28 11:49:40.253,55.167,-2,1,7,-59.8,0,0,0,0,0,0,0,0
2026-03-28 11:49:40.285,55.199,-2,2,7,-59.75,0,0,0,0,0,0,0,0
2026-03-28 11:49:40.412,55.327,-2,4,7,-59.8,0,0,0,0,0,0,0,0
2026-03-28 11:49:40.477,55.391,-2,4,7,-59.78,0,0,0,0,0,0,0,0
2026-03-28 11:49:40.557,55.471,-2,1,7,-59.46,0,0,0,0,0,0,0,0
2026-03-28 11:49:40.653,55.568,-2,4,7,-59.68,0,0,0,0,0,0,0,0
2026-03-28 11:49:40.765,55.679,-2,4,7,-59.59,0,0,0,0,0,0,0,0
2026-03-28 11:49:40.781,55.695,-2,1,7,-59.57,0,0,0,0,0,0,0,0
2026-03-28 11:49:40.892,55.807,-2,4,7,-59.43,0,0,0,0,0,0,0,0
2026-03-28 11:49:40.925,55.839,-2,1,7,-59.52,0,0,0,0,0,0,0,0
2026-03-28 11:49:41.085,56.000,-2,4,10,-59.61,0,0,0,0,0,0,0,0
2026-03-28 11:49:41.197,56.111,-2,4,7,-59.56,0,0,0,0,0,0,0,0
2026-03-28 11:49:41.245,56.159,-2,1,8,-59.46,0,0,0,0,0,0,0,0
2026-03-28 11:49:41.293,56.208,-2,4,7,-59.72,0,0,0,0,0,0,0,0
2026-03-28 11:49:41.389,56.303,-2,4,7,-59.67,0,0,0,0,0,0,0,0
2026-03-28 11:49:41.485,56.400,-2,4,7,-59.6,0,0,0,0,0,0,0,0
2026-03-28 11:49:41.565,56.479,-4,4,7,-59.42,0,0,0,0,0,0,0,0
2026-03-28 11:49:41.612,56.526,-2,4,8,-59.57,0,0,0,0,0,0,0,0
2026-03-28 11:49:41.710,56.624,-4,4,8,-59.35,0,0,0,0,0,0,0,0
2026-03-28 11:49:41.773,56.687,-4,1,7,-59.22,0,0,0,0,0,0,0,0
2026-03-28 11:49:41.837,56.752,-4,4,7,-59.14,0,0,0,0,0,0,0,0
2026-03-28 11:49:41.933,56.848,-2,4,8,-59.31,0,0,0,0,0,0,0,0
2026-03-28 11:49:41.997,56.912,-4,4,7,-59.35,0,0,0,0,0,0,0,0
2026-03-28 11:49:42.093,57.008,-4,4,7,-59.18,0,0,0,0,0,0,0,0
2026-03-28 11:49:42.141,57.055,-2,4,8,-59.14,0,0,0,0,0,0,0,0
2026-03-28 11:49:42.253,57.167,-2,4,7,-59.16,0,0,0,0,0,0,0,0
2026-03-28 11:49:42.317,57.232,-2,4,7,-59.08,0,0,0,0,0,0,0,0
2026-03-28 11:49:42.365,57.280,-2,4,7,-59.12,0,0,0,0,0,0,0,0
2026-03-28 11:49:42.445,57.359,-2,4,7,-58.9,0,0,0,0,0,0,0,0
2026-03-28 11:49:42.525,57.439,-2,4,7,-58.93,0,0,0,0,0,0,0,0
2026-03-28 11:49:42.621,57.535,-5,4,7,-59.04,0,0,0,0,0,0,0,0
2026-03-28 11:49:42.717,57.631,-2,4,7,-58.88,0,0,0,0,0,0,0,0
2026-03-28 11:49:42.765,57.679,-2,4,7,-58.9,0,0,0,0,0,0,0,0
2026-03-28 11:49:42.860,57.775,-2,4,7,-58.99,0,0,0,0,0,0,0,0
2026-03-28 11:49:42.941,57.855,-2,1,7,-59.05,0,0,0,0,0,0,0,0
2026-03-28 11:49:42.988,57.903,-2,4,7,-59.02,0,0,0,0,0,0,0,0
2026-03-28 11:49:43.037,57.952,-2,4,7,-58.93,0,0,0,0,0,0,0,0
2026-03-28 11:49:43.117,58.031,-2,4,7,-58.88,0,0,0,0,0,0,0,0
2026-03-28 11:49:43.261,58.175,-2,4,7,-58.93,0,0,0,0,0,0,0,0
2026-03-28 11:49:43.309,58.224,-2,4,7,-58.95,0,0,0,0,0,0,0,0
2026-03-28 11:49:43.421,58.335,-2,1,7,-58.89,0,0,0,0,0,0,0,0
2026-03-28 11:49:43.501,58.415,-2,4,7,-58.85,0,0,0,0,0,0,0,0
2026-03-28 11:49:43.581,58.495,-5,4,7,-58.77,0,0,0,0,0,0,0,0
2026-03-28 11:49:43.660,58.575,-2,4,7,-58.85,0,0,0,0,0,0,0,0
2026-03-28 11:49:43.741,58.655,-2,4,7,-58.72,0,0,0,0,0,0,0,0
2026-03-28 11:49:43.821,58.735,-2,4,7,-58.68,0,0,0,0,0,0,0,0
2026-03-28 11:49:43.885,58.799,-2,1,7,-58.77,0,0,0,0,0,0,0,0
2026-03-28 11:49:43.996,58.911,-5,4,7,-58.85,0,0,0,0,0,0,0,0
2026-03-28 11:49:44.029,58.944,-2,4,7,-58.71,0,0,0,0,0,0,0,0
2026-03-28 11:49:44.125,59.040,-2,4,7,-58.5,0,0,0,0,0,0,0,0
2026-03-28 11:49:44.221,59.135,-2,4,7,-58.66,0,0,0,0,0,0,0,0
2026-03-28 11:49:44.237,59.151,-2,1,7,-58.62,0,0,0,0,0,0,0,0
2026-03-28 11:49:44.333,59.247,-2,2,8,-58.46,0,0,0,0,0,0,0,0
2026-03-28 11:49:44.397,59.312,-2,4,7,-58.43,0,0,0,0,0,0,0,0
2026-03-28 11:49:44.461,59.376,-2,4,10,-58.31,0,0,0,0,0,0,0,0
2026-03-28 11:49:44.525,59.439,-2,2,7,-58.48,0,0,0,0,0,0,0,0
2026-03-28 11:49:44.637,59.551,-4,4,7,-58.43,0,0,0,0,0,0,0,0
2026-03-28 11:49:44.717,59.631,-4,4,7,-58.41,0,0,0,0,0,0,0,0
2026-03-28 11:49:44.781,59.695,-4,4,7,-58.48,0,0,0,0,0,0,0,0
2026-03-28 11:49:44.877,59.792,-2,4,7,-58.52,0,0,0,0,0,0,0,0
2026-03-28 11:49:44.989,59.904,-2,4,7,-58.5,0,0,0,0,0,0,0,0
2026-03-28 11:49:45.004,59.919,-2,1,8,-58.53,0,0,0,0,0,0,0,0
2026-03-28 11:49:45.101,60.015,-2,4,7,-58.44,0,0,0,0,0,0,0,0
2026-03-28 11:49:45.197,60.112,-4,1,7,-58.52,0,0,0,0,0,0,0,0
2026-03-28 11:49:45.261,60.175,-4,4,7,-58.52,0,0,0,0,0,0,0,0
2026-03-28 11:49:45.420,60.335,-2,4,7,-58.3,0,0,0,0,0,0,0,0
2026-03-28 11:49:45.437,60.351,-2,4,7,-58.41,0,0,0,0,0,0,0,0
2026-03-28 11:49:45.517,60.432,-2,4,7,-58.2,0,0,0,0,0,0,0,0
2026-03-28 11:49:45.581,60.496,-2,1,7,-58.37,0,0,0,0,0,0,0,0
2026-03-28 11:49:45.660,60.575,-2,4,7,-58.16,0,0,0,0,0,0,0,0
2026-03-28 11:49:45.740,60.655,-4,4,7,-58.17,0,0,0,0,0,0,0,0
2026-03-28 11:49:45.837,60.752,-2,4,7,-58.21,0,0,0,0,0,0,0,0
2026-03-28 11:49:45.901,60.815,-2,4,7,-58.13,0,0,0,0,0,0,0,0
2026-03-28 11:49:46.029,60.944,-5,4,7,-58.04,0,0,0,0,0,0,0,0
2026-03-28 11:49:46.077,60.992,-2,2,10,-58.05,0,0,0,0,0,0,0,0
2026-03-28 11:49:46.157,61.072,-2,4,7,-58.11,0,0,0,0,0,0,0,0
2026-03-28 11:49:46.253,61.167,-2,4,7,-57.99,0,0,0,0,0,0,0,0
2026-03-28 11:49:46.333,61.247,-2,4,7,-58.09,0,0,0,0,0,0,0,0
2026-03-28 11:49:46.365,61.279,-4,4,7,-57.93,0,0,0,0,0,0,0,0
2026-03-28 11:49:46.477,61.392,-2,4,7,-57.87,0,0,0,0,0,0,0,0
2026-03-28 11:49:46.525,61.440,-4,4,8,-58.14,0,0,0,0,0,0,0,0
2026-03-28 11:49:46.669,61.584,-2,4,7,-58.04,0,0,0,0,0,0,0,0
2026-03-28 11:49:46.733,61.647,-2,4,7,-58.13,0,0,0,0,0,0,0,0
2026-03-28 11:49:46.781,61.695,-4,4,7,-58.03,0,0,0,0,0,0,0,0
2026-03-28 11:49:46.877,61.792,-4,4,7,-58.24,0,0,0,0,0,0,0,0
2026-03-28 11:49:46.940,61.855,-2,4,7,-58.19,0,0,0,0,0,0,0,0
2026-03-28 11:49:47.005,61.919,-2,4,7,-58.16,0,0,0,0,0,0,0,0
2026-03-28 11:49:47.085,61.999,-2,4,7,-58.13,0,0,0,0,0,0,0,0
2026-03-28 11:49:47.165,62.080,-2,4,10,-58.09,0,0,0,0,0,0,0,0
2026-03-28 11:49:47.325,62.240,-2,4,7,-58.05,0,0,0,0,0,0,0,0
2026-03-28 11:49:47.389,62.303,-2,2,7,-58.18,0,0,0,0,0,0,0,0
2026-03-28 11:49:47.517,62.431,-5,4,8,-58.06,0,0,0,0,0,0,0,0
2026-03-28 11:49:47.581,62.495,-2,4,10,-58.05,0,0,0,0,0,0,0,0
2026-03-28 11:49:47.629,62.543,-2,4,8,-57.93,0,0,0,0,0,0,0,0
2026-03-28 11:49:47.741,62.656,-4,4,7,-57.92,0,0,0,0,0,0,0,0
2026-03-28 11:49:47.852,62.766,-2,4,7,-58.0,0,0,0,0,0,0,0,0
2026-03-28 11:49:47.885,62.799,-2,4,7,-57.99,0,0,0,0,0,0,0,0
2026-03-28 11:49:47.996,62.911,-2,4,7,-57.96,0,0,0,0,0,0,0,0
2026-03-28 11:49:48.061,62.975,-2,1,7,-57.71,0,0,0,0,0,0,0,0
2026-03-28 11:49:48.157,63.071,-2,1,7,-57.96,0,0,0,0,0,0,0,0
2026-03-28 11:49:48.237,63.151,-2,4,7,-57.93,0,0,0,0,0,0,0,0
2026-03-28 11:49:48.317,63.231,-2,4,7,-58.08,0,0,0,0,0,0,0,0
2026-03-28 11:49:48.429,63.344,-5,1,7,-58.07,0,0,0,0,0,0,0,0
2026-03-28 11:49:48.525,63.439,-2,4,7,-58.07,0,0,0,0,0,0,0,0
2026-03-28 11:49:48.589,63.503,-2,1,7,-57.9,0,0,0,0,0,0,0,0
2026-03-28 11:49:48.653,63.567,-2,1,7,-58.18,0,0,0,0,0,0,0,0
2026-03-28 11:49:48.812,63.727,-2,4,7,-58.13,0,0,0,0,0,0,0,0
2026-03-28 11:49:48.845,63.760,-2,4,7,-58.08,0,0,0,0,0,0,0,0
2026-03-28 11:49:48.908,63.823,-2,5,8,-58.16,0,0,0,0,0,0,0,0
2026-03-28 11:49:49.005,63.919,-2,4,7,-58.35,0,0,0,0,0,0,0,0
2026-03-28 11:49:49.100,64.015,-2,1,7,-58.28,0,0,0,0,0,0,0,0
2026-03-28 11:49:49.196,64.111,-2,4,7,-58.17,0,0,0,0,0,0,0,0
2026-03-28 11:49:49.228,64.143,-2,1,8,-58.26,0,0,0,0,0,0,0,0
2026-03-28 11:49:49.372,64.287,-2,2,7,-58.33,0,0,0,0,0,0,0,0
2026-03-28 11:49:49.469,64.383,-2,4,7,-58.29,0,0,0,0,0,0,0,0
2026-03-28 11:49:49.501,64.415,-2,4,7,-58.23,0,0,0,0,0,0,0,0
2026-03-28 11:49:49.597,64.511,-2,4,7,-58.07,0,0,0,0,0,0,0,0
2026-03-28 11:49:49.677,64.592,-2,1,7,-58.01,0,0,0,0,0,0,0,0
2026-03-28 11:49:49.709,64.624,-2,4,7,-57.95,0,0,0,0,0,0,0,0
2026-03-28 11:49:49.804,64.719,-2,4,8,-57.86,0,0,0,0,0,0,0,0
2026-03-28 11:49:49.884,64.799,-2,1,7,-57.86,0,0,0,0,0,0,0,0
2026-03-28 11:49:50.029,64.944,-2,4,7,-58.0,0,0,0,0,0,0,0,0
2026-03-28 11:49:50.141,65.055,-2,4,7,-57.95,0,0,0,0,0,0,0,0
2026-03-28 11:49:50.252,65.166,-2,4,7,-57.83,0,0,0,0,0,0,0,0
2026-03-28 11:49:50.285,65.199,-1,2,7,-57.96,0,0,0,0,0,0,0,0
2026-03-28 11:49:50.381,65.295,-2,4,7,-57.9,0,0,0,0,0,0,0,0
2026-03-28 11:49:50.428,65.342,-2,4,7,-58.0,0,0,0,0,0,0,0,0
2026-03-28 11:49:50.508,65.423,-2,4,7,-57.89,0,0,0,0,0,0,0,0
2026-03-28 11:49:50.589,65.503,-2,4,7,-58.03,0,0,0,0,0,0,0,0
2026-03-28 11:49:50.684,65.599,-2,4,7,-58.13,0,0,0,0,0,0,0,0
2026-03-28 11:49:50.781,65.695,-2,5,7,-58.12,0,0,0,0,0,0,0,0
2026-03-28 11:49:50.877,65.791,-2,1,7,-58.11,0,0,0,0,0,0,0,0
2026-03-28 11:49:50.957,65.871,-2,4,7,-58.08,0,0,0,0,0,0,0,0
2026-03-28 11:49:51.004,65.919,-2,4,7,-58.12,0,0,0,0,0,0,0,0
2026-03-28 11:49:51.084,65.999,-5,4,7,-58.23,0,0,0,0,0,0,0,0
2026-03-28 11:49:51.148,66.063,-2,4,7,-58.26,0,0,0,0,0,0,0,0
2026-03-28 11:49:51.245,66.159,-2,2,7,-57.96,0,0,0,0,0,0,0,0
2026-03-28 11:49:51.308,66.223,-2,4,8,-58.05,0,0,0,0,0,0,0,0
2026-03-28 11:49:51.420,66.335,-2,1,7,-58.09,0,0,0,0,0,0,0,0
2026-03-28 11:49:51.468,66.382,-2,2,7,-58.03,0,0,0,0,0,0,0,0
2026-03-28 11:49:51.549,66.464,-2,4,7,-57.85,0,0,0,0,0,0,0,0
2026-03-28 11:49:51.677,66.591,-2,5,10,-57.82,0,0,0,0,0,0,0,0
2026-03-28 11:49:51.709,66.623,-2,4,7,-57.81,0,0,0,0,0,0,0,0
2026-03-28 11:49:51.805,66.719,-2,4,7,-57.79,0,0,0,0,0,0,0,0
2026-03-28 11:49:51.868,66.782,-2,2,7,-57.66,0,0,0,0,0,0,0,0
2026-03-28 11:49:52.002,66.917,-2,2,7,-57.68,0,0,0,0,0,0,0,0
2026-03-28 11:49:52.077,66.991,-2,1,7,-57.87,0,0,0,0,0,0,0,0
2026-03-28 11:49:52.172,67.087,-2,1,7,-57.82,0,0,0,0,0,0,0,0
2026-03-28 11:49:52.236,67.150,-2,1,7,-57.85,0,0,0,0,0,0,0,0
2026-03-28 11:49:52.284,67.199,-2,4,7,-57.68,0,0,0,0,0,0,0,0
2026-03-28 11:49:52.428,67.343,-2,2,7,-57.86,0,0,0,0,0,0,0,0
2026-03-28 11:49:52.477,67.391,-2,4,8,-57.87,0,0,0,0,0,0,0,0
2026-03-28 11:49:52.492,67.407,-5,1,7,-57.72,0,0,0,0,0,0,0,0
2026-03-28 11:49:52.621,67.535,-2,1,7,-57.74,0,0,0,0,0,0,0,0
2026-03-28 11:49:52.684,67.599,-2,4,7,-57.74,0,0,0,0,0,0,0,0
2026-03-28 11:49:52.796,67.711,-2,1,7,-57.97,0,0,0,0,0,0,0,0
2026-03-28 11:49:52.892,67.807,-2,1,10,-57.76,0,0,0,0,0,0,0,0
2026-03-28 11:49:52.989,67.903,-5,4,7,-57.79,0,0,0,0,0,0,0,0
2026-03-28 11:49:53.069,67.983,-2,1,8,-57.89,0,0,0,0,0,0,0,0
2026-03-28 11:49:53.116,68.031,-2,4,7,-58.04,0,0,0,0,0,0,0,0
2026-03-28 11:49:53.197,68.111,-4,4,7,-57.85,0,0,0,0,0,0,0,0
2026-03-28 11:49:53.261,68.175,-2,4,7,-57.82,0,0,0,0,0,0,0,0
2026-03-28 11:49:53.356,68.271,-2,4,7,-57.83,0,0,0,0,0,0,0,0
2026-03-28 11:49:53.436,68.351,-4,4,7,-57.84,0,0,0,0,0,0,0,0
2026-03-28 11:49:53.533,68.447,-2,2,7,-57.82,0,0,0,0,0,0,0,0
2026-03-28 11:49:53.612,68.526,-2,1,10,-57.8,0,0,0,0,0,0,0,0
2026-03-28 11:49:53.692,68.607,-2,1,7,-57.58,0,0,0,0,0,0,0,0
2026-03-28 11:49:53.772,68.687,-2,4,7,-57.58,0,0,0,0,0,0,0,0
2026-03-28 11:49:53.820,68.735,-2,2,7,-57.78,0,0,0,0,0,0,0,0
2026-03-28 11:49:53.933,68.847,-2,1,8,-57.61,0,0,0,0,0,0,0,0
2026-03-28 11:49:53.948,68.863,-2,4,8,-57.67,0,0,0,0,0,0,0,0
2026-03-28 11:49:54.028,68.943,-2,2,7,-57.58,0,0,0,0,0,0,0,0
2026-03-28 11:49:54.108,69.023,-2,1,7,-57.68,0,0,0,0,0,0,0,0
2026-03-28 11:49:54.220,69.135,-4,1,7,-57.74,0,0,0,0,0,0,0,0
2026-03-28 11:49:54.268,69.183,-4,4,8,-57.55,0,0,0,0,0,0,0,0
2026-03-28 11:49:54.332,69.246,-2,4,7,-57.66,0,0,0,0,0,0,0,0
2026-03-28 11:49:54.364,69.279,-2,4,7,-57.72,0,0,0,0,0,0,0,0
2026-03-28 11:49:54.460,69.375,-2,4,7,-57.66,0,0,0,0,0,0,0,0
2026-03-28 11:49:54.572,69.486,-2,4,7,-57.51,0,0,0,0,0,0,0,0
2026-03-28 11:49:54.620,69.535,-2,1,8,-57.55,0,0,0,0,0,0,0,0
2026-03-28 11:49:54.716,69.631,-2,2,8,-57.63,0,0,0,0,0,0,0,0
2026-03-28 11:49:54.797,69.711,-2,4,7,-57.48,0,0,0,0,0,0,0,0
2026-03-28 11:49:54.909,69.823,-2,3,7,-57.56,0,0,0,0,0,0,0,0
2026-03-28 11:49:54.956,69.871,-2,2,7,-57.73,0,0,0,0,0,1,0,0
2026-03-28 11:49:55.052,69.966,-2,2,7,-57.7,0,0,0,0,0,1,0,0
2026-03-28 11:49:55.149,70.063,-2,4,7,-57.58,0,0,0,0,0,1,0,0
2026-03-28 11:49:55.213,70.127,-2,4,8,-57.45,0,0,0,0,0,1,0,0
2026-03-28 11:49:55.341,70.255,-2,4,7,-57.52,0,0,0,0,0,1,0,0
2026-03-28 11:49:55.372,70.287,-4,4,7,-57.3,0,0,0,0,0,1,0,0
2026-03-28 11:49:55.453,70.367,-2,4,7,-57.21,0,0,0,0,0,1,0,0
2026-03-28 11:49:55.517,70.431,-2,1,10,-57.22,0,0,0,0,0,1,0,0
2026-03-28 11:49:55.580,70.495,-2,1,7,-57.15,0,0,0,0,0,1,0,0
2026-03-28 11:49:55.693,70.607,-2,4,10,-57.26,0,0,0,0,0,1,0,0
2026-03-28 11:49:55.724,70.638,-2,4,7,-57.1,0,0,0,0,0,1,0,0
2026-03-28 11:49:55.852,70.767,-2,4,7,-57.17,0,0,0,0,0,1,0,0
2026-03-28 11:49:55.965,70.879,-2,4,7,-57.16,0,0,0,0,0,1,0,0
2026-03-28 11:49:56.029,70.943,-2,4,7,-57.0,0,0,0,0,0,1,0,0
2026-03-28 11:49:56.140,71.055,-2,2,7,-57.09,0,0,0,0,0,1,0,0
2026-03-28 11:49:56.301,71.215,-2,2,7,-56.94,0,0,0,0,0,0,0,0
2026-03-28 11:49:56.365,71.279,-2,4,7,-57.24,0,0,0,0,0,0,0,0
2026-03-28 11:49:56.476,71.390,-5,4,8,-57.35,0,0,0,0,0,0,0,0
2026-03-28 11:49:56.540,71.454,-2,1,8,-57.16,0,0,0,0,0,0,0,0
2026-03-28 11:49:56.621,71.535,-2,4,7,-57.08,0,0,0,0,0,0,0,0
2026-03-28 11:49:56.715,71.630,-2,2,7,-57.24,0,0,0,0,0,0,0,0
2026-03-28 11:49:56.781,71.695,-2,4,7,-57.1,0,0,0,0,0,0,0,0
2026-03-28 11:49:56.861,71.775,-2,4,8,-57.05,0,0,0,0,0,0,0,0
2026-03-28 11:49:56.909,71.823,-4,4,7,-57.16,0,0,0,0,0,0,0,0
2026-03-28 11:49:57.004,71.918,-5,4,7,-57.22,0,0,0,0,0,0,0,0
2026-03-28 11:49:57.084,71.998,-2,1,7,-57.2,0,0,0,0,0,0,0,0
2026-03-28 11:49:57.229,72.143,-4,4,7,-57.02,0,0,0,0,0,1,0,0
2026-03-28 11:49:57.340,72.254,-2,4,7,-57.14,0,0,0,0,0,1,0,0
2026-03-28 11:49:57.404,72.318,-2,4,7,-57.13,0,0,0,0,0,1,0,0
2026-03-28 11:49:57.516,72.430,-2,1,7,-57.26,0,0,0,0,0,1,0,0
2026-03-28 11:49:57.628,72.542,-4,4,7,-56.98,0,0,0,0,0,1,0,0
2026-03-28 11:49:57.740,72.654,-2,2,7,-56.77,0,0,0,0,0,1,0,0
2026-03-28 11:49:57.756,72.670,-1,2,8,-56.79,0,0,0,0,0,1,0,0
2026-03-28 11:49:57.884,72.798,-2,2,8,-56.8,0,0,0,0,0,1,0,0
2026-03-28 11:49:57.932,72.846,-2,4,7,-56.67,0,0,0,0,0,1,0,0
2026-03-28 11:49:58.059,72.974,-2,2,7,-56.79,0,0,0,0,0,1,0,0
2026-03-28 11:49:58.140,73.054,-2,4,7,-56.78,0,0,0,0,0,1,0,0
2026-03-28 11:49:58.236,73.151,-2,4,7,-56.71,0,0,0,0,0,1,0,0
2026-03-28 11:49:58.285,73.199,-4,1,7,-56.65,0,0,0,0,0,1,0,0
2026-03-28 11:49:58.396,73.311,-4,4,7,-56.65,0,0,0,0,0,1,0,0
2026-03-28 11:49:58.444,73.358,-4,2,7,-56.73,0,0,0,0,0,1,0,0
2026-03-28 11:49:58.508,73.422,-4,4,8,-56.75,0,0,0,0,0,1,0,0
2026-03-28 11:49:58.572,73.486,-2,2,7,-56.81,0,0,0,0,0,1,0,0
2026-03-28 11:49:58.749,73.663,-2,1,7,-56.78,0,0,0,0,0,1,0,0
2026-03-28 11:49:58.844,73.759,-2,2,7,-56.79,0,0,0,0,0,1,0,0
2026-03-28 11:49:58.908,73.822,-2,4,7,-56.88,0,0,0,0,0,1,0,0
2026-03-28 11:49:59.004,73.918,-4,2,7,-56.87,0,0,0,0,0,1,0,0
2026-03-28 11:49:59.116,74.031,-2,2,10,-56.82,0,0,0,0,0,1,0,0
2026-03-28 11:49:59.149,74.063,-2,1,7,-56.82,0,0,0,0,0,1,0,0
2026-03-28 11:49:59.228,74.142,-2,1,7,-56.91,0,0,0,0,0,1,0,0
2026-03-28 11:49:59.372,74.286,-4,4,8,-56.89,0,0,0,0,0,1,0,0
2026-03-28 11:49:59.420,74.334,-2,4,7,-56.75,0,0,0,0,0,1,0,0
2026-03-28 11:49:59.532,74.446,-2,4,7,-56.85,0,0,0,0,0,1,0,0
2026-03-28 11:49:59.660,74.574,-2,1,7,-56.83,0,0,0,0,0,1,0,0
2026-03-28 11:49:59.676,74.590,-2,4,7,-56.94,0,0,0,0,0,0,0,0
2026-03-28 11:49:59.756,74.671,-2,4,7,-56.91,0,0,0,0,0,0,0,0
2026-03-28 11:49:59.900,74.815,-2,1,7,-56.78,0,0,0,0,0,0,0,0
2026-03-28 11:49:59.964,74.879,-2,4,7,-56.66,0,0,0,0,0,0,0,0
2026-03-28 11:49:59.980,74.895,-2,4,8,-56.69,0,0,0,0,0,0,0,0
2026-03-28 11:50:00.044,74.958,-2,4,8,-56.7,0,0,0,0,0,0,0,0
2026-03-28 11:50:00.156,75.070,-2,4,7,-56.65,0,0,0,0,0,0,0,0
2026-03-28 11:50:00.236,75.151,-2,1,7,-56.69,0,0,0,0,0,0,0,0
2026-03-28 11:50:00.268,75.182,-2,1,7,-56.8,0,0,0,0,0,0,0,0
2026-03-28 11:50:00.428,75.342,-2,1,7,-56.8,0,0,0,0,0,0,0,0
2026-03-28 11:50:00.492,75.406,-2,3,7,-56.71,0,0,0,0,0,0,0,0
2026-03-28 11:50:00.572,75.486,-2,4,7,-56.92,0,0,0,0,0,0,0,0
2026-03-28 11:50:00.668,75.583,-2,4,7,-56.88,0,0,0,0,0,0,0,0
2026-03-28 11:50:00.700,75.614,-2,1,7,-56.81,0,0,0,0,0,0,0,0
2026-03-28 11:50:00.828,75.743,-2,4,7,-56.96,0,0,0,0,0,0,0,0
2026-03-28 11:50:00.892,75.806,-2,4,7,-56.92,0,0,0,0,0,0,0,0
2026-03-28 11:50:00.972,75.887,-2,4,7,-56.96,0,0,0,0,0,0,0,0
2026-03-28 11:50:01.020,75.934,-2,4,7,-56.84,0,0,0,0,0,0,0,0
2026-03-28 11:50:01.084,75.999,-2,4,7,-56.87,0,0,0,0,0,0,0,0
2026-03-28 11:50:01.196,76.111,-2,4,7,-56.96,0,0,0,0,0,0,0,0
2026-03-28 11:50:01.276,76.191,-2,4,7,-57.05,0,0,0,0,0,0,0,0
2026-03-28 11:50:01.420,76.335,-2,4,7,-57.06,0,0,0,0,0,0,0,0
2026-03-28 11:50:01.436,76.350,-2,4,7,-56.89,0,0,0,0,0,0,0,0
2026-03-28 11:50:01.501,76.415,-2,2,8,-56.94,0,0,0,0,0,0,0,0
2026-03-28 11:50:01.597,76.511,-2,1,10,-56.91,0,0,0,0,0,0,0,0
2026-03-28 11:50:01.675,76.590,-2,4,7,-56.87,0,0,0,0,0,0,0,0
2026-03-28 11:50:01.772,76.686,-2,4,7,-56.75,0,0,0,0,0,0,0,0
2026-03-28 11:50:01.852,76.766,-2,4,8,-56.76,0,0,0,0,0,0,0,0
2026-03-28 11:50:01.932,76.846,-2,4,10,-56.71,0,0,0,0,0,0,0,0
2026-03-28 11:50:02.028,76.942,-4,1,8,-56.92,0,0,0,0,0,0,0,0
2026-03-28 11:50:02.108,77.023,-2,4,7,-56.65,0,0,0,0,0,0,0,0
2026-03-28 11:50:02.252,77.166,-2,4,8,-56.73,0,0,0,0,0,0,0,0
2026-03-28 11:50:02.364,77.278,-2,1,10,-56.69,0,0,0,0,0,0,0,0
2026-03-28 11:50:02.492,77.406,-2,4,7,-56.87,0,0,0,0,0,0,0,0
2026-03-28 11:50:02.493,77.408,-2,1,7,-56.73,0,0,0,0,0,0,0,0
2026-03-28 11:50:02.668,77.582,-2,4,8,-57.02,0,0,0,0,0,0,0,0
2026-03-28 11:50:02.716,77.631,-2,4,7,-56.9,0,0,0,0,0,0,0,0
2026-03-28 11:50:02.764,77.679,-2,4,7,-57.01,0,0,0,0,0,0,0,0
2026-03-28 11:50:02.828,77.742,-2,4,7,-57.01,0,0,0,0,0,0,0,0
2026-03-28 11:50:02.908,77.823,-2,4,7,-57.06,0,0,0,0,0,0,0,0
2026-03-28 11:50:02.988,77.903,-2,4,10,-56.95,0,0,0,0,0,0,0,0
2026-03-28 11:50:03.164,78.079,-2,4,8,-57.03,0,0,0,0,0,0,0,0
2026-03-28 11:50:03.260,78.174,-2,4,7,-57.08,0,0,0,0,0,0,0,0
2026-03-28 11:50:03.308,78.223,-2,4,7,-57.23,0,0,0,0,0,0,0,0
2026-03-28 11:50:03.388,78.303,-2,4,7,-57.17,0,0,0,0,0,0,0,0
2026-03-28 11:50:03.500,78.414,-2,4,7,-57.09,0,0,0,0,0,1,0,0
2026-03-28 11:50:03.611,78.526,-2,4,7,-57.15,0,0,0,0,0,1,0,0
2026-03-28 11:50:03.708,78.622,-2,4,8,-57.12,0,0,0,0,0,1,0,0
2026-03-28 11:50:03.756,78.670,-2,4,7,-57.11,0,0,0,0,0,1,0,0
2026-03-28 11:50:03.868,78.782,-2,4,7,-57.14,0,0,0,0,0,1,0,0
2026-03-28 11:50:03.900,78.815,-2,4,10,-57.2,0,0,0,0,0,1,0,0
2026-03-28 11:50:04.044,78.959,-2,2,8,-56.86,0,0,0,0,0,1,0,0
2026-03-28 11:50:04.060,78.975,-2,4,7,-56.95,0,0,0,0,0,1,0,0
2026-03-28 11:50:04.108,79.022,-2,2,7,-57.03,0,0,0,0,0,1,0,0
2026-03-28 11:50:04.219,79.134,-2,2,8,-57.14,0,0,0,0,0,1,0,0
2026-03-28 11:50:04.284,79.199,-2,4,7,-57.24,0,0,0,0,0,1,0,0
2026-03-28 11:50:04.427,79.342,-2,4,7,-57.1,0,0,0,0,0,1,0,0
2026-03-28 11:50:04.524,79.438,-2,1,7,-57.23,0,0,0,0,0,0,0,0
2026-03-28 11:50:04.525,79.439,-2,1,7,-57.1,0,0,0,0,0,0,0,0
2026-03-28 11:50:04.604,79.519,-2,4,7,-57.55,0,0,0,0,0,0,0,0
2026-03-28 11:50:04.683,79.598,-4,1,7,-57.38,0,0,0,0,0,0,0,0
2026-03-28 11:50:04.780,79.694,-2,4,7,-57.23,0,0,0,0,0,0,0,0
2026-03-28 11:50:04.876,79.790,-2,4,7,-57.54,0,0,0,0,0,0,0,0
2026-03-28 11:50:04.956,79.870,-2,4,7,-57.45,0,0,0,0,0,0,0,0
2026-03-28 11:50:05.020,79.935,-2,4,8,-57.59,0,0,0,0,0,0,0,0
2026-03-28 11:50:05.116,80.030,-2,2,7,-57.53,0,0,0,0,0,0,0,0
2026-03-28 11:50:05.180,80.094,-2,4,8,-57.52,0,0,0,0,0,0,0,0
2026-03-28 11:50:05.260,80.175,-2,1,7,-57.72,0,0,0,0,0,0,0,0
2026-03-28 11:50:05.324,80.239,-2,4,7,-57.69,0,0,0,0,0,0,0,0
2026-03-28 11:50:05.404,80.318,-2,4,7,-57.63,0,0,0,0,0,0,0,0
2026-03-28 11:50:05.468,80.382,-2,4,7,-57.52,0,0,0,0,0,0,0,0
2026-03-28 11:50:05.532,80.446,-2,4,7,-57.64,0,0,0,0,0,0,0,0
2026-03-28 11:50:05.644,80.558,-5,4,7,-57.6,0,0,0,0,0,0,0,0
2026-03-28 11:50:05.739,80.654,-2,4,8,-57.66,0,0,0,0,0,0,0,0
2026-03-28 11:50:05.787,80.702,-2,4,7,-57.55,0,0,0,0,0,0,0,0
2026-03-28 11:50:05.883,80.797,-2,1,7,-57.5,0,0,0,0,0,0,0,0
2026-03-28 11:50:05.948,80.862,-2,1,7,-57.57,0,0,0,0,0,0,0,0
2026-03-28 11:50:06.028,80.942,-2,1,7,-57.48,0,0,0,0,0,0,0,0
2026-03-28 11:50:06.091,81.005,-3,4,7,-57.55,0,0,0,0,0,0,0,0
2026-03-28 11:50:06.139,81.054,-2,4,7,-57.59,0,0,0,0,0,0,0,0
2026-03-28 11:50:06.220,81.134,-2,4,7,-57.73,0,0,0,0,0,0,0,0
2026-03-28 11:50:06.315,81.230,-2,4,7,-57.78,0,0,0,0,0,0,0,0
2026-03-28 11:50:06.396,81.311,-2,1,7,-57.75,0,0,0,0,0,0,0,0
2026-03-28 11:50:06.476,81.391,-2,4,8,-57.8,0,0,0,0,0,0,0,0
2026-03-28 11:50:06.588,81.502,-2,1,7,-57.69,0,0,0,0,0,0,0,0
2026-03-28 11:50:06.651,81.566,-2,2,8,-57.83,0,0,0,0,0,0,0,0
2026-03-28 11:50:06.763,81.678,-2,4,7,-57.67,0,0,0,0,0,0,0,0
2026-03-28 11:50:06.828,81.742,-2,4,7,-57.79,0,0,0,0,0,0,0,0
2026-03-28 11:50:06.908,81.822,-4,1,7,-57.9,0,0,0,0,0,0,0,0
2026-03-28 11:50:06.940,81.854,-2,4,7,-57.83,0,0,0,0,0,0,0,0
2026-03-28 11:50:07.019,81.934,-5,4,7,-57.78,0,0,0,0,0,0,0,0
2026-03-28 11:50:07.116,82.031,-2,4,7,-57.78,0,0,0,0,0,0,0,0
2026-03-28 11:50:07.179,82.094,-2,4,7,-57.88,0,0,0,0,0,0,0,0
2026-03-28 11:50:07.292,82.206,-2,4,7,-57.86,0,0,0,0,0,0,0,0
2026-03-28 11:50:07.340,82.254,-2,4,7,-57.73,0,0,0,0,0,0,0,0
2026-03-28 11:50:07.419,82.334,-2,1,7,-57.73,0,0,0,0,0,0,0,0
2026-03-28 11:50:07.500,82.414,-4,1,8,-57.67,0,0,0,0,0,0,0,0
2026-03-28 11:50:07.563,82.478,-4,4,7,-57.71,0,0,0,0,0,0,0,0
2026-03-28 11:50:07.643,82.558,-2,4,7,-57.75,0,0,0,0,0,0,0,0
2026-03-28 11:50:07.708,82.622,-2,4,7,-57.86,0,0,0,0,0,0,0,0
2026-03-28 11:50:07.851,82.765,-2,4,8,-57.75,0,0,0,0,0,0,0,0
2026-03-28 11:50:07.932,82.846,-2,4,7,-57.63,0,0,0,0,0,0,0,0
2026-03-28 11:50:07.979,82.894,-2,4,7,-57.63,0,0,0,0,0,0,0,0
2026-03-28 11:50:08.107,83.022,-2,4,7,-57.81,0,0,0,0,0,0,0,0
2026-03-28 11:50:08.124,83.038,-2,4,8,-57.69,0,0,0,0,0,0,0,0
2026-03-28 11:50:08.284,83.198,-2,1,10,-57.77,0,0,0,0,0,0,0,0
2026-03-28 11:50:08.316,83.230,-2,4,7,-57.75,0,0,0,0,0,0,0,0
2026-03-28 11:50:08.380,83.294,-4,4,7,-57.82,0,0,0,0,0,0,0,0
2026-03-28 11:50:08.444,83.358,-2,4,8,-57.72,0,0,0,0,0,0,0,0
2026-03-28 11:50:08.571,83.486,-5,4,7,-57.64,0,0,0,0,0,0,0,0
2026-03-28 11:50:08.636,83.550,-2,2,7,-57.71,0,0,0,0,0,0,0,0
2026-03-28 11:50:08.684,83.598,-2,4,7,-57.65,0,0,0,0,0,0,0,0
2026-03-28 11:50:08.747,83.662,-2,4,7,-57.77,0,0,0,0,0,0,0,0
2026-03-28 11:50:08.859,83.774,-2,4,7,-57.59,0,0,0,0,0,0,0,0
2026-03-28 11:50:08.908,83.822,-2,4,7,-57.57,0,0,0,0,0,0,0,0
2026-03-28 11:50:09.035,83.950,-2,4,7,-57.67,0,0,0,0,0,0,0,0
2026-03-28 11:50:09.084,83.998,-2,4,7,-57.6,0,0,0,0,0,0,0,0
2026-03-28 11:50:09.180,84.094,-2,4,7,-57.65,0,0,0,0,0,0,0,0
2026-03-28 11:50:09.260,84.174,-2,1,7,-57.48,0,0,0,0,0,0,0,0
2026-03-28 11:50:09.324,84.238,-4,4,7,-57.54,0,0,0,0,0,0,0,0
2026-03-28 11:50:09.419,84.334,-2,4,8,-57.54,0,0,0,0,0,0,0,0
2026-03-28 11:50:09.483,84.398,-2,4,7,-57.57,0,0,0,0,0,0,0,0
2026-03-28 11:50:09.516,84.430,-2,4,7,-57.5,0,0,0,0,0,0,0,0
2026-03-28 11:50:09.611,84.526,-2,4,7,-57.43,0,0,0,0,0,0,0,0
2026-03-28 11:50:09.691,84.606,-2,4,7,-57.48,0,0,0,0,0,0,0,0
2026-03-28 11:50:09.771,84.686,-2,4,7,-57.32,0,0,0,0,0,0,0,0
2026-03-28 11:50:09.852,84.766,-2,1,7,-57.37,0,0,0,0,0,0,0,0
2026-03-28 11:50:09.948,84.862,-2,4,7,-57.47,0,0,0,0,0,0,0,0
2026-03-28 11:50:09.996,84.911,-2,4,7,-57.38,0,0,0,0,0,0,0,0
2026-03-28 11:50:10.156,85.071,-5,4,7,-57.56,0,0,0,0,0,0,0,0
2026-03-28 11:50:10.187,85.101,-2,4,7,-57.32,0,0,0,0,0,0,0,0
2026-03-28 11:50:10.219,85.134,-2,4,7,-57.27,0,0,0,0,0,0,0,0
2026-03-28 11:50:10.396,85.310,-2,4,7,-57.43,0,0,0,0,0,0,0,0
2026-03-28 11:50:10.491,85.406,-2,4,7,-57.36,0,0,0,0,0,0,0,0
2026-03-28 11:50:10.587,85.501,-2,4,7,-57.21,0,0,0,0,0,0,0,0
2026-03-28 11:50:10.636,85.550,-2,4,8,-57.4,0,0,0,0,0,0,0,0
2026-03-28 11:50:10.731,85.646,-2,4,7,-57.07,0,0,0,0,0,0,0,0
2026-03-28 11:50:10.779,85.693,-2,4,7,-57.17,0,0,0,0,0,0,0,0
2026-03-28 11:50:10.843,85.758,-2,4,7,-57.16,0,0,0,0,0,0,0,0
2026-03-28 11:50:10.892,85.806,-2,4,10,-57.23,0,0,0,0,0,0,0,0
2026-03-28 11:50:11.019,85.933,-2,4,7,-57.21,0,0,0,0,0,0,0,0
2026-03-28 11:50:11.083,85.998,-5,4,7,-56.95,0,0,0,0,0,0,0,0
2026-03-28 11:50:11.164,86.078,-2,4,7,-57.1,0,0,0,0,0,0,0,0
2026-03-28 11:50:11.211,86.126,-2,4,8,-57.06,0,0,0,0,0,0,0,0
2026-03-28 11:50:11.276,86.190,-2,4,8,-56.96,0,0,0,0,0,0,0,0
2026-03-28 11:50:11.419,86.333,-2,4,7,-57.07,0,0,0,0,0,0,0,0
2026-03-28 11:50:11.532,86.446,-2,1,10,-56.89,0,0,0,0,0,0,0,0
2026-03-28 11:50:11.579,86.493,-4,4,7,-56.95,0,0,0,0,0,0,0,0
2026-03-28 11:50:11.643,86.558,-5,1,7,-56.76,0,0,0,0,0,0,0,0
2026-03-28 11:50:11.724,86.638,-2,4,7,-56.85,0,0,0,0,0,0,0,0
2026-03-28 11:50:11.868,86.783,-2,4,7,-56.98,0,0,0,0,0,0,0,0
2026-03-28 11:50:11.948,86.862,-2,4,7,-56.9,0,0,0,0,0,0,0,0
2026-03-28 11:50:12.043,86.958,-2,4,8,-56.73,0,0,0,0,0,0,0,0
2026-03-28 11:50:12.140,87.054,-4,4,7,-56.93,0,0,0,0,0,0,0,0
2026-03-28 11:50:12.203,87.118,-2,2,7,-56.9,0,0,0,0,0,0,0,0
2026-03-28 11:50:12.300,87.214,-2,4,7,-56.94,0,0,0,0,0,0,0,0
2026-03-28 11:50:12.396,87.310,-2,1,7,-56.9,0,0,0,0,0,0,0,0
2026-03-28 11:50:12.443,87.358,-2,4,7,-57.01,0,0,0,0,0,0,0,0
2026-03-28 11:50:12.555,87.470,-2,4,8,-56.95,0,0,0,0,0,0,0,0
2026-03-28 11:50:12.587,87.502,-2,4,7,-56.94,0,0,0,0,0,0,0,0
2026-03-28 11:50:12.715,87.630,-2,4,7,-56.79,0,0,0,0,0,0,0,0
2026-03-28 11:50:12.731,87.646,-2,2,8,-56.75,0,0,0,0,0,0,0,0
2026-03-28 11:50:12.828,87.742,-2,4,10,-57.03,0,0,0,0,0,0,0,0
2026-03-28 11:50:12.923,87.838,-2,4,7,-56.86,0,0,0,0,0,0,0,0
2026-03-28 11:50:12.971,87.886,-2,1,7,-56.82,0,0,0,0,0,0,0,0
2026-03-28 11:50:13.116,88.030,-2,4,7,-56.8,0,0,0,1,0,0,0,0
2026-03-28 11:50:13.194,88.109,-4,4,10,-56.85,0,0,0,1,0,0,0,0
2026-03-28 11:50:13.227,88.142,-2,4,10,-57.0,0,0,0,1,0,0,0,0
2026-03-28 11:50:13.291,88.206,-2,4,7,-56.81,0,0,0,1,0,0,0,0
2026-03-28 11:50:13.356,88.270,-2,1,7,-56.73,0,0,0,1,0,0,0,0
2026-03-28 11:50:13.436,88.350,-2,4,7,-56.75,0,0,0,1,0,0,0,0
2026-03-28 11:50:13.562,88.477,-2,4,7,-56.83,0,0,0,1,0,0,0,0
2026-03-28 11:50:13.579,88.494,-2,1,7,-56.86,0,0,0,1,0,0,0,0
2026-03-28 11:50:13.627,88.541,-2,4,7,-57.26,0,0,0,1,0,0,0,0
2026-03-28 11:50:13.739,88.654,-4,1,7,-57.01,0,0,0,1,0,0,0,0
2026-03-28 11:50:13.948,88.862,-4,4,7,-57.1,0,0,0,1,0,0,0,0
2026-03-28 11:50:14.027,88.942,-4,4,10,-57.15,0,0,0,1,0,0,0,0
2026-03-28 11:50:14.140,89.054,-2,2,8,-57.17,0,0,0,1,0,0,0,0
2026-03-28 11:50:14.236,89.150,-2,4,10,-57.01,0,0,0,1,0,0,0,0
2026-03-28 11:50:14.315,89.230,-2,4,7,-57.21,0,0,0,1,0,0,0,0
2026-03-28 11:50:14.380,89.294,-2,4,7,-57.05,0,0,0,1,0,0,0,0
2026-03-28 11:50:14.475,89.390,-2,4,7,-57.16,0,0,0,1,0,0,0,0
2026-03-28 11:50:14.651,89.565,-5,4,7,-57.13,0,0,0,0,0,0,0,0
2026-03-28 11:50:14.700,89.614,-4,4,7,-57.13,0,0,0,0,0,0,0,0
2026-03-28 11:50:14.747,89.662,-4,1,10,-56.99,0,0,0,0,0,0,0,0
2026-03-28 11:50:14.811,89.726,-5,4,7,-57.35,0,0,0,0,0,0,0,0
2026-03-28 11:50:14.923,89.837,-5,4,10,-57.21,0,0,0,0,0,0,0,0
2026-03-28 11:50:14.971,89.885,-5,4,7,-57.15,0,0,0,0,0,0,0,0
2026-03-28 11:50:15.100,90.014,-5,4,8,-57.29,0,0,0,0,0,0,0,0
2026-03-28 11:50:15.163,90.078,-5,4,10,-57.34,0,0,0,0,0,0,0,0
2026-03-28 11:50:15.211,90.125,-2,4,7,-57.26,0,0,0,0,0,0,0,0
2026-03-28 11:50:15.291,90.205,-4,2,7,-57.35,0,0,0,0,0,0,0,0
2026-03-28 11:50:15.371,90.285,-5,4,7,-57.28,0,0,0,0,0,0,0,0
2026-03-28 11:50:15.436,90.350,-4,4,7,-57.4,0,0,0,0,0,0,0,0
2026-03-28 11:50:15.595,90.509,-4,4,7,-57.25,0,0,0,0,0,0,0,0
2026-03-28 11:50:15.627,90.542,-2,4,7,-57.26,0,0,0,0,0,0,0,0
2026-03-28 11:50:15.707,90.621,-2,4,7,-57.41,0,0,0,0,0,0,0,0
2026-03-28 11:50:15.803,90.717,-2,4,7,-57.4,0,0,0,0,0,0,0,0
2026-03-28 11:50:15.915,90.830,-2,4,7,-57.57,0,0,0,0,0,0,0,0
2026-03-28 11:50:15.995,90.910,-4,4,7,-57.48,0,0,0,0,0,0,0,0
2026-03-28 11:50:16.075,90.989,-2,2,8,-57.5,0,0,0,0,0,0,0,0
2026-03-28 11:50:16.091,91.006,-2,1,7,-57.49,0,0,0,0,0,0,0,0
2026-03-28 11:50:16.235,91.149,-2,4,7,-57.43,0,0,0,0,0,0,0,0
2026-03-28 11:50:16.267,91.182,-2,4,7,-57.41,0,0,0,0,0,0,0,0
2026-03-28 11:50:16.363,91.277,-2,4,7,-57.5,0,0,0,0,0,0,0,0
2026-03-28 11:50:16.427,91.341,-2,4,7,-57.5,0,0,0,0,0,0,0,0
2026-03-28 11:50:16.491,91.406,-2,4,7,-57.42,0,0,0,0,0,0,0,0
2026-03-28 11:50:16.572,91.486,-2,4,8,-57.5,0,0,0,0,0,0,0,0
2026-03-28 11:50:16.668,91.582,-2,4,7,-57.38,0,0,0,0,0,0,0,0
2026-03-28 11:50:16.747,91.661,-2,4,7,-57.48,0,0,0,0,0,0,0,0
2026-03-28 11:50:16.810,91.725,-2,1,7,-57.38,0,0,0,0,0,0,0,0
2026-03-28 11:50:16.939,91.854,-4,4,10,-57.31,0,0,0,0,0,0,0,0
2026-03-28 11:50:17.003,91.917,-4,4,10,-57.35,0,0,0,0,0,0,0,0
2026-03-28 11:50:17.115,92.030,-2,4,7,-57.29,0,0,0,0,0,0,0,0
2026-03-28 11:50:17.163,92.078,-2,4,7,-57.3,0,0,0,0,0,0,0,0
2026-03-28 11:50:17.211,92.126,-2,4,7,-57.22,0,0,0,0,0,0,0,0
2026-03-28 11:50:17.323,92.237,-2,4,8,-57.43,0,0,0,0,0,0,0,0
2026-03-28 11:50:17.370,92.285,-2,4,7,-57.26,0,0,0,0,0,0,0,0
2026-03-28 11:50:17.482,92.397,-2,4,7,-57.25,0,0,0,0,0,0,0,0
2026-03-28 11:50:17.547,92.461,-5,1,8,-57.13,0,0,0,0,0,0,0,0
2026-03-28 11:50:17.643,92.557,-2,1,7,-57.28,0,0,0,0,0,0,0,0
2026-03-28 11:50:17.722,92.637,-2,1,7,-57.39,0,0,0,0,0,0,0,0
2026-03-28 11:50:17.787,92.701,-2,4,10,-57.31,0,0,0,0,0,0,0,0
2026-03-28 11:50:17.916,92.830,-2,4,7,-57.28,0,0,0,0,0,0,0,0
2026-03-28 11:50:17.963,92.878,-2,4,8,-57.2,0,0,0,0,0,0,0,0
2026-03-28 11:50:18.043,92.957,-2,4,7,-57.19,0,0,0,0,0,0,0,0
2026-03-28 11:50:18.123,93.037,-2,4,7,-57.32,0,0,0,0,0,0,0,0
2026-03-28 11:50:18.203,93.117,-2,4,7,-57.17,0,0,0,0,0,0,0,0
2026-03-28 11:50:18.298,93.213,-2,4,7,-57.21,0,0,0,0,0,0,0,0
2026-03-28 11:50:18.332,93.246,-2,4,7,-57.16,0,0,0,0,0,0,0,0
2026-03-28 11:50:18.427,93.342,-2,4,7,-57.28,0,0,0,0,0,0,0,0
2026-03-28 11:50:18.555,93.470,-2,4,10,-56.98,0,0,0,0,0,0,0,0
2026-03-28 11:50:18.571,93.485,-2,4,7,-57.06,0,0,0,0,0,0,0,0
2026-03-28 11:50:18.636,93.550,-2,4,7,-57.06,0,0,0,0,0,0,0,0
2026-03-28 11:50:18.715,93.629,-2,4,7,-57.02,0,0,0,0,0,0,0,0
2026-03-28 11:50:18.843,93.757,-2,4,7,-56.98,0,0,0,0,0,0,0,0
2026-03-28 11:50:18.907,93.821,-2,4,7,-57.03,0,0,0,0,0,0,0,0
2026-03-28 11:50:19.003,93.917,-2,4,10,-56.99,0,0,0,0,0,0,0,0
2026-03-28 11:50:19.131,94.046,-2,1,8,-57.11,0,0,0,0,0,0,0,0
2026-03-28 11:50:19.180,94.094,-2,4,7,-57.04,0,0,0,0,0,0,0,0
2026-03-28 11:50:19.243,94.158,-2,1,7,-57.08,0,0,0,0,0,0,0,0
2026-03-28 11:50:19.386,94.301,-5,4,7,-57.03,0,0,0,0,0,0,0,0
2026-03-28 11:50:19.420,94.334,-2,4,7,-56.95,0,0,0,0,0,0,0,0
2026-03-28 11:50:19.531,94.445,-2,4,7,-57.02,0,0,0,0,0,0,0,0
2026-03-28 11:50:19.595,94.510,-2,4,10,-56.93,0,0,0,0,0,0,0,0
2026-03-28 11:50:19.675,94.590,-5,4,7,-56.91,0,0,0,0,0,0,0,0
2026-03-28 11:50:19.771,94.685,-2,4,7,-57.08,0,0,0,0,0,0,0,0
2026-03-28 11:50:19.867,94.781,-2,4,7,-56.94,0,0,0,0,0,0,0,0
2026-03-28 11:50:19.947,94.861,-4,4,10,-56.96,0,0,0,0,0,0,0,0
2026-03-28 11:50:19.963,94.877,-2,4,7,-56.82,0,0,0,0,0,0,0,0
2026-03-28 11:50:20.043,94.958,-2,4,7,-56.99,0,0,0,0,0,0,0,0
2026-03-28 11:50:20.107,95.022,-2,2,7,-57.09,0,0,0,0,0,0,0,0
2026-03-28 11:50:20.187,95.101,-4,2,7,-56.95,0,0,0,0,0,0,0,0
2026-03-28 11:50:20.236,95.150,-5,4,7,-56.97,0,0,0,0,0,0,0,0
2026-03-28 11:50:20.315,95.230,-4,1,8,-56.84,0,0,0,0,0,0,0,0
2026-03-28 11:50:20.363,95.277,-2,4,7,-56.76,0,0,0,0,0,0,0,0
2026-03-28 11:50:20.475,95.389,-2,4,8,-56.72,0,0,0,0,0,0,0,0
2026-03-28 11:50:20.522,95.436,-2,4,7,-56.71,0,0,0,0,0,0,0,0
2026-03-28 11:50:20.586,95.501,-4,4,7,-56.66,0,0,0,0,0,0,0,0
2026-03-28 11:50:20.651,95.565,-2,4,7,-56.46,0,0,0,0,0,0,0,0
2026-03-28 11:50:20.763,95.677,-2,4,7,-56.77,0,0,0,0,0,0,0,0
2026-03-28 11:50:20.874,95.788,-4,4,7,-56.73,0,0,0,0,0,0,0,0
2026-03-28 11:50:20.907,95.822,-5,4,7,-56.71,0,0,0,0,0,0,0,0
2026-03-28 11:50:21.035,95.950,-2,4,7,-56.65,0,0,0,0,0,0,0,0
2026-03-28 11:50:21.083,95.997,-2,4,7,-56.64,0,0,0,0,0,0,0,0
2026-03-28 11:50:21.163,96.077,-5,4,7,-56.77,0,0,0,0,0,0,0,0
2026-03-28 11:50:21.195,96.109,-2,4,8,-56.65,0,0,0,0,0,0,0,0
2026-03-28 11:50:21.290,96.205,-5,4,7,-56.72,0,0,0,0,0,0,0,0
2026-03-28 11:50:21.386,96.300,-2,4,10,-56.71,0,0,0,0,0,0,0,0
2026-03-28 11:50:21.419,96.334,-2,1,7,-56.79,0,0,0,0,0,0,0,0
2026-03-28 11:50:21.499,96.414,-2,4,7,-56.81,0,0,0,0,0,0,0,0
2026-03-28 11:50:21.579,96.493,-2,4,10,-56.73,0,0,0,0,0,0,0,0
2026-03-28 11:50:21.659,96.574,-5,4,8,-56.88,0,0,0,0,0,0,0,0
2026-03-28 11:50:21.723,96.637,-2,2,7,-56.83,0,0,0,0,0,0,0,0
2026-03-28 11:50:21.820,96.734,-4,4,7,-56.74,0,0,0,0,0,0,0,0
2026-03-28 11:50:21.899,96.813,-2,4,7,-56.86,0,0,0,0,0,0,0,0
2026-03-28 11:50:21.915,96.830,-2,4,7,-56.83,0,0,0,0,0,0,0,0
2026-03-28 11:50:22.011,96.925,-2,4,10,-56.72,0,0,0,0,0,0,0,0
2026-03-28 11:50:22.154,97.069,-2,4,7,-56.56,0,0,0,0,0,0,0,0
2026-03-28 11:50:22.202,97.117,-2,4,7,-56.55,0,0,0,0,0,0,0,0
2026-03-28 11:50:22.331,97.245,-2,1,8,-56.51,0,0,0,0,0,0,0,0
2026-03-28 11:50:22.427,97.342,-2,1,8,-56.51,0,0,0,0,0,0,0,0
2026-03-28 11:50:22.474,97.389,-2,4,8,-56.64,0,0,0,0,0,0,0,0
2026-03-28 11:50:22.571,97.485,-2,4,7,-56.7,0,0,0,0,0,0,0,0
2026-03-28 11:50:22.619,97.533,-2,4,7,-56.77,0,0,0,0,0,0,0,0
2026-03-28 11:50:22.731,97.645,-2,4,7,-56.78,0,0,0,0,0,0,0,0
2026-03-28 11:50:22.811,97.725,-4,4,7,-56.67,0,0,0,0,0,0,0,0
2026-03-28 11:50:22.954,97.869,-4,4,7,-56.76,0,0,0,0,0,0,0,0
2026-03-28 11:50:22.971,97.885,-5,4,7,-56.76,0,0,0,0,0,0,0,0
2026-03-28 11:50:23.083,97.997,-2,4,7,-56.68,0,0,0,0,0,0,0,0
2026-03-28 11:50:23.179,98.093,-4,4,7,-56.75,0,0,0,0,0,0,0,0
2026-03-28 11:50:23.259,98.173,-4,4,7,-56.97,0,0,0,0,0,0,0,0
2026-03-28 11:50:23.355,98.269,-2,4,10,-56.91,0,0,0,0,0,0,0,0
2026-03-28 11:50:23.404,98.318,-2,4,8,-56.97,0,0,0,0,0,0,0,0
2026-03-28 11:50:23.562,98.477,-2,4,10,-57.01,0,0,0,0,0,0,0,0
2026-03-28 11:50:23.611,98.525,-2,4,7,-57.02,0,0,0,0,0,0,0,0
2026-03-28 11:50:23.642,98.557,-2,4,7,-57.11,0,0,0,0,0,0,0,0
2026-03-28 11:50:23.770,98.684,-2,4,10,-56.97,0,0,0,0,0,0,0,0
2026-03-28 11:50:23.803,98.718,-2,4,10,-56.96,0,0,0,0,0,0,0,0
2026-03-28 11:50:23.931,98.845,-4,4,7,-56.92,0,0,0,0,0,0,0,0
2026-03-28 11:50:23.979,98.893,-2,4,10,-57.0,0,0,0,0,0,0,0,0
2026-03-28 11:50:24.075,98.989,-4,4,7,-56.79,0,0,0,0,0,0,0,0
2026-03-28 11:50:24.155,99.069,-4,4,7,-56.75,0,0,0,0,0,0,0,0
2026-03-28 11:50:24.299,99.213,-2,4,7,-56.98,0,0,0,0,0,0,0,0
2026-03-28 11:50:24.331,99.245,-2,4,7,-57.09,0,0,0,0,0,0,0,0
2026-03-28 11:50:24.410,99.325,-2,4,7,-57.1,0,0,0,0,0,0,0,0
2026-03-28 11:50:24.459,99.373,-2,4,8,-56.94,0,0,0,0,0,0,0,0
2026-03-28 11:50:24.619,99.533,-2,4,7,-57.08,0,0,0,0,0,0,0,0
2026-03-28 11:50:24.651,99.565,-2,4,7,-57.16,0,0,0,0,0,0,0,0
2026-03-28 11:50:24.731,99.645,-2,4,7,-57.16,0,0,0,0,0,0,0,0
2026-03-28 11:50:24.795,99.710,-2,1,10,-57.01,0,0,0,0,0,0,0,0
2026-03-28 11:50:24.939,99.853,-2,4,7,-57.07,0,0,0,0,0,0,0,0
2026-03-28 11:50:25.034,99.949,-2,4,10,-57.13,0,0,0,0,0,0,0,0
2026-03-28 11:50:25.082,99.997,-2,4,10,-57.17,0,0,0,0,0,0,0,0
2026-03-28 11:50:25.162,100.077,-2,4,10,-57.22,0,0,0,0,0,0,0,0
2026-03-28 11:50:25.227,100.141,-2,1,7,-57.23,0,0,0,0,0,0,0,0
2026-03-28 11:50:25.355,100.269,-2,4,10,-57.38,0,0,0,0,0,0,0,0
2026-03-28 11:50:25.403,100.318,-2,4,10,-57.36,0,0,0,0,0,0,0,0
2026-03-28 11:50:25.514,100.428,-2,4,7,-57.39,0,0,0,0,0,0,0,0
2026-03-28 11:50:25.547,100.461,-2,4,8,-57.31,0,0,0,0,0,0,0,0
2026-03-28 11:50:25.659,100.574,-2,4,7,-57.4,0,0,0,0,0,0,0,0
2026-03-28 11:50:25.755,100.669,-2,4,10,-57.34,0,0,0,0,0,0,0,0
2026-03-28 11:50:25.802,100.717,-2,4,7,-57.29,0,0,0,0,0,0,0,0
2026-03-28 11:50:25.882,100.797,-2,4,7,-57.47,0,0,0,0,0,0,0,0
2026-03-28 11:50:26.027,100.941,-2,4,7,-57.29,0,0,0,0,0,0,0,0
2026-03-28 11:50:26.058,100.973,-2,4,7,-57.42,0,0,0,0,0,0,0,0
2026-03-28 11:50:26.138,101.052,-2,4,7,-57.27,0,0,0,0,0,0,0,0
2026-03-28 11:50:26.234,101.149,-2,4,7,-57.31,0,0,0,0,0,0,0,0
2026-03-28 11:50:26.315,101.229,-2,4,7,-57.29,0,0,0,0,0,0,0,0
2026-03-28 11:50:26.395,101.310,-2,4,7,-57.42,0,0,0,0,0,0,0,0
2026-03-28 11:50:26.475,101.389,-2,4,7,-57.47,0,0,0,0,0,0,0,0
2026-03-28 11:50:26.523,101.437,-2,4,7,-57.27,0,0,0,0,0,0,0,0
2026-03-28 11:50:26.619,101.533,-4,2,7,-57.36,0,0,0,0,0,0,0,0
2026-03-28 11:50:26.731,101.645,-2,4,7,-57.48,0,0,0,0,0,0,0,0
2026-03-28 11:50:26.795,101.710,-5,4,7,-57.46,0,0,0,0,0,0,0,0
2026-03-28 11:50:26.875,101.789,-2,4,7,-57.47,0,0,0,0,0,0,0,0
2026-03-28 11:50:26.938,101.852,-2,4,10,-57.47,0,0,0,0,0,0,0,0
2026-03-28 11:50:27.019,101.934,-4,4,8,-57.54,0,0,0,0,0,0,0,0
2026-03-28 11:50:27.146,102.061,-2,4,8,-57.62,0,0,0,0,0,0,0,0
2026-03-28 11:50:27.243,102.158,-4,4,7,-57.58,0,0,0,0,0,0,0,0
2026-03-28 11:50:27.290,102.205,-2,1,7,-57.64,0,0,0,0,0,0,0,0
2026-03-28 11:50:27.419,102.333,-2,4,7,-57.73,0,0,0,0,0,0,0,0
2026-03-28 11:50:27.499,102.413,-2,4,7,-57.57,0,0,0,0,0,0,0,0
2026-03-28 11:50:27.594,102.509,-2,4,10,-57.51,0,0,0,0,0,0,0,0
2026-03-28 11:50:27.658,102.573,-4,4,7,-57.49,0,0,0,0,0,0,0,0
2026-03-28 11:50:27.738,102.653,-4,4,8,-57.45,0,0,0,0,0,0,0,0
2026-03-28 11:50:27.866,102.781,-2,1,7,-57.54,0,0,0,0,0,0,0,0
2026-03-28 11:50:27.930,102.845,-2,4,7,-57.49,0,0,0,0,0,0,0,0
2026-03-28 11:50:28.011,102.925,-2,4,7,-57.35,0,0,0,0,0,0,0,0
2026-03-28 11:50:28.090,103.005,-2,4,7,-57.53,0,0,0,0,0,0,0,0
2026-03-28 11:50:28.138,103.053,-2,4,7,-57.25,0,0,0,0,0,0,0,0
2026-03-28 11:50:28.267,103.181,-2,4,7,-57.36,0,0,0,0,0,0,0,0
2026-03-28 11:50:28.331,103.245,-2,4,7,-57.66,0,0,0,0,0,0,0,0
2026-03-28 11:50:28.411,103.325,-2,4,7,-57.68,0,0,0,0,0,0,0,0
2026-03-28 11:50:28.523,103.437,-2,4,7,-57.7,0,0,0,0,0,0,0,0
2026-03-28 11:50:28.602,103.517,-2,4,10,-57.71,0,0,0,0,0,0,0,0
2026-03-28 11:50:28.651,103.565,-2,4,7,-57.65,0,0,0,0,0,0,0,0
2026-03-28 11:50:28.778,103.693,-2,4,10,-57.43,0,0,0,0,0,0,0,0
2026-03-28 11:50:28.827,103.741,-2,4,7,-57.48,0,0,0,0,0,0,0,0
2026-03-28 11:50:28.922,103.836,-2,4,7,-57.44,0,0,0,0,0,0,0,0
2026-03-28 11:50:28.987,103.901,-2,4,7,-57.69,0,0,0,0,0,0,0,0
2026-03-28 11:50:29.067,103.981,-2,4,7,-57.76,0,0,0,0,0,0,0,0
2026-03-28 11:50:29.162,104.076,-2,4,8,-57.78,0,0,0,0,0,0,0,0
2026-03-28 11:50:29.259,104.174,-2,4,7,-57.65,0,0,0,0,0,0,0,0
2026-03-28 11:50:29.354,104.269,-2,4,7,-57.67,0,0,0,0,0,0,0,0
2026-03-28 11:50:29.418,104.333,-2,4,7,-57.86,0,0,0,0,0,0,0,0
2026-03-28 11:50:29.482,104.397,-2,4,8,-57.69,0,0,0,0,0,0,0,0
2026-03-28 11:50:29.595,104.509,-2,4,7,-57.64,0,0,0,0,0,0,0,0
2026-03-28 11:50:29.690,104.605,-2,4,7,-57.78,0,0,0,0,0,0,0,0
2026-03-28 11:50:29.771,104.685,-2,4,7,-57.84,0,0,0,0,0,0,0,0
2026-03-28 11:50:29.851,104.765,-2,4,7,-57.94,0,0,0,0,0,0,0,0
2026-03-28 11:50:29.947,104.861,-2,4,7,-58.01,0,0,0,0,0,0,0,0
2026-03-28 11:50:30.027,104.941,-2,4,7,-57.84,0,0,0,0,0,0,0,0
2026-03-28 11:50:30.091,105.005,-2,4,8,-57.95,0,0,0,0,0,0,0,0
2026-03-28 11:50:30.218,105.133,-2,4,7,-58.04,0,0,0,0,0,0,0,0
2026-03-28 11:50:30.220,105.134,-2,1,7,-57.87,0,0,0,0,0,0,0,0
2026-03-28 11:50:30.315,105.229,-2,4,7,-58.1,0,0,0,0,0,0,0,0
2026-03-28 11:50:30.474,105.389,-2,4,10,-58.18,0,0,0,0,0,0,0,0
2026-03-28 11:50:30.491,105.405,-2,4,7,-58.15,0,0,0,0,0,0,0,0
2026-03-28 11:50:30.602,105.517,-2,4,7,-58.31,0,0,0,0,0,0,0,0
2026-03-28 11:50:30.699,105.613,-2,2,7,-58.17,0,0,0,0,0,0,0,0
2026-03-28 11:50:30.730,105.645,-2,4,7,-58.16,0,0,0,0,0,0,0,0
2026-03-28 11:50:30.810,105.725,-2,4,7,-58.39,0,0,0,0,0,0,0,0
2026-03-28 11:50:30.874,105.789,-2,1,7,-58.4,0,0,0,0,0,0,0,0
2026-03-28 11:50:30.954,105.869,-2,1,7,-58.22,0,0,0,0,0,0,0,0
2026-03-28 11:50:31.115,106.029,-2,4,7,-58.22,0,0,0,0,0,0,0,0
2026-03-28 11:50:31.211,106.125,-2,4,7,-58.13,0,0,0,0,0,0,0,0
2026-03-28 11:50:31.307,106.221,-4,4,7,-58.01,0,0,0,0,0,0,0,0
2026-03-28 11:50:31.402,106.316,-5,4,7,-58.27,0,0,0,0,0,0,0,0
2026-03-28 11:50:31.482,106.397,-4,4,7,-58.24,0,0,0,0,0,0,0,0
2026-03-28 11:50:31.595,106.509,-2,4,8,-58.1,0,0,0,0,0,0,0,0
2026-03-28 11:50:31.627,106.541,-2,4,7,-58.05,0,0,0,0,0,0,0,0
2026-03-28 11:50:31.770,106.684,-2,4,8,-58.2,0,0,0,0,0,0,0,0
2026-03-28 11:50:31.867,106.781,-2,4,7,-58.31,0,0,0,0,0,0,0,0
2026-03-28 11:50:31.898,106.813,-4,4,7,-58.15,0,0,0,0,0,0,0,0
2026-03-28 11:50:31.979,106.893,-2,4,10,-58.17,0,0,0,0,0,0,0,0
2026-03-28 11:50:32.074,106.989,-2,4,9,-58.15,0,0,0,0,0,0,0,0
2026-03-28 11:50:32.187,107.101,-2,4,7,-58.07,0,0,0,0,0,0,0,0
2026-03-28 11:50:32.267,107.181,-2,1,10,-58.27,0,0,0,0,0,0,0,0
2026-03-28 11:50:32.331,107.246,-2,4,7,-58.07,0,0,0,0,0,0,0,0
2026-03-28 11:50:32.411,107.325,-1,4,7,-58.05,0,0,0,0,0,0,0,0
2026-03-28 11:50:32.475,107.389,-4,4,7,-58.27,0,0,0,0,0,0,0,0
2026-03-28 11:50:32.570,107.485,-2,4,7,-58.39,0,0,0,0,0,0,0,0
2026-03-28 11:50:32.634,107.548,-2,4,7,-58.6,0,0,0,0,0,0,0,0
2026-03-28 11:50:32.746,107.661,-2,4,7,-58.43,0,0,0,0,0,0,0,0
2026-03-28 11:50:32.778,107.693,-2,4,7,-58.36,0,0,0,0,0,0,0,0
2026-03-28 11:50:32.874,107.789,-4,4,8,-58.4,0,0,0,0,0,0,0,0
2026-03-28 11:50:32.970,107.885,-2,4,10,-58.21,0,0,0,0,0,0,0,0
2026-03-28 11:50:33.050,107.965,-2,1,7,-58.2,0,0,0,0,0,0,0,0
2026-03-28 11:50:33.114,108.029,-1,4,10,-58.24,0,0,0,0,0,0,0,0
2026-03-28 11:50:33.210,108.125,-4,4,7,-58.28,0,0,0,0,0,0,0,0
2026-03-28 11:50:33.322,108.237,-2,4,10,-58.02,0,0,0,0,0,0,0,0
2026-03-28 11:50:33.386,108.300,-2,4,7,-58.28,0,0,0,0,0,0,0,0
2026-03-28 11:50:33.466,108.380,-2,4,7,-58.29,0,0,0,0,0,0,0,0
2026-03-28 11:50:33.530,108.445,-2,4,10,-58.43,0,0,0,0,0,0,0,0
2026-03-28 11:50:33.675,108.589,-5,4,7,-58.42,0,0,0,0,0,0,0,0
2026-03-28 11:50:33.738,108.653,-5,4,7,-58.41,0,0,0,0,0,0,0,0
2026-03-28 11:50:33.754,108.669,-2,4,7,-58.42,0,0,0,0,0,0,0,0
2026-03-28 11:50:33.851,108.765,-2,4,7,-58.53,0,0,0,0,0,0,0,0
2026-03-28 11:50:33.946,108.860,-4,4,7,-58.32,0,0,0,0,0,0,0,0
2026-03-28 11:50:34.026,108.941,-2,4,7,-58.14,0,0,0,0,0,0,0,0
2026-03-28 11:50:34.138,109.052,-2,4,7,-58.23,0,0,0,0,0,0,0,0
2026-03-28 11:50:34.171,109.086,-2,2,8,-58.3,0,0,0,0,0,0,0,0
2026-03-28 11:50:34.282,109.197,-4,4,7,-58.23,0,0,0,0,0,0,0,0
2026-03-28 11:50:34.377,109.292,-4,4,7,-58.3,0,0,0,0,0,0,0,0
2026-03-28 11:50:34.442,109.357,-4,4,7,-58.46,0,0,0,0,0,0,0,0
2026-03-28 11:50:34.570,109.485,-2,4,7,-58.54,0,0,0,0,0,0,0,0
2026-03-28 11:50:34.651,109.565,-2,4,7,-58.64,0,0,0,0,0,0,0,0
2026-03-28 11:50:34.699,109.613,-2,4,10,-58.59,0,0,0,0,0,0,0,0
2026-03-28 11:50:34.826,109.741,-2,4,8,-58.49,0,0,0,0,0,0,0,0
2026-03-28 11:50:34.842,109.756,-2,4,8,-58.47,0,0,0,0,0,0,0,0
2026-03-28 11:50:34.937,109.852,-2,4,7,-58.61,0,0,0,0,0,0,0,0
2026-03-28 11:50:35.066,109.980,-2,4,7,-58.45,0,0,0,0,0,0,0,0
2026-03-28 11:50:35.114,110.028,-2,4,7,-58.52,0,0,0,0,0,0,0,0
2026-03-28 11:50:35.194,110.109,-2,4,8,-58.66,0,0,0,0,0,0,0,0
2026-03-28 11:50:35.274,110.189,-2,4,7,-58.66,0,0,0,0,0,0,0,0
2026-03-28 11:50:35.402,110.316,-2,4,10,-58.6,0,0,0,0,0,0,0,0
2026-03-28 11:50:35.418,110.333,-4,4,7,-58.58,0,0,0,0,0,0,0,0
2026-03-28 11:50:35.547,110.461,-4,4,8,-58.62,0,0,0,0,0,0,0,0
2026-03-28 11:50:35.594,110.509,-2,4,10,-58.82,0,0,0,0,0,0,0,0
2026-03-28 11:50:35.690,110.604,-2,4,7,-58.64,0,0,0,0,0,0,0,0
2026-03-28 11:50:35.754,110.669,-2,4,7,-58.6,0,0,0,0,0,0,0,0
2026-03-28 11:50:35.834,110.749,-2,4,7,-58.57,0,0,0,0,0,0,0,0
2026-03-28 11:50:35.962,110.877,-4,4,7,-58.74,0,0,0,0,0,0,0,0
2026-03-28 11:50:36.026,110.941,-2,4,7,-58.87,0,0,0,0,0,0,0,0
2026-03-28 11:50:36.106,111.020,-5,4,7,-58.82,0,0,0,0,0,0,0,0
2026-03-28 11:50:36.202,111.116,-2,4,7,-58.99,0,0,0,0,0,0,0,0
2026-03-28 11:50:36.298,111.213,-2,4,7,-58.89,0,0,0,0,0,0,0,0
2026-03-28 11:50:36.362,111.277,-2,4,7,-58.86,0,0,0,0,0,0,0,0
2026-03-28 11:50:36.458,111.372,-5,4,10,-58.83,0,0,0,0,0,0,0,0
2026-03-28 11:50:36.490,111.404,-5,4,7,-58.99,0,0,0,0,0,0,0,0
2026-03-28 11:50:36.602,111.516,-4,4,10,-59.24,0,0,0,0,0,0,0,0
2026-03-28 11:50:36.682,111.597,-4,1,10,-59.2,0,0,0,0,0,0,0,0
2026-03-28 11:50:36.778,111.692,-5,4,7,-59.26,0,0,0,0,0,0,0,0
2026-03-28 11:50:36.889,111.804,-2,4,7,-59.26,0,0,0,0,0,0,0,0
2026-03-28 11:50:36.922,111.836,-2,4,7,-59.27,0,0,0,0,0,0,0,0
2026-03-28 11:50:37.018,111.932,-2,4,7,-59.36,0,0,0,0,0,0,0,0
2026-03-28 11:50:37.066,111.981,-2,4,7,-59.37,0,0,0,0,0,0,0,0
2026-03-28 11:50:37.178,112.093,-2,4,7,-59.26,0,0,0,0,0,0,0,0
2026-03-28 11:50:37.243,112.157,-4,4,8,-59.33,0,0,0,0,0,0,0,0
2026-03-28 11:50:37.338,112.252,-4,1,7,-59.32,0,0,0,0,0,0,0,0
2026-03-28 11:50:37.434,112.349,-5,4,7,-59.34,0,0,0,0,0,0,0,0
2026-03-28 11:50:37.530,112.445,-4,4,10,-59.22,0,0,0,0,0,0,0,0
2026-03-28 11:50:37.579,112.493,-2,2,10,-59.34,0,0,0,0,0,0,0,0
2026-03-28 11:50:37.706,112.620,-2,2,7,-59.57,0,0,0,0,0,0,0,0
2026-03-28 11:50:37.801,112.716,-4,4,8,-59.42,0,0,0,0,0,0,0,0
2026-03-28 11:50:37.850,112.764,-2,4,7,-59.59,0,0,0,0,0,0,0,0
2026-03-28 11:50:37.930,112.845,-2,2,8,-59.64,0,0,0,0,0,0,0,0
2026-03-28 11:50:38.026,112.940,-2,4,7,-59.61,0,0,0,0,0,0,0,0
2026-03-28 11:50:38.138,113.052,-4,4,8,-59.65,0,0,0,0,0,0,0,0
2026-03-28 11:50:38.139,113.053,-2,4,7,-59.58,0,0,0,0,0,0,0,0
2026-03-28 11:50:38.250,113.164,-5,4,7,-59.85,0,0,0,0,0,0,0,0
2026-03-28 11:50:38.378,113.293,-4,2,7,-59.82,0,0,0,0,0,0,0,0
2026-03-28 11:50:38.410,113.325,-2,4,8,-59.83,0,0,0,0,0,0,0,0
2026-03-28 11:50:38.474,113.389,-2,4,7,-59.81,0,0,0,0,0,0,0,0
2026-03-28 11:50:38.570,113.485,-2,4,7,-59.89,0,0,0,0,0,0,0,0
2026-03-28 11:50:38.682,113.596,-2,4,10,-60.05,0,0,0,0,0,0,0,0
2026-03-28 11:50:38.730,113.644,-2,4,7,-60.08,0,0,0,0,0,0,0,0
2026-03-28 11:50:38.858,113.772,-2,1,7,-60.1,0,0,0,0,0,0,0,0
2026-03-28 11:50:38.922,113.836,-2,4,7,-60.09,0,0,0,0,0,0,0,0
2026-03-28 11:50:39.002,113.916,-2,4,7,-60.15,0,0,0,0,0,0,0,0
2026-03-28 11:50:39.098,114.013,-2,4,7,-60.17,0,0,0,0,0,0,0,0
2026-03-28 11:50:39.146,114.061,-2,4,7,-60.23,0,0,0,0,0,0,0,0
2026-03-28 11:50:39.226,114.141,-2,4,7,-60.05,0,0,0,0,0,0,0,0
2026-03-28 11:50:39.338,114.252,-2,4,7,-60.05,0,0,0,0,0,0,0,0
2026-03-28 11:50:39.402,114.317,-2,4,7,-60.1,0,0,0,0,0,0,0,0
2026-03-28 11:50:39.530,114.445,-4,4,7,-60.19,0,0,0,0,0,0,0,0
2026-03-28 11:50:39.578,114.493,-4,4,7,-60.15,0,0,0,0,0,0,0,0
2026-03-28 11:50:39.658,114.573,-2,4,8,-60.3,0,0,0,0,0,0,0,0
2026-03-28 11:50:39.802,114.716,-2,4,7,-60.54,0,0,0,0,0,0,0,0
2026-03-28 11:50:39.850,114.765,-2,4,7,-60.42,0,0,0,0,0,0,0,0
2026-03-28 11:50:39.914,114.829,-4,4,10,-60.34,0,0,0,0,0,0,0,0
2026-03-28 11:50:39.978,114.893,-4,4,10,-60.6,0,0,0,0,0,0,0,0
2026-03-28 11:50:40.090,115.004,-2,4,7,-60.45,0,0,0,0,0,0,0,0
2026-03-28 11:50:40.138,115.052,-4,2,8,-60.52,0,0,0,0,0,0,0,0
2026-03-28 11:50:40.266,115.180,-4,4,7,-60.52,0,0,0,0,0,0,0,0
2026-03-28 11:50:40.314,115.228,-4,4,10,-60.56,0,0,0,0,0,0,0,0
2026-03-28 11:50:40.426,115.341,-2,4,10,-60.57,0,0,0,0,0,0,0,0
2026-03-28 11:50:40.474,115.388,-2,4,10,-60.71,0,0,0,0,0,0,0,0
2026-03-28 11:50:40.602,115.516,-2,4,7,-60.62,0,0,0,0,0,0,0,0
2026-03-28 11:50:40.650,115.564,-2,4,7,-60.97,0,0,0,0,0,0,0,0
2026-03-28 11:50:40.730,115.645,-2,4,10,-60.8,0,0,0,0,0,0,0,0
2026-03-28 11:50:40.794,115.708,-5,4,7,-60.93,0,0,0,0,0,0,0,0
2026-03-28 11:50:40.938,115.852,-4,4,7,-60.92,0,0,0,0,0,0,0,0
2026-03-28 11:50:41.002,115.916,-4,4,7,-60.67,0,0,0,0,0,0,0,0
2026-03-28 11:50:41.050,115.965,-4,4,7,-60.83,0,0,0,0,0,0,0,0
2026-03-28 11:50:41.146,116.060,-2,4,10,-60.86,0,0,0,0,0,0,0,0
2026-03-28 11:50:41.226,116.140,-4,4,10,-60.6,0,0,0,0,0,0,0,0
2026-03-28 11:50:41.306,116.221,-2,4,7,-60.77,0,0,0,0,0,0,0,0
2026-03-28 11:50:41.402,116.316,-2,4,7,-60.78,0,0,0,0,0,0,0,0
2026-03-28 11:50:41.482,116.397,-4,2,10,-60.88,0,0,0,0,0,0,0,0
2026-03-28 11:50:41.578,116.493,-4,4,7,-60.86,0,0,0,0,0,0,0,0
2026-03-28 11:50:41.626,116.541,-4,4,10,-61.1,0,0,0,0,0,0,0,0
2026-03-28 11:50:41.706,116.620,-4,4,10,-60.92,0,0,0,0,0,0,0,0
2026-03-28 11:50:41.834,116.749,-4,4,10,-61.05,0,0,0,0,0,0,0,0
2026-03-28 11:50:41.882,116.797,-2,4,7,-60.9,0,0,0,0,0,0,0,0
2026-03-28 11:50:41.978,116.892,-4,4,7,-60.83,0,0,0,0,0,0,0,0
2026-03-28 11:50:42.058,116.973,-4,4,10,-60.78,0,0,0,0,0,0,0,0
2026-03-28 11:50:42.170,117.085,-5,4,7,-60.79,0,0,0,0,0,0,0,0
2026-03-28 11:50:42.266,117.181,-4,4,8,-60.82,0,0,0,0,0,0,0,0
2026-03-28 11:50:42.346,117.260,-4,2,7,-60.93,0,0,0,0,0,0,0,0
2026-03-28 11:50:42.378,117.293,-4,4,7,-60.89,0,0,0,0,0,0,0,0
2026-03-28 11:50:42.458,117.373,-4,4,7,-60.91,0,0,0,0,0,0,0,0
2026-03-28 11:50:42.521,117.436,-2,4,7,-60.94,0,0,0,0,0,0,0,0
2026-03-28 11:50:42.650,117.565,-4,5,7,-60.96,0,0,0,0,0,0,0,0
2026-03-28 11:50:42.682,117.597,-4,5,8,-60.99,0,0,0,0,0,0,0,0
2026-03-28 11:50:42.825,117.739,-2,4,7,-61.19,0,0,0,0,0,0,0,0
2026-03-28 11:50:42.857,117.772,-2,4,7,-61.01,0,0,0,0,0,0,0,0
2026-03-28 11:50:42.969,117.884,-5,5,7,-60.97,0,0,0,0,0,0,0,0
2026-03-28 11:50:43.049,117.964,-4,4,10,-60.99,0,0,0,0,0,0,0,0
2026-03-28 11:50:43.210,118.124,-4,4,10,-61.07,0,0,0,0,0,0,0,0
2026-03-28 11:50:43.289,118.204,-4,4,7,-60.98,0,0,0,0,0,0,0,0
2026-03-28 11:50:43.338,118.253,-2,4,7,-61.0,0,0,0,0,0,0,0,0
2026-03-28 11:50:43.450,118.364,-4,4,7,-61.12,0,0,0,0,0,0,0,0
2026-03-28 11:50:43.545,118.460,-2,1,7,-61.08,0,0,0,0,0,0,0,0
2026-03-28 11:50:43.641,118.556,-4,4,10,-61.01,0,0,0,0,0,0,0,0
2026-03-28 11:50:43.689,118.604,-4,4,10,-61.04,0,0,0,0,0,0,0,0
2026-03-28 11:50:43.770,118.685,-5,4,10,-60.99,0,0,0,0,0,0,0,0
2026-03-28 11:50:43.898,118.812,-2,4,7,-61.04,0,0,0,0,0,0,0,0
2026-03-28 11:50:43.946,118.860,-2,4,7,-61.12,0,0,0,0,0,0,0,0
2026-03-28 11:50:44.042,118.956,-2,4,10,-61.01,0,0,0,0,0,0,0,0
2026-03-28 11:50:44.105,119.020,-2,4,10,-61.06,0,0,0,0,0,0,0,0
2026-03-28 11:50:44.202,119.116,-2,4,10,-61.05,0,0,0,0,0,0,0,0
2026-03-28 11:50:44.330,119.245,-2,1,7,-61.37,0,0,0,0,0,0,0,0
2026-03-28 11:50:44.362,119.276,-2,4,10,-61.3,0,0,0,0,0,0,0,0
2026-03-28 11:50:44.474,119.389,-4,4,7,-61.17,0,0,0,0,0,0,0,0
2026-03-28 11:50:44.602,119.516,-2,4,7,-61.27,0,0,0,0,0,0,0,0
2026-03-28 11:50:44.634,119.548,-4,4,8,-61.26,0,0,0,0,0,0,0,0
2026-03-28 11:50:44.730,119.645,-4,4,10,-61.23,0,0,0,0,0,0,0,0
2026-03-28 11:50:44.841,119.755,-2,4,7,-61.32,0,0,0,0,0,0,0,0
2026-03-28 11:50:44.905,119.819,-4,4,7,-61.23,0,0,0,0,0,0,0,0
2026-03-28 11:50:44.985,119.900,-5,4,10,-61.29,0,0,0,0,0,0,0,0
2026-03-28 11:50:45.050,119.965,-2,4,10,-61.46,0,0,0,0,0,0,0,0
2026-03-28 11:50:45.179,120.093,-2,4,7,-61.22,0,0,0,0,0,0,0,1
2026-03-28 11:50:45.258,120.173,-2,4,7,-61.57,0,0,0,0,0,0,0,1
2026-03-28 11:50:45.338,120.253,-2,4,10,-61.36,0,0,0,0,0,0,0,1
2026-03-28 11:50:45.497,120.412,-2,1,7,-61.45,0,0,0,0,0,0,0,1
2026-03-28 11:50:45.578,120.492,-2,4,7,-61.39,0,0,0,0,0,0,0,1
2026-03-28 11:50:45.658,120.572,-2,4,7,-61.42,0,0,0,0,0,0,0,1
2026-03-28 11:50:45.722,120.636,-2,4,7,-61.36,0,0,0,0,0,0,0,1
2026-03-28 11:50:45.786,120.701,-2,4,7,-61.56,0,0,0,0,0,0,0,1
2026-03-28 11:50:45.882,120.796,-2,4,7,-61.68,0,0,0,0,0,0,0,1
2026-03-28 11:50:45.946,120.860,-4,1,10,-61.44,0,0,0,0,0,0,0,1
2026-03-28 11:50:46.025,120.940,-2,4,10,-61.57,0,0,0,0,0,0,0,1
2026-03-28 11:50:46.138,121.052,-2,4,10,-61.4,0,0,0,0,0,0,0,1
2026-03-28 11:50:46.234,121.148,-2,4,7,-61.63,0,0,0,0,0,0,0,1
2026-03-28 11:50:46.266,121.180,-2,4,7,-61.67,0,0,0,0,0,0,0,1
2026-03-28 11:50:46.345,121.260,-2,1,10,-61.49,0,0,0,0,0,0,0,1
2026-03-28 11:50:46.457,121.372,-2,2,10,-61.65,0,0,0,0,0,0,0,1
2026-03-28 11:50:46.522,121.437,-2,4,10,-61.71,0,0,0,0,0,0,0,1
2026-03-28 11:50:46.618,121.532,-2,4,7,-61.66,0,0,0,0,0,0,0,1
2026-03-28 11:50:46.714,121.628,-2,4,10,-61.68,0,0,0,0,0,0,0,1
2026-03-28 11:50:46.778,121.692,-4,4,10,-61.81,0,0,0,0,0,0,0,1
2026-03-28 11:50:46.873,121.788,-2,4,7,-61.75,0,0,0,0,0,0,0,1
2026-03-28 11:50:46.986,121.900,-2,4,7,-61.8,0,0,0,0,0,0,0,1
2026-03-28 11:50:47.034,121.948,-2,4,8,-61.78,0,0,0,0,0,0,0,1
2026-03-28 11:50:47.146,122.060,-2,4,10,-61.73,0,0,0,0,0,0,0,1
2026-03-28 11:50:47.193,122.108,-2,4,7,-61.82,0,0,0,0,0,0,0,1
2026-03-28 11:50:47.273,122.188,-2,4,10,-61.75,0,0,0,0,0,0,0,1
2026-03-28 11:50:47.385,122.299,-2,4,10,-61.75,0,0,0,0,0,0,0,1
2026-03-28 11:50:47.497,122.412,-2,4,10,-61.6,0,0,0,0,0,0,0,1
2026-03-28 11:50:47.529,122.444,-2,4,8,-61.76,0,0,0,0,0,0,0,1
2026-03-28 11:50:47.594,122.508,-4,4,10,-61.77,0,0,0,0,0,0,0,1
2026-03-28 11:50:47.673,122.588,-5,1,7,-61.69,0,0,0,0,0,0,0,1
2026-03-28 11:50:47.785,122.700,-5,2,10,-61.7,0,0,0,0,0,0,0,1
2026-03-28 11:50:47.818,122.732,-2,4,8,-61.52,0,0,0,0,0,0,0,1
2026-03-28 11:50:47.913,122.828,-2,4,7,-61.68,0,0,0,0,0,0,0,1
2026-03-28 11:50:48.010,122.924,-2,2,7,-61.56,0,0,0,0,0,0,0,1
2026-03-28 11:50:48.089,123.004,-2,4,7,-61.63,0,0,0,0,0,0,0,1
2026-03-28 11:50:48.154,123.068,-2,1,10,-61.72,0,0,0,0,0,0,0,1
2026-03-28 11:50:48.250,123.164,-2,4,10,-61.63,0,0,0,0,0,0,0,1
2026-03-28 11:50:48.314,123.228,-2,4,7,-61.69,0,0,0,0,0,0,0,1
2026-03-28 11:50:48.394,123.308,-2,4,7,-61.54,0,0,0,0,0,0,0,1
2026-03-28 11:50:48.522,123.436,-2,4,7,-61.68,0,0,0,0,0,0,0,1
2026-03-28 11:50:48.586,123.500,-2,4,7,-61.71,0,0,0,0,0,0,0,1
2026-03-28 11:50:48.697,123.612,-2,4,7,-61.62,0,0,0,0,0,0,0,1
2026-03-28 11:50:48.826,123.740,-2,4,10,-61.58,0,0,0,0,0,0,0,0
2026-03-28 11:50:48.922,123.836,-2,2,8,-61.89,0,0,0,0,0,0,0,0
2026-03-28 11:50:48.986,123.900,-2,4,10,-61.81,0,0,0,0,0,0,0,0
2026-03-28 11:50:49.050,123.964,-2,4,10,-61.72,0,0,0,0,0,0,0,0
2026-03-28 11:50:49.146,124.060,-2,1,10,-61.81,0,0,0,0,0,0,0,0
2026-03-28 11:50:49.194,124.108,-4,4,10,-61.51,0,0,0,0,0,0,0,0
2026-03-28 11:50:49.258,124.172,-2,2,10,-61.37,0,0,0,0,0,0,0,0
2026-03-28 11:50:49.337,124.252,-2,4,10,-61.45,0,0,0,0,0,0,0,0
2026-03-28 11:50:49.433,124.348,-2,4,10,-61.34,0,0,0,0,0,0,0,0
2026-03-28 11:50:49.481,124.396,-4,4,10,-61.35,0,0,0,0,0,0,0,0
2026-03-28 11:50:49.577,124.492,-2,4,7,-61.14,0,0,0,0,0,0,0,0
2026-03-28 11:50:49.658,124.572,-2,4,7,-61.07,0,0,0,0,0,0,0,0
2026-03-28 11:50:49.769,124.684,-4,4,8,-61.04,0,0,0,0,0,0,0,0
2026-03-28 11:50:49.865,124.779,-2,4,7,-61.16,0,0,0,0,0,0,0,0
2026-03-28 11:50:49.897,124.812,-2,4,10,-61.08,0,0,0,0,0,0,0,0
2026-03-28 11:50:49.977,124.892,-2,4,10,-61.07,0,0,0,0,0,0,0,0
2026-03-28 11:50:50.041,124.956,-2,4,7,-60.94,0,0,0,0,0,0,0,0
2026-03-28 11:50:50.137,125.052,-4,4,7,-60.97,0,0,0,0,0,0,0,0
2026-03-28 11:50:50.265,125.180,-2,4,7,-61.02,0,0,0,0,0,0,0,0
2026-03-28 11:50:50.313,125.228,-2,4,10,-60.94,0,0,0,0,0,0,0,0
2026-03-28 11:50:50.489,125.404,-2,4,10,-61.18,0,0,0,0,0,0,0,1
2026-03-28 11:50:50.601,125.516,-2,1,10,-61.03,0,0,0,0,0,0,0,1
2026-03-28 11:50:50.665,125.579,-2,4,10,-61.06,0,0,0,0,0,0,0,1
2026-03-28 11:50:50.777,125.692,-2,4,10,-61.12,0,0,0,0,0,0,0,1
2026-03-28 11:50:50.809,125.724,-2,4,10,-60.92,0,0,0,0,0,0,0,1
2026-03-28 11:50:50.937,125.852,-2,4,7,-60.96,0,0,0,0,0,0,0,1
2026-03-28 11:50:51.017,125.931,-2,4,10,-61.02,0,0,0,0,0,0,0,1
2026-03-28 11:50:51.050,125.964,-4,4,7,-60.89,0,0,0,0,0,0,0,1
2026-03-28 11:50:51.146,126.060,-4,4,10,-60.87,0,0,0,0,0,0,0,1
2026-03-28 11:50:51.209,126.124,-4,4,7,-60.54,0,0,0,0,0,0,0,1
2026-03-28 11:50:51.289,126.204,-2,4,8,-60.47,0,0,0,0,0,0,0,1
2026-03-28 11:50:51.338,126.252,-2,4,7,-60.6,0,0,0,0,0,0,0,1
2026-03-28 11:50:51.497,126.412,-2,1,7,-60.55,0,0,0,0,0,0,0,1
2026-03-28 11:50:51.593,126.507,-2,4,7,-60.57,0,0,0,0,0,0,0,1
2026-03-28 11:50:51.641,126.556,-2,4,10,-60.45,0,0,0,0,0,0,0,1
2026-03-28 11:50:51.721,126.636,-5,4,7,-60.42,0,0,0,0,0,0,0,1
2026-03-28 11:50:51.769,126.684,-4,4,7,-60.23,0,0,0,0,0,0,0,1
2026-03-28 11:50:51.882,126.796,-2,4,8,-60.4,0,0,0,0,0,0,0,1
2026-03-28 11:50:51.961,126.875,-2,4,7,-60.49,0,0,0,0,0,0,0,1
2026-03-28 11:50:52.009,126.924,-2,4,7,-60.34,0,0,0,0,0,0,0,1
2026-03-28 11:50:52.106,127.020,-2,4,7,-60.49,0,0,0,0,0,0,0,1
2026-03-28 11:50:52.233,127.147,-2,4,8,-60.04,0,0,0,0,0,0,0,1
2026-03-28 11:50:52.313,127.228,-2,4,7,-60.3,0,0,0,0,0,0,0,1
2026-03-28 11:50:52.392,127.307,-2,4,7,-60.45,0,0,0,0,0,0,0,1
2026-03-28 11:50:52.457,127.371,-2,4,10,-60.49,0,0,0,0,0,0,0,1
2026-03-28 11:50:52.569,127.484,-2,4,7,-60.21,0,0,0,0,0,0,0,1
2026-03-28 11:50:52.618,127.533,-2,4,10,-60.23,0,0,0,0,0,0,0,1
2026-03-28 11:50:52.714,127.628,-2,4,10,-60.34,0,0,0,0,0,0,0,1
2026-03-28 11:50:52.874,127.788,-2,4,10,-60.27,0,0,0,0,0,0,0,1
2026-03-28 11:50:52.970,127.884,-2,4,7,-60.15,0,0,0,0,0,0,0,1
2026-03-28 11:50:53.050,127.964,-2,4,7,-60.16,0,0,0,0,0,0,0,1
2026-03-28 11:50:53.097,128.012,-2,4,7,-60.14,0,0,0,0,0,0,0,1
2026-03-28 11:50:53.177,128.092,-2,4,7,-60.15,0,0,0,0,0,0,0,1
2026-03-28 11:50:53.225,128.139,-2,4,10,-60.16,0,0,0,0,0,0,0,1
2026-03-28 11:50:53.289,128.204,-2,4,10,-60.24,0,0,0,0,0,0,0,1
2026-03-28 11:50:53.369,128.284,-2,4,10,-60.29,0,0,0,0,0,0,0,1
2026-03-28 11:50:53.481,128.395,-2,4,10,-60.09,0,0,0,0,0,0,0,1
2026-03-28 11:50:53.545,128.459,-2,4,7,-59.96,0,0,0,0,0,0,0,1
2026-03-28 11:50:53.641,128.556,-2,4,10,-59.96,0,0,0,0,0,0,0,1
2026-03-28 11:50:53.720,128.635,-2,4,10,-59.96,0,0,0,0,0,0,0,1
2026-03-28 11:50:53.800,128.715,-2,4,7,-59.92,0,0,0,0,0,0,0,1
2026-03-28 11:50:53.865,128.780,-2,4,10,-60.02,0,0,0,0,0,0,0,1
2026-03-28 11:50:53.977,128.892,-2,4,10,-60.19,0,0,0,0,0,0,0,1
2026-03-28 11:50:54.009,128.924,-4,4,10,-60.02,0,0,0,0,0,0,0,1
2026-03-28 11:50:54.137,129.052,-2,4,10,-60.02,0,0,0,0,0,0,0,1
2026-03-28 11:50:54.201,129.115,-2,4,10,-60.23,0,0,0,0,0,0,0,1
2026-03-28 11:50:54.298,129.212,-2,4,10,-60.05,0,0,0,0,0,0,0,1
2026-03-28 11:50:54.410,129.324,-2,4,7,-60.06,0,0,0,0,0,0,0,1
2026-03-28 11:50:54.473,129.387,-2,4,10,-59.94,0,0,0,0,0,0,0,1
2026-03-28 11:50:54.538,129.452,-2,4,10,-60.08,0,0,0,0,0,0,0,1
2026-03-28 11:50:54.649,129.563,-2,4,7,-60.08,0,0,0,0,0,0,0,1
2026-03-28 11:50:54.713,129.627,-2,4,7,-60.05,0,0,0,0,0,0,0,1
2026-03-28 11:50:54.777,129.692,-2,4,10,-59.9,0,0,0,0,0,0,0,1
2026-03-28 11:50:54.841,129.755,-2,4,7,-59.94,0,0,0,0,0,0,0,1
2026-03-28 11:50:54.985,129.900,-2,4,7,-59.81,0,0,0,0,0,0,0,1
2026-03-28 11:50:55.064,129.979,-5,4,10,-59.97,0,0,0,0,0,0,0,1
2026-03-28 11:50:55.129,130.044,-2,4,7,-59.98,0,0,0,0,0,0,0,1
2026-03-28 11:50:55.225,130.140,-2,4,7,-59.72,0,0,0,0,0,0,0,1
2026-03-28 11:50:55.273,130.187,-2,4,10,-59.85,0,0,0,0,0,0,0,1
2026-03-28 11:50:55.369,130.284,-2,4,7,-59.78,0,0,0,0,0,0,0,1
2026-03-28 11:50:55.465,130.380,-2,4,8,-59.96,0,0,0,0,0,0,0,1
2026-03-28 11:50:55.561,130.476,-2,4,7,-59.82,0,0,0,0,0,0,0,1
2026-03-28 11:50:55.641,130.556,-2,4,10,-59.91,0,0,0,0,0,0,0,1
2026-03-28 11:50:55.753,130.668,-4,4,7,-59.94,0,0,0,0,0,0,0,1
2026-03-28 11:50:55.817,130.732,-2,4,7,-60.02,0,0,0,0,0,0,0,1
2026-03-28 11:50:55.897,130.812,-2,4,7,-59.94,0,0,0,0,0,0,0,1
2026-03-28 11:50:55.961,130.875,-2,2,10,-59.98,0,0,0,0,0,0,0,1
2026-03-28 11:50:56.041,130.955,-2,4,7,-60.26,0,0,0,0,0,0,0,1
2026-03-28 11:50:56.185,131.099,-2,4,10,-60.15,0,0,0,0,0,0,0,1
2026-03-28 11:50:56.217,131.131,-2,4,10,-60.25,0,0,0,0,0,0,0,1
2026-03-28 11:50:56.281,131.196,-2,4,8,-60.06,0,0,0,0,0,0,0,1
2026-03-28 11:50:56.441,131.356,-2,4,10,-60.33,0,0,0,0,0,0,0,1
2026-03-28 11:50:56.473,131.387,-2,4,7,-60.16,0,0,0,0,0,0,0,1
2026-03-28 11:50:56.553,131.468,-2,4,7,-60.4,0,0,0,0,0,0,0,1
2026-03-28 11:50:56.633,131.548,-2,4,7,-60.15,0,0,0,0,0,0,0,1
2026-03-28 11:50:56.761,131.675,-2,4,7,-60.23,0,0,0,0,0,0,0,1
2026-03-28 11:50:56.857,131.772,-2,4,10,-60.21,0,0,0,0,0,0,0,1
2026-03-28 11:50:56.921,131.836,-2,4,10,-60.33,0,0,0,0,0,0,0,1
2026-03-28 11:50:56.985,131.900,-2,4,10,-60.22,0,0,0,0,0,0,0,1
2026-03-28 11:50:57.065,131.979,-2,4,10,-60.33,0,0,0,0,0,0,0,1
2026-03-28 11:50:57.161,132.075,-2,4,10,-60.38,0,0,0,0,0,0,0,1
2026-03-28 11:50:57.225,132.140,-2,4,7,-60.27,0,0,0,0,0,0,0,1
2026-03-28 11:50:57.337,132.251,-2,4,7,-60.4,0,0,0,0,0,0,0,1
2026-03-28 11:50:57.417,132.332,-2,4,10,-60.16,0,0,0,0,0,0,0,1
2026-03-28 11:50:57.481,132.395,-2,4,10,-60.52,0,0,0,0,0,0,0,1
2026-03-28 11:50:57.593,132.507,-2,4,10,-60.46,0,0,0,0,0,0,0,1
2026-03-28 11:50:57.657,132.571,-2,4,7,-60.56,0,0,0,0,0,0,0,1
2026-03-28 11:50:57.721,132.635,-2,4,10,-60.53,0,0,0,0,0,0,0,1
2026-03-28 11:50:57.800,132.714,-2,4,8,-60.58,0,0,0,0,0,0,0,1
2026-03-28 11:50:57.865,132.779,-2,4,7,-60.5,0,0,0,0,0,0,0,1
2026-03-28 11:50:57.929,132.843,-2,4,10,-60.5,0,0,0,0,0,0,0,1
2026-03-28 11:50:58.009,132.923,-2,4,10,-60.71,0,0,0,0,0,0,0,1
2026-03-28 11:50:58.089,133.003,-2,4,7,-60.83,0,0,0,0,0,0,0,1
2026-03-28 11:50:58.201,133.115,-2,4,7,-60.66,0,0,0,0,0,0,0,1
2026-03-28 11:50:58.249,133.163,-2,4,7,-60.92,0,0,0,0,0,0,0,1
2026-03-28 11:50:58.361,133.276,-2,4,8,-60.75,0,0,0,0,0,0,0,1
2026-03-28 11:50:58.409,133.323,-2,4,10,-60.66,0,0,0,0,0,0,0,1
2026-03-28 11:50:58.490,133.404,-2,4,10,-60.86,0,0,0,0,0,0,0,1
2026-03-28 11:50:58.553,133.468,-2,4,10,-60.58,0,0,0,0,0,0,0,1
2026-03-28 11:50:58.648,133.562,-2,4,10,-60.85,0,0,0,0,0,0,0,1
2026-03-28 11:50:58.730,133.644,-2,4,10,-60.78,0,0,0,0,0,0,0,1
2026-03-28 11:50:58.825,133.739,-2,4,10,-60.72,0,0,0,0,0,0,0,1
2026-03-28 11:50:58.921,133.835,-2,4,7,-60.58,0,0,0,0,0,0,0,1
2026-03-28 11:50:58.985,133.900,-2,4,7,-60.71,0,0,0,0,0,0,0,1
2026-03-28 11:50:59.064,133.979,-2,4,10,-60.85,0,0,0,0,0,0,0,1
2026-03-28 11:50:59.161,134.075,-2,4,7,-60.59,0,0,0,0,0,0,0,1
2026-03-28 11:50:59.273,134.187,-2,4,7,-60.7,0,0,0,0,0,0,0,1
2026-03-28 11:50:59.337,134.251,-2,4,10,-60.64,0,0,0,0,0,0,0,1
2026-03-28 11:50:59.449,134.364,-2,4,10,-60.87,0,0,0,0,0,0,0,1
2026-03-28 11:50:59.481,134.395,-2,4,7,-60.86,0,0,0,0,0,0,0,1
2026-03-28 11:50:59.561,134.475,-4,4,10,-61.04,0,0,0,0,0,0,0,1
2026-03-28 11:50:59.657,134.571,-2,4,7,-60.78,0,0,0,0,0,0,0,1
2026-03-28 11:50:59.770,134.684,-2,4,10,-60.9,0,0,0,0,0,0,0,0
2026-03-28 11:50:59.833,134.747,-2,4,10,-60.93,0,0,0,0,0,0,0,0
2026-03-28 11:50:59.912,134.827,-2,4,7,-61.02,0,0,0,0,0,0,0,0
2026-03-28 11:50:59.993,134.907,-2,4,7,-61.33,0,0,0,0,0,0,0,0
2026-03-28 11:51:00.073,134.987,-2,4,10,-61.31,0,0,0,0,0,0,0,0
2026-03-28 11:51:00.137,135.051,-2,4,7,-61.26,0,0,0,0,0,0,0,0
2026-03-28 11:51:00.201,135.116,-2,4,10,-61.16,0,0,0,0,0,0,0,0
2026-03-28 11:51:00.281,135.195,-2,4,10,-61.16,0,0,0,0,0,0,0,0
2026-03-28 11:51:00.377,135.291,-2,4,7,-61.13,0,0,0,0,0,0,0,0
2026-03-28 11:51:00.505,135.420,-2,4,10,-61.19,0,0,0,0,0,0,0,0
2026-03-28 11:51:00.569,135.484,-2,4,7,-60.98,0,0,0,0,0,0,0,0
2026-03-28 11:51:00.616,135.531,-5,4,7,-61.13,0,0,0,0,0,0,0,0
2026-03-28 11:51:00.745,135.659,-2,4,10,-61.16,0,0,0,0,0,0,0,0
2026-03-28 11:51:00.793,135.707,-2,4,7,-61.1,0,0,0,0,0,0,0,0
2026-03-28 11:51:00.889,135.804,-2,4,7,-61.18,0,0,0,0,0,0,0,0
2026-03-28 11:51:00.985,135.899,-2,4,10,-61.36,0,0,0,0,0,0,0,0
2026-03-28 11:51:01.096,136.011,-2,4,7,-61.29,0,0,0,0,0,0,0,0
2026-03-28 11:51:01.161,136.075,-2,4,7,-61.43,0,0,0,0,0,0,0,0
2026-03-28 11:51:01.209,136.124,-2,4,10,-61.57,0,0,0,0,0,0,0,0
2026-03-28 11:51:01.321,136.235,-2,4,10,-61.55,0,0,0,0,0,0,0,0
2026-03-28 11:51:01.401,136.315,-2,4,7,-61.3,0,0,0,0,0,0,0,0
2026-03-28 11:51:01.496,136.410,-2,4,10,-61.52,0,0,0,0,0,0,0,0
2026-03-28 11:51:01.625,136.540,-5,4,10,-61.55,0,0,0,0,0,0,0,0
2026-03-28 11:51:01.657,136.571,-4,4,10,-61.74,0,0,0,0,0,0,0,0
2026-03-28 11:51:01.704,136.618,-2,4,10,-61.65,0,0,0,0,0,0,0,0
2026-03-28 11:51:01.801,136.715,-2,4,10,-61.61,0,0,0,0,0,0,0,0
2026-03-28 11:51:01.912,136.827,-2,4,7,-61.62,0,0,0,0,0,0,0,0
2026-03-28 11:51:01.976,136.891,-2,4,10,-61.74,0,0,0,0,0,0,0,0
2026-03-28 11:51:02.041,136.955,-2,4,10,-61.93,0,0,0,0,0,0,0,0
2026-03-28 11:51:02.152,137.066,-2,4,7,-61.87,0,0,0,0,0,0,0,0
2026-03-28 11:51:02.184,137.099,-4,4,10,-62.04,0,0,0,0,0,0,0,0
2026-03-28 11:51:02.264,137.179,-2,4,10,-61.88,0,0,0,0,0,0,0,0
2026-03-28 11:51:02.392,137.307,-2,4,10,-61.91,0,0,0,0,0,0,0,0
2026-03-28 11:51:02.473,137.387,-2,4,10,-61.72,0,0,0,0,0,0,0,0
2026-03-28 11:51:02.568,137.483,-2,4,10,-61.76,0,0,0,0,0,0,0,0
2026-03-28 11:51:02.600,137.515,-2,4,7,-61.58,0,0,0,0,0,0,0,0
2026-03-28 11:51:02.777,137.691,-2,4,10,-61.82,0,0,0,0,0,0,0,0
2026-03-28 11:51:02.872,137.786,-2,4,10,-61.88,0,0,0,0,0,0,0,0
2026-03-28 11:51:02.920,137.835,-2,4,10,-61.96,0,0,0,0,0,0,0,0
2026-03-28 11:51:02.937,137.851,-5,4,10,-62.07,0,0,0,0,0,0,0,0
2026-03-28 11:51:03.032,137.947,-5,4,7,-62.27,0,0,0,0,0,0,0,0
2026-03-28 11:51:03.145,138.059,-4,4,10,-62.36,0,0,0,0,0,0,0,0
2026-03-28 11:51:03.257,138.171,-2,4,10,-62.03,0,0,0,0,0,0,0,0
2026-03-28 11:51:03.305,138.220,-2,4,10,-62.35,0,0,0,0,0,0,0,0
2026-03-28 11:51:03.353,138.267,-2,4,10,-62.09,0,0,0,0,0,0,0,0
2026-03-28 11:51:03.449,138.363,-4,4,8,-61.94,0,0,0,0,0,0,0,0
2026-03-28 11:51:03.561,138.475,-4,4,10,-62.03,0,0,0,0,0,0,0,0
2026-03-28 11:51:03.672,138.587,-2,4,10,-62.22,0,0,0,0,0,0,0,1
2026-03-28 11:51:03.769,138.683,-2,4,10,-62.09,0,0,0,0,0,0,0,1
2026-03-28 11:51:03.801,138.715,-2,4,10,-62.22,0,0,0,0,0,0,0,1
2026-03-28 11:51:03.929,138.843,-2,4,10,-62.21,0,0,0,0,0,0,0,1
2026-03-28 11:51:03.992,138.907,-2,4,10,-62.09,0,0,0,0,0,0,0,1
2026-03-28 11:51:04.057,138.971,-2,4,10,-62.36,0,0,0,0,0,0,0,1
2026-03-28 11:51:04.137,139.051,-2,4,10,-62.36,0,0,0,0,0,0,0,1
2026-03-28 11:51:04.200,139.114,-5,4,10,-61.94,0,0,0,0,0,0,0,1
2026-03-28 11:51:04.328,139.243,-2,4,10,-62.13,0,0,0,0,0,0,0,1
2026-03-28 11:51:04.344,139.259,-2,4,10,-61.96,0,0,0,0,0,0,0,1
2026-03-28 11:51:04.440,139.355,-2,4,10,-61.85,0,0,0,0,0,0,0,1
2026-03-28 11:51:04.553,139.467,-2,4,10,-61.93,0,0,0,0,0,0,0,1
2026-03-28 11:51:04.600,139.515,-2,4,10,-61.84,0,0,0,0,0,0,0,1
2026-03-28 11:51:04.664,139.579,-2,4,10,-61.94,0,0,0,0,0,0,0,1
2026-03-28 11:51:04.793,139.707,-2,4,7,-61.92,0,0,0,0,0,0,0,1
2026-03-28 11:51:04.857,139.771,-2,4,10,-61.91,0,0,0,0,0,0,0,1
2026-03-28 11:51:04.921,139.835,-2,4,7,-61.99,0,0,0,0,0,0,0,1
2026-03-28 11:51:05.048,139.963,-2,4,10,-61.93,0,0,0,0,0,0,0,1
2026-03-28 11:51:05.113,140.027,-2,4,7,-62.1,0,0,0,0,0,0,0,1
2026-03-28 11:51:05.193,140.107,-2,4,10,-61.93,0,0,0,0,0,0,0,1
2026-03-28 11:51:05.256,140.171,-2,4,10,-61.73,0,0,0,0,0,0,0,1
2026-03-28 11:51:05.385,140.299,-2,4,10,-61.7,0,0,0,0,0,0,0,1
2026-03-28 11:51:05.464,140.379,-2,4,10,-61.75,0,0,0,0,0,0,0,1
2026-03-28 11:51:05.512,140.427,-2,4,10,-61.78,0,0,0,0,0,0,0,1
2026-03-28 11:51:05.576,140.491,-2,4,10,-61.77,0,0,0,0,0,0,0,1
2026-03-28 11:51:05.704,140.618,-2,4,10,-61.68,0,0,0,0,0,0,0,1
2026-03-28 11:51:05.752,140.667,-2,4,7,-61.77,0,0,0,0,0,0,0,1
2026-03-28 11:51:05.863,140.778,-2,4,10,-61.62,0,0,0,0,0,0,0,1
2026-03-28 11:51:05.977,140.892,-2,4,8,-61.69,0,0,0,0,0,0,0,1
2026-03-28 11:51:06.057,140.971,-2,4,10,-61.4,0,0,0,0,0,0,0,1
2026-03-28 11:51:06.121,141.035,-2,4,9,-61.44,0,0,0,0,0,0,0,1
2026-03-28 11:51:06.232,141.146,-2,4,10,-61.45,0,0,0,0,0,0,0,1
2026-03-28 11:51:06.280,141.195,-2,4,10,-61.28,0,0,0,0,0,0,0,1
2026-03-28 11:51:06.345,141.259,-2,4,10,-61.3,0,0,0,0,0,0,0,1
2026-03-28 11:51:06.425,141.339,-2,4,10,-61.22,0,0,0,0,0,0,0,1
2026-03-28 11:51:06.504,141.419,-2,4,10,-61.31,0,0,0,0,0,0,0,1
2026-03-28 11:51:06.584,141.499,-2,4,10,-61.11,0,0,0,0,0,0,0,1
2026-03-28 11:51:06.681,141.595,-2,4,7,-61.05,0,0,0,0,0,0,0,1
2026-03-28 11:51:06.792,141.707,-2,4,10,-61.22,0,0,0,0,0,0,0,1
2026-03-28 11:51:06.857,141.772,-2,4,7,-61.1,0,0,0,0,0,0,0,1
2026-03-28 11:51:06.921,141.835,-2,4,10,-61.14,0,0,0,0,0,0,0,1
2026-03-28 11:51:06.984,141.899,-2,4,10,-60.86,0,0,0,0,0,0,0,1
2026-03-28 11:51:07.080,141.994,-2,4,10,-60.94,0,0,0,0,0,0,0,1
2026-03-28 11:51:07.144,142.059,-2,4,10,-60.95,0,0,0,0,0,0,0,1
2026-03-28 11:51:07.272,142.187,-4,4,10,-60.82,0,0,0,0,0,0,0,1
2026-03-28 11:51:07.352,142.267,-2,4,10,-60.82,0,0,0,0,0,0,0,1
2026-03-28 11:51:07.433,142.347,-2,4,10,-60.8,0,0,0,0,0,0,0,1
2026-03-28 11:51:07.465,142.379,-2,4,10,-60.91,0,0,0,0,0,0,0,1
2026-03-28 11:51:07.592,142.506,-5,4,7,-60.74,0,0,0,0,0,0,0,1
2026-03-28 11:51:07.657,142.571,-2,4,7,-61.02,0,0,0,0,0,0,0,1
2026-03-28 11:51:07.769,142.683,-2,4,10,-60.69,0,0,0,0,0,0,0,1
2026-03-28 11:51:07.817,142.731,-2,4,10,-60.62,0,0,0,0,0,0,0,1
2026-03-28 11:51:07.928,142.843,-2,4,10,-60.61,0,0,0,0,0,0,0,1
2026-03-28 11:51:07.977,142.891,-2,4,10,-60.5,0,0,0,0,0,0,0,1
2026-03-28 11:51:08.072,142.987,-2,4,10,-60.46,0,0,0,0,0,0,0,1
2026-03-28 11:51:08.153,143.067,-2,4,10,-60.49,0,0,0,0,0,0,0,1
2026-03-28 11:51:08.281,143.195,-2,4,10,-60.58,0,0,0,0,0,0,0,1
2026-03-28 11:51:08.392,143.307,-2,4,10,-60.21,0,0,0,0,0,0,0,1
2026-03-28 11:51:08.472,143.387,-2,4,10,-60.32,0,0,0,0,0,0,0,1
2026-03-28 11:51:08.505,143.419,-2,4,10,-60.23,0,0,0,0,0,0,0,1
2026-03-28 11:51:08.616,143.531,-4,4,10,-60.57,0,0,0,0,0,0,0,1
2026-03-28 11:51:08.648,143.562,-2,4,10,-60.37,0,0,0,0,0,0,0,1
2026-03-28 11:51:08.776,143.691,-2,4,10,-60.23,0,0,0,0,0,0,0,1
2026-03-28 11:51:08.824,143.738,-5,4,10,-60.3,0,0,0,0,0,0,0,1
2026-03-28 11:51:08.921,143.835,-2,4,10,-60.22,0,0,0,0,0,0,0,1
2026-03-28 11:51:09.001,143.915,-2,4,7,-60.44,0,0,0,0,0,0,0,1
2026-03-28 11:51:09.081,143.995,-2,4,10,-60.35,0,0,0,0,0,0,0,1
2026-03-28 11:51:09.129,144.044,-2,4,10,-60.5,0,0,0,0,0,0,0,1
2026-03-28 11:51:09.239,144.154,-2,4,10,-60.7,0,0,0,0,0,0,0,1
2026-03-28 11:51:09.336,144.251,-2,4,10,-60.36,0,0,0,0,0,0,0,1
2026-03-28 11:51:09.417,144.331,-2,4,10,-60.31,0,0,0,0,0,0,0,1
2026-03-28 11:51:09.496,144.410,-2,4,10,-60.19,0,0,0,0,0,0,0,1
2026-03-28 11:51:09.560,144.475,-2,4,10,-60.33,0,0,0,0,0,0,0,1
2026-03-28 11:51:09.657,144.571,-2,4,10,-60.25,0,0,0,0,0,0,0,1
2026-03-28 11:51:09.769,144.683,-2,4,10,-60.15,0,0,0,0,0,0,0,1
2026-03-28 11:51:09.817,144.731,-5,4,10,-60.01,0,0,0,0,0,0,0,1
2026-03-28 11:51:09.880,144.795,-5,4,10,-60.02,0,0,0,0,0,0,0,1
2026-03-28 11:51:09.960,144.875,-2,4,10,-60.18,0,0,0,0,0,0,0,1
2026-03-28 11:51:10.105,145.019,-2,4,10,-60.0,0,0,0,0,0,0,0,1
2026-03-28 11:51:10.201,145.115,-2,4,10,-60.01,0,0,0,0,0,0,0,1
2026-03-28 11:51:10.328,145.242,-2,4,7,-60.04,0,0,0,0,0,0,0,1
2026-03-28 11:51:10.392,145.306,-2,4,10,-60.14,0,0,0,0,0,0,0,1
2026-03-28 11:51:10.472,145.386,-2,4,10,-59.97,0,0,0,0,0,0,0,1
2026-03-28 11:51:10.537,145.451,-5,4,10,-60.04,0,0,0,0,0,0,0,1
2026-03-28 11:51:10.649,145.563,-4,4,10,-60.01,0,0,0,0,0,0,0,1
2026-03-28 11:51:10.729,145.643,-2,4,10,-60.11,0,0,0,0,0,0,0,1
2026-03-28 11:51:10.792,145.707,-4,4,10,-60.01,0,0,0,0,0,0,0,1
2026-03-28 11:51:10.904,145.818,-2,4,7,-60.14,0,0,0,0,0,0,0,1
2026-03-28 11:51:10.968,145.883,-2,4,7,-60.1,0,0,0,0,0,0,0,1
2026-03-28 11:51:11.049,145.963,-2,4,10,-60.21,0,0,0,0,0,0,0,1
2026-03-28 11:51:11.129,146.043,-2,4,10,-60.07,0,0,0,0,0,0,0,1
2026-03-28 11:51:11.225,146.139,-4,4,10,-60.26,0,0,0,0,0,0,0,1
2026-03-28 11:51:11.304,146.219,-2,4,7,-60.16,0,0,0,0,0,0,0,1
2026-03-28 11:51:11.369,146.283,-2,4,10,-60.08,0,0,0,0,0,0,0,1
2026-03-28 11:51:11.465,146.379,-2,4,10,-60.4,0,0,0,0,0,0,0,1
2026-03-28 11:51:11.528,146.442,-5,4,10,-60.04,0,0,0,0,0,0,0,1
2026-03-28 11:51:11.608,146.523,-2,4,10,-60.13,0,0,0,0,0,0,0,1
2026-03-28 11:51:11.736,146.650,-2,4,10,-59.98,0,0,0,0,0,0,0,1
2026-03-28 11:51:11.800,146.715,-2,4,10,-60.11,0,0,0,0,0,0,0,1
2026-03-28 11:51:11.992,146.907,-2,4,10,-59.74,0,0,0,0,0,0,0,1
2026-03-28 11:51:12.072,146.987,-2,4,10,-59.88,0,0,0,0,0,0,0,1
2026-03-28 11:51:12.184,147.098,-2,4,10,-59.94,0,0,0,0,0,0,0,0
2026-03-28 11:51:12.280,147.195,-4,4,10,-60.08,0,0,0,0,0,0,0,0
2026-03-28 11:51:12.360,147.274,-2,4,10,-60.05,0,0,0,0,0,0,0,0
2026-03-28 11:51:12.408,147.322,-2,4,10,-60.33,0,0,0,0,0,0,0,0
2026-03-28 11:51:12.503,147.418,-2,4,10,-60.32,0,0,0,0,0,0,0,0
2026-03-28 11:51:12.552,147.466,-2,4,7,-60.15,0,0,0,0,0,0,0,0
2026-03-28 11:51:12.648,147.563,-2,4,10,-60.3,0,0,0,0,0,0,0,0
2026-03-28 11:51:12.712,147.626,-2,4,10,-60.21,0,0,0,0,0,0,0,0
2026-03-28 11:51:12.840,147.755,-2,4,10,-60.11,0,0,0,0,0,0,0,0
2026-03-28 11:51:12.856,147.771,-2,4,10,-60.23,0,0,0,0,0,0,0,0
2026-03-28 11:51:12.968,147.883,-2,4,10,-60.28,0,0,0,0,0,0,0,0
2026-03-28 11:51:13.064,147.979,-2,4,10,-60.26,0,0,0,0,0,0,0,0
2026-03-28 11:51:13.080,147.995,-2,4,10,-60.34,0,0,0,0,0,0,0,0
2026-03-28 11:51:13.224,148.138,-2,4,10,-60.36,0,0,0,0,0,0,0,0
2026-03-28 11:51:13.336,148.250,-2,4,10,-60.43,0,0,0,0,0,0,0,0
2026-03-28 11:51:13.448,148.363,-2,4,10,-60.42,0,0,0,0,0,0,0,0
2026-03-28 11:51:13.464,148.379,-2,4,10,-60.4,0,0,0,0,0,0,0,0
2026-03-28 11:51:13.576,148.491,-2,4,10,-60.49,0,0,0,0,0,0,0,0
2026-03-28 11:51:13.640,148.555,-2,4,10,-60.35,0,0,0,0,0,0,0,0
2026-03-28 11:51:13.768,148.682,-2,4,10,-60.29,0,0,0,0,0,0,0,0
2026-03-28 11:51:13.784,148.699,-2,4,10,-60.48,0,0,0,0,0,0,0,0
2026-03-28 11:51:13.911,148.826,-2,4,10,-60.34,0,0,0,0,0,0,0,0
2026-03-28 11:51:13.976,148.890,-2,4,10,-60.39,0,0,0,0,0,0,0,0
2026-03-28 11:51:14.040,148.955,-2,4,10,-60.5,0,0,0,0,0,0,0,0
2026-03-28 11:51:14.264,149.178,-2,4,10,-60.38,0,0,0,0,0,0,0,1
2026-03-28 11:51:14.312,149.226,-2,4,10,-60.33,0,0,0,0,0,0,0,1
2026-03-28 11:51:14.360,149.274,-2,4,10,-60.44,0,0,0,0,0,0,0,1
2026-03-28 11:51:14.440,149.355,-2,4,10,-60.75,0,0,0,0,0,0,0,1
2026-03-28 11:51:14.568,149.483,-2,4,10,-60.41,0,0,0,0,0,0,0,1
2026-03-28 11:51:14.680,149.595,-2,4,10,-60.67,0,0,0,0,0,0,0,1
2026-03-28 11:51:14.760,149.675,-2,4,10,-60.66,0,0,0,0,0,0,0,1
2026-03-28 11:51:14.888,149.802,-2,4,10,-60.66,0,0,0,0,0,0,0,1
2026-03-28 11:51:14.968,149.882,-2,4,10,-60.58,0,0,0,0,0,0,0,1
2026-03-28 11:51:15.032,149.947,-2,4,10,-60.78,0,0,0,0,0,0,0,1
2026-03-28 11:51:15.096,150.011,-2,4,10,-60.73,0,0,0,0,0,0,0,1
2026-03-28 11:51:15.207,150.121,-2,4,10,-60.83,0,0,0,0,0,0,0,1
2026-03-28 11:51:15.256,150.171,-2,4,10,-60.65,0,0,0,0,0,0,0,1
2026-03-28 11:51:15.368,150.283,-2,4,10,-60.74,0,0,0,0,0,0,0,1
2026-03-28 11:51:15.416,150.330,-2,4,10,-60.7,0,0,0,0,0,0,0,1
2026-03-28 11:51:15.480,150.394,-2,4,10,-60.6,0,0,0,0,0,0,0,1
2026-03-28 11:51:15.577,150.491,-2,4,10,-60.54,0,0,0,0,0,0,0,1
2026-03-28 11:51:15.624,150.538,-2,4,10,-60.39,0,0,0,0,0,0,0,1
2026-03-28 11:51:15.688,150.602,-2,4,10,-60.51,0,0,0,0,0,0,0,1
2026-03-28 11:51:15.783,150.698,-2,4,10,-60.5,0,0,0,0,0,0,0,1
2026-03-28 11:51:15.848,150.763,-2,4,10,-60.2,0,0,0,0,0,0,0,1
2026-03-28 11:51:15.896,150.810,-2,4,10,-60.42,0,0,0,0,0,0,0,1
2026-03-28 11:51:16.008,150.923,-2,4,10,-60.74,0,0,0,0,0,0,0,1
2026-03-28 11:51:16.104,151.018,-2,4,10,-60.87,0,0,0,0,0,0,0,1
2026-03-28 11:51:16.152,151.066,-2,4,10,-60.78,0,0,0,0,0,0,0,1
2026-03-28 11:51:16.280,151.194,-2,4,10,-60.73,0,0,0,0,0,0,0,0
2026-03-28 11:51:16.408,151.322,-2,4,10,-61.32,0,0,0,0,0,0,0,0
2026-03-28 11:51:16.504,151.418,-2,4,10,-61.06,0,0,0,0,0,0,0,0
2026-03-28 11:51:16.584,151.498,-2,4,10,-61.0,0,0,0,0,0,0,0,0
2026-03-28 11:51:16.664,151.579,-2,4,10,-61.07,0,0,0,0,0,0,0,0
2026-03-28 11:51:16.743,151.658,-2,4,10,-60.98,0,0,0,0,0,0,0,0
2026-03-28 11:51:16.808,151.722,-2,4,10,-61.12,0,0,0,0,0,0,0,0
2026-03-28 11:51:16.904,151.819,-2,4,10,-61.06,0,0,0,0,0,0,0,0
2026-03-28 11:51:17.000,151.914,-2,4,10,-61.06,0,0,0,0,0,0,0,0
2026-03-28 11:51:17.080,151.994,-2,4,10,-61.09,0,0,0,0,0,0,0,0
2026-03-28 11:51:17.176,152.091,-2,4,10,-61.28,0,0,0,0,0,0,0,0
2026-03-28 11:51:17.288,152.203,-2,4,10,-61.04,0,0,0,0,0,0,0,0
2026-03-28 11:51:17.368,152.283,-2,4,10,-61.04,0,0,0,0,0,0,0,0
2026-03-28 11:51:17.448,152.362,-2,4,10,-61.06,0,0,0,0,0,0,0,0
2026-03-28 11:51:17.512,152.427,-2,4,10,-60.83,0,0,0,0,0,0,0,0
2026-03-28 11:51:17.576,152.491,-2,4,10,-60.91,0,0,0,0,0,0,0,0
2026-03-28 11:51:17.687,152.601,-2,4,10,-60.88,0,0,0,0,0,0,0,0
2026-03-28 11:51:17.720,152.634,-2,4,10,-60.95,0,0,0,0,0,0,0,0
2026-03-28 11:51:17.800,152.715,-2,4,10,-60.92,0,0,0,0,0,0,0,0
2026-03-28 11:51:17.944,152.858,-2,4,10,-60.98,0,0,0,0,0,0,0,0
2026-03-28 11:51:17.991,152.906,-2,4,10,-60.99,0,0,0,0,0,0,0,0
2026-03-28 11:51:18.072,152.986,-2,4,10,-61.04,0,0,0,0,0,0,0,0
2026-03-28 11:51:18.184,153.098,-2,4,10,-61.23,0,0,0,0,0,0,0,0
2026-03-28 11:51:18.248,153.162,-2,4,10,-61.12,0,0,0,0,0,0,0,0
2026-03-28 11:51:18.328,153.242,-2,4,10,-61.13,0,0,0,0,0,0,0,0
2026-03-28 11:51:18.536,153.451,-2,4,10,-61.17,0,0,0,0,0,0,0,0
2026-03-28 11:51:18.568,153.483,-2,4,10,-61.13,0,0,0,0,0,0,0,1
2026-03-28 11:51:18.679,153.594,-2,4,10,-61.16,0,0,0,0,0,0,0,1
2026-03-28 11:51:18.712,153.626,-2,4,10,-61.12,0,0,0,0,0,0,0,1
2026-03-28 11:51:18.776,153.691,-2,4,10,-61.13,0,0,0,0,0,0,0,1
2026-03-28 11:51:18.920,153.835,-2,4,10,-61.03,0,0,0,0,0,0,0,1
2026-03-28 11:51:19.000,153.914,-2,4,10,-61.03,0,0,0,0,0,0,0,1
2026-03-28 11:51:19.112,154.026,-2,4,10,-61.23,0,0,0,0,0,0,0,1
2026-03-28 11:51:19.144,154.058,-2,4,10,-61.14,0,0,0,0,0,0,0,1
2026-03-28 11:51:19.240,154.155,-2,4,10,-61.07,0,0,0,0,0,0,0,1
2026-03-28 11:51:19.352,154.266,-2,4,10,-61.02,0,0,0,0,0,0,0,1
2026-03-28 11:51:19.415,154.330,-2,4,10,-61.16,0,0,0,0,0,0,0,1
2026-03-28 11:51:19.479,154.394,-2,4,10,-60.94,0,0,0,0,0,0,0,1
2026-03-28 11:51:19.543,154.458,-5,4,10,-60.93,0,0,0,0,0,0,0,1
2026-03-28 11:51:19.640,154.554,-2,4,10,-60.76,0,0,0,0,0,0,0,1
2026-03-28 11:51:19.688,154.602,-2,4,10,-61.34,0,0,0,0,0,0,0,1
2026-03-28 11:51:19.784,154.699,-2,4,10,-61.11,0,0,0,0,0,0,0,1
2026-03-28 11:51:19.816,154.730,-2,4,10,-61.34,0,0,0,0,0,0,0,1
2026-03-28 11:51:19.959,154.874,-2,4,10,-61.32,0,0,0,0,0,0,0,1
2026-03-28 11:51:20.055,154.970,-2,4,10,-61.26,0,0,0,0,0,0,0,1
2026-03-28 11:51:20.120,155.034,-2,4,10,-61.41,0,0,0,0,0,0,0,1
2026-03-28 11:51:20.167,155.082,-2,4,10,-61.21,0,0,0,0,0,0,0,1
2026-03-28 11:51:20.263,155.178,-2,4,7,-61.45,0,0,0,0,0,0,0,1
2026-03-28 11:51:20.343,155.258,-2,4,10,-61.46,0,0,0,0,0,0,0,1
2026-03-28 11:51:20.407,155.322,-2,4,10,-61.2,0,0,0,0,0,0,0,1
2026-03-28 11:51:20.583,155.498,-2,4,10,-61.47,0,0,0,0,0,0,0,1
2026-03-28 11:51:20.615,155.530,-2,4,10,-61.34,0,0,0,0,0,0,0,1
2026-03-28 11:51:20.792,155.706,-2,4,10,-61.34,0,0,0,0,0,0,0,1
2026-03-28 11:51:20.856,155.770,-2,4,10,-61.47,0,0,0,0,0,0,0,1
2026-03-28 11:51:20.888,155.802,-2,4,10,-61.55,0,0,0,0,0,0,0,1
2026-03-28 11:51:21.016,155.931,-2,4,10,-61.39,0,0,0,0,0,0,0,1
2026-03-28 11:51:21.095,156.009,-2,4,10,-61.36,0,0,0,0,0,0,0,1
2026-03-28 11:51:21.207,156.122,-2,4,10,-61.41,0,0,0,0,0,0,0,1
2026-03-28 11:51:21.288,156.203,-5,4,7,-61.23,0,0,0,0,0,0,0,1
2026-03-28 11:51:21.367,156.282,-2,4,10,-61.41,0,0,0,0,0,0,0,1
2026-03-28 11:51:21.448,156.363,-2,4,10,-61.37,0,0,0,0,0,0,0,1
2026-03-28 11:51:21.528,156.443,-2,4,10,-61.25,0,0,0,0,0,0,0,1
2026-03-28 11:51:21.624,156.538,-2,4,10,-61.26,0,0,0,0,0,0,0,1
2026-03-28 11:51:21.687,156.602,-2,4,10,-61.42,0,0,0,0,0,0,0,1
2026-03-28 11:51:21.752,156.666,-2,4,10,-61.7,0,0,0,0,0,0,0,1
2026-03-28 11:51:21.800,156.714,-2,4,10,-61.35,0,0,0,0,0,0,0,1
2026-03-28 11:51:21.928,156.842,-2,4,10,-61.4,0,0,0,0,0,0,0,1
2026-03-28 11:51:22.008,156.923,-2,4,10,-61.33,0,0,0,0,0,0,0,1
2026-03-28 11:51:22.072,156.986,-2,4,10,-61.65,0,0,0,0,0,0,0,1
2026-03-28 11:51:22.232,157.146,-2,4,10,-61.49,0,0,0,0,0,0,0,1
2026-03-28 11:51:22.279,157.194,-2,4,10,-61.49,0,0,0,0,0,0,0,1
2026-03-28 11:51:22.440,157.354,-2,4,10,-61.91,0,0,0,0,0,0,0,1
2026-03-28 11:51:22.504,157.418,-2,4,10,-61.49,0,0,0,0,0,0,0,1
2026-03-28 11:51:22.536,157.450,-2,4,10,-61.66,0,0,0,0,0,0,0,1
2026-03-28 11:51:22.616,157.530,-2,4,10,-61.74,0,0,0,0,0,0,0,1
2026-03-28 11:51:22.696,157.610,-2,4,10,-61.93,0,0,0,0,0,0,0,1
2026-03-28 11:51:22.776,157.690,-2,4,10,-61.73,0,0,0,0,0,0,0,1
2026-03-28 11:51:22.840,157.754,-2,4,7,-61.57,0,0,0,0,0,0,0,1
2026-03-28 11:51:22.936,157.850,-2,4,10,-61.67,0,0,0,0,0,0,0,1
2026-03-28 11:51:23.032,157.946,-2,4,10,-61.56,0,0,0,0,0,0,0,1
2026-03-28 11:51:23.111,158.026,-2,4,10,-61.64,0,0,0,0,0,0,0,1
2026-03-28 11:51:23.208,158.123,-5,4,10,-61.53,0,0,0,0,0,0,0,1
2026-03-28 11:51:23.256,158.170,-2,4,10,-61.6,0,0,0,0,0,0,0,1
2026-03-28 11:51:23.398,158.313,-2,4,10,-61.47,0,0,0,0,0,0,0,1
2026-03-28 11:51:23.480,158.395,-2,4,10,-61.64,0,0,0,0,0,0,0,1
2026-03-28 11:51:23.591,158.506,-2,4,10,-61.82,0,0,0,0,0,0,0,1
2026-03-28 11:51:23.719,158.634,-2,4,10,-61.51,0,0,0,0,0,0,0,1
2026-03-28 11:51:23.751,158.666,-2,4,10,-61.58,0,0,0,0,0,0,0,1
2026-03-28 11:51:23.816,158.731,-2,4,10,-61.67,0,0,0,0,0,0,0,1
2026-03-28 11:51:23.911,158.825,-2,4,10,-61.65,0,0,0,0,0,0,0,1
2026-03-28 11:51:23.942,158.857,-2,4,10,-61.49,0,0,0,0,0,0,0,1
2026-03-28 11:51:24.040,158.954,-2,4,10,-61.74,0,0,0,0,0,0,0,1
2026-03-28 11:51:24.103,159.018,-2,4,10,-61.83,0,0,0,0,0,0,0,1
2026-03-28 11:51:24.168,159.082,-2,4,10,-61.86,0,0,0,0,0,0,0,1
2026-03-28 11:51:24.279,159.193,-2,4,10,-61.92,0,0,0,0,0,0,0,1
2026-03-28 11:51:24.391,159.306,-2,4,10,-61.96,0,0,0,0,0,0,0,1
2026-03-28 11:51:24.455,159.370,-2,4,10,-62.19,0,0,0,0,0,0,0,1
2026-03-28 11:51:24.520,159.434,-2,4,10,-61.79,0,0,0,0,0,0,0,1
2026-03-28 11:51:24.615,159.530,-2,4,10,-61.77,0,0,0,0,0,0,0,1
2026-03-28 11:51:24.712,159.626,-2,4,10,-61.62,0,0,0,0,0,0,0,1
2026-03-28 11:51:24.760,159.674,-2,4,10,-61.96,0,0,0,0,0,0,0,1
2026-03-28 11:51:24.887,159.802,-2,4,10,-61.7,0,0,0,0,0,0,0,1
2026-03-28 11:51:24.967,159.882,-2,4,10,-61.48,0,0,0,0,0,0,0,1
2026-03-28 11:51:24.999,159.914,-2,4,10,-61.67,0,0,0,0,0,0,0,1
2026-03-28 11:51:25.096,160.010,-2,4,10,-61.71,0,0,0,0,0,0,0,1
2026-03-28 11:51:25.240,160.154,-2,4,10,-61.73,0,0,0,0,0,0,0,1
2026-03-28 11:51:25.271,160.186,-2,4,10,-61.67,0,0,0,0,0,0,0,1
2026-03-28 11:51:25.334,160.249,-2,4,10,-61.88,0,0,0,0,0,0,0,1
2026-03-28 11:51:25.463,160.378,-2,4,10,-61.74,0,0,0,0,0,0,0,1
2026-03-28 11:51:25.496,160.410,-2,4,10,-61.72,0,0,0,0,0,0,0,1
2026-03-28 11:51:25.591,160.506,-2,4,10,-61.87,0,0,0,0,0,0,0,1
2026-03-28 11:51:25.687,160.601,-2,4,10,-61.6,0,0,0,0,0,0,0,1
2026-03-28 11:51:25.735,160.650,-2,4,10,-61.88,0,0,0,0,0,0,0,1
2026-03-28 11:51:25.848,160.762,-2,4,10,-61.83,0,0,0,0,0,0,0,1
2026-03-28 11:51:25.912,160.826,-2,4,10,-61.89,0,0,0,0,0,0,0,1
2026-03-28 11:51:25.975,160.890,-2,4,8,-61.83,0,0,0,0,0,0,0,1
2026-03-28 11:51:26.088,161.002,-2,4,10,-61.87,0,0,0,0,0,0,0,1
2026-03-28 11:51:26.151,161.065,-2,4,8,-61.96,0,0,0,0,0,0,0,1
2026-03-28 11:51:26.263,161.178,-2,4,10,-61.8,0,0,0,0,0,0,0,1
2026-03-28 11:51:26.311,161.226,-4,4,10,-61.82,0,0,0,0,0,0,0,1
2026-03-28 11:51:26.391,161.306,-3,4,10,-61.91,0,0,0,0,0,0,0,1
2026-03-28 11:51:26.487,161.401,-2,4,10,-61.91,0,0,0,0,0,0,0,1
2026-03-28 11:51:26.583,161.498,-2,4,10,-61.99,0,0,0,0,0,0,0,1
2026-03-28 11:51:26.631,161.546,-2,4,10,-61.8,0,0,0,0,0,0,0,1
2026-03-28 11:51:26.727,161.642,-4,4,10,-61.85,0,0,0,0,0,0,0,1
2026-03-28 11:51:26.823,161.738,-2,4,10,-61.95,0,0,0,0,0,0,0,1
2026-03-28 11:51:26.936,161.850,-2,4,10,-61.92,0,0,0,0,0,0,0,1
2026-03-28 11:51:27.000,161.914,-5,4,10,-62.25,0,0,0,0,0,0,0,1
2026-03-28 11:51:27.048,161.962,-3,4,10,-61.93,0,0,0,0,0,0,0,1
2026-03-28 11:51:27.159,162.073,-2,4,10,-62.06,0,0,0,0,0,0,0,1
2026-03-28 11:51:27.239,162.153,-2,4,10,-62.03,0,0,0,0,0,0,0,1
2026-03-28 11:51:27.351,162.265,-5,4,7,-61.9,0,0,0,0,0,0,0,1
2026-03-28 11:51:27.383,162.297,-2,4,10,-62.03,0,0,0,0,0,0,0,1
2026-03-28 11:51:27.496,162.410,-2,4,10,-62.21,0,0,0,0,0,0,0,1
2026-03-28 11:51:27.559,162.473,-2,4,10,-61.91,0,0,0,0,0,0,0,1
2026-03-28 11:51:27.688,162.602,-2,4,7,-62.19,0,0,0,0,0,0,0,1
2026-03-28 11:51:27.767,162.681,-2,4,10,-61.83,0,0,0,0,0,0,0,1
2026-03-28 11:51:27.831,162.746,-2,4,10,-62.31,0,0,0,0,0,0,0,1
2026-03-28 11:51:27.927,162.842,-2,4,10,-62.02,0,0,0,0,0,0,0,1
2026-03-28 11:51:28.023,162.937,-5,4,10,-62.43,0,0,0,0,0,0,0,1
2026-03-28 11:51:28.071,162.986,-2,4,10,-62.01,0,0,0,0,0,0,0,1
2026-03-28 11:51:28.151,163.065,-2,4,7,-62.03,0,0,0,0,0,0,0,1
2026-03-28 11:51:28.231,163.145,-2,4,10,-62.2,0,0,0,0,0,0,0,1
2026-03-28 11:51:28.359,163.274,-2,4,10,-62.16,0,0,0,0,0,0,0,1
2026-03-28 11:51:28.439,163.353,-2,4,10,-62.04,0,0,0,0,0,0,0,1
2026-03-28 11:51:28.519,163.434,-5,4,10,-61.96,0,0,0,0,0,0,0,1
2026-03-28 11:51:28.552,163.466,-2,4,10,-62.14,0,0,0,0,0,0,0,1
2026-03-28 11:51:28.647,163.561,-2,4,10,-61.97,0,0,0,0,0,0,0,1
2026-03-28 11:51:28.743,163.657,-2,4,10,-62.33,0,0,0,0,0,0,0,1
2026-03-28 11:51:28.823,163.737,-2,4,10,-62.31,0,0,0,0,0,0,0,1
2026-03-28 11:51:28.887,163.801,-2,4,10,-62.13,0,0,0,0,0,0,0,1
2026-03-28 11:51:29.015,163.930,-2,4,10,-62.18,0,0,0,0,0,0,0,1
2026-03-28 11:51:29.174,164.089,-5,4,10,-62.12,0,0,0,0,0,0,0,0
2026-03-28 11:51:29.239,164.153,-4,4,10,-62.3,0,0,0,0,0,0,0,0
2026-03-28 11:51:29.287,164.201,-2,4,10,-62.21,0,0,0,0,0,0,0,0
2026-03-28 11:51:29.367,164.281,-2,4,10,-62.14,0,0,0,0,0,0,0,0
2026-03-28 11:51:29.431,164.345,-2,4,10,-62.1,0,0,0,0,0,0,0,0
2026-03-28 11:51:29.512,164.426,-2,4,10,-62.1,0,0,0,0,0,0,0,0
2026-03-28 11:51:29.592,164.506,-2,4,10,-62.14,0,0,0,0,0,0,0,0
2026-03-28 11:51:29.672,164.586,-2,4,10,-62.14,0,0,0,0,0,0,0,0
2026-03-28 11:51:29.751,164.665,-2,4,10,-62.16,0,0,0,0,0,0,0,0
2026-03-28 11:51:29.847,164.762,-2,4,10,-62.29,0,0,0,0,0,0,0,0
2026-03-28 11:51:29.895,164.810,-2,4,10,-62.33,0,0,0,0,0,0,0,0
2026-03-28 11:51:29.975,164.890,-2,4,10,-62.38,0,0,0,0,0,0,0,0
2026-03-28 11:51:30.055,164.969,-2,4,10,-62.48,0,0,0,0,0,0,0,0
2026-03-28 11:51:30.119,165.034,-2,4,10,-62.49,0,0,0,0,0,0,0,0
2026-03-28 11:51:30.311,165.225,-2,4,10,-62.16,0,0,0,0,0,0,0,0
2026-03-28 11:51:30.359,165.274,-2,4,10,-62.43,0,0,0,0,0,0,0,0
2026-03-28 11:51:30.471,165.385,-2,4,10,-62.33,0,0,0,0,0,0,0,0
2026-03-28 11:51:30.551,165.466,-2,4,10,-62.26,0,0,0,0,0,0,0,0
2026-03-28 11:51:30.647,165.561,-2,4,10,-62.29,0,0,0,0,0,0,0,0
2026-03-28 11:51:30.711,165.626,-2,4,10,-62.28,0,0,0,0,0,0,0,0
2026-03-28 11:51:30.791,165.705,-5,4,10,-62.28,0,0,0,0,0,0,0,0
2026-03-28 11:51:30.902,165.817,-2,4,10,-62.39,0,0,0,0,0,0,0,0
2026-03-28 11:51:30.951,165.865,-2,4,10,-62.41,0,0,0,0,0,0,0,0
2026-03-28 11:51:31.032,165.946,-2,4,10,-62.56,0,0,0,0,0,0,0,0
2026-03-28 11:51:31.159,166.073,-2,4,10,-62.65,0,0,0,0,0,0,0,0
2026-03-28 11:51:31.239,166.154,-2,4,10,-62.5,0,0,0,0,0,0,0,0
2026-03-28 11:51:31.287,166.202,-2,4,10,-62.57,0,0,0,0,0,0,0,0
2026-03-28 11:51:31.367,166.281,-2,4,10,-62.65,0,0,0,0,0,0,0,0
2026-03-28 11:51:31.479,166.394,-2,4,10,-62.65,0,0,0,0,0,0,0,0
2026-03-28 11:51:31.543,166.457,-2,4,10,-62.59,0,0,0,0,0,0,0,0
2026-03-28 11:51:31.592,166.506,-2,4,10,-62.56,0,0,0,0,0,0,0,0
2026-03-28 11:51:31.719,166.633,-2,4,10,-62.75,0,0,0,0,0,0,0,0
2026-03-28 11:51:31.799,166.714,-2,4,10,-62.51,0,0,0,0,0,0,0,0
2026-03-28 11:51:31.911,166.825,-2,4,8,-62.65,0,0,0,0,0,0,0,0
2026-03-28 11:51:31.926,166.841,-2,4,10,-62.61,0,0,0,0,0,0,0,0
2026-03-28 11:51:32.039,166.954,-2,4,10,-62.79,0,0,0,0,0,0,0,0
2026-03-28 11:51:32.103,167.017,-2,4,10,-62.59,0,0,0,0,0,0,0,0
2026-03-28 11:51:32.295,167.210,-2,4,10,-62.52,0,0,0,0,0,0,0,1
2026-03-28 11:51:32.343,167.257,-2,4,10,-62.3,0,0,0,0,0,0,0,1
2026-03-28 11:51:32.423,167.338,-2,4,10,-62.17,0,0,0,0,0,0,0,1
2026-03-28 11:51:32.551,167.466,-2,4,10,-62.19,0,0,0,0,0,0,0,1
2026-03-28 11:51:32.631,167.545,-2,4,10,-62.16,0,0,0,0,0,0,0,1
2026-03-28 11:51:32.694,167.609,-2,4,10,-62.34,0,0,0,0,0,0,0,1
2026-03-28 11:51:32.790,167.705,-2,4,10,-62.06,0,0,0,0,0,0,0,1
2026-03-28 11:51:32.871,167.785,-2,4,7,-62.16,0,0,0,0,0,0,0,1
2026-03-28 11:51:32.967,167.882,-2,4,10,-62.28,0,0,0,0,0,0,0,1
2026-03-28 11:51:32.999,167.914,-2,4,10,-62.32,0,0,0,0,0,0,0,1
2026-03-28 11:51:33.063,167.977,-2,4,10,-62.26,0,0,0,0,0,0,0,1
2026-03-28 11:51:33.159,168.074,-2,4,10,-62.2,0,0,0,0,0,0,0,1
2026-03-28 11:51:33.239,168.153,-2,4,10,-62.09,0,0,0,0,0,0,0,1
2026-03-28 11:51:33.335,168.249,-2,4,10,-62.12,0,0,0,0,0,0,0,1
2026-03-28 11:51:33.382,168.296,-2,4,10,-62.22,0,0,0,0,0,0,0,1
2026-03-28 11:51:33.495,168.410,-2,4,10,-62.25,0,0,0,0,0,0,0,1
2026-03-28 11:51:33.543,168.458,-2,4,10,-62.2,0,0,0,0,0,0,0,1
2026-03-28 11:51:33.576,168.490,-2,4,10,-62.54,0,0,0,0,0,0,0,1
2026-03-28 11:51:33.687,168.601,-2,4,10,-62.6,0,0,0,0,0,0,0,1
2026-03-28 11:51:33.735,168.650,-2,4,10,-62.12,0,0,0,0,0,0,0,1
2026-03-28 11:51:33.847,168.761,-2,4,10,-62.38,0,0,0,0,0,0,0,1
2026-03-28 11:51:33.927,168.842,-2,4,10,-62.22,0,0,0,0,0,0,0,1
2026-03-28 11:51:33.991,168.905,-2,4,10,-62.3,0,0,0,0,0,0,0,1
2026-03-28 11:51:34.087,169.001,-2,4,10,-62.1,0,0,0,0,0,0,0,1
2026-03-28 11:51:34.183,169.097,-2,4,10,-62.04,0,0,0,0,0,0,0,1
2026-03-28 11:51:34.263,169.177,-2,4,10,-61.84,0,0,0,0,0,0,0,1
2026-03-28 11:51:34.343,169.257,-2,4,10,-62.0,0,0,0,0,0,0,0,1
2026-03-28 11:51:34.423,169.338,-2,4,10,-62.01,0,0,0,0,0,0,0,1
2026-03-28 11:51:34.519,169.434,-2,4,10,-61.79,0,0,0,0,0,0,0,1
2026-03-28 11:51:34.583,169.497,-2,4,10,-62.16,0,0,0,0,0,0,0,1
2026-03-28 11:51:34.711,169.626,-2,4,10,-61.67,0,0,0,0,0,0,0,1
2026-03-28 11:51:34.759,169.674,-2,4,10,-61.82,0,0,0,0,0,0,0,1
2026-03-28 11:51:34.871,169.785,-2,4,10,-61.98,0,0,0,0,0,0,0,1
2026-03-28 11:51:34.951,169.866,-2,4,10,-61.87,0,0,0,0,0,0,0,1
2026-03-28 11:51:35.031,169.946,-2,4,10,-61.77,0,0,0,0,0,0,0,1
2026-03-28 11:51:35.111,170.026,-2,4,10,-61.73,0,0,0,0,0,0,0,1
2026-03-28 11:51:35.191,170.106,-2,4,10,-61.78,0,0,0,0,0,0,0,1
2026-03-28 11:51:35.288,170.202,-2,4,10,-61.87,0,0,0,0,0,0,0,1
2026-03-28 11:51:35.351,170.265,-2,4,10,-62.02,0,0,0,0,0,0,0,1
2026-03-28 11:51:35.430,170.345,-5,4,10,-61.9,0,0,0,0,0,0,0,1
2026-03-28 11:51:35.494,170.409,-2,4,10,-62.13,0,0,0,0,0,0,0,1
2026-03-28 11:51:35.655,170.570,-2,4,10,-61.88,0,0,0,0,0,0,0,0
2026-03-28 11:51:35.766,170.681,-2,4,10,-61.89,0,0,0,0,0,0,0,0
2026-03-28 11:51:35.831,170.745,-2,4,10,-61.97,0,0,0,0,0,0,0,0
2026-03-28 11:51:35.911,170.825,-2,4,10,-61.84,0,0,0,0,0,0,0,0
2026-03-28 11:51:36.023,170.937,-2,4,10,-61.8,0,0,0,0,0,0,0,0
2026-03-28 11:51:36.103,171.017,-2,4,10,-61.83,0,0,0,0,0,0,0,0
2026-03-28 11:51:36.118,171.033,-2,4,10,-61.66,0,0,0,0,0,0,0,0
2026-03-28 11:51:36.231,171.145,-2,4,10,-61.73,0,0,0,0,0,0,0,0
2026-03-28 11:51:36.311,171.225,-2,4,10,-61.72,0,0,0,0,0,0,0,0
2026-03-28 11:51:36.439,171.354,-2,4,10,-61.77,0,0,0,0,0,0,0,0
2026-03-28 11:51:36.534,171.449,-2,4,10,-61.75,0,0,0,0,0,0,0,0
2026-03-28 11:51:36.599,171.513,-2,4,10,-61.53,0,0,0,0,0,0,0,0
2026-03-28 11:51:36.710,171.625,-2,4,10,-61.82,0,0,0,0,0,0,0,0
2026-03-28 11:51:36.712,171.626,-2,4,10,-61.56,0,0,0,0,0,0,0,0
2026-03-28 11:51:36.776,171.690,-2,4,10,-61.59,0,0,0,0,0,0,0,0
2026-03-28 11:51:36.871,171.785,-2,4,10,-61.47,0,0,0,0,0,0,0,0
2026-03-28 11:51:36.935,171.849,-2,4,10,-61.62,0,0,0,0,0,0,0,0
2026-03-28 11:51:37.063,171.977,-2,4,10,-61.57,0,0,0,0,0,0,0,0
2026-03-28 11:51:37.127,172.041,-2,4,10,-61.77,0,0,0,0,0,0,0,0
2026-03-28 11:51:37.175,172.090,-2,4,10,-61.65,0,0,0,0,0,0,0,0
2026-03-28 11:51:37.286,172.200,-2,4,10,-61.68,0,0,0,0,0,0,0,0
2026-03-28 11:51:37.415,172.330,-2,4,10,-61.58,0,0,0,0,0,0,0,0
2026-03-28 11:51:37.495,172.409,-2,4,8,-61.77,0,0,0,0,0,0,0,0
2026-03-28 11:51:37.591,172.505,-2,4,10,-61.71,0,0,0,0,0,0,0,0
2026-03-28 11:51:37.639,172.554,-2,4,10,-61.59,0,0,0,0,0,0,0,0
2026-03-28 11:51:37.734,172.649,-2,4,8,-61.77,0,0,0,0,0,0,0,0
2026-03-28 11:51:37.831,172.745,-2,4,10,-61.52,0,0,0,0,0,0,0,0
2026-03-28 11:51:37.911,172.825,-2,4,10,-61.58,0,0,0,0,0,0,0,0
2026-03-28 11:51:37.975,172.890,-2,4,10,-61.48,0,0,0,0,0,0,0,0
2026-03-28 11:51:38.022,172.937,-5,4,10,-61.57,0,0,0,0,0,0,0,0
2026-03-28 11:51:38.166,173.080,-2,4,10,-61.62,0,0,0,0,0,0,0,0
2026-03-28 11:51:38.231,173.145,-2,4,10,-61.56,0,0,0,0,0,0,0,0
2026-03-28 11:51:38.327,173.241,-2,4,10,-61.49,0,0,0,0,0,0,0,0
2026-03-28 11:51:38.423,173.337,-2,4,10,-61.57,0,0,0,0,0,0,0,0
2026-03-28 11:51:38.487,173.401,-2,4,10,-61.6,0,0,0,0,0,0,0,0
2026-03-28 11:51:38.598,173.512,-4,4,10,-61.68,0,0,0,0,0,0,0,0
2026-03-28 11:51:38.678,173.593,-4,4,10,-61.6,0,0,0,0,0,0,0,0
2026-03-28 11:51:38.774,173.689,-2,4,10,-61.48,0,0,0,0,0,0,0,0
2026-03-28 11:51:38.806,173.721,-2,4,10,-61.63,0,0,0,0,0,0,0,0
2026-03-28 11:51:38.854,173.769,-5,4,10,-61.6,0,0,0,0,0,0,0,0
2026-03-28 11:51:38.935,173.849,-2,4,10,-61.65,0,0,0,0,0,0,0,0
2026-03-28 11:51:39.047,173.961,-2,4,10,-61.7,0,0,0,0,0,0,0,0
2026-03-28 11:51:39.110,174.025,-2,4,10,-61.55,0,0,0,0,0,0,0,0
2026-03-28 11:51:39.207,174.121,-4,4,10,-61.64,0,0,0,0,0,0,0,0
2026-03-28 11:51:39.286,174.201,-2,4,10,-61.61,0,0,0,0,0,0,0,0
2026-03-28 11:51:39.383,174.297,-5,4,10,-61.59,0,0,0,0,0,0,0,0
2026-03-28 11:51:39.462,174.377,-5,4,10,-61.61,0,0,0,0,0,0,0,0
2026-03-28 11:51:39.574,174.489,-2,4,10,-61.76,0,0,0,0,0,0,0,0
2026-03-28 11:51:39.703,174.617,-2,4,10,-61.68,0,0,0,0,0,0,0,0
2026-03-28 11:51:39.767,174.681,-2,4,10,-61.74,0,0,0,0,0,0,0,0
2026-03-28 11:51:39.782,174.697,-2,4,10,-61.81,0,0,0,0,0,0,0,0
2026-03-28 11:51:39.894,174.808,-2,4,10,-61.65,0,0,0,0,0,0,0,0
2026-03-28 11:51:39.959,174.873,-2,4,10,-61.62,0,0,0,0,0,0,0,0
2026-03-28 11:51:40.054,174.969,-2,4,10,-61.63,0,0,0,0,0,0,0,0
2026-03-28 11:51:40.150,175.065,-2,4,10,-61.73,0,0,0,0,0,0,0,0
2026-03-28 11:51:40.262,175.177,-5,4,10,-61.59,0,0,0,0,0,0,0,0
2026-03-28 11:51:40.278,175.193,-2,4,10,-61.63,0,0,0,0,0,0,0,0
2026-03-28 11:51:40.390,175.305,-2,4,7,-61.7,0,0,0,0,0,0,0,0
2026-03-28 11:51:40.454,175.368,-2,4,10,-61.76,0,0,0,0,0,0,0,0
2026-03-28 11:51:40.534,175.449,-5,4,10,-61.62,0,0,0,0,0,0,0,0
2026-03-28 11:51:40.678,175.593,-5,4,10,-61.71,0,0,0,0,0,0,0,0
2026-03-28 11:51:40.742,175.657,-2,4,10,-61.79,0,0,0,0,0,0,0,0
2026-03-28 11:51:40.839,175.754,-2,4,10,-61.65,0,0,0,0,0,0,0,0
2026-03-28 11:51:40.902,175.817,-2,4,10,-61.69,0,0,0,0,0,0,0,0
2026-03-28 11:51:41.031,175.945,-4,4,10,-61.4,0,0,0,0,0,0,0,0
2026-03-28 11:51:41.126,176.041,-2,4,7,-61.56,0,0,0,0,0,0,0,0
2026-03-28 11:51:41.174,176.088,-2,4,10,-61.51,0,0,0,0,0,0,0,0
2026-03-28 11:51:41.222,176.137,-4,4,10,-61.68,0,0,0,0,0,0,0,0
2026-03-28 11:51:41.333,176.248,-2,4,10,-61.64,0,0,0,0,0,0,0,0
2026-03-28 11:51:41.382,176.297,-2,4,10,-61.83,0,0,0,0,0,0,0,0
2026-03-28 11:51:41.542,176.457,-2,4,10,-61.84,0,0,0,0,0,0,0,0
2026-03-28 11:51:41.575,176.489,-2,4,10,-61.96,0,0,0,0,0,0,0,0
2026-03-28 11:51:41.686,176.601,-2,4,10,-61.71,0,0,0,0,0,0,0,0
2026-03-28 11:51:41.734,176.649,-2,4,10,-61.76,0,0,0,0,0,0,0,0
2026-03-28 11:51:41.799,176.713,-2,4,10,-61.69,0,0,0,0,0,0,0,0
2026-03-28 11:51:41.894,176.809,-2,4,10,-61.58,0,0,0,0,0,0,0,0
2026-03-28 11:51:41.990,176.905,-2,4,10,-61.59,0,0,0,0,0,0,0,0
2026-03-28 11:51:42.086,177.000,-2,4,10,-61.59,0,0,0,0,0,0,0,0
2026-03-28 11:51:42.150,177.064,-2,4,10,-61.62,0,0,0,0,0,0,0,0
2026-03-28 11:51:42.262,177.177,-2,4,10,-61.55,0,0,0,0,0,0,0,0
2026-03-28 11:51:42.310,177.225,-2,4,10,-61.56,0,0,0,0,0,0,0,0
2026-03-28 11:51:42.375,177.289,-2,4,10,-61.58,0,0,0,0,0,0,0,0
2026-03-28 11:51:42.486,177.401,-2,4,10,-61.45,0,0,0,0,0,0,0,0
2026-03-28 11:51:42.534,177.448,-2,4,10,-61.5,0,0,0,0,0,0,0,0
2026-03-28 11:51:42.615,177.529,-2,4,10,-61.47,0,0,0,0,0,0,0,0
2026-03-28 11:51:42.742,177.657,-2,4,10,-61.56,0,0,0,0,0,0,0,0
2026-03-28 11:51:42.775,177.689,-2,4,10,-61.71,0,0,0,0,0,0,0,0
2026-03-28 11:51:42.839,177.753,-2,4,10,-61.49,0,0,0,0,0,0,0,0
2026-03-28 11:51:42.902,177.817,-2,4,10,-61.58,0,0,0,0,0,0,0,0
2026-03-28 11:51:43.030,177.945,-2,4,10,-61.6,0,0,0,0,0,0,0,0
2026-03-28 11:51:43.094,178.009,-4,4,10,-61.69,0,0,0,0,0,0,0,0
2026-03-28 11:51:43.191,178.105,-2,4,10,-61.66,0,0,0,0,0,0,0,0
2026-03-28 11:51:43.254,178.169,-2,4,10,-61.81,0,0,0,0,0,0,0,0
2026-03-28 11:51:43.334,178.249,-5,4,10,-61.72,0,0,0,0,0,0,0,0
2026-03-28 11:51:43.430,178.345,-5,4,10,-61.76,0,0,0,0,0,0,0,0
2026-03-28 11:51:43.510,178.425,-2,4,10,-61.75,0,0,0,0,0,0,0,0
2026-03-28 11:51:43.574,178.489,-2,4,10,-61.69,0,0,0,0,0,0,0,0
2026-03-28 11:51:43.654,178.569,-5,4,10,-61.72,0,0,0,0,0,0,0,0
2026-03-28 11:51:43.735,178.649,-2,4,10,-61.71,0,0,0,0,0,0,0,0
2026-03-28 11:51:43.910,178.825,-2,4,10,-61.73,0,0,0,0,0,0,0,0
2026-03-28 11:51:44.038,178.953,-2,4,10,-61.53,0,0,0,0,0,0,0,1
2026-03-28 11:51:44.133,179.048,-2,4,10,-61.46,0,0,0,0,0,0,0,1
2026-03-28 11:51:44.214,179.129,-2,4,7,-61.4,0,0,0,0,0,0,0,1
2026-03-28 11:51:44.310,179.225,-2,4,10,-61.39,0,0,0,0,0,0,0,1
2026-03-28 11:51:44.407,179.321,-2,4,7,-61.41,0,0,0,0,0,0,0,1
2026-03-28 11:51:44.438,179.353,-2,4,10,-61.56,0,0,0,0,0,0,0,1
2026-03-28 11:51:44.566,179.481,-2,4,10,-61.35,0,0,0,0,0,0,0,1
2026-03-28 11:51:44.582,179.497,-2,4,10,-61.23,0,0,0,0,0,0,0,1
2026-03-28 11:51:44.663,179.577,-2,4,7,-61.33,0,0,0,0,0,0,0,1
2026-03-28 11:51:44.742,179.657,-2,4,10,-61.33,0,0,0,0,0,0,0,1
2026-03-28 11:51:44.822,179.737,-2,4,10,-61.17,0,0,0,0,0,0,0,1
2026-03-28 11:51:44.918,179.832,-2,4,10,-61.17,0,0,0,0,0,0,0,1
2026-03-28 11:51:44.982,179.897,-2,4,10,-61.5,0,0,0,0,0,0,0,1
2026-03-28 11:51:45.110,180.025,-2,4,10,-61.35,0,0,0,0,0,0,0,1
2026-03-28 11:51:45.206,180.120,-4,4,10,-61.28,0,0,0,0,0,0,0,1
2026-03-28 11:51:45.287,180.201,-2,4,10,-61.25,0,0,0,0,0,0,0,1
2026-03-28 11:51:45.334,180.249,-4,4,10,-61.29,0,0,0,0,0,0,0,1
2026-03-28 11:51:45.447,180.361,-5,4,10,-61.13,0,0,0,0,0,0,0,1
2026-03-28 11:51:45.494,180.409,-2,4,10,-61.35,0,0,0,0,0,0,0,1
2026-03-28 11:51:45.574,180.489,-2,4,10,-61.13,0,0,0,0,0,0,0,1
2026-03-28 11:51:45.638,180.553,-2,4,10,-61.24,0,0,0,0,0,0,0,1
2026-03-28 11:51:45.782,180.697,-2,4,10,-61.42,0,0,0,0,0,0,0,1
2026-03-28 11:51:45.830,180.745,-5,4,10,-61.07,0,0,0,0,0,0,0,1
2026-03-28 11:51:45.894,180.809,-2,4,10,-61.44,0,0,0,0,0,0,0,1
2026-03-28 11:51:45.974,180.889,-2,4,10,-61.16,0,0,0,0,0,0,0,1
2026-03-28 11:51:46.071,180.985,-2,4,10,-61.16,0,0,0,0,0,0,0,1
2026-03-28 11:51:46.182,181.096,-2,4,10,-61.14,0,0,0,0,0,0,0,1
2026-03-28 11:51:46.327,181.241,-2,4,10,-61.32,0,0,0,0,0,0,0,1
2026-03-28 11:51:46.439,181.353,-4,4,10,-61.0,0,0,0,0,0,0,0,1
2026-03-28 11:51:46.470,181.384,-4,4,10,-61.18,0,0,0,0,0,0,0,1
2026-03-28 11:51:46.550,181.465,-2,4,10,-61.12,0,0,0,0,0,0,0,1
2026-03-28 11:51:46.631,181.545,-4,4,10,-61.19,0,0,0,0,0,0,0,1
2026-03-28 11:51:46.742,181.657,-2,4,10,-61.15,0,0,0,0,0,0,0,1
2026-03-28 11:51:46.838,181.753,-2,4,10,-61.08,0,0,0,0,0,0,0,1
2026-03-28 11:51:46.918,181.832,-2,4,10,-61.56,0,0,0,0,0,0,0,1
2026-03-28 11:51:46.983,181.897,-2,4,10,-61.03,0,0,0,0,0,0,0,1
2026-03-28 11:51:47.094,182.008,-5,4,10,-61.07,0,0,0,0,0,0,0,1
2026-03-28 11:51:47.191,182.105,-5,4,10,-61.04,0,0,0,0,0,0,0,1
2026-03-28 11:51:47.238,182.152,-2,4,10,-61.25,0,0,0,0,0,0,0,1
2026-03-28 11:51:47.317,182.232,-2,4,10,-61.07,0,0,0,0,0,0,0,1
2026-03-28 11:51:47.414,182.328,-2,4,10,-61.17,0,0,0,0,0,0,0,1
2026-03-28 11:51:47.494,182.408,-5,4,10,-61.06,0,0,0,0,0,0,0,1
2026-03-28 11:51:47.527,182.441,-2,4,10,-60.98,0,0,0,0,0,0,0,1
2026-03-28 11:51:47.638,182.553,-5,4,10,-61.19,0,0,0,0,0,0,0,1
2026-03-28 11:51:47.702,182.616,-2,4,10,-60.97,0,0,0,0,0,0,0,1
2026-03-28 11:51:47.815,182.729,-2,4,10,-60.94,0,0,0,0,0,0,0,1
2026-03-28 11:51:47.910,182.825,-2,4,7,-61.25,0,0,0,0,0,0,0,1
2026-03-28 11:51:48.006,182.921,-2,4,10,-60.98,0,0,0,0,0,0,0,1
2026-03-28 11:51:48.070,182.985,-2,4,10,-61.2,0,0,0,0,0,0,0,1
2026-03-28 11:51:48.135,183.049,-2,4,10,-60.87,0,0,0,0,0,0,0,1
2026-03-28 11:51:48.150,183.065,-2,4,10,-61.2,0,0,0,0,0,0,0,1
2026-03-28 11:51:48.246,183.160,-2,4,10,-61.11,0,0,0,0,0,0,0,1
2026-03-28 11:51:48.374,183.288,-2,4,10,-60.92,0,0,0,0,0,0,0,1
2026-03-28 11:51:48.390,183.304,-2,4,10,-60.95,0,0,0,0,0,0,0,1
2026-03-28 11:51:48.502,183.416,-2,4,10,-61.0,0,0,0,0,0,0,0,1
2026-03-28 11:51:48.582,183.496,-2,4,10,-61.15,0,0,0,0,0,0,0,1
2026-03-28 11:51:48.646,183.561,-2,4,10,-61.02,0,0,0,0,0,0,0,1
2026-03-28 11:51:48.758,183.673,-2,4,10,-61.27,0,0,0,0,0,0,0,1
2026-03-28 11:51:48.854,183.768,-2,4,10,-60.9,0,0,0,0,0,0,0,1
2026-03-28 11:51:48.902,183.816,-2,4,10,-61.02,0,0,0,0,0,0,0,1
2026-03-28 11:51:49.126,184.041,-2,4,10,-61.24,0,0,0,0,0,0,0,1
2026-03-28 11:51:49.142,184.056,-2,4,10,-60.89,0,0,0,0,0,0,0,1
2026-03-28 11:51:49.238,184.152,-2,4,10,-61.06,0,0,0,0,0,0,0,1
2026-03-28 11:51:49.382,184.297,-2,4,10,-61.04,0,0,0,0,0,0,0,1
2026-03-28 11:51:49.414,184.329,-2,4,10,-61.09,0,0,0,0,0,0,0,1
2026-03-28 11:51:49.494,184.409,-2,4,10,-61.13,0,0,0,0,0,0,0,1
2026-03-28 11:51:49.527,184.441,-2,4,10,-60.99,0,0,0,0,0,0,0,1
2026-03-28 11:51:49.686,184.601,-2,4,10,-61.16,0,0,0,0,0,0,0,1
2026-03-28 11:51:49.718,184.632,-2,4,7,-61.02,0,0,0,0,0,0,0,1
2026-03-28 11:51:49.766,184.680,-2,4,10,-61.13,0,0,0,0,0,0,0,1
2026-03-28 11:51:49.878,184.793,-2,4,10,-61.23,0,0,0,0,0,0,0,1
2026-03-28 11:51:49.925,184.840,-2,4,10,-60.95,0,0,0,0,0,0,0,1
2026-03-28 11:51:50.070,184.984,-2,4,10,-60.96,0,0,0,0,0,0,0,1
2026-03-28 11:51:50.182,185.097,-2,4,10,-61.22,0,0,0,0,0,0,0,1
2026-03-28 11:51:50.230,185.144,-2,4,10,-61.09,0,0,0,0,0,0,0,1
2026-03-28 11:51:50.326,185.241,-2,4,10,-61.08,0,0,0,0,0,0,0,1
2026-03-28 11:51:50.454,185.368,-2,4,10,-61.15,0,0,0,0,0,0,0,1
2026-03-28 11:51:50.550,185.465,-2,4,10,-60.94,0,0,0,0,0,0,0,1
2026-03-28 11:51:50.662,185.576,-2,4,10,-61.23,0,0,0,0,0,0,0,1
2026-03-28 11:51:50.742,185.656,-2,4,10,-61.25,0,0,0,0,0,0,0,1
2026-03-28 11:51:50.854,185.769,-2,4,10,-61.02,0,0,0,0,0,0,0,1
2026-03-28 11:51:50.934,185.848,-2,4,10,-61.35,0,0,0,0,0,0,0,0
2026-03-28 11:51:51.062,185.976,-2,4,10,-61.35,0,0,0,0,0,0,0,0
2026-03-28 11:51:51.110,186.024,-2,4,10,-61.07,0,0,0,0,0,0,0,0
2026-03-28 11:51:51.206,186.120,-2,4,10,-61.09,0,0,0,0,0,0,0,0
2026-03-28 11:51:51.301,186.216,-2,4,10,-61.09,0,0,0,0,0,0,0,0
2026-03-28 11:51:51.318,186.232,-2,4,10,-61.44,0,0,0,0,0,0,0,0
2026-03-28 11:51:51.414,186.328,-2,4,10,-61.23,0,0,0,0,0,0,0,0
2026-03-28 11:51:51.511,186.425,-2,4,10,-61.05,0,0,0,0,0,0,0,0
2026-03-28 11:51:51.653,186.568,-2,4,10,-61.33,0,0,0,0,0,0,0,0
2026-03-28 11:51:51.670,186.584,-2,4,10,-61.11,0,0,0,0,0,0,0,0
2026-03-28 11:51:51.750,186.665,-2,4,10,-61.21,0,0,0,0,0,0,0,0
2026-03-28 11:51:51.830,186.745,-2,4,10,-61.11,0,0,0,0,0,0,0,0
2026-03-28 11:51:51.911,186.825,-2,4,10,-61.33,0,0,0,0,0,0,0,0
2026-03-28 11:51:52.038,186.953,-2,4,10,-61.29,0,0,0,0,0,0,0,0
2026-03-28 11:51:52.118,187.033,-2,4,10,-61.06,0,0,0,0,0,0,0,0
2026-03-28 11:51:52.198,187.113,-2,4,10,-61.11,0,0,0,0,0,0,0,0
2026-03-28 11:51:52.278,187.192,-2,4,10,-61.1,0,0,0,0,0,0,0,0
2026-03-28 11:51:52.358,187.273,-2,4,10,-61.15,0,0,0,0,0,0,0,0
2026-03-28 11:51:52.406,187.320,-4,4,10,-61.12,0,0,0,0,0,0,0,0
2026-03-28 11:51:52.502,187.416,-2,4,10,-61.29,0,0,0,0,0,0,0,0
2026-03-28 11:51:52.565,187.480,-2,4,10,-61.16,0,0,0,0,0,0,0,0
2026-03-28 11:51:52.614,187.529,-2,4,10,-61.19,0,0,0,0,0,0,0,0
2026-03-28 11:51:52.710,187.625,-2,4,10,-61.15,0,0,0,0,0,0,0,0
2026-03-28 11:51:52.790,187.705,-2,4,10,-61.06,0,0,0,0,0,0,0,0
2026-03-28 11:51:52.870,187.784,-2,4,10,-61.12,0,0,0,0,0,0,0,0
2026-03-28 11:51:52.950,187.865,-4,4,10,-61.09,0,0,0,0,0,0,0,0
2026-03-28 11:51:53.078,187.993,-4,4,10,-61.01,0,0,0,0,0,0,0,0
2026-03-28 11:51:53.094,188.008,-2,4,10,-60.9,0,0,0,0,0,0,0,0
2026-03-28 11:51:53.190,188.105,-2,4,10,-60.82,0,0,0,0,0,0,0,0
2026-03-28 11:51:53.222,188.136,-2,4,10,-61.11,0,0,0,0,0,0,0,0
2026-03-28 11:51:53.318,188.232,-2,4,10,-61.07,0,0,0,0,0,0,0,0
2026-03-28 11:51:53.366,188.280,-2,4,10,-60.97,0,0,0,0,0,0,0,0
2026-03-28 11:51:53.446,188.360,-2,4,10,-60.87,0,0,0,0,0,0,0,0
2026-03-28 11:51:53.494,188.409,-2,4,10,-60.91,0,0,0,0,0,0,0,0
2026-03-28 11:51:53.670,188.584,-2,4,10,-61.02,0,0,0,0,0,0,0,0
2026-03-28 11:51:53.750,188.664,-2,4,10,-60.89,0,0,0,0,0,0,0,0
2026-03-28 11:51:53.862,188.776,-2,4,10,-60.84,0,0,0,0,0,0,0,0
2026-03-28 11:51:53.910,188.825,-2,4,10,-61.02,0,0,0,0,0,0,0,0
2026-03-28 11:51:53.990,188.905,-2,4,10,-60.68,0,0,0,0,0,0,0,0
2026-03-28 11:51:54.070,188.984,-2,4,10,-60.91,0,0,0,0,0,0,0,0
2026-03-28 11:51:54.181,189.096,-2,4,10,-60.72,0,0,0,0,0,0,0,0
2026-03-28 11:51:54.246,189.160,-2,4,10,-60.71,0,0,0,0,0,0,0,0
2026-03-28 11:51:54.311,189.225,-2,4,10,-60.78,0,0,0,0,0,0,0,0
2026-03-28 11:51:54.438,189.353,-2,4,10,-60.6,0,0,0,0,0,0,0,0
2026-03-28 11:51:54.470,189.385,-2,4,10,-60.7,0,0,0,0,0,0,0,0
2026-03-28 11:51:54.550,189.465,-5,4,10,-60.71,0,0,0,0,0,0,0,0
2026-03-28 11:51:54.677,189.592,-4,4,10,-60.82,0,0,0,0,0,0,0,0
2026-03-28 11:51:54.742,189.656,-2,4,10,-60.96,0,0,0,0,0,0,0,0
2026-03-28 11:51:54.838,189.752,-2,4,10,-60.97,0,0,0,0,0,0,0,0
2026-03-28 11:51:54.886,189.801,-2,4,10,-60.94,0,0,0,0,0,0,0,0
2026-03-28 11:51:54.966,189.880,-2,4,10,-60.6,0,0,0,0,0,0,0,0
2026-03-28 11:51:55.046,189.960,-2,4,10,-60.63,0,0,0,0,0,0,0,0
2026-03-28 11:51:55.158,190.072,-2,4,10,-60.59,0,0,0,0,0,0,0,0
2026-03-28 11:51:55.238,190.153,-2,4,10,-60.75,0,0,0,0,0,0,0,0
2026-03-28 11:51:55.302,190.216,-2,4,10,-60.56,0,0,0,0,0,0,0,0
2026-03-28 11:51:55.398,190.313,-2,4,10,-60.76,0,0,0,0,0,0,0,0
2026-03-28 11:51:55.462,190.376,-2,4,10,-60.81,0,0,0,0,0,0,0,0
2026-03-28 11:51:55.558,190.472,-5,4,10,-60.73,0,0,0,0,0,0,0,0
2026-03-28 11:51:55.653,190.568,-5,4,10,-60.74,0,0,0,0,0,0,0,0
2026-03-28 11:51:55.734,190.648,-2,4,10,-60.98,0,0,0,0,0,0,0,0
2026-03-28 11:51:55.813,190.728,-5,4,10,-61.12,0,0,0,0,0,0,0,0
2026-03-28 11:51:55.910,190.825,-2,4,10,-60.81,0,0,0,0,0,0,0,0
2026-03-28 11:51:55.958,190.873,-2,4,10,-60.79,0,0,0,0,0,0,0,0
2026-03-28 11:51:56.037,190.952,-2,4,10,-60.67,0,0,0,0,0,0,0,0
2026-03-28 11:51:56.150,191.064,-4,4,10,-60.89,0,0,0,0,0,0,0,0
2026-03-28 11:51:56.213,191.128,-2,4,10,-60.73,0,0,0,0,0,0,0,0
2026-03-28 11:51:56.342,191.256,-2,4,10,-60.61,0,0,0,0,0,0,0,0
2026-03-28 11:51:56.406,191.321,-2,4,10,-60.63,0,0,0,0,0,0,0,0
2026-03-28 11:51:56.502,191.416,-2,4,10,-60.74,0,0,0,0,0,0,0,0
2026-03-28 11:51:56.566,191.481,-5,4,10,-60.81,0,0,0,0,0,0,0,0
2026-03-28 11:51:56.677,191.592,-4,4,10,-60.69,0,0,0,0,0,0,0,0
2026-03-28 11:51:56.742,191.656,-5,4,10,-60.5,0,0,0,0,0,0,0,0
2026-03-28 11:51:56.854,191.768,-5,4,10,-60.78,0,0,0,0,0,0,0,0
2026-03-28 11:51:56.886,191.801,-2,4,10,-60.82,0,0,0,0,0,0,0,0
2026-03-28 11:51:56.998,191.912,-5,4,10,-60.57,0,0,0,0,0,0,0,0
2026-03-28 11:51:57.061,191.976,-2,4,10,-60.68,0,0,0,0,0,0,0,0
2026-03-28 11:51:57.141,192.055,-2,4,10,-60.46,0,0,0,0,0,0,0,0
2026-03-28 11:51:57.222,192.136,-2,4,10,-60.54,0,0,0,0,0,0,0,0
2026-03-28 11:51:57.286,192.200,-2,4,10,-60.66,0,0,0,0,0,0,0,0
2026-03-28 11:51:57.397,192.311,-2,4,10,-60.42,0,0,0,0,0,0,0,0
2026-03-28 11:51:57.429,192.344,-2,4,10,-60.43,0,0,0,0,0,0,0,0
2026-03-28 11:51:57.558,192.473,-2,4,10,-60.42,0,0,0,0,0,0,0,0
2026-03-28 11:51:57.621,192.536,-5,4,10,-60.46,0,0,0,0,0,0,0,0
2026-03-28 11:51:57.701,192.616,-4,4,10,-60.4,0,0,0,0,0,0,0,0
2026-03-28 11:51:57.813,192.728,-2,4,10,-60.6,0,0,0,0,0,0,0,0
2026-03-28 11:51:57.910,192.824,-2,4,10,-60.49,0,0,0,0,0,0,0,0
2026-03-28 11:51:57.973,192.888,-2,4,10,-60.29,0,0,0,0,0,0,0,0
2026-03-28 11:51:58.101,193.016,-2,4,10,-60.48,0,0,0,0,0,0,0,0
2026-03-28 11:51:58.149,193.063,-2,4,10,-60.22,0,0,0,0,0,0,0,0
2026-03-28 11:51:58.197,193.112,-4,4,10,-60.35,0,0,0,0,0,0,0,0
2026-03-28 11:51:58.309,193.224,-4,4,10,-60.26,0,0,0,0,0,0,0,0
2026-03-28 11:51:58.406,193.320,-4,4,8,-60.43,0,0,0,0,0,0,0,0
2026-03-28 11:51:58.422,193.336,-2,4,10,-60.13,0,0,0,0,0,0,0,0
2026-03-28 11:51:58.501,193.416,-5,4,10,-60.16,0,0,0,0,0,0,0,0
2026-03-28 11:51:58.598,193.512,-4,4,10,-60.18,0,0,0,0,0,0,0,0
2026-03-28 11:51:58.741,193.656,-4,4,10,-60.09,0,0,0,0,0,0,0,0
2026-03-28 11:51:58.774,193.688,-2,4,10,-59.98,0,0,0,0,0,0,0,0
2026-03-28 11:51:58.885,193.800,-2,4,10,-60.02,0,0,0,0,0,0,0,0
2026-03-28 11:51:58.949,193.863,-2,4,10,-60.11,0,0,0,0,0,0,0,0
2026-03-28 11:51:59.061,193.976,-2,4,10,-59.91,0,0,0,0,0,0,0,0
2026-03-28 11:51:59.109,194.024,-2,4,10,-59.89,0,0,0,0,0,0,0,0
2026-03-28 11:51:59.190,194.105,-2,4,10,-59.86,0,0,0,0,0,0,0,0
2026-03-28 11:51:59.270,194.185,-2,4,10,-59.81,0,0,0,0,0,0,0,0
2026-03-28 11:51:59.334,194.248,-2,4,10,-59.84,0,0,0,0,0,0,0,0
2026-03-28 11:51:59.413,194.327,-2,4,10,-59.81,0,0,0,0,0,0,0,0
2026-03-28 11:51:59.510,194.424,-2,4,10,-59.77,0,0,0,0,0,0,0,0
2026-03-28 11:51:59.606,194.520,-2,4,10,-59.77,0,0,0,0,0,0,0,0
2026-03-28 11:51:59.702,194.616,-2,4,10,-59.73,0,0,0,0,0,0,0,0
2026-03-28 11:51:59.798,194.712,-2,4,10,-59.64,0,0,0,0,0,0,0,0
2026-03-28 11:51:59.845,194.759,-2,4,10,-59.89,0,0,0,0,0,0,0,0
2026-03-28 11:51:59.926,194.840,-2,4,10,-59.85,0,0,0,0,0,0,0,0
2026-03-28 11:52:00.005,194.920,-2,4,10,-59.63,0,0,0,0,0,0,0,0
2026-03-28 11:52:00.101,195.016,-2,4,10,-59.78,0,0,0,0,0,0,0,0
2026-03-28 11:52:00.181,195.095,-2,4,10,-59.6,0,0,0,0,0,0,0,0
2026-03-28 11:52:00.261,195.176,-2,4,10,-59.62,0,0,0,0,0,0,0,0
2026-03-28 11:52:00.325,195.240,-2,4,10,-59.59,0,0,0,0,0,0,0,0
2026-03-28 11:52:00.438,195.352,-5,4,10,-59.66,0,0,0,0,0,0,0,0
2026-03-28 11:52:00.501,195.416,-2,4,10,-59.44,0,0,0,0,0,0,0,0
2026-03-28 11:52:00.597,195.512,-2,4,10,-59.5,0,0,0,0,0,0,0,0
2026-03-28 11:52:00.677,195.592,-2,4,10,-59.49,0,0,0,0,0,0,0,0
2026-03-28 11:52:00.742,195.656,-2,4,10,-59.44,0,0,0,0,0,0,0,0
2026-03-28 11:52:00.837,195.751,-2,4,10,-59.58,0,0,0,0,0,0,0,0
2026-03-28 11:52:00.917,195.832,-2,4,10,-59.46,0,0,0,0,0,0,0,0
2026-03-28 11:52:00.982,195.896,-2,4,10,-59.51,0,0,0,0,0,0,0,0
2026-03-28 11:52:01.061,195.976,-2,4,10,-59.44,0,0,0,0,0,0,0,0
2026-03-28 11:52:01.158,196.072,-2,4,10,-59.34,0,0,0,0,0,0,0,0
2026-03-28 11:52:01.270,196.184,-2,4,10,-59.54,0,0,0,0,0,0,0,0
2026-03-28 11:52:01.318,196.232,-2,4,10,-59.44,0,0,0,0,0,0,0,0
2026-03-28 11:52:01.429,196.343,-2,4,10,-59.39,0,0,0,0,0,0,0,0
2026-03-28 11:52:01.494,196.409,-4,4,10,-59.28,0,0,0,0,0,0,0,0
2026-03-28 11:52:01.621,196.536,-4,4,10,-59.31,0,0,0,0,0,0,0,0
2026-03-28 11:52:01.733,196.648,-2,4,10,-59.26,0,0,0,0,0,0,0,0
2026-03-28 11:52:01.798,196.712,-2,4,10,-59.29,0,0,0,0,0,0,0,0
2026-03-28 11:52:01.861,196.776,-4,4,10,-59.23,0,0,0,0,0,0,0,0
2026-03-28 11:52:01.894,196.808,-5,4,10,-59.46,0,0,0,0,0,0,0,0
2026-03-28 11:52:01.989,196.904,-2,4,10,-59.2,0,0,0,0,0,0,0,0
2026-03-28 11:52:02.070,196.984,-2,4,10,-59.12,0,0,0,0,0,0,0,0
2026-03-28 11:52:02.133,197.048,-5,4,10,-59.33,0,0,0,0,0,0,0,0
2026-03-28 11:52:02.245,197.160,-2,4,10,-59.04,0,0,0,0,0,0,0,0
2026-03-28 11:52:02.294,197.208,-2,4,10,-59.21,0,0,0,0,0,0,0,0
2026-03-28 11:52:02.406,197.320,-5,4,10,-59.1,0,0,0,0,0,0,0,0
2026-03-28 11:52:02.486,197.400,-2,4,10,-58.99,0,0,0,0,0,0,0,0
2026-03-28 11:52:02.565,197.480,-2,4,10,-59.06,0,0,0,0,0,0,0,0
2026-03-28 11:52:02.661,197.575,-2,4,10,-59.09,0,0,0,0,0,0,0,0
2026-03-28 11:52:02.758,197.672,-2,4,10,-58.96,0,0,0,0,0,0,0,0
2026-03-28 11:52:02.822,197.736,-2,4,10,-58.94,0,0,0,0,0,0,0,0
2026-03-28 11:52:02.933,197.848,-2,4,10,-59.02,0,0,0,0,0,0,0,0
2026-03-28 11:52:03.013,197.928,-2,4,10,-59.08,0,0,0,0,0,0,0,0
2026-03-28 11:52:03.061,197.976,-2,4,10,-59.06,0,0,0,0,0,0,0,0
2026-03-28 11:52:03.188,198.103,-2,4,10,-58.82,0,0,0,0,0,0,0,0
2026-03-28 11:52:03.270,198.184,-2,4,10,-58.81,0,0,0,0,0,0,0,0
2026-03-28 11:52:03.365,198.280,-2,4,10,-58.79,0,0,0,0,0,0,0,0
2026-03-28 11:52:03.397,198.312,-2,4,10,-58.85,0,0,0,0,0,0,0,0
2026-03-28 11:52:03.509,198.423,-2,4,10,-58.71,0,0,0,0,0,0,0,0
2026-03-28 11:52:03.557,198.472,-2,4,10,-58.68,0,0,0,0,0,0,0,0
2026-03-28 11:52:03.637,198.552,-2,4,10,-58.78,0,0,0,0,0,0,0,0
2026-03-28 11:52:03.717,198.632,-2,4,10,-58.8,0,0,0,0,0,0,0,0
2026-03-28 11:52:03.845,198.759,-4,4,10,-58.57,0,0,0,0,0,0,0,0
2026-03-28 11:52:03.925,198.839,-5,4,10,-58.55,0,0,0,0,0,0,0,0
2026-03-28 11:52:04.005,198.920,-2,4,10,-58.82,0,0,0,0,0,0,0,0
2026-03-28 11:52:04.053,198.968,-2,4,10,-58.82,0,0,0,0,0,0,0,0
2026-03-28 11:52:04.133,199.048,-4,4,10,-58.5,0,0,0,0,0,0,0,0
2026-03-28 11:52:04.229,199.143,-5,4,10,-58.49,0,0,0,0,0,0,0,0
2026-03-28 11:52:04.325,199.239,-2,4,10,-58.35,0,0,0,0,0,0,0,0
2026-03-28 11:52:04.405,199.320,-2,4,10,-58.39,0,0,0,0,0,0,0,0
2026-03-28 11:52:04.485,199.399,-2,4,10,-58.32,0,0,0,0,0,0,0,0
2026-03-28 11:52:04.644,199.559,-4,4,10,-58.42,0,0,0,0,0,0,0,0
2026-03-28 11:52:04.661,199.576,-5,4,10,-58.33,0,0,0,0,0,0,0,0
2026-03-28 11:52:04.790,199.704,-2,4,10,-58.25,0,0,0,0,0,0,0,0
2026-03-28 11:52:04.869,199.784,-2,4,10,-58.2,0,0,0,0,0,0,0,0
2026-03-28 11:52:04.949,199.863,-4,4,10,-58.25,0,0,0,0,0,0,0,0
2026-03-28 11:52:05.013,199.927,-2,4,10,-58.21,0,0,0,0,0,0,0,0
2026-03-28 11:52:05.077,199.992,-2,4,10,-58.39,0,0,0,0,0,0,0,0
2026-03-28 11:52:05.173,200.088,-2,4,10,-58.37,0,0,0,0,0,0,0,0
2026-03-28 11:52:05.269,200.184,-2,4,10,-58.23,0,0,0,0,0,0,0,0
2026-03-28 11:52:05.349,200.264,-2,4,10,-58.44,0,0,0,0,0,0,0,0
2026-03-28 11:52:05.445,200.359,-2,4,10,-58.22,0,0,0,0,0,0,0,0
2026-03-28 11:52:05.541,200.455,-4,4,10,-58.26,0,0,0,0,0,0,0,0
2026-03-28 11:52:05.606,200.520,-2,4,10,-58.2,0,0,0,0,0,0,0,0
2026-03-28 11:52:05.701,200.615,-2,4,10,-58.28,0,0,0,0,0,0,0,0
2026-03-28 11:52:05.812,200.727,-2,4,10,-58.11,0,0,0,0,0,0,0,0
2026-03-28 11:52:05.861,200.775,-5,4,10,-58.17,0,0,0,0,0,0,0,0
2026-03-28 11:52:05.942,200.856,-5,4,10,-58.16,0,0,0,0,0,0,0,0
2026-03-28 11:52:06.005,200.919,-5,4,10,-58.15,0,0,0,0,0,0,0,0
2026-03-28 11:52:06.070,200.984,-2,4,10,-58.28,0,0,0,0,0,0,0,0
2026-03-28 11:52:06.166,201.080,-4,4,10,-58.17,0,0,0,0,0,0,0,0
2026-03-28 11:52:06.245,201.159,-4,4,10,-57.99,0,0,0,0,0,0,0,0
2026-03-28 11:52:06.326,201.240,-2,4,10,-58.13,0,0,0,0,0,0,0,0
2026-03-28 11:52:06.406,201.320,-2,4,10,-57.98,0,0,0,0,0,0,0,0
2026-03-28 11:52:06.500,201.415,-2,4,10,-58.1,0,0,0,0,0,0,0,0
2026-03-28 11:52:06.549,201.463,-2,4,9,-57.99,0,0,0,0,0,0,0,0
2026-03-28 11:52:06.629,201.543,-2,4,10,-58.2,0,0,0,0,0,0,0,0
2026-03-28 11:52:06.678,201.592,-2,4,10,-57.99,0,0,0,0,0,0,0,0
2026-03-28 11:52:06.805,201.719,-2,4,10,-58.13,0,0,0,0,0,0,0,0
2026-03-28 11:52:06.932,201.847,-2,4,10,-58.06,0,0,0,0,0,0,0,0
2026-03-28 11:52:06.950,201.864,-2,4,10,-58.08,0,0,0,0,0,0,0,0
2026-03-28 11:52:07.013,201.927,-2,4,10,-58.28,0,0,0,0,0,0,0,0
2026-03-28 11:52:07.109,202.024,-2,4,10,-58.13,0,0,0,0,0,0,0,0
2026-03-28 11:52:07.189,202.104,-2,4,10,-58.13,0,0,0,0,0,0,0,0
2026-03-28 11:52:07.284,202.199,-5,4,10,-58.21,0,0,0,0,0,0,0,0
2026-03-28 11:52:07.445,202.360,-2,4,10,-58.13,0,0,0,0,0,0,0,0
2026-03-28 11:52:07.509,202.424,-2,4,10,-58.15,0,0,0,0,0,0,0,0
2026-03-28 11:52:07.573,202.487,-2,4,10,-58.28,0,0,0,0,0,0,0,0
2026-03-28 11:52:07.653,202.567,-4,4,10,-58.24,0,0,0,0,0,0,0,0
2026-03-28 11:52:07.733,202.647,-2,4,10,-58.31,0,0,0,0,0,0,0,0
2026-03-28 11:52:07.829,202.744,-2,4,10,-58.29,0,0,0,0,0,0,0,0
2026-03-28 11:52:07.893,202.807,-2,5,10,-58.33,0,0,0,0,0,0,0,0
2026-03-28 11:52:07.973,202.887,-2,4,10,-58.21,0,0,0,0,0,0,0,0
2026-03-28 11:52:08.053,202.967,-2,4,10,-58.27,0,0,0,0,0,0,0,0
2026-03-28 11:52:08.133,203.048,-2,4,10,-58.29,0,0,0,0,0,0,0,0
2026-03-28 11:52:08.229,203.143,-2,4,10,-58.21,0,0,0,0,0,0,0,0
2026-03-28 11:52:08.357,203.271,-2,4,10,-58.41,0,0,0,0,0,0,0,0
2026-03-28 11:52:08.405,203.319,-2,4,10,-58.11,0,0,0,0,0,0,0,0
2026-03-28 11:52:08.485,203.399,-2,4,10,-58.24,0,0,0,0,0,0,0,0
2026-03-28 11:52:08.549,203.463,-2,4,10,-58.04,0,0,0,0,0,0,0,0
2026-03-28 11:52:08.661,203.575,-2,4,10,-58.24,0,0,0,0,0,0,0,0
2026-03-28 11:52:08.805,203.719,-2,4,10,-58.01,0,0,0,0,0,0,0,0
2026-03-28 11:52:08.853,203.768,-2,4,10,-58.06,0,0,0,0,0,0,0,0
2026-03-28 11:52:08.933,203.847,-2,4,10,-58.21,0,0,0,0,0,0,0,0
2026-03-28 11:52:09.045,203.959,-2,4,10,-58.19,0,0,0,0,0,0,0,0
2026-03-28 11:52:09.093,204.008,-2,4,10,-58.15,0,0,0,0,0,0,0,0
2026-03-28 11:52:09.141,204.055,-2,4,10,-58.24,0,0,0,0,0,0,0,0
2026-03-28 11:52:09.220,204.135,-2,4,10,-58.52,0,0,0,0,0,0,0,0
2026-03-28 11:52:09.285,204.200,-2,4,10,-58.27,0,0,0,0,0,0,0,0
2026-03-28 11:52:09.413,204.328,-2,4,10,-58.27,0,0,0,0,0,0,0,0
2026-03-28 11:52:09.445,204.360,-2,4,10,-58.31,0,0,0,0,0,0,0,0
2026-03-28 11:52:09.557,204.472,-2,4,10,-58.22,0,0,0,0,0,0,0,0
2026-03-28 11:52:09.637,204.552,-2,4,10,-58.35,0,0,0,0,0,0,0,0
2026-03-28 11:52:09.717,204.632,-2,4,10,-58.37,0,0,0,0,0,0,0,0
2026-03-28 11:52:09.797,204.711,-2,4,10,-58.35,0,0,0,0,0,0,0,0
2026-03-28 11:52:09.877,204.791,-2,4,10,-58.41,0,0,0,0,0,0,0,0
2026-03-28 11:52:09.924,204.839,-2,4,10,-58.3,0,0,0,0,0,0,0,0
2026-03-28 11:52:10.005,204.919,-2,4,10,-58.21,0,0,0,0,0,0,0,0
2026-03-28 11:52:10.100,205.015,-2,4,10,-58.12,0,0,0,0,0,0,0,0
2026-03-28 11:52:10.212,205.126,-2,4,10,-58.36,0,0,0,0,0,0,0,0
2026-03-28 11:52:10.309,205.224,-2,4,10,-58.38,0,0,0,0,0,0,0,0
2026-03-28 11:52:10.357,205.271,-2,4,10,-58.3,0,0,0,0,0,0,0,0
2026-03-28 11:52:10.437,205.352,-2,4,10,-58.48,0,0,0,0,0,0,0,0
2026-03-28 11:52:10.533,205.448,-2,4,10,-58.5,0,0,0,0,0,0,0,0
2026-03-28 11:52:10.597,205.511,-2,4,10,-58.35,0,0,0,0,0,0,0,0
2026-03-28 11:52:10.693,205.608,-2,4,10,-58.24,0,0,0,0,0,0,0,0
2026-03-28 11:52:10.741,205.655,-2,4,10,-58.19,0,0,0,0,0,0,0,0
2026-03-28 11:52:10.821,205.735,-2,4,7,-58.33,0,0,0,0,0,0,0,0
2026-03-28 11:52:10.900,205.814,-2,4,10,-58.37,0,0,0,0,0,0,0,0
2026-03-28 11:52:10.981,205.895,-2,4,10,-58.39,0,0,0,0,0,0,0,0
2026-03-28 11:52:11.061,205.975,-2,4,10,-58.4,0,0,0,0,0,0,0,0
2026-03-28 11:52:11.157,206.072,-2,4,10,-58.65,0,0,0,0,0,0,0,0
2026-03-28 11:52:11.285,206.200,-2,4,10,-58.56,0,0,0,0,0,0,0,0
2026-03-28 11:52:11.332,206.247,-2,4,10,-58.66,0,0,0,0,0,0,0,0
2026-03-28 11:52:11.413,206.328,-2,4,10,-58.72,0,0,0,0,0,0,0,0
2026-03-28 11:52:11.509,206.424,-2,4,10,-58.56,0,0,0,0,0,0,0,0
2026-03-28 11:52:11.621,206.535,-2,4,10,-58.51,0,0,0,0,0,0,0,0
2026-03-28 11:52:11.637,206.552,-2,4,10,-58.53,0,0,0,0,0,0,0,0
2026-03-28 11:52:11.749,206.664,-2,4,10,-58.61,0,0,0,0,0,0,0,0
2026-03-28 11:52:11.846,206.760,-2,4,10,-58.63,0,0,0,0,0,0,0,0
2026-03-28 11:52:11.909,206.824,-2,4,10,-58.66,0,0,0,0,0,0,0,0
2026-03-28 11:52:11.973,206.888,-2,4,10,-58.74,0,0,0,0,0,0,0,0
2026-03-28 11:52:12.053,206.968,-2,4,10,-58.69,0,0,0,0,0,0,0,0
2026-03-28 11:52:12.181,207.095,-2,4,10,-58.61,0,0,0,0,0,0,0,0
2026-03-28 11:52:12.246,207.160,-2,4,10,-58.72,0,0,0,0,0,0,0,0
2026-03-28 11:52:12.341,207.255,-2,4,10,-58.88,0,0,0,0,0,0,0,0
2026-03-28 11:52:12.405,207.319,-2,4,10,-58.79,0,0,0,0,0,0,0,0
2026-03-28 11:52:12.485,207.399,-2,4,10,-58.73,0,0,0,0,0,0,0,0
2026-03-28 11:52:12.565,207.480,-2,4,10,-58.68,0,0,0,0,0,0,0,0
2026-03-28 11:52:12.645,207.560,-2,4,10,-58.9,0,0,0,0,0,0,0,0
2026-03-28 11:52:12.741,207.655,-2,4,10,-58.84,0,0,0,0,0,0,0,0
2026-03-28 11:52:12.805,207.719,-2,4,10,-58.92,0,0,0,0,0,0,0,0
2026-03-28 11:52:12.933,207.848,-2,4,10,-58.94,0,0,0,0,0,0,0,0
2026-03-28 11:52:12.965,207.879,-2,4,10,-58.87,0,0,0,0,0,0,0,0
2026-03-28 11:52:13.045,207.960,-2,4,10,-59.06,0,0,0,0,0,0,0,0
2026-03-28 11:52:13.188,208.103,-2,4,10,-58.98,0,0,0,0,0,0,0,0
2026-03-28 11:52:13.221,208.135,-2,4,10,-59.01,0,0,0,0,0,0,0,0
2026-03-28 11:52:13.300,208.214,-2,4,10,-59.14,0,0,0,0,0,0,0,0
2026-03-28 11:52:13.381,208.295,-2,4,10,-58.98,0,0,0,0,0,0,0,0
2026-03-28 11:52:13.525,208.439,-2,4,10,-59.07,0,0,0,0,0,0,0,0
2026-03-28 11:52:13.605,208.520,-2,4,10,-59.32,0,0,0,0,0,0,0,0
2026-03-28 11:52:13.717,208.631,-2,4,10,-59.11,0,0,0,0,0,0,0,0
2026-03-28 11:52:13.765,208.680,-2,4,10,-59.23,0,0,0,0,0,0,0,0
2026-03-28 11:52:13.829,208.743,-2,4,10,-59.1,0,0,0,0,0,0,0,0
2026-03-28 11:52:13.877,208.791,-2,4,10,-59.26,0,0,0,0,0,0,0,0
2026-03-28 11:52:14.021,208.935,-2,4,10,-59.15,0,0,0,0,0,0,0,0
2026-03-28 11:52:14.036,208.950,-2,4,10,-59.12,0,0,0,0,0,0,0,0
2026-03-28 11:52:14.181,209.095,-2,4,10,-59.07,0,0,0,0,0,0,0,0
2026-03-28 11:52:14.213,209.127,-2,4,10,-59.04,0,0,0,0,0,0,0,0
2026-03-28 11:52:14.293,209.207,-2,4,10,-59.28,0,0,0,0,0,0,0,0
2026-03-28 11:52:14.389,209.303,-2,4,10,-59.21,0,0,0,0,0,0,0,0
2026-03-28 11:52:14.453,209.368,-2,4,10,-59.13,0,0,0,0,0,0,0,0
2026-03-28 11:52:14.549,209.463,-2,4,10,-59.27,0,0,0,0,0,0,0,0
2026-03-28 11:52:14.660,209.575,-2,4,10,-59.03,0,0,0,0,0,0,0,0
2026-03-28 11:52:14.724,209.639,-2,4,10,-59.22,0,0,0,0,0,0,0,0
2026-03-28 11:52:14.772,209.687,-2,4,10,-59.06,0,0,0,0,0,0,0,0
2026-03-28 11:52:14.869,209.783,-2,4,10,-59.33,0,0,0,0,0,0,0,0
2026-03-28 11:52:14.949,209.863,-5,4,10,-59.15,0,0,0,0,0,0,0,0
2026-03-28 11:52:15.012,209.927,-5,4,10,-59.25,0,0,0,0,0,0,0,0
2026-03-28 11:52:15.124,210.039,-2,4,10,-59.2,0,0,0,0,0,0,0,0
2026-03-28 11:52:15.173,210.087,-2,4,10,-59.14,0,0,0,0,0,0,0,0
2026-03-28 11:52:15.332,210.247,-4,4,10,-59.2,0,0,0,0,0,0,0,0
2026-03-28 11:52:15.412,210.327,-2,4,10,-59.33,0,0,0,0,0,0,0,0
2026-03-28 11:52:15.445,210.359,-5,4,10,-59.45,0,0,0,0,0,0,0,0
2026-03-28 11:52:15.572,210.487,-5,4,10,-59.31,0,0,0,0,0,0,0,0
2026-03-28 11:52:15.637,210.551,-5,4,10,-59.27,0,0,0,0,0,0,0,0
2026-03-28 11:52:15.733,210.647,-2,4,10,-59.25,0,0,0,0,0,0,0,0
2026-03-28 11:52:15.844,210.759,-2,4,10,-59.25,0,0,0,0,0,0,0,0
2026-03-28 11:52:15.940,210.855,-4,4,7,-59.33,0,0,0,0,0,0,0,0
2026-03-28 11:52:16.004,210.918,-2,4,10,-59.25,0,0,0,0,0,0,0,0
2026-03-28 11:52:16.052,210.967,-2,4,10,-59.25,0,0,0,0,0,0,0,0
2026-03-28 11:52:16.181,211.095,-2,4,10,-59.36,0,0,0,0,0,0,0,0
2026-03-28 11:52:16.245,211.159,-4,4,10,-59.28,0,0,0,0,0,0,0,0
2026-03-28 11:52:16.325,211.239,-2,4,10,-59.34,0,0,0,0,0,0,0,0
2026-03-28 11:52:16.372,211.287,-2,4,10,-59.52,0,0,0,0,0,0,0,0
2026-03-28 11:52:16.485,211.399,-2,4,10,-59.58,0,0,0,0,0,0,0,0
2026-03-28 11:52:16.532,211.447,-2,4,10,-59.42,0,0,0,0,0,0,0,0
2026-03-28 11:52:16.596,211.511,-2,4,10,-59.53,0,0,0,0,0,0,0,0
2026-03-28 11:52:16.772,211.687,-2,4,10,-59.31,0,0,0,0,0,0,0,0
2026-03-28 11:52:16.852,211.767,-2,4,10,-59.41,0,0,0,0,0,0,0,0
2026-03-28 11:52:16.932,211.847,-2,4,10,-59.23,0,0,0,0,0,0,0,0
2026-03-28 11:52:17.012,211.927,-2,4,10,-59.39,0,0,0,0,0,0,0,0
2026-03-28 11:52:17.108,212.022,-2,4,10,-59.35,0,0,0,0,0,0,0,0
2026-03-28 11:52:17.205,212.119,-4,4,10,-59.29,0,0,0,0,0,0,0,0
2026-03-28 11:52:17.269,212.183,-2,4,10,-59.0,0,0,0,0,0,0,0,0
2026-03-28 11:52:17.365,212.279,-5,4,10,-59.32,0,0,0,0,0,0,0,0
2026-03-28 11:52:17.461,212.375,-2,4,10,-59.35,0,0,0,0,0,0,0,0
2026-03-28 11:52:17.525,212.439,-5,4,10,-59.37,0,0,0,0,0,0,0,0
2026-03-28 11:52:17.636,212.551,-4,4,10,-59.43,0,0,0,0,0,0,0,0
2026-03-28 11:52:17.700,212.615,-2,4,10,-59.24,0,0,0,0,0,0,0,0
2026-03-28 11:52:17.812,212.727,-2,4,10,-59.28,0,0,0,0,0,0,0,0
2026-03-28 11:52:17.877,212.791,-4,4,10,-59.22,0,0,0,0,0,0,0,0
2026-03-28 11:52:17.972,212.887,-4,4,10,-59.41,0,0,0,0,0,0,0,0
2026-03-28 11:52:18.069,212.983,-2,4,10,-59.3,0,0,0,0,0,0,0,0
2026-03-28 11:52:18.165,213.079,-2,4,10,-59.61,0,0,0,0,0,0,0,0
2026-03-28 11:52:18.260,213.174,-2,4,10,-59.43,0,0,0,0,0,0,0,0
2026-03-28 11:52:18.309,213.223,-2,4,10,-59.79,0,0,0,0,0,0,0,0
2026-03-28 11:52:18.452,213.367,-2,4,10,-59.71,0,0,0,0,0,0,0,0
2026-03-28 11:52:18.500,213.415,-2,4,10,-59.84,0,0,0,0,0,0,0,0
2026-03-28 11:52:18.565,213.479,-4,4,10,-59.88,0,0,0,0,0,0,0,0
2026-03-28 11:52:18.659,213.574,-2,4,10,-59.92,0,0,0,0,0,0,0,0
2026-03-28 11:52:18.756,213.671,-2,4,10,-59.67,0,0,0,0,0,0,0,0
2026-03-28 11:52:18.837,213.751,-2,4,10,-59.55,0,0,0,0,0,0,0,0
2026-03-28 11:52:18.884,213.799,-5,4,10,-59.61,0,0,0,0,0,0,0,0
2026-03-28 11:52:18.965,213.879,-2,4,10,-59.12,0,0,0,0,0,0,0,0
2026-03-28 11:52:19.029,213.944,-5,4,10,-59.49,0,0,0,0,0,0,0,0
2026-03-28 11:52:19.092,214.007,-5,4,10,-59.62,0,0,0,0,0,0,0,0
2026-03-28 11:52:19.188,214.102,-4,4,10,-59.36,0,0,0,0,0,0,0,0
2026-03-28 11:52:19.237,214.151,-2,4,10,-59.22,0,0,0,0,0,0,0,0
2026-03-28 11:52:19.365,214.279,-4,4,10,-59.2,0,0,0,0,0,0,0,0
2026-03-28 11:52:19.429,214.343,-5,4,10,-59.33,0,0,0,0,0,0,0,0
2026-03-28 11:52:19.493,214.407,-4,4,10,-59.24,0,0,0,0,0,0,0,0
2026-03-28 11:52:19.573,214.487,-5,4,10,-59.27,0,0,0,0,0,0,0,0
2026-03-28 11:52:19.685,214.599,-4,4,10,-59.23,0,0,0,0,0,0,0,0
2026-03-28 11:52:19.749,214.663,-5,4,10,-59.24,0,0,0,0,0,0,0,0
2026-03-28 11:52:19.845,214.759,-5,4,10,-59.17,0,0,0,0,0,0,0,0
2026-03-28 11:52:19.989,214.903,-2,4,10,-58.97,0,0,0,0,0,0,0,0
2026-03-28 11:52:20.004,214.918,-5,4,10,-59.04,0,0,0,0,0,0,0,0
2026-03-28 11:52:20.101,215.015,-5,4,10,-59.13,0,0,0,0,0,0,0,0
2026-03-28 11:52:20.196,215.111,-5,4,10,-59.22,0,0,0,0,0,0,0,0
2026-03-28 11:52:20.276,215.190,-5,4,10,-59.19,0,0,0,0,0,0,0,0
2026-03-28 11:52:20.356,215.271,-4,4,10,-59.06,0,0,0,0,0,0,0,0
2026-03-28 11:52:20.452,215.367,-4,4,10,-59.11,0,0,0,0,0,0,0,0
2026-03-28 11:52:20.564,215.478,-5,4,10,-59.45,0,0,0,0,0,0,0,0
2026-03-28 11:52:20.580,215.495,-2,4,10,-59.41,0,0,0,0,0,0,0,0
2026-03-28 11:52:20.676,215.591,-4,4,10,-59.27,0,0,0,0,0,0,0,0
2026-03-28 11:52:20.772,215.686,-4,4,10,-59.24,0,0,0,0,0,0,0,0
2026-03-28 11:52:20.820,215.735,-5,4,10,-59.25,0,0,0,0,0,0,0,0
2026-03-28 11:52:20.965,215.879,-4,4,10,-59.18,0,0,0,0,0,0,0,0
2026-03-28 11:52:20.980,215.895,-5,4,10,-59.27,0,0,0,0,0,0,0,0
2026-03-28 11:52:21.076,215.991,-4,4,10,-59.23,0,0,0,0,0,0,0,0
2026-03-28 11:52:21.124,216.039,-4,4,10,-59.47,0,0,0,0,0,0,0,0
2026-03-28 11:52:21.252,216.166,-2,4,10,-59.4,0,0,0,0,0,0,0,0
2026-03-28 11:52:21.348,216.262,-2,4,10,-59.33,0,0,0,0,0,0,0,0
2026-03-28 11:52:21.429,216.344,-5,4,10,-59.38,0,0,0,0,0,0,0,0
2026-03-28 11:52:21.493,216.407,-5,4,10,-59.48,0,0,0,0,0,0,0,0
2026-03-28 11:52:21.572,216.487,-5,4,10,-59.44,0,0,0,0,0,0,0,0
2026-03-28 11:52:21.637,216.551,-2,4,10,-59.57,0,0,0,0,0,0,0,0
2026-03-28 11:52:21.716,216.631,-2,4,10,-59.63,0,0,0,0,0,0,0,0
2026-03-28 11:52:21.812,216.727,-2,4,10,-59.65,0,0,0,0,0,0,0,0
2026-03-28 11:52:21.877,216.791,-4,4,10,-59.61,0,0,0,0,0,0,0,0
2026-03-28 11:52:21.972,216.887,-2,4,10,-59.42,0,0,0,0,0,0,0,0
2026-03-28 11:52:22.052,216.967,-2,4,10,-59.4,0,0,0,0,0,0,0,0
2026-03-28 11:52:22.133,217.047,-2,4,10,-59.33,0,0,0,0,0,0,0,0
2026-03-28 11:52:22.212,217.126,-5,4,10,-59.63,0,0,0,0,0,0,0,0
2026-03-28 11:52:22.293,217.207,-2,4,10,-59.59,0,0,0,0,0,0,0,0
2026-03-28 11:52:22.388,217.303,-4,4,10,-59.27,0,0,0,0,0,0,0,0
2026-03-28 11:52:22.436,217.350,-5,4,10,-59.47,0,0,0,0,0,0,0,0
2026-03-28 11:52:22.549,217.463,-2,4,10,-59.49,0,0,0,0,0,0,0,0
2026-03-28 11:52:22.613,217.527,-2,4,10,-59.64,0,0,0,0,0,0,0,0
2026-03-28 11:52:22.709,217.623,-2,4,10,-59.53,0,0,0,0,0,0,0,0
2026-03-28 11:52:22.820,217.735,-2,4,10,-59.44,0,0,0,0,0,0,0,0
2026-03-28 11:52:22.852,217.767,-2,4,10,-59.41,0,0,0,0,0,0,0,0
2026-03-28 11:52:22.964,217.878,-2,4,10,-59.42,0,0,0,0,0,0,0,0
2026-03-28 11:52:23.060,217.974,-2,4,10,-59.51,0,0,0,0,0,0,0,0
2026-03-28 11:52:23.189,218.103,-4,4,10,-59.49,0,0,0,0,0,0,0,0
2026-03-28 11:52:23.268,218.183,-5,4,7,-59.22,0,0,0,0,0,0,0,0
2026-03-28 11:52:23.300,218.215,-5,4,10,-59.64,0,0,0,0,0,0,0,0
2026-03-28 11:52:23.364,218.279,-2,4,10,-59.46,0,0,0,0,0,0,0,0
2026-03-28 11:52:23.429,218.343,-2,4,10,-59.44,0,0,0,0,0,0,0,0
2026-03-28 11:52:23.588,218.502,-2,4,10,-59.47,0,0,0,0,0,0,0,0
2026-03-28 11:52:23.636,218.550,-5,4,10,-59.45,0,0,0,0,0,0,0,0
2026-03-28 11:52:23.700,218.615,-4,4,10,-59.42,0,0,0,0,0,0,0,0
2026-03-28 11:52:23.813,218.727,-4,4,10,-59.4,0,0,0,0,0,0,0,0
2026-03-28 11:52:23.924,218.839,-5,4,10,-59.3,0,0,0,0,0,0,0,0
2026-03-28 11:52:23.972,218.886,-2,4,10,-59.38,0,0,0,0,0,0,0,0
2026-03-28 11:52:24.052,218.967,-2,4,10,-59.11,0,0,0,0,0,0,0,0
2026-03-28 11:52:24.116,219.030,-2,4,10,-59.37,0,0,0,0,0,0,0,0
2026-03-28 11:52:24.180,219.094,-5,4,10,-59.2,0,0,0,0,0,0,0,0
2026-03-28 11:52:24.292,219.206,-2,4,10,-59.4,0,0,0,0,0,0,0,0
2026-03-28 11:52:24.372,219.287,-2,4,10,-59.27,0,0,0,0,0,0,0,0
2026-03-28 11:52:24.469,219.383,-2,4,10,-59.38,0,0,0,0,0,0,0,0
2026-03-28 11:52:24.548,219.462,-2,4,7,-59.24,0,0,0,0,0,0,0,0
2026-03-28 11:52:24.628,219.542,-2,4,10,-59.22,0,0,0,0,0,0,0,0
2026-03-28 11:52:24.740,219.655,-2,4,10,-59.18,0,0,0,0,0,0,0,0
2026-03-28 11:52:24.804,219.719,-5,4,10,-59.05,0,0,0,0,0,0,0,0
2026-03-28 11:52:24.836,219.751,-4,4,10,-59.1,0,0,0,0,0,0,0,0
2026-03-28 11:52:24.932,219.846,-2,4,10,-58.82,0,0,0,0,0,0,0,0
2026-03-28 11:52:25.029,219.943,-2,4,10,-59.05,0,0,0,0,0,0,0,0
2026-03-28 11:52:25.092,220.007,-4,4,10,-59.04,0,0,0,0,0,0,0,0
2026-03-28 11:52:25.172,220.086,-2,4,10,-58.92,0,0,0,0,0,0,0,0
2026-03-28 11:52:25.300,220.214,-2,4,10,-58.94,0,0,0,0,0,0,0,0
2026-03-28 11:52:25.380,220.294,-2,4,10,-58.85,0,0,0,0,0,0,0,0
2026-03-28 11:52:25.428,220.343,-4,4,10,-58.8,0,0,0,0,0,0,0,0
2026-03-28 11:52:25.492,220.406,-2,4,10,-58.76,0,0,0,0,0,0,0,0
2026-03-28 11:52:25.603,220.518,-2,4,10,-58.93,0,0,0,0,0,0,0,0
2026-03-28 11:52:25.684,220.598,-2,4,10,-58.85,0,0,0,0,0,0,0,0
2026-03-28 11:52:25.780,220.694,-2,4,10,-58.93,0,0,0,0,0,0,0,0
2026-03-28 11:52:25.876,220.791,-2,4,10,-58.75,0,0,0,0,0,0,0,0
2026-03-28 11:52:25.956,220.871,-2,4,10,-58.77,0,0,0,0,0,0,0,0
2026-03-28 11:52:26.068,220.983,-2,4,10,-58.82,0,0,0,0,0,0,0,0
2026-03-28 11:52:26.164,221.079,-2,4,10,-59.05,0,0,0,0,0,0,0,0
2026-03-28 11:52:26.197,221.111,-2,4,10,-58.86,0,0,0,0,0,0,0,0
2026-03-28 11:52:26.276,221.191,-2,4,10,-58.94,0,0,0,0,0,0,0,0
2026-03-28 11:52:26.389,221.303,-2,4,10,-58.63,0,0,0,0,0,0,0,0
2026-03-28 11:52:26.468,221.383,-2,4,10,-58.9,0,0,0,0,0,0,0,0
2026-03-28 11:52:26.547,221.462,-2,4,10,-58.71,0,0,0,0,0,0,0,0
2026-03-28 11:52:26.644,221.559,-2,4,10,-58.65,0,0,0,0,0,0,0,0
2026-03-28 11:52:26.675,221.590,-2,4,10,-58.78,0,0,0,0,0,0,0,0
2026-03-28 11:52:26.772,221.686,-2,4,10,-58.89,0,0,0,0,0,0,0,0
2026-03-28 11:52:26.852,221.767,-2,4,10,-59.01,0,0,0,0,0,0,0,0
2026-03-28 11:52:26.916,221.831,-2,4,10,-58.94,0,0,0,0,0,0,0,0
2026-03-28 11:52:27.060,221.974,-2,4,10,-58.83,0,0,0,0,0,0,0,0
2026-03-28 11:52:27.108,222.023,-2,4,10,-58.85,0,0,0,0,0,0,0,0
2026-03-28 11:52:27.141,222.055,-2,4,10,-58.87,0,0,0,0,0,0,0,0
2026-03-28 11:52:27.236,222.151,-2,4,10,-58.83,0,0,0,0,0,0,0,0
2026-03-28 11:52:27.348,222.263,-2,4,10,-58.85,0,0,0,0,0,0,0,0
2026-03-28 11:52:27.428,222.343,-2,4,10,-58.94,0,0,0,0,0,0,0,0
2026-03-28 11:52:27.524,222.439,-2,4,10,-58.82,0,0,0,0,0,0,0,0
2026-03-28 11:52:27.604,222.519,-2,4,10,-58.72,0,0,0,0,0,0,0,0
2026-03-28 11:52:27.668,222.582,-4,4,10,-58.79,0,0,0,0,0,0,0,0
2026-03-28 11:52:27.764,222.679,-4,4,10,-58.8,0,0,0,0,0,0,0,0
2026-03-28 11:52:27.844,222.759,-2,4,10,-58.78,0,0,0,0,0,0,0,0
2026-03-28 11:52:27.940,222.854,-2,4,10,-58.74,0,0,0,0,0,0,0,0
2026-03-28 11:52:28.004,222.918,-2,4,10,-58.56,0,0,0,0,0,0,0,0
2026-03-28 11:52:28.084,222.998,-5,4,10,-58.67,0,0,0,0,0,0,0,0
2026-03-28 11:52:28.148,223.062,-4,4,10,-58.58,0,0,0,0,0,0,0,0
2026-03-28 11:52:28.244,223.158,-2,4,10,-58.72,0,0,0,0,0,0,0,0
2026-03-28 11:52:28.340,223.255,-2,4,10,-58.53,0,0,0,0,0,0,0,0
2026-03-28 11:52:28.404,223.318,-2,4,10,-58.65,0,0,0,0,0,0,0,0
2026-03-28 11:52:28.484,223.398,-2,4,10,-58.41,0,0,0,0,0,0,0,0
2026-03-28 11:52:28.564,223.479,-2,4,10,-58.46,0,0,0,0,0,0,0,0
2026-03-28 11:52:28.660,223.575,-2,4,10,-58.49,0,0,0,0,0,0,0,0
2026-03-28 11:52:28.723,223.638,-2,4,10,-58.55,0,0,0,0,0,0,0,0
2026-03-28 11:52:28.804,223.718,-2,4,10,-58.53,0,0,0,0,0,0,0,0
2026-03-28 11:52:28.900,223.815,-2,4,10,-58.55,0,0,0,0,0,0,0,0
2026-03-28 11:52:28.996,223.911,-2,4,10,-58.55,0,0,0,0,0,0,0,0
2026-03-28 11:52:29.076,223.991,-2,4,10,-58.47,0,0,0,0,0,0,0,0
2026-03-28 11:52:29.172,224.086,-5,5,10,-58.48,0,0,0,0,0,0,0,0
2026-03-28 11:52:29.220,224.135,-2,4,10,-58.44,0,0,0,0,0,0,0,0
2026-03-28 11:52:29.364,224.278,-2,4,10,-58.37,0,0,0,0,0,0,0,0
2026-03-28 11:52:29.428,224.342,-2,4,10,-58.49,0,0,0,0,0,0,0,0
2026-03-28 11:52:29.508,224.423,-2,4,10,-58.32,0,0,0,0,0,0,0,0
2026-03-28 11:52:29.636,224.550,-2,4,10,-58.34,0,0,0,0,0,0,0,0
2026-03-28 11:52:29.700,224.614,-4,4,10,-58.27,0,0,0,0,0,0,0,0
2026-03-28 11:52:29.812,224.727,-5,4,10,-58.33,0,0,0,0,0,0,0,0
2026-03-28 11:52:29.876,224.790,-4,4,10,-58.4,0,0,0,0,0,0,0,0
2026-03-28 11:52:29.956,224.870,-4,4,10,-58.35,0,0,0,0,0,0,0,0
2026-03-28 11:52:30.036,224.950,-2,4,10,-58.4,0,0,0,0,0,0,0,0
2026-03-28 11:52:30.100,225.014,-5,4,10,-58.53,0,0,0,0,0,0,0,0
2026-03-28 11:52:30.164,225.078,-2,4,10,-58.34,0,0,0,0,0,0,0,0
2026-03-28 11:52:30.228,225.142,-4,4,10,-58.5,0,0,0,0,0,0,0,0
2026-03-28 11:52:30.308,225.223,-5,4,10,-58.46,0,0,0,0,0,0,0,0
2026-03-28 11:52:30.419,225.334,-2,4,10,-58.39,0,0,0,0,0,0,0,0
2026-03-28 11:52:30.499,225.414,-2,4,10,-58.4,0,0,0,0,0,0,0,0
2026-03-28 11:52:30.580,225.494,-2,4,10,-58.41,0,0,0,0,0,0,0,0
2026-03-28 11:52:30.660,225.575,-2,4,10,-58.46,0,0,0,0,0,0,0,0
2026-03-28 11:52:30.740,225.655,-5,4,10,-58.55,0,0,0,0,0,0,0,0
2026-03-28 11:52:30.804,225.718,-2,4,10,-58.47,0,0,0,0,0,0,0,0
2026-03-28 11:52:30.900,225.814,-2,4,10,-58.58,0,0,0,0,0,0,0,0
2026-03-28 11:52:30.996,225.910,-2,4,10,-58.4,0,0,0,0,0,0,0,0
2026-03-28 11:52:31.043,225.958,-2,4,10,-58.5,0,0,0,0,0,0,0,0
2026-03-28 11:52:31.108,226.023,-5,4,10,-58.29,0,0,0,0,0,0,0,0
2026-03-28 11:52:31.204,226.119,-4,4,10,-58.46,0,0,0,0,0,0,0,0
2026-03-28 11:52:31.284,226.199,-2,4,10,-58.65,0,0,0,0,0,0,0,0
2026-03-28 11:52:31.412,226.327,-4,4,10,-58.63,0,0,0,0,0,0,0,0
2026-03-28 11:52:31.492,226.407,-5,4,10,-58.47,0,0,0,0,0,0,0,0
2026-03-28 11:52:31.588,226.502,-2,4,10,-58.36,0,0,0,0,0,0,0,0
2026-03-28 11:52:31.619,226.534,-2,4,10,-58.45,0,0,0,0,0,0,0,0
2026-03-28 11:52:31.732,226.646,-2,4,10,-58.38,0,0,0,0,0,0,0,0
2026-03-28 11:52:31.811,226.726,-4,4,10,-58.42,0,0,0,0,0,0,0,0
2026-03-28 11:52:31.907,226.822,-2,4,10,-58.4,0,0,0,0,0,0,0,0
2026-03-28 11:52:31.988,226.902,-5,4,10,-58.42,0,0,0,0,0,0,0,0
2026-03-28 11:52:32.052,226.966,-5,4,10,-58.41,0,0,0,0,0,0,0,0
2026-03-28 11:52:32.131,227.046,-5,4,10,-58.37,0,0,0,0,0,0,0,0
2026-03-28 11:52:32.196,227.111,-2,4,10,-58.41,0,0,0,0,0,0,0,0
2026-03-28 11:52:32.339,227.253,-4,4,10,-58.37,0,0,0,0,0,0,0,0
2026-03-28 11:52:32.420,227.334,-5,4,10,-58.47,0,0,0,0,0,0,0,0
2026-03-28 11:52:32.548,227.462,-5,4,10,-58.54,0,0,0,0,0,0,0,0
2026-03-28 11:52:32.580,227.494,-2,4,10,-58.43,0,0,0,0,0,0,0,0
2026-03-28 11:52:32.708,227.622,-2,4,10,-58.59,0,0,0,0,0,0,0,0
2026-03-28 11:52:32.803,227.718,-2,4,10,-58.53,0,0,0,0,0,0,0,0
2026-03-28 11:52:32.868,227.782,-4,4,10,-58.53,0,0,0,0,0,0,0,0
2026-03-28 11:52:32.915,227.829,-2,4,10,-58.56,0,0,0,0,0,0,0,0
2026-03-28 11:52:32.980,227.894,-2,4,10,-58.6,0,0,0,0,0,0,0,0
2026-03-28 11:52:33.043,227.958,-2,4,10,-58.48,0,0,0,0,0,0,0,0
2026-03-28 11:52:33.155,228.070,-2,4,10,-58.53,0,0,0,0,0,0,0,0
2026-03-28 11:52:33.268,228.182,-2,4,10,-58.37,0,0,0,0,0,0,0,0
2026-03-28 11:52:33.363,228.278,-2,4,10,-58.42,0,0,0,0,0,0,0,0
2026-03-28 11:52:33.380,228.295,-2,4,10,-58.39,0,0,0,0,0,0,0,0
2026-03-28 11:52:33.476,228.391,-5,4,10,-58.39,0,0,0,0,0,0,0,0
2026-03-28 11:52:33.555,228.470,-2,4,10,-58.28,0,0,0,0,0,0,0,0
2026-03-28 11:52:33.667,228.582,-2,4,10,-58.35,0,0,0,0,0,0,0,0
2026-03-28 11:52:33.764,228.678,-5,4,10,-58.43,0,0,0,0,0,0,0,0
2026-03-28 11:52:33.811,228.726,-2,4,10,-58.37,0,0,0,0,0,0,0,0
2026-03-28 11:52:33.908,228.822,-2,4,10,-58.33,0,0,0,0,0,0,0,0
2026-03-28 11:52:33.972,228.886,-2,4,10,-58.31,0,0,0,0,0,0,0,0
2026-03-28 11:52:34.035,228.950,-2,4,10,-58.42,0,0,0,0,0,0,0,0
2026-03-28 11:52:34.131,229.046,-2,4,10,-58.25,0,0,0,0,0,0,0,0
2026-03-28 11:52:34.276,229.190,-2,4,10,-58.43,0,0,0,0,0,0,0,0
2026-03-28 11:52:34.308,229.223,-2,4,10,-58.42,0,0,0,0,0,0,0,0
2026-03-28 11:52:34.387,229.301,-2,4,10,-58.56,0,0,0,0,0,0,0,0
2026-03-28 11:52:34.484,229.398,-2,4,10,-58.49,0,0,0,0,0,0,0,0
2026-03-28 11:52:34.562,229.477,-2,4,10,-58.52,0,0,0,0,0,0,0,0
2026-03-28 11:52:34.660,229.574,-4,4,10,-58.51,0,0,0,0,0,0,0,0
2026-03-28 11:52:34.756,229.670,-2,4,10,-58.5,0,0,0,0,0,0,0,0
2026-03-28 11:52:34.836,229.750,-2,4,10,-58.48,0,0,0,0,0,0,0,0
2026-03-28 11:52:34.915,229.830,-5,4,10,-58.49,0,0,0,0,0,0,0,0
2026-03-28 11:52:35.028,229.942,-2,4,10,-58.47,0,0,0,0,0,0,0,0
2026-03-28 11:52:35.155,230.070,-2,4,10,-58.47,0,0,0,0,0,0,0,0
2026-03-28 11:52:35.188,230.102,-2,4,10,-58.59,0,0,0,0,0,0,0,0
2026-03-28 11:52:35.299,230.214,-2,4,10,-58.51,0,0,0,0,0,0,0,0
2026-03-28 11:52:35.363,230.278,-2,4,10,-58.4,0,0,0,0,0,0,0,0
2026-03-28 11:52:35.459,230.374,-2,4,10,-58.58,0,0,0,0,0,0,0,0
2026-03-28 11:52:35.571,230.486,-2,4,10,-58.53,0,0,0,0,0,0,0,0
2026-03-28 11:52:35.652,230.566,-2,4,10,-58.41,0,0,0,0,0,0,0,0
2026-03-28 11:52:35.763,230.678,-2,4,10,-58.44,0,0,0,0,0,0,0,0
2026-03-28 11:52:35.796,230.711,-2,4,10,-58.42,0,0,0,0,0,0,0,0
2026-03-28 11:52:35.876,230.790,-2,4,10,-58.57,0,0,0,0,0,0,0,0
2026-03-28 11:52:35.971,230.886,-2,4,10,-58.49,0,0,0,0,0,0,0,0
2026-03-28 11:52:36.020,230.934,-2,4,10,-58.62,0,0,0,0,0,0,0,0
2026-03-28 11:52:36.100,231.014,-2,4,10,-58.75,0,0,0,0,0,0,0,0
2026-03-28 11:52:36.180,231.094,-2,4,10,-58.57,0,0,0,0,0,0,0,0
2026-03-28 11:52:36.292,231.206,-2,4,10,-58.58,0,0,0,0,0,0,0,0
2026-03-28 11:52:36.371,231.285,-2,4,10,-58.69,0,0,0,0,0,0,0,0
2026-03-28 11:52:36.451,231.366,-2,4,10,-58.69,0,0,0,0,0,0,0,0
2026-03-28 11:52:36.499,231.414,-2,4,10,-58.67,0,0,0,0,0,0,0,0
2026-03-28 11:52:36.596,231.510,-2,4,10,-58.63,0,0,0,0,0,0,0,0
2026-03-28 11:52:36.707,231.622,-2,4,10,-58.67,0,0,0,0,0,0,0,0
2026-03-28 11:52:36.771,231.686,-2,4,10,-58.72,0,0,0,0,0,0,0,0
2026-03-28 11:52:36.851,231.766,-2,4,10,-58.76,0,0,0,0,0,0,0,0
2026-03-28 11:52:36.916,231.830,-2,4,10,-58.68,0,0,0,0,0,0,0,0
2026-03-28 11:52:36.996,231.910,-2,4,10,-58.68,0,0,0,0,0,0,0,0
2026-03-28 11:52:37.076,231.990,-2,4,10,-58.83,0,0,0,0,0,0,0,0
2026-03-28 11:52:37.187,232.102,-2,4,10,-58.77,0,0,0,0,0,0,0,0
2026-03-28 11:52:37.331,232.246,-2,4,10,-58.82,0,0,0,0,0,0,0,0
2026-03-28 11:52:37.411,232.326,-2,4,10,-58.78,0,0,0,0,0,0,0,0
2026-03-28 11:52:37.443,232.357,-2,4,10,-58.83,0,0,0,0,0,0,0,0
2026-03-28 11:52:37.507,232.422,-2,4,10,-58.88,0,0,0,0,0,0,0,0
2026-03-28 11:52:37.588,232.502,-2,4,10,-58.81,0,0,0,0,0,0,0,0
2026-03-28 11:52:37.683,232.598,-2,4,10,-58.96,0,0,0,0,0,0,0,0
2026-03-28 11:52:37.763,232.678,-2,4,10,-58.99,0,0,0,0,0,0,0,0
2026-03-28 11:52:37.860,232.774,-2,4,10,-59.0,0,0,0,0,0,0,0,0
2026-03-28 11:52:37.923,232.838,-2,4,10,-58.97,0,0,0,0,0,0,0,0
2026-03-28 11:52:38.002,232.917,-2,4,10,-59.07,0,0,0,0,0,0,0,0
2026-03-28 11:52:38.052,232.966,-2,4,10,-59.02,0,0,0,0,0,0,0,0
2026-03-28 11:52:38.212,233.126,-2,4,10,-59.18,0,0,0,0,0,0,0,0
2026-03-28 11:52:38.275,233.190,-2,4,10,-59.16,0,0,0,0,0,0,0,0
2026-03-28 11:52:38.307,233.221,-2,4,10,-59.17,0,0,0,0,0,0,0,0
2026-03-28 11:52:38.420,233.334,-2,4,10,-59.15,0,0,0,0,0,0,0,0
2026-03-28 11:52:38.483,233.398,-2,4,10,-59.18,0,0,0,0,0,0,0,0
2026-03-28 11:52:38.595,233.510,-2,4,10,-59.08,0,0,0,0,0,0,0,0
2026-03-28 11:52:38.691,233.605,-2,4,9,-59.02,0,0,0,0,0,0,0,0
2026-03-28 11:52:38.740,233.654,-2,4,10,-59.16,0,0,0,0,0,0,0,0
2026-03-28 11:52:38.803,233.718,-2,4,10,-59.14,0,0,0,0,0,0,0,0
2026-03-28 11:52:38.899,233.813,-2,4,10,-59.1,0,0,0,0,0,0,0,0
2026-03-28 11:52:38.947,233.862,-2,4,10,-59.03,0,0,0,0,0,0,0,0
2026-03-28 11:52:39.092,234.006,-2,4,10,-59.07,0,0,0,0,0,0,0,0
2026-03-28 11:52:39.156,234.070,-2,4,10,-59.13,0,0,0,0,0,0,0,0
2026-03-28 11:52:39.235,234.150,-2,4,10,-59.12,0,0,0,0,0,0,0,0
2026-03-28 11:52:39.283,234.197,-2,4,10,-59.21,0,0,0,0,0,0,0,0
2026-03-28 11:52:39.396,234.310,-2,4,10,-58.95,0,0,0,0,0,0,0,0
2026-03-28 11:52:39.460,234.374,-2,4,10,-59.02,0,0,0,0,0,0,0,0
2026-03-28 11:52:39.556,234.470,-2,4,10,-59.07,0,0,0,0,0,0,0,0
2026-03-28 11:52:39.651,234.565,-2,4,10,-59.22,0,0,0,0,0,0,0,0
2026-03-28 11:52:39.730,234.645,-2,4,10,-59.1,0,0,0,0,0,0,0,0
2026-03-28 11:52:39.859,234.773,-4,4,10,-59.06,0,0,0,0,0,0,0,0
2026-03-28 11:52:39.907,234.821,-5,4,10,-59.21,0,0,0,0,0,0,0,0
2026-03-28 11:52:39.987,234.902,-2,4,10,-59.24,0,0,0,0,0,0,0,0
2026-03-28 11:52:40.036,234.950,-2,4,10,-59.21,0,0,0,0,0,0,0,0
2026-03-28 11:52:40.131,235.046,-2,4,10,-59.17,0,0,0,0,0,0,0,0
2026-03-28 11:52:40.227,235.141,-2,4,10,-59.35,0,0,0,0,0,0,0,0
2026-03-28 11:52:40.291,235.206,-2,4,10,-59.38,0,0,0,0,0,0,0,0
2026-03-28 11:52:40.372,235.286,-2,4,10,-59.12,0,0,0,0,0,0,0,0
2026-03-28 11:52:40.451,235.366,-5,4,10,-59.27,0,0,0,0,0,0,0,0
2026-03-28 11:52:40.548,235.462,-5,4,10,-59.3,0,0,0,0,0,0,0,0
2026-03-28 11:52:40.644,235.558,-2,4,10,-59.21,0,0,0,0,0,0,0,0
2026-03-28 11:52:40.723,235.638,-2,4,10,-59.21,0,0,0,0,0,0,0,0
2026-03-28 11:52:40.819,235.734,-2,4,10,-59.16,0,0,0,0,0,0,0,0
2026-03-28 11:52:40.883,235.797,-2,4,10,-59.2,0,0,0,0,0,0,0,0
2026-03-28 11:52:40.996,235.910,-2,4,10,-59.19,0,0,0,0,0,0,0,0
2026-03-28 11:52:41.059,235.974,-2,4,10,-59.12,0,0,0,0,0,0,0,0
2026-03-28 11:52:41.139,236.053,-2,4,10,-59.09,0,0,0,0,0,0,0,0
2026-03-28 11:52:41.203,236.117,-2,4,10,-59.33,0,0,0,0,0,0,0,0
2026-03-28 11:52:41.283,236.197,-2,4,10,-59.14,0,0,0,0,0,0,0,0
2026-03-28 11:52:41.363,236.278,-2,4,10,-59.28,0,0,0,0,0,0,0,0
2026-03-28 11:52:41.443,236.358,-4,4,10,-59.08,0,0,0,0,0,0,0,0
2026-03-28 11:52:41.571,236.485,-4,4,10,-59.13,0,0,0,0,0,0,0,0
2026-03-28 11:52:41.603,236.518,-2,4,10,-59.27,0,0,0,0,0,0,0,0
2026-03-28 11:52:41.747,236.662,-2,4,10,-59.28,0,0,0,0,0,0,0,0
2026-03-28 11:52:41.796,236.710,-2,4,10,-59.17,0,0,0,0,0,0,0,0
2026-03-28 11:52:41.876,236.790,-2,4,10,-59.26,0,0,0,0,0,0,0,0
2026-03-28 11:52:41.955,236.869,-2,4,10,-59.33,0,0,0,0,0,0,0,0
2026-03-28 11:52:42.019,236.934,-5,4,10,-59.22,0,0,0,0,0,0,0,0
2026-03-28 11:52:42.115,237.029,-2,4,10,-59.39,0,0,0,0,0,0,0,0
2026-03-28 11:52:42.243,237.158,-2,4,10,-59.14,0,0,0,0,0,0,0,0
2026-03-28 11:52:42.307,237.221,-2,4,10,-59.41,0,0,0,0,0,0,0,0
2026-03-28 11:52:42.387,237.302,-2,4,10,-59.45,0,0,0,0,0,0,0,0
2026-03-28 11:52:42.467,237.382,-2,4,10,-59.27,0,0,0,0,0,0,0,0
2026-03-28 11:52:42.515,237.430,-2,4,10,-59.26,0,0,0,0,0,0,0,0
2026-03-28 11:52:42.611,237.525,-2,4,10,-59.33,0,0,0,0,0,0,0,0
2026-03-28 11:52:42.723,237.638,-2,4,10,-59.47,0,0,0,0,0,0,0,0
2026-03-28 11:52:42.771,237.685,-2,4,10,-59.25,0,0,0,0,0,0,0,0
2026-03-28 11:52:42.899,237.814,-2,4,10,-59.38,0,0,0,0,0,0,0,0
2026-03-28 11:52:42.995,237.909,-2,4,10,-59.3,0,0,0,0,0,0,0,0
2026-03-28 11:52:43.043,237.957,-2,4,10,-59.22,0,0,0,0,0,0,0,0
2026-03-28 11:52:43.187,238.101,-2,4,10,-59.21,0,0,0,0,0,0,0,0
2026-03-28 11:52:43.203,238.117,-2,4,10,-59.3,0,0,0,0,0,0,0,0
2026-03-28 11:52:43.348,238.262,-2,4,10,-59.36,0,0,0,0,0,0,0,0
2026-03-28 11:52:43.395,238.309,-2,4,10,-59.38,0,0,0,0,0,0,0,0
2026-03-28 11:52:43.523,238.438,-2,4,10,-59.5,0,0,0,0,0,0,0,0
2026-03-28 11:52:43.555,238.470,-2,4,10,-59.46,0,0,0,0,0,0,0,0
2026-03-28 11:52:43.683,238.597,-2,4,10,-59.52,0,0,0,0,0,0,0,0
2026-03-28 11:52:43.762,238.677,-2,4,10,-59.6,0,0,0,0,0,0,0,0
2026-03-28 11:52:43.811,238.726,-2,4,10,-59.71,0,0,0,0,0,0,0,0
2026-03-28 11:52:43.875,238.790,-2,4,10,-59.55,0,0,0,0,0,0,0,0
2026-03-28 11:52:43.923,238.837,-2,4,10,-59.6,0,0,0,0,0,0,0,0
2026-03-28 11:52:44.019,238.933,-2,4,10,-59.56,0,0,0,0,0,0,0,0
2026-03-28 11:52:44.115,239.029,-2,4,10,-59.59,0,0,0,0,0,0,0,0
2026-03-28 11:52:44.179,239.094,-2,4,10,-59.68,0,0,0,0,0,0,0,0
2026-03-28 11:52:44.274,239.189,-2,4,10,-59.73,0,0,0,0,0,0,0,0
2026-03-28 11:52:44.323,239.238,-2,4,10,-59.7,0,0,0,0,0,0,0,0
2026-03-28 11:52:44.435,239.350,-2,4,10,-59.71,0,0,0,0,0,0,0,0
2026-03-28 11:52:44.515,239.429,-2,4,10,-59.61,0,0,0,0,0,0,0,0
2026-03-28 11:52:44.595,239.510,-2,4,10,-59.74,0,0,0,0,0,0,0,0
2026-03-28 11:52:44.708,239.622,-2,4,10,-59.72,0,0,0,0,0,0,0,0
2026-03-28 11:52:44.835,239.750,-2,4,10,-59.8,0,0,0,0,0,0,0,0
2026-03-28 11:52:44.866,239.781,-2,4,10,-59.74,0,0,0,0,0,0,0,0
2026-03-28 11:52:44.996,239.910,-2,4,10,-59.74,0,0,0,0,0,0,0,0
2026-03-28 11:52:45.043,239.958,-2,4,10,-59.9,0,0,0,0,0,0,0,0
2026-03-28 11:52:45.122,240.037,-2,5,10,-59.89,0,0,0,0,0,0,0,0
2026-03-28 11:52:45.203,240.117,-2,4,10,-59.89,0,0,0,0,0,0,0,0
2026-03-28 11:52:45.283,240.197,-2,4,10,-59.82,0,0,0,0,0,0,0,0
2026-03-28 11:52:45.348,240.262,-2,4,10,-59.95,0,0,0,0,0,0,0,0
2026-03-28 11:52:45.443,240.357,-2,4,10,-60.17,0,0,0,0,0,0,0,0
2026-03-28 11:52:45.507,240.422,-2,4,10,-60.1,0,0,0,0,0,0,0,0
2026-03-28 11:52:45.603,240.518,-2,4,10,-60.16,0,0,0,0,0,0,0,0
2026-03-28 11:52:45.683,240.597,-2,4,10,-60.32,0,0,0,0,0,0,0,0
2026-03-28 11:52:45.763,240.677,-2,4,10,-60.33,0,0,0,0,0,0,0,0
2026-03-28 11:52:45.875,240.789,-2,4,10,-60.38,0,0,0,0,0,0,0,0
2026-03-28 11:52:45.939,240.853,-2,4,10,-60.41,0,0,0,0,0,0,0,0
2026-03-28 11:52:46.003,240.917,-2,4,10,-60.47,0,0,0,0,0,0,0,0
2026-03-28 11:52:46.114,241.029,-2,4,10,-60.46,0,0,0,0,0,0,0,0
2026-03-28 11:52:46.211,241.125,-2,4,10,-60.43,0,0,0,0,0,0,0,0
2026-03-28 11:52:46.259,241.174,-2,4,10,-60.41,0,0,0,0,0,0,0,0
2026-03-28 11:52:46.370,241.285,-2,4,10,-60.49,0,0,0,0,0,0,0,0
2026-03-28 11:52:46.450,241.365,-2,4,10,-60.52,0,0,0,0,0,0,0,0
2026-03-28 11:52:46.531,241.445,-2,4,10,-60.45,0,0,0,0,0,0,0,0
2026-03-28 11:52:46.610,241.525,-2,4,10,-60.55,0,0,0,0,0,0,0,0
2026-03-28 11:52:46.707,241.621,-2,4,10,-60.42,0,0,0,0,0,0,0,0
2026-03-28 11:52:46.787,241.701,-2,4,10,-60.51,0,0,0,0,0,0,0,0
2026-03-28 11:52:46.851,241.765,-2,4,10,-60.49,0,0,0,0,0,0,0,0
2026-03-28 11:52:46.915,241.829,-2,4,10,-60.63,0,0,0,0,0,0,0,0
2026-03-28 11:52:46.995,241.909,-2,4,10,-60.59,0,0,0,0,0,0,0,0
2026-03-28 11:52:47.123,242.038,-2,4,10,-60.57,0,0,0,0,0,0,0,0
2026-03-28 11:52:47.155,242.070,-2,4,10,-60.52,0,0,0,0,0,0,0,0
2026-03-28 11:52:47.267,242.182,-2,4,10,-60.62,0,0,0,0,0,0,0,0
2026-03-28 11:52:47.331,242.246,-2,4,10,-60.77,0,0,0,0,0,0,0,0
2026-03-28 11:52:47.427,242.341,-2,4,10,-60.92,0,0,0,0,0,0,0,0
2026-03-28 11:52:47.491,242.405,-2,4,10,-60.99,0,0,0,0,0,0,0,0
2026-03-28 11:52:47.571,242.486,-2,4,10,-61.17,0,0,0,0,0,0,0,0
2026-03-28 11:52:47.650,242.565,-2,4,10,-60.95,0,0,0,0,0,0,0,0
2026-03-28 11:52:47.715,242.629,-2,4,10,-61.28,0,0,0,0,0,0,0,0
2026-03-28 11:52:47.811,242.725,-2,4,10,-60.94,0,0,0,0,0,0,0,0
2026-03-28 11:52:47.906,242.821,-5,4,10,-60.93,0,0,0,0,0,0,0,0
2026-03-28 11:52:47.987,242.902,-2,4,10,-60.58,0,0,0,0,0,0,0,0
2026-03-28 11:52:48.083,242.997,-5,4,10,-60.71,0,0,0,0,0,0,0,0
2026-03-28 11:52:48.179,243.094,-4,4,10,-60.67,0,0,0,0,0,0,0,0
2026-03-28 11:52:48.307,243.222,-2,4,10,-60.58,0,0,0,0,0,0,0,0
2026-03-28 11:52:48.355,243.269,-2,4,10,-60.66,0,0,0,0,0,0,0,0
2026-03-28 11:52:48.451,243.365,-2,4,10,-60.72,0,0,0,0,0,0,0,0
2026-03-28 11:52:48.515,243.430,-2,4,10,-60.82,0,0,0,0,0,0,0,0
2026-03-28 11:52:48.595,243.510,-2,4,10,-60.77,0,0,0,0,0,0,0,0
2026-03-28 11:52:48.675,243.589,-2,4,10,-60.81,0,0,0,0,0,0,0,0
2026-03-28 11:52:48.755,243.669,-5,4,10,-60.65,0,0,0,0,0,0,0,0
2026-03-28 11:52:48.850,243.765,-4,4,10,-60.65,0,0,0,0,0,0,0,0
2026-03-28 11:52:48.899,243.813,-5,4,10,-60.7,0,0,0,0,0,0,0,0
2026-03-28 11:52:49.027,243.941,-2,4,10,-60.65,0,0,0,0,0,0,0,0
2026-03-28 11:52:49.059,243.973,-5,4,10,-60.72,0,0,0,0,0,0,0,0
2026-03-28 11:52:49.187,244.102,-5,4,10,-60.76,0,0,0,0,0,0,0,0
2026-03-28 11:52:49.219,244.133,-5,4,10,-60.71,0,0,0,0,0,0,0,0
2026-03-28 11:52:49.283,244.197,-2,4,10,-60.76,0,0,0,0,0,0,0,0
2026-03-28 11:52:49.427,244.341,-5,4,10,-60.89,0,0,0,0,0,0,0,0
2026-03-28 11:52:49.475,244.389,-5,4,10,-60.94,0,0,0,0,0,0,0,0
2026-03-28 11:52:49.539,244.453,-2,4,10,-60.94,0,0,0,0,0,0,0,0
2026-03-28 11:52:49.619,244.534,-2,4,10,-60.88,0,0,0,0,0,0,0,0
2026-03-28 11:52:49.731,244.645,-5,4,10,-60.79,0,0,0,0,0,0,0,0
2026-03-28 11:52:49.827,244.741,-4,4,10,-60.83,0,0,0,0,0,0,0,0
2026-03-28 11:52:49.907,244.821,-4,4,10,-60.83,0,0,0,0,0,0,0,0
2026-03-28 11:52:49.986,244.901,-2,4,10,-60.81,0,0,0,0,0,0,0,0
2026-03-28 11:52:50.035,244.949,-2,4,10,-60.74,0,0,0,0,0,0,0,0
2026-03-28 11:52:50.130,245.045,-2,4,10,-60.78,0,0,0,0,0,0,0,0
2026-03-28 11:52:50.227,245.142,-2,4,10,-60.78,0,0,0,0,0,0,0,0
2026-03-28 11:52:50.322,245.237,-2,4,10,-60.82,0,0,0,0,0,0,0,0
2026-03-28 11:52:50.402,245.317,-5,4,10,-60.68,0,0,0,0,0,0,0,0
2026-03-28 11:52:50.498,245.413,-2,4,10,-60.66,0,0,0,0,0,0,0,0
2026-03-28 11:52:50.547,245.461,-2,4,9,-60.77,0,0,0,0,0,0,0,0
2026-03-28 11:52:50.611,245.525,-2,4,10,-60.78,0,0,0,0,0,0,0,0
2026-03-28 11:52:50.707,245.622,-2,4,10,-60.73,0,0,0,0,0,0,0,0
2026-03-28 11:52:50.786,245.700,-2,4,10,-60.69,0,0,0,0,0,0,0,0
2026-03-28 11:52:50.898,245.813,-5,4,10,-60.72,0,0,0,0,0,0,0,0
2026-03-28 11:52:50.979,245.894,-5,4,10,-60.69,0,0,0,0,0,0,0,0
2026-03-28 11:52:51.059,245.973,-2,4,10,-60.59,0,0,0,0,0,0,0,0
2026-03-28 11:52:51.154,246.069,-2,4,10,-60.71,0,0,0,0,0,0,0,0
2026-03-28 11:52:51.187,246.101,-4,4,10,-60.71,0,0,0,0,0,0,0,0
2026-03-28 11:52:51.266,246.181,-2,4,10,-60.67,0,0,0,0,0,0,0,0
2026-03-28 11:52:51.363,246.277,-2,4,10,-60.67,0,0,0,0,0,0,0,0
2026-03-28 11:52:51.459,246.373,-2,4,10,-60.55,0,0,0,0,0,0,0,0
2026-03-28 11:52:51.554,246.469,-5,4,10,-60.83,0,0,0,0,0,0,0,0
2026-03-28 11:52:51.650,246.564,-2,4,10,-60.68,0,0,0,0,0,0,0,0
2026-03-28 11:52:51.745,246.660,-4,4,10,-60.74,0,0,0,0,0,0,0,0
2026-03-28 11:52:51.842,246.757,-5,4,10,-60.72,0,0,0,0,0,0,0,0
2026-03-28 11:52:51.922,246.837,-4,4,10,-60.79,0,0,0,0,0,0,0,0
2026-03-28 11:52:51.955,246.869,-4,4,10,-60.71,0,0,0,0,0,0,0,0
2026-03-28 11:52:52.050,246.964,-5,4,10,-60.69,0,0,0,0,0,0,0,0
2026-03-28 11:52:52.145,247.060,-5,4,10,-60.59,0,0,0,0,0,0,0,0
2026-03-28 11:52:52.210,247.124,-2,4,10,-60.64,0,0,0,0,0,0,0,0
2026-03-28 11:52:52.306,247.221,-5,4,10,-60.55,0,0,0,0,0,0,0,0
2026-03-28 11:52:52.354,247.269,-2,4,10,-60.52,0,0,0,0,0,0,0,0
2026-03-28 11:52:52.434,247.349,-2,4,10,-60.64,0,0,0,0,0,0,0,0
2026-03-28 11:52:52.530,247.445,-2,4,10,-60.61,0,0,0,0,0,0,0,0
2026-03-28 11:52:52.611,247.525,-2,4,10,-60.71,0,0,0,0,0,0,0,0
2026-03-28 11:52:52.707,247.622,-4,4,10,-60.57,0,0,0,0,0,0,0,0
2026-03-28 11:52:52.754,247.669,-2,4,10,-60.5,0,0,0,0,0,0,0,0
2026-03-28 11:52:52.834,247.749,-2,4,10,-60.53,0,0,0,0,0,0,0,0
2026-03-28 11:52:52.915,247.829,-4,4,10,-60.55,0,0,0,0,0,0,0,0
2026-03-28 11:52:53.011,247.925,-2,4,10,-60.63,0,0,0,0,0,0,0,0
2026-03-28 11:52:53.090,248.005,-2,4,10,-60.56,0,0,0,0,0,0,0,0
2026-03-28 11:52:53.171,248.085,-2,4,10,-60.51,0,0,0,0,0,0,0,0
2026-03-28 11:52:53.331,248.245,-4,4,10,-60.61,0,0,0,0,0,0,0,1
2026-03-28 11:52:53.411,248.325,-5,4,10,-60.7,0,0,0,0,0,0,0,1
2026-03-28 11:52:53.522,248.437,-2,4,10,-60.67,0,0,0,0,0,0,0,1
2026-03-28 11:52:53.570,248.485,-5,4,10,-60.74,0,0,0,0,0,0,0,1
2026-03-28 11:52:53.650,248.565,-4,4,10,-60.76,0,0,0,0,0,0,0,1
2026-03-28 11:52:53.715,248.630,-2,4,10,-60.72,0,0,0,0,0,0,0,1
2026-03-28 11:52:53.794,248.709,-2,4,10,-60.62,0,0,0,0,0,0,0,1
2026-03-28 11:52:53.842,248.756,-2,4,10,-60.68,0,0,0,0,0,0,0,1
2026-03-28 11:52:53.954,248.869,-5,4,10,-60.62,0,0,0,0,0,0,0,1
2026-03-28 11:52:54.034,248.949,-5,4,10,-60.56,0,0,0,0,0,0,0,1
2026-03-28 11:52:54.082,248.997,-2,4,10,-60.65,0,0,0,0,0,0,0,1
2026-03-28 11:52:54.227,249.141,-4,4,10,-60.62,0,0,0,0,0,0,0,1
2026-03-28 11:52:54.259,249.173,-2,4,10,-60.53,0,0,0,0,0,0,0,1
2026-03-28 11:52:54.339,249.253,-2,4,10,-60.47,0,0,0,0,0,0,0,1
2026-03-28 11:52:54.450,249.365,-2,4,10,-60.62,0,0,0,0,0,0,0,1
2026-03-28 11:52:54.531,249.446,-5,4,10,-60.62,0,0,0,0,0,0,0,1
2026-03-28 11:52:54.610,249.524,-2,4,10,-60.63,0,0,0,0,0,0,0,1
2026-03-28 11:52:54.722,249.637,-2,4,10,-60.64,0,0,0,0,0,0,0,1
2026-03-28 11:52:54.755,249.669,-2,4,10,-60.53,0,0,0,0,0,0,0,1
2026-03-28 11:52:54.899,249.813,-2,4,10,-60.6,0,0,0,0,0,0,0,1
2026-03-28 11:52:54.947,249.861,-2,4,10,-60.73,0,0,0,0,0,0,0,1
2026-03-28 11:52:54.995,249.909,-5,4,10,-60.62,0,0,0,0,0,0,0,1
2026-03-28 11:52:55.090,250.005,-2,4,10,-60.74,0,0,0,0,0,0,0,1
2026-03-28 11:52:55.171,250.085,-2,4,10,-60.83,0,0,0,0,0,0,0,1
2026-03-28 11:52:55.282,250.197,-2,4,10,-60.74,0,0,0,0,0,0,0,1
2026-03-28 11:52:55.331,250.245,-2,4,10,-60.82,0,0,0,0,0,0,0,1
2026-03-28 11:52:55.410,250.325,-5,4,10,-60.77,0,0,0,0,0,0,0,1
2026-03-28 11:52:55.522,250.436,-2,4,10,-60.81,0,0,0,0,0,0,0,1
2026-03-28 11:52:55.586,250.501,-2,4,10,-60.76,0,0,0,0,0,0,0,1
2026-03-28 11:52:55.651,250.565,-2,4,10,-60.69,0,0,0,0,0,0,0,1
2026-03-28 11:52:55.762,250.677,-2,4,10,-60.63,0,0,0,0,0,0,0,1
2026-03-28 11:52:55.810,250.725,-2,4,10,-60.63,0,0,0,0,0,0,0,1
2026-03-28 11:52:55.875,250.789,-2,4,10,-60.59,0,0,0,0,0,0,0,1
2026-03-28 11:52:56.002,250.917,-2,4,10,-60.71,0,0,0,0,0,0,0,1
2026-03-28 11:52:56.082,250.997,-2,4,7,-60.67,0,0,0,0,0,0,0,1
2026-03-28 11:52:56.162,251.076,-2,4,10,-60.67,0,0,0,0,0,0,0,1
2026-03-28 11:52:56.227,251.141,-2,4,10,-60.79,0,0,0,0,0,0,0,1
2026-03-28 11:52:56.307,251.221,-2,4,10,-60.66,0,0,0,0,0,0,0,1
2026-03-28 11:52:56.401,251.316,-2,4,10,-60.65,0,0,0,0,0,0,0,1
2026-03-28 11:52:56.513,251.428,-1,4,10,-60.66,0,0,0,0,0,0,0,1
2026-03-28 11:52:56.579,251.493,-2,4,10,-60.65,0,0,0,0,0,0,0,1
2026-03-28 11:52:56.658,251.573,-5,4,10,-60.78,0,0,0,0,0,0,0,1
2026-03-28 11:52:56.738,251.653,-4,4,10,-60.86,0,0,0,0,0,0,0,1
2026-03-28 11:52:56.818,251.733,-2,4,10,-60.78,0,0,0,0,0,0,0,1
2026-03-28 11:52:56.931,251.845,-2,4,10,-60.84,0,0,0,0,0,0,0,1
2026-03-28 11:52:56.962,251.877,-4,4,10,-60.72,0,0,0,0,0,0,0,1
2026-03-28 11:52:57.075,251.989,-4,4,10,-60.89,0,0,0,0,0,0,0,1
2026-03-28 11:52:57.235,252.149,-5,4,10,-60.67,0,0,0,0,0,0,0,1
2026-03-28 11:52:57.282,252.197,-2,4,10,-60.82,0,0,0,0,0,0,0,0
2026-03-28 11:52:57.362,252.277,-2,4,10,-60.75,0,0,0,0,0,0,0,0
2026-03-28 11:52:57.442,252.357,-4,4,10,-60.59,0,0,0,0,0,0,0,0
2026-03-28 11:52:57.522,252.436,-5,4,10,-60.58,0,0,0,0,0,0,0,0
2026-03-28 11:52:57.587,252.501,-2,4,10,-60.55,0,0,0,0,0,0,0,0
2026-03-28 11:52:57.634,252.549,-2,4,10,-60.55,0,0,0,0,0,0,0,0
2026-03-28 11:52:57.762,252.677,-5,4,10,-60.45,0,0,0,0,0,0,0,0
2026-03-28 11:52:57.890,252.804,-2,4,10,-60.59,0,0,0,0,0,0,0,0
2026-03-28 11:52:57.970,252.885,-2,4,10,-60.55,0,0,0,0,0,0,0,0
2026-03-28 11:52:58.066,252.980,-2,4,10,-60.45,0,0,0,0,0,0,0,0
2026-03-28 11:52:58.146,253.060,-2,4,10,-60.57,0,0,0,0,0,0,0,0
2026-03-28 11:52:58.242,253.156,-5,4,10,-60.47,0,0,0,0,0,0,0,0
2026-03-28 11:52:58.306,253.220,-2,4,10,-60.36,0,0,0,0,0,0,0,0
2026-03-28 11:52:58.387,253.301,-2,4,10,-60.29,0,0,0,0,0,0,0,0
2026-03-28 11:52:58.482,253.397,-2,4,10,-60.31,0,0,0,0,0,0,0,0
2026-03-28 11:52:58.579,253.493,-2,4,10,-60.25,0,0,0,0,0,0,0,0
2026-03-28 11:52:58.626,253.541,-4,4,10,-60.31,0,0,0,0,0,0,0,0
2026-03-28 11:52:58.722,253.636,-5,4,10,-60.46,0,0,0,0,0,0,0,0
2026-03-28 11:52:58.803,253.717,-5,4,10,-60.35,0,0,0,0,0,0,0,0
2026-03-28 11:52:58.850,253.764,-2,4,10,-60.36,0,0,0,0,0,0,0,0
2026-03-28 11:52:58.962,253.876,-5,4,10,-60.37,0,0,0,0,0,0,0,0
2026-03-28 11:52:59.059,253.973,-5,4,10,-60.37,0,0,0,0,0,0,0,0
2026-03-28 11:52:59.122,254.037,-2,4,10,-60.29,0,0,0,0,0,0,0,0
2026-03-28 11:52:59.281,254.196,-5,4,10,-60.36,0,0,0,0,0,0,0,0
2026-03-28 11:52:59.314,254.229,-4,4,10,-60.27,0,0,0,0,0,0,0,0
2026-03-28 11:52:59.394,254.309,-2,4,10,-60.11,0,0,0,0,0,0,0,0
2026-03-28 11:52:59.475,254.389,-2,4,10,-60.09,0,0,0,0,0,0,0,0
2026-03-28 11:52:59.554,254.469,-2,4,10,-60.14,0,0,0,0,0,0,0,0
2026-03-28 11:52:59.634,254.548,-2,4,10,-60.12,0,0,0,0,0,0,0,0
2026-03-28 11:52:59.729,254.644,-2,4,10,-60.25,0,0,0,0,0,0,0,0
2026-03-28 11:52:59.778,254.692,-2,4,10,-60.16,0,0,0,0,0,0,0,0
2026-03-28 11:52:59.842,254.757,-2,4,10,-60.06,0,0,0,0,0,0,0,0
2026-03-28 11:53:00.002,254.916,-5,4,10,-60.08,0,0,0,0,0,0,0,0
2026-03-28 11:53:00.034,254.948,-5,4,10,-60.08,0,0,0,0,0,0,0,0
2026-03-28 11:53:00.178,255.092,-5,4,10,-60.16,0,0,0,0,0,0,0,0
2026-03-28 11:53:00.274,255.189,-5,4,10,-60.05,0,0,0,0,0,0,0,0
2026-03-28 11:53:00.338,255.253,-5,4,10,-60.07,0,0,0,0,0,0,0,0
2026-03-28 11:53:00.418,255.332,-5,4,10,-60.04,0,0,0,0,0,0,0,0
2026-03-28 11:53:00.466,255.380,-4,4,10,-59.98,0,0,0,0,0,0,0,0
2026-03-28 11:53:00.578,255.493,-4,4,10,-60.02,0,0,0,0,0,0,0,0
2026-03-28 11:53:00.642,255.556,-2,4,10,-59.99,0,0,0,0,0,0,0,0
2026-03-28 11:53:00.738,255.652,-2,4,10,-60.13,0,0,0,0,0,0,0,0
2026-03-28 11:53:00.786,255.701,-5,4,10,-60.22,0,0,0,0,0,0,0,0
2026-03-28 11:53:00.882,255.797,-5,4,10,-60.22,0,0,0,0,0,0,0,0
2026-03-28 11:53:00.946,255.861,-5,4,10,-60.1,0,0,0,0,0,0,0,0
2026-03-28 11:53:01.042,255.957,-2,4,10,-60.12,0,0,0,0,0,0,0,0
2026-03-28 11:53:01.138,256.052,-2,4,10,-60.1,0,0,0,0,0,0,0,0
2026-03-28 11:53:01.266,256.180,-5,4,10,-60.04,0,0,0,0,0,0,0,0
2026-03-28 11:53:01.314,256.229,-5,4,10,-60.1,0,0,0,0,0,0,0,0
2026-03-28 11:53:01.378,256.293,-4,4,10,-60.05,0,0,0,0,0,0,0,0
2026-03-28 11:53:01.458,256.373,-4,4,10,-60.06,0,0,0,0,0,0,0,0
2026-03-28 11:53:01.554,256.469,-2,4,10,-60.03,0,0,0,0,0,0,0,0
2026-03-28 11:53:01.650,256.564,-5,4,10,-60.21,0,0,0,0,0,0,0,0
2026-03-28 11:53:01.714,256.629,-4,4,10,-60.29,0,0,0,0,0,0,0,0
2026-03-28 11:53:01.778,256.693,-5,4,10,-60.24,0,0,0,0,0,0,0,0
2026-03-28 11:53:01.842,256.757,-5,4,10,-60.26,0,0,0,0,0,0,0,0
2026-03-28 11:53:01.937,256.852,-5,4,10,-60.17,0,0,0,0,0,0,0,0
2026-03-28 11:53:02.034,256.948,-5,4,10,-60.2,0,0,0,0,0,0,0,0
2026-03-28 11:53:02.178,257.093,-5,4,10,-60.21,0,0,0,0,0,0,0,0
2026-03-28 11:53:02.243,257.157,-2,4,10,-60.24,0,0,0,0,0,0,0,0
2026-03-28 11:53:02.306,257.220,-5,4,10,-60.28,0,0,0,0,0,0,0,0
2026-03-28 11:53:02.402,257.317,-4,4,10,-60.38,0,0,0,0,0,0,0,0
2026-03-28 11:53:02.482,257.396,-4,4,10,-60.44,0,0,0,0,0,0,0,0
2026-03-28 11:53:02.561,257.476,-2,4,10,-60.37,0,0,0,0,0,0,0,0
2026-03-28 11:53:02.674,257.588,-2,4,10,-60.38,0,0,0,0,0,0,0,0
2026-03-28 11:53:02.706,257.621,-2,4,10,-60.39,0,0,0,0,0,0,0,0
2026-03-28 11:53:02.834,257.748,-4,4,10,-60.41,0,0,0,0,0,0,0,0
2026-03-28 11:53:02.882,257.797,-4,4,10,-60.34,0,0,0,0,0,0,0,0
2026-03-28 11:53:02.931,257.845,-2,4,10,-60.37,0,0,0,0,0,0,0,0
2026-03-28 11:53:03.010,257.925,-4,4,10,-60.19,0,0,0,0,0,0,0,0
2026-03-28 11:53:03.138,258.053,-2,4,10,-60.31,0,0,0,0,0,0,0,0
2026-03-28 11:53:03.234,258.148,-2,4,10,-60.32,0,0,0,0,0,0,0,0
2026-03-28 11:53:03.283,258.197,-5,4,10,-60.28,0,0,0,0,0,0,0,0
2026-03-28 11:53:03.346,258.261,-2,4,10,-60.28,0,0,0,0,0,0,0,0
2026-03-28 11:53:03.442,258.357,-2,4,10,-60.27,0,0,0,0,0,0,0,0
2026-03-28 11:53:03.521,258.436,-2,4,9,-60.11,0,0,0,0,0,0,0,0
2026-03-28 11:53:03.570,258.485,-2,4,10,-60.13,0,0,0,0,0,0,0,0
2026-03-28 11:53:03.714,258.628,-5,4,10,-60.11,0,0,0,0,0,0,0,0
2026-03-28 11:53:03.794,258.709,-2,4,10,-60.09,0,0,0,0,0,0,0,0
2026-03-28 11:53:03.874,258.789,-5,4,10,-60.14,0,0,0,0,0,0,0,0
2026-03-28 11:53:03.986,258.900,-5,4,10,-60.12,0,0,0,0,0,0,0,0
2026-03-28 11:53:04.050,258.964,-5,4,10,-60.18,0,0,0,0,0,0,0,0
2026-03-28 11:53:04.130,259.045,-2,4,10,-60.25,0,0,0,0,0,0,0,0
2026-03-28 11:53:04.226,259.140,-5,4,10,-60.14,0,0,0,0,0,0,0,0
2026-03-28 11:53:04.274,259.189,-2,4,10,-60.32,0,0,0,0,0,0,0,0
2026-03-28 11:53:04.369,259.283,-5,4,10,-60.31,0,0,0,0,0,0,0,0
2026-03-28 11:53:04.433,259.348,-2,4,10,-60.26,0,0,0,0,0,0,0,0
2026-03-28 11:53:04.514,259.428,-4,4,10,-60.2,0,0,0,0,0,0,0,0
2026-03-28 11:53:04.674,259.589,-2,4,10,-60.13,0,0,0,0,0,0,0,0
2026-03-28 11:53:04.690,259.604,-4,4,10,-60.13,0,0,0,0,0,0,0,0
2026-03-28 11:53:04.818,259.733,-2,4,10,-60.2,0,0,0,0,0,0,0,0
2026-03-28 11:53:04.850,259.764,-5,4,10,-60.1,0,0,0,0,0,0,0,0
2026-03-28 11:53:04.962,259.877,-2,4,10,-60.18,0,0,0,0,0,0,0,0
2026-03-28 11:53:05.058,259.973,-2,4,10,-60.25,0,0,0,0,0,0,0,0
2026-03-28 11:53:05.122,260.037,-2,4,10,-60.17,0,0,0,0,0,0,0,0
2026-03-28 11:53:05.234,260.148,-4,4,10,-60.15,0,0,0,0,0,0,0,0
2026-03-28 11:53:05.298,260.212,-5,4,10,-60.27,0,0,0,0,0,0,0,0
2026-03-28 11:53:05.362,260.277,-4,4,10,-60.2,0,0,0,0,0,0,0,0
2026-03-28 11:53:05.458,260.373,-4,4,10,-60.2,0,0,0,0,0,0,0,0
2026-03-28 11:53:05.506,260.421,-2,4,10,-60.22,0,0,0,0,0,0,0,0
2026-03-28 11:53:05.602,260.516,-4,4,10,-60.19,0,0,0,0,0,0,0,0
2026-03-28 11:53:05.682,260.596,-2,4,10,-60.3,0,0,0,0,0,0,0,0
2026-03-28 11:53:05.762,260.676,-5,4,10,-60.41,0,0,0,0,0,0,0,0
2026-03-28 11:53:05.810,260.725,-2,4,10,-60.36,0,0,0,0,0,0,0,0
2026-03-28 11:53:05.954,260.869,-5,4,10,-60.48,0,0,0,0,0,0,0,0
2026-03-28 11:53:05.986,260.900,-4,4,10,-60.57,0,0,0,0,0,0,0,0
2026-03-28 11:53:06.066,260.981,-2,4,10,-60.55,0,0,0,0,0,0,0,0
2026-03-28 11:53:06.146,261.060,-2,4,10,-60.57,0,0,0,0,0,0,0,0
2026-03-28 11:53:06.226,261.141,-2,4,10,-60.64,0,0,0,0,0,0,0,0
2026-03-28 11:53:06.306,261.221,-2,4,10,-60.65,0,0,0,0,0,0,0,0
2026-03-28 11:53:06.417,261.332,-5,4,10,-60.77,0,0,0,0,0,0,0,0
2026-03-28 11:53:06.497,261.412,-2,4,10,-60.78,0,0,0,0,0,0,0,0
2026-03-28 11:53:06.561,261.476,-4,4,10,-60.8,0,0,0,0,0,0,0,0
2026-03-28 11:53:06.658,261.573,-4,4,10,-60.73,0,0,0,0,0,0,0,0
2026-03-28 11:53:06.738,261.652,-2,4,10,-60.9,0,0,0,0,0,0,0,0
2026-03-28 11:53:06.786,261.700,-2,4,10,-60.93,0,0,0,0,0,0,0,0
2026-03-28 11:53:06.897,261.812,-2,4,10,-60.92,0,0,0,0,0,0,0,0
2026-03-28 11:53:06.993,261.908,-5,4,10,-60.96,0,0,0,0,0,0,0,0
2026-03-28 11:53:07.042,261.956,-2,4,10,-61.01,0,0,0,0,0,0,0,0
2026-03-28 11:53:07.137,262.052,-2,4,10,-60.96,0,0,0,0,0,0,0,0
2026-03-28 11:53:07.234,262.148,-4,4,10,-60.82,0,0,0,0,0,0,0,0
2026-03-28 11:53:07.298,262.212,-2,4,10,-60.93,0,0,0,0,0,0,0,0
2026-03-28 11:53:07.394,262.308,-2,4,10,-60.87,0,0,0,0,0,0,0,0
2026-03-28 11:53:07.490,262.404,-5,4,10,-61.02,0,0,0,0,0,0,0,0
2026-03-28 11:53:07.538,262.452,-2,4,10,-60.97,0,0,0,0,0,0,0,0
2026-03-28 11:53:07.633,262.548,-2,4,10,-60.99,0,0,0,0,0,0,0,0
2026-03-28 11:53:07.746,262.661,-2,4,10,-61.05,0,0,0,0,0,0,0,0
2026-03-28 11:53:07.793,262.708,-5,4,10,-61.12,0,0,0,0,0,0,0,0
2026-03-28 11:53:07.890,262.805,-2,4,10,-61.24,0,0,0,0,0,0,0,0
2026-03-28 11:53:07.970,262.884,-2,4,10,-61.21,0,0,0,0,0,0,0,0
2026-03-28 11:53:08.033,262.947,-5,4,10,-61.29,0,0,0,0,0,0,0,0
2026-03-28 11:53:08.145,263.060,-5,4,10,-61.3,0,0,0,0,0,0,0,0
2026-03-28 11:53:08.209,263.124,-2,4,10,-61.26,0,0,0,0,0,0,0,0
2026-03-28 11:53:08.306,263.220,-2,4,10,-61.33,0,0,0,0,0,0,0,0
2026-03-28 11:53:08.386,263.300,-4,4,10,-61.37,0,0,0,0,0,0,0,0
2026-03-28 11:53:08.482,263.396,-4,5,10,-61.33,0,0,0,0,0,0,0,0
2026-03-28 11:53:08.530,263.445,-5,4,10,-61.42,0,0,0,0,0,0,0,0
2026-03-28 11:53:08.658,263.573,-4,4,10,-61.43,0,0,0,0,0,0,0,0
2026-03-28 11:53:08.706,263.620,-5,4,10,-61.48,0,0,0,0,0,0,0,0
2026-03-28 11:53:08.785,263.700,-5,4,10,-61.51,0,0,0,0,0,0,0,0
2026-03-28 11:53:08.849,263.764,-2,4,10,-61.64,0,0,0,0,0,0,0,0
2026-03-28 11:53:08.946,263.860,-5,4,10,-61.71,0,0,0,0,0,0,0,0
2026-03-28 11:53:09.057,263.972,-2,4,10,-61.7,0,0,0,0,0,0,0,0
2026-03-28 11:53:09.138,264.052,-2,4,10,-61.7,0,0,0,0,0,0,0,0
2026-03-28 11:53:09.217,264.131,-5,4,10,-61.68,0,0,0,0,0,0,0,0
2026-03-28 11:53:09.314,264.228,-5,4,10,-61.71,0,0,0,0,0,0,0,0
2026-03-28 11:53:09.378,264.293,-5,4,10,-61.83,0,0,0,0,0,0,0,0
2026-03-28 11:53:09.474,264.388,-2,4,10,-61.7,0,0,0,0,0,0,0,0
2026-03-28 11:53:09.570,264.484,-2,4,10,-61.9,0,0,0,0,0,0,0,0
2026-03-28 11:53:09.666,264.581,-2,4,10,-61.92,0,0,0,0,0,0,0,0
2026-03-28 11:53:09.762,264.676,-2,4,10,-61.87,0,0,0,0,0,0,0,0
2026-03-28 11:53:09.826,264.741,-2,4,10,-61.84,0,0,0,0,0,0,0,0
2026-03-28 11:53:09.953,264.868,-2,4,10,-62.06,0,0,0,0,0,0,0,0
2026-03-28 11:53:09.969,264.884,-2,4,10,-62.14,0,0,0,0,0,0,0,0
2026-03-28 11:53:10.066,264.980,-2,4,10,-62.29,0,0,0,0,0,0,0,0
2026-03-28 11:53:10.194,265.108,-5,4,10,-62.35,0,0,0,0,0,0,0,0
2026-03-28 11:53:10.226,265.140,-2,4,10,-62.37,0,0,0,0,0,0,0,0
2026-03-28 11:53:10.289,265.204,-2,4,10,-62.37,0,0,0,0,0,0,0,0
2026-03-28 11:53:10.402,265.316,-2,4,10,-62.36,0,0,0,0,0,0,0,0
2026-03-28 11:53:10.418,265.332,-2,4,10,-62.34,0,0,0,0,0,0,0,0
2026-03-28 11:53:10.546,265.460,-2,4,10,-62.41,0,0,0,0,0,0,0,0
2026-03-28 11:53:10.610,265.524,-4,4,10,-62.43,0,0,0,0,0,0,0,0
2026-03-28 11:53:10.705,265.620,-2,4,10,-62.53,0,0,0,0,0,0,0,0
2026-03-28 11:53:10.801,265.716,-2,4,10,-62.51,0,0,0,0,0,0,0,0
2026-03-28 11:53:10.897,265.812,-2,4,10,-62.62,0,0,0,0,0,0,0,0
2026-03-28 11:53:10.978,265.892,-2,4,10,-62.64,0,0,0,0,0,0,0,0
2026-03-28 11:53:11.026,265.940,-2,4,10,-62.77,0,0,0,0,0,0,0,0
2026-03-28 11:53:11.138,266.052,-2,4,10,-62.74,0,0,0,0,0,0,0,0
2026-03-28 11:53:11.250,266.164,-2,4,10,-62.84,0,0,0,0,0,0,0,0
2026-03-28 11:53:11.346,266.260,-2,4,10,-62.8,0,0,0,0,0,0,0,0
2026-03-28 11:53:11.393,266.308,-5,4,10,-62.81,0,0,0,0,0,0,0,0
2026-03-28 11:53:11.426,266.340,-5,4,10,-62.94,0,0,0,0,0,0,0,0
2026-03-28 11:53:11.570,266.485,-2,4,10,-62.89,0,0,0,0,0,0,0,0
2026-03-28 11:53:11.617,266.532,-2,4,10,-63.13,0,0,0,0,0,0,0,0
2026-03-28 11:53:11.713,266.628,-2,4,10,-63.19,0,0,0,0,0,0,0,0
2026-03-28 11:53:11.761,266.676,-2,4,10,-63.21,0,0,0,0,0,0,0,0
2026-03-28 11:53:11.842,266.756,-5,4,10,-63.26,0,0,0,0,0,0,0,0
2026-03-28 11:53:11.922,266.836,-4,4,10,-63.31,0,0,0,0,0,0,0,0
2026-03-28 11:53:12.001,266.916,-5,4,10,-63.28,0,0,0,0,0,0,0,0
2026-03-28 11:53:12.130,267.044,-4,4,10,-63.35,0,0,0,0,0,0,0,0
2026-03-28 11:53:12.194,267.108,-2,4,10,-63.59,0,0,0,0,0,0,0,0
2026-03-28 11:53:12.258,267.172,-5,4,10,-63.34,0,0,0,0,0,0,0,0
2026-03-28 11:53:12.370,267.284,-5,4,10,-63.21,0,0,0,0,0,0,0,0
2026-03-28 11:53:12.433,267.348,-2,4,10,-63.6,0,0,0,0,0,0,0,0
2026-03-28 11:53:12.497,267.412,-5,4,10,-63.37,0,0,0,0,0,0,0,0
2026-03-28 11:53:12.626,267.540,-4,4,10,-63.32,0,0,0,0,0,0,0,0
2026-03-28 11:53:12.690,267.604,-5,4,10,-63.4,0,0,0,0,0,0,0,0
2026-03-28 11:53:12.785,267.700,-2,4,10,-63.32,0,0,0,0,0,0,0,0
2026-03-28 11:53:12.866,267.780,-2,4,10,-63.32,0,0,0,0,0,0,0,0
2026-03-28 11:53:13.009,267.924,-2,4,7,-63.54,0,0,0,0,0,0,0,0
2026-03-28 11:53:13.106,268.020,-2,4,7,-63.53,0,0,0,0,0,0,0,0
2026-03-28 11:53:13.185,268.100,-2,4,10,-63.57,0,0,0,0,0,0,0,0
2026-03-28 11:53:13.282,268.196,-2,4,10,-63.63,0,0,0,0,0,0,0,0
2026-03-28 11:53:13.346,268.260,-2,4,10,-63.76,0,0,0,0,0,0,0,0
2026-03-28 11:53:13.409,268.324,-2,4,10,-63.66,0,0,0,0,0,0,0,0
2026-03-28 11:53:13.473,268.388,-4,4,10,-63.68,0,0,0,0,0,0,0,0
2026-03-28 11:53:13.554,268.468,-2,4,10,-63.65,0,0,0,0,0,0,0,0
2026-03-28 11:53:13.634,268.548,-2,4,10,-63.64,0,0,0,0,0,0,0,0
2026-03-28 11:53:13.745,268.660,-4,4,10,-63.62,0,0,0,0,0,0,0,0
2026-03-28 11:53:13.826,268.740,-2,4,10,-63.68,0,0,0,0,0,0,0,0
2026-03-28 11:53:13.889,268.804,-2,4,10,-63.72,0,0,0,0,0,0,0,0
2026-03-28 11:53:14.002,268.916,-2,4,10,-63.7,0,0,0,0,0,0,0,0
2026-03-28 11:53:14.049,268.964,-2,4,10,-63.74,0,0,0,0,0,0,0,0
2026-03-28 11:53:14.129,269.043,-2,4,10,-63.89,0,0,0,0,0,0,0,0
2026-03-28 11:53:14.225,269.139,-2,4,10,-63.96,0,0,0,0,0,0,0,0
2026-03-28 11:53:14.305,269.220,-4,4,10,-63.85,0,0,0,0,0,0,0,0
2026-03-28 11:53:14.401,269.316,-5,4,10,-63.84,0,0,0,0,0,0,0,0
2026-03-28 11:53:14.466,269.380,-2,4,10,-63.69,0,0,0,0,0,0,0,0
2026-03-28 11:53:14.562,269.476,-2,4,10,-63.65,0,0,0,0,0,0,0,0
2026-03-28 11:53:14.658,269.572,-2,4,10,-63.74,0,0,0,0,0,0,0,0
2026-03-28 11:53:14.738,269.652,-2,4,10,-63.67,0,0,0,0,0,0,0,0
2026-03-28 11:53:14.817,269.732,-2,4,10,-63.79,0,0,0,0,0,0,0,0
2026-03-28 11:53:14.913,269.828,-4,4,10,-63.85,0,0,0,0,0,0,0,0
2026-03-28 11:53:14.961,269.876,-4,4,10,-63.67,0,0,0,0,0,0,0,0
2026-03-28 11:53:15.058,269.972,-2,4,10,-63.78,0,0,0,0,0,0,0,0
2026-03-28 11:53:15.169,270.084,-4,4,10,-63.8,0,0,0,0,0,0,0,0
2026-03-28 11:53:15.234,270.148,-2,4,10,-63.83,0,0,0,0,0,0,0,0
2026-03-28 11:53:15.313,270.227,-2,4,10,-63.82,0,0,0,0,0,0,0,0
2026-03-28 11:53:15.473,270.387,-2,4,10,-63.79,0,0,0,0,0,0,0,0
2026-03-28 11:53:15.490,270.404,-5,4,10,-63.8,0,0,0,0,0,0,0,0
2026-03-28 11:53:15.585,270.499,-2,4,10,-63.71,0,0,0,0,0,0,0,0
2026-03-28 11:53:15.650,270.564,-5,4,10,-63.59,0,0,0,0,0,0,0,0
2026-03-28 11:53:15.730,270.644,-5,4,10,-63.68,0,0,0,0,0,0,0,0
2026-03-28 11:53:15.761,270.676,-2,4,10,-63.6,0,0,0,0,0,0,0,0
2026-03-28 11:53:15.810,270.724,-4,4,10,-63.57,0,0,0,0,0,0,0,0
2026-03-28 11:53:15.954,270.868,-4,4,10,-63.85,0,0,0,0,0,0,0,0
2026-03-28 11:53:15.985,270.899,-5,4,10,-63.92,0,0,0,0,0,0,0,0
2026-03-28 11:53:16.082,270.996,-5,4,10,-64.02,0,0,0,0,0,0,0,0
2026-03-28 11:53:16.178,271.092,-5,4,10,-63.73,0,0,0,0,0,0,0,0
2026-03-28 11:53:16.226,271.140,-4,4,10,-63.62,0,0,0,0,0,0,0,0
2026-03-28 11:53:16.290,271.204,-2,4,10,-64.02,0,0,0,0,0,0,0,0
2026-03-28 11:53:16.369,271.283,-5,4,10,-64.06,0,0,0,0,0,0,0,0
2026-03-28 11:53:16.465,271.380,-2,4,10,-64.03,0,0,0,0,0,0,0,0
2026-03-28 11:53:16.560,271.475,-2,4,10,-63.71,0,0,0,0,0,0,0,0
2026-03-28 11:53:16.641,271.555,-4,4,10,-64.08,0,0,0,0,0,0,0,0
2026-03-28 11:53:16.689,271.604,-4,4,10,-63.78,0,0,0,0,0,0,0,0
2026-03-28 11:53:16.881,271.796,-2,4,10,-63.78,0,0,0,0,0,0,0,0
2026-03-28 11:53:16.929,271.844,-4,4,10,-63.85,0,0,0,0,0,0,0,0
2026-03-28 11:53:16.994,271.908,-2,4,10,-63.96,0,0,0,0,0,0,0,0
2026-03-28 11:53:17.074,271.988,-2,4,10,-63.82,0,0,0,0,0,0,0,0
2026-03-28 11:53:17.169,272.084,-2,4,10,-64.02,0,0,0,0,0,0,0,0
2026-03-28 11:53:17.281,272.196,-5,4,10,-63.97,0,0,0,0,0,0,0,0
2026-03-28 11:53:17.425,272.339,-2,4,10,-64.13,0,0,0,0,0,0,0,0
2026-03-28 11:53:17.474,272.388,-2,4,10,-63.93,0,0,0,0,0,0,0,0
2026-03-28 11:53:17.537,272.452,-2,4,10,-64.02,0,0,0,0,0,0,0,0
2026-03-28 11:53:17.633,272.547,-4,4,10,-63.94,0,0,0,0,0,0,0,0
2026-03-28 11:53:17.713,272.628,-2,4,10,-64.11,0,0,0,0,0,0,0,0
2026-03-28 11:53:17.777,272.692,-4,4,10,-64.09,0,0,0,0,0,0,0,0
2026-03-28 11:53:17.874,272.788,-5,4,10,-64.01,0,0,0,0,0,0,0,0
2026-03-28 11:53:17.938,272.852,-2,4,10,-64.08,0,0,0,0,0,0,0,0
2026-03-28 11:53:18.034,272.948,-4,4,10,-64.01,0,0,0,0,0,0,0,0
2026-03-28 11:53:18.114,273.028,-2,4,10,-64.23,0,0,0,0,0,0,0,0
2026-03-28 11:53:18.209,273.124,-2,4,10,-64.2,0,0,0,0,0,0,0,0
2026-03-28 11:53:18.321,273.235,-2,4,10,-63.89,0,0,0,0,0,0,0,0
2026-03-28 11:53:18.401,273.315,-2,4,10,-64.28,0,0,0,0,0,0,0,0
2026-03-28 11:53:18.465,273.380,-2,4,10,-63.96,0,0,0,0,0,0,0,0
2026-03-28 11:53:18.529,273.444,-2,4,10,-64.03,0,0,0,0,0,0,0,0
2026-03-28 11:53:18.641,273.555,-4,4,10,-64.25,0,0,0,0,0,0,0,0
2026-03-28 11:53:18.721,273.636,-2,4,10,-64.42,0,0,0,0,0,0,0,0
2026-03-28 11:53:18.768,273.683,-2,4,10,-64.25,0,0,0,0,0,0,0,0
2026-03-28 11:53:18.850,273.765,-2,4,10,-64.24,0,0,0,0,0,0,0,0
2026-03-28 11:53:18.961,273.875,-2,4,10,-64.04,0,0,0,0,0,0,0,0
2026-03-28 11:53:19.025,273.939,-5,4,10,-64.35,0,0,0,0,0,0,0,0
2026-03-28 11:53:19.104,274.018,-2,4,10,-64.27,0,0,0,0,0,0,0,0
2026-03-28 11:53:19.185,274.099,-2,4,10,-64.29,0,0,0,0,0,0,0,0
2026-03-28 11:53:19.265,274.180,-5,4,10,-64.18,0,0,0,0,0,0,0,0
2026-03-28 11:53:19.378,274.292,-5,4,10,-64.35,0,0,0,0,0,0,0,0
2026-03-28 11:53:19.457,274.372,-5,4,10,-64.63,0,0,0,0,0,0,0,0
2026-03-28 11:53:19.521,274.436,-4,4,10,-64.53,0,0,0,0,0,0,0,0
2026-03-28 11:53:19.633,274.548,-5,4,10,-64.55,0,0,0,0,0,0,0,0
2026-03-28 11:53:19.697,274.612,-5,4,10,-64.56,0,0,0,0,0,0,0,0
2026-03-28 11:53:19.778,274.692,-4,4,10,-64.49,0,0,0,0,0,0,0,0
2026-03-28 11:53:19.841,274.756,-5,4,10,-64.45,0,0,0,0,0,0,0,0
2026-03-28 11:53:19.984,274.899,-2,4,10,-64.28,0,0,0,0,0,0,0,0
2026-03-28 11:53:20.018,274.932,-5,4,10,-64.59,0,0,0,0,0,0,0,0
2026-03-28 11:53:20.113,275.028,-2,4,10,-64.59,0,0,0,0,0,0,0,0
2026-03-28 11:53:20.177,275.092,-2,4,10,-64.5,0,0,0,0,0,0,0,0
2026-03-28 11:53:20.257,275.171,-2,4,10,-64.61,0,0,0,0,0,0,0,0
2026-03-28 11:53:20.369,275.283,-2,4,10,-64.45,0,0,0,0,0,0,0,0
2026-03-28 11:53:20.465,275.380,-4,4,10,-64.63,0,0,0,0,0,0,0,0
2026-03-28 11:53:20.529,275.444,-5,4,10,-64.35,0,0,0,0,0,0,0,0
2026-03-28 11:53:20.641,275.555,-2,4,10,-64.47,0,0,0,0,0,0,0,0
2026-03-28 11:53:20.705,275.620,-4,4,10,-64.51,0,0,0,0,0,0,0,0
2026-03-28 11:53:20.800,275.715,-2,4,10,-64.59,0,0,0,0,0,0,0,0
2026-03-28 11:53:20.849,275.763,-4,4,10,-64.6,0,0,0,0,0,0,0,0
2026-03-28 11:53:20.913,275.827,-2,4,10,-64.52,0,0,0,0,0,0,0,0
2026-03-28 11:53:21.009,275.924,-5,4,10,-64.9,0,0,0,0,0,0,0,0
2026-03-28 11:53:21.105,276.020,-2,4,10,-64.62,0,0,0,0,0,0,0,0
2026-03-28 11:53:21.169,276.084,-2,4,10,-64.81,0,0,0,0,0,0,0,0
2026-03-28 11:53:21.313,276.228,-2,4,10,-64.65,0,0,0,0,0,0,0,0
2026-03-28 11:53:21.361,276.276,-4,4,10,-64.9,0,0,0,0,0,0,0,0
2026-03-28 11:53:21.441,276.355,-2,4,10,-64.99,0,0,0,0,0,0,0,0
2026-03-28 11:53:21.520,276.435,-5,4,10,-64.8,0,0,0,0,0,0,0,0
2026-03-28 11:53:21.585,276.499,-5,4,10,-64.82,0,0,0,0,0,0,0,0
2026-03-28 11:53:21.680,276.595,-5,4,10,-64.99,0,0,0,0,0,0,0,0
2026-03-28 11:53:21.745,276.660,-4,4,10,-65.01,0,0,0,0,0,0,0,0
2026-03-28 11:53:21.872,276.787,-2,4,10,-64.95,0,0,0,0,0,0,0,0
2026-03-28 11:53:21.905,276.820,-2,4,10,-64.95,0,0,0,0,0,0,0,0
2026-03-28 11:53:21.985,276.899,-2,4,10,-65.04,0,0,0,0,0,0,0,0
2026-03-28 11:53:22.097,277.012,-5,4,10,-64.89,0,0,0,0,0,0,0,0
2026-03-28 11:53:22.161,277.075,-2,4,10,-64.96,0,0,0,0,0,0,0,0
2026-03-28 11:53:22.273,277.187,-4,4,10,-64.97,0,0,0,0,0,0,0,0
2026-03-28 11:53:22.369,277.283,-2,4,10,-65.24,0,0,0,0,0,0,0,0
2026-03-28 11:53:22.401,277.316,-2,4,10,-65.11,0,0,0,0,0,0,0,0
2026-03-28 11:53:22.481,277.396,-2,4,10,-65.18,0,0,0,0,0,0,0,0
2026-03-28 11:53:22.608,277.523,-2,4,10,-65.0,0,0,0,0,0,0,0,0
2026-03-28 11:53:22.705,277.619,-4,4,10,-65.28,0,0,0,0,0,0,0,0
2026-03-28 11:53:22.737,277.651,-5,4,10,-65.13,0,0,0,0,0,0,0,0
2026-03-28 11:53:22.864,277.779,-2,4,10,-65.07,0,0,0,0,0,0,0,0
2026-03-28 11:53:22.945,277.859,-2,4,10,-65.02,0,0,0,0,0,0,0,0
2026-03-28 11:53:22.992,277.907,-2,4,10,-65.06,0,0,0,0,0,0,0,0
2026-03-28 11:53:23.137,278.052,-4,4,10,-65.07,0,0,0,0,0,0,0,0
2026-03-28 11:53:23.168,278.083,-5,4,10,-65.07,0,0,0,0,0,0,0,0
2026-03-28 11:53:23.234,278.148,-2,4,10,-65.09,0,0,0,0,0,0,0,0
2026-03-28 11:53:23.345,278.260,-4,4,10,-65.17,0,0,0,0,0,0,0,0
2026-03-28 11:53:23.473,278.387,-2,4,10,-65.25,0,0,0,0,0,0,0,0
2026-03-28 11:53:23.553,278.467,-2,4,10,-65.03,0,0,0,0,0,0,0,0
2026-03-28 11:53:23.648,278.563,-2,4,10,-65.25,0,0,0,0,0,0,0,0
2026-03-28 11:53:23.665,278.580,-5,4,10,-64.99,0,0,0,0,0,0,0,0
2026-03-28 11:53:23.777,278.691,-2,4,10,-65.25,0,0,0,0,0,0,0,0
2026-03-28 11:53:23.857,278.772,-2,4,10,-65.1,0,0,0,0,0,0,0,0
2026-03-28 11:53:23.953,278.868,-5,4,10,-65.15,0,0,0,0,0,0,0,0
2026-03-28 11:53:24.001,278.915,-5,4,10,-65.09,0,0,0,0,0,0,0,0
2026-03-28 11:53:24.081,278.996,-2,4,10,-65.1,0,0,0,0,0,0,0,0
2026-03-28 11:53:24.177,279.091,-2,4,10,-65.11,0,0,0,0,0,0,0,0
2026-03-28 11:53:24.224,279.139,-2,4,10,-65.05,0,0,0,0,0,0,0,0
2026-03-28 11:53:24.353,279.268,-2,4,10,-65.13,0,0,0,0,0,0,0,0
2026-03-28 11:53:24.385,279.299,-5,4,10,-65.33,0,0,0,0,0,0,0,0
2026-03-28 11:53:24.481,279.395,-4,4,10,-65.29,0,0,0,0,0,0,0,0
2026-03-28 11:53:24.545,279.460,-2,4,10,-65.23,0,0,0,0,0,0,0,0
2026-03-28 11:53:24.625,279.540,-2,4,10,-64.96,0,0,0,0,0,0,0,0
2026-03-28 11:53:24.753,279.667,-5,4,10,-65.3,0,0,0,0,0,0,0,0
2026-03-28 11:53:24.864,279.779,-2,4,10,-65.03,0,0,0,0,0,0,0,0
2026-03-28 11:53:24.929,279.843,-2,4,10,-65.16,0,0,0,0,0,0,0,0
2026-03-28 11:53:24.993,279.907,-2,4,10,-65.08,0,0,0,0,0,0,0,0
2026-03-28 11:53:25.057,279.971,-5,4,10,-65.22,0,0,0,0,0,0,0,0
2026-03-28 11:53:25.152,280.066,-4,4,10,-64.95,0,0,0,0,0,0,0,0
2026-03-28 11:53:25.233,280.148,-5,4,10,-65.0,0,0,0,0,0,0,0,0
2026-03-28 11:53:25.328,280.243,-2,4,10,-64.92,0,0,0,0,0,0,0,0
2026-03-28 11:53:25.425,280.339,-2,4,10,-64.89,0,0,0,0,0,0,0,0
2026-03-28 11:53:25.473,280.388,-2,4,10,-64.96,0,0,0,0,0,0,0,0
2026-03-28 11:53:25.584,280.499,-2,4,10,-64.87,0,0,0,0,0,0,0,0
2026-03-28 11:53:25.681,280.595,-2,4,10,-64.9,0,0,0,0,0,0,0,0
2026-03-28 11:53:25.713,280.627,-2,4,10,-64.88,0,0,0,0,0,0,0,0
2026-03-28 11:53:25.825,280.739,-2,4,9,-64.85,0,0,0,0,0,0,0,0
2026-03-28 11:53:25.889,280.803,-4,4,10,-64.95,0,0,0,0,0,0,0,0
2026-03-28 11:53:26.001,280.915,-5,4,10,-64.88,0,0,0,0,0,0,0,0
2026-03-28 11:53:26.049,280.963,-2,4,10,-64.8,0,0,0,0,0,0,0,0
2026-03-28 11:53:26.145,281.059,-5,4,10,-64.57,0,0,0,0,0,0,0,0
2026-03-28 11:53:26.225,281.139,-5,4,10,-64.96,0,0,0,0,0,0,0,0
2026-03-28 11:53:26.289,281.204,-2,4,10,-64.67,0,0,0,0,0,0,0,0
2026-03-28 11:53:26.417,281.331,-5,4,10,-64.49,0,0,0,0,0,0,0,0
2026-03-28 11:53:26.464,281.379,-4,4,10,-64.67,0,0,0,0,0,0,0,0
2026-03-28 11:53:26.561,281.475,-5,4,10,-64.59,0,0,0,0,0,0,0,0
2026-03-28 11:53:26.625,281.540,-5,4,10,-64.72,0,0,0,0,0,0,0,0
2026-03-28 11:53:26.705,281.619,-2,4,10,-64.5,0,0,0,0,0,0,0,0
2026-03-28 11:53:26.785,281.699,-2,4,10,-64.7,0,0,0,0,0,0,0,0
2026-03-28 11:53:26.928,281.843,-5,4,10,-64.42,0,0,0,0,0,0,0,0
2026-03-28 11:53:27.009,281.923,-4,4,10,-64.57,0,0,0,0,0,0,0,0
2026-03-28 11:53:27.073,281.988,-5,4,10,-64.38,0,0,0,0,0,0,0,0
2026-03-28 11:53:27.152,282.067,-5,4,10,-64.47,0,0,0,0,0,0,0,0
2026-03-28 11:53:27.249,282.163,-4,4,10,-64.47,0,0,0,0,0,0,0,0
2026-03-28 11:53:27.297,282.212,-2,4,10,-64.44,0,0,0,0,0,0,0,0
2026-03-28 11:53:27.361,282.275,-5,4,10,-64.47,0,0,0,0,0,0,0,0
2026-03-28 11:53:27.457,282.372,-5,4,10,-64.34,0,0,0,0,0,0,0,0
2026-03-28 11:53:27.520,282.435,-2,4,10,-64.43,0,0,0,0,0,0,0,0
2026-03-28 11:53:27.665,282.579,-2,4,10,-64.25,0,0,0,0,0,0,0,0
2026-03-28 11:53:27.729,282.643,-5,4,10,-64.21,0,0,0,0,0,0,0,0
2026-03-28 11:53:27.809,282.724,-4,4,10,-64.25,0,0,0,0,0,0,0,0
2026-03-28 11:53:27.872,282.787,-4,4,10,-64.46,0,0,0,0,0,0,0,0
2026-03-28 11:53:27.936,282.851,-2,4,10,-64.2,0,0,0,0,0,0,0,0
2026-03-28 11:53:28.017,282.932,-2,4,10,-63.96,0,0,0,0,0,0,0,0
2026-03-28 11:53:28.145,283.059,-5,4,10,-64.06,0,0,0,0,0,0,0,0
2026-03-28 11:53:28.192,283.107,-5,4,10,-64.01,0,0,0,0,0,0,0,0
2026-03-28 11:53:28.289,283.203,-2,4,10,-64.04,0,0,0,0,0,0,0,0
2026-03-28 11:53:28.432,283.347,-5,4,10,-64.03,0,0,0,0,0,0,0,0
2026-03-28 11:53:28.497,283.411,-5,4,10,-63.96,0,0,0,0,0,0,0,0
2026-03-28 11:53:28.529,283.443,-5,4,10,-64.07,0,0,0,0,0,0,0,0
2026-03-28 11:53:28.688,283.603,-5,4,10,-63.9,0,0,0,0,0,0,0,0
2026-03-28 11:53:28.736,283.650,-4,4,10,-64.0,0,0,0,0,0,0,0,0
2026-03-28 11:53:28.849,283.763,-2,4,10,-63.8,0,0,0,0,0,0,0,0
2026-03-28 11:53:28.897,283.811,-2,4,10,-63.92,0,0,0,0,0,0,0,0
2026-03-28 11:53:28.960,283.874,-4,4,10,-63.86,0,0,0,0,0,0,0,0
2026-03-28 11:53:29.055,283.970,-4,4,10,-63.95,0,0,0,0,0,0,0,0
2026-03-28 11:53:29.136,284.051,-4,4,10,-63.92,0,0,0,0,0,0,0,0
2026-03-28 11:53:29.249,284.163,-2,4,10,-63.66,0,0,0,0,0,0,0,0
2026-03-28 11:53:29.281,284.195,-4,4,10,-63.75,0,0,0,0,0,0,0,0
2026-03-28 11:53:29.376,284.291,-2,4,10,-63.63,0,0,0,0,0,0,0,0
2026-03-28 11:53:29.440,284.355,-5,4,10,-63.55,0,0,0,0,0,0,0,0
2026-03-28 11:53:29.568,284.483,-2,4,10,-63.69,0,0,0,0,0,0,0,0
2026-03-28 11:53:29.617,284.532,-2,4,10,-63.59,0,0,0,0,0,0,0,0
2026-03-28 11:53:29.712,284.627,-2,4,10,-63.58,0,0,0,0,0,0,0,0
2026-03-28 11:53:29.808,284.723,-2,4,10,-63.54,0,0,0,0,0,0,0,0
2026-03-28 11:53:29.873,284.787,-4,4,10,-63.4,0,0,0,0,0,0,0,0
2026-03-28 11:53:29.937,284.851,-2,4,10,-63.76,0,0,0,0,0,0,0,0
2026-03-28 11:53:30.017,284.931,-5,4,10,-63.6,0,0,0,0,0,0,0,0
2026-03-28 11:53:30.112,285.027,-5,4,10,-63.47,0,0,0,0,0,0,0,0
2026-03-28 11:53:30.176,285.090,-5,4,10,-63.51,0,0,0,0,0,0,0,0
2026-03-28 11:53:30.272,285.187,-4,4,10,-63.52,0,0,0,0,0,0,0,0
2026-03-28 11:53:30.353,285.267,-4,4,10,-63.55,0,0,0,0,0,0,0,0
2026-03-28 11:53:30.448,285.363,-4,4,10,-63.34,0,0,0,0,0,0,0,0
2026-03-28 11:53:30.497,285.411,-2,4,10,-63.38,0,0,0,0,0,0,0,0
2026-03-28 11:53:30.592,285.507,-5,4,10,-63.31,0,0,0,0,0,0,0,0
2026-03-28 11:53:30.672,285.587,-4,4,10,-63.43,0,0,0,0,0,0,0,0
2026-03-28 11:53:30.752,285.666,-5,4,10,-63.41,0,0,0,0,0,0,0,0
2026-03-28 11:53:30.832,285.747,-4,4,10,-63.34,0,0,0,0,0,0,0,0
2026-03-28 11:53:30.929,285.843,-4,4,10,-63.56,0,0,0,0,0,0,0,0
2026-03-28 11:53:30.993,285.907,-5,4,10,-63.37,0,0,0,0,0,0,0,0
2026-03-28 11:53:31.089,286.003,-4,4,10,-63.32,0,0,0,0,0,0,0,0
2026-03-28 11:53:31.201,286.116,-5,4,10,-63.19,0,0,0,0,0,0,0,0
2026-03-28 11:53:31.280,286.194,-2,4,10,-63.34,0,0,0,0,0,0,0,0
2026-03-28 11:53:31.360,286.275,-2,4,10,-63.21,0,0,0,0,0,0,0,0
2026-03-28 11:53:31.409,286.323,-2,4,10,-63.33,0,0,0,0,0,0,0,0
2026-03-28 11:53:31.520,286.434,-2,4,10,-63.11,0,0,0,0,0,0,0,0
2026-03-28 11:53:31.632,286.547,-2,4,10,-63.19,0,0,0,0,0,0,0,0
2026-03-28 11:53:31.681,286.595,-2,4,10,-63.16,0,0,0,0,0,0,0,0
2026-03-28 11:53:31.776,286.690,-2,4,10,-63.28,0,0,0,0,0,0,0,0
2026-03-28 11:53:31.841,286.755,-5,4,10,-63.11,0,0,0,0,0,0,0,0
2026-03-28 11:53:31.921,286.835,-4,4,10,-63.13,0,0,0,0,0,0,0,0
2026-03-28 11:53:32.033,286.947,-2,4,10,-63.19,0,0,0,0,0,0,0,0
2026-03-28 11:53:32.097,287.011,-4,4,10,-63.13,0,0,0,0,0,0,0,0
2026-03-28 11:53:32.145,287.059,-2,4,10,-63.21,0,0,0,0,0,0,0,0
2026-03-28 11:53:32.225,287.139,-5,4,10,-63.06,0,0,0,0,0,0,0,0
2026-03-28 11:53:32.305,287.219,-4,4,10,-62.93,0,0,0,0,0,0,0,0
2026-03-28 11:53:32.401,287.316,-4,4,10,-62.99,0,0,0,0,0,0,0,0
2026-03-28 11:53:32.545,287.459,-2,4,10,-62.83,0,0,0,0,0,0,0,0
2026-03-28 11:53:32.624,287.538,-5,4,10,-62.96,0,0,0,0,0,0,0,0
2026-03-28 11:53:32.704,287.619,-2,4,10,-63.12,0,0,0,0,0,0,0,0
2026-03-28 11:53:32.800,287.715,-5,4,10,-62.97,0,0,0,0,0,0,0,0
2026-03-28 11:53:32.849,287.763,-5,4,10,-62.96,0,0,0,0,0,0,0,0
2026-03-28 11:53:32.977,287.891,-2,4,10,-62.84,0,0,0,0,0,0,0,0
2026-03-28 11:53:33.057,287.971,-5,4,10,-62.74,0,0,0,0,0,0,0,0
2026-03-28 11:53:33.072,287.987,-4,4,10,-62.88,0,0,0,0,0,0,0,0
2026-03-28 11:53:33.152,288.067,-2,4,10,-62.93,0,0,0,0,0,0,0,0
2026-03-28 11:53:33.297,288.211,-2,4,10,-62.55,0,0,0,0,0,0,0,0
2026-03-28 11:53:33.361,288.275,-4,4,10,-62.51,0,0,0,0,0,0,0,0
2026-03-28 11:53:33.425,288.339,-5,4,10,-62.72,0,0,0,0,0,0,0,0
2026-03-28 11:53:33.505,288.419,-5,4,10,-62.61,0,0,0,0,0,0,0,0
2026-03-28 11:53:33.583,288.498,-2,4,10,-62.67,0,0,0,0,0,0,0,0
2026-03-28 11:53:33.649,288.563,-4,4,10,-62.7,0,0,0,0,0,0,0,0
2026-03-28 11:53:33.745,288.659,-5,4,10,-62.91,0,0,0,0,0,0,0,0
2026-03-28 11:53:33.825,288.739,-2,4,10,-62.7,0,0,0,0,0,0,0,0
2026-03-28 11:53:33.936,288.851,-5,4,10,-62.8,0,0,0,0,0,0,0,0
2026-03-28 11:53:33.952,288.867,-2,4,10,-62.79,0,0,0,0,0,0,0,0
2026-03-28 11:53:34.096,289.010,-2,4,10,-62.63,0,0,0,0,0,0,0,0
2026-03-28 11:53:34.160,289.075,-5,4,10,-62.65,0,0,0,0,0,0,0,0
2026-03-28 11:53:34.223,289.138,-5,4,10,-62.47,0,0,0,0,0,0,0,0
2026-03-28 11:53:34.304,289.219,-5,4,10,-62.5,0,0,0,0,0,0,0,0
2026-03-28 11:53:34.465,289.379,-4,4,10,-62.51,0,0,0,0,0,0,0,0
2026-03-28 11:53:34.511,289.426,-4,4,10,-62.48,0,0,0,0,0,0,0,0
2026-03-28 11:53:34.529,289.443,-5,4,10,-62.56,0,0,0,0,0,0,0,0
2026-03-28 11:53:34.625,289.539,-5,4,10,-62.46,0,0,0,0,0,0,0,0
2026-03-28 11:53:34.721,289.635,-5,4,10,-62.68,0,0,0,0,0,0,0,0
2026-03-28 11:53:34.785,289.699,-4,4,10,-62.71,0,0,0,0,0,0,0,0
2026-03-28 11:53:34.881,289.795,-2,4,10,-62.47,0,0,0,0,0,0,0,0
2026-03-28 11:53:35.009,289.923,-4,4,10,-62.35,0,0,0,0,0,0,0,0
2026-03-28 11:53:35.056,289.971,-4,4,10,-62.4,0,0,0,0,0,0,0,0
2026-03-28 11:53:35.136,290.050,-5,4,10,-62.48,0,0,0,0,0,0,0,0
2026-03-28 11:53:35.264,290.179,-5,4,10,-62.43,0,0,0,0,0,0,0,0
2026-03-28 11:53:35.328,290.243,-5,4,10,-62.28,0,0,0,0,0,0,0,0
2026-03-28 11:53:35.376,290.291,-4,4,10,-62.28,0,0,0,0,0,0,0,0
2026-03-28 11:53:35.456,290.370,-2,4,10,-62.22,0,0,0,0,0,0,0,0
2026-03-28 11:53:35.569,290.483,-5,4,10,-62.17,0,0,0,0,0,0,0,0
2026-03-28 11:53:35.633,290.547,-5,4,10,-62.13,0,0,0,0,0,0,0,0
2026-03-28 11:53:35.712,290.627,-4,4,10,-62.2,0,0,0,0,0,0,0,0
2026-03-28 11:53:35.824,290.739,-2,4,10,-62.13,0,0,0,0,0,0,0,0
2026-03-28 11:53:35.935,290.850,-5,4,10,-62.15,0,0,0,0,0,0,0,0
2026-03-28 11:53:36.016,290.930,-5,4,10,-62.09,0,0,0,0,0,0,0,0
2026-03-28 11:53:36.064,290.979,-4,4,10,-62.01,0,0,0,0,0,0,0,0
2026-03-28 11:53:36.145,291.059,-2,4,10,-62.16,0,0,0,0,0,0,0,0
2026-03-28 11:53:36.240,291.154,-2,4,10,-62.01,0,0,0,0,0,0,0,0
2026-03-28 11:53:36.352,291.266,-2,4,10,-62.18,0,0,0,0,0,0,0,0
2026-03-28 11:53:36.449,291.363,-2,4,10,-62.02,0,0,0,0,0,0,0,0
2026-03-28 11:53:36.528,291.442,-4,4,10,-62.09,0,0,0,0,0,0,0,0
2026-03-28 11:53:36.609,291.523,-2,4,10,-62.0,0,0,0,0,0,0,0,0
2026-03-28 11:53:36.672,291.587,-4,4,10,-61.95,0,0,0,0,0,0,0,0
2026-03-28 11:53:36.769,291.683,-2,4,10,-62.14,0,0,0,0,0,0,0,0
2026-03-28 11:53:36.800,291.715,-5,4,10,-61.99,0,0,0,0,0,0,0,0
2026-03-28 11:53:36.880,291.794,-2,4,10,-62.19,0,0,0,0,0,0,0,0
2026-03-28 11:53:37.008,291.922,-2,4,10,-62.18,0,0,0,0,0,0,0,0
2026-03-28 11:53:37.088,292.002,-2,4,10,-61.89,0,0,0,0,0,0,0,0
2026-03-28 11:53:37.151,292.066,-4,4,10,-61.81,0,0,0,0,0,0,0,0
2026-03-28 11:53:37.248,292.163,-5,4,10,-61.94,0,0,0,0,0,0,0,0
2026-03-28 11:53:37.312,292.226,-4,4,10,-61.88,0,0,0,0,0,0,0,0
2026-03-28 11:53:37.376,292.290,-5,4,10,-61.86,0,0,0,0,0,0,0,0
2026-03-28 11:53:37.456,292.371,-2,4,10,-62.01,0,0,0,0,0,0,0,0
2026-03-28 11:53:37.520,292.435,-4,4,10,-61.83,0,0,0,0,0,0,0,0
2026-03-28 11:53:37.632,292.547,-4,4,10,-61.72,0,0,0,0,0,0,0,0
2026-03-28 11:53:37.728,292.642,-2,4,10,-61.89,0,0,0,0,0,0,0,0
2026-03-28 11:53:37.824,292.738,-2,4,10,-61.86,0,0,0,0,0,0,0,0
2026-03-28 11:53:37.856,292.770,-2,4,10,-61.97,0,0,0,0,0,0,0,0
2026-03-28 11:53:37.920,292.835,-2,4,7,-61.97,0,0,0,0,0,0,0,0
2026-03-28 11:53:38.016,292.931,-2,4,10,-61.77,0,0,0,0,0,0,0,0
2026-03-28 11:53:38.112,293.026,-5,4,10,-61.86,0,0,0,0,0,0,0,0
2026-03-28 11:53:38.192,293.107,-5,4,10,-61.9,0,0,0,0,0,0,0,0
2026-03-28 11:53:38.304,293.219,-4,4,10,-61.9,0,0,0,0,0,0,0,0
2026-03-28 11:53:38.352,293.267,-5,4,10,-61.91,0,0,0,0,0,0,0,0
2026-03-28 11:53:38.400,293.315,-5,4,10,-61.76,0,0,0,0,0,0,0,0
2026-03-28 11:53:38.529,293.443,-4,4,10,-61.73,0,0,0,0,0,0,0,0
2026-03-28 11:53:38.624,293.539,-2,4,10,-61.72,0,0,0,0,0,0,0,0
2026-03-28 11:53:38.751,293.666,-5,4,10,-61.74,0,0,0,0,0,0,0,0
2026-03-28 11:53:38.784,293.698,-2,4,10,-61.79,0,0,0,0,0,0,0,0
2026-03-28 11:53:38.880,293.794,-4,4,10,-61.79,0,0,0,0,0,0,0,0
2026-03-28 11:53:38.992,293.906,-2,4,10,-61.98,0,0,0,0,0,0,0,0
2026-03-28 11:53:39.056,293.970,-2,4,10,-61.79,0,0,0,0,0,0,0,0
2026-03-28 11:53:39.104,294.019,-5,4,10,-61.72,0,0,0,0,0,0,0,0
2026-03-28 11:53:39.215,294.130,-4,4,10,-61.68,0,0,0,0,0,0,0,0
2026-03-28 11:53:39.280,294.195,-4,4,10,-61.63,0,0,0,0,0,0,0,0
2026-03-28 11:53:39.391,294.306,-4,4,10,-61.76,0,0,0,0,0,0,0,0
2026-03-28 11:53:39.456,294.371,-2,4,10,-61.59,0,0,0,0,0,0,0,0
2026-03-28 11:53:39.568,294.482,-5,4,10,-61.83,0,0,0,0,0,0,0,0
2026-03-28 11:53:39.616,294.531,-2,4,10,-61.61,0,0,0,0,0,0,0,0
2026-03-28 11:53:39.712,294.627,-4,4,10,-61.47,0,0,0,0,0,0,0,0
2026-03-28 11:53:39.777,294.691,-2,4,10,-61.64,0,0,0,0,0,0,0,0
2026-03-28 11:53:39.840,294.755,-2,4,10,-61.71,0,0,0,0,0,0,0,0
2026-03-28 11:53:39.936,294.850,-5,4,10,-61.71,0,0,0,0,0,0,0,0
2026-03-28 11:53:40.048,294.962,-5,4,10,-61.53,0,0,0,0,0,0,0,0
2026-03-28 11:53:40.112,295.026,-5,4,10,-61.67,0,0,0,0,0,0,0,0
2026-03-28 11:53:40.208,295.122,-2,4,10,-61.45,0,0,0,0,0,0,0,0
2026-03-28 11:53:40.272,295.187,-4,4,10,-61.38,0,0,0,0,0,0,0,0
2026-03-28 11:53:40.352,295.266,-5,4,10,-61.37,0,0,0,0,0,0,0,0
2026-03-28 11:53:40.480,295.395,-5,4,10,-61.32,0,0,0,0,0,0,0,0
2026-03-28 11:53:40.544,295.458,-5,4,10,-61.07,0,0,0,0,0,0,0,0
2026-03-28 11:53:40.576,295.490,-5,4,10,-61.17,0,0,0,0,0,0,0,0
2026-03-28 11:53:40.672,295.586,-5,4,10,-61.1,0,0,0,0,0,0,0,0
2026-03-28 11:53:40.768,295.683,-2,4,10,-61.14,0,0,0,0,0,0,0,0
2026-03-28 11:53:40.912,295.827,-2,4,10,-61.32,0,0,0,0,0,0,0,0
2026-03-28 11:53:40.943,295.858,-4,4,10,-61.5,0,0,0,0,0,0,0,0
2026-03-28 11:53:41.040,295.954,-5,4,10,-61.56,0,0,0,0,0,0,0,0
2026-03-28 11:53:41.104,296.018,-5,4,10,-61.62,0,0,0,0,0,0,0,0
2026-03-28 11:53:41.152,296.067,-2,4,10,-61.3,0,0,0,0,0,0,0,0
2026-03-28 11:53:41.328,296.243,-4,4,10,-61.07,0,0,0,0,0,0,0,0
2026-03-28 11:53:41.408,296.322,-5,4,10,-61.05,0,0,0,0,0,0,0,0
2026-03-28 11:53:41.504,296.419,-4,4,10,-60.82,0,0,0,0,0,0,0,0
2026-03-28 11:53:41.616,296.531,-5,4,10,-60.86,0,0,0,0,0,0,0,0
2026-03-28 11:53:41.648,296.563,-4,4,10,-61.15,0,0,0,0,0,0,0,0
2026-03-28 11:53:41.760,296.675,-4,4,10,-61.12,0,0,0,0,0,0,0,0
2026-03-28 11:53:41.840,296.755,-2,4,10,-61.26,0,0,0,0,0,0,0,0
2026-03-28 11:53:41.968,296.882,-2,4,10,-61.59,0,0,0,0,0,0,0,0
2026-03-28 11:53:42.064,296.978,-4,4,10,-61.48,0,0,0,0,0,0,0,0
2026-03-28 11:53:42.128,297.042,-2,4,10,-61.42,0,0,0,0,0,0,0,0
2026-03-28 11:53:42.240,297.155,-5,4,10,-61.36,0,0,0,0,0,0,0,0
2026-03-28 11:53:42.272,297.186,-2,4,10,-61.17,0,0,0,0,0,0,0,0
2026-03-28 11:53:42.368,297.282,-4,4,10,-61.17,0,0,0,0,0,0,0,0
2026-03-28 11:53:42.464,297.378,-5,4,10,-60.99,0,0,0,0,0,0,0,0
2026-03-28 11:53:42.528,297.442,-4,4,10,-61.02,0,0,0,0,0,0,0,0
2026-03-28 11:53:42.640,297.555,-4,4,10,-61.06,0,0,0,0,0,0,0,0
2026-03-28 11:53:42.719,297.633,-2,4,10,-61.06,0,0,0,0,0,0,0,0
2026-03-28 11:53:42.800,297.714,-2,4,10,-61.21,0,0,0,0,0,0,0,0
2026-03-28 11:53:42.864,297.779,-2,4,10,-61.08,0,0,0,0,0,0,0,0
2026-03-28 11:53:42.928,297.842,-5,4,10,-61.14,0,0,0,0,0,0,0,0
2026-03-28 11:53:43.088,298.003,-4,4,10,-60.91,0,0,0,0,0,0,0,0
2026-03-28 11:53:43.120,298.034,-2,4,10,-61.0,0,0,0,0,0,0,0,0
2026-03-28 11:53:43.200,298.115,-4,4,7,-60.63,0,0,0,0,0,0,0,0
2026-03-28 11:53:43.312,298.226,-2,4,10,-60.77,0,0,0,0,0,0,0,0
2026-03-28 11:53:43.344,298.259,-2,4,10,-60.79,0,0,0,0,0,0,0,0
2026-03-28 11:53:43.408,298.323,-5,4,10,-60.76,0,0,0,0,0,0,0,0
2026-03-28 11:53:43.488,298.402,-4,4,10,-60.91,0,0,0,0,0,0,0,0
2026-03-28 11:53:43.584,298.499,-5,4,10,-60.78,0,0,0,0,0,0,0,0
2026-03-28 11:53:43.664,298.578,-2,4,10,-60.81,0,0,0,0,0,0,0,0
2026-03-28 11:53:43.759,298.674,-2,4,10,-60.72,0,0,0,0,0,0,0,0
2026-03-28 11:53:43.856,298.771,-4,4,10,-60.51,0,0,0,0,0,0,0,0
2026-03-28 11:53:43.936,298.850,-2,4,10,-60.31,0,0,0,0,0,0,0,0
2026-03-28 11:53:44.000,298.914,-4,4,10,-60.17,0,0,0,0,0,0,0,0
2026-03-28 11:53:44.063,298.978,-5,4,10,-60.2,0,0,0,0,0,0,0,0
2026-03-28 11:53:44.159,299.074,-2,4,10,-59.92,0,0,0,0,0,0,0,0
2026-03-28 11:53:44.207,299.122,-5,4,10,-60.17,0,0,0,0,0,0,0,0
2026-03-28 11:53:44.320,299.234,-4,4,10,-60.32,0,0,0,0,0,0,0,0
2026-03-28 11:53:44.399,299.313,-5,4,10,-60.36,0,0,0,0,0,0,0,0
2026-03-28 11:53:44.448,299.362,-2,4,10,-60.5,0,0,0,0,0,0,0,0
2026-03-28 11:53:44.543,299.458,-2,4,10,-60.33,0,0,0,0,0,0,0,0
2026-03-28 11:53:44.656,299.570,-5,4,10,-60.28,0,0,0,0,0,0,0,0
2026-03-28 11:53:44.736,299.650,-5,4,10,-59.92,0,0,0,0,0,0,0,0
2026-03-28 11:53:44.768,299.682,-5,4,10,-59.78,0,0,0,0,0,0,0,0
2026-03-28 11:53:44.927,299.841,-5,4,10,-59.59,0,0,0,0,0,0,0,0
2026-03-28 11:53:44.992,299.906,-4,4,10,-59.35,0,0,0,0,0,0,0,0
2026-03-28 11:53:45.072,299.987,-4,4,10,-59.71,0,0,0,0,0,0,0,0
2026-03-28 11:53:45.168,300.082,-2,4,10,-59.78,0,0,0,0,0,0,0,0
2026-03-28 11:53:45.231,300.146,-2,4,10,-60.12,0,0,0,0,0,0,0,0
2026-03-28 11:53:45.328,300.242,-2,4,10,-60.11,0,0,0,0,0,0,0,0
2026-03-28 11:53:45.376,300.290,-2,4,10,-60.26,0,0,0,0,0,0,0,0
2026-03-28 11:53:45.471,300.386,-5,4,10,-60.26,0,0,0,0,0,0,0,0
2026-03-28 11:53:45.519,300.434,-5,4,10,-60.2,0,0,0,0,0,0,0,0
2026-03-28 11:53:45.680,300.594,-5,4,10,-59.96,0,0,0,0,0,0,0,0
2026-03-28 11:53:45.695,300.610,-5,4,10,-59.98,0,0,0,0,0,0,0,0
2026-03-28 11:53:45.775,300.690,-5,4,10,-59.92,0,0,0,0,0,0,0,0
2026-03-28 11:53:45.856,300.771,-5,4,10,-59.72,0,0,0,0,0,0,0,0
2026-03-28 11:53:45.952,300.866,-2,4,10,-59.81,0,0,0,0,0,0,0,0
2026-03-28 11:53:46.064,300.978,-2,4,10,-59.96,0,0,0,0,0,0,0,0
2026-03-28 11:53:46.095,301.010,-2,4,10,-60.25,0,0,0,0,0,0,0,0
2026-03-28 11:53:46.223,301.138,-5,4,10,-60.16,0,0,0,0,0,0,0,0
2026-03-28 11:53:46.271,301.186,-4,4,10,-60.0,0,0,0,0,0,0,0,0
2026-03-28 11:53:46.352,301.266,-4,4,10,-59.88,0,0,0,0,0,0,0,0
2026-03-28 11:53:46.448,301.362,-2,4,10,-60.09,0,0,0,0,0,0,0,0
2026-03-28 11:53:46.512,301.426,-5,4,10,-59.68,0,0,0,0,0,0,0,0
2026-03-28 11:53:46.608,301.522,-2,4,10,-59.48,0,0,0,0,0,0,0,0
2026-03-28 11:53:46.671,301.586,-5,4,10,-59.4,0,0,0,0,0,0,0,0
2026-03-28 11:53:46.767,301.681,-5,4,10,-59.34,0,0,0,0,0,0,0,0
2026-03-28 11:53:46.895,301.809,-5,4,10,-59.36,0,0,0,0,0,0,0,0
2026-03-28 11:53:46.942,301.857,-4,4,10,-59.31,0,0,0,0,0,0,0,0
2026-03-28 11:53:47.024,301.938,-5,4,10,-59.5,0,0,0,0,0,0,0,0
2026-03-28 11:53:47.119,302.034,-5,4,10,-59.57,0,0,0,0,0,0,0,0
2026-03-28 11:53:47.216,302.130,-2,4,10,-59.93,0,0,0,0,0,0,0,0
2026-03-28 11:53:47.295,302.210,-4,4,10,-59.9,0,0,0,0,0,0,0,0
2026-03-28 11:53:47.376,302.290,-5,4,10,-59.67,0,0,0,0,0,0,0,0
2026-03-28 11:53:47.472,302.386,-5,4,10,-59.59,0,0,0,0,0,0,0,0
2026-03-28 11:53:47.567,302.482,-4,4,10,-59.43,0,0,0,0,0,0,0,0
2026-03-28 11:53:47.648,302.562,-4,4,10,-59.31,0,0,0,0,0,0,0,0
2026-03-28 11:53:47.728,302.642,-4,4,10,-59.37,0,0,0,0,0,0,0,0
2026-03-28 11:53:47.808,302.722,-5,4,10,-59.3,0,0,0,0,0,0,0,0
2026-03-28 11:53:47.903,302.818,-4,4,10,-59.44,0,0,0,0,0,0,0,0
2026-03-28 11:53:47.919,302.834,-2,4,10,-59.59,0,0,0,0,0,0,0,0
2026-03-28 11:53:48.032,302.946,-5,4,10,-59.46,0,0,0,0,0,0,0,0
2026-03-28 11:53:48.112,303.026,-5,4,10,-59.73,0,0,0,0,0,0,0,0
2026-03-28 11:53:48.159,303.074,-4,4,10,-59.65,0,0,0,0,0,0,0,0
2026-03-28 11:53:48.255,303.170,-5,4,10,-59.48,0,0,0,0,0,0,0,0
2026-03-28 11:53:48.336,303.250,-5,4,10,-59.39,0,0,0,0,0,0,0,0
2026-03-28 11:53:48.448,303.362,-5,4,10,-59.2,0,0,0,0,0,0,0,0
2026-03-28 11:53:48.512,303.426,-5,4,10,-59.02,0,0,0,0,0,0,0,0
2026-03-28 11:53:48.575,303.490,-2,4,10,-58.99,0,0,0,0,0,0,0,0
2026-03-28 11:53:48.703,303.618,-5,4,10,-58.98,0,0,0,0,0,0,0,0
2026-03-28 11:53:48.752,303.666,-5,4,10,-59.11,0,0,0,0,0,0,0,0
2026-03-28 11:53:48.864,303.778,-4,4,10,-59.21,0,0,0,0,0,0,0,0
2026-03-28 11:53:48.928,303.842,-4,4,10,-59.26,0,0,0,0,0,0,0,0
2026-03-28 11:53:48.992,303.906,-5,4,10,-59.0,0,0,0,0,0,0,0,0
2026-03-28 11:53:49.072,303.986,-5,4,10,-59.44,0,0,0,0,0,0,0,0
2026-03-28 11:53:49.199,304.113,-2,4,10,-59.32,0,0,0,0,0,0,0,0
2026-03-28 11:53:49.248,304.162,-2,4,10,-59.13,0,0,0,0,0,0,0,0
2026-03-28 11:53:49.311,304.226,-2,4,10,-59.18,0,0,0,0,0,0,0,0
2026-03-28 11:53:49.391,304.306,-5,4,10,-58.87,0,0,0,0,0,0,0,0
2026-03-28 11:53:49.487,304.402,-2,4,10,-58.95,0,0,0,0,0,0,0,0
2026-03-28 11:53:49.615,304.529,-2,4,10,-58.92,0,0,0,0,0,0,0,0
2026-03-28 11:53:49.664,304.578,-5,4,10,-59.17,0,0,0,0,0,0,0,0
2026-03-28 11:53:49.792,304.706,-2,4,10,-59.19,0,0,0,0,0,0,0,0
2026-03-28 11:53:49.856,304.770,-5,4,10,-59.39,0,0,0,0,0,0,0,0
2026-03-28 11:53:49.920,304.834,-4,4,10,-59.33,0,0,0,0,0,0,0,0
2026-03-28 11:53:50.000,304.914,-5,4,10,-59.27,0,0,0,0,0,0,0,0
2026-03-28 11:53:50.063,304.978,-5,4,10,-59.31,0,0,0,0,0,0,0,0
2026-03-28 11:53:50.144,305.058,-2,4,10,-58.87,0,0,0,0,0,0,0,0
2026-03-28 11:53:50.223,305.138,-4,4,10,-58.8,0,0,0,0,0,0,0,0
2026-03-28 11:53:50.319,305.234,-5,4,10,-58.63,0,0,0,0,0,0,0,0
2026-03-28 11:53:50.383,305.297,-4,4,10,-58.57,0,0,0,0,0,0,0,0
2026-03-28 11:53:50.479,305.394,-5,4,10,-58.62,0,0,0,0,0,0,0,0
2026-03-28 11:53:50.576,305.490,-4,4,10,-58.67,0,0,0,0,0,0,0,0
2026-03-28 11:53:50.623,305.538,-4,4,10,-58.87,0,0,0,0,0,0,0,0
2026-03-28 11:53:50.751,305.665,-5,4,10,-58.84,0,0,0,0,0,0,0,0
2026-03-28 11:53:50.799,305.714,-5,4,10,-59.07,0,0,0,0,0,0,0,0
2026-03-28 11:53:50.911,305.826,-5,4,10,-59.02,0,0,0,0,0,0,0,0
2026-03-28 11:53:50.991,305.906,-4,4,10,-58.93,0,0,0,0,0,0,0,0
2026-03-28 11:53:51.039,305.954,-2,4,10,-58.94,0,0,0,0,0,0,0,0
2026-03-28 11:53:51.136,306.050,-2,4,10,-58.81,0,0,0,0,0,0,0,0
2026-03-28 11:53:51.232,306.146,-5,4,10,-58.76,0,0,0,0,0,0,0,0
2026-03-28 11:53:51.359,306.274,-5,4,10,-58.75,0,0,0,0,0,0,0,0
2026-03-28 11:53:51.456,306.370,-5,4,10,-58.75,0,0,0,0,0,0,0,0
2026-03-28 11:53:51.487,306.401,-2,4,10,-58.66,0,0,0,0,0,0,0,0
2026-03-28 11:53:51.632,306.546,-2,4,10,-58.82,0,0,0,0,0,0,0,0
2026-03-28 11:53:51.712,306.626,-2,4,10,-58.85,0,0,0,0,0,0,0,0
2026-03-28 11:53:51.824,306.738,-4,4,10,-58.88,0,0,0,0,0,0,0,0
2026-03-28 11:53:51.887,306.801,-2,4,10,-59.16,0,0,0,0,0,0,0,0
2026-03-28 11:53:51.903,306.818,-5,4,10,-59.0,0,0,0,0,0,0,0,0
2026-03-28 11:53:51.983,306.897,-5,4,10,-58.89,0,0,0,0,0,0,0,0
2026-03-28 11:53:52.063,306.978,-2,4,10,-58.64,0,0,0,0,0,0,0,0
2026-03-28 11:53:52.176,307.090,-5,4,10,-58.54,0,0,0,0,0,0,0,0
2026-03-28 11:53:52.208,307.122,-5,4,10,-58.44,0,0,0,0,0,0,0,0
2026-03-28 11:53:52.351,307.266,-2,4,10,-58.55,0,0,0,0,0,0,0,0
2026-03-28 11:53:52.399,307.313,-2,4,10,-58.56,0,0,0,0,0,0,0,0
2026-03-28 11:53:52.480,307.394,-5,4,10,-58.65,0,0,0,0,0,0,0,0
2026-03-28 11:53:52.559,307.473,-4,4,10,-58.83,0,0,0,0,0,0,0,0
2026-03-28 11:53:52.687,307.602,-5,4,10,-58.87,0,0,0,0,0,0,0,0
2026-03-28 11:53:52.719,307.634,-4,4,10,-59.13,0,0,0,0,0,0,0,0
2026-03-28 11:53:52.816,307.730,-5,4,10,-58.91,0,0,0,0,0,0,0,0
2026-03-28 11:53:52.879,307.794,-2,4,10,-58.9,0,0,0,0,0,0,0,0
2026-03-28 11:53:52.960,307.874,-2,4,10,-58.72,0,0,0,0,0,0,0,0
2026-03-28 11:53:53.055,307.970,-2,4,10,-58.73,0,0,0,0,0,0,0,0
2026-03-28 11:53:53.103,308.018,-2,4,10,-58.62,0,0,0,0,0,0,0,0
2026-03-28 11:53:53.216,308.130,-2,4,10,-58.62,0,0,0,0,0,0,0,0
2026-03-28 11:53:53.295,308.209,-2,4,10,-58.7,0,0,0,0,0,0,0,0
2026-03-28 11:53:53.359,308.274,-5,4,10,-59.16,0,0,0,0,0,0,0,0
2026-03-28 11:53:53.504,308.418,-4,4,10,-58.94,0,0,0,0,0,0,0,0
2026-03-28 11:53:53.567,308.482,-5,4,10,-59.02,0,0,0,0,0,0,0,0
2026-03-28 11:53:53.632,308.546,-5,4,10,-59.09,0,0,0,0,0,0,0,0
2026-03-28 11:53:53.744,308.658,-4,4,10,-59.13,0,0,0,0,0,0,0,0
2026-03-28 11:53:53.823,308.738,-4,4,10,-58.96,0,0,0,0,0,0,0,0
2026-03-28 11:53:53.902,308.817,-5,4,10,-58.69,0,0,0,0,0,0,0,0
2026-03-28 11:53:53.983,308.898,-2,4,10,-58.78,0,0,0,0,0,0,0,0
2026-03-28 11:53:54.095,309.009,-4,4,10,-58.58,0,0,0,0,0,0,0,0
2026-03-28 11:53:54.159,309.073,-2,4,10,-58.51,0,0,0,0,0,0,0,0
2026-03-28 11:53:54.255,309.170,-4,4,10,-58.6,0,0,0,0,0,0,0,0
2026-03-28 11:53:54.320,309.234,-5,4,10,-58.63,0,0,0,0,0,0,0,0
2026-03-28 11:53:54.400,309.314,-4,4,10,-58.99,0,0,0,0,0,0,0,0
2026-03-28 11:53:54.463,309.378,-5,4,10,-58.84,0,0,0,0,0,0,0,0
2026-03-28 11:53:54.559,309.474,-2,4,10,-58.84,0,0,0,0,0,0,0,0
2026-03-28 11:53:54.607,309.521,-4,4,10,-59.08,0,0,0,0,0,0,0,0
2026-03-28 11:53:54.686,309.601,-2,4,10,-58.83,0,0,0,0,0,0,0,0
2026-03-28 11:53:54.768,309.682,-5,4,10,-58.73,0,0,0,0,0,0,0,0
2026-03-28 11:53:54.895,309.810,-5,4,10,-58.58,0,0,0,0,0,0,0,0
2026-03-28 11:53:54.976,309.890,-4,4,10,-58.6,0,0,0,0,0,0,0,0
2026-03-28 11:53:55.006,309.921,-2,4,10,-58.58,0,0,0,0,0,0,0,0
2026-03-28 11:53:55.087,310.001,-5,4,10,-58.71,0,0,0,0,0,0,0,0
2026-03-28 11:53:55.199,310.113,-2,4,10,-58.72,0,0,0,0,0,0,0,0
2026-03-28 11:53:55.327,310.242,-2,4,10,-58.77,0,0,0,0,0,0,0,0
2026-03-28 11:53:55.343,310.257,-5,4,10,-58.8,0,0,0,0,0,0,0,0
2026-03-28 11:53:55.423,310.337,-4,4,10,-58.9,0,0,0,0,0,0,0,0
2026-03-28 11:53:55.535,310.450,-2,4,10,-58.81,0,0,0,0,0,0,0,0
2026-03-28 11:53:55.663,310.577,-2,4,10,-58.53,0,0,0,0,0,0,0,0
2026-03-28 11:53:55.743,310.657,-2,4,10,-58.66,0,0,0,0,0,0,0,0
2026-03-28 11:53:55.807,310.722,-5,4,10,-58.66,0,0,0,0,0,0,0,0
2026-03-28 11:53:55.903,310.817,-4,4,10,-58.62,0,0,0,0,0,0,0,0
2026-03-28 11:53:56.000,310.914,-4,4,10,-58.54,0,0,0,0,0,0,0,0
2026-03-28 11:53:56.063,310.978,-5,4,10,-58.58,0,0,0,0,0,0,0,0
2026-03-28 11:53:56.143,311.057,-4,4,10,-58.58,0,0,0,0,0,0,0,0
2026-03-28 11:53:56.239,311.154,-4,4,10,-58.82,0,0,0,0,0,0,0,0
2026-03-28 11:53:56.286,311.201,-5,4,10,-58.53,0,0,0,0,0,0,0,0
2026-03-28 11:53:56.368,311.282,-4,4,10,-59.0,0,0,0,0,0,0,0,0
2026-03-28 11:53:56.431,311.345,-5,4,10,-58.73,0,0,0,0,0,0,0,0
2026-03-28 11:53:56.527,311.441,-4,4,10,-58.6,0,0,0,0,0,0,0,0
2026-03-28 11:53:56.623,311.537,-5,4,10,-58.47,0,0,0,0,0,0,0,0
2026-03-28 11:53:56.719,311.634,-5,4,10,-58.48,0,0,0,0,0,0,0,0
2026-03-28 11:53:56.799,311.713,-5,4,10,-58.41,0,0,0,0,0,0,0,0
2026-03-28 11:53:56.927,311.841,-4,4,10,-58.52,0,0,0,0,0,0,0,0
2026-03-28 11:53:56.991,311.905,-5,4,10,-58.64,0,0,0,0,0,0,0,0
2026-03-28 11:53:57.039,311.953,-2,4,10,-58.6,0,0,0,0,0,0,0,0
2026-03-28 11:53:57.104,312.018,-4,4,10,-58.67,0,0,0,0,0,0,0,0
2026-03-28 11:53:57.215,312.130,-5,4,10,-58.54,0,0,0,0,0,0,0,0
2026-03-28 11:53:57.295,312.209,-4,4,10,-58.64,0,0,0,0,0,0,0,0
2026-03-28 11:53:57.391,312.305,-5,4,10,-58.65,0,0,0,0,0,0,0,0
2026-03-28 11:53:57.439,312.353,-2,4,10,-58.5,0,0,0,0,0,0,0,0
2026-03-28 11:53:57.535,312.450,-2,4,10,-58.47,0,0,0,0,0,0,0,0
2026-03-28 11:53:57.615,312.529,-2,4,10,-58.3,0,0,0,0,0,0,0,0
2026-03-28 11:53:57.711,312.625,-5,4,10,-58.29,0,0,0,0,0,0,0,0
2026-03-28 11:53:57.759,312.673,-2,4,10,-58.26,0,0,0,0,0,0,0,0
2026-03-28 11:53:57.855,312.769,-2,4,10,-58.52,0,0,0,0,0,0,0,0
2026-03-28 11:53:57.919,312.833,-2,4,7,-58.54,0,0,0,0,0,0,0,0
2026-03-28 11:53:57.998,312.913,-2,4,10,-58.54,0,0,0,0,0,0,0,0
2026-03-28 11:53:58.079,312.993,-2,4,10,-58.73,0,0,0,0,0,0,0,0
2026-03-28 11:53:58.191,313.105,-2,4,10,-58.47,0,0,0,0,0,0,0,0
2026-03-28 11:53:58.255,313.169,-5,4,10,-58.46,0,0,0,0,0,0,0,0
2026-03-28 11:53:58.415,313.330,-2,4,10,-58.33,0,0,0,0,0,0,0,0
2026-03-28 11:53:58.447,313.361,-2,4,10,-58.09,0,0,0,0,0,0,0,0
2026-03-28 11:53:58.510,313.425,-2,4,10,-58.01,0,0,0,0,0,0,0,0
2026-03-28 11:53:58.591,313.506,-5,4,10,-57.87,0,0,0,0,0,0,0,0
2026-03-28 11:53:58.687,313.601,-5,4,10,-57.84,0,0,0,0,0,0,0,0
2026-03-28 11:53:58.751,313.665,-4,4,10,-57.99,0,0,0,0,0,0,0,0
2026-03-28 11:53:58.831,313.745,-5,4,10,-58.25,0,0,0,0,0,0,0,0
2026-03-28 11:53:58.943,313.857,-2,4,10,-58.33,0,0,0,0,0,0,0,0
2026-03-28 11:53:59.007,313.922,-2,4,10,-58.35,0,0,0,0,0,0,0,0
2026-03-28 11:53:59.055,313.969,-5,4,10,-58.6,0,0,0,0,0,0,0,0
2026-03-28 11:53:59.151,314.065,-5,4,10,-58.36,0,0,0,0,0,0,0,0
2026-03-28 11:53:59.262,314.177,-5,4,10,-58.43,0,0,0,0,0,0,0,0
2026-03-28 11:53:59.295,314.210,-5,4,10,-58.13,0,0,0,0,0,0,0,0
2026-03-28 11:53:59.390,314.305,-2,4,10,-57.98,0,0,0,0,0,0,0,0
2026-03-28 11:53:59.487,314.402,-2,4,10,-58.14,0,0,0,0,0,0,0,0
2026-03-28 11:53:59.583,314.498,-4,4,10,-58.12,0,0,0,0,0,0,0,0
2026-03-28 11:53:59.631,314.545,-2,4,10,-58.37,0,0,0,0,0,0,0,0
2026-03-28 11:53:59.728,314.642,-4,4,10,-58.27,0,0,0,0,0,0,0,0
2026-03-28 11:53:59.822,314.737,-4,4,10,-58.28,0,0,0,0,0,0,0,0
2026-03-28 11:53:59.903,314.818,-2,4,10,-58.4,0,0,0,0,0,0,0,0
2026-03-28 11:53:59.983,314.898,-2,4,10,-58.41,0,0,0,0,0,0,0,0
2026-03-28 11:54:00.079,314.994,-5,4,10,-58.12,0,0,0,0,0,0,0,0
2026-03-28 11:54:00.143,315.057,-5,4,10,-57.96,0,0,0,0,0,0,0,0
2026-03-28 11:54:00.287,315.201,-5,4,10,-57.89,0,0,0,0,0,0,0,0
2026-03-28 11:54:00.335,315.249,-4,4,10,-57.95,0,0,0,0,0,0,0,0
2026-03-28 11:54:00.399,315.313,-4,4,10,-57.98,0,0,0,0,0,0,0,0
2026-03-28 11:54:00.479,315.393,-4,4,10,-58.12,0,0,0,0,0,0,0,0
2026-03-28 11:54:00.622,315.536,-5,4,10,-58.29,0,0,0,0,0,0,0,0
2026-03-28 11:54:00.704,315.618,-4,4,10,-58.24,0,0,0,0,0,0,0,0
2026-03-28 11:54:00.750,315.665,-2,4,10,-58.37,0,0,0,0,0,0,0,0
2026-03-28 11:54:00.863,315.778,-2,4,10,-58.32,0,0,0,0,0,0,0,0
2026-03-28 11:54:00.927,315.842,-2,4,10,-58.1,0,0,0,0,0,0,0,0
2026-03-28 11:54:01.007,315.922,-2,4,10,-58.16,0,0,0,0,0,0,0,0
2026-03-28 11:54:01.119,316.034,-5,4,10,-58.11,0,0,0,0,0,0,0,0
2026-03-28 11:54:01.167,316.081,-5,4,10,-57.9,0,0,0,0,0,0,0,0
2026-03-28 11:54:01.279,316.194,-4,4,10,-58.15,0,0,0,0,0,0,0,0
2026-03-28 11:54:01.375,316.290,-4,4,10,-58.19,0,0,0,0,0,0,0,0
2026-03-28 11:54:01.406,316.320,-4,4,10,-58.08,0,0,0,0,0,0,0,0
2026-03-28 11:54:01.518,316.433,-5,4,10,-58.11,0,0,0,0,0,0,0,0
2026-03-28 11:54:01.550,316.465,-4,4,10,-58.24,0,0,0,0,0,0,0,0
2026-03-28 11:54:01.679,316.594,-4,4,10,-58.32,0,0,0,0,0,0,0,0
2026-03-28 11:54:01.743,316.657,-5,4,10,-58.44,0,0,0,0,0,0,0,0
2026-03-28 11:54:01.823,316.737,-2,4,10,-58.16,0,0,0,0,0,0,0,0
2026-03-28 11:54:01.902,316.817,-4,4,10,-57.98,0,0,0,0,0,0,0,0
2026-03-28 11:54:01.967,316.882,-2,4,10,-58.12,0,0,0,0,0,0,0,0
2026-03-28 11:54:02.063,316.977,-5,4,10,-58.13,0,0,0,0,0,0,0,0
2026-03-28 11:54:02.175,317.089,-5,4,10,-57.83,0,0,0,0,0,0,0,0
2026-03-28 11:54:02.239,317.153,-5,4,10,-57.85,0,0,0,0,0,0,0,0
2026-03-28 11:54:02.318,317.233,-4,4,10,-57.77,0,0,0,0,0,0,0,0
2026-03-28 11:54:02.399,317.313,-4,4,10,-57.94,0,0,0,0,0,0,0,0
2026-03-28 11:54:02.462,317.377,-4,4,10,-57.98,0,0,0,0,0,0,0,0
2026-03-28 11:54:02.576,317.490,-4,4,10,-57.86,0,0,0,0,0,0,0,0
2026-03-28 11:54:02.702,317.617,-2,4,10,-58.16,0,0,0,0,0,0,0,0
2026-03-28 11:54:02.783,317.697,-2,4,10,-57.88,0,0,0,0,0,0,0,0
2026-03-28 11:54:02.847,317.762,-2,4,10,-58.06,0,0,0,0,0,0,0,0
2026-03-28 11:54:02.926,317.841,-2,4,10,-57.96,0,0,0,0,0,0,0,0
2026-03-28 11:54:03.022,317.937,-2,4,10,-58.03,0,0,0,0,0,0,0,0
2026-03-28 11:54:03.102,318.017,-5,4,10,-57.98,0,0,0,0,0,0,0,0
2026-03-28 11:54:03.230,318.144,-2,4,10,-57.85,0,0,0,0,0,0,0,0
2026-03-28 11:54:03.262,318.177,-4,4,10,-57.95,0,0,0,0,0,0,0,0
2026-03-28 11:54:03.390,318.305,-2,4,10,-58.11,0,0,0,0,0,0,0,0
2026-03-28 11:54:03.471,318.385,-2,4,7,-58.08,0,0,0,0,0,0,0,0
2026-03-28 11:54:03.551,318.465,-5,4,7,-58.05,0,0,0,0,0,0,0,0
2026-03-28 11:54:03.631,318.545,-5,4,10,-58.3,0,0,0,0,0,0,0,0
2026-03-28 11:54:03.678,318.593,-5,4,10,-58.11,0,0,0,0,0,0,0,0
2026-03-28 11:54:03.791,318.705,-2,4,10,-57.86,0,0,0,0,0,0,0,0
2026-03-28 11:54:03.886,318.801,-2,4,10,-57.8,0,0,0,0,0,0,0,0
2026-03-28 11:54:03.966,318.881,-2,4,10,-57.81,0,0,0,0,0,0,0,0
2026-03-28 11:54:04.047,318.961,-4,4,10,-57.76,0,0,0,0,0,0,0,0
2026-03-28 11:54:04.142,319.057,-5,4,10,-57.77,0,0,0,0,0,0,0,0
2026-03-28 11:54:04.223,319.137,-5,4,10,-57.62,0,0,0,0,0,0,0,0
2026-03-28 11:54:04.320,319.234,-2,4,10,-57.84,0,0,0,0,0,0,0,0
2026-03-28 11:54:04.366,319.281,-2,4,10,-57.83,0,0,0,0,0,0,0,0
2026-03-28 11:54:04.478,319.392,-2,4,10,-57.84,0,0,0,0,0,0,0,0
2026-03-28 11:54:04.527,319.441,-4,4,10,-57.79,0,0,0,0,0,0,0,0
2026-03-28 11:54:04.622,319.537,-5,4,10,-57.73,0,0,0,0,0,0,0,0
2026-03-28 11:54:04.688,319.602,-2,4,10,-57.91,0,0,0,0,0,0,0,0
2026-03-28 11:54:04.767,319.681,-2,4,10,-57.79,0,0,0,0,0,0,0,0
2026-03-28 11:54:04.847,319.762,-4,4,10,-57.72,0,0,0,0,0,0,0,0
2026-03-28 11:54:04.958,319.873,-2,4,10,-57.76,0,0,0,0,0,0,0,0
2026-03-28 11:54:05.023,319.937,-5,4,10,-57.79,0,0,0,0,0,0,0,0
2026-03-28 11:54:05.134,320.049,-5,4,10,-57.92,0,0,0,0,0,0,0,0
2026-03-28 11:54:05.166,320.081,-2,4,10,-57.94,0,0,0,0,0,0,0,0
2026-03-28 11:54:05.247,320.162,-2,4,10,-58.16,0,0,0,0,0,0,0,0
2026-03-28 11:54:05.342,320.257,-4,4,10,-57.89,0,0,0,0,0,0,0,0
2026-03-28 11:54:05.438,320.353,-5,4,10,-57.66,0,0,0,0,0,0,0,0
2026-03-28 11:54:05.518,320.433,-5,4,10,-57.69,0,0,0,0,0,0,0,0
2026-03-28 11:54:05.646,320.560,-2,4,10,-57.82,0,0,0,0,0,0,0,0
2026-03-28 11:54:05.710,320.625,-5,4,10,-57.71,0,0,0,0,0,0,0,0
2026-03-28 11:54:05.807,320.721,-4,4,10,-57.87,0,0,0,0,0,0,0,0
2026-03-28 11:54:05.854,320.769,-5,4,10,-57.76,0,0,0,0,0,0,0,0
2026-03-28 11:54:06.014,320.929,-2,4,10,-57.75,0,0,0,0,0,0,0,0
2026-03-28 11:54:06.047,320.961,-2,4,10,-57.76,0,0,0,0,0,0,0,0
2026-03-28 11:54:06.127,321.041,-2,4,10,-57.73,0,0,0,0,0,0,0,0
2026-03-28 11:54:06.238,321.153,-2,4,10,-57.61,0,0,0,0,0,0,0,0
2026-03-28 11:54:06.318,321.233,-2,4,10,-57.59,0,0,0,0,0,0,0,0
2026-03-28 11:54:06.382,321.297,-5,4,10,-57.63,0,0,0,0,0,0,0,0
2026-03-28 11:54:06.510,321.425,-2,4,10,-57.76,0,0,0,0,0,0,0,0
2026-03-28 11:54:06.559,321.474,-2,4,10,-57.51,0,0,0,0,0,0,0,0
2026-03-28 11:54:06.670,321.585,-4,4,10,-57.41,0,0,0,0,0,0,0,0
2026-03-28 11:54:06.718,321.633,-2,4,10,-57.59,0,0,0,0,0,0,0,0
2026-03-28 11:54:06.799,321.713,-2,4,10,-57.62,0,0,0,0,0,0,0,0
2026-03-28 11:54:06.846,321.761,-4,4,10,-57.54,0,0,0,0,0,0,0,0
2026-03-28 11:54:06.942,321.857,-2,4,10,-57.57,0,0,0,0,0,0,0,0
2026-03-28 11:54:07.054,321.969,-2,4,10,-57.64,0,0,0,0,0,0,0,0
2026-03-28 11:54:07.087,322.002,-4,4,10,-57.65,0,0,0,0,0,0,0,0
2026-03-28 11:54:07.182,322.096,-4,4,10,-57.78,0,0,0,0,0,0,0,0
2026-03-28 11:54:07.278,322.192,-4,4,10,-57.71,0,0,0,0,0,0,0,0
2026-03-28 11:54:07.359,322.273,-5,4,10,-57.78,0,0,0,0,0,0,0,0
2026-03-28 11:54:07.406,322.320,-5,4,10,-57.55,0,0,0,0,0,0,0,0
2026-03-28 11:54:07.487,322.402,-5,4,10,-57.66,0,0,0,0,0,0,0,0
2026-03-28 11:54:07.566,322.480,-5,4,10,-57.35,0,0,0,0,0,0,0,0
2026-03-28 11:54:07.646,322.561,-5,4,10,-57.43,0,0,0,0,0,0,0,0
2026-03-28 11:54:07.727,322.641,-4,4,10,-57.48,0,0,0,0,0,0,0,0
2026-03-28 11:54:07.918,322.832,-5,4,10,-57.46,0,0,0,0,0,0,0,0
2026-03-28 11:54:07.999,322.913,-5,4,10,-57.53,0,0,0,0,0,0,0,0
2026-03-28 11:54:08.046,322.961,-2,4,10,-57.33,0,0,0,0,0,0,0,0
2026-03-28 11:54:08.078,322.993,-2,4,10,-57.55,0,0,0,0,0,0,0,0
2026-03-28 11:54:08.159,323.073,-2,4,10,-57.45,0,0,0,0,0,0,0,0
2026-03-28 11:54:08.222,323.137,-2,4,10,-57.38,0,0,0,0,0,0,0,0
2026-03-28 11:54:08.303,323.218,-2,4,10,-57.27,0,0,0,0,0,0,0,0
2026-03-28 11:54:08.398,323.313,-4,4,10,-57.31,0,0,0,0,0,0,0,0
2026-03-28 11:54:08.495,323.409,-2,4,10,-57.32,0,0,0,0,0,0,0,0
2026-03-28 11:54:08.590,323.505,-2,4,10,-57.34,0,0,0,0,0,0,0,0
2026-03-28 11:54:08.654,323.569,-5,4,10,-57.36,0,0,0,0,0,0,0,0
2026-03-28 11:54:08.750,323.664,-5,4,10,-57.17,0,0,0,0,0,0,0,0
2026-03-28 11:54:08.798,323.713,-4,4,10,-57.53,0,0,0,0,0,0,0,0
2026-03-28 11:54:08.926,323.841,-2,4,10,-57.43,0,0,0,0,0,0,0,0
2026-03-28 11:54:09.022,323.937,-4,4,10,-57.12,0,0,0,0,0,0,0,0
2026-03-28 11:54:09.055,323.969,-2,4,10,-57.35,0,0,0,0,0,0,0,0
2026-03-28 11:54:09.167,324.081,-5,4,10,-57.3,0,0,0,0,0,0,0,0
2026-03-28 11:54:09.247,324.162,-4,4,10,-57.28,0,0,0,0,0,0,0,0
2026-03-28 11:54:09.325,324.240,-5,4,10,-57.24,0,0,0,0,0,0,0,0
2026-03-28 11:54:09.438,324.352,-4,4,10,-57.24,0,0,0,0,0,0,0,0
2026-03-28 11:54:09.535,324.449,-2,4,10,-57.29,0,0,0,0,0,0,0,0
2026-03-28 11:54:09.615,324.529,-4,4,10,-57.06,0,0,0,0,0,0,0,0
2026-03-28 11:54:09.694,324.608,-5,4,10,-57.07,0,0,0,0,0,0,0,0
2026-03-28 11:54:09.775,324.689,-5,4,10,-57.14,0,0,0,0,0,0,0,0
2026-03-28 11:54:09.855,324.769,-4,4,10,-57.21,0,0,0,0,0,0,0,0
2026-03-28 11:54:09.982,324.897,-4,4,10,-57.09,0,0,0,0,0,0,0,0
2026-03-28 11:54:09.998,324.913,-5,4,10,-57.13,0,0,0,0,0,0,0,0
2026-03-28 11:54:10.110,325.025,-4,4,10,-56.81,0,0,0,0,0,0,0,0
2026-03-28 11:54:10.174,325.089,-4,4,10,-56.9,0,0,0,0,0,0,0,0
2026-03-28 11:54:10.238,325.153,-5,4,10,-56.79,0,0,0,0,0,0,0,0
2026-03-28 11:54:10.367,325.281,-5,4,10,-56.9,0,0,0,0,0,0,0,0
2026-03-28 11:54:10.494,325.409,-5,4,10,-56.88,0,0,0,0,0,0,0,0
2026-03-28 11:54:10.495,325.410,-5,4,10,-56.84,0,0,0,0,0,0,0,0
2026-03-28 11:54:10.687,325.601,-4,4,10,-57.06,0,0,0,0,0,0,0,0
2026-03-28 11:54:10.718,325.633,-2,4,10,-57.1,0,0,0,0,0,0,0,0
2026-03-28 11:54:10.782,325.697,-2,4,10,-56.87,0,0,0,0,0,0,0,0
2026-03-28 11:54:10.895,325.809,-4,4,10,-57.08,0,0,0,0,0,0,0,0
2026-03-28 11:54:11.022,325.937,-5,4,10,-57.12,0,0,0,0,0,0,0,0
2026-03-28 11:54:11.119,326.033,-5,4,10,-57.22,0,0,0,0,0,0,0,0
2026-03-28 11:54:11.135,326.049,-4,4,10,-57.03,0,0,0,0,0,0,0,0
2026-03-28 11:54:11.262,326.176,-2,4,10,-56.95,0,0,0,0,0,0,0,0
2026-03-28 11:54:11.263,326.178,-5,4,10,-56.87,0,0,0,0,0,0,0,0
2026-03-28 11:54:11.343,326.257,-5,4,10,-56.97,0,0,0,0,0,0,0,0
2026-03-28 11:54:11.422,326.336,-4,4,10,-57.03,0,0,0,0,0,0,0,0
2026-03-28 11:54:11.502,326.417,-5,4,10,-56.92,0,0,0,0,0,0,0,0
2026-03-28 11:54:11.567,326.481,-2,4,10,-56.87,0,0,0,0,0,0,0,0
2026-03-28 11:54:11.679,326.593,-5,4,10,-57.06,0,0,0,0,0,0,0,0
2026-03-28 11:54:11.726,326.641,-5,4,10,-56.97,0,0,0,0,0,0,0,0
2026-03-28 11:54:11.807,326.721,-5,4,10,-57.1,0,0,0,0,0,0,0,0
2026-03-28 11:54:11.966,326.881,-2,4,10,-57.13,0,0,0,0,0,0,0,0
2026-03-28 11:54:12.030,326.945,-2,4,10,-57.14,0,0,0,0,0,0,0,0
2026-03-28 11:54:12.094,327.008,-5,4,10,-57.02,0,0,0,0,0,0,0,0
2026-03-28 11:54:12.175,327.089,-5,4,10,-57.05,0,0,0,0,0,0,0,0
2026-03-28 11:54:12.254,327.169,-2,4,10,-56.93,0,0,0,0,0,0,0,0
2026-03-28 11:54:12.287,327.201,-4,4,10,-57.09,0,0,0,0,0,0,0,0
2026-03-28 11:54:12.366,327.281,-5,4,10,-57.13,0,0,0,0,0,0,0,0
2026-03-28 11:54:12.446,327.360,-5,4,10,-56.98,0,0,0,0,0,0,0,0
2026-03-28 11:54:12.526,327.440,-4,4,10,-56.93,0,0,0,0,0,0,0,0
2026-03-28 11:54:12.590,327.505,-4,4,10,-56.98,0,0,0,0,0,0,0,0
2026-03-28 11:54:12.670,327.584,-5,4,10,-56.85,0,0,0,0,0,0,0,0
2026-03-28 11:54:12.750,327.664,-4,4,10,-56.81,0,0,0,0,0,0,0,0
2026-03-28 11:54:12.895,327.809,-2,4,10,-56.87,0,0,0,0,0,0,0,0
2026-03-28 11:54:12.910,327.824,-2,4,10,-56.8,0,0,0,0,0,0,0,0
2026-03-28 11:54:13.006,327.921,-2,4,10,-56.88,0,0,0,0,0,0,0,0
2026-03-28 11:54:13.071,327.985,-2,4,10,-56.84,0,0,0,0,0,0,0,0
2026-03-28 11:54:13.167,328.081,-5,4,10,-56.94,0,0,0,0,0,0,0,0
2026-03-28 11:54:13.262,328.177,-2,4,10,-57.01,0,0,0,0,0,0,0,0
2026-03-28 11:54:13.374,328.289,-2,4,10,-57.14,0,0,0,0,0,0,0,0
2026-03-28 11:54:13.422,328.336,-2,4,10,-56.98,0,0,0,0,0,0,0,0
2026-03-28 11:54:13.502,328.417,-5,4,10,-57.12,0,0,0,0,0,0,0,0
2026-03-28 11:54:13.582,328.497,-5,4,10,-57.01,0,0,0,0,0,0,0,0
2026-03-28 11:54:13.678,328.592,-2,4,10,-57.07,0,0,0,0,0,0,0,0
2026-03-28 11:54:13.742,328.657,-5,4,10,-56.96,0,0,0,0,0,0,0,0
2026-03-28 11:54:13.838,328.753,-1,4,10,-57.06,0,0,0,0,0,0,0,0
2026-03-28 11:54:13.967,328.881,-4,4,10,-57.04,0,0,0,0,0,0,0,0
2026-03-28 11:54:14.078,328.993,-4,4,10,-57.01,0,0,0,0,0,0,0,0
2026-03-28 11:54:14.110,329.025,-5,4,10,-57.28,0,0,0,0,0,0,0,0
2026-03-28 11:54:14.190,329.105,-2,4,10,-56.98,0,0,0,0,0,0,0,0
2026-03-28 11:54:14.318,329.233,-2,4,10,-57.16,0,0,0,0,0,0,0,0
2026-03-28 11:54:14.350,329.265,-2,4,10,-57.11,0,0,0,0,0,0,0,0
2026-03-28 11:54:14.430,329.345,-5,4,10,-57.15,0,0,0,0,0,0,0,0
2026-03-28 11:54:14.526,329.440,-4,4,10,-56.93,0,0,0,0,0,0,0,0
2026-03-28 11:54:14.606,329.521,-2,4,10,-57.13,0,0,0,0,0,0,0,0
2026-03-28 11:54:14.655,329.569,-2,4,10,-57.21,0,0,0,0,0,0,0,0
2026-03-28 11:54:14.734,329.649,-4,4,10,-57.17,0,0,0,0,0,0,0,0
2026-03-28 11:54:14.830,329.744,-5,4,10,-57.2,0,0,0,0,0,0,0,0
2026-03-28 11:54:14.910,329.825,-4,4,7,-57.18,0,0,0,0,0,0,0,0
2026-03-28 11:54:14.990,329.904,-4,5,10,-57.33,0,0,0,0,0,0,0,0
2026-03-28 11:54:15.071,329.985,-2,5,10,-57.21,0,0,0,0,0,0,0,0
2026-03-28 11:54:15.150,330.065,-2,4,10,-57.15,0,0,0,0,0,0,0,0
2026-03-28 11:54:15.247,330.161,-5,4,10,-57.09,0,0,0,0,0,0,0,0
2026-03-28 11:54:15.326,330.241,-4,4,10,-57.19,0,0,0,0,0,0,0,0
2026-03-28 11:54:15.390,330.304,-4,4,10,-57.29,0,0,0,0,0,0,0,0
2026-03-28 11:54:15.470,330.385,-2,4,10,-57.31,0,0,0,0,0,0,0,0
2026-03-28 11:54:15.550,330.465,-5,4,10,-57.3,0,0,0,0,0,0,0,0
2026-03-28 11:54:15.662,330.576,-5,4,10,-57.33,0,0,0,0,0,0,0,0
2026-03-28 11:54:15.726,330.641,-2,4,10,-57.29,0,0,0,0,0,0,0,0
2026-03-28 11:54:15.822,330.736,-5,4,10,-57.26,0,0,0,0,0,0,0,0
2026-03-28 11:54:15.902,330.816,-5,4,10,-57.33,0,0,0,0,0,0,0,0
2026-03-28 11:54:16.014,330.928,-4,4,7,-57.38,0,0,0,0,0,0,0,0
2026-03-28 11:54:16.095,331.009,-2,4,10,-57.31,0,0,0,0,0,0,0,0
2026-03-28 11:54:16.158,331.072,-2,4,10,-57.36,0,0,0,0,0,0,0,0
2026-03-28 11:54:16.254,331.168,-4,4,10,-57.11,0,0,0,0,0,0,0,0
2026-03-28 11:54:16.302,331.217,-5,4,10,-57.36,0,0,0,0,0,0,0,0
2026-03-28 11:54:16.398,331.312,-4,4,10,-57.33,0,0,0,0,0,0,0,0
2026-03-28 11:54:16.542,331.456,-5,4,10,-57.48,0,0,0,0,0,0,0,0
2026-03-28 11:54:16.654,331.568,-2,4,10,-57.23,0,0,0,0,0,0,0,0
2026-03-28 11:54:16.669,331.583,-2,4,10,-57.27,0,0,0,0,0,0,0,0
2026-03-28 11:54:16.766,331.681,-2,4,10,-57.37,0,0,0,0,0,0,0,0
2026-03-28 11:54:16.798,331.712,-2,4,10,-57.17,0,0,0,0,0,0,0,0
2026-03-28 11:54:16.926,331.840,-2,4,10,-57.18,0,0,0,0,0,0,0,0
2026-03-28 11:54:16.974,331.888,-2,4,10,-57.21,0,0,0,0,0,0,0,0
2026-03-28 11:54:17.102,332.016,-4,4,10,-57.46,0,0,0,0,0,0,0,0
2026-03-28 11:54:17.118,332.032,-4,4,10,-57.36,0,0,0,0,0,0,0,0
2026-03-28 11:54:17.246,332.160,-2,4,10,-57.39,0,0,0,0,0,0,0,0
2026-03-28 11:54:17.342,332.257,-2,4,10,-57.59,0,0,0,0,0,0,0,0
2026-03-28 11:54:17.374,332.288,-5,4,10,-57.26,0,0,0,0,0,0,0,0
2026-03-28 11:54:17.454,332.369,-4,4,10,-57.43,0,0,0,0,0,0,0,0
2026-03-28 11:54:17.565,332.480,-5,4,10,-57.22,0,0,0,0,0,0,0,0
2026-03-28 11:54:17.662,332.576,-4,4,10,-57.16,0,0,0,0,0,0,0,0
2026-03-28 11:54:17.710,332.625,-5,4,10,-57.32,0,0,0,0,0,0,0,0
2026-03-28 11:54:17.806,332.721,-4,4,10,-57.4,0,0,0,0,0,0,0,0
2026-03-28 11:54:17.918,332.833,-2,4,10,-57.3,0,0,0,0,0,0,0,0
2026-03-28 11:54:17.982,332.896,-2,4,10,-57.48,0,0,0,0,0,0,0,0
2026-03-28 11:54:18.029,332.944,-2,4,10,-57.63,0,0,0,0,0,0,0,0
2026-03-28 11:54:18.158,333.073,-5,4,10,-57.57,0,0,0,0,0,0,0,0
2026-03-28 11:54:18.206,333.120,-2,4,10,-57.43,0,0,0,0,0,0,0,0
2026-03-28 11:54:18.333,333.248,-2,4,10,-57.4,0,0,0,0,0,0,0,0
2026-03-28 11:54:18.382,333.296,-5,4,10,-57.5,0,0,0,0,0,0,0,0
2026-03-28 11:54:18.462,333.376,-4,4,10,-57.79,0,0,0,0,0,0,0,0
2026-03-28 11:54:18.541,333.455,-2,4,10,-57.44,0,0,0,0,0,0,0,0
2026-03-28 11:54:18.654,333.569,-2,5,10,-57.79,0,0,0,0,0,0,0,0
2026-03-28 11:54:18.702,333.616,-1,5,10,-57.62,0,0,0,0,0,0,0,0
2026-03-28 11:54:18.766,333.680,-2,4,10,-58.75,0,0,0,0,0,0,0,0
2026-03-28 11:54:18.862,333.776,-4,5,10,-57.82,0,0,0,0,0,0,0,0
2026-03-28 11:54:18.942,333.857,-4,5,10,-57.5,0,0,0,0,0,0,0,0
2026-03-28 11:54:19.038,333.953,-4,5,11,-57.89,0,0,0,0,0,0,0,0
2026-03-28 11:54:19.118,334.033,-4,5,10,-58.32,0,0,0,0,0,0,0,0
2026-03-28 11:54:19.246,334.160,-2,5,10,-57.46,0,0,0,0,0,0,0,0
2026-03-28 11:54:19.325,334.239,-1,4,10,-58.23,0,0,0,0,0,0,0,0
2026-03-28 11:54:19.406,334.320,-2,5,10,-57.57,0,0,0,0,0,0,0,0
2026-03-28 11:54:19.517,334.432,-1,5,10,-58.88,0,0,0,0,0,0,0,0
2026-03-28 11:54:19.582,334.496,-1,4,10,-58.55,0,0,0,0,0,0,0,0
2026-03-28 11:54:19.694,334.608,-1,4,10,-59.4,0,0,0,0,0,0,0,0
2026-03-28 11:54:19.758,334.673,-4,4,10,-57.94,0,0,0,0,0,0,0,0
2026-03-28 11:54:19.854,334.768,-2,4,10,-57.91,0,0,0,0,0,0,0,0
2026-03-28 11:54:19.886,334.801,-2,5,10,-58.15,0,0,0,0,0,0,0,0
2026-03-28 11:54:19.950,334.865,-2,4,10,-58.63,0,0,0,0,0,0,0,0
2026-03-28 11:54:20.029,334.944,-1,5,10,-58.29,0,0,0,0,0,0,0,0
2026-03-28 11:54:20.093,335.007,-4,5,10,-58.77,0,0,0,0,0,0,0,0
2026-03-28 11:54:20.190,335.104,-2,4,10,-58.21,0,0,0,0,0,0,0,0
2026-03-28 11:54:20.270,335.184,-1,4,10,-58.59,0,0,0,0,0,0,0,0
2026-03-28 11:54:20.381,335.296,-2,5,10,-58.16,0,0,0,0,0,0,0,0
2026-03-28 11:54:20.446,335.361,-4,5,10,-59.81,0,0,0,0,0,0,0,0
2026-03-28 11:54:20.509,335.424,-1,4,11,-59.23,0,0,0,0,0,0,0,0
2026-03-28 11:54:20.621,335.535,-1,5,10,-58.76,0,0,0,0,0,0,0,0
2026-03-28 11:54:20.670,335.584,-1,4,10,-58.73,0,0,0,0,0,0,0,0
2026-03-28 11:54:20.750,335.665,-1,4,10,-59.13,0,0,0,0,0,0,0,0
2026-03-28 11:54:20.861,335.776,-1,5,10,-59.78,0,0,0,0,0,0,0,0
2026-03-28 11:54:20.941,335.855,-2,5,10,-58.87,0,0,0,0,0,0,0,0
2026-03-28 11:54:21.038,335.952,-1,5,11,-58.85,0,0,0,0,0,0,0,0
2026-03-28 11:54:21.118,336.032,-1,5,7,-58.63,0,0,0,0,0,0,0,0
2026-03-28 11:54:21.229,336.144,-1,4,11,-59.42,0,0,0,0,0,0,0,0
2026-03-28 11:54:21.262,336.176,-1,4,10,-59.45,0,0,0,0,0,0,0,0
2026-03-28 11:54:21.358,336.272,-4,5,10,-58.81,0,0,0,0,0,0,0,0
2026-03-28 11:54:21.470,336.384,-1,5,10,-60.08,0,0,0,0,0,0,0,0
2026-03-28 11:54:21.517,336.432,-1,4,10,-59.29,0,0,0,0,0,0,0,0
2026-03-28 11:54:21.597,336.512,-4,5,10,-59.52,0,0,0,0,0,0,0,0
2026-03-28 11:54:21.693,336.608,-4,4,11,-59.73,0,0,0,0,0,0,0,0
2026-03-28 11:54:21.742,336.656,-4,5,10,-59.92,0,0,0,0,0,0,0,0
2026-03-28 11:54:21.870,336.785,-1,5,11,-59.16,0,0,0,0,0,0,0,0
2026-03-28 11:54:21.918,336.832,-1,4,10,-60.57,0,0,0,0,0,0,0,0
2026-03-28 11:54:22.045,336.960,-1,5,10,-58.45,0,0,0,0,0,0,0,0
2026-03-28 11:54:22.109,337.024,-4,4,10,-59.56,0,0,0,0,0,0,0,0
2026-03-28 11:54:22.174,337.088,-2,5,8,-59.75,0,0,0,0,0,0,0,0
2026-03-28 11:54:22.254,337.168,-4,5,11,-58.87,0,0,0,0,0,0,0,0
2026-03-28 11:54:22.350,337.265,-4,5,10,-60.59,0,0,0,0,0,0,0,0
2026-03-28 11:54:22.414,337.328,-4,5,10,-58.94,0,0,0,0,0,0,0,0
2026-03-28 11:54:22.509,337.424,-4,4,8,-61.08,0,0,0,0,0,0,0,0
2026-03-28 11:54:22.621,337.536,-4,4,10,-60.14,0,0,0,0,0,0,0,0
2026-03-28 11:54:22.701,337.616,-1,5,8,-59.47,0,0,0,0,0,0,0,0
2026-03-28 11:54:22.749,337.664,-4,4,10,-58.59,0,0,0,0,0,0,0,0
2026-03-28 11:54:22.845,337.760,-4,5,11,-58.83,0,0,0,0,0,0,0,0
2026-03-28 11:54:22.910,337.824,-4,4,11,-59.69,0,0,0,0,0,0,0,0
2026-03-28 11:54:22.974,337.888,-1,4,10,-60.23,0,0,0,0,0,0,0,0
2026-03-28 11:54:23.069,337.983,-2,5,10,-59.66,0,0,0,0,0,0,0,0
2026-03-28 11:54:23.150,338.064,-4,5,10,-59.2,0,0,0,0,0,0,0,0
2026-03-28 11:54:23.294,338.208,-4,5,10,-59.91,0,0,0,0,0,0,0,0
2026-03-28 11:54:23.358,338.272,-4,4,11,-59.08,0,0,0,0,0,0,0,0
2026-03-28 11:54:23.453,338.367,-2,4,10,-60.1,0,0,0,0,0,0,0,0
2026-03-28 11:54:23.486,338.400,-4,5,11,-60.45,0,0,0,0,0,0,0,0
2026-03-28 11:54:23.582,338.496,-1,5,10,-59.68,0,0,0,0,0,0,0,0
2026-03-28 11:54:23.661,338.576,-4,5,8,-60.09,0,0,0,0,0,0,0,0
2026-03-28 11:54:23.741,338.656,-1,5,7,-60.64,0,0,0,0,0,0,0,0
2026-03-28 11:54:23.854,338.768,-2,5,10,-59.98,0,0,0,0,0,0,0,0
2026-03-28 11:54:23.966,338.880,-1,5,7,-60.27,0,0,0,0,0,0,0,0
2026-03-28 11:54:24.046,338.960,-1,5,8,-59.75,0,0,0,0,0,0,0,0
2026-03-28 11:54:24.141,339.055,-4,5,7,-60.96,0,0,0,0,0,0,0,0
2026-03-28 11:54:24.206,339.120,-2,5,10,-60.52,0,0,0,0,0,0,0,0
2026-03-28 11:54:24.317,339.232,-1,5,8,-60.1,0,0,0,0,0,0,0,0
2026-03-28 11:54:24.365,339.280,-4,5,8,-59.95,0,0,0,0,0,0,0,0
2026-03-28 11:54:24.446,339.360,-1,5,11,-58.73,0,0,0,0,0,0,0,0
2026-03-28 11:54:24.541,339.456,-4,5,10,-58.61,0,0,0,0,0,0,0,0
2026-03-28 11:54:24.621,339.536,-3,5,8,-59.99,0,0,0,0,0,0,0,0
2026-03-28 11:54:24.685,339.600,-4,5,8,-60.25,0,0,0,0,0,0,0,0
2026-03-28 11:54:24.766,339.680,-1,5,11,-58.75,0,0,0,0,0,0,0,0
2026-03-28 11:54:24.829,339.744,-1,5,10,-58.91,0,0,0,0,0,0,0,0
2026-03-28 11:54:24.926,339.840,-4,5,11,-59.31,0,0,0,0,0,0,0,0
2026-03-28 11:54:25.005,339.920,-4,5,8,-60.05,0,0,0,0,0,0,0,0
2026-03-28 11:54:25.117,340.032,-1,5,10,-63.27,0,0,0,0,0,0,0,0
2026-03-28 11:54:25.165,340.080,-1,5,11,-60.23,0,0,0,0,0,0,0,0
2026-03-28 11:54:25.245,340.160,-4,5,10,-60.97,0,0,0,0,0,0,0,0
2026-03-28 11:54:25.389,340.304,-1,5,10,-62.1,0,0,0,0,0,0,0,0
2026-03-28 11:54:25.469,340.384,-1,5,11,-59.46,0,0,0,0,0,0,0,0
2026-03-28 11:54:25.550,340.465,-1,4,10,-60.01,0,0,0,0,0,0,0,0
2026-03-28 11:54:25.566,340.480,-1,5,11,-60.16,0,0,0,0,0,0,0,0
2026-03-28 11:54:25.661,340.576,-4,5,11,-61.19,0,0,0,0,0,0,0,0
2026-03-28 11:54:25.693,340.608,-1,5,11,-58.5,0,0,0,0,0,0,0,0
2026-03-28 11:54:25.789,340.704,-1,4,10,-58.29,0,0,0,0,0,0,0,0
2026-03-28 11:54:25.918,340.832,-1,5,8,-58.53,0,0,0,0,0,0,0,0
2026-03-28 11:54:25.981,340.896,-4,5,10,-58.88,0,0,0,0,0,0,0,0
2026-03-28 11:54:26.094,341.008,-1,5,11,-59.4,0,0,0,0,0,0,0,0
2026-03-28 11:54:26.222,341.136,-4,5,8,-59.52,0,0,0,0,0,0,0,0
2026-03-28 11:54:26.238,341.152,-1,5,11,-59.75,0,0,0,0,0,0,0,0
2026-03-28 11:54:26.333,341.248,-1,5,11,-59.7,0,0,0,0,0,0,0,0
2026-03-28 11:54:26.382,341.296,-4,4,10,-58.8,0,0,0,0,0,0,0,0
2026-03-28 11:54:26.494,341.408,-3,5,8,-60.0,0,0,0,0,0,0,0,0
2026-03-28 11:54:26.525,341.440,-4,5,7,-58.89,0,0,0,0,0,0,0,0
2026-03-28 11:54:26.685,341.600,-1,5,11,-58.96,0,0,0,0,0,0,0,0
2026-03-28 11:54:26.877,341.791,-1,4,10,-59.37,0,0,0,0,0,0,0,0
2026-03-28 11:54:26.910,341.824,-1,5,10,-58.72,0,0,0,0,0,0,0,0
2026-03-28 11:54:26.989,341.904,-4,4,10,-59.23,0,0,0,0,0,0,0,0
2026-03-28 11:54:27.054,341.968,-1,5,11,-59.77,0,0,0,0,0,0,0,0
2026-03-28 11:54:27.133,342.047,-4,4,10,-61.11,0,0,0,0,0,0,0,0
2026-03-28 11:54:27.245,342.159,-4,5,10,-59.54,0,0,0,0,0,0,0,0
2026-03-28 11:54:27.310,342.224,-4,5,11,-59.88,0,0,0,0,0,0,0,0
2026-03-28 11:54:27.405,342.320,-1,5,10,-60.1,0,0,0,0,0,0,0,0
2026-03-28 11:54:27.468,342.383,-4,5,11,-59.27,0,0,0,0,0,0,0,0
2026-03-28 11:54:27.549,342.464,-1,4,10,-59.68,0,0,0,0,0,0,0,0
2026-03-28 11:54:27.645,342.559,-1,5,11,-59.88,0,0,0,0,0,0,0,0
2026-03-28 11:54:27.741,342.656,-1,5,11,-60.78,0,0,0,0,0,0,0,0
2026-03-28 11:54:27.789,342.704,-1,5,11,-60.9,0,0,0,0,0,0,0,0
2026-03-28 11:54:27.886,342.800,-2,5,10,-59.54,0,0,0,0,0,0,0,0
2026-03-28 11:54:27.934,342.848,-1,5,11,-60.34,0,0,0,0,0,0,0,0
2026-03-28 11:54:27.998,342.912,-3,5,11,-60.18,0,0,0,0,0,0,0,0
2026-03-28 11:54:28.093,343.008,-4,5,10,-60.74,0,0,0,0,0,0,0,0
2026-03-28 11:54:28.188,343.103,-4,5,10,-59.85,0,0,0,0,0,0,0,0
2026-03-28 11:54:28.253,343.168,-4,5,10,-60.34,0,0,0,0,0,0,0,0
2026-03-28 11:54:28.366,343.280,-3,5,10,-60.06,0,0,0,0,0,0,0,0
2026-03-28 11:54:28.429,343.344,-4,5,8,-59.13,0,0,0,0,0,0,0,0
2026-03-28 11:54:28.525,343.440,-4,5,10,-59.54,0,0,0,0,0,0,0,0
2026-03-28 11:54:28.653,343.567,-4,5,11,-58.96,0,0,0,0,0,0,0,0
2026-03-28 11:54:28.750,343.664,-1,5,8,-60.79,0,0,0,0,0,0,0,0
2026-03-28 11:54:28.830,343.744,-3,5,11,-60.31,0,0,0,0,0,0,0,0
2026-03-28 11:54:28.893,343.808,-3,5,8,-60.72,0,0,0,0,0,0,0,0
2026-03-28 11:54:28.973,343.887,-1,5,10,-60.23,0,0,0,0,0,0,0,0
2026-03-28 11:54:29.084,343.999,-2,5,10,-60.54,0,0,0,0,0,0,0,0
2026-03-28 11:54:29.181,344.096,-1,5,11,-60.38,0,0,0,0,0,0,0,0
2026-03-28 11:54:29.261,344.176,-1,5,10,-60.65,0,0,0,0,0,0,0,0
2026-03-28 11:54:29.308,344.223,-1,5,11,-59.95,0,0,0,0,0,0,0,0
2026-03-28 11:54:29.436,344.351,-1,5,10,-60.19,0,0,0,0,0,0,0,0
2026-03-28 11:54:29.484,344.399,-1,5,11,-61.38,0,0,0,0,0,0,0,0
2026-03-28 11:54:29.613,344.527,-1,4,11,-60.06,0,0,0,0,0,0,0,0
2026-03-28 11:54:29.629,344.544,-2,5,10,-60.76,0,0,0,0,0,0,0,0
2026-03-28 11:54:29.661,344.576,-1,5,10,-60.23,0,0,0,0,0,0,0,0
2026-03-28 11:54:29.741,344.656,-1,5,11,-60.7,0,0,0,0,0,0,0,0
2026-03-28 11:54:29.837,344.752,-1,5,8,-60.22,0,0,0,0,0,0,0,0
2026-03-28 11:54:29.981,344.895,-1,4,10,-60.63,0,0,0,0,0,0,0,0
2026-03-28 11:54:30.077,344.991,-1,5,10,-59.57,0,0,0,0,0,0,0,0
2026-03-28 11:54:30.173,345.087,-1,5,10,-60.9,0,0,0,0,0,0,0,0
2026-03-28 11:54:30.238,345.152,-1,5,11,-59.34,0,0,0,0,0,0,0,0
2026-03-28 11:54:30.349,345.264,-1,5,10,-59.66,0,0,0,0,0,0,0,0
2026-03-28 11:54:30.414,345.328,-1,5,8,-60.51,0,0,0,0,0,0,0,0
2026-03-28 11:54:30.540,345.455,-1,5,10,-59.63,0,0,0,0,0,0,0,0
2026-03-28 11:54:30.589,345.503,-1,5,10,-60.01,0,0,0,0,0,0,0,0
2026-03-28 11:54:30.653,345.568,-3,5,11,-59.66,0,0,0,0,0,0,0,0
2026-03-28 11:54:30.734,345.648,-1,5,10,-60.52,0,0,0,0,0,0,0,0
2026-03-28 11:54:30.861,345.775,-1,5,11,-59.81,0,0,0,0,0,0,0,0
2026-03-28 11:54:30.926,345.840,-4,5,11,-60.23,0,0,0,0,0,0,0,0
2026-03-28 11:54:31.005,345.920,-4,5,8,-59.76,0,0,0,0,0,0,0,0
2026-03-28 11:54:31.101,346.016,-1,4,11,-60.25,0,0,0,0,0,0,0,0
2026-03-28 11:54:31.197,346.112,-1,5,10,-60.55,0,0,0,0,0,0,0,0
2026-03-28 11:54:31.229,346.144,-4,4,8,-60.82,0,0,0,0,0,0,0,0
2026-03-28 11:54:31.324,346.239,-4,4,7,-61.25,0,0,0,0,0,0,0,0
