timestamp,elapsed_s,bottle_psi,tank_psi,chamber_psi,loadcell_lbs,gse_fill,gse_relief,gse_dump,rkt_ox,rkt_fuel,rkt_relief,rkt_dump,rkt_ign
2026-03-28 00:03:16.782,0.274,1,-2,1142,479.67,0,0,0,0,0,0,0,0
2026-03-28 00:03:16.909,0.401,1,-3,1142,-3130.55,0,0,0,0,0,0,0,0
2026-03-28 00:03:16.989,0.481,1,-2,1141,-3130.55,0,0,0,0,0,0,0,0
2026-03-28 00:03:17.149,0.641,1,-2,1143,-3130.55,0,0,0,0,0,0,0,0
2026-03-28 00:03:17.277,0.769,1,-3,1140,-5.45,0,0,0,0,0,0,0,0
2026-03-28 00:03:17.356,0.848,1,-3,1142,2246.88,0,0,0,0,0,0,0,0
2026-03-28 00:03:17.453,0.945,1,-2,1145,-5.45,0,0,0,0,0,0,0,0
2026-03-28 00:03:17.454,0.946,1,-3,1144,-5.45,0,0,0,0,0,0,0,0
2026-03-28 00:03:17.533,1.025,1,-3,1145,-5.45,0,0,0,0,0,0,0,0
2026-03-28 00:03:17.677,1.169,1,-3,1145,-5.45,0,0,0,0,0,0,0,0
2026-03-28 00:03:17.679,1.171,1,-3,1144,-5.45,0,0,0,0,0,0,0,0
2026-03-28 00:03:17.741,1.233,2,-2,1142,-5.45,0,0,0,0,0,0,0,0
2026-03-28 00:03:17.869,1.361,1,-3,1141,-5.45,0,0,0,0,0,0,0,0
2026-03-28 00:03:17.981,1.473,1,-3,1141,-5.45,0,0,0,0,0,0,0,0
2026-03-28 00:03:18.093,1.585,1,-3,1145,-5.45,0,0,0,0,0,0,0,0
2026-03-28 00:03:18.157,1.649,2,-2,1144,-5.45,0,0,0,0,0,0,0,0
2026-03-28 00:03:18.317,1.809,1,-3,1141,-5.45,0,0,0,0,0,0,0,0
2026-03-28 00:03:18.445,1.937,1,-3,1143,2552.24,0,0,0,0,0,0,0,0
2026-03-28 00:03:18.477,1.969,1,-3,1140,-5.45,0,0,0,0,0,0,0,0
2026-03-28 00:03:18.637,2.129,1,-2,1142,-5.45,0,0,0,0,0,0,0,0
2026-03-28 00:03:18.669,2.162,1,-3,1140,-5.45,0,0,0,0,0,0,0,0
2026-03-28 00:03:18.686,2.178,1,-3,1146,-5.45,0,0,0,0,0,0,0,0
2026-03-28 00:03:18.765,2.257,1,-2,1143,-5.45,0,0,0,0,0,0,0,0
2026-03-28 00:03:18.909,2.401,1,-2,1142,-5.45,0,0,0,0,0,0,0,0
2026-03-28 00:03:19.181,2.673,1,-3,1140,2081.2,0,0,0,0,0,0,0,0
2026-03-28 00:03:19.309,2.801,1,-2,1143,2081.2,0,0,0,0,0,0,0,0
2026-03-28 00:03:19.357,2.849,1,-3,1144,2081.2,0,0,0,0,0,0,0,0
2026-03-28 00:03:19.469,2.961,1,-3,1144,2081.2,0,0,0,0,0,0,0,0
2026-03-28 00:03:19.485,2.977,1,-2,1144,-5.45,0,0,0,0,0,0,0,0
2026-03-28 00:03:19.534,3.026,1,-3,1142,-5.45,0,0,0,0,0,0,0,0
2026-03-28 00:03:19.693,3.185,1,-3,1142,-5.45,0,0,0,0,0,0,0,0
2026-03-28 00:03:19.709,3.201,1,-3,1145,3836.5,0,0,0,0,0,0,0,0
2026-03-28 00:03:19.806,3.298,1,-3,1142,2731.99,0,0,0,0,0,0,0,0
2026-03-28 00:03:19.902,3.394,1,-3,1142,-5.45,0,0,0,0,0,0,0,0
2026-03-28 00:03:20.013,3.505,1,-2,1144,-5.45,0,0,0,0,0,0,0,0
2026-03-28 00:03:20.109,3.601,1,-2,1141,-5.45,0,0,0,0,0,0,0,0
2026-03-28 00:03:20.429,3.921,1,-2,1141,-5.45,0,0,0,0,0,0,0,0
2026-03-28 00:03:20.541,4.033,1,-2,1144,-5.45,0,0,0,0,0,0,0,0
2026-03-28 00:03:20.559,4.051,1,-2,1141,-5.45,0,0,0,0,0,0,0,0
2026-03-28 00:03:20.621,4.113,1,-2,1143,-5.45,0,0,0,0,0,0,0,0
2026-03-28 00:03:20.733,4.225,1,-3,1140,-5.45,0,0,0,0,0,0,0,0
2026-03-28 00:03:20.846,4.338,1,-3,1141,-5.45,0,0,0,0,0,0,0,0
2026-03-28 00:03:20.958,4.450,1,-2,1139,-5.45,0,0,0,0,0,0,0,0
2026-03-28 00:03:21.053,4.545,1,-2,1141,-5.44,0,0,0,0,0,0,0,0
2026-03-28 00:03:21.055,4.547,1,-3,1140,-5.45,0,0,0,0,0,0,0,0
2026-03-28 00:03:21.149,4.642,2,-2,1139,-5.45,0,0,0,0,0,0,0,0
2026-03-28 00:03:21.261,4.753,1,-2,1144,-5.45,0,0,0,0,0,0,0,0
2026-03-28 00:03:21.373,4.865,1,-2,1141,-5.45,0,0,0,0,0,0,0,0
2026-03-28 00:03:21.469,4.961,1,-2,1145,-5.45,0,0,0,0,0,0,0,0
2026-03-28 00:03:21.534,5.026,1,-2,1139,-961.6,0,0,0,0,0,0,0,0
2026-03-28 00:03:21.693,5.185,1,-2,1138,-1668.7,0,0,0,0,0,0,0,0
2026-03-28 00:03:21.741,5.233,1,-3,1142,-5.45,0,0,0,0,0,0,0,0
2026-03-28 00:03:21.853,5.345,1,-3,1145,-5.45,0,0,0,0,0,0,0,0
2026-03-28 00:03:21.934,5.426,1,-3,1139,-5.45,0,0,0,0,0,0,0,0
2026-03-28 00:03:22.109,5.601,1,-3,1141,-5.45,0,0,0,0,0,0,0,0
2026-03-28 00:03:22.111,5.603,1,-2,1140,-5.45,0,0,0,0,0,0,0,0
2026-03-28 00:03:22.189,5.681,1,-2,1141,-5.45,0,0,0,0,0,0,0,0
2026-03-28 00:03:22.285,5.777,2,-2,1138,4429.9,0,0,0,0,0,0,0,0
2026-03-28 00:03:22.396,5.888,1,-2,1140,4429.9,0,0,0,0,0,0,0,0
2026-03-28 00:03:22.493,5.985,1,-2,1142,4429.9,0,0,0,0,0,0,0,0
2026-03-28 00:03:22.495,5.987,1,-2,1143,4429.9,0,0,0,0,0,0,0,0
2026-03-28 00:03:22.557,6.049,1,-2,1143,4429.9,0,0,0,0,0,0,0,0
2026-03-28 00:03:22.563,6.055,1,-2,1140,4429.9,0,0,0,0,0,0,0,0
2026-03-28 00:03:22.750,6.242,1,-2,1140,4429.9,0,0,0,0,0,0,0,0
2026-03-28 00:03:22.813,6.305,1,-2,1141,4429.9,0,0,0,0,0,0,0,0
2026-03-28 00:03:22.894,6.386,1,-2,1141,-5.45,0,0,0,0,0,0,0,0
2026-03-28 00:03:23.036,6.528,2,-2,1141,-3193.35,0,0,0,0,0,0,0,0
2026-03-28 00:03:23.039,6.532,1,-2,1140,-3193.35,0,0,0,0,0,0,0,0
2026-03-28 00:03:23.133,6.625,1,-3,1144,-3193.35,0,0,0,0,0,0,0,0
2026-03-28 00:03:23.308,6.800,1,-2,110,0,0,0,0,0,0,0,0,0
2026-03-28 00:03:23.325,6.817,1,-2,1140,-3193.35,0,0,0,0,0,0,0,0
2026-03-28 00:03:23.501,6.993,1,-3,1143,-3193.35,0,0,0,0,0,0,0,0
2026-03-28 00:03:23.613,7.105,2,-2,1139,-3193.35,0,0,0,0,0,0,0,0
2026-03-28 00:03:23.614,7.106,1,-3,1138,-3193.35,0,0,0,0,0,0,0,0
2026-03-28 00:03:23.615,7.107,1,-2,1142,-5.38,0,0,0,0,0,0,0,0
2026-03-28 00:03:23.693,7.185,1,-2,1141,-5.38,0,0,0,0,0,0,0,0
2026-03-28 00:03:23.805,7.297,2,-2,1138,-5.45,0,0,0,0,0,0,0,0
2026-03-28 00:03:23.917,7.409,1,-3,1143,-5.45,0,0,0,0,0,0,0,0
2026-03-28 00:03:23.965,7.457,1,-2,1142,-5.45,0,0,0,0,0,0,0,0
2026-03-28 00:03:24.156,7.649,1,-3,1144,-5.45,0,0,0,0,0,0,0,0
2026-03-28 00:03:24.159,7.651,1,-2,1139,-2363.89,0,0,0,0,0,0,0,0
2026-03-28 00:03:24.189,7.681,1,-2,1138,1519.2,0,0,0,0,0,0,0,0
2026-03-28 00:03:24.396,7.888,1,-3,1138,-5.45,0,0,0,0,0,0,0,0
2026-03-28 00:03:24.557,8.049,1,-3,1144,-5.45,0,0,0,0,0,0,0,0
2026-03-28 00:03:24.653,8.145,1,-3,1138,-5.45,0,0,0,0,0,0,0,0
2026-03-28 00:03:24.749,8.241,1,-3,1140,-5.45,0,0,0,0,0,0,0,0
2026-03-28 00:03:24.829,8.321,1,-2,1140,-5.45,0,0,0,0,0,0,0,0
2026-03-28 00:03:24.940,8.432,1,-3,1138,2723.33,0,0,0,0,0,0,0,0
2026-03-28 00:03:25.005,8.497,1,-2,1142,2723.33,0,0,0,0,0,0,0,0
2026-03-28 00:03:25.100,8.592,1,-2,1141,-5.45,0,0,0,0,0,0,0,0
2026-03-28 00:03:25.245,8.737,1,-2,1141,-5.45,0,0,0,0,0,0,0,0
2026-03-28 00:03:25.246,8.739,1,-2,1143,-5.45,0,0,0,0,0,0,0,0
2026-03-28 00:03:25.292,8.784,1,-2,1140,-5.45,0,0,0,0,0,0,0,0
2026-03-28 00:03:25.293,8.786,1,-2,1140,-5.45,0,0,0,0,0,0,0,0
2026-03-28 00:03:25.453,8.945,1,-2,1141,-5.45,0,0,0,0,0,0,0,0
2026-03-28 00:03:25.485,8.977,1,-2,1141,-5.45,0,0,0,0,0,0,0,0
2026-03-28 00:03:25.488,8.980,1,-2,1141,-5.45,0,0,0,0,0,0,0,0
2026-03-28 00:03:25.565,9.057,1,-2,1140,-5.45,0,0,0,0,0,0,0,0
2026-03-28 00:03:25.692,9.184,1,-3,1143,-5.45,0,0,0,0,0,0,0,0
2026-03-28 00:03:25.709,9.201,1,-2,1144,-5.45,0,0,0,0,0,0,0,0
2026-03-28 00:03:25.772,9.265,1,-2,1141,-5.45,0,0,0,0,0,0,0,0
2026-03-28 00:03:25.902,9.394,1,-2,1141,4360.59,0,0,0,0,0,0,0,0
2026-03-28 00:03:26.013,9.506,1,-3,1141,4360.59,0,0,0,0,0,0,0,0
2026-03-28 00:03:26.028,9.520,1,-3,1143,4360.59,0,0,0,0,0,0,0,0
2026-03-28 00:03:26.030,9.523,1,-2,1139,4360.59,0,0,0,0,0,0,0,0
2026-03-28 00:03:26.173,9.665,1,-2,1139,-3886.38,0,0,0,0,0,0,0,0
2026-03-28 00:03:26.220,9.712,1,-2,1143,756.88,0,0,0,0,0,0,0,0
2026-03-28 00:03:26.221,9.713,1,-2,1142,756.88,0,0,0,0,0,0,0,0
2026-03-28 00:03:26.380,9.872,1,-2,1138,756.88,0,0,0,0,0,0,0,0
2026-03-28 00:03:26.444,9.937,1,-3,1144,-5.41,0,0,0,0,0,0,0,0
2026-03-28 00:03:26.446,9.938,1,-3,1144,-5.41,0,0,0,0,0,0,0,0
2026-03-28 00:03:26.572,10.064,1,-2,1143,-5.41,0,0,0,0,0,0,0,0
2026-03-28 00:03:26.749,10.241,1,-2,1143,-5.41,0,0,0,0,0,0,0,0
2026-03-28 00:03:26.876,10.369,1,-2,1138,2485.1,0,0,0,0,0,0,0,0
2026-03-28 00:03:26.957,10.449,1,-3,1138,-5.32,0,0,0,0,0,0,0,0
2026-03-28 00:03:27.036,10.529,1,-3,1142,-5.45,0,0,0,0,0,0,0,0
2026-03-28 00:03:27.148,10.640,1,-2,1144,-5.45,0,0,0,0,0,0,0,0
2026-03-28 00:03:27.277,10.769,1,-3,1139,-5.45,0,0,0,0,0,0,0,0
2026-03-28 00:03:27.279,10.771,1,-3,1138,-5.45,0,0,0,0,0,0,0,0
2026-03-28 00:03:27.404,10.896,1,-2,1140,-5.45,0,0,0,0,0,0,0,0
2026-03-28 00:03:27.516,11.008,1,-2,1141,-5.45,0,0,0,0,0,0,0,0
2026-03-28 00:03:27.518,11.010,1,-2,1141,-5.45,0,0,0,0,0,0,0,0
2026-03-28 00:03:27.676,11.168,1,-2,1138,826.18,0,0,0,0,0,0,0,0
2026-03-28 00:03:27.740,11.233,1,-2,1141,-3331.96,0,0,0,0,0,0,0,0
2026-03-28 00:03:27.742,11.234,1,-3,1140,-3331.96,0,0,0,0,0,0,0,0
2026-03-28 00:03:27.757,11.249,1,-2,1141,-5.45,0,0,0,0,0,0,0,0
2026-03-28 00:03:27.870,11.362,1,-3,1142,-5.45,0,0,0,0,0,0,0,0
2026-03-28 00:03:27.885,11.377,1,-3,1140,-5.45,0,0,0,0,0,0,0,0
2026-03-28 00:03:27.888,11.381,1,-3,1142,-5.45,0,0,0,0,0,0,0,0
2026-03-28 00:03:27.997,11.489,1,-2,1144,-5.45,0,0,0,0,0,0,0,0
2026-03-28 00:03:28.108,11.600,1,-2,1140,-5.45,0,0,0,0,0,0,0,0
2026-03-28 00:03:28.109,11.601,1,-2,1140,-5.45,0,0,0,0,0,0,0,0
2026-03-28 00:03:28.188,11.680,1,-3,1141,-5.45,0,0,0,0,0,0,0,0
2026-03-28 00:03:28.190,11.682,1,-2,1140,-5.45,0,0,0,0,0,0,0,0
2026-03-28 00:03:28.268,11.760,2,-2,1141,-5.45,0,0,0,0,0,0,0,0
2026-03-28 00:03:28.428,11.920,1,-2,1141,4429.9,0,0,0,0,0,0,0,0
2026-03-28 00:03:28.556,12.048,1,-3,1143,-5.45,0,0,0,0,0,0,0,0
2026-03-28 00:03:28.589,12.081,1,-3,1142,-5.45,0,0,0,0,0,0,0,0
2026-03-28 00:03:28.749,12.241,1,-3,1141,2766.64,0,0,0,0,0,0,0,0
2026-03-28 00:03:28.876,12.368,1,-3,1140,2766.64,0,0,0,0,0,0,0,0
2026-03-28 00:03:28.877,12.369,1,-3,1143,2766.64,0,0,0,0,0,0,0,0
2026-03-28 00:03:28.988,12.480,1,-2,1139,2766.64,0,0,0,0,0,0,0,0
2026-03-28 00:03:28.990,12.482,1,-2,1139,2766.64,0,0,0,0,0,0,0,0
2026-03-28 00:03:29.036,12.528,1,-2,1141,-5.45,0,0,0,0,0,0,0,0
2026-03-28 00:03:29.180,12.672,1,-2,1138,-5.45,0,0,0,0,0,0,0,0
2026-03-28 00:03:29.292,12.784,1,-3,1144,-5.45,0,0,0,0,0,0,0,0
2026-03-28 00:03:29.356,12.848,1,-2,1141,-5.45,0,0,0,0,0,0,0,0
2026-03-28 00:03:29.452,12.944,1,-3,1142,-5.45,0,0,0,0,0,0,0,0
2026-03-28 00:03:29.468,12.961,1,-2,1144,-5.45,0,0,0,0,0,0,0,0
2026-03-28 00:03:29.580,13.072,1,-3,1138,-3054.75,0,0,0,0,0,0,0,0
2026-03-28 00:03:29.709,13.201,1,-3,1138,1380.6,0,0,0,0,0,0,0,0
2026-03-28 00:03:29.788,13.280,1,-3,1141,-5.45,0,0,0,0,0,0,0,0
2026-03-28 00:03:29.791,13.283,1,-3,1143,-5.45,0,0,0,0,0,0,0,0
2026-03-28 00:03:29.948,13.440,1,-3,1144,-5.45,0,0,0,0,0,0,0,0
2026-03-28 00:03:29.951,13.443,1,-3,1140,-5.45,0,0,0,0,0,0,0,0
2026-03-28 00:03:30.077,13.569,1,-3,1139,-5.45,0,0,0,0,0,0,0,0
2026-03-28 00:03:30.141,13.633,1,-3,1140,-5.45,0,0,0,0,0,0,0,0
2026-03-28 00:03:30.143,13.635,1,-2,1139,-5.45,0,0,0,0,0,0,0,0
2026-03-28 00:03:30.237,13.729,1,-3,1140,-5.45,0,0,0,0,0,0,0,0
2026-03-28 00:03:30.300,13.793,1,-3,1139,1614.49,0,0,0,0,0,0,0,0
2026-03-28 00:03:30.318,13.810,1,-2,1138,-282.66,0,0,0,0,0,0,0,0
2026-03-28 00:03:30.445,13.937,1,-2,1140,-282.66,0,0,0,0,0,0,0,0
2026-03-28 00:03:30.540,14.032,1,-2,1141,-5.45,0,0,0,0,0,0,0,0
2026-03-28 00:03:30.542,14.034,1,-2,1142,-5.45,0,0,0,0,0,0,0,0
2026-03-28 00:03:30.556,14.048,1,-5.45,0,0,0,0,0,0,0,0,0,0
2026-03-28 00:03:30.588,14.080,1,-2,1142,-5.45,0,0,0,0,0,0,0,0
2026-03-28 00:03:30.796,14.288,1,-2,1140,-5.45,0,0,0,0,0,0,0,0
2026-03-28 00:03:30.924,14.417,1,-3,1142,-5.45,0,0,0,0,0,0,0,0
2026-03-28 00:03:31.036,14.528,1,-3,1141,1380.6,0,0,0,0,0,0,0,0
2026-03-28 00:03:31.180,14.672,1,-2,1145,1380.6,0,0,0,0,0,0,0,0
2026-03-28 00:03:31.277,14.769,1,-2,1141,1380.6,0,0,0,0,0,0,0,0
2026-03-28 00:03:31.279,14.771,1,-3,1142,27.04,0,0,0,0,0,0,0,0
2026-03-28 00:03:31.389,14.881,1,-3,1141,27.04,0,0,0,0,0,0,0,0
2026-03-28 00:03:31.517,15.009,1,-3,1143,27.04,0,0,0,0,0,0,0,0
2026-03-28 00:03:31.580,15.072,1,-2,1139,27.04,0,0,0,0,0,0,0,0
2026-03-28 00:03:31.676,15.168,1,-2,1141,-5.45,0,0,0,0,0,0,0,0
2026-03-28 00:03:31.805,15.297,1,-3,1138,4204.66,0,0,0,0,0,0,0,0
2026-03-28 00:03:31.916,15.408,1,-2,1143,-5.45,0,0,0,0,0,0,0,0
2026-03-28 00:03:31.996,15.488,1,-2,1140,-5.45,0,0,0,0,0,0,0,0
2026-03-28 00:03:32.060,15.552,1,-2,1143,-646.49,0,0,0,0,0,0,0,0
2026-03-28 00:03:32.062,15.554,1,-2,1144,-646.49,0,0,0,0,0,0,0,0
2026-03-28 00:03:32.188,15.680,2,-3,1139,2461.28,0,0,0,0,0,0,0,0
2026-03-28 00:03:32.348,15.840,1,-2,1138,3147.8,0,0,0,0,0,0,0,0
2026-03-28 00:03:32.412,15.904,1,-3,1140,-802.42,0,0,0,0,0,0,0,0
2026-03-28 00:03:32.508,16.001,1,-3,1146,-802.42,0,0,0,0,0,0,0,0
2026-03-28 00:03:32.604,16.096,1,-3,1139,-802.42,0,0,0,0,0,0,0,0
2026-03-28 00:03:32.908,16.400,1,-2,1139,-282.66,0,0,0,0,0,0,0,0
2026-03-28 00:03:32.924,16.416,1,-2,1139,-282.66,0,0,0,0,0,0,0,0
2026-03-28 00:03:32.956,16.448,1,-2,1140,-5.45,0,0,0,0,0,0,0,0
2026-03-28 00:03:32.973,16.465,1,-2,1141,-5.45,0,0,0,0,0,0,0,0
2026-03-28 00:03:33.116,16.608,1,-2,1142,-5.45,0,0,0,0,0,0,0,0
2026-03-28 00:03:33.117,16.610,1,-2,1142,-5.45,0,0,0,0,0,0,0,0
2026-03-28 00:03:33.132,16.624,1,-2,1142,-5.45,0,0,0,0,0,0,0,0
2026-03-28 00:03:33.180,16.672,1,-2,1143,-5.45,0,0,0,0,0,0,0,0
2026-03-28 00:03:33.181,16.674,1,-3,1142,-5.45,0,0,0,0,0,0,0,0
2026-03-28 00:03:33.324,16.816,1,-2,1140,-2405.04,0,0,0,0,0,0,0,0
2026-03-28 00:03:33.325,16.817,1,-2,1140,-2405.04,0,0,0,0,0,0,0,0
2026-03-28 00:03:33.387,16.879,1,-2,1141,-2405.04,0,0,0,0,0,0,0,0
2026-03-28 00:03:33.403,16.896,1,-2,1140,-2405.04,0,0,0,0,0,0,0,0
2026-03-28 00:03:33.516,17.008,2,-3,1141,-2405.04,0,0,0,0,0,0,0,0
2026-03-28 00:03:33.628,17.120,2,-2,1141,1363.27,0,0,0,0,0,0,0,0
2026-03-28 00:03:33.629,17.121,1,-3,1139,1363.27,0,0,0,0,0,0,0,0
2026-03-28 00:03:33.631,17.123,1,-2,1143,1363.27,0,0,0,0,0,0,0,0
2026-03-28 00:03:33.772,17.264,1,-2,1145,1363.27,0,0,0,0,0,0,0,0
2026-03-28 00:03:33.852,17.344,1,-2,1142,1363.27,0,0,0,0,0,0,0,0
2026-03-28 00:03:33.916,17.408,1,-3,1141,-3583.18,0,0,0,0,0,0,0,0
2026-03-28 00:03:34.044,17.536,1,-3,1143,-3583.18,0,0,0,0,0,0,0,0
2026-03-28 00:03:34.172,17.664,2,-2,1139,-3583.18,0,0,0,0,0,0,0,0
2026-03-28 00:03:34.220,17.712,1,-2,1141,-5.45,0,0,0,0,0,0,0,0
2026-03-28 00:03:34.236,17.728,1,-3,1140,4429.9,0,0,0,0,0,0,0,0
2026-03-28 00:03:34.365,17.857,2,-2,1139,4429.9,0,0,0,0,0,0,0,0
2026-03-28 00:03:34.428,17.920,1,-2,1143,4429.9,0,0,0,0,0,0,0,0
2026-03-28 00:03:34.492,17.984,1,-2,1142,4429.9,0,0,0,0,0,0,0,0
2026-03-28 00:03:34.605,18.097,1,-3,1144,3321.06,0,0,0,0,0,0,0,0
2026-03-28 00:03:34.700,18.192,1,-2,1138,-1391.49,0,0,0,0,0,0,0,0
2026-03-28 00:03:34.828,18.320,1,-2,1138,-5.45,0,0,0,0,0,0,0,0
2026-03-28 00:03:34.876,18.369,1,-2,1141,24.74,0,0,0,0,0,0,0,0
2026-03-28 00:03:34.879,18.371,1,-2,1143,24.74,0,0,0,0,0,0,0,0
2026-03-28 00:03:34.972,18.464,1,-2,1145,24.74,0,0,0,0,0,0,0,0
2026-03-28 00:03:35.133,18.625,1,-3,1138,-5.45,0,0,0,0,0,0,0,0
2026-03-28 00:03:35.212,18.704,1,-2,1141,-5.45,0,0,0,0,0,0,0,0
2026-03-28 00:03:35.230,18.722,2,-2,1141,-5.45,0,0,0,0,0,0,0,0
2026-03-28 00:03:35.388,18.880,2,-2,1139,-2508.99,0,0,0,0,0,0,0,0
2026-03-28 00:03:35.500,18.992,1,-2,1141,1060.07,0,0,0,0,0,0,0,0
2026-03-28 00:03:35.564,19.056,1,-2,1142,79.01,0,0,0,0,0,0,0,0
2026-03-28 00:03:35.676,19.168,1,-2,1143,79.01,0,0,0,0,0,0,0,0
2026-03-28 00:03:35.773,19.265,1,-2,1141,79.01,0,0,0,0,0,0,0,0
2026-03-28 00:03:35.884,19.376,2,-3,1141,79.01,0,0,0,0,0,0,0,0
2026-03-28 00:03:35.885,19.378,1,-3,1140,79.01,0,0,0,0,0,0,0,0
2026-03-28 00:03:36.011,19.504,1,-2,1141,-5.45,0,0,0,0,0,0,0,0
2026-03-28 00:03:36.108,19.600,2,-2,1141,-3853.89,0,0,0,0,0,0,0,0
2026-03-28 00:03:36.235,19.728,1,-3,1145,-3853.89,0,0,0,0,0,0,0,0
2026-03-28 00:03:36.237,19.729,1,-2,1145,-3853.89,0,0,0,0,0,0,0,0
2026-03-28 00:03:36.333,19.825,1,-3,1143,-3853.89,0,0,0,0,0,0,0,0
2026-03-28 00:03:36.348,19.840,1,-3,1143,-3853.89,0,0,0,0,0,0,0,0
2026-03-28 00:03:36.444,19.936,1,-3,1142,-5.45,0,0,0,0,0,0,0,0
2026-03-28 00:03:36.445,19.937,1,-3,1141,-5.45,0,0,0,0,0,0,0,0
2026-03-28 00:03:36.588,20.080,1,-3,1143,-5.45,0,0,0,0,0,0,0,0
2026-03-28 00:03:36.732,20.224,1,-2,1138,-5.45,0,0,0,0,0,0,0,0
2026-03-28 00:03:36.923,20.416,1,-3,1142,4412.57,0,0,0,0,0,0,0,0
2026-03-28 00:03:36.940,20.432,1,-2,1144,4412.57,0,0,0,0,0,0,0,0
2026-03-28 00:03:37.100,20.592,1,-2,1141,4412.57,0,0,0,0,0,0,0,0
2026-03-28 00:03:37.133,20.625,1,-2,1144,4412.57,0,0,0,0,0,0,0,0
2026-03-28 00:03:37.260,20.752,1,-2,1138,-5.45,0,0,0,0,0,0,0,0
2026-03-28 00:03:37.275,20.767,1,-2,1138,1811.84,0,0,0,0,0,0,0,0
2026-03-28 00:03:37.372,20.864,1,-3,1139,-161.38,0,0,0,0,0,0,0,0
2026-03-28 00:03:37.373,20.865,1,-2,1138,3196.79,0,0,0,0,0,0,0,0
2026-03-28 00:03:37.375,20.867,1,-2,1139,271.76,0,0,0,0,0,0,0,0
2026-03-28 00:03:37.532,21.024,1,-2,1142,271.76,0,0,0,0,0,0,0,0
2026-03-28 00:03:37.536,21.028,1,-3,1145,271.76,0,0,0,0,0,0,0,0
2026-03-28 00:03:37.580,21.072,1,-2,1145,271.76,0,0,0,0,0,0,0,0
2026-03-28 00:03:37.708,21.200,1,-3,1139,271.76,0,0,0,0,0,0,0,0
2026-03-28 00:03:37.756,21.248,2,-2,1140,-5.45,0,0,0,0,0,0,0,0
2026-03-28 00:03:37.758,21.251,1,-2,1141,-5.45,0,0,0,0,0,0,0,0
2026-03-28 00:03:37.884,21.376,1,-2,1141,-5.45,0,0,0,0,0,0,0,0
2026-03-28 00:03:37.947,21.440,1,-2,1139,2437.46,0,0,0,0,0,0,0,0
2026-03-28 00:03:38.140,21.632,1,-2,1140,-5.45,0,0,0,0,0,0,0,0
2026-03-28 00:03:38.156,21.648,1,-2,1142,-5.45,0,0,0,0,0,0,0,0
2026-03-28 00:03:38.172,21.664,1,-2,1142,-5.45,0,0,0,0,0,0,0,0
2026-03-28 00:03:38.190,21.682,1,-2,1142,-5.45,0,0,0,0,0,0,0,0
2026-03-28 00:03:38.300,21.792,1,-3,1143,-5.45,0,0,0,0,0,0,0,0
2026-03-28 00:03:38.380,21.872,2,-2,1140,-5.45,0,0,0,0,0,0,0,0
2026-03-28 00:03:38.387,21.879,1,-2,1142,-5.45,0,0,0,0,0,0,0,0
2026-03-28 00:03:38.460,21.953,1,-2,1140,-5.45,0,0,0,0,0,0,0,0
2026-03-28 00:03:38.573,22.065,1,-2,1141,-5.45,0,0,0,0,0,0,0,0
2026-03-28 00:03:38.701,22.193,2,-2,1141,-1530.1,0,0,0,0,0,0,0,0
2026-03-28 00:03:38.865,22.357,1,-2,1145,-1530.1,0,0,0,0,0,0,0,0
2026-03-28 00:03:38.940,22.432,1,-2,1142,-1530.1,0,0,0,0,0,0,0,0
2026-03-28 00:03:38.989,22.481,1,-3,1141,-1530.1,0,0,0,0,0,0,0,0
2026-03-28 00:03:39.056,22.548,1,-3,1143,-1530.1,0,0,0,0,0,0,0,0
2026-03-28 00:03:39.195,22.687,1,-2,1139,-1530.1,0,0,0,0,0,0,0,0
2026-03-28 00:03:39.293,22.785,1,-2,1141,-5.45,0,0,0,0,0,0,0,0
2026-03-28 00:03:39.421,22.913,1,-2,1139,-5.45,0,0,0,0,0,0,0,0
2026-03-28 00:03:39.516,23.008,1,-3,1143,-4250.21,0,0,0,0,0,0,0,0
2026-03-28 00:03:39.660,23.152,1,-2,1142,-4250.21,0,0,0,0,0,0,0,0
2026-03-28 00:03:39.693,23.185,1,-3,1143,-4250.21,0,0,0,0,0,0,0,0
2026-03-28 00:03:39.710,23.202,1,-2,1145,-4250.21,0,0,0,0,0,0,0,0
2026-03-28 00:03:39.717,23.209,1,-2,1138,2766.64,0,0,0,0,0,0,0,0
2026-03-28 00:03:39.836,23.328,1,-2,1138,2766.64,0,0,0,0,0,0,0,0
2026-03-28 00:03:39.935,23.427,1,-2,1138,-1867.98,0,0,0,0,0,0,0,0
2026-03-28 00:03:39.951,23.443,1,-2,1138,-1668.7,0,0,0,0,0,0,0,0
2026-03-28 00:03:40.044,23.536,1,-2,1140,-1668.7,0,0,0,0,0,0,0,0
2026-03-28 00:03:40.221,23.713,1,-3,1138,-1668.7,0,0,0,0,0,0,0,0
2026-03-28 00:03:40.299,23.791,1,-3,1141,-5.45,0,0,0,0,0,0,0,0
2026-03-28 00:03:40.305,23.797,1,-2,1140,-5.45,0,0,0,0,0,0,0,0
2026-03-28 00:03:40.428,23.920,1,-2,1141,-5.45,0,0,0,0,0,0,0,0
2026-03-28 00:03:40.540,24.032,1,-2,1139,2489.43,0,0,0,0,0,0,0,0
2026-03-28 00:03:40.547,24.039,1,-2,1139,-5.45,0,0,0,0,0,0,0,0
2026-03-28 00:03:40.652,24.144,1,-2,1140,-5.45,0,0,0,0,0,0,0,0
2026-03-28 00:03:40.683,24.175,1,-2,1142,-5.45,0,0,0,0,0,0,0,0
2026-03-28 00:03:40.689,24.181,1,-2,1142,-5.45,0,0,0,0,0,0,0,0
2026-03-28 00:03:40.812,24.304,1,-2,1142,-5.45,0,0,0,0,0,0,0,0
2026-03-28 00:03:41.117,24.609,2,-2,1141,-5.45,0,0,0,0,0,0,0,0
2026-03-28 00:03:41.228,24.720,2,-2,1140,-5.45,0,0,0,0,0,0,0,0
2026-03-28 00:03:41.308,24.800,1,-2,1144,-5.45,0,0,0,0,0,0,0,0
2026-03-28 00:03:41.405,24.897,1,-2,1141,-5.45,0,0,0,0,0,0,0,0
2026-03-28 00:03:41.501,24.993,1,-3,1141,-5.45,0,0,0,0,0,0,0,0
2026-03-28 00:03:41.595,25.087,1,-2,1141,-5.45,0,0,0,0,0,0,0,0
2026-03-28 00:03:41.601,25.093,1,-3,1143,-5.45,0,0,0,0,0,0,0,0
2026-03-28 00:03:41.707,25.199,1,-2,1139,-5.45,0,0,0,0,0,0,0,0
2026-03-28 00:03:41.724,25.216,1,-2,1139,-5.45,0,0,0,0,0,0,0,0
2026-03-28 00:03:41.724,25.216,0,0,0,0,0,0,0,0,0,0,0,0
2026-03-28 00:03:41.726,25.218,1,-2,1142,-5.45,0,0,0,0,0,0,0,0
2026-03-28 00:03:41.836,25.328,1,-2,1141,-5.45,0,0,0,0,0,0,0,0
2026-03-28 00:03:41.843,25.335,2,-2,1138,-5.45,0,0,0,0,0,0,0,0
2026-03-28 00:03:41.932,25.424,2,-2,1139,-5.45,0,0,0,0,0,0,0,0
2026-03-28 00:03:41.939,25.431,1,-2,1143,-5.45,0,0,0,0,0,0,0,0
2026-03-28 00:03:42.112,25.604,1,-3,1144,-5.45,0,0,0,0,0,0,0,0
2026-03-28 00:03:42.203,25.695,1,-2,1140,-5.45,0,0,0,0,0,0,0,0
2026-03-28 00:03:42.206,25.699,1,-2,1142,-5.45,0,0,0,0,0,0,0,0
2026-03-28 00:03:42.286,25.778,1,-2,1144,-5.45,0,0,0,0,0,0,0,0
2026-03-28 00:03:42.412,25.904,2,-2,1139,124.49,0,0,0,0,0,0,0,0
2026-03-28 00:03:42.639,26.132,1,-2,1138,2757.98,0,0,0,0,0,0,0,0
2026-03-28 00:03:42.685,26.178,1,-3,1142,2757.98,0,0,0,0,0,0,0,0
2026-03-28 00:03:42.764,26.256,1,-2,1144,2757.98,0,0,0,0,0,0,0,0
2026-03-28 00:03:42.925,26.418,1,-2,1138,2757.98,0,0,0,0,0,0,0,0
2026-03-28 00:03:42.929,26.421,1,-2,1138,2757.98,0,0,0,0,0,0,0,0
2026-03-28 00:03:42.935,26.427,2,-2,1142,-5.45,0,0,0,0,0,0,0,0
2026-03-28 00:03:42.958,26.450,1,-2,1140,-5.45,0,0,0,0,0,0,0,0
2026-03-28 00:03:42.965,26.457,1,-3,1139,-5.45,0,0,0,0,0,0,0,0
2026-03-28 00:03:43.068,26.560,1,-2,1140,-5.45,0,0,0,0,0,0,0,0
2026-03-28 00:03:43.073,26.566,1,-2,1140,-5.45,0,0,0,0,0,0,0,0
2026-03-28 00:03:43.084,26.576,2,-2,1137,2212.22,0,0,0,0,0,0,0,0
2026-03-28 00:03:43.180,26.672,2,-2,1138,2212.22,0,0,0,0,0,0,0,0
2026-03-28 00:03:43.244,26.736,1,-2,1139,-5.45,0,0,0,0,0,0,0,0
2026-03-28 00:03:43.440,26.932,1,-3,1144,-5.45,0,0,0,0,0,0,0,0
2026-03-28 00:03:43.446,26.938,2,-2,1141,-5.45,0,0,0,0,0,0,0,0
2026-03-28 00:03:43.532,27.024,2,-2,1140,-5.45,0,0,0,0,0,0,0,0
2026-03-28 00:03:43.548,27.040,1,-2,1141,-5.45,0,0,0,0,0,0,0,0
2026-03-28 00:03:43.693,27.185,1,-3,1141,-5.45,0,0,0,0,0,0,0,0
2026-03-28 00:03:43.709,27.201,1,-2,1141,-5.45,0,0,0,0,0,0,0,0
2026-03-28 00:03:43.870,27.362,2,-2,1141,826.18,0,0,0,0,0,0,0,0
2026-03-28 00:03:44.029,27.521,1,-3,1143,826.18,0,0,0,0,0,0,0,0
2026-03-28 00:03:44.110,27.602,1,-2,1142,826.18,0,0,0,0,0,0,0,0
2026-03-28 00:03:44.172,27.664,1,-2,1141,-559.87,0,0,0,0,0,0,0,0
2026-03-28 00:03:44.283,27.776,1,-3,1142,-559.87,0,0,0,0,0,0,0,0
2026-03-28 00:03:44.363,27.855,1,-2,1139,4412.57,0,0,0,0,0,0,0,0
2026-03-28 00:03:44.430,27.922,1,-2,1142,-2283.76,0,0,0,0,0,0,0,0
2026-03-28 00:03:44.571,28.064,1,-2,1138,-2283.76,0,0,0,0,0,0,0,0
2026-03-28 00:03:44.574,28.066,2,-2,1138,2898.75,0,0,0,0,0,0,0,0
2026-03-28 00:03:44.683,28.176,1,-3,1144,-213.36,0,0,0,0,0,0,0,0
2026-03-28 00:03:44.780,28.272,1,-2,1141,-213.36,0,0,0,0,0,0,0,0
2026-03-28 00:03:44.891,28.383,1,-2,1143,-213.36,0,0,0,0,0,0,0,0
2026-03-28 00:03:44.895,28.388,1,-2,1144,-213.36,0,0,0,0,0,0,0,0
2026-03-28 00:03:45.023,28.515,1,-2,1138,1657.81,0,0,0,0,0,0,0,0
2026-03-28 00:03:45.037,28.529,1,-3,1138,1623.15,0,0,0,0,0,0,0,0
2026-03-28 00:03:45.115,28.608,1,-2,1138,11.88,0,0,0,0,0,0,0,0
2026-03-28 00:03:45.212,28.704,1,-3,1141,11.88,0,0,0,0,0,0,0,0
2026-03-28 00:03:45.341,28.833,1,-3,1145,11.88,0,0,0,0,0,0,0,0
2026-03-28 00:03:45.455,28.947,1,-3,1138,11.88,0,0,0,0,0,0,0,0
2026-03-28 00:03:45.463,28.956,1,-2,1141,-5.45,0,0,0,0,0,0,0,0
2026-03-28 00:03:45.548,29.040,1,-3,1140,-5.45,0,0,0,0,0,0,0,0
2026-03-28 00:03:45.552,29.044,1,-2,1141,-5.45,0,0,0,0,0,0,0,0
2026-03-28 00:03:45.691,29.183,1,-2,1141,-5.45,0,0,0,0,0,0,0,0
2026-03-28 00:03:45.788,29.280,1,-3,1138,-1114.29,0,0,0,0,0,0,0,0
2026-03-28 00:03:45.792,29.284,1,-2,1138,-837.08,0,0,0,0,0,0,0,0
2026-03-28 00:03:45.823,29.315,1,-2,1139,1930.68,0,0,0,0,0,0,0,0
2026-03-28 00:03:45.981,29.473,1,-2,1142,1930.68,0,0,0,0,0,0,0,0
2026-03-28 00:03:45.998,29.491,1,-3,1142,1930.68,0,0,0,0,0,0,0,0
2026-03-28 00:03:46.076,29.568,1,-2,1142,1930.68,0,0,0,0,0,0,0,0
2026-03-28 00:03:46.082,29.574,1,-2,1143,1930.68,0,0,0,0,0,0,0,0
2026-03-28 00:03:46.206,29.698,1,-2,1140,1930.68,0,0,0,0,0,0,0,0
2026-03-28 00:03:46.212,29.704,1,-2,1140,1930.68,0,0,0,0,0,0,0,0
2026-03-28 00:03:46.304,29.796,1,-3,1140,1930.68,0,0,0,0,0,0,0,0
2026-03-28 00:03:46.462,29.954,1,-2,1140,-74.75,0,0,0,0,0,0,0,0
2026-03-28 00:03:46.555,30.048,1,-3,1140,2731.86,0,0,0,0,0,0,0,0
2026-03-28 00:03:46.571,30.063,0,-3,1139,2731.86,0,0,0,0,0,0,0,0
2026-03-28 00:03:46.651,30.143,1,-3,1144,-5.45,0,0,0,0,0,0,0,0
2026-03-28 00:03:46.657,30.149,1,-3,1145,-5.45,0,0,0,0,0,0,0,0
2026-03-28 00:03:46.733,30.225,1,-3,1140,-5.45,0,0,0,0,0,0,0,0
2026-03-28 00:03:46.830,30.322,1,-3,1141,-5.45,0,0,0,0,0,0,0,0
2026-03-28 00:03:47.007,30.499,1,-3,1141,-5.45,0,0,0,0,0,0,0,0
2026-03-28 00:03:47.099,30.591,1,-3,1138,-5.45,0,0,0,0,0,0,0,0
2026-03-28 00:03:47.211,30.703,1,-2,1141,-559.87,0,0,0,0,0,0,0,0
2026-03-28 00:03:47.260,30.752,1,-2,1138,-74.75,0,0,0,0,0,0,0,0
2026-03-28 00:03:47.421,30.914,1,-3,1143,4429.9,0,0,0,0,0,0,0,0
2026-03-28 00:03:47.499,30.991,1,-2,1141,4429.9,0,0,0,0,0,0,0,0
2026-03-28 00:03:47.596,31.088,1,-3,1143,4429.9,0,0,0,0,0,0,0,0
2026-03-28 00:03:47.710,31.202,1,-3,1139,1657.81,0,0,0,0,0,0,0,0
2026-03-28 00:03:47.819,31.311,1,-3,1138,-1114.29,0,0,0,0,0,0,0,0
2026-03-28 00:03:47.904,31.396,1,-3,1142,-5.45,0,0,0,0,0,0,0,0
2026-03-28 00:03:47.907,31.400,1,-3,1142,-5.45,0,0,0,0,0,0,0,0
2026-03-28 00:03:47.911,31.403,1,-3,1143,-5.45,0,0,0,0,0,0,0,0
2026-03-28 00:03:48.064,31.556,1,-3,1145,-5.45,0,0,0,0,0,0,0,0
2026-03-28 00:03:48.189,31.681,1,-3,1140,-5.45,0,0,0,0,0,0,0,0
2026-03-28 00:03:48.219,31.712,1,-2,1140,-5.45,0,0,0,0,0,0,0,0
2026-03-28 00:03:48.366,31.859,1,-2,1140,-5.45,0,0,0,0,0,0,0,0
2026-03-28 00:03:48.460,31.952,1,-2,1138,-2708.24,0,0,0,0,0,0,0,0
2026-03-28 00:03:48.476,31.968,1,-2,1139,-2708.24,0,0,0,0,0,0,0,0
2026-03-28 00:03:48.574,32.066,1,-2,1140,1657.81,0,0,0,0,0,0,0,0
2026-03-28 00:03:48.652,32.144,1,-3,1142,4395.25,0,0,0,0,0,0,0,0
2026-03-28 00:03:48.658,32.150,1,-2,1142,4395.25,0,0,0,0,0,0,0,0
2026-03-28 00:03:48.813,32.305,1,-2,1143,4395.25,0,0,0,0,0,0,0,0
2026-03-28 00:03:48.892,32.384,1,-3,1140,4395.25,0,0,0,0,0,0,0,0
2026-03-28 00:03:48.956,32.448,1,-2,1141,4395.25,0,0,0,0,0,0,0,0
2026-03-28 00:03:48.958,32.450,1,-2,1140,4395.25,0,0,0,0,0,0,0,0
2026-03-28 00:03:48.974,32.466,1,-2,1141,-5.45,0,0,0,0,0,0,0,0
2026-03-28 00:03:49.067,32.559,1,-3,1140,-5.45,0,0,0,0,0,0,0,0
2026-03-28 00:03:49.163,32.656,1,-2,1141,817.52,0,0,0,0,0,0,0,0
2026-03-28 00:03:49.179,32.671,1,-3,1143,817.52,0,0,0,0,0,0,0,0
2026-03-28 00:03:49.275,32.768,1,-3,1144,817.52,0,0,0,0,0,0,0,0
2026-03-28 00:03:49.381,32.873,1,-3,1141,817.52,0,0,0,0,0,0,0,0
2026-03-28 00:03:49.515,33.007,1,-3,1141,462.34,0,0,0,0,0,0,0,0
2026-03-28 00:03:49.579,33.071,1,-3,1142,-5.45,0,0,0,0,0,0,0,0
2026-03-28 00:03:49.674,33.167,1,-2,1138,-5.45,0,0,0,0,0,0,0,0
2026-03-28 00:03:49.807,33.299,1,-2,1141,-5.45,0,0,0,0,0,0,0,0
2026-03-28 00:03:49.886,33.378,1,-2,1138,-5.45,0,0,0,0,0,0,0,0
2026-03-28 00:03:50.044,33.536,1,-3,1143,-5.45,0,0,0,0,0,0,0,0
2026-03-28 00:03:50.173,33.665,1,-2,1142,-5.45,0,0,0,0,0,0,0,0
2026-03-28 00:03:50.283,33.775,1,-2,1144,-5.45,0,0,0,0,0,0,0,0
2026-03-28 00:03:50.411,33.903,1,-2,1138,-1391.49,0,0,0,0,0,0,0,0
2026-03-28 00:03:50.443,33.935,1,-2,1138,-282.66,0,0,0,0,0,0,0,0
2026-03-28 00:03:50.445,33.937,1,-3,1137,-5.45,0,0,0,0,0,0,0,0
2026-03-28 00:03:50.459,33.951,1,-3,1140,-5.45,0,0,0,0,0,0,0,0
2026-03-28 00:03:50.571,34.063,1,-3,1142,-5.45,0,0,0,0,0,0,0,0
2026-03-28 00:03:50.699,34.191,1,-2,1143,-5.45,0,0,0,0,0,0,0,0
2026-03-28 00:03:50.700,34.193,1,-3,1144,-5.45,0,0,0,0,0,0,0,0
2026-03-28 00:03:50.703,34.195,1,-3,1138,-5.45,0,0,0,0,0,0,0,0
2026-03-28 00:03:50.748,34.240,1,-3,1138,-5.45,0,0,0,0,0,0,0,0
2026-03-28 00:03:50.844,34.336,1,-3,1140,-5.45,0,0,0,0,0,0,0,0
2026-03-28 00:03:50.846,34.338,1,-2,1139,-5.45,0,0,0,0,0,0,0,0
2026-03-28 00:03:50.987,34.480,1,-2,1140,-5.45,0,0,0,0,0,0,0,0
2026-03-28 00:03:50.990,34.482,1,-2,1138,2333.5,0,0,0,0,0,0,0,0
2026-03-28 00:03:51.051,34.543,1,-2,1139,2333.5,0,0,0,0,0,0,0,0
2026-03-28 00:03:51.179,34.671,1,-2,1140,-2266.44,0,0,0,0,0,0,0,0
2026-03-28 00:03:51.276,34.768,1,-2,1141,-5.41,0,0,0,0,0,0,0,0
2026-03-28 00:03:51.403,34.895,1,-3,1143,-5.41,0,0,0,0,0,0,0,0
2026-03-28 00:03:51.405,34.897,1,-2,1144,-5.41,0,0,0,0,0,0,0,0
2026-03-28 00:03:51.499,34.991,1,-2,1140,-5.41,0,0,0,0,0,0,0,0
2026-03-28 00:03:51.564,35.056,1,-3,1141,-5.41,0,0,0,0,0,0,0,0
2026-03-28 00:03:51.708,35.200,1,-2,1141,1657.81,0,0,0,0,0,0,0,0
2026-03-28 00:03:51.804,35.296,1,-3,1140,-144.05,0,0,0,0,0,0,0,0
2026-03-28 00:03:51.979,35.471,1,-3,1142,-144.05,0,0,0,0,0,0,0,0
2026-03-28 00:03:51.980,35.472,1,-2,1144,-144.05,0,0,0,0,0,0,0,0
2026-03-28 00:03:52.075,35.567,1,-2,1142,-144.05,0,0,0,0,0,0,0,0
2026-03-28 00:03:52.091,35.583,1,-3,1142,3035.19,0,0,0,0,0,0,0,0
2026-03-28 00:03:52.107,35.599,1,-3,1140,3035.19,0,0,0,0,0,0,0,0
2026-03-28 00:03:52.203,35.695,1,-3,1143,3035.19,0,0,0,0,0,0,0,0
2026-03-28 00:03:52.363,35.856,1,-3,1138,-2500.33,0,0,0,0,0,0,0,0
2026-03-28 00:03:52.411,35.903,1,-2,1141,-5.45,0,0,0,0,0,0,0,0
2026-03-28 00:03:52.555,36.047,1,-3,1138,-5.45,0,0,0,0,0,0,0,0
2026-03-28 00:03:52.667,36.159,1,-3,1143,-5.45,0,0,0,0,0,0,0,0
2026-03-28 00:03:52.668,36.160,1,-3,1144,-5.45,0,0,0,0,0,0,0,0
2026-03-28 00:03:52.811,36.303,1,-2,1141,-5.45,0,0,0,0,0,0,0,0
2026-03-28 00:03:52.843,36.335,1,-3,1142,-5.45,0,0,0,0,0,0,0,0
2026-03-28 00:03:52.845,36.337,1,-2,1143,-5.45,0,0,0,0,0,0,0,0
2026-03-28 00:03:53.018,36.510,1,-3,1138,-2777.54,0,0,0,0,0,0,0,0
2026-03-28 00:03:53.035,36.527,1,-3,1138,-1391.49,0,0,0,0,0,0,0,0
2026-03-28 00:03:53.131,36.623,1,-3,1139,-5.45,0,0,0,0,0,0,0,0
2026-03-28 00:03:53.163,36.655,1,-2,1141,-5.45,0,0,0,0,0,0,0,0
2026-03-28 00:03:53.291,36.783,1,-3,1144,-5.45,0,0,0,0,0,0,0,0
2026-03-28 00:03:53.293,36.785,1,-3,1144,-5.45,0,0,0,0,0,0,0,0
2026-03-28 00:03:53.435,36.927,1,-3,1138,-5.45,0,0,0,0,0,0,0,0
2026-03-28 00:03:53.547,37.040,1,-2,1141,-5.45,0,0,0,0,0,0,0,0
2026-03-28 00:03:53.563,37.055,1,-2,1140,-5.45,0,0,0,0,0,0,0,0
2026-03-28 00:03:53.660,37.152,1,-2,1140,-5.45,0,0,0,0,0,0,0,0
2026-03-28 00:03:53.691,37.183,1,-2,1138,1623.15,0,0,0,0,0,0,0,0
2026-03-28 00:03:53.867,37.360,1,-2,1141,1623.15,0,0,0,0,0,0,0,0
2026-03-28 00:03:53.947,37.439,1,-2,1142,-5.45,0,0,0,0,0,0,0,0
2026-03-28 00:03:54.091,37.583,1,-3,1144,-5.45,0,0,0,0,0,0,0,0
2026-03-28 00:03:54.139,37.631,1,-2,1141,-5.45,0,0,0,0,0,0,0,0
2026-03-28 00:03:54.219,37.711,1,-2,1140,-5.45,0,0,0,0,0,0,0,0
2026-03-28 00:03:54.315,37.808,1,-2,1140,-5.45,0,0,0,0,0,0,0,0
2026-03-28 00:03:54.318,37.810,1,-3,1140,548.97,0,0,0,0,0,0,0,0
2026-03-28 00:03:54.411,37.904,1,-3,1140,548.97,0,0,0,0,0,0,0,0
2026-03-28 00:03:54.587,38.079,1,-2,1144,548.97,0,0,0,0,0,0,0,0
2026-03-28 00:03:54.651,38.144,1,-3,1141,548.97,0,0,0,0,0,0,0,0
2026-03-28 00:03:54.715,38.207,1,-2,1141,548.97,0,0,0,0,0,0,0,0
2026-03-28 00:03:54.859,38.351,1,-3,1142,548.97,0,0,0,0,0,0,0,0
2026-03-28 00:03:54.892,38.384,1,-2,1138,-1686.03,0,0,0,0,0,0,0,0
2026-03-28 00:03:54.898,38.390,1,-3,1138,2244.24,0,0,0,0,0,0,0,0
2026-03-28 00:03:55.019,38.511,1,-2,1142,2244.24,0,0,0,0,0,0,0,0
2026-03-28 00:03:55.131,38.624,2,-2,1138,-5.45,0,0,0,0,0,0,0,0
2026-03-28 00:03:55.228,38.720,1,-2,1144,-5.45,0,0,0,0,0,0,0,0
2026-03-28 00:03:55.291,38.783,1,-2,1141,-5.45,0,0,0,0,0,0,0,0
2026-03-28 00:03:55.292,38.784,1,-2,1142,-5.45,0,0,0,0,0,0,0,0
2026-03-28 00:03:55.354,38.846,1,-2,1142,-5.45,0,0,0,0,0,0,0,0
2026-03-28 00:03:55.371,38.863,1,-2,1144,-5.45,0,0,0,0,0,0,0,0
2026-03-28 00:03:55.547,39.039,1,-2,1139,237.11,0,0,0,0,0,0,0,0
2026-03-28 00:03:55.675,39.167,1,-3,1138,-5.36,0,0,0,0,0,0,0,0
2026-03-28 00:03:55.802,39.294,1,-3,1140,-5.36,0,0,0,0,0,0,0,0
2026-03-28 00:03:55.804,39.296,1,-3,1142,-5.36,0,0,0,0,0,0,0,0
2026-03-28 00:03:55.851,39.343,1,-2,1145,-5.36,0,0,0,0,0,0,0,0
2026-03-28 00:03:55.883,39.375,1,-3,1139,-5.36,0,0,0,0,0,0,0,0
2026-03-28 00:03:55.995,39.487,1,-2,1141,-5.36,0,0,0,0,0,0,0,0
2026-03-28 00:03:56.139,39.631,1,-2,1140,-5.36,0,0,0,0,0,0,0,0
2026-03-28 00:03:56.235,39.727,1,-2,1139,2142.92,0,0,0,0,0,0,0,0
2026-03-28 00:03:56.283,39.775,1,-2,1139,4429.9,0,0,0,0,0,0,0,0
2026-03-28 00:03:56.460,39.952,1,-2,1142,-5.45,0,0,0,0,0,0,0,0
2026-03-28 00:03:56.571,40.063,1,-2,1144,-5.45,0,0,0,0,0,0,0,0
2026-03-28 00:03:56.573,40.065,1,-2,1140,-5.45,0,0,0,0,0,0,0,0
2026-03-28 00:03:56.666,40.158,1,-2,1140,-5.45,0,0,0,0,0,0,0,0
2026-03-28 00:03:57.035,40.527,2,-2,1140,-5.45,0,0,0,0,0,0,0,0
2026-03-28 00:03:57.099,40.591,1,-2,1145,-5.45,0,0,0,0,0,0,0,0
2026-03-28 00:03:57.195,40.687,1,-2,1143,-5.45,0,0,0,0,0,0,0,0
2026-03-28 00:03:57.291,40.783,1,-3,1140,-5.45,0,0,0,0,0,0,0,0
2026-03-28 00:03:57.371,40.863,1,-3,1142,-5.45,0,0,0,0,0,0,0,0
2026-03-28 00:03:57.435,40.927,2,-3,1138,4429.9,0,0,0,0,0,0,0,0
2026-03-28 00:03:57.595,41.087,1,-2,1141,-5.45,0,0,0,0,0,0,0,0
2026-03-28 00:03:57.899,41.391,1,-3,1141,-5.45,0,0,0,0,0,0,0,0
2026-03-28 00:03:57.979,41.471,1,-2,1142,-5.45,0,0,0,0,0,0,0,0
2026-03-28 00:03:58.155,41.647,1,-2,1138,1380.6,0,0,0,0,0,0,0,0
2026-03-28 00:03:58.251,41.743,1,-3,1138,3875.48,0,0,0,0,0,0,0,0
2026-03-28 00:03:58.394,41.886,1,-3,1142,2125.6,0,0,0,0,0,0,0,0
2026-03-28 00:03:58.491,41.983,1,-2,1145,2125.6,0,0,0,0,0,0,0,0
2026-03-28 00:03:58.539,42.031,1,-3,1138,-837.08,0,0,0,0,0,0,0,0
2026-03-28 00:03:58.667,42.159,1,-2,1140,-5.45,0,0,0,0,0,0,0,0
2026-03-28 00:03:58.682,42.174,1,-3,1139,-5.45,0,0,0,0,0,0,0,0
2026-03-28 00:03:58.730,42.222,1,-2,1140,-5.45,0,0,0,0,0,0,0,0
2026-03-28 00:03:58.906,42.398,1,-2,1138,-5.45,0,0,0,0,0,0,0,0
2026-03-28 00:03:58.907,42.399,1,-2,1139,-5.45,0,0,0,0,0,0,0,0
2026-03-28 00:03:59.019,42.511,1,-2,1139,1371.93,0,0,0,0,0,0,0,0
2026-03-28 00:03:59.131,42.623,1,-2,1142,-2716.9,0,0,0,0,0,0,0,0
2026-03-28 00:03:59.179,42.671,1,-2,1144,-2716.9,0,0,0,0,0,0,0,0
2026-03-28 00:03:59.275,42.767,1,-2,1140,-5.45,0,0,0,0,0,0,0,0
2026-03-28 00:03:59.276,42.769,1,-2,1140,-5.45,0,0,0,0,0,0,0,0
2026-03-28 00:03:59.370,42.862,1,-2,1141,-5.45,0,0,0,0,0,0,0,0
2026-03-28 00:03:59.371,42.863,1,-3,1140,-5.45,0,0,0,0,0,0,0,0
2026-03-28 00:03:59.468,42.960,2,-2,1141,-5.45,0,0,0,0,0,0,0,0
2026-03-28 00:03:59.595,43.087,1,-3,1140,-5.45,0,0,0,0,0,0,0,0
2026-03-28 00:03:59.610,43.102,1,-3,1142,-5.45,0,0,0,0,0,0,0,0
2026-03-28 00:03:59.691,43.183,1,-2,1144,-5.45,0,0,0,0,0,0,0,0
2026-03-28 00:03:59.803,43.295,1,-2,1143,-5.45,0,0,0,0,0,0,0,0
2026-03-28 00:03:59.851,43.343,1,-2,1141,-5.45,0,0,0,0,0,0,0,0
2026-03-28 00:03:59.857,43.350,1,-3,1140,-5.45,0,0,0,0,0,0,0,0
2026-03-28 00:03:59.947,43.439,1,-3,1143,-5.45,0,0,0,0,0,0,0,0
2026-03-28 00:04:00.075,43.568,1,-2,1139,-5.45,0,0,0,0,0,0,0,0
2026-03-28 00:04:00.077,43.569,1,-2,1139,-5.45,0,0,0,0,0,0,0,0
2026-03-28 00:04:00.090,43.582,1,-2,1142,-5.25,0,0,0,0,0,0,0,0
2026-03-28 00:04:00.218,43.711,1,-2,1141,-5.25,0,0,0,0,0,0,0,0
2026-03-28 00:04:00.315,43.807,1,-2,1138,-3331.96,0,0,0,0,0,0,0,0
2026-03-28 00:04:00.475,43.967,1,-3,1143,-3331.96,0,0,0,0,0,0,0,0
2026-03-28 00:04:00.523,44.015,1,-2,1140,-3331.96,0,0,0,0,0,0,0,0
2026-03-28 00:04:00.619,44.111,1,-2,1143,-3331.96,0,0,0,0,0,0,0,0
2026-03-28 00:04:00.667,44.159,1,-3,1138,548.97,0,0,0,0,0,0,0,0
2026-03-28 00:04:00.890,44.382,1,-2,1138,228.45,0,0,0,0,0,0,0,0
2026-03-28 00:04:00.893,44.385,1,-3,1139,228.45,0,0,0,0,0,0,0,0
2026-03-28 00:04:00.923,44.415,1,-3,1142,228.45,0,0,0,0,0,0,0,0
2026-03-28 00:04:01.020,44.512,1,-3,1144,228.45,0,0,0,0,0,0,0,0
2026-03-28 00:04:01.082,44.574,1,-3,1138,228.45,0,0,0,0,0,0,0,0
2026-03-28 00:04:01.195,44.687,1,-2,1141,-421.26,0,0,0,0,0,0,0,0
2026-03-28 00:04:01.355,44.847,1,-2,1140,-421.26,0,0,0,0,0,0,0,0
2026-03-28 00:04:01.370,44.862,1,-3,1139,-421.26,0,0,0,0,0,0,0,0
2026-03-28 00:04:01.466,44.959,1,-2,1138,2628.04,0,0,0,0,0,0,0,0
2026-03-28 00:04:01.468,44.960,1,-2,1139,2628.04,0,0,0,0,0,0,0,0
2026-03-28 00:04:01.483,44.975,1,-2,1139,-5.45,0,0,0,0,0,0,0,0
2026-03-28 00:04:01.548,45.040,1,-3,1140,-5.45,0,0,0,0,0,0,0,0
2026-03-28 00:04:01.550,45.042,1,-3,1139,-5.45,0,0,0,0,0,0,0,0
2026-03-28 00:04:01.553,45.045,1,-2,1142,3857.68,0,0,0,0,0,0,0,0
2026-03-28 00:04:01.643,45.135,1,-2,1142,3857.68,0,0,0,0,0,0,0,0
2026-03-28 00:04:01.738,45.231,1,-3,1143,3857.68,0,0,0,0,0,0,0,0
2026-03-28 00:04:01.914,45.407,1,-2,1140,3857.68,0,0,0,0,0,0,0,0
2026-03-28 00:04:02.075,45.567,1,-3,1140,3857.68,0,0,0,0,0,0,0,0
2026-03-28 00:04:02.122,45.614,1,-2,1142,3736.87,0,0,0,0,0,0,0,0
2026-03-28 00:04:02.123,45.615,1,-3,1141,3736.87,0,0,0,0,0,0,0,0
2026-03-28 00:04:02.125,45.617,1,-3,1141,-3.28,0,0,0,0,0,0,0,0
2026-03-28 00:04:02.202,45.695,1,-2,1140,-3.28,0,0,0,0,0,0,0,0
2026-03-28 00:04:02.315,45.807,1,-2,1143,-3.28,0,0,0,0,0,0,0,0
2026-03-28 00:04:02.507,45.999,1,-2,1141,-3.28,0,0,0,0,0,0,0,0
2026-03-28 00:04:02.523,46.015,1,-2,1142,-2240.45,0,0,0,0,0,0,0,0
2026-03-28 00:04:02.587,46.080,1,-3,1141,-2240.45,0,0,0,0,0,0,0,0
2026-03-28 00:04:02.666,46.159,1,-3,1142,-5.45,0,0,0,0,0,0,0,0
2026-03-28 00:04:02.746,46.239,1,-2,1138,-2223.12,0,0,0,0,0,0,0,0
2026-03-28 00:04:02.749,46.241,1,-2,1142,-4.37,0,0,0,0,0,0,0,0
2026-03-28 00:04:02.876,46.368,1,-2,1141,-4.37,0,0,0,0,0,0,0,0
2026-03-28 00:04:02.970,46.462,1,-2,1138,-4.37,0,0,0,0,0,0,0,0
2026-03-28 00:04:02.972,46.464,1,-2,1138,-4.37,0,0,0,0,0,0,0,0
2026-03-28 00:04:03.082,46.574,1,-3,1143,4429.9,0,0,0,0,0,0,0,0
2026-03-28 00:04:03.179,46.671,1,-3,1138,4429.9,0,0,0,0,0,0,0,0
2026-03-28 00:04:03.339,46.831,1,-2,1143,4429.9,0,0,0,0,0,0,0,0
2026-03-28 00:04:03.340,46.832,1,-3,1144,4429.9,0,0,0,0,0,0,0,0
2026-03-28 00:04:03.387,46.879,1,-3,1138,-1668.7,0,0,0,0,0,0,0,0
2026-03-28 00:04:03.578,47.070,1,-2,1138,1935.02,0,0,0,0,0,0,0,0
2026-03-28 00:04:03.579,47.071,1,-3,1138,1935.02,0,0,0,0,0,0,0,0
2026-03-28 00:04:03.580,47.073,1,0,1140,-5.41,0,0,0,0,0,0,0,0
2026-03-28 00:04:03.674,47.166,1,-3,1141,-5.41,0,0,0,0,0,0,0,0
2026-03-28 00:04:03.770,47.262,1,-3,1143,-5.41,0,0,0,0,0,0,0,0
2026-03-28 00:04:03.772,47.264,1,-3,1144,-5.45,0,0,0,0,0,0,0,0
2026-03-28 00:04:03.867,47.359,1,-3,1138,-5.45,0,0,0,0,0,0,0,0
2026-03-28 00:04:03.931,47.423,1,-2,1140,-5.44,0,0,0,0,0,0,0,0
2026-03-28 00:04:04.043,47.535,1,-2,1139,-5.44,0,0,0,0,0,0,0,0
2026-03-28 00:04:04.059,47.551,1,-2,1138,3286.41,0,0,0,0,0,0,0,0
2026-03-28 00:04:04.170,47.663,1,-2,1139,-629.17,0,0,0,0,0,0,0,0
2026-03-28 00:04:04.283,47.775,1,-3,1140,-5.45,0,0,0,0,0,0,0,0
2026-03-28 00:04:04.300,47.792,1,-3,1142,-2638.93,0,0,0,0,0,0,0,0
2026-03-28 00:04:04.378,47.871,1,-2,1142,-2638.93,0,0,0,0,0,0,0,0
2026-03-28 00:04:04.490,47.983,1,-2,1144,-2638.93,0,0,0,0,0,0,0,0
2026-03-28 00:04:04.650,48.143,1,-2,1140,-5.45,0,0,0,0,0,0,0,0
2026-03-28 00:04:04.714,48.206,1,-3,1141,-5.45,0,0,0,0,0,0,0,0
2026-03-28 00:04:04.827,48.319,1,-2,1141,-1634.19,0,0,0,0,0,0,0,0
2026-03-28 00:04:04.843,48.335,1,-3,1140,548.97,0,0,0,0,0,0,0,0
2026-03-28 00:04:04.938,48.430,1,-2,1140,548.97,0,0,0,0,0,0,0,0
2026-03-28 00:04:05.034,48.526,1,-3,1143,-5.45,0,0,0,0,0,0,0,0
2026-03-28 00:04:05.146,48.638,1,-3,1142,-5.45,0,0,0,0,0,0,0,0
2026-03-28 00:04:05.259,48.751,1,-3,1140,2038.97,0,0,0,0,0,0,0,0
2026-03-28 00:04:05.261,48.753,1,-3,1140,2038.97,0,0,0,0,0,0,0,0
2026-03-28 00:04:05.338,48.831,1,-3,1143,2038.97,0,0,0,0,0,0,0,0
2026-03-28 00:04:05.402,48.894,1,-2,1138,2038.97,0,0,0,0,0,0,0,0
2026-03-28 00:04:05.514,49.006,1,-2,1141,-5.45,0,0,0,0,0,0,0,0
2026-03-28 00:04:05.517,49.009,1,-2,1138,-5.45,0,0,0,0,0,0,0,0
2026-03-28 00:04:05.627,49.119,1,-2,1138,-5.45,0,0,0,0,0,0,0,0
2026-03-28 00:04:05.946,49.438,1,-3,1143,-5.45,0,0,0,0,0,0,0,0
2026-03-28 00:04:06.043,49.535,1,-2,1138,1575.51,0,0,0,0,0,0,0,0
2026-03-28 00:04:06.154,49.646,1,-2,1138,3321.06,0,0,0,0,0,0,0,0
2026-03-28 00:04:06.157,49.649,1,-3,1138,-5.45,0,0,0,0,0,0,0,0
2026-03-28 00:04:06.299,49.791,1,-3,1141,-5.45,0,0,0,0,0,0,0,0
2026-03-28 00:04:06.394,49.886,1,-2,1145,-5.45,0,0,0,0,0,0,0,0
2026-03-28 00:04:06.474,49.966,1,-3,1139,-5.45,0,0,0,0,0,0,0,0
2026-03-28 00:04:06.490,49.982,1,-2,1141,2004.32,0,0,0,0,0,0,0,0
2026-03-28 00:04:06.602,50.095,1,-3,1140,2004.32,0,0,0,0,0,0,0,0
2026-03-28 00:04:06.714,50.206,1,-2,1140,2004.32,0,0,0,0,0,0,0,0
2026-03-28 00:04:06.716,50.208,1,-3,1139,1119.6,0,0,0,0,0,0,0,0
2026-03-28 00:04:06.826,50.318,1,-2,1138,496.99,0,0,0,0,0,0,0,0
2026-03-28 00:04:06.874,50.366,1,-2,1138,-3886.38,0,0,0,0,0,0,0,0
2026-03-28 00:04:06.875,50.367,1,-2,1140,-3886.38,0,0,0,0,0,0,0,0
2026-03-28 00:04:06.877,50.369,1,-2,1142,-5.45,0,0,0,0,0,0,0,0
2026-03-28 00:04:07.051,50.543,1,-2,1142,-5.45,0,0,0,0,0,0,0,0
2026-03-28 00:04:07.098,50.590,1,-2,1143,-5.45,0,0,0,0,0,0,0,0
2026-03-28 00:04:07.243,50.735,1,-2,1140,-5.45,0,0,0,0,0,0,0,0
2026-03-28 00:04:07.322,50.814,1,-2,1142,-5.45,0,0,0,0,0,0,0,0
2026-03-28 00:04:07.386,50.878,2,-2,1141,2749.32,0,0,0,0,0,0,0,0
2026-03-28 00:04:07.388,50.880,1,-2,1141,2749.32,0,0,0,0,0,0,0,0
2026-03-28 00:04:07.546,51.038,1,-3,1140,-1036.32,0,0,0,0,0,0,0,0
2026-03-28 00:04:07.578,51.070,1,-3,1145,-1036.32,0,0,0,0,0,0,0,0
2026-03-28 00:04:07.770,51.262,1,-2,1141,-1036.32,0,0,0,0,0,0,0,0
2026-03-28 00:04:07.898,51.391,1,-3,1141,826.18,0,0,0,0,0,0,0,0
2026-03-28 00:04:07.901,51.393,1,-3,1140,826.18,0,0,0,0,0,0,0,0
2026-03-28 00:04:07.946,51.438,1,-3,1143,826.18,0,0,0,0,0,0,0,0
2026-03-28 00:04:08.042,51.534,1,-2,1138,2160.25,0,0,0,0,0,0,0,0
2026-03-28 00:04:08.106,51.598,1,-2,1141,-5.45,0,0,0,0,0,0,0,0
2026-03-28 00:04:08.234,51.726,2,-2,1138,-5.45,0,0,0,0,0,0,0,0
2026-03-28 00:04:08.236,51.728,1,-2,1138,-1135.94,0,0,0,0,0,0,0,0
2026-03-28 00:04:08.362,51.855,1,-3,1145,-1135.94,0,0,0,0,0,0,0,0
2026-03-28 00:04:08.458,51.950,1,-2,1142,-1135.94,0,0,0,0,0,0,0,0
2026-03-28 00:04:08.554,52.046,1,-3,1142,-1135.94,0,0,0,0,0,0,0,0
2026-03-28 00:04:08.555,52.047,1,-2,1144,-1135.94,0,0,0,0,0,0,0,0
2026-03-28 00:04:08.556,52.049,1,-2,1138,-5.39,0,0,0,0,0,0,0,0
2026-03-28 00:04:08.635,52.127,1,-2,1138,583.55,0,0,0,0,0,0,0,0
2026-03-28 00:04:08.746,52.238,1,-2,1138,271.76,0,0,0,0,0,0,0,0
2026-03-28 00:04:08.747,52.239,1,-3,1139,-3799.75,0,0,0,0,0,0,0,0
2026-03-28 00:04:08.748,52.240,1,-3,1140,-3799.75,0,0,0,0,0,0,0,0
2026-03-28 00:04:08.843,52.335,1,-3,1142,-3799.75,0,0,0,0,0,0,0,0
2026-03-28 00:04:08.954,52.446,1,-2,1144,-3799.75,0,0,0,0,0,0,0,0
2026-03-28 00:04:09.051,52.543,1,-3,1139,-3799.75,0,0,0,0,0,0,0,0
2026-03-28 00:04:09.162,52.655,1,-3,1141,-3799.75,0,0,0,0,0,0,0,0
2026-03-28 00:04:09.258,52.750,1,-2,1140,-3799.75,0,0,0,0,0,0,0,0
2026-03-28 00:04:09.370,52.862,1,-2,1139,3321.06,0,0,0,0,0,0,0,0
2026-03-28 00:04:09.482,52.974,1,-2,1139,-837.08,0,0,0,0,0,0,0,0
2026-03-28 00:04:09.483,52.975,1,-3,1140,-837.08,0,0,0,0,0,0,0,0
2026-03-28 00:04:09.546,53.038,1,-2,1142,-837.08,0,0,0,0,0,0,0,0
2026-03-28 00:04:09.548,53.040,1,-2,1142,-837.08,0,0,0,0,0,0,0,0
2026-03-28 00:04:09.706,53.198,1,-3,1143,-837.08,0,0,0,0,0,0,0,0
2026-03-28 00:04:09.711,53.203,1,-2,1142,-837.08,0,0,0,0,0,0,0,0
2026-03-28 00:04:09.770,53.262,1,-2,1141,-837.08,0,0,0,0,0,0,0,0
2026-03-28 00:04:10.074,53.566,1,-2,1140,540.31,0,0,0,0,0,0,0,0
2026-03-28 00:04:10.186,53.678,1,-3,1143,540.31,0,0,0,0,0,0,0,0
2026-03-28 00:04:10.234,53.726,1,-3,1143,540.31,0,0,0,0,0,0,0,0
2026-03-28 00:04:10.314,53.806,1,-2,1141,2212.22,0,0,0,0,0,0,0,0
2026-03-28 00:04:10.409,53.902,1,-3,1142,2212.22,0,0,0,0,0,0,0,0
2026-03-28 00:04:10.538,54.030,1,-2,1139,-2327.07,0,0,0,0,0,0,0,0
2026-03-28 00:04:10.602,54.094,1,-3,1141,-1945.91,0,0,0,0,0,0,0,0
2026-03-28 00:04:10.730,54.222,2,-2,1139,-1945.91,0,0,0,0,0,0,0,0
2026-03-28 00:04:10.875,54.367,1,-3,1144,-1945.91,0,0,0,0,0,0,0,0
2026-03-28 00:04:10.890,54.382,1,-3,1143,-1945.91,0,0,0,0,0,0,0,0
2026-03-28 00:04:10.987,54.479,1,-2,1142,-1945.91,0,0,0,0,0,0,0,0
2026-03-28 00:04:11.082,54.574,1,-2,1144,-1945.91,0,0,0,0,0,0,0,0
2026-03-28 00:04:11.258,54.750,1,-2,1139,3598.27,0,0,0,0,0,0,0,0
2026-03-28 00:04:11.354,54.847,1,-3,1138,-5.45,0,0,0,0,0,0,0,0
2026-03-28 00:04:11.359,54.851,1,-2,1138,1103.39,0,0,0,0,0,0,0,0
2026-03-28 00:04:11.418,54.910,1,-3,1142,1103.39,0,0,0,0,0,0,0,0
2026-03-28 00:04:11.482,54.974,1,-3,1144,1103.39,0,0,0,0,0,0,0,0
2026-03-28 00:04:11.546,55.038,1,-2,1138,1103.39,0,0,0,0,0,0,0,0
2026-03-28 00:04:11.642,55.134,1,-2,1140,-144.05,0,0,0,0,0,0,0,0
2026-03-28 00:04:11.643,55.135,1,-3,1139,-144.05,0,0,0,0,0,0,0,0
2026-03-28 00:04:11.818,55.310,1,-2,1140,-144.05,0,0,0,0,0,0,0,0
2026-03-28 00:04:11.883,55.375,2,-2,1139,-3938.35,0,0,0,0,0,0,0,0
2026-03-28 00:04:11.977,55.469,1,-2,1139,-5.45,0,0,0,0,0,0,0,0
2026-03-28 00:04:11.979,55.471,1,-2,1140,-5.45,0,0,0,0,0,0,0,0
2026-03-28 00:04:12.106,55.598,1,-2,1142,-5.45,0,0,0,0,0,0,0,0
2026-03-28 00:04:12.410,55.902,1,-2,1142,-5.45,0,0,0,0,0,0,0,0
2026-03-28 00:04:12.474,55.966,1,-2,1141,1380.6,0,0,0,0,0,0,0,0
2026-03-28 00:04:12.634,56.126,1,-3,1140,-2532.82,0,0,0,0,0,0,0,0
2026-03-28 00:04:12.651,56.143,1,-3,1139,-2532.82,0,0,0,0,0,0,0,0
2026-03-28 00:04:12.730,56.222,1,-3,1142,-2532.82,0,0,0,0,0,0,0,0
2026-03-28 00:04:12.826,56.318,1,-2,1143,-2532.82,0,0,0,0,0,0,0,0
2026-03-28 00:04:12.828,56.320,1,-3,1143,-2532.82,0,0,0,0,0,0,0,0
2026-03-28 00:04:12.970,56.462,1,-3,1141,-2223.12,0,0,0,0,0,0,0,0
2026-03-28 00:04:13.050,56.542,1,-3,1141,-2223.12,0,0,0,0,0,0,0,0
2026-03-28 00:04:13.162,56.654,2,-2,1138,2489.43,0,0,0,0,0,0,0,0
2026-03-28 00:04:13.226,56.718,1,-2,1141,-5.45,0,0,0,0,0,0,0,0
2026-03-28 00:04:13.354,56.846,1,-2,1139,-5.45,0,0,0,0,0,0,0,0
2026-03-28 00:04:13.482,56.974,1,-3,1143,-5.45,0,0,0,0,0,0,0,0
2026-03-28 00:04:13.483,56.975,1,-3,1144,-5.45,0,0,0,0,0,0,0,0
2026-03-28 00:04:13.577,57.069,1,-2,1141,-5.45,0,0,0,0,0,0,0,0
2026-03-28 00:04:13.642,57.134,1,-2,1144,-5.45,0,0,0,0,0,0,0,0
2026-03-28 00:04:13.754,57.246,1,-3,1138,271.76,0,0,0,0,0,0,0,0
2026-03-28 00:04:13.772,57.264,1,-2,1138,-5.45,0,0,0,0,0,0,0,0
2026-03-28 00:04:13.867,57.359,1,-2,1138,-2657.09,0,0,0,0,0,0,0,0
2026-03-28 00:04:13.994,57.486,1,-3,1142,-248.01,0,0,0,0,0,0,0,0
2026-03-28 00:04:14.090,57.582,1,-2,1144,-248.01,0,0,0,0,0,0,0,0
2026-03-28 00:04:14.093,57.585,1,-3,1138,-248.01,0,0,0,0,0,0,0,0
2026-03-28 00:04:14.123,57.615,1,-3,1138,-248.01,0,0,0,0,0,0,0,0
2026-03-28 00:04:14.218,57.710,1,-3,1140,-5.45,0,0,0,0,0,0,0,0
2026-03-28 00:04:14.394,57.886,1,-2,1140,-5.45,0,0,0,0,0,0,0,0
2026-03-28 00:04:14.397,57.889,1,-3,1139,-5.45,0,0,0,0,0,0,0,0
2026-03-28 00:04:14.489,57.981,1,-2,1138,-2240.45,0,0,0,0,0,0,0,0
2026-03-28 00:04:14.554,58.046,1,-2,1140,-5.45,0,0,0,0,0,0,0,0
2026-03-28 00:04:14.650,58.142,1,-2,1142,-5.45,0,0,0,0,0,0,0,0
2026-03-28 00:04:15.050,58.542,1,-2,1142,-5.45,0,0,0,0,0,0,0,0
2026-03-28 00:04:15.065,58.557,1,-2,1141,-5.45,0,0,0,0,0,0,0,0
2026-03-28 00:04:15.067,58.559,1,-2,1141,-2784.31,0,0,0,0,0,0,0,0
2026-03-28 00:04:15.131,58.623,1,-2,1141,-2784.31,0,0,0,0,0,0,0,0
2026-03-28 00:04:15.273,58.765,1,-2,1140,2212.22,0,0,0,0,0,0,0,0
2026-03-28 00:04:15.355,58.847,1,-3,1145,2212.22,0,0,0,0,0,0,0,0
2026-03-28 00:04:15.417,58.909,1,-3,1140,2212.22,0,0,0,0,0,0,0,0
2026-03-28 00:04:15.513,59.005,1,-3,1141,-2223.12,0,0,0,0,0,0,0,0
2026-03-28 00:04:15.515,59.007,1,-2,1140,-2223.12,0,0,0,0,0,0,0,0
2026-03-28 00:04:15.705,59.198,0,-3,1140,4429.9,0,0,0,0,0,0,0,0
2026-03-28 00:04:15.726,59.218,1,-3,1142,4429.9,0,0,0,0,0,0,0,0
2026-03-28 00:04:15.770,59.262,1,-2,1138,4429.9,0,0,0,0,0,0,0,0
2026-03-28 00:04:15.849,59.342,1,-2,1140,-5.45,0,0,0,0,0,0,0,0
2026-03-28 00:04:15.945,59.437,1,-3,1138,-5.45,0,0,0,0,0,0,0,0
2026-03-28 00:04:16.090,59.582,1,-3,1142,-2777.54,0,0,0,0,0,0,0,0
2026-03-28 00:04:16.092,59.584,1,-3,1143,-2777.54,0,0,0,0,0,0,0,0
2026-03-28 00:04:16.153,59.645,1,-3,1140,-2777.54,0,0,0,0,0,0,0,0
2026-03-28 00:04:16.156,59.648,1,-2,1142,-2777.54,0,0,0,0,0,0,0,0
2026-03-28 00:04:16.297,59.789,1,-2,1143,-2777.54,0,0,0,0,0,0,0,0
2026-03-28 00:04:16.330,59.822,1,-3,1138,3095.83,0,0,0,0,0,0,0,0
2026-03-28 00:04:16.490,59.982,1,-3,1138,1380.6,0,0,0,0,0,0,0,0
2026-03-28 00:04:16.523,60.015,1,-3,1141,-5.45,0,0,0,0,0,0,0,0
2026-03-28 00:04:16.810,60.302,1,-2,1141,-5.45,0,0,0,0,0,0,0,0
2026-03-28 00:04:16.812,60.304,1,-2,1140,-5.45,0,0,0,0,0,0,0,0
2026-03-28 00:04:16.826,60.318,1,-2,1139,-5.45,0,0,0,0,0,0,0,0
2026-03-28 00:04:16.890,60.382,1,-2,1140,-5.45,0,0,0,0,0,0,0,0
2026-03-28 00:04:17.034,60.526,1,-2,1138,-4250.21,0,0,0,0,0,0,0,0
2026-03-28 00:04:17.146,60.638,1,-2,1140,3321.06,0,0,0,0,0,0,0,0
2026-03-28 00:04:17.149,60.641,1,-3,1142,-5.43,0,0,0,0,0,0,0,0
2026-03-28 00:04:17.259,60.751,1,-2,1142,-5.43,0,0,0,0,0,0,0,0
2026-03-28 00:04:17.291,60.783,1,-2,1143,-5.43,0,0,0,0,0,0,0,0
2026-03-28 00:04:17.434,60.926,1,-2,1140,-5.43,0,0,0,0,0,0,0,0
2026-03-28 00:04:17.577,61.069,1,-3,1143,-5.43,0,0,0,0,0,0,0,0
2026-03-28 00:04:17.579,61.071,1,-2,1141,-5.43,0,0,0,0,0,0,0,0
2026-03-28 00:04:17.658,61.150,1,-2,1141,-5.45,0,0,0,0,0,0,0,0
2026-03-28 00:04:17.676,61.168,1,-2,1142,-3063.41,0,0,0,0,0,0,0,0
2026-03-28 00:04:17.787,61.280,1,-2,1141,-3063.41,0,0,0,0,0,0,0,0
2026-03-28 00:04:17.915,61.407,1,-3,1143,-3063.41,0,0,0,0,0,0,0,0
2026-03-28 00:04:17.978,61.470,1,-2,1142,-3063.41,0,0,0,0,0,0,0,0
2026-03-28 00:04:18.073,61.565,1,-3,1141,4429.9,0,0,0,0,0,0,0,0
2026-03-28 00:04:18.075,61.567,1,-3,1141,4429.9,0,0,0,0,0,0,0,0
2026-03-28 00:04:18.217,61.709,1,-3,1140,4429.9,0,0,0,0,0,0,0,0
2026-03-28 00:04:18.298,61.791,1,-3,1138,4429.9,0,0,0,0,0,0,0,0
2026-03-28 00:04:18.378,61.870,1,-2,1141,3.21,0,0,0,0,0,0,0,0
2026-03-28 00:04:18.395,61.887,2,-2,1138,4083.39,0,0,0,0,0,0,0,0
2026-03-28 00:04:18.522,62.014,1,-2,1138,4083.39,0,0,0,0,0,0,0,0
2026-03-28 00:04:18.649,62.141,1,-2,1142,-1114.29,0,0,0,0,0,0,0,0
2026-03-28 00:04:18.681,62.173,1,-2,1140,-1114.29,0,0,0,0,0,0,0,0
2026-03-28 00:04:18.683,62.176,1,-2,1142,-1114.29,0,0,0,0,0,0,0,0
2026-03-28 00:04:18.827,62.319,1,-3,1144,-1114.29,0,0,0,0,0,0,0,0
2026-03-28 00:04:18.875,62.367,1,-2,1139,3074.14,0,0,0,0,0,0,0,0
2026-03-28 00:04:19.002,62.494,1,-3,1138,3321.06,0,0,0,0,0,0,0,0
2026-03-28 00:04:19.081,62.574,1,-3,1142,2212.22,0,0,0,0,0,0,0,0
2026-03-28 00:04:19.226,62.718,1,-2,1146,2212.22,0,0,0,0,0,0,0,0
2026-03-28 00:04:19.291,62.783,1,-3,1139,2212.22,0,0,0,0,0,0,0,0
2026-03-28 00:04:19.353,62.845,1,-2,1141,-1.73,0,0,0,0,0,0,0,0
2026-03-28 00:04:19.356,62.848,1,-2,1140,-1.73,0,0,0,0,0,0,0,0
2026-03-28 00:04:19.529,63.021,1,-2,1141,-1.73,0,0,0,0,0,0,0,0
2026-03-28 00:04:19.561,63.053,1,-2,1139,1103.39,0,0,0,0,0,0,0,0
2026-03-28 00:04:19.722,63.214,1,-2,1140,-1183.72,0,0,0,0,0,0,0,0
2026-03-28 00:04:19.866,63.358,1,-2,1142,-5.45,0,0,0,0,0,0,0,0
2026-03-28 00:04:19.870,63.362,1,-2,1144,-5.45,0,0,0,0,0,0,0,0
2026-03-28 00:04:19.915,63.407,1,-2,1145,-5.45,0,0,0,0,0,0,0,0
2026-03-28 00:04:20.026,63.518,1,-2,1140,-5.45,0,0,0,0,0,0,0,0
2026-03-28 00:04:20.169,63.661,2,-2,1141,-5.45,0,0,0,0,0,0,0,0
2026-03-28 00:04:20.233,63.726,2,-2,1140,-5.45,0,0,0,0,0,0,0,0
2026-03-28 00:04:20.362,63.854,1,-2,1140,-5.45,0,0,0,0,0,0,0,0
2026-03-28 00:04:20.457,63.949,1,-2,1144,-5.45,0,0,0,0,0,0,0,0
2026-03-28 00:04:20.571,64.063,1,-2,1141,-5.45,0,0,0,0,0,0,0,0
2026-03-28 00:04:20.665,64.157,1,-3,1140,27.98,0,0,0,0,0,0,0,0
2026-03-28 00:04:20.729,64.222,1,-3,1141,27.98,0,0,0,0,0,0,0,0
2026-03-28 00:04:20.841,64.334,1,-2,1138,27.98,0,0,0,0,0,0,0,0
2026-03-28 00:04:20.954,64.446,2,-2,1141,3043.85,0,0,0,0,0,0,0,0
2026-03-28 00:04:21.146,64.639,2,-2,1139,-144.05,0,0,0,0,0,0,0,0
2026-03-28 00:04:21.259,64.751,1,-2,1143,-559.87,0,0,0,0,0,0,0,0
2026-03-28 00:04:21.291,64.783,1,-2,1141,-559.87,0,0,0,0,0,0,0,0
2026-03-28 00:04:21.385,64.878,1,-2,1144,-559.87,0,0,0,0,0,0,0,0
2026-03-28 00:04:21.402,64.894,1,-3,1138,-4198.24,0,0,0,0,0,0,0,0
2026-03-28 00:04:21.514,65.006,1,-2,1138,-4029.31,0,0,0,0,0,0,0,0
2026-03-28 00:04:21.561,65.054,1,-2,1138,-5.45,0,0,0,0,0,0,0,0
2026-03-28 00:04:21.801,65.293,1,-3,1140,-1980.56,0,0,0,0,0,0,0,0
2026-03-28 00:04:21.851,65.343,1,-3,1145,-1980.56,0,0,0,0,0,0,0,0
2026-03-28 00:04:21.915,65.407,1,-2,1138,-1980.56,0,0,0,0,0,0,0,0
2026-03-28 00:04:22.107,65.599,1,-3,1140,-3331.96,0,0,0,0,0,0,0,0
2026-03-28 00:04:22.123,65.615,1,-3,1139,-3331.96,0,0,0,0,0,0,0,0
2026-03-28 00:04:22.186,65.678,1,-2,1139,-3331.96,0,0,0,0,0,0,0,0
2026-03-28 00:04:22.281,65.773,1,-2,1139,202.19,0,0,0,0,0,0,0,0
2026-03-28 00:04:22.378,65.870,1,-2,1140,-2223.12,0,0,0,0,0,0,0,0
2026-03-28 00:04:22.522,66.014,1,-2,1142,-2223.12,0,0,0,0,0,0,0,0
2026-03-28 00:04:22.633,66.126,1,-2,1144,-2223.12,0,0,0,0,0,0,0,0
2026-03-28 00:04:22.761,66.253,2,-2,1140,-2223.12,0,0,0,0,0,0,0,0
2026-03-28 00:04:22.764,66.256,1,-3,1139,-2223.12,0,0,0,0,0,0,0,0
2026-03-28 00:04:22.841,66.334,1,-2,1141,-2223.12,0,0,0,0,0,0,0,0
2026-03-28 00:04:22.844,66.336,1,-2,1140,-2223.12,0,0,0,0,0,0,0,0
2026-03-28 00:04:22.938,66.431,1,-2,1141,-5.45,0,0,0,0,0,0,0,0
2026-03-28 00:04:23.049,66.541,1,-2,1141,-5.45,0,0,0,0,0,0,0,0
2026-03-28 00:04:23.065,66.557,2,-2,1140,-5.45,0,0,0,0,0,0,0,0
2026-03-28 00:04:23.177,66.669,1,-2,1144,-5.45,0,0,0,0,0,0,0,0
2026-03-28 00:04:23.258,66.750,2,-2,1141,-5.45,0,0,0,0,0,0,0,0
2026-03-28 00:04:23.354,66.846,1,-2,1141,-5.45,0,0,0,0,0,0,0,0
2026-03-28 00:04:23.465,66.957,1,-3,1143,-5.45,0,0,0,0,0,0,0,0
2026-03-28 00:04:23.545,67.037,2,-2,1138,-5.45,0,0,0,0,0,0,0,0
2026-03-28 00:04:23.690,67.182,1,-2,1141,-5.45,0,0,0,0,0,0,0,0
2026-03-28 00:04:23.834,67.326,2,-2,1138,-5.45,0,0,0,0,0,0,0,0
2026-03-28 00:04:23.914,67.406,1,-3,1144,-5.45,0,0,0,0,0,0,0,0
2026-03-28 00:04:24.041,67.533,1,-2,1142,-5.45,0,0,0,0,0,0,0,0
2026-03-28 00:04:24.185,67.677,1,-2,1144,-5.45,0,0,0,0,0,0,0,0
2026-03-28 00:04:24.297,67.789,2,-2,1139,-5.45,0,0,0,0,0,0,0,0
2026-03-28 00:04:24.393,67.885,1,-3,1138,1103.39,0,0,0,0,0,0,0,0
2026-03-28 00:04:24.442,67.934,1,-3,1142,1103.39,0,0,0,0,0,0,0,0
2026-03-28 00:04:24.490,67.982,1,-2,1144,1103.39,0,0,0,0,0,0,0,0
2026-03-28 00:04:24.601,68.093,1,-2,1138,-5.45,0,0,0,0,0,0,0,0
2026-03-28 00:04:24.793,68.285,1,-3,1140,-5.45,0,0,0,0,0,0,0,0
2026-03-28 00:04:24.825,68.317,1,-2,1139,-5.45,0,0,0,0,0,0,0,0
2026-03-28 00:04:24.954,68.446,1,-2,1139,-2777.54,0,0,0,0,0,0,0,0
2026-03-28 00:04:25.017,68.510,1,-2,1139,-5.43,0,0,0,0,0,0,0,0
2026-03-28 00:04:25.209,68.701,1,-2,1141,-5.45,0,0,0,0,0,0,0,0
2026-03-28 00:04:25.337,68.829,1,-2,1141,-5.45,0,0,0,0,0,0,0,0
2026-03-28 00:04:25.339,68.831,1,-2,1143,-5.45,0,0,0,0,0,0,0,0
2026-03-28 00:04:25.369,68.861,1,-2,1140,-5.45,0,0,0,0,0,0,0,0
2026-03-28 00:04:25.386,68.878,1,-3,1139,-5.45,0,0,0,0,0,0,0,0
2026-03-28 00:04:25.465,68.957,1,-2,1142,-5.45,0,0,0,0,0,0,0,0
2026-03-28 00:04:25.577,69.069,1,-2,1141,338.9,0,0,0,0,0,0,0,0
2026-03-28 00:04:25.737,69.229,2,-2,1140,2004.32,0,0,0,0,0,0,0,0
2026-03-28 00:04:25.802,69.294,1,-3,1144,-837.08,0,0,0,0,0,0,0,0
2026-03-28 00:04:25.914,69.406,1,-3,1142,-837.08,0,0,0,0,0,0,0,0
2026-03-28 00:04:25.917,69.410,1,-3,1141,-1114.29,0,0,0,0,0,0,0,0
2026-03-28 00:04:25.979,69.471,1,-3,1140,-1114.29,0,0,0,0,0,0,0,0
2026-03-28 00:04:26.091,69.583,0,-3,1141,-5.45,0,0,0,0,0,0,0,0
2026-03-28 00:04:26.169,69.661,1,-2,1138,1657.81,0,0,0,0,0,0,0,0
2026-03-28 00:04:26.313,69.805,1,-3,1141,133.16,0,0,0,0,0,0,0,0
2026-03-28 00:04:26.425,69.917,1,-2,1139,133.16,0,0,0,0,0,0,0,0
2026-03-28 00:04:26.427,69.919,0,-3,1138,133.16,0,0,0,0,0,0,0,0
2026-03-28 00:04:26.441,69.933,1,-3,1142,133.16,0,0,0,0,0,0,0,0
2026-03-28 00:04:26.569,70.061,1,-3,1143,133.16,0,0,0,0,0,0,0,0
2026-03-28 00:04:26.570,70.063,0,-3,1142,10,0,0,0,0,0,0,0,0
2026-03-28 00:04:26.665,70.157,1,-2,1140,133.16,0,0,0,0,0,0,0,0
2026-03-28 00:04:26.666,70.158,1,-2,1141,133.16,0,0,0,0,0,0,0,0
2026-03-28 00:04:26.745,70.237,1,-2,1143,133.16,0,0,0,0,0,0,0,0
2026-03-28 00:04:26.889,70.381,1,-3,1138,2905.25,0,0,0,0,0,0,0,0
2026-03-28 00:04:26.937,70.429,1,-3,1138,1534.36,0,0,0,0,0,0,0,0
2026-03-28 00:04:27.065,70.557,1,-2,1142,4354.1,0,0,0,0,0,0,0,0
2026-03-28 00:04:27.226,70.718,1,-2,1144,4354.1,0,0,0,0,0,0,0,0
2026-03-28 00:04:27.257,70.749,1,-2,1138,4354.1,0,0,0,0,0,0,0,0
2026-03-28 00:04:27.448,70.941,1,-3,1141,-5.44,0,0,0,0,0,0,0,0
2026-03-28 00:04:27.450,70.942,1,-2,1140,-5.44,0,0,0,0,0,0,0,0
2026-03-28 00:04:27.545,71.037,1,-2,1139,-5.44,0,0,0,0,0,0,0,0
2026-03-28 00:04:27.641,71.133,1,-2,1138,-2708.24,0,0,0,0,0,0,0,0
2026-03-28 00:04:27.737,71.229,1,-2,1140,-5.45,0,0,0,0,0,0,0,0
2026-03-28 00:04:27.849,71.341,1,-2,1141,-5.45,0,0,0,0,0,0,0,0
2026-03-28 00:04:28.025,71.517,1,-2,1143,-5.45,0,0,0,0,0,0,0,0
2026-03-28 00:04:28.105,71.597,1,-2,1140,-5.45,0,0,0,0,0,0,0,0
2026-03-28 00:04:28.185,71.677,1,-2,1140,-5.45,0,0,0,0,0,0,0,0
2026-03-28 00:04:28.297,71.789,1,-2,1141,1743.89,0,0,0,0,0,0,0,0
2026-03-28 00:04:28.425,71.917,1,-2,1140,-5.45,0,0,0,0,0,0,0,0
2026-03-28 00:04:28.505,71.997,1,-3,1143,-5.45,0,0,0,0,0,0,0,0
2026-03-28 00:04:28.584,72.077,1,-3,1140,-5.45,0,0,0,0,0,0,0,0
2026-03-28 00:04:28.601,72.093,1,-2,1142,-5.45,0,0,0,0,0,0,0,0
2026-03-28 00:04:28.697,72.189,1,-3,1141,3009.2,0,0,0,0,0,0,0,0
2026-03-28 00:04:28.825,72.317,1,-3,1142,3113.15,0,0,0,0,0,0,0,0
2026-03-28 00:04:28.827,72.319,1,-3,1142,3113.15,0,0,0,0,0,0,0,0
2026-03-28 00:04:28.905,72.397,2,-2,1139,3113.15,0,0,0,0,0,0,0,0
2026-03-28 00:04:28.922,72.414,1,-3,1141,-5.45,0,0,0,0,0,0,0,0
2026-03-28 00:04:29.017,72.509,1,-2,1141,-5.45,0,0,0,0,0,0,0,0
2026-03-28 00:04:29.130,72.622,1,-2,1138,-5.45,0,0,0,0,0,0,0,0
2026-03-28 00:04:29.273,72.765,1,-3,1143,-559.87,0,0,0,0,0,0,0,0
2026-03-28 00:04:29.321,72.813,1,-3,1141,-559.87,0,0,0,0,0,0,0,0
2026-03-28 00:04:29.353,72.845,1,-2,1144,-559.87,0,0,0,0,0,0,0,0
2026-03-28 00:04:29.546,73.038,1,-2,1138,-3609.17,0,0,0,0,0,0,0,0
2026-03-28 00:04:29.640,73.132,1,-2,1140,4429.9,0,0,0,0,0,0,0,0
2026-03-28 00:04:29.752,73.244,1,-3,1143,4429.9,0,0,0,0,0,0,0,0
2026-03-28 00:04:29.755,73.248,1,-3,1144,4429.9,0,0,0,0,0,0,0,0
2026-03-28 00:04:29.833,73.326,1,-3,1138,133.16,0,0,0,0,0,0,0,0
2026-03-28 00:04:29.977,73.469,1,-2,1140,-5.45,0,0,0,0,0,0,0,0
2026-03-28 00:04:30.042,73.534,1,-2,1140,-5.45,0,0,0,0,0,0,0,0
2026-03-28 00:04:30.137,73.629,1,-2,1139,4358.97,0,0,0,0,0,0,0,0
2026-03-28 00:04:30.281,73.774,1,-2,1141,-3527.95,0,0,0,0,0,0,0,0
2026-03-28 00:04:30.313,73.805,1,-2,1141,4196.0,0,0,0,0,0,0,0,0
2026-03-28 00:04:30.315,73.807,1,-3,1141,4196.0,0,0,0,0,0,0,0,0
2026-03-28 00:04:30.329,73.821,1,-2,1144,4196.0,0,0,0,0,0,0,0,0
2026-03-28 00:04:30.440,73.933,1,-2,1145,4196.0,0,0,0,0,0,0,0,0
2026-03-28 00:04:30.506,73.998,1,-2,1141,4196.0,0,0,0,0,0,0,0,0
2026-03-28 00:04:30.681,74.173,1,-2,1140,4196.0,0,0,0,0,0,0,0,0
2026-03-28 00:04:30.713,74.205,1,-2,1141,271.76,0,0,0,0,0,0,0,0
2026-03-28 00:04:30.793,74.285,1,-3,1140,-5.45,0,0,0,0,0,0,0,0
2026-03-28 00:04:30.876,74.368,1,-3,1143,-5.45,0,0,0,0,0,0,0,0
2026-03-28 00:04:31.049,74.541,1,-2,1141,-5.45,0,0,0,0,0,0,0,0
2026-03-28 00:04:31.097,74.589,1,-3,1140,4133.2,0,0,0,0,0,0,0,0
2026-03-28 00:04:31.193,74.685,1,-3,1142,4133.2,0,0,0,0,0,0,0,0
2026-03-28 00:04:31.321,74.813,1,-2,1139,-3228.0,0,0,0,0,0,0,0,0
2026-03-28 00:04:31.449,74.941,1,-2,1142,-1391.49,0,0,0,0,0,0,0,0
2026-03-28 00:04:31.465,74.957,1,-2,1141,-1391.49,0,0,0,0,0,0,0,0
2026-03-28 00:04:31.480,74.972,1,-2,1138,-5.45,0,0,0,0,0,0,0,0
2026-03-28 00:04:31.497,74.989,2,-2,1138,-5.45,0,0,0,0,0,0,0,0
2026-03-28 00:04:31.625,75.117,1,-3,1143,-5.45,0,0,0,0,0,0,0,0
2026-03-28 00:04:31.737,75.229,1,-2,1141,-5.45,0,0,0,0,0,0,0,0
2026-03-28 00:04:31.834,75.326,1,-2,1145,-5.45,0,0,0,0,0,0,0,0
2026-03-28 00:04:31.992,75.484,1,-2,1138,-1668.7,0,0,0,0,0,0,0,0
2026-03-28 00:04:32.025,75.517,1,-2,1138,98.47,0,0,0,0,0,0,0,0
2026-03-28 00:04:32.153,75.645,1,-3,1142,-5.45,0,0,0,0,0,0,0,0
2026-03-28 00:04:32.232,75.724,1,-3,1144,-5.45,0,0,0,0,0,0,0,0
2026-03-28 00:04:32.377,75.869,1,-3,1139,-5.45,0,0,0,0,0,0,0,0
2026-03-28 00:04:32.457,75.950,1,-2,1140,-5.45,0,0,0,0,0,0,0,0
2026-03-28 00:04:32.585,76.077,1,-2,1140,-5.45,0,0,0,0,0,0,0,0
2026-03-28 00:04:32.681,76.173,2,-2,1138,3321.06,0,0,0,0,0,0,0,0
2026-03-28 00:04:32.810,76.302,1,-2,1140,-837.08,0,0,0,0,0,0,0,0
2026-03-28 00:04:32.813,76.305,1,-2,1142,-5.45,0,0,0,0,0,0,0,0
2026-03-28 00:04:32.889,76.381,1,-2,1142,-5.45,0,0,0,0,0,0,0,0
2026-03-28 00:04:33.017,76.509,1,-3,1145,-5.45,0,0,0,0,0,0,0,0
2026-03-28 00:04:33.161,76.653,1,-2,1140,-5.45,0,0,0,0,0,0,0,0
2026-03-28 00:04:33.224,76.716,1,-2,1142,-5.45,0,0,0,0,0,0,0,0
2026-03-28 00:04:33.226,76.718,1,-2,1141,-5.45,0,0,0,0,0,0,0,0
2026-03-28 00:04:33.353,76.845,1,-2,1141,548.97,0,0,0,0,0,0,0,0
2026-03-28 00:04:33.417,76.909,1,-3,1140,-5.45,0,0,0,0,0,0,0,0
2026-03-28 00:04:33.578,77.070,1,-3,1144,-5.45,0,0,0,0,0,0,0,0
2026-03-28 00:04:33.580,77.072,1,-3,1139,-5.45,0,0,0,0,0,0,0,0
2026-03-28 00:04:33.705,77.197,1,-3,1142,-5.45,0,0,0,0,0,0,0,0
2026-03-28 00:04:33.817,77.309,1,-2,1140,-1391.49,0,0,0,0,0,0,0,0
2026-03-28 00:04:33.897,77.389,1,-3,1142,-3908.03,0,0,0,0,0,0,0,0
2026-03-28 00:04:33.898,77.390,1,-3,1142,-3908.03,0,0,0,0,0,0,0,0
2026-03-28 00:04:34.057,77.549,1,-2,1139,-5.45,0,0,0,0,0,0,0,0
2026-03-28 00:04:34.073,77.565,1,-2,1139,-5.45,0,0,0,0,0,0,0,0
2026-03-28 00:04:34.153,77.645,1,-2,1141,1103.39,0,0,0,0,0,0,0,0
2026-03-28 00:04:34.216,77.709,1,-2,1139,2177.57,0,0,0,0,0,0,0,0
2026-03-28 00:04:34.217,77.710,0,-2,1139,2177.57,0,0,0,0,0,0,0,0
2026-03-28 00:04:34.219,77.711,1,-3,1143,2177.57,0,0,0,0,0,0,0,0
2026-03-28 00:04:34.313,77.805,1,-3,1144,2177.57,0,0,0,0,0,0,0,0
2026-03-28 00:04:34.345,77.837,1,-2,1142,2177.57,0,0,0,0,0,0,0,0
2026-03-28 00:04:34.473,77.965,1,-2,1143,-5.45,0,0,0,0,0,0,0,0
2026-03-28 00:04:34.649,78.141,1,-2,1138,-3210.68,0,0,0,0,0,0,0,0
2026-03-28 00:04:34.841,78.333,1,-3,1138,2220.87,0,0,0,0,0,0,0,0
2026-03-28 00:04:34.937,78.429,1,-3,1141,-4029.31,0,0,0,0,0,0,0,0
2026-03-28 00:04:35.016,78.508,1,-3,1144,-4029.31,0,0,0,0,0,0,0,0
2026-03-28 00:04:35.080,78.572,1,-3,1138,-4029.31,0,0,0,0,0,0,0,0
2026-03-28 00:04:35.081,78.573,1,-3,1138,-4029.31,0,0,0,0,0,0,0,0
2026-03-28 00:04:35.241,78.733,1,-2,1141,-5.45,0,0,0,0,0,0,0,0
2026-03-28 00:04:35.288,78.780,1,-2,1141,-5.45,0,0,0,0,0,0,0,0
2026-03-28 00:04:35.369,78.861,1,-2,1138,410.37,0,0,0,0,0,0,0,0
2026-03-28 00:04:35.384,78.876,1,-3,1138,3806.18,0,0,0,0,0,0,0,0
2026-03-28 00:04:35.465,78.957,1,-2,1139,-1122.95,0,0,0,0,0,0,0,0
2026-03-28 00:04:35.481,78.973,1,-2,1140,-1122.95,0,0,0,0,0,0,0,0
2026-03-28 00:04:35.482,78.975,1,140,0,2212.22,0,0,0,0,0,0,0,0
2026-03-28 00:04:35.624,79.116,1,-2,1141,2212.22,0,0,0,0,0,0,0,0
2026-03-28 00:04:35.627,79.119,1,-3,1142,2212.22,0,0,0,0,0,0,0,0
2026-03-28 00:04:35.721,79.213,1,-3,1143,2212.22,0,0,0,0,0,0,0,0
2026-03-28 00:04:35.784,79.277,1,-2,1140,410.37,0,0,0,0,0,0,0,0
2026-03-28 00:04:35.992,79.485,1,-3,1141,410.37,0,0,0,0,0,0,0,0
2026-03-28 00:04:36.009,79.501,1,-2,1140,410.37,0,0,0,0,0,0,0,0
2026-03-28 00:04:36.104,79.596,1,-2,1141,-5.45,0,0,0,0,0,0,0,0
2026-03-28 00:04:36.107,79.599,1,-3,1139,-5.45,0,0,0,0,0,0,0,0
2026-03-28 00:04:36.217,79.709,1,-3,1140,-5.45,0,0,0,0,0,0,0,0
2026-03-28 00:04:36.329,79.821,1,-3,1145,-5.45,0,0,0,0,0,0,0,0
2026-03-28 00:04:36.360,79.853,1,-2,1142,-5.45,0,0,0,0,0,0,0,0
2026-03-28 00:04:36.472,79.964,1,-2,1141,-27.11,0,0,0,0,0,0,0,0
2026-03-28 00:04:36.474,79.966,1,-3,1140,-27.11,0,0,0,0,0,0,0,0
2026-03-28 00:04:36.475,79.967,1,-2,0,0,0,0,0,0,0,0,0,0
2026-03-28 00:04:36.488,79.980,1,-3,1141,-27.11,0,0,0,0,0,0,0,0
2026-03-28 00:04:36.601,80.093,1,-2,1143,-27.11,0,0,0,0,0,0,0,0
2026-03-28 00:04:36.602,80.094,1,-3,11410,0,0,0,0,0,0,0,0,0
2026-03-28 00:04:36.603,80.095,1,-2,1139,-5.45,0,0,0,0,0,0,0,0
2026-03-28 00:04:36.697,80.189,2,-2,1139,-5.45,0,0,0,0,0,0,0,0
2026-03-28 00:04:36.777,80.269,1,-2,1142,-1430.48,0,0,0,0,0,0,0,0
2026-03-28 00:04:36.905,80.397,1,-2,1139,2212.22,0,0,0,0,0,0,0,0
2026-03-28 00:04:36.937,80.429,1,-2,1143,-5.45,0,0,0,0,0,0,0,0
2026-03-28 00:04:37.048,80.540,1,-2,1140,-5.45,0,0,0,0,0,0,0,0
2026-03-28 00:04:37.065,80.557,1,-2,1141,-5.45,0,0,0,0,0,0,0,0
2026-03-28 00:04:37.065,80.558,1,-30,0,0,0,0,0,0,0,0,0,0
2026-03-28 00:04:37.177,80.669,1,-3,1142,-5.45,0,0,0,0,0,0,0,0
2026-03-28 00:04:37.178,80.670,1,-2,1144,-5.45,0,0,0,0,0,0,0,0
2026-03-28 00:04:37.304,80.797,2,-2,1139,-5.45,0,0,0,0,0,0,0,0
2026-03-28 00:04:37.401,80.893,1,-3,1138,-2223.12,0,0,0,0,0,0,0,0
2026-03-28 00:04:37.465,80.957,1,-3,1141,-2223.12,0,0,0,0,0,0,0,0
2026-03-28 00:04:37.481,80.973,1,-2,1144,-2223.12,0,0,0,0,0,0,0,0
2026-03-28 00:04:37.577,81.069,1,-3,1145,-2223.12,0,0,0,0,0,0,0,0
2026-03-28 00:04:37.720,81.212,1,-3,1138,-2223.12,0,0,0,0,0,0,0,0
2026-03-28 00:04:37.722,81.214,1,-3,1138,1649.14,0,0,0,0,0,0,0,0
2026-03-28 00:04:37.801,81.293,1,-2,1141,1649.14,0,0,0,0,0,0,0,0
2026-03-28 00:04:37.929,81.421,1,-2,1141,1649.14,0,0,0,0,0,0,0,0
2026-03-28 00:04:38.073,81.565,1,-2,1138,-4302.19,0,0,0,0,0,0,0,0
2026-03-28 00:04:38.153,81.645,1,-2,1140,-975.95,0,0,0,0,0,0,0,0
2026-03-28 00:04:38.265,81.757,1,-2,1142,-5.45,0,0,0,0,0,0,0,0
2026-03-28 00:04:38.473,81.965,1,-2,1143,548.97,0,0,0,0,0,0,0,0
2026-03-28 00:04:38.632,82.125,1,-2,1140,548.97,0,0,0,0,0,0,0,0
2026-03-28 00:04:38.635,82.127,1,-2,1142,1094.72,0,0,0,0,0,0,0,0
2026-03-28 00:04:38.793,82.285,1,-2,1141,1094.72,0,0,0,0,0,0,0,0
2026-03-28 00:04:38.844,82.336,1,-2,1140,3043.85,0,0,0,0,0,0,0,0
2026-03-28 00:04:38.851,82.343,1,-3,1142,-5.45,0,0,0,0,0,0,0,0
2026-03-28 00:04:38.938,82.430,1,-3,1143,-5.45,0,0,0,0,0,0,0,0
2026-03-28 00:04:39.080,82.572,1,-3,1139,-5.45,0,0,0,0,0,0,0,0
2026-03-28 00:04:39.224,82.716,1,-3,1141,-559.87,0,0,0,0,0,0,0,0
2026-03-28 00:04:39.225,82.717,1,-3,1140,-559.87,0,0,0,0,0,0,0,0
2026-03-28 00:04:39.273,82.765,1,-3,1141,-559.87,0,0,0,0,0,0,0,0
2026-03-28 00:04:39.292,82.785,1,-2,1138,1376.27,0,0,0,0,0,0,0,0
2026-03-28 00:04:39.400,82.893,1,-2,1138,1376.27,0,0,0,0,0,0,0,0
2026-03-28 00:04:39.545,83.037,1,-2,1141,4429.9,0,0,0,0,0,0,0,0
2026-03-28 00:04:39.657,83.149,2,-2,1139,479.67,0,0,0,0,0,0,0,0
2026-03-28 00:04:39.689,83.181,1,-3,1145,479.67,0,0,0,0,0,0,0,0
2026-03-28 00:04:39.784,83.276,1,-2,1141,479.67,0,0,0,0,0,0,0,0
2026-03-28 00:04:39.944,83.437,1,-2,1143,-5.45,0,0,0,0,0,0,0,0
2026-03-28 00:04:40.073,83.565,1,-2,1137,3286.41,0,0,0,0,0,0,0,0
2026-03-28 00:04:40.155,83.648,1,-2,1138,1915.52,0,0,0,0,0,0,0,0
2026-03-28 00:04:40.280,83.773,1,-2,1140,-5.45,0,0,0,0,0,0,0,0
2026-03-28 00:04:40.408,83.901,1,-2,1145,-5.45,0,0,0,0,0,0,0,0
2026-03-28 00:04:40.521,84.013,1,-2,1138,-5.45,0,0,0,0,0,0,0,0
2026-03-28 00:04:40.523,84.015,1,-3,1138,-5.45,0,0,0,0,0,0,0,0
2026-03-28 00:04:40.600,84.092,1,-2,1140,-2084.52,0,0,0,0,0,0,0,0
2026-03-28 00:04:40.746,84.238,2,-2,1139,-2084.52,0,0,0,0,0,0,0,0
2026-03-28 00:04:40.813,84.305,1,-2,1138,999.43,0,0,0,0,0,0,0,0
2026-03-28 00:04:40.834,84.327,1,-2,1138,1103.39,0,0,0,0,0,0,0,0
2026-03-28 00:04:40.909,84.401,1,-2,1140,1103.39,0,0,0,0,0,0,0,0
2026-03-28 00:04:40.972,84.464,1,-2,1141,1779.08,0,0,0,0,0,0,0,0
2026-03-28 00:04:41.116,84.608,1,-2,1142,1779.08,0,0,0,0,0,0,0,0
2026-03-28 00:04:41.123,84.615,1,-2,1140,-3383.93,0,0,0,0,0,0,0,0
2026-03-28 00:04:41.257,84.749,2,-2,1140,-3383.93,0,0,0,0,0,0,0,0
2026-03-28 00:04:41.354,84.847,1,-2,1140,-3383.93,0,0,0,0,0,0,0,0
2026-03-28 00:04:41.481,84.973,2,-2,1141,-1114.29,0,0,0,0,0,0,0,0
2026-03-28 00:04:41.595,85.087,1,-2,1140,-5.45,0,0,0,0,0,0,0,0
2026-03-28 00:04:41.645,85.137,1,-2,1143,-5.45,0,0,0,0,0,0,0,0
2026-03-28 00:04:41.785,85.277,1,-2,1139,-5.45,0,0,0,0,0,0,0,0
2026-03-28 00:04:41.800,85.292,1,-2,1142,-5.45,0,0,0,0,0,0,0,0
2026-03-28 00:04:41.807,85.300,1,-2,1142,-5.45,0,0,0,0,0,0,0,0
2026-03-28 00:04:41.897,85.389,1,-2,1140,-5.45,0,0,0,0,0,0,0,0
2026-03-28 00:04:42.013,85.505,1,-3,1143,-5.45,0,0,0,0,0,0,0,0
2026-03-28 00:04:42.056,85.548,1,-2,1138,2480.77,0,0,0,0,0,0,0,0
2026-03-28 00:04:42.062,85.555,2,-2,1138,2480.77,0,0,0,0,0,0,0,0
2026-03-28 00:04:42.074,85.566,0,0,0,0,0,0,0,0,0,0,0,0
2026-03-28 00:04:42.137,85.629,1,-2,1142,-5.45,0,0,0,0,0,0,0,0
2026-03-28 00:04:42.152,85.645,1,-2,1142,-5.45,0,0,0,0,0,0,0,0
2026-03-28 00:04:42.232,85.725,2,-2,1138,-5.38,0,0,0,0,0,0,0,0
2026-03-28 00:04:42.328,85.820,1,-2,1144,-5.38,0,0,0,0,0,0,0,0
2026-03-28 00:04:42.354,85.846,1,-3,1143,-5.38,0,0,0,0,0,0,0,0
2026-03-28 00:04:42.457,85.949,1,-2,1140,-5.38,0,0,0,0,0,0,0,0
2026-03-28 00:04:42.463,85.955,1,-2,1141,-5.38,0,0,0,0,0,0,0,0
2026-03-28 00:04:42.552,86.044,1,-2,1144,-5.38,0,0,0,0,0,0,0,0
2026-03-28 00:04:42.569,86.062,1,-2,1144,-5.38,0,0,0,0,0,0,0,0
2026-03-28 00:04:42.600,86.092,2,-2,1138,842.96,0,0,0,0,0,0,0,0
2026-03-28 00:04:42.608,86.100,2,-2,1138,1363.27,0,0,0,0,0,0,0,0
2026-03-28 00:04:42.745,86.237,1,-2,1138,1363.27,0,0,0,0,0,0,0,0
2026-03-28 00:04:42.943,86.435,1,-2,1138,-5.45,0,0,0,0,0,0,0,0
2026-03-28 00:04:43.033,86.525,1,-3,1138,-5.45,0,0,0,0,0,0,0,0
2026-03-28 00:04:43.112,86.604,1,-2,1141,11.88,0,0,0,0,0,0,0,0
2026-03-28 00:04:43.211,86.703,2,-2,1140,11.88,0,0,0,0,0,0,0,0
2026-03-28 00:04:43.336,86.828,2,-2,1138,1103.39,0,0,0,0,0,0,0,0
2026-03-28 00:04:43.432,86.924,1,-2,1140,548.97,0,0,0,0,0,0,0,0
2026-03-28 00:04:43.578,87.070,1,-2,1142,548.97,0,0,0,0,0,0,0,0
2026-03-28 00:04:43.644,87.136,1,-2,1143,548.97,0,0,0,0,0,0,0,0
2026-03-28 00:04:43.688,87.180,2,-2,1140,2073.62,0,0,0,0,0,0,0,0
2026-03-28 00:04:43.708,87.200,1,-2,1143,2073.62,0,0,0,0,0,0,0,0
2026-03-28 00:04:43.801,87.293,1,-3,1141,2073.62,0,0,0,0,0,0,0,0
2026-03-28 00:04:43.816,87.308,1,-2,1142,826.18,0,0,0,0,0,0,0,0
2026-03-28 00:04:43.928,87.421,1,-2,1141,826.18,0,0,0,0,0,0,0,0
2026-03-28 00:04:44.011,87.503,2,-3,1141,-568.53,0,0,0,0,0,0,0,0
2026-03-28 00:04:44.123,87.615,1,-3,1144,-568.53,0,0,0,0,0,0,0,0
2026-03-28 00:04:44.266,87.758,1,-2,1141,-568.53,0,0,0,0,0,0,0,0
2026-03-28 00:04:44.280,87.772,1,-3,1143,3382.78,0,0,0,0,0,0,0,0
2026-03-28 00:04:44.329,87.822,2,-2,1141,1086.06,0,0,0,0,0,0,0,0
2026-03-28 00:04:44.411,87.903,1,-3,1143,-5.45,0,0,0,0,0,0,0,0
2026-03-28 00:04:44.507,87.999,1,-2,1139,-5.45,0,0,0,0,0,0,0,0
2026-03-28 00:04:44.648,88.140,1,-2,1142,4429.9,0,0,0,0,0,0,0,0
2026-03-28 00:04:44.654,88.146,1,-2,1142,4429.9,0,0,0,0,0,0,0,0
2026-03-28 00:04:44.699,88.192,1,-2,1139,4429.9,0,0,0,0,0,0,0,0
2026-03-28 00:04:44.811,88.303,1,-3,1143,-5.45,0,0,0,0,0,0,0,0
2026-03-28 00:04:44.922,88.414,1,-2,1142,-5.45,0,0,0,0,0,0,0,0
2026-03-28 00:04:45.080,88.572,1,-2,1142,-5.45,0,0,0,0,0,0,0,0
2026-03-28 00:04:45.086,88.578,1,-2,1144,-5.45,0,0,0,0,0,0,0,0
2026-03-28 00:04:45.114,88.606,1,-2,1138,-3903.7,0,0,0,0,0,0,0,0
2026-03-28 00:04:45.272,88.765,2,-2,1138,548.97,0,0,0,0,0,0,0,0
2026-03-28 00:04:45.355,88.847,1,-2,1142,479.67,0,0,0,0,0,0,0,0
2026-03-28 00:04:45.375,88.867,1,-3,1144,479.67,0,0,0,0,0,0,0,0
2026-03-28 00:04:45.401,88.893,1,-2,1145,479.67,0,0,0,0,0,0,0,0
2026-03-28 00:04:45.406,88.898,1,-3,1143,479.67,0,0,0,0,0,0,0,0
2026-03-28 00:04:45.481,88.973,1,-2,1138,479.67,0,0,0,0,0,0,0,0
2026-03-28 00:04:45.485,88.978,1,-2,1138,479.67,0,0,0,0,0,0,0,0
2026-03-28 00:04:45.492,88.984,1,-2,1141,-5.45,0,0,0,0,0,0,0,0
2026-03-28 00:04:45.595,89.087,1,-3,1140,-5.45,0,0,0,0,0,0,0,0
2026-03-28 00:04:45.739,89.232,2,-2,1139,-5.45,0,0,0,0,0,0,0,0
2026-03-28 00:04:45.849,89.341,2,-2,1138,1657.81,0,0,0,0,0,0,0,0
2026-03-28 00:04:45.929,89.422,1,-2,1139,548.97,0,0,0,0,0,0,0,0
2026-03-28 00:04:46.072,89.565,2,-2,1142,514.32,0,0,0,0,0,0,0,0
2026-03-28 00:04:46.077,89.570,1,-2,1142,514.32,0,0,0,0,0,0,0,0
2026-03-28 00:04:46.107,89.599,1,-2,1144,514.32,0,0,0,0,0,0,0,0
2026-03-28 00:04:46.252,89.745,2,-2,1141,514.32,0,0,0,0,0,0,0,0
2026-03-28 00:04:46.364,89.856,2,-2,1141,514.32,0,0,0,0,0,0,0,0
2026-03-28 00:04:46.441,89.933,2,-2,1141,1103.39,0,0,0,0,0,0,0,0
2026-03-28 00:04:46.523,90.016,2,-2,1140,-5.43,0,0,0,0,0,0,0,0
2026-03-28 00:04:46.536,90.028,1,-3,1142,-5.43,0,0,0,0,0,0,0,0
2026-03-28 00:04:46.585,90.077,1,-2,1143,-5.43,0,0,0,0,0,0,0,0
2026-03-28 00:04:46.763,90.255,1,-2,1140,-5.43,0,0,0,0,0,0,0,0
2026-03-28 00:04:46.812,90.304,1,-3,1140,-144.05,0,0,0,0,0,0,0,0
2026-03-28 00:04:46.956,90.448,1,-3,1143,-144.05,0,0,0,0,0,0,0,0
2026-03-28 00:04:47.100,90.593,2,-2,1139,-144.05,0,0,0,0,0,0,0,0
2026-03-28 00:04:47.107,90.600,1,-3,1138,-144.05,0,0,0,0,0,0,0,0
2026-03-28 00:04:47.128,90.620,1,-2,1141,4291.29,0,0,0,0,0,0,0,0
2026-03-28 00:04:47.272,90.764,2,-2,1138,-3886.38,0,0,0,0,0,0,0,0
2026-03-28 00:04:47.337,90.830,1,-3,1144,548.97,0,0,0,0,0,0,0,0
2026-03-28 00:04:47.496,90.988,1,-2,1142,548.97,0,0,0,0,0,0,0,0
2026-03-28 00:04:47.562,91.054,1,-2,1144,548.97,0,0,0,0,0,0,0,0
2026-03-28 00:04:47.707,91.199,1,-2,1138,3875.48,0,0,0,0,0,0,0,0
2026-03-28 00:04:47.783,91.275,1,-2,1139,-5.45,0,0,0,0,0,0,0,0
2026-03-28 00:04:47.800,91.292,1,-2,1138,-5.45,0,0,0,0,0,0,0,0
2026-03-28 00:04:47.849,91.341,1,-2,1140,-5.45,0,0,0,0,0,0,0,0
2026-03-28 00:04:47.866,91.358,1,-2,1142,-5.45,0,0,0,0,0,0,0,0
2026-03-28 00:04:47.928,91.420,1,-2,1144,-5.45,0,0,0,0,0,0,0,0
2026-03-28 00:04:48.119,91.612,1,-3,1139,-5.45,0,0,0,0,0,0,0,0
2026-03-28 00:04:48.122,91.614,1,-2,1139,-5.45,0,0,0,0,0,0,0,0
2026-03-28 00:04:48.169,91.661,2,-2,1141,-5.45,0,0,0,0,0,0,0,0
2026-03-28 00:04:48.173,91.665,2,-2,1140,-5.45,0,0,0,0,0,0,0,0
2026-03-28 00:04:48.264,91.756,1,-2,1140,-5.45,0,0,0,0,0,0,0,0
2026-03-28 00:04:48.330,91.822,1,-2,1138,-3063.41,0,0,0,0,0,0,0,0
2026-03-28 00:04:48.505,91.997,1,-2,1140,-5.45,0,0,0,0,0,0,0,0
2026-03-28 00:04:48.507,92.000,1,-2,1140,-5.45,0,0,0,0,0,0,0,0
2026-03-28 00:04:48.553,92.045,1,-2,1142,-5.45,0,0,0,0,0,0,0,0
2026-03-28 00:04:48.664,92.156,1,-2,1144,-5.45,0,0,0,0,0,0,0,0
2026-03-28 00:04:48.747,92.239,2,-2,1141,-5.45,0,0,0,0,0,0,0,0
2026-03-28 00:04:48.858,92.350,1,-3,1141,-5.45,0,0,0,0,0,0,0,0
2026-03-28 00:04:49.016,92.508,1,-2,1141,686.49,0,0,0,0,0,0,0,0
2026-03-28 00:04:49.033,92.525,2,-2,1142,-2085.6,0,0,0,0,0,0,0,0
2026-03-28 00:04:49.210,92.702,1,-2,1142,-2085.6,0,0,0,0,0,0,0,0
2026-03-28 00:04:49.215,92.707,1,-2,1144,-2085.6,0,0,0,0,0,0,0,0
2026-03-28 00:04:49.224,92.716,1,-2,1141,-2085.6,0,0,0,0,0,0,0,0
2026-03-28 00:04:49.229,92.721,1,-2,1143,-2085.6,0,0,0,0,0,0,0,0
2026-03-28 00:04:49.288,92.780,1,-2,1141,826.18,0,0,0,0,0,0,0,0
2026-03-28 00:04:49.400,92.892,1,-2,1142,826.18,0,0,0,0,0,0,0,0
2026-03-28 00:04:49.565,93.057,2,-2,1138,271.76,0,0,0,0,0,0,0,0
2026-03-28 00:04:49.708,93.201,1,-2,1141,2619.37,0,0,0,0,0,0,0,0
2026-03-28 00:04:49.848,93.340,1,-2,1139,3269.08,0,0,0,0,0,0,0,0
2026-03-28 00:04:49.896,93.388,1,-2,1143,3269.08,0,0,0,0,0,0,0,0
2026-03-28 00:04:49.963,93.455,1,-2,1140,3269.08,0,0,0,0,0,0,0,0
2026-03-28 00:04:50.121,93.613,1,-2,1143,3269.08,0,0,0,0,0,0,0,0
2026-03-28 00:04:50.263,93.755,2,-2,1139,3269.08,0,0,0,0,0,0,0,0
2026-03-28 00:04:50.265,93.757,2,-2,1139,3269.08,0,0,0,0,0,0,0,0
2026-03-28 00:04:50.344,93.836,1,-2,1139,2469.94,0,0,0,0,0,0,0,0
2026-03-28 00:04:50.440,93.932,1,-2,1142,2628.04,0,0,0,0,0,0,0,0
2026-03-28 00:04:50.568,94.060,1,-2,1144,2628.04,0,0,0,0,0,0,0,0
2026-03-28 00:04:50.570,94.062,1,-3,1138,-5.45,0,0,0,0,0,0,0,0
2026-03-28 00:04:50.665,94.157,1,-2,1138,-5.45,0,0,0,0,0,0,0,0
2026-03-28 00:04:50.696,94.188,1,-2,1140,-5.45,0,0,0,0,0,0,0,0
2026-03-28 00:04:50.697,94.189,1,-3,1139,-5.45,0,0,0,0,0,0,0,0
2026-03-28 00:04:50.855,94.347,1,-2,1139,-5.45,0,0,0,0,0,0,0,0
2026-03-28 00:04:50.873,94.365,2,-2,1140,-5.45,0,0,0,0,0,0,0,0
2026-03-28 00:04:50.968,94.460,2,-2,1139,-1460.8,0,0,0,0,0,0,0,0
2026-03-28 00:04:51.032,94.524,1,-2,1141,-4198.24,0,0,0,0,0,0,0,0
2026-03-28 00:04:51.034,94.526,1,-2,1141,-5.45,0,0,0,0,0,0,0,0
2026-03-28 00:04:51.160,94.652,1,-2,1142,-5.45,0,0,0,0,0,0,0,0
2026-03-28 00:04:51.192,94.684,1,-2,1142,-5.45,0,0,0,0,0,0,0,0
2026-03-28 00:04:51.209,94.701,1,-2,1141,-5.45,0,0,0,0,0,0,0,0
2026-03-28 00:04:51.368,94.860,1,-2,1140,-5.45,0,0,0,0,0,0,0,0
2026-03-28 00:04:51.527,95.019,1,-2,1142,-5.45,0,0,0,0,0,0,0,0
2026-03-28 00:04:51.529,95.021,1,-2,1141,-5.45,0,0,0,0,0,0,0,0
2026-03-28 00:04:51.608,95.100,1,-2,1141,548.97,0,0,0,0,0,0,0,0
2026-03-28 00:04:51.688,95.180,1,-2,1140,2766.64,0,0,0,0,0,0,0,0
2026-03-28 00:04:51.816,95.308,1,-2,1143,-5.45,0,0,0,0,0,0,0,0
2026-03-28 00:04:51.880,95.372,1,-2,1141,-5.45,0,0,0,0,0,0,0,0
2026-03-28 00:04:51.883,95.375,1,-3,1142,479.67,0,0,0,0,0,0,0,0
2026-03-28 00:04:52.007,95.499,1,-3,1141,479.67,0,0,0,0,0,0,0,0
2026-03-28 00:04:52.072,95.565,1,-3,1142,479.67,0,0,0,0,0,0,0,0
2026-03-28 00:04:52.361,95.853,1,-3,1140,-5.45,0,0,0,0,0,0,0,0
2026-03-28 00:04:52.439,95.931,1,-2,1138,-5.45,0,0,0,0,0,0,0,0
2026-03-28 00:04:52.441,95.933,1,-2,1138,-5.45,0,0,0,0,0,0,0,0
2026-03-28 00:04:52.503,95.996,1,-3,1142,-5.44,0,0,0,0,0,0,0,0
2026-03-28 00:04:52.616,96.108,1,-3,1141,-5.44,0,0,0,0,0,0,0,0
2026-03-28 00:04:52.696,96.188,1,-2,1144,-5.45,0,0,0,0,0,0,0,0
2026-03-28 00:04:52.824,96.316,1,-2,1139,-5.45,0,0,0,0,0,0,0,0
2026-03-28 00:04:52.920,96.412,1,-2,1138,1735.75,0,0,0,0,0,0,0,0
2026-03-28 00:04:53.143,96.635,1,-3,1140,4429.9,0,0,0,0,0,0,0,0
2026-03-28 00:04:53.144,96.637,1,-3,1142,4429.9,0,0,0,0,0,0,0,0
2026-03-28 00:04:53.191,96.683,1,-3,1143,4429.9,0,0,0,0,0,0,0,0
2026-03-28 00:04:53.223,96.715,1,-3,1138,4429.9,0,0,0,0,0,0,0,0
2026-03-28 00:04:53.352,96.844,1,-2,1140,-5.45,0,0,0,0,0,0,0,0
2026-03-28 00:04:53.432,96.924,1,-2,1139,-5.45,0,0,0,0,0,0,0,0
2026-03-28 00:04:53.608,97.100,1,-2,1139,-3990.33,0,0,0,0,0,0,0,0
2026-03-28 00:04:53.672,97.164,1,-2,1140,4429.9,0,0,0,0,0,0,0,0
2026-03-28 00:04:53.784,97.276,1,-2,1142,-1426.15,0,0,0,0,0,0,0,0
2026-03-28 00:04:53.864,97.356,1,-3,1143,-1426.15,0,0,0,0,0,0,0,0
2026-03-28 00:04:54.024,97.517,1,-2,1140,-1426.15,0,0,0,0,0,0,0,0
2026-03-28 00:04:54.025,97.517,0,0,0,0,0,0,0,0,0,0,0,0
2026-03-28 00:04:54.026,97.518,1,-2,1141,63.85,0,0,0,0,0,0,0,0
2026-03-28 00:04:54.120,97.612,2,-2,1141,63.85,0,0,0,0,0,0,0,0
2026-03-28 00:04:54.135,97.628,1,-2,1141,-5.45,0,0,0,0,0,0,0,0
2026-03-28 00:04:54.232,97.724,2,-3,1140,-5.45,0,0,0,0,0,0,0,0
2026-03-28 00:04:54.407,97.899,1,-3,1144,-5.45,0,0,0,0,0,0,0,0
2026-03-28 00:04:54.409,97.901,1,-2,1145,-5.45,0,0,0,0,0,0,0,0
2026-03-28 00:04:54.519,98.011,1,-2,1141,-5.45,0,0,0,0,0,0,0,0
2026-03-28 00:04:54.551,98.043,1,-3,1141,548.97,0,0,0,0,0,0,0,0
2026-03-28 00:04:54.680,98.172,1,-3,1141,548.97,0,0,0,0,0,0,0,0
2026-03-28 00:04:54.776,98.268,1,-2,1138,999.43,0,0,0,0,0,0,0,0
2026-03-28 00:04:54.855,98.347,1,-2,1142,1103.39,0,0,0,0,0,0,0,0
2026-03-28 00:04:54.859,98.351,1,-2,1141,1103.39,0,0,0,0,0,0,0,0
2026-03-28 00:04:54.967,98.460,2,-2,1138,1103.39,0,0,0,0,0,0,0,0
2026-03-28 00:04:55.095,98.588,1,-3,1144,2073.62,0,0,0,0,0,0,0,0
2026-03-28 00:04:55.240,98.732,1,-2,1141,2073.62,0,0,0,0,0,0,0,0
2026-03-28 00:04:55.336,98.828,1,-3,1144,2073.62,0,0,0,0,0,0,0,0
2026-03-28 00:04:55.496,98.988,2,-2,1138,548.97,0,0,0,0,0,0,0,0
2026-03-28 00:04:55.591,99.084,1,-2,1139,548.97,0,0,0,0,0,0,0,0
2026-03-28 00:04:55.671,99.163,1,-2,1142,548.97,0,0,0,0,0,0,0,0
2026-03-28 00:04:55.832,99.324,1,-3,1143,548.97,0,0,0,0,0,0,0,0
2026-03-28 00:04:55.863,99.355,1,-3,1138,548.97,0,0,0,0,0,0,0,0
2026-03-28 00:04:56.023,99.515,2,-2,1141,-5.45,0,0,0,0,0,0,0,0
2026-03-28 00:04:56.039,99.531,1,-2,1140,-5.45,0,0,0,0,0,0,0,0
2026-03-28 00:04:56.103,99.595,1,-2,1140,-5.45,0,0,0,0,0,0,0,0
2026-03-28 00:04:56.247,99.740,1,-2,1139,1103.39,0,0,0,0,0,0,0,0
2026-03-28 00:04:56.327,99.819,1,-2,1140,-1668.7,0,0,0,0,0,0,0,0
2026-03-28 00:04:56.456,99.948,2,-2,1141,-5.45,0,0,0,0,0,0,0,0
2026-03-28 00:04:56.459,99.951,1,-2,1142,-5.45,0,0,0,0,0,0,0,0
2026-03-28 00:04:56.600,100.092,1,-2,1143,-5.45,0,0,0,0,0,0,0,0
2026-03-28 00:04:56.680,100.172,1,-2,1140,-5.45,0,0,0,0,0,0,0,0
2026-03-28 00:04:56.682,100.174,2,-2,1143,-5.45,0,0,0,0,0,0,0,0
2026-03-28 00:04:56.760,100.252,1,-2,1141,-5.45,0,0,0,0,0,0,0,0
2026-03-28 00:04:56.919,100.411,2,-2,1141,-4128.93,0,0,0,0,0,0,0,0
2026-03-28 00:04:57.015,100.507,2,-2,1142,3041.69,0,0,0,0,0,0,0,0
2026-03-28 00:04:57.016,100.508,2,-2,1140,3041.69,0,0,0,0,0,0,0,0
2026-03-28 00:04:57.144,100.636,1,-2,1144,3041.69,0,0,0,0,0,0,0,0
2026-03-28 00:04:57.256,100.748,1,-2,1141,3041.69,0,0,0,0,0,0,0,0
2026-03-28 00:04:57.320,100.812,1,-2,1140,826.18,0,0,0,0,0,0,0,0
2026-03-28 00:04:57.431,100.923,1,-2,1140,826.18,0,0,0,0,0,0,0,0
2026-03-28 00:04:57.432,100.925,1,-3,1143,826.18,0,0,0,0,0,0,0,0
2026-03-28 00:04:57.607,101.099,2,-2,1139,4360.59,0,0,0,0,0,0,0,0
2026-03-28 00:04:57.639,101.132,1,-2,1141,-5.45,0,0,0,0,0,0,0,0
2026-03-28 00:04:57.643,101.135,1,-2,1138,-5.45,0,0,0,0,0,0,0,0
2026-03-28 00:04:57.815,101.308,2,-2,1138,-5.45,0,0,0,0,0,0,0,0
2026-03-28 00:04:57.831,101.323,1,-3,1138,0,0,0,0,0,0,0,0,0
2026-03-28 00:04:57.832,101.324,1,-2,1142,-5.45,0,0,0,0,0,0,0,0
2026-03-28 00:04:57.960,101.452,1,-2,1141,-5.45,0,0,0,0,0,0,0,0
2026-03-28 00:04:58.071,101.563,1,-2,1144,2212.22,0,0,0,0,0,0,0,0
2026-03-28 00:04:58.199,101.691,2,-2,1138,-2396.38,0,0,0,0,0,0,0,0
2026-03-28 00:04:58.296,101.788,1,-2,1139,1935.02,0,0,0,0,0,0,0,0
2026-03-28 00:04:58.359,101.851,1,-3,1143,1935.02,0,0,0,0,0,0,0,0
2026-03-28 00:04:58.519,102.011,1,-2,1143,1935.02,0,0,0,0,0,0,0,0
2026-03-28 00:04:58.535,102.027,1,-2,1144,1935.02,0,0,0,0,0,0,0,0
2026-03-28 00:04:58.615,102.108,1,-2,1139,1935.02,0,0,0,0,0,0,0,0
2026-03-28 00:04:58.743,102.235,1,-3,1140,-2223.12,0,0,0,0,0,0,0,0
2026-03-28 00:04:58.746,102.239,1,-2,1139,-2223.12,0,0,0,0,0,0,0,0
2026-03-28 00:04:58.824,102.317,1,-2,1140,-2223.12,0,0,0,0,0,0,0,0
2026-03-28 00:04:58.919,102.412,1,-2,1138,-1669.24,0,0,0,0,0,0,0,0
2026-03-28 00:04:58.999,102.491,1,-2,1138,-3331.96,0,0,0,0,0,0,0,0
2026-03-28 00:04:59.015,102.507,1,-2,1140,-3331.96,0,0,0,0,0,0,0,0
2026-03-28 00:04:59.159,102.652,1,-3,1141,687.57,0,0,0,0,0,0,0,0
2026-03-28 00:04:59.191,102.683,1,-2,1144,687.57,0,0,0,0,0,0,0,0
2026-03-28 00:04:59.368,102.860,1,-2,1141,687.57,0,0,0,0,0,0,0,0
2026-03-28 00:04:59.544,103.037,1,-3,1140,124.49,0,0,0,0,0,0,0,0
2026-03-28 00:04:59.639,103.131,1,-2,1141,-5.44,0,0,0,0,0,0,0,0
2026-03-28 00:04:59.655,103.147,1,-2,1140,-5.44,0,0,0,0,0,0,0,0
2026-03-28 00:04:59.656,103.148,0,0,0,0,0,0,0,0,0,0,0,0
2026-03-28 00:04:59.703,103.195,1,-3,1144,-5.44,0,0,0,0,0,0,0,0
2026-03-28 00:04:59.720,103.212,1,-3,1144,-5.44,0,0,0,0,0,0,0,0
2026-03-28 00:04:59.847,103.339,1,-2,1141,-5.44,0,0,0,0,0,0,0,0
2026-03-28 00:04:59.943,103.435,1,-3,1141,-5.45,0,0,0,0,0,0,0,0
2026-03-28 00:05:00.039,103.532,1,-3,1142,-5.45,0,0,0,0,0,0,0,0
2026-03-28 00:05:00.119,103.611,2,-2,1139,-5.45,0,0,0,0,0,0,0,0
2026-03-28 00:05:00.280,103.772,1,-2,1141,-5.45,0,0,0,0,0,0,0,0
2026-03-28 00:05:00.343,103.835,1,-2,1139,-5.45,0,0,0,0,0,0,0,0
2026-03-28 00:05:00.344,103.836,1,-2,1139,-5.45,0,0,0,0,0,0,0,0
2026-03-28 00:05:00.455,103.947,1,-3,1142,-5.45,0,0,0,0,0,0,0,0
2026-03-28 00:05:00.631,104.123,1,-2,1141,-5.45,0,0,0,0,0,0,0,0
2026-03-28 00:05:00.711,104.203,1,-2,1143,-5.45,0,0,0,0,0,0,0,0
2026-03-28 00:05:00.712,104.205,1,-2,1144,-5.45,0,0,0,0,0,0,0,0
2026-03-28 00:05:00.807,104.299,1,-3,1138,1103.39,0,0,0,0,0,0,0,0
2026-03-28 00:05:00.808,104.301,1,-2,1138,1103.39,0,0,0,0,0,0,0,0
2026-03-28 00:05:00.888,104.380,1,-2,1139,-1668.7,0,0,0,0,0,0,0,0
2026-03-28 00:05:01.015,104.507,1,-2,1141,2263.51,0,0,0,0,0,0,0,0
2026-03-28 00:05:01.111,104.603,1,-2,1143,2263.51,0,0,0,0,0,0,0,0
2026-03-28 00:05:01.239,104.731,1,-3,1138,2263.51,0,0,0,0,0,0,0,0
2026-03-28 00:05:01.335,104.827,1,-2,1142,-5.45,0,0,0,0,0,0,0,0
2026-03-28 00:05:01.336,104.829,1,-3,1140,-5.45,0,0,0,0,0,0,0,0
2026-03-28 00:05:01.463,104.956,1,-2,1139,-5.45,0,0,0,0,0,0,0,0
2026-03-28 00:05:01.479,104.971,1,-2,1139,-5.45,0,0,0,0,0,0,0,0
2026-03-28 00:05:01.559,105.051,1,-2,1138,-3089.4,0,0,0,0,0,0,0,0
2026-03-28 00:05:01.561,105.053,1,-3,1138,3043.85,0,0,0,0,0,0,0,0
2026-03-28 00:05:01.688,105.180,1,-2,1139,3043.85,0,0,0,0,0,0,0,0
2026-03-28 00:05:01.720,105.212,1,-2,1142,-5.45,0,0,0,0,0,0,0,0
2026-03-28 00:05:01.895,105.387,1,-3,1142,-5.45,0,0,0,0,0,0,0,0
2026-03-28 00:05:01.991,105.483,1,-3,1140,-5.45,0,0,0,0,0,0,0,0
2026-03-28 00:05:02.055,105.548,1,-2,1142,-5.45,0,0,0,0,0,0,0,0
2026-03-28 00:05:02.232,105.724,1,-2,1140,269.59,0,0,0,0,0,0,0,0
2026-03-28 00:05:02.264,105.756,1,-2,1140,-5.45,0,0,0,0,0,0,0,0
2026-03-28 00:05:02.359,105.851,1,-2,1143,-5.45,0,0,0,0,0,0,0,0
2026-03-28 00:05:02.503,105.995,1,-3,1140,-5.45,0,0,0,0,0,0,0,0
2026-03-28 00:05:02.567,106.059,1,-2,1140,-5.25,0,0,0,0,0,0,0,0
2026-03-28 00:05:02.695,106.187,1,-3,1143,-5.25,0,0,0,0,0,0,0,0
2026-03-28 00:05:02.775,106.267,1,-2,1138,2532.58,0,0,0,0,0,0,0,0
2026-03-28 00:05:02.903,106.395,1,-2,1141,-5.45,0,0,0,0,0,0,0,0
2026-03-28 00:05:03.047,106.539,1,-2,1138,-5.45,0,0,0,0,0,0,0,0
2026-03-28 00:05:03.111,106.603,1,-2,1144,1588.5,0,0,0,0,0,0,0,0
2026-03-28 00:05:03.207,106.699,1,-2,1141,1588.5,0,0,0,0,0,0,0,0
2026-03-28 00:05:03.400,106.892,1,-2,1138,1103.39,0,0,0,0,0,0,0,0
2026-03-28 00:05:03.527,107.019,1,-2,1138,-4163.58,0,0,0,0,0,0,0,0
2026-03-28 00:05:03.687,107.179,1,-3,1141,-4163.58,0,0,0,0,0,0,0,0
2026-03-28 00:05:03.783,107.275,1,-2,1143,-4163.58,0,0,0,0,0,0,0,0
2026-03-28 00:05:03.785,107.277,1,-3,1144,-4163.58,0,0,0,0,0,0,0,0
2026-03-28 00:05:03.878,107.370,1,-3,1140,-4163.58,0,0,0,0,0,0,0,0
2026-03-28 00:05:03.880,107.372,1,-3,1139,-4163.58,0,0,0,0,0,0,0,0
2026-03-28 00:05:03.975,107.467,1,-3,1140,-5.45,0,0,0,0,0,0,0,0
2026-03-28 00:05:04.119,107.611,1,-2,1139,-5.45,0,0,0,0,0,0,0,0
2026-03-28 00:05:04.121,107.613,1,-3,1139,2281.53,0,0,0,0,0,0,0,0
2026-03-28 00:05:04.231,107.723,1,-2,1138,3260.42,0,0,0,0,0,0,0,0
2026-03-28 00:05:04.343,107.835,1,-2,1139,-1397.99,0,0,0,0,0,0,0,0
2026-03-28 00:05:04.345,107.837,1,-3,1140,-1397.99,0,0,0,0,0,0,0,0
2026-03-28 00:05:04.391,107.883,1,-2,1142,-3886.38,0,0,0,0,0,0,0,0
2026-03-28 00:05:04.393,107.885,1,-2,1142,-3886.38,0,0,0,0,0,0,0,0
2026-03-28 00:05:04.455,107.947,1,-2,1143,-3886.38,0,0,0,0,0,0,0,0
2026-03-28 00:05:04.503,107.995,1,-2,1140,-5.45,0,0,0,0,0,0,0,0
2026-03-28 00:05:04.519,108.011,1,-2,1139,-5.45,0,0,0,0,0,0,0,0
2026-03-28 00:05:04.583,108.075,1,-2,1140,-5.45,0,0,0,0,0,0,0,0
2026-03-28 00:05:04.759,108.251,1,-2,1140,-5.45,0,0,0,0,0,0,0,0
2026-03-28 00:05:04.823,108.315,1,-2,1140,-5.45,0,0,0,0,0,0,0,0
2026-03-28 00:05:04.918,108.411,1,-3,1143,-5.45,0,0,0,0,0,0,0,0
2026-03-28 00:05:05.031,108.523,1,-2,1141,-5.45,0,0,0,0,0,0,0,0
2026-03-28 00:05:05.127,108.619,1,-3,1140,4014.08,0,0,0,0,0,0,0,0
2026-03-28 00:05:05.142,108.634,1,-3,1141,4014.08,0,0,0,0,0,0,0,0
2026-03-28 00:05:05.144,108.636,1,-3,1140,4014.08,0,0,0,0,0,0,0,0
2026-03-28 00:05:05.239,108.731,1,-3,1143,4014.08,0,0,0,0,0,0,0,0
2026-03-28 00:05:05.303,108.795,1,-2,1139,4014.08,0,0,0,0,0,0,0,0
2026-03-28 00:05:05.383,108.875,1,-2,1142,579.29,0,0,0,0,0,0,0,0
2026-03-28 00:05:05.447,108.939,1,-2,1139,-5.45,0,0,0,0,0,0,0,0
2026-03-28 00:05:05.527,109.019,1,-3,1143,-5.45,0,0,0,0,0,0,0,0
2026-03-28 00:05:05.543,109.035,1,-2,1141,-5.45,0,0,0,0,0,0,0,0
2026-03-28 00:05:05.639,109.131,1,-3,1143,-5.45,0,0,0,0,0,0,0,0
2026-03-28 00:05:05.832,109.324,1,-2,1143,-5.45,0,0,0,0,0,0,0,0
2026-03-28 00:05:05.911,109.403,1,-2,1138,1935.02,0,0,0,0,0,0,0,0
2026-03-28 00:05:06.055,109.547,1,-2,1138,-3011.47,0,0,0,0,0,0,0,0
2026-03-28 00:05:06.119,109.611,1,-2,1141,3308.07,0,0,0,0,0,0,0,0
2026-03-28 00:05:06.199,109.691,1,-3,1143,3308.07,0,0,0,0,0,0,0,0
2026-03-28 00:05:06.406,109.898,1,-3,1140,3308.07,0,0,0,0,0,0,0,0
2026-03-28 00:05:06.439,109.931,1,-3,1140,3308.07,0,0,0,0,0,0,0,0
2026-03-28 00:05:06.599,110.091,1,-2,1140,3308.07,0,0,0,0,0,0,0,0
2026-03-28 00:05:06.631,110.123,1,-2,1138,115.29,0,0,0,0,0,0,0,0
2026-03-28 00:05:06.776,110.268,1,-2,1139,3593.94,0,0,0,0,0,0,0,0
2026-03-28 00:05:06.903,110.395,1,-2,1141,-5.45,0,0,0,0,0,0,0,0
2026-03-28 00:05:06.905,110.398,1,-3,1141,-5.45,0,0,0,0,0,0,0,0
2026-03-28 00:05:06.935,110.427,1,-3,1142,-5.45,0,0,0,0,0,0,0,0
2026-03-28 00:05:07.031,110.523,1,-2,1140,-5.45,0,0,0,0,0,0,0,0
2026-03-28 00:05:07.143,110.635,1,-2,1140,-5.45,0,0,0,0,0,0,0,0
2026-03-28 00:05:07.304,110.796,1,-2,1141,3312.4,0,0,0,0,0,0,0,0
2026-03-28 00:05:07.335,110.827,1,-3,1140,3373.04,0,0,0,0,0,0,0,0
2026-03-28 00:05:07.352,110.844,1,-3,1139,3373.04,0,0,0,0,0,0,0,0
2026-03-28 00:05:07.447,110.939,1,-3,1142,3251.76,0,0,0,0,0,0,0,0
2026-03-28 00:05:07.511,111.003,1,-2,1143,3251.76,0,0,0,0,0,0,0,0
2026-03-28 00:05:07.624,111.116,1,-3,1140,-2223.12,0,0,0,0,0,0,0,0
2026-03-28 00:05:07.626,111.118,1,-2,1140,-2223.12,0,0,0,0,0,0,0,0
2026-03-28 00:05:07.783,111.275,1,-3,1143,-2223.12,0,0,0,0,0,0,0,0
2026-03-28 00:05:07.895,111.387,1,-2,1139,-5.45,0,0,0,0,0,0,0,0
2026-03-28 00:05:07.942,111.434,1,-2,1142,1103.39,0,0,0,0,0,0,0,0
2026-03-28 00:05:07.944,111.436,1,-2,1142,1103.39,0,0,0,0,0,0,0,0
2026-03-28 00:05:08.071,111.563,1,-2,1138,1103.39,0,0,0,0,0,0,0,0
2026-03-28 00:05:08.167,111.659,1,-3,1144,2212.22,0,0,0,0,0,0,0,0
2026-03-28 00:05:08.263,111.755,1,-2,1140,2212.22,0,0,0,0,0,0,0,0
2026-03-28 00:05:08.424,111.916,1,-3,1144,2212.22,0,0,0,0,0,0,0,0
2026-03-28 00:05:08.455,111.947,1,-2,1138,-3392.6,0,0,0,0,0,0,0,0
2026-03-28 00:05:08.599,112.091,1,-2,1138,-1391.49,0,0,0,0,0,0,0,0
2026-03-28 00:05:08.647,112.140,1,-2,1141,-5.45,0,0,0,0,0,0,0,0
2026-03-28 00:05:08.791,112.283,1,-3,1144,-5.45,0,0,0,0,0,0,0,0
2026-03-28 00:05:08.808,112.300,1,-3,1138,-5.45,0,0,0,0,0,0,0,0
2026-03-28 00:05:08.903,112.396,1,-3,1138,-5.45,0,0,0,0,0,0,0,0
2026-03-28 00:05:08.919,112.411,1,-2,1141,-5.45,0,0,0,0,0,0,0,0
2026-03-28 00:05:09.031,112.523,1,-3,1140,-5.45,0,0,0,0,0,0,0,0
2026-03-28 00:05:09.079,112.571,1,-2,1140,-5.45,0,0,0,0,0,0,0,0
2026-03-28 00:05:09.096,112.588,1,-3,1139,-5.45,0,0,0,0,0,0,0,0
2026-03-28 00:05:09.097,112.589,1,-2,1138,1103.39,0,0,0,0,0,0,0,0
2026-03-28 00:05:09.207,112.699,1,-2,1139,1103.39,0,0,0,0,0,0,0,0
2026-03-28 00:05:09.287,112.779,1,-2,1138,-5.45,0,0,0,0,0,0,0,0
2026-03-28 00:05:09.414,112.906,1,-2,1143,-3089.4,0,0,0,0,0,0,0,0
2026-03-28 00:05:09.416,112.908,1,-2,1142,-3089.4,0,0,0,0,0,0,0,0
2026-03-28 00:05:09.527,113.019,1,-2,1142,-3089.4,0,0,0,0,0,0,0,0
2026-03-28 00:05:09.528,113.021,1,-2,1143,-3089.4,0,0,0,0,0,0,0,0
2026-03-28 00:05:09.543,113.035,2,-2,1140,-3089.4,0,0,0,0,0,0,0,0
2026-03-28 00:05:09.735,113.227,1,-2,1140,-3089.4,0,0,0,0,0,0,0,0
2026-03-28 00:05:09.736,113.229,1,-3,0,0,0,0,0,0,0,0,0,0
2026-03-28 00:05:09.830,113.322,1,-2,1143,-3089.4,0,0,0,0,0,0,0,0
2026-03-28 00:05:09.831,113.324,1,-2,1141,-3089.4,0,0,0,0,0,0,0,0
2026-03-28 00:05:09.942,113.435,1,-2,1141,-5.45,0,0,0,0,0,0,0,0
2026-03-28 00:05:10.295,113.787,1,-2,1142,-5.45,0,0,0,0,0,0,0,0
2026-03-28 00:05:10.391,113.883,1,-3,1142,-152.72,0,0,0,0,0,0,0,0
2026-03-28 00:05:10.503,113.995,1,-2,1138,-2916.14,0,0,0,0,0,0,0,0
2026-03-28 00:05:10.647,114.139,1,-2,1142,514.32,0,0,0,0,0,0,0,0
2026-03-28 00:05:10.776,114.268,1,-2,1139,4360.59,0,0,0,0,0,0,0,0
2026-03-28 00:05:10.824,114.316,1,-2,1143,4360.59,0,0,0,0,0,0,0,0
2026-03-28 00:05:11.047,114.539,1,-2,1141,4360.59,0,0,0,0,0,0,0,0
2026-03-28 00:05:11.063,114.555,1,-2,1144,4360.59,0,0,0,0,0,0,0,0
2026-03-28 00:05:11.270,114.762,1,-2,11338,-4180.91,0,0,0,0,0,0,0,0
2026-03-28 00:05:11.383,114.875,1,-3,1140,-4128.93,0,0,0,0,0,0,0,0
2026-03-28 00:05:11.481,114.973,1,-2,1143,-4128.93,0,0,0,0,0,0,0,0
2026-03-28 00:05:11.639,115.131,1,-3,1138,-4128.93,0,0,0,0,0,0,0,0
2026-03-28 00:05:11.750,115.243,1,-2,1141,94.17,0,0,0,0,0,0,0,0
2026-03-28 00:05:11.878,115.370,1,-2,1140,94.17,0,0,0,0,0,0,0,0
2026-03-28 00:05:11.911,115.403,2,-2,1138,964.78,0,0,0,0,0,0,0,0
2026-03-28 00:05:11.991,115.483,2,-2,1139,826.18,0,0,0,0,0,0,0,0
2026-03-28 00:05:11.994,115.486,1,-2,1142,-2500.33,0,0,0,0,0,0,0,0
2026-03-28 00:05:12.103,115.595,1,-2,1142,-2500.33,0,0,0,0,0,0,0,0
2026-03-28 00:05:12.118,115.610,1,-3,1140,-25000,0,0,0,0,0,0,0,0
2026-03-28 00:05:12.120,115.612,1,-2,1142,-2500.33,0,0,0,0,0,0,0,0
2026-03-28 00:05:12.215,115.707,1,-2,1144,-2500.33,0,0,0,0,0,0,0,0
2026-03-28 00:05:12.326,115.818,1,-2,1141,-2500.33,0,0,0,0,0,0,0,0
2026-03-28 00:05:12.328,115.820,1,-2,1140,-2500.33,0,0,0,0,0,0,0,0
2026-03-28 00:05:12.406,115.899,1,-2,1141,-2500.33,0,0,0,0,0,0,0,0
2026-03-28 00:05:12.471,115.963,2,-2,1141,-2223.12,0,0,0,0,0,0,0,0
2026-03-28 00:05:12.583,116.075,2,-2,1141,548.97,0,0,0,0,0,0,0,0
2026-03-28 00:05:12.584,116.076,1,-2,1140,548.97,0,0,0,0,0,0,0,0
2026-03-28 00:05:12.727,116.219,1,-2,1143,548.97,0,0,0,0,0,0,0,0
2026-03-28 00:05:12.790,116.283,1,-2,1140,548.97,0,0,0,0,0,0,0,0
2026-03-28 00:05:12.806,116.298,1,-3,1142,-3037.49,0,0,0,0,0,0,0,0
2026-03-28 00:05:12.951,116.443,1,-2,1141,-3037.49,0,0,0,0,0,0,0,0
2026-03-28 00:05:12.982,116.475,1,-3,1140,-3037.49,0,0,0,0,0,0,0,0
2026-03-28 00:05:12.998,116.490,2,-2,1138,4395.25,0,0,0,0,0,0,0,0
2026-03-28 00:05:13.111,116.603,1,-2,1139,4395.25,0,0,0,0,0,0,0,0
2026-03-28 00:05:13.174,116.666,1,-2,1142,-559.87,0,0,0,0,0,0,0,0
2026-03-28 00:05:13.191,116.683,1,-2,1142,-559.87,0,0,0,0,0,0,0,0
2026-03-28 00:05:13.335,116.827,2,-3,1139,-5.45,0,0,0,0,0,0,0,0
2026-03-28 00:05:13.544,117.036,1,-3,1140,-5.45,0,0,0,0,0,0,0,0
2026-03-28 00:05:13.671,117.163,1,-3,1143,-5.45,0,0,0,0,0,0,0,0
2026-03-28 00:05:13.799,117.291,2,-3,1138,-3886.38,0,0,0,0,0,0,0,0
2026-03-28 00:05:13.801,117.293,1,-2,1138,2489.43,0,0,0,0,0,0,0,0
2026-03-28 00:05:13.895,117.387,1,-3,1138,72.52,0,0,0,0,0,0,0,0
2026-03-28 00:05:13.990,117.482,1,-2,1140,-5.45,0,0,0,0,0,0,0,0
2026-03-28 00:05:13.991,117.484,1,-2,1142,-5.45,0,0,0,0,0,0,0,0
2026-03-28 00:05:14.119,117.611,1,-2,1144,-5.45,0,0,0,0,0,0,0,0
2026-03-28 00:05:14.167,117.659,1,-2,1138,-5.45,0,0,0,0,0,0,0,0
2026-03-28 00:05:14.310,117.803,1,-3,1140,-4.37,0,0,0,0,0,0,0,0
2026-03-28 00:05:14.312,117.804,1,-3,1139,-4.37,0,0,0,0,0,0,0,0
2026-03-28 00:05:14.454,117.946,1,-2,1139,-4.37,0,0,0,0,0,0,0,0
2026-03-28 00:05:14.456,117.948,1,-2,1140,-4.37,0,0,0,0,0,0,0,0
2026-03-28 00:05:14.456,117.948,0,0,0,0,0,0,0,0,0,0,0,0
2026-03-28 00:05:14.458,117.950,1,-2,1138,-1.39,0,0,0,0,0,0,0,0
2026-03-28 00:05:14.551,118.043,1,-2,1139,-1807.31,0,0,0,0,0,0,0,0
2026-03-28 00:05:14.631,118.123,1,-2,1139,-2257.77,0,0,0,0,0,0,0,0
2026-03-28 00:05:14.710,118.203,1,-2,1141,-5.45,0,0,0,0,0,0,0,0
2026-03-28 00:05:14.726,118.218,1,-2,1141,-5.45,0,0,0,0,0,0,0,0
2026-03-28 00:05:14.728,118.220,1,-2,1144,-5.45,0,0,0,0,0,0,0,0
2026-03-28 00:05:14.871,118.363,1,-2,1144,-5.45,0,0,0,0,0,0,0,0
2026-03-28 00:05:14.934,118.426,1,-2,1140,-5.45,0,0,0,0,0,0,0,0
2026-03-28 00:05:15.094,118.586,1,-2,1141,-5.45,0,0,0,0,0,0,0,0
2026-03-28 00:05:15.190,118.682,1,-2,1141,-5.45,0,0,0,0,0,0,0,0
2026-03-28 00:05:15.194,118.686,1,-2,1140,-5.45,0,0,0,0,0,0,0,0
2026-03-28 00:05:15.271,118.763,1,-2,1140,-5.45,0,0,0,0,0,0,0,0
2026-03-28 00:05:15.415,118.907,1,-3,1143,-5.45,0,0,0,0,0,0,0,0
2026-03-28 00:05:15.558,119.051,1,-2,1142,-5.45,0,0,0,0,0,0,0,0
2026-03-28 00:05:15.686,119.178,1,-3,1140,-5.45,0,0,0,0,0,0,0,0
2026-03-28 00:05:15.702,119.194,1,-2,1141,-5.45,0,0,0,0,0,0,0,0
2026-03-28 00:05:15.718,119.211,1,-3,1143,-5.45,0,0,0,0,0,0,0,0
2026-03-28 00:05:15.910,119.402,1,-2,1138,-5.45,0,0,0,0,0,0,0,0
2026-03-28 00:05:15.912,119.404,1,-3,1138,-5.45,0,0,0,0,0,0,0,0
2026-03-28 00:05:15.913,119.405,1,-2,1141,2212.22,0,0,0,0,0,0,0,0
2026-03-28 00:05:16.007,119.499,1,-2,1141,2212.22,0,0,0,0,0,0,0,0
2026-03-28 00:05:16.087,119.579,1,-2,1138,-5.45,0,0,0,0,0,0,0,0
2026-03-28 00:05:16.103,119.595,1,-3,1143,-5.45,0,0,0,0,0,0,0,0
2026-03-28 00:05:16.215,119.707,1,-3,1144,-5.45,0,0,0,0,0,0,0,0
2026-03-28 00:05:16.231,119.724,1,-3,1145,0,0,0,0,0,0,0,0,0
2026-03-28 00:05:16.278,119.770,1,-2,1139,-5.45,0,0,0,0,0,0,0,0
2026-03-28 00:05:16.406,119.898,1,-2,1143,2212.22,0,0,0,0,0,0,0,0
2026-03-28 00:05:16.486,119.978,1,-2,1138,-3331.96,0,0,0,0,0,0,0,0
2026-03-28 00:05:16.614,120.106,1,-3,1138,1614.49,0,0,0,0,0,0,0,0
2026-03-28 00:05:16.679,120.171,1,-3,1142,-5.45,0,0,0,0,0,0,0,0
2026-03-28 00:05:16.774,120.267,1,-3,1144,-5.45,0,0,0,0,0,0,0,0
2026-03-28 00:05:16.951,120.443,1,-3,1138,-5.45,0,0,0,0,0,0,0,0
2026-03-28 00:05:17.015,120.507,1,-2,1140,-5.45,0,0,0,0,0,0,0,0
2026-03-28 00:05:17.094,120.586,1,-2,1140,-5.45,0,0,0,0,0,0,0,0
2026-03-28 00:05:17.095,120.587,1,-3,1139,-5.45,0,0,0,0,0,0,0,0
2026-03-28 00:05:17.206,120.698,1,-2,1138,-1686.03,0,0,0,0,0,0,0,0
2026-03-28 00:05:17.208,120.700,1,-2,1138,-1200.91,0,0,0,0,0,0,0,0
2026-03-28 00:05:17.270,120.762,1,-2,1139,548.97,0,0,0,0,0,0,0,0
2026-03-28 00:05:17.414,120.906,1,-2,1142,-5.45,0,0,0,0,0,0,0,0
2026-03-28 00:05:17.510,121.002,1,-3,1142,-5.45,0,0,0,0,0,0,0,0
2026-03-28 00:05:17.527,121.019,1,-2,1143,-5.45,0,0,0,0,0,0,0,0
2026-03-28 00:05:17.529,121.021,1,-2,1140,-5.45,0,0,0,0,0,0,0,0
2026-03-28 00:05:17.590,121.083,1,-2,1140,-5.45,0,0,0,0,0,0,0,0
2026-03-28 00:05:17.670,121.162,1,-2,1141,-5.45,0,0,0,0,0,0,0,0
2026-03-28 00:05:17.783,121.275,1,-2,1141,-5.45,0,0,0,0,0,0,0,0
2026-03-28 00:05:17.894,121.386,1,-2,1140,-5.45,0,0,0,0,0,0,0,0
2026-03-28 00:05:17.942,121.434,1,-3,1145,-5.45,0,0,0,0,0,0,0,0
2026-03-28 00:05:18.070,121.562,1,-2,1140,-5.45,0,0,0,0,0,0,0,0
2026-03-28 00:05:18.072,121.564,1,-3,1142,-5.45,0,0,0,0,0,0,0,0
2026-03-28 00:05:18.087,121.579,1,-3,1142,-5.45,0,0,0,0,0,0,0,0
2026-03-28 00:05:18.166,121.658,1,-2,1141,-5.45,0,0,0,0,0,0,0,0
2026-03-28 00:05:18.183,121.675,1,-3,1141,-5.45,0,0,0,0,0,0,0,0
2026-03-28 00:05:18.326,121.819,1,-2,1138,-5.45,0,0,0,0,0,0,0,0
2026-03-28 00:05:18.422,121.914,1,-2,1142,1241.99,0,0,0,0,0,0,0,0
2026-03-28 00:05:18.502,121.994,1,-2,1139,2558.74,0,0,0,0,0,0,0,0
2026-03-28 00:05:18.505,121.997,1,-3,1143,2558.74,0,0,0,0,0,0,0,0
2026-03-28 00:05:18.662,122.154,1,-2,1144,2558.74,0,0,0,0,0,0,0,0
2026-03-28 00:05:18.726,122.218,1,-2,1141,2558.74,0,0,0,0,0,0,0,0
2026-03-28 00:05:18.742,122.234,1,-2,1142,2558.74,0,0,0,0,0,0,0,0
2026-03-28 00:05:18.822,122.314,1,-2,1144,2558.74,0,0,0,0,0,0,0,0
2026-03-28 00:05:18.823,122.315,1,-2,1145,2558.74,0,0,0,0,0,0,0,0
2026-03-28 00:05:18.919,122.411,1,-2,1139,2558.74,0,0,0,0,0,0,0,0
2026-03-28 00:05:18.920,122.412,1,-3,1138,-4163.58,0,0,0,0,0,0,0,0
2026-03-28 00:05:18.921,122.413,1,-2,1138,269.59,0,0,0,0,0,0,0,0
2026-03-28 00:05:19.015,122.507,1,-2,1138,202.46,0,0,0,0,0,0,0,0
2026-03-28 00:05:19.127,122.619,1,-2,1142,-5.45,0,0,0,0,0,0,0,0
2026-03-28 00:05:19.239,122.731,1,-3,1145,-5.45,0,0,0,0,0,0,0,0
2026-03-28 00:05:19.241,122.733,1,-3,1139,-5.45,0,0,0,0,0,0,0,0
2026-03-28 00:05:19.445,122.938,0,0,0,-5.45,0,0,0,0,0,0,0,0
2026-03-28 00:05:19.574,123.067,1,-2,1140,-5.45,0,0,0,0,0,0,0,0
2026-03-28 00:05:19.655,123.147,1,-2,1139,3009.2,0,0,0,0,0,0,0,0
2026-03-28 00:05:19.766,123.258,1,-2,1139,2489.16,0,0,0,0,0,0,0,0
2026-03-28 00:05:19.897,123.389,1,-2,1142,-3331.96,0,0,0,0,0,0,0,0
2026-03-28 00:05:19.974,123.466,1,-2,1143,-3331.96,0,0,0,0,0,0,0,0
2026-03-28 00:05:19.990,123.482,1,-3,1142,-3331.96,0,0,0,0,0,0,0,0
2026-03-28 00:05:19.992,123.484,1,-3,1141,-3331.96,0,0,0,0,0,0,0,0
2026-03-28 00:05:20.119,123.611,1,-2,1140,-3331.96,0,0,0,0,0,0,0,0
2026-03-28 00:05:20.246,123.738,1,-2,1142,-3331.96,0,0,0,0,0,0,0,0
2026-03-28 00:05:20.326,123.818,1,-2,1142,-3331.96,0,0,0,0,0,0,0,0
2026-03-28 00:05:20.375,123.867,1,-2,1140,-3888.54,0,0,0,0,0,0,0,0
2026-03-28 00:05:20.470,123.962,1,-3,1143,-3888.54,0,0,0,0,0,0,0,0
2026-03-28 00:05:20.534,124.026,1,-2,1141,-3888.54,0,0,0,0,0,0,0,0
2026-03-28 00:05:20.678,124.170,1,-3,1141,3321.06,0,0,0,0,0,0,0,0
2026-03-28 00:05:20.679,124.171,1,-3,1140,3321.06,0,0,0,0,0,0,0,0
2026-03-28 00:05:20.774,124.266,1,-3,1141,3321.06,0,0,0,0,0,0,0,0
2026-03-28 00:05:20.949,124.441,1,-2,1138,3321.06,0,0,0,0,0,0,0,0
2026-03-28 00:05:20.966,124.458,1,-2,1142,-5.45,0,0,0,0,0,0,0,0
2026-03-28 00:05:21.046,124.538,1,-2,1138,-5.45,0,0,0,0,0,0,0,0
2026-03-28 00:05:21.158,124.650,1,-3,1144,-5.45,0,0,0,0,0,0,0,0
2026-03-28 00:05:21.350,124.842,1,-2,1140,-5.45,0,0,0,0,0,0,0,0
2026-03-28 00:05:21.430,124.922,1,-3,1143,-5.45,0,0,0,0,0,0,0,0
2026-03-28 00:05:21.526,125.018,2,-2,1139,-5.45,0,0,0,0,0,0,0,0
2026-03-28 00:05:21.670,125.162,1,-2,1138,617.19,0,0,0,0,0,0,0,0
2026-03-28 00:05:21.685,125.177,1,-3,1140,1.6,0,0,0,0,0,0,0,0
2026-03-28 00:05:21.782,125.274,1,-2,1142,1.6,0,0,0,0,0,0,0,0
2026-03-28 00:05:21.845,125.337,1,-3,1143,1.6,0,0,0,0,0,0,0,0
2026-03-28 00:05:21.894,125.386,1,-3,1140,1.6,0,0,0,0,0,0,0,0
2026-03-28 00:05:21.896,125.388,1,-3,1139,1.6,0,0,0,0,0,0,0,0
2026-03-28 00:05:22.007,125.499,1,-2,1141,1.6,0,0,0,0,0,0,0,0
2026-03-28 00:05:22.166,125.658,1,-2,1139,1.6,0,0,0,0,0,0,0,0
2026-03-28 00:05:22.182,125.674,1,-3,1139,-5.45,0,0,0,0,0,0,0,0
2026-03-28 00:05:22.183,125.675,1,-2,1138,442.31,0,0,0,0,0,0,0,0
2026-03-28 00:05:22.214,125.706,1,-2,1139,-3921.03,0,0,0,0,0,0,0,0
2026-03-28 00:05:22.215,125.707,1,-3,1140,-390,0,0,0,0,0,0,0,0
2026-03-28 00:05:22.390,125.882,1,-2,1139,-3349.28,0,0,0,0,0,0,0,0
2026-03-28 00:05:22.470,125.962,1,-2,1142,-3340.62,0,0,0,0,0,0,0,0
2026-03-28 00:05:22.472,125.964,1,-3,1142,-3340.62,0,0,0,0,0,0,0,0
2026-03-28 00:05:22.566,126.058,1,-2,1143,-3340.62,0,0,0,0,0,0,0,0
2026-03-28 00:05:22.568,126.060,1,-3,1142,-3340,0,0,0,0,0,0,0,0
2026-03-28 00:05:22.725,126.218,1,-2,1142,-3340.62,0,0,0,0,0,0,0,0
2026-03-28 00:05:22.728,126.220,1,-3,1141,-3340.62,0,0,0,0,0,0,0,0
2026-03-28 00:05:22.758,126.250,1,-3,1140,-3340.62,0,0,0,0,0,0,0,0
2026-03-28 00:05:22.822,126.314,1,-2,1141,288.95,0,0,0,0,0,0,0,0
2026-03-28 00:05:22.934,126.426,1,-3,1140,-144.05,0,0,0,0,0,0,0,0
2026-03-28 00:05:23.094,126.586,1,-3,1142,-144.05,0,0,0,0,0,0,0,0
2026-03-28 00:05:23.206,126.698,1,-2,1142,-144.05,0,0,0,0,0,0,0,0
2026-03-28 00:05:23.208,126.700,1,-3,1142,-144.05,0,0,0,0,0,0,0,0
2026-03-28 00:05:23.254,126.746,1,-3,1141,254.43,0,0,0,0,0,0,0,0
2026-03-28 00:05:23.365,126.857,1,-3,1142,254.43,0,0,0,0,0,0,0,0
2026-03-28 00:05:23.446,126.938,1,-2,1139,-3609.17,0,0,0,0,0,0,0,0
2026-03-28 00:05:23.624,127.117,1,-2,1141,-5.45,0,0,0,0,0,0,0,0
2026-03-28 00:05:23.686,127.178,1,-2,1138,-5.45,0,0,0,0,0,0,0,0
2026-03-28 00:05:23.717,127.210,1,-3,1144,-3990.33,0,0,0,0,0,0,0,0
2026-03-28 00:05:23.734,127.226,1,-3,1144,-3990.33,0,0,0,0,0,0,0,0
2026-03-28 00:05:23.878,127.371,1,-2,1141,-3990.33,0,0,0,0,0,0,0,0
2026-03-28 00:05:23.989,127.481,1,-3,1143,-5.45,0,0,0,0,0,0,0,0
2026-03-28 00:05:24.054,127.546,1,-2,1138,687.44,0,0,0,0,0,0,0,0
2026-03-28 00:05:24.056,127.548,1,-3,1138,2489.43,0,0,0,0,0,0,0,0
2026-03-28 00:05:24.057,127.549,1,-3,1138,548.97,0,0,0,0,0,0,0,0
2026-03-28 00:05:24.119,127.611,1,-3,1138,2203.56,0,0,0,0,0,0,0,0
2026-03-28 00:05:24.214,127.707,1,-3,1139,3321.06,0,0,0,0,0,0,0,0
2026-03-28 00:05:24.358,127.850,1,-3,1145,3321.06,0,0,0,0,0,0,0,0
2026-03-28 00:05:24.454,127.946,1,-3,1139,3321.06,0,0,0,0,0,0,0,0
2026-03-28 00:05:24.457,127.949,1,-2,1142,1969.67,0,0,0,0,0,0,0,0
2026-03-28 00:05:24.774,128.267,1,-2,1138,1241.99,0,0,0,0,0,0,0,0
2026-03-28 00:05:24.822,128.314,1,-2,1140,-3747.77,0,0,0,0,0,0,0,0
2026-03-28 00:05:24.934,128.426,1,-2,1142,-3747.77,0,0,0,0,0,0,0,0
2026-03-28 00:05:24.998,128.490,1,-2,1144,-3747.77,0,0,0,0,0,0,0,0
2026-03-28 00:05:25.175,128.667,1,-2,1141,-3955.68,0,0,0,0,0,0,0,0
2026-03-28 00:05:25.254,128.746,1,-2,1141,-3955.68,0,0,0,0,0,0,0,0
2026-03-28 00:05:25.334,128.826,2,-2,1141,-5.45,0,0,0,0,0,0,0,0
2026-03-28 00:05:25.431,128.923,2,-2,1141,-2223.12,0,0,0,0,0,0,0,0
2026-03-28 00:05:25.606,129.098,1,-2,1144,2212.22,0,0,0,0,0,0,0,0
2026-03-28 00:05:25.607,129.100,1,-3,1144,2212.22,0,0,0,0,0,0,0,0
2026-03-28 00:05:25.637,129.129,1,-3,1140,2212.22,0,0,0,0,0,0,0,0
2026-03-28 00:05:25.798,129.291,1,-2,1141,2212.22,0,0,0,0,0,0,0,0
2026-03-28 00:05:25.862,129.354,1,-2,1142,2212.22,0,0,0,0,0,0,0,0
2026-03-28 00:05:26.262,129.754,1,-2,1139,1657.81,0,0,0,0,0,0,0,0
2026-03-28 00:05:26.389,129.881,1,-3,1144,-4059.63,0,0,0,0,0,0,0,0
2026-03-28 00:05:26.454,129.946,1,-2,1142,-4059.63,0,0,0,0,0,0,0,0
2026-03-28 00:05:26.534,130.026,1,-2,1144,-4059.63,0,0,0,0,0,0,0,0
2026-03-28 00:05:26.536,130.028,1,-3,1143,-4059.63,0,0,0,0,0,0,0,0
2026-03-28 00:05:26.646,130.138,1,-2,1138,1016.76,0,0,0,0,0,0,0,0
2026-03-28 00:05:26.661,130.153,1,-2,1138,-1114.29,0,0,0,0,0,0,0,0
2026-03-28 00:05:26.741,130.233,2,-2,1138,1796.41,0,0,0,0,0,0,0,0
2026-03-28 00:05:26.758,130.250,1,-2,1138,-3340.62,0,0,0,0,0,0,0,0
2026-03-28 00:05:26.837,130.329,1,-3,1140,-5.45,0,0,0,0,0,0,0,0
2026-03-28 00:05:26.839,130.331,1,-3,1142,-5.45,0,0,0,0,0,0,0,0
2026-03-28 00:05:26.934,130.426,1,-2,1144,-5.45,0,0,0,0,0,0,0,0
2026-03-28 00:05:27.078,130.570,1,-3,1138,-1963.24,0,0,0,0,0,0,0,0
2026-03-28 00:05:27.158,130.650,2,-3,1140,1103.39,0,0,0,0,0,0,0,0
2026-03-28 00:05:27.175,130.668,1,-2,1139,1103.39,0,0,0,0,0,0,0,0
2026-03-28 00:05:27.446,130.938,1,-2,1139,-811.24,0,0,0,0,0,0,0,0
2026-03-28 00:05:27.542,131.034,1,-2,1142,-811.24,0,0,0,0,0,0,0,0
2026-03-28 00:05:27.545,131.037,1,-2,1142,-811.24,0,0,0,0,0,0,0,0
2026-03-28 00:05:27.606,131.098,1,-2,1144,-811.24,0,0,0,0,0,0,0,0
2026-03-28 00:05:27.734,131.227,1,-3,1140,-811.24,0,0,0,0,0,0,0,0
2026-03-28 00:05:27.829,131.321,1,-2,1141,-811.24,0,0,0,0,0,0,0,0
2026-03-28 00:05:27.846,131.338,1,-3,1140,-811.24,0,0,0,0,0,0,0,0
2026-03-28 00:05:27.848,131.340,0,0,0,0,0,0,0,0,0,0,0,0
2026-03-28 00:05:27.941,131.433,1,-2,1142,4429.9,0,0,0,0,0,0,0,0
2026-03-28 00:05:28.054,131.546,1,-2,1140,-5.45,0,0,0,0,0,0,0,0
2026-03-28 00:05:28.055,131.547,1,-3,1140,-5.45,0,0,0,0,0,0,0,0
2026-03-28 00:05:28.182,131.674,1,-3,1142,-5.45,0,0,0,0,0,0,0,0
2026-03-28 00:05:28.198,131.691,1,-3,1143,-5.45,0,0,0,0,0,0,0,0
2026-03-28 00:05:28.326,131.818,1,-3,1141,-5.45,0,0,0,0,0,0,0,0
2026-03-28 00:05:28.328,131.820,1,-3,1142,-5.45,0,0,0,0,0,0,0,0
2026-03-28 00:05:28.390,131.882,1,-3,1141,-5.45,0,0,0,0,0,0,0,0
2026-03-28 00:05:28.469,131.961,1,-2,1140,-5.45,0,0,0,0,0,0,0,0
2026-03-28 00:05:28.470,131.963,1,-3,1143,-5.45,0,0,0,0,0,0,0,0
2026-03-28 00:05:28.629,132.121,1,-2,1139,-5.45,0,0,0,0,0,0,0,0
2026-03-28 00:05:28.678,132.170,1,-2,1141,4429.9,0,0,0,0,0,0,0,0
2026-03-28 00:05:28.758,132.250,1,-2,1138,-5.45,0,0,0,0,0,0,0,0
2026-03-28 00:05:28.854,132.346,1,-3,1143,-5.45,0,0,0,0,0,0,0,0
2026-03-28 00:05:28.966,132.458,1,-2,1141,-5.45,0,0,0,0,0,0,0,0
2026-03-28 00:05:28.968,132.460,1,-3,1142,-5.45,0,0,0,0,0,0,0,0
2026-03-28 00:05:29.109,132.601,1,-3,1142,-5.45,0,0,0,0,0,0,0,0
2026-03-28 00:05:29.158,132.650,1,-3,1138,2744.99,0,0,0,0,0,0,0,0
2026-03-28 00:05:29.302,132.794,1,-3,1138,-5.45,0,0,0,0,0,0,0,0
2026-03-28 00:05:29.304,132.796,1,-3,1139,-1668.7,0,0,0,0,0,0,0,0
2026-03-28 00:05:29.429,132.921,1,-2,1142,-1668.7,0,0,0,0,0,0,0,0
2026-03-28 00:05:29.526,133.018,1,-3,1143,-1668.7,0,0,0,0,0,0,0,0
2026-03-28 00:05:29.605,133.097,1,-3,1140,-1668.7,0,0,0,0,0,0,0,0
2026-03-28 00:05:29.733,133.226,1,-3,1141,-1668.7,0,0,0,0,0,0,0,0
2026-03-28 00:05:29.894,133.386,1,-2,1139,-1668.7,0,0,0,0,0,0,0,0
2026-03-28 00:05:29.957,133.449,1,-2,1138,-1720.68,0,0,0,0,0,0,0,0
2026-03-28 00:05:30.006,133.498,1,-2,1141,-5.45,0,0,0,0,0,0,0,0
2026-03-28 00:05:30.133,133.626,1,-3,1142,2489.43,0,0,0,0,0,0,0,0
2026-03-28 00:05:30.310,133.802,1,-2,1144,2489.43,0,0,0,0,0,0,0,0
2026-03-28 00:05:30.312,133.804,1,-3,1143,2489.43,0,0,0,0,0,0,0,0
2026-03-28 00:05:30.342,133.834,1,-2,1139,2489.43,0,0,0,0,0,0,0,0
2026-03-28 00:05:30.454,133.946,1,-2,1141,2489.43,0,0,0,0,0,0,0,0
2026-03-28 00:05:30.533,134.025,1,-2,1142,1103.39,0,0,0,0,0,0,0,0
2026-03-28 00:05:30.535,134.027,1,-2,1141,1103.39,0,0,0,0,0,0,0,0
2026-03-28 00:05:30.646,134.138,1,-2,1140,-5.45,0,0,0,0,0,0,0,0
2026-03-28 00:05:30.821,134.313,1,-3,1142,-5.45,0,0,0,0,0,0,0,0
2026-03-28 00:05:30.823,134.315,1,-3,1143,-5.45,0,0,0,0,0,0,0,0
2026-03-28 00:05:30.853,134.345,1,-2,1140,-5.45,0,0,0,0,0,0,0,0
2026-03-28 00:05:30.869,134.361,1,-3,1142,-5.45,0,0,0,0,0,0,0,0
2026-03-28 00:05:30.949,134.442,1,-2,1142,-2153.89,0,0,0,0,0,0,0,0
2026-03-28 00:05:30.952,134.444,1,-3,1141,-2153.89,0,0,0,0,0,0,0,0
2026-03-28 00:05:31.046,134.538,1,-3,1143,-2153.89,0,0,0,0,0,0,0,0
2026-03-28 00:05:31.397,134.890,1,-3,1138,-5.45,0,0,0,0,0,0,0,0
2026-03-28 00:05:31.413,134.906,1,-2,1138,-1114.29,0,0,0,0,0,0,0,0
2026-03-28 00:05:31.542,135.034,1,-3,1143,-1114.29,0,0,0,0,0,0,0,0
2026-03-28 00:05:31.606,135.098,1,-2,1141,-1114.29,0,0,0,0,0,0,0,0
2026-03-28 00:05:31.606,135.099,1,-2,1142,-1114.29,0,0,0,0,0,0,0,0
2026-03-28 00:05:31.608,135.100,1,-3,1143,-1114.29,0,0,0,0,0,0,0,0
2026-03-28 00:05:31.702,135.194,1,-2,1143,-1114.29,0,0,0,0,0,0,0,0
2026-03-28 00:05:31.830,135.322,1,-3,1139,-1114.29,0,0,0,0,0,0,0,0
2026-03-28 00:05:31.925,135.418,1,-2,1138,-2240.45,0,0,0,0,0,0,0,0
2026-03-28 00:05:32.005,135.497,1,-2,1141,-5.45,0,0,0,0,0,0,0,0
2026-03-28 00:05:32.149,135.641,1,-2,1143,-5.45,0,0,0,0,0,0,0,0
2026-03-28 00:05:32.151,135.643,1,-2,1144,-5.45,0,0,0,0,0,0,0,0
2026-03-28 00:05:32.294,135.786,1,-3,1139,-5.45,0,0,0,0,0,0,0,0
2026-03-28 00:05:32.421,135.913,1,-2,1140,-5.45,0,0,0,0,0,0,0,0
2026-03-28 00:05:32.517,136.010,1,-2,1139,-5.45,0,0,0,0,0,0,0,0
2026-03-28 00:05:32.629,136.121,1,-2,1138,2463.44,0,0,0,0,0,0,0,0
2026-03-28 00:05:32.757,136.250,1,-2,1140,531.64,0,0,0,0,0,0,0,0
2026-03-28 00:05:32.821,136.314,1,-2,1141,-5.45,0,0,0,0,0,0,0,0
2026-03-28 00:05:32.965,136.457,1,-2,1142,-5.45,0,0,0,0,0,0,0,0
2026-03-28 00:05:33.029,136.521,1,-2,1141,-2846.84,0,0,0,0,0,0,0,0
2026-03-28 00:05:33.031,136.523,1,-2,1141,-2846.84,0,0,0,0,0,0,0,0
2026-03-28 00:05:33.109,136.601,1,-3,1141,-2846.84,0,0,0,0,0,0,0,0
2026-03-28 00:05:33.125,136.617,1,-2,1140,-2846.84,0,0,0,0,0,0,0,0
2026-03-28 00:05:33.286,136.778,1,-2,1141,-5.45,0,0,0,0,0,0,0,0
2026-03-28 00:05:33.397,136.889,1,-2,1140,-5.45,0,0,0,0,0,0,0,0
2026-03-28 00:05:33.429,136.922,1,-2,1143,-5.45,0,0,0,0,0,0,0,0
2026-03-28 00:05:33.526,137.018,1,-3,1140,-5.45,0,0,0,0,0,0,0,0
2026-03-28 00:05:33.638,137.130,1,-3,1140,-5.45,0,0,0,0,0,0,0,0
2026-03-28 00:05:33.766,137.258,1,-3,1143,-5.45,0,0,0,0,0,0,0,0
2026-03-28 00:05:33.877,137.369,1,-2,1138,-2223.12,0,0,0,0,0,0,0,0
2026-03-28 00:05:33.958,137.450,1,-2,1142,-1122.95,0,0,0,0,0,0,0,0
2026-03-28 00:05:34.037,137.529,2,-2,1138,4273.97,0,0,0,0,0,0,0,0
2026-03-28 00:05:34.055,137.547,1,-2,1138,4273.97,0,0,0,0,0,0,0,0
2026-03-28 00:05:34.149,137.642,1,-3,1144,4273.97,0,0,0,0,0,0,0,0
2026-03-28 00:05:34.152,137.644,1,-2,1141,4273.97,0,0,0,0,0,0,0,0
2026-03-28 00:05:34.245,137.738,1,-2,1142,4273.97,0,0,0,0,0,0,0,0
2026-03-28 00:05:34.438,137.930,1,-2,1143,4273.97,0,0,0,0,0,0,0,0
2026-03-28 00:05:34.549,138.041,1,-2,1138,-1668.7,0,0,0,0,0,0,0,0
2026-03-28 00:05:34.645,138.138,1,-3,1138,-3028.86,0,0,0,0,0,0,0,0
2026-03-28 00:05:34.774,138.266,1,-3,1141,-2431.03,0,0,0,0,0,0,0,0
2026-03-28 00:05:34.870,138.362,1,-2,1146,-2431.03,0,0,0,0,0,0,0,0
2026-03-28 00:05:34.949,138.442,1,-3,1139,-2431.03,0,0,0,0,0,0,0,0
2026-03-28 00:05:35.093,138.585,1,-2,1141,-2431.03,0,0,0,0,0,0,0,0
2026-03-28 00:05:35.141,138.633,1,-2,1140,-2431.03,0,0,0,0,0,0,0,0
2026-03-28 00:05:35.221,138.713,1,-2,1138,133.16,0,0,0,0,0,0,0,0
2026-03-28 00:05:35.398,138.890,1,-2,1140,-5.45,0,0,0,0,0,0,0,0
2026-03-28 00:05:35.461,138.953,1,-2,1141,-5.45,0,0,0,0,0,0,0,0
2026-03-28 00:05:35.621,139.113,1,-2,1143,-5.45,0,0,0,0,0,0,0,0
2026-03-28 00:05:35.623,139.115,1,-3,1143,-5.45,0,0,0,0,0,0,0,0
2026-03-28 00:05:35.669,139.161,2,-2,1139,-5.45,0,0,0,0,0,0,0,0
2026-03-28 00:05:35.813,139.305,1,-2,1141,-5.45,0,0,0,0,0,0,0,0
2026-03-28 00:05:35.829,139.321,1,-3,1140,-5.45,0,0,0,0,0,0,0,0
2026-03-28 00:05:35.956,139.449,1,-2,1142,-5.45,0,0,0,0,0,0,0,0
2026-03-28 00:05:35.958,139.450,1,-2,1141,-5.45,0,0,0,0,0,0,0,0
2026-03-28 00:05:36.070,139.562,1,-3,1140,548.97,0,0,0,0,0,0,0,0
2026-03-28 00:05:36.072,139.564,1,-3,1142,548.97,0,0,0,0,0,0,0,0
2026-03-28 00:05:36.133,139.625,1,-2,1143,548.97,0,0,0,0,0,0,0,0
2026-03-28 00:05:36.134,139.626,1,-3,1144,548.97,0,0,0,0,0,0,0,0
2026-03-28 00:05:36.136,139.628,1,-2,1139,548.97,0,0,0,0,0,0,0,0
2026-03-28 00:05:36.229,139.721,1,-3,1142,548.97,0,0,0,0,0,0,0,0
2026-03-28 00:05:36.277,139.769,1,-3,1141,2073.62,0,0,0,0,0,0,0,0
2026-03-28 00:05:36.293,139.785,1,-3,1140,2073.62,0,0,0,0,0,0,0,0
2026-03-28 00:05:36.405,139.897,1,-3,1142,-1114.29,0,0,0,0,0,0,0,0
2026-03-28 00:05:36.581,140.073,1,-2,1139,-1114.29,0,0,0,0,0,0,0,0
2026-03-28 00:05:36.582,140.074,1,-3,1138,-1114.29,0,0,0,0,0,0,0,0
2026-03-28 00:05:36.598,140.090,1,-2,1142,1501.88,0,0,0,0,0,0,0,0
2026-03-28 00:05:36.693,140.185,1,-2,1141,1501.88,0,0,0,0,0,0,0,0
2026-03-28 00:05:36.757,140.250,1,-2,1138,-2223.12,0,0,0,0,0,0,0,0
2026-03-28 00:05:36.838,140.330,1,-3,1144,-2989.78,0,0,0,0,0,0,0,0
2026-03-28 00:05:36.981,140.473,1,-2,1142,-2989.78,0,0,0,0,0,0,0,0
2026-03-28 00:05:37.045,140.537,1,-2,1143,-2989.78,0,0,0,0,0,0,0,0
2026-03-28 00:05:37.062,140.554,1,-3,1138,548.97,0,0,0,0,0,0,0,0
2026-03-28 00:05:37.141,140.633,1,-3,1139,548.97,0,0,0,0,0,0,0,0
2026-03-28 00:05:37.301,140.793,1,-2,1138,2766.64,0,0,0,0,0,0,0,0
2026-03-28 00:05:37.304,140.797,1,-3,1139,-1876.61,0,0,0,0,0,0,0,0
2026-03-28 00:05:37.414,140.906,1,-3,1141,-1876.61,0,0,0,0,0,0,0,0
2026-03-28 00:05:37.431,140.923,1,-2,1144,-1876.61,0,0,0,0,0,0,0,0
2026-03-28 00:05:37.493,140.985,1,-3,1145,-1876.61,0,0,0,0,0,0,0,0
2026-03-28 00:05:37.685,141.177,1,-3,1138,-1876.61,0,0,0,0,0,0,0,0
2026-03-28 00:05:37.717,141.209,1,-3,1140,-1114.29,0,0,0,0,0,0,0,0
2026-03-28 00:05:37.813,141.305,1,-2,1140,-1114.29,0,0,0,0,0,0,0,0
2026-03-28 00:05:37.973,141.465,1,-3,1138,1103.39,0,0,0,0,0,0,0,0
2026-03-28 00:05:38.021,141.513,1,-2,1141,-5.45,0,0,0,0,0,0,0,0
2026-03-28 00:05:38.197,141.689,1,-2,1142,-5.45,0,0,0,0,0,0,0,0
2026-03-28 00:05:38.325,141.817,1,-2,1141,-5.45,0,0,0,0,0,0,0,0
2026-03-28 00:05:38.438,141.930,1,-2,1139,-5.45,0,0,0,0,0,0,0,0
2026-03-28 00:05:38.533,142.025,1,-2,1141,-5.45,0,0,0,0,0,0,0,0
2026-03-28 00:05:38.549,142.041,1,-2,1140,-5.45,0,0,0,0,0,0,0,0
2026-03-28 00:05:38.615,142.107,2,-2,1141,-5.45,0,0,0,0,0,0,0,0
2026-03-28 00:05:38.758,142.250,1,-3,1140,795.86,0,0,0,0,0,0,0,0
2026-03-28 00:05:38.837,142.329,1,-2,1144,795.86,0,0,0,0,0,0,0,0
2026-03-28 00:05:38.920,142.412,1,-2,1143,795.86,0,0,0,0,0,0,0,0
2026-03-28 00:05:38.924,142.416,1,-3,1142,795.86,0,0,0,0,0,0,0,0
2026-03-28 00:05:38.928,142.420,1,-2,1142,427.49,0,0,0,0,0,0,0,0
2026-03-28 00:05:39.045,142.537,1,-2,1141,427.49,0,0,0,0,0,0,0,0
2026-03-28 00:05:39.062,142.554,1,-3,1139,0,0,0,0,0,0,0,0,0
2026-03-28 00:05:39.157,142.649,1,-3,1140,410.37,0,0,0,0,0,0,0,0
2026-03-28 00:05:39.205,142.698,2,-2,1138,-3886.38,0,0,0,0,0,0,0,0
2026-03-28 00:05:39.221,142.713,1,-2,1138,-3886.38,0,0,0,0,0,0,0,0
2026-03-28 00:05:39.333,142.825,1,-2,1141,-5.45,0,0,0,0,0,0,0,0
2026-03-28 00:05:39.415,142.907,1,-2,1138,-5.45,0,0,0,0,0,0,0,0
2026-03-28 00:05:39.545,143.037,1,-3,1144,306.41,0,0,0,0,0,0,0,0
2026-03-28 00:05:39.593,143.085,1,-2,1141,306.41,0,0,0,0,0,0,0,0
2026-03-28 00:05:39.704,143.196,1,-3,1144,306.41,0,0,0,0,0,0,0,0
2026-03-28 00:05:39.878,143.371,1,-3,1138,-3340.62,0,0,0,0,0,0,0,0
2026-03-28 00:05:39.942,143.434,1,-2,1138,-5.45,0,0,0,0,0,0,0,0
2026-03-28 00:05:40.053,143.545,1,-2,1141,-3617.83,0,0,0,0,0,0,0,0
2026-03-28 00:05:40.101,143.593,1,-2,1145,-3617.83,0,0,0,0,0,0,0,0
2026-03-28 00:05:40.103,143.596,1,-2,1145,-3617.83,0,0,0,0,0,0,0,0
2026-03-28 00:05:40.165,143.657,1,-2,1140,-3617.83,0,0,0,0,0,0,0,0
2026-03-28 00:05:40.245,143.737,1,-3,1141,-3617.83,0,0,0,0,0,0,0,0
2026-03-28 00:05:40.373,143.865,1,-2,1141,-3617.83,0,0,0,0,0,0,0,0
2026-03-28 00:05:40.380,143.873,1,-2,1138,-3487.89,0,0,0,0,0,0,0,0
2026-03-28 00:05:40.470,143.962,1,-2,1139,-144.05,0,0,0,0,0,0,0,0
2026-03-28 00:05:40.565,144.057,1,-2,1140,-5.45,0,0,0,0,0,0,0,0
2026-03-28 00:05:40.566,144.058,1,-2,1141,-5.45,0,0,0,0,0,0,0,0
2026-03-28 00:05:40.676,144.169,1,-2,1142,2697.34,0,0,0,0,0,0,0,0
2026-03-28 00:05:40.917,144.409,1,-3,1139,-5.45,0,0,0,0,0,0,0,0
2026-03-28 00:05:40.998,144.490,1,-2,1143,-5.45,0,0,0,0,0,0,0,0
2026-03-28 00:05:41.015,144.507,2,-2,1142,-5.45,0,0,0,0,0,0,0,0
2026-03-28 00:05:41.062,144.555,2,-2,1142,1865.71,0,0,0,0,0,0,0,0
2026-03-28 00:05:41.078,144.571,1,-2,1141,1865.71,0,0,0,0,0,0,0,0
2026-03-28 00:05:41.157,144.649,1,-2,1140,-5.45,0,0,0,0,0,0,0,0
2026-03-28 00:05:41.285,144.777,1,-2,1144,-5.45,0,0,0,0,0,0,0,0
2026-03-28 00:05:41.286,144.778,1,-3,1144,-5.45,0,0,0,0,0,0,0,0
2026-03-28 00:05:41.383,144.875,1,-2,1140,-5.45,0,0,0,0,0,0,0,0
2026-03-28 00:05:41.497,144.990,1,-3,1140,-5.45,0,0,0,0,0,0,0,0
2026-03-28 00:05:41.573,145.065,1,-3,1140,-74.75,0,0,0,0,0,0,0,0
2026-03-28 00:05:41.782,145.274,1,-3,1140,-5.45,0,0,0,0,0,0,0,0
2026-03-28 00:05:41.878,145.371,2,-2,1138,-5.45,0,0,0,0,0,0,0,0
2026-03-28 00:05:41.989,145.482,1,-3,1144,-559.87,0,0,0,0,0,0,0,0
2026-03-28 00:05:42.006,145.498,1,-3,1144,-559.87,0,0,0,0,0,0,0,0
2026-03-28 00:05:42.105,145.597,1,-2,1140,-559.87,0,0,0,0,0,0,0,0
2026-03-28 00:05:42.199,145.691,1,-2,1144,-559.87,0,0,0,0,0,0,0,0
2026-03-28 00:05:42.326,145.819,1,-2,1138,-3340.62,0,0,0,0,0,0,0,0
2026-03-28 00:05:42.335,145.827,1,-3,1138,-5.45,0,0,0,0,0,0,0,0
2026-03-28 00:05:42.422,145.914,1,-2,1139,-5.45,0,0,0,0,0,0,0,0
2026-03-28 00:05:42.429,145.921,1,-3,1139,-5.45,0,0,0,0,0,0,0,0
2026-03-28 00:05:42.533,146.025,1,-3,1141,-5.45,0,0,0,0,0,0,0,0
2026-03-28 00:05:42.581,146.074,1,-3,1144,-5.45,0,0,0,0,0,0,0,0
2026-03-28 00:05:42.597,146.089,1,-3,1139,-5.45,0,0,0,0,0,0,0,0
2026-03-28 00:05:42.647,146.139,1,-3,1138,-5.45,0,0,0,0,0,0,0,0
2026-03-28 00:05:42.757,146.250,1,-3,1140,687.57,0,0,0,0,0,0,0,0
2026-03-28 00:05:42.933,146.425,1,-2,1139,687.57,0,0,0,0,0,0,0,0
2026-03-28 00:05:42.934,146.426,1,-2,1140,687.57,0,0,0,0,0,0,0,0
2026-03-28 00:05:43.078,146.570,1,-2,1138,271.76,0,0,0,0,0,0,0,0
2026-03-28 00:05:43.083,146.576,1,-3,1139,3113.15,0,0,0,0,0,0,0,0
2026-03-28 00:05:43.108,146.600,1,-2,1139,-707.13,0,0,0,0,0,0,0,0
2026-03-28 00:05:43.115,146.607,1,-2,1141,-707.13,0,0,0,0,0,0,0,0
2026-03-28 00:05:43.205,146.697,1,-3,1142,-5.45,0,0,0,0,0,0,0,0
2026-03-28 00:05:43.365,146.858,1,-3,1143,-5.45,0,0,0,0,0,0,0,0
2026-03-28 00:05:43.383,146.875,1,-2,1144,-5.45,0,0,0,0,0,0,0,0
2026-03-28 00:05:43.387,146.879,1,-2,1140,-5.45,0,0,0,0,0,0,0,0
2026-03-28 00:05:43.445,146.937,1,-2,1140,-5.45,0,0,0,0,0,0,0,0
2026-03-28 00:05:43.525,147.017,1,-3,1140,-5.45,0,0,0,0,0,0,0,0
2026-03-28 00:05:43.685,147.177,1,-2,1140,-5.45,0,0,0,0,0,0,0,0
2026-03-28 00:05:43.782,147.274,2,-3,1140,-3246.68,0,0,0,0,0,0,0,0
2026-03-28 00:05:43.814,147.307,1,-3,1142,-3246.68,0,0,0,0,0,0,0,0
2026-03-28 00:05:44.004,147.496,1,-2,1141,-3246.68,0,0,0,0,0,0,0,0
2026-03-28 00:05:44.069,147.561,1,-2,1141,2489.43,0,0,0,0,0,0,0,0
2026-03-28 00:05:44.186,147.678,1,-3,1142,2489.43,0,0,0,0,0,0,0,0
2026-03-28 00:05:44.264,147.756,1,-2,1138,3321.06,0,0,0,0,0,0,0,0
2026-03-28 00:05:44.373,147.865,1,-2,1141,-5.45,0,0,0,0,0,0,0,0
2026-03-28 00:05:44.455,147.947,1,-2,1138,-2298.92,0,0,0,0,0,0,0,0
2026-03-28 00:05:44.852,148.344,1,-2,1143,-5.45,0,0,0,0,0,0,0,0
2026-03-28 00:05:44.968,148.460,1,-2,1138,826.18,0,0,0,0,0,0,0,0
2026-03-28 00:05:45.061,148.553,1,-2,1138,-2500.33,0,0,0,0,0,0,0,0
2026-03-28 00:05:45.144,148.636,1,-3,1141,2766.64,0,0,0,0,0,0,0,0
2026-03-28 00:05:45.252,148.744,1,-3,1142,2766.64,0,0,0,0,0,0,0,0
2026-03-28 00:05:45.317,148.809,1,-3,1139,2766.64,0,0,0,0,0,0,0,0
2026-03-28 00:05:45.444,148.936,1,-2,1142,2766.64,0,0,0,0,0,0,0,0
2026-03-28 00:05:45.450,148.942,1,-3,1140,2766.64,0,0,0,0,0,0,0,0
2026-03-28 00:05:45.653,149.145,1,-2,1139,2766.64,0,0,0,0,0,0,0,0
2026-03-28 00:05:45.689,149.181,1,-2,1138,479.67,0,0,0,0,0,0,0,0
2026-03-28 00:05:45.797,149.289,1,-2,1140,133.16,0,0,0,0,0,0,0,0
2026-03-28 00:05:45.928,149.421,1,-2,1142,133.16,0,0,0,0,0,0,0,0
2026-03-28 00:05:46.007,149.499,1,-2,1143,133.16,0,0,0,0,0,0,0,0
2026-03-28 00:05:46.054,149.546,1,-2,1140,4014.08,0,0,0,0,0,0,0,0
2026-03-28 00:05:46.183,149.675,1,-2,1140,4014.08,0,0,0,0,0,0,0,0
2026-03-28 00:05:46.190,149.682,1,-2,1142,-3886.38,0,0,0,0,0,0,0,0
2026-03-28 00:05:46.233,149.725,1,-2,1141,-3886.38,0,0,0,0,0,0,0,0
2026-03-28 00:05:46.361,149.853,1,-3,1140,-5.45,0,0,0,0,0,0,0,0
2026-03-28 00:05:46.469,149.961,1,-2,1143,-5.45,0,0,0,0,0,0,0,0
2026-03-28 00:05:46.501,149.993,1,-2,1141,-5.45,0,0,0,0,0,0,0,0
2026-03-28 00:05:46.612,150.104,1,-2,1140,11.88,0,0,0,0,0,0,0,0
2026-03-28 00:05:46.710,150.202,1,-3,1143,11.88,0,0,0,0,0,0,0,0
2026-03-28 00:05:46.917,150.409,1,-2,1138,11.88,0,0,0,0,0,0,0,0
2026-03-28 00:05:46.952,150.444,1,-2,1142,1380.6,0,0,0,0,0,0,0,0
2026-03-28 00:05:47.045,150.537,1,-2,1138,-559.87,0,0,0,0,0,0,0,0
2026-03-28 00:05:47.174,150.666,1,-3,1144,-559.87,0,0,0,0,0,0,0,0
2026-03-28 00:05:47.301,150.793,1,-3,1142,-559.87,0,0,0,0,0,0,0,0
2026-03-28 00:05:47.382,150.875,1,-2,1144,-559.87,0,0,0,0,0,0,0,0
2026-03-28 00:05:47.524,151.017,1,-3,1138,3321.06,0,0,0,0,0,0,0,0
2026-03-28 00:05:47.653,151.145,1,-3,1138,-5.45,0,0,0,0,0,0,0,0
2026-03-28 00:05:48.022,151.514,1,-2,1139,-5.45,0,0,0,0,0,0,0,0
2026-03-28 00:05:48.032,151.524,1,-3,1142,-5.45,0,0,0,0,0,0,0,0
2026-03-28 00:05:48.100,151.592,1,-2,1140,-5.45,0,0,0,0,0,0,0,0
2026-03-28 00:05:48.165,151.657,1,-2,1139,-5.45,0,0,0,0,0,0,0,0
2026-03-28 00:05:48.170,151.662,1,-2,1139,-5.45,0,0,0,0,0,0,0,0
2026-03-28 00:05:48.280,151.772,1,-2,1138,-4167.92,0,0,0,0,0,0,0,0
2026-03-28 00:05:48.421,151.913,1,-2,1140,2203.56,0,0,0,0,0,0,0,0
2026-03-28 00:05:48.487,151.979,1,-2,1141,1935.02,0,0,0,0,0,0,0,0
2026-03-28 00:05:48.629,152.121,1,-2,1143,1935.02,0,0,0,0,0,0,0,0
2026-03-28 00:05:48.740,152.232,1,-2,1139,-5.45,0,0,0,0,0,0,0,0
2026-03-28 00:05:48.869,152.361,1,-3,1140,-5.45,0,0,0,0,0,0,0,0
2026-03-28 00:05:49.108,152.601,1,-2,1144,2.06,0,0,0,0,0,0,0,0
2026-03-28 00:05:49.257,152.749,1,-2,1142,2.06,0,0,0,0,0,0,0,0
2026-03-28 00:05:49.365,152.857,1,-2,1140,11.88,0,0,0,0,0,0,0,0
2026-03-28 00:05:49.429,152.921,1,-3,1142,11.88,0,0,0,0,0,0,0,0
2026-03-28 00:05:49.526,153.018,1,-2,1139,11.88,0,0,0,0,0,0,0,0
2026-03-28 00:05:49.589,153.081,1,-2,1141,-1670.87,0,0,0,0,0,0,0,0
2026-03-28 00:05:49.767,153.259,2,-2,1139,4429.9,0,0,0,0,0,0,0,0
2026-03-28 00:05:49.911,153.403,1,-3,1144,-5.45,0,0,0,0,0,0,0,0
2026-03-28 00:05:50.021,153.514,1,-2,1141,-5.45,0,0,0,0,0,0,0,0
2026-03-28 00:05:50.149,153.641,1,-2,1144,-5.45,0,0,0,0,0,0,0,0
2026-03-28 00:05:50.214,153.706,1,-2,1138,-3613.5,0,0,0,0,0,0,0,0
2026-03-28 00:05:50.374,153.866,1,-2,1138,548.97,0,0,0,0,0,0,0,0
2026-03-28 00:05:50.436,153.929,1,-2,1141,-2849.01,0,0,0,0,0,0,0,0
2026-03-28 00:05:50.535,154.027,1,-2,1144,-2849.01,0,0,0,0,0,0,0,0
2026-03-28 00:05:50.629,154.121,1,-2,1140,-2849.01,0,0,0,0,0,0,0,0
2026-03-28 00:05:50.773,154.265,1,-3,1141,-2849.01,0,0,0,0,0,0,0,0
2026-03-28 00:05:50.916,154.408,1,-2,1139,-2849.01,0,0,0,0,0,0,0,0
2026-03-28 00:05:50.918,154.410,1,-2,1138,1796.41,0,0,0,0,0,0,0,0
2026-03-28 00:05:50.932,154.424,1,-2,1138,1796.41,0,0,0,0,0,0,0,0
2026-03-28 00:05:50.935,154.427,1,-3,1139,3459.67,0,0,0,0,0,0,0,0
2026-03-28 00:05:51.061,154.553,1,-2,1140,3459.67,0,0,0,0,0,0,0,0
2026-03-28 00:05:51.156,154.648,1,-2,1142,-5.45,0,0,0,0,0,0,0,0
2026-03-28 00:05:51.172,154.664,1,-2,1141,-5.45,0,0,0,0,0,0,0,0
2026-03-28 00:05:51.253,154.745,1,-2,1143,-5.45,0,0,0,0,0,0,0,0
2026-03-28 00:05:51.381,154.873,2,-2,1140,-5.45,0,0,0,0,0,0,0,0
2026-03-28 00:05:51.476,154.968,1,-2,1143,-5.45,0,0,0,0,0,0,0,0
2026-03-28 00:05:51.493,154.985,1,-2,1141,-5.45,0,0,0,0,0,0,0,0
2026-03-28 00:05:51.620,155.112,1,-2,1141,-5.45,0,0,0,0,0,0,0,0
2026-03-28 00:05:51.732,155.225,1,-2,1140,-109.4,0,0,0,0,0,0,0,0
2026-03-28 00:05:51.734,155.227,1,-2,1140,-5.45,0,0,0,0,0,0,0,0
2026-03-28 00:05:51.844,155.337,1,-2,1142,-5.45,0,0,0,0,0,0,0,0
2026-03-28 00:05:51.956,155.448,1,-2,1139,-5.45,0,0,0,0,0,0,0,0
2026-03-28 00:05:51.957,155.449,1,-2,1142,-5.45,0,0,0,0,0,0,0,0
2026-03-28 00:05:51.958,155.450,1,-2,0,0,0,0,0,0,0,0,0,0
2026-03-28 00:05:51.960,155.452,1,-2,1142,-1114.29,0,0,0,0,0,0,0,0
2026-03-28 00:05:52.053,155.545,1,-3,1140,-1114.29,0,0,0,0,0,0,0,0
2026-03-28 00:05:52.164,155.656,1,-3,1141,-1114.29,0,0,0,0,0,0,0,0
2026-03-28 00:05:52.230,155.722,1,-2,1139,1103.39,0,0,0,0,0,0,0,0
2026-03-28 00:05:52.357,155.849,1,-2,1141,-5.45,0,0,0,0,0,0,0,0
2026-03-28 00:05:52.373,155.865,1,-2,1138,3182.46,0,0,0,0,0,0,0,0
2026-03-28 00:05:52.436,155.928,1,-2,1138,3182.46,0,0,0,0,0,0,0,0
2026-03-28 00:05:52.580,156.072,1,-3,1143,3182.46,0,0,0,0,0,0,0,0
2026-03-28 00:05:52.645,156.137,1,-2,1141,3182.46,0,0,0,0,0,0,0,0
2026-03-28 00:05:52.740,156.232,1,-2,1143,3182.46,0,0,0,0,0,0,0,0
2026-03-28 00:05:52.788,156.281,1,-2,1138,-2292.42,0,0,0,0,0,0,0,0
2026-03-28 00:05:52.868,156.360,1,-2,1138,4148.36,0,0,0,0,0,0,0,0
2026-03-28 00:05:53.012,156.504,1,-3,1141,4148.36,0,0,0,0,0,0,0,0
2026-03-28 00:05:53.077,156.569,1,-3,1145,4148.36,0,0,0,0,0,0,0,0
2026-03-28 00:05:53.081,156.573,1,-3,1138,4148.36,0,0,0,0,0,0,0,0
2026-03-28 00:05:53.172,156.664,1,-3,1138,4148.36,0,0,0,0,0,0,0,0
2026-03-28 00:05:53.300,156.792,1,-3,1142,-5.45,0,0,0,0,0,0,0,0
2026-03-28 00:05:53.301,156.793,1,-2,1140,-5.45,0,0,0,0,0,0,0,0
2026-03-28 00:05:53.396,156.888,1,-2,1141,-5.45,0,0,0,0,0,0,0,0
2026-03-28 00:05:53.399,156.891,1,-2,1138,3321.06,0,0,0,0,0,0,0,0
2026-03-28 00:05:53.476,156.969,1,-2,1138,3321.06,0,0,0,0,0,0,0,0
2026-03-28 00:05:53.492,156.984,0,-2,1138,-2569.63,0,0,0,0,0,0,0,0
2026-03-28 00:05:53.588,157.080,1,-2,1140,-2569.63,0,0,0,0,0,0,0,0
2026-03-28 00:05:53.590,157.082,1,-3,1140,-2569.63,0,0,0,0,0,0,0,0
2026-03-28 00:05:53.716,157.208,1,-2,1142,-2569.63,0,0,0,0,0,0,0,0
2026-03-28 00:05:53.876,157.368,1,-3,1141,-2569.63,0,0,0,0,0,0,0,0
2026-03-28 00:05:53.879,157.371,2,-3,1140,-2569.63,0,0,0,0,0,0,0,0
2026-03-28 00:05:53.940,157.432,1,-2,1142,-2569.63,0,0,0,0,0,0,0,0
2026-03-28 00:05:53.941,157.433,1,-2,1140,-2569.63,0,0,0,0,0,0,0,0
2026-03-28 00:05:54.116,157.608,1,-2,1140,-5.45,0,0,0,0,0,0,0,0
2026-03-28 00:05:54.180,157.673,2,-3,1140,305.33,0,0,0,0,0,0,0,0
2026-03-28 00:05:54.261,157.753,1,-3,1144,-5.45,0,0,0,0,0,0,0,0
2026-03-28 00:05:54.388,157.880,1,-2,1142,-5.45,0,0,0,0,0,0,0,0
2026-03-28 00:05:54.564,158.056,1,-3,1141,2212.22,0,0,0,0,0,0,0,0
2026-03-28 00:05:54.677,158.169,1,-3,1141,2212.22,0,0,0,0,0,0,0,0
2026-03-28 00:05:54.740,158.232,2,-2,1138,2212.22,0,0,0,0,0,0,0,0
2026-03-28 00:05:54.820,158.312,1,-2,1141,-5.45,0,0,0,0,0,0,0,0
2026-03-28 00:05:54.900,158.392,1,-2,1137,-5.45,0,0,0,0,0,0,0,0
2026-03-28 00:05:54.964,158.456,1,-3,1143,-4198.24,0,0,0,0,0,0,0,0
2026-03-28 00:05:55.060,158.553,1,-3,1140,-4198.24,0,0,0,0,0,0,0,0
2026-03-28 00:05:55.172,158.664,1,-2,1143,-4198.24,0,0,0,0,0,0,0,0
2026-03-28 00:05:55.176,158.668,1,-2,1138,-4319.52,0,0,0,0,0,0,0,0
2026-03-28 00:05:55.268,158.760,1,-3,1138,-1114.29,0,0,0,0,0,0,0,0
2026-03-28 00:05:55.380,158.873,1,-3,1138,3606.42,0,0,0,0,0,0,0,0
2026-03-28 00:05:55.476,158.968,1,-3,1141,3606.42,0,0,0,0,0,0,0,0
2026-03-28 00:05:55.491,158.984,1,-3,1141,3606.42,0,0,0,0,0,0,0,0
2026-03-28 00:05:55.571,159.064,1,-2,1144,3606.42,0,0,0,0,0,0,0,0
2026-03-28 00:05:55.589,159.081,1,-2,1143,3606.42,0,0,0,0,0,0,0,0
2026-03-28 00:05:55.621,159.113,1,-3,1139,3606.42,0,0,0,0,0,0,0,0
2026-03-28 00:05:55.732,159.224,1,-2,1140,-5.45,0,0,0,0,0,0,0,0
2026-03-28 00:05:55.956,159.448,1,-2,1141,-5.45,0,0,0,0,0,0,0,0
2026-03-28 00:05:55.957,159.449,1,-2,1141,-5.45,0,0,0,0,0,0,0,0
2026-03-28 00:05:56.020,159.512,1,-2,1139,1588.5,0,0,0,0,0,0,0,0
2026-03-28 00:05:56.052,159.544,1,-2,1139,-299.98,0,0,0,0,0,0,0,0
2026-03-28 00:05:56.372,159.864,1,-2,1140,-5.45,0,0,0,0,0,0,0,0
2026-03-28 00:05:56.564,160.056,1,-2,1140,-5.45,0,0,0,0,0,0,0,0
2026-03-28 00:05:56.628,160.120,1,-2,1141,-1954.58,0,0,0,0,0,0,0,0
2026-03-28 00:05:56.725,160.217,1,-3,1140,-5.45,0,0,0,0,0,0,0,0
2026-03-28 00:05:56.788,160.280,1,-3,1141,-5.45,0,0,0,0,0,0,0,0
2026-03-28 00:05:56.964,160.456,1,-2,1140,-5.45,0,0,0,0,0,0,0,0
2026-03-28 00:05:57.011,160.504,1,-3,1142,-5.45,0,0,0,0,0,0,0,0
2026-03-28 00:05:57.028,160.521,1,-3,1141,-5.45,0,0,0,0,0,0,0,0
2026-03-28 00:05:57.124,160.616,1,-3,1141,-5.45,0,0,0,0,0,0,0,0
2026-03-28 00:05:57.219,160.712,2,-2,1139,2212.22,0,0,0,0,0,0,0,0
2026-03-28 00:05:57.221,160.713,1,-2,1138,2212.22,0,0,0,0,0,0,0,0
2026-03-28 00:05:57.316,160.808,1,-2,1141,-5.45,0,0,0,0,0,0,0,0
2026-03-28 00:05:57.331,160.823,1,-3,1140,-5.45,0,0,0,0,0,0,0,0
2026-03-28 00:05:57.333,160.825,1,-2,1138,-2569.63,0,0,0,0,0,0,0,0
2026-03-28 00:05:57.412,160.904,1,-2,1138,-2569.63,0,0,0,0,0,0,0,0
2026-03-28 00:05:57.524,161.016,1,-3,1142,-2569.63,0,0,0,0,0,0,0,0
2026-03-28 00:05:57.525,161.018,1,-3,1142,-2569.63,0,0,0,0,0,0,0,0
2026-03-28 00:05:57.527,161.019,1,-2,1140,-2569.63,0,0,0,0,0,0,0,0
2026-03-28 00:05:57.636,161.128,1,-2,1141,-2569.63,0,0,0,0,0,0,0,0
2026-03-28 00:05:57.748,161.240,1,-2,1143,-2569.63,0,0,0,0,0,0,0,0
2026-03-28 00:05:57.797,161.289,2,-2,1138,548.97,0,0,0,0,0,0,0,0
2026-03-28 00:05:57.924,161.416,1,-2,1138,-282.66,0,0,0,0,0,0,0,0
2026-03-28 00:05:58.020,161.512,1,-3,1141,-3349.28,0,0,0,0,0,0,0,0
2026-03-28 00:05:58.036,161.528,1,-3,1141,-3349.28,0,0,0,0,0,0,0,0
2026-03-28 00:05:58.100,161.592,1,-2,1144,-3349.28,0,0,0,0,0,0,0,0
2026-03-28 00:05:58.260,161.752,1,-2,1139,-3349.28,0,0,0,0,0,0,0,0
2026-03-28 00:05:58.356,161.848,1,-3,1140,-3349.28,0,0,0,0,0,0,0,0
2026-03-28 00:05:58.484,161.976,1,-2,1139,-3349.28,0,0,0,0,0,0,0,0
2026-03-28 00:05:58.580,162.072,1,-2,1138,548.97,0,0,0,0,0,0,0,0
2026-03-28 00:05:58.692,162.184,1,-2,1139,548.97,0,0,0,0,0,0,0,0
2026-03-28 00:05:58.707,162.199,1,-3,1140,548.97,0,0,0,0,0,0,0,0
2026-03-28 00:05:58.709,162.201,1,-2,1142,-2812.19,0,0,0,0,0,0,0,0
2026-03-28 00:05:58.883,162.375,1,42,0,-2812.19,0,0,0,0,0,0,0,0
2026-03-28 00:05:58.885,162.378,1,-2,1141,-2812.19,0,0,0,0,0,0,0,0
2026-03-28 00:05:58.980,162.472,1,-2,1140,-2812.19,0,0,0,0,0,0,0,0
2026-03-28 00:05:59.044,162.536,1,-2,1140,-2812.19,0,0,0,0,0,0,0,0
2026-03-28 00:05:59.188,162.680,1,-2,1140,-5.45,0,0,0,0,0,0,0,0
2026-03-28 00:05:59.189,162.681,1,-3,1139,-5.45,0,0,0,0,0,0,0,0
2026-03-28 00:05:59.191,162.683,1,-2,1141,-5.45,0,0,0,0,0,0,0,0
2026-03-28 00:05:59.284,162.776,1,-2,1140,-5.45,0,0,0,0,0,0,0,0
2026-03-28 00:05:59.300,162.792,1,-2,1141,-5.45,0,0,0,0,0,0,0,0
2026-03-28 00:05:59.348,162.841,1,-2,1142,-5.45,0,0,0,0,0,0,0,0
2026-03-28 00:05:59.366,162.858,1,-3,1141,-5.45,0,0,0,0,0,0,0,0
2026-03-28 00:05:59.428,162.920,1,-2,1143,-5.45,0,0,0,0,0,0,0,0
2026-03-28 00:05:59.431,162.923,1,-2,1141,9.98,0,0,0,0,0,0,0,0
2026-03-28 00:05:59.540,163.032,1,-3,1140,9.98,0,0,0,0,0,0,0,0
2026-03-28 00:05:59.555,163.047,1,-3,1140,2212.22,0,0,0,0,0,0,0,0
2026-03-28 00:05:59.652,163.144,1,-3,1142,2212.22,0,0,0,0,0,0,0,0
2026-03-28 00:05:59.700,163.192,2,-3,1138,-5.45,0,0,0,0,0,0,0,0
2026-03-28 00:05:59.860,163.352,1,-2,1141,-5.45,0,0,0,0,0,0,0,0
2026-03-28 00:05:59.908,163.400,1,-3,1138,-5.45,0,0,0,0,0,0,0,0
2026-03-28 00:06:00.004,163.496,1,-3,1144,-1391.49,0,0,0,0,0,0,0,0
2026-03-28 00:06:00.116,163.608,1,-2,1141,-1391.49,0,0,0,0,0,0,0,0
2026-03-28 00:06:00.294,163.787,1,-3,1142,-1391.49,0,0,0,0,0,0,0,0
2026-03-28 00:06:00.390,163.883,2,-3,1138,1657.81,0,0,0,0,0,0,0,0
2026-03-28 00:06:00.398,163.890,1,-2,1138,-5.45,0,0,0,0,0,0,0,0
2026-03-28 00:06:00.452,163.944,1,-3,1138,-2500.33,0,0,0,0,0,0,0,0
2026-03-28 00:06:00.457,163.949,1,-3,1139,0,0,0,0,0,0,0,0,0
2026-03-28 00:06:00.471,163.963,1,-3,1139,-2500.33,0,0,0,0,0,0,0,0
2026-03-28 00:06:00.580,164.073,1,-3,1142,-2500.33,0,0,0,0,0,0,0,0
2026-03-28 00:06:00.725,164.217,1,-2,1144,-2500.33,0,0,0,0,0,0,0,0
2026-03-28 00:06:00.836,164.328,1,-3,1138,-5.45,0,0,0,0,0,0,0,0
2026-03-28 00:06:00.980,164.473,1,-2,1141,-5.45,0,0,0,0,0,0,0,0
2026-03-28 00:06:01.028,164.520,1,-2,1139,-5.45,0,0,0,0,0,0,0,0
2026-03-28 00:06:01.092,164.584,1,-2,1138,-4163.58,0,0,0,0,0,0,0,0
2026-03-28 00:06:01.172,164.664,1,-2,1140,4291.29,0,0,0,0,0,0,0,0
2026-03-28 00:06:01.284,164.776,1,-2,1141,-559.87,0,0,0,0,0,0,0,0
2026-03-28 00:06:01.286,164.778,1,-3,1140,-559.87,0,0,0,0,0,0,0,0
2026-03-28 00:06:01.380,164.872,1,-3,1141,-559.87,0,0,0,0,0,0,0,0
2026-03-28 00:06:01.492,164.984,1,-2,1139,-559.87,0,0,0,0,0,0,0,0
2026-03-28 00:06:01.507,165.000,1,-3,1141,-559.87,0,0,0,0,0,0,0,0
2026-03-28 00:06:01.605,165.097,1,-2,1140,-559.87,0,0,0,0,0,0,0,0
2026-03-28 00:06:01.686,165.178,1,-2,1140,-5.45,0,0,0,0,0,0,0,0
2026-03-28 00:06:01.816,165.308,1,-2,1140,2212.22,0,0,0,0,0,0,0,0
2026-03-28 00:06:02.005,165.497,1,-2,1142,2212.22,0,0,0,0,0,0,0,0
2026-03-28 00:06:02.116,165.608,1,-2,1141,4395.25,0,0,0,0,0,0,0,0
2026-03-28 00:06:02.276,165.769,1,-3,1142,11.61,0,0,0,0,0,0,0,0
2026-03-28 00:06:02.286,165.779,1,-2,1139,11.61,0,0,0,0,0,0,0,0
2026-03-28 00:06:02.308,165.800,1,-2,1138,11.61,0,0,0,0,0,0,0,0
2026-03-28 00:06:02.387,165.879,1,-2,1141,4429.9,0,0,0,0,0,0,0,0
2026-03-28 00:06:02.532,166.025,1,-2,1138,-1391.49,0,0,0,0,0,0,0,0
2026-03-28 00:06:02.629,166.121,1,-3,1142,-5.45,0,0,0,0,0,0,0,0
2026-03-28 00:06:02.695,166.187,1,-2,1140,-5.45,0,0,0,0,0,0,0,0
2026-03-28 00:06:02.853,166.345,1,-2,1143,-5.45,0,0,0,0,0,0,0,0
2026-03-28 00:06:02.867,166.359,1,-2,1138,-5.45,0,0,0,0,0,0,0,0
2026-03-28 00:06:02.934,166.426,1,-2,1138,462.34,0,0,0,0,0,0,0,0
2026-03-28 00:06:03.028,166.520,1,-2,1138,-5.45,0,0,0,0,0,0,0,0
2026-03-28 00:06:03.160,166.652,1,-3,1141,1588.5,0,0,0,0,0,0,0,0
2026-03-28 00:06:03.252,166.744,1,-2,1144,1588.5,0,0,0,0,0,0,0,0
2026-03-28 00:06:03.413,166.905,1,-3,1139,1588.5,0,0,0,0,0,0,0,0
2026-03-28 00:06:03.511,167.003,1,-2,1140,-1339.52,0,0,0,0,0,0,0,0
2026-03-28 00:06:03.525,167.017,1,-3,1139,-1339.52,0,0,0,0,0,0,0,0
2026-03-28 00:06:03.588,167.080,1,-2,1139,-1339.52,0,0,0,0,0,0,0,0
2026-03-28 00:06:03.604,167.096,1,-2,1140,-1339.52,0,0,0,0,0,0,0,0
2026-03-28 00:06:03.611,167.103,1,-2,1137,-2119.17,0,0,0,0,0,0,0,0
2026-03-28 00:06:03.701,167.193,1,-2,1138,3043.85,0,0,0,0,0,0,0,0
2026-03-28 00:06:03.781,167.273,1,-2,1139,2177.57,0,0,0,0,0,0,0,0
2026-03-28 00:06:03.876,167.368,1,-2,1141,-2379.05,0,0,0,0,0,0,0,0
2026-03-28 00:06:03.956,167.448,1,-3,1142,-2379.05,0,0,0,0,0,0,0,0
2026-03-28 00:06:03.958,167.450,1,-2,1143,-2379.05,0,0,0,0,0,0,0,0
2026-03-28 00:06:04.164,167.656,1,-2,1139,-5.45,0,0,0,0,0,0,0,0
2026-03-28 00:06:04.181,167.673,1,-3,1141,-5.45,0,0,0,0,0,0,0,0
2026-03-28 00:06:04.214,167.707,2,-2,1140,-5.45,0,0,0,0,0,0,0,0
2026-03-28 00:06:04.324,167.816,1,-2,1140,-5.45,0,0,0,0,0,0,0,0
2026-03-28 00:06:04.356,167.848,1,-3,1140,-5.45,0,0,0,0,0,0,0,0
2026-03-28 00:06:04.500,167.992,1,-2,1143,-5.45,0,0,0,0,0,0,0,0
2026-03-28 00:06:04.503,167.995,1,-3,1141,-5.45,0,0,0,0,0,0,0,0
2026-03-28 00:06:04.548,168.040,1,-3,1142,-5.45,0,0,0,0,0,0,0,0
2026-03-28 00:06:04.660,168.152,1,-3,1140,-5.45,0,0,0,0,0,0,0,0
2026-03-28 00:06:04.788,168.280,1,-3,1141,-5.45,0,0,0,0,0,0,0,0
2026-03-28 00:06:04.918,168.410,1,-2,1138,-5.45,0,0,0,0,0,0,0,0
2026-03-28 00:06:05.075,168.567,1,-2,1141,2212.22,0,0,0,0,0,0,0,0
2026-03-28 00:06:05.141,168.634,1,-2,1138,4360.59,0,0,0,0,0,0,0,0
2026-03-28 00:06:05.191,168.683,1,-3,1143,-5.45,0,0,0,0,0,0,0,0
2026-03-28 00:06:05.333,168.825,1,-2,1142,-5.45,0,0,0,0,0,0,0,0
2026-03-28 00:06:05.427,168.920,1,-2,1143,-5.45,0,0,0,0,0,0,0,0
2026-03-28 00:06:05.539,169.032,1,-3,1138,3875.48,0,0,0,0,0,0,0,0
2026-03-28 00:06:05.560,169.052,2,-2,1138,3875.48,0,0,0,0,0,0,0,0
2026-03-28 00:06:05.786,169.278,1,-2,1143,-5.45,0,0,0,0,0,0,0,0
2026-03-28 00:06:05.875,169.368,1,-3,1143,-5.45,0,0,0,0,0,0,0,0
2026-03-28 00:06:05.882,169.374,1,-3,1138,-5.45,0,0,0,0,0,0,0,0
2026-03-28 00:06:05.972,169.464,1,-3,1138,-5.45,0,0,0,0,0,0,0,0
2026-03-28 00:06:05.987,169.479,1,-3,1137,-97,0,0,0,0,0,0,0,0
2026-03-28 00:06:06.067,169.559,1,-2,1141,3992.97,0,0,0,0,0,0,0,0
2026-03-28 00:06:06.179,169.672,1,-2,1139,3992.97,0,0,0,0,0,0,0,0
2026-03-28 00:06:06.308,169.800,1,-2,1138,4360.59,0,0,0,0,0,0,0,0
2026-03-28 00:06:06.340,169.832,1,-2,1140,4360.59,0,0,0,0,0,0,0,0
2026-03-28 00:06:06.503,169.995,1,-2,1142,2212.22,0,0,0,0,0,0,0,0
2026-03-28 00:06:06.659,170.151,1,-2,1141,2212.22,0,0,0,0,0,0,0,0
2026-03-28 00:06:06.660,170.153,1,-2,1143,2212.22,0,0,0,0,0,0,0,0
2026-03-28 00:06:06.696,170.189,1,-2,1140,2212.22,0,0,0,0,0,0,0,0
2026-03-28 00:06:06.807,170.300,1,-2,1141,2212.22,0,0,0,0,0,0,0,0
2026-03-28 00:06:06.891,170.383,1,-2,1140,-5.45,0,0,0,0,0,0,0,0
2026-03-28 00:06:07.043,170.535,1,-3,1140,-5.45,0,0,0,0,0,0,0,0
2026-03-28 00:06:07.155,170.647,1,-2,1142,-5.45,0,0,0,0,0,0,0,0
2026-03-28 00:06:07.204,170.696,1,-2,1141,-5.45,0,0,0,0,0,0,0,0
2026-03-28 00:06:07.367,170.859,1,-2,1141,-5.45,0,0,0,0,0,0,0,0
2026-03-28 00:06:07.375,170.867,1,-3,1140,-5.45,0,0,0,0,0,0,0,0
2026-03-28 00:06:07.416,170.908,1,-3,1142,-5.45,0,0,0,0,0,0,0,0
2026-03-28 00:06:07.423,170.915,1,-2,1138,-5.45,0,0,0,0,0,0,0,0
2026-03-28 00:06:07.524,171.016,2,-2,1138,-3331.96,0,0,0,0,0,0,0,0
2026-03-28 00:06:07.684,171.176,1,-2,1142,3994.59,0,0,0,0,0,0,0,0
2026-03-28 00:06:07.702,171.195,1,-2,1141,3994.59,0,0,0,0,0,0,0,0
2026-03-28 00:06:07.734,171.227,1,-2,1138,3994.59,0,0,0,0,0,0,0,0
2026-03-28 00:06:07.843,171.335,1,-3,1142,-144.05,0,0,0,0,0,0,0,0
2026-03-28 00:06:07.860,171.352,1,-2,1143,-144.05,0,0,0,0,0,0,0,0
2026-03-28 00:06:07.971,171.463,1,-2,1141,-144.05,0,0,0,0,0,0,0,0
2026-03-28 00:06:07.974,171.467,1,-2,1142,-144.05,0,0,0,0,0,0,0,0
2026-03-28 00:06:08.115,171.607,1,-2,1142,-144.05,0,0,0,0,0,0,0,0
2026-03-28 00:06:08.119,171.611,1,-2,1144,-144.05,0,0,0,0,0,0,0,0
2026-03-28 00:06:08.228,171.720,1,-3,1138,687.57,0,0,0,0,0,0,0,0
2026-03-28 00:06:08.247,171.739,1,-3,1137,-3059.08,0,0,0,0,0,0,0,0
2026-03-28 00:06:08.356,171.848,1,-2,1137,3312.4,0,0,0,0,0,0,0,0
2026-03-28 00:06:08.356,171.849,1,-3,1137,0,0,0,0,0,0,0,0,0
2026-03-28 00:06:08.363,171.855,1,-3,1139,-5.45,0,0,0,0,0,0,0,0
2026-03-28 00:06:08.420,171.912,1,-3,1142,-5.45,0,0,0,0,0,0,0,0
2026-03-28 00:06:08.436,171.928,1,-3,1144,-5.45,0,0,0,0,0,0,0,0
2026-03-28 00:06:08.581,172.074,1,-3,1144,-5.45,0,0,0,0,0,0,0,0
2026-03-28 00:06:08.628,172.120,1,-3,1137,652.92,0,0,0,0,0,0,0,0
2026-03-28 00:06:08.676,172.168,1,-2,1141,4213.33,0,0,0,0,0,0,0,0
2026-03-28 00:06:08.851,172.344,1,-2,1139,4213.33,0,0,0,0,0,0,0,0
2026-03-28 00:06:08.899,172.391,1,-3,1138,1935.02,0,0,0,0,0,0,0,0
2026-03-28 00:06:08.918,172.410,1,-2,1139,1935.02,0,0,0,0,0,0,0,0
2026-03-28 00:06:09.092,172.584,1,-2,1140,2142.92,0,0,0,0,0,0,0,0
2026-03-28 00:06:09.108,172.600,1,-2,1141,-5.45,0,0,0,0,0,0,0,0
2026-03-28 00:06:09.114,172.606,1,-3,1141,-5.45,0,0,0,0,0,0,0,0
2026-03-28 00:06:09.315,172.807,1,-2,1142,-5.45,0,0,0,0,0,0,0,0
2026-03-28 00:06:09.382,172.874,1,-2,1140,-5.45,0,0,0,0,0,0,0,0
2026-03-28 00:06:09.444,172.936,1,-2,1141,-5.45,0,0,0,0,0,0,0,0
2026-03-28 00:06:09.449,172.941,1,-3,1139,-1668.7,0,0,0,0,0,0,0,0
2026-03-28 00:06:09.588,173.080,1,-2,1141,-1668.7,0,0,0,0,0,0,0,0
2026-03-28 00:06:09.652,173.144,1,-3,1140,2489.43,0,0,0,0,0,0,0,0
2026-03-28 00:06:09.779,173.271,1,-2,1142,-5.45,0,0,0,0,0,0,0,0
2026-03-28 00:06:09.785,173.277,1,-3,1142,-5.45,0,0,0,0,0,0,0,0
2026-03-28 00:06:09.894,173.386,1,-2,1141,-5.45,0,0,0,0,0,0,0,0
2026-03-28 00:06:09.896,173.388,1,-3,1142,-5.45,0,0,0,0,0,0,0,0
2026-03-28 00:06:09.955,173.447,1,-3,1141,3875.48,0,0,0,0,0,0,0,0
2026-03-28 00:06:09.956,173.449,1,-2,1140,3875.48,0,0,0,0,0,0,0,0
2026-03-28 00:06:10.052,173.544,1,-3,1141,3875.48,0,0,0,0,0,0,0,0
2026-03-28 00:06:10.212,173.704,1,-3,1138,3875.48,0,0,0,0,0,0,0,0
2026-03-28 00:06:10.260,173.752,1,-2,1141,-3401.26,0,0,0,0,0,0,0,0
2026-03-28 00:06:10.277,173.769,1,-2,1138,-5.45,0,0,0,0,0,0,0,0
2026-03-28 00:06:10.403,173.895,1,-2,1138,-5.45,0,0,0,0,0,0,0,0
2026-03-28 00:06:10.468,173.960,1,-3,1143,-5.45,0,0,0,0,0,0,0,0
2026-03-28 00:06:10.595,174.087,1,-2,1141,-5.45,0,0,0,0,0,0,0,0
2026-03-28 00:06:10.660,174.152,1,-2,1143,-5.45,0,0,0,0,0,0,0,0
2026-03-28 00:06:10.788,174.280,1,-2,1138,1657.81,0,0,0,0,0,0,0,0
2026-03-28 00:06:10.967,174.459,1,-2,1138,-3609.17,0,0,0,0,0,0,0,0
2026-03-28 00:06:11.030,174.523,1,-3,1141,1380.6,0,0,0,0,0,0,0,0
2026-03-28 00:06:11.046,174.538,1,-2,1142,1380.6,0,0,0,0,0,0,0,0
2026-03-28 00:06:11.108,174.600,1,-3,1143,1380.6,0,0,0,0,0,0,0,0
2026-03-28 00:06:11.219,174.711,1,-3,1139,1380.6,0,0,0,0,0,0,0,0
2026-03-28 00:06:11.221,174.713,1,-3,1139,1380.6,0,0,0,0,0,0,0,0
2026-03-28 00:06:11.379,174.871,1,-2,1141,1380.6,0,0,0,0,0,0,0,0
2026-03-28 00:06:11.385,174.877,1,-2,1140,1380.6,0,0,0,0,0,0,0,0
2026-03-28 00:06:11.523,175.015,1,-2,1141,1380.6,0,0,0,0,0,0,0,0
2026-03-28 00:06:11.591,175.083,1,-2,1138,1657.81,0,0,0,0,0,0,0,0
2026-03-28 00:06:11.748,175.240,1,-2,1140,-5.45,0,0,0,0,0,0,0,0
2026-03-28 00:06:11.812,175.304,1,-2,1141,-5.45,0,0,0,0,0,0,0,0
2026-03-28 00:06:11.971,175.463,1,-2,1142,-5.45,0,0,0,0,0,0,0,0
2026-03-28 00:06:12.023,175.515,1,-2,1140,-5.45,0,0,0,0,0,0,0,0
2026-03-28 00:06:12.115,175.607,1,-3,1139,-5.45,0,0,0,0,0,0,0,0
2026-03-28 00:06:12.196,175.688,1,-2,1140,3459.67,0,0,0,0,0,0,0,0
2026-03-28 00:06:12.198,175.690,1,-2,1140,-5.45,0,0,0,0,0,0,0,0
2026-03-28 00:06:12.307,175.799,1,-2,1140,-5.45,0,0,0,0,0,0,0,0
2026-03-28 00:06:12.468,175.960,1,-3,1143,-5.45,0,0,0,0,0,0,0,0
2026-03-28 00:06:12.470,175.962,1,-3,1139,-5.45,0,0,0,0,0,0,0,0
2026-03-28 00:06:12.532,176.024,1,-3,1142,-5.45,0,0,0,0,0,0,0,0
2026-03-28 00:06:12.675,176.167,1,-2,1141,1103.39,0,0,0,0,0,0,0,0
2026-03-28 00:06:12.771,176.263,1,-3,1139,-2257.77,0,0,0,0,0,0,0,0
2026-03-28 00:06:12.820,176.312,1,-3,1138,-282.66,0,0,0,0,0,0,0,0
2026-03-28 00:06:12.931,176.423,1,-2,1141,548.97,0,0,0,0,0,0,0,0
2026-03-28 00:06:12.947,176.439,2,-2,1140,548.97,0,0,0,0,0,0,0,0
2026-03-28 00:06:12.979,176.471,1,-2,1139,3806.18,0,0,0,0,0,0,0,0
2026-03-28 00:06:13.171,176.663,1,-3,1143,-5.45,0,0,0,0,0,0,0,0
2026-03-28 00:06:13.251,176.743,1,-2,1139,-5.45,0,0,0,0,0,0,0,0
2026-03-28 00:06:13.252,176.744,1,-2,1140,-5.45,0,0,0,0,0,0,0,0
2026-03-28 00:06:13.363,176.855,1,-2,1143,-5.45,0,0,0,0,0,0,0,0
2026-03-28 00:06:13.444,176.936,1,-2,1138,1467.21,0,0,0,0,0,0,0,0
2026-03-28 00:06:13.572,177.064,1,-2,1138,826.18,0,0,0,0,0,0,0,0
2026-03-28 00:06:13.683,177.176,1,-3,1140,2764.0,0,0,0,0,0,0,0,0
2026-03-28 00:06:13.700,177.192,1,-3,1144,2764.0,0,0,0,0,0,0,0,0
2026-03-28 00:06:13.747,177.239,1,-2,1144,2764.0,0,0,0,0,0,0,0,0
2026-03-28 00:06:13.859,177.351,1,-3,1138,2764.0,0,0,0,0,0,0,0,0
2026-03-28 00:06:13.955,177.447,1,-2,1140,-40.1,0,0,0,0,0,0,0,0
2026-03-28 00:06:14.003,177.495,1,-2,1140,-40.1,0,0,0,0,0,0,0,0
2026-03-28 00:06:14.019,177.512,1,-2,1140,-40.1,0,0,0,0,0,0,0,0
2026-03-28 00:06:14.163,177.655,1,-2,1138,-3054.75,0,0,0,0,0,0,0,0
2026-03-28 00:06:14.275,177.767,1,-2,1140,1657.81,0,0,0,0,0,0,0,0
2026-03-28 00:06:14.371,177.864,1,-3,1141,-4029.31,0,0,0,0,0,0,0,0
2026-03-28 00:06:14.499,177.991,1,-3,1143,-4029.31,0,0,0,0,0,0,0,0
2026-03-28 00:06:14.501,177.993,1,-3,1142,-4029.31,0,0,0,0,0,0,0,0
2026-03-28 00:06:14.563,178.055,1,-2,1140,-4029.31,0,0,0,0,0,0,0,0
2026-03-28 00:06:14.579,178.071,1,-2,1139,-4029.31,0,0,0,0,0,0,0,0
2026-03-28 00:06:14.691,178.183,1,-2,1140,-4029.31,0,0,0,0,0,0,0,0
2026-03-28 00:06:14.819,178.311,1,-2,1140,3269.08,0,0,0,0,0,0,0,0
2026-03-28 00:06:14.899,178.391,1,-2,1141,-3054.75,0,0,0,0,0,0,0,0
2026-03-28 00:06:14.900,178.392,1,-2,1140,-3054.75,0,0,0,0,0,0,0,0
2026-03-28 00:06:15.011,178.503,1,-2,1143,-3054.75,0,0,0,0,0,0,0,0
2026-03-28 00:06:15.076,178.568,1,-3,1142,-3054.75,0,0,0,0,0,0,0,0
2026-03-28 00:06:15.171,178.663,1,-3,1141,2766.64,0,0,0,0,0,0,0,0
2026-03-28 00:06:15.235,178.727,1,-3,1142,-22.77,0,0,0,0,0,0,0,0
2026-03-28 00:06:15.252,178.745,1,-2,1138,-22.77,0,0,0,0,0,0,0,0
2026-03-28 00:06:15.331,178.824,1,-2,1138,-22.77,0,0,0,0,0,0,0,0
2026-03-28 00:06:15.459,178.951,1,-2,1141,-2015.21,0,0,0,0,0,0,0,0
2026-03-28 00:06:15.491,178.983,1,-2,1138,401.7,0,0,0,0,0,0,0,0
2026-03-28 00:06:15.603,179.095,1,-3,1142,401.7,0,0,0,0,0,0,0,0
2026-03-28 00:06:15.747,179.239,1,-2,1141,401.7,0,0,0,0,0,0,0,0
2026-03-28 00:06:15.875,179.367,1,-3,1144,401.7,0,0,0,0,0,0,0,0
2026-03-28 00:06:15.876,179.369,1,-3,1143,401.7,0,0,0,0,0,0,0,0
2026-03-28 00:06:15.878,179.370,1,-2,1138,687.57,0,0,0,0,0,0,0,0
2026-03-28 00:06:15.971,179.463,1,-2,1138,1068.74,0,0,0,0,0,0,0,0
2026-03-28 00:06:16.051,179.543,1,-3,1138,-2517.66,0,0,0,0,0,0,0,0
2026-03-28 00:06:16.131,179.623,1,-3,1141,-5.45,0,0,0,0,0,0,0,0
2026-03-28 00:06:16.324,179.816,1,-3,1144,-5.45,0,0,0,0,0,0,0,0
2026-03-28 00:06:16.325,179.817,1,-3,1143,-5.45,0,0,0,0,0,0,0,0
2026-03-28 00:06:16.435,179.927,1,-3,1139,-5.45,0,0,0,0,0,0,0,0
2026-03-28 00:06:16.437,179.929,1,-3,1142,-3340.62,0,0,0,0,0,0,0,0
2026-03-28 00:06:16.483,179.975,1,-2,1140,-3340.62,0,0,0,0,0,0,0,0
2026-03-28 00:06:16.628,180.120,1,-2,1139,-3340.62,0,0,0,0,0,0,0,0
2026-03-28 00:06:16.723,180.215,1,-2,1138,-1200.91,0,0,0,0,0,0,0,0
2026-03-28 00:06:16.851,180.343,1,-2,1139,3598.27,0,0,0,0,0,0,0,0
2026-03-28 00:06:16.852,180.344,1,-2,1139,3598.27,0,0,0,0,0,0,0,0
2026-03-28 00:06:16.854,180.346,1,-2,1141,-5.45,0,0,0,0,0,0,0,0
2026-03-28 00:06:16.915,180.407,1,-2,1141,-5.45,0,0,0,0,0,0,0,0
2026-03-28 00:06:17.059,180.551,1,-3,1141,-5.45,0,0,0,0,0,0,0,0
2026-03-28 00:06:17.139,180.631,1,-2,1140,3286.41,0,0,0,0,0,0,0,0
2026-03-28 00:06:17.235,180.728,1,-2,1140,3286.41,0,0,0,0,0,0,0,0
2026-03-28 00:06:17.379,180.871,1,-2,1141,-1114.29,0,0,0,0,0,0,0,0
2026-03-28 00:06:17.381,180.873,1,-2,1140,-1114.29,0,0,0,0,0,0,0,0
2026-03-28 00:06:17.442,180.934,1,-3,1140,-5.45,0,0,0,0,0,0,0,0
2026-03-28 00:06:17.444,180.936,2,-2,1140,-5.45,0,0,0,0,0,0,0,0
2026-03-28 00:06:17.570,181.063,1,-3,1141,-5.45,0,0,0,0,0,0,0,0
2026-03-28 00:06:17.572,181.064,1,-2,1142,-5.45,0,0,0,0,0,0,0,0
2026-03-28 00:06:17.619,181.111,1,-2,1141,-5.45,0,0,0,0,0,0,0,0
2026-03-28 00:06:17.714,181.207,1,-3,1141,-3331.96,0,0,0,0,0,0,0,0
2026-03-28 00:06:17.716,181.208,1,-2,1140,-3331.96,0,0,0,0,0,0,0,0
2026-03-28 00:06:17.906,181.399,1,-3,1141,-3331.96,0,0,0,0,0,0,0,0
2026-03-28 00:06:17.923,181.415,1,-2,1138,-1391.49,0,0,0,0,0,0,0,0
2026-03-28 00:06:18.194,181.686,1,-3,1142,-2223.12,0,0,0,0,0,0,0,0
2026-03-28 00:06:18.339,181.832,1,-2,1140,-2223.12,0,0,0,0,0,0,0,0
2026-03-28 00:06:18.403,181.896,1,-3,1143,-2223.12,0,0,0,0,0,0,0,0
2026-03-28 00:06:18.546,182.038,1,-2,1138,-3643.82,0,0,0,0,0,0,0,0
2026-03-28 00:06:18.562,182.054,1,-3,1138,2454.78,0,0,0,0,0,0,0,0
2026-03-28 00:06:18.643,182.135,1,-2,1138,-1877.9,0,0,0,0,0,0,0,0
2026-03-28 00:06:18.646,182.138,1,-3,1140,1657.81,0,0,0,0,0,0,0,0
2026-03-28 00:06:18.707,182.199,1,-3,1142,1657.81,0,0,0,0,0,0,0,0
2026-03-28 00:06:18.710,182.202,1,-2,1144,1657.81,0,0,0,0,0,0,0,0
2026-03-28 00:06:18.819,182.311,1,-3,1144,1657.81,0,0,0,0,0,0,0,0
2026-03-28 00:06:18.931,182.423,1,-3,1137,-3609.17,0,0,0,0,0,0,0,0
2026-03-28 00:06:19.027,182.519,1,-2,1141,-3609.17,0,0,0,0,0,0,0,0
2026-03-28 00:06:19.091,182.583,1,-2,1139,-3609.17,0,0,0,0,0,0,0,0
2026-03-28 00:06:19.092,182.584,1,-2,1139,-3609.17,0,0,0,0,0,0,0,0
2026-03-28 00:06:19.094,182.586,1,-2,1138,-3895.04,0,0,0,0,0,0,0,0
2026-03-28 00:06:19.220,182.712,1,-2,1139,-4371.49,0,0,0,0,0,0,0,0
2026-03-28 00:06:19.363,182.855,1,-2,1140,-144.05,0,0,0,0,0,0,0,0
2026-03-28 00:06:19.459,182.951,1,-2,1141,-5.45,0,0,0,0,0,0,0,0
2026-03-28 00:06:19.556,183.048,1,-2,1143,-5.45,0,0,0,0,0,0,0,0
2026-03-28 00:06:19.683,183.175,1,-2,1140,-2223.12,0,0,0,0,0,0,0,0
2026-03-28 00:06:19.747,183.239,1,-2,1142,-2223.12,0,0,0,0,0,0,0,0
2026-03-28 00:06:19.826,183.318,1,-2,1141,-5.45,0,0,0,0,0,0,0,0
2026-03-28 00:06:19.829,183.321,1,-2,1140,-5.45,0,0,0,0,0,0,0,0
2026-03-28 00:06:19.971,183.463,1,-2,1141,3039.52,0,0,0,0,0,0,0,0
2026-03-28 00:06:19.972,183.464,1,-2,1140,3039.52,0,0,0,0,0,0,0,0
2026-03-28 00:06:20.035,183.527,1,-3,1143,3039.52,0,0,0,0,0,0,0,0
2026-03-28 00:06:20.036,183.528,1,-3,1144,3039.52,0,0,0,0,0,0,0,0
2026-03-28 00:06:20.194,183.686,1,-2,1140,3039.52,0,0,0,0,0,0,0,0
2026-03-28 00:06:20.291,183.783,1,-3,1141,-5.45,0,0,0,0,0,0,0,0
2026-03-28 00:06:20.563,184.055,1,-3,1142,535.98,0,0,0,0,0,0,0,0
2026-03-28 00:06:20.627,184.119,1,-2,1141,-3886.38,0,0,0,0,0,0,0,0
2026-03-28 00:06:20.691,184.183,1,-2,1138,-5.45,0,0,0,0,0,0,0,0
2026-03-28 00:06:20.819,184.311,1,-3,1143,-5.45,0,0,0,0,0,0,0,0
2026-03-28 00:06:20.947,184.439,2,-2,1140,-5.45,0,0,0,0,0,0,0,0
2026-03-28 00:06:21.075,184.567,1,-2,1143,-1426.15,0,0,0,0,0,0,0,0
2026-03-28 00:06:21.186,184.678,1,-2,1138,-1426.15,0,0,0,0,0,0,0,0
2026-03-28 00:06:21.202,184.694,1,-2,1138,1657.81,0,0,0,0,0,0,0,0
2026-03-28 00:06:21.251,184.743,1,-3,1138,1935.02,0,0,0,0,0,0,0,0
2026-03-28 00:06:21.315,184.807,1,-3,1141,-5.45,0,0,0,0,0,0,0,0
2026-03-28 00:06:21.459,184.951,1,-3,1143,-5.45,0,0,0,0,0,0,0,0
2026-03-28 00:06:21.539,185.031,1,-2,1137,-559.87,0,0,0,0,0,0,0,0
2026-03-28 00:06:21.540,185.032,1,-3,1137,267.97,0,0,0,0,0,0,0,0
2026-03-28 00:06:21.555,185.048,1,-3,1141,-4.37,0,0,0,0,0,0,0,0
2026-03-28 00:06:21.714,185.206,1,-2,1140,-4.37,0,0,0,0,0,0,0,0
2026-03-28 00:06:21.810,185.303,1,-3,1139,-4.37,0,0,0,0,0,0,0,0
2026-03-28 00:06:21.923,185.415,1,-2,1138,479.67,0,0,0,0,0,0,0,0
2026-03-28 00:06:21.987,185.479,1,-2,1140,11.88,0,0,0,0,0,0,0,0
2026-03-28 00:06:22.147,185.639,1,-2,1141,1657.81,0,0,0,0,0,0,0,0
2026-03-28 00:06:22.195,185.687,1,-2,1142,1657.81,0,0,0,0,0,0,0,0
2026-03-28 00:06:22.418,185.911,1,-2,1141,1657.81,0,0,0,0,0,0,0,0
2026-03-28 00:06:22.451,185.943,1,-3,1140,1657.81,0,0,0,0,0,0,0,0
2026-03-28 00:06:22.563,186.055,1,-2,1140,-5.45,0,0,0,0,0,0,0,0
2026-03-28 00:06:22.723,186.215,1,-3,1140,-5.45,0,0,0,0,0,0,0,0
2026-03-28 00:06:22.738,186.231,1,-3,1142,-5.45,0,0,0,0,0,0,0,0
2026-03-28 00:06:22.787,186.279,1,-3,1143,-5.45,0,0,0,0,0,0,0,0
2026-03-28 00:06:22.866,186.358,1,-3,1141,-5.45,0,0,0,0,0,0,0,0
2026-03-28 00:06:22.995,186.487,1,-2,1141,-3609.17,0,0,0,0,0,0,0,0
2026-03-28 00:06:23.139,186.631,1,-3,1142,1068.74,0,0,0,0,0,0,0,0
2026-03-28 00:06:23.267,186.759,1,-3,1141,-3262.66,0,0,0,0,0,0,0,0
2026-03-28 00:06:23.269,186.762,1,-2,1137,1657.81,0,0,0,0,0,0,0,0
2026-03-28 00:06:23.395,186.887,1,-2,1138,-4163.58,0,0,0,0,0,0,0,0
2026-03-28 00:06:23.539,187.031,1,-3,1142,-4163.58,0,0,0,0,0,0,0,0
2026-03-28 00:06:23.587,187.079,1,-3,1141,-4163.58,0,0,0,0,0,0,0,0
2026-03-28 00:06:23.699,187.191,1,-2,1143,-4163.58,0,0,0,0,0,0,0,0
2026-03-28 00:06:23.827,187.319,1,-2,1138,-4163.58,0,0,0,0,0,0,0,0
2026-03-28 00:06:23.830,187.322,1,-3,1137,-1114.29,0,0,0,0,0,0,0,0
2026-03-28 00:06:23.907,187.399,1,-3,1137,3840.83,0,0,0,0,0,0,0,0
2026-03-28 00:06:23.908,187.401,1,-3,1137,-2794.87,0,0,0,0,0,0,0,0
2026-03-28 00:06:24.066,187.559,1,-3,1140,-2794.87,0,0,0,0,0,0,0,0
2026-03-28 00:06:24.211,187.703,1,-3,1144,-2794.87,0,0,0,0,0,0,0,0
2026-03-28 00:06:24.242,187.734,1,-3,1138,-2794.87,0,0,0,0,0,0,0,0
2026-03-28 00:06:24.244,187.736,1,-3,1138,-2794.87,0,0,0,0,0,0,0,0
2026-03-28 00:06:24.370,187.862,1,-3,1141,-5.45,0,0,0,0,0,0,0,0
2026-03-28 00:06:24.466,187.958,1,-2,1139,-5.45,0,0,0,0,0,0,0,0
2026-03-28 00:06:24.483,187.975,1,-2,1139,-5.45,0,0,0,0,0,0,0,0
2026-03-28 00:06:24.531,188.023,1,-3,1138,1094.72,0,0,0,0,0,0,0,0
2026-03-28 00:06:24.690,188.182,1,-3,1138,-3331.96,0,0,0,0,0,0,0,0
2026-03-28 00:06:24.693,188.185,1,-2,1141,-5.45,0,0,0,0,0,0,0,0
2026-03-28 00:06:24.723,188.215,1,-2,1141,-5.45,0,0,0,0,0,0,0,0
2026-03-28 00:06:24.725,188.217,1,-3,1140,-5.45,0,0,0,0,0,0,0,0
2026-03-28 00:06:24.851,188.343,1,-2,1141,-5.45,0,0,0,0,0,0,0,0
2026-03-28 00:06:24.994,188.486,1,-2,1141,-5.45,0,0,0,0,0,0,0,0
2026-03-28 00:06:24.998,188.490,1,-2,1141,-5.45,0,0,0,0,0,0,0,0
2026-03-28 00:06:25.091,188.583,1,-2,1140,-5.45,0,0,0,0,0,0,0,0
2026-03-28 00:06:25.092,188.584,1,-3,1138,-5.45,0,0,0,0,0,0,0,0
2026-03-28 00:06:25.202,188.694,1,-2,1141,-2231.78,0,0,0,0,0,0,0,0
2026-03-28 00:06:25.204,188.696,1,-2,1140,-2231.78,0,0,0,0,0,0,0,0
2026-03-28 00:06:25.332,188.824,1,-2,1140,-4098.61,0,0,0,0,0,0,0,0
2026-03-28 00:06:25.411,188.903,1,-3,1143,-5.45,0,0,0,0,0,0,0,0
2026-03-28 00:06:25.570,189.063,1,-3,1142,-5.45,0,0,0,0,0,0,0,0
2026-03-28 00:06:25.572,189.064,1,-3,1142,3321.06,0,0,0,0,0,0,0,0
2026-03-28 00:06:25.618,189.111,1,-2,1140,3321.06,0,0,0,0,0,0,0,0
2026-03-28 00:06:25.731,189.223,1,-2,1142,3321.06,0,0,0,0,0,0,0,0
2026-03-28 00:06:25.874,189.367,2,-3,1138,-2223.12,0,0,0,0,0,0,0,0
2026-03-28 00:06:25.987,189.479,1,-2,1141,-5.45,0,0,0,0,0,0,0,0
2026-03-28 00:06:26.067,189.559,1,-2,1137,-5.45,0,0,0,0,0,0,0,0
2026-03-28 00:06:26.130,189.622,1,-3,1142,-5.45,0,0,0,0,0,0,0,0
2026-03-28 00:06:26.132,189.624,1,-3,1143,-5.45,0,0,0,0,0,0,0,0
2026-03-28 00:06:26.146,189.639,1,-2,1139,-5.45,0,0,0,0,0,0,0,0
2026-03-28 00:06:26.290,189.782,1,-2,1140,-5.45,0,0,0,0,0,0,0,0
2026-03-28 00:06:26.403,189.895,1,-2,1143,-5.45,0,0,0,0,0,0,0,0
2026-03-28 00:06:26.531,190.023,1,-3,1138,-1114.29,0,0,0,0,0,0,0,0
2026-03-28 00:06:26.610,190.102,1,-2,1138,-5.45,0,0,0,0,0,0,0,0
2026-03-28 00:06:26.626,190.118,1,-2,1138,3389.28,0,0,0,0,0,0,0,0
2026-03-28 00:06:26.754,190.246,1,-3,1139,-5.45,0,0,0,0,0,0,0,0
2026-03-28 00:06:26.756,190.248,1,-3,1141,-5.45,0,0,0,0,0,0,0,0
2026-03-28 00:06:26.914,190.407,1,-2,1143,-5.45,0,0,0,0,0,0,0,0
2026-03-28 00:06:26.978,190.471,1,-3,1138,-5.45,0,0,0,0,0,0,0,0
2026-03-28 00:06:27.074,190.566,1,-3,1140,-3331.96,0,0,0,0,0,0,0,0
2026-03-28 00:06:27.076,190.568,1,-2,1139,-3331.96,0,0,0,0,0,0,0,0
2026-03-28 00:06:27.203,190.695,1,-2,1140,-3331.96,0,0,0,0,0,0,0,0
2026-03-28 00:06:27.267,190.759,1,-2,1137,-1945.91,0,0,0,0,0,0,0,0
2026-03-28 00:06:27.378,190.870,1,-2,1139,-2786.2,0,0,0,0,0,0,0,0
2026-03-28 00:06:27.380,190.872,1,-2,1141,-5.45,0,0,0,0,0,0,0,0
2026-03-28 00:06:27.474,190.966,1,-3,1141,-5.45,0,0,0,0,0,0,0,0
2026-03-28 00:06:27.476,190.968,1,-3,1141,-5.45,0,0,0,0,0,0,0,0
2026-03-28 00:06:27.602,191.094,1,-2,1143,-5.45,0,0,0,0,0,0,0,0
2026-03-28 00:06:27.666,191.159,1,-2,1139,-5.45,0,0,0,0,0,0,0,0
2026-03-28 00:06:27.811,191.303,1,-2,1140,-5.45,0,0,0,0,0,0,0,0
2026-03-28 00:06:27.813,191.305,1,-2,1140,-5.45,0,0,0,0,0,0,0,0
2026-03-28 00:06:27.859,191.351,1,-2,1140,-5.45,0,0,0,0,0,0,0,0
2026-03-28 00:06:27.860,191.352,1,-2,1140,-5.0,0,0,0,0,0,0,0,0
2026-03-28 00:06:27.987,191.479,1,-2,1140,4429.9,0,0,0,0,0,0,0,0
2026-03-28 00:06:27.989,191.481,1,-2,1140,4429.9,0,0,0,0,0,0,0,0
2026-03-28 00:06:28.130,191.623,1,-3,1142,4429.9,0,0,0,0,0,0,0,0
2026-03-28 00:06:28.178,191.670,1,-2,1142,4429.9,0,0,0,0,0,0,0,0
2026-03-28 00:06:28.258,191.750,1,-3,1141,-5.45,0,0,0,0,0,0,0,0
2026-03-28 00:06:28.259,191.752,1,-3,1140,-5.45,0,0,0,0,0,0,0,0
2026-03-28 00:06:28.402,191.894,1,-3,1142,-5.45,0,0,0,0,0,0,0,0
2026-03-28 00:06:28.466,191.959,1,-2,1138,-5.45,0,0,0,0,0,0,0,0
2026-03-28 00:06:28.531,192.023,1,-2,1141,2142.92,0,0,0,0,0,0,0,0
2026-03-28 00:06:28.659,192.151,1,-2,1138,2142.92,0,0,0,0,0,0,0,0
2026-03-28 00:06:28.754,192.246,1,-2,1143,-5.45,0,0,0,0,0,0,0,0
2026-03-28 00:06:28.756,192.248,1,-3,1142,-5.45,0,0,0,0,0,0,0,0
2026-03-28 00:06:28.898,192.390,1,-2,1141,-5.45,0,0,0,0,0,0,0,0
2026-03-28 00:06:28.901,192.393,1,-2,1142,-5.45,0,0,0,0,0,0,0,0
2026-03-28 00:06:28.978,192.470,1,-2,1144,-5.45,0,0,0,0,0,0,0,0
2026-03-28 00:06:29.043,192.535,1,-2,1138,548.97,0,0,0,0,0,0,0,0
2026-03-28 00:06:29.058,192.550,1,-3,1137,-5.45,0,0,0,0,0,0,0,0
2026-03-28 00:06:29.060,192.552,1,-2,1138,826.18,0,0,0,0,0,0,0,0
2026-03-28 00:06:29.171,192.663,1,-2,1138,826.18,0,0,0,0,0,0,0,0
2026-03-28 00:06:29.266,192.758,1,-3,1142,826.18,0,0,0,0,0,0,0,0
2026-03-28 00:06:29.347,192.839,1,-2,1144,826.18,0,0,0,0,0,0,0,0
2026-03-28 00:06:29.349,192.841,1,-3,1143,826.18,0,0,0,0,0,0,0,0
2026-03-28 00:06:29.351,192.843,1,-3,1139,826.18,0,0,0,0,0,0,0,0
2026-03-28 00:06:29.507,192.999,1,-3,1140,826.18,0,0,0,0,0,0,0,0
2026-03-28 00:06:29.587,193.079,1,-3,1139,3321.06,0,0,0,0,0,0,0,0
2026-03-28 00:06:29.794,193.287,1,-2,1138,0,0,0,0,0,0,0,0,0
2026-03-28 00:06:29.796,193.288,1,-3,1141,-5.45,0,0,0,0,0,0,0,0
2026-03-28 00:06:29.939,193.431,1,-2,1141,-5.45,0,0,0,0,0,0,0,0
2026-03-28 00:06:30.050,193.542,1,-3,1141,-5.45,0,0,0,0,0,0,0,0
2026-03-28 00:06:30.178,193.670,1,-2,1139,-5.45,0,0,0,0,0,0,0,0
2026-03-28 00:06:30.226,193.718,1,-2,1140,-5.45,0,0,0,0,0,0,0,0
2026-03-28 00:06:30.338,193.830,1,-2,1141,-2223.12,0,0,0,0,0,0,0,0
2026-03-28 00:06:30.370,193.862,1,-2,1139,-5.45,0,0,0,0,0,0,0,0
2026-03-28 00:06:30.387,193.879,1,-3,1139,-5.45,0,0,0,0,0,0,0,0
2026-03-28 00:06:30.466,193.958,1,-3,1144,-5.45,0,0,0,0,0,0,0,0
2026-03-28 00:06:30.578,194.070,1,-3,1140,-5.45,0,0,0,0,0,0,0,0
2026-03-28 00:06:30.788,194.280,1,-2,1139,-5.45,0,0,0,0,0,0,0,0
2026-03-28 00:06:30.914,194.406,1,-2,1138,-14.11,0,0,0,0,0,0,0,0
2026-03-28 00:06:31.026,194.518,1,-2,1140,1103.39,0,0,0,0,0,0,0,0
2026-03-28 00:06:31.154,194.646,1,-2,1139,-2500.33,0,0,0,0,0,0,0,0
2026-03-28 00:06:31.289,194.781,1,-3,1142,-2500.33,0,0,0,0,0,0,0,0
2026-03-28 00:06:31.354,194.846,1,-2,1141,-2500.33,0,0,0,0,0,0,0,0
2026-03-28 00:06:31.386,194.878,1,-3,1144,-2500.33,0,0,0,0,0,0,0,0
2026-03-28 00:06:31.529,195.021,1,-2,1138,4291.29,0,0,0,0,0,0,0,0
2026-03-28 00:06:31.530,195.023,1,-2,1138,-2777.54,0,0,0,0,0,0,0,0
2026-03-28 00:06:31.577,195.069,1,-2,1137,2298.31,0,0,0,0,0,0,0,0
2026-03-28 00:06:31.721,195.213,1,-3,1141,-1807.31,0,0,0,0,0,0,0,0
2026-03-28 00:06:31.817,195.309,1,-3,1143,-1807.31,0,0,0,0,0,0,0,0
2026-03-28 00:06:31.961,195.453,1,-3,1139,-1807.31,0,0,0,0,0,0,0,0
2026-03-28 00:06:32.041,195.533,1,-2,1140,4429.9,0,0,0,0,0,0,0,0
2026-03-28 00:06:32.217,195.709,1,-2,1139,4429.9,0,0,0,0,0,0,0,0
2026-03-28 00:06:32.218,195.710,1,-2,1139,4429.9,0,0,0,0,0,0,0,0
2026-03-28 00:06:32.329,195.821,1,-3,1138,-4026.06,0,0,0,0,0,0,0,0
2026-03-28 00:06:32.378,195.870,1,-2,1140,-1252.89,0,0,0,0,0,0,0,0
2026-03-28 00:06:32.380,195.872,1,-2,1141,-5.45,0,0,0,0,0,0,0,0
2026-03-28 00:06:32.459,195.951,1,-2,1141,-5.45,0,0,0,0,0,0,0,0
2026-03-28 00:06:32.601,196.093,1,-2,1143,-5.45,0,0,0,0,0,0,0,0
2026-03-28 00:06:32.665,196.157,1,-2,1141,-5.45,0,0,0,0,0,0,0,0
2026-03-28 00:06:32.682,196.174,1,-2,1140,-5.45,0,0,0,0,0,0,0,0
2026-03-28 00:06:32.793,196.285,1,-3,1140,-5.45,0,0,0,0,0,0,0,0
2026-03-28 00:06:32.985,196.477,1,-2,1140,-5.45,0,0,0,0,0,0,0,0
2026-03-28 00:06:33.049,196.541,1,-3,1141,4425.57,0,0,0,0,0,0,0,0
2026-03-28 00:06:33.161,196.653,1,-3,1141,4425.57,0,0,0,0,0,0,0,0
2026-03-28 00:06:33.177,196.669,1,-3,1141,4425.57,0,0,0,0,0,0,0,0
2026-03-28 00:06:33.256,196.749,1,-2,1141,-109.4,0,0,0,0,0,0,0,0
2026-03-28 00:06:33.369,196.861,1,-3,1140,-109.4,0,0,0,0,0,0,0,0
2026-03-28 00:06:33.514,197.006,1,-2,1139,-2275.1,0,0,0,0,0,0,0,0
2026-03-28 00:06:33.517,197.009,1,-2,1142,2212.22,0,0,0,0,0,0,0,0
2026-03-28 00:06:33.641,197.133,1,-2,1141,2212.22,0,0,0,0,0,0,0,0
2026-03-28 00:06:33.643,197.136,1,-2,1138,2212.22,0,0,0,0,0,0,0,0
2026-03-28 00:06:33.689,197.182,1,-2,1138,-3194.98,0,0,0,0,0,0,0,0
2026-03-28 00:06:33.817,197.309,1,-3,1142,4291.29,0,0,0,0,0,0,0,0
2026-03-28 00:06:33.897,197.389,1,-2,1140,4291.29,0,0,0,0,0,0,0,0
2026-03-28 00:06:34.042,197.534,1,-2,1143,4291.29,0,0,0,0,0,0,0,0
2026-03-28 00:06:34.121,197.614,1,-2,1137,-1391.49,0,0,0,0,0,0,0,0
2026-03-28 00:06:34.281,197.773,1,-3,1138,-2777.54,0,0,0,0,0,0,0,0
2026-03-28 00:06:34.361,197.853,1,-2,1140,-3297.31,0,0,0,0,0,0,0,0
2026-03-28 00:06:34.458,197.950,1,-2,1144,-3297.31,0,0,0,0,0,0,0,0
2026-03-28 00:06:34.554,198.046,1,-3,1139,-5.45,0,0,0,0,0,0,0,0
2026-03-28 00:06:34.571,198.063,1,-3,1138,-5.45,0,0,0,0,0,0,0,0
2026-03-28 00:06:34.665,198.157,1,-3,1140,-5.45,0,0,0,0,0,0,0,0
2026-03-28 00:06:34.761,198.253,1,-2,1140,-5.45,0,0,0,0,0,0,0,0
2026-03-28 00:06:34.857,198.349,1,-2,1139,271.76,0,0,0,0,0,0,0,0
2026-03-28 00:06:34.937,198.429,1,-2,1140,2212.22,0,0,0,0,0,0,0,0
2026-03-28 00:06:34.938,198.430,1,-3,1140,2212.22,0,0,0,0,0,0,0,0
2026-03-28 00:06:35.065,198.557,1,-2,1141,-2275.1,0,0,0,0,0,0,0,0
2026-03-28 00:06:35.130,198.622,1,-2,1141,-2275.1,0,0,0,0,0,0,0,0
2026-03-28 00:06:35.305,198.798,2,-2,1139,-2275.1,0,0,0,0,0,0,0,0
2026-03-28 00:06:35.433,198.925,1,-2,1140,-2275.1,0,0,0,0,0,0,0,0
2026-03-28 00:06:35.514,199.006,1,-2,1140,1068.74,0,0,0,0,0,0,0,0
2026-03-28 00:06:35.690,199.182,1,-3,1140,-5.45,0,0,0,0,0,0,0,0
2026-03-28 00:06:35.753,199.245,1,-3,1143,-5.45,0,0,0,0,0,0,0,0
2026-03-28 00:06:35.833,199.325,1,-3,1141,-5.45,0,0,0,0,0,0,0,0
2026-03-28 00:06:35.945,199.437,1,-3,1140,1086.06,0,0,0,0,0,0,0,0
2026-03-28 00:06:36.042,199.534,1,-3,1140,3321.06,0,0,0,0,0,0,0,0
2026-03-28 00:06:36.137,199.629,1,-3,1139,2766.64,0,0,0,0,0,0,0,0
2026-03-28 00:06:36.233,199.725,1,-2,1141,-5.45,0,0,0,0,0,0,0,0
2026-03-28 00:06:36.297,199.789,1,-2,1137,-5.31,0,0,0,0,0,0,0,0
2026-03-28 00:06:36.313,199.805,1,-2,1138,-5.31,0,0,0,0,0,0,0,0
2026-03-28 00:06:36.426,199.918,1,-3,1143,930.13,0,0,0,0,0,0,0,0
2026-03-28 00:06:36.553,200.045,1,-2,1139,930.13,0,0,0,0,0,0,0,0
2026-03-28 00:06:36.601,200.093,1,-2,1143,-5.45,0,0,0,0,0,0,0,0
2026-03-28 00:06:36.777,200.269,1,-2,1138,1653.47,0,0,0,0,0,0,0,0
2026-03-28 00:06:36.857,200.349,1,-2,1137,548.97,0,0,0,0,0,0,0,0
2026-03-28 00:06:36.858,200.350,1,-3,1137,548.97,0,0,0,0,0,0,0,0
2026-03-28 00:06:36.860,200.352,1,-3,1140,548.97,0,0,0,0,0,0,0,0
2026-03-28 00:06:36.920,200.413,1,-2,1142,548.97,0,0,0,0,0,0,0,0
2026-03-28 00:06:37.081,200.573,1,-3,1143,548.97,0,0,0,0,0,0,0,0
2026-03-28 00:06:37.177,200.669,1,-2,1139,2073.62,0,0,0,0,0,0,0,0
2026-03-28 00:06:37.224,200.717,1,-2,1141,-5.45,0,0,0,0,0,0,0,0
2026-03-28 00:06:37.226,200.718,1,-2,1140,-5.45,0,0,0,0,0,0,0,0
2026-03-28 00:06:37.228,200.720,1,-2,1138,-5.45,0,0,0,0,0,0,0,0
2026-03-28 00:06:37.401,200.893,1,-2,1139,-5.45,0,0,0,0,0,0,0,0
2026-03-28 00:06:37.418,200.910,1,-2,1138,-2777.54,0,0,0,0,0,0,0,0
2026-03-28 00:06:37.448,200.940,1,-2,1139,-4024.98,0,0,0,0,0,0,0,0
2026-03-28 00:06:37.451,200.943,1,-3,1139,-5.45,0,0,0,0,0,0,0,0
2026-03-28 00:06:37.561,201.053,1,-2,1140,-5.45,0,0,0,0,0,0,0,0
2026-03-28 00:06:37.673,201.165,1,-2,1141,4291.29,0,0,0,0,0,0,0,0
2026-03-28 00:06:37.722,201.214,1,-2,1142,4291.29,0,0,0,0,0,0,0,0
2026-03-28 00:06:37.849,201.341,1,-2,1140,4291.29,0,0,0,0,0,0,0,0
2026-03-28 00:06:37.945,201.437,1,-2,1140,4291.29,0,0,0,0,0,0,0,0
2026-03-28 00:06:38.073,201.565,1,-2,1140,-5.45,0,0,0,0,0,0,0,0
2026-03-28 00:06:38.137,201.629,2,-2,1140,522.98,0,0,0,0,0,0,0,0
2026-03-28 00:06:38.296,201.788,1,-3,1142,-5.45,0,0,0,0,0,0,0,0
2026-03-28 00:06:38.298,201.790,1,-2,1143,-5.45,0,0,0,0,0,0,0,0
2026-03-28 00:06:38.300,201.792,1,-2,1139,-5.45,0,0,0,0,0,0,0,0
2026-03-28 00:06:38.457,201.950,1,-3,1141,-5.45,0,0,0,0,0,0,0,0
2026-03-28 00:06:38.504,201.996,1,-2,1141,-3886.38,0,0,0,0,0,0,0,0
2026-03-28 00:06:38.569,202.061,1,-3,1141,-5.45,0,0,0,0,0,0,0,0
2026-03-28 00:06:38.698,202.190,1,-2,1139,-5.45,0,0,0,0,0,0,0,0
2026-03-28 00:06:38.793,202.286,1,-3,1141,3875.48,0,0,0,0,0,0,0,0
2026-03-28 00:06:38.889,202.381,1,-2,1139,-5.45,0,0,0,0,0,0,0,0
2026-03-28 00:06:38.891,202.384,1,-3,1142,-5.45,0,0,0,0,0,0,0,0
2026-03-28 00:06:39.052,202.544,1,-3,1143,-5.45,0,0,0,0,0,0,0,0
2026-03-28 00:06:39.181,202.673,1,-2,1140,-5.45,0,0,0,0,0,0,0,0
2026-03-28 00:06:39.305,202.797,1,-3,1143,-5.45,0,0,0,0,0,0,0,0
2026-03-28 00:06:39.382,202.874,1,-2,1138,4291.29,0,0,0,0,0,0,0,0
2026-03-28 00:06:39.387,202.879,2,-2,1138,-837.08,0,0,0,0,0,0,0,0
2026-03-28 00:06:39.462,202.954,1,-2,1138,-4163.58,0,0,0,0,0,0,0,0
2026-03-28 00:06:39.557,203.050,1,-2,1140,-4163.58,0,0,0,0,0,0,0,0
2026-03-28 00:06:39.702,203.194,1,-2,1143,-4163.58,0,0,0,0,0,0,0,0
2026-03-28 00:06:39.754,203.246,1,-2,1138,-4163.58,0,0,0,0,0,0,0,0
2026-03-28 00:06:39.799,203.292,1,-2,1140,3598.27,0,0,0,0,0,0,0,0
2026-03-28 00:06:39.974,203.466,1,-2,1140,3598.27,0,0,0,0,0,0,0,0
2026-03-28 00:06:40.054,203.546,1,-2,1137,-1166.26,0,0,0,0,0,0,0,0
2026-03-28 00:06:40.069,203.562,1,-2,1139,-5.45,0,0,0,0,0,0,0,0
2026-03-28 00:06:40.181,203.674,1,-2,1139,-5.45,0,0,0,0,0,0,0,0
2026-03-28 00:06:40.294,203.786,1,-2,1140,-5.45,0,0,0,0,0,0,0,0
2026-03-28 00:06:40.405,203.897,1,-2,1141,-5.45,0,0,0,0,0,0,0,0
2026-03-28 00:06:40.518,204.010,1,-2,1139,-5.45,0,0,0,0,0,0,0,0
2026-03-28 00:06:40.569,204.061,1,-2,1140,-5.45,0,0,0,0,0,0,0,0
2026-03-28 00:06:40.709,204.201,1,-2,1139,-5.45,0,0,0,0,0,0,0,0
2026-03-28 00:06:40.792,204.285,1,-2,1140,-5.45,0,0,0,0,0,0,0,0
2026-03-28 00:06:41.175,204.667,1,-2,1140,-5.45,0,0,0,0,0,0,0,0
2026-03-28 00:06:41.182,204.674,1,-3,1141,-5.45,0,0,0,0,0,0,0,0
2026-03-28 00:06:41.272,204.764,1,-3,1142,-5.45,0,0,0,0,0,0,0,0
2026-03-28 00:06:41.350,204.842,2,-2,1138,-2223.12,0,0,0,0,0,0,0,0
2026-03-28 00:06:41.352,204.844,1,-3,1138,-2223.12,0,0,0,0,0,0,0,0
2026-03-28 00:06:41.358,204.850,1,-2,1142,4429.9,0,0,0,0,0,0,0,0
2026-03-28 00:06:41.494,204.986,1,-2,1141,4429.9,0,0,0,0,0,0,0,0
2026-03-28 00:06:41.544,205.036,1,-2,1138,4429.9,0,0,0,0,0,0,0,0
2026-03-28 00:06:41.545,205.037,1,-3,1139,4429.9,0,0,0,0,0,0,0,0
2026-03-28 00:06:41.559,205.051,1,-3,1142,4429.9,0,0,0,0,0,0,0,0
2026-03-28 00:06:41.688,205.180,1,-2,1143,4429.9,0,0,0,0,0,0,0,0
2026-03-28 00:06:41.782,205.275,1,-2,1140,4429.9,0,0,0,0,0,0,0,0
2026-03-28 00:06:41.879,205.371,1,-2,1143,4429.9,0,0,0,0,0,0,0,0
2026-03-28 00:06:41.990,205.482,1,-2,1138,-559.87,0,0,0,0,0,0,0,0
2026-03-28 00:06:42.006,205.498,1,-3,1137,-559.87,0,0,0,0,0,0,0,0
2026-03-28 00:06:42.085,205.578,1,-3,1137,-559.87,0,0,0,0,0,0,0,0
2026-03-28 00:06:42.169,205.662,1,-3,1141,904.14,0,0,0,0,0,0,0,0
2026-03-28 00:06:42.373,205.865,1,-2,1142,904.14,0,0,0,0,0,0,0,0
2026-03-28 00:06:42.409,205.901,1,-2,1138,904.14,0,0,0,0,0,0,0,0
2026-03-28 00:06:42.488,205.980,1,-3,1140,-2223.12,0,0,0,0,0,0,0,0
2026-03-28 00:06:42.662,206.154,1,-2,1140,-2223.12,0,0,0,0,0,0,0,0
2026-03-28 00:06:42.918,206.410,1,-2,1142,-5.44,0,0,0,0,0,0,0,0
2026-03-28 00:06:42.934,206.426,1,-3,1141,-5.44,0,0,0,0,0,0,0,0
2026-03-28 00:06:43.016,206.509,1,-2,1142,-5.44,0,0,0,0,0,0,0,0
2026-03-28 00:06:43.141,206.633,1,-2,1140,-5.44,0,0,0,0,0,0,0,0
2026-03-28 00:06:43.144,206.636,1,-2,1141,-5.44,0,0,0,0,0,0,0,0
2026-03-28 00:06:43.254,206.746,1,-2,1140,-5.44,0,0,0,0,0,0,0,0
2026-03-28 00:06:43.403,206.895,1,-2,1141,3312.4,0,0,0,0,0,0,0,0
2026-03-28 00:06:43.525,207.018,1,-2,1141,-5.45,0,0,0,0,0,0,0,0
2026-03-28 00:06:43.558,207.050,1,-2,1143,-5.45,0,0,0,0,0,0,0,0
2026-03-28 00:06:43.702,207.194,1,-2,1140,-5.45,0,0,0,0,0,0,0,0
2026-03-28 00:06:43.717,207.209,1,-2,1141,3251.76,0,0,0,0,0,0,0,0
2026-03-28 00:06:43.738,207.230,1,-3,1140,3251.76,0,0,0,0,0,0,0,0
2026-03-28 00:06:43.925,207.417,1,-2,1141,1657.81,0,0,0,0,0,0,0,0
2026-03-28 00:06:43.994,207.486,1,-2,1139,-2223.12,0,0,0,0,0,0,0,0
2026-03-28 00:06:44.009,207.501,1,-2,1142,-1114.29,0,0,0,0,0,0,0,0
2026-03-28 00:06:44.040,207.532,1,-2,1141,-1114.29,0,0,0,0,0,0,0,0
2026-03-28 00:06:44.181,207.673,1,-2,1138,29.2,0,0,0,0,0,0,0,0
2026-03-28 00:06:44.197,207.689,1,-2,1138,-2918.31,0,0,0,0,0,0,0,0
2026-03-28 00:06:44.309,207.801,1,-3,1143,-5.45,0,0,0,0,0,0,0,0
2026-03-28 00:06:44.312,207.804,1,-3,1143,-5.45,0,0,0,0,0,0,0,0
2026-03-28 00:06:44.421,207.914,1,-2,1139,-5.45,0,0,0,0,0,0,0,0
2026-03-28 00:06:44.488,207.980,1,-2,1143,-5.45,0,0,0,0,0,0,0,0
2026-03-28 00:06:44.629,208.121,2,-2,1138,-5.45,0,0,0,0,0,0,0,0
2026-03-28 00:06:44.646,208.138,1,-2,1138,2489.43,0,0,0,0,0,0,0,0
2026-03-28 00:06:44.710,208.202,1,-2,1138,-4424.01,0,0,0,0,0,0,0,0
2026-03-28 00:06:44.853,208.345,1,-3,1142,-5.45,0,0,0,0,0,0,0,0
2026-03-28 00:06:44.982,208.474,1,-2,1144,-5.45,0,0,0,0,0,0,0,0
2026-03-28 00:06:45.061,208.554,1,-3,1139,-5.45,0,0,0,0,0,0,0,0
2026-03-28 00:06:45.078,208.570,1,-3,1138,-5.45,0,0,0,0,0,0,0,0
2026-03-28 00:06:45.109,208.601,1,-2,1141,-5.45,0,0,0,0,0,0,0,0
2026-03-28 00:06:45.113,208.606,1,-2,1140,-5.45,0,0,0,0,0,0,0,0
2026-03-28 00:06:45.238,208.730,1,-2,1140,-5.45,0,0,0,0,0,0,0,0
2026-03-28 00:06:45.525,209.017,1,-2,1141,-5.45,0,0,0,0,0,0,0,0
2026-03-28 00:06:45.606,209.098,1,-2,1143,-5.45,0,0,0,0,0,0,0,0
2026-03-28 00:06:45.751,209.244,1,-2,1140,-5.45,0,0,0,0,0,0,0,0
2026-03-28 00:06:45.755,209.247,1,-3,1138,-5.45,0,0,0,0,0,0,0,0
2026-03-28 00:06:45.813,209.305,1,-2,1141,-5.45,0,0,0,0,0,0,0,0
2026-03-28 00:06:45.925,209.418,1,-2,1141,548.97,0,0,0,0,0,0,0,0
2026-03-28 00:06:46.022,209.514,2,-3,1140,-4163.58,0,0,0,0,0,0,0,0
2026-03-28 00:06:46.149,209.641,1,-3,1142,-5.45,0,0,0,0,0,0,0,0
2026-03-28 00:06:46.278,209.771,1,-3,1140,-5.45,0,0,0,0,0,0,0,0
2026-03-28 00:06:46.341,209.833,1,-3,1141,3875.48,0,0,0,0,0,0,0,0
2026-03-28 00:06:46.348,209.840,1,-3,1140,-2361.73,0,0,0,0,0,0,0,0
2026-03-28 00:06:46.457,209.949,1,-3,1140,-2361.73,0,0,0,0,0,0,0,0
2026-03-28 00:06:46.553,210.045,1,-2,1138,-3747.77,0,0,0,0,0,0,0,0
2026-03-28 00:06:46.662,210.154,1,-2,1141,-5.45,0,0,0,0,0,0,0,0
2026-03-28 00:06:46.789,210.281,2,-2,1138,-5.45,0,0,0,0,0,0,0,0
2026-03-28 00:06:46.805,210.297,1,-2,1138,-5.45,0,0,0,0,0,0,0,0
2026-03-28 00:06:46.905,210.397,1,-2,1143,-2327.07,0,0,0,0,0,0,0,0
2026-03-28 00:06:46.982,210.475,1,-2,1141,-2327.07,0,0,0,0,0,0,0,0
2026-03-28 00:06:47.077,210.569,1,-2,1143,-5.45,0,0,0,0,0,0,0,0
2026-03-28 00:06:47.239,210.731,1,-2,1138,4429.9,0,0,0,0,0,0,0,0
2026-03-28 00:06:47.285,210.778,1,-2,1138,2489.43,0,0,0,0,0,0,0,0
2026-03-28 00:06:47.413,210.906,1,-3,1141,3459.67,0,0,0,0,0,0,0,0
2026-03-28 00:06:47.509,211.001,1,-2,1143,3459.67,0,0,0,0,0,0,0,0
2026-03-28 00:06:47.605,211.097,1,-3,1138,3459.67,0,0,0,0,0,0,0,0
2026-03-28 00:06:47.702,211.194,1,-2,1140,-5.45,0,0,0,0,0,0,0,0
2026-03-28 00:06:47.845,211.337,1,-2,1141,-5.45,0,0,0,0,0,0,0,0
2026-03-28 00:06:47.848,211.340,1,-2,1141,-5.45,0,0,0,0,0,0,0,0
2026-03-28 00:06:47.941,211.433,1,-2,1138,133.16,0,0,0,0,0,0,0,0
2026-03-28 00:06:48.038,211.530,1,-3,1140,1103.39,0,0,0,0,0,0,0,0
2026-03-28 00:06:48.149,211.641,1,-2,1141,-5.45,0,0,0,0,0,0,0,0
2026-03-28 00:06:48.245,211.738,1,-2,1142,-5.45,0,0,0,0,0,0,0,0
2026-03-28 00:06:48.312,211.804,1,-2,1140,3321.06,0,0,0,0,0,0,0,0
2026-03-28 00:06:48.438,211.930,1,-2,1140,3321.06,0,0,0,0,0,0,0,0
2026-03-28 00:06:48.440,211.932,2,-2,1141,-5.45,0,0,0,0,0,0,0,0
2026-03-28 00:06:48.554,212.046,1,-2,1140,-5.45,0,0,0,0,0,0,0,0
2026-03-28 00:06:48.677,212.169,1,-2,1141,1657.81,0,0,0,0,0,0,0,0
2026-03-28 00:06:48.680,212.172,1,-3,1140,1657.81,0,0,0,0,0,0,0,0
2026-03-28 00:06:48.684,212.176,1,657.81,0,0,0,0,0,0,0,0,0,0
2026-03-28 00:06:48.790,212.282,1,-3,1142,1657.81,0,0,0,0,0,0,0,0
2026-03-28 00:06:48.935,212.428,1,-2,1142,1657.81,0,0,0,0,0,0,0,0
2026-03-28 00:06:49.045,212.537,1,-2,1141,1341.61,0,0,0,0,0,0,0,0
2026-03-28 00:06:49.110,212.602,1,-3,1142,3875.48,0,0,0,0,0,0,0,0
2026-03-28 00:06:49.174,212.666,1,-3,1138,3875.48,0,0,0,0,0,0,0,0
2026-03-28 00:06:49.189,212.681,1,-3,1138,548.97,0,0,0,0,0,0,0,0
2026-03-28 00:06:49.349,212.841,1,-2,1141,336.73,0,0,0,0,0,0,0,0
2026-03-28 00:06:49.399,212.891,1,-2,1138,-2500.33,0,0,0,0,0,0,0,0
2026-03-28 00:06:49.542,213.034,1,-3,1142,-5.45,0,0,0,0,0,0,0,0
2026-03-28 00:06:49.669,213.161,1,-2,1140,-5.45,0,0,0,0,0,0,0,0
2026-03-28 00:06:49.769,213.261,1,-2,1138,-3630.82,0,0,0,0,0,0,0,0
2026-03-28 00:06:49.925,213.417,1,-2,1137,-3340.62,0,0,0,0,0,0,0,0
2026-03-28 00:06:49.992,213.484,1,-2,1140,3875.48,0,0,0,0,0,0,0,0
2026-03-28 00:06:50.088,213.580,1,-2,1143,3875.48,0,0,0,0,0,0,0,0
2026-03-28 00:06:50.181,213.673,1,-3,1138,3875.48,0,0,0,0,0,0,0,0
2026-03-28 00:06:50.357,213.849,1,-2,1140,-2257.77,0,0,0,0,0,0,0,0
2026-03-28 00:06:50.390,213.882,1,-2,1139,-2500.33,0,0,0,0,0,0,0,0
2026-03-28 00:06:50.486,213.978,1,-2,1138,910.64,0,0,0,0,0,0,0,0
2026-03-28 00:06:50.598,214.090,1,-2,1140,3840.83,0,0,0,0,0,0,0,0
2026-03-28 00:06:50.678,214.170,1,-2,1141,3840.83,0,0,0,0,0,0,0,0
2026-03-28 00:06:50.823,214.315,1,-3,1141,3840.83,0,0,0,0,0,0,0,0
2026-03-28 00:06:50.854,214.346,1,-2,1140,3840.83,0,0,0,0,0,0,0,0
2026-03-28 00:06:50.871,214.363,2,-2,1140,3840.83,0,0,0,0,0,0,0,0
2026-03-28 00:06:51.015,214.507,1,-3,1141,3840.83,0,0,0,0,0,0,0,0
2026-03-28 00:06:51.045,214.537,1,-2,1140,-5.45,0,0,0,0,0,0,0,0
2026-03-28 00:06:51.066,214.558,1,-2,1141,-5.45,0,0,0,0,0,0,0,0
2026-03-28 00:06:51.206,214.698,1,-2,1140,-5.45,0,0,0,0,0,0,0,0
2026-03-28 00:06:51.303,214.795,1,-3,1143,-5.45,0,0,0,0,0,0,0,0
2026-03-28 00:06:51.445,214.937,1,-2,1140,-5.45,0,0,0,0,0,0,0,0
2026-03-28 00:06:51.605,215.097,1,-3,1142,-5.45,0,0,0,0,0,0,0,0
2026-03-28 00:06:51.717,215.209,1,-2,1138,-4095.91,0,0,0,0,0,0,0,0
2026-03-28 00:06:51.781,215.274,1,-2,1141,3875.48,0,0,0,0,0,0,0,0
2026-03-28 00:06:51.892,215.384,2,-2,1138,-5.45,0,0,0,0,0,0,0,0
2026-03-28 00:06:51.894,215.386,1,-2,1138,-5.45,0,0,0,0,0,0,0,0
2026-03-28 00:06:51.956,215.449,1,-3,1143,-5.45,0,0,0,0,0,0,0,0
2026-03-28 00:06:51.958,215.450,1,-3,1144,-5.45,0,0,0,0,0,0,0,0
2026-03-28 00:06:52.117,215.609,1,-3,1139,-5.45,0,0,0,0,0,0,0,0
2026-03-28 00:06:52.197,215.689,1,-2,1144,-5.45,0,0,0,0,0,0,0,0
2026-03-28 00:06:52.309,215.801,2,-2,1139,-5.45,0,0,0,0,0,0,0,0
2026-03-28 00:06:52.310,215.802,1,-3,1138,-5.45,0,0,0,0,0,0,0,0
2026-03-28 00:06:52.325,215.817,1,-2,1138,-5.45,0,0,0,0,0,0,0,0
2026-03-28 00:06:52.421,215.913,1,-2,1137,2727.66,0,0,0,0,0,0,0,0
2026-03-28 00:06:52.517,216.009,1,-2,1141,2727.66,0,0,0,0,0,0,0,0
2026-03-28 00:06:52.613,216.105,1,-2,1143,2727.66,0,0,0,0,0,0,0,0
2026-03-28 00:06:52.693,216.185,1,-3,1139,2727.66,0,0,0,0,0,0,0,0
2026-03-28 00:06:52.949,216.441,1,-2,1138,-1991.39,0,0,0,0,0,0,0,0
2026-03-28 00:06:52.953,216.445,1,-3,1138,131.26,0,0,0,0,0,0,0,0
2026-03-28 00:06:53.109,216.601,1,-2,1139,131.26,0,0,0,0,0,0,0,0
2026-03-28 00:06:53.190,216.682,1,-2,1141,-2223.12,0,0,0,0,0,0,0,0
2026-03-28 00:06:53.268,216.760,1,-2,1142,-2223.12,0,0,0,0,0,0,0,0
2026-03-28 00:06:53.397,216.889,1,-2,1139,-2223.12,0,0,0,0,0,0,0,0
2026-03-28 00:06:53.413,216.905,1,-2,1143,-2223.12,0,0,0,0,0,0,0,0
2026-03-28 00:06:53.574,217.066,1,-2,1141,-2223.12,0,0,0,0,0,0,0,0
2026-03-28 00:06:53.605,217.097,1,-2,1141,2419.59,0,0,0,0,0,0,0,0
2026-03-28 00:06:53.733,217.225,1,-3,1140,-5.45,0,0,0,0,0,0,0,0
2026-03-28 00:06:53.734,217.227,1,-3,1139,-5.45,0,0,0,0,0,0,0,0
2026-03-28 00:06:53.845,217.337,1,-2,1141,-5.45,0,0,0,0,0,0,0,0
2026-03-28 00:06:53.988,217.480,1,-3,1141,-5.45,0,0,0,0,0,0,0,0
2026-03-28 00:06:54.101,217.593,1,-2,1140,-5.45,0,0,0,0,0,0,0,0
2026-03-28 00:06:54.196,217.689,1,-3,1141,-5.45,0,0,0,0,0,0,0,0
2026-03-28 00:06:54.199,217.691,2,-2,1138,-5.45,0,0,0,0,0,0,0,0
2026-03-28 00:06:54.309,217.801,1,-2,1138,-5.45,0,0,0,0,0,0,0,0
2026-03-28 00:06:54.469,217.961,1,-2,1141,-767.77,0,0,0,0,0,0,0,0
2026-03-28 00:06:54.484,217.976,1,-2,1138,-2155.71,0,0,0,0,0,0,0,0
2026-03-28 00:06:54.517,218.009,2,-2,1138,-2155.71,0,0,0,0,0,0,0,0
2026-03-28 00:06:54.660,218.152,1,-3,1142,1727.11,0,0,0,0,0,0,0,0
2026-03-28 00:06:54.662,218.154,1,-3,1142,1727.11,0,0,0,0,0,0,0,0
2026-03-28 00:06:54.709,218.201,1,-3,1139,1727.11,0,0,0,0,0,0,0,0
2026-03-28 00:06:54.837,218.329,1,-3,1143,1727.11,0,0,0,0,0,0,0,0
2026-03-28 00:06:54.949,218.441,1,-2,1138,1380.6,0,0,0,0,0,0,0,0
2026-03-28 00:06:55.061,218.553,1,-2,1138,-837.08,0,0,0,0,0,0,0,0
2026-03-28 00:06:55.141,218.633,1,-3,1140,1094.72,0,0,0,0,0,0,0,0
2026-03-28 00:06:55.236,218.728,1,-2,1142,1094.72,0,0,0,0,0,0,0,0
2026-03-28 00:06:55.238,218.730,1,-3,1143,1094.72,0,0,0,0,0,0,0,0
2026-03-28 00:06:55.301,218.793,1,-3,1137,-3886.38,0,0,0,0,0,0,0,0
2026-03-28 00:06:55.429,218.921,1,-2,1140,4343.27,0,0,0,0,0,0,0,0
2026-03-28 00:06:55.527,219.019,1,-2,1139,4343.27,0,0,0,0,0,0,0,0
2026-03-28 00:06:55.637,219.129,1,-2,1138,-3331.96,0,0,0,0,0,0,0,0
2026-03-28 00:06:55.733,219.225,1,-2,1140,133.16,0,0,0,0,0,0,0,0
2026-03-28 00:06:55.845,219.337,1,-2,1141,-632.42,0,0,0,0,0,0,0,0
2026-03-28 00:06:55.847,219.339,1,-3,1142,-632.42,0,0,0,0,0,0,0,0
2026-03-28 00:06:55.957,219.449,1,-2,1142,-632.42,0,0,0,0,0,0,0,0
2026-03-28 00:06:55.974,219.466,1,-2,1140,-632.42,0,0,0,0,0,0,0,0
2026-03-28 00:06:56.053,219.545,1,-2,1139,-632.42,0,0,0,0,0,0,0,0
2026-03-28 00:06:56.181,219.673,1,-3,1140,-632.42,0,0,0,0,0,0,0,0
2026-03-28 00:06:56.277,219.769,1,-2,1141,-5.45,0,0,0,0,0,0,0,0
2026-03-28 00:06:56.357,219.849,1,-2,1140,3299.4,0,0,0,0,0,0,0,0
2026-03-28 00:06:56.533,220.025,1,-2,1141,-5.45,0,0,0,0,0,0,0,0
2026-03-28 00:06:56.630,220.122,1,-3,1142,-5.45,0,0,0,0,0,0,0,0
2026-03-28 00:06:56.633,220.126,1,-3,1141,3321.06,0,0,0,0,0,0,0,0
2026-03-28 00:06:56.741,220.233,1,-3,1140,3321.06,0,0,0,0,0,0,0,0
2026-03-28 00:06:56.744,220.236,1,-3,1141,3321.06,0,0,0,0,0,0,0,0
2026-03-28 00:06:56.853,220.345,1,-3,1143,3321.06,0,0,0,0,0,0,0,0
2026-03-28 00:06:56.854,220.346,1,-3,1141,2056.29,0,0,0,0,0,0,0,0
2026-03-28 00:06:56.932,220.425,1,-2,1138,2056.29,0,0,0,0,0,0,0,0
2026-03-28 00:06:56.935,220.427,1,-3,1138,2056.29,0,0,0,0,0,0,0,0
2026-03-28 00:06:57.044,220.537,1,-2,1142,-1668.7,0,0,0,0,0,0,0,0
2026-03-28 00:06:57.156,220.648,1,-2,1138,-5.45,0,0,0,0,0,0,0,0
2026-03-28 00:06:57.159,220.651,1,-3,1143,-5.45,0,0,0,0,0,0,0,0
2026-03-28 00:06:57.204,220.696,1,-2,1143,-5.45,0,0,0,0,0,0,0,0
2026-03-28 00:06:57.207,220.699,1,-2,1139,-5.45,0,0,0,0,0,0,0,0
2026-03-28 00:06:57.301,220.793,1,-2,1141,-5.45,0,0,0,0,0,0,0,0
2026-03-28 00:06:57.429,220.921,1,-2,1143,-5.45,0,0,0,0,0,0,0,0
2026-03-28 00:06:57.589,221.081,1,-3,1138,-655.83,0,0,0,0,0,0,0,0
2026-03-28 00:06:57.669,221.161,1,-2,1138,-1950.24,0,0,0,0,0,0,0,0
2026-03-28 00:06:57.670,221.162,1,-3,1137,-5.45,0,0,0,0,0,0,0,0
2026-03-28 00:06:57.844,221.336,1,-2,1140,-5.45,0,0,0,0,0,0,0,0
2026-03-28 00:06:57.892,221.384,1,-2,1143,-5.45,0,0,0,0,0,0,0,0
2026-03-28 00:06:57.957,221.449,1,-2,1138,-5.45,0,0,0,0,0,0,0,0
2026-03-28 00:06:58.149,221.641,1,-2,1140,-5.45,0,0,0,0,0,0,0,0
2026-03-28 00:06:58.180,221.672,1,-2,1139,-5.45,0,0,0,0,0,0,0,0
2026-03-28 00:06:58.197,221.689,1,-2,1140,-5.45,0,0,0,0,0,0,0,0
2026-03-28 00:06:58.357,221.849,1,-2,1138,-1183.59,0,0,0,0,0,0,0,0
2026-03-28 00:06:58.436,221.928,1,-2,1139,-5.45,0,0,0,0,0,0,0,0
2026-03-28 00:06:58.453,221.945,1,-2,1141,-5.45,0,0,0,0,0,0,0,0
2026-03-28 00:06:58.581,222.073,1,-2,1141,-5.45,0,0,0,0,0,0,0,0
2026-03-28 00:06:58.693,222.185,1,-2,1142,-5.45,0,0,0,0,0,0,0,0
2026-03-28 00:06:58.773,222.265,1,-2,1140,-5.45,0,0,0,0,0,0,0,0
2026-03-28 00:06:58.884,222.376,1,-2,1140,-5.45,0,0,0,0,0,0,0,0
2026-03-28 00:06:58.886,222.378,1,-3,1139,-5.45,0,0,0,0,0,0,0,0
2026-03-28 00:06:58.996,222.489,1,-3,1140,-5.45,0,0,0,0,0,0,0,0
2026-03-28 00:06:59.013,222.505,1,-2,1139,-5.45,0,0,0,0,0,0,0,0
2026-03-28 00:06:59.173,222.665,1,-2,1140,-5.45,0,0,0,0,0,0,0,0
2026-03-28 00:06:59.205,222.697,1,-3,1143,-5.45,0,0,0,0,0,0,0,0
2026-03-28 00:06:59.333,222.825,1,-3,1140,-5.45,0,0,0,0,0,0,0,0
2026-03-28 00:06:59.350,222.842,1,-3,1141,2212.22,0,0,0,0,0,0,0,0
2026-03-28 00:06:59.461,222.953,1,-3,1140,2212.22,0,0,0,0,0,0,0,0
2026-03-28 00:06:59.604,223.096,1,-3,1139,133.16,0,0,0,0,0,0,0,0
2026-03-28 00:06:59.606,223.098,1,-3,1142,133.16,0,0,0,0,0,0,0,0
2026-03-28 00:06:59.637,223.129,1,-3,1138,133.16,0,0,0,0,0,0,0,0
2026-03-28 00:06:59.780,223.272,1,-2,1141,363.26,0,0,0,0,0,0,0,0
2026-03-28 00:06:59.782,223.274,1,-2,1141,363.26,0,0,0,0,0,0,0,0
2026-03-28 00:06:59.829,223.321,1,-2,1138,1779.08,0,0,0,0,0,0,0,0
2026-03-28 00:06:59.940,223.433,1,-2,1142,-5.45,0,0,0,0,0,0,0,0
2026-03-28 00:07:00.021,223.513,1,-2,1142,-5.45,0,0,0,0,0,0,0,0
2026-03-28 00:07:00.022,223.514,1,-2,1140,-5.45,0,0,0,0,0,0,0,0
2026-03-28 00:07:00.132,223.624,1,-2,1143,-5.45,0,0,0,0,0,0,0,0
2026-03-28 00:07:00.134,223.626,1,-2,1143,-5.45,0,0,0,0,0,0,0,0
2026-03-28 00:07:00.260,223.752,2,-2,1138,1380.6,0,0,0,0,0,0,0,0
2026-03-28 00:07:00.276,223.768,1,-2,1138,3321.06,0,0,0,0,0,0,0,0
2026-03-28 00:07:00.356,223.849,1,-2,1138,3338.18,0,0,0,0,0,0,0,0
2026-03-28 00:07:00.484,223.977,1,-2,1141,3043.85,0,0,0,0,0,0,0,0
2026-03-28 00:07:00.645,224.137,1,-3,1142,3043.85,0,0,0,0,0,0,0,0
2026-03-28 00:07:00.646,224.138,1,-2,1143,3043.85,0,0,0,0,0,0,0,0
2026-03-28 00:07:00.917,224.409,1,-2,1139,-5.45,0,0,0,0,0,0,0,0
2026-03-28 00:07:00.933,224.425,1,-2,1139,-5.45,0,0,0,0,0,0,0,0
2026-03-28 00:07:01.028,224.521,1,-2,1138,2342.17,0,0,0,0,0,0,0,0
2026-03-28 00:07:01.173,224.665,1,-2,1139,-5.45,0,0,0,0,0,0,0,0
2026-03-28 00:07:01.253,224.745,1,-2,1141,-5.45,0,0,0,0,0,0,0,0
2026-03-28 00:07:01.317,224.809,1,-2,1142,-5.45,0,0,0,0,0,0,0,0
2026-03-28 00:07:01.413,224.905,1,-2,1140,-5.45,0,0,0,0,0,0,0,0
2026-03-28 00:07:01.525,225.017,2,-2,1141,-5.45,0,0,0,0,0,0,0,0
2026-03-28 00:07:01.620,225.112,2,-2,1140,-5.45,0,0,0,0,0,0,0,0
2026-03-28 00:07:01.621,225.113,1,-2,1140,-5.45,0,0,0,0,0,0,0,0
2026-03-28 00:07:01.716,225.208,2,-2,1141,-5.45,0,0,0,0,0,0,0,0
2026-03-28 00:07:01.718,225.210,1,-2,1140,-5.45,0,0,0,0,0,0,0,0
2026-03-28 00:07:01.812,225.305,1,-2,1143,-5.45,0,0,0,0,0,0,0,0
2026-03-28 00:07:01.910,225.402,1,-3,1142,-5.45,0,0,0,0,0,0,0,0
2026-03-28 00:07:02.181,225.673,2,-2,1139,-5.45,0,0,0,0,0,0,0,0
2026-03-28 00:07:02.260,225.753,1,-2,1141,-5.45,0,0,0,0,0,0,0,0
2026-03-28 00:07:02.357,225.849,1,-2,1139,-2223.12,0,0,0,0,0,0,0,0
2026-03-28 00:07:02.437,225.929,1,-3,1143,-2223.12,0,0,0,0,0,0,0,0
2026-03-28 00:07:02.438,225.930,1,-2,1144,-2223.12,0,0,0,0,0,0,0,0
2026-03-28 00:07:02.452,225.944,1,-2,1141,-2223.12,0,0,0,0,0,0,0,0
2026-03-28 00:07:02.565,226.057,1,-2,1142,-2223.12,0,0,0,0,0,0,0,0
2026-03-28 00:07:02.677,226.169,1,-2,1143,-2223.12,0,0,0,0,0,0,0,0
2026-03-28 00:07:02.853,226.345,1,-2,11380,0,0,0,0,0,0,0,0,0
2026-03-28 00:07:02.855,226.347,1,-2,1140,-4339.11,0,0,0,0,0,0,0,0
2026-03-28 00:07:02.996,226.488,1,-2,1141,-4339.11,0,0,0,0,0,0,0,0
2026-03-28 00:07:03.061,226.553,1,-3,1145,-4339.11,0,0,0,0,0,0,0,0
2026-03-28 00:07:03.172,226.664,1,-2,1139,-4339.11,0,0,0,0,0,0,0,0
2026-03-28 00:07:03.188,226.680,1,-3,1138,-4339.11,0,0,0,0,0,0,0,0
2026-03-28 00:07:03.268,226.760,1,-2,1141,-5.45,0,0,0,0,0,0,0,0
2026-03-28 00:07:03.273,226.765,1,-2,1140,-5.45,0,0,0,0,0,0,0,0
2026-03-28 00:07:03.349,226.841,1,-2,1140,-5.45,0,0,0,0,0,0,0,0
2026-03-28 00:07:03.509,227.001,1,-2,1139,-2846.84,0,0,0,0,0,0,0,0
2026-03-28 00:07:03.637,227.129,1,-2,1139,1276.64,0,0,0,0,0,0,0,0
2026-03-28 00:07:03.684,227.176,1,-2,1142,1276.64,0,0,0,0,0,0,0,0
2026-03-28 00:07:03.845,227.337,1,-2,1143,1276.64,0,0,0,0,0,0,0,0
2026-03-28 00:07:03.908,227.400,1,-2,1140,1276.64,0,0,0,0,0,0,0,0
2026-03-28 00:07:04.068,227.560,1,-3,1141,1276.64,0,0,0,0,0,0,0,0
2026-03-28 00:07:04.181,227.673,1,-2,1141,-5.45,0,0,0,0,0,0,0,0
2026-03-28 00:07:04.245,227.737,2,-2,1140,-5.45,0,0,0,0,0,0,0,0
2026-03-28 00:07:04.341,227.833,1,-2,1143,-5.45,0,0,0,0,0,0,0,0
2026-03-28 00:07:04.342,227.834,1,-3,1143,-5.45,0,0,0,0,0,0,0,0
2026-03-28 00:07:04.356,227.848,1,-2,1139,-5.45,0,0,0,0,0,0,0,0
2026-03-28 00:07:04.420,227.912,1,-2,1142,-5.45,0,0,0,0,0,0,0,0
2026-03-28 00:07:04.564,228.057,1,-2,1140,1653.47,0,0,0,0,0,0,0,0
2026-03-28 00:07:04.708,228.201,1,-3,1142,1653.47,0,0,0,0,0,0,0,0
2026-03-28 00:07:04.804,228.296,1,-2,1138,-3331.96,0,0,0,0,0,0,0,0
2026-03-28 00:07:04.852,228.344,1,-2,1141,-5.45,0,0,0,0,0,0,0,0
2026-03-28 00:07:04.949,228.441,1,-2,1138,3147.8,0,0,0,0,0,0,0,0
2026-03-28 00:07:04.964,228.456,1,-3,1142,-5.45,0,0,0,0,0,0,0,0
2026-03-28 00:07:05.077,228.569,1,-3,1143,-5.45,0,0,0,0,0,0,0,0
2026-03-28 00:07:05.093,228.585,1,-2,1139,-5.45,0,0,0,0,0,0,0,0
2026-03-28 00:07:05.125,228.617,1,-3,1141,-5.45,0,0,0,0,0,0,0,0
2026-03-28 00:07:05.204,228.696,1,-3,1143,4083.39,0,0,0,0,0,0,0,0
2026-03-28 00:07:05.206,228.698,1,-2,1137,1207.14,0,0,0,0,0,0,0,0
2026-03-28 00:07:05.300,228.792,1,-2,1138,2757.98,0,0,0,0,0,0,0,0
2026-03-28 00:07:05.445,228.937,1,-3,1138,-1945.91,0,0,0,0,0,0,0,0
2026-03-28 00:07:05.446,228.938,1,-3,1137,-5.45,0,0,0,0,0,0,0,0
2026-03-28 00:07:05.540,229.032,1,-3,1139,-5.45,0,0,0,0,0,0,0,0
2026-03-28 00:07:05.556,229.049,1,-3,1141,-5.45,0,0,0,0,0,0,0,0
2026-03-28 00:07:05.558,229.050,1,-3,1141,-5.45,0,0,0,0,0,0,0,0
2026-03-28 00:07:05.636,229.128,1,-3,1142,-5.45,0,0,0,0,0,0,0,0
2026-03-28 00:07:05.748,229.241,1,-3,1139,-5.45,0,0,0,0,0,0,0,0
2026-03-28 00:07:05.813,229.305,1,-3,1140,-5.45,0,0,0,0,0,0,0,0
2026-03-28 00:07:05.876,229.368,1,-2,1141,-5.45,0,0,0,0,0,0,0,0
2026-03-28 00:07:05.879,229.371,1,-2,1138,-2223.12,0,0,0,0,0,0,0,0
2026-03-28 00:07:06.068,229.560,1,-2,1139,548.97,0,0,0,0,0,0,0,0
2026-03-28 00:07:06.069,229.561,1,-3,1138,54,0,0,0,0,0,0,0,0
2026-03-28 00:07:06.070,229.563,1,-2,1138,-5.45,0,0,0,0,0,0,0,0
2026-03-28 00:07:06.117,229.609,1,-2,1139,-5.45,0,0,0,0,0,0,0,0
2026-03-28 00:07:06.260,229.752,1,-2,1141,4429.9,0,0,0,0,0,0,0,0
2026-03-28 00:07:06.340,229.832,1,-2,1143,4429.9,0,0,0,0,0,0,0,0
2026-03-28 00:07:06.468,229.960,1,-2,1141,4429.9,0,0,0,0,0,0,0,0
2026-03-28 00:07:06.469,229.961,1,-2,1140,4429.9,0,0,0,0,0,0,0,0
2026-03-28 00:07:06.484,229.976,1,-3,1142,4429.9,0,0,0,0,0,0,0,0
2026-03-28 00:07:06.676,230.168,1,-2,1140,193.12,0,0,0,0,0,0,0,0
2026-03-28 00:07:06.740,230.232,1,-2,1140,-5.45,0,0,0,0,0,0,0,0
2026-03-28 00:07:06.820,230.312,1,-3,1143,-5.45,0,0,0,0,0,0,0,0
2026-03-28 00:07:07.013,230.505,1,-2,1141,-5.45,0,0,0,0,0,0,0,0
2026-03-28 00:07:07.061,230.553,1,-3,1140,-5.45,0,0,0,0,0,0,0,0
2026-03-28 00:07:07.124,230.616,1,-3,1141,-5.45,0,0,0,0,0,0,0,0
2026-03-28 00:07:07.252,230.744,1,-2,1138,-5.45,0,0,0,0,0,0,0,0
2026-03-28 00:07:07.332,230.824,1,-2,1142,-2088.85,0,0,0,0,0,0,0,0
2026-03-28 00:07:07.333,230.825,1,-2,1141,-2088.85,0,0,0,0,0,0,0,0
2026-03-28 00:07:07.428,230.920,1,-2,1138,-5.45,0,0,0,0,0,0,0,0
2026-03-28 00:07:07.572,231.064,1,-3,1142,-5.45,0,0,0,0,0,0,0,0
2026-03-28 00:07:07.589,231.081,1,-3,1141,-5.45,0,0,0,0,0,0,0,0
2026-03-28 00:07:07.748,231.241,1,-2,1142,-5.45,0,0,0,0,0,0,0,0
2026-03-28 00:07:07.763,231.256,1,-2,1142,-5.45,0,0,0,0,0,0,0,0
2026-03-28 00:07:07.780,231.272,1,-2,1143,-5.45,0,0,0,0,0,0,0,0
2026-03-28 00:07:07.908,231.400,1,-3,1139,-5.45,0,0,0,0,0,0,0,0
2026-03-28 00:07:08.004,231.496,1,-3,1137,-3331.96,0,0,0,0,0,0,0,0
2026-03-28 00:07:08.005,231.497,1,-2,1137,-2777.54,0,0,0,0,0,0,0,0
2026-03-28 00:07:08.007,231.499,1,-3,1140,-5.45,0,0,0,0,0,0,0,0
2026-03-28 00:07:08.084,231.576,1,-3,1142,-5.45,0,0,0,0,0,0,0,0
2026-03-28 00:07:08.104,231.596,1,-3,1142,-5.45,0,0,0,0,0,0,0,0
2026-03-28 00:07:08.165,231.657,1,-3,1143,-5.45,0,0,0,0,0,0,0,0
2026-03-28 00:07:08.275,231.767,1,-3,1138,-5.45,0,0,0,0,0,0,0,0
2026-03-28 00:07:08.277,231.769,1,-3,1138,-5.45,0,0,0,0,0,0,0,0
2026-03-28 00:07:08.404,231.896,1,-3,1140,4429.9,0,0,0,0,0,0,0,0
2026-03-28 00:07:08.469,231.961,1,-2,1141,4429.9,0,0,0,0,0,0,0,0
2026-03-28 00:07:08.597,232.089,1,-2,1138,-2500.33,0,0,0,0,0,0,0,0
2026-03-28 00:07:08.660,232.152,1,-2,1140,3.21,0,0,0,0,0,0,0,0
2026-03-28 00:07:08.803,232.296,1,-2,1141,-5.45,0,0,0,0,0,0,0,0
2026-03-28 00:07:08.805,232.297,1,-2,1141,-5.45,0,0,0,0,0,0,0,0
2026-03-28 00:07:08.900,232.392,1,-2,1142,-5.45,0,0,0,0,0,0,0,0
2026-03-28 00:07:08.979,232.471,2,-2,1140,-5.45,0,0,0,0,0,0,0,0
2026-03-28 00:07:08.981,232.473,1,-2,1139,-5.45,0,0,0,0,0,0,0,0
2026-03-28 00:07:09.076,232.569,1,-2,1140,-5.45,0,0,0,0,0,0,0,0
2026-03-28 00:07:09.171,232.664,1,-2,1141,-5.45,0,0,0,0,0,0,0,0
2026-03-28 00:07:09.188,232.680,1,-3,1140,-5.45,0,0,0,0,0,0,0,0
2026-03-28 00:07:09.316,232.808,1,-2,1140,-74.75,0,0,0,0,0,0,0,0
2026-03-28 00:07:09.396,232.889,1,-2,1143,-74.75,0,0,0,0,0,0,0,0
2026-03-28 00:07:09.460,232.952,1,-2,1141,-74.75,0,0,0,0,0,0,0,0
2026-03-28 00:07:09.462,232.954,1,-3,1141,-74.75,0,0,0,0,0,0,0,0
2026-03-28 00:07:09.556,233.048,1,-2,1141,304.25,0,0,0,0,0,0,0,0
2026-03-28 00:07:09.572,233.064,1,-3,1140,210.85,0,0,0,0,0,0,0,0
2026-03-28 00:07:09.716,233.208,1,-3,1140,-5.44,0,0,0,0,0,0,0,0
2026-03-28 00:07:09.718,233.210,1,-3,1143,-5.44,0,0,0,0,0,0,0,0
2026-03-28 00:07:09.860,233.352,1,-2,1139,-5.44,0,0,0,0,0,0,0,0
2026-03-28 00:07:09.877,233.369,1,-2,1142,341.06,0,0,0,0,0,0,0,0
2026-03-28 00:07:09.878,233.370,1,-2,1141,341.06,0,0,0,0,0,0,0,0
2026-03-28 00:07:09.988,233.480,1,-2,1138,341.06,0,0,0,0,0,0,0,0
2026-03-28 00:07:10.132,233.624,1,-3,1143,4429.9,0,0,0,0,0,0,0,0
2026-03-28 00:07:10.133,233.625,1,-2,1143,4429.9,0,0,0,0,0,0,0,0
2026-03-28 00:07:10.148,233.640,1,-3,1139,4429.9,0,0,0,0,0,0,0,0
2026-03-28 00:07:10.292,233.784,1,-2,1141,4429.9,0,0,0,0,0,0,0,0
2026-03-28 00:07:10.324,233.816,1,-2,1142,4429.9,0,0,0,0,0,0,0,0
2026-03-28 00:07:10.420,233.912,1,-3,1138,-3366.61,0,0,0,0,0,0,0,0
2026-03-28 00:07:10.421,233.914,1,-3,1137,-543.76,0,0,0,0,0,0,0,0
2026-03-28 00:07:10.499,233.991,1,-2,1138,-2638.93,0,0,0,0,0,0,0,0
2026-03-28 00:07:10.516,234.008,1,-3,1138,826.18,0,0,0,0,0,0,0,0
2026-03-28 00:07:10.518,234.010,1,-2,1138,-5.45,0,0,0,0,0,0,0,0
2026-03-28 00:07:10.612,234.104,1,-3,1140,-5.45,0,0,0,0,0,0,0,0
2026-03-28 00:07:10.614,234.106,1,-3,1141,-5.45,0,0,0,0,0,0,0,0
2026-03-28 00:07:10.771,234.264,1,-2,1142,-5.45,0,0,0,0,0,0,0,0
2026-03-28 00:07:10.868,234.360,1,-3,1139,-5.45,0,0,0,0,0,0,0,0
2026-03-28 00:07:10.916,234.408,1,-2,1140,-5.45,0,0,0,0,0,0,0,0
2026-03-28 00:07:11.044,234.537,1,-2,1139,-5.45,0,0,0,0,0,0,0,0
2026-03-28 00:07:11.046,234.538,1,-3,1139,-5.45,0,0,0,0,0,0,0,0
2026-03-28 00:07:11.155,234.648,1,-2,1138,1103.39,0,0,0,0,0,0,0,0
2026-03-28 00:07:11.300,234.792,1,-2,1140,-4024.98,0,0,0,0,0,0,0,0
2026-03-28 00:07:11.380,234.872,1,-2,1141,4429.9,0,0,0,0,0,0,0,0
2026-03-28 00:07:11.382,234.874,1,-2,1141,4429.9,0,0,0,0,0,0,0,0
2026-03-28 00:07:11.540,235.032,1,-3,1143,4429.9,0,0,0,0,0,0,0,0
2026-03-28 00:07:11.572,235.064,1,-2,1140,4429.9,0,0,0,0,0,0,0,0
2026-03-28 00:07:11.716,235.208,1,-2,1143,4429.9,0,0,0,0,0,0,0,0
2026-03-28 00:07:11.732,235.224,1,-3,1141,4429.9,0,0,0,0,0,0,0,0
2026-03-28 00:07:11.796,235.288,1,-2,1141,-3817.07,0,0,0,0,0,0,0,0
2026-03-28 00:07:11.908,235.400,1,-3,1140,3043.85,0,0,0,0,0,0,0,0
2026-03-28 00:07:11.972,235.464,1,-3,1142,3043.85,0,0,0,0,0,0,0,0
2026-03-28 00:07:12.132,235.624,1,-3,1141,3043.85,0,0,0,0,0,0,0,0
2026-03-28 00:07:12.228,235.720,1,-3,1140,-5.38,0,0,0,0,0,0,0,0
2026-03-28 00:07:12.340,235.832,1,-3,1142,-5.38,0,0,0,0,0,0,0,0
2026-03-28 00:07:12.452,235.944,1,-2,1138,-2777.54,0,0,0,0,0,0,0,0
2026-03-28 00:07:12.548,236.040,1,-2,1141,-5.45,0,0,0,0,0,0,0,0
2026-03-28 00:07:12.563,236.055,1,-3,1140,-5.45,0,0,0,0,0,0,0,0
2026-03-28 00:07:12.612,236.104,1,-2,1138,-5.45,0,0,0,0,0,0,0,0
2026-03-28 00:07:12.772,236.264,1,-3,1143,-5.45,0,0,0,0,0,0,0,0
2026-03-28 00:07:12.820,236.312,1,-3,1141,-5.45,0,0,0,0,0,0,0,0
2026-03-28 00:07:12.980,236.472,1,-2,1143,-5.45,0,0,0,0,0,0,0,0
2026-03-28 00:07:12.982,236.474,1,-3,1142,-5.45,0,0,0,0,0,0,0,0
2026-03-28 00:07:13.076,236.568,1,-2,1138,-2054.74,0,0,0,0,0,0,0,0
2026-03-28 00:07:13.172,236.664,1,-2,1138,-2500.33,0,0,0,0,0,0,0,0
2026-03-28 00:07:13.316,236.809,1,-3,1140,-2570.72,0,0,0,0,0,0,0,0
2026-03-28 00:07:13.364,236.856,1,-2,1143,-2570.72,0,0,0,0,0,0,0,0
2026-03-28 00:07:13.492,236.984,1,-3,1137,-1686.03,0,0,0,0,0,0,0,0
2026-03-28 00:07:13.652,237.144,1,-3,1140,-5.45,0,0,0,0,0,0,0,0
2026-03-28 00:07:13.700,237.192,1,-2,1139,-5.45,0,0,0,0,0,0,0,0
2026-03-28 00:07:13.732,237.224,1,-2,1139,-3955.68,0,0,0,0,0,0,0,0
2026-03-28 00:07:13.860,237.352,1,-3,1139,-282.66,0,0,0,0,0,0,0,0
2026-03-28 00:07:13.971,237.464,1,-2,1141,4083.39,0,0,0,0,0,0,0,0
2026-03-28 00:07:13.990,237.482,1,-2,1141,4083.39,0,0,0,0,0,0,0,0
2026-03-28 00:07:14.068,237.560,1,-3,1143,4083.39,0,0,0,0,0,0,0,0
2026-03-28 00:07:14.070,237.562,1,-3,1142,4083.39,0,0,0,0,0,0,0,0
2026-03-28 00:07:14.163,237.656,1,-2,1139,4083.39,0,0,0,0,0,0,0,0
2026-03-28 00:07:14.259,237.751,1,-3,1140,4083.39,0,0,0,0,0,0,0,0
2026-03-28 00:07:14.372,237.864,1,-3,1141,-5.45,0,0,0,0,0,0,0,0
2026-03-28 00:07:14.436,237.928,1,-3,1140,-5.45,0,0,0,0,0,0,0,0
2026-03-28 00:07:14.612,238.104,1,-3,1143,-5.45,0,0,0,0,0,0,0,0
2026-03-28 00:07:14.660,238.152,1,-3,1141,-5.45,0,0,0,0,0,0,0,0
2026-03-28 00:07:14.787,238.279,1,-3,1141,1657.81,0,0,0,0,0,0,0,0
2026-03-28 00:07:14.790,238.282,1,-3,1139,-5.45,0,0,0,0,0,0,0,0
2026-03-28 00:07:14.915,238.407,1,-3,1141,-5.45,0,0,0,0,0,0,0,0
2026-03-28 00:07:14.920,238.413,1,-3,1138,271.76,0,0,0,0,0,0,0,0
2026-03-28 00:07:14.980,238.472,2,-2,1138,1258.78,0,0,0,0,0,0,0,0
2026-03-28 00:07:15.123,238.615,1,-2,1141,-5.45,0,0,0,0,0,0,0,0
2026-03-28 00:07:15.140,238.632,1,-2,1141,-5.45,0,0,0,0,0,0,0,0
2026-03-28 00:07:15.256,238.748,1,-2,1139,-5.45,0,0,0,0,0,0,0,0
2026-03-28 00:07:15.300,238.792,1,-3,1142,-5.45,0,0,0,0,0,0,0,0
2026-03-28 00:07:15.427,238.919,1,-3,1141,-5.45,0,0,0,0,0,0,0,0
2026-03-28 00:07:15.523,239.015,1,-2,1143,-5.45,0,0,0,0,0,0,0,0
2026-03-28 00:07:15.525,239.017,1,-3,1144,-5.45,0,0,0,0,0,0,0,0
2026-03-28 00:07:15.603,239.095,1,-2,1138,-2223.12,0,0,0,0,0,0,0,0
2026-03-28 00:07:15.619,239.112,1,-2,1138,3390.09,0,0,0,0,0,0,0,0
2026-03-28 00:07:15.764,239.256,1,-3,1138,1935.02,0,0,0,0,0,0,0,0
2026-03-28 00:07:15.892,239.384,1,-3,1141,-5.45,0,0,0,0,0,0,0,0
2026-03-28 00:07:15.923,239.415,1,-3,1142,-5.45,0,0,0,0,0,0,0,0
2026-03-28 00:07:15.940,239.432,1,-3,1143,-5.45,0,0,0,0,0,0,0,0
2026-03-28 00:07:15.942,239.434,1,-2,1138,-5.45,0,0,0,0,0,0,0,0
2026-03-28 00:07:16.020,239.512,1,-3,1138,-5.45,0,0,0,0,0,0,0,0
2026-03-28 00:07:16.148,239.640,1,-3,1140,929.05,0,0,0,0,0,0,0,0
2026-03-28 00:07:16.151,239.643,1,-2,1140,929.05,0,0,0,0,0,0,0,0
2026-03-28 00:07:16.324,239.816,1,-3,1140,929.05,0,0,0,0,0,0,0,0
2026-03-28 00:07:16.356,239.848,1,-2,1138,128.82,0,0,0,0,0,0,0,0
2026-03-28 00:07:16.468,239.960,1,-2,1139,128.82,0,0,0,0,0,0,0,0
2026-03-28 00:07:16.548,240.040,1,-3,1141,-5.45,0,0,0,0,0,0,0,0
2026-03-28 00:07:16.550,240.042,1,-2,1141,-5.45,0,0,0,0,0,0,0,0
2026-03-28 00:07:16.612,240.104,1,-3,1141,-5.45,0,0,0,0,0,0,0,0
2026-03-28 00:07:16.788,240.280,1,-2,1140,-5.45,0,0,0,0,0,0,0,0
2026-03-28 00:07:16.856,240.348,1,-2,1141,-5.45,0,0,0,0,0,0,0,0
2026-03-28 00:07:16.859,240.351,1,-2,1140,-5.45,0,0,0,0,0,0,0,0
2026-03-28 00:07:17.011,240.503,1,-2,1141,2194.9,0,0,0,0,0,0,0,0
2026-03-28 00:07:17.092,240.584,1,-3,1139,-5.45,0,0,0,0,0,0,0,0
2026-03-28 00:07:17.236,240.728,1,-2,1142,-5.45,0,0,0,0,0,0,0,0
2026-03-28 00:07:17.238,240.730,1,-3,1142,-5.45,0,0,0,0,0,0,0,0
2026-03-28 00:07:17.268,240.760,1,-3,1141,-5.45,0,0,0,0,0,0,0,0
2026-03-28 00:07:17.475,240.968,1,-3,1140,-559.87,0,0,0,0,0,0,0,0
2026-03-28 00:07:17.524,241.016,1,-3,1140,-5.45,0,0,0,0,0,0,0,0
2026-03-28 00:07:17.526,241.018,1,-3,1142,-1408.82,0,0,0,0,0,0,0,0
2026-03-28 00:07:17.700,241.192,1,-2,1139,-1408.82,0,0,0,0,0,0,0,0
2026-03-28 00:07:17.779,241.271,1,-2,1141,-5.45,0,0,0,0,0,0,0,0
2026-03-28 00:07:17.781,241.273,1,-2,1140,-5.45,0,0,0,0,0,0,0,0
2026-03-28 00:07:17.795,241.287,0,0,0,0,0,0,0,0,0,0,0,0
2026-03-28 00:07:17.859,241.351,2,-2,1138,-74.75,0,0,0,0,0,0,0,0
2026-03-28 00:07:17.875,241.367,1,-2,1138,-74.75,0,0,0,0,0,0,0,0
2026-03-28 00:07:17.971,241.463,1,-3,1143,-5.45,0,0,0,0,0,0,0,0
2026-03-28 00:07:18.132,241.624,1,-2,1140,-5.45,0,0,0,0,0,0,0,0
2026-03-28 00:07:18.148,241.640,1,-2,1142,-5.45,0,0,0,0,0,0,0,0
2026-03-28 00:07:18.180,241.672,1,-3,1143,-5.45,0,0,0,0,0,0,0,0
2026-03-28 00:07:18.324,241.816,1,-2,1138,548.97,0,0,0,0,0,0,0,0
2026-03-28 00:07:18.371,241.863,1,-3,1138,-585.86,0,0,0,0,0,0,0,0
2026-03-28 00:07:18.515,242.007,1,-3,1139,-3401.26,0,0,0,0,0,0,0,0
2026-03-28 00:07:18.612,242.104,1,-3,1143,-3401.26,0,0,0,0,0,0,0,0
2026-03-28 00:07:18.739,242.231,1,-3,1137,2766.64,0,0,0,0,0,0,0,0
2026-03-28 00:07:18.740,242.232,1,-3,1137,2766.64,0,0,0,0,0,0,0,0
2026-03-28 00:07:18.803,242.296,1,-2,1140,-5.45,0,0,0,0,0,0,0,0
2026-03-28 00:07:18.819,242.312,1,-3,1138,-5.45,0,0,0,0,0,0,0,0
2026-03-28 00:07:18.828,242.320,1,-2,1139,-5.45,0,0,0,0,0,0,0,0
2026-03-28 00:07:18.996,242.488,1,-2,1139,-5.45,0,0,0,0,0,0,0,0
2026-03-28 00:07:19.043,242.535,1,-2,1138,479.67,0,0,0,0,0,0,0,0
2026-03-28 00:07:19.059,242.552,1,-2,1138,-2812.19,0,0,0,0,0,0,0,0
2026-03-28 00:07:19.172,242.664,1,-2,1139,116.91,0,0,0,0,0,0,0,0
2026-03-28 00:07:19.303,242.795,1,-2,1140,-5.45,0,0,0,0,0,0,0,0
2026-03-28 00:07:19.412,242.904,2,-2,1140,-5.45,0,0,0,0,0,0,0,0
2026-03-28 00:07:19.588,243.080,1,-2,1140,-5.45,0,0,0,0,0,0,0,0
2026-03-28 00:07:19.668,243.161,2,-2,1140,-5.45,0,0,0,0,0,0,0,0
2026-03-28 00:07:19.828,243.320,1,-3,1140,-5.45,0,0,0,0,0,0,0,0
2026-03-28 00:07:19.908,243.400,1,-2,1143,-5.45,0,0,0,0,0,0,0,0
2026-03-28 00:07:19.956,243.448,1,-3,1141,-5.45,0,0,0,0,0,0,0,0
2026-03-28 00:07:20.099,243.591,1,-3,1140,-5.45,0,0,0,0,0,0,0,0
2026-03-28 00:07:20.195,243.688,1,-2,1142,-5.45,0,0,0,0,0,0,0,0
2026-03-28 00:07:20.275,243.768,1,-2,1138,2212.22,0,0,0,0,0,0,0,0
2026-03-28 00:07:20.387,243.879,1,-2,1141,3251.76,0,0,0,0,0,0,0,0
2026-03-28 00:07:20.390,243.882,1,-2,1138,-5.45,0,0,0,0,0,0,0,0
2026-03-28 00:07:20.500,243.992,1,-2,1138,-2777.54,0,0,0,0,0,0,0,0
2026-03-28 00:07:20.611,244.104,1,-2,1144,2142.92,0,0,0,0,0,0,0,0
2026-03-28 00:07:20.644,244.136,1,-2,1141,2142.92,0,0,0,0,0,0,0,0
2026-03-28 00:07:20.835,244.328,1,-3,1143,2142.92,0,0,0,0,0,0,0,0
2026-03-28 00:07:20.932,244.424,1,-3,1137,-2777.54,0,0,0,0,0,0,0,0
2026-03-28 00:07:21.092,244.584,1,-2,11,271.76,0,0,0,0,0,0,0,0
2026-03-28 00:07:21.219,244.711,1,-3,1142,271.76,0,0,0,0,0,0,0,0
2026-03-28 00:07:21.315,244.807,1,-3,1138,271.76,0,0,0,0,0,0,0,0
2026-03-28 00:07:21.411,244.903,1,-3,1141,-5.45,0,0,0,0,0,0,0,0
2026-03-28 00:07:21.475,244.967,1,-2,1139,-5.45,0,0,0,0,0,0,0,0
2026-03-28 00:07:21.604,245.096,1,-2,1139,-2257.77,0,0,0,0,0,0,0,0
2026-03-28 00:07:21.763,245.255,1,-2,1139,2212.22,0,0,0,0,0,0,0,0
2026-03-28 00:07:21.859,245.351,1,-2,1141,4360.59,0,0,0,0,0,0,0,0
2026-03-28 00:07:21.940,245.432,1,-2,1142,4360.59,0,0,0,0,0,0,0,0
2026-03-28 00:07:21.943,245.435,1,-3,1143,4360.59,0,0,0,0,0,0,0,0
2026-03-28 00:07:21.947,245.439,1,-2,1139,4360.59,0,0,0,0,0,0,0,0
2026-03-28 00:07:22.053,245.545,1,-2,1139,4360.59,0,0,0,0,0,0,0,0
2026-03-28 00:07:22.055,245.547,1,-2,1142,4360.59,0,0,0,0,0,0,0,0
2026-03-28 00:07:22.211,245.704,1,-2,1140,4360.59,0,0,0,0,0,0,0,0
2026-03-28 00:07:22.243,245.735,1,-2,1140,-5.45,0,0,0,0,0,0,0,0
2026-03-28 00:07:22.387,245.879,1,-2,1140,2212.22,0,0,0,0,0,0,0,0
2026-03-28 00:07:22.499,245.992,1,-3,1142,2212.22,0,0,0,0,0,0,0,0
2026-03-28 00:07:22.515,246.007,1,-3,1143,2212.22,0,0,0,0,0,0,0,0
2026-03-28 00:07:22.612,246.104,1,-2,1141,2212.22,0,0,0,0,0,0,0,0
2026-03-28 00:07:22.739,246.232,1,-3,1141,-4180.91,0,0,0,0,0,0,0,0
2026-03-28 00:07:22.755,246.247,1,-3,1139,-4180.91,0,0,0,0,0,0,0,0
2026-03-28 00:07:22.803,246.295,1,-3,1140,-2223.12,0,0,0,0,0,0,0,0
2026-03-28 00:07:22.819,246.311,1,-3,1143,-2223.12,0,0,0,0,0,0,0,0
2026-03-28 00:07:22.964,246.456,1,-2,1138,1103.39,0,0,0,0,0,0,0,0
2026-03-28 00:07:23.060,246.552,1,-2,1141,-4.91,0,0,0,0,0,0,0,0
2026-03-28 00:07:23.187,246.679,1,-2,1138,-5.45,0,0,0,0,0,0,0,0
2026-03-28 00:07:23.203,246.695,1,-3,1142,-1460.8,0,0,0,0,0,0,0,0
2026-03-28 00:07:23.268,246.760,1,-3,1143,-1460.8,0,0,0,0,0,0,0,0
2026-03-28 00:07:23.411,246.903,1,-2,1141,-1460.8,0,0,0,0,0,0,0,0
2026-03-28 00:07:23.412,246.905,1,-3,1140,-1460.8,0,0,0,0,0,0,0,0
2026-03-28 00:07:23.414,246.906,1,-2,1142,63.85,0,0,0,0,0,0,0,0
2026-03-28 00:07:23.524,247.016,1,-2,1144,63.85,0,0,0,0,0,0,0,0
2026-03-28 00:07:23.635,247.127,1,-2,1138,-1686.03,0,0,0,0,0,0,0,0
2026-03-28 00:07:23.651,247.143,1,-2,1138,-1686.03,0,0,0,0,0,0,0,0
2026-03-28 00:07:23.683,247.175,1,-2,1137,1657.81,0,0,0,0,0,0,0,0
2026-03-28 00:07:23.795,247.287,1,-2,1140,-5.45,0,0,0,0,0,0,0,0
2026-03-28 00:07:23.797,247.289,1,-3,1141,-5.45,0,0,0,0,0,0,0,0
2026-03-28 00:07:23.923,247.415,1,-3,1143,-5.45,0,0,0,0,0,0,0,0
