timestamp,elapsed_s,bottle_psi,tank_psi,chamber_psi,loadcell_kg,gse_fill,gse_relief,gse_dump,rkt_ox,rkt_fuel,rkt_relief,rkt_dump,rkt_ign
2026-03-27 19:37:06.418,0.225,3,-7,12,0,0,0,0,0,0,0,0,0
2026-03-27 19:37:06.562,0.369,0,-7,12,0,0,0,0,0,0,0,0,0
2026-03-27 19:37:06.658,0.465,2,-5,12,0,0,0,0,0,0,0,0,0
2026-03-27 19:37:06.769,0.577,0,-7,12,0,0,0,0,0,0,0,0,0
2026-03-27 19:37:06.898,0.705,0,-7,12,0,0,0,0,0,0,0,0,0
2026-03-27 19:37:06.945,0.753,0,-7,9,0,0,0,0,0,0,0,0,0
2026-03-27 19:37:07.057,0.865,0,-5,12,0,0,0,0,0,0,0,0,0
2026-03-27 19:37:07.153,0.961,3,-7,12,0,0,0,0,0,0,0,0,0
2026-03-27 19:37:07.156,0.963,3,-7,12,0,0,0,0,0,0,0,0,0
2026-03-27 19:37:07.298,1.106,2,-7,12,0,0,0,0,0,0,0,0,0
2026-03-27 19:37:07.409,1.217,2,-5,12,0,0,0,0,0,0,0,0,0
2026-03-27 19:37:07.521,1.328,0,-4,12,0,0,0,0,0,0,0,0,0
2026-03-27 19:37:07.538,1.345,2,-4,12,0,0,0,0,0,0,0,0,0
2026-03-27 19:37:07.634,1.441,0,-7,12,0,0,0,0,0,0,0,0,0
2026-03-27 19:37:07.729,1.537,2,-7,12,0,0,0,0,0,0,0,0,0
2026-03-27 19:37:07.922,1.729,0,-4,12,0,0,0,0,0,0,0,0,0
2026-03-27 19:37:07.938,1.745,0,-7,12,0,0,0,0,0,0,0,0,0
2026-03-27 19:37:07.985,1.792,0,-7,12,0,0,0,0,0,0,0,0,0
2026-03-27 19:37:08.002,1.809,0,-7,12,0,0,0,0,0,0,0,0,0
2026-03-27 19:37:08.049,1.857,3,-7,12,0,0,0,0,0,0,0,0,0
2026-03-27 19:37:08.209,2.017,0,-7,12,0,0,0,0,0,0,0,0,0
2026-03-27 19:37:08.274,2.081,0,-7,12,0,0,0,0,0,0,0,0,0
2026-03-27 19:37:08.417,2.225,0,-5,12,0,0,0,0,0,0,0,0,0
2026-03-27 19:37:08.513,2.320,0,-7,9,0,0,0,0,0,0,0,0,0
2026-03-27 19:37:08.529,2.336,0,-7,12,0,0,0,0,0,0,0,0,0
2026-03-27 19:37:08.689,2.496,0,-7,12,0,0,0,0,0,0,0,0,0
2026-03-27 19:37:08.737,2.545,0,-5,12,0,0,0,0,0,0,0,0,0
2026-03-27 19:37:08.866,2.673,0,-5,12,0,0,0,0,0,0,0,0,0
2026-03-27 19:37:08.961,2.769,0,-7,12,0,0,0,0,0,0,0,0,0
2026-03-27 19:37:09.121,2.929,0,-4,12,0,0,0,0,0,0,0,0,0
2026-03-27 19:37:09.124,2.932,0,-7,12,0,0,0,0,0,0,0,0,0
2026-03-27 19:37:09.185,2.993,0,-7,12,0,0,0,0,0,0,0,0,0
2026-03-27 19:37:09.297,3.105,0,-4,12,0,0,0,0,0,0,0,0,0
2026-03-27 19:37:09.410,3.217,0,-7,12,0,0,0,0,0,0,0,0,0
2026-03-27 19:37:09.428,3.235,3,-5,12,0,0,0,0,0,0,0,0,0
2026-03-27 19:37:09.522,3.329,0,-7,12,0,0,0,0,0,0,0,0,0
2026-03-27 19:37:09.666,3.473,0,-4,12,0,0,0,0,0,0,0,0,0
2026-03-27 19:37:09.761,3.568,0,-5,12,0,0,0,0,0,0,0,0,0
2026-03-27 19:37:09.793,3.600,0,-5,12,0,0,0,0,0,0,0,0,0
2026-03-27 19:37:09.954,3.762,0,-7,12,0,0,0,0,0,0,0,0,0
2026-03-27 19:37:10.065,3.872,0,-5,12,0,0,0,0,0,0,0,0,0
2026-03-27 19:37:10.066,3.873,0,-7,12,0,0,0,0,0,0,0,0,0
2026-03-27 19:37:10.067,3.875,0,-7,12,0,0,0,0,0,0,0,0,0
2026-03-27 19:37:10.177,3.985,0,-7,12,0,0,0,0,0,0,0,0,0
2026-03-27 19:37:10.257,4.065,0,-5,12,0,0,0,0,0,0,0,0,0
2026-03-27 19:37:10.321,4.128,0,-5,12,0,0,0,0,0,0,0,0,0
2026-03-27 19:37:10.323,4.130,0,-5,12,0,0,0,0,0,0,0,0,0
2026-03-27 19:37:10.450,4.257,0,-5,12,0,0,0,0,0,0,0,0,0
2026-03-27 19:37:10.594,4.401,0,-5,12,0,0,0,0,0,0,0,0,0
2026-03-27 19:37:10.611,4.418,0,-5,12,0,0,0,0,0,0,0,0,0
2026-03-27 19:37:10.625,4.432,0,-5,12,0,0,0,0,0,0,0,0,0
2026-03-27 19:37:10.769,4.577,0,-4,12,0,0,0,0,0,0,0,0,0
2026-03-27 19:37:10.881,4.688,0,-7,12,0,0,0,0,0,0,0,0,0
2026-03-27 19:37:10.897,4.704,0,-4,12,0,0,0,0,0,0,0,0,0
2026-03-27 19:37:11.058,4.865,0,-4,12,0,0,0,0,0,0,0,0,0
2026-03-27 19:37:11.090,4.897,0,-4,12,0,0,0,0,0,0,0,0,0
2026-03-27 19:37:11.201,5.008,0,-7,12,0,0,0,0,0,0,0,0,0
2026-03-27 19:37:11.249,5.057,0,-5,12,0,0,0,0,0,0,0,0,0
2026-03-27 19:37:11.251,5.058,0,-5,12,0,0,0,0,0,0,0,0,0
2026-03-27 19:37:11.345,5.152,0,-7,12,0,0,0,0,0,0,0,0,0
2026-03-27 19:37:11.346,5.154,0,-7,12,0,0,0,0,0,0,0,0,0
2026-03-27 19:37:11.537,5.345,0,-4,12,0,0,0,0,0,0,0,0,0
2026-03-27 19:37:11.650,5.457,3,-7,12,0,0,0,0,0,0,0,0,0
2026-03-27 19:37:11.697,5.505,0,-5,12,0,0,0,0,0,0,0,0,0
2026-03-27 19:37:11.857,5.665,2,-5,12,0,0,0,0,0,0,0,0,0
2026-03-27 19:37:11.969,5.776,3,-7,12,0,0,0,0,0,0,0,0,0
2026-03-27 19:37:11.985,5.793,2,-7,12,0,0,0,0,0,0,0,0,0
2026-03-27 19:37:12.050,5.857,0,-5,12,0,0,0,0,0,0,0,0,0
2026-03-27 19:37:12.130,5.937,0,-5,12,0,0,0,0,0,0,0,0,0
2026-03-27 19:37:12.209,6.016,3,-7,12,0,0,0,0,0,0,0,0,0
2026-03-27 19:37:12.385,6.192,3,-5,12,0,0,0,0,0,0,0,0,0
2026-03-27 19:37:12.388,6.195,3,-4,12,0,0,0,0,0,0,0,0,0
2026-03-27 19:37:12.465,6.273,2,-4,12,0,0,0,0,0,0,0,0,0
2026-03-27 19:37:12.545,6.353,0,-7,12,0,0,0,0,0,0,0,0,0
2026-03-27 19:37:12.561,6.368,0,-7,12,0,0,0,0,0,0,0,0,0
2026-03-27 19:37:12.657,6.465,2,-5,12,0,0,0,0,0,0,0,0,0
2026-03-27 19:37:12.705,6.512,2,-4,12,0,0,0,0,0,0,0,0,0
2026-03-27 19:37:12.834,6.641,0,-5,12,0,0,0,0,0,0,0,0,0
2026-03-27 19:37:12.945,6.753,0,-7,12,0,0,0,0,0,0,0,0,0
2026-03-27 19:37:13.026,6.833,0,-7,12,0,0,0,0,0,0,0,0,0
2026-03-27 19:37:13.137,6.944,0,-5,12,0,0,0,0,0,0,0,0,0
2026-03-27 19:37:13.297,7.105,0,-5,12,0,0,0,0,0,0,0,0,0
2026-03-27 19:37:13.425,7.233,0,-5,12,0,0,0,0,0,0,0,0,0
2026-03-27 19:37:13.473,7.280,0,-7,12,0,0,0,0,0,0,0,0,0
2026-03-27 19:37:13.475,7.282,0,-4,12,0,0,0,0,0,0,0,0,0
2026-03-27 19:37:13.569,7.376,0,-5,12,0,0,0,0,0,0,0,0,0
2026-03-27 19:37:13.571,7.378,0,-5,12,0,0,0,0,0,0,0,0,0
2026-03-27 19:37:13.650,7.457,0,-5,12,0,0,0,0,0,0,0,0,0
2026-03-27 19:37:13.761,7.569,0,-5,12,0,0,0,0,0,0,0,0,0
2026-03-27 19:37:13.793,7.601,0,-5,12,0,0,0,0,0,0,0,0,0
2026-03-27 19:37:13.890,7.697,0,-5,12,0,0,0,0,0,0,0,0,0
2026-03-27 19:37:14.001,7.808,0,-7,12,0,0,0,0,0,0,0,0,0
2026-03-27 19:37:14.193,8.001,0,-7,12,0,0,0,0,0,0,0,0,0
2026-03-27 19:37:14.257,8.064,0,-4,12,0,0,0,0,0,0,0,0,0
2026-03-27 19:37:14.321,8.129,0,-5,12,0,0,0,0,0,0,0,0,0
2026-03-27 19:37:14.418,8.225,0,-7,12,0,0,0,0,0,0,0,0,0
2026-03-27 19:37:14.530,8.337,0,-6,12,0,0,0,0,0,0,0,0,0
2026-03-27 19:37:14.533,8.340,0,-7,12,0,0,0,0,0,0,0,0,0
2026-03-27 19:37:14.609,8.416,0,-7,12,0,0,0,0,0,0,0,0,0
2026-03-27 19:37:14.610,8.418,0,-5,12,0,0,0,0,0,0,0,0,0
2026-03-27 19:37:14.657,8.464,0,-4,12,0,0,0,0,0,0,0,0,0
2026-03-27 19:37:14.658,8.466,0,-5,12,0,0,0,0,0,0,0,0,0
2026-03-27 19:37:14.817,8.624,0,-7,12,0,0,0,0,0,0,0,0,0
2026-03-27 19:37:14.881,8.689,0,-5,12,0,0,0,0,0,0,0,0,0
2026-03-27 19:37:14.977,8.784,0,-5,12,0,0,0,0,0,0,0,0,0
2026-03-27 19:37:15.057,8.864,0,-5,12,0,0,0,0,0,0,0,0,0
2026-03-27 19:37:15.249,9.056,0,-7,12,0,0,0,0,0,0,0,0,0
2026-03-27 19:37:15.345,9.153,0,-5,12,0,0,0,0,0,0,0,0,0
2026-03-27 19:37:15.457,9.265,0,-5,12,0,0,0,0,0,0,0,0,0
2026-03-27 19:37:15.617,9.424,0,-5,12,0,0,0,0,0,0,0,0,0
2026-03-27 19:37:15.746,9.553,0,-4,12,0,0,0,0,0,0,0,0,0
2026-03-27 19:37:15.890,9.697,0,-7,12,0,0,0,0,0,0,0,0,0
2026-03-27 19:37:15.953,9.761,0,-5,12,0,0,0,0,0,0,0,0,0
2026-03-27 19:37:16.066,9.873,0,-7,12,0,0,0,0,0,0,0,0,0
2026-03-27 19:37:16.241,10.048,0,-7,12,0,0,0,0,0,0,0,0,0
2026-03-27 19:37:16.273,10.080,0,-4,12,0,0,0,0,0,0,0,0,0
2026-03-27 19:37:16.401,10.208,0,-7,12,0,0,0,0,0,0,0,0,0
2026-03-27 19:37:16.402,10.210,0,-7,12,0,0,0,0,0,0,0,0,0
2026-03-27 19:37:16.562,10.369,0,-5,12,0,0,0,0,0,0,0,0,0
2026-03-27 19:37:16.641,10.448,0,-7,12,0,0,0,0,0,0,0,0,0
2026-03-27 19:37:16.769,10.577,2,-5,12,0,0,0,0,0,0,0,0,0
2026-03-27 19:37:16.833,10.640,0,-5,12,0,0,0,0,0,0,0,0,0
2026-03-27 19:37:16.913,10.721,0,-5,12,0,0,0,0,0,0,0,0,0
2026-03-27 19:37:17.008,10.816,0,-5,12,0,0,0,0,0,0,0,0,0
2026-03-27 19:37:17.106,10.913,0,-5,12,0,0,0,0,0,0,0,0,0
2026-03-27 19:37:17.137,10.944,0,-4,12,0,0,0,0,0,0,0,0,0
2026-03-27 19:37:17.250,11.057,0,-5,12,0,0,0,0,0,0,0,0,0
2026-03-27 19:37:17.570,11.377,0,-5,12,0,0,0,0,0,0,0,0,0
2026-03-27 19:37:17.634,11.441,0,-7,12,0,0,0,0,0,0,0,0,0
2026-03-27 19:37:17.762,11.569,0,-7,12,0,0,0,0,0,0,0,0,0
2026-03-27 19:37:17.857,11.664,0,-7,12,0,0,0,0,0,0,0,0,0
2026-03-27 19:37:17.875,11.682,0,-7,12,0,0,0,0,0,0,0,0,0
2026-03-27 19:37:17.970,11.777,0,-7,12,0,0,0,0,0,0,0,0,0
2026-03-27 19:37:17.971,11.778,0,-7,12,0,0,0,0,0,0,0,0,0
2026-03-27 19:37:18.033,11.840,0,-7,12,0,0,0,0,0,0,0,0,0
2026-03-27 19:37:18.034,11.842,0,-5,12,0,0,0,0,0,0,0,0,0
2026-03-27 19:37:18.049,11.856,0,-5,12,0,0,0,0,0,0,0,0,0
2026-03-27 19:37:18.161,11.969,0,-7,12,0,0,0,0,0,0,0,0,0
2026-03-27 19:37:18.289,12.096,0,-7,12,0,0,0,0,0,0,0,0,0
2026-03-27 19:37:18.292,12.099,0,-7,12,0,0,0,0,0,0,0,0,0
2026-03-27 19:37:18.338,12.145,0,-4,12,0,0,0,0,0,0,0,0,0
2026-03-27 19:37:18.466,12.273,0,-7,12,0,0,0,0,0,0,0,0,0
2026-03-27 19:37:18.529,12.336,0,-4,12,0,0,0,0,0,0,0,0,0
2026-03-27 19:37:18.689,12.497,0,-7,12,0,0,0,0,0,0,0,0,0
2026-03-27 19:37:18.769,12.576,0,-5,12,0,0,0,0,0,0,0,0,0
2026-03-27 19:37:18.850,12.657,0,-7,12,0,0,0,0,0,0,0,0,0
2026-03-27 19:37:19.009,12.817,0,-5,12,0,0,0,0,0,0,0,0,0
2026-03-27 19:37:19.105,12.912,0,-7,12,0,0,0,0,0,0,0,0,0
2026-03-27 19:37:19.121,12.928,0,-4,12,0,0,0,0,0,0,0,0,0
2026-03-27 19:37:19.201,13.009,0,-4,12,0,0,0,0,0,0,0,0,0
2026-03-27 19:37:19.346,13.153,0,-5,12,0,0,0,0,0,0,0,0,0
2026-03-27 19:37:19.348,13.156,0,-7,12,0,0,0,0,0,0,0,0,0
2026-03-27 19:37:19.393,13.200,0,-4,12,0,0,0,0,0,0,0,0,0
2026-03-27 19:37:19.506,13.313,0,-4,12,0,0,0,0,0,0,0,0,0
2026-03-27 19:37:19.617,13.424,0,-7,12,0,0,0,0,0,0,0,0,0
2026-03-27 19:37:19.697,13.504,0,-4,12,0,0,0,0,0,0,0,0,0
2026-03-27 19:37:19.841,13.648,0,-4,12,0,0,0,0,0,0,0,0,0
2026-03-27 19:37:19.905,13.712,0,-5,12,0,0,0,0,0,0,0,0,0
2026-03-27 19:37:20.017,13.825,0,-7,12,0,0,0,0,0,0,0,0,0
2026-03-27 19:37:20.098,13.905,0,-5,12,0,0,0,0,0,0,0,0,0
2026-03-27 19:37:20.193,14.000,0,-7,12,0,0,0,0,0,0,0,0,0
2026-03-27 19:37:20.257,14.064,0,-7,12,0,0,0,0,0,0,0,0,0
2026-03-27 19:37:20.401,14.208,0,-5,12,0,0,0,0,0,0,0,0,0
2026-03-27 19:37:20.513,14.320,0,-5,12,0,0,0,0,0,0,0,0,0
2026-03-27 19:37:20.625,14.433,0,-7,12,0,0,0,0,0,0,0,0,0
2026-03-27 19:37:20.737,14.545,0,-5,12,0,0,0,0,0,0,0,0,0
2026-03-27 19:37:20.801,14.608,0,-5,12,0,0,0,0,0,0,0,0,0
2026-03-27 19:37:20.929,14.737,0,-7,12,0,0,0,0,0,0,0,0,0
2026-03-27 19:37:21.025,14.832,0,-4,12,0,0,0,0,0,0,0,0,0
2026-03-27 19:37:21.169,14.977,0,-4,12,0,0,0,0,0,0,0,0,0
2026-03-27 19:37:21.249,15.057,0,-4,12,0,0,0,0,0,0,0,0,0
2026-03-27 19:37:21.377,15.185,0,-4,12,0,0,0,0,0,0,0,0,0
2026-03-27 19:37:21.473,15.281,0,-5,12,0,0,0,0,0,0,0,0,0
2026-03-27 19:37:21.537,15.344,0,-5,12,0,0,0,0,0,0,0,0,0
2026-03-27 19:37:21.665,15.472,0,-4,12,0,0,0,0,0,0,0,0,0
2026-03-27 19:37:21.745,15.552,0,-7,12,0,0,0,0,0,0,0,0,0
2026-03-27 19:37:21.873,15.681,0,-5,12,0,0,0,0,0,0,0,0,0
2026-03-27 19:37:21.985,15.793,0,-7,12,0,0,0,0,0,0,0,0,0
2026-03-27 19:37:22.049,15.856,0,-7,12,0,0,0,0,0,0,0,0,0
2026-03-27 19:37:22.066,15.873,0,-5,12,0,0,0,0,0,0,0,0,0
2026-03-27 19:37:22.209,16.016,0,-5,12,0,0,0,0,0,0,0,0,0
2026-03-27 19:37:22.257,16.065,0,-5,12,0,0,0,0,0,0,0,0,0
2026-03-27 19:37:22.369,16.176,0,-7,12,0,0,0,0,0,0,0,0,0
2026-03-27 19:37:22.386,16.194,0,-7,12,0,0,0,0,0,0,0,0,0
2026-03-27 19:37:22.497,16.304,0,-7,12,0,0,0,0,0,0,0,0,0
2026-03-27 19:37:22.593,16.400,0,-7,12,0,0,0,0,0,0,0,0,0
2026-03-27 19:37:22.689,16.497,0,-7,12,0,0,0,0,0,0,0,0,0
2026-03-27 19:37:22.705,16.512,0,-5,12,0,0,0,0,0,0,0,0,0
2026-03-27 19:37:23.024,16.831,0,-4,12,0,0,0,0,0,0,0,0,0
2026-03-27 19:37:23.169,16.976,0,-5,12,0,0,0,0,0,0,0,0,0
2026-03-27 19:37:23.233,17.040,0,-4,12,0,0,0,0,0,0,0,0,0
2026-03-27 19:37:23.392,17.200,2,-4,12,0,0,0,0,0,0,0,0,0
2026-03-27 19:37:23.425,17.232,0,-5,12,0,0,0,0,0,0,0,0,0
2026-03-27 19:37:23.432,17.239,0,-7,12,0,0,0,0,0,0,0,0,0
2026-03-27 19:37:23.649,17.456,0,-7,12,0,0,0,0,0,0,0,0,0
2026-03-27 19:37:23.793,17.600,0,-5,12,0,0,0,0,0,0,0,0,0
2026-03-27 19:37:23.795,17.603,0,-5,12,0,0,0,0,0,0,0,0,0
2026-03-27 19:37:23.906,17.713,0,-4,12,0,0,0,0,0,0,0,0,0
2026-03-27 19:37:23.984,17.791,0,-5,12,0,0,0,0,0,0,0,0,0
2026-03-27 19:37:23.985,17.793,0,-7,12,0,0,0,0,0,0,0,0,0
2026-03-27 19:37:24.080,17.887,0,-5,12,0,0,0,0,0,0,0,0,0
2026-03-27 19:37:24.161,17.968,0,-4,12,0,0,0,0,0,0,0,0,0
2026-03-27 19:37:24.273,18.080,0,-5,12,0,0,0,0,0,0,0,0,0
2026-03-27 19:37:24.385,18.192,0,-4,12,0,0,0,0,0,0,0,0,0
2026-03-27 19:37:24.497,18.304,0,-5,12,0,0,0,0,0,0,0,0,0
2026-03-27 19:37:24.625,18.433,0,-5,12,0,0,0,0,0,0,0,0,0
2026-03-27 19:37:24.657,18.464,0,-4,12,0,0,0,0,0,0,0,0,0
2026-03-27 19:37:24.800,18.608,0,-7,12,0,0,0,0,0,0,0,0,0
2026-03-27 19:37:24.802,18.610,0,-5,12,0,0,0,0,0,0,0,0,0
2026-03-27 19:37:24.913,18.720,0,-7,12,0,0,0,0,0,0,0,0,0
2026-03-27 19:37:24.992,18.800,0,-5,12,0,0,0,0,0,0,0,0,0
2026-03-27 19:37:24.994,18.801,0,-5,12,0,0,0,0,0,0,0,0,0
2026-03-27 19:37:25.168,18.976,0,-5,12,0,0,0,0,0,0,0,0,0
2026-03-27 19:37:25.233,19.040,0,-5,12,0,0,0,0,0,0,0,0,0
2026-03-27 19:37:25.393,19.200,0,-4,12,0,0,0,0,0,0,0,0,0
2026-03-27 19:37:25.425,19.232,0,-5,12,0,0,0,0,0,0,0,0,0
2026-03-27 19:37:25.569,19.376,0,-5,12,0,0,0,0,0,0,0,0,0
2026-03-27 19:37:25.697,19.504,0,-7,12,0,0,0,0,0,0,0,0,0
2026-03-27 19:37:25.777,19.584,0,-4,12,0,0,0,0,0,0,0,0,0
2026-03-27 19:37:25.889,19.696,0,-5,12,0,0,0,0,0,0,0,0,0
2026-03-27 19:37:25.891,19.699,0,-7,12,0,0,0,0,0,0,0,0,0
2026-03-27 19:37:25.969,19.776,0,-5,12,0,0,0,0,0,0,0,0,0
2026-03-27 19:37:26.065,19.873,0,-4,12,0,0,0,0,0,0,0,0,0
2026-03-27 19:37:26.066,19.874,0,-5,12,0,0,0,0,0,0,0,0,0
2026-03-27 19:37:26.081,19.889,0,-5,12,0,0,0,0,0,0,0,0,0
2026-03-27 19:37:26.192,20.000,0,-5,12,0,0,0,0,0,0,0,0,0
2026-03-27 19:37:26.273,20.080,0,-7,12,0,0,0,0,0,0,0,0,0
2026-03-27 19:37:26.385,20.192,0,-5,12,0,0,0,0,0,0,0,0,0
2026-03-27 19:37:26.513,20.320,0,-7,9,0,0,0,0,0,0,0,0,0
2026-03-27 19:37:26.593,20.400,0,-7,12,0,0,0,0,0,0,0,0,0
2026-03-27 19:37:26.721,20.529,0,-5,12,0,0,0,0,0,0,0,0,0
2026-03-27 19:37:26.800,20.608,0,-5,12,0,0,0,0,0,0,0,0,0
2026-03-27 19:37:26.897,20.704,0,-7,12,0,0,0,0,0,0,0,0,0
2026-03-27 19:37:26.912,20.719,0,-5,12,0,0,0,0,0,0,0,0,0
2026-03-27 19:37:26.977,20.784,0,-4,12,0,0,0,0,0,0,0,0,0
2026-03-27 19:37:27.104,20.912,0,-4,12,0,0,0,0,0,0,0,0,0
2026-03-27 19:37:27.201,21.008,0,-7,12,0,0,0,0,0,0,0,0,0
2026-03-27 19:37:27.329,21.136,0,-5,12,0,0,0,0,0,0,0,0,0
2026-03-27 19:37:27.442,21.249,0,-4,12,0,0,0,0,0,0,0,0,0
2026-03-27 19:37:27.536,21.344,0,-4,12,0,0,0,0,0,0,0,0,0
2026-03-27 19:37:27.649,21.456,0,-5,12,0,0,0,0,0,0,0,0,0
2026-03-27 19:37:27.809,21.616,0,-5,12,0,0,0,0,0,0,0,0,0
2026-03-27 19:37:27.889,21.696,0,-5,12,0,0,0,0,0,0,0,0,0
2026-03-27 19:37:28.032,21.840,0,-7,12,0,0,0,0,0,0,0,0,0
2026-03-27 19:37:28.096,21.904,0,-5,12,0,0,0,0,0,0,0,0,0
2026-03-27 19:37:28.272,22.079,0,-5,12,0,0,0,0,0,0,0,0,0
2026-03-27 19:37:28.289,22.096,0,-4,12,0,0,0,0,0,0,0,0,0
2026-03-27 19:37:28.336,22.143,0,-5,12,0,0,0,0,0,0,0,0,0
2026-03-27 19:37:28.448,22.256,0,-7,12,0,0,0,0,0,0,0,0,0
2026-03-27 19:37:28.577,22.384,0,-7,12,0,0,0,0,0,0,0,0,0
2026-03-27 19:37:28.640,22.447,0,-4,12,0,0,0,0,0,0,0,0,0
2026-03-27 19:37:28.736,22.543,0,-5,12,0,0,0,0,0,0,0,0,0
2026-03-27 19:37:28.928,22.735,0,-5,12,0,0,0,0,0,0,0,0,0
2026-03-27 19:37:29.041,22.848,0,-5,12,0,0,0,0,0,0,0,0,0
2026-03-27 19:37:29.089,22.896,0,-5,12,0,0,0,0,0,0,0,0,0
2026-03-27 19:37:29.168,22.975,0,-4,12,0,0,0,0,0,0,0,0,0
2026-03-27 19:37:29.169,22.977,0,-5,12,0,0,0,0,0,0,0,0,0
2026-03-27 19:37:29.171,22.978,0,-7,12,0,0,0,0,0,0,0,0,0
2026-03-27 19:37:29.248,23.056,0,-5,12,0,0,0,0,0,0,0,0,0
2026-03-27 19:37:29.265,23.072,0,-5,12,0,0,0,0,0,0,0,0,0
2026-03-27 19:37:29.425,23.232,0,-5,12,0,0,0,0,0,0,0,0,0
2026-03-27 19:37:29.505,23.312,0,-5,12,0,0,0,0,0,0,0,0,0
2026-03-27 19:37:29.585,23.392,0,-5,12,0,0,0,0,0,0,0,0,0
2026-03-27 19:37:29.729,23.536,0,-7,10,0,0,0,0,0,0,0,0,0
2026-03-27 19:37:29.792,23.600,0,-5,12,0,0,0,0,0,0,0,0,0
2026-03-27 19:37:29.872,23.679,0,-5,12,0,0,0,0,0,0,0,0,0
2026-03-27 19:37:29.985,23.792,0,-4,12,0,0,0,0,0,0,0,0,0
2026-03-27 19:37:30.080,23.887,0,-7,12,0,0,0,0,0,0,0,0,0
2026-03-27 19:37:30.081,23.888,0,-5,12,0,0,0,0,0,0,0,0,0
2026-03-27 19:37:30.192,24.000,0,-4,12,0,0,0,0,0,0,0,0,0
2026-03-27 19:37:30.304,24.112,0,-5,12,0,0,0,0,0,0,0,0,0
2026-03-27 19:37:30.416,24.224,0,-5,12,0,0,0,0,0,0,0,0,0
2026-03-27 19:37:30.576,24.383,0,-5,12,0,0,0,0,0,0,0,0,0
2026-03-27 19:37:30.608,24.415,0,-4,12,0,0,0,0,0,0,0,0,0
2026-03-27 19:37:30.800,24.608,0,-7,12,0,0,0,0,0,0,0,0,0
2026-03-27 19:37:30.848,24.655,0,-4,12,0,0,0,0,0,0,0,0,0
2026-03-27 19:37:30.897,24.704,0,-7,12,0,0,0,0,0,0,0,0,0
2026-03-27 19:37:31.041,24.848,0,-7,12,0,0,0,0,0,0,0,0,0
2026-03-27 19:37:31.217,25.024,0,-7,12,0,0,0,0,0,0,0,0,0
2026-03-27 19:37:31.264,25.071,0,-5,12,0,0,0,0,0,0,0,0,0
2026-03-27 19:37:31.424,25.232,0,-7,12,0,0,0,0,0,0,0,0,0
2026-03-27 19:37:31.457,25.264,0,-7,12,0,0,0,0,0,0,0,0,0
2026-03-27 19:37:31.600,25.407,0,-5,12,0,0,0,0,0,0,0,0,0
2026-03-27 19:37:31.665,25.472,0,-7,12,0,0,0,0,0,0,0,0,0
2026-03-27 19:37:31.777,25.584,0,-5,12,0,0,0,0,0,0,0,0,0
2026-03-27 19:37:31.920,25.727,0,-7,12,0,0,0,0,0,0,0,0,0
2026-03-27 19:37:32.033,25.840,0,-8,12,0,0,0,0,0,0,0,0,0
2026-03-27 19:37:32.049,25.856,0,-7,12,0,0,0,0,0,0,0,0,0
2026-03-27 19:37:32.192,25.999,0,-5,12,0,0,0,0,0,0,0,0,0
2026-03-27 19:37:32.195,26.002,0,-5,12,0,0,0,0,0,0,0,0,0
2026-03-27 19:37:32.305,26.112,0,-4,12,0,0,0,0,0,0,0,0,0
2026-03-27 19:37:32.353,26.160,0,-4,12,0,0,0,0,0,0,0,0,0
2026-03-27 19:37:32.481,26.288,0,-5,12,0,0,0,0,0,0,0,0,0
2026-03-27 19:37:32.576,26.383,0,-5,12,0,0,0,0,0,0,0,0,0
2026-03-27 19:37:32.656,26.464,0,-5,12,0,0,0,0,0,0,0,0,0
2026-03-27 19:37:32.769,26.576,0,-7,12,0,0,0,0,0,0,0,0,0
2026-03-27 19:37:32.929,26.736,0,-7,12,0,0,0,0,0,0,0,0,0
2026-03-27 19:37:32.976,26.783,0,-5,12,0,0,0,0,0,0,0,0,0
2026-03-27 19:37:33.136,26.944,0,-5,12,0,0,0,0,0,0,0,0,0
2026-03-27 19:37:33.232,27.039,0,-5,12,0,0,0,0,0,0,0,0,0
2026-03-27 19:37:33.313,27.120,0,-7,12,0,0,0,0,0,0,0,0,0
2026-03-27 19:37:33.457,27.264,0,-7,12,0,0,0,0,0,0,0,0,0
2026-03-27 19:37:33.488,27.296,0,-5,12,0,0,0,0,0,0,0,0,0
2026-03-27 19:37:33.632,27.439,0,-5,12,0,0,0,0,0,0,0,0,0
2026-03-27 19:37:33.761,27.568,0,-4,12,0,0,0,0,0,0,0,0,0
2026-03-27 19:37:33.808,27.616,0,-5,12,0,0,0,0,0,0,0,0,0
2026-03-27 19:37:33.873,27.680,0,-4,12,0,0,0,0,0,0,0,0,0
2026-03-27 19:37:33.936,27.743,0,-7,12,0,0,0,0,0,0,0,0,0
2026-03-27 19:37:34.065,27.872,0,-7,12,0,0,0,0,0,0,0,0,0
2026-03-27 19:37:34.144,27.951,0,-4,12,0,0,0,0,0,0,0,0,0
2026-03-27 19:37:34.161,27.968,0,-6,12,0,0,0,0,0,0,0,0,0
2026-03-27 19:37:34.272,28.080,0,-7,12,0,0,0,0,0,0,0,0,0
2026-03-27 19:37:34.288,28.095,0,-7,12,0,0,0,0,0,0,0,0,0
2026-03-27 19:37:34.321,28.128,0,-7,12,0,0,0,0,0,0,0,0,0
2026-03-27 19:37:34.432,28.239,0,-5,12,0,0,0,0,0,0,0,0,0
2026-03-27 19:37:34.529,28.336,0,-7,10,0,0,0,0,0,0,0,0,0
2026-03-27 19:37:34.672,28.479,0,-7,9,0,0,0,0,0,0,0,0,0
2026-03-27 19:37:34.768,28.576,0,-7,12,0,0,0,0,0,0,0,0,0
2026-03-27 19:37:34.816,28.624,0,-7,12,0,0,0,0,0,0,0,0,0
2026-03-27 19:37:34.912,28.719,0,-7,12,0,0,0,0,0,0,0,0,0
2026-03-27 19:37:35.024,28.832,0,-5,12,0,0,0,0,0,0,0,0,0
2026-03-27 19:37:35.281,29.088,0,-7,12,0,0,0,0,0,0,0,0,0
2026-03-27 19:37:35.283,29.091,0,-7,12,0,0,0,0,0,0,0,0,0
2026-03-27 19:37:35.392,29.200,0,-7,12,0,0,0,0,0,0,0,0,0
2026-03-27 19:37:35.504,29.311,0,-4,12,0,0,0,0,0,0,0,0,0
2026-03-27 19:37:35.616,29.424,0,-4,12,0,0,0,0,0,0,0,0,0
2026-03-27 19:37:35.696,29.503,0,-4,12,0,0,0,0,0,0,0,0,0
2026-03-27 19:37:35.712,29.519,2,-7,12,0,0,0,0,0,0,0,0,0
2026-03-27 19:37:35.808,29.615,0,-4,12,0,0,0,0,0,0,0,0,0
2026-03-27 19:37:35.921,29.728,0,-7,12,0,0,0,0,0,0,0,0,0
2026-03-27 19:37:36.000,29.808,0,-5,12,0,0,0,0,0,0,0,0,0
2026-03-27 19:37:36.144,29.951,0,-6,12,0,0,0,0,0,0,0,0,0
2026-03-27 19:37:36.256,30.063,0,-4,12,0,0,0,0,0,0,0,0,0
2026-03-27 19:37:36.368,30.175,0,-5,12,0,0,0,0,0,0,0,0,0
2026-03-27 19:37:36.464,30.272,0,-5,12,0,0,0,0,0,0,0,0,0
2026-03-27 19:37:36.592,30.399,0,-7,12,0,0,0,0,0,0,0,0,0
2026-03-27 19:37:36.880,30.688,0,-5,12,0,0,0,0,0,0,0,0,0
2026-03-27 19:37:36.912,30.719,0,-4,12,0,0,0,0,0,0,0,0,0
2026-03-27 19:37:36.992,30.799,0,-5,12,0,0,0,0,0,0,0,0,0
2026-03-27 19:37:37.120,30.927,0,-7,12,0,0,0,0,0,0,0,0,0
2026-03-27 19:37:37.280,31.087,0,-5,12,0,0,0,0,0,0,0,0,0
2026-03-27 19:37:37.312,31.119,0,-4,12,0,0,0,0,0,0,0,0,0
2026-03-27 19:37:37.440,31.248,0,-4,12,0,0,0,0,0,0,0,0,0
2026-03-27 19:37:37.520,31.327,0,-4,12,0,0,0,0,0,0,0,0,0
2026-03-27 19:37:37.648,31.455,0,-5,12,0,0,0,0,0,0,0,0,0
2026-03-27 19:37:37.712,31.519,0,-5,12,0,0,0,0,0,0,0,0,0
2026-03-27 19:37:37.888,31.695,0,-5,12,0,0,0,0,0,0,0,0,0
2026-03-27 19:37:37.920,31.728,0,-7,12,0,0,0,0,0,0,0,0,0
2026-03-27 19:37:38.048,31.856,0,-5,12,0,0,0,0,0,0,0,0,0
2026-03-27 19:37:38.191,31.998,0,-7,12,0,0,0,0,0,0,0,0,0
2026-03-27 19:37:38.272,32.079,0,-5,12,0,0,0,0,0,0,0,0,0
2026-03-27 19:37:38.368,32.176,0,-5,12,0,0,0,0,0,0,0,0,0
2026-03-27 19:37:38.480,32.287,0,-5,12,0,0,0,0,0,0,0,0,0
2026-03-27 19:37:38.481,32.289,0,-4,12,0,0,0,0,0,0,0,0,0
2026-03-27 19:37:38.544,32.351,0,-4,12,0,0,0,0,0,0,0,0,0
2026-03-27 19:37:38.736,32.543,2,-4,12,0,0,0,0,0,0,0,0,0
2026-03-27 19:37:38.848,32.656,0,-5,12,0,0,0,0,0,0,0,0,0
2026-03-27 19:37:39.009,32.816,0,-5,12,0,0,0,0,0,0,0,0,0
2026-03-27 19:37:39.056,32.864,2,-5,12,0,0,0,0,0,0,0,0,0
2026-03-27 19:37:39.200,33.007,0,-4,12,0,0,0,0,0,0,0,0,0
2026-03-27 19:37:39.312,33.119,3,-5,12,0,0,0,0,0,0,0,0,0
2026-03-27 19:37:39.440,33.247,0,-5,12,0,0,0,0,0,0,0,0,0
2026-03-27 19:37:39.584,33.392,0,-4,12,0,0,0,0,0,0,0,0,0
2026-03-27 19:37:39.712,33.520,0,-5,12,0,0,0,0,0,0,0,0,0
2026-03-27 19:37:39.792,33.599,0,-5,12,0,0,0,0,0,0,0,0,0
2026-03-27 19:37:39.872,33.679,0,-5,12,0,0,0,0,0,0,0,0,0
2026-03-27 19:37:39.968,33.775,0,-5,12,0,0,0,0,0,0,0,0,0
2026-03-27 19:37:40.096,33.904,0,-5,12,0,0,0,0,0,0,0,0,0
2026-03-27 19:37:40.256,34.064,0,-5,12,0,0,0,0,0,0,0,0,0
2026-03-27 19:37:40.320,34.127,0,-5,12,0,0,0,0,0,0,0,0,0
2026-03-27 19:37:40.464,34.271,0,-4,12,0,0,0,0,0,0,0,0,0
2026-03-27 19:37:40.592,34.399,0,-5,12,0,0,0,0,0,0,0,0,0
2026-03-27 19:37:40.720,34.527,0,-5,12,0,0,0,0,0,0,0,0,0
2026-03-27 19:37:40.752,34.559,0,-4,12,0,0,0,0,0,0,0,0,0
2026-03-27 19:37:40.864,34.672,0,-5,12,0,0,0,0,0,0,0,0,0
2026-03-27 19:37:40.976,34.783,0,-5,12,0,0,0,0,0,0,0,0,0
2026-03-27 19:37:41.088,34.895,0,-5,12,0,0,0,0,0,0,0,0,0
2026-03-27 19:37:41.183,34.991,0,-4,12,0,0,0,0,0,0,0,0,0
2026-03-27 19:37:41.185,34.992,0,-5,12,0,0,0,0,0,0,0,0,0
2026-03-27 19:37:41.344,35.151,0,-5,12,0,0,0,0,0,0,0,0,0
2026-03-27 19:37:41.408,35.215,0,-7,12,0,0,0,0,0,0,0,0,0
2026-03-27 19:37:41.520,35.327,0,-5,12,0,0,0,0,0,0,0,0,0
2026-03-27 19:37:41.616,35.424,0,-5,12,0,0,0,0,0,0,0,0,0
2026-03-27 19:37:41.728,35.535,0,-5,12,0,0,0,0,0,0,0,0,0
2026-03-27 19:37:41.840,35.648,0,-5,12,0,0,0,0,0,0,0,0,0
2026-03-27 19:37:41.952,35.759,0,-5,12,0,0,0,0,0,0,0,0,0
2026-03-27 19:37:42.064,35.871,0,-5,12,0,0,0,0,0,0,0,0,0
2026-03-27 19:37:42.112,35.919,0,-5,12,0,0,0,0,0,0,0,0,0
2026-03-27 19:37:42.256,36.063,0,-5,12,0,0,0,0,0,0,0,0,0
2026-03-27 19:37:42.416,36.223,0,-5,12,0,0,0,0,0,0,0,0,0
2026-03-27 19:37:42.544,36.351,0,-5,12,0,0,0,0,0,0,0,0,0
2026-03-27 19:37:42.592,36.400,0,-5,12,0,0,0,0,0,0,0,0,0
2026-03-27 19:37:42.688,36.495,0,-5,12,0,0,0,0,0,0,0,0,0
2026-03-27 19:37:42.751,36.559,0,-4,12,0,0,0,0,0,0,0,0,0
2026-03-27 19:37:42.880,36.687,0,-5,12,0,0,0,0,0,0,0,0,0
2026-03-27 19:37:42.976,36.783,0,-5,12,0,0,0,0,0,0,0,0,0
2026-03-27 19:37:43.087,36.894,0,-7,12,0,0,0,0,0,0,0,0,0
2026-03-27 19:37:43.088,36.896,0,-5,12,0,0,0,0,0,0,0,0,0
2026-03-27 19:37:43.184,36.991,0,-7,12,0,0,0,0,0,0,0,0,0
2026-03-27 19:37:43.297,37.104,0,-4,12,0,0,0,0,0,0,0,0,0
2026-03-27 19:37:43.392,37.199,0,-5,12,0,0,0,0,0,0,0,0,0
2026-03-27 19:37:43.520,37.327,0,-7,12,0,0,0,0,0,0,0,0,0
2026-03-27 19:37:43.696,37.503,0,-7,9,0,0,0,0,0,0,0,0,0
2026-03-27 19:37:43.743,37.550,0,-5,12,0,0,0,0,0,0,0,0,0
2026-03-27 19:37:43.745,37.552,0,-5,12,0,0,0,0,0,0,0,0,0
2026-03-27 19:37:43.920,37.727,0,-4,12,0,0,0,0,0,0,0,0,0
2026-03-27 19:37:43.936,37.743,0,-4,12,0,0,0,0,0,0,0,0,0
2026-03-27 19:37:43.984,37.791,2,-4,12,0,0,0,0,0,0,0,0,0
2026-03-27 19:37:43.999,37.806,2,-7,12,0,0,0,0,0,0,0,0,0
2026-03-27 19:37:44.112,37.919,0,-5,12,0,0,0,0,0,0,0,0,0
2026-03-27 19:37:44.288,38.095,0,-5,12,0,0,0,0,0,0,0,0,0
2026-03-27 19:37:44.310,38.118,0,-4,12,0,0,0,0,0,0,0,0,0
2026-03-27 19:37:44.496,38.303,0,-5,12,0,0,0,0,0,0,0,0,0
2026-03-27 19:37:44.624,38.431,0,-5,12,0,0,0,0,0,0,0,0,0
2026-03-27 19:37:44.783,38.591,0,-4,12,0,0,0,0,0,0,0,0,0
2026-03-27 19:37:44.880,38.687,0,-4,12,0,0,0,0,0,0,0,0,0
2026-03-27 19:37:45.007,38.815,0,-4,12,0,0,0,0,0,0,0,0,0
2026-03-27 19:37:45.120,38.927,0,-5,12,0,0,0,0,0,0,0,0,0
2026-03-27 19:37:45.232,39.039,0,-4,12,0,0,0,0,0,0,0,0,0
2026-03-27 19:37:45.295,39.102,0,-5,12,0,0,0,0,0,0,0,0,0
2026-03-27 19:37:45.297,39.104,0,-5,12,0,0,0,0,0,0,0,0,0
2026-03-27 19:37:45.423,39.231,3,-4,12,0,0,0,0,0,0,0,0,0
2026-03-27 19:37:45.425,39.232,0,-5,12,0,0,0,0,0,0,0,0,0
2026-03-27 19:37:45.519,39.327,0,-5,12,0,0,0,0,0,0,0,0,0
2026-03-27 19:37:45.600,39.407,0,-4,12,0,0,0,0,0,0,0,0,0
2026-03-27 19:37:45.695,39.503,0,-4,12,0,0,0,0,0,0,0,0,0
2026-03-27 19:37:45.792,39.600,0,-4,12,0,0,0,0,0,0,0,0,0
2026-03-27 19:37:45.999,39.807,0,-7,12,0,0,0,0,0,0,0,0,0
2026-03-27 19:37:46.096,39.903,0,-5,12,0,0,0,0,0,0,0,0,0
2026-03-27 19:37:46.127,39.935,0,-5,12,0,0,0,0,0,0,0,0,0
2026-03-27 19:37:46.224,40.031,0,-4,12,0,0,0,0,0,0,0,0,0
2026-03-27 19:37:46.415,40.223,2,-5,12,0,0,0,0,0,0,0,0,0
2026-03-27 19:37:46.512,40.319,0,-5,12,0,0,0,0,0,0,0,0,0
2026-03-27 19:37:46.543,40.351,0,-4,12,0,0,0,0,0,0,0,0,0
2026-03-27 19:37:46.688,40.495,0,-7,12,0,0,0,0,0,0,0,0,0
2026-03-27 19:37:46.691,40.498,0,-4,12,0,0,0,0,0,0,0,0,0
2026-03-27 19:37:46.784,40.591,0,-5,12,0,0,0,0,0,0,0,0,0
2026-03-27 19:37:46.895,40.702,0,-4,12,0,0,0,0,0,0,0,0,0
2026-03-27 19:37:46.991,40.799,3,-4,12,0,0,0,0,0,0,0,0,0
2026-03-27 19:37:47.104,40.911,0,-7,12,0,0,0,0,0,0,0,0,0
2026-03-27 19:37:47.135,40.943,0,-5,12,0,0,0,0,0,0,0,0,0
2026-03-27 19:37:47.264,41.071,0,-4,12,0,0,0,0,0,0,0,0,0
2026-03-27 19:37:47.376,41.183,2,-5,12,0,0,0,0,0,0,0,0,0
2026-03-27 19:37:47.456,41.263,0,-5,12,0,0,0,0,0,0,0,0,0
2026-03-27 19:37:47.503,41.310,0,-5,12,0,0,0,0,0,0,0,0,0
2026-03-27 19:37:47.647,41.454,0,-5,12,0,0,0,0,0,0,0,0,0
2026-03-27 19:37:47.759,41.566,0,-4,12,0,0,0,0,0,0,0,0,0
2026-03-27 19:37:47.903,41.710,0,-5,12,0,0,0,0,0,0,0,0,0
2026-03-27 19:37:47.983,41.790,0,-5,12,0,0,0,0,0,0,0,0,0
2026-03-27 19:37:48.047,41.855,0,-5,12,0,0,0,0,0,0,0,0,0
2026-03-27 19:37:48.063,41.870,0,-5,12,0,0,0,0,0,0,0,0,0
2026-03-27 19:37:48.143,41.951,0,-5,12,0,0,0,0,0,0,0,0,0
2026-03-27 19:37:48.239,42.047,0,-7,12,0,0,0,0,0,0,0,0,0
2026-03-27 19:37:48.336,42.143,0,-5,12,0,0,0,0,0,0,0,0,0
2026-03-27 19:37:48.338,42.146,0,-5,12,0,0,0,0,0,0,0,0,0
2026-03-27 19:37:48.671,42.479,0,-5,12,0,0,0,0,0,0,0,0,0
2026-03-27 19:37:48.751,42.558,0,-5,12,0,0,0,0,0,0,0,0,0
2026-03-27 19:37:48.847,42.654,0,-5,12,0,0,0,0,0,0,0,0,0
2026-03-27 19:37:48.976,42.783,0,-5,12,0,0,0,0,0,0,0,0,0
2026-03-27 19:37:49.135,42.942,0,-4,12,0,0,0,0,0,0,0,0,0
2026-03-27 19:37:49.136,42.944,0,-4,12,0,0,0,0,0,0,0,0,0
2026-03-27 19:37:49.151,42.958,0,-4,12,0,0,0,0,0,0,0,0,0
2026-03-27 19:37:49.295,43.102,0,-5,12,0,0,0,0,0,0,0,0,0
2026-03-27 19:37:49.297,43.104,0,-5,12,0,0,0,0,0,0,0,0,0
2026-03-27 19:37:49.392,43.199,0,-5,12,0,0,0,0,0,0,0,0,0
2026-03-27 19:37:49.471,43.278,0,-7,12,0,0,0,0,0,0,0,0,0
2026-03-27 19:37:49.503,43.311,0,-5,12,0,0,0,0,0,0,0,0,0
2026-03-27 19:37:49.647,43.455,3,-5,12,0,0,0,0,0,0,0,0,0
2026-03-27 19:37:49.743,43.550,0,-5,12,0,0,0,0,0,0,0,0,0
2026-03-27 19:37:49.759,43.567,2,-5,12,0,0,0,0,0,0,0,0,0
2026-03-27 19:37:49.856,43.663,0,-5,12,0,0,0,0,0,0,0,0,0
2026-03-27 19:37:49.920,43.727,0,-4,12,0,0,0,0,0,0,0,0,0
2026-03-27 19:37:50.047,43.854,0,-4,9,0,0,0,0,0,0,0,0,0
2026-03-27 19:37:50.111,43.919,0,-7,12,0,0,0,0,0,0,0,0,0
2026-03-27 19:37:50.192,43.999,0,-7,12,0,0,0,0,0,0,0,0,0
2026-03-27 19:37:50.288,44.095,0,-5,12,0,0,0,0,0,0,0,0,0
2026-03-27 19:37:50.416,44.223,0,-5,12,0,0,0,0,0,0,0,0,0
2026-03-27 19:37:50.560,44.367,0,-5,12,0,0,0,0,0,0,0,0,0
2026-03-27 19:37:50.687,44.494,0,-5,12,0,0,0,0,0,0,0,0,0
2026-03-27 19:37:50.719,44.527,0,-7,12,0,0,0,0,0,0,0,0,0
2026-03-27 19:37:50.831,44.639,0,-4,12,0,0,0,0,0,0,0,0,0
2026-03-27 19:37:50.960,44.767,0,-5,12,0,0,0,0,0,0,0,0,0
2026-03-27 19:37:51.055,44.863,0,-5,12,0,0,0,0,0,0,0,0,0
2026-03-27 19:37:51.199,45.006,0,-4,12,0,0,0,0,0,0,0,0,0
2026-03-27 19:37:51.247,45.055,0,-4,12,0,0,0,0,0,0,0,0,0
2026-03-27 19:37:51.311,45.118,0,-5,12,0,0,0,0,0,0,0,0,0
2026-03-27 19:37:51.423,45.230,0,-5,12,0,0,0,0,0,0,0,0,0
2026-03-27 19:37:51.535,45.342,0,-5,12,0,0,0,0,0,0,0,0,0
2026-03-27 19:37:51.631,45.438,0,-4,12,0,0,0,0,0,0,0,0,0
2026-03-27 19:37:51.791,45.598,0,-5,12,0,0,0,0,0,0,0,0,0
2026-03-27 19:37:51.887,45.694,0,-4,12,0,0,0,0,0,0,0,0,0
2026-03-27 19:37:52.015,45.822,1,-4,12,0,0,0,0,0,0,0,0,0
2026-03-27 19:37:52.111,45.918,0,-4,12,0,0,0,0,0,0,0,0,0
2026-03-27 19:37:52.191,45.998,0,-4,12,0,0,0,0,0,0,0,0,0
2026-03-27 19:37:52.255,46.062,0,-4,12,0,0,0,0,0,0,0,0,0
2026-03-27 19:37:52.382,46.190,0,-7,12,0,0,0,0,0,0,0,0,0
2026-03-27 19:37:52.384,46.191,0,-4,12,0,0,0,0,0,0,0,0,0
2026-03-27 19:37:52.543,46.350,0,-4,12,0,0,0,0,0,0,0,0,0
2026-03-27 19:37:52.623,46.430,0,-7,12,0,0,0,0,0,0,0,0,0
2026-03-27 19:37:52.799,46.606,0,-4,12,0,0,0,0,0,0,0,0,0
2026-03-27 19:37:52.834,46.641,3,-4,12,0,0,0,0,0,0,0,0,0
2026-03-27 19:37:52.896,46.704,0,-7,12,0,0,0,0,0,0,0,0,0
2026-03-27 19:37:53.071,46.878,0,-4,12,0,0,0,0,0,0,0,0,0
2026-03-27 19:37:53.103,46.910,0,-4,12,0,0,0,0,0,0,0,0,0
2026-03-27 19:37:53.311,47.118,3,-4,12,0,0,0,0,0,0,0,0,0
2026-03-27 19:37:53.374,47.182,3,-7,12,0,0,0,0,0,0,0,0,0
2026-03-27 19:37:53.423,47.230,0,-7,12,0,0,0,0,0,0,0,0,0
2026-03-27 19:37:53.824,47.631,0,-7,13,0,0,0,0,0,0,0,0,0
2026-03-27 19:37:53.920,47.727,0,-4,13,0,0,0,0,0,0,0,0,0
2026-03-27 19:37:53.923,47.730,1,-4,12,0,1,0,0,0,0,0,0,0
2026-03-27 19:37:53.967,47.774,1,-4,13,0,1,0,0,0,0,0,0,0
2026-03-27 19:37:54.111,47.919,3,-4,13,0,1,0,0,0,0,0,0,0
2026-03-27 19:37:54.210,48.017,3,-4,12,0,1,0,0,0,0,0,0,0
2026-03-27 19:37:54.337,48.144,1,-4,13,0,1,0,0,0,0,0,0,0
2026-03-27 19:37:54.385,48.192,0,-4,12,0,1,0,0,0,0,0,0,0
2026-03-27 19:37:54.510,48.317,0,-4,12,0,1,0,0,0,0,0,0,0
2026-03-27 19:37:54.640,48.448,0,-7,13,0,1,0,0,0,0,0,0,0
2026-03-27 19:37:54.645,48.452,1,-4,12,0,1,0,0,0,0,0,0,0
2026-03-27 19:37:54.655,48.462,3,-4,12,0,1,0,0,0,0,0,0,0
2026-03-27 19:37:54.804,48.611,3,-4,13,0,1,0,0,0,0,0,0,0
2026-03-27 19:37:54.945,48.752,0,-4,12,0,1,0,0,0,0,0,0,0
2026-03-27 19:37:55.041,48.849,1,-4,13,0,1,0,0,0,0,0,0,0
2026-03-27 19:37:55.119,48.926,1,-4,13,0,1,0,0,0,0,0,0,0
2026-03-27 19:37:55.280,49.087,3,-4,13,0,1,0,0,0,0,0,0,0
2026-03-27 19:37:55.392,49.200,1,-4,13,0,1,0,0,0,0,0,0,0
2026-03-27 19:37:55.507,49.314,1,-4,13,0,1,0,0,0,0,0,0,0
2026-03-27 19:37:55.583,49.391,0,-4,13,0,1,0,0,0,0,0,0,0
2026-03-27 19:37:55.663,49.470,1,-4,13,0,1,0,0,0,0,0,0,0
2026-03-27 19:37:55.667,49.474,0,-4,12,0,1,0,0,0,0,0,0,0
2026-03-27 19:37:55.777,49.584,3,-4,13,0,1,0,0,0,0,0,0,0
2026-03-27 19:37:55.874,49.681,0,-7,12,0,1,0,0,0,0,0,0,0
2026-03-27 19:37:55.952,49.759,0,-4,13,0,1,0,0,0,0,0,0,0
2026-03-27 19:37:56.049,49.857,1,-4,13,0,1,0,0,0,0,0,0,0
2026-03-27 19:37:56.159,49.966,0,-4,12,0,1,0,0,0,0,0,0,0
2026-03-27 19:37:56.367,50.175,0,-4,13,0,1,0,0,0,0,0,0,0
2026-03-27 19:37:56.478,50.286,0,-4,12,0,1,0,0,0,0,0,0,0
2026-03-27 19:37:56.485,50.292,1,-4,13,0,1,0,0,0,0,0,0,0
2026-03-27 19:37:56.592,50.399,1,-4,12,0,1,0,0,0,0,0,0,0
2026-03-27 19:37:56.602,50.409,1,-4,13,0,1,0,0,0,0,0,0,0
2026-03-27 19:37:56.691,50.498,1,-4,13,0,1,0,0,0,0,0,0,0
2026-03-27 19:37:56.782,50.589,4,-4,12,0,1,0,0,0,0,0,0,0
2026-03-27 19:37:57.055,50.863,1,-4,13,0,1,0,0,0,0,0,0,0
2026-03-27 19:37:57.135,50.942,1,-6,13,0,1,0,0,0,0,0,0,0
2026-03-27 19:37:57.233,51.040,3,-4,13,0,1,0,0,0,0,0,0,0
2026-03-27 19:37:57.393,51.201,1,-4,13,0,1,0,0,0,0,0,0,0
2026-03-27 19:37:57.474,51.281,1,-4,13,0,1,0,0,0,0,0,0,0
2026-03-27 19:37:57.520,51.327,1,-6,13,0,1,0,0,0,0,0,0,0
2026-03-27 19:37:57.694,51.502,1,-4,13,0,1,0,0,0,0,0,0,0
2026-03-27 19:37:57.715,51.523,1,-6,13,0,1,0,0,0,0,0,0,0
2026-03-27 19:37:57.759,51.566,1,-4,10,0,1,0,0,0,0,0,0,0
2026-03-27 19:37:57.951,51.759,0,-4,12,0,1,0,0,0,0,0,0,0
2026-03-27 19:37:58.098,51.905,4,-4,13,0,1,0,0,0,0,0,0,0
2026-03-27 19:37:58.225,52.033,1,-4,13,0,1,0,0,0,0,0,0,0
2026-03-27 19:37:58.240,52.047,0,-7,12,0,1,0,0,0,0,0,0,0
2026-03-27 19:37:58.246,52.053,1,-7,12,0,1,0,0,0,0,0,0,0
2026-03-27 19:37:58.351,52.159,1,-6,13,0,1,0,0,0,0,0,0,0
2026-03-27 19:37:58.463,52.271,0,-4,12,0,1,0,0,0,0,0,0,0
2026-03-27 19:37:58.578,52.385,1,-4,13,0,0,0,0,0,0,0,0,0
2026-03-27 19:37:58.655,52.462,3,-4,13,0,0,0,0,0,0,0,0,0
2026-03-27 19:37:58.674,52.482,3,-4,13,0,0,0,0,0,0,0,0,0
2026-03-27 19:37:58.785,52.592,0,-4,12,0,0,0,0,0,0,0,0,0
2026-03-27 19:37:58.847,52.654,1,-4,13,0,0,0,0,0,0,0,0,0
2026-03-27 19:37:58.991,52.798,1,-4,12,0,0,0,0,0,0,0,0,0
2026-03-27 19:37:58.995,52.803,1,-4,13,0,0,0,0,0,0,0,0,0
2026-03-27 19:37:59.088,52.895,1,-6,13,0,0,0,0,0,0,0,0,0
2026-03-27 19:37:59.167,52.974,1,-4,13,0,0,0,0,0,0,0,0,0
2026-03-27 19:37:59.362,53.169,1,-4,12,0,0,0,0,0,0,0,0,0
2026-03-27 19:37:59.471,53.278,0,-5,12,0,0,0,0,0,0,0,0,0
2026-03-27 19:37:59.583,53.390,3,-4,12,0,0,0,0,0,0,0,0,0
2026-03-27 19:37:59.585,53.392,0,-7,12,0,0,0,0,0,0,0,0,0
2026-03-27 19:37:59.663,53.470,0,-7,12,0,0,0,0,0,0,0,0,0
2026-03-27 19:37:59.807,53.614,0,-4,12,0,0,0,0,0,0,0,0,0
2026-03-27 19:37:59.813,53.621,0,-4,13,0,0,0,0,0,0,0,0,0
2026-03-27 19:37:59.918,53.726,0,-4,12,0,0,0,0,0,0,0,0,0
2026-03-27 19:38:00.014,53.822,1,-4,13,0,0,0,0,0,0,0,0,0
2026-03-27 19:38:00.020,53.828,0,-5,12,0,0,0,0,0,0,0,0,0
2026-03-27 19:38:00.111,53.918,1,-4,12,0,0,0,0,0,0,0,0,0
2026-03-27 19:38:00.175,53.982,0,-4,12,0,0,0,0,0,0,0,0,0
2026-03-27 19:38:00.182,53.989,0,-4,12,0,0,0,0,0,0,0,0,0
2026-03-27 19:38:00.287,54.095,0,-5,12,0,0,0,0,0,0,0,0,0
2026-03-27 19:38:00.367,54.174,1,-4,13,0,0,0,0,0,0,0,0,0
2026-03-27 19:38:00.494,54.301,1,-4,13,0,0,0,0,0,0,0,0,0
2026-03-27 19:38:00.498,54.306,0,-4,12,0,0,0,0,0,0,0,0,0
2026-03-27 19:38:00.511,54.319,0,-5,12,0,0,0,0,0,0,0,0,0
2026-03-27 19:38:00.591,54.398,1,-7,13,0,0,0,0,0,0,0,0,0
2026-03-27 19:38:00.767,54.574,0,-5,12,0,0,0,0,0,0,0,0,0
2026-03-27 19:38:00.912,54.720,1,-4,12,0,0,0,0,0,0,0,0,0
2026-03-27 19:38:01.009,54.817,1,-4,12,0,0,0,0,0,0,0,0,0
2026-03-27 19:38:01.118,54.926,1,-4,12,0,0,0,0,0,0,0,0,0
2026-03-27 19:38:01.230,55.038,1,-4,12,0,0,0,0,0,0,0,0,0
2026-03-27 19:38:01.280,55.087,1,-4,13,0,0,0,0,0,0,0,0,0
2026-03-27 19:38:01.423,55.230,1,-4,13,0,0,0,0,0,0,0,0,0
2026-03-27 19:38:01.518,55.326,3,-4,12,0,0,0,0,0,0,0,0,0
2026-03-27 19:38:01.663,55.470,3,-4,12,0,0,0,0,0,0,0,0,0
2026-03-27 19:38:01.763,55.570,1,-4,12,0,0,0,0,0,0,0,0,0
2026-03-27 19:38:01.839,55.646,3,-4,12,0,0,0,0,0,0,0,0,0
2026-03-27 19:38:01.903,55.710,1,-4,13,0,0,0,0,0,0,0,0,0
2026-03-27 19:38:02.016,55.823,1,-7,13,0,0,0,0,0,0,0,0,0
2026-03-27 19:38:02.130,55.937,1,-4,12,0,0,0,0,0,0,0,0,0
2026-03-27 19:38:02.255,56.062,0,-4,12,0,0,0,0,0,0,0,0,0
2026-03-27 19:38:02.271,56.079,0,-5,12,0,0,0,0,0,0,0,0,0
2026-03-27 19:38:02.415,56.222,0,-5,12,0,0,0,0,0,0,0,0,0
2026-03-27 19:38:02.496,56.303,3,-4,10,0,0,0,0,0,0,0,0,0
2026-03-27 19:38:02.703,56.510,3,-4,12,0,0,0,0,0,0,0,0,0
2026-03-27 19:38:02.831,56.638,3,-4,12,0,0,0,0,0,0,0,0,0
2026-03-27 19:38:02.836,56.644,1,-4,12,0,0,0,0,0,0,0,0,0
2026-03-27 19:38:02.926,56.734,1,-4,12,0,0,0,0,0,0,0,0,0
2026-03-27 19:38:02.944,56.751,1,-4,13,0,0,0,0,0,0,0,0,0
2026-03-27 19:38:03.055,56.862,3,-5,12,0,0,0,0,0,0,0,0,0
2026-03-27 19:38:03.062,56.870,0,-4,12,0,0,0,0,0,0,0,0,0
2026-03-27 19:38:03.134,56.942,1,-4,12,0,0,0,0,0,0,0,0,0
2026-03-27 19:38:03.296,57.103,3,-4,12,0,0,0,0,0,0,0,0,0
2026-03-27 19:38:03.406,57.213,1,-4,12,0,0,0,0,0,0,0,0,0
2026-03-27 19:38:03.502,57.309,0,-7,12,0,0,0,0,0,0,0,0,0
2026-03-27 19:38:03.615,57.422,1,-4,12,0,0,0,0,0,0,0,0,0
2026-03-27 19:38:03.631,57.439,0,-5,12,0,0,0,0,0,0,0,0,0
2026-03-27 19:38:03.762,57.569,1,-4,13,0,0,0,0,0,0,0,0,0
2026-03-27 19:38:03.871,57.678,1,-7,12,0,1,0,0,0,0,0,0,0
2026-03-27 19:38:04.015,57.822,0,-5,12,0,1,0,0,0,0,0,0,0
2026-03-27 19:38:04.050,57.857,3,-4,12,0,1,0,0,0,0,0,0,0
2026-03-27 19:38:04.222,58.030,1,-4,12,0,1,0,0,0,0,0,0,0
2026-03-27 19:38:04.287,58.094,1,-4,12,0,1,0,0,0,0,0,0,0
2026-03-27 19:38:04.431,58.238,0,-4,12,0,1,0,0,0,0,0,0,0
2026-03-27 19:38:04.495,58.302,1,-4,12,0,1,0,0,0,0,0,0,0
2026-03-27 19:38:04.500,58.308,3,-4,12,0,1,0,0,0,0,0,0,0
2026-03-27 19:38:04.502,58.310,3,-4,12,0,1,0,0,0,0,0,0,0
2026-03-27 19:38:04.559,58.367,2,-5,12,0,1,0,0,0,0,0,0,0
2026-03-27 19:38:04.751,58.558,3,-4,12,0,1,0,0,0,0,0,0,0
2026-03-27 19:38:04.863,58.670,0,-4,13,0,1,0,0,0,0,0,0,0
2026-03-27 19:38:05.022,58.829,3,-4,12,0,1,0,0,0,0,0,0,0
2026-03-27 19:38:05.054,58.862,3,-4,13,0,1,0,0,0,0,0,0,0
2026-03-27 19:38:05.166,58.974,3,-5,12,0,1,0,0,0,0,0,0,0
2026-03-27 19:38:05.278,59.086,1,-4,12,0,1,0,0,0,0,0,0,0
2026-03-27 19:38:05.438,59.246,3,-5,12,0,1,0,0,0,0,0,0,0
2026-03-27 19:38:05.599,59.406,0,-4,12,0,1,0,0,0,0,0,0,0
2026-03-27 19:38:05.694,59.502,0,-4,13,0,1,0,0,0,0,0,0,0
2026-03-27 19:38:05.806,59.614,0,-4,12,0,0,0,0,0,0,0,0,0
2026-03-27 19:38:05.902,59.710,0,-7,13,0,0,0,0,0,0,0,0,0
2026-03-27 19:38:05.967,59.774,0,-4,12,0,0,0,0,0,0,0,0,0
2026-03-27 19:38:06.094,59.901,0,-4,12,0,0,0,0,0,0,0,0,0
2026-03-27 19:38:06.238,60.046,0,-4,12,0,0,0,0,0,0,0,0,0
2026-03-27 19:38:06.318,60.126,0,-4,13,0,0,0,0,0,0,0,0,0
2026-03-27 19:38:06.398,60.205,2,-5,12,0,0,0,0,0,0,0,0,0
2026-03-27 19:38:06.608,60.416,0,-4,12,0,0,0,0,0,0,0,0,0
2026-03-27 19:38:06.720,60.527,0,-4,13,0,0,0,0,0,0,0,0,0
2026-03-27 19:38:06.846,60.654,0,-4,12,0,0,0,1,0,0,0,0,0
2026-03-27 19:38:06.958,60.765,3,-4,12,0,0,0,1,0,0,0,0,0
2026-03-27 19:38:07.006,60.814,0,-4,12,0,0,0,1,0,0,0,0,0
2026-03-27 19:38:07.118,60.925,3,-5,12,0,0,0,1,0,0,0,0,0
2026-03-27 19:38:07.215,61.022,0,-5,12,0,0,0,1,0,0,0,0,0
2026-03-27 19:38:07.231,61.038,0,-5,12,0,0,0,1,0,0,0,0,0
2026-03-27 19:38:07.438,61.245,3,-4,13,0,0,0,1,0,0,0,0,0
2026-03-27 19:38:07.550,61.358,3,-5,12,0,0,0,1,0,0,0,0,0
2026-03-27 19:38:07.582,61.390,0,-4,12,0,0,0,1,0,0,0,0,0
2026-03-27 19:38:07.694,61.501,0,-4,12,0,0,0,1,0,0,0,0,0
2026-03-27 19:38:07.854,61.661,3,-4,13,0,0,0,1,0,0,0,0,0
2026-03-27 19:38:07.934,61.741,1,-4,13,0,0,0,1,0,0,0,0,0
2026-03-27 19:38:08.062,61.869,1,-6,12,0,0,0,1,0,0,0,0,0
2026-03-27 19:38:08.078,61.885,0,-5,12,0,0,0,1,0,0,0,0,0
2026-03-27 19:38:08.147,61.954,0,-5,12,0,0,0,1,0,0,0,0,0
2026-03-27 19:38:08.223,62.030,0,-4,13,0,0,0,1,0,0,0,0,0
2026-03-27 19:38:08.337,62.144,2,-5,12,0,0,0,1,0,0,0,0,0
2026-03-27 19:38:08.462,62.270,1,-4,12,0,0,0,1,0,0,0,0,0
2026-03-27 19:38:08.494,62.301,1,-4,12,0,0,0,1,0,0,0,0,0
2026-03-27 19:38:08.622,62.429,3,-4,13,0,0,0,1,0,0,0,0,0
2026-03-27 19:38:08.670,62.477,1,-4,13,0,0,0,1,0,0,0,0,0
2026-03-27 19:38:08.766,62.574,3,-4,13,0,0,0,1,0,0,0,0,0
2026-03-27 19:38:08.862,62.670,1,-4,13,0,0,0,1,0,0,0,0,0
2026-03-27 19:38:08.959,62.766,2,-5,12,0,0,0,1,0,0,0,0,0
2026-03-27 19:38:09.070,62.877,0,-5,12,0,0,0,1,0,0,0,0,0
2026-03-27 19:38:09.166,62.973,3,-4,12,0,0,0,1,0,0,0,0,0
2026-03-27 19:38:09.278,63.085,0,-4,12,0,0,0,1,0,0,0,0,0
2026-03-27 19:38:09.326,63.134,0,-5,12,0,0,0,1,0,0,0,0,0
2026-03-27 19:38:09.407,63.214,0,-4,13,0,0,0,1,0,0,0,0,0
2026-03-27 19:38:09.583,63.390,0,-5,12,0,0,0,1,0,0,0,0,0
2026-03-27 19:38:09.694,63.501,0,-7,12,0,0,0,1,0,0,0,0,0
2026-03-27 19:38:09.822,63.630,3,-7,13,0,0,0,1,0,0,0,0,0
2026-03-27 19:38:09.919,63.726,2,-5,12,0,0,0,1,0,0,0,0,0
2026-03-27 19:38:10.062,63.869,1,-4,13,0,0,0,1,0,0,0,0,0
2026-03-27 19:38:10.142,63.949,1,-4,12,0,0,0,1,0,0,0,0,0
2026-03-27 19:38:10.287,64.094,2,-5,9,0,0,0,1,0,0,0,0,0
2026-03-27 19:38:10.446,64.253,0,-4,12,0,0,0,1,0,0,0,0,0
2026-03-27 19:38:10.478,64.285,0,-5,9,0,0,0,1,0,0,0,0,0
2026-03-27 19:38:10.590,64.397,3,-4,13,0,0,0,1,0,0,0,0,0
2026-03-27 19:38:10.592,64.399,0,-5,12,0,0,0,1,0,0,0,0,0
2026-03-27 19:38:10.718,64.526,3,-4,13,0,0,0,1,0,0,0,0,0
2026-03-27 19:38:10.750,64.557,3,-4,13,0,0,0,1,0,0,0,0,0
2026-03-27 19:38:10.766,64.573,2,-5,12,0,0,0,1,0,0,0,0,0
2026-03-27 19:38:10.846,64.653,0,-4,13,0,0,0,1,0,0,0,0,0
2026-03-27 19:38:10.975,64.782,3,-5,12,0,0,0,1,0,0,0,0,0
2026-03-27 19:38:11.134,64.941,1,-4,13,0,0,0,1,0,0,0,0,0
2026-03-27 19:38:11.214,65.022,0,-4,13,0,0,0,1,0,0,0,0,0
2026-03-27 19:38:11.295,65.102,3,-4,12,0,0,0,1,0,0,0,0,0
2026-03-27 19:38:11.470,65.278,0,-7,10,0,0,0,1,0,0,0,0,0
2026-03-27 19:38:11.485,65.293,1,-8,12,0,0,0,1,0,0,0,0,0
2026-03-27 19:38:11.487,65.294,0,-4,13,0,0,0,1,0,0,0,0,0
2026-03-27 19:38:11.566,65.373,0,-4,12,0,0,0,1,0,0,0,0,0
2026-03-27 19:38:11.711,65.518,3,-5,12,0,0,0,1,0,0,0,0,0
2026-03-27 19:38:11.791,65.598,0,-7,13,0,0,0,1,0,0,0,0,0
2026-03-27 19:38:11.951,65.758,0,-5,12,0,0,0,1,0,0,0,0,0
2026-03-27 19:38:11.982,65.789,0,-4,13,0,0,0,1,0,0,0,0,0
2026-03-27 19:38:12.078,65.885,0,-4,13,0,0,0,1,0,0,0,0,0
2026-03-27 19:38:12.222,66.029,0,-7,12,0,0,0,1,0,0,0,0,0
2026-03-27 19:38:12.238,66.045,0,-4,13,0,0,0,1,0,0,0,0,0
2026-03-27 19:38:12.287,66.094,0,-5,12,0,0,0,1,0,0,0,0,0
2026-03-27 19:38:12.431,66.238,0,-5,12,0,0,0,1,0,0,0,0,0
2026-03-27 19:38:12.510,66.317,3,-4,13,0,0,0,1,0,0,0,0,0
2026-03-27 19:38:12.590,66.398,0,-5,12,0,0,0,1,0,0,0,0,0
2026-03-27 19:38:12.702,66.509,0,-4,13,0,0,0,1,0,0,0,0,0
2026-03-27 19:38:12.830,66.637,0,-4,13,0,0,0,1,0,0,0,0,0
2026-03-27 19:38:12.831,66.638,1,-4,13,0,0,0,1,0,0,0,0,0
2026-03-27 19:38:12.974,66.782,1,-4,12,0,0,0,1,0,0,0,0,0
2026-03-27 19:38:13.054,66.862,0,-5,12,0,0,0,1,0,0,0,0,0
2026-03-27 19:38:13.182,66.989,0,-5,12,0,0,0,1,0,0,0,0,0
2026-03-27 19:38:13.184,66.992,0,-7,12,0,0,0,1,0,0,0,0,0
2026-03-27 19:38:13.262,67.069,0,-7,12,0,0,0,1,0,0,0,0,0
2026-03-27 19:38:13.358,67.166,0,-4,12,0,0,0,1,0,0,0,0,0
2026-03-27 19:38:13.454,67.262,0,-7,13,0,0,0,1,0,0,0,0,0
2026-03-27 19:38:13.662,67.469,0,-7,12,0,0,0,1,0,0,0,0,0
2026-03-27 19:38:13.711,67.518,0,-4,12,0,0,0,1,0,0,0,0,0
2026-03-27 19:38:13.822,67.629,1,-7,13,0,0,0,1,0,0,0,0,0
2026-03-27 19:38:13.902,67.709,3,-5,12,0,0,0,1,0,0,0,0,0
2026-03-27 19:38:13.998,67.806,0,-7,12,0,0,0,1,0,0,0,0,0
2026-03-27 19:38:14.158,67.965,0,-4,12,0,0,0,1,0,0,0,0,0
2026-03-27 19:38:14.270,68.077,0,-4,12,0,0,0,1,0,0,0,0,0
2026-03-27 19:38:14.398,68.205,0,-4,12,0,0,0,1,0,0,0,0,0
2026-03-27 19:38:14.478,68.285,0,-7,12,0,0,0,1,0,0,0,0,0
2026-03-27 19:38:14.479,68.286,0,-4,13,0,0,0,1,0,0,0,0,0
2026-03-27 19:38:14.494,68.302,0,-7,13,0,0,0,1,0,0,0,0,0
2026-03-27 19:38:14.558,68.366,0,-4,12,0,0,0,1,0,0,0,0,0
2026-03-27 19:38:14.686,68.493,3,-4,12,0,0,0,1,0,0,0,0,0
2026-03-27 19:38:14.798,68.605,0,-4,12,0,0,0,1,0,0,0,0,0
2026-03-27 19:38:14.894,68.702,1,-7,13,0,0,0,1,0,0,0,0,0
2026-03-27 19:38:15.022,68.829,0,-4,13,0,0,0,1,0,0,0,0,0
2026-03-27 19:38:15.039,68.846,2,-5,12,0,0,0,1,0,0,0,0,0
2026-03-27 19:38:15.118,68.925,0,-7,12,0,0,0,1,0,0,0,0,0
2026-03-27 19:38:15.166,68.973,0,-4,13,0,0,0,1,0,0,0,0,0
2026-03-27 19:38:15.293,69.100,0,-4,13,0,0,0,1,0,0,0,0,0
2026-03-27 19:38:15.295,69.102,0,-7,13,0,0,0,1,0,0,0,0,0
2026-03-27 19:38:15.342,69.149,0,-4,12,0,0,0,1,0,0,0,0,0
2026-03-27 19:38:15.454,69.261,0,-4,12,0,0,0,1,0,0,0,0,0
2026-03-27 19:38:15.550,69.357,0,-4,12,0,0,0,1,0,0,0,0,0
2026-03-27 19:38:15.678,69.485,0,-4,13,0,0,0,1,0,0,0,0,0
2026-03-27 19:38:15.806,69.613,0,-5,12,0,0,0,1,0,0,0,0,0
2026-03-27 19:38:15.886,69.693,3,-4,13,0,0,0,1,0,0,0,0,0
2026-03-27 19:38:16.013,69.821,3,-4,13,0,0,0,1,0,0,0,0,0
2026-03-27 19:38:16.190,69.997,1,-4,13,0,0,0,1,0,0,0,0,0
2026-03-27 19:38:16.318,70.125,0,-4,12,0,0,0,1,0,0,0,0,0
2026-03-27 19:38:16.398,70.205,0,-5,12,0,0,0,1,0,0,0,0,0
2026-03-27 19:38:16.413,70.220,1,-4,13,0,0,0,1,0,0,0,0,0
2026-03-27 19:38:16.462,70.269,3,-4,12,0,0,0,1,0,0,0,0,0
2026-03-27 19:38:16.605,70.413,0,-4,12,0,0,0,1,0,0,0,0,0
2026-03-27 19:38:16.686,70.493,0,-5,12,0,0,0,1,0,0,0,0,0
2026-03-27 19:38:16.845,70.653,0,-5,12,0,0,0,1,0,0,0,0,0
2026-03-27 19:38:16.847,70.654,0,-4,12,0,0,0,1,0,0,0,0,0
2026-03-27 19:38:16.957,70.765,3,-4,12,0,0,0,1,0,0,0,0,0
2026-03-27 19:38:16.959,70.766,3,-4,12,0,0,0,1,0,0,0,0,0
2026-03-27 19:38:17.102,70.909,3,-5,12,0,0,0,1,0,0,0,0,0
2026-03-27 19:38:17.182,70.989,2,-5,12,0,0,0,1,0,0,0,0,0
2026-03-27 19:38:17.294,71.101,3,-4,12,0,0,0,1,0,0,0,0,0
2026-03-27 19:38:17.437,71.244,3,-4,12,0,0,0,1,0,0,0,0,0
2026-03-27 19:38:17.439,71.246,3,-4,12,0,0,0,1,0,0,0,0,0
2026-03-27 19:38:17.517,71.325,3,-5,12,0,0,0,1,0,0,0,0,0
2026-03-27 19:38:17.614,71.422,3,-5,12,0,0,0,1,0,0,0,0,0
2026-03-27 19:38:17.757,71.565,3,-5,12,0,0,0,1,0,0,0,0,0
2026-03-27 19:38:17.902,71.709,0,-4,12,0,0,0,1,0,0,0,0,0
2026-03-27 19:38:17.934,71.741,0,-4,12,0,0,0,1,0,0,0,0,0
2026-03-27 19:38:18.094,71.901,3,-5,12,0,0,0,1,0,0,0,0,0
2026-03-27 19:38:18.302,72.109,3,-4,12,0,0,0,1,0,0,0,0,0
2026-03-27 19:38:18.413,72.221,0,-4,12,0,0,0,1,0,0,0,0,0
2026-03-27 19:38:18.415,72.222,0,-4,12,0,0,0,1,0,0,0,0,0
2026-03-27 19:38:18.478,72.286,0,-4,12,0,0,0,1,0,0,0,0,0
2026-03-27 19:38:18.638,72.445,0,-4,12,0,0,0,1,0,0,0,0,0
2026-03-27 19:38:18.685,72.493,3,-4,12,0,0,0,1,0,0,0,0,0
2026-03-27 19:38:18.845,72.653,3,-4,12,0,0,0,1,0,0,0,0,0
2026-03-27 19:38:18.957,72.765,3,-4,12,0,0,0,1,0,0,0,0,0
2026-03-27 19:38:19.038,72.845,0,-4,9,0,0,0,1,0,0,0,0,0
2026-03-27 19:38:19.086,72.893,3,-4,12,0,0,0,1,0,0,0,0,0
2026-03-27 19:38:19.198,73.005,3,-4,12,0,0,0,1,0,0,0,0,0
2026-03-27 19:38:19.373,73.181,3,-4,12,0,0,0,1,0,0,0,0,0
2026-03-27 19:38:19.485,73.293,1,-4,12,0,0,0,1,0,0,0,0,0
2026-03-27 19:38:19.646,73.453,3,-4,13,0,0,0,1,0,0,0,0,0
2026-03-27 19:38:19.649,73.457,0,-4,12,0,0,0,1,0,0,0,0,0
2026-03-27 19:38:19.742,73.549,0,-4,12,0,0,0,1,0,0,0,0,0
2026-03-27 19:38:19.853,73.660,0,-4,12,0,0,0,1,0,0,0,0,0
2026-03-27 19:38:19.854,73.662,0,-4,12,0,0,0,1,0,0,0,0,0
2026-03-27 19:38:19.918,73.725,0,-4,12,0,0,0,1,0,0,0,0,0
2026-03-27 19:38:20.029,73.836,0,-4,12,0,0,0,1,0,0,0,0,0
2026-03-27 19:38:20.174,73.981,3,-4,12,0,0,0,1,0,0,0,0,0
2026-03-27 19:38:20.317,74.124,0,-4,13,0,0,0,1,0,0,0,0,0
2026-03-27 19:38:20.365,74.173,0,-4,13,0,0,0,1,0,0,0,0,0
2026-03-27 19:38:20.366,74.174,1,-4,12,0,0,0,1,0,0,0,0,0
2026-03-27 19:38:20.368,74.175,0,-4,10,0,0,0,1,0,0,0,0,0
2026-03-27 19:38:20.461,74.269,0,-4,10,0,0,0,1,0,0,0,0,0
2026-03-27 19:38:20.541,74.348,3,-4,13,0,0,0,1,0,0,0,0,0
2026-03-27 19:38:20.542,74.350,0,-4,12,0,0,0,1,0,0,0,0,0
2026-03-27 19:38:20.749,74.557,0,-4,13,0,0,0,1,0,0,0,0,0
2026-03-27 19:38:20.751,74.558,1,-4,13,0,0,0,1,0,0,0,0,0
2026-03-27 19:38:20.816,74.624,1,-4,13,0,0,0,1,0,0,0,0,0
2026-03-27 19:38:20.925,74.733,1,-4,13,0,0,0,1,0,0,0,0,0
2026-03-27 19:38:21.085,74.892,3,-4,13,0,0,0,1,0,0,0,0,0
2026-03-27 19:38:21.086,74.893,1,-4,13,0,0,0,1,0,0,0,0,0
2026-03-27 19:38:21.182,74.989,3,-4,12,0,0,0,1,0,0,0,0,0
2026-03-27 19:38:21.199,75.007,0,-7,13,0,0,0,1,0,0,0,0,0
2026-03-27 19:38:21.278,75.085,0,-4,13,0,0,0,1,0,0,0,0,0
2026-03-27 19:38:21.405,75.213,0,-4,12,0,0,0,1,0,0,0,0,0
2026-03-27 19:38:21.470,75.277,0,-4,13,0,0,0,1,0,0,0,0,0
2026-03-27 19:38:21.565,75.373,0,-4,13,0,0,0,1,0,0,0,0,0
2026-03-27 19:38:21.741,75.549,0,-4,12,0,0,0,1,0,0,0,0,0
2026-03-27 19:38:21.837,75.645,3,-4,12,0,0,0,1,0,0,0,0,0
2026-03-27 19:38:21.885,75.693,0,-4,12,0,0,0,1,0,0,0,0,0
2026-03-27 19:38:21.888,75.695,3,-4,12,0,0,0,1,0,0,0,0,0
2026-03-27 19:38:21.966,75.773,3,-4,12,0,0,0,1,0,0,0,0,0
2026-03-27 19:38:22.094,75.901,0,-4,12,0,0,0,1,0,0,0,0,0
2026-03-27 19:38:22.190,75.997,3,-4,12,0,0,0,1,0,0,0,0,0
2026-03-27 19:38:22.237,76.045,3,-4,12,0,0,0,1,0,0,0,0,0
2026-03-27 19:38:22.430,76.237,3,-4,12,0,0,0,1,0,0,0,0,0
2026-03-27 19:38:22.526,76.333,3,-4,12,0,0,0,1,0,0,0,0,0
2026-03-27 19:38:22.621,76.429,3,-4,13,0,0,0,1,0,0,0,0,0
2026-03-27 19:38:22.718,76.525,3,-4,12,0,0,0,1,0,0,0,0,0
2026-03-27 19:38:22.749,76.557,0,-4,12,0,0,0,1,0,0,0,0,0
2026-03-27 19:38:22.813,76.620,0,-4,12,0,0,0,1,0,0,0,0,0
2026-03-27 19:38:22.941,76.749,3,-4,12,0,0,0,1,0,0,0,0,0
2026-03-27 19:38:23.038,76.845,0,-4,12,0,0,0,1,0,0,0,0,0
2026-03-27 19:38:23.117,76.924,3,-4,12,0,0,0,1,0,0,0,0,0
2026-03-27 19:38:23.119,76.926,0,-4,12,0,0,0,1,0,0,0,0,0
2026-03-27 19:38:23.229,77.036,0,-4,12,0,0,0,1,0,0,0,0,0
2026-03-27 19:38:23.357,77.164,3,-4,12,0,0,0,1,0,0,0,0,0
2026-03-27 19:38:23.453,77.261,0,-4,12,0,0,0,1,0,0,0,0,0
2026-03-27 19:38:23.533,77.340,0,-4,12,0,0,0,1,0,0,0,0,0
2026-03-27 19:38:23.646,77.453,0,-4,12,0,0,0,1,0,0,0,0,0
2026-03-27 19:38:23.649,77.456,3,-4,12,0,0,0,1,0,0,0,0,0
2026-03-27 19:38:23.725,77.533,3,-4,12,0,0,0,1,0,0,0,0,0
2026-03-27 19:38:23.870,77.677,0,-4,12,0,0,0,1,0,0,0,0,0
2026-03-27 19:38:23.997,77.804,3,-4,12,0,0,0,1,0,0,0,0,0
2026-03-27 19:38:24.109,77.916,0,-4,12,0,0,0,1,0,0,0,0,0
2026-03-27 19:38:24.157,77.965,3,-4,12,0,0,0,1,0,0,0,0,0
2026-03-27 19:38:24.174,77.981,3,-4,13,0,0,0,1,0,0,0,0,0
2026-03-27 19:38:24.302,78.109,3,-4,12,0,0,0,1,0,0,0,0,0
2026-03-27 19:38:24.303,78.111,3,-4,12,0,0,0,1,0,0,0,0,0
2026-03-27 19:38:24.365,78.173,3,-4,12,0,0,0,1,0,0,0,0,0
2026-03-27 19:38:24.381,78.188,0,-4,12,0,0,0,1,0,0,0,0,0
2026-03-27 19:38:24.510,78.317,2,-4,12,0,0,0,1,0,0,0,0,0
2026-03-27 19:38:24.653,78.461,3,-4,12,0,0,0,1,0,0,0,0,0
2026-03-27 19:38:24.701,78.509,0,-4,13,0,0,0,1,0,0,0,0,0
2026-03-27 19:38:24.845,78.652,0,-4,12,0,0,0,1,0,0,0,0,0
2026-03-27 19:38:24.894,78.701,0,-4,12,0,0,0,1,0,0,0,0,0
2026-03-27 19:38:25.037,78.845,0,-4,12,0,0,0,1,0,0,0,0,0
2026-03-27 19:38:25.118,78.925,0,-4,13,0,0,0,1,0,0,0,0,0
2026-03-27 19:38:25.149,78.957,0,-4,12,0,0,0,1,0,0,0,0,0
2026-03-27 19:38:25.245,79.053,0,-4,13,0,0,0,1,0,0,0,0,0
2026-03-27 19:38:25.247,79.054,0,-4,12,0,0,0,1,0,0,0,0,0
2026-03-27 19:38:25.374,79.181,3,-4,12,0,0,0,1,0,0,0,0,0
2026-03-27 19:38:25.437,79.245,2,-4,12,0,0,0,1,0,0,0,0,0
2026-03-27 19:38:25.455,79.262,3,-4,12,0,0,0,1,0,0,0,0,0
2026-03-27 19:38:25.629,79.437,2,-4,12,0,0,0,1,0,0,0,0,0
2026-03-27 19:38:25.662,79.470,3,-7,12,0,0,0,1,0,0,0,0,0
2026-03-27 19:38:25.773,79.580,3,-4,13,0,0,0,1,0,0,0,0,0
2026-03-27 19:38:25.869,79.676,0,-4,12,0,0,0,1,0,0,0,0,0
2026-03-27 19:38:25.918,79.725,3,-4,12,0,0,0,1,0,0,0,0,0
2026-03-27 19:38:26.045,79.852,0,-4,12,0,0,0,1,0,0,0,0,0
2026-03-27 19:38:26.237,80.044,0,-4,13,0,0,0,1,0,0,0,0,0
2026-03-27 19:38:26.269,80.077,3,-7,12,0,0,0,1,0,0,0,0,0
2026-03-27 19:38:26.397,80.204,0,-4,12,0,0,0,1,0,0,0,0,0
2026-03-27 19:38:26.462,80.270,3,-4,12,0,0,0,1,0,0,0,0,0
2026-03-27 19:38:26.557,80.365,3,-4,12,0,0,0,1,0,0,0,0,0
2026-03-27 19:38:26.654,80.461,3,-4,13,0,0,0,1,0,0,0,0,0
2026-03-27 19:38:26.670,80.478,0,-4,12,0,0,0,1,0,0,0,0,0
2026-03-27 19:38:26.797,80.604,3,-4,12,0,0,0,1,0,0,0,0,0
2026-03-27 19:38:26.799,80.606,3,-4,12,0,0,0,1,0,0,0,0,0
2026-03-27 19:38:26.845,80.652,3,-4,13,0,0,0,1,0,0,0,0,0
2026-03-27 19:38:26.974,80.781,0,-4,12,0,0,0,1,0,0,0,0,0
2026-03-27 19:38:27.069,80.876,3,-4,12,0,0,0,1,0,0,0,0,0
2026-03-27 19:38:27.166,80.973,0,-4,12,0,0,0,1,0,0,0,0,0
2026-03-27 19:38:27.325,81.133,3,-4,12,0,0,0,1,0,0,0,0,0
2026-03-27 19:38:27.328,81.135,3,-4,12,0,0,0,1,0,0,0,0,0
2026-03-27 19:38:27.389,81.196,0,-4,12,0,0,0,1,0,0,0,0,0
2026-03-27 19:38:27.613,81.421,0,-4,12,0,0,0,1,0,0,0,0,0
2026-03-27 19:38:27.645,81.452,0,-4,12,0,0,0,1,0,0,0,0,0
2026-03-27 19:38:27.661,81.468,2,-4,12,0,0,0,1,0,0,0,0,0
2026-03-27 19:38:27.774,81.581,3,-4,12,0,0,0,1,0,0,0,0,0
2026-03-27 19:38:27.836,81.644,0,-4,12,0,0,0,1,0,0,0,0,0
2026-03-27 19:38:27.853,81.660,0,-4,12,0,0,0,1,0,0,0,0,0
2026-03-27 19:38:27.950,81.757,0,-4,12,0,0,0,1,0,0,0,0,0
2026-03-27 19:38:28.110,81.917,1,-4,13,0,0,0,1,0,0,0,0,0
2026-03-27 19:38:28.141,81.949,0,-4,12,0,0,0,1,0,0,0,0,0
2026-03-27 19:38:28.286,82.093,0,-4,12,0,0,0,1,0,0,0,0,0
2026-03-27 19:38:28.317,82.124,3,-4,12,0,0,0,1,0,0,0,0,0
2026-03-27 19:38:28.319,82.126,3,-4,12,0,0,0,1,0,0,0,0,0
2026-03-27 19:38:28.446,82.253,3,-4,13,0,0,0,1,0,0,0,0,0
2026-03-27 19:38:28.463,82.270,0,-4,12,0,0,0,1,0,0,0,0,0
2026-03-27 19:38:28.542,82.349,0,-4,12,0,0,0,1,0,0,0,0,0
2026-03-27 19:38:28.813,82.620,0,-4,13,0,0,0,1,0,0,0,0,0
2026-03-27 19:38:28.846,82.653,0,-4,12,0,0,0,1,0,0,0,0,0
2026-03-27 19:38:28.941,82.749,0,-4,12,0,0,0,1,0,0,0,0,0
2026-03-27 19:38:29.133,82.940,3,-4,12,0,0,0,1,0,0,0,0,0
2026-03-27 19:38:29.261,83.068,3,-4,13,0,0,0,1,0,0,0,0,0
2026-03-27 19:38:29.263,83.070,3,-4,13,0,0,0,1,0,0,0,0,0
2026-03-27 19:38:29.264,83.071,0,-4,13,0,0,0,1,0,0,0,0,0
2026-03-27 19:38:29.341,83.148,3,-4,12,0,0,0,1,0,0,0,0,0
2026-03-27 19:38:29.405,83.212,1,-4,13,0,0,0,1,0,0,0,0,0
2026-03-27 19:38:29.406,83.213,0,-4,12,0,0,0,1,0,0,0,0,0
2026-03-27 19:38:29.550,83.357,0,-4,12,0,0,0,1,0,0,0,0,0
2026-03-27 19:38:29.581,83.388,3,-4,13,0,0,0,1,0,0,0,0,0
2026-03-27 19:38:29.693,83.500,0,-4,12,0,0,0,1,0,0,0,0,0
2026-03-27 19:38:29.757,83.564,3,-4,12,0,0,0,1,0,0,0,0,0
2026-03-27 19:38:29.885,83.692,3,-4,12,0,0,0,1,0,0,0,0,0
2026-03-27 19:38:29.901,83.709,3,-4,12,0,0,0,1,0,0,0,0,0
2026-03-27 19:38:29.903,83.710,0,-4,12,0,0,0,1,0,0,0,0,0
2026-03-27 19:38:30.061,83.868,3,-4,12,0,0,0,1,0,0,0,0,0
2026-03-27 19:38:30.142,83.949,3,-4,12,0,0,0,1,0,0,0,0,0
2026-03-27 19:38:30.237,84.045,3,-4,12,0,0,0,1,0,0,0,0,0
2026-03-27 19:38:30.350,84.157,3,-4,12,0,0,0,1,0,0,0,0,0
2026-03-27 19:38:30.477,84.284,0,-4,12,0,0,0,1,0,0,0,0,0
2026-03-27 19:38:30.589,84.396,3,-4,13,0,0,0,1,0,0,0,0,0
2026-03-27 19:38:30.797,84.604,3,-4,13,0,0,0,1,0,0,0,0,0
2026-03-27 19:38:30.845,84.652,0,-4,12,0,0,0,1,0,0,0,0,0
2026-03-27 19:38:30.989,84.796,0,-4,12,0,0,0,1,0,0,0,0,0
2026-03-27 19:38:31.021,84.828,1,-4,13,0,0,0,1,0,0,0,0,0
2026-03-27 19:38:31.181,84.988,3,-4,12,0,0,0,1,0,0,0,0,0
2026-03-27 19:38:31.245,85.052,3,-4,13,0,0,0,1,0,0,0,0,0
2026-03-27 19:38:31.341,85.148,3,-4,12,0,0,0,1,0,0,0,0,0
2026-03-27 19:38:31.437,85.244,3,-4,13,0,0,0,1,0,0,0,0,0
2026-03-27 19:38:31.549,85.356,0,-4,12,0,0,0,1,0,0,0,0,0
2026-03-27 19:38:31.613,85.420,3,-4,12,0,0,0,1,0,0,0,0,0
2026-03-27 19:38:31.629,85.436,0,-4,12,0,0,0,1,0,0,0,0,0
2026-03-27 19:38:31.741,85.548,0,-4,12,0,0,0,1,0,0,0,0,0
2026-03-27 19:38:31.836,85.643,3,-4,13,0,0,0,1,0,0,0,0,0
2026-03-27 19:38:31.837,85.645,3,-4,10,0,0,0,1,0,0,0,0,0
2026-03-27 19:38:31.933,85.740,3,-4,12,0,0,0,1,0,0,0,0,0
2026-03-27 19:38:32.093,85.900,3,-4,12,0,0,0,1,0,0,0,0,0
2026-03-27 19:38:32.141,85.948,3,-4,12,0,0,0,1,0,0,0,0,0
2026-03-27 19:38:32.253,86.060,3,-4,12,0,0,0,1,0,0,0,0,0
2026-03-27 19:38:32.477,86.285,3,-4,12,0,0,0,1,0,0,0,0,0
2026-03-27 19:38:32.605,86.412,0,-4,12,0,0,0,1,0,0,0,0,0
2026-03-27 19:38:32.621,86.428,3,-4,12,0,0,0,1,0,0,0,0,0
2026-03-27 19:38:32.622,86.429,0,-4,12,0,0,0,1,0,0,0,0,0
2026-03-27 19:38:32.733,86.540,0,-4,12,0,0,0,1,0,0,0,0,0
2026-03-27 19:38:32.829,86.636,0,-4,12,0,0,0,1,0,0,0,0,0
2026-03-27 19:38:32.973,86.781,3,-4,13,0,0,0,1,0,0,0,0,0
2026-03-27 19:38:32.976,86.784,3,-7,13,0,0,0,1,0,0,0,0,0
2026-03-27 19:38:33.117,86.924,3,-4,12,0,0,0,1,0,0,0,0,0
2026-03-27 19:38:33.213,87.020,0,-4,12,0,0,0,1,0,0,0,0,0
2026-03-27 19:38:33.325,87.132,3,-4,12,0,0,0,1,0,0,0,0,0
2026-03-27 19:38:33.453,87.260,3,-4,12,0,0,0,1,0,0,0,0,0
2026-03-27 19:38:33.516,87.323,3,-4,12,0,0,0,1,0,0,0,0,0
2026-03-27 19:38:33.521,87.328,0,-4,12,0,0,0,1,0,0,0,0,0
2026-03-27 19:38:33.661,87.468,0,-4,12,0,0,0,1,0,0,0,0,0
2026-03-27 19:38:33.692,87.500,2,-4,12,0,0,0,1,0,0,0,0,0
2026-03-27 19:38:33.806,87.613,3,-4,12,0,0,0,1,0,0,0,0,0
2026-03-27 19:38:33.917,87.724,3,-4,13,0,0,0,1,0,0,0,0,0
2026-03-27 19:38:33.919,87.726,2,-4,12,0,0,0,1,0,0,0,0,0
2026-03-27 19:38:34.013,87.820,2,-4,12,0,0,0,1,0,0,0,0,0
2026-03-27 19:38:34.157,87.964,3,-4,12,0,0,0,1,0,0,0,0,0
2026-03-27 19:38:34.205,88.013,3,-4,12,0,0,0,1,0,0,0,0,0
2026-03-27 19:38:34.317,88.124,3,-4,12,0,0,0,1,0,0,0,0,0
2026-03-27 19:38:34.429,88.236,3,-4,12,0,0,0,1,0,0,0,0,0
2026-03-27 19:38:34.435,88.243,3,-4,12,0,0,0,1,0,0,0,0,0
2026-03-27 19:38:34.541,88.349,0,-4,12,0,0,0,1,0,0,0,0,0
2026-03-27 19:38:34.542,88.350,0,-4,12,0,0,0,1,0,0,0,0,0
2026-03-27 19:38:34.557,88.364,0,-4,12,0,0,0,1,0,0,0,0,0
2026-03-27 19:38:34.749,88.556,0,-4,12,0,0,0,1,0,0,0,0,0
2026-03-27 19:38:34.796,88.604,0,-4,12,0,0,0,1,0,0,0,0,0
2026-03-27 19:38:34.813,88.620,0,-4,12,0,0,0,1,0,0,0,0,0
2026-03-27 19:38:34.924,88.732,2,-4,12,0,0,0,1,0,0,0,0,0
2026-03-27 19:38:34.988,88.796,3,-4,12,0,0,0,1,0,0,0,0,0
2026-03-27 19:38:35.101,88.908,3,-4,13,0,0,0,1,0,0,0,0,0
2026-03-27 19:38:35.244,89.052,3,-4,12,0,0,0,1,0,0,0,0,0
2026-03-27 19:38:35.341,89.148,3,-4,12,0,0,0,1,0,0,0,0,0
2026-03-27 19:38:35.405,89.212,0,-4,13,0,0,0,1,0,0,0,0,0
2026-03-27 19:38:35.581,89.388,3,-4,12,0,0,0,1,0,0,0,0,0
2026-03-27 19:38:35.597,89.404,3,-4,12,0,0,0,1,0,0,0,0,0
2026-03-27 19:38:35.645,89.452,2,-4,12,0,0,0,1,0,0,0,0,0
2026-03-27 19:38:35.741,89.548,3,-4,13,0,0,0,1,0,0,0,0,0
2026-03-27 19:38:35.743,89.550,2,-4,12,0,0,0,1,0,0,0,0,0
2026-03-27 19:38:35.885,89.692,2,-4,12,0,0,0,1,0,0,0,0,0
2026-03-27 19:38:35.901,89.708,3,-4,13,0,0,0,1,0,0,0,0,0
2026-03-27 19:38:35.916,89.724,3,-4,12,0,0,0,1,0,0,0,0,0
2026-03-27 19:38:35.933,89.740,3,-4,12,0,0,0,1,0,0,0,0,0
2026-03-27 19:38:36.044,89.852,3,-4,12,0,0,0,1,0,0,0,0,0
2026-03-27 19:38:36.156,89.964,2,-4,12,0,0,0,1,0,0,0,0,0
2026-03-27 19:38:36.252,90.060,3,-4,12,0,0,0,1,0,0,0,0,0
2026-03-27 19:38:36.268,90.075,3,-4,12,0,0,0,1,0,0,0,0,0
2026-03-27 19:38:36.429,90.237,3,-4,12,0,0,0,1,0,0,0,0,0
2026-03-27 19:38:36.477,90.285,3,-4,12,0,0,0,1,0,0,0,0,0
2026-03-27 19:38:36.652,90.459,0,-4,12,0,0,0,1,0,0,0,0,0
2026-03-27 19:38:36.701,90.508,0,-5,12,0,0,0,1,0,0,0,0,0
2026-03-27 19:38:36.780,90.588,3,-4,12,0,0,0,1,0,0,0,0,0
2026-03-27 19:38:36.893,90.700,0,-4,12,0,0,0,1,0,0,0,0,0
2026-03-27 19:38:36.988,90.796,3,-4,12,0,0,0,1,0,0,0,0,0
2026-03-27 19:38:37.132,90.940,3,-4,12,0,0,0,1,0,0,0,0,0
2026-03-27 19:38:37.213,91.020,0,-4,13,0,0,0,1,0,0,0,0,0
2026-03-27 19:38:37.324,91.132,3,-5,12,0,0,0,1,0,0,0,0,0
2026-03-27 19:38:37.452,91.260,3,-4,12,0,0,0,1,0,0,0,0,0
2026-03-27 19:38:37.532,91.340,3,-4,12,0,0,0,1,0,0,0,0,0
2026-03-27 19:38:37.677,91.484,3,-4,13,0,0,0,1,0,0,0,0,0
2026-03-27 19:38:37.709,91.516,0,-4,12,0,0,0,1,0,0,0,0,0
2026-03-27 19:38:37.788,91.596,3,-4,12,0,0,0,1,0,0,0,0,0
2026-03-27 19:38:37.996,91.804,3,-4,12,0,0,0,1,0,0,0,0,0
2026-03-27 19:38:38.028,91.836,3,-4,12,0,0,0,1,0,0,0,0,0
2026-03-27 19:38:38.157,91.965,2,-4,12,0,0,0,1,0,0,0,0,0
2026-03-27 19:38:38.284,92.092,3,-4,12,0,0,0,1,0,0,0,0,0
2026-03-27 19:38:38.381,92.188,3,-4,12,0,0,0,1,0,0,0,0,0
2026-03-27 19:38:38.509,92.316,0,-4,12,0,0,0,1,0,0,0,0,0
2026-03-27 19:38:38.605,92.412,0,-4,12,0,0,0,1,0,0,0,0,0
2026-03-27 19:38:38.748,92.556,3,-4,13,0,0,0,1,0,0,0,0,0
2026-03-27 19:38:38.860,92.668,0,-4,12,0,0,0,1,0,0,0,0,0
2026-03-27 19:38:39.004,92.812,0,-4,12,0,0,0,1,0,0,0,0,0
2026-03-27 19:38:39.006,92.813,0,-4,12,0,0,0,1,0,0,0,0,0
2026-03-27 19:38:39.007,92.815,3,-4,12,0,0,0,1,0,0,0,0,0
2026-03-27 19:38:39.101,92.908,3,-4,12,0,0,0,1,0,0,0,0,0
2026-03-27 19:38:39.180,92.988,3,-4,12,0,0,0,1,0,0,0,0,0
2026-03-27 19:38:39.212,93.020,3,-4,12,0,0,0,1,0,0,0,0,0
2026-03-27 19:38:39.309,93.116,2,-4,12,0,0,0,1,0,0,0,0,0
2026-03-27 19:38:39.421,93.228,3,-4,12,0,0,0,1,0,0,0,0,0
2026-03-27 19:38:39.500,93.307,0,-4,12,0,0,0,1,0,0,0,0,0
2026-03-27 19:38:39.645,93.452,3,-4,12,0,0,0,1,0,0,0,0,0
2026-03-27 19:38:39.724,93.532,3,-7,12,0,0,0,1,0,0,0,0,0
2026-03-27 19:38:39.869,93.676,3,-4,12,0,0,0,1,0,0,0,0,0
2026-03-27 19:38:39.916,93.724,1,-4,12,0,0,0,1,0,0,0,0,0
2026-03-27 19:38:40.077,93.884,3,-4,12,0,0,0,1,0,0,0,0,0
2026-03-27 19:38:40.252,94.060,2,-7,12,0,0,0,1,0,0,0,0,0
2026-03-27 19:38:40.284,94.092,0,-4,12,0,0,0,1,0,0,0,0,0
2026-03-27 19:38:40.301,94.109,0,-4,12,0,0,0,1,0,0,0,0,0
2026-03-27 19:38:40.429,94.236,0,-4,12,0,0,0,1,0,0,0,0,0
2026-03-27 19:38:40.476,94.284,3,-7,13,0,0,0,1,0,0,0,0,0
2026-03-27 19:38:40.589,94.396,3,-4,12,0,0,0,1,0,0,0,0,0
2026-03-27 19:38:40.604,94.411,3,-4,12,0,0,0,1,0,0,0,0,0
2026-03-27 19:38:40.735,94.542,3,-4,12,0,0,0,1,0,0,0,0,0
2026-03-27 19:38:40.813,94.621,3,-4,12,0,0,0,1,0,0,0,0,0
2026-03-27 19:38:40.818,94.625,3,-4,12,0,0,0,1,0,0,0,0,0
2026-03-27 19:38:40.877,94.684,0,-4,12,0,0,0,1,0,0,0,0,0
2026-03-27 19:38:40.956,94.764,3,-4,12,0,0,0,1,0,0,0,0,0
2026-03-27 19:38:41.148,94.956,3,-4,12,0,0,0,1,0,0,0,0,0
2026-03-27 19:38:41.196,95.004,2,-4,12,0,0,0,1,0,0,0,0,0
2026-03-27 19:38:41.357,95.164,3,-4,13,0,0,0,1,0,0,0,0,0
2026-03-27 19:38:41.405,95.212,3,-4,12,0,0,0,1,0,0,0,0,0
2026-03-27 19:38:41.406,95.213,2,-4,12,0,0,0,1,0,0,0,0,0
2026-03-27 19:38:41.564,95.372,3,-4,12,0,0,0,1,0,0,0,0,0
2026-03-27 19:38:41.692,95.500,2,-4,12,0,0,0,1,0,0,0,0,0
2026-03-27 19:38:41.709,95.516,0,-5,12,0,0,0,1,0,0,0,0,0
2026-03-27 19:38:41.885,95.692,0,-4,12,0,0,0,1,0,0,0,0,0
2026-03-27 19:38:42.029,95.836,0,-4,12,0,0,0,1,0,0,0,0,0
2026-03-27 19:38:42.141,95.948,3,-5,12,0,0,0,1,0,0,0,0,0
2026-03-27 19:38:42.268,96.075,3,-4,13,0,0,0,1,0,0,0,0,0
2026-03-27 19:38:42.364,96.172,3,-4,12,0,0,0,1,0,0,0,0,0
2026-03-27 19:38:42.477,96.284,3,-4,12,0,0,0,1,0,0,0,0,0
2026-03-27 19:38:42.604,96.412,3,-4,12,0,0,0,1,0,0,0,0,0
2026-03-27 19:38:42.636,96.444,0,-4,12,0,0,0,1,0,0,0,0,0
2026-03-27 19:38:42.732,96.539,0,-4,12,0,0,0,1,0,0,0,0,0
2026-03-27 19:38:42.749,96.557,2,-4,12,0,0,0,1,0,0,0,0,0
2026-03-27 19:38:42.860,96.667,3,-4,12,0,0,0,1,0,0,0,0,0
2026-03-27 19:38:42.972,96.779,3,-4,12,0,0,0,1,0,0,0,0,0
2026-03-27 19:38:43.132,96.940,3,-4,12,0,0,0,1,0,0,0,0,0
2026-03-27 19:38:43.164,96.971,3,-4,12,0,0,0,1,0,0,0,0,0
2026-03-27 19:38:43.309,97.116,3,-4,12,0,0,0,1,0,0,0,0,0
2026-03-27 19:38:43.372,97.180,3,-4,12,0,0,0,1,0,0,0,0,0
2026-03-27 19:38:43.501,97.308,3,-4,12,0,0,0,1,0,0,0,0,0
2026-03-27 19:38:43.596,97.403,3,-4,12,0,0,0,1,0,0,0,0,0
2026-03-27 19:38:43.725,97.532,3,-4,12,0,0,0,1,0,0,0,0,0
2026-03-27 19:38:43.884,97.691,3,-4,12,0,0,0,1,0,0,0,0,0
2026-03-27 19:38:43.948,97.755,2,-4,12,0,0,0,1,0,0,0,0,0
2026-03-27 19:38:44.013,97.820,3,-4,12,0,0,0,1,0,0,0,0,0
2026-03-27 19:38:44.076,97.884,0,-4,12,0,0,0,1,0,0,0,0,0
2026-03-27 19:38:44.204,98.012,3,-4,12,0,0,0,1,0,0,0,0,0
2026-03-27 19:38:44.348,98.155,3,-4,13,0,0,0,1,0,0,0,0,0
2026-03-27 19:38:44.445,98.252,3,-4,12,0,0,0,1,0,0,0,0,0
2026-03-27 19:38:44.509,98.316,3,-4,12,0,0,0,1,0,0,0,0,0
2026-03-27 19:38:44.605,98.412,2,-4,12,0,0,0,1,0,0,0,0,0
2026-03-27 19:38:44.652,98.460,3,-4,12,0,0,0,1,0,0,0,0,0
2026-03-27 19:38:44.764,98.571,3,-4,12,0,0,0,1,0,0,0,0,0
2026-03-27 19:38:44.877,98.684,0,-4,12,0,0,0,1,0,0,0,0,0
2026-03-27 19:38:45.069,98.876,3,-4,12,0,0,0,1,0,0,0,0,0
2026-03-27 19:38:45.164,98.971,3,-4,12,0,0,0,1,0,0,0,0,0
2026-03-27 19:38:45.212,99.020,3,-4,12,0,0,0,1,0,0,0,0,0
2026-03-27 19:38:45.373,99.180,3,-4,10,0,0,0,1,0,0,0,0,0
2026-03-27 19:38:45.405,99.212,3,-4,12,0,0,0,1,0,0,0,0,0
2026-03-27 19:38:45.501,99.308,3,-4,12,0,0,0,1,0,0,0,0,0
2026-03-27 19:38:45.629,99.436,3,-4,12,0,0,0,1,0,0,0,0,0
2026-03-27 19:38:45.709,99.516,3,-4,12,0,0,0,1,0,0,0,0,0
2026-03-27 19:38:45.821,99.628,3,-4,13,0,0,0,1,0,0,0,0,0
2026-03-27 19:38:45.933,99.740,2,-4,12,0,0,0,1,0,0,0,0,0
2026-03-27 19:38:46.077,99.884,3,-4,12,0,0,0,1,0,0,0,0,0
2026-03-27 19:38:46.140,99.947,3,-4,12,0,0,0,1,0,0,0,0,0
2026-03-27 19:38:46.429,100.236,3,-4,12,0,0,0,1,0,0,0,0,0
2026-03-27 19:38:46.508,100.316,0,-4,12,0,0,0,1,0,0,0,0,0
2026-03-27 19:38:46.652,100.459,3,-4,12,0,0,0,1,0,0,0,0,0
2026-03-27 19:38:46.732,100.539,3,-4,12,0,0,0,1,0,0,0,0,0
2026-03-27 19:38:46.829,100.636,3,-4,12,0,0,0,1,0,0,0,0,0
2026-03-27 19:38:46.940,100.747,3,-4,12,0,0,0,1,0,0,0,0,0
2026-03-27 19:38:47.068,100.876,2,-4,12,0,0,0,1,0,0,0,0,0
2026-03-27 19:38:47.180,100.987,0,-4,12,0,0,0,1,0,0,0,0,0
2026-03-27 19:38:47.275,101.083,2,-4,12,0,0,0,1,0,0,0,0,0
2026-03-27 19:38:47.356,101.163,3,-4,12,0,0,0,1,0,0,0,0,0
2026-03-27 19:38:47.404,101.211,0,-4,13,0,0,0,1,0,0,0,0,0
2026-03-27 19:38:47.547,101.355,0,-4,12,0,0,0,1,0,0,0,0,0
2026-03-27 19:38:47.644,101.451,3,-4,12,0,0,0,1,0,0,0,0,0
2026-03-27 19:38:47.724,101.532,2,-4,12,0,0,0,1,0,0,0,0,0
2026-03-27 19:38:47.729,101.536,0,-4,12,0,0,0,1,0,0,0,0,0
2026-03-27 19:38:47.852,101.659,0,-4,12,0,0,0,1,0,0,0,0,0
2026-03-27 19:38:47.916,101.723,3,-4,12,0,0,0,1,0,0,0,0,0
2026-03-27 19:38:48.076,101.883,0,-4,12,0,0,0,1,0,0,0,0,0
2026-03-27 19:38:48.141,101.948,2,-4,12,0,0,0,1,0,0,0,0,0
2026-03-27 19:38:48.252,102.060,3,-4,12,0,0,0,1,0,0,0,0,0
2026-03-27 19:38:48.348,102.155,3,-4,12,0,0,0,1,0,0,0,0,0
2026-03-27 19:38:48.364,102.172,3,-4,12,0,0,0,1,0,0,0,0,0
2026-03-27 19:38:48.460,102.267,3,-4,12,0,0,0,1,0,0,0,0,0
2026-03-27 19:38:48.572,102.379,2,-4,12,0,0,0,1,0,0,0,0,0
2026-03-27 19:38:48.700,102.508,2,-4,12,0,0,0,1,0,0,0,0,0
2026-03-27 19:38:48.844,102.651,3,-4,12,0,0,0,1,0,0,0,0,0
2026-03-27 19:38:48.892,102.699,0,-4,12,0,0,0,1,0,0,0,0,0
2026-03-27 19:38:49.084,102.892,0,-4,12,0,0,0,1,0,0,0,0,0
2026-03-27 19:38:49.212,103.019,3,-4,12,0,0,0,1,0,0,0,0,0
2026-03-27 19:38:49.231,103.039,3,-4,12,0,0,0,1,0,0,0,0,0
2026-03-27 19:38:49.356,103.163,3,-4,12,0,0,0,1,0,0,0,0,0
2026-03-27 19:38:49.420,103.227,3,-4,12,0,0,0,1,0,0,0,0,0
2026-03-27 19:38:49.548,103.355,3,-4,12,0,0,0,1,0,0,0,0,0
2026-03-27 19:38:49.628,103.435,2,-4,12,0,0,0,1,0,0,0,0,0
2026-03-27 19:38:49.741,103.548,3,-4,12,0,0,0,1,0,0,0,0,0
2026-03-27 19:38:49.837,103.644,3,-5,13,0,0,0,1,0,0,0,0,0
2026-03-27 19:38:49.981,103.788,3,-4,12,0,0,0,1,0,0,0,0,0
2026-03-27 19:38:50.060,103.867,3,-4,12,0,0,0,1,0,0,0,0,0
2026-03-27 19:38:50.172,103.980,0,-4,12,0,0,0,1,0,0,0,0,0
2026-03-27 19:38:50.284,104.092,3,-4,12,0,0,0,1,0,0,0,0,0
2026-03-27 19:38:50.396,104.204,3,-4,12,0,0,0,1,0,0,0,0,0
2026-03-27 19:38:50.476,104.284,3,-4,12,0,0,0,1,0,0,0,0,0
2026-03-27 19:38:50.492,104.299,2,-4,12,0,0,0,1,0,0,0,0,0
2026-03-27 19:38:50.493,104.301,2,-4,12,0,0,0,1,0,0,0,0,0
2026-03-27 19:38:50.604,104.411,3,-4,12,0,0,0,1,0,0,0,0,0
2026-03-27 19:38:50.716,104.523,2,-4,12,0,0,0,1,0,0,0,0,0
2026-03-27 19:38:50.860,104.668,3,-4,12,0,0,0,1,0,0,0,0,0
2026-03-27 19:38:50.908,104.715,3,-4,12,0,0,0,1,0,0,0,0,0
2026-03-27 19:38:50.940,104.747,3,-4,12,0,0,0,1,0,0,0,0,0
2026-03-27 19:38:51.084,104.892,3,-4,12,0,0,0,1,0,0,0,0,0
2026-03-27 19:38:51.196,105.003,0,-4,12,0,0,0,1,0,0,0,0,0
2026-03-27 19:38:51.324,105.131,2,-4,12,0,0,0,1,0,0,0,0,0
2026-03-27 19:38:51.436,105.243,0,-4,12,0,0,0,1,0,0,0,0,0
2026-03-27 19:38:51.484,105.291,3,-4,12,0,0,0,1,0,0,0,0,0
2026-03-27 19:38:51.596,105.403,3,-4,12,0,0,0,1,0,0,0,0,0
2026-03-27 19:38:51.771,105.579,3,-4,12,0,0,0,1,0,0,0,0,0
2026-03-27 19:38:51.773,105.580,0,-4,12,0,0,0,1,0,0,0,0,0
2026-03-27 19:38:51.774,105.581,0,-4,12,0,0,0,1,0,0,0,0,0
2026-03-27 19:38:51.900,105.707,3,-4,12,0,0,0,1,0,0,0,0,0
2026-03-27 19:38:51.948,105.755,3,-4,13,0,0,0,1,0,0,0,0,0
2026-03-27 19:38:52.044,105.851,0,-4,12,0,0,0,1,0,0,0,0,0
2026-03-27 19:38:52.235,106.043,3,-4,13,0,0,0,1,0,0,0,0,0
2026-03-27 19:38:52.284,106.091,3,-4,12,0,0,0,1,0,0,0,0,0
2026-03-27 19:38:52.428,106.235,3,-4,12,0,0,0,1,0,0,0,0,0
2026-03-27 19:38:52.572,106.379,3,-5,12,0,0,0,1,0,0,0,0,0
2026-03-27 19:38:52.732,106.539,3,-5,12,0,0,0,1,0,0,0,0,0
2026-03-27 19:38:52.828,106.636,3,-5,12,0,0,0,1,0,0,0,0,0
2026-03-27 19:38:52.975,106.782,3,-5,12,0,0,0,1,0,0,0,0,0
2026-03-27 19:38:53.054,106.861,3,-5,12,0,0,0,1,0,0,0,0,0
2026-03-27 19:38:53.180,106.987,0,-5,12,0,0,0,1,0,0,0,0,0
2026-03-27 19:38:53.185,106.992,2,-5,11,0,0,0,1,0,0,0,0,0
2026-03-27 19:38:53.188,106.996,2,-5,12,0,0,0,1,0,0,0,0,0
2026-03-27 19:38:53.276,107.083,2,-5,11,0,0,0,1,0,0,0,0,0
2026-03-27 19:38:53.372,107.179,2,-5,11,0,0,0,1,0,0,0,0,0
2026-03-27 19:38:53.580,107.388,2,-5,11,0,0,0,1,0,0,0,0,0
2026-03-27 19:38:53.648,107.455,2,-5,12,0,0,0,1,0,0,0,0,0
2026-03-27 19:38:53.804,107.611,2,-5,12,0,0,0,1,0,0,0,0,0
2026-03-27 19:38:53.820,107.627,2,-5,12,0,0,0,1,0,0,0,0,0
2026-03-27 19:38:53.900,107.707,3,-5,12,0,0,0,1,0,0,0,0,0
2026-03-27 19:38:54.044,107.851,3,-5,12,0,0,0,1,0,0,0,0,0
2026-03-27 19:38:54.124,107.931,2,-5,12,0,0,0,1,0,0,0,0,0
2026-03-27 19:38:54.127,107.935,2,-4,12,0,0,0,1,0,0,0,0,0
2026-03-27 19:38:54.132,107.939,2,-5,12,0,0,0,1,0,0,0,0,0
2026-03-27 19:38:54.221,108.028,2,-5,12,0,0,0,1,0,0,0,0,0
2026-03-27 19:38:54.396,108.203,3,-5,12,0,0,0,1,0,0,0,0,0
2026-03-27 19:38:54.478,108.285,2,-5,12,0,0,0,1,0,0,0,0,0
2026-03-27 19:38:54.604,108.411,2,-5,12,0,0,0,1,0,0,0,0,0
2026-03-27 19:38:54.700,108.507,2,-5,12,0,0,0,1,0,0,0,0,0
2026-03-27 19:38:54.828,108.635,2,-5,12,0,0,0,1,0,0,0,0,0
2026-03-27 19:38:54.911,108.718,0,-4,12,0,0,0,1,0,0,0,0,0
2026-03-27 19:38:55.068,108.875,2,-5,12,0,0,0,1,0,0,0,0,0
2026-03-27 19:38:55.212,109.019,2,-5,12,0,0,0,1,0,0,0,0,0
2026-03-27 19:38:55.307,109.114,3,-4,12,0,0,0,1,0,0,0,0,0
2026-03-27 19:38:55.372,109.179,3,-4,12,0,0,0,1,0,0,0,0,0
2026-03-27 19:38:55.452,109.259,3,-4,12,0,0,0,1,0,0,0,0,0
2026-03-27 19:38:55.580,109.387,3,-4,12,0,0,0,1,0,0,0,0,0
2026-03-27 19:38:55.693,109.501,3,-4,12,0,0,0,1,0,0,0,0,0
2026-03-27 19:38:55.820,109.627,3,-4,13,0,0,0,1,0,0,0,0,0
2026-03-27 19:38:55.996,109.803,3,-4,13,0,0,0,1,0,0,0,0,0
2026-03-27 19:38:56.003,109.811,3,-4,10,0,0,0,1,0,0,0,0,0
2026-03-27 19:38:56.140,109.948,3,-4,9,0,0,0,1,0,0,0,0,0
2026-03-27 19:38:56.254,110.062,0,-4,12,0,0,0,1,0,0,0,0,0
2026-03-27 19:38:56.300,110.108,3,-4,12,0,0,0,1,0,0,0,0,0
2026-03-27 19:38:56.304,110.111,3,-4,12,0,0,0,1,0,0,0,0,0
2026-03-27 19:38:56.459,110.266,3,-5,12,0,0,0,1,0,0,0,0,0
2026-03-27 19:38:56.539,110.346,3,-4,12,0,0,0,1,0,0,0,0,0
2026-03-27 19:38:56.588,110.395,3,-4,12,0,0,0,1,0,0,0,0,0
2026-03-27 19:38:56.595,110.402,3,-4,13,0,0,0,1,0,0,0,0,0
2026-03-27 19:38:56.703,110.510,2,-4,12,0,0,0,1,0,0,0,0,0
2026-03-27 19:38:56.780,110.587,2,-4,12,0,0,0,1,0,0,0,0,0
2026-03-27 19:38:56.796,110.603,3,-4,12,0,0,0,1,0,0,0,0,0
2026-03-27 19:38:56.908,110.715,3,-4,12,0,0,0,1,0,0,0,0,0
2026-03-27 19:38:56.971,110.779,3,-4,12,0,0,0,1,0,0,0,0,0
2026-03-27 19:38:56.975,110.782,3,-4,12,0,0,0,1,0,0,0,0,0
2026-03-27 19:38:57.052,110.859,3,-4,13,0,0,0,1,0,0,0,0,0
2026-03-27 19:38:57.053,110.860,3,-4,13,0,0,0,1,0,0,0,0,0
2026-03-27 19:38:57.180,110.987,0,-4,12,0,0,0,1,0,0,0,0,0
2026-03-27 19:38:57.201,111.009,3,-4,12,0,0,0,1,0,0,0,0,0
2026-03-27 19:38:57.276,111.084,3,-4,12,0,0,0,1,0,0,0,0,0
2026-03-27 19:38:57.355,111.163,3,-4,12,0,0,0,1,0,0,0,0,0
2026-03-27 19:38:57.372,111.179,3,-4,12,0,0,0,1,0,0,0,0,0
2026-03-27 19:38:57.500,111.307,3,-4,12,0,0,0,1,0,0,0,0,0
2026-03-27 19:38:57.580,111.387,3,-4,12,0,0,0,1,0,0,0,0,0
2026-03-27 19:38:57.660,111.467,3,-4,12,0,0,0,1,0,0,0,0,0
2026-03-27 19:38:57.788,111.595,3,-4,12,0,0,0,1,0,0,0,0,0
2026-03-27 19:38:57.934,111.742,3,-4,12,0,0,0,1,0,0,0,0,0
2026-03-27 19:38:58.028,111.836,3,-4,12,0,0,0,1,0,0,0,0,0
2026-03-27 19:38:58.140,111.947,3,-4,12,0,0,0,1,0,0,0,0,0
2026-03-27 19:38:58.204,112.011,3,-4,13,0,0,0,1,0,0,0,0,0
2026-03-27 19:38:58.379,112.187,3,-4,12,0,0,0,1,0,0,0,0,0
2026-03-27 19:38:58.507,112.315,3,-4,12,0,0,0,1,0,0,0,0,0
2026-03-27 19:38:58.636,112.443,1,-4,13,0,0,0,1,0,0,0,0,0
2026-03-27 19:38:58.702,112.510,3,-4,12,0,0,0,1,0,0,0,0,0
2026-03-27 19:38:58.827,112.634,1,-4,13,0,0,0,1,0,0,0,0,0
2026-03-27 19:38:58.923,112.731,3,-4,12,0,0,0,1,0,0,0,0,0
2026-03-27 19:38:59.003,112.811,0,-4,12,0,0,0,1,0,0,0,0,0
2026-03-27 19:38:59.101,112.908,3,-4,12,0,0,0,1,0,0,0,0,0
2026-03-27 19:38:59.134,112.941,3,-4,12,0,0,0,1,0,0,0,0,0
2026-03-27 19:38:59.307,113.115,3,-4,13,0,0,0,1,0,0,0,0,0
2026-03-27 19:38:59.314,113.121,3,-4,12,0,0,0,1,0,0,0,0,0
2026-03-27 19:38:59.419,113.226,3,-4,13,0,0,0,1,0,0,0,0,0
2026-03-27 19:38:59.471,113.278,1,-4,13,0,0,0,1,0,0,0,0,0
2026-03-27 19:38:59.598,113.406,3,-4,13,0,0,0,1,0,0,0,0,0
2026-03-27 19:38:59.707,113.514,0,-4,13,0,0,0,1,0,0,0,0,0
2026-03-27 19:38:59.772,113.579,3,-4,13,0,0,0,1,0,0,0,0,0
2026-03-27 19:38:59.948,113.755,0,-4,12,0,0,0,1,0,0,0,0,0
2026-03-27 19:38:59.996,113.803,3,-4,12,0,0,0,1,0,0,0,0,0
2026-03-27 19:39:00.107,113.915,0,-4,13,0,0,0,1,0,0,0,0,0
2026-03-27 19:39:00.175,113.983,0,-4,13,0,0,0,1,0,0,0,0,0
2026-03-27 19:39:00.268,114.075,0,-4,13,0,0,0,1,0,0,0,0,0
2026-03-27 19:39:00.284,114.091,0,-4,12,0,0,0,1,0,0,0,0,0
2026-03-27 19:39:00.383,114.190,0,-4,13,0,0,0,1,0,0,0,0,0
2026-03-27 19:39:00.492,114.299,3,-4,13,0,0,0,1,0,0,0,0,0
2026-03-27 19:39:00.556,114.363,0,-4,12,0,0,0,1,0,0,0,0,0
2026-03-27 19:39:00.747,114.555,3,-4,13,0,0,0,1,0,0,0,0,0
2026-03-27 19:39:00.780,114.587,3,-4,13,0,0,0,1,0,0,0,0,0
2026-03-27 19:39:00.876,114.683,3,-4,13,0,0,0,1,0,0,0,0,0
2026-03-27 19:39:00.892,114.699,3,-4,12,0,0,0,1,0,0,0,0,0
2026-03-27 19:39:00.959,114.767,3,-4,12,0,0,0,1,0,0,0,0,0
2026-03-27 19:39:01.164,114.971,3,-4,13,0,0,0,1,0,0,0,0,0
2026-03-27 19:39:01.261,115.068,0,-4,13,0,0,0,1,0,0,0,0,0
2026-03-27 19:39:01.324,115.131,3,-4,12,0,0,0,1,0,0,0,0,0
2026-03-27 19:39:01.420,115.227,3,-4,13,0,0,0,1,0,0,0,0,0
2026-03-27 19:39:01.516,115.323,3,-4,12,0,0,0,1,0,0,0,0,0
2026-03-27 19:39:01.523,115.331,3,-4,12,0,0,0,1,0,0,0,0,0
2026-03-27 19:39:01.612,115.419,3,-4,12,0,0,0,1,0,0,0,0,0
2026-03-27 19:39:01.707,115.515,0,-4,13,0,0,0,1,0,0,0,0,0
2026-03-27 19:39:01.787,115.595,3,-4,13,0,0,0,1,0,0,0,0,0
2026-03-27 19:39:01.949,115.756,3,-4,12,0,0,0,1,0,0,0,0,0
2026-03-27 19:39:02.044,115.851,3,-4,13,0,0,0,1,0,0,0,0,0
2026-03-27 19:39:02.123,115.931,3,-4,12,0,0,0,1,0,0,0,0,0
2026-03-27 19:39:02.203,116.010,3,-4,12,0,0,0,1,0,0,0,0,0
2026-03-27 19:39:02.331,116.138,3,-4,12,0,0,0,1,0,0,0,0,0
2026-03-27 19:39:02.411,116.218,3,-4,12,0,0,0,1,0,0,0,0,0
2026-03-27 19:39:02.603,116.411,3,-5,12,0,0,0,1,0,0,0,0,0
2026-03-27 19:39:02.667,116.474,3,-4,12,0,0,0,1,0,0,0,0,0
2026-03-27 19:39:02.734,116.541,3,-4,12,0,0,0,1,0,0,0,0,0
2026-03-27 19:39:02.811,116.618,3,-4,12,0,0,0,1,0,0,0,0,0
2026-03-27 19:39:02.940,116.747,3,-4,12,0,0,0,1,0,0,0,0,0
2026-03-27 19:39:03.179,116.986,0,-4,12,0,0,0,1,0,0,0,0,0
2026-03-27 19:39:03.307,117.114,3,-4,12,0,0,0,1,0,0,0,0,0
2026-03-27 19:39:03.374,117.182,3,-4,12,0,0,0,1,0,0,0,0,0
2026-03-27 19:39:03.438,117.245,3,-4,13,0,0,0,1,0,0,0,0,0
2026-03-27 19:39:03.579,117.386,3,-4,12,0,0,0,1,0,0,0,0,0
2026-03-27 19:39:03.659,117.467,3,-4,13,0,0,0,1,0,0,0,0,0
2026-03-27 19:39:03.675,117.482,3,-4,13,0,0,0,1,0,0,0,0,0
2026-03-27 19:39:03.727,117.534,3,-4,12,0,0,0,1,0,0,0,0,0
2026-03-27 19:39:03.738,117.546,3,-4,12,0,0,0,1,0,0,0,0,0
2026-03-27 19:39:03.867,117.674,0,-4,12,0,0,0,1,0,0,0,0,0
2026-03-27 19:39:03.870,117.677,0,-4,12,0,0,0,1,0,0,0,0,0
2026-03-27 19:39:03.932,117.739,3,-4,13,0,0,0,1,0,0,0,0,0
2026-03-27 19:39:04.076,117.883,0,-4,12,0,0,0,1,0,0,0,0,0
2026-03-27 19:39:04.139,117.947,3,-4,12,0,0,0,1,0,0,0,0,0
2026-03-27 19:39:04.222,118.029,3,-4,12,0,0,0,1,0,0,0,0,0
2026-03-27 19:39:04.347,118.155,3,-4,13,0,0,0,1,0,0,0,0,0
2026-03-27 19:39:04.539,118.347,3,-4,12,0,0,0,1,0,0,0,0,0
2026-03-27 19:39:04.619,118.427,0,-4,12,0,0,0,1,0,0,0,0,0
2026-03-27 19:39:04.701,118.508,3,-4,13,0,0,0,1,0,0,0,0,0
2026-03-27 19:39:04.780,118.587,3,-4,13,0,0,0,1,0,0,0,0,0
2026-03-27 19:39:04.987,118.795,3,-4,13,0,0,0,1,0,0,0,0,0
2026-03-27 19:39:04.989,118.796,3,-4,13,0,0,0,1,0,0,0,0,0
2026-03-27 19:39:04.995,118.802,3,-4,12,0,0,0,1,0,0,0,0,0
2026-03-27 19:39:05.132,118.940,3,-4,13,0,0,0,1,0,0,0,0,0
2026-03-27 19:39:05.259,119.066,3,-4,13,0,0,0,1,0,0,0,0,0
2026-03-27 19:39:05.291,119.098,3,-4,13,0,0,0,1,0,0,0,0,0
2026-03-27 19:39:05.307,119.114,0,-4,12,0,0,0,1,0,0,0,0,0
2026-03-27 19:39:05.483,119.290,3,-4,12,0,0,0,1,0,0,0,0,0
2026-03-27 19:39:05.595,119.403,3,-4,13,0,0,0,1,0,0,0,0,0
2026-03-27 19:39:05.643,119.450,3,-4,12,0,0,0,1,0,0,0,0,0
2026-03-27 19:39:05.787,119.595,3,-4,13,0,0,0,1,0,0,0,0,0
2026-03-27 19:39:05.819,119.626,3,-4,12,0,0,0,1,0,0,0,0,0
2026-03-27 19:39:05.947,119.755,0,-4,12,0,0,0,1,0,0,0,0,0
2026-03-27 19:39:06.091,119.899,1,-3,12,0,0,0,1,0,0,0,0,0
2026-03-27 19:39:06.188,119.995,3,-4,12,0,0,0,1,0,0,0,0,0
2026-03-27 19:39:06.267,120.074,3,-4,13,0,0,0,1,0,0,0,0,0
2026-03-27 19:39:06.395,120.203,3,-4,13,0,0,0,1,0,0,0,0,0
2026-03-27 19:39:06.459,120.266,3,-4,12,0,0,0,1,0,0,0,0,0
2026-03-27 19:39:06.571,120.379,3,-4,12,0,0,0,1,0,0,0,0,0
2026-03-27 19:39:06.731,120.538,3,-4,12,0,0,0,1,0,0,0,0,0
2026-03-27 19:39:06.827,120.635,3,-4,12,0,0,0,1,0,0,0,0,0
2026-03-27 19:39:06.955,120.762,1,-4,13,0,0,0,1,0,0,0,0,0
2026-03-27 19:39:06.973,120.780,3,-4,12,0,0,0,1,0,0,0,0,0
2026-03-27 19:39:06.974,120.782,2,-4,12,0,0,0,1,0,0,0,0,0
2026-03-27 19:39:07.163,120.971,0,-4,13,0,0,0,1,0,0,0,0,0
2026-03-27 19:39:07.179,120.987,0,-4,12,0,0,0,1,0,0,0,0,0
2026-03-27 19:39:07.339,121.146,3,-4,13,0,0,0,1,0,0,0,0,0
2026-03-27 19:39:07.483,121.290,3,-4,12,0,0,0,1,0,0,0,0,0
2026-03-27 19:39:07.532,121.339,1,-4,13,0,0,0,1,0,0,0,0,0
2026-03-27 19:39:07.551,121.358,3,-4,13,0,0,0,1,0,0,0,0,0
2026-03-27 19:39:07.675,121.482,3,-4,12,0,0,0,1,0,0,0,0,0
2026-03-27 19:39:07.787,121.594,2,-4,12,0,0,0,1,0,0,0,0,0
2026-03-27 19:39:07.932,121.739,3,-4,12,0,0,0,1,0,0,0,0,0
2026-03-27 19:39:08.060,121.867,2,-4,13,0,0,0,1,0,0,0,0,0
2026-03-27 19:39:08.203,122.011,3,-4,12,0,0,0,1,0,0,0,0,0
2026-03-27 19:39:08.267,122.074,0,-4,12,0,0,0,1,0,0,0,0,0
2026-03-27 19:39:08.363,122.170,0,-4,13,0,0,0,1,0,0,0,0,0
2026-03-27 19:39:19.259,133.066,3,-4,13,0,0,0,0,0,0,0,0,0
2026-03-27 19:39:19.355,133.162,3,-4,13,0,0,0,0,0,0,0,0,0
2026-03-27 19:39:19.419,133.226,1,-4,13,0,0,0,0,0,0,0,0,0
2026-03-27 19:39:19.467,133.274,1,-4,13,0,0,0,0,0,0,0,0,0
2026-03-27 19:39:19.547,133.354,3,-4,12,0,0,0,0,0,0,0,0,0
2026-03-27 19:39:19.626,133.434,0,-4,12,0,0,0,0,0,0,0,0,0
2026-03-27 19:39:19.723,133.530,1,-4,13,0,0,0,0,0,0,0,0,0
2026-03-27 19:39:19.834,133.642,3,-4,12,0,0,0,0,0,0,0,0,0
2026-03-27 19:39:19.899,133.706,3,-4,13,0,0,0,0,0,0,0,0,0
2026-03-27 19:39:19.994,133.802,2,-4,12,0,0,0,0,0,0,0,0,0
2026-03-27 19:39:20.075,133.882,0,-4,13,0,0,0,0,0,0,0,0,0
2026-03-27 19:39:20.076,133.884,3,-4,13,0,0,0,0,0,0,0,0,0
2026-03-27 19:39:20.170,133.977,1,-4,13,0,0,0,0,0,0,0,0,0
2026-03-27 19:39:20.171,133.979,0,-4,12,0,0,0,0,0,0,0,0,0
2026-03-27 19:39:20.173,133.980,1,-4,13,0,0,0,0,0,0,0,0,0
2026-03-27 19:39:20.282,134.089,3,-4,13,0,0,0,0,0,0,0,0,0
2026-03-27 19:39:20.378,134.186,3,-4,12,0,0,0,0,0,0,0,0,0
2026-03-27 19:39:20.507,134.314,3,-4,12,0,0,0,0,0,0,0,0,0
2026-03-27 19:39:20.587,134.394,1,-4,13,0,0,0,0,0,0,0,0,0
2026-03-27 19:39:20.682,134.490,0,-4,13,0,0,0,0,0,0,0,0,0
2026-03-27 19:39:20.811,134.618,3,-4,10,0,0,0,0,0,0,0,0,0
2026-03-27 19:39:20.970,134.778,0,-4,12,0,0,0,0,0,0,0,0,0
2026-03-27 19:39:21.066,134.874,1,-4,12,0,0,0,0,0,0,0,0,0
2026-03-27 19:39:21.162,134.970,3,-4,13,0,0,0,0,0,0,0,0,0
2026-03-27 19:39:21.194,135.002,1,-4,13,0,0,0,0,0,0,0,0,0
2026-03-27 19:39:21.371,135.178,3,-4,13,0,0,0,0,0,0,0,0,0
2026-03-27 19:39:21.483,135.290,3,-4,12,0,0,0,0,0,0,0,0,0
2026-03-27 19:39:21.562,135.369,3,-4,13,0,0,0,0,0,0,0,0,0
2026-03-27 19:39:21.722,135.529,3,-4,13,0,0,0,0,0,0,0,0,0
2026-03-27 19:39:21.818,135.625,3,-4,12,0,0,0,0,0,0,0,0,0
2026-03-27 19:39:21.867,135.674,3,-4,13,0,0,0,0,0,0,0,0,0
2026-03-27 19:39:22.011,135.818,3,-4,12,0,0,0,0,0,0,0,0,0
2026-03-27 19:39:22.013,135.820,3,-4,13,0,0,0,0,0,0,0,0,0
2026-03-27 19:39:22.106,135.913,4,-4,13,0,0,0,0,0,0,0,0,0
2026-03-27 19:39:22.234,136.041,3,-4,13,0,0,0,0,0,0,0,0,0
2026-03-27 19:39:22.298,136.106,0,-4,12,0,0,0,0,0,0,0,0,0
2026-03-27 19:39:22.411,136.218,3,-4,13,0,0,0,0,0,0,0,0,0
2026-03-27 19:39:22.538,136.345,4,-4,13,0,0,0,0,0,0,0,0,0
2026-03-27 19:39:22.539,136.346,3,-4,13,0,0,0,0,0,0,0,0,0
2026-03-27 19:39:22.650,136.457,3,-4,12,0,0,0,0,0,0,0,0,0
2026-03-27 19:39:22.762,136.570,3,-4,13,0,0,0,0,0,0,0,0,0
2026-03-27 19:39:22.922,136.729,3,-4,12,0,0,0,0,0,0,0,0,0
2026-03-27 19:39:23.018,136.825,3,-6,13,0,0,0,0,0,0,0,0,0
2026-03-27 19:39:23.162,136.969,3,-6,13,0,0,0,0,0,0,0,0,0
2026-03-27 19:39:23.210,137.017,3,-4,13,0,0,0,0,0,0,0,0,0
2026-03-27 19:39:23.370,137.177,3,-4,13,0,0,0,0,0,0,0,0,0
2026-03-27 19:39:23.450,137.257,3,-4,13,0,0,0,0,0,0,0,0,0
2026-03-27 19:39:23.451,137.259,3,-4,12,0,0,0,0,0,0,0,0,0
2026-03-27 19:39:23.626,137.433,3,-4,13,0,0,0,0,0,0,0,0,0
2026-03-27 19:39:23.722,137.529,3,-7,13,0,0,0,0,0,0,0,0,0
2026-03-27 19:39:23.802,137.609,3,-4,12,0,0,0,0,0,0,0,0,0
2026-03-27 19:39:23.850,137.658,3,-4,13,0,0,0,0,0,0,0,0,0
2026-03-27 19:39:23.854,137.661,3,-4,13,0,0,0,0,0,0,0,0,0
2026-03-27 19:39:23.993,137.801,3,-4,12,0,0,0,0,0,0,0,0,0
2026-03-27 19:39:24.042,137.849,3,-4,12,0,0,0,0,0,0,0,0,0
2026-03-27 19:39:24.186,137.993,3,-4,12,0,0,0,0,0,0,0,0,0
2026-03-27 19:39:24.250,138.057,3,-4,13,0,0,0,0,0,0,0,0,0
2026-03-27 19:39:24.426,138.233,3,-4,13,0,0,0,0,0,0,0,0,0
2026-03-27 19:39:24.429,138.237,1,-4,13,0,0,0,0,0,0,0,0,0
2026-03-27 19:39:24.490,138.298,0,-4,12,0,0,0,0,0,0,0,0,0
2026-03-27 19:39:24.618,138.425,3,-4,13,0,0,0,0,0,0,0,0,0
2026-03-27 19:39:24.714,138.521,3,-7,13,0,0,0,0,0,0,0,0,0
2026-03-27 19:39:24.716,138.524,0,-4,13,0,0,0,0,0,0,0,0,0
2026-03-27 19:39:24.826,138.633,0,-7,12,0,0,0,0,0,0,0,0,0
2026-03-27 19:39:24.906,138.713,3,-4,13,0,0,0,0,0,0,0,0,0
2026-03-27 19:39:25.018,138.825,3,-4,12,0,0,0,0,0,0,0,0,0
2026-03-27 19:39:25.114,138.922,3,-4,12,0,0,0,0,0,0,0,0,0
2026-03-27 19:39:25.116,138.923,3,-4,13,0,0,0,0,0,0,0,0,0
2026-03-27 19:39:25.210,139.018,3,-4,12,0,0,0,0,0,0,0,0,0
2026-03-27 19:39:25.305,139.113,3,-4,13,0,0,0,0,0,0,0,0,0
2026-03-27 19:39:25.450,139.258,3,-4,13,0,0,0,0,0,0,0,0,0
2026-03-27 19:39:25.562,139.369,1,-4,13,0,0,0,0,0,0,0,0,0
2026-03-27 19:39:25.675,139.482,3,-4,12,0,0,0,0,0,0,0,0,0
2026-03-27 19:39:25.770,139.578,3,-7,12,0,0,0,0,0,0,0,0,0
2026-03-27 19:39:25.834,139.641,3,-4,13,0,0,0,0,0,0,0,0,0
2026-03-27 19:39:25.837,139.644,0,-4,13,0,0,0,0,0,0,0,0,0
2026-03-27 19:39:25.930,139.738,3,-7,12,0,0,0,0,0,0,0,0,0
2026-03-27 19:39:25.932,139.739,3,-4,12,0,0,0,0,0,0,0,0,0
2026-03-27 19:39:26.090,139.897,3,-4,13,0,0,0,0,0,0,0,0,0
2026-03-27 19:39:26.091,139.899,3,-4,12,0,0,0,0,0,0,0,0,0
2026-03-27 19:39:26.170,139.978,3,-4,13,0,0,0,0,0,0,0,0,0
2026-03-27 19:39:26.330,140.137,3,-4,13,0,0,0,0,0,0,0,0,0
2026-03-27 19:39:26.410,140.217,3,-4,12,0,0,0,0,0,0,0,0,0
2026-03-27 19:39:26.458,140.265,3,-4,12,0,0,0,0,0,0,0,0,0
2026-03-27 19:39:26.634,140.441,3,-4,13,0,0,0,0,0,0,0,0,0
2026-03-27 19:39:26.746,140.553,3,-4,12,0,0,0,0,0,0,0,0,0
2026-03-27 19:39:26.858,140.665,3,-4,12,0,0,0,0,0,0,0,0,0
2026-03-27 19:39:26.986,140.794,3,-4,13,0,0,0,0,0,0,0,0,0
2026-03-27 19:39:27.113,140.921,3,-4,13,0,0,0,0,0,0,0,0,0
2026-03-27 19:39:27.115,140.922,3,-4,12,0,0,0,0,0,0,0,0,0
2026-03-27 19:39:27.163,140.970,4,-4,13,0,0,0,0,0,0,0,0,0
2026-03-27 19:39:27.290,141.098,3,-4,12,0,0,0,0,0,0,0,0,0
2026-03-27 19:39:27.402,141.209,3,-4,12,0,0,0,0,0,0,0,0,0
2026-03-27 19:39:27.546,141.354,3,-4,13,0,0,0,0,0,0,0,0,0
2026-03-27 19:39:27.657,141.464,3,-4,13,0,0,0,0,0,0,0,0,0
2026-03-27 19:39:27.659,141.466,3,-4,13,0,0,0,0,0,0,0,0,0
2026-03-27 19:39:27.770,141.577,3,-4,13,0,0,0,0,0,0,0,0,0
2026-03-27 19:39:27.882,141.689,3,-4,13,0,0,0,0,0,0,0,0,0
2026-03-27 19:39:28.025,141.833,3,-4,10,0,0,0,0,0,0,0,0,0
2026-03-27 19:39:28.138,141.945,3,-4,12,0,0,0,0,0,0,0,0,0
2026-03-27 19:39:28.202,142.009,3,-4,12,0,0,0,0,0,0,0,0,0
2026-03-27 19:39:28.330,142.138,3,-7,12,0,0,0,0,0,0,0,0,0
2026-03-27 19:39:28.378,142.186,3,-4,13,0,0,0,0,0,0,0,0,0
2026-03-27 19:39:28.554,142.361,3,-4,13,0,0,0,0,0,0,0,0,0
2026-03-27 19:39:28.556,142.363,3,-4,13,0,0,0,0,0,0,0,0,0
2026-03-27 19:39:28.602,142.409,3,-4,13,0,0,0,0,0,0,0,0,0
2026-03-27 19:39:28.762,142.569,3,-4,13,0,0,0,0,0,0,0,0,0
2026-03-27 19:39:28.810,142.617,3,-4,13,0,0,0,0,0,0,0,0,0
2026-03-27 19:39:28.874,142.681,3,-4,13,0,0,0,0,0,0,0,0,0
2026-03-27 19:39:28.970,142.777,3,-4,12,0,0,0,0,0,0,0,0,0
2026-03-27 19:39:29.146,142.953,3,-4,12,0,0,0,0,0,0,0,0,0
2026-03-27 19:39:29.226,143.034,3,-4,13,0,0,0,0,0,0,0,0,0
2026-03-27 19:39:29.354,143.162,2,-4,13,0,0,0,0,0,0,0,0,0
2026-03-27 19:39:29.357,143.164,3,-5,13,0,0,0,0,0,0,0,0,0
2026-03-27 19:39:29.498,143.306,3,-4,13,0,0,0,0,0,0,0,0,0
2026-03-27 19:39:29.578,143.385,3,-4,12,0,0,0,0,0,0,0,0,0
2026-03-27 19:39:29.689,143.497,3,-4,12,0,0,0,0,0,0,0,0,0
2026-03-27 19:39:29.786,143.593,3,-7,12,0,0,0,0,0,0,0,0,0
2026-03-27 19:39:29.898,143.705,3,-4,13,0,0,0,0,0,0,0,0,0
2026-03-27 19:39:29.994,143.801,3,-4,12,0,0,0,0,0,0,0,0,0
2026-03-27 19:39:29.996,143.803,3,-4,13,0,0,0,0,0,0,0,0,0
2026-03-27 19:39:30.121,143.928,4,-4,13,0,0,0,0,0,0,0,0,0
2026-03-27 19:39:30.123,143.930,3,-4,12,0,0,0,0,0,0,0,0,0
2026-03-27 19:39:30.218,144.026,3,-4,12,0,0,0,0,0,0,0,0,0
2026-03-27 19:39:30.330,144.138,3,-4,12,0,0,0,0,0,0,0,0,0
2026-03-27 19:39:30.394,144.201,3,-4,13,0,0,0,0,0,0,0,0,0
2026-03-27 19:39:30.489,144.297,3,-4,12,0,0,0,0,0,0,0,0,0
2026-03-27 19:39:30.507,144.314,0,-4,12,0,0,0,0,0,0,0,0,0
2026-03-27 19:39:30.554,144.361,3,-4,12,0,0,0,0,0,0,0,0,0
2026-03-27 19:39:30.681,144.489,3,-4,12,0,0,0,0,0,0,0,0,0
2026-03-27 19:39:30.698,144.505,3,-4,13,0,0,0,0,0,0,0,0,0
2026-03-27 19:39:30.729,144.536,3,-4,12,0,0,0,0,0,0,0,0,0
2026-03-27 19:39:30.938,144.745,3,-4,12,0,0,0,0,0,0,0,0,0
2026-03-27 19:39:30.955,144.762,3,-4,13,0,0,0,0,0,0,0,0,0
2026-03-27 19:39:31.210,145.018,3,-4,12,0,0,0,0,0,0,0,0,0
2026-03-27 19:39:31.274,145.081,3,-4,12,0,0,0,0,0,0,0,0,0
2026-03-27 19:39:31.434,145.241,3,-4,12,0,0,0,0,0,0,0,0,0
2026-03-27 19:39:31.498,145.305,3,-4,9,0,0,0,0,0,0,0,0,0
2026-03-27 19:39:31.610,145.417,3,-4,12,0,0,0,0,0,0,0,0,0
2026-03-27 19:39:31.674,145.481,3,-4,12,0,0,0,0,0,0,0,0,0
2026-03-27 19:39:31.754,145.561,2,-4,12,0,0,0,0,0,0,0,0,0
2026-03-27 19:39:31.850,145.658,3,-4,12,0,0,0,0,0,0,0,0,0
2026-03-27 19:39:31.961,145.769,0,-4,12,0,0,0,0,0,0,0,0,0
2026-03-27 19:39:32.122,145.929,3,-4,12,0,0,0,0,0,0,0,0,0
2026-03-27 19:39:32.139,145.946,3,-4,13,0,0,0,0,0,0,0,0,0
2026-03-27 19:39:32.234,146.041,2,-4,12,0,0,0,0,0,0,0,0,0
2026-03-27 19:39:32.361,146.169,3,-4,13,0,0,0,0,0,0,0,0,0
2026-03-27 19:39:32.379,146.186,3,-4,12,0,0,0,0,0,0,0,0,0
2026-03-27 19:39:32.507,146.314,3,-4,13,0,0,0,0,0,0,0,0,0
2026-03-27 19:39:32.634,146.441,3,-4,12,0,0,0,0,0,0,0,0,0
2026-03-27 19:39:32.745,146.553,3,-4,13,0,0,0,0,0,0,0,0,0
2026-03-27 19:39:32.841,146.649,3,-4,12,0,0,0,0,0,0,0,0,0
2026-03-27 19:39:32.970,146.777,3,-4,12,0,0,0,0,0,0,0,0,0
2026-03-27 19:39:33.081,146.888,3,-4,13,0,0,0,0,0,0,0,0,0
2026-03-27 19:39:33.098,146.905,3,-4,12,0,0,0,0,0,0,0,0,0
2026-03-27 19:39:33.130,146.937,3,-4,12,0,0,0,0,0,0,0,0,0
2026-03-27 19:39:33.131,146.939,3,-4,12,0,0,0,0,0,0,0,0,0
2026-03-27 19:39:33.133,146.940,0,-4,13,0,0,0,0,0,0,0,0,0
2026-03-27 19:39:33.258,147.065,3,-4,12,0,0,0,0,0,0,0,0,0
2026-03-27 19:39:33.386,147.193,3,-4,12,0,0,0,0,0,0,0,0,0
2026-03-27 19:39:33.466,147.273,3,-4,12,0,0,0,0,0,0,0,0,0
2026-03-27 19:39:33.530,147.337,3,-4,12,0,0,0,0,0,0,0,0,0
2026-03-27 19:39:33.642,147.449,3,-4,12,0,0,0,0,0,0,0,0,0
2026-03-27 19:39:33.644,147.452,3,-4,12,0,0,0,0,0,0,0,0,0
2026-03-27 19:39:33.754,147.561,3,-4,12,0,0,0,0,0,0,0,0,0
2026-03-27 19:39:33.850,147.657,3,-5,12,0,0,0,0,0,0,0,0,0
2026-03-27 19:39:33.977,147.784,0,-4,12,0,0,0,0,0,0,0,0,0
2026-03-27 19:39:33.980,147.787,3,-4,13,0,0,0,0,0,0,0,0,0
2026-03-27 19:39:34.089,147.896,3,-4,13,0,0,0,0,0,0,0,0,0
2026-03-27 19:39:34.170,147.977,0,-4,12,0,0,0,0,0,0,0,0,0
2026-03-27 19:39:34.250,148.057,3,-4,13,0,0,0,0,0,0,0,0,0
2026-03-27 19:39:34.346,148.153,0,-4,12,0,0,0,0,0,0,0,0,0
2026-03-27 19:39:34.441,148.249,0,-4,13,0,0,0,0,0,0,0,0,0
2026-03-27 19:39:34.570,148.377,0,-4,12,0,0,0,0,0,0,0,0,0
2026-03-27 19:39:34.714,148.521,0,-4,12,0,0,0,0,0,0,0,0,0
2026-03-27 19:39:34.827,148.634,0,-4,13,0,0,0,0,0,0,0,0,0
2026-03-27 19:39:34.858,148.665,0,-4,12,0,0,0,0,0,0,0,0,0
2026-03-27 19:39:34.970,148.777,0,-4,12,0,0,0,0,0,0,0,0,0
2026-03-27 19:39:35.001,148.809,3,-4,12,0,0,0,0,0,0,0,0,0
2026-03-27 19:39:35.097,148.905,3,-4,12,0,0,0,0,0,0,0,0,0
2026-03-27 19:39:35.100,148.907,3,-4,13,0,0,0,0,0,0,0,0,0
2026-03-27 19:39:35.226,149.033,3,-4,12,0,0,0,0,0,0,0,0,0
2026-03-27 19:39:35.353,149.161,3,-4,12,0,0,0,0,0,0,0,0,0
2026-03-27 19:39:35.450,149.257,3,-4,12,0,0,0,0,0,0,0,0,0
2026-03-27 19:39:35.546,149.353,0,-4,12,0,0,0,0,0,0,0,0,0
2026-03-27 19:39:35.641,149.448,3,-5,12,0,0,0,0,0,0,0,0,0
2026-03-27 19:39:35.801,149.608,3,-4,12,0,0,0,0,0,0,0,0,0
2026-03-27 19:39:35.802,149.610,3,-4,12,0,0,0,0,0,0,0,0,0
2026-03-27 19:39:35.881,149.689,3,-4,12,0,0,0,0,0,0,0,0,0
2026-03-27 19:39:36.009,149.817,3,-4,12,0,0,0,0,0,0,0,0,0
2026-03-27 19:39:36.201,150.008,2,-4,12,0,0,0,0,0,0,0,0,0
2026-03-27 19:39:36.266,150.073,3,-4,13,0,0,0,0,0,0,0,0,0
2026-03-27 19:39:36.346,150.153,0,-4,12,0,0,0,0,0,0,0,0,0
2026-03-27 19:39:36.442,150.249,3,-4,12,0,0,0,0,0,0,0,0,0
2026-03-27 19:39:36.443,150.250,3,-4,12,0,0,0,0,0,0,0,0,0
2026-03-27 19:39:36.444,150.252,3,-4,12,0,0,0,0,0,0,0,0,0
2026-03-27 19:39:36.570,150.377,3,-4,12,0,0,0,0,0,0,0,0,0
2026-03-27 19:39:36.634,150.441,3,-4,12,0,0,0,0,0,0,0,0,0
2026-03-27 19:39:36.761,150.568,3,-4,12,0,0,0,0,0,0,0,0,0
2026-03-27 19:39:36.905,150.713,3,-4,12,0,0,0,0,0,0,0,0,0
2026-03-27 19:39:36.969,150.777,3,-4,13,0,0,0,0,0,0,0,0,0
2026-03-27 19:39:37.081,150.889,3,-4,12,0,0,0,0,0,0,0,0,0
2026-03-27 19:39:37.145,150.952,2,-4,12,0,0,0,0,0,0,0,0,0
2026-03-27 19:39:37.146,150.953,3,-4,12,0,0,0,0,0,0,0,0,0
2026-03-27 19:39:37.305,151.113,3,-4,13,0,0,0,0,0,0,0,0,0
2026-03-27 19:39:37.434,151.241,0,-4,13,0,0,0,0,0,0,0,0,0
2026-03-27 19:39:37.497,151.305,3,-4,12,0,0,0,0,0,0,0,0,0
2026-03-27 19:39:37.499,151.306,3,-4,12,0,0,0,0,0,0,0,0,0
2026-03-27 19:39:37.593,151.401,0,-4,12,0,0,0,0,0,0,0,0,0
2026-03-27 19:39:37.706,151.513,3,-4,13,0,0,0,0,0,0,0,0,0
2026-03-27 19:39:37.818,151.625,3,-4,12,0,0,0,0,0,0,0,0,0
2026-03-27 19:39:37.897,151.705,0,-4,12,0,0,0,0,0,0,0,0,0
2026-03-27 19:39:37.898,151.706,3,-4,12,0,0,0,0,0,0,0,0,0
2026-03-27 19:39:37.900,151.707,3,-4,13,0,0,0,0,0,0,0,0,0
2026-03-27 19:39:38.026,151.833,3,-4,12,0,0,0,0,0,0,0,0,0
2026-03-27 19:39:38.089,151.896,3,-4,12,0,0,0,0,0,0,0,0,0
2026-03-27 19:39:38.217,152.024,3,-4,13,0,0,0,0,0,0,0,0,0
2026-03-27 19:39:38.330,152.137,3,-4,12,0,0,0,0,0,0,0,0,0
2026-03-27 19:39:38.332,152.139,3,-4,12,0,0,0,0,0,0,0,0,0
2026-03-27 19:39:38.361,152.168,3,-4,13,0,0,0,0,0,0,0,0,0
2026-03-27 19:39:38.363,152.170,3,-4,12,0,0,0,0,0,0,0,0,0
2026-03-27 19:39:38.489,152.296,3,-4,12,0,0,0,0,0,0,0,0,0
2026-03-27 19:39:38.633,152.440,3,-4,12,0,0,0,0,0,0,0,0,0
2026-03-27 19:39:38.761,152.569,0,-4,12,0,0,0,0,0,0,0,0,0
2026-03-27 19:39:38.890,152.697,1,-4,13,0,0,0,0,0,0,0,0,0
2026-03-27 19:39:39.001,152.808,0,-4,12,0,0,0,0,0,0,0,0,0
2026-03-27 19:39:39.241,153.048,3,-4,10,0,0,0,0,0,0,0,0,0
2026-03-27 19:39:39.256,153.064,3,-4,12,0,0,0,0,0,0,0,0,0
2026-03-27 19:39:39.417,153.225,3,-4,12,0,0,0,0,0,0,0,0,0
2026-03-27 19:39:39.561,153.368,3,-4,10,0,0,0,0,0,0,0,0,0
2026-03-27 19:39:39.563,153.370,3,-4,10,0,0,0,0,0,0,0,0,0
2026-03-27 19:39:39.641,153.448,0,-4,12,0,0,0,0,0,0,0,0,0
2026-03-27 19:39:39.722,153.529,3,-4,12,0,0,0,0,0,0,0,0,0
2026-03-27 19:39:39.753,153.560,3,-4,12,0,0,0,0,0,0,0,0,0
2026-03-27 19:39:39.929,153.736,3,-4,13,0,0,0,0,0,0,0,0,0
2026-03-27 19:39:39.978,153.785,3,-4,12,0,0,0,0,0,0,0,0,0
2026-03-27 19:39:40.057,153.865,3,-4,12,0,0,0,0,0,0,0,0,0
2026-03-27 19:39:40.169,153.976,3,-4,13,0,0,0,0,0,0,0,0,0
2026-03-27 19:39:40.330,154.137,3,-4,12,0,0,0,0,0,0,0,0,0
2026-03-27 19:39:40.377,154.184,3,-4,13,0,0,0,0,0,0,0,0,0
2026-03-27 19:39:40.474,154.281,3,-4,13,0,0,0,0,0,0,0,0,0
2026-03-27 19:39:40.476,154.284,3,-4,12,0,0,0,0,0,0,0,0,0
2026-03-27 19:39:40.618,154.425,3,-5,12,0,0,0,0,0,0,0,0,0
2026-03-27 19:39:40.745,154.553,3,-4,12,0,0,0,0,0,0,0,0,0
2026-03-27 19:39:40.793,154.600,3,-4,12,0,0,0,0,0,0,0,0,0
2026-03-27 19:39:40.795,154.602,3,-4,12,0,0,0,0,0,0,0,0,0
2026-03-27 19:39:40.937,154.744,3,-4,12,0,0,0,0,0,0,0,0,0
2026-03-27 19:39:41.065,154.872,3,-4,12,0,0,0,0,0,0,0,0,0
2026-03-27 19:39:41.193,155.000,0,-4,13,0,0,0,0,0,0,0,0,0
2026-03-27 19:39:41.257,155.065,3,-4,12,0,0,0,0,0,0,0,0,0
2026-03-27 19:39:41.370,155.177,3,-4,12,0,0,0,0,0,0,0,0,0
2026-03-27 19:39:41.448,155.256,3,-4,12,0,0,0,0,0,0,0,0,0
2026-03-27 19:39:41.594,155.401,3,-4,12,0,0,0,0,0,0,0,0,0
2026-03-27 19:39:41.673,155.481,3,-4,12,0,0,0,0,0,0,0,0,0
2026-03-27 19:39:41.833,155.640,3,-4,13,0,0,0,0,0,0,0,0,0
2026-03-27 19:39:41.897,155.704,3,-4,12,0,0,0,0,0,0,0,0,0
2026-03-27 19:39:41.977,155.784,3,-4,13,0,0,0,0,0,0,0,0,0
2026-03-27 19:39:42.090,155.897,3,-4,12,0,0,0,0,0,0,0,0,0
2026-03-27 19:39:42.169,155.976,0,-5,12,0,0,0,0,0,0,0,0,0
2026-03-27 19:39:42.297,156.105,3,-4,12,0,0,0,0,0,0,0,0,0
2026-03-27 19:39:42.377,156.185,3,-4,12,0,0,0,0,0,0,0,0,0
2026-03-27 19:39:42.441,156.249,3,-4,12,0,0,0,0,0,0,0,0,0
2026-03-27 19:39:42.505,156.312,3,-4,12,0,0,0,0,0,0,0,0,0
2026-03-27 19:39:42.649,156.457,3,-4,12,0,0,0,0,0,0,0,0,0
2026-03-27 19:39:42.777,156.584,2,-4,12,0,0,0,0,0,0,0,0,0
2026-03-27 19:39:42.873,156.680,2,-4,12,0,0,0,0,0,0,0,0,0
2026-03-27 19:39:42.890,156.697,0,-4,13,0,0,0,0,0,0,0,0,0
2026-03-27 19:39:42.985,156.792,0,-4,12,0,0,0,0,0,0,0,0,0
2026-03-27 19:39:43.145,156.952,3,-4,12,0,0,0,0,0,0,0,0,0
2026-03-27 19:39:43.193,157.000,0,-4,12,0,0,0,0,0,0,0,0,0
2026-03-27 19:39:43.194,157.001,0,-4,12,0,0,0,0,0,0,0,0,0
2026-03-27 19:39:43.368,157.176,3,-4,12,0,0,0,0,0,0,0,0,0
2026-03-27 19:39:43.370,157.177,3,-4,12,0,0,0,0,0,0,0,0,0
2026-03-27 19:39:43.465,157.272,3,-4,12,0,0,0,0,0,0,0,0,0
2026-03-27 19:39:43.545,157.352,3,-4,12,0,0,0,0,0,0,0,0,0
2026-03-27 19:39:43.641,157.448,3,-4,12,0,0,0,0,0,0,0,0,0
2026-03-27 19:39:43.753,157.560,2,-5,12,0,0,0,0,0,0,0,0,0
2026-03-27 19:39:43.865,157.672,3,-4,12,0,0,0,0,0,0,0,0,0
2026-03-27 19:39:44.025,157.833,3,-5,12,0,0,0,0,0,0,0,0,0
2026-03-27 19:39:44.153,157.960,0,-5,12,0,0,0,0,0,0,0,0,0
2026-03-27 19:39:44.216,158.024,0,-4,12,0,0,0,0,0,0,0,0,0
2026-03-27 19:39:44.218,158.025,0,-5,12,0,0,0,0,0,0,0,0,0
2026-03-27 19:39:44.537,158.344,3,-4,12,0,0,0,0,0,0,0,0,0
2026-03-27 19:39:44.633,158.441,3,-4,12,0,0,0,0,0,0,0,0,0
2026-03-27 19:39:44.713,158.520,2,-4,12,0,0,0,0,0,0,0,0,0
2026-03-27 19:39:44.714,158.521,0,-5,12,0,0,0,0,0,0,0,0,0
2026-03-27 19:39:44.857,158.664,3,-4,12,0,0,0,0,0,0,0,0,0
2026-03-27 19:39:44.953,158.760,3,-4,12,0,0,0,0,0,0,0,0,0
2026-03-27 19:39:45.049,158.857,3,-5,12,0,0,0,0,0,0,0,0,0
2026-03-27 19:39:45.209,159.017,2,-4,12,0,0,0,0,0,0,0,0,0
2026-03-27 19:39:45.241,159.049,3,-5,12,0,0,0,0,0,0,0,0,0
2026-03-27 19:39:45.401,159.208,3,-5,12,0,0,0,0,0,0,0,0,0
2026-03-27 19:39:45.529,159.337,3,-4,12,0,0,0,0,0,0,0,0,0
2026-03-27 19:39:45.641,159.448,0,-5,12,0,0,0,0,0,0,0,0,0
2026-03-27 19:39:45.753,159.560,3,-4,12,0,0,0,0,0,0,0,0,0
2026-03-27 19:39:45.801,159.608,0,-4,12,0,0,0,0,0,0,0,0,0
2026-03-27 19:39:45.897,159.705,3,-4,12,0,0,0,0,0,0,0,0,0
2026-03-27 19:39:46.042,159.849,3,-4,12,0,0,0,0,0,0,0,0,0
2026-03-27 19:39:46.122,159.929,3,-5,12,0,0,0,0,0,0,0,0,0
2026-03-27 19:39:46.265,160.072,3,-4,12,0,0,0,0,0,0,0,0,0
2026-03-27 19:39:46.267,160.075,0,-4,12,0,0,0,0,0,0,0,0,0
2026-03-27 19:39:46.345,160.152,0,-4,12,0,0,0,0,0,0,0,0,0
2026-03-27 19:39:46.552,160.360,0,-4,12,0,0,0,0,0,0,0,0,0
2026-03-27 19:39:46.586,160.393,0,-4,12,0,0,0,0,0,0,0,0,0
2026-03-27 19:39:46.697,160.504,0,-4,12,0,0,0,0,0,0,0,0,0
2026-03-27 19:39:46.840,160.647,0,-4,12,0,0,0,0,0,0,0,0,0
2026-03-27 19:39:46.969,160.776,0,-4,12,0,0,0,0,0,0,0,0,0
2026-03-27 19:39:47.065,160.872,0,-4,12,0,0,0,0,0,0,0,0,0
2026-03-27 19:39:47.176,160.983,0,-4,12,0,0,0,0,0,0,0,0,0
2026-03-27 19:39:47.321,161.129,3,-4,12,0,0,0,0,0,0,0,0,0
2026-03-27 19:39:47.369,161.176,0,-4,12,0,0,0,0,0,0,0,0,0
2026-03-27 19:39:47.465,161.273,0,-4,12,0,0,0,0,0,0,0,0,0
2026-03-27 19:39:47.545,161.352,3,-4,12,0,0,0,0,0,0,0,0,0
2026-03-27 19:39:47.640,161.447,3,-4,12,0,0,0,0,0,0,0,0,0
2026-03-27 19:39:47.769,161.576,3,-4,13,0,0,0,0,0,0,0,0,0
2026-03-27 19:39:47.865,161.672,0,-4,12,0,0,0,0,0,0,0,0,0
2026-03-27 19:39:47.977,161.784,0,-4,12,0,0,0,0,0,0,0,0,0
2026-03-27 19:39:48.105,161.912,2,-4,12,0,0,0,0,0,0,0,0,0
2026-03-27 19:39:48.217,162.024,2,-4,12,0,0,0,0,0,0,0,0,0
2026-03-27 19:39:48.329,162.136,3,-4,12,0,0,0,0,0,0,0,0,0
2026-03-27 19:39:48.489,162.296,3,-4,12,0,0,0,0,0,0,0,0,0
2026-03-27 19:39:48.601,162.408,3,-4,12,0,0,0,0,0,0,0,0,0
2026-03-27 19:39:48.633,162.440,0,-4,12,0,0,0,0,0,0,0,0,0
2026-03-27 19:39:48.857,162.664,0,-4,12,0,0,0,0,0,0,0,0,0
2026-03-27 19:39:48.858,162.666,0,-5,12,0,0,0,0,0,0,0,0,0
2026-03-27 19:39:48.905,162.712,3,-4,12,0,0,0,0,0,0,0,0,0
2026-03-27 19:39:49.001,162.808,3,-4,12,0,0,0,0,0,0,0,0,0
2026-03-27 19:39:49.112,162.920,3,-4,12,0,0,0,0,0,0,0,0,0
2026-03-27 19:39:49.115,162.922,0,-4,12,0,0,0,0,0,0,0,0,0
2026-03-27 19:39:49.144,162.952,0,-4,12,0,0,0,0,0,0,0,0,0
2026-03-27 19:39:49.353,163.160,0,-4,12,0,0,0,0,0,0,0,0,0
2026-03-27 19:39:49.481,163.288,0,-4,12,0,0,0,0,0,0,0,0,0
2026-03-27 19:39:49.529,163.336,3,-4,12,0,0,0,0,0,0,0,0,0
2026-03-27 19:39:49.673,163.480,0,-4,12,0,0,0,0,0,0,0,0,0
2026-03-27 19:39:49.752,163.559,0,-4,12,0,0,0,0,0,0,0,0,0
2026-03-27 19:39:49.768,163.575,0,-4,12,0,0,0,0,0,0,0,0,0
2026-03-27 19:39:49.881,163.688,0,-4,12,0,0,0,0,0,0,0,0,0
2026-03-27 19:39:49.977,163.784,0,-4,12,0,0,0,0,0,0,0,0,0
2026-03-27 19:39:50.088,163.896,0,-4,12,0,0,0,0,0,0,0,0,0
2026-03-27 19:39:50.248,164.056,0,-4,12,0,0,0,0,0,0,0,0,0
2026-03-27 19:39:50.344,164.152,3,-4,12,0,0,0,0,0,0,0,0,0
2026-03-27 19:39:50.457,164.264,2,-5,12,0,0,0,0,0,0,0,0,0
2026-03-27 19:39:50.585,164.392,0,-4,12,0,0,0,0,0,0,0,0,0
2026-03-27 19:39:50.681,164.488,0,-5,12,0,0,0,0,0,0,0,0,0
2026-03-27 19:39:50.682,164.490,0,-4,12,0,0,0,0,0,0,0,0,0
2026-03-27 19:39:50.824,164.632,3,-4,12,0,0,0,0,0,0,0,0,0
2026-03-27 19:39:50.872,164.680,2,-5,12,0,0,0,0,0,0,0,0,0
2026-03-27 19:39:50.876,164.683,2,-4,12,0,0,0,0,0,0,0,0,0
2026-03-27 19:39:51.001,164.808,2,-4,12,0,0,0,0,0,0,0,0,0
2026-03-27 19:39:51.081,164.888,0,-4,12,0,0,0,0,0,0,0,0,0
2026-03-27 19:39:51.161,164.968,3,-4,12,0,0,0,0,0,0,0,0,0
2026-03-27 19:39:51.163,164.971,3,-4,12,0,0,0,0,0,0,0,0,0
2026-03-27 19:39:51.273,165.080,3,-4,12,0,0,0,0,0,0,0,0,0
2026-03-27 19:39:51.401,165.208,2,-5,12,0,0,0,0,0,0,0,0,0
2026-03-27 19:39:51.433,165.240,3,-4,12,0,0,0,0,0,0,0,0,0
2026-03-27 19:39:51.592,165.400,0,-4,12,0,0,0,0,0,0,0,0,0
2026-03-27 19:39:51.736,165.544,3,-5,12,0,0,0,0,0,0,0,0,0
2026-03-27 19:39:51.786,165.593,3,-4,12,0,0,0,0,0,0,0,0,0
2026-03-27 19:39:51.897,165.704,3,-4,12,0,0,0,0,0,0,0,0,0
2026-03-27 19:39:51.993,165.800,3,-4,12,0,0,0,0,0,0,0,0,0
2026-03-27 19:39:52.105,165.912,3,-4,12,0,0,0,0,0,0,0,0,0
2026-03-27 19:39:52.216,166.024,2,-4,12,0,0,0,0,0,0,0,0,0
2026-03-27 19:39:52.361,166.168,3,-4,12,0,0,0,0,0,0,0,0,0
2026-03-27 19:39:52.409,166.216,3,-5,12,0,0,0,0,0,0,0,0,0
2026-03-27 19:39:52.520,166.327,0,-4,12,0,0,0,0,0,0,0,0,0
2026-03-27 19:39:52.617,166.424,3,-4,12,0,0,0,0,0,0,0,0,0
2026-03-27 19:39:52.665,166.472,3,-4,12,0,0,0,0,0,0,0,0,0
2026-03-27 19:39:52.793,166.600,3,-4,12,0,0,0,0,0,0,0,0,0
2026-03-27 19:39:52.889,166.696,0,-4,12,0,0,0,0,0,0,0,0,0
2026-03-27 19:39:53.001,166.809,3,-4,12,0,0,0,0,0,0,0,0,0
2026-03-27 19:39:53.081,166.888,3,-4,12,0,0,0,0,0,0,0,0,0
2026-03-27 19:39:53.177,166.984,3,-5,12,0,0,0,0,0,0,0,0,0
2026-03-27 19:39:53.242,167.049,3,-4,12,0,0,0,0,0,0,0,0,0
2026-03-27 19:39:53.352,167.159,0,-5,12,0,0,0,0,0,0,0,0,0
2026-03-27 19:39:53.464,167.272,0,-4,12,0,0,0,0,0,0,0,0,0
2026-03-27 19:39:53.560,167.367,0,-4,12,0,0,0,0,0,0,0,0,0
2026-03-27 19:39:53.580,167.387,0,-4,12,0,0,0,0,0,0,0,0,0
2026-03-27 19:39:53.676,167.484,0,-5,12,0,0,0,0,0,0,0,0,0
2026-03-27 19:39:53.832,167.639,3,-4,12,0,0,0,0,0,0,0,0,0
2026-03-27 19:39:53.944,167.752,0,-4,12,0,0,0,0,0,0,0,0,0
2026-03-27 19:39:54.136,167.944,0,-4,12,0,0,0,0,0,0,0,0,0
2026-03-27 19:39:54.200,168.008,0,-5,12,0,0,0,0,0,0,0,0,0
2026-03-27 19:39:54.379,168.187,0,-4,12,0,0,0,0,0,0,0,0,0
2026-03-27 19:39:54.425,168.232,0,-5,12,0,0,0,0,0,0,0,0,0
2026-03-27 19:39:54.488,168.296,0,-4,12,0,0,0,0,0,0,0,0,0
2026-03-27 19:39:54.600,168.408,0,-4,12,0,0,0,0,0,0,0,0,0
2026-03-27 19:39:54.729,168.536,0,-4,12,0,0,0,0,0,0,0,0,0
2026-03-27 19:39:54.809,168.616,0,-4,12,0,0,0,0,0,0,0,0,0
2026-03-27 19:39:54.921,168.728,0,-4,12,0,0,0,0,0,0,0,0,0
2026-03-27 19:39:54.924,168.731,0,-4,12,0,0,0,0,0,0,0,0,0
2026-03-27 19:39:54.937,168.744,1,-4,12,0,0,0,0,0,0,0,0,0
2026-03-27 19:39:55.016,168.824,0,-4,12,0,0,0,0,0,0,0,0,0
2026-03-27 19:39:55.129,168.936,0,-4,12,0,0,0,0,0,0,0,0,0
2026-03-27 19:39:55.257,169.064,0,-4,12,0,0,0,0,0,0,0,0,0
2026-03-27 19:39:55.260,169.068,0,-4,12,0,0,0,0,0,0,0,0,0
2026-03-27 19:39:55.320,169.128,3,-4,12,0,0,0,0,0,0,0,0,0
2026-03-27 19:39:55.323,169.130,0,-4,12,0,0,0,0,0,0,0,0,0
2026-03-27 19:39:55.497,169.304,0,-4,12,0,0,0,0,0,0,0,0,0
2026-03-27 19:39:55.515,169.323,3,-4,12,0,0,0,0,0,0,0,0,0
2026-03-27 19:39:55.658,169.465,0,-4,12,0,0,0,0,0,0,0,0,0
2026-03-27 19:39:55.801,169.608,0,-4,12,0,0,0,0,0,0,0,0,0
2026-03-27 19:39:55.929,169.736,0,-4,12,0,0,0,0,0,0,0,0,0
2026-03-27 19:39:55.960,169.768,0,-4,12,0,0,0,0,0,0,0,0,0
2026-03-27 19:39:56.073,169.880,3,-4,12,0,0,0,0,0,0,0,0,0
2026-03-27 19:39:56.184,169.992,3,-4,12,0,0,0,0,0,0,0,0,0
2026-03-27 19:39:56.297,170.104,0,-4,12,0,0,0,0,0,0,0,0,0
2026-03-27 19:39:56.344,170.152,0,-4,12,0,0,0,0,0,0,0,0,0
2026-03-27 19:39:56.569,170.376,0,-4,12,0,0,0,0,0,0,0,0,0
2026-03-27 19:39:56.601,170.408,0,-4,12,0,0,0,0,0,0,0,0,0
2026-03-27 19:39:56.618,170.425,0,-4,12,0,0,0,0,0,0,0,0,0
2026-03-27 19:39:56.712,170.520,0,-4,12,0,0,0,0,0,0,0,0,0
2026-03-27 19:39:56.857,170.664,0,-4,12,0,0,0,0,0,0,0,0,0
2026-03-27 19:39:56.955,170.762,0,-4,12,0,0,0,0,0,0,0,0,0
2026-03-27 19:39:57.097,170.904,0,-5,12,0,0,0,0,0,0,0,0,0
2026-03-27 19:39:57.160,170.967,0,-4,12,0,0,0,0,0,0,0,0,0
2026-03-27 19:39:57.164,170.971,0,-4,12,0,0,0,0,0,0,0,0,0
2026-03-27 19:39:57.176,170.984,0,-5,12,0,0,0,0,0,0,0,0,0
2026-03-27 19:39:57.224,171.032,0,-4,12,0,0,0,0,0,0,0,0,0
2026-03-27 19:39:57.416,171.223,0,-4,12,0,0,0,0,0,0,0,0,0
2026-03-27 19:39:57.467,171.275,3,-4,12,0,0,0,0,0,0,0,0,0
2026-03-27 19:39:57.578,171.385,3,-4,12,0,0,0,0,0,0,0,0,0
2026-03-27 19:39:57.582,171.389,2,-4,12,0,0,0,0,0,0,0,0,0
2026-03-27 19:39:57.596,171.403,2,-4,12,0,0,0,0,0,0,0,0,0
2026-03-27 19:39:57.659,171.466,2,-5,12,0,0,0,0,0,0,0,0,0
2026-03-27 19:39:57.801,171.608,0,-4,12,0,0,0,0,0,0,0,0,0
2026-03-27 19:39:57.881,171.688,0,-4,12,0,0,0,0,0,0,0,0,0
2026-03-27 19:39:57.897,171.704,3,-4,12,0,0,0,0,0,0,0,0,0
2026-03-27 19:39:58.073,171.880,2,-4,12,0,0,0,0,0,0,0,0,0
2026-03-27 19:39:58.136,171.944,0,-5,12,0,0,0,0,0,0,0,0,0
2026-03-27 19:39:58.201,172.008,2,-4,12,0,0,0,0,0,0,0,0,0
2026-03-27 19:39:58.328,172.135,2,-4,12,0,0,0,0,0,0,0,0,0
2026-03-27 19:39:58.344,172.151,2,-5,12,0,0,0,0,0,0,0,0,0
2026-03-27 19:39:58.425,172.232,0,-4,12,0,0,0,0,0,0,0,0,0
2026-03-27 19:39:58.568,172.376,0,-4,12,0,0,0,0,0,0,0,0,0
2026-03-27 19:39:58.575,172.382,0,-5,12,0,0,0,0,0,0,0,0,0
2026-03-27 19:39:58.696,172.503,0,-4,12,0,0,0,0,0,0,0,0,0
2026-03-27 19:39:58.809,172.616,3,-4,12,0,0,0,0,0,0,0,0,0
2026-03-27 19:39:58.856,172.664,3,-4,12,0,0,0,0,0,0,0,0,0
2026-03-27 19:39:58.921,172.728,3,-4,12,0,0,0,0,0,0,0,0,0
2026-03-27 19:39:59.112,172.919,3,-4,12,0,0,0,0,0,0,0,0,0
