timestamp,elapsed_s,bottle_psi,tank_psi,chamber_psi,loadcell_lbs,gse_fill,gse_relief,gse_dump,rkt_ox,rkt_fuel,rkt_relief,rkt_dump,rkt_ign
2026-04-03 20:50:17.759,0.217,-2,-10,-11,-43.33,0,0,0,0,0,0,0,0
2026-04-03 20:50:17.813,0.272,-2,-9,-11,-53.39,0,0,0,0,0,0,0,0
2026-04-03 20:50:17.878,0.336,-2,-9,-11,-92.13,0,0,0,0,0,0,0,0
2026-04-03 20:50:17.989,0.448,-2,-9,-9,-10.68,0,0,0,0,0,0,0,0
2026-04-03 20:50:18.022,0.480,-2,-9,-12,-23.54,0,0,0,0,0,0,0,0
2026-04-03 20:50:18.085,0.544,-2,-9,-12,-7.83,0,0,0,0,0,0,0,0
2026-04-03 20:50:18.165,0.624,-2,-10,-12,-59.28,0,0,0,0,0,0,0,0
2026-04-03 20:50:18.246,0.705,-2,-9,-11,-79.64,0,0,0,0,0,0,0,0
2026-04-03 20:50:18.293,0.752,-2,-10,-9,-20.16,0,0,0,0,0,0,0,0
2026-04-03 20:50:18.421,0.880,-2,-11,-11,-90.93,0,0,0,0,0,0,0,0
2026-04-03 20:50:18.485,0.944,-2,-9,-9,-86.87,0,0,0,0,0,0,0,0
2026-04-03 20:50:18.629,1.088,-2,-10,-9,-25.34,0,0,0,0,0,0,0,0
2026-04-03 20:50:18.662,1.121,-2,-9,-11,-40.82,0,0,0,0,0,0,0,0
2026-04-03 20:50:18.774,1.233,-2,-9,-11,-30.49,0,0,0,0,0,0,0,0
2026-04-03 20:50:18.837,1.296,-2,-9,-11,-68.38,0,0,0,0,0,0,0,0
2026-04-03 20:50:18.917,1.376,-1,-9,-11,-14.0,0,0,0,0,0,0,0,0
2026-04-03 20:50:18.997,1.456,-2,-9,-11,-19.52,0,0,0,0,0,0,0,0
2026-04-03 20:50:19.093,1.552,-2,-9,-11,-23.1,0,0,0,0,0,0,0,0
2026-04-03 20:50:19.190,1.649,-1,-10,-11,-65.48,0,0,0,0,0,0,0,0
2026-04-03 20:50:19.301,1.760,-2,-9,-12,-37.04,0,0,0,0,0,0,0,0
2026-04-03 20:50:19.350,1.809,-2,-9,-11,-65.84,0,0,0,0,0,0,0,0
2026-04-03 20:50:19.430,1.888,-2,-10,-12,-7.48,0,0,0,0,0,0,0,0
2026-04-03 20:50:19.558,2.017,-1,-9,-11,-69.27,0,0,0,0,0,0,0,0
2026-04-03 20:50:19.637,2.096,-2,-9,-12,-101.07,0,0,0,0,0,0,0,0
2026-04-03 20:50:19.702,2.161,-2,-9,-11,-36.44,0,0,0,0,0,0,0,0
2026-04-03 20:50:19.765,2.224,-2,-9,-11,-32.13,0,0,0,0,0,0,0,0
2026-04-03 20:50:19.814,2.272,-2,-9,-9,-47.77,0,0,0,0,0,0,0,0
2026-04-03 20:50:19.910,2.368,-2,-9,-9,-39.03,0,0,0,0,0,0,0,0
2026-04-03 20:50:19.957,2.416,-2,-8,-11,-15.69,0,0,0,0,0,0,0,0
2026-04-03 20:50:20.038,2.497,-2,-9,-8,-19.11,0,0,0,0,0,0,0,0
2026-04-03 20:50:20.085,2.544,-2,-9,-11,-16.44,0,0,0,0,0,0,0,0
2026-04-03 20:50:20.149,2.608,-2,-9,-11,-51.1,0,0,0,0,0,0,0,0
2026-04-03 20:50:20.246,2.705,-2,-9,-9,-76.58,0,0,0,0,0,0,0,0
2026-04-03 20:50:20.325,2.784,-2,-9,-11,-12.89,0,0,0,0,0,0,0,0
2026-04-03 20:50:20.405,2.864,-2,-10,-11,-45.02,0,0,0,0,0,0,0,0
2026-04-03 20:50:20.454,2.912,-2,-9,-11,-135.24,0,0,0,0,0,0,0,0
2026-04-03 20:50:20.581,3.040,-2,-9,-11,-29.8,0,0,0,0,0,0,0,0
2026-04-03 20:50:20.614,3.072,-1,-9,-12,-69.89,0,0,0,0,0,0,0,0
2026-04-03 20:50:20.710,3.168,-2,-9,-11,-50.55,0,0,0,0,0,0,0,0
2026-04-03 20:50:20.805,3.264,-2,-10,-12,-31.78,0,0,0,0,0,0,0,0
2026-04-03 20:50:20.853,3.312,-2,-10,-11,-8.53,0,0,0,0,0,0,0,0
2026-04-03 20:50:20.950,3.408,-2,-10,-11,-24.7,0,0,0,0,0,0,0,0
2026-04-03 20:50:21.062,3.520,-2,-9,-12,-12.81,0,0,0,0,0,0,0,0
2026-04-03 20:50:21.125,3.584,-2,-9,-12,-46.96,0,0,0,0,0,0,0,0
2026-04-03 20:50:21.173,3.632,-2,-10,-11,-119.58,0,0,0,0,0,0,0,0
2026-04-03 20:50:21.222,3.680,-2,-9,-12,-11.27,0,0,0,0,0,0,0,0
2026-04-03 20:50:21.318,3.776,-2,-9,-11,-106.24,0,0,0,0,0,0,0,0
2026-04-03 20:50:21.365,3.824,-2,-9,-11,-88.69,0,0,0,0,0,0,0,0
2026-04-03 20:50:21.461,3.920,-2,-9,-11,-20.23,0,0,0,0,0,0,0,0
2026-04-03 20:50:21.542,4.000,-2,-9,-12,-27.06,0,0,0,0,0,0,0,0
2026-04-03 20:50:21.622,4.080,-2,-9,-9,-46.32,0,0,0,0,0,0,0,0
2026-04-03 20:50:21.749,4.208,-2,-9,-11,-21.46,0,0,0,0,0,0,0,0
2026-04-03 20:50:21.814,4.273,-1,-10,-9,-12.19,0,0,0,0,0,0,0,0
2026-04-03 20:50:21.909,4.368,-2,-10,-11,-52.16,0,0,0,0,0,0,0,0
2026-04-03 20:50:22.005,4.464,-2,-10,-11,-37.12,0,0,0,0,0,0,0,0
2026-04-03 20:50:22.085,4.544,-2,-9,-11,-66.33,0,0,0,0,0,0,0,0
2026-04-03 20:50:22.181,4.640,-2,-9,-11,-13.49,0,0,0,0,0,0,0,0
2026-04-03 20:50:22.213,4.672,-2,-9,-11,-26.4,0,0,0,0,0,0,0,0
2026-04-03 20:50:22.293,4.752,-2,-10,-12,-145.07,0,0,0,0,0,0,0,0
2026-04-03 20:50:22.373,4.832,-2,-10,-11,-26.66,0,0,0,0,0,0,0,0
2026-04-03 20:50:22.405,4.864,-2,-10,-12,-36.94,0,0,0,0,0,0,0,0
2026-04-03 20:50:22.581,5.040,-1,-9,-11,-114.95,0,0,0,0,0,0,0,0
2026-04-03 20:50:22.630,5.089,-1,-10,-12,-14.07,0,0,0,0,0,0,0,0
2026-04-03 20:50:22.726,5.185,-2,-10,-9,-22.96,0,0,0,0,0,0,0,0
2026-04-03 20:50:22.757,5.216,-2,-10,-11,-22.82,0,0,0,0,0,0,0,0
2026-04-03 20:50:22.901,5.360,-2,-10,-11,-73.24,0,0,0,0,0,0,0,0
2026-04-03 20:50:22.950,5.409,-2,-9,-9,-59.44,0,0,0,0,0,0,0,0
2026-04-03 20:50:22.981,5.440,-2,-9,-11,-72.55,0,0,0,0,0,0,0,0
2026-04-03 20:50:23.077,5.536,-2,-9,-12,-13.11,0,0,0,0,0,0,0,0
2026-04-03 20:50:23.158,5.616,-2,-9,-12,-76.87,0,0,0,0,0,0,0,0
2026-04-03 20:50:23.285,5.744,-2,-9,-11,-80.56,0,0,0,0,0,0,0,0
2026-04-03 20:50:23.333,5.792,-2,-9,-12,-60.8,0,0,0,0,0,0,0,0
2026-04-03 20:50:23.445,5.904,-2,-9,-9,-59.39,0,0,0,0,0,0,0,0
2026-04-03 20:50:23.525,5.984,-2,-9,-11,-30.99,0,0,0,0,0,0,0,0
2026-04-03 20:50:23.605,6.064,-1,-10,-11,-56.63,0,0,0,0,0,0,0,0
2026-04-03 20:50:23.686,6.144,-2,-9,-11,-9.35,0,0,0,0,0,0,0,0
2026-04-03 20:50:23.813,6.272,-2,-9,-11,-11.2,0,0,0,0,0,0,0,0
2026-04-03 20:50:23.861,6.320,-2,-9,-12,-23.27,0,0,0,0,0,0,0,0
2026-04-03 20:50:23.990,6.449,-2,-10,-9,-13.98,0,0,0,0,0,0,0,0
2026-04-03 20:50:24.117,6.576,-2,-9,-11,-79.83,0,0,0,0,0,0,0,0
2026-04-03 20:50:24.181,6.640,-2,-9,-11,-14.3,0,0,0,0,0,0,0,0
2026-04-03 20:50:24.229,6.688,-2,-9,-11,-10.88,0,0,0,0,0,0,0,0
2026-04-03 20:50:24.326,6.784,-1,-9,-12,-96.16,0,0,0,0,0,0,0,0
2026-04-03 20:50:24.406,6.864,-2,-9,-11,-18.14,0,0,0,0,0,0,0,0
2026-04-03 20:50:24.550,7.008,-2,-10,-12,-36.19,0,0,0,0,0,0,0,0
2026-04-03 20:50:24.565,7.024,-2,-9,-11,-26.38,0,0,0,0,0,0,0,0
2026-04-03 20:50:24.662,7.121,-2,-10,-11,-82.59,0,0,0,0,0,0,0,0
2026-04-03 20:50:24.741,7.200,-2,-10,-11,-43.4,0,0,0,0,0,0,0,0
2026-04-03 20:50:24.805,7.264,-2,-9,-9,-25.66,0,0,0,0,0,0,0,0
2026-04-03 20:50:24.918,7.376,-2,-9,-11,-8.29,0,0,0,0,0,0,0,0
2026-04-03 20:50:24.998,7.456,-2,-9,-11,-81.75,0,0,0,0,0,0,0,0
2026-04-03 20:50:25.045,7.504,-1,-9,-11,-54.06,0,0,0,0,0,0,0,0
2026-04-03 20:50:25.174,7.632,-2,-10,-11,-52.27,0,0,0,0,0,0,0,0
2026-04-03 20:50:25.221,7.680,-2,-10,-11,-14.0,0,0,0,0,0,0,0,0
2026-04-03 20:50:25.317,7.776,-2,-9,-11,-56.18,0,0,0,0,0,0,0,0
2026-04-03 20:50:25.381,7.840,-2,-10,-11,-127.54,0,0,0,0,0,0,0,0
2026-04-03 20:50:25.525,7.984,-2,-9,-11,-74.73,0,0,0,0,0,0,0,0
2026-04-03 20:50:25.621,8.080,-2,-10,-11,-31.38,0,0,0,0,0,0,0,0
2026-04-03 20:50:25.733,8.192,-2,-10,-11,-92.28,0,0,0,0,0,0,0,0
2026-04-03 20:50:25.829,8.288,-1,-9,-12,-11.48,0,0,0,0,0,0,0,0
2026-04-03 20:50:25.894,8.352,-2,-9,-11,-24.38,0,0,0,0,0,0,0,0
2026-04-03 20:50:25.941,8.400,-2,-9,-11,-20.3,0,0,0,0,0,0,0,0
2026-04-03 20:50:26.005,8.464,-2,-9,-12,-90.53,0,0,0,0,0,0,0,0
2026-04-03 20:50:26.133,8.592,-2,-10,-11,-101.48,0,0,0,0,0,0,0,0
2026-04-03 20:50:26.181,8.640,-2,-9,-11,-15.09,0,0,0,0,0,0,0,0
2026-04-03 20:50:26.246,8.704,-2,-9,-11,-44.74,0,0,0,0,0,0,0,0
2026-04-03 20:50:26.374,8.833,-2,-9,-11,-144.35,0,0,0,0,0,0,0,0
2026-04-03 20:50:26.469,8.928,-2,-9,-11,-65.35,0,0,0,0,0,0,0,0
2026-04-03 20:50:26.533,8.992,-2,-9,-12,-27.1,0,0,0,0,0,0,0,0
2026-04-03 20:50:26.613,9.072,-2,-10,-11,-40.63,0,0,0,0,0,0,0,0
2026-04-03 20:50:26.725,9.184,-2,-9,-11,-45.04,0,0,0,0,0,0,0,0
2026-04-03 20:50:26.821,9.280,-2,-9,-11,-30.52,0,0,0,0,0,0,0,0
2026-04-03 20:50:26.837,9.296,-2,-9,-11,-20.87,0,0,0,0,0,0,0,0
2026-04-03 20:50:26.949,9.408,-2,-9,-12,-23.59,0,0,0,0,0,0,0,0
2026-04-03 20:50:27.029,9.488,-2,-9,-11,-22.88,0,0,0,0,0,0,0,0
2026-04-03 20:50:27.094,9.552,-2,-9,-11,-27.98,0,0,0,0,0,0,0,0
2026-04-03 20:50:27.157,9.616,-1,-9,-11,-76.13,0,0,0,0,0,0,0,0
2026-04-03 20:50:27.269,9.728,-2,-9,-11,-26.64,0,0,0,0,0,0,0,0
2026-04-03 20:50:27.397,9.856,-2,-9,-11,-69.55,0,0,0,0,0,0,0,0
2026-04-03 20:50:27.462,9.920,-2,-9,-11,-83.2,0,0,0,0,0,0,0,0
2026-04-03 20:50:27.525,9.984,-2,-9,-11,-72.99,0,0,0,0,0,0,0,0
2026-04-03 20:50:27.590,10.048,-2,-9,-12,-19.17,0,0,0,0,0,0,0,0
2026-04-03 20:50:27.701,10.160,-2,-9,-11,-35.84,0,0,0,0,0,0,0,0
2026-04-03 20:50:27.765,10.224,-2,-9,-11,-56.48,0,0,0,0,0,0,0,0
2026-04-03 20:50:27.845,10.304,-2,-9,-11,-21.42,0,0,0,0,0,0,0,0
2026-04-03 20:50:27.893,10.352,-2,-10,-11,-11.05,0,0,0,0,0,0,0,0
2026-04-03 20:50:28.037,10.496,-2,-9,-11,-26.29,0,0,0,0,0,0,0,0
2026-04-03 20:50:28.085,10.544,-2,-9,-9,-78.61,0,0,0,0,0,0,0,0
2026-04-03 20:50:28.165,10.624,-2,-10,-11,-44.87,0,0,0,0,0,0,0,0
2026-04-03 20:50:28.197,10.656,-2,-10,-9,-97.81,0,0,0,0,0,0,0,0
2026-04-03 20:50:28.293,10.752,-2,-10,-12,-7.81,0,0,0,0,0,0,0,0
2026-04-03 20:50:28.389,10.848,-2,-10,-11,-65.67,0,0,0,0,0,0,0,0
2026-04-03 20:50:28.453,10.912,-2,-10,-11,-65.92,0,0,0,0,0,0,0,0
2026-04-03 20:50:28.533,10.992,-2,-10,-11,-0.48,0,0,0,0,0,0,0,0
2026-04-03 20:50:28.629,11.088,-2,-9,-11,-9.33,0,0,0,0,0,0,0,0
2026-04-03 20:50:28.725,11.184,-2,-9,-11,6.0,0,0,0,0,0,0,0,0
2026-04-03 20:50:28.762,11.221,-2,-10,-11,37.61,0,0,0,0,0,0,0,0
2026-04-03 20:50:28.885,11.344,-2,-9,-11,39.47,0,0,0,0,0,0,0,0
2026-04-03 20:50:28.949,11.408,-2,-9,-11,31.84,0,0,0,0,0,0,0,0
2026-04-03 20:50:28.997,11.456,-2,-10,-11,-31.12,0,0,0,0,0,0,0,0
2026-04-03 20:50:29.093,11.552,-2,-10,-11,21.57,0,0,0,0,0,0,0,0
2026-04-03 20:50:29.157,11.616,-2,-10,-11,3.85,0,0,0,0,0,0,0,0
2026-04-03 20:50:29.253,11.712,-2,-10,-11,48.48,0,0,0,0,0,0,0,0
2026-04-03 20:50:29.333,11.792,-2,-9,-12,-8.08,0,0,0,0,0,0,0,0
2026-04-03 20:50:29.413,11.872,-2,-9,-11,12.03,0,0,0,0,0,0,0,0
2026-04-03 20:50:29.541,12.000,-1,-10,-9,53.1,0,0,0,0,0,0,0,0
2026-04-03 20:50:29.589,12.048,-2,-9,-9,50.34,0,0,0,0,0,0,0,0
2026-04-03 20:50:29.733,12.192,-2,-10,-11,4.19,0,0,0,0,0,0,0,0
2026-04-03 20:50:29.797,12.256,-2,-10,-11,-30.04,0,0,0,0,0,0,0,0
2026-04-03 20:50:29.829,12.288,-2,-9,-8,17.66,0,0,0,0,0,0,0,0
2026-04-03 20:50:29.925,12.383,-2,-9,-9,48.72,0,0,0,0,0,0,0,0
2026-04-03 20:50:29.973,12.432,-2,-10,-11,47.94,0,0,0,0,0,0,0,0
2026-04-03 20:50:30.101,12.560,-2,-9,-9,49.34,0,0,0,0,0,0,0,0
2026-04-03 20:50:30.149,12.607,-2,-10,-12,1.23,0,0,0,0,0,0,0,0
2026-04-03 20:50:30.181,12.640,-2,-9,-11,-59.32,0,0,0,0,0,0,0,0
2026-04-03 20:50:30.261,12.720,-2,-9,-11,-8.03,0,0,0,0,0,0,0,0
2026-04-03 20:50:30.341,12.800,-2,-9,-11,-85.95,0,0,0,0,0,0,0,0
2026-04-03 20:50:30.389,12.848,-2,-9,-11,-65.57,0,0,0,0,0,0,0,0
2026-04-03 20:50:30.453,12.911,-2,-9,-11,-17.76,0,0,0,0,0,0,0,0
2026-04-03 20:50:30.501,12.960,-2,-9,-11,-52.42,0,0,0,0,0,0,0,0
2026-04-03 20:50:30.645,13.104,-2,-9,-11,-30.69,0,0,0,0,0,0,0,0
2026-04-03 20:50:30.677,13.135,-2,-9,-12,-5.36,0,0,0,0,0,0,0,0
2026-04-03 20:50:30.725,13.184,-1,-9,-12,-17.26,0,0,0,0,0,0,0,0
2026-04-03 20:50:30.821,13.280,-2,-10,-11,-77.96,0,0,0,0,0,0,0,0
2026-04-03 20:50:30.901,13.359,-2,-9,-11,-55.88,0,0,0,0,0,0,0,0
2026-04-03 20:50:30.949,13.407,-2,-9,-12,-84.49,0,0,0,0,0,0,0,0
2026-04-03 20:50:31.077,13.536,-2,-9,-11,-19.16,0,0,0,0,0,0,0,0
2026-04-03 20:50:31.141,13.600,-2,-10,-11,-74.97,0,0,0,0,0,0,0,0
2026-04-03 20:50:31.221,13.680,-2,-9,-11,-73.05,0,0,0,0,0,0,0,0
2026-04-03 20:50:31.301,13.760,-2,-10,-12,-15.74,0,0,0,0,0,0,0,0
2026-04-03 20:50:31.413,13.871,-2,-9,-11,-22.49,0,0,0,0,0,0,0,0
2026-04-03 20:50:31.461,13.920,-2,-9,-11,-17.18,0,0,0,0,0,0,0,0
2026-04-03 20:50:31.589,14.048,-2,-10,-12,-103.66,0,0,0,0,0,0,0,0
2026-04-03 20:50:31.621,14.080,-2,-9,-11,-15.63,0,0,0,0,0,0,0,0
2026-04-03 20:50:31.685,14.143,-2,-9,-11,-20.96,0,0,0,0,0,0,0,0
2026-04-03 20:50:31.797,14.255,-2,-9,-11,-71.61,0,0,0,0,0,0,0,0
2026-04-03 20:50:31.813,14.271,-1,-9,-12,-53.29,0,0,0,0,0,0,0,0
2026-04-03 20:50:31.893,14.352,-2,-10,-11,-70.66,0,0,0,0,0,0,0,0
2026-04-03 20:50:31.973,14.431,-2,-9,-11,-9.32,0,0,0,0,0,0,0,0
2026-04-03 20:50:32.053,14.512,-2,-9,-11,-67.28,0,0,0,0,0,0,0,0
2026-04-03 20:50:32.197,14.655,-2,-9,-11,-75.89,0,0,0,0,0,0,0,0
2026-04-03 20:50:32.229,14.688,-2,-10,-11,-19.15,0,0,0,0,0,0,0,0
2026-04-03 20:50:32.293,14.751,-2,-10,-11,-23.55,0,0,0,0,0,0,0,0
2026-04-03 20:50:32.373,14.832,-2,-10,-11,-48.33,0,0,0,0,0,0,0,0
2026-04-03 20:50:32.453,14.911,-2,-9,-11,-23.57,0,0,0,0,0,0,0,0
2026-04-03 20:50:32.581,15.040,-2,-9,-11,-8.32,0,0,0,0,0,0,0,0
2026-04-03 20:50:32.645,15.104,-2,-10,-11,-20.39,0,0,0,0,0,0,0,0
2026-04-03 20:50:32.709,15.167,-2,-10,-11,-19.86,0,0,0,0,0,0,0,0
2026-04-03 20:50:32.853,15.311,-2,-9,-9,-53.37,0,0,0,0,0,0,0,0
2026-04-03 20:50:32.901,15.360,-2,-9,-11,-37.1,0,0,0,0,0,0,0,0
2026-04-03 20:50:33.045,15.503,-2,-9,-12,-55.72,0,0,0,0,0,0,0,0
2026-04-03 20:50:33.093,15.552,-2,-9,-11,-6.86,0,0,0,0,0,0,0,0
2026-04-03 20:50:33.172,15.631,-2,-10,-12,-71.42,0,0,0,0,0,0,0,0
2026-04-03 20:50:33.301,15.759,-2,-10,-11,-84.48,0,0,0,0,0,0,0,0
2026-04-03 20:50:33.397,15.856,-2,-9,-11,-73.08,0,0,0,0,0,0,0,0
2026-04-03 20:50:33.461,15.920,-2,-9,-11,-14.92,0,0,0,0,0,0,0,0
2026-04-03 20:50:33.509,15.968,-2,-10,-11,-63.41,0,0,0,0,0,0,0,0
2026-04-03 20:50:33.605,16.064,-2,-10,-12,-12.65,0,0,0,0,0,0,0,0
2026-04-03 20:50:33.669,16.127,-2,-9,-12,-82.9,0,0,0,0,0,0,0,0
2026-04-03 20:50:33.717,16.175,-2,-9,-11,-19.36,0,0,0,0,0,0,0,0
2026-04-03 20:50:33.812,16.271,-2,-10,-11,-22.12,0,0,0,0,0,0,0,0
2026-04-03 20:50:33.924,16.383,-2,-9,-11,-55.62,0,0,0,0,0,0,0,0
2026-04-03 20:50:33.973,16.432,-2,-9,-9,-75.31,0,0,0,0,0,0,0,0
2026-04-03 20:50:34.005,16.464,-2,-9,-9,-75.74,0,0,0,0,0,0,0,0
2026-04-03 20:50:34.116,16.575,-2,-10,-9,-25.59,0,0,0,0,0,0,0,0
2026-04-03 20:50:34.180,16.639,-2,-10,-11,-87.98,0,0,0,0,0,0,0,0
2026-04-03 20:50:34.245,16.704,-2,-9,-11,-71.09,0,0,0,0,0,0,0,0
2026-04-03 20:50:34.341,16.800,-2,-9,-12,-19.86,0,0,0,0,0,0,0,0
2026-04-03 20:50:34.421,16.880,-2,-9,-11,-32.4,0,0,0,0,0,0,0,0
2026-04-03 20:50:34.500,16.959,-2,-10,-11,-45.32,0,0,0,0,0,0,0,0
2026-04-03 20:50:34.629,17.088,-2,-9,-11,-27.28,0,0,0,0,0,0,0,0
2026-04-03 20:50:34.693,17.152,-1,-9,-11,-23.27,0,0,0,0,0,0,0,0
2026-04-03 20:50:34.773,17.232,-2,-9,-11,-55.68,0,0,0,0,0,0,0,0
2026-04-03 20:50:34.853,17.312,-2,-9,-11,-87.69,0,0,0,0,0,0,0,0
2026-04-03 20:50:34.948,17.407,-2,-10,-11,-31.43,0,0,0,0,0,0,0,0
2026-04-03 20:50:35.077,17.536,-2,-9,-11,-11.48,0,0,0,0,0,0,0,0
2026-04-03 20:50:35.140,17.599,-2,-10,-11,-43.64,0,0,0,0,0,0,0,0
2026-04-03 20:50:35.285,17.744,-2,-10,-12,-84.39,0,0,0,0,0,0,0,0
2026-04-03 20:50:35.349,17.808,-2,-9,-12,-59.5,0,0,0,0,0,0,0,0
2026-04-03 20:50:35.460,17.919,-2,-9,-11,-41.08,0,0,0,0,0,0,0,0
2026-04-03 20:50:35.508,17.967,-2,-10,-12,-98.28,0,0,0,0,0,0,0,0
2026-04-03 20:50:35.572,18.031,-2,-9,-11,-26.95,0,0,0,0,0,0,0,0
2026-04-03 20:50:35.653,18.112,-2,-10,-11,-26.02,0,0,0,0,0,0,0,0
2026-04-03 20:50:35.733,18.192,-2,-9,-11,-72.04,0,0,0,0,0,0,0,0
2026-04-03 20:50:35.845,18.304,-2,-9,-11,-35.06,0,0,0,0,0,0,0,0
2026-04-03 20:50:35.925,18.384,-2,-9,-12,-64.82,0,0,0,0,0,0,0,0
2026-04-03 20:50:35.988,18.447,-2,-10,-11,-15.88,0,0,0,0,0,0,0,0
2026-04-03 20:50:36.037,18.495,-2,-10,-11,-88.53,0,0,0,0,0,0,0,0
2026-04-03 20:50:36.148,18.607,-2,-9,-12,-91.4,0,0,0,0,0,0,0,0
2026-04-03 20:50:36.212,18.671,-2,-10,-11,-41.15,0,0,0,0,0,0,0,0
2026-04-03 20:50:36.325,18.784,-2,-10,-11,-35.39,0,0,0,0,0,0,0,0
2026-04-03 20:50:36.421,18.880,-1,-10,-11,-39.84,0,0,0,0,0,0,0,0
2026-04-03 20:50:36.468,18.927,-2,-10,-12,-87.89,0,0,0,0,0,0,0,0
2026-04-03 20:50:36.548,19.007,-2,-9,-11,-14.9,0,0,0,0,0,0,0,0
2026-04-03 20:50:36.693,19.152,-2,-10,-11,-13.73,0,0,0,0,0,0,0,0
2026-04-03 20:50:36.725,19.183,-2,-9,-11,-15.3,0,0,0,0,0,0,0,0
2026-04-03 20:50:36.820,19.279,-2,-9,-11,-65.35,0,0,0,0,0,0,0,0
2026-04-03 20:50:36.869,19.327,-1,-9,-11,-42.71,0,0,0,0,0,0,0,0
2026-04-03 20:50:37.029,19.488,-2,-10,-9,-54.85,0,0,0,0,0,0,0,0
2026-04-03 20:50:37.061,19.519,-2,-10,-12,-12.31,0,0,0,0,0,0,0,0
2026-04-03 20:50:37.124,19.583,-2,-9,-11,-73.62,0,0,0,0,0,0,0,0
2026-04-03 20:50:37.188,19.647,-2,-10,-11,-72.52,0,0,0,0,0,0,0,0
2026-04-03 20:50:37.284,19.743,-2,-9,-11,-24.17,0,0,0,0,0,0,0,0
2026-04-03 20:50:37.332,19.791,-2,-9,-11,-71.58,0,0,0,0,0,0,0,0
2026-04-03 20:50:37.381,19.840,-2,-10,-11,-67.15,0,0,0,0,0,0,0,0
2026-04-03 20:50:37.492,19.951,-2,-9,-9,-10.02,0,0,0,0,0,0,0,0
2026-04-03 20:50:37.589,20.048,-2,-10,-11,-7.77,0,0,0,0,0,0,0,0
2026-04-03 20:50:37.684,20.143,-2,-10,-12,-22.05,0,0,0,0,0,0,0,0
2026-04-03 20:50:37.733,20.192,-2,-9,-11,-70.91,0,0,0,0,0,0,0,0
2026-04-03 20:50:37.796,20.255,-2,-10,-11,-49.03,0,0,0,0,0,0,0,0
2026-04-03 20:50:37.877,20.336,-2,-9,-11,-56.46,0,0,0,0,0,0,0,0
2026-04-03 20:50:37.972,20.431,-2,-10,-9,-9.86,0,0,0,0,0,0,0,0
2026-04-03 20:50:38.133,20.592,-2,-10,-11,-60.36,0,0,0,0,0,0,0,0
2026-04-03 20:50:38.165,20.624,-2,-10,-11,-95.35,0,0,0,0,0,0,0,0
2026-04-03 20:50:38.245,20.704,-2,-10,-11,-58.28,0,0,0,0,0,0,0,0
2026-04-03 20:50:38.341,20.800,-2,-9,-11,-27.95,0,0,0,0,0,0,0,0
2026-04-03 20:50:38.341,20.800,-2,-10,-11,-20.44,0,0,0,0,0,0,0,0
2026-04-03 20:50:38.453,20.912,-2,-10,-11,-30.8,0,0,0,0,0,0,0,0
2026-04-03 20:50:38.532,20.991,-2,-9,-12,-12.82,0,0,0,0,0,0,0,0
2026-04-03 20:50:38.597,21.056,-2,-10,-12,-26.22,0,0,0,0,0,0,0,0
2026-04-03 20:50:38.709,21.168,-2,-9,-11,-13.54,0,0,0,0,0,0,0,0
2026-04-03 20:50:38.821,21.279,-2,-10,-12,-75.33,0,0,0,0,0,0,0,0
2026-04-03 20:50:38.869,21.328,-2,-9,-11,-74.82,0,0,0,0,0,0,0,0
2026-04-03 20:50:38.980,21.439,-2,-9,-11,-17.12,0,0,0,0,0,0,0,0
2026-04-03 20:50:39.093,21.551,-2,-9,-11,-11.3,0,0,0,0,0,0,0,0
2026-04-03 20:50:39.124,21.583,-2,-9,-12,-69.86,0,0,0,0,0,0,0,0
2026-04-03 20:50:39.204,21.663,-2,-10,-11,-97.94,0,0,0,0,0,0,0,0
2026-04-03 20:50:39.300,21.759,-2,-9,-12,-28.19,0,0,0,0,0,0,0,0
2026-04-03 20:50:39.348,21.807,-2,-9,-11,-61.84,0,0,0,0,0,0,0,0
2026-04-03 20:50:39.412,21.871,-2,-9,-11,-39.63,0,0,0,0,0,0,0,0
2026-04-03 20:50:39.492,21.951,-2,-9,-11,-82.17,0,0,0,0,0,0,0,0
2026-04-03 20:50:39.572,22.031,-2,-9,-12,-14.31,0,0,0,0,0,0,0,0
2026-04-03 20:50:39.652,22.111,-2,-9,-12,-22.31,0,0,0,0,0,0,0,0
2026-04-03 20:50:39.732,22.191,-2,-10,-11,-37.95,0,0,0,0,0,0,0,0
2026-04-03 20:50:39.829,22.287,-2,-9,-11,-31.14,0,0,0,0,0,0,0,0
2026-04-03 20:50:39.941,22.400,-2,-9,-11,-52.42,0,0,0,0,0,0,0,0
2026-04-03 20:50:39.974,22.433,-2,-10,-9,-10.23,0,0,0,0,0,0,0,0
2026-04-03 20:50:40.068,22.527,-1,-9,-11,-68.53,0,0,0,0,0,0,0,0
2026-04-03 20:50:40.132,22.591,-2,-9,-11,-137.0,0,0,0,0,0,0,0,0
2026-04-03 20:50:40.244,22.703,0,-10,-11,-48.63,0,0,0,0,0,0,0,0
2026-04-03 20:50:40.340,22.799,-2,-10,-11,-33.06,0,0,0,0,0,0,0,0
2026-04-03 20:50:40.372,22.831,-2,-10,-11,-13.69,0,0,0,0,0,0,0,0
2026-04-03 20:50:40.500,22.959,-2,-9,-11,-54.35,0,0,0,0,0,0,0,0
2026-04-03 20:50:40.500,22.959,-2,-10,-12,-17.27,0,0,0,0,0,0,0,0
2026-04-03 20:50:40.596,23.055,-2,-9,-12,-14.95,0,0,0,0,0,0,0,0
2026-04-03 20:50:40.677,23.135,-2,-9,-11,-19.03,0,0,0,0,0,0,0,0
2026-04-03 20:50:40.836,23.295,-2,-9,-12,-90.84,0,0,0,0,0,0,0,0
2026-04-03 20:50:40.868,23.327,-2,-9,-11,-47.1,0,0,0,0,0,0,0,0
2026-04-03 20:50:40.965,23.423,-2,-9,-11,-48.26,0,0,0,0,0,0,0,0
2026-04-03 20:50:41.076,23.535,-2,-9,-12,-11.04,0,0,0,0,0,0,0,0
2026-04-03 20:50:41.173,23.631,-2,-10,-11,-64.75,0,0,0,0,0,0,0,0
2026-04-03 20:50:41.284,23.743,-1,-9,-11,-32.59,0,0,0,0,0,0,0,0
2026-04-03 20:50:41.364,23.823,-2,-9,-12,-69.62,0,0,0,0,0,0,0,0
2026-04-03 20:50:41.429,23.887,-2,-9,-11,-16.96,0,0,0,0,0,0,0,0
2026-04-03 20:50:41.492,23.951,-2,-9,-11,-34.53,0,0,0,0,0,0,0,0
2026-04-03 20:50:41.604,24.063,-2,-10,-11,-48.38,0,0,0,0,0,0,0,0
2026-04-03 20:50:41.669,24.127,-2,-10,-9,-32.76,0,0,0,0,0,0,0,0
2026-04-03 20:50:41.780,24.239,-2,-10,-12,-9.56,0,0,0,0,0,0,0,0
2026-04-03 20:50:41.845,24.303,-2,-10,-11,-16.25,0,0,0,0,0,0,0,0
2026-04-03 20:50:41.908,24.367,-1,-9,-9,-21.36,0,0,0,0,0,0,0,0
2026-04-03 20:50:41.989,24.447,-2,-10,-12,-69.38,0,0,0,0,0,0,0,0
2026-04-03 20:50:42.100,24.559,-2,-9,-11,-75.83,0,0,0,0,0,0,0,0
2026-04-03 20:50:42.181,24.639,-2,-9,-9,-12.13,0,0,0,0,0,0,0,0
2026-04-03 20:50:42.276,24.735,-2,-10,-12,-8.36,0,0,0,0,0,0,0,0
2026-04-03 20:50:42.308,24.767,-2,-9,-11,-88.82,0,0,0,0,0,0,0,0
2026-04-03 20:50:42.437,24.895,-2,-10,-11,-57.22,0,0,0,0,0,0,0,0
2026-04-03 20:50:42.485,24.944,-2,-9,-11,-23.17,0,0,0,0,0,0,0,0
2026-04-03 20:50:42.597,25.055,-2,-9,-11,-52.02,0,0,0,0,0,0,0,0
2026-04-03 20:50:42.644,25.103,-2,-9,-11,-111.71,0,0,0,0,0,0,0,0
2026-04-03 20:50:42.772,25.231,-2,-9,-11,-35.07,0,0,0,0,0,0,0,0
2026-04-03 20:50:42.820,25.279,-2,-9,-12,-22.91,0,0,0,0,0,0,0,0
2026-04-03 20:50:42.884,25.343,-2,-10,-11,-16.79,0,0,0,0,0,0,0,0
2026-04-03 20:50:42.980,25.439,0,-10,-11,-41.28,0,0,0,0,0,0,0,0
2026-04-03 20:50:43.076,25.535,-2,-9,-12,-50.14,0,0,0,0,0,0,0,0
2026-04-03 20:50:43.108,25.567,-2,-9,-11,-58.46,0,0,0,0,0,0,0,0
2026-04-03 20:50:43.220,25.679,-2,-9,-11,-9.65,0,0,0,0,0,0,0,0
2026-04-03 20:50:43.348,25.807,-2,-9,-11,-110.98,0,0,0,0,0,0,0,0
2026-04-03 20:50:43.428,25.887,-1,-10,-12,-71.73,0,0,0,0,0,0,0,0
2026-04-03 20:50:43.444,25.903,-2,-9,-11,-10.85,0,0,0,0,0,0,0,0
2026-04-03 20:50:43.556,26.015,-2,-9,-11,-56.41,0,0,0,0,0,0,0,0
2026-04-03 20:50:43.668,26.127,-2,-10,-12,-51.18,0,0,0,0,0,0,0,0
2026-04-03 20:50:43.684,26.143,-2,-10,-11,-84.11,0,0,0,0,0,0,0,0
2026-04-03 20:50:43.780,26.239,-2,-9,-11,-9.65,0,0,0,0,0,0,0,0
2026-04-03 20:50:43.828,26.287,-2,-10,-11,-26.67,0,0,0,0,0,0,0,0
2026-04-03 20:50:43.924,26.383,-2,-9,-12,-20.06,0,0,0,0,0,0,0,0
2026-04-03 20:50:43.957,26.416,-2,-10,-11,-81.9,0,0,0,0,0,0,0,0
2026-04-03 20:50:44.084,26.543,-2,-9,-11,-100.18,0,0,0,0,0,0,0,0
2026-04-03 20:50:44.116,26.575,-2,-9,-11,-33.7,0,0,0,0,0,0,0,0
2026-04-03 20:50:44.196,26.655,-2,-9,-11,-82.07,0,0,0,0,0,0,0,0
2026-04-03 20:50:44.260,26.719,-2,-9,-12,-80.39,0,0,0,0,0,0,0,0
2026-04-03 20:50:44.340,26.799,-2,-10,-12,-54.91,0,0,0,0,0,0,0,0
2026-04-03 20:50:44.388,26.847,-2,-9,-11,-62.98,0,0,0,0,0,0,0,0
2026-04-03 20:50:44.468,26.927,-2,-9,-12,-112.69,0,0,0,0,0,0,0,0
2026-04-03 20:50:44.580,27.039,-2,-9,-11,-32.39,0,0,0,0,0,0,0,0
2026-04-03 20:50:44.692,27.151,-2,-9,-11,-6.27,0,0,0,0,0,0,0,0
2026-04-03 20:50:44.772,27.231,-2,-9,-12,-10.13,0,0,0,0,0,0,0,0
2026-04-03 20:50:44.868,27.327,-2,-10,-11,-20.23,0,0,0,0,0,0,0,0
2026-04-03 20:50:44.932,27.391,-2,-9,-12,-72.9,0,0,0,0,0,0,0,0
2026-04-03 20:50:44.996,27.455,-2,-10,-11,-77.54,0,0,0,0,0,0,0,0
2026-04-03 20:50:45.124,27.583,-2,-9,-11,-58.83,0,0,0,0,0,0,0,0
2026-04-03 20:50:45.188,27.647,-2,-10,-11,-12.75,0,0,0,0,0,0,0,0
2026-04-03 20:50:45.236,27.695,-2,-9,-11,-99.81,0,0,0,0,0,0,0,0
2026-04-03 20:50:45.332,27.791,-2,-9,-11,-71.4,0,0,0,0,0,0,0,0
2026-04-03 20:50:45.444,27.903,-2,-9,-11,-16.35,0,0,0,0,0,0,0,0
2026-04-03 20:50:45.556,28.015,-2,-9,-11,-64.74,0,0,0,0,0,0,0,0
2026-04-03 20:50:45.637,28.096,-2,-10,-12,-11.71,0,0,0,0,0,0,0,0
2026-04-03 20:50:45.764,28.223,-2,-9,-11,-35.26,0,0,0,0,0,0,0,0
2026-04-03 20:50:45.796,28.255,-2,-9,-12,-13.97,0,0,0,0,0,0,0,0
2026-04-03 20:50:45.972,28.431,-2,-9,-11,-10.16,0,0,0,0,0,0,0,0
2026-04-03 20:50:46.020,28.479,-2,-9,-12,-21.14,0,0,0,0,0,0,0,0
2026-04-03 20:50:46.084,28.543,-2,-10,-11,-60.91,0,0,0,0,0,0,0,0
2026-04-03 20:50:46.164,28.623,-2,-10,-12,-63.55,0,0,0,0,0,0,0,0
2026-04-03 20:50:46.244,28.703,-2,-9,-11,-84.08,0,0,0,0,0,0,0,0
2026-04-03 20:50:46.292,28.751,-2,-9,-11,-12.83,0,0,0,0,0,0,0,0
2026-04-03 20:50:46.356,28.815,-2,-9,-11,-13.6,0,0,0,0,0,0,0,0
2026-04-03 20:50:46.452,28.911,-2,-9,-11,-81.13,0,0,0,0,0,0,0,0
2026-04-03 20:50:46.564,29.022,-2,-10,-11,-47.19,0,0,0,0,0,0,0,0
2026-04-03 20:50:46.596,29.055,-2,-9,-11,-28.51,0,0,0,0,0,0,0,0
2026-04-03 20:50:46.692,29.151,-2,-9,-12,-24.94,0,0,0,0,0,0,0,0
2026-04-03 20:50:46.756,29.214,-2,-9,-12,-102.58,0,0,0,0,0,0,0,0
2026-04-03 20:50:46.852,29.311,-2,-9,-9,-13.42,0,0,0,0,0,0,0,0
2026-04-03 20:50:46.948,29.407,-2,-9,-9,-23.64,0,0,0,0,0,0,0,0
2026-04-03 20:50:46.980,29.439,-1,-10,-11,-13.48,0,0,0,0,0,0,0,0
2026-04-03 20:50:47.044,29.503,-2,-9,-11,-97.8,0,0,0,0,0,0,0,0
2026-04-03 20:50:47.172,29.631,-2,-9,-11,-68.11,0,0,0,0,0,0,0,0
2026-04-03 20:50:47.220,29.679,-2,-9,-11,-12.4,0,0,0,0,0,0,0,0
2026-04-03 20:50:47.348,29.807,-2,-9,-11,-56.39,0,0,0,0,0,0,0,0
2026-04-03 20:50:47.412,29.871,-1,-10,-12,-22.38,0,0,0,0,0,0,0,0
2026-04-03 20:50:47.476,29.934,-2,-10,-11,-26.86,0,0,0,0,0,0,0,0
2026-04-03 20:50:47.540,29.999,-1,-10,-12,-58.87,0,0,0,0,0,0,0,0
2026-04-03 20:50:47.620,30.078,-2,-9,-11,-40.19,0,0,0,0,0,0,0,0
2026-04-03 20:50:47.764,30.222,-2,-9,-11,-9.04,0,0,0,0,0,0,0,0
2026-04-03 20:50:47.796,30.254,-2,-9,-12,-27.85,0,0,0,0,0,0,0,0
2026-04-03 20:50:47.860,30.319,-2,-9,-11,-37.02,0,0,0,0,0,0,0,0
2026-04-03 20:50:47.924,30.383,-2,-9,-11,-42.74,0,0,0,0,0,0,0,0
2026-04-03 20:50:47.972,30.431,-2,-10,-9,-59.59,0,0,0,0,0,0,0,0
2026-04-03 20:50:48.068,30.527,-2,-9,-12,-93.88,0,0,0,0,0,0,0,0
2026-04-03 20:50:48.116,30.575,-2,-10,-11,-87.71,0,0,0,0,0,0,0,0
2026-04-03 20:50:48.181,30.640,-2,-10,-11,-24.49,0,0,0,0,0,0,0,0
2026-04-03 20:50:48.276,30.735,-2,-10,-11,-65.47,0,0,0,0,0,0,0,0
2026-04-03 20:50:48.372,30.830,-2,-9,-12,-7.24,0,0,0,0,0,0,0,0
2026-04-03 20:50:48.420,30.879,-2,-9,-11,-95.47,0,0,0,0,0,0,0,0
2026-04-03 20:50:48.516,30.975,-2,-10,-11,-7.77,0,0,0,0,0,0,0,0
2026-04-03 20:50:48.612,31.071,-2,-9,-11,-21.69,0,0,0,0,0,0,0,0
2026-04-03 20:50:48.676,31.135,-2,-9,-11,-26.83,0,0,0,0,0,0,0,0
2026-04-03 20:50:48.772,31.231,-2,-10,-11,-95.53,0,0,0,0,0,0,0,0
2026-04-03 20:50:48.820,31.279,-2,-9,-11,-33.86,0,0,0,0,0,0,0,0
2026-04-03 20:50:48.916,31.374,-2,-9,-12,-57.03,0,0,0,0,0,0,0,0
2026-04-03 20:50:49.060,31.519,-2,-10,-9,-11.68,0,0,0,0,0,0,0,0
2026-04-03 20:50:49.156,31.615,-2,-9,-11,-85.56,0,0,0,0,0,0,0,0
2026-04-03 20:50:49.252,31.710,-2,-9,-11,-19.9,0,0,0,0,0,0,0,0
2026-04-03 20:50:49.364,31.823,-2,-9,-11,-30.5,0,0,0,0,0,0,0,0
2026-04-03 20:50:49.444,31.902,-2,-10,-11,-14.78,0,0,0,0,0,0,0,0
2026-04-03 20:50:49.540,31.999,-2,-10,-12,-75.48,0,0,0,0,0,0,0,0
2026-04-03 20:50:49.636,32.094,-2,-10,-12,-12.21,0,0,0,0,0,0,0,0
2026-04-03 20:50:49.684,32.142,-2,-9,-11,-18.02,0,0,0,0,0,0,0,0
2026-04-03 20:50:49.732,32.190,-2,-9,-11,-23.21,0,0,0,0,0,0,0,0
2026-04-03 20:50:49.828,32.287,-2,-9,-12,-57.23,0,0,0,0,0,0,0,0
2026-04-03 20:50:49.876,32.334,-2,-10,-11,-74.85,0,0,0,0,0,0,0,0
2026-04-03 20:50:49.956,32.415,-2,-9,-11,-15.4,0,0,0,0,0,0,0,0
2026-04-03 20:50:50.052,32.510,-2,-10,-12,-69.88,0,0,0,0,0,0,0,0
2026-04-03 20:50:50.084,32.542,-2,-10,-11,-69.31,0,0,0,0,0,0,0,0
2026-04-03 20:50:50.180,32.638,-2,-9,-11,-8.61,0,0,0,0,0,0,0,0
2026-04-03 20:50:50.308,32.767,-2,-9,-11,-27.33,0,0,0,0,0,0,0,0
2026-04-03 20:50:50.340,32.799,-2,-9,-11,-17.64,0,0,0,0,0,0,0,0
2026-04-03 20:50:50.436,32.895,-2,-10,-11,-43.03,0,0,0,0,0,0,0,0
2026-04-03 20:50:50.516,32.974,-2,-9,-11,-15.93,0,0,0,0,0,0,0,0
2026-04-03 20:50:50.580,33.039,-2,-9,-12,-15.82,0,0,0,0,0,0,0,0
2026-04-03 20:50:50.724,33.182,-2,-9,-11,-7.86,0,0,0,0,0,0,0,0
2026-04-03 20:50:50.772,33.230,-2,-9,-11,-54.05,0,0,0,0,0,0,0,0
2026-04-03 20:50:50.852,33.311,-2,-9,-11,-37.01,0,0,0,0,0,0,0,0
2026-04-03 20:50:50.996,33.454,-2,-9,-11,-58.71,0,0,0,0,0,0,0,0
2026-04-03 20:50:51.140,33.599,-2,-9,-12,-66.29,0,0,0,0,0,0,0,0
2026-04-03 20:50:51.268,33.726,-2,-9,-11,-68.17,0,0,0,0,0,0,0,0
2026-04-03 20:50:51.284,33.743,-2,-9,-12,-113.9,0,0,0,0,0,0,0,0
2026-04-03 20:50:51.412,33.871,-2,-9,-11,-22.98,0,0,0,0,0,0,0,0
2026-04-03 20:50:51.475,33.934,-2,-10,-12,-29.82,0,0,0,0,0,0,0,0
2026-04-03 20:50:51.540,33.999,0,-10,-11,-44.16,0,0,0,0,0,0,0,0
2026-04-03 20:50:51.604,34.063,-2,-9,-11,-23.01,0,0,0,0,0,0,0,0
2026-04-03 20:50:51.699,34.158,-2,-9,-12,-27.42,0,0,0,0,0,0,0,0
2026-04-03 20:50:51.796,34.255,-2,-10,-11,-27.06,0,0,0,0,0,0,0,0
2026-04-03 20:50:51.892,34.351,-2,-9,-11,-66.26,0,0,0,0,0,0,0,0
2026-04-03 20:50:51.908,34.366,-2,-9,-12,-37.73,0,0,0,0,0,0,0,0
2026-04-03 20:50:52.020,34.479,-2,-9,-11,-96.35,0,0,0,0,0,0,0,0
2026-04-03 20:50:52.068,34.526,-2,-9,-11,-17.59,0,0,0,0,0,0,0,0
2026-04-03 20:50:52.148,34.606,-2,-9,-12,-49.23,0,0,0,0,0,0,0,0
2026-04-03 20:50:52.308,34.767,-2,-10,-11,-117.76,0,0,0,0,0,0,0,0
2026-04-03 20:50:52.340,34.799,-2,-9,-11,-14.6,0,0,0,0,0,0,0,0
2026-04-03 20:50:52.483,34.942,-2,-9,-9,-54.87,0,0,0,0,0,0,0,0
2026-04-03 20:50:52.580,35.039,-2,-10,-11,-23.38,0,0,0,0,0,0,0,0
2026-04-03 20:50:52.628,35.086,-2,-9,-11,-91.48,0,0,0,0,0,0,0,0
2026-04-03 20:50:52.675,35.134,-2,-9,-11,-13.13,0,0,0,0,0,0,0,0
2026-04-03 20:50:52.772,35.231,-2,-9,-11,-13.77,0,0,0,0,0,0,0,0
2026-04-03 20:50:52.852,35.311,-2,-9,-9,-30.55,0,0,0,0,0,0,0,0
2026-04-03 20:50:52.883,35.342,-2,-10,-12,-61.72,0,0,0,0,0,0,0,0
2026-04-03 20:50:53.012,35.471,-2,-9,-11,-40.52,0,0,0,0,0,0,0,0
2026-04-03 20:50:53.092,35.551,-2,-9,-11,-43.21,0,0,0,0,0,0,0,0
2026-04-03 20:50:53.219,35.678,-2,-10,-11,-62.41,0,0,0,0,0,0,0,0
2026-04-03 20:50:53.236,35.695,-2,-9,-11,-48.29,0,0,0,0,0,0,0,0
2026-04-03 20:50:53.283,35.742,-2,-9,-11,-72.54,0,0,0,0,0,0,0,0
2026-04-03 20:50:53.379,35.838,-2,-9,-11,-26.02,0,0,0,0,0,0,0,0
2026-04-03 20:50:53.492,35.950,-2,-9,-11,-68.08,0,0,0,0,0,0,0,0
2026-04-03 20:50:53.524,35.983,-2,-9,-11,-108.69,0,0,0,0,0,0,0,0
2026-04-03 20:50:53.588,36.047,-2,-10,-11,-9.5,0,0,0,0,0,0,0,0
2026-04-03 20:50:53.699,36.158,-2,-9,-11,-19.24,0,0,0,0,0,0,0,0
2026-04-03 20:50:53.748,36.207,-2,-10,-11,-20.87,0,0,0,0,0,0,0,0
2026-04-03 20:50:53.812,36.271,-2,-9,-11,-55.6,0,0,0,0,0,0,0,0
2026-04-03 20:50:53.923,36.382,-1,-9,-11,-25.34,0,0,0,0,0,0,0,0
2026-04-03 20:50:53.987,36.446,-2,-9,-11,-61.35,0,0,0,0,0,0,0,0
2026-04-03 20:50:54.148,36.607,-2,-9,-9,-44.26,0,0,0,0,0,0,0,0
2026-04-03 20:50:54.211,36.670,-2,-9,-12,-51.13,0,0,0,0,0,0,0,0
2026-04-03 20:50:54.259,36.718,-2,-9,-9,-67.96,0,0,0,0,0,0,0,0
2026-04-03 20:50:54.388,36.847,-2,-10,-11,-7.02,0,0,0,0,0,0,0,0
2026-04-03 20:50:54.452,36.910,-2,-9,-11,-24.55,0,0,0,0,0,0,0,0
2026-04-03 20:50:54.532,36.991,-2,-9,-11,-27.58,0,0,0,0,0,0,0,0
2026-04-03 20:50:54.852,37.310,-1,-9,-11,-14.46,1,1,1,1,1,1,1,1
2026-04-03 20:50:54.899,37.358,-1,-9,-11,-18.87,1,1,1,1,1,1,1,1
2026-04-03 20:50:55.011,37.470,-1,-9,-11,-72.2,1,1,1,1,1,1,1,1
2026-04-03 20:50:55.059,37.518,-1,-9,-8,-79.29,1,1,1,1,1,1,1,1
2026-04-03 20:50:55.155,37.614,-1,-9,-11,-60.96,1,1,1,1,1,1,1,1
2026-04-03 20:50:55.235,37.694,-1,-9,-8,-28.0,1,1,1,1,1,1,1,1
2026-04-03 20:50:55.348,37.807,-1,-9,-8,-79.15,1,1,1,1,1,1,1,1
2026-04-03 20:50:55.411,37.870,-1,-9,-11,-105.43,1,1,1,1,1,1,1,1
2026-04-03 20:50:55.475,37.934,-1,-9,-10,-15.05,1,1,1,1,1,1,1,1
2026-04-03 20:50:55.539,37.998,-1,-9,-11,-19.84,1,1,1,1,1,1,1,1
2026-04-03 20:50:55.619,38.078,-1,-9,-11,-53.31,1,1,1,1,1,1,1,1
2026-04-03 20:50:55.683,38.142,-1,-9,-10,-38.5,1,1,1,1,1,1,1,1
2026-04-03 20:50:55.779,38.238,-1,-9,-11,-28.83,1,1,1,1,1,1,1,1
2026-04-03 20:50:55.891,38.350,-1,-9,-11,-21.78,1,1,1,1,1,1,1,1
2026-04-03 20:50:55.939,38.398,0,-8,-11,-61.5,1,1,1,1,1,1,1,1
2026-04-03 20:50:56.019,38.478,-1,-8,-11,-81.68,1,1,1,1,1,1,1,1
2026-04-03 20:50:56.099,38.558,-1,-9,-8,-54.85,1,1,1,1,1,1,1,1
2026-04-03 20:50:56.243,38.702,-1,-9,-10,-14.28,1,1,1,1,1,1,1,1
2026-04-03 20:50:56.339,38.798,-1,-9,-11,-72.55,1,1,1,1,1,1,1,1
2026-04-03 20:50:56.403,38.862,-1,-9,-11,-92.76,1,1,1,1,1,1,1,1
2026-04-03 20:50:56.531,38.990,0,-8,-11,-68.02,1,1,1,1,1,1,1,1
2026-04-03 20:50:56.611,39.070,-1,-9,-11,-24.09,1,1,1,1,1,1,1,1
2026-04-03 20:50:56.628,39.087,-1,-9,-11,-43.79,1,1,1,1,1,1,1,1
2026-04-03 20:50:56.724,39.183,-1,-9,-11,-35.47,1,1,1,1,1,1,1,1
2026-04-03 20:50:56.819,39.278,-1,-9,-11,-45.48,1,1,1,1,1,1,1,1
2026-04-03 20:50:56.851,39.310,0,-9,-11,-21.94,1,1,1,1,1,1,1,1
2026-04-03 20:50:56.916,39.375,-1,-9,-11,-25.69,1,1,1,1,1,1,1,1
2026-04-03 20:50:56.980,39.439,-1,-9,-11,-103.94,1,1,1,1,1,1,1,1
2026-04-03 20:50:57.043,39.502,-1,-9,-11,-33.34,1,1,1,1,1,1,1,1
2026-04-03 20:50:57.123,39.582,-1,-9,-11,-46.63,1,1,1,1,1,1,1,1
2026-04-03 20:50:57.235,39.694,-1,-9,-11,-78.22,1,1,1,1,1,1,1,1
2026-04-03 20:50:57.251,39.710,-1,-9,-11,-97.72,1,1,1,1,1,1,1,1
2026-04-03 20:50:57.315,39.774,-1,-9,-11,-44.78,1,1,1,1,1,1,1,1
2026-04-03 20:50:57.427,39.886,-1,-9,-11,-79.02,1,1,1,1,1,1,1,1
2026-04-03 20:50:57.491,39.950,-1,-9,-11,-19.66,1,1,1,1,1,1,1,1
2026-04-03 20:50:57.667,40.126,-1,-8,-11,-10.37,1,1,1,1,1,1,1,1
2026-04-03 20:50:57.764,40.223,-1,-8,-11,-18.41,1,1,1,1,1,1,1,1
2026-04-03 20:50:57.827,40.286,-1,-9,-11,-7.75,1,1,1,1,1,1,1,1
2026-04-03 20:50:57.907,40.366,-1,-9,-11,-48.75,1,1,1,1,1,1,1,1
2026-04-03 20:50:58.003,40.462,-1,-9,-11,-33.84,1,1,1,1,1,1,1,1
2026-04-03 20:50:58.051,40.510,-1,-9,-11,-20.1,1,1,1,1,1,1,1,1
2026-04-03 20:50:58.180,40.638,-1,-9,-11,-70.79,1,1,1,1,1,1,1,1
2026-04-03 20:50:58.228,40.686,-1,-9,-11,-44.33,1,1,1,1,1,1,1,1
2026-04-03 20:50:58.292,40.751,-1,-9,-11,-74.39,1,1,1,1,1,1,1,1
2026-04-03 20:50:58.355,40.814,-1,-9,-11,-25.53,1,1,1,1,1,1,1,1
2026-04-03 20:50:58.419,40.878,-1,-9,-11,-66.37,1,1,1,1,1,1,1,1
2026-04-03 20:50:58.483,40.942,-1,-9,-11,-116.83,1,1,1,1,1,1,1,1
2026-04-03 20:50:58.580,41.039,-1,-9,-11,-14.21,1,1,1,1,1,1,1,1
2026-04-03 20:50:58.628,41.086,-1,-8,-11,-26.5,1,1,1,1,1,1,1,1
2026-04-03 20:50:58.675,41.134,-1,-9,-11,-38.18,1,1,1,1,1,1,1,1
2026-04-03 20:50:58.771,41.230,-1,-8,-11,-84.17,1,1,1,1,1,1,1,1
2026-04-03 20:50:58.835,41.294,-1,-9,-11,-56.11,1,1,1,1,1,1,1,1
2026-04-03 20:50:58.916,41.375,-1,-9,-8,-39.84,1,1,1,1,1,1,1,1
2026-04-03 20:50:58.980,41.438,-1,-9,-11,-83.8,1,1,1,1,1,1,1,1
2026-04-03 20:50:59.059,41.518,-1,-9,-11,-75.63,1,1,1,1,1,1,1,1
2026-04-03 20:50:59.172,41.630,-1,-9,-11,-20.31,1,1,1,1,1,1,1,1
2026-04-03 20:50:59.235,41.694,-1,-9,-11,-62.41,1,1,1,1,1,1,1,1
2026-04-03 20:50:59.283,41.742,-1,-9,-11,-70.61,1,1,1,1,1,1,1,1
2026-04-03 20:50:59.364,41.822,-1,-9,-11,-14.81,1,1,1,1,1,1,1,1
2026-04-03 20:50:59.507,41.966,-1,-9,-11,-21.98,1,1,1,1,1,1,1,1
2026-04-03 20:50:59.667,42.126,-1,-8,-11,-23.01,1,1,1,1,1,1,1,1
2026-04-03 20:50:59.763,42.222,-1,-9,-11,-54.44,1,1,1,1,1,1,1,1
2026-04-03 20:50:59.843,42.302,-1,-9,-11,-47.24,1,1,1,1,1,1,1,1
2026-04-03 20:50:59.891,42.350,-1,-8,-11,-44.32,1,1,1,1,1,1,1,1
2026-04-03 20:51:00.051,42.510,-1,-9,-11,-82.87,1,1,1,1,1,1,1,1
2026-04-03 20:51:00.147,42.606,-1,-9,-11,-64.79,1,1,1,1,1,1,1,1
2026-04-03 20:51:00.179,42.638,-1,-9,-11,-40.04,1,1,1,1,1,1,1,1
2026-04-03 20:51:00.275,42.734,-1,-8,-11,-21.38,1,1,1,1,1,1,1,1
2026-04-03 20:51:00.339,42.798,-1,-9,-11,-42.9,1,1,1,1,1,1,1,1
2026-04-03 20:51:00.419,42.878,-1,-9,-11,-35.96,1,1,1,1,1,1,1,1
2026-04-03 20:51:00.515,42.974,-1,-9,-11,-42.36,1,1,1,1,1,1,1,1
2026-04-03 20:51:00.579,43.038,-1,-9,-11,-16.69,1,1,1,1,1,1,1,1
2026-04-03 20:51:00.611,43.070,-1,-9,-11,-28.57,1,1,1,1,1,1,1,1
2026-04-03 20:51:00.707,43.166,-1,-9,-11,-74.82,1,1,1,1,1,1,1,1
2026-04-03 20:51:00.803,43.262,-1,-9,-11,-49.71,1,1,1,1,1,1,1,1
2026-04-03 20:51:00.883,43.342,-1,-9,-11,-102.25,1,1,1,1,1,1,1,1
2026-04-03 20:51:01.027,43.486,-1,-9,-11,-10.72,1,1,1,1,1,1,1,1
2026-04-03 20:51:01.075,43.534,-1,-9,-11,-18.72,1,1,1,1,1,1,1,1
2026-04-03 20:51:01.172,43.630,-1,-9,-11,-67.47,1,1,1,1,1,1,1,1
2026-04-03 20:51:01.187,43.646,-1,-9,-11,-36.3,1,1,1,1,1,1,1,1
2026-04-03 20:51:01.283,43.742,-1,-9,-11,-27.49,1,1,1,1,1,1,1,1
2026-04-03 20:51:01.331,43.790,-1,-8,-11,-29.1,1,1,1,1,1,1,1,1
2026-04-03 20:51:01.411,43.870,-1,-9,-11,-56.94,1,1,1,1,1,1,1,1
2026-04-03 20:51:01.491,43.950,-1,-9,-11,-13.82,1,1,1,1,1,1,1,1
2026-04-03 20:51:01.571,44.030,-1,-8,-11,-28.07,1,1,1,1,1,1,1,1
2026-04-03 20:51:01.683,44.142,-1,-9,-11,-13.53,1,1,1,1,1,1,1,1
2026-04-03 20:51:01.716,44.174,-1,-9,-11,-69.33,1,1,1,1,1,1,1,1
2026-04-03 20:51:01.812,44.271,-1,-9,-11,-84.29,1,1,1,1,1,1,1,1
2026-04-03 20:51:01.891,44.350,-2,-9,-11,-21.06,1,1,1,1,1,1,1,1
2026-04-03 20:51:01.939,44.398,-1,-9,-11,-21.75,1,1,1,1,1,1,1,1
2026-04-03 20:51:02.035,44.494,-1,-9,-11,-86.12,1,1,1,1,1,1,1,1
2026-04-03 20:51:02.163,44.622,-1,-8,-11,-43.14,1,1,1,1,1,1,1,1
2026-04-03 20:51:02.260,44.718,-1,-8,-12,-23.91,1,1,1,1,1,1,1,1
2026-04-03 20:51:02.340,44.798,-1,-9,-11,-39.28,1,1,1,1,1,1,1,1
2026-04-03 20:51:02.403,44.862,-1,-9,-11,-18.02,1,1,1,1,1,1,1,1
2026-04-03 20:51:02.483,44.942,-1,-9,-11,-32.95,1,1,1,1,1,1,1,1
2026-04-03 20:51:02.611,45.070,-1,-9,-11,-23.75,1,1,1,1,1,1,1,1
2026-04-03 20:51:02.643,45.102,-1,-9,-11,-55.61,1,1,1,1,1,1,1,1
2026-04-03 20:51:02.755,45.214,-1,-9,-11,-70.23,1,1,1,1,1,1,1,1
2026-04-03 20:51:02.867,45.326,-1,-9,-11,-20.2,1,1,1,1,1,1,1,1
2026-04-03 20:51:02.947,45.406,-1,-9,-11,-19.69,1,1,1,1,1,1,1,1
2026-04-03 20:51:03.011,45.470,-1,-9,-11,-99.73,1,1,1,1,1,1,1,1
2026-04-03 20:51:03.075,45.534,-1,-8,-11,-91.56,1,1,1,1,1,1,1,1
2026-04-03 20:51:03.203,45.662,-1,-9,-11,-22.3,1,1,1,1,1,1,1,1
2026-04-03 20:51:03.299,45.758,-1,-9,-11,-115.64,1,1,1,1,1,1,1,1
2026-04-03 20:51:03.411,45.870,-1,-9,-8,-21.89,1,1,1,1,1,1,1,1
2026-04-03 20:51:03.459,45.917,-1,-9,-11,-15.19,1,1,1,1,1,1,1,1
2026-04-03 20:51:03.555,46.014,-1,-8,-11,-26.06,1,1,1,1,1,1,1,1
2026-04-03 20:51:03.651,46.110,1,-9,-11,-14.97,1,1,1,1,1,1,1,1
2026-04-03 20:51:03.699,46.158,-1,-9,-11,-57.68,1,1,1,1,1,1,1,1
2026-04-03 20:51:03.779,46.238,-1,-9,-11,-83.98,1,1,1,1,1,1,1,1
2026-04-03 20:51:03.843,46.302,-1,-9,-11,-11.44,1,1,1,1,1,1,1,1
2026-04-03 20:51:04.019,46.478,-1,-9,-11,-60.38,1,1,1,1,1,1,1,1
2026-04-03 20:51:04.099,46.558,-1,-9,-11,-65.94,1,1,1,1,1,1,1,1
2026-04-03 20:51:04.195,46.654,-1,-8,-11,-39.77,1,1,1,1,1,1,1,1
2026-04-03 20:51:04.307,46.766,-1,-9,-11,-24.13,1,1,1,1,1,1,1,1
2026-04-03 20:51:04.372,46.831,-1,-8,-11,-45.69,1,1,1,1,1,1,1,1
2026-04-03 20:51:04.451,46.909,-1,-8,-11,-28.49,1,1,1,1,1,1,1,1
2026-04-03 20:51:04.531,46.989,-1,-9,-8,-32.08,1,1,1,1,1,1,1,1
2026-04-03 20:51:04.596,47.054,-1,-9,-11,-16.04,1,1,1,1,1,1,1,1
2026-04-03 20:51:04.691,47.150,-1,-9,-8,-73.16,1,1,1,1,1,1,1,1
2026-04-03 20:51:04.739,47.198,-1,-8,-11,-86.6,1,1,1,1,1,1,1,1
2026-04-03 20:51:04.819,47.278,-1,-9,-11,-57.71,1,1,1,1,1,1,1,1
2026-04-03 20:51:04.947,47.406,-1,-9,-11,-13.01,1,1,1,1,1,1,1,1
2026-04-03 20:51:04.995,47.453,-1,-8,-11,-63.27,1,1,1,1,1,1,1,1
2026-04-03 20:51:05.059,47.517,-1,-9,-11,-114.69,1,1,1,1,1,1,1,1
2026-04-03 20:51:05.171,47.630,-1,-9,-11,-32.7,1,1,1,1,1,1,1,1
2026-04-03 20:51:05.235,47.693,-1,-9,-11,-71.46,1,1,1,1,1,1,1,1
2026-04-03 20:51:05.283,47.742,-1,-9,-11,-32.73,1,1,1,1,1,1,1,1
2026-04-03 20:51:05.395,47.853,-1,-9,-11,-39.23,1,1,1,1,1,1,1,1
2026-04-03 20:51:05.444,47.902,-1,-9,-11,-18.73,1,1,1,1,1,1,1,1
2026-04-03 20:51:05.555,48.013,-1,-8,-11,-34.05,1,1,1,1,1,1,1,1
2026-04-03 20:51:05.667,48.126,-1,-9,-11,-43.31,1,1,1,1,1,1,1,1
2026-04-03 20:51:05.715,48.174,-1,-9,-11,-47.44,1,1,1,1,1,1,1,1
2026-04-03 20:51:05.827,48.285,-1,-9,-11,-58.77,1,1,1,1,1,1,1,1
2026-04-03 20:51:05.891,48.350,-1,-9,-11,-21.76,1,1,1,1,1,1,1,1
2026-04-03 20:51:05.971,48.429,-1,-9,-8,-74.64,1,1,1,1,1,1,1,1
2026-04-03 20:51:06.035,48.493,-1,-9,-11,-93.74,1,1,1,1,1,1,1,1
2026-04-03 20:51:06.115,48.573,-1,-9,-12,-72.37,1,1,1,1,1,1,1,1
2026-04-03 20:51:06.211,48.670,-1,-9,-11,-54.48,1,1,1,1,1,1,1,1
2026-04-03 20:51:06.227,48.686,-1,-9,-8,-48.03,1,1,1,1,1,1,1,1
2026-04-03 20:51:06.307,48.766,-1,-9,-9,-102.17,1,1,1,1,1,1,1,1
2026-04-03 20:51:06.451,48.909,-1,-9,-11,-14.46,1,1,1,1,1,1,1,1
2026-04-03 20:51:06.499,48.958,-1,-9,-11,-23.76,1,1,1,1,1,1,1,1
2026-04-03 20:51:06.579,49.037,-1,-9,-11,-25.32,1,1,1,1,1,1,1,1
2026-04-03 20:51:06.707,49.166,-1,-9,-11,-96.6,1,1,1,1,1,1,1,1
2026-04-03 20:51:06.723,49.181,-1,-9,-11,-44.48,1,1,1,1,1,1,1,1
2026-04-03 20:51:06.803,49.261,-1,-8,-11,-64.09,1,1,1,1,1,1,1,1
2026-04-03 20:51:06.931,49.390,-1,-9,-11,-14.19,1,1,1,1,1,1,1,1
2026-04-03 20:51:06.995,49.453,-1,-9,-11,-72.86,1,1,1,1,1,1,1,1
2026-04-03 20:51:07.139,49.598,-1,-8,-11,-52.98,1,1,1,1,1,1,1,1
2026-04-03 20:51:07.203,49.661,-1,-9,-11,-33.52,1,1,1,1,1,1,1,1
2026-04-03 20:51:07.299,49.758,-1,-9,-11,-25.15,1,1,1,1,1,1,1,1
2026-04-03 20:51:07.395,49.853,-1,-9,-11,-53.27,1,1,1,1,1,1,1,1
2026-04-03 20:51:07.475,49.933,-1,-9,-11,-44.45,1,1,1,1,1,1,1,1
2026-04-03 20:51:07.555,50.014,-1,-9,-11,-85.21,1,1,1,1,1,1,1,1
2026-04-03 20:51:07.603,50.062,-1,-9,-11,-18.06,1,1,1,1,1,1,1,1
2026-04-03 20:51:07.667,50.126,-1,-9,-11,-35.63,1,1,1,1,1,1,1,1
2026-04-03 20:51:07.779,50.237,-1,-8,-11,-22.33,1,1,1,1,1,1,1,1
2026-04-03 20:51:07.811,50.269,-1,-9,-11,-34.23,1,1,1,1,1,1,1,1
2026-04-03 20:51:07.971,50.430,-1,-9,-11,-50.36,1,1,1,1,1,1,1,1
2026-04-03 20:51:08.083,50.541,-1,-9,-11,-16.01,1,1,1,1,1,1,1,1
2026-04-03 20:51:08.163,50.622,-1,-8,-11,-28.9,1,1,1,1,1,1,1,1
2026-04-03 20:51:08.243,50.701,-1,-9,-11,-64.25,1,1,1,1,1,1,1,1
2026-04-03 20:51:08.291,50.749,-1,-8,-11,-57.94,1,1,1,1,1,1,1,1
2026-04-03 20:51:08.322,50.781,-1,-9,-11,-26.61,1,1,1,1,1,1,1,1
2026-04-03 20:51:08.434,50.893,-1,-9,-11,-41.4,1,1,1,1,1,1,1,1
2026-04-03 20:51:08.499,50.958,-1,-9,-11,-73.78,1,1,1,1,1,1,1,1
2026-04-03 20:51:08.579,51.038,-1,-9,-11,-18.86,1,1,1,1,1,1,1,1
2026-04-03 20:51:08.708,51.166,-1,-9,-11,-33.2,1,1,1,1,1,1,1,1
2026-04-03 20:51:08.738,51.197,-1,-9,-11,-22.83,1,1,1,1,1,1,1,1
2026-04-03 20:51:08.818,51.277,-1,-9,-11,-64.46,1,1,1,1,1,1,1,1
2026-04-03 20:51:08.883,51.342,-1,-9,-11,-60.73,1,1,1,1,1,1,1,1
2026-04-03 20:51:08.962,51.421,-1,-9,-11,-83.88,1,1,1,1,1,1,1,1
2026-04-03 20:51:09.042,51.501,-1,-9,-11,-32.19,1,1,1,1,1,1,1,1
2026-04-03 20:51:09.123,51.582,-1,-9,-11,-70.78,1,1,1,1,1,1,1,1
2026-04-03 20:51:09.219,51.678,-1,-9,-11,-93.47,1,1,1,1,1,1,1,1
2026-04-03 20:51:09.298,51.757,-1,-9,-10,-29.33,1,1,1,1,1,1,1,1
2026-04-03 20:51:09.394,51.853,-1,-9,-11,-29.9,1,1,1,1,1,1,1,1
2026-04-03 20:51:09.426,51.885,-1,-8,-11,-48.04,1,1,1,1,1,1,1,1
2026-04-03 20:51:09.539,51.998,-1,-9,-11,-22.15,1,1,1,1,1,1,1,1
2026-04-03 20:51:09.635,52.093,-1,-9,-11,-27.25,1,1,1,1,1,1,1,1
2026-04-03 20:51:09.682,52.141,-1,-8,-8,-20.01,1,1,1,1,1,1,1,1
2026-04-03 20:51:09.795,52.253,-1,-8,-11,-73.53,1,1,1,1,1,1,1,1
2026-04-03 20:51:09.859,52.317,-1,-9,-8,-44.99,1,1,1,1,1,1,1,1
2026-04-03 20:51:09.922,52.381,0,-8,-8,-82.76,1,1,1,1,1,1,1,1
2026-04-03 20:51:10.035,52.494,-1,-8,-11,-19.82,1,1,1,1,1,1,1,1
2026-04-03 20:51:10.163,52.621,-1,-9,-11,-44.32,1,1,1,1,1,1,1,1
2026-04-03 20:51:10.163,52.622,-1,-9,-11,-82.22,1,1,1,1,1,1,1,1
2026-04-03 20:51:10.290,52.749,-1,-9,-11,-65.87,1,1,1,1,1,1,1,1
2026-04-03 20:51:10.403,52.861,-1,-8,-8,-44.52,1,1,1,1,1,1,1,1
2026-04-03 20:51:10.466,52.925,-1,-9,-8,-66.16,1,1,1,1,1,1,1,1
2026-04-03 20:51:10.531,52.990,-1,-9,-11,-79.68,1,1,1,1,1,1,1,1
2026-04-03 20:51:10.659,53.118,-1,-9,-11,-24.1,1,1,1,1,1,1,1,1
2026-04-03 20:51:10.755,53.214,-1,-8,-11,-29.89,1,1,1,1,0,1,1,1
2026-04-03 20:51:10.851,53.309,-1,-8,-8,-21.93,1,1,1,1,0,1,1,1
2026-04-03 20:51:10.931,53.390,-1,-9,-8,-68.31,1,1,1,1,0,1,1,1
2026-04-03 20:51:10.979,53.437,-1,-9,-8,-73.87,1,1,1,1,0,1,1,1
2026-04-03 20:51:11.075,53.534,-1,-8,-11,-58.1,1,1,1,1,0,1,1,1
2026-04-03 20:51:11.203,53.662,-1,-9,-11,-20.6,1,1,1,1,0,1,1,1
2026-04-03 20:51:11.267,53.726,-1,-9,-11,-111.06,1,1,1,1,0,1,1,1
2026-04-03 20:51:11.378,53.837,-1,-9,-11,-91.59,1,1,1,1,0,1,1,1
2026-04-03 20:51:11.394,53.853,-1,-9,-10,-30.52,1,1,1,1,0,1,1,1
2026-04-03 20:51:11.475,53.933,-1,-9,-11,-58.8,1,1,1,1,0,1,1,1
2026-04-03 20:51:11.554,54.013,-1,-8,-11,-48.36,1,1,1,1,0,1,1,1
2026-04-03 20:51:11.602,54.061,-1,-9,-11,-51.57,1,1,1,1,0,1,1,1
2026-04-03 20:51:11.699,54.157,-1,-8,-8,-40.22,1,1,1,1,0,1,1,1
2026-04-03 20:51:11.858,54.317,-1,-8,-11,-55.17,1,1,1,1,0,1,1,1
2026-04-03 20:51:11.922,54.381,-1,-9,-11,-79.11,1,1,1,1,0,1,1,1
2026-04-03 20:51:12.083,54.542,-1,-8,-11,-46.01,1,1,1,1,0,1,1,1
2026-04-03 20:51:12.163,54.622,-1,-9,-11,-76.08,1,1,1,1,1,1,1,1
2026-04-03 20:51:12.274,54.733,-1,-9,-11,-129.48,1,1,1,1,1,1,1,1
2026-04-03 20:51:12.370,54.829,-1,-9,-8,-62.76,1,1,1,1,1,1,1,1
2026-04-03 20:51:12.402,54.861,-1,-9,-11,-36.87,1,1,1,1,1,1,1,1
2026-04-03 20:51:12.515,54.974,-1,-9,-11,-46.5,1,1,1,1,1,1,1,1
2026-04-03 20:51:12.563,55.021,-1,-9,-11,-98.26,1,1,1,1,1,1,1,1
2026-04-03 20:51:12.658,55.117,-1,-9,-11,-19.41,1,1,1,1,1,1,1,1
2026-04-03 20:51:12.818,55.277,-1,-8,-11,-30.62,1,1,1,1,1,1,1,1
2026-04-03 20:51:12.914,55.373,-1,-9,-11,-70.96,1,1,1,1,1,1,1,1
2026-04-03 20:51:12.994,55.453,-1,-8,-11,-43.29,1,1,1,1,1,1,1,1
2026-04-03 20:51:13.107,55.566,-1,-9,-11,-86.8,1,1,1,1,1,1,1,1
2026-04-03 20:51:13.234,55.693,-1,-9,-11,-60.35,1,1,1,1,0,1,1,1
2026-04-03 20:51:13.251,55.710,-1,-8,-10,-107.88,1,1,1,1,0,1,1,1
2026-04-03 20:51:13.346,55.805,-1,-9,-11,-86.73,1,1,1,1,0,1,1,1
2026-04-03 20:51:13.411,55.870,-1,-8,-8,-67.74,1,1,1,1,0,1,1,1
2026-04-03 20:51:13.523,55.982,-1,-8,-11,-53.61,1,1,1,1,0,1,1,1
2026-04-03 20:51:13.618,56.077,-1,-9,-11,-107.46,1,1,1,1,0,1,1,1
2026-04-03 20:51:13.683,56.141,-1,-9,-11,-15.1,1,1,1,1,0,1,1,1
2026-04-03 20:51:13.747,56.206,-1,-9,-11,-25.53,1,1,1,1,0,1,1,1
2026-04-03 20:51:13.858,56.317,-1,-9,-11,-29.25,1,1,1,1,0,1,1,1
2026-04-03 20:51:13.955,56.413,-1,-9,-11,-55.33,1,1,1,1,0,1,1,1
2026-04-03 20:51:13.986,56.445,-1,-9,-10,-89.4,1,1,1,1,0,1,1,1
2026-04-03 20:51:14.035,56.493,-1,-9,-11,-53.81,1,1,1,1,0,1,1,1
2026-04-03 20:51:14.098,56.557,-1,-9,-11,-53.79,1,1,1,1,0,1,1,1
2026-04-03 20:51:14.146,56.605,-1,-9,-11,-158.18,1,1,1,1,0,1,1,1
2026-04-03 20:51:14.307,56.766,-1,-9,-11,-34.59,1,1,1,1,1,1,1,1
2026-04-03 20:51:14.386,56.845,-1,-9,-11,-46.16,1,1,1,1,1,1,1,1
2026-04-03 20:51:14.482,56.941,-1,-8,-8,-36.76,1,1,1,1,1,1,1,1
2026-04-03 20:51:14.579,57.037,-1,-9,-11,-17.69,1,1,1,1,1,1,1,1
2026-04-03 20:51:14.642,57.101,-1,-9,-8,-20.85,1,1,1,1,1,1,1,1
2026-04-03 20:51:14.739,57.197,-1,-9,-11,-49.89,1,1,1,1,1,1,1,1
2026-04-03 20:51:14.786,57.245,-1,-9,-11,-75.76,1,1,1,1,1,1,1,1
2026-04-03 20:51:14.867,57.325,-1,-9,-11,-71.03,1,1,1,1,1,1,1,1
2026-04-03 20:51:14.930,57.389,0,-9,-8,-16.29,1,1,1,1,1,1,1,1
2026-04-03 20:51:14.995,57.453,-1,-9,-8,-22.63,1,1,1,1,1,1,1,1
2026-04-03 20:51:15.058,57.517,-1,-9,-11,-93.91,1,1,1,1,1,1,1,1
2026-04-03 20:51:15.170,57.629,-1,-9,-12,-35.49,1,1,1,1,1,1,1,1
2026-04-03 20:51:15.235,57.693,-1,-9,-11,-39.42,1,1,1,1,1,1,1,1
2026-04-03 20:51:15.298,57.757,-1,-9,-11,-51.53,1,1,1,1,1,1,1,1
2026-04-03 20:51:15.378,57.837,-1,-9,-11,-51.12,1,1,1,1,1,1,1,1
2026-04-03 20:51:15.459,57.918,-1,-9,-11,-14.45,1,1,1,1,1,1,1,1
2026-04-03 20:51:15.586,58.045,-1,-8,-11,-42.77,1,1,1,1,1,1,1,1
2026-04-03 20:51:15.698,58.157,-1,-9,-11,-84.34,1,1,1,1,1,1,1,1
2026-04-03 20:51:15.762,58.221,-1,-9,-11,-86.08,1,1,1,1,1,1,1,1
2026-04-03 20:51:15.827,58.285,-1,-9,-11,-30.38,1,1,1,1,1,1,1,1
2026-04-03 20:51:15.906,58.365,-1,-9,-11,-65.13,1,1,1,1,1,1,1,1
2026-04-03 20:51:15.955,58.414,-1,-9,-11,-108.8,1,1,1,1,1,1,1,1
2026-04-03 20:51:16.083,58.542,-1,-9,-11,-35.3,1,1,1,1,1,1,1,1
2026-04-03 20:51:16.114,58.573,-1,-9,-11,-69.77,1,1,1,1,1,1,1,1
2026-04-03 20:51:16.178,58.637,-1,-9,-11,-69.53,1,1,1,1,1,1,1,1
2026-04-03 20:51:16.290,58.749,-1,-9,-11,-19.98,1,1,1,1,1,1,1,1
2026-04-03 20:51:16.402,58.861,-1,-9,-11,-13.5,1,1,1,1,1,1,1,1
2026-04-03 20:51:16.451,58.910,-1,-9,-11,-16.87,1,1,1,1,1,1,1,1
2026-04-03 20:51:16.531,58.990,-1,-9,-11,-54.42,1,1,1,1,1,1,1,1
2026-04-03 20:51:16.626,59.085,-1,-9,-11,-75.53,1,1,1,1,1,1,1,1
2026-04-03 20:51:16.674,59.133,-1,-9,-11,-80.9,1,1,1,1,1,1,1,1
2026-04-03 20:51:16.771,59.229,-1,-9,-8,-12.2,1,1,1,1,1,1,1,1
2026-04-03 20:51:16.882,59.341,-1,-9,-11,-35.35,1,1,1,1,1,1,1,1
2026-04-03 20:51:16.963,59.421,-1,-9,-11,-49.34,1,1,1,1,1,1,1,1
2026-04-03 20:51:17.106,59.565,-1,-9,-8,-60.34,1,1,1,1,1,1,1,1
2026-04-03 20:51:17.218,59.677,-1,-9,-11,-20.82,1,1,1,1,1,1,1,1
2026-04-03 20:51:17.250,59.709,-1,-8,-11,-72.04,1,1,1,1,1,1,1,1
2026-04-03 20:51:17.346,59.805,-1,-8,-8,-54.3,1,1,1,1,1,1,1,1
2026-04-03 20:51:17.442,59.901,-1,-8,-8,-78.41,1,1,1,1,1,1,1,1
2026-04-03 20:51:17.554,60.013,-1,-9,-11,-15.31,1,1,1,1,1,1,1,1
2026-04-03 20:51:17.602,60.061,-1,-9,-11,-25.66,1,1,1,1,1,1,1,1
2026-04-03 20:51:17.666,60.125,-1,-9,-11,-30.36,1,1,1,1,1,1,1,1
2026-04-03 20:51:17.746,60.205,-1,-9,-11,-40.1,1,1,1,1,1,1,1,1
2026-04-03 20:51:17.810,60.269,-1,-9,-11,-47.8,1,1,1,1,1,1,1,1
2026-04-03 20:51:17.875,60.333,-1,-9,-9,-113.87,1,1,1,1,1,1,1,1
2026-04-03 20:51:17.970,60.429,-1,-9,-11,-12.47,1,1,1,1,1,1,1,1
2026-04-03 20:51:18.050,60.509,-1,-9,-11,-123.53,1,1,1,1,1,1,1,1
2026-04-03 20:51:18.115,60.573,-1,-9,-11,-44.61,1,1,1,1,1,1,1,1
2026-04-03 20:51:18.210,60.669,-1,-9,-11,-30.5,1,1,1,1,1,1,1,1
2026-04-03 20:51:18.322,60.781,-1,-9,-11,-42.55,1,1,1,1,1,1,1,1
2026-04-03 20:51:18.402,60.861,-1,-9,-11,-34.42,1,1,1,1,1,1,1,1
2026-04-03 20:51:18.450,60.909,-1,-8,-11,-70.8,1,1,1,1,1,1,1,1
2026-04-03 20:51:18.531,60.989,-1,-8,-8,-14.09,1,1,1,1,1,1,1,1
2026-04-03 20:51:18.674,61.133,-1,-8,-11,-30.0,1,1,1,1,1,1,1,1
2026-04-03 20:51:18.739,61.197,-1,-9,-11,-17.77,1,1,1,1,1,1,1,1
2026-04-03 20:51:18.802,61.261,-1,-9,-11,-50.8,1,1,1,1,1,1,1,1
2026-04-03 20:51:18.914,61.373,-1,-9,-11,-22.98,1,1,1,1,1,1,1,1
2026-04-03 20:51:18.962,61.421,-1,-8,-11,-64.49,1,1,1,1,1,1,1,1
2026-04-03 20:51:19.058,61.517,-1,-9,-11,-13.21,1,1,1,1,1,1,1,1
2026-04-03 20:51:19.154,61.613,-1,-9,-11,-96.18,1,1,1,1,1,1,1,1
2026-04-03 20:51:19.266,61.725,-1,-9,-11,-74.55,1,1,1,1,1,1,1,1
2026-04-03 20:51:19.362,61.821,-1,-9,-11,-30.88,1,1,1,1,1,1,1,1
2026-04-03 20:51:19.427,61.885,-1,-9,-11,-59.37,1,1,1,1,1,1,1,1
2026-04-03 20:51:19.554,62.013,-1,-9,-11,-25.24,1,1,1,1,1,1,1,1
2026-04-03 20:51:19.570,62.029,-1,-9,-11,-90.65,1,1,1,1,1,1,1,1
2026-04-03 20:51:19.698,62.157,-1,-8,-11,-30.33,1,1,1,1,1,1,1,1
2026-04-03 20:51:19.762,62.221,-1,-8,-11,-15.83,1,1,1,1,1,1,1,1
2026-04-03 20:51:19.778,62.237,0,-8,-11,-22.62,1,1,1,1,1,1,1,1
2026-04-03 20:51:19.954,62.413,-1,-8,-11,-24.06,1,1,1,1,1,1,1,1
2026-04-03 20:51:20.018,62.477,-1,-9,-11,-49.44,1,1,1,1,1,1,1,1
2026-04-03 20:51:20.066,62.525,-1,-9,-11,-59.25,1,1,1,1,1,1,1,1
2026-04-03 20:51:20.162,62.621,-1,-9,-11,-11.95,1,1,1,1,1,1,1,1
2026-04-03 20:51:20.194,62.653,-1,-8,-11,-46.02,1,1,1,1,1,1,1,1
2026-04-03 20:51:20.290,62.749,-1,-8,-11,-88.28,1,1,1,1,1,1,1,1
2026-04-03 20:51:20.338,62.797,-1,-9,-11,-39.52,1,1,1,1,1,1,1,1
2026-04-03 20:51:20.434,62.892,-1,-9,-11,-67.75,1,1,1,1,1,1,1,1
2026-04-03 20:51:20.514,62.972,-1,-8,-11,-81.99,1,1,1,1,1,1,1,1
2026-04-03 20:51:20.594,63.053,-1,-8,-8,-82.33,1,1,1,1,1,1,1,1
2026-04-03 20:51:20.674,63.133,-1,-8,-11,-14.98,1,1,1,1,1,1,1,1
2026-04-03 20:51:20.754,63.213,-1,-9,-11,-28.16,1,1,1,1,1,1,1,1
2026-04-03 20:51:20.930,63.389,-1,-9,-11,-14.04,1,1,1,1,1,1,1,1
2026-04-03 20:51:21.042,63.501,-1,-8,-11,-44.79,1,1,1,1,1,1,1,1
2026-04-03 20:51:21.154,63.613,-1,-9,-11,-62.43,1,1,1,1,0,1,1,1
2026-04-03 20:51:21.202,63.661,-1,-9,-11,-23.0,1,1,1,1,0,1,1,1
2026-04-03 20:51:21.282,63.741,0,-9,-11,-68.37,1,1,1,1,0,1,1,1
2026-04-03 20:51:21.346,63.804,-1,-9,-11,-57.5,1,1,1,1,0,1,1,1
2026-04-03 20:51:21.426,63.884,-1,-9,-11,-79.02,1,1,1,1,0,1,1,1
2026-04-03 20:51:21.570,64.029,-1,-8,-11,-66.47,1,1,1,1,0,1,1,1
2026-04-03 20:51:21.650,64.109,-1,-9,-11,-36.38,1,1,1,1,0,1,1,1
2026-04-03 20:51:21.762,64.221,-1,-9,-12,-106.05,1,1,1,1,0,1,1,1
2026-04-03 20:51:21.858,64.317,-1,-9,-11,-16.2,1,1,1,1,0,1,1,1
2026-04-03 20:51:21.890,64.349,-1,-9,-11,-38.45,1,1,1,1,0,1,1,1
2026-04-03 20:51:21.939,64.398,-1,-9,-11,-33.75,1,1,1,1,0,1,1,1
2026-04-03 20:51:22.083,64.541,-1,-9,-11,-57.37,1,1,1,1,0,1,1,1
2026-04-03 20:51:22.194,64.653,-1,-9,-11,-76.25,1,1,1,1,1,1,1,1
2026-04-03 20:51:22.322,64.781,-1,-8,-11,-54.15,1,1,1,1,1,1,1,1
2026-04-03 20:51:22.386,64.845,-1,-9,-11,-146.53,1,1,1,1,1,1,1,1
2026-04-03 20:51:22.498,64.957,-1,-9,-11,-74.62,1,1,1,1,1,1,1,1
2026-04-03 20:51:22.530,64.989,-1,-8,-11,-45.12,1,1,1,1,1,1,1,1
2026-04-03 20:51:22.674,65.132,-1,-9,-11,-18.71,1,1,1,1,1,1,1,1
2026-04-03 20:51:22.802,65.261,-1,-9,-11,-97.3,1,1,1,1,1,1,1,1
2026-04-03 20:51:22.866,65.324,-1,-8,-11,-16.32,1,1,1,1,1,1,1,1
2026-04-03 20:51:22.978,65.437,-1,-8,-8,-13.33,1,1,1,1,1,1,1,1
2026-04-03 20:51:23.026,65.485,-1,-8,-11,-33.09,1,1,1,1,1,1,1,1
2026-04-03 20:51:23.138,65.596,-1,-8,-11,-97.15,1,1,1,1,1,1,1,1
2026-04-03 20:51:23.234,65.692,-1,-9,-11,-44.14,1,1,1,1,1,1,1,1
2026-04-03 20:51:23.314,65.772,-1,-9,-11,-19.94,1,1,1,1,1,1,1,1
2026-04-03 20:51:23.394,65.852,-1,-9,-11,-18.56,1,1,1,1,1,1,1,1
2026-04-03 20:51:23.522,65.981,-1,-8,-11,-71.67,1,1,1,1,1,1,1,1
2026-04-03 20:51:23.602,66.061,-1,-8,-11,-52.07,1,1,1,1,1,1,1,1
2026-04-03 20:51:23.666,66.125,-1,-9,-11,-64.72,1,1,1,1,1,1,1,1
2026-04-03 20:51:23.762,66.221,-1,-9,-11,-22.87,1,1,1,1,1,1,1,1
2026-04-03 20:51:23.811,66.269,-1,-9,-11,-44.88,1,1,1,1,1,1,1,1
2026-04-03 20:51:23.890,66.349,-1,-9,-11,-66.88,1,1,1,1,1,1,1,1
2026-04-03 20:51:24.002,66.461,-1,-8,-11,-63.96,1,1,1,1,1,1,1,1
2026-04-03 20:51:24.050,66.508,-1,-8,-11,-15.84,1,1,1,1,1,1,1,1
2026-04-03 20:51:24.130,66.589,-1,-8,-11,-32.94,1,1,1,1,0,1,1,1
2026-04-03 20:51:24.194,66.653,-1,-9,-11,-93.47,1,1,1,1,0,1,1,1
2026-04-03 20:51:24.308,66.767,-1,-9,-11,-60.73,1,1,1,1,0,1,1,1
2026-04-03 20:51:24.386,66.845,-1,-9,-11,-103.33,1,1,1,1,0,1,1,1
2026-04-03 20:51:24.481,66.940,-1,-9,-11,-45.44,1,1,1,1,0,1,1,1
2026-04-03 20:51:24.545,67.004,-1,-9,-11,-55.9,1,1,1,1,0,1,1,1
2026-04-03 20:51:24.594,67.053,-1,-9,-11,-114.35,1,1,1,1,0,1,1,1
2026-04-03 20:51:24.706,67.165,-1,-9,-11,-24.38,1,1,1,1,0,1,1,1
2026-04-03 20:51:24.786,67.245,-1,-9,-11,-51.45,1,1,1,1,0,1,1,1
2026-04-03 20:51:24.914,67.373,-1,-9,-12,-21.78,1,1,1,1,0,1,1,1
2026-04-03 20:51:25.042,67.501,-1,-9,-11,-36.88,1,1,1,1,1,1,1,1
2026-04-03 20:51:25.185,67.644,-1,-9,-11,-81.62,1,1,1,1,1,1,1,1
2026-04-03 20:51:25.218,67.677,-1,-8,-11,-13.97,1,1,1,1,1,1,1,1
2026-04-03 20:51:25.282,67.740,-1,-9,-11,-14.86,1,1,1,1,1,1,1,1
2026-04-03 20:51:25.378,67.836,-1,-8,-11,-38.73,1,1,1,1,1,1,1,1
2026-04-03 20:51:25.490,67.949,-1,-8,-11,-57.88,1,1,1,1,1,1,1,1
2026-04-03 20:51:25.618,68.077,-1,-8,-8,-28.08,1,1,1,1,1,1,1,1
2026-04-03 20:51:25.698,68.157,-1,-9,-11,-70.26,1,1,1,1,1,1,1,1
2026-04-03 20:51:25.745,68.204,-1,-8,-11,-113.32,1,1,1,1,1,1,1,1
2026-04-03 20:51:25.826,68.285,-1,-8,-8,-18.74,1,1,1,1,1,1,1,1
2026-04-03 20:51:25.938,68.397,-1,-8,-11,-27.26,1,1,1,1,0,1,1,1
2026-04-03 20:51:26.034,68.493,-1,-9,-11,-81.08,1,1,1,1,0,1,1,1
2026-04-03 20:51:26.162,68.621,-1,-8,-11,-52.68,1,1,1,1,0,1,1,1
2026-04-03 20:51:26.194,68.653,-1,-9,-11,-80.52,1,1,1,1,0,1,1,1
2026-04-03 20:51:26.305,68.764,-1,-9,-11,-18.14,1,1,1,1,0,1,1,1
2026-04-03 20:51:26.385,68.844,-1,-9,-11,-75.72,1,1,1,1,0,1,1,1
2026-04-03 20:51:26.402,68.860,-1,-9,-11,-110.84,1,1,1,1,0,1,1,1
2026-04-03 20:51:26.562,69.021,-1,-9,-11,-15.99,1,1,1,1,0,1,1,1
2026-04-03 20:51:26.641,69.100,-1,-9,-11,-57.93,1,1,1,1,0,1,1,1
2026-04-03 20:51:26.738,69.196,-1,-9,-11,-17.88,1,1,1,1,0,1,1,1
2026-04-03 20:51:26.802,69.261,-1,-9,-11,-47.23,1,1,1,1,0,1,1,1
2026-04-03 20:51:26.850,69.309,-1,-9,-11,-20.6,1,1,1,1,0,1,1,1
2026-04-03 20:51:26.930,69.388,-1,-9,-11,-28.44,1,1,1,1,0,1,1,1
2026-04-03 20:51:27.058,69.517,-1,-9,-11,-13.69,1,1,1,1,0,1,1,1
2026-04-03 20:51:27.090,69.549,-1,-9,-11,-49.43,1,1,1,1,0,1,1,1
2026-04-03 20:51:27.169,69.628,-1,-9,-11,-91.42,1,1,1,1,0,1,1,1
2026-04-03 20:51:27.281,69.740,-1,-9,-11,-17.2,1,1,1,1,0,1,1,1
2026-04-03 20:51:27.330,69.789,-1,-9,-11,-103.01,1,1,1,1,0,1,1,1
2026-04-03 20:51:27.377,69.836,-1,-8,-8,-81.25,1,1,1,1,0,1,1,1
2026-04-03 20:51:27.457,69.916,-1,-9,-11,-29.57,1,1,1,1,0,1,1,1
2026-04-03 20:51:27.618,70.077,-1,-9,-8,-49.74,1,1,1,1,0,1,1,1
2026-04-03 20:51:27.681,70.140,-1,-9,-10,-28.29,1,1,1,1,0,1,1,1
2026-04-03 20:51:27.778,70.237,-1,-9,-11,-26.83,1,1,1,1,0,1,1,1
2026-04-03 20:51:27.937,70.396,-1,-8,-8,-31.32,1,1,1,1,0,1,1,1
2026-04-03 20:51:27.953,70.412,-1,-9,-8,-83.94,1,1,1,1,0,1,1,1
2026-04-03 20:51:28.001,70.460,-1,-9,-11,-84.08,1,1,1,1,0,1,1,1
2026-04-03 20:51:28.097,70.556,-1,-9,-11,-52.69,1,1,1,1,0,1,1,1
2026-04-03 20:51:28.162,70.621,-1,-9,-11,-16.04,1,1,1,1,0,1,1,1
2026-04-03 20:51:28.225,70.684,-1,-9,-11,-94.1,1,1,1,1,0,1,1,1
2026-04-03 20:51:28.353,70.812,-1,-8,-11,-79.66,1,1,1,1,0,1,1,1
2026-04-03 20:51:28.434,70.893,-1,-9,-11,-16.66,1,1,1,1,0,1,1,1
2026-04-03 20:51:28.498,70.957,-1,-9,-8,-56.46,1,1,1,1,0,1,1,1
2026-04-03 20:51:28.546,71.005,-1,-9,-8,-47.57,1,1,1,1,0,1,1,1
2026-04-03 20:51:28.610,71.069,-1,-9,-11,-21.93,1,1,1,1,0,1,1,1
2026-04-03 20:51:28.690,71.149,-1,-8,-11,-27.3,1,1,1,1,0,1,1,1
2026-04-03 20:51:28.737,71.196,-1,-9,-11,-26.5,1,1,1,1,0,1,1,1
2026-04-03 20:51:28.834,71.292,-1,-9,-8,-78.5,1,1,1,1,0,1,1,1
2026-04-03 20:51:28.962,71.421,-1,-9,-11,-83.91,1,1,1,1,0,1,1,1
2026-04-03 20:51:29.025,71.484,-1,-8,-11,-69.17,1,1,1,1,0,1,1,1
2026-04-03 20:51:29.122,71.581,-1,-9,-8,-15.91,1,1,1,1,0,1,1,1
2026-04-03 20:51:29.153,71.612,-1,-8,-11,-140.83,1,1,1,1,0,1,1,1
2026-04-03 20:51:29.217,71.676,-1,-9,-11,-82.14,1,1,1,1,0,1,1,1
2026-04-03 20:51:29.298,71.757,-1,-9,-11,-30.33,1,1,1,1,0,1,1,1
2026-04-03 20:51:29.362,71.821,-1,-9,-11,-20.18,1,1,1,1,0,1,1,1
2026-04-03 20:51:29.458,71.917,-1,-9,-8,-54.28,1,1,1,1,0,1,1,1
2026-04-03 20:51:29.601,72.060,-1,-9,-11,-30.23,1,1,1,1,0,1,1,1
2026-04-03 20:51:29.730,72.189,-1,-9,-11,-29.63,1,1,1,1,0,1,1,1
2026-04-03 20:51:29.793,72.252,-1,-9,-11,-68.37,1,1,1,1,0,1,1,1
2026-04-03 20:51:29.858,72.317,-1,-8,-11,-61.7,1,1,1,1,0,1,1,1
2026-04-03 20:51:29.953,72.412,-1,-9,-11,-79.96,1,1,1,1,0,1,1,1
2026-04-03 20:51:30.018,72.477,-1,-9,-11,-14.17,1,1,1,1,0,1,1,1
2026-04-03 20:51:30.065,72.524,-1,-9,-11,-55.49,1,1,1,1,0,1,1,1
2026-04-03 20:51:30.162,72.621,-1,-8,-11,-124.92,1,1,1,1,0,1,1,1
2026-04-03 20:51:30.225,72.684,-1,-9,-11,-17.25,1,1,1,1,0,1,1,1
2026-04-03 20:51:30.337,72.796,-1,-9,-11,-60.91,1,1,1,1,0,1,1,1
2026-04-03 20:51:30.417,72.876,-1,-9,-9,-54.57,1,1,1,1,0,1,1,1
2026-04-03 20:51:30.465,72.924,-1,-9,-8,-15.66,1,1,1,1,0,1,1,1
2026-04-03 20:51:30.545,73.004,-1,-9,-11,-21.4,1,1,1,1,0,1,1,1
2026-04-03 20:51:30.610,73.069,-1,-9,-9,-32.59,1,1,1,1,0,1,1,1
2026-04-03 20:51:30.689,73.148,-1,-9,-11,-85.0,1,1,1,1,0,1,1,1
2026-04-03 20:51:30.737,73.196,-1,-9,-11,-95.88,1,1,1,1,0,1,1,1
2026-04-03 20:51:30.850,73.308,-1,-8,-11,-43.92,1,1,1,1,0,1,1,1
2026-04-03 20:51:30.897,73.356,-1,-9,-11,-31.69,1,1,1,1,0,1,1,1
2026-04-03 20:51:30.994,73.453,-1,-9,-11,-80.78,1,1,1,1,0,1,1,1
2026-04-03 20:51:31.074,73.532,-1,-9,-11,-100.41,1,1,1,1,0,1,1,1
2026-04-03 20:51:31.169,73.628,-1,-8,-11,-31.18,1,1,1,1,0,1,1,1
2026-04-03 20:51:31.282,73.741,-1,-9,-11,-55.71,1,1,1,1,0,1,1,1
2026-04-03 20:51:31.394,73.852,-1,-8,-11,-32.16,1,1,1,1,0,1,1,1
2026-04-03 20:51:31.458,73.916,-1,-9,-10,-18.98,1,1,1,1,0,1,1,1
2026-04-03 20:51:31.505,73.964,-1,-9,-11,-32.18,1,1,1,1,0,1,1,1
2026-04-03 20:51:31.586,74.045,-1,-9,-9,-64.81,1,1,1,1,0,1,1,1
2026-04-03 20:51:31.714,74.172,-1,-9,-11,-41.61,1,1,1,1,0,1,1,1
2026-04-03 20:51:31.761,74.220,-1,-9,-11,-112.88,1,1,1,1,0,1,1,1
2026-04-03 20:51:31.873,74.332,-1,-9,-11,-18.41,1,1,1,1,0,1,1,1
2026-04-03 20:51:31.953,74.412,-1,-9,-8,-100.13,1,1,1,1,0,1,1,1
2026-04-03 20:51:32.098,74.557,-1,-9,-11,-24.59,1,1,1,1,0,1,1,1
2026-04-03 20:51:32.193,74.652,-1,-9,-11,-55.71,1,1,1,1,0,1,1,1
2026-04-03 20:51:32.289,74.748,-1,-9,-11,-46.0,1,1,1,1,0,1,1,1
2026-04-03 20:51:32.353,74.812,-1,-9,-11,-30.21,1,1,1,1,0,1,1,1
2026-04-03 20:51:32.449,74.908,-1,-9,-11,-11.74,1,1,1,1,0,1,1,1
2026-04-03 20:51:32.498,74.956,-1,-8,-11,-30.09,1,1,1,1,0,1,1,1
2026-04-03 20:51:32.610,75.068,-1,-9,-11,-20.23,1,1,1,1,0,1,1,1
2026-04-03 20:51:32.658,75.116,-1,-9,-11,-47.09,1,1,1,1,0,1,1,1
2026-04-03 20:51:32.705,75.164,-1,-9,-11,-66.44,1,1,1,1,0,1,1,1
2026-04-03 20:51:32.785,75.244,-1,-9,-11,-16.27,1,1,1,1,0,1,1,1
2026-04-03 20:51:32.865,75.324,-1,-8,-11,-70.76,1,1,1,1,0,1,1,1
2026-04-03 20:51:32.945,75.404,-1,-9,-11,-78.05,1,1,1,1,0,1,1,1
2026-04-03 20:51:33.105,75.564,-1,-9,-8,-64.9,1,1,1,1,0,1,1,1
2026-04-03 20:51:33.137,75.596,-1,-9,-11,-71.69,1,1,1,1,0,1,1,1
2026-04-03 20:51:33.169,75.628,-1,-9,-11,-23.68,1,1,1,1,0,1,1,1
2026-04-03 20:51:33.249,75.708,-1,-9,-8,-99.62,1,1,1,1,0,1,1,1
2026-04-03 20:51:33.362,75.821,-1,-9,-11,-15.75,1,1,1,1,0,1,1,1
2026-04-03 20:51:33.410,75.869,-1,-9,-11,-13.17,1,1,1,1,0,1,1,1
2026-04-03 20:51:33.474,75.932,-1,-9,-11,-29.69,1,1,1,1,0,1,1,1
2026-04-03 20:51:33.585,76.044,-1,-9,-11,-67.33,1,1,1,1,0,1,1,1
2026-04-03 20:51:33.602,76.061,-1,-9,-11,-76.71,1,1,1,1,0,1,1,1
2026-04-03 20:51:33.714,76.172,-1,-8,-11,-17.02,1,1,1,1,0,1,1,1
2026-04-03 20:51:33.825,76.284,-1,-8,-11,-74.73,1,1,1,1,0,1,1,1
2026-04-03 20:51:33.873,76.332,-1,-9,-11,-135.49,1,1,1,1,0,1,1,1
2026-04-03 20:51:33.938,76.396,0,-8,-11,-17.81,1,1,1,1,0,1,1,1
2026-04-03 20:51:34.082,76.540,-1,-9,-11,-61.34,1,1,1,1,0,1,1,1
2026-04-03 20:51:34.097,76.556,-1,-9,-11,-36.66,1,1,1,1,0,1,1,1
2026-04-03 20:51:34.177,76.636,-1,-9,-9,-113.74,1,1,1,1,0,1,1,1
2026-04-03 20:51:34.273,76.732,-1,-9,-11,-11.53,1,1,1,1,0,1,1,1
2026-04-03 20:51:34.401,76.860,-1,-9,-11,-28.52,1,1,1,1,0,1,1,1
2026-04-03 20:51:34.466,76.925,-1,-9,-11,-21.94,1,1,1,1,0,1,1,1
2026-04-03 20:51:34.577,77.036,-1,-9,-11,-31.97,1,1,1,1,0,1,1,1
2026-04-03 20:51:34.609,77.068,-1,-9,-11,-96.87,1,1,1,1,0,1,1,1
2026-04-03 20:51:34.673,77.132,-1,-9,-11,-61.79,1,1,1,1,0,1,1,1
2026-04-03 20:51:34.769,77.228,-1,-9,-11,-13.37,1,1,1,1,0,1,1,1
2026-04-03 20:51:34.865,77.324,-1,-9,-11,-77.86,1,1,1,1,0,1,1,1
2026-04-03 20:51:34.945,77.404,-1,-9,-11,-81.72,1,1,1,1,0,1,1,1
2026-04-03 20:51:35.041,77.500,-1,-9,-11,-31.33,1,1,1,1,0,1,1,1
2026-04-03 20:51:35.121,77.580,-1,-9,-8,-79.16,1,1,1,1,0,1,1,1
2026-04-03 20:51:35.233,77.692,-1,-8,-11,-54.73,1,1,1,1,0,1,1,1
2026-04-03 20:51:35.297,77.756,-1,-8,-11,-23.88,1,1,1,1,0,1,1,1
2026-04-03 20:51:35.409,77.868,-1,-9,-11,-10.2,1,1,1,1,0,1,1,1
2026-04-03 20:51:35.441,77.900,-1,-9,-11,-22.48,1,1,1,1,0,1,1,1
2026-04-03 20:51:35.521,77.980,-1,-9,-11,-22.03,1,1,1,1,0,1,1,1
2026-04-03 20:51:35.617,78.076,-1,-8,-8,-56.6,1,1,1,1,0,1,1,1
2026-04-03 20:51:35.713,78.172,-1,-8,-11,-32.91,1,1,1,1,0,1,1,1
2026-04-03 20:51:35.809,78.268,-1,-9,-12,-63.41,1,1,1,1,0,1,1,1
2026-04-03 20:51:35.906,78.364,-1,-9,-11,-16.43,1,1,1,1,0,1,1,1
2026-04-03 20:51:35.937,78.396,-1,-9,-11,-59.69,1,1,1,1,0,1,1,1
2026-04-03 20:51:36.097,78.556,-1,-9,-11,-58.11,1,1,1,1,0,1,1,1
2026-04-03 20:51:36.129,78.588,-1,-9,-11,-70.64,1,1,1,1,0,1,1,1
2026-04-03 20:51:36.193,78.652,-1,-8,-11,-48.08,1,1,1,1,0,1,1,1
2026-04-03 20:51:36.289,78.748,-1,-9,-11,-19.39,1,1,1,1,0,1,1,1
2026-04-03 20:51:36.386,78.844,-1,-8,-11,-104.17,1,1,1,1,0,1,1,1
2026-04-03 20:51:36.513,78.972,-1,-9,-11,-16.0,1,1,1,1,0,1,1,1
2026-04-03 20:51:36.561,79.020,-1,-9,-11,-24.32,1,1,1,1,0,1,1,1
2026-04-03 20:51:36.641,79.100,-1,-9,-11,-27.48,1,1,1,1,0,1,1,1
2026-04-03 20:51:36.722,79.180,-1,-9,-11,-73.9,1,1,1,1,0,1,1,1
2026-04-03 20:51:36.801,79.260,-1,-9,-11,-59.42,1,1,1,1,0,1,1,1
2026-04-03 20:51:36.849,79.308,-2,-9,-11,-95.54,1,1,1,1,0,1,1,1
2026-04-03 20:51:36.977,79.436,-1,-9,-11,-14.05,1,1,1,1,0,1,1,1
2026-04-03 20:51:36.993,79.452,-1,-9,-12,-74.45,1,1,1,1,0,1,1,1
2026-04-03 20:51:37.057,79.516,-1,-9,-11,-94.64,1,1,1,1,0,1,1,1
2026-04-03 20:51:37.201,79.660,-1,-8,-11,-38.95,1,1,1,1,0,1,1,1
2026-04-03 20:51:37.249,79.708,-1,-9,-11,-69.98,1,1,1,1,0,1,1,1
2026-04-03 20:51:37.330,79.788,-1,-8,-11,-21.42,1,1,1,1,0,1,1,1
2026-04-03 20:51:37.457,79.916,-1,-9,-11,-99.84,1,1,1,1,0,1,1,1
2026-04-03 20:51:37.505,79.964,-1,-8,-11,-15.5,1,1,1,1,0,1,1,1
2026-04-03 20:51:37.585,80.044,-1,-8,-8,-30.81,1,1,1,1,0,1,1,1
2026-04-03 20:51:37.665,80.124,-1,-9,-11,-44.39,1,1,1,1,0,1,1,1
2026-04-03 20:51:37.762,80.220,-1,-9,-11,-62.56,1,1,1,1,0,1,1,1
2026-04-03 20:51:37.794,80.252,-1,-8,-11,-66.84,1,1,1,1,0,1,1,1
2026-04-03 20:51:37.889,80.348,-1,-9,-11,-19.21,1,1,1,1,0,1,1,1
2026-04-03 20:51:37.937,80.396,-1,-9,-11,-76.85,1,1,1,1,0,1,1,1
2026-04-03 20:51:38.065,80.524,-1,-9,-11,-108.22,1,1,1,1,0,1,1,1
2026-04-03 20:51:38.145,80.604,-1,-8,-11,-64.44,1,1,1,1,0,1,1,1
2026-04-03 20:51:38.193,80.652,-1,-8,-11,-75.78,1,1,1,1,0,1,1,1
2026-04-03 20:51:38.242,80.700,-1,-8,-11,-46.0,1,1,1,1,0,1,1,1
2026-04-03 20:51:38.337,80.796,-1,-9,-11,-34.97,1,1,1,1,0,1,1,1
2026-04-03 20:51:38.433,80.892,-1,-9,-11,-11.4,1,1,1,1,0,1,1,1
2026-04-03 20:51:38.465,80.924,-1,-9,-8,-33.62,1,1,1,1,0,1,1,1
2026-04-03 20:51:38.609,81.068,-1,-9,-11,-14.25,1,1,1,1,0,1,1,1
2026-04-03 20:51:38.689,81.148,-1,-9,-11,-45.37,1,1,1,1,0,1,1,1
2026-04-03 20:51:38.705,81.164,-1,-9,-11,-63.03,1,1,1,1,0,1,1,1
2026-04-03 20:51:38.849,81.308,-1,-9,-11,-37.06,1,1,1,1,0,1,1,1
2026-04-03 20:51:38.897,81.356,-1,-8,-11,-69.26,1,1,1,1,0,1,1,1
2026-04-03 20:51:38.993,81.452,-1,-9,-11,-109.62,1,1,1,1,0,1,1,1
2026-04-03 20:51:39.105,81.564,-1,-9,-11,-87.04,1,1,1,1,0,1,1,1
2026-04-03 20:51:39.153,81.612,-1,-9,-11,-19.17,1,1,1,1,0,1,1,1
2026-04-03 20:51:39.265,81.724,-1,-9,-9,-71.14,1,1,1,1,0,1,1,1
2026-04-03 20:51:39.329,81.788,-1,-9,-11,-64.2,1,1,1,1,0,1,1,1
2026-04-03 20:51:39.441,81.900,-1,-9,-11,-22.03,1,1,1,1,0,1,1,1
2026-04-03 20:51:39.553,82.012,-1,-9,-11,-14.28,1,1,1,1,0,1,1,1
2026-04-03 20:51:39.585,82.044,-1,-9,-11,-23.23,1,1,1,1,0,1,1,1
2026-04-03 20:51:39.633,82.092,-1,-9,-11,-39.91,1,1,1,1,0,1,1,1
2026-04-03 20:51:39.713,82.172,-1,-9,-11,-59.01,1,1,1,1,0,1,1,1
2026-04-03 20:51:39.841,82.300,-1,-9,-11,-68.64,1,1,1,1,0,1,1,1
2026-04-03 20:51:39.937,82.395,-1,-9,-11,-20.79,1,1,1,1,0,1,1,1
2026-04-03 20:51:39.969,82.428,-1,-9,-11,-12.75,1,1,1,1,0,1,1,1
2026-04-03 20:51:40.049,82.507,-1,-9,-11,-115.03,1,1,1,1,0,1,1,1
2026-04-03 20:51:40.129,82.587,-1,-9,-8,-59.47,1,1,1,1,0,1,1,1
2026-04-03 20:51:40.225,82.684,-1,-9,-11,-35.53,1,1,1,1,0,1,1,1
2026-04-03 20:51:40.289,82.748,-1,-9,-11,-46.5,1,1,1,1,0,1,1,1
2026-04-03 20:51:40.337,82.795,-1,-9,-8,-115.66,1,1,1,1,0,1,1,1
2026-04-03 20:51:40.401,82.860,-1,-9,-8,-27.06,1,1,1,1,0,1,1,1
2026-04-03 20:51:40.513,82.971,-1,-9,-8,-27.34,1,1,1,1,0,1,1,1
2026-04-03 20:51:40.577,83.036,-1,-9,-8,-23.79,1,1,1,1,0,1,1,1
2026-04-03 20:51:40.673,83.132,-1,-9,-11,-79.38,1,1,1,1,0,1,1,1
2026-04-03 20:51:40.737,83.196,-1,-9,-8,-91.54,1,1,1,1,0,1,1,1
2026-04-03 20:51:40.817,83.276,-1,-9,-8,-12.41,1,1,1,1,0,1,1,1
2026-04-03 20:51:40.849,83.307,-1,-9,-11,-15.12,1,1,1,1,0,1,1,1
2026-04-03 20:51:40.929,83.388,-1,-9,-11,-102.57,1,1,1,1,0,1,1,1
2026-04-03 20:51:41.009,83.468,-1,-9,-11,-52.1,1,1,1,1,0,1,1,1
2026-04-03 20:51:41.105,83.564,-1,-9,-11,-21.3,1,1,1,1,0,1,1,1
2026-04-03 20:51:41.170,83.628,-1,-9,-8,-49.5,1,1,1,1,0,1,1,1
2026-04-03 20:51:41.201,83.660,-1,-9,-8,-50.13,1,1,1,1,0,1,1,1
2026-04-03 20:51:41.345,83.804,-1,-9,-10,-9.8,1,1,1,1,0,1,1,1
2026-04-03 20:51:41.361,83.820,-1,-9,-8,-19.25,1,1,1,1,0,1,1,1
2026-04-03 20:51:41.425,83.883,-1,-9,-11,-67.44,1,1,1,1,0,1,1,1
2026-04-03 20:51:41.569,84.028,-1,-9,-11,-78.03,1,1,1,1,0,1,1,1
2026-04-03 20:51:41.633,84.092,-1,-9,-11,-96.87,1,1,1,1,0,1,1,1
2026-04-03 20:51:41.729,84.188,-1,-9,-8,-29.83,1,1,1,1,0,1,1,1
2026-04-03 20:51:41.745,84.204,-1,-9,-11,-59.59,1,1,1,1,0,1,1,1
2026-04-03 20:51:41.809,84.267,-1,-9,-11,-82.5,1,1,1,1,0,1,1,1
2026-04-03 20:51:41.873,84.331,-1,-9,-8,-40.72,1,1,1,1,0,1,1,1
2026-04-03 20:51:41.985,84.444,-1,-9,-11,-68.57,1,1,1,1,0,1,1,1
2026-04-03 20:51:42.049,84.508,-1,-9,-11,-110.21,1,1,1,1,0,1,1,1
2026-04-03 20:51:42.129,84.588,-1,-9,-11,-15.55,1,1,1,1,0,1,1,1
2026-04-03 20:51:42.225,84.684,-1,-9,-8,-14.16,1,1,1,1,0,1,1,1
2026-04-03 20:51:42.353,84.812,-1,-9,-8,-28.31,1,1,1,1,0,1,1,1
2026-04-03 20:51:42.386,84.844,-1,-9,-8,-93.27,1,1,1,1,0,1,1,1
2026-04-03 20:51:42.465,84.924,-1,-9,-8,-36.83,1,1,1,1,0,1,1,1
2026-04-03 20:51:42.545,85.004,-1,-9,-8,-73.21,1,1,1,1,0,1,1,1
2026-04-03 20:51:42.609,85.068,-1,-9,-11,-15.24,1,1,1,1,0,1,1,1
2026-04-03 20:51:42.737,85.195,-1,-9,-8,-94.71,1,1,1,1,0,1,1,1
2026-04-03 20:51:42.833,85.291,-1,-9,-11,-22.58,1,1,1,1,0,1,1,1
2026-04-03 20:51:42.929,85.388,-1,-9,-11,-31.8,1,1,1,1,0,1,1,1
2026-04-03 20:51:42.993,85.452,-1,-9,-8,-56.04,1,1,1,1,0,1,1,1
2026-04-03 20:51:43.057,85.516,-1,-9,-8,-38.6,1,1,1,1,0,1,1,1
2026-04-03 20:51:43.169,85.627,-1,-9,-11,-17.5,1,1,1,1,0,1,1,1
2026-04-03 20:51:43.201,85.660,-1,-9,-11,-29.7,1,1,1,1,0,1,1,1
2026-04-03 20:51:43.265,85.723,-1,-9,-11,-75.38,1,1,1,1,0,1,1,1
2026-04-03 20:51:43.361,85.819,-1,-9,-11,-45.16,1,1,1,1,0,1,1,1
2026-04-03 20:51:43.424,85.883,-1,-9,-11,-56.26,1,1,1,1,0,1,1,1
2026-04-03 20:51:43.505,85.963,-1,-9,-11,-22.0,1,1,1,1,0,1,1,1
2026-04-03 20:51:43.665,86.124,-1,-9,-11,-99.61,1,1,1,1,0,1,1,1
2026-04-03 20:51:43.824,86.283,-1,-9,-8,-31.15,1,1,1,1,0,1,1,1
2026-04-03 20:51:43.905,86.364,-1,-9,-11,-43.04,1,1,1,1,0,1,1,1
2026-04-03 20:51:43.952,86.411,-1,-9,-11,-21.24,1,1,1,1,0,1,1,1
2026-04-03 20:51:44.064,86.523,-1,-9,-8,-88.62,1,1,1,1,0,1,1,1
2026-04-03 20:51:44.097,86.556,-1,-9,-8,-28.29,1,1,1,1,0,1,1,1
2026-04-03 20:51:44.224,86.683,-1,-9,-8,-29.48,1,1,1,1,0,1,1,1
2026-04-03 20:51:44.353,86.812,-1,-9,-11,-24.84,1,1,1,1,0,1,1,1
2026-04-03 20:51:44.417,86.876,-1,-9,-8,-69.53,1,1,1,1,0,1,1,1
2026-04-03 20:51:44.465,86.923,-1,-9,-8,-17.0,1,1,1,1,0,1,1,1
2026-04-03 20:51:44.561,87.020,-1,-9,-11,-48.32,1,1,1,1,0,1,1,1
2026-04-03 20:51:44.625,87.084,-1,-9,-8,-33.35,1,1,1,1,0,1,1,1
2026-04-03 20:51:44.721,87.179,-1,-9,-11,-85.6,1,1,1,1,0,1,1,1
2026-04-03 20:51:44.800,87.259,-1,-9,-11,-23.39,1,1,1,1,0,1,1,1
2026-04-03 20:51:44.897,87.356,-1,-9,-11,-119.15,1,1,1,1,0,1,1,1
2026-04-03 20:51:44.928,87.387,-1,-9,-11,-23.91,1,1,1,1,0,1,1,1
2026-04-03 20:51:45.072,87.531,-1,-9,-9,-35.32,1,1,1,1,0,1,1,1
2026-04-03 20:51:45.104,87.563,-1,-9,-11,-125.0,1,1,1,1,0,1,1,1
2026-04-03 20:51:45.232,87.691,-1,-9,-11,-9.58,1,1,1,1,0,1,1,1
2026-04-03 20:51:45.329,87.788,-1,-9,-8,-24.64,1,1,1,1,0,1,1,1
2026-04-03 20:51:45.345,87.803,-1,-9,-11,-29.01,1,1,1,1,0,1,1,1
2026-04-03 20:51:45.473,87.932,-1,-9,-8,-57.17,1,1,1,1,0,1,1,1
2026-04-03 20:51:45.568,88.027,-1,-9,-11,-57.75,1,1,1,1,0,1,1,1
2026-04-03 20:51:45.665,88.124,-1,-9,-8,-93.95,1,1,1,1,0,1,1,1
2026-04-03 20:51:45.681,88.140,-1,-9,-11,-12.77,1,1,1,1,0,1,1,1
2026-04-03 20:51:45.745,88.204,-1,-9,-8,-86.38,1,1,1,1,0,1,1,1
2026-04-03 20:51:45.856,88.315,-1,-9,-11,-128.67,1,1,1,1,0,1,1,1
2026-04-03 20:51:45.904,88.363,-1,-9,-8,-45.45,1,1,1,1,0,1,1,1
2026-04-03 20:51:46.017,88.476,-1,-9,-11,-83.06,1,1,1,1,0,1,1,1
2026-04-03 20:51:46.065,88.524,-1,-9,-11,-65.8,1,1,1,1,0,1,1,1
2026-04-03 20:51:46.177,88.636,0,-9,-11,-22.36,1,1,1,1,0,1,1,1
2026-04-03 20:51:46.273,88.732,-1,-9,-11,-16.75,1,1,1,1,0,1,1,1
2026-04-03 20:51:46.369,88.828,-1,-9,-11,-27.59,1,1,1,1,0,1,1,1
2026-04-03 20:51:46.416,88.875,-1,-9,-8,-18.11,1,1,1,1,0,1,1,1
2026-04-03 20:51:46.512,88.971,-1,-9,-11,-87.64,1,1,1,1,0,1,1,1
2026-04-03 20:51:46.624,89.083,-1,-9,-11,-61.06,1,1,1,1,0,1,1,1
2026-04-03 20:51:46.688,89.147,-1,-9,-8,-65.75,1,1,1,1,0,1,1,1
2026-04-03 20:51:46.785,89.244,-1,-9,-8,-48.93,1,1,1,1,0,1,1,1
2026-04-03 20:51:46.800,89.259,-1,-9,-11,-84.09,1,1,1,1,0,1,1,1
2026-04-03 20:51:46.929,89.388,-1,-9,-8,-49.57,1,1,1,1,0,1,1,1
2026-04-03 20:51:47.025,89.484,-1,-9,-8,-71.7,1,1,1,1,0,1,1,1
2026-04-03 20:51:47.152,89.611,-1,-9,-11,-103.49,1,1,1,1,0,1,1,1
2026-04-03 20:51:47.232,89.691,-2,-9,-11,-18.08,1,1,1,1,0,1,1,1
2026-04-03 20:51:47.297,89.755,-1,-9,-11,-15.36,1,1,1,1,0,1,1,1
2026-04-03 20:51:47.329,89.788,-1,-9,-11,-24.54,1,1,1,1,0,1,1,1
2026-04-03 20:51:47.425,89.884,-1,-9,-11,-71.27,1,1,1,1,0,1,1,1
2026-04-03 20:51:47.504,89.963,-2,-9,-11,-58.87,1,1,1,1,0,1,1,1
2026-04-03 20:51:47.616,90.075,-1,-9,-10,-73.62,1,1,1,1,0,1,1,1
2026-04-03 20:51:47.696,90.155,-1,-9,-11,-12.82,1,1,1,1,0,1,1,1
2026-04-03 20:51:47.777,90.236,-1,-9,-11,-74.46,1,1,1,1,0,1,1,1
2026-04-03 20:51:47.857,90.315,-1,-10,-8,-98.11,1,1,1,1,0,1,1,1
2026-04-03 20:51:47.920,90.379,-1,-9,-11,-63.69,1,1,1,1,0,1,1,1
2026-04-03 20:51:48.001,90.459,-1,-9,-8,-33.43,1,1,1,1,0,1,1,1
2026-04-03 20:51:48.145,90.603,-1,-9,-8,-49.65,1,1,1,1,0,1,1,1
2026-04-03 20:51:48.208,90.667,-1,-9,-8,-94.12,1,1,1,1,0,1,1,1
2026-04-03 20:51:48.225,90.684,-1,-9,-11,-18.5,1,1,1,1,0,1,1,1
2026-04-03 20:51:48.337,90.795,-1,-9,-11,-31.71,1,1,1,1,0,1,1,1
2026-04-03 20:51:48.416,90.875,-1,-9,-11,-8.67,1,1,1,1,0,1,1,1
2026-04-03 20:51:48.529,90.987,-1,-9,-11,-87.96,1,1,1,1,0,1,1,1
2026-04-03 20:51:48.577,91.036,-1,-9,-11,-69.12,1,1,1,1,0,1,1,1
2026-04-03 20:51:48.704,91.163,-1,-9,-11,-9.85,1,1,1,1,0,1,1,1
2026-04-03 20:51:48.801,91.259,-1,-9,-8,-15.65,1,1,1,1,0,1,1,1
2026-04-03 20:51:48.864,91.323,-1,-9,-8,-113.13,1,1,1,1,0,1,1,1
2026-04-03 20:51:48.912,91.371,-1,-9,-8,-114.12,1,1,1,1,0,1,1,1
2026-04-03 20:51:48.993,91.452,-1,-9,-11,-21.03,1,1,1,1,0,1,1,1
2026-04-03 20:51:49.072,91.531,-1,-9,-11,-74.96,1,1,1,1,0,1,1,1
2026-04-03 20:51:49.120,91.579,-1,-9,-11,-55.64,1,1,1,1,0,1,1,1
2026-04-03 20:51:49.184,91.643,-1,-9,-11,-78.99,1,1,1,1,0,1,1,1
2026-04-03 20:51:49.264,91.723,0,-9,-11,-12.84,1,1,1,1,0,1,1,1
2026-04-03 20:51:49.361,91.820,-1,-9,-9,-28.21,1,1,1,1,0,1,1,1
2026-04-03 20:51:49.440,91.899,-1,-9,-8,-10.58,1,1,1,1,0,1,1,1
2026-04-03 20:51:49.504,91.963,-1,-9,-11,-50.59,1,1,1,1,0,1,1,1
2026-04-03 20:51:49.553,92.011,-1,-9,-11,-39.76,1,1,1,1,0,1,1,1
2026-04-03 20:51:49.649,92.108,-1,-9,-11,-20.78,1,1,1,1,0,1,1,1
2026-04-03 20:51:49.713,92.172,-1,-9,-11,-51.03,1,1,1,1,0,1,1,1
2026-04-03 20:51:49.776,92.235,-1,-9,-11,-80.18,1,1,1,1,0,1,1,1
2026-04-03 20:51:49.873,92.332,-1,-9,-11,-26.34,1,1,1,1,0,1,1,1
2026-04-03 20:51:49.985,92.444,-1,-9,-8,-39.75,1,1,1,1,0,1,1,1
2026-04-03 20:51:50.048,92.507,-1,-9,-8,-86.08,1,1,1,1,0,1,1,1
2026-04-03 20:51:50.161,92.620,-1,-9,-8,-37.44,1,1,1,1,0,1,1,1
2026-04-03 20:51:50.240,92.699,-1,-9,-8,-21.93,1,1,1,1,0,1,1,1
2026-04-03 20:51:50.336,92.795,-1,-9,-11,-26.9,1,1,1,1,0,1,1,1
2026-04-03 20:51:50.433,92.891,-1,-9,-8,-15.87,1,1,1,1,0,1,1,1
2026-04-03 20:51:50.480,92.939,-1,-9,-8,-63.72,1,1,1,1,0,1,1,1
2026-04-03 20:51:50.529,92.988,-1,-9,-11,-82.12,1,1,1,1,0,1,1,1
2026-04-03 20:51:50.624,93.083,-1,-9,-8,-65.56,1,1,1,1,0,1,1,1
2026-04-03 20:51:50.689,93.148,-1,-9,-11,-54.79,1,1,1,1,0,1,1,1
2026-04-03 20:51:50.720,93.179,-1,-9,-11,-102.48,1,1,1,1,0,1,1,1
2026-04-03 20:51:50.816,93.275,-1,-9,-11,-90.36,1,1,1,1,0,1,1,1
2026-04-03 20:51:50.912,93.371,-1,-9,-11,-94.71,1,1,1,1,0,1,1,1
2026-04-03 20:51:51.009,93.468,-1,-9,-11,-57.23,1,1,1,1,0,1,1,1
2026-04-03 20:51:51.104,93.563,-1,-9,-11,-111.58,1,1,1,1,0,1,1,1
2026-04-03 20:51:51.153,93.612,-1,-9,-8,-13.99,1,1,1,1,0,1,1,1
2026-04-03 20:51:51.264,93.723,-1,-9,-11,-35.18,1,1,1,1,0,1,1,1
2026-04-03 20:51:51.296,93.755,-1,-9,-11,-19.34,1,1,1,1,0,1,1,1
2026-04-03 20:51:51.393,93.851,-1,-9,-11,-70.09,1,1,1,1,0,1,1,1
2026-04-03 20:51:51.424,93.883,-1,-9,-8,-97.65,1,1,1,1,0,1,1,1
2026-04-03 20:51:51.504,93.963,-1,-9,-11,-34.96,1,1,1,1,0,1,1,1
2026-04-03 20:51:51.617,94.076,-1,-9,-8,-98.54,1,1,1,1,0,1,1,1
2026-04-03 20:51:51.665,94.123,-1,-9,-11,-21.03,1,1,1,1,0,1,1,1
2026-04-03 20:51:51.744,94.203,-1,-9,-8,-62.99,1,1,1,1,0,1,1,1
2026-04-03 20:51:51.808,94.267,-1,-9,-8,-45.2,1,1,1,1,0,1,1,1
2026-04-03 20:51:51.904,94.363,-1,-9,-11,-55.7,1,1,1,1,0,1,1,1
2026-04-03 20:51:51.985,94.444,-1,-9,-11,-109.03,1,1,1,1,0,1,1,1
2026-04-03 20:51:52.032,94.491,-1,-9,-11,-22.79,1,1,1,1,0,1,1,1
2026-04-03 20:51:52.129,94.587,-1,-9,-8,-30.1,1,1,1,1,0,1,1,1
2026-04-03 20:51:52.208,94.667,0,-9,-11,-19.28,1,1,1,1,0,1,1,1
2026-04-03 20:51:52.273,94.731,-1,-9,-8,-37.52,1,1,1,1,0,1,1,1
2026-04-03 20:51:52.352,94.811,-1,-9,-8,-51.43,1,1,1,1,0,1,1,1
2026-04-03 20:51:52.400,94.859,-1,-9,-10,-27.24,1,1,1,1,0,1,1,1
2026-04-03 20:51:52.480,94.939,-1,-9,-8,-107.27,1,1,1,1,0,1,1,1
2026-04-03 20:51:52.561,95.019,-1,-9,-8,-94.18,1,1,1,1,0,1,1,1
2026-04-03 20:51:52.625,95.083,-1,-9,-8,-28.52,1,1,1,1,0,1,1,1
2026-04-03 20:51:52.704,95.163,-1,-9,-11,-87.72,1,1,1,1,0,1,1,1
2026-04-03 20:51:52.801,95.259,-1,-9,-8,-51.73,1,1,1,1,0,1,1,1
2026-04-03 20:51:52.896,95.355,-1,-9,-8,-86.33,1,1,1,1,0,1,1,1
2026-04-03 20:51:52.945,95.403,-1,-8,-11,-24.42,1,1,1,1,0,1,1,1
2026-04-03 20:51:52.992,95.451,-1,-9,-11,-11.55,1,1,1,1,0,1,1,1
2026-04-03 20:51:53.088,95.547,-1,-9,-8,-75.99,1,1,1,1,0,1,1,1
2026-04-03 20:51:53.200,95.659,-1,-9,-11,-42.96,1,1,1,1,0,1,1,1
2026-04-03 20:51:53.264,95.723,-1,-9,-8,-44.12,1,1,1,1,0,1,1,1
2026-04-03 20:51:53.360,95.819,-1,-9,-11,-14.98,1,1,1,1,0,1,1,1
2026-04-03 20:51:53.424,95.883,-1,-9,-11,-88.15,1,1,1,1,0,1,1,1
2026-04-03 20:51:53.456,95.915,-1,-9,-11,-73.36,1,1,1,1,0,1,1,1
2026-04-03 20:51:53.552,96.011,-1,-9,-11,-56.9,1,1,1,1,0,1,1,1
2026-04-03 20:51:53.632,96.091,-1,-9,-10,-58.13,1,1,1,1,0,1,1,1
2026-04-03 20:51:53.760,96.219,-2,-9,-9,-86.03,1,1,1,1,0,1,1,1
2026-04-03 20:51:53.808,96.267,-1,-9,-9,-66.87,1,1,1,1,0,1,1,1
2026-04-03 20:51:53.904,96.363,-1,-9,-11,-17.68,1,1,1,1,0,1,1,1
2026-04-03 20:51:53.984,96.443,-1,-9,-11,-17.46,1,1,1,1,0,1,1,1
2026-04-03 20:51:54.049,96.507,-1,-9,-11,-21.18,1,1,1,1,0,1,1,1
2026-04-03 20:51:54.193,96.651,-1,-9,-11,-56.99,1,1,1,1,0,1,1,1
2026-04-03 20:51:54.240,96.699,-1,-9,-8,-68.13,1,1,1,1,0,1,1,1
2026-04-03 20:51:54.272,96.731,-1,-9,-11,-13.22,1,1,1,1,0,1,1,1
2026-04-03 20:51:54.416,96.875,-1,-9,-8,-76.98,1,1,1,1,0,1,1,1
2026-04-03 20:51:54.480,96.939,-1,-9,-8,-104.78,1,1,1,1,0,1,1,1
2026-04-03 20:51:54.561,97.019,-1,-9,-8,-90.86,1,1,1,1,0,1,1,1
2026-04-03 20:51:54.640,97.099,-1,-9,-8,-40.91,1,1,1,1,0,1,1,1
2026-04-03 20:51:54.721,97.179,-1,-9,-11,-25.28,1,1,1,1,0,1,1,1
2026-04-03 20:51:54.816,97.275,-1,-9,-8,-59.26,1,1,1,1,0,1,1,1
2026-04-03 20:51:54.864,97.323,-1,-9,-11,-25.24,1,1,1,1,0,1,1,1
2026-04-03 20:51:54.944,97.403,0,-9,-11,-21.32,1,1,1,1,0,1,1,1
2026-04-03 20:51:55.056,97.515,-1,-9,-10,-26.0,1,1,1,1,0,1,1,1
2026-04-03 20:51:55.136,97.595,-1,-9,-11,-78.11,1,1,1,1,0,1,1,1
2026-04-03 20:51:55.200,97.659,-1,-9,-11,-39.5,1,1,1,1,0,1,1,1
2026-04-03 20:51:55.264,97.723,-1,-9,-8,-73.35,1,1,1,1,0,1,1,1
2026-04-03 20:51:55.345,97.803,-1,-9,-10,-15.45,1,1,1,1,0,1,1,1
2026-04-03 20:51:55.376,97.835,-1,-9,-11,-75.41,1,1,1,1,0,1,1,1
2026-04-03 20:51:55.520,97.979,-1,-9,-11,-154.38,1,1,1,1,0,1,1,1
2026-04-03 20:51:55.536,97.995,-1,-10,-8,-21.4,1,1,1,1,0,1,1,1
2026-04-03 20:51:55.649,98.107,-1,-9,-11,-36.65,1,1,1,1,0,1,1,1
2026-04-03 20:51:55.712,98.171,-1,-9,-11,-62.14,1,1,1,1,0,1,1,1
2026-04-03 20:51:55.760,98.219,-1,-9,-11,-20.69,1,1,1,1,0,1,1,1
2026-04-03 20:51:55.824,98.283,-1,-9,-11,-35.93,1,1,1,1,0,1,1,1
2026-04-03 20:51:55.904,98.363,-1,-9,-11,-30.62,1,1,1,1,0,1,1,1
2026-04-03 20:51:56.000,98.459,-1,-9,-11,-105.96,1,1,1,1,0,1,1,1
2026-04-03 20:51:56.064,98.522,-1,-9,-11,-88.31,1,1,1,1,0,1,1,1
2026-04-03 20:51:56.160,98.618,-1,-9,-8,-62.21,1,1,1,1,0,1,1,1
2026-04-03 20:51:56.288,98.747,-1,-9,-8,-24.06,1,1,1,1,0,1,1,1
2026-04-03 20:51:56.320,98.779,-1,-9,-11,-71.68,1,1,1,1,0,1,1,1
2026-04-03 20:51:56.384,98.842,-1,-9,-8,-120.15,1,1,1,1,0,1,1,1
2026-04-03 20:51:56.448,98.906,-1,-9,-11,-39.8,1,1,1,1,0,1,1,1
2026-04-03 20:51:56.544,99.003,-1,-9,-11,-32.12,1,1,1,1,0,1,1,1
2026-04-03 20:51:56.640,99.099,-1,-9,-9,-47.91,1,1,1,1,0,1,1,1
2026-04-03 20:51:56.720,99.179,-1,-9,-11,-33.39,1,1,1,1,0,1,1,1
2026-04-03 20:51:56.768,99.226,-1,-9,-10,-19.91,1,1,1,1,0,1,1,1
2026-04-03 20:51:56.912,99.370,-1,-9,-11,-26.47,1,1,1,1,0,1,1,1
2026-04-03 20:51:57.008,99.467,-1,-9,-8,-36.77,1,1,1,1,0,1,1,1
2026-04-03 20:51:57.088,99.547,-1,-9,-9,-56.67,1,1,1,1,0,1,1,1
2026-04-03 20:51:57.184,99.643,-1,-9,-11,-85.78,1,1,1,1,0,1,1,1
2026-04-03 20:51:57.264,99.723,-1,-9,-11,-18.86,1,1,1,1,0,1,1,1
2026-04-03 20:51:57.312,99.771,-1,-9,-11,-21.98,1,1,1,1,0,1,1,1
2026-04-03 20:51:57.408,99.866,-1,-9,-8,-84.8,1,1,1,1,0,1,1,1
2026-04-03 20:51:57.456,99.914,-1,-9,-11,-75.64,1,1,1,1,0,1,1,1
2026-04-03 20:51:57.520,99.979,-1,-9,-8,-55.44,1,1,1,1,0,1,1,1
2026-04-03 20:51:57.680,100.139,-1,-9,-8,-56.17,1,1,1,1,0,1,1,1
2026-04-03 20:51:57.840,100.299,-1,-9,-11,-25.71,0,0,0,0,0,0,0,0
2026-04-03 20:51:57.968,100.427,-1,-9,-11,-62.6,0,0,0,0,0,0,0,0
2026-04-03 20:51:58.000,100.459,-1,-9,-11,-47.99,0,0,0,0,0,0,0,0
2026-04-03 20:51:58.112,100.570,-2,-9,-11,-64.13,0,0,0,0,0,0,0,0
2026-04-03 20:51:58.176,100.634,-1,-9,-9,-15.76,0,0,0,0,0,0,0,0
2026-04-03 20:51:58.304,100.763,-2,-9,-11,-79.2,0,0,0,0,0,0,0,0
2026-04-03 20:51:58.352,100.810,-2,-9,-12,-92.88,0,0,0,0,0,0,0,0
2026-04-03 20:51:58.512,100.970,-2,-9,-12,-78.28,0,0,0,0,0,0,0,0
2026-04-03 20:51:58.608,101.066,-2,-10,-12,-47.35,0,0,0,0,0,0,0,0
2026-04-03 20:51:58.688,101.147,-2,-10,-12,-43.54,0,0,0,0,0,0,0,0
2026-04-03 20:51:58.720,101.179,-2,-10,-9,-11.14,0,0,0,0,0,0,0,0
2026-04-03 20:51:58.784,101.242,-2,-10,-12,-49.5,0,0,0,0,0,0,0,0
2026-04-03 20:51:58.960,101.418,-2,-10,-11,-66.05,0,0,0,0,0,0,0,0
2026-04-03 20:51:59.024,101.483,-2,-10,-12,-67.58,0,0,0,0,0,0,0,0
2026-04-03 20:51:59.056,101.515,-2,-9,-12,-120.02,0,0,0,0,0,0,0,0
2026-04-03 20:51:59.149,101.608,-2,-10,-12,-13.28,0,0,0,0,0,0,0,0
2026-04-03 20:51:59.200,101.658,-2,-10,-9,-74.36,0,0,0,0,0,0,0,0
2026-04-03 20:51:59.264,101.722,-2,-9,-12,-122.57,0,0,0,0,0,0,0,0
2026-04-03 20:51:59.344,101.803,-2,-9,-12,-28.22,0,0,0,0,0,0,0,0
2026-04-03 20:51:59.456,101.915,-2,-9,-12,-27.75,0,0,0,0,0,0,0,0
2026-04-03 20:51:59.552,102.010,-2,-9,-11,-33.49,0,0,0,0,0,0,0,0
2026-04-03 20:51:59.600,102.059,-2,-9,-9,-107.51,0,0,0,0,0,0,0,0
2026-04-03 20:51:59.680,102.139,-2,-10,-12,-12.92,0,0,0,0,0,0,0,0
2026-04-03 20:51:59.744,102.203,-2,-9,-9,-29.56,0,0,0,0,0,0,0,0
2026-04-03 20:51:59.856,102.314,-2,-10,-12,-7.97,0,0,0,0,0,0,0,0
2026-04-03 20:51:59.968,102.427,-2,-10,-12,-59.49,0,0,0,0,0,0,0,0
2026-04-03 20:52:00.016,102.474,-2,-10,-12,-102.98,0,0,0,0,0,0,0,0
2026-04-03 20:52:00.064,102.522,-2,-10,-12,-14.6,0,0,0,0,0,0,0,0
2026-04-03 20:52:00.224,102.682,-2,-10,-12,-10.15,0,0,0,0,0,0,0,0
2026-04-03 20:52:00.272,102.730,-2,-10,-12,-38.04,0,0,0,0,0,0,0,0
2026-04-03 20:52:00.320,102.778,-2,-10,-12,-113.37,0,0,0,0,0,0,0,0
2026-04-03 20:52:00.464,102.923,-2,-10,-9,-30.73,0,0,0,0,0,0,0,0
2026-04-03 20:52:00.544,103.003,-2,-9,-12,-82.04,0,0,0,0,0,0,0,0
2026-04-03 20:52:00.576,103.034,-2,-10,-12,-63.65,0,0,0,0,0,0,0,0
2026-04-03 20:52:00.623,103.082,-2,-9,-12,-98.63,0,0,0,0,0,0,0,0
2026-04-03 20:52:00.703,103.162,-2,-9,-12,-15.63,0,0,0,0,0,0,0,0
2026-04-03 20:52:00.864,103.323,-2,-10,-11,-19.22,0,0,0,0,0,0,0,0
2026-04-03 20:52:00.960,103.419,-2,-10,-12,-46.01,0,0,0,0,0,0,0,0
2026-04-03 20:52:01.039,103.498,-2,-10,-11,-102.17,0,0,0,0,0,0,0,0
2026-04-03 20:52:01.168,103.626,-2,-10,-9,-20.5,0,0,0,0,0,0,0,0
2026-04-03 20:52:01.248,103.707,-2,-9,-12,-44.67,0,0,0,0,0,0,0,0
2026-04-03 20:52:01.376,103.835,-2,-10,-9,-96.12,0,0,0,0,0,0,0,0
2026-04-03 20:52:01.472,103.930,-2,-10,-9,-27.36,0,0,0,0,0,0,0,0
2026-04-03 20:52:01.568,104.027,-2,-10,-11,-65.69,0,0,0,0,0,0,0,0
2026-04-03 20:52:01.648,104.107,-2,-10,-12,-45.35,0,0,0,0,0,0,0,0
2026-04-03 20:52:01.744,104.203,-2,-10,-9,-39.45,0,0,0,0,0,0,0,0
2026-04-03 20:52:01.840,104.298,-2,-10,-9,-10.13,0,0,0,0,0,0,0,0
2026-04-03 20:52:01.903,104.362,-2,-10,-12,-27.47,0,0,0,0,0,0,0,0
2026-04-03 20:52:01.968,104.427,-2,-10,-12,-25.86,0,0,0,0,0,0,0,0
2026-04-03 20:52:02.111,104.570,-2,-9,-12,-59.71,0,0,0,0,0,0,0,0
2026-04-03 20:52:02.144,104.602,-2,-10,-12,-103.25,0,0,0,0,0,0,0,0
2026-04-03 20:52:02.224,104.683,-2,-10,-9,-9.94,0,0,0,0,0,0,0,0
2026-04-03 20:52:02.304,104.763,-2,-10,-12,-74.23,0,0,0,0,0,0,0,0
2026-04-03 20:52:02.383,104.842,-2,-10,-12,-57.32,0,0,0,0,0,0,0,0
2026-04-03 20:52:02.480,104.939,-2,-10,-12,-107.78,0,0,0,0,0,0,0,0
2026-04-03 20:52:02.575,105.034,-2,-9,-12,-27.13,0,0,0,0,0,0,0,0
2026-04-03 20:52:02.655,105.114,-2,-9,-9,-70.61,0,0,0,0,0,0,0,0
2026-04-03 20:52:02.752,105.211,-2,-10,-12,-43.79,0,0,0,0,0,0,0,0
2026-04-03 20:52:02.848,105.307,-2,-9,-12,-38.76,0,0,0,0,0,0,0,0
2026-04-03 20:52:02.896,105.355,-2,-10,-12,-13.52,0,0,0,0,0,0,0,0
2026-04-03 20:52:03.007,105.466,-2,-10,-9,-22.76,0,0,0,0,0,0,0,0
2026-04-03 20:52:03.103,105.562,-2,-10,-12,-13.36,0,0,0,0,0,0,0,0
2026-04-03 20:52:03.184,105.643,-2,-9,-12,-80.04,0,0,0,0,0,0,0,0
2026-04-03 20:52:03.231,105.690,-2,-10,-9,-61.12,0,0,0,0,0,0,0,0
2026-04-03 20:52:03.328,105.787,-2,-10,-12,-16.75,0,0,0,0,0,0,0,0
2026-04-03 20:52:03.407,105.866,-2,-10,-12,-13.42,0,0,0,0,0,0,0,0
2026-04-03 20:52:03.488,105.947,-3,-10,-9,-38.3,0,0,0,0,0,0,0,0
2026-04-03 20:52:03.584,106.043,-2,-10,-9,-38.15,0,0,0,0,0,0,0,0
2026-04-03 20:52:03.680,106.139,-2,-10,-9,-48.07,0,0,0,0,0,0,0,0
2026-04-03 20:52:03.728,106.187,-2,-10,-12,-53.38,0,0,0,0,0,0,0,0
2026-04-03 20:52:03.792,106.251,-2,-10,-12,-52.73,0,0,0,0,0,0,0,0
2026-04-03 20:52:03.888,106.347,-2,-10,-12,-120.8,0,0,0,0,0,0,0,0
2026-04-03 20:52:03.952,106.411,-2,-10,-9,-11.83,0,0,0,0,0,0,0,0
2026-04-03 20:52:04.031,106.490,-2,-10,-12,-28.5,0,0,0,0,0,0,0,0
2026-04-03 20:52:04.128,106.587,-2,-10,-12,-18.94,0,0,0,0,0,0,0,0
2026-04-03 20:52:04.224,106.683,-2,-10,-12,-63.09,0,0,0,0,0,0,0,0
2026-04-03 20:52:04.287,106.746,-2,-10,-12,-90.56,0,0,0,0,0,0,0,0
2026-04-03 20:52:04.352,106.811,-2,-10,-12,-13.63,0,0,0,0,0,0,0,0
2026-04-03 20:52:04.416,106.875,-2,-10,-12,-80.73,0,0,0,0,0,0,0,0
2026-04-03 20:52:04.479,106.938,-2,-10,-12,-101.27,0,0,0,0,0,0,0,0
2026-04-03 20:52:04.544,107.002,-2,-9,-12,-80.67,0,0,0,0,0,0,0,0
2026-04-03 20:52:04.639,107.098,-2,-10,-12,-94.64,0,0,0,0,0,0,0,0
2026-04-03 20:52:04.736,107.194,-2,-10,-12,-55.8,0,0,0,0,0,0,0,0
2026-04-03 20:52:04.816,107.275,-2,-10,-12,-111.95,0,0,0,0,0,0,0,0
2026-04-03 20:52:04.911,107.370,-2,-9,-12,-11.89,0,0,0,0,0,0,0,0
2026-04-03 20:52:05.039,107.498,-2,-10,-12,-19.87,0,0,0,0,0,0,0,0
2026-04-03 20:52:05.151,107.610,-2,-10,-11,-22.96,0,0,0,0,0,0,0,0
2026-04-03 20:52:05.183,107.642,-2,-10,-12,-74.53,0,0,0,0,0,0,0,0
2026-04-03 20:52:05.280,107.739,-2,-9,-12,-76.06,0,0,0,0,0,0,0,0
2026-04-03 20:52:05.311,107.770,-2,-10,-9,-74.82,0,0,0,0,0,0,0,0
2026-04-03 20:52:05.424,107.883,-2,-9,-11,-33.07,0,0,0,0,0,0,0,0
2026-04-03 20:52:05.487,107.946,-2,-10,-11,-105.83,0,0,0,0,0,0,0,0
2026-04-03 20:52:05.632,108.091,-2,-10,-12,-78.92,0,0,0,0,0,0,0,0
2026-04-03 20:52:05.663,108.122,-2,-10,-12,-48.72,0,0,0,0,0,0,0,0
2026-04-03 20:52:05.728,108.187,-2,-9,-12,-55.5,0,0,0,0,0,0,0,0
2026-04-03 20:52:05.855,108.314,-2,-10,-12,-29.76,0,0,0,0,0,0,0,0
2026-04-03 20:52:05.888,108.347,-2,-9,-12,-114.88,0,0,0,0,0,0,0,0
2026-04-03 20:52:05.983,108.442,-2,-10,-12,-14.94,0,0,0,0,0,0,0,0
2026-04-03 20:52:06.128,108.587,-2,-9,-11,-31.78,0,0,0,0,0,0,0,0
2026-04-03 20:52:06.160,108.619,-2,-9,-12,-17.67,0,0,0,0,0,0,0,0
2026-04-03 20:52:06.255,108.714,-2,-9,-12,-87.81,0,0,0,0,0,0,0,0
2026-04-03 20:52:06.319,108.778,-2,-10,-12,-50.94,0,0,0,0,0,0,0,0
2026-04-03 20:52:06.480,108.939,-2,-10,-12,-60.59,0,0,0,0,0,0,0,0
2026-04-03 20:52:06.512,108.971,-2,-10,-9,-16.59,0,0,0,0,0,0,0,0
2026-04-03 20:52:06.639,109.098,-1,-10,-9,-73.34,0,0,0,0,0,0,0,0
2026-04-03 20:52:06.671,109.130,-3,-10,-9,-61.19,0,0,0,0,0,0,0,0
2026-04-03 20:52:06.752,109.210,-2,-10,-9,-70.49,0,0,0,0,0,0,0,0
2026-04-03 20:52:06.847,109.306,-2,-10,-11,-38.57,0,0,0,0,0,0,0,0
2026-04-03 20:52:06.927,109.386,-2,-10,-12,-32.39,0,0,0,0,0,0,0,0
2026-04-03 20:52:07.007,109.466,-2,-10,-12,-14.34,0,0,0,0,0,0,0,0
2026-04-03 20:52:07.103,109.562,-2,-10,-12,-39.66,0,0,0,0,0,0,0,0
2026-04-03 20:52:07.183,109.642,-2,-10,-12,-79.57,0,0,0,0,0,0,0,0
2026-04-03 20:52:07.295,109.754,-2,-10,-12,-68.9,0,0,0,0,0,0,0,0
2026-04-03 20:52:07.328,109.786,-2,-10,-12,-60.6,0,0,0,0,0,0,0,0
2026-04-03 20:52:07.375,109.834,-2,-10,-11,-13.55,0,0,0,0,0,0,0,0
2026-04-03 20:52:07.472,109.930,-2,-10,-12,-81.83,0,0,0,0,0,0,0,0
2026-04-03 20:52:07.535,109.994,-2,-10,-12,-115.58,0,0,0,0,0,0,0,0
2026-04-03 20:52:07.615,110.074,-2,-10,-11,-34.55,0,0,0,0,0,0,0,0
2026-04-03 20:52:07.695,110.154,-2,-10,-12,-81.78,0,0,0,0,0,0,0,0
2026-04-03 20:52:07.711,110.170,-2,-10,-12,-85.24,0,0,0,0,0,0,0,0
2026-04-03 20:52:07.823,110.282,-2,-10,-9,-18.86,0,0,0,0,0,0,0,0
2026-04-03 20:52:07.919,110.378,-2,-10,-12,-32.63,0,0,0,0,0,0,0,0
2026-04-03 20:52:07.951,110.410,-2,-10,-12,-18.87,0,0,0,0,0,0,0,0
2026-04-03 20:52:08.000,110.458,-2,-9,-9,-36.38,0,0,0,0,0,0,0,0
2026-04-03 20:52:08.079,110.538,-2,-9,-9,-91.13,0,0,0,0,0,0,0,0
2026-04-03 20:52:08.159,110.618,-2,-10,-9,-16.31,0,0,0,0,0,0,0,0
2026-04-03 20:52:08.239,110.698,-2,-10,-12,-102.6,0,0,0,0,0,0,0,0
2026-04-03 20:52:08.303,110.762,-1,-10,-12,-62.74,0,0,0,0,0,0,0,0
2026-04-03 20:52:08.399,110.858,-2,-10,-9,-27.65,0,0,0,0,0,0,0,0
2026-04-03 20:52:08.479,110.938,-2,-10,-12,-61.73,0,0,0,0,0,0,0,0
2026-04-03 20:52:08.543,111.002,-2,-10,-12,-57.61,0,0,0,0,0,0,0,0
2026-04-03 20:52:08.687,111.146,-2,-10,-11,-62.62,0,0,0,0,0,0,0,0
2026-04-03 20:52:08.735,111.194,-2,-10,-9,-15.98,0,0,0,0,0,0,0,0
2026-04-03 20:52:08.832,111.291,-2,-10,-12,-31.36,0,0,0,0,0,0,0,0
2026-04-03 20:52:08.943,111.402,-2,-10,-12,-29.62,0,0,0,0,0,0,0,0
2026-04-03 20:52:09.007,111.466,-2,-10,-9,-103.46,0,0,0,0,0,0,0,0
2026-04-03 20:52:09.087,111.546,-2,-10,-12,-22.48,0,0,0,0,0,0,0,0
2026-04-03 20:52:09.167,111.626,-2,-9,-12,-105.22,0,0,0,0,0,0,0,0
2026-04-03 20:52:09.231,111.690,-2,-9,-12,-24.81,0,0,0,0,0,0,0,0
2026-04-03 20:52:09.359,111.818,-2,-10,-11,-41.47,0,0,0,0,0,0,0,0
2026-04-03 20:52:09.439,111.898,-2,-10,-12,-74.6,0,0,0,0,0,0,0,0
2026-04-03 20:52:09.519,111.978,-2,-9,-12,-23.11,0,0,0,0,0,0,0,0
2026-04-03 20:52:09.631,112.090,-2,-10,-9,-71.55,0,0,0,0,0,0,0,0
2026-04-03 20:52:09.695,112.154,-2,-10,-9,-19.52,0,0,0,0,0,0,0,0
2026-04-03 20:52:09.759,112.218,-2,-10,-11,-17.01,0,0,0,0,0,0,0,0
2026-04-03 20:52:09.855,112.314,-2,-10,-9,-29.97,0,0,0,0,0,0,0,0
2026-04-03 20:52:09.919,112.378,-2,-10,-9,-72.28,0,0,0,0,0,0,0,0
2026-04-03 20:52:10.016,112.474,-2,-9,-12,-62.09,0,0,0,0,0,0,0,0
2026-04-03 20:52:10.112,112.570,-2,-10,-9,-70.83,0,0,0,0,0,0,0,0
2026-04-03 20:52:10.145,112.603,-2,-10,-11,-17.57,0,0,0,0,0,0,0,0
2026-04-03 20:52:10.223,112.682,-2,-9,-9,-99.81,0,0,0,0,0,0,0,0
2026-04-03 20:52:10.335,112.794,-2,-9,-12,-92.46,0,0,0,0,0,0,0,0
2026-04-03 20:52:10.447,112.906,-2,-9,-9,-24.27,0,0,0,0,0,0,0,0
2026-04-03 20:52:10.495,112.954,-2,-10,-9,-74.14,0,0,0,0,0,0,0,0
2026-04-03 20:52:10.575,113.034,-2,-9,-9,-18.14,0,0,0,0,0,0,0,0
2026-04-03 20:52:10.671,113.130,-2,-9,-10,-58.13,0,0,0,0,0,0,0,0
2026-04-03 20:52:10.735,113.194,-2,-10,-9,-13.94,0,0,0,0,0,0,0,0
2026-04-03 20:52:10.863,113.322,-2,-10,-12,-22.87,0,0,0,0,0,0,0,0
2026-04-03 20:52:10.895,113.354,-2,-10,-12,-19.63,0,0,0,0,0,0,0,0
2026-04-03 20:52:11.055,113.514,-2,-10,-11,-36.44,0,0,0,0,0,0,0,0
2026-04-03 20:52:11.183,113.642,-2,-10,-12,-27.98,0,0,0,0,0,0,0,0
2026-04-03 20:52:11.247,113.706,-2,-10,-9,-17.63,0,0,0,0,0,0,0,0
2026-04-03 20:52:11.295,113.754,-2,-10,-12,-28.91,0,0,0,0,0,0,0,0
2026-04-03 20:52:11.375,113.834,-2,-10,-12,-94.35,0,0,0,0,0,0,0,0
2026-04-03 20:52:11.439,113.898,-2,-10,-12,-55.68,0,0,0,0,0,0,0,0
2026-04-03 20:52:11.519,113.978,-2,-10,-9,-45.46,0,0,0,0,0,0,0,0
2026-04-03 20:52:11.648,114.106,-1,-9,-12,-106.26,0,0,0,0,0,0,0,0
2026-04-03 20:52:11.775,114.234,-2,-10,-12,-43.36,0,0,0,0,0,0,0,0
2026-04-03 20:52:11.807,114.266,-2,-9,-11,-13.7,0,0,0,0,0,0,0,0
2026-04-03 20:52:11.887,114.346,-2,-9,-12,-25.21,0,0,0,0,0,0,0,0
2026-04-03 20:52:11.935,114.394,-2,-10,-9,-25.4,0,0,0,0,0,0,0,0
2026-04-03 20:52:12.063,114.522,-2,-10,-9,-57.74,0,0,0,0,0,0,0,0
2026-04-03 20:52:12.095,114.554,-2,-10,-12,-60.12,0,0,0,0,0,0,0,0
2026-04-03 20:52:12.256,114.714,-2,-9,-8,-17.05,0,0,0,0,0,0,0,0
2026-04-03 20:52:12.256,114.715,-2,-10,-9,-75.06,0,0,0,0,0,0,0,0
2026-04-03 20:52:12.335,114.794,-2,-10,-12,-146.64,0,0,0,0,0,0,0,0
2026-04-03 20:52:12.447,114.905,-2,-10,-9,-79.59,0,0,0,0,0,0,0,0
2026-04-03 20:52:12.527,114.986,-2,-10,-12,-76.77,0,0,0,0,0,0,0,0
2026-04-03 20:52:12.591,115.050,-2,-10,-9,-35.86,0,0,0,0,0,0,0,0
2026-04-03 20:52:12.815,115.274,-2,-10,-9,-16.92,0,0,0,0,0,0,0,0
2026-04-03 20:52:12.911,115.369,-2,-10,-12,-29.7,0,0,0,0,0,0,0,0
2026-04-03 20:52:12.959,115.418,-2,-10,-9,-28.97,0,0,0,0,0,0,0,0
2026-04-03 20:52:13.055,115.514,-2,-9,-12,-53.72,0,0,0,0,0,0,0,0
2026-04-03 20:52:13.135,115.594,-2,-9,-12,-45.13,0,0,0,0,0,0,0,0
2026-04-03 20:52:13.167,115.626,-2,-10,-12,-42.84,0,0,0,0,0,0,0,0
2026-04-03 20:52:13.279,115.738,-2,-10,-11,-22.76,0,0,0,0,0,0,0,0
2026-04-03 20:52:13.359,115.818,-2,-10,-12,-81.92,0,0,0,0,0,0,0,0
2026-04-03 20:52:13.391,115.850,-2,-9,-11,-113.64,0,0,0,0,0,0,0,0
2026-04-03 20:52:13.471,115.930,-2,-10,-9,-71.56,0,0,0,0,0,0,0,0
2026-04-03 20:52:13.567,116.026,-2,-10,-9,-58.5,0,0,0,0,0,0,0,0
2026-04-03 20:52:13.647,116.106,-2,-10,-12,-47.4,0,0,0,0,0,0,0,0
2026-04-03 20:52:13.711,116.170,-2,-10,-11,-114.51,0,0,0,0,0,0,0,0
2026-04-03 20:52:13.793,116.252,-2,-9,-9,-16.71,0,0,0,0,0,0,0,0
2026-04-03 20:52:13.887,116.346,-2,-10,-9,-27.06,0,0,0,0,0,0,0,0
2026-04-03 20:52:13.999,116.457,-2,-10,-10,-34.81,0,0,0,0,0,0,0,0
2026-04-03 20:52:14.015,116.473,-2,-10,-12,-49.13,0,0,0,0,0,0,0,0
2026-04-03 20:52:14.111,116.569,-2,-9,-9,-99.37,0,0,0,0,0,0,0,0
2026-04-03 20:52:14.191,116.650,-2,-9,-12,-11.41,0,0,0,0,0,0,0,0
2026-04-03 20:52:14.271,116.730,-2,-9,-12,-88.86,0,0,0,0,0,0,0,0
2026-04-03 20:52:14.319,116.777,-2,-10,-12,-108.58,0,0,0,0,0,0,0,0
2026-04-03 20:52:14.415,116.873,-2,-10,-11,-71.19,0,0,0,0,0,0,0,0
2026-04-03 20:52:14.463,116.921,-1,-9,-12,-78.23,0,0,0,0,0,0,0,0
2026-04-03 20:52:14.575,117.034,-2,-10,-9,-20.32,0,0,0,0,0,0,0,0
2026-04-03 20:52:14.671,117.129,-1,-10,-12,-89.51,0,0,0,0,0,0,0,0
2026-04-03 20:52:14.799,117.258,-2,-10,-9,-11.89,0,0,0,0,0,0,0,0
2026-04-03 20:52:14.863,117.321,-2,-10,-11,-12.59,0,0,0,0,0,0,0,0
2026-04-03 20:52:14.959,117.418,-2,-10,-12,-25.56,0,0,0,0,0,0,0,0
2026-04-03 20:52:15.023,117.482,-2,-10,-12,-70.52,0,0,0,0,0,0,0,0
2026-04-03 20:52:15.135,117.593,-2,-10,-9,-62.29,0,0,0,0,0,0,0,0
2026-04-03 20:52:15.151,117.609,-2,-9,-12,-79.11,0,0,0,0,0,0,0,0
2026-04-03 20:52:15.263,117.721,-2,-9,-9,-20.47,0,0,0,0,0,0,0,0
2026-04-03 20:52:15.327,117.785,-2,-10,-12,-83.27,0,0,0,0,0,0,0,0
2026-04-03 20:52:15.471,117.930,-1,-10,-9,-148.6,0,0,0,0,0,0,0,0
2026-04-03 20:52:15.535,117.994,-2,-9,-9,-36.13,0,0,0,0,0,0,0,0
2026-04-03 20:52:15.584,118.043,-2,-10,-12,-22.9,0,0,0,0,0,0,0,0
2026-04-03 20:52:15.647,118.106,-2,-10,-9,-45.6,0,0,0,0,0,0,0,0
2026-04-03 20:52:15.759,118.218,-2,-9,-8,-102.65,0,0,0,0,0,0,0,0
2026-04-03 20:52:15.855,118.314,-3,-10,-9,-19.46,0,0,0,0,0,0,0,0
2026-04-03 20:52:15.935,118.393,-2,-10,-12,-30.21,0,0,0,0,0,0,0,0
2026-04-03 20:52:15.983,118.442,-2,-10,-12,-28.48,0,0,0,0,0,0,0,0
2026-04-03 20:52:16.095,118.554,-2,-10,-9,-13.04,0,0,0,0,0,0,0,0
2026-04-03 20:52:16.191,118.650,-2,-10,-11,-64.93,0,0,0,0,0,0,0,0
2026-04-03 20:52:16.271,118.730,-2,-10,-12,-42.32,0,0,0,0,0,0,0,0
2026-04-03 20:52:16.319,118.778,-2,-10,-9,-32.19,0,0,0,0,0,0,0,0
2026-04-03 20:52:16.399,118.857,-2,-10,-9,-48.99,0,0,0,0,0,0,0,0
2026-04-03 20:52:16.527,118.986,-2,-10,-12,-122.7,0,0,0,0,0,0,0,0
2026-04-03 20:52:16.543,119.002,-2,-9,-12,-69.86,0,0,0,0,0,0,0,0
2026-04-03 20:52:16.623,119.081,-2,-10,-12,-23.77,0,0,0,0,0,0,0,0
2026-04-03 20:52:16.703,119.162,-2,-9,-12,-53.97,0,0,0,0,0,0,0,0
2026-04-03 20:52:16.767,119.225,-2,-10,-12,-103.05,0,0,0,0,0,0,0,0
2026-04-03 20:52:16.862,119.321,-2,-9,-9,-15.74,0,0,0,0,0,0,0,0
2026-04-03 20:52:16.927,119.386,-2,-10,-12,-27.62,0,0,0,0,0,0,0,0
2026-04-03 20:52:17.023,119.481,-2,-10,-9,-12.39,0,0,0,0,0,0,0,0
2026-04-03 20:52:17.087,119.545,-2,-10,-9,-39.62,0,0,0,0,0,0,0,0
2026-04-03 20:52:17.151,119.609,-2,-10,-11,-45.79,0,0,0,0,0,0,0,0
2026-04-03 20:52:17.215,119.673,-2,-10,-11,-16.99,0,0,0,0,0,0,0,0
2026-04-03 20:52:17.311,119.769,-2,-9,-9,-50.21,0,0,0,0,0,0,0,0
2026-04-03 20:52:17.343,119.802,-2,-10,-12,-74.77,0,0,0,0,0,0,0,0
2026-04-03 20:52:17.439,119.898,-2,-10,-12,-24.15,0,0,0,0,0,0,0,0
2026-04-03 20:52:17.567,120.025,-2,-10,-12,-64.24,0,0,0,0,0,0,0,0
2026-04-03 20:52:17.599,120.057,-2,-10,-12,-68.27,0,0,0,0,0,0,0,0
2026-04-03 20:52:17.775,120.234,-2,-10,-12,-12.79,0,0,0,0,0,0,0,0
2026-04-03 20:52:17.934,120.393,-2,-10,-9,-29.92,0,0,0,0,0,0,0,0
2026-04-03 20:52:18.031,120.490,-2,-10,-8,-45.97,0,0,0,0,0,0,0,0
2026-04-03 20:52:18.111,120.569,-2,-9,-12,-65.84,0,0,0,0,0,0,0,0
2026-04-03 20:52:18.143,120.602,-2,-9,-12,-17.65,0,0,0,0,0,0,0,0
2026-04-03 20:52:18.239,120.698,-2,-10,-12,-107.65,0,0,0,0,0,0,0,0
2026-04-03 20:52:18.335,120.794,-2,-10,-12,-74.87,0,0,0,0,0,0,0,0
2026-04-03 20:52:18.447,120.906,-2,-9,-12,-77.91,0,0,0,0,0,0,0,0
2026-04-03 20:52:18.543,121.002,-2,-9,-11,-22.14,0,0,0,0,0,0,0,0
2026-04-03 20:52:18.607,121.065,-2,-9,-9,-15.67,0,0,0,0,0,0,0,0
2026-04-03 20:52:18.671,121.129,-2,-9,-12,-56.75,0,0,0,0,0,0,0,0
2026-04-03 20:52:18.735,121.194,-1,-9,-12,-28.92,0,0,0,0,0,0,0,0
2026-04-03 20:52:18.815,121.274,-2,-10,-9,-31.94,0,0,0,0,0,0,0,0
2026-04-03 20:52:18.911,121.370,-2,-10,-12,-33.61,0,0,0,0,0,0,0,0
2026-04-03 20:52:18.943,121.401,-2,-10,-12,-96.02,0,0,0,0,0,0,0,0
2026-04-03 20:52:19.007,121.465,-2,-10,-11,-97.55,0,0,0,0,0,0,0,0
2026-04-03 20:52:19.070,121.529,-2,-10,-12,-25.16,0,0,0,0,0,0,0,0
2026-04-03 20:52:19.150,121.609,-2,-10,-12,-92.8,0,0,0,0,0,0,0,0
2026-04-03 20:52:19.263,121.722,-2,-10,-12,-80.4,0,0,0,0,0,0,0,0
2026-04-03 20:52:19.358,121.817,-2,-10,-12,-71.68,0,0,0,0,0,0,0,0
2026-04-03 20:52:19.374,121.833,-2,-10,-11,-59.93,0,0,0,0,0,0,0,0
2026-04-03 20:52:19.471,121.930,-2,-10,-12,-56.85,0,0,0,0,0,0,0,0
2026-04-03 20:52:19.566,122.025,-2,-10,-9,-82.76,0,0,0,0,0,0,0,0
2026-04-03 20:52:19.631,122.090,-2,-10,-12,-9.84,0,0,0,0,0,0,0,0
2026-04-03 20:52:19.759,122.218,-2,-10,-12,-16.86,0,0,0,0,0,0,0,0
2026-04-03 20:52:19.775,122.234,-2,-10,-12,-29.29,0,0,0,0,0,0,0,0
2026-04-03 20:52:19.854,122.313,-2,-10,-12,-85.01,0,0,0,0,0,0,0,0
2026-04-03 20:52:19.934,122.393,-2,-10,-12,-39.68,0,0,0,0,0,0,0,0
2026-04-03 20:52:20.031,122.490,-1,-9,-12,-63.7,0,0,0,0,0,0,0,0
2026-04-03 20:52:20.094,122.553,-2,-10,-11,-85.74,0,0,0,0,0,0,0,0
2026-04-03 20:52:20.190,122.649,-2,-10,-11,-102.56,0,0,0,0,0,0,0,0
2026-04-03 20:52:20.255,122.714,-2,-10,-12,-60.58,0,0,0,0,0,0,0,0
2026-04-03 20:52:20.319,122.778,-2,-10,-11,-29.27,0,0,0,0,0,0,0,0
2026-04-03 20:52:20.431,122.889,-2,-10,-9,-18.23,0,0,0,0,0,0,0,0
2026-04-03 20:52:20.526,122.985,-2,-10,-12,-54.8,0,0,0,0,0,0,0,0
2026-04-03 20:52:20.639,123.097,-2,-10,-12,-42.1,0,0,0,0,0,0,0,0
2026-04-03 20:52:20.654,123.113,-2,-10,-12,-17.04,0,0,0,0,0,0,0,0
2026-04-03 20:52:20.751,123.210,-2,-10,-11,-26.18,0,0,0,0,0,0,0,0
2026-04-03 20:52:20.847,123.306,-2,-10,-12,-71.36,0,0,0,0,0,0,0,0
2026-04-03 20:52:20.943,123.402,-2,-10,-9,-30.24,0,0,0,0,0,0,0,0
2026-04-03 20:52:21.039,123.498,-2,-10,-11,-96.7,0,0,0,0,0,0,0,0
2026-04-03 20:52:21.086,123.545,-2,-10,-12,-15.59,0,0,0,0,0,0,0,0
2026-04-03 20:52:21.199,123.658,-2,-10,-11,-83.14,0,0,0,0,0,0,0,0
2026-04-03 20:52:21.279,123.738,-2,-10,-12,-61.47,0,0,0,0,0,0,0,0
2026-04-03 20:52:21.359,123.818,-2,-10,-9,-91.34,0,0,0,0,0,0,0,0
2026-04-03 20:52:21.422,123.881,-2,-9,-12,-36.44,0,0,0,0,0,0,0,0
2026-04-03 20:52:21.487,123.946,-2,-10,-12,-73.6,0,0,0,0,0,0,0,0
2026-04-03 20:52:21.567,124.026,-2,-10,-12,-106.75,0,0,0,0,0,0,0,0
2026-04-03 20:52:21.694,124.153,-2,-10,-12,-15.56,0,0,0,0,0,0,0,0
2026-04-03 20:52:21.775,124.234,-2,-9,-12,-15.06,0,0,0,0,0,0,0,0
2026-04-03 20:52:21.854,124.313,-2,-10,-9,-28.08,0,0,0,0,0,0,0,0
2026-04-03 20:52:21.871,124.330,-2,-10,-12,-123.73,0,0,0,0,0,0,0,0
2026-04-03 20:52:21.950,124.409,-2,-10,-12,-93.38,0,0,0,0,0,0,0,0
2026-04-03 20:52:22.062,124.521,-2,-10,-12,-67.9,0,0,0,0,0,0,0,0
2026-04-03 20:52:22.175,124.634,-2,-10,-12,-33.7,0,0,0,0,0,0,0,0
2026-04-03 20:52:22.190,124.649,-2,-10,-9,-93.29,0,0,0,0,0,0,0,0
2026-04-03 20:52:22.287,124.746,-2,-10,-12,-102.3,0,0,0,0,0,0,0,0
2026-04-03 20:52:22.399,124.858,-2,-10,-12,-30.67,0,0,0,0,0,0,0,0
2026-04-03 20:52:22.462,124.921,-2,-10,-9,-73.97,0,0,0,0,0,0,0,0
2026-04-03 20:52:22.527,124.986,-2,-10,-12,-62.59,0,0,0,0,0,0,0,0
2026-04-03 20:52:22.590,125.049,-2,-9,-12,-31.33,0,0,0,0,0,0,0,0
2026-04-03 20:52:22.655,125.114,-2,-9,-11,-19.06,0,0,0,0,0,0,0,0
2026-04-03 20:52:22.767,125.226,-2,-9,-12,-30.35,0,0,0,0,0,0,0,0
2026-04-03 20:52:22.831,125.290,-2,-10,-11,-64.26,0,0,0,0,0,0,0,0
2026-04-03 20:52:22.910,125.369,-2,-10,-9,-75.12,0,0,0,0,0,0,0,0
2026-04-03 20:52:23.007,125.466,-2,-9,-9,-96.91,0,0,0,0,0,0,0,0
2026-04-03 20:52:23.087,125.546,-2,-10,-12,-13.83,0,0,0,0,0,0,0,0
2026-04-03 20:52:23.166,125.625,-2,-10,-12,-17.38,0,0,0,0,0,0,0,0
2026-04-03 20:52:23.247,125.706,-2,-10,-9,-138.91,0,0,0,0,0,0,0,0
2026-04-03 20:52:23.342,125.801,-2,-10,-12,-39.41,0,0,0,0,0,0,0,0
2026-04-03 20:52:23.374,125.833,-2,-10,-12,-46.57,0,0,0,0,0,0,0,0
2026-04-03 20:52:23.502,125.961,-2,-10,-11,-31.04,0,0,0,0,0,0,0,0
2026-04-03 20:52:23.550,126.009,-2,-10,-12,-100.95,0,0,0,0,0,0,0,0
2026-04-03 20:52:23.679,126.138,-2,-10,-9,-20.01,0,0,0,0,0,0,0,0
2026-04-03 20:52:23.710,126.169,-2,-10,-9,-27.48,0,0,0,0,0,0,0,0
2026-04-03 20:52:23.823,126.282,-2,-10,-12,-14.82,0,0,0,0,0,0,0,0
2026-04-03 20:52:23.886,126.345,-2,-9,-9,-112.38,0,0,0,0,0,0,0,0
2026-04-03 20:52:23.935,126.393,-2,-10,-9,-77.09,0,0,0,0,0,0,0,0
2026-04-03 20:52:24.015,126.474,-2,-10,-9,-15.63,0,0,0,0,0,0,0,0
2026-04-03 20:52:24.142,126.601,-2,-10,-12,-8.92,0,0,0,0,0,0,0,0
2026-04-03 20:52:24.206,126.665,-2,-10,-9,-82.17,0,0,0,0,0,0,0,0
2026-04-03 20:52:24.351,126.810,-2,-10,-11,-14.46,0,0,0,0,0,0,0,0
2026-04-03 20:52:24.511,126.970,-2,-9,-12,-75.84,0,0,0,0,0,0,0,0
2026-04-03 20:52:24.542,127.001,-2,-10,-12,-87.11,0,0,0,0,0,0,0,0
2026-04-03 20:52:24.606,127.065,-2,-10,-9,-89.1,0,0,0,0,0,0,0,0
2026-04-03 20:52:24.718,127.177,-2,-10,-12,-11.37,0,0,0,0,0,0,0,0
2026-04-03 20:52:24.751,127.209,-2,-9,-9,-33.31,0,0,0,0,0,0,0,0
2026-04-03 20:52:24.847,127.306,-2,-10,-9,-36.4,0,0,0,0,0,0,0,0
2026-04-03 20:52:24.911,127.370,-2,-10,-12,-57.5,0,0,0,0,0,0,0,0
2026-04-03 20:52:24.990,127.449,-2,-10,-12,-66.49,0,0,0,0,0,0,0,0
2026-04-03 20:52:25.119,127.577,-2,-10,-9,-39.68,0,0,0,0,0,0,0,0
2026-04-03 20:52:25.150,127.609,-2,-10,-9,-84.04,0,0,0,0,0,0,0,0
2026-04-03 20:52:25.247,127.706,-2,-10,-11,-146.81,0,0,0,0,0,0,0,0
2026-04-03 20:52:25.310,127.769,-2,-10,-9,-75.36,0,0,0,0,0,0,0,0
2026-04-03 20:52:25.374,127.833,-2,-9,-12,-65.69,0,0,0,0,0,0,0,0
2026-04-03 20:52:25.455,127.913,-2,-10,-9,-42.15,0,0,0,0,0,0,0,0
2026-04-03 20:52:25.583,128.042,-2,-10,-9,-104.48,0,0,0,0,0,0,0,0
2026-04-03 20:52:25.630,128.089,-2,-10,-9,-19.95,0,0,0,0,0,0,0,0
2026-04-03 20:52:25.727,128.186,-2,-10,-12,-41.91,0,0,0,0,0,0,0,0
2026-04-03 20:52:25.790,128.249,-2,-9,-12,-25.59,0,0,0,0,0,0,0,0
2026-04-03 20:52:25.918,128.377,-2,-10,-12,-79.98,0,0,0,0,0,0,0,0
2026-04-03 20:52:25.934,128.393,-2,-10,-10,-100.95,0,0,0,0,0,0,0,0
2026-04-03 20:52:26.046,128.505,-2,-9,-12,-71.0,0,0,0,0,0,0,0,0
2026-04-03 20:52:26.110,128.569,-2,-10,-12,-16.51,0,0,0,0,0,0,0,0
2026-04-03 20:52:26.190,128.649,-2,-10,-12,-113.3,0,0,0,0,0,0,0,0
2026-04-03 20:52:26.286,128.745,-2,-9,-12,-78.53,0,0,0,0,0,0,0,0
2026-04-03 20:52:26.351,128.809,-2,-10,-12,-34.68,0,0,0,0,0,0,0,0
2026-04-03 20:52:26.447,128.905,-2,-9,-9,-29.7,0,0,0,0,0,0,0,0
2026-04-03 20:52:26.574,129.033,-1,-10,-12,-47.0,0,0,0,0,0,0,0,0
2026-04-03 20:52:26.574,129.033,-2,-9,-12,-59.09,0,0,0,0,0,0,0,0
2026-04-03 20:52:26.655,129.113,-2,-10,-9,-26.36,0,0,0,0,0,0,0,0
2026-04-03 20:52:26.734,129.193,-2,-10,-11,-28.91,0,0,0,0,0,0,0,0
2026-04-03 20:52:26.799,129.257,-2,-9,-12,-66.71,0,0,0,0,0,0,0,0
2026-04-03 20:52:26.895,129.354,-2,-9,-12,-41.27,0,0,0,0,0,0,0,0
2026-04-03 20:52:26.990,129.449,-2,-10,-11,-75.92,0,0,0,0,0,0,0,0
2026-04-03 20:52:27.086,129.545,-2,-10,-9,-24.32,0,0,0,0,0,0,0,0
2026-04-03 20:52:27.198,129.657,-2,-10,-9,-83.6,0,0,0,0,0,0,0,0
2026-04-03 20:52:27.230,129.689,-2,-10,-9,-89.12,0,0,0,0,0,0,0,0
2026-04-03 20:52:27.295,129.753,-2,-9,-11,-73.14,0,0,0,0,0,0,0,0
2026-04-03 20:52:27.374,129.833,-2,-10,-12,-67.8,0,0,0,0,0,0,0,0
2026-04-03 20:52:27.502,129.961,-2,-9,-9,-21.01,0,0,0,0,0,0,0,0
2026-04-03 20:52:27.598,130.057,-2,-10,-12,-91.83,0,0,0,0,0,0,0,0
2026-04-03 20:52:27.646,130.105,-2,-9,-9,-18.74,0,0,0,0,0,0,0,0
2026-04-03 20:52:27.759,130.217,-2,-10,-9,-12.93,0,0,0,0,0,0,0,0
2026-04-03 20:52:27.871,130.329,-2,-10,-12,-27.72,0,0,0,0,0,0,0,0
2026-04-03 20:52:27.918,130.377,-2,-10,-9,-26.84,0,0,0,0,0,0,0,0
2026-04-03 20:52:27.951,130.409,-2,-10,-9,-79.1,0,0,0,0,0,0,0,0
2026-04-03 20:52:28.063,130.521,-2,-9,-12,-138.08,0,0,0,0,0,0,0,0
2026-04-03 20:52:28.142,130.601,-2,-10,-9,-16.05,0,0,0,0,0,0,0,0
2026-04-03 20:52:28.190,130.649,-2,-9,-12,-67.24,0,0,0,0,0,0,0,0
2026-04-03 20:52:28.302,130.761,0,-10,-9,-85.44,0,0,0,0,0,0,0,0
2026-04-03 20:52:28.350,130.809,-2,-10,-12,-30.2,0,0,0,0,0,0,0,0
2026-04-03 20:52:28.462,130.921,-2,-10,-9,-28.32,0,0,0,0,0,0,0,0
2026-04-03 20:52:28.574,131.033,-2,-10,-9,-51.91,0,0,0,0,0,0,0,0
2026-04-03 20:52:28.622,131.081,-2,-10,-11,-98.56,0,0,0,0,0,0,0,0
2026-04-03 20:52:28.702,131.161,-2,-10,-9,-27.09,0,0,0,0,0,0,0,0
2026-04-03 20:52:28.782,131.241,-2,-10,-9,-32.4,0,0,0,0,0,0,0,0
2026-04-03 20:52:28.862,131.321,-2,-9,-12,-8.52,0,0,0,0,0,0,0,0
2026-04-03 20:52:28.991,131.449,-2,-10,-12,-69.92,0,0,0,0,0,0,0,0
2026-04-03 20:52:29.054,131.513,-2,-9,-12,-34.24,0,0,0,0,0,0,0,0
2026-04-03 20:52:29.102,131.561,-2,-10,-9,-63.46,0,0,0,0,0,0,0,0
2026-04-03 20:52:29.166,131.625,-2,-10,-9,-19.69,0,0,0,0,0,0,0,0
2026-04-03 20:52:29.278,131.737,-2,-9,-9,-84.5,0,0,0,0,0,0,0,0
2026-04-03 20:52:29.342,131.801,-2,-9,-12,-86.23,0,0,0,0,0,0,0,0
2026-04-03 20:52:29.422,131.881,-2,-9,-12,-36.98,0,0,0,0,0,0,0,0
2026-04-03 20:52:29.502,131.961,-2,-10,-9,-49.95,0,0,0,0,0,0,0,0
2026-04-03 20:52:29.550,132.009,-2,-10,-9,-112.29,0,0,0,0,0,0,0,0
2026-04-03 20:52:29.678,132.137,-1,-10,-11,-30.83,0,0,0,0,0,0,0,0
2026-04-03 20:52:29.774,132.233,-2,-10,-12,-15.32,0,0,0,0,0,0,0,0
2026-04-03 20:52:29.822,132.281,-2,-10,-12,-26.13,0,0,0,0,0,0,0,0
2026-04-03 20:52:29.918,132.377,-2,-10,-12,-17.04,0,0,0,0,0,0,0,0
2026-04-03 20:52:30.046,132.505,-2,-10,-12,-56.29,0,0,0,0,0,0,0,0
2026-04-03 20:52:30.110,132.569,-2,-10,-12,-79.43,0,0,0,0,0,0,0,0
2026-04-03 20:52:30.174,132.633,-2,-10,-12,-62.71,0,0,0,0,0,0,0,0
2026-04-03 20:52:30.254,132.713,-2,-10,-12,-14.92,0,0,0,0,0,0,0,0
2026-04-03 20:52:30.302,132.761,-2,-10,-12,-114.05,0,0,0,0,0,0,0,0
2026-04-03 20:52:30.366,132.825,-2,-10,-12,-137.81,0,0,0,0,0,0,0,0
2026-04-03 20:52:30.494,132.953,-2,-9,-12,-45.27,0,0,0,0,0,0,0,0
2026-04-03 20:52:30.558,133.017,-2,-9,-11,-27.19,0,0,0,0,0,0,0,0
2026-04-03 20:52:30.719,133.177,-2,-10,-12,-13.61,0,0,0,0,0,0,0,0
2026-04-03 20:52:30.830,133.289,-1,-10,-12,-26.32,0,0,0,0,0,0,0,0
2026-04-03 20:52:30.910,133.369,-2,-10,-12,-34.75,0,0,0,0,0,0,0,0
2026-04-03 20:52:30.990,133.449,-2,-10,-9,-64.37,0,0,0,0,0,0,0,0
2026-04-03 20:52:31.054,133.513,-2,-10,-12,-37.69,0,0,0,0,0,0,0,0
2026-04-03 20:52:31.150,133.609,-2,-9,-12,-96.7,0,0,0,0,0,0,0,0
2026-04-03 20:52:31.198,133.657,-2,-10,-12,-19.15,0,0,0,0,0,0,0,0
2026-04-03 20:52:31.262,133.721,-2,-11,-9,-77.6,0,0,0,0,0,0,0,0
2026-04-03 20:52:31.390,133.849,-2,-10,-9,-123.2,0,0,0,0,0,0,0,0
2026-04-03 20:52:31.422,133.881,0,-10,-11,-28.08,0,0,0,0,0,0,0,0
2026-04-03 20:52:31.550,134.009,0,-10,-9,-34.97,0,0,0,0,0,0,0,0
2026-04-03 20:52:31.598,134.057,-2,-10,-9,-67.46,0,0,0,0,0,0,0,0
2026-04-03 20:52:31.726,134.185,-2,-10,-12,-15.83,0,0,0,0,0,0,0,0
2026-04-03 20:52:31.758,134.217,-2,-10,-9,-19.26,0,0,0,0,0,0,0,0
2026-04-03 20:52:31.838,134.297,-2,-10,-9,-26.13,0,0,0,0,0,0,0,0
2026-04-03 20:52:31.918,134.377,-2,-9,-9,-26.86,0,0,0,0,0,0,0,0
2026-04-03 20:52:31.998,134.457,-2,-9,-9,-35.01,0,0,0,0,0,0,0,0
2026-04-03 20:52:32.094,134.553,-2,-9,-9,-95.96,0,0,0,0,0,0,0,0
2026-04-03 20:52:32.222,134.681,-2,-10,-9,-37.74,0,0,0,0,0,0,0,0
2026-04-03 20:52:32.238,134.697,-2,-10,-9,-42.17,0,0,0,0,0,0,0,0
2026-04-03 20:52:32.350,134.809,-2,-10,-12,-92.34,0,0,0,0,0,0,0,0
2026-04-03 20:52:32.398,134.857,-2,-10,-11,-109.89,0,0,0,0,0,0,0,0
2026-04-03 20:52:32.526,134.985,-2,-10,-12,-43.96,0,0,0,0,0,0,0,0
2026-04-03 20:52:32.606,135.065,-2,-9,-11,-68.4,0,0,0,0,0,0,0,0
2026-04-03 20:52:32.638,135.097,-2,-10,-9,-75.77,0,0,0,0,0,0,0,0
2026-04-03 20:52:32.734,135.193,-2,-10,-9,-13.96,0,0,0,0,0,0,0,0
2026-04-03 20:52:32.830,135.289,-2,-10,-12,-12.63,0,0,0,0,0,0,0,0
2026-04-03 20:52:32.862,135.320,-2,-9,-9,-27.3,0,0,0,0,0,0,0,0
2026-04-03 20:52:32.990,135.448,-2,-10,-12,-84.16,0,0,0,0,0,0,0,0
2026-04-03 20:52:33.086,135.545,-2,-10,-9,-53.12,0,0,0,0,0,0,0,0
2026-04-03 20:52:33.182,135.641,-2,-9,-12,-108.98,0,0,0,0,0,0,0,0
2026-04-03 20:52:33.231,135.689,-2,-9,-12,-15.37,0,0,0,0,0,0,0,0
2026-04-03 20:52:33.310,135.769,-2,-10,-9,-13.86,0,0,0,0,0,0,0,0
2026-04-03 20:52:33.406,135.865,-2,-10,-9,-94.59,0,0,0,0,0,0,0,0
2026-04-03 20:52:33.502,135.960,-2,-10,-12,-75.19,0,0,0,0,0,0,0,0
2026-04-03 20:52:33.582,136.041,-2,-10,-12,-22.29,0,0,0,0,0,0,0,0
2026-04-03 20:52:33.678,136.137,-2,-9,-10,-61.2,0,0,0,0,0,0,0,0
2026-04-03 20:52:33.726,136.185,-2,-10,-12,-89.6,0,0,0,0,0,0,0,0
2026-04-03 20:52:33.806,136.264,-2,-10,-12,-38.16,0,0,0,0,0,0,0,0
2026-04-03 20:52:33.918,136.377,-2,-10,-9,-17.53,0,0,0,0,0,0,0,0
2026-04-03 20:52:33.950,136.409,-2,-10,-9,-32.68,0,0,0,0,0,0,0,0
2026-04-03 20:52:34.031,136.489,-2,-10,-11,-19.03,0,0,0,0,0,0,0,0
2026-04-03 20:52:34.110,136.569,-2,-10,-12,-38.29,0,0,0,0,0,0,0,0
2026-04-03 20:52:34.206,136.665,-2,-10,-9,-67.88,0,0,0,0,0,0,0,0
2026-04-03 20:52:34.254,136.712,-2,-10,-12,-11.28,0,0,0,0,0,0,0,0
2026-04-03 20:52:34.318,136.777,-2,-10,-9,-75.07,0,0,0,0,0,0,0,0
2026-04-03 20:52:34.366,136.825,-2,-10,-12,-93.19,0,0,0,0,0,0,0,0
2026-04-03 20:52:34.446,136.905,-2,-10,-9,-40.67,0,0,0,0,0,0,0,0
2026-04-03 20:52:34.542,137.000,-2,-9,-9,-21.87,0,0,0,0,0,0,0,0
2026-04-03 20:52:34.606,137.064,-1,-10,-12,-113.96,0,0,0,0,0,0,0,0
2026-04-03 20:52:34.702,137.160,-2,-10,-9,-18.53,0,0,0,0,0,0,0,0
2026-04-03 20:52:34.798,137.256,-2,-10,-12,-19.12,0,0,0,0,0,0,0,0
2026-04-03 20:52:34.958,137.416,-2,-10,-12,-64.71,0,0,0,0,0,0,0,0
2026-04-03 20:52:35.022,137.481,-2,-10,-9,-32.32,0,0,0,0,0,0,0,0
2026-04-03 20:52:35.086,137.545,-2,-10,-12,-28.73,0,0,0,0,0,0,0,0
2026-04-03 20:52:35.183,137.641,-2,-9,-12,-12.74,0,0,0,0,0,0,0,0
2026-04-03 20:52:35.230,137.689,-2,-10,-12,-87.28,0,0,0,0,0,0,0,0
2026-04-03 20:52:35.278,137.737,-2,-10,-11,-77.56,0,0,0,0,0,0,0,0
2026-04-03 20:52:35.358,137.816,-2,-10,-12,-36.86,0,0,0,0,0,0,0,0
2026-04-03 20:52:35.406,137.865,-2,-9,-9,-47.7,0,0,0,0,0,0,0,0
2026-04-03 20:52:35.502,137.960,-2,-10,-12,-38.15,0,0,0,0,0,0,0,0
2026-04-03 20:52:35.582,138.040,-2,-9,-11,-16.61,0,0,0,0,0,0,0,0
2026-04-03 20:52:35.662,138.121,-2,-10,-12,-25.78,0,0,0,0,0,0,0,0
2026-04-03 20:52:35.758,138.216,-2,-10,-9,-16.67,0,0,0,0,0,0,0,0
2026-04-03 20:52:35.838,138.296,-2,-10,-9,-116.75,0,0,0,0,0,0,0,0
2026-04-03 20:52:35.902,138.360,-2,-10,-9,-70.26,0,0,0,0,0,0,0,0
2026-04-03 20:52:35.998,138.457,-2,-10,-12,-28.83,0,0,0,0,0,0,0,0
2026-04-03 20:52:36.125,138.584,-2,-10,-9,-16.46,0,0,0,0,0,0,0,0
2026-04-03 20:52:36.174,138.633,-2,-9,-12,-58.06,0,0,0,0,0,0,0,0
2026-04-03 20:52:36.270,138.729,-2,-9,-12,-78.63,0,0,0,0,0,0,0,0
2026-04-03 20:52:36.398,138.856,-2,-10,-12,-79.01,0,0,0,0,0,0,0,0
2026-04-03 20:52:36.494,138.953,-2,-10,-9,-110.81,0,0,0,0,0,0,0,0
2026-04-03 20:52:36.590,139.048,-2,-10,-9,-66.56,0,0,0,0,0,0,0,0
2026-04-03 20:52:36.653,139.112,-2,-10,-12,-17.86,0,0,0,0,0,0,0,0
2026-04-03 20:52:36.702,139.160,-2,-10,-12,-26.66,0,0,0,0,0,0,0,0
2026-04-03 20:52:36.830,139.288,-2,-10,-12,-14.21,0,0,0,0,0,0,0,0
2026-04-03 20:52:36.909,139.368,-2,-10,-9,-66.05,0,0,0,0,0,0,0,0
2026-04-03 20:52:37.070,139.528,-2,-10,-9,-55.7,0,0,0,0,0,0,0,0
2026-04-03 20:52:37.150,139.609,-2,-10,-9,-82.31,0,0,0,0,0,0,0,0
2026-04-03 20:52:37.229,139.688,-2,-10,-12,-153.47,0,0,0,0,0,0,0,0
2026-04-03 20:52:37.278,139.736,-2,-10,-11,-64.34,0,0,0,0,0,0,0,0
2026-04-03 20:52:37.373,139.832,-2,-9,-9,-43.94,0,0,0,0,0,0,0,0
2026-04-03 20:52:37.470,139.929,-2,-9,-12,-24.31,0,0,0,0,0,0,0,0
2026-04-03 20:52:37.502,139.961,-2,-10,-9,-105.0,0,0,0,0,0,0,0,0
2026-04-03 20:52:37.613,140.072,-2,-10,-12,-18.29,0,0,0,0,0,0,0,0
2026-04-03 20:52:37.693,140.152,-2,-10,-12,-16.43,0,0,0,0,0,0,0,0
2026-04-03 20:52:37.758,140.216,-2,-10,-12,-29.66,0,0,0,0,0,0,0,0
2026-04-03 20:52:37.838,140.297,-2,-10,-9,-84.63,0,0,0,0,0,0,0,0
2026-04-03 20:52:37.997,140.456,-2,-10,-9,-58.78,0,0,0,0,0,0,0,0
2026-04-03 20:52:38.046,140.505,-2,-9,-9,-100.15,0,0,0,0,0,0,0,0
2026-04-03 20:52:38.062,140.521,-2,-10,-12,-20.93,0,0,0,0,0,0,0,0
2026-04-03 20:52:38.142,140.600,-2,-10,-9,-110.19,0,0,0,0,0,0,0,0
2026-04-03 20:52:38.285,140.744,-2,-10,-12,-108.53,0,0,0,0,0,0,0,0
2026-04-03 20:52:38.350,140.809,-2,-10,-9,-30.06,0,0,0,0,0,0,0,0
2026-04-03 20:52:38.446,140.905,-2,-10,-9,-69.92,0,0,0,0,0,0,0,0
2026-04-03 20:52:38.526,140.985,-2,-10,-9,-14.18,0,0,0,0,0,0,0,0
2026-04-03 20:52:38.605,141.064,-2,-10,-11,-97.95,0,0,0,0,0,0,0,0
2026-04-03 20:52:38.686,141.145,-2,-10,-11,-19.76,0,0,0,0,0,0,0,0
2026-04-03 20:52:38.750,141.209,-2,-10,-9,-29.76,0,0,0,0,0,0,0,0
2026-04-03 20:52:38.814,141.273,-2,-10,-12,-19.52,0,0,0,0,0,0,0,0
2026-04-03 20:52:38.894,141.353,-2,-9,-12,-52.69,0,0,0,0,0,0,0,0
2026-04-03 20:52:39.005,141.464,-2,-9,-12,-106.1,0,0,0,0,0,0,0,0
2026-04-03 20:52:39.053,141.512,-2,-10,-12,-17.07,0,0,0,0,0,0,0,0
2026-04-03 20:52:39.133,141.592,-2,-10,-12,-40.37,0,0,0,0,0,0,0,0
2026-04-03 20:52:39.214,141.673,-2,-10,-9,-87.39,0,0,0,0,0,0,0,0
2026-04-03 20:52:39.278,141.737,-2,-10,-12,-72.96,0,0,0,0,0,0,0,0
2026-04-03 20:52:39.357,141.816,-2,-10,-12,-95.77,0,0,0,0,0,0,0,0
2026-04-03 20:52:39.534,141.993,-2,-10,-12,-103.22,0,0,0,0,0,0,0,0
2026-04-03 20:52:39.629,142.088,-2,-10,-12,-18.13,0,0,0,0,0,0,0,0
2026-04-03 20:52:39.693,142.152,-3,-10,-12,-6.83,0,0,0,0,0,0,0,0
2026-04-03 20:52:39.774,142.232,-2,-9,-12,-36.35,0,0,0,0,0,0,0,0
2026-04-03 20:52:39.838,142.297,-2,-10,-9,-118.95,0,0,0,0,0,0,0,0
2026-04-03 20:52:39.933,142.392,-2,-10,-9,-55.14,0,0,0,0,0,0,0,0
2026-04-03 20:52:39.998,142.457,-2,-9,-12,-51.27,0,0,0,0,0,0,0,0
2026-04-03 20:52:40.078,142.536,-2,-9,-12,-70.23,0,0,0,0,0,0,0,0
2026-04-03 20:52:40.141,142.600,-2,-9,-12,-49.04,0,0,0,0,0,0,0,0
2026-04-03 20:52:40.254,142.713,-2,-9,-11,-92.06,0,0,0,0,0,0,0,0
2026-04-03 20:52:40.366,142.825,-2,-10,-12,-20.85,0,0,0,0,0,0,0,0
2026-04-03 20:52:40.446,142.904,-2,-10,-9,-27.79,0,0,0,0,0,0,0,0
2026-04-03 20:52:40.525,142.984,-2,-10,-9,-18.81,0,0,0,0,0,0,0,0
2026-04-03 20:52:40.638,143.097,-2,-10,-12,-93.25,0,0,0,0,0,0,0,0
2026-04-03 20:52:40.717,143.176,-2,-10,-9,-43.21,0,0,0,0,0,0,0,0
2026-04-03 20:52:40.781,143.240,-2,-10,-9,-25.38,0,0,0,0,0,0,0,0
2026-04-03 20:52:40.893,143.352,-2,-10,-12,-22.73,0,0,0,0,0,0,0,0
2026-04-03 20:52:40.957,143.416,-2,-9,-9,-34.85,0,0,0,0,0,0,0,0
2026-04-03 20:52:41.053,143.512,-2,-10,-12,-54.42,0,0,0,0,0,0,0,0
2026-04-03 20:52:41.150,143.609,-2,-9,-12,-73.05,0,0,0,0,0,0,0,0
2026-04-03 20:52:41.198,143.657,-2,-10,-12,-21.32,0,0,0,0,0,0,0,0
2026-04-03 20:52:41.277,143.736,-2,-10,-9,-79.43,0,0,0,0,0,0,0,0
2026-04-03 20:52:41.373,143.832,-2,-9,-12,-108.74,0,0,0,0,0,0,0,0
2026-04-03 20:52:41.453,143.912,-2,-10,-9,-72.89,0,0,0,0,0,0,0,0
2026-04-03 20:52:41.534,143.993,-2,-10,-9,-42.03,0,0,0,0,0,0,0,0
2026-04-03 20:52:41.597,144.056,-2,-10,-12,-34.67,0,0,0,0,0,0,0,0
2026-04-03 20:52:41.693,144.152,-2,-10,-9,-105.67,0,0,0,0,0,0,0,0
2026-04-03 20:52:41.758,144.216,-2,-9,-12,-20.49,0,0,0,0,0,0,0,0
2026-04-03 20:52:41.838,144.297,-2,-9,-10,-16.45,0,0,0,0,0,0,0,0
2026-04-03 20:52:41.917,144.376,-2,-10,-9,-29.07,0,0,0,0,0,0,0,0
2026-04-03 20:52:42.030,144.488,-2,-10,-12,-79.57,0,0,0,0,0,0,0,0
2026-04-03 20:52:42.125,144.584,-2,-10,-12,-58.97,0,0,0,0,0,0,0,0
2026-04-03 20:52:42.221,144.680,-2,-9,-9,-51.89,0,0,0,0,0,0,0,0
2026-04-03 20:52:42.286,144.745,-2,-10,-12,-13.01,0,0,0,0,0,0,0,0
2026-04-03 20:52:42.350,144.808,-2,-10,-12,-76.45,0,0,0,0,0,0,0,0
2026-04-03 20:52:42.445,144.904,-2,-10,-12,-111.7,0,0,0,0,0,0,0,0
2026-04-03 20:52:42.525,144.984,-2,-10,-12,-39.76,0,0,0,0,0,0,0,0
2026-04-03 20:52:42.590,145.049,-2,-10,-12,-53.21,0,0,0,0,0,0,0,0
2026-04-03 20:52:42.670,145.129,-2,-9,-9,-66.08,0,0,0,0,0,0,0,0
2026-04-03 20:52:42.717,145.176,-2,-9,-12,-115.47,0,0,0,0,0,0,0,0
2026-04-03 20:52:42.798,145.257,-2,-9,-11,-18.36,0,0,0,0,0,0,0,0
2026-04-03 20:52:42.925,145.384,-2,-10,-9,-28.07,0,0,0,0,0,0,0,0
2026-04-03 20:52:42.989,145.448,-2,-9,-9,-37.58,0,0,0,0,0,0,0,0
2026-04-03 20:52:43.069,145.528,-2,-9,-9,-51.52,0,0,0,0,0,0,0,0
2026-04-03 20:52:43.166,145.625,-2,-9,-9,-42.64,0,0,0,0,0,0,0,0
2026-04-03 20:52:43.213,145.672,-2,-9,-9,-26.15,0,0,0,0,0,0,0,0
2026-04-03 20:52:43.277,145.736,-2,-10,-9,-80.93,0,0,0,0,0,0,0,0
2026-04-03 20:52:43.374,145.832,-2,-10,-9,-41.89,0,0,0,0,0,0,0,0
2026-04-03 20:52:43.469,145.928,-2,-10,-9,-75.87,0,0,0,0,0,0,0,0
2026-04-03 20:52:43.549,146.008,-2,-10,-9,-49.99,0,0,0,0,0,0,0,0
2026-04-03 20:52:43.630,146.089,-2,-10,-9,-54.61,0,0,0,0,0,0,0,0
2026-04-03 20:52:43.741,146.200,-2,-10,-12,-47.74,0,0,0,0,0,0,0,0
2026-04-03 20:52:43.805,146.264,-2,-10,-9,-30.41,0,0,0,0,0,0,0,0
2026-04-03 20:52:43.885,146.344,-2,-10,-12,-15.87,0,0,0,0,0,0,0,0
2026-04-03 20:52:43.949,146.408,-2,-9,-9,-24.97,0,0,0,0,0,0,0,0
2026-04-03 20:52:44.013,146.472,-2,-10,-11,-58.6,0,0,0,0,0,0,0,0
2026-04-03 20:52:44.109,146.568,-2,-9,-11,-80.05,0,0,0,0,0,0,0,0
2026-04-03 20:52:44.125,146.584,-2,-9,-12,-75.18,0,0,0,0,0,0,0,0
2026-04-03 20:52:44.206,146.665,-2,-10,-12,-62.02,0,0,0,0,0,0,0,0
2026-04-03 20:52:44.333,146.792,-2,-10,-9,-88.83,0,0,0,0,0,0,0,0
2026-04-03 20:52:44.413,146.872,-2,-10,-12,-95.12,0,0,0,0,0,0,0,0
2026-04-03 20:52:44.493,146.952,-2,-10,-9,-22.85,0,0,0,0,0,0,0,0
2026-04-03 20:52:44.557,147.016,-2,-10,-11,-82.5,0,0,0,0,0,0,0,0
2026-04-03 20:52:44.670,147.128,-2,-10,-12,-58.72,0,0,0,0,0,0,0,0
2026-04-03 20:52:44.717,147.176,-2,-10,-12,-39.14,0,0,0,0,0,0,0,0
2026-04-03 20:52:44.814,147.272,-1,-9,-11,-15.55,0,0,0,0,0,0,0,0
2026-04-03 20:52:44.861,147.320,-2,-10,-11,-34.49,0,0,0,0,0,0,0,0
2026-04-03 20:52:44.925,147.384,-2,-10,-12,-94.59,0,0,0,0,0,0,0,0
2026-04-03 20:52:45.022,147.481,-2,-10,-12,-67.35,0,0,0,0,0,0,0,0
2026-04-03 20:52:45.101,147.560,-2,-10,-12,-66.04,0,0,0,0,0,0,0,0
2026-04-03 20:52:45.133,147.592,-2,-10,-12,-74.73,0,0,0,0,0,0,0,0
2026-04-03 20:52:45.293,147.752,-2,-10,-12,-50.45,0,0,0,0,0,0,0,0
2026-04-03 20:52:45.325,147.784,-2,-10,-12,-72.05,0,0,0,0,0,0,0,0
2026-04-03 20:52:45.405,147.864,-2,-10,-9,-36.75,0,0,0,0,0,0,0,0
2026-04-03 20:52:45.422,147.880,-2,-10,-9,-81.75,0,0,0,0,0,0,0,0
2026-04-03 20:52:45.485,147.944,-2,-10,-12,-142.42,0,0,0,0,0,0,0,0
2026-04-03 20:52:45.581,148.040,-2,-10,-12,-10.47,0,0,0,0,0,0,0,0
2026-04-03 20:52:45.661,148.120,-2,-10,-12,-29.55,0,0,0,0,0,0,0,0
2026-04-03 20:52:45.757,148.216,-2,-9,-12,-12.03,0,0,0,0,0,0,0,0
2026-04-03 20:52:45.805,148.264,-2,-10,-12,-70.79,0,0,0,0,0,0,0,0
2026-04-03 20:52:45.949,148.408,-2,-9,-12,-32.5,0,0,0,0,0,0,0,0
2026-04-03 20:52:45.998,148.456,-2,-10,-11,-57.14,0,0,0,0,0,0,0,0
2026-04-03 20:52:46.077,148.536,-2,-10,-11,-26.61,0,0,0,0,0,0,0,0
2026-04-03 20:52:46.109,148.568,-2,-10,-12,-95.42,0,0,0,0,0,0,0,0
2026-04-03 20:52:46.253,148.712,-2,-10,-12,-90.68,0,0,0,0,0,0,0,0
2026-04-03 20:52:46.317,148.776,-2,-10,-12,-32.36,0,0,0,0,0,0,0,0
2026-04-03 20:52:46.430,148.889,-2,-10,-9,-58.67,0,0,0,0,0,0,0,0
2026-04-03 20:52:46.509,148.968,-2,-9,-11,-44.82,0,0,0,0,0,0,0,0
2026-04-03 20:52:46.621,149.080,-2,-9,-12,-112.34,0,0,0,0,0,0,0,0
2026-04-03 20:52:46.670,149.129,-2,-10,-12,-20.51,0,0,0,0,0,0,0,0
2026-04-03 20:52:46.734,149.192,-2,-10,-12,-23.23,0,0,0,0,0,0,0,0
2026-04-03 20:52:46.797,149.256,-2,-10,-12,-32.31,0,0,0,0,0,0,0,0
2026-04-03 20:52:46.877,149.336,-2,-10,-12,-111.86,0,0,0,0,0,0,0,0
2026-04-03 20:52:46.925,149.384,-2,-10,-12,-107.21,0,0,0,0,0,0,0,0
2026-04-03 20:52:47.021,149.480,-2,-9,-9,-15.14,0,0,0,0,0,0,0,0
2026-04-03 20:52:47.070,149.528,-2,-10,-12,-77.25,0,0,0,0,0,0,0,0
2026-04-03 20:52:47.165,149.624,-2,-10,-9,-105.29,0,0,0,0,0,0,0,0
2026-04-03 20:52:47.245,149.704,-2,-10,-9,-24.11,0,0,0,0,0,0,0,0
2026-04-03 20:52:47.342,149.800,-2,-10,-12,-59.64,0,0,0,0,0,0,0,0
2026-04-03 20:52:47.405,149.864,-2,-10,-9,-49.56,0,0,0,0,0,0,0,0
2026-04-03 20:52:47.582,150.040,-2,-10,-9,-13.5,0,0,0,0,0,0,0,0
2026-04-03 20:52:47.709,150.168,-2,-10,-12,-26.16,0,0,0,0,0,0,0,0
2026-04-03 20:52:47.725,150.184,-2,-10,-9,-12.12,0,0,0,0,0,0,0,0
2026-04-03 20:52:47.854,150.312,-2,-10,-9,-86.95,0,0,0,0,0,0,0,0
2026-04-03 20:52:47.901,150.360,-2,-10,-11,-111.79,0,0,0,0,0,0,0,0
2026-04-03 20:52:47.965,150.424,-2,-10,-9,-12.45,0,0,0,0,0,0,0,0
2026-04-03 20:52:48.029,150.488,-2,-9,-12,-21.22,0,0,0,0,0,0,0,0
2026-04-03 20:52:48.109,150.568,-2,-9,-12,-99.93,0,0,0,0,0,0,0,0
2026-04-03 20:52:48.237,150.696,-2,-10,-9,-72.39,0,0,0,0,0,0,0,0
2026-04-03 20:52:48.302,150.761,-2,-10,-12,-24.02,0,0,0,0,0,0,0,0
2026-04-03 20:52:48.365,150.824,-2,-10,-12,-90.22,0,0,0,0,0,0,0,0
2026-04-03 20:52:48.445,150.904,-2,-10,-12,-119.84,0,0,0,0,0,0,0,0
2026-04-03 20:52:48.605,151.064,-2,-10,-9,-39.45,0,0,0,0,0,0,0,0
2026-04-03 20:52:48.637,151.096,-2,-10,-12,-16.03,0,0,0,0,0,0,0,0
2026-04-03 20:52:48.669,151.128,-2,-10,-12,-35.42,0,0,0,0,0,0,0,0
2026-04-03 20:52:48.797,151.256,-2,-9,-9,-12.25,0,0,0,0,0,0,0,0
2026-04-03 20:52:48.893,151.352,-2,-10,-12,-56.65,0,0,0,0,0,0,0,0
2026-04-03 20:52:49.005,151.464,-2,-10,-12,-61.54,0,0,0,0,0,0,0,0
2026-04-03 20:52:49.053,151.512,-2,-10,-9,-26.46,0,0,0,0,0,0,0,0
2026-04-03 20:52:49.101,151.560,-2,-10,-11,-69.31,0,0,0,0,0,0,0,0
2026-04-03 20:52:49.165,151.624,-2,-10,-12,-150.41,0,0,0,0,0,0,0,0
2026-04-03 20:52:49.229,151.688,-2,-9,-9,-72.64,0,0,0,0,0,0,0,0
2026-04-03 20:52:49.309,151.768,-2,-9,-11,-83.57,0,0,0,0,0,0,0,0
2026-04-03 20:52:49.405,151.864,-2,-10,-12,-56.14,0,0,0,0,0,0,0,0
2026-04-03 20:52:49.469,151.928,-2,-10,-9,-79.73,0,0,0,0,0,0,0,0
2026-04-03 20:52:49.597,152.056,-2,-10,-9,-15.9,0,0,0,0,0,0,0,0
2026-04-03 20:52:49.629,152.088,-2,-10,-12,-25.49,0,0,0,0,0,0,0,0
2026-04-03 20:52:49.726,152.184,-2,-10,-9,-34.02,0,0,0,0,0,0,0,0
2026-04-03 20:52:49.821,152.280,-2,-10,-11,-63.42,0,0,0,0,0,0,0,0
2026-04-03 20:52:49.901,152.360,-2,-10,-9,-115.16,0,0,0,0,0,0,0,0
2026-04-03 20:52:50.030,152.488,-2,-10,-9,-78.91,0,0,0,0,0,0,0,0
2026-04-03 20:52:50.125,152.584,-2,-10,-12,-49.46,0,0,0,0,0,0,0,0
2026-04-03 20:52:50.189,152.648,-1,-10,-9,-79.3,0,0,0,0,0,0,0,0
2026-04-03 20:52:50.285,152.744,-2,-10,-12,-26.5,0,0,0,0,0,0,0,0
2026-04-03 20:52:50.382,152.840,-2,-10,-12,-67.79,0,0,0,0,0,0,0,0
2026-04-03 20:52:50.445,152.904,-2,-10,-9,-51.55,0,0,0,0,0,0,0,0
2026-04-03 20:52:50.557,153.015,-2,-10,-12,-42.8,0,0,0,0,0,0,0,0
2026-04-03 20:52:50.669,153.128,-1,-10,-12,-25.52,0,0,0,0,0,0,0,0
2026-04-03 20:52:50.781,153.240,-2,-9,-12,-114.98,0,0,0,0,0,0,0,0
2026-04-03 20:52:50.845,153.304,-2,-10,-9,-42.33,0,0,0,0,0,0,0,0
2026-04-03 20:52:50.925,153.384,-2,-10,-9,-103.82,0,0,0,0,0,0,0,0
2026-04-03 20:52:50.989,153.448,-2,-10,-9,-11.76,0,0,0,0,0,0,0,0
2026-04-03 20:52:51.085,153.543,-2,-10,-12,-57.62,0,0,0,0,0,0,0,0
2026-04-03 20:52:51.149,153.608,-2,-9,-9,-140.44,0,0,0,0,0,0,0,0
2026-04-03 20:52:51.325,153.784,-2,-10,-9,-71.42,0,0,0,0,0,0,0,0
2026-04-03 20:52:51.405,153.864,-2,-10,-12,-35.17,0,0,0,0,0,0,0,0
2026-04-03 20:52:51.469,153.928,-2,-10,-11,-88.69,0,0,0,0,0,0,0,0
2026-04-03 20:52:51.565,154.024,-2,-10,-9,-10.92,0,0,0,0,0,0,0,0
2026-04-03 20:52:51.661,154.120,-2,-10,-9,-25.39,0,0,0,0,0,0,0,0
2026-04-03 20:52:51.741,154.200,-2,-10,-9,-31.18,0,0,0,0,0,0,0,0
2026-04-03 20:52:51.805,154.264,-2,-10,-9,-58.2,0,0,0,0,0,0,0,0
2026-04-03 20:52:51.901,154.360,-2,-10,-12,-32.07,0,0,0,0,0,0,0,0
2026-04-03 20:52:51.997,154.456,-2,-10,-12,-65.86,0,0,0,0,0,0,0,0
2026-04-03 20:52:52.029,154.487,-2,-9,-12,-58.58,0,0,0,0,0,0,0,0
2026-04-03 20:52:52.157,154.615,-2,-10,-12,-123.49,0,0,0,0,0,0,0,0
2026-04-03 20:52:52.221,154.679,-2,-10,-12,-88.76,0,0,0,0,0,0,0,0
2026-04-03 20:52:52.317,154.776,-2,-9,-9,-64.33,0,0,0,0,0,0,0,0
2026-04-03 20:52:52.349,154.807,-2,-10,-9,-45.99,0,0,0,0,0,0,0,0
2026-04-03 20:52:52.461,154.919,-2,-10,-9,-79.63,0,0,0,0,0,0,0,0
2026-04-03 20:52:52.509,154.967,-2,-10,-9,-17.24,0,0,0,0,0,0,0,0
2026-04-03 20:52:52.621,155.080,-2,-10,-9,-10.87,0,0,0,0,0,0,0,0
2026-04-03 20:52:52.685,155.144,-2,-10,-9,-21.79,0,0,0,0,0,0,0,0
2026-04-03 20:52:52.797,155.256,-2,-10,-9,-70.09,0,0,0,0,0,0,0,0
2026-04-03 20:52:52.845,155.304,-2,-10,-12,-68.01,0,0,0,0,0,0,0,0
2026-04-03 20:52:52.989,155.448,-2,-10,-9,-103.41,0,0,0,0,0,0,0,0
2026-04-03 20:52:53.005,155.463,-2,-10,-11,-18.08,0,0,0,0,0,0,0,0
2026-04-03 20:52:53.117,155.576,-2,-10,-9,-38.73,0,0,0,0,0,0,0,0
2026-04-03 20:52:53.165,155.623,-2,-10,-12,-110.24,0,0,0,0,0,0,0,0
2026-04-03 20:52:53.325,155.783,-2,-9,-12,-72.51,0,0,0,0,0,0,0,0
2026-04-03 20:52:53.357,155.816,-2,-10,-11,-34.32,0,0,0,0,0,0,0,0
2026-04-03 20:52:53.421,155.879,-2,-10,-9,-54.18,0,0,0,0,0,0,0,0
2026-04-03 20:52:53.501,155.959,-2,-10,-9,-112.71,0,0,0,0,0,0,0,0
2026-04-03 20:52:53.581,156.040,-2,-10,-12,-21.13,0,0,0,0,0,0,0,0
2026-04-03 20:52:53.645,156.103,-2,-9,-12,-31.75,0,0,0,0,0,0,0,0
2026-04-03 20:52:53.805,156.263,-2,-9,-12,-20.6,0,0,0,0,0,0,0,0
2026-04-03 20:52:53.837,156.296,-2,-10,-12,-80.37,0,0,0,0,0,0,0,0
2026-04-03 20:52:53.917,156.375,-2,-10,-9,-40.98,0,0,0,0,0,0,0,0
2026-04-03 20:52:54.044,156.503,-2,-10,-9,-23.46,0,0,0,0,0,0,0,0
2026-04-03 20:52:54.141,156.600,-2,-10,-9,-56.13,0,0,0,0,0,0,0,0
2026-04-03 20:52:54.205,156.664,-2,-10,-9,-107.15,0,0,0,0,0,0,0,0
2026-04-03 20:52:54.291,156.750,-2,-10,-12,-23.2,0,0,0,0,0,0,0,0
2026-04-03 20:52:54.365,156.823,-2,-9,-12,-80.81,0,0,0,0,0,0,0,0
2026-04-03 20:52:54.461,156.919,-2,-10,-12,-70.84,0,0,0,0,0,0,0,0
2026-04-03 20:52:54.541,157.000,-2,-9,-12,-112.11,0,0,0,0,0,0,0,0
2026-04-03 20:52:54.589,157.047,-2,-10,-12,-27.32,0,0,0,0,0,0,0,0
2026-04-03 20:52:54.701,157.160,-2,-9,-11,-15.64,0,0,0,0,0,0,0,0
2026-04-03 20:52:54.765,157.224,-2,-10,-9,-22.2,0,0,0,0,0,0,0,0
2026-04-03 20:52:54.845,157.304,-2,-10,-9,-53.19,0,0,0,0,0,0,0,0
2026-04-03 20:52:54.940,157.399,-2,-10,-12,-63.95,0,0,0,0,0,0,0,0
2026-04-03 20:52:55.020,157.479,-2,-10,-12,-18.12,0,0,0,0,0,0,0,0
2026-04-03 20:52:55.132,157.591,-2,-10,-10,-83.98,0,0,0,0,0,0,0,0
2026-04-03 20:52:55.197,157.656,-2,-10,-9,-95.99,0,0,0,0,0,0,0,0
2026-04-03 20:52:55.325,157.783,-2,-9,-12,-63.72,0,0,0,0,0,0,0,0
2026-04-03 20:52:55.389,157.848,-2,-10,-9,-17.76,0,0,0,0,0,0,0,0
2026-04-03 20:52:55.469,157.928,-2,-10,-8,-74.18,0,0,0,0,0,0,0,0
2026-04-03 20:52:55.596,158.055,-2,-10,-9,-27.63,0,0,0,0,0,0,0,0
2026-04-03 20:52:55.628,158.087,-2,-9,-9,-38.72,0,0,0,0,0,0,0,0
2026-04-03 20:52:55.708,158.167,-2,-10,-12,-12.0,0,0,0,0,0,0,0,0
2026-04-03 20:52:55.756,158.215,-2,-10,-12,-33.76,0,0,0,0,0,0,0,0
2026-04-03 20:52:55.884,158.343,-2,-10,-12,-37.5,0,0,0,0,0,0,0,0
2026-04-03 20:52:55.900,158.359,-2,-10,-9,-32.65,0,0,0,0,0,0,0,0
2026-04-03 20:52:55.981,158.440,-2,-9,-12,-108.02,0,0,0,0,0,0,0,0
2026-04-03 20:52:56.044,158.503,-2,-9,-12,-14.6,0,0,0,0,0,0,0,0
2026-04-03 20:52:56.172,158.631,-2,-10,-9,-93.52,0,0,0,0,0,0,0,0
2026-04-03 20:52:56.220,158.679,-2,-10,-9,-32.12,0,0,0,0,0,0,0,0
2026-04-03 20:52:56.301,158.760,-2,-9,-9,-30.88,0,0,0,0,0,0,0,0
2026-04-03 20:52:56.444,158.903,-2,-9,-9,-82.37,0,0,0,0,0,0,0,0
2026-04-03 20:52:56.557,159.016,-2,-10,-12,-16.48,0,0,0,0,0,0,0,0
2026-04-03 20:52:56.589,159.048,-2,-10,-12,-36.79,0,0,0,0,0,0,0,0
2026-04-03 20:52:56.652,159.111,-2,-10,-9,-16.66,0,0,0,0,0,0,0,0
2026-04-03 20:52:56.733,159.192,-2,-9,-9,-16.56,0,0,0,0,0,0,0,0
2026-04-03 20:52:56.876,159.335,-2,-10,-9,-30.56,0,0,0,0,0,0,0,0
2026-04-03 20:52:56.908,159.367,-2,-10,-9,-62.35,0,0,0,0,0,0,0,0
2026-04-03 20:52:57.021,159.480,-2,-10,-12,-45.78,0,0,0,0,0,0,0,0
2026-04-03 20:52:57.101,159.560,-2,-10,-12,-114.18,0,0,0,0,0,0,0,0
2026-04-03 20:52:57.181,159.639,-2,-9,-12,-19.29,0,0,0,0,0,0,0,0
2026-04-03 20:52:57.212,159.671,-2,-9,-11,-75.05,0,0,0,0,0,0,0,0
2026-04-03 20:52:57.324,159.783,-2,-9,-9,-95.79,0,0,0,0,0,0,0,0
2026-04-03 20:52:57.388,159.847,-2,-10,-9,-10.79,0,0,0,0,0,0,0,0
2026-04-03 20:52:57.468,159.927,-2,-10,-12,-35.88,0,0,0,0,0,0,0,0
2026-04-03 20:52:57.564,160.023,-2,-9,-9,-34.4,0,0,0,0,0,0,0,0
2026-04-03 20:52:57.628,160.087,-2,-9,-12,-104.93,0,0,0,0,0,0,0,0
2026-04-03 20:52:57.709,160.168,-2,-10,-9,-24.44,0,0,0,0,0,0,0,0
2026-04-03 20:52:57.852,160.311,-2,-10,-9,-31.13,0,0,0,0,0,0,0,0
2026-04-03 20:52:57.884,160.343,-2,-10,-9,-11.85,0,0,0,0,0,0,0,0
2026-04-03 20:52:57.916,160.375,-2,-9,-12,-88.27,0,0,0,0,0,0,0,0
2026-04-03 20:52:57.981,160.440,-2,-10,-12,-94.89,0,0,0,0,0,0,0,0
2026-04-03 20:52:58.156,160.615,-2,-10,-9,-81.02,0,0,0,0,0,0,0,0
2026-04-03 20:52:58.220,160.679,-2,-10,-12,-45.95,0,0,0,0,0,0,0,0
2026-04-03 20:52:58.333,160.791,-2,-10,-9,-23.62,0,0,0,0,0,0,0,0
2026-04-03 20:52:58.429,160.887,-2,-10,-12,-17.87,0,0,0,0,0,0,0,0
2026-04-03 20:52:58.525,160.984,-2,-10,-12,-58.05,0,0,0,0,0,0,0,0
2026-04-03 20:52:58.652,161.111,-2,-9,-9,-65.01,0,0,0,0,0,0,0,0
2026-04-03 20:52:58.668,161.127,-2,-9,-12,-84.26,0,0,0,0,0,0,0,0
2026-04-03 20:52:58.780,161.239,-2,-9,-12,-20.31,0,0,0,0,0,0,0,0
2026-04-03 20:52:58.829,161.288,-2,-10,-12,-27.77,0,0,0,0,0,0,0,0
2026-04-03 20:52:58.892,161.351,-2,-10,-9,-43.41,0,0,0,0,0,0,0,0
2026-04-03 20:52:58.941,161.399,-2,-10,-9,-50.58,0,0,0,0,0,0,0,0
2026-04-03 20:52:59.085,161.543,-2,-9,-12,-56.38,0,0,0,0,0,0,0,0
2026-04-03 20:52:59.213,161.671,-2,-10,-12,-12.63,0,0,0,0,0,0,0,0
2026-04-03 20:52:59.228,161.687,-2,-10,-12,-58.13,0,0,0,0,0,0,0,0
2026-04-03 20:52:59.340,161.799,-2,-10,-9,-100.09,0,0,0,0,0,0,0,0
2026-04-03 20:52:59.453,161.912,-2,-10,-9,-71.08,0,0,0,0,0,0,0,0
2026-04-03 20:52:59.517,161.976,-2,-10,-12,-39.41,0,0,0,0,0,0,0,0
2026-04-03 20:52:59.549,162.008,-2,-10,-9,-28.91,0,0,0,0,0,0,0,0
2026-04-03 20:52:59.644,162.103,-2,-9,-9,-73.5,0,0,0,0,0,0,0,0
2026-04-03 20:52:59.740,162.199,-2,-10,-12,-22.41,0,0,0,0,0,0,0,0
2026-04-03 20:52:59.805,162.263,-1,-10,-9,-20.59,0,0,0,0,0,0,0,0
2026-04-03 20:52:59.852,162.311,-2,-10,-9,-21.15,0,0,0,0,0,0,0,0
2026-04-03 20:52:59.933,162.392,-2,-10,-11,-49.99,0,0,0,0,0,0,0,0
2026-04-03 20:53:00.028,162.487,-2,-10,-9,-53.04,0,0,0,0,0,0,0,0
2026-04-03 20:53:00.140,162.599,-2,-9,-12,-57.9,0,0,0,0,0,0,0,0
2026-04-03 20:53:00.204,162.663,-2,-10,-12,-15.69,0,0,0,0,0,0,0,0
2026-04-03 20:53:00.285,162.743,-2,-9,-12,-98.67,0,0,0,0,0,0,0,0
2026-04-03 20:53:00.397,162.855,-2,-9,-9,-81.91,0,0,0,0,0,0,0,0
2026-04-03 20:53:00.508,162.967,-2,-9,-12,-16.17,0,0,0,0,0,0,0,0
2026-04-03 20:53:00.541,162.999,-2,-10,-9,-68.96,0,0,0,0,0,0,0,0
2026-04-03 20:53:00.637,163.095,-2,-10,-12,-25.56,0,0,0,0,0,0,0,0
2026-04-03 20:53:00.701,163.160,-2,-10,-12,-93.6,0,0,0,0,0,0,0,0
2026-04-03 20:53:00.797,163.256,-2,-10,-12,-19.74,0,0,0,0,0,0,0,0
2026-04-03 20:53:00.892,163.351,-2,-10,-12,-24.12,0,0,0,0,0,0,0,0
2026-04-03 20:53:00.988,163.447,-2,-10,-12,-19.35,0,0,0,0,0,0,0,0
2026-04-03 20:53:01.100,163.559,-2,-10,-12,-43.16,0,0,0,0,0,0,0,0
2026-04-03 20:53:01.133,163.591,-2,-10,-12,-51.07,0,0,0,0,0,0,0,0
2026-04-03 20:53:01.196,163.655,-2,-10,-12,-72.64,0,0,0,0,0,0,0,0
2026-04-03 20:53:01.260,163.719,-2,-10,-9,-17.37,0,0,0,0,0,0,0,0
2026-04-03 20:53:01.389,163.847,-2,-10,-9,-148.27,0,0,0,0,0,0,0,0
2026-04-03 20:53:01.420,163.879,-2,-10,-11,-91.53,0,0,0,0,0,0,0,0
2026-04-03 20:53:01.532,163.991,-2,-10,-12,-35.87,0,0,0,0,0,0,0,0
2026-04-03 20:53:01.581,164.039,-2,-10,-9,-72.37,0,0,0,0,0,0,0,0
2026-04-03 20:53:01.629,164.087,-2,-9,-9,-48.32,0,0,0,0,0,0,0,0
2026-04-03 20:53:01.693,164.151,-2,-10,-9,-21.11,0,0,0,0,0,0,0,0
2026-04-03 20:53:01.741,164.199,-2,-9,-12,-30.27,0,0,0,0,0,0,0,0
2026-04-03 20:53:01.853,164.311,-2,-10,-9,-17.72,0,0,0,0,0,0,0,0
2026-04-03 20:53:01.901,164.359,-2,-9,-12,-58.44,0,0,0,0,0,0,0,0
2026-04-03 20:53:02.076,164.535,-2,-10,-9,-18.92,0,0,0,0,0,0,0,0
2026-04-03 20:53:02.125,164.583,-2,-10,-12,-105.25,0,0,0,0,0,0,0,0
2026-04-03 20:53:02.172,164.631,-2,-10,-12,-97.01,0,0,0,0,0,0,0,0
2026-04-03 20:53:02.301,164.759,-2,-10,-12,-24.41,0,0,0,0,0,0,0,0
2026-04-03 20:53:02.397,164.855,-2,-10,-12,-54.27,0,0,0,0,0,0,0,0
2026-04-03 20:53:02.476,164.935,-2,-10,-12,-20.93,0,0,0,0,0,0,0,0
2026-04-03 20:53:02.509,164.968,-2,-9,-10,-53.93,0,0,0,0,0,0,0,0
2026-04-03 20:53:02.604,165.063,-2,-10,-12,-13.59,0,0,0,0,0,0,0,0
2026-04-03 20:53:02.685,165.143,-2,-9,-12,-22.18,0,0,0,0,0,0,0,0
2026-04-03 20:53:02.812,165.271,-2,-9,-12,-32.26,0,0,0,0,0,0,0,0
2026-04-03 20:53:02.844,165.303,-2,-10,-12,-40.37,0,0,0,0,0,0,0,0
2026-04-03 20:53:03.004,165.463,-2,-9,-12,-76.61,0,0,0,0,0,0,0,0
2026-04-03 20:53:03.036,165.495,-2,-10,-12,-19.63,0,0,0,0,0,0,0,0
2026-04-03 20:53:03.100,165.559,-2,-10,-12,-51.23,0,0,0,0,0,0,0,0
2026-04-03 20:53:03.212,165.671,-2,-10,-9,-62.48,0,0,0,0,0,0,0,0
2026-04-03 20:53:03.244,165.703,-2,-9,-9,-78.16,0,0,0,0,0,0,0,0
2026-04-03 20:53:03.324,165.783,-2,-10,-11,-56.17,0,0,0,0,0,0,0,0
2026-04-03 20:53:03.388,165.847,-2,-10,-12,-46.63,0,0,0,0,0,0,0,0
2026-04-03 20:53:03.532,165.991,-2,-10,-12,-99.23,0,0,0,0,0,0,0,0
2026-04-03 20:53:03.564,166.023,-2,-10,-9,-12.28,0,0,0,0,0,0,0,0
2026-04-03 20:53:03.676,166.135,-2,-10,-12,-12.91,0,0,0,0,0,0,0,0
2026-04-03 20:53:03.692,166.151,-2,-10,-12,-16.6,0,0,0,0,0,0,0,0
2026-04-03 20:53:03.772,166.231,-2,-10,-12,-67.56,0,0,0,0,0,0,0,0
2026-04-03 20:53:03.868,166.327,-2,-10,-9,-43.57,0,0,0,0,0,0,0,0
2026-04-03 20:53:03.964,166.423,-2,-9,-12,-62.74,0,0,0,0,0,0,0,0
2026-04-03 20:53:04.012,166.471,-2,-9,-9,-14.44,0,0,0,0,0,0,0,0
2026-04-03 20:53:04.092,166.551,-2,-9,-9,-119.81,0,0,0,0,0,0,0,0
2026-04-03 20:53:04.172,166.631,-2,-10,-12,-104.05,0,0,0,0,0,0,0,0
2026-04-03 20:53:04.252,166.711,-2,-10,-9,-46.39,0,0,0,0,0,0,0,0
2026-04-03 20:53:04.317,166.775,-2,-10,-12,-55.93,0,0,0,0,0,0,0,0
2026-04-03 20:53:04.397,166.855,-1,-10,-12,-112.78,0,0,0,0,0,0,0,0
2026-04-03 20:53:04.492,166.951,-2,-10,-9,-14.65,0,0,0,0,0,0,0,0
2026-04-03 20:53:04.653,167.112,-2,-10,-9,-28.78,0,0,0,0,0,0,0,0
2026-04-03 20:53:04.733,167.192,-2,-9,-9,-66.94,0,0,0,0,0,0,0,0
2026-04-03 20:53:04.860,167.319,-2,-10,-12,-64.41,0,0,0,0,0,0,0,0
2026-04-03 20:53:04.908,167.367,-2,-10,-9,-124.24,0,0,0,0,0,0,0,0
2026-04-03 20:53:04.972,167.431,-2,-10,-9,-17.29,0,0,0,0,0,0,0,0
2026-04-03 20:53:05.100,167.559,-2,-10,-12,-71.86,0,0,0,0,0,0,0,0
2026-04-03 20:53:05.149,167.608,-2,-10,-9,-89.45,0,0,0,0,0,0,0,0
2026-04-03 20:53:05.244,167.703,-2,-10,-9,-67.61,0,0,0,0,0,0,0,0
2026-04-03 20:53:05.276,167.735,-2,-9,-12,-22.95,0,0,0,0,0,0,0,0
2026-04-03 20:53:05.468,167.927,-2,-10,-9,-24.38,0,0,0,0,0,0,0,0
2026-04-03 20:53:05.516,167.975,-2,-10,-9,-104.43,0,0,0,0,0,0,0,0
2026-04-03 20:53:05.564,168.023,-2,-10,-9,-13.72,0,0,0,0,0,0,0,0
2026-04-03 20:53:05.644,168.103,-2,-10,-9,-26.74,0,0,0,0,0,0,0,0
2026-04-03 20:53:05.724,168.183,-2,-10,-12,-31.63,0,0,0,0,0,0,0,0
2026-04-03 20:53:05.852,168.311,-2,-10,-12,-14.94,0,0,0,0,0,0,0,0
2026-04-03 20:53:05.916,168.375,-2,-9,-12,-45.73,0,0,0,0,0,0,0,0
2026-04-03 20:53:06.108,168.567,-2,-10,-9,-78.58,0,0,0,0,0,0,0,0
2026-04-03 20:53:06.156,168.615,-2,-10,-9,-44.05,0,0,0,0,0,0,0,0
2026-04-03 20:53:06.188,168.647,-2,-10,-12,-15.31,0,0,0,0,0,0,0,0
2026-04-03 20:53:06.284,168.743,-2,-10,-9,-36.08,0,0,0,0,0,0,0,0
2026-04-03 20:53:06.364,168.823,-2,-9,-9,-85.57,0,0,0,0,0,0,0,0
2026-04-03 20:53:06.428,168.887,-2,-10,-12,-22.76,0,0,0,0,0,0,0,0
2026-04-03 20:53:06.540,168.999,-2,-10,-9,-79.8,0,0,0,0,0,0,0,0
2026-04-03 20:53:06.621,169.079,-2,-10,-9,-28.48,0,0,0,0,0,0,0,0
2026-04-03 20:53:06.652,169.111,-2,-10,-12,-46.36,0,0,0,0,0,0,0,0
2026-04-03 20:53:06.748,169.207,-2,-10,-9,-15.2,0,0,0,0,0,0,0,0
2026-04-03 20:53:06.813,169.271,-2,-9,-11,-31.84,0,0,0,0,0,0,0,0
2026-04-03 20:53:06.908,169.367,-2,-10,-12,-64.81,0,0,0,0,0,0,0,0
2026-04-03 20:53:06.956,169.415,-2,-10,-12,-64.76,0,0,0,0,0,0,0,0
2026-04-03 20:53:07.068,169.527,-2,-9,-9,-68.39,0,0,0,0,0,0,0,0
2026-04-03 20:53:07.148,169.607,-2,-10,-9,-16.86,0,0,0,0,0,0,0,0
2026-04-03 20:53:07.244,169.703,-2,-9,-12,-51.76,0,0,0,0,0,0,0,0
2026-04-03 20:53:07.324,169.783,-2,-10,-9,-87.43,0,0,0,0,0,0,0,0
2026-04-03 20:53:07.421,169.879,-2,-10,-12,-82.82,0,0,0,0,0,0,0,0
2026-04-03 20:53:07.548,170.007,-2,-10,-12,-44.12,0,0,0,0,0,0,0,0
2026-04-03 20:53:07.596,170.055,-2,-9,-12,-70.78,0,0,0,0,0,0,0,0
2026-04-03 20:53:07.676,170.135,-2,-10,-12,-15.45,0,0,0,0,0,0,0,0
2026-04-03 20:53:07.772,170.231,-2,-10,-12,-32.47,0,0,0,0,0,0,0,0
2026-04-03 20:53:07.868,170.327,-2,-10,-9,-10.57,0,0,0,0,0,0,0,0
2026-04-03 20:53:07.932,170.391,-2,-10,-9,-76.97,0,0,0,0,0,0,0,0
2026-04-03 20:53:08.092,170.551,-2,-10,-9,-48.37,0,0,0,0,0,0,0,0
2026-04-03 20:53:08.124,170.583,-2,-10,-9,-36.48,0,0,0,0,0,0,0,0
2026-04-03 20:53:08.204,170.663,-2,-10,-9,-20.9,0,0,0,0,0,0,0,0
2026-04-03 20:53:08.316,170.775,-2,-10,-9,-80.07,0,0,0,0,0,0,0,0
2026-04-03 20:53:08.364,170.823,-2,-10,-12,-57.71,0,0,0,0,0,0,0,0
2026-04-03 20:53:08.460,170.919,-3,-10,-9,-23.47,0,0,0,0,0,0,0,0
2026-04-03 20:53:08.572,171.031,-2,-10,-11,-29.58,0,0,0,0,0,0,0,0
2026-04-03 20:53:08.636,171.095,-2,-9,-9,-19.03,0,0,0,0,0,0,0,0
2026-04-03 20:53:08.684,171.142,-2,-9,-9,-86.06,0,0,0,0,0,0,0,0
2026-04-03 20:53:08.812,171.271,-2,-9,-9,-34.08,0,0,0,0,0,0,0,0
2026-04-03 20:53:08.860,171.319,-2,-10,-12,-27.25,0,0,0,0,0,0,0,0
2026-04-03 20:53:08.940,171.399,-2,-10,-9,-22.6,0,0,0,0,0,0,0,0
2026-04-03 20:53:08.988,171.447,-2,-10,-12,-77.62,0,0,0,0,0,0,0,0
2026-04-03 20:53:09.116,171.575,-2,-10,-9,-78.65,0,0,0,0,0,0,0,0
2026-04-03 20:53:09.196,171.654,-2,-9,-9,-19.71,0,0,0,0,0,0,0,0
2026-04-03 20:53:09.292,171.751,-2,-10,-12,-12.0,0,0,0,0,0,0,0,0
2026-04-03 20:53:09.372,171.831,-2,-10,-9,-74.79,0,0,0,0,0,0,0,0
2026-04-03 20:53:09.452,171.911,-2,-10,-9,-21.28,0,0,0,0,0,0,0,0
2026-04-03 20:53:09.500,171.958,-2,-10,-12,-68.1,0,0,0,0,0,0,0,0
2026-04-03 20:53:09.628,172.086,-2,-9,-9,-72.48,0,0,0,0,0,0,0,0
2026-04-03 20:53:09.724,172.182,-2,-10,-9,-53.57,0,0,0,0,0,0,0,0
2026-04-03 20:53:09.788,172.247,-2,-9,-12,-88.62,0,0,0,0,0,0,0,0
2026-04-03 20:53:09.884,172.343,-2,-9,-9,-13.98,0,0,0,0,0,0,0,0
2026-04-03 20:53:09.980,172.439,-2,-10,-9,-22.71,0,0,0,0,0,0,0,0
2026-04-03 20:53:10.044,172.502,-2,-10,-12,-20.84,0,0,0,0,0,0,0,0
2026-04-03 20:53:10.108,172.567,-2,-9,-12,-59.28,0,0,0,0,0,0,0,0
2026-04-03 20:53:10.236,172.694,-2,-10,-12,-45.24,0,0,0,0,0,0,0,0
2026-04-03 20:53:10.300,172.758,-2,-9,-12,-64.18,0,0,0,0,0,0,0,0
2026-04-03 20:53:10.364,172.823,-2,-9,-12,-20.42,0,0,0,0,0,0,0,0
2026-04-03 20:53:10.460,172.919,-2,-9,-9,-69.94,0,0,0,0,0,0,0,0
2026-04-03 20:53:10.476,172.934,-2,-10,-9,-111.8,0,0,0,0,0,0,0,0
2026-04-03 20:53:10.636,173.094,-1,-10,-9,-23.75,0,0,0,0,0,0,0,0
2026-04-03 20:53:10.652,173.110,-2,-10,-12,-72.4,0,0,0,0,0,0,0,0
2026-04-03 20:53:10.732,173.191,-2,-10,-12,-49.3,0,0,0,0,0,0,0,0
2026-04-03 20:53:10.780,173.239,-2,-9,-12,-41.9,0,0,0,0,0,0,0,0
2026-04-03 20:53:10.860,173.319,-2,-10,-9,-27.59,0,0,0,0,0,0,0,0
2026-04-03 20:53:10.924,173.382,-2,-9,-9,-23.81,0,0,0,0,0,0,0,0
2026-04-03 20:53:11.036,173.494,-2,-10,-9,-88.25,0,0,0,0,0,0,0,0
2026-04-03 20:53:11.084,173.543,-2,-10,-9,-85.7,0,0,0,0,0,0,0,0
2026-04-03 20:53:11.164,173.623,-2,-9,-9,-54.67,0,0,0,0,0,0,0,0
2026-04-03 20:53:11.212,173.670,-2,-10,-11,-8.88,0,0,0,0,0,0,0,0
2026-04-03 20:53:11.276,173.734,-2,-10,-9,-139.55,0,0,0,0,0,0,0,0
2026-04-03 20:53:11.436,173.895,-2,-10,-12,-94.32,0,0,0,0,0,0,0,0
2026-04-03 20:53:11.468,173.927,-2,-10,-9,-67.81,0,0,0,0,0,0,0,0
2026-04-03 20:53:11.548,174.006,-2,-10,-9,-52.24,0,0,0,0,0,0,0,0
2026-04-03 20:53:11.580,174.038,-2,-10,-11,-87.43,0,0,0,0,0,0,0,0
2026-04-03 20:53:11.661,174.119,-2,-9,-9,-16.43,0,0,0,0,0,0,0,0
2026-04-03 20:53:11.724,174.182,-2,-10,-9,-33.75,0,0,0,0,0,0,0,0
2026-04-03 20:53:11.820,174.279,-2,-9,-9,-21.37,0,0,0,0,0,0,0,0
2026-04-03 20:53:11.900,174.359,-2,-10,-12,-48.4,0,0,0,0,0,0,0,0
2026-04-03 20:53:11.979,174.438,-2,-10,-9,-67.68,0,0,0,0,0,0,0,0
2026-04-03 20:53:12.027,174.486,-2,-10,-12,-42.97,0,0,0,0,0,0,0,0
2026-04-03 20:53:12.139,174.598,-2,-10,-9,-88.12,0,0,0,0,0,0,0,0
2026-04-03 20:53:12.220,174.679,-2,-10,-12,-84.6,0,0,0,0,0,0,0,0
2026-04-03 20:53:12.379,174.838,-2,-10,-12,-39.96,0,0,0,0,0,0,0,0
2026-04-03 20:53:12.475,174.934,-2,-10,-9,-20.1,0,0,0,0,0,0,0,0
2026-04-03 20:53:12.555,175.014,-2,-10,-9,-122.14,0,0,0,0,0,0,0,0
2026-04-03 20:53:12.604,175.062,-2,-10,-9,-13.92,0,0,0,0,0,0,0,0
2026-04-03 20:53:12.716,175.175,-2,-9,-9,-23.27,0,0,0,0,0,0,0,0
2026-04-03 20:53:12.796,175.254,-2,-10,-10,-32.42,0,0,0,0,0,0,0,0
2026-04-03 20:53:12.844,175.302,-2,-10,-9,-73.92,0,0,0,0,0,0,0,0
2026-04-03 20:53:13.035,175.494,-2,-10,-12,-81.61,0,0,0,0,0,0,0,0
2026-04-03 20:53:13.051,175.510,-2,-10,-9,-12.44,0,0,0,0,0,0,0,0
2026-04-03 20:53:13.243,175.702,-2,-9,-9,-39.24,0,0,0,0,0,0,0,0
2026-04-03 20:53:13.340,175.799,-2,-9,-9,-21.35,0,0,0,0,0,0,0,0
2026-04-03 20:53:13.372,175.831,-2,-10,-12,-57.73,0,0,0,0,0,0,0,0
2026-04-03 20:53:13.436,175.894,-2,-10,-11,-67.32,0,0,0,0,0,0,0,0
2026-04-03 20:53:13.532,175.991,-2,-10,-12,-19.62,0,0,0,0,0,0,0,0
2026-04-03 20:53:13.676,176.135,-2,-10,-12,-38.68,0,0,0,0,0,0,0,0
2026-04-03 20:53:13.723,176.182,-2,-10,-11,-11.96,0,0,0,0,0,0,0,0
2026-04-03 20:53:13.724,176.182,-2,-10,-9,-99.32,0,0,0,0,0,0,0,0
2026-04-03 20:53:13.835,176.294,-2,-10,-12,-66.27,0,0,0,0,0,0,0,0
2026-04-03 20:53:13.980,176.439,-2,-9,-12,-68.86,0,0,0,0,0,0,0,0
2026-04-03 20:53:13.980,176.439,-2,-10,-9,-27.7,0,0,0,0,0,0,0,0
2026-04-03 20:53:14.075,176.534,-2,-10,-9,-110.59,0,0,0,0,0,0,0,0
2026-04-03 20:53:14.171,176.630,-2,-10,-9,-30.39,0,0,0,0,0,0,0,0
2026-04-03 20:53:14.268,176.727,-2,-10,-9,-30.07,0,0,0,0,0,0,0,0
2026-04-03 20:53:14.315,176.774,-2,-9,-9,-65.77,0,0,0,0,0,0,0,0
2026-04-03 20:53:14.411,176.870,-2,-10,-9,-24.12,0,0,0,0,0,0,0,0
2026-04-03 20:53:14.508,176.967,-2,-9,-9,-75.52,0,0,0,0,0,0,0,0
2026-04-03 20:53:14.555,177.014,-2,-10,-9,-18.51,0,0,0,0,0,0,0,0
2026-04-03 20:53:14.587,177.046,-1,-9,-12,-52.16,0,0,0,0,0,0,0,0
2026-04-03 20:53:14.715,177.174,-2,-10,-9,-66.65,0,0,0,0,0,0,0,0
2026-04-03 20:53:14.779,177.238,-2,-10,-12,-107.77,0,0,0,0,0,0,0,0
2026-04-03 20:53:14.907,177.366,-2,-10,-9,-16.29,0,0,0,0,0,0,0,0
2026-04-03 20:53:14.955,177.414,-2,-10,-9,-18.41,0,0,0,0,0,0,0,0
2026-04-03 20:53:15.020,177.478,-2,-10,-9,-63.39,0,0,0,0,0,0,0,0
2026-04-03 20:53:15.132,177.591,-2,-10,-9,-91.79,0,0,0,0,0,0,0,0
2026-04-03 20:53:15.196,177.655,-2,-10,-9,-70.35,0,0,0,0,0,0,0,0
2026-04-03 20:53:15.339,177.798,-2,-10,-9,-60.72,0,0,0,0,0,0,0,0
2026-04-03 20:53:15.403,177.862,-2,-10,-12,-49.1,0,0,0,0,0,0,0,0
2026-04-03 20:53:15.515,177.974,-2,-10,-12,-79.63,0,0,0,0,0,0,0,0
2026-04-03 20:53:15.563,178.022,-2,-10,-12,-19.91,0,0,0,0,0,0,0,0
2026-04-03 20:53:15.660,178.118,-2,-10,-12,-10.97,0,0,0,0,0,0,0,0
2026-04-03 20:53:15.755,178.214,-2,-10,-9,-14.41,0,0,0,0,0,0,0,0
2026-04-03 20:53:15.819,178.278,-2,-9,-9,-14.79,0,0,0,0,0,0,0,0
2026-04-03 20:53:15.883,178.342,-2,-10,-9,-113.63,0,0,0,0,0,0,0,0
2026-04-03 20:53:15.964,178.423,-2,-10,-12,-104.47,0,0,0,0,0,0,0,0
2026-04-03 20:53:16.027,178.486,-2,-10,-9,-16.97,0,0,0,0,0,0,0,0
2026-04-03 20:53:16.107,178.566,-2,-10,-9,-75.6,0,0,0,0,0,0,0,0
2026-04-03 20:53:16.235,178.694,-2,-9,-9,-63.47,0,0,0,0,0,0,0,0
2026-04-03 20:53:16.251,178.710,-1,-9,-9,-27.46,0,0,0,0,0,0,0,0
2026-04-03 20:53:16.332,178.790,-2,-9,-8,-63.77,0,0,0,0,0,0,0,0
2026-04-03 20:53:16.395,178.854,-2,-10,-9,-110.66,0,0,0,0,0,0,0,0
2026-04-03 20:53:16.491,178.950,-2,-10,-12,-15.39,0,0,0,0,0,0,0,0
2026-04-03 20:53:16.555,179.014,-2,-9,-12,-16.8,0,0,0,0,0,0,0,0
2026-04-03 20:53:16.603,179.062,-2,-10,-9,-36.1,0,0,0,0,0,0,0,0
2026-04-03 20:53:16.753,179.212,-2,-10,-11,-83.87,0,0,0,0,0,0,0,0
2026-04-03 20:53:16.861,179.320,-2,-10,-12,-47.69,0,0,0,0,0,0,0,0
2026-04-03 20:53:16.877,179.336,-2,-10,-12,-78.64,0,0,0,0,0,0,0,0
2026-04-03 20:53:16.955,179.414,-2,-10,-9,-19.37,0,0,0,0,0,0,0,0
2026-04-03 20:53:17.035,179.494,-2,-10,-12,-44.41,0,0,0,0,0,0,0,0
2026-04-03 20:53:17.084,179.543,-2,-9,-12,-129.1,0,0,0,0,0,0,0,0
2026-04-03 20:53:17.179,179.638,-2,-10,-12,-25.65,0,0,0,0,0,0,0,0
2026-04-03 20:53:17.243,179.702,-2,-10,-12,-56.94,0,0,0,0,0,0,0,0
2026-04-03 20:53:17.355,179.814,-2,-10,-9,-59.8,0,0,0,0,0,0,0,0
2026-04-03 20:53:17.419,179.878,-2,-10,-12,-44.95,0,0,0,0,0,0,0,0
2026-04-03 20:53:17.516,179.974,-2,-10,-12,-17.52,0,0,0,0,0,0,0,0
2026-04-03 20:53:17.627,180.086,-2,-10,-12,-30.34,0,0,0,0,0,0,0,0
2026-04-03 20:53:17.660,180.119,-2,-10,-9,-30.13,0,0,0,0,0,0,0,0
2026-04-03 20:53:17.803,180.262,-2,-10,-11,-86.63,0,0,0,0,0,0,0,0
2026-04-03 20:53:17.867,180.326,-2,-10,-11,-37.71,0,0,0,0,0,0,0,0
2026-04-03 20:53:17.947,180.406,-2,-10,-11,-71.89,0,0,0,0,0,0,0,0
2026-04-03 20:53:18.060,180.518,-2,-10,-12,-10.76,0,0,0,0,0,0,0,0
2026-04-03 20:53:18.171,180.630,-2,-10,-9,-66.77,0,0,0,0,0,0,0,0
2026-04-03 20:53:18.283,180.742,-2,-10,-12,-104.26,0,0,0,0,0,0,0,0
2026-04-03 20:53:18.299,180.758,-2,-10,-12,-127.11,0,0,0,0,0,0,0,0
2026-04-03 20:53:18.395,180.854,-2,-10,-12,-26.12,0,0,0,0,0,0,0,0
2026-04-03 20:53:18.508,180.966,-2,-9,-11,-67.83,0,0,0,0,0,0,0,0
2026-04-03 20:53:18.603,181.062,-2,-10,-12,-55.27,0,0,0,0,0,0,0,0
2026-04-03 20:53:18.619,181.078,-2,-10,-12,-43.54,0,0,0,0,0,0,0,0
2026-04-03 20:53:18.667,181.126,-2,-10,-12,-31.31,0,0,0,0,0,0,0,0
2026-04-03 20:53:18.827,181.286,-2,-9,-9,-64.42,0,0,0,0,0,0,0,0
2026-04-03 20:53:18.891,181.350,-2,-9,-9,-100.06,0,0,0,0,0,0,0,0
2026-04-03 20:53:18.987,181.446,-2,-10,-12,-62.83,0,0,0,0,0,0,0,0
2026-04-03 20:53:19.147,181.606,-2,-10,-12,-133.98,0,0,0,0,0,0,0,0
2026-04-03 20:53:19.227,181.686,-2,-10,-11,-43.59,0,0,0,0,0,0,0,0
2026-04-03 20:53:19.259,181.718,-2,-9,-12,-47.35,0,0,0,0,0,0,0,0
2026-04-03 20:53:19.323,181.782,-2,-9,-9,-50.5,0,0,0,0,0,0,0,0
2026-04-03 20:53:19.403,181.862,-2,-10,-11,-116.44,0,0,0,0,0,0,0,0
2026-04-03 20:53:19.499,181.958,-2,-10,-9,-17.3,0,0,0,0,0,0,0,0
2026-04-03 20:53:19.563,182.022,-2,-10,-9,-15.24,0,0,0,0,0,0,0,0
2026-04-03 20:53:19.675,182.134,-2,-10,-12,-29.73,0,0,0,0,0,0,0,0
2026-04-03 20:53:19.771,182.230,-2,-10,-12,-84.07,0,0,0,0,0,0,0,0
2026-04-03 20:53:19.883,182.342,-2,-10,-12,-43.95,0,0,0,0,0,0,0,0
2026-04-03 20:53:19.947,182.406,-2,-10,-9,-74.76,0,0,0,0,0,0,0,0
2026-04-03 20:53:20.011,182.470,-2,-9,-11,-17.35,0,0,0,0,0,0,0,0
2026-04-03 20:53:20.091,182.550,-2,-10,-9,-114.7,0,0,0,0,0,0,0,0
2026-04-03 20:53:20.203,182.662,-2,-10,-12,-89.36,0,0,0,0,0,0,0,0
2026-04-03 20:53:20.283,182.742,-2,-10,-12,-50.51,0,0,0,0,0,0,0,0
2026-04-03 20:53:20.347,182.806,-2,-9,-12,-76.23,0,0,0,0,0,0,0,0
2026-04-03 20:53:20.443,182.902,-2,-10,-9,-28.41,0,0,0,0,0,0,0,0
2026-04-03 20:53:20.555,183.014,-2,-10,-9,-92.74,0,0,0,0,0,0,0,0
2026-04-03 20:53:20.603,183.062,-2,-9,-9,-10.85,0,0,0,0,0,0,0,0
2026-04-03 20:53:20.667,183.126,-2,-10,-9,-23.64,0,0,0,0,0,0,0,0
2026-04-03 20:53:20.683,183.142,-2,-10,-9,-50.47,0,0,0,0,0,0,0,0
2026-04-03 20:53:20.763,183.222,-2,-10,-12,-90.23,0,0,0,0,0,0,0,0
2026-04-03 20:53:20.892,183.350,-2,-9,-12,-31.08,0,0,0,0,0,0,0,0
2026-04-03 20:53:20.972,183.430,-2,-10,-12,-22.05,0,0,0,0,0,0,0,0
2026-04-03 20:53:21.227,183.686,-2,-10,-11,-28.12,1,1,1,1,1,1,1,1
2026-04-03 20:53:21.387,183.846,-1,-9,-11,-78.56,1,1,1,1,1,1,1,1
2026-04-03 20:53:21.467,183.926,-1,-9,-11,-21.52,1,1,1,1,1,1,1,1
2026-04-03 20:53:21.595,184.054,-1,-9,-11,-11.69,1,1,1,1,1,1,1,1
2026-04-03 20:53:21.659,184.118,-1,-8,-11,-17.74,1,1,1,1,1,1,1,1
2026-04-03 20:53:21.739,184.198,-1,-8,-11,-17.41,1,1,1,1,1,1,1,1
2026-04-03 20:53:21.820,184.278,-1,-8,-11,-121.2,1,1,1,1,1,1,1,1
2026-04-03 20:53:21.899,184.358,-1,-8,-11,-68.64,1,1,1,1,1,1,1,1
2026-04-03 20:53:21.963,184.422,-1,-8,-11,-21.29,1,1,1,1,1,1,1,1
2026-04-03 20:53:22.091,184.550,-1,-9,-11,-48.21,1,1,1,1,1,1,1,1
2026-04-03 20:53:22.172,184.631,-1,-8,-11,-94.32,1,1,1,1,1,1,1,1
2026-04-03 20:53:22.251,184.710,-1,-8,-11,-100.66,1,1,1,1,1,1,1,1
2026-04-03 20:53:22.347,184.806,-1,-9,-11,-23.35,1,1,1,1,1,1,1,1
2026-04-03 20:53:22.395,184.854,-1,-9,-11,-80.37,1,1,1,1,1,1,1,1
2026-04-03 20:53:22.507,184.966,-1,-9,-11,-60.6,1,1,1,1,1,1,1,1
2026-04-03 20:53:22.555,185.014,-1,-8,-11,-112.34,1,1,1,1,1,1,1,1
2026-04-03 20:53:22.619,185.078,-1,-9,-11,-20.57,1,1,1,1,1,1,1,1
2026-04-03 20:53:22.699,185.158,-1,-9,-8,-31.73,1,1,1,1,1,1,1,1
2026-04-03 20:53:22.811,185.270,-1,-9,-8,-45.39,1,1,1,1,1,1,1,1
2026-04-03 20:53:23.099,185.558,-1,-9,-11,-11.48,0,0,0,0,0,0,0,0
2026-04-03 20:53:23.211,185.670,-1,-9,-11,-84.78,0,0,0,0,0,0,0,0
2026-04-03 20:53:23.323,185.782,-1,-9,-8,-71.46,0,0,0,0,0,0,0,0
2026-04-03 20:53:23.339,185.798,-1,-10,-9,-22.43,0,0,0,0,0,0,0,0
2026-04-03 20:53:23.483,185.942,-2,-10,-9,-65.94,0,0,0,0,0,0,0,0
2026-04-03 20:53:23.531,185.990,-2,-9,-9,-32.66,0,0,0,0,0,0,0,0
2026-04-03 20:53:23.643,186.102,-1,-9,-9,-44.08,0,0,0,0,0,0,0,0
2026-04-03 20:53:23.692,186.150,-2,-9,-9,-12.33,0,0,0,0,0,0,0,0
2026-04-03 20:53:23.787,186.246,-2,-9,-9,-28.36,0,0,0,0,0,0,0,0
2026-04-03 20:53:23.851,186.310,-2,-9,-12,-33.71,0,0,0,0,0,0,0,0
2026-04-03 20:53:23.899,186.358,-2,-10,-12,-91.77,0,0,0,0,0,0,0,0
2026-04-03 20:53:24.027,186.486,-2,-10,-12,-39.06,0,0,0,0,0,0,0,0
2026-04-03 20:53:24.107,186.566,-1,-10,-9,-56.91,0,0,0,0,0,0,0,0
2026-04-03 20:53:24.203,186.662,-2,-10,-9,-72.01,0,0,0,0,0,0,0,0
2026-04-03 20:53:24.283,186.742,-2,-10,-11,-53.07,0,0,0,0,0,0,0,0
2026-04-03 20:53:24.379,186.838,-2,-9,-12,-80.97,0,0,0,0,0,0,0,0
2026-04-03 20:53:24.459,186.918,-2,-10,-11,-28.4,0,0,0,0,0,0,0,0
2026-04-03 20:53:24.523,186.982,-2,-10,-9,-26.21,0,0,0,0,0,0,0,0
2026-04-03 20:53:24.587,187.046,-2,-10,-9,-45.51,0,0,0,0,0,0,0,0
2026-04-03 20:53:24.651,187.110,-2,-10,-9,-80.07,0,0,0,0,0,0,0,0
2026-04-03 20:53:24.715,187.174,-2,-9,-9,-23.29,0,0,0,0,0,0,0,0
2026-04-03 20:53:24.843,187.302,-2,-10,-9,-29.85,0,0,0,0,0,0,0,0
2026-04-03 20:53:24.939,187.398,-2,-10,-9,-102.14,0,0,0,0,0,0,0,0
2026-04-03 20:53:25.035,187.494,-2,-10,-9,-96.51,0,0,0,0,0,0,0,0
2026-04-03 20:53:25.115,187.574,-2,-10,-9,-15.39,0,0,0,0,0,0,0,0
2026-04-03 20:53:25.179,187.638,-2,-9,-12,-86.84,0,0,0,0,0,0,0,0
2026-04-03 20:53:25.307,187.766,-2,-10,-11,-94.78,0,0,0,0,0,0,0,0
2026-04-03 20:53:25.355,187.814,-2,-10,-9,-25.65,0,0,0,0,0,0,0,0
2026-04-03 20:53:25.451,187.910,-2,-9,-9,-52.77,0,0,0,0,0,0,0,0
2026-04-03 20:53:25.531,187.990,-2,-10,-9,-26.96,0,0,0,0,0,0,0,0
2026-04-03 20:53:25.627,188.086,-2,-10,-9,-64.07,0,0,0,0,0,0,0,0
2026-04-03 20:53:25.659,188.118,-2,-9,-9,-16.94,0,0,0,0,0,0,0,0
2026-04-03 20:53:25.723,188.182,-2,-9,-9,-39.23,0,0,0,0,0,0,0,0
2026-04-03 20:53:25.835,188.294,-2,-10,-8,-31.79,0,0,0,0,0,0,0,0
2026-04-03 20:53:25.947,188.406,-2,-9,-9,-110.12,0,0,0,0,0,0,0,0
2026-04-03 20:53:26.011,188.469,-2,-10,-9,-68.52,0,0,0,0,0,0,0,0
2026-04-03 20:53:26.075,188.534,-2,-9,-9,-7.93,0,0,0,0,0,0,0,0
2026-04-03 20:53:26.187,188.645,-2,-10,-9,-12.89,0,0,0,0,0,0,0,0
2026-04-03 20:53:26.251,188.710,-2,-10,-12,-70.22,0,0,0,0,0,0,0,0
2026-04-03 20:53:26.347,188.805,-2,-10,-9,-70.67,0,0,0,0,0,0,0,0
2026-04-03 20:53:26.411,188.869,-2,-9,-9,-31.46,0,0,0,0,0,0,0,0
2026-04-03 20:53:26.475,188.934,-2,-10,-9,-80.35,0,0,0,0,0,0,0,0
2026-04-03 20:53:26.523,188.981,-2,-10,-9,-113.06,0,0,0,0,0,0,0,0
2026-04-03 20:53:26.683,189.142,-2,-10,-9,-65.21,0,0,0,0,0,0,0,0
2026-04-03 20:53:26.747,189.205,-2,-10,-9,-23.83,0,0,0,0,0,0,0,0
2026-04-03 20:53:26.795,189.253,-2,-10,-9,-9.26,0,0,0,0,0,0,0,0
2026-04-03 20:53:26.955,189.413,-2,-10,-9,-64.74,0,0,0,0,0,0,0,0
2026-04-03 20:53:27.019,189.477,-2,-10,-9,-47.76,0,0,0,0,0,0,0,0
2026-04-03 20:53:27.115,189.573,-2,-10,-9,-69.31,0,0,0,0,0,0,0,0
2026-04-03 20:53:27.163,189.621,-2,-10,-9,-17.5,0,0,0,0,0,0,0,0
2026-04-03 20:53:27.227,189.685,-2,-10,-9,-9.8,0,0,0,0,0,0,0,0
2026-04-03 20:53:27.371,189.829,-2,-9,-12,-115.27,0,0,0,0,0,0,0,0
2026-04-03 20:53:27.419,189.877,-2,-10,-12,-76.31,0,0,0,0,0,0,0,0
2026-04-03 20:53:27.547,190.005,-2,-10,-9,-30.08,0,0,0,0,0,0,0,0
2026-04-03 20:53:27.579,190.037,-2,-10,-9,-49.53,0,0,0,0,0,0,0,0
2026-04-03 20:53:27.691,190.149,-2,-10,-11,-38.45,0,0,0,0,0,0,0,0
2026-04-03 20:53:27.787,190.245,-2,-9,-12,-39.56,0,0,0,0,0,0,0,0
2026-04-03 20:53:27.867,190.326,-2,-10,-12,-11.71,0,0,0,0,0,0,0,0
2026-04-03 20:53:27.915,190.374,-2,-10,-12,-27.74,0,0,0,0,0,0,0,0
2026-04-03 20:53:28.043,190.501,-2,-10,-12,-18.15,0,0,0,0,0,0,0,0
2026-04-03 20:53:28.107,190.565,-2,-9,-11,-71.5,0,0,0,0,0,0,0,0
2026-04-03 20:53:28.171,190.629,-2,-10,-11,-43.04,0,0,0,0,0,0,0,0
2026-04-03 20:53:28.203,190.662,-2,-10,-9,-57.33,0,0,0,0,0,0,0,0
2026-04-03 20:53:28.347,190.806,-2,-9,-9,-16.44,0,0,0,0,0,0,0,0
2026-04-03 20:53:28.379,190.837,-2,-10,-12,-82.26,0,0,0,0,0,0,0,0
2026-04-03 20:53:28.443,190.901,-2,-9,-12,-117.32,0,0,0,0,0,0,0,0
2026-04-03 20:53:28.539,190.998,-2,-10,-12,-73.86,0,0,0,0,0,0,0,0
2026-04-03 20:53:28.619,191.078,-2,-9,-12,-35.69,0,0,0,0,0,0,0,0
2026-04-03 20:53:28.699,191.158,-2,-10,-12,-88.91,0,0,0,0,0,0,0,0
2026-04-03 20:53:28.747,191.205,-2,-10,-11,-11.31,0,0,0,0,0,0,0,0
2026-04-03 20:53:28.843,191.301,-2,-10,-11,-29.54,0,0,0,0,0,0,0,0
2026-04-03 20:53:28.906,191.365,-2,-10,-12,-15.29,0,0,0,0,0,0,0,0
2026-04-03 20:53:29.067,191.526,-2,-9,-11,-53.55,0,0,0,0,0,0,0,0
2026-04-03 20:53:29.147,191.605,-2,-10,-9,-29.4,0,0,0,0,0,0,0,0
2026-04-03 20:53:29.179,191.637,-2,-10,-12,-70.45,0,0,0,0,0,0,0,0
2026-04-03 20:53:29.259,191.717,-2,-10,-9,-104.16,0,0,0,0,0,0,0,0
2026-04-03 20:53:29.307,191.765,-2,-10,-9,-56.24,0,0,0,0,0,0,0,0
2026-04-03 20:53:29.435,191.894,-2,-10,-9,-50.59,0,0,0,0,0,0,0,0
2026-04-03 20:53:29.467,191.926,-2,-10,-9,-32.51,0,0,0,0,0,0,0,0
2026-04-03 20:53:29.563,192.021,-2,-10,-12,-27.93,0,0,0,0,0,0,0,0
2026-04-03 20:53:29.643,192.102,-2,-10,-12,-30.91,0,0,0,0,0,0,0,0
2026-04-03 20:53:29.738,192.197,-2,-10,-9,-32.31,0,0,0,0,0,0,0,0
2026-04-03 20:53:29.755,192.213,-2,-10,-9,-86.42,0,0,0,0,0,0,0,0
2026-04-03 20:53:29.835,192.293,-1,-9,-11,-72.58,0,0,0,0,0,0,0,0
2026-04-03 20:53:29.962,192.421,-2,-10,-12,-107.56,0,0,0,0,0,0,0,0
2026-04-03 20:53:30.074,192.533,-2,-9,-9,-93.75,0,0,0,0,0,0,0,0
2026-04-03 20:53:30.138,192.597,-2,-10,-9,-84.79,0,0,0,0,0,0,0,0
2026-04-03 20:53:30.250,192.709,-2,-10,-12,-43.11,0,0,0,0,0,0,0,0
2026-04-03 20:53:30.331,192.790,-2,-10,-9,-25.1,0,0,0,0,0,0,0,0
2026-04-03 20:53:30.394,192.853,-2,-9,-9,-53.82,0,0,0,0,0,0,0,0
2026-04-03 20:53:30.475,192.934,-2,-9,-12,-21.28,0,0,0,0,0,0,0,0
2026-04-03 20:53:30.586,193.045,-2,-10,-11,-26.31,0,0,0,0,0,0,0,0
2026-04-03 20:53:30.667,193.125,-2,-10,-12,-19.88,0,0,0,0,0,0,0,0
2026-04-03 20:53:30.778,193.237,-2,-9,-12,-44.57,0,0,0,0,0,0,0,0
2026-04-03 20:53:30.811,193.270,-2,-10,-12,-41.69,0,0,0,0,0,0,0,0
2026-04-03 20:53:30.843,193.301,-2,-10,-11,-91.15,0,0,0,0,0,0,0,0
2026-04-03 20:53:31.258,193.717,-1,-9,-8,-65.33,1,1,1,1,1,1,1,1
2026-04-03 20:53:31.371,193.830,-1,-8,-8,-33.16,1,1,1,1,1,1,1,1
2026-04-03 20:53:31.466,193.925,-1,-8,-8,-24.72,1,1,1,1,1,1,1,1
2026-04-03 20:53:31.515,193.974,-1,-9,-11,-40.83,1,1,1,1,1,1,1,1
2026-04-03 20:53:31.562,194.021,-1,-9,-9,-20.85,1,1,1,1,1,1,1,1
2026-04-03 20:53:31.626,194.085,-1,-9,-8,-27.79,1,1,1,1,1,1,1,1
2026-04-03 20:53:31.723,194.182,-1,-9,-11,-82.81,1,1,1,1,1,1,1,1
2026-04-03 20:53:31.802,194.261,-1,-9,-8,-49.72,1,1,1,1,1,1,1,1
2026-04-03 20:53:31.882,194.341,-1,-9,-8,-109.97,1,1,1,1,1,1,1,1
2026-04-03 20:53:31.963,194.422,-1,-9,-8,-12.26,1,1,1,1,1,1,1,1
2026-04-03 20:53:32.059,194.517,-1,-9,-8,-18.17,1,1,1,1,1,1,1,1
2026-04-03 20:53:32.139,194.597,-1,-9,-8,-114.65,1,1,1,1,1,1,1,1
2026-04-03 20:53:32.203,194.661,-1,-9,-8,-72.2,1,1,1,1,1,1,1,1
2026-04-03 20:53:32.299,194.758,-1,-9,-8,-36.83,1,1,1,1,1,1,1,1
2026-04-03 20:53:32.330,194.789,-1,-8,-8,-21.54,1,1,1,1,1,1,1,1
2026-04-03 20:53:32.491,194.950,-1,-9,-8,-91.01,1,1,1,1,1,1,1,1
2026-04-03 20:53:32.603,195.061,-1,-8,-8,-28.97,1,1,1,1,1,1,1,1
2026-04-03 20:53:32.731,195.190,-1,-9,-11,-18.59,1,1,1,1,1,1,1,1
2026-04-03 20:53:32.811,195.270,-1,-9,-11,-15.75,1,1,1,1,1,1,1,1
2026-04-03 20:53:33.051,195.510,-2,-9,-8,-15.86,0,0,0,0,0,0,0,0
2026-04-03 20:53:33.131,195.590,-1,-8,-11,-74.95,0,0,0,0,0,0,0,0
2026-04-03 20:53:33.259,195.718,-1,-10,-11,-91.75,0,0,0,0,0,0,0,0
2026-04-03 20:53:33.355,195.814,-1,-9,-11,-36.39,0,0,0,0,0,0,0,0
2026-04-03 20:53:33.371,195.829,-2,-9,-9,-64.21,0,0,0,0,0,0,0,0
2026-04-03 20:53:33.499,195.957,-2,-10,-11,-103.51,0,0,0,0,0,0,0,0
2026-04-03 20:53:33.514,195.973,-2,-9,-11,-16.68,0,0,0,0,0,0,0,0
2026-04-03 20:53:33.659,196.118,-2,-9,-9,-34.47,0,0,0,0,0,0,0,0
2026-04-03 20:53:33.675,196.134,-2,-9,-9,-20.8,0,0,0,0,0,0,0,0
2026-04-03 20:53:33.771,196.230,-2,-9,-11,-91.64,0,0,0,0,0,0,0,0
2026-04-03 20:53:33.882,196.341,-2,-10,-12,-72.65,0,0,0,0,0,0,0,0
2026-04-03 20:53:33.914,196.373,-2,-10,-12,-69.05,0,0,0,0,0,0,0,0
2026-04-03 20:53:34.042,196.501,-2,-10,-9,-15.1,0,0,0,0,0,0,0,0
2026-04-03 20:53:34.107,196.565,-2,-9,-9,-98.49,0,0,0,0,0,0,0,0
2026-04-03 20:53:34.154,196.613,-2,-10,-12,-101.66,0,0,0,0,0,0,0,0
2026-04-03 20:53:34.266,196.725,-2,-10,-12,-38.41,0,0,0,0,0,0,0,0
2026-04-03 20:53:34.346,196.805,-2,-9,-12,-84.25,0,0,0,0,0,0,0,0
2026-04-03 20:53:34.443,196.901,-2,-9,-11,-62.19,0,0,0,0,0,0,0,0
2026-04-03 20:53:34.475,196.933,-2,-10,-9,-47.67,0,0,0,0,0,0,0,0
2026-04-03 20:53:34.619,197.078,-2,-9,-9,-21.65,0,0,0,0,0,0,0,0
2026-04-03 20:53:34.731,197.190,-2,-9,-9,-30.14,0,0,0,0,0,0,0,0
2026-04-03 20:53:34.762,197.221,-2,-10,-9,-32.02,0,0,0,0,0,0,0,0
2026-04-03 20:53:34.826,197.285,-2,-10,-12,-63.02,0,0,0,0,0,0,0,0
2026-04-03 20:53:34.954,197.413,-2,-9,-12,-94.0,0,0,0,0,0,0,0,0
2026-04-03 20:53:35.019,197.478,-2,-10,-9,-30.26,0,0,0,0,0,0,0,0
2026-04-03 20:53:35.099,197.557,-2,-10,-9,-84.46,0,0,0,0,0,0,0,0
2026-04-03 20:53:35.178,197.637,-2,-10,-9,-43.4,0,0,0,0,0,0,0,0
2026-04-03 20:53:35.259,197.717,-2,-9,-9,-112.58,0,0,0,0,0,0,0,0
2026-04-03 20:53:35.323,197.781,-2,-10,-12,-46.31,0,0,0,0,0,0,0,0
2026-04-03 20:53:35.403,197.862,-2,-10,-12,-85.54,0,0,0,0,0,0,0,0
2026-04-03 20:53:35.467,197.925,-2,-10,-12,-96.12,0,0,0,0,0,0,0,0
2026-04-03 20:53:35.546,198.005,-2,-10,-12,-18.43,0,0,0,0,0,0,0,0
2026-04-03 20:53:35.611,198.070,-2,-10,-9,-13.48,0,0,0,0,0,0,0,0
2026-04-03 20:53:35.691,198.150,-2,-10,-9,-28.94,0,0,0,0,0,0,0,0
2026-04-03 20:53:35.803,198.261,-2,-10,-9,-113.69,0,0,0,0,0,0,0,0
2026-04-03 20:53:35.899,198.358,-2,-10,-9,-28.77,0,0,0,0,0,0,0,0
2026-04-03 20:53:35.978,198.437,-2,-10,-9,-59.25,0,0,0,0,0,0,0,0
2026-04-03 20:53:36.074,198.533,-2,-10,-9,-19.12,0,0,0,0,0,0,0,0
2026-04-03 20:53:36.138,198.597,-2,-10,-9,-49.09,0,0,0,0,0,0,0,0
2026-04-03 20:53:36.219,198.678,-2,-9,-11,-85.79,0,0,0,0,0,0,0,0
2026-04-03 20:53:36.346,198.805,-2,-10,-9,-66.16,0,0,0,0,0,0,0,0
2026-04-03 20:53:36.362,198.821,-2,-10,-9,-37.83,0,0,0,0,0,0,0,0
2026-04-03 20:53:36.442,198.901,-2,-9,-9,-67.23,0,0,0,0,0,0,0,0
2026-04-03 20:53:36.490,198.949,-2,-9,-9,-59.29,0,0,0,0,0,0,0,0
2026-04-03 20:53:36.586,199.045,-2,-10,-9,-15.62,0,0,0,0,0,0,0,0
2026-04-03 20:53:36.715,199.173,-2,-10,-9,-36.83,0,0,0,0,0,0,0,0
2026-04-03 20:53:36.762,199.221,-2,-10,-12,-17.74,0,0,0,0,0,0,0,0
2026-04-03 20:53:36.890,199.349,-2,-10,-12,-78.38,0,0,0,0,0,0,0,0
2026-04-03 20:53:36.986,199.445,-2,-10,-9,-92.58,0,0,0,0,0,0,0,0
2026-04-03 20:53:37.050,199.509,-2,-10,-9,-26.45,0,0,0,0,0,0,0,0
2026-04-03 20:53:37.146,199.605,-2,-10,-9,-15.86,0,0,0,0,0,0,0,0
2026-04-03 20:53:37.227,199.685,-2,-10,-9,-45.82,0,0,0,0,0,0,0,0
2026-04-03 20:53:37.339,199.797,-2,-10,-9,-75.45,0,0,0,0,0,0,0,0
2026-04-03 20:53:37.418,199.877,-2,-10,-9,-70.56,0,0,0,0,0,0,0,0
2026-04-03 20:53:37.466,199.925,-2,-10,-9,-42.62,0,0,0,0,0,0,0,0
2026-04-03 20:53:37.546,200.005,-2,-10,-12,-29.17,0,0,0,0,0,0,0,0
2026-04-03 20:53:37.642,200.101,-2,-9,-9,-48.81,0,0,0,0,0,0,0,0
2026-04-03 20:53:37.738,200.197,-2,-10,-9,-27.49,0,0,0,0,0,0,0,0
2026-04-03 20:53:37.802,200.261,-2,-10,-9,-32.85,0,0,0,0,0,0,0,0
2026-04-03 20:53:37.882,200.341,-2,-10,-9,-16.75,0,0,0,0,0,0,0,0
2026-04-03 20:53:37.962,200.421,-2,-10,-11,-14.74,0,0,0,0,0,0,0,0
2026-04-03 20:53:37.994,200.453,-2,-9,-11,-55.55,0,0,0,0,0,0,0,0
2026-04-03 20:53:38.075,200.533,-2,-9,-9,-109.55,0,0,0,0,0,0,0,0
2026-04-03 20:53:38.154,200.613,-2,-10,-9,-12.39,0,0,0,0,0,0,0,0
2026-04-03 20:53:38.218,200.677,-2,-10,-8,-114.2,0,0,0,0,0,0,0,0
2026-04-03 20:53:38.266,200.725,-2,-10,-9,-131.72,0,0,0,0,0,0,0,0
2026-04-03 20:53:38.362,200.821,-2,-10,-11,-34.98,0,0,0,0,0,0,0,0
2026-04-03 20:53:38.459,200.917,-2,-10,-12,-94.07,0,0,0,0,0,0,0,0
2026-04-03 20:53:38.522,200.981,-2,-10,-9,-64.29,0,0,0,0,0,0,0,0
2026-04-03 20:53:38.571,201.029,-2,-10,-11,-16.18,0,0,0,0,0,0,0,0
2026-04-03 20:53:38.651,201.109,-2,-10,-12,-26.12,0,0,0,0,0,0,0,0
2026-04-03 20:53:38.746,201.205,-2,-10,-9,-39.14,0,0,0,0,0,0,0,0
2026-04-03 20:53:38.810,201.269,-2,-10,-11,-96.32,0,0,0,0,0,0,0,0
2026-04-03 20:53:38.906,201.365,-2,-10,-9,-129.03,0,0,0,0,0,0,0,0
2026-04-03 20:53:38.986,201.445,-2,-10,-9,-23.17,0,0,0,0,0,0,0,0
2026-04-03 20:53:39.002,201.461,-2,-10,-12,-90.59,0,0,0,0,0,0,0,0
2026-04-03 20:53:39.130,201.589,-2,-9,-9,-82.29,0,0,0,0,0,0,0,0
2026-04-03 20:53:39.195,201.653,-2,-9,-12,-78.71,0,0,0,0,0,0,0,0
2026-04-03 20:53:39.290,201.749,-2,-9,-12,-60.08,0,0,0,0,0,0,0,0
2026-04-03 20:53:39.386,201.845,-2,-10,-9,-26.79,0,0,0,0,0,0,0,0
2026-04-03 20:53:39.451,201.909,-2,-10,-9,-82.73,0,0,0,0,0,0,0,0
2026-04-03 20:53:39.530,201.989,-2,-10,-11,-16.43,0,0,0,0,0,0,0,0
2026-04-03 20:53:39.594,202.053,-2,-10,-9,-27.09,0,0,0,0,0,0,0,0
2026-04-03 20:53:39.690,202.149,-2,-10,-9,-16.97,0,0,0,0,0,0,0,0
2026-04-03 20:53:39.738,202.197,-2,-10,-9,-96.68,0,0,0,0,0,0,0,0
2026-04-03 20:53:39.786,202.245,-2,-10,-9,-96.95,0,0,0,0,0,0,0,0
2026-04-03 20:53:39.963,202.421,0,-10,-12,-67.82,0,0,0,0,0,0,0,0
2026-04-03 20:53:40.058,202.517,0,-10,-9,-83.18,0,0,0,0,0,0,0,0
2026-04-03 20:53:40.090,202.549,-2,-10,-8,-88.39,0,0,0,0,0,0,0,0
2026-04-03 20:53:40.250,202.709,-2,-10,-9,-75.77,0,0,0,0,0,0,0,0
2026-04-03 20:53:40.266,202.725,-2,-10,-12,-54.09,0,0,0,0,0,0,0,0
2026-04-03 20:53:40.362,202.821,-2,-10,-9,-91.3,0,0,0,0,0,0,0,0
2026-04-03 20:53:40.442,202.901,-2,-10,-9,-18.38,0,0,0,0,0,0,0,0
2026-04-03 20:53:40.490,202.949,-2,-10,-9,-34.59,0,0,0,0,0,0,0,0
2026-04-03 20:53:40.571,203.030,-2,-9,-9,-26.53,0,0,0,0,0,0,0,0
2026-04-03 20:53:40.634,203.093,-2,-9,-9,-77.62,0,0,0,0,0,0,0,0
2026-04-03 20:53:40.698,203.157,-2,-9,-12,-103.03,0,0,0,0,0,0,0,0
2026-04-03 20:53:40.763,203.221,-2,-10,-9,-22.94,0,0,0,0,0,0,0,0
2026-04-03 20:53:40.858,203.317,-2,-10,-12,-87.82,0,0,0,0,0,0,0,0
2026-04-03 20:53:40.922,203.381,-2,-10,-9,-117.68,0,0,0,0,0,0,0,0
2026-04-03 20:53:40.986,203.445,-2,-10,-12,-20.37,0,0,0,0,0,0,0,0
2026-04-03 20:53:41.050,203.509,-2,-10,-12,-86.39,0,0,0,0,0,0,0,0
2026-04-03 20:53:41.146,203.605,-2,-10,-9,-125.19,0,0,0,0,0,0,0,0
2026-04-03 20:53:41.306,203.765,-2,-10,-12,-46.97,0,0,0,0,0,0,0,0
2026-04-03 20:53:41.354,203.813,-2,-10,-12,-13.68,0,0,0,0,0,0,0,0
2026-04-03 20:53:41.418,203.877,-2,-9,-9,-17.44,0,0,0,0,0,0,0,0
2026-04-03 20:53:41.482,203.941,-2,-10,-12,-26.65,0,0,0,0,0,0,0,0
2026-04-03 20:53:41.594,204.053,-2,-10,-9,-74.11,0,0,0,0,0,0,0,0
2026-04-03 20:53:41.610,204.069,-2,-10,-12,-101.79,0,0,0,0,0,0,0,0
2026-04-03 20:53:41.738,204.197,-2,-9,-12,-36.64,0,0,0,0,0,0,0,0
2026-04-03 20:53:41.802,204.261,-2,-10,-12,-76.29,0,0,0,0,0,0,0,0
2026-04-03 20:53:41.898,204.357,-2,-10,-9,-105.35,0,0,0,0,0,0,0,0
2026-04-03 20:53:41.962,204.421,-2,-10,-9,-106.86,0,0,0,0,0,0,0,0
2026-04-03 20:53:42.074,204.533,-2,-10,-11,-45.51,0,0,0,0,0,0,0,0
2026-04-03 20:53:42.186,204.645,-2,-10,-9,-16.47,0,0,0,0,0,0,0,0
2026-04-03 20:53:42.218,204.677,-2,-10,-9,-65.01,0,0,0,0,0,0,0,0
2026-04-03 20:53:42.282,204.741,-2,-9,-9,-25.7,0,0,0,0,0,0,0,0
2026-04-03 20:53:42.362,204.820,-2,-10,-9,-27.23,0,0,0,0,0,0,0,0
2026-04-03 20:53:42.426,204.885,-2,-10,-12,-38.98,0,0,0,0,0,0,0,0
2026-04-03 20:53:42.523,204.981,-2,-10,-9,-74.01,0,0,0,0,0,0,0,0
2026-04-03 20:53:42.586,205.045,-2,-10,-12,-45.72,0,0,0,0,0,0,0,0
2026-04-03 20:53:42.682,205.141,-2,-10,-9,-118.16,0,0,0,0,0,0,0,0
2026-04-03 20:53:42.698,205.157,-2,-10,-12,-44.23,0,0,0,0,0,0,0,0
2026-04-03 20:53:42.794,205.253,-2,-10,-12,-126.29,0,0,0,0,0,0,0,0
2026-04-03 20:53:42.890,205.349,-2,-10,-12,-68.11,0,0,0,0,0,0,0,0
2026-04-03 20:53:43.002,205.461,-2,-10,-9,-24.98,0,0,0,0,0,0,0,0
2026-04-03 20:53:43.018,205.477,-2,-9,-9,-48.06,0,0,0,0,0,0,0,0
2026-04-03 20:53:43.114,205.573,-2,-10,-12,-109.57,0,0,0,0,0,0,0,0
2026-04-03 20:53:43.178,205.637,-2,-10,-9,-17.97,0,0,0,0,0,0,0,0
2026-04-03 20:53:43.258,205.717,-2,-10,-9,-38.84,0,0,0,0,0,0,0,0
2026-04-03 20:53:43.371,205.829,-2,-10,-9,-23.68,0,0,0,0,0,0,0,0
2026-04-03 20:53:43.402,205.861,-2,-10,-9,-78.26,0,0,0,0,0,0,0,0
2026-04-03 20:53:43.498,205.957,-2,-10,-12,-86.13,0,0,0,0,0,0,0,0
2026-04-03 20:53:43.594,206.053,-2,-10,-10,-61.41,0,0,0,0,0,0,0,0
2026-04-03 20:53:43.626,206.085,-2,-10,-9,-17.28,0,0,0,0,0,0,0,0
2026-04-03 20:53:43.722,206.181,-2,-10,-9,-162.22,0,0,0,0,0,0,0,0
2026-04-03 20:53:43.802,206.261,-2,-10,-9,-13.48,0,0,0,0,0,0,0,0
2026-04-03 20:53:43.930,206.389,-2,-10,-9,-27.75,0,0,0,0,0,0,0,0
2026-04-03 20:53:43.994,206.453,-2,-10,-9,-83.22,0,0,0,0,0,0,0,0
2026-04-03 20:53:44.122,206.581,-2,-10,-9,-59.85,0,0,0,0,0,0,0,0
2026-04-03 20:53:44.154,206.613,-2,-10,-9,-86.19,0,0,0,0,0,0,0,0
2026-04-03 20:53:44.218,206.677,-2,-10,-9,-21.27,0,0,0,0,0,0,0,0
2026-04-03 20:53:44.506,206.965,-1,-9,-8,-30.71,1,1,1,1,1,1,1,1
2026-04-03 20:53:44.602,207.061,-1,-9,-8,-15.01,1,1,1,1,1,1,1,1
2026-04-03 20:53:44.666,207.124,-1,-9,-8,-11.7,1,1,1,1,1,1,1,1
2026-04-03 20:53:44.762,207.221,-1,-9,-8,-36.0,1,1,1,1,1,1,1,1
2026-04-03 20:53:44.794,207.253,-1,-9,-8,-103.55,1,1,1,1,1,1,1,1
2026-04-03 20:53:44.938,207.396,-1,-8,-8,-41.23,1,1,1,1,1,1,1,1
2026-04-03 20:53:44.970,207.429,-1,-8,-8,-45.44,1,1,1,1,1,1,1,1
2026-04-03 20:53:45.050,207.508,-1,-8,-8,-97.78,1,1,1,1,1,1,1,1
2026-04-03 20:53:45.146,207.604,-1,-9,-8,-54.84,1,1,1,1,1,1,1,1
2026-04-03 20:53:45.194,207.653,-1,-8,-8,-28.8,1,1,1,1,1,1,1,1
2026-04-03 20:53:45.306,207.764,-1,-9,-8,-31.76,1,1,1,1,1,1,1,1
2026-04-03 20:53:45.354,207.812,-1,-9,-8,-67.27,1,1,1,1,1,1,1,1
2026-04-03 20:53:45.418,207.877,-1,-9,-8,-101.3,1,1,1,1,1,1,1,1
2026-04-03 20:53:45.498,207.956,-1,-9,-11,-15.98,1,1,1,1,1,1,1,1
2026-04-03 20:53:45.578,208.037,-1,-9,-11,-13.42,1,1,1,1,1,1,1,1
2026-04-03 20:53:45.658,208.116,-1,-9,-11,-127.55,1,1,1,1,1,1,1,1
2026-04-03 20:53:45.770,208.229,-1,-9,-8,-72.21,1,1,1,1,1,1,1,1
2026-04-03 20:53:45.818,208.277,-1,-9,-8,-26.21,1,1,1,1,1,1,1,1
2026-04-03 20:53:45.913,208.372,-1,-9,-11,-75.51,1,1,1,1,1,1,1,1
2026-04-03 20:53:45.994,208.453,-1,-9,-11,-56.84,1,1,1,1,1,1,1,1
2026-04-03 20:53:46.106,208.564,-1,-8,-11,-118.39,1,1,1,1,1,1,1,1
2026-04-03 20:53:46.170,208.629,-1,-9,-11,-19.82,1,1,1,1,1,1,1,1
2026-04-03 20:53:46.218,208.677,-1,-9,-11,-37.53,1,1,1,1,1,1,1,1
2026-04-03 20:53:46.330,208.788,-1,-9,-11,-22.99,1,1,1,1,1,1,1,1
2026-04-03 20:53:46.394,208.852,-1,-8,-11,-61.02,1,1,1,1,1,1,1,1
2026-04-03 20:53:46.506,208.964,-1,-9,-11,-59.46,1,1,1,1,1,1,1,1
2026-04-03 20:53:46.602,209.060,-1,-9,-8,-15.5,1,1,1,1,1,1,1,1
2026-04-03 20:53:46.698,209.156,-1,-9,-8,-85.46,1,1,1,1,1,1,1,1
2026-04-03 20:53:46.714,209.172,0,-8,-11,-160.09,1,1,1,1,1,1,1,1
2026-04-03 20:53:46.794,209.252,-1,-8,-8,-80.78,1,1,1,1,1,1,1,1
2026-04-03 20:53:46.858,209.316,-1,-9,-8,-67.99,1,1,1,1,1,1,1,1
2026-04-03 20:53:46.970,209.428,-1,-9,-11,-26.43,1,1,1,1,1,1,1,1
2026-04-03 20:53:47.290,209.748,-1,-9,-8,-22.45,0,0,0,0,0,0,0,0
2026-04-03 20:53:47.353,209.812,-1,-8,-11,-26.36,0,0,0,0,0,0,0,0
2026-04-03 20:53:47.450,209.909,-1,-9,-8,-86.2,0,0,0,0,0,0,0,0
2026-04-03 20:53:47.530,209.988,-1,-9,-9,-96.69,0,0,0,0,0,0,0,0
2026-04-03 20:53:47.578,210.037,-1,-9,-9,-24.33,0,0,0,0,0,0,0,0
2026-04-03 20:53:47.658,210.116,-2,-9,-9,-92.09,0,0,0,0,0,0,0,0
2026-04-03 20:53:47.834,210.292,-1,-9,-9,-18.19,0,0,0,0,0,0,0,0
2026-04-03 20:53:47.849,210.308,-2,-9,-9,-90.63,0,0,0,0,0,0,0,0
2026-04-03 20:53:47.978,210.436,-2,-10,-12,-36.06,0,0,0,0,0,0,0,0
2026-04-03 20:53:48.025,210.484,-2,-10,-11,-96.89,0,0,0,0,0,0,0,0
2026-04-03 20:53:48.170,210.629,-2,-9,-11,-16.97,0,0,0,0,0,0,0,0
2026-04-03 20:53:48.234,210.692,-2,-10,-12,-14.1,0,0,0,0,0,0,0,0
2026-04-03 20:53:48.425,210.884,-2,-9,-9,-79.98,0,0,0,0,0,0,0,0
2026-04-03 20:53:48.490,210.949,-2,-9,-12,-44.78,0,0,0,0,0,0,0,0
2026-04-03 20:53:48.554,211.013,-2,-9,-12,-83.75,0,0,0,0,0,0,0,0
2026-04-03 20:53:48.858,211.317,-2,-10,-11,-58.61,1,1,1,1,1,1,1,1
2026-04-03 20:53:48.985,211.444,-1,-9,-8,-33.63,1,1,1,1,1,1,1,1
2026-04-03 20:53:49.066,211.525,0,-9,-8,-51.56,1,1,1,1,1,1,1,1
2026-04-03 20:53:49.113,211.572,-1,-9,-8,-49.49,1,1,1,1,1,1,1,1
2026-04-03 20:53:49.194,211.652,-1,-9,-8,-109.89,1,1,1,1,1,1,1,1
2026-04-03 20:53:49.321,211.780,-1,-9,-8,-13.55,1,1,1,1,1,1,1,1
2026-04-03 20:53:49.402,211.861,-1,-9,-11,-30.81,1,1,1,1,1,1,1,1
2026-04-03 20:53:49.433,211.892,-1,-9,-11,-14.42,1,1,1,1,1,1,1,1
2026-04-03 20:53:49.497,211.956,0,-9,-8,-68.66,1,1,1,1,1,1,1,1
2026-04-03 20:53:49.625,212.084,-1,-9,-11,-61.82,1,1,1,1,1,1,1,1
2026-04-03 20:53:49.674,212.132,-1,-9,-8,-14.69,1,1,1,1,1,1,1,1
2026-04-03 20:53:49.769,212.228,-1,-8,-11,-78.95,1,1,1,1,1,1,1,1
2026-04-03 20:53:49.818,212.277,-1,-9,-8,-66.24,1,1,1,1,1,1,1,1
2026-04-03 20:53:49.913,212.372,-1,-9,-8,-81.84,1,1,1,1,1,1,1,1
2026-04-03 20:53:49.961,212.420,-1,-8,-8,-37.22,1,1,1,1,1,1,1,1
2026-04-03 20:53:50.058,212.517,-1,-9,-8,-34.36,1,1,1,1,1,1,1,1
2026-04-03 20:53:50.121,212.580,-1,-9,-8,-104.39,1,1,1,1,1,1,1,1
2026-04-03 20:53:50.458,212.917,-1,-9,-11,-56.23,0,0,0,0,0,0,0,0
2026-04-03 20:53:50.490,212.949,-1,-9,-8,-23.38,0,0,0,0,0,0,0,0
2026-04-03 20:53:50.586,213.045,-1,-9,-12,-73.7,0,0,0,0,0,0,0,0
2026-04-03 20:53:50.666,213.124,-1,-9,-11,-15.67,0,0,0,0,0,0,0,0
2026-04-03 20:53:50.762,213.220,-2,-9,-9,-110.88,0,0,0,0,0,0,0,0
2026-04-03 20:53:50.809,213.268,-2,-9,-11,-87.0,0,0,0,0,0,0,0,0
2026-04-03 20:53:50.873,213.332,-2,-9,-9,-25.84,0,0,0,0,0,0,0,0
2026-04-03 20:53:50.985,213.444,-2,-9,-11,-67.91,0,0,0,0,0,0,0,0
2026-04-03 20:53:51.097,213.556,-2,-9,-12,-56.13,0,0,0,0,0,0,0,0
2026-04-03 20:53:51.161,213.620,-2,-10,-12,-38.89,0,0,0,0,0,0,0,0
2026-04-03 20:53:51.257,213.716,0,-10,-9,-11.65,0,0,0,0,0,0,0,0
2026-04-03 20:53:51.321,213.780,-2,-10,-9,-28.73,0,0,0,0,0,0,0,0
2026-04-03 20:53:51.433,213.892,-2,-9,-9,-23.03,0,0,0,0,0,0,0,0
2026-04-03 20:53:51.449,213.908,-2,-10,-12,-74.84,0,0,0,0,0,0,0,0
2026-04-03 20:53:51.545,214.004,-2,-9,-12,-72.07,0,0,0,0,0,0,0,0
2026-04-03 20:53:51.657,214.116,-2,-9,-12,-41.16,0,0,0,0,0,0,0,0
2026-04-03 20:53:51.689,214.148,-2,-10,-9,-81.85,0,0,0,0,0,0,0,0
2026-04-03 20:53:51.785,214.244,-2,-10,-12,-48.94,0,0,0,0,0,0,0,0
2026-04-03 20:53:51.881,214.340,-2,-9,-12,-103.15,0,0,0,0,0,0,0,0
2026-04-03 20:53:52.009,214.468,-2,-10,-12,-29.65,0,0,0,0,0,0,0,0
2026-04-03 20:53:52.041,214.500,-2,-10,-9,-79.34,0,0,0,0,0,0,0,0
2026-04-03 20:53:52.154,214.613,-2,-9,-9,-55.63,0,0,0,0,0,0,0,0
2026-04-03 20:53:52.265,214.724,-1,-10,-9,-39.45,0,0,0,0,0,0,0,0
2026-04-03 20:53:52.297,214.756,-2,-10,-9,-14.31,0,0,0,0,0,0,0,0
2026-04-03 20:53:52.425,214.884,-2,-9,-9,-27.92,0,0,0,0,0,0,0,0
2026-04-03 20:53:52.521,214.980,-2,-10,-11,-12.19,0,0,0,0,0,0,0,0
2026-04-03 20:53:52.585,215.044,-2,-9,-9,-78.18,0,0,0,0,0,0,0,0
2026-04-03 20:53:52.665,215.124,-2,-10,-12,-46.92,0,0,0,0,0,0,0,0
2026-04-03 20:53:52.697,215.156,-1,-9,-12,-45.28,0,0,0,0,0,0,0,0
2026-04-03 20:53:52.794,215.252,-2,-9,-9,-21.3,0,0,0,0,0,0,0,0
2026-04-03 20:53:52.890,215.348,-2,-10,-9,-107.57,0,0,0,0,0,0,0,0
2026-04-03 20:53:52.970,215.428,-2,-10,-8,-76.95,0,0,0,0,0,0,0,0
2026-04-03 20:53:53.001,215.460,-2,-9,-9,-34.57,0,0,0,0,0,0,0,0
2026-04-03 20:53:53.081,215.540,-2,-10,-12,-50.73,0,0,0,0,0,0,0,0
2026-04-03 20:53:53.145,215.604,-2,-10,-9,-105.49,0,0,0,0,0,0,0,0
2026-04-03 20:53:53.322,215.781,-2,-10,-9,-48.89,0,0,0,0,0,0,0,0
2026-04-03 20:53:53.353,215.812,-2,-9,-9,-32.87,0,0,0,0,0,0,0,0
2026-04-03 20:53:53.418,215.876,-2,-9,-12,-14.56,0,0,0,0,0,0,0,0
2026-04-03 20:53:53.578,216.036,-2,-10,-9,-87.49,0,0,0,0,0,0,0,0
2026-04-03 20:53:53.818,216.276,-1,-9,-11,-14.52,1,1,1,1,1,1,1,1
2026-04-03 20:53:53.897,216.356,-1,-9,-8,-45.72,1,1,1,1,1,1,1,1
2026-04-03 20:53:53.993,216.452,-1,-9,-11,-96.82,1,1,1,1,1,1,1,1
2026-04-03 20:53:54.089,216.548,-1,-9,-9,-31.97,1,1,1,1,1,1,1,1
2026-04-03 20:53:54.185,216.644,-1,-9,-8,-20.23,1,1,1,1,1,1,1,1
2026-04-03 20:53:54.234,216.693,-1,-8,-8,-54.59,1,1,1,1,1,1,1,1
2026-04-03 20:53:54.313,216.772,-1,-9,-8,-58.97,1,1,1,1,1,1,1,1
2026-04-03 20:53:54.425,216.884,-1,-8,-8,-12.06,1,1,1,1,1,1,1,1
2026-04-03 20:53:54.505,216.964,-1,-9,-11,-26.28,1,1,1,1,1,1,1,1
2026-04-03 20:53:54.586,217.044,-1,-9,-8,-14.66,1,1,1,1,1,1,1,1
2026-04-03 20:53:54.666,217.124,-1,-9,-11,-57.61,1,1,1,1,1,1,1,1
2026-04-03 20:53:54.713,217.172,-1,-9,-8,-22.25,1,1,1,1,1,1,1,1
2026-04-03 20:53:54.793,217.252,-1,-9,-10,-67.34,1,1,1,1,1,1,1,1
2026-04-03 20:53:54.890,217.348,-1,-9,-8,-78.22,1,1,1,1,1,1,1,1
2026-04-03 20:53:54.954,217.412,-1,-9,-11,-57.41,1,1,1,1,1,1,1,1
2026-04-03 20:53:55.049,217.508,-1,-9,-9,-55.14,1,1,1,1,1,1,1,1
2026-04-03 20:53:55.130,217.589,-1,-9,-8,-55.54,1,1,1,1,1,1,1,1
2026-04-03 20:53:55.241,217.700,-1,-9,-8,-120.93,1,1,1,1,1,1,1,1
2026-04-03 20:53:55.273,217.732,-1,-9,-8,-16.68,1,1,1,1,1,1,1,1
2026-04-03 20:53:55.338,217.796,-1,-9,-8,-42.23,1,1,1,1,1,1,1,1
2026-04-03 20:53:55.433,217.892,-1,-9,-8,-111.55,1,1,1,1,1,1,1,1
2026-04-03 20:53:55.481,217.940,-1,-8,-8,-94.86,1,1,1,1,1,1,1,1
2026-04-03 20:53:55.561,218.020,-1,-9,-8,-51.67,1,1,1,1,1,1,1,1
2026-04-03 20:53:55.625,218.084,-1,-9,-8,-15.01,1,1,1,1,1,1,1,1
2026-04-03 20:53:55.737,218.196,-1,-9,-8,-111.79,1,1,1,1,1,1,1,1
2026-04-03 20:53:55.769,218.228,-1,-9,-8,-104.13,1,1,1,1,1,1,1,1
2026-04-03 20:53:55.881,218.340,-1,-8,-10,-31.2,1,1,1,1,1,1,1,1
2026-04-03 20:53:55.945,218.404,-1,-9,-8,-63.84,1,1,1,1,1,1,1,1
2026-04-03 20:53:56.057,218.516,-2,-9,-8,-14.51,1,1,1,1,1,1,1,1
2026-04-03 20:53:56.121,218.580,-1,-9,-8,-34.36,1,1,1,1,1,1,1,1
2026-04-03 20:53:56.169,218.628,-1,-9,-8,-16.72,1,1,1,1,1,1,1,1
2026-04-03 20:53:56.265,218.724,-1,-9,-8,-73.76,1,1,1,1,1,1,1,1
2026-04-03 20:53:56.377,218.836,-1,-9,-8,-63.38,1,1,1,1,1,1,1,1
2026-04-03 20:53:56.409,218.868,-1,-9,-11,-16.64,1,1,1,1,1,1,1,1
2026-04-03 20:53:56.505,218.964,-1,-9,-8,-50.53,1,1,1,1,1,1,1,1
2026-04-03 20:53:56.569,219.028,-1,-9,-11,-86.7,1,1,1,1,1,1,1,1
2026-04-03 20:53:56.729,219.188,-1,-9,-8,-24.49,1,1,1,1,1,1,1,1
2026-04-03 20:53:56.825,219.284,-1,-8,-8,-66.29,1,1,1,1,1,1,1,1
2026-04-03 20:53:56.857,219.316,-1,-9,-8,-37.18,1,1,1,1,1,1,1,1
2026-04-03 20:53:56.953,219.412,-1,-9,-8,-101.58,1,1,1,1,1,1,1,1
2026-04-03 20:53:57.033,219.492,-1,-9,-8,-21.07,1,1,1,1,1,1,1,1
2026-04-03 20:53:57.113,219.572,-1,-9,-8,-33.02,1,1,1,1,1,1,1,1
2026-04-03 20:53:57.145,219.604,-1,-9,-8,-29.41,1,1,1,1,1,1,1,1
2026-04-03 20:53:57.225,219.684,-1,-9,-8,-85.09,1,1,1,1,1,1,1,1
2026-04-03 20:53:57.353,219.812,-1,-9,-11,-87.14,1,1,1,1,1,1,1,1
2026-04-03 20:53:57.385,219.844,-1,-8,-8,-55.33,1,1,1,1,1,1,1,1
2026-04-03 20:53:57.449,219.908,-1,-9,-8,-18.24,1,1,1,1,1,1,1,1
2026-04-03 20:53:57.545,220.004,-1,-9,-8,-132.71,1,1,1,1,1,1,1,1
2026-04-03 20:53:57.594,220.052,-1,-9,-11,-91.64,1,1,1,1,1,1,1,1
2026-04-03 20:53:57.673,220.132,-1,-8,-11,-79.32,1,1,1,1,1,1,1,1
2026-04-03 20:53:57.737,220.196,-1,-9,-8,-60.46,1,1,1,1,1,1,1,1
2026-04-03 20:53:57.833,220.292,-1,-9,-11,-92.51,1,1,1,1,1,1,1,1
2026-04-03 20:53:57.945,220.404,0,-9,-11,-14.73,1,1,1,1,1,1,1,1
2026-04-03 20:53:58.025,220.484,-1,-9,-8,-23.39,1,1,1,1,1,1,1,1
2026-04-03 20:53:58.089,220.548,-1,-9,-11,-23.99,1,1,1,1,1,1,1,1
2026-04-03 20:53:58.218,220.676,-1,-9,-8,-72.06,1,1,1,1,1,1,1,1
2026-04-03 20:53:58.249,220.708,-1,-9,-11,-41.58,1,1,1,1,1,1,1,1
2026-04-03 20:53:58.409,220.868,-1,-8,-8,-11.63,1,1,1,1,1,1,1,1
2026-04-03 20:53:58.521,220.980,-1,-9,-11,-58.2,1,1,1,1,1,1,1,1
2026-04-03 20:53:58.585,221.044,-1,-9,-11,-127.53,1,1,1,1,1,1,1,1
2026-04-03 20:53:58.697,221.156,-1,-9,-8,-23.27,1,1,1,1,1,1,1,1
2026-04-03 20:53:58.745,221.204,-1,-9,-11,-65.95,1,1,1,1,1,1,1,1
2026-04-03 20:53:58.825,221.284,-1,-9,-8,-19.88,1,1,1,1,1,1,1,1
2026-04-03 20:53:58.905,221.364,-1,-9,-8,-111.36,1,1,1,1,1,1,1,1
2026-04-03 20:53:59.049,221.508,-1,-9,-11,-17.74,1,1,1,1,1,1,1,1
2026-04-03 20:53:59.081,221.540,-1,-9,-8,-28.81,1,1,1,1,1,1,1,1
2026-04-03 20:53:59.145,221.604,-1,-9,-8,-23.01,1,1,1,1,1,1,1,1
2026-04-03 20:53:59.257,221.716,-1,-9,-8,-76.58,1,1,1,1,1,1,1,1
2026-04-03 20:53:59.321,221.780,-1,-9,-8,-46.57,1,1,1,1,1,1,1,1
2026-04-03 20:53:59.465,221.924,-1,-9,-8,-64.07,1,1,1,1,1,1,1,1
2026-04-03 20:53:59.497,221.956,-1,-9,-8,-11.1,1,1,1,1,1,1,1,1
2026-04-03 20:53:59.625,222.084,-1,-9,-8,-74.41,1,1,1,1,1,1,1,1
2026-04-03 20:53:59.705,222.164,-1,-9,-8,-57.84,1,1,1,1,1,1,1,1
2026-04-03 20:53:59.770,222.228,-1,-8,-11,-39.35,1,1,1,1,1,1,1,1
2026-04-03 20:53:59.817,222.276,-1,-9,-8,-31.82,1,1,1,1,1,1,1,1
2026-04-03 20:53:59.913,222.372,-1,-9,-10,-19.23,1,1,1,1,1,1,1,1
2026-04-03 20:54:00.009,222.468,-1,-9,-11,-55.28,1,1,1,1,1,1,1,1
2026-04-03 20:54:00.073,222.532,-1,-9,-11,-15.03,1,1,1,1,1,1,1,1
2026-04-03 20:54:00.153,222.612,-1,-9,-11,-28.05,1,1,1,1,1,1,1,1
2026-04-03 20:54:00.201,222.659,-1,-9,-9,-15.52,1,1,1,1,1,1,1,1
2026-04-03 20:54:00.313,222.772,-1,-9,-11,-88.22,1,1,1,1,1,1,1,1
2026-04-03 20:54:00.377,222.836,-1,-8,-8,-131.5,1,1,1,1,1,1,1,1
2026-04-03 20:54:00.473,222.932,-1,-9,-11,-13.39,1,1,1,1,1,1,1,1
2026-04-03 20:54:00.585,223.044,-1,-8,-11,-54.17,1,1,1,1,1,1,1,1
2026-04-03 20:54:00.601,223.060,-1,-9,-11,-144.44,1,1,1,1,1,1,1,1
2026-04-03 20:54:00.697,223.156,-2,-9,-8,-19.3,1,1,1,1,1,1,1,1
2026-04-03 20:54:00.745,223.204,-1,-8,-8,-43.71,1,1,1,1,1,1,1,1
2026-04-03 20:54:00.809,223.268,-1,-9,-8,-39.79,1,1,1,1,1,1,1,1
2026-04-03 20:54:00.921,223.380,-1,-8,-8,-49.5,1,1,1,1,1,1,1,1
2026-04-03 20:54:00.969,223.428,-2,-9,-8,-17.67,1,1,1,1,1,1,1,1
2026-04-03 20:54:01.081,223.539,-1,-9,-11,-29.75,1,1,1,1,1,1,1,1
2026-04-03 20:54:01.161,223.620,-1,-9,-8,-12.65,1,1,1,1,1,1,1,1
2026-04-03 20:54:01.241,223.700,-1,-9,-8,-84.99,1,1,1,1,1,1,1,1
2026-04-03 20:54:01.305,223.764,-1,-9,-8,-101.21,1,1,1,1,1,1,1,1
2026-04-03 20:54:01.433,223.892,-1,-9,-8,-18.73,1,1,1,1,1,1,1,1
2026-04-03 20:54:01.529,223.987,-1,-9,-8,-15.54,1,1,1,1,1,1,1,1
2026-04-03 20:54:01.673,224.131,-1,-8,-8,-67.36,1,1,1,1,1,1,1,1
2026-04-03 20:54:01.673,224.132,-1,-9,-8,-78.85,1,1,1,1,1,1,1,1
2026-04-03 20:54:01.769,224.228,-1,-9,-8,-67.4,1,1,1,1,1,1,1,1
2026-04-03 20:54:01.817,224.275,-1,-9,-8,-28.88,1,1,1,1,1,1,1,1
2026-04-03 20:54:01.881,224.339,-1,-8,-8,-34.66,1,1,1,1,1,1,1,1
2026-04-03 20:54:02.009,224.468,-1,-9,-8,-118.84,1,1,1,1,1,1,1,1
2026-04-03 20:54:02.073,224.531,-1,-9,-8,-14.97,1,1,1,1,1,1,1,1
2026-04-03 20:54:02.153,224.612,-1,-8,-8,-36.77,1,1,1,1,1,1,1,1
2026-04-03 20:54:02.217,224.675,-1,-9,-8,-26.87,1,1,1,1,1,1,1,1
2026-04-03 20:54:02.265,224.723,-1,-8,-11,-80.51,1,1,1,1,1,1,1,1
2026-04-03 20:54:02.393,224.852,-1,-9,-11,-98.77,1,1,1,1,1,1,1,1
2026-04-03 20:54:02.441,224.900,-1,-9,-8,-31.48,1,1,1,1,1,1,1,1
2026-04-03 20:54:02.537,224.996,-1,-9,-8,-80.33,1,1,1,1,1,1,1,1
2026-04-03 20:54:02.649,225.108,-1,-9,-11,-129.55,1,1,1,1,1,1,1,1
2026-04-03 20:54:02.777,225.235,-1,-9,-11,-26.52,1,1,1,1,1,1,1,1
2026-04-03 20:54:02.841,225.299,-1,-9,-8,-22.72,1,1,1,1,1,1,1,1
2026-04-03 20:54:02.921,225.380,-1,-9,-8,-46.14,1,1,1,1,1,1,1,1
2026-04-03 20:54:03.033,225.491,-1,-9,-8,-21.33,1,1,1,1,1,1,1,1
2026-04-03 20:54:03.130,225.588,-1,-9,-8,-114.61,1,1,1,1,1,1,1,1
2026-04-03 20:54:03.145,225.604,-1,-9,-8,-11.2,1,1,1,1,1,1,1,1
2026-04-03 20:54:03.192,225.651,-1,-8,-8,-28.0,1,1,1,1,1,1,1,1
2026-04-03 20:54:03.305,225.763,-2,-9,-11,-22.25,1,1,1,1,1,1,1,1
2026-04-03 20:54:03.385,225.844,-1,-8,-11,-70.69,1,1,1,1,1,1,1,1
2026-04-03 20:54:03.448,225.907,-1,-9,-8,-70.0,1,1,1,1,1,1,1,1
2026-04-03 20:54:03.481,225.939,-1,-9,-11,-41.52,1,1,1,1,1,1,1,1
2026-04-03 20:54:03.608,226.067,-1,-9,-8,-76.43,1,1,1,1,1,1,1,1
2026-04-03 20:54:03.624,226.083,-1,-9,-8,-143.55,1,1,1,1,1,1,1,1
2026-04-03 20:54:03.721,226.179,-1,-9,-8,-28.06,1,1,1,1,1,1,1,1
2026-04-03 20:54:03.832,226.291,-1,-9,-11,-66.85,1,1,1,1,1,1,1,1
2026-04-03 20:54:03.928,226.387,-1,-9,-8,-43.91,1,1,1,1,1,1,1,1
